10:32:53,CPU,%usr,%nice,%sys,%iowait,%irq,%soft,%steal,%guest,%gnice,%idle
10:32:54,4,12.63,0.00,8.42,0.00,0.00,3.16,0.00,0.00,0.00,75.79
10:32:54,5,11.46,0.00,7.29,0.00,0.00,2.08,0.00,0.00,0.00,79.17
10:32:54,6,10.31,0.00,7.22,0.00,0.00,2.06,0.00,0.00,0.00,80.41
10:32:54,7,8.25,0.00,7.22,0.00,0.00,3.09,0.00,0.00,0.00,81.44
10:32:54,12,9.47,0.00,8.42,0.00,0.00,2.11,0.00,0.00,0.00,80.00
10:32:54,13,8.42,0.00,8.42,0.00,0.00,2.11,0.00,0.00,0.00,81.05
10:32:54,14,9.09,0.00,9.09,0.00,0.00,3.03,0.00,0.00,0.00,78.79
10:32:54,15,10.31,0.00,8.25,0.00,0.00,2.06,0.00,0.00,0.00,79.38
10:32:55,4,15.22,0.00,11.96,0.00,0.00,5.43,0.00,0.00,0.00,67.39
10:32:55,5,18.09,0.00,13.83,0.00,0.00,3.19,0.00,0.00,0.00,64.89
10:32:55,6,17.58,0.00,12.09,0.00,0.00,3.30,0.00,0.00,0.00,67.03
10:32:55,7,14.13,0.00,10.87,0.00,0.00,5.43,0.00,0.00,0.00,69.57
10:32:55,12,14.89,0.00,14.89,0.00,0.00,4.26,0.00,0.00,0.00,65.96
10:32:55,13,14.44,0.00,12.22,0.00,0.00,5.56,0.00,0.00,0.00,67.78
10:32:55,14,16.48,0.00,13.19,0.00,0.00,5.49,0.00,0.00,0.00,64.84
10:32:55,15,17.71,0.00,12.50,0.00,0.00,4.17,0.00,0.00,0.00,65.62
10:32:56,4,16.30,0.00,11.96,0.00,0.00,4.35,0.00,0.00,0.00,67.39
10:32:56,5,15.22,0.00,10.87,0.00,0.00,5.43,0.00,0.00,0.00,68.48
10:32:56,6,13.98,0.00,12.90,0.00,0.00,3.23,0.00,0.00,0.00,69.89
10:32:56,7,12.90,0.00,10.75,0.00,0.00,4.30,0.00,0.00,0.00,72.04
10:32:56,12,16.67,0.00,12.22,0.00,0.00,5.56,0.00,0.00,0.00,65.56
10:32:56,13,14.13,0.00,13.04,0.00,0.00,5.43,0.00,0.00,0.00,67.39
10:32:56,14,17.71,0.00,14.58,0.00,0.00,4.17,0.00,0.00,0.00,63.54
10:32:56,15,15.79,0.00,11.58,0.00,0.00,5.26,0.00,0.00,0.00,67.37
10:32:57,4,15.22,0.00,15.22,0.00,0.00,4.35,0.00,0.00,0.00,65.22
10:32:57,5,15.96,0.00,13.83,1.06,0.00,5.32,0.00,0.00,0.00,63.83
10:32:57,6,13.98,0.00,12.90,0.00,0.00,5.38,0.00,0.00,0.00,67.74
10:32:57,7,12.77,0.00,11.70,1.06,0.00,5.32,0.00,0.00,0.00,69.15
10:32:57,12,15.22,0.00,14.13,0.00,0.00,3.26,0.00,0.00,0.00,67.39
10:32:57,13,16.48,0.00,14.29,0.00,0.00,4.40,0.00,0.00,0.00,64.84
10:32:57,14,14.13,0.00,13.04,0.00,0.00,5.43,0.00,0.00,0.00,67.39
10:32:57,15,15.05,0.00,10.75,0.00,0.00,4.30,0.00,0.00,0.00,69.89
10:32:58,4,12.90,0.00,11.83,0.00,0.00,6.45,0.00,0.00,0.00,68.82
10:32:58,5,15.05,0.00,12.90,0.00,0.00,6.45,0.00,0.00,0.00,65.59
10:32:58,6,15.96,0.00,11.70,0.00,0.00,5.32,0.00,0.00,0.00,67.02
10:32:58,7,14.89,0.00,10.64,0.00,0.00,4.26,0.00,0.00,0.00,70.21
10:32:58,12,14.74,0.00,13.68,0.00,0.00,6.32,0.00,0.00,0.00,65.26
10:32:58,13,15.38,0.00,12.09,0.00,0.00,5.49,0.00,0.00,0.00,67.03
10:32:58,14,11.83,0.00,13.98,0.00,0.00,5.38,0.00,0.00,0.00,68.82
10:32:58,15,13.98,0.00,11.83,0.00,0.00,4.30,0.00,0.00,0.00,69.89
10:32:59,4,17.39,0.00,10.87,0.00,0.00,3.26,0.00,0.00,0.00,68.48
10:32:59,5,17.39,0.00,11.96,0.00,0.00,3.26,0.00,0.00,0.00,67.39
10:32:59,6,17.20,0.00,9.68,0.00,0.00,4.30,0.00,0.00,0.00,68.82
10:32:59,7,14.89,0.00,12.77,0.00,0.00,3.19,0.00,0.00,0.00,69.15
10:32:59,12,15.05,0.00,13.98,0.00,0.00,5.38,0.00,0.00,0.00,65.59
10:32:59,13,15.22,0.00,15.22,0.00,0.00,3.26,0.00,0.00,0.00,66.30
10:32:59,14,14.29,0.00,10.99,0.00,0.00,5.49,0.00,0.00,0.00,69.23
10:32:59,15,13.98,0.00,12.90,0.00,0.00,4.30,0.00,0.00,0.00,68.82
10:33:00,4,16.85,0.00,13.48,0.00,0.00,4.49,0.00,0.00,0.00,65.17
10:33:00,5,17.89,0.00,13.68,0.00,0.00,5.26,0.00,0.00,0.00,63.16
10:33:00,6,16.30,0.00,13.04,0.00,0.00,5.43,0.00,0.00,0.00,65.22
10:33:00,7,12.77,0.00,13.83,0.00,0.00,5.32,0.00,0.00,0.00,68.09
10:33:00,12,15.05,0.00,16.13,0.00,0.00,5.38,0.00,0.00,0.00,63.44
10:33:00,13,21.51,0.00,16.13,0.00,0.00,4.30,0.00,0.00,0.00,58.06
10:33:00,14,17.39,0.00,13.04,0.00,0.00,3.26,0.00,0.00,0.00,66.30
10:33:00,15,15.79,0.00,10.53,0.00,0.00,5.26,0.00,0.00,0.00,68.42
10:33:01,4,15.05,0.00,12.90,0.00,0.00,4.30,0.00,0.00,0.00,67.74
10:33:01,5,15.22,0.00,13.04,0.00,0.00,4.35,0.00,0.00,0.00,67.39
10:33:01,6,14.58,0.00,12.50,0.00,0.00,5.21,0.00,0.00,0.00,67.71
10:33:01,7,13.68,0.00,10.53,0.00,0.00,4.21,0.00,0.00,0.00,71.58
10:33:01,12,16.13,0.00,15.05,0.00,0.00,4.30,0.00,0.00,0.00,64.52
10:33:01,13,14.13,0.00,11.96,0.00,0.00,5.43,0.00,0.00,0.00,68.48
10:33:01,14,15.96,0.00,12.77,0.00,0.00,6.38,0.00,0.00,0.00,64.89
10:33:01,15,11.83,0.00,12.90,0.00,0.00,4.30,0.00,0.00,0.00,70.97
10:33:02,4,17.20,0.00,11.83,0.00,0.00,5.38,0.00,0.00,0.00,65.59
10:33:02,5,17.20,0.00,11.83,0.00,0.00,6.45,0.00,0.00,0.00,64.52
10:33:02,6,15.05,0.00,12.90,0.00,0.00,5.38,0.00,0.00,0.00,66.67
10:33:02,7,12.09,0.00,10.99,0.00,0.00,3.30,0.00,0.00,0.00,73.63
10:33:02,12,16.13,0.00,12.90,0.00,0.00,4.30,0.00,0.00,0.00,66.67
10:33:02,13,17.53,0.00,15.46,0.00,0.00,5.15,0.00,0.00,0.00,61.86
10:33:02,14,15.05,0.00,12.90,0.00,0.00,5.38,0.00,0.00,0.00,66.67
10:33:02,15,13.83,0.00,11.70,0.00,0.00,3.19,0.00,0.00,0.00,71.28
10:33:03,4,14.89,0.00,12.77,0.00,0.00,4.26,0.00,0.00,0.00,68.09
10:33:03,5,14.13,0.00,11.96,0.00,0.00,5.43,0.00,0.00,0.00,68.48
10:33:03,6,15.05,0.00,11.83,0.00,0.00,4.30,0.00,0.00,0.00,68.82
10:33:03,7,13.54,0.00,12.50,0.00,0.00,4.17,0.00,0.00,0.00,69.79
10:33:03,12,15.22,0.00,13.04,0.00,0.00,5.43,0.00,0.00,0.00,66.30
10:33:03,13,15.22,0.00,11.96,0.00,0.00,5.43,0.00,0.00,0.00,67.39
10:33:03,14,14.89,0.00,13.83,0.00,0.00,4.26,0.00,0.00,0.00,67.02
10:33:03,15,13.83,0.00,12.77,0.00,0.00,4.26,0.00,0.00,0.00,69.15
10:33:04,4,16.67,0.00,13.54,0.00,0.00,4.17,0.00,0.00,0.00,65.62
10:33:04,5,15.96,0.00,13.83,0.00,0.00,3.19,0.00,0.00,0.00,67.02
10:33:04,6,15.22,0.00,10.87,0.00,0.00,5.43,0.00,0.00,0.00,68.48
10:33:04,7,15.46,0.00,13.40,0.00,0.00,4.12,0.00,0.00,0.00,67.01
10:33:04,12,16.49,0.00,14.43,0.00,0.00,4.12,0.00,0.00,0.00,64.95
10:33:04,13,13.98,0.00,15.05,0.00,0.00,5.38,0.00,0.00,0.00,65.59
10:33:04,14,17.39,0.00,11.96,0.00,0.00,4.35,0.00,0.00,0.00,66.30
10:33:04,15,15.22,0.00,9.78,0.00,0.00,5.43,0.00,0.00,0.00,69.57
10:33:05,4,16.13,0.00,16.13,0.00,0.00,5.38,0.00,0.00,0.00,62.37
10:33:05,5,16.13,0.00,15.05,0.00,0.00,5.38,0.00,0.00,0.00,63.44
10:33:05,6,16.30,0.00,11.96,0.00,0.00,5.43,0.00,0.00,0.00,66.30
10:33:05,7,15.05,0.00,11.83,0.00,0.00,5.38,0.00,0.00,0.00,67.74
10:33:05,12,14.13,0.00,13.04,0.00,0.00,5.43,0.00,0.00,0.00,67.39
10:33:05,13,16.30,0.00,14.13,0.00,0.00,5.43,0.00,0.00,0.00,64.13
10:33:05,14,17.02,0.00,12.77,0.00,0.00,5.32,0.00,0.00,0.00,64.89
10:33:05,15,13.98,0.00,12.90,0.00,0.00,5.38,0.00,0.00,0.00,67.74
10:33:06,4,16.13,0.00,13.98,0.00,0.00,5.38,0.00,0.00,0.00,64.52
10:33:06,5,13.68,0.00,13.68,0.00,0.00,6.32,0.00,0.00,0.00,66.32
10:33:06,6,13.83,0.00,12.77,0.00,0.00,5.32,0.00,0.00,0.00,68.09
10:33:06,7,14.74,0.00,11.58,0.00,0.00,5.26,0.00,0.00,0.00,68.42
10:33:06,12,15.05,0.00,12.90,0.00,0.00,4.30,0.00,0.00,0.00,67.74
10:33:06,13,14.89,0.00,12.77,0.00,0.00,5.32,0.00,0.00,0.00,67.02
10:33:06,14,16.49,0.00,13.40,0.00,0.00,4.12,0.00,0.00,0.00,65.98
10:33:06,15,14.74,0.00,11.58,0.00,0.00,6.32,0.00,0.00,0.00,67.37
10:33:07,4,15.38,0.00,12.09,0.00,0.00,5.49,0.00,0.00,0.00,67.03
10:33:07,5,15.38,0.00,15.38,0.00,0.00,3.30,0.00,0.00,0.00,65.93
10:33:07,6,17.39,0.00,9.78,0.00,0.00,4.35,0.00,0.00,0.00,68.48
10:33:07,7,13.98,0.00,12.90,0.00,0.00,4.30,0.00,0.00,0.00,68.82
10:33:07,12,15.96,0.00,11.70,0.00,0.00,5.32,0.00,0.00,0.00,67.02
10:33:07,13,15.56,0.00,10.00,0.00,0.00,5.56,0.00,0.00,0.00,68.89
10:33:07,14,16.30,0.00,13.04,0.00,0.00,3.26,0.00,0.00,0.00,67.39
10:33:07,15,13.83,0.00,10.64,1.06,0.00,6.38,0.00,0.00,0.00,68.09
10:33:08,4,17.20,0.00,11.83,0.00,0.00,4.30,0.00,0.00,0.00,66.67
10:33:08,5,15.05,0.00,12.90,0.00,0.00,4.30,0.00,0.00,0.00,67.74
10:33:08,6,16.13,0.00,9.68,0.00,0.00,5.38,0.00,0.00,0.00,68.82
10:33:08,7,12.77,0.00,11.70,0.00,0.00,4.26,0.00,0.00,0.00,71.28
10:33:08,12,16.84,0.00,14.74,0.00,0.00,5.26,0.00,0.00,0.00,63.16
10:33:08,13,15.05,0.00,12.90,0.00,0.00,5.38,0.00,0.00,0.00,66.67
10:33:08,14,13.98,0.00,13.98,0.00,0.00,5.38,0.00,0.00,0.00,66.67
10:33:08,15,11.70,0.00,13.83,0.00,0.00,4.26,0.00,0.00,0.00,70.21
10:33:09,4,16.13,0.00,11.83,0.00,0.00,5.38,0.00,0.00,0.00,66.67
10:33:09,5,16.84,0.00,11.58,0.00,0.00,5.26,0.00,0.00,0.00,66.32
10:33:09,6,16.13,0.00,12.90,0.00,0.00,5.38,0.00,0.00,0.00,65.59
10:33:09,7,11.70,0.00,12.77,0.00,0.00,5.32,0.00,0.00,0.00,70.21
10:33:09,12,14.89,0.00,13.83,0.00,0.00,5.32,0.00,0.00,0.00,65.96
10:33:09,13,16.84,0.00,11.58,0.00,0.00,4.21,0.00,0.00,0.00,67.37
10:33:09,14,15.79,0.00,13.68,0.00,0.00,5.26,0.00,0.00,0.00,65.26
10:33:09,15,13.98,0.00,11.83,0.00,0.00,4.30,0.00,0.00,0.00,69.89
10:33:10,4,18.28,0.00,10.75,0.00,0.00,4.30,0.00,0.00,0.00,66.67
10:33:10,5,17.02,0.00,11.70,0.00,0.00,5.32,0.00,0.00,0.00,65.96
10:33:10,6,15.38,0.00,12.09,0.00,0.00,4.40,0.00,0.00,0.00,68.13
10:33:10,7,14.61,0.00,11.24,0.00,0.00,4.49,0.00,0.00,0.00,69.66
10:33:10,12,14.89,0.00,12.77,0.00,0.00,6.38,0.00,0.00,0.00,65.96
10:33:10,13,16.48,0.00,14.29,0.00,0.00,4.40,0.00,0.00,0.00,64.84
10:33:10,14,14.44,0.00,15.56,0.00,0.00,3.33,0.00,0.00,0.00,66.67
10:33:10,15,16.30,0.00,10.87,0.00,0.00,5.43,0.00,0.00,0.00,67.39
10:33:11,4,14.89,0.00,12.77,0.00,0.00,4.26,0.00,0.00,0.00,68.09
10:33:11,5,13.98,0.00,13.98,0.00,0.00,5.38,0.00,0.00,0.00,66.67
10:33:11,6,15.05,0.00,11.83,0.00,0.00,4.30,0.00,0.00,0.00,68.82
10:33:11,7,11.83,0.00,10.75,0.00,0.00,5.38,0.00,0.00,0.00,72.04
10:33:11,12,17.02,0.00,10.64,0.00,0.00,5.32,0.00,0.00,0.00,67.02
10:33:11,13,15.22,0.00,14.13,0.00,0.00,5.43,0.00,0.00,0.00,65.22
10:33:11,14,16.13,0.00,13.98,0.00,0.00,4.30,0.00,0.00,0.00,65.59
10:33:11,15,14.74,0.00,12.63,0.00,0.00,4.21,0.00,0.00,0.00,68.42
10:33:12,4,16.13,0.00,12.90,0.00,0.00,6.45,0.00,0.00,0.00,64.52
10:33:12,5,16.84,0.00,13.68,0.00,0.00,5.26,0.00,0.00,0.00,64.21
10:33:12,6,12.90,0.00,13.98,0.00,0.00,4.30,0.00,0.00,0.00,68.82
10:33:12,7,13.98,0.00,9.68,0.00,0.00,4.30,0.00,0.00,0.00,72.04
10:33:12,12,14.29,0.00,14.29,0.00,0.00,4.40,0.00,0.00,0.00,67.03
10:33:12,13,14.13,0.00,13.04,0.00,0.00,5.43,0.00,0.00,0.00,67.39
10:33:12,14,15.79,0.00,13.68,0.00,0.00,5.26,0.00,0.00,0.00,65.26
10:33:12,15,13.04,0.00,11.96,0.00,0.00,4.35,0.00,0.00,0.00,70.65
10:33:13,4,16.30,0.00,10.87,0.00,0.00,4.35,0.00,0.00,0.00,68.48
10:33:13,5,14.13,0.00,10.87,0.00,0.00,6.52,0.00,0.00,0.00,68.48
10:33:13,6,14.58,0.00,14.58,0.00,0.00,4.17,0.00,0.00,0.00,66.67
10:33:13,7,12.77,0.00,13.83,0.00,0.00,3.19,0.00,0.00,0.00,70.21
10:33:13,12,15.46,0.00,12.37,0.00,0.00,5.15,0.00,0.00,0.00,67.01
10:33:13,13,17.89,0.00,12.63,0.00,0.00,5.26,0.00,0.00,0.00,64.21
10:33:13,14,14.89,0.00,13.83,0.00,0.00,4.26,0.00,0.00,0.00,67.02
10:33:13,15,15.22,0.00,9.78,0.00,0.00,4.35,0.00,0.00,0.00,70.65
10:33:14,4,16.67,0.00,14.58,0.00,0.00,4.17,0.00,0.00,0.00,64.58
10:33:14,5,16.67,0.00,12.22,0.00,0.00,3.33,0.00,0.00,0.00,67.78
10:33:14,6,14.29,0.00,14.29,0.00,0.00,3.30,0.00,0.00,0.00,68.13
10:33:14,7,13.54,0.00,10.42,0.00,0.00,5.21,0.00,0.00,0.00,70.83
10:33:14,12,15.05,0.00,11.83,0.00,0.00,4.30,0.00,0.00,0.00,68.82
10:33:14,13,16.67,0.00,11.46,0.00,0.00,6.25,0.00,0.00,0.00,65.62
10:33:14,14,18.48,0.00,9.78,0.00,0.00,3.26,0.00,0.00,0.00,68.48
10:33:14,15,11.83,0.00,10.75,0.00,0.00,4.30,0.00,0.00,0.00,73.12
10:33:15,4,15.96,0.00,11.70,0.00,0.00,5.32,0.00,0.00,0.00,67.02
10:33:15,5,17.71,0.00,13.54,0.00,0.00,5.21,0.00,0.00,0.00,63.54
10:33:15,6,14.74,0.00,16.84,0.00,0.00,5.26,0.00,0.00,0.00,63.16
10:33:15,7,13.83,0.00,11.70,0.00,0.00,5.32,0.00,0.00,0.00,69.15
10:33:15,12,16.67,0.00,13.54,0.00,0.00,5.21,0.00,0.00,0.00,64.58
10:33:15,13,16.48,0.00,16.48,0.00,0.00,4.40,0.00,0.00,0.00,62.64
10:33:15,14,16.67,0.00,13.54,0.00,0.00,5.21,0.00,0.00,0.00,64.58
10:33:15,15,16.84,0.00,12.63,0.00,0.00,4.21,0.00,0.00,0.00,66.32
10:33:16,4,14.61,0.00,12.36,0.00,0.00,4.49,0.00,0.00,0.00,68.54
10:33:16,5,14.61,0.00,12.36,0.00,0.00,5.62,0.00,0.00,0.00,67.42
10:33:16,6,15.05,0.00,11.83,0.00,0.00,6.45,0.00,0.00,0.00,66.67
10:33:16,7,12.77,0.00,12.77,0.00,0.00,5.32,0.00,0.00,0.00,69.15
10:33:16,12,13.83,0.00,13.83,0.00,0.00,4.26,0.00,0.00,0.00,68.09
10:33:16,13,15.38,0.00,12.09,0.00,0.00,4.40,0.00,0.00,0.00,68.13
10:33:16,14,14.58,0.00,14.58,0.00,0.00,4.17,0.00,0.00,0.00,66.67
10:33:16,15,14.74,0.00,9.47,0.00,0.00,5.26,0.00,0.00,0.00,70.53
10:33:17,4,15.05,0.00,13.98,0.00,0.00,4.30,0.00,0.00,0.00,66.67
10:33:17,5,14.74,0.00,14.74,1.05,0.00,5.26,0.00,0.00,0.00,64.21
10:33:17,6,15.79,0.00,13.68,0.00,0.00,4.21,0.00,0.00,0.00,66.32
10:33:17,7,13.04,0.00,11.96,0.00,0.00,3.26,0.00,0.00,0.00,71.74
10:33:17,12,13.19,0.00,13.19,0.00,0.00,4.40,0.00,0.00,0.00,69.23
10:33:17,13,14.74,0.00,12.63,0.00,0.00,5.26,0.00,0.00,0.00,67.37
10:33:17,14,16.30,0.00,13.04,0.00,0.00,4.35,0.00,0.00,0.00,66.30
10:33:17,15,13.04,0.00,11.96,0.00,0.00,4.35,0.00,0.00,0.00,70.65
10:33:18,4,14.13,0.00,11.96,0.00,0.00,4.35,0.00,0.00,0.00,69.57
10:33:18,5,13.04,0.00,10.87,0.00,0.00,6.52,0.00,0.00,0.00,69.57
10:33:18,6,15.96,0.00,13.83,0.00,0.00,4.26,0.00,0.00,0.00,65.96
10:33:18,7,12.63,0.00,10.53,0.00,0.00,5.26,0.00,0.00,0.00,71.58
10:33:18,12,15.05,0.00,11.83,0.00,0.00,5.38,0.00,0.00,0.00,67.74
10:33:18,13,14.74,0.00,13.68,0.00,0.00,4.21,0.00,0.00,0.00,67.37
10:33:18,14,15.62,0.00,12.50,0.00,0.00,6.25,0.00,0.00,0.00,65.62
10:33:18,15,15.96,0.00,10.64,0.00,0.00,4.26,0.00,0.00,0.00,69.15
10:33:19,4,13.68,0.00,13.68,0.00,0.00,5.26,0.00,0.00,0.00,67.37
10:33:19,5,17.20,0.00,12.90,0.00,0.00,4.30,0.00,0.00,0.00,65.59
10:33:19,6,15.05,0.00,12.90,0.00,0.00,6.45,0.00,0.00,0.00,65.59
10:33:19,7,11.70,0.00,13.83,0.00,0.00,4.26,0.00,0.00,0.00,70.21
10:33:19,12,14.74,0.00,13.68,0.00,0.00,4.21,0.00,0.00,0.00,67.37
10:33:19,13,15.22,0.00,13.04,0.00,0.00,4.35,0.00,0.00,0.00,67.39
10:33:19,14,13.19,0.00,14.29,0.00,0.00,5.49,0.00,0.00,0.00,67.03
10:33:19,15,13.98,0.00,9.68,0.00,0.00,4.30,0.00,0.00,0.00,72.04
10:33:20,4,18.09,0.00,12.77,0.00,0.00,4.26,0.00,0.00,0.00,64.89
10:33:20,5,14.44,0.00,14.44,0.00,0.00,4.44,0.00,0.00,0.00,66.67
10:33:20,6,18.56,0.00,12.37,0.00,0.00,4.12,0.00,0.00,0.00,64.95
10:33:20,7,15.22,0.00,10.87,0.00,0.00,4.35,0.00,0.00,0.00,69.57
10:33:20,12,14.89,0.00,13.83,0.00,0.00,6.38,0.00,0.00,0.00,64.89
10:33:20,13,18.09,0.00,15.96,0.00,0.00,4.26,0.00,0.00,0.00,61.70
10:33:20,14,17.20,0.00,13.98,0.00,0.00,4.30,0.00,0.00,0.00,64.52
10:33:20,15,13.83,0.00,12.77,0.00,0.00,5.32,0.00,0.00,0.00,68.09
10:33:21,4,15.79,0.00,13.68,0.00,0.00,5.26,0.00,0.00,0.00,65.26
10:33:21,5,15.05,0.00,13.98,0.00,0.00,3.23,0.00,0.00,0.00,67.74
10:33:21,6,16.13,0.00,10.75,0.00,0.00,4.30,0.00,0.00,0.00,68.82
10:33:21,7,12.90,0.00,10.75,0.00,0.00,5.38,0.00,0.00,0.00,70.97
10:33:21,12,16.30,0.00,10.87,0.00,0.00,6.52,0.00,0.00,0.00,66.30
10:33:21,13,16.13,0.00,12.90,0.00,0.00,5.38,0.00,0.00,0.00,65.59
10:33:21,14,13.98,0.00,12.90,0.00,0.00,5.38,0.00,0.00,0.00,67.74
10:33:21,15,14.13,0.00,10.87,0.00,0.00,4.35,0.00,0.00,0.00,70.65
10:33:22,4,13.64,0.00,10.23,1.14,0.00,4.55,0.00,0.00,0.00,70.45
10:33:22,5,13.83,0.00,14.89,0.00,0.00,4.26,0.00,0.00,0.00,67.02
10:33:22,6,16.67,0.00,11.46,0.00,0.00,6.25,0.00,0.00,0.00,65.62
10:33:22,7,11.96,0.00,11.96,0.00,0.00,3.26,0.00,0.00,0.00,72.83
10:33:22,12,14.29,0.00,14.29,2.20,0.00,4.40,0.00,0.00,0.00,64.84
10:33:22,13,14.44,0.00,11.11,0.00,0.00,4.44,0.00,0.00,0.00,70.00
10:33:22,14,14.13,0.00,11.96,0.00,0.00,5.43,0.00,0.00,0.00,68.48
10:33:22,15,16.67,0.00,11.46,0.00,0.00,4.17,0.00,0.00,0.00,67.71
10:33:23,4,15.38,0.00,12.09,0.00,0.00,4.40,0.00,0.00,0.00,68.13
10:33:23,5,17.02,0.00,10.64,0.00,0.00,5.32,0.00,0.00,0.00,67.02
10:33:23,6,14.29,0.00,12.09,0.00,0.00,3.30,0.00,0.00,0.00,70.33
10:33:23,7,10.64,0.00,11.70,0.00,0.00,5.32,0.00,0.00,0.00,72.34
10:33:23,12,15.96,0.00,15.96,0.00,0.00,4.26,0.00,0.00,0.00,63.83
10:33:23,13,15.05,0.00,12.90,0.00,0.00,5.38,0.00,0.00,0.00,66.67
10:33:23,14,13.83,0.00,13.83,0.00,0.00,5.32,0.00,0.00,0.00,67.02
10:33:23,15,12.90,0.00,12.90,0.00,0.00,4.30,0.00,0.00,0.00,69.89
10:33:24,4,15.22,0.00,15.22,0.00,0.00,5.43,0.00,0.00,0.00,64.13
10:33:24,5,16.48,0.00,12.09,0.00,0.00,3.30,0.00,0.00,0.00,68.13
10:33:24,6,15.05,0.00,12.90,0.00,0.00,5.38,0.00,0.00,0.00,66.67
10:33:24,7,13.68,0.00,11.58,0.00,0.00,5.26,0.00,0.00,0.00,69.47
10:33:24,12,15.05,0.00,11.83,0.00,0.00,6.45,0.00,0.00,0.00,66.67
10:33:24,13,13.98,0.00,12.90,0.00,0.00,6.45,0.00,0.00,0.00,66.67
10:33:24,14,15.79,0.00,14.74,0.00,0.00,5.26,0.00,0.00,0.00,64.21
10:33:24,15,14.89,0.00,11.70,0.00,0.00,4.26,0.00,0.00,0.00,69.15
10:33:25,4,17.39,0.00,13.04,0.00,0.00,4.35,0.00,0.00,0.00,65.22
10:33:25,5,14.89,0.00,14.89,0.00,0.00,5.32,0.00,0.00,0.00,64.89
10:33:25,6,17.02,0.00,12.77,0.00,0.00,4.26,0.00,0.00,0.00,65.96
10:33:25,7,13.19,0.00,12.09,0.00,0.00,5.49,0.00,0.00,0.00,69.23
10:33:25,12,16.13,0.00,11.83,0.00,0.00,4.30,0.00,0.00,0.00,67.74
10:33:25,13,15.22,0.00,11.96,0.00,0.00,4.35,0.00,0.00,0.00,68.48
10:33:25,14,15.38,0.00,13.19,0.00,0.00,3.30,0.00,0.00,0.00,68.13
10:33:25,15,15.96,0.00,12.77,0.00,0.00,4.26,0.00,0.00,0.00,67.02
10:33:26,4,14.29,0.00,13.19,0.00,0.00,5.49,0.00,0.00,0.00,67.03
10:33:26,5,16.30,0.00,10.87,0.00,0.00,5.43,0.00,0.00,0.00,67.39
10:33:26,6,14.74,0.00,12.63,0.00,0.00,5.26,0.00,0.00,0.00,67.37
10:33:26,7,13.83,0.00,10.64,0.00,0.00,5.32,0.00,0.00,0.00,70.21
10:33:26,12,15.05,0.00,12.90,0.00,0.00,4.30,0.00,0.00,0.00,67.74
10:33:26,13,14.89,0.00,14.89,0.00,0.00,5.32,0.00,0.00,0.00,64.89
10:33:26,14,13.98,0.00,13.98,0.00,0.00,4.30,0.00,0.00,0.00,67.74
10:33:26,15,13.04,0.00,13.04,0.00,0.00,3.26,0.00,0.00,0.00,70.65
10:33:27,4,17.39,0.00,11.96,1.09,0.00,4.35,0.00,0.00,0.00,65.22
10:33:27,5,17.89,0.00,14.74,0.00,0.00,4.21,0.00,0.00,0.00,63.16
10:33:27,6,14.74,0.00,15.79,0.00,0.00,5.26,0.00,0.00,0.00,64.21
10:33:27,7,12.09,0.00,10.99,0.00,0.00,4.40,0.00,0.00,0.00,72.53
10:33:27,12,13.33,0.00,14.44,0.00,0.00,4.44,0.00,0.00,0.00,67.78
10:33:27,13,16.13,0.00,15.05,0.00,0.00,3.23,0.00,0.00,0.00,65.59
10:33:27,14,15.05,0.00,12.90,0.00,0.00,4.30,0.00,0.00,0.00,67.74
10:33:27,15,11.70,0.00,12.77,0.00,0.00,4.26,0.00,0.00,0.00,71.28
10:33:28,4,16.30,0.00,9.78,0.00,0.00,5.43,0.00,0.00,0.00,68.48
10:33:28,5,15.05,0.00,12.90,0.00,0.00,5.38,0.00,0.00,0.00,66.67
10:33:28,6,12.09,0.00,14.29,0.00,0.00,3.30,0.00,0.00,0.00,70.33
10:33:28,7,13.98,0.00,12.90,0.00,0.00,3.23,0.00,0.00,0.00,69.89
10:33:28,12,14.89,0.00,12.77,0.00,0.00,4.26,0.00,0.00,0.00,68.09
10:33:28,13,12.22,0.00,13.33,0.00,0.00,4.44,0.00,0.00,0.00,70.00
10:33:28,14,12.77,0.00,14.89,0.00,0.00,5.32,0.00,0.00,0.00,67.02
10:33:28,15,14.13,0.00,11.96,0.00,0.00,4.35,0.00,0.00,0.00,69.57
10:33:29,4,13.98,0.00,11.83,0.00,0.00,5.38,0.00,0.00,0.00,68.82
10:33:29,5,14.13,0.00,11.96,0.00,0.00,5.43,0.00,0.00,0.00,68.48
10:33:29,6,14.29,0.00,10.99,0.00,0.00,3.30,0.00,0.00,0.00,71.43
10:33:29,7,10.75,0.00,11.83,0.00,0.00,4.30,0.00,0.00,0.00,73.12
10:33:29,12,17.53,0.00,13.40,0.00,0.00,5.15,0.00,0.00,0.00,63.92
10:33:29,13,17.20,0.00,11.83,0.00,0.00,6.45,0.00,0.00,0.00,64.52
10:33:29,14,12.90,0.00,12.90,0.00,0.00,6.45,0.00,0.00,0.00,67.74
10:33:29,15,14.29,0.00,9.89,0.00,0.00,5.49,0.00,0.00,0.00,70.33
10:33:30,4,18.68,0.00,15.38,0.00,0.00,4.40,0.00,0.00,0.00,61.54
10:33:30,5,17.02,0.00,12.77,0.00,0.00,4.26,0.00,0.00,0.00,65.96
10:33:30,6,16.30,0.00,14.13,0.00,0.00,4.35,0.00,0.00,0.00,65.22
10:33:30,7,12.90,0.00,12.90,0.00,0.00,5.38,0.00,0.00,0.00,68.82
10:33:30,12,14.61,0.00,12.36,0.00,0.00,4.49,0.00,0.00,0.00,68.54
10:33:30,13,16.30,0.00,11.96,0.00,0.00,5.43,0.00,0.00,0.00,66.30
10:33:30,14,15.79,0.00,13.68,0.00,0.00,4.21,0.00,0.00,0.00,66.32
10:33:30,15,13.04,0.00,11.96,0.00,0.00,4.35,0.00,0.00,0.00,70.65
10:33:31,4,17.89,0.00,11.58,0.00,0.00,5.26,0.00,0.00,0.00,65.26
10:33:31,5,15.96,0.00,13.83,0.00,0.00,3.19,0.00,0.00,0.00,67.02
10:33:31,6,15.22,0.00,13.04,0.00,0.00,4.35,0.00,0.00,0.00,67.39
10:33:31,7,15.05,0.00,10.75,0.00,0.00,4.30,0.00,0.00,0.00,69.89
10:33:31,12,14.29,0.00,14.29,0.00,0.00,5.49,0.00,0.00,0.00,65.93
10:33:31,13,14.89,0.00,14.89,0.00,0.00,4.26,0.00,0.00,0.00,65.96
10:33:31,14,13.04,0.00,13.04,0.00,0.00,5.43,0.00,0.00,0.00,68.48
10:33:31,15,14.89,0.00,11.70,0.00,0.00,4.26,0.00,0.00,0.00,69.15
10:33:32,4,11.83,0.00,12.90,0.00,0.00,5.38,0.00,0.00,0.00,69.89
10:33:32,5,14.44,0.00,15.56,0.00,0.00,4.44,0.00,0.00,0.00,65.56
10:33:32,6,14.29,0.00,14.29,0.00,0.00,4.40,0.00,0.00,0.00,67.03
10:33:32,7,13.98,0.00,10.75,0.00,0.00,5.38,0.00,0.00,0.00,69.89
10:33:32,12,14.89,0.00,11.70,1.06,0.00,6.38,0.00,0.00,0.00,65.96
10:33:32,13,14.89,0.00,13.83,0.00,0.00,5.32,0.00,0.00,0.00,65.96
10:33:32,14,15.05,0.00,12.90,0.00,0.00,4.30,0.00,0.00,0.00,67.74
10:33:32,15,12.90,0.00,11.83,0.00,0.00,4.30,0.00,0.00,0.00,70.97
10:33:33,4,15.79,0.00,14.74,0.00,0.00,3.16,0.00,0.00,0.00,66.32
10:33:33,5,15.56,0.00,12.22,0.00,0.00,5.56,0.00,0.00,0.00,66.67
10:33:33,6,14.13,0.00,11.96,0.00,0.00,5.43,0.00,0.00,0.00,68.48
10:33:33,7,14.58,0.00,12.50,0.00,0.00,5.21,0.00,0.00,0.00,67.71
10:33:33,12,14.13,0.00,13.04,0.00,0.00,4.35,0.00,0.00,0.00,68.48
10:33:33,13,16.67,0.00,12.50,0.00,0.00,5.21,0.00,0.00,0.00,65.62
10:33:33,14,11.96,0.00,13.04,0.00,0.00,5.43,0.00,0.00,0.00,69.57
10:33:33,15,11.83,0.00,11.83,0.00,0.00,5.38,0.00,0.00,0.00,70.97
10:33:34,4,12.90,0.00,12.90,0.00,0.00,5.38,0.00,0.00,0.00,68.82
10:33:34,5,17.89,0.00,13.68,0.00,0.00,4.21,0.00,0.00,0.00,64.21
10:33:34,6,15.46,0.00,14.43,0.00,0.00,5.15,0.00,0.00,0.00,64.95
10:33:34,7,14.89,0.00,11.70,0.00,0.00,3.19,0.00,0.00,0.00,70.21
10:33:34,12,12.90,0.00,12.90,0.00,0.00,5.38,0.00,0.00,0.00,68.82
10:33:34,13,17.20,0.00,12.90,0.00,0.00,5.38,0.00,0.00,0.00,64.52
10:33:34,14,15.79,0.00,12.63,0.00,0.00,5.26,0.00,0.00,0.00,66.32
10:33:34,15,15.22,0.00,10.87,0.00,0.00,3.26,0.00,0.00,0.00,70.65
10:33:35,4,15.22,0.00,11.96,0.00,0.00,5.43,0.00,0.00,0.00,67.39
10:33:35,5,14.13,0.00,15.22,0.00,0.00,4.35,0.00,0.00,0.00,66.30
10:33:35,6,14.29,0.00,13.19,0.00,0.00,4.40,0.00,0.00,0.00,68.13
10:33:35,7,13.68,0.00,13.68,0.00,0.00,5.26,0.00,0.00,0.00,67.37
10:33:35,12,16.84,0.00,11.58,0.00,0.00,5.26,0.00,0.00,0.00,66.32
10:33:35,13,13.98,0.00,12.90,0.00,0.00,4.30,0.00,0.00,0.00,68.82
10:33:35,14,13.04,0.00,11.96,0.00,0.00,5.43,0.00,0.00,0.00,69.57
10:33:35,15,12.90,0.00,11.83,0.00,0.00,5.38,0.00,0.00,0.00,69.89
10:33:36,4,19.59,0.00,15.46,0.00,0.00,4.12,0.00,0.00,0.00,60.82
10:33:36,5,15.05,0.00,15.05,0.00,0.00,5.38,0.00,0.00,0.00,64.52
10:33:36,6,16.13,0.00,11.83,0.00,0.00,3.23,0.00,0.00,0.00,68.82
10:33:36,7,14.29,0.00,10.99,0.00,0.00,4.40,0.00,0.00,0.00,70.33
10:33:36,12,16.13,0.00,13.98,0.00,0.00,5.38,0.00,0.00,0.00,64.52
10:33:36,13,15.62,0.00,14.58,0.00,0.00,6.25,0.00,0.00,0.00,63.54
10:33:36,14,13.33,0.00,14.44,0.00,0.00,4.44,0.00,0.00,0.00,67.78
10:33:36,15,17.71,0.00,12.50,0.00,0.00,4.17,0.00,0.00,0.00,65.62
10:33:37,4,17.02,0.00,10.64,0.00,0.00,5.32,0.00,0.00,0.00,67.02
10:33:37,5,14.44,0.00,12.22,0.00,0.00,3.33,0.00,0.00,0.00,70.00
10:33:37,6,15.22,0.00,10.87,0.00,0.00,5.43,0.00,0.00,0.00,68.48
10:33:37,7,13.04,0.00,11.96,0.00,0.00,5.43,0.00,0.00,0.00,69.57
10:33:37,12,15.22,0.00,13.04,0.00,0.00,5.43,0.00,0.00,0.00,66.30
10:33:37,13,16.48,0.00,10.99,0.00,0.00,4.40,0.00,0.00,0.00,68.13
10:33:37,14,13.98,0.00,12.90,0.00,0.00,4.30,0.00,0.00,0.00,68.82
10:33:37,15,17.02,0.00,11.70,0.00,0.00,4.26,0.00,0.00,0.00,67.02
10:33:38,4,17.20,0.00,10.75,0.00,0.00,4.30,0.00,0.00,0.00,67.74
10:33:38,5,15.56,0.00,10.00,0.00,0.00,4.44,0.00,0.00,0.00,70.00
10:33:38,6,14.74,0.00,12.63,0.00,0.00,5.26,0.00,0.00,0.00,67.37
10:33:38,7,13.19,0.00,10.99,0.00,0.00,3.30,0.00,0.00,0.00,72.53
10:33:38,12,13.98,0.00,12.90,0.00,0.00,4.30,0.00,0.00,0.00,68.82
10:33:38,13,15.79,0.00,12.63,0.00,0.00,4.21,0.00,0.00,0.00,67.37
10:33:38,14,16.13,0.00,13.98,0.00,0.00,4.30,0.00,0.00,0.00,65.59
10:33:38,15,16.13,0.00,10.75,0.00,0.00,4.30,0.00,0.00,0.00,68.82
10:33:39,4,15.05,0.00,15.05,0.00,0.00,5.38,0.00,0.00,0.00,64.52
10:33:39,5,15.79,0.00,12.63,0.00,0.00,6.32,0.00,0.00,0.00,65.26
10:33:39,6,14.13,0.00,13.04,0.00,0.00,5.43,0.00,0.00,0.00,67.39
10:33:39,7,11.83,0.00,11.83,0.00,0.00,4.30,0.00,0.00,0.00,72.04
10:33:39,12,14.13,0.00,11.96,0.00,0.00,5.43,0.00,0.00,0.00,68.48
10:33:39,13,15.96,0.00,12.77,0.00,0.00,4.26,0.00,0.00,0.00,67.02
10:33:39,14,15.05,0.00,11.83,0.00,0.00,5.38,0.00,0.00,0.00,67.74
10:33:39,15,14.74,0.00,12.63,0.00,0.00,3.16,0.00,0.00,0.00,69.47
10:33:40,4,14.13,0.00,13.04,0.00,0.00,4.35,0.00,0.00,0.00,68.48
10:33:40,5,13.98,0.00,17.20,0.00,0.00,4.30,0.00,0.00,0.00,64.52
10:33:40,6,15.38,0.00,10.99,0.00,0.00,5.49,0.00,0.00,0.00,68.13
10:33:40,7,13.98,0.00,10.75,0.00,0.00,4.30,0.00,0.00,0.00,70.97
10:33:40,12,13.68,0.00,15.79,0.00,0.00,6.32,0.00,0.00,0.00,64.21
10:33:40,13,18.09,0.00,12.77,0.00,0.00,6.38,0.00,0.00,0.00,62.77
10:33:40,14,13.98,0.00,13.98,0.00,0.00,5.38,0.00,0.00,0.00,66.67
10:33:40,15,11.58,0.00,14.74,0.00,0.00,4.21,0.00,0.00,0.00,69.47
10:33:41,4,15.38,0.00,12.09,0.00,0.00,4.40,0.00,0.00,0.00,68.13
10:33:41,5,18.09,0.00,13.83,0.00,0.00,5.32,0.00,0.00,0.00,62.77
10:33:41,6,15.05,0.00,12.90,0.00,0.00,5.38,0.00,0.00,0.00,66.67
10:33:41,7,14.89,0.00,11.70,0.00,0.00,5.32,0.00,0.00,0.00,68.09
10:33:41,12,17.20,0.00,17.20,0.00,0.00,4.30,0.00,0.00,0.00,61.29
10:33:41,13,17.98,0.00,13.48,0.00,0.00,3.37,0.00,0.00,0.00,65.17
10:33:41,14,14.89,0.00,12.77,0.00,0.00,6.38,0.00,0.00,0.00,65.96
10:33:41,15,16.30,0.00,11.96,0.00,0.00,4.35,0.00,0.00,0.00,67.39
10:33:42,4,15.79,0.00,14.74,0.00,0.00,6.32,0.00,0.00,0.00,63.16
10:33:42,5,16.13,0.00,16.13,0.00,0.00,4.30,0.00,0.00,0.00,63.44
10:33:42,6,15.05,0.00,11.83,0.00,0.00,5.38,0.00,0.00,0.00,67.74
10:33:42,7,15.05,0.00,9.68,0.00,0.00,4.30,0.00,0.00,0.00,70.97
10:33:42,12,16.30,0.00,13.04,0.00,0.00,4.35,0.00,0.00,0.00,66.30
10:33:42,13,15.05,0.00,12.90,0.00,0.00,5.38,0.00,0.00,0.00,66.67
10:33:42,14,16.13,0.00,11.83,0.00,0.00,4.30,0.00,0.00,0.00,67.74
10:33:42,15,15.46,0.00,12.37,0.00,0.00,4.12,0.00,0.00,0.00,68.04
10:33:43,4,14.13,0.00,13.04,0.00,0.00,4.35,0.00,0.00,0.00,68.48
10:33:43,5,16.84,0.00,13.68,0.00,0.00,5.26,0.00,0.00,0.00,64.21
10:33:43,6,15.05,0.00,13.98,0.00,0.00,5.38,0.00,0.00,0.00,65.59
10:33:43,7,13.98,0.00,10.75,0.00,0.00,5.38,0.00,0.00,0.00,69.89
10:33:43,12,15.38,0.00,10.99,0.00,0.00,5.49,0.00,0.00,0.00,68.13
10:33:43,13,15.38,0.00,10.99,0.00,0.00,4.40,0.00,0.00,0.00,69.23
10:33:43,14,16.13,0.00,11.83,0.00,0.00,5.38,0.00,0.00,0.00,66.67
10:33:43,15,11.96,0.00,11.96,0.00,0.00,4.35,0.00,0.00,0.00,71.74
10:33:44,4,17.20,0.00,11.83,0.00,0.00,6.45,0.00,0.00,0.00,64.52
10:33:44,5,15.96,0.00,11.70,0.00,0.00,5.32,0.00,0.00,0.00,67.02
10:33:44,6,15.05,0.00,13.98,0.00,0.00,4.30,0.00,0.00,0.00,66.67
10:33:44,7,12.77,0.00,11.70,0.00,0.00,5.32,0.00,0.00,0.00,70.21
10:33:44,12,14.58,0.00,13.54,0.00,0.00,6.25,0.00,0.00,0.00,65.62
10:33:44,13,15.96,0.00,13.83,0.00,0.00,3.19,0.00,0.00,0.00,67.02
10:33:44,14,14.74,0.00,13.68,0.00,0.00,5.26,0.00,0.00,0.00,66.32
10:33:44,15,14.58,0.00,11.46,0.00,0.00,5.21,0.00,0.00,0.00,68.75
10:33:45,4,14.29,0.00,12.09,0.00,0.00,4.40,0.00,0.00,0.00,69.23
10:33:45,5,15.22,0.00,15.22,0.00,0.00,5.43,0.00,0.00,0.00,64.13
10:33:45,6,15.79,0.00,12.63,0.00,0.00,4.21,0.00,0.00,0.00,67.37
10:33:45,7,13.68,0.00,12.63,0.00,0.00,4.21,0.00,0.00,0.00,69.47
10:33:45,12,17.02,0.00,12.77,0.00,0.00,5.32,0.00,0.00,0.00,64.89
10:33:45,13,17.35,0.00,12.24,0.00,0.00,7.14,0.00,0.00,0.00,63.27
10:33:45,14,17.89,0.00,13.68,0.00,0.00,4.21,0.00,0.00,0.00,64.21
10:33:45,15,11.58,0.00,14.74,0.00,0.00,4.21,0.00,0.00,0.00,69.47
10:33:46,4,18.68,0.00,13.19,0.00,0.00,4.40,0.00,0.00,0.00,63.74
10:33:46,5,17.71,0.00,13.54,0.00,0.00,5.21,0.00,0.00,0.00,63.54
10:33:46,6,13.19,0.00,13.19,0.00,0.00,5.49,0.00,0.00,0.00,68.13
10:33:46,7,15.05,0.00,10.75,0.00,0.00,2.15,0.00,0.00,0.00,72.04
10:33:46,12,14.61,0.00,15.73,0.00,0.00,4.49,0.00,0.00,0.00,65.17
10:33:46,13,17.98,0.00,14.61,0.00,0.00,4.49,0.00,0.00,0.00,62.92
10:33:46,14,15.22,0.00,14.13,0.00,0.00,5.43,0.00,0.00,0.00,65.22
10:33:46,15,15.22,0.00,11.96,0.00,0.00,4.35,0.00,0.00,0.00,68.48
10:33:47,4,16.67,0.00,13.54,0.00,0.00,5.21,0.00,0.00,0.00,64.58
10:33:47,5,14.89,0.00,12.77,0.00,0.00,5.32,0.00,0.00,0.00,67.02
10:33:47,6,12.63,0.00,12.63,0.00,0.00,6.32,0.00,0.00,0.00,68.42
10:33:47,7,15.62,0.00,10.42,0.00,0.00,5.21,0.00,0.00,0.00,68.75
10:33:47,12,14.29,0.00,15.38,0.00,0.00,3.30,0.00,0.00,0.00,67.03
10:33:47,13,17.02,0.00,12.77,0.00,0.00,5.32,0.00,0.00,0.00,64.89
10:33:47,14,15.56,0.00,11.11,0.00,0.00,4.44,0.00,0.00,0.00,68.89
10:33:47,15,15.96,0.00,10.64,0.00,0.00,4.26,0.00,0.00,0.00,69.15
10:33:48,4,13.98,0.00,12.90,0.00,0.00,5.38,0.00,0.00,0.00,67.74
10:33:48,5,14.89,0.00,14.89,0.00,0.00,4.26,0.00,0.00,0.00,65.96
10:33:48,6,15.38,0.00,12.09,0.00,0.00,3.30,0.00,0.00,0.00,69.23
10:33:48,7,12.50,0.00,13.54,0.00,0.00,4.17,0.00,0.00,0.00,69.79
10:33:48,12,14.74,0.00,15.79,0.00,0.00,5.26,0.00,0.00,0.00,64.21
10:33:48,13,16.67,0.00,12.50,0.00,0.00,5.21,0.00,0.00,0.00,65.62
10:33:48,14,14.58,0.00,15.62,0.00,0.00,5.21,0.00,0.00,0.00,64.58
10:33:48,15,13.83,0.00,12.77,0.00,0.00,4.26,0.00,0.00,0.00,69.15
10:33:49,4,14.74,0.00,14.74,0.00,0.00,4.21,0.00,0.00,0.00,66.32
10:33:49,5,15.38,0.00,14.29,0.00,0.00,4.40,0.00,0.00,0.00,65.93
10:33:49,6,13.98,0.00,12.90,0.00,0.00,5.38,0.00,0.00,0.00,67.74
10:33:49,7,15.96,0.00,10.64,0.00,0.00,3.19,0.00,0.00,0.00,70.21
10:33:49,12,16.13,0.00,12.90,0.00,0.00,5.38,0.00,0.00,0.00,65.59
10:33:49,13,14.44,0.00,11.11,0.00,0.00,5.56,0.00,0.00,0.00,68.89
10:33:49,14,13.48,0.00,12.36,0.00,0.00,4.49,0.00,0.00,0.00,69.66
10:33:49,15,14.89,0.00,11.70,0.00,0.00,4.26,0.00,0.00,0.00,69.15
10:33:50,4,17.20,0.00,10.75,0.00,0.00,5.38,0.00,0.00,0.00,66.67
10:33:50,5,15.38,0.00,10.99,0.00,0.00,5.49,0.00,0.00,0.00,68.13
10:33:50,6,14.13,0.00,10.87,0.00,0.00,5.43,0.00,0.00,0.00,69.57
10:33:50,7,11.70,0.00,13.83,0.00,0.00,5.32,0.00,0.00,0.00,69.15
10:33:50,12,14.29,0.00,13.19,0.00,0.00,3.30,0.00,0.00,0.00,69.23
10:33:50,13,15.62,0.00,16.67,0.00,0.00,4.17,0.00,0.00,0.00,63.54
10:33:50,14,15.96,0.00,11.70,0.00,0.00,4.26,0.00,0.00,0.00,68.09
10:33:50,15,12.90,0.00,10.75,0.00,0.00,5.38,0.00,0.00,0.00,70.97
10:33:51,4,13.68,0.00,15.79,0.00,0.00,5.26,0.00,0.00,0.00,65.26
10:33:51,5,18.09,0.00,14.89,0.00,0.00,5.32,0.00,0.00,0.00,61.70
10:33:51,6,16.13,0.00,11.83,0.00,0.00,4.30,0.00,0.00,0.00,67.74
10:33:51,7,13.98,0.00,13.98,0.00,0.00,4.30,0.00,0.00,0.00,67.74
10:33:51,12,19.35,0.00,12.90,0.00,0.00,5.38,0.00,0.00,0.00,62.37
10:33:51,13,15.38,0.00,14.29,0.00,0.00,4.40,0.00,0.00,0.00,65.93
10:33:51,14,15.38,0.00,14.29,0.00,0.00,4.40,0.00,0.00,0.00,65.93
10:33:51,15,14.29,0.00,12.09,0.00,0.00,4.40,0.00,0.00,0.00,69.23
10:33:52,4,17.02,0.00,11.70,0.00,0.00,4.26,0.00,0.00,0.00,67.02
10:33:52,5,15.38,0.00,10.99,0.00,0.00,5.49,0.00,0.00,0.00,68.13
10:33:52,6,14.13,0.00,11.96,0.00,0.00,5.43,0.00,0.00,0.00,68.48
10:33:52,7,13.83,0.00,10.64,0.00,0.00,4.26,0.00,0.00,0.00,71.28
10:33:52,12,16.13,0.00,11.83,0.00,0.00,5.38,0.00,0.00,0.00,66.67
10:33:52,13,14.29,0.00,13.19,0.00,0.00,5.49,0.00,0.00,0.00,67.03
10:33:52,14,14.89,0.00,15.96,0.00,0.00,4.26,0.00,0.00,0.00,64.89
10:33:52,15,14.89,0.00,11.70,0.00,0.00,4.26,0.00,0.00,0.00,69.15
10:33:53,4,14.89,0.00,11.70,0.00,0.00,5.32,0.00,0.00,0.00,68.09
10:33:53,5,16.85,0.00,12.36,0.00,0.00,3.37,0.00,0.00,0.00,67.42
10:33:53,6,14.29,0.00,12.09,0.00,0.00,4.40,0.00,0.00,0.00,69.23
10:33:53,7,12.09,0.00,12.09,0.00,0.00,3.30,0.00,0.00,0.00,72.53
10:33:53,12,14.44,0.00,14.44,0.00,0.00,3.33,0.00,0.00,0.00,67.78
10:33:53,13,15.38,0.00,13.19,0.00,0.00,4.40,0.00,0.00,0.00,67.03
10:33:53,14,13.98,0.00,11.83,0.00,0.00,6.45,0.00,0.00,0.00,67.74
10:33:53,15,13.04,0.00,11.96,0.00,0.00,4.35,0.00,0.00,0.00,70.65
10:33:54,4,14.89,0.00,11.70,0.00,0.00,5.32,0.00,0.00,0.00,68.09
10:33:54,5,13.83,0.00,12.77,0.00,0.00,5.32,0.00,0.00,0.00,68.09
10:33:54,6,13.48,0.00,14.61,0.00,0.00,3.37,0.00,0.00,0.00,68.54
10:33:54,7,12.63,0.00,11.58,0.00,0.00,4.21,0.00,0.00,0.00,71.58
10:33:54,12,13.83,0.00,12.77,0.00,0.00,5.32,0.00,0.00,0.00,68.09
10:33:54,13,15.05,0.00,11.83,0.00,0.00,4.30,0.00,0.00,0.00,68.82
10:33:54,14,17.02,0.00,12.77,0.00,0.00,5.32,0.00,0.00,0.00,64.89
10:33:54,15,12.09,0.00,12.09,0.00,0.00,4.40,0.00,0.00,0.00,71.43
10:33:55,4,16.30,0.00,10.87,0.00,0.00,4.35,0.00,0.00,0.00,68.48
10:33:55,5,15.79,0.00,13.68,0.00,0.00,4.21,0.00,0.00,0.00,66.32
10:33:55,6,15.05,0.00,11.83,0.00,0.00,5.38,0.00,0.00,0.00,67.74
10:33:55,7,11.83,0.00,12.90,0.00,0.00,5.38,0.00,0.00,0.00,69.89
10:33:55,12,12.77,0.00,13.83,0.00,0.00,6.38,0.00,0.00,0.00,67.02
10:33:55,13,15.96,0.00,12.77,0.00,0.00,5.32,0.00,0.00,0.00,65.96
10:33:55,14,14.74,0.00,13.68,0.00,0.00,6.32,0.00,0.00,0.00,65.26
10:33:55,15,15.05,0.00,11.83,0.00,0.00,4.30,0.00,0.00,0.00,68.82
10:33:56,4,15.56,0.00,12.22,0.00,0.00,4.44,0.00,0.00,0.00,67.78
10:33:56,5,16.13,0.00,12.90,0.00,0.00,4.30,0.00,0.00,0.00,66.67
10:33:56,6,14.74,0.00,13.68,0.00,0.00,5.26,0.00,0.00,0.00,66.32
10:33:56,7,15.05,0.00,12.90,0.00,0.00,3.23,0.00,0.00,0.00,68.82
10:33:56,12,19.57,0.00,13.04,0.00,0.00,4.35,0.00,0.00,0.00,63.04
10:33:56,13,16.13,0.00,12.90,0.00,0.00,5.38,0.00,0.00,0.00,65.59
10:33:56,14,17.20,0.00,11.83,0.00,0.00,4.30,0.00,0.00,0.00,66.67
10:33:56,15,15.05,0.00,11.83,0.00,0.00,4.30,0.00,0.00,0.00,68.82
10:33:57,4,15.05,0.00,10.75,0.00,0.00,6.45,0.00,0.00,0.00,67.74
10:33:57,5,15.38,0.00,12.09,0.00,0.00,4.40,0.00,0.00,0.00,68.13
10:33:57,6,16.13,0.00,12.90,0.00,0.00,4.30,0.00,0.00,0.00,66.67
10:33:57,7,12.90,0.00,11.83,1.08,0.00,5.38,0.00,0.00,0.00,68.82
10:33:57,12,12.77,0.00,13.83,0.00,0.00,5.32,0.00,0.00,0.00,68.09
10:33:57,13,16.13,0.00,11.83,0.00,0.00,4.30,0.00,0.00,0.00,67.74
10:33:57,14,14.13,0.00,11.96,1.09,0.00,6.52,0.00,0.00,0.00,66.30
10:33:57,15,13.83,0.00,13.83,0.00,0.00,4.26,0.00,0.00,0.00,68.09
10:33:58,4,13.83,0.00,12.77,0.00,0.00,5.32,0.00,0.00,0.00,68.09
10:33:58,5,15.96,0.00,12.77,0.00,0.00,4.26,0.00,0.00,0.00,67.02
10:33:58,6,15.38,0.00,12.09,0.00,0.00,3.30,0.00,0.00,0.00,69.23
10:33:58,7,13.04,0.00,13.04,0.00,0.00,4.35,0.00,0.00,0.00,69.57
10:33:58,12,14.74,0.00,13.68,0.00,0.00,5.26,0.00,0.00,0.00,66.32
10:33:58,13,15.38,0.00,10.99,0.00,0.00,4.40,0.00,0.00,0.00,69.23
10:33:58,14,15.96,0.00,15.96,0.00,0.00,3.19,0.00,0.00,0.00,64.89
10:33:58,15,16.13,0.00,9.68,0.00,0.00,5.38,0.00,0.00,0.00,68.82
10:33:59,4,13.33,0.00,11.11,0.00,0.00,4.44,0.00,0.00,0.00,71.11
10:33:59,5,14.74,0.00,12.63,0.00,0.00,5.26,0.00,0.00,0.00,67.37
10:33:59,6,11.70,0.00,13.83,0.00,0.00,6.38,0.00,0.00,0.00,68.09
10:33:59,7,13.19,0.00,12.09,0.00,0.00,4.40,0.00,0.00,0.00,70.33
10:33:59,12,15.05,0.00,12.90,0.00,0.00,4.30,0.00,0.00,0.00,67.74
10:33:59,13,14.58,0.00,12.50,0.00,0.00,6.25,0.00,0.00,0.00,66.67
10:33:59,14,15.96,0.00,11.70,0.00,0.00,4.26,0.00,0.00,0.00,68.09
10:33:59,15,15.62,0.00,12.50,0.00,0.00,5.21,0.00,0.00,0.00,66.67
10:34:00,4,13.98,0.00,12.90,0.00,0.00,5.38,0.00,0.00,0.00,67.74
10:34:00,5,15.79,0.00,13.68,0.00,0.00,4.21,0.00,0.00,0.00,66.32
10:34:00,6,13.98,0.00,11.83,0.00,0.00,4.30,0.00,0.00,0.00,69.89
10:34:00,7,12.63,0.00,12.63,0.00,0.00,4.21,0.00,0.00,0.00,70.53
10:34:00,12,14.29,0.00,13.19,0.00,0.00,4.40,0.00,0.00,0.00,68.13
10:34:00,13,16.13,0.00,12.90,0.00,0.00,3.23,0.00,0.00,0.00,67.74
10:34:00,14,12.77,0.00,14.89,0.00,0.00,6.38,0.00,0.00,0.00,65.96
10:34:00,15,14.89,0.00,11.70,0.00,0.00,5.32,0.00,0.00,0.00,68.09
10:34:01,4,15.22,0.00,16.30,0.00,0.00,5.43,0.00,0.00,0.00,63.04
10:34:01,5,17.20,0.00,13.98,0.00,0.00,5.38,0.00,0.00,0.00,63.44
10:34:01,6,14.74,0.00,15.79,0.00,0.00,4.21,0.00,0.00,0.00,65.26
10:34:01,7,14.13,0.00,10.87,0.00,0.00,4.35,0.00,0.00,0.00,70.65
10:34:01,12,16.48,0.00,13.19,0.00,0.00,4.40,0.00,0.00,0.00,65.93
10:34:01,13,18.68,0.00,15.38,0.00,0.00,4.40,0.00,0.00,0.00,61.54
10:34:01,14,16.13,0.00,12.90,0.00,0.00,5.38,0.00,0.00,0.00,65.59
10:34:01,15,14.13,0.00,9.78,0.00,0.00,5.43,0.00,0.00,0.00,70.65
10:34:02,4,17.02,0.00,12.77,0.00,0.00,4.26,0.00,0.00,0.00,65.96
10:34:02,5,14.89,0.00,12.77,0.00,0.00,5.32,0.00,0.00,0.00,67.02
10:34:02,6,13.48,0.00,12.36,1.12,0.00,4.49,0.00,0.00,0.00,68.54
10:34:02,7,13.98,0.00,12.90,0.00,0.00,3.23,0.00,0.00,0.00,69.89
10:34:02,12,14.74,0.00,12.63,0.00,0.00,6.32,0.00,0.00,0.00,66.32
10:34:02,13,16.13,0.00,10.75,0.00,0.00,6.45,0.00,0.00,0.00,66.67
10:34:02,14,15.05,0.00,11.83,0.00,0.00,4.30,0.00,0.00,0.00,68.82
10:34:02,15,14.74,0.00,11.58,0.00,0.00,4.21,0.00,0.00,0.00,69.47
10:34:03,4,16.13,0.00,12.90,0.00,0.00,4.30,0.00,0.00,0.00,66.67
10:34:03,5,15.22,0.00,10.87,0.00,0.00,5.43,0.00,0.00,0.00,68.48
10:34:03,6,14.74,0.00,15.79,0.00,0.00,5.26,0.00,0.00,0.00,64.21
10:34:03,7,13.83,0.00,11.70,0.00,0.00,5.32,0.00,0.00,0.00,69.15
10:34:03,12,15.05,0.00,11.83,0.00,0.00,5.38,0.00,0.00,0.00,67.74
10:34:03,13,13.33,0.00,14.44,0.00,0.00,4.44,0.00,0.00,0.00,67.78
10:34:03,14,14.74,0.00,13.68,0.00,0.00,4.21,0.00,0.00,0.00,67.37
10:34:03,15,12.09,0.00,10.99,0.00,0.00,5.49,0.00,0.00,0.00,71.43
10:34:04,4,15.05,0.00,15.05,0.00,0.00,4.30,0.00,0.00,0.00,65.59
10:34:04,5,14.89,0.00,12.77,0.00,0.00,5.32,0.00,0.00,0.00,67.02
10:34:04,6,14.61,0.00,12.36,0.00,0.00,3.37,0.00,0.00,0.00,69.66
10:34:04,7,15.05,0.00,10.75,0.00,0.00,4.30,0.00,0.00,0.00,69.89
10:34:04,12,14.13,0.00,11.96,0.00,0.00,5.43,0.00,0.00,0.00,68.48
10:34:04,13,15.79,0.00,14.74,0.00,0.00,4.21,0.00,0.00,0.00,65.26
10:34:04,14,14.13,0.00,11.96,0.00,0.00,5.43,0.00,0.00,0.00,68.48
10:34:04,15,14.74,0.00,11.58,0.00,0.00,4.21,0.00,0.00,0.00,69.47
10:34:05,4,15.05,0.00,9.68,0.00,0.00,6.45,0.00,0.00,0.00,68.82
10:34:05,5,15.56,0.00,8.89,0.00,0.00,4.44,0.00,0.00,0.00,71.11
10:34:05,6,14.58,0.00,11.46,0.00,0.00,6.25,0.00,0.00,0.00,67.71
10:34:05,7,15.62,0.00,10.42,0.00,0.00,4.17,0.00,0.00,0.00,69.79
10:34:05,12,16.30,0.00,11.96,0.00,0.00,5.43,0.00,0.00,0.00,66.30
10:34:05,13,16.13,0.00,10.75,0.00,0.00,5.38,0.00,0.00,0.00,67.74
10:34:05,14,14.74,0.00,12.63,0.00,0.00,5.26,0.00,0.00,0.00,67.37
10:34:05,15,13.04,0.00,11.96,0.00,0.00,5.43,0.00,0.00,0.00,69.57
10:34:06,4,16.67,0.00,14.44,0.00,0.00,4.44,0.00,0.00,0.00,64.44
10:34:06,5,14.89,0.00,14.89,0.00,0.00,5.32,0.00,0.00,0.00,64.89
10:34:06,6,17.20,0.00,13.98,0.00,0.00,4.30,0.00,0.00,0.00,64.52
10:34:06,7,13.98,0.00,10.75,0.00,0.00,6.45,0.00,0.00,0.00,68.82
10:34:06,12,17.39,0.00,11.96,0.00,0.00,4.35,0.00,0.00,0.00,66.30
10:34:06,13,15.38,0.00,12.09,0.00,0.00,4.40,0.00,0.00,0.00,68.13
10:34:06,14,14.29,0.00,12.09,0.00,0.00,4.40,0.00,0.00,0.00,69.23
10:34:06,15,15.22,0.00,11.96,0.00,0.00,4.35,0.00,0.00,0.00,68.48
10:34:07,4,16.49,0.00,13.40,2.06,0.00,5.15,0.00,0.00,0.00,62.89
10:34:07,5,14.29,0.00,12.09,0.00,0.00,4.40,0.00,0.00,0.00,69.23
10:34:07,6,15.38,0.00,12.09,0.00,0.00,4.40,0.00,0.00,0.00,68.13
10:34:07,7,10.99,0.00,13.19,0.00,0.00,3.30,0.00,0.00,0.00,72.53
10:34:07,12,16.84,0.00,13.68,0.00,0.00,5.26,0.00,0.00,0.00,64.21
10:34:07,13,14.29,0.00,10.99,0.00,0.00,5.49,0.00,0.00,0.00,69.23
10:34:07,14,16.13,0.00,12.90,0.00,0.00,5.38,0.00,0.00,0.00,65.59
10:34:07,15,12.90,0.00,11.83,0.00,0.00,5.38,0.00,0.00,0.00,69.89
10:34:08,4,16.13,0.00,15.05,0.00,0.00,4.30,0.00,0.00,0.00,64.52
10:34:08,5,14.13,0.00,14.13,0.00,0.00,3.26,0.00,0.00,0.00,68.48
10:34:08,6,13.98,0.00,15.05,0.00,0.00,3.23,0.00,0.00,0.00,67.74
10:34:08,7,13.83,0.00,11.70,0.00,0.00,5.32,0.00,0.00,0.00,69.15
10:34:08,12,13.98,0.00,12.90,0.00,0.00,5.38,0.00,0.00,0.00,67.74
10:34:08,13,16.30,0.00,13.04,0.00,0.00,5.43,0.00,0.00,0.00,65.22
10:34:08,14,14.74,0.00,13.68,0.00,0.00,5.26,0.00,0.00,0.00,66.32
10:34:08,15,13.83,0.00,11.70,0.00,0.00,4.26,0.00,0.00,0.00,70.21
10:34:09,4,13.04,0.00,14.13,0.00,0.00,4.35,0.00,0.00,0.00,68.48
10:34:09,5,13.98,0.00,12.90,0.00,0.00,5.38,0.00,0.00,0.00,67.74
10:34:09,6,13.83,0.00,13.83,0.00,0.00,5.32,0.00,0.00,0.00,67.02
10:34:09,7,11.96,0.00,14.13,0.00,0.00,3.26,0.00,0.00,0.00,70.65
10:34:09,12,13.04,0.00,13.04,0.00,0.00,4.35,0.00,0.00,0.00,69.57
10:34:09,13,14.58,0.00,11.46,0.00,0.00,6.25,0.00,0.00,0.00,67.71
10:34:09,14,17.02,0.00,13.83,0.00,0.00,3.19,0.00,0.00,0.00,65.96
10:34:09,15,15.96,0.00,11.70,0.00,0.00,4.26,0.00,0.00,0.00,68.09
10:34:10,4,14.29,0.00,10.99,0.00,0.00,5.49,0.00,0.00,0.00,69.23
10:34:10,5,14.13,0.00,14.13,0.00,0.00,4.35,0.00,0.00,0.00,67.39
10:34:10,6,16.13,0.00,11.83,0.00,0.00,6.45,0.00,0.00,0.00,65.59
10:34:10,7,13.98,0.00,10.75,0.00,0.00,4.30,0.00,0.00,0.00,70.97
10:34:10,12,13.83,0.00,12.77,0.00,0.00,5.32,0.00,0.00,0.00,68.09
10:34:10,13,15.22,0.00,10.87,0.00,0.00,4.35,0.00,0.00,0.00,69.57
10:34:10,14,15.22,0.00,11.96,0.00,0.00,5.43,0.00,0.00,0.00,67.39
10:34:10,15,14.13,0.00,10.87,0.00,0.00,5.43,0.00,0.00,0.00,69.57
10:34:11,4,15.56,0.00,12.22,0.00,0.00,4.44,0.00,0.00,0.00,67.78
10:34:11,5,15.79,0.00,14.74,0.00,0.00,4.21,0.00,0.00,0.00,65.26
10:34:11,6,17.39,0.00,13.04,0.00,0.00,3.26,0.00,0.00,0.00,66.30
10:34:11,7,13.83,0.00,12.77,0.00,0.00,4.26,0.00,0.00,0.00,69.15
10:34:11,12,17.20,0.00,15.05,0.00,0.00,5.38,0.00,0.00,0.00,62.37
10:34:11,13,18.09,0.00,15.96,0.00,0.00,4.26,0.00,0.00,0.00,61.70
10:34:11,14,16.67,0.00,13.33,0.00,0.00,4.44,0.00,0.00,0.00,65.56
10:34:11,15,14.13,0.00,10.87,0.00,0.00,4.35,0.00,0.00,0.00,70.65
10:34:12,4,15.05,0.00,12.90,1.08,0.00,4.30,0.00,0.00,0.00,66.67
10:34:12,5,12.90,0.00,13.98,0.00,0.00,5.38,0.00,0.00,0.00,67.74
10:34:12,6,14.89,0.00,11.70,0.00,0.00,6.38,0.00,0.00,0.00,67.02
10:34:12,7,15.62,0.00,11.46,0.00,0.00,4.17,0.00,0.00,0.00,68.75
10:34:12,12,13.19,0.00,13.19,0.00,0.00,5.49,0.00,0.00,0.00,68.13
10:34:12,13,16.67,0.00,12.50,0.00,0.00,4.17,0.00,0.00,0.00,66.67
10:34:12,14,14.29,0.00,13.19,1.10,0.00,4.40,0.00,0.00,0.00,67.03
10:34:12,15,16.13,0.00,10.75,0.00,0.00,4.30,0.00,0.00,0.00,68.82
10:34:13,4,12.90,0.00,15.05,0.00,0.00,4.30,0.00,0.00,0.00,67.74
10:34:13,5,13.98,0.00,12.90,0.00,0.00,5.38,0.00,0.00,0.00,67.74
10:34:13,6,14.29,0.00,12.09,0.00,0.00,3.30,0.00,0.00,0.00,70.33
10:34:13,7,12.63,0.00,13.68,0.00,0.00,5.26,0.00,0.00,0.00,68.42
10:34:13,12,14.29,0.00,14.29,0.00,0.00,4.40,0.00,0.00,0.00,67.03
10:34:13,13,13.98,0.00,13.98,0.00,0.00,5.38,0.00,0.00,0.00,66.67
10:34:13,14,14.58,0.00,14.58,0.00,0.00,5.21,0.00,0.00,0.00,65.62
10:34:13,15,14.29,0.00,13.19,0.00,0.00,4.40,0.00,0.00,0.00,68.13
10:34:14,4,17.20,0.00,11.83,0.00,0.00,5.38,0.00,0.00,0.00,65.59
10:34:14,5,15.22,0.00,13.04,0.00,0.00,3.26,0.00,0.00,0.00,68.48
10:34:14,6,13.83,0.00,11.70,0.00,0.00,4.26,0.00,0.00,0.00,70.21
10:34:14,7,12.90,0.00,10.75,0.00,0.00,4.30,0.00,0.00,0.00,72.04
10:34:14,12,13.98,0.00,15.05,0.00,0.00,5.38,0.00,0.00,0.00,65.59
10:34:14,13,15.96,0.00,14.89,0.00,0.00,5.32,0.00,0.00,0.00,63.83
10:34:14,14,16.30,0.00,11.96,0.00,0.00,4.35,0.00,0.00,0.00,67.39
10:34:14,15,13.04,0.00,11.96,0.00,0.00,5.43,0.00,0.00,0.00,69.57
10:34:15,4,16.13,0.00,12.90,0.00,0.00,4.30,0.00,0.00,0.00,66.67
10:34:15,5,12.36,0.00,13.48,0.00,0.00,3.37,0.00,0.00,0.00,70.79
10:34:15,6,13.98,0.00,12.90,0.00,0.00,5.38,0.00,0.00,0.00,67.74
10:34:15,7,12.90,0.00,12.90,0.00,0.00,5.38,0.00,0.00,0.00,68.82
10:34:15,12,15.05,0.00,12.90,0.00,0.00,4.30,0.00,0.00,0.00,67.74
10:34:15,13,14.13,0.00,14.13,0.00,0.00,4.35,0.00,0.00,0.00,67.39
10:34:15,14,15.79,0.00,12.63,0.00,0.00,3.16,0.00,0.00,0.00,68.42
10:34:15,15,13.68,0.00,12.63,0.00,0.00,5.26,0.00,0.00,0.00,68.42
10:34:16,4,17.20,0.00,11.83,0.00,0.00,4.30,0.00,0.00,0.00,66.67
10:34:16,5,15.79,0.00,13.68,0.00,0.00,5.26,0.00,0.00,0.00,65.26
10:34:16,6,15.96,0.00,12.77,0.00,0.00,4.26,0.00,0.00,0.00,67.02
10:34:16,7,13.19,0.00,12.09,0.00,0.00,5.49,0.00,0.00,0.00,69.23
10:34:16,12,13.04,0.00,14.13,0.00,0.00,5.43,0.00,0.00,0.00,67.39
10:34:16,13,19.15,0.00,14.89,0.00,0.00,4.26,0.00,0.00,0.00,61.70
10:34:16,14,13.98,0.00,13.98,0.00,0.00,6.45,0.00,0.00,0.00,65.59
10:34:16,15,15.05,0.00,11.83,0.00,0.00,5.38,0.00,0.00,0.00,67.74
10:34:17,4,13.83,0.00,13.83,0.00,0.00,5.32,0.00,0.00,0.00,67.02
10:34:17,5,15.38,0.00,12.09,0.00,0.00,3.30,0.00,0.00,0.00,69.23
10:34:17,6,14.13,0.00,11.96,0.00,0.00,4.35,0.00,0.00,0.00,69.57
10:34:17,7,12.50,0.00,11.46,0.00,0.00,5.21,0.00,0.00,0.00,70.83
10:34:17,12,16.13,0.00,11.83,0.00,0.00,5.38,0.00,0.00,0.00,66.67
10:34:17,13,15.22,0.00,15.22,0.00,0.00,5.43,0.00,0.00,0.00,64.13
10:34:17,14,15.79,0.00,14.74,0.00,0.00,5.26,0.00,0.00,0.00,64.21
10:34:17,15,14.58,0.00,13.54,0.00,0.00,4.17,0.00,0.00,0.00,67.71
10:34:18,4,15.38,0.00,12.09,0.00,0.00,3.30,0.00,0.00,0.00,69.23
10:34:18,5,15.79,0.00,13.68,0.00,0.00,5.26,0.00,0.00,0.00,65.26
10:34:18,6,14.13,0.00,11.96,0.00,0.00,5.43,0.00,0.00,0.00,68.48
10:34:18,7,13.04,0.00,11.96,0.00,0.00,4.35,0.00,0.00,0.00,70.65
10:34:18,12,12.90,0.00,16.13,0.00,0.00,4.30,0.00,0.00,0.00,66.67
10:34:18,13,15.05,0.00,11.83,0.00,0.00,5.38,0.00,0.00,0.00,67.74
10:34:18,14,14.29,0.00,13.19,0.00,0.00,4.40,0.00,0.00,0.00,68.13
10:34:18,15,13.98,0.00,12.90,0.00,0.00,4.30,0.00,0.00,0.00,68.82
10:34:19,4,17.02,0.00,12.77,0.00,0.00,5.32,0.00,0.00,0.00,64.89
10:34:19,5,14.89,0.00,12.77,0.00,0.00,6.38,0.00,0.00,0.00,65.96
10:34:19,6,14.13,0.00,13.04,0.00,0.00,4.35,0.00,0.00,0.00,68.48
10:34:19,7,13.40,0.00,13.40,0.00,0.00,6.19,0.00,0.00,0.00,67.01
10:34:19,12,14.74,0.00,14.74,0.00,0.00,5.26,0.00,0.00,0.00,65.26
10:34:19,13,15.22,0.00,10.87,0.00,0.00,5.43,0.00,0.00,0.00,68.48
10:34:19,14,11.96,0.00,13.04,0.00,0.00,5.43,0.00,0.00,0.00,69.57
10:34:19,15,15.05,0.00,10.75,0.00,0.00,4.30,0.00,0.00,0.00,69.89
10:34:20,4,15.31,0.00,15.31,0.00,0.00,6.12,0.00,0.00,0.00,63.27
10:34:20,5,14.29,0.00,16.48,0.00,0.00,3.30,0.00,0.00,0.00,65.93
10:34:20,6,15.05,0.00,11.83,0.00,0.00,5.38,0.00,0.00,0.00,67.74
10:34:20,7,13.04,0.00,11.96,0.00,0.00,4.35,0.00,0.00,0.00,70.65
10:34:20,12,15.79,0.00,12.63,0.00,0.00,4.21,0.00,0.00,0.00,67.37
10:34:20,13,17.20,0.00,12.90,0.00,0.00,4.30,0.00,0.00,0.00,65.59
10:34:20,14,13.98,0.00,12.90,0.00,0.00,5.38,0.00,0.00,0.00,67.74
10:34:20,15,13.98,0.00,10.75,0.00,0.00,4.30,0.00,0.00,0.00,70.97
10:34:21,4,14.44,0.00,11.11,0.00,0.00,4.44,0.00,0.00,0.00,70.00
10:34:21,5,15.79,0.00,12.63,0.00,0.00,5.26,0.00,0.00,0.00,66.32
10:34:21,6,16.84,0.00,13.68,0.00,0.00,4.21,0.00,0.00,0.00,65.26
10:34:21,7,12.77,0.00,11.70,0.00,0.00,4.26,0.00,0.00,0.00,71.28
10:34:21,12,14.61,0.00,12.36,0.00,0.00,5.62,0.00,0.00,0.00,67.42
10:34:21,13,13.04,0.00,16.30,0.00,0.00,4.35,0.00,0.00,0.00,66.30
10:34:21,14,13.19,0.00,13.19,0.00,0.00,4.40,0.00,0.00,0.00,69.23
10:34:21,15,16.13,0.00,8.60,0.00,0.00,5.38,0.00,0.00,0.00,69.89
10:34:22,4,15.38,0.00,10.99,0.00,0.00,4.40,0.00,0.00,0.00,69.23
10:34:22,5,15.96,0.00,12.77,0.00,0.00,4.26,0.00,0.00,0.00,67.02
10:34:22,6,15.22,0.00,11.96,0.00,0.00,5.43,0.00,0.00,0.00,67.39
10:34:22,7,13.98,0.00,11.83,0.00,0.00,6.45,0.00,0.00,0.00,67.74
10:34:22,12,15.79,0.00,13.68,0.00,0.00,5.26,0.00,0.00,0.00,65.26
10:34:22,13,18.95,0.00,13.68,0.00,0.00,3.16,0.00,0.00,0.00,64.21
10:34:22,14,17.89,0.00,16.84,0.00,0.00,4.21,0.00,0.00,0.00,61.05
10:34:22,15,16.67,0.00,12.50,0.00,0.00,5.21,0.00,0.00,0.00,65.62
10:34:23,4,13.83,0.00,12.77,0.00,0.00,5.32,0.00,0.00,0.00,68.09
10:34:23,5,14.13,0.00,10.87,0.00,0.00,5.43,0.00,0.00,0.00,69.57
10:34:23,6,15.62,0.00,11.46,0.00,0.00,6.25,0.00,0.00,0.00,66.67
10:34:23,7,13.33,0.00,12.22,2.22,0.00,3.33,0.00,0.00,0.00,68.89
10:34:23,12,13.19,0.00,12.09,0.00,0.00,4.40,0.00,0.00,0.00,70.33
10:34:23,13,14.58,0.00,12.50,1.04,0.00,5.21,0.00,0.00,0.00,66.67
10:34:23,14,15.38,0.00,10.99,0.00,0.00,4.40,0.00,0.00,0.00,69.23
10:34:23,15,13.19,0.00,12.09,0.00,0.00,4.40,0.00,0.00,0.00,70.33
10:34:24,4,15.05,0.00,12.90,0.00,0.00,4.30,0.00,0.00,0.00,67.74
10:34:24,5,14.89,0.00,13.83,0.00,0.00,3.19,0.00,0.00,0.00,68.09
10:34:24,6,11.83,0.00,12.90,0.00,0.00,5.38,0.00,0.00,0.00,69.89
10:34:24,7,13.83,0.00,12.77,0.00,0.00,3.19,0.00,0.00,0.00,70.21
10:34:24,12,15.96,0.00,12.77,0.00,0.00,6.38,0.00,0.00,0.00,64.89
10:34:24,13,13.19,0.00,12.09,0.00,0.00,4.40,0.00,0.00,0.00,70.33
10:34:24,14,15.05,0.00,11.83,0.00,0.00,5.38,0.00,0.00,0.00,67.74
10:34:24,15,13.68,0.00,13.68,0.00,0.00,4.21,0.00,0.00,0.00,68.42
10:34:25,4,16.13,0.00,12.90,0.00,0.00,4.30,0.00,0.00,0.00,66.67
10:34:25,5,18.28,0.00,10.75,0.00,0.00,5.38,0.00,0.00,0.00,65.59
10:34:25,6,14.13,0.00,11.96,0.00,0.00,4.35,0.00,0.00,0.00,69.57
10:34:25,7,13.98,0.00,11.83,0.00,0.00,3.23,0.00,0.00,0.00,70.97
10:34:25,12,14.74,0.00,12.63,0.00,0.00,5.26,0.00,0.00,0.00,67.37
10:34:25,13,15.96,0.00,11.70,0.00,0.00,4.26,0.00,0.00,0.00,68.09
10:34:25,14,14.13,0.00,11.96,0.00,0.00,5.43,0.00,0.00,0.00,68.48
10:34:25,15,15.05,0.00,9.68,0.00,0.00,3.23,0.00,0.00,0.00,72.04
10:34:26,4,16.13,0.00,11.83,0.00,0.00,4.30,0.00,0.00,0.00,67.74
10:34:26,5,15.96,0.00,11.70,0.00,0.00,6.38,0.00,0.00,0.00,65.96
10:34:26,6,15.22,0.00,10.87,0.00,0.00,4.35,0.00,0.00,0.00,69.57
10:34:26,7,13.33,0.00,10.00,0.00,0.00,4.44,0.00,0.00,0.00,72.22
10:34:26,12,16.48,0.00,12.09,0.00,0.00,5.49,0.00,0.00,0.00,65.93
10:34:26,13,16.13,0.00,12.90,0.00,0.00,4.30,0.00,0.00,0.00,66.67
10:34:26,14,16.13,0.00,10.75,0.00,0.00,5.38,0.00,0.00,0.00,67.74
10:34:26,15,12.90,0.00,12.90,0.00,0.00,4.30,0.00,0.00,0.00,69.89
10:34:27,4,17.58,0.00,12.09,0.00,0.00,4.40,0.00,0.00,0.00,65.93
10:34:27,5,15.05,0.00,11.83,0.00,0.00,5.38,0.00,0.00,0.00,67.74
10:34:27,6,16.84,0.00,13.68,0.00,0.00,5.26,0.00,0.00,0.00,64.21
10:34:27,7,13.98,0.00,12.90,0.00,0.00,4.30,0.00,0.00,0.00,68.82
10:34:27,12,14.89,0.00,13.83,0.00,0.00,5.32,0.00,0.00,0.00,65.96
10:34:27,13,17.20,0.00,13.98,0.00,0.00,3.23,0.00,0.00,0.00,65.59
10:34:27,14,15.22,0.00,11.96,0.00,0.00,5.43,0.00,0.00,0.00,67.39
10:34:27,15,12.77,0.00,13.83,0.00,0.00,5.32,0.00,0.00,0.00,68.09
10:34:28,4,15.05,0.00,13.98,0.00,0.00,4.30,0.00,0.00,0.00,66.67
10:34:28,5,16.13,0.00,11.83,0.00,0.00,4.30,0.00,0.00,0.00,67.74
10:34:28,6,14.89,0.00,12.77,0.00,0.00,4.26,0.00,0.00,0.00,68.09
10:34:28,7,13.83,0.00,10.64,0.00,0.00,5.32,0.00,0.00,0.00,70.21
10:34:28,12,15.22,0.00,14.13,0.00,0.00,4.35,0.00,0.00,0.00,66.30
10:34:28,13,14.89,0.00,11.70,0.00,0.00,5.32,0.00,0.00,0.00,68.09
10:34:28,14,15.96,0.00,13.83,0.00,0.00,4.26,0.00,0.00,0.00,65.96
10:34:28,15,13.33,0.00,10.00,0.00,0.00,5.56,0.00,0.00,0.00,71.11
10:34:29,4,15.05,0.00,12.90,0.00,0.00,4.30,0.00,0.00,0.00,67.74
10:34:29,5,15.22,0.00,10.87,0.00,0.00,4.35,0.00,0.00,0.00,69.57
10:34:29,6,14.89,0.00,12.77,0.00,0.00,5.32,0.00,0.00,0.00,67.02
10:34:29,7,15.22,0.00,11.96,0.00,0.00,3.26,0.00,0.00,0.00,69.57
10:34:29,12,12.09,0.00,14.29,0.00,0.00,4.40,0.00,0.00,0.00,69.23
10:34:29,13,14.89,0.00,12.77,0.00,0.00,4.26,0.00,0.00,0.00,68.09
10:34:29,14,15.22,0.00,11.96,0.00,0.00,4.35,0.00,0.00,0.00,68.48
10:34:29,15,16.84,0.00,11.58,0.00,0.00,4.21,0.00,0.00,0.00,67.37
10:34:30,4,13.19,0.00,10.99,0.00,0.00,4.40,0.00,0.00,0.00,71.43
10:34:30,5,17.39,0.00,13.04,0.00,0.00,3.26,0.00,0.00,0.00,66.30
10:34:30,6,13.33,0.00,12.22,0.00,0.00,3.33,0.00,0.00,0.00,71.11
10:34:30,7,13.98,0.00,12.90,0.00,0.00,4.30,0.00,0.00,0.00,68.82
10:34:30,12,12.77,0.00,12.77,0.00,0.00,5.32,0.00,0.00,0.00,69.15
10:34:30,13,15.79,0.00,12.63,0.00,0.00,5.26,0.00,0.00,0.00,66.32
10:34:30,14,13.83,0.00,12.77,0.00,0.00,6.38,0.00,0.00,0.00,67.02
10:34:30,15,16.67,0.00,10.42,0.00,0.00,6.25,0.00,0.00,0.00,66.67
10:34:31,4,12.22,0.00,12.22,0.00,0.00,5.56,0.00,0.00,0.00,70.00
10:34:31,5,17.02,0.00,13.83,0.00,0.00,4.26,0.00,0.00,0.00,64.89
10:34:31,6,13.83,0.00,13.83,0.00,0.00,5.32,0.00,0.00,0.00,67.02
10:34:31,7,10.99,0.00,13.19,0.00,0.00,3.30,0.00,0.00,0.00,72.53
10:34:31,12,16.30,0.00,11.96,0.00,0.00,4.35,0.00,0.00,0.00,67.39
10:34:31,13,14.89,0.00,12.77,0.00,0.00,5.32,0.00,0.00,0.00,67.02
10:34:31,14,16.84,0.00,10.53,0.00,0.00,5.26,0.00,0.00,0.00,67.37
10:34:31,15,12.90,0.00,11.83,0.00,0.00,4.30,0.00,0.00,0.00,70.97
10:34:32,4,18.95,0.00,12.63,0.00,0.00,5.26,0.00,0.00,0.00,63.16
10:34:32,5,16.13,0.00,12.90,0.00,0.00,4.30,0.00,0.00,0.00,66.67
10:34:32,6,15.96,0.00,12.77,0.00,0.00,5.32,0.00,0.00,0.00,65.96
10:34:32,7,13.04,0.00,11.96,0.00,0.00,4.35,0.00,0.00,0.00,70.65
10:34:32,12,17.20,0.00,17.20,0.00,0.00,4.30,0.00,0.00,0.00,61.29
10:34:32,13,14.13,0.00,15.22,0.00,0.00,4.35,0.00,0.00,0.00,66.30
10:34:32,14,18.48,0.00,11.96,0.00,0.00,4.35,0.00,0.00,0.00,65.22
10:34:32,15,13.04,0.00,13.04,0.00,0.00,5.43,0.00,0.00,0.00,68.48
10:34:33,4,14.89,0.00,11.70,1.06,0.00,5.32,0.00,0.00,0.00,67.02
10:34:33,5,13.98,0.00,12.90,0.00,0.00,4.30,0.00,0.00,0.00,68.82
10:34:33,6,14.74,0.00,12.63,0.00,0.00,5.26,0.00,0.00,0.00,67.37
10:34:33,7,14.29,0.00,10.99,0.00,0.00,4.40,0.00,0.00,0.00,70.33
10:34:33,12,14.13,0.00,11.96,0.00,0.00,4.35,0.00,0.00,0.00,69.57
10:34:33,13,15.96,0.00,9.57,0.00,0.00,5.32,0.00,0.00,0.00,69.15
10:34:33,14,12.77,0.00,11.70,0.00,0.00,7.45,0.00,0.00,0.00,68.09
10:34:33,15,13.19,0.00,12.09,0.00,0.00,4.40,0.00,0.00,0.00,70.33
10:34:34,4,15.22,0.00,10.87,0.00,0.00,4.35,0.00,0.00,0.00,69.57
10:34:34,5,16.13,0.00,12.90,0.00,0.00,5.38,0.00,0.00,0.00,65.59
10:34:34,6,13.83,0.00,12.77,0.00,0.00,5.32,0.00,0.00,0.00,68.09
10:34:34,7,13.68,0.00,12.63,0.00,0.00,5.26,0.00,0.00,0.00,68.42
10:34:34,12,13.33,0.00,11.11,0.00,0.00,4.44,0.00,0.00,0.00,71.11
10:34:34,13,15.05,0.00,10.75,0.00,0.00,5.38,0.00,0.00,0.00,68.82
10:34:34,14,13.98,0.00,13.98,0.00,0.00,4.30,0.00,0.00,0.00,67.74
10:34:34,15,15.22,0.00,9.78,0.00,0.00,3.26,0.00,0.00,0.00,71.74
10:34:35,4,15.38,0.00,10.99,0.00,0.00,5.49,0.00,0.00,0.00,68.13
10:34:35,5,15.22,0.00,10.87,0.00,0.00,4.35,0.00,0.00,0.00,69.57
10:34:35,6,14.13,0.00,13.04,0.00,0.00,4.35,0.00,0.00,0.00,68.48
10:34:35,7,12.90,0.00,11.83,0.00,0.00,3.23,0.00,0.00,0.00,72.04
10:34:35,12,15.62,0.00,12.50,0.00,0.00,5.21,0.00,0.00,0.00,66.67
10:34:35,13,15.38,0.00,10.99,0.00,0.00,4.40,0.00,0.00,0.00,69.23
10:34:35,14,15.38,0.00,12.09,0.00,0.00,4.40,0.00,0.00,0.00,68.13
10:34:35,15,13.04,0.00,11.96,0.00,0.00,4.35,0.00,0.00,0.00,70.65
10:34:36,4,15.22,0.00,11.96,0.00,0.00,5.43,0.00,0.00,0.00,67.39
10:34:36,5,17.71,0.00,10.42,0.00,0.00,5.21,0.00,0.00,0.00,66.67
10:34:36,6,12.77,0.00,11.70,0.00,0.00,5.32,0.00,0.00,0.00,70.21
10:34:36,7,12.90,0.00,10.75,0.00,0.00,5.38,0.00,0.00,0.00,70.97
10:34:36,12,15.38,0.00,13.19,0.00,0.00,4.40,0.00,0.00,0.00,67.03
10:34:36,13,16.30,0.00,9.78,0.00,0.00,5.43,0.00,0.00,0.00,68.48
10:34:36,14,13.98,0.00,12.90,0.00,0.00,4.30,0.00,0.00,0.00,68.82
10:34:36,15,13.54,0.00,11.46,0.00,0.00,6.25,0.00,0.00,0.00,68.75
10:34:37,4,16.13,0.00,13.98,0.00,0.00,5.38,0.00,0.00,0.00,64.52
10:34:37,5,15.56,0.00,14.44,0.00,0.00,3.33,0.00,0.00,0.00,66.67
10:34:37,6,17.20,0.00,12.90,0.00,0.00,5.38,0.00,0.00,0.00,64.52
10:34:37,7,12.90,0.00,13.98,0.00,0.00,5.38,0.00,0.00,0.00,67.74
10:34:37,12,15.96,0.00,10.64,0.00,0.00,6.38,0.00,0.00,0.00,67.02
10:34:37,13,14.44,0.00,12.22,0.00,0.00,4.44,0.00,0.00,0.00,68.89
10:34:37,14,15.38,0.00,12.09,0.00,0.00,5.49,0.00,0.00,0.00,67.03
10:34:37,15,13.83,0.00,12.77,0.00,0.00,5.32,0.00,0.00,0.00,68.09
10:34:38,4,14.89,0.00,12.77,0.00,0.00,5.32,0.00,0.00,0.00,67.02
10:34:38,5,14.89,0.00,14.89,1.06,0.00,5.32,0.00,0.00,0.00,63.83
10:34:38,6,13.83,0.00,12.77,0.00,0.00,5.32,0.00,0.00,0.00,68.09
10:34:38,7,12.90,0.00,11.83,0.00,0.00,5.38,0.00,0.00,0.00,69.89
10:34:38,12,15.96,0.00,13.83,0.00,0.00,4.26,0.00,0.00,0.00,65.96
10:34:38,13,15.96,0.00,10.64,0.00,0.00,5.32,0.00,0.00,0.00,68.09
10:34:38,14,16.13,0.00,11.83,0.00,0.00,4.30,0.00,0.00,0.00,67.74
10:34:38,15,12.90,0.00,12.90,0.00,0.00,4.30,0.00,0.00,0.00,69.89
10:34:39,4,15.22,0.00,11.96,0.00,0.00,4.35,0.00,0.00,0.00,68.48
10:34:39,5,15.05,0.00,11.83,0.00,0.00,5.38,0.00,0.00,0.00,67.74
10:34:39,6,15.96,0.00,12.77,0.00,0.00,4.26,0.00,0.00,0.00,67.02
10:34:39,7,15.62,0.00,11.46,0.00,0.00,5.21,0.00,0.00,0.00,67.71
10:34:39,12,15.22,0.00,9.78,0.00,0.00,5.43,0.00,0.00,0.00,69.57
10:34:39,13,15.79,0.00,13.68,0.00,0.00,4.21,0.00,0.00,0.00,66.32
10:34:39,14,14.89,0.00,12.77,0.00,0.00,4.26,0.00,0.00,0.00,68.09
10:34:39,15,13.83,0.00,12.77,0.00,0.00,4.26,0.00,0.00,0.00,69.15
10:34:40,4,14.74,0.00,14.74,0.00,0.00,4.21,0.00,0.00,0.00,66.32
10:34:40,5,14.89,0.00,13.83,0.00,0.00,4.26,0.00,0.00,0.00,67.02
10:34:40,6,13.04,0.00,13.04,0.00,0.00,3.26,0.00,0.00,0.00,70.65
10:34:40,7,13.04,0.00,9.78,0.00,0.00,5.43,0.00,0.00,0.00,71.74
10:34:40,12,15.05,0.00,15.05,0.00,0.00,4.30,0.00,0.00,0.00,65.59
10:34:40,13,15.96,0.00,12.77,0.00,0.00,4.26,0.00,0.00,0.00,67.02
10:34:40,14,13.98,0.00,10.75,0.00,0.00,6.45,0.00,0.00,0.00,68.82
10:34:40,15,14.58,0.00,12.50,0.00,0.00,4.17,0.00,0.00,0.00,68.75
10:34:41,4,13.98,0.00,13.98,0.00,0.00,4.30,0.00,0.00,0.00,67.74
10:34:41,5,15.38,0.00,15.38,0.00,0.00,3.30,0.00,0.00,0.00,65.93
10:34:41,6,15.05,0.00,11.83,0.00,0.00,3.23,0.00,0.00,0.00,69.89
10:34:41,7,13.98,0.00,11.83,0.00,0.00,4.30,0.00,0.00,0.00,69.89
10:34:41,12,14.89,0.00,14.89,0.00,0.00,6.38,0.00,0.00,0.00,63.83
10:34:41,13,16.13,0.00,11.83,0.00,0.00,4.30,0.00,0.00,0.00,67.74
10:34:41,14,13.33,0.00,12.22,0.00,0.00,4.44,0.00,0.00,0.00,70.00
10:34:41,15,13.68,0.00,13.68,0.00,0.00,4.21,0.00,0.00,0.00,68.42
10:34:42,4,13.98,0.00,13.98,0.00,0.00,4.30,0.00,0.00,0.00,67.74
10:34:42,5,14.44,0.00,11.11,0.00,0.00,4.44,0.00,0.00,0.00,70.00
10:34:42,6,15.56,0.00,11.11,0.00,0.00,4.44,0.00,0.00,0.00,68.89
10:34:42,7,13.83,0.00,12.77,0.00,0.00,5.32,0.00,0.00,0.00,68.09
10:34:42,12,19.35,0.00,13.98,0.00,0.00,5.38,0.00,0.00,0.00,61.29
10:34:42,13,17.20,0.00,11.83,0.00,0.00,4.30,0.00,0.00,0.00,66.67
10:34:42,14,15.05,0.00,13.98,0.00,0.00,4.30,0.00,0.00,0.00,66.67
10:34:42,15,14.74,0.00,12.63,0.00,0.00,6.32,0.00,0.00,0.00,66.32
10:34:43,4,16.67,0.00,13.54,0.00,0.00,4.17,0.00,0.00,0.00,65.62
10:34:43,5,14.13,0.00,10.87,2.17,0.00,5.43,0.00,0.00,0.00,67.39
10:34:43,6,14.74,0.00,13.68,0.00,0.00,5.26,0.00,0.00,0.00,66.32
10:34:43,7,12.90,0.00,10.75,0.00,0.00,4.30,0.00,0.00,0.00,72.04
10:34:43,12,17.02,0.00,14.89,1.06,0.00,4.26,0.00,0.00,0.00,62.77
10:34:43,13,16.30,0.00,10.87,0.00,0.00,5.43,0.00,0.00,0.00,67.39
10:34:43,14,17.20,0.00,11.83,0.00,0.00,5.38,0.00,0.00,0.00,65.59
10:34:43,15,15.62,0.00,11.46,0.00,0.00,4.17,0.00,0.00,0.00,68.75
10:34:44,4,15.05,0.00,13.98,0.00,0.00,6.45,0.00,0.00,0.00,64.52
10:34:44,5,13.19,0.00,13.19,0.00,0.00,4.40,0.00,0.00,0.00,69.23
10:34:44,6,16.13,0.00,11.83,0.00,0.00,4.30,0.00,0.00,0.00,67.74
10:34:44,7,15.05,0.00,10.75,0.00,0.00,3.23,0.00,0.00,0.00,70.97
10:34:44,12,17.02,0.00,12.77,0.00,0.00,4.26,0.00,0.00,0.00,65.96
10:34:44,13,15.05,0.00,12.90,0.00,0.00,4.30,0.00,0.00,0.00,67.74
10:34:44,14,13.83,0.00,12.77,0.00,0.00,6.38,0.00,0.00,0.00,67.02
10:34:44,15,14.74,0.00,12.63,0.00,0.00,5.26,0.00,0.00,0.00,67.37
10:34:45,4,15.96,0.00,12.77,0.00,0.00,4.26,0.00,0.00,0.00,67.02
10:34:45,5,17.39,0.00,13.04,0.00,0.00,4.35,0.00,0.00,0.00,65.22
10:34:45,6,13.83,0.00,12.77,0.00,0.00,5.32,0.00,0.00,0.00,68.09
10:34:45,7,13.40,0.00,13.40,0.00,0.00,4.12,0.00,0.00,0.00,69.07
10:34:45,12,16.30,0.00,13.04,0.00,0.00,3.26,0.00,0.00,0.00,67.39
10:34:45,13,17.78,0.00,11.11,0.00,0.00,4.44,0.00,0.00,0.00,66.67
10:34:45,14,13.83,0.00,12.77,0.00,0.00,5.32,0.00,0.00,0.00,68.09
10:34:45,15,13.68,0.00,12.63,0.00,0.00,4.21,0.00,0.00,0.00,69.47
10:34:46,4,12.77,0.00,11.70,0.00,0.00,6.38,0.00,0.00,0.00,69.15
10:34:46,5,16.13,0.00,12.90,0.00,0.00,5.38,0.00,0.00,0.00,65.59
10:34:46,6,14.13,0.00,11.96,0.00,0.00,5.43,0.00,0.00,0.00,68.48
10:34:46,7,13.68,0.00,12.63,0.00,0.00,4.21,0.00,0.00,0.00,69.47
10:34:46,12,16.13,0.00,13.98,0.00,0.00,5.38,0.00,0.00,0.00,64.52
10:34:46,13,15.96,0.00,11.70,0.00,0.00,5.32,0.00,0.00,0.00,67.02
10:34:46,14,15.05,0.00,10.75,0.00,0.00,6.45,0.00,0.00,0.00,67.74
10:34:46,15,13.98,0.00,10.75,0.00,0.00,4.30,0.00,0.00,0.00,70.97
10:34:47,4,19.35,0.00,16.13,0.00,0.00,4.30,0.00,0.00,0.00,60.22
10:34:47,5,17.58,0.00,13.19,0.00,0.00,4.40,0.00,0.00,0.00,64.84
10:34:47,6,13.98,0.00,15.05,0.00,0.00,5.38,0.00,0.00,0.00,65.59
10:34:47,7,12.90,0.00,13.98,0.00,0.00,5.38,0.00,0.00,0.00,67.74
10:34:47,12,17.02,0.00,12.77,0.00,0.00,6.38,0.00,0.00,0.00,63.83
10:34:47,13,17.39,0.00,11.96,0.00,0.00,3.26,0.00,0.00,0.00,67.39
10:34:47,14,14.44,0.00,12.22,0.00,0.00,3.33,0.00,0.00,0.00,70.00
10:34:47,15,11.96,0.00,14.13,0.00,0.00,4.35,0.00,0.00,0.00,69.57
10:34:48,4,14.13,0.00,10.87,0.00,0.00,6.52,0.00,0.00,0.00,68.48
10:34:48,5,15.22,0.00,13.04,0.00,0.00,4.35,0.00,0.00,0.00,67.39
10:34:48,6,15.22,0.00,10.87,0.00,0.00,4.35,0.00,0.00,0.00,69.57
10:34:48,7,14.58,0.00,12.50,0.00,0.00,5.21,0.00,0.00,0.00,67.71
10:34:48,12,15.79,0.00,10.53,0.00,0.00,5.26,0.00,0.00,0.00,68.42
10:34:48,13,15.05,0.00,11.83,0.00,0.00,4.30,0.00,0.00,0.00,68.82
10:34:48,14,13.83,0.00,12.77,0.00,0.00,5.32,0.00,0.00,0.00,68.09
10:34:48,15,15.05,0.00,10.75,0.00,0.00,4.30,0.00,0.00,0.00,69.89
10:34:49,4,18.56,0.00,10.31,0.00,0.00,4.12,0.00,0.00,0.00,67.01
10:34:49,5,16.67,0.00,14.58,0.00,0.00,4.17,0.00,0.00,0.00,64.58
10:34:49,6,13.83,0.00,13.83,0.00,0.00,5.32,0.00,0.00,0.00,67.02
10:34:49,7,14.13,0.00,11.96,0.00,0.00,4.35,0.00,0.00,0.00,69.57
10:34:49,12,15.38,0.00,10.99,0.00,0.00,4.40,0.00,0.00,0.00,69.23
10:34:49,13,14.89,0.00,12.77,0.00,0.00,5.32,0.00,0.00,0.00,67.02
10:34:49,14,16.67,0.00,12.50,0.00,0.00,4.17,0.00,0.00,0.00,66.67
10:34:49,15,13.04,0.00,13.04,0.00,0.00,4.35,0.00,0.00,0.00,69.57
10:34:50,4,15.96,0.00,13.83,0.00,0.00,3.19,0.00,0.00,0.00,67.02
10:34:50,5,15.22,0.00,14.13,0.00,0.00,5.43,0.00,0.00,0.00,65.22
10:34:50,6,15.05,0.00,11.83,0.00,0.00,5.38,0.00,0.00,0.00,67.74
10:34:50,7,13.83,0.00,11.70,0.00,0.00,5.32,0.00,0.00,0.00,69.15
10:34:50,12,14.29,0.00,9.89,0.00,0.00,5.49,0.00,0.00,0.00,70.33
10:34:50,13,17.71,0.00,11.46,0.00,0.00,4.17,0.00,0.00,0.00,66.67
10:34:50,14,14.13,0.00,14.13,0.00,0.00,3.26,0.00,0.00,0.00,68.48
10:34:50,15,13.68,0.00,12.63,0.00,0.00,5.26,0.00,0.00,0.00,68.42
10:34:51,4,13.04,0.00,11.96,0.00,0.00,3.26,0.00,0.00,0.00,71.74
10:34:51,5,14.89,0.00,13.83,0.00,0.00,5.32,0.00,0.00,0.00,65.96
10:34:51,6,13.19,0.00,10.99,0.00,0.00,4.40,0.00,0.00,0.00,71.43
10:34:51,7,14.74,0.00,12.63,0.00,0.00,5.26,0.00,0.00,0.00,67.37
10:34:51,12,12.90,0.00,12.90,0.00,0.00,5.38,0.00,0.00,0.00,68.82
10:34:51,13,14.89,0.00,11.70,0.00,0.00,4.26,0.00,0.00,0.00,69.15
10:34:51,14,15.05,0.00,11.83,0.00,0.00,5.38,0.00,0.00,0.00,67.74
10:34:51,15,12.63,0.00,13.68,0.00,0.00,5.26,0.00,0.00,0.00,68.42
10:34:52,4,15.56,0.00,11.11,0.00,0.00,4.44,0.00,0.00,0.00,68.89
10:34:52,5,15.96,0.00,15.96,0.00,0.00,4.26,0.00,0.00,0.00,63.83
10:34:52,6,16.13,0.00,11.83,0.00,0.00,5.38,0.00,0.00,0.00,66.67
10:34:52,7,15.22,0.00,11.96,0.00,0.00,3.26,0.00,0.00,0.00,69.57
10:34:52,12,12.90,0.00,11.83,0.00,0.00,6.45,0.00,0.00,0.00,68.82
10:34:52,13,19.35,0.00,15.05,0.00,0.00,3.23,0.00,0.00,0.00,62.37
10:34:52,14,15.05,0.00,13.98,0.00,0.00,5.38,0.00,0.00,0.00,65.59
10:34:52,15,17.71,0.00,11.46,0.00,0.00,5.21,0.00,0.00,0.00,65.62
10:34:53,4,15.22,0.00,13.04,0.00,0.00,4.35,0.00,0.00,0.00,67.39
10:34:53,5,16.67,0.00,11.11,0.00,0.00,4.44,0.00,0.00,0.00,67.78
10:34:53,6,15.62,0.00,13.54,0.00,0.00,5.21,0.00,0.00,0.00,65.62
10:34:53,7,14.58,0.00,11.46,0.00,0.00,5.21,0.00,0.00,0.00,68.75
10:34:53,12,13.68,0.00,13.68,0.00,0.00,6.32,0.00,0.00,0.00,66.32
10:34:53,13,15.38,0.00,10.99,0.00,0.00,4.40,0.00,0.00,0.00,69.23
10:34:53,14,14.89,0.00,11.70,1.06,0.00,4.26,0.00,0.00,0.00,68.09
10:34:53,15,11.58,0.00,12.63,0.00,0.00,5.26,0.00,0.00,0.00,70.53
10:34:54,4,18.48,0.00,9.78,0.00,0.00,5.43,0.00,0.00,0.00,66.30
10:34:54,5,13.04,0.00,15.22,0.00,0.00,4.35,0.00,0.00,0.00,67.39
10:34:54,6,13.83,0.00,12.77,0.00,0.00,5.32,0.00,0.00,0.00,68.09
10:34:54,7,11.70,0.00,11.70,0.00,0.00,4.26,0.00,0.00,0.00,72.34
10:34:54,12,14.13,0.00,11.96,0.00,0.00,6.52,0.00,0.00,0.00,67.39
10:34:54,13,14.13,0.00,11.96,0.00,0.00,5.43,0.00,0.00,0.00,68.48
10:34:54,14,14.29,0.00,12.09,0.00,0.00,5.49,0.00,0.00,0.00,68.13
10:34:54,15,12.77,0.00,13.83,0.00,0.00,3.19,0.00,0.00,0.00,70.21
10:34:55,4,16.13,0.00,10.75,0.00,0.00,4.30,0.00,0.00,0.00,68.82
10:34:55,5,17.39,0.00,11.96,0.00,0.00,4.35,0.00,0.00,0.00,66.30
10:34:55,6,14.74,0.00,13.68,0.00,0.00,5.26,0.00,0.00,0.00,66.32
10:34:55,7,12.77,0.00,12.77,0.00,0.00,4.26,0.00,0.00,0.00,70.21
10:34:55,12,14.89,0.00,15.96,0.00,0.00,5.32,0.00,0.00,0.00,63.83
10:34:55,13,15.22,0.00,11.96,0.00,0.00,4.35,0.00,0.00,0.00,68.48
10:34:55,14,13.83,0.00,12.77,0.00,0.00,5.32,0.00,0.00,0.00,68.09
10:34:55,15,12.77,0.00,11.70,0.00,0.00,4.26,0.00,0.00,0.00,71.28
10:34:56,4,15.05,0.00,10.75,0.00,0.00,4.30,0.00,0.00,0.00,69.89
10:34:56,5,13.83,0.00,12.77,0.00,0.00,4.26,0.00,0.00,0.00,69.15
10:34:56,6,13.83,0.00,12.77,0.00,0.00,4.26,0.00,0.00,0.00,69.15
10:34:56,7,12.77,0.00,12.77,0.00,0.00,3.19,0.00,0.00,0.00,71.28
10:34:56,12,14.13,0.00,11.96,0.00,0.00,5.43,0.00,0.00,0.00,68.48
10:34:56,13,15.22,0.00,11.96,0.00,0.00,5.43,0.00,0.00,0.00,67.39
10:34:56,14,15.96,0.00,11.70,0.00,0.00,4.26,0.00,0.00,0.00,68.09
10:34:56,15,12.77,0.00,12.77,0.00,0.00,5.32,0.00,0.00,0.00,69.15
10:34:57,4,17.02,0.00,11.70,0.00,0.00,5.32,0.00,0.00,0.00,65.96
10:34:57,5,15.38,0.00,14.29,0.00,0.00,4.40,0.00,0.00,0.00,65.93
10:34:57,6,16.13,0.00,11.83,0.00,0.00,4.30,0.00,0.00,0.00,67.74
10:34:57,7,14.89,0.00,9.57,0.00,0.00,4.26,0.00,0.00,0.00,71.28
10:34:57,12,18.28,0.00,13.98,0.00,0.00,4.30,0.00,0.00,0.00,63.44
10:34:57,13,16.13,0.00,12.90,0.00,0.00,4.30,0.00,0.00,0.00,66.67
10:34:57,14,17.58,0.00,13.19,0.00,0.00,4.40,0.00,0.00,0.00,64.84
10:34:57,15,13.19,0.00,12.09,0.00,0.00,4.40,0.00,0.00,0.00,70.33
10:34:58,4,15.22,0.00,10.87,0.00,0.00,3.26,0.00,0.00,0.00,70.65
10:34:58,5,13.98,0.00,13.98,0.00,0.00,6.45,0.00,0.00,0.00,65.59
10:34:58,6,15.96,0.00,11.70,0.00,0.00,4.26,0.00,0.00,0.00,68.09
10:34:58,7,13.68,0.00,11.58,0.00,0.00,4.21,0.00,0.00,0.00,70.53
10:34:58,12,14.29,0.00,10.99,0.00,0.00,5.49,0.00,0.00,0.00,69.23
10:34:58,13,18.28,0.00,11.83,0.00,0.00,3.23,0.00,0.00,0.00,66.67
10:34:58,14,15.96,0.00,10.64,0.00,0.00,5.32,0.00,0.00,0.00,68.09
10:34:58,15,14.43,0.00,11.34,0.00,0.00,5.15,0.00,0.00,0.00,69.07
10:34:59,4,13.98,0.00,10.75,0.00,0.00,5.38,0.00,0.00,0.00,69.89
10:34:59,5,13.98,0.00,13.98,0.00,0.00,3.23,0.00,0.00,0.00,68.82
10:34:59,6,13.19,0.00,12.09,0.00,0.00,4.40,0.00,0.00,0.00,70.33
10:34:59,7,15.05,0.00,12.90,0.00,0.00,3.23,0.00,0.00,0.00,68.82
10:34:59,12,12.90,0.00,11.83,0.00,0.00,5.38,0.00,0.00,0.00,69.89
10:34:59,13,13.68,0.00,12.63,0.00,0.00,6.32,0.00,0.00,0.00,67.37
10:34:59,14,14.74,0.00,13.68,0.00,0.00,4.21,0.00,0.00,0.00,67.37
10:34:59,15,12.90,0.00,13.98,0.00,0.00,5.38,0.00,0.00,0.00,67.74
10:35:00,4,15.31,0.00,13.27,0.00,0.00,4.08,0.00,0.00,0.00,67.35
10:35:00,5,14.74,0.00,12.63,0.00,0.00,4.21,0.00,0.00,0.00,68.42
10:35:00,6,14.29,0.00,12.09,0.00,0.00,4.40,0.00,0.00,0.00,69.23
10:35:00,7,12.77,0.00,10.64,0.00,0.00,4.26,0.00,0.00,0.00,72.34
10:35:00,12,15.05,0.00,13.98,0.00,0.00,4.30,0.00,0.00,0.00,66.67
10:35:00,13,14.29,0.00,10.99,0.00,0.00,4.40,0.00,0.00,0.00,70.33
10:35:00,14,16.13,0.00,11.83,0.00,0.00,3.23,0.00,0.00,0.00,68.82
10:35:00,15,13.83,0.00,10.64,0.00,0.00,4.26,0.00,0.00,0.00,71.28
10:35:01,4,15.22,0.00,11.96,0.00,0.00,5.43,0.00,0.00,0.00,67.39
10:35:01,5,15.38,0.00,10.99,0.00,0.00,4.40,0.00,0.00,0.00,69.23
10:35:01,6,13.04,0.00,10.87,0.00,0.00,4.35,0.00,0.00,0.00,71.74
10:35:01,7,12.63,0.00,10.53,0.00,0.00,5.26,0.00,0.00,0.00,71.58
10:35:01,12,14.44,0.00,11.11,0.00,0.00,4.44,0.00,0.00,0.00,70.00
10:35:01,13,16.48,0.00,13.19,0.00,0.00,4.40,0.00,0.00,0.00,65.93
10:35:01,14,15.79,0.00,11.58,0.00,0.00,4.21,0.00,0.00,0.00,68.42
10:35:01,15,13.83,0.00,10.64,0.00,0.00,4.26,0.00,0.00,0.00,71.28
10:35:02,4,16.13,0.00,13.98,0.00,0.00,4.30,0.00,0.00,0.00,65.59
10:35:02,5,13.83,0.00,13.83,0.00,0.00,5.32,0.00,0.00,0.00,67.02
10:35:02,6,15.79,0.00,12.63,0.00,0.00,4.21,0.00,0.00,0.00,67.37
10:35:02,7,15.05,0.00,11.83,0.00,0.00,4.30,0.00,0.00,0.00,68.82
10:35:02,12,16.30,0.00,11.96,0.00,0.00,4.35,0.00,0.00,0.00,67.39
10:35:02,13,14.43,0.00,13.40,0.00,0.00,6.19,0.00,0.00,0.00,65.98
10:35:02,14,14.89,0.00,11.70,0.00,0.00,5.32,0.00,0.00,0.00,68.09
10:35:02,15,15.05,0.00,10.75,0.00,0.00,3.23,0.00,0.00,0.00,70.97
10:35:03,4,16.48,0.00,9.89,0.00,0.00,5.49,0.00,0.00,0.00,68.13
10:35:03,5,16.30,0.00,14.13,1.09,0.00,5.43,0.00,0.00,0.00,63.04
10:35:03,6,15.05,0.00,12.90,0.00,0.00,5.38,0.00,0.00,0.00,66.67
10:35:03,7,11.83,0.00,11.83,0.00,0.00,4.30,0.00,0.00,0.00,72.04
10:35:03,12,13.98,0.00,11.83,0.00,0.00,4.30,0.00,0.00,0.00,69.89
10:35:03,13,14.61,0.00,11.24,0.00,0.00,5.62,0.00,0.00,0.00,68.54
10:35:03,14,14.89,0.00,11.70,0.00,0.00,5.32,0.00,0.00,0.00,68.09
10:35:03,15,11.96,0.00,10.87,1.09,0.00,4.35,0.00,0.00,0.00,71.74
10:35:04,4,15.79,0.00,9.47,0.00,0.00,7.37,0.00,0.00,0.00,67.37
10:35:04,5,11.11,0.00,14.44,0.00,0.00,4.44,0.00,0.00,0.00,70.00
10:35:04,6,12.90,0.00,11.83,0.00,0.00,5.38,0.00,0.00,0.00,69.89
10:35:04,7,13.68,0.00,10.53,0.00,0.00,6.32,0.00,0.00,0.00,69.47
10:35:04,12,15.22,0.00,13.04,0.00,0.00,4.35,0.00,0.00,0.00,67.39
10:35:04,13,16.13,0.00,11.83,0.00,0.00,4.30,0.00,0.00,0.00,67.74
10:35:04,14,15.79,0.00,11.58,0.00,0.00,4.21,0.00,0.00,0.00,68.42
10:35:04,15,13.04,0.00,11.96,0.00,0.00,4.35,0.00,0.00,0.00,70.65
10:35:05,4,15.96,0.00,11.70,0.00,0.00,3.19,0.00,0.00,0.00,69.15
10:35:05,5,15.05,0.00,10.75,0.00,0.00,5.38,0.00,0.00,0.00,68.82
10:35:05,6,13.98,0.00,12.90,0.00,0.00,5.38,0.00,0.00,0.00,67.74
10:35:05,7,14.74,0.00,13.68,0.00,0.00,3.16,0.00,0.00,0.00,68.42
10:35:05,12,14.13,0.00,10.87,0.00,0.00,5.43,0.00,0.00,0.00,69.57
10:35:05,13,12.77,0.00,11.70,0.00,0.00,6.38,0.00,0.00,0.00,69.15
10:35:05,14,14.74,0.00,11.58,0.00,0.00,5.26,0.00,0.00,0.00,68.42
10:35:05,15,14.58,0.00,13.54,0.00,0.00,3.12,0.00,0.00,0.00,68.75
10:35:06,4,15.05,0.00,13.98,0.00,0.00,5.38,0.00,0.00,0.00,65.59
10:35:06,5,17.20,0.00,11.83,0.00,0.00,5.38,0.00,0.00,0.00,65.59
10:35:06,6,14.13,0.00,10.87,0.00,0.00,4.35,0.00,0.00,0.00,70.65
10:35:06,7,11.46,0.00,12.50,0.00,0.00,5.21,0.00,0.00,0.00,70.83
10:35:06,12,14.74,0.00,13.68,0.00,0.00,6.32,0.00,0.00,0.00,65.26
10:35:06,13,16.30,0.00,11.96,0.00,0.00,5.43,0.00,0.00,0.00,66.30
10:35:06,14,14.13,0.00,10.87,0.00,0.00,4.35,0.00,0.00,0.00,70.65
10:35:06,15,14.43,0.00,10.31,0.00,0.00,5.15,0.00,0.00,0.00,70.10
10:35:07,4,14.29,0.00,13.19,0.00,0.00,3.30,0.00,0.00,0.00,69.23
10:35:07,5,15.56,0.00,12.22,0.00,0.00,3.33,0.00,0.00,0.00,68.89
10:35:07,6,15.96,0.00,12.77,0.00,0.00,4.26,0.00,0.00,0.00,67.02
10:35:07,7,14.89,0.00,12.77,0.00,0.00,5.32,0.00,0.00,0.00,67.02
10:35:07,12,14.89,0.00,12.77,0.00,0.00,5.32,0.00,0.00,0.00,67.02
10:35:07,13,15.79,0.00,14.74,0.00,0.00,4.21,0.00,0.00,0.00,65.26
10:35:07,14,17.20,0.00,10.75,0.00,0.00,4.30,0.00,0.00,0.00,67.74
10:35:07,15,16.67,0.00,13.54,0.00,0.00,4.17,0.00,0.00,0.00,65.62
10:35:08,4,14.29,0.00,13.19,0.00,0.00,6.59,0.00,0.00,0.00,65.93
10:35:08,5,14.44,0.00,11.11,0.00,0.00,5.56,0.00,0.00,0.00,68.89
10:35:08,6,15.96,0.00,12.77,0.00,0.00,5.32,0.00,0.00,0.00,65.96
10:35:08,7,12.90,0.00,10.75,0.00,0.00,3.23,0.00,0.00,0.00,73.12
10:35:08,12,12.90,0.00,16.13,0.00,0.00,3.23,0.00,0.00,0.00,67.74
10:35:08,13,15.22,0.00,11.96,0.00,0.00,4.35,0.00,0.00,0.00,68.48
10:35:08,14,16.30,0.00,11.96,0.00,0.00,5.43,0.00,0.00,0.00,66.30
10:35:08,15,12.09,0.00,12.09,0.00,0.00,3.30,0.00,0.00,0.00,72.53
10:35:09,4,14.89,0.00,10.64,0.00,0.00,5.32,0.00,0.00,0.00,69.15
10:35:09,5,15.38,0.00,13.19,0.00,0.00,3.30,0.00,0.00,0.00,68.13
10:35:09,6,14.89,0.00,12.77,0.00,0.00,3.19,0.00,0.00,0.00,69.15
10:35:09,7,12.09,0.00,10.99,0.00,0.00,4.40,0.00,0.00,0.00,72.53
10:35:09,12,14.89,0.00,11.70,0.00,0.00,5.32,0.00,0.00,0.00,68.09
10:35:09,13,15.05,0.00,11.83,0.00,0.00,5.38,0.00,0.00,0.00,67.74
10:35:09,14,14.13,0.00,11.96,0.00,0.00,3.26,0.00,0.00,0.00,70.65
10:35:09,15,14.74,0.00,12.63,0.00,0.00,3.16,0.00,0.00,0.00,69.47
10:35:10,4,15.79,0.00,12.63,0.00,0.00,4.21,0.00,0.00,0.00,67.37
10:35:10,5,13.33,0.00,12.22,0.00,0.00,4.44,0.00,0.00,0.00,70.00
10:35:10,6,15.96,0.00,11.70,0.00,0.00,4.26,0.00,0.00,0.00,68.09
10:35:10,7,12.77,0.00,12.77,0.00,0.00,5.32,0.00,0.00,0.00,69.15
10:35:10,12,14.13,0.00,11.96,0.00,0.00,4.35,0.00,0.00,0.00,69.57
10:35:10,13,15.05,0.00,10.75,0.00,0.00,5.38,0.00,0.00,0.00,68.82
10:35:10,14,12.90,0.00,11.83,0.00,0.00,5.38,0.00,0.00,0.00,69.89
10:35:10,15,13.54,0.00,12.50,0.00,0.00,6.25,0.00,0.00,0.00,67.71
10:35:11,4,15.22,0.00,13.04,0.00,0.00,4.35,0.00,0.00,0.00,67.39
10:35:11,5,15.38,0.00,10.99,0.00,0.00,4.40,0.00,0.00,0.00,69.23
10:35:11,6,15.05,0.00,11.83,0.00,0.00,3.23,0.00,0.00,0.00,69.89
10:35:11,7,11.83,0.00,13.98,0.00,0.00,3.23,0.00,0.00,0.00,70.97
10:35:11,12,13.98,0.00,10.75,0.00,0.00,5.38,0.00,0.00,0.00,69.89
10:35:11,13,15.22,0.00,13.04,0.00,0.00,4.35,0.00,0.00,0.00,67.39
10:35:11,14,15.79,0.00,11.58,0.00,0.00,5.26,0.00,0.00,0.00,67.37
10:35:11,15,11.83,0.00,12.90,0.00,0.00,4.30,0.00,0.00,0.00,70.97
10:35:12,4,15.62,0.00,14.58,0.00,0.00,5.21,0.00,0.00,0.00,64.58
10:35:12,5,15.05,0.00,9.68,0.00,0.00,5.38,0.00,0.00,0.00,69.89
10:35:12,6,16.13,0.00,12.90,0.00,0.00,4.30,0.00,0.00,0.00,66.67
10:35:12,7,13.54,0.00,12.50,0.00,0.00,5.21,0.00,0.00,0.00,68.75
10:35:12,12,13.98,0.00,13.98,0.00,0.00,3.23,0.00,0.00,0.00,68.82
10:35:12,13,14.89,0.00,11.70,0.00,0.00,5.32,0.00,0.00,0.00,68.09
10:35:12,14,15.22,0.00,8.70,0.00,0.00,5.43,0.00,0.00,0.00,70.65
10:35:12,15,13.68,0.00,10.53,0.00,0.00,5.26,0.00,0.00,0.00,70.53
10:35:13,4,16.13,0.00,11.83,0.00,0.00,5.38,0.00,0.00,0.00,66.67
10:35:13,5,14.13,0.00,11.96,0.00,0.00,4.35,0.00,0.00,0.00,69.57
10:35:13,6,14.44,0.00,8.89,0.00,0.00,4.44,0.00,0.00,0.00,72.22
10:35:13,7,15.22,0.00,13.04,0.00,0.00,4.35,0.00,0.00,0.00,67.39
10:35:13,12,14.74,0.00,12.63,0.00,0.00,5.26,0.00,0.00,0.00,67.37
10:35:13,13,18.28,0.00,12.90,0.00,0.00,4.30,0.00,0.00,0.00,64.52
10:35:13,14,16.67,0.00,12.50,0.00,0.00,4.17,0.00,0.00,0.00,66.67
10:35:13,15,14.44,0.00,12.22,1.11,0.00,4.44,0.00,0.00,0.00,67.78
10:35:14,4,14.13,0.00,11.96,0.00,0.00,4.35,0.00,0.00,0.00,69.57
10:35:14,5,13.98,0.00,11.83,0.00,0.00,4.30,0.00,0.00,0.00,69.89
10:35:14,6,15.05,0.00,10.75,0.00,0.00,5.38,0.00,0.00,0.00,68.82
10:35:14,7,13.68,0.00,12.63,0.00,0.00,5.26,0.00,0.00,0.00,68.42
10:35:14,12,13.98,0.00,11.83,0.00,0.00,5.38,0.00,0.00,0.00,68.82
10:35:14,13,13.04,0.00,11.96,0.00,0.00,5.43,0.00,0.00,0.00,69.57
10:35:14,14,15.38,0.00,12.09,0.00,0.00,4.40,0.00,0.00,0.00,68.13
10:35:14,15,14.89,0.00,11.70,0.00,0.00,4.26,0.00,0.00,0.00,69.15
10:35:15,4,16.30,0.00,11.96,0.00,0.00,4.35,0.00,0.00,0.00,67.39
10:35:15,5,14.61,0.00,11.24,0.00,0.00,3.37,0.00,0.00,0.00,70.79
10:35:15,6,13.04,0.00,10.87,0.00,0.00,4.35,0.00,0.00,0.00,71.74
10:35:15,7,12.90,0.00,11.83,0.00,0.00,3.23,0.00,0.00,0.00,72.04
10:35:15,12,17.71,0.00,13.54,0.00,0.00,5.21,0.00,0.00,0.00,63.54
10:35:15,13,14.13,0.00,11.96,0.00,0.00,5.43,0.00,0.00,0.00,68.48
10:35:15,14,13.98,0.00,11.83,0.00,0.00,4.30,0.00,0.00,0.00,69.89
10:35:15,15,14.58,0.00,11.46,0.00,0.00,5.21,0.00,0.00,0.00,68.75
10:35:16,4,11.96,0.00,14.13,0.00,0.00,4.35,0.00,0.00,0.00,69.57
10:35:16,5,14.89,0.00,11.70,0.00,0.00,5.32,0.00,0.00,0.00,68.09
10:35:16,6,13.98,0.00,10.75,0.00,0.00,4.30,0.00,0.00,0.00,70.97
10:35:16,7,10.75,0.00,12.90,0.00,0.00,4.30,0.00,0.00,0.00,72.04
10:35:16,12,15.38,0.00,12.09,0.00,0.00,5.49,0.00,0.00,0.00,67.03
10:35:16,13,17.02,0.00,11.70,0.00,0.00,5.32,0.00,0.00,0.00,65.96
10:35:16,14,15.79,0.00,11.58,0.00,0.00,5.26,0.00,0.00,0.00,67.37
10:35:16,15,13.04,0.00,13.04,0.00,0.00,4.35,0.00,0.00,0.00,69.57
10:35:17,4,16.84,0.00,12.63,0.00,0.00,4.21,0.00,0.00,0.00,66.32
10:35:17,5,16.30,0.00,9.78,0.00,0.00,4.35,0.00,0.00,0.00,69.57
10:35:17,6,13.98,0.00,12.90,0.00,0.00,4.30,0.00,0.00,0.00,68.82
10:35:17,7,14.89,0.00,11.70,0.00,0.00,3.19,0.00,0.00,0.00,70.21
10:35:17,12,15.62,0.00,14.58,0.00,0.00,4.17,0.00,0.00,0.00,65.62
10:35:17,13,14.74,0.00,13.68,0.00,0.00,4.21,0.00,0.00,0.00,67.37
10:35:17,14,14.13,0.00,13.04,0.00,0.00,4.35,0.00,0.00,0.00,68.48
10:35:17,15,13.83,0.00,13.83,0.00,0.00,3.19,0.00,0.00,0.00,69.15
10:35:18,4,16.67,0.00,12.50,0.00,0.00,5.21,0.00,0.00,0.00,65.62
10:35:18,5,14.29,0.00,14.29,0.00,0.00,4.40,0.00,0.00,0.00,67.03
10:35:18,6,16.30,0.00,10.87,0.00,0.00,4.35,0.00,0.00,0.00,68.48
10:35:18,7,15.96,0.00,11.70,0.00,0.00,4.26,0.00,0.00,0.00,68.09
10:35:18,12,17.39,0.00,13.04,1.09,0.00,4.35,0.00,0.00,0.00,64.13
10:35:18,13,17.02,0.00,11.70,0.00,0.00,5.32,0.00,0.00,0.00,65.96
10:35:18,14,15.22,0.00,13.04,0.00,0.00,3.26,0.00,0.00,0.00,68.48
10:35:18,15,15.79,0.00,13.68,0.00,0.00,4.21,0.00,0.00,0.00,66.32
10:35:19,4,13.19,0.00,10.99,0.00,0.00,5.49,0.00,0.00,0.00,70.33
10:35:19,5,15.05,0.00,9.68,0.00,0.00,5.38,0.00,0.00,0.00,69.89
10:35:19,6,13.98,0.00,10.75,0.00,0.00,4.30,0.00,0.00,0.00,70.97
10:35:19,7,13.40,0.00,14.43,0.00,0.00,4.12,0.00,0.00,0.00,68.04
10:35:19,12,14.13,0.00,13.04,0.00,0.00,3.26,0.00,0.00,0.00,69.57
10:35:19,13,14.44,0.00,14.44,0.00,0.00,3.33,0.00,0.00,0.00,67.78
10:35:19,14,15.38,0.00,9.89,0.00,0.00,4.40,0.00,0.00,0.00,70.33
10:35:19,15,14.89,0.00,11.70,0.00,0.00,4.26,0.00,0.00,0.00,69.15
10:35:20,4,15.22,0.00,10.87,0.00,0.00,3.26,0.00,0.00,0.00,70.65
10:35:20,5,15.96,0.00,12.77,0.00,0.00,4.26,0.00,0.00,0.00,67.02
10:35:20,6,13.98,0.00,11.83,0.00,0.00,5.38,0.00,0.00,0.00,68.82
10:35:20,7,13.83,0.00,13.83,0.00,0.00,5.32,0.00,0.00,0.00,67.02
10:35:20,12,13.98,0.00,12.90,0.00,0.00,4.30,0.00,0.00,0.00,68.82
10:35:20,13,13.83,0.00,11.70,0.00,0.00,5.32,0.00,0.00,0.00,69.15
10:35:20,14,15.62,0.00,11.46,0.00,0.00,5.21,0.00,0.00,0.00,67.71
10:35:20,15,13.83,0.00,10.64,0.00,0.00,4.26,0.00,0.00,0.00,71.28
10:35:21,4,14.13,0.00,15.22,0.00,0.00,5.43,0.00,0.00,0.00,65.22
10:35:21,5,14.89,0.00,13.83,0.00,0.00,4.26,0.00,0.00,0.00,67.02
10:35:21,6,16.13,0.00,9.68,0.00,0.00,5.38,0.00,0.00,0.00,68.82
10:35:21,7,11.11,0.00,12.22,0.00,0.00,3.33,0.00,0.00,0.00,73.33
10:35:21,12,13.83,0.00,12.77,0.00,0.00,5.32,0.00,0.00,0.00,68.09
10:35:21,13,15.79,0.00,12.63,0.00,0.00,4.21,0.00,0.00,0.00,67.37
10:35:21,14,14.29,0.00,9.89,0.00,0.00,4.40,0.00,0.00,0.00,71.43
10:35:21,15,13.83,0.00,12.77,0.00,0.00,4.26,0.00,0.00,0.00,69.15
10:35:22,4,15.46,0.00,12.37,0.00,0.00,5.15,0.00,0.00,0.00,67.01
10:35:22,5,13.98,0.00,12.90,0.00,0.00,4.30,0.00,0.00,0.00,68.82
10:35:22,6,14.29,0.00,13.19,0.00,0.00,4.40,0.00,0.00,0.00,68.13
10:35:22,7,14.74,0.00,12.63,0.00,0.00,5.26,0.00,0.00,0.00,67.37
10:35:22,12,15.05,0.00,10.75,0.00,0.00,5.38,0.00,0.00,0.00,68.82
10:35:22,13,14.89,0.00,10.64,0.00,0.00,5.32,0.00,0.00,0.00,69.15
10:35:22,14,14.58,0.00,12.50,0.00,0.00,5.21,0.00,0.00,0.00,67.71
10:35:22,15,13.68,0.00,12.63,0.00,0.00,4.21,0.00,0.00,0.00,69.47
10:35:23,4,17.20,0.00,12.90,0.00,0.00,5.38,0.00,0.00,0.00,64.52
10:35:23,5,16.48,0.00,14.29,0.00,0.00,4.40,0.00,0.00,0.00,64.84
10:35:23,6,15.22,0.00,10.87,0.00,0.00,6.52,0.00,0.00,0.00,67.39
10:35:23,7,11.83,0.00,10.75,0.00,0.00,5.38,0.00,0.00,0.00,72.04
10:35:23,12,19.57,0.00,14.13,0.00,0.00,4.35,0.00,0.00,0.00,61.96
10:35:23,13,17.39,0.00,10.87,0.00,0.00,5.43,0.00,0.00,0.00,66.30
10:35:23,14,18.68,0.00,13.19,0.00,0.00,3.30,0.00,0.00,0.00,64.84
10:35:23,15,13.83,0.00,11.70,0.00,0.00,4.26,0.00,0.00,0.00,70.21
10:35:24,4,12.90,0.00,12.90,0.00,0.00,4.30,0.00,0.00,0.00,69.89
10:35:24,5,14.29,0.00,10.99,0.00,0.00,4.40,0.00,0.00,0.00,70.33
10:35:24,6,14.61,0.00,11.24,0.00,0.00,2.25,0.00,0.00,0.00,71.91
10:35:24,7,15.22,0.00,11.96,0.00,0.00,3.26,0.00,0.00,0.00,69.57
10:35:24,12,15.05,0.00,11.83,0.00,0.00,4.30,0.00,0.00,0.00,68.82
10:35:24,13,14.74,0.00,12.63,0.00,0.00,5.26,0.00,0.00,0.00,67.37
10:35:24,14,13.98,0.00,10.75,0.00,0.00,5.38,0.00,0.00,0.00,69.89
10:35:24,15,14.74,0.00,11.58,0.00,0.00,4.21,0.00,0.00,0.00,69.47
10:35:25,4,14.89,0.00,11.70,0.00,0.00,4.26,0.00,0.00,0.00,69.15
10:35:25,5,13.33,0.00,13.33,0.00,0.00,4.44,0.00,0.00,0.00,68.89
10:35:25,6,14.89,0.00,12.77,0.00,0.00,4.26,0.00,0.00,0.00,68.09
10:35:25,7,12.77,0.00,12.77,0.00,0.00,4.26,0.00,0.00,0.00,70.21
10:35:25,12,13.04,0.00,14.13,0.00,0.00,3.26,0.00,0.00,0.00,69.57
10:35:25,13,16.13,0.00,13.98,0.00,0.00,4.30,0.00,0.00,0.00,65.59
10:35:25,14,15.31,0.00,12.24,0.00,0.00,6.12,0.00,0.00,0.00,66.33
10:35:25,15,14.58,0.00,12.50,0.00,0.00,4.17,0.00,0.00,0.00,68.75
10:35:26,4,15.05,0.00,13.98,0.00,0.00,5.38,0.00,0.00,0.00,65.59
10:35:26,5,14.44,0.00,14.44,0.00,0.00,4.44,0.00,0.00,0.00,66.67
10:35:26,6,15.05,0.00,10.75,0.00,0.00,4.30,0.00,0.00,0.00,69.89
10:35:26,7,12.90,0.00,9.68,0.00,0.00,4.30,0.00,0.00,0.00,73.12
10:35:26,12,15.22,0.00,11.96,0.00,0.00,5.43,0.00,0.00,0.00,67.39
10:35:26,13,15.73,0.00,12.36,0.00,0.00,4.49,0.00,0.00,0.00,67.42
10:35:26,14,14.13,0.00,13.04,0.00,0.00,3.26,0.00,0.00,0.00,69.57
10:35:26,15,14.74,0.00,11.58,0.00,0.00,3.16,0.00,0.00,0.00,70.53
10:35:27,4,14.74,0.00,14.74,0.00,0.00,5.26,0.00,0.00,0.00,65.26
10:35:27,5,15.22,0.00,14.13,0.00,0.00,4.35,0.00,0.00,0.00,66.30
10:35:27,6,17.20,0.00,10.75,0.00,0.00,5.38,0.00,0.00,0.00,66.67
10:35:27,7,13.68,0.00,13.68,0.00,0.00,4.21,0.00,0.00,0.00,68.42
10:35:27,12,13.83,0.00,13.83,0.00,0.00,4.26,0.00,0.00,0.00,68.09
10:35:27,13,14.89,0.00,12.77,0.00,0.00,4.26,0.00,0.00,0.00,68.09
10:35:27,14,15.79,0.00,11.58,0.00,0.00,4.21,0.00,0.00,0.00,68.42
10:35:27,15,12.77,0.00,10.64,0.00,0.00,3.19,0.00,0.00,0.00,73.40
10:35:28,4,16.48,0.00,9.89,0.00,0.00,3.30,0.00,0.00,0.00,70.33
10:35:28,5,19.78,0.00,14.29,0.00,0.00,3.30,0.00,0.00,0.00,62.64
10:35:28,6,15.96,0.00,11.70,0.00,0.00,4.26,0.00,0.00,0.00,68.09
10:35:28,7,13.83,0.00,12.77,0.00,0.00,5.32,0.00,0.00,0.00,68.09
10:35:28,12,15.96,0.00,11.70,0.00,0.00,4.26,0.00,0.00,0.00,68.09
10:35:28,13,15.62,0.00,13.54,0.00,0.00,5.21,0.00,0.00,0.00,65.62
10:35:28,14,16.13,0.00,12.90,0.00,0.00,4.30,0.00,0.00,0.00,66.67
10:35:28,15,15.05,0.00,10.75,0.00,0.00,4.30,0.00,0.00,0.00,69.89
10:35:29,4,15.22,0.00,13.04,0.00,0.00,4.35,0.00,0.00,0.00,67.39
10:35:29,5,14.13,0.00,15.22,0.00,0.00,4.35,0.00,0.00,0.00,66.30
10:35:29,6,14.29,0.00,10.99,0.00,0.00,4.40,0.00,0.00,0.00,70.33
10:35:29,7,15.05,0.00,10.75,0.00,0.00,4.30,0.00,0.00,0.00,69.89
10:35:29,12,13.33,0.00,12.22,0.00,0.00,4.44,0.00,0.00,0.00,70.00
10:35:29,13,15.79,0.00,12.63,0.00,0.00,5.26,0.00,0.00,0.00,66.32
10:35:29,14,13.83,0.00,12.77,0.00,0.00,4.26,0.00,0.00,0.00,69.15
10:35:29,15,14.89,0.00,9.57,0.00,0.00,5.32,0.00,0.00,0.00,70.21
10:35:30,4,15.62,0.00,13.54,0.00,0.00,5.21,0.00,0.00,0.00,65.62
10:35:30,5,16.67,0.00,12.50,0.00,0.00,5.21,0.00,0.00,0.00,65.62
10:35:30,6,15.79,0.00,12.63,0.00,0.00,5.26,0.00,0.00,0.00,66.32
10:35:30,7,11.83,0.00,12.90,0.00,0.00,4.30,0.00,0.00,0.00,70.97
10:35:30,12,14.74,0.00,12.63,0.00,0.00,4.21,0.00,0.00,0.00,68.42
10:35:30,13,13.04,0.00,13.04,0.00,0.00,4.35,0.00,0.00,0.00,69.57
10:35:30,14,14.29,0.00,9.89,0.00,0.00,4.40,0.00,0.00,0.00,71.43
10:35:30,15,13.98,0.00,11.83,0.00,0.00,4.30,0.00,0.00,0.00,69.89
10:35:31,4,13.48,0.00,11.24,0.00,0.00,3.37,0.00,0.00,0.00,71.91
10:35:31,5,15.05,0.00,12.90,0.00,0.00,5.38,0.00,0.00,0.00,66.67
10:35:31,6,14.89,0.00,12.77,0.00,0.00,5.32,0.00,0.00,0.00,67.02
10:35:31,7,12.77,0.00,12.77,0.00,0.00,5.32,0.00,0.00,0.00,69.15
10:35:31,12,15.96,0.00,11.70,0.00,0.00,4.26,0.00,0.00,0.00,68.09
10:35:31,13,13.83,0.00,14.89,0.00,0.00,4.26,0.00,0.00,0.00,67.02
10:35:31,14,12.90,0.00,12.90,0.00,0.00,4.30,0.00,0.00,0.00,69.89
10:35:31,15,13.40,0.00,13.40,0.00,0.00,5.15,0.00,0.00,0.00,68.04
10:35:32,4,13.83,0.00,11.70,0.00,0.00,5.32,0.00,0.00,0.00,69.15
10:35:32,5,13.83,0.00,11.70,0.00,0.00,6.38,0.00,0.00,0.00,68.09
10:35:32,6,13.68,0.00,11.58,0.00,0.00,6.32,0.00,0.00,0.00,68.42
10:35:32,7,12.90,0.00,12.90,0.00,0.00,5.38,0.00,0.00,0.00,68.82
10:35:32,12,15.79,0.00,11.58,0.00,0.00,5.26,0.00,0.00,0.00,67.37
10:35:32,13,12.90,0.00,12.90,0.00,0.00,5.38,0.00,0.00,0.00,68.82
10:35:32,14,15.22,0.00,10.87,0.00,0.00,5.43,0.00,0.00,0.00,68.48
10:35:32,15,13.68,0.00,14.74,0.00,0.00,4.21,0.00,0.00,0.00,67.37
10:35:33,4,14.29,0.00,13.19,0.00,0.00,5.49,0.00,0.00,0.00,67.03
10:35:33,5,16.13,0.00,13.98,0.00,0.00,4.30,0.00,0.00,0.00,65.59
10:35:33,6,17.02,0.00,13.83,0.00,0.00,4.26,0.00,0.00,0.00,64.89
10:35:33,7,9.68,0.00,12.90,0.00,0.00,5.38,0.00,0.00,0.00,72.04
10:35:33,12,16.13,0.00,13.98,3.23,0.00,5.38,0.00,0.00,0.00,61.29
10:35:33,13,16.13,0.00,11.83,0.00,0.00,5.38,0.00,0.00,0.00,66.67
10:35:33,14,15.05,0.00,12.90,0.00,0.00,5.38,0.00,0.00,0.00,66.67
10:35:33,15,13.54,0.00,12.50,0.00,0.00,4.17,0.00,0.00,0.00,69.79
10:35:34,4,17.39,0.00,13.04,0.00,0.00,3.26,0.00,0.00,0.00,66.30
10:35:34,5,15.38,0.00,13.19,0.00,0.00,4.40,0.00,0.00,0.00,67.03
10:35:34,6,14.74,0.00,12.63,0.00,0.00,5.26,0.00,0.00,0.00,67.37
10:35:34,7,13.04,0.00,11.96,0.00,0.00,4.35,0.00,0.00,0.00,70.65
10:35:34,12,16.13,0.00,12.90,0.00,0.00,4.30,0.00,0.00,0.00,66.67
10:35:34,13,13.83,0.00,12.77,0.00,0.00,6.38,0.00,0.00,0.00,67.02
10:35:34,14,13.19,0.00,12.09,0.00,0.00,4.40,0.00,0.00,0.00,70.33
10:35:34,15,13.83,0.00,12.77,0.00,0.00,4.26,0.00,0.00,0.00,69.15
10:35:35,4,15.96,0.00,12.77,0.00,0.00,5.32,0.00,0.00,0.00,65.96
10:35:35,5,15.96,0.00,11.70,0.00,0.00,5.32,0.00,0.00,0.00,67.02
10:35:35,6,14.29,0.00,12.09,0.00,0.00,4.40,0.00,0.00,0.00,69.23
10:35:35,7,13.68,0.00,13.68,0.00,0.00,4.21,0.00,0.00,0.00,68.42
10:35:35,12,16.49,0.00,12.37,0.00,0.00,5.15,0.00,0.00,0.00,65.98
10:35:35,13,13.98,0.00,15.05,0.00,0.00,4.30,0.00,0.00,0.00,66.67
10:35:35,14,15.96,0.00,14.89,0.00,0.00,4.26,0.00,0.00,0.00,64.89
10:35:35,15,14.74,0.00,11.58,0.00,0.00,5.26,0.00,0.00,0.00,68.42
10:35:36,4,14.13,0.00,14.13,0.00,0.00,3.26,0.00,0.00,0.00,68.48
10:35:36,5,14.29,0.00,10.99,0.00,0.00,5.49,0.00,0.00,0.00,69.23
10:35:36,6,15.79,0.00,12.63,0.00,0.00,5.26,0.00,0.00,0.00,66.32
10:35:36,7,12.90,0.00,11.83,0.00,0.00,4.30,0.00,0.00,0.00,70.97
10:35:36,12,17.02,0.00,11.70,0.00,0.00,4.26,0.00,0.00,0.00,67.02
10:35:36,13,12.77,0.00,13.83,0.00,0.00,5.32,0.00,0.00,0.00,68.09
10:35:36,14,15.05,0.00,13.98,0.00,0.00,5.38,0.00,0.00,0.00,65.59
10:35:36,15,15.96,0.00,11.70,0.00,0.00,4.26,0.00,0.00,0.00,68.09
10:35:37,4,13.98,0.00,11.83,0.00,0.00,5.38,0.00,0.00,0.00,68.82
10:35:37,5,13.98,0.00,12.90,0.00,0.00,4.30,0.00,0.00,0.00,68.82
10:35:37,6,14.29,0.00,12.09,0.00,0.00,3.30,0.00,0.00,0.00,70.33
10:35:37,7,14.89,0.00,11.70,0.00,0.00,4.26,0.00,0.00,0.00,69.15
10:35:37,12,15.79,0.00,14.74,0.00,0.00,4.21,0.00,0.00,0.00,65.26
10:35:37,13,16.13,0.00,11.83,0.00,0.00,4.30,0.00,0.00,0.00,67.74
10:35:37,14,13.98,0.00,15.05,0.00,0.00,4.30,0.00,0.00,0.00,66.67
10:35:37,15,15.05,0.00,11.83,0.00,0.00,4.30,0.00,0.00,0.00,68.82
10:35:38,4,14.29,0.00,12.09,1.10,0.00,4.40,0.00,0.00,0.00,68.13
10:35:38,5,16.48,0.00,16.48,0.00,0.00,4.40,0.00,0.00,0.00,62.64
10:35:38,6,15.22,0.00,14.13,0.00,0.00,5.43,0.00,0.00,0.00,65.22
10:35:38,7,13.68,0.00,12.63,0.00,0.00,5.26,0.00,0.00,0.00,68.42
10:35:38,12,18.48,0.00,13.04,0.00,0.00,4.35,0.00,0.00,0.00,64.13
10:35:38,13,19.35,0.00,15.05,0.00,0.00,5.38,0.00,0.00,0.00,60.22
10:35:38,14,14.29,0.00,13.19,0.00,0.00,5.49,0.00,0.00,0.00,67.03
10:35:38,15,15.38,0.00,10.99,0.00,0.00,4.40,0.00,0.00,0.00,69.23
10:35:39,4,15.22,0.00,13.04,0.00,0.00,4.35,0.00,0.00,0.00,67.39
10:35:39,5,14.61,0.00,13.48,0.00,0.00,5.62,0.00,0.00,0.00,66.29
10:35:39,6,13.98,0.00,12.90,0.00,0.00,5.38,0.00,0.00,0.00,67.74
10:35:39,7,13.04,0.00,11.96,0.00,0.00,4.35,0.00,0.00,0.00,70.65
10:35:39,12,15.05,0.00,13.98,0.00,0.00,4.30,0.00,0.00,0.00,66.67
10:35:39,13,15.79,0.00,12.63,0.00,0.00,5.26,0.00,0.00,0.00,66.32
10:35:39,14,13.98,0.00,11.83,0.00,0.00,5.38,0.00,0.00,0.00,68.82
10:35:39,15,13.04,0.00,11.96,0.00,0.00,3.26,0.00,0.00,0.00,71.74
10:35:40,4,14.29,0.00,15.38,0.00,0.00,3.30,0.00,0.00,0.00,67.03
10:35:40,5,16.48,0.00,10.99,0.00,0.00,3.30,0.00,0.00,0.00,69.23
10:35:40,6,14.89,0.00,12.77,0.00,0.00,5.32,0.00,0.00,0.00,67.02
10:35:40,7,14.89,0.00,11.70,0.00,0.00,5.32,0.00,0.00,0.00,68.09
10:35:40,12,14.89,0.00,11.70,0.00,0.00,6.38,0.00,0.00,0.00,67.02
10:35:40,13,13.48,0.00,12.36,0.00,0.00,4.49,0.00,0.00,0.00,69.66
10:35:40,14,14.74,0.00,14.74,0.00,0.00,5.26,0.00,0.00,0.00,65.26
10:35:40,15,13.83,0.00,12.77,0.00,0.00,5.32,0.00,0.00,0.00,68.09
10:35:41,4,16.30,0.00,10.87,0.00,0.00,4.35,0.00,0.00,0.00,68.48
10:35:41,5,17.02,0.00,12.77,0.00,0.00,4.26,0.00,0.00,0.00,65.96
10:35:41,6,13.04,0.00,11.96,0.00,0.00,5.43,0.00,0.00,0.00,69.57
10:35:41,7,13.33,0.00,11.11,0.00,0.00,3.33,0.00,0.00,0.00,72.22
10:35:41,12,12.22,0.00,13.33,0.00,0.00,4.44,0.00,0.00,0.00,70.00
10:35:41,13,15.96,0.00,15.96,0.00,0.00,5.32,0.00,0.00,0.00,62.77
10:35:41,14,16.30,0.00,11.96,0.00,0.00,3.26,0.00,0.00,0.00,68.48
10:35:41,15,14.13,0.00,10.87,0.00,0.00,4.35,0.00,0.00,0.00,70.65
10:35:42,4,14.13,0.00,11.96,0.00,0.00,4.35,0.00,0.00,0.00,69.57
10:35:42,5,16.13,0.00,13.98,0.00,0.00,4.30,0.00,0.00,0.00,65.59
10:35:42,6,15.22,0.00,13.04,0.00,0.00,3.26,0.00,0.00,0.00,68.48
10:35:42,7,13.83,0.00,11.70,0.00,0.00,5.32,0.00,0.00,0.00,69.15
10:35:42,12,15.62,0.00,13.54,0.00,0.00,4.17,0.00,0.00,0.00,66.67
10:35:42,13,16.13,0.00,12.90,0.00,0.00,4.30,0.00,0.00,0.00,66.67
10:35:42,14,14.89,0.00,12.77,0.00,0.00,4.26,0.00,0.00,0.00,68.09
10:35:42,15,13.98,0.00,12.90,0.00,0.00,3.23,0.00,0.00,0.00,69.89
10:35:43,4,17.39,0.00,14.13,0.00,0.00,4.35,0.00,0.00,0.00,64.13
10:35:43,5,19.57,0.00,15.22,0.00,0.00,5.43,0.00,0.00,0.00,59.78
10:35:43,6,14.29,0.00,13.19,0.00,0.00,4.40,0.00,0.00,0.00,68.13
10:35:43,7,14.58,0.00,11.46,0.00,0.00,6.25,0.00,0.00,0.00,67.71
10:35:43,12,13.83,0.00,13.83,1.06,0.00,5.32,0.00,0.00,0.00,65.96
10:35:43,13,15.46,0.00,13.40,0.00,0.00,7.22,0.00,0.00,0.00,63.92
10:35:43,14,13.98,0.00,13.98,0.00,0.00,5.38,0.00,0.00,0.00,66.67
10:35:43,15,15.46,0.00,11.34,0.00,0.00,5.15,0.00,0.00,0.00,68.04
10:35:44,4,15.38,0.00,12.09,0.00,0.00,4.40,0.00,0.00,0.00,68.13
10:35:44,5,14.13,0.00,13.04,0.00,0.00,5.43,0.00,0.00,0.00,67.39
10:35:44,6,13.83,0.00,11.70,0.00,0.00,6.38,0.00,0.00,0.00,68.09
10:35:44,7,13.98,0.00,11.83,0.00,0.00,3.23,0.00,0.00,0.00,70.97
10:35:44,12,14.74,0.00,11.58,0.00,0.00,5.26,0.00,0.00,0.00,68.42
10:35:44,13,12.90,0.00,15.05,0.00,0.00,6.45,0.00,0.00,0.00,65.59
10:35:44,14,15.96,0.00,13.83,0.00,0.00,4.26,0.00,0.00,0.00,65.96
10:35:44,15,14.29,0.00,10.99,0.00,0.00,4.40,0.00,0.00,0.00,70.33
10:35:45,4,17.39,0.00,11.96,0.00,0.00,5.43,0.00,0.00,0.00,65.22
10:35:45,5,15.38,0.00,12.09,0.00,0.00,3.30,0.00,0.00,0.00,69.23
10:35:45,6,14.58,0.00,13.54,0.00,0.00,6.25,0.00,0.00,0.00,65.62
10:35:45,7,13.83,0.00,11.70,0.00,0.00,5.32,0.00,0.00,0.00,69.15
10:35:45,12,14.44,0.00,12.22,0.00,0.00,3.33,0.00,0.00,0.00,70.00
10:35:45,13,16.13,0.00,12.90,0.00,0.00,4.30,0.00,0.00,0.00,66.67
10:35:45,14,13.68,0.00,13.68,0.00,0.00,5.26,0.00,0.00,0.00,67.37
10:35:45,15,14.58,0.00,10.42,0.00,0.00,5.21,0.00,0.00,0.00,69.79
10:35:46,4,17.20,0.00,11.83,0.00,0.00,4.30,0.00,0.00,0.00,66.67
10:35:46,5,15.56,0.00,13.33,0.00,0.00,4.44,0.00,0.00,0.00,66.67
10:35:46,6,15.22,0.00,11.96,0.00,0.00,4.35,0.00,0.00,0.00,68.48
10:35:46,7,14.89,0.00,10.64,0.00,0.00,3.19,0.00,0.00,0.00,71.28
10:35:46,12,14.29,0.00,14.29,0.00,0.00,3.30,0.00,0.00,0.00,68.13
10:35:46,13,15.05,0.00,12.90,0.00,0.00,4.30,0.00,0.00,0.00,67.74
10:35:46,14,15.05,0.00,12.90,0.00,0.00,5.38,0.00,0.00,0.00,66.67
10:35:46,15,13.04,0.00,10.87,0.00,0.00,3.26,0.00,0.00,0.00,72.83
10:35:47,4,17.02,0.00,11.70,0.00,0.00,5.32,0.00,0.00,0.00,65.96
10:35:47,5,14.44,0.00,11.11,0.00,0.00,4.44,0.00,0.00,0.00,70.00
10:35:47,6,14.13,0.00,11.96,0.00,0.00,4.35,0.00,0.00,0.00,69.57
10:35:47,7,12.63,0.00,12.63,0.00,0.00,5.26,0.00,0.00,0.00,69.47
10:35:47,12,15.38,0.00,10.99,0.00,0.00,5.49,0.00,0.00,0.00,68.13
10:35:47,13,13.98,0.00,13.98,0.00,0.00,5.38,0.00,0.00,0.00,66.67
10:35:47,14,13.54,0.00,13.54,0.00,0.00,6.25,0.00,0.00,0.00,66.67
10:35:47,15,14.43,0.00,13.40,0.00,0.00,6.19,0.00,0.00,0.00,65.98
10:35:48,4,14.61,0.00,12.36,0.00,0.00,3.37,0.00,0.00,0.00,69.66
10:35:48,5,13.98,0.00,13.98,0.00,0.00,5.38,0.00,0.00,0.00,66.67
10:35:48,6,14.29,0.00,12.09,0.00,0.00,5.49,0.00,0.00,0.00,68.13
10:35:48,7,12.90,0.00,11.83,1.08,0.00,5.38,0.00,0.00,0.00,68.82
10:35:48,12,19.57,0.00,11.96,0.00,0.00,4.35,0.00,0.00,0.00,64.13
10:35:48,13,18.28,0.00,13.98,0.00,0.00,5.38,0.00,0.00,0.00,62.37
10:35:48,14,16.13,0.00,15.05,0.00,0.00,4.30,0.00,0.00,0.00,64.52
10:35:48,15,16.13,0.00,11.83,0.00,0.00,5.38,0.00,0.00,0.00,66.67
10:35:49,4,15.79,0.00,12.63,0.00,0.00,5.26,0.00,0.00,0.00,66.32
10:35:49,5,14.89,0.00,13.83,0.00,0.00,4.26,0.00,0.00,0.00,67.02
10:35:49,6,15.38,0.00,10.99,0.00,0.00,3.30,0.00,0.00,0.00,70.33
10:35:49,7,10.75,0.00,12.90,0.00,0.00,5.38,0.00,0.00,0.00,70.97
10:35:49,12,13.83,0.00,12.77,0.00,0.00,6.38,0.00,0.00,0.00,67.02
10:35:49,13,14.89,0.00,13.83,0.00,0.00,5.32,0.00,0.00,0.00,65.96
10:35:49,14,15.96,0.00,11.70,0.00,0.00,5.32,0.00,0.00,0.00,67.02
10:35:49,15,14.13,0.00,10.87,0.00,0.00,4.35,0.00,0.00,0.00,70.65
10:35:50,4,13.83,0.00,13.83,0.00,0.00,5.32,0.00,0.00,0.00,67.02
10:35:50,5,16.84,0.00,14.74,0.00,0.00,5.26,0.00,0.00,0.00,63.16
10:35:50,6,14.74,0.00,12.63,0.00,0.00,5.26,0.00,0.00,0.00,67.37
10:35:50,7,11.96,0.00,14.13,0.00,0.00,3.26,0.00,0.00,0.00,70.65
10:35:50,12,15.96,0.00,12.77,0.00,0.00,4.26,0.00,0.00,0.00,67.02
10:35:50,13,16.67,0.00,11.11,0.00,0.00,4.44,0.00,0.00,0.00,67.78
10:35:50,14,15.22,0.00,10.87,0.00,0.00,5.43,0.00,0.00,0.00,68.48
10:35:50,15,13.83,0.00,11.70,0.00,0.00,4.26,0.00,0.00,0.00,70.21
10:35:51,4,13.83,0.00,14.89,0.00,0.00,4.26,0.00,0.00,0.00,67.02
10:35:51,5,16.13,0.00,13.98,0.00,0.00,4.30,0.00,0.00,0.00,65.59
10:35:51,6,16.30,0.00,11.96,0.00,0.00,5.43,0.00,0.00,0.00,66.30
10:35:51,7,14.89,0.00,10.64,0.00,0.00,4.26,0.00,0.00,0.00,70.21
10:35:51,12,15.05,0.00,11.83,0.00,0.00,5.38,0.00,0.00,0.00,67.74
10:35:51,13,14.89,0.00,13.83,0.00,0.00,4.26,0.00,0.00,0.00,67.02
10:35:51,14,15.38,0.00,12.09,0.00,0.00,4.40,0.00,0.00,0.00,68.13
10:35:51,15,12.77,0.00,11.70,0.00,0.00,4.26,0.00,0.00,0.00,71.28
10:35:52,4,15.96,0.00,13.83,0.00,0.00,4.26,0.00,0.00,0.00,65.96
10:35:52,5,16.13,0.00,15.05,0.00,0.00,4.30,0.00,0.00,0.00,64.52
10:35:52,6,14.89,0.00,12.77,0.00,0.00,4.26,0.00,0.00,0.00,68.09
10:35:52,7,14.74,0.00,11.58,0.00,0.00,5.26,0.00,0.00,0.00,68.42
10:35:52,12,13.98,0.00,13.98,0.00,0.00,4.30,0.00,0.00,0.00,67.74
10:35:52,13,14.29,0.00,12.09,0.00,0.00,4.40,0.00,0.00,0.00,69.23
10:35:52,14,14.13,0.00,11.96,0.00,0.00,4.35,0.00,0.00,0.00,69.57
10:35:52,15,13.98,0.00,10.75,0.00,0.00,4.30,0.00,0.00,0.00,70.97
10:35:53,4,13.83,0.00,13.83,0.00,0.00,5.32,0.00,0.00,0.00,67.02
10:35:53,5,20.43,0.00,12.90,1.08,0.00,4.30,0.00,0.00,0.00,61.29
10:35:53,6,15.05,0.00,15.05,0.00,0.00,3.23,0.00,0.00,0.00,66.67
10:35:53,7,13.19,0.00,12.09,0.00,0.00,3.30,0.00,0.00,0.00,71.43
10:35:53,12,15.05,0.00,13.98,1.08,0.00,5.38,0.00,0.00,0.00,64.52
10:35:53,13,14.29,0.00,12.09,0.00,0.00,5.49,0.00,0.00,0.00,68.13
10:35:53,14,14.74,0.00,13.68,0.00,0.00,5.26,0.00,0.00,0.00,66.32
10:35:53,15,14.58,0.00,13.54,1.04,0.00,4.17,0.00,0.00,0.00,66.67
10:35:54,4,15.96,0.00,12.77,0.00,0.00,6.38,0.00,0.00,0.00,64.89
10:35:54,5,16.30,0.00,15.22,0.00,0.00,4.35,0.00,0.00,0.00,64.13
10:35:54,6,15.79,0.00,15.79,0.00,0.00,5.26,0.00,0.00,0.00,63.16
10:35:54,7,12.63,0.00,13.68,0.00,0.00,4.21,0.00,0.00,0.00,69.47
10:35:54,12,13.98,0.00,13.98,0.00,0.00,5.38,0.00,0.00,0.00,66.67
10:35:54,13,15.96,0.00,13.83,0.00,0.00,4.26,0.00,0.00,0.00,65.96
10:35:54,14,13.83,0.00,12.77,0.00,0.00,5.32,0.00,0.00,0.00,68.09
10:35:54,15,13.98,0.00,11.83,0.00,0.00,4.30,0.00,0.00,0.00,69.89
10:35:55,4,14.13,0.00,11.96,0.00,0.00,4.35,0.00,0.00,0.00,69.57
10:35:55,5,14.13,0.00,11.96,0.00,0.00,5.43,0.00,0.00,0.00,68.48
10:35:55,6,15.79,0.00,11.58,0.00,0.00,5.26,0.00,0.00,0.00,67.37
10:35:55,7,14.58,0.00,12.50,0.00,0.00,4.17,0.00,0.00,0.00,68.75
10:35:55,12,17.20,0.00,11.83,0.00,0.00,4.30,0.00,0.00,0.00,66.67
10:35:55,13,14.89,0.00,12.77,0.00,0.00,5.32,0.00,0.00,0.00,67.02
10:35:55,14,13.33,0.00,12.22,0.00,0.00,4.44,0.00,0.00,0.00,70.00
10:35:55,15,12.90,0.00,11.83,0.00,0.00,5.38,0.00,0.00,0.00,69.89
10:35:56,4,17.20,0.00,13.98,0.00,0.00,4.30,0.00,0.00,0.00,64.52
10:35:56,5,15.22,0.00,15.22,0.00,0.00,5.43,0.00,0.00,0.00,64.13
10:35:56,6,13.98,0.00,13.98,0.00,0.00,4.30,0.00,0.00,0.00,67.74
10:35:56,7,14.74,0.00,12.63,0.00,0.00,4.21,0.00,0.00,0.00,68.42
10:35:56,12,15.05,0.00,11.83,0.00,0.00,4.30,0.00,0.00,0.00,68.82
10:35:56,13,14.44,0.00,11.11,0.00,0.00,5.56,0.00,0.00,0.00,68.89
10:35:56,14,15.05,0.00,13.98,0.00,0.00,4.30,0.00,0.00,0.00,66.67
10:35:56,15,12.90,0.00,11.83,0.00,0.00,4.30,0.00,0.00,0.00,70.97
10:35:57,4,16.30,0.00,10.87,0.00,0.00,4.35,0.00,0.00,0.00,68.48
10:35:57,5,15.96,0.00,12.77,0.00,0.00,4.26,0.00,0.00,0.00,67.02
10:35:57,6,13.98,0.00,11.83,0.00,0.00,5.38,0.00,0.00,0.00,68.82
10:35:57,7,14.29,0.00,12.09,0.00,0.00,4.40,0.00,0.00,0.00,69.23
10:35:57,12,13.98,0.00,12.90,0.00,0.00,4.30,0.00,0.00,0.00,68.82
10:35:57,13,17.71,0.00,14.58,0.00,0.00,5.21,0.00,0.00,0.00,62.50
10:35:57,14,12.90,0.00,13.98,0.00,0.00,5.38,0.00,0.00,0.00,67.74
10:35:57,15,16.13,0.00,11.83,0.00,0.00,4.30,0.00,0.00,0.00,67.74
10:35:58,4,19.57,0.00,11.96,0.00,0.00,4.35,0.00,0.00,0.00,64.13
10:35:58,5,13.98,0.00,15.05,0.00,0.00,4.30,0.00,0.00,0.00,66.67
10:35:58,6,16.13,0.00,11.83,0.00,0.00,4.30,0.00,0.00,0.00,67.74
10:35:58,7,10.64,0.00,12.77,0.00,0.00,6.38,0.00,0.00,0.00,70.21
10:35:58,12,12.90,0.00,13.98,0.00,0.00,5.38,0.00,0.00,0.00,67.74
10:35:58,13,15.79,0.00,12.63,0.00,0.00,5.26,0.00,0.00,0.00,66.32
10:35:58,14,12.77,0.00,12.77,0.00,0.00,5.32,0.00,0.00,0.00,69.15
10:35:58,15,13.04,0.00,10.87,0.00,0.00,3.26,0.00,0.00,0.00,72.83
10:35:59,4,15.96,0.00,13.83,0.00,0.00,5.32,0.00,0.00,0.00,64.89
10:35:59,5,15.96,0.00,13.83,0.00,0.00,4.26,0.00,0.00,0.00,65.96
10:35:59,6,13.04,0.00,14.13,2.17,0.00,3.26,0.00,0.00,0.00,67.39
10:35:59,7,12.90,0.00,12.90,0.00,0.00,4.30,0.00,0.00,0.00,69.89
10:35:59,12,15.22,0.00,15.22,0.00,0.00,5.43,0.00,0.00,0.00,64.13
10:35:59,13,17.39,0.00,13.04,0.00,0.00,4.35,0.00,0.00,0.00,65.22
10:35:59,14,16.67,0.00,11.46,1.04,0.00,6.25,0.00,0.00,0.00,64.58
10:35:59,15,13.98,0.00,11.83,0.00,0.00,6.45,0.00,0.00,0.00,67.74
10:36:00,4,14.74,0.00,11.58,0.00,0.00,7.37,0.00,0.00,0.00,66.32
10:36:00,5,15.22,0.00,15.22,0.00,0.00,4.35,0.00,0.00,0.00,65.22
10:36:00,6,15.05,0.00,11.83,0.00,0.00,4.30,0.00,0.00,0.00,68.82
10:36:00,7,13.98,0.00,12.90,0.00,0.00,4.30,0.00,0.00,0.00,68.82
10:36:00,12,15.05,0.00,15.05,0.00,0.00,4.30,0.00,0.00,0.00,65.59
10:36:00,13,14.44,0.00,11.11,0.00,0.00,4.44,0.00,0.00,0.00,70.00
10:36:00,14,13.98,0.00,13.98,0.00,0.00,4.30,0.00,0.00,0.00,67.74
10:36:00,15,14.13,0.00,11.96,0.00,0.00,3.26,0.00,0.00,0.00,70.65
10:36:01,4,15.05,0.00,10.75,0.00,0.00,5.38,0.00,0.00,0.00,68.82
10:36:01,5,15.22,0.00,13.04,0.00,0.00,4.35,0.00,0.00,0.00,67.39
10:36:01,6,15.79,0.00,12.63,0.00,0.00,6.32,0.00,0.00,0.00,65.26
10:36:01,7,12.77,0.00,11.70,0.00,0.00,5.32,0.00,0.00,0.00,70.21
10:36:01,12,17.02,0.00,10.64,0.00,0.00,4.26,0.00,0.00,0.00,68.09
10:36:01,13,15.22,0.00,13.04,0.00,0.00,5.43,0.00,0.00,0.00,66.30
10:36:01,14,14.89,0.00,11.70,0.00,0.00,5.32,0.00,0.00,0.00,68.09
10:36:01,15,13.98,0.00,11.83,0.00,0.00,4.30,0.00,0.00,0.00,69.89
10:36:02,4,15.38,0.00,10.99,0.00,0.00,4.40,0.00,0.00,0.00,69.23
10:36:02,5,13.98,0.00,11.83,0.00,0.00,5.38,0.00,0.00,0.00,68.82
10:36:02,6,14.89,0.00,13.83,0.00,0.00,4.26,0.00,0.00,0.00,67.02
10:36:02,7,13.68,0.00,11.58,0.00,0.00,5.26,0.00,0.00,0.00,69.47
10:36:02,12,15.38,0.00,12.09,0.00,0.00,3.30,0.00,0.00,0.00,69.23
10:36:02,13,18.37,0.00,14.29,0.00,0.00,5.10,0.00,0.00,0.00,62.24
10:36:02,14,17.02,0.00,12.77,0.00,0.00,3.19,0.00,0.00,0.00,67.02
10:36:02,15,14.89,0.00,10.64,0.00,0.00,4.26,0.00,0.00,0.00,70.21
10:36:03,4,16.30,0.00,14.13,0.00,0.00,4.35,0.00,0.00,0.00,65.22
10:36:03,5,15.22,0.00,13.04,0.00,0.00,4.35,0.00,0.00,0.00,67.39
10:36:03,6,13.83,0.00,11.70,0.00,0.00,6.38,0.00,0.00,0.00,68.09
10:36:03,7,13.68,0.00,11.58,0.00,0.00,4.21,0.00,0.00,0.00,70.53
10:36:03,12,17.20,0.00,11.83,0.00,0.00,5.38,0.00,0.00,0.00,65.59
10:36:03,13,15.22,0.00,16.30,0.00,0.00,4.35,0.00,0.00,0.00,64.13
10:36:03,14,16.67,0.00,12.50,0.00,0.00,5.21,0.00,0.00,0.00,65.62
10:36:03,15,13.98,0.00,12.90,0.00,0.00,4.30,0.00,0.00,0.00,68.82
10:36:04,4,18.09,0.00,12.77,0.00,0.00,5.32,0.00,0.00,0.00,63.83
10:36:04,5,17.02,0.00,12.77,0.00,0.00,5.32,0.00,0.00,0.00,64.89
10:36:04,6,15.96,0.00,12.77,0.00,0.00,4.26,0.00,0.00,0.00,67.02
10:36:04,7,16.30,0.00,7.61,0.00,0.00,4.35,0.00,0.00,0.00,71.74
10:36:04,12,15.22,0.00,17.39,1.09,0.00,4.35,0.00,0.00,0.00,61.96
10:36:04,13,17.05,0.00,13.64,1.14,0.00,4.55,0.00,0.00,0.00,63.64
10:36:04,14,18.75,0.00,14.58,0.00,0.00,5.21,0.00,0.00,0.00,61.46
10:36:04,15,17.02,0.00,11.70,0.00,0.00,4.26,0.00,0.00,0.00,67.02
10:36:05,4,15.56,0.00,11.11,0.00,0.00,4.44,0.00,0.00,0.00,68.89
10:36:05,5,14.44,0.00,11.11,0.00,0.00,4.44,0.00,0.00,0.00,70.00
10:36:05,6,13.83,0.00,12.77,0.00,0.00,5.32,0.00,0.00,0.00,68.09
10:36:05,7,14.13,0.00,13.04,0.00,0.00,3.26,0.00,0.00,0.00,69.57
10:36:05,12,15.62,0.00,13.54,0.00,0.00,5.21,0.00,0.00,0.00,65.62
10:36:05,13,16.13,0.00,11.83,0.00,0.00,4.30,0.00,0.00,0.00,67.74
10:36:05,14,15.62,0.00,13.54,0.00,0.00,4.17,0.00,0.00,0.00,66.67
10:36:05,15,15.05,0.00,11.83,0.00,0.00,4.30,0.00,0.00,0.00,68.82
10:36:06,4,16.67,0.00,14.58,0.00,0.00,5.21,0.00,0.00,0.00,63.54
10:36:06,5,15.56,0.00,12.22,0.00,0.00,4.44,0.00,0.00,0.00,67.78
10:36:06,6,13.98,0.00,12.90,0.00,0.00,4.30,0.00,0.00,0.00,68.82
10:36:06,7,13.83,0.00,11.70,0.00,0.00,4.26,0.00,0.00,0.00,70.21
10:36:06,12,17.39,0.00,13.04,0.00,0.00,4.35,0.00,0.00,0.00,65.22
10:36:06,13,16.48,0.00,13.19,0.00,0.00,4.40,0.00,0.00,0.00,65.93
10:36:06,14,14.44,0.00,13.33,0.00,0.00,4.44,0.00,0.00,0.00,67.78
10:36:06,15,14.89,0.00,12.77,0.00,0.00,4.26,0.00,0.00,0.00,68.09
10:36:07,4,14.44,0.00,14.44,0.00,0.00,4.44,0.00,0.00,0.00,66.67
10:36:07,5,17.02,0.00,12.77,0.00,0.00,4.26,0.00,0.00,0.00,65.96
10:36:07,6,13.98,0.00,12.90,0.00,0.00,5.38,0.00,0.00,0.00,67.74
10:36:07,7,12.90,0.00,11.83,0.00,0.00,5.38,0.00,0.00,0.00,69.89
10:36:07,12,15.79,0.00,13.68,0.00,0.00,4.21,0.00,0.00,0.00,66.32
10:36:07,13,17.20,0.00,12.90,0.00,0.00,4.30,0.00,0.00,0.00,65.59
10:36:07,14,13.04,0.00,13.04,0.00,0.00,5.43,0.00,0.00,0.00,68.48
10:36:07,15,13.98,0.00,11.83,0.00,0.00,5.38,0.00,0.00,0.00,68.82
10:36:08,4,15.79,0.00,13.68,0.00,0.00,4.21,0.00,0.00,0.00,66.32
10:36:08,5,14.44,0.00,13.33,0.00,0.00,3.33,0.00,0.00,0.00,68.89
10:36:08,6,13.83,0.00,12.77,0.00,0.00,5.32,0.00,0.00,0.00,68.09
10:36:08,7,11.96,0.00,13.04,0.00,0.00,3.26,0.00,0.00,0.00,71.74
10:36:08,12,12.22,0.00,11.11,0.00,0.00,5.56,0.00,0.00,0.00,71.11
10:36:08,13,15.56,0.00,11.11,0.00,0.00,4.44,0.00,0.00,0.00,68.89
10:36:08,14,14.89,0.00,13.83,0.00,0.00,5.32,0.00,0.00,0.00,65.96
10:36:08,15,14.74,0.00,13.68,0.00,0.00,3.16,0.00,0.00,0.00,68.42
10:36:09,4,16.48,0.00,13.19,0.00,0.00,3.30,0.00,0.00,0.00,67.03
10:36:09,5,17.58,0.00,10.99,1.10,0.00,5.49,0.00,0.00,0.00,64.84
10:36:09,6,13.98,0.00,13.98,0.00,0.00,5.38,0.00,0.00,0.00,66.67
10:36:09,7,13.04,0.00,13.04,0.00,0.00,5.43,0.00,0.00,0.00,68.48
10:36:09,12,13.33,0.00,13.33,1.11,0.00,3.33,0.00,0.00,0.00,68.89
10:36:09,13,19.35,0.00,12.90,0.00,0.00,4.30,0.00,0.00,0.00,63.44
10:36:09,14,13.98,0.00,13.98,0.00,0.00,4.30,0.00,0.00,0.00,67.74
10:36:09,15,16.33,0.00,12.24,0.00,0.00,7.14,0.00,0.00,0.00,64.29
10:36:10,4,14.13,0.00,11.96,0.00,0.00,5.43,0.00,0.00,0.00,68.48
10:36:10,5,14.61,0.00,12.36,0.00,0.00,5.62,0.00,0.00,0.00,67.42
10:36:10,6,14.29,0.00,13.19,0.00,0.00,4.40,0.00,0.00,0.00,68.13
10:36:10,7,14.13,0.00,10.87,0.00,0.00,5.43,0.00,0.00,0.00,69.57
10:36:10,12,12.90,0.00,13.98,0.00,0.00,5.38,0.00,0.00,0.00,67.74
10:36:10,13,16.84,0.00,11.58,0.00,0.00,5.26,0.00,0.00,0.00,66.32
10:36:10,14,14.13,0.00,11.96,0.00,0.00,5.43,0.00,0.00,0.00,68.48
10:36:10,15,12.77,0.00,12.77,0.00,0.00,4.26,0.00,0.00,0.00,70.21
10:36:11,4,16.13,0.00,12.90,0.00,0.00,3.23,0.00,0.00,0.00,67.74
10:36:11,5,13.83,0.00,15.96,0.00,0.00,3.19,0.00,0.00,0.00,67.02
10:36:11,6,13.19,0.00,12.09,0.00,0.00,6.59,0.00,0.00,0.00,68.13
10:36:11,7,13.19,0.00,10.99,0.00,0.00,4.40,0.00,0.00,0.00,71.43
10:36:11,12,16.84,0.00,12.63,0.00,0.00,4.21,0.00,0.00,0.00,66.32
10:36:11,13,15.79,0.00,14.74,0.00,0.00,4.21,0.00,0.00,0.00,65.26
10:36:11,14,12.90,0.00,13.98,0.00,0.00,4.30,0.00,0.00,0.00,68.82
10:36:11,15,13.68,0.00,13.68,0.00,0.00,4.21,0.00,0.00,0.00,68.42
10:36:12,4,14.13,0.00,10.87,0.00,0.00,6.52,0.00,0.00,0.00,68.48
10:36:12,5,15.56,0.00,11.11,0.00,0.00,3.33,0.00,0.00,0.00,70.00
10:36:12,6,12.90,0.00,12.90,0.00,0.00,6.45,0.00,0.00,0.00,67.74
10:36:12,7,14.58,0.00,12.50,0.00,0.00,4.17,0.00,0.00,0.00,68.75
10:36:12,12,16.13,0.00,13.98,0.00,0.00,5.38,0.00,0.00,0.00,64.52
10:36:12,13,16.30,0.00,10.87,0.00,0.00,4.35,0.00,0.00,0.00,68.48
10:36:12,14,15.38,0.00,12.09,0.00,0.00,4.40,0.00,0.00,0.00,68.13
10:36:12,15,13.98,0.00,11.83,0.00,0.00,4.30,0.00,0.00,0.00,69.89
10:36:13,4,14.89,0.00,11.70,0.00,0.00,4.26,0.00,0.00,0.00,69.15
10:36:13,5,15.22,0.00,9.78,0.00,0.00,5.43,0.00,0.00,0.00,69.57
10:36:13,6,15.46,0.00,12.37,0.00,0.00,5.15,0.00,0.00,0.00,67.01
10:36:13,7,11.11,0.00,10.00,0.00,0.00,4.44,0.00,0.00,0.00,74.44
10:36:13,12,16.13,0.00,12.90,0.00,0.00,4.30,0.00,0.00,0.00,66.67
10:36:13,13,16.30,0.00,13.04,0.00,0.00,5.43,0.00,0.00,0.00,65.22
10:36:13,14,13.48,0.00,12.36,0.00,0.00,4.49,0.00,0.00,0.00,69.66
10:36:13,15,13.19,0.00,9.89,0.00,0.00,3.30,0.00,0.00,0.00,73.63
10:36:14,4,14.13,0.00,13.04,2.17,0.00,4.35,0.00,0.00,0.00,66.30
10:36:14,5,14.29,0.00,12.09,0.00,0.00,4.40,0.00,0.00,0.00,69.23
10:36:14,6,15.05,0.00,15.05,0.00,0.00,5.38,0.00,0.00,0.00,64.52
10:36:14,7,11.83,0.00,11.83,1.08,0.00,5.38,0.00,0.00,0.00,69.89
10:36:14,12,17.58,0.00,15.38,0.00,0.00,5.49,0.00,0.00,0.00,61.54
10:36:14,13,16.48,0.00,8.79,0.00,0.00,5.49,0.00,0.00,0.00,69.23
10:36:14,14,16.30,0.00,13.04,0.00,0.00,4.35,0.00,0.00,0.00,66.30
10:36:14,15,12.77,0.00,13.83,0.00,0.00,4.26,0.00,0.00,0.00,69.15
10:36:15,4,15.38,0.00,10.99,0.00,0.00,4.40,0.00,0.00,0.00,69.23
10:36:15,5,16.13,0.00,11.83,0.00,0.00,4.30,0.00,0.00,0.00,67.74
10:36:15,6,17.02,0.00,10.64,0.00,0.00,5.32,0.00,0.00,0.00,67.02
10:36:15,7,14.89,0.00,11.70,0.00,0.00,4.26,0.00,0.00,0.00,69.15
10:36:15,12,14.89,0.00,13.83,0.00,0.00,4.26,0.00,0.00,0.00,67.02
10:36:15,13,16.84,0.00,11.58,0.00,0.00,5.26,0.00,0.00,0.00,66.32
10:36:15,14,15.79,0.00,13.68,0.00,0.00,4.21,0.00,0.00,0.00,66.32
10:36:15,15,14.13,0.00,13.04,0.00,0.00,3.26,0.00,0.00,0.00,69.57
10:36:16,4,15.96,0.00,11.70,0.00,0.00,6.38,0.00,0.00,0.00,65.96
10:36:16,5,11.96,0.00,14.13,0.00,0.00,5.43,0.00,0.00,0.00,68.48
10:36:16,6,12.90,0.00,12.90,0.00,0.00,5.38,0.00,0.00,0.00,68.82
10:36:16,7,13.04,0.00,11.96,0.00,0.00,4.35,0.00,0.00,0.00,70.65
10:36:16,12,14.13,0.00,14.13,0.00,0.00,4.35,0.00,0.00,0.00,67.39
10:36:16,13,15.73,0.00,11.24,0.00,0.00,4.49,0.00,0.00,0.00,68.54
10:36:16,14,13.98,0.00,12.90,0.00,0.00,5.38,0.00,0.00,0.00,67.74
10:36:16,15,16.84,0.00,10.53,0.00,0.00,4.21,0.00,0.00,0.00,68.42
10:36:17,4,15.79,0.00,13.68,0.00,0.00,5.26,0.00,0.00,0.00,65.26
10:36:17,5,15.96,0.00,11.70,0.00,0.00,5.32,0.00,0.00,0.00,67.02
10:36:17,6,14.89,0.00,11.70,0.00,0.00,4.26,0.00,0.00,0.00,69.15
10:36:17,7,11.58,0.00,11.58,0.00,0.00,5.26,0.00,0.00,0.00,71.58
10:36:17,12,15.62,0.00,16.67,0.00,0.00,4.17,0.00,0.00,0.00,63.54
10:36:17,13,16.48,0.00,13.19,0.00,0.00,4.40,0.00,0.00,0.00,65.93
10:36:17,14,14.74,0.00,14.74,0.00,0.00,4.21,0.00,0.00,0.00,66.32
10:36:17,15,15.05,0.00,10.75,0.00,0.00,3.23,0.00,0.00,0.00,70.97
10:36:18,4,16.48,0.00,12.09,0.00,0.00,4.40,0.00,0.00,0.00,67.03
10:36:18,5,15.56,0.00,11.11,0.00,0.00,3.33,0.00,0.00,0.00,70.00
10:36:18,6,14.89,0.00,14.89,0.00,0.00,4.26,0.00,0.00,0.00,65.96
10:36:18,7,14.13,0.00,10.87,0.00,0.00,3.26,0.00,0.00,0.00,71.74
10:36:18,12,13.04,0.00,11.96,0.00,0.00,5.43,0.00,0.00,0.00,69.57
10:36:18,13,14.13,0.00,13.04,0.00,0.00,5.43,0.00,0.00,0.00,67.39
10:36:18,14,15.96,0.00,12.77,0.00,0.00,3.19,0.00,0.00,0.00,68.09
10:36:18,15,12.90,0.00,10.75,0.00,0.00,4.30,0.00,0.00,0.00,72.04
10:36:19,4,15.38,0.00,10.99,0.00,0.00,4.40,0.00,0.00,0.00,69.23
10:36:19,5,15.38,0.00,13.19,0.00,0.00,5.49,0.00,0.00,0.00,65.93
10:36:19,6,14.13,0.00,13.04,1.09,0.00,5.43,0.00,0.00,0.00,66.30
10:36:19,7,13.98,0.00,11.83,0.00,0.00,4.30,0.00,0.00,0.00,69.89
10:36:19,12,21.51,0.00,13.98,0.00,0.00,5.38,0.00,0.00,0.00,59.14
10:36:19,13,18.09,0.00,13.83,0.00,0.00,4.26,0.00,0.00,0.00,63.83
10:36:19,14,15.05,0.00,12.90,0.00,0.00,5.38,0.00,0.00,0.00,66.67
10:36:19,15,14.13,0.00,11.96,0.00,0.00,4.35,0.00,0.00,0.00,69.57
10:36:20,4,17.02,0.00,11.70,0.00,0.00,4.26,0.00,0.00,0.00,67.02
10:36:20,5,13.98,0.00,12.90,0.00,0.00,5.38,0.00,0.00,0.00,67.74
10:36:20,6,12.90,0.00,13.98,0.00,0.00,4.30,0.00,0.00,0.00,68.82
10:36:20,7,12.90,0.00,10.75,0.00,0.00,4.30,0.00,0.00,0.00,72.04
10:36:20,12,13.83,0.00,12.77,0.00,0.00,5.32,0.00,0.00,0.00,68.09
10:36:20,13,14.44,0.00,15.56,0.00,0.00,3.33,0.00,0.00,0.00,66.67
10:36:20,14,14.13,0.00,15.22,0.00,0.00,4.35,0.00,0.00,0.00,66.30
10:36:20,15,11.96,0.00,11.96,0.00,0.00,5.43,0.00,0.00,0.00,70.65
10:36:21,4,14.44,0.00,15.56,0.00,0.00,3.33,0.00,0.00,0.00,66.67
10:36:21,5,18.09,0.00,10.64,0.00,0.00,4.26,0.00,0.00,0.00,67.02
10:36:21,6,15.22,0.00,10.87,0.00,0.00,5.43,0.00,0.00,0.00,68.48
10:36:21,7,12.63,0.00,12.63,0.00,0.00,5.26,0.00,0.00,0.00,69.47
10:36:21,12,14.74,0.00,12.63,0.00,0.00,5.26,0.00,0.00,0.00,67.37
10:36:21,13,16.13,0.00,13.98,0.00,0.00,3.23,0.00,0.00,0.00,66.67
10:36:21,14,15.79,0.00,13.68,0.00,0.00,5.26,0.00,0.00,0.00,65.26
10:36:21,15,13.83,0.00,12.77,0.00,0.00,5.32,0.00,0.00,0.00,68.09
10:36:22,4,16.13,0.00,13.98,0.00,0.00,5.38,0.00,0.00,0.00,64.52
10:36:22,5,16.84,0.00,10.53,0.00,0.00,5.26,0.00,0.00,0.00,67.37
10:36:22,6,15.05,0.00,12.90,0.00,0.00,5.38,0.00,0.00,0.00,66.67
10:36:22,7,14.89,0.00,10.64,0.00,0.00,3.19,0.00,0.00,0.00,71.28
10:36:22,12,13.04,0.00,13.04,0.00,0.00,4.35,0.00,0.00,0.00,69.57
10:36:22,13,13.33,0.00,15.56,0.00,0.00,4.44,0.00,0.00,0.00,66.67
10:36:22,14,14.89,0.00,12.77,0.00,0.00,5.32,0.00,0.00,0.00,67.02
10:36:22,15,12.77,0.00,11.70,0.00,0.00,5.32,0.00,0.00,0.00,70.21
10:36:23,4,13.04,0.00,13.04,0.00,0.00,4.35,0.00,0.00,0.00,69.57
10:36:23,5,15.38,0.00,13.19,0.00,0.00,4.40,0.00,0.00,0.00,67.03
10:36:23,6,13.04,0.00,11.96,0.00,0.00,4.35,0.00,0.00,0.00,70.65
10:36:23,7,14.29,0.00,12.24,0.00,0.00,5.10,0.00,0.00,0.00,68.37
10:36:23,12,13.98,0.00,15.05,0.00,0.00,5.38,0.00,0.00,0.00,65.59
10:36:23,13,14.74,0.00,14.74,0.00,0.00,4.21,0.00,0.00,0.00,66.32
10:36:23,14,13.54,0.00,14.58,0.00,0.00,5.21,0.00,0.00,0.00,66.67
10:36:23,15,14.89,0.00,10.64,0.00,0.00,4.26,0.00,0.00,0.00,70.21
10:36:24,4,17.39,0.00,11.96,0.00,0.00,4.35,0.00,0.00,0.00,66.30
10:36:24,5,15.05,0.00,13.98,1.08,0.00,4.30,0.00,0.00,0.00,65.59
10:36:24,6,16.13,0.00,13.98,0.00,0.00,6.45,0.00,0.00,0.00,63.44
10:36:24,7,11.96,0.00,13.04,0.00,0.00,5.43,0.00,0.00,0.00,69.57
10:36:24,12,17.71,0.00,12.50,0.00,0.00,6.25,0.00,0.00,0.00,63.54
10:36:24,13,16.84,0.00,11.58,0.00,0.00,5.26,0.00,0.00,0.00,66.32
10:36:24,14,15.62,0.00,14.58,0.00,0.00,5.21,0.00,0.00,0.00,64.58
10:36:24,15,13.98,0.00,12.90,0.00,0.00,5.38,0.00,0.00,0.00,67.74
10:36:25,4,15.05,0.00,12.90,0.00,0.00,3.23,0.00,0.00,0.00,68.82
10:36:25,5,15.05,0.00,11.83,0.00,0.00,5.38,0.00,0.00,0.00,67.74
10:36:25,6,14.89,0.00,11.70,0.00,0.00,5.32,0.00,0.00,0.00,68.09
10:36:25,7,14.74,0.00,13.68,0.00,0.00,4.21,0.00,0.00,0.00,67.37
10:36:25,12,14.61,0.00,11.24,0.00,0.00,3.37,0.00,0.00,0.00,70.79
10:36:25,13,14.44,0.00,11.11,0.00,0.00,4.44,0.00,0.00,0.00,70.00
10:36:25,14,11.96,0.00,13.04,0.00,0.00,6.52,0.00,0.00,0.00,68.48
10:36:25,15,12.90,0.00,11.83,0.00,0.00,5.38,0.00,0.00,0.00,69.89
10:36:26,4,13.98,0.00,11.83,0.00,0.00,5.38,0.00,0.00,0.00,68.82
10:36:26,5,15.79,0.00,12.63,0.00,0.00,4.21,0.00,0.00,0.00,67.37
10:36:26,6,13.33,0.00,12.22,0.00,0.00,5.56,0.00,0.00,0.00,68.89
10:36:26,7,14.58,0.00,12.50,0.00,0.00,4.17,0.00,0.00,0.00,68.75
10:36:26,12,16.67,0.00,11.46,0.00,0.00,5.21,0.00,0.00,0.00,66.67
10:36:26,13,14.89,0.00,12.77,0.00,0.00,5.32,0.00,0.00,0.00,67.02
10:36:26,14,13.83,0.00,12.77,0.00,0.00,5.32,0.00,0.00,0.00,68.09
10:36:26,15,13.83,0.00,11.70,0.00,0.00,4.26,0.00,0.00,0.00,70.21
10:36:27,4,15.05,0.00,12.90,0.00,0.00,3.23,0.00,0.00,0.00,68.82
10:36:27,5,15.96,0.00,14.89,0.00,0.00,5.32,0.00,0.00,0.00,63.83
10:36:27,6,17.02,0.00,11.70,0.00,0.00,4.26,0.00,0.00,0.00,67.02
10:36:27,7,13.04,0.00,11.96,0.00,0.00,5.43,0.00,0.00,0.00,69.57
10:36:27,12,14.89,0.00,11.70,0.00,0.00,5.32,0.00,0.00,0.00,68.09
10:36:27,13,15.38,0.00,13.19,0.00,0.00,3.30,0.00,0.00,0.00,68.13
10:36:27,14,15.22,0.00,11.96,0.00,0.00,4.35,0.00,0.00,0.00,68.48
10:36:27,15,15.79,0.00,10.53,0.00,0.00,6.32,0.00,0.00,0.00,67.37
10:36:28,4,16.13,0.00,15.05,0.00,0.00,4.30,0.00,0.00,0.00,64.52
10:36:28,5,18.28,0.00,12.90,0.00,0.00,5.38,0.00,0.00,0.00,63.44
10:36:28,6,15.22,0.00,10.87,0.00,0.00,4.35,0.00,0.00,0.00,69.57
10:36:28,7,12.63,0.00,11.58,0.00,0.00,5.26,0.00,0.00,0.00,70.53
10:36:28,12,14.89,0.00,13.83,0.00,0.00,4.26,0.00,0.00,0.00,67.02
10:36:28,13,18.95,0.00,13.68,0.00,0.00,4.21,0.00,0.00,0.00,63.16
10:36:28,14,14.74,0.00,11.58,0.00,0.00,5.26,0.00,0.00,0.00,68.42
10:36:28,15,13.19,0.00,9.89,0.00,0.00,3.30,0.00,0.00,0.00,73.63
10:36:29,4,16.30,0.00,15.22,0.00,0.00,5.43,0.00,0.00,0.00,63.04
10:36:29,5,16.13,0.00,12.90,0.00,0.00,4.30,0.00,0.00,0.00,66.67
10:36:29,6,15.96,0.00,13.83,0.00,0.00,4.26,0.00,0.00,0.00,65.96
10:36:29,7,13.04,0.00,13.04,0.00,0.00,3.26,0.00,0.00,0.00,70.65
10:36:29,12,17.58,0.00,13.19,0.00,0.00,5.49,0.00,0.00,0.00,63.74
10:36:29,13,18.48,0.00,13.04,1.09,0.00,4.35,0.00,0.00,0.00,63.04
10:36:29,14,14.58,0.00,16.67,1.04,0.00,5.21,0.00,0.00,0.00,62.50
10:36:29,15,15.05,0.00,11.83,0.00,0.00,4.30,0.00,0.00,0.00,68.82
10:36:30,4,15.96,0.00,12.77,0.00,0.00,4.26,0.00,0.00,0.00,67.02
10:36:30,5,16.13,0.00,13.98,0.00,0.00,5.38,0.00,0.00,0.00,64.52
10:36:30,6,14.13,0.00,13.04,0.00,0.00,4.35,0.00,0.00,0.00,68.48
10:36:30,7,13.83,0.00,11.70,0.00,0.00,5.32,0.00,0.00,0.00,69.15
10:36:30,12,15.05,0.00,12.90,0.00,0.00,4.30,0.00,0.00,0.00,67.74
10:36:30,13,15.79,0.00,15.79,0.00,0.00,5.26,0.00,0.00,0.00,63.16
10:36:30,14,15.38,0.00,10.99,0.00,0.00,4.40,0.00,0.00,0.00,69.23
10:36:30,15,13.04,0.00,13.04,0.00,0.00,4.35,0.00,0.00,0.00,69.57
10:36:31,4,15.38,0.00,9.89,0.00,0.00,4.40,0.00,0.00,0.00,70.33
10:36:31,5,15.38,0.00,13.19,0.00,0.00,4.40,0.00,0.00,0.00,67.03
10:36:31,6,13.98,0.00,13.98,0.00,0.00,6.45,0.00,0.00,0.00,65.59
10:36:31,7,14.74,0.00,11.58,0.00,0.00,6.32,0.00,0.00,0.00,67.37
10:36:31,12,15.05,0.00,12.90,0.00,0.00,4.30,0.00,0.00,0.00,67.74
10:36:31,13,13.48,0.00,13.48,0.00,0.00,4.49,0.00,0.00,0.00,68.54
10:36:31,14,14.74,0.00,13.68,0.00,0.00,5.26,0.00,0.00,0.00,66.32
10:36:31,15,15.96,0.00,10.64,0.00,0.00,4.26,0.00,0.00,0.00,69.15
10:36:32,4,15.38,0.00,13.19,0.00,0.00,4.40,0.00,0.00,0.00,67.03
10:36:32,5,15.96,0.00,13.83,0.00,0.00,4.26,0.00,0.00,0.00,65.96
10:36:32,6,14.58,0.00,13.54,0.00,0.00,4.17,0.00,0.00,0.00,67.71
10:36:32,7,12.09,0.00,9.89,0.00,0.00,3.30,0.00,0.00,0.00,74.73
10:36:32,12,16.48,0.00,12.09,0.00,0.00,4.40,0.00,0.00,0.00,67.03
10:36:32,13,14.74,0.00,13.68,0.00,0.00,5.26,0.00,0.00,0.00,66.32
10:36:32,14,15.56,0.00,11.11,0.00,0.00,4.44,0.00,0.00,0.00,68.89
10:36:32,15,14.58,0.00,12.50,0.00,0.00,4.17,0.00,0.00,0.00,68.75
10:36:33,4,15.79,0.00,12.63,0.00,0.00,4.21,0.00,0.00,0.00,67.37
10:36:33,5,15.22,0.00,11.96,0.00,0.00,3.26,0.00,0.00,0.00,69.57
10:36:33,6,14.61,0.00,11.24,0.00,0.00,5.62,0.00,0.00,0.00,68.54
10:36:33,7,13.04,0.00,11.96,0.00,0.00,4.35,0.00,0.00,0.00,70.65
10:36:33,12,15.05,0.00,12.90,0.00,0.00,4.30,0.00,0.00,0.00,67.74
10:36:33,13,13.68,0.00,13.68,0.00,0.00,5.26,0.00,0.00,0.00,67.37
10:36:33,14,15.96,0.00,13.83,0.00,0.00,3.19,0.00,0.00,0.00,67.02
10:36:33,15,13.33,0.00,10.00,0.00,0.00,4.44,0.00,0.00,0.00,72.22
10:36:34,4,16.30,0.00,15.22,0.00,0.00,4.35,0.00,0.00,0.00,64.13
10:36:34,5,17.58,0.00,13.19,0.00,0.00,4.40,0.00,0.00,0.00,64.84
10:36:34,6,18.28,0.00,13.98,0.00,0.00,3.23,0.00,0.00,0.00,64.52
10:36:34,7,15.38,0.00,10.99,0.00,0.00,3.30,0.00,0.00,0.00,70.33
10:36:34,12,13.48,0.00,13.48,0.00,0.00,3.37,0.00,0.00,0.00,69.66
10:36:34,13,19.15,0.00,13.83,0.00,0.00,4.26,0.00,0.00,0.00,62.77
10:36:34,14,15.62,0.00,14.58,0.00,0.00,6.25,0.00,0.00,0.00,63.54
10:36:34,15,16.13,0.00,11.83,0.00,0.00,3.23,0.00,0.00,0.00,68.82
10:36:35,4,11.83,0.00,15.05,0.00,0.00,5.38,0.00,0.00,0.00,67.74
10:36:35,5,15.22,0.00,10.87,0.00,0.00,5.43,0.00,0.00,0.00,68.48
10:36:35,6,15.05,0.00,11.83,0.00,0.00,5.38,0.00,0.00,0.00,67.74
10:36:35,7,12.77,0.00,12.77,0.00,0.00,4.26,0.00,0.00,0.00,70.21
10:36:35,12,14.89,0.00,11.70,0.00,0.00,5.32,0.00,0.00,0.00,68.09
10:36:35,13,15.05,0.00,13.98,0.00,0.00,5.38,0.00,0.00,0.00,65.59
10:36:35,14,16.13,0.00,12.90,0.00,0.00,3.23,0.00,0.00,0.00,67.74
10:36:35,15,14.74,0.00,13.68,0.00,0.00,5.26,0.00,0.00,0.00,66.32
10:36:36,4,13.98,0.00,12.90,0.00,0.00,5.38,0.00,0.00,0.00,67.74
10:36:36,5,14.13,0.00,10.87,0.00,0.00,5.43,0.00,0.00,0.00,69.57
10:36:36,6,12.22,0.00,15.56,0.00,0.00,4.44,0.00,0.00,0.00,67.78
10:36:36,7,15.62,0.00,11.46,0.00,0.00,6.25,0.00,0.00,0.00,66.67
10:36:36,12,15.79,0.00,12.63,0.00,0.00,5.26,0.00,0.00,0.00,66.32
10:36:36,13,15.05,0.00,12.90,0.00,0.00,4.30,0.00,0.00,0.00,67.74
10:36:36,14,13.83,0.00,11.70,0.00,0.00,5.32,0.00,0.00,0.00,69.15
10:36:36,15,13.68,0.00,13.68,0.00,0.00,4.21,0.00,0.00,0.00,68.42
10:36:37,4,15.38,0.00,15.38,0.00,0.00,4.40,0.00,0.00,0.00,64.84
10:36:37,5,16.13,0.00,12.90,0.00,0.00,4.30,0.00,0.00,0.00,66.67
10:36:37,6,15.79,0.00,11.58,0.00,0.00,5.26,0.00,0.00,0.00,67.37
10:36:37,7,13.98,0.00,9.68,0.00,0.00,4.30,0.00,0.00,0.00,72.04
10:36:37,12,17.02,0.00,12.77,0.00,0.00,4.26,0.00,0.00,0.00,65.96
10:36:37,13,15.96,0.00,14.89,0.00,0.00,3.19,0.00,0.00,0.00,65.96
10:36:37,14,14.74,0.00,13.68,0.00,0.00,5.26,0.00,0.00,0.00,66.32
10:36:37,15,13.98,0.00,10.75,0.00,0.00,4.30,0.00,0.00,0.00,70.97
10:36:38,4,15.96,0.00,13.83,0.00,0.00,4.26,0.00,0.00,0.00,65.96
10:36:38,5,15.05,0.00,11.83,0.00,0.00,4.30,0.00,0.00,0.00,68.82
10:36:38,6,15.31,0.00,13.27,0.00,0.00,5.10,0.00,0.00,0.00,66.33
10:36:38,7,12.77,0.00,13.83,0.00,0.00,3.19,0.00,0.00,0.00,70.21
10:36:38,12,16.84,0.00,12.63,0.00,0.00,4.21,0.00,0.00,0.00,66.32
10:36:38,13,16.30,0.00,11.96,0.00,0.00,5.43,0.00,0.00,0.00,66.30
10:36:38,14,16.13,0.00,11.83,0.00,0.00,4.30,0.00,0.00,0.00,67.74
10:36:38,15,13.54,0.00,13.54,0.00,0.00,5.21,0.00,0.00,0.00,67.71
10:36:39,4,22.34,0.00,12.77,1.06,0.00,5.32,0.00,0.00,0.00,58.51
10:36:39,5,15.38,0.00,13.19,0.00,0.00,5.49,0.00,0.00,0.00,65.93
10:36:39,6,14.89,0.00,13.83,1.06,0.00,5.32,0.00,0.00,0.00,64.89
10:36:39,7,13.83,0.00,12.77,0.00,0.00,5.32,0.00,0.00,0.00,68.09
10:36:39,12,16.48,0.00,12.09,0.00,0.00,4.40,0.00,0.00,0.00,67.03
10:36:39,13,15.22,0.00,11.96,0.00,0.00,5.43,0.00,0.00,0.00,67.39
10:36:39,14,15.22,0.00,13.04,0.00,0.00,6.52,0.00,0.00,0.00,65.22
10:36:39,15,15.05,0.00,11.83,0.00,0.00,4.30,0.00,0.00,0.00,68.82
10:36:40,4,13.98,0.00,15.05,0.00,0.00,4.30,0.00,0.00,0.00,66.67
10:36:40,5,15.05,0.00,12.90,0.00,0.00,4.30,0.00,0.00,0.00,67.74
10:36:40,6,14.13,0.00,14.13,0.00,0.00,5.43,0.00,0.00,0.00,66.30
10:36:40,7,12.77,0.00,13.83,0.00,0.00,4.26,0.00,0.00,0.00,69.15
10:36:40,12,15.05,0.00,12.90,0.00,0.00,4.30,0.00,0.00,0.00,67.74
10:36:40,13,14.29,0.00,12.09,0.00,0.00,4.40,0.00,0.00,0.00,69.23
10:36:40,14,16.13,0.00,12.90,0.00,0.00,4.30,0.00,0.00,0.00,66.67
10:36:40,15,13.98,0.00,11.83,0.00,0.00,4.30,0.00,0.00,0.00,69.89
10:36:41,4,15.38,0.00,13.19,0.00,0.00,4.40,0.00,0.00,0.00,67.03
10:36:41,5,14.13,0.00,13.04,0.00,0.00,4.35,0.00,0.00,0.00,68.48
10:36:41,6,13.04,0.00,13.04,0.00,0.00,5.43,0.00,0.00,0.00,68.48
10:36:41,7,13.68,0.00,11.58,0.00,0.00,5.26,0.00,0.00,0.00,69.47
10:36:41,12,13.68,0.00,11.58,0.00,0.00,6.32,0.00,0.00,0.00,68.42
10:36:41,13,14.74,0.00,15.79,0.00,0.00,5.26,0.00,0.00,0.00,64.21
10:36:41,14,16.13,0.00,13.98,0.00,0.00,4.30,0.00,0.00,0.00,65.59
10:36:41,15,13.04,0.00,10.87,0.00,0.00,4.35,0.00,0.00,0.00,71.74
10:36:42,4,15.38,0.00,10.99,0.00,0.00,4.40,0.00,0.00,0.00,69.23
10:36:42,5,16.30,0.00,10.87,0.00,0.00,4.35,0.00,0.00,0.00,68.48
10:36:42,6,15.22,0.00,11.96,0.00,0.00,4.35,0.00,0.00,0.00,68.48
10:36:42,7,11.96,0.00,11.96,0.00,0.00,6.52,0.00,0.00,0.00,69.57
10:36:42,12,13.98,0.00,12.90,0.00,0.00,4.30,0.00,0.00,0.00,68.82
10:36:42,13,13.83,0.00,13.83,0.00,0.00,6.38,0.00,0.00,0.00,65.96
10:36:42,14,12.90,0.00,11.83,0.00,0.00,6.45,0.00,0.00,0.00,68.82
10:36:42,15,13.98,0.00,12.90,0.00,0.00,4.30,0.00,0.00,0.00,68.82
10:36:43,4,14.89,0.00,12.77,0.00,0.00,4.26,0.00,0.00,0.00,68.09
10:36:43,5,13.19,0.00,13.19,0.00,0.00,4.40,0.00,0.00,0.00,69.23
10:36:43,6,14.29,0.00,13.19,0.00,0.00,5.49,0.00,0.00,0.00,67.03
10:36:43,7,14.58,0.00,12.50,0.00,0.00,4.17,0.00,0.00,0.00,68.75
10:36:43,12,14.89,0.00,12.77,0.00,0.00,4.26,0.00,0.00,0.00,68.09
10:36:43,13,14.29,0.00,15.38,0.00,0.00,5.49,0.00,0.00,0.00,64.84
10:36:43,14,15.05,0.00,12.90,0.00,0.00,4.30,0.00,0.00,0.00,67.74
10:36:43,15,13.98,0.00,11.83,0.00,0.00,4.30,0.00,0.00,0.00,69.89
10:36:44,4,17.20,0.00,12.90,0.00,0.00,4.30,0.00,0.00,0.00,65.59
10:36:44,5,16.30,0.00,13.04,0.00,0.00,4.35,0.00,0.00,0.00,66.30
10:36:44,6,16.30,0.00,9.78,0.00,0.00,4.35,0.00,0.00,0.00,69.57
10:36:44,7,11.11,0.00,11.11,0.00,0.00,4.44,0.00,0.00,0.00,73.33
10:36:44,12,15.05,0.00,12.90,1.08,0.00,6.45,0.00,0.00,0.00,64.52
10:36:44,13,13.19,0.00,13.19,0.00,0.00,4.40,0.00,0.00,0.00,69.23
10:36:44,14,18.48,0.00,10.87,0.00,0.00,5.43,0.00,0.00,0.00,65.22
10:36:44,15,16.13,0.00,10.75,0.00,0.00,4.30,0.00,0.00,0.00,68.82
10:36:45,4,17.20,0.00,11.83,0.00,0.00,5.38,0.00,0.00,0.00,65.59
10:36:45,5,15.38,0.00,13.19,0.00,0.00,4.40,0.00,0.00,0.00,67.03
10:36:45,6,14.89,0.00,13.83,0.00,0.00,4.26,0.00,0.00,0.00,67.02
10:36:45,7,14.89,0.00,11.70,0.00,0.00,4.26,0.00,0.00,0.00,69.15
10:36:45,12,16.30,0.00,16.30,0.00,0.00,4.35,0.00,0.00,0.00,63.04
10:36:45,13,16.67,0.00,12.22,0.00,0.00,5.56,0.00,0.00,0.00,65.56
10:36:45,14,14.74,0.00,13.68,0.00,0.00,5.26,0.00,0.00,0.00,66.32
10:36:45,15,13.68,0.00,13.68,0.00,0.00,4.21,0.00,0.00,0.00,68.42
10:36:46,4,13.83,0.00,14.89,0.00,0.00,5.32,0.00,0.00,0.00,65.96
10:36:46,5,16.13,0.00,13.98,0.00,0.00,4.30,0.00,0.00,0.00,65.59
10:36:46,6,15.46,0.00,13.40,0.00,0.00,5.15,0.00,0.00,0.00,65.98
10:36:46,7,13.19,0.00,9.89,0.00,0.00,3.30,0.00,0.00,0.00,73.63
10:36:46,12,17.02,0.00,13.83,0.00,0.00,4.26,0.00,0.00,0.00,64.89
10:36:46,13,13.98,0.00,13.98,0.00,0.00,5.38,0.00,0.00,0.00,66.67
10:36:46,14,14.74,0.00,12.63,0.00,0.00,5.26,0.00,0.00,0.00,67.37
10:36:46,15,13.19,0.00,12.09,0.00,0.00,3.30,0.00,0.00,0.00,71.43
10:36:47,4,15.38,0.00,12.09,0.00,0.00,4.40,0.00,0.00,0.00,68.13
10:36:47,5,13.83,0.00,12.77,0.00,0.00,6.38,0.00,0.00,0.00,67.02
10:36:47,6,14.29,0.00,12.09,0.00,0.00,4.40,0.00,0.00,0.00,69.23
10:36:47,7,12.77,0.00,11.70,0.00,0.00,5.32,0.00,0.00,0.00,70.21
10:36:47,12,15.05,0.00,12.90,0.00,0.00,5.38,0.00,0.00,0.00,66.67
10:36:47,13,16.48,0.00,10.99,0.00,0.00,4.40,0.00,0.00,0.00,68.13
10:36:47,14,14.13,0.00,13.04,0.00,0.00,4.35,0.00,0.00,0.00,68.48
10:36:47,15,14.89,0.00,12.77,0.00,0.00,4.26,0.00,0.00,0.00,68.09
10:36:48,4,15.05,0.00,13.98,0.00,0.00,4.30,0.00,0.00,0.00,66.67
10:36:48,5,16.13,0.00,11.83,0.00,0.00,4.30,0.00,0.00,0.00,67.74
10:36:48,6,15.96,0.00,13.83,0.00,0.00,4.26,0.00,0.00,0.00,65.96
10:36:48,7,13.83,0.00,11.70,0.00,0.00,5.32,0.00,0.00,0.00,69.15
10:36:48,12,14.29,0.00,12.09,0.00,0.00,4.40,0.00,0.00,0.00,69.23
10:36:48,13,12.90,0.00,12.90,0.00,0.00,6.45,0.00,0.00,0.00,67.74
10:36:48,14,14.29,0.00,12.09,0.00,0.00,3.30,0.00,0.00,0.00,70.33
10:36:48,15,11.83,0.00,10.75,0.00,0.00,5.38,0.00,0.00,0.00,72.04
10:36:49,4,15.38,0.00,12.09,0.00,0.00,3.30,0.00,0.00,0.00,69.23
10:36:49,5,14.13,0.00,11.96,0.00,0.00,5.43,0.00,0.00,0.00,68.48
10:36:49,6,17.71,0.00,12.50,1.04,0.00,4.17,0.00,0.00,0.00,64.58
10:36:49,7,15.05,0.00,12.90,0.00,0.00,4.30,0.00,0.00,0.00,67.74
10:36:49,12,15.05,0.00,11.83,0.00,0.00,5.38,0.00,0.00,0.00,67.74
10:36:49,13,16.13,0.00,11.83,0.00,0.00,4.30,0.00,0.00,0.00,67.74
10:36:49,14,14.13,0.00,11.96,0.00,0.00,5.43,0.00,0.00,0.00,68.48
10:36:49,15,13.68,0.00,12.63,0.00,0.00,6.32,0.00,0.00,0.00,67.37
10:36:50,4,16.30,0.00,14.13,0.00,0.00,5.43,0.00,0.00,0.00,64.13
10:36:50,5,18.48,0.00,13.04,0.00,0.00,3.26,0.00,0.00,0.00,65.22
10:36:50,6,16.84,0.00,13.68,0.00,0.00,6.32,0.00,0.00,0.00,63.16
10:36:50,7,14.43,0.00,16.49,0.00,0.00,4.12,0.00,0.00,0.00,64.95
10:36:50,12,14.29,0.00,14.29,0.00,0.00,3.30,0.00,0.00,0.00,68.13
10:36:50,13,18.28,0.00,12.90,0.00,0.00,5.38,0.00,0.00,0.00,63.44
10:36:50,14,14.13,0.00,13.04,0.00,0.00,5.43,0.00,0.00,0.00,67.39
10:36:50,15,18.09,0.00,12.77,0.00,0.00,3.19,0.00,0.00,0.00,65.96
10:36:51,4,17.20,0.00,10.75,0.00,0.00,4.30,0.00,0.00,0.00,67.74
10:36:51,5,13.98,0.00,13.98,0.00,0.00,4.30,0.00,0.00,0.00,67.74
10:36:51,6,13.19,0.00,12.09,0.00,0.00,4.40,0.00,0.00,0.00,70.33
10:36:51,7,13.98,0.00,13.98,0.00,0.00,3.23,0.00,0.00,0.00,68.82
10:36:51,12,15.22,0.00,10.87,0.00,0.00,5.43,0.00,0.00,0.00,68.48
10:36:51,13,15.62,0.00,13.54,0.00,0.00,5.21,0.00,0.00,0.00,65.62
10:36:51,14,15.05,0.00,11.83,0.00,0.00,4.30,0.00,0.00,0.00,68.82
10:36:51,15,16.13,0.00,11.83,0.00,0.00,3.23,0.00,0.00,0.00,68.82
10:36:52,4,15.79,0.00,12.63,0.00,0.00,4.21,0.00,0.00,0.00,67.37
10:36:52,5,17.20,0.00,11.83,0.00,0.00,4.30,0.00,0.00,0.00,66.67
10:36:52,6,14.89,0.00,12.77,0.00,0.00,5.32,0.00,0.00,0.00,67.02
10:36:52,7,13.04,0.00,11.96,0.00,0.00,5.43,0.00,0.00,0.00,69.57
10:36:52,12,13.33,0.00,10.00,0.00,0.00,4.44,0.00,0.00,0.00,72.22
10:36:52,13,15.96,0.00,13.83,0.00,0.00,4.26,0.00,0.00,0.00,65.96
10:36:52,14,17.02,0.00,11.70,0.00,0.00,4.26,0.00,0.00,0.00,67.02
10:36:52,15,13.19,0.00,12.09,0.00,0.00,4.40,0.00,0.00,0.00,70.33
10:36:53,4,14.89,0.00,12.77,0.00,0.00,5.32,0.00,0.00,0.00,67.02
10:36:53,5,13.98,0.00,12.90,0.00,0.00,4.30,0.00,0.00,0.00,68.82
10:36:53,6,15.05,0.00,13.98,0.00,0.00,5.38,0.00,0.00,0.00,65.59
10:36:53,7,13.68,0.00,11.58,0.00,0.00,4.21,0.00,0.00,0.00,70.53
10:36:53,12,13.98,0.00,12.90,0.00,0.00,5.38,0.00,0.00,0.00,67.74
10:36:53,13,15.22,0.00,14.13,0.00,0.00,4.35,0.00,0.00,0.00,66.30
10:36:53,14,15.38,0.00,12.09,0.00,0.00,5.49,0.00,0.00,0.00,67.03
10:36:53,15,14.74,0.00,11.58,0.00,0.00,5.26,0.00,0.00,0.00,68.42
10:36:54,4,14.74,0.00,12.63,0.00,0.00,4.21,0.00,0.00,0.00,68.42
10:36:54,5,15.38,0.00,12.09,0.00,0.00,4.40,0.00,0.00,0.00,68.13
10:36:54,6,16.84,0.00,13.68,0.00,0.00,4.21,0.00,0.00,0.00,65.26
10:36:54,7,14.89,0.00,10.64,0.00,0.00,5.32,0.00,0.00,0.00,69.15
10:36:54,12,13.98,0.00,13.98,0.00,0.00,4.30,0.00,0.00,0.00,67.74
10:36:54,13,14.89,0.00,12.77,0.00,0.00,5.32,0.00,0.00,0.00,67.02
10:36:54,14,14.58,0.00,14.58,0.00,0.00,4.17,0.00,0.00,0.00,66.67
10:36:54,15,15.05,0.00,9.68,0.00,0.00,5.38,0.00,0.00,0.00,69.89
10:36:55,4,15.79,0.00,15.79,0.00,0.00,4.21,0.00,0.00,0.00,64.21
10:36:55,5,16.13,0.00,13.98,0.00,0.00,5.38,0.00,0.00,0.00,64.52
10:36:55,6,15.79,0.00,14.74,0.00,0.00,4.21,0.00,0.00,0.00,65.26
10:36:55,7,14.13,0.00,11.96,0.00,0.00,3.26,0.00,0.00,0.00,70.65
10:36:55,12,17.39,0.00,16.30,0.00,0.00,4.35,0.00,0.00,0.00,61.96
10:36:55,13,17.20,0.00,11.83,0.00,0.00,5.38,0.00,0.00,0.00,65.59
10:36:55,14,17.20,0.00,15.05,0.00,0.00,4.30,0.00,0.00,0.00,63.44
10:36:55,15,16.13,0.00,11.83,0.00,0.00,5.38,0.00,0.00,0.00,66.67
10:36:56,4,12.09,0.00,12.09,0.00,0.00,5.49,0.00,0.00,0.00,70.33
10:36:56,5,15.96,0.00,13.83,0.00,0.00,6.38,0.00,0.00,0.00,63.83
10:36:56,6,15.96,0.00,12.77,0.00,0.00,5.32,0.00,0.00,0.00,65.96
10:36:56,7,12.09,0.00,12.09,0.00,0.00,5.49,0.00,0.00,0.00,70.33
10:36:56,12,17.58,0.00,9.89,0.00,0.00,4.40,0.00,0.00,0.00,68.13
10:36:56,13,16.13,0.00,12.90,0.00,0.00,4.30,0.00,0.00,0.00,66.67
10:36:56,14,14.74,0.00,13.68,0.00,0.00,5.26,0.00,0.00,0.00,66.32
10:36:56,15,13.83,0.00,11.70,0.00,0.00,3.19,0.00,0.00,0.00,71.28
10:36:57,4,14.89,0.00,12.77,0.00,0.00,4.26,0.00,0.00,0.00,68.09
10:36:57,5,13.19,0.00,15.38,0.00,0.00,3.30,0.00,0.00,0.00,68.13
10:36:57,6,16.13,0.00,12.90,0.00,0.00,5.38,0.00,0.00,0.00,65.59
10:36:57,7,13.68,0.00,12.63,0.00,0.00,5.26,0.00,0.00,0.00,68.42
10:36:57,12,15.96,0.00,11.70,0.00,0.00,5.32,0.00,0.00,0.00,67.02
10:36:57,13,15.79,0.00,12.63,0.00,0.00,4.21,0.00,0.00,0.00,67.37
10:36:57,14,14.13,0.00,10.87,0.00,0.00,5.43,0.00,0.00,0.00,69.57
10:36:57,15,14.89,0.00,11.70,0.00,0.00,4.26,0.00,0.00,0.00,69.15
10:36:58,4,14.89,0.00,12.77,0.00,0.00,5.32,0.00,0.00,0.00,67.02
10:36:58,5,15.96,0.00,11.70,0.00,0.00,5.32,0.00,0.00,0.00,67.02
10:36:58,6,14.89,0.00,12.77,0.00,0.00,5.32,0.00,0.00,0.00,67.02
10:36:58,7,13.83,0.00,12.77,0.00,0.00,4.26,0.00,0.00,0.00,69.15
10:36:58,12,15.38,0.00,9.89,0.00,0.00,4.40,0.00,0.00,0.00,70.33
10:36:58,13,16.48,0.00,12.09,0.00,0.00,5.49,0.00,0.00,0.00,65.93
10:36:58,14,13.83,0.00,13.83,0.00,0.00,5.32,0.00,0.00,0.00,67.02
10:36:58,15,14.89,0.00,12.77,0.00,0.00,5.32,0.00,0.00,0.00,67.02
10:36:59,4,14.29,0.00,14.29,0.00,0.00,4.40,0.00,0.00,0.00,67.03
10:36:59,5,15.96,0.00,11.70,1.06,0.00,5.32,0.00,0.00,0.00,65.96
10:36:59,6,16.48,0.00,10.99,0.00,0.00,5.49,0.00,0.00,0.00,67.03
10:36:59,7,12.50,0.00,12.50,0.00,0.00,5.21,0.00,0.00,0.00,69.79
10:36:59,12,13.98,0.00,12.90,0.00,0.00,5.38,0.00,0.00,0.00,67.74
10:36:59,13,17.20,0.00,15.05,0.00,0.00,3.23,0.00,0.00,0.00,64.52
10:36:59,14,16.13,0.00,12.90,0.00,0.00,5.38,0.00,0.00,0.00,65.59
10:36:59,15,13.98,0.00,10.75,0.00,0.00,5.38,0.00,0.00,0.00,69.89
10:37:00,4,16.30,0.00,14.13,0.00,0.00,5.43,0.00,0.00,0.00,64.13
10:37:00,5,15.73,0.00,12.36,0.00,0.00,3.37,0.00,0.00,0.00,68.54
10:37:00,6,15.56,0.00,13.33,0.00,0.00,5.56,0.00,0.00,0.00,65.56
10:37:00,7,15.05,0.00,11.83,0.00,0.00,4.30,0.00,0.00,0.00,68.82
10:37:00,12,15.38,0.00,12.09,0.00,0.00,4.40,0.00,0.00,0.00,68.13
10:37:00,13,15.73,0.00,12.36,0.00,0.00,5.62,0.00,0.00,0.00,66.29
10:37:00,14,14.29,0.00,14.29,0.00,0.00,4.40,0.00,0.00,0.00,67.03
10:37:00,15,14.74,0.00,13.68,0.00,0.00,3.16,0.00,0.00,0.00,68.42
10:37:01,4,16.13,0.00,11.83,0.00,0.00,4.30,0.00,0.00,0.00,67.74
10:37:01,5,16.13,0.00,15.05,0.00,0.00,5.38,0.00,0.00,0.00,63.44
10:37:01,6,14.13,0.00,11.96,0.00,0.00,5.43,0.00,0.00,0.00,68.48
10:37:01,7,13.68,0.00,13.68,0.00,0.00,4.21,0.00,0.00,0.00,68.42
10:37:01,12,15.73,0.00,11.24,0.00,0.00,5.62,0.00,0.00,0.00,67.42
10:37:01,13,15.05,0.00,13.98,0.00,0.00,5.38,0.00,0.00,0.00,65.59
10:37:01,14,15.22,0.00,11.96,0.00,0.00,5.43,0.00,0.00,0.00,67.39
10:37:01,15,14.74,0.00,11.58,0.00,0.00,5.26,0.00,0.00,0.00,68.42
10:37:02,4,17.39,0.00,11.96,0.00,0.00,3.26,0.00,0.00,0.00,67.39
10:37:02,5,16.13,0.00,15.05,0.00,0.00,5.38,0.00,0.00,0.00,63.44
10:37:02,6,15.62,0.00,13.54,0.00,0.00,5.21,0.00,0.00,0.00,65.62
10:37:02,7,14.89,0.00,11.70,0.00,0.00,5.32,0.00,0.00,0.00,68.09
10:37:02,12,16.84,0.00,12.63,0.00,0.00,4.21,0.00,0.00,0.00,66.32
10:37:02,13,14.29,0.00,12.09,0.00,0.00,4.40,0.00,0.00,0.00,69.23
10:37:02,14,16.49,0.00,13.40,0.00,0.00,4.12,0.00,0.00,0.00,65.98
10:37:02,15,14.89,0.00,10.64,0.00,0.00,4.26,0.00,0.00,0.00,70.21
10:37:03,4,14.13,0.00,11.96,0.00,0.00,4.35,0.00,0.00,0.00,69.57
10:37:03,5,14.29,0.00,16.48,0.00,0.00,4.40,0.00,0.00,0.00,64.84
10:37:03,6,16.84,0.00,13.68,0.00,0.00,4.21,0.00,0.00,0.00,65.26
10:37:03,7,11.70,0.00,13.83,0.00,0.00,5.32,0.00,0.00,0.00,69.15
10:37:03,12,12.90,0.00,13.98,0.00,0.00,5.38,0.00,0.00,0.00,67.74
10:37:03,13,16.13,0.00,11.83,0.00,0.00,4.30,0.00,0.00,0.00,67.74
10:37:03,14,16.84,0.00,11.58,0.00,0.00,5.26,0.00,0.00,0.00,66.32
10:37:03,15,12.77,0.00,12.77,0.00,0.00,4.26,0.00,0.00,0.00,70.21
10:37:04,4,16.30,0.00,10.87,0.00,0.00,4.35,0.00,0.00,0.00,68.48
10:37:04,5,16.13,0.00,12.90,1.08,0.00,5.38,0.00,0.00,0.00,64.52
10:37:04,6,14.89,0.00,13.83,0.00,0.00,5.32,0.00,0.00,0.00,65.96
10:37:04,7,14.13,0.00,11.96,0.00,0.00,4.35,0.00,0.00,0.00,69.57
10:37:04,12,16.13,0.00,15.05,0.00,0.00,5.38,0.00,0.00,0.00,63.44
10:37:04,13,14.29,0.00,15.38,0.00,0.00,3.30,0.00,0.00,0.00,67.03
10:37:04,14,13.83,0.00,15.96,0.00,0.00,4.26,0.00,0.00,0.00,65.96
10:37:04,15,14.29,0.00,12.09,0.00,0.00,3.30,0.00,0.00,0.00,70.33
10:37:05,4,16.84,0.00,11.58,0.00,0.00,5.26,0.00,0.00,0.00,66.32
10:37:05,5,15.96,0.00,13.83,0.00,0.00,7.45,0.00,0.00,0.00,62.77
10:37:05,6,15.38,0.00,12.09,0.00,0.00,4.40,0.00,0.00,0.00,68.13
10:37:05,7,12.77,0.00,14.89,0.00,0.00,3.19,0.00,0.00,0.00,69.15
10:37:05,12,16.30,0.00,11.96,0.00,0.00,3.26,0.00,0.00,0.00,68.48
10:37:05,13,20.00,0.00,14.74,0.00,0.00,5.26,0.00,0.00,0.00,60.00
10:37:05,14,16.13,0.00,13.98,0.00,0.00,5.38,0.00,0.00,0.00,64.52
10:37:05,15,12.22,0.00,13.33,0.00,0.00,4.44,0.00,0.00,0.00,70.00
10:37:06,4,13.19,0.00,14.29,0.00,0.00,4.40,0.00,0.00,0.00,68.13
10:37:06,5,15.22,0.00,11.96,0.00,0.00,4.35,0.00,0.00,0.00,68.48
10:37:06,6,12.90,0.00,13.98,0.00,0.00,4.30,0.00,0.00,0.00,68.82
10:37:06,7,12.90,0.00,9.68,0.00,0.00,5.38,0.00,0.00,0.00,72.04
10:37:06,12,17.58,0.00,10.99,0.00,0.00,4.40,0.00,0.00,0.00,67.03
10:37:06,13,14.89,0.00,13.83,0.00,0.00,5.32,0.00,0.00,0.00,65.96
10:37:06,14,13.83,0.00,13.83,0.00,0.00,6.38,0.00,0.00,0.00,65.96
10:37:06,15,15.05,0.00,11.83,0.00,0.00,4.30,0.00,0.00,0.00,68.82
10:37:07,4,15.79,0.00,12.63,0.00,0.00,5.26,0.00,0.00,0.00,66.32
10:37:07,5,13.83,0.00,13.83,0.00,0.00,5.32,0.00,0.00,0.00,67.02
10:37:07,6,15.05,0.00,12.90,0.00,0.00,5.38,0.00,0.00,0.00,66.67
10:37:07,7,11.96,0.00,11.96,0.00,0.00,5.43,0.00,0.00,0.00,70.65
10:37:07,12,14.89,0.00,12.77,0.00,0.00,4.26,0.00,0.00,0.00,68.09
10:37:07,13,14.29,0.00,14.29,0.00,0.00,4.40,0.00,0.00,0.00,67.03
10:37:07,14,15.22,0.00,11.96,0.00,0.00,4.35,0.00,0.00,0.00,68.48
10:37:07,15,14.74,0.00,11.58,0.00,0.00,5.26,0.00,0.00,0.00,68.42
10:37:08,4,14.89,0.00,11.70,0.00,0.00,4.26,0.00,0.00,0.00,69.15
10:37:08,5,15.05,0.00,16.13,0.00,0.00,5.38,0.00,0.00,0.00,63.44
10:37:08,6,14.89,0.00,13.83,0.00,0.00,5.32,0.00,0.00,0.00,65.96
10:37:08,7,12.77,0.00,13.83,0.00,0.00,5.32,0.00,0.00,0.00,68.09
10:37:08,12,15.96,0.00,10.64,0.00,0.00,5.32,0.00,0.00,0.00,68.09
10:37:08,13,14.13,0.00,13.04,0.00,0.00,4.35,0.00,0.00,0.00,68.48
10:37:08,14,14.29,0.00,10.99,0.00,0.00,4.40,0.00,0.00,0.00,70.33
10:37:08,15,14.43,0.00,12.37,0.00,0.00,5.15,0.00,0.00,0.00,68.04
10:37:09,4,15.38,0.00,10.99,1.10,0.00,4.40,0.00,0.00,0.00,68.13
10:37:09,5,17.39,0.00,13.04,0.00,0.00,4.35,0.00,0.00,0.00,65.22
10:37:09,6,15.62,0.00,12.50,0.00,0.00,4.17,0.00,0.00,0.00,67.71
10:37:09,7,12.09,0.00,12.09,0.00,0.00,4.40,0.00,0.00,0.00,71.43
10:37:09,12,16.30,0.00,13.04,0.00,0.00,5.43,0.00,0.00,0.00,65.22
10:37:09,13,14.29,0.00,13.19,0.00,0.00,4.40,0.00,0.00,0.00,68.13
10:37:09,14,14.74,0.00,13.68,0.00,0.00,5.26,0.00,0.00,0.00,66.32
10:37:09,15,12.22,0.00,12.22,0.00,0.00,4.44,0.00,0.00,0.00,71.11
10:37:10,4,17.20,0.00,15.05,0.00,0.00,4.30,0.00,0.00,0.00,63.44
10:37:10,5,15.96,0.00,14.89,0.00,0.00,4.26,0.00,0.00,0.00,64.89
10:37:10,6,18.09,0.00,13.83,0.00,0.00,5.32,0.00,0.00,0.00,62.77
10:37:10,7,13.98,0.00,12.90,0.00,0.00,5.38,0.00,0.00,0.00,67.74
10:37:10,12,15.22,0.00,14.13,0.00,0.00,5.43,0.00,0.00,0.00,65.22
10:37:10,13,16.67,0.00,14.58,0.00,0.00,5.21,0.00,0.00,0.00,63.54
10:37:10,14,16.30,0.00,13.04,0.00,0.00,4.35,0.00,0.00,0.00,66.30
10:37:10,15,16.13,0.00,11.83,0.00,0.00,4.30,0.00,0.00,0.00,67.74
10:37:11,4,15.96,0.00,11.70,0.00,0.00,5.32,0.00,0.00,0.00,67.02
10:37:11,5,15.38,0.00,14.29,0.00,0.00,4.40,0.00,0.00,0.00,65.93
10:37:11,6,14.89,0.00,13.83,0.00,0.00,5.32,0.00,0.00,0.00,65.96
10:37:11,7,13.83,0.00,11.70,0.00,0.00,4.26,0.00,0.00,0.00,70.21
10:37:11,12,17.20,0.00,12.90,0.00,0.00,4.30,0.00,0.00,0.00,65.59
10:37:11,13,16.13,0.00,11.83,0.00,0.00,5.38,0.00,0.00,0.00,66.67
10:37:11,14,15.96,0.00,11.70,0.00,0.00,4.26,0.00,0.00,0.00,68.09
10:37:11,15,13.83,0.00,10.64,0.00,0.00,5.32,0.00,0.00,0.00,70.21
10:37:12,4,14.89,0.00,14.89,0.00,0.00,4.26,0.00,0.00,0.00,65.96
10:37:12,5,13.33,0.00,12.22,0.00,0.00,5.56,0.00,0.00,0.00,68.89
10:37:12,6,13.98,0.00,12.90,0.00,0.00,4.30,0.00,0.00,0.00,68.82
10:37:12,7,15.62,0.00,12.50,0.00,0.00,4.17,0.00,0.00,0.00,67.71
10:37:12,12,12.22,0.00,13.33,0.00,0.00,5.56,0.00,0.00,0.00,68.89
10:37:12,13,12.90,0.00,12.90,0.00,0.00,5.38,0.00,0.00,0.00,68.82
10:37:12,14,14.29,0.00,12.09,0.00,0.00,4.40,0.00,0.00,0.00,69.23
10:37:12,15,13.68,0.00,12.63,0.00,0.00,5.26,0.00,0.00,0.00,68.42
10:37:13,4,15.38,0.00,10.99,0.00,0.00,3.30,0.00,0.00,0.00,70.33
10:37:13,5,15.96,0.00,11.70,0.00,0.00,4.26,0.00,0.00,0.00,68.09
10:37:13,6,13.98,0.00,11.83,0.00,0.00,4.30,0.00,0.00,0.00,69.89
10:37:13,7,13.68,0.00,10.53,0.00,0.00,4.21,0.00,0.00,0.00,71.58
10:37:13,12,14.13,0.00,13.04,0.00,0.00,4.35,0.00,0.00,0.00,68.48
10:37:13,13,17.39,0.00,10.87,0.00,0.00,5.43,0.00,0.00,0.00,66.30
10:37:13,14,15.05,0.00,12.90,0.00,0.00,4.30,0.00,0.00,0.00,67.74
10:37:13,15,13.98,0.00,11.83,0.00,0.00,5.38,0.00,0.00,0.00,68.82
10:37:14,4,16.48,0.00,12.09,1.10,0.00,5.49,0.00,0.00,0.00,64.84
10:37:14,5,14.89,0.00,15.96,0.00,0.00,4.26,0.00,0.00,0.00,64.89
10:37:14,6,13.68,0.00,14.74,0.00,0.00,5.26,0.00,0.00,0.00,66.32
10:37:14,7,13.04,0.00,13.04,0.00,0.00,4.35,0.00,0.00,0.00,69.57
10:37:14,12,16.30,0.00,11.96,1.09,0.00,3.26,0.00,0.00,0.00,67.39
10:37:14,13,14.74,0.00,15.79,0.00,0.00,5.26,0.00,0.00,0.00,64.21
10:37:14,14,11.96,0.00,13.04,0.00,0.00,5.43,0.00,0.00,0.00,69.57
10:37:14,15,15.96,0.00,10.64,0.00,0.00,4.26,0.00,0.00,0.00,69.15
10:37:15,4,17.20,0.00,11.83,0.00,0.00,4.30,0.00,0.00,0.00,66.67
10:37:15,5,18.09,0.00,13.83,0.00,0.00,4.26,0.00,0.00,0.00,63.83
10:37:15,6,13.04,0.00,13.04,0.00,0.00,5.43,0.00,0.00,0.00,68.48
10:37:15,7,15.22,0.00,10.87,0.00,0.00,4.35,0.00,0.00,0.00,69.57
10:37:15,12,17.20,0.00,13.98,0.00,0.00,5.38,0.00,0.00,0.00,63.44
10:37:15,13,17.39,0.00,11.96,0.00,0.00,5.43,0.00,0.00,0.00,65.22
10:37:15,14,16.30,0.00,11.96,0.00,0.00,4.35,0.00,0.00,0.00,67.39
10:37:15,15,14.89,0.00,12.77,0.00,0.00,5.32,0.00,0.00,0.00,67.02
10:37:16,4,15.22,0.00,14.13,0.00,0.00,4.35,0.00,0.00,0.00,66.30
10:37:16,5,14.44,0.00,12.22,0.00,0.00,3.33,0.00,0.00,0.00,70.00
10:37:16,6,16.30,0.00,11.96,0.00,0.00,6.52,0.00,0.00,0.00,65.22
10:37:16,7,11.83,0.00,11.83,0.00,0.00,4.30,0.00,0.00,0.00,72.04
10:37:16,12,16.13,0.00,13.98,0.00,0.00,5.38,0.00,0.00,0.00,64.52
10:37:16,13,15.05,0.00,12.90,0.00,0.00,5.38,0.00,0.00,0.00,66.67
10:37:16,14,16.13,0.00,12.90,0.00,0.00,6.45,0.00,0.00,0.00,64.52
10:37:16,15,13.54,0.00,12.50,0.00,0.00,4.17,0.00,0.00,0.00,69.79
10:37:17,4,16.13,0.00,13.98,0.00,0.00,5.38,0.00,0.00,0.00,64.52
10:37:17,5,16.67,0.00,13.54,0.00,0.00,5.21,0.00,0.00,0.00,64.58
10:37:17,6,15.05,0.00,13.98,0.00,0.00,4.30,0.00,0.00,0.00,66.67
10:37:17,7,13.83,0.00,12.77,0.00,0.00,3.19,0.00,0.00,0.00,70.21
10:37:17,12,15.22,0.00,11.96,0.00,0.00,4.35,0.00,0.00,0.00,68.48
10:37:17,13,15.22,0.00,15.22,0.00,0.00,5.43,0.00,0.00,0.00,64.13
10:37:17,14,15.38,0.00,13.19,0.00,0.00,3.30,0.00,0.00,0.00,68.13
10:37:17,15,12.90,0.00,12.90,0.00,0.00,4.30,0.00,0.00,0.00,69.89
10:37:18,4,14.13,0.00,11.96,0.00,0.00,4.35,0.00,0.00,0.00,69.57
10:37:18,5,16.30,0.00,15.22,0.00,0.00,4.35,0.00,0.00,0.00,64.13
10:37:18,6,14.89,0.00,12.77,0.00,0.00,4.26,0.00,0.00,0.00,68.09
10:37:18,7,14.89,0.00,12.77,0.00,0.00,5.32,0.00,0.00,0.00,67.02
10:37:18,12,15.05,0.00,10.75,0.00,0.00,5.38,0.00,0.00,0.00,68.82
10:37:18,13,15.38,0.00,10.99,0.00,0.00,4.40,0.00,0.00,0.00,69.23
10:37:18,14,13.19,0.00,14.29,0.00,0.00,3.30,0.00,0.00,0.00,69.23
10:37:18,15,13.83,0.00,12.77,0.00,0.00,4.26,0.00,0.00,0.00,69.15
10:37:19,4,17.78,0.00,11.11,0.00,0.00,3.33,0.00,0.00,0.00,67.78
10:37:19,5,16.49,0.00,13.40,0.00,0.00,5.15,0.00,0.00,0.00,64.95
10:37:19,6,15.05,0.00,11.83,0.00,0.00,4.30,0.00,0.00,0.00,68.82
10:37:19,7,14.74,0.00,12.63,0.00,0.00,4.21,0.00,0.00,0.00,68.42
10:37:19,12,16.84,0.00,12.63,0.00,0.00,4.21,0.00,0.00,0.00,66.32
10:37:19,13,13.33,0.00,14.44,0.00,0.00,4.44,0.00,0.00,0.00,67.78
10:37:19,14,11.83,0.00,13.98,0.00,0.00,5.38,0.00,0.00,0.00,68.82
10:37:19,15,14.13,0.00,13.04,0.00,0.00,3.26,0.00,0.00,0.00,69.57
10:37:20,4,15.38,0.00,12.09,0.00,0.00,5.49,0.00,0.00,0.00,67.03
10:37:20,5,18.09,0.00,15.96,0.00,0.00,4.26,0.00,0.00,0.00,61.70
10:37:20,6,13.68,0.00,14.74,0.00,0.00,5.26,0.00,0.00,0.00,66.32
10:37:20,7,12.90,0.00,12.90,0.00,0.00,4.30,0.00,0.00,0.00,69.89
10:37:20,12,17.02,0.00,12.77,0.00,0.00,6.38,0.00,0.00,0.00,63.83
10:37:20,13,17.89,0.00,13.68,0.00,0.00,7.37,0.00,0.00,0.00,61.05
10:37:20,14,15.79,0.00,14.74,0.00,0.00,5.26,0.00,0.00,0.00,64.21
10:37:20,15,12.90,0.00,10.75,0.00,0.00,5.38,0.00,0.00,0.00,70.97
10:37:21,4,17.39,0.00,13.04,0.00,0.00,4.35,0.00,0.00,0.00,65.22
10:37:21,5,15.05,0.00,15.05,0.00,0.00,4.30,0.00,0.00,0.00,65.59
10:37:21,6,13.98,0.00,11.83,0.00,0.00,5.38,0.00,0.00,0.00,68.82
10:37:21,7,10.99,0.00,12.09,0.00,0.00,4.40,0.00,0.00,0.00,72.53
10:37:21,12,16.67,0.00,12.22,0.00,0.00,4.44,0.00,0.00,0.00,66.67
10:37:21,13,17.89,0.00,12.63,0.00,0.00,5.26,0.00,0.00,0.00,64.21
10:37:21,14,11.83,0.00,15.05,0.00,0.00,6.45,0.00,0.00,0.00,66.67
10:37:21,15,14.89,0.00,11.70,0.00,0.00,5.32,0.00,0.00,0.00,68.09
10:37:22,4,17.02,0.00,11.70,0.00,0.00,5.32,0.00,0.00,0.00,65.96
10:37:22,5,15.56,0.00,13.33,0.00,0.00,4.44,0.00,0.00,0.00,66.67
10:37:22,6,15.05,0.00,12.90,0.00,0.00,4.30,0.00,0.00,0.00,67.74
10:37:22,7,13.68,0.00,12.63,0.00,0.00,5.26,0.00,0.00,0.00,68.42
10:37:22,12,13.83,0.00,15.96,0.00,0.00,5.32,0.00,0.00,0.00,64.89
10:37:22,13,13.48,0.00,13.48,0.00,0.00,3.37,0.00,0.00,0.00,69.66
10:37:22,14,15.05,0.00,12.90,0.00,0.00,3.23,0.00,0.00,0.00,68.82
10:37:22,15,13.40,0.00,12.37,0.00,0.00,5.15,0.00,0.00,0.00,69.07
10:37:23,4,14.29,0.00,10.99,0.00,0.00,5.49,0.00,0.00,0.00,69.23
10:37:23,5,15.05,0.00,12.90,0.00,0.00,3.23,0.00,0.00,0.00,68.82
10:37:23,6,13.04,0.00,13.04,0.00,0.00,4.35,0.00,0.00,0.00,69.57
10:37:23,7,13.98,0.00,11.83,0.00,0.00,4.30,0.00,0.00,0.00,69.89
10:37:23,12,13.83,0.00,13.83,0.00,0.00,5.32,0.00,0.00,0.00,67.02
10:37:23,13,13.83,0.00,12.77,0.00,0.00,5.32,0.00,0.00,0.00,68.09
10:37:23,14,16.13,0.00,11.83,0.00,0.00,4.30,0.00,0.00,0.00,67.74
10:37:23,15,15.96,0.00,12.77,0.00,0.00,3.19,0.00,0.00,0.00,68.09
10:37:24,4,15.96,0.00,13.83,0.00,0.00,5.32,0.00,0.00,0.00,64.89
10:37:24,5,17.20,0.00,12.90,1.08,0.00,4.30,0.00,0.00,0.00,64.52
10:37:24,6,15.05,0.00,11.83,0.00,0.00,5.38,0.00,0.00,0.00,67.74
10:37:24,7,14.89,0.00,9.57,0.00,0.00,5.32,0.00,0.00,0.00,70.21
10:37:24,12,14.13,0.00,14.13,0.00,0.00,3.26,0.00,0.00,0.00,68.48
10:37:24,13,15.05,0.00,16.13,0.00,0.00,5.38,0.00,0.00,0.00,63.44
10:37:24,14,15.22,0.00,13.04,0.00,0.00,4.35,0.00,0.00,0.00,67.39
10:37:24,15,12.63,0.00,12.63,0.00,0.00,4.21,0.00,0.00,0.00,70.53
10:37:25,4,14.89,0.00,13.83,0.00,0.00,5.32,0.00,0.00,0.00,65.96
10:37:25,5,18.89,0.00,12.22,0.00,0.00,4.44,0.00,0.00,0.00,64.44
10:37:25,6,15.96,0.00,11.70,0.00,0.00,6.38,0.00,0.00,0.00,65.96
10:37:25,7,13.83,0.00,12.77,0.00,0.00,3.19,0.00,0.00,0.00,70.21
10:37:25,12,18.09,0.00,12.77,0.00,0.00,6.38,0.00,0.00,0.00,62.77
10:37:25,13,17.39,0.00,14.13,0.00,0.00,3.26,0.00,0.00,0.00,65.22
10:37:25,14,16.30,0.00,14.13,0.00,0.00,5.43,0.00,0.00,0.00,64.13
10:37:25,15,11.83,0.00,12.90,0.00,0.00,5.38,0.00,0.00,0.00,69.89
10:37:26,4,15.96,0.00,11.70,0.00,0.00,5.32,0.00,0.00,0.00,67.02
10:37:26,5,16.13,0.00,12.90,0.00,0.00,5.38,0.00,0.00,0.00,65.59
10:37:26,6,16.13,0.00,12.90,0.00,0.00,5.38,0.00,0.00,0.00,65.59
10:37:26,7,14.89,0.00,10.64,0.00,0.00,5.32,0.00,0.00,0.00,69.15
10:37:26,12,15.22,0.00,15.22,0.00,0.00,3.26,0.00,0.00,0.00,66.30
10:37:26,13,16.84,0.00,14.74,0.00,0.00,5.26,0.00,0.00,0.00,63.16
10:37:26,14,16.67,0.00,13.54,0.00,0.00,5.21,0.00,0.00,0.00,64.58
10:37:26,15,14.74,0.00,13.68,0.00,0.00,3.16,0.00,0.00,0.00,68.42
10:37:27,4,16.84,0.00,14.74,0.00,0.00,4.21,0.00,0.00,0.00,64.21
10:37:27,5,14.13,0.00,11.96,0.00,0.00,5.43,0.00,0.00,0.00,68.48
10:37:27,6,15.79,0.00,11.58,0.00,0.00,5.26,0.00,0.00,0.00,67.37
10:37:27,7,15.05,0.00,11.83,0.00,0.00,4.30,0.00,0.00,0.00,68.82
10:37:27,12,15.79,0.00,13.68,0.00,0.00,5.26,0.00,0.00,0.00,65.26
10:37:27,13,12.77,0.00,14.89,0.00,0.00,4.26,0.00,0.00,0.00,68.09
10:37:27,14,13.83,0.00,13.83,0.00,0.00,3.19,0.00,0.00,0.00,69.15
10:37:27,15,14.13,0.00,10.87,0.00,0.00,4.35,0.00,0.00,0.00,70.65
10:37:28,4,13.04,0.00,13.04,0.00,0.00,5.43,0.00,0.00,0.00,68.48
10:37:28,5,16.67,0.00,11.11,0.00,0.00,4.44,0.00,0.00,0.00,67.78
10:37:28,6,14.13,0.00,11.96,0.00,0.00,5.43,0.00,0.00,0.00,68.48
10:37:28,7,14.29,0.00,9.89,0.00,0.00,5.49,0.00,0.00,0.00,70.33
10:37:28,12,13.04,0.00,11.96,0.00,0.00,5.43,0.00,0.00,0.00,69.57
10:37:28,13,14.29,0.00,14.29,0.00,0.00,4.40,0.00,0.00,0.00,67.03
10:37:28,14,16.13,0.00,11.83,0.00,0.00,5.38,0.00,0.00,0.00,66.67
10:37:28,15,15.05,0.00,10.75,0.00,0.00,5.38,0.00,0.00,0.00,68.82
10:37:29,4,17.20,0.00,13.98,0.00,0.00,4.30,0.00,0.00,0.00,64.52
10:37:29,5,16.30,0.00,10.87,0.00,0.00,4.35,0.00,0.00,0.00,68.48
10:37:29,6,15.05,0.00,12.90,0.00,0.00,4.30,0.00,0.00,0.00,67.74
10:37:29,7,13.83,0.00,12.77,0.00,0.00,5.32,0.00,0.00,0.00,68.09
10:37:29,12,14.61,0.00,12.36,1.12,0.00,3.37,0.00,0.00,0.00,68.54
10:37:29,13,15.05,0.00,11.83,0.00,0.00,5.38,0.00,0.00,0.00,67.74
10:37:29,14,13.83,0.00,12.77,0.00,0.00,5.32,0.00,0.00,0.00,68.09
10:37:29,15,15.79,0.00,11.58,0.00,0.00,5.26,0.00,0.00,0.00,67.37
10:37:30,4,15.22,0.00,11.96,0.00,0.00,4.35,0.00,0.00,0.00,68.48
10:37:30,5,15.22,0.00,13.04,0.00,0.00,3.26,0.00,0.00,0.00,68.48
10:37:30,6,15.96,0.00,15.96,0.00,0.00,4.26,0.00,0.00,0.00,63.83
10:37:30,7,15.79,0.00,12.63,0.00,0.00,4.21,0.00,0.00,0.00,67.37
10:37:30,12,17.89,0.00,14.74,0.00,0.00,5.26,0.00,0.00,0.00,62.11
10:37:30,13,15.56,0.00,12.22,0.00,0.00,3.33,0.00,0.00,0.00,68.89
10:37:30,14,17.89,0.00,13.68,0.00,0.00,5.26,0.00,0.00,0.00,63.16
10:37:30,15,14.29,0.00,10.99,0.00,0.00,4.40,0.00,0.00,0.00,70.33
10:37:31,4,15.79,0.00,12.63,0.00,0.00,5.26,0.00,0.00,0.00,66.32
10:37:31,5,15.38,0.00,16.48,0.00,0.00,4.40,0.00,0.00,0.00,63.74
10:37:31,6,14.29,0.00,10.99,0.00,0.00,4.40,0.00,0.00,0.00,70.33
10:37:31,7,11.83,0.00,11.83,0.00,0.00,5.38,0.00,0.00,0.00,70.97
10:37:31,12,15.96,0.00,14.89,0.00,0.00,4.26,0.00,0.00,0.00,64.89
10:37:31,13,16.48,0.00,13.19,0.00,0.00,4.40,0.00,0.00,0.00,65.93
10:37:31,14,15.22,0.00,14.13,0.00,0.00,4.35,0.00,0.00,0.00,66.30
10:37:31,15,13.04,0.00,11.96,0.00,0.00,4.35,0.00,0.00,0.00,70.65
10:37:32,4,15.96,0.00,10.64,0.00,0.00,5.32,0.00,0.00,0.00,68.09
10:37:32,5,17.20,0.00,10.75,0.00,0.00,5.38,0.00,0.00,0.00,66.67
10:37:32,6,14.29,0.00,12.09,0.00,0.00,5.49,0.00,0.00,0.00,68.13
10:37:32,7,15.05,0.00,10.75,0.00,0.00,3.23,0.00,0.00,0.00,70.97
10:37:32,12,16.13,0.00,13.98,0.00,0.00,5.38,0.00,0.00,0.00,64.52
10:37:32,13,16.13,0.00,11.83,0.00,0.00,5.38,0.00,0.00,0.00,66.67
10:37:32,14,14.13,0.00,14.13,0.00,0.00,3.26,0.00,0.00,0.00,68.48
10:37:32,15,14.58,0.00,12.50,0.00,0.00,5.21,0.00,0.00,0.00,67.71
10:37:33,4,13.19,0.00,12.09,0.00,0.00,4.40,0.00,0.00,0.00,70.33
10:37:33,5,14.29,0.00,12.09,0.00,0.00,4.40,0.00,0.00,0.00,69.23
10:37:33,6,16.13,0.00,12.90,0.00,0.00,4.30,0.00,0.00,0.00,66.67
10:37:33,7,11.83,0.00,11.83,0.00,0.00,4.30,0.00,0.00,0.00,72.04
10:37:33,12,15.62,0.00,12.50,0.00,0.00,4.17,0.00,0.00,0.00,67.71
10:37:33,13,13.19,0.00,14.29,0.00,0.00,5.49,0.00,0.00,0.00,67.03
10:37:33,14,14.29,0.00,10.99,0.00,0.00,5.49,0.00,0.00,0.00,69.23
10:37:33,15,12.90,0.00,11.83,0.00,0.00,4.30,0.00,0.00,0.00,70.97
10:37:34,4,13.98,0.00,13.98,0.00,0.00,4.30,0.00,0.00,0.00,67.74
10:37:34,5,14.58,0.00,14.58,0.00,0.00,5.21,0.00,0.00,0.00,65.62
10:37:34,6,14.29,0.00,13.19,1.10,0.00,4.40,0.00,0.00,0.00,67.03
10:37:34,7,13.68,0.00,12.63,1.05,0.00,4.21,0.00,0.00,0.00,68.42
10:37:34,12,17.20,0.00,13.98,0.00,0.00,5.38,0.00,0.00,0.00,63.44
10:37:34,13,16.13,0.00,13.98,0.00,0.00,4.30,0.00,0.00,0.00,65.59
10:37:34,14,16.30,0.00,11.96,0.00,0.00,4.35,0.00,0.00,0.00,67.39
10:37:34,15,13.68,0.00,12.63,0.00,0.00,5.26,0.00,0.00,0.00,68.42
10:37:35,4,14.89,0.00,13.83,0.00,0.00,4.26,0.00,0.00,0.00,67.02
10:37:35,5,15.05,0.00,13.98,0.00,0.00,5.38,0.00,0.00,0.00,65.59
10:37:35,6,13.68,0.00,13.68,0.00,0.00,6.32,0.00,0.00,0.00,66.32
10:37:35,7,15.96,0.00,11.70,0.00,0.00,4.26,0.00,0.00,0.00,68.09
10:37:35,12,14.89,0.00,13.83,0.00,0.00,4.26,0.00,0.00,0.00,67.02
10:37:35,13,13.98,0.00,11.83,0.00,0.00,5.38,0.00,0.00,0.00,68.82
10:37:35,14,13.83,0.00,13.83,0.00,0.00,4.26,0.00,0.00,0.00,68.09
10:37:35,15,12.09,0.00,13.19,0.00,0.00,4.40,0.00,0.00,0.00,70.33
10:37:36,4,15.38,0.00,12.09,0.00,0.00,4.40,0.00,0.00,0.00,68.13
10:37:36,5,17.78,0.00,12.22,0.00,0.00,5.56,0.00,0.00,0.00,64.44
10:37:36,6,15.96,0.00,13.83,0.00,0.00,4.26,0.00,0.00,0.00,65.96
10:37:36,7,14.89,0.00,13.83,0.00,0.00,4.26,0.00,0.00,0.00,67.02
10:37:36,12,17.58,0.00,15.38,0.00,0.00,4.40,0.00,0.00,0.00,62.64
10:37:36,13,16.84,0.00,14.74,0.00,0.00,5.26,0.00,0.00,0.00,63.16
10:37:36,14,15.05,0.00,16.13,0.00,0.00,3.23,0.00,0.00,0.00,65.59
10:37:36,15,12.77,0.00,12.77,0.00,0.00,6.38,0.00,0.00,0.00,68.09
10:37:37,4,14.44,0.00,11.11,0.00,0.00,4.44,0.00,0.00,0.00,70.00
10:37:37,5,13.48,0.00,13.48,0.00,0.00,4.49,0.00,0.00,0.00,68.54
10:37:37,6,16.30,0.00,11.96,0.00,0.00,5.43,0.00,0.00,0.00,66.30
10:37:37,7,11.70,0.00,11.70,0.00,0.00,6.38,0.00,0.00,0.00,70.21
10:37:37,12,13.04,0.00,13.04,0.00,0.00,6.52,0.00,0.00,0.00,67.39
10:37:37,13,14.44,0.00,11.11,0.00,0.00,5.56,0.00,0.00,0.00,68.89
10:37:37,14,16.84,0.00,12.63,0.00,0.00,6.32,0.00,0.00,0.00,64.21
10:37:37,15,14.13,0.00,11.96,0.00,0.00,4.35,0.00,0.00,0.00,69.57
10:37:38,4,17.71,0.00,10.42,0.00,0.00,5.21,0.00,0.00,0.00,66.67
10:37:38,5,15.05,0.00,12.90,0.00,0.00,4.30,0.00,0.00,0.00,67.74
10:37:38,6,14.89,0.00,11.70,0.00,0.00,4.26,0.00,0.00,0.00,69.15
10:37:38,7,11.83,0.00,11.83,0.00,0.00,4.30,0.00,0.00,0.00,72.04
10:37:38,12,15.79,0.00,15.79,0.00,0.00,4.21,0.00,0.00,0.00,64.21
10:37:38,13,17.02,0.00,12.77,0.00,0.00,6.38,0.00,0.00,0.00,63.83
10:37:38,14,17.20,0.00,11.83,0.00,0.00,4.30,0.00,0.00,0.00,66.67
10:37:38,15,13.04,0.00,13.04,0.00,0.00,4.35,0.00,0.00,0.00,69.57
10:37:39,4,16.30,0.00,10.87,0.00,0.00,4.35,0.00,0.00,0.00,68.48
10:37:39,5,16.30,0.00,9.78,0.00,0.00,4.35,0.00,0.00,0.00,69.57
10:37:39,6,12.90,0.00,12.90,0.00,0.00,4.30,0.00,0.00,0.00,69.89
10:37:39,7,14.29,0.00,12.24,0.00,0.00,5.10,0.00,0.00,0.00,68.37
10:37:39,12,13.48,0.00,12.36,0.00,0.00,4.49,0.00,0.00,0.00,69.66
10:37:39,13,16.30,0.00,11.96,0.00,0.00,5.43,0.00,0.00,0.00,66.30
10:37:39,14,13.98,0.00,13.98,0.00,0.00,4.30,0.00,0.00,0.00,67.74
10:37:39,15,14.74,0.00,11.58,0.00,0.00,5.26,0.00,0.00,0.00,68.42
10:37:40,4,14.29,0.00,12.09,0.00,0.00,4.40,0.00,0.00,0.00,69.23
10:37:40,5,15.79,0.00,10.53,0.00,0.00,6.32,0.00,0.00,0.00,67.37
10:37:40,6,16.84,0.00,10.53,0.00,0.00,5.26,0.00,0.00,0.00,67.37
10:37:40,7,13.98,0.00,11.83,0.00,0.00,5.38,0.00,0.00,0.00,68.82
10:37:40,12,16.49,0.00,14.43,0.00,0.00,5.15,0.00,0.00,0.00,63.92
10:37:40,13,14.29,0.00,13.19,0.00,0.00,3.30,0.00,0.00,0.00,69.23
10:37:40,14,14.74,0.00,13.68,0.00,0.00,5.26,0.00,0.00,0.00,66.32
10:37:40,15,13.19,0.00,14.29,0.00,0.00,3.30,0.00,0.00,0.00,69.23
10:37:41,4,14.13,0.00,11.96,0.00,0.00,5.43,0.00,0.00,0.00,68.48
10:37:41,5,17.89,0.00,14.74,0.00,0.00,4.21,0.00,0.00,0.00,63.16
10:37:41,6,14.89,0.00,12.77,0.00,0.00,4.26,0.00,0.00,0.00,68.09
10:37:41,7,12.77,0.00,14.89,2.13,0.00,4.26,0.00,0.00,0.00,65.96
10:37:41,12,14.74,0.00,12.63,2.11,0.00,5.26,0.00,0.00,0.00,65.26
10:37:41,13,17.89,0.00,14.74,1.05,0.00,5.26,0.00,0.00,0.00,61.05
10:37:41,14,13.04,0.00,14.13,0.00,0.00,4.35,0.00,0.00,0.00,68.48
10:37:41,15,16.13,0.00,12.90,0.00,0.00,4.30,0.00,0.00,0.00,66.67
10:37:42,4,14.29,0.00,13.19,0.00,0.00,3.30,0.00,0.00,0.00,69.23
10:37:42,5,15.96,0.00,11.70,0.00,0.00,5.32,0.00,0.00,0.00,67.02
10:37:42,6,14.74,0.00,14.74,0.00,0.00,4.21,0.00,0.00,0.00,66.32
10:37:42,7,15.96,0.00,12.77,0.00,0.00,4.26,0.00,0.00,0.00,67.02
10:37:42,12,15.05,0.00,12.90,0.00,0.00,5.38,0.00,0.00,0.00,66.67
10:37:42,13,15.96,0.00,11.70,0.00,0.00,6.38,0.00,0.00,0.00,65.96
10:37:42,14,14.44,0.00,12.22,0.00,0.00,4.44,0.00,0.00,0.00,68.89
10:37:42,15,15.79,0.00,12.63,0.00,0.00,5.26,0.00,0.00,0.00,66.32
10:37:43,4,15.79,0.00,12.63,0.00,0.00,4.21,0.00,0.00,0.00,67.37
10:37:43,5,16.30,0.00,11.96,0.00,0.00,3.26,0.00,0.00,0.00,68.48
10:37:43,6,13.19,0.00,12.09,0.00,0.00,4.40,0.00,0.00,0.00,70.33
10:37:43,7,12.63,0.00,11.58,0.00,0.00,5.26,0.00,0.00,0.00,70.53
10:37:43,12,19.35,0.00,11.83,0.00,0.00,4.30,0.00,0.00,0.00,64.52
10:37:43,13,15.05,0.00,13.98,0.00,0.00,4.30,0.00,0.00,0.00,66.67
10:37:43,14,14.58,0.00,13.54,0.00,0.00,5.21,0.00,0.00,0.00,66.67
10:37:43,15,13.83,0.00,11.70,0.00,0.00,4.26,0.00,0.00,0.00,70.21
10:37:44,4,12.90,0.00,12.90,0.00,0.00,6.45,0.00,0.00,0.00,67.74
10:37:44,5,14.89,0.00,12.77,0.00,0.00,5.32,0.00,0.00,0.00,67.02
10:37:44,6,14.13,0.00,11.96,0.00,0.00,5.43,0.00,0.00,0.00,68.48
10:37:44,7,13.19,0.00,10.99,0.00,0.00,4.40,0.00,0.00,0.00,71.43
10:37:44,12,15.96,0.00,13.83,0.00,0.00,4.26,0.00,0.00,0.00,65.96
10:37:44,13,16.84,0.00,12.63,0.00,0.00,4.21,0.00,0.00,0.00,66.32
10:37:44,14,16.13,0.00,13.98,0.00,0.00,5.38,0.00,0.00,0.00,64.52
10:37:44,15,16.13,0.00,11.83,0.00,0.00,3.23,0.00,0.00,0.00,68.82
10:37:45,4,14.44,0.00,11.11,0.00,0.00,4.44,0.00,0.00,0.00,70.00
10:37:45,5,13.33,0.00,12.22,0.00,0.00,4.44,0.00,0.00,0.00,70.00
10:37:45,6,15.79,0.00,12.63,0.00,0.00,5.26,0.00,0.00,0.00,66.32
10:37:45,7,13.98,0.00,12.90,0.00,0.00,4.30,0.00,0.00,0.00,68.82
10:37:45,12,13.19,0.00,12.09,0.00,0.00,4.40,0.00,0.00,0.00,70.33
10:37:45,13,15.05,0.00,11.83,0.00,0.00,4.30,0.00,0.00,0.00,68.82
10:37:45,14,12.09,0.00,13.19,0.00,0.00,4.40,0.00,0.00,0.00,70.33
10:37:45,15,15.79,0.00,12.63,0.00,0.00,5.26,0.00,0.00,0.00,66.32
10:37:46,4,17.02,0.00,13.83,0.00,0.00,4.26,0.00,0.00,0.00,64.89
10:37:46,5,17.20,0.00,12.90,0.00,0.00,4.30,0.00,0.00,0.00,65.59
10:37:46,6,15.05,0.00,16.13,0.00,0.00,3.23,0.00,0.00,0.00,65.59
10:37:46,7,14.89,0.00,10.64,0.00,0.00,5.32,0.00,0.00,0.00,69.15
10:37:46,12,13.98,0.00,12.90,0.00,0.00,5.38,0.00,0.00,0.00,67.74
10:37:46,13,20.43,0.00,13.98,0.00,0.00,4.30,0.00,0.00,0.00,61.29
10:37:46,14,16.13,0.00,13.98,0.00,0.00,4.30,0.00,0.00,0.00,65.59
10:37:46,15,15.05,0.00,11.83,0.00,0.00,4.30,0.00,0.00,0.00,68.82
10:37:47,4,15.22,0.00,14.13,0.00,0.00,4.35,0.00,0.00,0.00,66.30
10:37:47,5,14.13,0.00,13.04,0.00,0.00,4.35,0.00,0.00,0.00,68.48
10:37:47,6,13.68,0.00,13.68,0.00,0.00,6.32,0.00,0.00,0.00,66.32
10:37:47,7,14.13,0.00,9.78,0.00,0.00,4.35,0.00,0.00,0.00,71.74
10:37:47,12,18.09,0.00,12.77,0.00,0.00,4.26,0.00,0.00,0.00,64.89
10:37:47,13,13.98,0.00,13.98,0.00,0.00,5.38,0.00,0.00,0.00,66.67
10:37:47,14,16.48,0.00,12.09,0.00,0.00,3.30,0.00,0.00,0.00,68.13
10:37:47,15,10.00,0.00,12.22,0.00,0.00,5.56,0.00,0.00,0.00,72.22
10:37:48,4,16.13,0.00,10.75,0.00,0.00,4.30,0.00,0.00,0.00,68.82
10:37:48,5,15.38,0.00,15.38,0.00,0.00,4.40,0.00,0.00,0.00,64.84
10:37:48,6,15.96,0.00,11.70,0.00,0.00,5.32,0.00,0.00,0.00,67.02
10:37:48,7,14.74,0.00,12.63,0.00,0.00,5.26,0.00,0.00,0.00,67.37
10:37:48,12,15.05,0.00,12.90,0.00,0.00,5.38,0.00,0.00,0.00,66.67
10:37:48,13,12.09,0.00,13.19,0.00,0.00,5.49,0.00,0.00,0.00,69.23
10:37:48,14,16.13,0.00,11.83,0.00,0.00,5.38,0.00,0.00,0.00,66.67
10:37:48,15,16.13,0.00,10.75,0.00,0.00,3.23,0.00,0.00,0.00,69.89
10:37:49,4,15.05,0.00,11.83,0.00,0.00,5.38,0.00,0.00,0.00,67.74
10:37:49,5,16.84,0.00,12.63,0.00,0.00,4.21,0.00,0.00,0.00,66.32
10:37:49,6,13.98,0.00,11.83,0.00,0.00,5.38,0.00,0.00,0.00,68.82
10:37:49,7,11.46,0.00,12.50,0.00,0.00,5.21,0.00,0.00,0.00,70.83
10:37:49,12,14.29,0.00,13.19,0.00,0.00,4.40,0.00,0.00,0.00,68.13
10:37:49,13,16.67,0.00,16.67,0.00,0.00,4.17,0.00,0.00,0.00,62.50
10:37:49,14,15.96,0.00,13.83,0.00,0.00,5.32,0.00,0.00,0.00,64.89
10:37:49,15,14.13,0.00,10.87,0.00,0.00,5.43,0.00,0.00,0.00,69.57
10:37:50,4,15.79,0.00,13.68,0.00,0.00,5.26,0.00,0.00,0.00,65.26
10:37:50,5,16.30,0.00,10.87,0.00,0.00,5.43,0.00,0.00,0.00,67.39
10:37:50,6,14.74,0.00,13.68,0.00,0.00,4.21,0.00,0.00,0.00,67.37
10:37:50,7,11.83,0.00,13.98,0.00,0.00,4.30,0.00,0.00,0.00,69.89
10:37:50,12,17.39,0.00,13.04,0.00,0.00,4.35,0.00,0.00,0.00,65.22
10:37:50,13,17.02,0.00,11.70,0.00,0.00,5.32,0.00,0.00,0.00,65.96
10:37:50,14,13.98,0.00,12.90,0.00,0.00,5.38,0.00,0.00,0.00,67.74
10:37:50,15,14.58,0.00,13.54,0.00,0.00,6.25,0.00,0.00,0.00,65.62
10:37:51,4,14.13,0.00,14.13,1.09,0.00,5.43,0.00,0.00,0.00,65.22
10:37:51,5,17.39,0.00,10.87,0.00,0.00,5.43,0.00,0.00,0.00,66.30
10:37:51,6,15.96,0.00,11.70,0.00,0.00,4.26,0.00,0.00,0.00,68.09
10:37:51,7,14.61,0.00,12.36,1.12,0.00,2.25,0.00,0.00,0.00,69.66
10:37:51,12,15.22,0.00,15.22,0.00,0.00,4.35,0.00,0.00,0.00,65.22
10:37:51,13,18.09,0.00,12.77,0.00,0.00,4.26,0.00,0.00,0.00,64.89
10:37:51,14,14.58,0.00,15.62,0.00,0.00,4.17,0.00,0.00,0.00,65.62
10:37:51,15,15.96,0.00,11.70,0.00,0.00,5.32,0.00,0.00,0.00,67.02
10:37:52,4,15.38,0.00,10.99,0.00,0.00,5.49,0.00,0.00,0.00,68.13
10:37:52,5,13.83,0.00,13.83,0.00,0.00,6.38,0.00,0.00,0.00,65.96
10:37:52,6,15.05,0.00,11.83,0.00,0.00,5.38,0.00,0.00,0.00,67.74
10:37:52,7,13.83,0.00,10.64,0.00,0.00,5.32,0.00,0.00,0.00,70.21
10:37:52,12,16.30,0.00,10.87,0.00,0.00,4.35,0.00,0.00,0.00,68.48
10:37:52,13,13.19,0.00,13.19,0.00,0.00,4.40,0.00,0.00,0.00,69.23
10:37:52,14,15.96,0.00,12.77,0.00,0.00,5.32,0.00,0.00,0.00,65.96
10:37:52,15,13.04,0.00,10.87,0.00,0.00,4.35,0.00,0.00,0.00,71.74
10:37:53,4,15.96,0.00,12.77,0.00,0.00,4.26,0.00,0.00,0.00,67.02
10:37:53,5,15.96,0.00,13.83,0.00,0.00,5.32,0.00,0.00,0.00,64.89
10:37:53,6,15.96,0.00,11.70,0.00,0.00,5.32,0.00,0.00,0.00,67.02
10:37:53,7,14.89,0.00,10.64,0.00,0.00,5.32,0.00,0.00,0.00,69.15
10:37:53,12,15.22,0.00,13.04,0.00,0.00,4.35,0.00,0.00,0.00,67.39
10:37:53,13,17.89,0.00,12.63,0.00,0.00,5.26,0.00,0.00,0.00,64.21
10:37:53,14,17.20,0.00,11.83,0.00,0.00,4.30,0.00,0.00,0.00,66.67
10:37:53,15,14.74,0.00,11.58,0.00,0.00,5.26,0.00,0.00,0.00,68.42
10:37:54,4,17.89,0.00,14.74,0.00,0.00,4.21,0.00,0.00,0.00,63.16
10:37:54,5,16.48,0.00,12.09,0.00,0.00,5.49,0.00,0.00,0.00,65.93
10:37:54,6,15.22,0.00,11.96,0.00,0.00,5.43,0.00,0.00,0.00,67.39
10:37:54,7,15.05,0.00,11.83,0.00,0.00,3.23,0.00,0.00,0.00,69.89
10:37:54,12,15.62,0.00,13.54,0.00,0.00,5.21,0.00,0.00,0.00,65.62
10:37:54,13,15.05,0.00,13.98,0.00,0.00,4.30,0.00,0.00,0.00,66.67
10:37:54,14,14.44,0.00,12.22,0.00,0.00,4.44,0.00,0.00,0.00,68.89
10:37:54,15,14.13,0.00,9.78,0.00,0.00,4.35,0.00,0.00,0.00,71.74
10:37:55,4,13.98,0.00,13.98,0.00,0.00,5.38,0.00,0.00,0.00,66.67
10:37:55,5,15.38,0.00,12.09,0.00,0.00,4.40,0.00,0.00,0.00,68.13
10:37:55,6,15.05,0.00,12.90,0.00,0.00,5.38,0.00,0.00,0.00,66.67
10:37:55,7,14.29,0.00,12.24,0.00,0.00,5.10,0.00,0.00,0.00,68.37
10:37:55,12,15.22,0.00,10.87,0.00,0.00,5.43,0.00,0.00,0.00,68.48
10:37:55,13,15.22,0.00,11.96,0.00,0.00,4.35,0.00,0.00,0.00,68.48
10:37:55,14,16.84,0.00,12.63,0.00,0.00,5.26,0.00,0.00,0.00,65.26
10:37:55,15,13.04,0.00,10.87,0.00,0.00,4.35,0.00,0.00,0.00,71.74
10:37:56,4,18.28,0.00,11.83,0.00,0.00,4.30,0.00,0.00,0.00,65.59
10:37:56,5,18.48,0.00,14.13,1.09,0.00,4.35,0.00,0.00,0.00,61.96
10:37:56,6,16.13,0.00,11.83,0.00,0.00,4.30,0.00,0.00,0.00,67.74
10:37:56,7,13.98,0.00,10.75,0.00,0.00,5.38,0.00,0.00,0.00,69.89
10:37:56,12,19.78,0.00,13.19,1.10,0.00,4.40,0.00,0.00,0.00,61.54
10:37:56,13,14.13,0.00,14.13,0.00,0.00,5.43,0.00,0.00,0.00,66.30
10:37:56,14,15.05,0.00,15.05,0.00,0.00,5.38,0.00,0.00,0.00,64.52
10:37:56,15,15.62,0.00,13.54,0.00,0.00,5.21,0.00,0.00,0.00,65.62
10:37:57,4,14.89,0.00,12.77,0.00,0.00,4.26,0.00,0.00,0.00,68.09
10:37:57,5,17.02,0.00,12.77,0.00,0.00,6.38,0.00,0.00,0.00,63.83
10:37:57,6,14.13,0.00,11.96,0.00,0.00,5.43,0.00,0.00,0.00,68.48
10:37:57,7,14.89,0.00,12.77,0.00,0.00,4.26,0.00,0.00,0.00,68.09
10:37:57,12,13.98,0.00,12.90,0.00,0.00,5.38,0.00,0.00,0.00,67.74
10:37:57,13,15.96,0.00,12.77,0.00,0.00,4.26,0.00,0.00,0.00,67.02
10:37:57,14,15.56,0.00,12.22,0.00,0.00,4.44,0.00,0.00,0.00,67.78
10:37:57,15,12.90,0.00,12.90,0.00,0.00,4.30,0.00,0.00,0.00,69.89
10:37:58,4,15.79,0.00,12.63,0.00,0.00,4.21,0.00,0.00,0.00,67.37
10:37:58,5,14.13,0.00,14.13,0.00,0.00,5.43,0.00,0.00,0.00,66.30
10:37:58,6,14.29,0.00,13.19,0.00,0.00,4.40,0.00,0.00,0.00,68.13
10:37:58,7,10.87,0.00,10.87,0.00,0.00,4.35,0.00,0.00,0.00,73.91
10:37:58,12,16.30,0.00,13.04,0.00,0.00,4.35,0.00,0.00,0.00,66.30
10:37:58,13,15.05,0.00,11.83,0.00,0.00,5.38,0.00,0.00,0.00,67.74
10:37:58,14,15.05,0.00,12.90,0.00,0.00,5.38,0.00,0.00,0.00,66.67
10:37:58,15,12.90,0.00,11.83,0.00,0.00,4.30,0.00,0.00,0.00,70.97
10:37:59,4,14.29,0.00,10.99,0.00,0.00,5.49,0.00,0.00,0.00,69.23
10:37:59,5,15.96,0.00,11.70,0.00,0.00,4.26,0.00,0.00,0.00,68.09
10:37:59,6,13.98,0.00,11.83,0.00,0.00,5.38,0.00,0.00,0.00,68.82
10:37:59,7,12.77,0.00,13.83,0.00,0.00,4.26,0.00,0.00,0.00,69.15
10:37:59,12,17.20,0.00,11.83,0.00,0.00,5.38,0.00,0.00,0.00,65.59
10:37:59,13,14.13,0.00,11.96,0.00,0.00,6.52,0.00,0.00,0.00,67.39
10:37:59,14,15.05,0.00,12.90,0.00,0.00,5.38,0.00,0.00,0.00,66.67
10:37:59,15,15.22,0.00,11.96,0.00,0.00,4.35,0.00,0.00,0.00,68.48
10:38:00,4,15.22,0.00,11.96,0.00,0.00,6.52,0.00,0.00,0.00,66.30
10:38:00,5,13.04,0.00,14.13,0.00,0.00,5.43,0.00,0.00,0.00,67.39
10:38:00,6,13.33,0.00,11.11,0.00,0.00,4.44,0.00,0.00,0.00,71.11
10:38:00,7,12.90,0.00,13.98,0.00,0.00,5.38,0.00,0.00,0.00,67.74
10:38:00,12,16.84,0.00,11.58,0.00,0.00,5.26,0.00,0.00,0.00,66.32
10:38:00,13,14.44,0.00,13.33,0.00,0.00,3.33,0.00,0.00,0.00,68.89
10:38:00,14,12.90,0.00,11.83,0.00,0.00,6.45,0.00,0.00,0.00,68.82
10:38:00,15,13.83,0.00,11.70,0.00,0.00,4.26,0.00,0.00,0.00,70.21
10:38:01,4,15.22,0.00,11.96,0.00,0.00,5.43,0.00,0.00,0.00,67.39
10:38:01,5,16.48,0.00,13.19,1.10,0.00,4.40,0.00,0.00,0.00,64.84
10:38:01,6,17.89,0.00,14.74,0.00,0.00,5.26,0.00,0.00,0.00,62.11
10:38:01,7,12.09,0.00,13.19,0.00,0.00,4.40,0.00,0.00,0.00,70.33
10:38:01,12,17.02,0.00,12.77,0.00,0.00,4.26,0.00,0.00,0.00,65.96
10:38:01,13,13.98,0.00,15.05,1.08,0.00,5.38,0.00,0.00,0.00,64.52
10:38:01,14,14.29,0.00,13.19,1.10,0.00,4.40,0.00,0.00,0.00,67.03
10:38:01,15,16.48,0.00,10.99,0.00,0.00,4.40,0.00,0.00,0.00,68.13
10:38:02,4,14.89,0.00,12.77,0.00,0.00,5.32,0.00,0.00,0.00,67.02
10:38:02,5,17.89,0.00,13.68,0.00,0.00,4.21,0.00,0.00,0.00,64.21
10:38:02,6,14.74,0.00,11.58,0.00,0.00,7.37,0.00,0.00,0.00,66.32
10:38:02,7,13.83,0.00,13.83,0.00,0.00,4.26,0.00,0.00,0.00,68.09
10:38:02,12,11.96,0.00,13.04,0.00,0.00,6.52,0.00,0.00,0.00,68.48
10:38:02,13,15.96,0.00,13.83,0.00,0.00,4.26,0.00,0.00,0.00,65.96
10:38:02,14,15.96,0.00,13.83,0.00,0.00,5.32,0.00,0.00,0.00,64.89
10:38:02,15,16.13,0.00,10.75,0.00,0.00,4.30,0.00,0.00,0.00,68.82
10:38:03,4,15.22,0.00,10.87,0.00,0.00,4.35,0.00,0.00,0.00,69.57
10:38:03,5,12.90,0.00,13.98,0.00,0.00,5.38,0.00,0.00,0.00,67.74
10:38:03,6,15.05,0.00,11.83,0.00,0.00,4.30,0.00,0.00,0.00,68.82
10:38:03,7,15.22,0.00,9.78,0.00,0.00,4.35,0.00,0.00,0.00,70.65
10:38:03,12,18.09,0.00,10.64,0.00,0.00,5.32,0.00,0.00,0.00,65.96
10:38:03,13,14.74,0.00,13.68,0.00,0.00,5.26,0.00,0.00,0.00,66.32
10:38:03,14,14.13,0.00,11.96,0.00,0.00,4.35,0.00,0.00,0.00,69.57
10:38:03,15,14.13,0.00,10.87,0.00,0.00,5.43,0.00,0.00,0.00,69.57
10:38:04,4,15.22,0.00,10.87,0.00,0.00,5.43,0.00,0.00,0.00,68.48
10:38:04,5,14.74,0.00,13.68,0.00,0.00,5.26,0.00,0.00,0.00,66.32
10:38:04,6,14.13,0.00,11.96,0.00,0.00,5.43,0.00,0.00,0.00,68.48
10:38:04,7,11.96,0.00,10.87,0.00,0.00,5.43,0.00,0.00,0.00,71.74
10:38:04,12,13.48,0.00,12.36,0.00,0.00,3.37,0.00,0.00,0.00,70.79
10:38:04,13,14.13,0.00,15.22,0.00,0.00,5.43,0.00,0.00,0.00,65.22
10:38:04,14,16.13,0.00,11.83,0.00,0.00,4.30,0.00,0.00,0.00,67.74
10:38:04,15,12.90,0.00,11.83,0.00,0.00,5.38,0.00,0.00,0.00,69.89
10:38:05,4,14.74,0.00,13.68,0.00,0.00,4.21,0.00,0.00,0.00,67.37
10:38:05,5,12.90,0.00,13.98,0.00,0.00,4.30,0.00,0.00,0.00,68.82
10:38:05,6,14.61,0.00,11.24,0.00,0.00,5.62,0.00,0.00,0.00,68.54
10:38:05,7,12.77,0.00,13.83,0.00,0.00,4.26,0.00,0.00,0.00,69.15
10:38:05,12,14.13,0.00,13.04,0.00,0.00,4.35,0.00,0.00,0.00,68.48
10:38:05,13,16.13,0.00,13.98,0.00,0.00,6.45,0.00,0.00,0.00,63.44
10:38:05,14,15.79,0.00,13.68,0.00,0.00,4.21,0.00,0.00,0.00,66.32
10:38:05,15,16.84,0.00,10.53,0.00,0.00,4.21,0.00,0.00,0.00,68.42
10:38:06,4,17.78,0.00,12.22,0.00,0.00,3.33,0.00,0.00,0.00,66.67
10:38:06,5,16.48,0.00,12.09,0.00,0.00,4.40,0.00,0.00,0.00,67.03
10:38:06,6,13.33,0.00,12.22,0.00,0.00,4.44,0.00,0.00,0.00,70.00
10:38:06,7,14.29,0.00,10.99,0.00,0.00,4.40,0.00,0.00,0.00,70.33
10:38:06,12,13.04,0.00,14.13,0.00,0.00,4.35,0.00,0.00,0.00,68.48
10:38:06,13,17.20,0.00,13.98,0.00,0.00,4.30,0.00,0.00,0.00,64.52
10:38:06,14,15.79,0.00,12.63,1.05,0.00,6.32,0.00,0.00,0.00,64.21
10:38:06,15,14.13,0.00,11.96,0.00,0.00,3.26,0.00,0.00,0.00,70.65
10:38:07,4,16.13,0.00,11.83,0.00,0.00,5.38,0.00,0.00,0.00,66.67
10:38:07,5,15.96,0.00,11.70,0.00,0.00,5.32,0.00,0.00,0.00,67.02
10:38:07,6,14.13,0.00,13.04,0.00,0.00,4.35,0.00,0.00,0.00,68.48
10:38:07,7,11.83,0.00,12.90,0.00,0.00,4.30,0.00,0.00,0.00,70.97
10:38:07,12,16.48,0.00,13.19,0.00,0.00,4.40,0.00,0.00,0.00,65.93
10:38:07,13,15.38,0.00,13.19,0.00,0.00,4.40,0.00,0.00,0.00,67.03
10:38:07,14,15.62,0.00,12.50,0.00,0.00,6.25,0.00,0.00,0.00,65.62
10:38:07,15,13.83,0.00,12.77,0.00,0.00,4.26,0.00,0.00,0.00,69.15
10:38:08,4,16.48,0.00,10.99,0.00,0.00,5.49,0.00,0.00,0.00,67.03
10:38:08,5,18.09,0.00,11.70,0.00,0.00,4.26,0.00,0.00,0.00,65.96
10:38:08,6,15.22,0.00,13.04,0.00,0.00,4.35,0.00,0.00,0.00,67.39
10:38:08,7,11.70,0.00,11.70,0.00,0.00,4.26,0.00,0.00,0.00,72.34
10:38:08,12,14.29,0.00,14.29,0.00,0.00,4.40,0.00,0.00,0.00,67.03
10:38:08,13,14.13,0.00,15.22,0.00,0.00,6.52,0.00,0.00,0.00,64.13
10:38:08,14,14.89,0.00,13.83,0.00,0.00,4.26,0.00,0.00,0.00,67.02
10:38:08,15,12.90,0.00,12.90,0.00,0.00,4.30,0.00,0.00,0.00,69.89
10:38:09,4,14.13,0.00,16.30,0.00,0.00,3.26,0.00,0.00,0.00,66.30
10:38:09,5,13.19,0.00,12.09,0.00,0.00,5.49,0.00,0.00,0.00,69.23
10:38:09,6,14.13,0.00,10.87,0.00,0.00,5.43,0.00,0.00,0.00,69.57
10:38:09,7,14.74,0.00,12.63,0.00,0.00,5.26,0.00,0.00,0.00,67.37
10:38:09,12,13.83,0.00,11.70,0.00,0.00,6.38,0.00,0.00,0.00,68.09
10:38:09,13,13.19,0.00,13.19,0.00,0.00,5.49,0.00,0.00,0.00,68.13
10:38:09,14,15.22,0.00,11.96,0.00,0.00,4.35,0.00,0.00,0.00,68.48
10:38:09,15,14.89,0.00,11.70,0.00,0.00,5.32,0.00,0.00,0.00,68.09
10:38:10,4,15.22,0.00,11.96,0.00,0.00,5.43,0.00,0.00,0.00,67.39
10:38:10,5,17.20,0.00,10.75,0.00,0.00,4.30,0.00,0.00,0.00,67.74
10:38:10,6,13.83,0.00,14.89,0.00,0.00,5.32,0.00,0.00,0.00,65.96
10:38:10,7,11.46,0.00,13.54,0.00,0.00,5.21,0.00,0.00,0.00,69.79
10:38:10,12,14.89,0.00,14.89,0.00,0.00,4.26,0.00,0.00,0.00,65.96
10:38:10,13,16.30,0.00,13.04,0.00,0.00,6.52,0.00,0.00,0.00,64.13
10:38:10,14,15.22,0.00,11.96,0.00,0.00,4.35,0.00,0.00,0.00,68.48
10:38:10,15,13.98,0.00,10.75,0.00,0.00,5.38,0.00,0.00,0.00,69.89
10:38:11,4,20.00,0.00,13.33,1.11,0.00,4.44,0.00,0.00,0.00,61.11
10:38:11,5,16.13,0.00,15.05,0.00,0.00,4.30,0.00,0.00,0.00,64.52
10:38:11,6,15.22,0.00,11.96,0.00,0.00,5.43,0.00,0.00,0.00,67.39
10:38:11,7,12.77,0.00,12.77,2.13,0.00,5.32,0.00,0.00,0.00,67.02
10:38:11,12,18.75,0.00,13.54,0.00,0.00,5.21,0.00,0.00,0.00,62.50
10:38:11,13,15.96,0.00,13.83,0.00,0.00,5.32,0.00,0.00,0.00,64.89
10:38:11,14,16.84,0.00,13.68,0.00,0.00,6.32,0.00,0.00,0.00,63.16
10:38:11,15,13.04,0.00,13.04,0.00,0.00,4.35,0.00,0.00,0.00,69.57
10:38:12,4,15.38,0.00,9.89,0.00,0.00,5.49,0.00,0.00,0.00,69.23
10:38:12,5,15.38,0.00,14.29,0.00,0.00,4.40,0.00,0.00,0.00,65.93
10:38:12,6,13.98,0.00,12.90,0.00,0.00,5.38,0.00,0.00,0.00,67.74
10:38:12,7,13.68,0.00,12.63,0.00,0.00,4.21,0.00,0.00,0.00,69.47
10:38:12,12,15.05,0.00,12.90,0.00,0.00,4.30,0.00,0.00,0.00,67.74
10:38:12,13,15.73,0.00,10.11,2.25,0.00,5.62,0.00,0.00,0.00,66.29
10:38:12,14,14.89,0.00,13.83,0.00,0.00,4.26,0.00,0.00,0.00,67.02
10:38:12,15,14.89,0.00,11.70,1.06,0.00,4.26,0.00,0.00,0.00,68.09
10:38:13,4,15.96,0.00,11.70,0.00,0.00,3.19,0.00,0.00,0.00,69.15
10:38:13,5,17.02,0.00,12.77,0.00,0.00,5.32,0.00,0.00,0.00,64.89
10:38:13,6,13.98,0.00,11.83,0.00,0.00,4.30,0.00,0.00,0.00,69.89
10:38:13,7,13.68,0.00,12.63,0.00,0.00,5.26,0.00,0.00,0.00,68.42
10:38:13,12,16.30,0.00,13.04,0.00,0.00,4.35,0.00,0.00,0.00,66.30
10:38:13,13,16.13,0.00,15.05,0.00,0.00,4.30,0.00,0.00,0.00,64.52
10:38:13,14,13.98,0.00,12.90,0.00,0.00,6.45,0.00,0.00,0.00,66.67
10:38:13,15,13.19,0.00,12.09,0.00,0.00,4.40,0.00,0.00,0.00,70.33
10:38:14,4,16.13,0.00,10.75,0.00,0.00,5.38,0.00,0.00,0.00,67.74
10:38:14,5,15.22,0.00,13.04,0.00,0.00,4.35,0.00,0.00,0.00,67.39
10:38:14,6,15.38,0.00,12.09,0.00,0.00,3.30,0.00,0.00,0.00,69.23
10:38:14,7,13.68,0.00,12.63,0.00,0.00,5.26,0.00,0.00,0.00,68.42
10:38:14,12,16.67,0.00,11.46,0.00,0.00,5.21,0.00,0.00,0.00,66.67
10:38:14,13,15.56,0.00,10.00,0.00,0.00,4.44,0.00,0.00,0.00,70.00
10:38:14,14,15.05,0.00,13.98,0.00,0.00,4.30,0.00,0.00,0.00,66.67
10:38:14,15,14.74,0.00,11.58,0.00,0.00,5.26,0.00,0.00,0.00,68.42
10:38:15,4,16.13,0.00,11.83,0.00,0.00,4.30,0.00,0.00,0.00,67.74
10:38:15,5,16.30,0.00,13.04,0.00,0.00,4.35,0.00,0.00,0.00,66.30
10:38:15,6,14.13,0.00,11.96,0.00,0.00,4.35,0.00,0.00,0.00,69.57
10:38:15,7,13.83,0.00,10.64,0.00,0.00,4.26,0.00,0.00,0.00,71.28
10:38:15,12,15.05,0.00,10.75,0.00,0.00,5.38,0.00,0.00,0.00,68.82
10:38:15,13,15.62,0.00,15.62,0.00,0.00,5.21,0.00,0.00,0.00,63.54
10:38:15,14,14.13,0.00,13.04,0.00,0.00,4.35,0.00,0.00,0.00,68.48
10:38:15,15,14.58,0.00,11.46,0.00,0.00,4.17,0.00,0.00,0.00,69.79
10:38:16,4,15.22,0.00,13.04,0.00,0.00,5.43,0.00,0.00,0.00,66.30
10:38:16,5,17.20,0.00,12.90,0.00,0.00,4.30,0.00,0.00,0.00,65.59
10:38:16,6,13.68,0.00,15.79,0.00,0.00,5.26,0.00,0.00,0.00,65.26
10:38:16,7,13.98,0.00,12.90,0.00,0.00,4.30,0.00,0.00,0.00,68.82
10:38:16,12,18.89,0.00,13.33,1.11,0.00,4.44,0.00,0.00,0.00,62.22
10:38:16,13,15.96,0.00,14.89,0.00,0.00,5.32,0.00,0.00,0.00,63.83
10:38:16,14,14.13,0.00,14.13,0.00,0.00,4.35,0.00,0.00,0.00,67.39
10:38:16,15,15.22,0.00,10.87,0.00,0.00,4.35,0.00,0.00,0.00,69.57
10:38:17,4,15.38,0.00,13.19,0.00,0.00,4.40,0.00,0.00,0.00,67.03
10:38:17,5,15.38,0.00,12.09,0.00,0.00,4.40,0.00,0.00,0.00,68.13
10:38:17,6,14.29,0.00,14.29,0.00,0.00,4.40,0.00,0.00,0.00,67.03
10:38:17,7,11.96,0.00,11.96,0.00,0.00,3.26,0.00,0.00,0.00,72.83
10:38:17,12,14.13,0.00,13.04,0.00,0.00,5.43,0.00,0.00,0.00,67.39
10:38:17,13,14.61,0.00,12.36,0.00,0.00,5.62,0.00,0.00,0.00,67.42
10:38:17,14,15.56,0.00,12.22,0.00,0.00,3.33,0.00,0.00,0.00,68.89
10:38:17,15,15.79,0.00,10.53,0.00,0.00,4.21,0.00,0.00,0.00,69.47
10:38:18,4,15.05,0.00,10.75,0.00,0.00,5.38,0.00,0.00,0.00,68.82
10:38:18,5,16.30,0.00,13.04,0.00,0.00,4.35,0.00,0.00,0.00,66.30
10:38:18,6,14.29,0.00,10.99,0.00,0.00,5.49,0.00,0.00,0.00,69.23
10:38:18,7,11.96,0.00,10.87,0.00,0.00,5.43,0.00,0.00,0.00,71.74
10:38:18,12,16.48,0.00,10.99,0.00,0.00,4.40,0.00,0.00,0.00,68.13
10:38:18,13,13.98,0.00,13.98,0.00,0.00,4.30,0.00,0.00,0.00,67.74
10:38:18,14,13.19,0.00,13.19,0.00,0.00,4.40,0.00,0.00,0.00,69.23
10:38:18,15,13.68,0.00,11.58,0.00,0.00,5.26,0.00,0.00,0.00,69.47
10:38:19,4,13.98,0.00,12.90,0.00,0.00,4.30,0.00,0.00,0.00,68.82
10:38:19,5,16.48,0.00,13.19,0.00,0.00,5.49,0.00,0.00,0.00,64.84
10:38:19,6,15.62,0.00,12.50,0.00,0.00,6.25,0.00,0.00,0.00,65.62
10:38:19,7,10.87,0.00,13.04,0.00,0.00,5.43,0.00,0.00,0.00,70.65
10:38:19,12,15.73,0.00,11.24,0.00,0.00,5.62,0.00,0.00,0.00,67.42
10:38:19,13,16.13,0.00,13.98,0.00,0.00,4.30,0.00,0.00,0.00,65.59
10:38:19,14,15.96,0.00,12.77,0.00,0.00,5.32,0.00,0.00,0.00,65.96
10:38:19,15,12.09,0.00,10.99,0.00,0.00,5.49,0.00,0.00,0.00,71.43
10:38:20,4,15.38,0.00,13.19,0.00,0.00,4.40,0.00,0.00,0.00,67.03
10:38:20,5,16.13,0.00,13.98,0.00,0.00,3.23,0.00,0.00,0.00,66.67
10:38:20,6,13.98,0.00,11.83,0.00,0.00,4.30,0.00,0.00,0.00,69.89
10:38:20,7,13.19,0.00,8.79,0.00,0.00,4.40,0.00,0.00,0.00,73.63
10:38:20,12,15.22,0.00,14.13,0.00,0.00,4.35,0.00,0.00,0.00,66.30
10:38:20,13,13.98,0.00,13.98,0.00,0.00,4.30,0.00,0.00,0.00,67.74
10:38:20,14,16.67,0.00,13.54,0.00,0.00,5.21,0.00,0.00,0.00,64.58
10:38:20,15,13.83,0.00,11.70,0.00,0.00,4.26,0.00,0.00,0.00,70.21
10:38:21,4,15.22,0.00,11.96,1.09,0.00,5.43,0.00,0.00,0.00,66.30
10:38:21,5,13.98,0.00,12.90,0.00,0.00,6.45,0.00,0.00,0.00,66.67
10:38:21,6,15.05,0.00,11.83,0.00,0.00,5.38,0.00,0.00,0.00,67.74
10:38:21,7,15.96,0.00,11.70,0.00,0.00,5.32,0.00,0.00,0.00,67.02
10:38:21,12,15.96,0.00,10.64,1.06,0.00,5.32,0.00,0.00,0.00,67.02
10:38:21,13,16.13,0.00,12.90,0.00,0.00,6.45,0.00,0.00,0.00,64.52
10:38:21,14,17.02,0.00,11.70,0.00,0.00,4.26,0.00,0.00,0.00,67.02
10:38:21,15,14.13,0.00,13.04,0.00,0.00,4.35,0.00,0.00,0.00,68.48
10:38:22,4,16.84,0.00,13.68,0.00,0.00,4.21,0.00,0.00,0.00,65.26
10:38:22,5,15.22,0.00,13.04,0.00,0.00,4.35,0.00,0.00,0.00,67.39
10:38:22,6,13.33,0.00,11.11,0.00,0.00,4.44,0.00,0.00,0.00,71.11
10:38:22,7,15.79,0.00,11.58,0.00,0.00,4.21,0.00,0.00,0.00,68.42
10:38:22,12,16.13,0.00,15.05,0.00,0.00,4.30,0.00,0.00,0.00,64.52
10:38:22,13,17.58,0.00,14.29,0.00,0.00,3.30,0.00,0.00,0.00,64.84
10:38:22,14,15.79,0.00,16.84,0.00,0.00,3.16,0.00,0.00,0.00,64.21
10:38:22,15,14.61,0.00,10.11,0.00,0.00,4.49,0.00,0.00,0.00,70.79
10:38:23,4,15.96,0.00,14.89,0.00,0.00,5.32,0.00,0.00,0.00,63.83
10:38:23,5,16.67,0.00,13.33,0.00,0.00,4.44,0.00,0.00,0.00,65.56
10:38:23,6,15.79,0.00,13.68,0.00,0.00,4.21,0.00,0.00,0.00,66.32
10:38:23,7,12.77,0.00,11.70,0.00,0.00,5.32,0.00,0.00,0.00,70.21
10:38:23,12,14.13,0.00,11.96,0.00,0.00,4.35,0.00,0.00,0.00,69.57
10:38:23,13,14.29,0.00,13.19,0.00,0.00,4.40,0.00,0.00,0.00,68.13
10:38:23,14,15.96,0.00,12.77,0.00,0.00,4.26,0.00,0.00,0.00,67.02
10:38:23,15,13.40,0.00,14.43,0.00,0.00,4.12,0.00,0.00,0.00,68.04
10:38:24,4,16.13,0.00,11.83,0.00,0.00,3.23,0.00,0.00,0.00,68.82
10:38:24,5,14.29,0.00,12.09,0.00,0.00,4.40,0.00,0.00,0.00,69.23
10:38:24,6,15.96,0.00,11.70,0.00,0.00,4.26,0.00,0.00,0.00,68.09
10:38:24,7,13.19,0.00,9.89,0.00,0.00,3.30,0.00,0.00,0.00,73.63
10:38:24,12,14.13,0.00,14.13,0.00,0.00,5.43,0.00,0.00,0.00,66.30
10:38:24,13,16.48,0.00,13.19,0.00,0.00,4.40,0.00,0.00,0.00,65.93
10:38:24,14,16.13,0.00,10.75,0.00,0.00,5.38,0.00,0.00,0.00,67.74
10:38:24,15,14.89,0.00,10.64,0.00,0.00,5.32,0.00,0.00,0.00,69.15
10:38:25,4,14.89,0.00,13.83,0.00,0.00,3.19,0.00,0.00,0.00,68.09
10:38:25,5,16.30,0.00,14.13,0.00,0.00,4.35,0.00,0.00,0.00,65.22
10:38:25,6,15.96,0.00,14.89,0.00,0.00,5.32,0.00,0.00,0.00,63.83
10:38:25,7,11.83,0.00,12.90,0.00,0.00,4.30,0.00,0.00,0.00,70.97
10:38:25,12,12.90,0.00,10.75,0.00,0.00,7.53,0.00,0.00,0.00,68.82
10:38:25,13,14.29,0.00,12.09,0.00,0.00,4.40,0.00,0.00,0.00,69.23
10:38:25,14,13.04,0.00,14.13,0.00,0.00,4.35,0.00,0.00,0.00,68.48
10:38:25,15,14.43,0.00,12.37,0.00,0.00,4.12,0.00,0.00,0.00,69.07
10:38:26,4,15.05,0.00,11.83,0.00,0.00,4.30,0.00,0.00,0.00,68.82
10:38:26,5,15.05,0.00,13.98,0.00,0.00,5.38,0.00,0.00,0.00,65.59
10:38:26,6,12.77,0.00,13.83,0.00,0.00,5.32,0.00,0.00,0.00,68.09
10:38:26,7,13.83,0.00,12.77,0.00,0.00,4.26,0.00,0.00,0.00,69.15
10:38:26,12,15.05,0.00,15.05,0.00,0.00,5.38,0.00,0.00,0.00,64.52
10:38:26,13,15.96,0.00,11.70,0.00,0.00,6.38,0.00,0.00,0.00,65.96
10:38:26,14,13.98,0.00,12.90,0.00,0.00,5.38,0.00,0.00,0.00,67.74
10:38:26,15,14.13,0.00,10.87,0.00,0.00,4.35,0.00,0.00,0.00,70.65
10:38:27,4,16.13,0.00,12.90,0.00,0.00,4.30,0.00,0.00,0.00,66.67
10:38:27,5,17.89,0.00,13.68,0.00,0.00,4.21,0.00,0.00,0.00,64.21
10:38:27,6,15.38,0.00,12.09,0.00,0.00,5.49,0.00,0.00,0.00,67.03
10:38:27,7,13.04,0.00,13.04,0.00,0.00,5.43,0.00,0.00,0.00,68.48
10:38:27,12,19.15,0.00,12.77,0.00,0.00,5.32,0.00,0.00,0.00,62.77
10:38:27,13,15.73,0.00,14.61,0.00,0.00,4.49,0.00,0.00,0.00,65.17
10:38:27,14,16.13,0.00,13.98,0.00,0.00,4.30,0.00,0.00,0.00,65.59
10:38:27,15,14.13,0.00,11.96,0.00,0.00,5.43,0.00,0.00,0.00,68.48
10:38:28,4,13.83,0.00,12.77,0.00,0.00,5.32,0.00,0.00,0.00,68.09
10:38:28,5,15.05,0.00,11.83,0.00,0.00,5.38,0.00,0.00,0.00,67.74
10:38:28,6,15.22,0.00,10.87,0.00,0.00,4.35,0.00,0.00,0.00,69.57
10:38:28,7,15.96,0.00,13.83,0.00,0.00,3.19,0.00,0.00,0.00,67.02
10:38:28,12,17.20,0.00,10.75,0.00,0.00,4.30,0.00,0.00,0.00,67.74
10:38:28,13,15.38,0.00,10.99,0.00,0.00,4.40,0.00,0.00,0.00,69.23
10:38:28,14,14.89,0.00,13.83,0.00,0.00,4.26,0.00,0.00,0.00,67.02
10:38:28,15,13.83,0.00,12.77,0.00,0.00,5.32,0.00,0.00,0.00,68.09
10:38:29,4,15.05,0.00,12.90,0.00,0.00,4.30,0.00,0.00,0.00,67.74
10:38:29,5,16.13,0.00,11.83,0.00,0.00,5.38,0.00,0.00,0.00,66.67
10:38:29,6,13.04,0.00,14.13,0.00,0.00,4.35,0.00,0.00,0.00,68.48
10:38:29,7,14.29,0.00,10.99,0.00,0.00,3.30,0.00,0.00,0.00,71.43
10:38:29,12,13.33,0.00,13.33,0.00,0.00,3.33,0.00,0.00,0.00,70.00
10:38:29,13,15.05,0.00,12.90,0.00,0.00,6.45,0.00,0.00,0.00,65.59
10:38:29,14,15.22,0.00,13.04,0.00,0.00,3.26,0.00,0.00,0.00,68.48
10:38:29,15,14.29,0.00,10.99,0.00,0.00,4.40,0.00,0.00,0.00,70.33
10:38:30,4,14.74,0.00,12.63,0.00,0.00,5.26,0.00,0.00,0.00,67.37
10:38:30,5,14.44,0.00,14.44,0.00,0.00,3.33,0.00,0.00,0.00,67.78
10:38:30,6,15.96,0.00,11.70,0.00,0.00,5.32,0.00,0.00,0.00,67.02
10:38:30,7,14.89,0.00,12.77,0.00,0.00,5.32,0.00,0.00,0.00,67.02
10:38:30,12,14.89,0.00,12.77,0.00,0.00,5.32,0.00,0.00,0.00,67.02
10:38:30,13,13.83,0.00,13.83,0.00,0.00,4.26,0.00,0.00,0.00,68.09
10:38:30,14,13.19,0.00,10.99,0.00,0.00,5.49,0.00,0.00,0.00,70.33
10:38:30,15,14.89,0.00,12.77,0.00,0.00,4.26,0.00,0.00,0.00,68.09
10:38:31,4,13.98,0.00,11.83,0.00,0.00,5.38,0.00,0.00,0.00,68.82
10:38:31,5,15.79,0.00,11.58,0.00,0.00,5.26,0.00,0.00,0.00,67.37
10:38:31,6,14.74,0.00,12.63,0.00,0.00,4.21,0.00,0.00,0.00,68.42
10:38:31,7,15.05,0.00,11.83,0.00,0.00,4.30,0.00,0.00,0.00,68.82
10:38:31,12,15.38,0.00,9.89,1.10,0.00,4.40,0.00,0.00,0.00,69.23
10:38:31,13,15.38,0.00,10.99,0.00,0.00,4.40,0.00,0.00,0.00,69.23
10:38:31,14,13.83,0.00,12.77,0.00,0.00,5.32,0.00,0.00,0.00,68.09
10:38:31,15,16.67,0.00,12.50,0.00,0.00,4.17,0.00,0.00,0.00,66.67
10:38:32,4,17.39,0.00,10.87,0.00,0.00,5.43,0.00,0.00,0.00,66.30
10:38:32,5,16.67,0.00,12.22,0.00,0.00,4.44,0.00,0.00,0.00,66.67
10:38:32,6,19.57,0.00,13.04,0.00,0.00,4.35,0.00,0.00,0.00,63.04
10:38:32,7,12.22,0.00,13.33,0.00,0.00,4.44,0.00,0.00,0.00,70.00
10:38:32,12,13.98,0.00,15.05,0.00,0.00,5.38,0.00,0.00,0.00,65.59
10:38:32,13,17.53,0.00,13.40,0.00,0.00,5.15,0.00,0.00,0.00,63.92
10:38:32,14,14.74,0.00,13.68,0.00,0.00,6.32,0.00,0.00,0.00,65.26
10:38:32,15,15.22,0.00,11.96,0.00,0.00,4.35,0.00,0.00,0.00,68.48
10:38:33,4,13.04,0.00,11.96,0.00,0.00,5.43,0.00,0.00,0.00,69.57
10:38:33,5,15.79,0.00,12.63,0.00,0.00,5.26,0.00,0.00,0.00,66.32
10:38:33,6,12.90,0.00,15.05,0.00,0.00,4.30,0.00,0.00,0.00,67.74
10:38:33,7,13.83,0.00,13.83,0.00,0.00,3.19,0.00,0.00,0.00,69.15
10:38:33,12,11.24,0.00,12.36,0.00,0.00,4.49,0.00,0.00,0.00,71.91
10:38:33,13,15.38,0.00,13.19,0.00,0.00,5.49,0.00,0.00,0.00,65.93
10:38:33,14,14.74,0.00,13.68,0.00,0.00,6.32,0.00,0.00,0.00,65.26
10:38:33,15,11.96,0.00,13.04,0.00,0.00,5.43,0.00,0.00,0.00,69.57
10:38:34,4,13.98,0.00,12.90,0.00,0.00,4.30,0.00,0.00,0.00,68.82
10:38:34,5,16.48,0.00,12.09,0.00,0.00,3.30,0.00,0.00,0.00,68.13
10:38:34,6,14.43,0.00,16.49,0.00,0.00,4.12,0.00,0.00,0.00,64.95
10:38:34,7,14.74,0.00,13.68,0.00,0.00,5.26,0.00,0.00,0.00,66.32
10:38:34,12,17.02,0.00,11.70,0.00,0.00,4.26,0.00,0.00,0.00,67.02
10:38:34,13,12.90,0.00,16.13,0.00,0.00,4.30,0.00,0.00,0.00,66.67
10:38:34,14,12.90,0.00,15.05,0.00,0.00,4.30,0.00,0.00,0.00,67.74
10:38:34,15,13.83,0.00,12.77,0.00,0.00,4.26,0.00,0.00,0.00,69.15
10:38:35,4,15.22,0.00,10.87,0.00,0.00,5.43,0.00,0.00,0.00,68.48
10:38:35,5,15.73,0.00,11.24,0.00,0.00,3.37,0.00,0.00,0.00,69.66
10:38:35,6,15.38,0.00,12.09,0.00,0.00,4.40,0.00,0.00,0.00,68.13
10:38:35,7,15.05,0.00,11.83,0.00,0.00,3.23,0.00,0.00,0.00,69.89
10:38:35,12,16.49,0.00,14.43,0.00,0.00,4.12,0.00,0.00,0.00,64.95
10:38:35,13,14.13,0.00,15.22,0.00,0.00,3.26,0.00,0.00,0.00,67.39
10:38:35,14,14.89,0.00,11.70,0.00,0.00,6.38,0.00,0.00,0.00,67.02
10:38:35,15,16.67,0.00,11.46,0.00,0.00,5.21,0.00,0.00,0.00,66.67
10:38:36,4,15.96,0.00,12.77,0.00,0.00,3.19,0.00,0.00,0.00,68.09
10:38:36,5,14.13,0.00,13.04,0.00,0.00,6.52,0.00,0.00,0.00,66.30
10:38:36,6,14.13,0.00,11.96,0.00,0.00,5.43,0.00,0.00,0.00,68.48
10:38:36,7,14.74,0.00,12.63,0.00,0.00,6.32,0.00,0.00,0.00,66.32
10:38:36,12,14.13,0.00,11.96,0.00,0.00,5.43,0.00,0.00,0.00,68.48
10:38:36,13,18.56,0.00,11.34,0.00,0.00,5.15,0.00,0.00,0.00,64.95
10:38:36,14,11.83,0.00,15.05,0.00,0.00,5.38,0.00,0.00,0.00,67.74
10:38:36,15,14.89,0.00,13.83,1.06,0.00,3.19,0.00,0.00,0.00,67.02
10:38:37,4,15.05,0.00,12.90,0.00,0.00,5.38,0.00,0.00,0.00,66.67
10:38:37,5,14.89,0.00,14.89,0.00,0.00,5.32,0.00,0.00,0.00,64.89
10:38:37,6,16.48,0.00,12.09,0.00,0.00,5.49,0.00,0.00,0.00,65.93
10:38:37,7,14.89,0.00,12.77,0.00,0.00,4.26,0.00,0.00,0.00,68.09
10:38:37,12,15.05,0.00,13.98,0.00,0.00,4.30,0.00,0.00,0.00,66.67
10:38:37,13,22.58,0.00,16.13,0.00,0.00,4.30,0.00,0.00,0.00,56.99
10:38:37,14,18.09,0.00,11.70,0.00,0.00,5.32,0.00,0.00,0.00,64.89
10:38:37,15,14.13,0.00,11.96,0.00,0.00,4.35,0.00,0.00,0.00,69.57
10:38:38,4,15.22,0.00,14.13,0.00,0.00,5.43,0.00,0.00,0.00,65.22
10:38:38,5,15.22,0.00,16.30,0.00,0.00,3.26,0.00,0.00,0.00,65.22
10:38:38,6,15.38,0.00,12.09,0.00,0.00,4.40,0.00,0.00,0.00,68.13
10:38:38,7,13.19,0.00,12.09,0.00,0.00,4.40,0.00,0.00,0.00,70.33
10:38:38,12,13.98,0.00,12.90,0.00,0.00,6.45,0.00,0.00,0.00,66.67
10:38:38,13,13.98,0.00,12.90,0.00,0.00,5.38,0.00,0.00,0.00,67.74
10:38:38,14,12.90,0.00,15.05,0.00,0.00,4.30,0.00,0.00,0.00,67.74
10:38:38,15,11.70,0.00,13.83,0.00,0.00,5.32,0.00,0.00,0.00,69.15
10:38:39,4,17.89,0.00,13.68,0.00,0.00,2.11,0.00,0.00,0.00,66.32
10:38:39,5,15.96,0.00,14.89,0.00,0.00,4.26,0.00,0.00,0.00,64.89
10:38:39,6,12.77,0.00,14.89,0.00,0.00,5.32,0.00,0.00,0.00,67.02
10:38:39,7,12.37,0.00,13.40,0.00,0.00,3.09,0.00,0.00,0.00,71.13
10:38:39,12,16.48,0.00,12.09,0.00,0.00,4.40,0.00,0.00,0.00,67.03
10:38:39,13,17.20,0.00,12.90,0.00,0.00,5.38,0.00,0.00,0.00,64.52
10:38:39,14,16.30,0.00,11.96,0.00,0.00,5.43,0.00,0.00,0.00,66.30
10:38:39,15,15.05,0.00,11.83,0.00,0.00,3.23,0.00,0.00,0.00,69.89
10:38:40,4,16.30,0.00,11.96,0.00,0.00,5.43,0.00,0.00,0.00,66.30
10:38:40,5,14.13,0.00,14.13,0.00,0.00,4.35,0.00,0.00,0.00,67.39
10:38:40,6,16.13,0.00,11.83,0.00,0.00,4.30,0.00,0.00,0.00,67.74
10:38:40,7,13.54,0.00,13.54,0.00,0.00,4.17,0.00,0.00,0.00,68.75
10:38:40,12,17.39,0.00,10.87,0.00,0.00,3.26,0.00,0.00,0.00,68.48
10:38:40,13,16.13,0.00,12.90,0.00,0.00,3.23,0.00,0.00,0.00,67.74
10:38:40,14,17.20,0.00,12.90,0.00,0.00,4.30,0.00,0.00,0.00,65.59
10:38:40,15,13.68,0.00,10.53,0.00,0.00,5.26,0.00,0.00,0.00,70.53
10:38:41,4,16.48,0.00,10.99,0.00,0.00,3.30,0.00,0.00,0.00,69.23
10:38:41,5,17.02,0.00,10.64,0.00,0.00,4.26,0.00,0.00,0.00,68.09
10:38:41,6,16.13,0.00,13.98,0.00,0.00,3.23,0.00,0.00,0.00,66.67
10:38:41,7,15.05,0.00,10.75,0.00,0.00,4.30,0.00,0.00,0.00,69.89
10:38:41,12,14.89,0.00,13.83,0.00,0.00,4.26,0.00,0.00,0.00,67.02
10:38:41,13,14.44,0.00,13.33,0.00,0.00,4.44,0.00,0.00,0.00,67.78
10:38:41,14,13.98,0.00,11.83,0.00,0.00,5.38,0.00,0.00,0.00,68.82
10:38:41,15,13.98,0.00,12.90,0.00,0.00,4.30,0.00,0.00,0.00,68.82
10:38:42,4,17.58,0.00,12.09,0.00,0.00,5.49,0.00,0.00,0.00,64.84
10:38:42,5,18.28,0.00,13.98,0.00,0.00,5.38,0.00,0.00,0.00,62.37
10:38:42,6,17.02,0.00,12.77,0.00,0.00,5.32,0.00,0.00,0.00,64.89
10:38:42,7,12.90,0.00,12.90,0.00,0.00,5.38,0.00,0.00,0.00,68.82
10:38:42,12,17.58,0.00,12.09,0.00,0.00,3.30,0.00,0.00,0.00,67.03
10:38:42,13,18.48,0.00,15.22,0.00,0.00,5.43,0.00,0.00,0.00,60.87
10:38:42,14,18.09,0.00,12.77,0.00,0.00,4.26,0.00,0.00,0.00,64.89
10:38:42,15,15.46,0.00,15.46,0.00,0.00,3.09,0.00,0.00,0.00,65.98
10:38:43,4,15.22,0.00,14.13,0.00,0.00,4.35,0.00,0.00,0.00,66.30
10:38:43,5,14.44,0.00,14.44,0.00,0.00,3.33,0.00,0.00,0.00,67.78
10:38:43,6,14.13,0.00,13.04,0.00,0.00,4.35,0.00,0.00,0.00,68.48
10:38:43,7,13.98,0.00,12.90,0.00,0.00,4.30,0.00,0.00,0.00,68.82
10:38:43,12,15.62,0.00,12.50,0.00,0.00,6.25,0.00,0.00,0.00,65.62
10:38:43,13,15.38,0.00,10.99,0.00,0.00,4.40,0.00,0.00,0.00,69.23
10:38:43,14,14.13,0.00,11.96,0.00,0.00,4.35,0.00,0.00,0.00,69.57
10:38:43,15,13.83,0.00,10.64,0.00,0.00,5.32,0.00,0.00,0.00,70.21
10:38:44,4,16.49,0.00,12.37,0.00,0.00,6.19,0.00,0.00,0.00,64.95
10:38:44,5,16.13,0.00,11.83,0.00,0.00,6.45,0.00,0.00,0.00,65.59
10:38:44,6,12.09,0.00,14.29,0.00,0.00,4.40,0.00,0.00,0.00,69.23
10:38:44,7,12.77,0.00,11.70,0.00,0.00,3.19,0.00,0.00,0.00,72.34
10:38:44,12,15.96,0.00,13.83,0.00,0.00,4.26,0.00,0.00,0.00,65.96
10:38:44,13,15.96,0.00,13.83,0.00,0.00,6.38,0.00,0.00,0.00,63.83
10:38:44,14,12.77,0.00,14.89,0.00,0.00,6.38,0.00,0.00,0.00,65.96
10:38:44,15,15.79,0.00,11.58,0.00,0.00,3.16,0.00,0.00,0.00,69.47
10:38:45,4,12.90,0.00,13.98,0.00,0.00,5.38,0.00,0.00,0.00,67.74
10:38:45,5,13.83,0.00,12.77,0.00,0.00,5.32,0.00,0.00,0.00,68.09
10:38:45,6,16.67,0.00,11.11,0.00,0.00,2.22,0.00,0.00,0.00,70.00
10:38:45,7,12.77,0.00,10.64,0.00,0.00,5.32,0.00,0.00,0.00,71.28
10:38:45,12,13.98,0.00,12.90,0.00,0.00,4.30,0.00,0.00,0.00,68.82
10:38:45,13,14.44,0.00,14.44,0.00,0.00,4.44,0.00,0.00,0.00,66.67
10:38:45,14,16.13,0.00,13.98,0.00,0.00,4.30,0.00,0.00,0.00,65.59
10:38:45,15,13.83,0.00,12.77,0.00,0.00,4.26,0.00,0.00,0.00,69.15
10:38:46,4,13.98,0.00,13.98,0.00,0.00,4.30,0.00,0.00,0.00,67.74
10:38:46,5,13.98,0.00,15.05,0.00,0.00,4.30,0.00,0.00,0.00,66.67
10:38:46,6,13.83,0.00,13.83,0.00,0.00,5.32,0.00,0.00,0.00,67.02
10:38:46,7,13.19,0.00,13.19,0.00,0.00,4.40,0.00,0.00,0.00,69.23
10:38:46,12,15.96,0.00,12.77,0.00,0.00,4.26,0.00,0.00,0.00,67.02
10:38:46,13,15.05,0.00,12.90,0.00,0.00,4.30,0.00,0.00,0.00,67.74
10:38:46,14,13.98,0.00,12.90,0.00,0.00,5.38,0.00,0.00,0.00,67.74
10:38:46,15,15.38,0.00,10.99,0.00,0.00,4.40,0.00,0.00,0.00,69.23
10:38:47,4,16.13,0.00,12.90,0.00,0.00,4.30,0.00,0.00,0.00,66.67
10:38:47,5,17.20,0.00,16.13,0.00,0.00,3.23,0.00,0.00,0.00,63.44
10:38:47,6,18.09,0.00,12.77,0.00,0.00,4.26,0.00,0.00,0.00,64.89
10:38:47,7,15.79,0.00,12.63,0.00,0.00,5.26,0.00,0.00,0.00,66.32
10:38:47,12,17.02,0.00,11.70,0.00,0.00,5.32,0.00,0.00,0.00,65.96
10:38:47,13,18.09,0.00,12.77,0.00,0.00,5.32,0.00,0.00,0.00,63.83
10:38:47,14,16.84,0.00,13.68,0.00,0.00,5.26,0.00,0.00,0.00,64.21
10:38:47,15,14.89,0.00,12.77,0.00,0.00,4.26,0.00,0.00,0.00,68.09
10:38:48,4,15.05,0.00,11.83,0.00,0.00,5.38,0.00,0.00,0.00,67.74
10:38:48,5,16.13,0.00,12.90,0.00,0.00,4.30,0.00,0.00,0.00,66.67
10:38:48,6,12.09,0.00,13.19,0.00,0.00,5.49,0.00,0.00,0.00,69.23
10:38:48,7,16.84,0.00,12.63,0.00,0.00,4.21,0.00,0.00,0.00,66.32
10:38:48,12,15.05,0.00,16.13,0.00,0.00,3.23,0.00,0.00,0.00,65.59
10:38:48,13,17.89,0.00,11.58,0.00,0.00,3.16,0.00,0.00,0.00,67.37
10:38:48,14,14.58,0.00,14.58,0.00,0.00,5.21,0.00,0.00,0.00,65.62
10:38:48,15,15.05,0.00,13.98,0.00,0.00,4.30,0.00,0.00,0.00,66.67
10:38:49,4,15.96,0.00,12.77,0.00,0.00,5.32,0.00,0.00,0.00,65.96
10:38:49,5,15.05,0.00,12.90,0.00,0.00,5.38,0.00,0.00,0.00,66.67
10:38:49,6,14.74,0.00,12.63,0.00,0.00,5.26,0.00,0.00,0.00,67.37
10:38:49,7,13.83,0.00,10.64,0.00,0.00,4.26,0.00,0.00,0.00,71.28
10:38:49,12,15.56,0.00,12.22,0.00,0.00,4.44,0.00,0.00,0.00,67.78
10:38:49,13,14.13,0.00,13.04,0.00,0.00,5.43,0.00,0.00,0.00,67.39
10:38:49,14,15.22,0.00,13.04,0.00,0.00,5.43,0.00,0.00,0.00,66.30
10:38:49,15,13.68,0.00,12.63,0.00,0.00,5.26,0.00,0.00,0.00,68.42
10:38:50,4,14.44,0.00,11.11,0.00,0.00,3.33,0.00,0.00,0.00,71.11
10:38:50,5,16.48,0.00,13.19,0.00,0.00,4.40,0.00,0.00,0.00,65.93
10:38:50,6,14.61,0.00,13.48,0.00,0.00,3.37,0.00,0.00,0.00,68.54
10:38:50,7,11.70,0.00,13.83,0.00,0.00,5.32,0.00,0.00,0.00,69.15
10:38:50,12,12.63,0.00,14.74,0.00,0.00,6.32,0.00,0.00,0.00,66.32
10:38:50,13,15.05,0.00,13.98,0.00,0.00,5.38,0.00,0.00,0.00,65.59
10:38:50,14,15.22,0.00,11.96,0.00,0.00,5.43,0.00,0.00,0.00,67.39
10:38:50,15,13.04,0.00,11.96,0.00,0.00,4.35,0.00,0.00,0.00,70.65
10:38:51,4,15.38,0.00,13.19,0.00,0.00,4.40,0.00,0.00,0.00,67.03
10:38:51,5,16.13,0.00,12.90,0.00,0.00,4.30,0.00,0.00,0.00,66.67
10:38:51,6,15.05,0.00,13.98,0.00,0.00,5.38,0.00,0.00,0.00,65.59
10:38:51,7,12.50,0.00,13.54,0.00,0.00,5.21,0.00,0.00,0.00,68.75
10:38:51,12,16.84,0.00,11.58,0.00,0.00,4.21,0.00,0.00,0.00,67.37
10:38:51,13,15.56,0.00,14.44,0.00,0.00,4.44,0.00,0.00,0.00,65.56
10:38:51,14,17.89,0.00,11.58,0.00,0.00,4.21,0.00,0.00,0.00,66.32
10:38:51,15,12.90,0.00,10.75,0.00,0.00,5.38,0.00,0.00,0.00,70.97
10:38:52,4,17.71,0.00,12.50,0.00,0.00,5.21,0.00,0.00,0.00,64.58
10:38:52,5,19.57,0.00,14.13,0.00,0.00,4.35,0.00,0.00,0.00,61.96
10:38:52,6,16.84,0.00,11.58,0.00,0.00,6.32,0.00,0.00,0.00,65.26
10:38:52,7,12.90,0.00,13.98,0.00,0.00,4.30,0.00,0.00,0.00,68.82
10:38:52,12,17.02,0.00,12.77,0.00,0.00,4.26,0.00,0.00,0.00,65.96
10:38:52,13,16.67,0.00,12.22,0.00,0.00,5.56,0.00,0.00,0.00,65.56
10:38:52,14,15.79,0.00,13.68,0.00,0.00,4.21,0.00,0.00,0.00,66.32
10:38:52,15,13.83,0.00,13.83,0.00,0.00,4.26,0.00,0.00,0.00,68.09
10:38:53,4,16.13,0.00,11.83,0.00,0.00,4.30,0.00,0.00,0.00,67.74
10:38:53,5,14.89,0.00,12.77,0.00,0.00,5.32,0.00,0.00,0.00,67.02
10:38:53,6,15.22,0.00,11.96,0.00,0.00,5.43,0.00,0.00,0.00,67.39
10:38:53,7,13.68,0.00,11.58,0.00,0.00,5.26,0.00,0.00,0.00,69.47
10:38:53,12,14.29,0.00,12.09,0.00,0.00,3.30,0.00,0.00,0.00,70.33
10:38:53,13,15.05,0.00,12.90,0.00,0.00,4.30,0.00,0.00,0.00,67.74
10:38:53,14,14.29,0.00,14.29,0.00,0.00,4.40,0.00,0.00,0.00,67.03
10:38:53,15,12.09,0.00,13.19,0.00,0.00,3.30,0.00,0.00,0.00,71.43
10:38:54,4,14.44,0.00,12.22,0.00,0.00,5.56,0.00,0.00,0.00,67.78
10:38:54,5,17.20,0.00,12.90,0.00,0.00,5.38,0.00,0.00,0.00,64.52
10:38:54,6,14.13,0.00,10.87,0.00,0.00,5.43,0.00,0.00,0.00,69.57
10:38:54,7,12.77,0.00,10.64,0.00,0.00,4.26,0.00,0.00,0.00,72.34
10:38:54,12,16.48,0.00,13.19,0.00,0.00,4.40,0.00,0.00,0.00,65.93
10:38:54,13,16.84,0.00,11.58,0.00,0.00,6.32,0.00,0.00,0.00,65.26
10:38:54,14,13.48,0.00,12.36,0.00,0.00,4.49,0.00,0.00,0.00,69.66
10:38:54,15,13.54,0.00,12.50,0.00,0.00,5.21,0.00,0.00,0.00,68.75
10:38:55,4,14.89,0.00,11.70,0.00,0.00,5.32,0.00,0.00,0.00,68.09
10:38:55,5,15.22,0.00,13.04,0.00,0.00,4.35,0.00,0.00,0.00,67.39
10:38:55,6,15.96,0.00,13.83,0.00,0.00,4.26,0.00,0.00,0.00,65.96
10:38:55,7,14.89,0.00,11.70,0.00,0.00,5.32,0.00,0.00,0.00,68.09
10:38:55,12,14.74,0.00,13.68,0.00,0.00,5.26,0.00,0.00,0.00,66.32
10:38:55,13,15.05,0.00,12.90,0.00,0.00,4.30,0.00,0.00,0.00,67.74
10:38:55,14,15.96,0.00,11.70,0.00,0.00,5.32,0.00,0.00,0.00,67.02
10:38:55,15,15.96,0.00,10.64,0.00,0.00,4.26,0.00,0.00,0.00,69.15
10:38:56,4,12.77,0.00,12.77,0.00,0.00,6.38,0.00,0.00,0.00,68.09
10:38:56,5,15.79,0.00,15.79,0.00,0.00,5.26,0.00,0.00,0.00,63.16
10:38:56,6,13.19,0.00,15.38,0.00,0.00,4.40,0.00,0.00,0.00,67.03
10:38:56,7,13.04,0.00,11.96,0.00,0.00,4.35,0.00,0.00,0.00,70.65
10:38:56,12,15.05,0.00,12.90,0.00,0.00,5.38,0.00,0.00,0.00,66.67
10:38:56,13,15.05,0.00,13.98,0.00,0.00,4.30,0.00,0.00,0.00,66.67
10:38:56,14,15.05,0.00,12.90,0.00,0.00,3.23,0.00,0.00,0.00,68.82
10:38:56,15,14.89,0.00,11.70,0.00,0.00,4.26,0.00,0.00,0.00,69.15
10:38:57,4,14.77,0.00,11.36,0.00,0.00,3.41,0.00,0.00,0.00,70.45
10:38:57,5,16.48,0.00,14.29,0.00,0.00,5.49,0.00,0.00,0.00,63.74
10:38:57,6,15.96,0.00,11.70,0.00,0.00,6.38,0.00,0.00,0.00,65.96
10:38:57,7,13.83,0.00,11.70,0.00,0.00,6.38,0.00,0.00,0.00,68.09
10:38:57,12,17.20,0.00,12.90,0.00,0.00,6.45,0.00,0.00,0.00,63.44
10:38:57,13,19.57,0.00,16.30,0.00,0.00,4.35,0.00,0.00,0.00,59.78
10:38:57,14,15.96,0.00,12.77,0.00,0.00,5.32,0.00,0.00,0.00,65.96
10:38:57,15,12.09,0.00,13.19,0.00,0.00,4.40,0.00,0.00,0.00,70.33
10:38:58,4,16.30,0.00,15.22,0.00,0.00,4.35,0.00,0.00,0.00,64.13
10:38:58,5,15.22,0.00,13.04,0.00,0.00,4.35,0.00,0.00,0.00,67.39
10:38:58,6,15.79,0.00,13.68,0.00,0.00,4.21,0.00,0.00,0.00,66.32
10:38:58,7,13.04,0.00,11.96,0.00,0.00,4.35,0.00,0.00,0.00,70.65
10:38:58,12,16.30,0.00,11.96,0.00,0.00,2.17,0.00,0.00,0.00,69.57
10:38:58,13,14.89,0.00,13.83,0.00,0.00,4.26,0.00,0.00,0.00,67.02
10:38:58,14,16.48,0.00,12.09,0.00,0.00,3.30,0.00,0.00,0.00,68.13
10:38:58,15,13.68,0.00,13.68,0.00,0.00,3.16,0.00,0.00,0.00,69.47
10:38:59,4,17.02,0.00,10.64,0.00,0.00,6.38,0.00,0.00,0.00,65.96
10:38:59,5,14.89,0.00,12.77,0.00,0.00,3.19,0.00,0.00,0.00,69.15
10:38:59,6,14.89,0.00,11.70,0.00,0.00,4.26,0.00,0.00,0.00,69.15
10:38:59,7,13.40,0.00,11.34,0.00,0.00,5.15,0.00,0.00,0.00,70.10
10:38:59,12,16.30,0.00,10.87,0.00,0.00,5.43,0.00,0.00,0.00,67.39
10:38:59,13,14.44,0.00,13.33,0.00,0.00,2.22,0.00,0.00,0.00,70.00
10:38:59,14,16.33,0.00,12.24,0.00,0.00,7.14,0.00,0.00,0.00,64.29
10:38:59,15,13.19,0.00,10.99,0.00,0.00,3.30,0.00,0.00,0.00,72.53
10:39:00,4,14.29,0.00,12.09,0.00,0.00,3.30,0.00,0.00,0.00,70.33
10:39:00,5,14.29,0.00,10.99,0.00,0.00,4.40,0.00,0.00,0.00,70.33
10:39:00,6,13.98,0.00,12.90,0.00,0.00,5.38,0.00,0.00,0.00,67.74
10:39:00,7,14.74,0.00,12.63,0.00,0.00,4.21,0.00,0.00,0.00,68.42
10:39:00,12,14.58,0.00,12.50,0.00,0.00,5.21,0.00,0.00,0.00,67.71
10:39:00,13,16.49,0.00,13.40,0.00,0.00,4.12,0.00,0.00,0.00,65.98
10:39:00,14,13.04,0.00,11.96,0.00,0.00,5.43,0.00,0.00,0.00,69.57
10:39:00,15,12.63,0.00,11.58,0.00,0.00,6.32,0.00,0.00,0.00,69.47
10:39:01,4,14.29,0.00,10.99,0.00,0.00,4.40,0.00,0.00,0.00,70.33
10:39:01,5,16.84,0.00,10.53,0.00,0.00,6.32,0.00,0.00,0.00,66.32
10:39:01,6,13.83,0.00,14.89,0.00,0.00,4.26,0.00,0.00,0.00,67.02
10:39:01,7,11.11,0.00,11.11,0.00,0.00,4.44,0.00,0.00,0.00,73.33
10:39:01,12,12.22,0.00,11.11,0.00,0.00,5.56,0.00,0.00,0.00,71.11
10:39:01,13,15.22,0.00,14.13,0.00,0.00,5.43,0.00,0.00,0.00,65.22
10:39:01,14,15.22,0.00,11.96,0.00,0.00,4.35,0.00,0.00,0.00,68.48
10:39:01,15,14.74,0.00,11.58,0.00,0.00,4.21,0.00,0.00,0.00,69.47
10:39:02,4,15.38,0.00,10.99,0.00,0.00,4.40,0.00,0.00,0.00,69.23
10:39:02,5,13.98,0.00,12.90,0.00,0.00,5.38,0.00,0.00,0.00,67.74
10:39:02,6,17.53,0.00,13.40,0.00,0.00,5.15,0.00,0.00,0.00,63.92
10:39:02,7,12.50,0.00,14.58,0.00,0.00,5.21,0.00,0.00,0.00,67.71
10:39:02,12,15.38,0.00,12.09,0.00,0.00,4.40,0.00,0.00,0.00,68.13
10:39:02,13,15.38,0.00,10.99,0.00,0.00,5.49,0.00,0.00,0.00,68.13
10:39:02,14,15.22,0.00,14.13,0.00,0.00,5.43,0.00,0.00,0.00,65.22
10:39:02,15,13.98,0.00,12.90,0.00,0.00,4.30,0.00,0.00,0.00,68.82
10:39:03,4,16.49,0.00,12.37,0.00,0.00,5.15,0.00,0.00,0.00,65.98
10:39:03,5,15.96,0.00,12.77,0.00,0.00,4.26,0.00,0.00,0.00,67.02
10:39:03,6,15.38,0.00,10.99,0.00,0.00,4.40,0.00,0.00,0.00,69.23
10:39:03,7,11.96,0.00,9.78,0.00,0.00,4.35,0.00,0.00,0.00,73.91
10:39:03,12,16.84,0.00,14.74,0.00,0.00,3.16,0.00,0.00,0.00,65.26
10:39:03,13,14.61,0.00,12.36,0.00,0.00,4.49,0.00,0.00,0.00,68.54
10:39:03,14,17.02,0.00,12.77,0.00,0.00,4.26,0.00,0.00,0.00,65.96
10:39:03,15,14.89,0.00,10.64,0.00,0.00,5.32,0.00,0.00,0.00,69.15
10:39:04,4,14.29,0.00,10.99,0.00,0.00,3.30,0.00,0.00,0.00,71.43
10:39:04,5,15.56,0.00,13.33,0.00,0.00,4.44,0.00,0.00,0.00,66.67
10:39:04,6,14.74,0.00,12.63,0.00,0.00,4.21,0.00,0.00,0.00,68.42
10:39:04,7,12.50,0.00,13.54,0.00,0.00,4.17,0.00,0.00,0.00,69.79
10:39:04,12,15.38,0.00,12.09,0.00,0.00,4.40,0.00,0.00,0.00,68.13
10:39:04,13,16.13,0.00,13.98,0.00,0.00,4.30,0.00,0.00,0.00,65.59
10:39:04,14,14.29,0.00,10.99,0.00,0.00,4.40,0.00,0.00,0.00,70.33
10:39:04,15,12.77,0.00,12.77,0.00,0.00,4.26,0.00,0.00,0.00,70.21
10:39:05,4,12.50,0.00,12.50,0.00,0.00,4.55,0.00,0.00,0.00,70.45
10:39:05,5,15.05,0.00,12.90,0.00,0.00,4.30,0.00,0.00,0.00,67.74
10:39:05,6,14.13,0.00,11.96,0.00,0.00,4.35,0.00,0.00,0.00,69.57
10:39:05,7,13.04,0.00,13.04,0.00,0.00,3.26,0.00,0.00,0.00,70.65
10:39:05,12,14.29,0.00,10.99,0.00,0.00,5.49,0.00,0.00,0.00,69.23
10:39:05,13,18.09,0.00,9.57,0.00,0.00,4.26,0.00,0.00,0.00,68.09
10:39:05,14,15.62,0.00,13.54,0.00,0.00,5.21,0.00,0.00,0.00,65.62
10:39:05,15,13.83,0.00,12.77,0.00,0.00,4.26,0.00,0.00,0.00,69.15
10:39:06,4,15.62,0.00,13.54,0.00,0.00,4.17,0.00,0.00,0.00,66.67
10:39:06,5,15.22,0.00,15.22,0.00,0.00,4.35,0.00,0.00,0.00,65.22
10:39:06,6,15.38,0.00,9.89,0.00,0.00,3.30,0.00,0.00,0.00,71.43
10:39:06,7,14.89,0.00,9.57,0.00,0.00,4.26,0.00,0.00,0.00,71.28
10:39:06,12,17.20,0.00,12.90,0.00,0.00,3.23,0.00,0.00,0.00,66.67
10:39:06,13,16.30,0.00,11.96,0.00,0.00,6.52,0.00,0.00,0.00,65.22
10:39:06,14,15.79,0.00,12.63,0.00,0.00,5.26,0.00,0.00,0.00,66.32
10:39:06,15,15.79,0.00,11.58,0.00,0.00,4.21,0.00,0.00,0.00,68.42
10:39:07,4,15.38,0.00,9.89,0.00,0.00,4.40,0.00,0.00,0.00,70.33
10:39:07,5,19.78,0.00,10.99,0.00,0.00,3.30,0.00,0.00,0.00,65.93
10:39:07,6,16.13,0.00,12.90,0.00,0.00,5.38,0.00,0.00,0.00,65.59
10:39:07,7,13.19,0.00,12.09,0.00,0.00,3.30,0.00,0.00,0.00,71.43
10:39:07,12,20.21,0.00,12.77,0.00,0.00,5.32,0.00,0.00,0.00,61.70
10:39:07,13,20.43,0.00,10.75,0.00,0.00,4.30,0.00,0.00,0.00,64.52
10:39:07,14,15.79,0.00,14.74,0.00,0.00,5.26,0.00,0.00,0.00,64.21
10:39:07,15,13.98,0.00,11.83,0.00,0.00,4.30,0.00,0.00,0.00,69.89
10:39:08,4,14.13,0.00,13.04,0.00,0.00,4.35,0.00,0.00,0.00,68.48
10:39:08,5,17.02,0.00,12.77,0.00,0.00,4.26,0.00,0.00,0.00,65.96
10:39:08,6,13.98,0.00,11.83,0.00,0.00,4.30,0.00,0.00,0.00,69.89
10:39:08,7,11.58,0.00,10.53,0.00,0.00,5.26,0.00,0.00,0.00,72.63
10:39:08,12,16.30,0.00,13.04,0.00,0.00,3.26,0.00,0.00,0.00,67.39
10:39:08,13,18.28,0.00,11.83,1.08,0.00,5.38,0.00,0.00,0.00,63.44
10:39:08,14,13.98,0.00,15.05,0.00,0.00,5.38,0.00,0.00,0.00,65.59
10:39:08,15,15.79,0.00,11.58,0.00,0.00,4.21,0.00,0.00,0.00,68.42
10:39:09,4,15.22,0.00,8.70,0.00,0.00,5.43,0.00,0.00,0.00,70.65
10:39:09,5,13.83,0.00,12.77,0.00,0.00,5.32,0.00,0.00,0.00,68.09
10:39:09,6,16.48,0.00,12.09,0.00,0.00,4.40,0.00,0.00,0.00,67.03
10:39:09,7,12.63,0.00,13.68,0.00,0.00,5.26,0.00,0.00,0.00,68.42
10:39:09,12,17.20,0.00,11.83,0.00,0.00,4.30,0.00,0.00,0.00,66.67
10:39:09,13,15.05,0.00,11.83,0.00,0.00,5.38,0.00,0.00,0.00,67.74
10:39:09,14,16.67,0.00,12.50,0.00,0.00,5.21,0.00,0.00,0.00,65.62
10:39:09,15,12.77,0.00,13.83,0.00,0.00,5.32,0.00,0.00,0.00,68.09
10:39:10,4,15.38,0.00,10.99,0.00,0.00,5.49,0.00,0.00,0.00,68.13
10:39:10,5,15.96,0.00,13.83,0.00,0.00,4.26,0.00,0.00,0.00,65.96
10:39:10,6,13.83,0.00,12.77,0.00,0.00,5.32,0.00,0.00,0.00,68.09
10:39:10,7,14.29,0.00,10.99,0.00,0.00,4.40,0.00,0.00,0.00,70.33
10:39:10,12,15.38,0.00,13.19,0.00,0.00,4.40,0.00,0.00,0.00,67.03
10:39:10,13,14.44,0.00,12.22,0.00,0.00,4.44,0.00,0.00,0.00,68.89
10:39:10,14,15.79,0.00,13.68,0.00,0.00,4.21,0.00,0.00,0.00,66.32
10:39:10,15,12.90,0.00,13.98,0.00,0.00,4.30,0.00,0.00,0.00,68.82
10:39:11,4,14.74,0.00,14.74,0.00,0.00,4.21,0.00,0.00,0.00,66.32
10:39:11,5,15.46,0.00,14.43,0.00,0.00,4.12,0.00,0.00,0.00,65.98
10:39:11,6,12.09,0.00,12.09,1.10,0.00,5.49,0.00,0.00,0.00,69.23
10:39:11,7,12.90,0.00,11.83,0.00,0.00,4.30,0.00,0.00,0.00,70.97
10:39:11,12,16.84,0.00,13.68,0.00,0.00,4.21,0.00,0.00,0.00,65.26
10:39:11,13,16.67,0.00,12.50,0.00,0.00,5.21,0.00,0.00,0.00,65.62
10:39:11,14,14.74,0.00,13.68,0.00,0.00,5.26,0.00,0.00,0.00,66.32
10:39:11,15,14.29,0.00,10.99,0.00,0.00,3.30,0.00,0.00,0.00,71.43
10:39:12,4,13.33,0.00,12.22,0.00,0.00,4.44,0.00,0.00,0.00,70.00
10:39:12,5,17.89,0.00,11.58,0.00,0.00,5.26,0.00,0.00,0.00,65.26
10:39:12,6,14.74,0.00,11.58,0.00,0.00,6.32,0.00,0.00,0.00,67.37
10:39:12,7,13.04,0.00,11.96,0.00,0.00,4.35,0.00,0.00,0.00,70.65
10:39:12,12,14.77,0.00,7.95,0.00,0.00,4.55,0.00,0.00,0.00,72.73
10:39:12,13,16.30,0.00,13.04,0.00,0.00,4.35,0.00,0.00,0.00,66.30
10:39:12,14,13.19,0.00,13.19,0.00,0.00,4.40,0.00,0.00,0.00,69.23
10:39:12,15,14.74,0.00,12.63,0.00,0.00,5.26,0.00,0.00,0.00,67.37
10:39:13,4,16.84,0.00,11.58,0.00,0.00,5.26,0.00,0.00,0.00,66.32
10:39:13,5,16.48,0.00,13.19,1.10,0.00,4.40,0.00,0.00,0.00,64.84
10:39:13,6,15.38,0.00,10.99,0.00,0.00,4.40,0.00,0.00,0.00,69.23
10:39:13,7,10.99,0.00,13.19,0.00,0.00,4.40,0.00,0.00,0.00,71.43
10:39:13,12,15.56,0.00,12.22,0.00,0.00,5.56,0.00,0.00,0.00,66.67
10:39:13,13,16.67,0.00,14.58,0.00,0.00,5.21,0.00,0.00,0.00,63.54
10:39:13,14,14.89,0.00,12.77,0.00,0.00,5.32,0.00,0.00,0.00,67.02
10:39:13,15,15.22,0.00,11.96,0.00,0.00,4.35,0.00,0.00,0.00,68.48
10:39:14,4,17.02,0.00,10.64,0.00,0.00,4.26,0.00,0.00,0.00,68.09
10:39:14,5,14.74,0.00,13.68,0.00,0.00,4.21,0.00,0.00,0.00,67.37
10:39:14,6,14.29,0.00,9.89,0.00,0.00,5.49,0.00,0.00,0.00,70.33
10:39:14,7,13.54,0.00,12.50,0.00,0.00,5.21,0.00,0.00,0.00,68.75
10:39:14,12,17.89,0.00,14.74,0.00,0.00,4.21,0.00,0.00,0.00,63.16
10:39:14,13,16.13,0.00,10.75,0.00,0.00,5.38,0.00,0.00,0.00,67.74
10:39:14,14,13.83,0.00,12.77,0.00,0.00,5.32,0.00,0.00,0.00,68.09
10:39:14,15,15.46,0.00,12.37,0.00,0.00,5.15,0.00,0.00,0.00,67.01
10:39:15,4,15.56,0.00,12.22,0.00,0.00,4.44,0.00,0.00,0.00,67.78
10:39:15,5,13.83,0.00,13.83,0.00,0.00,5.32,0.00,0.00,0.00,67.02
10:39:15,6,13.98,0.00,12.90,0.00,0.00,4.30,0.00,0.00,0.00,68.82
10:39:15,7,13.04,0.00,11.96,0.00,0.00,5.43,0.00,0.00,0.00,69.57
10:39:15,12,15.96,0.00,11.70,0.00,0.00,4.26,0.00,0.00,0.00,68.09
10:39:15,13,15.96,0.00,11.70,0.00,0.00,5.32,0.00,0.00,0.00,67.02
10:39:15,14,14.89,0.00,13.83,0.00,0.00,3.19,0.00,0.00,0.00,68.09
10:39:15,15,14.89,0.00,11.70,0.00,0.00,4.26,0.00,0.00,0.00,69.15
10:39:16,4,14.44,0.00,12.22,0.00,0.00,5.56,0.00,0.00,0.00,67.78
10:39:16,5,15.79,0.00,14.74,0.00,0.00,5.26,0.00,0.00,0.00,64.21
10:39:16,6,16.13,0.00,12.90,0.00,0.00,4.30,0.00,0.00,0.00,66.67
10:39:16,7,12.90,0.00,11.83,0.00,0.00,4.30,0.00,0.00,0.00,70.97
10:39:16,12,13.98,0.00,12.90,0.00,0.00,4.30,0.00,0.00,0.00,68.82
10:39:16,13,17.02,0.00,17.02,1.06,0.00,3.19,0.00,0.00,0.00,61.70
10:39:16,14,14.89,0.00,10.64,0.00,0.00,5.32,0.00,0.00,0.00,69.15
10:39:16,15,11.96,0.00,11.96,0.00,0.00,4.35,0.00,0.00,0.00,71.74
10:39:17,4,15.05,0.00,12.90,0.00,0.00,3.23,0.00,0.00,0.00,68.82
10:39:17,5,13.83,0.00,13.83,0.00,0.00,5.32,0.00,0.00,0.00,67.02
10:39:17,6,13.19,0.00,12.09,0.00,0.00,4.40,0.00,0.00,0.00,70.33
10:39:17,7,12.77,0.00,11.70,0.00,0.00,4.26,0.00,0.00,0.00,71.28
10:39:17,12,15.96,0.00,13.83,0.00,0.00,5.32,0.00,0.00,0.00,64.89
10:39:17,13,15.22,0.00,14.13,0.00,0.00,5.43,0.00,0.00,0.00,65.22
10:39:17,14,14.89,0.00,13.83,0.00,0.00,5.32,0.00,0.00,0.00,65.96
10:39:17,15,13.68,0.00,13.68,0.00,0.00,4.21,0.00,0.00,0.00,68.42
10:39:18,4,16.13,0.00,11.83,0.00,0.00,4.30,0.00,0.00,0.00,67.74
10:39:18,5,17.58,0.00,12.09,0.00,0.00,4.40,0.00,0.00,0.00,65.93
10:39:18,6,13.04,0.00,14.13,0.00,0.00,4.35,0.00,0.00,0.00,68.48
10:39:18,7,13.68,0.00,11.58,0.00,0.00,5.26,0.00,0.00,0.00,69.47
10:39:18,12,14.13,0.00,13.04,2.17,0.00,3.26,0.00,0.00,0.00,67.39
10:39:18,13,17.39,0.00,14.13,0.00,0.00,5.43,0.00,0.00,0.00,63.04
10:39:18,14,15.22,0.00,13.04,0.00,0.00,5.43,0.00,0.00,0.00,66.30
10:39:18,15,15.79,0.00,12.63,0.00,0.00,4.21,0.00,0.00,0.00,67.37
10:39:19,4,14.13,0.00,11.96,0.00,0.00,3.26,0.00,0.00,0.00,70.65
10:39:19,5,15.22,0.00,14.13,0.00,0.00,4.35,0.00,0.00,0.00,66.30
10:39:19,6,14.89,0.00,13.83,0.00,0.00,5.32,0.00,0.00,0.00,65.96
10:39:19,7,11.96,0.00,11.96,0.00,0.00,5.43,0.00,0.00,0.00,70.65
10:39:19,12,15.05,0.00,11.83,0.00,0.00,5.38,0.00,0.00,0.00,67.74
10:39:19,13,15.05,0.00,10.75,0.00,0.00,5.38,0.00,0.00,0.00,68.82
10:39:19,14,16.13,0.00,9.68,0.00,0.00,5.38,0.00,0.00,0.00,68.82
10:39:19,15,13.04,0.00,11.96,0.00,0.00,4.35,0.00,0.00,0.00,70.65
10:39:20,4,14.74,0.00,13.68,0.00,0.00,3.16,0.00,0.00,0.00,68.42
10:39:20,5,16.13,0.00,13.98,0.00,0.00,4.30,0.00,0.00,0.00,65.59
10:39:20,6,14.44,0.00,11.11,0.00,0.00,4.44,0.00,0.00,0.00,70.00
10:39:20,7,14.13,0.00,11.96,0.00,0.00,4.35,0.00,0.00,0.00,69.57
10:39:20,12,14.89,0.00,11.70,0.00,0.00,4.26,0.00,0.00,0.00,69.15
10:39:20,13,15.22,0.00,13.04,0.00,0.00,4.35,0.00,0.00,0.00,67.39
10:39:20,14,13.04,0.00,13.04,0.00,0.00,5.43,0.00,0.00,0.00,68.48
10:39:20,15,13.83,0.00,13.83,0.00,0.00,4.26,0.00,0.00,0.00,68.09
10:39:21,4,14.13,0.00,10.87,0.00,0.00,5.43,0.00,0.00,0.00,69.57
10:39:21,5,15.56,0.00,13.33,0.00,0.00,4.44,0.00,0.00,0.00,66.67
10:39:21,6,14.74,0.00,14.74,1.05,0.00,5.26,0.00,0.00,0.00,64.21
10:39:21,7,12.90,0.00,10.75,0.00,0.00,4.30,0.00,0.00,0.00,72.04
10:39:21,12,14.13,0.00,11.96,0.00,0.00,4.35,0.00,0.00,0.00,69.57
10:39:21,13,14.29,0.00,10.99,0.00,0.00,5.49,0.00,0.00,0.00,69.23
10:39:21,14,14.13,0.00,13.04,0.00,0.00,4.35,0.00,0.00,0.00,68.48
10:39:21,15,12.77,0.00,12.77,0.00,0.00,5.32,0.00,0.00,0.00,69.15
10:39:22,4,13.98,0.00,11.83,0.00,0.00,5.38,0.00,0.00,0.00,68.82
10:39:22,5,13.98,0.00,11.83,0.00,0.00,5.38,0.00,0.00,0.00,68.82
10:39:22,6,12.90,0.00,12.90,0.00,0.00,4.30,0.00,0.00,0.00,69.89
10:39:22,7,11.96,0.00,11.96,0.00,0.00,4.35,0.00,0.00,0.00,71.74
10:39:22,12,15.22,0.00,13.04,0.00,0.00,5.43,0.00,0.00,0.00,66.30
10:39:22,13,15.22,0.00,13.04,0.00,0.00,4.35,0.00,0.00,0.00,67.39
10:39:22,14,15.38,0.00,12.09,0.00,0.00,4.40,0.00,0.00,0.00,68.13
10:39:22,15,12.90,0.00,11.83,0.00,0.00,5.38,0.00,0.00,0.00,69.89
10:39:23,4,15.79,0.00,13.68,0.00,0.00,4.21,0.00,0.00,0.00,66.32
10:39:23,5,19.10,0.00,12.36,0.00,0.00,4.49,0.00,0.00,0.00,64.04
10:39:23,6,16.49,0.00,13.40,0.00,0.00,5.15,0.00,0.00,0.00,64.95
10:39:23,7,12.77,0.00,12.77,0.00,0.00,4.26,0.00,0.00,0.00,70.21
10:39:23,12,17.02,0.00,11.70,0.00,0.00,5.32,0.00,0.00,0.00,65.96
10:39:23,13,18.75,0.00,14.58,0.00,0.00,7.29,0.00,0.00,0.00,59.38
10:39:23,14,12.90,0.00,13.98,0.00,0.00,5.38,0.00,0.00,0.00,67.74
10:39:23,15,12.77,0.00,14.89,0.00,0.00,4.26,0.00,0.00,0.00,68.09
10:39:24,4,17.02,0.00,12.77,0.00,0.00,4.26,0.00,0.00,0.00,65.96
10:39:24,5,15.05,0.00,11.83,0.00,0.00,4.30,0.00,0.00,0.00,68.82
10:39:24,6,12.50,0.00,12.50,0.00,0.00,4.55,0.00,0.00,0.00,70.45
10:39:24,7,11.83,0.00,11.83,0.00,0.00,4.30,0.00,0.00,0.00,72.04
10:39:24,12,16.13,0.00,12.90,0.00,0.00,5.38,0.00,0.00,0.00,65.59
10:39:24,13,16.13,0.00,11.83,0.00,0.00,4.30,0.00,0.00,0.00,67.74
10:39:24,14,15.05,0.00,11.83,0.00,0.00,5.38,0.00,0.00,0.00,67.74
10:39:24,15,12.90,0.00,12.90,0.00,0.00,3.23,0.00,0.00,0.00,70.97
10:39:25,4,14.89,0.00,12.77,0.00,0.00,5.32,0.00,0.00,0.00,67.02
10:39:25,5,13.19,0.00,14.29,0.00,0.00,4.40,0.00,0.00,0.00,68.13
10:39:25,6,14.74,0.00,12.63,0.00,0.00,5.26,0.00,0.00,0.00,67.37
10:39:25,7,12.90,0.00,11.83,0.00,0.00,5.38,0.00,0.00,0.00,69.89
10:39:25,12,14.74,0.00,12.63,0.00,0.00,4.21,0.00,0.00,0.00,68.42
10:39:25,13,17.02,0.00,11.70,0.00,0.00,5.32,0.00,0.00,0.00,65.96
10:39:25,14,15.05,0.00,12.90,0.00,0.00,4.30,0.00,0.00,0.00,67.74
10:39:25,15,14.74,0.00,12.63,0.00,0.00,5.26,0.00,0.00,0.00,67.37
10:39:26,4,15.22,0.00,10.87,0.00,0.00,4.35,0.00,0.00,0.00,69.57
10:39:26,5,14.89,0.00,14.89,0.00,0.00,6.38,0.00,0.00,0.00,63.83
10:39:26,6,15.22,0.00,11.96,0.00,0.00,4.35,0.00,0.00,0.00,68.48
10:39:26,7,13.83,0.00,11.70,0.00,0.00,5.32,0.00,0.00,0.00,69.15
10:39:26,12,16.13,0.00,10.75,0.00,0.00,4.30,0.00,0.00,0.00,68.82
10:39:26,13,13.98,0.00,17.20,0.00,0.00,5.38,0.00,0.00,0.00,63.44
10:39:26,14,15.05,0.00,12.90,0.00,0.00,5.38,0.00,0.00,0.00,66.67
10:39:26,15,15.38,0.00,10.99,0.00,0.00,3.30,0.00,0.00,0.00,70.33
10:39:27,4,17.02,0.00,9.57,0.00,0.00,4.26,0.00,0.00,0.00,69.15
10:39:27,5,17.39,0.00,14.13,0.00,0.00,4.35,0.00,0.00,0.00,64.13
10:39:27,6,10.99,0.00,12.09,0.00,0.00,5.49,0.00,0.00,0.00,71.43
10:39:27,7,13.04,0.00,9.78,0.00,0.00,4.35,0.00,0.00,0.00,72.83
10:39:27,12,14.13,0.00,14.13,0.00,0.00,5.43,0.00,0.00,0.00,66.30
10:39:27,13,16.13,0.00,12.90,0.00,0.00,4.30,0.00,0.00,0.00,66.67
10:39:27,14,12.90,0.00,12.90,0.00,0.00,5.38,0.00,0.00,0.00,68.82
10:39:27,15,14.89,0.00,10.64,0.00,0.00,4.26,0.00,0.00,0.00,70.21
10:39:28,4,16.13,0.00,11.83,0.00,0.00,4.30,0.00,0.00,0.00,67.74
10:39:28,5,17.39,0.00,11.96,0.00,0.00,4.35,0.00,0.00,0.00,66.30
10:39:28,6,15.22,0.00,14.13,0.00,0.00,4.35,0.00,0.00,0.00,66.30
10:39:28,7,14.29,0.00,10.99,0.00,0.00,4.40,0.00,0.00,0.00,70.33
10:39:28,12,17.58,0.00,12.09,0.00,0.00,4.40,0.00,0.00,0.00,65.93
10:39:28,13,15.05,0.00,16.13,0.00,0.00,4.30,0.00,0.00,0.00,64.52
10:39:28,14,16.67,0.00,13.54,0.00,0.00,5.21,0.00,0.00,0.00,64.58
10:39:28,15,14.74,0.00,13.68,0.00,0.00,4.21,0.00,0.00,0.00,67.37
10:39:29,4,16.49,0.00,11.34,0.00,0.00,5.15,0.00,0.00,0.00,67.01
10:39:29,5,16.67,0.00,12.50,0.00,0.00,5.21,0.00,0.00,0.00,65.62
10:39:29,6,14.29,0.00,12.09,0.00,0.00,5.49,0.00,0.00,0.00,68.13
10:39:29,7,12.77,0.00,11.70,0.00,0.00,6.38,0.00,0.00,0.00,69.15
10:39:29,12,15.05,0.00,11.83,0.00,0.00,3.23,0.00,0.00,0.00,69.89
10:39:29,13,17.20,0.00,11.83,0.00,0.00,4.30,0.00,0.00,0.00,66.67
10:39:29,14,14.13,0.00,13.04,0.00,0.00,4.35,0.00,0.00,0.00,68.48
10:39:29,15,10.99,0.00,13.19,0.00,0.00,4.40,0.00,0.00,0.00,71.43
10:39:30,4,13.98,0.00,12.90,0.00,0.00,4.30,0.00,0.00,0.00,68.82
10:39:30,5,15.62,0.00,13.54,0.00,0.00,4.17,0.00,0.00,0.00,66.67
10:39:30,6,15.22,0.00,10.87,0.00,0.00,3.26,0.00,0.00,0.00,70.65
10:39:30,7,10.75,0.00,10.75,0.00,0.00,5.38,0.00,0.00,0.00,73.12
10:39:30,12,13.04,0.00,13.04,0.00,0.00,4.35,0.00,0.00,0.00,69.57
10:39:30,13,16.67,0.00,13.54,0.00,0.00,6.25,0.00,0.00,0.00,63.54
10:39:30,14,15.38,0.00,12.09,0.00,0.00,4.40,0.00,0.00,0.00,68.13
10:39:30,15,15.62,0.00,12.50,0.00,0.00,4.17,0.00,0.00,0.00,67.71
10:39:31,4,14.13,0.00,11.96,0.00,0.00,3.26,0.00,0.00,0.00,70.65
10:39:31,5,14.44,0.00,10.00,0.00,0.00,4.44,0.00,0.00,0.00,71.11
10:39:31,6,16.13,0.00,11.83,0.00,0.00,4.30,0.00,0.00,0.00,67.74
10:39:31,7,13.83,0.00,12.77,0.00,0.00,4.26,0.00,0.00,0.00,69.15
10:39:31,12,15.22,0.00,11.96,0.00,0.00,4.35,0.00,0.00,0.00,68.48
10:39:31,13,14.89,0.00,10.64,0.00,0.00,6.38,0.00,0.00,0.00,68.09
10:39:31,14,14.13,0.00,13.04,1.09,0.00,4.35,0.00,0.00,0.00,67.39
10:39:31,15,13.98,0.00,10.75,1.08,0.00,4.30,0.00,0.00,0.00,69.89
10:39:32,4,16.13,0.00,11.83,0.00,0.00,5.38,0.00,0.00,0.00,66.67
10:39:32,5,15.96,0.00,13.83,0.00,0.00,2.13,0.00,0.00,0.00,68.09
10:39:32,6,14.89,0.00,12.77,0.00,0.00,4.26,0.00,0.00,0.00,68.09
10:39:32,7,13.04,0.00,11.96,0.00,0.00,5.43,0.00,0.00,0.00,69.57
10:39:32,12,13.19,0.00,12.09,0.00,0.00,3.30,0.00,0.00,0.00,71.43
10:39:32,13,16.84,0.00,12.63,0.00,0.00,4.21,0.00,0.00,0.00,66.32
10:39:32,14,13.98,0.00,11.83,0.00,0.00,4.30,0.00,0.00,0.00,69.89
10:39:32,15,12.77,0.00,11.70,0.00,0.00,5.32,0.00,0.00,0.00,70.21
10:39:33,4,17.20,0.00,13.98,0.00,0.00,5.38,0.00,0.00,0.00,63.44
10:39:33,5,14.58,0.00,15.62,0.00,0.00,5.21,0.00,0.00,0.00,64.58
10:39:33,6,17.20,0.00,11.83,0.00,0.00,4.30,0.00,0.00,0.00,66.67
10:39:33,7,13.98,0.00,10.75,0.00,0.00,4.30,0.00,0.00,0.00,70.97
10:39:33,12,17.20,0.00,15.05,0.00,0.00,5.38,0.00,0.00,0.00,62.37
10:39:33,13,15.96,0.00,13.83,0.00,0.00,4.26,0.00,0.00,0.00,65.96
10:39:33,14,15.38,0.00,12.09,0.00,0.00,4.40,0.00,0.00,0.00,68.13
10:39:33,15,16.33,0.00,12.24,0.00,0.00,5.10,0.00,0.00,0.00,66.33
10:39:34,4,16.67,0.00,10.00,0.00,0.00,4.44,0.00,0.00,0.00,68.89
10:39:34,5,14.13,0.00,13.04,0.00,0.00,5.43,0.00,0.00,0.00,67.39
10:39:34,6,15.79,0.00,12.63,0.00,0.00,5.26,0.00,0.00,0.00,66.32
10:39:34,7,12.90,0.00,12.90,0.00,0.00,5.38,0.00,0.00,0.00,68.82
10:39:34,12,15.38,0.00,12.09,0.00,0.00,4.40,0.00,0.00,0.00,68.13
10:39:34,13,18.28,0.00,15.05,0.00,0.00,4.30,0.00,0.00,0.00,62.37
10:39:34,14,14.58,0.00,14.58,0.00,0.00,5.21,0.00,0.00,0.00,65.62
10:39:34,15,15.79,0.00,13.68,0.00,0.00,4.21,0.00,0.00,0.00,66.32
10:39:35,4,14.29,0.00,10.99,0.00,0.00,4.40,0.00,0.00,0.00,70.33
10:39:35,5,16.13,0.00,12.90,0.00,0.00,3.23,0.00,0.00,0.00,67.74
10:39:35,6,16.13,0.00,12.90,0.00,0.00,3.23,0.00,0.00,0.00,67.74
10:39:35,7,13.83,0.00,11.70,0.00,0.00,4.26,0.00,0.00,0.00,70.21
10:39:35,12,14.29,0.00,12.09,0.00,0.00,3.30,0.00,0.00,0.00,70.33
10:39:35,13,14.89,0.00,13.83,0.00,0.00,4.26,0.00,0.00,0.00,67.02
10:39:35,14,17.39,0.00,11.96,0.00,0.00,4.35,0.00,0.00,0.00,66.30
10:39:35,15,16.33,0.00,12.24,0.00,0.00,5.10,0.00,0.00,0.00,66.33
10:39:36,4,14.58,0.00,13.54,0.00,0.00,5.21,0.00,0.00,0.00,66.67
10:39:36,5,15.79,0.00,12.63,1.05,0.00,5.26,0.00,0.00,0.00,65.26
10:39:36,6,16.13,0.00,11.83,0.00,0.00,4.30,0.00,0.00,0.00,67.74
10:39:36,7,15.05,0.00,9.68,0.00,0.00,5.38,0.00,0.00,0.00,69.89
10:39:36,12,15.38,0.00,9.89,0.00,0.00,4.40,0.00,0.00,0.00,70.33
10:39:36,13,14.13,0.00,11.96,0.00,0.00,4.35,0.00,0.00,0.00,69.57
10:39:36,14,13.98,0.00,13.98,0.00,0.00,4.30,0.00,0.00,0.00,67.74
10:39:36,15,14.13,0.00,11.96,0.00,0.00,5.43,0.00,0.00,0.00,68.48
10:39:37,4,18.68,0.00,13.19,0.00,0.00,3.30,0.00,0.00,0.00,64.84
10:39:37,5,16.13,0.00,12.90,0.00,0.00,4.30,0.00,0.00,0.00,66.67
10:39:37,6,15.79,0.00,12.63,0.00,0.00,5.26,0.00,0.00,0.00,66.32
10:39:37,7,13.83,0.00,9.57,0.00,0.00,5.32,0.00,0.00,0.00,71.28
10:39:37,12,18.09,0.00,12.77,0.00,0.00,4.26,0.00,0.00,0.00,64.89
10:39:37,13,16.67,0.00,12.50,0.00,0.00,6.25,0.00,0.00,0.00,64.58
10:39:37,14,14.13,0.00,13.04,0.00,0.00,4.35,0.00,0.00,0.00,68.48
10:39:37,15,11.96,0.00,10.87,0.00,0.00,4.35,0.00,0.00,0.00,72.83
10:39:38,4,16.13,0.00,12.90,0.00,0.00,4.30,0.00,0.00,0.00,66.67
10:39:38,5,17.20,0.00,13.98,0.00,0.00,3.23,0.00,0.00,0.00,65.59
10:39:38,6,17.02,0.00,14.89,0.00,0.00,4.26,0.00,0.00,0.00,63.83
10:39:38,7,14.89,0.00,12.77,0.00,0.00,4.26,0.00,0.00,0.00,68.09
10:39:38,12,15.05,0.00,12.90,0.00,0.00,4.30,0.00,0.00,0.00,67.74
10:39:38,13,14.89,0.00,12.77,0.00,0.00,5.32,0.00,0.00,0.00,67.02
10:39:38,14,14.13,0.00,13.04,0.00,0.00,5.43,0.00,0.00,0.00,67.39
10:39:38,15,13.04,0.00,13.04,0.00,0.00,3.26,0.00,0.00,0.00,70.65
10:39:39,4,14.29,0.00,10.99,0.00,0.00,4.40,0.00,0.00,0.00,70.33
10:39:39,5,15.96,0.00,11.70,0.00,0.00,5.32,0.00,0.00,0.00,67.02
10:39:39,6,15.05,0.00,11.83,0.00,0.00,4.30,0.00,0.00,0.00,68.82
10:39:39,7,13.04,0.00,9.78,0.00,0.00,4.35,0.00,0.00,0.00,72.83
10:39:39,12,15.56,0.00,11.11,0.00,0.00,5.56,0.00,0.00,0.00,67.78
10:39:39,13,14.13,0.00,13.04,0.00,0.00,4.35,0.00,0.00,0.00,68.48
10:39:39,14,15.05,0.00,15.05,0.00,0.00,3.23,0.00,0.00,0.00,66.67
10:39:39,15,12.90,0.00,10.75,0.00,0.00,5.38,0.00,0.00,0.00,70.97
10:39:40,4,16.13,0.00,12.90,0.00,0.00,4.30,0.00,0.00,0.00,66.67
10:39:40,5,15.22,0.00,14.13,0.00,0.00,5.43,0.00,0.00,0.00,65.22
10:39:40,6,12.90,0.00,13.98,0.00,0.00,6.45,0.00,0.00,0.00,66.67
10:39:40,7,13.54,0.00,11.46,0.00,0.00,5.21,0.00,0.00,0.00,69.79
10:39:40,12,13.19,0.00,12.09,0.00,0.00,4.40,0.00,0.00,0.00,70.33
10:39:40,13,16.49,0.00,13.40,0.00,0.00,5.15,0.00,0.00,0.00,64.95
10:39:40,14,13.83,0.00,12.77,0.00,0.00,5.32,0.00,0.00,0.00,68.09
10:39:40,15,14.89,0.00,10.64,0.00,0.00,3.19,0.00,0.00,0.00,71.28
10:39:41,4,14.13,0.00,10.87,0.00,0.00,5.43,0.00,0.00,0.00,69.57
10:39:41,5,16.13,0.00,11.83,1.08,0.00,4.30,0.00,0.00,0.00,66.67
10:39:41,6,15.96,0.00,10.64,0.00,0.00,5.32,0.00,0.00,0.00,68.09
10:39:41,7,12.90,0.00,10.75,0.00,0.00,4.30,0.00,0.00,0.00,72.04
10:39:41,12,15.46,0.00,14.43,0.00,0.00,4.12,0.00,0.00,0.00,65.98
10:39:41,13,14.61,0.00,12.36,0.00,0.00,3.37,0.00,0.00,0.00,69.66
10:39:41,14,13.19,0.00,14.29,0.00,0.00,4.40,0.00,0.00,0.00,68.13
10:39:41,15,15.79,0.00,10.53,0.00,0.00,5.26,0.00,0.00,0.00,68.42
10:39:42,4,17.20,0.00,10.75,0.00,0.00,3.23,0.00,0.00,0.00,68.82
10:39:42,5,13.64,0.00,14.77,0.00,0.00,3.41,0.00,0.00,0.00,68.18
10:39:42,6,13.83,0.00,14.89,0.00,0.00,4.26,0.00,0.00,0.00,67.02
10:39:42,7,11.58,0.00,14.74,0.00,0.00,4.21,0.00,0.00,0.00,69.47
10:39:42,12,15.22,0.00,10.87,0.00,0.00,4.35,0.00,0.00,0.00,69.57
10:39:42,13,13.98,0.00,12.90,0.00,0.00,5.38,0.00,0.00,0.00,67.74
10:39:42,14,14.61,0.00,12.36,0.00,0.00,3.37,0.00,0.00,0.00,69.66
10:39:42,15,13.98,0.00,11.83,0.00,0.00,4.30,0.00,0.00,0.00,69.89
10:39:43,4,12.90,0.00,16.13,0.00,0.00,4.30,0.00,0.00,0.00,66.67
10:39:43,5,18.75,0.00,10.42,0.00,0.00,5.21,0.00,0.00,0.00,65.62
10:39:43,6,15.05,0.00,12.90,0.00,0.00,5.38,0.00,0.00,0.00,66.67
10:39:43,7,14.13,0.00,9.78,0.00,0.00,4.35,0.00,0.00,0.00,71.74
10:39:43,12,14.74,0.00,12.63,0.00,0.00,4.21,0.00,0.00,0.00,68.42
10:39:43,13,17.20,0.00,12.90,0.00,0.00,5.38,0.00,0.00,0.00,64.52
10:39:43,14,16.13,0.00,12.90,0.00,0.00,5.38,0.00,0.00,0.00,65.59
10:39:43,15,14.74,0.00,12.63,0.00,0.00,4.21,0.00,0.00,0.00,68.42
10:39:44,4,16.30,0.00,11.96,0.00,0.00,5.43,0.00,0.00,0.00,66.30
10:39:44,5,14.29,0.00,12.09,0.00,0.00,4.40,0.00,0.00,0.00,69.23
10:39:44,6,15.96,0.00,12.77,0.00,0.00,4.26,0.00,0.00,0.00,67.02
10:39:44,7,12.77,0.00,11.70,0.00,0.00,4.26,0.00,0.00,0.00,71.28
10:39:44,12,15.05,0.00,10.75,0.00,0.00,4.30,0.00,0.00,0.00,69.89
10:39:44,13,12.09,0.00,14.29,0.00,0.00,5.49,0.00,0.00,0.00,68.13
10:39:44,14,15.79,0.00,12.63,0.00,0.00,4.21,0.00,0.00,0.00,67.37
10:39:44,15,11.96,0.00,10.87,0.00,0.00,4.35,0.00,0.00,0.00,72.83
10:39:45,4,15.62,0.00,12.50,0.00,0.00,5.21,0.00,0.00,0.00,66.67
10:39:45,5,13.98,0.00,12.90,0.00,0.00,4.30,0.00,0.00,0.00,68.82
10:39:45,6,14.89,0.00,13.83,0.00,0.00,4.26,0.00,0.00,0.00,67.02
10:39:45,7,14.74,0.00,9.47,0.00,0.00,4.21,0.00,0.00,0.00,71.58
10:39:45,12,16.13,0.00,12.90,0.00,0.00,5.38,0.00,0.00,0.00,65.59
10:39:45,13,14.13,0.00,11.96,0.00,0.00,4.35,0.00,0.00,0.00,69.57
10:39:45,14,14.89,0.00,11.70,0.00,0.00,5.32,0.00,0.00,0.00,68.09
10:39:45,15,12.50,0.00,13.54,0.00,0.00,4.17,0.00,0.00,0.00,69.79
10:39:46,4,15.22,0.00,13.04,0.00,0.00,5.43,0.00,0.00,0.00,66.30
10:39:46,5,14.89,0.00,11.70,0.00,0.00,5.32,0.00,0.00,0.00,68.09
10:39:46,6,16.30,0.00,11.96,0.00,0.00,4.35,0.00,0.00,0.00,67.39
10:39:46,7,12.77,0.00,12.77,0.00,0.00,4.26,0.00,0.00,0.00,70.21
10:39:46,12,13.98,0.00,12.90,0.00,0.00,3.23,0.00,0.00,0.00,69.89
10:39:46,13,13.98,0.00,13.98,0.00,0.00,4.30,0.00,0.00,0.00,67.74
10:39:46,14,14.89,0.00,12.77,0.00,0.00,4.26,0.00,0.00,0.00,68.09
10:39:46,15,14.13,0.00,9.78,0.00,0.00,3.26,0.00,0.00,0.00,72.83
10:39:47,4,16.67,0.00,8.89,0.00,0.00,2.22,0.00,0.00,0.00,72.22
10:39:47,5,15.38,0.00,14.29,0.00,0.00,4.40,0.00,0.00,0.00,65.93
10:39:47,6,14.89,0.00,12.77,0.00,0.00,4.26,0.00,0.00,0.00,68.09
10:39:47,7,14.29,0.00,10.99,0.00,0.00,3.30,0.00,0.00,0.00,71.43
10:39:47,12,15.96,0.00,11.70,0.00,0.00,4.26,0.00,0.00,0.00,68.09
10:39:47,13,16.30,0.00,13.04,0.00,0.00,3.26,0.00,0.00,0.00,67.39
10:39:47,14,13.98,0.00,13.98,0.00,0.00,4.30,0.00,0.00,0.00,67.74
10:39:47,15,12.90,0.00,11.83,0.00,0.00,3.23,0.00,0.00,0.00,72.04
10:39:48,4,17.02,0.00,11.70,0.00,0.00,5.32,0.00,0.00,0.00,65.96
10:39:48,5,17.20,0.00,13.98,0.00,0.00,4.30,0.00,0.00,0.00,64.52
10:39:48,6,14.89,0.00,13.83,0.00,0.00,5.32,0.00,0.00,0.00,65.96
10:39:48,7,14.13,0.00,9.78,0.00,0.00,5.43,0.00,0.00,0.00,70.65
10:39:48,12,16.67,0.00,12.22,0.00,0.00,5.56,0.00,0.00,0.00,65.56
10:39:48,13,16.13,0.00,12.90,0.00,0.00,5.38,0.00,0.00,0.00,65.59
10:39:48,14,14.89,0.00,13.83,0.00,0.00,5.32,0.00,0.00,0.00,65.96
10:39:48,15,16.13,0.00,9.68,0.00,0.00,3.23,0.00,0.00,0.00,70.97
10:39:49,4,16.13,0.00,12.90,0.00,0.00,5.38,0.00,0.00,0.00,65.59
10:39:49,5,17.20,0.00,13.98,0.00,0.00,4.30,0.00,0.00,0.00,64.52
10:39:49,6,14.89,0.00,13.83,0.00,0.00,4.26,0.00,0.00,0.00,67.02
10:39:49,7,14.58,0.00,11.46,0.00,0.00,4.17,0.00,0.00,0.00,69.79
10:39:49,12,16.13,0.00,11.83,0.00,0.00,6.45,0.00,0.00,0.00,65.59
10:39:49,13,16.48,0.00,12.09,0.00,0.00,3.30,0.00,0.00,0.00,68.13
10:39:49,14,15.05,0.00,13.98,0.00,0.00,4.30,0.00,0.00,0.00,66.67
10:39:49,15,14.58,0.00,12.50,0.00,0.00,3.12,0.00,0.00,0.00,69.79
10:39:50,4,15.22,0.00,9.78,0.00,0.00,4.35,0.00,0.00,0.00,70.65
10:39:50,5,14.29,0.00,12.09,0.00,0.00,4.40,0.00,0.00,0.00,69.23
10:39:50,6,14.13,0.00,13.04,0.00,0.00,4.35,0.00,0.00,0.00,68.48
10:39:50,7,10.87,0.00,11.96,0.00,0.00,5.43,0.00,0.00,0.00,71.74
10:39:50,12,13.98,0.00,11.83,0.00,0.00,5.38,0.00,0.00,0.00,68.82
10:39:50,13,15.22,0.00,10.87,0.00,0.00,5.43,0.00,0.00,0.00,68.48
10:39:50,14,15.05,0.00,11.83,0.00,0.00,4.30,0.00,0.00,0.00,68.82
10:39:50,15,14.13,0.00,9.78,0.00,0.00,4.35,0.00,0.00,0.00,71.74
10:39:51,4,15.38,0.00,12.09,1.10,0.00,3.30,0.00,0.00,0.00,68.13
10:39:51,5,15.96,0.00,11.70,0.00,0.00,5.32,0.00,0.00,0.00,67.02
10:39:51,6,13.19,0.00,12.09,0.00,0.00,5.49,0.00,0.00,0.00,69.23
10:39:51,7,13.83,0.00,11.70,0.00,0.00,5.32,0.00,0.00,0.00,69.15
10:39:51,12,15.22,0.00,10.87,1.09,0.00,4.35,0.00,0.00,0.00,68.48
10:39:51,13,14.13,0.00,11.96,0.00,0.00,4.35,0.00,0.00,0.00,69.57
10:39:51,14,12.77,0.00,13.83,0.00,0.00,4.26,0.00,0.00,0.00,69.15
10:39:51,15,13.19,0.00,10.99,0.00,0.00,4.40,0.00,0.00,0.00,71.43
10:39:52,4,15.38,0.00,10.99,0.00,0.00,3.30,0.00,0.00,0.00,70.33
10:39:52,5,15.05,0.00,12.90,0.00,0.00,3.23,0.00,0.00,0.00,68.82
10:39:52,6,13.83,0.00,13.83,0.00,0.00,4.26,0.00,0.00,0.00,68.09
10:39:52,7,13.98,0.00,11.83,0.00,0.00,4.30,0.00,0.00,0.00,69.89
10:39:52,12,14.74,0.00,12.63,0.00,0.00,5.26,0.00,0.00,0.00,67.37
10:39:52,13,13.33,0.00,12.22,0.00,0.00,3.33,0.00,0.00,0.00,71.11
10:39:52,14,15.96,0.00,11.70,0.00,0.00,4.26,0.00,0.00,0.00,68.09
10:39:52,15,13.19,0.00,12.09,0.00,0.00,4.40,0.00,0.00,0.00,70.33
10:39:53,4,17.20,0.00,11.83,0.00,0.00,4.30,0.00,0.00,0.00,66.67
10:39:53,5,18.28,0.00,11.83,0.00,0.00,5.38,0.00,0.00,0.00,64.52
10:39:53,6,15.96,0.00,11.70,0.00,0.00,5.32,0.00,0.00,0.00,67.02
10:39:53,7,15.62,0.00,11.46,0.00,0.00,5.21,0.00,0.00,0.00,67.71
10:39:53,12,15.96,0.00,14.89,0.00,0.00,3.19,0.00,0.00,0.00,65.96
10:39:53,13,18.28,0.00,12.90,0.00,0.00,4.30,0.00,0.00,0.00,64.52
10:39:53,14,15.38,0.00,12.09,0.00,0.00,4.40,0.00,0.00,0.00,68.13
10:39:53,15,14.89,0.00,13.83,0.00,0.00,3.19,0.00,0.00,0.00,68.09
10:39:54,4,15.05,0.00,11.83,0.00,0.00,4.30,0.00,0.00,0.00,68.82
10:39:54,5,12.90,0.00,12.90,0.00,0.00,5.38,0.00,0.00,0.00,68.82
10:39:54,6,14.29,0.00,12.09,0.00,0.00,5.49,0.00,0.00,0.00,68.13
10:39:54,7,14.89,0.00,11.70,0.00,0.00,5.32,0.00,0.00,0.00,68.09
10:39:54,12,12.90,0.00,13.98,0.00,0.00,6.45,0.00,0.00,0.00,66.67
10:39:54,13,16.30,0.00,9.78,0.00,0.00,4.35,0.00,0.00,0.00,69.57
10:39:54,14,13.04,0.00,13.04,0.00,0.00,5.43,0.00,0.00,0.00,68.48
10:39:54,15,13.68,0.00,12.63,0.00,0.00,5.26,0.00,0.00,0.00,68.42
10:39:55,4,15.62,0.00,14.58,0.00,0.00,3.12,0.00,0.00,0.00,66.67
10:39:55,5,13.33,0.00,14.44,0.00,0.00,4.44,0.00,0.00,0.00,67.78
10:39:55,6,15.05,0.00,11.83,0.00,0.00,5.38,0.00,0.00,0.00,67.74
10:39:55,7,15.31,0.00,11.22,0.00,0.00,6.12,0.00,0.00,0.00,67.35
10:39:55,12,13.04,0.00,11.96,0.00,0.00,5.43,0.00,0.00,0.00,69.57
10:39:55,13,15.05,0.00,11.83,0.00,0.00,4.30,0.00,0.00,0.00,68.82
10:39:55,14,13.83,0.00,12.77,0.00,0.00,5.32,0.00,0.00,0.00,68.09
10:39:55,15,13.98,0.00,10.75,0.00,0.00,4.30,0.00,0.00,0.00,70.97
10:39:56,4,14.89,0.00,11.70,0.00,0.00,5.32,0.00,0.00,0.00,68.09
10:39:56,5,16.30,0.00,14.13,0.00,0.00,5.43,0.00,0.00,0.00,64.13
10:39:56,6,14.44,0.00,12.22,0.00,0.00,4.44,0.00,0.00,0.00,68.89
10:39:56,7,12.90,0.00,12.90,0.00,0.00,3.23,0.00,0.00,0.00,70.97
10:39:56,12,14.44,0.00,13.33,0.00,0.00,4.44,0.00,0.00,0.00,67.78
10:39:56,13,18.48,0.00,10.87,0.00,0.00,5.43,0.00,0.00,0.00,65.22
10:39:56,14,16.48,0.00,9.89,0.00,0.00,5.49,0.00,0.00,0.00,68.13
10:39:56,15,11.83,0.00,11.83,0.00,0.00,6.45,0.00,0.00,0.00,69.89
10:39:57,4,15.05,0.00,13.98,0.00,0.00,4.30,0.00,0.00,0.00,66.67
10:39:57,5,14.44,0.00,12.22,0.00,0.00,5.56,0.00,0.00,0.00,67.78
10:39:57,6,15.96,0.00,11.70,0.00,0.00,5.32,0.00,0.00,0.00,67.02
10:39:57,7,12.09,0.00,10.99,0.00,0.00,4.40,0.00,0.00,0.00,72.53
10:39:57,12,15.38,0.00,12.09,0.00,0.00,3.30,0.00,0.00,0.00,69.23
10:39:57,13,15.38,0.00,12.09,0.00,0.00,3.30,0.00,0.00,0.00,69.23
10:39:57,14,13.83,0.00,15.96,0.00,0.00,5.32,0.00,0.00,0.00,64.89
10:39:57,15,15.62,0.00,11.46,0.00,0.00,4.17,0.00,0.00,0.00,68.75
10:39:58,4,13.33,0.00,11.11,0.00,0.00,6.67,0.00,0.00,0.00,68.89
10:39:58,5,17.53,0.00,13.40,0.00,0.00,5.15,0.00,0.00,0.00,63.92
10:39:58,6,13.83,0.00,12.77,0.00,0.00,4.26,0.00,0.00,0.00,69.15
10:39:58,7,12.77,0.00,11.70,0.00,0.00,6.38,0.00,0.00,0.00,69.15
10:39:58,12,14.74,0.00,12.63,0.00,0.00,5.26,0.00,0.00,0.00,67.37
10:39:58,13,15.79,0.00,11.58,0.00,0.00,5.26,0.00,0.00,0.00,67.37
10:39:58,14,17.02,0.00,11.70,0.00,0.00,5.32,0.00,0.00,0.00,65.96
10:39:58,15,13.68,0.00,12.63,0.00,0.00,5.26,0.00,0.00,0.00,68.42
10:39:59,4,16.13,0.00,16.13,0.00,0.00,4.30,0.00,0.00,0.00,63.44
10:39:59,5,16.13,0.00,13.98,0.00,0.00,4.30,0.00,0.00,0.00,65.59
10:39:59,6,15.05,0.00,12.90,0.00,0.00,5.38,0.00,0.00,0.00,66.67
10:39:59,7,13.04,0.00,11.96,0.00,0.00,5.43,0.00,0.00,0.00,69.57
10:39:59,12,15.22,0.00,13.04,0.00,0.00,5.43,0.00,0.00,0.00,66.30
10:39:59,13,15.22,0.00,13.04,0.00,0.00,4.35,0.00,0.00,0.00,67.39
10:39:59,14,17.71,0.00,13.54,0.00,0.00,5.21,0.00,0.00,0.00,63.54
10:39:59,15,13.98,0.00,11.83,0.00,0.00,5.38,0.00,0.00,0.00,68.82
10:40:00,4,16.30,0.00,13.04,0.00,0.00,2.17,0.00,0.00,0.00,68.48
10:40:00,5,14.13,0.00,14.13,0.00,0.00,5.43,0.00,0.00,0.00,66.30
10:40:00,6,13.19,0.00,12.09,0.00,0.00,4.40,0.00,0.00,0.00,70.33
10:40:00,7,13.04,0.00,10.87,0.00,0.00,4.35,0.00,0.00,0.00,71.74
10:40:00,12,14.29,0.00,14.29,0.00,0.00,4.40,0.00,0.00,0.00,67.03
10:40:00,13,16.13,0.00,12.90,0.00,0.00,4.30,0.00,0.00,0.00,66.67
10:40:00,14,15.79,0.00,12.63,0.00,0.00,5.26,0.00,0.00,0.00,66.32
10:40:00,15,13.98,0.00,11.83,0.00,0.00,5.38,0.00,0.00,0.00,68.82
10:40:01,4,16.48,0.00,14.29,0.00,0.00,3.30,0.00,0.00,0.00,65.93
10:40:01,5,14.89,0.00,17.02,0.00,0.00,5.32,0.00,0.00,0.00,62.77
10:40:01,6,15.05,0.00,13.98,0.00,0.00,4.30,0.00,0.00,0.00,66.67
10:40:01,7,13.40,0.00,14.43,0.00,0.00,5.15,0.00,0.00,0.00,67.01
10:40:01,12,15.79,0.00,12.63,0.00,0.00,5.26,0.00,0.00,0.00,66.32
10:40:01,13,15.22,0.00,13.04,0.00,0.00,4.35,0.00,0.00,0.00,67.39
10:40:01,14,13.98,0.00,11.83,0.00,0.00,4.30,0.00,0.00,0.00,69.89
10:40:01,15,13.98,0.00,10.75,0.00,0.00,4.30,0.00,0.00,0.00,70.97
10:40:02,4,16.30,0.00,11.96,0.00,0.00,4.35,0.00,0.00,0.00,67.39
10:40:02,5,14.29,0.00,12.09,0.00,0.00,4.40,0.00,0.00,0.00,69.23
10:40:02,6,16.84,0.00,11.58,0.00,0.00,4.21,0.00,0.00,0.00,67.37
10:40:02,7,14.13,0.00,10.87,0.00,0.00,4.35,0.00,0.00,0.00,70.65
10:40:02,12,13.19,0.00,12.09,0.00,0.00,5.49,0.00,0.00,0.00,69.23
10:40:02,13,15.05,0.00,16.13,0.00,0.00,5.38,0.00,0.00,0.00,63.44
10:40:02,14,15.05,0.00,12.90,0.00,0.00,5.38,0.00,0.00,0.00,66.67
10:40:02,15,13.83,0.00,11.70,0.00,0.00,6.38,0.00,0.00,0.00,68.09
10:40:03,4,14.89,0.00,12.77,0.00,0.00,4.26,0.00,0.00,0.00,68.09
10:40:03,5,17.20,0.00,12.90,0.00,0.00,4.30,0.00,0.00,0.00,65.59
10:40:03,6,12.50,0.00,15.62,0.00,0.00,5.21,0.00,0.00,0.00,66.67
10:40:03,7,11.83,0.00,10.75,0.00,0.00,5.38,0.00,0.00,0.00,72.04
10:40:03,12,15.05,0.00,13.98,0.00,0.00,5.38,0.00,0.00,0.00,65.59
10:40:03,13,14.89,0.00,14.89,0.00,0.00,6.38,0.00,0.00,0.00,63.83
10:40:03,14,15.96,0.00,14.89,0.00,0.00,3.19,0.00,0.00,0.00,65.96
10:40:03,15,11.83,0.00,13.98,0.00,0.00,3.23,0.00,0.00,0.00,70.97
10:40:04,4,17.89,0.00,14.74,0.00,0.00,5.26,0.00,0.00,0.00,62.11
10:40:04,5,17.20,0.00,12.90,0.00,0.00,5.38,0.00,0.00,0.00,64.52
10:40:04,6,16.30,0.00,11.96,0.00,0.00,4.35,0.00,0.00,0.00,67.39
10:40:04,7,12.22,0.00,12.22,0.00,0.00,4.44,0.00,0.00,0.00,71.11
10:40:04,12,15.96,0.00,14.89,0.00,0.00,5.32,0.00,0.00,0.00,63.83
10:40:04,13,16.30,0.00,15.22,0.00,0.00,4.35,0.00,0.00,0.00,64.13
10:40:04,14,18.28,0.00,12.90,0.00,0.00,4.30,0.00,0.00,0.00,64.52
10:40:04,15,15.05,0.00,10.75,0.00,0.00,5.38,0.00,0.00,0.00,68.82
10:40:05,4,15.96,0.00,10.64,0.00,0.00,5.32,0.00,0.00,0.00,68.09
10:40:05,5,16.48,0.00,13.19,0.00,0.00,4.40,0.00,0.00,0.00,65.93
10:40:05,6,16.30,0.00,13.04,0.00,0.00,4.35,0.00,0.00,0.00,66.30
10:40:05,7,14.74,0.00,10.53,0.00,0.00,5.26,0.00,0.00,0.00,69.47
10:40:05,12,16.13,0.00,12.90,0.00,0.00,6.45,0.00,0.00,0.00,64.52
10:40:05,13,12.77,0.00,13.83,0.00,0.00,6.38,0.00,0.00,0.00,67.02
10:40:05,14,15.05,0.00,11.83,0.00,0.00,5.38,0.00,0.00,0.00,67.74
10:40:05,15,14.74,0.00,10.53,0.00,0.00,5.26,0.00,0.00,0.00,69.47
10:40:06,4,16.84,0.00,11.58,0.00,0.00,4.21,0.00,0.00,0.00,67.37
10:40:06,5,14.74,0.00,14.74,0.00,0.00,5.26,0.00,0.00,0.00,65.26
10:40:06,6,13.98,0.00,13.98,0.00,0.00,5.38,0.00,0.00,0.00,66.67
10:40:06,7,13.04,0.00,11.96,0.00,0.00,4.35,0.00,0.00,0.00,70.65
10:40:06,12,12.90,0.00,13.98,0.00,0.00,4.30,0.00,0.00,0.00,68.82
10:40:06,13,15.73,0.00,13.48,0.00,0.00,4.49,0.00,0.00,0.00,66.29
10:40:06,14,13.04,0.00,14.13,0.00,0.00,5.43,0.00,0.00,0.00,67.39
10:40:06,15,15.62,0.00,12.50,0.00,0.00,5.21,0.00,0.00,0.00,66.67
10:40:07,4,16.30,0.00,13.04,0.00,0.00,4.35,0.00,0.00,0.00,66.30
10:40:07,5,17.02,0.00,13.83,0.00,0.00,5.32,0.00,0.00,0.00,63.83
10:40:07,6,15.05,0.00,12.90,0.00,0.00,4.30,0.00,0.00,0.00,67.74
10:40:07,7,12.36,0.00,12.36,0.00,0.00,3.37,0.00,0.00,0.00,71.91
10:40:07,12,14.29,0.00,12.09,0.00,0.00,4.40,0.00,0.00,0.00,69.23
10:40:07,13,15.96,0.00,12.77,0.00,0.00,4.26,0.00,0.00,0.00,67.02
10:40:07,14,13.83,0.00,12.77,0.00,0.00,5.32,0.00,0.00,0.00,68.09
10:40:07,15,14.89,0.00,10.64,0.00,0.00,4.26,0.00,0.00,0.00,70.21
10:40:08,4,16.30,0.00,9.78,0.00,0.00,5.43,0.00,0.00,0.00,68.48
10:40:08,5,15.96,0.00,14.89,0.00,0.00,5.32,0.00,0.00,0.00,63.83
10:40:08,6,15.05,0.00,11.83,0.00,0.00,5.38,0.00,0.00,0.00,67.74
10:40:08,7,15.05,0.00,10.75,0.00,0.00,5.38,0.00,0.00,0.00,68.82
10:40:08,12,16.13,0.00,11.83,0.00,0.00,5.38,0.00,0.00,0.00,66.67
10:40:08,13,14.29,0.00,10.99,0.00,0.00,5.49,0.00,0.00,0.00,69.23
10:40:08,14,14.13,0.00,11.96,0.00,0.00,5.43,0.00,0.00,0.00,68.48
10:40:08,15,12.77,0.00,13.83,0.00,0.00,4.26,0.00,0.00,0.00,69.15
10:40:09,4,15.05,0.00,12.90,0.00,0.00,5.38,0.00,0.00,0.00,66.67
10:40:09,5,17.58,0.00,14.29,0.00,0.00,5.49,0.00,0.00,0.00,62.64
10:40:09,6,15.05,0.00,13.98,0.00,0.00,5.38,0.00,0.00,0.00,65.59
10:40:09,7,13.04,0.00,13.04,0.00,0.00,4.35,0.00,0.00,0.00,69.57
10:40:09,12,13.83,0.00,14.89,0.00,0.00,5.32,0.00,0.00,0.00,65.96
10:40:09,13,19.35,0.00,15.05,0.00,0.00,4.30,0.00,0.00,0.00,61.29
10:40:09,14,13.98,0.00,15.05,0.00,0.00,5.38,0.00,0.00,0.00,65.59
10:40:09,15,14.58,0.00,13.54,0.00,0.00,5.21,0.00,0.00,0.00,66.67
10:40:10,4,13.04,0.00,15.22,0.00,0.00,4.35,0.00,0.00,0.00,67.39
10:40:10,5,13.33,0.00,12.22,0.00,0.00,6.67,0.00,0.00,0.00,67.78
10:40:10,6,15.05,0.00,12.90,0.00,0.00,5.38,0.00,0.00,0.00,66.67
10:40:10,7,10.75,0.00,12.90,0.00,0.00,4.30,0.00,0.00,0.00,72.04
10:40:10,12,16.67,0.00,13.33,0.00,0.00,3.33,0.00,0.00,0.00,66.67
10:40:10,13,16.13,0.00,11.83,0.00,0.00,5.38,0.00,0.00,0.00,66.67
10:40:10,14,14.74,0.00,14.74,0.00,0.00,5.26,0.00,0.00,0.00,65.26
10:40:10,15,12.90,0.00,10.75,0.00,0.00,5.38,0.00,0.00,0.00,70.97
10:40:11,4,15.22,0.00,13.04,0.00,0.00,4.35,0.00,0.00,0.00,67.39
10:40:11,5,15.22,0.00,10.87,1.09,0.00,5.43,0.00,0.00,0.00,67.39
10:40:11,6,15.22,0.00,13.04,0.00,0.00,3.26,0.00,0.00,0.00,68.48
10:40:11,7,13.83,0.00,11.70,0.00,0.00,5.32,0.00,0.00,0.00,69.15
10:40:11,12,15.22,0.00,11.96,0.00,0.00,4.35,0.00,0.00,0.00,68.48
10:40:11,13,15.96,0.00,12.77,0.00,0.00,6.38,0.00,0.00,0.00,64.89
10:40:11,14,14.44,0.00,12.22,0.00,0.00,3.33,0.00,0.00,0.00,70.00
10:40:11,15,14.13,0.00,11.96,0.00,0.00,4.35,0.00,0.00,0.00,69.57
10:40:12,4,15.38,0.00,13.19,0.00,0.00,4.40,0.00,0.00,0.00,67.03
10:40:12,5,15.05,0.00,12.90,0.00,0.00,6.45,0.00,0.00,0.00,65.59
10:40:12,6,14.89,0.00,12.77,0.00,0.00,5.32,0.00,0.00,0.00,67.02
10:40:12,7,15.22,0.00,10.87,0.00,0.00,4.35,0.00,0.00,0.00,69.57
10:40:12,12,14.89,0.00,12.77,0.00,0.00,4.26,0.00,0.00,0.00,68.09
10:40:12,13,17.02,0.00,12.77,0.00,0.00,5.32,0.00,0.00,0.00,64.89
10:40:12,14,14.74,0.00,13.68,0.00,0.00,5.26,0.00,0.00,0.00,66.32
10:40:12,15,13.83,0.00,12.77,0.00,0.00,4.26,0.00,0.00,0.00,69.15
10:40:13,4,16.13,0.00,10.75,0.00,0.00,4.30,0.00,0.00,0.00,68.82
10:40:13,5,17.20,0.00,11.83,0.00,0.00,4.30,0.00,0.00,0.00,66.67
10:40:13,6,13.68,0.00,12.63,0.00,0.00,5.26,0.00,0.00,0.00,68.42
10:40:13,7,13.04,0.00,9.78,0.00,0.00,4.35,0.00,0.00,0.00,72.83
10:40:13,12,18.28,0.00,10.75,0.00,0.00,5.38,0.00,0.00,0.00,65.59
10:40:13,13,14.89,0.00,13.83,0.00,0.00,4.26,0.00,0.00,0.00,67.02
10:40:13,14,13.83,0.00,14.89,0.00,0.00,5.32,0.00,0.00,0.00,65.96
10:40:13,15,13.40,0.00,13.40,0.00,0.00,5.15,0.00,0.00,0.00,68.04
10:40:14,4,15.79,0.00,13.68,0.00,0.00,5.26,0.00,0.00,0.00,65.26
10:40:14,5,18.75,0.00,15.62,0.00,0.00,5.21,0.00,0.00,0.00,60.42
10:40:14,6,16.13,0.00,16.13,0.00,0.00,5.38,0.00,0.00,0.00,62.37
10:40:14,7,14.89,0.00,11.70,0.00,0.00,5.32,0.00,0.00,0.00,68.09
10:40:14,12,15.38,0.00,12.09,0.00,0.00,4.40,0.00,0.00,0.00,68.13
10:40:14,13,16.30,0.00,11.96,0.00,0.00,4.35,0.00,0.00,0.00,67.39
10:40:14,14,16.30,0.00,11.96,0.00,0.00,4.35,0.00,0.00,0.00,67.39
10:40:14,15,15.79,0.00,11.58,0.00,0.00,5.26,0.00,0.00,0.00,67.37
10:40:15,4,13.98,0.00,13.98,0.00,0.00,4.30,0.00,0.00,0.00,67.74
10:40:15,5,15.73,0.00,12.36,0.00,0.00,4.49,0.00,0.00,0.00,67.42
10:40:15,6,16.48,0.00,9.89,0.00,0.00,6.59,0.00,0.00,0.00,67.03
10:40:15,7,14.29,0.00,9.89,0.00,0.00,5.49,0.00,0.00,0.00,70.33
10:40:15,12,12.22,0.00,12.22,0.00,0.00,5.56,0.00,0.00,0.00,70.00
10:40:15,13,15.96,0.00,13.83,0.00,0.00,6.38,0.00,0.00,0.00,63.83
10:40:15,14,14.89,0.00,12.77,0.00,0.00,5.32,0.00,0.00,0.00,67.02
10:40:15,15,13.83,0.00,11.70,0.00,0.00,5.32,0.00,0.00,0.00,69.15
10:40:16,4,16.30,0.00,9.78,0.00,0.00,5.43,0.00,0.00,0.00,68.48
10:40:16,5,15.05,0.00,12.90,0.00,0.00,4.30,0.00,0.00,0.00,67.74
10:40:16,6,16.84,0.00,11.58,1.05,0.00,5.26,0.00,0.00,0.00,65.26
10:40:16,7,13.54,0.00,12.50,1.04,0.00,5.21,0.00,0.00,0.00,67.71
10:40:16,12,17.20,0.00,12.90,0.00,0.00,5.38,0.00,0.00,0.00,64.52
10:40:16,13,15.56,0.00,12.22,0.00,0.00,3.33,0.00,0.00,0.00,68.89
10:40:16,14,15.96,0.00,12.77,0.00,0.00,4.26,0.00,0.00,0.00,67.02
10:40:16,15,14.74,0.00,12.63,0.00,0.00,4.21,0.00,0.00,0.00,68.42
10:40:17,4,14.89,0.00,11.70,0.00,0.00,6.38,0.00,0.00,0.00,67.02
10:40:17,5,12.22,0.00,12.22,0.00,0.00,5.56,0.00,0.00,0.00,70.00
10:40:17,6,12.09,0.00,14.29,0.00,0.00,5.49,0.00,0.00,0.00,68.13
10:40:17,7,13.83,0.00,12.77,0.00,0.00,4.26,0.00,0.00,0.00,69.15
10:40:17,12,14.89,0.00,11.70,0.00,0.00,4.26,0.00,0.00,0.00,69.15
10:40:17,13,18.75,0.00,12.50,0.00,0.00,5.21,0.00,0.00,0.00,63.54
10:40:17,14,15.22,0.00,11.96,0.00,0.00,4.35,0.00,0.00,0.00,68.48
10:40:17,15,11.83,0.00,12.90,0.00,0.00,6.45,0.00,0.00,0.00,68.82
10:40:18,4,15.56,0.00,12.22,0.00,0.00,4.44,0.00,0.00,0.00,67.78
10:40:18,5,15.22,0.00,13.04,0.00,0.00,4.35,0.00,0.00,0.00,67.39
10:40:18,6,13.19,0.00,12.09,0.00,0.00,5.49,0.00,0.00,0.00,69.23
10:40:18,7,13.04,0.00,10.87,0.00,0.00,4.35,0.00,0.00,0.00,71.74
10:40:18,12,15.38,0.00,12.09,0.00,0.00,4.40,0.00,0.00,0.00,68.13
10:40:18,13,15.96,0.00,14.89,0.00,0.00,5.32,0.00,0.00,0.00,63.83
10:40:18,14,15.05,0.00,12.90,0.00,0.00,4.30,0.00,0.00,0.00,67.74
10:40:18,15,14.58,0.00,12.50,0.00,0.00,4.17,0.00,0.00,0.00,68.75
10:40:19,4,16.30,0.00,13.04,0.00,0.00,5.43,0.00,0.00,0.00,65.22
10:40:19,5,16.30,0.00,15.22,0.00,0.00,4.35,0.00,0.00,0.00,64.13
10:40:19,6,17.02,0.00,11.70,0.00,0.00,5.32,0.00,0.00,0.00,65.96
10:40:19,7,14.74,0.00,12.63,0.00,0.00,4.21,0.00,0.00,0.00,68.42
10:40:19,12,18.09,0.00,13.83,0.00,0.00,5.32,0.00,0.00,0.00,62.77
10:40:19,13,19.35,0.00,15.05,0.00,0.00,5.38,0.00,0.00,0.00,60.22
10:40:19,14,17.02,0.00,11.70,0.00,0.00,5.32,0.00,0.00,0.00,65.96
10:40:19,15,13.68,0.00,12.63,0.00,0.00,4.21,0.00,0.00,0.00,69.47
10:40:20,4,15.05,0.00,12.90,0.00,0.00,4.30,0.00,0.00,0.00,67.74
10:40:20,5,17.20,0.00,11.83,0.00,0.00,5.38,0.00,0.00,0.00,65.59
10:40:20,6,13.98,0.00,12.90,0.00,0.00,4.30,0.00,0.00,0.00,68.82
10:40:20,7,13.04,0.00,11.96,0.00,0.00,4.35,0.00,0.00,0.00,70.65
10:40:20,12,15.96,0.00,12.77,0.00,0.00,5.32,0.00,0.00,0.00,65.96
10:40:20,13,13.83,0.00,13.83,0.00,0.00,5.32,0.00,0.00,0.00,67.02
10:40:20,14,15.05,0.00,12.90,0.00,0.00,3.23,0.00,0.00,0.00,68.82
10:40:20,15,15.22,0.00,9.78,0.00,0.00,4.35,0.00,0.00,0.00,70.65
10:40:21,4,14.29,0.00,14.29,0.00,0.00,4.40,0.00,0.00,0.00,67.03
10:40:21,5,14.58,0.00,15.62,0.00,0.00,6.25,0.00,0.00,0.00,63.54
10:40:21,6,13.48,0.00,12.36,0.00,0.00,4.49,0.00,0.00,0.00,69.66
10:40:21,7,13.04,0.00,10.87,0.00,0.00,4.35,0.00,0.00,0.00,71.74
10:40:21,12,17.02,0.00,11.70,0.00,0.00,4.26,0.00,0.00,0.00,67.02
10:40:21,13,17.20,0.00,12.90,0.00,0.00,5.38,0.00,0.00,0.00,64.52
10:40:21,14,13.98,0.00,12.90,0.00,0.00,5.38,0.00,0.00,0.00,67.74
10:40:21,15,13.68,0.00,10.53,1.05,0.00,5.26,0.00,0.00,0.00,69.47
10:40:22,4,18.09,0.00,12.77,0.00,0.00,5.32,0.00,0.00,0.00,63.83
10:40:22,5,14.74,0.00,14.74,0.00,0.00,5.26,0.00,0.00,0.00,65.26
10:40:22,6,14.13,0.00,13.04,0.00,0.00,5.43,0.00,0.00,0.00,67.39
10:40:22,7,13.54,0.00,14.58,0.00,0.00,5.21,0.00,0.00,0.00,66.67
10:40:22,12,16.84,0.00,12.63,0.00,0.00,4.21,0.00,0.00,0.00,66.32
10:40:22,13,14.13,0.00,13.04,0.00,0.00,5.43,0.00,0.00,0.00,67.39
10:40:22,14,13.19,0.00,13.19,0.00,0.00,4.40,0.00,0.00,0.00,69.23
10:40:22,15,14.13,0.00,10.87,0.00,0.00,4.35,0.00,0.00,0.00,70.65
10:40:23,4,14.58,0.00,13.54,0.00,0.00,5.21,0.00,0.00,0.00,66.67
10:40:23,5,15.79,0.00,12.63,0.00,0.00,5.26,0.00,0.00,0.00,66.32
10:40:23,6,13.83,0.00,12.77,0.00,0.00,5.32,0.00,0.00,0.00,68.09
10:40:23,7,15.62,0.00,10.42,0.00,0.00,5.21,0.00,0.00,0.00,68.75
10:40:23,12,14.13,0.00,10.87,0.00,0.00,4.35,0.00,0.00,0.00,70.65
10:40:23,13,16.13,0.00,13.98,0.00,0.00,4.30,0.00,0.00,0.00,65.59
10:40:23,14,12.90,0.00,12.90,0.00,0.00,5.38,0.00,0.00,0.00,68.82
10:40:23,15,13.98,0.00,11.83,0.00,0.00,5.38,0.00,0.00,0.00,68.82
10:40:24,4,17.89,0.00,14.74,0.00,0.00,4.21,0.00,0.00,0.00,63.16
10:40:24,5,14.44,0.00,14.44,0.00,0.00,3.33,0.00,0.00,0.00,67.78
10:40:24,6,14.89,0.00,14.89,0.00,0.00,5.32,0.00,0.00,0.00,64.89
10:40:24,7,14.74,0.00,13.68,0.00,0.00,4.21,0.00,0.00,0.00,67.37
10:40:24,12,17.20,0.00,10.75,0.00,0.00,5.38,0.00,0.00,0.00,66.67
10:40:24,13,15.22,0.00,15.22,0.00,0.00,5.43,0.00,0.00,0.00,64.13
10:40:24,14,17.20,0.00,11.83,0.00,0.00,5.38,0.00,0.00,0.00,65.59
10:40:24,15,14.29,0.00,12.09,0.00,0.00,4.40,0.00,0.00,0.00,69.23
10:40:25,4,15.96,0.00,11.70,0.00,0.00,4.26,0.00,0.00,0.00,68.09
10:40:25,5,15.05,0.00,11.83,0.00,0.00,4.30,0.00,0.00,0.00,68.82
10:40:25,6,14.58,0.00,13.54,0.00,0.00,5.21,0.00,0.00,0.00,66.67
10:40:25,7,12.77,0.00,14.89,0.00,0.00,4.26,0.00,0.00,0.00,68.09
10:40:25,12,17.02,0.00,10.64,0.00,0.00,4.26,0.00,0.00,0.00,68.09
10:40:25,13,14.89,0.00,14.89,0.00,0.00,5.32,0.00,0.00,0.00,64.89
10:40:25,14,16.13,0.00,11.83,0.00,0.00,4.30,0.00,0.00,0.00,67.74
10:40:25,15,15.38,0.00,9.89,0.00,0.00,5.49,0.00,0.00,0.00,69.23
10:40:26,4,15.79,0.00,10.53,0.00,0.00,7.37,0.00,0.00,0.00,66.32
10:40:26,5,16.13,0.00,11.83,0.00,0.00,4.30,0.00,0.00,0.00,67.74
10:40:26,6,15.05,0.00,12.90,0.00,0.00,6.45,0.00,0.00,0.00,65.59
10:40:26,7,13.98,0.00,12.90,0.00,0.00,4.30,0.00,0.00,0.00,68.82
10:40:26,12,13.68,0.00,13.68,0.00,0.00,5.26,0.00,0.00,0.00,67.37
10:40:26,13,14.74,0.00,12.63,1.05,0.00,4.21,0.00,0.00,0.00,67.37
10:40:26,14,13.98,0.00,12.90,0.00,0.00,5.38,0.00,0.00,0.00,67.74
10:40:26,15,14.58,0.00,13.54,0.00,0.00,4.17,0.00,0.00,0.00,67.71
10:40:27,4,16.30,0.00,13.04,0.00,0.00,5.43,0.00,0.00,0.00,65.22
10:40:27,5,15.22,0.00,13.04,0.00,0.00,4.35,0.00,0.00,0.00,67.39
10:40:27,6,14.89,0.00,12.77,0.00,0.00,4.26,0.00,0.00,0.00,68.09
10:40:27,7,12.90,0.00,9.68,0.00,0.00,5.38,0.00,0.00,0.00,72.04
10:40:27,12,15.56,0.00,12.22,0.00,0.00,4.44,0.00,0.00,0.00,67.78
10:40:27,13,17.53,0.00,15.46,0.00,0.00,5.15,0.00,0.00,0.00,61.86
10:40:27,14,15.05,0.00,12.90,0.00,0.00,5.38,0.00,0.00,0.00,66.67
10:40:27,15,14.89,0.00,11.70,0.00,0.00,3.19,0.00,0.00,0.00,70.21
10:40:28,4,13.83,0.00,13.83,0.00,0.00,4.26,0.00,0.00,0.00,68.09
10:40:28,5,14.89,0.00,11.70,0.00,0.00,5.32,0.00,0.00,0.00,68.09
10:40:28,6,15.22,0.00,13.04,0.00,0.00,5.43,0.00,0.00,0.00,66.30
10:40:28,7,13.83,0.00,11.70,0.00,0.00,4.26,0.00,0.00,0.00,70.21
10:40:28,12,14.74,0.00,12.63,0.00,0.00,5.26,0.00,0.00,0.00,67.37
10:40:28,13,16.30,0.00,11.96,0.00,0.00,4.35,0.00,0.00,0.00,67.39
10:40:28,14,14.74,0.00,13.68,0.00,0.00,5.26,0.00,0.00,0.00,66.32
10:40:28,15,14.74,0.00,11.58,0.00,0.00,5.26,0.00,0.00,0.00,68.42
10:40:29,4,15.22,0.00,13.04,0.00,0.00,5.43,0.00,0.00,0.00,66.30
10:40:29,5,18.89,0.00,13.33,0.00,0.00,4.44,0.00,0.00,0.00,63.33
10:40:29,6,16.84,0.00,12.63,0.00,0.00,4.21,0.00,0.00,0.00,66.32
10:40:29,7,13.98,0.00,10.75,0.00,0.00,5.38,0.00,0.00,0.00,69.89
10:40:29,12,16.48,0.00,13.19,0.00,0.00,5.49,0.00,0.00,0.00,64.84
10:40:29,13,15.05,0.00,16.13,0.00,0.00,6.45,0.00,0.00,0.00,62.37
10:40:29,14,15.79,0.00,13.68,0.00,0.00,5.26,0.00,0.00,0.00,65.26
10:40:29,15,13.54,0.00,13.54,0.00,0.00,5.21,0.00,0.00,0.00,67.71
10:40:30,4,15.38,0.00,12.09,0.00,0.00,4.40,0.00,0.00,0.00,68.13
10:40:30,5,13.19,0.00,12.09,0.00,0.00,5.49,0.00,0.00,0.00,69.23
10:40:30,6,13.19,0.00,13.19,0.00,0.00,5.49,0.00,0.00,0.00,68.13
10:40:30,7,12.63,0.00,12.63,0.00,0.00,4.21,0.00,0.00,0.00,70.53
10:40:30,12,16.30,0.00,14.13,0.00,0.00,3.26,0.00,0.00,0.00,66.30
10:40:30,13,17.89,0.00,14.74,0.00,0.00,4.21,0.00,0.00,0.00,63.16
10:40:30,14,15.22,0.00,14.13,0.00,0.00,5.43,0.00,0.00,0.00,65.22
10:40:30,15,15.05,0.00,9.68,0.00,0.00,5.38,0.00,0.00,0.00,69.89
10:40:31,4,14.13,0.00,11.96,0.00,0.00,3.26,0.00,0.00,0.00,70.65
10:40:31,5,15.05,0.00,12.90,0.00,0.00,6.45,0.00,0.00,0.00,65.59
10:40:31,6,13.19,0.00,12.09,0.00,0.00,4.40,0.00,0.00,0.00,70.33
10:40:31,7,13.40,0.00,14.43,0.00,0.00,5.15,0.00,0.00,0.00,67.01
10:40:31,12,13.33,0.00,10.00,0.00,0.00,5.56,0.00,0.00,0.00,71.11
10:40:31,13,14.29,0.00,14.29,0.00,0.00,4.40,0.00,0.00,0.00,67.03
10:40:31,14,15.62,0.00,12.50,0.00,0.00,5.21,0.00,0.00,0.00,66.67
10:40:31,15,14.61,0.00,10.11,0.00,0.00,3.37,0.00,0.00,0.00,71.91
10:40:32,4,15.73,0.00,10.11,0.00,0.00,4.49,0.00,0.00,0.00,69.66
10:40:32,5,15.22,0.00,13.04,0.00,0.00,4.35,0.00,0.00,0.00,67.39
10:40:32,6,15.22,0.00,10.87,0.00,0.00,5.43,0.00,0.00,0.00,68.48
10:40:32,7,14.89,0.00,10.64,0.00,0.00,5.32,0.00,0.00,0.00,69.15
10:40:32,12,15.38,0.00,13.19,0.00,0.00,5.49,0.00,0.00,0.00,65.93
10:40:32,13,15.79,0.00,14.74,0.00,0.00,5.26,0.00,0.00,0.00,64.21
10:40:32,14,14.74,0.00,13.68,0.00,0.00,5.26,0.00,0.00,0.00,66.32
10:40:32,15,14.89,0.00,13.83,0.00,0.00,4.26,0.00,0.00,0.00,67.02
10:40:33,4,15.79,0.00,12.63,0.00,0.00,4.21,0.00,0.00,0.00,67.37
10:40:33,5,17.20,0.00,11.83,0.00,0.00,4.30,0.00,0.00,0.00,66.67
10:40:33,6,12.90,0.00,12.90,0.00,0.00,6.45,0.00,0.00,0.00,67.74
10:40:33,7,14.13,0.00,14.13,0.00,0.00,3.26,0.00,0.00,0.00,68.48
10:40:33,12,15.96,0.00,13.83,0.00,0.00,4.26,0.00,0.00,0.00,65.96
10:40:33,13,17.20,0.00,10.75,0.00,0.00,4.30,0.00,0.00,0.00,67.74
10:40:33,14,15.05,0.00,11.83,0.00,0.00,4.30,0.00,0.00,0.00,68.82
10:40:33,15,13.98,0.00,12.90,0.00,0.00,4.30,0.00,0.00,0.00,68.82
10:40:34,4,20.21,0.00,14.89,0.00,0.00,4.26,0.00,0.00,0.00,60.64
10:40:34,5,16.13,0.00,13.98,0.00,0.00,5.38,0.00,0.00,0.00,64.52
10:40:34,6,16.84,0.00,12.63,0.00,0.00,6.32,0.00,0.00,0.00,64.21
10:40:34,7,13.98,0.00,12.90,0.00,0.00,3.23,0.00,0.00,0.00,69.89
10:40:34,12,15.96,0.00,12.77,0.00,0.00,5.32,0.00,0.00,0.00,65.96
10:40:34,13,17.20,0.00,11.83,0.00,0.00,5.38,0.00,0.00,0.00,65.59
10:40:34,14,13.98,0.00,12.90,0.00,0.00,5.38,0.00,0.00,0.00,67.74
10:40:34,15,15.05,0.00,10.75,0.00,0.00,5.38,0.00,0.00,0.00,68.82
10:40:35,4,15.22,0.00,13.04,0.00,0.00,5.43,0.00,0.00,0.00,66.30
10:40:35,5,14.13,0.00,13.04,0.00,0.00,5.43,0.00,0.00,0.00,67.39
10:40:35,6,14.89,0.00,12.77,0.00,0.00,4.26,0.00,0.00,0.00,68.09
10:40:35,7,11.83,0.00,12.90,0.00,0.00,4.30,0.00,0.00,0.00,70.97
10:40:35,12,16.30,0.00,13.04,0.00,0.00,4.35,0.00,0.00,0.00,66.30
10:40:35,13,15.96,0.00,13.83,0.00,0.00,4.26,0.00,0.00,0.00,65.96
10:40:35,14,15.96,0.00,12.77,0.00,0.00,4.26,0.00,0.00,0.00,67.02
10:40:35,15,13.98,0.00,11.83,0.00,0.00,4.30,0.00,0.00,0.00,69.89
10:40:36,4,14.13,0.00,13.04,0.00,0.00,5.43,0.00,0.00,0.00,67.39
10:40:36,5,13.98,0.00,12.90,0.00,0.00,5.38,0.00,0.00,0.00,67.74
10:40:36,6,13.19,0.00,10.99,0.00,0.00,5.49,0.00,0.00,0.00,70.33
10:40:36,7,15.05,0.00,11.83,0.00,0.00,4.30,0.00,0.00,0.00,68.82
10:40:36,12,13.48,0.00,14.61,0.00,0.00,3.37,0.00,0.00,0.00,68.54
10:40:36,13,14.61,0.00,10.11,0.00,0.00,4.49,0.00,0.00,0.00,70.79
10:40:36,14,12.90,0.00,12.90,0.00,0.00,5.38,0.00,0.00,0.00,68.82
10:40:36,15,12.50,0.00,14.58,0.00,0.00,7.29,0.00,0.00,0.00,65.62
10:40:37,4,16.13,0.00,12.90,0.00,0.00,5.38,0.00,0.00,0.00,65.59
10:40:37,5,15.56,0.00,13.33,0.00,0.00,3.33,0.00,0.00,0.00,67.78
10:40:37,6,15.96,0.00,12.77,0.00,0.00,4.26,0.00,0.00,0.00,67.02
10:40:37,7,13.83,0.00,9.57,0.00,0.00,5.32,0.00,0.00,0.00,71.28
10:40:37,12,14.13,0.00,14.13,0.00,0.00,5.43,0.00,0.00,0.00,66.30
10:40:37,13,16.13,0.00,12.90,0.00,0.00,4.30,0.00,0.00,0.00,66.67
10:40:37,14,15.22,0.00,14.13,0.00,0.00,4.35,0.00,0.00,0.00,66.30
10:40:37,15,13.83,0.00,11.70,0.00,0.00,5.32,0.00,0.00,0.00,69.15
10:40:38,4,15.56,0.00,12.22,0.00,0.00,5.56,0.00,0.00,0.00,66.67
10:40:38,5,17.02,0.00,12.77,0.00,0.00,4.26,0.00,0.00,0.00,65.96
10:40:38,6,14.89,0.00,12.77,0.00,0.00,6.38,0.00,0.00,0.00,65.96
10:40:38,7,13.68,0.00,12.63,0.00,0.00,5.26,0.00,0.00,0.00,68.42
10:40:38,12,16.67,0.00,13.54,0.00,0.00,5.21,0.00,0.00,0.00,64.58
10:40:38,13,15.96,0.00,13.83,0.00,0.00,5.32,0.00,0.00,0.00,64.89
10:40:38,14,15.05,0.00,13.98,0.00,0.00,3.23,0.00,0.00,0.00,67.74
10:40:38,15,13.98,0.00,11.83,0.00,0.00,3.23,0.00,0.00,0.00,70.97
10:40:39,4,18.09,0.00,15.96,0.00,0.00,4.26,0.00,0.00,0.00,61.70
10:40:39,5,15.96,0.00,14.89,0.00,0.00,6.38,0.00,0.00,0.00,62.77
10:40:39,6,14.74,0.00,15.79,0.00,0.00,3.16,0.00,0.00,0.00,66.32
10:40:39,7,12.09,0.00,9.89,0.00,0.00,5.49,0.00,0.00,0.00,72.53
10:40:39,12,17.39,0.00,11.96,0.00,0.00,5.43,0.00,0.00,0.00,65.22
10:40:39,13,16.30,0.00,13.04,0.00,0.00,4.35,0.00,0.00,0.00,66.30
10:40:39,14,16.13,0.00,12.90,0.00,0.00,5.38,0.00,0.00,0.00,65.59
10:40:39,15,14.13,0.00,10.87,0.00,0.00,4.35,0.00,0.00,0.00,70.65
10:40:40,4,15.79,0.00,13.68,0.00,0.00,4.21,0.00,0.00,0.00,66.32
10:40:40,5,16.30,0.00,10.87,0.00,0.00,3.26,0.00,0.00,0.00,69.57
10:40:40,6,16.84,0.00,11.58,0.00,0.00,4.21,0.00,0.00,0.00,67.37
10:40:40,7,12.90,0.00,12.90,0.00,0.00,5.38,0.00,0.00,0.00,68.82
10:40:40,12,15.96,0.00,12.77,0.00,0.00,4.26,0.00,0.00,0.00,67.02
10:40:40,13,14.89,0.00,13.83,0.00,0.00,4.26,0.00,0.00,0.00,67.02
10:40:40,14,15.05,0.00,12.90,0.00,0.00,4.30,0.00,0.00,0.00,67.74
10:40:40,15,14.44,0.00,11.11,0.00,0.00,4.44,0.00,0.00,0.00,70.00
10:40:41,4,16.13,0.00,10.75,0.00,0.00,5.38,0.00,0.00,0.00,67.74
10:40:41,5,13.48,0.00,15.73,0.00,0.00,5.62,0.00,0.00,0.00,65.17
10:40:41,6,12.09,0.00,13.19,0.00,0.00,5.49,0.00,0.00,0.00,69.23
10:40:41,7,12.77,0.00,12.77,0.00,0.00,4.26,0.00,0.00,0.00,70.21
10:40:41,12,15.96,0.00,12.77,0.00,0.00,5.32,0.00,0.00,0.00,65.96
10:40:41,13,15.79,0.00,14.74,0.00,0.00,6.32,0.00,0.00,0.00,63.16
10:40:41,14,13.83,0.00,14.89,0.00,0.00,5.32,0.00,0.00,0.00,65.96
10:40:41,15,13.98,0.00,12.90,0.00,0.00,3.23,0.00,0.00,0.00,69.89
10:40:42,4,16.30,0.00,13.04,0.00,0.00,2.17,0.00,0.00,0.00,68.48
10:40:42,5,14.89,0.00,13.83,0.00,0.00,4.26,0.00,0.00,0.00,67.02
10:40:42,6,15.05,0.00,11.83,0.00,0.00,5.38,0.00,0.00,0.00,67.74
10:40:42,7,15.79,0.00,11.58,0.00,0.00,5.26,0.00,0.00,0.00,67.37
10:40:42,12,14.74,0.00,14.74,0.00,0.00,5.26,0.00,0.00,0.00,65.26
10:40:42,13,15.05,0.00,12.90,1.08,0.00,5.38,0.00,0.00,0.00,65.59
10:40:42,14,14.44,0.00,11.11,0.00,0.00,4.44,0.00,0.00,0.00,70.00
10:40:42,15,13.68,0.00,12.63,0.00,0.00,6.32,0.00,0.00,0.00,67.37
10:40:43,4,13.98,0.00,11.83,0.00,0.00,5.38,0.00,0.00,0.00,68.82
10:40:43,5,13.98,0.00,11.83,0.00,0.00,5.38,0.00,0.00,0.00,68.82
10:40:43,6,11.83,0.00,13.98,0.00,0.00,5.38,0.00,0.00,0.00,68.82
10:40:43,7,13.33,0.00,12.22,0.00,0.00,3.33,0.00,0.00,0.00,71.11
10:40:43,12,13.19,0.00,16.48,0.00,0.00,4.40,0.00,0.00,0.00,65.93
10:40:43,13,14.29,0.00,13.19,0.00,0.00,4.40,0.00,0.00,0.00,68.13
10:40:43,14,13.04,0.00,14.13,0.00,0.00,4.35,0.00,0.00,0.00,68.48
10:40:43,15,15.96,0.00,10.64,0.00,0.00,5.32,0.00,0.00,0.00,68.09
10:40:44,4,17.89,0.00,13.68,0.00,0.00,3.16,0.00,0.00,0.00,65.26
10:40:44,5,15.22,0.00,13.04,0.00,0.00,3.26,0.00,0.00,0.00,68.48
10:40:44,6,18.09,0.00,13.83,0.00,0.00,4.26,0.00,0.00,0.00,63.83
10:40:44,7,14.29,0.00,10.99,0.00,0.00,5.49,0.00,0.00,0.00,69.23
10:40:44,12,16.84,0.00,12.63,0.00,0.00,5.26,0.00,0.00,0.00,65.26
10:40:44,13,14.13,0.00,13.04,0.00,0.00,4.35,0.00,0.00,0.00,68.48
10:40:44,14,15.96,0.00,12.77,0.00,0.00,5.32,0.00,0.00,0.00,65.96
10:40:44,15,15.05,0.00,13.98,0.00,0.00,3.23,0.00,0.00,0.00,67.74
10:40:45,4,21.05,0.00,11.58,0.00,0.00,4.21,0.00,0.00,0.00,63.16
10:40:45,5,18.09,0.00,13.83,0.00,0.00,5.32,0.00,0.00,0.00,62.77
10:40:45,6,15.05,0.00,12.90,0.00,0.00,5.38,0.00,0.00,0.00,66.67
10:40:45,7,12.77,0.00,13.83,0.00,0.00,4.26,0.00,0.00,0.00,69.15
10:40:45,12,16.67,0.00,12.50,0.00,0.00,5.21,0.00,0.00,0.00,65.62
10:40:45,13,17.02,0.00,12.77,0.00,0.00,5.32,0.00,0.00,0.00,64.89
10:40:45,14,12.90,0.00,17.20,0.00,0.00,4.30,0.00,0.00,0.00,65.59
10:40:45,15,16.67,0.00,10.42,0.00,0.00,4.17,0.00,0.00,0.00,68.75
10:40:46,4,17.71,0.00,12.50,0.00,0.00,6.25,0.00,0.00,0.00,63.54
10:40:46,5,18.68,0.00,13.19,0.00,0.00,4.40,0.00,0.00,0.00,63.74
10:40:46,6,13.04,0.00,13.04,0.00,0.00,5.43,0.00,0.00,0.00,68.48
10:40:46,7,13.04,0.00,10.87,0.00,0.00,5.43,0.00,0.00,0.00,70.65
10:40:46,12,15.38,0.00,10.99,0.00,0.00,4.40,0.00,0.00,0.00,69.23
10:40:46,13,15.22,0.00,14.13,0.00,0.00,4.35,0.00,0.00,0.00,66.30
10:40:46,14,16.48,0.00,9.89,0.00,0.00,4.40,0.00,0.00,0.00,69.23
10:40:46,15,14.13,0.00,11.96,0.00,0.00,3.26,0.00,0.00,0.00,70.65
10:40:47,4,14.13,0.00,10.87,0.00,0.00,5.43,0.00,0.00,0.00,69.57
10:40:47,5,16.48,0.00,14.29,0.00,0.00,4.40,0.00,0.00,0.00,64.84
10:40:47,6,15.96,0.00,13.83,1.06,0.00,3.19,0.00,0.00,0.00,65.96
10:40:47,7,15.38,0.00,9.89,0.00,0.00,4.40,0.00,0.00,0.00,70.33
10:40:47,12,13.54,0.00,14.58,0.00,0.00,5.21,0.00,0.00,0.00,66.67
10:40:47,13,14.44,0.00,14.44,0.00,0.00,5.56,0.00,0.00,0.00,65.56
10:40:47,14,13.98,0.00,12.90,0.00,0.00,5.38,0.00,0.00,0.00,67.74
10:40:47,15,14.74,0.00,10.53,0.00,0.00,5.26,0.00,0.00,0.00,69.47
10:40:48,4,15.38,0.00,13.19,0.00,0.00,5.49,0.00,0.00,0.00,65.93
10:40:48,5,15.05,0.00,15.05,0.00,0.00,5.38,0.00,0.00,0.00,64.52
10:40:48,6,16.30,0.00,13.04,0.00,0.00,3.26,0.00,0.00,0.00,67.39
10:40:48,7,12.90,0.00,12.90,0.00,0.00,4.30,0.00,0.00,0.00,69.89
10:40:48,12,16.13,0.00,11.83,0.00,0.00,4.30,0.00,0.00,0.00,67.74
10:40:48,13,13.19,0.00,14.29,0.00,0.00,3.30,0.00,0.00,0.00,69.23
10:40:48,14,15.79,0.00,14.74,0.00,0.00,4.21,0.00,0.00,0.00,65.26
10:40:48,15,11.96,0.00,11.96,0.00,0.00,4.35,0.00,0.00,0.00,71.74
10:40:49,4,15.62,0.00,12.50,0.00,0.00,5.21,0.00,0.00,0.00,66.67
10:40:49,5,15.96,0.00,14.89,0.00,0.00,4.26,0.00,0.00,0.00,64.89
10:40:49,6,16.13,0.00,12.90,0.00,0.00,4.30,0.00,0.00,0.00,66.67
10:40:49,7,14.74,0.00,13.68,0.00,0.00,4.21,0.00,0.00,0.00,67.37
10:40:49,12,15.05,0.00,11.83,0.00,0.00,5.38,0.00,0.00,0.00,67.74
10:40:49,13,16.84,0.00,11.58,0.00,0.00,4.21,0.00,0.00,0.00,67.37
10:40:49,14,15.96,0.00,11.70,0.00,0.00,4.26,0.00,0.00,0.00,68.09
10:40:49,15,11.96,0.00,13.04,0.00,0.00,4.35,0.00,0.00,0.00,70.65
10:40:50,4,14.44,0.00,11.11,0.00,0.00,4.44,0.00,0.00,0.00,70.00
10:40:50,5,15.22,0.00,15.22,0.00,0.00,4.35,0.00,0.00,0.00,65.22
10:40:50,6,15.38,0.00,14.29,0.00,0.00,5.49,0.00,0.00,0.00,64.84
10:40:50,7,12.90,0.00,10.75,0.00,0.00,5.38,0.00,0.00,0.00,70.97
10:40:50,12,18.09,0.00,13.83,0.00,0.00,5.32,0.00,0.00,0.00,62.77
10:40:50,13,14.89,0.00,14.89,0.00,0.00,5.32,0.00,0.00,0.00,64.89
10:40:50,14,18.09,0.00,11.70,0.00,0.00,5.32,0.00,0.00,0.00,64.89
10:40:50,15,12.63,0.00,12.63,0.00,0.00,6.32,0.00,0.00,0.00,68.42
10:40:51,4,14.89,0.00,12.77,0.00,0.00,4.26,0.00,0.00,0.00,68.09
10:40:51,5,16.30,0.00,11.96,0.00,0.00,4.35,0.00,0.00,0.00,67.39
10:40:51,6,15.05,0.00,12.90,0.00,0.00,4.30,0.00,0.00,0.00,67.74
10:40:51,7,13.04,0.00,14.13,0.00,0.00,3.26,0.00,0.00,0.00,69.57
10:40:51,12,13.98,0.00,11.83,0.00,0.00,5.38,0.00,0.00,0.00,68.82
10:40:51,13,16.13,0.00,13.98,0.00,0.00,3.23,0.00,0.00,0.00,66.67
10:40:51,14,15.22,0.00,11.96,0.00,0.00,5.43,0.00,0.00,0.00,67.39
10:40:51,15,14.13,0.00,14.13,0.00,0.00,3.26,0.00,0.00,0.00,68.48
10:40:52,4,17.02,0.00,13.83,0.00,0.00,4.26,0.00,0.00,0.00,64.89
10:40:52,5,18.09,0.00,14.89,0.00,0.00,4.26,0.00,0.00,0.00,62.77
10:40:52,6,15.22,0.00,13.04,0.00,0.00,5.43,0.00,0.00,0.00,66.30
10:40:52,7,15.46,0.00,13.40,0.00,0.00,4.12,0.00,0.00,0.00,67.01
10:40:52,12,15.05,0.00,12.90,1.08,0.00,4.30,0.00,0.00,0.00,66.67
10:40:52,13,16.13,0.00,10.75,0.00,0.00,5.38,0.00,0.00,0.00,67.74
10:40:52,14,14.89,0.00,12.77,0.00,0.00,5.32,0.00,0.00,0.00,67.02
10:40:52,15,13.83,0.00,9.57,0.00,0.00,5.32,0.00,0.00,0.00,71.28
10:40:53,4,16.13,0.00,11.83,0.00,0.00,3.23,0.00,0.00,0.00,68.82
10:40:53,5,14.29,0.00,14.29,0.00,0.00,4.40,0.00,0.00,0.00,67.03
10:40:53,6,15.79,0.00,12.63,0.00,0.00,5.26,0.00,0.00,0.00,66.32
10:40:53,7,12.90,0.00,10.75,0.00,0.00,3.23,0.00,0.00,0.00,73.12
10:40:53,12,15.05,0.00,15.05,0.00,0.00,4.30,0.00,0.00,0.00,65.59
10:40:53,13,18.09,0.00,12.77,0.00,0.00,5.32,0.00,0.00,0.00,63.83
10:40:53,14,15.62,0.00,15.62,0.00,0.00,4.17,0.00,0.00,0.00,64.58
10:40:53,15,12.77,0.00,12.77,0.00,0.00,4.26,0.00,0.00,0.00,70.21
10:40:54,4,14.29,0.00,10.99,0.00,0.00,5.49,0.00,0.00,0.00,69.23
10:40:54,5,15.96,0.00,14.89,0.00,0.00,3.19,0.00,0.00,0.00,65.96
10:40:54,6,14.29,0.00,13.19,0.00,0.00,4.40,0.00,0.00,0.00,68.13
10:40:54,7,13.19,0.00,12.09,0.00,0.00,4.40,0.00,0.00,0.00,70.33
10:40:54,12,15.22,0.00,10.87,0.00,0.00,5.43,0.00,0.00,0.00,68.48
10:40:54,13,16.30,0.00,13.04,0.00,0.00,3.26,0.00,0.00,0.00,67.39
10:40:54,14,15.05,0.00,11.83,0.00,0.00,5.38,0.00,0.00,0.00,67.74
10:40:54,15,16.33,0.00,12.24,0.00,0.00,4.08,0.00,0.00,0.00,67.35
10:40:55,4,15.96,0.00,12.77,0.00,0.00,4.26,0.00,0.00,0.00,67.02
10:40:55,5,17.58,0.00,12.09,0.00,0.00,4.40,0.00,0.00,0.00,65.93
10:40:55,6,16.30,0.00,13.04,0.00,0.00,4.35,0.00,0.00,0.00,66.30
10:40:55,7,14.74,0.00,10.53,0.00,0.00,5.26,0.00,0.00,0.00,69.47
10:40:55,12,19.57,0.00,15.22,0.00,0.00,2.17,0.00,0.00,0.00,63.04
10:40:55,13,18.89,0.00,11.11,0.00,0.00,4.44,0.00,0.00,0.00,65.56
10:40:55,14,14.13,0.00,14.13,0.00,0.00,5.43,0.00,0.00,0.00,66.30
10:40:55,15,15.22,0.00,10.87,0.00,0.00,4.35,0.00,0.00,0.00,69.57
10:40:56,4,17.02,0.00,11.70,0.00,0.00,4.26,0.00,0.00,0.00,67.02
10:40:56,5,16.30,0.00,13.04,0.00,0.00,4.35,0.00,0.00,0.00,66.30
10:40:56,6,14.13,0.00,13.04,0.00,0.00,4.35,0.00,0.00,0.00,68.48
10:40:56,7,16.67,0.00,12.50,0.00,0.00,5.21,0.00,0.00,0.00,65.62
10:40:56,12,14.58,0.00,13.54,0.00,0.00,6.25,0.00,0.00,0.00,65.62
10:40:56,13,14.89,0.00,11.70,0.00,0.00,6.38,0.00,0.00,0.00,67.02
10:40:56,14,14.89,0.00,12.77,0.00,0.00,5.32,0.00,0.00,0.00,67.02
10:40:56,15,12.90,0.00,12.90,0.00,0.00,5.38,0.00,0.00,0.00,68.82
10:40:57,4,14.89,0.00,11.70,0.00,0.00,6.38,0.00,0.00,0.00,67.02
10:40:57,5,17.02,0.00,12.77,0.00,0.00,6.38,0.00,0.00,0.00,63.83
10:40:57,6,17.02,0.00,10.64,0.00,0.00,5.32,0.00,0.00,0.00,67.02
10:40:57,7,13.68,0.00,13.68,0.00,0.00,5.26,0.00,0.00,0.00,67.37
10:40:57,12,14.89,0.00,12.77,0.00,0.00,5.32,0.00,0.00,0.00,67.02
10:40:57,13,16.13,0.00,13.98,1.08,0.00,4.30,0.00,0.00,0.00,64.52
10:40:57,14,17.02,0.00,11.70,1.06,0.00,4.26,0.00,0.00,0.00,65.96
10:40:57,15,16.33,0.00,13.27,0.00,0.00,5.10,0.00,0.00,0.00,65.31
10:40:58,4,15.96,0.00,11.70,0.00,0.00,4.26,0.00,0.00,0.00,68.09
10:40:58,5,15.05,0.00,13.98,0.00,0.00,4.30,0.00,0.00,0.00,66.67
10:40:58,6,15.96,0.00,14.89,0.00,0.00,5.32,0.00,0.00,0.00,63.83
10:40:58,7,14.13,0.00,10.87,0.00,0.00,4.35,0.00,0.00,0.00,70.65
10:40:58,12,15.79,0.00,12.63,0.00,0.00,5.26,0.00,0.00,0.00,66.32
10:40:58,13,15.96,0.00,11.70,0.00,0.00,5.32,0.00,0.00,0.00,67.02
10:40:58,14,13.98,0.00,12.90,0.00,0.00,6.45,0.00,0.00,0.00,66.67
10:40:58,15,13.68,0.00,13.68,0.00,0.00,3.16,0.00,0.00,0.00,69.47
10:40:59,4,15.56,0.00,14.44,0.00,0.00,3.33,0.00,0.00,0.00,66.67
10:40:59,5,16.30,0.00,13.04,0.00,0.00,4.35,0.00,0.00,0.00,66.30
10:40:59,6,16.13,0.00,11.83,0.00,0.00,4.30,0.00,0.00,0.00,67.74
10:40:59,7,12.90,0.00,11.83,0.00,0.00,4.30,0.00,0.00,0.00,70.97
10:40:59,12,13.19,0.00,12.09,0.00,0.00,6.59,0.00,0.00,0.00,68.13
10:40:59,13,16.48,0.00,10.99,0.00,0.00,4.40,0.00,0.00,0.00,68.13
10:40:59,14,14.29,0.00,13.19,0.00,0.00,4.40,0.00,0.00,0.00,68.13
10:40:59,15,13.68,0.00,10.53,0.00,0.00,5.26,0.00,0.00,0.00,70.53
10:41:00,4,17.89,0.00,11.58,0.00,0.00,4.21,0.00,0.00,0.00,66.32
10:41:00,5,15.96,0.00,18.09,0.00,0.00,5.32,0.00,0.00,0.00,60.64
10:41:00,6,15.96,0.00,12.77,0.00,0.00,5.32,0.00,0.00,0.00,65.96
10:41:00,7,14.58,0.00,10.42,0.00,0.00,6.25,0.00,0.00,0.00,68.75
10:41:00,12,18.48,0.00,11.96,0.00,0.00,4.35,0.00,0.00,0.00,65.22
10:41:00,13,18.68,0.00,13.19,0.00,0.00,5.49,0.00,0.00,0.00,62.64
10:41:00,14,14.29,0.00,13.19,0.00,0.00,4.40,0.00,0.00,0.00,68.13
10:41:00,15,13.83,0.00,11.70,0.00,0.00,5.32,0.00,0.00,0.00,69.15
10:41:01,4,15.79,0.00,10.53,0.00,0.00,5.26,0.00,0.00,0.00,68.42
10:41:01,5,16.13,0.00,12.90,0.00,0.00,5.38,0.00,0.00,0.00,65.59
10:41:01,6,13.19,0.00,13.19,0.00,0.00,4.40,0.00,0.00,0.00,69.23
10:41:01,7,15.05,0.00,9.68,0.00,0.00,5.38,0.00,0.00,0.00,69.89
10:41:01,12,15.96,0.00,12.77,0.00,0.00,4.26,0.00,0.00,0.00,67.02
10:41:01,13,15.96,0.00,11.70,0.00,0.00,5.32,0.00,0.00,0.00,67.02
10:41:01,14,15.56,0.00,10.00,0.00,0.00,3.33,0.00,0.00,0.00,71.11
10:41:01,15,14.13,0.00,10.87,0.00,0.00,4.35,0.00,0.00,0.00,70.65
10:41:02,4,15.22,0.00,10.87,0.00,0.00,4.35,0.00,0.00,0.00,69.57
10:41:02,5,15.22,0.00,11.96,0.00,0.00,4.35,0.00,0.00,0.00,68.48
10:41:02,6,13.83,0.00,11.70,1.06,0.00,5.32,0.00,0.00,0.00,68.09
10:41:02,7,14.13,0.00,10.87,0.00,0.00,4.35,0.00,0.00,0.00,70.65
10:41:02,12,13.83,0.00,12.77,1.06,0.00,5.32,0.00,0.00,0.00,67.02
10:41:02,13,13.19,0.00,10.99,0.00,0.00,5.49,0.00,0.00,0.00,70.33
10:41:02,14,15.96,0.00,11.70,0.00,0.00,5.32,0.00,0.00,0.00,67.02
10:41:02,15,13.98,0.00,13.98,0.00,0.00,4.30,0.00,0.00,0.00,67.74
10:41:03,4,15.22,0.00,10.87,0.00,0.00,4.35,0.00,0.00,0.00,69.57
10:41:03,5,14.43,0.00,13.40,0.00,0.00,6.19,0.00,0.00,0.00,65.98
10:41:03,6,15.22,0.00,11.96,0.00,0.00,4.35,0.00,0.00,0.00,68.48
10:41:03,7,13.19,0.00,12.09,0.00,0.00,4.40,0.00,0.00,0.00,70.33
10:41:03,12,15.22,0.00,10.87,0.00,0.00,4.35,0.00,0.00,0.00,69.57
10:41:03,13,15.22,0.00,13.04,0.00,0.00,3.26,0.00,0.00,0.00,68.48
10:41:03,14,14.13,0.00,11.96,0.00,0.00,4.35,0.00,0.00,0.00,69.57
10:41:03,15,13.68,0.00,12.63,0.00,0.00,5.26,0.00,0.00,0.00,68.42
10:41:04,4,15.05,0.00,11.83,0.00,0.00,3.23,0.00,0.00,0.00,69.89
10:41:04,5,16.48,0.00,13.19,0.00,0.00,4.40,0.00,0.00,0.00,65.93
10:41:04,6,14.74,0.00,12.63,0.00,0.00,5.26,0.00,0.00,0.00,67.37
10:41:04,7,15.79,0.00,12.63,0.00,0.00,4.21,0.00,0.00,0.00,67.37
10:41:04,12,14.29,0.00,12.09,0.00,0.00,3.30,0.00,0.00,0.00,70.33
10:41:04,13,12.90,0.00,12.90,0.00,0.00,5.38,0.00,0.00,0.00,68.82
10:41:04,14,13.54,0.00,13.54,0.00,0.00,6.25,0.00,0.00,0.00,66.67
10:41:04,15,14.89,0.00,12.77,0.00,0.00,3.19,0.00,0.00,0.00,69.15
10:41:05,4,16.30,0.00,13.04,0.00,0.00,4.35,0.00,0.00,0.00,66.30
10:41:05,5,16.13,0.00,12.90,0.00,0.00,5.38,0.00,0.00,0.00,65.59
10:41:05,6,19.78,0.00,13.19,0.00,0.00,3.30,0.00,0.00,0.00,63.74
10:41:05,7,13.04,0.00,10.87,0.00,0.00,3.26,0.00,0.00,0.00,72.83
10:41:05,12,16.84,0.00,11.58,0.00,0.00,5.26,0.00,0.00,0.00,66.32
10:41:05,13,14.44,0.00,12.22,0.00,0.00,4.44,0.00,0.00,0.00,68.89
10:41:05,14,16.13,0.00,12.90,0.00,0.00,4.30,0.00,0.00,0.00,66.67
10:41:05,15,14.58,0.00,11.46,0.00,0.00,5.21,0.00,0.00,0.00,68.75
10:41:06,4,18.09,0.00,10.64,0.00,0.00,4.26,0.00,0.00,0.00,67.02
10:41:06,5,15.79,0.00,12.63,0.00,0.00,5.26,0.00,0.00,0.00,66.32
10:41:06,6,13.19,0.00,12.09,0.00,0.00,4.40,0.00,0.00,0.00,70.33
10:41:06,7,13.98,0.00,10.75,0.00,0.00,5.38,0.00,0.00,0.00,69.89
10:41:06,12,13.04,0.00,11.96,0.00,0.00,5.43,0.00,0.00,0.00,69.57
10:41:06,13,16.67,0.00,13.54,0.00,0.00,5.21,0.00,0.00,0.00,64.58
10:41:06,14,14.13,0.00,13.04,0.00,0.00,4.35,0.00,0.00,0.00,68.48
10:41:06,15,14.58,0.00,12.50,0.00,0.00,5.21,0.00,0.00,0.00,67.71
10:41:07,4,15.79,0.00,12.63,0.00,0.00,5.26,0.00,0.00,0.00,66.32
10:41:07,5,15.22,0.00,14.13,0.00,0.00,3.26,0.00,0.00,0.00,67.39
10:41:07,6,15.56,0.00,12.22,0.00,0.00,4.44,0.00,0.00,0.00,67.78
10:41:07,7,12.77,0.00,12.77,0.00,0.00,4.26,0.00,0.00,0.00,70.21
10:41:07,12,14.89,0.00,13.83,0.00,0.00,4.26,0.00,0.00,0.00,67.02
10:41:07,13,15.22,0.00,10.87,0.00,0.00,6.52,0.00,0.00,0.00,67.39
10:41:07,14,13.98,0.00,11.83,0.00,0.00,5.38,0.00,0.00,0.00,68.82
10:41:07,15,13.04,0.00,11.96,0.00,0.00,4.35,0.00,0.00,0.00,70.65
10:41:08,4,15.05,0.00,10.75,0.00,0.00,4.30,0.00,0.00,0.00,69.89
10:41:08,5,15.22,0.00,11.96,0.00,0.00,5.43,0.00,0.00,0.00,67.39
10:41:08,6,14.13,0.00,11.96,0.00,0.00,4.35,0.00,0.00,0.00,69.57
10:41:08,7,10.75,0.00,10.75,0.00,0.00,5.38,0.00,0.00,0.00,73.12
10:41:08,12,12.90,0.00,15.05,0.00,0.00,4.30,0.00,0.00,0.00,67.74
10:41:08,13,13.98,0.00,13.98,0.00,0.00,3.23,0.00,0.00,0.00,68.82
10:41:08,14,14.44,0.00,13.33,0.00,0.00,3.33,0.00,0.00,0.00,68.89
10:41:08,15,14.74,0.00,11.58,0.00,0.00,4.21,0.00,0.00,0.00,69.47
10:41:09,4,15.62,0.00,11.46,0.00,0.00,5.21,0.00,0.00,0.00,67.71
10:41:09,5,15.91,0.00,10.23,0.00,0.00,4.55,0.00,0.00,0.00,69.32
10:41:09,6,15.38,0.00,10.99,0.00,0.00,4.40,0.00,0.00,0.00,69.23
10:41:09,7,13.98,0.00,10.75,0.00,0.00,5.38,0.00,0.00,0.00,69.89
10:41:09,12,15.96,0.00,12.77,0.00,0.00,4.26,0.00,0.00,0.00,67.02
10:41:09,13,16.13,0.00,10.75,0.00,0.00,5.38,0.00,0.00,0.00,67.74
10:41:09,14,13.04,0.00,11.96,0.00,0.00,5.43,0.00,0.00,0.00,69.57
10:41:09,15,13.83,0.00,10.64,0.00,0.00,5.32,0.00,0.00,0.00,70.21
10:41:10,4,15.56,0.00,12.22,0.00,0.00,4.44,0.00,0.00,0.00,67.78
10:41:10,5,13.98,0.00,16.13,0.00,0.00,4.30,0.00,0.00,0.00,65.59
10:41:10,6,13.68,0.00,12.63,0.00,0.00,6.32,0.00,0.00,0.00,67.37
10:41:10,7,13.19,0.00,12.09,0.00,0.00,3.30,0.00,0.00,0.00,71.43
10:41:10,12,20.21,0.00,12.77,0.00,0.00,6.38,0.00,0.00,0.00,60.64
10:41:10,13,15.38,0.00,12.09,0.00,0.00,5.49,0.00,0.00,0.00,67.03
10:41:10,14,17.02,0.00,13.83,0.00,0.00,5.32,0.00,0.00,0.00,63.83
10:41:10,15,14.13,0.00,11.96,0.00,0.00,5.43,0.00,0.00,0.00,68.48
10:41:11,4,15.96,0.00,11.70,0.00,0.00,4.26,0.00,0.00,0.00,68.09
10:41:11,5,15.05,0.00,11.83,0.00,0.00,5.38,0.00,0.00,0.00,67.74
10:41:11,6,13.33,0.00,10.00,0.00,0.00,5.56,0.00,0.00,0.00,71.11
10:41:11,7,13.04,0.00,11.96,0.00,0.00,4.35,0.00,0.00,0.00,70.65
10:41:11,12,15.96,0.00,10.64,0.00,0.00,4.26,0.00,0.00,0.00,69.15
10:41:11,13,17.39,0.00,11.96,0.00,0.00,4.35,0.00,0.00,0.00,66.30
10:41:11,14,13.04,0.00,13.04,0.00,0.00,4.35,0.00,0.00,0.00,69.57
10:41:11,15,15.96,0.00,11.70,0.00,0.00,5.32,0.00,0.00,0.00,67.02
10:41:12,4,17.20,0.00,11.83,0.00,0.00,4.30,0.00,0.00,0.00,66.67
10:41:12,5,14.29,0.00,15.38,1.10,0.00,3.30,0.00,0.00,0.00,65.93
10:41:12,6,15.05,0.00,16.13,0.00,0.00,3.23,0.00,0.00,0.00,65.59
10:41:12,7,12.90,0.00,11.83,0.00,0.00,5.38,0.00,0.00,0.00,69.89
10:41:12,12,14.89,0.00,11.70,1.06,0.00,4.26,0.00,0.00,0.00,68.09
10:41:12,13,15.79,0.00,11.58,0.00,0.00,5.26,0.00,0.00,0.00,67.37
10:41:12,14,14.43,0.00,13.40,0.00,0.00,5.15,0.00,0.00,0.00,67.01
10:41:12,15,13.04,0.00,9.78,0.00,0.00,4.35,0.00,0.00,0.00,72.83
10:41:13,4,16.85,0.00,10.11,0.00,0.00,5.62,0.00,0.00,0.00,67.42
10:41:13,5,15.96,0.00,11.70,0.00,0.00,5.32,0.00,0.00,0.00,67.02
10:41:13,6,15.79,0.00,13.68,0.00,0.00,3.16,0.00,0.00,0.00,67.37
10:41:13,7,13.04,0.00,11.96,0.00,0.00,3.26,0.00,0.00,0.00,71.74
10:41:13,12,15.56,0.00,10.00,0.00,0.00,5.56,0.00,0.00,0.00,68.89
10:41:13,13,14.13,0.00,13.04,0.00,0.00,5.43,0.00,0.00,0.00,67.39
10:41:13,14,13.33,0.00,12.22,0.00,0.00,4.44,0.00,0.00,0.00,70.00
10:41:13,15,13.98,0.00,11.83,0.00,0.00,4.30,0.00,0.00,0.00,69.89
10:41:14,4,14.74,0.00,10.53,0.00,0.00,5.26,0.00,0.00,0.00,69.47
10:41:14,5,13.04,0.00,11.96,0.00,0.00,5.43,0.00,0.00,0.00,69.57
10:41:14,6,15.22,0.00,11.96,0.00,0.00,4.35,0.00,0.00,0.00,68.48
10:41:14,7,15.62,0.00,11.46,0.00,0.00,5.21,0.00,0.00,0.00,67.71
10:41:14,12,14.13,0.00,11.96,0.00,0.00,5.43,0.00,0.00,0.00,68.48
10:41:14,13,14.89,0.00,11.70,0.00,0.00,5.32,0.00,0.00,0.00,68.09
10:41:14,14,14.89,0.00,11.70,0.00,0.00,5.32,0.00,0.00,0.00,68.09
10:41:14,15,16.49,0.00,11.34,0.00,0.00,4.12,0.00,0.00,0.00,68.04
10:41:15,4,17.20,0.00,11.83,0.00,0.00,4.30,0.00,0.00,0.00,66.67
10:41:15,5,15.38,0.00,13.19,0.00,0.00,4.40,0.00,0.00,0.00,67.03
10:41:15,6,16.48,0.00,12.09,0.00,0.00,4.40,0.00,0.00,0.00,67.03
10:41:15,7,14.74,0.00,11.58,0.00,0.00,5.26,0.00,0.00,0.00,68.42
10:41:15,12,17.20,0.00,10.75,0.00,0.00,5.38,0.00,0.00,0.00,66.67
10:41:15,13,16.67,0.00,12.22,0.00,0.00,5.56,0.00,0.00,0.00,65.56
10:41:15,14,15.73,0.00,12.36,0.00,0.00,4.49,0.00,0.00,0.00,67.42
10:41:15,15,16.13,0.00,11.83,0.00,0.00,4.30,0.00,0.00,0.00,67.74
10:41:16,4,15.38,0.00,10.99,0.00,0.00,4.40,0.00,0.00,0.00,69.23
10:41:16,5,15.05,0.00,12.90,0.00,0.00,4.30,0.00,0.00,0.00,67.74
10:41:16,6,15.05,0.00,12.90,0.00,0.00,4.30,0.00,0.00,0.00,67.74
10:41:16,7,14.13,0.00,11.96,0.00,0.00,4.35,0.00,0.00,0.00,69.57
10:41:16,12,15.05,0.00,10.75,0.00,0.00,6.45,0.00,0.00,0.00,67.74
10:41:16,13,14.13,0.00,13.04,0.00,0.00,4.35,0.00,0.00,0.00,68.48
10:41:16,14,14.74,0.00,11.58,0.00,0.00,6.32,0.00,0.00,0.00,67.37
10:41:16,15,15.79,0.00,12.63,0.00,0.00,4.21,0.00,0.00,0.00,67.37
10:41:17,4,15.79,0.00,12.63,0.00,0.00,6.32,0.00,0.00,0.00,65.26
10:41:17,5,14.61,0.00,15.73,0.00,0.00,4.49,0.00,0.00,0.00,65.17
10:41:17,6,13.04,0.00,13.04,0.00,0.00,4.35,0.00,0.00,0.00,69.57
10:41:17,7,12.90,0.00,13.98,0.00,0.00,3.23,0.00,0.00,0.00,69.89
10:41:17,12,15.22,0.00,10.87,0.00,0.00,4.35,0.00,0.00,0.00,69.57
10:41:17,13,16.30,0.00,13.04,0.00,0.00,5.43,0.00,0.00,0.00,65.22
10:41:17,14,15.05,0.00,12.90,0.00,0.00,4.30,0.00,0.00,0.00,67.74
10:41:17,15,12.63,0.00,13.68,0.00,0.00,4.21,0.00,0.00,0.00,69.47
10:41:18,4,15.79,0.00,12.63,0.00,0.00,4.21,0.00,0.00,0.00,67.37
10:41:18,5,15.22,0.00,11.96,0.00,0.00,5.43,0.00,0.00,0.00,67.39
10:41:18,6,14.89,0.00,11.70,0.00,0.00,5.32,0.00,0.00,0.00,68.09
10:41:18,7,14.74,0.00,12.63,0.00,0.00,5.26,0.00,0.00,0.00,67.37
10:41:18,12,14.13,0.00,11.96,0.00,0.00,4.35,0.00,0.00,0.00,69.57
10:41:18,13,15.22,0.00,10.87,0.00,0.00,5.43,0.00,0.00,0.00,68.48
10:41:18,14,15.05,0.00,11.83,0.00,0.00,4.30,0.00,0.00,0.00,68.82
10:41:18,15,13.83,0.00,12.77,0.00,0.00,5.32,0.00,0.00,0.00,68.09
10:41:19,4,16.13,0.00,10.75,0.00,0.00,4.30,0.00,0.00,0.00,68.82
10:41:19,5,17.89,0.00,11.58,0.00,0.00,4.21,0.00,0.00,0.00,66.32
10:41:19,6,14.74,0.00,12.63,0.00,0.00,5.26,0.00,0.00,0.00,67.37
10:41:19,7,14.89,0.00,11.70,0.00,0.00,5.32,0.00,0.00,0.00,68.09
10:41:19,12,15.05,0.00,12.90,0.00,0.00,4.30,0.00,0.00,0.00,67.74
10:41:19,13,13.33,0.00,11.11,0.00,0.00,4.44,0.00,0.00,0.00,71.11
10:41:19,14,13.19,0.00,10.99,0.00,0.00,5.49,0.00,0.00,0.00,70.33
10:41:19,15,13.04,0.00,11.96,0.00,0.00,5.43,0.00,0.00,0.00,69.57
10:41:20,4,15.22,0.00,13.04,0.00,0.00,5.43,0.00,0.00,0.00,66.30
10:41:20,5,14.29,0.00,12.09,0.00,0.00,5.49,0.00,0.00,0.00,68.13
10:41:20,6,17.02,0.00,12.77,0.00,0.00,4.26,0.00,0.00,0.00,65.96
10:41:20,7,15.38,0.00,9.89,0.00,0.00,4.40,0.00,0.00,0.00,70.33
10:41:20,12,16.67,0.00,11.46,0.00,0.00,5.21,0.00,0.00,0.00,66.67
10:41:20,13,17.71,0.00,14.58,0.00,0.00,4.17,0.00,0.00,0.00,63.54
10:41:20,14,18.28,0.00,12.90,0.00,0.00,4.30,0.00,0.00,0.00,64.52
10:41:20,15,14.29,0.00,10.99,0.00,0.00,4.40,0.00,0.00,0.00,70.33
10:41:21,4,15.96,0.00,11.70,0.00,0.00,6.38,0.00,0.00,0.00,65.96
10:41:21,5,15.22,0.00,11.96,0.00,0.00,5.43,0.00,0.00,0.00,67.39
10:41:21,6,17.71,0.00,12.50,0.00,0.00,5.21,0.00,0.00,0.00,64.58
10:41:21,7,14.89,0.00,10.64,0.00,0.00,4.26,0.00,0.00,0.00,70.21
10:41:21,12,15.38,0.00,13.19,0.00,0.00,5.49,0.00,0.00,0.00,65.93
10:41:21,13,15.22,0.00,13.04,0.00,0.00,5.43,0.00,0.00,0.00,66.30
10:41:21,14,15.62,0.00,12.50,0.00,0.00,5.21,0.00,0.00,0.00,66.67
10:41:21,15,12.09,0.00,12.09,0.00,0.00,4.40,0.00,0.00,0.00,71.43
10:41:22,4,15.96,0.00,12.77,0.00,0.00,3.19,0.00,0.00,0.00,68.09
10:41:22,5,15.79,0.00,11.58,2.11,0.00,5.26,0.00,0.00,0.00,65.26
10:41:22,6,13.04,0.00,11.96,0.00,0.00,5.43,0.00,0.00,0.00,69.57
10:41:22,7,12.77,0.00,12.77,0.00,0.00,5.32,0.00,0.00,0.00,69.15
10:41:22,12,14.89,0.00,12.77,0.00,0.00,5.32,0.00,0.00,0.00,67.02
10:41:22,13,13.68,0.00,14.74,0.00,0.00,5.26,0.00,0.00,0.00,66.32
10:41:22,14,14.13,0.00,11.96,0.00,0.00,5.43,0.00,0.00,0.00,68.48
10:41:22,15,14.89,0.00,10.64,0.00,0.00,5.32,0.00,0.00,0.00,69.15
10:41:23,4,13.83,0.00,14.89,0.00,0.00,5.32,0.00,0.00,0.00,65.96
10:41:23,5,17.89,0.00,13.68,0.00,0.00,5.26,0.00,0.00,0.00,63.16
10:41:23,6,14.89,0.00,12.77,0.00,0.00,4.26,0.00,0.00,0.00,68.09
10:41:23,7,13.83,0.00,10.64,0.00,0.00,3.19,0.00,0.00,0.00,72.34
10:41:23,12,15.79,0.00,11.58,0.00,0.00,4.21,0.00,0.00,0.00,68.42
10:41:23,13,18.68,0.00,10.99,0.00,0.00,4.40,0.00,0.00,0.00,65.93
10:41:23,14,14.61,0.00,12.36,0.00,0.00,2.25,0.00,0.00,0.00,70.79
10:41:23,15,12.77,0.00,12.77,0.00,0.00,4.26,0.00,0.00,0.00,70.21
10:41:24,4,14.13,0.00,9.78,0.00,0.00,5.43,0.00,0.00,0.00,70.65
10:41:24,5,14.13,0.00,11.96,0.00,0.00,6.52,0.00,0.00,0.00,67.39
10:41:24,6,15.05,0.00,10.75,0.00,0.00,5.38,0.00,0.00,0.00,68.82
10:41:24,7,14.74,0.00,13.68,0.00,0.00,5.26,0.00,0.00,0.00,66.32
10:41:24,12,15.38,0.00,8.79,0.00,0.00,6.59,0.00,0.00,0.00,69.23
10:41:24,13,17.20,0.00,10.75,0.00,0.00,4.30,0.00,0.00,0.00,67.74
10:41:24,14,13.98,0.00,12.90,0.00,0.00,4.30,0.00,0.00,0.00,68.82
10:41:24,15,15.62,0.00,11.46,0.00,0.00,5.21,0.00,0.00,0.00,67.71
10:41:25,4,16.67,0.00,13.33,0.00,0.00,3.33,0.00,0.00,0.00,66.67
10:41:25,5,16.84,0.00,13.68,0.00,0.00,5.26,0.00,0.00,0.00,64.21
10:41:25,6,16.84,0.00,14.74,0.00,0.00,4.21,0.00,0.00,0.00,64.21
10:41:25,7,12.77,0.00,11.70,0.00,0.00,5.32,0.00,0.00,0.00,70.21
10:41:25,12,15.38,0.00,10.99,0.00,0.00,4.40,0.00,0.00,0.00,69.23
10:41:25,13,16.67,0.00,18.75,0.00,0.00,5.21,0.00,0.00,0.00,59.38
10:41:25,14,13.98,0.00,13.98,0.00,0.00,5.38,0.00,0.00,0.00,66.67
10:41:25,15,14.13,0.00,11.96,0.00,0.00,4.35,0.00,0.00,0.00,69.57
10:41:26,4,15.38,0.00,14.29,0.00,0.00,3.30,0.00,0.00,0.00,67.03
10:41:26,5,15.56,0.00,10.00,0.00,0.00,4.44,0.00,0.00,0.00,70.00
10:41:26,6,15.05,0.00,13.98,0.00,0.00,4.30,0.00,0.00,0.00,66.67
10:41:26,7,13.98,0.00,10.75,0.00,0.00,4.30,0.00,0.00,0.00,70.97
10:41:26,12,13.83,0.00,13.83,0.00,0.00,5.32,0.00,0.00,0.00,67.02
10:41:26,13,17.20,0.00,12.90,0.00,0.00,4.30,0.00,0.00,0.00,65.59
10:41:26,14,15.22,0.00,10.87,0.00,0.00,4.35,0.00,0.00,0.00,69.57
10:41:26,15,12.09,0.00,9.89,0.00,0.00,4.40,0.00,0.00,0.00,73.63
10:41:27,4,14.13,0.00,10.87,0.00,0.00,4.35,0.00,0.00,0.00,70.65
10:41:27,5,15.22,0.00,15.22,0.00,0.00,4.35,0.00,0.00,0.00,65.22
10:41:27,6,16.30,0.00,9.78,0.00,0.00,4.35,0.00,0.00,0.00,69.57
10:41:27,7,13.04,0.00,13.04,0.00,0.00,4.35,0.00,0.00,0.00,69.57
10:41:27,12,15.22,0.00,10.87,2.17,0.00,4.35,0.00,0.00,0.00,67.39
10:41:27,13,14.89,0.00,12.77,0.00,0.00,5.32,0.00,0.00,0.00,67.02
10:41:27,14,14.89,0.00,12.77,0.00,0.00,5.32,0.00,0.00,0.00,67.02
10:41:27,15,13.98,0.00,11.83,0.00,0.00,4.30,0.00,0.00,0.00,69.89
10:41:28,4,13.04,0.00,14.13,0.00,0.00,3.26,0.00,0.00,0.00,69.57
10:41:28,5,17.20,0.00,11.83,0.00,0.00,4.30,0.00,0.00,0.00,66.67
10:41:28,6,14.89,0.00,12.77,0.00,0.00,4.26,0.00,0.00,0.00,68.09
10:41:28,7,12.90,0.00,13.98,0.00,0.00,5.38,0.00,0.00,0.00,67.74
10:41:28,12,15.79,0.00,11.58,0.00,0.00,5.26,0.00,0.00,0.00,67.37
10:41:28,13,17.58,0.00,12.09,0.00,0.00,2.20,0.00,0.00,0.00,68.13
10:41:28,14,14.89,0.00,11.70,0.00,0.00,5.32,0.00,0.00,0.00,68.09
10:41:28,15,15.05,0.00,10.75,0.00,0.00,4.30,0.00,0.00,0.00,69.89
10:41:29,4,13.83,0.00,13.83,0.00,0.00,4.26,0.00,0.00,0.00,68.09
10:41:29,5,14.29,0.00,12.09,0.00,0.00,5.49,0.00,0.00,0.00,68.13
10:41:29,6,14.89,0.00,12.77,0.00,0.00,5.32,0.00,0.00,0.00,67.02
10:41:29,7,13.98,0.00,11.83,0.00,0.00,4.30,0.00,0.00,0.00,69.89
10:41:29,12,14.89,0.00,11.70,0.00,0.00,5.32,0.00,0.00,0.00,68.09
10:41:29,13,16.13,0.00,15.05,0.00,0.00,4.30,0.00,0.00,0.00,64.52
10:41:29,14,14.89,0.00,13.83,0.00,0.00,4.26,0.00,0.00,0.00,67.02
10:41:29,15,13.83,0.00,11.70,0.00,0.00,5.32,0.00,0.00,0.00,69.15
10:41:30,4,18.48,0.00,13.04,0.00,0.00,5.43,0.00,0.00,0.00,63.04
10:41:30,5,15.22,0.00,11.96,0.00,0.00,5.43,0.00,0.00,0.00,67.39
10:41:30,6,14.29,0.00,13.19,0.00,0.00,4.40,0.00,0.00,0.00,68.13
10:41:30,7,15.05,0.00,11.83,0.00,0.00,4.30,0.00,0.00,0.00,68.82
10:41:30,12,14.89,0.00,13.83,0.00,0.00,5.32,0.00,0.00,0.00,65.96
10:41:30,13,15.38,0.00,14.29,0.00,0.00,4.40,0.00,0.00,0.00,65.93
10:41:30,14,16.30,0.00,11.96,0.00,0.00,3.26,0.00,0.00,0.00,68.48
10:41:30,15,14.13,0.00,13.04,0.00,0.00,4.35,0.00,0.00,0.00,68.48
10:41:31,4,16.67,0.00,12.50,0.00,0.00,4.17,0.00,0.00,0.00,66.67
10:41:31,5,15.22,0.00,10.87,0.00,0.00,5.43,0.00,0.00,0.00,68.48
10:41:31,6,14.13,0.00,11.96,0.00,0.00,4.35,0.00,0.00,0.00,69.57
10:41:31,7,13.83,0.00,11.70,0.00,0.00,5.32,0.00,0.00,0.00,69.15
10:41:31,12,13.04,0.00,11.96,0.00,0.00,5.43,0.00,0.00,0.00,69.57
10:41:31,13,16.84,0.00,14.74,0.00,0.00,4.21,0.00,0.00,0.00,64.21
10:41:31,14,12.22,0.00,13.33,0.00,0.00,4.44,0.00,0.00,0.00,70.00
10:41:31,15,13.68,0.00,13.68,0.00,0.00,5.26,0.00,0.00,0.00,67.37
10:41:32,4,15.05,0.00,11.83,0.00,0.00,5.38,0.00,0.00,0.00,67.74
10:41:32,5,16.84,0.00,13.68,0.00,0.00,3.16,0.00,0.00,0.00,66.32
10:41:32,6,15.22,0.00,13.04,0.00,0.00,3.26,0.00,0.00,0.00,68.48
10:41:32,7,14.89,0.00,12.77,0.00,0.00,3.19,0.00,0.00,0.00,69.15
10:41:32,12,13.40,0.00,14.43,0.00,0.00,5.15,0.00,0.00,0.00,67.01
10:41:32,13,15.56,0.00,12.22,0.00,0.00,4.44,0.00,0.00,0.00,67.78
10:41:32,14,14.29,0.00,12.09,0.00,0.00,4.40,0.00,0.00,0.00,69.23
10:41:32,15,13.83,0.00,12.77,0.00,0.00,5.32,0.00,0.00,0.00,68.09
10:41:33,4,15.96,0.00,11.70,0.00,0.00,4.26,0.00,0.00,0.00,68.09
10:41:33,5,17.02,0.00,11.70,0.00,0.00,4.26,0.00,0.00,0.00,67.02
10:41:33,6,15.05,0.00,10.75,0.00,0.00,5.38,0.00,0.00,0.00,68.82
10:41:33,7,16.13,0.00,11.83,0.00,0.00,5.38,0.00,0.00,0.00,66.67
10:41:33,12,15.38,0.00,13.19,0.00,0.00,3.30,0.00,0.00,0.00,68.13
10:41:33,13,13.83,0.00,15.96,0.00,0.00,5.32,0.00,0.00,0.00,64.89
10:41:33,14,13.98,0.00,11.83,0.00,0.00,5.38,0.00,0.00,0.00,68.82
10:41:33,15,16.13,0.00,12.90,0.00,0.00,3.23,0.00,0.00,0.00,67.74
10:41:34,4,15.22,0.00,11.96,0.00,0.00,4.35,0.00,0.00,0.00,68.48
10:41:34,5,14.89,0.00,14.89,0.00,0.00,5.32,0.00,0.00,0.00,64.89
10:41:34,6,12.64,0.00,10.34,0.00,0.00,4.60,0.00,0.00,0.00,72.41
10:41:34,7,11.70,0.00,10.64,0.00,0.00,4.26,0.00,0.00,0.00,73.40
10:41:34,12,16.13,0.00,11.83,0.00,0.00,5.38,0.00,0.00,0.00,66.67
10:41:34,13,15.56,0.00,13.33,0.00,0.00,4.44,0.00,0.00,0.00,66.67
10:41:34,14,14.29,0.00,14.29,0.00,0.00,5.49,0.00,0.00,0.00,65.93
10:41:34,15,12.90,0.00,11.83,0.00,0.00,4.30,0.00,0.00,0.00,70.97
10:41:35,4,17.02,0.00,14.89,0.00,0.00,4.26,0.00,0.00,0.00,63.83
10:41:35,5,16.67,0.00,10.00,0.00,0.00,4.44,0.00,0.00,0.00,68.89
10:41:35,6,16.84,0.00,12.63,0.00,0.00,4.21,0.00,0.00,0.00,66.32
10:41:35,7,13.54,0.00,12.50,0.00,0.00,6.25,0.00,0.00,0.00,67.71
10:41:35,12,15.62,0.00,13.54,0.00,0.00,5.21,0.00,0.00,0.00,65.62
10:41:35,13,15.96,0.00,11.70,0.00,0.00,5.32,0.00,0.00,0.00,67.02
10:41:35,14,16.13,0.00,12.90,0.00,0.00,4.30,0.00,0.00,0.00,66.67
10:41:35,15,13.83,0.00,11.70,0.00,0.00,4.26,0.00,0.00,0.00,70.21
10:41:36,4,17.39,0.00,10.87,0.00,0.00,5.43,0.00,0.00,0.00,66.30
10:41:36,5,15.38,0.00,12.09,0.00,0.00,4.40,0.00,0.00,0.00,68.13
10:41:36,6,16.84,0.00,11.58,0.00,0.00,6.32,0.00,0.00,0.00,65.26
10:41:36,7,13.33,0.00,12.22,0.00,0.00,3.33,0.00,0.00,0.00,71.11
10:41:36,12,18.48,0.00,13.04,0.00,0.00,4.35,0.00,0.00,0.00,64.13
10:41:36,13,16.30,0.00,11.96,0.00,0.00,6.52,0.00,0.00,0.00,65.22
10:41:36,14,17.39,0.00,11.96,0.00,0.00,4.35,0.00,0.00,0.00,66.30
10:41:36,15,15.79,0.00,12.63,0.00,0.00,4.21,0.00,0.00,0.00,67.37
10:41:37,4,16.30,0.00,13.04,0.00,0.00,4.35,0.00,0.00,0.00,66.30
10:41:37,5,16.13,0.00,11.83,0.00,0.00,5.38,0.00,0.00,0.00,66.67
10:41:37,6,16.30,0.00,11.96,0.00,0.00,4.35,0.00,0.00,0.00,67.39
10:41:37,7,13.83,0.00,11.70,0.00,0.00,4.26,0.00,0.00,0.00,70.21
10:41:37,12,17.39,0.00,10.87,0.00,0.00,4.35,0.00,0.00,0.00,67.39
10:41:37,13,17.20,0.00,12.90,0.00,0.00,5.38,0.00,0.00,0.00,64.52
10:41:37,14,13.98,0.00,12.90,1.08,0.00,5.38,0.00,0.00,0.00,66.67
10:41:37,15,11.96,0.00,11.96,0.00,0.00,5.43,0.00,0.00,0.00,70.65
10:41:38,4,15.38,0.00,10.99,0.00,0.00,4.40,0.00,0.00,0.00,69.23
10:41:38,5,14.89,0.00,12.77,0.00,0.00,5.32,0.00,0.00,0.00,67.02
10:41:38,6,14.89,0.00,12.77,0.00,0.00,4.26,0.00,0.00,0.00,68.09
10:41:38,7,14.89,0.00,10.64,0.00,0.00,4.26,0.00,0.00,0.00,70.21
10:41:38,12,13.33,0.00,11.11,0.00,0.00,4.44,0.00,0.00,0.00,71.11
10:41:38,13,14.13,0.00,17.39,0.00,0.00,4.35,0.00,0.00,0.00,64.13
10:41:38,14,14.29,0.00,14.29,0.00,0.00,4.40,0.00,0.00,0.00,67.03
10:41:38,15,14.89,0.00,11.70,0.00,0.00,5.32,0.00,0.00,0.00,68.09
10:41:39,4,16.67,0.00,11.46,0.00,0.00,6.25,0.00,0.00,0.00,65.62
10:41:39,5,16.13,0.00,11.83,0.00,0.00,4.30,0.00,0.00,0.00,67.74
10:41:39,6,13.98,0.00,11.83,0.00,0.00,5.38,0.00,0.00,0.00,68.82
10:41:39,7,11.96,0.00,10.87,0.00,0.00,4.35,0.00,0.00,0.00,72.83
10:41:39,12,15.56,0.00,12.22,0.00,0.00,4.44,0.00,0.00,0.00,67.78
10:41:39,13,14.89,0.00,14.89,0.00,0.00,4.26,0.00,0.00,0.00,65.96
10:41:39,14,15.38,0.00,12.09,0.00,0.00,4.40,0.00,0.00,0.00,68.13
10:41:39,15,13.83,0.00,15.96,0.00,0.00,3.19,0.00,0.00,0.00,67.02
10:41:40,4,15.96,0.00,12.77,0.00,0.00,5.32,0.00,0.00,0.00,65.96
10:41:40,5,15.79,0.00,13.68,0.00,0.00,4.21,0.00,0.00,0.00,66.32
10:41:40,6,15.96,0.00,11.70,0.00,0.00,5.32,0.00,0.00,0.00,67.02
10:41:40,7,14.29,0.00,10.99,0.00,0.00,5.49,0.00,0.00,0.00,69.23
10:41:40,12,13.98,0.00,12.90,0.00,0.00,4.30,0.00,0.00,0.00,68.82
10:41:40,13,15.05,0.00,11.83,0.00,0.00,5.38,0.00,0.00,0.00,67.74
10:41:40,14,16.48,0.00,13.19,0.00,0.00,3.30,0.00,0.00,0.00,67.03
10:41:40,15,15.22,0.00,11.96,0.00,0.00,4.35,0.00,0.00,0.00,68.48
10:41:41,4,13.98,0.00,12.90,0.00,0.00,5.38,0.00,0.00,0.00,67.74
10:41:41,5,15.05,0.00,13.98,0.00,0.00,4.30,0.00,0.00,0.00,66.67
10:41:41,6,13.83,0.00,13.83,0.00,0.00,4.26,0.00,0.00,0.00,68.09
10:41:41,7,13.98,0.00,10.75,0.00,0.00,5.38,0.00,0.00,0.00,69.89
10:41:41,12,21.28,0.00,13.83,0.00,0.00,5.32,0.00,0.00,0.00,59.57
10:41:41,13,18.48,0.00,10.87,0.00,0.00,5.43,0.00,0.00,0.00,65.22
10:41:41,14,16.48,0.00,14.29,0.00,0.00,5.49,0.00,0.00,0.00,63.74
10:41:41,15,15.46,0.00,13.40,0.00,0.00,5.15,0.00,0.00,0.00,65.98
10:41:42,4,15.56,0.00,12.22,0.00,0.00,4.44,0.00,0.00,0.00,67.78
10:41:42,5,15.38,0.00,16.48,0.00,0.00,5.49,0.00,0.00,0.00,62.64
10:41:42,6,15.22,0.00,13.04,0.00,0.00,4.35,0.00,0.00,0.00,67.39
10:41:42,7,12.22,0.00,11.11,0.00,0.00,3.33,0.00,0.00,0.00,73.33
10:41:42,12,13.04,0.00,11.96,0.00,0.00,5.43,0.00,0.00,0.00,69.57
10:41:42,13,16.30,0.00,13.04,0.00,0.00,5.43,0.00,0.00,0.00,65.22
10:41:42,14,14.13,0.00,14.13,0.00,0.00,4.35,0.00,0.00,0.00,67.39
10:41:42,15,11.83,0.00,12.90,0.00,0.00,4.30,0.00,0.00,0.00,70.97
10:41:43,4,15.22,0.00,10.87,0.00,0.00,6.52,0.00,0.00,0.00,67.39
10:41:43,5,14.89,0.00,15.96,0.00,0.00,5.32,0.00,0.00,0.00,63.83
10:41:43,6,15.79,0.00,13.68,0.00,0.00,5.26,0.00,0.00,0.00,65.26
10:41:43,7,13.83,0.00,11.70,0.00,0.00,4.26,0.00,0.00,0.00,70.21
10:41:43,12,15.96,0.00,12.77,0.00,0.00,3.19,0.00,0.00,0.00,68.09
10:41:43,13,15.05,0.00,12.90,0.00,0.00,5.38,0.00,0.00,0.00,66.67
10:41:43,14,14.13,0.00,13.04,0.00,0.00,4.35,0.00,0.00,0.00,68.48
10:41:43,15,13.98,0.00,11.83,0.00,0.00,3.23,0.00,0.00,0.00,70.97
10:41:44,4,15.05,0.00,13.98,0.00,0.00,3.23,0.00,0.00,0.00,67.74
10:41:44,5,12.09,0.00,15.38,0.00,0.00,4.40,0.00,0.00,0.00,68.13
10:41:44,6,13.19,0.00,13.19,0.00,0.00,3.30,0.00,0.00,0.00,70.33
10:41:44,7,10.99,0.00,10.99,0.00,0.00,5.49,0.00,0.00,0.00,72.53
10:41:44,12,17.02,0.00,12.77,0.00,0.00,6.38,0.00,0.00,0.00,63.83
10:41:44,13,15.05,0.00,12.90,0.00,0.00,5.38,0.00,0.00,0.00,66.67
10:41:44,14,15.22,0.00,9.78,0.00,0.00,6.52,0.00,0.00,0.00,68.48
10:41:44,15,14.58,0.00,12.50,0.00,0.00,5.21,0.00,0.00,0.00,67.71
10:41:45,4,14.29,0.00,12.09,0.00,0.00,3.30,0.00,0.00,0.00,70.33
10:41:45,5,17.39,0.00,10.87,0.00,0.00,4.35,0.00,0.00,0.00,67.39
10:41:45,6,14.29,0.00,10.99,0.00,0.00,5.49,0.00,0.00,0.00,69.23
10:41:45,7,13.98,0.00,10.75,0.00,0.00,6.45,0.00,0.00,0.00,68.82
10:41:45,12,17.20,0.00,8.60,0.00,0.00,5.38,0.00,0.00,0.00,68.82
10:41:45,13,14.89,0.00,11.70,0.00,0.00,5.32,0.00,0.00,0.00,68.09
10:41:45,14,15.79,0.00,11.58,0.00,0.00,5.26,0.00,0.00,0.00,67.37
10:41:45,15,14.74,0.00,12.63,0.00,0.00,4.21,0.00,0.00,0.00,68.42
10:41:46,4,16.84,0.00,11.58,0.00,0.00,4.21,0.00,0.00,0.00,67.37
10:41:46,5,15.79,0.00,15.79,0.00,0.00,6.32,0.00,0.00,0.00,62.11
10:41:46,6,18.09,0.00,13.83,0.00,0.00,4.26,0.00,0.00,0.00,63.83
10:41:46,7,12.63,0.00,12.63,0.00,0.00,4.21,0.00,0.00,0.00,70.53
10:41:46,12,20.21,0.00,13.83,0.00,0.00,4.26,0.00,0.00,0.00,61.70
10:41:46,13,17.20,0.00,13.98,0.00,0.00,4.30,0.00,0.00,0.00,64.52
10:41:46,14,14.44,0.00,14.44,0.00,0.00,5.56,0.00,0.00,0.00,65.56
10:41:46,15,13.19,0.00,10.99,0.00,0.00,4.40,0.00,0.00,0.00,71.43
10:41:47,4,14.13,0.00,11.96,0.00,0.00,5.43,0.00,0.00,0.00,68.48
10:41:47,5,14.13,0.00,14.13,1.09,0.00,5.43,0.00,0.00,0.00,65.22
10:41:47,6,14.89,0.00,12.77,0.00,0.00,5.32,0.00,0.00,0.00,67.02
10:41:47,7,13.19,0.00,13.19,0.00,0.00,4.40,0.00,0.00,0.00,69.23
10:41:47,12,15.22,0.00,13.04,0.00,0.00,3.26,0.00,0.00,0.00,68.48
10:41:47,13,15.05,0.00,12.90,0.00,0.00,4.30,0.00,0.00,0.00,67.74
10:41:47,14,15.62,0.00,12.50,0.00,0.00,5.21,0.00,0.00,0.00,66.67
10:41:47,15,16.67,0.00,12.50,0.00,0.00,4.17,0.00,0.00,0.00,66.67
10:41:48,4,15.96,0.00,11.70,0.00,0.00,4.26,0.00,0.00,0.00,68.09
10:41:48,5,17.20,0.00,11.83,0.00,0.00,5.38,0.00,0.00,0.00,65.59
10:41:48,6,15.22,0.00,11.96,0.00,0.00,3.26,0.00,0.00,0.00,69.57
10:41:48,7,12.90,0.00,12.90,0.00,0.00,4.30,0.00,0.00,0.00,69.89
10:41:48,12,16.30,0.00,10.87,0.00,0.00,5.43,0.00,0.00,0.00,67.39
10:41:48,13,14.29,0.00,10.99,0.00,0.00,5.49,0.00,0.00,0.00,69.23
10:41:48,14,14.44,0.00,11.11,0.00,0.00,4.44,0.00,0.00,0.00,70.00
10:41:48,15,13.83,0.00,12.77,0.00,0.00,4.26,0.00,0.00,0.00,69.15
10:41:49,4,14.89,0.00,11.70,0.00,0.00,5.32,0.00,0.00,0.00,68.09
10:41:49,5,15.22,0.00,11.96,0.00,0.00,6.52,0.00,0.00,0.00,66.30
10:41:49,6,15.22,0.00,13.04,0.00,0.00,4.35,0.00,0.00,0.00,67.39
10:41:49,7,13.04,0.00,9.78,0.00,0.00,5.43,0.00,0.00,0.00,71.74
10:41:49,12,15.96,0.00,12.77,0.00,0.00,4.26,0.00,0.00,0.00,67.02
10:41:49,13,15.96,0.00,14.89,0.00,0.00,5.32,0.00,0.00,0.00,63.83
10:41:49,14,15.96,0.00,11.70,0.00,0.00,5.32,0.00,0.00,0.00,67.02
10:41:49,15,14.74,0.00,11.58,0.00,0.00,5.26,0.00,0.00,0.00,68.42
10:41:50,4,15.96,0.00,13.83,0.00,0.00,5.32,0.00,0.00,0.00,64.89
10:41:50,5,16.13,0.00,11.83,0.00,0.00,5.38,0.00,0.00,0.00,66.67
10:41:50,6,13.83,0.00,11.70,0.00,0.00,6.38,0.00,0.00,0.00,68.09
10:41:50,7,12.63,0.00,10.53,0.00,0.00,5.26,0.00,0.00,0.00,71.58
10:41:50,12,16.13,0.00,12.90,0.00,0.00,4.30,0.00,0.00,0.00,66.67
10:41:50,13,13.98,0.00,13.98,0.00,0.00,5.38,0.00,0.00,0.00,66.67
10:41:50,14,16.13,0.00,12.90,0.00,0.00,4.30,0.00,0.00,0.00,66.67
10:41:50,15,13.83,0.00,12.77,0.00,0.00,3.19,0.00,0.00,0.00,70.21
10:41:51,4,18.09,0.00,12.77,0.00,0.00,3.19,0.00,0.00,0.00,65.96
10:41:51,5,15.22,0.00,14.13,0.00,0.00,5.43,0.00,0.00,0.00,65.22
10:41:51,6,15.96,0.00,12.77,0.00,0.00,4.26,0.00,0.00,0.00,67.02
10:41:51,7,15.79,0.00,11.58,0.00,0.00,5.26,0.00,0.00,0.00,67.37
10:41:51,12,15.05,0.00,12.90,0.00,0.00,5.38,0.00,0.00,0.00,66.67
10:41:51,13,17.02,0.00,13.83,0.00,0.00,4.26,0.00,0.00,0.00,64.89
10:41:51,14,14.13,0.00,11.96,0.00,0.00,5.43,0.00,0.00,0.00,68.48
10:41:51,15,15.62,0.00,11.46,0.00,0.00,6.25,0.00,0.00,0.00,66.67
10:41:52,4,15.05,0.00,12.90,1.08,0.00,3.23,0.00,0.00,0.00,67.74
10:41:52,5,15.05,0.00,13.98,0.00,0.00,4.30,0.00,0.00,0.00,66.67
10:41:52,6,13.33,0.00,14.44,0.00,0.00,3.33,0.00,0.00,0.00,68.89
10:41:52,7,14.29,0.00,12.09,0.00,0.00,4.40,0.00,0.00,0.00,69.23
10:41:52,12,13.33,0.00,13.33,0.00,0.00,4.44,0.00,0.00,0.00,68.89
10:41:52,13,15.05,0.00,12.90,0.00,0.00,5.38,0.00,0.00,0.00,66.67
10:41:52,14,14.29,0.00,12.09,0.00,0.00,4.40,0.00,0.00,0.00,69.23
10:41:52,15,12.77,0.00,12.77,0.00,0.00,6.38,0.00,0.00,0.00,68.09
10:41:53,4,17.02,0.00,10.64,0.00,0.00,5.32,0.00,0.00,0.00,67.02
10:41:53,5,15.96,0.00,12.77,0.00,0.00,4.26,0.00,0.00,0.00,67.02
10:41:53,6,13.04,0.00,13.04,0.00,0.00,5.43,0.00,0.00,0.00,68.48
10:41:53,7,13.83,0.00,11.70,0.00,0.00,4.26,0.00,0.00,0.00,70.21
10:41:53,12,14.74,0.00,12.63,0.00,0.00,5.26,0.00,0.00,0.00,67.37
10:41:53,13,15.38,0.00,12.09,0.00,0.00,3.30,0.00,0.00,0.00,69.23
10:41:53,14,15.38,0.00,13.19,0.00,0.00,4.40,0.00,0.00,0.00,67.03
10:41:53,15,12.77,0.00,14.89,0.00,0.00,4.26,0.00,0.00,0.00,68.09
10:41:54,4,15.22,0.00,11.96,0.00,0.00,3.26,0.00,0.00,0.00,69.57
10:41:54,5,14.89,0.00,12.77,0.00,0.00,6.38,0.00,0.00,0.00,65.96
10:41:54,6,14.29,0.00,13.19,0.00,0.00,5.49,0.00,0.00,0.00,67.03
10:41:54,7,13.98,0.00,13.98,0.00,0.00,4.30,0.00,0.00,0.00,67.74
10:41:54,12,14.44,0.00,12.22,0.00,0.00,4.44,0.00,0.00,0.00,68.89
10:41:54,13,14.74,0.00,12.63,0.00,0.00,6.32,0.00,0.00,0.00,66.32
10:41:54,14,15.96,0.00,11.70,0.00,0.00,5.32,0.00,0.00,0.00,67.02
10:41:54,15,14.13,0.00,11.96,0.00,0.00,3.26,0.00,0.00,0.00,70.65
10:41:55,4,14.61,0.00,11.24,0.00,0.00,5.62,0.00,0.00,0.00,68.54
10:41:55,5,15.62,0.00,14.58,0.00,0.00,4.17,0.00,0.00,0.00,65.62
10:41:55,6,13.19,0.00,13.19,0.00,0.00,4.40,0.00,0.00,0.00,69.23
10:41:55,7,14.89,0.00,9.57,0.00,0.00,5.32,0.00,0.00,0.00,70.21
10:41:55,12,14.13,0.00,10.87,0.00,0.00,5.43,0.00,0.00,0.00,69.57
10:41:55,13,13.48,0.00,10.11,0.00,0.00,5.62,0.00,0.00,0.00,70.79
10:41:55,14,15.96,0.00,11.70,0.00,0.00,5.32,0.00,0.00,0.00,67.02
10:41:55,15,14.58,0.00,12.50,0.00,0.00,5.21,0.00,0.00,0.00,67.71
10:41:56,4,15.79,0.00,14.74,0.00,0.00,4.21,0.00,0.00,0.00,65.26
10:41:56,5,14.61,0.00,12.36,0.00,0.00,4.49,0.00,0.00,0.00,68.54
10:41:56,6,17.20,0.00,11.83,0.00,0.00,3.23,0.00,0.00,0.00,67.74
10:41:56,7,13.83,0.00,12.77,0.00,0.00,4.26,0.00,0.00,0.00,69.15
10:41:56,12,17.89,0.00,15.79,0.00,0.00,5.26,0.00,0.00,0.00,61.05
10:41:56,13,19.15,0.00,15.96,0.00,0.00,4.26,0.00,0.00,0.00,60.64
10:41:56,14,16.30,0.00,13.04,0.00,0.00,5.43,0.00,0.00,0.00,65.22
10:41:56,15,12.90,0.00,15.05,0.00,0.00,4.30,0.00,0.00,0.00,67.74
10:41:57,4,15.22,0.00,11.96,0.00,0.00,4.35,0.00,0.00,0.00,68.48
10:41:57,5,14.13,0.00,13.04,0.00,0.00,4.35,0.00,0.00,0.00,68.48
10:41:57,6,14.13,0.00,13.04,0.00,0.00,5.43,0.00,0.00,0.00,67.39
10:41:57,7,11.83,0.00,11.83,0.00,0.00,5.38,0.00,0.00,0.00,70.97
10:41:57,12,15.31,0.00,14.29,0.00,0.00,6.12,0.00,0.00,0.00,64.29
10:41:57,13,16.67,0.00,12.50,0.00,0.00,5.21,0.00,0.00,0.00,65.62
10:41:57,14,15.62,0.00,13.54,1.04,0.00,6.25,0.00,0.00,0.00,63.54
10:41:57,15,13.04,0.00,10.87,0.00,0.00,5.43,0.00,0.00,0.00,70.65
10:41:58,4,16.48,0.00,12.09,0.00,0.00,4.40,0.00,0.00,0.00,67.03
10:41:58,5,15.56,0.00,8.89,0.00,0.00,5.56,0.00,0.00,0.00,70.00
10:41:58,6,15.22,0.00,11.96,0.00,0.00,4.35,0.00,0.00,0.00,68.48
10:41:58,7,14.74,0.00,11.58,0.00,0.00,4.21,0.00,0.00,0.00,69.47
10:41:58,12,15.05,0.00,11.83,0.00,0.00,5.38,0.00,0.00,0.00,67.74
10:41:58,13,15.38,0.00,15.38,0.00,0.00,5.49,0.00,0.00,0.00,63.74
10:41:58,14,15.38,0.00,12.09,0.00,0.00,4.40,0.00,0.00,0.00,68.13
10:41:58,15,14.74,0.00,11.58,0.00,0.00,5.26,0.00,0.00,0.00,68.42
10:41:59,4,15.22,0.00,10.87,0.00,0.00,5.43,0.00,0.00,0.00,68.48
10:41:59,5,17.39,0.00,9.78,0.00,0.00,4.35,0.00,0.00,0.00,68.48
10:41:59,6,16.13,0.00,13.98,0.00,0.00,4.30,0.00,0.00,0.00,65.59
10:41:59,7,12.77,0.00,12.77,0.00,0.00,4.26,0.00,0.00,0.00,70.21
10:41:59,12,15.96,0.00,11.70,0.00,0.00,5.32,0.00,0.00,0.00,67.02
10:41:59,13,18.09,0.00,14.89,0.00,0.00,4.26,0.00,0.00,0.00,62.77
10:41:59,14,16.13,0.00,11.83,0.00,0.00,4.30,0.00,0.00,0.00,67.74
10:41:59,15,15.05,0.00,12.90,0.00,0.00,3.23,0.00,0.00,0.00,68.82
10:42:00,4,16.30,0.00,16.30,0.00,0.00,3.26,0.00,0.00,0.00,64.13
10:42:00,5,13.98,0.00,12.90,0.00,0.00,4.30,0.00,0.00,0.00,68.82
10:42:00,6,12.09,0.00,12.09,0.00,0.00,5.49,0.00,0.00,0.00,70.33
10:42:00,7,13.68,0.00,12.63,0.00,0.00,5.26,0.00,0.00,0.00,68.42
10:42:00,12,16.13,0.00,12.90,0.00,0.00,3.23,0.00,0.00,0.00,67.74
10:42:00,13,17.20,0.00,12.90,0.00,0.00,3.23,0.00,0.00,0.00,66.67
10:42:00,14,16.84,0.00,11.58,0.00,0.00,5.26,0.00,0.00,0.00,66.32
10:42:00,15,13.83,0.00,9.57,0.00,0.00,6.38,0.00,0.00,0.00,70.21
10:42:01,4,15.56,0.00,13.33,0.00,0.00,4.44,0.00,0.00,0.00,66.67
10:42:01,5,17.78,0.00,12.22,0.00,0.00,4.44,0.00,0.00,0.00,65.56
10:42:01,6,15.05,0.00,13.98,0.00,0.00,4.30,0.00,0.00,0.00,66.67
10:42:01,7,12.77,0.00,12.77,0.00,0.00,4.26,0.00,0.00,0.00,70.21
10:42:01,12,17.02,0.00,13.83,0.00,0.00,5.32,0.00,0.00,0.00,63.83
10:42:01,13,20.00,0.00,16.84,0.00,0.00,4.21,0.00,0.00,0.00,58.95
10:42:01,14,15.22,0.00,11.96,0.00,0.00,5.43,0.00,0.00,0.00,67.39
10:42:01,15,14.13,0.00,11.96,0.00,0.00,3.26,0.00,0.00,0.00,70.65
10:42:02,4,16.13,0.00,12.90,0.00,0.00,4.30,0.00,0.00,0.00,66.67
10:42:02,5,17.39,0.00,9.78,0.00,0.00,5.43,0.00,0.00,0.00,67.39
10:42:02,6,17.20,0.00,11.83,0.00,0.00,5.38,0.00,0.00,0.00,65.59
10:42:02,7,13.68,0.00,12.63,0.00,0.00,5.26,0.00,0.00,0.00,68.42
10:42:02,12,16.13,0.00,12.90,0.00,0.00,4.30,0.00,0.00,0.00,66.67
10:42:02,13,14.44,0.00,12.22,0.00,0.00,4.44,0.00,0.00,0.00,68.89
10:42:02,14,14.29,0.00,13.19,0.00,0.00,5.49,0.00,0.00,0.00,67.03
10:42:02,15,16.13,0.00,11.83,0.00,0.00,4.30,0.00,0.00,0.00,67.74
10:42:03,4,15.79,0.00,11.58,0.00,0.00,5.26,0.00,0.00,0.00,67.37
10:42:03,5,14.13,0.00,13.04,0.00,0.00,4.35,0.00,0.00,0.00,68.48
10:42:03,6,14.13,0.00,10.87,0.00,0.00,4.35,0.00,0.00,0.00,70.65
10:42:03,7,13.98,0.00,11.83,0.00,0.00,4.30,0.00,0.00,0.00,69.89
10:42:03,12,14.13,0.00,10.87,0.00,0.00,4.35,0.00,0.00,0.00,70.65
10:42:03,13,15.96,0.00,15.96,0.00,0.00,4.26,0.00,0.00,0.00,63.83
10:42:03,14,14.13,0.00,13.04,0.00,0.00,4.35,0.00,0.00,0.00,68.48
10:42:03,15,15.62,0.00,13.54,0.00,0.00,5.21,0.00,0.00,0.00,65.62
10:42:04,4,14.44,0.00,10.00,0.00,0.00,4.44,0.00,0.00,0.00,71.11
10:42:04,5,16.48,0.00,13.19,0.00,0.00,4.40,0.00,0.00,0.00,65.93
10:42:04,6,12.09,0.00,14.29,0.00,0.00,5.49,0.00,0.00,0.00,68.13
10:42:04,7,12.90,0.00,13.98,0.00,0.00,3.23,0.00,0.00,0.00,69.89
10:42:04,12,16.13,0.00,11.83,0.00,0.00,4.30,0.00,0.00,0.00,67.74
10:42:04,13,16.84,0.00,11.58,0.00,0.00,5.26,0.00,0.00,0.00,66.32
10:42:04,14,16.84,0.00,12.63,0.00,0.00,4.21,0.00,0.00,0.00,66.32
10:42:04,15,14.58,0.00,11.46,0.00,0.00,5.21,0.00,0.00,0.00,68.75
10:42:05,4,15.96,0.00,12.77,0.00,0.00,4.26,0.00,0.00,0.00,67.02
10:42:05,5,13.98,0.00,13.98,0.00,0.00,5.38,0.00,0.00,0.00,66.67
10:42:05,6,12.09,0.00,13.19,0.00,0.00,5.49,0.00,0.00,0.00,69.23
10:42:05,7,12.50,0.00,12.50,0.00,0.00,5.21,0.00,0.00,0.00,69.79
10:42:05,12,15.22,0.00,13.04,0.00,0.00,4.35,0.00,0.00,0.00,67.39
10:42:05,13,15.38,0.00,13.19,0.00,0.00,5.49,0.00,0.00,0.00,65.93
10:42:05,14,16.30,0.00,13.04,0.00,0.00,4.35,0.00,0.00,0.00,66.30
10:42:05,15,11.96,0.00,14.13,0.00,0.00,3.26,0.00,0.00,0.00,70.65
10:42:06,4,13.98,0.00,12.90,0.00,0.00,6.45,0.00,0.00,0.00,66.67
10:42:06,5,18.28,0.00,10.75,0.00,0.00,4.30,0.00,0.00,0.00,66.67
10:42:06,6,13.98,0.00,15.05,0.00,0.00,4.30,0.00,0.00,0.00,66.67
10:42:06,7,13.68,0.00,12.63,0.00,0.00,5.26,0.00,0.00,0.00,68.42
10:42:06,12,15.96,0.00,12.77,0.00,0.00,4.26,0.00,0.00,0.00,67.02
10:42:06,13,18.95,0.00,16.84,0.00,0.00,5.26,0.00,0.00,0.00,58.95
10:42:06,14,16.67,0.00,11.11,0.00,0.00,5.56,0.00,0.00,0.00,66.67
10:42:06,15,13.98,0.00,13.98,0.00,0.00,4.30,0.00,0.00,0.00,67.74
10:42:07,4,14.44,0.00,13.33,0.00,0.00,4.44,0.00,0.00,0.00,67.78
10:42:07,5,17.58,0.00,10.99,0.00,0.00,6.59,0.00,0.00,0.00,64.84
10:42:07,6,15.79,0.00,13.68,0.00,0.00,5.26,0.00,0.00,0.00,65.26
10:42:07,7,13.83,0.00,10.64,0.00,0.00,6.38,0.00,0.00,0.00,69.15
10:42:07,12,13.98,0.00,15.05,0.00,0.00,5.38,0.00,0.00,0.00,65.59
10:42:07,13,15.22,0.00,11.96,0.00,0.00,5.43,0.00,0.00,0.00,67.39
10:42:07,14,14.13,0.00,13.04,0.00,0.00,4.35,0.00,0.00,0.00,68.48
10:42:07,15,13.68,0.00,11.58,1.05,0.00,5.26,0.00,0.00,0.00,68.42
10:42:08,4,15.96,0.00,13.83,0.00,0.00,4.26,0.00,0.00,0.00,65.96
10:42:08,5,16.13,0.00,11.83,0.00,0.00,4.30,0.00,0.00,0.00,67.74
10:42:08,6,13.19,0.00,12.09,0.00,0.00,4.40,0.00,0.00,0.00,70.33
10:42:08,7,14.13,0.00,11.96,0.00,0.00,4.35,0.00,0.00,0.00,69.57
10:42:08,12,14.89,0.00,12.77,0.00,0.00,5.32,0.00,0.00,0.00,67.02
10:42:08,13,14.61,0.00,12.36,0.00,0.00,5.62,0.00,0.00,0.00,67.42
10:42:08,14,15.96,0.00,12.77,0.00,0.00,5.32,0.00,0.00,0.00,65.96
10:42:08,15,13.83,0.00,11.70,0.00,0.00,6.38,0.00,0.00,0.00,68.09
10:42:09,4,14.13,0.00,15.22,0.00,0.00,4.35,0.00,0.00,0.00,66.30
10:42:09,5,15.05,0.00,13.98,0.00,0.00,4.30,0.00,0.00,0.00,66.67
10:42:09,6,15.79,0.00,12.63,0.00,0.00,3.16,0.00,0.00,0.00,68.42
10:42:09,7,13.04,0.00,9.78,0.00,0.00,4.35,0.00,0.00,0.00,72.83
10:42:09,12,16.13,0.00,12.90,0.00,0.00,5.38,0.00,0.00,0.00,65.59
10:42:09,13,16.30,0.00,11.96,0.00,0.00,6.52,0.00,0.00,0.00,65.22
10:42:09,14,17.71,0.00,12.50,0.00,0.00,3.12,0.00,0.00,0.00,66.67
10:42:09,15,15.22,0.00,10.87,0.00,0.00,3.26,0.00,0.00,0.00,70.65
10:42:10,4,14.61,0.00,14.61,0.00,0.00,4.49,0.00,0.00,0.00,66.29
10:42:10,5,16.30,0.00,11.96,0.00,0.00,4.35,0.00,0.00,0.00,67.39
10:42:10,6,15.05,0.00,11.83,0.00,0.00,5.38,0.00,0.00,0.00,67.74
10:42:10,7,12.50,0.00,14.58,0.00,0.00,4.17,0.00,0.00,0.00,68.75
10:42:10,12,14.61,0.00,13.48,0.00,0.00,4.49,0.00,0.00,0.00,67.42
10:42:10,13,16.13,0.00,11.83,0.00,0.00,6.45,0.00,0.00,0.00,65.59
10:42:10,14,14.29,0.00,13.19,0.00,0.00,3.30,0.00,0.00,0.00,69.23
10:42:10,15,15.62,0.00,12.50,0.00,0.00,4.17,0.00,0.00,0.00,67.71
10:42:11,4,16.67,0.00,11.46,0.00,0.00,5.21,0.00,0.00,0.00,66.67
10:42:11,5,15.05,0.00,15.05,0.00,0.00,4.30,0.00,0.00,0.00,65.59
10:42:11,6,13.33,0.00,13.33,0.00,0.00,4.44,0.00,0.00,0.00,68.89
10:42:11,7,12.90,0.00,12.90,0.00,0.00,4.30,0.00,0.00,0.00,69.89
10:42:11,12,17.20,0.00,12.90,0.00,0.00,4.30,0.00,0.00,0.00,65.59
10:42:11,13,19.15,0.00,14.89,0.00,0.00,5.32,0.00,0.00,0.00,60.64
10:42:11,14,15.22,0.00,13.04,0.00,0.00,4.35,0.00,0.00,0.00,67.39
10:42:11,15,15.05,0.00,10.75,0.00,0.00,4.30,0.00,0.00,0.00,69.89
10:42:12,4,13.98,0.00,13.98,0.00,0.00,4.30,0.00,0.00,0.00,67.74
10:42:12,5,15.22,0.00,13.04,0.00,0.00,4.35,0.00,0.00,0.00,67.39
10:42:12,6,15.38,0.00,10.99,0.00,0.00,4.40,0.00,0.00,0.00,69.23
10:42:12,7,13.83,0.00,11.70,0.00,0.00,4.26,0.00,0.00,0.00,70.21
10:42:12,12,16.48,0.00,13.19,1.10,0.00,5.49,0.00,0.00,0.00,63.74
10:42:12,13,14.89,0.00,15.96,0.00,0.00,4.26,0.00,0.00,0.00,64.89
10:42:12,14,13.19,0.00,13.19,0.00,0.00,4.40,0.00,0.00,0.00,69.23
10:42:12,15,13.04,0.00,13.04,0.00,0.00,4.35,0.00,0.00,0.00,69.57
10:42:13,4,16.67,0.00,11.11,0.00,0.00,4.44,0.00,0.00,0.00,67.78
10:42:13,5,16.84,0.00,12.63,0.00,0.00,5.26,0.00,0.00,0.00,65.26
10:42:13,6,14.74,0.00,11.58,0.00,0.00,6.32,0.00,0.00,0.00,67.37
10:42:13,7,14.29,0.00,12.09,0.00,0.00,3.30,0.00,0.00,0.00,70.33
10:42:13,12,13.98,0.00,12.90,0.00,0.00,5.38,0.00,0.00,0.00,67.74
10:42:13,13,17.02,0.00,11.70,0.00,0.00,3.19,0.00,0.00,0.00,68.09
10:42:13,14,13.98,0.00,11.83,0.00,0.00,5.38,0.00,0.00,0.00,68.82
10:42:13,15,13.68,0.00,11.58,0.00,0.00,5.26,0.00,0.00,0.00,69.47
10:42:14,4,13.98,0.00,12.90,0.00,0.00,6.45,0.00,0.00,0.00,66.67
10:42:14,5,13.19,0.00,13.19,0.00,0.00,5.49,0.00,0.00,0.00,68.13
10:42:14,6,14.13,0.00,11.96,0.00,0.00,5.43,0.00,0.00,0.00,68.48
10:42:14,7,12.63,0.00,12.63,0.00,0.00,5.26,0.00,0.00,0.00,69.47
10:42:14,12,17.78,0.00,10.00,0.00,0.00,4.44,0.00,0.00,0.00,67.78
10:42:14,13,16.30,0.00,10.87,0.00,0.00,5.43,0.00,0.00,0.00,67.39
10:42:14,14,14.74,0.00,13.68,0.00,0.00,5.26,0.00,0.00,0.00,66.32
10:42:14,15,15.05,0.00,11.83,0.00,0.00,3.23,0.00,0.00,0.00,69.89
10:42:15,4,15.38,0.00,12.09,0.00,0.00,5.49,0.00,0.00,0.00,67.03
10:42:15,5,14.89,0.00,13.83,0.00,0.00,3.19,0.00,0.00,0.00,68.09
10:42:15,6,14.13,0.00,11.96,0.00,0.00,4.35,0.00,0.00,0.00,69.57
10:42:15,7,12.36,0.00,10.11,0.00,0.00,5.62,0.00,0.00,0.00,71.91
10:42:15,12,15.96,0.00,13.83,0.00,0.00,4.26,0.00,0.00,0.00,65.96
10:42:15,13,15.96,0.00,11.70,0.00,0.00,5.32,0.00,0.00,0.00,67.02
10:42:15,14,13.19,0.00,12.09,0.00,0.00,5.49,0.00,0.00,0.00,69.23
10:42:15,15,14.89,0.00,11.70,0.00,0.00,5.32,0.00,0.00,0.00,68.09
10:42:16,4,17.89,0.00,13.68,0.00,0.00,4.21,0.00,0.00,0.00,64.21
10:42:16,5,14.74,0.00,14.74,0.00,0.00,6.32,0.00,0.00,0.00,64.21
10:42:16,6,17.02,0.00,12.77,0.00,0.00,4.26,0.00,0.00,0.00,65.96
10:42:16,7,15.79,0.00,12.63,0.00,0.00,4.21,0.00,0.00,0.00,67.37
10:42:16,12,18.95,0.00,11.58,0.00,0.00,4.21,0.00,0.00,0.00,65.26
10:42:16,13,17.39,0.00,15.22,0.00,0.00,5.43,0.00,0.00,0.00,61.96
10:42:16,14,17.53,0.00,15.46,0.00,0.00,4.12,0.00,0.00,0.00,62.89
10:42:16,15,14.13,0.00,11.96,0.00,0.00,5.43,0.00,0.00,0.00,68.48
10:42:17,4,17.20,0.00,12.90,0.00,0.00,4.30,0.00,0.00,0.00,65.59
10:42:17,5,14.13,0.00,13.04,1.09,0.00,4.35,0.00,0.00,0.00,67.39
10:42:17,6,16.13,0.00,13.98,0.00,0.00,4.30,0.00,0.00,0.00,65.59
10:42:17,7,11.83,0.00,13.98,0.00,0.00,4.30,0.00,0.00,0.00,69.89
10:42:17,12,14.74,0.00,13.68,0.00,0.00,6.32,0.00,0.00,0.00,65.26
10:42:17,13,17.02,0.00,12.77,0.00,0.00,4.26,0.00,0.00,0.00,65.96
10:42:17,14,15.22,0.00,11.96,0.00,0.00,4.35,0.00,0.00,0.00,68.48
10:42:17,15,12.77,0.00,11.70,0.00,0.00,5.32,0.00,0.00,0.00,70.21
10:42:18,4,12.09,0.00,12.09,0.00,0.00,6.59,0.00,0.00,0.00,69.23
10:42:18,5,15.05,0.00,12.90,0.00,0.00,4.30,0.00,0.00,0.00,67.74
10:42:18,6,13.04,0.00,14.13,0.00,0.00,5.43,0.00,0.00,0.00,67.39
10:42:18,7,13.33,0.00,10.00,0.00,0.00,4.44,0.00,0.00,0.00,72.22
10:42:18,12,14.13,0.00,13.04,0.00,0.00,4.35,0.00,0.00,0.00,68.48
10:42:18,13,16.67,0.00,12.50,0.00,0.00,5.21,0.00,0.00,0.00,65.62
10:42:18,14,16.30,0.00,11.96,0.00,0.00,4.35,0.00,0.00,0.00,67.39
10:42:18,15,12.77,0.00,13.83,0.00,0.00,5.32,0.00,0.00,0.00,68.09
10:42:19,4,17.02,0.00,14.89,0.00,0.00,4.26,0.00,0.00,0.00,63.83
10:42:19,5,13.64,0.00,11.36,0.00,0.00,4.55,0.00,0.00,0.00,70.45
10:42:19,6,14.89,0.00,13.83,0.00,0.00,4.26,0.00,0.00,0.00,67.02
10:42:19,7,13.40,0.00,13.40,0.00,0.00,5.15,0.00,0.00,0.00,68.04
10:42:19,12,13.68,0.00,13.68,0.00,0.00,5.26,0.00,0.00,0.00,67.37
10:42:19,13,13.98,0.00,13.98,0.00,0.00,4.30,0.00,0.00,0.00,67.74
10:42:19,14,14.74,0.00,14.74,0.00,0.00,5.26,0.00,0.00,0.00,65.26
10:42:19,15,13.68,0.00,12.63,0.00,0.00,4.21,0.00,0.00,0.00,69.47
10:42:20,4,14.13,0.00,10.87,0.00,0.00,5.43,0.00,0.00,0.00,69.57
10:42:20,5,15.05,0.00,11.83,0.00,0.00,5.38,0.00,0.00,0.00,67.74
10:42:20,6,11.96,0.00,11.96,0.00,0.00,7.61,0.00,0.00,0.00,68.48
10:42:20,7,16.13,0.00,10.75,0.00,0.00,4.30,0.00,0.00,0.00,68.82
10:42:20,12,15.05,0.00,12.90,0.00,0.00,5.38,0.00,0.00,0.00,66.67
10:42:20,13,15.05,0.00,12.90,0.00,0.00,4.30,0.00,0.00,0.00,67.74
10:42:20,14,17.02,0.00,12.77,0.00,0.00,4.26,0.00,0.00,0.00,65.96
10:42:20,15,13.98,0.00,11.83,0.00,0.00,5.38,0.00,0.00,0.00,68.82
10:42:21,4,17.02,0.00,12.77,0.00,0.00,5.32,0.00,0.00,0.00,64.89
10:42:21,5,17.39,0.00,11.96,0.00,0.00,4.35,0.00,0.00,0.00,66.30
10:42:21,6,14.13,0.00,13.04,0.00,0.00,4.35,0.00,0.00,0.00,68.48
10:42:21,7,14.13,0.00,8.70,0.00,0.00,5.43,0.00,0.00,0.00,71.74
10:42:21,12,15.79,0.00,16.84,0.00,0.00,4.21,0.00,0.00,0.00,63.16
10:42:21,13,17.02,0.00,11.70,0.00,0.00,5.32,0.00,0.00,0.00,65.96
10:42:21,14,15.05,0.00,12.90,0.00,0.00,6.45,0.00,0.00,0.00,65.59
10:42:21,15,15.38,0.00,12.09,0.00,0.00,3.30,0.00,0.00,0.00,69.23
10:42:22,4,14.44,0.00,13.33,0.00,0.00,3.33,0.00,0.00,0.00,68.89
10:42:22,5,16.13,0.00,12.90,0.00,0.00,4.30,0.00,0.00,0.00,66.67
10:42:22,6,16.48,0.00,13.19,1.10,0.00,3.30,0.00,0.00,0.00,65.93
10:42:22,7,14.58,0.00,12.50,0.00,0.00,5.21,0.00,0.00,0.00,67.71
10:42:22,12,17.20,0.00,11.83,0.00,0.00,5.38,0.00,0.00,0.00,65.59
10:42:22,13,15.22,0.00,11.96,0.00,0.00,5.43,0.00,0.00,0.00,67.39
10:42:22,14,15.05,0.00,15.05,0.00,0.00,4.30,0.00,0.00,0.00,65.59
10:42:22,15,12.09,0.00,12.09,1.10,0.00,4.40,0.00,0.00,0.00,70.33
10:42:23,4,15.62,0.00,13.54,0.00,0.00,5.21,0.00,0.00,0.00,65.62
10:42:23,5,18.09,0.00,13.83,0.00,0.00,5.32,0.00,0.00,0.00,62.77
10:42:23,6,13.54,0.00,13.54,0.00,0.00,5.21,0.00,0.00,0.00,67.71
10:42:23,7,13.98,0.00,11.83,0.00,0.00,5.38,0.00,0.00,0.00,68.82
10:42:23,12,16.13,0.00,13.98,0.00,0.00,5.38,0.00,0.00,0.00,64.52
10:42:23,13,15.56,0.00,11.11,0.00,0.00,4.44,0.00,0.00,0.00,68.89
10:42:23,14,16.84,0.00,11.58,0.00,0.00,6.32,0.00,0.00,0.00,65.26
10:42:23,15,13.98,0.00,10.75,0.00,0.00,5.38,0.00,0.00,0.00,69.89
10:42:24,4,15.56,0.00,10.00,0.00,0.00,6.67,0.00,0.00,0.00,67.78
10:42:24,5,16.13,0.00,11.83,0.00,0.00,5.38,0.00,0.00,0.00,66.67
10:42:24,6,16.30,0.00,9.78,0.00,0.00,5.43,0.00,0.00,0.00,68.48
10:42:24,7,12.09,0.00,12.09,0.00,0.00,4.40,0.00,0.00,0.00,71.43
10:42:24,12,14.13,0.00,15.22,0.00,0.00,4.35,0.00,0.00,0.00,66.30
10:42:24,13,13.33,0.00,13.33,0.00,0.00,3.33,0.00,0.00,0.00,70.00
10:42:24,14,13.04,0.00,14.13,0.00,0.00,3.26,0.00,0.00,0.00,69.57
10:42:24,15,14.13,0.00,10.87,0.00,0.00,4.35,0.00,0.00,0.00,70.65
10:42:25,4,14.89,0.00,11.70,0.00,0.00,5.32,0.00,0.00,0.00,68.09
10:42:25,5,16.84,0.00,10.53,0.00,0.00,5.26,0.00,0.00,0.00,67.37
10:42:25,6,15.96,0.00,11.70,0.00,0.00,5.32,0.00,0.00,0.00,67.02
10:42:25,7,11.83,0.00,11.83,0.00,0.00,4.30,0.00,0.00,0.00,72.04
10:42:25,12,16.84,0.00,14.74,0.00,0.00,4.21,0.00,0.00,0.00,64.21
10:42:25,13,15.38,0.00,10.99,0.00,0.00,5.49,0.00,0.00,0.00,68.13
10:42:25,14,15.79,0.00,12.63,0.00,0.00,5.26,0.00,0.00,0.00,66.32
10:42:25,15,13.98,0.00,11.83,0.00,0.00,4.30,0.00,0.00,0.00,69.89
10:42:26,4,14.89,0.00,12.77,0.00,0.00,4.26,0.00,0.00,0.00,68.09
10:42:26,5,15.96,0.00,14.89,0.00,0.00,5.32,0.00,0.00,0.00,63.83
10:42:26,6,15.05,0.00,12.90,0.00,0.00,5.38,0.00,0.00,0.00,66.67
10:42:26,7,13.04,0.00,11.96,0.00,0.00,4.35,0.00,0.00,0.00,70.65
10:42:26,12,15.79,0.00,12.63,0.00,0.00,5.26,0.00,0.00,0.00,66.32
10:42:26,13,15.96,0.00,12.77,0.00,0.00,4.26,0.00,0.00,0.00,67.02
10:42:26,14,13.83,0.00,13.83,0.00,0.00,6.38,0.00,0.00,0.00,65.96
10:42:26,15,14.58,0.00,12.50,0.00,0.00,4.17,0.00,0.00,0.00,68.75
10:42:27,4,15.79,0.00,12.63,0.00,0.00,6.32,0.00,0.00,0.00,65.26
10:42:27,5,15.96,0.00,13.83,0.00,0.00,4.26,0.00,0.00,0.00,65.96
10:42:27,6,15.22,0.00,14.13,0.00,0.00,4.35,0.00,0.00,0.00,66.30
10:42:27,7,15.62,0.00,10.42,0.00,0.00,5.21,0.00,0.00,0.00,68.75
10:42:27,12,17.78,0.00,13.33,0.00,0.00,5.56,0.00,0.00,0.00,63.33
10:42:27,13,20.43,0.00,13.98,0.00,0.00,5.38,0.00,0.00,0.00,60.22
10:42:27,14,16.30,0.00,11.96,0.00,0.00,5.43,0.00,0.00,0.00,66.30
10:42:27,15,14.58,0.00,12.50,0.00,0.00,5.21,0.00,0.00,0.00,67.71
10:42:28,4,16.48,0.00,10.99,0.00,0.00,4.40,0.00,0.00,0.00,68.13
10:42:28,5,12.50,0.00,11.36,0.00,0.00,4.55,0.00,0.00,0.00,71.59
10:42:28,6,15.96,0.00,12.77,0.00,0.00,5.32,0.00,0.00,0.00,65.96
10:42:28,7,12.90,0.00,15.05,0.00,0.00,4.30,0.00,0.00,0.00,67.74
10:42:28,12,15.05,0.00,12.90,0.00,0.00,5.38,0.00,0.00,0.00,66.67
10:42:28,13,14.74,0.00,13.68,0.00,0.00,5.26,0.00,0.00,0.00,66.32
10:42:28,14,14.29,0.00,13.19,0.00,0.00,4.40,0.00,0.00,0.00,68.13
10:42:28,15,17.20,0.00,10.75,0.00,0.00,5.38,0.00,0.00,0.00,66.67
10:42:29,4,13.98,0.00,12.90,0.00,0.00,4.30,0.00,0.00,0.00,68.82
10:42:29,5,15.05,0.00,12.90,0.00,0.00,4.30,0.00,0.00,0.00,67.74
10:42:29,6,13.98,0.00,13.98,0.00,0.00,5.38,0.00,0.00,0.00,66.67
10:42:29,7,12.90,0.00,11.83,0.00,0.00,4.30,0.00,0.00,0.00,70.97
10:42:29,12,15.38,0.00,13.19,0.00,0.00,4.40,0.00,0.00,0.00,67.03
10:42:29,13,15.05,0.00,12.90,0.00,0.00,4.30,0.00,0.00,0.00,67.74
10:42:29,14,14.89,0.00,13.83,0.00,0.00,4.26,0.00,0.00,0.00,67.02
10:42:29,15,15.46,0.00,12.37,0.00,0.00,4.12,0.00,0.00,0.00,68.04
10:42:30,4,15.96,0.00,10.64,0.00,0.00,5.32,0.00,0.00,0.00,68.09
10:42:30,5,15.22,0.00,11.96,0.00,0.00,4.35,0.00,0.00,0.00,68.48
10:42:30,6,15.79,0.00,12.63,0.00,0.00,5.26,0.00,0.00,0.00,66.32
10:42:30,7,14.13,0.00,11.96,0.00,0.00,4.35,0.00,0.00,0.00,69.57
10:42:30,12,14.58,0.00,13.54,0.00,0.00,6.25,0.00,0.00,0.00,65.62
10:42:30,13,16.13,0.00,10.75,0.00,0.00,6.45,0.00,0.00,0.00,66.67
10:42:30,14,14.29,0.00,13.19,0.00,0.00,4.40,0.00,0.00,0.00,68.13
10:42:30,15,13.98,0.00,11.83,0.00,0.00,5.38,0.00,0.00,0.00,68.82
10:42:31,4,14.89,0.00,11.70,0.00,0.00,4.26,0.00,0.00,0.00,69.15
10:42:31,5,13.48,0.00,11.24,0.00,0.00,5.62,0.00,0.00,0.00,69.66
10:42:31,6,14.74,0.00,11.58,0.00,0.00,6.32,0.00,0.00,0.00,67.37
10:42:31,7,13.83,0.00,11.70,0.00,0.00,6.38,0.00,0.00,0.00,68.09
10:42:31,12,14.89,0.00,11.70,0.00,0.00,5.32,0.00,0.00,0.00,68.09
10:42:31,13,14.13,0.00,10.87,0.00,0.00,5.43,0.00,0.00,0.00,69.57
10:42:31,14,13.98,0.00,11.83,0.00,0.00,5.38,0.00,0.00,0.00,68.82
10:42:31,15,15.96,0.00,11.70,0.00,0.00,3.19,0.00,0.00,0.00,69.15
10:42:32,4,15.38,0.00,14.29,0.00,0.00,5.49,0.00,0.00,0.00,64.84
10:42:32,5,17.02,0.00,12.77,0.00,0.00,5.32,0.00,0.00,0.00,64.89
10:42:32,6,13.33,0.00,13.33,0.00,0.00,4.44,0.00,0.00,0.00,68.89
10:42:32,7,13.98,0.00,11.83,0.00,0.00,4.30,0.00,0.00,0.00,69.89
10:42:32,12,18.28,0.00,12.90,0.00,0.00,4.30,0.00,0.00,0.00,64.52
10:42:32,13,16.30,0.00,13.04,0.00,0.00,3.26,0.00,0.00,0.00,67.39
10:42:32,14,15.05,0.00,13.98,0.00,0.00,5.38,0.00,0.00,0.00,65.59
10:42:32,15,17.39,0.00,10.87,0.00,0.00,4.35,0.00,0.00,0.00,67.39
10:42:33,4,15.38,0.00,10.99,0.00,0.00,4.40,0.00,0.00,0.00,69.23
10:42:33,5,13.98,0.00,12.90,0.00,0.00,5.38,0.00,0.00,0.00,67.74
10:42:33,6,15.22,0.00,11.96,0.00,0.00,4.35,0.00,0.00,0.00,68.48
10:42:33,7,12.09,0.00,14.29,0.00,0.00,4.40,0.00,0.00,0.00,69.23
10:42:33,12,14.13,0.00,13.04,0.00,0.00,4.35,0.00,0.00,0.00,68.48
10:42:33,13,16.30,0.00,9.78,0.00,0.00,4.35,0.00,0.00,0.00,69.57
10:42:33,14,15.79,0.00,14.74,0.00,0.00,4.21,0.00,0.00,0.00,65.26
10:42:33,15,15.05,0.00,11.83,0.00,0.00,4.30,0.00,0.00,0.00,68.82
10:42:34,4,15.62,0.00,12.50,0.00,0.00,5.21,0.00,0.00,0.00,66.67
10:42:34,5,17.39,0.00,10.87,0.00,0.00,5.43,0.00,0.00,0.00,66.30
10:42:34,6,16.67,0.00,11.46,0.00,0.00,4.17,0.00,0.00,0.00,67.71
10:42:34,7,12.50,0.00,13.54,0.00,0.00,4.17,0.00,0.00,0.00,69.79
10:42:34,12,15.38,0.00,12.09,0.00,0.00,5.49,0.00,0.00,0.00,67.03
10:42:34,13,14.44,0.00,11.11,0.00,0.00,4.44,0.00,0.00,0.00,70.00
10:42:34,14,17.02,0.00,10.64,0.00,0.00,5.32,0.00,0.00,0.00,67.02
10:42:34,15,12.63,0.00,14.74,0.00,0.00,3.16,0.00,0.00,0.00,69.47
10:42:35,4,13.19,0.00,12.09,0.00,0.00,4.40,0.00,0.00,0.00,70.33
10:42:35,5,15.05,0.00,11.83,0.00,0.00,4.30,0.00,0.00,0.00,68.82
10:42:35,6,15.05,0.00,11.83,0.00,0.00,5.38,0.00,0.00,0.00,67.74
10:42:35,7,15.22,0.00,13.04,0.00,0.00,3.26,0.00,0.00,0.00,68.48
10:42:35,12,14.89,0.00,11.70,0.00,0.00,5.32,0.00,0.00,0.00,68.09
10:42:35,13,14.89,0.00,12.77,0.00,0.00,4.26,0.00,0.00,0.00,68.09
10:42:35,14,15.96,0.00,11.70,0.00,0.00,4.26,0.00,0.00,0.00,68.09
10:42:35,15,16.84,0.00,11.58,0.00,0.00,5.26,0.00,0.00,0.00,66.32
10:42:36,4,15.38,0.00,12.09,0.00,0.00,3.30,0.00,0.00,0.00,69.23
10:42:36,5,15.62,0.00,13.54,0.00,0.00,4.17,0.00,0.00,0.00,66.67
10:42:36,6,15.96,0.00,11.70,0.00,0.00,4.26,0.00,0.00,0.00,68.09
10:42:36,7,11.83,0.00,12.90,0.00,0.00,4.30,0.00,0.00,0.00,70.97
10:42:36,12,15.62,0.00,11.46,1.04,0.00,5.21,0.00,0.00,0.00,66.67
10:42:36,13,16.13,0.00,15.05,0.00,0.00,4.30,0.00,0.00,0.00,64.52
10:42:36,14,17.02,0.00,13.83,0.00,0.00,4.26,0.00,0.00,0.00,64.89
10:42:36,15,13.98,0.00,13.98,0.00,0.00,3.23,0.00,0.00,0.00,68.82
10:42:37,4,16.84,0.00,13.68,0.00,0.00,6.32,0.00,0.00,0.00,63.16
10:42:37,5,15.56,0.00,12.22,0.00,0.00,4.44,0.00,0.00,0.00,67.78
10:42:37,6,15.22,0.00,11.96,0.00,0.00,4.35,0.00,0.00,0.00,68.48
10:42:37,7,14.89,0.00,10.64,0.00,0.00,4.26,0.00,0.00,0.00,70.21
10:42:37,12,19.57,0.00,14.13,0.00,0.00,3.26,0.00,0.00,0.00,63.04
10:42:37,13,19.59,0.00,13.40,0.00,0.00,5.15,0.00,0.00,0.00,61.86
10:42:37,14,16.13,0.00,11.83,0.00,0.00,5.38,0.00,0.00,0.00,66.67
10:42:37,15,14.89,0.00,12.77,0.00,0.00,4.26,0.00,0.00,0.00,68.09
10:42:38,4,15.05,0.00,12.90,0.00,0.00,4.30,0.00,0.00,0.00,67.74
10:42:38,5,16.48,0.00,10.99,0.00,0.00,5.49,0.00,0.00,0.00,67.03
10:42:38,6,13.04,0.00,11.96,0.00,0.00,5.43,0.00,0.00,0.00,69.57
10:42:38,7,11.96,0.00,11.96,0.00,0.00,5.43,0.00,0.00,0.00,70.65
10:42:38,12,17.20,0.00,12.90,0.00,0.00,5.38,0.00,0.00,0.00,64.52
10:42:38,13,16.30,0.00,10.87,0.00,0.00,5.43,0.00,0.00,0.00,67.39
10:42:38,14,14.74,0.00,14.74,0.00,0.00,4.21,0.00,0.00,0.00,66.32
10:42:38,15,16.13,0.00,12.90,0.00,0.00,3.23,0.00,0.00,0.00,67.74
10:42:39,4,13.83,0.00,13.83,0.00,0.00,4.26,0.00,0.00,0.00,68.09
10:42:39,5,16.30,0.00,13.04,0.00,0.00,4.35,0.00,0.00,0.00,66.30
10:42:39,6,14.89,0.00,13.83,0.00,0.00,5.32,0.00,0.00,0.00,65.96
10:42:39,7,11.96,0.00,11.96,0.00,0.00,5.43,0.00,0.00,0.00,70.65
10:42:39,12,14.29,0.00,10.99,0.00,0.00,5.49,0.00,0.00,0.00,69.23
10:42:39,13,16.30,0.00,10.87,0.00,0.00,4.35,0.00,0.00,0.00,68.48
10:42:39,14,15.62,0.00,13.54,0.00,0.00,4.17,0.00,0.00,0.00,66.67
10:42:39,15,13.04,0.00,10.87,0.00,0.00,3.26,0.00,0.00,0.00,72.83
10:42:40,4,15.38,0.00,14.29,0.00,0.00,4.40,0.00,0.00,0.00,65.93
10:42:40,5,15.96,0.00,11.70,0.00,0.00,5.32,0.00,0.00,0.00,67.02
10:42:40,6,14.74,0.00,13.68,0.00,0.00,4.21,0.00,0.00,0.00,67.37
10:42:40,7,14.89,0.00,12.77,0.00,0.00,4.26,0.00,0.00,0.00,68.09
10:42:40,12,14.13,0.00,14.13,0.00,0.00,3.26,0.00,0.00,0.00,68.48
10:42:40,13,13.68,0.00,14.74,0.00,0.00,4.21,0.00,0.00,0.00,67.37
10:42:40,14,16.84,0.00,12.63,0.00,0.00,4.21,0.00,0.00,0.00,66.32
10:42:40,15,13.98,0.00,10.75,0.00,0.00,4.30,0.00,0.00,0.00,70.97
10:42:41,4,18.09,0.00,11.70,0.00,0.00,4.26,0.00,0.00,0.00,65.96
10:42:41,5,17.89,0.00,10.53,0.00,0.00,5.26,0.00,0.00,0.00,66.32
10:42:41,6,14.13,0.00,14.13,0.00,0.00,4.35,0.00,0.00,0.00,67.39
10:42:41,7,13.04,0.00,10.87,0.00,0.00,4.35,0.00,0.00,0.00,71.74
10:42:41,12,14.89,0.00,15.96,0.00,0.00,6.38,0.00,0.00,0.00,62.77
10:42:41,13,14.29,0.00,12.09,0.00,0.00,5.49,0.00,0.00,0.00,68.13
10:42:41,14,14.89,0.00,12.77,0.00,0.00,5.32,0.00,0.00,0.00,67.02
10:42:41,15,14.89,0.00,11.70,0.00,0.00,4.26,0.00,0.00,0.00,69.15
10:42:42,4,16.30,0.00,14.13,0.00,0.00,5.43,0.00,0.00,0.00,64.13
10:42:42,5,18.28,0.00,13.98,0.00,0.00,4.30,0.00,0.00,0.00,63.44
10:42:42,6,15.62,0.00,14.58,0.00,0.00,5.21,0.00,0.00,0.00,64.58
10:42:42,7,15.62,0.00,11.46,0.00,0.00,5.21,0.00,0.00,0.00,67.71
10:42:42,12,16.30,0.00,13.04,1.09,0.00,6.52,0.00,0.00,0.00,63.04
10:42:42,13,15.05,0.00,15.05,1.08,0.00,5.38,0.00,0.00,0.00,63.44
10:42:42,14,14.61,0.00,14.61,0.00,0.00,4.49,0.00,0.00,0.00,66.29
10:42:42,15,14.74,0.00,12.63,0.00,0.00,5.26,0.00,0.00,0.00,67.37
10:42:43,4,15.22,0.00,13.04,0.00,0.00,3.26,0.00,0.00,0.00,68.48
10:42:43,5,14.89,0.00,12.77,0.00,0.00,5.32,0.00,0.00,0.00,67.02
10:42:43,6,14.44,0.00,14.44,0.00,0.00,3.33,0.00,0.00,0.00,67.78
10:42:43,7,13.19,0.00,10.99,0.00,0.00,4.40,0.00,0.00,0.00,71.43
10:42:43,12,15.79,0.00,12.63,0.00,0.00,5.26,0.00,0.00,0.00,66.32
10:42:43,13,15.05,0.00,12.90,0.00,0.00,4.30,0.00,0.00,0.00,67.74
10:42:43,14,14.74,0.00,12.63,0.00,0.00,5.26,0.00,0.00,0.00,67.37
10:42:43,15,13.04,0.00,13.04,0.00,0.00,4.35,0.00,0.00,0.00,69.57
10:42:44,4,13.68,0.00,12.63,0.00,0.00,5.26,0.00,0.00,0.00,68.42
10:42:44,5,15.38,0.00,13.19,0.00,0.00,4.40,0.00,0.00,0.00,67.03
10:42:44,6,13.98,0.00,11.83,0.00,0.00,5.38,0.00,0.00,0.00,68.82
10:42:44,7,14.13,0.00,13.04,0.00,0.00,4.35,0.00,0.00,0.00,68.48
10:42:44,12,15.05,0.00,11.83,0.00,0.00,4.30,0.00,0.00,0.00,68.82
10:42:44,13,16.13,0.00,11.83,0.00,0.00,4.30,0.00,0.00,0.00,67.74
10:42:44,14,13.83,0.00,13.83,0.00,0.00,5.32,0.00,0.00,0.00,67.02
10:42:44,15,13.19,0.00,10.99,0.00,0.00,4.40,0.00,0.00,0.00,71.43
10:42:45,4,15.96,0.00,11.70,0.00,0.00,4.26,0.00,0.00,0.00,68.09
10:42:45,5,16.13,0.00,13.98,0.00,0.00,4.30,0.00,0.00,0.00,65.59
10:42:45,6,14.61,0.00,12.36,0.00,0.00,4.49,0.00,0.00,0.00,68.54
10:42:45,7,14.13,0.00,10.87,0.00,0.00,4.35,0.00,0.00,0.00,70.65
10:42:45,12,14.89,0.00,12.77,0.00,0.00,4.26,0.00,0.00,0.00,68.09
10:42:45,13,15.96,0.00,14.89,0.00,0.00,6.38,0.00,0.00,0.00,62.77
10:42:45,14,14.13,0.00,13.04,0.00,0.00,4.35,0.00,0.00,0.00,68.48
10:42:45,15,14.43,0.00,13.40,0.00,0.00,5.15,0.00,0.00,0.00,67.01
10:42:46,4,16.84,0.00,13.68,0.00,0.00,4.21,0.00,0.00,0.00,65.26
10:42:46,5,15.05,0.00,15.05,0.00,0.00,5.38,0.00,0.00,0.00,64.52
10:42:46,6,16.13,0.00,11.83,0.00,0.00,4.30,0.00,0.00,0.00,67.74
10:42:46,7,13.04,0.00,10.87,0.00,0.00,4.35,0.00,0.00,0.00,71.74
10:42:46,12,13.83,0.00,12.77,0.00,0.00,5.32,0.00,0.00,0.00,68.09
10:42:46,13,14.74,0.00,13.68,0.00,0.00,5.26,0.00,0.00,0.00,66.32
10:42:46,14,13.54,0.00,16.67,0.00,0.00,4.17,0.00,0.00,0.00,65.62
10:42:46,15,11.83,0.00,12.90,0.00,0.00,4.30,0.00,0.00,0.00,70.97
10:42:47,4,20.65,0.00,13.04,0.00,0.00,4.35,0.00,0.00,0.00,61.96
10:42:47,5,15.38,0.00,12.09,0.00,0.00,5.49,0.00,0.00,0.00,67.03
10:42:47,6,14.89,0.00,13.83,0.00,0.00,5.32,0.00,0.00,0.00,65.96
10:42:47,7,11.96,0.00,13.04,0.00,0.00,5.43,0.00,0.00,0.00,69.57
10:42:47,12,17.39,0.00,13.04,0.00,0.00,4.35,0.00,0.00,0.00,65.22
10:42:47,13,18.28,0.00,12.90,0.00,0.00,5.38,0.00,0.00,0.00,63.44
10:42:47,14,15.79,0.00,12.63,0.00,0.00,4.21,0.00,0.00,0.00,67.37
10:42:47,15,15.38,0.00,10.99,1.10,0.00,4.40,0.00,0.00,0.00,68.13
10:42:48,4,17.39,0.00,11.96,0.00,0.00,4.35,0.00,0.00,0.00,66.30
10:42:48,5,17.20,0.00,12.90,0.00,0.00,3.23,0.00,0.00,0.00,66.67
10:42:48,6,16.13,0.00,12.90,0.00,0.00,4.30,0.00,0.00,0.00,66.67
10:42:48,7,11.70,0.00,13.83,0.00,0.00,4.26,0.00,0.00,0.00,70.21
10:42:48,12,15.96,0.00,12.77,0.00,0.00,4.26,0.00,0.00,0.00,67.02
10:42:48,13,14.29,0.00,16.48,0.00,0.00,5.49,0.00,0.00,0.00,63.74
10:42:48,14,15.22,0.00,13.04,0.00,0.00,4.35,0.00,0.00,0.00,67.39
10:42:48,15,15.79,0.00,10.53,0.00,0.00,5.26,0.00,0.00,0.00,68.42
10:42:49,4,14.74,0.00,13.68,0.00,0.00,5.26,0.00,0.00,0.00,66.32
10:42:49,5,14.74,0.00,13.68,0.00,0.00,4.21,0.00,0.00,0.00,67.37
10:42:49,6,13.98,0.00,11.83,0.00,0.00,5.38,0.00,0.00,0.00,68.82
10:42:49,7,13.98,0.00,11.83,0.00,0.00,4.30,0.00,0.00,0.00,69.89
10:42:49,12,15.05,0.00,11.83,0.00,0.00,3.23,0.00,0.00,0.00,69.89
10:42:49,13,14.89,0.00,11.70,0.00,0.00,6.38,0.00,0.00,0.00,67.02
10:42:49,14,13.98,0.00,11.83,0.00,0.00,5.38,0.00,0.00,0.00,68.82
10:42:49,15,13.19,0.00,10.99,0.00,0.00,4.40,0.00,0.00,0.00,71.43
10:42:50,4,17.02,0.00,12.77,0.00,0.00,4.26,0.00,0.00,0.00,65.96
10:42:50,5,15.05,0.00,13.98,0.00,0.00,4.30,0.00,0.00,0.00,66.67
10:42:50,6,16.13,0.00,11.83,0.00,0.00,4.30,0.00,0.00,0.00,67.74
10:42:50,7,13.98,0.00,12.90,0.00,0.00,4.30,0.00,0.00,0.00,68.82
10:42:50,12,13.83,0.00,13.83,0.00,0.00,5.32,0.00,0.00,0.00,67.02
10:42:50,13,17.58,0.00,12.09,0.00,0.00,3.30,0.00,0.00,0.00,67.03
10:42:50,14,16.30,0.00,11.96,0.00,0.00,4.35,0.00,0.00,0.00,67.39
10:42:50,15,13.19,0.00,13.19,0.00,0.00,4.40,0.00,0.00,0.00,69.23
10:42:51,4,12.09,0.00,12.09,0.00,0.00,5.49,0.00,0.00,0.00,70.33
10:42:51,5,14.44,0.00,12.22,0.00,0.00,4.44,0.00,0.00,0.00,68.89
10:42:51,6,14.89,0.00,13.83,0.00,0.00,4.26,0.00,0.00,0.00,67.02
10:42:51,7,12.90,0.00,13.98,0.00,0.00,4.30,0.00,0.00,0.00,68.82
10:42:51,12,15.05,0.00,11.83,0.00,0.00,4.30,0.00,0.00,0.00,68.82
10:42:51,13,14.89,0.00,11.70,0.00,0.00,5.32,0.00,0.00,0.00,68.09
10:42:51,14,14.29,0.00,12.09,0.00,0.00,5.49,0.00,0.00,0.00,68.13
10:42:51,15,15.96,0.00,10.64,0.00,0.00,4.26,0.00,0.00,0.00,69.15
10:42:52,4,19.15,0.00,14.89,0.00,0.00,4.26,0.00,0.00,0.00,61.70
10:42:52,5,16.67,0.00,16.67,0.00,0.00,4.17,0.00,0.00,0.00,62.50
10:42:52,6,16.30,0.00,14.13,0.00,0.00,4.35,0.00,0.00,0.00,65.22
10:42:52,7,13.98,0.00,11.83,0.00,0.00,4.30,0.00,0.00,0.00,69.89
10:42:52,12,18.28,0.00,13.98,0.00,0.00,4.30,0.00,0.00,0.00,63.44
10:42:52,13,15.05,0.00,16.13,0.00,0.00,5.38,0.00,0.00,0.00,63.44
10:42:52,14,16.13,0.00,12.90,0.00,0.00,4.30,0.00,0.00,0.00,66.67
10:42:52,15,13.19,0.00,10.99,0.00,0.00,4.40,0.00,0.00,0.00,71.43
10:42:53,4,15.22,0.00,11.96,0.00,0.00,4.35,0.00,0.00,0.00,68.48
10:42:53,5,18.95,0.00,12.63,0.00,0.00,5.26,0.00,0.00,0.00,63.16
10:42:53,6,13.98,0.00,12.90,0.00,0.00,5.38,0.00,0.00,0.00,67.74
10:42:53,7,12.09,0.00,12.09,0.00,0.00,4.40,0.00,0.00,0.00,71.43
10:42:53,12,15.05,0.00,12.90,0.00,0.00,5.38,0.00,0.00,0.00,66.67
10:42:53,13,15.38,0.00,9.89,0.00,0.00,5.49,0.00,0.00,0.00,69.23
10:42:53,14,16.30,0.00,13.04,0.00,0.00,4.35,0.00,0.00,0.00,66.30
10:42:53,15,14.74,0.00,11.58,0.00,0.00,5.26,0.00,0.00,0.00,68.42
10:42:54,4,15.38,0.00,12.09,0.00,0.00,4.40,0.00,0.00,0.00,68.13
10:42:54,5,16.84,0.00,13.68,0.00,0.00,5.26,0.00,0.00,0.00,64.21
10:42:54,6,16.30,0.00,13.04,0.00,0.00,4.35,0.00,0.00,0.00,66.30
10:42:54,7,14.13,0.00,10.87,0.00,0.00,4.35,0.00,0.00,0.00,70.65
10:42:54,12,12.63,0.00,15.79,0.00,0.00,5.26,0.00,0.00,0.00,66.32
10:42:54,13,15.62,0.00,13.54,0.00,0.00,5.21,0.00,0.00,0.00,65.62
10:42:54,14,15.05,0.00,11.83,0.00,0.00,5.38,0.00,0.00,0.00,67.74
10:42:54,15,15.62,0.00,11.46,0.00,0.00,4.17,0.00,0.00,0.00,68.75
10:42:55,4,16.30,0.00,13.04,0.00,0.00,4.35,0.00,0.00,0.00,66.30
10:42:55,5,16.30,0.00,10.87,0.00,0.00,5.43,0.00,0.00,0.00,67.39
10:42:55,6,14.58,0.00,13.54,0.00,0.00,6.25,0.00,0.00,0.00,65.62
10:42:55,7,14.74,0.00,11.58,0.00,0.00,5.26,0.00,0.00,0.00,68.42
10:42:55,12,14.13,0.00,13.04,0.00,0.00,4.35,0.00,0.00,0.00,68.48
10:42:55,13,17.02,0.00,11.70,0.00,0.00,4.26,0.00,0.00,0.00,67.02
10:42:55,14,15.96,0.00,12.77,0.00,0.00,3.19,0.00,0.00,0.00,68.09
10:42:55,15,15.05,0.00,8.60,0.00,0.00,5.38,0.00,0.00,0.00,70.97
10:42:56,4,15.79,0.00,14.74,0.00,0.00,5.26,0.00,0.00,0.00,64.21
10:42:56,5,14.58,0.00,12.50,0.00,0.00,6.25,0.00,0.00,0.00,66.67
10:42:56,6,13.68,0.00,13.68,0.00,0.00,4.21,0.00,0.00,0.00,68.42
10:42:56,7,12.63,0.00,10.53,0.00,0.00,4.21,0.00,0.00,0.00,72.63
10:42:56,12,16.84,0.00,12.63,0.00,0.00,5.26,0.00,0.00,0.00,65.26
10:42:56,13,16.13,0.00,13.98,0.00,0.00,5.38,0.00,0.00,0.00,64.52
10:42:56,14,15.96,0.00,12.77,0.00,0.00,5.32,0.00,0.00,0.00,65.96
10:42:56,15,12.90,0.00,12.90,0.00,0.00,4.30,0.00,0.00,0.00,69.89
10:42:57,4,17.02,0.00,13.83,0.00,0.00,5.32,0.00,0.00,0.00,63.83
10:42:57,5,17.20,0.00,13.98,0.00,0.00,4.30,0.00,0.00,0.00,64.52
10:42:57,6,14.13,0.00,13.04,0.00,0.00,5.43,0.00,0.00,0.00,67.39
10:42:57,7,14.89,0.00,13.83,0.00,0.00,4.26,0.00,0.00,0.00,67.02
10:42:57,12,14.44,0.00,13.33,0.00,0.00,4.44,0.00,0.00,0.00,67.78
10:42:57,13,16.49,0.00,13.40,0.00,0.00,6.19,0.00,0.00,0.00,63.92
10:42:57,14,14.44,0.00,13.33,0.00,0.00,4.44,0.00,0.00,0.00,67.78
10:42:57,15,15.96,0.00,13.83,0.00,0.00,4.26,0.00,0.00,0.00,65.96
10:42:58,4,17.02,0.00,13.83,0.00,0.00,3.19,0.00,0.00,0.00,65.96
10:42:58,5,14.13,0.00,14.13,0.00,0.00,3.26,0.00,0.00,0.00,68.48
10:42:58,6,15.96,0.00,11.70,0.00,0.00,4.26,0.00,0.00,0.00,68.09
10:42:58,7,11.83,0.00,11.83,0.00,0.00,5.38,0.00,0.00,0.00,70.97
10:42:58,12,14.89,0.00,10.64,0.00,0.00,6.38,0.00,0.00,0.00,68.09
10:42:58,13,16.13,0.00,12.90,0.00,0.00,4.30,0.00,0.00,0.00,66.67
10:42:58,14,15.96,0.00,13.83,0.00,0.00,4.26,0.00,0.00,0.00,65.96
10:42:58,15,13.98,0.00,11.83,0.00,0.00,4.30,0.00,0.00,0.00,69.89
10:42:59,4,14.89,0.00,13.83,0.00,0.00,5.32,0.00,0.00,0.00,65.96
10:42:59,5,15.79,0.00,12.63,0.00,0.00,5.26,0.00,0.00,0.00,66.32
10:42:59,6,15.22,0.00,11.96,0.00,0.00,5.43,0.00,0.00,0.00,67.39
10:42:59,7,12.36,0.00,10.11,0.00,0.00,4.49,0.00,0.00,0.00,73.03
10:42:59,12,14.89,0.00,13.83,0.00,0.00,4.26,0.00,0.00,0.00,67.02
10:42:59,13,16.13,0.00,9.68,0.00,0.00,5.38,0.00,0.00,0.00,68.82
10:42:59,14,11.24,0.00,14.61,0.00,0.00,5.62,0.00,0.00,0.00,68.54
10:42:59,15,15.05,0.00,13.98,0.00,0.00,4.30,0.00,0.00,0.00,66.67
10:43:00,4,16.30,0.00,13.04,0.00,0.00,4.35,0.00,0.00,0.00,66.30
10:43:00,5,15.05,0.00,11.83,0.00,0.00,5.38,0.00,0.00,0.00,67.74
10:43:00,6,15.96,0.00,11.70,0.00,0.00,5.32,0.00,0.00,0.00,67.02
10:43:00,7,13.68,0.00,12.63,0.00,0.00,5.26,0.00,0.00,0.00,68.42
10:43:00,12,15.79,0.00,11.58,0.00,0.00,6.32,0.00,0.00,0.00,66.32
10:43:00,13,13.19,0.00,13.19,0.00,0.00,4.40,0.00,0.00,0.00,69.23
10:43:00,14,15.22,0.00,11.96,0.00,0.00,4.35,0.00,0.00,0.00,68.48
10:43:00,15,14.74,0.00,11.58,0.00,0.00,5.26,0.00,0.00,0.00,68.42
10:43:01,4,14.89,0.00,11.70,0.00,0.00,5.32,0.00,0.00,0.00,68.09
10:43:01,5,15.22,0.00,10.87,0.00,0.00,4.35,0.00,0.00,0.00,69.57
10:43:01,6,15.38,0.00,10.99,0.00,0.00,3.30,0.00,0.00,0.00,70.33
10:43:01,7,14.74,0.00,11.58,0.00,0.00,5.26,0.00,0.00,0.00,68.42
10:43:01,12,14.13,0.00,13.04,0.00,0.00,3.26,0.00,0.00,0.00,69.57
10:43:01,13,15.79,0.00,12.63,0.00,0.00,5.26,0.00,0.00,0.00,66.32
10:43:01,14,16.30,0.00,11.96,0.00,0.00,4.35,0.00,0.00,0.00,67.39
10:43:01,15,14.89,0.00,11.70,0.00,0.00,4.26,0.00,0.00,0.00,69.15
10:43:02,4,15.96,0.00,13.83,0.00,0.00,5.32,0.00,0.00,0.00,64.89
10:43:02,5,17.58,0.00,13.19,0.00,0.00,5.49,0.00,0.00,0.00,63.74
10:43:02,6,15.62,0.00,13.54,0.00,0.00,6.25,0.00,0.00,0.00,64.58
10:43:02,7,13.83,0.00,12.77,0.00,0.00,3.19,0.00,0.00,0.00,70.21
10:43:02,12,16.13,0.00,15.05,0.00,0.00,5.38,0.00,0.00,0.00,63.44
10:43:02,13,15.38,0.00,14.29,0.00,0.00,4.40,0.00,0.00,0.00,65.93
10:43:02,14,14.89,0.00,14.89,0.00,0.00,6.38,0.00,0.00,0.00,63.83
10:43:02,15,16.13,0.00,11.83,0.00,0.00,4.30,0.00,0.00,0.00,67.74
10:43:03,4,16.30,0.00,14.13,0.00,0.00,4.35,0.00,0.00,0.00,65.22
10:43:03,5,16.13,0.00,12.90,0.00,0.00,4.30,0.00,0.00,0.00,66.67
10:43:03,6,15.05,0.00,11.83,0.00,0.00,4.30,0.00,0.00,0.00,68.82
10:43:03,7,13.19,0.00,9.89,0.00,0.00,4.40,0.00,0.00,0.00,72.53
10:43:03,12,15.38,0.00,10.99,0.00,0.00,4.40,0.00,0.00,0.00,69.23
10:43:03,13,15.38,0.00,14.29,0.00,0.00,3.30,0.00,0.00,0.00,67.03
10:43:03,14,13.98,0.00,12.90,0.00,0.00,5.38,0.00,0.00,0.00,67.74
10:43:03,15,15.79,0.00,11.58,0.00,0.00,4.21,0.00,0.00,0.00,68.42
10:43:04,4,14.29,0.00,10.99,0.00,0.00,5.49,0.00,0.00,0.00,69.23
10:43:04,5,16.30,0.00,11.96,0.00,0.00,6.52,0.00,0.00,0.00,65.22
10:43:04,6,14.89,0.00,11.70,0.00,0.00,5.32,0.00,0.00,0.00,68.09
10:43:04,7,13.98,0.00,11.83,0.00,0.00,3.23,0.00,0.00,0.00,70.97
10:43:04,12,16.84,0.00,13.68,0.00,0.00,5.26,0.00,0.00,0.00,64.21
10:43:04,13,15.05,0.00,13.98,0.00,0.00,5.38,0.00,0.00,0.00,65.59
10:43:04,14,13.98,0.00,12.90,0.00,0.00,4.30,0.00,0.00,0.00,68.82
10:43:04,15,15.79,0.00,10.53,0.00,0.00,5.26,0.00,0.00,0.00,68.42
10:43:05,4,14.61,0.00,11.24,0.00,0.00,3.37,0.00,0.00,0.00,70.79
10:43:05,5,14.74,0.00,14.74,0.00,0.00,4.21,0.00,0.00,0.00,66.32
10:43:05,6,14.29,0.00,10.99,0.00,0.00,5.49,0.00,0.00,0.00,69.23
10:43:05,7,13.04,0.00,10.87,0.00,0.00,5.43,0.00,0.00,0.00,70.65
10:43:05,12,13.04,0.00,11.96,0.00,0.00,4.35,0.00,0.00,0.00,70.65
10:43:05,13,14.29,0.00,13.19,0.00,0.00,5.49,0.00,0.00,0.00,67.03
10:43:05,14,15.96,0.00,11.70,0.00,0.00,4.26,0.00,0.00,0.00,68.09
10:43:05,15,13.83,0.00,11.70,0.00,0.00,6.38,0.00,0.00,0.00,68.09
10:43:06,4,15.05,0.00,10.75,0.00,0.00,4.30,0.00,0.00,0.00,69.89
10:43:06,5,16.48,0.00,12.09,0.00,0.00,4.40,0.00,0.00,0.00,67.03
10:43:06,6,13.83,0.00,15.96,0.00,0.00,4.26,0.00,0.00,0.00,65.96
10:43:06,7,13.54,0.00,12.50,0.00,0.00,6.25,0.00,0.00,0.00,67.71
10:43:06,12,14.89,0.00,11.70,0.00,0.00,5.32,0.00,0.00,0.00,68.09
10:43:06,13,15.96,0.00,12.77,0.00,0.00,4.26,0.00,0.00,0.00,67.02
10:43:06,14,14.89,0.00,12.77,0.00,0.00,5.32,0.00,0.00,0.00,67.02
10:43:06,15,13.68,0.00,10.53,0.00,0.00,6.32,0.00,0.00,0.00,69.47
10:43:07,4,14.29,0.00,14.29,0.00,0.00,5.49,0.00,0.00,0.00,65.93
10:43:07,5,16.30,0.00,13.04,0.00,0.00,4.35,0.00,0.00,0.00,66.30
10:43:07,6,16.48,0.00,13.19,1.10,0.00,3.30,0.00,0.00,0.00,65.93
10:43:07,7,12.90,0.00,13.98,0.00,0.00,3.23,0.00,0.00,0.00,69.89
10:43:07,12,15.05,0.00,12.90,0.00,0.00,5.38,0.00,0.00,0.00,66.67
10:43:07,13,17.39,0.00,14.13,0.00,0.00,5.43,0.00,0.00,0.00,63.04
10:43:07,14,20.83,0.00,12.50,1.04,0.00,4.17,0.00,0.00,0.00,61.46
10:43:07,15,15.79,0.00,12.63,0.00,0.00,5.26,0.00,0.00,0.00,66.32
10:43:08,4,15.38,0.00,12.09,0.00,0.00,3.30,0.00,0.00,0.00,69.23
10:43:08,5,14.29,0.00,10.99,0.00,0.00,4.40,0.00,0.00,0.00,70.33
10:43:08,6,15.96,0.00,13.83,0.00,0.00,4.26,0.00,0.00,0.00,65.96
10:43:08,7,17.02,0.00,11.70,0.00,0.00,4.26,0.00,0.00,0.00,67.02
10:43:08,12,13.98,0.00,13.98,0.00,0.00,4.30,0.00,0.00,0.00,67.74
10:43:08,13,15.22,0.00,13.04,0.00,0.00,4.35,0.00,0.00,0.00,67.39
10:43:08,14,15.05,0.00,10.75,0.00,0.00,6.45,0.00,0.00,0.00,67.74
10:43:08,15,15.05,0.00,12.90,0.00,0.00,3.23,0.00,0.00,0.00,68.82
10:43:09,4,15.05,0.00,16.13,0.00,0.00,4.30,0.00,0.00,0.00,64.52
10:43:09,5,15.38,0.00,12.09,0.00,0.00,4.40,0.00,0.00,0.00,68.13
10:43:09,6,14.89,0.00,12.77,0.00,0.00,5.32,0.00,0.00,0.00,67.02
10:43:09,7,13.04,0.00,9.78,0.00,0.00,4.35,0.00,0.00,0.00,72.83
10:43:09,12,15.22,0.00,13.04,0.00,0.00,5.43,0.00,0.00,0.00,66.30
10:43:09,13,15.96,0.00,12.77,0.00,0.00,5.32,0.00,0.00,0.00,65.96
10:43:09,14,17.02,0.00,12.77,0.00,0.00,4.26,0.00,0.00,0.00,65.96
10:43:09,15,11.83,0.00,12.90,0.00,0.00,4.30,0.00,0.00,0.00,70.97
10:43:10,4,14.89,0.00,13.83,0.00,0.00,5.32,0.00,0.00,0.00,65.96
10:43:10,5,16.84,0.00,14.74,0.00,0.00,5.26,0.00,0.00,0.00,63.16
10:43:10,6,14.61,0.00,11.24,0.00,0.00,5.62,0.00,0.00,0.00,68.54
10:43:10,7,13.83,0.00,11.70,0.00,0.00,4.26,0.00,0.00,0.00,70.21
10:43:10,12,14.44,0.00,13.33,0.00,0.00,4.44,0.00,0.00,0.00,67.78
10:43:10,13,14.58,0.00,16.67,0.00,0.00,5.21,0.00,0.00,0.00,63.54
10:43:10,14,15.62,0.00,12.50,0.00,0.00,7.29,0.00,0.00,0.00,64.58
10:43:10,15,12.63,0.00,11.58,0.00,0.00,4.21,0.00,0.00,0.00,71.58
10:43:11,4,13.98,0.00,11.83,0.00,0.00,5.38,0.00,0.00,0.00,68.82
10:43:11,5,15.22,0.00,14.13,0.00,0.00,4.35,0.00,0.00,0.00,66.30
10:43:11,6,13.83,0.00,10.64,0.00,0.00,6.38,0.00,0.00,0.00,69.15
10:43:11,7,13.98,0.00,11.83,0.00,0.00,5.38,0.00,0.00,0.00,68.82
10:43:11,12,13.83,0.00,12.77,0.00,0.00,5.32,0.00,0.00,0.00,68.09
10:43:11,13,14.29,0.00,13.19,0.00,0.00,5.49,0.00,0.00,0.00,67.03
10:43:11,14,13.83,0.00,12.77,0.00,0.00,5.32,0.00,0.00,0.00,68.09
10:43:11,15,12.09,0.00,10.99,0.00,0.00,5.49,0.00,0.00,0.00,71.43
10:43:12,4,15.22,0.00,11.96,0.00,0.00,4.35,0.00,0.00,0.00,68.48
10:43:12,5,15.38,0.00,13.19,0.00,0.00,5.49,0.00,0.00,0.00,65.93
10:43:12,6,15.79,0.00,12.63,0.00,0.00,5.26,0.00,0.00,0.00,66.32
10:43:12,7,15.05,0.00,10.75,0.00,0.00,4.30,0.00,0.00,0.00,69.89
10:43:12,12,14.61,0.00,13.48,0.00,0.00,3.37,0.00,0.00,0.00,68.54
10:43:12,13,15.22,0.00,14.13,0.00,0.00,5.43,0.00,0.00,0.00,65.22
10:43:12,14,15.38,0.00,12.09,0.00,0.00,4.40,0.00,0.00,0.00,68.13
10:43:12,15,13.54,0.00,13.54,0.00,0.00,5.21,0.00,0.00,0.00,67.71
10:43:13,4,14.29,0.00,13.19,0.00,0.00,4.40,0.00,0.00,0.00,68.13
10:43:13,5,17.02,0.00,12.77,0.00,0.00,5.32,0.00,0.00,0.00,64.89
10:43:13,6,16.84,0.00,13.68,0.00,0.00,5.26,0.00,0.00,0.00,64.21
10:43:13,7,14.89,0.00,11.70,0.00,0.00,6.38,0.00,0.00,0.00,67.02
10:43:13,12,15.96,0.00,14.89,0.00,0.00,4.26,0.00,0.00,0.00,64.89
10:43:13,13,15.38,0.00,12.09,0.00,0.00,4.40,0.00,0.00,0.00,68.13
10:43:13,14,17.20,0.00,11.83,0.00,0.00,5.38,0.00,0.00,0.00,65.59
10:43:13,15,14.89,0.00,13.83,0.00,0.00,4.26,0.00,0.00,0.00,67.02
10:43:14,4,17.02,0.00,10.64,0.00,0.00,4.26,0.00,0.00,0.00,68.09
10:43:14,5,15.22,0.00,10.87,0.00,0.00,4.35,0.00,0.00,0.00,69.57
10:43:14,6,13.33,0.00,11.11,0.00,0.00,5.56,0.00,0.00,0.00,70.00
10:43:14,7,13.83,0.00,12.77,0.00,0.00,5.32,0.00,0.00,0.00,68.09
10:43:14,12,14.13,0.00,13.04,0.00,0.00,4.35,0.00,0.00,0.00,68.48
10:43:14,13,15.22,0.00,13.04,0.00,0.00,3.26,0.00,0.00,0.00,68.48
10:43:14,14,16.67,0.00,12.50,0.00,0.00,5.21,0.00,0.00,0.00,65.62
10:43:14,15,13.04,0.00,10.87,0.00,0.00,5.43,0.00,0.00,0.00,70.65
10:43:15,4,12.22,0.00,10.00,0.00,0.00,5.56,0.00,0.00,0.00,72.22
10:43:15,5,16.67,0.00,13.54,0.00,0.00,5.21,0.00,0.00,0.00,64.58
10:43:15,6,15.22,0.00,13.04,0.00,0.00,5.43,0.00,0.00,0.00,66.30
10:43:15,7,12.90,0.00,11.83,0.00,0.00,5.38,0.00,0.00,0.00,69.89
10:43:15,12,15.79,0.00,11.58,0.00,0.00,5.26,0.00,0.00,0.00,67.37
10:43:15,13,14.74,0.00,13.68,0.00,0.00,5.26,0.00,0.00,0.00,66.32
10:43:15,14,12.90,0.00,13.98,0.00,0.00,4.30,0.00,0.00,0.00,68.82
10:43:15,15,15.79,0.00,10.53,0.00,0.00,4.21,0.00,0.00,0.00,69.47
10:43:16,4,16.13,0.00,12.90,0.00,0.00,5.38,0.00,0.00,0.00,65.59
10:43:16,5,14.13,0.00,13.04,0.00,0.00,6.52,0.00,0.00,0.00,66.30
10:43:16,6,13.68,0.00,13.68,0.00,0.00,5.26,0.00,0.00,0.00,67.37
10:43:16,7,11.83,0.00,12.90,0.00,0.00,2.15,0.00,0.00,0.00,73.12
10:43:16,12,14.13,0.00,14.13,0.00,0.00,5.43,0.00,0.00,0.00,66.30
10:43:16,13,15.79,0.00,12.63,0.00,0.00,5.26,0.00,0.00,0.00,66.32
10:43:16,14,14.29,0.00,14.29,0.00,0.00,4.40,0.00,0.00,0.00,67.03
10:43:16,15,14.13,0.00,9.78,0.00,0.00,4.35,0.00,0.00,0.00,71.74
10:43:17,4,15.22,0.00,10.87,0.00,0.00,4.35,0.00,0.00,0.00,69.57
10:43:17,5,14.61,0.00,11.24,0.00,0.00,5.62,0.00,0.00,0.00,68.54
10:43:17,6,14.13,0.00,13.04,0.00,0.00,4.35,0.00,0.00,0.00,68.48
10:43:17,7,13.04,0.00,13.04,0.00,0.00,4.35,0.00,0.00,0.00,69.57
10:43:17,12,13.83,0.00,12.77,0.00,0.00,6.38,0.00,0.00,0.00,67.02
10:43:17,13,16.13,0.00,11.83,0.00,0.00,4.30,0.00,0.00,0.00,67.74
10:43:17,14,15.79,0.00,11.58,0.00,0.00,6.32,0.00,0.00,0.00,66.32
10:43:17,15,16.13,0.00,10.75,0.00,0.00,4.30,0.00,0.00,0.00,68.82
10:43:18,4,18.09,0.00,12.77,0.00,0.00,3.19,0.00,0.00,0.00,65.96
10:43:18,5,15.79,0.00,16.84,0.00,0.00,6.32,0.00,0.00,0.00,61.05
10:43:18,6,15.38,0.00,10.99,0.00,0.00,5.49,0.00,0.00,0.00,68.13
10:43:18,7,13.98,0.00,11.83,0.00,0.00,5.38,0.00,0.00,0.00,68.82
10:43:18,12,14.89,0.00,12.77,0.00,0.00,5.32,0.00,0.00,0.00,67.02
10:43:18,13,17.20,0.00,13.98,0.00,0.00,5.38,0.00,0.00,0.00,63.44
10:43:18,14,16.13,0.00,11.83,0.00,0.00,5.38,0.00,0.00,0.00,66.67
10:43:18,15,13.04,0.00,13.04,0.00,0.00,5.43,0.00,0.00,0.00,68.48
10:43:19,4,13.98,0.00,12.90,0.00,0.00,6.45,0.00,0.00,0.00,66.67
10:43:19,5,15.05,0.00,15.05,0.00,0.00,4.30,0.00,0.00,0.00,65.59
10:43:19,6,15.38,0.00,13.19,0.00,0.00,4.40,0.00,0.00,0.00,67.03
10:43:19,7,15.62,0.00,11.46,0.00,0.00,5.21,0.00,0.00,0.00,67.71
10:43:19,12,15.05,0.00,12.90,0.00,0.00,5.38,0.00,0.00,0.00,66.67
10:43:19,13,16.84,0.00,13.68,0.00,0.00,4.21,0.00,0.00,0.00,65.26
10:43:19,14,15.22,0.00,11.96,0.00,0.00,4.35,0.00,0.00,0.00,68.48
10:43:19,15,14.58,0.00,11.46,0.00,0.00,4.17,0.00,0.00,0.00,69.79
10:43:20,4,14.13,0.00,11.96,0.00,0.00,5.43,0.00,0.00,0.00,68.48
10:43:20,5,15.05,0.00,10.75,0.00,0.00,5.38,0.00,0.00,0.00,68.82
10:43:20,6,14.13,0.00,13.04,0.00,0.00,5.43,0.00,0.00,0.00,67.39
10:43:20,7,13.83,0.00,11.70,0.00,0.00,5.32,0.00,0.00,0.00,69.15
10:43:20,12,15.22,0.00,10.87,0.00,0.00,4.35,0.00,0.00,0.00,69.57
10:43:20,13,14.89,0.00,10.64,0.00,0.00,6.38,0.00,0.00,0.00,68.09
10:43:20,14,14.89,0.00,11.70,0.00,0.00,6.38,0.00,0.00,0.00,67.02
10:43:20,15,15.22,0.00,10.87,0.00,0.00,4.35,0.00,0.00,0.00,69.57
10:43:21,4,14.89,0.00,10.64,0.00,0.00,5.32,0.00,0.00,0.00,69.15
10:43:21,5,16.84,0.00,13.68,0.00,0.00,5.26,0.00,0.00,0.00,64.21
10:43:21,6,15.96,0.00,11.70,0.00,0.00,5.32,0.00,0.00,0.00,67.02
10:43:21,7,13.98,0.00,11.83,0.00,0.00,4.30,0.00,0.00,0.00,69.89
10:43:21,12,12.22,0.00,13.33,0.00,0.00,3.33,0.00,0.00,0.00,71.11
10:43:21,13,15.96,0.00,13.83,0.00,0.00,5.32,0.00,0.00,0.00,64.89
10:43:21,14,14.58,0.00,13.54,0.00,0.00,5.21,0.00,0.00,0.00,66.67
10:43:21,15,11.70,0.00,13.83,0.00,0.00,5.32,0.00,0.00,0.00,69.15
10:43:22,4,15.79,0.00,13.68,0.00,0.00,4.21,0.00,0.00,0.00,66.32
10:43:22,5,14.13,0.00,13.04,0.00,0.00,4.35,0.00,0.00,0.00,68.48
10:43:22,6,15.62,0.00,12.50,1.04,0.00,6.25,0.00,0.00,0.00,64.58
10:43:22,7,13.33,0.00,11.11,0.00,0.00,4.44,0.00,0.00,0.00,71.11
10:43:22,12,14.29,0.00,13.19,0.00,0.00,3.30,0.00,0.00,0.00,69.23
10:43:22,13,16.13,0.00,12.90,0.00,0.00,4.30,0.00,0.00,0.00,66.67
10:43:22,14,15.56,0.00,11.11,1.11,0.00,4.44,0.00,0.00,0.00,67.78
10:43:22,15,14.13,0.00,11.96,0.00,0.00,5.43,0.00,0.00,0.00,68.48
10:43:23,4,16.30,0.00,11.96,0.00,0.00,6.52,0.00,0.00,0.00,65.22
10:43:23,5,14.29,0.00,13.19,0.00,0.00,5.49,0.00,0.00,0.00,67.03
10:43:23,6,16.48,0.00,15.38,0.00,0.00,3.30,0.00,0.00,0.00,64.84
10:43:23,7,12.77,0.00,11.70,0.00,0.00,5.32,0.00,0.00,0.00,70.21
10:43:23,12,18.95,0.00,15.79,0.00,0.00,5.26,0.00,0.00,0.00,60.00
10:43:23,13,16.13,0.00,12.90,0.00,0.00,5.38,0.00,0.00,0.00,65.59
10:43:23,14,17.89,0.00,13.68,0.00,0.00,5.26,0.00,0.00,0.00,63.16
10:43:23,15,13.83,0.00,13.83,0.00,0.00,3.19,0.00,0.00,0.00,69.15
10:43:24,4,18.28,0.00,10.75,0.00,0.00,4.30,0.00,0.00,0.00,66.67
10:43:24,5,16.13,0.00,12.90,0.00,0.00,4.30,0.00,0.00,0.00,66.67
10:43:24,6,14.89,0.00,12.77,0.00,0.00,5.32,0.00,0.00,0.00,67.02
10:43:24,7,13.19,0.00,10.99,0.00,0.00,4.40,0.00,0.00,0.00,71.43
10:43:24,12,17.20,0.00,11.83,0.00,0.00,5.38,0.00,0.00,0.00,65.59
10:43:24,13,17.39,0.00,11.96,0.00,0.00,3.26,0.00,0.00,0.00,67.39
10:43:24,14,14.89,0.00,13.83,0.00,0.00,5.32,0.00,0.00,0.00,65.96
10:43:24,15,15.79,0.00,12.63,0.00,0.00,5.26,0.00,0.00,0.00,66.32
10:43:25,4,16.13,0.00,15.05,0.00,0.00,4.30,0.00,0.00,0.00,64.52
10:43:25,5,14.13,0.00,13.04,0.00,0.00,5.43,0.00,0.00,0.00,67.39
10:43:25,6,15.05,0.00,12.90,0.00,0.00,3.23,0.00,0.00,0.00,68.82
10:43:25,7,10.75,0.00,11.83,0.00,0.00,5.38,0.00,0.00,0.00,72.04
10:43:25,12,16.48,0.00,12.09,0.00,0.00,4.40,0.00,0.00,0.00,67.03
10:43:25,13,16.30,0.00,11.96,0.00,0.00,5.43,0.00,0.00,0.00,66.30
10:43:25,14,14.29,0.00,14.29,0.00,0.00,3.30,0.00,0.00,0.00,68.13
10:43:25,15,12.90,0.00,11.83,0.00,0.00,4.30,0.00,0.00,0.00,70.97
10:43:26,4,13.19,0.00,10.99,0.00,0.00,5.49,0.00,0.00,0.00,70.33
10:43:26,5,16.13,0.00,15.05,0.00,0.00,5.38,0.00,0.00,0.00,63.44
10:43:26,6,13.98,0.00,13.98,0.00,0.00,5.38,0.00,0.00,0.00,66.67
10:43:26,7,13.83,0.00,11.70,0.00,0.00,6.38,0.00,0.00,0.00,68.09
10:43:26,12,13.83,0.00,13.83,0.00,0.00,4.26,0.00,0.00,0.00,68.09
10:43:26,13,14.58,0.00,12.50,0.00,0.00,7.29,0.00,0.00,0.00,65.62
10:43:26,14,14.29,0.00,10.99,0.00,0.00,4.40,0.00,0.00,0.00,70.33
10:43:26,15,12.90,0.00,12.90,0.00,0.00,5.38,0.00,0.00,0.00,68.82
10:43:27,4,14.44,0.00,11.11,0.00,0.00,3.33,0.00,0.00,0.00,71.11
10:43:27,5,15.96,0.00,12.77,0.00,0.00,5.32,0.00,0.00,0.00,65.96
10:43:27,6,16.30,0.00,11.96,0.00,0.00,4.35,0.00,0.00,0.00,67.39
10:43:27,7,14.89,0.00,11.70,0.00,0.00,4.26,0.00,0.00,0.00,69.15
10:43:27,12,13.98,0.00,12.90,0.00,0.00,5.38,0.00,0.00,0.00,67.74
10:43:27,13,15.96,0.00,11.70,0.00,0.00,5.32,0.00,0.00,0.00,67.02
10:43:27,14,14.89,0.00,12.77,0.00,0.00,5.32,0.00,0.00,0.00,67.02
10:43:27,15,13.68,0.00,13.68,0.00,0.00,4.21,0.00,0.00,0.00,68.42
10:43:28,4,18.09,0.00,12.77,0.00,0.00,5.32,0.00,0.00,0.00,63.83
10:43:28,5,15.96,0.00,13.83,0.00,0.00,4.26,0.00,0.00,0.00,65.96
10:43:28,6,15.79,0.00,12.63,0.00,0.00,5.26,0.00,0.00,0.00,66.32
10:43:28,7,16.30,0.00,11.96,0.00,0.00,4.35,0.00,0.00,0.00,67.39
10:43:28,12,14.13,0.00,13.04,0.00,0.00,5.43,0.00,0.00,0.00,67.39
10:43:28,13,16.48,0.00,10.99,0.00,0.00,5.49,0.00,0.00,0.00,67.03
10:43:28,14,16.13,0.00,12.90,0.00,0.00,4.30,0.00,0.00,0.00,66.67
10:43:28,15,17.02,0.00,13.83,0.00,0.00,4.26,0.00,0.00,0.00,64.89
10:43:29,4,14.89,0.00,12.77,0.00,0.00,5.32,0.00,0.00,0.00,67.02
10:43:29,5,16.30,0.00,10.87,0.00,0.00,4.35,0.00,0.00,0.00,68.48
10:43:29,6,15.22,0.00,10.87,0.00,0.00,5.43,0.00,0.00,0.00,68.48
10:43:29,7,13.04,0.00,9.78,0.00,0.00,5.43,0.00,0.00,0.00,71.74
10:43:29,12,16.30,0.00,10.87,0.00,0.00,4.35,0.00,0.00,0.00,68.48
10:43:29,13,15.96,0.00,13.83,0.00,0.00,5.32,0.00,0.00,0.00,64.89
10:43:29,14,15.38,0.00,13.19,0.00,0.00,4.40,0.00,0.00,0.00,67.03
10:43:29,15,13.68,0.00,14.74,0.00,0.00,4.21,0.00,0.00,0.00,67.37
10:43:30,4,15.96,0.00,13.83,0.00,0.00,3.19,0.00,0.00,0.00,67.02
10:43:30,5,16.13,0.00,11.83,0.00,0.00,3.23,0.00,0.00,0.00,68.82
10:43:30,6,14.29,0.00,10.99,0.00,0.00,4.40,0.00,0.00,0.00,70.33
10:43:30,7,14.89,0.00,11.70,0.00,0.00,4.26,0.00,0.00,0.00,69.15
10:43:30,12,14.13,0.00,11.96,0.00,0.00,4.35,0.00,0.00,0.00,69.57
10:43:30,13,18.09,0.00,10.64,0.00,0.00,4.26,0.00,0.00,0.00,67.02
10:43:30,14,14.58,0.00,13.54,0.00,0.00,6.25,0.00,0.00,0.00,65.62
10:43:30,15,14.44,0.00,11.11,0.00,0.00,4.44,0.00,0.00,0.00,70.00
10:43:31,4,13.98,0.00,12.90,0.00,0.00,4.30,0.00,0.00,0.00,68.82
10:43:31,5,15.05,0.00,11.83,0.00,0.00,4.30,0.00,0.00,0.00,68.82
10:43:31,6,14.29,0.00,10.99,0.00,0.00,4.40,0.00,0.00,0.00,70.33
10:43:31,7,13.33,0.00,11.11,0.00,0.00,4.44,0.00,0.00,0.00,71.11
10:43:31,12,14.74,0.00,13.68,0.00,0.00,5.26,0.00,0.00,0.00,66.32
10:43:31,13,13.33,0.00,10.00,0.00,0.00,6.67,0.00,0.00,0.00,70.00
10:43:31,14,13.04,0.00,13.04,0.00,0.00,4.35,0.00,0.00,0.00,69.57
10:43:31,15,15.79,0.00,12.63,0.00,0.00,3.16,0.00,0.00,0.00,68.42
10:43:32,4,13.33,0.00,13.33,0.00,0.00,4.44,0.00,0.00,0.00,68.89
10:43:32,5,15.05,0.00,13.98,0.00,0.00,4.30,0.00,0.00,0.00,66.67
10:43:32,6,15.96,0.00,12.77,1.06,0.00,4.26,0.00,0.00,0.00,65.96
10:43:32,7,14.13,0.00,11.96,0.00,0.00,4.35,0.00,0.00,0.00,69.57
10:43:32,12,15.22,0.00,11.96,1.09,0.00,3.26,0.00,0.00,0.00,68.48
10:43:32,13,16.30,0.00,11.96,0.00,0.00,2.17,0.00,0.00,0.00,69.57
10:43:32,14,15.22,0.00,13.04,0.00,0.00,4.35,0.00,0.00,0.00,67.39
10:43:32,15,16.13,0.00,12.90,0.00,0.00,3.23,0.00,0.00,0.00,67.74
10:43:33,4,16.49,0.00,14.43,0.00,0.00,5.15,0.00,0.00,0.00,63.92
10:43:33,5,14.89,0.00,11.70,0.00,0.00,5.32,0.00,0.00,0.00,68.09
10:43:33,6,17.20,0.00,12.90,0.00,0.00,5.38,0.00,0.00,0.00,64.52
10:43:33,7,12.90,0.00,11.83,0.00,0.00,5.38,0.00,0.00,0.00,69.89
10:43:33,12,18.95,0.00,12.63,0.00,0.00,5.26,0.00,0.00,0.00,63.16
10:43:33,13,13.98,0.00,13.98,0.00,0.00,5.38,0.00,0.00,0.00,66.67
10:43:33,14,14.61,0.00,13.48,0.00,0.00,4.49,0.00,0.00,0.00,67.42
10:43:33,15,15.96,0.00,11.70,0.00,0.00,4.26,0.00,0.00,0.00,68.09
10:43:34,4,15.22,0.00,11.96,0.00,0.00,4.35,0.00,0.00,0.00,68.48
10:43:34,5,16.30,0.00,11.96,0.00,0.00,4.35,0.00,0.00,0.00,67.39
10:43:34,6,16.49,0.00,11.34,0.00,0.00,6.19,0.00,0.00,0.00,65.98
10:43:34,7,15.38,0.00,13.19,0.00,0.00,3.30,0.00,0.00,0.00,68.13
10:43:34,12,14.74,0.00,10.53,0.00,0.00,7.37,0.00,0.00,0.00,67.37
10:43:34,13,13.98,0.00,12.90,0.00,0.00,4.30,0.00,0.00,0.00,68.82
10:43:34,14,15.05,0.00,11.83,0.00,0.00,4.30,0.00,0.00,0.00,68.82
10:43:34,15,12.90,0.00,12.90,0.00,0.00,5.38,0.00,0.00,0.00,68.82
10:43:35,4,14.13,0.00,10.87,0.00,0.00,5.43,0.00,0.00,0.00,69.57
10:43:35,5,14.44,0.00,13.33,0.00,0.00,4.44,0.00,0.00,0.00,67.78
10:43:35,6,15.05,0.00,11.83,0.00,0.00,5.38,0.00,0.00,0.00,67.74
10:43:35,7,13.98,0.00,12.90,0.00,0.00,4.30,0.00,0.00,0.00,68.82
10:43:35,12,14.29,0.00,12.09,0.00,0.00,4.40,0.00,0.00,0.00,69.23
10:43:35,13,15.22,0.00,10.87,0.00,0.00,4.35,0.00,0.00,0.00,69.57
10:43:35,14,15.22,0.00,10.87,0.00,0.00,4.35,0.00,0.00,0.00,69.57
10:43:35,15,15.62,0.00,13.54,0.00,0.00,4.17,0.00,0.00,0.00,66.67
10:43:36,4,14.13,0.00,11.96,0.00,0.00,5.43,0.00,0.00,0.00,68.48
10:43:36,5,15.96,0.00,11.70,0.00,0.00,5.32,0.00,0.00,0.00,67.02
10:43:36,6,12.90,0.00,13.98,0.00,0.00,4.30,0.00,0.00,0.00,68.82
10:43:36,7,12.77,0.00,11.70,0.00,0.00,5.32,0.00,0.00,0.00,70.21
10:43:36,12,15.22,0.00,13.04,0.00,0.00,4.35,0.00,0.00,0.00,67.39
10:43:36,13,14.61,0.00,15.73,0.00,0.00,4.49,0.00,0.00,0.00,65.17
10:43:36,14,14.89,0.00,13.83,0.00,0.00,5.32,0.00,0.00,0.00,65.96
10:43:36,15,13.83,0.00,11.70,0.00,0.00,5.32,0.00,0.00,0.00,69.15
10:43:37,4,12.50,0.00,13.54,0.00,0.00,5.21,0.00,0.00,0.00,68.75
10:43:37,5,14.29,0.00,13.19,0.00,0.00,5.49,0.00,0.00,0.00,67.03
10:43:37,6,14.13,0.00,14.13,1.09,0.00,5.43,0.00,0.00,0.00,65.22
10:43:37,7,12.90,0.00,10.75,0.00,0.00,4.30,0.00,0.00,0.00,72.04
10:43:37,12,15.38,0.00,12.09,1.10,0.00,5.49,0.00,0.00,0.00,65.93
10:43:37,13,15.38,0.00,10.99,0.00,0.00,4.40,0.00,0.00,0.00,69.23
10:43:37,14,14.13,0.00,11.96,0.00,0.00,4.35,0.00,0.00,0.00,69.57
10:43:37,15,15.79,0.00,9.47,0.00,0.00,5.26,0.00,0.00,0.00,69.47
10:43:38,4,13.04,0.00,14.13,0.00,0.00,4.35,0.00,0.00,0.00,68.48
10:43:38,5,16.48,0.00,13.19,0.00,0.00,5.49,0.00,0.00,0.00,64.84
10:43:38,6,15.96,0.00,12.77,0.00,0.00,4.26,0.00,0.00,0.00,67.02
10:43:38,7,14.89,0.00,12.77,0.00,0.00,4.26,0.00,0.00,0.00,68.09
10:43:38,12,17.02,0.00,11.70,0.00,0.00,5.32,0.00,0.00,0.00,65.96
10:43:38,13,18.28,0.00,11.83,0.00,0.00,4.30,0.00,0.00,0.00,65.59
10:43:38,14,13.19,0.00,12.09,0.00,0.00,5.49,0.00,0.00,0.00,69.23
10:43:38,15,13.83,0.00,13.83,0.00,0.00,3.19,0.00,0.00,0.00,69.15
10:43:39,4,17.20,0.00,11.83,0.00,0.00,4.30,0.00,0.00,0.00,66.67
10:43:39,5,15.22,0.00,15.22,0.00,0.00,4.35,0.00,0.00,0.00,65.22
10:43:39,6,15.22,0.00,11.96,0.00,0.00,3.26,0.00,0.00,0.00,69.57
10:43:39,7,12.09,0.00,10.99,0.00,0.00,4.40,0.00,0.00,0.00,72.53
10:43:39,12,15.79,0.00,13.68,0.00,0.00,5.26,0.00,0.00,0.00,65.26
10:43:39,13,14.29,0.00,10.99,0.00,0.00,5.49,0.00,0.00,0.00,69.23
10:43:39,14,13.33,0.00,11.11,0.00,0.00,4.44,0.00,0.00,0.00,71.11
10:43:39,15,12.77,0.00,11.70,0.00,0.00,4.26,0.00,0.00,0.00,71.28
10:43:40,4,16.84,0.00,10.53,0.00,0.00,5.26,0.00,0.00,0.00,67.37
10:43:40,5,14.13,0.00,11.96,0.00,0.00,4.35,0.00,0.00,0.00,69.57
10:43:40,6,13.98,0.00,12.90,0.00,0.00,5.38,0.00,0.00,0.00,67.74
10:43:40,7,15.79,0.00,12.63,0.00,0.00,4.21,0.00,0.00,0.00,67.37
10:43:40,12,14.74,0.00,13.68,0.00,0.00,4.21,0.00,0.00,0.00,67.37
10:43:40,13,15.22,0.00,11.96,0.00,0.00,4.35,0.00,0.00,0.00,68.48
10:43:40,14,15.96,0.00,11.70,0.00,0.00,4.26,0.00,0.00,0.00,68.09
10:43:40,15,14.29,0.00,10.99,0.00,0.00,4.40,0.00,0.00,0.00,70.33
10:43:41,4,15.96,0.00,11.70,0.00,0.00,5.32,0.00,0.00,0.00,67.02
10:43:41,5,15.96,0.00,11.70,0.00,0.00,4.26,0.00,0.00,0.00,68.09
10:43:41,6,13.83,0.00,12.77,0.00,0.00,4.26,0.00,0.00,0.00,69.15
10:43:41,7,13.83,0.00,11.70,0.00,0.00,5.32,0.00,0.00,0.00,69.15
10:43:41,12,14.44,0.00,14.44,0.00,0.00,4.44,0.00,0.00,0.00,66.67
10:43:41,13,15.22,0.00,10.87,0.00,0.00,4.35,0.00,0.00,0.00,69.57
10:43:41,14,15.22,0.00,11.96,0.00,0.00,4.35,0.00,0.00,0.00,68.48
10:43:41,15,15.96,0.00,11.70,0.00,0.00,3.19,0.00,0.00,0.00,69.15
10:43:42,4,16.13,0.00,11.83,0.00,0.00,3.23,0.00,0.00,0.00,68.82
10:43:42,5,17.20,0.00,12.90,0.00,0.00,5.38,0.00,0.00,0.00,64.52
10:43:42,6,11.83,0.00,15.05,1.08,0.00,5.38,0.00,0.00,0.00,66.67
10:43:42,7,12.77,0.00,11.70,0.00,0.00,3.19,0.00,0.00,0.00,72.34
10:43:42,12,16.13,0.00,12.90,0.00,0.00,4.30,0.00,0.00,0.00,66.67
10:43:42,13,15.05,0.00,15.05,0.00,0.00,4.30,0.00,0.00,0.00,65.59
10:43:42,14,15.38,0.00,12.09,0.00,0.00,5.49,0.00,0.00,0.00,67.03
10:43:42,15,11.83,0.00,12.90,0.00,0.00,4.30,0.00,0.00,0.00,70.97
10:43:43,4,13.33,0.00,14.44,0.00,0.00,3.33,0.00,0.00,0.00,68.89
10:43:43,5,16.48,0.00,13.19,0.00,0.00,4.40,0.00,0.00,0.00,65.93
10:43:43,6,15.22,0.00,11.96,0.00,0.00,4.35,0.00,0.00,0.00,68.48
10:43:43,7,13.68,0.00,12.63,0.00,0.00,5.26,0.00,0.00,0.00,68.42
10:43:43,12,13.04,0.00,14.13,0.00,0.00,4.35,0.00,0.00,0.00,68.48
10:43:43,13,15.22,0.00,11.96,0.00,0.00,4.35,0.00,0.00,0.00,68.48
10:43:43,14,17.58,0.00,14.29,0.00,0.00,4.40,0.00,0.00,0.00,63.74
10:43:43,15,17.02,0.00,11.70,0.00,0.00,4.26,0.00,0.00,0.00,67.02
10:43:44,4,13.83,0.00,13.83,0.00,0.00,4.26,0.00,0.00,0.00,68.09
10:43:44,5,15.05,0.00,8.60,0.00,0.00,5.38,0.00,0.00,0.00,70.97
10:43:44,6,14.89,0.00,14.89,0.00,0.00,4.26,0.00,0.00,0.00,65.96
10:43:44,7,13.04,0.00,10.87,0.00,0.00,5.43,0.00,0.00,0.00,70.65
10:43:44,12,13.83,0.00,12.77,0.00,0.00,4.26,0.00,0.00,0.00,69.15
10:43:44,13,13.98,0.00,12.90,0.00,0.00,4.30,0.00,0.00,0.00,68.82
10:43:44,14,17.02,0.00,11.70,0.00,0.00,5.32,0.00,0.00,0.00,65.96
10:43:44,15,13.83,0.00,11.70,0.00,0.00,4.26,0.00,0.00,0.00,70.21
10:43:45,4,13.48,0.00,12.36,0.00,0.00,3.37,0.00,0.00,0.00,70.79
10:43:45,5,14.61,0.00,14.61,0.00,0.00,3.37,0.00,0.00,0.00,67.42
10:43:45,6,14.74,0.00,12.63,0.00,0.00,5.26,0.00,0.00,0.00,67.37
10:43:45,7,12.90,0.00,11.83,0.00,0.00,4.30,0.00,0.00,0.00,70.97
10:43:45,12,13.98,0.00,16.13,0.00,0.00,5.38,0.00,0.00,0.00,64.52
10:43:45,13,14.89,0.00,12.77,0.00,0.00,4.26,0.00,0.00,0.00,68.09
10:43:45,14,15.38,0.00,12.09,0.00,0.00,4.40,0.00,0.00,0.00,68.13
10:43:45,15,14.29,0.00,10.99,0.00,0.00,3.30,0.00,0.00,0.00,71.43
10:43:46,4,17.71,0.00,12.50,0.00,0.00,5.21,0.00,0.00,0.00,64.58
10:43:46,5,15.96,0.00,11.70,0.00,0.00,5.32,0.00,0.00,0.00,67.02
10:43:46,6,13.19,0.00,10.99,0.00,0.00,5.49,0.00,0.00,0.00,70.33
10:43:46,7,14.89,0.00,9.57,0.00,0.00,5.32,0.00,0.00,0.00,70.21
10:43:46,12,15.79,0.00,11.58,0.00,0.00,5.26,0.00,0.00,0.00,67.37
10:43:46,13,14.29,0.00,15.38,0.00,0.00,4.40,0.00,0.00,0.00,65.93
10:43:46,14,15.05,0.00,11.83,0.00,0.00,4.30,0.00,0.00,0.00,68.82
10:43:46,15,14.13,0.00,11.96,0.00,0.00,3.26,0.00,0.00,0.00,70.65
10:43:47,4,14.61,0.00,13.48,0.00,0.00,3.37,0.00,0.00,0.00,68.54
10:43:47,5,11.96,0.00,13.04,0.00,0.00,5.43,0.00,0.00,0.00,69.57
10:43:47,6,13.98,0.00,13.98,0.00,0.00,4.30,0.00,0.00,0.00,67.74
10:43:47,7,14.13,0.00,10.87,0.00,0.00,4.35,0.00,0.00,0.00,70.65
10:43:47,12,14.13,0.00,13.04,1.09,0.00,3.26,0.00,0.00,0.00,68.48
10:43:47,13,14.89,0.00,12.77,1.06,0.00,4.26,0.00,0.00,0.00,67.02
10:43:47,14,15.22,0.00,10.87,0.00,0.00,4.35,0.00,0.00,0.00,69.57
10:43:47,15,16.67,0.00,10.42,0.00,0.00,4.17,0.00,0.00,0.00,68.75
10:43:48,4,17.39,0.00,11.96,0.00,0.00,5.43,0.00,0.00,0.00,65.22
10:43:48,5,16.13,0.00,13.98,0.00,0.00,4.30,0.00,0.00,0.00,65.59
10:43:48,6,14.89,0.00,11.70,0.00,0.00,5.32,0.00,0.00,0.00,68.09
10:43:48,7,13.98,0.00,11.83,0.00,0.00,4.30,0.00,0.00,0.00,69.89
10:43:48,12,17.89,0.00,12.63,0.00,0.00,5.26,0.00,0.00,0.00,64.21
10:43:48,13,17.39,0.00,14.13,0.00,0.00,4.35,0.00,0.00,0.00,64.13
10:43:48,14,16.13,0.00,12.90,0.00,0.00,4.30,0.00,0.00,0.00,66.67
10:43:48,15,12.90,0.00,13.98,0.00,0.00,5.38,0.00,0.00,0.00,67.74
10:43:49,4,14.13,0.00,11.96,0.00,0.00,4.35,0.00,0.00,0.00,69.57
10:43:49,5,17.39,0.00,13.04,0.00,0.00,4.35,0.00,0.00,0.00,65.22
10:43:49,6,16.30,0.00,10.87,0.00,0.00,5.43,0.00,0.00,0.00,67.39
10:43:49,7,14.13,0.00,10.87,0.00,0.00,4.35,0.00,0.00,0.00,70.65
10:43:49,12,15.79,0.00,11.58,0.00,0.00,5.26,0.00,0.00,0.00,67.37
10:43:49,13,14.89,0.00,13.83,0.00,0.00,3.19,0.00,0.00,0.00,68.09
10:43:49,14,14.58,0.00,13.54,0.00,0.00,6.25,0.00,0.00,0.00,65.62
10:43:49,15,13.98,0.00,10.75,0.00,0.00,5.38,0.00,0.00,0.00,69.89
10:43:50,4,14.89,0.00,12.77,0.00,0.00,5.32,0.00,0.00,0.00,67.02
10:43:50,5,15.96,0.00,12.77,0.00,0.00,4.26,0.00,0.00,0.00,67.02
10:43:50,6,13.33,0.00,13.33,0.00,0.00,3.33,0.00,0.00,0.00,70.00
10:43:50,7,11.70,0.00,11.70,0.00,0.00,5.32,0.00,0.00,0.00,71.28
10:43:50,12,15.05,0.00,13.98,0.00,0.00,5.38,0.00,0.00,0.00,65.59
10:43:50,13,12.90,0.00,13.98,0.00,0.00,5.38,0.00,0.00,0.00,67.74
10:43:50,14,17.20,0.00,11.83,0.00,0.00,4.30,0.00,0.00,0.00,66.67
10:43:50,15,15.05,0.00,11.83,0.00,0.00,3.23,0.00,0.00,0.00,69.89
10:43:51,4,15.22,0.00,13.04,0.00,0.00,4.35,0.00,0.00,0.00,67.39
10:43:51,5,14.89,0.00,12.77,0.00,0.00,4.26,0.00,0.00,0.00,68.09
10:43:51,6,14.13,0.00,11.96,0.00,0.00,4.35,0.00,0.00,0.00,69.57
10:43:51,7,14.58,0.00,12.50,0.00,0.00,4.17,0.00,0.00,0.00,68.75
10:43:51,12,14.74,0.00,13.68,0.00,0.00,5.26,0.00,0.00,0.00,66.32
10:43:51,13,14.44,0.00,11.11,0.00,0.00,3.33,0.00,0.00,0.00,71.11
10:43:51,14,15.22,0.00,11.96,0.00,0.00,3.26,0.00,0.00,0.00,69.57
10:43:51,15,13.68,0.00,11.58,0.00,0.00,4.21,0.00,0.00,0.00,70.53
10:43:52,4,15.38,0.00,10.99,0.00,0.00,6.59,0.00,0.00,0.00,67.03
10:43:52,5,15.12,0.00,11.63,0.00,0.00,2.33,0.00,0.00,0.00,70.93
10:43:52,6,15.96,0.00,14.89,0.00,0.00,4.26,0.00,0.00,0.00,64.89
10:43:52,7,13.83,0.00,13.83,0.00,0.00,4.26,0.00,0.00,0.00,68.09
10:43:52,12,15.22,0.00,11.96,0.00,0.00,5.43,0.00,0.00,0.00,67.39
10:43:52,13,14.29,0.00,12.09,0.00,0.00,5.49,0.00,0.00,0.00,68.13
10:43:52,14,15.96,0.00,11.70,0.00,0.00,4.26,0.00,0.00,0.00,68.09
10:43:52,15,13.98,0.00,10.75,0.00,0.00,4.30,0.00,0.00,0.00,70.97
10:43:53,4,17.20,0.00,13.98,0.00,0.00,4.30,0.00,0.00,0.00,64.52
10:43:53,5,15.38,0.00,12.09,0.00,0.00,4.40,0.00,0.00,0.00,68.13
10:43:53,6,16.30,0.00,14.13,0.00,0.00,4.35,0.00,0.00,0.00,65.22
10:43:53,7,15.05,0.00,10.75,0.00,0.00,5.38,0.00,0.00,0.00,68.82
10:43:53,12,18.28,0.00,12.90,0.00,0.00,4.30,0.00,0.00,0.00,64.52
10:43:53,13,17.35,0.00,15.31,0.00,0.00,5.10,0.00,0.00,0.00,62.24
10:43:53,14,14.89,0.00,12.77,0.00,0.00,6.38,0.00,0.00,0.00,65.96
10:43:53,15,14.13,0.00,11.96,0.00,0.00,4.35,0.00,0.00,0.00,69.57
10:43:54,4,15.05,0.00,11.83,0.00,0.00,5.38,0.00,0.00,0.00,67.74
10:43:54,5,13.33,0.00,10.00,0.00,0.00,5.56,0.00,0.00,0.00,71.11
10:43:54,6,14.74,0.00,12.63,0.00,0.00,5.26,0.00,0.00,0.00,67.37
10:43:54,7,12.63,0.00,11.58,0.00,0.00,5.26,0.00,0.00,0.00,70.53
10:43:54,12,13.83,0.00,15.96,0.00,0.00,3.19,0.00,0.00,0.00,67.02
10:43:54,13,15.79,0.00,16.84,0.00,0.00,4.21,0.00,0.00,0.00,63.16
10:43:54,14,14.13,0.00,13.04,0.00,0.00,3.26,0.00,0.00,0.00,69.57
10:43:54,15,14.13,0.00,9.78,0.00,0.00,4.35,0.00,0.00,0.00,71.74
10:43:55,4,15.79,0.00,13.68,0.00,0.00,5.26,0.00,0.00,0.00,65.26
10:43:55,5,16.48,0.00,14.29,0.00,0.00,4.40,0.00,0.00,0.00,64.84
10:43:55,6,14.29,0.00,12.09,0.00,0.00,5.49,0.00,0.00,0.00,68.13
10:43:55,7,13.04,0.00,10.87,0.00,0.00,4.35,0.00,0.00,0.00,71.74
10:43:55,12,13.98,0.00,11.83,0.00,0.00,5.38,0.00,0.00,0.00,68.82
10:43:55,13,16.84,0.00,13.68,0.00,0.00,5.26,0.00,0.00,0.00,64.21
10:43:55,14,15.22,0.00,11.96,0.00,0.00,3.26,0.00,0.00,0.00,69.57
10:43:55,15,14.74,0.00,11.58,0.00,0.00,3.16,0.00,0.00,0.00,70.53
10:43:56,4,14.13,0.00,13.04,0.00,0.00,4.35,0.00,0.00,0.00,68.48
10:43:56,5,15.05,0.00,12.90,0.00,0.00,4.30,0.00,0.00,0.00,67.74
10:43:56,6,14.74,0.00,11.58,0.00,0.00,5.26,0.00,0.00,0.00,68.42
10:43:56,7,13.98,0.00,12.90,0.00,0.00,4.30,0.00,0.00,0.00,68.82
10:43:56,12,13.98,0.00,10.75,0.00,0.00,6.45,0.00,0.00,0.00,68.82
10:43:56,13,14.13,0.00,14.13,0.00,0.00,4.35,0.00,0.00,0.00,67.39
10:43:56,14,15.79,0.00,13.68,0.00,0.00,4.21,0.00,0.00,0.00,66.32
10:43:56,15,15.38,0.00,10.99,0.00,0.00,4.40,0.00,0.00,0.00,69.23
10:43:57,4,14.44,0.00,11.11,0.00,0.00,3.33,0.00,0.00,0.00,71.11
10:43:57,5,15.62,0.00,12.50,0.00,0.00,5.21,0.00,0.00,0.00,66.67
10:43:57,6,14.89,0.00,13.83,0.00,0.00,5.32,0.00,0.00,0.00,65.96
10:43:57,7,12.63,0.00,13.68,0.00,0.00,5.26,0.00,0.00,0.00,68.42
10:43:57,12,15.62,0.00,14.58,0.00,0.00,4.17,0.00,0.00,0.00,65.62
10:43:57,13,16.13,0.00,13.98,0.00,0.00,4.30,0.00,0.00,0.00,65.59
10:43:57,14,13.19,0.00,12.09,0.00,0.00,5.49,0.00,0.00,0.00,69.23
10:43:57,15,15.05,0.00,11.83,0.00,0.00,4.30,0.00,0.00,0.00,68.82
10:43:58,4,16.84,0.00,11.58,0.00,0.00,5.26,0.00,0.00,0.00,66.32
10:43:58,5,18.28,0.00,13.98,0.00,0.00,4.30,0.00,0.00,0.00,63.44
10:43:58,6,14.29,0.00,12.09,0.00,0.00,5.49,0.00,0.00,0.00,68.13
10:43:58,7,14.13,0.00,10.87,0.00,0.00,4.35,0.00,0.00,0.00,70.65
10:43:58,12,14.58,0.00,13.54,0.00,0.00,5.21,0.00,0.00,0.00,66.67
10:43:58,13,17.20,0.00,10.75,0.00,0.00,4.30,0.00,0.00,0.00,67.74
10:43:58,14,15.96,0.00,14.89,0.00,0.00,5.32,0.00,0.00,0.00,63.83
10:43:58,15,13.04,0.00,13.04,0.00,0.00,4.35,0.00,0.00,0.00,69.57
10:43:59,4,15.22,0.00,13.04,0.00,0.00,4.35,0.00,0.00,0.00,67.39
10:43:59,5,14.13,0.00,10.87,0.00,0.00,5.43,0.00,0.00,0.00,69.57
10:43:59,6,14.89,0.00,13.83,0.00,0.00,5.32,0.00,0.00,0.00,65.96
10:43:59,7,12.90,0.00,12.90,0.00,0.00,5.38,0.00,0.00,0.00,68.82
10:43:59,12,15.96,0.00,14.89,0.00,0.00,5.32,0.00,0.00,0.00,63.83
10:43:59,13,16.48,0.00,12.09,0.00,0.00,3.30,0.00,0.00,0.00,68.13
10:43:59,14,14.89,0.00,12.77,0.00,0.00,5.32,0.00,0.00,0.00,67.02
10:43:59,15,15.96,0.00,10.64,0.00,0.00,5.32,0.00,0.00,0.00,68.09
10:44:00,4,16.13,0.00,11.83,0.00,0.00,3.23,0.00,0.00,0.00,68.82
10:44:00,5,15.56,0.00,14.44,0.00,0.00,4.44,0.00,0.00,0.00,65.56
10:44:00,6,14.13,0.00,11.96,0.00,0.00,4.35,0.00,0.00,0.00,69.57
10:44:00,7,13.04,0.00,9.78,0.00,0.00,4.35,0.00,0.00,0.00,72.83
10:44:00,12,16.48,0.00,10.99,0.00,0.00,5.49,0.00,0.00,0.00,67.03
10:44:00,13,15.96,0.00,15.96,0.00,0.00,5.32,0.00,0.00,0.00,62.77
10:44:00,14,15.96,0.00,13.83,0.00,0.00,5.32,0.00,0.00,0.00,64.89
10:44:00,15,14.29,0.00,10.99,0.00,0.00,4.40,0.00,0.00,0.00,70.33
10:44:01,4,14.13,0.00,13.04,0.00,0.00,4.35,0.00,0.00,0.00,68.48
10:44:01,5,14.58,0.00,13.54,0.00,0.00,5.21,0.00,0.00,0.00,66.67
10:44:01,6,17.02,0.00,11.70,0.00,0.00,5.32,0.00,0.00,0.00,65.96
10:44:01,7,13.04,0.00,10.87,0.00,0.00,3.26,0.00,0.00,0.00,72.83
10:44:01,12,14.29,0.00,14.29,0.00,0.00,4.40,0.00,0.00,0.00,67.03
10:44:01,13,14.29,0.00,12.09,0.00,0.00,4.40,0.00,0.00,0.00,69.23
10:44:01,14,15.96,0.00,12.77,0.00,0.00,5.32,0.00,0.00,0.00,65.96
10:44:01,15,13.98,0.00,11.83,0.00,0.00,4.30,0.00,0.00,0.00,69.89
10:44:02,4,15.79,0.00,14.74,0.00,0.00,4.21,0.00,0.00,0.00,65.26
10:44:02,5,15.38,0.00,10.99,0.00,0.00,4.40,0.00,0.00,0.00,69.23
10:44:02,6,13.33,0.00,13.33,0.00,0.00,5.56,0.00,0.00,0.00,67.78
10:44:02,7,13.33,0.00,12.22,0.00,0.00,4.44,0.00,0.00,0.00,70.00
10:44:02,12,13.98,0.00,12.90,0.00,0.00,5.38,0.00,0.00,0.00,67.74
10:44:02,13,14.29,0.00,12.09,0.00,0.00,4.40,0.00,0.00,0.00,69.23
10:44:02,14,14.13,0.00,13.04,0.00,0.00,4.35,0.00,0.00,0.00,68.48
10:44:02,15,13.33,0.00,10.00,0.00,0.00,5.56,0.00,0.00,0.00,71.11
10:44:03,4,15.38,0.00,10.99,0.00,0.00,4.40,0.00,0.00,0.00,69.23
10:44:03,5,15.22,0.00,10.87,0.00,0.00,4.35,0.00,0.00,0.00,69.57
10:44:03,6,13.33,0.00,12.22,0.00,0.00,4.44,0.00,0.00,0.00,70.00
10:44:03,7,13.68,0.00,11.58,0.00,0.00,3.16,0.00,0.00,0.00,71.58
10:44:03,12,16.84,0.00,13.68,0.00,0.00,4.21,0.00,0.00,0.00,65.26
10:44:03,13,16.30,0.00,13.04,0.00,0.00,5.43,0.00,0.00,0.00,65.22
10:44:03,14,15.05,0.00,12.90,0.00,0.00,4.30,0.00,0.00,0.00,67.74
10:44:03,15,11.70,0.00,13.83,0.00,0.00,4.26,0.00,0.00,0.00,70.21
10:44:04,4,16.49,0.00,14.43,0.00,0.00,5.15,0.00,0.00,0.00,63.92
10:44:04,5,19.35,0.00,13.98,0.00,0.00,4.30,0.00,0.00,0.00,62.37
10:44:04,6,13.33,0.00,13.33,0.00,0.00,4.44,0.00,0.00,0.00,68.89
10:44:04,7,13.54,0.00,12.50,0.00,0.00,5.21,0.00,0.00,0.00,68.75
10:44:04,12,13.98,0.00,16.13,0.00,0.00,5.38,0.00,0.00,0.00,64.52
10:44:04,13,17.39,0.00,15.22,0.00,0.00,4.35,0.00,0.00,0.00,63.04
10:44:04,14,15.22,0.00,14.13,0.00,0.00,4.35,0.00,0.00,0.00,66.30
10:44:04,15,15.05,0.00,11.83,0.00,0.00,4.30,0.00,0.00,0.00,68.82
10:44:05,4,17.02,0.00,11.70,0.00,0.00,5.32,0.00,0.00,0.00,65.96
10:44:05,5,14.89,0.00,11.70,0.00,0.00,5.32,0.00,0.00,0.00,68.09
10:44:05,6,15.96,0.00,13.83,0.00,0.00,4.26,0.00,0.00,0.00,65.96
10:44:05,7,14.13,0.00,10.87,0.00,0.00,5.43,0.00,0.00,0.00,69.57
10:44:05,12,16.67,0.00,12.50,0.00,0.00,4.17,0.00,0.00,0.00,66.67
10:44:05,13,16.48,0.00,12.09,0.00,0.00,4.40,0.00,0.00,0.00,67.03
10:44:05,14,15.22,0.00,11.96,0.00,0.00,4.35,0.00,0.00,0.00,68.48
10:44:05,15,14.13,0.00,11.96,0.00,0.00,3.26,0.00,0.00,0.00,70.65
10:44:06,4,15.05,0.00,11.83,0.00,0.00,5.38,0.00,0.00,0.00,67.74
10:44:06,5,14.89,0.00,12.77,0.00,0.00,4.26,0.00,0.00,0.00,68.09
10:44:06,6,13.98,0.00,12.90,0.00,0.00,5.38,0.00,0.00,0.00,67.74
10:44:06,7,12.77,0.00,12.77,0.00,0.00,4.26,0.00,0.00,0.00,70.21
10:44:06,12,13.04,0.00,11.96,0.00,0.00,5.43,0.00,0.00,0.00,69.57
10:44:06,13,14.13,0.00,13.04,0.00,0.00,3.26,0.00,0.00,0.00,69.57
10:44:06,14,14.74,0.00,12.63,0.00,0.00,6.32,0.00,0.00,0.00,66.32
10:44:06,15,14.89,0.00,11.70,0.00,0.00,4.26,0.00,0.00,0.00,69.15
10:44:07,4,14.29,0.00,13.19,0.00,0.00,3.30,0.00,0.00,0.00,69.23
10:44:07,5,15.38,0.00,14.29,0.00,0.00,4.40,0.00,0.00,0.00,65.93
10:44:07,6,14.44,0.00,12.22,0.00,0.00,3.33,0.00,0.00,0.00,70.00
10:44:07,7,13.04,0.00,10.87,0.00,0.00,5.43,0.00,0.00,0.00,70.65
10:44:07,12,18.48,0.00,10.87,0.00,0.00,4.35,0.00,0.00,0.00,66.30
10:44:07,13,15.96,0.00,11.70,0.00,0.00,5.32,0.00,0.00,0.00,67.02
10:44:07,14,16.30,0.00,10.87,0.00,0.00,4.35,0.00,0.00,0.00,68.48
10:44:07,15,13.98,0.00,11.83,0.00,0.00,4.30,0.00,0.00,0.00,69.89
10:44:08,4,15.62,0.00,12.50,0.00,0.00,5.21,0.00,0.00,0.00,66.67
10:44:08,5,16.30,0.00,11.96,0.00,0.00,3.26,0.00,0.00,0.00,68.48
10:44:08,6,14.89,0.00,12.77,0.00,0.00,3.19,0.00,0.00,0.00,69.15
10:44:08,7,13.19,0.00,10.99,0.00,0.00,3.30,0.00,0.00,0.00,72.53
10:44:08,12,15.96,0.00,13.83,0.00,0.00,5.32,0.00,0.00,0.00,64.89
10:44:08,13,14.13,0.00,13.04,0.00,0.00,5.43,0.00,0.00,0.00,67.39
10:44:08,14,14.13,0.00,13.04,0.00,0.00,4.35,0.00,0.00,0.00,68.48
10:44:08,15,14.89,0.00,12.77,0.00,0.00,4.26,0.00,0.00,0.00,68.09
10:44:09,4,15.96,0.00,12.77,0.00,0.00,5.32,0.00,0.00,0.00,65.96
10:44:09,5,13.19,0.00,13.19,0.00,0.00,5.49,0.00,0.00,0.00,68.13
10:44:09,6,13.98,0.00,15.05,0.00,0.00,4.30,0.00,0.00,0.00,66.67
10:44:09,7,12.90,0.00,11.83,0.00,0.00,5.38,0.00,0.00,0.00,69.89
10:44:09,12,15.96,0.00,13.83,0.00,0.00,5.32,0.00,0.00,0.00,64.89
10:44:09,13,20.83,0.00,14.58,0.00,0.00,5.21,0.00,0.00,0.00,59.38
10:44:09,14,14.74,0.00,13.68,0.00,0.00,5.26,0.00,0.00,0.00,66.32
10:44:09,15,13.33,0.00,11.11,0.00,0.00,5.56,0.00,0.00,0.00,70.00
10:44:10,4,14.89,0.00,11.70,0.00,0.00,4.26,0.00,0.00,0.00,69.15
10:44:10,5,15.79,0.00,13.68,0.00,0.00,6.32,0.00,0.00,0.00,64.21
10:44:10,6,13.19,0.00,12.09,0.00,0.00,5.49,0.00,0.00,0.00,69.23
10:44:10,7,13.98,0.00,10.75,0.00,0.00,5.38,0.00,0.00,0.00,69.89
10:44:10,12,16.67,0.00,11.11,0.00,0.00,4.44,0.00,0.00,0.00,67.78
10:44:10,13,15.38,0.00,13.19,0.00,0.00,4.40,0.00,0.00,0.00,67.03
10:44:10,14,14.61,0.00,10.11,0.00,0.00,4.49,0.00,0.00,0.00,70.79
10:44:10,15,14.13,0.00,10.87,0.00,0.00,3.26,0.00,0.00,0.00,71.74
10:44:11,4,12.77,0.00,13.83,0.00,0.00,5.32,0.00,0.00,0.00,68.09
10:44:11,5,17.58,0.00,12.09,0.00,0.00,4.40,0.00,0.00,0.00,65.93
10:44:11,6,13.33,0.00,12.22,0.00,0.00,4.44,0.00,0.00,0.00,70.00
10:44:11,7,13.54,0.00,13.54,0.00,0.00,4.17,0.00,0.00,0.00,68.75
10:44:11,12,16.30,0.00,11.96,0.00,0.00,4.35,0.00,0.00,0.00,67.39
10:44:11,13,16.67,0.00,12.22,0.00,0.00,4.44,0.00,0.00,0.00,66.67
10:44:11,14,15.62,0.00,12.50,0.00,0.00,5.21,0.00,0.00,0.00,66.67
10:44:11,15,13.98,0.00,12.90,0.00,0.00,4.30,0.00,0.00,0.00,68.82
10:44:12,4,15.22,0.00,10.87,0.00,0.00,4.35,0.00,0.00,0.00,69.57
10:44:12,5,16.30,0.00,14.13,0.00,0.00,3.26,0.00,0.00,0.00,66.30
10:44:12,6,13.04,0.00,13.04,0.00,0.00,5.43,0.00,0.00,0.00,68.48
10:44:12,7,12.50,0.00,12.50,0.00,0.00,7.29,0.00,0.00,0.00,67.71
10:44:12,12,13.19,0.00,13.19,0.00,0.00,4.40,0.00,0.00,0.00,69.23
10:44:12,13,15.22,0.00,10.87,0.00,0.00,5.43,0.00,0.00,0.00,68.48
10:44:12,14,14.61,0.00,11.24,0.00,0.00,4.49,0.00,0.00,0.00,69.66
10:44:12,15,12.90,0.00,11.83,0.00,0.00,5.38,0.00,0.00,0.00,69.89
10:44:13,4,15.05,0.00,11.83,0.00,0.00,5.38,0.00,0.00,0.00,67.74
10:44:13,5,17.89,0.00,11.58,0.00,0.00,5.26,0.00,0.00,0.00,65.26
10:44:13,6,17.39,0.00,11.96,0.00,0.00,2.17,0.00,0.00,0.00,68.48
10:44:13,7,15.38,0.00,10.99,0.00,0.00,4.40,0.00,0.00,0.00,69.23
10:44:13,12,15.22,0.00,13.04,0.00,0.00,4.35,0.00,0.00,0.00,67.39
10:44:13,13,16.84,0.00,11.58,0.00,0.00,5.26,0.00,0.00,0.00,66.32
10:44:13,14,15.79,0.00,12.63,0.00,0.00,4.21,0.00,0.00,0.00,67.37
10:44:13,15,14.13,0.00,13.04,0.00,0.00,4.35,0.00,0.00,0.00,68.48
10:44:14,4,19.35,0.00,13.98,0.00,0.00,5.38,0.00,0.00,0.00,61.29
10:44:14,5,14.89,0.00,13.83,0.00,0.00,5.32,0.00,0.00,0.00,65.96
10:44:14,6,13.98,0.00,13.98,0.00,0.00,5.38,0.00,0.00,0.00,66.67
10:44:14,7,14.13,0.00,11.96,0.00,0.00,4.35,0.00,0.00,0.00,69.57
10:44:14,12,16.84,0.00,12.63,0.00,0.00,4.21,0.00,0.00,0.00,66.32
10:44:14,13,16.85,0.00,13.48,0.00,0.00,4.49,0.00,0.00,0.00,65.17
10:44:14,14,19.35,0.00,10.75,0.00,0.00,4.30,0.00,0.00,0.00,65.59
10:44:14,15,16.84,0.00,12.63,0.00,0.00,5.26,0.00,0.00,0.00,65.26
10:44:15,4,13.98,0.00,11.83,0.00,0.00,4.30,0.00,0.00,0.00,69.89
10:44:15,5,15.56,0.00,12.22,0.00,0.00,4.44,0.00,0.00,0.00,67.78
10:44:15,6,15.05,0.00,15.05,0.00,0.00,4.30,0.00,0.00,0.00,65.59
10:44:15,7,11.58,0.00,13.68,0.00,0.00,6.32,0.00,0.00,0.00,68.42
10:44:15,12,14.13,0.00,13.04,0.00,0.00,4.35,0.00,0.00,0.00,68.48
10:44:15,13,14.89,0.00,13.83,0.00,0.00,4.26,0.00,0.00,0.00,67.02
10:44:15,14,14.29,0.00,12.09,0.00,0.00,5.49,0.00,0.00,0.00,68.13
10:44:15,15,13.40,0.00,11.34,0.00,0.00,6.19,0.00,0.00,0.00,69.07
10:44:16,4,15.38,0.00,10.99,0.00,0.00,5.49,0.00,0.00,0.00,68.13
10:44:16,5,15.79,0.00,13.68,0.00,0.00,5.26,0.00,0.00,0.00,65.26
10:44:16,6,15.79,0.00,12.63,0.00,0.00,4.21,0.00,0.00,0.00,67.37
10:44:16,7,12.09,0.00,14.29,0.00,0.00,4.40,0.00,0.00,0.00,69.23
10:44:16,12,14.89,0.00,12.77,0.00,0.00,5.32,0.00,0.00,0.00,67.02
10:44:16,13,16.67,0.00,12.50,0.00,0.00,5.21,0.00,0.00,0.00,65.62
10:44:16,14,17.39,0.00,10.87,0.00,0.00,4.35,0.00,0.00,0.00,67.39
10:44:16,15,15.79,0.00,12.63,0.00,0.00,3.16,0.00,0.00,0.00,68.42
10:44:17,4,15.96,0.00,11.70,0.00,0.00,5.32,0.00,0.00,0.00,67.02
10:44:17,5,18.28,0.00,11.83,0.00,0.00,4.30,0.00,0.00,0.00,65.59
10:44:17,6,13.98,0.00,12.90,0.00,0.00,4.30,0.00,0.00,0.00,68.82
10:44:17,7,12.90,0.00,10.75,0.00,0.00,5.38,0.00,0.00,0.00,70.97
10:44:17,12,14.29,0.00,13.19,0.00,0.00,5.49,0.00,0.00,0.00,67.03
10:44:17,13,16.30,0.00,10.87,0.00,0.00,4.35,0.00,0.00,0.00,68.48
10:44:17,14,14.13,0.00,13.04,0.00,0.00,4.35,0.00,0.00,0.00,68.48
10:44:17,15,13.19,0.00,12.09,0.00,0.00,4.40,0.00,0.00,0.00,70.33
10:44:18,4,12.90,0.00,13.98,0.00,0.00,5.38,0.00,0.00,0.00,67.74
10:44:18,5,16.30,0.00,13.04,0.00,0.00,4.35,0.00,0.00,0.00,66.30
10:44:18,6,15.22,0.00,13.04,0.00,0.00,3.26,0.00,0.00,0.00,68.48
10:44:18,7,13.83,0.00,13.83,0.00,0.00,4.26,0.00,0.00,0.00,68.09
10:44:18,12,14.89,0.00,12.77,0.00,0.00,5.32,0.00,0.00,0.00,67.02
10:44:18,13,14.29,0.00,12.09,0.00,0.00,4.40,0.00,0.00,0.00,69.23
10:44:18,14,16.84,0.00,11.58,0.00,0.00,4.21,0.00,0.00,0.00,67.37
10:44:18,15,12.90,0.00,11.83,0.00,0.00,5.38,0.00,0.00,0.00,69.89
10:44:19,4,16.84,0.00,12.63,0.00,0.00,4.21,0.00,0.00,0.00,66.32
10:44:19,5,17.58,0.00,12.09,0.00,0.00,4.40,0.00,0.00,0.00,65.93
10:44:19,6,15.79,0.00,13.68,0.00,0.00,4.21,0.00,0.00,0.00,66.32
10:44:19,7,14.44,0.00,12.22,0.00,0.00,4.44,0.00,0.00,0.00,68.89
10:44:19,12,15.38,0.00,13.19,0.00,0.00,4.40,0.00,0.00,0.00,67.03
10:44:19,13,13.04,0.00,14.13,0.00,0.00,5.43,0.00,0.00,0.00,67.39
10:44:19,14,17.02,0.00,11.70,0.00,0.00,5.32,0.00,0.00,0.00,65.96
10:44:19,15,14.89,0.00,13.83,0.00,0.00,4.26,0.00,0.00,0.00,67.02
10:44:20,4,13.98,0.00,12.90,0.00,0.00,4.30,0.00,0.00,0.00,68.82
10:44:20,5,17.20,0.00,12.90,0.00,0.00,5.38,0.00,0.00,0.00,64.52
10:44:20,6,14.74,0.00,12.63,0.00,0.00,5.26,0.00,0.00,0.00,67.37
10:44:20,7,13.98,0.00,10.75,0.00,0.00,4.30,0.00,0.00,0.00,70.97
10:44:20,12,17.20,0.00,11.83,0.00,0.00,5.38,0.00,0.00,0.00,65.59
10:44:20,13,14.29,0.00,12.09,0.00,0.00,5.49,0.00,0.00,0.00,68.13
10:44:20,14,15.22,0.00,13.04,0.00,0.00,5.43,0.00,0.00,0.00,66.30
10:44:20,15,15.79,0.00,11.58,0.00,0.00,4.21,0.00,0.00,0.00,68.42
10:44:21,4,14.89,0.00,13.83,0.00,0.00,4.26,0.00,0.00,0.00,67.02
10:44:21,5,14.44,0.00,12.22,0.00,0.00,3.33,0.00,0.00,0.00,70.00
10:44:21,6,15.56,0.00,12.22,0.00,0.00,3.33,0.00,0.00,0.00,68.89
10:44:21,7,13.83,0.00,11.70,0.00,0.00,5.32,0.00,0.00,0.00,69.15
10:44:21,12,14.13,0.00,15.22,0.00,0.00,4.35,0.00,0.00,0.00,66.30
10:44:21,13,15.79,0.00,13.68,0.00,0.00,4.21,0.00,0.00,0.00,66.32
10:44:21,14,13.83,0.00,14.89,0.00,0.00,4.26,0.00,0.00,0.00,67.02
10:44:21,15,13.48,0.00,10.11,0.00,0.00,4.49,0.00,0.00,0.00,71.91
10:44:22,4,15.38,0.00,10.99,0.00,0.00,5.49,0.00,0.00,0.00,68.13
10:44:22,5,17.89,0.00,11.58,1.05,0.00,4.21,0.00,0.00,0.00,65.26
10:44:22,6,14.58,0.00,13.54,0.00,0.00,6.25,0.00,0.00,0.00,65.62
10:44:22,7,14.58,0.00,11.46,0.00,0.00,5.21,0.00,0.00,0.00,68.75
10:44:22,12,15.05,0.00,15.05,0.00,0.00,4.30,0.00,0.00,0.00,65.59
10:44:22,13,16.13,0.00,15.05,0.00,0.00,5.38,0.00,0.00,0.00,63.44
10:44:22,14,15.22,0.00,11.96,0.00,0.00,5.43,0.00,0.00,0.00,67.39
10:44:22,15,16.13,0.00,10.75,0.00,0.00,4.30,0.00,0.00,0.00,68.82
10:44:23,4,15.96,0.00,12.77,0.00,0.00,3.19,0.00,0.00,0.00,68.09
10:44:23,5,15.05,0.00,15.05,0.00,0.00,6.45,0.00,0.00,0.00,63.44
10:44:23,6,15.05,0.00,12.90,0.00,0.00,4.30,0.00,0.00,0.00,67.74
10:44:23,7,13.83,0.00,12.77,0.00,0.00,5.32,0.00,0.00,0.00,68.09
10:44:23,12,13.68,0.00,13.68,0.00,0.00,6.32,0.00,0.00,0.00,66.32
10:44:23,13,15.22,0.00,11.96,0.00,0.00,4.35,0.00,0.00,0.00,68.48
10:44:23,14,13.04,0.00,14.13,0.00,0.00,5.43,0.00,0.00,0.00,67.39
10:44:23,15,15.22,0.00,9.78,0.00,0.00,4.35,0.00,0.00,0.00,70.65
10:44:24,4,13.83,0.00,13.83,0.00,0.00,5.32,0.00,0.00,0.00,67.02
10:44:24,5,18.09,0.00,12.77,0.00,0.00,4.26,0.00,0.00,0.00,64.89
10:44:24,6,13.04,0.00,14.13,0.00,0.00,5.43,0.00,0.00,0.00,67.39
10:44:24,7,14.89,0.00,12.77,0.00,0.00,4.26,0.00,0.00,0.00,68.09
10:44:24,12,17.89,0.00,12.63,0.00,0.00,4.21,0.00,0.00,0.00,65.26
10:44:24,13,16.67,0.00,14.44,0.00,0.00,4.44,0.00,0.00,0.00,64.44
10:44:24,14,15.96,0.00,13.83,0.00,0.00,4.26,0.00,0.00,0.00,65.96
10:44:24,15,15.79,0.00,11.58,0.00,0.00,6.32,0.00,0.00,0.00,66.32
10:44:25,4,15.22,0.00,11.96,0.00,0.00,4.35,0.00,0.00,0.00,68.48
10:44:25,5,15.38,0.00,12.09,0.00,0.00,3.30,0.00,0.00,0.00,69.23
10:44:25,6,13.68,0.00,13.68,0.00,0.00,5.26,0.00,0.00,0.00,67.37
10:44:25,7,13.83,0.00,11.70,0.00,0.00,5.32,0.00,0.00,0.00,69.15
10:44:25,12,14.89,0.00,13.83,0.00,0.00,5.32,0.00,0.00,0.00,65.96
10:44:25,13,14.74,0.00,13.68,0.00,0.00,5.26,0.00,0.00,0.00,66.32
10:44:25,14,15.05,0.00,12.90,0.00,0.00,5.38,0.00,0.00,0.00,66.67
10:44:25,15,14.29,0.00,12.09,0.00,0.00,3.30,0.00,0.00,0.00,70.33
10:44:26,4,14.13,0.00,11.96,0.00,0.00,5.43,0.00,0.00,0.00,68.48
10:44:26,5,15.22,0.00,11.96,0.00,0.00,5.43,0.00,0.00,0.00,67.39
10:44:26,6,16.48,0.00,12.09,0.00,0.00,4.40,0.00,0.00,0.00,67.03
10:44:26,7,13.04,0.00,10.87,0.00,0.00,3.26,0.00,0.00,0.00,72.83
10:44:26,12,16.48,0.00,13.19,0.00,0.00,4.40,0.00,0.00,0.00,65.93
10:44:26,13,13.04,0.00,17.39,0.00,0.00,5.43,0.00,0.00,0.00,64.13
10:44:26,14,15.73,0.00,11.24,0.00,0.00,4.49,0.00,0.00,0.00,68.54
10:44:26,15,15.22,0.00,10.87,0.00,0.00,4.35,0.00,0.00,0.00,69.57
10:44:27,4,13.83,0.00,13.83,1.06,0.00,4.26,0.00,0.00,0.00,67.02
10:44:27,5,16.30,0.00,11.96,0.00,0.00,4.35,0.00,0.00,0.00,67.39
10:44:27,6,16.13,0.00,11.83,0.00,0.00,5.38,0.00,0.00,0.00,66.67
10:44:27,7,14.89,0.00,11.70,0.00,0.00,4.26,0.00,0.00,0.00,69.15
10:44:27,12,14.74,0.00,13.68,0.00,0.00,4.21,0.00,0.00,0.00,67.37
10:44:27,13,15.22,0.00,11.96,0.00,0.00,4.35,0.00,0.00,0.00,68.48
10:44:27,14,15.22,0.00,11.96,0.00,0.00,4.35,0.00,0.00,0.00,68.48
10:44:27,15,16.13,0.00,10.75,0.00,0.00,3.23,0.00,0.00,0.00,69.89
10:44:28,4,15.79,0.00,12.63,0.00,0.00,4.21,0.00,0.00,0.00,67.37
10:44:28,5,15.38,0.00,14.29,0.00,0.00,4.40,0.00,0.00,0.00,65.93
10:44:28,6,16.30,0.00,10.87,0.00,0.00,5.43,0.00,0.00,0.00,67.39
10:44:28,7,13.98,0.00,12.90,0.00,0.00,4.30,0.00,0.00,0.00,68.82
10:44:28,12,14.13,0.00,11.96,0.00,0.00,4.35,0.00,0.00,0.00,69.57
10:44:28,13,14.44,0.00,11.11,0.00,0.00,4.44,0.00,0.00,0.00,70.00
10:44:28,14,13.83,0.00,12.77,0.00,0.00,5.32,0.00,0.00,0.00,68.09
10:44:28,15,15.22,0.00,9.78,0.00,0.00,4.35,0.00,0.00,0.00,70.65
10:44:29,4,21.11,0.00,13.33,0.00,0.00,3.33,0.00,0.00,0.00,62.22
10:44:29,5,14.13,0.00,14.13,0.00,0.00,5.43,0.00,0.00,0.00,66.30
10:44:29,6,15.38,0.00,10.99,0.00,0.00,4.40,0.00,0.00,0.00,69.23
10:44:29,7,15.05,0.00,10.75,0.00,0.00,5.38,0.00,0.00,0.00,68.82
10:44:29,12,17.89,0.00,11.58,0.00,0.00,5.26,0.00,0.00,0.00,65.26
10:44:29,13,15.38,0.00,15.38,0.00,0.00,4.40,0.00,0.00,0.00,64.84
10:44:29,14,15.05,0.00,11.83,0.00,0.00,5.38,0.00,0.00,0.00,67.74
10:44:29,15,16.13,0.00,11.83,0.00,0.00,3.23,0.00,0.00,0.00,68.82
10:44:30,4,14.29,0.00,9.89,0.00,0.00,4.40,0.00,0.00,0.00,71.43
10:44:30,5,15.38,0.00,10.99,0.00,0.00,4.40,0.00,0.00,0.00,69.23
10:44:30,6,16.13,0.00,12.90,0.00,0.00,4.30,0.00,0.00,0.00,66.67
10:44:30,7,16.67,0.00,10.42,0.00,0.00,4.17,0.00,0.00,0.00,68.75
10:44:30,12,13.68,0.00,12.63,0.00,0.00,6.32,0.00,0.00,0.00,67.37
10:44:30,13,17.35,0.00,15.31,0.00,0.00,5.10,0.00,0.00,0.00,62.24
10:44:30,14,15.62,0.00,12.50,0.00,0.00,6.25,0.00,0.00,0.00,65.62
10:44:30,15,14.74,0.00,12.63,0.00,0.00,5.26,0.00,0.00,0.00,67.37
10:44:31,4,15.38,0.00,14.29,0.00,0.00,5.49,0.00,0.00,0.00,64.84
10:44:31,5,17.20,0.00,12.90,0.00,0.00,4.30,0.00,0.00,0.00,65.59
10:44:31,6,14.74,0.00,12.63,0.00,0.00,5.26,0.00,0.00,0.00,67.37
10:44:31,7,13.98,0.00,11.83,0.00,0.00,3.23,0.00,0.00,0.00,70.97
10:44:31,12,14.29,0.00,14.29,0.00,0.00,4.40,0.00,0.00,0.00,67.03
10:44:31,13,16.67,0.00,13.33,0.00,0.00,3.33,0.00,0.00,0.00,66.67
10:44:31,14,15.79,0.00,12.63,0.00,0.00,4.21,0.00,0.00,0.00,67.37
10:44:31,15,11.83,0.00,12.90,0.00,0.00,4.30,0.00,0.00,0.00,70.97
10:44:32,4,14.74,0.00,12.63,0.00,0.00,5.26,0.00,0.00,0.00,67.37
10:44:32,5,14.89,0.00,11.70,0.00,0.00,6.38,0.00,0.00,0.00,67.02
10:44:32,6,13.83,0.00,12.77,0.00,0.00,5.32,0.00,0.00,0.00,68.09
10:44:32,7,13.98,0.00,9.68,0.00,0.00,4.30,0.00,0.00,0.00,72.04
10:44:32,12,14.89,0.00,12.77,0.00,0.00,5.32,0.00,0.00,0.00,67.02
10:44:32,13,17.20,0.00,11.83,0.00,0.00,5.38,0.00,0.00,0.00,65.59
10:44:32,14,14.89,0.00,13.83,0.00,0.00,4.26,0.00,0.00,0.00,67.02
10:44:32,15,13.98,0.00,11.83,0.00,0.00,4.30,0.00,0.00,0.00,69.89
10:44:33,4,15.22,0.00,11.96,0.00,0.00,4.35,0.00,0.00,0.00,68.48
10:44:33,5,17.71,0.00,12.50,0.00,0.00,4.17,0.00,0.00,0.00,65.62
10:44:33,6,15.22,0.00,10.87,0.00,0.00,4.35,0.00,0.00,0.00,69.57
10:44:33,7,13.98,0.00,10.75,0.00,0.00,4.30,0.00,0.00,0.00,70.97
10:44:33,12,15.73,0.00,12.36,0.00,0.00,4.49,0.00,0.00,0.00,67.42
10:44:33,13,14.13,0.00,13.04,0.00,0.00,5.43,0.00,0.00,0.00,67.39
10:44:33,14,16.30,0.00,11.96,0.00,0.00,4.35,0.00,0.00,0.00,67.39
10:44:33,15,14.89,0.00,12.77,0.00,0.00,4.26,0.00,0.00,0.00,68.09
10:44:34,4,16.48,0.00,14.29,0.00,0.00,4.40,0.00,0.00,0.00,64.84
10:44:34,5,18.09,0.00,11.70,0.00,0.00,5.32,0.00,0.00,0.00,64.89
10:44:34,6,17.20,0.00,13.98,0.00,0.00,5.38,0.00,0.00,0.00,63.44
10:44:34,7,15.22,0.00,10.87,0.00,0.00,3.26,0.00,0.00,0.00,70.65
10:44:34,12,15.22,0.00,11.96,0.00,0.00,4.35,0.00,0.00,0.00,68.48
10:44:34,13,17.78,0.00,13.33,0.00,0.00,4.44,0.00,0.00,0.00,64.44
10:44:34,14,16.30,0.00,11.96,0.00,0.00,3.26,0.00,0.00,0.00,68.48
10:44:34,15,13.98,0.00,11.83,0.00,0.00,4.30,0.00,0.00,0.00,69.89
10:44:35,4,16.13,0.00,10.75,0.00,0.00,4.30,0.00,0.00,0.00,68.82
10:44:35,5,15.96,0.00,11.70,0.00,0.00,5.32,0.00,0.00,0.00,67.02
10:44:35,6,11.83,0.00,13.98,0.00,0.00,6.45,0.00,0.00,0.00,67.74
10:44:35,7,13.83,0.00,13.83,0.00,0.00,4.26,0.00,0.00,0.00,68.09
10:44:35,12,14.89,0.00,12.77,0.00,0.00,5.32,0.00,0.00,0.00,67.02
10:44:35,13,12.77,0.00,14.89,0.00,0.00,6.38,0.00,0.00,0.00,65.96
10:44:35,14,16.13,0.00,11.83,0.00,0.00,5.38,0.00,0.00,0.00,66.67
10:44:35,15,14.13,0.00,11.96,0.00,0.00,4.35,0.00,0.00,0.00,69.57
10:44:36,4,13.83,0.00,13.83,0.00,0.00,5.32,0.00,0.00,0.00,67.02
10:44:36,5,15.05,0.00,11.83,0.00,0.00,5.38,0.00,0.00,0.00,67.74
10:44:36,6,15.05,0.00,11.83,0.00,0.00,3.23,0.00,0.00,0.00,69.89
10:44:36,7,13.98,0.00,10.75,0.00,0.00,5.38,0.00,0.00,0.00,69.89
10:44:36,12,15.56,0.00,11.11,0.00,0.00,4.44,0.00,0.00,0.00,68.89
10:44:36,13,14.89,0.00,13.83,0.00,0.00,4.26,0.00,0.00,0.00,67.02
10:44:36,14,14.13,0.00,13.04,0.00,0.00,4.35,0.00,0.00,0.00,68.48
10:44:36,15,14.89,0.00,12.77,0.00,0.00,5.32,0.00,0.00,0.00,67.02
10:44:37,4,13.98,0.00,11.83,0.00,0.00,5.38,0.00,0.00,0.00,68.82
10:44:37,5,16.84,0.00,12.63,0.00,0.00,4.21,0.00,0.00,0.00,66.32
10:44:37,6,15.05,0.00,11.83,0.00,0.00,4.30,0.00,0.00,0.00,68.82
10:44:37,7,13.83,0.00,10.64,0.00,0.00,5.32,0.00,0.00,0.00,70.21
10:44:37,12,14.29,0.00,10.99,0.00,0.00,5.49,0.00,0.00,0.00,69.23
10:44:37,13,15.96,0.00,13.83,0.00,0.00,6.38,0.00,0.00,0.00,63.83
10:44:37,14,13.04,0.00,13.04,0.00,0.00,6.52,0.00,0.00,0.00,67.39
10:44:37,15,14.13,0.00,13.04,0.00,0.00,3.26,0.00,0.00,0.00,69.57
10:44:38,4,17.98,0.00,11.24,0.00,0.00,3.37,0.00,0.00,0.00,67.42
10:44:38,5,14.89,0.00,13.83,0.00,0.00,5.32,0.00,0.00,0.00,65.96
10:44:38,6,17.78,0.00,13.33,0.00,0.00,2.22,0.00,0.00,0.00,66.67
10:44:38,7,14.89,0.00,10.64,0.00,0.00,4.26,0.00,0.00,0.00,70.21
10:44:38,12,17.02,0.00,11.70,0.00,0.00,4.26,0.00,0.00,0.00,67.02
10:44:38,13,14.13,0.00,13.04,0.00,0.00,4.35,0.00,0.00,0.00,68.48
10:44:38,14,15.96,0.00,12.77,0.00,0.00,4.26,0.00,0.00,0.00,67.02
10:44:38,15,13.54,0.00,11.46,0.00,0.00,6.25,0.00,0.00,0.00,68.75
10:44:39,4,13.98,0.00,12.90,0.00,0.00,5.38,0.00,0.00,0.00,67.74
10:44:39,5,17.20,0.00,11.83,0.00,0.00,4.30,0.00,0.00,0.00,66.67
10:44:39,6,15.05,0.00,9.68,0.00,0.00,6.45,0.00,0.00,0.00,68.82
10:44:39,7,13.19,0.00,13.19,0.00,0.00,4.40,0.00,0.00,0.00,69.23
10:44:39,12,15.22,0.00,11.96,0.00,0.00,4.35,0.00,0.00,0.00,68.48
10:44:39,13,18.68,0.00,10.99,0.00,0.00,5.49,0.00,0.00,0.00,64.84
10:44:39,14,16.30,0.00,10.87,0.00,0.00,4.35,0.00,0.00,0.00,68.48
10:44:39,15,14.74,0.00,12.63,0.00,0.00,5.26,0.00,0.00,0.00,67.37
10:44:40,4,15.96,0.00,11.70,0.00,0.00,4.26,0.00,0.00,0.00,68.09
10:44:40,5,15.96,0.00,12.77,0.00,0.00,4.26,0.00,0.00,0.00,67.02
10:44:40,6,15.05,0.00,11.83,0.00,0.00,5.38,0.00,0.00,0.00,67.74
10:44:40,7,14.58,0.00,11.46,0.00,0.00,5.21,0.00,0.00,0.00,68.75
10:44:40,12,12.90,0.00,12.90,0.00,0.00,5.38,0.00,0.00,0.00,68.82
10:44:40,13,16.30,0.00,13.04,0.00,0.00,5.43,0.00,0.00,0.00,65.22
10:44:40,14,16.67,0.00,12.50,0.00,0.00,5.21,0.00,0.00,0.00,65.62
10:44:40,15,11.11,0.00,11.11,0.00,0.00,6.67,0.00,0.00,0.00,71.11
10:44:41,4,12.90,0.00,12.90,0.00,0.00,5.38,0.00,0.00,0.00,68.82
10:44:41,5,14.77,0.00,11.36,0.00,0.00,4.55,0.00,0.00,0.00,69.32
10:44:41,6,13.04,0.00,13.04,0.00,0.00,5.43,0.00,0.00,0.00,68.48
10:44:41,7,12.90,0.00,12.90,0.00,0.00,5.38,0.00,0.00,0.00,68.82
10:44:41,12,15.62,0.00,12.50,0.00,0.00,5.21,0.00,0.00,0.00,66.67
10:44:41,13,13.98,0.00,12.90,0.00,0.00,5.38,0.00,0.00,0.00,67.74
10:44:41,14,14.13,0.00,13.04,0.00,0.00,4.35,0.00,0.00,0.00,68.48
10:44:41,15,14.29,0.00,12.09,0.00,0.00,3.30,0.00,0.00,0.00,70.33
10:44:42,4,14.58,0.00,13.54,0.00,0.00,5.21,0.00,0.00,0.00,66.67
10:44:42,5,15.22,0.00,13.04,0.00,0.00,5.43,0.00,0.00,0.00,66.30
10:44:42,6,15.62,0.00,12.50,1.04,0.00,4.17,0.00,0.00,0.00,66.67
10:44:42,7,13.68,0.00,11.58,0.00,0.00,5.26,0.00,0.00,0.00,69.47
10:44:42,12,16.13,0.00,13.98,0.00,0.00,5.38,0.00,0.00,0.00,64.52
10:44:42,13,15.38,0.00,13.19,0.00,0.00,4.40,0.00,0.00,0.00,67.03
10:44:42,14,15.05,0.00,13.98,0.00,0.00,3.23,0.00,0.00,0.00,67.74
10:44:42,15,14.89,0.00,12.77,0.00,0.00,4.26,0.00,0.00,0.00,68.09
10:44:43,4,16.13,0.00,11.83,0.00,0.00,4.30,0.00,0.00,0.00,67.74
10:44:43,5,15.22,0.00,13.04,0.00,0.00,4.35,0.00,0.00,0.00,67.39
10:44:43,6,12.90,0.00,13.98,0.00,0.00,4.30,0.00,0.00,0.00,68.82
10:44:43,7,12.90,0.00,12.90,0.00,0.00,4.30,0.00,0.00,0.00,69.89
10:44:43,12,15.05,0.00,11.83,0.00,0.00,5.38,0.00,0.00,0.00,67.74
10:44:43,13,13.04,0.00,13.04,0.00,0.00,5.43,0.00,0.00,0.00,68.48
10:44:43,14,14.74,0.00,13.68,0.00,0.00,5.26,0.00,0.00,0.00,66.32
10:44:43,15,13.04,0.00,11.96,0.00,0.00,4.35,0.00,0.00,0.00,70.65
10:44:44,4,16.30,0.00,13.04,0.00,0.00,4.35,0.00,0.00,0.00,66.30
10:44:44,5,18.28,0.00,10.75,0.00,0.00,4.30,0.00,0.00,0.00,66.67
10:44:44,6,17.20,0.00,12.90,0.00,0.00,5.38,0.00,0.00,0.00,64.52
10:44:44,7,15.96,0.00,10.64,0.00,0.00,3.19,0.00,0.00,0.00,70.21
10:44:44,12,16.30,0.00,14.13,0.00,0.00,4.35,0.00,0.00,0.00,65.22
10:44:44,13,16.67,0.00,14.44,0.00,0.00,3.33,0.00,0.00,0.00,65.56
10:44:44,14,18.28,0.00,11.83,0.00,0.00,4.30,0.00,0.00,0.00,65.59
10:44:44,15,14.89,0.00,11.70,0.00,0.00,5.32,0.00,0.00,0.00,68.09
10:44:45,4,17.02,0.00,11.70,0.00,0.00,5.32,0.00,0.00,0.00,65.96
10:44:45,5,13.19,0.00,12.09,0.00,0.00,5.49,0.00,0.00,0.00,69.23
10:44:45,6,14.89,0.00,11.70,0.00,0.00,5.32,0.00,0.00,0.00,68.09
10:44:45,7,12.09,0.00,10.99,0.00,0.00,4.40,0.00,0.00,0.00,72.53
10:44:45,12,16.67,0.00,11.11,0.00,0.00,4.44,0.00,0.00,0.00,67.78
10:44:45,13,13.98,0.00,13.98,0.00,0.00,4.30,0.00,0.00,0.00,67.74
10:44:45,14,12.77,0.00,13.83,0.00,0.00,5.32,0.00,0.00,0.00,68.09
10:44:45,15,12.77,0.00,11.70,0.00,0.00,5.32,0.00,0.00,0.00,70.21
10:44:46,4,16.30,0.00,13.04,0.00,0.00,4.35,0.00,0.00,0.00,66.30
10:44:46,5,14.44,0.00,11.11,0.00,0.00,4.44,0.00,0.00,0.00,70.00
10:44:46,6,14.13,0.00,14.13,0.00,0.00,4.35,0.00,0.00,0.00,67.39
10:44:46,7,13.54,0.00,12.50,0.00,0.00,4.17,0.00,0.00,0.00,69.79
10:44:46,12,14.89,0.00,12.77,0.00,0.00,4.26,0.00,0.00,0.00,68.09
10:44:46,13,14.13,0.00,11.96,0.00,0.00,4.35,0.00,0.00,0.00,69.57
10:44:46,14,18.48,0.00,10.87,0.00,0.00,4.35,0.00,0.00,0.00,66.30
10:44:46,15,12.77,0.00,13.83,0.00,0.00,4.26,0.00,0.00,0.00,69.15
10:44:47,4,15.79,0.00,12.63,0.00,0.00,5.26,0.00,0.00,0.00,66.32
10:44:47,5,18.95,0.00,13.68,0.00,0.00,5.26,0.00,0.00,0.00,62.11
10:44:47,6,15.38,0.00,13.19,0.00,0.00,4.40,0.00,0.00,0.00,67.03
10:44:47,7,14.89,0.00,11.70,0.00,0.00,5.32,0.00,0.00,0.00,68.09
10:44:47,12,14.29,0.00,10.99,1.10,0.00,5.49,0.00,0.00,0.00,68.13
10:44:47,13,13.98,0.00,16.13,0.00,0.00,4.30,0.00,0.00,0.00,65.59
10:44:47,14,12.22,0.00,12.22,0.00,0.00,5.56,0.00,0.00,0.00,70.00
10:44:47,15,15.96,0.00,9.57,0.00,0.00,4.26,0.00,0.00,0.00,70.21
10:44:48,4,16.13,0.00,11.83,0.00,0.00,5.38,0.00,0.00,0.00,66.67
10:44:48,5,15.31,0.00,14.29,0.00,0.00,6.12,0.00,0.00,0.00,64.29
10:44:48,6,15.79,0.00,13.68,0.00,0.00,5.26,0.00,0.00,0.00,65.26
10:44:48,7,12.90,0.00,12.90,0.00,0.00,5.38,0.00,0.00,0.00,68.82
10:44:48,12,13.83,0.00,14.89,0.00,0.00,3.19,0.00,0.00,0.00,68.09
10:44:48,13,17.02,0.00,11.70,0.00,0.00,4.26,0.00,0.00,0.00,67.02
10:44:48,14,15.22,0.00,11.96,0.00,0.00,4.35,0.00,0.00,0.00,68.48
10:44:48,15,11.70,0.00,12.77,0.00,0.00,6.38,0.00,0.00,0.00,69.15
10:44:49,4,17.20,0.00,11.83,0.00,0.00,4.30,0.00,0.00,0.00,66.67
10:44:49,5,15.62,0.00,14.58,0.00,0.00,4.17,0.00,0.00,0.00,65.62
10:44:49,6,14.29,0.00,10.99,0.00,0.00,3.30,0.00,0.00,0.00,71.43
10:44:49,7,12.77,0.00,11.70,0.00,0.00,4.26,0.00,0.00,0.00,71.28
10:44:49,12,15.56,0.00,11.11,0.00,0.00,6.67,0.00,0.00,0.00,66.67
10:44:49,13,16.13,0.00,11.83,0.00,0.00,4.30,0.00,0.00,0.00,67.74
10:44:49,14,12.90,0.00,11.83,0.00,0.00,6.45,0.00,0.00,0.00,68.82
10:44:49,15,15.05,0.00,11.83,0.00,0.00,3.23,0.00,0.00,0.00,69.89
10:44:50,4,17.20,0.00,12.90,0.00,0.00,4.30,0.00,0.00,0.00,65.59
10:44:50,5,15.96,0.00,12.77,0.00,0.00,5.32,0.00,0.00,0.00,65.96
10:44:50,6,15.05,0.00,13.98,0.00,0.00,5.38,0.00,0.00,0.00,65.59
10:44:50,7,15.79,0.00,12.63,0.00,0.00,5.26,0.00,0.00,0.00,66.32
10:44:50,12,15.46,0.00,13.40,0.00,0.00,6.19,0.00,0.00,0.00,64.95
10:44:50,13,15.22,0.00,11.96,0.00,0.00,5.43,0.00,0.00,0.00,67.39
10:44:50,14,14.44,0.00,12.22,0.00,0.00,4.44,0.00,0.00,0.00,68.89
10:44:50,15,14.13,0.00,13.04,0.00,0.00,4.35,0.00,0.00,0.00,68.48
10:44:51,4,14.89,0.00,11.70,0.00,0.00,4.26,0.00,0.00,0.00,69.15
10:44:51,5,15.96,0.00,14.89,0.00,0.00,4.26,0.00,0.00,0.00,64.89
10:44:51,6,14.29,0.00,12.09,0.00,0.00,5.49,0.00,0.00,0.00,68.13
10:44:51,7,12.90,0.00,11.83,0.00,0.00,4.30,0.00,0.00,0.00,70.97
10:44:51,12,13.48,0.00,13.48,0.00,0.00,5.62,0.00,0.00,0.00,67.42
10:44:51,13,17.02,0.00,13.83,0.00,0.00,4.26,0.00,0.00,0.00,64.89
10:44:51,14,15.79,0.00,12.63,0.00,0.00,5.26,0.00,0.00,0.00,66.32
10:44:51,15,13.98,0.00,11.83,0.00,0.00,3.23,0.00,0.00,0.00,70.97
10:44:52,4,16.13,0.00,11.83,0.00,0.00,4.30,0.00,0.00,0.00,67.74
10:44:52,5,13.48,0.00,12.36,0.00,0.00,5.62,0.00,0.00,0.00,68.54
10:44:52,6,15.38,0.00,13.19,1.10,0.00,3.30,0.00,0.00,0.00,67.03
10:44:52,7,13.68,0.00,11.58,0.00,0.00,4.21,0.00,0.00,0.00,70.53
10:44:52,12,13.33,0.00,14.44,0.00,0.00,4.44,0.00,0.00,0.00,67.78
10:44:52,13,12.77,0.00,13.83,0.00,0.00,5.32,0.00,0.00,0.00,68.09
10:44:52,14,15.79,0.00,13.68,0.00,0.00,5.26,0.00,0.00,0.00,65.26
10:44:52,15,13.83,0.00,12.77,0.00,0.00,5.32,0.00,0.00,0.00,68.09
10:44:53,4,15.38,0.00,12.09,0.00,0.00,4.40,0.00,0.00,0.00,68.13
10:44:53,5,17.20,0.00,11.83,0.00,0.00,4.30,0.00,0.00,0.00,66.67
10:44:53,6,15.22,0.00,11.96,0.00,0.00,4.35,0.00,0.00,0.00,68.48
10:44:53,7,12.90,0.00,12.90,0.00,0.00,4.30,0.00,0.00,0.00,69.89
10:44:53,12,13.68,0.00,14.74,0.00,0.00,4.21,0.00,0.00,0.00,67.37
10:44:53,13,15.96,0.00,11.70,0.00,0.00,6.38,0.00,0.00,0.00,65.96
10:44:53,14,18.48,0.00,10.87,0.00,0.00,4.35,0.00,0.00,0.00,66.30
10:44:53,15,13.04,0.00,13.04,0.00,0.00,3.26,0.00,0.00,0.00,70.65
10:44:54,4,16.13,0.00,12.90,0.00,0.00,4.30,0.00,0.00,0.00,66.67
10:44:54,5,14.44,0.00,14.44,0.00,0.00,2.22,0.00,0.00,0.00,68.89
10:44:54,6,14.58,0.00,13.54,0.00,0.00,6.25,0.00,0.00,0.00,65.62
10:44:54,7,13.83,0.00,10.64,0.00,0.00,5.32,0.00,0.00,0.00,70.21
10:44:54,12,13.98,0.00,12.90,0.00,0.00,4.30,0.00,0.00,0.00,68.82
10:44:54,13,16.48,0.00,14.29,0.00,0.00,4.40,0.00,0.00,0.00,64.84
10:44:54,14,13.98,0.00,12.90,0.00,0.00,4.30,0.00,0.00,0.00,68.82
10:44:54,15,14.89,0.00,10.64,0.00,0.00,4.26,0.00,0.00,0.00,70.21
10:44:55,4,17.98,0.00,10.11,0.00,0.00,4.49,0.00,0.00,0.00,67.42
10:44:55,5,17.89,0.00,12.63,0.00,0.00,5.26,0.00,0.00,0.00,64.21
10:44:55,6,13.33,0.00,11.11,0.00,0.00,4.44,0.00,0.00,0.00,71.11
10:44:55,7,10.99,0.00,12.09,0.00,0.00,4.40,0.00,0.00,0.00,72.53
10:44:55,12,16.13,0.00,15.05,0.00,0.00,4.30,0.00,0.00,0.00,64.52
10:44:55,13,17.20,0.00,15.05,0.00,0.00,4.30,0.00,0.00,0.00,63.44
10:44:55,14,14.74,0.00,13.68,0.00,0.00,4.21,0.00,0.00,0.00,67.37
10:44:55,15,15.05,0.00,10.75,0.00,0.00,3.23,0.00,0.00,0.00,70.97
10:44:56,4,17.02,0.00,11.70,0.00,0.00,4.26,0.00,0.00,0.00,67.02
10:44:56,5,14.29,0.00,12.09,0.00,0.00,4.40,0.00,0.00,0.00,69.23
10:44:56,6,16.13,0.00,11.83,0.00,0.00,4.30,0.00,0.00,0.00,67.74
10:44:56,7,13.68,0.00,13.68,0.00,0.00,4.21,0.00,0.00,0.00,68.42
10:44:56,12,15.05,0.00,11.83,0.00,0.00,4.30,0.00,0.00,0.00,68.82
10:44:56,13,13.98,0.00,12.90,0.00,0.00,5.38,0.00,0.00,0.00,67.74
10:44:56,14,14.29,0.00,14.29,0.00,0.00,4.40,0.00,0.00,0.00,67.03
10:44:56,15,14.29,0.00,10.99,0.00,0.00,5.49,0.00,0.00,0.00,69.23
10:44:57,4,13.33,0.00,13.33,0.00,0.00,5.56,0.00,0.00,0.00,67.78
10:44:57,5,18.95,0.00,12.63,0.00,0.00,4.21,0.00,0.00,0.00,64.21
10:44:57,6,15.05,0.00,13.98,0.00,0.00,4.30,0.00,0.00,0.00,66.67
10:44:57,7,11.83,0.00,12.90,0.00,0.00,5.38,0.00,0.00,0.00,69.89
10:44:57,12,15.05,0.00,11.83,0.00,0.00,5.38,0.00,0.00,0.00,67.74
10:44:57,13,15.05,0.00,13.98,2.15,0.00,5.38,0.00,0.00,0.00,63.44
10:44:57,14,16.13,0.00,11.83,1.08,0.00,4.30,0.00,0.00,0.00,66.67
10:44:57,15,13.98,0.00,10.75,0.00,0.00,4.30,0.00,0.00,0.00,70.97
10:44:58,4,17.71,0.00,12.50,0.00,0.00,5.21,0.00,0.00,0.00,64.58
10:44:58,5,15.38,0.00,13.19,0.00,0.00,4.40,0.00,0.00,0.00,67.03
10:44:58,6,13.54,0.00,15.62,0.00,0.00,6.25,0.00,0.00,0.00,64.58
10:44:58,7,11.70,0.00,13.83,0.00,0.00,4.26,0.00,0.00,0.00,70.21
10:44:58,12,13.98,0.00,11.83,0.00,0.00,4.30,0.00,0.00,0.00,69.89
10:44:58,13,13.83,0.00,12.77,0.00,0.00,6.38,0.00,0.00,0.00,67.02
10:44:58,14,14.13,0.00,13.04,0.00,0.00,5.43,0.00,0.00,0.00,67.39
10:44:58,15,11.83,0.00,11.83,0.00,0.00,4.30,0.00,0.00,0.00,72.04
10:44:59,4,14.29,0.00,12.09,0.00,0.00,5.49,0.00,0.00,0.00,68.13
10:44:59,5,14.13,0.00,13.04,0.00,0.00,4.35,0.00,0.00,0.00,68.48
10:44:59,6,15.05,0.00,15.05,0.00,0.00,5.38,0.00,0.00,0.00,64.52
10:44:59,7,14.13,0.00,10.87,0.00,0.00,5.43,0.00,0.00,0.00,69.57
10:44:59,12,15.96,0.00,12.77,0.00,0.00,4.26,0.00,0.00,0.00,67.02
10:44:59,13,15.38,0.00,12.09,0.00,0.00,3.30,0.00,0.00,0.00,69.23
10:44:59,14,16.13,0.00,11.83,0.00,0.00,3.23,0.00,0.00,0.00,68.82
10:44:59,15,12.90,0.00,11.83,0.00,0.00,4.30,0.00,0.00,0.00,70.97
10:45:00,4,16.13,0.00,15.05,0.00,0.00,4.30,0.00,0.00,0.00,64.52
10:45:00,5,19.15,0.00,11.70,0.00,0.00,4.26,0.00,0.00,0.00,64.89
10:45:00,6,14.89,0.00,12.77,0.00,0.00,4.26,0.00,0.00,0.00,68.09
10:45:00,7,13.54,0.00,12.50,0.00,0.00,4.17,0.00,0.00,0.00,69.79
10:45:00,12,16.48,0.00,16.48,0.00,0.00,4.40,0.00,0.00,0.00,62.64
10:45:00,13,14.13,0.00,14.13,0.00,0.00,6.52,0.00,0.00,0.00,65.22
10:45:00,14,15.22,0.00,14.13,0.00,0.00,4.35,0.00,0.00,0.00,66.30
10:45:00,15,15.22,0.00,13.04,0.00,0.00,4.35,0.00,0.00,0.00,67.39
10:45:01,4,16.13,0.00,11.83,0.00,0.00,5.38,0.00,0.00,0.00,66.67
10:45:01,5,13.19,0.00,13.19,0.00,0.00,5.49,0.00,0.00,0.00,68.13
10:45:01,6,14.13,0.00,10.87,0.00,0.00,5.43,0.00,0.00,0.00,69.57
10:45:01,7,14.13,0.00,10.87,0.00,0.00,4.35,0.00,0.00,0.00,70.65
10:45:01,12,13.98,0.00,12.90,0.00,0.00,4.30,0.00,0.00,0.00,68.82
10:45:01,13,15.38,0.00,10.99,0.00,0.00,4.40,0.00,0.00,0.00,69.23
10:45:01,14,14.13,0.00,11.96,0.00,0.00,4.35,0.00,0.00,0.00,69.57
10:45:01,15,13.83,0.00,10.64,0.00,0.00,5.32,0.00,0.00,0.00,70.21
10:45:02,4,14.89,0.00,14.89,0.00,0.00,4.26,0.00,0.00,0.00,65.96
10:45:02,5,15.22,0.00,13.04,0.00,0.00,4.35,0.00,0.00,0.00,67.39
10:45:02,6,15.22,0.00,10.87,0.00,0.00,6.52,0.00,0.00,0.00,67.39
10:45:02,7,14.89,0.00,11.70,0.00,0.00,5.32,0.00,0.00,0.00,68.09
10:45:02,12,15.96,0.00,12.77,0.00,0.00,4.26,0.00,0.00,0.00,67.02
10:45:02,13,15.05,0.00,13.98,0.00,0.00,5.38,0.00,0.00,0.00,65.59
10:45:02,14,15.22,0.00,13.04,0.00,0.00,3.26,0.00,0.00,0.00,68.48
10:45:02,15,16.67,0.00,8.89,1.11,0.00,4.44,0.00,0.00,0.00,68.89
10:45:03,4,16.30,0.00,10.87,0.00,0.00,4.35,0.00,0.00,0.00,68.48
10:45:03,5,16.13,0.00,12.90,0.00,0.00,3.23,0.00,0.00,0.00,67.74
10:45:03,6,13.98,0.00,12.90,0.00,0.00,4.30,0.00,0.00,0.00,68.82
10:45:03,7,13.68,0.00,13.68,0.00,0.00,4.21,0.00,0.00,0.00,68.42
10:45:03,12,14.89,0.00,11.70,0.00,0.00,4.26,0.00,0.00,0.00,69.15
10:45:03,13,15.05,0.00,12.90,0.00,0.00,4.30,0.00,0.00,0.00,67.74
10:45:03,14,14.13,0.00,11.96,0.00,0.00,4.35,0.00,0.00,0.00,69.57
10:45:03,15,15.96,0.00,11.70,0.00,0.00,4.26,0.00,0.00,0.00,68.09
10:45:04,4,14.13,0.00,11.96,0.00,0.00,4.35,0.00,0.00,0.00,69.57
10:45:04,5,15.22,0.00,15.22,0.00,0.00,6.52,0.00,0.00,0.00,63.04
10:45:04,6,13.98,0.00,12.90,0.00,0.00,5.38,0.00,0.00,0.00,67.74
10:45:04,7,13.98,0.00,10.75,0.00,0.00,4.30,0.00,0.00,0.00,70.97
10:45:04,12,16.30,0.00,11.96,0.00,0.00,5.43,0.00,0.00,0.00,66.30
10:45:04,13,14.89,0.00,13.83,0.00,0.00,4.26,0.00,0.00,0.00,67.02
10:45:04,14,13.98,0.00,11.83,0.00,0.00,5.38,0.00,0.00,0.00,68.82
10:45:04,15,12.50,0.00,12.50,0.00,0.00,6.25,0.00,0.00,0.00,68.75
10:45:05,4,17.39,0.00,14.13,0.00,0.00,5.43,0.00,0.00,0.00,63.04
10:45:05,5,17.78,0.00,13.33,0.00,0.00,4.44,0.00,0.00,0.00,64.44
10:45:05,6,14.13,0.00,15.22,0.00,0.00,3.26,0.00,0.00,0.00,67.39
10:45:05,7,12.90,0.00,11.83,0.00,0.00,5.38,0.00,0.00,0.00,69.89
10:45:05,12,13.19,0.00,14.29,0.00,0.00,4.40,0.00,0.00,0.00,68.13
10:45:05,13,17.89,0.00,12.63,0.00,0.00,6.32,0.00,0.00,0.00,63.16
10:45:05,14,15.38,0.00,14.29,0.00,0.00,4.40,0.00,0.00,0.00,65.93
10:45:05,15,11.70,0.00,13.83,0.00,0.00,5.32,0.00,0.00,0.00,69.15
10:45:06,4,13.98,0.00,11.83,0.00,0.00,5.38,0.00,0.00,0.00,68.82
10:45:06,5,14.13,0.00,13.04,0.00,0.00,4.35,0.00,0.00,0.00,68.48
10:45:06,6,15.22,0.00,13.04,0.00,0.00,5.43,0.00,0.00,0.00,66.30
10:45:06,7,11.83,0.00,13.98,0.00,0.00,3.23,0.00,0.00,0.00,70.97
10:45:06,12,18.09,0.00,10.64,0.00,0.00,4.26,0.00,0.00,0.00,67.02
10:45:06,13,14.29,0.00,12.09,0.00,0.00,4.40,0.00,0.00,0.00,69.23
10:45:06,14,15.79,0.00,13.68,0.00,0.00,6.32,0.00,0.00,0.00,64.21
10:45:06,15,14.58,0.00,11.46,0.00,0.00,5.21,0.00,0.00,0.00,68.75
10:45:07,4,15.38,0.00,13.19,0.00,0.00,4.40,0.00,0.00,0.00,67.03
10:45:07,5,16.13,0.00,11.83,0.00,0.00,5.38,0.00,0.00,0.00,66.67
10:45:07,6,14.13,0.00,13.04,1.09,0.00,4.35,0.00,0.00,0.00,67.39
10:45:07,7,13.98,0.00,11.83,0.00,0.00,5.38,0.00,0.00,0.00,68.82
10:45:07,12,14.13,0.00,13.04,1.09,0.00,4.35,0.00,0.00,0.00,67.39
10:45:07,13,15.96,0.00,11.70,0.00,0.00,4.26,0.00,0.00,0.00,68.09
10:45:07,14,14.58,0.00,13.54,0.00,0.00,5.21,0.00,0.00,0.00,66.67
10:45:07,15,14.13,0.00,11.96,0.00,0.00,3.26,0.00,0.00,0.00,70.65
10:45:08,4,16.13,0.00,11.83,0.00,0.00,3.23,0.00,0.00,0.00,68.82
10:45:08,5,14.61,0.00,11.24,0.00,0.00,4.49,0.00,0.00,0.00,69.66
10:45:08,6,15.79,0.00,14.74,0.00,0.00,4.21,0.00,0.00,0.00,65.26
10:45:08,7,13.04,0.00,10.87,0.00,0.00,5.43,0.00,0.00,0.00,70.65
10:45:08,12,15.96,0.00,11.70,0.00,0.00,4.26,0.00,0.00,0.00,68.09
10:45:08,13,15.96,0.00,15.96,0.00,0.00,5.32,0.00,0.00,0.00,62.77
10:45:08,14,14.29,0.00,12.09,0.00,0.00,4.40,0.00,0.00,0.00,69.23
10:45:08,15,14.74,0.00,13.68,0.00,0.00,3.16,0.00,0.00,0.00,68.42
10:45:09,4,15.96,0.00,13.83,0.00,0.00,4.26,0.00,0.00,0.00,65.96
10:45:09,5,16.30,0.00,10.87,0.00,0.00,4.35,0.00,0.00,0.00,68.48
10:45:09,6,15.05,0.00,12.90,0.00,0.00,4.30,0.00,0.00,0.00,67.74
10:45:09,7,14.74,0.00,11.58,0.00,0.00,5.26,0.00,0.00,0.00,68.42
10:45:09,12,14.13,0.00,13.04,0.00,0.00,4.35,0.00,0.00,0.00,68.48
10:45:09,13,14.44,0.00,12.22,0.00,0.00,4.44,0.00,0.00,0.00,68.89
10:45:09,14,15.96,0.00,11.70,0.00,0.00,4.26,0.00,0.00,0.00,68.09
10:45:09,15,13.98,0.00,11.83,0.00,0.00,3.23,0.00,0.00,0.00,70.97
10:45:10,4,20.00,0.00,15.79,0.00,0.00,4.21,0.00,0.00,0.00,60.00
10:45:10,5,15.62,0.00,14.58,0.00,0.00,5.21,0.00,0.00,0.00,64.58
10:45:10,6,16.48,0.00,12.09,1.10,0.00,4.40,0.00,0.00,0.00,65.93
10:45:10,7,12.50,0.00,10.23,0.00,0.00,3.41,0.00,0.00,0.00,73.86
10:45:10,12,15.22,0.00,10.87,0.00,0.00,5.43,0.00,0.00,0.00,68.48
10:45:10,13,18.09,0.00,12.77,0.00,0.00,5.32,0.00,0.00,0.00,63.83
10:45:10,14,15.22,0.00,11.96,0.00,0.00,4.35,0.00,0.00,0.00,68.48
10:45:10,15,14.89,0.00,11.70,0.00,0.00,4.26,0.00,0.00,0.00,69.15
10:45:11,4,14.74,0.00,13.68,0.00,0.00,4.21,0.00,0.00,0.00,67.37
10:45:11,5,16.13,0.00,12.90,0.00,0.00,3.23,0.00,0.00,0.00,67.74
10:45:11,6,15.79,0.00,12.63,0.00,0.00,5.26,0.00,0.00,0.00,66.32
10:45:11,7,15.05,0.00,10.75,0.00,0.00,4.30,0.00,0.00,0.00,69.89
10:45:11,12,15.79,0.00,12.63,0.00,0.00,5.26,0.00,0.00,0.00,66.32
10:45:11,13,13.33,0.00,14.44,0.00,0.00,4.44,0.00,0.00,0.00,67.78
10:45:11,14,16.13,0.00,11.83,0.00,0.00,4.30,0.00,0.00,0.00,67.74
10:45:11,15,14.89,0.00,11.70,0.00,0.00,4.26,0.00,0.00,0.00,69.15
10:45:12,4,14.13,0.00,13.04,0.00,0.00,6.52,0.00,0.00,0.00,66.30
10:45:12,5,15.22,0.00,14.13,0.00,0.00,4.35,0.00,0.00,0.00,66.30
10:45:12,6,14.89,0.00,11.70,0.00,0.00,6.38,0.00,0.00,0.00,67.02
10:45:12,7,12.63,0.00,12.63,0.00,0.00,4.21,0.00,0.00,0.00,70.53
10:45:12,12,14.44,0.00,14.44,0.00,0.00,5.56,0.00,0.00,0.00,65.56
10:45:12,13,18.09,0.00,13.83,0.00,0.00,4.26,0.00,0.00,0.00,63.83
10:45:12,14,14.29,0.00,12.09,0.00,0.00,4.40,0.00,0.00,0.00,69.23
10:45:12,15,13.98,0.00,11.83,0.00,0.00,4.30,0.00,0.00,0.00,69.89
10:45:13,4,15.05,0.00,12.90,1.08,0.00,4.30,0.00,0.00,0.00,66.67
10:45:13,5,13.83,0.00,14.89,0.00,0.00,5.32,0.00,0.00,0.00,65.96
10:45:13,6,17.71,0.00,12.50,0.00,0.00,5.21,0.00,0.00,0.00,64.58
10:45:13,7,15.05,0.00,10.75,0.00,0.00,4.30,0.00,0.00,0.00,69.89
10:45:13,12,17.20,0.00,10.75,0.00,0.00,4.30,0.00,0.00,0.00,67.74
10:45:13,13,12.09,0.00,13.19,0.00,0.00,4.40,0.00,0.00,0.00,70.33
10:45:13,14,14.89,0.00,12.77,0.00,0.00,5.32,0.00,0.00,0.00,67.02
10:45:13,15,13.83,0.00,11.70,0.00,0.00,4.26,0.00,0.00,0.00,70.21
10:45:14,4,13.04,0.00,13.04,0.00,0.00,4.35,0.00,0.00,0.00,69.57
10:45:14,5,15.79,0.00,12.63,0.00,0.00,4.21,0.00,0.00,0.00,67.37
10:45:14,6,16.30,0.00,10.87,0.00,0.00,4.35,0.00,0.00,0.00,68.48
10:45:14,7,13.54,0.00,12.50,0.00,0.00,4.17,0.00,0.00,0.00,69.79
10:45:14,12,15.22,0.00,14.13,0.00,0.00,4.35,0.00,0.00,0.00,66.30
10:45:14,13,16.30,0.00,11.96,0.00,0.00,4.35,0.00,0.00,0.00,67.39
10:45:14,14,15.38,0.00,13.19,0.00,0.00,4.40,0.00,0.00,0.00,67.03
10:45:14,15,15.62,0.00,12.50,0.00,0.00,4.17,0.00,0.00,0.00,67.71
10:45:15,4,17.71,0.00,12.50,0.00,0.00,5.21,0.00,0.00,0.00,64.58
10:45:15,5,14.89,0.00,13.83,0.00,0.00,5.32,0.00,0.00,0.00,65.96
10:45:15,6,14.74,0.00,14.74,0.00,0.00,4.21,0.00,0.00,0.00,66.32
10:45:15,7,11.96,0.00,11.96,0.00,0.00,3.26,0.00,0.00,0.00,72.83
10:45:15,12,16.13,0.00,12.90,0.00,0.00,6.45,0.00,0.00,0.00,64.52
10:45:15,13,15.38,0.00,13.19,0.00,0.00,5.49,0.00,0.00,0.00,65.93
10:45:15,14,16.48,0.00,12.09,0.00,0.00,5.49,0.00,0.00,0.00,65.93
10:45:15,15,15.22,0.00,13.04,0.00,0.00,4.35,0.00,0.00,0.00,67.39
10:45:16,4,13.98,0.00,11.83,0.00,0.00,5.38,0.00,0.00,0.00,68.82
10:45:16,5,16.13,0.00,15.05,0.00,0.00,4.30,0.00,0.00,0.00,64.52
10:45:16,6,16.30,0.00,10.87,0.00,0.00,4.35,0.00,0.00,0.00,68.48
10:45:16,7,13.98,0.00,11.83,0.00,0.00,4.30,0.00,0.00,0.00,69.89
10:45:16,12,13.98,0.00,12.90,0.00,0.00,4.30,0.00,0.00,0.00,68.82
10:45:16,13,17.71,0.00,11.46,0.00,0.00,5.21,0.00,0.00,0.00,65.62
10:45:16,14,13.98,0.00,12.90,0.00,0.00,4.30,0.00,0.00,0.00,68.82
10:45:16,15,13.83,0.00,12.77,0.00,0.00,4.26,0.00,0.00,0.00,69.15
10:45:17,4,13.98,0.00,15.05,0.00,0.00,5.38,0.00,0.00,0.00,65.59
10:45:17,5,17.58,0.00,12.09,0.00,0.00,4.40,0.00,0.00,0.00,65.93
10:45:17,6,16.13,0.00,12.90,0.00,0.00,5.38,0.00,0.00,0.00,65.59
10:45:17,7,14.74,0.00,11.58,0.00,0.00,5.26,0.00,0.00,0.00,68.42
10:45:17,12,12.09,0.00,15.38,0.00,0.00,4.40,0.00,0.00,0.00,68.13
10:45:17,13,15.79,0.00,13.68,0.00,0.00,5.26,0.00,0.00,0.00,65.26
10:45:17,14,15.96,0.00,10.64,0.00,0.00,5.32,0.00,0.00,0.00,68.09
10:45:17,15,13.68,0.00,11.58,0.00,0.00,3.16,0.00,0.00,0.00,71.58
10:45:18,4,15.22,0.00,10.87,0.00,0.00,4.35,0.00,0.00,0.00,69.57
10:45:18,5,14.13,0.00,11.96,0.00,0.00,5.43,0.00,0.00,0.00,68.48
10:45:18,6,15.62,0.00,14.58,0.00,0.00,5.21,0.00,0.00,0.00,64.58
10:45:18,7,14.89,0.00,12.77,0.00,0.00,4.26,0.00,0.00,0.00,68.09
10:45:18,12,15.96,0.00,12.77,1.06,0.00,4.26,0.00,0.00,0.00,65.96
10:45:18,13,15.38,0.00,10.99,0.00,0.00,4.40,0.00,0.00,0.00,69.23
10:45:18,14,15.05,0.00,11.83,0.00,0.00,4.30,0.00,0.00,0.00,68.82
10:45:18,15,14.29,0.00,12.09,0.00,0.00,3.30,0.00,0.00,0.00,70.33
10:45:19,4,16.13,0.00,12.90,0.00,0.00,4.30,0.00,0.00,0.00,66.67
10:45:19,5,17.02,0.00,14.89,0.00,0.00,4.26,0.00,0.00,0.00,63.83
10:45:19,6,15.22,0.00,10.87,0.00,0.00,4.35,0.00,0.00,0.00,69.57
10:45:19,7,14.13,0.00,11.96,0.00,0.00,3.26,0.00,0.00,0.00,70.65
10:45:19,12,13.98,0.00,12.90,0.00,0.00,4.30,0.00,0.00,0.00,68.82
10:45:19,13,16.13,0.00,10.75,0.00,0.00,4.30,0.00,0.00,0.00,68.82
10:45:19,14,13.98,0.00,12.90,0.00,0.00,4.30,0.00,0.00,0.00,68.82
10:45:19,15,11.83,0.00,11.83,0.00,0.00,5.38,0.00,0.00,0.00,70.97
10:45:20,4,14.77,0.00,11.36,0.00,0.00,4.55,0.00,0.00,0.00,69.32
10:45:20,5,16.13,0.00,11.83,0.00,0.00,5.38,0.00,0.00,0.00,66.67
10:45:20,6,16.67,0.00,12.50,0.00,0.00,6.25,0.00,0.00,0.00,64.58
10:45:20,7,14.13,0.00,11.96,0.00,0.00,4.35,0.00,0.00,0.00,69.57
10:45:20,12,14.74,0.00,13.68,0.00,0.00,5.26,0.00,0.00,0.00,66.32
10:45:20,13,18.28,0.00,17.20,0.00,0.00,3.23,0.00,0.00,0.00,61.29
10:45:20,14,16.84,0.00,13.68,0.00,0.00,5.26,0.00,0.00,0.00,64.21
10:45:20,15,15.62,0.00,12.50,0.00,0.00,4.17,0.00,0.00,0.00,67.71
10:45:21,4,16.49,0.00,12.37,0.00,0.00,5.15,0.00,0.00,0.00,65.98
10:45:21,5,16.84,0.00,10.53,0.00,0.00,5.26,0.00,0.00,0.00,67.37
10:45:21,6,14.44,0.00,13.33,0.00,0.00,4.44,0.00,0.00,0.00,67.78
10:45:21,7,13.83,0.00,12.77,0.00,0.00,4.26,0.00,0.00,0.00,69.15
10:45:21,12,12.36,0.00,11.24,0.00,0.00,4.49,0.00,0.00,0.00,71.91
10:45:21,13,16.30,0.00,11.96,0.00,0.00,5.43,0.00,0.00,0.00,66.30
10:45:21,14,15.96,0.00,12.77,0.00,0.00,4.26,0.00,0.00,0.00,67.02
10:45:21,15,15.62,0.00,11.46,0.00,0.00,5.21,0.00,0.00,0.00,67.71
10:45:22,4,12.90,0.00,12.90,0.00,0.00,5.38,0.00,0.00,0.00,68.82
10:45:22,5,15.56,0.00,15.56,0.00,0.00,3.33,0.00,0.00,0.00,65.56
10:45:22,6,13.33,0.00,12.22,0.00,0.00,4.44,0.00,0.00,0.00,70.00
10:45:22,7,13.68,0.00,12.63,0.00,0.00,4.21,0.00,0.00,0.00,69.47
10:45:22,12,11.83,0.00,13.98,0.00,0.00,5.38,0.00,0.00,0.00,68.82
10:45:22,13,15.79,0.00,13.68,0.00,0.00,5.26,0.00,0.00,0.00,65.26
10:45:22,14,14.13,0.00,13.04,0.00,0.00,4.35,0.00,0.00,0.00,68.48
10:45:22,15,15.22,0.00,9.78,0.00,0.00,4.35,0.00,0.00,0.00,70.65
10:45:23,4,14.29,0.00,13.19,1.10,0.00,4.40,0.00,0.00,0.00,67.03
10:45:23,5,16.30,0.00,11.96,0.00,0.00,5.43,0.00,0.00,0.00,66.30
10:45:23,6,14.89,0.00,12.77,0.00,0.00,4.26,0.00,0.00,0.00,68.09
10:45:23,7,11.11,0.00,13.33,0.00,0.00,4.44,0.00,0.00,0.00,71.11
10:45:23,12,16.13,0.00,10.75,0.00,0.00,4.30,0.00,0.00,0.00,68.82
10:45:23,13,15.22,0.00,14.13,1.09,0.00,5.43,0.00,0.00,0.00,64.13
10:45:23,14,13.83,0.00,13.83,0.00,0.00,4.26,0.00,0.00,0.00,68.09
10:45:23,15,13.98,0.00,12.90,0.00,0.00,4.30,0.00,0.00,0.00,68.82
10:45:24,4,17.35,0.00,12.24,0.00,0.00,5.10,0.00,0.00,0.00,65.31
10:45:24,5,16.13,0.00,13.98,0.00,0.00,4.30,0.00,0.00,0.00,65.59
10:45:24,6,13.98,0.00,11.83,0.00,0.00,4.30,0.00,0.00,0.00,69.89
10:45:24,7,12.77,0.00,10.64,0.00,0.00,4.26,0.00,0.00,0.00,72.34
10:45:24,12,14.29,0.00,12.09,0.00,0.00,5.49,0.00,0.00,0.00,68.13
10:45:24,13,16.30,0.00,15.22,0.00,0.00,4.35,0.00,0.00,0.00,64.13
10:45:24,14,17.20,0.00,12.90,0.00,0.00,4.30,0.00,0.00,0.00,65.59
10:45:24,15,13.83,0.00,12.77,0.00,0.00,5.32,0.00,0.00,0.00,68.09
10:45:25,4,16.48,0.00,10.99,0.00,0.00,4.40,0.00,0.00,0.00,68.13
10:45:25,5,15.05,0.00,12.90,0.00,0.00,5.38,0.00,0.00,0.00,66.67
10:45:25,6,15.79,0.00,13.68,0.00,0.00,6.32,0.00,0.00,0.00,64.21
10:45:25,7,13.83,0.00,10.64,0.00,0.00,4.26,0.00,0.00,0.00,71.28
10:45:25,12,15.56,0.00,11.11,0.00,0.00,3.33,0.00,0.00,0.00,70.00
10:45:25,13,15.22,0.00,16.30,0.00,0.00,6.52,0.00,0.00,0.00,61.96
10:45:25,14,15.22,0.00,14.13,0.00,0.00,5.43,0.00,0.00,0.00,65.22
10:45:25,15,11.83,0.00,13.98,0.00,0.00,4.30,0.00,0.00,0.00,69.89
10:45:26,4,15.05,0.00,12.90,0.00,0.00,5.38,0.00,0.00,0.00,66.67
10:45:26,5,17.02,0.00,13.83,0.00,0.00,4.26,0.00,0.00,0.00,64.89
10:45:26,6,13.04,0.00,14.13,0.00,0.00,4.35,0.00,0.00,0.00,68.48
10:45:26,7,15.79,0.00,11.58,0.00,0.00,4.21,0.00,0.00,0.00,68.42
10:45:26,12,16.84,0.00,13.68,0.00,0.00,3.16,0.00,0.00,0.00,66.32
10:45:26,13,16.13,0.00,11.83,0.00,0.00,4.30,0.00,0.00,0.00,67.74
10:45:26,14,15.46,0.00,12.37,0.00,0.00,5.15,0.00,0.00,0.00,67.01
10:45:26,15,14.89,0.00,10.64,0.00,0.00,4.26,0.00,0.00,0.00,70.21
10:45:27,4,14.13,0.00,11.96,0.00,0.00,4.35,0.00,0.00,0.00,69.57
10:45:27,5,14.13,0.00,13.04,0.00,0.00,4.35,0.00,0.00,0.00,68.48
10:45:27,6,13.83,0.00,12.77,0.00,0.00,5.32,0.00,0.00,0.00,68.09
10:45:27,7,15.05,0.00,11.83,0.00,0.00,5.38,0.00,0.00,0.00,67.74
10:45:27,12,14.89,0.00,12.77,0.00,0.00,5.32,0.00,0.00,0.00,67.02
10:45:27,13,13.19,0.00,12.09,0.00,0.00,5.49,0.00,0.00,0.00,69.23
10:45:27,14,15.22,0.00,11.96,0.00,0.00,4.35,0.00,0.00,0.00,68.48
10:45:27,15,15.05,0.00,11.83,0.00,0.00,4.30,0.00,0.00,0.00,68.82
10:45:28,4,17.39,0.00,11.96,0.00,0.00,4.35,0.00,0.00,0.00,66.30
10:45:28,5,15.96,0.00,15.96,0.00,0.00,5.32,0.00,0.00,0.00,62.77
10:45:28,6,15.22,0.00,11.96,0.00,0.00,4.35,0.00,0.00,0.00,68.48
10:45:28,7,12.90,0.00,12.90,1.08,0.00,4.30,0.00,0.00,0.00,68.82
10:45:28,12,15.22,0.00,13.04,0.00,0.00,3.26,0.00,0.00,0.00,68.48
10:45:28,13,16.13,0.00,12.90,0.00,0.00,4.30,0.00,0.00,0.00,66.67
10:45:28,14,15.62,0.00,13.54,0.00,0.00,4.17,0.00,0.00,0.00,66.67
10:45:28,15,13.48,0.00,8.99,1.12,0.00,4.49,0.00,0.00,0.00,71.91
10:45:29,4,16.13,0.00,10.75,0.00,0.00,5.38,0.00,0.00,0.00,67.74
10:45:29,5,14.74,0.00,15.79,0.00,0.00,4.21,0.00,0.00,0.00,65.26
10:45:29,6,12.90,0.00,12.90,0.00,0.00,5.38,0.00,0.00,0.00,68.82
10:45:29,7,11.11,0.00,8.89,0.00,0.00,4.44,0.00,0.00,0.00,75.56
10:45:29,12,15.22,0.00,10.87,0.00,0.00,5.43,0.00,0.00,0.00,68.48
10:45:29,13,15.05,0.00,13.98,0.00,0.00,5.38,0.00,0.00,0.00,65.59
10:45:29,14,12.22,0.00,14.44,0.00,0.00,4.44,0.00,0.00,0.00,68.89
10:45:29,15,12.90,0.00,12.90,0.00,0.00,4.30,0.00,0.00,0.00,69.89
10:45:30,4,17.89,0.00,12.63,0.00,0.00,6.32,0.00,0.00,0.00,63.16
10:45:30,5,20.65,0.00,13.04,0.00,0.00,5.43,0.00,0.00,0.00,60.87
10:45:30,6,13.98,0.00,11.83,0.00,0.00,6.45,0.00,0.00,0.00,67.74
10:45:30,7,13.68,0.00,12.63,0.00,0.00,4.21,0.00,0.00,0.00,69.47
10:45:30,12,16.30,0.00,14.13,0.00,0.00,4.35,0.00,0.00,0.00,65.22
10:45:30,13,18.28,0.00,11.83,0.00,0.00,4.30,0.00,0.00,0.00,65.59
10:45:30,14,17.58,0.00,9.89,0.00,0.00,5.49,0.00,0.00,0.00,67.03
10:45:30,15,13.19,0.00,9.89,0.00,0.00,3.30,0.00,0.00,0.00,73.63
10:45:31,4,13.98,0.00,16.13,0.00,0.00,4.30,0.00,0.00,0.00,65.59
10:45:31,5,16.30,0.00,11.96,0.00,0.00,4.35,0.00,0.00,0.00,67.39
10:45:31,6,13.40,0.00,14.43,0.00,0.00,5.15,0.00,0.00,0.00,67.01
10:45:31,7,14.74,0.00,9.47,0.00,0.00,4.21,0.00,0.00,0.00,71.58
10:45:31,12,15.96,0.00,12.77,0.00,0.00,5.32,0.00,0.00,0.00,65.96
10:45:31,13,15.38,0.00,13.19,0.00,0.00,3.30,0.00,0.00,0.00,68.13
10:45:31,14,14.29,0.00,14.29,0.00,0.00,3.30,0.00,0.00,0.00,68.13
10:45:31,15,13.54,0.00,11.46,0.00,0.00,6.25,0.00,0.00,0.00,68.75
10:45:32,4,15.22,0.00,10.87,0.00,0.00,4.35,0.00,0.00,0.00,69.57
10:45:32,5,16.48,0.00,9.89,0.00,0.00,5.49,0.00,0.00,0.00,68.13
10:45:32,6,12.90,0.00,12.90,0.00,0.00,5.38,0.00,0.00,0.00,68.82
10:45:32,7,13.04,0.00,10.87,0.00,0.00,4.35,0.00,0.00,0.00,71.74
10:45:32,12,13.83,0.00,13.83,0.00,0.00,3.19,0.00,0.00,0.00,69.15
10:45:32,13,16.13,0.00,13.98,0.00,0.00,5.38,0.00,0.00,0.00,64.52
10:45:32,14,16.84,0.00,12.63,0.00,0.00,5.26,0.00,0.00,0.00,65.26
10:45:32,15,13.83,0.00,12.77,0.00,0.00,5.32,0.00,0.00,0.00,68.09
10:45:33,4,13.98,0.00,12.90,0.00,0.00,4.30,0.00,0.00,0.00,68.82
10:45:33,5,14.29,0.00,10.99,0.00,0.00,4.40,0.00,0.00,0.00,70.33
10:45:33,6,13.33,0.00,14.44,0.00,0.00,4.44,0.00,0.00,0.00,67.78
10:45:33,7,11.83,0.00,11.83,1.08,0.00,4.30,0.00,0.00,0.00,70.97
10:45:33,12,13.83,0.00,13.83,1.06,0.00,4.26,0.00,0.00,0.00,67.02
10:45:33,13,17.20,0.00,11.83,0.00,0.00,5.38,0.00,0.00,0.00,65.59
10:45:33,14,14.44,0.00,12.22,0.00,0.00,4.44,0.00,0.00,0.00,68.89
10:45:33,15,15.79,0.00,11.58,0.00,0.00,4.21,0.00,0.00,0.00,68.42
10:45:34,4,15.05,0.00,11.83,0.00,0.00,5.38,0.00,0.00,0.00,67.74
10:45:34,5,16.67,0.00,11.46,0.00,0.00,5.21,0.00,0.00,0.00,66.67
10:45:34,6,14.89,0.00,12.77,0.00,0.00,4.26,0.00,0.00,0.00,68.09
10:45:34,7,15.05,0.00,11.83,0.00,0.00,5.38,0.00,0.00,0.00,67.74
10:45:34,12,15.96,0.00,10.64,0.00,0.00,5.32,0.00,0.00,0.00,68.09
10:45:34,13,13.83,0.00,12.77,0.00,0.00,5.32,0.00,0.00,0.00,68.09
10:45:34,14,14.29,0.00,12.09,0.00,0.00,3.30,0.00,0.00,0.00,70.33
10:45:34,15,13.98,0.00,11.83,0.00,0.00,5.38,0.00,0.00,0.00,68.82
10:45:35,4,16.84,0.00,13.68,0.00,0.00,3.16,0.00,0.00,0.00,66.32
10:45:35,5,13.33,0.00,11.11,0.00,0.00,4.44,0.00,0.00,0.00,71.11
10:45:35,6,14.61,0.00,11.24,0.00,0.00,5.62,0.00,0.00,0.00,68.54
10:45:35,7,14.13,0.00,10.87,0.00,0.00,4.35,0.00,0.00,0.00,70.65
10:45:35,12,16.13,0.00,11.83,0.00,0.00,5.38,0.00,0.00,0.00,66.67
10:45:35,13,12.77,0.00,12.77,0.00,0.00,6.38,0.00,0.00,0.00,68.09
10:45:35,14,14.29,0.00,12.09,0.00,0.00,4.40,0.00,0.00,0.00,69.23
10:45:35,15,15.22,0.00,10.87,0.00,0.00,4.35,0.00,0.00,0.00,69.57
10:45:36,4,16.30,0.00,14.13,0.00,0.00,4.35,0.00,0.00,0.00,65.22
10:45:36,5,16.84,0.00,12.63,0.00,0.00,5.26,0.00,0.00,0.00,65.26
10:45:36,6,15.62,0.00,13.54,0.00,0.00,5.21,0.00,0.00,0.00,65.62
10:45:36,7,14.89,0.00,12.77,0.00,0.00,3.19,0.00,0.00,0.00,69.15
10:45:36,12,13.83,0.00,13.83,0.00,0.00,4.26,0.00,0.00,0.00,68.09
10:45:36,13,15.05,0.00,12.90,0.00,0.00,4.30,0.00,0.00,0.00,67.74
10:45:36,14,15.79,0.00,13.68,0.00,0.00,4.21,0.00,0.00,0.00,66.32
10:45:36,15,11.96,0.00,11.96,0.00,0.00,3.26,0.00,0.00,0.00,72.83
10:45:37,4,15.05,0.00,13.98,0.00,0.00,5.38,0.00,0.00,0.00,65.59
10:45:37,5,14.61,0.00,13.48,0.00,0.00,3.37,0.00,0.00,0.00,68.54
10:45:37,6,13.98,0.00,15.05,0.00,0.00,3.23,0.00,0.00,0.00,67.74
10:45:37,7,11.83,0.00,10.75,0.00,0.00,4.30,0.00,0.00,0.00,73.12
10:45:37,12,13.83,0.00,12.77,0.00,0.00,4.26,0.00,0.00,0.00,69.15
10:45:37,13,14.29,0.00,15.38,0.00,0.00,5.49,0.00,0.00,0.00,64.84
10:45:37,14,16.13,0.00,15.05,0.00,0.00,3.23,0.00,0.00,0.00,65.59
10:45:37,15,14.74,0.00,11.58,0.00,0.00,4.21,0.00,0.00,0.00,69.47
10:45:38,4,15.79,0.00,11.58,1.05,0.00,5.26,0.00,0.00,0.00,66.32
10:45:38,5,15.38,0.00,13.19,0.00,0.00,3.30,0.00,0.00,0.00,68.13
10:45:38,6,17.02,0.00,10.64,0.00,0.00,4.26,0.00,0.00,0.00,68.09
10:45:38,7,14.43,0.00,12.37,0.00,0.00,6.19,0.00,0.00,0.00,67.01
10:45:38,12,17.35,0.00,12.24,0.00,0.00,6.12,0.00,0.00,0.00,64.29
10:45:38,13,15.22,0.00,11.96,0.00,0.00,3.26,0.00,0.00,0.00,69.57
10:45:38,14,13.98,0.00,12.90,0.00,0.00,5.38,0.00,0.00,0.00,67.74
10:45:38,15,13.83,0.00,11.70,1.06,0.00,5.32,0.00,0.00,0.00,68.09
10:45:39,4,15.79,0.00,15.79,0.00,0.00,4.21,0.00,0.00,0.00,64.21
10:45:39,5,15.22,0.00,13.04,0.00,0.00,5.43,0.00,0.00,0.00,66.30
10:45:39,6,13.04,0.00,13.04,0.00,0.00,4.35,0.00,0.00,0.00,69.57
10:45:39,7,11.83,0.00,10.75,0.00,0.00,5.38,0.00,0.00,0.00,72.04
10:45:39,12,15.05,0.00,11.83,0.00,0.00,5.38,0.00,0.00,0.00,67.74
10:45:39,13,13.19,0.00,13.19,0.00,0.00,4.40,0.00,0.00,0.00,69.23
10:45:39,14,13.98,0.00,12.90,0.00,0.00,4.30,0.00,0.00,0.00,68.82
10:45:39,15,11.96,0.00,10.87,0.00,0.00,3.26,0.00,0.00,0.00,73.91
10:45:40,4,17.20,0.00,10.75,0.00,0.00,5.38,0.00,0.00,0.00,66.67
10:45:40,5,14.74,0.00,13.68,0.00,0.00,4.21,0.00,0.00,0.00,67.37
10:45:40,6,15.05,0.00,12.90,0.00,0.00,4.30,0.00,0.00,0.00,67.74
10:45:40,7,11.58,0.00,11.58,0.00,0.00,5.26,0.00,0.00,0.00,71.58
10:45:40,12,12.90,0.00,16.13,0.00,0.00,4.30,0.00,0.00,0.00,66.67
10:45:40,13,15.79,0.00,15.79,0.00,0.00,5.26,0.00,0.00,0.00,63.16
10:45:40,14,14.89,0.00,12.77,0.00,0.00,4.26,0.00,0.00,0.00,68.09
10:45:40,15,13.83,0.00,10.64,0.00,0.00,5.32,0.00,0.00,0.00,70.21
10:45:41,4,14.13,0.00,15.22,0.00,0.00,4.35,0.00,0.00,0.00,66.30
10:45:41,5,17.20,0.00,12.90,0.00,0.00,4.30,0.00,0.00,0.00,65.59
10:45:41,6,13.98,0.00,12.90,0.00,0.00,5.38,0.00,0.00,0.00,67.74
10:45:41,7,12.09,0.00,12.09,0.00,0.00,4.40,0.00,0.00,0.00,71.43
10:45:41,12,17.58,0.00,13.19,0.00,0.00,4.40,0.00,0.00,0.00,64.84
10:45:41,13,17.20,0.00,12.90,0.00,0.00,5.38,0.00,0.00,0.00,64.52
10:45:41,14,13.83,0.00,12.77,0.00,0.00,6.38,0.00,0.00,0.00,67.02
10:45:41,15,14.43,0.00,14.43,0.00,0.00,4.12,0.00,0.00,0.00,67.01
10:45:42,4,15.05,0.00,13.98,0.00,0.00,4.30,0.00,0.00,0.00,66.67
10:45:42,5,16.67,0.00,11.46,0.00,0.00,5.21,0.00,0.00,0.00,66.67
10:45:42,6,14.29,0.00,12.09,0.00,0.00,3.30,0.00,0.00,0.00,70.33
10:45:42,7,10.99,0.00,12.09,0.00,0.00,4.40,0.00,0.00,0.00,72.53
10:45:42,12,14.74,0.00,14.74,0.00,0.00,4.21,0.00,0.00,0.00,66.32
10:45:42,13,15.96,0.00,15.96,0.00,0.00,4.26,0.00,0.00,0.00,63.83
10:45:42,14,14.13,0.00,14.13,0.00,0.00,4.35,0.00,0.00,0.00,67.39
10:45:42,15,13.98,0.00,10.75,0.00,0.00,5.38,0.00,0.00,0.00,69.89
10:45:43,4,17.89,0.00,11.58,1.05,0.00,5.26,0.00,0.00,0.00,64.21
10:45:43,5,16.13,0.00,13.98,0.00,0.00,3.23,0.00,0.00,0.00,66.67
10:45:43,6,13.83,0.00,13.83,0.00,0.00,5.32,0.00,0.00,0.00,67.02
10:45:43,7,11.70,0.00,12.77,1.06,0.00,5.32,0.00,0.00,0.00,69.15
10:45:43,12,14.29,0.00,12.09,0.00,0.00,4.40,0.00,0.00,0.00,69.23
10:45:43,13,16.30,0.00,13.04,0.00,0.00,5.43,0.00,0.00,0.00,65.22
10:45:43,14,15.05,0.00,12.90,0.00,0.00,4.30,0.00,0.00,0.00,67.74
10:45:43,15,12.90,0.00,11.83,0.00,0.00,3.23,0.00,0.00,0.00,72.04
10:45:44,4,15.05,0.00,11.83,0.00,0.00,3.23,0.00,0.00,0.00,69.89
10:45:44,5,16.84,0.00,12.63,0.00,0.00,5.26,0.00,0.00,0.00,65.26
10:45:44,6,15.22,0.00,11.96,0.00,0.00,4.35,0.00,0.00,0.00,68.48
10:45:44,7,13.83,0.00,11.70,0.00,0.00,4.26,0.00,0.00,0.00,70.21
10:45:44,12,13.68,0.00,11.58,0.00,0.00,5.26,0.00,0.00,0.00,69.47
10:45:44,13,15.79,0.00,11.58,0.00,0.00,5.26,0.00,0.00,0.00,67.37
10:45:44,14,15.05,0.00,12.90,0.00,0.00,5.38,0.00,0.00,0.00,66.67
10:45:44,15,11.11,0.00,12.22,0.00,0.00,3.33,0.00,0.00,0.00,73.33
10:45:45,4,14.13,0.00,10.87,0.00,0.00,4.35,0.00,0.00,0.00,70.65
10:45:45,5,16.48,0.00,13.19,0.00,0.00,4.40,0.00,0.00,0.00,65.93
10:45:45,6,15.22,0.00,9.78,0.00,0.00,5.43,0.00,0.00,0.00,69.57
10:45:45,7,11.70,0.00,12.77,0.00,0.00,5.32,0.00,0.00,0.00,70.21
10:45:45,12,16.30,0.00,14.13,0.00,0.00,4.35,0.00,0.00,0.00,65.22
10:45:45,13,17.02,0.00,12.77,0.00,0.00,4.26,0.00,0.00,0.00,65.96
10:45:45,14,14.89,0.00,13.83,0.00,0.00,3.19,0.00,0.00,0.00,68.09
10:45:45,15,14.74,0.00,10.53,0.00,0.00,4.21,0.00,0.00,0.00,70.53
10:45:46,4,17.89,0.00,12.63,0.00,0.00,6.32,0.00,0.00,0.00,63.16
10:45:46,5,16.13,0.00,11.83,0.00,0.00,5.38,0.00,0.00,0.00,66.67
10:45:46,6,14.58,0.00,14.58,0.00,0.00,5.21,0.00,0.00,0.00,65.62
10:45:46,7,16.67,0.00,12.50,0.00,0.00,3.12,0.00,0.00,0.00,67.71
10:45:46,12,15.22,0.00,15.22,0.00,0.00,4.35,0.00,0.00,0.00,65.22
10:45:46,13,16.84,0.00,11.58,0.00,0.00,5.26,0.00,0.00,0.00,66.32
10:45:46,14,15.05,0.00,11.83,0.00,0.00,5.38,0.00,0.00,0.00,67.74
10:45:46,15,16.84,0.00,13.68,0.00,0.00,4.21,0.00,0.00,0.00,65.26
10:45:47,4,13.48,0.00,11.24,0.00,0.00,4.49,0.00,0.00,0.00,70.79
10:45:47,5,17.39,0.00,10.87,0.00,0.00,3.26,0.00,0.00,0.00,68.48
10:45:47,6,15.05,0.00,10.75,0.00,0.00,5.38,0.00,0.00,0.00,68.82
10:45:47,7,13.83,0.00,10.64,0.00,0.00,4.26,0.00,0.00,0.00,71.28
10:45:47,12,14.13,0.00,15.22,0.00,0.00,4.35,0.00,0.00,0.00,66.30
10:45:47,13,18.09,0.00,12.77,0.00,0.00,5.32,0.00,0.00,0.00,63.83
10:45:47,14,14.29,0.00,13.19,0.00,0.00,4.40,0.00,0.00,0.00,68.13
10:45:47,15,13.19,0.00,12.09,0.00,0.00,4.40,0.00,0.00,0.00,70.33
10:45:48,4,15.79,0.00,11.58,0.00,0.00,5.26,0.00,0.00,0.00,67.37
10:45:48,5,16.49,0.00,15.46,1.03,0.00,5.15,0.00,0.00,0.00,61.86
10:45:48,6,13.19,0.00,12.09,0.00,0.00,6.59,0.00,0.00,0.00,68.13
10:45:48,7,14.74,0.00,12.63,0.00,0.00,4.21,0.00,0.00,0.00,68.42
10:45:48,12,15.96,0.00,11.70,0.00,0.00,6.38,0.00,0.00,0.00,65.96
10:45:48,13,14.29,0.00,14.29,0.00,0.00,4.40,0.00,0.00,0.00,67.03
10:45:48,14,15.96,0.00,11.70,0.00,0.00,5.32,0.00,0.00,0.00,67.02
10:45:48,15,15.96,0.00,11.70,0.00,0.00,3.19,0.00,0.00,0.00,69.15
10:45:49,4,13.83,0.00,13.83,0.00,0.00,5.32,0.00,0.00,0.00,67.02
10:45:49,5,15.38,0.00,13.19,0.00,0.00,4.40,0.00,0.00,0.00,67.03
10:45:49,6,14.89,0.00,12.77,0.00,0.00,4.26,0.00,0.00,0.00,68.09
10:45:49,7,12.90,0.00,12.90,0.00,0.00,3.23,0.00,0.00,0.00,70.97
10:45:49,12,17.02,0.00,11.70,0.00,0.00,6.38,0.00,0.00,0.00,64.89
10:45:49,13,17.02,0.00,11.70,0.00,0.00,6.38,0.00,0.00,0.00,64.89
10:45:49,14,15.05,0.00,12.90,0.00,0.00,5.38,0.00,0.00,0.00,66.67
10:45:49,15,13.54,0.00,13.54,0.00,0.00,5.21,0.00,0.00,0.00,67.71
10:45:50,4,16.48,0.00,10.99,0.00,0.00,5.49,0.00,0.00,0.00,67.03
10:45:50,5,13.68,0.00,13.68,0.00,0.00,5.26,0.00,0.00,0.00,67.37
10:45:50,6,12.63,0.00,12.63,0.00,0.00,5.26,0.00,0.00,0.00,69.47
10:45:50,7,13.68,0.00,10.53,0.00,0.00,5.26,0.00,0.00,0.00,70.53
10:45:50,12,14.61,0.00,11.24,0.00,0.00,5.62,0.00,0.00,0.00,68.54
10:45:50,13,15.38,0.00,10.99,0.00,0.00,4.40,0.00,0.00,0.00,69.23
10:45:50,14,13.04,0.00,11.96,0.00,0.00,5.43,0.00,0.00,0.00,69.57
10:45:50,15,10.87,0.00,11.96,0.00,0.00,5.43,0.00,0.00,0.00,71.74
10:45:51,4,16.13,0.00,11.83,0.00,0.00,4.30,0.00,0.00,0.00,67.74
10:45:51,5,18.28,0.00,11.83,0.00,0.00,4.30,0.00,0.00,0.00,65.59
10:45:51,6,15.73,0.00,11.24,0.00,0.00,3.37,0.00,0.00,0.00,69.66
10:45:51,7,14.58,0.00,11.46,0.00,0.00,5.21,0.00,0.00,0.00,68.75
10:45:51,12,17.78,0.00,13.33,0.00,0.00,4.44,0.00,0.00,0.00,64.44
10:45:51,13,21.51,0.00,13.98,0.00,0.00,4.30,0.00,0.00,0.00,60.22
10:45:51,14,15.79,0.00,14.74,0.00,0.00,6.32,0.00,0.00,0.00,63.16
10:45:51,15,14.89,0.00,12.77,0.00,0.00,3.19,0.00,0.00,0.00,69.15
10:45:52,4,13.83,0.00,12.77,0.00,0.00,5.32,0.00,0.00,0.00,68.09
10:45:52,5,16.30,0.00,11.96,0.00,0.00,3.26,0.00,0.00,0.00,68.48
10:45:52,6,13.98,0.00,11.83,0.00,0.00,5.38,0.00,0.00,0.00,68.82
10:45:52,7,10.87,0.00,13.04,0.00,0.00,4.35,0.00,0.00,0.00,71.74
10:45:52,12,17.02,0.00,14.89,0.00,0.00,4.26,0.00,0.00,0.00,63.83
10:45:52,13,17.89,0.00,13.68,0.00,0.00,3.16,0.00,0.00,0.00,65.26
10:45:52,14,14.13,0.00,13.04,0.00,0.00,4.35,0.00,0.00,0.00,68.48
10:45:52,15,14.74,0.00,13.68,0.00,0.00,3.16,0.00,0.00,0.00,68.42
10:45:53,4,16.84,0.00,12.63,0.00,0.00,6.32,0.00,0.00,0.00,64.21
10:45:53,5,16.67,0.00,12.22,0.00,0.00,4.44,0.00,0.00,0.00,66.67
10:45:53,6,16.13,0.00,10.75,0.00,0.00,5.38,0.00,0.00,0.00,67.74
10:45:53,7,11.58,0.00,13.68,0.00,0.00,5.26,0.00,0.00,0.00,69.47
10:45:53,12,15.62,0.00,12.50,0.00,0.00,5.21,0.00,0.00,0.00,66.67
10:45:53,13,14.29,0.00,15.38,0.00,0.00,5.49,0.00,0.00,0.00,64.84
10:45:53,14,16.13,0.00,12.90,0.00,0.00,4.30,0.00,0.00,0.00,66.67
10:45:53,15,12.90,0.00,11.83,0.00,0.00,4.30,0.00,0.00,0.00,70.97
10:45:54,4,15.38,0.00,12.09,0.00,0.00,3.30,0.00,0.00,0.00,69.23
10:45:54,5,14.13,0.00,13.04,0.00,0.00,4.35,0.00,0.00,0.00,68.48
10:45:54,6,14.89,0.00,12.77,0.00,0.00,4.26,0.00,0.00,0.00,68.09
10:45:54,7,13.83,0.00,12.77,0.00,0.00,5.32,0.00,0.00,0.00,68.09
10:45:54,12,14.74,0.00,12.63,0.00,0.00,6.32,0.00,0.00,0.00,66.32
10:45:54,13,15.05,0.00,11.83,0.00,0.00,5.38,0.00,0.00,0.00,67.74
10:45:54,14,14.29,0.00,12.09,0.00,0.00,4.40,0.00,0.00,0.00,69.23
10:45:54,15,15.79,0.00,12.63,0.00,0.00,4.21,0.00,0.00,0.00,67.37
10:45:55,4,16.48,0.00,12.09,0.00,0.00,5.49,0.00,0.00,0.00,65.93
10:45:55,5,16.67,0.00,13.54,0.00,0.00,4.17,0.00,0.00,0.00,65.62
10:45:55,6,14.61,0.00,11.24,0.00,0.00,3.37,0.00,0.00,0.00,70.79
10:45:55,7,13.68,0.00,10.53,0.00,0.00,6.32,0.00,0.00,0.00,69.47
10:45:55,12,15.96,0.00,11.70,0.00,0.00,4.26,0.00,0.00,0.00,68.09
10:45:55,13,16.30,0.00,10.87,0.00,0.00,5.43,0.00,0.00,0.00,67.39
10:45:55,14,15.05,0.00,10.75,0.00,0.00,6.45,0.00,0.00,0.00,67.74
10:45:55,15,14.13,0.00,10.87,0.00,0.00,4.35,0.00,0.00,0.00,70.65
10:45:56,4,17.58,0.00,12.09,0.00,0.00,5.49,0.00,0.00,0.00,64.84
10:45:56,5,17.39,0.00,13.04,0.00,0.00,3.26,0.00,0.00,0.00,66.30
10:45:56,6,16.13,0.00,12.90,0.00,0.00,4.30,0.00,0.00,0.00,66.67
10:45:56,7,16.13,0.00,10.75,0.00,0.00,3.23,0.00,0.00,0.00,69.89
10:45:56,12,13.68,0.00,14.74,0.00,0.00,5.26,0.00,0.00,0.00,66.32
10:45:56,13,19.78,0.00,15.38,0.00,0.00,4.40,0.00,0.00,0.00,60.44
10:45:56,14,14.89,0.00,13.83,0.00,0.00,5.32,0.00,0.00,0.00,65.96
10:45:56,15,15.79,0.00,12.63,0.00,0.00,5.26,0.00,0.00,0.00,66.32
10:45:57,4,14.29,0.00,14.29,0.00,0.00,4.40,0.00,0.00,0.00,67.03
10:45:57,5,15.38,0.00,10.99,0.00,0.00,4.40,0.00,0.00,0.00,69.23
10:45:57,6,10.87,0.00,13.04,0.00,0.00,5.43,0.00,0.00,0.00,70.65
10:45:57,7,13.54,0.00,12.50,0.00,0.00,4.17,0.00,0.00,0.00,69.79
10:45:57,12,16.30,0.00,11.96,0.00,0.00,5.43,0.00,0.00,0.00,66.30
10:45:57,13,18.09,0.00,13.83,0.00,0.00,4.26,0.00,0.00,0.00,63.83
10:45:57,14,14.74,0.00,13.68,0.00,0.00,5.26,0.00,0.00,0.00,66.32
10:45:57,15,12.90,0.00,12.90,0.00,0.00,4.30,0.00,0.00,0.00,69.89
10:45:58,4,14.89,0.00,12.77,1.06,0.00,5.32,0.00,0.00,0.00,65.96
10:45:58,5,16.13,0.00,12.90,0.00,0.00,4.30,0.00,0.00,0.00,66.67
10:45:58,6,14.74,0.00,12.63,0.00,0.00,6.32,0.00,0.00,0.00,66.32
10:45:58,7,14.58,0.00,12.50,0.00,0.00,5.21,0.00,0.00,0.00,67.71
10:45:58,12,16.13,0.00,12.90,0.00,0.00,5.38,0.00,0.00,0.00,65.59
10:45:58,13,15.05,0.00,12.90,0.00,0.00,5.38,0.00,0.00,0.00,66.67
10:45:58,14,12.77,0.00,14.89,0.00,0.00,5.32,0.00,0.00,0.00,67.02
10:45:58,15,13.98,0.00,11.83,0.00,0.00,6.45,0.00,0.00,0.00,67.74
10:45:59,4,17.02,0.00,11.70,0.00,0.00,4.26,0.00,0.00,0.00,67.02
10:45:59,5,13.98,0.00,12.90,0.00,0.00,6.45,0.00,0.00,0.00,66.67
10:45:59,6,13.68,0.00,14.74,0.00,0.00,4.21,0.00,0.00,0.00,67.37
10:45:59,7,11.96,0.00,10.87,0.00,0.00,4.35,0.00,0.00,0.00,72.83
10:45:59,12,15.56,0.00,11.11,0.00,0.00,5.56,0.00,0.00,0.00,67.78
10:45:59,13,17.89,0.00,16.84,0.00,0.00,3.16,0.00,0.00,0.00,62.11
10:45:59,14,13.98,0.00,12.90,0.00,0.00,5.38,0.00,0.00,0.00,67.74
10:45:59,15,13.19,0.00,10.99,0.00,0.00,4.40,0.00,0.00,0.00,71.43
10:46:00,4,15.79,0.00,13.68,0.00,0.00,6.32,0.00,0.00,0.00,64.21
10:46:00,5,18.68,0.00,13.19,0.00,0.00,3.30,0.00,0.00,0.00,64.84
10:46:00,6,14.89,0.00,12.77,0.00,0.00,5.32,0.00,0.00,0.00,67.02
10:46:00,7,13.40,0.00,12.37,0.00,0.00,6.19,0.00,0.00,0.00,68.04
10:46:00,12,16.48,0.00,10.99,0.00,0.00,4.40,0.00,0.00,0.00,68.13
10:46:00,13,14.89,0.00,12.77,0.00,0.00,5.32,0.00,0.00,0.00,67.02
10:46:00,14,15.96,0.00,13.83,0.00,0.00,4.26,0.00,0.00,0.00,65.96
10:46:00,15,11.58,0.00,13.68,0.00,0.00,5.26,0.00,0.00,0.00,69.47
10:46:01,4,17.20,0.00,11.83,0.00,0.00,6.45,0.00,0.00,0.00,64.52
10:46:01,5,17.02,0.00,12.77,0.00,0.00,5.32,0.00,0.00,0.00,64.89
10:46:01,6,15.56,0.00,11.11,0.00,0.00,4.44,0.00,0.00,0.00,68.89
10:46:01,7,12.22,0.00,13.33,0.00,0.00,4.44,0.00,0.00,0.00,70.00
10:46:01,12,16.13,0.00,12.90,0.00,0.00,5.38,0.00,0.00,0.00,65.59
10:46:01,13,17.39,0.00,13.04,0.00,0.00,4.35,0.00,0.00,0.00,65.22
10:46:01,14,17.20,0.00,13.98,0.00,0.00,5.38,0.00,0.00,0.00,63.44
10:46:01,15,15.05,0.00,13.98,0.00,0.00,3.23,0.00,0.00,0.00,67.74
10:46:02,4,15.05,0.00,12.90,0.00,0.00,3.23,0.00,0.00,0.00,68.82
10:46:02,5,15.22,0.00,16.30,0.00,0.00,4.35,0.00,0.00,0.00,64.13
10:46:02,6,16.13,0.00,11.83,0.00,0.00,5.38,0.00,0.00,0.00,66.67
10:46:02,7,14.58,0.00,12.50,0.00,0.00,6.25,0.00,0.00,0.00,66.67
10:46:02,12,14.74,0.00,13.68,0.00,0.00,5.26,0.00,0.00,0.00,66.32
10:46:02,13,14.89,0.00,13.83,0.00,0.00,4.26,0.00,0.00,0.00,67.02
10:46:02,14,14.13,0.00,11.96,0.00,0.00,4.35,0.00,0.00,0.00,69.57
10:46:02,15,14.58,0.00,12.50,0.00,0.00,5.21,0.00,0.00,0.00,67.71
10:46:03,4,16.13,0.00,13.98,0.00,0.00,6.45,0.00,0.00,0.00,63.44
10:46:03,5,15.22,0.00,13.04,0.00,0.00,5.43,0.00,0.00,0.00,66.30
10:46:03,6,13.19,0.00,12.09,0.00,0.00,4.40,0.00,0.00,0.00,70.33
10:46:03,7,13.04,0.00,11.96,0.00,0.00,4.35,0.00,0.00,0.00,70.65
10:46:03,12,16.30,0.00,14.13,0.00,0.00,5.43,0.00,0.00,0.00,64.13
10:46:03,13,15.22,0.00,14.13,0.00,0.00,5.43,0.00,0.00,0.00,65.22
10:46:03,14,14.89,0.00,13.83,0.00,0.00,4.26,0.00,0.00,0.00,67.02
10:46:03,15,12.90,0.00,11.83,0.00,0.00,5.38,0.00,0.00,0.00,69.89
10:46:04,4,15.38,0.00,10.99,0.00,0.00,5.49,0.00,0.00,0.00,68.13
10:46:04,5,14.89,0.00,12.77,0.00,0.00,5.32,0.00,0.00,0.00,67.02
10:46:04,6,15.96,0.00,11.70,0.00,0.00,4.26,0.00,0.00,0.00,68.09
10:46:04,7,12.77,0.00,12.77,0.00,0.00,5.32,0.00,0.00,0.00,69.15
10:46:04,12,15.96,0.00,12.77,0.00,0.00,5.32,0.00,0.00,0.00,65.96
10:46:04,13,14.77,0.00,14.77,0.00,0.00,3.41,0.00,0.00,0.00,67.05
10:46:04,14,16.48,0.00,10.99,0.00,0.00,4.40,0.00,0.00,0.00,68.13
10:46:04,15,15.38,0.00,12.09,0.00,0.00,3.30,0.00,0.00,0.00,69.23
10:46:05,4,15.22,0.00,11.96,0.00,0.00,6.52,0.00,0.00,0.00,66.30
10:46:05,5,16.48,0.00,14.29,0.00,0.00,5.49,0.00,0.00,0.00,63.74
10:46:05,6,16.30,0.00,11.96,0.00,0.00,4.35,0.00,0.00,0.00,67.39
10:46:05,7,12.77,0.00,13.83,0.00,0.00,4.26,0.00,0.00,0.00,69.15
10:46:05,12,14.89,0.00,12.77,0.00,0.00,4.26,0.00,0.00,0.00,68.09
10:46:05,13,15.79,0.00,13.68,0.00,0.00,6.32,0.00,0.00,0.00,64.21
10:46:05,14,13.98,0.00,11.83,0.00,0.00,5.38,0.00,0.00,0.00,68.82
10:46:05,15,14.74,0.00,12.63,0.00,0.00,3.16,0.00,0.00,0.00,69.47
10:46:06,4,15.05,0.00,15.05,0.00,0.00,3.23,0.00,0.00,0.00,66.67
10:46:06,5,15.22,0.00,14.13,0.00,0.00,4.35,0.00,0.00,0.00,66.30
10:46:06,6,15.79,0.00,14.74,0.00,0.00,5.26,0.00,0.00,0.00,64.21
10:46:06,7,13.33,0.00,12.22,0.00,0.00,3.33,0.00,0.00,0.00,71.11
10:46:06,12,15.38,0.00,15.38,0.00,0.00,5.49,0.00,0.00,0.00,63.74
10:46:06,13,17.58,0.00,13.19,0.00,0.00,4.40,0.00,0.00,0.00,64.84
10:46:06,14,17.89,0.00,12.63,0.00,0.00,4.21,0.00,0.00,0.00,65.26
10:46:06,15,15.22,0.00,10.87,0.00,0.00,4.35,0.00,0.00,0.00,69.57
10:46:07,4,15.22,0.00,14.13,0.00,0.00,5.43,0.00,0.00,0.00,65.22
10:46:07,5,14.13,0.00,11.96,0.00,0.00,6.52,0.00,0.00,0.00,67.39
10:46:07,6,14.29,0.00,10.99,0.00,0.00,5.49,0.00,0.00,0.00,69.23
10:46:07,7,12.50,0.00,13.54,0.00,0.00,5.21,0.00,0.00,0.00,68.75
10:46:07,12,14.13,0.00,13.04,0.00,0.00,4.35,0.00,0.00,0.00,68.48
10:46:07,13,15.56,0.00,11.11,0.00,0.00,5.56,0.00,0.00,0.00,67.78
10:46:07,14,17.02,0.00,11.70,0.00,0.00,3.19,0.00,0.00,0.00,68.09
10:46:07,15,13.54,0.00,13.54,0.00,0.00,4.17,0.00,0.00,0.00,68.75
10:46:08,4,13.98,0.00,13.98,0.00,0.00,5.38,0.00,0.00,0.00,66.67
10:46:08,5,16.30,0.00,13.04,0.00,0.00,4.35,0.00,0.00,0.00,66.30
10:46:08,6,16.48,0.00,10.99,0.00,0.00,4.40,0.00,0.00,0.00,68.13
10:46:08,7,15.22,0.00,11.96,0.00,0.00,3.26,0.00,0.00,0.00,69.57
10:46:08,12,16.13,0.00,11.83,0.00,0.00,5.38,0.00,0.00,0.00,66.67
10:46:08,13,17.20,0.00,12.90,0.00,0.00,4.30,0.00,0.00,0.00,65.59
10:46:08,14,14.13,0.00,11.96,0.00,0.00,5.43,0.00,0.00,0.00,68.48
10:46:08,15,13.04,0.00,13.04,0.00,0.00,3.26,0.00,0.00,0.00,70.65
10:46:09,4,15.96,0.00,13.83,0.00,0.00,4.26,0.00,0.00,0.00,65.96
10:46:09,5,18.68,0.00,10.99,0.00,0.00,3.30,0.00,0.00,0.00,67.03
10:46:09,6,15.56,0.00,11.11,0.00,0.00,4.44,0.00,0.00,0.00,68.89
10:46:09,7,12.63,0.00,12.63,0.00,0.00,5.26,0.00,0.00,0.00,69.47
10:46:09,12,14.13,0.00,13.04,0.00,0.00,4.35,0.00,0.00,0.00,68.48
10:46:09,13,15.96,0.00,15.96,0.00,0.00,4.26,0.00,0.00,0.00,63.83
10:46:09,14,17.02,0.00,13.83,0.00,0.00,4.26,0.00,0.00,0.00,64.89
10:46:09,15,14.74,0.00,12.63,0.00,0.00,5.26,0.00,0.00,0.00,67.37
10:46:10,4,15.38,0.00,12.09,0.00,0.00,3.30,0.00,0.00,0.00,69.23
10:46:10,5,15.38,0.00,12.09,0.00,0.00,4.40,0.00,0.00,0.00,68.13
10:46:10,6,17.20,0.00,12.90,0.00,0.00,3.23,0.00,0.00,0.00,66.67
10:46:10,7,13.54,0.00,11.46,0.00,0.00,6.25,0.00,0.00,0.00,68.75
10:46:10,12,16.84,0.00,13.68,0.00,0.00,4.21,0.00,0.00,0.00,65.26
10:46:10,13,15.73,0.00,12.36,0.00,0.00,4.49,0.00,0.00,0.00,67.42
10:46:10,14,15.22,0.00,11.96,0.00,0.00,4.35,0.00,0.00,0.00,68.48
10:46:10,15,13.19,0.00,12.09,0.00,0.00,4.40,0.00,0.00,0.00,70.33
10:46:11,4,17.39,0.00,10.87,0.00,0.00,5.43,0.00,0.00,0.00,66.30
10:46:11,5,16.30,0.00,14.13,0.00,0.00,5.43,0.00,0.00,0.00,64.13
10:46:11,6,14.13,0.00,11.96,0.00,0.00,5.43,0.00,0.00,0.00,68.48
10:46:11,7,13.19,0.00,10.99,0.00,0.00,5.49,0.00,0.00,0.00,70.33
10:46:11,12,16.48,0.00,13.19,0.00,0.00,4.40,0.00,0.00,0.00,65.93
10:46:11,13,20.43,0.00,13.98,0.00,0.00,5.38,0.00,0.00,0.00,60.22
10:46:11,14,13.33,0.00,13.33,0.00,0.00,4.44,0.00,0.00,0.00,68.89
10:46:11,15,14.29,0.00,12.09,0.00,0.00,3.30,0.00,0.00,0.00,70.33
10:46:12,4,14.89,0.00,12.77,0.00,0.00,5.32,0.00,0.00,0.00,67.02
10:46:12,5,15.22,0.00,13.04,0.00,0.00,5.43,0.00,0.00,0.00,66.30
10:46:12,6,18.09,0.00,12.77,0.00,0.00,3.19,0.00,0.00,0.00,65.96
10:46:12,7,14.29,0.00,10.99,0.00,0.00,4.40,0.00,0.00,0.00,70.33
10:46:12,12,17.02,0.00,13.83,0.00,0.00,4.26,0.00,0.00,0.00,64.89
10:46:12,13,16.30,0.00,14.13,0.00,0.00,4.35,0.00,0.00,0.00,65.22
10:46:12,14,15.96,0.00,11.70,0.00,0.00,5.32,0.00,0.00,0.00,67.02
10:46:12,15,13.83,0.00,12.77,0.00,0.00,4.26,0.00,0.00,0.00,69.15
10:46:13,4,15.96,0.00,12.77,0.00,0.00,5.32,0.00,0.00,0.00,65.96
10:46:13,5,15.96,0.00,13.83,0.00,0.00,4.26,0.00,0.00,0.00,65.96
10:46:13,6,13.98,0.00,12.90,2.15,0.00,4.30,0.00,0.00,0.00,66.67
10:46:13,7,13.68,0.00,12.63,0.00,0.00,5.26,0.00,0.00,0.00,68.42
10:46:13,12,13.48,0.00,15.73,0.00,0.00,4.49,0.00,0.00,0.00,66.29
10:46:13,13,15.22,0.00,13.04,2.17,0.00,5.43,0.00,0.00,0.00,64.13
10:46:13,14,14.13,0.00,14.13,0.00,0.00,4.35,0.00,0.00,0.00,67.39
10:46:13,15,14.89,0.00,12.77,0.00,0.00,4.26,0.00,0.00,0.00,68.09
10:46:14,4,16.30,0.00,10.87,0.00,0.00,4.35,0.00,0.00,0.00,68.48
10:46:14,5,14.74,0.00,13.68,0.00,0.00,6.32,0.00,0.00,0.00,65.26
10:46:14,6,13.98,0.00,11.83,0.00,0.00,6.45,0.00,0.00,0.00,67.74
10:46:14,7,15.79,0.00,11.58,0.00,0.00,6.32,0.00,0.00,0.00,66.32
10:46:14,12,15.05,0.00,13.98,0.00,0.00,5.38,0.00,0.00,0.00,65.59
10:46:14,13,17.02,0.00,11.70,0.00,0.00,4.26,0.00,0.00,0.00,67.02
10:46:14,14,17.02,0.00,12.77,0.00,0.00,4.26,0.00,0.00,0.00,65.96
10:46:14,15,14.89,0.00,11.70,0.00,0.00,6.38,0.00,0.00,0.00,67.02
10:46:15,4,15.38,0.00,13.19,0.00,0.00,5.49,0.00,0.00,0.00,65.93
10:46:15,5,15.73,0.00,10.11,0.00,0.00,4.49,0.00,0.00,0.00,69.66
10:46:15,6,15.56,0.00,10.00,0.00,0.00,4.44,0.00,0.00,0.00,70.00
10:46:15,7,13.98,0.00,11.83,0.00,0.00,3.23,0.00,0.00,0.00,70.97
10:46:15,12,17.39,0.00,15.22,0.00,0.00,3.26,0.00,0.00,0.00,64.13
10:46:15,13,12.36,0.00,14.61,0.00,0.00,4.49,0.00,0.00,0.00,68.54
10:46:15,14,16.13,0.00,11.83,0.00,0.00,4.30,0.00,0.00,0.00,67.74
10:46:15,15,12.90,0.00,12.90,0.00,0.00,5.38,0.00,0.00,0.00,68.82
10:46:16,4,14.13,0.00,13.04,0.00,0.00,4.35,0.00,0.00,0.00,68.48
10:46:16,5,17.20,0.00,13.98,0.00,0.00,5.38,0.00,0.00,0.00,63.44
10:46:16,6,17.58,0.00,12.09,0.00,0.00,4.40,0.00,0.00,0.00,65.93
10:46:16,7,15.22,0.00,11.96,0.00,0.00,4.35,0.00,0.00,0.00,68.48
10:46:16,12,13.83,0.00,12.77,0.00,0.00,7.45,0.00,0.00,0.00,65.96
10:46:16,13,19.79,0.00,13.54,0.00,0.00,5.21,0.00,0.00,0.00,61.46
10:46:16,14,15.05,0.00,12.90,0.00,0.00,5.38,0.00,0.00,0.00,66.67
10:46:16,15,15.79,0.00,13.68,0.00,0.00,3.16,0.00,0.00,0.00,67.37
10:46:17,4,15.56,0.00,13.33,0.00,0.00,4.44,0.00,0.00,0.00,66.67
10:46:17,5,15.91,0.00,12.50,0.00,0.00,3.41,0.00,0.00,0.00,68.18
10:46:17,6,14.13,0.00,10.87,0.00,0.00,5.43,0.00,0.00,0.00,69.57
10:46:17,7,12.63,0.00,13.68,0.00,0.00,5.26,0.00,0.00,0.00,68.42
10:46:17,12,18.09,0.00,12.77,0.00,0.00,4.26,0.00,0.00,0.00,64.89
10:46:17,13,16.13,0.00,16.13,0.00,0.00,4.30,0.00,0.00,0.00,63.44
10:46:17,14,15.62,0.00,14.58,0.00,0.00,5.21,0.00,0.00,0.00,64.58
10:46:17,15,10.99,0.00,13.19,0.00,0.00,4.40,0.00,0.00,0.00,71.43
10:46:18,4,16.67,0.00,11.11,0.00,0.00,5.56,0.00,0.00,0.00,66.67
10:46:18,5,17.02,0.00,11.70,0.00,0.00,5.32,0.00,0.00,0.00,65.96
10:46:18,6,16.13,0.00,11.83,0.00,0.00,5.38,0.00,0.00,0.00,66.67
10:46:18,7,14.13,0.00,11.96,0.00,0.00,3.26,0.00,0.00,0.00,70.65
10:46:18,12,15.96,0.00,13.83,0.00,0.00,4.26,0.00,0.00,0.00,65.96
10:46:18,13,16.30,0.00,11.96,0.00,0.00,5.43,0.00,0.00,0.00,66.30
10:46:18,14,15.05,0.00,12.90,1.08,0.00,5.38,0.00,0.00,0.00,65.59
10:46:18,15,13.98,0.00,11.83,0.00,0.00,5.38,0.00,0.00,0.00,68.82
10:46:19,4,14.89,0.00,14.89,0.00,0.00,5.32,0.00,0.00,0.00,64.89
10:46:19,5,16.84,0.00,11.58,0.00,0.00,6.32,0.00,0.00,0.00,65.26
10:46:19,6,15.38,0.00,12.09,0.00,0.00,4.40,0.00,0.00,0.00,68.13
10:46:19,7,12.90,0.00,11.83,0.00,0.00,4.30,0.00,0.00,0.00,70.97
10:46:19,12,16.30,0.00,10.87,0.00,0.00,4.35,0.00,0.00,0.00,68.48
10:46:19,13,16.13,0.00,13.98,0.00,0.00,5.38,0.00,0.00,0.00,64.52
10:46:19,14,18.09,0.00,11.70,0.00,0.00,5.32,0.00,0.00,0.00,64.89
10:46:19,15,13.83,0.00,12.77,0.00,0.00,4.26,0.00,0.00,0.00,69.15
10:46:20,4,17.39,0.00,15.22,0.00,0.00,3.26,0.00,0.00,0.00,64.13
10:46:20,5,15.05,0.00,13.98,0.00,0.00,6.45,0.00,0.00,0.00,64.52
10:46:20,6,15.22,0.00,13.04,0.00,0.00,5.43,0.00,0.00,0.00,66.30
10:46:20,7,13.19,0.00,12.09,0.00,0.00,5.49,0.00,0.00,0.00,69.23
10:46:20,12,14.89,0.00,13.83,0.00,0.00,4.26,0.00,0.00,0.00,67.02
10:46:20,13,18.28,0.00,11.83,0.00,0.00,4.30,0.00,0.00,0.00,65.59
10:46:20,14,15.22,0.00,11.96,0.00,0.00,5.43,0.00,0.00,0.00,67.39
10:46:20,15,16.84,0.00,10.53,0.00,0.00,4.21,0.00,0.00,0.00,68.42
10:46:21,4,18.75,0.00,15.62,0.00,0.00,5.21,0.00,0.00,0.00,60.42
10:46:21,5,17.20,0.00,12.90,0.00,0.00,4.30,0.00,0.00,0.00,65.59
10:46:21,6,14.61,0.00,12.36,0.00,0.00,4.49,0.00,0.00,0.00,68.54
10:46:21,7,16.13,0.00,10.75,0.00,0.00,5.38,0.00,0.00,0.00,67.74
10:46:21,12,17.20,0.00,11.83,0.00,0.00,5.38,0.00,0.00,0.00,65.59
10:46:21,13,15.05,0.00,12.90,0.00,0.00,4.30,0.00,0.00,0.00,67.74
10:46:21,14,14.89,0.00,12.77,0.00,0.00,6.38,0.00,0.00,0.00,65.96
10:46:21,15,16.13,0.00,11.83,0.00,0.00,5.38,0.00,0.00,0.00,66.67
10:46:22,4,14.89,0.00,14.89,0.00,0.00,5.32,0.00,0.00,0.00,64.89
10:46:22,5,16.48,0.00,10.99,0.00,0.00,4.40,0.00,0.00,0.00,68.13
10:46:22,6,16.13,0.00,12.90,0.00,0.00,5.38,0.00,0.00,0.00,65.59
10:46:22,7,12.90,0.00,11.83,0.00,0.00,5.38,0.00,0.00,0.00,69.89
10:46:22,12,16.67,0.00,12.22,0.00,0.00,5.56,0.00,0.00,0.00,65.56
10:46:22,13,15.22,0.00,13.04,0.00,0.00,5.43,0.00,0.00,0.00,66.30
10:46:22,14,13.48,0.00,12.36,0.00,0.00,5.62,0.00,0.00,0.00,68.54
10:46:22,15,15.62,0.00,12.50,0.00,0.00,5.21,0.00,0.00,0.00,66.67
10:46:23,4,16.48,0.00,13.19,0.00,0.00,4.40,0.00,0.00,0.00,65.93
10:46:23,5,16.48,0.00,14.29,0.00,0.00,5.49,0.00,0.00,0.00,63.74
10:46:23,6,14.13,0.00,10.87,0.00,0.00,5.43,0.00,0.00,0.00,69.57
10:46:23,7,13.83,0.00,11.70,0.00,0.00,5.32,0.00,0.00,0.00,69.15
10:46:23,12,15.96,0.00,14.89,0.00,0.00,5.32,0.00,0.00,0.00,63.83
10:46:23,13,16.30,0.00,11.96,0.00,0.00,5.43,0.00,0.00,0.00,66.30
10:46:23,14,14.74,0.00,13.68,0.00,0.00,5.26,0.00,0.00,0.00,66.32
10:46:23,15,16.13,0.00,10.75,0.00,0.00,3.23,0.00,0.00,0.00,69.89
10:46:24,4,15.79,0.00,13.68,0.00,0.00,5.26,0.00,0.00,0.00,65.26
10:46:24,5,16.13,0.00,13.98,0.00,0.00,4.30,0.00,0.00,0.00,65.59
10:46:24,6,15.38,0.00,12.09,0.00,0.00,4.40,0.00,0.00,0.00,68.13
10:46:24,7,14.29,0.00,12.09,0.00,0.00,4.40,0.00,0.00,0.00,69.23
10:46:24,12,17.89,0.00,11.58,0.00,0.00,4.21,0.00,0.00,0.00,66.32
10:46:24,13,15.96,0.00,12.77,0.00,0.00,5.32,0.00,0.00,0.00,65.96
10:46:24,14,13.48,0.00,12.36,0.00,0.00,4.49,0.00,0.00,0.00,69.66
10:46:24,15,13.19,0.00,10.99,0.00,0.00,4.40,0.00,0.00,0.00,71.43
10:46:25,4,14.13,0.00,13.04,0.00,0.00,4.35,0.00,0.00,0.00,68.48
10:46:25,5,15.96,0.00,12.77,0.00,0.00,5.32,0.00,0.00,0.00,65.96
10:46:25,6,14.89,0.00,12.77,0.00,0.00,5.32,0.00,0.00,0.00,67.02
10:46:25,7,12.09,0.00,12.09,0.00,0.00,4.40,0.00,0.00,0.00,71.43
10:46:25,12,13.98,0.00,13.98,0.00,0.00,5.38,0.00,0.00,0.00,66.67
10:46:25,13,13.04,0.00,13.04,0.00,0.00,5.43,0.00,0.00,0.00,68.48
10:46:25,14,15.22,0.00,13.04,0.00,0.00,4.35,0.00,0.00,0.00,67.39
10:46:25,15,13.04,0.00,10.87,0.00,0.00,5.43,0.00,0.00,0.00,70.65
10:46:26,4,18.28,0.00,12.90,0.00,0.00,4.30,0.00,0.00,0.00,64.52
10:46:26,5,15.05,0.00,13.98,0.00,0.00,4.30,0.00,0.00,0.00,66.67
10:46:26,6,14.13,0.00,13.04,0.00,0.00,4.35,0.00,0.00,0.00,68.48
10:46:26,7,12.09,0.00,12.09,0.00,0.00,4.40,0.00,0.00,0.00,71.43
10:46:26,12,14.89,0.00,13.83,0.00,0.00,5.32,0.00,0.00,0.00,65.96
10:46:26,13,14.13,0.00,14.13,0.00,0.00,4.35,0.00,0.00,0.00,67.39
10:46:26,14,15.05,0.00,13.98,0.00,0.00,5.38,0.00,0.00,0.00,65.59
10:46:26,15,15.22,0.00,10.87,0.00,0.00,4.35,0.00,0.00,0.00,69.57
10:46:27,4,15.62,0.00,14.58,0.00,0.00,6.25,0.00,0.00,0.00,63.54
10:46:27,5,15.22,0.00,11.96,0.00,0.00,7.61,0.00,0.00,0.00,65.22
10:46:27,6,15.22,0.00,16.30,0.00,0.00,4.35,0.00,0.00,0.00,64.13
10:46:27,7,12.77,0.00,12.77,0.00,0.00,5.32,0.00,0.00,0.00,69.15
10:46:27,12,13.98,0.00,16.13,0.00,0.00,4.30,0.00,0.00,0.00,65.59
10:46:27,13,17.71,0.00,13.54,0.00,0.00,6.25,0.00,0.00,0.00,62.50
10:46:27,14,17.20,0.00,12.90,0.00,0.00,5.38,0.00,0.00,0.00,64.52
10:46:27,15,14.89,0.00,12.77,0.00,0.00,5.32,0.00,0.00,0.00,67.02
10:46:28,4,15.38,0.00,13.19,0.00,0.00,4.40,0.00,0.00,0.00,67.03
10:46:28,5,16.84,0.00,15.79,0.00,0.00,4.21,0.00,0.00,0.00,63.16
10:46:28,6,16.30,0.00,11.96,0.00,0.00,4.35,0.00,0.00,0.00,67.39
10:46:28,7,13.83,0.00,12.77,0.00,0.00,5.32,0.00,0.00,0.00,68.09
10:46:28,12,16.13,0.00,11.83,0.00,0.00,5.38,0.00,0.00,0.00,66.67
10:46:28,13,14.13,0.00,13.04,0.00,0.00,5.43,0.00,0.00,0.00,67.39
10:46:28,14,16.13,0.00,11.83,1.08,0.00,4.30,0.00,0.00,0.00,66.67
10:46:28,15,12.09,0.00,12.09,0.00,0.00,4.40,0.00,0.00,0.00,71.43
10:46:29,4,15.22,0.00,13.04,0.00,0.00,5.43,0.00,0.00,0.00,66.30
10:46:29,5,17.89,0.00,13.68,0.00,0.00,3.16,0.00,0.00,0.00,65.26
10:46:29,6,13.68,0.00,14.74,0.00,0.00,5.26,0.00,0.00,0.00,66.32
10:46:29,7,15.22,0.00,9.78,0.00,0.00,4.35,0.00,0.00,0.00,70.65
10:46:29,12,13.68,0.00,13.68,0.00,0.00,5.26,0.00,0.00,0.00,67.37
10:46:29,13,15.73,0.00,12.36,0.00,0.00,5.62,0.00,0.00,0.00,66.29
10:46:29,14,15.96,0.00,12.77,0.00,0.00,5.32,0.00,0.00,0.00,65.96
10:46:29,15,17.71,0.00,10.42,0.00,0.00,4.17,0.00,0.00,0.00,67.71
10:46:30,4,14.13,0.00,13.04,0.00,0.00,4.35,0.00,0.00,0.00,68.48
10:46:30,5,15.96,0.00,11.70,0.00,0.00,5.32,0.00,0.00,0.00,67.02
10:46:30,6,15.22,0.00,11.96,0.00,0.00,4.35,0.00,0.00,0.00,68.48
10:46:30,7,15.05,0.00,12.90,0.00,0.00,4.30,0.00,0.00,0.00,67.74
10:46:30,12,16.84,0.00,13.68,0.00,0.00,4.21,0.00,0.00,0.00,65.26
10:46:30,13,13.19,0.00,13.19,0.00,0.00,4.40,0.00,0.00,0.00,69.23
10:46:30,14,14.29,0.00,13.19,0.00,0.00,4.40,0.00,0.00,0.00,68.13
10:46:30,15,14.13,0.00,13.04,0.00,0.00,4.35,0.00,0.00,0.00,68.48
10:46:31,4,15.22,0.00,10.87,0.00,0.00,4.35,0.00,0.00,0.00,69.57
10:46:31,5,13.83,0.00,13.83,0.00,0.00,5.32,0.00,0.00,0.00,67.02
10:46:31,6,15.22,0.00,11.96,0.00,0.00,4.35,0.00,0.00,0.00,68.48
10:46:31,7,15.79,0.00,11.58,0.00,0.00,5.26,0.00,0.00,0.00,67.37
10:46:31,12,15.79,0.00,12.63,0.00,0.00,4.21,0.00,0.00,0.00,67.37
10:46:31,13,15.96,0.00,13.83,0.00,0.00,5.32,0.00,0.00,0.00,64.89
10:46:31,14,13.04,0.00,14.13,0.00,0.00,4.35,0.00,0.00,0.00,68.48
10:46:31,15,15.22,0.00,11.96,0.00,0.00,4.35,0.00,0.00,0.00,68.48
10:46:32,4,16.48,0.00,14.29,0.00,0.00,5.49,0.00,0.00,0.00,63.74
10:46:32,5,20.43,0.00,13.98,0.00,0.00,5.38,0.00,0.00,0.00,60.22
10:46:32,6,13.33,0.00,13.33,0.00,0.00,4.44,0.00,0.00,0.00,68.89
10:46:32,7,12.90,0.00,13.98,0.00,0.00,4.30,0.00,0.00,0.00,68.82
10:46:32,12,13.33,0.00,14.44,0.00,0.00,4.44,0.00,0.00,0.00,67.78
10:46:32,13,18.09,0.00,14.89,0.00,0.00,5.32,0.00,0.00,0.00,61.70
10:46:32,14,17.02,0.00,11.70,0.00,0.00,5.32,0.00,0.00,0.00,65.96
10:46:32,15,13.83,0.00,12.77,0.00,0.00,4.26,0.00,0.00,0.00,69.15
10:46:33,4,14.44,0.00,15.56,0.00,0.00,4.44,0.00,0.00,0.00,65.56
10:46:33,5,17.05,0.00,11.36,0.00,0.00,3.41,0.00,0.00,0.00,68.18
10:46:33,6,18.09,0.00,10.64,0.00,0.00,7.45,0.00,0.00,0.00,63.83
10:46:33,7,14.13,0.00,11.96,0.00,0.00,4.35,0.00,0.00,0.00,69.57
10:46:33,12,15.05,0.00,11.83,0.00,0.00,5.38,0.00,0.00,0.00,67.74
10:46:33,13,16.13,0.00,10.75,0.00,0.00,6.45,0.00,0.00,0.00,66.67
10:46:33,14,15.96,0.00,12.77,0.00,0.00,4.26,0.00,0.00,0.00,67.02
10:46:33,15,13.68,0.00,13.68,1.05,0.00,4.21,0.00,0.00,0.00,67.37
10:46:34,4,15.38,0.00,12.09,0.00,0.00,4.40,0.00,0.00,0.00,68.13
10:46:34,5,15.38,0.00,14.29,0.00,0.00,4.40,0.00,0.00,0.00,65.93
10:46:34,6,15.22,0.00,13.04,0.00,0.00,4.35,0.00,0.00,0.00,67.39
10:46:34,7,15.05,0.00,11.83,0.00,0.00,3.23,0.00,0.00,0.00,69.89
10:46:34,12,14.44,0.00,12.22,0.00,0.00,3.33,0.00,0.00,0.00,70.00
10:46:34,13,16.13,0.00,16.13,0.00,0.00,4.30,0.00,0.00,0.00,63.44
10:46:34,14,16.30,0.00,10.87,0.00,0.00,4.35,0.00,0.00,0.00,68.48
10:46:34,15,15.05,0.00,11.83,0.00,0.00,4.30,0.00,0.00,0.00,68.82
10:46:35,4,15.22,0.00,14.13,0.00,0.00,5.43,0.00,0.00,0.00,65.22
10:46:35,5,15.56,0.00,12.22,0.00,0.00,4.44,0.00,0.00,0.00,67.78
10:46:35,6,15.38,0.00,13.19,0.00,0.00,5.49,0.00,0.00,0.00,65.93
10:46:35,7,13.19,0.00,10.99,0.00,0.00,5.49,0.00,0.00,0.00,70.33
10:46:35,12,14.89,0.00,13.83,0.00,0.00,4.26,0.00,0.00,0.00,67.02
10:46:35,13,13.98,0.00,13.98,0.00,0.00,5.38,0.00,0.00,0.00,66.67
10:46:35,14,14.44,0.00,11.11,0.00,0.00,3.33,0.00,0.00,0.00,71.11
10:46:35,15,12.77,0.00,10.64,0.00,0.00,5.32,0.00,0.00,0.00,71.28
10:46:36,4,15.96,0.00,13.83,0.00,0.00,4.26,0.00,0.00,0.00,65.96
10:46:36,5,17.89,0.00,12.63,0.00,0.00,5.26,0.00,0.00,0.00,64.21
10:46:36,6,14.74,0.00,13.68,0.00,0.00,4.21,0.00,0.00,0.00,67.37
10:46:36,7,14.13,0.00,11.96,0.00,0.00,5.43,0.00,0.00,0.00,68.48
10:46:36,12,14.13,0.00,11.96,0.00,0.00,6.52,0.00,0.00,0.00,67.39
10:46:36,13,15.05,0.00,12.90,0.00,0.00,4.30,0.00,0.00,0.00,67.74
10:46:36,14,15.05,0.00,12.90,0.00,0.00,4.30,0.00,0.00,0.00,67.74
10:46:36,15,14.13,0.00,11.96,0.00,0.00,5.43,0.00,0.00,0.00,68.48
10:46:37,4,15.38,0.00,13.19,0.00,0.00,4.40,0.00,0.00,0.00,67.03
10:46:37,5,21.51,0.00,15.05,0.00,0.00,5.38,0.00,0.00,0.00,58.06
10:46:37,6,18.28,0.00,12.90,0.00,0.00,5.38,0.00,0.00,0.00,63.44
10:46:37,7,12.90,0.00,13.98,0.00,0.00,5.38,0.00,0.00,0.00,67.74
10:46:37,12,15.96,0.00,12.77,0.00,0.00,5.32,0.00,0.00,0.00,65.96
10:46:37,13,16.30,0.00,14.13,0.00,0.00,5.43,0.00,0.00,0.00,64.13
10:46:37,14,15.05,0.00,12.90,0.00,0.00,6.45,0.00,0.00,0.00,65.59
10:46:37,15,15.22,0.00,11.96,0.00,0.00,3.26,0.00,0.00,0.00,69.57
10:46:38,4,16.30,0.00,13.04,1.09,0.00,4.35,0.00,0.00,0.00,65.22
10:46:38,5,14.13,0.00,15.22,0.00,0.00,5.43,0.00,0.00,0.00,65.22
10:46:38,6,12.77,0.00,13.83,0.00,0.00,5.32,0.00,0.00,0.00,68.09
10:46:38,7,13.68,0.00,11.58,0.00,0.00,4.21,0.00,0.00,0.00,70.53
10:46:38,12,16.30,0.00,11.96,1.09,0.00,4.35,0.00,0.00,0.00,66.30
10:46:38,13,18.28,0.00,11.83,0.00,0.00,6.45,0.00,0.00,0.00,63.44
10:46:38,14,14.13,0.00,14.13,0.00,0.00,5.43,0.00,0.00,0.00,66.30
10:46:38,15,13.04,0.00,13.04,0.00,0.00,4.35,0.00,0.00,0.00,69.57
10:46:39,4,14.89,0.00,12.77,0.00,0.00,6.38,0.00,0.00,0.00,65.96
10:46:39,5,16.48,0.00,12.09,0.00,0.00,5.49,0.00,0.00,0.00,65.93
10:46:39,6,15.96,0.00,14.89,0.00,0.00,4.26,0.00,0.00,0.00,64.89
10:46:39,7,11.96,0.00,11.96,0.00,0.00,5.43,0.00,0.00,0.00,70.65
10:46:39,12,14.44,0.00,14.44,0.00,0.00,3.33,0.00,0.00,0.00,67.78
10:46:39,13,14.13,0.00,14.13,0.00,0.00,5.43,0.00,0.00,0.00,66.30
10:46:39,14,14.44,0.00,12.22,0.00,0.00,4.44,0.00,0.00,0.00,68.89
10:46:39,15,13.19,0.00,10.99,0.00,0.00,4.40,0.00,0.00,0.00,71.43
10:46:40,4,17.20,0.00,13.98,0.00,0.00,4.30,0.00,0.00,0.00,64.52
10:46:40,5,17.02,0.00,12.77,0.00,0.00,4.26,0.00,0.00,0.00,65.96
10:46:40,6,16.48,0.00,10.99,0.00,0.00,4.40,0.00,0.00,0.00,68.13
10:46:40,7,13.98,0.00,10.75,0.00,0.00,5.38,0.00,0.00,0.00,69.89
10:46:40,12,15.05,0.00,11.83,0.00,0.00,6.45,0.00,0.00,0.00,66.67
10:46:40,13,15.05,0.00,17.20,0.00,0.00,4.30,0.00,0.00,0.00,63.44
10:46:40,14,14.89,0.00,12.77,0.00,0.00,5.32,0.00,0.00,0.00,67.02
10:46:40,15,13.68,0.00,12.63,0.00,0.00,4.21,0.00,0.00,0.00,69.47
10:46:41,4,16.13,0.00,11.83,0.00,0.00,5.38,0.00,0.00,0.00,66.67
10:46:41,5,17.02,0.00,11.70,0.00,0.00,5.32,0.00,0.00,0.00,65.96
10:46:41,6,15.05,0.00,12.90,0.00,0.00,6.45,0.00,0.00,0.00,65.59
10:46:41,7,15.22,0.00,11.96,0.00,0.00,4.35,0.00,0.00,0.00,68.48
10:46:41,12,15.22,0.00,11.96,0.00,0.00,4.35,0.00,0.00,0.00,68.48
10:46:41,13,15.05,0.00,13.98,0.00,0.00,5.38,0.00,0.00,0.00,65.59
10:46:41,14,17.58,0.00,8.79,0.00,0.00,5.49,0.00,0.00,0.00,68.13
10:46:41,15,15.05,0.00,10.75,0.00,0.00,5.38,0.00,0.00,0.00,68.82
10:46:42,4,16.13,0.00,13.98,0.00,0.00,5.38,0.00,0.00,0.00,64.52
10:46:42,5,18.28,0.00,12.90,0.00,0.00,4.30,0.00,0.00,0.00,64.52
10:46:42,6,15.96,0.00,14.89,0.00,0.00,4.26,0.00,0.00,0.00,64.89
10:46:42,7,15.05,0.00,12.90,0.00,0.00,5.38,0.00,0.00,0.00,66.67
10:46:42,12,14.89,0.00,13.83,0.00,0.00,5.32,0.00,0.00,0.00,65.96
10:46:42,13,15.22,0.00,13.04,0.00,0.00,5.43,0.00,0.00,0.00,66.30
10:46:42,14,16.30,0.00,13.04,0.00,0.00,4.35,0.00,0.00,0.00,66.30
10:46:42,15,16.13,0.00,11.83,0.00,0.00,5.38,0.00,0.00,0.00,66.67
10:46:43,4,15.05,0.00,13.98,0.00,0.00,5.38,0.00,0.00,0.00,65.59
10:46:43,5,15.38,0.00,12.09,0.00,0.00,4.40,0.00,0.00,0.00,68.13
10:46:43,6,15.05,0.00,12.90,0.00,0.00,4.30,0.00,0.00,0.00,67.74
10:46:43,7,13.04,0.00,13.04,0.00,0.00,4.35,0.00,0.00,0.00,69.57
10:46:43,12,16.30,0.00,13.04,0.00,0.00,5.43,0.00,0.00,0.00,65.22
10:46:43,13,14.89,0.00,12.77,0.00,0.00,6.38,0.00,0.00,0.00,65.96
10:46:43,14,13.19,0.00,13.19,0.00,0.00,4.40,0.00,0.00,0.00,69.23
10:46:43,15,12.90,0.00,11.83,0.00,0.00,5.38,0.00,0.00,0.00,69.89
10:46:44,4,17.02,0.00,11.70,0.00,0.00,5.32,0.00,0.00,0.00,65.96
10:46:44,5,16.67,0.00,11.11,0.00,0.00,4.44,0.00,0.00,0.00,67.78
10:46:44,6,14.89,0.00,12.77,0.00,0.00,5.32,0.00,0.00,0.00,67.02
10:46:44,7,13.19,0.00,10.99,0.00,0.00,5.49,0.00,0.00,0.00,70.33
10:46:44,12,15.22,0.00,11.96,0.00,0.00,5.43,0.00,0.00,0.00,67.39
10:46:44,13,15.38,0.00,16.48,0.00,0.00,4.40,0.00,0.00,0.00,63.74
10:46:44,14,13.98,0.00,13.98,0.00,0.00,5.38,0.00,0.00,0.00,66.67
10:46:44,15,15.05,0.00,11.83,0.00,0.00,5.38,0.00,0.00,0.00,67.74
10:46:45,4,15.22,0.00,14.13,0.00,0.00,5.43,0.00,0.00,0.00,65.22
10:46:45,5,14.89,0.00,12.77,0.00,0.00,5.32,0.00,0.00,0.00,67.02
10:46:45,6,14.13,0.00,14.13,0.00,0.00,4.35,0.00,0.00,0.00,67.39
10:46:45,7,14.89,0.00,10.64,0.00,0.00,4.26,0.00,0.00,0.00,70.21
10:46:45,12,17.20,0.00,13.98,0.00,0.00,5.38,0.00,0.00,0.00,63.44
10:46:45,13,13.33,0.00,13.33,0.00,0.00,5.56,0.00,0.00,0.00,67.78
10:46:45,14,15.96,0.00,12.77,0.00,0.00,5.32,0.00,0.00,0.00,65.96
10:46:45,15,15.79,0.00,11.58,0.00,0.00,4.21,0.00,0.00,0.00,68.42
10:46:46,4,15.56,0.00,13.33,0.00,0.00,3.33,0.00,0.00,0.00,67.78
10:46:46,5,15.22,0.00,13.04,0.00,0.00,4.35,0.00,0.00,0.00,67.39
10:46:46,6,15.62,0.00,12.50,0.00,0.00,5.21,0.00,0.00,0.00,66.67
10:46:46,7,13.83,0.00,12.77,0.00,0.00,4.26,0.00,0.00,0.00,69.15
10:46:46,12,14.29,0.00,13.19,0.00,0.00,4.40,0.00,0.00,0.00,68.13
10:46:46,13,16.30,0.00,14.13,0.00,0.00,4.35,0.00,0.00,0.00,65.22
10:46:46,14,15.79,0.00,12.63,0.00,0.00,5.26,0.00,0.00,0.00,66.32
10:46:46,15,14.74,0.00,13.68,0.00,0.00,4.21,0.00,0.00,0.00,67.37
10:46:47,4,17.20,0.00,12.90,0.00,0.00,3.23,0.00,0.00,0.00,66.67
10:46:47,5,18.68,0.00,13.19,0.00,0.00,4.40,0.00,0.00,0.00,63.74
10:46:47,6,14.29,0.00,14.29,0.00,0.00,6.59,0.00,0.00,0.00,64.84
10:46:47,7,15.22,0.00,10.87,0.00,0.00,5.43,0.00,0.00,0.00,68.48
10:46:47,12,18.48,0.00,18.48,0.00,0.00,3.26,0.00,0.00,0.00,59.78
10:46:47,13,17.20,0.00,13.98,0.00,0.00,4.30,0.00,0.00,0.00,64.52
10:46:47,14,15.56,0.00,11.11,0.00,0.00,5.56,0.00,0.00,0.00,67.78
10:46:47,15,15.79,0.00,11.58,0.00,0.00,4.21,0.00,0.00,0.00,68.42
10:46:48,4,17.20,0.00,13.98,0.00,0.00,4.30,0.00,0.00,0.00,64.52
10:46:48,5,15.96,0.00,13.83,2.13,0.00,4.26,0.00,0.00,0.00,63.83
10:46:48,6,15.22,0.00,14.13,0.00,0.00,5.43,0.00,0.00,0.00,65.22
10:46:48,7,15.05,0.00,11.83,0.00,0.00,4.30,0.00,0.00,0.00,68.82
10:46:48,12,16.13,0.00,11.83,1.08,0.00,6.45,0.00,0.00,0.00,64.52
10:46:48,13,17.02,0.00,11.70,0.00,0.00,5.32,0.00,0.00,0.00,65.96
10:46:48,14,15.22,0.00,10.87,0.00,0.00,5.43,0.00,0.00,0.00,68.48
10:46:48,15,16.30,0.00,11.96,0.00,0.00,3.26,0.00,0.00,0.00,68.48
10:46:49,4,14.89,0.00,15.96,0.00,0.00,6.38,0.00,0.00,0.00,62.77
10:46:49,5,15.38,0.00,14.29,0.00,0.00,5.49,0.00,0.00,0.00,64.84
10:46:49,6,14.29,0.00,13.19,0.00,0.00,4.40,0.00,0.00,0.00,68.13
10:46:49,7,14.13,0.00,13.04,0.00,0.00,4.35,0.00,0.00,0.00,68.48
10:46:49,12,16.30,0.00,11.96,0.00,0.00,4.35,0.00,0.00,0.00,67.39
10:46:49,13,14.29,0.00,14.29,0.00,0.00,5.49,0.00,0.00,0.00,65.93
10:46:49,14,15.22,0.00,13.04,0.00,0.00,4.35,0.00,0.00,0.00,67.39
10:46:49,15,13.83,0.00,11.70,0.00,0.00,5.32,0.00,0.00,0.00,69.15
10:46:50,4,15.38,0.00,13.19,0.00,0.00,3.30,0.00,0.00,0.00,68.13
10:46:50,5,17.02,0.00,14.89,0.00,0.00,4.26,0.00,0.00,0.00,63.83
10:46:50,6,15.22,0.00,13.04,0.00,0.00,4.35,0.00,0.00,0.00,67.39
10:46:50,7,13.83,0.00,10.64,0.00,0.00,5.32,0.00,0.00,0.00,70.21
10:46:50,12,16.30,0.00,13.04,0.00,0.00,5.43,0.00,0.00,0.00,65.22
10:46:50,13,15.22,0.00,11.96,0.00,0.00,5.43,0.00,0.00,0.00,67.39
10:46:50,14,16.30,0.00,13.04,0.00,0.00,4.35,0.00,0.00,0.00,66.30
10:46:50,15,14.74,0.00,11.58,0.00,0.00,5.26,0.00,0.00,0.00,68.42
10:46:51,4,14.89,0.00,13.83,0.00,0.00,4.26,0.00,0.00,0.00,67.02
10:46:51,5,15.22,0.00,13.04,0.00,0.00,4.35,0.00,0.00,0.00,67.39
10:46:51,6,12.90,0.00,12.90,0.00,0.00,5.38,0.00,0.00,0.00,68.82
10:46:51,7,13.83,0.00,13.83,0.00,0.00,4.26,0.00,0.00,0.00,68.09
10:46:51,12,15.05,0.00,11.83,0.00,0.00,4.30,0.00,0.00,0.00,68.82
10:46:51,13,15.05,0.00,12.90,0.00,0.00,5.38,0.00,0.00,0.00,66.67
10:46:51,14,12.90,0.00,13.98,0.00,0.00,6.45,0.00,0.00,0.00,66.67
10:46:51,15,15.05,0.00,10.75,0.00,0.00,5.38,0.00,0.00,0.00,68.82
10:46:52,4,18.09,0.00,13.83,0.00,0.00,5.32,0.00,0.00,0.00,62.77
10:46:52,5,15.05,0.00,13.98,0.00,0.00,6.45,0.00,0.00,0.00,64.52
10:46:52,6,14.44,0.00,12.22,0.00,0.00,4.44,0.00,0.00,0.00,68.89
10:46:52,7,13.19,0.00,12.09,0.00,0.00,6.59,0.00,0.00,0.00,68.13
10:46:52,12,16.48,0.00,12.09,0.00,0.00,4.40,0.00,0.00,0.00,67.03
10:46:52,13,20.65,0.00,15.22,0.00,0.00,5.43,0.00,0.00,0.00,58.70
10:46:52,14,14.13,0.00,14.13,0.00,0.00,4.35,0.00,0.00,0.00,67.39
10:46:52,15,15.79,0.00,13.68,0.00,0.00,4.21,0.00,0.00,0.00,66.32
10:46:53,4,14.13,0.00,14.13,0.00,0.00,4.35,0.00,0.00,0.00,67.39
10:46:53,5,18.48,0.00,10.87,0.00,0.00,3.26,0.00,0.00,0.00,67.39
10:46:53,6,14.89,0.00,12.77,0.00,0.00,5.32,0.00,0.00,0.00,67.02
10:46:53,7,14.74,0.00,11.58,0.00,0.00,5.26,0.00,0.00,0.00,68.42
10:46:53,12,15.05,0.00,15.05,0.00,0.00,6.45,0.00,0.00,0.00,63.44
10:46:53,13,14.29,0.00,16.48,0.00,0.00,4.40,0.00,0.00,0.00,64.84
10:46:53,14,15.96,0.00,13.83,0.00,0.00,5.32,0.00,0.00,0.00,64.89
10:46:53,15,15.05,0.00,11.83,1.08,0.00,5.38,0.00,0.00,0.00,66.67
10:46:54,4,15.79,0.00,14.74,0.00,0.00,5.26,0.00,0.00,0.00,64.21
10:46:54,5,15.79,0.00,13.68,0.00,0.00,5.26,0.00,0.00,0.00,65.26
10:46:54,6,15.73,0.00,11.24,0.00,0.00,4.49,0.00,0.00,0.00,68.54
10:46:54,7,13.33,0.00,12.22,0.00,0.00,3.33,0.00,0.00,0.00,71.11
10:46:54,12,15.22,0.00,13.04,0.00,0.00,5.43,0.00,0.00,0.00,66.30
10:46:54,13,16.67,0.00,13.54,0.00,0.00,6.25,0.00,0.00,0.00,63.54
10:46:54,14,14.29,0.00,13.19,0.00,0.00,6.59,0.00,0.00,0.00,65.93
10:46:54,15,15.05,0.00,12.90,0.00,0.00,3.23,0.00,0.00,0.00,68.82
10:46:55,4,16.30,0.00,11.96,0.00,0.00,5.43,0.00,0.00,0.00,66.30
10:46:55,5,15.38,0.00,13.19,0.00,0.00,5.49,0.00,0.00,0.00,65.93
10:46:55,6,14.29,0.00,13.19,0.00,0.00,4.40,0.00,0.00,0.00,68.13
10:46:55,7,12.90,0.00,10.75,0.00,0.00,4.30,0.00,0.00,0.00,72.04
10:46:55,12,16.13,0.00,12.90,0.00,0.00,5.38,0.00,0.00,0.00,65.59
10:46:55,13,15.22,0.00,16.30,0.00,0.00,5.43,0.00,0.00,0.00,63.04
10:46:55,14,16.48,0.00,14.29,0.00,0.00,3.30,0.00,0.00,0.00,65.93
10:46:55,15,14.13,0.00,11.96,0.00,0.00,4.35,0.00,0.00,0.00,69.57
10:46:56,4,15.05,0.00,13.98,0.00,0.00,4.30,0.00,0.00,0.00,66.67
10:46:56,5,15.56,0.00,13.33,0.00,0.00,4.44,0.00,0.00,0.00,66.67
10:46:56,6,16.30,0.00,11.96,0.00,0.00,5.43,0.00,0.00,0.00,66.30
10:46:56,7,14.74,0.00,12.63,0.00,0.00,5.26,0.00,0.00,0.00,67.37
10:46:56,12,15.05,0.00,13.98,0.00,0.00,4.30,0.00,0.00,0.00,66.67
10:46:56,13,17.20,0.00,11.83,0.00,0.00,4.30,0.00,0.00,0.00,66.67
10:46:56,14,15.79,0.00,12.63,0.00,0.00,5.26,0.00,0.00,0.00,66.32
10:46:56,15,13.98,0.00,10.75,0.00,0.00,5.38,0.00,0.00,0.00,69.89
10:46:57,4,15.96,0.00,13.83,0.00,0.00,4.26,0.00,0.00,0.00,65.96
10:46:57,5,17.89,0.00,13.68,0.00,0.00,5.26,0.00,0.00,0.00,63.16
10:46:57,6,15.96,0.00,11.70,0.00,0.00,6.38,0.00,0.00,0.00,65.96
10:46:57,7,14.74,0.00,12.63,0.00,0.00,6.32,0.00,0.00,0.00,66.32
10:46:57,12,19.79,0.00,13.54,0.00,0.00,3.12,0.00,0.00,0.00,63.54
10:46:57,13,17.02,0.00,12.77,0.00,0.00,6.38,0.00,0.00,0.00,63.83
10:46:57,14,16.30,0.00,14.13,0.00,0.00,3.26,0.00,0.00,0.00,66.30
10:46:57,15,15.38,0.00,13.19,0.00,0.00,4.40,0.00,0.00,0.00,67.03
10:46:58,4,16.84,0.00,11.58,0.00,0.00,5.26,0.00,0.00,0.00,66.32
10:46:58,5,15.96,0.00,14.89,0.00,0.00,5.32,0.00,0.00,0.00,63.83
10:46:58,6,14.13,0.00,15.22,0.00,0.00,5.43,0.00,0.00,0.00,65.22
10:46:58,7,13.33,0.00,11.11,0.00,0.00,3.33,0.00,0.00,0.00,72.22
10:46:58,12,13.19,0.00,13.19,0.00,0.00,5.49,0.00,0.00,0.00,68.13
10:46:58,13,16.49,0.00,14.43,0.00,0.00,5.15,0.00,0.00,0.00,63.92
10:46:58,14,15.05,0.00,15.05,0.00,0.00,5.38,0.00,0.00,0.00,64.52
10:46:58,15,14.89,0.00,12.77,0.00,0.00,4.26,0.00,0.00,0.00,68.09
10:46:59,4,16.13,0.00,15.05,0.00,0.00,4.30,0.00,0.00,0.00,64.52
10:46:59,5,17.58,0.00,10.99,0.00,0.00,4.40,0.00,0.00,0.00,67.03
10:46:59,6,14.89,0.00,12.77,0.00,0.00,5.32,0.00,0.00,0.00,67.02
10:46:59,7,14.13,0.00,13.04,0.00,0.00,4.35,0.00,0.00,0.00,68.48
10:46:59,12,17.02,0.00,11.70,0.00,0.00,4.26,0.00,0.00,0.00,67.02
10:46:59,13,13.48,0.00,14.61,0.00,0.00,4.49,0.00,0.00,0.00,67.42
10:46:59,14,15.22,0.00,14.13,0.00,0.00,4.35,0.00,0.00,0.00,66.30
10:46:59,15,14.89,0.00,12.77,0.00,0.00,5.32,0.00,0.00,0.00,67.02
10:47:00,4,16.13,0.00,12.90,0.00,0.00,6.45,0.00,0.00,0.00,64.52
10:47:00,5,17.02,0.00,12.77,0.00,0.00,5.32,0.00,0.00,0.00,64.89
10:47:00,6,13.04,0.00,16.30,0.00,0.00,4.35,0.00,0.00,0.00,66.30
10:47:00,7,12.77,0.00,13.83,0.00,0.00,4.26,0.00,0.00,0.00,69.15
10:47:00,12,14.29,0.00,12.09,0.00,0.00,4.40,0.00,0.00,0.00,69.23
10:47:00,13,15.96,0.00,13.83,0.00,0.00,5.32,0.00,0.00,0.00,64.89
10:47:00,14,14.74,0.00,13.68,0.00,0.00,5.26,0.00,0.00,0.00,66.32
10:47:00,15,12.90,0.00,10.75,0.00,0.00,5.38,0.00,0.00,0.00,70.97
10:47:01,4,17.20,0.00,10.75,0.00,0.00,5.38,0.00,0.00,0.00,66.67
10:47:01,5,15.05,0.00,12.90,0.00,0.00,5.38,0.00,0.00,0.00,66.67
10:47:01,6,14.61,0.00,12.36,0.00,0.00,4.49,0.00,0.00,0.00,68.54
10:47:01,7,12.90,0.00,12.90,0.00,0.00,3.23,0.00,0.00,0.00,70.97
10:47:01,12,16.30,0.00,11.96,0.00,0.00,4.35,0.00,0.00,0.00,67.39
10:47:01,13,16.30,0.00,14.13,0.00,0.00,5.43,0.00,0.00,0.00,64.13
10:47:01,14,15.56,0.00,13.33,0.00,0.00,4.44,0.00,0.00,0.00,66.67
10:47:01,15,13.04,0.00,10.87,0.00,0.00,4.35,0.00,0.00,0.00,71.74
10:47:02,4,14.89,0.00,13.83,0.00,0.00,5.32,0.00,0.00,0.00,65.96
10:47:02,5,20.00,0.00,13.33,0.00,0.00,4.44,0.00,0.00,0.00,62.22
10:47:02,6,16.67,0.00,13.54,0.00,0.00,5.21,0.00,0.00,0.00,64.58
10:47:02,7,14.89,0.00,12.77,0.00,0.00,4.26,0.00,0.00,0.00,68.09
10:47:02,12,14.29,0.00,15.38,0.00,0.00,6.59,0.00,0.00,0.00,63.74
10:47:02,13,17.20,0.00,13.98,0.00,0.00,4.30,0.00,0.00,0.00,64.52
10:47:02,14,15.05,0.00,13.98,0.00,0.00,4.30,0.00,0.00,0.00,66.67
10:47:02,15,14.13,0.00,11.96,0.00,0.00,5.43,0.00,0.00,0.00,68.48
10:47:03,4,18.28,0.00,10.75,0.00,0.00,4.30,0.00,0.00,0.00,66.67
10:47:03,5,16.67,0.00,10.00,0.00,0.00,5.56,0.00,0.00,0.00,67.78
10:47:03,6,16.13,0.00,13.98,1.08,0.00,4.30,0.00,0.00,0.00,64.52
10:47:03,7,14.74,0.00,12.63,0.00,0.00,4.21,0.00,0.00,0.00,68.42
10:47:03,12,15.96,0.00,15.96,0.00,0.00,5.32,0.00,0.00,0.00,62.77
10:47:03,13,15.96,0.00,13.83,0.00,0.00,5.32,0.00,0.00,0.00,64.89
10:47:03,14,16.48,0.00,13.19,0.00,0.00,4.40,0.00,0.00,0.00,65.93
10:47:03,15,15.79,0.00,11.58,0.00,0.00,5.26,0.00,0.00,0.00,67.37
10:47:04,4,17.89,0.00,11.58,0.00,0.00,4.21,0.00,0.00,0.00,66.32
10:47:04,5,17.58,0.00,13.19,0.00,0.00,4.40,0.00,0.00,0.00,64.84
10:47:04,6,15.79,0.00,13.68,0.00,0.00,5.26,0.00,0.00,0.00,65.26
10:47:04,7,12.77,0.00,11.70,0.00,0.00,5.32,0.00,0.00,0.00,70.21
10:47:04,12,16.67,0.00,11.11,0.00,0.00,5.56,0.00,0.00,0.00,66.67
10:47:04,13,16.84,0.00,11.58,0.00,0.00,6.32,0.00,0.00,0.00,65.26
10:47:04,14,15.96,0.00,13.83,0.00,0.00,5.32,0.00,0.00,0.00,64.89
10:47:04,15,14.58,0.00,13.54,0.00,0.00,5.21,0.00,0.00,0.00,66.67
10:47:05,4,15.05,0.00,11.83,0.00,0.00,6.45,0.00,0.00,0.00,66.67
10:47:05,5,15.96,0.00,13.83,0.00,0.00,5.32,0.00,0.00,0.00,64.89
10:47:05,6,13.83,0.00,13.83,0.00,0.00,5.32,0.00,0.00,0.00,67.02
10:47:05,7,13.68,0.00,12.63,0.00,0.00,5.26,0.00,0.00,0.00,68.42
10:47:05,12,15.05,0.00,13.98,0.00,0.00,5.38,0.00,0.00,0.00,65.59
10:47:05,13,16.48,0.00,14.29,0.00,0.00,4.40,0.00,0.00,0.00,64.84
10:47:05,14,17.20,0.00,12.90,0.00,0.00,4.30,0.00,0.00,0.00,65.59
10:47:05,15,14.89,0.00,12.77,0.00,0.00,5.32,0.00,0.00,0.00,67.02
10:47:06,4,16.48,0.00,10.99,0.00,0.00,4.40,0.00,0.00,0.00,68.13
10:47:06,5,15.56,0.00,11.11,0.00,0.00,4.44,0.00,0.00,0.00,68.89
10:47:06,6,15.22,0.00,10.87,0.00,0.00,5.43,0.00,0.00,0.00,68.48
10:47:06,7,15.96,0.00,13.83,0.00,0.00,4.26,0.00,0.00,0.00,65.96
10:47:06,12,14.44,0.00,13.33,0.00,0.00,3.33,0.00,0.00,0.00,68.89
10:47:06,13,16.30,0.00,11.96,0.00,0.00,4.35,0.00,0.00,0.00,67.39
10:47:06,14,16.84,0.00,11.58,0.00,0.00,5.26,0.00,0.00,0.00,66.32
10:47:06,15,15.79,0.00,12.63,0.00,0.00,5.26,0.00,0.00,0.00,66.32
10:47:07,4,16.30,0.00,13.04,0.00,0.00,4.35,0.00,0.00,0.00,66.30
10:47:07,5,17.98,0.00,11.24,0.00,0.00,5.62,0.00,0.00,0.00,65.17
10:47:07,6,17.02,0.00,13.83,0.00,0.00,4.26,0.00,0.00,0.00,64.89
10:47:07,7,13.04,0.00,11.96,0.00,0.00,4.35,0.00,0.00,0.00,70.65
10:47:07,12,18.68,0.00,16.48,0.00,0.00,4.40,0.00,0.00,0.00,60.44
10:47:07,13,18.28,0.00,12.90,0.00,0.00,6.45,0.00,0.00,0.00,62.37
10:47:07,14,18.28,0.00,12.90,0.00,0.00,4.30,0.00,0.00,0.00,64.52
10:47:07,15,15.96,0.00,11.70,0.00,0.00,4.26,0.00,0.00,0.00,68.09
10:47:08,4,14.13,0.00,11.96,0.00,0.00,6.52,0.00,0.00,0.00,67.39
10:47:08,5,16.67,0.00,14.58,0.00,0.00,4.17,0.00,0.00,0.00,64.58
10:47:08,6,14.89,0.00,12.77,0.00,0.00,3.19,0.00,0.00,0.00,69.15
10:47:08,7,14.89,0.00,10.64,0.00,0.00,4.26,0.00,0.00,0.00,70.21
10:47:08,12,15.05,0.00,13.98,0.00,0.00,4.30,0.00,0.00,0.00,66.67
10:47:08,13,15.38,0.00,13.19,1.10,0.00,4.40,0.00,0.00,0.00,65.93
10:47:08,14,12.09,0.00,12.09,0.00,0.00,5.49,0.00,0.00,0.00,70.33
10:47:08,15,16.13,0.00,9.68,0.00,0.00,4.30,0.00,0.00,0.00,69.89
10:47:09,4,16.30,0.00,11.96,0.00,0.00,5.43,0.00,0.00,0.00,66.30
10:47:09,5,14.44,0.00,12.22,0.00,0.00,5.56,0.00,0.00,0.00,67.78
10:47:09,6,14.89,0.00,11.70,0.00,0.00,5.32,0.00,0.00,0.00,68.09
10:47:09,7,14.74,0.00,11.58,0.00,0.00,4.21,0.00,0.00,0.00,69.47
10:47:09,12,16.67,0.00,13.54,0.00,0.00,3.12,0.00,0.00,0.00,66.67
10:47:09,13,14.89,0.00,15.96,0.00,0.00,6.38,0.00,0.00,0.00,62.77
10:47:09,14,16.67,0.00,13.54,0.00,0.00,4.17,0.00,0.00,0.00,65.62
10:47:09,15,13.83,0.00,11.70,0.00,0.00,5.32,0.00,0.00,0.00,69.15
10:47:10,4,15.22,0.00,13.04,0.00,0.00,4.35,0.00,0.00,0.00,67.39
10:47:10,5,14.13,0.00,11.96,0.00,0.00,4.35,0.00,0.00,0.00,69.57
10:47:10,6,16.30,0.00,10.87,0.00,0.00,4.35,0.00,0.00,0.00,68.48
10:47:10,7,13.98,0.00,15.05,0.00,0.00,3.23,0.00,0.00,0.00,67.74
10:47:10,12,15.22,0.00,10.87,0.00,0.00,4.35,0.00,0.00,0.00,69.57
10:47:10,13,15.22,0.00,11.96,0.00,0.00,5.43,0.00,0.00,0.00,67.39
10:47:10,14,13.19,0.00,10.99,0.00,0.00,5.49,0.00,0.00,0.00,70.33
10:47:10,15,14.44,0.00,11.11,0.00,0.00,3.33,0.00,0.00,0.00,71.11
10:47:11,4,16.67,0.00,12.50,0.00,0.00,4.17,0.00,0.00,0.00,66.67
10:47:11,5,13.04,0.00,11.96,0.00,0.00,5.43,0.00,0.00,0.00,69.57
10:47:11,6,13.68,0.00,12.63,0.00,0.00,5.26,0.00,0.00,0.00,68.42
10:47:11,7,11.46,0.00,14.58,0.00,0.00,5.21,0.00,0.00,0.00,68.75
10:47:11,12,15.05,0.00,12.90,0.00,0.00,4.30,0.00,0.00,0.00,67.74
10:47:11,13,17.02,0.00,13.83,0.00,0.00,4.26,0.00,0.00,0.00,64.89
10:47:11,14,15.05,0.00,11.83,0.00,0.00,5.38,0.00,0.00,0.00,67.74
10:47:11,15,14.89,0.00,11.70,0.00,0.00,4.26,0.00,0.00,0.00,69.15
10:47:12,4,13.19,0.00,14.29,0.00,0.00,5.49,0.00,0.00,0.00,67.03
10:47:12,5,15.22,0.00,13.04,0.00,0.00,4.35,0.00,0.00,0.00,67.39
10:47:12,6,13.33,0.00,12.22,0.00,0.00,4.44,0.00,0.00,0.00,70.00
10:47:12,7,13.98,0.00,13.98,0.00,0.00,3.23,0.00,0.00,0.00,68.82
10:47:12,12,17.20,0.00,11.83,0.00,0.00,5.38,0.00,0.00,0.00,65.59
10:47:12,13,14.29,0.00,14.29,0.00,0.00,4.40,0.00,0.00,0.00,67.03
10:47:12,14,15.38,0.00,10.99,0.00,0.00,4.40,0.00,0.00,0.00,69.23
10:47:12,15,14.89,0.00,11.70,0.00,0.00,4.26,0.00,0.00,0.00,69.15
10:47:13,4,17.02,0.00,12.77,0.00,0.00,5.32,0.00,0.00,0.00,64.89
10:47:13,5,17.39,0.00,13.04,1.09,0.00,5.43,0.00,0.00,0.00,63.04
10:47:13,6,15.46,0.00,15.46,0.00,0.00,4.12,0.00,0.00,0.00,64.95
10:47:13,7,13.98,0.00,11.83,0.00,0.00,4.30,0.00,0.00,0.00,69.89
10:47:13,12,17.20,0.00,13.98,0.00,0.00,5.38,0.00,0.00,0.00,63.44
10:47:13,13,16.13,0.00,16.13,0.00,0.00,6.45,0.00,0.00,0.00,61.29
10:47:13,14,15.05,0.00,11.83,0.00,0.00,6.45,0.00,0.00,0.00,66.67
10:47:13,15,13.04,0.00,13.04,1.09,0.00,4.35,0.00,0.00,0.00,68.48
10:47:14,4,16.84,0.00,13.68,0.00,0.00,4.21,0.00,0.00,0.00,65.26
10:47:14,5,15.05,0.00,12.90,0.00,0.00,5.38,0.00,0.00,0.00,66.67
10:47:14,6,14.13,0.00,10.87,0.00,0.00,5.43,0.00,0.00,0.00,69.57
10:47:14,7,11.70,0.00,14.89,0.00,0.00,4.26,0.00,0.00,0.00,69.15
10:47:14,12,14.29,0.00,14.29,0.00,0.00,4.40,0.00,0.00,0.00,67.03
10:47:14,13,15.38,0.00,12.09,0.00,0.00,4.40,0.00,0.00,0.00,68.13
10:47:14,14,15.05,0.00,12.90,0.00,0.00,4.30,0.00,0.00,0.00,67.74
10:47:14,15,13.83,0.00,13.83,0.00,0.00,3.19,0.00,0.00,0.00,69.15
10:47:15,4,17.20,0.00,10.75,0.00,0.00,4.30,0.00,0.00,0.00,67.74
10:47:15,5,14.61,0.00,12.36,0.00,0.00,3.37,0.00,0.00,0.00,69.66
10:47:15,6,15.96,0.00,10.64,0.00,0.00,5.32,0.00,0.00,0.00,68.09
10:47:15,7,12.90,0.00,12.90,0.00,0.00,4.30,0.00,0.00,0.00,69.89
10:47:15,12,16.67,0.00,12.22,0.00,0.00,3.33,0.00,0.00,0.00,67.78
10:47:15,13,13.83,0.00,13.83,0.00,0.00,5.32,0.00,0.00,0.00,67.02
10:47:15,14,15.22,0.00,11.96,0.00,0.00,5.43,0.00,0.00,0.00,67.39
10:47:15,15,12.09,0.00,12.09,0.00,0.00,4.40,0.00,0.00,0.00,71.43
10:47:16,4,18.68,0.00,12.09,0.00,0.00,4.40,0.00,0.00,0.00,64.84
10:47:16,5,16.13,0.00,15.05,0.00,0.00,5.38,0.00,0.00,0.00,63.44
10:47:16,6,13.98,0.00,13.98,0.00,0.00,4.30,0.00,0.00,0.00,67.74
10:47:16,7,12.90,0.00,12.90,0.00,0.00,4.30,0.00,0.00,0.00,69.89
10:47:16,12,14.74,0.00,13.68,0.00,0.00,5.26,0.00,0.00,0.00,66.32
10:47:16,13,17.20,0.00,12.90,0.00,0.00,4.30,0.00,0.00,0.00,65.59
10:47:16,14,15.22,0.00,10.87,0.00,0.00,4.35,0.00,0.00,0.00,69.57
10:47:16,15,12.77,0.00,11.70,0.00,0.00,5.32,0.00,0.00,0.00,70.21
10:47:17,4,16.84,0.00,12.63,0.00,0.00,5.26,0.00,0.00,0.00,65.26
10:47:17,5,15.79,0.00,12.63,0.00,0.00,6.32,0.00,0.00,0.00,65.26
10:47:17,6,14.13,0.00,10.87,0.00,0.00,4.35,0.00,0.00,0.00,70.65
10:47:17,7,12.90,0.00,11.83,0.00,0.00,5.38,0.00,0.00,0.00,69.89
10:47:17,12,17.02,0.00,13.83,0.00,0.00,5.32,0.00,0.00,0.00,63.83
10:47:17,13,16.13,0.00,12.90,0.00,0.00,5.38,0.00,0.00,0.00,65.59
10:47:17,14,16.30,0.00,10.87,0.00,0.00,5.43,0.00,0.00,0.00,67.39
10:47:17,15,15.79,0.00,12.63,0.00,0.00,4.21,0.00,0.00,0.00,67.37
10:47:18,4,15.96,0.00,13.83,1.06,0.00,4.26,0.00,0.00,0.00,64.89
10:47:18,5,17.20,0.00,12.90,0.00,0.00,4.30,0.00,0.00,0.00,65.59
10:47:18,6,18.95,0.00,12.63,0.00,0.00,7.37,0.00,0.00,0.00,61.05
10:47:18,7,14.74,0.00,13.68,0.00,0.00,3.16,0.00,0.00,0.00,68.42
10:47:18,12,14.13,0.00,18.48,0.00,0.00,4.35,0.00,0.00,0.00,63.04
10:47:18,13,16.67,0.00,13.33,0.00,0.00,3.33,0.00,0.00,0.00,66.67
10:47:18,14,15.56,0.00,12.22,0.00,0.00,5.56,0.00,0.00,0.00,66.67
10:47:18,15,14.74,0.00,11.58,0.00,0.00,5.26,0.00,0.00,0.00,68.42
10:47:19,4,15.96,0.00,12.77,0.00,0.00,3.19,0.00,0.00,0.00,68.09
10:47:19,5,15.05,0.00,11.83,0.00,0.00,4.30,0.00,0.00,0.00,68.82
10:47:19,6,14.74,0.00,13.68,0.00,0.00,4.21,0.00,0.00,0.00,67.37
10:47:19,7,13.04,0.00,13.04,0.00,0.00,2.17,0.00,0.00,0.00,71.74
10:47:19,12,13.98,0.00,11.83,0.00,0.00,5.38,0.00,0.00,0.00,68.82
10:47:19,13,14.13,0.00,11.96,0.00,0.00,4.35,0.00,0.00,0.00,69.57
10:47:19,14,18.09,0.00,11.70,0.00,0.00,5.32,0.00,0.00,0.00,64.89
10:47:19,15,15.22,0.00,11.96,0.00,0.00,4.35,0.00,0.00,0.00,68.48
10:47:20,4,15.73,0.00,14.61,0.00,0.00,4.49,0.00,0.00,0.00,65.17
10:47:20,5,16.13,0.00,11.83,0.00,0.00,5.38,0.00,0.00,0.00,66.67
10:47:20,6,13.98,0.00,12.90,0.00,0.00,5.38,0.00,0.00,0.00,67.74
10:47:20,7,10.75,0.00,13.98,0.00,0.00,4.30,0.00,0.00,0.00,70.97
10:47:20,12,16.13,0.00,13.98,0.00,0.00,3.23,0.00,0.00,0.00,66.67
10:47:20,13,14.13,0.00,14.13,0.00,0.00,4.35,0.00,0.00,0.00,67.39
10:47:20,14,13.83,0.00,13.83,0.00,0.00,4.26,0.00,0.00,0.00,68.09
10:47:20,15,14.13,0.00,10.87,0.00,0.00,4.35,0.00,0.00,0.00,70.65
10:47:21,4,15.38,0.00,14.29,0.00,0.00,5.49,0.00,0.00,0.00,64.84
10:47:21,5,13.79,0.00,11.49,0.00,0.00,4.60,0.00,0.00,0.00,70.11
10:47:21,6,13.04,0.00,15.22,0.00,0.00,4.35,0.00,0.00,0.00,67.39
10:47:21,7,12.09,0.00,9.89,0.00,0.00,5.49,0.00,0.00,0.00,72.53
10:47:21,12,15.79,0.00,12.63,0.00,0.00,5.26,0.00,0.00,0.00,66.32
10:47:21,13,16.33,0.00,14.29,0.00,0.00,6.12,0.00,0.00,0.00,63.27
10:47:21,14,13.33,0.00,11.11,0.00,0.00,4.44,0.00,0.00,0.00,71.11
10:47:21,15,11.83,0.00,11.83,0.00,0.00,4.30,0.00,0.00,0.00,72.04
10:47:22,4,16.67,0.00,12.50,0.00,0.00,5.21,0.00,0.00,0.00,65.62
10:47:22,5,15.38,0.00,14.29,0.00,0.00,3.30,0.00,0.00,0.00,67.03
10:47:22,6,16.13,0.00,10.75,0.00,0.00,5.38,0.00,0.00,0.00,67.74
10:47:22,7,12.77,0.00,11.70,0.00,0.00,5.32,0.00,0.00,0.00,70.21
10:47:22,12,15.62,0.00,13.54,0.00,0.00,5.21,0.00,0.00,0.00,65.62
10:47:22,13,15.96,0.00,13.83,0.00,0.00,4.26,0.00,0.00,0.00,65.96
10:47:22,14,14.13,0.00,10.87,0.00,0.00,6.52,0.00,0.00,0.00,68.48
10:47:22,15,14.74,0.00,12.63,0.00,0.00,4.21,0.00,0.00,0.00,68.42
10:47:23,4,15.38,0.00,10.99,0.00,0.00,5.49,0.00,0.00,0.00,68.13
10:47:23,5,13.98,0.00,12.90,0.00,0.00,6.45,0.00,0.00,0.00,66.67
10:47:23,6,16.84,0.00,12.63,0.00,0.00,6.32,0.00,0.00,0.00,64.21
10:47:23,7,14.74,0.00,13.68,1.05,0.00,5.26,0.00,0.00,0.00,65.26
10:47:23,12,16.13,0.00,13.98,0.00,0.00,4.30,0.00,0.00,0.00,65.59
10:47:23,13,17.02,0.00,17.02,0.00,0.00,4.26,0.00,0.00,0.00,61.70
10:47:23,14,14.29,0.00,13.19,0.00,0.00,4.40,0.00,0.00,0.00,68.13
10:47:23,15,13.19,0.00,13.19,0.00,0.00,4.40,0.00,0.00,0.00,69.23
10:47:24,4,14.13,0.00,11.96,0.00,0.00,4.35,0.00,0.00,0.00,69.57
10:47:24,5,16.84,0.00,12.63,0.00,0.00,5.26,0.00,0.00,0.00,65.26
10:47:24,6,13.68,0.00,14.74,0.00,0.00,4.21,0.00,0.00,0.00,67.37
10:47:24,7,12.77,0.00,12.77,0.00,0.00,4.26,0.00,0.00,0.00,70.21
10:47:24,12,15.05,0.00,11.83,0.00,0.00,4.30,0.00,0.00,0.00,68.82
10:47:24,13,14.13,0.00,13.04,0.00,0.00,4.35,0.00,0.00,0.00,68.48
10:47:24,14,16.30,0.00,11.96,0.00,0.00,4.35,0.00,0.00,0.00,67.39
10:47:24,15,13.68,0.00,12.63,0.00,0.00,5.26,0.00,0.00,0.00,68.42
10:47:25,4,14.13,0.00,14.13,0.00,0.00,5.43,0.00,0.00,0.00,66.30
10:47:25,5,18.09,0.00,13.83,0.00,0.00,4.26,0.00,0.00,0.00,63.83
10:47:25,6,15.38,0.00,12.09,0.00,0.00,5.49,0.00,0.00,0.00,67.03
10:47:25,7,14.89,0.00,11.70,0.00,0.00,3.19,0.00,0.00,0.00,70.21
10:47:25,12,13.98,0.00,13.98,0.00,0.00,5.38,0.00,0.00,0.00,66.67
10:47:25,13,15.22,0.00,11.96,0.00,0.00,4.35,0.00,0.00,0.00,68.48
10:47:25,14,12.77,0.00,12.77,0.00,0.00,6.38,0.00,0.00,0.00,68.09
10:47:25,15,13.83,0.00,11.70,0.00,0.00,4.26,0.00,0.00,0.00,70.21
10:47:26,4,14.89,0.00,12.77,0.00,0.00,4.26,0.00,0.00,0.00,68.09
10:47:26,5,15.96,0.00,9.57,0.00,0.00,6.38,0.00,0.00,0.00,68.09
10:47:26,6,15.05,0.00,12.90,0.00,0.00,4.30,0.00,0.00,0.00,67.74
10:47:26,7,13.68,0.00,13.68,0.00,0.00,4.21,0.00,0.00,0.00,68.42
10:47:26,12,15.22,0.00,10.87,0.00,0.00,4.35,0.00,0.00,0.00,69.57
10:47:26,13,15.22,0.00,11.96,0.00,0.00,4.35,0.00,0.00,0.00,68.48
10:47:26,14,15.22,0.00,11.96,0.00,0.00,5.43,0.00,0.00,0.00,67.39
10:47:26,15,15.56,0.00,10.00,0.00,0.00,4.44,0.00,0.00,0.00,70.00
10:47:27,4,14.44,0.00,11.11,0.00,0.00,4.44,0.00,0.00,0.00,70.00
10:47:27,5,16.13,0.00,13.98,0.00,0.00,5.38,0.00,0.00,0.00,64.52
10:47:27,6,14.89,0.00,12.77,0.00,0.00,5.32,0.00,0.00,0.00,67.02
10:47:27,7,14.13,0.00,10.87,0.00,0.00,5.43,0.00,0.00,0.00,69.57
10:47:27,12,17.20,0.00,11.83,0.00,0.00,4.30,0.00,0.00,0.00,66.67
10:47:27,13,13.98,0.00,13.98,0.00,0.00,4.30,0.00,0.00,0.00,67.74
10:47:27,14,15.05,0.00,12.90,0.00,0.00,4.30,0.00,0.00,0.00,67.74
10:47:27,15,13.83,0.00,11.70,0.00,0.00,4.26,0.00,0.00,0.00,70.21
10:47:28,4,18.68,0.00,15.38,0.00,0.00,3.30,0.00,0.00,0.00,62.64
10:47:28,5,17.02,0.00,12.77,0.00,0.00,5.32,0.00,0.00,0.00,64.89
10:47:28,6,14.13,0.00,14.13,0.00,0.00,5.43,0.00,0.00,0.00,66.30
10:47:28,7,11.70,0.00,12.77,0.00,0.00,4.26,0.00,0.00,0.00,71.28
10:47:28,12,16.13,0.00,15.05,0.00,0.00,4.30,0.00,0.00,0.00,64.52
10:47:28,13,18.28,0.00,11.83,1.08,0.00,6.45,0.00,0.00,0.00,62.37
10:47:28,14,13.83,0.00,14.89,0.00,0.00,5.32,0.00,0.00,0.00,65.96
10:47:28,15,13.04,0.00,14.13,0.00,0.00,3.26,0.00,0.00,0.00,69.57
10:47:29,4,15.96,0.00,13.83,0.00,0.00,4.26,0.00,0.00,0.00,65.96
10:47:29,5,17.20,0.00,13.98,0.00,0.00,5.38,0.00,0.00,0.00,63.44
10:47:29,6,14.89,0.00,12.77,0.00,0.00,5.32,0.00,0.00,0.00,67.02
10:47:29,7,13.04,0.00,14.13,0.00,0.00,3.26,0.00,0.00,0.00,69.57
10:47:29,12,15.79,0.00,13.68,0.00,0.00,5.26,0.00,0.00,0.00,65.26
10:47:29,13,15.79,0.00,13.68,0.00,0.00,5.26,0.00,0.00,0.00,65.26
10:47:29,14,13.48,0.00,11.24,0.00,0.00,5.62,0.00,0.00,0.00,69.66
10:47:29,15,13.68,0.00,11.58,0.00,0.00,6.32,0.00,0.00,0.00,68.42
10:47:30,4,17.02,0.00,13.83,0.00,0.00,4.26,0.00,0.00,0.00,64.89
10:47:30,5,16.13,0.00,11.83,0.00,0.00,4.30,0.00,0.00,0.00,67.74
10:47:30,6,13.04,0.00,13.04,0.00,0.00,4.35,0.00,0.00,0.00,69.57
10:47:30,7,12.77,0.00,11.70,0.00,0.00,6.38,0.00,0.00,0.00,69.15
10:47:30,12,15.38,0.00,14.29,0.00,0.00,3.30,0.00,0.00,0.00,67.03
10:47:30,13,14.13,0.00,13.04,0.00,0.00,4.35,0.00,0.00,0.00,68.48
10:47:30,14,13.33,0.00,11.11,0.00,0.00,5.56,0.00,0.00,0.00,70.00
10:47:30,15,12.90,0.00,11.83,0.00,0.00,4.30,0.00,0.00,0.00,70.97
10:47:31,4,13.98,0.00,11.83,0.00,0.00,5.38,0.00,0.00,0.00,68.82
10:47:31,5,16.48,0.00,12.09,0.00,0.00,4.40,0.00,0.00,0.00,67.03
10:47:31,6,14.89,0.00,14.89,0.00,0.00,6.38,0.00,0.00,0.00,63.83
10:47:31,7,15.22,0.00,10.87,0.00,0.00,4.35,0.00,0.00,0.00,69.57
10:47:31,12,14.89,0.00,13.83,0.00,0.00,5.32,0.00,0.00,0.00,65.96
10:47:31,13,15.62,0.00,12.50,0.00,0.00,6.25,0.00,0.00,0.00,65.62
10:47:31,14,15.22,0.00,10.87,0.00,0.00,4.35,0.00,0.00,0.00,69.57
10:47:31,15,13.98,0.00,10.75,0.00,0.00,4.30,0.00,0.00,0.00,70.97
10:47:32,4,15.38,0.00,14.29,0.00,0.00,5.49,0.00,0.00,0.00,64.84
10:47:32,5,15.96,0.00,13.83,0.00,0.00,5.32,0.00,0.00,0.00,64.89
10:47:32,6,13.48,0.00,13.48,0.00,0.00,5.62,0.00,0.00,0.00,67.42
10:47:32,7,14.43,0.00,10.31,0.00,0.00,5.15,0.00,0.00,0.00,70.10
10:47:32,12,15.38,0.00,14.29,0.00,0.00,3.30,0.00,0.00,0.00,67.03
10:47:32,13,15.38,0.00,12.09,0.00,0.00,4.40,0.00,0.00,0.00,68.13
10:47:32,14,13.04,0.00,13.04,0.00,0.00,4.35,0.00,0.00,0.00,69.57
10:47:32,15,13.04,0.00,10.87,0.00,0.00,3.26,0.00,0.00,0.00,72.83
10:47:33,4,15.05,0.00,13.98,0.00,0.00,3.23,0.00,0.00,0.00,67.74
10:47:33,5,18.09,0.00,13.83,2.13,0.00,4.26,0.00,0.00,0.00,61.70
10:47:33,6,12.90,0.00,16.13,0.00,0.00,4.30,0.00,0.00,0.00,66.67
10:47:33,7,12.90,0.00,13.98,0.00,0.00,4.30,0.00,0.00,0.00,68.82
10:47:33,12,17.02,0.00,13.83,0.00,0.00,5.32,0.00,0.00,0.00,63.83
10:47:33,13,18.28,0.00,11.83,0.00,0.00,5.38,0.00,0.00,0.00,64.52
10:47:33,14,16.13,0.00,12.90,0.00,0.00,5.38,0.00,0.00,0.00,65.59
10:47:33,15,13.83,0.00,11.70,0.00,0.00,6.38,0.00,0.00,0.00,68.09
10:47:34,4,15.96,0.00,12.77,0.00,0.00,4.26,0.00,0.00,0.00,67.02
10:47:34,5,17.02,0.00,13.83,0.00,0.00,5.32,0.00,0.00,0.00,63.83
10:47:34,6,15.22,0.00,13.04,0.00,0.00,4.35,0.00,0.00,0.00,67.39
10:47:34,7,12.90,0.00,10.75,0.00,0.00,5.38,0.00,0.00,0.00,70.97
10:47:34,12,14.13,0.00,13.04,0.00,0.00,4.35,0.00,0.00,0.00,68.48
10:47:34,13,16.13,0.00,15.05,0.00,0.00,6.45,0.00,0.00,0.00,62.37
10:47:34,14,15.96,0.00,13.83,0.00,0.00,5.32,0.00,0.00,0.00,64.89
10:47:34,15,14.74,0.00,11.58,0.00,0.00,4.21,0.00,0.00,0.00,69.47
10:47:35,4,16.48,0.00,9.89,0.00,0.00,4.40,0.00,0.00,0.00,69.23
10:47:35,5,15.96,0.00,14.89,0.00,0.00,4.26,0.00,0.00,0.00,64.89
10:47:35,6,14.89,0.00,10.64,0.00,0.00,6.38,0.00,0.00,0.00,68.09
10:47:35,7,12.63,0.00,13.68,0.00,0.00,5.26,0.00,0.00,0.00,68.42
10:47:35,12,15.05,0.00,13.98,0.00,0.00,4.30,0.00,0.00,0.00,66.67
10:47:35,13,17.02,0.00,11.70,0.00,0.00,5.32,0.00,0.00,0.00,65.96
10:47:35,14,15.05,0.00,12.90,0.00,0.00,5.38,0.00,0.00,0.00,66.67
10:47:35,15,14.13,0.00,10.87,0.00,0.00,5.43,0.00,0.00,0.00,69.57
10:47:36,4,16.13,0.00,12.90,0.00,0.00,4.30,0.00,0.00,0.00,66.67
10:47:36,5,12.90,0.00,12.90,0.00,0.00,6.45,0.00,0.00,0.00,67.74
10:47:36,6,15.22,0.00,11.96,0.00,0.00,5.43,0.00,0.00,0.00,67.39
10:47:36,7,13.98,0.00,9.68,0.00,0.00,5.38,0.00,0.00,0.00,70.97
10:47:36,12,14.44,0.00,11.11,0.00,0.00,4.44,0.00,0.00,0.00,70.00
10:47:36,13,15.79,0.00,12.63,0.00,0.00,4.21,0.00,0.00,0.00,67.37
10:47:36,14,11.96,0.00,13.04,0.00,0.00,5.43,0.00,0.00,0.00,69.57
10:47:36,15,12.63,0.00,12.63,0.00,0.00,5.26,0.00,0.00,0.00,69.47
10:47:37,4,15.79,0.00,12.63,0.00,0.00,5.26,0.00,0.00,0.00,66.32
10:47:37,5,16.13,0.00,11.83,0.00,0.00,4.30,0.00,0.00,0.00,67.74
10:47:37,6,13.19,0.00,15.38,0.00,0.00,4.40,0.00,0.00,0.00,67.03
10:47:37,7,15.79,0.00,12.63,0.00,0.00,5.26,0.00,0.00,0.00,66.32
10:47:37,12,13.98,0.00,12.90,0.00,0.00,5.38,0.00,0.00,0.00,67.74
10:47:37,13,14.29,0.00,13.19,0.00,0.00,4.40,0.00,0.00,0.00,68.13
10:47:37,14,15.38,0.00,12.09,0.00,0.00,3.30,0.00,0.00,0.00,69.23
10:47:37,15,15.96,0.00,11.70,0.00,0.00,4.26,0.00,0.00,0.00,68.09
10:47:38,4,16.67,0.00,14.44,0.00,0.00,4.44,0.00,0.00,0.00,64.44
10:47:38,5,16.84,0.00,13.68,0.00,0.00,5.26,0.00,0.00,0.00,64.21
10:47:38,6,17.39,0.00,10.87,0.00,0.00,5.43,0.00,0.00,0.00,66.30
10:47:38,7,14.58,0.00,12.50,0.00,0.00,4.17,0.00,0.00,0.00,68.75
10:47:38,12,17.20,0.00,12.90,0.00,0.00,5.38,0.00,0.00,0.00,64.52
10:47:38,13,15.05,0.00,12.90,0.00,0.00,5.38,0.00,0.00,0.00,66.67
10:47:38,14,15.96,0.00,12.77,0.00,0.00,5.32,0.00,0.00,0.00,65.96
10:47:38,15,13.83,0.00,12.77,0.00,0.00,4.26,0.00,0.00,0.00,69.15
10:47:39,4,15.79,0.00,12.63,0.00,0.00,5.26,0.00,0.00,0.00,66.32
10:47:39,5,17.02,0.00,11.70,0.00,0.00,4.26,0.00,0.00,0.00,67.02
10:47:39,6,14.58,0.00,15.62,0.00,0.00,5.21,0.00,0.00,0.00,64.58
10:47:39,7,12.22,0.00,12.22,0.00,0.00,4.44,0.00,0.00,0.00,71.11
10:47:39,12,16.13,0.00,12.90,0.00,0.00,4.30,0.00,0.00,0.00,66.67
10:47:39,13,14.61,0.00,12.36,0.00,0.00,3.37,0.00,0.00,0.00,69.66
10:47:39,14,13.48,0.00,11.24,0.00,0.00,4.49,0.00,0.00,0.00,70.79
10:47:39,15,14.89,0.00,11.70,0.00,0.00,4.26,0.00,0.00,0.00,69.15
10:47:40,4,15.22,0.00,11.96,0.00,0.00,3.26,0.00,0.00,0.00,69.57
10:47:40,5,15.38,0.00,14.29,0.00,0.00,5.49,0.00,0.00,0.00,64.84
10:47:40,6,11.96,0.00,13.04,0.00,0.00,6.52,0.00,0.00,0.00,68.48
10:47:40,7,14.13,0.00,11.96,0.00,0.00,4.35,0.00,0.00,0.00,69.57
10:47:40,12,14.89,0.00,12.77,0.00,0.00,4.26,0.00,0.00,0.00,68.09
10:47:40,13,14.13,0.00,13.04,0.00,0.00,4.35,0.00,0.00,0.00,68.48
10:47:40,14,16.84,0.00,11.58,0.00,0.00,5.26,0.00,0.00,0.00,66.32
10:47:40,15,14.13,0.00,10.87,0.00,0.00,5.43,0.00,0.00,0.00,69.57
10:47:41,4,16.48,0.00,13.19,0.00,0.00,4.40,0.00,0.00,0.00,65.93
10:47:41,5,16.48,0.00,10.99,1.10,0.00,3.30,0.00,0.00,0.00,68.13
10:47:41,6,16.30,0.00,13.04,0.00,0.00,4.35,0.00,0.00,0.00,66.30
10:47:41,7,13.68,0.00,11.58,0.00,0.00,5.26,0.00,0.00,0.00,69.47
10:47:41,12,15.96,0.00,12.77,1.06,0.00,4.26,0.00,0.00,0.00,65.96
10:47:41,13,17.20,0.00,11.83,0.00,0.00,5.38,0.00,0.00,0.00,65.59
10:47:41,14,15.79,0.00,14.74,0.00,0.00,3.16,0.00,0.00,0.00,66.32
10:47:41,15,13.54,0.00,11.46,0.00,0.00,5.21,0.00,0.00,0.00,69.79
10:47:42,4,14.13,0.00,14.13,0.00,0.00,4.35,0.00,0.00,0.00,67.39
10:47:42,5,15.22,0.00,11.96,0.00,0.00,6.52,0.00,0.00,0.00,66.30
10:47:42,6,17.02,0.00,11.70,0.00,0.00,3.19,0.00,0.00,0.00,68.09
10:47:42,7,11.70,0.00,12.77,0.00,0.00,3.19,0.00,0.00,0.00,72.34
10:47:42,12,15.79,0.00,11.58,0.00,0.00,5.26,0.00,0.00,0.00,67.37
10:47:42,13,16.13,0.00,13.98,0.00,0.00,5.38,0.00,0.00,0.00,64.52
10:47:42,14,17.20,0.00,11.83,0.00,0.00,4.30,0.00,0.00,0.00,66.67
10:47:42,15,13.83,0.00,11.70,0.00,0.00,5.32,0.00,0.00,0.00,69.15
10:47:43,4,16.13,0.00,13.98,0.00,0.00,3.23,0.00,0.00,0.00,66.67
10:47:43,5,15.05,0.00,13.98,0.00,0.00,6.45,0.00,0.00,0.00,64.52
10:47:43,6,13.19,0.00,13.19,0.00,0.00,5.49,0.00,0.00,0.00,68.13
10:47:43,7,12.22,0.00,13.33,0.00,0.00,4.44,0.00,0.00,0.00,70.00
10:47:43,12,16.48,0.00,10.99,0.00,0.00,4.40,0.00,0.00,0.00,68.13
10:47:43,13,20.00,0.00,15.79,0.00,0.00,4.21,0.00,0.00,0.00,60.00
10:47:43,14,17.58,0.00,10.99,0.00,0.00,5.49,0.00,0.00,0.00,65.93
10:47:43,15,15.62,0.00,13.54,0.00,0.00,4.17,0.00,0.00,0.00,66.67
10:47:44,4,16.13,0.00,13.98,0.00,0.00,4.30,0.00,0.00,0.00,65.59
10:47:44,5,15.05,0.00,12.90,0.00,0.00,4.30,0.00,0.00,0.00,67.74
10:47:44,6,14.89,0.00,13.83,0.00,0.00,5.32,0.00,0.00,0.00,65.96
10:47:44,7,11.96,0.00,10.87,0.00,0.00,4.35,0.00,0.00,0.00,72.83
10:47:44,12,15.05,0.00,11.83,0.00,0.00,5.38,0.00,0.00,0.00,67.74
10:47:44,13,15.38,0.00,14.29,0.00,0.00,5.49,0.00,0.00,0.00,64.84
10:47:44,14,15.96,0.00,11.70,0.00,0.00,5.32,0.00,0.00,0.00,67.02
10:47:44,15,11.83,0.00,11.83,0.00,0.00,5.38,0.00,0.00,0.00,70.97
10:47:45,4,17.02,0.00,11.70,0.00,0.00,4.26,0.00,0.00,0.00,67.02
10:47:45,5,13.98,0.00,12.90,0.00,0.00,5.38,0.00,0.00,0.00,67.74
10:47:45,6,15.05,0.00,12.90,0.00,0.00,4.30,0.00,0.00,0.00,67.74
10:47:45,7,12.90,0.00,11.83,0.00,0.00,3.23,0.00,0.00,0.00,72.04
10:47:45,12,15.22,0.00,13.04,0.00,0.00,4.35,0.00,0.00,0.00,67.39
10:47:45,13,15.05,0.00,16.13,0.00,0.00,5.38,0.00,0.00,0.00,63.44
10:47:45,14,13.19,0.00,13.19,0.00,0.00,4.40,0.00,0.00,0.00,69.23
10:47:45,15,15.05,0.00,10.75,0.00,0.00,4.30,0.00,0.00,0.00,69.89
10:47:46,4,18.09,0.00,14.89,0.00,0.00,4.26,0.00,0.00,0.00,62.77
10:47:46,5,15.79,0.00,11.58,0.00,0.00,6.32,0.00,0.00,0.00,66.32
10:47:46,6,14.13,0.00,10.87,0.00,0.00,5.43,0.00,0.00,0.00,69.57
10:47:46,7,13.83,0.00,12.77,0.00,0.00,4.26,0.00,0.00,0.00,69.15
10:47:46,12,15.96,0.00,12.77,0.00,0.00,4.26,0.00,0.00,0.00,67.02
10:47:46,13,14.13,0.00,14.13,0.00,0.00,4.35,0.00,0.00,0.00,67.39
10:47:46,14,13.98,0.00,13.98,0.00,0.00,4.30,0.00,0.00,0.00,67.74
10:47:46,15,12.77,0.00,12.77,0.00,0.00,5.32,0.00,0.00,0.00,69.15
10:47:47,4,14.58,0.00,13.54,0.00,0.00,5.21,0.00,0.00,0.00,66.67
10:47:47,5,17.58,0.00,13.19,0.00,0.00,4.40,0.00,0.00,0.00,64.84
10:47:47,6,14.13,0.00,13.04,0.00,0.00,4.35,0.00,0.00,0.00,68.48
10:47:47,7,14.29,0.00,13.19,0.00,0.00,3.30,0.00,0.00,0.00,69.23
10:47:47,12,14.74,0.00,12.63,0.00,0.00,6.32,0.00,0.00,0.00,66.32
10:47:47,13,14.58,0.00,12.50,0.00,0.00,6.25,0.00,0.00,0.00,66.67
10:47:47,14,14.74,0.00,12.63,0.00,0.00,4.21,0.00,0.00,0.00,68.42
10:47:47,15,14.89,0.00,11.70,0.00,0.00,4.26,0.00,0.00,0.00,69.15
10:47:48,4,16.30,0.00,13.04,0.00,0.00,3.26,0.00,0.00,0.00,67.39
10:47:48,5,13.98,0.00,13.98,0.00,0.00,5.38,0.00,0.00,0.00,66.67
10:47:48,6,14.74,0.00,14.74,0.00,0.00,5.26,0.00,0.00,0.00,65.26
10:47:48,7,17.71,0.00,11.46,0.00,0.00,5.21,0.00,0.00,0.00,65.62
10:47:48,12,18.28,0.00,13.98,0.00,0.00,4.30,0.00,0.00,0.00,63.44
10:47:48,13,15.05,0.00,13.98,0.00,0.00,4.30,0.00,0.00,0.00,66.67
10:47:48,14,15.96,0.00,14.89,0.00,0.00,3.19,0.00,0.00,0.00,65.96
10:47:48,15,15.38,0.00,12.09,0.00,0.00,4.40,0.00,0.00,0.00,68.13
10:47:49,4,15.79,0.00,12.63,0.00,0.00,4.21,0.00,0.00,0.00,67.37
10:47:49,5,15.96,0.00,12.77,0.00,0.00,3.19,0.00,0.00,0.00,68.09
10:47:49,6,14.89,0.00,13.83,0.00,0.00,5.32,0.00,0.00,0.00,65.96
10:47:49,7,12.90,0.00,10.75,0.00,0.00,4.30,0.00,0.00,0.00,72.04
10:47:49,12,14.89,0.00,14.89,0.00,0.00,3.19,0.00,0.00,0.00,67.02
10:47:49,13,17.20,0.00,12.90,0.00,0.00,5.38,0.00,0.00,0.00,64.52
10:47:49,14,15.05,0.00,12.90,0.00,0.00,5.38,0.00,0.00,0.00,66.67
10:47:49,15,14.89,0.00,10.64,0.00,0.00,5.32,0.00,0.00,0.00,69.15
10:47:50,4,16.30,0.00,11.96,0.00,0.00,4.35,0.00,0.00,0.00,67.39
10:47:50,5,16.84,0.00,11.58,0.00,0.00,5.26,0.00,0.00,0.00,66.32
10:47:50,6,13.19,0.00,10.99,0.00,0.00,5.49,0.00,0.00,0.00,70.33
10:47:50,7,16.30,0.00,9.78,0.00,0.00,3.26,0.00,0.00,0.00,70.65
10:47:50,12,15.96,0.00,12.77,0.00,0.00,4.26,0.00,0.00,0.00,67.02
10:47:50,13,16.30,0.00,11.96,0.00,0.00,5.43,0.00,0.00,0.00,66.30
10:47:50,14,16.84,0.00,11.58,0.00,0.00,6.32,0.00,0.00,0.00,65.26
10:47:50,15,13.98,0.00,11.83,0.00,0.00,4.30,0.00,0.00,0.00,69.89
10:47:51,4,15.96,0.00,11.70,0.00,0.00,5.32,0.00,0.00,0.00,67.02
10:47:51,5,14.29,0.00,15.38,0.00,0.00,5.49,0.00,0.00,0.00,64.84
10:47:51,6,14.89,0.00,12.77,0.00,0.00,5.32,0.00,0.00,0.00,67.02
10:47:51,7,15.96,0.00,10.64,0.00,0.00,4.26,0.00,0.00,0.00,69.15
10:47:51,12,16.67,0.00,11.11,0.00,0.00,5.56,0.00,0.00,0.00,66.67
10:47:51,13,12.90,0.00,17.20,0.00,0.00,5.38,0.00,0.00,0.00,64.52
10:47:51,14,13.19,0.00,14.29,0.00,0.00,4.40,0.00,0.00,0.00,68.13
10:47:51,15,13.98,0.00,11.83,1.08,0.00,5.38,0.00,0.00,0.00,67.74
10:47:52,4,14.13,0.00,11.96,0.00,0.00,5.43,0.00,0.00,0.00,68.48
10:47:52,5,15.96,0.00,13.83,0.00,0.00,4.26,0.00,0.00,0.00,65.96
10:47:52,6,16.84,0.00,11.58,0.00,0.00,5.26,0.00,0.00,0.00,66.32
10:47:52,7,13.19,0.00,12.09,0.00,0.00,5.49,0.00,0.00,0.00,69.23
10:47:52,12,16.13,0.00,12.90,0.00,0.00,3.23,0.00,0.00,0.00,67.74
10:47:52,13,15.38,0.00,10.99,0.00,0.00,4.40,0.00,0.00,0.00,69.23
10:47:52,14,17.02,0.00,11.70,0.00,0.00,5.32,0.00,0.00,0.00,65.96
10:47:52,15,14.89,0.00,11.70,0.00,0.00,5.32,0.00,0.00,0.00,68.09
10:47:53,4,16.13,0.00,12.90,0.00,0.00,4.30,0.00,0.00,0.00,66.67
10:47:53,5,16.30,0.00,14.13,0.00,0.00,5.43,0.00,0.00,0.00,64.13
10:47:53,6,16.30,0.00,11.96,0.00,0.00,5.43,0.00,0.00,0.00,66.30
10:47:53,7,12.77,0.00,13.83,0.00,0.00,5.32,0.00,0.00,0.00,68.09
10:47:53,12,13.19,0.00,13.19,0.00,0.00,5.49,0.00,0.00,0.00,68.13
10:47:53,13,16.13,0.00,12.90,0.00,0.00,5.38,0.00,0.00,0.00,65.59
10:47:53,14,16.30,0.00,13.04,0.00,0.00,4.35,0.00,0.00,0.00,66.30
10:47:53,15,14.29,0.00,12.09,0.00,0.00,5.49,0.00,0.00,0.00,68.13
10:47:54,4,9.18,0.00,7.14,0.00,0.00,3.06,0.00,0.00,0.00,80.61
10:47:54,5,8.42,0.00,7.37,0.00,0.00,3.16,0.00,0.00,0.00,81.05
10:47:54,6,8.42,0.00,6.32,0.00,0.00,2.11,0.00,0.00,0.00,83.16
10:47:54,7,6.32,0.00,6.32,0.00,0.00,1.05,0.00,0.00,0.00,86.32
10:47:54,12,8.51,0.00,6.38,0.00,0.00,3.19,0.00,0.00,0.00,81.91
10:47:54,13,7.45,0.00,8.51,0.00,0.00,3.19,0.00,0.00,0.00,80.85
10:47:54,14,9.18,0.00,8.16,0.00,0.00,2.04,0.00,0.00,0.00,80.61
10:47:54,15,8.42,0.00,5.26,0.00,0.00,1.05,0.00,0.00,0.00,85.26
