11:15:39,CPU,%usr,%nice,%sys,%iowait,%irq,%soft,%steal,%guest,%gnice,%idle
11:15:40,4,12.63,0.00,9.47,0.00,0.00,2.11,0.00,0.00,0.00,75.79
11:15:40,5,12.37,0.00,11.34,0.00,0.00,1.03,0.00,0.00,0.00,75.26
11:15:40,6,8.33,0.00,6.25,0.00,0.00,1.04,0.00,0.00,0.00,84.38
11:15:40,7,7.29,0.00,6.25,0.00,0.00,3.12,0.00,0.00,0.00,83.33
11:15:40,12,7.29,0.00,8.33,0.00,0.00,1.04,0.00,0.00,0.00,83.33
11:15:40,13,7.37,0.00,6.32,0.00,0.00,2.11,0.00,0.00,0.00,84.21
11:15:40,14,14.43,0.00,7.22,0.00,0.00,3.09,0.00,0.00,0.00,75.26
11:15:40,15,7.29,0.00,6.25,0.00,0.00,2.08,0.00,0.00,0.00,84.38
11:15:41,4,11.96,0.00,13.04,0.00,0.00,5.43,0.00,0.00,0.00,69.57
11:15:41,5,16.84,0.00,13.68,0.00,0.00,5.26,0.00,0.00,0.00,64.21
11:15:41,6,12.77,0.00,13.83,0.00,0.00,4.26,0.00,0.00,0.00,69.15
11:15:41,7,14.89,0.00,11.70,0.00,0.00,4.26,0.00,0.00,0.00,69.15
11:15:41,12,13.98,0.00,9.68,0.00,0.00,5.38,0.00,0.00,0.00,70.97
11:15:41,13,14.13,0.00,9.78,0.00,0.00,5.43,0.00,0.00,0.00,70.65
11:15:41,14,12.90,0.00,11.83,0.00,0.00,5.38,0.00,0.00,0.00,69.89
11:15:41,15,12.36,0.00,10.11,0.00,0.00,3.37,0.00,0.00,0.00,74.16
11:15:42,4,16.13,0.00,13.98,0.00,0.00,4.30,0.00,0.00,0.00,65.59
11:15:42,5,15.05,0.00,12.90,0.00,0.00,4.30,0.00,0.00,0.00,67.74
11:15:42,6,13.04,0.00,11.96,0.00,0.00,5.43,0.00,0.00,0.00,69.57
11:15:42,7,11.83,0.00,10.75,0.00,0.00,4.30,0.00,0.00,0.00,73.12
11:15:42,12,14.44,0.00,12.22,0.00,0.00,5.56,0.00,0.00,0.00,67.78
11:15:42,13,16.30,0.00,10.87,0.00,0.00,4.35,0.00,0.00,0.00,68.48
11:15:42,14,12.90,0.00,11.83,0.00,0.00,5.38,0.00,0.00,0.00,69.89
11:15:42,15,12.50,0.00,11.46,0.00,0.00,5.21,0.00,0.00,0.00,70.83
11:15:43,4,15.96,0.00,10.64,0.00,0.00,5.32,0.00,0.00,0.00,68.09
11:15:43,5,13.83,0.00,12.77,0.00,0.00,5.32,0.00,0.00,0.00,68.09
11:15:43,6,13.68,0.00,13.68,0.00,0.00,4.21,0.00,0.00,0.00,68.42
11:15:43,7,13.68,0.00,12.63,0.00,0.00,4.21,0.00,0.00,0.00,69.47
11:15:43,12,13.98,0.00,12.90,0.00,0.00,4.30,0.00,0.00,0.00,68.82
11:15:43,13,17.71,0.00,14.58,0.00,0.00,4.17,0.00,0.00,0.00,63.54
11:15:43,14,15.96,0.00,11.70,0.00,0.00,5.32,0.00,0.00,0.00,67.02
11:15:43,15,14.44,0.00,10.00,0.00,0.00,4.44,0.00,0.00,0.00,71.11
11:15:44,4,15.96,0.00,12.77,0.00,0.00,4.26,0.00,0.00,0.00,67.02
11:15:44,5,18.48,0.00,14.13,0.00,0.00,5.43,0.00,0.00,0.00,61.96
11:15:44,6,15.22,0.00,11.96,0.00,0.00,4.35,0.00,0.00,0.00,68.48
11:15:44,7,13.48,0.00,11.24,0.00,0.00,4.49,0.00,0.00,0.00,70.79
11:15:44,12,14.61,0.00,10.11,0.00,0.00,4.49,0.00,0.00,0.00,70.79
11:15:44,13,16.48,0.00,16.48,0.00,0.00,3.30,0.00,0.00,0.00,63.74
11:15:44,14,15.05,0.00,12.90,0.00,0.00,4.30,0.00,0.00,0.00,67.74
11:15:44,15,14.58,0.00,13.54,0.00,0.00,4.17,0.00,0.00,0.00,67.71
11:15:45,4,12.90,0.00,13.98,0.00,0.00,4.30,0.00,0.00,0.00,68.82
11:15:45,5,14.58,0.00,13.54,1.04,0.00,5.21,0.00,0.00,0.00,65.62
11:15:45,6,13.19,0.00,13.19,0.00,0.00,4.40,0.00,0.00,0.00,69.23
11:15:45,7,11.96,0.00,11.96,0.00,0.00,4.35,0.00,0.00,0.00,71.74
11:15:45,12,14.13,0.00,11.96,0.00,0.00,4.35,0.00,0.00,0.00,69.57
11:15:45,13,15.22,0.00,11.96,0.00,0.00,4.35,0.00,0.00,0.00,68.48
11:15:45,14,15.62,0.00,12.50,1.04,0.00,4.17,0.00,0.00,0.00,66.67
11:15:45,15,12.77,0.00,12.77,0.00,0.00,4.26,0.00,0.00,0.00,70.21
11:15:46,4,13.98,0.00,11.83,0.00,0.00,5.38,0.00,0.00,0.00,68.82
11:15:46,5,15.05,0.00,10.75,0.00,0.00,5.38,0.00,0.00,0.00,68.82
11:15:46,6,15.05,0.00,13.98,0.00,0.00,2.15,0.00,0.00,0.00,68.82
11:15:46,7,11.83,0.00,13.98,0.00,0.00,4.30,0.00,0.00,0.00,69.89
11:15:46,12,14.89,0.00,11.70,0.00,0.00,5.32,0.00,0.00,0.00,68.09
11:15:46,13,12.90,0.00,11.83,0.00,0.00,5.38,0.00,0.00,0.00,69.89
11:15:46,14,14.74,0.00,14.74,0.00,0.00,4.21,0.00,0.00,0.00,66.32
11:15:46,15,13.33,0.00,12.22,0.00,0.00,4.44,0.00,0.00,0.00,70.00
11:15:47,4,13.04,0.00,13.04,0.00,0.00,5.43,0.00,0.00,0.00,68.48
11:15:47,5,13.98,0.00,11.83,0.00,0.00,5.38,0.00,0.00,0.00,68.82
11:15:47,6,15.05,0.00,12.90,0.00,0.00,3.23,0.00,0.00,0.00,68.82
11:15:47,7,11.70,0.00,9.57,0.00,0.00,5.32,0.00,0.00,0.00,73.40
11:15:47,12,13.19,0.00,14.29,0.00,0.00,4.40,0.00,0.00,0.00,68.13
11:15:47,13,13.98,0.00,12.90,0.00,0.00,5.38,0.00,0.00,0.00,67.74
11:15:47,14,14.89,0.00,12.77,0.00,0.00,5.32,0.00,0.00,0.00,67.02
11:15:47,15,13.54,0.00,11.46,0.00,0.00,4.17,0.00,0.00,0.00,70.83
11:15:48,4,14.44,0.00,14.44,0.00,0.00,4.44,0.00,0.00,0.00,66.67
11:15:48,5,16.84,0.00,9.47,0.00,0.00,6.32,0.00,0.00,0.00,67.37
11:15:48,6,14.58,0.00,13.54,0.00,0.00,6.25,0.00,0.00,0.00,65.62
11:15:48,7,13.54,0.00,13.54,0.00,0.00,4.17,0.00,0.00,0.00,68.75
11:15:48,12,15.05,0.00,11.83,0.00,0.00,4.30,0.00,0.00,0.00,68.82
11:15:48,13,15.05,0.00,10.75,0.00,0.00,5.38,0.00,0.00,0.00,68.82
11:15:48,14,13.19,0.00,10.99,0.00,0.00,4.40,0.00,0.00,0.00,71.43
11:15:48,15,13.83,0.00,11.70,0.00,0.00,4.26,0.00,0.00,0.00,70.21
11:15:49,4,16.30,0.00,14.13,1.09,0.00,4.35,0.00,0.00,0.00,64.13
11:15:49,5,14.44,0.00,13.33,0.00,0.00,4.44,0.00,0.00,0.00,67.78
11:15:49,6,15.22,0.00,10.87,0.00,0.00,4.35,0.00,0.00,0.00,69.57
11:15:49,7,13.68,0.00,12.63,0.00,0.00,5.26,0.00,0.00,0.00,68.42
11:15:49,12,15.96,0.00,12.77,0.00,0.00,4.26,0.00,0.00,0.00,67.02
11:15:49,13,14.44,0.00,16.67,0.00,0.00,4.44,0.00,0.00,0.00,64.44
11:15:49,14,15.96,0.00,11.70,0.00,0.00,5.32,0.00,0.00,0.00,67.02
11:15:49,15,13.04,0.00,13.04,0.00,0.00,4.35,0.00,0.00,0.00,69.57
11:15:50,4,13.98,0.00,12.90,0.00,0.00,4.30,0.00,0.00,0.00,68.82
11:15:50,5,14.44,0.00,10.00,0.00,0.00,4.44,0.00,0.00,0.00,71.11
11:15:50,6,12.77,0.00,12.77,0.00,0.00,4.26,0.00,0.00,0.00,70.21
11:15:50,7,12.90,0.00,11.83,0.00,0.00,3.23,0.00,0.00,0.00,72.04
11:15:50,12,15.05,0.00,12.90,0.00,0.00,5.38,0.00,0.00,0.00,66.67
11:15:50,13,13.98,0.00,16.13,0.00,0.00,4.30,0.00,0.00,0.00,65.59
11:15:50,14,15.05,0.00,10.75,0.00,0.00,5.38,0.00,0.00,0.00,68.82
11:15:50,15,13.04,0.00,10.87,0.00,0.00,4.35,0.00,0.00,0.00,71.74
11:15:51,4,15.79,0.00,13.68,0.00,0.00,6.32,0.00,0.00,0.00,64.21
11:15:51,5,15.62,0.00,13.54,0.00,0.00,5.21,0.00,0.00,0.00,65.62
11:15:51,6,14.13,0.00,11.96,0.00,0.00,4.35,0.00,0.00,0.00,69.57
11:15:51,7,11.58,0.00,11.58,0.00,0.00,4.21,0.00,0.00,0.00,72.63
11:15:51,12,14.13,0.00,14.13,0.00,0.00,3.26,0.00,0.00,0.00,68.48
11:15:51,13,16.67,0.00,14.44,0.00,0.00,3.33,0.00,0.00,0.00,65.56
11:15:51,14,13.98,0.00,13.98,0.00,0.00,5.38,0.00,0.00,0.00,66.67
11:15:51,15,12.77,0.00,11.70,0.00,0.00,4.26,0.00,0.00,0.00,71.28
11:15:52,4,13.04,0.00,11.96,0.00,0.00,5.43,0.00,0.00,0.00,69.57
11:15:52,5,13.98,0.00,12.90,0.00,0.00,4.30,0.00,0.00,0.00,68.82
11:15:52,6,12.09,0.00,12.09,0.00,0.00,4.40,0.00,0.00,0.00,71.43
11:15:52,7,11.58,0.00,11.58,0.00,0.00,5.26,0.00,0.00,0.00,71.58
11:15:52,12,14.29,0.00,12.09,0.00,0.00,5.49,0.00,0.00,0.00,68.13
11:15:52,13,15.96,0.00,11.70,0.00,0.00,4.26,0.00,0.00,0.00,68.09
11:15:52,14,13.98,0.00,13.98,0.00,0.00,4.30,0.00,0.00,0.00,67.74
11:15:52,15,13.68,0.00,12.63,0.00,0.00,6.32,0.00,0.00,0.00,67.37
11:15:53,4,16.84,0.00,13.68,0.00,0.00,4.21,0.00,0.00,0.00,65.26
11:15:53,5,15.05,0.00,11.83,0.00,0.00,5.38,0.00,0.00,0.00,67.74
11:15:53,6,13.68,0.00,13.68,0.00,0.00,5.26,0.00,0.00,0.00,67.37
11:15:53,7,14.29,0.00,9.89,0.00,0.00,4.40,0.00,0.00,0.00,71.43
11:15:53,12,14.89,0.00,12.77,0.00,0.00,4.26,0.00,0.00,0.00,68.09
11:15:53,13,15.05,0.00,11.83,0.00,0.00,5.38,0.00,0.00,0.00,67.74
11:15:53,14,15.46,0.00,11.34,0.00,0.00,6.19,0.00,0.00,0.00,67.01
11:15:53,15,11.96,0.00,11.96,0.00,0.00,3.26,0.00,0.00,0.00,72.83
11:15:54,4,15.22,0.00,10.87,0.00,0.00,4.35,0.00,0.00,0.00,69.57
11:15:54,5,16.13,0.00,12.90,0.00,0.00,5.38,0.00,0.00,0.00,65.59
11:15:54,6,14.13,0.00,10.87,0.00,0.00,4.35,0.00,0.00,0.00,70.65
11:15:54,7,11.58,0.00,11.58,0.00,0.00,4.21,0.00,0.00,0.00,72.63
11:15:54,12,16.13,0.00,13.98,2.15,0.00,4.30,0.00,0.00,0.00,63.44
11:15:54,13,21.05,0.00,13.68,0.00,0.00,4.21,0.00,0.00,0.00,61.05
11:15:54,14,14.44,0.00,13.33,0.00,0.00,4.44,0.00,0.00,0.00,67.78
11:15:54,15,12.77,0.00,12.77,0.00,0.00,4.26,0.00,0.00,0.00,70.21
11:15:55,4,14.58,0.00,14.58,0.00,0.00,6.25,0.00,0.00,0.00,64.58
11:15:55,5,13.19,0.00,12.09,0.00,0.00,5.49,0.00,0.00,0.00,69.23
11:15:55,6,15.96,0.00,12.77,0.00,0.00,3.19,0.00,0.00,0.00,68.09
11:15:55,7,12.77,0.00,11.70,0.00,0.00,4.26,0.00,0.00,0.00,71.28
11:15:55,12,13.98,0.00,11.83,0.00,0.00,5.38,0.00,0.00,0.00,68.82
11:15:55,13,13.98,0.00,16.13,1.08,0.00,4.30,0.00,0.00,0.00,64.52
11:15:55,14,13.98,0.00,11.83,0.00,0.00,6.45,0.00,0.00,0.00,67.74
11:15:55,15,12.90,0.00,11.83,0.00,0.00,4.30,0.00,0.00,0.00,70.97
11:15:56,4,15.38,0.00,10.99,0.00,0.00,3.30,0.00,0.00,0.00,70.33
11:15:56,5,12.77,0.00,14.89,0.00,0.00,4.26,0.00,0.00,0.00,68.09
11:15:56,6,14.89,0.00,11.70,0.00,0.00,5.32,0.00,0.00,0.00,68.09
11:15:56,7,11.96,0.00,13.04,0.00,0.00,4.35,0.00,0.00,0.00,70.65
11:15:56,12,13.98,0.00,13.98,0.00,0.00,4.30,0.00,0.00,0.00,67.74
11:15:56,13,14.13,0.00,11.96,0.00,0.00,5.43,0.00,0.00,0.00,68.48
11:15:56,14,15.38,0.00,10.99,0.00,0.00,3.30,0.00,0.00,0.00,70.33
11:15:56,15,14.58,0.00,12.50,0.00,0.00,5.21,0.00,0.00,0.00,67.71
11:15:57,4,15.05,0.00,10.75,0.00,0.00,4.30,0.00,0.00,0.00,69.89
11:15:57,5,13.19,0.00,12.09,0.00,0.00,5.49,0.00,0.00,0.00,69.23
11:15:57,6,13.04,0.00,13.04,0.00,0.00,4.35,0.00,0.00,0.00,69.57
11:15:57,7,8.89,0.00,13.33,0.00,0.00,4.44,0.00,0.00,0.00,73.33
11:15:57,12,11.70,0.00,12.77,0.00,0.00,5.32,0.00,0.00,0.00,70.21
11:15:57,13,14.29,0.00,12.09,0.00,0.00,5.49,0.00,0.00,0.00,68.13
11:15:57,14,13.83,0.00,13.83,0.00,0.00,4.26,0.00,0.00,0.00,68.09
11:15:57,15,13.04,0.00,13.04,0.00,0.00,4.35,0.00,0.00,0.00,69.57
11:15:58,4,12.22,0.00,11.11,0.00,0.00,5.56,0.00,0.00,0.00,71.11
11:15:58,5,15.62,0.00,12.50,0.00,0.00,4.17,0.00,0.00,0.00,67.71
11:15:58,6,14.29,0.00,12.09,0.00,0.00,3.30,0.00,0.00,0.00,70.33
11:15:58,7,14.89,0.00,12.77,0.00,0.00,4.26,0.00,0.00,0.00,68.09
11:15:58,12,15.05,0.00,11.83,0.00,0.00,3.23,0.00,0.00,0.00,69.89
11:15:58,13,13.98,0.00,11.83,0.00,0.00,5.38,0.00,0.00,0.00,68.82
11:15:58,14,13.83,0.00,12.77,0.00,0.00,4.26,0.00,0.00,0.00,69.15
11:15:58,15,13.98,0.00,10.75,0.00,0.00,4.30,0.00,0.00,0.00,70.97
11:15:59,4,15.22,0.00,13.04,2.17,0.00,5.43,0.00,0.00,0.00,64.13
11:15:59,5,15.38,0.00,16.48,0.00,0.00,4.40,0.00,0.00,0.00,63.74
11:15:59,6,12.90,0.00,12.90,0.00,0.00,5.38,0.00,0.00,0.00,68.82
11:15:59,7,11.83,0.00,11.83,0.00,0.00,5.38,0.00,0.00,0.00,70.97
11:15:59,12,15.05,0.00,12.90,0.00,0.00,3.23,0.00,0.00,0.00,68.82
11:15:59,13,15.56,0.00,13.33,0.00,0.00,5.56,0.00,0.00,0.00,65.56
11:15:59,14,13.98,0.00,13.98,0.00,0.00,4.30,0.00,0.00,0.00,67.74
11:15:59,15,14.89,0.00,10.64,0.00,0.00,4.26,0.00,0.00,0.00,70.21
11:16:00,4,13.19,0.00,10.99,1.10,0.00,4.40,0.00,0.00,0.00,70.33
11:16:00,5,13.83,0.00,14.89,0.00,0.00,4.26,0.00,0.00,0.00,67.02
11:16:00,6,14.89,0.00,11.70,0.00,0.00,4.26,0.00,0.00,0.00,69.15
11:16:00,7,11.70,0.00,12.77,0.00,0.00,4.26,0.00,0.00,0.00,71.28
11:16:00,12,13.83,0.00,11.70,0.00,0.00,5.32,0.00,0.00,0.00,69.15
11:16:00,13,13.98,0.00,10.75,0.00,0.00,5.38,0.00,0.00,0.00,69.89
11:16:00,14,15.96,0.00,11.70,0.00,0.00,5.32,0.00,0.00,0.00,67.02
11:16:00,15,12.77,0.00,12.77,0.00,0.00,4.26,0.00,0.00,0.00,70.21
11:16:01,4,15.05,0.00,13.98,0.00,0.00,6.45,0.00,0.00,0.00,64.52
11:16:01,5,14.29,0.00,13.19,0.00,0.00,4.40,0.00,0.00,0.00,68.13
11:16:01,6,13.68,0.00,13.68,0.00,0.00,6.32,0.00,0.00,0.00,66.32
11:16:01,7,12.90,0.00,9.68,0.00,0.00,5.38,0.00,0.00,0.00,72.04
11:16:01,12,15.22,0.00,9.78,0.00,0.00,5.43,0.00,0.00,0.00,69.57
11:16:01,13,15.38,0.00,13.19,0.00,0.00,4.40,0.00,0.00,0.00,67.03
11:16:01,14,13.83,0.00,15.96,0.00,0.00,5.32,0.00,0.00,0.00,64.89
11:16:01,15,11.96,0.00,11.96,0.00,0.00,5.43,0.00,0.00,0.00,70.65
11:16:02,4,12.77,0.00,14.89,0.00,0.00,4.26,0.00,0.00,0.00,68.09
11:16:02,5,14.29,0.00,13.19,0.00,0.00,5.49,0.00,0.00,0.00,67.03
11:16:02,6,12.90,0.00,11.83,0.00,0.00,5.38,0.00,0.00,0.00,69.89
11:16:02,7,11.96,0.00,11.96,0.00,0.00,4.35,0.00,0.00,0.00,71.74
11:16:02,12,15.79,0.00,13.68,0.00,0.00,5.26,0.00,0.00,0.00,65.26
11:16:02,13,16.13,0.00,11.83,0.00,0.00,4.30,0.00,0.00,0.00,67.74
11:16:02,14,12.22,0.00,12.22,0.00,0.00,4.44,0.00,0.00,0.00,71.11
11:16:02,15,12.90,0.00,11.83,0.00,0.00,5.38,0.00,0.00,0.00,69.89
11:16:03,4,17.02,0.00,11.70,0.00,0.00,4.26,0.00,0.00,0.00,67.02
11:16:03,5,14.13,0.00,14.13,0.00,0.00,4.35,0.00,0.00,0.00,67.39
11:16:03,6,12.09,0.00,12.09,0.00,0.00,5.49,0.00,0.00,0.00,70.33
11:16:03,7,11.58,0.00,11.58,0.00,0.00,6.32,0.00,0.00,0.00,70.53
11:16:03,12,15.56,0.00,10.00,0.00,0.00,3.33,0.00,0.00,0.00,71.11
11:16:03,13,15.22,0.00,13.04,0.00,0.00,4.35,0.00,0.00,0.00,67.39
11:16:03,14,13.04,0.00,10.87,0.00,0.00,4.35,0.00,0.00,0.00,71.74
11:16:03,15,13.98,0.00,11.83,0.00,0.00,3.23,0.00,0.00,0.00,70.97
11:16:04,4,15.22,0.00,11.96,0.00,0.00,4.35,0.00,0.00,0.00,68.48
11:16:04,5,16.30,0.00,13.04,0.00,0.00,5.43,0.00,0.00,0.00,65.22
11:16:04,6,16.13,0.00,11.83,0.00,0.00,4.30,0.00,0.00,0.00,67.74
11:16:04,7,12.09,0.00,13.19,0.00,0.00,4.40,0.00,0.00,0.00,70.33
11:16:04,12,14.13,0.00,11.96,0.00,0.00,5.43,0.00,0.00,0.00,68.48
11:16:04,13,15.79,0.00,11.58,0.00,0.00,6.32,0.00,0.00,0.00,66.32
11:16:04,14,14.89,0.00,13.83,0.00,0.00,4.26,0.00,0.00,0.00,67.02
11:16:04,15,12.77,0.00,12.77,0.00,0.00,4.26,0.00,0.00,0.00,70.21
11:16:05,4,16.13,0.00,15.05,0.00,0.00,5.38,0.00,0.00,0.00,63.44
11:16:05,5,15.22,0.00,13.04,0.00,0.00,4.35,0.00,0.00,0.00,67.39
11:16:05,6,12.90,0.00,10.75,0.00,0.00,6.45,0.00,0.00,0.00,69.89
11:16:05,7,14.74,0.00,10.53,0.00,0.00,4.21,0.00,0.00,0.00,70.53
11:16:05,12,15.22,0.00,13.04,1.09,0.00,5.43,0.00,0.00,0.00,65.22
11:16:05,13,15.96,0.00,13.83,0.00,0.00,4.26,0.00,0.00,0.00,65.96
11:16:05,14,12.90,0.00,12.90,1.08,0.00,5.38,0.00,0.00,0.00,67.74
11:16:05,15,13.83,0.00,11.70,0.00,0.00,5.32,0.00,0.00,0.00,69.15
11:16:06,4,16.30,0.00,11.96,0.00,0.00,4.35,0.00,0.00,0.00,67.39
11:16:06,5,15.22,0.00,14.13,0.00,0.00,4.35,0.00,0.00,0.00,66.30
11:16:06,6,14.89,0.00,14.89,0.00,0.00,5.32,0.00,0.00,0.00,64.89
11:16:06,7,13.68,0.00,13.68,0.00,0.00,4.21,0.00,0.00,0.00,68.42
11:16:06,12,15.62,0.00,12.50,0.00,0.00,4.17,0.00,0.00,0.00,67.71
11:16:06,13,15.79,0.00,17.89,0.00,0.00,3.16,0.00,0.00,0.00,63.16
11:16:06,14,15.05,0.00,10.75,0.00,0.00,4.30,0.00,0.00,0.00,69.89
11:16:06,15,12.09,0.00,9.89,0.00,0.00,4.40,0.00,0.00,0.00,73.63
11:16:07,4,14.89,0.00,10.64,0.00,0.00,5.32,0.00,0.00,0.00,69.15
11:16:07,5,17.58,0.00,9.89,0.00,0.00,4.40,0.00,0.00,0.00,68.13
11:16:07,6,13.33,0.00,10.00,0.00,0.00,4.44,0.00,0.00,0.00,72.22
11:16:07,7,11.46,0.00,13.54,0.00,0.00,5.21,0.00,0.00,0.00,69.79
11:16:07,12,15.56,0.00,13.33,0.00,0.00,4.44,0.00,0.00,0.00,66.67
11:16:07,13,14.89,0.00,11.70,0.00,0.00,5.32,0.00,0.00,0.00,68.09
11:16:07,14,15.22,0.00,11.96,0.00,0.00,4.35,0.00,0.00,0.00,68.48
11:16:07,15,12.90,0.00,12.90,0.00,0.00,4.30,0.00,0.00,0.00,69.89
11:16:08,4,15.96,0.00,12.77,0.00,0.00,4.26,0.00,0.00,0.00,67.02
11:16:08,5,17.89,0.00,11.58,0.00,0.00,5.26,0.00,0.00,0.00,65.26
11:16:08,6,15.22,0.00,11.96,0.00,0.00,5.43,0.00,0.00,0.00,67.39
11:16:08,7,13.98,0.00,10.75,0.00,0.00,4.30,0.00,0.00,0.00,70.97
11:16:08,12,13.98,0.00,11.83,0.00,0.00,5.38,0.00,0.00,0.00,68.82
11:16:08,13,14.13,0.00,11.96,0.00,0.00,5.43,0.00,0.00,0.00,68.48
11:16:08,14,14.13,0.00,10.87,0.00,0.00,4.35,0.00,0.00,0.00,70.65
11:16:08,15,11.83,0.00,10.75,0.00,0.00,4.30,0.00,0.00,0.00,73.12
11:16:09,4,15.22,0.00,11.96,0.00,0.00,4.35,0.00,0.00,0.00,68.48
11:16:09,5,14.89,0.00,12.77,0.00,0.00,4.26,0.00,0.00,0.00,68.09
11:16:09,6,12.90,0.00,11.83,0.00,0.00,4.30,0.00,0.00,0.00,70.97
11:16:09,7,12.50,0.00,13.54,0.00,0.00,4.17,0.00,0.00,0.00,69.79
11:16:09,12,13.98,0.00,15.05,0.00,0.00,5.38,0.00,0.00,0.00,65.59
11:16:09,13,14.13,0.00,14.13,0.00,0.00,4.35,0.00,0.00,0.00,67.39
11:16:09,14,13.98,0.00,11.83,0.00,0.00,5.38,0.00,0.00,0.00,68.82
11:16:09,15,14.74,0.00,12.63,0.00,0.00,4.21,0.00,0.00,0.00,68.42
11:16:10,4,16.30,0.00,11.96,0.00,0.00,5.43,0.00,0.00,0.00,66.30
11:16:10,5,16.48,0.00,12.09,0.00,0.00,3.30,0.00,0.00,0.00,68.13
11:16:10,6,14.13,0.00,13.04,0.00,0.00,4.35,0.00,0.00,0.00,68.48
11:16:10,7,14.61,0.00,10.11,0.00,0.00,3.37,0.00,0.00,0.00,71.91
11:16:10,12,17.02,0.00,10.64,0.00,0.00,4.26,0.00,0.00,0.00,68.09
11:16:10,13,15.05,0.00,12.90,1.08,0.00,4.30,0.00,0.00,0.00,66.67
11:16:10,14,13.98,0.00,11.83,2.15,0.00,5.38,0.00,0.00,0.00,66.67
11:16:10,15,15.96,0.00,11.70,0.00,0.00,4.26,0.00,0.00,0.00,68.09
11:16:11,4,13.98,0.00,12.90,0.00,0.00,4.30,0.00,0.00,0.00,68.82
11:16:11,5,14.74,0.00,11.58,0.00,0.00,5.26,0.00,0.00,0.00,68.42
11:16:11,6,12.90,0.00,15.05,0.00,0.00,4.30,0.00,0.00,0.00,67.74
11:16:11,7,11.96,0.00,13.04,0.00,0.00,5.43,0.00,0.00,0.00,69.57
11:16:11,12,13.04,0.00,13.04,0.00,0.00,4.35,0.00,0.00,0.00,69.57
11:16:11,13,14.13,0.00,11.96,0.00,0.00,4.35,0.00,0.00,0.00,69.57
11:16:11,14,14.13,0.00,11.96,0.00,0.00,4.35,0.00,0.00,0.00,69.57
11:16:11,15,14.13,0.00,11.96,0.00,0.00,3.26,0.00,0.00,0.00,70.65
11:16:12,4,13.04,0.00,11.96,0.00,0.00,5.43,0.00,0.00,0.00,69.57
11:16:12,5,16.30,0.00,13.04,0.00,0.00,5.43,0.00,0.00,0.00,65.22
11:16:12,6,14.29,0.00,10.99,0.00,0.00,4.40,0.00,0.00,0.00,70.33
11:16:12,7,11.83,0.00,11.83,0.00,0.00,4.30,0.00,0.00,0.00,72.04
11:16:12,12,13.33,0.00,10.00,0.00,0.00,4.44,0.00,0.00,0.00,72.22
11:16:12,13,15.22,0.00,13.04,0.00,0.00,4.35,0.00,0.00,0.00,67.39
11:16:12,14,13.83,0.00,13.83,0.00,0.00,6.38,0.00,0.00,0.00,65.96
11:16:12,15,14.58,0.00,12.50,0.00,0.00,5.21,0.00,0.00,0.00,67.71
11:16:13,4,14.13,0.00,11.96,0.00,0.00,5.43,0.00,0.00,0.00,68.48
11:16:13,5,14.13,0.00,11.96,0.00,0.00,4.35,0.00,0.00,0.00,69.57
11:16:13,6,13.68,0.00,12.63,0.00,0.00,5.26,0.00,0.00,0.00,68.42
11:16:13,7,12.77,0.00,10.64,0.00,0.00,5.32,0.00,0.00,0.00,71.28
11:16:13,12,13.04,0.00,10.87,0.00,0.00,5.43,0.00,0.00,0.00,70.65
11:16:13,13,14.13,0.00,13.04,0.00,0.00,4.35,0.00,0.00,0.00,68.48
11:16:13,14,16.84,0.00,13.68,0.00,0.00,4.21,0.00,0.00,0.00,65.26
11:16:13,15,14.89,0.00,10.64,0.00,0.00,4.26,0.00,0.00,0.00,70.21
11:16:14,4,13.83,0.00,11.70,0.00,0.00,5.32,0.00,0.00,0.00,69.15
11:16:14,5,14.89,0.00,11.70,0.00,0.00,5.32,0.00,0.00,0.00,68.09
11:16:14,6,14.13,0.00,11.96,0.00,0.00,4.35,0.00,0.00,0.00,69.57
11:16:14,7,12.90,0.00,11.83,0.00,0.00,3.23,0.00,0.00,0.00,72.04
11:16:14,12,13.98,0.00,12.90,0.00,0.00,4.30,0.00,0.00,0.00,68.82
11:16:14,13,13.98,0.00,10.75,0.00,0.00,4.30,0.00,0.00,0.00,70.97
11:16:14,14,13.98,0.00,16.13,0.00,0.00,4.30,0.00,0.00,0.00,65.59
11:16:14,15,14.13,0.00,11.96,0.00,0.00,4.35,0.00,0.00,0.00,69.57
11:16:15,4,16.13,0.00,11.83,0.00,0.00,5.38,0.00,0.00,0.00,66.67
11:16:15,5,15.22,0.00,11.96,0.00,0.00,4.35,0.00,0.00,0.00,68.48
11:16:15,6,13.04,0.00,11.96,1.09,0.00,6.52,0.00,0.00,0.00,67.39
11:16:15,7,11.96,0.00,11.96,0.00,0.00,5.43,0.00,0.00,0.00,70.65
11:16:15,12,17.02,0.00,13.83,2.13,0.00,5.32,0.00,0.00,0.00,61.70
11:16:15,13,15.22,0.00,10.87,0.00,0.00,6.52,0.00,0.00,0.00,67.39
11:16:15,14,13.04,0.00,14.13,0.00,0.00,4.35,0.00,0.00,0.00,68.48
11:16:15,15,13.04,0.00,11.96,0.00,0.00,4.35,0.00,0.00,0.00,70.65
11:16:16,4,14.74,0.00,13.68,0.00,0.00,7.37,0.00,0.00,0.00,64.21
11:16:16,5,15.22,0.00,11.96,0.00,0.00,4.35,0.00,0.00,0.00,68.48
11:16:16,6,14.13,0.00,11.96,0.00,0.00,4.35,0.00,0.00,0.00,69.57
11:16:16,7,12.77,0.00,11.70,0.00,0.00,4.26,0.00,0.00,0.00,71.28
11:16:16,12,15.05,0.00,12.90,0.00,0.00,3.23,0.00,0.00,0.00,68.82
11:16:16,13,16.84,0.00,13.68,0.00,0.00,4.21,0.00,0.00,0.00,65.26
11:16:16,14,13.83,0.00,12.77,0.00,0.00,5.32,0.00,0.00,0.00,68.09
11:16:16,15,12.50,0.00,12.50,0.00,0.00,6.25,0.00,0.00,0.00,68.75
11:16:17,4,13.04,0.00,14.13,0.00,0.00,4.35,0.00,0.00,0.00,68.48
11:16:17,5,16.67,0.00,10.42,0.00,0.00,5.21,0.00,0.00,0.00,67.71
11:16:17,6,12.77,0.00,11.70,0.00,0.00,5.32,0.00,0.00,0.00,70.21
11:16:17,7,12.90,0.00,10.75,0.00,0.00,4.30,0.00,0.00,0.00,72.04
11:16:17,12,13.98,0.00,13.98,0.00,0.00,4.30,0.00,0.00,0.00,67.74
11:16:17,13,16.13,0.00,12.90,0.00,0.00,4.30,0.00,0.00,0.00,66.67
11:16:17,14,12.90,0.00,15.05,0.00,0.00,4.30,0.00,0.00,0.00,67.74
11:16:17,15,13.83,0.00,13.83,0.00,0.00,4.26,0.00,0.00,0.00,68.09
11:16:18,4,13.83,0.00,12.77,0.00,0.00,5.32,0.00,0.00,0.00,68.09
11:16:18,5,15.05,0.00,13.98,0.00,0.00,5.38,0.00,0.00,0.00,65.59
11:16:18,6,15.05,0.00,10.75,0.00,0.00,4.30,0.00,0.00,0.00,69.89
11:16:18,7,12.77,0.00,8.51,0.00,0.00,4.26,0.00,0.00,0.00,74.47
11:16:18,12,17.02,0.00,11.70,0.00,0.00,5.32,0.00,0.00,0.00,65.96
11:16:18,13,15.22,0.00,16.30,0.00,0.00,4.35,0.00,0.00,0.00,64.13
11:16:18,14,14.89,0.00,12.77,0.00,0.00,5.32,0.00,0.00,0.00,67.02
11:16:18,15,11.83,0.00,11.83,0.00,0.00,4.30,0.00,0.00,0.00,72.04
11:16:19,4,16.13,0.00,12.90,0.00,0.00,4.30,0.00,0.00,0.00,66.67
11:16:19,5,14.13,0.00,11.96,0.00,0.00,4.35,0.00,0.00,0.00,69.57
11:16:19,6,14.13,0.00,11.96,0.00,0.00,5.43,0.00,0.00,0.00,68.48
11:16:19,7,12.77,0.00,10.64,0.00,0.00,4.26,0.00,0.00,0.00,72.34
11:16:19,12,11.96,0.00,13.04,0.00,0.00,4.35,0.00,0.00,0.00,70.65
11:16:19,13,15.05,0.00,11.83,0.00,0.00,4.30,0.00,0.00,0.00,68.82
11:16:19,14,13.98,0.00,11.83,0.00,0.00,5.38,0.00,0.00,0.00,68.82
11:16:19,15,11.70,0.00,10.64,0.00,0.00,5.32,0.00,0.00,0.00,72.34
11:16:20,4,13.19,0.00,13.19,0.00,0.00,3.30,0.00,0.00,0.00,70.33
11:16:20,5,17.20,0.00,12.90,0.00,0.00,3.23,0.00,0.00,0.00,66.67
11:16:20,6,15.05,0.00,13.98,0.00,0.00,3.23,0.00,0.00,0.00,67.74
11:16:20,7,11.83,0.00,12.90,0.00,0.00,4.30,0.00,0.00,0.00,70.97
11:16:20,12,13.04,0.00,13.04,0.00,0.00,4.35,0.00,0.00,0.00,69.57
11:16:20,13,15.38,0.00,17.58,1.10,0.00,4.40,0.00,0.00,0.00,61.54
11:16:20,14,15.79,0.00,13.68,0.00,0.00,5.26,0.00,0.00,0.00,65.26
11:16:20,15,13.98,0.00,11.83,0.00,0.00,6.45,0.00,0.00,0.00,67.74
11:16:21,4,13.98,0.00,12.90,0.00,0.00,4.30,0.00,0.00,0.00,68.82
11:16:21,5,14.89,0.00,12.77,0.00,0.00,4.26,0.00,0.00,0.00,68.09
11:16:21,6,12.63,0.00,13.68,0.00,0.00,5.26,0.00,0.00,0.00,68.42
11:16:21,7,13.04,0.00,9.78,0.00,0.00,4.35,0.00,0.00,0.00,72.83
11:16:21,12,15.96,0.00,12.77,0.00,0.00,4.26,0.00,0.00,0.00,67.02
11:16:21,13,17.39,0.00,9.78,0.00,0.00,4.35,0.00,0.00,0.00,68.48
11:16:21,14,14.89,0.00,12.77,0.00,0.00,5.32,0.00,0.00,0.00,67.02
11:16:21,15,12.37,0.00,14.43,1.03,0.00,5.15,0.00,0.00,0.00,67.01
11:16:22,4,13.98,0.00,12.90,0.00,0.00,4.30,0.00,0.00,0.00,68.82
11:16:22,5,13.19,0.00,12.09,0.00,0.00,4.40,0.00,0.00,0.00,70.33
11:16:22,6,13.04,0.00,11.96,0.00,0.00,5.43,0.00,0.00,0.00,69.57
11:16:22,7,13.04,0.00,11.96,0.00,0.00,4.35,0.00,0.00,0.00,70.65
11:16:22,12,14.29,0.00,10.99,0.00,0.00,7.69,0.00,0.00,0.00,67.03
11:16:22,13,13.98,0.00,13.98,0.00,0.00,4.30,0.00,0.00,0.00,67.74
11:16:22,14,15.79,0.00,11.58,0.00,0.00,5.26,0.00,0.00,0.00,67.37
11:16:22,15,12.09,0.00,10.99,0.00,0.00,5.49,0.00,0.00,0.00,71.43
11:16:23,4,14.58,0.00,12.50,0.00,0.00,4.17,0.00,0.00,0.00,68.75
11:16:23,5,14.74,0.00,13.68,0.00,0.00,5.26,0.00,0.00,0.00,66.32
11:16:23,6,15.05,0.00,10.75,0.00,0.00,4.30,0.00,0.00,0.00,69.89
11:16:23,7,13.68,0.00,12.63,0.00,0.00,5.26,0.00,0.00,0.00,68.42
11:16:23,12,13.19,0.00,14.29,0.00,0.00,4.40,0.00,0.00,0.00,68.13
11:16:23,13,13.19,0.00,10.99,0.00,0.00,5.49,0.00,0.00,0.00,70.33
11:16:23,14,12.09,0.00,12.09,0.00,0.00,4.40,0.00,0.00,0.00,71.43
11:16:23,15,11.58,0.00,12.63,0.00,0.00,5.26,0.00,0.00,0.00,70.53
11:16:24,4,16.84,0.00,12.63,0.00,0.00,3.16,0.00,0.00,0.00,67.37
11:16:24,5,13.33,0.00,11.11,0.00,0.00,3.33,0.00,0.00,0.00,72.22
11:16:24,6,14.13,0.00,13.04,0.00,0.00,3.26,0.00,0.00,0.00,69.57
11:16:24,7,11.96,0.00,14.13,0.00,0.00,4.35,0.00,0.00,0.00,69.57
11:16:24,12,14.89,0.00,12.77,0.00,0.00,3.19,0.00,0.00,0.00,69.15
11:16:24,13,13.83,0.00,11.70,0.00,0.00,5.32,0.00,0.00,0.00,69.15
11:16:24,14,14.74,0.00,12.63,0.00,0.00,5.26,0.00,0.00,0.00,67.37
11:16:24,15,12.77,0.00,12.77,0.00,0.00,5.32,0.00,0.00,0.00,69.15
11:16:25,4,13.83,0.00,11.70,0.00,0.00,5.32,0.00,0.00,0.00,69.15
11:16:25,5,15.79,0.00,15.79,0.00,0.00,5.26,0.00,0.00,0.00,63.16
11:16:25,6,15.05,0.00,11.83,0.00,0.00,6.45,0.00,0.00,0.00,66.67
11:16:25,7,12.63,0.00,11.58,0.00,0.00,6.32,0.00,0.00,0.00,69.47
11:16:25,12,16.13,0.00,10.75,0.00,0.00,5.38,0.00,0.00,0.00,67.74
11:16:25,13,14.44,0.00,10.00,0.00,0.00,4.44,0.00,0.00,0.00,71.11
11:16:25,14,19.15,0.00,12.77,1.06,0.00,3.19,0.00,0.00,0.00,63.83
11:16:25,15,15.05,0.00,10.75,0.00,0.00,3.23,0.00,0.00,0.00,70.97
11:16:26,4,16.13,0.00,11.83,1.08,0.00,5.38,0.00,0.00,0.00,65.59
11:16:26,5,14.13,0.00,11.96,0.00,0.00,5.43,0.00,0.00,0.00,68.48
11:16:26,6,13.04,0.00,11.96,0.00,0.00,5.43,0.00,0.00,0.00,69.57
11:16:26,7,11.83,0.00,9.68,0.00,0.00,5.38,0.00,0.00,0.00,73.12
11:16:26,12,13.33,0.00,11.11,0.00,0.00,6.67,0.00,0.00,0.00,68.89
11:16:26,13,15.05,0.00,13.98,0.00,0.00,5.38,0.00,0.00,0.00,65.59
11:16:26,14,14.74,0.00,12.63,0.00,0.00,5.26,0.00,0.00,0.00,67.37
11:16:26,15,11.70,0.00,12.77,0.00,0.00,4.26,0.00,0.00,0.00,71.28
11:16:27,4,15.22,0.00,14.13,0.00,0.00,4.35,0.00,0.00,0.00,66.30
11:16:27,5,14.13,0.00,13.04,0.00,0.00,4.35,0.00,0.00,0.00,68.48
11:16:27,6,13.19,0.00,12.09,0.00,0.00,4.40,0.00,0.00,0.00,70.33
11:16:27,7,13.19,0.00,9.89,0.00,0.00,4.40,0.00,0.00,0.00,72.53
11:16:27,12,14.89,0.00,12.77,0.00,0.00,4.26,0.00,0.00,0.00,68.09
11:16:27,13,12.90,0.00,13.98,0.00,0.00,5.38,0.00,0.00,0.00,67.74
11:16:27,14,14.29,0.00,10.99,0.00,0.00,4.40,0.00,0.00,0.00,70.33
11:16:27,15,12.90,0.00,11.83,0.00,0.00,4.30,0.00,0.00,0.00,70.97
11:16:28,4,16.84,0.00,11.58,0.00,0.00,4.21,0.00,0.00,0.00,67.37
11:16:28,5,14.89,0.00,13.83,0.00,0.00,3.19,0.00,0.00,0.00,68.09
11:16:28,6,15.96,0.00,11.70,0.00,0.00,5.32,0.00,0.00,0.00,67.02
11:16:28,7,13.54,0.00,12.50,0.00,0.00,4.17,0.00,0.00,0.00,69.79
11:16:28,12,13.54,0.00,12.50,0.00,0.00,5.21,0.00,0.00,0.00,68.75
11:16:28,13,15.38,0.00,14.29,0.00,0.00,4.40,0.00,0.00,0.00,65.93
11:16:28,14,14.13,0.00,11.96,0.00,0.00,4.35,0.00,0.00,0.00,69.57
11:16:28,15,11.70,0.00,12.77,0.00,0.00,4.26,0.00,0.00,0.00,71.28
11:16:29,4,15.38,0.00,12.09,0.00,0.00,4.40,0.00,0.00,0.00,68.13
11:16:29,5,12.22,0.00,12.22,0.00,0.00,4.44,0.00,0.00,0.00,71.11
11:16:29,6,13.83,0.00,12.77,0.00,0.00,4.26,0.00,0.00,0.00,69.15
11:16:29,7,13.98,0.00,10.75,0.00,0.00,4.30,0.00,0.00,0.00,70.97
11:16:29,12,14.89,0.00,14.89,0.00,0.00,3.19,0.00,0.00,0.00,67.02
11:16:29,13,16.13,0.00,11.83,0.00,0.00,3.23,0.00,0.00,0.00,68.82
11:16:29,14,13.83,0.00,13.83,0.00,0.00,3.19,0.00,0.00,0.00,69.15
11:16:29,15,13.98,0.00,10.75,0.00,0.00,4.30,0.00,0.00,0.00,70.97
11:16:30,4,14.89,0.00,13.83,0.00,0.00,4.26,0.00,0.00,0.00,67.02
11:16:30,5,15.96,0.00,11.70,2.13,0.00,4.26,0.00,0.00,0.00,65.96
11:16:30,6,12.77,0.00,12.77,0.00,0.00,6.38,0.00,0.00,0.00,68.09
11:16:30,7,15.05,0.00,10.75,0.00,0.00,4.30,0.00,0.00,0.00,69.89
11:16:30,12,15.38,0.00,13.19,0.00,0.00,4.40,0.00,0.00,0.00,67.03
11:16:30,13,17.20,0.00,10.75,0.00,0.00,4.30,0.00,0.00,0.00,67.74
11:16:30,14,15.05,0.00,10.75,0.00,0.00,5.38,0.00,0.00,0.00,68.82
11:16:30,15,13.98,0.00,11.83,0.00,0.00,4.30,0.00,0.00,0.00,69.89
11:16:31,4,15.05,0.00,10.75,0.00,0.00,5.38,0.00,0.00,0.00,68.82
11:16:31,5,15.05,0.00,12.90,0.00,0.00,3.23,0.00,0.00,0.00,68.82
11:16:31,6,12.09,0.00,13.19,0.00,0.00,4.40,0.00,0.00,0.00,70.33
11:16:31,7,10.87,0.00,11.96,0.00,0.00,4.35,0.00,0.00,0.00,72.83
11:16:31,12,14.43,0.00,12.37,0.00,0.00,5.15,0.00,0.00,0.00,68.04
11:16:31,13,13.04,0.00,13.04,0.00,0.00,6.52,0.00,0.00,0.00,67.39
11:16:31,14,15.96,0.00,11.70,1.06,0.00,6.38,0.00,0.00,0.00,64.89
11:16:31,15,13.98,0.00,11.83,0.00,0.00,5.38,0.00,0.00,0.00,68.82
11:16:32,4,13.19,0.00,12.09,0.00,0.00,4.40,0.00,0.00,0.00,70.33
11:16:32,5,13.83,0.00,12.77,0.00,0.00,4.26,0.00,0.00,0.00,69.15
11:16:32,6,13.19,0.00,9.89,0.00,0.00,5.49,0.00,0.00,0.00,71.43
11:16:32,7,12.63,0.00,12.63,0.00,0.00,5.26,0.00,0.00,0.00,69.47
11:16:32,12,13.83,0.00,11.70,0.00,0.00,5.32,0.00,0.00,0.00,69.15
11:16:32,13,13.48,0.00,10.11,0.00,0.00,4.49,0.00,0.00,0.00,71.91
11:16:32,14,14.44,0.00,12.22,0.00,0.00,4.44,0.00,0.00,0.00,68.89
11:16:32,15,14.13,0.00,10.87,0.00,0.00,4.35,0.00,0.00,0.00,70.65
11:16:33,4,14.29,0.00,12.09,0.00,0.00,5.49,0.00,0.00,0.00,68.13
11:16:33,5,13.33,0.00,13.33,0.00,0.00,4.44,0.00,0.00,0.00,68.89
11:16:33,6,17.71,0.00,11.46,0.00,0.00,5.21,0.00,0.00,0.00,65.62
11:16:33,7,12.77,0.00,11.70,0.00,0.00,4.26,0.00,0.00,0.00,71.28
11:16:33,12,15.05,0.00,11.83,0.00,0.00,5.38,0.00,0.00,0.00,67.74
11:16:33,13,15.22,0.00,10.87,0.00,0.00,4.35,0.00,0.00,0.00,69.57
11:16:33,14,12.90,0.00,12.90,0.00,0.00,4.30,0.00,0.00,0.00,69.89
11:16:33,15,13.04,0.00,10.87,0.00,0.00,4.35,0.00,0.00,0.00,71.74
11:16:34,4,14.89,0.00,12.77,0.00,0.00,4.26,0.00,0.00,0.00,68.09
11:16:34,5,15.05,0.00,11.83,0.00,0.00,4.30,0.00,0.00,0.00,68.82
11:16:34,6,11.96,0.00,11.96,0.00,0.00,5.43,0.00,0.00,0.00,70.65
11:16:34,7,12.12,0.00,15.15,0.00,0.00,4.04,0.00,0.00,0.00,68.69
11:16:34,12,15.62,0.00,12.50,0.00,0.00,6.25,0.00,0.00,0.00,65.62
11:16:34,13,14.29,0.00,14.29,0.00,0.00,4.40,0.00,0.00,0.00,67.03
11:16:34,14,14.29,0.00,12.09,0.00,0.00,4.40,0.00,0.00,0.00,69.23
11:16:34,15,13.19,0.00,9.89,0.00,0.00,4.40,0.00,0.00,0.00,72.53
11:16:35,4,19.57,0.00,14.13,0.00,0.00,3.26,0.00,0.00,0.00,63.04
11:16:35,5,16.48,0.00,13.19,1.10,0.00,3.30,0.00,0.00,0.00,65.93
11:16:35,6,13.68,0.00,14.74,0.00,0.00,5.26,0.00,0.00,0.00,66.32
11:16:35,7,15.05,0.00,10.75,0.00,0.00,3.23,0.00,0.00,0.00,70.97
11:16:35,12,14.29,0.00,14.29,0.00,0.00,3.30,0.00,0.00,0.00,68.13
11:16:35,13,15.79,0.00,14.74,0.00,0.00,4.21,0.00,0.00,0.00,65.26
11:16:35,14,15.05,0.00,10.75,0.00,0.00,5.38,0.00,0.00,0.00,68.82
11:16:35,15,14.74,0.00,10.53,0.00,0.00,5.26,0.00,0.00,0.00,69.47
11:16:36,4,15.96,0.00,13.83,0.00,0.00,4.26,0.00,0.00,0.00,65.96
11:16:36,5,14.89,0.00,11.70,0.00,0.00,5.32,0.00,0.00,0.00,68.09
11:16:36,6,13.04,0.00,9.78,0.00,0.00,5.43,0.00,0.00,0.00,71.74
11:16:36,7,11.96,0.00,10.87,0.00,0.00,4.35,0.00,0.00,0.00,72.83
11:16:36,12,13.98,0.00,13.98,0.00,0.00,5.38,0.00,0.00,0.00,66.67
11:16:36,13,14.13,0.00,13.04,0.00,0.00,4.35,0.00,0.00,0.00,68.48
11:16:36,14,14.44,0.00,11.11,0.00,0.00,4.44,0.00,0.00,0.00,70.00
11:16:36,15,13.54,0.00,13.54,1.04,0.00,3.12,0.00,0.00,0.00,68.75
11:16:37,4,13.19,0.00,12.09,0.00,0.00,4.40,0.00,0.00,0.00,70.33
11:16:37,5,14.29,0.00,13.19,0.00,0.00,5.49,0.00,0.00,0.00,67.03
11:16:37,6,14.13,0.00,14.13,0.00,0.00,3.26,0.00,0.00,0.00,68.48
11:16:37,7,11.24,0.00,10.11,0.00,0.00,4.49,0.00,0.00,0.00,74.16
11:16:37,12,13.33,0.00,12.22,0.00,0.00,4.44,0.00,0.00,0.00,70.00
11:16:37,13,16.67,0.00,12.50,0.00,0.00,3.12,0.00,0.00,0.00,67.71
11:16:37,14,14.61,0.00,10.11,0.00,0.00,4.49,0.00,0.00,0.00,70.79
11:16:37,15,13.04,0.00,9.78,0.00,0.00,4.35,0.00,0.00,0.00,72.83
11:16:38,4,13.83,0.00,12.77,0.00,0.00,6.38,0.00,0.00,0.00,67.02
11:16:38,5,14.13,0.00,13.04,0.00,0.00,4.35,0.00,0.00,0.00,68.48
11:16:38,6,13.19,0.00,10.99,0.00,0.00,4.40,0.00,0.00,0.00,71.43
11:16:38,7,12.63,0.00,11.58,0.00,0.00,3.16,0.00,0.00,0.00,72.63
11:16:38,12,13.98,0.00,13.98,0.00,0.00,4.30,0.00,0.00,0.00,67.74
11:16:38,13,15.22,0.00,14.13,0.00,0.00,3.26,0.00,0.00,0.00,67.39
11:16:38,14,14.29,0.00,10.99,0.00,0.00,4.40,0.00,0.00,0.00,70.33
11:16:38,15,13.83,0.00,12.77,0.00,0.00,4.26,0.00,0.00,0.00,69.15
11:16:39,4,18.56,0.00,12.37,0.00,0.00,5.15,0.00,0.00,0.00,63.92
11:16:39,5,16.13,0.00,11.83,0.00,0.00,4.30,0.00,0.00,0.00,67.74
11:16:39,6,13.98,0.00,10.75,0.00,0.00,5.38,0.00,0.00,0.00,69.89
11:16:39,7,13.04,0.00,9.78,0.00,0.00,3.26,0.00,0.00,0.00,73.91
11:16:39,12,13.04,0.00,13.04,0.00,0.00,5.43,0.00,0.00,0.00,68.48
11:16:39,13,15.05,0.00,13.98,0.00,0.00,5.38,0.00,0.00,0.00,65.59
11:16:39,14,15.05,0.00,11.83,0.00,0.00,5.38,0.00,0.00,0.00,67.74
11:16:39,15,11.70,0.00,12.77,0.00,0.00,4.26,0.00,0.00,0.00,71.28
11:16:40,4,15.96,0.00,11.70,0.00,0.00,4.26,0.00,0.00,0.00,68.09
11:16:40,5,15.38,0.00,17.58,2.20,0.00,3.30,0.00,0.00,0.00,61.54
11:16:40,6,17.20,0.00,10.75,0.00,0.00,5.38,0.00,0.00,0.00,66.67
11:16:40,7,13.98,0.00,10.75,0.00,0.00,4.30,0.00,0.00,0.00,70.97
11:16:40,12,17.02,0.00,13.83,0.00,0.00,5.32,0.00,0.00,0.00,63.83
11:16:40,13,16.30,0.00,10.87,0.00,0.00,4.35,0.00,0.00,0.00,68.48
11:16:40,14,13.83,0.00,12.77,0.00,0.00,5.32,0.00,0.00,0.00,68.09
11:16:40,15,11.96,0.00,11.96,0.00,0.00,4.35,0.00,0.00,0.00,71.74
11:16:41,4,13.04,0.00,10.87,0.00,0.00,5.43,0.00,0.00,0.00,70.65
11:16:41,5,16.13,0.00,10.75,0.00,0.00,5.38,0.00,0.00,0.00,67.74
11:16:41,6,15.05,0.00,11.83,0.00,0.00,4.30,0.00,0.00,0.00,68.82
11:16:41,7,11.70,0.00,11.70,2.13,0.00,6.38,0.00,0.00,0.00,68.09
11:16:41,12,13.68,0.00,12.63,0.00,0.00,5.26,0.00,0.00,0.00,68.42
11:16:41,13,15.05,0.00,9.68,2.15,0.00,4.30,0.00,0.00,0.00,68.82
11:16:41,14,15.22,0.00,11.96,0.00,0.00,3.26,0.00,0.00,0.00,69.57
11:16:41,15,13.68,0.00,12.63,0.00,0.00,4.21,0.00,0.00,0.00,69.47
11:16:42,4,14.13,0.00,11.96,0.00,0.00,5.43,0.00,0.00,0.00,68.48
11:16:42,5,15.05,0.00,13.98,0.00,0.00,4.30,0.00,0.00,0.00,66.67
11:16:42,6,12.90,0.00,10.75,0.00,0.00,6.45,0.00,0.00,0.00,69.89
11:16:42,7,14.43,0.00,12.37,0.00,0.00,4.12,0.00,0.00,0.00,69.07
11:16:42,12,17.89,0.00,11.58,0.00,0.00,5.26,0.00,0.00,0.00,65.26
11:16:42,13,16.48,0.00,9.89,0.00,0.00,4.40,0.00,0.00,0.00,69.23
11:16:42,14,12.90,0.00,12.90,0.00,0.00,5.38,0.00,0.00,0.00,68.82
11:16:42,15,13.68,0.00,11.58,0.00,0.00,5.26,0.00,0.00,0.00,69.47
11:16:43,4,16.30,0.00,10.87,0.00,0.00,3.26,0.00,0.00,0.00,69.57
11:16:43,5,14.29,0.00,10.99,0.00,0.00,5.49,0.00,0.00,0.00,69.23
11:16:43,6,13.04,0.00,10.87,0.00,0.00,5.43,0.00,0.00,0.00,70.65
11:16:43,7,12.90,0.00,9.68,0.00,0.00,5.38,0.00,0.00,0.00,72.04
11:16:43,12,14.44,0.00,11.11,0.00,0.00,5.56,0.00,0.00,0.00,68.89
11:16:43,13,14.74,0.00,12.63,0.00,0.00,5.26,0.00,0.00,0.00,67.37
11:16:43,14,16.67,0.00,11.46,0.00,0.00,4.17,0.00,0.00,0.00,67.71
11:16:43,15,12.90,0.00,11.83,0.00,0.00,3.23,0.00,0.00,0.00,72.04
11:16:44,4,13.83,0.00,10.64,0.00,0.00,5.32,0.00,0.00,0.00,70.21
11:16:44,5,14.13,0.00,9.78,0.00,0.00,5.43,0.00,0.00,0.00,70.65
11:16:44,6,12.90,0.00,12.90,0.00,0.00,4.30,0.00,0.00,0.00,69.89
11:16:44,7,12.63,0.00,12.63,0.00,0.00,4.21,0.00,0.00,0.00,70.53
11:16:44,12,13.04,0.00,10.87,0.00,0.00,4.35,0.00,0.00,0.00,71.74
11:16:44,13,15.79,0.00,12.63,0.00,0.00,5.26,0.00,0.00,0.00,66.32
11:16:44,14,13.19,0.00,12.09,0.00,0.00,4.40,0.00,0.00,0.00,70.33
11:16:44,15,14.13,0.00,9.78,0.00,0.00,4.35,0.00,0.00,0.00,71.74
11:16:45,4,14.29,0.00,12.09,0.00,0.00,4.40,0.00,0.00,0.00,69.23
11:16:45,5,15.22,0.00,10.87,0.00,0.00,5.43,0.00,0.00,0.00,68.48
11:16:45,6,15.56,0.00,12.22,0.00,0.00,4.44,0.00,0.00,0.00,67.78
11:16:45,7,16.30,0.00,10.87,0.00,0.00,4.35,0.00,0.00,0.00,68.48
11:16:45,12,14.89,0.00,12.77,0.00,0.00,4.26,0.00,0.00,0.00,68.09
11:16:45,13,15.05,0.00,10.75,0.00,0.00,5.38,0.00,0.00,0.00,68.82
11:16:45,14,15.62,0.00,13.54,0.00,0.00,5.21,0.00,0.00,0.00,65.62
11:16:45,15,11.96,0.00,11.96,0.00,0.00,5.43,0.00,0.00,0.00,70.65
11:16:46,4,15.05,0.00,10.75,0.00,0.00,4.30,0.00,0.00,0.00,69.89
11:16:46,5,15.22,0.00,11.96,0.00,0.00,3.26,0.00,0.00,0.00,69.57
11:16:46,6,13.83,0.00,12.77,0.00,0.00,5.32,0.00,0.00,0.00,68.09
11:16:46,7,11.83,0.00,11.83,0.00,0.00,5.38,0.00,0.00,0.00,70.97
11:16:46,12,15.22,0.00,13.04,0.00,0.00,5.43,0.00,0.00,0.00,66.30
11:16:46,13,15.22,0.00,11.96,0.00,0.00,4.35,0.00,0.00,0.00,68.48
11:16:46,14,16.48,0.00,10.99,0.00,0.00,3.30,0.00,0.00,0.00,69.23
11:16:46,15,13.83,0.00,12.77,1.06,0.00,4.26,0.00,0.00,0.00,68.09
11:16:47,4,13.98,0.00,12.90,0.00,0.00,4.30,0.00,0.00,0.00,68.82
11:16:47,5,14.29,0.00,10.99,0.00,0.00,5.49,0.00,0.00,0.00,69.23
11:16:47,6,11.96,0.00,13.04,0.00,0.00,5.43,0.00,0.00,0.00,69.57
11:16:47,7,11.83,0.00,11.83,0.00,0.00,5.38,0.00,0.00,0.00,70.97
11:16:47,12,12.22,0.00,12.22,0.00,0.00,4.44,0.00,0.00,0.00,71.11
11:16:47,13,15.79,0.00,11.58,0.00,0.00,4.21,0.00,0.00,0.00,68.42
11:16:47,14,10.87,0.00,13.04,0.00,0.00,5.43,0.00,0.00,0.00,70.65
11:16:47,15,13.83,0.00,12.77,0.00,0.00,4.26,0.00,0.00,0.00,69.15
11:16:48,4,16.13,0.00,12.90,0.00,0.00,4.30,0.00,0.00,0.00,66.67
11:16:48,5,15.22,0.00,11.96,0.00,0.00,4.35,0.00,0.00,0.00,68.48
11:16:48,6,14.13,0.00,9.78,0.00,0.00,4.35,0.00,0.00,0.00,71.74
11:16:48,7,12.63,0.00,12.63,0.00,0.00,4.21,0.00,0.00,0.00,70.53
11:16:48,12,13.19,0.00,10.99,0.00,0.00,4.40,0.00,0.00,0.00,71.43
11:16:48,13,13.98,0.00,12.90,0.00,0.00,5.38,0.00,0.00,0.00,67.74
11:16:48,14,14.74,0.00,13.68,0.00,0.00,3.16,0.00,0.00,0.00,68.42
11:16:48,15,12.90,0.00,9.68,0.00,0.00,4.30,0.00,0.00,0.00,73.12
11:16:49,4,14.89,0.00,11.70,0.00,0.00,4.26,0.00,0.00,0.00,69.15
11:16:49,5,15.05,0.00,11.83,0.00,0.00,4.30,0.00,0.00,0.00,68.82
11:16:49,6,16.30,0.00,10.87,0.00,0.00,3.26,0.00,0.00,0.00,69.57
11:16:49,7,11.83,0.00,11.83,0.00,0.00,4.30,0.00,0.00,0.00,72.04
11:16:49,12,15.05,0.00,9.68,0.00,0.00,5.38,0.00,0.00,0.00,69.89
11:16:49,13,13.98,0.00,11.83,0.00,0.00,5.38,0.00,0.00,0.00,68.82
11:16:49,14,14.29,0.00,10.99,0.00,0.00,4.40,0.00,0.00,0.00,70.33
11:16:49,15,13.83,0.00,12.77,0.00,0.00,4.26,0.00,0.00,0.00,69.15
11:16:50,4,15.38,0.00,13.19,0.00,0.00,3.30,0.00,0.00,0.00,68.13
11:16:50,5,18.28,0.00,10.75,0.00,0.00,4.30,0.00,0.00,0.00,66.67
11:16:50,6,15.79,0.00,13.68,0.00,0.00,5.26,0.00,0.00,0.00,65.26
11:16:50,7,11.70,0.00,11.70,0.00,0.00,4.26,0.00,0.00,0.00,72.34
11:16:50,12,12.90,0.00,11.83,0.00,0.00,5.38,0.00,0.00,0.00,69.89
11:16:50,13,15.05,0.00,15.05,0.00,0.00,4.30,0.00,0.00,0.00,65.59
11:16:50,14,13.98,0.00,11.83,0.00,0.00,5.38,0.00,0.00,0.00,68.82
11:16:50,15,12.63,0.00,11.58,0.00,0.00,4.21,0.00,0.00,0.00,71.58
11:16:51,4,14.13,0.00,14.13,0.00,0.00,4.35,0.00,0.00,0.00,67.39
11:16:51,5,20.65,0.00,13.04,0.00,0.00,4.35,0.00,0.00,0.00,61.96
11:16:51,6,15.79,0.00,11.58,0.00,0.00,4.21,0.00,0.00,0.00,68.42
11:16:51,7,11.58,0.00,12.63,0.00,0.00,4.21,0.00,0.00,0.00,71.58
11:16:51,12,14.29,0.00,12.09,0.00,0.00,4.40,0.00,0.00,0.00,69.23
11:16:51,13,15.38,0.00,13.19,0.00,0.00,5.49,0.00,0.00,0.00,65.93
11:16:51,14,14.29,0.00,13.19,1.10,0.00,6.59,0.00,0.00,0.00,64.84
11:16:51,15,13.54,0.00,12.50,0.00,0.00,5.21,0.00,0.00,0.00,68.75
11:16:52,4,12.63,0.00,13.68,0.00,0.00,6.32,0.00,0.00,0.00,67.37
11:16:52,5,16.13,0.00,9.68,0.00,0.00,4.30,0.00,0.00,0.00,69.89
11:16:52,6,15.05,0.00,12.90,0.00,0.00,3.23,0.00,0.00,0.00,68.82
11:16:52,7,12.09,0.00,12.09,0.00,0.00,3.30,0.00,0.00,0.00,72.53
11:16:52,12,14.29,0.00,10.99,0.00,0.00,5.49,0.00,0.00,0.00,69.23
11:16:52,13,14.29,0.00,10.99,0.00,0.00,4.40,0.00,0.00,0.00,70.33
11:16:52,14,16.30,0.00,10.87,0.00,0.00,3.26,0.00,0.00,0.00,69.57
11:16:52,15,13.19,0.00,10.99,0.00,0.00,4.40,0.00,0.00,0.00,71.43
11:16:53,4,14.29,0.00,12.09,0.00,0.00,4.40,0.00,0.00,0.00,69.23
11:16:53,5,13.04,0.00,13.04,0.00,0.00,4.35,0.00,0.00,0.00,69.57
11:16:53,6,11.96,0.00,13.04,0.00,0.00,5.43,0.00,0.00,0.00,69.57
11:16:53,7,15.79,0.00,9.47,0.00,0.00,4.21,0.00,0.00,0.00,70.53
11:16:53,12,14.13,0.00,13.04,0.00,0.00,5.43,0.00,0.00,0.00,67.39
11:16:53,13,16.13,0.00,11.83,0.00,0.00,3.23,0.00,0.00,0.00,68.82
11:16:53,14,15.62,0.00,12.50,0.00,0.00,5.21,0.00,0.00,0.00,66.67
11:16:53,15,12.90,0.00,12.90,0.00,0.00,4.30,0.00,0.00,0.00,69.89
11:16:54,4,11.83,0.00,12.90,0.00,0.00,5.38,0.00,0.00,0.00,69.89
11:16:54,5,13.83,0.00,17.02,0.00,0.00,4.26,0.00,0.00,0.00,64.89
11:16:54,6,14.89,0.00,11.70,0.00,0.00,4.26,0.00,0.00,0.00,69.15
11:16:54,7,10.64,0.00,11.70,0.00,0.00,5.32,0.00,0.00,0.00,72.34
11:16:54,12,14.58,0.00,12.50,0.00,0.00,4.17,0.00,0.00,0.00,68.75
11:16:54,13,16.30,0.00,11.96,0.00,0.00,5.43,0.00,0.00,0.00,66.30
11:16:54,14,15.96,0.00,10.64,0.00,0.00,5.32,0.00,0.00,0.00,68.09
11:16:54,15,12.90,0.00,11.83,0.00,0.00,4.30,0.00,0.00,0.00,70.97
11:16:55,4,16.13,0.00,12.90,0.00,0.00,4.30,0.00,0.00,0.00,66.67
11:16:55,5,15.96,0.00,11.70,0.00,0.00,4.26,0.00,0.00,0.00,68.09
11:16:55,6,14.13,0.00,11.96,0.00,0.00,4.35,0.00,0.00,0.00,69.57
11:16:55,7,11.11,0.00,11.11,0.00,0.00,4.44,0.00,0.00,0.00,73.33
11:16:55,12,13.04,0.00,11.96,0.00,0.00,4.35,0.00,0.00,0.00,70.65
11:16:55,13,13.04,0.00,10.87,0.00,0.00,5.43,0.00,0.00,0.00,70.65
11:16:55,14,14.74,0.00,10.53,0.00,0.00,5.26,0.00,0.00,0.00,69.47
11:16:55,15,11.96,0.00,10.87,0.00,0.00,3.26,0.00,0.00,0.00,73.91
11:16:56,4,14.89,0.00,13.83,0.00,0.00,4.26,0.00,0.00,0.00,67.02
11:16:56,5,16.84,0.00,13.68,1.05,0.00,4.21,0.00,0.00,0.00,64.21
11:16:56,6,15.05,0.00,11.83,1.08,0.00,4.30,0.00,0.00,0.00,67.74
11:16:56,7,13.83,0.00,13.83,0.00,0.00,5.32,0.00,0.00,0.00,67.02
11:16:56,12,16.67,0.00,12.50,0.00,0.00,5.21,0.00,0.00,0.00,65.62
11:16:56,13,17.20,0.00,12.90,0.00,0.00,3.23,0.00,0.00,0.00,66.67
11:16:56,14,13.19,0.00,12.09,0.00,0.00,4.40,0.00,0.00,0.00,70.33
11:16:56,15,14.89,0.00,12.77,0.00,0.00,5.32,0.00,0.00,0.00,67.02
11:16:57,4,17.02,0.00,11.70,0.00,0.00,4.26,0.00,0.00,0.00,67.02
11:16:57,5,15.22,0.00,13.04,0.00,0.00,5.43,0.00,0.00,0.00,66.30
11:16:57,6,14.13,0.00,13.04,0.00,0.00,4.35,0.00,0.00,0.00,68.48
11:16:57,7,11.83,0.00,12.90,0.00,0.00,5.38,0.00,0.00,0.00,69.89
11:16:57,12,14.89,0.00,11.70,0.00,0.00,4.26,0.00,0.00,0.00,69.15
11:16:57,13,14.13,0.00,11.96,0.00,0.00,4.35,0.00,0.00,0.00,69.57
11:16:57,14,12.90,0.00,10.75,0.00,0.00,5.38,0.00,0.00,0.00,70.97
11:16:57,15,15.62,0.00,10.42,0.00,0.00,4.17,0.00,0.00,0.00,69.79
11:16:58,4,15.22,0.00,13.04,0.00,0.00,5.43,0.00,0.00,0.00,66.30
11:16:58,5,15.96,0.00,11.70,0.00,0.00,4.26,0.00,0.00,0.00,68.09
11:16:58,6,15.05,0.00,11.83,0.00,0.00,4.30,0.00,0.00,0.00,68.82
11:16:58,7,13.98,0.00,11.83,0.00,0.00,4.30,0.00,0.00,0.00,69.89
11:16:58,12,13.98,0.00,11.83,0.00,0.00,4.30,0.00,0.00,0.00,69.89
11:16:58,13,13.98,0.00,12.90,0.00,0.00,4.30,0.00,0.00,0.00,68.82
11:16:58,14,15.05,0.00,10.75,0.00,0.00,5.38,0.00,0.00,0.00,68.82
11:16:58,15,13.83,0.00,10.64,0.00,0.00,4.26,0.00,0.00,0.00,71.28
11:16:59,4,12.09,0.00,13.19,0.00,0.00,5.49,0.00,0.00,0.00,69.23
11:16:59,5,15.22,0.00,13.04,0.00,0.00,5.43,0.00,0.00,0.00,66.30
11:16:59,6,14.89,0.00,11.70,0.00,0.00,5.32,0.00,0.00,0.00,68.09
11:16:59,7,12.37,0.00,12.37,0.00,0.00,5.15,0.00,0.00,0.00,70.10
11:16:59,12,15.79,0.00,12.63,0.00,0.00,5.26,0.00,0.00,0.00,66.32
11:16:59,13,13.68,0.00,13.68,0.00,0.00,5.26,0.00,0.00,0.00,67.37
11:16:59,14,13.33,0.00,11.11,0.00,0.00,5.56,0.00,0.00,0.00,70.00
11:16:59,15,10.99,0.00,9.89,0.00,0.00,3.30,0.00,0.00,0.00,75.82
11:17:00,4,14.89,0.00,12.77,0.00,0.00,4.26,0.00,0.00,0.00,68.09
11:17:00,5,14.13,0.00,11.96,0.00,0.00,4.35,0.00,0.00,0.00,69.57
11:17:00,6,12.77,0.00,10.64,0.00,0.00,6.38,0.00,0.00,0.00,70.21
11:17:00,7,13.98,0.00,10.75,0.00,0.00,3.23,0.00,0.00,0.00,72.04
11:17:00,12,15.79,0.00,10.53,0.00,0.00,5.26,0.00,0.00,0.00,68.42
11:17:00,13,14.13,0.00,15.22,0.00,0.00,3.26,0.00,0.00,0.00,67.39
11:17:00,14,15.05,0.00,11.83,0.00,0.00,5.38,0.00,0.00,0.00,67.74
11:17:00,15,14.89,0.00,11.70,0.00,0.00,4.26,0.00,0.00,0.00,69.15
11:17:01,4,15.38,0.00,13.19,0.00,0.00,5.49,0.00,0.00,0.00,65.93
11:17:01,5,15.79,0.00,11.58,0.00,0.00,6.32,0.00,0.00,0.00,66.32
11:17:01,6,16.30,0.00,14.13,1.09,0.00,3.26,0.00,0.00,0.00,65.22
11:17:01,7,10.75,0.00,13.98,0.00,0.00,5.38,0.00,0.00,0.00,69.89
11:17:01,12,13.83,0.00,14.89,0.00,0.00,5.32,0.00,0.00,0.00,65.96
11:17:01,13,18.48,0.00,13.04,0.00,0.00,5.43,0.00,0.00,0.00,63.04
11:17:01,14,15.05,0.00,12.90,0.00,0.00,5.38,0.00,0.00,0.00,66.67
11:17:01,15,12.77,0.00,13.83,0.00,0.00,3.19,0.00,0.00,0.00,70.21
11:17:02,4,15.05,0.00,11.83,0.00,0.00,4.30,0.00,0.00,0.00,68.82
11:17:02,5,14.13,0.00,11.96,0.00,0.00,5.43,0.00,0.00,0.00,68.48
11:17:02,6,13.98,0.00,11.83,0.00,0.00,4.30,0.00,0.00,0.00,69.89
11:17:02,7,13.83,0.00,11.70,0.00,0.00,4.26,0.00,0.00,0.00,70.21
11:17:02,12,15.22,0.00,13.04,0.00,0.00,4.35,0.00,0.00,0.00,67.39
11:17:02,13,14.29,0.00,9.89,0.00,0.00,5.49,0.00,0.00,0.00,70.33
11:17:02,14,16.13,0.00,10.75,0.00,0.00,4.30,0.00,0.00,0.00,68.82
11:17:02,15,14.89,0.00,11.70,0.00,0.00,4.26,0.00,0.00,0.00,69.15
11:17:03,4,13.04,0.00,13.04,0.00,0.00,4.35,0.00,0.00,0.00,69.57
11:17:03,5,13.48,0.00,11.24,0.00,0.00,2.25,0.00,0.00,0.00,73.03
11:17:03,6,11.96,0.00,13.04,0.00,0.00,4.35,0.00,0.00,0.00,70.65
11:17:03,7,13.68,0.00,11.58,0.00,0.00,5.26,0.00,0.00,0.00,69.47
11:17:03,12,13.83,0.00,11.70,0.00,0.00,5.32,0.00,0.00,0.00,69.15
11:17:03,13,14.29,0.00,13.19,0.00,0.00,4.40,0.00,0.00,0.00,68.13
11:17:03,14,13.83,0.00,12.77,0.00,0.00,4.26,0.00,0.00,0.00,69.15
11:17:03,15,13.19,0.00,10.99,0.00,0.00,4.40,0.00,0.00,0.00,71.43
11:17:04,4,12.77,0.00,14.89,0.00,0.00,4.26,0.00,0.00,0.00,68.09
11:17:04,5,14.13,0.00,13.04,0.00,0.00,5.43,0.00,0.00,0.00,67.39
11:17:04,6,12.63,0.00,13.68,0.00,0.00,5.26,0.00,0.00,0.00,68.42
11:17:04,7,12.09,0.00,8.79,0.00,0.00,4.40,0.00,0.00,0.00,74.73
11:17:04,12,16.30,0.00,13.04,0.00,0.00,4.35,0.00,0.00,0.00,66.30
11:17:04,13,15.22,0.00,13.04,0.00,0.00,5.43,0.00,0.00,0.00,66.30
11:17:04,14,16.30,0.00,11.96,0.00,0.00,5.43,0.00,0.00,0.00,66.30
11:17:04,15,12.09,0.00,12.09,0.00,0.00,5.49,0.00,0.00,0.00,70.33
11:17:05,4,14.74,0.00,14.74,0.00,0.00,3.16,0.00,0.00,0.00,67.37
11:17:05,5,14.74,0.00,12.63,0.00,0.00,4.21,0.00,0.00,0.00,68.42
11:17:05,6,14.13,0.00,9.78,0.00,0.00,5.43,0.00,0.00,0.00,70.65
11:17:05,7,14.74,0.00,11.58,0.00,0.00,5.26,0.00,0.00,0.00,68.42
11:17:05,12,14.74,0.00,13.68,0.00,0.00,4.21,0.00,0.00,0.00,67.37
11:17:05,13,14.58,0.00,12.50,0.00,0.00,5.21,0.00,0.00,0.00,67.71
11:17:05,14,14.74,0.00,12.63,0.00,0.00,4.21,0.00,0.00,0.00,68.42
11:17:05,15,12.90,0.00,12.90,0.00,0.00,4.30,0.00,0.00,0.00,69.89
11:17:06,4,16.30,0.00,15.22,0.00,0.00,6.52,0.00,0.00,0.00,61.96
11:17:06,5,17.58,0.00,10.99,0.00,0.00,3.30,0.00,0.00,0.00,68.13
11:17:06,6,13.04,0.00,14.13,0.00,0.00,4.35,0.00,0.00,0.00,68.48
11:17:06,7,12.63,0.00,13.68,0.00,0.00,5.26,0.00,0.00,0.00,68.42
11:17:06,12,14.89,0.00,12.77,0.00,0.00,5.32,0.00,0.00,0.00,67.02
11:17:06,13,17.58,0.00,13.19,0.00,0.00,4.40,0.00,0.00,0.00,64.84
11:17:06,14,13.98,0.00,12.90,0.00,0.00,5.38,0.00,0.00,0.00,67.74
11:17:06,15,12.22,0.00,12.22,0.00,0.00,3.33,0.00,0.00,0.00,72.22
11:17:07,4,13.04,0.00,13.04,0.00,0.00,3.26,0.00,0.00,0.00,70.65
11:17:07,5,14.43,0.00,13.40,0.00,0.00,5.15,0.00,0.00,0.00,67.01
11:17:07,6,12.90,0.00,12.90,0.00,0.00,4.30,0.00,0.00,0.00,69.89
11:17:07,7,13.19,0.00,12.09,0.00,0.00,4.40,0.00,0.00,0.00,70.33
11:17:07,12,14.13,0.00,10.87,0.00,0.00,4.35,0.00,0.00,0.00,70.65
11:17:07,13,15.96,0.00,11.70,0.00,0.00,4.26,0.00,0.00,0.00,68.09
11:17:07,14,11.96,0.00,13.04,0.00,0.00,4.35,0.00,0.00,0.00,70.65
11:17:07,15,12.90,0.00,12.90,0.00,0.00,5.38,0.00,0.00,0.00,68.82
11:17:08,4,13.98,0.00,13.98,0.00,0.00,5.38,0.00,0.00,0.00,66.67
11:17:08,5,13.64,0.00,12.50,0.00,0.00,4.55,0.00,0.00,0.00,69.32
11:17:08,6,13.19,0.00,12.09,0.00,0.00,4.40,0.00,0.00,0.00,70.33
11:17:08,7,12.90,0.00,12.90,0.00,0.00,3.23,0.00,0.00,0.00,70.97
11:17:08,12,13.98,0.00,12.90,0.00,0.00,4.30,0.00,0.00,0.00,68.82
11:17:08,13,14.74,0.00,13.68,0.00,0.00,5.26,0.00,0.00,0.00,66.32
11:17:08,14,13.83,0.00,12.77,0.00,0.00,5.32,0.00,0.00,0.00,68.09
11:17:08,15,12.90,0.00,11.83,0.00,0.00,3.23,0.00,0.00,0.00,72.04
11:17:09,4,13.83,0.00,12.77,0.00,0.00,5.32,0.00,0.00,0.00,68.09
11:17:09,5,14.89,0.00,13.83,0.00,0.00,5.32,0.00,0.00,0.00,65.96
11:17:09,6,12.90,0.00,11.83,0.00,0.00,5.38,0.00,0.00,0.00,69.89
11:17:09,7,14.43,0.00,12.37,0.00,0.00,4.12,0.00,0.00,0.00,69.07
11:17:09,12,15.22,0.00,11.96,0.00,0.00,4.35,0.00,0.00,0.00,68.48
11:17:09,13,15.05,0.00,11.83,0.00,0.00,5.38,0.00,0.00,0.00,67.74
11:17:09,14,14.13,0.00,13.04,0.00,0.00,4.35,0.00,0.00,0.00,68.48
11:17:09,15,12.77,0.00,12.77,0.00,0.00,4.26,0.00,0.00,0.00,70.21
11:17:10,4,12.09,0.00,13.19,0.00,0.00,4.40,0.00,0.00,0.00,70.33
11:17:10,5,15.05,0.00,11.83,0.00,0.00,4.30,0.00,0.00,0.00,68.82
11:17:10,6,13.19,0.00,10.99,0.00,0.00,5.49,0.00,0.00,0.00,70.33
11:17:10,7,13.04,0.00,10.87,0.00,0.00,4.35,0.00,0.00,0.00,71.74
11:17:10,12,14.13,0.00,11.96,0.00,0.00,4.35,0.00,0.00,0.00,69.57
11:17:10,13,14.44,0.00,11.11,0.00,0.00,4.44,0.00,0.00,0.00,70.00
11:17:10,14,14.13,0.00,10.87,0.00,0.00,4.35,0.00,0.00,0.00,70.65
11:17:10,15,13.83,0.00,13.83,0.00,0.00,4.26,0.00,0.00,0.00,68.09
11:17:11,4,15.05,0.00,10.75,0.00,0.00,6.45,0.00,0.00,0.00,67.74
11:17:11,5,15.38,0.00,12.09,0.00,0.00,4.40,0.00,0.00,0.00,68.13
11:17:11,6,16.13,0.00,16.13,2.15,0.00,4.30,0.00,0.00,0.00,61.29
11:17:11,7,12.77,0.00,12.77,0.00,0.00,5.32,0.00,0.00,0.00,69.15
11:17:11,12,16.30,0.00,13.04,0.00,0.00,3.26,0.00,0.00,0.00,67.39
11:17:11,13,16.30,0.00,10.87,0.00,0.00,4.35,0.00,0.00,0.00,68.48
11:17:11,14,18.09,0.00,10.64,0.00,0.00,5.32,0.00,0.00,0.00,65.96
11:17:11,15,12.77,0.00,13.83,0.00,0.00,4.26,0.00,0.00,0.00,69.15
11:17:12,4,14.89,0.00,12.77,0.00,0.00,5.32,0.00,0.00,0.00,67.02
11:17:12,5,13.83,0.00,13.83,0.00,0.00,4.26,0.00,0.00,0.00,68.09
11:17:12,6,14.89,0.00,11.70,0.00,0.00,5.32,0.00,0.00,0.00,68.09
11:17:12,7,10.64,0.00,10.64,0.00,0.00,4.26,0.00,0.00,0.00,74.47
11:17:12,12,12.63,0.00,14.74,0.00,0.00,6.32,0.00,0.00,0.00,66.32
11:17:12,13,14.13,0.00,15.22,0.00,0.00,4.35,0.00,0.00,0.00,66.30
11:17:12,14,15.05,0.00,12.90,0.00,0.00,5.38,0.00,0.00,0.00,66.67
11:17:12,15,14.74,0.00,10.53,0.00,0.00,5.26,0.00,0.00,0.00,69.47
11:17:13,4,14.89,0.00,11.70,0.00,0.00,5.32,0.00,0.00,0.00,68.09
11:17:13,5,14.13,0.00,13.04,0.00,0.00,5.43,0.00,0.00,0.00,67.39
11:17:13,6,13.04,0.00,10.87,0.00,0.00,5.43,0.00,0.00,0.00,70.65
11:17:13,7,11.11,0.00,10.00,0.00,0.00,4.44,0.00,0.00,0.00,74.44
11:17:13,12,15.22,0.00,11.96,0.00,0.00,5.43,0.00,0.00,0.00,67.39
11:17:13,13,15.22,0.00,13.04,0.00,0.00,5.43,0.00,0.00,0.00,66.30
11:17:13,14,14.74,0.00,12.63,0.00,0.00,5.26,0.00,0.00,0.00,67.37
11:17:13,15,13.98,0.00,12.90,0.00,0.00,3.23,0.00,0.00,0.00,69.89
11:17:14,4,16.30,0.00,13.04,0.00,0.00,4.35,0.00,0.00,0.00,66.30
11:17:14,5,13.83,0.00,13.83,0.00,0.00,4.26,0.00,0.00,0.00,68.09
11:17:14,6,14.89,0.00,13.83,0.00,0.00,6.38,0.00,0.00,0.00,64.89
11:17:14,7,13.40,0.00,12.37,0.00,0.00,5.15,0.00,0.00,0.00,69.07
11:17:14,12,14.13,0.00,11.96,0.00,0.00,4.35,0.00,0.00,0.00,69.57
11:17:14,13,14.13,0.00,11.96,0.00,0.00,4.35,0.00,0.00,0.00,69.57
11:17:14,14,14.89,0.00,12.77,0.00,0.00,3.19,0.00,0.00,0.00,69.15
11:17:14,15,12.90,0.00,8.60,0.00,0.00,6.45,0.00,0.00,0.00,72.04
11:17:15,4,15.05,0.00,11.83,0.00,0.00,5.38,0.00,0.00,0.00,67.74
11:17:15,5,15.05,0.00,10.75,0.00,0.00,5.38,0.00,0.00,0.00,68.82
11:17:15,6,12.90,0.00,11.83,0.00,0.00,5.38,0.00,0.00,0.00,69.89
11:17:15,7,10.75,0.00,11.83,0.00,0.00,4.30,0.00,0.00,0.00,73.12
11:17:15,12,13.19,0.00,14.29,0.00,0.00,4.40,0.00,0.00,0.00,68.13
11:17:15,13,15.22,0.00,13.04,0.00,0.00,3.26,0.00,0.00,0.00,68.48
11:17:15,14,12.09,0.00,10.99,0.00,0.00,5.49,0.00,0.00,0.00,71.43
11:17:15,15,12.63,0.00,11.58,0.00,0.00,4.21,0.00,0.00,0.00,71.58
11:17:16,4,16.13,0.00,13.98,0.00,0.00,4.30,0.00,0.00,0.00,65.59
11:17:16,5,14.89,0.00,13.83,0.00,0.00,6.38,0.00,0.00,0.00,64.89
11:17:16,6,13.83,0.00,12.77,0.00,0.00,5.32,0.00,0.00,0.00,68.09
11:17:16,7,13.98,0.00,11.83,1.08,0.00,5.38,0.00,0.00,0.00,67.74
11:17:16,12,19.35,0.00,12.90,1.08,0.00,5.38,0.00,0.00,0.00,61.29
11:17:16,13,15.62,0.00,13.54,0.00,0.00,5.21,0.00,0.00,0.00,65.62
11:17:16,14,15.05,0.00,11.83,0.00,0.00,4.30,0.00,0.00,0.00,68.82
11:17:16,15,13.19,0.00,10.99,0.00,0.00,3.30,0.00,0.00,0.00,72.53
11:17:17,4,13.98,0.00,10.75,0.00,0.00,5.38,0.00,0.00,0.00,69.89
11:17:17,5,16.30,0.00,11.96,0.00,0.00,3.26,0.00,0.00,0.00,68.48
11:17:17,6,13.98,0.00,13.98,0.00,0.00,5.38,0.00,0.00,0.00,66.67
11:17:17,7,13.68,0.00,12.63,0.00,0.00,5.26,0.00,0.00,0.00,68.42
11:17:17,12,13.83,0.00,12.77,0.00,0.00,5.32,0.00,0.00,0.00,68.09
11:17:17,13,14.13,0.00,11.96,0.00,0.00,4.35,0.00,0.00,0.00,69.57
11:17:17,14,14.89,0.00,11.70,0.00,0.00,5.32,0.00,0.00,0.00,68.09
11:17:17,15,12.90,0.00,10.75,0.00,0.00,5.38,0.00,0.00,0.00,70.97
11:17:18,4,14.74,0.00,12.63,0.00,0.00,5.26,0.00,0.00,0.00,67.37
11:17:18,5,14.89,0.00,12.77,0.00,0.00,4.26,0.00,0.00,0.00,68.09
11:17:18,6,13.98,0.00,11.83,0.00,0.00,4.30,0.00,0.00,0.00,69.89
11:17:18,7,11.83,0.00,12.90,0.00,0.00,5.38,0.00,0.00,0.00,69.89
11:17:18,12,14.44,0.00,10.00,0.00,0.00,4.44,0.00,0.00,0.00,71.11
11:17:18,13,13.33,0.00,11.11,0.00,0.00,3.33,0.00,0.00,0.00,72.22
11:17:18,14,12.90,0.00,12.90,0.00,0.00,4.30,0.00,0.00,0.00,69.89
11:17:18,15,14.13,0.00,11.96,0.00,0.00,4.35,0.00,0.00,0.00,69.57
11:17:19,4,18.37,0.00,12.24,0.00,0.00,5.10,0.00,0.00,0.00,64.29
11:17:19,5,14.74,0.00,15.79,0.00,0.00,3.16,0.00,0.00,0.00,66.32
11:17:19,6,15.96,0.00,12.77,0.00,0.00,4.26,0.00,0.00,0.00,67.02
11:17:19,7,12.63,0.00,12.63,0.00,0.00,3.16,0.00,0.00,0.00,71.58
11:17:19,12,16.13,0.00,10.75,0.00,0.00,6.45,0.00,0.00,0.00,66.67
11:17:19,13,15.05,0.00,11.83,0.00,0.00,5.38,0.00,0.00,0.00,67.74
11:17:19,14,12.90,0.00,12.90,0.00,0.00,4.30,0.00,0.00,0.00,69.89
11:17:19,15,13.54,0.00,11.46,0.00,0.00,4.17,0.00,0.00,0.00,70.83
11:17:20,4,13.19,0.00,12.09,0.00,0.00,4.40,0.00,0.00,0.00,70.33
11:17:20,5,15.05,0.00,13.98,0.00,0.00,4.30,0.00,0.00,0.00,66.67
11:17:20,6,16.84,0.00,12.63,0.00,0.00,4.21,0.00,0.00,0.00,66.32
11:17:20,7,15.22,0.00,10.87,0.00,0.00,5.43,0.00,0.00,0.00,68.48
11:17:20,12,16.13,0.00,12.90,0.00,0.00,2.15,0.00,0.00,0.00,68.82
11:17:20,13,13.19,0.00,12.09,0.00,0.00,4.40,0.00,0.00,0.00,70.33
11:17:20,14,14.89,0.00,11.70,0.00,0.00,5.32,0.00,0.00,0.00,68.09
11:17:20,15,13.40,0.00,13.40,0.00,0.00,6.19,0.00,0.00,0.00,67.01
11:17:21,4,17.39,0.00,11.96,0.00,0.00,4.35,0.00,0.00,0.00,66.30
11:17:21,5,16.30,0.00,13.04,0.00,0.00,5.43,0.00,0.00,0.00,65.22
11:17:21,6,14.13,0.00,13.04,0.00,0.00,4.35,0.00,0.00,0.00,68.48
11:17:21,7,15.62,0.00,9.38,0.00,0.00,6.25,0.00,0.00,0.00,68.75
11:17:21,12,14.74,0.00,13.68,0.00,0.00,5.26,0.00,0.00,0.00,66.32
11:17:21,13,14.61,0.00,12.36,0.00,0.00,3.37,0.00,0.00,0.00,69.66
11:17:21,14,16.13,0.00,13.98,0.00,0.00,4.30,0.00,0.00,0.00,65.59
11:17:21,15,15.79,0.00,13.68,2.11,0.00,2.11,0.00,0.00,0.00,66.32
11:17:22,4,13.83,0.00,11.70,0.00,0.00,5.32,0.00,0.00,0.00,69.15
11:17:22,5,12.09,0.00,10.99,0.00,0.00,4.40,0.00,0.00,0.00,72.53
11:17:22,6,15.05,0.00,13.98,0.00,0.00,4.30,0.00,0.00,0.00,66.67
11:17:22,7,13.19,0.00,12.09,0.00,0.00,3.30,0.00,0.00,0.00,71.43
11:17:22,12,15.38,0.00,8.79,0.00,0.00,5.49,0.00,0.00,0.00,70.33
11:17:22,13,13.83,0.00,12.77,0.00,0.00,5.32,0.00,0.00,0.00,68.09
11:17:22,14,15.05,0.00,9.68,0.00,0.00,5.38,0.00,0.00,0.00,69.89
11:17:22,15,15.62,0.00,10.42,0.00,0.00,5.21,0.00,0.00,0.00,68.75
11:17:23,4,14.89,0.00,14.89,0.00,0.00,5.32,0.00,0.00,0.00,64.89
11:17:23,5,14.29,0.00,12.09,0.00,0.00,5.49,0.00,0.00,0.00,68.13
11:17:23,6,14.58,0.00,14.58,0.00,0.00,4.17,0.00,0.00,0.00,66.67
11:17:23,7,12.90,0.00,12.90,0.00,0.00,5.38,0.00,0.00,0.00,68.82
11:17:23,12,13.33,0.00,12.22,0.00,0.00,4.44,0.00,0.00,0.00,70.00
11:17:23,13,14.74,0.00,13.68,0.00,0.00,6.32,0.00,0.00,0.00,65.26
11:17:23,14,13.04,0.00,13.04,0.00,0.00,4.35,0.00,0.00,0.00,69.57
11:17:23,15,13.40,0.00,13.40,0.00,0.00,5.15,0.00,0.00,0.00,68.04
11:17:24,4,14.74,0.00,12.63,0.00,0.00,6.32,0.00,0.00,0.00,66.32
11:17:24,5,14.29,0.00,9.89,0.00,0.00,5.49,0.00,0.00,0.00,70.33
11:17:24,6,13.83,0.00,12.77,0.00,0.00,5.32,0.00,0.00,0.00,68.09
11:17:24,7,11.83,0.00,12.90,0.00,0.00,4.30,0.00,0.00,0.00,70.97
11:17:24,12,13.98,0.00,15.05,0.00,0.00,5.38,0.00,0.00,0.00,65.59
11:17:24,13,15.05,0.00,11.83,0.00,0.00,4.30,0.00,0.00,0.00,68.82
11:17:24,14,13.83,0.00,13.83,0.00,0.00,4.26,0.00,0.00,0.00,68.09
11:17:24,15,13.83,0.00,11.70,0.00,0.00,5.32,0.00,0.00,0.00,69.15
11:17:25,4,15.05,0.00,11.83,0.00,0.00,3.23,0.00,0.00,0.00,69.89
11:17:25,5,15.38,0.00,13.19,0.00,0.00,4.40,0.00,0.00,0.00,67.03
11:17:25,6,13.83,0.00,11.70,0.00,0.00,5.32,0.00,0.00,0.00,69.15
11:17:25,7,13.68,0.00,11.58,0.00,0.00,5.26,0.00,0.00,0.00,69.47
11:17:25,12,13.33,0.00,10.00,0.00,0.00,4.44,0.00,0.00,0.00,72.22
11:17:25,13,14.29,0.00,14.29,0.00,0.00,3.30,0.00,0.00,0.00,68.13
11:17:25,14,12.22,0.00,12.22,0.00,0.00,5.56,0.00,0.00,0.00,70.00
11:17:25,15,12.77,0.00,11.70,0.00,0.00,4.26,0.00,0.00,0.00,71.28
11:17:26,4,14.13,0.00,13.04,0.00,0.00,4.35,0.00,0.00,0.00,68.48
11:17:26,5,16.67,0.00,11.11,0.00,0.00,4.44,0.00,0.00,0.00,67.78
11:17:26,6,15.22,0.00,11.96,0.00,0.00,4.35,0.00,0.00,0.00,68.48
11:17:26,7,13.98,0.00,12.90,0.00,0.00,4.30,0.00,0.00,0.00,68.82
11:17:26,12,12.90,0.00,13.98,1.08,0.00,5.38,0.00,0.00,0.00,66.67
11:17:26,13,19.15,0.00,13.83,0.00,0.00,4.26,0.00,0.00,0.00,62.77
11:17:26,14,14.89,0.00,13.83,0.00,0.00,4.26,0.00,0.00,0.00,67.02
11:17:26,15,13.19,0.00,12.09,0.00,0.00,4.40,0.00,0.00,0.00,70.33
11:17:27,4,15.22,0.00,11.96,0.00,0.00,3.26,0.00,0.00,0.00,69.57
11:17:27,5,12.90,0.00,11.83,0.00,0.00,5.38,0.00,0.00,0.00,69.89
11:17:27,6,13.33,0.00,11.11,0.00,0.00,5.56,0.00,0.00,0.00,70.00
11:17:27,7,13.83,0.00,11.70,0.00,0.00,4.26,0.00,0.00,0.00,70.21
11:17:27,12,13.04,0.00,11.96,0.00,0.00,4.35,0.00,0.00,0.00,70.65
11:17:27,13,13.33,0.00,14.44,0.00,0.00,3.33,0.00,0.00,0.00,68.89
11:17:27,14,13.48,0.00,12.36,0.00,0.00,3.37,0.00,0.00,0.00,70.79
11:17:27,15,14.13,0.00,9.78,0.00,0.00,5.43,0.00,0.00,0.00,70.65
11:17:28,4,13.98,0.00,11.83,0.00,0.00,4.30,0.00,0.00,0.00,69.89
11:17:28,5,15.96,0.00,12.77,0.00,0.00,3.19,0.00,0.00,0.00,68.09
11:17:28,6,13.83,0.00,10.64,0.00,0.00,6.38,0.00,0.00,0.00,69.15
11:17:28,7,14.13,0.00,10.87,0.00,0.00,5.43,0.00,0.00,0.00,69.57
11:17:28,12,14.13,0.00,11.96,0.00,0.00,3.26,0.00,0.00,0.00,70.65
11:17:28,13,15.96,0.00,10.64,0.00,0.00,4.26,0.00,0.00,0.00,69.15
11:17:28,14,15.05,0.00,9.68,0.00,0.00,4.30,0.00,0.00,0.00,70.97
11:17:28,15,13.40,0.00,13.40,0.00,0.00,6.19,0.00,0.00,0.00,67.01
11:17:29,4,13.98,0.00,12.90,0.00,0.00,3.23,0.00,0.00,0.00,69.89
11:17:29,5,14.89,0.00,11.70,0.00,0.00,5.32,0.00,0.00,0.00,68.09
11:17:29,6,14.74,0.00,13.68,0.00,0.00,3.16,0.00,0.00,0.00,68.42
11:17:29,7,13.83,0.00,10.64,0.00,0.00,4.26,0.00,0.00,0.00,71.28
11:17:29,12,11.96,0.00,13.04,0.00,0.00,3.26,0.00,0.00,0.00,71.74
11:17:29,13,15.79,0.00,10.53,0.00,0.00,5.26,0.00,0.00,0.00,68.42
11:17:29,14,15.96,0.00,12.77,0.00,0.00,5.32,0.00,0.00,0.00,65.96
11:17:29,15,14.89,0.00,11.70,0.00,0.00,4.26,0.00,0.00,0.00,69.15
11:17:30,4,12.22,0.00,12.22,0.00,0.00,4.44,0.00,0.00,0.00,71.11
11:17:30,5,15.22,0.00,15.22,0.00,0.00,4.35,0.00,0.00,0.00,65.22
11:17:30,6,13.04,0.00,11.96,0.00,0.00,4.35,0.00,0.00,0.00,70.65
11:17:30,7,15.31,0.00,9.18,0.00,0.00,5.10,0.00,0.00,0.00,70.41
11:17:30,12,14.89,0.00,11.70,0.00,0.00,6.38,0.00,0.00,0.00,67.02
11:17:30,13,16.30,0.00,11.96,0.00,0.00,5.43,0.00,0.00,0.00,66.30
11:17:30,14,14.13,0.00,14.13,0.00,0.00,3.26,0.00,0.00,0.00,68.48
11:17:30,15,12.50,0.00,12.50,0.00,0.00,5.21,0.00,0.00,0.00,69.79
11:17:31,4,15.22,0.00,11.96,0.00,0.00,5.43,0.00,0.00,0.00,67.39
11:17:31,5,14.89,0.00,12.77,0.00,0.00,4.26,0.00,0.00,0.00,68.09
11:17:31,6,14.89,0.00,12.77,0.00,0.00,5.32,0.00,0.00,0.00,67.02
11:17:31,7,13.04,0.00,11.96,0.00,0.00,4.35,0.00,0.00,0.00,70.65
11:17:31,12,15.22,0.00,13.04,0.00,0.00,3.26,0.00,0.00,0.00,68.48
11:17:31,13,15.22,0.00,16.30,1.09,0.00,4.35,0.00,0.00,0.00,63.04
11:17:31,14,16.67,0.00,13.54,0.00,0.00,5.21,0.00,0.00,0.00,64.58
11:17:31,15,14.13,0.00,13.04,0.00,0.00,4.35,0.00,0.00,0.00,68.48
11:17:32,4,16.13,0.00,13.98,0.00,0.00,4.30,0.00,0.00,0.00,65.59
11:17:32,5,14.89,0.00,12.77,0.00,0.00,5.32,0.00,0.00,0.00,67.02
11:17:32,6,12.77,0.00,13.83,0.00,0.00,5.32,0.00,0.00,0.00,68.09
11:17:32,7,13.83,0.00,11.70,0.00,0.00,4.26,0.00,0.00,0.00,70.21
11:17:32,12,13.68,0.00,12.63,0.00,0.00,5.26,0.00,0.00,0.00,68.42
11:17:32,13,14.13,0.00,13.04,0.00,0.00,5.43,0.00,0.00,0.00,67.39
11:17:32,14,13.04,0.00,13.04,0.00,0.00,4.35,0.00,0.00,0.00,69.57
11:17:32,15,11.70,0.00,12.77,0.00,0.00,4.26,0.00,0.00,0.00,71.28
11:17:33,4,13.54,0.00,12.50,0.00,0.00,6.25,0.00,0.00,0.00,67.71
11:17:33,5,14.13,0.00,15.22,0.00,0.00,5.43,0.00,0.00,0.00,65.22
11:17:33,6,14.13,0.00,10.87,0.00,0.00,5.43,0.00,0.00,0.00,69.57
11:17:33,7,13.04,0.00,10.87,0.00,0.00,4.35,0.00,0.00,0.00,71.74
11:17:33,12,14.13,0.00,11.96,0.00,0.00,4.35,0.00,0.00,0.00,69.57
11:17:33,13,14.74,0.00,11.58,0.00,0.00,5.26,0.00,0.00,0.00,68.42
11:17:33,14,13.04,0.00,14.13,0.00,0.00,4.35,0.00,0.00,0.00,68.48
11:17:33,15,12.77,0.00,12.77,0.00,0.00,4.26,0.00,0.00,0.00,70.21
11:17:34,4,16.30,0.00,9.78,0.00,0.00,4.35,0.00,0.00,0.00,69.57
11:17:34,5,15.56,0.00,12.22,0.00,0.00,4.44,0.00,0.00,0.00,67.78
11:17:34,6,13.98,0.00,13.98,0.00,0.00,3.23,0.00,0.00,0.00,68.82
11:17:34,7,12.90,0.00,12.90,0.00,0.00,4.30,0.00,0.00,0.00,69.89
11:17:34,12,13.68,0.00,12.63,0.00,0.00,5.26,0.00,0.00,0.00,68.42
11:17:34,13,12.90,0.00,12.90,0.00,0.00,5.38,0.00,0.00,0.00,68.82
11:17:34,14,15.22,0.00,13.04,0.00,0.00,4.35,0.00,0.00,0.00,67.39
11:17:34,15,13.19,0.00,10.99,0.00,0.00,3.30,0.00,0.00,0.00,72.53
11:17:35,4,13.04,0.00,10.87,0.00,0.00,4.35,0.00,0.00,0.00,71.74
11:17:35,5,13.68,0.00,13.68,0.00,0.00,4.21,0.00,0.00,0.00,68.42
11:17:35,6,13.04,0.00,10.87,0.00,0.00,4.35,0.00,0.00,0.00,71.74
11:17:35,7,12.50,0.00,12.50,0.00,0.00,5.21,0.00,0.00,0.00,69.79
11:17:35,12,14.77,0.00,10.23,0.00,0.00,4.55,0.00,0.00,0.00,70.45
11:17:35,13,15.22,0.00,10.87,0.00,0.00,5.43,0.00,0.00,0.00,68.48
11:17:35,14,13.98,0.00,11.83,0.00,0.00,5.38,0.00,0.00,0.00,68.82
11:17:35,15,15.05,0.00,9.68,0.00,0.00,4.30,0.00,0.00,0.00,70.97
11:17:36,4,17.02,0.00,11.70,0.00,0.00,5.32,0.00,0.00,0.00,65.96
11:17:36,5,12.09,0.00,13.19,0.00,0.00,4.40,0.00,0.00,0.00,70.33
11:17:36,6,12.90,0.00,10.75,0.00,0.00,6.45,0.00,0.00,0.00,69.89
11:17:36,7,13.98,0.00,9.68,0.00,0.00,4.30,0.00,0.00,0.00,72.04
11:17:36,12,14.74,0.00,12.63,0.00,0.00,6.32,0.00,0.00,0.00,66.32
11:17:36,13,13.98,0.00,11.83,0.00,0.00,5.38,0.00,0.00,0.00,68.82
11:17:36,14,12.77,0.00,10.64,2.13,0.00,6.38,0.00,0.00,0.00,68.09
11:17:36,15,11.83,0.00,12.90,0.00,0.00,4.30,0.00,0.00,0.00,70.97
11:17:37,4,16.84,0.00,13.68,0.00,0.00,4.21,0.00,0.00,0.00,65.26
11:17:37,5,13.83,0.00,13.83,0.00,0.00,5.32,0.00,0.00,0.00,67.02
11:17:37,6,14.74,0.00,14.74,0.00,0.00,6.32,0.00,0.00,0.00,64.21
11:17:37,7,14.29,0.00,12.09,0.00,0.00,4.40,0.00,0.00,0.00,69.23
11:17:37,12,18.28,0.00,11.83,0.00,0.00,4.30,0.00,0.00,0.00,65.59
11:17:37,13,13.98,0.00,12.90,0.00,0.00,5.38,0.00,0.00,0.00,67.74
11:17:37,14,15.62,0.00,13.54,0.00,0.00,5.21,0.00,0.00,0.00,65.62
11:17:37,15,13.19,0.00,12.09,0.00,0.00,4.40,0.00,0.00,0.00,70.33
11:17:38,4,12.22,0.00,12.22,0.00,0.00,4.44,0.00,0.00,0.00,71.11
11:17:38,5,12.90,0.00,11.83,0.00,0.00,5.38,0.00,0.00,0.00,69.89
11:17:38,6,15.62,0.00,11.46,0.00,0.00,4.17,0.00,0.00,0.00,68.75
11:17:38,7,12.77,0.00,11.70,0.00,0.00,5.32,0.00,0.00,0.00,70.21
11:17:38,12,14.74,0.00,12.63,0.00,0.00,4.21,0.00,0.00,0.00,68.42
11:17:38,13,15.79,0.00,9.47,0.00,0.00,5.26,0.00,0.00,0.00,69.47
11:17:38,14,15.05,0.00,11.83,0.00,0.00,4.30,0.00,0.00,0.00,68.82
11:17:38,15,13.68,0.00,12.63,0.00,0.00,5.26,0.00,0.00,0.00,68.42
11:17:39,4,15.05,0.00,11.83,0.00,0.00,3.23,0.00,0.00,0.00,69.89
11:17:39,5,13.19,0.00,10.99,0.00,0.00,5.49,0.00,0.00,0.00,70.33
11:17:39,6,13.33,0.00,11.11,0.00,0.00,5.56,0.00,0.00,0.00,70.00
11:17:39,7,13.04,0.00,9.78,0.00,0.00,4.35,0.00,0.00,0.00,72.83
11:17:39,12,13.98,0.00,13.98,0.00,0.00,5.38,0.00,0.00,0.00,66.67
11:17:39,13,14.29,0.00,12.09,0.00,0.00,4.40,0.00,0.00,0.00,69.23
11:17:39,14,15.22,0.00,11.96,0.00,0.00,4.35,0.00,0.00,0.00,68.48
11:17:39,15,13.98,0.00,9.68,0.00,0.00,5.38,0.00,0.00,0.00,70.97
11:17:40,4,14.89,0.00,13.83,0.00,0.00,4.26,0.00,0.00,0.00,67.02
11:17:40,5,14.13,0.00,11.96,0.00,0.00,3.26,0.00,0.00,0.00,70.65
11:17:40,6,15.22,0.00,9.78,0.00,0.00,5.43,0.00,0.00,0.00,69.57
11:17:40,7,11.83,0.00,12.90,0.00,0.00,5.38,0.00,0.00,0.00,69.89
11:17:40,12,16.13,0.00,10.75,0.00,0.00,4.30,0.00,0.00,0.00,68.82
11:17:40,13,14.13,0.00,11.96,0.00,0.00,4.35,0.00,0.00,0.00,69.57
11:17:40,14,12.90,0.00,12.90,0.00,0.00,4.30,0.00,0.00,0.00,69.89
11:17:40,15,15.22,0.00,10.87,0.00,0.00,4.35,0.00,0.00,0.00,69.57
11:17:41,4,15.22,0.00,11.96,0.00,0.00,3.26,0.00,0.00,0.00,69.57
11:17:41,5,15.05,0.00,11.83,0.00,0.00,4.30,0.00,0.00,0.00,68.82
11:17:41,6,14.58,0.00,12.50,0.00,0.00,5.21,0.00,0.00,0.00,67.71
11:17:41,7,13.83,0.00,13.83,0.00,0.00,4.26,0.00,0.00,0.00,68.09
11:17:41,12,14.13,0.00,10.87,0.00,0.00,4.35,0.00,0.00,0.00,70.65
11:17:41,13,13.98,0.00,11.83,0.00,0.00,4.30,0.00,0.00,0.00,69.89
11:17:41,14,13.04,0.00,11.96,0.00,0.00,4.35,0.00,0.00,0.00,70.65
11:17:41,15,13.68,0.00,13.68,0.00,0.00,4.21,0.00,0.00,0.00,68.42
11:17:42,4,17.39,0.00,13.04,0.00,0.00,4.35,0.00,0.00,0.00,65.22
11:17:42,5,16.13,0.00,11.83,0.00,0.00,5.38,0.00,0.00,0.00,66.67
11:17:42,6,15.79,0.00,13.68,0.00,0.00,4.21,0.00,0.00,0.00,66.32
11:17:42,7,13.98,0.00,11.83,0.00,0.00,4.30,0.00,0.00,0.00,69.89
11:17:42,12,13.98,0.00,12.90,0.00,0.00,5.38,0.00,0.00,0.00,67.74
11:17:42,13,17.20,0.00,11.83,0.00,0.00,4.30,0.00,0.00,0.00,66.67
11:17:42,14,14.61,0.00,11.24,0.00,0.00,4.49,0.00,0.00,0.00,69.66
11:17:42,15,11.96,0.00,11.96,0.00,0.00,5.43,0.00,0.00,0.00,70.65
11:17:43,4,14.29,0.00,13.27,0.00,0.00,6.12,0.00,0.00,0.00,66.33
11:17:43,5,13.98,0.00,12.90,0.00,0.00,5.38,0.00,0.00,0.00,67.74
11:17:43,6,13.19,0.00,10.99,0.00,0.00,4.40,0.00,0.00,0.00,71.43
11:17:43,7,11.83,0.00,11.83,0.00,0.00,4.30,0.00,0.00,0.00,72.04
11:17:43,12,15.56,0.00,12.22,0.00,0.00,4.44,0.00,0.00,0.00,67.78
11:17:43,13,14.13,0.00,11.96,0.00,0.00,4.35,0.00,0.00,0.00,69.57
11:17:43,14,14.13,0.00,11.96,0.00,0.00,4.35,0.00,0.00,0.00,69.57
11:17:43,15,13.98,0.00,11.83,0.00,0.00,4.30,0.00,0.00,0.00,69.89
11:17:44,4,14.74,0.00,12.63,0.00,0.00,4.21,0.00,0.00,0.00,68.42
11:17:44,5,15.05,0.00,12.90,0.00,0.00,5.38,0.00,0.00,0.00,66.67
11:17:44,6,15.05,0.00,12.90,0.00,0.00,3.23,0.00,0.00,0.00,68.82
11:17:44,7,11.83,0.00,12.90,0.00,0.00,4.30,0.00,0.00,0.00,70.97
11:17:44,12,13.83,0.00,12.77,0.00,0.00,5.32,0.00,0.00,0.00,68.09
11:17:44,13,15.96,0.00,11.70,0.00,0.00,5.32,0.00,0.00,0.00,67.02
11:17:44,14,14.29,0.00,10.99,0.00,0.00,4.40,0.00,0.00,0.00,70.33
11:17:44,15,13.68,0.00,11.58,0.00,0.00,4.21,0.00,0.00,0.00,70.53
11:17:45,4,15.22,0.00,9.78,0.00,0.00,4.35,0.00,0.00,0.00,70.65
11:17:45,5,14.89,0.00,11.70,0.00,0.00,4.26,0.00,0.00,0.00,69.15
11:17:45,6,12.77,0.00,11.70,0.00,0.00,5.32,0.00,0.00,0.00,70.21
11:17:45,7,11.36,0.00,10.23,0.00,0.00,4.55,0.00,0.00,0.00,73.86
11:17:45,12,13.98,0.00,11.83,0.00,0.00,4.30,0.00,0.00,0.00,69.89
11:17:45,13,13.98,0.00,11.83,0.00,0.00,4.30,0.00,0.00,0.00,69.89
11:17:45,14,14.74,0.00,12.63,0.00,0.00,4.21,0.00,0.00,0.00,68.42
11:17:45,15,13.54,0.00,11.46,0.00,0.00,6.25,0.00,0.00,0.00,68.75
11:17:46,4,15.96,0.00,11.70,0.00,0.00,4.26,0.00,0.00,0.00,68.09
11:17:46,5,15.62,0.00,16.67,0.00,0.00,4.17,0.00,0.00,0.00,63.54
11:17:46,6,14.89,0.00,12.77,0.00,0.00,4.26,0.00,0.00,0.00,68.09
11:17:46,7,14.74,0.00,11.58,0.00,0.00,4.21,0.00,0.00,0.00,69.47
11:17:46,12,13.98,0.00,12.90,0.00,0.00,5.38,0.00,0.00,0.00,67.74
11:17:46,13,15.05,0.00,11.83,0.00,0.00,4.30,0.00,0.00,0.00,68.82
11:17:46,14,15.79,0.00,12.63,0.00,0.00,5.26,0.00,0.00,0.00,66.32
11:17:46,15,12.90,0.00,10.75,0.00,0.00,5.38,0.00,0.00,0.00,70.97
11:17:47,4,16.13,0.00,12.90,1.08,0.00,5.38,0.00,0.00,0.00,64.52
11:17:47,5,17.78,0.00,13.33,0.00,0.00,5.56,0.00,0.00,0.00,63.33
11:17:47,6,17.02,0.00,12.77,0.00,0.00,4.26,0.00,0.00,0.00,65.96
11:17:47,7,13.83,0.00,13.83,0.00,0.00,4.26,0.00,0.00,0.00,68.09
11:17:47,12,16.13,0.00,11.83,0.00,0.00,4.30,0.00,0.00,0.00,67.74
11:17:47,13,15.22,0.00,11.96,0.00,0.00,4.35,0.00,0.00,0.00,68.48
11:17:47,14,13.04,0.00,11.96,0.00,0.00,4.35,0.00,0.00,0.00,70.65
11:17:47,15,13.68,0.00,12.63,0.00,0.00,4.21,0.00,0.00,0.00,69.47
11:17:48,4,13.04,0.00,11.96,0.00,0.00,4.35,0.00,0.00,0.00,70.65
11:17:48,5,13.98,0.00,13.98,0.00,0.00,4.30,0.00,0.00,0.00,67.74
11:17:48,6,11.96,0.00,13.04,0.00,0.00,4.35,0.00,0.00,0.00,70.65
11:17:48,7,13.98,0.00,10.75,0.00,0.00,3.23,0.00,0.00,0.00,72.04
11:17:48,12,11.96,0.00,13.04,0.00,0.00,4.35,0.00,0.00,0.00,70.65
11:17:48,13,12.90,0.00,15.05,0.00,0.00,5.38,0.00,0.00,0.00,66.67
11:17:48,14,12.90,0.00,11.83,0.00,0.00,6.45,0.00,0.00,0.00,68.82
11:17:48,15,14.58,0.00,13.54,0.00,0.00,4.17,0.00,0.00,0.00,67.71
11:17:49,4,13.98,0.00,13.98,0.00,0.00,6.45,0.00,0.00,0.00,65.59
11:17:49,5,14.74,0.00,12.63,0.00,0.00,5.26,0.00,0.00,0.00,67.37
11:17:49,6,14.13,0.00,10.87,0.00,0.00,5.43,0.00,0.00,0.00,69.57
11:17:49,7,13.19,0.00,10.99,0.00,0.00,4.40,0.00,0.00,0.00,71.43
11:17:49,12,13.98,0.00,11.83,0.00,0.00,5.38,0.00,0.00,0.00,68.82
11:17:49,13,15.05,0.00,11.83,0.00,0.00,5.38,0.00,0.00,0.00,67.74
11:17:49,14,15.05,0.00,11.83,0.00,0.00,4.30,0.00,0.00,0.00,68.82
11:17:49,15,12.63,0.00,11.58,0.00,0.00,6.32,0.00,0.00,0.00,69.47
11:17:50,4,15.79,0.00,11.58,0.00,0.00,4.21,0.00,0.00,0.00,68.42
11:17:50,5,15.05,0.00,11.83,0.00,0.00,5.38,0.00,0.00,0.00,67.74
11:17:50,6,13.98,0.00,11.83,0.00,0.00,4.30,0.00,0.00,0.00,69.89
11:17:50,7,14.74,0.00,11.58,0.00,0.00,4.21,0.00,0.00,0.00,69.47
11:17:50,12,15.22,0.00,13.04,0.00,0.00,4.35,0.00,0.00,0.00,67.39
11:17:50,13,15.79,0.00,13.68,0.00,0.00,4.21,0.00,0.00,0.00,66.32
11:17:50,14,14.74,0.00,12.63,0.00,0.00,5.26,0.00,0.00,0.00,67.37
11:17:50,15,13.68,0.00,12.63,0.00,0.00,4.21,0.00,0.00,0.00,69.47
11:17:51,4,16.30,0.00,11.96,0.00,0.00,4.35,0.00,0.00,0.00,67.39
11:17:51,5,13.68,0.00,13.68,0.00,0.00,5.26,0.00,0.00,0.00,67.37
11:17:51,6,15.05,0.00,10.75,0.00,0.00,3.23,0.00,0.00,0.00,70.97
11:17:51,7,10.87,0.00,11.96,0.00,0.00,4.35,0.00,0.00,0.00,72.83
11:17:51,12,13.04,0.00,9.78,0.00,0.00,6.52,0.00,0.00,0.00,70.65
11:17:51,13,15.22,0.00,14.13,0.00,0.00,4.35,0.00,0.00,0.00,66.30
11:17:51,14,13.68,0.00,12.63,0.00,0.00,5.26,0.00,0.00,0.00,68.42
11:17:51,15,14.13,0.00,11.96,0.00,0.00,3.26,0.00,0.00,0.00,70.65
11:17:52,4,12.90,0.00,13.98,0.00,0.00,5.38,0.00,0.00,0.00,67.74
11:17:52,5,16.13,0.00,15.05,0.00,0.00,4.30,0.00,0.00,0.00,64.52
11:17:52,6,16.30,0.00,13.04,0.00,0.00,4.35,0.00,0.00,0.00,66.30
11:17:52,7,12.77,0.00,12.77,0.00,0.00,4.26,0.00,0.00,0.00,70.21
11:17:52,12,18.48,0.00,15.22,0.00,0.00,4.35,0.00,0.00,0.00,61.96
11:17:52,13,17.02,0.00,12.77,1.06,0.00,4.26,0.00,0.00,0.00,64.89
11:17:52,14,17.39,0.00,10.87,0.00,0.00,3.26,0.00,0.00,0.00,68.48
11:17:52,15,12.90,0.00,11.83,1.08,0.00,4.30,0.00,0.00,0.00,69.89
11:17:53,4,13.04,0.00,11.96,0.00,0.00,4.35,0.00,0.00,0.00,70.65
11:17:53,5,14.13,0.00,11.96,0.00,0.00,4.35,0.00,0.00,0.00,69.57
11:17:53,6,11.96,0.00,14.13,0.00,0.00,4.35,0.00,0.00,0.00,69.57
11:17:53,7,12.90,0.00,12.90,0.00,0.00,4.30,0.00,0.00,0.00,69.89
11:17:53,12,14.58,0.00,12.50,0.00,0.00,5.21,0.00,0.00,0.00,67.71
11:17:53,13,13.04,0.00,11.96,0.00,0.00,4.35,0.00,0.00,0.00,70.65
11:17:53,14,13.04,0.00,15.22,0.00,0.00,4.35,0.00,0.00,0.00,67.39
11:17:53,15,14.74,0.00,12.63,0.00,0.00,5.26,0.00,0.00,0.00,67.37
11:17:54,4,13.04,0.00,11.96,0.00,0.00,4.35,0.00,0.00,0.00,70.65
11:17:54,5,13.64,0.00,10.23,0.00,0.00,5.68,0.00,0.00,0.00,70.45
11:17:54,6,15.05,0.00,13.98,0.00,0.00,5.38,0.00,0.00,0.00,65.59
11:17:54,7,10.64,0.00,13.83,0.00,0.00,5.32,0.00,0.00,0.00,70.21
11:17:54,12,13.83,0.00,14.89,0.00,0.00,5.32,0.00,0.00,0.00,65.96
11:17:54,13,13.83,0.00,13.83,0.00,0.00,4.26,0.00,0.00,0.00,68.09
11:17:54,14,13.33,0.00,10.00,0.00,0.00,5.56,0.00,0.00,0.00,71.11
11:17:54,15,12.63,0.00,11.58,0.00,0.00,5.26,0.00,0.00,0.00,70.53
11:17:55,4,14.58,0.00,13.54,0.00,0.00,5.21,0.00,0.00,0.00,66.67
11:17:55,5,13.98,0.00,12.90,0.00,0.00,4.30,0.00,0.00,0.00,68.82
11:17:55,6,14.13,0.00,13.04,0.00,0.00,4.35,0.00,0.00,0.00,68.48
11:17:55,7,9.78,0.00,10.87,0.00,0.00,5.43,0.00,0.00,0.00,73.91
11:17:55,12,15.62,0.00,14.58,0.00,0.00,4.17,0.00,0.00,0.00,65.62
11:17:55,13,14.13,0.00,16.30,0.00,0.00,5.43,0.00,0.00,0.00,64.13
11:17:55,14,15.22,0.00,10.87,0.00,0.00,5.43,0.00,0.00,0.00,68.48
11:17:55,15,11.96,0.00,11.96,0.00,0.00,4.35,0.00,0.00,0.00,71.74
11:17:56,4,15.96,0.00,13.83,0.00,0.00,5.32,0.00,0.00,0.00,64.89
11:17:56,5,14.29,0.00,12.09,0.00,0.00,4.40,0.00,0.00,0.00,69.23
11:17:56,6,13.68,0.00,11.58,0.00,0.00,5.26,0.00,0.00,0.00,69.47
11:17:56,7,12.24,0.00,11.22,0.00,0.00,6.12,0.00,0.00,0.00,70.41
11:17:56,12,13.33,0.00,12.22,0.00,0.00,5.56,0.00,0.00,0.00,68.89
11:17:56,13,13.04,0.00,14.13,0.00,0.00,4.35,0.00,0.00,0.00,68.48
11:17:56,14,11.96,0.00,13.04,0.00,0.00,4.35,0.00,0.00,0.00,70.65
11:17:56,15,13.83,0.00,10.64,0.00,0.00,4.26,0.00,0.00,0.00,71.28
11:17:57,4,17.20,0.00,12.90,0.00,0.00,5.38,0.00,0.00,0.00,64.52
11:17:57,5,15.22,0.00,13.04,0.00,0.00,4.35,0.00,0.00,0.00,67.39
11:17:57,6,15.96,0.00,12.77,1.06,0.00,5.32,0.00,0.00,0.00,64.89
11:17:57,7,12.09,0.00,10.99,0.00,0.00,4.40,0.00,0.00,0.00,72.53
11:17:57,12,18.09,0.00,11.70,0.00,0.00,4.26,0.00,0.00,0.00,65.96
11:17:57,13,17.20,0.00,12.90,0.00,0.00,5.38,0.00,0.00,0.00,64.52
11:17:57,14,16.13,0.00,12.90,1.08,0.00,4.30,0.00,0.00,0.00,65.59
11:17:57,15,11.70,0.00,11.70,0.00,0.00,5.32,0.00,0.00,0.00,71.28
11:17:58,4,15.38,0.00,13.19,0.00,0.00,5.49,0.00,0.00,0.00,65.93
11:17:58,5,15.22,0.00,11.96,0.00,0.00,4.35,0.00,0.00,0.00,68.48
11:17:58,6,12.09,0.00,12.09,0.00,0.00,5.49,0.00,0.00,0.00,70.33
11:17:58,7,10.53,0.00,13.68,0.00,0.00,5.26,0.00,0.00,0.00,70.53
11:17:58,12,13.04,0.00,11.96,0.00,0.00,5.43,0.00,0.00,0.00,69.57
11:17:58,13,15.22,0.00,11.96,0.00,0.00,4.35,0.00,0.00,0.00,68.48
11:17:58,14,13.98,0.00,12.90,0.00,0.00,4.30,0.00,0.00,0.00,68.82
11:17:58,15,12.77,0.00,11.70,0.00,0.00,4.26,0.00,0.00,0.00,71.28
11:17:59,4,12.90,0.00,11.83,0.00,0.00,5.38,0.00,0.00,0.00,69.89
11:17:59,5,15.22,0.00,11.96,0.00,0.00,3.26,0.00,0.00,0.00,69.57
11:17:59,6,15.96,0.00,10.64,0.00,0.00,5.32,0.00,0.00,0.00,68.09
11:17:59,7,13.04,0.00,11.96,0.00,0.00,4.35,0.00,0.00,0.00,70.65
11:17:59,12,13.68,0.00,12.63,0.00,0.00,5.26,0.00,0.00,0.00,68.42
11:17:59,13,13.33,0.00,11.11,0.00,0.00,4.44,0.00,0.00,0.00,71.11
11:17:59,14,12.90,0.00,13.98,0.00,0.00,4.30,0.00,0.00,0.00,68.82
11:17:59,15,14.74,0.00,10.53,0.00,0.00,6.32,0.00,0.00,0.00,68.42
11:18:00,4,18.09,0.00,11.70,0.00,0.00,5.32,0.00,0.00,0.00,64.89
11:18:00,5,15.96,0.00,14.89,0.00,0.00,4.26,0.00,0.00,0.00,64.89
11:18:00,6,12.09,0.00,9.89,0.00,0.00,5.49,0.00,0.00,0.00,72.53
11:18:00,7,12.63,0.00,11.58,0.00,0.00,4.21,0.00,0.00,0.00,71.58
11:18:00,12,15.22,0.00,11.96,0.00,0.00,4.35,0.00,0.00,0.00,68.48
11:18:00,13,14.89,0.00,13.83,0.00,0.00,5.32,0.00,0.00,0.00,65.96
11:18:00,14,13.68,0.00,11.58,0.00,0.00,6.32,0.00,0.00,0.00,68.42
11:18:00,15,10.87,0.00,11.96,0.00,0.00,4.35,0.00,0.00,0.00,72.83
11:18:01,4,13.04,0.00,10.87,0.00,0.00,5.43,0.00,0.00,0.00,70.65
11:18:01,5,13.98,0.00,11.83,0.00,0.00,4.30,0.00,0.00,0.00,69.89
11:18:01,6,14.89,0.00,10.64,0.00,0.00,4.26,0.00,0.00,0.00,70.21
11:18:01,7,13.83,0.00,11.70,0.00,0.00,4.26,0.00,0.00,0.00,70.21
11:18:01,12,13.83,0.00,15.96,0.00,0.00,5.32,0.00,0.00,0.00,64.89
11:18:01,13,13.04,0.00,11.96,0.00,0.00,5.43,0.00,0.00,0.00,69.57
11:18:01,14,13.98,0.00,11.83,0.00,0.00,5.38,0.00,0.00,0.00,68.82
11:18:01,15,14.89,0.00,11.70,0.00,0.00,5.32,0.00,0.00,0.00,68.09
11:18:02,4,15.05,0.00,12.90,0.00,0.00,4.30,0.00,0.00,0.00,67.74
11:18:02,5,14.29,0.00,12.09,1.10,0.00,4.40,0.00,0.00,0.00,68.13
11:18:02,6,14.13,0.00,11.96,0.00,0.00,5.43,0.00,0.00,0.00,68.48
11:18:02,7,12.77,0.00,13.83,0.00,0.00,4.26,0.00,0.00,0.00,69.15
11:18:02,12,17.20,0.00,11.83,0.00,0.00,5.38,0.00,0.00,0.00,65.59
11:18:02,13,18.09,0.00,11.70,1.06,0.00,4.26,0.00,0.00,0.00,64.89
11:18:02,14,13.83,0.00,13.83,0.00,0.00,5.32,0.00,0.00,0.00,67.02
11:18:02,15,15.22,0.00,10.87,0.00,0.00,4.35,0.00,0.00,0.00,69.57
11:18:03,4,13.98,0.00,11.83,0.00,0.00,4.30,0.00,0.00,0.00,69.89
11:18:03,5,13.04,0.00,14.13,0.00,0.00,4.35,0.00,0.00,0.00,68.48
11:18:03,6,12.09,0.00,12.09,0.00,0.00,4.40,0.00,0.00,0.00,71.43
11:18:03,7,11.70,0.00,12.77,0.00,0.00,4.26,0.00,0.00,0.00,71.28
11:18:03,12,13.33,0.00,12.22,0.00,0.00,4.44,0.00,0.00,0.00,70.00
11:18:03,13,14.89,0.00,10.64,0.00,0.00,6.38,0.00,0.00,0.00,68.09
11:18:03,14,14.13,0.00,11.96,0.00,0.00,3.26,0.00,0.00,0.00,70.65
11:18:03,15,11.70,0.00,11.70,0.00,0.00,6.38,0.00,0.00,0.00,70.21
11:18:04,4,15.96,0.00,11.70,0.00,0.00,4.26,0.00,0.00,0.00,68.09
11:18:04,5,15.22,0.00,13.04,0.00,0.00,4.35,0.00,0.00,0.00,67.39
11:18:04,6,15.96,0.00,12.77,0.00,0.00,4.26,0.00,0.00,0.00,67.02
11:18:04,7,12.77,0.00,11.70,0.00,0.00,5.32,0.00,0.00,0.00,70.21
11:18:04,12,12.77,0.00,11.70,0.00,0.00,7.45,0.00,0.00,0.00,68.09
11:18:04,13,15.05,0.00,11.83,0.00,0.00,4.30,0.00,0.00,0.00,68.82
11:18:04,14,12.63,0.00,12.63,0.00,0.00,5.26,0.00,0.00,0.00,69.47
11:18:04,15,12.90,0.00,9.68,0.00,0.00,4.30,0.00,0.00,0.00,73.12
11:18:05,4,14.44,0.00,8.89,0.00,0.00,4.44,0.00,0.00,0.00,72.22
11:18:05,5,13.04,0.00,13.04,0.00,0.00,6.52,0.00,0.00,0.00,67.39
11:18:05,6,16.13,0.00,9.68,0.00,0.00,4.30,0.00,0.00,0.00,69.89
11:18:05,7,13.83,0.00,11.70,0.00,0.00,4.26,0.00,0.00,0.00,70.21
11:18:05,12,13.83,0.00,14.89,0.00,0.00,3.19,0.00,0.00,0.00,68.09
11:18:05,13,15.05,0.00,10.75,0.00,0.00,5.38,0.00,0.00,0.00,68.82
11:18:05,14,14.29,0.00,10.99,0.00,0.00,3.30,0.00,0.00,0.00,71.43
11:18:05,15,13.04,0.00,10.87,0.00,0.00,3.26,0.00,0.00,0.00,72.83
11:18:06,4,13.19,0.00,13.19,0.00,0.00,4.40,0.00,0.00,0.00,69.23
11:18:06,5,15.96,0.00,12.77,0.00,0.00,4.26,0.00,0.00,0.00,67.02
11:18:06,6,15.05,0.00,12.90,0.00,0.00,5.38,0.00,0.00,0.00,66.67
11:18:06,7,11.96,0.00,9.78,0.00,0.00,5.43,0.00,0.00,0.00,72.83
11:18:06,12,13.98,0.00,11.83,0.00,0.00,4.30,0.00,0.00,0.00,69.89
11:18:06,13,15.62,0.00,16.67,0.00,0.00,5.21,0.00,0.00,0.00,62.50
11:18:06,14,13.83,0.00,12.77,0.00,0.00,5.32,0.00,0.00,0.00,68.09
11:18:06,15,11.83,0.00,11.83,0.00,0.00,4.30,0.00,0.00,0.00,72.04
11:18:07,4,16.13,0.00,12.90,0.00,0.00,5.38,0.00,0.00,0.00,65.59
11:18:07,5,15.38,0.00,14.29,1.10,0.00,5.49,0.00,0.00,0.00,63.74
11:18:07,6,15.22,0.00,10.87,0.00,0.00,5.43,0.00,0.00,0.00,68.48
11:18:07,7,12.90,0.00,12.90,0.00,0.00,5.38,0.00,0.00,0.00,68.82
11:18:07,12,14.89,0.00,11.70,0.00,0.00,5.32,0.00,0.00,0.00,68.09
11:18:07,13,17.89,0.00,11.58,0.00,0.00,5.26,0.00,0.00,0.00,65.26
11:18:07,14,15.96,0.00,10.64,1.06,0.00,5.32,0.00,0.00,0.00,67.02
11:18:07,15,15.79,0.00,12.63,0.00,0.00,4.21,0.00,0.00,0.00,67.37
11:18:08,4,12.90,0.00,13.98,0.00,0.00,4.30,0.00,0.00,0.00,68.82
11:18:08,5,13.33,0.00,13.33,0.00,0.00,4.44,0.00,0.00,0.00,68.89
11:18:08,6,15.22,0.00,10.87,0.00,0.00,5.43,0.00,0.00,0.00,68.48
11:18:08,7,13.98,0.00,10.75,0.00,0.00,3.23,0.00,0.00,0.00,72.04
11:18:08,12,13.19,0.00,10.99,0.00,0.00,5.49,0.00,0.00,0.00,70.33
11:18:08,13,14.89,0.00,11.70,0.00,0.00,5.32,0.00,0.00,0.00,68.09
11:18:08,14,14.58,0.00,12.50,0.00,0.00,5.21,0.00,0.00,0.00,67.71
11:18:08,15,12.77,0.00,10.64,0.00,0.00,4.26,0.00,0.00,0.00,72.34
11:18:09,4,14.29,0.00,12.09,0.00,0.00,3.30,0.00,0.00,0.00,70.33
11:18:09,5,13.48,0.00,11.24,0.00,0.00,3.37,0.00,0.00,0.00,71.91
11:18:09,6,17.39,0.00,7.61,0.00,0.00,4.35,0.00,0.00,0.00,70.65
11:18:09,7,11.96,0.00,11.96,0.00,0.00,4.35,0.00,0.00,0.00,71.74
11:18:09,12,13.33,0.00,12.22,0.00,0.00,4.44,0.00,0.00,0.00,70.00
11:18:09,13,14.13,0.00,11.96,0.00,0.00,4.35,0.00,0.00,0.00,69.57
11:18:09,14,15.05,0.00,10.75,0.00,0.00,4.30,0.00,0.00,0.00,69.89
11:18:09,15,12.77,0.00,12.77,0.00,0.00,5.32,0.00,0.00,0.00,69.15
11:18:10,4,13.83,0.00,13.83,0.00,0.00,4.26,0.00,0.00,0.00,68.09
11:18:10,5,13.68,0.00,11.58,0.00,0.00,6.32,0.00,0.00,0.00,68.42
11:18:10,6,13.68,0.00,11.58,0.00,0.00,5.26,0.00,0.00,0.00,69.47
11:18:10,7,14.58,0.00,11.46,0.00,0.00,4.17,0.00,0.00,0.00,69.79
11:18:10,12,16.30,0.00,10.87,0.00,0.00,4.35,0.00,0.00,0.00,68.48
11:18:10,13,13.83,0.00,10.64,0.00,0.00,6.38,0.00,0.00,0.00,69.15
11:18:10,14,14.89,0.00,11.70,0.00,0.00,4.26,0.00,0.00,0.00,69.15
11:18:10,15,13.98,0.00,12.90,0.00,0.00,3.23,0.00,0.00,0.00,69.89
11:18:11,4,12.90,0.00,12.90,0.00,0.00,4.30,0.00,0.00,0.00,69.89
11:18:11,5,12.90,0.00,15.05,0.00,0.00,4.30,0.00,0.00,0.00,67.74
11:18:11,6,13.98,0.00,11.83,0.00,0.00,5.38,0.00,0.00,0.00,68.82
11:18:11,7,13.83,0.00,12.77,0.00,0.00,4.26,0.00,0.00,0.00,69.15
11:18:11,12,15.05,0.00,10.75,0.00,0.00,5.38,0.00,0.00,0.00,68.82
11:18:11,13,14.89,0.00,11.70,0.00,0.00,5.32,0.00,0.00,0.00,68.09
11:18:11,14,13.83,0.00,11.70,0.00,0.00,5.32,0.00,0.00,0.00,69.15
11:18:11,15,13.83,0.00,13.83,0.00,0.00,4.26,0.00,0.00,0.00,68.09
11:18:12,4,18.75,0.00,13.54,0.00,0.00,5.21,0.00,0.00,0.00,62.50
11:18:12,5,16.30,0.00,13.04,0.00,0.00,4.35,0.00,0.00,0.00,66.30
11:18:12,6,14.29,0.00,13.19,0.00,0.00,4.40,0.00,0.00,0.00,68.13
11:18:12,7,13.83,0.00,11.70,0.00,0.00,4.26,0.00,0.00,0.00,70.21
11:18:12,12,14.74,0.00,13.68,0.00,0.00,4.21,0.00,0.00,0.00,67.37
11:18:12,13,17.78,0.00,13.33,0.00,0.00,4.44,0.00,0.00,0.00,64.44
11:18:12,14,14.44,0.00,10.00,0.00,0.00,5.56,0.00,0.00,0.00,70.00
11:18:12,15,12.77,0.00,12.77,0.00,0.00,4.26,0.00,0.00,0.00,70.21
11:18:13,4,13.83,0.00,11.70,0.00,0.00,5.32,0.00,0.00,0.00,69.15
11:18:13,5,14.29,0.00,10.99,0.00,0.00,4.40,0.00,0.00,0.00,70.33
11:18:13,6,15.22,0.00,11.96,0.00,0.00,3.26,0.00,0.00,0.00,69.57
11:18:13,7,13.98,0.00,11.83,0.00,0.00,4.30,0.00,0.00,0.00,69.89
11:18:13,12,13.98,0.00,11.83,0.00,0.00,4.30,0.00,0.00,0.00,69.89
11:18:13,13,14.89,0.00,13.83,0.00,0.00,4.26,0.00,0.00,0.00,67.02
11:18:13,14,15.96,0.00,11.70,0.00,0.00,5.32,0.00,0.00,0.00,67.02
11:18:13,15,14.29,0.00,8.79,0.00,0.00,5.49,0.00,0.00,0.00,71.43
11:18:14,4,13.98,0.00,12.90,0.00,0.00,4.30,0.00,0.00,0.00,68.82
11:18:14,5,14.29,0.00,13.19,0.00,0.00,4.40,0.00,0.00,0.00,68.13
11:18:14,6,13.33,0.00,11.11,0.00,0.00,4.44,0.00,0.00,0.00,71.11
11:18:14,7,12.90,0.00,9.68,0.00,0.00,5.38,0.00,0.00,0.00,72.04
11:18:14,12,15.05,0.00,13.98,0.00,0.00,4.30,0.00,0.00,0.00,66.67
11:18:14,13,15.22,0.00,13.04,0.00,0.00,4.35,0.00,0.00,0.00,67.39
11:18:14,14,13.83,0.00,11.70,0.00,0.00,5.32,0.00,0.00,0.00,69.15
11:18:14,15,12.09,0.00,10.99,0.00,0.00,4.40,0.00,0.00,0.00,72.53
11:18:15,4,14.13,0.00,10.87,0.00,0.00,5.43,0.00,0.00,0.00,69.57
11:18:15,5,14.74,0.00,13.68,0.00,0.00,4.21,0.00,0.00,0.00,67.37
11:18:15,6,12.77,0.00,13.83,0.00,0.00,5.32,0.00,0.00,0.00,68.09
11:18:15,7,10.75,0.00,11.83,0.00,0.00,4.30,0.00,0.00,0.00,73.12
11:18:15,12,16.13,0.00,12.90,0.00,0.00,4.30,0.00,0.00,0.00,66.67
11:18:15,13,15.79,0.00,11.58,0.00,0.00,5.26,0.00,0.00,0.00,67.37
11:18:15,14,15.22,0.00,15.22,0.00,0.00,3.26,0.00,0.00,0.00,66.30
11:18:15,15,12.90,0.00,10.75,0.00,0.00,5.38,0.00,0.00,0.00,70.97
11:18:16,4,15.05,0.00,10.75,0.00,0.00,4.30,0.00,0.00,0.00,69.89
11:18:16,5,14.89,0.00,12.77,0.00,0.00,5.32,0.00,0.00,0.00,67.02
11:18:16,6,15.96,0.00,10.64,0.00,0.00,4.26,0.00,0.00,0.00,69.15
11:18:16,7,13.98,0.00,10.75,0.00,0.00,4.30,0.00,0.00,0.00,70.97
11:18:16,12,15.96,0.00,13.83,0.00,0.00,4.26,0.00,0.00,0.00,65.96
11:18:16,13,12.50,0.00,15.62,0.00,0.00,4.17,0.00,0.00,0.00,67.71
11:18:16,14,12.22,0.00,11.11,0.00,0.00,4.44,0.00,0.00,0.00,72.22
11:18:16,15,13.83,0.00,9.57,0.00,0.00,5.32,0.00,0.00,0.00,71.28
11:18:17,4,16.13,0.00,13.98,0.00,0.00,4.30,0.00,0.00,0.00,65.59
11:18:17,5,15.22,0.00,16.30,1.09,0.00,4.35,0.00,0.00,0.00,63.04
11:18:17,6,16.49,0.00,12.37,0.00,0.00,5.15,0.00,0.00,0.00,65.98
11:18:17,7,13.98,0.00,10.75,0.00,0.00,5.38,0.00,0.00,0.00,69.89
11:18:17,12,16.13,0.00,13.98,0.00,0.00,4.30,0.00,0.00,0.00,65.59
11:18:17,13,17.20,0.00,12.90,0.00,0.00,4.30,0.00,0.00,0.00,65.59
11:18:17,14,13.68,0.00,13.68,0.00,0.00,5.26,0.00,0.00,0.00,67.37
11:18:17,15,12.90,0.00,11.83,0.00,0.00,5.38,0.00,0.00,0.00,69.89
11:18:18,4,14.89,0.00,12.77,0.00,0.00,4.26,0.00,0.00,0.00,68.09
11:18:18,5,12.77,0.00,13.83,0.00,0.00,6.38,0.00,0.00,0.00,67.02
11:18:18,6,13.68,0.00,13.68,0.00,0.00,4.21,0.00,0.00,0.00,68.42
11:18:18,7,12.90,0.00,12.90,0.00,0.00,3.23,0.00,0.00,0.00,70.97
11:18:18,12,15.22,0.00,15.22,0.00,0.00,4.35,0.00,0.00,0.00,65.22
11:18:18,13,13.48,0.00,12.36,0.00,0.00,4.49,0.00,0.00,0.00,69.66
11:18:18,14,14.89,0.00,11.70,0.00,0.00,4.26,0.00,0.00,0.00,69.15
11:18:18,15,13.68,0.00,11.58,0.00,0.00,5.26,0.00,0.00,0.00,69.47
11:18:19,4,13.98,0.00,13.98,0.00,0.00,5.38,0.00,0.00,0.00,66.67
11:18:19,5,13.83,0.00,13.83,0.00,0.00,5.32,0.00,0.00,0.00,67.02
11:18:19,6,13.04,0.00,10.87,0.00,0.00,5.43,0.00,0.00,0.00,70.65
11:18:19,7,12.77,0.00,10.64,0.00,0.00,5.32,0.00,0.00,0.00,71.28
11:18:19,12,12.77,0.00,13.83,0.00,0.00,5.32,0.00,0.00,0.00,68.09
11:18:19,13,15.05,0.00,13.98,0.00,0.00,5.38,0.00,0.00,0.00,65.59
11:18:19,14,13.98,0.00,11.83,0.00,0.00,4.30,0.00,0.00,0.00,69.89
11:18:19,15,12.77,0.00,12.77,0.00,0.00,4.26,0.00,0.00,0.00,70.21
11:18:20,4,11.96,0.00,13.04,0.00,0.00,5.43,0.00,0.00,0.00,69.57
11:18:20,5,14.13,0.00,13.04,0.00,0.00,3.26,0.00,0.00,0.00,69.57
11:18:20,6,14.13,0.00,13.04,0.00,0.00,5.43,0.00,0.00,0.00,67.39
11:18:20,7,12.90,0.00,11.83,0.00,0.00,4.30,0.00,0.00,0.00,70.97
11:18:20,12,13.04,0.00,13.04,0.00,0.00,4.35,0.00,0.00,0.00,69.57
11:18:20,13,13.19,0.00,12.09,0.00,0.00,5.49,0.00,0.00,0.00,69.23
11:18:20,14,15.79,0.00,13.68,0.00,0.00,4.21,0.00,0.00,0.00,66.32
11:18:20,15,12.77,0.00,11.70,0.00,0.00,4.26,0.00,0.00,0.00,71.28
11:18:21,4,15.05,0.00,12.90,0.00,0.00,3.23,0.00,0.00,0.00,68.82
11:18:21,5,14.13,0.00,11.96,0.00,0.00,4.35,0.00,0.00,0.00,69.57
11:18:21,6,13.98,0.00,11.83,0.00,0.00,5.38,0.00,0.00,0.00,68.82
11:18:21,7,12.77,0.00,12.77,0.00,0.00,4.26,0.00,0.00,0.00,70.21
11:18:21,12,11.96,0.00,13.04,0.00,0.00,5.43,0.00,0.00,0.00,69.57
11:18:21,13,15.79,0.00,14.74,0.00,0.00,5.26,0.00,0.00,0.00,64.21
11:18:21,14,11.96,0.00,13.04,0.00,0.00,4.35,0.00,0.00,0.00,70.65
11:18:21,15,13.83,0.00,11.70,0.00,0.00,5.32,0.00,0.00,0.00,69.15
11:18:22,4,13.04,0.00,11.96,1.09,0.00,4.35,0.00,0.00,0.00,69.57
11:18:22,5,15.05,0.00,10.75,0.00,0.00,4.30,0.00,0.00,0.00,69.89
11:18:22,6,12.77,0.00,10.64,0.00,0.00,5.32,0.00,0.00,0.00,71.28
11:18:22,7,14.74,0.00,9.47,1.05,0.00,4.21,0.00,0.00,0.00,70.53
11:18:22,12,15.96,0.00,12.77,0.00,0.00,5.32,0.00,0.00,0.00,65.96
11:18:22,13,14.44,0.00,11.11,0.00,0.00,5.56,0.00,0.00,0.00,68.89
11:18:22,14,13.98,0.00,12.90,0.00,0.00,5.38,0.00,0.00,0.00,67.74
11:18:22,15,13.83,0.00,12.77,0.00,0.00,4.26,0.00,0.00,0.00,69.15
11:18:23,4,14.89,0.00,13.83,0.00,0.00,4.26,0.00,0.00,0.00,67.02
11:18:23,5,13.19,0.00,15.38,0.00,0.00,4.40,0.00,0.00,0.00,67.03
11:18:23,6,14.89,0.00,10.64,0.00,0.00,5.32,0.00,0.00,0.00,69.15
11:18:23,7,13.04,0.00,11.96,0.00,0.00,3.26,0.00,0.00,0.00,71.74
11:18:23,12,16.13,0.00,10.75,0.00,0.00,6.45,0.00,0.00,0.00,66.67
11:18:23,13,18.95,0.00,11.58,0.00,0.00,5.26,0.00,0.00,0.00,64.21
11:18:23,14,14.44,0.00,12.22,0.00,0.00,4.44,0.00,0.00,0.00,68.89
11:18:23,15,15.05,0.00,12.90,0.00,0.00,3.23,0.00,0.00,0.00,68.82
11:18:24,4,15.22,0.00,11.96,0.00,0.00,5.43,0.00,0.00,0.00,67.39
11:18:24,5,14.89,0.00,12.77,0.00,0.00,4.26,0.00,0.00,0.00,68.09
11:18:24,6,12.90,0.00,12.90,0.00,0.00,4.30,0.00,0.00,0.00,69.89
11:18:24,7,11.58,0.00,12.63,0.00,0.00,5.26,0.00,0.00,0.00,70.53
11:18:24,12,15.22,0.00,14.13,0.00,0.00,4.35,0.00,0.00,0.00,66.30
11:18:24,13,15.05,0.00,11.83,0.00,0.00,5.38,0.00,0.00,0.00,67.74
11:18:24,14,12.77,0.00,13.83,0.00,0.00,5.32,0.00,0.00,0.00,68.09
11:18:24,15,13.68,0.00,10.53,0.00,0.00,4.21,0.00,0.00,0.00,71.58
11:18:25,4,14.13,0.00,10.87,0.00,0.00,4.35,0.00,0.00,0.00,70.65
11:18:25,5,13.04,0.00,13.04,0.00,0.00,4.35,0.00,0.00,0.00,69.57
11:18:25,6,14.89,0.00,13.83,0.00,0.00,5.32,0.00,0.00,0.00,65.96
11:18:25,7,13.68,0.00,13.68,0.00,0.00,3.16,0.00,0.00,0.00,69.47
11:18:25,12,13.98,0.00,12.90,0.00,0.00,4.30,0.00,0.00,0.00,68.82
11:18:25,13,14.44,0.00,10.00,0.00,0.00,3.33,0.00,0.00,0.00,72.22
11:18:25,14,13.83,0.00,12.77,0.00,0.00,4.26,0.00,0.00,0.00,69.15
11:18:25,15,11.83,0.00,12.90,0.00,0.00,4.30,0.00,0.00,0.00,70.97
11:18:26,4,14.89,0.00,11.70,0.00,0.00,5.32,0.00,0.00,0.00,68.09
11:18:26,5,15.05,0.00,12.90,0.00,0.00,5.38,0.00,0.00,0.00,66.67
11:18:26,6,13.83,0.00,11.70,0.00,0.00,5.32,0.00,0.00,0.00,69.15
11:18:26,7,11.96,0.00,10.87,0.00,0.00,5.43,0.00,0.00,0.00,71.74
11:18:26,12,13.83,0.00,12.77,0.00,0.00,4.26,0.00,0.00,0.00,69.15
11:18:26,13,13.98,0.00,12.90,0.00,0.00,4.30,0.00,0.00,0.00,68.82
11:18:26,14,15.05,0.00,11.83,0.00,0.00,6.45,0.00,0.00,0.00,66.67
11:18:26,15,12.77,0.00,11.70,0.00,0.00,6.38,0.00,0.00,0.00,69.15
11:18:27,4,13.98,0.00,11.83,0.00,0.00,4.30,0.00,0.00,0.00,69.89
11:18:27,5,14.13,0.00,14.13,0.00,0.00,4.35,0.00,0.00,0.00,67.39
11:18:27,6,14.74,0.00,13.68,0.00,0.00,4.21,0.00,0.00,0.00,67.37
11:18:27,7,10.75,0.00,11.83,0.00,0.00,5.38,0.00,0.00,0.00,72.04
11:18:27,12,14.44,0.00,11.11,0.00,0.00,4.44,0.00,0.00,0.00,70.00
11:18:27,13,16.13,0.00,11.83,0.00,0.00,4.30,0.00,0.00,0.00,67.74
11:18:27,14,15.79,0.00,12.63,0.00,0.00,4.21,0.00,0.00,0.00,67.37
11:18:27,15,14.74,0.00,11.58,0.00,0.00,4.21,0.00,0.00,0.00,69.47
11:18:28,4,16.13,0.00,12.90,0.00,0.00,5.38,0.00,0.00,0.00,65.59
11:18:28,5,16.48,0.00,13.19,0.00,0.00,5.49,0.00,0.00,0.00,64.84
11:18:28,6,14.29,0.00,13.19,0.00,0.00,5.49,0.00,0.00,0.00,67.03
11:18:28,7,11.70,0.00,12.77,0.00,0.00,4.26,0.00,0.00,0.00,71.28
11:18:28,12,16.30,0.00,13.04,0.00,0.00,5.43,0.00,0.00,0.00,65.22
11:18:28,13,17.39,0.00,15.22,0.00,0.00,6.52,0.00,0.00,0.00,60.87
11:18:28,14,15.56,0.00,12.22,0.00,0.00,3.33,0.00,0.00,0.00,68.89
11:18:28,15,12.50,0.00,12.50,0.00,0.00,5.21,0.00,0.00,0.00,69.79
11:18:29,4,14.13,0.00,11.96,0.00,0.00,5.43,0.00,0.00,0.00,68.48
11:18:29,5,14.89,0.00,12.77,0.00,0.00,5.32,0.00,0.00,0.00,67.02
11:18:29,6,13.98,0.00,12.90,0.00,0.00,4.30,0.00,0.00,0.00,68.82
11:18:29,7,12.90,0.00,11.83,0.00,0.00,4.30,0.00,0.00,0.00,70.97
11:18:29,12,13.04,0.00,11.96,0.00,0.00,4.35,0.00,0.00,0.00,70.65
11:18:29,13,14.58,0.00,15.62,0.00,0.00,4.17,0.00,0.00,0.00,65.62
11:18:29,14,12.63,0.00,11.58,0.00,0.00,6.32,0.00,0.00,0.00,69.47
11:18:29,15,12.77,0.00,11.70,0.00,0.00,5.32,0.00,0.00,0.00,70.21
11:18:30,4,13.83,0.00,13.83,0.00,0.00,4.26,0.00,0.00,0.00,68.09
11:18:30,5,15.05,0.00,12.90,0.00,0.00,3.23,0.00,0.00,0.00,68.82
11:18:30,6,13.98,0.00,9.68,0.00,0.00,6.45,0.00,0.00,0.00,69.89
11:18:30,7,13.68,0.00,11.58,0.00,0.00,6.32,0.00,0.00,0.00,68.42
11:18:30,12,13.68,0.00,12.63,0.00,0.00,6.32,0.00,0.00,0.00,67.37
11:18:30,13,15.96,0.00,11.70,0.00,0.00,4.26,0.00,0.00,0.00,68.09
11:18:30,14,13.33,0.00,12.22,0.00,0.00,3.33,0.00,0.00,0.00,71.11
11:18:30,15,14.74,0.00,10.53,0.00,0.00,5.26,0.00,0.00,0.00,69.47
11:18:31,4,14.74,0.00,13.68,0.00,0.00,4.21,0.00,0.00,0.00,67.37
11:18:31,5,13.04,0.00,14.13,0.00,0.00,3.26,0.00,0.00,0.00,69.57
11:18:31,6,13.54,0.00,13.54,0.00,0.00,4.17,0.00,0.00,0.00,68.75
11:18:31,7,12.77,0.00,10.64,0.00,0.00,4.26,0.00,0.00,0.00,72.34
11:18:31,12,14.89,0.00,13.83,0.00,0.00,5.32,0.00,0.00,0.00,65.96
11:18:31,13,16.30,0.00,15.22,0.00,0.00,5.43,0.00,0.00,0.00,63.04
11:18:31,14,14.13,0.00,11.96,0.00,0.00,4.35,0.00,0.00,0.00,69.57
11:18:31,15,15.05,0.00,11.83,0.00,0.00,3.23,0.00,0.00,0.00,69.89
11:18:32,4,15.05,0.00,12.90,0.00,0.00,5.38,0.00,0.00,0.00,66.67
11:18:32,5,13.98,0.00,12.90,0.00,0.00,5.38,0.00,0.00,0.00,67.74
11:18:32,6,13.83,0.00,12.77,0.00,0.00,5.32,0.00,0.00,0.00,68.09
11:18:32,7,12.09,0.00,9.89,0.00,0.00,3.30,0.00,0.00,0.00,74.73
11:18:32,12,12.09,0.00,13.19,0.00,0.00,3.30,0.00,0.00,0.00,71.43
11:18:32,13,15.05,0.00,12.90,0.00,0.00,4.30,0.00,0.00,0.00,67.74
11:18:32,14,13.98,0.00,12.90,0.00,0.00,6.45,0.00,0.00,0.00,66.67
11:18:32,15,12.63,0.00,12.63,0.00,0.00,4.21,0.00,0.00,0.00,70.53
11:18:33,4,18.48,0.00,11.96,0.00,0.00,4.35,0.00,0.00,0.00,65.22
11:18:33,5,13.83,0.00,13.83,0.00,0.00,6.38,0.00,0.00,0.00,65.96
11:18:33,6,14.44,0.00,12.22,0.00,0.00,3.33,0.00,0.00,0.00,70.00
11:18:33,7,13.40,0.00,12.37,0.00,0.00,6.19,0.00,0.00,0.00,68.04
11:18:33,12,15.96,0.00,15.96,0.00,0.00,5.32,0.00,0.00,0.00,62.77
11:18:33,13,13.98,0.00,16.13,0.00,0.00,5.38,0.00,0.00,0.00,64.52
11:18:33,14,15.96,0.00,13.83,0.00,0.00,5.32,0.00,0.00,0.00,64.89
11:18:33,15,15.22,0.00,11.96,0.00,0.00,4.35,0.00,0.00,0.00,68.48
11:18:34,4,13.68,0.00,12.63,0.00,0.00,5.26,0.00,0.00,0.00,68.42
11:18:34,5,13.98,0.00,10.75,0.00,0.00,5.38,0.00,0.00,0.00,69.89
11:18:34,6,14.74,0.00,11.58,0.00,0.00,5.26,0.00,0.00,0.00,68.42
11:18:34,7,13.98,0.00,10.75,0.00,0.00,5.38,0.00,0.00,0.00,69.89
11:18:34,12,11.96,0.00,11.96,0.00,0.00,5.43,0.00,0.00,0.00,70.65
11:18:34,13,15.05,0.00,10.75,0.00,0.00,4.30,0.00,0.00,0.00,69.89
11:18:34,14,12.77,0.00,12.77,0.00,0.00,5.32,0.00,0.00,0.00,69.15
11:18:34,15,12.90,0.00,10.75,0.00,0.00,5.38,0.00,0.00,0.00,70.97
11:18:35,4,13.19,0.00,13.19,0.00,0.00,4.40,0.00,0.00,0.00,69.23
11:18:35,5,13.33,0.00,10.00,0.00,0.00,5.56,0.00,0.00,0.00,71.11
11:18:35,6,13.04,0.00,11.96,0.00,0.00,4.35,0.00,0.00,0.00,70.65
11:18:35,7,13.04,0.00,10.87,0.00,0.00,5.43,0.00,0.00,0.00,70.65
11:18:35,12,14.89,0.00,11.70,0.00,0.00,4.26,0.00,0.00,0.00,69.15
11:18:35,13,13.04,0.00,10.87,0.00,0.00,5.43,0.00,0.00,0.00,70.65
11:18:35,14,14.74,0.00,12.63,0.00,0.00,4.21,0.00,0.00,0.00,68.42
11:18:35,15,14.13,0.00,9.78,0.00,0.00,4.35,0.00,0.00,0.00,71.74
11:18:36,4,13.98,0.00,12.90,0.00,0.00,4.30,0.00,0.00,0.00,68.82
11:18:36,5,13.19,0.00,12.09,0.00,0.00,4.40,0.00,0.00,0.00,70.33
11:18:36,6,13.19,0.00,12.09,0.00,0.00,4.40,0.00,0.00,0.00,70.33
11:18:36,7,13.83,0.00,13.83,0.00,0.00,3.19,0.00,0.00,0.00,69.15
11:18:36,12,13.98,0.00,11.83,0.00,0.00,4.30,0.00,0.00,0.00,69.89
11:18:36,13,16.30,0.00,13.04,0.00,0.00,4.35,0.00,0.00,0.00,66.30
11:18:36,14,13.68,0.00,13.68,0.00,0.00,5.26,0.00,0.00,0.00,67.37
11:18:36,15,13.68,0.00,13.68,0.00,0.00,4.21,0.00,0.00,0.00,68.42
11:18:37,4,14.89,0.00,14.89,0.00,0.00,4.26,0.00,0.00,0.00,65.96
11:18:37,5,15.22,0.00,17.39,0.00,0.00,4.35,0.00,0.00,0.00,63.04
11:18:37,6,14.89,0.00,14.89,0.00,0.00,4.26,0.00,0.00,0.00,65.96
11:18:37,7,13.68,0.00,13.68,0.00,0.00,4.21,0.00,0.00,0.00,68.42
11:18:37,12,15.96,0.00,12.77,0.00,0.00,4.26,0.00,0.00,0.00,67.02
11:18:37,13,15.22,0.00,15.22,0.00,0.00,4.35,0.00,0.00,0.00,65.22
11:18:37,14,15.96,0.00,15.96,0.00,0.00,3.19,0.00,0.00,0.00,64.89
11:18:37,15,11.70,0.00,14.89,0.00,0.00,5.32,0.00,0.00,0.00,68.09
11:18:38,4,16.13,0.00,12.90,0.00,0.00,4.30,0.00,0.00,0.00,66.67
11:18:38,5,17.20,0.00,13.98,0.00,0.00,5.38,0.00,0.00,0.00,63.44
11:18:38,6,15.22,0.00,10.87,0.00,0.00,5.43,0.00,0.00,0.00,68.48
11:18:38,7,11.83,0.00,13.98,0.00,0.00,5.38,0.00,0.00,0.00,68.82
11:18:38,12,16.30,0.00,11.96,0.00,0.00,4.35,0.00,0.00,0.00,67.39
11:18:38,13,17.58,0.00,12.09,0.00,0.00,5.49,0.00,0.00,0.00,64.84
11:18:38,14,14.74,0.00,12.63,0.00,0.00,6.32,0.00,0.00,0.00,66.32
11:18:38,15,14.13,0.00,11.96,0.00,0.00,4.35,0.00,0.00,0.00,69.57
11:18:39,4,13.48,0.00,13.48,0.00,0.00,4.49,0.00,0.00,0.00,68.54
11:18:39,5,14.44,0.00,12.22,0.00,0.00,4.44,0.00,0.00,0.00,68.89
11:18:39,6,14.13,0.00,11.96,0.00,0.00,4.35,0.00,0.00,0.00,69.57
11:18:39,7,13.68,0.00,12.63,0.00,0.00,4.21,0.00,0.00,0.00,69.47
11:18:39,12,14.29,0.00,12.09,0.00,0.00,3.30,0.00,0.00,0.00,70.33
11:18:39,13,14.74,0.00,14.74,0.00,0.00,5.26,0.00,0.00,0.00,65.26
11:18:39,14,12.77,0.00,13.83,0.00,0.00,5.32,0.00,0.00,0.00,68.09
11:18:39,15,11.83,0.00,11.83,0.00,0.00,5.38,0.00,0.00,0.00,70.97
11:18:40,4,14.13,0.00,15.22,0.00,0.00,4.35,0.00,0.00,0.00,66.30
11:18:40,5,14.89,0.00,13.83,0.00,0.00,5.32,0.00,0.00,0.00,65.96
11:18:40,6,14.13,0.00,11.96,0.00,0.00,5.43,0.00,0.00,0.00,68.48
11:18:40,7,14.29,0.00,10.99,0.00,0.00,3.30,0.00,0.00,0.00,71.43
11:18:40,12,14.13,0.00,10.87,0.00,0.00,5.43,0.00,0.00,0.00,69.57
11:18:40,13,13.33,0.00,11.11,0.00,0.00,5.56,0.00,0.00,0.00,70.00
11:18:40,14,15.22,0.00,13.04,0.00,0.00,3.26,0.00,0.00,0.00,68.48
11:18:40,15,12.77,0.00,11.70,0.00,0.00,5.32,0.00,0.00,0.00,70.21
11:18:41,4,13.04,0.00,11.96,0.00,0.00,5.43,0.00,0.00,0.00,69.57
11:18:41,5,15.38,0.00,10.99,0.00,0.00,4.40,0.00,0.00,0.00,69.23
11:18:41,6,13.98,0.00,10.75,0.00,0.00,4.30,0.00,0.00,0.00,70.97
11:18:41,7,12.37,0.00,13.40,0.00,0.00,5.15,0.00,0.00,0.00,69.07
11:18:41,12,13.19,0.00,10.99,0.00,0.00,3.30,0.00,0.00,0.00,72.53
11:18:41,13,15.22,0.00,11.96,0.00,0.00,5.43,0.00,0.00,0.00,67.39
11:18:41,14,13.83,0.00,13.83,0.00,0.00,4.26,0.00,0.00,0.00,68.09
11:18:41,15,15.05,0.00,10.75,0.00,0.00,4.30,0.00,0.00,0.00,69.89
11:18:42,4,15.79,0.00,12.63,0.00,0.00,3.16,0.00,0.00,0.00,68.42
11:18:42,5,14.58,0.00,13.54,0.00,0.00,5.21,0.00,0.00,0.00,66.67
11:18:42,6,14.89,0.00,12.77,0.00,0.00,4.26,0.00,0.00,0.00,68.09
11:18:42,7,14.89,0.00,12.77,0.00,0.00,4.26,0.00,0.00,0.00,68.09
11:18:42,12,12.63,0.00,13.68,0.00,0.00,5.26,0.00,0.00,0.00,68.42
11:18:42,13,12.63,0.00,15.79,0.00,0.00,5.26,0.00,0.00,0.00,66.32
11:18:42,14,14.13,0.00,11.96,0.00,0.00,4.35,0.00,0.00,0.00,69.57
11:18:42,15,13.19,0.00,10.99,0.00,0.00,4.40,0.00,0.00,0.00,71.43
11:18:43,4,13.83,0.00,13.83,0.00,0.00,5.32,0.00,0.00,0.00,67.02
11:18:43,5,15.38,0.00,13.19,0.00,0.00,4.40,0.00,0.00,0.00,67.03
11:18:43,6,14.13,0.00,11.96,0.00,0.00,4.35,0.00,0.00,0.00,69.57
11:18:43,7,13.19,0.00,10.99,0.00,0.00,4.40,0.00,0.00,0.00,71.43
11:18:43,12,14.13,0.00,11.96,0.00,0.00,4.35,0.00,0.00,0.00,69.57
11:18:43,13,18.68,0.00,13.19,0.00,0.00,4.40,0.00,0.00,0.00,63.74
11:18:43,14,11.96,0.00,13.04,0.00,0.00,5.43,0.00,0.00,0.00,69.57
11:18:43,15,13.83,0.00,11.70,0.00,0.00,6.38,0.00,0.00,0.00,68.09
11:18:44,4,13.98,0.00,11.83,0.00,0.00,5.38,0.00,0.00,0.00,68.82
11:18:44,5,14.58,0.00,13.54,0.00,0.00,5.21,0.00,0.00,0.00,66.67
11:18:44,6,12.77,0.00,11.70,0.00,0.00,5.32,0.00,0.00,0.00,70.21
11:18:44,7,13.54,0.00,10.42,0.00,0.00,5.21,0.00,0.00,0.00,70.83
11:18:44,12,14.29,0.00,12.09,0.00,0.00,4.40,0.00,0.00,0.00,69.23
11:18:44,13,14.89,0.00,12.77,0.00,0.00,5.32,0.00,0.00,0.00,67.02
11:18:44,14,13.19,0.00,12.09,0.00,0.00,5.49,0.00,0.00,0.00,69.23
11:18:44,15,12.90,0.00,12.90,0.00,0.00,4.30,0.00,0.00,0.00,69.89
11:18:45,4,15.05,0.00,11.83,0.00,0.00,4.30,0.00,0.00,0.00,68.82
11:18:45,5,13.98,0.00,12.90,0.00,0.00,4.30,0.00,0.00,0.00,68.82
11:18:45,6,14.29,0.00,13.19,0.00,0.00,3.30,0.00,0.00,0.00,69.23
11:18:45,7,11.83,0.00,11.83,0.00,0.00,4.30,0.00,0.00,0.00,72.04
11:18:45,12,15.38,0.00,13.19,0.00,0.00,4.40,0.00,0.00,0.00,67.03
11:18:45,13,13.33,0.00,11.11,0.00,0.00,4.44,0.00,0.00,0.00,71.11
11:18:45,14,13.68,0.00,14.74,0.00,0.00,5.26,0.00,0.00,0.00,66.32
11:18:45,15,13.04,0.00,9.78,0.00,0.00,4.35,0.00,0.00,0.00,72.83
11:18:46,4,12.77,0.00,12.77,0.00,0.00,6.38,0.00,0.00,0.00,68.09
11:18:46,5,13.98,0.00,11.83,0.00,0.00,5.38,0.00,0.00,0.00,68.82
11:18:46,6,13.04,0.00,10.87,0.00,0.00,6.52,0.00,0.00,0.00,69.57
11:18:46,7,14.13,0.00,10.87,0.00,0.00,4.35,0.00,0.00,0.00,70.65
11:18:46,12,13.04,0.00,13.04,0.00,0.00,3.26,0.00,0.00,0.00,70.65
11:18:46,13,15.79,0.00,12.63,0.00,0.00,5.26,0.00,0.00,0.00,66.32
11:18:46,14,13.98,0.00,11.83,0.00,0.00,4.30,0.00,0.00,0.00,69.89
11:18:46,15,13.54,0.00,13.54,0.00,0.00,5.21,0.00,0.00,0.00,67.71
11:18:47,4,14.74,0.00,12.63,0.00,0.00,5.26,0.00,0.00,0.00,67.37
11:18:47,5,14.29,0.00,12.09,0.00,0.00,4.40,0.00,0.00,0.00,69.23
11:18:47,6,14.74,0.00,11.58,0.00,0.00,5.26,0.00,0.00,0.00,68.42
11:18:47,7,12.77,0.00,11.70,0.00,0.00,4.26,0.00,0.00,0.00,71.28
11:18:47,12,14.89,0.00,14.89,0.00,0.00,4.26,0.00,0.00,0.00,65.96
11:18:47,13,14.13,0.00,15.22,0.00,0.00,5.43,0.00,0.00,0.00,65.22
11:18:47,14,13.98,0.00,12.90,0.00,0.00,5.38,0.00,0.00,0.00,67.74
11:18:47,15,12.09,0.00,12.09,0.00,0.00,4.40,0.00,0.00,0.00,71.43
11:18:48,4,15.79,0.00,10.53,1.05,0.00,5.26,0.00,0.00,0.00,67.37
11:18:48,5,18.48,0.00,13.04,0.00,0.00,4.35,0.00,0.00,0.00,64.13
11:18:48,6,14.44,0.00,13.33,0.00,0.00,4.44,0.00,0.00,0.00,67.78
11:18:48,7,13.83,0.00,11.70,0.00,0.00,5.32,0.00,0.00,0.00,69.15
11:18:48,12,17.39,0.00,13.04,0.00,0.00,3.26,0.00,0.00,0.00,66.30
11:18:48,13,14.44,0.00,15.56,0.00,0.00,4.44,0.00,0.00,0.00,65.56
11:18:48,14,14.44,0.00,12.22,0.00,0.00,3.33,0.00,0.00,0.00,70.00
11:18:48,15,12.50,0.00,12.50,0.00,0.00,6.25,0.00,0.00,0.00,68.75
11:18:49,4,13.83,0.00,12.77,0.00,0.00,4.26,0.00,0.00,0.00,69.15
11:18:49,5,15.38,0.00,12.09,0.00,0.00,4.40,0.00,0.00,0.00,68.13
11:18:49,6,14.13,0.00,11.96,0.00,0.00,5.43,0.00,0.00,0.00,68.48
11:18:49,7,10.75,0.00,12.90,0.00,0.00,5.38,0.00,0.00,0.00,70.97
11:18:49,12,13.68,0.00,12.63,0.00,0.00,5.26,0.00,0.00,0.00,68.42
11:18:49,13,15.05,0.00,12.90,0.00,0.00,4.30,0.00,0.00,0.00,67.74
11:18:49,14,13.98,0.00,12.90,0.00,0.00,4.30,0.00,0.00,0.00,68.82
11:18:49,15,13.68,0.00,11.58,0.00,0.00,5.26,0.00,0.00,0.00,69.47
11:18:50,4,14.89,0.00,12.77,0.00,0.00,3.19,0.00,0.00,0.00,69.15
11:18:50,5,13.04,0.00,14.13,0.00,0.00,4.35,0.00,0.00,0.00,68.48
11:18:50,6,11.96,0.00,13.04,0.00,0.00,5.43,0.00,0.00,0.00,69.57
11:18:50,7,12.77,0.00,11.70,0.00,0.00,5.32,0.00,0.00,0.00,70.21
11:18:50,12,14.29,0.00,14.29,0.00,0.00,4.40,0.00,0.00,0.00,67.03
11:18:50,13,13.68,0.00,14.74,0.00,0.00,5.26,0.00,0.00,0.00,66.32
11:18:50,14,14.89,0.00,14.89,0.00,0.00,4.26,0.00,0.00,0.00,65.96
11:18:50,15,12.77,0.00,12.77,0.00,0.00,4.26,0.00,0.00,0.00,70.21
11:18:51,4,13.19,0.00,10.99,0.00,0.00,5.49,0.00,0.00,0.00,70.33
11:18:51,5,15.22,0.00,10.87,0.00,0.00,3.26,0.00,0.00,0.00,70.65
11:18:51,6,13.98,0.00,10.75,0.00,0.00,4.30,0.00,0.00,0.00,70.97
11:18:51,7,12.90,0.00,10.75,0.00,0.00,4.30,0.00,0.00,0.00,72.04
11:18:51,12,11.96,0.00,13.04,0.00,0.00,4.35,0.00,0.00,0.00,70.65
11:18:51,13,14.89,0.00,10.64,0.00,0.00,5.32,0.00,0.00,0.00,69.15
11:18:51,14,14.43,0.00,16.49,0.00,0.00,5.15,0.00,0.00,0.00,63.92
11:18:51,15,13.04,0.00,11.96,0.00,0.00,4.35,0.00,0.00,0.00,70.65
11:18:52,4,15.22,0.00,10.87,0.00,0.00,4.35,0.00,0.00,0.00,69.57
11:18:52,5,11.96,0.00,15.22,0.00,0.00,4.35,0.00,0.00,0.00,68.48
11:18:52,6,14.13,0.00,13.04,0.00,0.00,4.35,0.00,0.00,0.00,68.48
11:18:52,7,14.13,0.00,11.96,0.00,0.00,4.35,0.00,0.00,0.00,69.57
11:18:52,12,13.98,0.00,10.75,0.00,0.00,6.45,0.00,0.00,0.00,68.82
11:18:52,13,14.29,0.00,10.99,0.00,0.00,4.40,0.00,0.00,0.00,70.33
11:18:52,14,12.22,0.00,13.33,0.00,0.00,3.33,0.00,0.00,0.00,71.11
11:18:52,15,13.04,0.00,11.96,0.00,0.00,4.35,0.00,0.00,0.00,70.65
11:18:53,4,15.96,0.00,12.77,0.00,0.00,4.26,0.00,0.00,0.00,67.02
11:18:53,5,16.48,0.00,14.29,0.00,0.00,4.40,0.00,0.00,0.00,64.84
11:18:53,6,16.48,0.00,13.19,0.00,0.00,4.40,0.00,0.00,0.00,65.93
11:18:53,7,11.83,0.00,12.90,0.00,0.00,5.38,0.00,0.00,0.00,69.89
11:18:53,12,14.74,0.00,12.63,0.00,0.00,6.32,0.00,0.00,0.00,66.32
11:18:53,13,14.13,0.00,13.04,0.00,0.00,4.35,0.00,0.00,0.00,68.48
11:18:53,14,14.58,0.00,13.54,0.00,0.00,5.21,0.00,0.00,0.00,66.67
11:18:53,15,14.74,0.00,12.63,0.00,0.00,4.21,0.00,0.00,0.00,68.42
11:18:54,4,13.68,0.00,11.58,0.00,0.00,6.32,0.00,0.00,0.00,68.42
11:18:54,5,13.98,0.00,12.90,0.00,0.00,4.30,0.00,0.00,0.00,68.82
11:18:54,6,13.98,0.00,11.83,0.00,0.00,5.38,0.00,0.00,0.00,68.82
11:18:54,7,13.19,0.00,10.99,0.00,0.00,4.40,0.00,0.00,0.00,71.43
11:18:54,12,13.19,0.00,12.09,0.00,0.00,2.20,0.00,0.00,0.00,72.53
11:18:54,13,16.48,0.00,9.89,0.00,0.00,5.49,0.00,0.00,0.00,68.13
11:18:54,14,14.29,0.00,9.89,0.00,0.00,4.40,0.00,0.00,0.00,71.43
11:18:54,15,14.58,0.00,12.50,0.00,0.00,4.17,0.00,0.00,0.00,68.75
11:18:55,4,15.22,0.00,11.96,0.00,0.00,3.26,0.00,0.00,0.00,69.57
11:18:55,5,15.05,0.00,10.75,0.00,0.00,5.38,0.00,0.00,0.00,68.82
11:18:55,6,11.96,0.00,10.87,0.00,0.00,4.35,0.00,0.00,0.00,72.83
11:18:55,7,12.37,0.00,11.34,0.00,0.00,5.15,0.00,0.00,0.00,71.13
11:18:55,12,15.22,0.00,15.22,0.00,0.00,5.43,0.00,0.00,0.00,64.13
11:18:55,13,15.38,0.00,12.09,0.00,0.00,4.40,0.00,0.00,0.00,68.13
11:18:55,14,15.05,0.00,12.90,0.00,0.00,4.30,0.00,0.00,0.00,67.74
11:18:55,15,12.77,0.00,12.77,0.00,0.00,4.26,0.00,0.00,0.00,70.21
11:18:56,4,13.68,0.00,14.74,0.00,0.00,4.21,0.00,0.00,0.00,67.37
11:18:56,5,13.68,0.00,15.79,0.00,0.00,4.21,0.00,0.00,0.00,66.32
11:18:56,6,11.96,0.00,10.87,0.00,0.00,5.43,0.00,0.00,0.00,71.74
11:18:56,7,12.50,0.00,11.46,0.00,0.00,5.21,0.00,0.00,0.00,70.83
11:18:56,12,16.67,0.00,12.50,0.00,0.00,6.25,0.00,0.00,0.00,64.58
11:18:56,13,13.98,0.00,12.90,0.00,0.00,5.38,0.00,0.00,0.00,67.74
11:18:56,14,15.05,0.00,12.90,0.00,0.00,3.23,0.00,0.00,0.00,68.82
11:18:56,15,14.74,0.00,11.58,0.00,0.00,5.26,0.00,0.00,0.00,68.42
11:18:57,4,14.29,0.00,13.19,0.00,0.00,4.40,0.00,0.00,0.00,68.13
11:18:57,5,13.98,0.00,12.90,0.00,0.00,4.30,0.00,0.00,0.00,68.82
11:18:57,6,13.48,0.00,11.24,0.00,0.00,4.49,0.00,0.00,0.00,70.79
11:18:57,7,11.70,0.00,10.64,0.00,0.00,4.26,0.00,0.00,0.00,73.40
11:18:57,12,14.13,0.00,14.13,0.00,0.00,3.26,0.00,0.00,0.00,68.48
11:18:57,13,13.98,0.00,12.90,0.00,0.00,4.30,0.00,0.00,0.00,68.82
11:18:57,14,14.74,0.00,13.68,0.00,0.00,5.26,0.00,0.00,0.00,66.32
11:18:57,15,11.70,0.00,11.70,0.00,0.00,4.26,0.00,0.00,0.00,72.34
11:18:58,4,13.98,0.00,12.90,0.00,0.00,4.30,0.00,0.00,0.00,68.82
11:18:58,5,19.15,0.00,12.77,1.06,0.00,5.32,0.00,0.00,0.00,61.70
11:18:58,6,15.79,0.00,12.63,0.00,0.00,5.26,0.00,0.00,0.00,66.32
11:18:58,7,11.83,0.00,11.83,0.00,0.00,5.38,0.00,0.00,0.00,70.97
11:18:58,12,15.05,0.00,12.90,0.00,0.00,3.23,0.00,0.00,0.00,68.82
11:18:58,13,14.13,0.00,17.39,0.00,0.00,5.43,0.00,0.00,0.00,63.04
11:18:58,14,15.22,0.00,13.04,0.00,0.00,4.35,0.00,0.00,0.00,67.39
11:18:58,15,13.98,0.00,11.83,0.00,0.00,4.30,0.00,0.00,0.00,69.89
11:18:59,4,16.13,0.00,12.90,0.00,0.00,4.30,0.00,0.00,0.00,66.67
11:18:59,5,14.29,0.00,13.19,0.00,0.00,4.40,0.00,0.00,0.00,68.13
11:18:59,6,12.09,0.00,12.09,0.00,0.00,4.40,0.00,0.00,0.00,71.43
11:18:59,7,11.96,0.00,9.78,0.00,0.00,4.35,0.00,0.00,0.00,73.91
11:18:59,12,16.30,0.00,10.87,0.00,0.00,5.43,0.00,0.00,0.00,67.39
11:18:59,13,14.29,0.00,15.38,0.00,0.00,4.40,0.00,0.00,0.00,65.93
11:18:59,14,14.13,0.00,11.96,0.00,0.00,5.43,0.00,0.00,0.00,68.48
11:18:59,15,13.54,0.00,11.46,0.00,0.00,4.17,0.00,0.00,0.00,70.83
11:19:00,4,14.61,0.00,8.99,0.00,0.00,4.49,0.00,0.00,0.00,71.91
11:19:00,5,14.13,0.00,11.96,0.00,0.00,4.35,0.00,0.00,0.00,69.57
11:19:00,6,15.22,0.00,10.87,0.00,0.00,3.26,0.00,0.00,0.00,70.65
11:19:00,7,13.68,0.00,11.58,0.00,0.00,5.26,0.00,0.00,0.00,69.47
11:19:00,12,14.29,0.00,13.19,0.00,0.00,4.40,0.00,0.00,0.00,68.13
11:19:00,13,14.89,0.00,12.77,0.00,0.00,4.26,0.00,0.00,0.00,68.09
11:19:00,14,15.22,0.00,11.96,0.00,0.00,4.35,0.00,0.00,0.00,68.48
11:19:00,15,13.68,0.00,11.58,0.00,0.00,5.26,0.00,0.00,0.00,69.47
11:19:01,4,14.58,0.00,14.58,0.00,0.00,4.17,0.00,0.00,0.00,66.67
11:19:01,5,13.04,0.00,13.04,0.00,0.00,4.35,0.00,0.00,0.00,69.57
11:19:01,6,15.79,0.00,13.68,0.00,0.00,5.26,0.00,0.00,0.00,65.26
11:19:01,7,11.96,0.00,11.96,0.00,0.00,4.35,0.00,0.00,0.00,71.74
11:19:01,12,16.49,0.00,13.40,0.00,0.00,5.15,0.00,0.00,0.00,64.95
11:19:01,13,15.05,0.00,12.90,0.00,0.00,4.30,0.00,0.00,0.00,67.74
11:19:01,14,13.19,0.00,12.09,0.00,0.00,4.40,0.00,0.00,0.00,70.33
11:19:01,15,11.96,0.00,11.96,0.00,0.00,4.35,0.00,0.00,0.00,71.74
11:19:02,4,15.05,0.00,12.90,0.00,0.00,4.30,0.00,0.00,0.00,67.74
11:19:02,5,14.43,0.00,13.40,0.00,0.00,6.19,0.00,0.00,0.00,65.98
11:19:02,6,12.90,0.00,11.83,0.00,0.00,4.30,0.00,0.00,0.00,70.97
11:19:02,7,13.54,0.00,11.46,0.00,0.00,4.17,0.00,0.00,0.00,70.83
11:19:02,12,11.96,0.00,17.39,0.00,0.00,4.35,0.00,0.00,0.00,66.30
11:19:02,13,15.22,0.00,14.13,0.00,0.00,4.35,0.00,0.00,0.00,66.30
11:19:02,14,13.83,0.00,12.77,0.00,0.00,4.26,0.00,0.00,0.00,69.15
11:19:02,15,13.40,0.00,12.37,0.00,0.00,4.12,0.00,0.00,0.00,70.10
11:19:03,4,18.28,0.00,10.75,0.00,0.00,5.38,0.00,0.00,0.00,65.59
11:19:03,5,19.57,0.00,11.96,0.00,0.00,5.43,0.00,0.00,0.00,63.04
11:19:03,6,14.13,0.00,11.96,0.00,0.00,5.43,0.00,0.00,0.00,68.48
11:19:03,7,12.09,0.00,12.09,0.00,0.00,4.40,0.00,0.00,0.00,71.43
11:19:03,12,15.96,0.00,11.70,1.06,0.00,5.32,0.00,0.00,0.00,65.96
11:19:03,13,16.49,0.00,13.40,0.00,0.00,5.15,0.00,0.00,0.00,64.95
11:19:03,14,12.63,0.00,13.68,0.00,0.00,6.32,0.00,0.00,0.00,67.37
11:19:03,15,11.96,0.00,14.13,0.00,0.00,3.26,0.00,0.00,0.00,70.65
11:19:04,4,13.98,0.00,12.90,0.00,0.00,5.38,0.00,0.00,0.00,67.74
11:19:04,5,13.04,0.00,14.13,0.00,0.00,6.52,0.00,0.00,0.00,66.30
11:19:04,6,13.40,0.00,14.43,0.00,0.00,5.15,0.00,0.00,0.00,67.01
11:19:04,7,10.75,0.00,9.68,0.00,0.00,4.30,0.00,0.00,0.00,75.27
11:19:04,12,13.68,0.00,12.63,0.00,0.00,5.26,0.00,0.00,0.00,68.42
11:19:04,13,14.13,0.00,14.13,0.00,0.00,5.43,0.00,0.00,0.00,66.30
11:19:04,14,13.48,0.00,13.48,0.00,0.00,3.37,0.00,0.00,0.00,69.66
11:19:04,15,14.74,0.00,10.53,0.00,0.00,5.26,0.00,0.00,0.00,69.47
11:19:05,4,15.46,0.00,14.43,0.00,0.00,5.15,0.00,0.00,0.00,64.95
11:19:05,5,14.89,0.00,15.96,0.00,0.00,5.32,0.00,0.00,0.00,63.83
11:19:05,6,15.22,0.00,11.96,0.00,0.00,5.43,0.00,0.00,0.00,67.39
11:19:05,7,12.36,0.00,11.24,0.00,0.00,3.37,0.00,0.00,0.00,73.03
11:19:05,12,15.38,0.00,12.09,0.00,0.00,3.30,0.00,0.00,0.00,69.23
11:19:05,13,11.83,0.00,13.98,0.00,0.00,6.45,0.00,0.00,0.00,67.74
11:19:05,14,11.96,0.00,11.96,0.00,0.00,5.43,0.00,0.00,0.00,70.65
11:19:05,15,15.31,0.00,11.22,0.00,0.00,5.10,0.00,0.00,0.00,68.37
11:19:06,4,14.74,0.00,14.74,0.00,0.00,4.21,0.00,0.00,0.00,66.32
11:19:06,5,13.98,0.00,12.90,0.00,0.00,4.30,0.00,0.00,0.00,68.82
11:19:06,6,13.68,0.00,13.68,0.00,0.00,5.26,0.00,0.00,0.00,67.37
11:19:06,7,11.96,0.00,11.96,0.00,0.00,5.43,0.00,0.00,0.00,70.65
11:19:06,12,15.38,0.00,9.89,0.00,0.00,4.40,0.00,0.00,0.00,70.33
11:19:06,13,15.96,0.00,11.70,0.00,0.00,4.26,0.00,0.00,0.00,68.09
11:19:06,14,16.30,0.00,9.78,0.00,0.00,4.35,0.00,0.00,0.00,69.57
11:19:06,15,12.09,0.00,12.09,0.00,0.00,4.40,0.00,0.00,0.00,71.43
11:19:07,4,14.13,0.00,11.96,0.00,0.00,4.35,0.00,0.00,0.00,69.57
11:19:07,5,14.44,0.00,11.11,0.00,0.00,3.33,0.00,0.00,0.00,71.11
11:19:07,6,15.22,0.00,13.04,0.00,0.00,4.35,0.00,0.00,0.00,67.39
11:19:07,7,11.83,0.00,12.90,0.00,0.00,4.30,0.00,0.00,0.00,70.97
11:19:07,12,14.13,0.00,10.87,0.00,0.00,5.43,0.00,0.00,0.00,69.57
11:19:07,13,14.13,0.00,11.96,0.00,0.00,4.35,0.00,0.00,0.00,69.57
11:19:07,14,13.19,0.00,12.09,0.00,0.00,3.30,0.00,0.00,0.00,71.43
11:19:07,15,13.04,0.00,11.96,0.00,0.00,3.26,0.00,0.00,0.00,71.74
11:19:08,4,14.89,0.00,11.70,0.00,0.00,5.32,0.00,0.00,0.00,68.09
11:19:08,5,17.39,0.00,11.96,0.00,0.00,4.35,0.00,0.00,0.00,66.30
11:19:08,6,13.98,0.00,12.90,0.00,0.00,5.38,0.00,0.00,0.00,67.74
11:19:08,7,12.63,0.00,12.63,0.00,0.00,4.21,0.00,0.00,0.00,70.53
11:19:08,12,15.05,0.00,13.98,0.00,0.00,5.38,0.00,0.00,0.00,65.59
11:19:08,13,13.19,0.00,13.19,0.00,0.00,6.59,0.00,0.00,0.00,67.03
11:19:08,14,14.89,0.00,13.83,0.00,0.00,5.32,0.00,0.00,0.00,65.96
11:19:08,15,13.68,0.00,12.63,0.00,0.00,4.21,0.00,0.00,0.00,69.47
11:19:09,4,15.05,0.00,11.83,0.00,0.00,5.38,0.00,0.00,0.00,67.74
11:19:09,5,15.05,0.00,11.83,0.00,0.00,6.45,0.00,0.00,0.00,66.67
11:19:09,6,14.89,0.00,14.89,0.00,0.00,3.19,0.00,0.00,0.00,67.02
11:19:09,7,13.04,0.00,13.04,0.00,0.00,3.26,0.00,0.00,0.00,70.65
11:19:09,12,16.13,0.00,13.98,0.00,0.00,4.30,0.00,0.00,0.00,65.59
11:19:09,13,12.90,0.00,12.90,0.00,0.00,5.38,0.00,0.00,0.00,68.82
11:19:09,14,15.05,0.00,11.83,0.00,0.00,4.30,0.00,0.00,0.00,68.82
11:19:09,15,15.96,0.00,12.77,0.00,0.00,3.19,0.00,0.00,0.00,68.09
11:19:10,4,16.30,0.00,10.87,0.00,0.00,3.26,0.00,0.00,0.00,69.57
11:19:10,5,13.68,0.00,13.68,0.00,0.00,5.26,0.00,0.00,0.00,67.37
11:19:10,6,15.96,0.00,11.70,0.00,0.00,5.32,0.00,0.00,0.00,67.02
11:19:10,7,11.96,0.00,13.04,0.00,0.00,4.35,0.00,0.00,0.00,70.65
11:19:10,12,14.29,0.00,12.09,0.00,0.00,4.40,0.00,0.00,0.00,69.23
11:19:10,13,15.05,0.00,11.83,0.00,0.00,5.38,0.00,0.00,0.00,67.74
11:19:10,14,13.98,0.00,11.83,0.00,0.00,5.38,0.00,0.00,0.00,68.82
11:19:10,15,13.68,0.00,13.68,0.00,0.00,4.21,0.00,0.00,0.00,68.42
11:19:11,4,15.62,0.00,11.46,0.00,0.00,5.21,0.00,0.00,0.00,67.71
11:19:11,5,15.96,0.00,12.77,0.00,0.00,5.32,0.00,0.00,0.00,65.96
11:19:11,6,13.04,0.00,11.96,0.00,0.00,4.35,0.00,0.00,0.00,70.65
11:19:11,7,12.90,0.00,11.83,0.00,0.00,3.23,0.00,0.00,0.00,72.04
11:19:11,12,17.02,0.00,12.77,0.00,0.00,4.26,0.00,0.00,0.00,65.96
11:19:11,13,17.02,0.00,13.83,0.00,0.00,4.26,0.00,0.00,0.00,64.89
11:19:11,14,14.29,0.00,10.99,0.00,0.00,4.40,0.00,0.00,0.00,70.33
11:19:11,15,13.04,0.00,9.78,0.00,0.00,5.43,0.00,0.00,0.00,71.74
11:19:12,4,14.44,0.00,10.00,0.00,0.00,4.44,0.00,0.00,0.00,71.11
11:19:12,5,16.13,0.00,10.75,0.00,0.00,4.30,0.00,0.00,0.00,68.82
11:19:12,6,12.90,0.00,11.83,0.00,0.00,4.30,0.00,0.00,0.00,70.97
11:19:12,7,12.77,0.00,10.64,0.00,0.00,5.32,0.00,0.00,0.00,71.28
11:19:12,12,16.13,0.00,10.75,0.00,0.00,4.30,0.00,0.00,0.00,68.82
11:19:12,13,13.48,0.00,12.36,0.00,0.00,4.49,0.00,0.00,0.00,69.66
11:19:12,14,15.22,0.00,11.96,0.00,0.00,4.35,0.00,0.00,0.00,68.48
11:19:12,15,14.13,0.00,10.87,0.00,0.00,4.35,0.00,0.00,0.00,70.65
11:19:13,4,14.74,0.00,14.74,0.00,0.00,4.21,0.00,0.00,0.00,66.32
11:19:13,5,15.05,0.00,12.90,0.00,0.00,3.23,0.00,0.00,0.00,68.82
11:19:13,6,15.96,0.00,12.77,0.00,0.00,3.19,0.00,0.00,0.00,68.09
11:19:13,7,14.44,0.00,11.11,0.00,0.00,3.33,0.00,0.00,0.00,71.11
11:19:13,12,14.58,0.00,11.46,1.04,0.00,5.21,0.00,0.00,0.00,67.71
11:19:13,13,14.74,0.00,12.63,0.00,0.00,4.21,0.00,0.00,0.00,68.42
11:19:13,14,14.74,0.00,12.63,0.00,0.00,4.21,0.00,0.00,0.00,68.42
11:19:13,15,14.74,0.00,12.63,0.00,0.00,4.21,0.00,0.00,0.00,68.42
11:19:14,4,15.79,0.00,13.68,0.00,0.00,5.26,0.00,0.00,0.00,65.26
11:19:14,5,17.02,0.00,10.64,0.00,0.00,5.32,0.00,0.00,0.00,67.02
11:19:14,6,14.74,0.00,14.74,0.00,0.00,5.26,0.00,0.00,0.00,65.26
11:19:14,7,13.83,0.00,12.77,0.00,0.00,3.19,0.00,0.00,0.00,70.21
11:19:14,12,16.67,0.00,13.54,0.00,0.00,6.25,0.00,0.00,0.00,63.54
11:19:14,13,14.13,0.00,11.96,0.00,0.00,5.43,0.00,0.00,0.00,68.48
11:19:14,14,13.04,0.00,11.96,0.00,0.00,5.43,0.00,0.00,0.00,69.57
11:19:14,15,13.33,0.00,12.22,0.00,0.00,3.33,0.00,0.00,0.00,71.11
11:19:15,4,15.79,0.00,14.74,0.00,0.00,4.21,0.00,0.00,0.00,65.26
11:19:15,5,16.84,0.00,11.58,0.00,0.00,5.26,0.00,0.00,0.00,66.32
11:19:15,6,12.77,0.00,12.77,0.00,0.00,5.32,0.00,0.00,0.00,69.15
11:19:15,7,11.83,0.00,11.83,0.00,0.00,5.38,0.00,0.00,0.00,70.97
11:19:15,12,12.90,0.00,12.90,0.00,0.00,5.38,0.00,0.00,0.00,68.82
11:19:15,13,15.22,0.00,15.22,0.00,0.00,4.35,0.00,0.00,0.00,65.22
11:19:15,14,13.04,0.00,11.96,0.00,0.00,5.43,0.00,0.00,0.00,69.57
11:19:15,15,13.98,0.00,11.83,0.00,0.00,3.23,0.00,0.00,0.00,70.97
11:19:16,4,16.13,0.00,12.90,0.00,0.00,5.38,0.00,0.00,0.00,65.59
11:19:16,5,14.13,0.00,14.13,0.00,0.00,4.35,0.00,0.00,0.00,67.39
11:19:16,6,12.77,0.00,13.83,0.00,0.00,5.32,0.00,0.00,0.00,68.09
11:19:16,7,10.87,0.00,10.87,0.00,0.00,4.35,0.00,0.00,0.00,73.91
11:19:16,12,15.22,0.00,11.96,0.00,0.00,3.26,0.00,0.00,0.00,69.57
11:19:16,13,14.29,0.00,16.48,0.00,0.00,4.40,0.00,0.00,0.00,64.84
11:19:16,14,15.22,0.00,11.96,0.00,0.00,5.43,0.00,0.00,0.00,67.39
11:19:16,15,12.77,0.00,12.77,0.00,0.00,4.26,0.00,0.00,0.00,70.21
11:19:17,4,12.90,0.00,12.90,0.00,0.00,5.38,0.00,0.00,0.00,68.82
11:19:17,5,15.05,0.00,13.98,0.00,0.00,4.30,0.00,0.00,0.00,66.67
11:19:17,6,14.43,0.00,12.37,0.00,0.00,6.19,0.00,0.00,0.00,67.01
11:19:17,7,13.68,0.00,13.68,0.00,0.00,5.26,0.00,0.00,0.00,67.37
11:19:17,12,14.74,0.00,10.53,0.00,0.00,6.32,0.00,0.00,0.00,68.42
11:19:17,13,15.38,0.00,12.09,0.00,0.00,4.40,0.00,0.00,0.00,68.13
11:19:17,14,13.98,0.00,12.90,0.00,0.00,4.30,0.00,0.00,0.00,68.82
11:19:17,15,13.54,0.00,11.46,0.00,0.00,5.21,0.00,0.00,0.00,69.79
11:19:18,4,14.29,0.00,9.89,1.10,0.00,5.49,0.00,0.00,0.00,69.23
11:19:18,5,13.98,0.00,12.90,0.00,0.00,4.30,0.00,0.00,0.00,68.82
11:19:18,6,14.58,0.00,12.50,0.00,0.00,5.21,0.00,0.00,0.00,67.71
11:19:18,7,13.68,0.00,10.53,1.05,0.00,5.26,0.00,0.00,0.00,69.47
11:19:18,12,15.79,0.00,14.74,0.00,0.00,5.26,0.00,0.00,0.00,64.21
11:19:18,13,15.96,0.00,12.77,1.06,0.00,6.38,0.00,0.00,0.00,63.83
11:19:18,14,15.38,0.00,10.99,0.00,0.00,5.49,0.00,0.00,0.00,68.13
11:19:18,15,14.13,0.00,10.87,0.00,0.00,5.43,0.00,0.00,0.00,69.57
11:19:19,4,18.09,0.00,12.77,0.00,0.00,3.19,0.00,0.00,0.00,65.96
11:19:19,5,14.61,0.00,11.24,0.00,0.00,4.49,0.00,0.00,0.00,69.66
11:19:19,6,14.44,0.00,12.22,0.00,0.00,4.44,0.00,0.00,0.00,68.89
11:19:19,7,12.09,0.00,12.09,0.00,0.00,5.49,0.00,0.00,0.00,70.33
11:19:19,12,16.13,0.00,10.75,0.00,0.00,4.30,0.00,0.00,0.00,68.82
11:19:19,13,15.05,0.00,11.83,0.00,0.00,4.30,0.00,0.00,0.00,68.82
11:19:19,14,17.89,0.00,13.68,0.00,0.00,5.26,0.00,0.00,0.00,63.16
11:19:19,15,13.83,0.00,12.77,0.00,0.00,5.32,0.00,0.00,0.00,68.09
11:19:20,4,12.09,0.00,12.09,0.00,0.00,5.49,0.00,0.00,0.00,70.33
11:19:20,5,15.05,0.00,12.90,0.00,0.00,5.38,0.00,0.00,0.00,66.67
11:19:20,6,15.05,0.00,10.75,0.00,0.00,4.30,0.00,0.00,0.00,69.89
11:19:20,7,12.50,0.00,11.46,0.00,0.00,6.25,0.00,0.00,0.00,69.79
11:19:20,12,14.13,0.00,14.13,0.00,0.00,5.43,0.00,0.00,0.00,66.30
11:19:20,13,12.09,0.00,14.29,0.00,0.00,4.40,0.00,0.00,0.00,69.23
11:19:20,14,14.13,0.00,10.87,0.00,0.00,5.43,0.00,0.00,0.00,69.57
11:19:20,15,12.77,0.00,11.70,0.00,0.00,5.32,0.00,0.00,0.00,70.21
11:19:21,4,14.13,0.00,13.04,0.00,0.00,4.35,0.00,0.00,0.00,68.48
11:19:21,5,14.89,0.00,12.77,0.00,0.00,4.26,0.00,0.00,0.00,68.09
11:19:21,6,11.70,0.00,12.77,0.00,0.00,5.32,0.00,0.00,0.00,70.21
11:19:21,7,12.50,0.00,11.36,0.00,0.00,3.41,0.00,0.00,0.00,72.73
11:19:21,12,14.44,0.00,13.33,0.00,0.00,3.33,0.00,0.00,0.00,68.89
11:19:21,13,13.98,0.00,12.90,0.00,0.00,5.38,0.00,0.00,0.00,67.74
11:19:21,14,17.02,0.00,11.70,0.00,0.00,4.26,0.00,0.00,0.00,67.02
11:19:21,15,15.22,0.00,9.78,0.00,0.00,5.43,0.00,0.00,0.00,69.57
11:19:22,4,16.30,0.00,11.96,0.00,0.00,3.26,0.00,0.00,0.00,68.48
11:19:22,5,14.74,0.00,14.74,0.00,0.00,4.21,0.00,0.00,0.00,66.32
11:19:22,6,12.09,0.00,13.19,0.00,0.00,4.40,0.00,0.00,0.00,70.33
11:19:22,7,12.90,0.00,11.83,0.00,0.00,3.23,0.00,0.00,0.00,72.04
11:19:22,12,13.98,0.00,11.83,0.00,0.00,4.30,0.00,0.00,0.00,69.89
11:19:22,13,13.98,0.00,15.05,0.00,0.00,3.23,0.00,0.00,0.00,67.74
11:19:22,14,13.98,0.00,12.90,0.00,0.00,4.30,0.00,0.00,0.00,68.82
11:19:22,15,14.89,0.00,10.64,0.00,0.00,4.26,0.00,0.00,0.00,70.21
11:19:23,4,14.89,0.00,13.83,0.00,0.00,5.32,0.00,0.00,0.00,65.96
11:19:23,5,13.33,0.00,12.22,0.00,0.00,4.44,0.00,0.00,0.00,70.00
11:19:23,6,13.04,0.00,10.87,0.00,0.00,6.52,0.00,0.00,0.00,69.57
11:19:23,7,11.83,0.00,9.68,0.00,0.00,6.45,0.00,0.00,0.00,72.04
11:19:23,12,14.29,0.00,10.99,0.00,0.00,4.40,0.00,0.00,0.00,70.33
11:19:23,13,16.13,0.00,10.75,1.08,0.00,4.30,0.00,0.00,0.00,67.74
11:19:23,14,14.77,0.00,10.23,0.00,0.00,4.55,0.00,0.00,0.00,70.45
11:19:23,15,13.04,0.00,10.87,0.00,0.00,4.35,0.00,0.00,0.00,71.74
11:19:24,4,13.83,0.00,13.83,0.00,0.00,5.32,0.00,0.00,0.00,67.02
11:19:24,5,15.79,0.00,12.63,0.00,0.00,4.21,0.00,0.00,0.00,67.37
11:19:24,6,17.02,0.00,11.70,0.00,0.00,5.32,0.00,0.00,0.00,65.96
11:19:24,7,11.83,0.00,12.90,0.00,0.00,3.23,0.00,0.00,0.00,72.04
11:19:24,12,13.04,0.00,14.13,0.00,0.00,4.35,0.00,0.00,0.00,68.48
11:19:24,13,18.68,0.00,12.09,0.00,0.00,4.40,0.00,0.00,0.00,64.84
11:19:24,14,15.96,0.00,14.89,0.00,0.00,4.26,0.00,0.00,0.00,64.89
11:19:24,15,13.83,0.00,12.77,0.00,0.00,4.26,0.00,0.00,0.00,69.15
11:19:25,4,15.38,0.00,10.99,0.00,0.00,5.49,0.00,0.00,0.00,68.13
11:19:25,5,13.04,0.00,13.04,0.00,0.00,4.35,0.00,0.00,0.00,69.57
11:19:25,6,13.19,0.00,10.99,0.00,0.00,4.40,0.00,0.00,0.00,71.43
11:19:25,7,14.58,0.00,10.42,0.00,0.00,6.25,0.00,0.00,0.00,68.75
11:19:25,12,11.96,0.00,10.87,0.00,0.00,6.52,0.00,0.00,0.00,70.65
11:19:25,13,16.49,0.00,14.43,0.00,0.00,4.12,0.00,0.00,0.00,64.95
11:19:25,14,12.90,0.00,11.83,0.00,0.00,4.30,0.00,0.00,0.00,70.97
11:19:25,15,13.98,0.00,10.75,0.00,0.00,3.23,0.00,0.00,0.00,72.04
11:19:26,4,13.98,0.00,11.83,0.00,0.00,4.30,0.00,0.00,0.00,69.89
11:19:26,5,15.05,0.00,11.83,0.00,0.00,5.38,0.00,0.00,0.00,67.74
11:19:26,6,13.48,0.00,12.36,0.00,0.00,4.49,0.00,0.00,0.00,69.66
11:19:26,7,13.04,0.00,11.96,0.00,0.00,4.35,0.00,0.00,0.00,70.65
11:19:26,12,13.83,0.00,13.83,0.00,0.00,4.26,0.00,0.00,0.00,68.09
11:19:26,13,13.64,0.00,10.23,0.00,0.00,3.41,0.00,0.00,0.00,72.73
11:19:26,14,15.62,0.00,12.50,0.00,0.00,5.21,0.00,0.00,0.00,66.67
11:19:26,15,14.89,0.00,9.57,0.00,0.00,5.32,0.00,0.00,0.00,70.21
11:19:27,4,13.04,0.00,13.04,0.00,0.00,5.43,0.00,0.00,0.00,68.48
11:19:27,5,15.05,0.00,10.75,0.00,0.00,5.38,0.00,0.00,0.00,68.82
11:19:27,6,15.05,0.00,10.75,0.00,0.00,4.30,0.00,0.00,0.00,69.89
11:19:27,7,14.29,0.00,10.99,0.00,0.00,3.30,0.00,0.00,0.00,71.43
11:19:27,12,14.13,0.00,10.87,0.00,0.00,4.35,0.00,0.00,0.00,70.65
11:19:27,13,14.89,0.00,11.70,0.00,0.00,4.26,0.00,0.00,0.00,69.15
11:19:27,14,14.89,0.00,13.83,0.00,0.00,3.19,0.00,0.00,0.00,68.09
11:19:27,15,12.77,0.00,11.70,0.00,0.00,5.32,0.00,0.00,0.00,70.21
11:19:28,4,14.13,0.00,13.04,0.00,0.00,4.35,0.00,0.00,0.00,68.48
11:19:28,5,12.90,0.00,11.83,1.08,0.00,5.38,0.00,0.00,0.00,68.82
11:19:28,6,15.56,0.00,10.00,0.00,0.00,4.44,0.00,0.00,0.00,70.00
11:19:28,7,14.74,0.00,9.47,0.00,0.00,6.32,0.00,0.00,0.00,69.47
11:19:28,12,13.83,0.00,13.83,0.00,0.00,3.19,0.00,0.00,0.00,69.15
11:19:28,13,13.98,0.00,11.83,0.00,0.00,4.30,0.00,0.00,0.00,69.89
11:19:28,14,12.77,0.00,11.70,0.00,0.00,6.38,0.00,0.00,0.00,69.15
11:19:28,15,14.74,0.00,11.58,0.00,0.00,4.21,0.00,0.00,0.00,69.47
11:19:29,4,13.98,0.00,13.98,0.00,0.00,3.23,0.00,0.00,0.00,68.82
11:19:29,5,13.04,0.00,13.04,0.00,0.00,4.35,0.00,0.00,0.00,69.57
11:19:29,6,15.96,0.00,15.96,0.00,0.00,4.26,0.00,0.00,0.00,63.83
11:19:29,7,11.70,0.00,12.77,0.00,0.00,4.26,0.00,0.00,0.00,71.28
11:19:29,12,17.20,0.00,11.83,0.00,0.00,5.38,0.00,0.00,0.00,65.59
11:19:29,13,16.30,0.00,13.04,0.00,0.00,4.35,0.00,0.00,0.00,66.30
11:19:29,14,17.20,0.00,11.83,0.00,0.00,4.30,0.00,0.00,0.00,66.67
11:19:29,15,13.98,0.00,11.83,0.00,0.00,4.30,0.00,0.00,0.00,69.89
11:19:30,4,14.13,0.00,11.96,0.00,0.00,4.35,0.00,0.00,0.00,69.57
11:19:30,5,15.79,0.00,11.58,0.00,0.00,5.26,0.00,0.00,0.00,67.37
11:19:30,6,14.13,0.00,10.87,0.00,0.00,4.35,0.00,0.00,0.00,70.65
11:19:30,7,11.83,0.00,11.83,0.00,0.00,4.30,0.00,0.00,0.00,72.04
11:19:30,12,16.30,0.00,10.87,0.00,0.00,5.43,0.00,0.00,0.00,67.39
11:19:30,13,14.74,0.00,14.74,0.00,0.00,5.26,0.00,0.00,0.00,65.26
11:19:30,14,13.04,0.00,11.96,0.00,0.00,5.43,0.00,0.00,0.00,69.57
11:19:30,15,11.96,0.00,11.96,0.00,0.00,5.43,0.00,0.00,0.00,70.65
11:19:31,4,13.83,0.00,12.77,0.00,0.00,5.32,0.00,0.00,0.00,68.09
11:19:31,5,13.33,0.00,11.11,0.00,0.00,4.44,0.00,0.00,0.00,71.11
11:19:31,6,13.48,0.00,10.11,0.00,0.00,3.37,0.00,0.00,0.00,73.03
11:19:31,7,13.19,0.00,13.19,0.00,0.00,3.30,0.00,0.00,0.00,70.33
11:19:31,12,13.33,0.00,13.33,0.00,0.00,5.56,0.00,0.00,0.00,67.78
11:19:31,13,14.29,0.00,12.09,0.00,0.00,4.40,0.00,0.00,0.00,69.23
11:19:31,14,14.44,0.00,11.11,0.00,0.00,4.44,0.00,0.00,0.00,70.00
11:19:31,15,14.74,0.00,11.58,0.00,0.00,5.26,0.00,0.00,0.00,68.42
11:19:32,4,14.13,0.00,11.96,0.00,0.00,3.26,0.00,0.00,0.00,70.65
11:19:32,5,13.19,0.00,13.19,0.00,0.00,5.49,0.00,0.00,0.00,68.13
11:19:32,6,15.79,0.00,12.63,0.00,0.00,6.32,0.00,0.00,0.00,65.26
11:19:32,7,12.63,0.00,11.58,0.00,0.00,4.21,0.00,0.00,0.00,71.58
11:19:32,12,15.96,0.00,11.70,0.00,0.00,4.26,0.00,0.00,0.00,68.09
11:19:32,13,13.98,0.00,10.75,0.00,0.00,5.38,0.00,0.00,0.00,69.89
11:19:32,14,13.98,0.00,12.90,0.00,0.00,5.38,0.00,0.00,0.00,67.74
11:19:32,15,13.04,0.00,9.78,0.00,0.00,4.35,0.00,0.00,0.00,72.83
11:19:33,4,14.44,0.00,14.44,1.11,0.00,4.44,0.00,0.00,0.00,65.56
11:19:33,5,13.19,0.00,13.19,0.00,0.00,4.40,0.00,0.00,0.00,69.23
11:19:33,6,15.22,0.00,10.87,0.00,0.00,4.35,0.00,0.00,0.00,69.57
11:19:33,7,13.40,0.00,13.40,0.00,0.00,3.09,0.00,0.00,0.00,70.10
11:19:33,12,12.77,0.00,12.77,0.00,0.00,5.32,0.00,0.00,0.00,69.15
11:19:33,13,18.28,0.00,12.90,0.00,0.00,4.30,0.00,0.00,0.00,64.52
11:19:33,14,13.98,0.00,15.05,0.00,0.00,3.23,0.00,0.00,0.00,67.74
11:19:33,15,13.98,0.00,11.83,1.08,0.00,3.23,0.00,0.00,0.00,69.89
11:19:34,4,21.88,0.00,13.54,0.00,0.00,4.17,0.00,0.00,0.00,60.42
11:19:34,5,15.79,0.00,12.63,0.00,0.00,5.26,0.00,0.00,0.00,66.32
11:19:34,6,13.33,0.00,11.11,0.00,0.00,5.56,0.00,0.00,0.00,70.00
11:19:34,7,12.77,0.00,12.77,0.00,0.00,4.26,0.00,0.00,0.00,70.21
11:19:34,12,15.22,0.00,13.04,0.00,0.00,3.26,0.00,0.00,0.00,68.48
11:19:34,13,15.05,0.00,11.83,0.00,0.00,5.38,0.00,0.00,0.00,67.74
11:19:34,14,14.29,0.00,10.99,0.00,0.00,4.40,0.00,0.00,0.00,70.33
11:19:34,15,14.58,0.00,12.50,0.00,0.00,4.17,0.00,0.00,0.00,68.75
11:19:35,4,14.58,0.00,14.58,0.00,0.00,4.17,0.00,0.00,0.00,66.67
11:19:35,5,13.83,0.00,12.77,0.00,0.00,4.26,0.00,0.00,0.00,69.15
11:19:35,6,12.90,0.00,13.98,0.00,0.00,4.30,0.00,0.00,0.00,68.82
11:19:35,7,14.13,0.00,10.87,0.00,0.00,4.35,0.00,0.00,0.00,70.65
11:19:35,12,13.98,0.00,10.75,0.00,0.00,5.38,0.00,0.00,0.00,69.89
11:19:35,13,13.04,0.00,11.96,0.00,0.00,4.35,0.00,0.00,0.00,70.65
11:19:35,14,13.48,0.00,10.11,0.00,0.00,4.49,0.00,0.00,0.00,71.91
11:19:35,15,13.98,0.00,9.68,0.00,0.00,5.38,0.00,0.00,0.00,70.97
11:19:36,4,13.19,0.00,12.09,0.00,0.00,4.40,0.00,0.00,0.00,70.33
11:19:36,5,15.79,0.00,12.63,0.00,0.00,5.26,0.00,0.00,0.00,66.32
11:19:36,6,14.61,0.00,11.24,0.00,0.00,3.37,0.00,0.00,0.00,70.79
11:19:36,7,11.83,0.00,11.83,0.00,0.00,5.38,0.00,0.00,0.00,70.97
11:19:36,12,14.89,0.00,12.77,0.00,0.00,4.26,0.00,0.00,0.00,68.09
11:19:36,13,15.22,0.00,14.13,0.00,0.00,4.35,0.00,0.00,0.00,66.30
11:19:36,14,15.96,0.00,12.77,0.00,0.00,3.19,0.00,0.00,0.00,68.09
11:19:36,15,13.33,0.00,10.00,0.00,0.00,4.44,0.00,0.00,0.00,72.22
11:19:37,4,14.13,0.00,11.96,0.00,0.00,4.35,0.00,0.00,0.00,69.57
11:19:37,5,15.22,0.00,10.87,0.00,0.00,4.35,0.00,0.00,0.00,69.57
11:19:37,6,12.77,0.00,11.70,0.00,0.00,5.32,0.00,0.00,0.00,70.21
11:19:37,7,13.68,0.00,11.58,0.00,0.00,4.21,0.00,0.00,0.00,70.53
11:19:37,12,13.04,0.00,14.13,0.00,0.00,5.43,0.00,0.00,0.00,67.39
11:19:37,13,17.02,0.00,10.64,0.00,0.00,5.32,0.00,0.00,0.00,67.02
11:19:37,14,13.83,0.00,13.83,0.00,0.00,4.26,0.00,0.00,0.00,68.09
11:19:37,15,13.68,0.00,11.58,0.00,0.00,5.26,0.00,0.00,0.00,69.47
11:19:38,4,14.44,0.00,8.89,1.11,0.00,5.56,0.00,0.00,0.00,70.00
11:19:38,5,14.13,0.00,14.13,0.00,0.00,3.26,0.00,0.00,0.00,68.48
11:19:38,6,11.83,0.00,11.83,0.00,0.00,6.45,0.00,0.00,0.00,69.89
11:19:38,7,10.87,0.00,11.96,1.09,0.00,4.35,0.00,0.00,0.00,71.74
11:19:38,12,14.58,0.00,13.54,0.00,0.00,4.17,0.00,0.00,0.00,67.71
11:19:38,13,15.22,0.00,11.96,0.00,0.00,3.26,0.00,0.00,0.00,69.57
11:19:38,14,15.22,0.00,13.04,0.00,0.00,4.35,0.00,0.00,0.00,67.39
11:19:38,15,13.04,0.00,14.13,0.00,0.00,3.26,0.00,0.00,0.00,69.57
11:19:39,4,17.02,0.00,12.77,0.00,0.00,4.26,0.00,0.00,0.00,65.96
11:19:39,5,17.39,0.00,14.13,0.00,0.00,5.43,0.00,0.00,0.00,63.04
11:19:39,6,13.98,0.00,13.98,0.00,0.00,5.38,0.00,0.00,0.00,66.67
11:19:39,7,11.83,0.00,10.75,0.00,0.00,5.38,0.00,0.00,0.00,72.04
11:19:39,12,18.48,0.00,14.13,0.00,0.00,4.35,0.00,0.00,0.00,63.04
11:19:39,13,14.74,0.00,14.74,0.00,0.00,6.32,0.00,0.00,0.00,64.21
11:19:39,14,14.13,0.00,11.96,0.00,0.00,4.35,0.00,0.00,0.00,69.57
11:19:39,15,12.63,0.00,11.58,0.00,0.00,4.21,0.00,0.00,0.00,71.58
11:19:40,4,15.79,0.00,11.58,0.00,0.00,5.26,0.00,0.00,0.00,67.37
11:19:40,5,11.96,0.00,14.13,0.00,0.00,4.35,0.00,0.00,0.00,69.57
11:19:40,6,12.90,0.00,12.90,0.00,0.00,5.38,0.00,0.00,0.00,68.82
11:19:40,7,12.50,0.00,11.46,0.00,0.00,6.25,0.00,0.00,0.00,69.79
11:19:40,12,17.20,0.00,10.75,0.00,0.00,3.23,0.00,0.00,0.00,68.82
11:19:40,13,14.13,0.00,13.04,0.00,0.00,3.26,0.00,0.00,0.00,69.57
11:19:40,14,13.98,0.00,12.90,0.00,0.00,5.38,0.00,0.00,0.00,67.74
11:19:40,15,13.19,0.00,12.09,0.00,0.00,3.30,0.00,0.00,0.00,71.43
11:19:41,4,13.19,0.00,10.99,0.00,0.00,4.40,0.00,0.00,0.00,71.43
11:19:41,5,13.19,0.00,15.38,0.00,0.00,4.40,0.00,0.00,0.00,67.03
11:19:41,6,14.13,0.00,13.04,0.00,0.00,2.17,0.00,0.00,0.00,70.65
11:19:41,7,13.54,0.00,10.42,0.00,0.00,4.17,0.00,0.00,0.00,71.88
11:19:41,12,14.89,0.00,13.83,0.00,0.00,5.32,0.00,0.00,0.00,65.96
11:19:41,13,17.39,0.00,10.87,0.00,0.00,5.43,0.00,0.00,0.00,66.30
11:19:41,14,13.19,0.00,10.99,0.00,0.00,5.49,0.00,0.00,0.00,70.33
11:19:41,15,11.96,0.00,10.87,0.00,0.00,4.35,0.00,0.00,0.00,72.83
11:19:42,4,12.22,0.00,11.11,0.00,0.00,4.44,0.00,0.00,0.00,72.22
11:19:42,5,14.89,0.00,12.77,0.00,0.00,4.26,0.00,0.00,0.00,68.09
11:19:42,6,14.74,0.00,12.63,0.00,0.00,6.32,0.00,0.00,0.00,66.32
11:19:42,7,14.74,0.00,11.58,0.00,0.00,5.26,0.00,0.00,0.00,68.42
11:19:42,12,13.83,0.00,12.77,0.00,0.00,4.26,0.00,0.00,0.00,69.15
11:19:42,13,12.90,0.00,12.90,0.00,0.00,5.38,0.00,0.00,0.00,68.82
11:19:42,14,13.83,0.00,9.57,0.00,0.00,5.32,0.00,0.00,0.00,71.28
11:19:42,15,14.13,0.00,11.96,0.00,0.00,3.26,0.00,0.00,0.00,70.65
11:19:43,4,15.22,0.00,11.96,1.09,0.00,5.43,0.00,0.00,0.00,66.30
11:19:43,5,14.13,0.00,16.30,0.00,0.00,5.43,0.00,0.00,0.00,64.13
11:19:43,6,14.89,0.00,11.70,0.00,0.00,5.32,0.00,0.00,0.00,68.09
11:19:43,7,11.70,0.00,10.64,0.00,0.00,4.26,0.00,0.00,0.00,73.40
11:19:43,12,15.05,0.00,13.98,0.00,0.00,5.38,0.00,0.00,0.00,65.59
11:19:43,13,13.04,0.00,13.04,0.00,0.00,5.43,0.00,0.00,0.00,68.48
11:19:43,14,15.05,0.00,12.90,0.00,0.00,4.30,0.00,0.00,0.00,67.74
11:19:43,15,11.70,0.00,10.64,0.00,0.00,3.19,0.00,0.00,0.00,74.47
11:19:44,4,15.96,0.00,10.64,0.00,0.00,6.38,0.00,0.00,0.00,67.02
11:19:44,5,14.29,0.00,14.29,0.00,0.00,4.40,0.00,0.00,0.00,67.03
11:19:44,6,13.83,0.00,13.83,0.00,0.00,4.26,0.00,0.00,0.00,68.09
11:19:44,7,12.77,0.00,12.77,0.00,0.00,4.26,0.00,0.00,0.00,70.21
11:19:44,12,18.48,0.00,14.13,0.00,0.00,4.35,0.00,0.00,0.00,63.04
11:19:44,13,15.22,0.00,11.96,0.00,0.00,4.35,0.00,0.00,0.00,68.48
11:19:44,14,15.62,0.00,12.50,0.00,0.00,5.21,0.00,0.00,0.00,66.67
11:19:44,15,13.98,0.00,10.75,0.00,0.00,4.30,0.00,0.00,0.00,70.97
11:19:45,4,15.05,0.00,12.90,0.00,0.00,4.30,0.00,0.00,0.00,67.74
11:19:45,5,15.62,0.00,10.42,0.00,0.00,6.25,0.00,0.00,0.00,67.71
11:19:45,6,14.74,0.00,11.58,0.00,0.00,5.26,0.00,0.00,0.00,68.42
11:19:45,7,12.90,0.00,12.90,0.00,0.00,3.23,0.00,0.00,0.00,70.97
11:19:45,12,14.58,0.00,13.54,0.00,0.00,4.17,0.00,0.00,0.00,67.71
11:19:45,13,14.58,0.00,12.50,0.00,0.00,6.25,0.00,0.00,0.00,66.67
11:19:45,14,11.96,0.00,13.04,0.00,0.00,4.35,0.00,0.00,0.00,70.65
11:19:45,15,14.89,0.00,11.70,0.00,0.00,3.19,0.00,0.00,0.00,70.21
11:19:46,4,13.68,0.00,11.58,0.00,0.00,5.26,0.00,0.00,0.00,69.47
11:19:46,5,13.98,0.00,13.98,0.00,0.00,4.30,0.00,0.00,0.00,67.74
11:19:46,6,15.79,0.00,13.68,0.00,0.00,4.21,0.00,0.00,0.00,66.32
11:19:46,7,14.13,0.00,10.87,0.00,0.00,4.35,0.00,0.00,0.00,70.65
11:19:46,12,14.89,0.00,12.77,0.00,0.00,4.26,0.00,0.00,0.00,68.09
11:19:46,13,12.09,0.00,13.19,0.00,0.00,5.49,0.00,0.00,0.00,69.23
11:19:46,14,13.98,0.00,11.83,0.00,0.00,4.30,0.00,0.00,0.00,69.89
11:19:46,15,14.13,0.00,10.87,0.00,0.00,3.26,0.00,0.00,0.00,71.74
11:19:47,4,14.29,0.00,14.29,0.00,0.00,3.30,0.00,0.00,0.00,68.13
11:19:47,5,15.05,0.00,12.90,0.00,0.00,5.38,0.00,0.00,0.00,66.67
11:19:47,6,13.98,0.00,11.83,0.00,0.00,5.38,0.00,0.00,0.00,68.82
11:19:47,7,10.75,0.00,12.90,0.00,0.00,4.30,0.00,0.00,0.00,72.04
11:19:47,12,13.98,0.00,13.98,0.00,0.00,3.23,0.00,0.00,0.00,68.82
11:19:47,13,14.13,0.00,11.96,0.00,0.00,4.35,0.00,0.00,0.00,69.57
11:19:47,14,13.83,0.00,12.77,0.00,0.00,4.26,0.00,0.00,0.00,69.15
11:19:47,15,12.50,0.00,11.46,0.00,0.00,5.21,0.00,0.00,0.00,70.83
11:19:48,4,15.38,0.00,14.29,0.00,0.00,4.40,0.00,0.00,0.00,65.93
11:19:48,5,14.13,0.00,14.13,0.00,0.00,4.35,0.00,0.00,0.00,67.39
11:19:48,6,13.83,0.00,12.77,0.00,0.00,5.32,0.00,0.00,0.00,68.09
11:19:48,7,13.04,0.00,11.96,0.00,0.00,4.35,0.00,0.00,0.00,70.65
11:19:48,12,14.13,0.00,11.96,0.00,0.00,4.35,0.00,0.00,0.00,69.57
11:19:48,13,13.19,0.00,12.09,0.00,0.00,4.40,0.00,0.00,0.00,70.33
11:19:48,14,13.98,0.00,12.90,1.08,0.00,4.30,0.00,0.00,0.00,67.74
11:19:48,15,10.64,0.00,13.83,0.00,0.00,6.38,0.00,0.00,0.00,69.15
11:19:49,4,18.95,0.00,13.68,0.00,0.00,5.26,0.00,0.00,0.00,62.11
11:19:49,5,14.29,0.00,12.09,0.00,0.00,5.49,0.00,0.00,0.00,68.13
11:19:49,6,15.05,0.00,15.05,0.00,0.00,4.30,0.00,0.00,0.00,65.59
11:19:49,7,13.04,0.00,10.87,0.00,0.00,5.43,0.00,0.00,0.00,70.65
11:19:49,12,15.38,0.00,12.09,0.00,0.00,5.49,0.00,0.00,0.00,67.03
11:19:49,13,15.38,0.00,10.99,0.00,0.00,4.40,0.00,0.00,0.00,69.23
11:19:49,14,15.79,0.00,13.68,0.00,0.00,5.26,0.00,0.00,0.00,65.26
11:19:49,15,14.74,0.00,11.58,0.00,0.00,5.26,0.00,0.00,0.00,68.42
11:19:50,4,13.83,0.00,11.70,0.00,0.00,5.32,0.00,0.00,0.00,69.15
11:19:50,5,15.05,0.00,11.83,0.00,0.00,4.30,0.00,0.00,0.00,68.82
11:19:50,6,11.96,0.00,11.96,0.00,0.00,6.52,0.00,0.00,0.00,69.57
11:19:50,7,12.63,0.00,10.53,0.00,0.00,5.26,0.00,0.00,0.00,71.58
11:19:50,12,11.83,0.00,12.90,0.00,0.00,4.30,0.00,0.00,0.00,70.97
11:19:50,13,14.89,0.00,12.77,0.00,0.00,5.32,0.00,0.00,0.00,67.02
11:19:50,14,14.29,0.00,10.99,0.00,0.00,4.40,0.00,0.00,0.00,70.33
11:19:50,15,13.04,0.00,9.78,0.00,0.00,4.35,0.00,0.00,0.00,72.83
11:19:51,4,13.33,0.00,11.11,0.00,0.00,3.33,0.00,0.00,0.00,72.22
11:19:51,5,13.98,0.00,11.83,0.00,0.00,4.30,0.00,0.00,0.00,69.89
11:19:51,6,14.13,0.00,14.13,0.00,0.00,3.26,0.00,0.00,0.00,68.48
11:19:51,7,14.13,0.00,9.78,0.00,0.00,3.26,0.00,0.00,0.00,72.83
11:19:51,12,14.29,0.00,14.29,0.00,0.00,4.40,0.00,0.00,0.00,67.03
11:19:51,13,13.19,0.00,13.19,0.00,0.00,4.40,0.00,0.00,0.00,69.23
11:19:51,14,15.05,0.00,11.83,0.00,0.00,4.30,0.00,0.00,0.00,68.82
11:19:51,15,13.04,0.00,11.96,0.00,0.00,2.17,0.00,0.00,0.00,72.83
11:19:52,4,13.83,0.00,12.77,0.00,0.00,5.32,0.00,0.00,0.00,68.09
11:19:52,5,13.33,0.00,11.11,0.00,0.00,4.44,0.00,0.00,0.00,71.11
11:19:52,6,14.13,0.00,11.96,0.00,0.00,4.35,0.00,0.00,0.00,69.57
11:19:52,7,13.98,0.00,11.83,0.00,0.00,3.23,0.00,0.00,0.00,70.97
11:19:52,12,13.98,0.00,13.98,0.00,0.00,4.30,0.00,0.00,0.00,67.74
11:19:52,13,14.74,0.00,13.68,0.00,0.00,4.21,0.00,0.00,0.00,67.37
11:19:52,14,10.75,0.00,12.90,0.00,0.00,6.45,0.00,0.00,0.00,69.89
11:19:52,15,12.09,0.00,10.99,0.00,0.00,5.49,0.00,0.00,0.00,71.43
11:19:53,4,13.04,0.00,13.04,0.00,0.00,3.26,0.00,0.00,0.00,70.65
11:19:53,5,14.89,0.00,12.77,0.00,0.00,5.32,0.00,0.00,0.00,67.02
11:19:53,6,13.19,0.00,10.99,1.10,0.00,4.40,0.00,0.00,0.00,70.33
11:19:53,7,12.63,0.00,11.58,0.00,0.00,6.32,0.00,0.00,0.00,69.47
11:19:53,12,12.50,0.00,14.58,0.00,0.00,5.21,0.00,0.00,0.00,67.71
11:19:53,13,14.61,0.00,12.36,0.00,0.00,5.62,0.00,0.00,0.00,67.42
11:19:53,14,17.20,0.00,10.75,0.00,0.00,4.30,0.00,0.00,0.00,67.74
11:19:53,15,14.13,0.00,11.96,0.00,0.00,3.26,0.00,0.00,0.00,70.65
11:19:54,4,17.58,0.00,13.19,0.00,0.00,4.40,0.00,0.00,0.00,64.84
11:19:54,5,14.13,0.00,13.04,0.00,0.00,5.43,0.00,0.00,0.00,67.39
11:19:54,6,13.98,0.00,12.90,0.00,0.00,4.30,0.00,0.00,0.00,68.82
11:19:54,7,13.19,0.00,10.99,0.00,0.00,3.30,0.00,0.00,0.00,72.53
11:19:54,12,13.19,0.00,12.09,0.00,0.00,4.40,0.00,0.00,0.00,70.33
11:19:54,13,15.22,0.00,11.96,0.00,0.00,5.43,0.00,0.00,0.00,67.39
11:19:54,14,16.13,0.00,9.68,0.00,0.00,5.38,0.00,0.00,0.00,68.82
11:19:54,15,12.63,0.00,12.63,0.00,0.00,6.32,0.00,0.00,0.00,68.42
11:19:55,4,13.98,0.00,13.98,0.00,0.00,5.38,0.00,0.00,0.00,66.67
11:19:55,5,14.13,0.00,13.04,0.00,0.00,5.43,0.00,0.00,0.00,67.39
11:19:55,6,13.83,0.00,12.77,0.00,0.00,4.26,0.00,0.00,0.00,69.15
11:19:55,7,11.70,0.00,12.77,0.00,0.00,5.32,0.00,0.00,0.00,70.21
11:19:55,12,13.04,0.00,11.96,0.00,0.00,4.35,0.00,0.00,0.00,70.65
11:19:55,13,15.38,0.00,9.89,0.00,0.00,3.30,0.00,0.00,0.00,71.43
11:19:55,14,15.79,0.00,11.58,0.00,0.00,4.21,0.00,0.00,0.00,68.42
11:19:55,15,12.90,0.00,11.83,0.00,0.00,4.30,0.00,0.00,0.00,70.97
11:19:56,4,11.96,0.00,13.04,0.00,0.00,4.35,0.00,0.00,0.00,70.65
11:19:56,5,14.74,0.00,11.58,0.00,0.00,5.26,0.00,0.00,0.00,68.42
11:19:56,6,13.98,0.00,12.90,0.00,0.00,4.30,0.00,0.00,0.00,68.82
11:19:56,7,14.13,0.00,10.87,0.00,0.00,3.26,0.00,0.00,0.00,71.74
11:19:56,12,13.98,0.00,11.83,0.00,0.00,4.30,0.00,0.00,0.00,69.89
11:19:56,13,16.13,0.00,11.83,0.00,0.00,4.30,0.00,0.00,0.00,67.74
11:19:56,14,13.98,0.00,11.83,0.00,0.00,4.30,0.00,0.00,0.00,69.89
11:19:56,15,13.98,0.00,11.83,0.00,0.00,4.30,0.00,0.00,0.00,69.89
11:19:57,4,14.44,0.00,12.22,0.00,0.00,3.33,0.00,0.00,0.00,70.00
11:19:57,5,14.58,0.00,13.54,0.00,0.00,5.21,0.00,0.00,0.00,66.67
11:19:57,6,13.68,0.00,12.63,0.00,0.00,5.26,0.00,0.00,0.00,68.42
11:19:57,7,12.90,0.00,12.90,0.00,0.00,4.30,0.00,0.00,0.00,69.89
11:19:57,12,15.56,0.00,8.89,0.00,0.00,3.33,0.00,0.00,0.00,72.22
11:19:57,13,12.09,0.00,13.19,0.00,0.00,5.49,0.00,0.00,0.00,69.23
11:19:57,14,13.83,0.00,11.70,0.00,0.00,5.32,0.00,0.00,0.00,69.15
11:19:57,15,14.74,0.00,11.58,0.00,0.00,4.21,0.00,0.00,0.00,69.47
11:19:58,4,13.19,0.00,13.19,0.00,0.00,3.30,0.00,0.00,0.00,70.33
11:19:58,5,14.13,0.00,11.96,0.00,0.00,5.43,0.00,0.00,0.00,68.48
11:19:58,6,11.11,0.00,11.11,0.00,0.00,5.56,0.00,0.00,0.00,72.22
11:19:58,7,11.58,0.00,11.58,0.00,0.00,6.32,0.00,0.00,0.00,70.53
11:19:58,12,15.96,0.00,12.77,0.00,0.00,5.32,0.00,0.00,0.00,65.96
11:19:58,13,15.05,0.00,12.90,0.00,0.00,5.38,0.00,0.00,0.00,66.67
11:19:58,14,14.74,0.00,11.58,0.00,0.00,5.26,0.00,0.00,0.00,68.42
11:19:58,15,14.13,0.00,10.87,0.00,0.00,3.26,0.00,0.00,0.00,71.74
11:19:59,4,14.29,0.00,10.99,0.00,0.00,4.40,0.00,0.00,0.00,70.33
11:19:59,5,15.38,0.00,13.19,0.00,0.00,4.40,0.00,0.00,0.00,67.03
11:19:59,6,14.89,0.00,12.77,0.00,0.00,4.26,0.00,0.00,0.00,68.09
11:19:59,7,15.05,0.00,10.75,0.00,0.00,3.23,0.00,0.00,0.00,70.97
11:19:59,12,11.96,0.00,14.13,0.00,0.00,4.35,0.00,0.00,0.00,69.57
11:19:59,13,14.89,0.00,13.83,0.00,0.00,3.19,0.00,0.00,0.00,68.09
11:19:59,14,13.04,0.00,13.04,0.00,0.00,3.26,0.00,0.00,0.00,70.65
11:19:59,15,13.98,0.00,10.75,0.00,0.00,4.30,0.00,0.00,0.00,70.97
11:20:00,4,15.05,0.00,15.05,0.00,0.00,4.30,0.00,0.00,0.00,65.59
11:20:00,5,14.74,0.00,13.68,0.00,0.00,5.26,0.00,0.00,0.00,66.32
11:20:00,6,13.98,0.00,12.90,0.00,0.00,5.38,0.00,0.00,0.00,67.74
11:20:00,7,13.98,0.00,10.75,0.00,0.00,4.30,0.00,0.00,0.00,70.97
11:20:00,12,16.67,0.00,12.50,0.00,0.00,5.21,0.00,0.00,0.00,65.62
11:20:00,13,20.21,0.00,14.89,0.00,0.00,4.26,0.00,0.00,0.00,60.64
11:20:00,14,14.13,0.00,13.04,0.00,0.00,4.35,0.00,0.00,0.00,68.48
11:20:00,15,13.04,0.00,11.96,0.00,0.00,4.35,0.00,0.00,0.00,70.65
11:20:01,4,14.74,0.00,12.63,0.00,0.00,6.32,0.00,0.00,0.00,66.32
11:20:01,5,14.44,0.00,13.33,0.00,0.00,3.33,0.00,0.00,0.00,68.89
11:20:01,6,12.09,0.00,9.89,0.00,0.00,5.49,0.00,0.00,0.00,72.53
11:20:01,7,11.46,0.00,11.46,0.00,0.00,5.21,0.00,0.00,0.00,71.88
11:20:01,12,14.13,0.00,14.13,0.00,0.00,4.35,0.00,0.00,0.00,67.39
11:20:01,13,16.84,0.00,14.74,0.00,0.00,5.26,0.00,0.00,0.00,63.16
11:20:01,14,14.58,0.00,14.58,0.00,0.00,4.17,0.00,0.00,0.00,66.67
11:20:01,15,10.87,0.00,9.78,0.00,0.00,5.43,0.00,0.00,0.00,73.91
11:20:02,4,13.83,0.00,13.83,0.00,0.00,5.32,0.00,0.00,0.00,67.02
11:20:02,5,13.98,0.00,13.98,0.00,0.00,5.38,0.00,0.00,0.00,66.67
11:20:02,6,15.22,0.00,11.96,0.00,0.00,5.43,0.00,0.00,0.00,67.39
11:20:02,7,11.58,0.00,10.53,0.00,0.00,5.26,0.00,0.00,0.00,72.63
11:20:02,12,13.98,0.00,11.83,0.00,0.00,5.38,0.00,0.00,0.00,68.82
11:20:02,13,14.13,0.00,13.04,0.00,0.00,4.35,0.00,0.00,0.00,68.48
11:20:02,14,13.19,0.00,14.29,0.00,0.00,4.40,0.00,0.00,0.00,68.13
11:20:02,15,12.90,0.00,10.75,0.00,0.00,4.30,0.00,0.00,0.00,72.04
11:20:03,4,13.33,0.00,11.11,0.00,0.00,4.44,0.00,0.00,0.00,71.11
11:20:03,5,14.13,0.00,13.04,0.00,0.00,3.26,0.00,0.00,0.00,69.57
11:20:03,6,12.77,0.00,13.83,0.00,0.00,5.32,0.00,0.00,0.00,68.09
11:20:03,7,10.64,0.00,11.70,0.00,0.00,4.26,0.00,0.00,0.00,73.40
11:20:03,12,13.83,0.00,13.83,0.00,0.00,6.38,0.00,0.00,0.00,65.96
11:20:03,13,14.29,0.00,12.09,1.10,0.00,4.40,0.00,0.00,0.00,68.13
11:20:03,14,14.13,0.00,11.96,0.00,0.00,6.52,0.00,0.00,0.00,67.39
11:20:03,15,13.54,0.00,12.50,0.00,0.00,5.21,0.00,0.00,0.00,68.75
11:20:04,4,13.04,0.00,11.96,0.00,0.00,5.43,0.00,0.00,0.00,69.57
11:20:04,5,14.74,0.00,13.68,0.00,0.00,4.21,0.00,0.00,0.00,67.37
11:20:04,6,13.98,0.00,10.75,0.00,0.00,5.38,0.00,0.00,0.00,69.89
11:20:04,7,13.98,0.00,10.75,0.00,0.00,4.30,0.00,0.00,0.00,70.97
11:20:04,12,13.68,0.00,12.63,0.00,0.00,5.26,0.00,0.00,0.00,68.42
11:20:04,13,13.04,0.00,11.96,0.00,0.00,4.35,0.00,0.00,0.00,70.65
11:20:04,14,14.58,0.00,12.50,0.00,0.00,5.21,0.00,0.00,0.00,67.71
11:20:04,15,12.90,0.00,11.83,0.00,0.00,4.30,0.00,0.00,0.00,70.97
11:20:05,4,14.58,0.00,13.54,0.00,0.00,5.21,0.00,0.00,0.00,66.67
11:20:05,5,18.28,0.00,11.83,0.00,0.00,4.30,0.00,0.00,0.00,65.59
11:20:05,6,15.38,0.00,13.19,0.00,0.00,4.40,0.00,0.00,0.00,67.03
11:20:05,7,13.19,0.00,12.09,0.00,0.00,4.40,0.00,0.00,0.00,70.33
11:20:05,12,14.89,0.00,13.83,0.00,0.00,5.32,0.00,0.00,0.00,65.96
11:20:05,13,15.05,0.00,13.98,0.00,0.00,4.30,0.00,0.00,0.00,66.67
11:20:05,14,15.05,0.00,12.90,0.00,0.00,5.38,0.00,0.00,0.00,66.67
11:20:05,15,15.79,0.00,11.58,0.00,0.00,4.21,0.00,0.00,0.00,68.42
11:20:06,4,14.89,0.00,10.64,0.00,0.00,6.38,0.00,0.00,0.00,68.09
11:20:06,5,13.19,0.00,10.99,0.00,0.00,4.40,0.00,0.00,0.00,71.43
11:20:06,6,9.78,0.00,13.04,0.00,0.00,5.43,0.00,0.00,0.00,71.74
11:20:06,7,13.83,0.00,10.64,0.00,0.00,4.26,0.00,0.00,0.00,71.28
11:20:06,12,13.98,0.00,11.83,0.00,0.00,4.30,0.00,0.00,0.00,69.89
11:20:06,13,15.96,0.00,13.83,0.00,0.00,4.26,0.00,0.00,0.00,65.96
11:20:06,14,13.19,0.00,13.19,0.00,0.00,3.30,0.00,0.00,0.00,70.33
11:20:06,15,15.22,0.00,9.78,0.00,0.00,4.35,0.00,0.00,0.00,70.65
11:20:07,4,14.29,0.00,10.99,0.00,0.00,4.40,0.00,0.00,0.00,70.33
11:20:07,5,14.89,0.00,12.77,0.00,0.00,4.26,0.00,0.00,0.00,68.09
11:20:07,6,15.22,0.00,10.87,0.00,0.00,3.26,0.00,0.00,0.00,70.65
11:20:07,7,12.63,0.00,11.58,0.00,0.00,3.16,0.00,0.00,0.00,72.63
11:20:07,12,16.48,0.00,12.09,0.00,0.00,4.40,0.00,0.00,0.00,67.03
11:20:07,13,15.22,0.00,9.78,0.00,0.00,5.43,0.00,0.00,0.00,69.57
11:20:07,14,15.05,0.00,13.98,0.00,0.00,4.30,0.00,0.00,0.00,66.67
11:20:07,15,11.11,0.00,12.22,0.00,0.00,3.33,0.00,0.00,0.00,73.33
11:20:08,4,13.68,0.00,16.84,0.00,0.00,5.26,0.00,0.00,0.00,64.21
11:20:08,5,15.22,0.00,13.04,2.17,0.00,4.35,0.00,0.00,0.00,65.22
11:20:08,6,13.98,0.00,11.83,0.00,0.00,4.30,0.00,0.00,0.00,69.89
11:20:08,7,13.98,0.00,10.75,1.08,0.00,4.30,0.00,0.00,0.00,69.89
11:20:08,12,14.74,0.00,11.58,0.00,0.00,5.26,0.00,0.00,0.00,68.42
11:20:08,13,16.30,0.00,13.04,0.00,0.00,3.26,0.00,0.00,0.00,67.39
11:20:08,14,13.19,0.00,9.89,0.00,0.00,5.49,0.00,0.00,0.00,71.43
11:20:08,15,14.74,0.00,10.53,0.00,0.00,4.21,0.00,0.00,0.00,70.53
11:20:09,4,14.74,0.00,11.58,0.00,0.00,6.32,0.00,0.00,0.00,67.37
11:20:09,5,14.13,0.00,11.96,0.00,0.00,4.35,0.00,0.00,0.00,69.57
11:20:09,6,14.44,0.00,11.11,0.00,0.00,5.56,0.00,0.00,0.00,68.89
11:20:09,7,13.83,0.00,9.57,0.00,0.00,5.32,0.00,0.00,0.00,71.28
11:20:09,12,13.98,0.00,11.83,0.00,0.00,4.30,0.00,0.00,0.00,69.89
11:20:09,13,11.96,0.00,14.13,0.00,0.00,4.35,0.00,0.00,0.00,69.57
11:20:09,14,16.30,0.00,10.87,0.00,0.00,5.43,0.00,0.00,0.00,67.39
11:20:09,15,12.50,0.00,13.54,0.00,0.00,5.21,0.00,0.00,0.00,68.75
11:20:10,4,16.13,0.00,12.90,0.00,0.00,4.30,0.00,0.00,0.00,66.67
11:20:10,5,15.62,0.00,12.50,0.00,0.00,5.21,0.00,0.00,0.00,66.67
11:20:10,6,12.90,0.00,12.90,0.00,0.00,3.23,0.00,0.00,0.00,70.97
11:20:10,7,12.77,0.00,11.70,0.00,0.00,5.32,0.00,0.00,0.00,70.21
11:20:10,12,19.57,0.00,15.22,0.00,0.00,4.35,0.00,0.00,0.00,60.87
11:20:10,13,14.29,0.00,12.09,0.00,0.00,4.40,0.00,0.00,0.00,69.23
11:20:10,14,13.04,0.00,14.13,0.00,0.00,3.26,0.00,0.00,0.00,69.57
11:20:10,15,11.96,0.00,11.96,0.00,0.00,4.35,0.00,0.00,0.00,71.74
11:20:11,4,13.98,0.00,12.90,0.00,0.00,5.38,0.00,0.00,0.00,67.74
11:20:11,5,15.96,0.00,12.77,0.00,0.00,5.32,0.00,0.00,0.00,65.96
11:20:11,6,13.83,0.00,10.64,0.00,0.00,6.38,0.00,0.00,0.00,69.15
11:20:11,7,12.63,0.00,9.47,0.00,0.00,4.21,0.00,0.00,0.00,73.68
11:20:11,12,17.20,0.00,10.75,0.00,0.00,5.38,0.00,0.00,0.00,66.67
11:20:11,13,13.98,0.00,15.05,0.00,0.00,5.38,0.00,0.00,0.00,65.59
11:20:11,14,13.19,0.00,13.19,0.00,0.00,5.49,0.00,0.00,0.00,68.13
11:20:11,15,12.90,0.00,11.83,0.00,0.00,4.30,0.00,0.00,0.00,70.97
11:20:12,4,14.89,0.00,12.77,0.00,0.00,4.26,0.00,0.00,0.00,68.09
11:20:12,5,16.48,0.00,12.09,0.00,0.00,3.30,0.00,0.00,0.00,68.13
11:20:12,6,15.79,0.00,12.63,0.00,0.00,4.21,0.00,0.00,0.00,67.37
11:20:12,7,13.98,0.00,10.75,0.00,0.00,4.30,0.00,0.00,0.00,70.97
11:20:12,12,13.98,0.00,15.05,0.00,0.00,4.30,0.00,0.00,0.00,66.67
11:20:12,13,13.98,0.00,13.98,0.00,0.00,4.30,0.00,0.00,0.00,67.74
11:20:12,14,13.19,0.00,10.99,0.00,0.00,5.49,0.00,0.00,0.00,70.33
11:20:12,15,13.98,0.00,11.83,0.00,0.00,4.30,0.00,0.00,0.00,69.89
11:20:13,4,15.46,0.00,13.40,0.00,0.00,3.09,0.00,0.00,0.00,68.04
11:20:13,5,13.33,0.00,13.33,0.00,0.00,5.56,0.00,0.00,0.00,67.78
11:20:13,6,13.19,0.00,12.09,1.10,0.00,5.49,0.00,0.00,0.00,68.13
11:20:13,7,13.68,0.00,10.53,0.00,0.00,6.32,0.00,0.00,0.00,69.47
11:20:13,12,12.63,0.00,14.74,0.00,0.00,5.26,0.00,0.00,0.00,67.37
11:20:13,13,15.79,0.00,15.79,0.00,0.00,4.21,0.00,0.00,0.00,64.21
11:20:13,14,15.96,0.00,10.64,0.00,0.00,5.32,0.00,0.00,0.00,68.09
11:20:13,15,13.83,0.00,10.64,1.06,0.00,4.26,0.00,0.00,0.00,70.21
11:20:14,4,13.98,0.00,11.83,0.00,0.00,5.38,0.00,0.00,0.00,68.82
11:20:14,5,13.04,0.00,9.78,0.00,0.00,6.52,0.00,0.00,0.00,70.65
11:20:14,6,12.90,0.00,11.83,0.00,0.00,4.30,0.00,0.00,0.00,70.97
11:20:14,7,13.19,0.00,9.89,0.00,0.00,4.40,0.00,0.00,0.00,72.53
11:20:14,12,15.05,0.00,9.68,0.00,0.00,4.30,0.00,0.00,0.00,70.97
11:20:14,13,14.89,0.00,13.83,0.00,0.00,4.26,0.00,0.00,0.00,67.02
11:20:14,14,12.90,0.00,12.90,0.00,0.00,4.30,0.00,0.00,0.00,69.89
11:20:14,15,14.13,0.00,13.04,0.00,0.00,3.26,0.00,0.00,0.00,69.57
11:20:15,4,14.74,0.00,13.68,0.00,0.00,6.32,0.00,0.00,0.00,65.26
11:20:15,5,15.05,0.00,12.90,0.00,0.00,4.30,0.00,0.00,0.00,67.74
11:20:15,6,14.29,0.00,10.99,0.00,0.00,4.40,0.00,0.00,0.00,70.33
11:20:15,7,13.83,0.00,11.70,0.00,0.00,4.26,0.00,0.00,0.00,70.21
11:20:15,12,15.38,0.00,15.38,0.00,0.00,3.30,0.00,0.00,0.00,65.93
11:20:15,13,18.28,0.00,12.90,0.00,0.00,4.30,0.00,0.00,0.00,64.52
11:20:15,14,14.58,0.00,13.54,0.00,0.00,5.21,0.00,0.00,0.00,66.67
11:20:15,15,11.70,0.00,12.77,1.06,0.00,4.26,0.00,0.00,0.00,70.21
11:20:16,4,12.77,0.00,11.70,0.00,0.00,5.32,0.00,0.00,0.00,70.21
11:20:16,5,13.98,0.00,15.05,0.00,0.00,4.30,0.00,0.00,0.00,66.67
11:20:16,6,15.22,0.00,10.87,0.00,0.00,5.43,0.00,0.00,0.00,68.48
11:20:16,7,11.83,0.00,11.83,0.00,0.00,4.30,0.00,0.00,0.00,72.04
11:20:16,12,12.90,0.00,11.83,0.00,0.00,5.38,0.00,0.00,0.00,69.89
11:20:16,13,15.96,0.00,11.70,0.00,0.00,4.26,0.00,0.00,0.00,68.09
11:20:16,14,14.89,0.00,11.70,0.00,0.00,5.32,0.00,0.00,0.00,68.09
11:20:16,15,12.77,0.00,10.64,0.00,0.00,4.26,0.00,0.00,0.00,72.34
11:20:17,4,12.90,0.00,11.83,0.00,0.00,5.38,0.00,0.00,0.00,69.89
11:20:17,5,14.29,0.00,9.89,0.00,0.00,4.40,0.00,0.00,0.00,71.43
11:20:17,6,13.83,0.00,11.70,0.00,0.00,5.32,0.00,0.00,0.00,69.15
11:20:17,7,12.90,0.00,10.75,0.00,0.00,4.30,0.00,0.00,0.00,72.04
11:20:17,12,12.90,0.00,10.75,0.00,0.00,6.45,0.00,0.00,0.00,69.89
11:20:17,13,15.05,0.00,11.83,0.00,0.00,5.38,0.00,0.00,0.00,67.74
11:20:17,14,12.77,0.00,12.77,0.00,0.00,4.26,0.00,0.00,0.00,70.21
11:20:17,15,14.13,0.00,9.78,0.00,0.00,4.35,0.00,0.00,0.00,71.74
11:20:18,4,15.96,0.00,11.70,0.00,0.00,3.19,0.00,0.00,0.00,69.15
11:20:18,5,16.13,0.00,10.75,0.00,0.00,4.30,0.00,0.00,0.00,68.82
11:20:18,6,13.83,0.00,12.77,0.00,0.00,5.32,0.00,0.00,0.00,68.09
11:20:18,7,12.90,0.00,11.83,2.15,0.00,4.30,0.00,0.00,0.00,68.82
11:20:18,12,13.04,0.00,13.04,0.00,0.00,3.26,0.00,0.00,0.00,70.65
11:20:18,13,13.33,0.00,11.11,0.00,0.00,3.33,0.00,0.00,0.00,72.22
11:20:18,14,12.90,0.00,12.90,1.08,0.00,5.38,0.00,0.00,0.00,67.74
11:20:18,15,13.04,0.00,11.96,0.00,0.00,4.35,0.00,0.00,0.00,70.65
11:20:19,4,15.96,0.00,11.70,0.00,0.00,4.26,0.00,0.00,0.00,68.09
11:20:19,5,13.83,0.00,12.77,0.00,0.00,4.26,0.00,0.00,0.00,69.15
11:20:19,6,14.43,0.00,12.37,0.00,0.00,5.15,0.00,0.00,0.00,68.04
11:20:19,7,13.83,0.00,10.64,0.00,0.00,3.19,0.00,0.00,0.00,72.34
11:20:19,12,15.22,0.00,11.96,0.00,0.00,4.35,0.00,0.00,0.00,68.48
11:20:19,13,13.19,0.00,12.09,0.00,0.00,4.40,0.00,0.00,0.00,70.33
11:20:19,14,15.62,0.00,11.46,0.00,0.00,5.21,0.00,0.00,0.00,67.71
11:20:19,15,13.68,0.00,11.58,0.00,0.00,4.21,0.00,0.00,0.00,70.53
11:20:20,4,18.09,0.00,15.96,2.13,0.00,4.26,0.00,0.00,0.00,59.57
11:20:20,5,16.30,0.00,9.78,0.00,0.00,4.35,0.00,0.00,0.00,69.57
11:20:20,6,15.05,0.00,11.83,0.00,0.00,4.30,0.00,0.00,0.00,68.82
11:20:20,7,14.13,0.00,9.78,0.00,0.00,3.26,0.00,0.00,0.00,72.83
11:20:20,12,14.13,0.00,11.96,0.00,0.00,4.35,0.00,0.00,0.00,69.57
11:20:20,13,18.09,0.00,11.70,0.00,0.00,5.32,0.00,0.00,0.00,64.89
11:20:20,14,16.13,0.00,11.83,0.00,0.00,5.38,0.00,0.00,0.00,66.67
11:20:20,15,12.90,0.00,11.83,0.00,0.00,4.30,0.00,0.00,0.00,70.97
11:20:21,4,13.19,0.00,10.99,0.00,0.00,4.40,0.00,0.00,0.00,71.43
11:20:21,5,15.05,0.00,11.83,0.00,0.00,6.45,0.00,0.00,0.00,66.67
11:20:21,6,12.90,0.00,11.83,0.00,0.00,5.38,0.00,0.00,0.00,69.89
11:20:21,7,13.83,0.00,10.64,0.00,0.00,5.32,0.00,0.00,0.00,70.21
11:20:21,12,13.04,0.00,11.96,0.00,0.00,4.35,0.00,0.00,0.00,70.65
11:20:21,13,13.98,0.00,15.05,0.00,0.00,5.38,0.00,0.00,0.00,65.59
11:20:21,14,13.68,0.00,11.58,0.00,0.00,6.32,0.00,0.00,0.00,68.42
11:20:21,15,13.04,0.00,9.78,0.00,0.00,4.35,0.00,0.00,0.00,72.83
11:20:22,4,13.83,0.00,13.83,0.00,0.00,5.32,0.00,0.00,0.00,67.02
11:20:22,5,14.44,0.00,12.22,0.00,0.00,3.33,0.00,0.00,0.00,70.00
11:20:22,6,11.83,0.00,13.98,0.00,0.00,5.38,0.00,0.00,0.00,68.82
11:20:22,7,10.99,0.00,12.09,0.00,0.00,4.40,0.00,0.00,0.00,72.53
11:20:22,12,14.58,0.00,14.58,0.00,0.00,4.17,0.00,0.00,0.00,66.67
11:20:22,13,15.96,0.00,11.70,0.00,0.00,3.19,0.00,0.00,0.00,69.15
11:20:22,14,16.30,0.00,9.78,0.00,0.00,4.35,0.00,0.00,0.00,69.57
11:20:22,15,13.04,0.00,11.96,0.00,0.00,3.26,0.00,0.00,0.00,71.74
11:20:23,4,14.74,0.00,13.68,1.05,0.00,5.26,0.00,0.00,0.00,65.26
11:20:23,5,15.56,0.00,11.11,0.00,0.00,4.44,0.00,0.00,0.00,68.89
11:20:23,6,15.79,0.00,11.58,0.00,0.00,5.26,0.00,0.00,0.00,67.37
11:20:23,7,12.77,0.00,9.57,0.00,0.00,5.32,0.00,0.00,0.00,72.34
11:20:23,12,16.13,0.00,10.75,1.08,0.00,5.38,0.00,0.00,0.00,66.67
11:20:23,13,14.89,0.00,12.77,0.00,0.00,4.26,0.00,0.00,0.00,68.09
11:20:23,14,14.29,0.00,10.99,0.00,0.00,4.40,0.00,0.00,0.00,70.33
11:20:23,15,11.70,0.00,13.83,0.00,0.00,3.19,0.00,0.00,0.00,71.28
11:20:24,4,15.05,0.00,12.90,0.00,0.00,4.30,0.00,0.00,0.00,67.74
11:20:24,5,14.58,0.00,13.54,0.00,0.00,4.17,0.00,0.00,0.00,67.71
11:20:24,6,15.05,0.00,10.75,0.00,0.00,4.30,0.00,0.00,0.00,69.89
11:20:24,7,12.90,0.00,10.75,0.00,0.00,3.23,0.00,0.00,0.00,73.12
11:20:24,12,13.54,0.00,12.50,0.00,0.00,5.21,0.00,0.00,0.00,68.75
11:20:24,13,15.05,0.00,13.98,0.00,0.00,3.23,0.00,0.00,0.00,67.74
11:20:24,14,12.77,0.00,13.83,0.00,0.00,4.26,0.00,0.00,0.00,69.15
11:20:24,15,12.77,0.00,11.70,0.00,0.00,5.32,0.00,0.00,0.00,70.21
11:20:25,4,15.96,0.00,11.70,0.00,0.00,4.26,0.00,0.00,0.00,68.09
11:20:25,5,15.38,0.00,13.19,0.00,0.00,4.40,0.00,0.00,0.00,67.03
11:20:25,6,12.09,0.00,15.38,0.00,0.00,4.40,0.00,0.00,0.00,68.13
11:20:25,7,12.09,0.00,13.19,0.00,0.00,3.30,0.00,0.00,0.00,71.43
11:20:25,12,15.22,0.00,13.04,0.00,0.00,4.35,0.00,0.00,0.00,67.39
11:20:25,13,16.30,0.00,10.87,0.00,0.00,4.35,0.00,0.00,0.00,68.48
11:20:25,14,16.84,0.00,10.53,0.00,0.00,5.26,0.00,0.00,0.00,67.37
11:20:25,15,13.04,0.00,10.87,0.00,0.00,3.26,0.00,0.00,0.00,72.83
11:20:26,4,14.74,0.00,11.58,0.00,0.00,5.26,0.00,0.00,0.00,68.42
11:20:26,5,13.98,0.00,11.83,0.00,0.00,6.45,0.00,0.00,0.00,67.74
11:20:26,6,13.04,0.00,9.78,0.00,0.00,5.43,0.00,0.00,0.00,71.74
11:20:26,7,12.50,0.00,10.42,0.00,0.00,5.21,0.00,0.00,0.00,71.88
11:20:26,12,12.77,0.00,17.02,0.00,0.00,6.38,0.00,0.00,0.00,63.83
11:20:26,13,16.85,0.00,10.11,0.00,0.00,3.37,0.00,0.00,0.00,69.66
11:20:26,14,15.22,0.00,10.87,0.00,0.00,4.35,0.00,0.00,0.00,69.57
11:20:26,15,12.77,0.00,10.64,0.00,0.00,5.32,0.00,0.00,0.00,71.28
11:20:27,4,15.79,0.00,11.58,0.00,0.00,4.21,0.00,0.00,0.00,68.42
11:20:27,5,15.38,0.00,8.79,0.00,0.00,4.40,0.00,0.00,0.00,71.43
11:20:27,6,15.05,0.00,10.75,0.00,0.00,4.30,0.00,0.00,0.00,69.89
11:20:27,7,11.83,0.00,13.98,0.00,0.00,4.30,0.00,0.00,0.00,69.89
11:20:27,12,13.48,0.00,12.36,0.00,0.00,3.37,0.00,0.00,0.00,70.79
11:20:27,13,15.38,0.00,12.09,0.00,0.00,4.40,0.00,0.00,0.00,68.13
11:20:27,14,15.22,0.00,9.78,0.00,0.00,4.35,0.00,0.00,0.00,70.65
11:20:27,15,12.22,0.00,11.11,0.00,0.00,4.44,0.00,0.00,0.00,72.22
11:20:28,4,14.13,0.00,13.04,0.00,0.00,3.26,0.00,0.00,0.00,69.57
11:20:28,5,15.05,0.00,13.98,0.00,0.00,4.30,0.00,0.00,0.00,66.67
11:20:28,6,12.09,0.00,12.09,0.00,0.00,4.40,0.00,0.00,0.00,71.43
11:20:28,7,12.77,0.00,9.57,0.00,0.00,4.26,0.00,0.00,0.00,73.40
11:20:28,12,15.05,0.00,12.90,1.08,0.00,5.38,0.00,0.00,0.00,65.59
11:20:28,13,16.48,0.00,12.09,0.00,0.00,4.40,0.00,0.00,0.00,67.03
11:20:28,14,14.29,0.00,12.09,1.10,0.00,5.49,0.00,0.00,0.00,67.03
11:20:28,15,15.00,0.00,14.00,0.00,0.00,5.00,0.00,0.00,0.00,66.00
11:20:29,4,13.98,0.00,11.83,0.00,0.00,4.30,0.00,0.00,0.00,69.89
11:20:29,5,15.05,0.00,13.98,0.00,0.00,4.30,0.00,0.00,0.00,66.67
11:20:29,6,16.30,0.00,10.87,0.00,0.00,4.35,0.00,0.00,0.00,68.48
11:20:29,7,13.83,0.00,11.70,0.00,0.00,3.19,0.00,0.00,0.00,71.28
11:20:29,12,14.74,0.00,11.58,0.00,0.00,6.32,0.00,0.00,0.00,67.37
11:20:29,13,14.29,0.00,10.99,0.00,0.00,4.40,0.00,0.00,0.00,70.33
11:20:29,14,13.98,0.00,13.98,0.00,0.00,4.30,0.00,0.00,0.00,67.74
11:20:29,15,12.77,0.00,11.70,0.00,0.00,4.26,0.00,0.00,0.00,71.28
11:20:30,4,16.30,0.00,15.22,0.00,0.00,4.35,0.00,0.00,0.00,64.13
11:20:30,5,16.13,0.00,11.83,2.15,0.00,5.38,0.00,0.00,0.00,64.52
11:20:30,6,11.70,0.00,11.70,0.00,0.00,6.38,0.00,0.00,0.00,70.21
11:20:30,7,11.96,0.00,11.96,0.00,0.00,4.35,0.00,0.00,0.00,71.74
11:20:30,12,14.13,0.00,14.13,0.00,0.00,4.35,0.00,0.00,0.00,67.39
11:20:30,13,17.02,0.00,11.70,0.00,0.00,4.26,0.00,0.00,0.00,67.02
11:20:30,14,14.13,0.00,10.87,0.00,0.00,5.43,0.00,0.00,0.00,69.57
11:20:30,15,14.13,0.00,10.87,0.00,0.00,4.35,0.00,0.00,0.00,70.65
11:20:31,4,16.13,0.00,13.98,0.00,0.00,4.30,0.00,0.00,0.00,65.59
11:20:31,5,16.48,0.00,10.99,0.00,0.00,4.40,0.00,0.00,0.00,68.13
11:20:31,6,13.98,0.00,12.90,0.00,0.00,3.23,0.00,0.00,0.00,69.89
11:20:31,7,12.77,0.00,11.70,0.00,0.00,4.26,0.00,0.00,0.00,71.28
11:20:31,12,13.98,0.00,11.83,0.00,0.00,4.30,0.00,0.00,0.00,69.89
11:20:31,13,16.13,0.00,15.05,0.00,0.00,3.23,0.00,0.00,0.00,65.59
11:20:31,14,12.63,0.00,13.68,0.00,0.00,4.21,0.00,0.00,0.00,69.47
11:20:31,15,15.62,0.00,10.42,0.00,0.00,3.12,0.00,0.00,0.00,70.83
11:20:32,4,15.22,0.00,10.87,0.00,0.00,5.43,0.00,0.00,0.00,68.48
11:20:32,5,13.33,0.00,11.11,0.00,0.00,3.33,0.00,0.00,0.00,72.22
11:20:32,6,13.68,0.00,11.58,0.00,0.00,6.32,0.00,0.00,0.00,68.42
11:20:32,7,13.98,0.00,9.68,0.00,0.00,4.30,0.00,0.00,0.00,72.04
11:20:32,12,12.90,0.00,13.98,0.00,0.00,5.38,0.00,0.00,0.00,67.74
11:20:32,13,14.13,0.00,9.78,0.00,0.00,5.43,0.00,0.00,0.00,70.65
11:20:32,14,14.29,0.00,10.99,0.00,0.00,4.40,0.00,0.00,0.00,70.33
11:20:32,15,13.54,0.00,11.46,0.00,0.00,5.21,0.00,0.00,0.00,69.79
11:20:33,4,15.05,0.00,13.98,0.00,0.00,5.38,0.00,0.00,0.00,65.59
11:20:33,5,14.13,0.00,11.96,0.00,0.00,4.35,0.00,0.00,0.00,69.57
11:20:33,6,12.77,0.00,13.83,0.00,0.00,5.32,0.00,0.00,0.00,68.09
11:20:33,7,11.83,0.00,12.90,0.00,0.00,4.30,0.00,0.00,0.00,70.97
11:20:33,12,15.79,0.00,12.63,0.00,0.00,5.26,0.00,0.00,0.00,66.32
11:20:33,13,14.89,0.00,11.70,0.00,0.00,5.32,0.00,0.00,0.00,68.09
11:20:33,14,14.58,0.00,12.50,0.00,0.00,5.21,0.00,0.00,0.00,67.71
11:20:33,15,13.19,0.00,10.99,0.00,0.00,3.30,0.00,0.00,0.00,72.53
11:20:34,4,14.58,0.00,13.54,0.00,0.00,4.17,0.00,0.00,0.00,67.71
11:20:34,5,13.19,0.00,13.19,0.00,0.00,3.30,0.00,0.00,0.00,70.33
11:20:34,6,12.90,0.00,12.90,0.00,0.00,4.30,0.00,0.00,0.00,69.89
11:20:34,7,13.98,0.00,10.75,0.00,0.00,4.30,0.00,0.00,0.00,70.97
11:20:34,12,13.04,0.00,11.96,0.00,0.00,5.43,0.00,0.00,0.00,69.57
11:20:34,13,14.13,0.00,10.87,0.00,0.00,4.35,0.00,0.00,0.00,70.65
11:20:34,14,15.38,0.00,10.99,0.00,0.00,3.30,0.00,0.00,0.00,70.33
11:20:34,15,12.90,0.00,13.98,0.00,0.00,3.23,0.00,0.00,0.00,69.89
11:20:35,4,18.89,0.00,13.33,0.00,0.00,4.44,0.00,0.00,0.00,63.33
11:20:35,5,14.44,0.00,11.11,0.00,0.00,3.33,0.00,0.00,0.00,71.11
11:20:35,6,13.19,0.00,13.19,0.00,0.00,4.40,0.00,0.00,0.00,69.23
11:20:35,7,11.96,0.00,9.78,0.00,0.00,4.35,0.00,0.00,0.00,73.91
11:20:35,12,15.05,0.00,13.98,0.00,0.00,3.23,0.00,0.00,0.00,67.74
11:20:35,13,16.13,0.00,9.68,0.00,0.00,5.38,0.00,0.00,0.00,68.82
11:20:35,14,13.83,0.00,12.77,0.00,0.00,6.38,0.00,0.00,0.00,67.02
11:20:35,15,11.46,0.00,11.46,2.08,0.00,5.21,0.00,0.00,0.00,69.79
11:20:36,4,13.68,0.00,13.68,0.00,0.00,5.26,0.00,0.00,0.00,67.37
11:20:36,5,14.13,0.00,10.87,0.00,0.00,4.35,0.00,0.00,0.00,70.65
11:20:36,6,13.83,0.00,13.83,0.00,0.00,3.19,0.00,0.00,0.00,69.15
11:20:36,7,11.83,0.00,10.75,0.00,0.00,3.23,0.00,0.00,0.00,74.19
11:20:36,12,11.83,0.00,12.90,0.00,0.00,5.38,0.00,0.00,0.00,69.89
11:20:36,13,12.22,0.00,15.56,0.00,0.00,4.44,0.00,0.00,0.00,67.78
11:20:36,14,15.05,0.00,12.90,0.00,0.00,5.38,0.00,0.00,0.00,66.67
11:20:36,15,13.83,0.00,13.83,0.00,0.00,3.19,0.00,0.00,0.00,69.15
11:20:37,4,13.98,0.00,11.83,0.00,0.00,4.30,0.00,0.00,0.00,69.89
11:20:37,5,14.89,0.00,10.64,0.00,0.00,4.26,0.00,0.00,0.00,70.21
11:20:37,6,13.68,0.00,11.58,0.00,0.00,5.26,0.00,0.00,0.00,69.47
11:20:37,7,11.70,0.00,12.77,0.00,0.00,4.26,0.00,0.00,0.00,71.28
11:20:37,12,12.90,0.00,13.98,0.00,0.00,4.30,0.00,0.00,0.00,68.82
11:20:37,13,14.89,0.00,11.70,0.00,0.00,4.26,0.00,0.00,0.00,69.15
11:20:37,14,13.33,0.00,12.22,0.00,0.00,4.44,0.00,0.00,0.00,70.00
11:20:37,15,13.83,0.00,10.64,0.00,0.00,5.32,0.00,0.00,0.00,70.21
11:20:38,4,15.79,0.00,10.53,0.00,0.00,5.26,0.00,0.00,0.00,68.42
11:20:38,5,14.13,0.00,11.96,0.00,0.00,4.35,0.00,0.00,0.00,69.57
11:20:38,6,12.90,0.00,13.98,0.00,0.00,4.30,0.00,0.00,0.00,68.82
11:20:38,7,12.63,0.00,11.58,0.00,0.00,4.21,0.00,0.00,0.00,71.58
11:20:38,12,13.54,0.00,11.46,0.00,0.00,6.25,0.00,0.00,0.00,68.75
11:20:38,13,15.22,0.00,13.04,0.00,0.00,3.26,0.00,0.00,0.00,68.48
11:20:38,14,12.09,0.00,14.29,0.00,0.00,5.49,0.00,0.00,0.00,68.13
11:20:38,15,13.83,0.00,12.77,0.00,0.00,3.19,0.00,0.00,0.00,70.21
11:20:39,4,13.98,0.00,10.75,0.00,0.00,4.30,0.00,0.00,0.00,70.97
11:20:39,5,16.13,0.00,10.75,0.00,0.00,5.38,0.00,0.00,0.00,67.74
11:20:39,6,15.05,0.00,10.75,0.00,0.00,5.38,0.00,0.00,0.00,68.82
11:20:39,7,11.83,0.00,9.68,0.00,0.00,5.38,0.00,0.00,0.00,73.12
11:20:39,12,12.90,0.00,11.83,0.00,0.00,5.38,0.00,0.00,0.00,69.89
11:20:39,13,15.22,0.00,10.87,0.00,0.00,4.35,0.00,0.00,0.00,69.57
11:20:39,14,13.19,0.00,10.99,0.00,0.00,4.40,0.00,0.00,0.00,71.43
11:20:39,15,13.54,0.00,11.46,0.00,0.00,5.21,0.00,0.00,0.00,69.79
11:20:40,4,12.90,0.00,15.05,0.00,0.00,5.38,0.00,0.00,0.00,66.67
11:20:40,5,14.29,0.00,12.09,0.00,0.00,5.49,0.00,0.00,0.00,68.13
11:20:40,6,14.89,0.00,14.89,0.00,0.00,4.26,0.00,0.00,0.00,65.96
11:20:40,7,10.53,0.00,11.58,0.00,0.00,4.21,0.00,0.00,0.00,73.68
11:20:40,12,17.02,0.00,11.70,0.00,0.00,5.32,0.00,0.00,0.00,65.96
11:20:40,13,18.75,0.00,12.50,1.04,0.00,5.21,0.00,0.00,0.00,62.50
11:20:40,14,13.19,0.00,12.09,0.00,0.00,5.49,0.00,0.00,0.00,69.23
11:20:40,15,11.70,0.00,11.70,0.00,0.00,4.26,0.00,0.00,0.00,72.34
11:20:41,4,13.98,0.00,11.83,0.00,0.00,4.30,0.00,0.00,0.00,69.89
11:20:41,5,16.67,0.00,12.50,0.00,0.00,5.21,0.00,0.00,0.00,65.62
11:20:41,6,15.79,0.00,12.63,0.00,0.00,5.26,0.00,0.00,0.00,66.32
11:20:41,7,13.98,0.00,10.75,0.00,0.00,3.23,0.00,0.00,0.00,72.04
11:20:41,12,13.33,0.00,10.00,0.00,0.00,4.44,0.00,0.00,0.00,72.22
11:20:41,13,15.22,0.00,13.04,0.00,0.00,4.35,0.00,0.00,0.00,67.39
11:20:41,14,13.83,0.00,13.83,0.00,0.00,4.26,0.00,0.00,0.00,68.09
11:20:41,15,10.87,0.00,11.96,0.00,0.00,3.26,0.00,0.00,0.00,73.91
11:20:42,4,13.98,0.00,11.83,0.00,0.00,3.23,0.00,0.00,0.00,70.97
11:20:42,5,17.20,0.00,12.90,0.00,0.00,4.30,0.00,0.00,0.00,65.59
11:20:42,6,13.48,0.00,10.11,0.00,0.00,4.49,0.00,0.00,0.00,71.91
11:20:42,7,12.77,0.00,10.64,0.00,0.00,4.26,0.00,0.00,0.00,72.34
11:20:42,12,15.05,0.00,12.90,0.00,0.00,4.30,0.00,0.00,0.00,67.74
11:20:42,13,16.30,0.00,11.96,0.00,0.00,3.26,0.00,0.00,0.00,68.48
11:20:42,14,15.46,0.00,14.43,0.00,0.00,5.15,0.00,0.00,0.00,64.95
11:20:42,15,12.09,0.00,10.99,0.00,0.00,4.40,0.00,0.00,0.00,72.53
11:20:43,4,15.22,0.00,11.96,0.00,0.00,4.35,0.00,0.00,0.00,68.48
11:20:43,5,13.83,0.00,13.83,0.00,0.00,4.26,0.00,0.00,0.00,68.09
11:20:43,6,11.83,0.00,12.90,0.00,0.00,4.30,0.00,0.00,0.00,70.97
11:20:43,7,12.50,0.00,11.46,0.00,0.00,4.17,0.00,0.00,0.00,71.88
11:20:43,12,13.04,0.00,13.04,0.00,0.00,4.35,0.00,0.00,0.00,69.57
11:20:43,13,14.29,0.00,12.09,0.00,0.00,5.49,0.00,0.00,0.00,68.13
11:20:43,14,13.04,0.00,13.04,0.00,0.00,4.35,0.00,0.00,0.00,69.57
11:20:43,15,10.87,0.00,10.87,0.00,0.00,4.35,0.00,0.00,0.00,73.91
11:20:44,4,13.98,0.00,12.90,0.00,0.00,5.38,0.00,0.00,0.00,67.74
11:20:44,5,16.30,0.00,11.96,0.00,0.00,4.35,0.00,0.00,0.00,67.39
11:20:44,6,14.13,0.00,13.04,0.00,0.00,3.26,0.00,0.00,0.00,69.57
11:20:44,7,12.90,0.00,9.68,0.00,0.00,5.38,0.00,0.00,0.00,72.04
11:20:44,12,13.83,0.00,12.77,0.00,0.00,5.32,0.00,0.00,0.00,68.09
11:20:44,13,15.96,0.00,10.64,0.00,0.00,4.26,0.00,0.00,0.00,69.15
11:20:44,14,13.83,0.00,11.70,0.00,0.00,4.26,0.00,0.00,0.00,70.21
11:20:44,15,13.83,0.00,10.64,0.00,0.00,3.19,0.00,0.00,0.00,72.34
11:20:45,4,15.05,0.00,10.75,0.00,0.00,4.30,0.00,0.00,0.00,69.89
11:20:45,5,14.13,0.00,10.87,0.00,0.00,4.35,0.00,0.00,0.00,70.65
11:20:45,6,14.58,0.00,13.54,0.00,0.00,4.17,0.00,0.00,0.00,67.71
11:20:45,7,13.33,0.00,10.00,0.00,0.00,4.44,0.00,0.00,0.00,72.22
11:20:45,12,14.74,0.00,10.53,0.00,0.00,4.21,0.00,0.00,0.00,70.53
11:20:45,13,13.33,0.00,8.89,0.00,0.00,4.44,0.00,0.00,0.00,73.33
11:20:45,14,15.05,0.00,9.68,0.00,0.00,5.38,0.00,0.00,0.00,69.89
11:20:45,15,13.68,0.00,11.58,0.00,0.00,4.21,0.00,0.00,0.00,70.53
11:20:46,4,15.79,0.00,12.63,0.00,0.00,5.26,0.00,0.00,0.00,66.32
11:20:46,5,16.48,0.00,12.09,0.00,0.00,4.40,0.00,0.00,0.00,67.03
11:20:46,6,13.54,0.00,14.58,0.00,0.00,5.21,0.00,0.00,0.00,66.67
11:20:46,7,12.90,0.00,10.75,0.00,0.00,4.30,0.00,0.00,0.00,72.04
11:20:46,12,19.57,0.00,13.04,0.00,0.00,4.35,0.00,0.00,0.00,63.04
11:20:46,13,15.96,0.00,14.89,2.13,0.00,4.26,0.00,0.00,0.00,62.77
11:20:46,14,14.89,0.00,12.77,0.00,0.00,4.26,0.00,0.00,0.00,68.09
11:20:46,15,12.63,0.00,11.58,0.00,0.00,4.21,0.00,0.00,0.00,71.58
11:20:47,4,15.56,0.00,11.11,0.00,0.00,3.33,0.00,0.00,0.00,70.00
11:20:47,5,13.04,0.00,11.96,0.00,0.00,5.43,0.00,0.00,0.00,69.57
11:20:47,6,13.04,0.00,11.96,0.00,0.00,4.35,0.00,0.00,0.00,70.65
11:20:47,7,10.75,0.00,10.75,0.00,0.00,5.38,0.00,0.00,0.00,73.12
11:20:47,12,14.89,0.00,11.70,0.00,0.00,4.26,0.00,0.00,0.00,69.15
11:20:47,13,14.74,0.00,15.79,0.00,0.00,5.26,0.00,0.00,0.00,64.21
11:20:47,14,13.19,0.00,14.29,0.00,0.00,4.40,0.00,0.00,0.00,68.13
11:20:47,15,12.50,0.00,10.23,0.00,0.00,3.41,0.00,0.00,0.00,73.86
11:20:48,4,12.90,0.00,15.05,0.00,0.00,4.30,0.00,0.00,0.00,67.74
11:20:48,5,13.98,0.00,13.98,0.00,0.00,3.23,0.00,0.00,0.00,68.82
11:20:48,6,13.98,0.00,16.13,0.00,0.00,4.30,0.00,0.00,0.00,65.59
11:20:48,7,13.19,0.00,8.79,0.00,0.00,4.40,0.00,0.00,0.00,73.63
11:20:48,12,12.90,0.00,10.75,0.00,0.00,5.38,0.00,0.00,0.00,70.97
11:20:48,13,14.77,0.00,9.09,0.00,0.00,3.41,0.00,0.00,0.00,72.73
11:20:48,14,14.13,0.00,11.96,0.00,0.00,5.43,0.00,0.00,0.00,68.48
11:20:48,15,15.31,0.00,10.20,0.00,0.00,5.10,0.00,0.00,0.00,69.39
11:20:49,4,16.84,0.00,12.63,0.00,0.00,4.21,0.00,0.00,0.00,66.32
11:20:49,5,14.13,0.00,13.04,0.00,0.00,3.26,0.00,0.00,0.00,69.57
11:20:49,6,12.90,0.00,11.83,0.00,0.00,4.30,0.00,0.00,0.00,70.97
11:20:49,7,10.87,0.00,9.78,0.00,0.00,5.43,0.00,0.00,0.00,73.91
11:20:49,12,14.74,0.00,11.58,0.00,0.00,5.26,0.00,0.00,0.00,68.42
11:20:49,13,15.22,0.00,13.04,0.00,0.00,4.35,0.00,0.00,0.00,67.39
11:20:49,14,14.13,0.00,10.87,0.00,0.00,5.43,0.00,0.00,0.00,69.57
11:20:49,15,14.13,0.00,10.87,0.00,0.00,4.35,0.00,0.00,0.00,70.65
11:20:50,4,15.22,0.00,14.13,0.00,0.00,4.35,0.00,0.00,0.00,66.30
11:20:50,5,14.29,0.00,10.99,0.00,0.00,4.40,0.00,0.00,0.00,70.33
11:20:50,6,13.98,0.00,11.83,0.00,0.00,4.30,0.00,0.00,0.00,69.89
11:20:50,7,12.77,0.00,9.57,0.00,0.00,4.26,0.00,0.00,0.00,73.40
11:20:50,12,12.63,0.00,12.63,0.00,0.00,5.26,0.00,0.00,0.00,69.47
11:20:50,13,15.05,0.00,12.90,0.00,0.00,5.38,0.00,0.00,0.00,66.67
11:20:50,14,13.98,0.00,13.98,0.00,0.00,3.23,0.00,0.00,0.00,68.82
11:20:50,15,12.90,0.00,10.75,0.00,0.00,4.30,0.00,0.00,0.00,72.04
11:20:51,4,13.54,0.00,13.54,0.00,0.00,5.21,0.00,0.00,0.00,67.71
11:20:51,5,15.96,0.00,14.89,2.13,0.00,4.26,0.00,0.00,0.00,62.77
11:20:51,6,13.04,0.00,10.87,0.00,0.00,4.35,0.00,0.00,0.00,71.74
11:20:51,7,13.54,0.00,11.46,0.00,0.00,4.17,0.00,0.00,0.00,70.83
11:20:51,12,18.48,0.00,13.04,0.00,0.00,3.26,0.00,0.00,0.00,65.22
11:20:51,13,15.22,0.00,13.04,0.00,0.00,3.26,0.00,0.00,0.00,68.48
11:20:51,14,16.30,0.00,11.96,0.00,0.00,4.35,0.00,0.00,0.00,67.39
11:20:51,15,14.58,0.00,10.42,0.00,0.00,5.21,0.00,0.00,0.00,69.79
11:20:52,4,15.22,0.00,10.87,0.00,0.00,3.26,0.00,0.00,0.00,70.65
11:20:52,5,15.79,0.00,14.74,0.00,0.00,5.26,0.00,0.00,0.00,64.21
11:20:52,6,15.79,0.00,12.63,0.00,0.00,4.21,0.00,0.00,0.00,67.37
11:20:52,7,13.83,0.00,11.70,0.00,0.00,5.32,0.00,0.00,0.00,69.15
11:20:52,12,15.05,0.00,11.83,0.00,0.00,4.30,0.00,0.00,0.00,68.82
11:20:52,13,13.83,0.00,12.77,0.00,0.00,5.32,0.00,0.00,0.00,68.09
11:20:52,14,15.05,0.00,12.90,0.00,0.00,4.30,0.00,0.00,0.00,67.74
11:20:52,15,15.05,0.00,8.60,0.00,0.00,4.30,0.00,0.00,0.00,72.04
11:20:53,4,12.77,0.00,12.77,0.00,0.00,5.32,0.00,0.00,0.00,69.15
11:20:53,5,14.13,0.00,11.96,0.00,0.00,5.43,0.00,0.00,0.00,68.48
11:20:53,6,13.19,0.00,12.09,0.00,0.00,4.40,0.00,0.00,0.00,70.33
11:20:53,7,10.75,0.00,10.75,0.00,0.00,4.30,0.00,0.00,0.00,74.19
11:20:53,12,14.29,0.00,12.09,0.00,0.00,5.49,0.00,0.00,0.00,68.13
11:20:53,13,16.13,0.00,10.75,0.00,0.00,4.30,0.00,0.00,0.00,68.82
11:20:53,14,15.05,0.00,10.75,0.00,0.00,4.30,0.00,0.00,0.00,69.89
11:20:53,15,13.04,0.00,10.87,0.00,0.00,3.26,0.00,0.00,0.00,72.83
11:20:54,4,13.98,0.00,13.98,0.00,0.00,4.30,0.00,0.00,0.00,67.74
11:20:54,5,17.58,0.00,12.09,0.00,0.00,3.30,0.00,0.00,0.00,67.03
11:20:54,6,15.62,0.00,12.50,0.00,0.00,4.17,0.00,0.00,0.00,67.71
11:20:54,7,12.63,0.00,11.58,0.00,0.00,5.26,0.00,0.00,0.00,70.53
11:20:54,12,13.19,0.00,10.99,0.00,0.00,4.40,0.00,0.00,0.00,71.43
11:20:54,13,15.79,0.00,10.53,0.00,0.00,4.21,0.00,0.00,0.00,69.47
11:20:54,14,13.98,0.00,8.60,0.00,0.00,4.30,0.00,0.00,0.00,73.12
11:20:54,15,12.77,0.00,9.57,0.00,0.00,3.19,0.00,0.00,0.00,74.47
11:20:55,4,12.22,0.00,10.00,0.00,0.00,4.44,0.00,0.00,0.00,73.33
11:20:55,5,13.98,0.00,10.75,0.00,0.00,4.30,0.00,0.00,0.00,70.97
11:20:55,6,13.04,0.00,11.96,0.00,0.00,6.52,0.00,0.00,0.00,68.48
11:20:55,7,14.74,0.00,10.53,0.00,0.00,5.26,0.00,0.00,0.00,69.47
11:20:55,12,14.43,0.00,12.37,0.00,0.00,5.15,0.00,0.00,0.00,68.04
11:20:55,13,14.74,0.00,12.63,0.00,0.00,4.21,0.00,0.00,0.00,68.42
11:20:55,14,13.04,0.00,11.96,0.00,0.00,4.35,0.00,0.00,0.00,70.65
11:20:55,15,13.54,0.00,13.54,0.00,0.00,3.12,0.00,0.00,0.00,69.79
11:20:56,4,15.05,0.00,13.98,0.00,0.00,5.38,0.00,0.00,0.00,65.59
11:20:56,5,17.39,0.00,13.04,1.09,0.00,5.43,0.00,0.00,0.00,63.04
11:20:56,6,17.20,0.00,10.75,0.00,0.00,4.30,0.00,0.00,0.00,67.74
11:20:56,7,13.04,0.00,10.87,0.00,0.00,3.26,0.00,0.00,0.00,72.83
11:20:56,12,14.74,0.00,12.63,0.00,0.00,4.21,0.00,0.00,0.00,68.42
11:20:56,13,15.05,0.00,12.90,0.00,0.00,4.30,0.00,0.00,0.00,67.74
11:20:56,14,13.98,0.00,13.98,0.00,0.00,4.30,0.00,0.00,0.00,67.74
11:20:56,15,13.33,0.00,10.00,0.00,0.00,3.33,0.00,0.00,0.00,73.33
11:20:57,4,13.19,0.00,10.99,0.00,0.00,3.30,0.00,0.00,0.00,72.53
11:20:57,5,12.90,0.00,12.90,0.00,0.00,5.38,0.00,0.00,0.00,68.82
11:20:57,6,11.70,0.00,13.83,0.00,0.00,5.32,0.00,0.00,0.00,69.15
11:20:57,7,13.27,0.00,13.27,0.00,0.00,6.12,0.00,0.00,0.00,67.35
11:20:57,12,13.04,0.00,10.87,0.00,0.00,4.35,0.00,0.00,0.00,71.74
11:20:57,13,13.83,0.00,11.70,0.00,0.00,5.32,0.00,0.00,0.00,69.15
11:20:57,14,11.96,0.00,11.96,0.00,0.00,5.43,0.00,0.00,0.00,70.65
11:20:57,15,13.54,0.00,12.50,0.00,0.00,5.21,0.00,0.00,0.00,68.75
11:20:58,4,14.58,0.00,12.50,0.00,0.00,4.17,0.00,0.00,0.00,68.75
11:20:58,5,14.13,0.00,13.04,0.00,0.00,4.35,0.00,0.00,0.00,68.48
11:20:58,6,14.13,0.00,13.04,0.00,0.00,3.26,0.00,0.00,0.00,69.57
11:20:58,7,12.50,0.00,11.46,0.00,0.00,5.21,0.00,0.00,0.00,70.83
11:20:58,12,14.29,0.00,12.09,1.10,0.00,5.49,0.00,0.00,0.00,67.03
11:20:58,13,13.98,0.00,13.98,0.00,0.00,4.30,0.00,0.00,0.00,67.74
11:20:58,14,14.58,0.00,12.50,0.00,0.00,4.17,0.00,0.00,0.00,68.75
11:20:58,15,12.77,0.00,12.77,0.00,0.00,3.19,0.00,0.00,0.00,71.28
11:20:59,4,15.22,0.00,9.78,0.00,0.00,5.43,0.00,0.00,0.00,69.57
11:20:59,5,15.79,0.00,11.58,0.00,0.00,5.26,0.00,0.00,0.00,67.37
11:20:59,6,14.29,0.00,10.99,0.00,0.00,4.40,0.00,0.00,0.00,70.33
11:20:59,7,14.74,0.00,9.47,0.00,0.00,4.21,0.00,0.00,0.00,71.58
11:20:59,12,13.83,0.00,12.77,0.00,0.00,4.26,0.00,0.00,0.00,69.15
11:20:59,13,14.89,0.00,11.70,0.00,0.00,5.32,0.00,0.00,0.00,68.09
11:20:59,14,15.05,0.00,12.90,0.00,0.00,5.38,0.00,0.00,0.00,66.67
11:20:59,15,13.68,0.00,10.53,0.00,0.00,5.26,0.00,0.00,0.00,70.53
11:21:00,4,12.90,0.00,11.83,0.00,0.00,4.30,0.00,0.00,0.00,70.97
11:21:00,5,14.58,0.00,13.54,0.00,0.00,5.21,0.00,0.00,0.00,66.67
11:21:00,6,13.68,0.00,13.68,0.00,0.00,5.26,0.00,0.00,0.00,67.37
11:21:00,7,13.83,0.00,12.77,0.00,0.00,4.26,0.00,0.00,0.00,69.15
11:21:00,12,13.98,0.00,11.83,0.00,0.00,4.30,0.00,0.00,0.00,69.89
11:21:00,13,13.19,0.00,12.09,0.00,0.00,4.40,0.00,0.00,0.00,70.33
11:21:00,14,14.13,0.00,10.87,0.00,0.00,3.26,0.00,0.00,0.00,71.74
11:21:00,15,12.90,0.00,11.83,0.00,0.00,4.30,0.00,0.00,0.00,70.97
11:21:01,4,16.13,0.00,11.83,0.00,0.00,4.30,0.00,0.00,0.00,67.74
11:21:01,5,16.30,0.00,11.96,1.09,0.00,4.35,0.00,0.00,0.00,66.30
11:21:01,6,15.22,0.00,13.04,0.00,0.00,4.35,0.00,0.00,0.00,67.39
11:21:01,7,12.09,0.00,7.69,0.00,0.00,4.40,0.00,0.00,0.00,75.82
11:21:01,12,17.89,0.00,13.68,0.00,0.00,5.26,0.00,0.00,0.00,63.16
11:21:01,13,15.96,0.00,11.70,0.00,0.00,5.32,0.00,0.00,0.00,67.02
11:21:01,14,13.19,0.00,12.09,0.00,0.00,5.49,0.00,0.00,0.00,69.23
11:21:01,15,11.96,0.00,11.96,0.00,0.00,4.35,0.00,0.00,0.00,71.74
11:21:02,4,13.04,0.00,13.04,0.00,0.00,4.35,0.00,0.00,0.00,69.57
11:21:02,5,14.89,0.00,12.77,0.00,0.00,4.26,0.00,0.00,0.00,68.09
11:21:02,6,12.90,0.00,12.90,0.00,0.00,4.30,0.00,0.00,0.00,69.89
11:21:02,7,13.83,0.00,12.77,0.00,0.00,4.26,0.00,0.00,0.00,69.15
11:21:02,12,13.19,0.00,10.99,0.00,0.00,4.40,0.00,0.00,0.00,71.43
11:21:02,13,13.33,0.00,13.33,0.00,0.00,3.33,0.00,0.00,0.00,70.00
11:21:02,14,16.67,0.00,10.42,0.00,0.00,5.21,0.00,0.00,0.00,67.71
11:21:02,15,13.68,0.00,12.63,0.00,0.00,4.21,0.00,0.00,0.00,69.47
11:21:03,4,15.05,0.00,13.98,0.00,0.00,4.30,0.00,0.00,0.00,66.67
11:21:03,5,13.83,0.00,14.89,0.00,0.00,4.26,0.00,0.00,0.00,67.02
11:21:03,6,13.83,0.00,12.77,0.00,0.00,4.26,0.00,0.00,0.00,69.15
11:21:03,7,12.77,0.00,11.70,0.00,0.00,4.26,0.00,0.00,0.00,71.28
11:21:03,12,13.54,0.00,15.62,0.00,0.00,5.21,0.00,0.00,0.00,65.62
11:21:03,13,16.84,0.00,13.68,0.00,0.00,6.32,0.00,0.00,0.00,63.16
11:21:03,14,12.90,0.00,13.98,0.00,0.00,4.30,0.00,0.00,0.00,68.82
11:21:03,15,13.04,0.00,11.96,0.00,0.00,4.35,0.00,0.00,0.00,70.65
11:21:04,4,17.39,0.00,10.87,0.00,0.00,4.35,0.00,0.00,0.00,67.39
11:21:04,5,13.98,0.00,11.83,0.00,0.00,5.38,0.00,0.00,0.00,68.82
11:21:04,6,11.83,0.00,11.83,0.00,0.00,4.30,0.00,0.00,0.00,72.04
11:21:04,7,11.70,0.00,10.64,0.00,0.00,4.26,0.00,0.00,0.00,73.40
11:21:04,12,13.19,0.00,15.38,0.00,0.00,5.49,0.00,0.00,0.00,65.93
11:21:04,13,16.67,0.00,12.50,0.00,0.00,5.21,0.00,0.00,0.00,65.62
11:21:04,14,13.54,0.00,13.54,0.00,0.00,5.21,0.00,0.00,0.00,67.71
11:21:04,15,12.90,0.00,10.75,0.00,0.00,4.30,0.00,0.00,0.00,72.04
11:21:05,4,13.68,0.00,12.63,0.00,0.00,5.26,0.00,0.00,0.00,68.42
11:21:05,5,13.83,0.00,13.83,0.00,0.00,4.26,0.00,0.00,0.00,68.09
11:21:05,6,13.98,0.00,10.75,0.00,0.00,5.38,0.00,0.00,0.00,69.89
11:21:05,7,11.58,0.00,10.53,0.00,0.00,5.26,0.00,0.00,0.00,72.63
11:21:05,12,12.77,0.00,11.70,0.00,0.00,4.26,0.00,0.00,0.00,71.28
11:21:05,13,14.29,0.00,12.09,0.00,0.00,4.40,0.00,0.00,0.00,69.23
11:21:05,14,13.04,0.00,13.04,0.00,0.00,4.35,0.00,0.00,0.00,69.57
11:21:05,15,14.74,0.00,11.58,0.00,0.00,4.21,0.00,0.00,0.00,69.47
11:21:06,4,16.30,0.00,11.96,1.09,0.00,3.26,0.00,0.00,0.00,67.39
11:21:06,5,17.20,0.00,13.98,0.00,0.00,4.30,0.00,0.00,0.00,64.52
11:21:06,6,13.83,0.00,13.83,0.00,0.00,4.26,0.00,0.00,0.00,68.09
11:21:06,7,12.77,0.00,10.64,0.00,0.00,3.19,0.00,0.00,0.00,73.40
11:21:06,12,15.56,0.00,13.33,0.00,0.00,4.44,0.00,0.00,0.00,66.67
11:21:06,13,17.02,0.00,13.83,0.00,0.00,5.32,0.00,0.00,0.00,63.83
11:21:06,14,13.98,0.00,12.90,0.00,0.00,4.30,0.00,0.00,0.00,68.82
11:21:06,15,14.58,0.00,11.46,0.00,0.00,4.17,0.00,0.00,0.00,69.79
11:21:07,4,14.29,0.00,12.09,0.00,0.00,5.49,0.00,0.00,0.00,68.13
11:21:07,5,15.79,0.00,12.63,0.00,0.00,5.26,0.00,0.00,0.00,66.32
11:21:07,6,12.09,0.00,12.09,0.00,0.00,4.40,0.00,0.00,0.00,71.43
11:21:07,7,11.83,0.00,11.83,0.00,0.00,3.23,0.00,0.00,0.00,73.12
11:21:07,12,14.29,0.00,14.29,0.00,0.00,3.30,0.00,0.00,0.00,68.13
11:21:07,13,14.29,0.00,15.38,0.00,0.00,4.40,0.00,0.00,0.00,65.93
11:21:07,14,13.83,0.00,11.70,0.00,0.00,5.32,0.00,0.00,0.00,69.15
11:21:07,15,11.96,0.00,11.96,0.00,0.00,4.35,0.00,0.00,0.00,71.74
11:21:08,4,14.74,0.00,12.63,0.00,0.00,5.26,0.00,0.00,0.00,67.37
11:21:08,5,14.13,0.00,10.87,0.00,0.00,4.35,0.00,0.00,0.00,70.65
11:21:08,6,14.89,0.00,12.77,0.00,0.00,4.26,0.00,0.00,0.00,68.09
11:21:08,7,14.58,0.00,12.50,0.00,0.00,3.12,0.00,0.00,0.00,69.79
11:21:08,12,13.98,0.00,11.83,0.00,0.00,5.38,0.00,0.00,0.00,68.82
11:21:08,13,13.04,0.00,13.04,1.09,0.00,4.35,0.00,0.00,0.00,68.48
11:21:08,14,17.02,0.00,12.77,0.00,0.00,3.19,0.00,0.00,0.00,67.02
11:21:08,15,14.13,0.00,9.78,0.00,0.00,3.26,0.00,0.00,0.00,72.83
11:21:09,4,14.29,0.00,12.09,0.00,0.00,5.49,0.00,0.00,0.00,68.13
11:21:09,5,17.39,0.00,11.96,0.00,0.00,4.35,0.00,0.00,0.00,66.30
11:21:09,6,13.98,0.00,10.75,0.00,0.00,6.45,0.00,0.00,0.00,68.82
11:21:09,7,11.83,0.00,10.75,0.00,0.00,5.38,0.00,0.00,0.00,72.04
11:21:09,12,13.19,0.00,13.19,0.00,0.00,4.40,0.00,0.00,0.00,69.23
11:21:09,13,15.38,0.00,10.99,0.00,0.00,4.40,0.00,0.00,0.00,69.23
11:21:09,14,14.29,0.00,10.99,0.00,0.00,4.40,0.00,0.00,0.00,70.33
11:21:09,15,13.54,0.00,10.42,0.00,0.00,5.21,0.00,0.00,0.00,70.83
11:21:10,4,13.83,0.00,12.77,0.00,0.00,4.26,0.00,0.00,0.00,69.15
11:21:10,5,15.79,0.00,12.63,0.00,0.00,4.21,0.00,0.00,0.00,67.37
11:21:10,6,13.04,0.00,10.87,0.00,0.00,4.35,0.00,0.00,0.00,71.74
11:21:10,7,12.90,0.00,10.75,0.00,0.00,3.23,0.00,0.00,0.00,73.12
11:21:10,12,14.58,0.00,13.54,0.00,0.00,4.17,0.00,0.00,0.00,67.71
11:21:10,13,14.74,0.00,12.63,0.00,0.00,4.21,0.00,0.00,0.00,68.42
11:21:10,14,14.74,0.00,11.58,0.00,0.00,5.26,0.00,0.00,0.00,68.42
11:21:10,15,12.90,0.00,11.83,0.00,0.00,4.30,0.00,0.00,0.00,70.97
11:21:11,4,14.13,0.00,14.13,0.00,0.00,4.35,0.00,0.00,0.00,67.39
11:21:11,5,13.98,0.00,13.98,0.00,0.00,4.30,0.00,0.00,0.00,67.74
11:21:11,6,14.29,0.00,12.09,0.00,0.00,3.30,0.00,0.00,0.00,70.33
11:21:11,7,14.13,0.00,10.87,0.00,0.00,4.35,0.00,0.00,0.00,70.65
11:21:11,12,16.48,0.00,13.19,0.00,0.00,5.49,0.00,0.00,0.00,64.84
11:21:11,13,17.02,0.00,12.77,0.00,0.00,4.26,0.00,0.00,0.00,65.96
11:21:11,14,16.30,0.00,10.87,0.00,0.00,3.26,0.00,0.00,0.00,69.57
11:21:11,15,14.74,0.00,11.58,0.00,0.00,5.26,0.00,0.00,0.00,68.42
11:21:12,4,16.13,0.00,10.75,0.00,0.00,6.45,0.00,0.00,0.00,66.67
11:21:12,5,14.13,0.00,11.96,0.00,0.00,4.35,0.00,0.00,0.00,69.57
11:21:12,6,15.05,0.00,12.90,0.00,0.00,4.30,0.00,0.00,0.00,67.74
11:21:12,7,11.70,0.00,12.77,0.00,0.00,4.26,0.00,0.00,0.00,71.28
11:21:12,12,14.58,0.00,12.50,0.00,0.00,6.25,0.00,0.00,0.00,66.67
11:21:12,13,13.68,0.00,13.68,0.00,0.00,5.26,0.00,0.00,0.00,67.37
11:21:12,14,15.79,0.00,10.53,0.00,0.00,4.21,0.00,0.00,0.00,69.47
11:21:12,15,12.50,0.00,10.42,0.00,0.00,6.25,0.00,0.00,0.00,70.83
11:21:13,4,15.22,0.00,13.04,0.00,0.00,4.35,0.00,0.00,0.00,67.39
11:21:13,5,15.22,0.00,11.96,0.00,0.00,3.26,0.00,0.00,0.00,69.57
11:21:13,6,13.98,0.00,12.90,0.00,0.00,3.23,0.00,0.00,0.00,69.89
11:21:13,7,13.83,0.00,10.64,0.00,0.00,5.32,0.00,0.00,0.00,70.21
11:21:13,12,13.68,0.00,12.63,0.00,0.00,5.26,0.00,0.00,0.00,68.42
11:21:13,13,14.44,0.00,12.22,0.00,0.00,5.56,0.00,0.00,0.00,67.78
11:21:13,14,13.19,0.00,9.89,0.00,0.00,5.49,0.00,0.00,0.00,71.43
11:21:13,15,13.83,0.00,12.77,0.00,0.00,4.26,0.00,0.00,0.00,69.15
11:21:14,4,14.89,0.00,12.77,0.00,0.00,5.32,0.00,0.00,0.00,67.02
11:21:14,5,13.83,0.00,13.83,0.00,0.00,5.32,0.00,0.00,0.00,67.02
11:21:14,6,13.33,0.00,11.11,0.00,0.00,4.44,0.00,0.00,0.00,71.11
11:21:14,7,10.75,0.00,8.60,0.00,0.00,5.38,0.00,0.00,0.00,75.27
11:21:14,12,13.83,0.00,11.70,0.00,0.00,4.26,0.00,0.00,0.00,70.21
11:21:14,13,16.13,0.00,12.90,0.00,0.00,6.45,0.00,0.00,0.00,64.52
11:21:14,14,14.29,0.00,13.19,0.00,0.00,3.30,0.00,0.00,0.00,69.23
11:21:14,15,11.70,0.00,11.70,0.00,0.00,4.26,0.00,0.00,0.00,72.34
11:21:15,4,13.68,0.00,11.58,0.00,0.00,5.26,0.00,0.00,0.00,69.47
11:21:15,5,14.13,0.00,10.87,0.00,0.00,4.35,0.00,0.00,0.00,70.65
11:21:15,6,15.96,0.00,11.70,0.00,0.00,4.26,0.00,0.00,0.00,68.09
11:21:15,7,13.68,0.00,11.58,0.00,0.00,4.21,0.00,0.00,0.00,70.53
11:21:15,12,11.83,0.00,12.90,0.00,0.00,5.38,0.00,0.00,0.00,69.89
11:21:15,13,14.74,0.00,13.68,0.00,0.00,4.21,0.00,0.00,0.00,67.37
11:21:15,14,15.38,0.00,9.89,0.00,0.00,4.40,0.00,0.00,0.00,70.33
11:21:15,15,12.09,0.00,10.99,0.00,0.00,3.30,0.00,0.00,0.00,73.63
11:21:16,4,16.13,0.00,11.83,0.00,0.00,3.23,0.00,0.00,0.00,68.82
11:21:16,5,15.22,0.00,11.96,0.00,0.00,4.35,0.00,0.00,0.00,68.48
11:21:16,6,13.68,0.00,12.63,0.00,0.00,6.32,0.00,0.00,0.00,67.37
11:21:16,7,13.98,0.00,9.68,0.00,0.00,4.30,0.00,0.00,0.00,72.04
11:21:16,12,17.20,0.00,13.98,0.00,0.00,5.38,0.00,0.00,0.00,63.44
11:21:16,13,18.48,0.00,9.78,0.00,0.00,4.35,0.00,0.00,0.00,67.39
11:21:16,14,14.29,0.00,14.29,0.00,0.00,4.40,0.00,0.00,0.00,67.03
11:21:16,15,13.19,0.00,10.99,0.00,0.00,4.40,0.00,0.00,0.00,71.43
11:21:17,4,11.58,0.00,14.74,0.00,0.00,5.26,0.00,0.00,0.00,68.42
11:21:17,5,14.29,0.00,13.19,0.00,0.00,3.30,0.00,0.00,0.00,69.23
11:21:17,6,13.33,0.00,12.22,0.00,0.00,4.44,0.00,0.00,0.00,70.00
11:21:17,7,12.63,0.00,12.63,0.00,0.00,4.21,0.00,0.00,0.00,70.53
11:21:17,12,13.04,0.00,11.96,0.00,0.00,5.43,0.00,0.00,0.00,69.57
11:21:17,13,13.04,0.00,15.22,0.00,0.00,5.43,0.00,0.00,0.00,66.30
11:21:17,14,13.83,0.00,12.77,0.00,0.00,5.32,0.00,0.00,0.00,68.09
11:21:17,15,11.83,0.00,10.75,0.00,0.00,5.38,0.00,0.00,0.00,72.04
11:21:18,4,14.89,0.00,12.77,0.00,0.00,4.26,0.00,0.00,0.00,68.09
11:21:18,5,14.29,0.00,12.09,3.30,0.00,3.30,0.00,0.00,0.00,67.03
11:21:18,6,12.77,0.00,10.64,0.00,0.00,6.38,0.00,0.00,0.00,70.21
11:21:18,7,12.63,0.00,11.58,0.00,0.00,4.21,0.00,0.00,0.00,71.58
11:21:18,12,12.90,0.00,15.05,0.00,0.00,4.30,0.00,0.00,0.00,67.74
11:21:18,13,13.98,0.00,12.90,1.08,0.00,4.30,0.00,0.00,0.00,67.74
11:21:18,14,15.31,0.00,12.24,0.00,0.00,5.10,0.00,0.00,0.00,67.35
11:21:18,15,13.98,0.00,10.75,0.00,0.00,4.30,0.00,0.00,0.00,70.97
11:21:19,4,15.22,0.00,14.13,0.00,0.00,4.35,0.00,0.00,0.00,66.30
11:21:19,5,13.19,0.00,12.09,0.00,0.00,4.40,0.00,0.00,0.00,70.33
11:21:19,6,14.29,0.00,8.79,0.00,0.00,4.40,0.00,0.00,0.00,72.53
11:21:19,7,12.90,0.00,10.75,0.00,0.00,3.23,0.00,0.00,0.00,73.12
11:21:19,12,14.29,0.00,13.19,0.00,0.00,3.30,0.00,0.00,0.00,69.23
11:21:19,13,14.89,0.00,13.83,0.00,0.00,5.32,0.00,0.00,0.00,65.96
11:21:19,14,16.13,0.00,11.83,0.00,0.00,4.30,0.00,0.00,0.00,67.74
11:21:19,15,11.96,0.00,10.87,0.00,0.00,4.35,0.00,0.00,0.00,72.83
11:21:20,4,12.90,0.00,11.83,0.00,0.00,5.38,0.00,0.00,0.00,69.89
11:21:20,5,13.83,0.00,12.77,0.00,0.00,5.32,0.00,0.00,0.00,68.09
11:21:20,6,14.58,0.00,12.50,0.00,0.00,4.17,0.00,0.00,0.00,68.75
11:21:20,7,13.83,0.00,11.70,0.00,0.00,5.32,0.00,0.00,0.00,69.15
11:21:20,12,14.58,0.00,12.50,0.00,0.00,4.17,0.00,0.00,0.00,68.75
11:21:20,13,15.79,0.00,12.63,0.00,0.00,4.21,0.00,0.00,0.00,67.37
11:21:20,14,13.83,0.00,12.77,0.00,0.00,4.26,0.00,0.00,0.00,69.15
11:21:20,15,13.04,0.00,13.04,0.00,0.00,3.26,0.00,0.00,0.00,70.65
11:21:21,4,15.56,0.00,13.33,0.00,0.00,4.44,0.00,0.00,0.00,66.67
11:21:21,5,16.49,0.00,14.43,0.00,0.00,4.12,0.00,0.00,0.00,64.95
11:21:21,6,13.68,0.00,12.63,0.00,0.00,6.32,0.00,0.00,0.00,67.37
11:21:21,7,13.19,0.00,12.09,0.00,0.00,4.40,0.00,0.00,0.00,70.33
11:21:21,12,14.74,0.00,13.68,0.00,0.00,4.21,0.00,0.00,0.00,67.37
11:21:21,13,17.02,0.00,13.83,0.00,0.00,3.19,0.00,0.00,0.00,65.96
11:21:21,14,14.29,0.00,10.99,0.00,0.00,4.40,0.00,0.00,0.00,70.33
11:21:21,15,11.83,0.00,11.83,0.00,0.00,6.45,0.00,0.00,0.00,69.89
11:21:22,4,15.05,0.00,9.68,0.00,0.00,5.38,0.00,0.00,0.00,69.89
11:21:22,5,15.05,0.00,15.05,0.00,0.00,5.38,0.00,0.00,0.00,64.52
11:21:22,6,13.98,0.00,12.90,0.00,0.00,4.30,0.00,0.00,0.00,68.82
11:21:22,7,12.77,0.00,12.77,0.00,0.00,4.26,0.00,0.00,0.00,70.21
11:21:22,12,12.36,0.00,12.36,0.00,0.00,3.37,0.00,0.00,0.00,71.91
11:21:22,13,14.58,0.00,12.50,0.00,0.00,5.21,0.00,0.00,0.00,67.71
11:21:22,14,13.04,0.00,11.96,0.00,0.00,5.43,0.00,0.00,0.00,69.57
11:21:22,15,13.68,0.00,10.53,0.00,0.00,6.32,0.00,0.00,0.00,69.47
11:21:23,4,14.29,0.00,12.09,1.10,0.00,5.49,0.00,0.00,0.00,67.03
11:21:23,5,14.89,0.00,12.77,0.00,0.00,4.26,0.00,0.00,0.00,68.09
11:21:23,6,14.13,0.00,13.04,0.00,0.00,4.35,0.00,0.00,0.00,68.48
11:21:23,7,14.13,0.00,9.78,0.00,0.00,4.35,0.00,0.00,0.00,71.74
11:21:23,12,14.13,0.00,11.96,0.00,0.00,4.35,0.00,0.00,0.00,69.57
11:21:23,13,14.74,0.00,12.63,0.00,0.00,6.32,0.00,0.00,0.00,66.32
11:21:23,14,14.74,0.00,10.53,0.00,0.00,6.32,0.00,0.00,0.00,68.42
11:21:23,15,14.43,0.00,11.34,0.00,0.00,4.12,0.00,0.00,0.00,70.10
11:21:24,4,14.58,0.00,11.46,0.00,0.00,5.21,0.00,0.00,0.00,68.75
11:21:24,5,16.13,0.00,11.83,0.00,0.00,6.45,0.00,0.00,0.00,65.59
11:21:24,6,15.05,0.00,11.83,0.00,0.00,3.23,0.00,0.00,0.00,69.89
11:21:24,7,12.37,0.00,11.34,0.00,0.00,4.12,0.00,0.00,0.00,72.16
11:21:24,12,13.04,0.00,14.13,0.00,0.00,4.35,0.00,0.00,0.00,68.48
11:21:24,13,16.48,0.00,12.09,0.00,0.00,4.40,0.00,0.00,0.00,67.03
11:21:24,14,13.04,0.00,14.13,0.00,0.00,5.43,0.00,0.00,0.00,67.39
11:21:24,15,11.83,0.00,11.83,0.00,0.00,3.23,0.00,0.00,0.00,73.12
11:21:25,4,12.09,0.00,12.09,0.00,0.00,4.40,0.00,0.00,0.00,71.43
11:21:25,5,15.38,0.00,13.19,0.00,0.00,4.40,0.00,0.00,0.00,67.03
11:21:25,6,15.22,0.00,9.78,0.00,0.00,4.35,0.00,0.00,0.00,70.65
11:21:25,7,12.90,0.00,10.75,0.00,0.00,5.38,0.00,0.00,0.00,70.97
11:21:25,12,13.98,0.00,10.75,0.00,0.00,5.38,0.00,0.00,0.00,69.89
11:21:25,13,13.48,0.00,10.11,0.00,0.00,3.37,0.00,0.00,0.00,73.03
11:21:25,14,11.96,0.00,10.87,0.00,0.00,5.43,0.00,0.00,0.00,71.74
11:21:25,15,11.70,0.00,11.70,0.00,0.00,5.32,0.00,0.00,0.00,71.28
11:21:26,4,15.22,0.00,14.13,0.00,0.00,4.35,0.00,0.00,0.00,66.30
11:21:26,5,16.13,0.00,13.98,0.00,0.00,4.30,0.00,0.00,0.00,65.59
11:21:26,6,13.98,0.00,12.90,0.00,0.00,4.30,0.00,0.00,0.00,68.82
11:21:26,7,12.77,0.00,11.70,0.00,0.00,6.38,0.00,0.00,0.00,69.15
11:21:26,12,13.19,0.00,12.09,0.00,0.00,4.40,0.00,0.00,0.00,70.33
11:21:26,13,14.89,0.00,12.77,0.00,0.00,5.32,0.00,0.00,0.00,67.02
11:21:26,14,14.13,0.00,10.87,0.00,0.00,4.35,0.00,0.00,0.00,70.65
11:21:26,15,11.96,0.00,10.87,0.00,0.00,4.35,0.00,0.00,0.00,72.83
11:21:27,4,15.56,0.00,15.56,0.00,0.00,3.33,0.00,0.00,0.00,65.56
11:21:27,5,12.90,0.00,13.98,0.00,0.00,5.38,0.00,0.00,0.00,67.74
11:21:27,6,15.05,0.00,11.83,0.00,0.00,5.38,0.00,0.00,0.00,67.74
11:21:27,7,11.96,0.00,11.96,0.00,0.00,4.35,0.00,0.00,0.00,71.74
11:21:27,12,14.74,0.00,12.63,0.00,0.00,4.21,0.00,0.00,0.00,68.42
11:21:27,13,16.30,0.00,10.87,0.00,0.00,4.35,0.00,0.00,0.00,68.48
11:21:27,14,15.22,0.00,11.96,0.00,0.00,4.35,0.00,0.00,0.00,68.48
11:21:27,15,14.13,0.00,10.87,0.00,0.00,4.35,0.00,0.00,0.00,70.65
11:21:28,4,13.83,0.00,13.83,0.00,0.00,4.26,0.00,0.00,0.00,68.09
11:21:28,5,13.19,0.00,10.99,0.00,0.00,5.49,0.00,0.00,0.00,70.33
11:21:28,6,14.58,0.00,13.54,0.00,0.00,4.17,0.00,0.00,0.00,67.71
11:21:28,7,10.75,0.00,10.75,1.08,0.00,4.30,0.00,0.00,0.00,73.12
11:21:28,12,13.83,0.00,15.96,0.00,0.00,6.38,0.00,0.00,0.00,63.83
11:21:28,13,15.38,0.00,13.19,1.10,0.00,4.40,0.00,0.00,0.00,65.93
11:21:28,14,16.67,0.00,12.50,0.00,0.00,5.21,0.00,0.00,0.00,65.62
11:21:28,15,14.74,0.00,11.58,0.00,0.00,4.21,0.00,0.00,0.00,69.47
11:21:29,4,15.05,0.00,10.75,0.00,0.00,4.30,0.00,0.00,0.00,69.89
11:21:29,5,15.05,0.00,11.83,0.00,0.00,3.23,0.00,0.00,0.00,69.89
11:21:29,6,12.90,0.00,12.90,0.00,0.00,5.38,0.00,0.00,0.00,68.82
11:21:29,7,12.90,0.00,11.83,0.00,0.00,4.30,0.00,0.00,0.00,70.97
11:21:29,12,13.19,0.00,13.19,0.00,0.00,2.20,0.00,0.00,0.00,71.43
11:21:29,13,13.83,0.00,12.77,0.00,0.00,4.26,0.00,0.00,0.00,69.15
11:21:29,14,13.19,0.00,10.99,0.00,0.00,4.40,0.00,0.00,0.00,71.43
11:21:29,15,15.38,0.00,9.89,0.00,0.00,3.30,0.00,0.00,0.00,71.43
11:21:30,4,14.13,0.00,11.96,0.00,0.00,4.35,0.00,0.00,0.00,69.57
11:21:30,5,13.98,0.00,12.90,0.00,0.00,5.38,0.00,0.00,0.00,67.74
11:21:30,6,14.13,0.00,10.87,0.00,0.00,4.35,0.00,0.00,0.00,70.65
11:21:30,7,10.75,0.00,11.83,0.00,0.00,4.30,0.00,0.00,0.00,73.12
11:21:30,12,13.68,0.00,11.58,0.00,0.00,4.21,0.00,0.00,0.00,70.53
11:21:30,13,16.30,0.00,14.13,0.00,0.00,4.35,0.00,0.00,0.00,65.22
11:21:30,14,12.90,0.00,12.90,0.00,0.00,5.38,0.00,0.00,0.00,68.82
11:21:30,15,12.63,0.00,13.68,0.00,0.00,4.21,0.00,0.00,0.00,69.47
11:21:31,4,15.05,0.00,11.83,0.00,0.00,4.30,0.00,0.00,0.00,68.82
11:21:31,5,12.90,0.00,13.98,0.00,0.00,6.45,0.00,0.00,0.00,66.67
11:21:31,6,15.05,0.00,11.83,0.00,0.00,5.38,0.00,0.00,0.00,67.74
11:21:31,7,12.50,0.00,13.54,0.00,0.00,5.21,0.00,0.00,0.00,68.75
11:21:31,12,14.89,0.00,13.83,0.00,0.00,4.26,0.00,0.00,0.00,67.02
11:21:31,13,13.98,0.00,12.90,0.00,0.00,4.30,0.00,0.00,0.00,68.82
11:21:31,14,15.79,0.00,11.58,0.00,0.00,4.21,0.00,0.00,0.00,68.42
11:21:31,15,11.70,0.00,10.64,0.00,0.00,4.26,0.00,0.00,0.00,73.40
11:21:32,4,17.02,0.00,13.83,0.00,0.00,5.32,0.00,0.00,0.00,63.83
11:21:32,5,19.15,0.00,11.70,0.00,0.00,5.32,0.00,0.00,0.00,63.83
11:21:32,6,17.02,0.00,12.77,0.00,0.00,4.26,0.00,0.00,0.00,65.96
11:21:32,7,12.90,0.00,11.83,0.00,0.00,5.38,0.00,0.00,0.00,69.89
11:21:32,12,14.89,0.00,11.70,0.00,0.00,5.32,0.00,0.00,0.00,68.09
11:21:32,13,15.38,0.00,12.09,0.00,0.00,3.30,0.00,0.00,0.00,69.23
11:21:32,14,15.22,0.00,10.87,0.00,0.00,4.35,0.00,0.00,0.00,69.57
11:21:32,15,13.98,0.00,10.75,0.00,0.00,4.30,0.00,0.00,0.00,70.97
11:21:33,4,14.89,0.00,11.70,0.00,0.00,5.32,0.00,0.00,0.00,68.09
11:21:33,5,15.05,0.00,12.90,0.00,0.00,4.30,0.00,0.00,0.00,67.74
11:21:33,6,14.89,0.00,9.57,1.06,0.00,5.32,0.00,0.00,0.00,69.15
11:21:33,7,13.83,0.00,11.70,0.00,0.00,4.26,0.00,0.00,0.00,70.21
11:21:33,12,14.89,0.00,14.89,0.00,0.00,4.26,0.00,0.00,0.00,65.96
11:21:33,13,14.89,0.00,11.70,0.00,0.00,5.32,0.00,0.00,0.00,68.09
11:21:33,14,12.22,0.00,12.22,0.00,0.00,4.44,0.00,0.00,0.00,71.11
11:21:33,15,12.09,0.00,12.09,0.00,0.00,4.40,0.00,0.00,0.00,71.43
11:21:34,4,14.13,0.00,11.96,0.00,0.00,4.35,0.00,0.00,0.00,69.57
11:21:34,5,13.19,0.00,13.19,0.00,0.00,4.40,0.00,0.00,0.00,69.23
11:21:34,6,12.22,0.00,14.44,0.00,0.00,4.44,0.00,0.00,0.00,68.89
11:21:34,7,12.77,0.00,11.70,0.00,0.00,6.38,0.00,0.00,0.00,69.15
11:21:34,12,13.19,0.00,12.09,0.00,0.00,5.49,0.00,0.00,0.00,69.23
11:21:34,13,15.05,0.00,15.05,0.00,0.00,4.30,0.00,0.00,0.00,65.59
11:21:34,14,14.29,0.00,13.19,0.00,0.00,3.30,0.00,0.00,0.00,69.23
11:21:34,15,13.68,0.00,13.68,0.00,0.00,5.26,0.00,0.00,0.00,67.37
11:21:35,4,14.74,0.00,12.63,0.00,0.00,5.26,0.00,0.00,0.00,67.37
11:21:35,5,13.83,0.00,12.77,0.00,0.00,4.26,0.00,0.00,0.00,69.15
11:21:35,6,14.29,0.00,10.99,0.00,0.00,3.30,0.00,0.00,0.00,71.43
11:21:35,7,12.90,0.00,10.75,0.00,0.00,5.38,0.00,0.00,0.00,70.97
11:21:35,12,15.79,0.00,12.63,0.00,0.00,3.16,0.00,0.00,0.00,68.42
11:21:35,13,15.96,0.00,11.70,0.00,0.00,4.26,0.00,0.00,0.00,68.09
11:21:35,14,14.29,0.00,9.89,0.00,0.00,3.30,0.00,0.00,0.00,72.53
11:21:35,15,15.22,0.00,9.78,0.00,0.00,4.35,0.00,0.00,0.00,70.65
11:21:36,4,13.98,0.00,11.83,0.00,0.00,4.30,0.00,0.00,0.00,69.89
11:21:36,5,13.54,0.00,13.54,0.00,0.00,6.25,0.00,0.00,0.00,66.67
11:21:36,6,14.89,0.00,10.64,0.00,0.00,4.26,0.00,0.00,0.00,70.21
11:21:36,7,12.77,0.00,11.70,0.00,0.00,3.19,0.00,0.00,0.00,72.34
11:21:36,12,14.89,0.00,14.89,0.00,0.00,4.26,0.00,0.00,0.00,65.96
11:21:36,13,14.74,0.00,12.63,0.00,0.00,5.26,0.00,0.00,0.00,67.37
11:21:36,14,11.70,0.00,14.89,0.00,0.00,4.26,0.00,0.00,0.00,69.15
11:21:36,15,13.68,0.00,12.63,0.00,0.00,6.32,0.00,0.00,0.00,67.37
11:21:37,4,15.96,0.00,17.02,0.00,0.00,3.19,0.00,0.00,0.00,63.83
11:21:37,5,15.38,0.00,16.48,0.00,0.00,4.40,0.00,0.00,0.00,63.74
11:21:37,6,13.98,0.00,12.90,0.00,0.00,4.30,0.00,0.00,0.00,68.82
11:21:37,7,13.68,0.00,13.68,0.00,0.00,4.21,0.00,0.00,0.00,68.42
11:21:37,12,14.13,0.00,11.96,0.00,0.00,6.52,0.00,0.00,0.00,67.39
11:21:37,13,15.38,0.00,10.99,0.00,0.00,4.40,0.00,0.00,0.00,69.23
11:21:37,14,14.44,0.00,12.22,0.00,0.00,4.44,0.00,0.00,0.00,68.89
11:21:37,15,11.83,0.00,11.83,0.00,0.00,4.30,0.00,0.00,0.00,72.04
11:21:38,4,14.74,0.00,12.63,1.05,0.00,5.26,0.00,0.00,0.00,66.32
11:21:38,5,15.79,0.00,12.63,0.00,0.00,4.21,0.00,0.00,0.00,67.37
11:21:38,6,12.90,0.00,12.90,0.00,0.00,4.30,0.00,0.00,0.00,69.89
11:21:38,7,11.49,0.00,11.49,0.00,0.00,4.60,0.00,0.00,0.00,72.41
11:21:38,12,13.98,0.00,12.90,0.00,0.00,4.30,0.00,0.00,0.00,68.82
11:21:38,13,14.89,0.00,11.70,0.00,0.00,4.26,0.00,0.00,0.00,69.15
11:21:38,14,14.74,0.00,11.58,0.00,0.00,5.26,0.00,0.00,0.00,68.42
11:21:38,15,14.13,0.00,10.87,0.00,0.00,4.35,0.00,0.00,0.00,70.65
11:21:39,4,14.29,0.00,12.09,0.00,0.00,5.49,0.00,0.00,0.00,68.13
11:21:39,5,13.04,0.00,15.22,0.00,0.00,4.35,0.00,0.00,0.00,67.39
11:21:39,6,14.29,0.00,10.99,0.00,0.00,3.30,0.00,0.00,0.00,71.43
11:21:39,7,13.68,0.00,11.58,0.00,0.00,5.26,0.00,0.00,0.00,69.47
11:21:39,12,13.04,0.00,14.13,0.00,0.00,3.26,0.00,0.00,0.00,69.57
11:21:39,13,13.98,0.00,12.90,0.00,0.00,4.30,0.00,0.00,0.00,68.82
11:21:39,14,15.96,0.00,9.57,0.00,0.00,4.26,0.00,0.00,0.00,70.21
11:21:39,15,13.98,0.00,10.75,0.00,0.00,5.38,0.00,0.00,0.00,69.89
11:21:40,4,16.13,0.00,12.90,0.00,0.00,4.30,0.00,0.00,0.00,66.67
11:21:40,5,13.98,0.00,12.90,0.00,0.00,4.30,0.00,0.00,0.00,68.82
11:21:40,6,14.74,0.00,11.58,0.00,0.00,5.26,0.00,0.00,0.00,68.42
11:21:40,7,11.24,0.00,10.11,0.00,0.00,2.25,0.00,0.00,0.00,76.40
11:21:40,12,15.22,0.00,13.04,0.00,0.00,5.43,0.00,0.00,0.00,66.30
11:21:40,13,15.22,0.00,10.87,0.00,0.00,5.43,0.00,0.00,0.00,68.48
11:21:40,14,13.98,0.00,11.83,0.00,0.00,5.38,0.00,0.00,0.00,68.82
11:21:40,15,13.54,0.00,11.46,0.00,0.00,4.17,0.00,0.00,0.00,70.83
11:21:41,4,13.98,0.00,12.90,0.00,0.00,4.30,0.00,0.00,0.00,68.82
11:21:41,5,13.98,0.00,11.83,0.00,0.00,4.30,0.00,0.00,0.00,69.89
11:21:41,6,13.33,0.00,10.00,0.00,0.00,5.56,0.00,0.00,0.00,71.11
11:21:41,7,12.63,0.00,13.68,0.00,0.00,5.26,0.00,0.00,0.00,68.42
11:21:41,12,14.89,0.00,12.77,0.00,0.00,4.26,0.00,0.00,0.00,68.09
11:21:41,13,14.89,0.00,12.77,0.00,0.00,4.26,0.00,0.00,0.00,68.09
11:21:41,14,13.68,0.00,12.63,0.00,0.00,5.26,0.00,0.00,0.00,68.42
11:21:41,15,13.48,0.00,8.99,0.00,0.00,4.49,0.00,0.00,0.00,73.03
11:21:42,4,17.71,0.00,14.58,0.00,0.00,4.17,0.00,0.00,0.00,63.54
11:21:42,5,14.13,0.00,14.13,0.00,0.00,3.26,0.00,0.00,0.00,68.48
11:21:42,6,14.89,0.00,11.70,0.00,0.00,4.26,0.00,0.00,0.00,69.15
11:21:42,7,13.04,0.00,10.87,0.00,0.00,4.35,0.00,0.00,0.00,71.74
11:21:42,12,18.09,0.00,12.77,0.00,0.00,4.26,0.00,0.00,0.00,64.89
11:21:42,13,15.38,0.00,14.29,0.00,0.00,4.40,0.00,0.00,0.00,65.93
11:21:42,14,15.05,0.00,12.90,0.00,0.00,4.30,0.00,0.00,0.00,67.74
11:21:42,15,12.09,0.00,12.09,0.00,0.00,4.40,0.00,0.00,0.00,71.43
11:21:43,4,14.29,0.00,10.99,0.00,0.00,4.40,0.00,0.00,0.00,70.33
11:21:43,5,14.89,0.00,12.77,0.00,0.00,4.26,0.00,0.00,0.00,68.09
11:21:43,6,14.13,0.00,11.96,0.00,0.00,4.35,0.00,0.00,0.00,69.57
11:21:43,7,13.68,0.00,11.58,0.00,0.00,5.26,0.00,0.00,0.00,69.47
11:21:43,12,14.44,0.00,12.22,0.00,0.00,3.33,0.00,0.00,0.00,70.00
11:21:43,13,14.29,0.00,10.99,0.00,0.00,5.49,0.00,0.00,0.00,69.23
11:21:43,14,15.05,0.00,11.83,0.00,0.00,5.38,0.00,0.00,0.00,67.74
11:21:43,15,12.90,0.00,12.90,1.08,0.00,4.30,0.00,0.00,0.00,68.82
11:21:44,4,15.38,0.00,9.89,0.00,0.00,4.40,0.00,0.00,0.00,70.33
11:21:44,5,12.36,0.00,16.85,0.00,0.00,4.49,0.00,0.00,0.00,66.29
11:21:44,6,11.11,0.00,13.33,0.00,0.00,4.44,0.00,0.00,0.00,71.11
11:21:44,7,13.19,0.00,9.89,0.00,0.00,5.49,0.00,0.00,0.00,71.43
11:21:44,12,12.90,0.00,12.90,0.00,0.00,4.30,0.00,0.00,0.00,69.89
11:21:44,13,14.89,0.00,12.77,0.00,0.00,4.26,0.00,0.00,0.00,68.09
11:21:44,14,14.29,0.00,12.09,0.00,0.00,4.40,0.00,0.00,0.00,69.23
11:21:44,15,12.77,0.00,12.77,0.00,0.00,5.32,0.00,0.00,0.00,69.15
11:21:45,4,13.54,0.00,11.46,0.00,0.00,6.25,0.00,0.00,0.00,68.75
11:21:45,5,15.56,0.00,11.11,0.00,0.00,4.44,0.00,0.00,0.00,68.89
11:21:45,6,12.90,0.00,12.90,0.00,0.00,5.38,0.00,0.00,0.00,68.82
11:21:45,7,13.04,0.00,11.96,0.00,0.00,4.35,0.00,0.00,0.00,70.65
11:21:45,12,11.58,0.00,13.68,0.00,0.00,7.37,0.00,0.00,0.00,67.37
11:21:45,13,13.98,0.00,11.83,0.00,0.00,4.30,0.00,0.00,0.00,69.89
11:21:45,14,15.05,0.00,10.75,0.00,0.00,4.30,0.00,0.00,0.00,69.89
11:21:45,15,10.87,0.00,11.96,0.00,0.00,5.43,0.00,0.00,0.00,71.74
11:21:46,4,15.79,0.00,11.58,0.00,0.00,5.26,0.00,0.00,0.00,67.37
11:21:46,5,14.13,0.00,11.96,0.00,0.00,4.35,0.00,0.00,0.00,69.57
11:21:46,6,14.74,0.00,11.58,0.00,0.00,5.26,0.00,0.00,0.00,68.42
11:21:46,7,11.83,0.00,12.90,0.00,0.00,5.38,0.00,0.00,0.00,69.89
11:21:46,12,13.04,0.00,14.13,0.00,0.00,3.26,0.00,0.00,0.00,69.57
11:21:46,13,15.96,0.00,11.70,0.00,0.00,4.26,0.00,0.00,0.00,68.09
11:21:46,14,11.96,0.00,13.04,0.00,0.00,5.43,0.00,0.00,0.00,69.57
11:21:46,15,11.83,0.00,11.83,0.00,0.00,6.45,0.00,0.00,0.00,69.89
11:21:47,4,14.29,0.00,12.09,0.00,0.00,3.30,0.00,0.00,0.00,70.33
11:21:47,5,22.11,0.00,11.58,0.00,0.00,5.26,0.00,0.00,0.00,61.05
11:21:47,6,13.98,0.00,12.90,0.00,0.00,5.38,0.00,0.00,0.00,67.74
11:21:47,7,14.29,0.00,12.09,0.00,0.00,3.30,0.00,0.00,0.00,70.33
11:21:47,12,13.98,0.00,15.05,0.00,0.00,3.23,0.00,0.00,0.00,67.74
11:21:47,13,16.13,0.00,10.75,0.00,0.00,4.30,0.00,0.00,0.00,68.82
11:21:47,14,11.83,0.00,15.05,0.00,0.00,4.30,0.00,0.00,0.00,68.82
11:21:47,15,13.54,0.00,12.50,0.00,0.00,5.21,0.00,0.00,0.00,68.75
11:21:48,4,13.19,0.00,13.19,0.00,0.00,3.30,0.00,0.00,0.00,70.33
11:21:48,5,12.90,0.00,12.90,0.00,0.00,5.38,0.00,0.00,0.00,68.82
11:21:48,6,13.98,0.00,11.83,0.00,0.00,4.30,0.00,0.00,0.00,69.89
11:21:48,7,11.96,0.00,11.96,0.00,0.00,4.35,0.00,0.00,0.00,71.74
11:21:48,12,14.58,0.00,12.50,0.00,0.00,5.21,0.00,0.00,0.00,67.71
11:21:48,13,15.96,0.00,10.64,0.00,0.00,5.32,0.00,0.00,0.00,68.09
11:21:48,14,15.96,0.00,12.77,0.00,0.00,4.26,0.00,0.00,0.00,67.02
11:21:48,15,13.98,0.00,11.83,0.00,0.00,4.30,0.00,0.00,0.00,69.89
11:21:49,4,15.96,0.00,10.64,0.00,0.00,5.32,0.00,0.00,0.00,68.09
11:21:49,5,14.44,0.00,11.11,0.00,0.00,4.44,0.00,0.00,0.00,70.00
11:21:49,6,12.09,0.00,13.19,0.00,0.00,4.40,0.00,0.00,0.00,70.33
11:21:49,7,13.98,0.00,10.75,0.00,0.00,4.30,0.00,0.00,0.00,70.97
11:21:49,12,14.13,0.00,9.78,0.00,0.00,5.43,0.00,0.00,0.00,70.65
11:21:49,13,15.05,0.00,12.90,0.00,0.00,5.38,0.00,0.00,0.00,66.67
11:21:49,14,13.98,0.00,12.90,0.00,0.00,5.38,0.00,0.00,0.00,67.74
11:21:49,15,14.13,0.00,10.87,0.00,0.00,4.35,0.00,0.00,0.00,70.65
11:21:50,4,15.05,0.00,11.83,0.00,0.00,5.38,0.00,0.00,0.00,67.74
11:21:50,5,13.04,0.00,13.04,0.00,0.00,4.35,0.00,0.00,0.00,69.57
11:21:50,6,15.62,0.00,12.50,0.00,0.00,4.17,0.00,0.00,0.00,67.71
11:21:50,7,15.79,0.00,11.58,0.00,0.00,5.26,0.00,0.00,0.00,67.37
11:21:50,12,13.98,0.00,12.90,0.00,0.00,4.30,0.00,0.00,0.00,68.82
11:21:50,13,12.50,0.00,15.91,0.00,0.00,4.55,0.00,0.00,0.00,67.05
11:21:50,14,14.74,0.00,12.63,0.00,0.00,5.26,0.00,0.00,0.00,67.37
11:21:50,15,14.89,0.00,11.70,0.00,0.00,5.32,0.00,0.00,0.00,68.09
11:21:51,4,13.98,0.00,11.83,0.00,0.00,3.23,0.00,0.00,0.00,70.97
11:21:51,5,16.13,0.00,9.68,0.00,0.00,5.38,0.00,0.00,0.00,68.82
11:21:51,6,14.13,0.00,11.96,0.00,0.00,4.35,0.00,0.00,0.00,69.57
11:21:51,7,11.83,0.00,11.83,0.00,0.00,4.30,0.00,0.00,0.00,72.04
11:21:51,12,12.22,0.00,10.00,0.00,0.00,4.44,0.00,0.00,0.00,73.33
11:21:51,13,15.96,0.00,11.70,0.00,0.00,5.32,0.00,0.00,0.00,67.02
11:21:51,14,16.13,0.00,9.68,0.00,0.00,5.38,0.00,0.00,0.00,68.82
11:21:51,15,13.04,0.00,10.87,0.00,0.00,4.35,0.00,0.00,0.00,71.74
11:21:52,4,17.20,0.00,11.83,0.00,0.00,5.38,0.00,0.00,0.00,65.59
11:21:52,5,15.79,0.00,12.63,0.00,0.00,4.21,0.00,0.00,0.00,67.37
11:21:52,6,12.77,0.00,13.83,0.00,0.00,6.38,0.00,0.00,0.00,67.02
11:21:52,7,13.83,0.00,11.70,0.00,0.00,4.26,0.00,0.00,0.00,70.21
11:21:52,12,12.36,0.00,14.61,0.00,0.00,4.49,0.00,0.00,0.00,68.54
11:21:52,13,14.29,0.00,13.19,0.00,0.00,5.49,0.00,0.00,0.00,67.03
11:21:52,14,16.30,0.00,11.96,0.00,0.00,4.35,0.00,0.00,0.00,67.39
11:21:52,15,13.83,0.00,11.70,0.00,0.00,5.32,0.00,0.00,0.00,69.15
11:21:53,4,13.83,0.00,12.77,0.00,0.00,4.26,0.00,0.00,0.00,69.15
11:21:53,5,13.04,0.00,13.04,0.00,0.00,4.35,0.00,0.00,0.00,69.57
11:21:53,6,13.98,0.00,12.90,0.00,0.00,4.30,0.00,0.00,0.00,68.82
11:21:53,7,12.09,0.00,10.99,0.00,0.00,4.40,0.00,0.00,0.00,72.53
11:21:53,12,13.54,0.00,13.54,0.00,0.00,6.25,0.00,0.00,0.00,66.67
11:21:53,13,16.30,0.00,13.04,1.09,0.00,4.35,0.00,0.00,0.00,65.22
11:21:53,14,14.13,0.00,11.96,0.00,0.00,5.43,0.00,0.00,0.00,68.48
11:21:53,15,15.05,0.00,11.83,0.00,0.00,3.23,0.00,0.00,0.00,69.89
11:21:54,4,13.19,0.00,12.09,0.00,0.00,4.40,0.00,0.00,0.00,70.33
11:21:54,5,15.56,0.00,12.22,0.00,0.00,4.44,0.00,0.00,0.00,67.78
11:21:54,6,15.22,0.00,11.96,0.00,0.00,3.26,0.00,0.00,0.00,69.57
11:21:54,7,11.70,0.00,11.70,0.00,0.00,4.26,0.00,0.00,0.00,72.34
11:21:54,12,12.90,0.00,12.90,0.00,0.00,4.30,0.00,0.00,0.00,69.89
11:21:54,13,14.44,0.00,11.11,0.00,0.00,4.44,0.00,0.00,0.00,70.00
11:21:54,14,14.13,0.00,15.22,0.00,0.00,4.35,0.00,0.00,0.00,66.30
11:21:54,15,13.83,0.00,10.64,0.00,0.00,6.38,0.00,0.00,0.00,69.15
11:21:55,4,12.90,0.00,12.90,0.00,0.00,6.45,0.00,0.00,0.00,67.74
11:21:55,5,13.33,0.00,12.22,0.00,0.00,4.44,0.00,0.00,0.00,70.00
11:21:55,6,14.13,0.00,10.87,0.00,0.00,4.35,0.00,0.00,0.00,70.65
11:21:55,7,10.99,0.00,12.09,0.00,0.00,4.40,0.00,0.00,0.00,72.53
11:21:55,12,12.77,0.00,12.77,0.00,0.00,5.32,0.00,0.00,0.00,69.15
11:21:55,13,12.09,0.00,10.99,0.00,0.00,5.49,0.00,0.00,0.00,71.43
11:21:55,14,14.74,0.00,11.58,0.00,0.00,5.26,0.00,0.00,0.00,68.42
11:21:55,15,11.46,0.00,12.50,0.00,0.00,6.25,0.00,0.00,0.00,69.79
11:21:56,4,13.83,0.00,12.77,0.00,0.00,5.32,0.00,0.00,0.00,68.09
11:21:56,5,13.04,0.00,11.96,0.00,0.00,4.35,0.00,0.00,0.00,70.65
11:21:56,6,14.43,0.00,13.40,0.00,0.00,6.19,0.00,0.00,0.00,65.98
11:21:56,7,13.83,0.00,10.64,0.00,0.00,5.32,0.00,0.00,0.00,70.21
11:21:56,12,14.89,0.00,12.77,0.00,0.00,4.26,0.00,0.00,0.00,68.09
11:21:56,13,16.84,0.00,11.58,0.00,0.00,4.21,0.00,0.00,0.00,67.37
11:21:56,14,13.19,0.00,15.38,0.00,0.00,4.40,0.00,0.00,0.00,67.03
11:21:56,15,15.22,0.00,9.78,0.00,0.00,4.35,0.00,0.00,0.00,70.65
11:21:57,4,13.19,0.00,12.09,0.00,0.00,4.40,0.00,0.00,0.00,70.33
11:21:57,5,16.48,0.00,13.19,0.00,0.00,4.40,0.00,0.00,0.00,65.93
11:21:57,6,14.89,0.00,12.77,0.00,0.00,4.26,0.00,0.00,0.00,68.09
11:21:57,7,13.98,0.00,9.68,0.00,0.00,4.30,0.00,0.00,0.00,72.04
11:21:57,12,17.20,0.00,13.98,0.00,0.00,5.38,0.00,0.00,0.00,63.44
11:21:57,13,17.39,0.00,11.96,0.00,0.00,4.35,0.00,0.00,0.00,66.30
11:21:57,14,15.96,0.00,13.83,0.00,0.00,4.26,0.00,0.00,0.00,65.96
11:21:57,15,15.62,0.00,11.46,0.00,0.00,5.21,0.00,0.00,0.00,67.71
11:21:58,4,16.30,0.00,14.13,0.00,0.00,4.35,0.00,0.00,0.00,65.22
11:21:58,5,14.74,0.00,14.74,0.00,0.00,4.21,0.00,0.00,0.00,66.32
11:21:58,6,13.04,0.00,13.04,0.00,0.00,4.35,0.00,0.00,0.00,69.57
11:21:58,7,12.09,0.00,10.99,0.00,0.00,4.40,0.00,0.00,0.00,72.53
11:21:58,12,15.79,0.00,13.68,1.05,0.00,5.26,0.00,0.00,0.00,64.21
11:21:58,13,15.05,0.00,12.90,0.00,0.00,4.30,0.00,0.00,0.00,67.74
11:21:58,14,15.05,0.00,10.75,0.00,0.00,5.38,0.00,0.00,0.00,68.82
11:21:58,15,12.63,0.00,12.63,0.00,0.00,4.21,0.00,0.00,0.00,70.53
11:21:59,4,15.96,0.00,11.70,0.00,0.00,4.26,0.00,0.00,0.00,68.09
11:21:59,5,14.29,0.00,13.19,0.00,0.00,6.59,0.00,0.00,0.00,65.93
11:21:59,6,13.83,0.00,11.70,0.00,0.00,6.38,0.00,0.00,0.00,68.09
11:21:59,7,12.63,0.00,11.58,0.00,0.00,4.21,0.00,0.00,0.00,71.58
11:21:59,12,13.48,0.00,12.36,0.00,0.00,4.49,0.00,0.00,0.00,69.66
11:21:59,13,16.48,0.00,14.29,0.00,0.00,4.40,0.00,0.00,0.00,64.84
11:21:59,14,13.19,0.00,12.09,0.00,0.00,6.59,0.00,0.00,0.00,68.13
11:21:59,15,13.68,0.00,11.58,0.00,0.00,5.26,0.00,0.00,0.00,69.47
11:22:00,4,13.83,0.00,14.89,0.00,0.00,5.32,0.00,0.00,0.00,65.96
11:22:00,5,16.48,0.00,12.09,0.00,0.00,5.49,0.00,0.00,0.00,65.93
11:22:00,6,14.89,0.00,13.83,0.00,0.00,5.32,0.00,0.00,0.00,65.96
11:22:00,7,13.83,0.00,10.64,0.00,0.00,5.32,0.00,0.00,0.00,70.21
11:22:00,12,15.05,0.00,10.75,0.00,0.00,5.38,0.00,0.00,0.00,68.82
11:22:00,13,15.22,0.00,10.87,0.00,0.00,5.43,0.00,0.00,0.00,68.48
11:22:00,14,15.79,0.00,11.58,0.00,0.00,4.21,0.00,0.00,0.00,68.42
11:22:00,15,12.90,0.00,10.75,0.00,0.00,4.30,0.00,0.00,0.00,72.04
11:22:01,4,13.98,0.00,13.98,0.00,0.00,5.38,0.00,0.00,0.00,66.67
11:22:01,5,15.96,0.00,14.89,0.00,0.00,3.19,0.00,0.00,0.00,65.96
11:22:01,6,11.58,0.00,15.79,0.00,0.00,5.26,0.00,0.00,0.00,67.37
11:22:01,7,13.83,0.00,10.64,0.00,0.00,5.32,0.00,0.00,0.00,70.21
11:22:01,12,12.77,0.00,12.77,0.00,0.00,6.38,0.00,0.00,0.00,68.09
11:22:01,13,12.77,0.00,13.83,0.00,0.00,5.32,0.00,0.00,0.00,68.09
11:22:01,14,12.77,0.00,13.83,0.00,0.00,4.26,0.00,0.00,0.00,69.15
11:22:01,15,12.09,0.00,10.99,0.00,0.00,3.30,0.00,0.00,0.00,73.63
11:22:02,4,15.79,0.00,13.68,0.00,0.00,5.26,0.00,0.00,0.00,65.26
11:22:02,5,15.22,0.00,14.13,0.00,0.00,4.35,0.00,0.00,0.00,66.30
11:22:02,6,15.56,0.00,13.33,0.00,0.00,4.44,0.00,0.00,0.00,66.67
11:22:02,7,12.09,0.00,13.19,0.00,0.00,4.40,0.00,0.00,0.00,70.33
11:22:02,12,14.89,0.00,13.83,0.00,0.00,4.26,0.00,0.00,0.00,67.02
11:22:02,13,17.39,0.00,11.96,0.00,0.00,5.43,0.00,0.00,0.00,65.22
11:22:02,14,15.96,0.00,13.83,0.00,0.00,4.26,0.00,0.00,0.00,65.96
11:22:02,15,14.43,0.00,14.43,0.00,0.00,4.12,0.00,0.00,0.00,67.01
11:22:03,4,15.56,0.00,11.11,0.00,0.00,3.33,0.00,0.00,0.00,70.00
11:22:03,5,16.13,0.00,15.05,0.00,0.00,4.30,0.00,0.00,0.00,64.52
11:22:03,6,14.89,0.00,11.70,0.00,0.00,5.32,0.00,0.00,0.00,68.09
11:22:03,7,14.58,0.00,11.46,0.00,0.00,5.21,0.00,0.00,0.00,68.75
11:22:03,12,14.89,0.00,13.83,0.00,0.00,4.26,0.00,0.00,0.00,67.02
11:22:03,13,12.09,0.00,13.19,0.00,0.00,4.40,0.00,0.00,0.00,70.33
11:22:03,14,13.83,0.00,10.64,0.00,0.00,6.38,0.00,0.00,0.00,69.15
11:22:03,15,12.90,0.00,10.75,0.00,0.00,5.38,0.00,0.00,0.00,70.97
11:22:04,4,12.90,0.00,13.98,0.00,0.00,4.30,0.00,0.00,0.00,68.82
11:22:04,5,14.13,0.00,13.04,0.00,0.00,5.43,0.00,0.00,0.00,67.39
11:22:04,6,13.98,0.00,11.83,0.00,0.00,4.30,0.00,0.00,0.00,69.89
11:22:04,7,12.63,0.00,11.58,0.00,0.00,4.21,0.00,0.00,0.00,71.58
11:22:04,12,15.22,0.00,14.13,0.00,0.00,4.35,0.00,0.00,0.00,66.30
11:22:04,13,15.96,0.00,13.83,0.00,0.00,5.32,0.00,0.00,0.00,64.89
11:22:04,14,13.04,0.00,13.04,0.00,0.00,4.35,0.00,0.00,0.00,69.57
11:22:04,15,11.83,0.00,12.90,0.00,0.00,5.38,0.00,0.00,0.00,69.89
11:22:05,4,14.58,0.00,14.58,0.00,0.00,5.21,0.00,0.00,0.00,65.62
11:22:05,5,15.22,0.00,13.04,0.00,0.00,4.35,0.00,0.00,0.00,67.39
11:22:05,6,13.04,0.00,13.04,0.00,0.00,4.35,0.00,0.00,0.00,69.57
11:22:05,7,14.29,0.00,9.89,0.00,0.00,4.40,0.00,0.00,0.00,71.43
11:22:05,12,12.22,0.00,12.22,0.00,0.00,4.44,0.00,0.00,0.00,71.11
11:22:05,13,16.48,0.00,13.19,0.00,0.00,4.40,0.00,0.00,0.00,65.93
11:22:05,14,15.22,0.00,10.87,0.00,0.00,6.52,0.00,0.00,0.00,67.39
11:22:05,15,14.89,0.00,10.64,0.00,0.00,4.26,0.00,0.00,0.00,70.21
11:22:06,4,16.30,0.00,11.96,0.00,0.00,5.43,0.00,0.00,0.00,66.30
11:22:06,5,14.29,0.00,10.99,0.00,0.00,4.40,0.00,0.00,0.00,70.33
11:22:06,6,14.58,0.00,12.50,0.00,0.00,6.25,0.00,0.00,0.00,66.67
11:22:06,7,12.90,0.00,12.90,0.00,0.00,4.30,0.00,0.00,0.00,69.89
11:22:06,12,14.74,0.00,12.63,0.00,0.00,4.21,0.00,0.00,0.00,68.42
11:22:06,13,14.74,0.00,11.58,0.00,0.00,5.26,0.00,0.00,0.00,68.42
11:22:06,14,12.63,0.00,12.63,0.00,0.00,5.26,0.00,0.00,0.00,69.47
11:22:06,15,12.09,0.00,10.99,0.00,0.00,4.40,0.00,0.00,0.00,72.53
11:22:07,4,15.05,0.00,12.90,0.00,0.00,4.30,0.00,0.00,0.00,67.74
11:22:07,5,15.22,0.00,11.96,0.00,0.00,4.35,0.00,0.00,0.00,68.48
11:22:07,6,16.48,0.00,10.99,0.00,0.00,3.30,0.00,0.00,0.00,69.23
11:22:07,7,13.83,0.00,12.77,0.00,0.00,4.26,0.00,0.00,0.00,69.15
11:22:07,12,16.13,0.00,10.75,0.00,0.00,4.30,0.00,0.00,0.00,68.82
11:22:07,13,17.02,0.00,11.70,0.00,0.00,4.26,0.00,0.00,0.00,67.02
11:22:07,14,16.13,0.00,12.90,0.00,0.00,4.30,0.00,0.00,0.00,66.67
11:22:07,15,14.89,0.00,11.70,0.00,0.00,5.32,0.00,0.00,0.00,68.09
11:22:08,4,14.13,0.00,11.96,0.00,0.00,4.35,0.00,0.00,0.00,69.57
11:22:08,5,17.58,0.00,10.99,0.00,0.00,4.40,0.00,0.00,0.00,67.03
11:22:08,6,12.09,0.00,13.19,0.00,0.00,4.40,0.00,0.00,0.00,70.33
11:22:08,7,11.83,0.00,11.83,0.00,0.00,5.38,0.00,0.00,0.00,70.97
11:22:08,12,12.90,0.00,11.83,0.00,0.00,5.38,0.00,0.00,0.00,69.89
11:22:08,13,15.79,0.00,14.74,0.00,0.00,5.26,0.00,0.00,0.00,64.21
11:22:08,14,12.77,0.00,13.83,0.00,0.00,5.32,0.00,0.00,0.00,68.09
11:22:08,15,11.96,0.00,13.04,0.00,0.00,4.35,0.00,0.00,0.00,70.65
11:22:09,4,16.30,0.00,11.96,0.00,0.00,4.35,0.00,0.00,0.00,67.39
11:22:09,5,14.13,0.00,13.04,0.00,0.00,5.43,0.00,0.00,0.00,67.39
11:22:09,6,14.13,0.00,11.96,0.00,0.00,4.35,0.00,0.00,0.00,69.57
11:22:09,7,12.77,0.00,12.77,0.00,0.00,5.32,0.00,0.00,0.00,69.15
11:22:09,12,16.84,0.00,11.58,0.00,0.00,5.26,0.00,0.00,0.00,66.32
11:22:09,13,15.22,0.00,11.96,0.00,0.00,4.35,0.00,0.00,0.00,68.48
11:22:09,14,16.13,0.00,10.75,0.00,0.00,3.23,0.00,0.00,0.00,69.89
11:22:09,15,15.05,0.00,10.75,0.00,0.00,4.30,0.00,0.00,0.00,69.89
11:22:10,4,15.22,0.00,14.13,0.00,0.00,3.26,0.00,0.00,0.00,67.39
11:22:10,5,14.44,0.00,13.33,0.00,0.00,5.56,0.00,0.00,0.00,66.67
11:22:10,6,14.13,0.00,13.04,0.00,0.00,5.43,0.00,0.00,0.00,67.39
11:22:10,7,10.99,0.00,10.99,0.00,0.00,5.49,0.00,0.00,0.00,72.53
11:22:10,12,15.22,0.00,11.96,0.00,0.00,4.35,0.00,0.00,0.00,68.48
11:22:10,13,13.98,0.00,10.75,0.00,0.00,7.53,0.00,0.00,0.00,67.74
11:22:10,14,15.05,0.00,10.75,0.00,0.00,5.38,0.00,0.00,0.00,68.82
11:22:10,15,13.68,0.00,10.53,0.00,0.00,4.21,0.00,0.00,0.00,71.58
11:22:11,4,15.22,0.00,11.96,0.00,0.00,4.35,0.00,0.00,0.00,68.48
11:22:11,5,13.83,0.00,15.96,0.00,0.00,4.26,0.00,0.00,0.00,65.96
11:22:11,6,13.83,0.00,12.77,0.00,0.00,4.26,0.00,0.00,0.00,69.15
11:22:11,7,13.68,0.00,12.63,0.00,0.00,4.21,0.00,0.00,0.00,69.47
11:22:11,12,15.05,0.00,13.98,0.00,0.00,5.38,0.00,0.00,0.00,65.59
11:22:11,13,16.67,0.00,13.54,0.00,0.00,4.17,0.00,0.00,0.00,65.62
11:22:11,14,12.09,0.00,13.19,0.00,0.00,3.30,0.00,0.00,0.00,71.43
11:22:11,15,11.70,0.00,12.77,0.00,0.00,4.26,0.00,0.00,0.00,71.28
11:22:12,4,14.89,0.00,14.89,0.00,0.00,3.19,0.00,0.00,0.00,67.02
11:22:12,5,15.22,0.00,14.13,0.00,0.00,4.35,0.00,0.00,0.00,66.30
11:22:12,6,15.96,0.00,12.77,0.00,0.00,4.26,0.00,0.00,0.00,67.02
11:22:12,7,13.19,0.00,10.99,0.00,0.00,3.30,0.00,0.00,0.00,72.53
11:22:12,12,15.96,0.00,13.83,0.00,0.00,4.26,0.00,0.00,0.00,65.96
11:22:12,13,19.35,0.00,16.13,0.00,0.00,3.23,0.00,0.00,0.00,61.29
11:22:12,14,12.77,0.00,14.89,0.00,0.00,5.32,0.00,0.00,0.00,67.02
11:22:12,15,15.96,0.00,11.70,0.00,0.00,4.26,0.00,0.00,0.00,68.09
11:22:13,4,13.19,0.00,10.99,0.00,0.00,5.49,0.00,0.00,0.00,70.33
11:22:13,5,13.98,0.00,12.90,0.00,0.00,4.30,0.00,0.00,0.00,68.82
11:22:13,6,14.74,0.00,10.53,2.11,0.00,4.21,0.00,0.00,0.00,68.42
11:22:13,7,13.04,0.00,9.78,0.00,0.00,4.35,0.00,0.00,0.00,72.83
11:22:13,12,15.05,0.00,13.98,0.00,0.00,3.23,0.00,0.00,0.00,67.74
11:22:13,13,13.04,0.00,13.04,1.09,0.00,5.43,0.00,0.00,0.00,67.39
11:22:13,14,14.13,0.00,10.87,0.00,0.00,5.43,0.00,0.00,0.00,69.57
11:22:13,15,11.70,0.00,11.70,0.00,0.00,5.32,0.00,0.00,0.00,71.28
11:22:14,4,15.96,0.00,13.83,0.00,0.00,4.26,0.00,0.00,0.00,65.96
11:22:14,5,16.48,0.00,13.19,1.10,0.00,4.40,0.00,0.00,0.00,64.84
11:22:14,6,14.89,0.00,13.83,0.00,0.00,4.26,0.00,0.00,0.00,67.02
11:22:14,7,12.77,0.00,11.70,0.00,0.00,4.26,0.00,0.00,0.00,71.28
11:22:14,12,13.04,0.00,14.13,0.00,0.00,5.43,0.00,0.00,0.00,67.39
11:22:14,13,14.13,0.00,11.96,0.00,0.00,5.43,0.00,0.00,0.00,68.48
11:22:14,14,14.29,0.00,13.19,0.00,0.00,3.30,0.00,0.00,0.00,69.23
11:22:14,15,12.77,0.00,12.77,0.00,0.00,4.26,0.00,0.00,0.00,70.21
11:22:15,4,17.39,0.00,9.78,0.00,0.00,4.35,0.00,0.00,0.00,68.48
11:22:15,5,13.04,0.00,13.04,0.00,0.00,5.43,0.00,0.00,0.00,68.48
11:22:15,6,13.33,0.00,12.22,0.00,0.00,3.33,0.00,0.00,0.00,71.11
11:22:15,7,12.77,0.00,11.70,0.00,0.00,4.26,0.00,0.00,0.00,71.28
11:22:15,12,14.89,0.00,13.83,0.00,0.00,4.26,0.00,0.00,0.00,67.02
11:22:15,13,16.67,0.00,13.54,0.00,0.00,5.21,0.00,0.00,0.00,64.58
11:22:15,14,16.13,0.00,11.83,0.00,0.00,5.38,0.00,0.00,0.00,66.67
11:22:15,15,16.84,0.00,11.58,0.00,0.00,4.21,0.00,0.00,0.00,67.37
11:22:16,4,13.68,0.00,12.63,0.00,0.00,6.32,0.00,0.00,0.00,67.37
11:22:16,5,12.22,0.00,13.33,0.00,0.00,4.44,0.00,0.00,0.00,70.00
11:22:16,6,15.96,0.00,13.83,0.00,0.00,4.26,0.00,0.00,0.00,65.96
11:22:16,7,12.90,0.00,12.90,0.00,0.00,3.23,0.00,0.00,0.00,70.97
11:22:16,12,14.58,0.00,11.46,0.00,0.00,6.25,0.00,0.00,0.00,67.71
11:22:16,13,13.04,0.00,11.96,0.00,0.00,5.43,0.00,0.00,0.00,69.57
11:22:16,14,13.68,0.00,13.68,0.00,0.00,5.26,0.00,0.00,0.00,67.37
11:22:16,15,13.04,0.00,10.87,0.00,0.00,4.35,0.00,0.00,0.00,71.74
11:22:17,4,16.84,0.00,11.58,0.00,0.00,4.21,0.00,0.00,0.00,67.37
11:22:17,5,13.04,0.00,13.04,0.00,0.00,5.43,0.00,0.00,0.00,68.48
11:22:17,6,12.63,0.00,12.63,0.00,0.00,6.32,0.00,0.00,0.00,68.42
11:22:17,7,13.83,0.00,10.64,0.00,0.00,4.26,0.00,0.00,0.00,71.28
11:22:17,12,14.13,0.00,11.96,0.00,0.00,4.35,0.00,0.00,0.00,69.57
11:22:17,13,15.96,0.00,13.83,0.00,0.00,5.32,0.00,0.00,0.00,64.89
11:22:17,14,16.67,0.00,12.22,0.00,0.00,4.44,0.00,0.00,0.00,66.67
11:22:17,15,12.77,0.00,13.83,0.00,0.00,5.32,0.00,0.00,0.00,68.09
11:22:18,4,16.13,0.00,16.13,0.00,0.00,4.30,0.00,0.00,0.00,63.44
11:22:18,5,15.05,0.00,12.90,2.15,0.00,4.30,0.00,0.00,0.00,65.59
11:22:18,6,14.13,0.00,13.04,0.00,0.00,4.35,0.00,0.00,0.00,68.48
11:22:18,7,13.83,0.00,10.64,0.00,0.00,5.32,0.00,0.00,0.00,70.21
11:22:18,12,15.79,0.00,11.58,0.00,0.00,4.21,0.00,0.00,0.00,68.42
11:22:18,13,14.13,0.00,13.04,0.00,0.00,4.35,0.00,0.00,0.00,68.48
11:22:18,14,14.29,0.00,12.09,0.00,0.00,4.40,0.00,0.00,0.00,69.23
11:22:18,15,14.58,0.00,12.50,1.04,0.00,5.21,0.00,0.00,0.00,66.67
11:22:19,4,14.13,0.00,14.13,0.00,0.00,5.43,0.00,0.00,0.00,66.30
11:22:19,5,14.44,0.00,12.22,0.00,0.00,3.33,0.00,0.00,0.00,70.00
11:22:19,6,15.05,0.00,12.90,0.00,0.00,4.30,0.00,0.00,0.00,67.74
11:22:19,7,12.90,0.00,11.83,0.00,0.00,5.38,0.00,0.00,0.00,69.89
11:22:19,12,15.96,0.00,10.64,0.00,0.00,5.32,0.00,0.00,0.00,68.09
11:22:19,13,15.79,0.00,10.53,0.00,0.00,6.32,0.00,0.00,0.00,67.37
11:22:19,14,13.68,0.00,12.63,0.00,0.00,5.26,0.00,0.00,0.00,68.42
11:22:19,15,14.89,0.00,9.57,0.00,0.00,4.26,0.00,0.00,0.00,71.28
11:22:20,4,13.48,0.00,11.24,0.00,0.00,5.62,0.00,0.00,0.00,69.66
11:22:20,5,13.98,0.00,11.83,0.00,0.00,5.38,0.00,0.00,0.00,68.82
11:22:20,6,12.77,0.00,12.77,0.00,0.00,5.32,0.00,0.00,0.00,69.15
11:22:20,7,13.68,0.00,11.58,0.00,0.00,4.21,0.00,0.00,0.00,70.53
11:22:20,12,14.13,0.00,15.22,0.00,0.00,5.43,0.00,0.00,0.00,65.22
11:22:20,13,14.89,0.00,12.77,0.00,0.00,5.32,0.00,0.00,0.00,67.02
11:22:20,14,13.83,0.00,11.70,0.00,0.00,5.32,0.00,0.00,0.00,69.15
11:22:20,15,13.68,0.00,9.47,0.00,0.00,5.26,0.00,0.00,0.00,71.58
11:22:21,4,15.05,0.00,11.83,0.00,0.00,3.23,0.00,0.00,0.00,69.89
11:22:21,5,15.05,0.00,11.83,0.00,0.00,5.38,0.00,0.00,0.00,67.74
11:22:21,6,12.77,0.00,12.77,0.00,0.00,5.32,0.00,0.00,0.00,69.15
11:22:21,7,12.09,0.00,9.89,0.00,0.00,4.40,0.00,0.00,0.00,73.63
11:22:21,12,14.89,0.00,11.70,0.00,0.00,5.32,0.00,0.00,0.00,68.09
11:22:21,13,13.98,0.00,16.13,0.00,0.00,4.30,0.00,0.00,0.00,65.59
11:22:21,14,15.22,0.00,11.96,0.00,0.00,3.26,0.00,0.00,0.00,69.57
11:22:21,15,15.79,0.00,11.58,0.00,0.00,4.21,0.00,0.00,0.00,68.42
11:22:22,4,14.74,0.00,11.58,0.00,0.00,4.21,0.00,0.00,0.00,69.47
11:22:22,5,15.79,0.00,14.74,0.00,0.00,6.32,0.00,0.00,0.00,63.16
11:22:22,6,10.87,0.00,11.96,0.00,0.00,5.43,0.00,0.00,0.00,71.74
11:22:22,7,12.09,0.00,10.99,0.00,0.00,3.30,0.00,0.00,0.00,73.63
11:22:22,12,15.05,0.00,11.83,0.00,0.00,6.45,0.00,0.00,0.00,66.67
11:22:22,13,15.22,0.00,11.96,0.00,0.00,5.43,0.00,0.00,0.00,67.39
11:22:22,14,13.68,0.00,12.63,0.00,0.00,5.26,0.00,0.00,0.00,68.42
11:22:22,15,14.74,0.00,10.53,0.00,0.00,4.21,0.00,0.00,0.00,70.53
11:22:23,4,15.79,0.00,11.58,0.00,0.00,5.26,0.00,0.00,0.00,67.37
11:22:23,5,16.48,0.00,10.99,0.00,0.00,4.40,0.00,0.00,0.00,68.13
11:22:23,6,16.67,0.00,12.50,0.00,0.00,5.21,0.00,0.00,0.00,65.62
11:22:23,7,10.75,0.00,12.90,0.00,0.00,4.30,0.00,0.00,0.00,72.04
11:22:23,12,16.67,0.00,11.46,0.00,0.00,5.21,0.00,0.00,0.00,66.67
11:22:23,13,15.96,0.00,12.77,0.00,0.00,4.26,0.00,0.00,0.00,67.02
11:22:23,14,16.30,0.00,15.22,0.00,0.00,4.35,0.00,0.00,0.00,64.13
11:22:23,15,13.98,0.00,11.83,0.00,0.00,4.30,0.00,0.00,0.00,69.89
11:22:24,4,13.33,0.00,11.11,1.11,0.00,4.44,0.00,0.00,0.00,70.00
11:22:24,5,15.62,0.00,13.54,0.00,0.00,5.21,0.00,0.00,0.00,65.62
11:22:24,6,13.98,0.00,10.75,0.00,0.00,5.38,0.00,0.00,0.00,69.89
11:22:24,7,12.77,0.00,9.57,0.00,0.00,5.32,0.00,0.00,0.00,72.34
11:22:24,12,14.44,0.00,12.22,1.11,0.00,3.33,0.00,0.00,0.00,68.89
11:22:24,13,17.02,0.00,14.89,0.00,0.00,5.32,0.00,0.00,0.00,62.77
11:22:24,14,13.19,0.00,12.09,1.10,0.00,5.49,0.00,0.00,0.00,68.13
11:22:24,15,13.19,0.00,12.09,0.00,0.00,4.40,0.00,0.00,0.00,70.33
11:22:25,4,13.33,0.00,11.11,0.00,0.00,5.56,0.00,0.00,0.00,70.00
11:22:25,5,13.98,0.00,11.83,0.00,0.00,5.38,0.00,0.00,0.00,68.82
11:22:25,6,13.83,0.00,13.83,0.00,0.00,5.32,0.00,0.00,0.00,67.02
11:22:25,7,12.63,0.00,13.68,0.00,0.00,3.16,0.00,0.00,0.00,70.53
11:22:25,12,14.13,0.00,14.13,0.00,0.00,4.35,0.00,0.00,0.00,67.39
11:22:25,13,13.19,0.00,12.09,0.00,0.00,4.40,0.00,0.00,0.00,70.33
11:22:25,14,14.89,0.00,11.70,0.00,0.00,4.26,0.00,0.00,0.00,69.15
11:22:25,15,14.13,0.00,10.87,0.00,0.00,3.26,0.00,0.00,0.00,71.74
11:22:26,4,16.84,0.00,11.58,0.00,0.00,5.26,0.00,0.00,0.00,66.32
11:22:26,5,16.84,0.00,10.53,0.00,0.00,5.26,0.00,0.00,0.00,67.37
11:22:26,6,12.90,0.00,12.90,0.00,0.00,4.30,0.00,0.00,0.00,69.89
11:22:26,7,10.87,0.00,9.78,0.00,0.00,5.43,0.00,0.00,0.00,73.91
11:22:26,12,13.04,0.00,13.04,0.00,0.00,5.43,0.00,0.00,0.00,68.48
11:22:26,13,16.30,0.00,13.04,0.00,0.00,4.35,0.00,0.00,0.00,66.30
11:22:26,14,13.83,0.00,12.77,0.00,0.00,4.26,0.00,0.00,0.00,69.15
11:22:26,15,12.63,0.00,11.58,0.00,0.00,5.26,0.00,0.00,0.00,70.53
11:22:27,4,11.96,0.00,11.96,0.00,0.00,4.35,0.00,0.00,0.00,71.74
11:22:27,5,15.22,0.00,13.04,0.00,0.00,4.35,0.00,0.00,0.00,67.39
11:22:27,6,15.96,0.00,10.64,0.00,0.00,4.26,0.00,0.00,0.00,69.15
11:22:27,7,11.70,0.00,13.83,0.00,0.00,4.26,0.00,0.00,0.00,70.21
11:22:27,12,13.04,0.00,11.96,0.00,0.00,5.43,0.00,0.00,0.00,69.57
11:22:27,13,14.58,0.00,12.50,0.00,0.00,5.21,0.00,0.00,0.00,67.71
11:22:27,14,13.98,0.00,12.90,0.00,0.00,3.23,0.00,0.00,0.00,69.89
11:22:27,15,12.63,0.00,12.63,0.00,0.00,4.21,0.00,0.00,0.00,70.53
11:22:28,4,21.28,0.00,13.83,0.00,0.00,4.26,0.00,0.00,0.00,60.64
11:22:28,5,15.22,0.00,13.04,0.00,0.00,4.35,0.00,0.00,0.00,67.39
11:22:28,6,13.19,0.00,13.19,0.00,0.00,3.30,0.00,0.00,0.00,70.33
11:22:28,7,12.77,0.00,12.77,0.00,0.00,5.32,0.00,0.00,0.00,69.15
11:22:28,12,16.84,0.00,11.58,0.00,0.00,4.21,0.00,0.00,0.00,67.37
11:22:28,13,15.22,0.00,13.04,0.00,0.00,3.26,0.00,0.00,0.00,68.48
11:22:28,14,15.05,0.00,11.83,0.00,0.00,5.38,0.00,0.00,0.00,67.74
11:22:28,15,13.04,0.00,10.87,0.00,0.00,5.43,0.00,0.00,0.00,70.65
11:22:29,4,15.38,0.00,10.99,0.00,0.00,4.40,0.00,0.00,0.00,69.23
11:22:29,5,14.89,0.00,10.64,0.00,0.00,5.32,0.00,0.00,0.00,69.15
11:22:29,6,14.13,0.00,10.87,0.00,0.00,5.43,0.00,0.00,0.00,69.57
11:22:29,7,11.96,0.00,10.87,0.00,0.00,5.43,0.00,0.00,0.00,71.74
11:22:29,12,15.96,0.00,12.77,0.00,0.00,5.32,0.00,0.00,0.00,65.96
11:22:29,13,14.13,0.00,11.96,0.00,0.00,4.35,0.00,0.00,0.00,69.57
11:22:29,14,13.54,0.00,15.62,1.04,0.00,5.21,0.00,0.00,0.00,64.58
11:22:29,15,12.63,0.00,12.63,0.00,0.00,6.32,0.00,0.00,0.00,68.42
11:22:30,4,13.04,0.00,11.96,0.00,0.00,4.35,0.00,0.00,0.00,70.65
11:22:30,5,15.38,0.00,14.29,0.00,0.00,5.49,0.00,0.00,0.00,64.84
11:22:30,6,13.98,0.00,12.90,0.00,0.00,4.30,0.00,0.00,0.00,68.82
11:22:30,7,12.37,0.00,15.46,0.00,0.00,5.15,0.00,0.00,0.00,67.01
11:22:30,12,13.04,0.00,13.04,0.00,0.00,5.43,0.00,0.00,0.00,68.48
11:22:30,13,15.05,0.00,11.83,0.00,0.00,5.38,0.00,0.00,0.00,67.74
11:22:30,14,15.22,0.00,9.78,0.00,0.00,4.35,0.00,0.00,0.00,70.65
11:22:30,15,13.83,0.00,11.70,0.00,0.00,3.19,0.00,0.00,0.00,71.28
11:22:31,4,13.98,0.00,11.83,0.00,0.00,4.30,0.00,0.00,0.00,69.89
11:22:31,5,15.05,0.00,15.05,0.00,0.00,4.30,0.00,0.00,0.00,65.59
11:22:31,6,12.90,0.00,13.98,0.00,0.00,4.30,0.00,0.00,0.00,68.82
11:22:31,7,12.90,0.00,11.83,0.00,0.00,4.30,0.00,0.00,0.00,70.97
11:22:31,12,11.70,0.00,13.83,0.00,0.00,5.32,0.00,0.00,0.00,69.15
11:22:31,13,14.44,0.00,11.11,0.00,0.00,5.56,0.00,0.00,0.00,68.89
11:22:31,14,13.04,0.00,13.04,0.00,0.00,4.35,0.00,0.00,0.00,69.57
11:22:31,15,13.04,0.00,11.96,0.00,0.00,4.35,0.00,0.00,0.00,70.65
11:22:32,4,15.62,0.00,10.42,0.00,0.00,6.25,0.00,0.00,0.00,67.71
11:22:32,5,16.13,0.00,10.75,0.00,0.00,4.30,0.00,0.00,0.00,68.82
11:22:32,6,14.58,0.00,11.46,0.00,0.00,5.21,0.00,0.00,0.00,68.75
11:22:32,7,11.83,0.00,11.83,0.00,0.00,5.38,0.00,0.00,0.00,70.97
11:22:32,12,13.68,0.00,11.58,0.00,0.00,6.32,0.00,0.00,0.00,68.42
11:22:32,13,14.89,0.00,14.89,0.00,0.00,4.26,0.00,0.00,0.00,65.96
11:22:32,14,16.13,0.00,11.83,0.00,0.00,5.38,0.00,0.00,0.00,66.67
11:22:32,15,14.89,0.00,10.64,0.00,0.00,4.26,0.00,0.00,0.00,70.21
11:22:33,4,15.05,0.00,10.75,0.00,0.00,5.38,0.00,0.00,0.00,68.82
11:22:33,5,15.56,0.00,12.22,0.00,0.00,4.44,0.00,0.00,0.00,67.78
11:22:33,6,13.98,0.00,11.83,0.00,0.00,5.38,0.00,0.00,0.00,68.82
11:22:33,7,13.83,0.00,13.83,0.00,0.00,3.19,0.00,0.00,0.00,69.15
11:22:33,12,17.39,0.00,11.96,0.00,0.00,3.26,0.00,0.00,0.00,67.39
11:22:33,13,17.02,0.00,14.89,0.00,0.00,4.26,0.00,0.00,0.00,63.83
11:22:33,14,14.13,0.00,10.87,0.00,0.00,5.43,0.00,0.00,0.00,69.57
11:22:33,15,15.05,0.00,11.83,0.00,0.00,4.30,0.00,0.00,0.00,68.82
11:22:34,4,12.09,0.00,10.99,0.00,0.00,5.49,0.00,0.00,0.00,71.43
11:22:34,5,14.29,0.00,12.09,0.00,0.00,4.40,0.00,0.00,0.00,69.23
11:22:34,6,13.04,0.00,10.87,0.00,0.00,5.43,0.00,0.00,0.00,70.65
11:22:34,7,12.63,0.00,10.53,0.00,0.00,5.26,0.00,0.00,0.00,71.58
11:22:34,12,13.98,0.00,11.83,0.00,0.00,4.30,0.00,0.00,0.00,69.89
11:22:34,13,15.96,0.00,10.64,0.00,0.00,4.26,0.00,0.00,0.00,69.15
11:22:34,14,16.30,0.00,10.87,0.00,0.00,4.35,0.00,0.00,0.00,68.48
11:22:34,15,13.83,0.00,11.70,1.06,0.00,4.26,0.00,0.00,0.00,69.15
11:22:35,4,12.77,0.00,13.83,0.00,0.00,4.26,0.00,0.00,0.00,69.15
11:22:35,5,14.89,0.00,14.89,0.00,0.00,3.19,0.00,0.00,0.00,67.02
11:22:35,6,16.13,0.00,10.75,0.00,0.00,3.23,0.00,0.00,0.00,69.89
11:22:35,7,11.83,0.00,12.90,0.00,0.00,4.30,0.00,0.00,0.00,70.97
11:22:35,12,13.19,0.00,10.99,0.00,0.00,4.40,0.00,0.00,0.00,71.43
11:22:35,13,15.22,0.00,13.04,0.00,0.00,4.35,0.00,0.00,0.00,67.39
11:22:35,14,15.79,0.00,11.58,0.00,0.00,5.26,0.00,0.00,0.00,67.37
11:22:35,15,13.98,0.00,11.83,0.00,0.00,4.30,0.00,0.00,0.00,69.89
11:22:36,4,15.22,0.00,14.13,0.00,0.00,4.35,0.00,0.00,0.00,66.30
11:22:36,5,15.62,0.00,13.54,0.00,0.00,5.21,0.00,0.00,0.00,65.62
11:22:36,6,13.98,0.00,12.90,0.00,0.00,4.30,0.00,0.00,0.00,68.82
11:22:36,7,12.63,0.00,11.58,0.00,0.00,5.26,0.00,0.00,0.00,70.53
11:22:36,12,15.96,0.00,10.64,0.00,0.00,5.32,0.00,0.00,0.00,68.09
11:22:36,13,13.19,0.00,15.38,0.00,0.00,4.40,0.00,0.00,0.00,67.03
11:22:36,14,15.38,0.00,10.99,0.00,0.00,4.40,0.00,0.00,0.00,69.23
11:22:36,15,13.98,0.00,11.83,0.00,0.00,3.23,0.00,0.00,0.00,70.97
11:22:37,4,14.89,0.00,12.77,0.00,0.00,4.26,0.00,0.00,0.00,68.09
11:22:37,5,14.13,0.00,11.96,0.00,0.00,3.26,0.00,0.00,0.00,70.65
11:22:37,6,13.04,0.00,13.04,0.00,0.00,4.35,0.00,0.00,0.00,69.57
11:22:37,7,12.09,0.00,10.99,0.00,0.00,2.20,0.00,0.00,0.00,74.73
11:22:37,12,13.83,0.00,14.89,0.00,0.00,5.32,0.00,0.00,0.00,65.96
11:22:37,13,16.30,0.00,13.04,0.00,0.00,4.35,0.00,0.00,0.00,66.30
11:22:37,14,13.48,0.00,11.24,0.00,0.00,4.49,0.00,0.00,0.00,70.79
11:22:37,15,13.54,0.00,11.46,0.00,0.00,6.25,0.00,0.00,0.00,68.75
11:22:38,4,17.39,0.00,13.04,0.00,0.00,4.35,0.00,0.00,0.00,65.22
11:22:38,5,15.22,0.00,15.22,0.00,0.00,4.35,0.00,0.00,0.00,65.22
11:22:38,6,13.19,0.00,13.19,0.00,0.00,5.49,0.00,0.00,0.00,68.13
11:22:38,7,11.83,0.00,11.83,0.00,0.00,4.30,0.00,0.00,0.00,72.04
11:22:38,12,14.61,0.00,13.48,0.00,0.00,3.37,0.00,0.00,0.00,68.54
11:22:38,13,17.89,0.00,14.74,0.00,0.00,5.26,0.00,0.00,0.00,62.11
11:22:38,14,13.04,0.00,11.96,0.00,0.00,4.35,0.00,0.00,0.00,70.65
11:22:38,15,13.83,0.00,10.64,0.00,0.00,4.26,0.00,0.00,0.00,71.28
11:22:39,4,15.05,0.00,11.83,0.00,0.00,4.30,0.00,0.00,0.00,68.82
11:22:39,5,13.64,0.00,12.50,0.00,0.00,4.55,0.00,0.00,0.00,69.32
11:22:39,6,12.90,0.00,11.83,0.00,0.00,5.38,0.00,0.00,0.00,69.89
11:22:39,7,12.77,0.00,12.77,0.00,0.00,5.32,0.00,0.00,0.00,69.15
11:22:39,12,16.30,0.00,14.13,0.00,0.00,4.35,0.00,0.00,0.00,65.22
11:22:39,13,15.96,0.00,12.77,0.00,0.00,5.32,0.00,0.00,0.00,65.96
11:22:39,14,11.11,0.00,13.33,0.00,0.00,5.56,0.00,0.00,0.00,70.00
11:22:39,15,13.83,0.00,12.77,0.00,0.00,4.26,0.00,0.00,0.00,69.15
11:22:40,4,14.13,0.00,10.87,0.00,0.00,5.43,0.00,0.00,0.00,69.57
11:22:40,5,13.83,0.00,12.77,0.00,0.00,6.38,0.00,0.00,0.00,67.02
11:22:40,6,14.29,0.00,12.09,0.00,0.00,5.49,0.00,0.00,0.00,68.13
11:22:40,7,11.70,0.00,13.83,0.00,0.00,4.26,0.00,0.00,0.00,70.21
11:22:40,12,13.83,0.00,11.70,0.00,0.00,6.38,0.00,0.00,0.00,68.09
11:22:40,13,16.84,0.00,12.63,0.00,0.00,4.21,0.00,0.00,0.00,66.32
11:22:40,14,14.13,0.00,9.78,0.00,0.00,5.43,0.00,0.00,0.00,70.65
11:22:40,15,12.77,0.00,11.70,0.00,0.00,4.26,0.00,0.00,0.00,71.28
11:22:41,4,13.98,0.00,13.98,0.00,0.00,5.38,0.00,0.00,0.00,66.67
11:22:41,5,13.19,0.00,13.19,0.00,0.00,3.30,0.00,0.00,0.00,70.33
11:22:41,6,14.89,0.00,10.64,0.00,0.00,4.26,0.00,0.00,0.00,70.21
11:22:41,7,11.83,0.00,11.83,0.00,0.00,5.38,0.00,0.00,0.00,70.97
11:22:41,12,13.83,0.00,12.77,0.00,0.00,5.32,0.00,0.00,0.00,68.09
11:22:41,13,14.44,0.00,10.00,0.00,0.00,4.44,0.00,0.00,0.00,71.11
11:22:41,14,15.96,0.00,10.64,0.00,0.00,5.32,0.00,0.00,0.00,68.09
11:22:41,15,10.99,0.00,10.99,0.00,0.00,5.49,0.00,0.00,0.00,72.53
11:22:42,4,14.77,0.00,12.50,0.00,0.00,3.41,0.00,0.00,0.00,69.32
11:22:42,5,13.98,0.00,12.90,1.08,0.00,4.30,0.00,0.00,0.00,67.74
11:22:42,6,13.98,0.00,12.90,0.00,0.00,6.45,0.00,0.00,0.00,66.67
11:22:42,7,10.75,0.00,12.90,0.00,0.00,3.23,0.00,0.00,0.00,73.12
11:22:42,12,12.90,0.00,11.83,0.00,0.00,5.38,0.00,0.00,0.00,69.89
11:22:42,13,16.13,0.00,16.13,0.00,0.00,5.38,0.00,0.00,0.00,62.37
11:22:42,14,12.09,0.00,13.19,0.00,0.00,4.40,0.00,0.00,0.00,70.33
11:22:42,15,12.63,0.00,11.58,0.00,0.00,5.26,0.00,0.00,0.00,70.53
11:22:43,4,15.22,0.00,10.87,0.00,0.00,4.35,0.00,0.00,0.00,69.57
11:22:43,5,17.20,0.00,11.83,0.00,0.00,4.30,0.00,0.00,0.00,66.67
11:22:43,6,16.13,0.00,11.83,0.00,0.00,3.23,0.00,0.00,0.00,68.82
11:22:43,7,11.96,0.00,10.87,0.00,0.00,5.43,0.00,0.00,0.00,71.74
11:22:43,12,13.68,0.00,12.63,0.00,0.00,4.21,0.00,0.00,0.00,69.47
11:22:43,13,19.15,0.00,13.83,0.00,0.00,6.38,0.00,0.00,0.00,60.64
11:22:43,14,16.13,0.00,12.90,0.00,0.00,4.30,0.00,0.00,0.00,66.67
11:22:43,15,15.05,0.00,9.68,0.00,0.00,5.38,0.00,0.00,0.00,69.89
11:22:44,4,13.04,0.00,13.04,0.00,0.00,4.35,0.00,0.00,0.00,69.57
11:22:44,5,13.98,0.00,12.90,0.00,0.00,4.30,0.00,0.00,0.00,68.82
11:22:44,6,13.98,0.00,10.75,0.00,0.00,3.23,0.00,0.00,0.00,72.04
11:22:44,7,10.75,0.00,13.98,0.00,0.00,3.23,0.00,0.00,0.00,72.04
11:22:44,12,13.33,0.00,13.33,0.00,0.00,4.44,0.00,0.00,0.00,68.89
11:22:44,13,13.98,0.00,12.90,0.00,0.00,4.30,0.00,0.00,0.00,68.82
11:22:44,14,15.79,0.00,11.58,0.00,0.00,5.26,0.00,0.00,0.00,67.37
11:22:44,15,12.77,0.00,12.77,0.00,0.00,5.32,0.00,0.00,0.00,69.15
11:22:45,4,15.79,0.00,13.68,0.00,0.00,5.26,0.00,0.00,0.00,65.26
11:22:45,5,15.22,0.00,14.13,0.00,0.00,5.43,0.00,0.00,0.00,65.22
11:22:45,6,14.74,0.00,12.63,0.00,0.00,5.26,0.00,0.00,0.00,67.37
11:22:45,7,12.77,0.00,10.64,0.00,0.00,5.32,0.00,0.00,0.00,71.28
11:22:45,12,15.05,0.00,10.75,0.00,0.00,5.38,0.00,0.00,0.00,68.82
11:22:45,13,13.19,0.00,10.99,0.00,0.00,5.49,0.00,0.00,0.00,70.33
11:22:45,14,15.22,0.00,10.87,0.00,0.00,4.35,0.00,0.00,0.00,69.57
11:22:45,15,11.58,0.00,13.68,0.00,0.00,4.21,0.00,0.00,0.00,70.53
11:22:46,4,13.04,0.00,13.04,0.00,0.00,4.35,0.00,0.00,0.00,69.57
11:22:46,5,14.13,0.00,13.04,0.00,0.00,4.35,0.00,0.00,0.00,68.48
11:22:46,6,12.63,0.00,13.68,0.00,0.00,5.26,0.00,0.00,0.00,68.42
11:22:46,7,13.83,0.00,11.70,0.00,0.00,4.26,0.00,0.00,0.00,70.21
11:22:46,12,12.77,0.00,12.77,0.00,0.00,5.32,0.00,0.00,0.00,69.15
11:22:46,13,15.05,0.00,11.83,0.00,0.00,4.30,0.00,0.00,0.00,68.82
11:22:46,14,14.13,0.00,10.87,0.00,0.00,5.43,0.00,0.00,0.00,69.57
11:22:46,15,13.04,0.00,11.96,0.00,0.00,4.35,0.00,0.00,0.00,70.65
11:22:47,4,15.96,0.00,11.70,0.00,0.00,4.26,0.00,0.00,0.00,68.09
11:22:47,5,15.96,0.00,11.70,0.00,0.00,4.26,0.00,0.00,0.00,68.09
11:22:47,6,16.33,0.00,12.24,0.00,0.00,5.10,0.00,0.00,0.00,66.33
11:22:47,7,11.96,0.00,10.87,0.00,0.00,5.43,0.00,0.00,0.00,71.74
11:22:47,12,14.89,0.00,13.83,0.00,0.00,5.32,0.00,0.00,0.00,65.96
11:22:47,13,15.79,0.00,12.63,1.05,0.00,5.26,0.00,0.00,0.00,65.26
11:22:47,14,13.98,0.00,10.75,0.00,0.00,5.38,0.00,0.00,0.00,69.89
11:22:47,15,12.63,0.00,12.63,0.00,0.00,6.32,0.00,0.00,0.00,68.42
11:22:48,4,15.96,0.00,15.96,0.00,0.00,4.26,0.00,0.00,0.00,63.83
11:22:48,5,18.48,0.00,14.13,0.00,0.00,3.26,0.00,0.00,0.00,64.13
11:22:48,6,13.48,0.00,12.36,0.00,0.00,3.37,0.00,0.00,0.00,70.79
11:22:48,7,14.89,0.00,10.64,0.00,0.00,4.26,0.00,0.00,0.00,70.21
11:22:48,12,14.89,0.00,12.77,0.00,0.00,4.26,0.00,0.00,0.00,68.09
11:22:48,13,17.02,0.00,11.70,0.00,0.00,6.38,0.00,0.00,0.00,64.89
11:22:48,14,15.05,0.00,11.83,0.00,0.00,4.30,0.00,0.00,0.00,68.82
11:22:48,15,12.63,0.00,12.63,0.00,0.00,4.21,0.00,0.00,0.00,70.53
11:22:49,4,13.98,0.00,10.75,0.00,0.00,5.38,0.00,0.00,0.00,69.89
11:22:49,5,15.22,0.00,11.96,0.00,0.00,5.43,0.00,0.00,0.00,67.39
11:22:49,6,13.68,0.00,11.58,0.00,0.00,4.21,0.00,0.00,0.00,70.53
11:22:49,7,11.96,0.00,10.87,0.00,0.00,3.26,0.00,0.00,0.00,73.91
11:22:49,12,13.68,0.00,16.84,0.00,0.00,4.21,0.00,0.00,0.00,65.26
11:22:49,13,14.29,0.00,13.19,0.00,0.00,5.49,0.00,0.00,0.00,67.03
11:22:49,14,15.79,0.00,12.63,0.00,0.00,5.26,0.00,0.00,0.00,66.32
11:22:49,15,13.98,0.00,10.75,0.00,0.00,4.30,0.00,0.00,0.00,70.97
11:22:50,4,13.83,0.00,13.83,0.00,0.00,4.26,0.00,0.00,0.00,68.09
11:22:50,5,13.83,0.00,15.96,0.00,0.00,5.32,0.00,0.00,0.00,64.89
11:22:50,6,16.30,0.00,11.96,0.00,0.00,4.35,0.00,0.00,0.00,67.39
11:22:50,7,13.83,0.00,12.77,0.00,0.00,4.26,0.00,0.00,0.00,69.15
11:22:50,12,15.05,0.00,10.75,0.00,0.00,5.38,0.00,0.00,0.00,68.82
11:22:50,13,14.74,0.00,14.74,0.00,0.00,3.16,0.00,0.00,0.00,67.37
11:22:50,14,15.05,0.00,10.75,0.00,0.00,6.45,0.00,0.00,0.00,67.74
11:22:50,15,13.83,0.00,12.77,0.00,0.00,4.26,0.00,0.00,0.00,69.15
11:22:51,4,14.89,0.00,12.77,0.00,0.00,4.26,0.00,0.00,0.00,68.09
11:22:51,5,14.44,0.00,12.22,0.00,0.00,4.44,0.00,0.00,0.00,68.89
11:22:51,6,13.83,0.00,12.77,0.00,0.00,5.32,0.00,0.00,0.00,68.09
11:22:51,7,14.58,0.00,12.50,0.00,0.00,4.17,0.00,0.00,0.00,68.75
11:22:51,12,12.22,0.00,14.44,0.00,0.00,4.44,0.00,0.00,0.00,68.89
11:22:51,13,17.02,0.00,12.77,0.00,0.00,4.26,0.00,0.00,0.00,65.96
11:22:51,14,15.62,0.00,13.54,0.00,0.00,5.21,0.00,0.00,0.00,65.62
11:22:51,15,13.98,0.00,11.83,0.00,0.00,4.30,0.00,0.00,0.00,69.89
11:22:52,4,13.98,0.00,11.83,0.00,0.00,5.38,0.00,0.00,0.00,68.82
11:22:52,5,16.13,0.00,12.90,0.00,0.00,5.38,0.00,0.00,0.00,65.59
11:22:52,6,12.90,0.00,13.98,0.00,0.00,5.38,0.00,0.00,0.00,67.74
11:22:52,7,11.58,0.00,13.68,0.00,0.00,3.16,0.00,0.00,0.00,71.58
11:22:52,12,14.29,0.00,12.09,0.00,0.00,4.40,0.00,0.00,0.00,69.23
11:22:52,13,16.30,0.00,13.04,1.09,0.00,4.35,0.00,0.00,0.00,65.22
11:22:52,14,13.19,0.00,13.19,0.00,0.00,5.49,0.00,0.00,0.00,68.13
11:22:52,15,12.37,0.00,13.40,0.00,0.00,5.15,0.00,0.00,0.00,69.07
11:22:53,4,14.29,0.00,14.29,0.00,0.00,4.40,0.00,0.00,0.00,67.03
11:22:53,5,20.65,0.00,13.04,0.00,0.00,4.35,0.00,0.00,0.00,61.96
11:22:53,6,12.36,0.00,12.36,0.00,0.00,3.37,0.00,0.00,0.00,71.91
11:22:53,7,11.70,0.00,12.77,0.00,0.00,5.32,0.00,0.00,0.00,70.21
11:22:53,12,14.13,0.00,14.13,0.00,0.00,5.43,0.00,0.00,0.00,66.30
11:22:53,13,15.05,0.00,11.83,0.00,0.00,6.45,0.00,0.00,0.00,66.67
11:22:53,14,16.30,0.00,11.96,0.00,0.00,3.26,0.00,0.00,0.00,68.48
11:22:53,15,12.50,0.00,12.50,0.00,0.00,5.21,0.00,0.00,0.00,69.79
11:22:54,4,13.98,0.00,13.98,0.00,0.00,4.30,0.00,0.00,0.00,67.74
11:22:54,5,13.04,0.00,13.04,0.00,0.00,5.43,0.00,0.00,0.00,68.48
11:22:54,6,12.77,0.00,12.77,0.00,0.00,6.38,0.00,0.00,0.00,68.09
11:22:54,7,13.98,0.00,8.60,0.00,0.00,5.38,0.00,0.00,0.00,72.04
11:22:54,12,13.83,0.00,12.77,0.00,0.00,4.26,0.00,0.00,0.00,69.15
11:22:54,13,14.29,0.00,15.38,0.00,0.00,4.40,0.00,0.00,0.00,65.93
11:22:54,14,14.74,0.00,11.58,0.00,0.00,4.21,0.00,0.00,0.00,69.47
11:22:54,15,14.89,0.00,10.64,0.00,0.00,3.19,0.00,0.00,0.00,71.28
11:22:55,4,14.29,0.00,10.99,0.00,0.00,5.49,0.00,0.00,0.00,69.23
11:22:55,5,10.99,0.00,13.19,0.00,0.00,5.49,0.00,0.00,0.00,70.33
11:22:55,6,11.96,0.00,11.96,0.00,0.00,5.43,0.00,0.00,0.00,70.65
11:22:55,7,13.83,0.00,12.77,0.00,0.00,4.26,0.00,0.00,0.00,69.15
11:22:55,12,14.29,0.00,9.89,0.00,0.00,4.40,0.00,0.00,0.00,71.43
11:22:55,13,14.58,0.00,12.50,0.00,0.00,5.21,0.00,0.00,0.00,67.71
11:22:55,14,15.96,0.00,11.70,0.00,0.00,4.26,0.00,0.00,0.00,68.09
11:22:55,15,13.83,0.00,12.77,0.00,0.00,5.32,0.00,0.00,0.00,68.09
11:22:56,4,13.04,0.00,14.13,0.00,0.00,5.43,0.00,0.00,0.00,67.39
11:22:56,5,16.84,0.00,12.63,0.00,0.00,4.21,0.00,0.00,0.00,66.32
11:22:56,6,15.56,0.00,10.00,0.00,0.00,3.33,0.00,0.00,0.00,71.11
11:22:56,7,14.89,0.00,10.64,0.00,0.00,4.26,0.00,0.00,0.00,70.21
11:22:56,12,13.68,0.00,13.68,0.00,0.00,6.32,0.00,0.00,0.00,66.32
11:22:56,13,15.22,0.00,17.39,0.00,0.00,3.26,0.00,0.00,0.00,64.13
11:22:56,14,14.13,0.00,10.87,0.00,0.00,4.35,0.00,0.00,0.00,70.65
11:22:56,15,13.04,0.00,10.87,0.00,0.00,4.35,0.00,0.00,0.00,71.74
11:22:57,4,14.13,0.00,13.04,1.09,0.00,4.35,0.00,0.00,0.00,67.39
11:22:57,5,14.89,0.00,12.77,0.00,0.00,5.32,0.00,0.00,0.00,67.02
11:22:57,6,11.70,0.00,14.89,0.00,0.00,4.26,0.00,0.00,0.00,69.15
11:22:57,7,12.90,0.00,9.68,0.00,0.00,3.23,0.00,0.00,0.00,74.19
11:22:57,12,15.96,0.00,12.77,0.00,0.00,5.32,0.00,0.00,0.00,65.96
11:22:57,13,15.05,0.00,11.83,1.08,0.00,4.30,0.00,0.00,0.00,67.74
11:22:57,14,13.19,0.00,12.09,0.00,0.00,3.30,0.00,0.00,0.00,71.43
11:22:57,15,13.68,0.00,10.53,0.00,0.00,4.21,0.00,0.00,0.00,71.58
11:22:58,4,15.79,0.00,14.74,0.00,0.00,5.26,0.00,0.00,0.00,64.21
11:22:58,5,17.20,0.00,11.83,0.00,0.00,4.30,0.00,0.00,0.00,66.67
11:22:58,6,15.96,0.00,14.89,0.00,0.00,5.32,0.00,0.00,0.00,63.83
11:22:58,7,14.89,0.00,12.77,0.00,0.00,4.26,0.00,0.00,0.00,68.09
11:22:58,12,17.20,0.00,11.83,0.00,0.00,4.30,0.00,0.00,0.00,66.67
11:22:58,13,14.29,0.00,10.99,0.00,0.00,5.49,0.00,0.00,0.00,69.23
11:22:58,14,16.84,0.00,11.58,0.00,0.00,5.26,0.00,0.00,0.00,66.32
11:22:58,15,13.68,0.00,11.58,0.00,0.00,5.26,0.00,0.00,0.00,69.47
11:22:59,4,14.13,0.00,11.96,0.00,0.00,4.35,0.00,0.00,0.00,69.57
11:22:59,5,14.13,0.00,10.87,0.00,0.00,4.35,0.00,0.00,0.00,70.65
11:22:59,6,12.50,0.00,11.36,0.00,0.00,3.41,0.00,0.00,0.00,72.73
11:22:59,7,13.83,0.00,11.70,0.00,0.00,5.32,0.00,0.00,0.00,69.15
11:22:59,12,13.98,0.00,16.13,0.00,0.00,3.23,0.00,0.00,0.00,66.67
11:22:59,13,15.05,0.00,11.83,0.00,0.00,4.30,0.00,0.00,0.00,68.82
11:22:59,14,15.96,0.00,10.64,0.00,0.00,5.32,0.00,0.00,0.00,68.09
11:22:59,15,14.43,0.00,13.40,0.00,0.00,5.15,0.00,0.00,0.00,67.01
11:23:00,4,16.67,0.00,13.54,0.00,0.00,5.21,0.00,0.00,0.00,64.58
11:23:00,5,16.13,0.00,15.05,0.00,0.00,5.38,0.00,0.00,0.00,63.44
11:23:00,6,12.90,0.00,12.90,0.00,0.00,4.30,0.00,0.00,0.00,69.89
11:23:00,7,14.58,0.00,10.42,0.00,0.00,4.17,0.00,0.00,0.00,70.83
11:23:00,12,14.89,0.00,10.64,0.00,0.00,5.32,0.00,0.00,0.00,69.15
11:23:00,13,15.22,0.00,11.96,0.00,0.00,5.43,0.00,0.00,0.00,67.39
11:23:00,14,13.04,0.00,11.96,0.00,0.00,5.43,0.00,0.00,0.00,69.57
11:23:00,15,11.96,0.00,11.96,0.00,0.00,4.35,0.00,0.00,0.00,71.74
11:23:01,4,14.74,0.00,12.63,0.00,0.00,5.26,0.00,0.00,0.00,67.37
11:23:01,5,14.13,0.00,11.96,0.00,0.00,4.35,0.00,0.00,0.00,69.57
11:23:01,6,13.98,0.00,12.90,0.00,0.00,4.30,0.00,0.00,0.00,68.82
11:23:01,7,13.68,0.00,12.63,0.00,0.00,4.21,0.00,0.00,0.00,69.47
11:23:01,12,13.83,0.00,12.77,0.00,0.00,4.26,0.00,0.00,0.00,69.15
11:23:01,13,17.20,0.00,10.75,0.00,0.00,4.30,0.00,0.00,0.00,67.74
11:23:01,14,13.98,0.00,12.90,0.00,0.00,4.30,0.00,0.00,0.00,68.82
11:23:01,15,13.83,0.00,12.77,0.00,0.00,4.26,0.00,0.00,0.00,69.15
11:23:02,4,13.33,0.00,12.22,0.00,0.00,5.56,0.00,0.00,0.00,68.89
11:23:02,5,16.13,0.00,12.90,1.08,0.00,5.38,0.00,0.00,0.00,64.52
11:23:02,6,13.04,0.00,11.96,0.00,0.00,5.43,0.00,0.00,0.00,69.57
11:23:02,7,12.77,0.00,9.57,0.00,0.00,4.26,0.00,0.00,0.00,73.40
11:23:02,12,14.89,0.00,14.89,0.00,0.00,4.26,0.00,0.00,0.00,65.96
11:23:02,13,14.13,0.00,11.96,0.00,0.00,5.43,0.00,0.00,0.00,68.48
11:23:02,14,15.56,0.00,11.11,0.00,0.00,3.33,0.00,0.00,0.00,70.00
11:23:02,15,13.68,0.00,10.53,0.00,0.00,4.21,0.00,0.00,0.00,71.58
11:23:03,4,14.74,0.00,15.79,0.00,0.00,4.21,0.00,0.00,0.00,65.26
11:23:03,5,17.20,0.00,10.75,0.00,0.00,4.30,0.00,0.00,0.00,67.74
11:23:03,6,14.13,0.00,13.04,0.00,0.00,4.35,0.00,0.00,0.00,68.48
11:23:03,7,11.96,0.00,10.87,0.00,0.00,5.43,0.00,0.00,0.00,71.74
11:23:03,12,14.74,0.00,12.63,0.00,0.00,5.26,0.00,0.00,0.00,67.37
11:23:03,13,20.00,0.00,14.74,0.00,0.00,4.21,0.00,0.00,0.00,61.05
11:23:03,14,13.98,0.00,13.98,0.00,0.00,4.30,0.00,0.00,0.00,67.74
11:23:03,15,12.63,0.00,13.68,0.00,0.00,5.26,0.00,0.00,0.00,68.42
11:23:04,4,16.30,0.00,11.96,0.00,0.00,3.26,0.00,0.00,0.00,68.48
11:23:04,5,14.58,0.00,15.62,0.00,0.00,5.21,0.00,0.00,0.00,64.58
11:23:04,6,15.96,0.00,12.77,0.00,0.00,3.19,0.00,0.00,0.00,68.09
11:23:04,7,11.70,0.00,10.64,0.00,0.00,4.26,0.00,0.00,0.00,73.40
11:23:04,12,13.98,0.00,11.83,0.00,0.00,4.30,0.00,0.00,0.00,69.89
11:23:04,13,15.38,0.00,13.19,0.00,0.00,4.40,0.00,0.00,0.00,67.03
11:23:04,14,16.13,0.00,11.83,0.00,0.00,4.30,0.00,0.00,0.00,67.74
11:23:04,15,12.77,0.00,12.77,0.00,0.00,4.26,0.00,0.00,0.00,70.21
11:23:05,4,16.13,0.00,13.98,0.00,0.00,4.30,0.00,0.00,0.00,65.59
11:23:05,5,14.29,0.00,12.09,0.00,0.00,4.40,0.00,0.00,0.00,69.23
11:23:05,6,13.04,0.00,11.96,0.00,0.00,5.43,0.00,0.00,0.00,69.57
11:23:05,7,12.77,0.00,10.64,0.00,0.00,5.32,0.00,0.00,0.00,71.28
11:23:05,12,13.83,0.00,13.83,0.00,0.00,6.38,0.00,0.00,0.00,65.96
11:23:05,13,13.98,0.00,12.90,0.00,0.00,5.38,0.00,0.00,0.00,67.74
11:23:05,14,14.29,0.00,9.89,0.00,0.00,5.49,0.00,0.00,0.00,70.33
11:23:05,15,10.99,0.00,12.09,0.00,0.00,4.40,0.00,0.00,0.00,72.53
11:23:06,4,14.77,0.00,12.50,0.00,0.00,3.41,0.00,0.00,0.00,69.32
11:23:06,5,14.44,0.00,12.22,0.00,0.00,6.67,0.00,0.00,0.00,66.67
11:23:06,6,13.68,0.00,12.63,0.00,0.00,5.26,0.00,0.00,0.00,68.42
11:23:06,7,13.68,0.00,11.58,0.00,0.00,5.26,0.00,0.00,0.00,69.47
11:23:06,12,14.13,0.00,13.04,0.00,0.00,4.35,0.00,0.00,0.00,68.48
11:23:06,13,16.13,0.00,13.98,0.00,0.00,3.23,0.00,0.00,0.00,66.67
11:23:06,14,14.74,0.00,11.58,0.00,0.00,5.26,0.00,0.00,0.00,68.42
11:23:06,15,12.77,0.00,10.64,0.00,0.00,3.19,0.00,0.00,0.00,73.40
11:23:07,4,13.19,0.00,10.99,0.00,0.00,5.49,0.00,0.00,0.00,70.33
11:23:07,5,13.04,0.00,13.04,0.00,0.00,4.35,0.00,0.00,0.00,69.57
11:23:07,6,13.98,0.00,11.83,0.00,0.00,4.30,0.00,0.00,0.00,69.89
11:23:07,7,11.96,0.00,11.96,0.00,0.00,4.35,0.00,0.00,0.00,71.74
11:23:07,12,14.89,0.00,11.70,0.00,0.00,4.26,0.00,0.00,0.00,69.15
11:23:07,13,13.98,0.00,12.90,0.00,0.00,3.23,0.00,0.00,0.00,69.89
11:23:07,14,12.77,0.00,11.70,1.06,0.00,5.32,0.00,0.00,0.00,69.15
11:23:07,15,12.09,0.00,10.99,0.00,0.00,4.40,0.00,0.00,0.00,72.53
11:23:08,4,14.74,0.00,13.68,0.00,0.00,4.21,0.00,0.00,0.00,67.37
11:23:08,5,16.48,0.00,10.99,0.00,0.00,3.30,0.00,0.00,0.00,69.23
11:23:08,6,11.96,0.00,10.87,0.00,0.00,5.43,0.00,0.00,0.00,71.74
11:23:08,7,13.83,0.00,10.64,0.00,0.00,5.32,0.00,0.00,0.00,70.21
11:23:08,12,14.29,0.00,12.09,0.00,0.00,4.40,0.00,0.00,0.00,69.23
11:23:08,13,17.02,0.00,13.83,0.00,0.00,5.32,0.00,0.00,0.00,63.83
11:23:08,14,13.04,0.00,11.96,0.00,0.00,5.43,0.00,0.00,0.00,69.57
11:23:08,15,13.98,0.00,11.83,0.00,0.00,4.30,0.00,0.00,0.00,69.89
11:23:09,4,14.74,0.00,11.58,0.00,0.00,5.26,0.00,0.00,0.00,68.42
11:23:09,5,17.20,0.00,12.90,0.00,0.00,4.30,0.00,0.00,0.00,65.59
11:23:09,6,17.02,0.00,12.77,0.00,0.00,4.26,0.00,0.00,0.00,65.96
11:23:09,7,14.89,0.00,9.57,0.00,0.00,6.38,0.00,0.00,0.00,69.15
11:23:09,12,15.22,0.00,11.96,0.00,0.00,5.43,0.00,0.00,0.00,67.39
11:23:09,13,17.20,0.00,11.83,0.00,0.00,4.30,0.00,0.00,0.00,66.67
11:23:09,14,14.89,0.00,13.83,0.00,0.00,4.26,0.00,0.00,0.00,67.02
11:23:09,15,13.98,0.00,12.90,0.00,0.00,3.23,0.00,0.00,0.00,69.89
11:23:10,4,12.09,0.00,13.19,0.00,0.00,4.40,0.00,0.00,0.00,70.33
11:23:10,5,15.05,0.00,9.68,0.00,0.00,5.38,0.00,0.00,0.00,69.89
11:23:10,6,13.33,0.00,11.11,0.00,0.00,4.44,0.00,0.00,0.00,71.11
11:23:10,7,13.68,0.00,11.58,0.00,0.00,4.21,0.00,0.00,0.00,70.53
11:23:10,12,13.04,0.00,13.04,0.00,0.00,5.43,0.00,0.00,0.00,68.48
11:23:10,13,12.90,0.00,12.90,0.00,0.00,5.38,0.00,0.00,0.00,68.82
11:23:10,14,13.04,0.00,10.87,0.00,0.00,5.43,0.00,0.00,0.00,70.65
11:23:10,15,12.50,0.00,12.50,0.00,0.00,6.25,0.00,0.00,0.00,68.75
11:23:11,4,12.22,0.00,12.22,0.00,0.00,6.67,0.00,0.00,0.00,68.89
11:23:11,5,15.96,0.00,12.77,0.00,0.00,4.26,0.00,0.00,0.00,67.02
11:23:11,6,14.89,0.00,12.77,0.00,0.00,5.32,0.00,0.00,0.00,67.02
11:23:11,7,10.87,0.00,11.96,0.00,0.00,5.43,0.00,0.00,0.00,71.74
11:23:11,12,15.96,0.00,11.70,0.00,0.00,4.26,0.00,0.00,0.00,68.09
11:23:11,13,15.05,0.00,11.83,0.00,0.00,5.38,0.00,0.00,0.00,67.74
11:23:11,14,13.33,0.00,12.22,0.00,0.00,3.33,0.00,0.00,0.00,71.11
11:23:11,15,13.54,0.00,12.50,0.00,0.00,4.17,0.00,0.00,0.00,69.79
11:23:12,4,12.09,0.00,13.19,0.00,0.00,4.40,0.00,0.00,0.00,70.33
11:23:12,5,16.33,0.00,17.35,0.00,0.00,5.10,0.00,0.00,0.00,61.22
11:23:12,6,15.96,0.00,11.70,1.06,0.00,5.32,0.00,0.00,0.00,65.96
11:23:12,7,14.89,0.00,10.64,0.00,0.00,4.26,0.00,0.00,0.00,70.21
11:23:12,12,13.33,0.00,12.22,0.00,0.00,3.33,0.00,0.00,0.00,71.11
11:23:12,13,15.56,0.00,10.00,0.00,0.00,3.33,0.00,0.00,0.00,71.11
11:23:12,14,16.30,0.00,10.87,0.00,0.00,4.35,0.00,0.00,0.00,68.48
11:23:12,15,13.04,0.00,13.04,0.00,0.00,4.35,0.00,0.00,0.00,69.57
11:23:13,4,16.84,0.00,13.68,0.00,0.00,4.21,0.00,0.00,0.00,65.26
11:23:13,5,16.13,0.00,16.13,0.00,0.00,4.30,0.00,0.00,0.00,63.44
11:23:13,6,13.68,0.00,13.68,0.00,0.00,4.21,0.00,0.00,0.00,68.42
11:23:13,7,13.68,0.00,10.53,0.00,0.00,5.26,0.00,0.00,0.00,70.53
11:23:13,12,15.05,0.00,10.75,0.00,0.00,4.30,0.00,0.00,0.00,69.89
11:23:13,13,14.74,0.00,12.63,0.00,0.00,5.26,0.00,0.00,0.00,67.37
11:23:13,14,15.05,0.00,10.75,0.00,0.00,4.30,0.00,0.00,0.00,69.89
11:23:13,15,13.54,0.00,10.42,0.00,0.00,5.21,0.00,0.00,0.00,70.83
11:23:14,4,15.62,0.00,13.54,0.00,0.00,5.21,0.00,0.00,0.00,65.62
11:23:14,5,16.48,0.00,13.19,0.00,0.00,4.40,0.00,0.00,0.00,65.93
11:23:14,6,14.89,0.00,13.83,0.00,0.00,4.26,0.00,0.00,0.00,67.02
11:23:14,7,15.05,0.00,11.83,0.00,0.00,4.30,0.00,0.00,0.00,68.82
11:23:14,12,14.89,0.00,12.77,0.00,0.00,5.32,0.00,0.00,0.00,67.02
11:23:14,13,17.58,0.00,13.19,0.00,0.00,3.30,0.00,0.00,0.00,65.93
11:23:14,14,15.05,0.00,10.75,0.00,0.00,5.38,0.00,0.00,0.00,68.82
11:23:14,15,16.30,0.00,9.78,0.00,0.00,4.35,0.00,0.00,0.00,69.57
11:23:15,4,12.22,0.00,13.33,0.00,0.00,3.33,0.00,0.00,0.00,71.11
11:23:15,5,16.84,0.00,13.68,0.00,0.00,5.26,0.00,0.00,0.00,64.21
11:23:15,6,13.98,0.00,11.83,0.00,0.00,5.38,0.00,0.00,0.00,68.82
11:23:15,7,12.90,0.00,12.90,0.00,0.00,5.38,0.00,0.00,0.00,68.82
11:23:15,12,15.22,0.00,10.87,0.00,0.00,4.35,0.00,0.00,0.00,69.57
11:23:15,13,13.04,0.00,11.96,0.00,0.00,5.43,0.00,0.00,0.00,69.57
11:23:15,14,13.68,0.00,12.63,0.00,0.00,5.26,0.00,0.00,0.00,68.42
11:23:15,15,14.74,0.00,11.58,0.00,0.00,5.26,0.00,0.00,0.00,68.42
11:23:16,4,13.98,0.00,10.75,0.00,0.00,4.30,0.00,0.00,0.00,70.97
11:23:16,5,15.96,0.00,11.70,0.00,0.00,5.32,0.00,0.00,0.00,67.02
11:23:16,6,16.13,0.00,11.83,0.00,0.00,4.30,0.00,0.00,0.00,67.74
11:23:16,7,13.98,0.00,11.83,0.00,0.00,3.23,0.00,0.00,0.00,70.97
11:23:16,12,12.90,0.00,12.90,0.00,0.00,5.38,0.00,0.00,0.00,68.82
11:23:16,13,15.79,0.00,13.68,0.00,0.00,4.21,0.00,0.00,0.00,66.32
11:23:16,14,12.22,0.00,12.22,0.00,0.00,4.44,0.00,0.00,0.00,71.11
11:23:16,15,12.77,0.00,10.64,0.00,0.00,6.38,0.00,0.00,0.00,70.21
11:23:17,4,17.02,0.00,12.77,0.00,0.00,4.26,0.00,0.00,0.00,65.96
11:23:17,5,15.22,0.00,11.96,0.00,0.00,4.35,0.00,0.00,0.00,68.48
11:23:17,6,13.04,0.00,11.96,0.00,0.00,6.52,0.00,0.00,0.00,68.48
11:23:17,7,10.87,0.00,13.04,0.00,0.00,3.26,0.00,0.00,0.00,72.83
11:23:17,12,14.44,0.00,13.33,0.00,0.00,4.44,0.00,0.00,0.00,67.78
11:23:17,13,13.68,0.00,13.68,1.05,0.00,5.26,0.00,0.00,0.00,66.32
11:23:17,14,11.83,0.00,12.90,0.00,0.00,5.38,0.00,0.00,0.00,69.89
11:23:17,15,12.77,0.00,11.70,0.00,0.00,4.26,0.00,0.00,0.00,71.28
11:23:18,4,13.83,0.00,13.83,0.00,0.00,4.26,0.00,0.00,0.00,68.09
11:23:18,5,15.05,0.00,9.68,0.00,0.00,5.38,0.00,0.00,0.00,69.89
11:23:18,6,15.62,0.00,11.46,0.00,0.00,6.25,0.00,0.00,0.00,66.67
11:23:18,7,14.13,0.00,10.87,0.00,0.00,4.35,0.00,0.00,0.00,70.65
11:23:18,12,13.40,0.00,13.40,0.00,0.00,6.19,0.00,0.00,0.00,67.01
11:23:18,13,14.74,0.00,11.58,0.00,0.00,5.26,0.00,0.00,0.00,68.42
11:23:18,14,14.29,0.00,9.89,0.00,0.00,5.49,0.00,0.00,0.00,70.33
11:23:18,15,13.83,0.00,10.64,0.00,0.00,6.38,0.00,0.00,0.00,69.15
11:23:19,4,16.67,0.00,13.33,0.00,0.00,3.33,0.00,0.00,0.00,66.67
11:23:19,5,15.05,0.00,12.90,0.00,0.00,5.38,0.00,0.00,0.00,66.67
11:23:19,6,17.39,0.00,11.96,0.00,0.00,3.26,0.00,0.00,0.00,67.39
11:23:19,7,14.58,0.00,11.46,0.00,0.00,5.21,0.00,0.00,0.00,68.75
11:23:19,12,14.44,0.00,12.22,0.00,0.00,3.33,0.00,0.00,0.00,70.00
11:23:19,13,18.09,0.00,12.77,0.00,0.00,4.26,0.00,0.00,0.00,64.89
11:23:19,14,16.30,0.00,13.04,0.00,0.00,4.35,0.00,0.00,0.00,66.30
11:23:19,15,11.96,0.00,13.04,0.00,0.00,4.35,0.00,0.00,0.00,70.65
11:23:20,4,13.04,0.00,11.96,0.00,0.00,5.43,0.00,0.00,0.00,69.57
11:23:20,5,15.22,0.00,10.87,0.00,0.00,4.35,0.00,0.00,0.00,69.57
11:23:20,6,13.04,0.00,11.96,0.00,0.00,4.35,0.00,0.00,0.00,70.65
11:23:20,7,12.90,0.00,12.90,0.00,0.00,3.23,0.00,0.00,0.00,70.97
11:23:20,12,13.54,0.00,13.54,0.00,0.00,5.21,0.00,0.00,0.00,67.71
11:23:20,13,13.04,0.00,10.87,0.00,0.00,5.43,0.00,0.00,0.00,70.65
11:23:20,14,15.22,0.00,13.04,0.00,0.00,3.26,0.00,0.00,0.00,68.48
11:23:20,15,13.83,0.00,13.83,0.00,0.00,4.26,0.00,0.00,0.00,68.09
11:23:21,4,14.74,0.00,12.63,0.00,0.00,5.26,0.00,0.00,0.00,67.37
11:23:21,5,14.89,0.00,14.89,0.00,0.00,4.26,0.00,0.00,0.00,65.96
11:23:21,6,13.98,0.00,11.83,0.00,0.00,3.23,0.00,0.00,0.00,70.97
11:23:21,7,11.58,0.00,11.58,0.00,0.00,5.26,0.00,0.00,0.00,71.58
11:23:21,12,14.29,0.00,14.29,0.00,0.00,3.30,0.00,0.00,0.00,68.13
11:23:21,13,14.29,0.00,13.19,0.00,0.00,5.49,0.00,0.00,0.00,67.03
11:23:21,14,12.90,0.00,13.98,0.00,0.00,5.38,0.00,0.00,0.00,67.74
11:23:21,15,11.96,0.00,11.96,0.00,0.00,5.43,0.00,0.00,0.00,70.65
11:23:22,4,15.22,0.00,11.96,0.00,0.00,3.26,0.00,0.00,0.00,69.57
11:23:22,5,15.22,0.00,10.87,0.00,0.00,3.26,0.00,0.00,0.00,70.65
11:23:22,6,13.83,0.00,11.70,0.00,0.00,4.26,0.00,0.00,0.00,70.21
11:23:22,7,12.90,0.00,10.75,0.00,0.00,4.30,0.00,0.00,0.00,72.04
11:23:22,12,15.05,0.00,12.90,0.00,0.00,5.38,0.00,0.00,0.00,66.67
11:23:22,13,15.79,0.00,12.63,0.00,0.00,5.26,0.00,0.00,0.00,66.32
11:23:22,14,14.29,0.00,13.19,0.00,0.00,4.40,0.00,0.00,0.00,68.13
11:23:22,15,13.83,0.00,12.77,0.00,0.00,3.19,0.00,0.00,0.00,70.21
11:23:23,4,16.13,0.00,10.75,0.00,0.00,5.38,0.00,0.00,0.00,67.74
11:23:23,5,15.05,0.00,11.83,0.00,0.00,4.30,0.00,0.00,0.00,68.82
11:23:23,6,14.74,0.00,12.63,0.00,0.00,5.26,0.00,0.00,0.00,67.37
11:23:23,7,15.05,0.00,11.83,0.00,0.00,3.23,0.00,0.00,0.00,69.89
11:23:23,12,12.09,0.00,12.09,0.00,0.00,5.49,0.00,0.00,0.00,70.33
11:23:23,13,12.77,0.00,14.89,0.00,0.00,5.32,0.00,0.00,0.00,67.02
11:23:23,14,11.96,0.00,13.04,0.00,0.00,5.43,0.00,0.00,0.00,69.57
11:23:23,15,13.19,0.00,12.09,0.00,0.00,4.40,0.00,0.00,0.00,70.33
11:23:24,4,13.04,0.00,13.04,0.00,0.00,4.35,0.00,0.00,0.00,69.57
11:23:24,5,17.20,0.00,13.98,0.00,0.00,3.23,0.00,0.00,0.00,65.59
11:23:24,6,13.19,0.00,13.19,0.00,0.00,4.40,0.00,0.00,0.00,69.23
11:23:24,7,14.89,0.00,13.83,0.00,0.00,4.26,0.00,0.00,0.00,67.02
11:23:24,12,15.22,0.00,11.96,0.00,0.00,4.35,0.00,0.00,0.00,68.48
11:23:24,13,16.48,0.00,10.99,0.00,0.00,4.40,0.00,0.00,0.00,68.13
11:23:24,14,14.89,0.00,12.77,0.00,0.00,5.32,0.00,0.00,0.00,67.02
11:23:24,15,14.74,0.00,12.63,0.00,0.00,5.26,0.00,0.00,0.00,67.37
11:23:25,4,14.13,0.00,11.96,0.00,0.00,4.35,0.00,0.00,0.00,69.57
11:23:25,5,14.13,0.00,14.13,0.00,0.00,4.35,0.00,0.00,0.00,67.39
11:23:25,6,15.96,0.00,12.77,0.00,0.00,4.26,0.00,0.00,0.00,67.02
11:23:25,7,15.79,0.00,10.53,0.00,0.00,5.26,0.00,0.00,0.00,68.42
11:23:25,12,13.48,0.00,11.24,0.00,0.00,3.37,0.00,0.00,0.00,71.91
11:23:25,13,13.83,0.00,13.83,0.00,0.00,5.32,0.00,0.00,0.00,67.02
11:23:25,14,12.90,0.00,11.83,0.00,0.00,5.38,0.00,0.00,0.00,69.89
11:23:25,15,14.43,0.00,12.37,0.00,0.00,5.15,0.00,0.00,0.00,68.04
11:23:26,4,13.54,0.00,12.50,0.00,0.00,6.25,0.00,0.00,0.00,67.71
11:23:26,5,14.44,0.00,12.22,0.00,0.00,5.56,0.00,0.00,0.00,67.78
11:23:26,6,14.29,0.00,12.09,0.00,0.00,4.40,0.00,0.00,0.00,69.23
11:23:26,7,13.83,0.00,10.64,0.00,0.00,4.26,0.00,0.00,0.00,71.28
11:23:26,12,14.89,0.00,10.64,0.00,0.00,5.32,0.00,0.00,0.00,69.15
11:23:26,13,15.05,0.00,13.98,0.00,0.00,4.30,0.00,0.00,0.00,66.67
11:23:26,14,17.02,0.00,12.77,0.00,0.00,4.26,0.00,0.00,0.00,65.96
11:23:26,15,10.75,0.00,12.90,0.00,0.00,5.38,0.00,0.00,0.00,70.97
11:23:27,4,14.44,0.00,12.22,0.00,0.00,4.44,0.00,0.00,0.00,68.89
11:23:27,5,14.29,0.00,15.38,0.00,0.00,3.30,0.00,0.00,0.00,67.03
11:23:27,6,12.90,0.00,12.90,0.00,0.00,5.38,0.00,0.00,0.00,68.82
11:23:27,7,11.83,0.00,10.75,0.00,0.00,5.38,0.00,0.00,0.00,72.04
11:23:27,12,13.19,0.00,13.19,0.00,0.00,3.30,0.00,0.00,0.00,70.33
11:23:27,13,11.83,0.00,16.13,0.00,0.00,4.30,0.00,0.00,0.00,67.74
11:23:27,14,14.44,0.00,11.11,0.00,0.00,4.44,0.00,0.00,0.00,70.00
11:23:27,15,14.58,0.00,10.42,0.00,0.00,5.21,0.00,0.00,0.00,69.79
11:23:28,4,13.98,0.00,10.75,0.00,0.00,6.45,0.00,0.00,0.00,68.82
11:23:28,5,14.29,0.00,14.29,0.00,0.00,4.40,0.00,0.00,0.00,67.03
11:23:28,6,13.98,0.00,10.75,0.00,0.00,5.38,0.00,0.00,0.00,69.89
11:23:28,7,12.77,0.00,12.77,0.00,0.00,5.32,0.00,0.00,0.00,69.15
11:23:28,12,15.22,0.00,11.96,0.00,0.00,4.35,0.00,0.00,0.00,68.48
11:23:28,13,13.83,0.00,13.83,0.00,0.00,4.26,0.00,0.00,0.00,68.09
11:23:28,14,14.74,0.00,13.68,0.00,0.00,3.16,0.00,0.00,0.00,68.42
11:23:28,15,12.90,0.00,10.75,0.00,0.00,5.38,0.00,0.00,0.00,70.97
11:23:29,4,13.98,0.00,12.90,0.00,0.00,4.30,0.00,0.00,0.00,68.82
11:23:29,5,17.39,0.00,11.96,0.00,0.00,4.35,0.00,0.00,0.00,66.30
11:23:29,6,13.04,0.00,13.04,0.00,0.00,5.43,0.00,0.00,0.00,68.48
11:23:29,7,14.74,0.00,11.58,0.00,0.00,5.26,0.00,0.00,0.00,68.42
11:23:29,12,16.84,0.00,13.68,0.00,0.00,4.21,0.00,0.00,0.00,65.26
11:23:29,13,15.96,0.00,14.89,0.00,0.00,4.26,0.00,0.00,0.00,64.89
11:23:29,14,17.02,0.00,12.77,0.00,0.00,5.32,0.00,0.00,0.00,64.89
11:23:29,15,14.74,0.00,12.63,0.00,0.00,5.26,0.00,0.00,0.00,67.37
11:23:30,4,13.98,0.00,12.90,0.00,0.00,4.30,0.00,0.00,0.00,68.82
11:23:30,5,12.77,0.00,12.77,0.00,0.00,5.32,0.00,0.00,0.00,69.15
11:23:30,6,15.38,0.00,9.89,0.00,0.00,5.49,0.00,0.00,0.00,69.23
11:23:30,7,12.77,0.00,10.64,0.00,0.00,5.32,0.00,0.00,0.00,71.28
11:23:30,12,14.29,0.00,12.09,0.00,0.00,5.49,0.00,0.00,0.00,68.13
11:23:30,13,14.29,0.00,13.19,0.00,0.00,3.30,0.00,0.00,0.00,69.23
11:23:30,14,14.29,0.00,13.19,0.00,0.00,3.30,0.00,0.00,0.00,69.23
11:23:30,15,13.04,0.00,9.78,0.00,0.00,5.43,0.00,0.00,0.00,71.74
11:23:31,4,13.04,0.00,11.96,0.00,0.00,4.35,0.00,0.00,0.00,70.65
11:23:31,5,15.22,0.00,14.13,0.00,0.00,4.35,0.00,0.00,0.00,66.30
11:23:31,6,13.83,0.00,12.77,0.00,0.00,5.32,0.00,0.00,0.00,68.09
11:23:31,7,11.96,0.00,11.96,0.00,0.00,4.35,0.00,0.00,0.00,71.74
11:23:31,12,14.29,0.00,10.99,0.00,0.00,4.40,0.00,0.00,0.00,70.33
11:23:31,13,16.30,0.00,13.04,0.00,0.00,4.35,0.00,0.00,0.00,66.30
11:23:31,14,15.38,0.00,9.89,0.00,0.00,4.40,0.00,0.00,0.00,70.33
11:23:31,15,11.58,0.00,11.58,0.00,0.00,6.32,0.00,0.00,0.00,70.53
11:23:32,4,13.68,0.00,10.53,0.00,0.00,4.21,0.00,0.00,0.00,71.58
11:23:32,5,12.77,0.00,12.77,0.00,0.00,4.26,0.00,0.00,0.00,70.21
11:23:32,6,12.09,0.00,10.99,0.00,0.00,4.40,0.00,0.00,0.00,72.53
11:23:32,7,11.96,0.00,9.78,0.00,0.00,5.43,0.00,0.00,0.00,72.83
11:23:32,12,14.43,0.00,12.37,0.00,0.00,4.12,0.00,0.00,0.00,69.07
11:23:32,13,13.68,0.00,11.58,0.00,0.00,4.21,0.00,0.00,0.00,70.53
11:23:32,14,12.63,0.00,12.63,0.00,0.00,4.21,0.00,0.00,0.00,70.53
11:23:32,15,13.68,0.00,11.58,0.00,0.00,3.16,0.00,0.00,0.00,71.58
11:23:33,4,15.38,0.00,12.09,0.00,0.00,5.49,0.00,0.00,0.00,67.03
11:23:33,5,13.83,0.00,13.83,0.00,0.00,5.32,0.00,0.00,0.00,67.02
11:23:33,6,15.05,0.00,11.83,0.00,0.00,4.30,0.00,0.00,0.00,68.82
11:23:33,7,12.90,0.00,10.75,0.00,0.00,4.30,0.00,0.00,0.00,72.04
11:23:33,12,17.02,0.00,11.70,0.00,0.00,3.19,0.00,0.00,0.00,68.09
11:23:33,13,15.05,0.00,11.83,0.00,0.00,4.30,0.00,0.00,0.00,68.82
11:23:33,14,13.19,0.00,12.09,0.00,0.00,5.49,0.00,0.00,0.00,69.23
11:23:33,15,10.99,0.00,10.99,0.00,0.00,5.49,0.00,0.00,0.00,72.53
11:23:34,4,14.13,0.00,16.30,0.00,0.00,4.35,0.00,0.00,0.00,65.22
11:23:34,5,16.30,0.00,10.87,0.00,0.00,5.43,0.00,0.00,0.00,67.39
11:23:34,6,16.13,0.00,10.75,0.00,0.00,4.30,0.00,0.00,0.00,68.82
11:23:34,7,13.33,0.00,12.22,0.00,0.00,4.44,0.00,0.00,0.00,70.00
11:23:34,12,16.67,0.00,14.44,0.00,0.00,4.44,0.00,0.00,0.00,64.44
11:23:34,13,15.96,0.00,11.70,0.00,0.00,6.38,0.00,0.00,0.00,65.96
11:23:34,14,17.02,0.00,11.70,0.00,0.00,5.32,0.00,0.00,0.00,65.96
11:23:34,15,13.33,0.00,12.22,0.00,0.00,3.33,0.00,0.00,0.00,71.11
11:23:35,4,14.89,0.00,11.70,0.00,0.00,4.26,0.00,0.00,0.00,69.15
11:23:35,5,13.83,0.00,14.89,0.00,0.00,4.26,0.00,0.00,0.00,67.02
11:23:35,6,15.05,0.00,10.75,0.00,0.00,4.30,0.00,0.00,0.00,69.89
11:23:35,7,10.64,0.00,11.70,0.00,0.00,4.26,0.00,0.00,0.00,73.40
11:23:35,12,13.98,0.00,13.98,0.00,0.00,5.38,0.00,0.00,0.00,66.67
11:23:35,13,16.48,0.00,10.99,0.00,0.00,3.30,0.00,0.00,0.00,69.23
11:23:35,14,13.04,0.00,11.96,0.00,0.00,4.35,0.00,0.00,0.00,70.65
11:23:35,15,9.78,0.00,10.87,0.00,0.00,4.35,0.00,0.00,0.00,75.00
11:23:36,4,14.13,0.00,11.96,0.00,0.00,2.17,0.00,0.00,0.00,71.74
11:23:36,5,16.13,0.00,12.90,0.00,0.00,4.30,0.00,0.00,0.00,66.67
11:23:36,6,14.44,0.00,11.11,0.00,0.00,5.56,0.00,0.00,0.00,68.89
11:23:36,7,13.98,0.00,10.75,0.00,0.00,5.38,0.00,0.00,0.00,69.89
11:23:36,12,13.19,0.00,12.09,0.00,0.00,4.40,0.00,0.00,0.00,70.33
11:23:36,13,13.98,0.00,12.90,0.00,0.00,4.30,0.00,0.00,0.00,68.82
11:23:36,14,13.98,0.00,11.83,0.00,0.00,4.30,0.00,0.00,0.00,69.89
11:23:36,15,12.77,0.00,10.64,0.00,0.00,5.32,0.00,0.00,0.00,71.28
11:23:37,4,13.98,0.00,12.90,0.00,0.00,3.23,0.00,0.00,0.00,69.89
11:23:37,5,13.98,0.00,12.90,0.00,0.00,4.30,0.00,0.00,0.00,68.82
11:23:37,6,15.46,0.00,12.37,0.00,0.00,5.15,0.00,0.00,0.00,67.01
11:23:37,7,13.83,0.00,11.70,0.00,0.00,4.26,0.00,0.00,0.00,70.21
11:23:37,12,14.29,0.00,10.99,0.00,0.00,4.40,0.00,0.00,0.00,70.33
11:23:37,13,14.29,0.00,10.99,0.00,0.00,4.40,0.00,0.00,0.00,70.33
11:23:37,14,13.19,0.00,10.99,0.00,0.00,5.49,0.00,0.00,0.00,70.33
11:23:37,15,14.29,0.00,9.89,0.00,0.00,4.40,0.00,0.00,0.00,71.43
11:23:38,4,13.04,0.00,11.96,0.00,0.00,4.35,0.00,0.00,0.00,70.65
11:23:38,5,13.19,0.00,14.29,0.00,0.00,5.49,0.00,0.00,0.00,67.03
11:23:38,6,14.44,0.00,13.33,0.00,0.00,3.33,0.00,0.00,0.00,68.89
11:23:38,7,10.75,0.00,12.90,0.00,0.00,5.38,0.00,0.00,0.00,70.97
11:23:38,12,12.90,0.00,12.90,0.00,0.00,5.38,0.00,0.00,0.00,68.82
11:23:38,13,14.89,0.00,12.77,1.06,0.00,4.26,0.00,0.00,0.00,67.02
11:23:38,14,14.29,0.00,12.09,0.00,0.00,4.40,0.00,0.00,0.00,69.23
11:23:38,15,13.54,0.00,12.50,0.00,0.00,4.17,0.00,0.00,0.00,69.79
11:23:39,4,14.89,0.00,13.83,0.00,0.00,4.26,0.00,0.00,0.00,67.02
11:23:39,5,15.05,0.00,13.98,0.00,0.00,4.30,0.00,0.00,0.00,66.67
11:23:39,6,13.98,0.00,11.83,0.00,0.00,4.30,0.00,0.00,0.00,69.89
11:23:39,7,11.96,0.00,13.04,0.00,0.00,4.35,0.00,0.00,0.00,70.65
11:23:39,12,18.28,0.00,12.90,0.00,0.00,5.38,0.00,0.00,0.00,63.44
11:23:39,13,15.38,0.00,12.09,0.00,0.00,4.40,0.00,0.00,0.00,68.13
11:23:39,14,14.29,0.00,13.19,0.00,0.00,4.40,0.00,0.00,0.00,68.13
11:23:39,15,15.05,0.00,11.83,0.00,0.00,5.38,0.00,0.00,0.00,67.74
11:23:40,4,16.13,0.00,12.90,0.00,0.00,5.38,0.00,0.00,0.00,65.59
11:23:40,5,15.05,0.00,11.83,0.00,0.00,4.30,0.00,0.00,0.00,68.82
11:23:40,6,12.90,0.00,11.83,0.00,0.00,4.30,0.00,0.00,0.00,70.97
11:23:40,7,10.87,0.00,13.04,0.00,0.00,3.26,0.00,0.00,0.00,72.83
11:23:40,12,13.33,0.00,13.33,0.00,0.00,4.44,0.00,0.00,0.00,68.89
11:23:40,13,15.96,0.00,11.70,0.00,0.00,5.32,0.00,0.00,0.00,67.02
11:23:40,14,12.77,0.00,12.77,0.00,0.00,5.32,0.00,0.00,0.00,69.15
11:23:40,15,14.74,0.00,11.58,0.00,0.00,4.21,0.00,0.00,0.00,69.47
11:23:41,4,14.89,0.00,12.77,0.00,0.00,4.26,0.00,0.00,0.00,68.09
11:23:41,5,11.58,0.00,12.63,0.00,0.00,7.37,0.00,0.00,0.00,68.42
11:23:41,6,12.22,0.00,12.22,0.00,0.00,4.44,0.00,0.00,0.00,71.11
11:23:41,7,9.89,0.00,13.19,0.00,0.00,4.40,0.00,0.00,0.00,72.53
11:23:41,12,13.68,0.00,12.63,0.00,0.00,5.26,0.00,0.00,0.00,68.42
11:23:41,13,12.90,0.00,15.05,0.00,0.00,5.38,0.00,0.00,0.00,66.67
11:23:41,14,16.13,0.00,10.75,0.00,0.00,4.30,0.00,0.00,0.00,68.82
11:23:41,15,12.90,0.00,13.98,0.00,0.00,5.38,0.00,0.00,0.00,67.74
11:23:42,4,14.13,0.00,11.96,0.00,0.00,4.35,0.00,0.00,0.00,69.57
11:23:42,5,14.29,0.00,12.09,0.00,0.00,4.40,0.00,0.00,0.00,69.23
11:23:42,6,14.74,0.00,11.58,0.00,0.00,5.26,0.00,0.00,0.00,68.42
11:23:42,7,13.98,0.00,11.83,0.00,0.00,4.30,0.00,0.00,0.00,69.89
11:23:42,12,14.13,0.00,10.87,0.00,0.00,4.35,0.00,0.00,0.00,70.65
11:23:42,13,14.13,0.00,15.22,0.00,0.00,5.43,0.00,0.00,0.00,65.22
11:23:42,14,13.04,0.00,13.04,0.00,0.00,4.35,0.00,0.00,0.00,69.57
11:23:42,15,13.83,0.00,13.83,0.00,0.00,4.26,0.00,0.00,0.00,68.09
11:23:43,4,14.89,0.00,12.77,0.00,0.00,5.32,0.00,0.00,0.00,67.02
11:23:43,5,14.89,0.00,12.77,0.00,0.00,4.26,0.00,0.00,0.00,68.09
11:23:43,6,13.19,0.00,12.09,0.00,0.00,4.40,0.00,0.00,0.00,70.33
11:23:43,7,11.83,0.00,12.90,1.08,0.00,3.23,0.00,0.00,0.00,70.97
11:23:43,12,13.68,0.00,12.63,0.00,0.00,6.32,0.00,0.00,0.00,67.37
11:23:43,13,13.98,0.00,12.90,0.00,0.00,5.38,0.00,0.00,0.00,67.74
11:23:43,14,17.20,0.00,13.98,0.00,0.00,3.23,0.00,0.00,0.00,65.59
11:23:43,15,12.77,0.00,11.70,0.00,0.00,6.38,0.00,0.00,0.00,69.15
11:23:44,4,18.09,0.00,11.70,0.00,0.00,4.26,0.00,0.00,0.00,65.96
11:23:44,5,13.98,0.00,12.90,0.00,0.00,5.38,0.00,0.00,0.00,67.74
11:23:44,6,14.13,0.00,13.04,0.00,0.00,4.35,0.00,0.00,0.00,68.48
11:23:44,7,11.96,0.00,13.04,0.00,0.00,5.43,0.00,0.00,0.00,69.57
11:23:44,12,15.22,0.00,11.96,0.00,0.00,5.43,0.00,0.00,0.00,67.39
11:23:44,13,14.89,0.00,12.77,0.00,0.00,4.26,0.00,0.00,0.00,68.09
11:23:44,14,14.74,0.00,12.63,0.00,0.00,6.32,0.00,0.00,0.00,66.32
11:23:44,15,13.98,0.00,11.83,0.00,0.00,5.38,0.00,0.00,0.00,68.82
11:23:45,4,15.62,0.00,12.50,0.00,0.00,4.17,0.00,0.00,0.00,67.71
11:23:45,5,13.83,0.00,12.77,0.00,0.00,4.26,0.00,0.00,0.00,69.15
11:23:45,6,11.11,0.00,12.22,0.00,0.00,4.44,0.00,0.00,0.00,72.22
11:23:45,7,12.22,0.00,12.22,0.00,0.00,3.33,0.00,0.00,0.00,72.22
11:23:45,12,14.74,0.00,12.63,0.00,0.00,4.21,0.00,0.00,0.00,68.42
11:23:45,13,13.83,0.00,12.77,0.00,0.00,5.32,0.00,0.00,0.00,68.09
11:23:45,14,12.77,0.00,12.77,0.00,0.00,5.32,0.00,0.00,0.00,69.15
11:23:45,15,14.89,0.00,11.70,0.00,0.00,4.26,0.00,0.00,0.00,69.15
11:23:46,4,13.98,0.00,12.90,0.00,0.00,6.45,0.00,0.00,0.00,66.67
11:23:46,5,16.48,0.00,12.09,0.00,0.00,3.30,0.00,0.00,0.00,68.13
11:23:46,6,12.63,0.00,13.68,0.00,0.00,5.26,0.00,0.00,0.00,68.42
11:23:46,7,13.19,0.00,10.99,0.00,0.00,4.40,0.00,0.00,0.00,71.43
11:23:46,12,13.83,0.00,12.77,0.00,0.00,5.32,0.00,0.00,0.00,68.09
11:23:46,13,13.04,0.00,13.04,0.00,0.00,4.35,0.00,0.00,0.00,69.57
11:23:46,14,13.33,0.00,12.22,0.00,0.00,3.33,0.00,0.00,0.00,71.11
11:23:46,15,13.83,0.00,11.70,0.00,0.00,4.26,0.00,0.00,0.00,70.21
11:23:47,4,15.38,0.00,12.09,0.00,0.00,4.40,0.00,0.00,0.00,68.13
11:23:47,5,15.79,0.00,13.68,0.00,0.00,4.21,0.00,0.00,0.00,66.32
11:23:47,6,14.13,0.00,11.96,0.00,0.00,4.35,0.00,0.00,0.00,69.57
11:23:47,7,12.22,0.00,11.11,0.00,0.00,4.44,0.00,0.00,0.00,72.22
11:23:47,12,14.13,0.00,10.87,0.00,0.00,4.35,0.00,0.00,0.00,70.65
11:23:47,13,15.38,0.00,12.09,0.00,0.00,4.40,0.00,0.00,0.00,68.13
11:23:47,14,13.19,0.00,12.09,0.00,0.00,4.40,0.00,0.00,0.00,70.33
11:23:47,15,13.68,0.00,11.58,0.00,0.00,4.21,0.00,0.00,0.00,70.53
11:23:48,4,14.44,0.00,10.00,0.00,0.00,4.44,0.00,0.00,0.00,71.11
11:23:48,5,13.98,0.00,11.83,1.08,0.00,5.38,0.00,0.00,0.00,67.74
11:23:48,6,14.89,0.00,12.77,0.00,0.00,5.32,0.00,0.00,0.00,67.02
11:23:48,7,12.90,0.00,10.75,0.00,0.00,5.38,0.00,0.00,0.00,70.97
11:23:48,12,12.90,0.00,12.90,0.00,0.00,5.38,0.00,0.00,0.00,68.82
11:23:48,13,13.98,0.00,15.05,0.00,0.00,4.30,0.00,0.00,0.00,66.67
11:23:48,14,12.63,0.00,12.63,0.00,0.00,6.32,0.00,0.00,0.00,68.42
11:23:48,15,13.19,0.00,8.79,0.00,0.00,5.49,0.00,0.00,0.00,72.53
11:23:49,4,18.28,0.00,11.83,0.00,0.00,5.38,0.00,0.00,0.00,64.52
11:23:49,5,14.29,0.00,15.38,0.00,0.00,5.49,0.00,0.00,0.00,64.84
11:23:49,6,14.89,0.00,12.77,0.00,0.00,5.32,0.00,0.00,0.00,67.02
11:23:49,7,13.68,0.00,14.74,0.00,0.00,4.21,0.00,0.00,0.00,67.37
11:23:49,12,18.95,0.00,12.63,0.00,0.00,4.21,0.00,0.00,0.00,64.21
11:23:49,13,14.29,0.00,13.19,0.00,0.00,3.30,0.00,0.00,0.00,69.23
11:23:49,14,14.44,0.00,10.00,0.00,0.00,4.44,0.00,0.00,0.00,71.11
11:23:49,15,13.83,0.00,10.64,0.00,0.00,5.32,0.00,0.00,0.00,70.21
11:23:50,4,11.96,0.00,14.13,0.00,0.00,4.35,0.00,0.00,0.00,69.57
11:23:50,5,12.90,0.00,11.83,0.00,0.00,5.38,0.00,0.00,0.00,69.89
11:23:50,6,13.04,0.00,13.04,0.00,0.00,4.35,0.00,0.00,0.00,69.57
11:23:50,7,13.04,0.00,9.78,0.00,0.00,6.52,0.00,0.00,0.00,70.65
11:23:50,12,12.77,0.00,12.77,0.00,0.00,5.32,0.00,0.00,0.00,69.15
11:23:50,13,13.54,0.00,12.50,0.00,0.00,6.25,0.00,0.00,0.00,67.71
11:23:50,14,11.96,0.00,13.04,0.00,0.00,4.35,0.00,0.00,0.00,70.65
11:23:50,15,15.05,0.00,11.83,0.00,0.00,4.30,0.00,0.00,0.00,68.82
11:23:51,4,16.13,0.00,12.90,0.00,0.00,5.38,0.00,0.00,0.00,65.59
11:23:51,5,13.48,0.00,11.24,0.00,0.00,4.49,0.00,0.00,0.00,70.79
11:23:51,6,14.89,0.00,11.70,0.00,0.00,5.32,0.00,0.00,0.00,68.09
11:23:51,7,12.09,0.00,10.99,0.00,0.00,3.30,0.00,0.00,0.00,73.63
11:23:51,12,12.22,0.00,11.11,0.00,0.00,5.56,0.00,0.00,0.00,71.11
11:23:51,13,16.13,0.00,10.75,0.00,0.00,4.30,0.00,0.00,0.00,68.82
11:23:51,14,15.05,0.00,12.90,0.00,0.00,4.30,0.00,0.00,0.00,67.74
11:23:51,15,11.96,0.00,9.78,0.00,0.00,5.43,0.00,0.00,0.00,72.83
11:23:52,4,13.40,0.00,15.46,0.00,0.00,6.19,0.00,0.00,0.00,64.95
11:23:52,5,15.22,0.00,13.04,0.00,0.00,3.26,0.00,0.00,0.00,68.48
11:23:52,6,15.56,0.00,10.00,0.00,0.00,4.44,0.00,0.00,0.00,70.00
11:23:52,7,12.90,0.00,11.83,0.00,0.00,4.30,0.00,0.00,0.00,70.97
11:23:52,12,13.19,0.00,12.09,0.00,0.00,4.40,0.00,0.00,0.00,70.33
11:23:52,13,15.22,0.00,11.96,0.00,0.00,3.26,0.00,0.00,0.00,69.57
11:23:52,14,13.83,0.00,13.83,0.00,0.00,5.32,0.00,0.00,0.00,67.02
11:23:52,15,13.19,0.00,12.09,0.00,0.00,3.30,0.00,0.00,0.00,71.43
11:23:53,4,12.09,0.00,12.09,0.00,0.00,4.40,0.00,0.00,0.00,71.43
11:23:53,5,14.13,0.00,14.13,0.00,0.00,4.35,0.00,0.00,0.00,67.39
11:23:53,6,13.98,0.00,11.83,1.08,0.00,4.30,0.00,0.00,0.00,68.82
11:23:53,7,14.13,0.00,11.96,0.00,0.00,4.35,0.00,0.00,0.00,69.57
11:23:53,12,15.79,0.00,11.58,1.05,0.00,4.21,0.00,0.00,0.00,67.37
11:23:53,13,14.29,0.00,12.09,0.00,0.00,4.40,0.00,0.00,0.00,69.23
11:23:53,14,11.83,0.00,12.90,0.00,0.00,4.30,0.00,0.00,0.00,70.97
11:23:53,15,14.58,0.00,13.54,0.00,0.00,4.17,0.00,0.00,0.00,67.71
11:23:54,4,15.22,0.00,13.04,0.00,0.00,4.35,0.00,0.00,0.00,67.39
11:23:54,5,15.22,0.00,13.04,0.00,0.00,4.35,0.00,0.00,0.00,67.39
11:23:54,6,14.13,0.00,11.96,0.00,0.00,4.35,0.00,0.00,0.00,69.57
11:23:54,7,12.90,0.00,11.83,0.00,0.00,5.38,0.00,0.00,0.00,69.89
11:23:54,12,16.30,0.00,11.96,0.00,0.00,4.35,0.00,0.00,0.00,67.39
11:23:54,13,15.62,0.00,12.50,0.00,0.00,5.21,0.00,0.00,0.00,66.67
11:23:54,14,14.13,0.00,11.96,0.00,0.00,3.26,0.00,0.00,0.00,70.65
11:23:54,15,11.83,0.00,12.90,0.00,0.00,4.30,0.00,0.00,0.00,70.97
11:23:55,4,15.05,0.00,11.83,0.00,0.00,5.38,0.00,0.00,0.00,67.74
11:23:55,5,16.13,0.00,12.90,0.00,0.00,4.30,0.00,0.00,0.00,66.67
11:23:55,6,11.96,0.00,10.87,0.00,0.00,6.52,0.00,0.00,0.00,70.65
11:23:55,7,13.83,0.00,10.64,0.00,0.00,4.26,0.00,0.00,0.00,71.28
11:23:55,12,15.22,0.00,13.04,0.00,0.00,4.35,0.00,0.00,0.00,67.39
11:23:55,13,15.38,0.00,16.48,0.00,0.00,3.30,0.00,0.00,0.00,64.84
11:23:55,14,14.29,0.00,13.19,1.10,0.00,3.30,0.00,0.00,0.00,68.13
11:23:55,15,13.98,0.00,11.83,0.00,0.00,4.30,0.00,0.00,0.00,69.89
11:23:56,4,13.83,0.00,12.77,0.00,0.00,4.26,0.00,0.00,0.00,69.15
11:23:56,5,13.98,0.00,11.83,0.00,0.00,5.38,0.00,0.00,0.00,68.82
11:23:56,6,14.74,0.00,12.63,0.00,0.00,4.21,0.00,0.00,0.00,68.42
11:23:56,7,12.63,0.00,13.68,0.00,0.00,5.26,0.00,0.00,0.00,68.42
11:23:56,12,12.77,0.00,13.83,0.00,0.00,4.26,0.00,0.00,0.00,69.15
11:23:56,13,12.90,0.00,15.05,0.00,0.00,4.30,0.00,0.00,0.00,67.74
11:23:56,14,13.98,0.00,12.90,0.00,0.00,3.23,0.00,0.00,0.00,69.89
11:23:56,15,11.24,0.00,10.11,0.00,0.00,5.62,0.00,0.00,0.00,73.03
11:23:57,4,14.74,0.00,12.63,0.00,0.00,4.21,0.00,0.00,0.00,68.42
11:23:57,5,13.48,0.00,12.36,0.00,0.00,4.49,0.00,0.00,0.00,69.66
11:23:57,6,13.98,0.00,11.83,0.00,0.00,5.38,0.00,0.00,0.00,68.82
11:23:57,7,13.04,0.00,11.96,0.00,0.00,3.26,0.00,0.00,0.00,71.74
11:23:57,12,15.05,0.00,10.75,0.00,0.00,4.30,0.00,0.00,0.00,69.89
11:23:57,13,14.89,0.00,11.70,0.00,0.00,4.26,0.00,0.00,0.00,69.15
11:23:57,14,17.02,0.00,10.64,0.00,0.00,3.19,0.00,0.00,0.00,69.15
11:23:57,15,13.19,0.00,12.09,0.00,0.00,3.30,0.00,0.00,0.00,71.43
11:23:58,4,14.13,0.00,11.96,0.00,0.00,5.43,0.00,0.00,0.00,68.48
11:23:58,5,14.13,0.00,11.96,0.00,0.00,5.43,0.00,0.00,0.00,68.48
11:23:58,6,13.04,0.00,11.96,0.00,0.00,4.35,0.00,0.00,0.00,70.65
11:23:58,7,11.11,0.00,11.11,0.00,0.00,3.33,0.00,0.00,0.00,74.44
11:23:58,12,12.77,0.00,12.77,0.00,0.00,4.26,0.00,0.00,0.00,70.21
11:23:58,13,13.04,0.00,16.30,0.00,0.00,3.26,0.00,0.00,0.00,67.39
11:23:58,14,14.29,0.00,12.09,0.00,0.00,5.49,0.00,0.00,0.00,68.13
11:23:58,15,14.74,0.00,11.58,0.00,0.00,4.21,0.00,0.00,0.00,69.47
11:23:59,4,13.68,0.00,12.63,0.00,0.00,5.26,0.00,0.00,0.00,68.42
11:23:59,5,15.79,0.00,12.63,0.00,0.00,4.21,0.00,0.00,0.00,67.37
11:23:59,6,13.98,0.00,12.90,0.00,0.00,3.23,0.00,0.00,0.00,69.89
11:23:59,7,12.09,0.00,9.89,0.00,0.00,4.40,0.00,0.00,0.00,73.63
11:23:59,12,10.75,0.00,16.13,0.00,0.00,5.38,0.00,0.00,0.00,67.74
11:23:59,13,15.96,0.00,11.70,0.00,0.00,6.38,0.00,0.00,0.00,65.96
11:23:59,14,15.05,0.00,11.83,0.00,0.00,4.30,0.00,0.00,0.00,68.82
11:23:59,15,13.04,0.00,11.96,0.00,0.00,5.43,0.00,0.00,0.00,69.57
11:24:00,4,12.77,0.00,12.77,0.00,0.00,6.38,0.00,0.00,0.00,68.09
11:24:00,5,15.62,0.00,12.50,0.00,0.00,5.21,0.00,0.00,0.00,66.67
11:24:00,6,14.13,0.00,10.87,0.00,0.00,6.52,0.00,0.00,0.00,68.48
11:24:00,7,13.83,0.00,13.83,0.00,0.00,4.26,0.00,0.00,0.00,68.09
11:24:00,12,14.13,0.00,11.96,0.00,0.00,4.35,0.00,0.00,0.00,69.57
11:24:00,13,19.57,0.00,11.96,0.00,0.00,4.35,0.00,0.00,0.00,64.13
11:24:00,14,14.74,0.00,13.68,0.00,0.00,4.21,0.00,0.00,0.00,67.37
11:24:00,15,15.79,0.00,11.58,0.00,0.00,5.26,0.00,0.00,0.00,67.37
11:24:01,4,14.13,0.00,10.87,0.00,0.00,4.35,0.00,0.00,0.00,70.65
11:24:01,5,15.22,0.00,9.78,0.00,0.00,4.35,0.00,0.00,0.00,70.65
11:24:01,6,12.63,0.00,11.58,0.00,0.00,5.26,0.00,0.00,0.00,70.53
11:24:01,7,11.96,0.00,10.87,0.00,0.00,4.35,0.00,0.00,0.00,72.83
11:24:01,12,16.84,0.00,13.68,0.00,0.00,4.21,0.00,0.00,0.00,65.26
11:24:01,13,15.05,0.00,11.83,0.00,0.00,4.30,0.00,0.00,0.00,68.82
11:24:01,14,11.83,0.00,11.83,0.00,0.00,6.45,0.00,0.00,0.00,69.89
11:24:01,15,14.13,0.00,11.96,0.00,0.00,4.35,0.00,0.00,0.00,69.57
11:24:02,4,13.04,0.00,11.96,0.00,0.00,4.35,0.00,0.00,0.00,70.65
11:24:02,5,15.91,0.00,11.36,0.00,0.00,3.41,0.00,0.00,0.00,69.32
11:24:02,6,12.90,0.00,12.90,0.00,0.00,5.38,0.00,0.00,0.00,68.82
11:24:02,7,13.04,0.00,9.78,0.00,0.00,5.43,0.00,0.00,0.00,71.74
11:24:02,12,14.89,0.00,10.64,0.00,0.00,5.32,0.00,0.00,0.00,69.15
11:24:02,13,16.30,0.00,14.13,0.00,0.00,5.43,0.00,0.00,0.00,64.13
11:24:02,14,15.38,0.00,9.89,0.00,0.00,4.40,0.00,0.00,0.00,70.33
11:24:02,15,13.19,0.00,9.89,0.00,0.00,4.40,0.00,0.00,0.00,72.53
11:24:03,4,16.13,0.00,13.98,0.00,0.00,4.30,0.00,0.00,0.00,65.59
11:24:03,5,14.13,0.00,14.13,0.00,0.00,5.43,0.00,0.00,0.00,66.30
11:24:03,6,13.04,0.00,11.96,0.00,0.00,4.35,0.00,0.00,0.00,70.65
11:24:03,7,12.63,0.00,12.63,0.00,0.00,4.21,0.00,0.00,0.00,70.53
11:24:03,12,15.79,0.00,10.53,0.00,0.00,5.26,0.00,0.00,0.00,68.42
11:24:03,13,15.05,0.00,13.98,0.00,0.00,5.38,0.00,0.00,0.00,65.59
11:24:03,14,13.68,0.00,11.58,0.00,0.00,6.32,0.00,0.00,0.00,68.42
11:24:03,15,12.90,0.00,11.83,0.00,0.00,4.30,0.00,0.00,0.00,70.97
11:24:04,4,15.31,0.00,13.27,0.00,0.00,6.12,0.00,0.00,0.00,65.31
11:24:04,5,14.13,0.00,14.13,0.00,0.00,3.26,0.00,0.00,0.00,68.48
11:24:04,6,15.79,0.00,11.58,0.00,0.00,5.26,0.00,0.00,0.00,67.37
11:24:04,7,11.58,0.00,13.68,0.00,0.00,5.26,0.00,0.00,0.00,69.47
11:24:04,12,13.19,0.00,10.99,0.00,0.00,4.40,0.00,0.00,0.00,71.43
11:24:04,13,11.96,0.00,14.13,0.00,0.00,4.35,0.00,0.00,0.00,69.57
11:24:04,14,13.19,0.00,12.09,0.00,0.00,4.40,0.00,0.00,0.00,70.33
11:24:04,15,12.63,0.00,11.58,0.00,0.00,6.32,0.00,0.00,0.00,69.47
11:24:05,4,15.38,0.00,13.19,0.00,0.00,5.49,0.00,0.00,0.00,65.93
11:24:05,5,14.74,0.00,13.68,0.00,0.00,4.21,0.00,0.00,0.00,67.37
11:24:05,6,15.22,0.00,14.13,0.00,0.00,4.35,0.00,0.00,0.00,66.30
11:24:05,7,15.05,0.00,11.83,0.00,0.00,4.30,0.00,0.00,0.00,68.82
11:24:05,12,13.98,0.00,13.98,0.00,0.00,4.30,0.00,0.00,0.00,67.74
11:24:05,13,14.29,0.00,12.09,0.00,0.00,5.49,0.00,0.00,0.00,68.13
11:24:05,14,13.04,0.00,11.96,0.00,0.00,4.35,0.00,0.00,0.00,70.65
11:24:05,15,13.98,0.00,11.83,0.00,0.00,4.30,0.00,0.00,0.00,69.89
11:24:06,4,15.22,0.00,10.87,0.00,0.00,4.35,0.00,0.00,0.00,69.57
11:24:06,5,13.98,0.00,13.98,0.00,0.00,4.30,0.00,0.00,0.00,67.74
11:24:06,6,11.83,0.00,12.90,0.00,0.00,5.38,0.00,0.00,0.00,69.89
11:24:06,7,14.89,0.00,9.57,0.00,0.00,6.38,0.00,0.00,0.00,69.15
11:24:06,12,14.43,0.00,13.40,0.00,0.00,5.15,0.00,0.00,0.00,67.01
11:24:06,13,13.19,0.00,9.89,0.00,0.00,4.40,0.00,0.00,0.00,72.53
11:24:06,14,13.83,0.00,11.70,0.00,0.00,6.38,0.00,0.00,0.00,68.09
11:24:06,15,13.83,0.00,12.77,0.00,0.00,5.32,0.00,0.00,0.00,68.09
11:24:07,4,13.04,0.00,13.04,0.00,0.00,3.26,0.00,0.00,0.00,70.65
11:24:07,5,15.22,0.00,13.04,0.00,0.00,4.35,0.00,0.00,0.00,67.39
11:24:07,6,14.13,0.00,11.96,0.00,0.00,4.35,0.00,0.00,0.00,69.57
11:24:07,7,12.63,0.00,13.68,0.00,0.00,5.26,0.00,0.00,0.00,68.42
11:24:07,12,12.22,0.00,13.33,0.00,0.00,2.22,0.00,0.00,0.00,72.22
11:24:07,13,15.96,0.00,12.77,0.00,0.00,3.19,0.00,0.00,0.00,68.09
11:24:07,14,14.89,0.00,10.64,0.00,0.00,4.26,0.00,0.00,0.00,70.21
11:24:07,15,12.90,0.00,11.83,0.00,0.00,3.23,0.00,0.00,0.00,72.04
11:24:08,4,14.29,0.00,12.09,0.00,0.00,5.49,0.00,0.00,0.00,68.13
11:24:08,5,17.02,0.00,13.83,0.00,0.00,4.26,0.00,0.00,0.00,64.89
11:24:08,6,15.38,0.00,12.09,0.00,0.00,4.40,0.00,0.00,0.00,68.13
11:24:08,7,12.37,0.00,12.37,0.00,0.00,4.12,0.00,0.00,0.00,71.13
11:24:08,12,13.98,0.00,12.90,0.00,0.00,6.45,0.00,0.00,0.00,66.67
11:24:08,13,15.22,0.00,16.30,0.00,0.00,4.35,0.00,0.00,0.00,64.13
11:24:08,14,13.83,0.00,11.70,0.00,0.00,6.38,0.00,0.00,0.00,68.09
11:24:08,15,11.58,0.00,12.63,0.00,0.00,4.21,0.00,0.00,0.00,71.58
11:24:09,4,13.83,0.00,12.77,0.00,0.00,5.32,0.00,0.00,0.00,68.09
11:24:09,5,14.29,0.00,13.19,0.00,0.00,4.40,0.00,0.00,0.00,68.13
11:24:09,6,13.98,0.00,11.83,0.00,0.00,4.30,0.00,0.00,0.00,69.89
11:24:09,7,12.09,0.00,10.99,0.00,0.00,3.30,0.00,0.00,0.00,73.63
11:24:09,12,14.13,0.00,13.04,0.00,0.00,5.43,0.00,0.00,0.00,67.39
11:24:09,13,15.56,0.00,12.22,0.00,0.00,4.44,0.00,0.00,0.00,67.78
11:24:09,14,13.19,0.00,12.09,0.00,0.00,5.49,0.00,0.00,0.00,69.23
11:24:09,15,13.54,0.00,12.50,0.00,0.00,5.21,0.00,0.00,0.00,68.75
11:24:10,4,15.96,0.00,14.89,0.00,0.00,5.32,0.00,0.00,0.00,63.83
11:24:10,5,15.38,0.00,9.89,0.00,0.00,6.59,0.00,0.00,0.00,68.13
11:24:10,6,16.13,0.00,12.90,0.00,0.00,4.30,0.00,0.00,0.00,66.67
11:24:10,7,10.87,0.00,10.87,0.00,0.00,4.35,0.00,0.00,0.00,73.91
11:24:10,12,17.89,0.00,10.53,0.00,0.00,5.26,0.00,0.00,0.00,66.32
11:24:10,13,19.57,0.00,13.04,0.00,0.00,4.35,0.00,0.00,0.00,63.04
11:24:10,14,15.96,0.00,12.77,0.00,0.00,5.32,0.00,0.00,0.00,65.96
11:24:10,15,10.99,0.00,10.99,0.00,0.00,5.49,0.00,0.00,0.00,72.53
11:24:11,4,14.89,0.00,11.70,0.00,0.00,5.32,0.00,0.00,0.00,68.09
11:24:11,5,17.20,0.00,12.90,0.00,0.00,4.30,0.00,0.00,0.00,65.59
11:24:11,6,12.90,0.00,12.90,0.00,0.00,4.30,0.00,0.00,0.00,69.89
11:24:11,7,11.83,0.00,11.83,0.00,0.00,4.30,0.00,0.00,0.00,72.04
11:24:11,12,13.48,0.00,14.61,0.00,0.00,4.49,0.00,0.00,0.00,67.42
11:24:11,13,15.22,0.00,11.96,0.00,0.00,4.35,0.00,0.00,0.00,68.48
11:24:11,14,13.33,0.00,12.22,0.00,0.00,4.44,0.00,0.00,0.00,70.00
11:24:11,15,12.22,0.00,10.00,0.00,0.00,4.44,0.00,0.00,0.00,73.33
11:24:12,4,15.22,0.00,13.04,0.00,0.00,5.43,0.00,0.00,0.00,66.30
11:24:12,5,13.98,0.00,13.98,0.00,0.00,4.30,0.00,0.00,0.00,67.74
11:24:12,6,14.13,0.00,10.87,0.00,0.00,3.26,0.00,0.00,0.00,71.74
11:24:12,7,12.90,0.00,10.75,0.00,0.00,4.30,0.00,0.00,0.00,72.04
11:24:12,12,13.54,0.00,13.54,0.00,0.00,5.21,0.00,0.00,0.00,67.71
11:24:12,13,14.13,0.00,11.96,0.00,0.00,6.52,0.00,0.00,0.00,67.39
11:24:12,14,13.83,0.00,13.83,0.00,0.00,4.26,0.00,0.00,0.00,68.09
11:24:12,15,11.83,0.00,10.75,0.00,0.00,5.38,0.00,0.00,0.00,72.04
11:24:13,4,13.98,0.00,11.83,0.00,0.00,4.30,0.00,0.00,0.00,69.89
11:24:13,5,13.54,0.00,14.58,0.00,0.00,5.21,0.00,0.00,0.00,66.67
11:24:13,6,13.33,0.00,13.33,1.11,0.00,4.44,0.00,0.00,0.00,67.78
11:24:13,7,15.62,0.00,11.46,0.00,0.00,4.17,0.00,0.00,0.00,68.75
11:24:13,12,15.56,0.00,10.00,0.00,0.00,3.33,0.00,0.00,0.00,71.11
11:24:13,13,14.44,0.00,11.11,0.00,0.00,3.33,0.00,0.00,0.00,71.11
11:24:13,14,15.38,0.00,9.89,0.00,0.00,5.49,0.00,0.00,0.00,69.23
11:24:13,15,11.83,0.00,11.83,0.00,0.00,4.30,0.00,0.00,0.00,72.04
11:24:14,4,15.22,0.00,11.96,0.00,0.00,5.43,0.00,0.00,0.00,67.39
11:24:14,5,14.43,0.00,13.40,0.00,0.00,6.19,0.00,0.00,0.00,65.98
11:24:14,6,12.50,0.00,13.54,0.00,0.00,5.21,0.00,0.00,0.00,68.75
11:24:14,7,11.96,0.00,11.96,0.00,0.00,3.26,0.00,0.00,0.00,72.83
11:24:14,12,14.43,0.00,12.37,0.00,0.00,6.19,0.00,0.00,0.00,67.01
11:24:14,13,12.63,0.00,13.68,0.00,0.00,5.26,0.00,0.00,0.00,68.42
11:24:14,14,14.74,0.00,15.79,0.00,0.00,3.16,0.00,0.00,0.00,66.32
11:24:14,15,12.90,0.00,10.75,0.00,0.00,4.30,0.00,0.00,0.00,72.04
11:24:15,4,15.05,0.00,16.13,0.00,0.00,4.30,0.00,0.00,0.00,64.52
11:24:15,5,16.48,0.00,15.38,0.00,0.00,4.40,0.00,0.00,0.00,63.74
11:24:15,6,16.67,0.00,12.50,0.00,0.00,4.17,0.00,0.00,0.00,66.67
11:24:15,7,11.96,0.00,10.87,0.00,0.00,4.35,0.00,0.00,0.00,72.83
11:24:15,12,17.58,0.00,12.09,0.00,0.00,4.40,0.00,0.00,0.00,65.93
11:24:15,13,18.09,0.00,14.89,0.00,0.00,4.26,0.00,0.00,0.00,62.77
11:24:15,14,15.22,0.00,11.96,0.00,0.00,4.35,0.00,0.00,0.00,68.48
11:24:15,15,10.99,0.00,12.09,0.00,0.00,4.40,0.00,0.00,0.00,72.53
11:24:16,4,13.98,0.00,12.90,0.00,0.00,6.45,0.00,0.00,0.00,66.67
11:24:16,5,12.90,0.00,11.83,0.00,0.00,5.38,0.00,0.00,0.00,69.89
11:24:16,6,14.74,0.00,12.63,0.00,0.00,4.21,0.00,0.00,0.00,68.42
11:24:16,7,11.96,0.00,10.87,0.00,0.00,4.35,0.00,0.00,0.00,72.83
11:24:16,12,13.83,0.00,12.77,0.00,0.00,5.32,0.00,0.00,0.00,68.09
11:24:16,13,13.33,0.00,13.33,0.00,0.00,4.44,0.00,0.00,0.00,68.89
11:24:16,14,15.96,0.00,11.70,0.00,0.00,3.19,0.00,0.00,0.00,69.15
11:24:16,15,15.05,0.00,9.68,0.00,0.00,4.30,0.00,0.00,0.00,70.97
11:24:17,4,12.77,0.00,13.83,0.00,0.00,4.26,0.00,0.00,0.00,69.15
11:24:17,5,15.05,0.00,11.83,0.00,0.00,4.30,0.00,0.00,0.00,68.82
11:24:17,6,13.98,0.00,10.75,0.00,0.00,4.30,0.00,0.00,0.00,70.97
11:24:17,7,12.90,0.00,10.75,0.00,0.00,4.30,0.00,0.00,0.00,72.04
11:24:17,12,15.22,0.00,13.04,0.00,0.00,4.35,0.00,0.00,0.00,67.39
11:24:17,13,13.19,0.00,15.38,0.00,0.00,5.49,0.00,0.00,0.00,65.93
11:24:17,14,14.13,0.00,11.96,0.00,0.00,4.35,0.00,0.00,0.00,69.57
11:24:17,15,14.89,0.00,11.70,0.00,0.00,4.26,0.00,0.00,0.00,69.15
11:24:18,4,15.05,0.00,11.83,0.00,0.00,3.23,0.00,0.00,0.00,69.89
11:24:18,5,14.13,0.00,13.04,0.00,0.00,5.43,0.00,0.00,0.00,67.39
11:24:18,6,13.19,0.00,10.99,1.10,0.00,5.49,0.00,0.00,0.00,69.23
11:24:18,7,12.90,0.00,11.83,0.00,0.00,2.15,0.00,0.00,0.00,73.12
11:24:18,12,15.05,0.00,11.83,0.00,0.00,5.38,0.00,0.00,0.00,67.74
11:24:18,13,15.05,0.00,16.13,0.00,0.00,5.38,0.00,0.00,0.00,63.44
11:24:18,14,13.98,0.00,12.90,0.00,0.00,5.38,0.00,0.00,0.00,67.74
11:24:18,15,13.98,0.00,10.75,0.00,0.00,4.30,0.00,0.00,0.00,70.97
11:24:19,4,14.13,0.00,14.13,0.00,0.00,4.35,0.00,0.00,0.00,67.39
11:24:19,5,13.04,0.00,13.04,0.00,0.00,5.43,0.00,0.00,0.00,68.48
11:24:19,6,13.68,0.00,12.63,0.00,0.00,5.26,0.00,0.00,0.00,68.42
11:24:19,7,13.98,0.00,11.83,0.00,0.00,4.30,0.00,0.00,0.00,69.89
11:24:19,12,13.54,0.00,14.58,0.00,0.00,5.21,0.00,0.00,0.00,66.67
11:24:19,13,13.98,0.00,11.83,0.00,0.00,4.30,0.00,0.00,0.00,69.89
11:24:19,14,13.98,0.00,11.83,0.00,0.00,4.30,0.00,0.00,0.00,69.89
11:24:19,15,13.83,0.00,10.64,0.00,0.00,5.32,0.00,0.00,0.00,70.21
11:24:20,4,16.13,0.00,11.83,0.00,0.00,4.30,0.00,0.00,0.00,67.74
11:24:20,5,16.13,0.00,15.05,0.00,0.00,5.38,0.00,0.00,0.00,63.44
11:24:20,6,15.22,0.00,11.96,0.00,0.00,5.43,0.00,0.00,0.00,67.39
11:24:20,7,12.63,0.00,13.68,0.00,0.00,5.26,0.00,0.00,0.00,68.42
11:24:20,12,18.09,0.00,14.89,0.00,0.00,5.32,0.00,0.00,0.00,61.70
11:24:20,13,14.13,0.00,13.04,0.00,0.00,6.52,0.00,0.00,0.00,66.30
11:24:20,14,15.56,0.00,11.11,0.00,0.00,4.44,0.00,0.00,0.00,68.89
11:24:20,15,13.19,0.00,12.09,0.00,0.00,4.40,0.00,0.00,0.00,70.33
11:24:21,4,13.83,0.00,11.70,0.00,0.00,5.32,0.00,0.00,0.00,69.15
11:24:21,5,13.68,0.00,13.68,0.00,0.00,5.26,0.00,0.00,0.00,67.37
11:24:21,6,15.05,0.00,11.83,0.00,0.00,4.30,0.00,0.00,0.00,68.82
11:24:21,7,12.90,0.00,11.83,0.00,0.00,4.30,0.00,0.00,0.00,70.97
11:24:21,12,12.77,0.00,11.70,0.00,0.00,6.38,0.00,0.00,0.00,69.15
11:24:21,13,14.13,0.00,10.87,0.00,0.00,5.43,0.00,0.00,0.00,69.57
11:24:21,14,15.05,0.00,11.83,0.00,0.00,4.30,0.00,0.00,0.00,68.82
11:24:21,15,13.68,0.00,13.68,0.00,0.00,4.21,0.00,0.00,0.00,68.42
11:24:22,4,14.58,0.00,13.54,0.00,0.00,4.17,0.00,0.00,0.00,67.71
11:24:22,5,14.89,0.00,11.70,0.00,0.00,5.32,0.00,0.00,0.00,68.09
11:24:22,6,11.96,0.00,10.87,0.00,0.00,5.43,0.00,0.00,0.00,71.74
11:24:22,7,11.70,0.00,10.64,0.00,0.00,5.32,0.00,0.00,0.00,72.34
11:24:22,12,14.74,0.00,11.58,0.00,0.00,4.21,0.00,0.00,0.00,69.47
11:24:22,13,16.30,0.00,13.04,0.00,0.00,5.43,0.00,0.00,0.00,65.22
11:24:22,14,16.67,0.00,12.50,0.00,0.00,5.21,0.00,0.00,0.00,65.62
11:24:22,15,12.90,0.00,11.83,0.00,0.00,4.30,0.00,0.00,0.00,70.97
11:24:23,4,14.29,0.00,9.89,0.00,0.00,4.40,0.00,0.00,0.00,71.43
11:24:23,5,13.19,0.00,15.38,0.00,0.00,5.49,0.00,0.00,0.00,65.93
11:24:23,6,14.89,0.00,11.70,0.00,0.00,5.32,0.00,0.00,0.00,68.09
11:24:23,7,14.43,0.00,11.34,0.00,0.00,6.19,0.00,0.00,0.00,68.04
11:24:23,12,16.30,0.00,9.78,0.00,0.00,5.43,0.00,0.00,0.00,68.48
11:24:23,13,16.30,0.00,11.96,1.09,0.00,4.35,0.00,0.00,0.00,66.30
11:24:23,14,16.13,0.00,12.90,0.00,0.00,4.30,0.00,0.00,0.00,66.67
11:24:23,15,13.19,0.00,12.09,0.00,0.00,3.30,0.00,0.00,0.00,71.43
11:24:24,4,14.13,0.00,13.04,0.00,0.00,5.43,0.00,0.00,0.00,67.39
11:24:24,5,13.98,0.00,11.83,0.00,0.00,5.38,0.00,0.00,0.00,68.82
11:24:24,6,13.98,0.00,11.83,0.00,0.00,5.38,0.00,0.00,0.00,68.82
11:24:24,7,14.89,0.00,10.64,0.00,0.00,4.26,0.00,0.00,0.00,70.21
11:24:24,12,13.98,0.00,11.83,0.00,0.00,4.30,0.00,0.00,0.00,69.89
11:24:24,13,13.98,0.00,13.98,0.00,0.00,4.30,0.00,0.00,0.00,67.74
11:24:24,14,13.98,0.00,12.90,0.00,0.00,3.23,0.00,0.00,0.00,69.89
11:24:24,15,12.90,0.00,10.75,0.00,0.00,4.30,0.00,0.00,0.00,72.04
11:24:25,4,15.62,0.00,13.54,0.00,0.00,4.17,0.00,0.00,0.00,66.67
11:24:25,5,19.15,0.00,13.83,0.00,0.00,4.26,0.00,0.00,0.00,62.77
11:24:25,6,14.29,0.00,13.19,0.00,0.00,4.40,0.00,0.00,0.00,68.13
11:24:25,7,14.43,0.00,14.43,0.00,0.00,5.15,0.00,0.00,0.00,65.98
11:24:25,12,12.90,0.00,13.98,0.00,0.00,5.38,0.00,0.00,0.00,67.74
11:24:25,13,16.48,0.00,10.99,0.00,0.00,4.40,0.00,0.00,0.00,68.13
11:24:25,14,13.98,0.00,13.98,0.00,0.00,4.30,0.00,0.00,0.00,67.74
11:24:25,15,14.58,0.00,13.54,0.00,0.00,5.21,0.00,0.00,0.00,66.67
11:24:26,4,14.13,0.00,13.04,0.00,0.00,5.43,0.00,0.00,0.00,67.39
11:24:26,5,15.96,0.00,13.83,0.00,0.00,4.26,0.00,0.00,0.00,65.96
11:24:26,6,15.96,0.00,11.70,0.00,0.00,4.26,0.00,0.00,0.00,68.09
11:24:26,7,13.04,0.00,11.96,0.00,0.00,4.35,0.00,0.00,0.00,70.65
11:24:26,12,13.04,0.00,11.96,0.00,0.00,4.35,0.00,0.00,0.00,70.65
11:24:26,13,13.68,0.00,12.63,0.00,0.00,6.32,0.00,0.00,0.00,67.37
11:24:26,14,14.43,0.00,12.37,0.00,0.00,5.15,0.00,0.00,0.00,68.04
11:24:26,15,13.83,0.00,10.64,0.00,0.00,5.32,0.00,0.00,0.00,70.21
11:24:27,4,14.29,0.00,10.99,0.00,0.00,4.40,0.00,0.00,0.00,70.33
11:24:27,5,14.89,0.00,11.70,0.00,0.00,5.32,0.00,0.00,0.00,68.09
11:24:27,6,14.58,0.00,13.54,0.00,0.00,5.21,0.00,0.00,0.00,66.67
11:24:27,7,11.96,0.00,11.96,0.00,0.00,4.35,0.00,0.00,0.00,71.74
11:24:27,12,13.98,0.00,11.83,0.00,0.00,5.38,0.00,0.00,0.00,68.82
11:24:27,13,14.13,0.00,13.04,0.00,0.00,5.43,0.00,0.00,0.00,67.39
11:24:27,14,15.73,0.00,8.99,0.00,0.00,4.49,0.00,0.00,0.00,70.79
11:24:27,15,14.13,0.00,13.04,0.00,0.00,3.26,0.00,0.00,0.00,69.57
11:24:28,4,14.58,0.00,11.46,0.00,0.00,4.17,0.00,0.00,0.00,69.79
11:24:28,5,15.05,0.00,15.05,0.00,0.00,4.30,0.00,0.00,0.00,65.59
11:24:28,6,14.74,0.00,11.58,0.00,0.00,5.26,0.00,0.00,0.00,68.42
11:24:28,7,13.83,0.00,10.64,0.00,0.00,6.38,0.00,0.00,0.00,69.15
11:24:28,12,12.63,0.00,13.68,2.11,0.00,4.21,0.00,0.00,0.00,67.37
11:24:28,13,15.62,0.00,15.62,0.00,0.00,3.12,0.00,0.00,0.00,65.62
11:24:28,14,13.68,0.00,13.68,0.00,0.00,3.16,0.00,0.00,0.00,69.47
11:24:28,15,14.74,0.00,11.58,0.00,0.00,4.21,0.00,0.00,0.00,69.47
11:24:29,4,15.05,0.00,10.75,0.00,0.00,4.30,0.00,0.00,0.00,69.89
11:24:29,5,16.67,0.00,12.50,0.00,0.00,4.17,0.00,0.00,0.00,66.67
11:24:29,6,13.04,0.00,11.96,0.00,0.00,4.35,0.00,0.00,0.00,70.65
11:24:29,7,13.98,0.00,10.75,0.00,0.00,4.30,0.00,0.00,0.00,70.97
11:24:29,12,13.19,0.00,13.19,0.00,0.00,5.49,0.00,0.00,0.00,68.13
11:24:29,13,13.98,0.00,12.90,0.00,0.00,5.38,0.00,0.00,0.00,67.74
11:24:29,14,14.89,0.00,11.70,0.00,0.00,5.32,0.00,0.00,0.00,68.09
11:24:29,15,12.77,0.00,12.77,0.00,0.00,4.26,0.00,0.00,0.00,70.21
11:24:30,4,16.84,0.00,15.79,0.00,0.00,5.26,0.00,0.00,0.00,62.11
11:24:30,5,15.96,0.00,17.02,0.00,0.00,4.26,0.00,0.00,0.00,62.77
11:24:30,6,13.40,0.00,13.40,0.00,0.00,7.22,0.00,0.00,0.00,65.98
11:24:30,7,11.83,0.00,11.83,0.00,0.00,4.30,0.00,0.00,0.00,72.04
11:24:30,12,15.22,0.00,11.96,0.00,0.00,4.35,0.00,0.00,0.00,68.48
11:24:30,13,17.39,0.00,14.13,0.00,0.00,4.35,0.00,0.00,0.00,64.13
11:24:30,14,16.13,0.00,13.98,0.00,0.00,4.30,0.00,0.00,0.00,65.59
11:24:30,15,11.83,0.00,12.90,0.00,0.00,5.38,0.00,0.00,0.00,69.89
11:24:31,4,11.96,0.00,14.13,0.00,0.00,4.35,0.00,0.00,0.00,69.57
11:24:31,5,14.89,0.00,12.77,0.00,0.00,5.32,0.00,0.00,0.00,67.02
11:24:31,6,13.19,0.00,9.89,0.00,0.00,5.49,0.00,0.00,0.00,71.43
11:24:31,7,11.70,0.00,13.83,0.00,0.00,4.26,0.00,0.00,0.00,70.21
11:24:31,12,14.13,0.00,13.04,0.00,0.00,4.35,0.00,0.00,0.00,68.48
11:24:31,13,15.96,0.00,12.77,0.00,0.00,4.26,0.00,0.00,0.00,67.02
11:24:31,14,14.13,0.00,11.96,0.00,0.00,4.35,0.00,0.00,0.00,69.57
11:24:31,15,13.04,0.00,10.87,0.00,0.00,4.35,0.00,0.00,0.00,71.74
11:24:32,4,11.96,0.00,10.87,0.00,0.00,4.35,0.00,0.00,0.00,72.83
11:24:32,5,13.33,0.00,12.22,0.00,0.00,4.44,0.00,0.00,0.00,70.00
11:24:32,6,12.77,0.00,13.83,0.00,0.00,4.26,0.00,0.00,0.00,69.15
11:24:32,7,10.99,0.00,12.09,0.00,0.00,4.40,0.00,0.00,0.00,72.53
11:24:32,12,16.13,0.00,13.98,0.00,0.00,4.30,0.00,0.00,0.00,65.59
11:24:32,13,15.05,0.00,11.83,0.00,0.00,5.38,0.00,0.00,0.00,67.74
11:24:32,14,15.79,0.00,12.63,0.00,0.00,4.21,0.00,0.00,0.00,67.37
11:24:32,15,11.70,0.00,11.70,0.00,0.00,5.32,0.00,0.00,0.00,71.28
11:24:33,4,14.44,0.00,11.11,0.00,0.00,4.44,0.00,0.00,0.00,70.00
11:24:33,5,14.13,0.00,11.96,0.00,0.00,5.43,0.00,0.00,0.00,68.48
11:24:33,6,13.83,0.00,13.83,0.00,0.00,4.26,0.00,0.00,0.00,68.09
11:24:33,7,12.90,0.00,10.75,0.00,0.00,5.38,0.00,0.00,0.00,70.97
11:24:33,12,14.13,0.00,15.22,0.00,0.00,4.35,0.00,0.00,0.00,66.30
11:24:33,13,12.77,0.00,13.83,2.13,0.00,5.32,0.00,0.00,0.00,65.96
11:24:33,14,14.13,0.00,10.87,0.00,0.00,5.43,0.00,0.00,0.00,69.57
11:24:33,15,12.90,0.00,11.83,0.00,0.00,5.38,0.00,0.00,0.00,69.89
11:24:34,4,12.77,0.00,12.77,0.00,0.00,4.26,0.00,0.00,0.00,70.21
11:24:34,5,13.83,0.00,12.77,0.00,0.00,5.32,0.00,0.00,0.00,68.09
11:24:34,6,14.13,0.00,10.87,0.00,0.00,5.43,0.00,0.00,0.00,69.57
11:24:34,7,12.90,0.00,12.90,0.00,0.00,3.23,0.00,0.00,0.00,70.97
11:24:34,12,13.19,0.00,10.99,0.00,0.00,4.40,0.00,0.00,0.00,71.43
11:24:34,13,13.19,0.00,14.29,0.00,0.00,5.49,0.00,0.00,0.00,67.03
11:24:34,14,14.89,0.00,12.77,0.00,0.00,4.26,0.00,0.00,0.00,68.09
11:24:34,15,12.77,0.00,11.70,0.00,0.00,5.32,0.00,0.00,0.00,70.21
11:24:35,4,14.89,0.00,12.77,0.00,0.00,5.32,0.00,0.00,0.00,67.02
11:24:35,5,19.15,0.00,15.96,0.00,0.00,3.19,0.00,0.00,0.00,61.70
11:24:35,6,14.74,0.00,13.68,0.00,0.00,5.26,0.00,0.00,0.00,66.32
11:24:35,7,12.63,0.00,14.74,0.00,0.00,4.21,0.00,0.00,0.00,68.42
11:24:35,12,16.84,0.00,12.63,0.00,0.00,4.21,0.00,0.00,0.00,66.32
11:24:35,13,14.74,0.00,12.63,0.00,0.00,5.26,0.00,0.00,0.00,67.37
11:24:35,14,17.20,0.00,9.68,0.00,0.00,4.30,0.00,0.00,0.00,68.82
11:24:35,15,14.13,0.00,11.96,0.00,0.00,4.35,0.00,0.00,0.00,69.57
11:24:36,4,15.96,0.00,14.89,0.00,0.00,3.19,0.00,0.00,0.00,65.96
11:24:36,5,14.43,0.00,16.49,0.00,0.00,6.19,0.00,0.00,0.00,62.89
11:24:36,6,12.63,0.00,12.63,0.00,0.00,5.26,0.00,0.00,0.00,69.47
11:24:36,7,12.90,0.00,10.75,0.00,0.00,4.30,0.00,0.00,0.00,72.04
11:24:36,12,15.79,0.00,13.68,0.00,0.00,5.26,0.00,0.00,0.00,65.26
11:24:36,13,12.90,0.00,13.98,0.00,0.00,5.38,0.00,0.00,0.00,67.74
11:24:36,14,14.58,0.00,12.50,0.00,0.00,5.21,0.00,0.00,0.00,67.71
11:24:36,15,12.90,0.00,10.75,0.00,0.00,4.30,0.00,0.00,0.00,72.04
11:24:37,4,13.19,0.00,12.09,0.00,0.00,5.49,0.00,0.00,0.00,69.23
11:24:37,5,15.22,0.00,14.13,0.00,0.00,5.43,0.00,0.00,0.00,65.22
11:24:37,6,15.96,0.00,11.70,0.00,0.00,5.32,0.00,0.00,0.00,67.02
11:24:37,7,11.11,0.00,11.11,0.00,0.00,4.44,0.00,0.00,0.00,73.33
11:24:37,12,15.05,0.00,11.83,0.00,0.00,4.30,0.00,0.00,0.00,68.82
11:24:37,13,14.89,0.00,11.70,0.00,0.00,4.26,0.00,0.00,0.00,69.15
11:24:37,14,13.98,0.00,12.90,0.00,0.00,5.38,0.00,0.00,0.00,67.74
11:24:37,15,13.83,0.00,9.57,0.00,0.00,5.32,0.00,0.00,0.00,71.28
11:24:38,4,13.68,0.00,12.63,1.05,0.00,5.26,0.00,0.00,0.00,67.37
11:24:38,5,12.63,0.00,13.68,0.00,0.00,4.21,0.00,0.00,0.00,69.47
11:24:38,6,15.38,0.00,10.99,0.00,0.00,4.40,0.00,0.00,0.00,69.23
11:24:38,7,14.58,0.00,11.46,0.00,0.00,5.21,0.00,0.00,0.00,68.75
11:24:38,12,14.13,0.00,13.04,0.00,0.00,3.26,0.00,0.00,0.00,69.57
11:24:38,13,12.77,0.00,14.89,0.00,0.00,5.32,0.00,0.00,0.00,67.02
11:24:38,14,13.33,0.00,11.11,0.00,0.00,4.44,0.00,0.00,0.00,71.11
11:24:38,15,12.63,0.00,12.63,0.00,0.00,5.26,0.00,0.00,0.00,69.47
11:24:39,4,13.83,0.00,12.77,0.00,0.00,5.32,0.00,0.00,0.00,68.09
11:24:39,5,14.89,0.00,12.77,0.00,0.00,4.26,0.00,0.00,0.00,68.09
11:24:39,6,14.74,0.00,12.63,0.00,0.00,4.21,0.00,0.00,0.00,68.42
11:24:39,7,11.83,0.00,10.75,0.00,0.00,4.30,0.00,0.00,0.00,73.12
11:24:39,12,15.22,0.00,11.96,0.00,0.00,5.43,0.00,0.00,0.00,67.39
11:24:39,13,13.98,0.00,12.90,0.00,0.00,5.38,0.00,0.00,0.00,67.74
11:24:39,14,15.05,0.00,12.90,0.00,0.00,4.30,0.00,0.00,0.00,67.74
11:24:39,15,13.04,0.00,11.96,0.00,0.00,3.26,0.00,0.00,0.00,71.74
11:24:40,4,18.09,0.00,13.83,0.00,0.00,3.19,0.00,0.00,0.00,64.89
11:24:40,5,15.79,0.00,12.63,0.00,0.00,6.32,0.00,0.00,0.00,65.26
11:24:40,6,14.89,0.00,11.70,0.00,0.00,5.32,0.00,0.00,0.00,68.09
11:24:40,7,13.04,0.00,13.04,0.00,0.00,4.35,0.00,0.00,0.00,69.57
11:24:40,12,15.22,0.00,9.78,0.00,0.00,5.43,0.00,0.00,0.00,69.57
11:24:40,13,14.29,0.00,12.09,0.00,0.00,6.59,0.00,0.00,0.00,67.03
11:24:40,14,15.22,0.00,13.04,0.00,0.00,3.26,0.00,0.00,0.00,68.48
11:24:40,15,14.13,0.00,11.96,0.00,0.00,4.35,0.00,0.00,0.00,69.57
11:24:41,4,14.29,0.00,10.99,0.00,0.00,5.49,0.00,0.00,0.00,69.23
11:24:41,5,15.38,0.00,12.09,0.00,0.00,3.30,0.00,0.00,0.00,69.23
11:24:41,6,14.89,0.00,10.64,0.00,0.00,5.32,0.00,0.00,0.00,69.15
11:24:41,7,14.74,0.00,11.58,0.00,0.00,4.21,0.00,0.00,0.00,69.47
11:24:41,12,15.46,0.00,13.40,0.00,0.00,4.12,0.00,0.00,0.00,67.01
11:24:41,13,16.13,0.00,11.83,0.00,0.00,4.30,0.00,0.00,0.00,67.74
11:24:41,14,12.22,0.00,10.00,0.00,0.00,4.44,0.00,0.00,0.00,73.33
11:24:41,15,10.87,0.00,11.96,0.00,0.00,4.35,0.00,0.00,0.00,72.83
11:24:42,4,13.54,0.00,13.54,0.00,0.00,5.21,0.00,0.00,0.00,67.71
11:24:42,5,15.79,0.00,13.68,0.00,0.00,4.21,0.00,0.00,0.00,66.32
11:24:42,6,15.05,0.00,10.75,0.00,0.00,4.30,0.00,0.00,0.00,69.89
11:24:42,7,10.75,0.00,13.98,0.00,0.00,4.30,0.00,0.00,0.00,70.97
11:24:42,12,11.11,0.00,11.11,0.00,0.00,5.56,0.00,0.00,0.00,72.22
11:24:42,13,15.79,0.00,15.79,0.00,0.00,4.21,0.00,0.00,0.00,64.21
11:24:42,14,13.98,0.00,11.83,0.00,0.00,5.38,0.00,0.00,0.00,68.82
11:24:42,15,13.04,0.00,11.96,0.00,0.00,5.43,0.00,0.00,0.00,69.57
11:24:43,4,13.98,0.00,12.90,0.00,0.00,4.30,0.00,0.00,0.00,68.82
11:24:43,5,12.09,0.00,13.19,0.00,0.00,3.30,0.00,0.00,0.00,71.43
11:24:43,6,14.13,0.00,11.96,0.00,0.00,4.35,0.00,0.00,0.00,69.57
11:24:43,7,12.77,0.00,11.70,0.00,0.00,6.38,0.00,0.00,0.00,69.15
11:24:43,12,14.43,0.00,14.43,0.00,0.00,4.12,0.00,0.00,0.00,67.01
11:24:43,13,15.05,0.00,12.90,0.00,0.00,4.30,0.00,0.00,0.00,67.74
11:24:43,14,13.04,0.00,11.96,0.00,0.00,4.35,0.00,0.00,0.00,70.65
11:24:43,15,12.63,0.00,12.63,0.00,0.00,5.26,0.00,0.00,0.00,69.47
11:24:44,4,13.19,0.00,12.09,0.00,0.00,4.40,0.00,0.00,0.00,70.33
11:24:44,5,15.22,0.00,13.04,0.00,0.00,4.35,0.00,0.00,0.00,67.39
11:24:44,6,13.83,0.00,12.77,0.00,0.00,4.26,0.00,0.00,0.00,69.15
11:24:44,7,11.58,0.00,13.68,0.00,0.00,5.26,0.00,0.00,0.00,69.47
11:24:44,12,15.79,0.00,11.58,0.00,0.00,5.26,0.00,0.00,0.00,67.37
11:24:44,13,17.02,0.00,11.70,0.00,0.00,4.26,0.00,0.00,0.00,67.02
11:24:44,14,12.90,0.00,10.75,0.00,0.00,5.38,0.00,0.00,0.00,70.97
11:24:44,15,12.77,0.00,10.64,0.00,0.00,4.26,0.00,0.00,0.00,72.34
11:24:45,4,16.84,0.00,11.58,0.00,0.00,4.21,0.00,0.00,0.00,67.37
11:24:45,5,16.13,0.00,12.90,0.00,0.00,5.38,0.00,0.00,0.00,65.59
11:24:45,6,13.19,0.00,13.19,0.00,0.00,5.49,0.00,0.00,0.00,68.13
11:24:45,7,10.64,0.00,11.70,0.00,0.00,4.26,0.00,0.00,0.00,73.40
11:24:45,12,12.63,0.00,14.74,0.00,0.00,5.26,0.00,0.00,0.00,67.37
11:24:45,13,15.79,0.00,12.63,0.00,0.00,6.32,0.00,0.00,0.00,65.26
11:24:45,14,14.13,0.00,13.04,0.00,0.00,5.43,0.00,0.00,0.00,67.39
11:24:45,15,12.77,0.00,11.70,0.00,0.00,3.19,0.00,0.00,0.00,72.34
11:24:46,4,16.13,0.00,11.83,0.00,0.00,4.30,0.00,0.00,0.00,67.74
11:24:46,5,17.39,0.00,14.13,0.00,0.00,3.26,0.00,0.00,0.00,65.22
11:24:46,6,14.58,0.00,14.58,0.00,0.00,5.21,0.00,0.00,0.00,65.62
11:24:46,7,11.70,0.00,13.83,0.00,0.00,4.26,0.00,0.00,0.00,70.21
11:24:46,12,14.44,0.00,12.22,0.00,0.00,5.56,0.00,0.00,0.00,67.78
11:24:46,13,15.22,0.00,13.04,0.00,0.00,4.35,0.00,0.00,0.00,67.39
11:24:46,14,13.48,0.00,11.24,0.00,0.00,5.62,0.00,0.00,0.00,69.66
11:24:46,15,13.68,0.00,13.68,0.00,0.00,5.26,0.00,0.00,0.00,67.37
11:24:47,4,13.83,0.00,13.83,0.00,0.00,3.19,0.00,0.00,0.00,69.15
11:24:47,5,16.13,0.00,11.83,0.00,0.00,4.30,0.00,0.00,0.00,67.74
11:24:47,6,15.05,0.00,10.75,0.00,0.00,4.30,0.00,0.00,0.00,69.89
11:24:47,7,15.05,0.00,10.75,0.00,0.00,4.30,0.00,0.00,0.00,69.89
11:24:47,12,13.19,0.00,12.09,0.00,0.00,3.30,0.00,0.00,0.00,71.43
11:24:47,13,13.83,0.00,12.77,0.00,0.00,5.32,0.00,0.00,0.00,68.09
11:24:47,14,13.68,0.00,12.63,0.00,0.00,5.26,0.00,0.00,0.00,68.42
11:24:47,15,12.09,0.00,12.09,0.00,0.00,3.30,0.00,0.00,0.00,72.53
11:24:48,4,13.68,0.00,12.63,0.00,0.00,5.26,0.00,0.00,0.00,68.42
11:24:48,5,15.38,0.00,10.99,0.00,0.00,4.40,0.00,0.00,0.00,69.23
11:24:48,6,15.05,0.00,11.83,0.00,0.00,3.23,0.00,0.00,0.00,69.89
11:24:48,7,12.22,0.00,12.22,0.00,0.00,4.44,0.00,0.00,0.00,71.11
11:24:48,12,13.83,0.00,12.77,0.00,0.00,4.26,0.00,0.00,0.00,69.15
11:24:48,13,14.89,0.00,13.83,0.00,0.00,3.19,0.00,0.00,0.00,68.09
11:24:48,14,13.19,0.00,13.19,0.00,0.00,3.30,0.00,0.00,0.00,70.33
11:24:48,15,12.22,0.00,10.00,0.00,0.00,5.56,0.00,0.00,0.00,72.22
11:24:49,4,13.68,0.00,12.63,0.00,0.00,5.26,0.00,0.00,0.00,68.42
11:24:49,5,15.22,0.00,13.04,0.00,0.00,6.52,0.00,0.00,0.00,65.22
11:24:49,6,13.04,0.00,10.87,0.00,0.00,6.52,0.00,0.00,0.00,69.57
11:24:49,7,11.58,0.00,12.63,0.00,0.00,5.26,0.00,0.00,0.00,70.53
11:24:49,12,14.89,0.00,12.77,0.00,0.00,5.32,0.00,0.00,0.00,67.02
11:24:49,13,13.04,0.00,14.13,0.00,0.00,6.52,0.00,0.00,0.00,66.30
11:24:49,14,13.98,0.00,13.98,0.00,0.00,4.30,0.00,0.00,0.00,67.74
11:24:49,15,13.68,0.00,13.68,0.00,0.00,3.16,0.00,0.00,0.00,69.47
11:24:50,4,12.77,0.00,12.77,0.00,0.00,5.32,0.00,0.00,0.00,69.15
11:24:50,5,13.04,0.00,11.96,0.00,0.00,5.43,0.00,0.00,0.00,69.57
11:24:50,6,15.79,0.00,10.53,0.00,0.00,5.26,0.00,0.00,0.00,68.42
11:24:50,7,12.90,0.00,11.83,0.00,0.00,4.30,0.00,0.00,0.00,70.97
11:24:50,12,13.54,0.00,13.54,0.00,0.00,5.21,0.00,0.00,0.00,67.71
11:24:50,13,16.13,0.00,12.90,0.00,0.00,3.23,0.00,0.00,0.00,67.74
11:24:50,14,14.29,0.00,12.09,0.00,0.00,4.40,0.00,0.00,0.00,69.23
11:24:50,15,13.04,0.00,10.87,0.00,0.00,5.43,0.00,0.00,0.00,70.65
11:24:51,4,16.13,0.00,12.90,0.00,0.00,4.30,0.00,0.00,0.00,66.67
11:24:51,5,12.90,0.00,15.05,0.00,0.00,5.38,0.00,0.00,0.00,66.67
11:24:51,6,16.30,0.00,11.96,0.00,0.00,4.35,0.00,0.00,0.00,67.39
11:24:51,7,13.98,0.00,11.83,0.00,0.00,4.30,0.00,0.00,0.00,69.89
11:24:51,12,13.83,0.00,13.83,0.00,0.00,4.26,0.00,0.00,0.00,68.09
11:24:51,13,13.98,0.00,15.05,0.00,0.00,4.30,0.00,0.00,0.00,66.67
11:24:51,14,17.39,0.00,14.13,0.00,0.00,5.43,0.00,0.00,0.00,63.04
11:24:51,15,13.19,0.00,12.09,0.00,0.00,4.40,0.00,0.00,0.00,70.33
11:24:52,4,14.89,0.00,10.64,0.00,0.00,6.38,0.00,0.00,0.00,68.09
11:24:52,5,14.61,0.00,10.11,0.00,0.00,3.37,0.00,0.00,0.00,71.91
11:24:52,6,12.90,0.00,12.90,0.00,0.00,5.38,0.00,0.00,0.00,68.82
11:24:52,7,14.58,0.00,13.54,0.00,0.00,4.17,0.00,0.00,0.00,67.71
11:24:52,12,14.13,0.00,11.96,0.00,0.00,4.35,0.00,0.00,0.00,69.57
11:24:52,13,15.96,0.00,13.83,0.00,0.00,3.19,0.00,0.00,0.00,67.02
11:24:52,14,15.38,0.00,9.89,0.00,0.00,5.49,0.00,0.00,0.00,69.23
11:24:52,15,13.04,0.00,13.04,0.00,0.00,4.35,0.00,0.00,0.00,69.57
11:24:53,4,14.74,0.00,13.68,0.00,0.00,4.21,0.00,0.00,0.00,67.37
11:24:53,5,15.05,0.00,11.83,0.00,0.00,4.30,0.00,0.00,0.00,68.82
11:24:53,6,14.89,0.00,11.70,0.00,0.00,4.26,0.00,0.00,0.00,69.15
11:24:53,7,12.90,0.00,12.90,0.00,0.00,4.30,0.00,0.00,0.00,69.89
11:24:53,12,11.11,0.00,13.33,0.00,0.00,4.44,0.00,0.00,0.00,71.11
11:24:53,13,15.22,0.00,13.04,0.00,0.00,3.26,0.00,0.00,0.00,68.48
11:24:53,14,13.04,0.00,14.13,0.00,0.00,3.26,0.00,0.00,0.00,69.57
11:24:53,15,13.68,0.00,11.58,1.05,0.00,5.26,0.00,0.00,0.00,68.42
11:24:54,4,13.33,0.00,12.22,0.00,0.00,4.44,0.00,0.00,0.00,70.00
11:24:54,5,15.79,0.00,12.63,0.00,0.00,4.21,0.00,0.00,0.00,67.37
11:24:54,6,13.83,0.00,10.64,0.00,0.00,5.32,0.00,0.00,0.00,70.21
11:24:54,7,13.83,0.00,10.64,0.00,0.00,4.26,0.00,0.00,0.00,71.28
11:24:54,12,15.62,0.00,13.54,0.00,0.00,6.25,0.00,0.00,0.00,64.58
11:24:54,13,15.96,0.00,11.70,0.00,0.00,6.38,0.00,0.00,0.00,65.96
11:24:54,14,11.96,0.00,13.04,0.00,0.00,4.35,0.00,0.00,0.00,70.65
11:24:54,15,13.54,0.00,11.46,0.00,0.00,5.21,0.00,0.00,0.00,69.79
11:24:55,4,13.83,0.00,12.77,0.00,0.00,5.32,0.00,0.00,0.00,68.09
11:24:55,5,15.56,0.00,11.11,0.00,0.00,4.44,0.00,0.00,0.00,68.89
11:24:55,6,15.79,0.00,12.63,0.00,0.00,5.26,0.00,0.00,0.00,66.32
11:24:55,7,12.50,0.00,13.54,0.00,0.00,6.25,0.00,0.00,0.00,67.71
11:24:55,12,14.74,0.00,12.63,0.00,0.00,5.26,0.00,0.00,0.00,67.37
11:24:55,13,13.04,0.00,16.30,0.00,0.00,3.26,0.00,0.00,0.00,67.39
11:24:55,14,13.98,0.00,12.90,0.00,0.00,3.23,0.00,0.00,0.00,69.89
11:24:55,15,15.05,0.00,10.75,0.00,0.00,3.23,0.00,0.00,0.00,70.97
11:24:56,4,18.09,0.00,12.77,0.00,0.00,4.26,0.00,0.00,0.00,64.89
11:24:56,5,15.22,0.00,13.04,0.00,0.00,5.43,0.00,0.00,0.00,66.30
11:24:56,6,13.19,0.00,12.09,0.00,0.00,5.49,0.00,0.00,0.00,69.23
11:24:56,7,11.83,0.00,11.83,0.00,0.00,5.38,0.00,0.00,0.00,70.97
11:24:56,12,16.30,0.00,15.22,0.00,0.00,5.43,0.00,0.00,0.00,63.04
11:24:56,13,15.96,0.00,12.77,0.00,0.00,4.26,0.00,0.00,0.00,67.02
11:24:56,14,15.62,0.00,13.54,0.00,0.00,7.29,0.00,0.00,0.00,63.54
11:24:56,15,15.62,0.00,12.50,0.00,0.00,4.17,0.00,0.00,0.00,67.71
11:24:57,4,15.31,0.00,12.24,0.00,0.00,5.10,0.00,0.00,0.00,67.35
11:24:57,5,11.96,0.00,11.96,0.00,0.00,4.35,0.00,0.00,0.00,71.74
11:24:57,6,12.50,0.00,11.46,0.00,0.00,6.25,0.00,0.00,0.00,69.79
11:24:57,7,12.90,0.00,10.75,0.00,0.00,4.30,0.00,0.00,0.00,72.04
11:24:57,12,15.05,0.00,13.98,0.00,0.00,4.30,0.00,0.00,0.00,66.67
11:24:57,13,13.98,0.00,12.90,0.00,0.00,5.38,0.00,0.00,0.00,67.74
11:24:57,14,14.89,0.00,11.70,0.00,0.00,4.26,0.00,0.00,0.00,69.15
11:24:57,15,14.29,0.00,9.89,0.00,0.00,4.40,0.00,0.00,0.00,71.43
11:24:58,4,12.22,0.00,12.22,0.00,0.00,4.44,0.00,0.00,0.00,71.11
11:24:58,5,14.13,0.00,11.96,0.00,0.00,4.35,0.00,0.00,0.00,69.57
11:24:58,6,14.29,0.00,12.09,0.00,0.00,4.40,0.00,0.00,0.00,69.23
11:24:58,7,11.11,0.00,10.00,0.00,0.00,3.33,0.00,0.00,0.00,75.56
11:24:58,12,15.38,0.00,13.19,0.00,0.00,3.30,0.00,0.00,0.00,68.13
11:24:58,13,15.05,0.00,11.83,0.00,0.00,5.38,0.00,0.00,0.00,67.74
11:24:58,14,15.22,0.00,11.96,0.00,0.00,5.43,0.00,0.00,0.00,67.39
11:24:58,15,14.89,0.00,9.57,0.00,0.00,5.32,0.00,0.00,0.00,70.21
11:24:59,4,15.05,0.00,12.90,0.00,0.00,4.30,0.00,0.00,0.00,67.74
11:24:59,5,13.98,0.00,13.98,0.00,0.00,4.30,0.00,0.00,0.00,67.74
11:24:59,6,13.83,0.00,13.83,0.00,0.00,4.26,0.00,0.00,0.00,68.09
11:24:59,7,13.33,0.00,10.00,1.11,0.00,5.56,0.00,0.00,0.00,70.00
11:24:59,12,12.90,0.00,15.05,1.08,0.00,5.38,0.00,0.00,0.00,65.59
11:24:59,13,16.30,0.00,9.78,0.00,0.00,4.35,0.00,0.00,0.00,69.57
11:24:59,14,14.74,0.00,13.68,1.05,0.00,4.21,0.00,0.00,0.00,66.32
11:24:59,15,15.22,0.00,11.96,0.00,0.00,3.26,0.00,0.00,0.00,69.57
11:25:00,4,15.22,0.00,11.96,0.00,0.00,4.35,0.00,0.00,0.00,68.48
11:25:00,5,15.62,0.00,16.67,0.00,0.00,5.21,0.00,0.00,0.00,62.50
11:25:00,6,15.38,0.00,12.09,0.00,0.00,4.40,0.00,0.00,0.00,68.13
11:25:00,7,12.09,0.00,10.99,0.00,0.00,4.40,0.00,0.00,0.00,72.53
11:25:00,12,12.77,0.00,12.77,0.00,0.00,6.38,0.00,0.00,0.00,68.09
11:25:00,13,13.04,0.00,13.04,0.00,0.00,4.35,0.00,0.00,0.00,69.57
11:25:00,14,13.98,0.00,12.90,0.00,0.00,3.23,0.00,0.00,0.00,69.89
11:25:00,15,12.50,0.00,11.46,0.00,0.00,5.21,0.00,0.00,0.00,70.83
11:25:01,4,14.89,0.00,17.02,0.00,0.00,5.32,0.00,0.00,0.00,62.77
11:25:01,5,15.79,0.00,12.63,0.00,0.00,5.26,0.00,0.00,0.00,66.32
11:25:01,6,17.02,0.00,12.77,0.00,0.00,5.32,0.00,0.00,0.00,64.89
11:25:01,7,13.19,0.00,10.99,0.00,0.00,4.40,0.00,0.00,0.00,71.43
11:25:01,12,16.30,0.00,13.04,0.00,0.00,3.26,0.00,0.00,0.00,67.39
11:25:01,13,15.05,0.00,12.90,0.00,0.00,5.38,0.00,0.00,0.00,66.67
11:25:01,14,15.38,0.00,10.99,0.00,0.00,5.49,0.00,0.00,0.00,68.13
11:25:01,15,13.04,0.00,13.04,0.00,0.00,3.26,0.00,0.00,0.00,70.65
11:25:02,4,12.77,0.00,12.77,0.00,0.00,5.32,0.00,0.00,0.00,69.15
11:25:02,5,12.90,0.00,13.98,0.00,0.00,4.30,0.00,0.00,0.00,68.82
11:25:02,6,15.22,0.00,10.87,0.00,0.00,4.35,0.00,0.00,0.00,69.57
11:25:02,7,13.19,0.00,12.09,0.00,0.00,4.40,0.00,0.00,0.00,70.33
11:25:02,12,13.98,0.00,11.83,0.00,0.00,4.30,0.00,0.00,0.00,69.89
11:25:02,13,13.83,0.00,13.83,0.00,0.00,5.32,0.00,0.00,0.00,67.02
11:25:02,14,15.05,0.00,11.83,0.00,0.00,4.30,0.00,0.00,0.00,68.82
11:25:02,15,13.68,0.00,11.58,0.00,0.00,6.32,0.00,0.00,0.00,68.42
11:25:03,4,15.22,0.00,15.22,0.00,0.00,4.35,0.00,0.00,0.00,65.22
11:25:03,5,17.71,0.00,22.92,1.04,0.00,3.12,0.00,0.00,0.00,55.21
11:25:03,6,13.98,0.00,12.90,0.00,0.00,3.23,0.00,0.00,0.00,69.89
11:25:03,7,12.09,0.00,8.79,0.00,0.00,5.49,0.00,0.00,0.00,73.63
11:25:03,12,16.13,0.00,10.75,0.00,0.00,5.38,0.00,0.00,0.00,67.74
11:25:03,13,15.05,0.00,12.90,0.00,0.00,3.23,0.00,0.00,0.00,68.82
11:25:03,14,13.83,0.00,11.70,0.00,0.00,5.32,0.00,0.00,0.00,69.15
11:25:03,15,15.05,0.00,9.68,0.00,0.00,3.23,0.00,0.00,0.00,72.04
11:25:04,4,15.22,0.00,14.13,0.00,0.00,4.35,0.00,0.00,0.00,66.30
11:25:04,5,15.22,0.00,14.13,0.00,0.00,4.35,0.00,0.00,0.00,66.30
11:25:04,6,13.04,0.00,13.04,1.09,0.00,4.35,0.00,0.00,0.00,68.48
11:25:04,7,12.22,0.00,11.11,0.00,0.00,4.44,0.00,0.00,0.00,72.22
11:25:04,12,14.13,0.00,11.96,0.00,0.00,4.35,0.00,0.00,0.00,69.57
11:25:04,13,15.79,0.00,15.79,1.05,0.00,4.21,0.00,0.00,0.00,63.16
11:25:04,14,15.96,0.00,10.64,0.00,0.00,4.26,0.00,0.00,0.00,69.15
11:25:04,15,12.77,0.00,11.70,0.00,0.00,5.32,0.00,0.00,0.00,70.21
11:25:05,4,15.22,0.00,11.96,0.00,0.00,4.35,0.00,0.00,0.00,68.48
11:25:05,5,13.04,0.00,14.13,0.00,0.00,5.43,0.00,0.00,0.00,67.39
11:25:05,6,13.98,0.00,11.83,0.00,0.00,5.38,0.00,0.00,0.00,68.82
11:25:05,7,11.70,0.00,12.77,0.00,0.00,5.32,0.00,0.00,0.00,70.21
11:25:05,12,13.98,0.00,10.75,0.00,0.00,5.38,0.00,0.00,0.00,69.89
11:25:05,13,14.89,0.00,11.70,0.00,0.00,5.32,0.00,0.00,0.00,68.09
11:25:05,14,14.13,0.00,13.04,0.00,0.00,4.35,0.00,0.00,0.00,68.48
11:25:05,15,11.96,0.00,14.13,0.00,0.00,3.26,0.00,0.00,0.00,70.65
11:25:06,4,13.98,0.00,11.83,0.00,0.00,4.30,0.00,0.00,0.00,69.89
11:25:06,5,14.74,0.00,12.63,0.00,0.00,5.26,0.00,0.00,0.00,67.37
11:25:06,6,12.90,0.00,16.13,0.00,0.00,4.30,0.00,0.00,0.00,66.67
11:25:06,7,14.89,0.00,12.77,0.00,0.00,4.26,0.00,0.00,0.00,68.09
11:25:06,12,15.05,0.00,13.98,0.00,0.00,4.30,0.00,0.00,0.00,66.67
11:25:06,13,15.22,0.00,13.04,0.00,0.00,4.35,0.00,0.00,0.00,67.39
11:25:06,14,17.20,0.00,11.83,0.00,0.00,4.30,0.00,0.00,0.00,66.67
11:25:06,15,14.58,0.00,13.54,0.00,0.00,5.21,0.00,0.00,0.00,66.67
11:25:07,4,13.98,0.00,12.90,0.00,0.00,5.38,0.00,0.00,0.00,67.74
11:25:07,5,13.83,0.00,12.77,0.00,0.00,5.32,0.00,0.00,0.00,68.09
11:25:07,6,12.77,0.00,13.83,0.00,0.00,3.19,0.00,0.00,0.00,70.21
11:25:07,7,12.63,0.00,11.58,0.00,0.00,4.21,0.00,0.00,0.00,71.58
11:25:07,12,13.83,0.00,13.83,0.00,0.00,4.26,0.00,0.00,0.00,68.09
11:25:07,13,15.96,0.00,13.83,0.00,0.00,5.32,0.00,0.00,0.00,64.89
11:25:07,14,13.19,0.00,13.19,0.00,0.00,5.49,0.00,0.00,0.00,68.13
11:25:07,15,15.05,0.00,10.75,0.00,0.00,4.30,0.00,0.00,0.00,69.89
11:25:08,4,14.44,0.00,11.11,0.00,0.00,4.44,0.00,0.00,0.00,70.00
11:25:08,5,11.96,0.00,13.04,0.00,0.00,5.43,0.00,0.00,0.00,69.57
11:25:08,6,14.89,0.00,13.83,0.00,0.00,5.32,0.00,0.00,0.00,65.96
11:25:08,7,11.96,0.00,10.87,0.00,0.00,4.35,0.00,0.00,0.00,72.83
11:25:08,12,14.13,0.00,10.87,0.00,0.00,5.43,0.00,0.00,0.00,69.57
11:25:08,13,14.74,0.00,13.68,0.00,0.00,4.21,0.00,0.00,0.00,67.37
11:25:08,14,11.96,0.00,14.13,0.00,0.00,3.26,0.00,0.00,0.00,70.65
11:25:08,15,12.90,0.00,9.68,0.00,0.00,4.30,0.00,0.00,0.00,73.12
11:25:09,4,11.96,0.00,15.22,0.00,0.00,4.35,0.00,0.00,0.00,68.48
11:25:09,5,13.04,0.00,13.04,0.00,0.00,4.35,0.00,0.00,0.00,69.57
11:25:09,6,12.90,0.00,12.90,0.00,0.00,4.30,0.00,0.00,0.00,69.89
11:25:09,7,10.64,0.00,14.89,0.00,0.00,4.26,0.00,0.00,0.00,70.21
11:25:09,12,14.44,0.00,12.22,0.00,0.00,4.44,0.00,0.00,0.00,68.89
11:25:09,13,13.83,0.00,14.89,0.00,0.00,4.26,0.00,0.00,0.00,67.02
11:25:09,14,13.98,0.00,12.90,0.00,0.00,4.30,0.00,0.00,0.00,68.82
11:25:09,15,13.19,0.00,13.19,0.00,0.00,3.30,0.00,0.00,0.00,70.33
11:25:10,4,13.98,0.00,11.83,0.00,0.00,5.38,0.00,0.00,0.00,68.82
11:25:10,5,14.74,0.00,11.58,0.00,0.00,5.26,0.00,0.00,0.00,68.42
11:25:10,6,13.04,0.00,11.96,0.00,0.00,5.43,0.00,0.00,0.00,69.57
11:25:10,7,11.96,0.00,9.78,0.00,0.00,5.43,0.00,0.00,0.00,72.83
11:25:10,12,12.90,0.00,11.83,0.00,0.00,6.45,0.00,0.00,0.00,68.82
11:25:10,13,16.13,0.00,9.68,0.00,0.00,4.30,0.00,0.00,0.00,69.89
11:25:10,14,13.98,0.00,11.83,0.00,0.00,6.45,0.00,0.00,0.00,67.74
11:25:10,15,13.83,0.00,11.70,0.00,0.00,4.26,0.00,0.00,0.00,70.21
11:25:11,4,18.28,0.00,12.90,0.00,0.00,4.30,0.00,0.00,0.00,64.52
11:25:11,5,14.61,0.00,13.48,0.00,0.00,4.49,0.00,0.00,0.00,67.42
11:25:11,6,14.74,0.00,13.68,0.00,0.00,5.26,0.00,0.00,0.00,66.32
11:25:11,7,13.98,0.00,12.90,0.00,0.00,4.30,0.00,0.00,0.00,68.82
11:25:11,12,15.79,0.00,14.74,0.00,0.00,5.26,0.00,0.00,0.00,64.21
11:25:11,13,14.74,0.00,14.74,0.00,0.00,5.26,0.00,0.00,0.00,65.26
11:25:11,14,15.05,0.00,12.90,0.00,0.00,4.30,0.00,0.00,0.00,67.74
11:25:11,15,12.36,0.00,10.11,0.00,0.00,4.49,0.00,0.00,0.00,73.03
11:25:12,4,15.38,0.00,12.09,0.00,0.00,4.40,0.00,0.00,0.00,68.13
11:25:12,5,14.29,0.00,12.09,0.00,0.00,4.40,0.00,0.00,0.00,69.23
11:25:12,6,13.83,0.00,12.77,0.00,0.00,4.26,0.00,0.00,0.00,69.15
11:25:12,7,12.77,0.00,11.70,0.00,0.00,5.32,0.00,0.00,0.00,70.21
11:25:12,12,14.58,0.00,17.71,0.00,0.00,4.17,0.00,0.00,0.00,63.54
11:25:12,13,14.29,0.00,12.09,0.00,0.00,3.30,0.00,0.00,0.00,70.33
11:25:12,14,12.09,0.00,13.19,0.00,0.00,4.40,0.00,0.00,0.00,70.33
11:25:12,15,12.63,0.00,11.58,0.00,0.00,5.26,0.00,0.00,0.00,70.53
11:25:13,4,14.89,0.00,11.70,0.00,0.00,5.32,0.00,0.00,0.00,68.09
11:25:13,5,14.13,0.00,10.87,0.00,0.00,5.43,0.00,0.00,0.00,69.57
11:25:13,6,13.33,0.00,13.33,0.00,0.00,4.44,0.00,0.00,0.00,68.89
11:25:13,7,12.63,0.00,11.58,0.00,0.00,6.32,0.00,0.00,0.00,69.47
11:25:13,12,15.05,0.00,9.68,0.00,0.00,5.38,0.00,0.00,0.00,69.89
11:25:13,13,11.96,0.00,11.96,0.00,0.00,5.43,0.00,0.00,0.00,70.65
11:25:13,14,13.04,0.00,11.96,0.00,0.00,5.43,0.00,0.00,0.00,69.57
11:25:13,15,13.04,0.00,11.96,0.00,0.00,4.35,0.00,0.00,0.00,70.65
11:25:14,4,13.04,0.00,10.87,2.17,0.00,4.35,0.00,0.00,0.00,69.57
11:25:14,5,14.13,0.00,13.04,0.00,0.00,4.35,0.00,0.00,0.00,68.48
11:25:14,6,15.79,0.00,12.63,0.00,0.00,5.26,0.00,0.00,0.00,66.32
11:25:14,7,13.98,0.00,10.75,1.08,0.00,3.23,0.00,0.00,0.00,70.97
11:25:14,12,12.09,0.00,12.09,0.00,0.00,4.40,0.00,0.00,0.00,71.43
11:25:14,13,15.22,0.00,11.96,0.00,0.00,3.26,0.00,0.00,0.00,69.57
11:25:14,14,13.98,0.00,12.90,0.00,0.00,5.38,0.00,0.00,0.00,67.74
11:25:14,15,11.70,0.00,11.70,0.00,0.00,5.32,0.00,0.00,0.00,71.28
11:25:15,4,13.83,0.00,12.77,0.00,0.00,4.26,0.00,0.00,0.00,69.15
11:25:15,5,15.79,0.00,11.58,0.00,0.00,4.21,0.00,0.00,0.00,68.42
11:25:15,6,14.13,0.00,11.96,0.00,0.00,4.35,0.00,0.00,0.00,69.57
11:25:15,7,13.68,0.00,12.63,0.00,0.00,5.26,0.00,0.00,0.00,68.42
11:25:15,12,13.83,0.00,13.83,0.00,0.00,4.26,0.00,0.00,0.00,68.09
11:25:15,13,14.74,0.00,10.53,0.00,0.00,5.26,0.00,0.00,0.00,69.47
11:25:15,14,12.90,0.00,12.90,0.00,0.00,4.30,0.00,0.00,0.00,69.89
11:25:15,15,12.90,0.00,12.90,0.00,0.00,4.30,0.00,0.00,0.00,69.89
11:25:16,4,13.68,0.00,13.68,0.00,0.00,5.26,0.00,0.00,0.00,67.37
11:25:16,5,15.05,0.00,10.75,0.00,0.00,6.45,0.00,0.00,0.00,67.74
11:25:16,6,13.48,0.00,11.24,0.00,0.00,3.37,0.00,0.00,0.00,71.91
11:25:16,7,12.63,0.00,12.63,0.00,0.00,4.21,0.00,0.00,0.00,70.53
11:25:16,12,16.67,0.00,13.54,0.00,0.00,4.17,0.00,0.00,0.00,65.62
11:25:16,13,20.43,0.00,12.90,0.00,0.00,4.30,0.00,0.00,0.00,62.37
11:25:16,14,15.62,0.00,13.54,0.00,0.00,4.17,0.00,0.00,0.00,66.67
11:25:16,15,14.58,0.00,12.50,0.00,0.00,5.21,0.00,0.00,0.00,67.71
11:25:17,4,13.19,0.00,13.19,0.00,0.00,3.30,0.00,0.00,0.00,70.33
11:25:17,5,12.77,0.00,13.83,0.00,0.00,4.26,0.00,0.00,0.00,69.15
11:25:17,6,14.13,0.00,14.13,0.00,0.00,3.26,0.00,0.00,0.00,68.48
11:25:17,7,11.83,0.00,11.83,0.00,0.00,5.38,0.00,0.00,0.00,70.97
11:25:17,12,12.09,0.00,12.09,0.00,0.00,4.40,0.00,0.00,0.00,71.43
11:25:17,13,15.22,0.00,10.87,0.00,0.00,4.35,0.00,0.00,0.00,69.57
11:25:17,14,13.68,0.00,13.68,0.00,0.00,5.26,0.00,0.00,0.00,67.37
11:25:17,15,10.99,0.00,12.09,0.00,0.00,4.40,0.00,0.00,0.00,72.53
11:25:18,4,15.05,0.00,9.68,0.00,0.00,4.30,0.00,0.00,0.00,70.97
11:25:18,5,14.29,0.00,10.99,0.00,0.00,5.49,0.00,0.00,0.00,69.23
11:25:18,6,13.98,0.00,11.83,0.00,0.00,5.38,0.00,0.00,0.00,68.82
11:25:18,7,11.83,0.00,12.90,0.00,0.00,4.30,0.00,0.00,0.00,70.97
11:25:18,12,15.22,0.00,11.96,0.00,0.00,3.26,0.00,0.00,0.00,69.57
11:25:18,13,15.05,0.00,9.68,0.00,0.00,5.38,0.00,0.00,0.00,69.89
11:25:18,14,15.96,0.00,10.64,0.00,0.00,5.32,0.00,0.00,0.00,68.09
11:25:18,15,12.90,0.00,10.75,0.00,0.00,4.30,0.00,0.00,0.00,72.04
11:25:19,4,13.33,0.00,12.22,0.00,0.00,4.44,0.00,0.00,0.00,70.00
11:25:19,5,14.74,0.00,13.68,0.00,0.00,4.21,0.00,0.00,0.00,67.37
11:25:19,6,14.29,0.00,13.19,0.00,0.00,4.40,0.00,0.00,0.00,68.13
11:25:19,7,12.77,0.00,11.70,0.00,0.00,5.32,0.00,0.00,0.00,70.21
11:25:19,12,12.90,0.00,11.83,0.00,0.00,5.38,0.00,0.00,0.00,69.89
11:25:19,13,16.30,0.00,11.96,1.09,0.00,5.43,0.00,0.00,0.00,65.22
11:25:19,14,13.98,0.00,11.83,2.15,0.00,5.38,0.00,0.00,0.00,66.67
11:25:19,15,12.63,0.00,12.63,0.00,0.00,5.26,0.00,0.00,0.00,69.47
11:25:20,4,14.13,0.00,14.13,0.00,0.00,4.35,0.00,0.00,0.00,67.39
11:25:20,5,14.89,0.00,13.83,0.00,0.00,4.26,0.00,0.00,0.00,67.02
11:25:20,6,12.63,0.00,13.68,0.00,0.00,5.26,0.00,0.00,0.00,68.42
11:25:20,7,12.77,0.00,12.77,0.00,0.00,4.26,0.00,0.00,0.00,70.21
11:25:20,12,13.04,0.00,11.96,0.00,0.00,5.43,0.00,0.00,0.00,69.57
11:25:20,13,12.90,0.00,17.20,0.00,0.00,5.38,0.00,0.00,0.00,64.52
11:25:20,14,13.83,0.00,12.77,0.00,0.00,5.32,0.00,0.00,0.00,68.09
11:25:20,15,12.63,0.00,11.58,0.00,0.00,5.26,0.00,0.00,0.00,70.53
11:25:21,4,18.95,0.00,13.68,0.00,0.00,5.26,0.00,0.00,0.00,62.11
11:25:21,5,15.38,0.00,13.19,0.00,0.00,6.59,0.00,0.00,0.00,64.84
11:25:21,6,16.30,0.00,11.96,0.00,0.00,4.35,0.00,0.00,0.00,67.39
11:25:21,7,15.05,0.00,11.83,0.00,0.00,3.23,0.00,0.00,0.00,69.89
11:25:21,12,14.13,0.00,13.04,0.00,0.00,4.35,0.00,0.00,0.00,68.48
11:25:21,13,13.04,0.00,14.13,0.00,0.00,5.43,0.00,0.00,0.00,67.39
11:25:21,14,13.04,0.00,11.96,0.00,0.00,5.43,0.00,0.00,0.00,69.57
11:25:21,15,11.96,0.00,10.87,0.00,0.00,5.43,0.00,0.00,0.00,71.74
11:25:22,4,15.05,0.00,13.98,0.00,0.00,4.30,0.00,0.00,0.00,66.67
11:25:22,5,14.61,0.00,12.36,0.00,0.00,4.49,0.00,0.00,0.00,68.54
11:25:22,6,13.98,0.00,10.75,0.00,0.00,5.38,0.00,0.00,0.00,69.89
11:25:22,7,12.90,0.00,10.75,0.00,0.00,4.30,0.00,0.00,0.00,72.04
11:25:22,12,12.77,0.00,11.70,0.00,0.00,5.32,0.00,0.00,0.00,70.21
11:25:22,13,15.38,0.00,13.19,0.00,0.00,5.49,0.00,0.00,0.00,65.93
11:25:22,14,14.13,0.00,13.04,0.00,0.00,2.17,0.00,0.00,0.00,70.65
11:25:22,15,12.50,0.00,10.42,0.00,0.00,4.17,0.00,0.00,0.00,72.92
11:25:23,4,12.77,0.00,14.89,0.00,0.00,5.32,0.00,0.00,0.00,67.02
11:25:23,5,15.96,0.00,12.77,0.00,0.00,6.38,0.00,0.00,0.00,64.89
11:25:23,6,15.22,0.00,11.96,0.00,0.00,3.26,0.00,0.00,0.00,69.57
11:25:23,7,11.83,0.00,9.68,0.00,0.00,5.38,0.00,0.00,0.00,73.12
11:25:23,12,14.13,0.00,11.96,0.00,0.00,5.43,0.00,0.00,0.00,68.48
11:25:23,13,14.29,0.00,12.09,0.00,0.00,4.40,0.00,0.00,0.00,69.23
11:25:23,14,15.05,0.00,13.98,0.00,0.00,4.30,0.00,0.00,0.00,66.67
11:25:23,15,13.98,0.00,11.83,0.00,0.00,3.23,0.00,0.00,0.00,70.97
11:25:24,4,13.98,0.00,11.83,0.00,0.00,4.30,0.00,0.00,0.00,69.89
11:25:24,5,13.19,0.00,14.29,0.00,0.00,3.30,0.00,0.00,0.00,69.23
11:25:24,6,14.44,0.00,11.11,0.00,0.00,4.44,0.00,0.00,0.00,70.00
11:25:24,7,12.50,0.00,13.54,0.00,0.00,4.17,0.00,0.00,0.00,69.79
11:25:24,12,14.89,0.00,12.77,1.06,0.00,5.32,0.00,0.00,0.00,65.96
11:25:24,13,15.38,0.00,10.99,0.00,0.00,4.40,0.00,0.00,0.00,69.23
11:25:24,14,15.79,0.00,12.63,0.00,0.00,5.26,0.00,0.00,0.00,66.32
11:25:24,15,13.40,0.00,12.37,0.00,0.00,6.19,0.00,0.00,0.00,68.04
11:25:25,4,13.83,0.00,12.77,0.00,0.00,5.32,0.00,0.00,0.00,68.09
11:25:25,5,12.90,0.00,12.90,0.00,0.00,4.30,0.00,0.00,0.00,69.89
11:25:25,6,14.89,0.00,11.70,0.00,0.00,4.26,0.00,0.00,0.00,69.15
11:25:25,7,13.54,0.00,12.50,0.00,0.00,4.17,0.00,0.00,0.00,69.79
11:25:25,12,14.89,0.00,11.70,0.00,0.00,4.26,0.00,0.00,0.00,69.15
11:25:25,13,12.90,0.00,13.98,0.00,0.00,4.30,0.00,0.00,0.00,68.82
11:25:25,14,15.05,0.00,10.75,0.00,0.00,4.30,0.00,0.00,0.00,69.89
11:25:25,15,15.62,0.00,11.46,0.00,0.00,4.17,0.00,0.00,0.00,68.75
11:25:26,4,16.33,0.00,16.33,0.00,0.00,4.08,0.00,0.00,0.00,63.27
11:25:26,5,12.36,0.00,11.24,0.00,0.00,5.62,0.00,0.00,0.00,70.79
11:25:26,6,14.13,0.00,11.96,0.00,0.00,5.43,0.00,0.00,0.00,68.48
11:25:26,7,13.54,0.00,12.50,0.00,0.00,6.25,0.00,0.00,0.00,67.71
11:25:26,12,13.33,0.00,12.22,0.00,0.00,4.44,0.00,0.00,0.00,70.00
11:25:26,13,16.48,0.00,10.99,0.00,0.00,5.49,0.00,0.00,0.00,67.03
11:25:26,14,13.68,0.00,13.68,0.00,0.00,5.26,0.00,0.00,0.00,67.37
11:25:26,15,14.29,0.00,14.29,0.00,0.00,3.30,0.00,0.00,0.00,68.13
11:25:27,4,14.13,0.00,11.96,0.00,0.00,4.35,0.00,0.00,0.00,69.57
11:25:27,5,15.79,0.00,13.68,0.00,0.00,4.21,0.00,0.00,0.00,66.32
11:25:27,6,11.70,0.00,13.83,0.00,0.00,4.26,0.00,0.00,0.00,70.21
11:25:27,7,10.53,0.00,12.63,0.00,0.00,5.26,0.00,0.00,0.00,71.58
11:25:27,12,12.09,0.00,12.09,0.00,0.00,3.30,0.00,0.00,0.00,72.53
11:25:27,13,16.13,0.00,11.83,0.00,0.00,4.30,0.00,0.00,0.00,67.74
11:25:27,14,14.44,0.00,11.11,0.00,0.00,4.44,0.00,0.00,0.00,70.00
11:25:27,15,14.29,0.00,10.99,0.00,0.00,3.30,0.00,0.00,0.00,71.43
11:25:28,4,14.29,0.00,12.09,0.00,0.00,4.40,0.00,0.00,0.00,69.23
11:25:28,5,16.30,0.00,10.87,0.00,0.00,4.35,0.00,0.00,0.00,68.48
11:25:28,6,13.98,0.00,11.83,0.00,0.00,4.30,0.00,0.00,0.00,69.89
11:25:28,7,10.75,0.00,9.68,0.00,0.00,5.38,0.00,0.00,0.00,74.19
11:25:28,12,13.04,0.00,14.13,0.00,0.00,4.35,0.00,0.00,0.00,68.48
11:25:28,13,15.05,0.00,12.90,0.00,0.00,5.38,0.00,0.00,0.00,66.67
11:25:28,14,13.54,0.00,11.46,0.00,0.00,6.25,0.00,0.00,0.00,68.75
11:25:28,15,11.58,0.00,10.53,0.00,0.00,4.21,0.00,0.00,0.00,73.68
11:25:29,4,11.96,0.00,14.13,0.00,0.00,5.43,0.00,0.00,0.00,68.48
11:25:29,5,15.22,0.00,13.04,0.00,0.00,2.17,0.00,0.00,0.00,69.57
11:25:29,6,13.83,0.00,11.70,0.00,0.00,5.32,0.00,0.00,0.00,69.15
11:25:29,7,10.87,0.00,10.87,1.09,0.00,4.35,0.00,0.00,0.00,72.83
11:25:29,12,13.83,0.00,13.83,0.00,0.00,4.26,0.00,0.00,0.00,68.09
11:25:29,13,15.22,0.00,13.04,0.00,0.00,6.52,0.00,0.00,0.00,65.22
11:25:29,14,16.13,0.00,11.83,0.00,0.00,4.30,0.00,0.00,0.00,67.74
11:25:29,15,14.13,0.00,10.87,0.00,0.00,4.35,0.00,0.00,0.00,70.65
11:25:30,4,14.89,0.00,11.70,0.00,0.00,4.26,0.00,0.00,0.00,69.15
11:25:30,5,15.22,0.00,13.04,0.00,0.00,4.35,0.00,0.00,0.00,67.39
11:25:30,6,13.19,0.00,13.19,0.00,0.00,4.40,0.00,0.00,0.00,69.23
11:25:30,7,11.96,0.00,10.87,0.00,0.00,4.35,0.00,0.00,0.00,72.83
11:25:30,12,15.05,0.00,12.90,0.00,0.00,5.38,0.00,0.00,0.00,66.67
11:25:30,13,16.13,0.00,10.75,0.00,0.00,5.38,0.00,0.00,0.00,67.74
11:25:30,14,15.79,0.00,13.68,0.00,0.00,4.21,0.00,0.00,0.00,66.32
11:25:30,15,12.90,0.00,9.68,0.00,0.00,4.30,0.00,0.00,0.00,73.12
11:25:31,4,15.79,0.00,12.63,0.00,0.00,5.26,0.00,0.00,0.00,66.32
11:25:31,5,14.13,0.00,14.13,0.00,0.00,4.35,0.00,0.00,0.00,67.39
11:25:31,6,14.13,0.00,11.96,0.00,0.00,4.35,0.00,0.00,0.00,69.57
11:25:31,7,13.54,0.00,11.46,0.00,0.00,5.21,0.00,0.00,0.00,69.79
11:25:31,12,11.96,0.00,14.13,0.00,0.00,4.35,0.00,0.00,0.00,69.57
11:25:31,13,18.09,0.00,12.77,0.00,0.00,4.26,0.00,0.00,0.00,64.89
11:25:31,14,14.44,0.00,13.33,0.00,0.00,3.33,0.00,0.00,0.00,68.89
11:25:31,15,12.90,0.00,10.75,0.00,0.00,5.38,0.00,0.00,0.00,70.97
11:25:32,4,14.89,0.00,17.02,0.00,0.00,4.26,0.00,0.00,0.00,63.83
11:25:32,5,13.19,0.00,15.38,0.00,0.00,4.40,0.00,0.00,0.00,67.03
11:25:32,6,16.67,0.00,12.50,0.00,0.00,6.25,0.00,0.00,0.00,64.58
11:25:32,7,9.68,0.00,12.90,0.00,0.00,5.38,0.00,0.00,0.00,72.04
11:25:32,12,12.90,0.00,12.90,0.00,0.00,4.30,0.00,0.00,0.00,69.89
11:25:32,13,12.90,0.00,15.05,0.00,0.00,5.38,0.00,0.00,0.00,66.67
11:25:32,14,14.58,0.00,11.46,0.00,0.00,6.25,0.00,0.00,0.00,67.71
11:25:32,15,12.36,0.00,10.11,0.00,0.00,3.37,0.00,0.00,0.00,74.16
11:25:33,4,14.13,0.00,11.96,0.00,0.00,4.35,0.00,0.00,0.00,69.57
11:25:33,5,14.89,0.00,11.70,0.00,0.00,4.26,0.00,0.00,0.00,69.15
11:25:33,6,14.58,0.00,11.46,0.00,0.00,5.21,0.00,0.00,0.00,68.75
11:25:33,7,11.11,0.00,12.22,0.00,0.00,3.33,0.00,0.00,0.00,73.33
11:25:33,12,15.05,0.00,12.90,0.00,0.00,4.30,0.00,0.00,0.00,67.74
11:25:33,13,13.68,0.00,13.68,0.00,0.00,5.26,0.00,0.00,0.00,67.37
11:25:33,14,14.29,0.00,10.99,0.00,0.00,3.30,0.00,0.00,0.00,71.43
11:25:33,15,12.90,0.00,11.83,0.00,0.00,4.30,0.00,0.00,0.00,70.97
11:25:34,4,12.90,0.00,11.83,0.00,0.00,5.38,0.00,0.00,0.00,69.89
11:25:34,5,14.13,0.00,14.13,0.00,0.00,5.43,0.00,0.00,0.00,66.30
11:25:34,6,14.89,0.00,12.77,0.00,0.00,5.32,0.00,0.00,0.00,67.02
11:25:34,7,13.98,0.00,10.75,0.00,0.00,4.30,0.00,0.00,0.00,70.97
11:25:34,12,13.19,0.00,13.19,0.00,0.00,4.40,0.00,0.00,0.00,69.23
11:25:34,13,15.05,0.00,12.90,0.00,0.00,3.23,0.00,0.00,0.00,68.82
11:25:34,14,14.13,0.00,11.96,0.00,0.00,4.35,0.00,0.00,0.00,69.57
11:25:34,15,13.83,0.00,10.64,0.00,0.00,4.26,0.00,0.00,0.00,71.28
11:25:35,4,12.77,0.00,14.89,0.00,0.00,4.26,0.00,0.00,0.00,68.09
11:25:35,5,14.29,0.00,10.99,0.00,0.00,4.40,0.00,0.00,0.00,70.33
11:25:35,6,13.98,0.00,12.90,0.00,0.00,5.38,0.00,0.00,0.00,67.74
11:25:35,7,12.90,0.00,10.75,0.00,0.00,4.30,0.00,0.00,0.00,72.04
11:25:35,12,12.77,0.00,12.77,0.00,0.00,5.32,0.00,0.00,0.00,69.15
11:25:35,13,13.68,0.00,12.63,0.00,0.00,6.32,0.00,0.00,0.00,67.37
11:25:35,14,14.89,0.00,13.83,0.00,0.00,4.26,0.00,0.00,0.00,67.02
11:25:35,15,14.89,0.00,11.70,0.00,0.00,4.26,0.00,0.00,0.00,69.15
11:25:36,4,15.56,0.00,12.22,0.00,0.00,4.44,0.00,0.00,0.00,67.78
11:25:36,5,14.13,0.00,11.96,0.00,0.00,4.35,0.00,0.00,0.00,69.57
11:25:36,6,13.19,0.00,12.09,0.00,0.00,5.49,0.00,0.00,0.00,69.23
11:25:36,7,13.04,0.00,10.87,0.00,0.00,4.35,0.00,0.00,0.00,71.74
11:25:36,12,15.05,0.00,11.83,0.00,0.00,5.38,0.00,0.00,0.00,67.74
11:25:36,13,15.05,0.00,12.90,0.00,0.00,4.30,0.00,0.00,0.00,67.74
11:25:36,14,13.19,0.00,13.19,0.00,0.00,4.40,0.00,0.00,0.00,69.23
11:25:36,15,14.74,0.00,9.47,0.00,0.00,5.26,0.00,0.00,0.00,70.53
11:25:37,4,15.38,0.00,13.19,0.00,0.00,3.30,0.00,0.00,0.00,68.13
11:25:37,5,17.02,0.00,10.64,0.00,0.00,5.32,0.00,0.00,0.00,67.02
11:25:37,6,15.22,0.00,10.87,0.00,0.00,5.43,0.00,0.00,0.00,68.48
11:25:37,7,13.83,0.00,11.70,0.00,0.00,5.32,0.00,0.00,0.00,69.15
11:25:37,12,16.67,0.00,13.54,0.00,0.00,5.21,0.00,0.00,0.00,64.58
11:25:37,13,14.13,0.00,11.96,0.00,0.00,4.35,0.00,0.00,0.00,69.57
11:25:37,14,17.39,0.00,11.96,0.00,0.00,4.35,0.00,0.00,0.00,66.30
11:25:37,15,13.98,0.00,11.83,0.00,0.00,5.38,0.00,0.00,0.00,68.82
11:25:38,4,12.90,0.00,11.83,0.00,0.00,4.30,0.00,0.00,0.00,70.97
11:25:38,5,15.38,0.00,13.19,0.00,0.00,4.40,0.00,0.00,0.00,67.03
11:25:38,6,14.89,0.00,13.83,0.00,0.00,5.32,0.00,0.00,0.00,65.96
11:25:38,7,12.63,0.00,12.63,0.00,0.00,5.26,0.00,0.00,0.00,69.47
11:25:38,12,15.22,0.00,11.96,0.00,0.00,4.35,0.00,0.00,0.00,68.48
11:25:38,13,13.98,0.00,12.90,0.00,0.00,5.38,0.00,0.00,0.00,67.74
11:25:38,14,13.83,0.00,11.70,0.00,0.00,5.32,0.00,0.00,0.00,69.15
11:25:38,15,12.90,0.00,9.68,0.00,0.00,5.38,0.00,0.00,0.00,72.04
11:25:39,4,13.83,0.00,12.77,0.00,0.00,5.32,0.00,0.00,0.00,68.09
11:25:39,5,13.04,0.00,16.30,0.00,0.00,5.43,0.00,0.00,0.00,65.22
11:25:39,6,13.04,0.00,11.96,0.00,0.00,4.35,0.00,0.00,0.00,70.65
11:25:39,7,11.83,0.00,11.83,0.00,0.00,4.30,0.00,0.00,0.00,72.04
11:25:39,12,14.89,0.00,14.89,0.00,0.00,5.32,0.00,0.00,0.00,64.89
11:25:39,13,14.29,0.00,13.19,0.00,0.00,4.40,0.00,0.00,0.00,68.13
11:25:39,14,13.04,0.00,14.13,0.00,0.00,4.35,0.00,0.00,0.00,68.48
11:25:39,15,14.89,0.00,11.70,0.00,0.00,4.26,0.00,0.00,0.00,69.15
11:25:40,4,14.13,0.00,11.96,0.00,0.00,4.35,0.00,0.00,0.00,69.57
11:25:40,5,16.13,0.00,10.75,0.00,0.00,4.30,0.00,0.00,0.00,68.82
11:25:40,6,14.29,0.00,10.99,0.00,0.00,4.40,0.00,0.00,0.00,70.33
11:25:40,7,12.77,0.00,11.70,0.00,0.00,5.32,0.00,0.00,0.00,70.21
11:25:40,12,13.19,0.00,12.09,0.00,0.00,5.49,0.00,0.00,0.00,69.23
11:25:40,13,15.22,0.00,14.13,0.00,0.00,5.43,0.00,0.00,0.00,65.22
11:25:40,14,14.89,0.00,13.83,0.00,0.00,5.32,0.00,0.00,0.00,65.96
11:25:40,15,12.90,0.00,12.90,0.00,0.00,4.30,0.00,0.00,0.00,69.89
11:25:41,4,15.05,0.00,12.90,0.00,0.00,4.30,0.00,0.00,0.00,67.74
11:25:41,5,15.79,0.00,15.79,0.00,0.00,5.26,0.00,0.00,0.00,63.16
11:25:41,6,13.83,0.00,12.77,0.00,0.00,6.38,0.00,0.00,0.00,67.02
11:25:41,7,12.09,0.00,10.99,0.00,0.00,3.30,0.00,0.00,0.00,73.63
11:25:41,12,15.05,0.00,10.75,0.00,0.00,5.38,0.00,0.00,0.00,68.82
11:25:41,13,14.13,0.00,13.04,0.00,0.00,5.43,0.00,0.00,0.00,67.39
11:25:41,14,15.96,0.00,12.77,0.00,0.00,4.26,0.00,0.00,0.00,67.02
11:25:41,15,11.96,0.00,9.78,0.00,0.00,4.35,0.00,0.00,0.00,73.91
11:25:42,4,16.84,0.00,13.68,0.00,0.00,5.26,0.00,0.00,0.00,64.21
11:25:42,5,15.05,0.00,13.98,0.00,0.00,4.30,0.00,0.00,0.00,66.67
11:25:42,6,14.13,0.00,11.96,0.00,0.00,5.43,0.00,0.00,0.00,68.48
11:25:42,7,13.83,0.00,12.77,0.00,0.00,5.32,0.00,0.00,0.00,68.09
11:25:42,12,15.22,0.00,11.96,0.00,0.00,5.43,0.00,0.00,0.00,67.39
11:25:42,13,14.13,0.00,11.96,0.00,0.00,5.43,0.00,0.00,0.00,68.48
11:25:42,14,15.05,0.00,13.98,0.00,0.00,5.38,0.00,0.00,0.00,65.59
11:25:42,15,14.58,0.00,13.54,0.00,0.00,6.25,0.00,0.00,0.00,65.62
11:25:43,4,14.13,0.00,10.87,0.00,0.00,4.35,0.00,0.00,0.00,70.65
11:25:43,5,16.13,0.00,13.98,0.00,0.00,4.30,0.00,0.00,0.00,65.59
11:25:43,6,16.48,0.00,12.09,0.00,0.00,3.30,0.00,0.00,0.00,68.13
11:25:43,7,13.68,0.00,11.58,0.00,0.00,4.21,0.00,0.00,0.00,70.53
11:25:43,12,13.98,0.00,11.83,0.00,0.00,5.38,0.00,0.00,0.00,68.82
11:25:43,13,14.74,0.00,12.63,0.00,0.00,5.26,0.00,0.00,0.00,67.37
11:25:43,14,14.89,0.00,11.70,0.00,0.00,5.32,0.00,0.00,0.00,68.09
11:25:43,15,11.70,0.00,12.77,0.00,0.00,4.26,0.00,0.00,0.00,71.28
11:25:44,4,15.38,0.00,12.09,0.00,0.00,4.40,0.00,0.00,0.00,68.13
11:25:44,5,13.19,0.00,13.19,0.00,0.00,4.40,0.00,0.00,0.00,69.23
11:25:44,6,13.19,0.00,13.19,0.00,0.00,4.40,0.00,0.00,0.00,69.23
11:25:44,7,14.74,0.00,11.58,0.00,0.00,3.16,0.00,0.00,0.00,70.53
11:25:44,12,13.68,0.00,14.74,0.00,0.00,6.32,0.00,0.00,0.00,65.26
11:25:44,13,14.29,0.00,16.48,0.00,0.00,3.30,0.00,0.00,0.00,65.93
11:25:44,14,17.02,0.00,11.70,0.00,0.00,5.32,0.00,0.00,0.00,65.96
11:25:44,15,15.96,0.00,11.70,0.00,0.00,3.19,0.00,0.00,0.00,69.15
11:25:45,4,12.90,0.00,12.90,0.00,0.00,6.45,0.00,0.00,0.00,67.74
11:25:45,5,12.77,0.00,13.83,0.00,0.00,5.32,0.00,0.00,0.00,68.09
11:25:45,6,12.90,0.00,11.83,0.00,0.00,5.38,0.00,0.00,0.00,69.89
11:25:45,7,12.77,0.00,12.77,0.00,0.00,4.26,0.00,0.00,0.00,70.21
11:25:45,12,14.29,0.00,10.99,0.00,0.00,4.40,0.00,0.00,0.00,70.33
11:25:45,13,16.13,0.00,11.83,0.00,0.00,4.30,0.00,0.00,0.00,67.74
11:25:45,14,13.83,0.00,12.77,0.00,0.00,5.32,0.00,0.00,0.00,68.09
11:25:45,15,13.98,0.00,10.75,0.00,0.00,5.38,0.00,0.00,0.00,69.89
11:25:46,4,15.96,0.00,13.83,0.00,0.00,4.26,0.00,0.00,0.00,65.96
11:25:46,5,14.74,0.00,12.63,0.00,0.00,5.26,0.00,0.00,0.00,67.37
11:25:46,6,15.05,0.00,13.98,0.00,0.00,4.30,0.00,0.00,0.00,66.67
11:25:46,7,13.19,0.00,8.79,0.00,0.00,4.40,0.00,0.00,0.00,73.63
11:25:46,12,12.09,0.00,12.09,0.00,0.00,4.40,0.00,0.00,0.00,71.43
11:25:46,13,17.39,0.00,11.96,0.00,0.00,5.43,0.00,0.00,0.00,65.22
11:25:46,14,14.13,0.00,11.96,0.00,0.00,4.35,0.00,0.00,0.00,69.57
11:25:46,15,11.70,0.00,11.70,0.00,0.00,5.32,0.00,0.00,0.00,71.28
11:25:47,4,16.30,0.00,13.04,0.00,0.00,4.35,0.00,0.00,0.00,66.30
11:25:47,5,17.20,0.00,13.98,0.00,0.00,4.30,0.00,0.00,0.00,64.52
11:25:47,6,13.98,0.00,13.98,0.00,0.00,4.30,0.00,0.00,0.00,67.74
11:25:47,7,12.77,0.00,11.70,0.00,0.00,4.26,0.00,0.00,0.00,71.28
11:25:47,12,18.48,0.00,11.96,0.00,0.00,4.35,0.00,0.00,0.00,65.22
11:25:47,13,17.39,0.00,13.04,0.00,0.00,5.43,0.00,0.00,0.00,64.13
11:25:47,14,16.49,0.00,13.40,0.00,0.00,4.12,0.00,0.00,0.00,65.98
11:25:47,15,12.90,0.00,9.68,0.00,0.00,5.38,0.00,0.00,0.00,72.04
11:25:48,4,14.89,0.00,11.70,0.00,0.00,5.32,0.00,0.00,0.00,68.09
11:25:48,5,13.19,0.00,12.09,0.00,0.00,4.40,0.00,0.00,0.00,70.33
11:25:48,6,12.09,0.00,12.09,0.00,0.00,5.49,0.00,0.00,0.00,70.33
11:25:48,7,13.98,0.00,11.83,0.00,0.00,4.30,0.00,0.00,0.00,69.89
11:25:48,12,13.83,0.00,12.77,0.00,0.00,5.32,0.00,0.00,0.00,68.09
11:25:48,13,14.89,0.00,12.77,0.00,0.00,5.32,0.00,0.00,0.00,67.02
11:25:48,14,14.13,0.00,10.87,0.00,0.00,5.43,0.00,0.00,0.00,69.57
11:25:48,15,13.83,0.00,11.70,0.00,0.00,5.32,0.00,0.00,0.00,69.15
11:25:49,4,13.68,0.00,14.74,0.00,0.00,5.26,0.00,0.00,0.00,66.32
11:25:49,5,12.77,0.00,12.77,1.06,0.00,6.38,0.00,0.00,0.00,67.02
11:25:49,6,15.05,0.00,10.75,0.00,0.00,3.23,0.00,0.00,0.00,70.97
11:25:49,7,11.83,0.00,9.68,0.00,0.00,5.38,0.00,0.00,0.00,73.12
11:25:49,12,13.64,0.00,12.50,0.00,0.00,4.55,0.00,0.00,0.00,69.32
11:25:49,13,15.38,0.00,12.09,0.00,0.00,5.49,0.00,0.00,0.00,67.03
11:25:49,14,14.29,0.00,12.09,0.00,0.00,3.30,0.00,0.00,0.00,70.33
11:25:49,15,13.04,0.00,9.78,0.00,0.00,4.35,0.00,0.00,0.00,72.83
11:25:50,4,16.13,0.00,12.90,0.00,0.00,4.30,0.00,0.00,0.00,66.67
11:25:50,5,16.30,0.00,10.87,0.00,0.00,4.35,0.00,0.00,0.00,68.48
11:25:50,6,15.22,0.00,11.96,0.00,0.00,5.43,0.00,0.00,0.00,67.39
11:25:50,7,12.77,0.00,11.70,0.00,0.00,5.32,0.00,0.00,0.00,70.21
11:25:50,12,14.74,0.00,13.68,0.00,0.00,5.26,0.00,0.00,0.00,66.32
11:25:50,13,14.13,0.00,11.96,0.00,0.00,4.35,0.00,0.00,0.00,69.57
11:25:50,14,17.02,0.00,10.64,0.00,0.00,4.26,0.00,0.00,0.00,68.09
11:25:50,15,12.77,0.00,11.70,0.00,0.00,5.32,0.00,0.00,0.00,70.21
11:25:51,4,13.98,0.00,10.75,0.00,0.00,5.38,0.00,0.00,0.00,69.89
11:25:51,5,13.19,0.00,13.19,0.00,0.00,4.40,0.00,0.00,0.00,69.23
11:25:51,6,13.98,0.00,11.83,0.00,0.00,4.30,0.00,0.00,0.00,69.89
11:25:51,7,14.13,0.00,11.96,0.00,0.00,3.26,0.00,0.00,0.00,70.65
11:25:51,12,13.04,0.00,15.22,0.00,0.00,3.26,0.00,0.00,0.00,68.48
11:25:51,13,15.96,0.00,11.70,0.00,0.00,6.38,0.00,0.00,0.00,65.96
11:25:51,14,14.89,0.00,12.77,0.00,0.00,4.26,0.00,0.00,0.00,68.09
11:25:51,15,12.90,0.00,11.83,0.00,0.00,4.30,0.00,0.00,0.00,70.97
11:25:52,4,15.96,0.00,14.89,0.00,0.00,5.32,0.00,0.00,0.00,63.83
11:25:52,5,18.09,0.00,14.89,0.00,0.00,5.32,0.00,0.00,0.00,61.70
11:25:52,6,14.13,0.00,11.96,0.00,0.00,5.43,0.00,0.00,0.00,68.48
11:25:52,7,11.11,0.00,12.22,0.00,0.00,4.44,0.00,0.00,0.00,72.22
11:25:52,12,13.04,0.00,11.96,0.00,0.00,5.43,0.00,0.00,0.00,69.57
11:25:52,13,17.39,0.00,15.22,0.00,0.00,4.35,0.00,0.00,0.00,63.04
11:25:52,14,15.05,0.00,11.83,0.00,0.00,4.30,0.00,0.00,0.00,68.82
11:25:52,15,12.77,0.00,12.77,0.00,0.00,4.26,0.00,0.00,0.00,70.21
11:25:53,4,12.09,0.00,14.29,0.00,0.00,4.40,0.00,0.00,0.00,69.23
11:25:53,5,15.96,0.00,10.64,0.00,0.00,5.32,0.00,0.00,0.00,68.09
11:25:53,6,13.19,0.00,12.09,0.00,0.00,5.49,0.00,0.00,0.00,69.23
11:25:53,7,13.68,0.00,11.58,0.00,0.00,4.21,0.00,0.00,0.00,70.53
11:25:53,12,12.77,0.00,12.77,0.00,0.00,5.32,0.00,0.00,0.00,69.15
11:25:53,13,14.89,0.00,12.77,0.00,0.00,4.26,0.00,0.00,0.00,68.09
11:25:53,14,15.38,0.00,12.09,0.00,0.00,4.40,0.00,0.00,0.00,68.13
11:25:53,15,15.22,0.00,9.78,0.00,0.00,4.35,0.00,0.00,0.00,70.65
11:25:54,4,14.89,0.00,12.77,1.06,0.00,5.32,0.00,0.00,0.00,65.96
11:25:54,5,15.05,0.00,12.90,0.00,0.00,4.30,0.00,0.00,0.00,67.74
11:25:54,6,15.22,0.00,13.04,0.00,0.00,5.43,0.00,0.00,0.00,66.30
11:25:54,7,13.04,0.00,10.87,0.00,0.00,5.43,0.00,0.00,0.00,70.65
11:25:54,12,15.22,0.00,11.96,0.00,0.00,4.35,0.00,0.00,0.00,68.48
11:25:54,13,15.79,0.00,12.63,0.00,0.00,4.21,0.00,0.00,0.00,67.37
11:25:54,14,14.13,0.00,13.04,0.00,0.00,4.35,0.00,0.00,0.00,68.48
11:25:54,15,13.98,0.00,12.90,0.00,0.00,3.23,0.00,0.00,0.00,69.89
11:25:55,4,12.90,0.00,12.90,0.00,0.00,5.38,0.00,0.00,0.00,68.82
11:25:55,5,13.98,0.00,16.13,0.00,0.00,5.38,0.00,0.00,0.00,64.52
11:25:55,6,13.19,0.00,12.09,0.00,0.00,3.30,0.00,0.00,0.00,71.43
11:25:55,7,14.89,0.00,10.64,0.00,0.00,3.19,0.00,0.00,0.00,71.28
11:25:55,12,15.96,0.00,12.77,0.00,0.00,5.32,0.00,0.00,0.00,65.96
11:25:55,13,16.13,0.00,15.05,0.00,0.00,3.23,0.00,0.00,0.00,65.59
11:25:55,14,14.13,0.00,11.96,0.00,0.00,6.52,0.00,0.00,0.00,67.39
11:25:55,15,13.04,0.00,10.87,0.00,0.00,4.35,0.00,0.00,0.00,71.74
11:25:56,4,15.38,0.00,13.19,0.00,0.00,3.30,0.00,0.00,0.00,68.13
11:25:56,5,16.48,0.00,10.99,0.00,0.00,4.40,0.00,0.00,0.00,68.13
11:25:56,6,13.83,0.00,12.77,0.00,0.00,5.32,0.00,0.00,0.00,68.09
11:25:56,7,14.29,0.00,10.99,0.00,0.00,3.30,0.00,0.00,0.00,71.43
11:25:56,12,13.19,0.00,13.19,0.00,0.00,4.40,0.00,0.00,0.00,69.23
11:25:56,13,13.19,0.00,15.38,0.00,0.00,4.40,0.00,0.00,0.00,67.03
11:25:56,14,13.98,0.00,11.83,0.00,0.00,4.30,0.00,0.00,0.00,69.89
11:25:56,15,13.83,0.00,11.70,0.00,0.00,4.26,0.00,0.00,0.00,70.21
11:25:57,4,16.84,0.00,11.58,0.00,0.00,5.26,0.00,0.00,0.00,66.32
11:25:57,5,15.05,0.00,11.83,0.00,0.00,4.30,0.00,0.00,0.00,68.82
11:25:57,6,15.96,0.00,13.83,0.00,0.00,4.26,0.00,0.00,0.00,65.96
11:25:57,7,14.43,0.00,12.37,0.00,0.00,6.19,0.00,0.00,0.00,67.01
11:25:57,12,15.05,0.00,12.90,0.00,0.00,4.30,0.00,0.00,0.00,67.74
11:25:57,13,14.13,0.00,10.87,0.00,0.00,5.43,0.00,0.00,0.00,69.57
11:25:57,14,17.78,0.00,13.33,0.00,0.00,3.33,0.00,0.00,0.00,65.56
11:25:57,15,13.33,0.00,11.11,0.00,0.00,4.44,0.00,0.00,0.00,71.11
11:25:58,4,11.96,0.00,14.13,0.00,0.00,4.35,0.00,0.00,0.00,69.57
11:25:58,5,16.13,0.00,11.83,0.00,0.00,5.38,0.00,0.00,0.00,66.67
11:25:58,6,14.89,0.00,13.83,0.00,0.00,5.32,0.00,0.00,0.00,65.96
11:25:58,7,12.90,0.00,10.75,0.00,0.00,4.30,0.00,0.00,0.00,72.04
11:25:58,12,14.61,0.00,11.24,0.00,0.00,3.37,0.00,0.00,0.00,70.79
11:25:58,13,13.98,0.00,11.83,0.00,0.00,5.38,0.00,0.00,0.00,68.82
11:25:58,14,15.79,0.00,13.68,0.00,0.00,5.26,0.00,0.00,0.00,65.26
11:25:58,15,14.58,0.00,10.42,0.00,0.00,5.21,0.00,0.00,0.00,69.79
11:25:59,4,12.22,0.00,13.33,0.00,0.00,6.67,0.00,0.00,0.00,67.78
11:25:59,5,15.96,0.00,13.83,0.00,0.00,5.32,0.00,0.00,0.00,64.89
11:25:59,6,12.90,0.00,13.98,0.00,0.00,5.38,0.00,0.00,0.00,67.74
11:25:59,7,11.96,0.00,11.96,0.00,0.00,3.26,0.00,0.00,0.00,72.83
11:25:59,12,15.05,0.00,13.98,0.00,0.00,6.45,0.00,0.00,0.00,64.52
11:25:59,13,16.13,0.00,12.90,0.00,0.00,4.30,0.00,0.00,0.00,66.67
11:25:59,14,13.68,0.00,13.68,0.00,0.00,5.26,0.00,0.00,0.00,67.37
11:25:59,15,11.70,0.00,12.77,0.00,0.00,4.26,0.00,0.00,0.00,71.28
11:26:00,4,14.74,0.00,14.74,0.00,0.00,5.26,0.00,0.00,0.00,65.26
11:26:00,5,14.13,0.00,13.04,0.00,0.00,5.43,0.00,0.00,0.00,67.39
11:26:00,6,14.89,0.00,11.70,0.00,0.00,5.32,0.00,0.00,0.00,68.09
11:26:00,7,13.04,0.00,9.78,0.00,0.00,4.35,0.00,0.00,0.00,72.83
11:26:00,12,13.19,0.00,13.19,0.00,0.00,4.40,0.00,0.00,0.00,69.23
11:26:00,13,14.89,0.00,11.70,0.00,0.00,5.32,0.00,0.00,0.00,68.09
11:26:00,14,15.96,0.00,13.83,0.00,0.00,5.32,0.00,0.00,0.00,64.89
11:26:00,15,14.29,0.00,9.89,0.00,0.00,4.40,0.00,0.00,0.00,71.43
11:26:01,4,14.29,0.00,12.09,0.00,0.00,3.30,0.00,0.00,0.00,70.33
11:26:01,5,13.98,0.00,12.90,0.00,0.00,5.38,0.00,0.00,0.00,67.74
11:26:01,6,15.79,0.00,12.63,0.00,0.00,4.21,0.00,0.00,0.00,67.37
11:26:01,7,13.68,0.00,11.58,0.00,0.00,4.21,0.00,0.00,0.00,70.53
11:26:01,12,13.83,0.00,11.70,0.00,0.00,4.26,0.00,0.00,0.00,70.21
11:26:01,13,13.98,0.00,11.83,0.00,0.00,5.38,0.00,0.00,0.00,68.82
11:26:01,14,15.22,0.00,13.04,0.00,0.00,4.35,0.00,0.00,0.00,67.39
11:26:01,15,14.89,0.00,11.70,0.00,0.00,5.32,0.00,0.00,0.00,68.09
11:26:02,4,14.58,0.00,13.54,0.00,0.00,6.25,0.00,0.00,0.00,65.62
11:26:02,5,14.29,0.00,16.48,0.00,0.00,5.49,0.00,0.00,0.00,63.74
11:26:02,6,13.83,0.00,14.89,0.00,0.00,5.32,0.00,0.00,0.00,65.96
11:26:02,7,12.77,0.00,11.70,0.00,0.00,5.32,0.00,0.00,0.00,70.21
11:26:02,12,15.05,0.00,12.90,0.00,0.00,5.38,0.00,0.00,0.00,66.67
11:26:02,13,19.35,0.00,12.90,0.00,0.00,5.38,0.00,0.00,0.00,62.37
11:26:02,14,17.71,0.00,13.54,0.00,0.00,5.21,0.00,0.00,0.00,63.54
11:26:02,15,13.54,0.00,12.50,0.00,0.00,5.21,0.00,0.00,0.00,68.75
11:26:03,4,15.05,0.00,11.83,0.00,0.00,5.38,0.00,0.00,0.00,67.74
11:26:03,5,16.13,0.00,11.83,0.00,0.00,5.38,0.00,0.00,0.00,66.67
11:26:03,6,15.05,0.00,11.83,0.00,0.00,4.30,0.00,0.00,0.00,68.82
11:26:03,7,11.83,0.00,12.90,0.00,0.00,5.38,0.00,0.00,0.00,69.89
11:26:03,12,15.38,0.00,10.99,0.00,0.00,4.40,0.00,0.00,0.00,69.23
11:26:03,13,15.38,0.00,10.99,0.00,0.00,4.40,0.00,0.00,0.00,69.23
11:26:03,14,13.98,0.00,12.90,0.00,0.00,5.38,0.00,0.00,0.00,67.74
11:26:03,15,12.90,0.00,11.83,0.00,0.00,4.30,0.00,0.00,0.00,70.97
11:26:04,4,15.05,0.00,13.98,0.00,0.00,4.30,0.00,0.00,0.00,66.67
11:26:04,5,11.83,0.00,16.13,0.00,0.00,5.38,0.00,0.00,0.00,66.67
11:26:04,6,13.54,0.00,14.58,0.00,0.00,5.21,0.00,0.00,0.00,66.67
11:26:04,7,10.75,0.00,11.83,0.00,0.00,4.30,0.00,0.00,0.00,73.12
11:26:04,12,14.29,0.00,12.09,0.00,0.00,5.49,0.00,0.00,0.00,68.13
11:26:04,13,15.05,0.00,11.83,0.00,0.00,5.38,0.00,0.00,0.00,67.74
11:26:04,14,14.13,0.00,13.04,0.00,0.00,5.43,0.00,0.00,0.00,67.39
11:26:04,15,12.09,0.00,10.99,0.00,0.00,4.40,0.00,0.00,0.00,72.53
11:26:05,4,14.89,0.00,13.83,0.00,0.00,6.38,0.00,0.00,0.00,64.89
11:26:05,5,14.89,0.00,13.83,0.00,0.00,4.26,0.00,0.00,0.00,67.02
11:26:05,6,14.44,0.00,11.11,0.00,0.00,3.33,0.00,0.00,0.00,71.11
11:26:05,7,11.46,0.00,11.46,0.00,0.00,5.21,0.00,0.00,0.00,71.88
11:26:05,12,13.68,0.00,12.63,0.00,0.00,6.32,0.00,0.00,0.00,67.37
11:26:05,13,15.38,0.00,13.19,0.00,0.00,3.30,0.00,0.00,0.00,68.13
11:26:05,14,16.30,0.00,11.96,0.00,0.00,4.35,0.00,0.00,0.00,67.39
11:26:05,15,12.90,0.00,11.83,0.00,0.00,4.30,0.00,0.00,0.00,70.97
11:26:06,4,15.22,0.00,11.96,0.00,0.00,3.26,0.00,0.00,0.00,69.57
11:26:06,5,15.05,0.00,13.98,0.00,0.00,5.38,0.00,0.00,0.00,65.59
11:26:06,6,14.13,0.00,11.96,0.00,0.00,5.43,0.00,0.00,0.00,68.48
11:26:06,7,13.98,0.00,9.68,0.00,0.00,5.38,0.00,0.00,0.00,70.97
11:26:06,12,12.90,0.00,12.90,0.00,0.00,6.45,0.00,0.00,0.00,67.74
11:26:06,13,15.05,0.00,15.05,0.00,0.00,5.38,0.00,0.00,0.00,64.52
11:26:06,14,12.77,0.00,13.83,0.00,0.00,5.32,0.00,0.00,0.00,68.09
11:26:06,15,14.74,0.00,10.53,0.00,0.00,4.21,0.00,0.00,0.00,70.53
11:26:07,4,15.22,0.00,14.13,0.00,0.00,4.35,0.00,0.00,0.00,66.30
11:26:07,5,16.30,0.00,17.39,0.00,0.00,5.43,0.00,0.00,0.00,60.87
11:26:07,6,15.05,0.00,12.90,0.00,0.00,4.30,0.00,0.00,0.00,67.74
11:26:07,7,15.79,0.00,12.63,0.00,0.00,3.16,0.00,0.00,0.00,68.42
11:26:07,12,15.05,0.00,12.90,0.00,0.00,4.30,0.00,0.00,0.00,67.74
11:26:07,13,14.29,0.00,13.19,0.00,0.00,4.40,0.00,0.00,0.00,68.13
11:26:07,14,14.13,0.00,13.04,0.00,0.00,3.26,0.00,0.00,0.00,69.57
11:26:07,15,14.89,0.00,11.70,0.00,0.00,4.26,0.00,0.00,0.00,69.15
11:26:08,4,11.96,0.00,13.04,0.00,0.00,5.43,0.00,0.00,0.00,69.57
11:26:08,5,15.73,0.00,8.99,0.00,0.00,4.49,0.00,0.00,0.00,70.79
11:26:08,6,14.13,0.00,14.13,0.00,0.00,3.26,0.00,0.00,0.00,68.48
11:26:08,7,12.50,0.00,11.46,0.00,0.00,5.21,0.00,0.00,0.00,70.83
11:26:08,12,15.96,0.00,11.70,0.00,0.00,4.26,0.00,0.00,0.00,68.09
11:26:08,13,14.89,0.00,12.77,0.00,0.00,4.26,0.00,0.00,0.00,68.09
11:26:08,14,14.89,0.00,11.70,0.00,0.00,6.38,0.00,0.00,0.00,67.02
11:26:08,15,12.77,0.00,10.64,0.00,0.00,5.32,0.00,0.00,0.00,71.28
11:26:09,4,13.83,0.00,12.77,0.00,0.00,5.32,0.00,0.00,0.00,68.09
11:26:09,5,12.90,0.00,15.05,0.00,0.00,5.38,0.00,0.00,0.00,66.67
11:26:09,6,14.74,0.00,12.63,2.11,0.00,4.21,0.00,0.00,0.00,66.32
11:26:09,7,11.83,0.00,9.68,0.00,0.00,4.30,0.00,0.00,0.00,74.19
11:26:09,12,13.19,0.00,14.29,0.00,0.00,3.30,0.00,0.00,0.00,69.23
11:26:09,13,17.89,0.00,13.68,2.11,0.00,4.21,0.00,0.00,0.00,62.11
11:26:09,14,13.33,0.00,13.33,0.00,0.00,4.44,0.00,0.00,0.00,68.89
11:26:09,15,12.90,0.00,11.83,0.00,0.00,4.30,0.00,0.00,0.00,70.97
11:26:10,4,15.38,0.00,13.19,0.00,0.00,4.40,0.00,0.00,0.00,67.03
11:26:10,5,17.02,0.00,14.89,0.00,0.00,4.26,0.00,0.00,0.00,63.83
11:26:10,6,14.13,0.00,13.04,0.00,0.00,5.43,0.00,0.00,0.00,67.39
11:26:10,7,11.83,0.00,11.83,0.00,0.00,5.38,0.00,0.00,0.00,70.97
11:26:10,12,13.19,0.00,12.09,0.00,0.00,5.49,0.00,0.00,0.00,69.23
11:26:10,13,15.62,0.00,13.54,0.00,0.00,5.21,0.00,0.00,0.00,65.62
11:26:10,14,13.98,0.00,12.90,0.00,0.00,4.30,0.00,0.00,0.00,68.82
11:26:10,15,11.83,0.00,11.83,0.00,0.00,3.23,0.00,0.00,0.00,73.12
11:26:11,4,15.38,0.00,13.19,0.00,0.00,4.40,0.00,0.00,0.00,67.03
11:26:11,5,15.79,0.00,13.68,0.00,0.00,5.26,0.00,0.00,0.00,65.26
11:26:11,6,12.09,0.00,12.09,0.00,0.00,5.49,0.00,0.00,0.00,70.33
11:26:11,7,13.68,0.00,10.53,0.00,0.00,4.21,0.00,0.00,0.00,71.58
11:26:11,12,13.48,0.00,13.48,0.00,0.00,5.62,0.00,0.00,0.00,67.42
11:26:11,13,14.13,0.00,13.04,0.00,0.00,5.43,0.00,0.00,0.00,67.39
11:26:11,14,13.04,0.00,11.96,0.00,0.00,5.43,0.00,0.00,0.00,69.57
11:26:11,15,15.79,0.00,10.53,0.00,0.00,5.26,0.00,0.00,0.00,68.42
11:26:12,4,12.36,0.00,12.36,0.00,0.00,4.49,0.00,0.00,0.00,70.79
11:26:12,5,18.75,0.00,15.62,0.00,0.00,4.17,0.00,0.00,0.00,61.46
11:26:12,6,13.98,0.00,15.05,0.00,0.00,3.23,0.00,0.00,0.00,67.74
11:26:12,7,13.83,0.00,11.70,0.00,0.00,5.32,0.00,0.00,0.00,69.15
11:26:12,12,17.39,0.00,15.22,0.00,0.00,4.35,0.00,0.00,0.00,63.04
11:26:12,13,15.96,0.00,12.77,0.00,0.00,6.38,0.00,0.00,0.00,64.89
11:26:12,14,17.58,0.00,10.99,0.00,0.00,3.30,0.00,0.00,0.00,68.13
11:26:12,15,13.04,0.00,10.87,0.00,0.00,4.35,0.00,0.00,0.00,71.74
11:26:13,4,13.98,0.00,11.83,0.00,0.00,5.38,0.00,0.00,0.00,68.82
11:26:13,5,13.83,0.00,12.77,0.00,0.00,5.32,0.00,0.00,0.00,68.09
11:26:13,6,17.39,0.00,10.87,0.00,0.00,4.35,0.00,0.00,0.00,67.39
11:26:13,7,13.98,0.00,10.75,0.00,0.00,3.23,0.00,0.00,0.00,72.04
11:26:13,12,14.89,0.00,11.70,0.00,0.00,5.32,0.00,0.00,0.00,68.09
11:26:13,13,15.05,0.00,13.98,0.00,0.00,4.30,0.00,0.00,0.00,66.67
11:26:13,14,16.13,0.00,11.83,0.00,0.00,4.30,0.00,0.00,0.00,67.74
11:26:13,15,12.63,0.00,12.63,0.00,0.00,5.26,0.00,0.00,0.00,69.47
11:26:14,4,16.84,0.00,11.58,0.00,0.00,5.26,0.00,0.00,0.00,66.32
11:26:14,5,15.05,0.00,10.75,1.08,0.00,5.38,0.00,0.00,0.00,67.74
11:26:14,6,13.19,0.00,10.99,0.00,0.00,4.40,0.00,0.00,0.00,71.43
11:26:14,7,13.98,0.00,9.68,0.00,0.00,4.30,0.00,0.00,0.00,72.04
11:26:14,12,13.19,0.00,12.09,0.00,0.00,5.49,0.00,0.00,0.00,69.23
11:26:14,13,13.98,0.00,16.13,0.00,0.00,4.30,0.00,0.00,0.00,65.59
11:26:14,14,14.13,0.00,14.13,0.00,0.00,5.43,0.00,0.00,0.00,66.30
11:26:14,15,16.30,0.00,8.70,1.09,0.00,4.35,0.00,0.00,0.00,69.57
11:26:15,4,14.13,0.00,10.87,0.00,0.00,4.35,0.00,0.00,0.00,70.65
11:26:15,5,14.29,0.00,15.38,0.00,0.00,5.49,0.00,0.00,0.00,64.84
11:26:15,6,14.13,0.00,10.87,0.00,0.00,5.43,0.00,0.00,0.00,69.57
11:26:15,7,12.77,0.00,11.70,0.00,0.00,5.32,0.00,0.00,0.00,70.21
11:26:15,12,15.79,0.00,13.68,0.00,0.00,4.21,0.00,0.00,0.00,66.32
11:26:15,13,16.13,0.00,11.83,0.00,0.00,4.30,0.00,0.00,0.00,67.74
11:26:15,14,14.13,0.00,13.04,0.00,0.00,4.35,0.00,0.00,0.00,68.48
11:26:15,15,12.90,0.00,11.83,0.00,0.00,5.38,0.00,0.00,0.00,69.89
11:26:16,4,14.29,0.00,16.48,0.00,0.00,3.30,0.00,0.00,0.00,65.93
11:26:16,5,14.77,0.00,12.50,0.00,0.00,3.41,0.00,0.00,0.00,69.32
11:26:16,6,13.33,0.00,12.22,0.00,0.00,4.44,0.00,0.00,0.00,70.00
11:26:16,7,15.38,0.00,10.99,0.00,0.00,3.30,0.00,0.00,0.00,70.33
11:26:16,12,13.04,0.00,14.13,0.00,0.00,5.43,0.00,0.00,0.00,67.39
11:26:16,13,12.22,0.00,12.22,0.00,0.00,5.56,0.00,0.00,0.00,70.00
11:26:16,14,11.96,0.00,11.96,0.00,0.00,5.43,0.00,0.00,0.00,70.65
11:26:16,15,12.22,0.00,10.00,0.00,0.00,4.44,0.00,0.00,0.00,73.33
11:26:17,4,16.49,0.00,15.46,0.00,0.00,5.15,0.00,0.00,0.00,62.89
11:26:17,5,16.84,0.00,15.79,0.00,0.00,5.26,0.00,0.00,0.00,62.11
11:26:17,6,14.74,0.00,13.68,0.00,0.00,5.26,0.00,0.00,0.00,66.32
11:26:17,7,14.74,0.00,10.53,0.00,0.00,5.26,0.00,0.00,0.00,69.47
11:26:17,12,16.13,0.00,15.05,0.00,0.00,5.38,0.00,0.00,0.00,63.44
11:26:17,13,16.30,0.00,13.04,0.00,0.00,4.35,0.00,0.00,0.00,66.30
11:26:17,14,15.22,0.00,11.96,0.00,0.00,4.35,0.00,0.00,0.00,68.48
11:26:17,15,13.83,0.00,10.64,0.00,0.00,5.32,0.00,0.00,0.00,70.21
11:26:18,4,13.83,0.00,12.77,0.00,0.00,5.32,0.00,0.00,0.00,68.09
11:26:18,5,13.98,0.00,15.05,0.00,0.00,4.30,0.00,0.00,0.00,66.67
11:26:18,6,14.13,0.00,13.04,0.00,0.00,5.43,0.00,0.00,0.00,67.39
11:26:18,7,14.89,0.00,10.64,0.00,0.00,4.26,0.00,0.00,0.00,70.21
11:26:18,12,11.11,0.00,13.33,0.00,0.00,5.56,0.00,0.00,0.00,70.00
11:26:18,13,14.89,0.00,13.83,0.00,0.00,4.26,0.00,0.00,0.00,67.02
11:26:18,14,15.05,0.00,11.83,0.00,0.00,4.30,0.00,0.00,0.00,68.82
11:26:18,15,13.83,0.00,11.70,0.00,0.00,3.19,0.00,0.00,0.00,71.28
11:26:19,4,14.13,0.00,16.30,0.00,0.00,4.35,0.00,0.00,0.00,65.22
11:26:19,5,15.79,0.00,13.68,0.00,0.00,6.32,0.00,0.00,0.00,64.21
11:26:19,6,13.83,0.00,13.83,0.00,0.00,4.26,0.00,0.00,0.00,68.09
11:26:19,7,11.83,0.00,11.83,0.00,0.00,5.38,0.00,0.00,0.00,70.97
11:26:19,12,14.29,0.00,12.09,1.10,0.00,5.49,0.00,0.00,0.00,67.03
11:26:19,13,13.98,0.00,12.90,0.00,0.00,5.38,0.00,0.00,0.00,67.74
11:26:19,14,11.83,0.00,13.98,0.00,0.00,5.38,0.00,0.00,0.00,68.82
11:26:19,15,13.68,0.00,12.63,0.00,0.00,4.21,0.00,0.00,0.00,69.47
11:26:20,4,13.33,0.00,12.22,0.00,0.00,4.44,0.00,0.00,0.00,70.00
11:26:20,5,13.83,0.00,13.83,0.00,0.00,4.26,0.00,0.00,0.00,68.09
11:26:20,6,16.30,0.00,11.96,0.00,0.00,5.43,0.00,0.00,0.00,66.30
11:26:20,7,12.90,0.00,10.75,0.00,0.00,5.38,0.00,0.00,0.00,70.97
11:26:20,12,12.90,0.00,13.98,0.00,0.00,5.38,0.00,0.00,0.00,67.74
11:26:20,13,13.83,0.00,12.77,0.00,0.00,6.38,0.00,0.00,0.00,67.02
11:26:20,14,14.29,0.00,10.99,0.00,0.00,4.40,0.00,0.00,0.00,70.33
11:26:20,15,14.74,0.00,12.63,0.00,0.00,3.16,0.00,0.00,0.00,69.47
11:26:21,4,14.89,0.00,14.89,0.00,0.00,5.32,0.00,0.00,0.00,64.89
11:26:21,5,14.13,0.00,14.13,0.00,0.00,4.35,0.00,0.00,0.00,67.39
11:26:21,6,13.98,0.00,12.90,0.00,0.00,5.38,0.00,0.00,0.00,67.74
11:26:21,7,12.63,0.00,12.63,0.00,0.00,4.21,0.00,0.00,0.00,70.53
11:26:21,12,13.04,0.00,13.04,0.00,0.00,5.43,0.00,0.00,0.00,68.48
11:26:21,13,15.05,0.00,12.90,0.00,0.00,4.30,0.00,0.00,0.00,67.74
11:26:21,14,14.29,0.00,13.19,0.00,0.00,5.49,0.00,0.00,0.00,67.03
11:26:21,15,11.83,0.00,12.90,0.00,0.00,3.23,0.00,0.00,0.00,72.04
11:26:22,4,13.48,0.00,12.36,0.00,0.00,5.62,0.00,0.00,0.00,68.54
11:26:22,5,15.05,0.00,11.83,0.00,0.00,5.38,0.00,0.00,0.00,67.74
11:26:22,6,15.62,0.00,12.50,0.00,0.00,5.21,0.00,0.00,0.00,66.67
11:26:22,7,12.09,0.00,10.99,0.00,0.00,4.40,0.00,0.00,0.00,72.53
11:26:22,12,16.13,0.00,11.83,0.00,0.00,3.23,0.00,0.00,0.00,68.82
11:26:22,13,14.74,0.00,11.58,0.00,0.00,6.32,0.00,0.00,0.00,67.37
11:26:22,14,14.89,0.00,11.70,0.00,0.00,4.26,0.00,0.00,0.00,69.15
11:26:22,15,13.98,0.00,10.75,0.00,0.00,4.30,0.00,0.00,0.00,70.97
11:26:23,4,18.28,0.00,12.90,0.00,0.00,3.23,0.00,0.00,0.00,65.59
11:26:23,5,13.19,0.00,16.48,0.00,0.00,5.49,0.00,0.00,0.00,64.84
11:26:23,6,16.84,0.00,12.63,0.00,0.00,5.26,0.00,0.00,0.00,65.26
11:26:23,7,15.05,0.00,13.98,0.00,0.00,3.23,0.00,0.00,0.00,67.74
11:26:23,12,15.22,0.00,13.04,0.00,0.00,4.35,0.00,0.00,0.00,67.39
11:26:23,13,14.44,0.00,12.22,0.00,0.00,4.44,0.00,0.00,0.00,68.89
11:26:23,14,14.29,0.00,12.09,0.00,0.00,4.40,0.00,0.00,0.00,69.23
11:26:23,15,15.96,0.00,11.70,0.00,0.00,4.26,0.00,0.00,0.00,68.09
11:26:24,4,12.09,0.00,13.19,0.00,0.00,4.40,0.00,0.00,0.00,70.33
11:26:24,5,15.38,0.00,12.09,0.00,0.00,5.49,0.00,0.00,0.00,67.03
11:26:24,6,14.13,0.00,13.04,0.00,0.00,3.26,0.00,0.00,0.00,69.57
11:26:24,7,14.13,0.00,10.87,0.00,0.00,4.35,0.00,0.00,0.00,70.65
11:26:24,12,13.83,0.00,12.77,0.00,0.00,5.32,0.00,0.00,0.00,68.09
11:26:24,13,14.44,0.00,11.11,0.00,0.00,3.33,0.00,0.00,0.00,71.11
11:26:24,14,15.79,0.00,10.53,0.00,0.00,5.26,0.00,0.00,0.00,68.42
11:26:24,15,15.05,0.00,9.68,0.00,0.00,4.30,0.00,0.00,0.00,70.97
11:26:25,4,12.63,0.00,13.68,0.00,0.00,5.26,0.00,0.00,0.00,68.42
11:26:25,5,14.29,0.00,10.99,0.00,0.00,4.40,0.00,0.00,0.00,70.33
11:26:25,6,13.19,0.00,12.09,0.00,0.00,4.40,0.00,0.00,0.00,70.33
11:26:25,7,12.50,0.00,13.54,0.00,0.00,5.21,0.00,0.00,0.00,68.75
11:26:25,12,14.44,0.00,10.00,0.00,0.00,4.44,0.00,0.00,0.00,71.11
11:26:25,13,15.05,0.00,11.83,0.00,0.00,5.38,0.00,0.00,0.00,67.74
11:26:25,14,15.05,0.00,12.90,0.00,0.00,4.30,0.00,0.00,0.00,67.74
11:26:25,15,15.79,0.00,12.63,0.00,0.00,4.21,0.00,0.00,0.00,67.37
11:26:26,4,15.05,0.00,12.90,0.00,0.00,4.30,0.00,0.00,0.00,67.74
11:26:26,5,14.89,0.00,13.83,0.00,0.00,4.26,0.00,0.00,0.00,67.02
11:26:26,6,13.98,0.00,11.83,0.00,0.00,5.38,0.00,0.00,0.00,68.82
11:26:26,7,12.90,0.00,11.83,0.00,0.00,4.30,0.00,0.00,0.00,70.97
11:26:26,12,14.58,0.00,13.54,0.00,0.00,4.17,0.00,0.00,0.00,67.71
11:26:26,13,15.96,0.00,12.77,0.00,0.00,4.26,0.00,0.00,0.00,67.02
11:26:26,14,13.19,0.00,13.19,0.00,0.00,5.49,0.00,0.00,0.00,68.13
11:26:26,15,14.13,0.00,10.87,0.00,0.00,5.43,0.00,0.00,0.00,69.57
11:26:27,4,14.29,0.00,10.99,0.00,0.00,4.40,0.00,0.00,0.00,70.33
11:26:27,5,15.96,0.00,14.89,0.00,0.00,4.26,0.00,0.00,0.00,64.89
11:26:27,6,11.96,0.00,13.04,0.00,0.00,5.43,0.00,0.00,0.00,69.57
11:26:27,7,13.83,0.00,11.70,0.00,0.00,5.32,0.00,0.00,0.00,69.15
11:26:27,12,14.13,0.00,11.96,0.00,0.00,4.35,0.00,0.00,0.00,69.57
11:26:27,13,14.89,0.00,11.70,0.00,0.00,4.26,0.00,0.00,0.00,69.15
11:26:27,14,12.22,0.00,13.33,0.00,0.00,4.44,0.00,0.00,0.00,70.00
11:26:27,15,13.68,0.00,12.63,0.00,0.00,5.26,0.00,0.00,0.00,68.42
11:26:28,4,17.20,0.00,12.90,0.00,0.00,3.23,0.00,0.00,0.00,66.67
11:26:28,5,17.58,0.00,14.29,0.00,0.00,4.40,0.00,0.00,0.00,63.74
11:26:28,6,11.83,0.00,15.05,0.00,0.00,4.30,0.00,0.00,0.00,68.82
11:26:28,7,10.75,0.00,11.83,0.00,0.00,4.30,0.00,0.00,0.00,73.12
11:26:28,12,16.67,0.00,14.44,0.00,0.00,4.44,0.00,0.00,0.00,64.44
11:26:28,13,15.38,0.00,12.09,0.00,0.00,6.59,0.00,0.00,0.00,65.93
11:26:28,14,13.83,0.00,13.83,0.00,0.00,6.38,0.00,0.00,0.00,65.96
11:26:28,15,13.83,0.00,10.64,0.00,0.00,5.32,0.00,0.00,0.00,70.21
11:26:29,4,13.33,0.00,11.11,0.00,0.00,5.56,0.00,0.00,0.00,70.00
11:26:29,5,14.44,0.00,11.11,0.00,0.00,4.44,0.00,0.00,0.00,70.00
11:26:29,6,15.22,0.00,10.87,0.00,0.00,4.35,0.00,0.00,0.00,69.57
11:26:29,7,14.13,0.00,10.87,0.00,0.00,5.43,0.00,0.00,0.00,69.57
11:26:29,12,12.63,0.00,12.63,0.00,0.00,6.32,0.00,0.00,0.00,68.42
11:26:29,13,14.13,0.00,11.96,0.00,0.00,4.35,0.00,0.00,0.00,69.57
11:26:29,14,13.83,0.00,10.64,2.13,0.00,5.32,0.00,0.00,0.00,68.09
11:26:29,15,14.89,0.00,10.64,0.00,0.00,4.26,0.00,0.00,0.00,70.21
11:26:30,4,16.30,0.00,11.96,0.00,0.00,4.35,0.00,0.00,0.00,67.39
11:26:30,5,17.89,0.00,10.53,0.00,0.00,3.16,0.00,0.00,0.00,68.42
11:26:30,6,14.58,0.00,12.50,0.00,0.00,5.21,0.00,0.00,0.00,67.71
11:26:30,7,13.04,0.00,11.96,0.00,0.00,4.35,0.00,0.00,0.00,70.65
11:26:30,12,13.83,0.00,13.83,0.00,0.00,4.26,0.00,0.00,0.00,68.09
11:26:30,13,14.44,0.00,8.89,0.00,0.00,5.56,0.00,0.00,0.00,71.11
11:26:30,14,14.89,0.00,12.77,0.00,0.00,4.26,0.00,0.00,0.00,68.09
11:26:30,15,13.98,0.00,10.75,0.00,0.00,4.30,0.00,0.00,0.00,70.97
11:26:31,4,14.13,0.00,11.96,0.00,0.00,4.35,0.00,0.00,0.00,69.57
11:26:31,5,13.19,0.00,14.29,0.00,0.00,4.40,0.00,0.00,0.00,68.13
11:26:31,6,15.05,0.00,10.75,0.00,0.00,5.38,0.00,0.00,0.00,68.82
11:26:31,7,14.74,0.00,12.63,0.00,0.00,4.21,0.00,0.00,0.00,68.42
11:26:31,12,13.04,0.00,11.96,0.00,0.00,4.35,0.00,0.00,0.00,70.65
11:26:31,13,13.33,0.00,11.11,0.00,0.00,4.44,0.00,0.00,0.00,71.11
11:26:31,14,13.98,0.00,13.98,0.00,0.00,3.23,0.00,0.00,0.00,68.82
11:26:31,15,13.68,0.00,11.58,0.00,0.00,4.21,0.00,0.00,0.00,70.53
11:26:32,4,13.68,0.00,14.74,0.00,0.00,5.26,0.00,0.00,0.00,66.32
11:26:32,5,15.05,0.00,11.83,0.00,0.00,4.30,0.00,0.00,0.00,68.82
11:26:32,6,14.13,0.00,10.87,0.00,0.00,4.35,0.00,0.00,0.00,70.65
11:26:32,7,12.90,0.00,11.83,0.00,0.00,4.30,0.00,0.00,0.00,70.97
11:26:32,12,13.83,0.00,12.77,0.00,0.00,4.26,0.00,0.00,0.00,69.15
11:26:32,13,14.58,0.00,13.54,0.00,0.00,5.21,0.00,0.00,0.00,66.67
11:26:32,14,14.29,0.00,10.99,0.00,0.00,4.40,0.00,0.00,0.00,70.33
11:26:32,15,14.13,0.00,10.87,0.00,0.00,4.35,0.00,0.00,0.00,70.65
11:26:33,4,16.13,0.00,12.90,0.00,0.00,4.30,0.00,0.00,0.00,66.67
11:26:33,5,17.02,0.00,14.89,0.00,0.00,3.19,0.00,0.00,0.00,64.89
11:26:33,6,16.30,0.00,10.87,0.00,0.00,5.43,0.00,0.00,0.00,67.39
11:26:33,7,12.36,0.00,10.11,0.00,0.00,3.37,0.00,0.00,0.00,74.16
11:26:33,12,18.28,0.00,12.90,0.00,0.00,5.38,0.00,0.00,0.00,63.44
11:26:33,13,17.20,0.00,12.90,0.00,0.00,5.38,0.00,0.00,0.00,64.52
11:26:33,14,14.58,0.00,15.62,0.00,0.00,4.17,0.00,0.00,0.00,65.62
11:26:33,15,11.96,0.00,11.96,0.00,0.00,4.35,0.00,0.00,0.00,71.74
11:26:34,4,14.89,0.00,11.70,0.00,0.00,5.32,0.00,0.00,0.00,68.09
11:26:34,5,14.61,0.00,11.24,0.00,0.00,2.25,0.00,0.00,0.00,71.91
11:26:34,6,14.89,0.00,11.70,0.00,0.00,4.26,0.00,0.00,0.00,69.15
11:26:34,7,13.83,0.00,12.77,0.00,0.00,4.26,0.00,0.00,0.00,69.15
11:26:34,12,13.98,0.00,12.90,0.00,0.00,4.30,0.00,0.00,0.00,68.82
11:26:34,13,15.05,0.00,11.83,0.00,0.00,3.23,0.00,0.00,0.00,69.89
11:26:34,14,13.68,0.00,13.68,0.00,0.00,4.21,0.00,0.00,0.00,68.42
11:26:34,15,13.19,0.00,10.99,0.00,0.00,4.40,0.00,0.00,0.00,71.43
11:26:35,4,16.30,0.00,11.96,0.00,0.00,3.26,0.00,0.00,0.00,68.48
11:26:35,5,13.04,0.00,16.30,0.00,0.00,5.43,0.00,0.00,0.00,65.22
11:26:35,6,13.19,0.00,12.09,0.00,0.00,4.40,0.00,0.00,0.00,70.33
11:26:35,7,13.04,0.00,9.78,0.00,0.00,4.35,0.00,0.00,0.00,72.83
11:26:35,12,15.79,0.00,13.68,0.00,0.00,5.26,0.00,0.00,0.00,65.26
11:26:35,13,14.89,0.00,11.70,0.00,0.00,5.32,0.00,0.00,0.00,68.09
11:26:35,14,13.98,0.00,12.90,0.00,0.00,4.30,0.00,0.00,0.00,68.82
11:26:35,15,13.98,0.00,10.75,0.00,0.00,4.30,0.00,0.00,0.00,70.97
11:26:36,4,13.04,0.00,13.04,0.00,0.00,6.52,0.00,0.00,0.00,67.39
11:26:36,5,13.04,0.00,13.04,0.00,0.00,4.35,0.00,0.00,0.00,69.57
11:26:36,6,14.89,0.00,10.64,0.00,0.00,5.32,0.00,0.00,0.00,69.15
11:26:36,7,12.77,0.00,12.77,0.00,0.00,4.26,0.00,0.00,0.00,70.21
11:26:36,12,15.22,0.00,10.87,0.00,0.00,5.43,0.00,0.00,0.00,68.48
11:26:36,13,13.04,0.00,15.22,0.00,0.00,4.35,0.00,0.00,0.00,67.39
11:26:36,14,14.89,0.00,11.70,0.00,0.00,4.26,0.00,0.00,0.00,69.15
11:26:36,15,15.38,0.00,9.89,0.00,0.00,2.20,0.00,0.00,0.00,72.53
11:26:37,4,15.62,0.00,12.50,0.00,0.00,5.21,0.00,0.00,0.00,66.67
11:26:37,5,15.22,0.00,10.87,0.00,0.00,4.35,0.00,0.00,0.00,69.57
11:26:37,6,13.83,0.00,11.70,0.00,0.00,5.32,0.00,0.00,0.00,69.15
11:26:37,7,12.09,0.00,12.09,0.00,0.00,4.40,0.00,0.00,0.00,71.43
11:26:37,12,13.64,0.00,9.09,0.00,0.00,4.55,0.00,0.00,0.00,72.73
11:26:37,13,14.44,0.00,10.00,0.00,0.00,3.33,0.00,0.00,0.00,72.22
11:26:37,14,13.04,0.00,10.87,0.00,0.00,5.43,0.00,0.00,0.00,70.65
11:26:37,15,11.70,0.00,12.77,0.00,0.00,5.32,0.00,0.00,0.00,70.21
11:26:38,4,15.38,0.00,12.09,0.00,0.00,4.40,0.00,0.00,0.00,68.13
11:26:38,5,16.48,0.00,12.09,0.00,0.00,4.40,0.00,0.00,0.00,67.03
11:26:38,6,15.05,0.00,11.83,0.00,0.00,5.38,0.00,0.00,0.00,67.74
11:26:38,7,11.83,0.00,11.83,0.00,0.00,5.38,0.00,0.00,0.00,70.97
11:26:38,12,13.83,0.00,13.83,0.00,0.00,5.32,0.00,0.00,0.00,67.02
11:26:38,13,15.96,0.00,13.83,0.00,0.00,5.32,0.00,0.00,0.00,64.89
11:26:38,14,19.15,0.00,14.89,0.00,0.00,5.32,0.00,0.00,0.00,60.64
11:26:38,15,14.44,0.00,10.00,0.00,0.00,3.33,0.00,0.00,0.00,72.22
11:26:39,4,13.19,0.00,13.19,0.00,0.00,3.30,0.00,0.00,0.00,70.33
11:26:39,5,14.89,0.00,11.70,0.00,0.00,5.32,0.00,0.00,0.00,68.09
11:26:39,6,14.29,0.00,12.09,0.00,0.00,4.40,0.00,0.00,0.00,69.23
11:26:39,7,12.09,0.00,12.09,0.00,0.00,3.30,0.00,0.00,0.00,72.53
11:26:39,12,16.13,0.00,10.75,0.00,0.00,3.23,0.00,0.00,0.00,69.89
11:26:39,13,13.04,0.00,16.30,0.00,0.00,4.35,0.00,0.00,0.00,66.30
11:26:39,14,14.13,0.00,13.04,0.00,0.00,4.35,0.00,0.00,0.00,68.48
11:26:39,15,13.04,0.00,11.96,1.09,0.00,3.26,0.00,0.00,0.00,70.65
11:26:40,4,14.58,0.00,12.50,0.00,0.00,5.21,0.00,0.00,0.00,67.71
11:26:40,5,16.84,0.00,14.74,0.00,0.00,6.32,0.00,0.00,0.00,62.11
11:26:40,6,13.98,0.00,13.98,0.00,0.00,5.38,0.00,0.00,0.00,66.67
11:26:40,7,11.83,0.00,10.75,0.00,0.00,5.38,0.00,0.00,0.00,72.04
11:26:40,12,15.05,0.00,13.98,0.00,0.00,5.38,0.00,0.00,0.00,65.59
11:26:40,13,17.02,0.00,11.70,0.00,0.00,4.26,0.00,0.00,0.00,67.02
11:26:40,14,13.98,0.00,12.90,0.00,0.00,5.38,0.00,0.00,0.00,67.74
11:26:40,15,13.04,0.00,10.87,0.00,0.00,4.35,0.00,0.00,0.00,71.74
11:26:41,4,16.13,0.00,12.90,0.00,0.00,5.38,0.00,0.00,0.00,65.59
11:26:41,5,13.98,0.00,15.05,0.00,0.00,4.30,0.00,0.00,0.00,66.67
11:26:41,6,12.22,0.00,12.22,0.00,0.00,4.44,0.00,0.00,0.00,71.11
11:26:41,7,14.89,0.00,11.70,0.00,0.00,3.19,0.00,0.00,0.00,70.21
11:26:41,12,14.89,0.00,12.77,0.00,0.00,5.32,0.00,0.00,0.00,67.02
11:26:41,13,15.05,0.00,16.13,0.00,0.00,5.38,0.00,0.00,0.00,63.44
11:26:41,14,13.04,0.00,11.96,0.00,0.00,4.35,0.00,0.00,0.00,70.65
11:26:41,15,12.90,0.00,11.83,0.00,0.00,4.30,0.00,0.00,0.00,70.97
11:26:42,4,13.04,0.00,13.04,0.00,0.00,4.35,0.00,0.00,0.00,69.57
11:26:42,5,13.83,0.00,13.83,0.00,0.00,6.38,0.00,0.00,0.00,65.96
11:26:42,6,12.90,0.00,11.83,0.00,0.00,5.38,0.00,0.00,0.00,69.89
11:26:42,7,11.96,0.00,10.87,0.00,0.00,4.35,0.00,0.00,0.00,72.83
11:26:42,12,14.13,0.00,14.13,0.00,0.00,4.35,0.00,0.00,0.00,67.39
11:26:42,13,13.98,0.00,13.98,0.00,0.00,5.38,0.00,0.00,0.00,66.67
11:26:42,14,14.29,0.00,9.89,0.00,0.00,5.49,0.00,0.00,0.00,70.33
11:26:42,15,12.90,0.00,11.83,0.00,0.00,4.30,0.00,0.00,0.00,70.97
11:26:43,4,15.96,0.00,12.77,0.00,0.00,5.32,0.00,0.00,0.00,65.96
11:26:43,5,14.89,0.00,12.77,0.00,0.00,5.32,0.00,0.00,0.00,67.02
11:26:43,6,13.68,0.00,13.68,0.00,0.00,5.26,0.00,0.00,0.00,67.37
11:26:43,7,14.74,0.00,13.68,0.00,0.00,4.21,0.00,0.00,0.00,67.37
11:26:43,12,13.33,0.00,13.33,0.00,0.00,3.33,0.00,0.00,0.00,70.00
11:26:43,13,15.96,0.00,13.83,0.00,0.00,4.26,0.00,0.00,0.00,65.96
11:26:43,14,16.84,0.00,13.68,0.00,0.00,4.21,0.00,0.00,0.00,65.26
11:26:43,15,14.89,0.00,11.70,0.00,0.00,5.32,0.00,0.00,0.00,68.09
11:26:44,4,15.56,0.00,11.11,1.11,0.00,3.33,0.00,0.00,0.00,68.89
11:26:44,5,13.98,0.00,13.98,0.00,0.00,3.23,0.00,0.00,0.00,68.82
11:26:44,6,13.83,0.00,11.70,0.00,0.00,5.32,0.00,0.00,0.00,69.15
11:26:44,7,13.04,0.00,10.87,0.00,0.00,3.26,0.00,0.00,0.00,72.83
11:26:44,12,14.44,0.00,12.22,0.00,0.00,4.44,0.00,0.00,0.00,68.89
11:26:44,13,17.20,0.00,13.98,0.00,0.00,4.30,0.00,0.00,0.00,64.52
11:26:44,14,15.79,0.00,12.63,0.00,0.00,5.26,0.00,0.00,0.00,66.32
11:26:44,15,12.90,0.00,12.90,0.00,0.00,4.30,0.00,0.00,0.00,69.89
11:26:45,4,14.74,0.00,13.68,0.00,0.00,4.21,0.00,0.00,0.00,67.37
11:26:45,5,13.04,0.00,13.04,0.00,0.00,5.43,0.00,0.00,0.00,68.48
11:26:45,6,12.63,0.00,13.68,0.00,0.00,5.26,0.00,0.00,0.00,68.42
11:26:45,7,11.70,0.00,13.83,0.00,0.00,4.26,0.00,0.00,0.00,70.21
11:26:45,12,12.77,0.00,12.77,0.00,0.00,5.32,0.00,0.00,0.00,69.15
11:26:45,13,14.13,0.00,14.13,0.00,0.00,4.35,0.00,0.00,0.00,67.39
11:26:45,14,13.83,0.00,13.83,0.00,0.00,4.26,0.00,0.00,0.00,68.09
11:26:45,15,13.33,0.00,11.11,0.00,0.00,4.44,0.00,0.00,0.00,71.11
11:26:46,4,14.58,0.00,13.54,0.00,0.00,4.17,0.00,0.00,0.00,67.71
11:26:46,5,16.30,0.00,11.96,0.00,0.00,5.43,0.00,0.00,0.00,66.30
11:26:46,6,14.29,0.00,10.99,0.00,0.00,4.40,0.00,0.00,0.00,70.33
11:26:46,7,15.22,0.00,9.78,0.00,0.00,4.35,0.00,0.00,0.00,70.65
11:26:46,12,15.05,0.00,11.83,0.00,0.00,4.30,0.00,0.00,0.00,68.82
11:26:46,13,14.29,0.00,15.38,0.00,0.00,4.40,0.00,0.00,0.00,65.93
11:26:46,14,13.98,0.00,10.75,0.00,0.00,6.45,0.00,0.00,0.00,68.82
11:26:46,15,14.89,0.00,10.64,0.00,0.00,4.26,0.00,0.00,0.00,70.21
11:26:47,4,14.44,0.00,10.00,0.00,0.00,4.44,0.00,0.00,0.00,71.11
11:26:47,5,15.05,0.00,13.98,0.00,0.00,4.30,0.00,0.00,0.00,66.67
11:26:47,6,14.74,0.00,13.68,0.00,0.00,5.26,0.00,0.00,0.00,66.32
11:26:47,7,16.13,0.00,10.75,0.00,0.00,4.30,0.00,0.00,0.00,68.82
11:26:47,12,14.89,0.00,12.77,0.00,0.00,4.26,0.00,0.00,0.00,68.09
11:26:47,13,15.96,0.00,11.70,0.00,0.00,5.32,0.00,0.00,0.00,67.02
11:26:47,14,16.13,0.00,10.75,0.00,0.00,4.30,0.00,0.00,0.00,68.82
11:26:47,15,15.79,0.00,11.58,0.00,0.00,5.26,0.00,0.00,0.00,67.37
11:26:48,4,15.38,0.00,12.09,0.00,0.00,4.40,0.00,0.00,0.00,68.13
11:26:48,5,15.22,0.00,14.13,2.17,0.00,5.43,0.00,0.00,0.00,63.04
11:26:48,6,13.98,0.00,11.83,0.00,0.00,4.30,0.00,0.00,0.00,69.89
11:26:48,7,13.83,0.00,9.57,0.00,0.00,5.32,0.00,0.00,0.00,71.28
11:26:48,12,16.30,0.00,15.22,0.00,0.00,5.43,0.00,0.00,0.00,63.04
11:26:48,13,18.48,0.00,13.04,0.00,0.00,3.26,0.00,0.00,0.00,65.22
11:26:48,14,13.83,0.00,14.89,0.00,0.00,5.32,0.00,0.00,0.00,65.96
11:26:48,15,12.90,0.00,12.90,0.00,0.00,4.30,0.00,0.00,0.00,69.89
11:26:49,4,14.74,0.00,12.63,0.00,0.00,4.21,0.00,0.00,0.00,68.42
11:26:49,5,14.13,0.00,13.04,0.00,0.00,4.35,0.00,0.00,0.00,68.48
11:26:49,6,13.83,0.00,13.83,0.00,0.00,4.26,0.00,0.00,0.00,68.09
11:26:49,7,13.04,0.00,10.87,0.00,0.00,3.26,0.00,0.00,0.00,72.83
11:26:49,12,14.29,0.00,12.24,0.00,0.00,6.12,0.00,0.00,0.00,67.35
11:26:49,13,15.96,0.00,12.77,0.00,0.00,5.32,0.00,0.00,0.00,65.96
11:26:49,14,16.13,0.00,12.90,0.00,0.00,4.30,0.00,0.00,0.00,66.67
11:26:49,15,12.90,0.00,10.75,0.00,0.00,5.38,0.00,0.00,0.00,70.97
11:26:50,4,15.56,0.00,11.11,0.00,0.00,4.44,0.00,0.00,0.00,68.89
11:26:50,5,14.13,0.00,14.13,0.00,0.00,3.26,0.00,0.00,0.00,68.48
11:26:50,6,14.13,0.00,10.87,0.00,0.00,4.35,0.00,0.00,0.00,70.65
11:26:50,7,10.87,0.00,10.87,0.00,0.00,5.43,0.00,0.00,0.00,72.83
11:26:50,12,14.44,0.00,12.22,0.00,0.00,4.44,0.00,0.00,0.00,68.89
11:26:50,13,15.05,0.00,12.90,0.00,0.00,5.38,0.00,0.00,0.00,66.67
11:26:50,14,12.90,0.00,12.90,0.00,0.00,5.38,0.00,0.00,0.00,68.82
11:26:50,15,15.96,0.00,11.70,0.00,0.00,3.19,0.00,0.00,0.00,69.15
11:26:51,4,13.83,0.00,12.77,0.00,0.00,5.32,0.00,0.00,0.00,68.09
11:26:51,5,14.89,0.00,11.70,0.00,0.00,6.38,0.00,0.00,0.00,67.02
11:26:51,6,12.09,0.00,13.19,0.00,0.00,4.40,0.00,0.00,0.00,70.33
11:26:51,7,12.90,0.00,10.75,0.00,0.00,4.30,0.00,0.00,0.00,72.04
11:26:51,12,13.98,0.00,11.83,0.00,0.00,5.38,0.00,0.00,0.00,68.82
11:26:51,13,13.33,0.00,15.56,0.00,0.00,5.56,0.00,0.00,0.00,65.56
11:26:51,14,13.98,0.00,11.83,0.00,0.00,5.38,0.00,0.00,0.00,68.82
11:26:51,15,15.22,0.00,8.70,0.00,0.00,5.43,0.00,0.00,0.00,70.65
11:26:52,4,13.98,0.00,10.75,0.00,0.00,5.38,0.00,0.00,0.00,69.89
11:26:52,5,13.19,0.00,12.09,0.00,0.00,4.40,0.00,0.00,0.00,70.33
11:26:52,6,14.29,0.00,10.99,0.00,0.00,4.40,0.00,0.00,0.00,70.33
11:26:52,7,13.98,0.00,9.68,0.00,0.00,5.38,0.00,0.00,0.00,70.97
11:26:52,12,16.13,0.00,11.83,0.00,0.00,5.38,0.00,0.00,0.00,66.67
11:26:52,13,15.22,0.00,13.04,0.00,0.00,4.35,0.00,0.00,0.00,67.39
11:26:52,14,14.74,0.00,12.63,0.00,0.00,5.26,0.00,0.00,0.00,67.37
11:26:52,15,13.98,0.00,11.83,0.00,0.00,4.30,0.00,0.00,0.00,69.89
11:26:53,4,16.13,0.00,11.83,0.00,0.00,4.30,0.00,0.00,0.00,67.74
11:26:53,5,18.09,0.00,17.02,0.00,0.00,4.26,0.00,0.00,0.00,60.64
11:26:53,6,16.84,0.00,13.68,1.05,0.00,4.21,0.00,0.00,0.00,64.21
11:26:53,7,13.98,0.00,12.90,0.00,0.00,4.30,0.00,0.00,0.00,68.82
11:26:53,12,13.98,0.00,11.83,0.00,0.00,4.30,0.00,0.00,0.00,69.89
11:26:53,13,13.19,0.00,12.09,0.00,0.00,5.49,0.00,0.00,0.00,69.23
11:26:53,14,16.13,0.00,11.83,0.00,0.00,4.30,0.00,0.00,0.00,67.74
11:26:53,15,13.98,0.00,10.75,0.00,0.00,4.30,0.00,0.00,0.00,70.97
11:26:54,4,13.19,0.00,13.19,0.00,0.00,4.40,0.00,0.00,0.00,69.23
11:26:54,5,15.38,0.00,12.09,0.00,0.00,4.40,0.00,0.00,0.00,68.13
11:26:54,6,13.83,0.00,11.70,0.00,0.00,5.32,0.00,0.00,0.00,69.15
11:26:54,7,11.70,0.00,13.83,0.00,0.00,4.26,0.00,0.00,0.00,70.21
11:26:54,12,13.33,0.00,12.22,0.00,0.00,4.44,0.00,0.00,0.00,70.00
11:26:54,13,16.67,0.00,10.42,0.00,0.00,5.21,0.00,0.00,0.00,67.71
11:26:54,14,14.74,0.00,12.63,0.00,0.00,5.26,0.00,0.00,0.00,67.37
11:26:54,15,13.98,0.00,11.83,0.00,0.00,3.23,0.00,0.00,0.00,70.97
11:26:55,4,14.74,0.00,13.68,0.00,0.00,4.21,0.00,0.00,0.00,67.37
11:26:55,5,15.79,0.00,12.63,0.00,0.00,4.21,0.00,0.00,0.00,67.37
11:26:55,6,13.68,0.00,11.58,0.00,0.00,5.26,0.00,0.00,0.00,69.47
11:26:55,7,10.87,0.00,10.87,0.00,0.00,5.43,0.00,0.00,0.00,72.83
11:26:55,12,13.83,0.00,12.77,0.00,0.00,4.26,0.00,0.00,0.00,69.15
11:26:55,13,14.61,0.00,12.36,0.00,0.00,4.49,0.00,0.00,0.00,68.54
11:26:55,14,14.13,0.00,11.96,0.00,0.00,4.35,0.00,0.00,0.00,69.57
11:26:55,15,13.04,0.00,10.87,0.00,0.00,4.35,0.00,0.00,0.00,71.74
11:26:56,4,13.04,0.00,13.04,0.00,0.00,4.35,0.00,0.00,0.00,69.57
11:26:56,5,13.04,0.00,13.04,0.00,0.00,4.35,0.00,0.00,0.00,69.57
11:26:56,6,13.19,0.00,12.09,0.00,0.00,4.40,0.00,0.00,0.00,70.33
11:26:56,7,14.13,0.00,11.96,0.00,0.00,3.26,0.00,0.00,0.00,70.65
11:26:56,12,13.83,0.00,11.70,0.00,0.00,5.32,0.00,0.00,0.00,69.15
11:26:56,13,15.05,0.00,12.90,0.00,0.00,4.30,0.00,0.00,0.00,67.74
11:26:56,14,15.22,0.00,11.96,0.00,0.00,4.35,0.00,0.00,0.00,68.48
11:26:56,15,15.05,0.00,11.83,0.00,0.00,4.30,0.00,0.00,0.00,68.82
11:26:57,4,16.84,0.00,12.63,0.00,0.00,3.16,0.00,0.00,0.00,67.37
11:26:57,5,15.79,0.00,11.58,0.00,0.00,4.21,0.00,0.00,0.00,68.42
11:26:57,6,14.13,0.00,13.04,0.00,0.00,5.43,0.00,0.00,0.00,67.39
11:26:57,7,12.90,0.00,10.75,0.00,0.00,4.30,0.00,0.00,0.00,72.04
11:26:57,12,13.04,0.00,11.96,0.00,0.00,4.35,0.00,0.00,0.00,70.65
11:26:57,13,17.39,0.00,10.87,0.00,0.00,4.35,0.00,0.00,0.00,67.39
11:26:57,14,13.83,0.00,14.89,0.00,0.00,3.19,0.00,0.00,0.00,68.09
11:26:57,15,13.19,0.00,10.99,0.00,0.00,3.30,0.00,0.00,0.00,72.53
11:26:58,4,11.96,0.00,13.04,0.00,0.00,4.35,0.00,0.00,0.00,70.65
11:26:58,5,20.43,0.00,13.98,0.00,0.00,4.30,0.00,0.00,0.00,61.29
11:26:58,6,12.90,0.00,12.90,0.00,0.00,5.38,0.00,0.00,0.00,68.82
11:26:58,7,14.58,0.00,11.46,0.00,0.00,5.21,0.00,0.00,0.00,68.75
11:26:58,12,14.13,0.00,10.87,0.00,0.00,4.35,0.00,0.00,0.00,70.65
11:26:58,13,16.13,0.00,13.98,2.15,0.00,6.45,0.00,0.00,0.00,61.29
11:26:58,14,14.13,0.00,10.87,0.00,0.00,4.35,0.00,0.00,0.00,70.65
11:26:58,15,13.40,0.00,12.37,0.00,0.00,5.15,0.00,0.00,0.00,69.07
11:26:59,4,15.38,0.00,10.99,1.10,0.00,4.40,0.00,0.00,0.00,68.13
11:26:59,5,15.05,0.00,12.90,0.00,0.00,4.30,0.00,0.00,0.00,67.74
11:26:59,6,14.74,0.00,15.79,0.00,0.00,4.21,0.00,0.00,0.00,65.26
11:26:59,7,12.09,0.00,9.89,0.00,0.00,4.40,0.00,0.00,0.00,73.63
11:26:59,12,14.13,0.00,10.87,0.00,0.00,4.35,0.00,0.00,0.00,70.65
11:26:59,13,14.74,0.00,14.74,0.00,0.00,5.26,0.00,0.00,0.00,65.26
11:26:59,14,15.38,0.00,12.09,0.00,0.00,4.40,0.00,0.00,0.00,68.13
11:26:59,15,13.04,0.00,11.96,0.00,0.00,4.35,0.00,0.00,0.00,70.65
11:27:00,4,14.29,0.00,12.09,0.00,0.00,3.30,0.00,0.00,0.00,70.33
11:27:00,5,13.98,0.00,12.90,0.00,0.00,4.30,0.00,0.00,0.00,68.82
11:27:00,6,14.43,0.00,12.37,0.00,0.00,7.22,0.00,0.00,0.00,65.98
11:27:00,7,11.46,0.00,12.50,0.00,0.00,4.17,0.00,0.00,0.00,71.88
11:27:00,12,14.13,0.00,16.30,0.00,0.00,4.35,0.00,0.00,0.00,65.22
11:27:00,13,15.05,0.00,12.90,0.00,0.00,4.30,0.00,0.00,0.00,67.74
11:27:00,14,14.13,0.00,13.04,0.00,0.00,5.43,0.00,0.00,0.00,67.39
11:27:00,15,11.70,0.00,12.77,0.00,0.00,5.32,0.00,0.00,0.00,70.21
11:27:01,4,12.22,0.00,12.22,0.00,0.00,4.44,0.00,0.00,0.00,71.11
11:27:01,5,13.48,0.00,10.11,0.00,0.00,4.49,0.00,0.00,0.00,71.91
11:27:01,6,14.13,0.00,11.96,0.00,0.00,4.35,0.00,0.00,0.00,69.57
11:27:01,7,12.90,0.00,10.75,0.00,0.00,4.30,0.00,0.00,0.00,72.04
11:27:01,12,15.79,0.00,14.74,0.00,0.00,5.26,0.00,0.00,0.00,64.21
11:27:01,13,15.05,0.00,13.98,0.00,0.00,5.38,0.00,0.00,0.00,65.59
11:27:01,14,14.74,0.00,13.68,0.00,0.00,5.26,0.00,0.00,0.00,66.32
11:27:01,15,13.54,0.00,13.54,0.00,0.00,5.21,0.00,0.00,0.00,67.71
11:27:02,4,12.63,0.00,13.68,0.00,0.00,5.26,0.00,0.00,0.00,68.42
11:27:02,5,15.96,0.00,13.83,0.00,0.00,4.26,0.00,0.00,0.00,65.96
11:27:02,6,13.04,0.00,13.04,0.00,0.00,5.43,0.00,0.00,0.00,68.48
11:27:02,7,13.83,0.00,11.70,0.00,0.00,4.26,0.00,0.00,0.00,70.21
11:27:02,12,13.04,0.00,11.96,0.00,0.00,5.43,0.00,0.00,0.00,69.57
11:27:02,13,15.22,0.00,15.22,0.00,0.00,4.35,0.00,0.00,0.00,65.22
11:27:02,14,15.62,0.00,12.50,0.00,0.00,5.21,0.00,0.00,0.00,66.67
11:27:02,15,11.83,0.00,11.83,0.00,0.00,4.30,0.00,0.00,0.00,72.04
11:27:03,4,17.02,0.00,11.70,0.00,0.00,4.26,0.00,0.00,0.00,67.02
11:27:03,5,15.05,0.00,12.90,0.00,0.00,4.30,0.00,0.00,0.00,67.74
11:27:03,6,15.96,0.00,11.70,0.00,0.00,5.32,0.00,0.00,0.00,67.02
11:27:03,7,12.77,0.00,12.77,0.00,0.00,6.38,0.00,0.00,0.00,68.09
11:27:03,12,16.13,0.00,15.05,0.00,0.00,4.30,0.00,0.00,0.00,64.52
11:27:03,13,17.02,0.00,10.64,2.13,0.00,5.32,0.00,0.00,0.00,64.89
11:27:03,14,14.29,0.00,12.09,0.00,0.00,4.40,0.00,0.00,0.00,69.23
11:27:03,15,14.44,0.00,11.11,0.00,0.00,4.44,0.00,0.00,0.00,70.00
11:27:04,4,14.13,0.00,13.04,0.00,0.00,5.43,0.00,0.00,0.00,67.39
11:27:04,5,15.96,0.00,12.77,0.00,0.00,4.26,0.00,0.00,0.00,67.02
11:27:04,6,14.13,0.00,11.96,0.00,0.00,4.35,0.00,0.00,0.00,69.57
11:27:04,7,14.89,0.00,9.57,0.00,0.00,4.26,0.00,0.00,0.00,71.28
11:27:04,12,15.05,0.00,13.98,0.00,0.00,5.38,0.00,0.00,0.00,65.59
11:27:04,13,16.84,0.00,11.58,0.00,0.00,5.26,0.00,0.00,0.00,66.32
11:27:04,14,13.98,0.00,13.98,0.00,0.00,3.23,0.00,0.00,0.00,68.82
11:27:04,15,13.54,0.00,12.50,0.00,0.00,4.17,0.00,0.00,0.00,69.79
11:27:05,4,16.67,0.00,15.62,0.00,0.00,5.21,0.00,0.00,0.00,62.50
11:27:05,5,12.90,0.00,13.98,0.00,0.00,4.30,0.00,0.00,0.00,68.82
11:27:05,6,15.22,0.00,14.13,0.00,0.00,3.26,0.00,0.00,0.00,67.39
11:27:05,7,13.54,0.00,13.54,0.00,0.00,4.17,0.00,0.00,0.00,68.75
11:27:05,12,13.40,0.00,14.43,0.00,0.00,6.19,0.00,0.00,0.00,65.98
11:27:05,13,15.62,0.00,12.50,0.00,0.00,5.21,0.00,0.00,0.00,66.67
11:27:05,14,15.96,0.00,10.64,0.00,0.00,5.32,0.00,0.00,0.00,68.09
11:27:05,15,12.63,0.00,11.58,0.00,0.00,5.26,0.00,0.00,0.00,70.53
11:27:06,4,15.79,0.00,13.68,0.00,0.00,3.16,0.00,0.00,0.00,67.37
11:27:06,5,15.05,0.00,13.98,0.00,0.00,3.23,0.00,0.00,0.00,67.74
11:27:06,6,14.89,0.00,14.89,0.00,0.00,5.32,0.00,0.00,0.00,64.89
11:27:06,7,15.05,0.00,10.75,0.00,0.00,4.30,0.00,0.00,0.00,69.89
11:27:06,12,15.22,0.00,11.96,0.00,0.00,4.35,0.00,0.00,0.00,68.48
11:27:06,13,15.73,0.00,11.24,0.00,0.00,3.37,0.00,0.00,0.00,69.66
11:27:06,14,13.19,0.00,12.09,0.00,0.00,4.40,0.00,0.00,0.00,70.33
11:27:06,15,13.98,0.00,11.83,0.00,0.00,4.30,0.00,0.00,0.00,69.89
11:27:07,4,13.19,0.00,13.19,0.00,0.00,4.40,0.00,0.00,0.00,69.23
11:27:07,5,13.83,0.00,12.77,0.00,0.00,6.38,0.00,0.00,0.00,67.02
11:27:07,6,15.22,0.00,13.04,0.00,0.00,4.35,0.00,0.00,0.00,67.39
11:27:07,7,13.98,0.00,12.90,0.00,0.00,4.30,0.00,0.00,0.00,68.82
11:27:07,12,15.05,0.00,11.83,0.00,0.00,4.30,0.00,0.00,0.00,68.82
11:27:07,13,13.98,0.00,12.90,0.00,0.00,5.38,0.00,0.00,0.00,67.74
11:27:07,14,14.29,0.00,13.19,0.00,0.00,5.49,0.00,0.00,0.00,67.03
11:27:07,15,15.79,0.00,11.58,0.00,0.00,4.21,0.00,0.00,0.00,68.42
11:27:08,4,15.22,0.00,11.96,0.00,0.00,3.26,0.00,0.00,0.00,69.57
11:27:08,5,16.13,0.00,12.90,0.00,0.00,5.38,0.00,0.00,0.00,65.59
11:27:08,6,13.83,0.00,12.77,0.00,0.00,4.26,0.00,0.00,0.00,69.15
11:27:08,7,12.77,0.00,11.70,0.00,0.00,5.32,0.00,0.00,0.00,70.21
11:27:08,12,14.29,0.00,13.19,0.00,0.00,5.49,0.00,0.00,0.00,67.03
11:27:08,13,15.96,0.00,11.70,0.00,0.00,4.26,0.00,0.00,0.00,68.09
11:27:08,14,13.83,0.00,12.77,0.00,0.00,6.38,0.00,0.00,0.00,67.02
11:27:08,15,13.83,0.00,12.77,0.00,0.00,4.26,0.00,0.00,0.00,69.15
11:27:09,4,13.68,0.00,13.68,0.00,0.00,5.26,0.00,0.00,0.00,67.37
11:27:09,5,13.04,0.00,13.04,0.00,0.00,4.35,0.00,0.00,0.00,69.57
11:27:09,6,14.89,0.00,11.70,0.00,0.00,5.32,0.00,0.00,0.00,68.09
11:27:09,7,13.04,0.00,11.96,0.00,0.00,5.43,0.00,0.00,0.00,69.57
11:27:09,12,17.39,0.00,13.04,0.00,0.00,3.26,0.00,0.00,0.00,66.30
11:27:09,13,15.22,0.00,11.96,0.00,0.00,3.26,0.00,0.00,0.00,69.57
11:27:09,14,14.74,0.00,11.58,2.11,0.00,5.26,0.00,0.00,0.00,66.32
11:27:09,15,13.98,0.00,12.90,0.00,0.00,4.30,0.00,0.00,0.00,68.82
11:27:10,4,14.29,0.00,12.09,0.00,0.00,3.30,0.00,0.00,0.00,70.33
11:27:10,5,14.43,0.00,14.43,0.00,0.00,5.15,0.00,0.00,0.00,65.98
11:27:10,6,13.19,0.00,13.19,0.00,0.00,3.30,0.00,0.00,0.00,70.33
11:27:10,7,13.83,0.00,9.57,0.00,0.00,4.26,0.00,0.00,0.00,72.34
11:27:10,12,12.09,0.00,9.89,0.00,0.00,5.49,0.00,0.00,0.00,72.53
11:27:10,13,17.89,0.00,12.63,0.00,0.00,6.32,0.00,0.00,0.00,63.16
11:27:10,14,15.05,0.00,12.90,0.00,0.00,5.38,0.00,0.00,0.00,66.67
11:27:10,15,13.04,0.00,11.96,0.00,0.00,4.35,0.00,0.00,0.00,70.65
11:27:11,4,14.74,0.00,11.58,0.00,0.00,6.32,0.00,0.00,0.00,67.37
11:27:11,5,11.96,0.00,13.04,0.00,0.00,5.43,0.00,0.00,0.00,69.57
11:27:11,6,14.13,0.00,13.04,0.00,0.00,4.35,0.00,0.00,0.00,68.48
11:27:11,7,11.70,0.00,14.89,0.00,0.00,4.26,0.00,0.00,0.00,69.15
11:27:11,12,14.74,0.00,12.63,0.00,0.00,5.26,0.00,0.00,0.00,67.37
11:27:11,13,17.39,0.00,10.87,0.00,0.00,4.35,0.00,0.00,0.00,67.39
11:27:11,14,13.98,0.00,11.83,0.00,0.00,5.38,0.00,0.00,0.00,68.82
11:27:11,15,13.98,0.00,11.83,0.00,0.00,3.23,0.00,0.00,0.00,70.97
11:27:12,4,13.98,0.00,11.83,0.00,0.00,5.38,0.00,0.00,0.00,68.82
11:27:12,5,13.19,0.00,13.19,0.00,0.00,3.30,0.00,0.00,0.00,70.33
11:27:12,6,13.98,0.00,11.83,0.00,0.00,4.30,0.00,0.00,0.00,69.89
11:27:12,7,11.70,0.00,10.64,0.00,0.00,5.32,0.00,0.00,0.00,72.34
11:27:12,12,14.89,0.00,12.77,0.00,0.00,5.32,0.00,0.00,0.00,67.02
11:27:12,13,14.29,0.00,13.19,0.00,0.00,5.49,0.00,0.00,0.00,67.03
11:27:12,14,15.05,0.00,11.83,0.00,0.00,4.30,0.00,0.00,0.00,68.82
11:27:12,15,14.29,0.00,9.89,0.00,0.00,4.40,0.00,0.00,0.00,71.43
11:27:13,4,13.68,0.00,12.63,0.00,0.00,5.26,0.00,0.00,0.00,68.42
11:27:13,5,14.29,0.00,13.19,0.00,0.00,5.49,0.00,0.00,0.00,67.03
11:27:13,6,13.98,0.00,11.83,0.00,0.00,5.38,0.00,0.00,0.00,68.82
11:27:13,7,12.50,0.00,12.50,0.00,0.00,4.17,0.00,0.00,0.00,70.83
11:27:13,12,15.38,0.00,13.19,0.00,0.00,4.40,0.00,0.00,0.00,67.03
11:27:13,13,15.05,0.00,13.98,0.00,0.00,4.30,0.00,0.00,0.00,66.67
11:27:13,14,14.29,0.00,13.19,0.00,0.00,4.40,0.00,0.00,0.00,68.13
11:27:13,15,12.90,0.00,10.75,0.00,0.00,4.30,0.00,0.00,0.00,72.04
11:27:14,4,13.98,0.00,13.98,0.00,0.00,4.30,0.00,0.00,0.00,67.74
11:27:14,5,16.67,0.00,13.54,1.04,0.00,4.17,0.00,0.00,0.00,64.58
11:27:14,6,13.83,0.00,12.77,0.00,0.00,7.45,0.00,0.00,0.00,65.96
11:27:14,7,13.98,0.00,11.83,0.00,0.00,4.30,0.00,0.00,0.00,69.89
11:27:14,12,18.75,0.00,12.50,0.00,0.00,6.25,0.00,0.00,0.00,62.50
11:27:14,13,14.29,0.00,12.09,0.00,0.00,5.49,0.00,0.00,0.00,68.13
11:27:14,14,12.90,0.00,12.90,0.00,0.00,5.38,0.00,0.00,0.00,68.82
11:27:14,15,11.96,0.00,13.04,0.00,0.00,4.35,0.00,0.00,0.00,70.65
11:27:15,4,14.74,0.00,14.74,0.00,0.00,6.32,0.00,0.00,0.00,64.21
11:27:15,5,13.64,0.00,11.36,0.00,0.00,4.55,0.00,0.00,0.00,70.45
11:27:15,6,15.22,0.00,11.96,0.00,0.00,3.26,0.00,0.00,0.00,69.57
11:27:15,7,13.04,0.00,10.87,0.00,0.00,4.35,0.00,0.00,0.00,71.74
11:27:15,12,15.96,0.00,12.77,0.00,0.00,5.32,0.00,0.00,0.00,65.96
11:27:15,13,14.13,0.00,11.96,0.00,0.00,4.35,0.00,0.00,0.00,69.57
11:27:15,14,14.44,0.00,10.00,0.00,0.00,4.44,0.00,0.00,0.00,71.11
11:27:15,15,13.19,0.00,10.99,0.00,0.00,3.30,0.00,0.00,0.00,72.53
11:27:16,4,14.89,0.00,11.70,0.00,0.00,5.32,0.00,0.00,0.00,68.09
11:27:16,5,15.05,0.00,12.90,0.00,0.00,4.30,0.00,0.00,0.00,67.74
11:27:16,6,11.11,0.00,11.11,0.00,0.00,5.56,0.00,0.00,0.00,72.22
11:27:16,7,12.90,0.00,10.75,0.00,0.00,5.38,0.00,0.00,0.00,70.97
11:27:16,12,16.13,0.00,13.98,0.00,0.00,5.38,0.00,0.00,0.00,64.52
11:27:16,13,15.96,0.00,12.77,0.00,0.00,5.32,0.00,0.00,0.00,65.96
11:27:16,14,14.89,0.00,11.70,0.00,0.00,5.32,0.00,0.00,0.00,68.09
11:27:16,15,14.89,0.00,11.70,0.00,0.00,4.26,0.00,0.00,0.00,69.15
11:27:17,4,13.68,0.00,13.68,0.00,0.00,4.21,0.00,0.00,0.00,68.42
11:27:17,5,15.05,0.00,12.90,0.00,0.00,5.38,0.00,0.00,0.00,66.67
11:27:17,6,14.13,0.00,11.96,0.00,0.00,5.43,0.00,0.00,0.00,68.48
11:27:17,7,11.58,0.00,12.63,0.00,0.00,4.21,0.00,0.00,0.00,71.58
11:27:17,12,14.13,0.00,14.13,0.00,0.00,5.43,0.00,0.00,0.00,66.30
11:27:17,13,15.96,0.00,11.70,0.00,0.00,5.32,0.00,0.00,0.00,67.02
11:27:17,14,14.61,0.00,11.24,0.00,0.00,4.49,0.00,0.00,0.00,69.66
11:27:17,15,12.50,0.00,13.54,0.00,0.00,4.17,0.00,0.00,0.00,69.79
11:27:18,4,16.67,0.00,13.54,0.00,0.00,5.21,0.00,0.00,0.00,64.58
11:27:18,5,11.83,0.00,15.05,0.00,0.00,5.38,0.00,0.00,0.00,67.74
11:27:18,6,13.04,0.00,13.04,0.00,0.00,3.26,0.00,0.00,0.00,70.65
11:27:18,7,12.90,0.00,11.83,0.00,0.00,4.30,0.00,0.00,0.00,70.97
11:27:18,12,14.74,0.00,12.63,0.00,0.00,5.26,0.00,0.00,0.00,67.37
11:27:18,13,13.83,0.00,13.83,0.00,0.00,4.26,0.00,0.00,0.00,68.09
11:27:18,14,15.46,0.00,12.37,0.00,0.00,4.12,0.00,0.00,0.00,68.04
11:27:18,15,14.13,0.00,10.87,0.00,0.00,3.26,0.00,0.00,0.00,71.74
11:27:19,4,20.00,0.00,12.63,0.00,0.00,5.26,0.00,0.00,0.00,62.11
11:27:19,5,13.48,0.00,13.48,1.12,0.00,3.37,0.00,0.00,0.00,68.54
11:27:19,6,13.98,0.00,13.98,0.00,0.00,4.30,0.00,0.00,0.00,67.74
11:27:19,7,12.63,0.00,13.68,0.00,0.00,4.21,0.00,0.00,0.00,69.47
11:27:19,12,15.56,0.00,15.56,0.00,0.00,4.44,0.00,0.00,0.00,64.44
11:27:19,13,14.61,0.00,11.24,0.00,0.00,4.49,0.00,0.00,0.00,69.66
11:27:19,14,14.44,0.00,12.22,0.00,0.00,4.44,0.00,0.00,0.00,68.89
11:27:19,15,12.77,0.00,12.77,0.00,0.00,4.26,0.00,0.00,0.00,70.21
11:27:20,4,14.44,0.00,15.56,0.00,0.00,3.33,0.00,0.00,0.00,66.67
11:27:20,5,15.79,0.00,12.63,0.00,0.00,4.21,0.00,0.00,0.00,67.37
11:27:20,6,15.79,0.00,11.58,0.00,0.00,4.21,0.00,0.00,0.00,68.42
11:27:20,7,13.83,0.00,10.64,0.00,0.00,5.32,0.00,0.00,0.00,70.21
11:27:20,12,14.13,0.00,13.04,0.00,0.00,3.26,0.00,0.00,0.00,69.57
11:27:20,13,13.04,0.00,11.96,0.00,0.00,5.43,0.00,0.00,0.00,69.57
11:27:20,14,15.22,0.00,11.96,0.00,0.00,4.35,0.00,0.00,0.00,68.48
11:27:20,15,12.63,0.00,13.68,0.00,0.00,4.21,0.00,0.00,0.00,69.47
11:27:21,4,12.90,0.00,11.83,0.00,0.00,5.38,0.00,0.00,0.00,69.89
11:27:21,5,14.13,0.00,13.04,0.00,0.00,4.35,0.00,0.00,0.00,68.48
11:27:21,6,14.74,0.00,13.68,0.00,0.00,5.26,0.00,0.00,0.00,66.32
11:27:21,7,12.77,0.00,12.77,0.00,0.00,4.26,0.00,0.00,0.00,70.21
11:27:21,12,11.70,0.00,14.89,0.00,0.00,5.32,0.00,0.00,0.00,68.09
11:27:21,13,15.96,0.00,12.77,0.00,0.00,5.32,0.00,0.00,0.00,65.96
11:27:21,14,14.89,0.00,11.70,0.00,0.00,5.32,0.00,0.00,0.00,68.09
11:27:21,15,13.19,0.00,10.99,0.00,0.00,5.49,0.00,0.00,0.00,70.33
11:27:22,4,16.30,0.00,11.96,0.00,0.00,5.43,0.00,0.00,0.00,66.30
11:27:22,5,13.98,0.00,15.05,0.00,0.00,5.38,0.00,0.00,0.00,65.59
11:27:22,6,15.38,0.00,10.99,0.00,0.00,4.40,0.00,0.00,0.00,69.23
11:27:22,7,13.68,0.00,9.47,0.00,0.00,5.26,0.00,0.00,0.00,71.58
11:27:22,12,12.77,0.00,13.83,0.00,0.00,5.32,0.00,0.00,0.00,68.09
11:27:22,13,14.44,0.00,12.22,0.00,0.00,4.44,0.00,0.00,0.00,68.89
11:27:22,14,15.05,0.00,12.90,0.00,0.00,5.38,0.00,0.00,0.00,66.67
11:27:22,15,13.83,0.00,12.77,0.00,0.00,4.26,0.00,0.00,0.00,69.15
11:27:23,4,14.74,0.00,13.68,0.00,0.00,4.21,0.00,0.00,0.00,67.37
11:27:23,5,15.22,0.00,11.96,0.00,0.00,4.35,0.00,0.00,0.00,68.48
11:27:23,6,15.31,0.00,13.27,0.00,0.00,6.12,0.00,0.00,0.00,65.31
11:27:23,7,12.09,0.00,12.09,0.00,0.00,4.40,0.00,0.00,0.00,71.43
11:27:23,12,15.79,0.00,12.63,0.00,0.00,3.16,0.00,0.00,0.00,68.42
11:27:23,13,15.05,0.00,12.90,0.00,0.00,4.30,0.00,0.00,0.00,67.74
11:27:23,14,15.05,0.00,11.83,0.00,0.00,5.38,0.00,0.00,0.00,67.74
11:27:23,15,15.79,0.00,11.58,0.00,0.00,4.21,0.00,0.00,0.00,68.42
11:27:24,4,15.96,0.00,12.77,0.00,0.00,4.26,0.00,0.00,0.00,67.02
11:27:24,5,18.09,0.00,14.89,0.00,0.00,4.26,0.00,0.00,0.00,62.77
11:27:24,6,16.13,0.00,13.98,0.00,0.00,4.30,0.00,0.00,0.00,65.59
11:27:24,7,13.68,0.00,12.63,0.00,0.00,4.21,0.00,0.00,0.00,69.47
11:27:24,12,14.13,0.00,11.96,0.00,0.00,4.35,0.00,0.00,0.00,69.57
11:27:24,13,16.13,0.00,15.05,0.00,0.00,5.38,0.00,0.00,0.00,63.44
11:27:24,14,14.29,0.00,13.19,0.00,0.00,3.30,0.00,0.00,0.00,69.23
11:27:24,15,12.77,0.00,11.70,2.13,0.00,4.26,0.00,0.00,0.00,69.15
11:27:25,4,14.29,0.00,12.09,0.00,0.00,3.30,0.00,0.00,0.00,70.33
11:27:25,5,14.13,0.00,13.04,0.00,0.00,4.35,0.00,0.00,0.00,68.48
11:27:25,6,12.90,0.00,11.83,0.00,0.00,5.38,0.00,0.00,0.00,69.89
11:27:25,7,12.63,0.00,11.58,0.00,0.00,5.26,0.00,0.00,0.00,70.53
11:27:25,12,16.13,0.00,12.90,0.00,0.00,4.30,0.00,0.00,0.00,66.67
11:27:25,13,15.96,0.00,15.96,0.00,0.00,4.26,0.00,0.00,0.00,63.83
11:27:25,14,15.05,0.00,10.75,0.00,0.00,5.38,0.00,0.00,0.00,68.82
11:27:25,15,15.46,0.00,12.37,0.00,0.00,5.15,0.00,0.00,0.00,67.01
11:27:26,4,13.68,0.00,12.63,0.00,0.00,5.26,0.00,0.00,0.00,68.42
11:27:26,5,14.89,0.00,12.77,0.00,0.00,4.26,0.00,0.00,0.00,68.09
11:27:26,6,12.36,0.00,11.24,0.00,0.00,4.49,0.00,0.00,0.00,71.91
11:27:26,7,9.78,0.00,11.96,0.00,0.00,5.43,0.00,0.00,0.00,72.83
11:27:26,12,13.98,0.00,11.83,0.00,0.00,4.30,0.00,0.00,0.00,69.89
11:27:26,13,13.19,0.00,14.29,0.00,0.00,5.49,0.00,0.00,0.00,67.03
11:27:26,14,12.90,0.00,17.20,0.00,0.00,4.30,0.00,0.00,0.00,65.59
11:27:26,15,14.74,0.00,12.63,0.00,0.00,4.21,0.00,0.00,0.00,68.42
11:27:27,4,13.83,0.00,12.77,0.00,0.00,4.26,0.00,0.00,0.00,69.15
11:27:27,5,15.05,0.00,11.83,0.00,0.00,4.30,0.00,0.00,0.00,68.82
11:27:27,6,15.05,0.00,9.68,0.00,0.00,5.38,0.00,0.00,0.00,69.89
11:27:27,7,15.62,0.00,9.38,0.00,0.00,4.17,0.00,0.00,0.00,70.83
11:27:27,12,13.98,0.00,12.90,0.00,0.00,5.38,0.00,0.00,0.00,67.74
11:27:27,13,11.96,0.00,15.22,0.00,0.00,5.43,0.00,0.00,0.00,67.39
11:27:27,14,15.79,0.00,12.63,0.00,0.00,4.21,0.00,0.00,0.00,67.37
11:27:27,15,12.77,0.00,11.70,0.00,0.00,5.32,0.00,0.00,0.00,70.21
11:27:28,4,13.98,0.00,11.83,0.00,0.00,4.30,0.00,0.00,0.00,69.89
11:27:28,5,16.13,0.00,12.90,0.00,0.00,5.38,0.00,0.00,0.00,65.59
11:27:28,6,13.33,0.00,12.22,0.00,0.00,3.33,0.00,0.00,0.00,71.11
11:27:28,7,12.77,0.00,12.77,0.00,0.00,5.32,0.00,0.00,0.00,69.15
11:27:28,12,13.04,0.00,13.04,0.00,0.00,4.35,0.00,0.00,0.00,69.57
11:27:28,13,15.05,0.00,11.83,0.00,0.00,4.30,0.00,0.00,0.00,68.82
11:27:28,14,15.22,0.00,10.87,0.00,0.00,4.35,0.00,0.00,0.00,69.57
11:27:28,15,11.58,0.00,12.63,0.00,0.00,6.32,0.00,0.00,0.00,69.47
11:27:29,4,14.89,0.00,11.70,0.00,0.00,4.26,0.00,0.00,0.00,69.15
11:27:29,5,13.04,0.00,14.13,0.00,0.00,5.43,0.00,0.00,0.00,67.39
11:27:29,6,16.49,0.00,14.43,0.00,0.00,5.15,0.00,0.00,0.00,63.92
11:27:29,7,13.98,0.00,11.83,0.00,0.00,5.38,0.00,0.00,0.00,68.82
11:27:29,12,12.90,0.00,15.05,0.00,0.00,3.23,0.00,0.00,0.00,68.82
11:27:29,13,13.98,0.00,12.90,0.00,0.00,4.30,0.00,0.00,0.00,68.82
11:27:29,14,15.05,0.00,11.83,1.08,0.00,5.38,0.00,0.00,0.00,66.67
11:27:29,15,13.98,0.00,10.75,0.00,0.00,5.38,0.00,0.00,0.00,69.89
11:27:30,4,15.22,0.00,10.87,0.00,0.00,3.26,0.00,0.00,0.00,70.65
11:27:30,5,14.13,0.00,13.04,0.00,0.00,5.43,0.00,0.00,0.00,67.39
11:27:30,6,14.89,0.00,12.77,0.00,0.00,4.26,0.00,0.00,0.00,68.09
11:27:30,7,11.96,0.00,9.78,0.00,0.00,4.35,0.00,0.00,0.00,73.91
11:27:30,12,12.90,0.00,10.75,0.00,0.00,4.30,0.00,0.00,0.00,72.04
11:27:30,13,15.56,0.00,11.11,0.00,0.00,4.44,0.00,0.00,0.00,68.89
11:27:30,14,15.22,0.00,11.96,0.00,0.00,4.35,0.00,0.00,0.00,68.48
11:27:30,15,12.63,0.00,13.68,0.00,0.00,3.16,0.00,0.00,0.00,70.53
11:27:31,4,15.96,0.00,13.83,0.00,0.00,3.19,0.00,0.00,0.00,67.02
11:27:31,5,14.58,0.00,14.58,0.00,0.00,5.21,0.00,0.00,0.00,65.62
11:27:31,6,13.83,0.00,12.77,0.00,0.00,4.26,0.00,0.00,0.00,69.15
11:27:31,7,13.68,0.00,11.58,0.00,0.00,3.16,0.00,0.00,0.00,71.58
11:27:31,12,14.13,0.00,13.04,0.00,0.00,5.43,0.00,0.00,0.00,67.39
11:27:31,13,14.58,0.00,14.58,0.00,0.00,5.21,0.00,0.00,0.00,65.62
11:27:31,14,11.96,0.00,14.13,0.00,0.00,4.35,0.00,0.00,0.00,69.57
11:27:31,15,12.77,0.00,11.70,0.00,0.00,3.19,0.00,0.00,0.00,72.34
11:27:32,4,15.79,0.00,11.58,0.00,0.00,4.21,0.00,0.00,0.00,68.42
11:27:32,5,15.05,0.00,11.83,0.00,0.00,4.30,0.00,0.00,0.00,68.82
11:27:32,6,12.22,0.00,11.11,0.00,0.00,5.56,0.00,0.00,0.00,71.11
11:27:32,7,12.63,0.00,12.63,0.00,0.00,4.21,0.00,0.00,0.00,70.53
11:27:32,12,15.96,0.00,10.64,0.00,0.00,4.26,0.00,0.00,0.00,69.15
11:27:32,13,14.29,0.00,9.89,0.00,0.00,4.40,0.00,0.00,0.00,71.43
11:27:32,14,14.29,0.00,12.09,0.00,0.00,5.49,0.00,0.00,0.00,68.13
11:27:32,15,11.83,0.00,12.90,0.00,0.00,4.30,0.00,0.00,0.00,70.97
11:27:33,4,14.74,0.00,11.58,0.00,0.00,7.37,0.00,0.00,0.00,66.32
11:27:33,5,15.96,0.00,11.70,0.00,0.00,6.38,0.00,0.00,0.00,65.96
11:27:33,6,12.90,0.00,15.05,0.00,0.00,4.30,0.00,0.00,0.00,67.74
11:27:33,7,11.83,0.00,11.83,0.00,0.00,4.30,0.00,0.00,0.00,72.04
11:27:33,12,13.19,0.00,10.99,0.00,0.00,4.40,0.00,0.00,0.00,71.43
11:27:33,13,16.13,0.00,11.83,0.00,0.00,3.23,0.00,0.00,0.00,68.82
11:27:33,14,14.74,0.00,12.63,0.00,0.00,5.26,0.00,0.00,0.00,67.37
11:27:33,15,14.89,0.00,9.57,0.00,0.00,4.26,0.00,0.00,0.00,71.28
11:27:34,4,19.57,0.00,13.04,0.00,0.00,3.26,0.00,0.00,0.00,64.13
11:27:34,5,15.22,0.00,11.96,0.00,0.00,4.35,0.00,0.00,0.00,68.48
11:27:34,6,13.68,0.00,12.63,0.00,0.00,4.21,0.00,0.00,0.00,69.47
11:27:34,7,12.50,0.00,12.50,2.08,0.00,4.17,0.00,0.00,0.00,68.75
11:27:34,12,18.28,0.00,12.90,0.00,0.00,5.38,0.00,0.00,0.00,63.44
11:27:34,13,14.13,0.00,15.22,0.00,0.00,5.43,0.00,0.00,0.00,65.22
11:27:34,14,15.56,0.00,10.00,0.00,0.00,4.44,0.00,0.00,0.00,70.00
11:27:34,15,12.90,0.00,11.83,0.00,0.00,4.30,0.00,0.00,0.00,70.97
11:27:35,4,12.90,0.00,10.75,0.00,0.00,6.45,0.00,0.00,0.00,69.89
11:27:35,5,13.19,0.00,14.29,0.00,0.00,3.30,0.00,0.00,0.00,69.23
11:27:35,6,12.63,0.00,12.63,0.00,0.00,5.26,0.00,0.00,0.00,69.47
11:27:35,7,13.33,0.00,8.89,0.00,0.00,4.44,0.00,0.00,0.00,73.33
11:27:35,12,13.98,0.00,12.90,0.00,0.00,4.30,0.00,0.00,0.00,68.82
11:27:35,13,16.30,0.00,13.04,0.00,0.00,3.26,0.00,0.00,0.00,67.39
11:27:35,14,13.98,0.00,12.90,0.00,0.00,4.30,0.00,0.00,0.00,68.82
11:27:35,15,13.98,0.00,11.83,0.00,0.00,4.30,0.00,0.00,0.00,69.89
11:27:36,4,16.13,0.00,9.68,0.00,0.00,3.23,0.00,0.00,0.00,70.97
11:27:36,5,14.89,0.00,14.89,0.00,0.00,5.32,0.00,0.00,0.00,64.89
11:27:36,6,12.90,0.00,13.98,0.00,0.00,5.38,0.00,0.00,0.00,67.74
11:27:36,7,12.90,0.00,10.75,0.00,0.00,4.30,0.00,0.00,0.00,72.04
11:27:36,12,15.38,0.00,13.19,0.00,0.00,3.30,0.00,0.00,0.00,68.13
11:27:36,13,13.98,0.00,12.90,0.00,0.00,5.38,0.00,0.00,0.00,67.74
11:27:36,14,12.09,0.00,13.19,0.00,0.00,5.49,0.00,0.00,0.00,69.23
11:27:36,15,12.77,0.00,10.64,0.00,0.00,5.32,0.00,0.00,0.00,71.28
11:27:37,4,13.33,0.00,12.22,0.00,0.00,5.56,0.00,0.00,0.00,68.89
11:27:37,5,15.22,0.00,16.30,0.00,0.00,5.43,0.00,0.00,0.00,63.04
11:27:37,6,13.83,0.00,13.83,0.00,0.00,4.26,0.00,0.00,0.00,68.09
11:27:37,7,12.63,0.00,12.63,0.00,0.00,5.26,0.00,0.00,0.00,69.47
11:27:37,12,17.39,0.00,10.87,0.00,0.00,3.26,0.00,0.00,0.00,68.48
11:27:37,13,15.96,0.00,11.70,0.00,0.00,5.32,0.00,0.00,0.00,67.02
11:27:37,14,14.13,0.00,10.87,0.00,0.00,3.26,0.00,0.00,0.00,71.74
11:27:37,15,11.96,0.00,10.87,1.09,0.00,3.26,0.00,0.00,0.00,72.83
11:27:38,4,13.04,0.00,13.04,0.00,0.00,3.26,0.00,0.00,0.00,70.65
11:27:38,5,13.83,0.00,12.77,0.00,0.00,5.32,0.00,0.00,0.00,68.09
11:27:38,6,13.98,0.00,12.90,0.00,0.00,5.38,0.00,0.00,0.00,67.74
11:27:38,7,12.63,0.00,12.63,0.00,0.00,4.21,0.00,0.00,0.00,70.53
11:27:38,12,15.22,0.00,14.13,0.00,0.00,3.26,0.00,0.00,0.00,67.39
11:27:38,13,15.05,0.00,12.90,0.00,0.00,6.45,0.00,0.00,0.00,65.59
11:27:38,14,11.11,0.00,12.22,0.00,0.00,5.56,0.00,0.00,0.00,71.11
11:27:38,15,12.63,0.00,12.63,0.00,0.00,4.21,0.00,0.00,0.00,70.53
11:27:39,4,17.20,0.00,12.90,0.00,0.00,4.30,0.00,0.00,0.00,65.59
11:27:39,5,15.22,0.00,11.96,2.17,0.00,4.35,0.00,0.00,0.00,66.30
11:27:39,6,15.22,0.00,11.96,0.00,0.00,5.43,0.00,0.00,0.00,67.39
11:27:39,7,14.89,0.00,9.57,0.00,0.00,4.26,0.00,0.00,0.00,71.28
11:27:39,12,13.83,0.00,15.96,0.00,0.00,4.26,0.00,0.00,0.00,65.96
11:27:39,13,15.38,0.00,12.09,0.00,0.00,4.40,0.00,0.00,0.00,68.13
11:27:39,14,16.13,0.00,11.83,0.00,0.00,4.30,0.00,0.00,0.00,67.74
11:27:39,15,12.63,0.00,12.63,0.00,0.00,5.26,0.00,0.00,0.00,69.47
11:27:40,4,15.05,0.00,11.83,0.00,0.00,4.30,0.00,0.00,0.00,68.82
11:27:40,5,14.89,0.00,11.70,0.00,0.00,5.32,0.00,0.00,0.00,68.09
11:27:40,6,13.40,0.00,13.40,0.00,0.00,5.15,0.00,0.00,0.00,68.04
11:27:40,7,11.96,0.00,9.78,0.00,0.00,4.35,0.00,0.00,0.00,73.91
11:27:40,12,16.13,0.00,12.90,0.00,0.00,4.30,0.00,0.00,0.00,66.67
11:27:40,13,14.29,0.00,10.99,0.00,0.00,4.40,0.00,0.00,0.00,70.33
11:27:40,14,14.29,0.00,13.19,0.00,0.00,3.30,0.00,0.00,0.00,69.23
11:27:40,15,13.04,0.00,10.87,0.00,0.00,4.35,0.00,0.00,0.00,71.74
11:27:41,4,14.29,0.00,9.89,0.00,0.00,4.40,0.00,0.00,0.00,71.43
11:27:41,5,15.38,0.00,13.19,0.00,0.00,4.40,0.00,0.00,0.00,67.03
11:27:41,6,16.84,0.00,10.53,0.00,0.00,4.21,0.00,0.00,0.00,68.42
11:27:41,7,11.70,0.00,12.77,0.00,0.00,4.26,0.00,0.00,0.00,71.28
11:27:41,12,13.04,0.00,11.96,0.00,0.00,3.26,0.00,0.00,0.00,71.74
11:27:41,13,15.38,0.00,12.09,0.00,0.00,4.40,0.00,0.00,0.00,68.13
11:27:41,14,15.05,0.00,11.83,0.00,0.00,4.30,0.00,0.00,0.00,68.82
11:27:41,15,13.54,0.00,13.54,0.00,0.00,5.21,0.00,0.00,0.00,67.71
11:27:42,4,13.19,0.00,12.09,1.10,0.00,3.30,0.00,0.00,0.00,70.33
11:27:42,5,14.58,0.00,11.46,0.00,0.00,6.25,0.00,0.00,0.00,67.71
11:27:42,6,14.13,0.00,11.96,0.00,0.00,4.35,0.00,0.00,0.00,69.57
11:27:42,7,15.22,0.00,9.78,0.00,0.00,3.26,0.00,0.00,0.00,71.74
11:27:42,12,14.74,0.00,11.58,0.00,0.00,5.26,0.00,0.00,0.00,68.42
11:27:42,13,15.38,0.00,13.19,0.00,0.00,3.30,0.00,0.00,0.00,68.13
11:27:42,14,13.98,0.00,12.90,0.00,0.00,4.30,0.00,0.00,0.00,68.82
11:27:42,15,14.13,0.00,11.96,0.00,0.00,4.35,0.00,0.00,0.00,69.57
11:27:43,4,15.05,0.00,11.83,0.00,0.00,4.30,0.00,0.00,0.00,68.82
11:27:43,5,14.13,0.00,11.96,0.00,0.00,3.26,0.00,0.00,0.00,70.65
11:27:43,6,14.74,0.00,12.63,0.00,0.00,4.21,0.00,0.00,0.00,68.42
11:27:43,7,12.77,0.00,11.70,0.00,0.00,5.32,0.00,0.00,0.00,70.21
11:27:43,12,13.33,0.00,10.00,0.00,0.00,3.33,0.00,0.00,0.00,73.33
11:27:43,13,14.44,0.00,11.11,0.00,0.00,4.44,0.00,0.00,0.00,70.00
11:27:43,14,14.29,0.00,10.99,0.00,0.00,4.40,0.00,0.00,0.00,70.33
11:27:43,15,13.04,0.00,13.04,0.00,0.00,4.35,0.00,0.00,0.00,69.57
11:27:44,4,15.05,0.00,12.90,0.00,0.00,3.23,0.00,0.00,0.00,68.82
11:27:44,5,16.30,0.00,10.87,0.00,0.00,5.43,0.00,0.00,0.00,67.39
11:27:44,6,12.77,0.00,13.83,0.00,0.00,5.32,0.00,0.00,0.00,68.09
11:27:44,7,14.13,0.00,10.87,0.00,0.00,4.35,0.00,0.00,0.00,70.65
11:27:44,12,18.28,0.00,11.83,0.00,0.00,3.23,0.00,0.00,0.00,66.67
11:27:44,13,14.89,0.00,12.77,1.06,0.00,6.38,0.00,0.00,0.00,64.89
11:27:44,14,15.96,0.00,11.70,0.00,0.00,4.26,0.00,0.00,0.00,68.09
11:27:44,15,13.04,0.00,13.04,0.00,0.00,4.35,0.00,0.00,0.00,69.57
11:27:45,4,14.89,0.00,13.83,0.00,0.00,4.26,0.00,0.00,0.00,67.02
11:27:45,5,15.05,0.00,11.83,0.00,0.00,5.38,0.00,0.00,0.00,67.74
11:27:45,6,14.89,0.00,11.70,0.00,0.00,3.19,0.00,0.00,0.00,70.21
11:27:45,7,11.70,0.00,11.70,0.00,0.00,4.26,0.00,0.00,0.00,72.34
11:27:45,12,14.13,0.00,14.13,0.00,0.00,4.35,0.00,0.00,0.00,67.39
11:27:45,13,15.22,0.00,15.22,0.00,0.00,3.26,0.00,0.00,0.00,66.30
11:27:45,14,15.22,0.00,11.96,0.00,0.00,3.26,0.00,0.00,0.00,69.57
11:27:45,15,13.54,0.00,12.50,0.00,0.00,4.17,0.00,0.00,0.00,69.79
11:27:46,4,14.89,0.00,12.77,0.00,0.00,5.32,0.00,0.00,0.00,67.02
11:27:46,5,13.19,0.00,12.09,0.00,0.00,4.40,0.00,0.00,0.00,70.33
11:27:46,6,14.74,0.00,12.63,0.00,0.00,5.26,0.00,0.00,0.00,67.37
11:27:46,7,12.09,0.00,12.09,0.00,0.00,3.30,0.00,0.00,0.00,72.53
11:27:46,12,13.98,0.00,11.83,0.00,0.00,5.38,0.00,0.00,0.00,68.82
11:27:46,13,14.74,0.00,12.63,0.00,0.00,5.26,0.00,0.00,0.00,67.37
11:27:46,14,12.90,0.00,11.83,0.00,0.00,5.38,0.00,0.00,0.00,69.89
11:27:46,15,13.83,0.00,11.70,0.00,0.00,3.19,0.00,0.00,0.00,71.28
11:27:47,4,15.22,0.00,11.96,0.00,0.00,5.43,0.00,0.00,0.00,67.39
11:27:47,5,14.13,0.00,14.13,0.00,0.00,3.26,0.00,0.00,0.00,68.48
11:27:47,6,13.04,0.00,13.04,0.00,0.00,4.35,0.00,0.00,0.00,69.57
11:27:47,7,12.63,0.00,11.58,0.00,0.00,5.26,0.00,0.00,0.00,70.53
11:27:47,12,12.09,0.00,12.09,0.00,0.00,4.40,0.00,0.00,0.00,71.43
11:27:47,13,14.13,0.00,11.96,0.00,0.00,4.35,0.00,0.00,0.00,69.57
11:27:47,14,13.83,0.00,12.77,0.00,0.00,4.26,0.00,0.00,0.00,69.15
11:27:47,15,11.70,0.00,12.77,0.00,0.00,5.32,0.00,0.00,0.00,70.21
11:27:48,4,13.33,0.00,12.22,0.00,0.00,5.56,0.00,0.00,0.00,68.89
11:27:48,5,14.29,0.00,12.09,0.00,0.00,4.40,0.00,0.00,0.00,69.23
11:27:48,6,13.04,0.00,14.13,0.00,0.00,4.35,0.00,0.00,0.00,68.48
11:27:48,7,12.37,0.00,11.34,0.00,0.00,6.19,0.00,0.00,0.00,70.10
11:27:48,12,16.30,0.00,13.04,0.00,0.00,3.26,0.00,0.00,0.00,67.39
11:27:48,13,16.13,0.00,13.98,0.00,0.00,5.38,0.00,0.00,0.00,64.52
11:27:48,14,14.13,0.00,11.96,0.00,0.00,4.35,0.00,0.00,0.00,69.57
11:27:48,15,12.77,0.00,10.64,0.00,0.00,4.26,0.00,0.00,0.00,72.34
11:27:49,4,17.20,0.00,11.83,0.00,0.00,5.38,0.00,0.00,0.00,65.59
11:27:49,5,12.77,0.00,14.89,0.00,0.00,5.32,0.00,0.00,0.00,67.02
11:27:49,6,14.58,0.00,12.50,0.00,0.00,5.21,0.00,0.00,0.00,67.71
11:27:49,7,11.83,0.00,11.83,0.00,0.00,5.38,0.00,0.00,0.00,70.97
11:27:49,12,12.22,0.00,12.22,0.00,0.00,3.33,0.00,0.00,0.00,72.22
11:27:49,13,14.89,0.00,11.70,0.00,0.00,5.32,0.00,0.00,0.00,68.09
11:27:49,14,13.98,0.00,11.83,0.00,0.00,4.30,0.00,0.00,0.00,69.89
11:27:49,15,11.83,0.00,11.83,0.00,0.00,4.30,0.00,0.00,0.00,72.04
11:27:50,4,15.96,0.00,10.64,0.00,0.00,5.32,0.00,0.00,0.00,68.09
11:27:50,5,14.29,0.00,9.89,0.00,0.00,4.40,0.00,0.00,0.00,71.43
11:27:50,6,14.44,0.00,11.11,0.00,0.00,3.33,0.00,0.00,0.00,71.11
11:27:50,7,12.90,0.00,10.75,0.00,0.00,5.38,0.00,0.00,0.00,70.97
11:27:50,12,12.77,0.00,11.70,0.00,0.00,5.32,0.00,0.00,0.00,70.21
11:27:50,13,16.30,0.00,14.13,1.09,0.00,5.43,0.00,0.00,0.00,63.04
11:27:50,14,16.33,0.00,12.24,0.00,0.00,6.12,0.00,0.00,0.00,65.31
11:27:50,15,14.58,0.00,12.50,0.00,0.00,5.21,0.00,0.00,0.00,67.71
11:27:51,4,15.38,0.00,10.99,0.00,0.00,4.40,0.00,0.00,0.00,69.23
11:27:51,5,17.89,0.00,11.58,0.00,0.00,6.32,0.00,0.00,0.00,64.21
11:27:51,6,13.83,0.00,12.77,0.00,0.00,5.32,0.00,0.00,0.00,68.09
11:27:51,7,13.40,0.00,12.37,0.00,0.00,3.09,0.00,0.00,0.00,71.13
11:27:51,12,15.73,0.00,10.11,0.00,0.00,4.49,0.00,0.00,0.00,69.66
11:27:51,13,17.02,0.00,12.77,0.00,0.00,4.26,0.00,0.00,0.00,65.96
11:27:51,14,13.19,0.00,12.09,0.00,0.00,3.30,0.00,0.00,0.00,71.43
11:27:51,15,12.77,0.00,9.57,0.00,0.00,4.26,0.00,0.00,0.00,73.40
11:27:52,4,13.98,0.00,12.90,0.00,0.00,4.30,0.00,0.00,0.00,68.82
11:27:52,5,14.29,0.00,10.99,0.00,0.00,4.40,0.00,0.00,0.00,70.33
11:27:52,6,13.04,0.00,14.13,0.00,0.00,4.35,0.00,0.00,0.00,68.48
11:27:52,7,11.96,0.00,10.87,0.00,0.00,6.52,0.00,0.00,0.00,70.65
11:27:52,12,14.29,0.00,9.89,0.00,0.00,4.40,0.00,0.00,0.00,71.43
11:27:52,13,15.22,0.00,11.96,0.00,0.00,4.35,0.00,0.00,0.00,68.48
11:27:52,14,12.22,0.00,11.11,1.11,0.00,5.56,0.00,0.00,0.00,70.00
11:27:52,15,14.13,0.00,10.87,0.00,0.00,4.35,0.00,0.00,0.00,70.65
11:27:53,4,14.44,0.00,12.22,0.00,0.00,4.44,0.00,0.00,0.00,68.89
11:27:53,5,15.22,0.00,11.96,0.00,0.00,4.35,0.00,0.00,0.00,68.48
11:27:53,6,12.22,0.00,10.00,0.00,0.00,4.44,0.00,0.00,0.00,73.33
11:27:53,7,12.09,0.00,10.99,0.00,0.00,4.40,0.00,0.00,0.00,72.53
11:27:53,12,13.19,0.00,10.99,0.00,0.00,5.49,0.00,0.00,0.00,70.33
11:27:53,13,12.90,0.00,12.90,0.00,0.00,5.38,0.00,0.00,0.00,68.82
11:27:53,14,13.04,0.00,13.04,0.00,0.00,3.26,0.00,0.00,0.00,70.65
11:27:53,15,11.70,0.00,11.70,0.00,0.00,5.32,0.00,0.00,0.00,71.28
11:27:54,4,13.83,0.00,12.77,0.00,0.00,4.26,0.00,0.00,0.00,69.15
11:27:54,5,11.83,0.00,15.05,0.00,0.00,5.38,0.00,0.00,0.00,67.74
11:27:54,6,13.98,0.00,11.83,0.00,0.00,4.30,0.00,0.00,0.00,69.89
11:27:54,7,12.90,0.00,11.83,0.00,0.00,3.23,0.00,0.00,0.00,72.04
11:27:54,12,14.77,0.00,10.23,0.00,0.00,3.41,0.00,0.00,0.00,71.59
11:27:54,13,14.89,0.00,12.77,0.00,0.00,4.26,0.00,0.00,0.00,68.09
11:27:54,14,15.05,0.00,10.75,0.00,0.00,5.38,0.00,0.00,0.00,68.82
11:27:54,15,13.33,0.00,11.11,0.00,0.00,3.33,0.00,0.00,0.00,72.22
11:27:55,4,13.98,0.00,13.98,0.00,0.00,3.23,0.00,0.00,0.00,68.82
11:27:55,5,15.05,0.00,12.90,0.00,0.00,3.23,0.00,0.00,0.00,68.82
11:27:55,6,14.74,0.00,11.58,1.05,0.00,5.26,0.00,0.00,0.00,67.37
11:27:55,7,11.83,0.00,11.83,0.00,0.00,5.38,0.00,0.00,0.00,70.97
11:27:55,12,16.30,0.00,14.13,0.00,0.00,4.35,0.00,0.00,0.00,65.22
11:27:55,13,13.04,0.00,14.13,0.00,0.00,5.43,0.00,0.00,0.00,67.39
11:27:55,14,16.30,0.00,10.87,0.00,0.00,4.35,0.00,0.00,0.00,68.48
11:27:55,15,14.58,0.00,13.54,0.00,0.00,4.17,0.00,0.00,0.00,67.71
11:27:56,4,12.09,0.00,12.09,0.00,0.00,5.49,0.00,0.00,0.00,70.33
11:27:56,5,15.05,0.00,11.83,0.00,0.00,4.30,0.00,0.00,0.00,68.82
11:27:56,6,15.05,0.00,10.75,0.00,0.00,4.30,0.00,0.00,0.00,69.89
11:27:56,7,12.63,0.00,12.63,0.00,0.00,4.21,0.00,0.00,0.00,70.53
11:27:56,12,13.04,0.00,11.96,0.00,0.00,5.43,0.00,0.00,0.00,69.57
11:27:56,13,14.89,0.00,15.96,0.00,0.00,4.26,0.00,0.00,0.00,64.89
11:27:56,14,14.58,0.00,12.50,0.00,0.00,5.21,0.00,0.00,0.00,67.71
11:27:56,15,12.90,0.00,10.75,0.00,0.00,4.30,0.00,0.00,0.00,72.04
11:27:57,4,13.19,0.00,12.09,0.00,0.00,4.40,0.00,0.00,0.00,70.33
11:27:57,5,15.56,0.00,12.22,0.00,0.00,3.33,0.00,0.00,0.00,68.89
11:27:57,6,16.30,0.00,10.87,0.00,0.00,4.35,0.00,0.00,0.00,68.48
11:27:57,7,12.90,0.00,10.75,0.00,0.00,4.30,0.00,0.00,0.00,72.04
11:27:57,12,13.98,0.00,11.83,0.00,0.00,4.30,0.00,0.00,0.00,69.89
11:27:57,13,15.62,0.00,13.54,0.00,0.00,5.21,0.00,0.00,0.00,65.62
11:27:57,14,16.84,0.00,13.68,1.05,0.00,4.21,0.00,0.00,0.00,64.21
11:27:57,15,15.05,0.00,10.75,0.00,0.00,4.30,0.00,0.00,0.00,69.89
11:27:58,4,15.22,0.00,14.13,0.00,0.00,4.35,0.00,0.00,0.00,66.30
11:27:58,5,16.13,0.00,13.98,0.00,0.00,3.23,0.00,0.00,0.00,66.67
11:27:58,6,14.29,0.00,12.09,0.00,0.00,4.40,0.00,0.00,0.00,69.23
11:27:58,7,13.68,0.00,12.63,0.00,0.00,4.21,0.00,0.00,0.00,69.47
11:27:58,12,14.44,0.00,11.11,0.00,0.00,4.44,0.00,0.00,0.00,70.00
11:27:58,13,13.19,0.00,13.19,0.00,0.00,4.40,0.00,0.00,0.00,69.23
11:27:58,14,12.36,0.00,12.36,0.00,0.00,4.49,0.00,0.00,0.00,70.79
11:27:58,15,13.98,0.00,10.75,0.00,0.00,4.30,0.00,0.00,0.00,70.97
11:27:59,4,13.04,0.00,10.87,0.00,0.00,5.43,0.00,0.00,0.00,70.65
11:27:59,5,13.83,0.00,11.70,0.00,0.00,5.32,0.00,0.00,0.00,69.15
11:27:59,6,13.19,0.00,12.09,0.00,0.00,4.40,0.00,0.00,0.00,70.33
11:27:59,7,12.90,0.00,11.83,0.00,0.00,3.23,0.00,0.00,0.00,72.04
11:27:59,12,12.22,0.00,13.33,0.00,0.00,3.33,0.00,0.00,0.00,71.11
11:27:59,13,13.04,0.00,10.87,0.00,0.00,4.35,0.00,0.00,0.00,71.74
11:27:59,14,14.74,0.00,12.63,0.00,0.00,6.32,0.00,0.00,0.00,66.32
11:27:59,15,13.98,0.00,10.75,0.00,0.00,4.30,0.00,0.00,0.00,70.97
11:28:00,4,14.13,0.00,10.87,0.00,0.00,5.43,0.00,0.00,0.00,69.57
11:28:00,5,15.22,0.00,11.96,0.00,0.00,5.43,0.00,0.00,0.00,67.39
11:28:00,6,14.58,0.00,12.50,0.00,0.00,6.25,0.00,0.00,0.00,66.67
11:28:00,7,14.13,0.00,11.96,0.00,0.00,4.35,0.00,0.00,0.00,69.57
11:28:00,12,17.89,0.00,14.74,0.00,0.00,5.26,0.00,0.00,0.00,62.11
11:28:00,13,15.22,0.00,11.96,0.00,0.00,5.43,0.00,0.00,0.00,67.39
11:28:00,14,14.13,0.00,10.87,0.00,0.00,5.43,0.00,0.00,0.00,69.57
11:28:00,15,15.05,0.00,11.83,2.15,0.00,4.30,0.00,0.00,0.00,66.67
11:28:01,4,15.79,0.00,13.68,0.00,0.00,4.21,0.00,0.00,0.00,66.32
11:28:01,5,14.61,0.00,11.24,0.00,0.00,3.37,0.00,0.00,0.00,70.79
11:28:01,6,13.98,0.00,11.83,0.00,0.00,4.30,0.00,0.00,0.00,69.89
11:28:01,7,12.77,0.00,11.70,0.00,0.00,6.38,0.00,0.00,0.00,69.15
11:28:01,12,13.83,0.00,12.77,0.00,0.00,4.26,0.00,0.00,0.00,69.15
11:28:01,13,14.29,0.00,10.99,0.00,0.00,4.40,0.00,0.00,0.00,70.33
11:28:01,14,14.74,0.00,12.63,0.00,0.00,5.26,0.00,0.00,0.00,67.37
11:28:01,15,12.90,0.00,11.83,0.00,0.00,4.30,0.00,0.00,0.00,70.97
11:28:02,4,14.13,0.00,10.87,0.00,0.00,4.35,0.00,0.00,0.00,70.65
11:28:02,5,13.83,0.00,10.64,0.00,0.00,5.32,0.00,0.00,0.00,70.21
11:28:02,6,14.13,0.00,11.96,3.26,0.00,5.43,0.00,0.00,0.00,65.22
11:28:02,7,11.58,0.00,12.63,0.00,0.00,5.26,0.00,0.00,0.00,70.53
11:28:02,12,15.05,0.00,10.75,0.00,0.00,3.23,0.00,0.00,0.00,70.97
11:28:02,13,14.13,0.00,9.78,0.00,0.00,5.43,0.00,0.00,0.00,70.65
11:28:02,14,14.29,0.00,10.99,0.00,0.00,3.30,0.00,0.00,0.00,71.43
11:28:02,15,13.40,0.00,12.37,0.00,0.00,5.15,0.00,0.00,0.00,69.07
11:28:03,4,15.05,0.00,10.75,0.00,0.00,4.30,0.00,0.00,0.00,69.89
11:28:03,5,12.90,0.00,15.05,0.00,0.00,5.38,0.00,0.00,0.00,66.67
11:28:03,6,13.98,0.00,13.98,0.00,0.00,5.38,0.00,0.00,0.00,66.67
11:28:03,7,12.63,0.00,10.53,0.00,0.00,6.32,0.00,0.00,0.00,70.53
11:28:03,12,15.05,0.00,9.68,0.00,0.00,5.38,0.00,0.00,0.00,69.89
11:28:03,13,16.13,0.00,13.98,0.00,0.00,3.23,0.00,0.00,0.00,66.67
11:28:03,14,14.13,0.00,11.96,0.00,0.00,4.35,0.00,0.00,0.00,69.57
11:28:03,15,12.63,0.00,13.68,0.00,0.00,4.21,0.00,0.00,0.00,69.47
11:28:04,4,16.30,0.00,13.04,0.00,0.00,3.26,0.00,0.00,0.00,67.39
11:28:04,5,15.22,0.00,10.87,0.00,0.00,4.35,0.00,0.00,0.00,69.57
11:28:04,6,11.96,0.00,13.04,0.00,0.00,5.43,0.00,0.00,0.00,69.57
11:28:04,7,12.09,0.00,12.09,0.00,0.00,3.30,0.00,0.00,0.00,72.53
11:28:04,12,14.89,0.00,10.64,0.00,0.00,5.32,0.00,0.00,0.00,69.15
11:28:04,13,13.19,0.00,12.09,0.00,0.00,4.40,0.00,0.00,0.00,70.33
11:28:04,14,13.68,0.00,12.63,0.00,0.00,4.21,0.00,0.00,0.00,69.47
11:28:04,15,11.83,0.00,11.83,0.00,0.00,4.30,0.00,0.00,0.00,72.04
11:28:05,4,16.67,0.00,13.54,0.00,0.00,5.21,0.00,0.00,0.00,64.58
11:28:05,5,15.05,0.00,13.98,0.00,0.00,4.30,0.00,0.00,0.00,66.67
11:28:05,6,14.44,0.00,11.11,0.00,0.00,4.44,0.00,0.00,0.00,70.00
11:28:05,7,15.22,0.00,11.96,0.00,0.00,4.35,0.00,0.00,0.00,68.48
11:28:05,12,15.22,0.00,13.04,0.00,0.00,3.26,0.00,0.00,0.00,68.48
11:28:05,13,13.83,0.00,11.70,0.00,0.00,6.38,0.00,0.00,0.00,68.09
11:28:05,14,13.98,0.00,11.83,0.00,0.00,5.38,0.00,0.00,0.00,68.82
11:28:05,15,13.83,0.00,13.83,0.00,0.00,4.26,0.00,0.00,0.00,68.09
11:28:06,4,14.89,0.00,13.83,0.00,0.00,4.26,0.00,0.00,0.00,67.02
11:28:06,5,15.05,0.00,10.75,0.00,0.00,5.38,0.00,0.00,0.00,68.82
11:28:06,6,13.04,0.00,11.96,0.00,0.00,4.35,0.00,0.00,0.00,70.65
11:28:06,7,12.77,0.00,11.70,0.00,0.00,4.26,0.00,0.00,0.00,71.28
11:28:06,12,15.05,0.00,12.90,0.00,0.00,5.38,0.00,0.00,0.00,66.67
11:28:06,13,15.22,0.00,13.04,0.00,0.00,3.26,0.00,0.00,0.00,68.48
11:28:06,14,14.89,0.00,13.83,0.00,0.00,3.19,0.00,0.00,0.00,68.09
11:28:06,15,15.05,0.00,9.68,0.00,0.00,5.38,0.00,0.00,0.00,69.89
11:28:07,4,16.30,0.00,11.96,0.00,0.00,5.43,0.00,0.00,0.00,66.30
11:28:07,5,15.05,0.00,12.90,0.00,0.00,6.45,0.00,0.00,0.00,65.59
11:28:07,6,13.83,0.00,12.77,0.00,0.00,4.26,0.00,0.00,0.00,69.15
11:28:07,7,10.00,0.00,10.00,0.00,0.00,2.22,0.00,0.00,0.00,77.78
11:28:07,12,14.89,0.00,13.83,0.00,0.00,5.32,0.00,0.00,0.00,65.96
11:28:07,13,15.46,0.00,17.53,0.00,0.00,6.19,0.00,0.00,0.00,60.82
11:28:07,14,14.89,0.00,14.89,0.00,0.00,5.32,0.00,0.00,0.00,64.89
11:28:07,15,12.77,0.00,12.77,0.00,0.00,3.19,0.00,0.00,0.00,71.28
11:28:08,4,14.89,0.00,13.83,0.00,0.00,4.26,0.00,0.00,0.00,67.02
11:28:08,5,15.73,0.00,12.36,0.00,0.00,3.37,0.00,0.00,0.00,68.54
11:28:08,6,17.02,0.00,11.70,0.00,0.00,5.32,0.00,0.00,0.00,65.96
11:28:08,7,12.63,0.00,11.58,0.00,0.00,5.26,0.00,0.00,0.00,70.53
11:28:08,12,15.05,0.00,12.90,0.00,0.00,4.30,0.00,0.00,0.00,67.74
11:28:08,13,14.13,0.00,14.13,0.00,0.00,4.35,0.00,0.00,0.00,67.39
11:28:08,14,15.22,0.00,10.87,0.00,0.00,4.35,0.00,0.00,0.00,69.57
11:28:08,15,10.99,0.00,10.99,0.00,0.00,4.40,0.00,0.00,0.00,73.63
11:28:09,4,13.04,0.00,14.13,0.00,0.00,5.43,0.00,0.00,0.00,67.39
11:28:09,5,15.46,0.00,13.40,0.00,0.00,5.15,0.00,0.00,0.00,65.98
11:28:09,6,15.05,0.00,11.83,0.00,0.00,4.30,0.00,0.00,0.00,68.82
11:28:09,7,11.96,0.00,11.96,0.00,0.00,3.26,0.00,0.00,0.00,72.83
11:28:09,12,14.13,0.00,11.96,0.00,0.00,4.35,0.00,0.00,0.00,69.57
11:28:09,13,13.98,0.00,13.98,0.00,0.00,5.38,0.00,0.00,0.00,66.67
11:28:09,14,13.83,0.00,13.83,0.00,0.00,5.32,0.00,0.00,0.00,67.02
11:28:09,15,14.58,0.00,12.50,0.00,0.00,4.17,0.00,0.00,0.00,68.75
11:28:10,4,16.30,0.00,13.04,0.00,0.00,4.35,0.00,0.00,0.00,66.30
11:28:10,5,16.67,0.00,12.22,0.00,0.00,3.33,0.00,0.00,0.00,67.78
11:28:10,6,13.04,0.00,11.96,0.00,0.00,5.43,0.00,0.00,0.00,69.57
11:28:10,7,14.89,0.00,11.70,0.00,0.00,5.32,0.00,0.00,0.00,68.09
11:28:10,12,12.90,0.00,11.83,0.00,0.00,6.45,0.00,0.00,0.00,68.82
11:28:10,13,15.56,0.00,13.33,0.00,0.00,4.44,0.00,0.00,0.00,66.67
11:28:10,14,15.62,0.00,13.54,0.00,0.00,6.25,0.00,0.00,0.00,64.58
11:28:10,15,13.04,0.00,11.96,0.00,0.00,5.43,0.00,0.00,0.00,69.57
11:28:11,4,15.05,0.00,11.83,0.00,0.00,4.30,0.00,0.00,0.00,68.82
11:28:11,5,13.98,0.00,10.75,0.00,0.00,5.38,0.00,0.00,0.00,69.89
11:28:11,6,12.90,0.00,11.83,0.00,0.00,5.38,0.00,0.00,0.00,69.89
11:28:11,7,12.63,0.00,12.63,0.00,0.00,6.32,0.00,0.00,0.00,68.42
11:28:11,12,13.04,0.00,11.96,0.00,0.00,4.35,0.00,0.00,0.00,70.65
11:28:11,13,15.05,0.00,11.83,0.00,0.00,4.30,0.00,0.00,0.00,68.82
11:28:11,14,15.96,0.00,10.64,0.00,0.00,4.26,0.00,0.00,0.00,69.15
11:28:11,15,15.22,0.00,10.87,0.00,0.00,4.35,0.00,0.00,0.00,69.57
11:28:12,4,15.79,0.00,13.68,0.00,0.00,5.26,0.00,0.00,0.00,65.26
11:28:12,5,15.79,0.00,13.68,0.00,0.00,4.21,0.00,0.00,0.00,66.32
11:28:12,6,12.22,0.00,11.11,0.00,0.00,4.44,0.00,0.00,0.00,72.22
11:28:12,7,12.77,0.00,11.70,0.00,0.00,3.19,0.00,0.00,0.00,72.34
11:28:12,12,16.13,0.00,11.83,0.00,0.00,5.38,0.00,0.00,0.00,66.67
11:28:12,13,15.05,0.00,16.13,1.08,0.00,5.38,0.00,0.00,0.00,62.37
11:28:12,14,14.89,0.00,11.70,1.06,0.00,5.32,0.00,0.00,0.00,67.02
11:28:12,15,13.98,0.00,11.83,0.00,0.00,3.23,0.00,0.00,0.00,70.97
11:28:13,4,15.05,0.00,15.05,0.00,0.00,5.38,0.00,0.00,0.00,64.52
11:28:13,5,14.29,0.00,13.19,0.00,0.00,4.40,0.00,0.00,0.00,68.13
11:28:13,6,13.04,0.00,11.96,0.00,0.00,5.43,0.00,0.00,0.00,69.57
11:28:13,7,12.90,0.00,10.75,0.00,0.00,5.38,0.00,0.00,0.00,70.97
11:28:13,12,15.62,0.00,13.54,0.00,0.00,4.17,0.00,0.00,0.00,66.67
11:28:13,13,15.22,0.00,14.13,0.00,0.00,5.43,0.00,0.00,0.00,65.22
11:28:13,14,14.89,0.00,12.77,0.00,0.00,5.32,0.00,0.00,0.00,67.02
11:28:13,15,12.90,0.00,11.83,0.00,0.00,5.38,0.00,0.00,0.00,69.89
11:28:14,4,14.89,0.00,12.77,0.00,0.00,4.26,0.00,0.00,0.00,68.09
11:28:14,5,14.89,0.00,11.70,0.00,0.00,5.32,0.00,0.00,0.00,68.09
11:28:14,6,13.98,0.00,11.83,0.00,0.00,5.38,0.00,0.00,0.00,68.82
11:28:14,7,12.63,0.00,12.63,0.00,0.00,5.26,0.00,0.00,0.00,69.47
11:28:14,12,12.22,0.00,11.11,0.00,0.00,4.44,0.00,0.00,0.00,72.22
11:28:14,13,16.30,0.00,11.96,0.00,0.00,4.35,0.00,0.00,0.00,67.39
11:28:14,14,14.74,0.00,11.58,0.00,0.00,5.26,0.00,0.00,0.00,68.42
11:28:14,15,15.05,0.00,9.68,0.00,0.00,5.38,0.00,0.00,0.00,69.89
11:28:15,4,16.30,0.00,10.87,0.00,0.00,5.43,0.00,0.00,0.00,67.39
11:28:15,5,15.05,0.00,11.83,0.00,0.00,5.38,0.00,0.00,0.00,67.74
11:28:15,6,16.13,0.00,11.83,0.00,0.00,5.38,0.00,0.00,0.00,66.67
11:28:15,7,13.98,0.00,12.90,0.00,0.00,4.30,0.00,0.00,0.00,68.82
11:28:15,12,15.96,0.00,12.77,0.00,0.00,4.26,0.00,0.00,0.00,67.02
11:28:15,13,15.22,0.00,11.96,0.00,0.00,6.52,0.00,0.00,0.00,66.30
11:28:15,14,13.98,0.00,13.98,0.00,0.00,5.38,0.00,0.00,0.00,66.67
11:28:15,15,16.30,0.00,9.78,0.00,0.00,3.26,0.00,0.00,0.00,70.65
11:28:16,4,14.58,0.00,13.54,0.00,0.00,5.21,0.00,0.00,0.00,66.67
11:28:16,5,13.98,0.00,11.83,0.00,0.00,5.38,0.00,0.00,0.00,68.82
11:28:16,6,14.13,0.00,13.04,0.00,0.00,5.43,0.00,0.00,0.00,67.39
11:28:16,7,12.50,0.00,12.50,0.00,0.00,5.21,0.00,0.00,0.00,69.79
11:28:16,12,14.29,0.00,10.99,0.00,0.00,4.40,0.00,0.00,0.00,70.33
11:28:16,13,14.74,0.00,12.63,0.00,0.00,4.21,0.00,0.00,0.00,68.42
11:28:16,14,15.22,0.00,13.04,0.00,0.00,4.35,0.00,0.00,0.00,67.39
11:28:16,15,13.83,0.00,12.77,0.00,0.00,4.26,0.00,0.00,0.00,69.15
11:28:17,4,15.96,0.00,10.64,0.00,0.00,4.26,0.00,0.00,0.00,69.15
11:28:17,5,15.05,0.00,13.98,0.00,0.00,3.23,0.00,0.00,0.00,67.74
11:28:17,6,16.67,0.00,11.46,0.00,0.00,5.21,0.00,0.00,0.00,66.67
11:28:17,7,11.70,0.00,12.77,0.00,0.00,5.32,0.00,0.00,0.00,70.21
11:28:17,12,15.56,0.00,8.89,0.00,0.00,4.44,0.00,0.00,0.00,71.11
11:28:17,13,13.98,0.00,11.83,0.00,0.00,5.38,0.00,0.00,0.00,68.82
11:28:17,14,15.96,0.00,11.70,0.00,0.00,5.32,0.00,0.00,0.00,67.02
11:28:17,15,14.29,0.00,9.89,0.00,0.00,4.40,0.00,0.00,0.00,71.43
11:28:18,4,14.13,0.00,10.87,0.00,0.00,4.35,0.00,0.00,0.00,70.65
11:28:18,5,15.96,0.00,12.77,0.00,0.00,5.32,0.00,0.00,0.00,65.96
11:28:18,6,14.77,0.00,10.23,0.00,0.00,4.55,0.00,0.00,0.00,70.45
11:28:18,7,13.98,0.00,10.75,0.00,0.00,5.38,0.00,0.00,0.00,69.89
11:28:18,12,14.29,0.00,12.09,0.00,0.00,4.40,0.00,0.00,0.00,69.23
11:28:18,13,16.84,0.00,11.58,0.00,0.00,5.26,0.00,0.00,0.00,66.32
11:28:18,14,15.96,0.00,10.64,0.00,0.00,5.32,0.00,0.00,0.00,68.09
11:28:18,15,14.43,0.00,11.34,0.00,0.00,6.19,0.00,0.00,0.00,68.04
11:28:19,4,14.44,0.00,10.00,0.00,0.00,4.44,0.00,0.00,0.00,71.11
11:28:19,5,14.44,0.00,12.22,0.00,0.00,5.56,0.00,0.00,0.00,67.78
11:28:19,6,13.83,0.00,11.70,0.00,0.00,5.32,0.00,0.00,0.00,69.15
11:28:19,7,13.83,0.00,12.77,0.00,0.00,3.19,0.00,0.00,0.00,70.21
11:28:19,12,13.19,0.00,13.19,0.00,0.00,4.40,0.00,0.00,0.00,69.23
11:28:19,13,15.22,0.00,11.96,0.00,0.00,3.26,0.00,0.00,0.00,69.57
11:28:19,14,13.68,0.00,12.63,0.00,0.00,5.26,0.00,0.00,0.00,68.42
11:28:19,15,12.77,0.00,11.70,0.00,0.00,5.32,0.00,0.00,0.00,70.21
11:28:20,4,19.35,0.00,11.83,0.00,0.00,3.23,0.00,0.00,0.00,65.59
11:28:20,5,18.75,0.00,12.50,0.00,0.00,4.17,0.00,0.00,0.00,64.58
11:28:20,6,14.74,0.00,12.63,0.00,0.00,5.26,0.00,0.00,0.00,67.37
11:28:20,7,14.58,0.00,11.46,0.00,0.00,5.21,0.00,0.00,0.00,68.75
11:28:20,12,15.22,0.00,11.96,0.00,0.00,5.43,0.00,0.00,0.00,67.39
11:28:20,13,14.13,0.00,16.30,0.00,0.00,6.52,0.00,0.00,0.00,63.04
11:28:20,14,14.13,0.00,13.04,0.00,0.00,4.35,0.00,0.00,0.00,68.48
11:28:20,15,15.79,0.00,12.63,0.00,0.00,4.21,0.00,0.00,0.00,67.37
11:28:21,4,14.13,0.00,11.96,0.00,0.00,4.35,0.00,0.00,0.00,69.57
11:28:21,5,13.19,0.00,12.09,0.00,0.00,4.40,0.00,0.00,0.00,70.33
11:28:21,6,12.77,0.00,12.77,0.00,0.00,5.32,0.00,0.00,0.00,69.15
11:28:21,7,11.96,0.00,11.96,0.00,0.00,4.35,0.00,0.00,0.00,71.74
11:28:21,12,12.77,0.00,11.70,0.00,0.00,5.32,0.00,0.00,0.00,70.21
11:28:21,13,15.38,0.00,12.09,0.00,0.00,4.40,0.00,0.00,0.00,68.13
11:28:21,14,16.13,0.00,10.75,0.00,0.00,3.23,0.00,0.00,0.00,69.89
11:28:21,15,13.04,0.00,10.87,0.00,0.00,5.43,0.00,0.00,0.00,70.65
11:28:22,4,12.90,0.00,11.83,0.00,0.00,5.38,0.00,0.00,0.00,69.89
11:28:22,5,14.58,0.00,13.54,0.00,0.00,5.21,0.00,0.00,0.00,66.67
11:28:22,6,11.83,0.00,12.90,0.00,0.00,4.30,0.00,0.00,0.00,70.97
11:28:22,7,13.98,0.00,9.68,0.00,0.00,5.38,0.00,0.00,0.00,70.97
11:28:22,12,13.19,0.00,14.29,0.00,0.00,4.40,0.00,0.00,0.00,68.13
11:28:22,13,14.44,0.00,11.11,0.00,0.00,4.44,0.00,0.00,0.00,70.00
11:28:22,14,13.68,0.00,13.68,0.00,0.00,5.26,0.00,0.00,0.00,67.37
11:28:22,15,13.68,0.00,12.63,0.00,0.00,5.26,0.00,0.00,0.00,68.42
11:28:23,4,14.74,0.00,10.53,0.00,0.00,5.26,0.00,0.00,0.00,69.47
11:28:23,5,13.19,0.00,13.19,0.00,0.00,5.49,0.00,0.00,0.00,68.13
11:28:23,6,14.89,0.00,13.83,0.00,0.00,5.32,0.00,0.00,0.00,65.96
11:28:23,7,11.58,0.00,14.74,0.00,0.00,4.21,0.00,0.00,0.00,69.47
11:28:23,12,14.29,0.00,10.99,1.10,0.00,5.49,0.00,0.00,0.00,68.13
11:28:23,13,14.89,0.00,13.83,0.00,0.00,5.32,0.00,0.00,0.00,65.96
11:28:23,14,14.29,0.00,10.99,0.00,0.00,4.40,0.00,0.00,0.00,70.33
11:28:23,15,12.90,0.00,11.83,0.00,0.00,4.30,0.00,0.00,0.00,70.97
11:28:24,4,15.22,0.00,11.96,0.00,0.00,3.26,0.00,0.00,0.00,69.57
11:28:24,5,14.13,0.00,10.87,0.00,0.00,4.35,0.00,0.00,0.00,70.65
11:28:24,6,11.96,0.00,14.13,0.00,0.00,3.26,0.00,0.00,0.00,70.65
11:28:24,7,14.74,0.00,11.58,0.00,0.00,5.26,0.00,0.00,0.00,68.42
11:28:24,12,13.98,0.00,11.83,0.00,0.00,4.30,0.00,0.00,0.00,69.89
11:28:24,13,12.77,0.00,13.83,0.00,0.00,5.32,0.00,0.00,0.00,68.09
11:28:24,14,11.83,0.00,12.90,0.00,0.00,5.38,0.00,0.00,0.00,69.89
11:28:24,15,14.58,0.00,11.46,0.00,0.00,5.21,0.00,0.00,0.00,68.75
11:28:25,4,12.90,0.00,13.98,0.00,0.00,4.30,0.00,0.00,0.00,68.82
11:28:25,5,17.39,0.00,14.13,0.00,0.00,3.26,0.00,0.00,0.00,65.22
11:28:25,6,16.30,0.00,13.04,0.00,0.00,6.52,0.00,0.00,0.00,64.13
11:28:25,7,13.98,0.00,12.90,0.00,0.00,4.30,0.00,0.00,0.00,68.82
11:28:25,12,14.13,0.00,14.13,0.00,0.00,4.35,0.00,0.00,0.00,67.39
11:28:25,13,16.13,0.00,11.83,0.00,0.00,5.38,0.00,0.00,0.00,66.67
11:28:25,14,15.05,0.00,13.98,0.00,0.00,4.30,0.00,0.00,0.00,66.67
11:28:25,15,12.90,0.00,11.83,0.00,0.00,4.30,0.00,0.00,0.00,70.97
11:28:26,4,13.98,0.00,11.83,0.00,0.00,5.38,0.00,0.00,0.00,68.82
11:28:26,5,14.74,0.00,11.58,0.00,0.00,5.26,0.00,0.00,0.00,68.42
11:28:26,6,14.13,0.00,11.96,0.00,0.00,4.35,0.00,0.00,0.00,69.57
11:28:26,7,11.96,0.00,13.04,0.00,0.00,4.35,0.00,0.00,0.00,70.65
11:28:26,12,13.19,0.00,12.09,0.00,0.00,4.40,0.00,0.00,0.00,70.33
11:28:26,13,15.05,0.00,12.90,0.00,0.00,3.23,0.00,0.00,0.00,68.82
11:28:26,14,11.96,0.00,13.04,0.00,0.00,5.43,0.00,0.00,0.00,69.57
11:28:26,15,14.74,0.00,12.63,0.00,0.00,4.21,0.00,0.00,0.00,68.42
11:28:27,4,13.04,0.00,13.04,0.00,0.00,3.26,0.00,0.00,0.00,70.65
11:28:27,5,14.74,0.00,11.58,0.00,0.00,6.32,0.00,0.00,0.00,67.37
11:28:27,6,14.74,0.00,12.63,0.00,0.00,4.21,0.00,0.00,0.00,68.42
11:28:27,7,13.98,0.00,12.90,0.00,0.00,4.30,0.00,0.00,0.00,68.82
11:28:27,12,12.77,0.00,12.77,0.00,0.00,5.32,0.00,0.00,0.00,69.15
11:28:27,13,13.04,0.00,10.87,0.00,0.00,5.43,0.00,0.00,0.00,70.65
11:28:27,14,14.89,0.00,12.77,0.00,0.00,4.26,0.00,0.00,0.00,68.09
11:28:27,15,15.22,0.00,10.87,0.00,0.00,4.35,0.00,0.00,0.00,69.57
11:28:28,4,15.05,0.00,12.90,0.00,0.00,4.30,0.00,0.00,0.00,67.74
11:28:28,5,13.48,0.00,11.24,0.00,0.00,4.49,0.00,0.00,0.00,70.79
11:28:28,6,14.89,0.00,11.70,0.00,0.00,5.32,0.00,0.00,0.00,68.09
11:28:28,7,13.98,0.00,9.68,0.00,0.00,6.45,0.00,0.00,0.00,69.89
11:28:28,12,14.13,0.00,11.96,0.00,0.00,4.35,0.00,0.00,0.00,69.57
11:28:28,13,14.29,0.00,12.09,0.00,0.00,4.40,0.00,0.00,0.00,69.23
11:28:28,14,14.13,0.00,11.96,0.00,0.00,4.35,0.00,0.00,0.00,69.57
11:28:28,15,15.79,0.00,12.63,0.00,0.00,4.21,0.00,0.00,0.00,67.37
11:28:29,4,16.49,0.00,12.37,0.00,0.00,5.15,0.00,0.00,0.00,65.98
11:28:29,5,15.62,0.00,14.58,0.00,0.00,5.21,0.00,0.00,0.00,64.58
11:28:29,6,15.79,0.00,13.68,0.00,0.00,5.26,0.00,0.00,0.00,65.26
11:28:29,7,13.54,0.00,12.50,0.00,0.00,3.12,0.00,0.00,0.00,70.83
11:28:29,12,16.13,0.00,13.98,0.00,0.00,4.30,0.00,0.00,0.00,65.59
11:28:29,13,15.79,0.00,11.58,0.00,0.00,5.26,0.00,0.00,0.00,67.37
11:28:29,14,13.04,0.00,14.13,0.00,0.00,5.43,0.00,0.00,0.00,67.39
11:28:29,15,11.96,0.00,10.87,0.00,0.00,4.35,0.00,0.00,0.00,72.83
11:28:30,4,15.05,0.00,13.98,0.00,0.00,5.38,0.00,0.00,0.00,65.59
11:28:30,5,15.22,0.00,14.13,0.00,0.00,5.43,0.00,0.00,0.00,65.22
11:28:30,6,15.05,0.00,12.90,0.00,0.00,5.38,0.00,0.00,0.00,66.67
11:28:30,7,11.70,0.00,13.83,0.00,0.00,3.19,0.00,0.00,0.00,71.28
11:28:30,12,16.30,0.00,13.04,0.00,0.00,3.26,0.00,0.00,0.00,67.39
11:28:30,13,16.30,0.00,10.87,0.00,0.00,6.52,0.00,0.00,0.00,66.30
11:28:30,14,15.05,0.00,11.83,0.00,0.00,6.45,0.00,0.00,0.00,66.67
11:28:30,15,12.77,0.00,11.70,0.00,0.00,4.26,0.00,0.00,0.00,71.28
11:28:31,4,16.49,0.00,11.34,0.00,0.00,6.19,0.00,0.00,0.00,65.98
11:28:31,5,13.98,0.00,12.90,0.00,0.00,4.30,0.00,0.00,0.00,68.82
11:28:31,6,13.98,0.00,11.83,0.00,0.00,5.38,0.00,0.00,0.00,68.82
11:28:31,7,13.04,0.00,11.96,0.00,0.00,3.26,0.00,0.00,0.00,71.74
11:28:31,12,16.67,0.00,11.46,0.00,0.00,4.17,0.00,0.00,0.00,67.71
11:28:31,13,13.68,0.00,12.63,0.00,0.00,5.26,0.00,0.00,0.00,68.42
11:28:31,14,16.33,0.00,13.27,0.00,0.00,5.10,0.00,0.00,0.00,65.31
11:28:31,15,14.29,0.00,10.99,0.00,0.00,3.30,0.00,0.00,0.00,71.43
11:28:32,4,15.96,0.00,12.77,0.00,0.00,3.19,0.00,0.00,0.00,68.09
11:28:32,5,13.19,0.00,13.19,0.00,0.00,6.59,0.00,0.00,0.00,67.03
11:28:32,6,12.22,0.00,12.22,0.00,0.00,4.44,0.00,0.00,0.00,71.11
11:28:32,7,14.89,0.00,10.64,0.00,0.00,5.32,0.00,0.00,0.00,69.15
11:28:32,12,15.96,0.00,11.70,0.00,0.00,4.26,0.00,0.00,0.00,68.09
11:28:32,13,13.33,0.00,11.11,0.00,0.00,4.44,0.00,0.00,0.00,71.11
11:28:32,14,14.29,0.00,10.99,0.00,0.00,3.30,0.00,0.00,0.00,71.43
11:28:32,15,13.04,0.00,9.78,0.00,0.00,5.43,0.00,0.00,0.00,71.74
11:28:33,4,14.89,0.00,13.83,1.06,0.00,5.32,0.00,0.00,0.00,64.89
11:28:33,5,14.13,0.00,10.87,0.00,0.00,5.43,0.00,0.00,0.00,69.57
11:28:33,6,15.05,0.00,11.83,0.00,0.00,5.38,0.00,0.00,0.00,67.74
11:28:33,7,15.05,0.00,11.83,0.00,0.00,4.30,0.00,0.00,0.00,68.82
11:28:33,12,13.04,0.00,10.87,1.09,0.00,5.43,0.00,0.00,0.00,69.57
11:28:33,13,15.62,0.00,13.54,0.00,0.00,4.17,0.00,0.00,0.00,66.67
11:28:33,14,13.04,0.00,11.96,0.00,0.00,4.35,0.00,0.00,0.00,70.65
11:28:33,15,12.90,0.00,12.90,0.00,0.00,3.23,0.00,0.00,0.00,70.97
11:28:34,4,16.30,0.00,10.87,0.00,0.00,5.43,0.00,0.00,0.00,67.39
11:28:34,5,14.74,0.00,13.68,0.00,0.00,5.26,0.00,0.00,0.00,66.32
11:28:34,6,12.90,0.00,15.05,0.00,0.00,4.30,0.00,0.00,0.00,67.74
11:28:34,7,12.77,0.00,11.70,0.00,0.00,5.32,0.00,0.00,0.00,70.21
11:28:34,12,15.22,0.00,11.96,0.00,0.00,5.43,0.00,0.00,0.00,67.39
11:28:34,13,14.13,0.00,11.96,0.00,0.00,5.43,0.00,0.00,0.00,68.48
11:28:34,14,14.13,0.00,13.04,0.00,0.00,4.35,0.00,0.00,0.00,68.48
11:28:34,15,12.09,0.00,12.09,0.00,0.00,4.40,0.00,0.00,0.00,71.43
11:28:35,4,15.38,0.00,12.09,0.00,0.00,4.40,0.00,0.00,0.00,68.13
11:28:35,5,16.30,0.00,9.78,0.00,0.00,5.43,0.00,0.00,0.00,68.48
11:28:35,6,14.89,0.00,13.83,0.00,0.00,5.32,0.00,0.00,0.00,65.96
11:28:35,7,13.83,0.00,11.70,0.00,0.00,4.26,0.00,0.00,0.00,70.21
11:28:35,12,13.98,0.00,13.98,0.00,0.00,4.30,0.00,0.00,0.00,67.74
11:28:35,13,15.38,0.00,14.29,0.00,0.00,3.30,0.00,0.00,0.00,67.03
11:28:35,14,15.05,0.00,11.83,0.00,0.00,4.30,0.00,0.00,0.00,68.82
11:28:35,15,13.83,0.00,11.70,0.00,0.00,4.26,0.00,0.00,0.00,70.21
11:28:36,4,12.90,0.00,11.83,0.00,0.00,5.38,0.00,0.00,0.00,69.89
11:28:36,5,13.33,0.00,12.22,0.00,0.00,4.44,0.00,0.00,0.00,70.00
11:28:36,6,16.84,0.00,12.63,0.00,0.00,4.21,0.00,0.00,0.00,66.32
11:28:36,7,12.77,0.00,9.57,0.00,0.00,5.32,0.00,0.00,0.00,72.34
11:28:36,12,14.29,0.00,16.48,0.00,0.00,3.30,0.00,0.00,0.00,65.93
11:28:36,13,15.05,0.00,13.98,0.00,0.00,4.30,0.00,0.00,0.00,66.67
11:28:36,14,17.20,0.00,13.98,0.00,0.00,3.23,0.00,0.00,0.00,65.59
11:28:36,15,13.98,0.00,11.83,0.00,0.00,4.30,0.00,0.00,0.00,69.89
11:28:37,4,15.22,0.00,11.96,0.00,0.00,3.26,0.00,0.00,0.00,69.57
11:28:37,5,15.96,0.00,11.70,0.00,0.00,4.26,0.00,0.00,0.00,68.09
11:28:37,6,12.77,0.00,12.77,0.00,0.00,5.32,0.00,0.00,0.00,69.15
11:28:37,7,13.04,0.00,10.87,0.00,0.00,4.35,0.00,0.00,0.00,71.74
11:28:37,12,11.96,0.00,10.87,0.00,0.00,6.52,0.00,0.00,0.00,70.65
11:28:37,13,12.77,0.00,14.89,0.00,0.00,6.38,0.00,0.00,0.00,65.96
11:28:37,14,13.98,0.00,10.75,0.00,0.00,6.45,0.00,0.00,0.00,68.82
11:28:37,15,14.74,0.00,11.58,0.00,0.00,5.26,0.00,0.00,0.00,68.42
11:28:38,4,13.98,0.00,13.98,1.08,0.00,5.38,0.00,0.00,0.00,65.59
11:28:38,5,14.29,0.00,14.29,0.00,0.00,4.40,0.00,0.00,0.00,67.03
11:28:38,6,13.19,0.00,13.19,0.00,0.00,4.40,0.00,0.00,0.00,69.23
11:28:38,7,13.83,0.00,12.77,0.00,0.00,5.32,0.00,0.00,0.00,68.09
11:28:38,12,12.22,0.00,12.22,1.11,0.00,4.44,0.00,0.00,0.00,70.00
11:28:38,13,16.30,0.00,11.96,1.09,0.00,5.43,0.00,0.00,0.00,65.22
11:28:38,14,13.19,0.00,12.09,0.00,0.00,4.40,0.00,0.00,0.00,70.33
11:28:38,15,13.98,0.00,10.75,0.00,0.00,4.30,0.00,0.00,0.00,70.97
11:28:39,4,14.13,0.00,10.87,0.00,0.00,4.35,0.00,0.00,0.00,70.65
11:28:39,5,12.90,0.00,12.90,0.00,0.00,5.38,0.00,0.00,0.00,68.82
11:28:39,6,13.68,0.00,12.63,0.00,0.00,5.26,0.00,0.00,0.00,68.42
11:28:39,7,14.43,0.00,12.37,0.00,0.00,5.15,0.00,0.00,0.00,68.04
11:28:39,12,14.89,0.00,11.70,0.00,0.00,4.26,0.00,0.00,0.00,69.15
11:28:39,13,12.77,0.00,12.77,0.00,0.00,4.26,0.00,0.00,0.00,70.21
11:28:39,14,12.90,0.00,11.83,0.00,0.00,4.30,0.00,0.00,0.00,70.97
11:28:39,15,12.90,0.00,10.75,0.00,0.00,5.38,0.00,0.00,0.00,70.97
11:28:40,4,13.68,0.00,14.74,0.00,0.00,6.32,0.00,0.00,0.00,65.26
11:28:40,5,15.38,0.00,9.89,0.00,0.00,4.40,0.00,0.00,0.00,70.33
11:28:40,6,15.22,0.00,13.04,0.00,0.00,4.35,0.00,0.00,0.00,67.39
11:28:40,7,13.68,0.00,12.63,0.00,0.00,4.21,0.00,0.00,0.00,69.47
11:28:40,12,15.96,0.00,12.77,0.00,0.00,4.26,0.00,0.00,0.00,67.02
11:28:40,13,14.89,0.00,12.77,0.00,0.00,5.32,0.00,0.00,0.00,67.02
11:28:40,14,15.96,0.00,10.64,0.00,0.00,4.26,0.00,0.00,0.00,69.15
11:28:40,15,11.58,0.00,13.68,0.00,0.00,4.21,0.00,0.00,0.00,70.53
11:28:41,4,18.95,0.00,10.53,0.00,0.00,5.26,0.00,0.00,0.00,65.26
11:28:41,5,13.98,0.00,16.13,0.00,0.00,5.38,0.00,0.00,0.00,64.52
11:28:41,6,15.05,0.00,12.90,0.00,0.00,4.30,0.00,0.00,0.00,67.74
11:28:41,7,10.87,0.00,13.04,0.00,0.00,4.35,0.00,0.00,0.00,71.74
11:28:41,12,13.33,0.00,10.00,0.00,0.00,5.56,0.00,0.00,0.00,71.11
11:28:41,13,13.98,0.00,12.90,0.00,0.00,5.38,0.00,0.00,0.00,67.74
11:28:41,14,13.83,0.00,14.89,0.00,0.00,6.38,0.00,0.00,0.00,64.89
11:28:41,15,17.89,0.00,9.47,0.00,0.00,4.21,0.00,0.00,0.00,68.42
11:28:42,4,13.83,0.00,14.89,0.00,0.00,5.32,0.00,0.00,0.00,65.96
11:28:42,5,14.89,0.00,13.83,0.00,0.00,3.19,0.00,0.00,0.00,68.09
11:28:42,6,13.04,0.00,14.13,0.00,0.00,3.26,0.00,0.00,0.00,69.57
11:28:42,7,11.96,0.00,13.04,0.00,0.00,3.26,0.00,0.00,0.00,71.74
11:28:42,12,13.04,0.00,11.96,0.00,0.00,4.35,0.00,0.00,0.00,70.65
11:28:42,13,16.48,0.00,13.19,0.00,0.00,3.30,0.00,0.00,0.00,67.03
11:28:42,14,15.05,0.00,11.83,0.00,0.00,4.30,0.00,0.00,0.00,68.82
11:28:42,15,13.54,0.00,11.46,0.00,0.00,5.21,0.00,0.00,0.00,69.79
11:28:43,4,13.19,0.00,12.09,0.00,0.00,3.30,0.00,0.00,0.00,71.43
11:28:43,5,13.98,0.00,11.83,0.00,0.00,5.38,0.00,0.00,0.00,68.82
11:28:43,6,12.77,0.00,11.70,1.06,0.00,4.26,0.00,0.00,0.00,70.21
11:28:43,7,11.70,0.00,11.70,0.00,0.00,4.26,0.00,0.00,0.00,72.34
11:28:43,12,13.19,0.00,14.29,0.00,0.00,4.40,0.00,0.00,0.00,68.13
11:28:43,13,15.79,0.00,13.68,0.00,0.00,4.21,0.00,0.00,0.00,66.32
11:28:43,14,13.68,0.00,13.68,0.00,0.00,5.26,0.00,0.00,0.00,67.37
11:28:43,15,14.13,0.00,10.87,0.00,0.00,4.35,0.00,0.00,0.00,70.65
11:28:44,4,14.74,0.00,12.63,0.00,0.00,5.26,0.00,0.00,0.00,67.37
11:28:44,5,14.29,0.00,10.99,0.00,0.00,4.40,0.00,0.00,0.00,70.33
11:28:44,6,13.19,0.00,13.19,0.00,0.00,4.40,0.00,0.00,0.00,69.23
11:28:44,7,11.83,0.00,11.83,0.00,0.00,4.30,0.00,0.00,0.00,72.04
11:28:44,12,16.48,0.00,12.09,0.00,0.00,4.40,0.00,0.00,0.00,67.03
11:28:44,13,16.84,0.00,12.63,0.00,0.00,4.21,0.00,0.00,0.00,66.32
11:28:44,14,15.96,0.00,12.77,0.00,0.00,4.26,0.00,0.00,0.00,67.02
11:28:44,15,13.04,0.00,9.78,0.00,0.00,5.43,0.00,0.00,0.00,71.74
11:28:45,4,13.54,0.00,13.54,0.00,0.00,5.21,0.00,0.00,0.00,67.71
11:28:45,5,16.13,0.00,12.90,0.00,0.00,5.38,0.00,0.00,0.00,65.59
11:28:45,6,11.96,0.00,14.13,0.00,0.00,5.43,0.00,0.00,0.00,68.48
11:28:45,7,10.87,0.00,11.96,0.00,0.00,5.43,0.00,0.00,0.00,71.74
11:28:45,12,14.89,0.00,11.70,0.00,0.00,5.32,0.00,0.00,0.00,68.09
11:28:45,13,13.68,0.00,14.74,0.00,0.00,4.21,0.00,0.00,0.00,67.37
11:28:45,14,12.90,0.00,12.90,0.00,0.00,4.30,0.00,0.00,0.00,69.89
11:28:45,15,14.89,0.00,9.57,0.00,0.00,4.26,0.00,0.00,0.00,71.28
11:28:46,4,16.48,0.00,13.19,0.00,0.00,5.49,0.00,0.00,0.00,64.84
11:28:46,5,17.02,0.00,13.83,0.00,0.00,4.26,0.00,0.00,0.00,64.89
11:28:46,6,15.38,0.00,10.99,0.00,0.00,5.49,0.00,0.00,0.00,68.13
11:28:46,7,12.90,0.00,11.83,0.00,0.00,3.23,0.00,0.00,0.00,72.04
11:28:46,12,14.58,0.00,12.50,0.00,0.00,6.25,0.00,0.00,0.00,66.67
11:28:46,13,16.85,0.00,13.48,0.00,0.00,3.37,0.00,0.00,0.00,66.29
11:28:46,14,17.71,0.00,12.50,0.00,0.00,4.17,0.00,0.00,0.00,65.62
11:28:46,15,14.13,0.00,9.78,0.00,0.00,5.43,0.00,0.00,0.00,70.65
11:28:47,4,13.54,0.00,13.54,0.00,0.00,5.21,0.00,0.00,0.00,67.71
11:28:47,5,13.98,0.00,12.90,0.00,0.00,5.38,0.00,0.00,0.00,67.74
11:28:47,6,15.05,0.00,12.90,0.00,0.00,5.38,0.00,0.00,0.00,66.67
11:28:47,7,13.04,0.00,10.87,0.00,0.00,5.43,0.00,0.00,0.00,70.65
11:28:47,12,14.44,0.00,10.00,0.00,0.00,4.44,0.00,0.00,0.00,71.11
11:28:47,13,15.79,0.00,11.58,0.00,0.00,4.21,0.00,0.00,0.00,68.42
11:28:47,14,14.29,0.00,10.99,0.00,0.00,4.40,0.00,0.00,0.00,70.33
11:28:47,15,12.77,0.00,12.77,0.00,0.00,4.26,0.00,0.00,0.00,70.21
11:28:48,4,13.48,0.00,12.36,0.00,0.00,4.49,0.00,0.00,0.00,69.66
11:28:48,5,16.30,0.00,14.13,0.00,0.00,5.43,0.00,0.00,0.00,64.13
11:28:48,6,15.05,0.00,10.75,0.00,0.00,5.38,0.00,0.00,0.00,68.82
11:28:48,7,10.99,0.00,10.99,0.00,0.00,5.49,0.00,0.00,0.00,72.53
11:28:48,12,15.05,0.00,10.75,0.00,0.00,5.38,0.00,0.00,0.00,68.82
11:28:48,13,13.83,0.00,12.77,0.00,0.00,6.38,0.00,0.00,0.00,67.02
11:28:48,14,15.05,0.00,10.75,0.00,0.00,4.30,0.00,0.00,0.00,69.89
11:28:48,15,12.77,0.00,10.64,0.00,0.00,4.26,0.00,0.00,0.00,72.34
11:28:49,4,13.83,0.00,13.83,0.00,0.00,4.26,0.00,0.00,0.00,68.09
11:28:49,5,15.22,0.00,11.96,0.00,0.00,4.35,0.00,0.00,0.00,68.48
11:28:49,6,12.90,0.00,11.83,0.00,0.00,4.30,0.00,0.00,0.00,70.97
11:28:49,7,12.77,0.00,10.64,0.00,0.00,5.32,0.00,0.00,0.00,71.28
11:28:49,12,13.33,0.00,14.44,0.00,0.00,4.44,0.00,0.00,0.00,67.78
11:28:49,13,14.89,0.00,13.83,0.00,0.00,4.26,0.00,0.00,0.00,67.02
11:28:49,14,13.83,0.00,12.77,0.00,0.00,5.32,0.00,0.00,0.00,68.09
11:28:49,15,14.29,0.00,10.99,0.00,0.00,3.30,0.00,0.00,0.00,71.43
11:28:50,4,14.89,0.00,12.77,0.00,0.00,4.26,0.00,0.00,0.00,68.09
11:28:50,5,13.19,0.00,12.09,0.00,0.00,3.30,0.00,0.00,0.00,71.43
11:28:50,6,13.04,0.00,10.87,0.00,0.00,4.35,0.00,0.00,0.00,71.74
11:28:50,7,12.77,0.00,12.77,0.00,0.00,4.26,0.00,0.00,0.00,70.21
11:28:50,12,15.05,0.00,11.83,0.00,0.00,5.38,0.00,0.00,0.00,67.74
11:28:50,13,14.74,0.00,13.68,0.00,0.00,5.26,0.00,0.00,0.00,66.32
11:28:50,14,14.89,0.00,11.70,0.00,0.00,5.32,0.00,0.00,0.00,68.09
11:28:50,15,13.54,0.00,12.50,0.00,0.00,5.21,0.00,0.00,0.00,68.75
11:28:51,4,15.05,0.00,12.90,0.00,0.00,4.30,0.00,0.00,0.00,67.74
11:28:51,5,14.13,0.00,11.96,0.00,0.00,4.35,0.00,0.00,0.00,69.57
11:28:51,6,17.39,0.00,11.96,0.00,0.00,5.43,0.00,0.00,0.00,65.22
11:28:51,7,12.63,0.00,11.58,0.00,0.00,6.32,0.00,0.00,0.00,69.47
11:28:51,12,15.22,0.00,11.96,0.00,0.00,4.35,0.00,0.00,0.00,68.48
11:28:51,13,16.13,0.00,12.90,0.00,0.00,4.30,0.00,0.00,0.00,66.67
11:28:51,14,15.05,0.00,13.98,0.00,0.00,3.23,0.00,0.00,0.00,67.74
11:28:51,15,13.83,0.00,11.70,0.00,0.00,5.32,0.00,0.00,0.00,69.15
11:28:52,4,13.19,0.00,10.99,0.00,0.00,3.30,0.00,0.00,0.00,72.53
11:28:52,5,15.79,0.00,14.74,0.00,0.00,4.21,0.00,0.00,0.00,65.26
11:28:52,6,13.98,0.00,10.75,0.00,0.00,5.38,0.00,0.00,0.00,69.89
11:28:52,7,13.68,0.00,10.53,0.00,0.00,4.21,0.00,0.00,0.00,71.58
11:28:52,12,13.98,0.00,12.90,0.00,0.00,5.38,0.00,0.00,0.00,67.74
11:28:52,13,13.98,0.00,11.83,0.00,0.00,4.30,0.00,0.00,0.00,69.89
11:28:52,14,14.13,0.00,13.04,0.00,0.00,4.35,0.00,0.00,0.00,68.48
11:28:52,15,13.98,0.00,8.60,0.00,0.00,4.30,0.00,0.00,0.00,73.12
11:28:53,4,14.74,0.00,12.63,0.00,0.00,5.26,0.00,0.00,0.00,67.37
11:28:53,5,13.98,0.00,13.98,0.00,0.00,4.30,0.00,0.00,0.00,67.74
11:28:53,6,15.22,0.00,11.96,0.00,0.00,4.35,0.00,0.00,0.00,68.48
11:28:53,7,12.09,0.00,12.09,0.00,0.00,3.30,0.00,0.00,0.00,72.53
11:28:53,12,14.58,0.00,12.50,0.00,0.00,5.21,0.00,0.00,0.00,67.71
11:28:53,13,15.73,0.00,12.36,0.00,0.00,3.37,0.00,0.00,0.00,68.54
11:28:53,14,15.05,0.00,12.90,0.00,0.00,4.30,0.00,0.00,0.00,67.74
11:28:53,15,10.64,0.00,13.83,0.00,0.00,5.32,0.00,0.00,0.00,70.21
11:28:54,4,15.22,0.00,13.04,0.00,0.00,4.35,0.00,0.00,0.00,67.39
11:28:54,5,14.89,0.00,13.83,0.00,0.00,7.45,0.00,0.00,0.00,63.83
11:28:54,6,13.68,0.00,14.74,0.00,0.00,5.26,0.00,0.00,0.00,66.32
11:28:54,7,12.09,0.00,9.89,0.00,0.00,4.40,0.00,0.00,0.00,73.63
11:28:54,12,15.96,0.00,12.77,0.00,0.00,4.26,0.00,0.00,0.00,67.02
11:28:54,13,15.79,0.00,12.63,0.00,0.00,5.26,0.00,0.00,0.00,66.32
11:28:54,14,13.33,0.00,12.22,0.00,0.00,3.33,0.00,0.00,0.00,71.11
11:28:54,15,12.63,0.00,11.58,0.00,0.00,4.21,0.00,0.00,0.00,71.58
11:28:55,4,15.22,0.00,10.87,0.00,0.00,5.43,0.00,0.00,0.00,68.48
11:28:55,5,14.89,0.00,13.83,0.00,0.00,4.26,0.00,0.00,0.00,67.02
11:28:55,6,14.58,0.00,12.50,0.00,0.00,5.21,0.00,0.00,0.00,67.71
11:28:55,7,13.54,0.00,9.38,0.00,0.00,5.21,0.00,0.00,0.00,71.88
11:28:55,12,14.29,0.00,13.19,0.00,0.00,4.40,0.00,0.00,0.00,68.13
11:28:55,13,14.89,0.00,11.70,0.00,0.00,4.26,0.00,0.00,0.00,69.15
11:28:55,14,13.04,0.00,14.13,0.00,0.00,4.35,0.00,0.00,0.00,68.48
11:28:55,15,12.63,0.00,11.58,0.00,0.00,4.21,0.00,0.00,0.00,71.58
11:28:56,4,15.22,0.00,11.96,0.00,0.00,5.43,0.00,0.00,0.00,67.39
11:28:56,5,14.77,0.00,12.50,0.00,0.00,3.41,0.00,0.00,0.00,69.32
11:28:56,6,15.38,0.00,13.19,0.00,0.00,4.40,0.00,0.00,0.00,67.03
11:28:56,7,13.04,0.00,13.04,0.00,0.00,3.26,0.00,0.00,0.00,70.65
11:28:56,12,13.83,0.00,13.83,0.00,0.00,4.26,0.00,0.00,0.00,68.09
11:28:56,13,15.38,0.00,9.89,0.00,0.00,5.49,0.00,0.00,0.00,69.23
11:28:56,14,15.79,0.00,12.63,0.00,0.00,6.32,0.00,0.00,0.00,65.26
11:28:56,15,13.33,0.00,10.00,0.00,0.00,5.56,0.00,0.00,0.00,71.11
11:28:57,4,12.90,0.00,15.05,0.00,0.00,4.30,0.00,0.00,0.00,67.74
11:28:57,5,15.96,0.00,13.83,0.00,0.00,5.32,0.00,0.00,0.00,64.89
11:28:57,6,14.13,0.00,10.87,0.00,0.00,4.35,0.00,0.00,0.00,70.65
11:28:57,7,11.70,0.00,13.83,0.00,0.00,3.19,0.00,0.00,0.00,71.28
11:28:57,12,14.13,0.00,9.78,0.00,0.00,4.35,0.00,0.00,0.00,71.74
11:28:57,13,15.96,0.00,12.77,0.00,0.00,4.26,0.00,0.00,0.00,67.02
11:28:57,14,14.29,0.00,10.99,0.00,0.00,5.49,0.00,0.00,0.00,69.23
11:28:57,15,12.63,0.00,11.58,0.00,0.00,4.21,0.00,0.00,0.00,71.58
11:28:58,4,12.22,0.00,11.11,1.11,0.00,4.44,0.00,0.00,0.00,71.11
11:28:58,5,14.58,0.00,13.54,0.00,0.00,4.17,0.00,0.00,0.00,67.71
11:28:58,6,13.04,0.00,10.87,0.00,0.00,5.43,0.00,0.00,0.00,70.65
11:28:58,7,14.74,0.00,10.53,1.05,0.00,6.32,0.00,0.00,0.00,67.37
11:28:58,12,14.89,0.00,11.70,0.00,0.00,4.26,0.00,0.00,0.00,69.15
11:28:58,13,14.13,0.00,10.87,0.00,0.00,5.43,0.00,0.00,0.00,69.57
11:28:58,14,13.98,0.00,11.83,0.00,0.00,4.30,0.00,0.00,0.00,69.89
11:28:58,15,13.83,0.00,11.70,0.00,0.00,4.26,0.00,0.00,0.00,70.21
11:28:59,4,13.68,0.00,12.63,0.00,0.00,4.21,0.00,0.00,0.00,69.47
11:28:59,5,13.19,0.00,12.09,0.00,0.00,4.40,0.00,0.00,0.00,70.33
11:28:59,6,11.96,0.00,11.96,0.00,0.00,5.43,0.00,0.00,0.00,70.65
11:28:59,7,12.77,0.00,12.77,0.00,0.00,3.19,0.00,0.00,0.00,71.28
11:28:59,12,14.44,0.00,12.22,0.00,0.00,4.44,0.00,0.00,0.00,68.89
11:28:59,13,15.05,0.00,10.75,0.00,0.00,4.30,0.00,0.00,0.00,69.89
11:28:59,14,13.04,0.00,13.04,0.00,0.00,4.35,0.00,0.00,0.00,69.57
11:28:59,15,13.19,0.00,12.09,0.00,0.00,4.40,0.00,0.00,0.00,70.33
11:29:00,4,16.13,0.00,12.90,0.00,0.00,3.23,0.00,0.00,0.00,67.74
11:29:00,5,15.22,0.00,10.87,0.00,0.00,4.35,0.00,0.00,0.00,69.57
11:29:00,6,13.83,0.00,12.77,0.00,0.00,5.32,0.00,0.00,0.00,68.09
11:29:00,7,10.75,0.00,12.90,0.00,0.00,5.38,0.00,0.00,0.00,70.97
11:29:00,12,17.20,0.00,10.75,0.00,0.00,4.30,0.00,0.00,0.00,67.74
11:29:00,13,15.05,0.00,10.75,0.00,0.00,4.30,0.00,0.00,0.00,69.89
11:29:00,14,13.68,0.00,14.74,0.00,0.00,4.21,0.00,0.00,0.00,67.37
11:29:00,15,13.19,0.00,12.09,0.00,0.00,3.30,0.00,0.00,0.00,71.43
11:29:01,4,15.96,0.00,14.89,0.00,0.00,5.32,0.00,0.00,0.00,63.83
11:29:01,5,17.20,0.00,11.83,0.00,0.00,4.30,0.00,0.00,0.00,66.67
11:29:01,6,14.89,0.00,11.70,0.00,0.00,5.32,0.00,0.00,0.00,68.09
11:29:01,7,12.90,0.00,10.75,0.00,0.00,4.30,0.00,0.00,0.00,72.04
11:29:01,12,11.83,0.00,11.83,0.00,0.00,5.38,0.00,0.00,0.00,70.97
11:29:01,13,17.20,0.00,12.90,0.00,0.00,5.38,0.00,0.00,0.00,64.52
11:29:01,14,13.04,0.00,11.96,0.00,0.00,5.43,0.00,0.00,0.00,69.57
11:29:01,15,12.50,0.00,12.50,0.00,0.00,5.21,0.00,0.00,0.00,69.79
11:29:02,4,13.83,0.00,11.70,0.00,0.00,5.32,0.00,0.00,0.00,69.15
11:29:02,5,15.62,0.00,13.54,0.00,0.00,5.21,0.00,0.00,0.00,65.62
11:29:02,6,13.19,0.00,10.99,0.00,0.00,5.49,0.00,0.00,0.00,70.33
11:29:02,7,12.22,0.00,11.11,0.00,0.00,4.44,0.00,0.00,0.00,72.22
11:29:02,12,15.62,0.00,12.50,0.00,0.00,4.17,0.00,0.00,0.00,67.71
11:29:02,13,15.05,0.00,10.75,0.00,0.00,4.30,0.00,0.00,0.00,69.89
11:29:02,14,14.74,0.00,12.63,0.00,0.00,5.26,0.00,0.00,0.00,67.37
11:29:02,15,12.63,0.00,12.63,0.00,0.00,5.26,0.00,0.00,0.00,69.47
11:29:03,4,13.83,0.00,13.83,0.00,0.00,4.26,0.00,0.00,0.00,68.09
11:29:03,5,12.50,0.00,10.23,0.00,0.00,4.55,0.00,0.00,0.00,72.73
11:29:03,6,13.19,0.00,12.09,0.00,0.00,3.30,0.00,0.00,0.00,71.43
11:29:03,7,14.58,0.00,12.50,0.00,0.00,4.17,0.00,0.00,0.00,68.75
11:29:03,12,13.04,0.00,16.30,0.00,0.00,5.43,0.00,0.00,0.00,65.22
11:29:03,13,13.98,0.00,11.83,0.00,0.00,5.38,0.00,0.00,0.00,68.82
11:29:03,14,14.89,0.00,11.70,0.00,0.00,4.26,0.00,0.00,0.00,69.15
11:29:03,15,14.13,0.00,10.87,0.00,0.00,4.35,0.00,0.00,0.00,70.65
11:29:04,4,12.36,0.00,14.61,0.00,0.00,3.37,0.00,0.00,0.00,69.66
11:29:04,5,15.96,0.00,10.64,0.00,0.00,5.32,0.00,0.00,0.00,68.09
11:29:04,6,12.22,0.00,12.22,0.00,0.00,3.33,0.00,0.00,0.00,72.22
11:29:04,7,10.75,0.00,11.83,0.00,0.00,5.38,0.00,0.00,0.00,72.04
11:29:04,12,13.98,0.00,11.83,0.00,0.00,4.30,0.00,0.00,0.00,69.89
11:29:04,13,15.73,0.00,10.11,0.00,0.00,4.49,0.00,0.00,0.00,69.66
11:29:04,14,14.74,0.00,11.58,0.00,0.00,6.32,0.00,0.00,0.00,67.37
11:29:04,15,12.90,0.00,11.83,0.00,0.00,3.23,0.00,0.00,0.00,72.04
11:29:05,4,13.04,0.00,13.04,0.00,0.00,4.35,0.00,0.00,0.00,69.57
11:29:05,5,13.83,0.00,11.70,0.00,0.00,4.26,0.00,0.00,0.00,70.21
11:29:05,6,14.58,0.00,11.46,0.00,0.00,6.25,0.00,0.00,0.00,67.71
11:29:05,7,9.68,0.00,13.98,0.00,0.00,5.38,0.00,0.00,0.00,70.97
11:29:05,12,13.83,0.00,11.70,0.00,0.00,5.32,0.00,0.00,0.00,69.15
11:29:05,13,12.77,0.00,12.77,0.00,0.00,5.32,0.00,0.00,0.00,69.15
11:29:05,14,13.98,0.00,11.83,0.00,0.00,4.30,0.00,0.00,0.00,69.89
11:29:05,15,16.84,0.00,10.53,0.00,0.00,4.21,0.00,0.00,0.00,68.42
11:29:06,4,18.09,0.00,17.02,0.00,0.00,4.26,0.00,0.00,0.00,60.64
11:29:06,5,13.48,0.00,11.24,0.00,0.00,4.49,0.00,0.00,0.00,70.79
11:29:06,6,13.19,0.00,15.38,0.00,0.00,4.40,0.00,0.00,0.00,67.03
11:29:06,7,14.58,0.00,12.50,0.00,0.00,4.17,0.00,0.00,0.00,68.75
11:29:06,12,14.89,0.00,13.83,0.00,0.00,4.26,0.00,0.00,0.00,67.02
11:29:06,13,15.73,0.00,11.24,0.00,0.00,3.37,0.00,0.00,0.00,69.66
11:29:06,14,15.79,0.00,11.58,0.00,0.00,5.26,0.00,0.00,0.00,67.37
11:29:06,15,14.29,0.00,9.89,0.00,0.00,3.30,0.00,0.00,0.00,72.53
11:29:07,4,11.96,0.00,11.96,0.00,0.00,4.35,0.00,0.00,0.00,71.74
11:29:07,5,16.67,0.00,14.58,0.00,0.00,6.25,0.00,0.00,0.00,62.50
11:29:07,6,13.98,0.00,12.90,0.00,0.00,4.30,0.00,0.00,0.00,68.82
11:29:07,7,11.96,0.00,11.96,0.00,0.00,4.35,0.00,0.00,0.00,71.74
11:29:07,12,11.70,0.00,12.77,0.00,0.00,6.38,0.00,0.00,0.00,69.15
11:29:07,13,18.09,0.00,10.64,0.00,0.00,5.32,0.00,0.00,0.00,65.96
11:29:07,14,13.98,0.00,12.90,0.00,0.00,4.30,0.00,0.00,0.00,68.82
11:29:07,15,13.40,0.00,12.37,0.00,0.00,6.19,0.00,0.00,0.00,68.04
11:29:08,4,13.19,0.00,14.29,0.00,0.00,5.49,0.00,0.00,0.00,67.03
11:29:08,5,14.13,0.00,13.04,0.00,0.00,3.26,0.00,0.00,0.00,69.57
11:29:08,6,11.24,0.00,11.24,0.00,0.00,6.74,0.00,0.00,0.00,70.79
11:29:08,7,10.64,0.00,10.64,0.00,0.00,4.26,0.00,0.00,0.00,74.47
11:29:08,12,14.44,0.00,12.22,0.00,0.00,5.56,0.00,0.00,0.00,67.78
11:29:08,13,14.13,0.00,17.39,0.00,0.00,4.35,0.00,0.00,0.00,64.13
11:29:08,14,15.22,0.00,11.96,0.00,0.00,5.43,0.00,0.00,0.00,67.39
11:29:08,15,12.09,0.00,9.89,0.00,0.00,3.30,0.00,0.00,0.00,74.73
11:29:09,4,14.13,0.00,10.87,0.00,0.00,4.35,0.00,0.00,0.00,70.65
11:29:09,5,13.98,0.00,16.13,0.00,0.00,5.38,0.00,0.00,0.00,64.52
11:29:09,6,13.83,0.00,13.83,0.00,0.00,4.26,0.00,0.00,0.00,68.09
11:29:09,7,11.70,0.00,11.70,0.00,0.00,4.26,0.00,0.00,0.00,72.34
11:29:09,12,15.22,0.00,11.96,0.00,0.00,4.35,0.00,0.00,0.00,68.48
11:29:09,13,14.89,0.00,12.77,0.00,0.00,6.38,0.00,0.00,0.00,65.96
11:29:09,14,12.90,0.00,13.98,0.00,0.00,4.30,0.00,0.00,0.00,68.82
11:29:09,15,14.89,0.00,9.57,0.00,0.00,4.26,0.00,0.00,0.00,71.28
11:29:10,4,13.04,0.00,13.04,0.00,0.00,4.35,0.00,0.00,0.00,69.57
11:29:10,5,16.13,0.00,10.75,0.00,0.00,4.30,0.00,0.00,0.00,68.82
11:29:10,6,13.83,0.00,11.70,0.00,0.00,5.32,0.00,0.00,0.00,69.15
11:29:10,7,10.99,0.00,10.99,0.00,0.00,5.49,0.00,0.00,0.00,72.53
11:29:10,12,13.19,0.00,12.09,0.00,0.00,4.40,0.00,0.00,0.00,70.33
11:29:10,13,15.05,0.00,13.98,0.00,0.00,4.30,0.00,0.00,0.00,66.67
11:29:10,14,13.98,0.00,13.98,0.00,0.00,3.23,0.00,0.00,0.00,68.82
11:29:10,15,14.89,0.00,12.77,0.00,0.00,3.19,0.00,0.00,0.00,69.15
11:29:11,4,14.89,0.00,13.83,0.00,0.00,4.26,0.00,0.00,0.00,67.02
11:29:11,5,17.20,0.00,10.75,0.00,0.00,4.30,0.00,0.00,0.00,67.74
11:29:11,6,11.83,0.00,12.90,0.00,0.00,5.38,0.00,0.00,0.00,69.89
11:29:11,7,14.13,0.00,9.78,0.00,0.00,4.35,0.00,0.00,0.00,71.74
11:29:11,12,12.77,0.00,11.70,0.00,0.00,5.32,0.00,0.00,0.00,70.21
11:29:11,13,17.58,0.00,13.19,0.00,0.00,4.40,0.00,0.00,0.00,64.84
11:29:11,14,14.74,0.00,13.68,0.00,0.00,5.26,0.00,0.00,0.00,66.32
11:29:11,15,14.89,0.00,11.70,0.00,0.00,5.32,0.00,0.00,0.00,68.09
11:29:12,4,14.74,0.00,13.68,0.00,0.00,4.21,0.00,0.00,0.00,67.37
11:29:12,5,11.70,0.00,12.77,0.00,0.00,6.38,0.00,0.00,0.00,69.15
11:29:12,6,12.90,0.00,10.75,0.00,0.00,5.38,0.00,0.00,0.00,70.97
11:29:12,7,11.96,0.00,10.87,0.00,0.00,3.26,0.00,0.00,0.00,73.91
11:29:12,12,14.89,0.00,12.77,0.00,0.00,6.38,0.00,0.00,0.00,65.96
11:29:12,13,15.22,0.00,10.87,0.00,0.00,5.43,0.00,0.00,0.00,68.48
11:29:12,14,13.98,0.00,10.75,0.00,0.00,4.30,0.00,0.00,0.00,70.97
11:29:12,15,14.74,0.00,11.58,0.00,0.00,4.21,0.00,0.00,0.00,69.47
11:29:13,4,17.20,0.00,11.83,0.00,0.00,4.30,0.00,0.00,0.00,66.67
11:29:13,5,13.98,0.00,12.90,0.00,0.00,5.38,0.00,0.00,0.00,67.74
11:29:13,6,13.19,0.00,12.09,0.00,0.00,4.40,0.00,0.00,0.00,70.33
11:29:13,7,11.70,0.00,10.64,0.00,0.00,6.38,0.00,0.00,0.00,71.28
11:29:13,12,14.89,0.00,10.64,0.00,0.00,5.32,0.00,0.00,0.00,69.15
11:29:13,13,13.98,0.00,11.83,0.00,0.00,5.38,0.00,0.00,0.00,68.82
11:29:13,14,16.13,0.00,10.75,0.00,0.00,5.38,0.00,0.00,0.00,67.74
11:29:13,15,13.98,0.00,9.68,0.00,0.00,4.30,0.00,0.00,0.00,72.04
11:29:14,4,13.98,0.00,11.83,0.00,0.00,4.30,0.00,0.00,0.00,69.89
11:29:14,5,13.98,0.00,12.90,0.00,0.00,3.23,0.00,0.00,0.00,69.89
11:29:14,6,13.83,0.00,11.70,0.00,0.00,5.32,0.00,0.00,0.00,69.15
11:29:14,7,13.04,0.00,10.87,0.00,0.00,5.43,0.00,0.00,0.00,70.65
11:29:14,12,14.13,0.00,10.87,0.00,0.00,5.43,0.00,0.00,0.00,69.57
11:29:14,13,15.05,0.00,10.75,0.00,0.00,4.30,0.00,0.00,0.00,69.89
11:29:14,14,11.70,0.00,12.77,0.00,0.00,5.32,0.00,0.00,0.00,70.21
11:29:14,15,13.83,0.00,12.77,0.00,0.00,3.19,0.00,0.00,0.00,70.21
11:29:15,4,16.13,0.00,10.75,0.00,0.00,5.38,0.00,0.00,0.00,67.74
11:29:15,5,13.83,0.00,15.96,0.00,0.00,4.26,0.00,0.00,0.00,65.96
11:29:15,6,12.22,0.00,12.22,0.00,0.00,4.44,0.00,0.00,0.00,71.11
11:29:15,7,13.83,0.00,10.64,0.00,0.00,5.32,0.00,0.00,0.00,70.21
11:29:15,12,13.04,0.00,13.04,0.00,0.00,3.26,0.00,0.00,0.00,70.65
11:29:15,13,13.98,0.00,13.98,0.00,0.00,5.38,0.00,0.00,0.00,66.67
11:29:15,14,15.62,0.00,12.50,0.00,0.00,6.25,0.00,0.00,0.00,65.62
11:29:15,15,13.19,0.00,10.99,0.00,0.00,4.40,0.00,0.00,0.00,71.43
11:29:16,4,17.89,0.00,11.58,0.00,0.00,7.37,0.00,0.00,0.00,63.16
11:29:16,5,14.89,0.00,12.77,0.00,0.00,5.32,0.00,0.00,0.00,67.02
11:29:16,6,14.13,0.00,11.96,0.00,0.00,5.43,0.00,0.00,0.00,68.48
11:29:16,7,11.96,0.00,11.96,0.00,0.00,4.35,0.00,0.00,0.00,71.74
11:29:16,12,17.39,0.00,14.13,0.00,0.00,5.43,0.00,0.00,0.00,63.04
11:29:16,13,14.29,0.00,13.19,0.00,0.00,4.40,0.00,0.00,0.00,68.13
11:29:16,14,15.96,0.00,12.77,0.00,0.00,4.26,0.00,0.00,0.00,67.02
11:29:16,15,14.13,0.00,10.87,0.00,0.00,3.26,0.00,0.00,0.00,71.74
11:29:17,4,13.68,0.00,14.74,0.00,0.00,4.21,0.00,0.00,0.00,67.37
11:29:17,5,13.98,0.00,12.90,0.00,0.00,4.30,0.00,0.00,0.00,68.82
11:29:17,6,14.89,0.00,11.70,0.00,0.00,4.26,0.00,0.00,0.00,69.15
11:29:17,7,14.13,0.00,10.87,0.00,0.00,4.35,0.00,0.00,0.00,70.65
11:29:17,12,13.83,0.00,11.70,0.00,0.00,5.32,0.00,0.00,0.00,69.15
11:29:17,13,13.83,0.00,12.77,0.00,0.00,5.32,0.00,0.00,0.00,68.09
11:29:17,14,13.98,0.00,11.83,0.00,0.00,4.30,0.00,0.00,0.00,69.89
11:29:17,15,13.98,0.00,10.75,0.00,0.00,5.38,0.00,0.00,0.00,69.89
11:29:18,4,16.33,0.00,14.29,0.00,0.00,6.12,0.00,0.00,0.00,63.27
11:29:18,5,15.38,0.00,9.89,0.00,0.00,5.49,0.00,0.00,0.00,69.23
11:29:18,6,12.90,0.00,13.98,0.00,0.00,5.38,0.00,0.00,0.00,67.74
11:29:18,7,12.50,0.00,10.42,0.00,0.00,5.21,0.00,0.00,0.00,71.88
11:29:18,12,17.71,0.00,12.50,0.00,0.00,6.25,0.00,0.00,0.00,63.54
11:29:18,13,16.13,0.00,15.05,0.00,0.00,5.38,0.00,0.00,0.00,63.44
11:29:18,14,14.13,0.00,14.13,0.00,0.00,5.43,0.00,0.00,0.00,66.30
11:29:18,15,11.83,0.00,11.83,0.00,0.00,4.30,0.00,0.00,0.00,72.04
11:29:19,4,17.02,0.00,13.83,0.00,0.00,4.26,0.00,0.00,0.00,64.89
11:29:19,5,13.68,0.00,15.79,0.00,0.00,5.26,0.00,0.00,0.00,65.26
11:29:19,6,11.96,0.00,13.04,0.00,0.00,4.35,0.00,0.00,0.00,70.65
11:29:19,7,11.70,0.00,10.64,0.00,0.00,4.26,0.00,0.00,0.00,73.40
11:29:19,12,14.61,0.00,11.24,0.00,0.00,3.37,0.00,0.00,0.00,70.79
11:29:19,13,13.33,0.00,12.22,0.00,0.00,5.56,0.00,0.00,0.00,68.89
11:29:19,14,13.19,0.00,10.99,0.00,0.00,5.49,0.00,0.00,0.00,70.33
11:29:19,15,12.90,0.00,11.83,0.00,0.00,4.30,0.00,0.00,0.00,70.97
11:29:20,4,15.22,0.00,10.87,0.00,0.00,4.35,0.00,0.00,0.00,69.57
11:29:20,5,15.05,0.00,11.83,0.00,0.00,4.30,0.00,0.00,0.00,68.82
11:29:20,6,14.89,0.00,11.70,0.00,0.00,5.32,0.00,0.00,0.00,68.09
11:29:20,7,11.96,0.00,10.87,0.00,0.00,5.43,0.00,0.00,0.00,71.74
11:29:20,12,12.77,0.00,14.89,0.00,0.00,5.32,0.00,0.00,0.00,67.02
11:29:20,13,15.96,0.00,10.64,0.00,0.00,5.32,0.00,0.00,0.00,68.09
11:29:20,14,14.89,0.00,11.70,0.00,0.00,5.32,0.00,0.00,0.00,68.09
11:29:20,15,13.98,0.00,10.75,0.00,0.00,4.30,0.00,0.00,0.00,70.97
11:29:21,4,15.05,0.00,11.83,0.00,0.00,4.30,0.00,0.00,0.00,68.82
11:29:21,5,16.13,0.00,15.05,0.00,0.00,4.30,0.00,0.00,0.00,64.52
11:29:21,6,15.38,0.00,10.99,0.00,0.00,4.40,0.00,0.00,0.00,69.23
11:29:21,7,15.96,0.00,12.77,0.00,0.00,3.19,0.00,0.00,0.00,68.09
11:29:21,12,14.29,0.00,13.19,0.00,0.00,4.40,0.00,0.00,0.00,68.13
11:29:21,13,16.84,0.00,11.58,0.00,0.00,4.21,0.00,0.00,0.00,67.37
11:29:21,14,16.13,0.00,9.68,0.00,0.00,5.38,0.00,0.00,0.00,68.82
11:29:21,15,13.19,0.00,12.09,0.00,0.00,4.40,0.00,0.00,0.00,70.33
11:29:22,4,13.54,0.00,12.50,0.00,0.00,5.21,0.00,0.00,0.00,68.75
11:29:22,5,15.05,0.00,13.98,0.00,0.00,6.45,0.00,0.00,0.00,64.52
11:29:22,6,15.05,0.00,12.90,0.00,0.00,6.45,0.00,0.00,0.00,65.59
11:29:22,7,11.96,0.00,11.96,0.00,0.00,4.35,0.00,0.00,0.00,71.74
11:29:22,12,13.98,0.00,11.83,0.00,0.00,5.38,0.00,0.00,0.00,68.82
11:29:22,13,15.79,0.00,13.68,0.00,0.00,4.21,0.00,0.00,0.00,66.32
11:29:22,14,15.79,0.00,11.58,0.00,0.00,4.21,0.00,0.00,0.00,68.42
11:29:22,15,12.77,0.00,10.64,0.00,0.00,4.26,0.00,0.00,0.00,72.34
11:29:23,4,13.04,0.00,13.04,1.09,0.00,4.35,0.00,0.00,0.00,68.48
11:29:23,5,11.24,0.00,12.36,0.00,0.00,4.49,0.00,0.00,0.00,71.91
11:29:23,6,12.90,0.00,13.98,0.00,0.00,4.30,0.00,0.00,0.00,68.82
11:29:23,7,12.90,0.00,11.83,0.00,0.00,4.30,0.00,0.00,0.00,70.97
11:29:23,12,13.83,0.00,12.77,0.00,0.00,4.26,0.00,0.00,0.00,69.15
11:29:23,13,13.04,0.00,13.04,1.09,0.00,5.43,0.00,0.00,0.00,67.39
11:29:23,14,13.19,0.00,12.09,0.00,0.00,5.49,0.00,0.00,0.00,69.23
11:29:23,15,11.96,0.00,13.04,0.00,0.00,3.26,0.00,0.00,0.00,71.74
11:29:24,4,11.96,0.00,13.04,0.00,0.00,4.35,0.00,0.00,0.00,70.65
11:29:24,5,14.29,0.00,14.29,0.00,0.00,3.30,0.00,0.00,0.00,68.13
11:29:24,6,12.90,0.00,13.98,0.00,0.00,5.38,0.00,0.00,0.00,67.74
11:29:24,7,12.90,0.00,10.75,0.00,0.00,4.30,0.00,0.00,0.00,72.04
11:29:24,12,14.29,0.00,10.99,0.00,0.00,4.40,0.00,0.00,0.00,70.33
11:29:24,13,16.48,0.00,12.09,0.00,0.00,3.30,0.00,0.00,0.00,68.13
11:29:24,14,12.90,0.00,15.05,0.00,0.00,5.38,0.00,0.00,0.00,66.67
11:29:24,15,12.90,0.00,11.83,0.00,0.00,4.30,0.00,0.00,0.00,70.97
11:29:25,4,12.90,0.00,13.98,0.00,0.00,3.23,0.00,0.00,0.00,69.89
11:29:25,5,13.98,0.00,12.90,0.00,0.00,7.53,0.00,0.00,0.00,65.59
11:29:25,6,13.98,0.00,13.98,0.00,0.00,5.38,0.00,0.00,0.00,66.67
11:29:25,7,14.58,0.00,12.50,0.00,0.00,5.21,0.00,0.00,0.00,67.71
11:29:25,12,14.74,0.00,12.63,0.00,0.00,5.26,0.00,0.00,0.00,67.37
11:29:25,13,14.89,0.00,11.70,0.00,0.00,5.32,0.00,0.00,0.00,68.09
11:29:25,14,14.29,0.00,10.99,0.00,0.00,4.40,0.00,0.00,0.00,70.33
11:29:25,15,13.98,0.00,10.75,0.00,0.00,4.30,0.00,0.00,0.00,70.97
11:29:26,4,14.74,0.00,12.63,0.00,0.00,4.21,0.00,0.00,0.00,68.42
11:29:26,5,16.30,0.00,11.96,0.00,0.00,3.26,0.00,0.00,0.00,68.48
11:29:26,6,13.98,0.00,12.90,0.00,0.00,4.30,0.00,0.00,0.00,68.82
11:29:26,7,14.89,0.00,11.70,0.00,0.00,4.26,0.00,0.00,0.00,69.15
11:29:26,12,13.04,0.00,13.04,0.00,0.00,4.35,0.00,0.00,0.00,69.57
11:29:26,13,14.89,0.00,12.77,0.00,0.00,4.26,0.00,0.00,0.00,68.09
11:29:26,14,13.19,0.00,12.09,0.00,0.00,4.40,0.00,0.00,0.00,70.33
11:29:26,15,14.89,0.00,12.77,0.00,0.00,4.26,0.00,0.00,0.00,68.09
11:29:27,4,17.58,0.00,13.19,0.00,0.00,5.49,0.00,0.00,0.00,63.74
11:29:27,5,15.05,0.00,15.05,0.00,0.00,5.38,0.00,0.00,0.00,64.52
11:29:27,6,14.89,0.00,13.83,0.00,0.00,5.32,0.00,0.00,0.00,65.96
11:29:27,7,11.83,0.00,11.83,0.00,0.00,4.30,0.00,0.00,0.00,72.04
11:29:27,12,16.67,0.00,11.46,0.00,0.00,5.21,0.00,0.00,0.00,66.67
11:29:27,13,15.38,0.00,13.19,0.00,0.00,5.49,0.00,0.00,0.00,65.93
11:29:27,14,15.62,0.00,13.54,0.00,0.00,5.21,0.00,0.00,0.00,65.62
11:29:27,15,12.90,0.00,12.90,0.00,0.00,2.15,0.00,0.00,0.00,72.04
11:29:28,4,14.74,0.00,16.84,0.00,0.00,4.21,0.00,0.00,0.00,64.21
11:29:28,5,14.29,0.00,13.19,0.00,0.00,4.40,0.00,0.00,0.00,68.13
11:29:28,6,13.83,0.00,11.70,0.00,0.00,5.32,0.00,0.00,0.00,69.15
11:29:28,7,9.78,0.00,10.87,0.00,0.00,3.26,0.00,0.00,0.00,76.09
11:29:28,12,15.96,0.00,13.83,0.00,0.00,5.32,0.00,0.00,0.00,64.89
11:29:28,13,14.29,0.00,14.29,0.00,0.00,5.49,0.00,0.00,0.00,65.93
11:29:28,14,12.22,0.00,14.44,0.00,0.00,4.44,0.00,0.00,0.00,68.89
11:29:28,15,12.77,0.00,10.64,0.00,0.00,5.32,0.00,0.00,0.00,71.28
11:29:29,4,11.24,0.00,12.36,0.00,0.00,5.62,0.00,0.00,0.00,70.79
11:29:29,5,15.22,0.00,15.22,0.00,0.00,4.35,0.00,0.00,0.00,65.22
11:29:29,6,13.33,0.00,12.22,0.00,0.00,4.44,0.00,0.00,0.00,70.00
11:29:29,7,11.96,0.00,11.96,0.00,0.00,4.35,0.00,0.00,0.00,71.74
11:29:29,12,14.89,0.00,11.70,0.00,0.00,5.32,0.00,0.00,0.00,68.09
11:29:29,13,12.63,0.00,13.68,0.00,0.00,5.26,0.00,0.00,0.00,68.42
11:29:29,14,12.09,0.00,12.09,0.00,0.00,5.49,0.00,0.00,0.00,70.33
11:29:29,15,11.70,0.00,11.70,0.00,0.00,4.26,0.00,0.00,0.00,72.34
11:29:30,4,15.79,0.00,12.63,0.00,0.00,5.26,0.00,0.00,0.00,66.32
11:29:30,5,14.58,0.00,13.54,0.00,0.00,5.21,0.00,0.00,0.00,66.67
11:29:30,6,13.83,0.00,12.77,0.00,0.00,4.26,0.00,0.00,0.00,69.15
11:29:30,7,13.04,0.00,11.96,0.00,0.00,3.26,0.00,0.00,0.00,71.74
11:29:30,12,15.56,0.00,10.00,0.00,0.00,3.33,0.00,0.00,0.00,71.11
11:29:30,13,13.48,0.00,11.24,0.00,0.00,4.49,0.00,0.00,0.00,70.79
11:29:30,14,12.63,0.00,12.63,0.00,0.00,5.26,0.00,0.00,0.00,69.47
11:29:30,15,14.74,0.00,11.58,0.00,0.00,5.26,0.00,0.00,0.00,68.42
11:29:31,4,14.89,0.00,12.77,0.00,0.00,4.26,0.00,0.00,0.00,68.09
11:29:31,5,13.33,0.00,11.11,0.00,0.00,4.44,0.00,0.00,0.00,71.11
11:29:31,6,15.22,0.00,10.87,0.00,0.00,4.35,0.00,0.00,0.00,69.57
11:29:31,7,12.90,0.00,10.75,0.00,0.00,5.38,0.00,0.00,0.00,70.97
11:29:31,12,16.84,0.00,11.58,0.00,0.00,5.26,0.00,0.00,0.00,66.32
11:29:31,13,15.96,0.00,11.70,0.00,0.00,4.26,0.00,0.00,0.00,68.09
11:29:31,14,14.61,0.00,11.24,0.00,0.00,2.25,0.00,0.00,0.00,71.91
11:29:31,15,13.83,0.00,10.64,0.00,0.00,5.32,0.00,0.00,0.00,70.21
11:29:32,4,14.44,0.00,11.11,0.00,0.00,4.44,0.00,0.00,0.00,70.00
11:29:32,5,15.62,0.00,14.58,0.00,0.00,4.17,0.00,0.00,0.00,65.62
11:29:32,6,13.19,0.00,10.99,0.00,0.00,5.49,0.00,0.00,0.00,70.33
11:29:32,7,13.04,0.00,11.96,0.00,0.00,3.26,0.00,0.00,0.00,71.74
11:29:32,12,17.89,0.00,12.63,0.00,0.00,6.32,0.00,0.00,0.00,63.16
11:29:32,13,15.79,0.00,13.68,0.00,0.00,3.16,0.00,0.00,0.00,67.37
11:29:32,14,14.74,0.00,14.74,0.00,0.00,5.26,0.00,0.00,0.00,65.26
11:29:32,15,13.04,0.00,13.04,0.00,0.00,4.35,0.00,0.00,0.00,69.57
11:29:33,4,14.74,0.00,12.63,0.00,0.00,4.21,0.00,0.00,0.00,68.42
11:29:33,5,13.83,0.00,12.77,0.00,0.00,4.26,0.00,0.00,0.00,69.15
11:29:33,6,12.77,0.00,13.83,0.00,0.00,4.26,0.00,0.00,0.00,69.15
11:29:33,7,13.68,0.00,12.63,0.00,0.00,4.21,0.00,0.00,0.00,69.47
11:29:33,12,14.13,0.00,10.87,0.00,0.00,4.35,0.00,0.00,0.00,70.65
11:29:33,13,14.89,0.00,13.83,1.06,0.00,5.32,0.00,0.00,0.00,64.89
11:29:33,14,13.83,0.00,13.83,0.00,0.00,5.32,0.00,0.00,0.00,67.02
11:29:33,15,13.68,0.00,11.58,0.00,0.00,4.21,0.00,0.00,0.00,70.53
11:29:34,4,14.89,0.00,13.83,0.00,0.00,4.26,0.00,0.00,0.00,67.02
11:29:34,5,15.22,0.00,13.04,0.00,0.00,3.26,0.00,0.00,0.00,68.48
11:29:34,6,13.98,0.00,10.75,0.00,0.00,4.30,0.00,0.00,0.00,70.97
11:29:34,7,11.96,0.00,10.87,0.00,0.00,4.35,0.00,0.00,0.00,72.83
11:29:34,12,14.29,0.00,13.19,0.00,0.00,5.49,0.00,0.00,0.00,67.03
11:29:34,13,13.04,0.00,14.13,0.00,0.00,4.35,0.00,0.00,0.00,68.48
11:29:34,14,15.38,0.00,10.99,0.00,0.00,4.40,0.00,0.00,0.00,69.23
11:29:34,15,12.22,0.00,11.11,0.00,0.00,4.44,0.00,0.00,0.00,72.22
11:29:35,4,13.83,0.00,11.70,0.00,0.00,4.26,0.00,0.00,0.00,70.21
11:29:35,5,16.13,0.00,12.90,0.00,0.00,4.30,0.00,0.00,0.00,66.67
11:29:35,6,15.38,0.00,12.09,0.00,0.00,4.40,0.00,0.00,0.00,68.13
11:29:35,7,13.83,0.00,11.70,0.00,0.00,3.19,0.00,0.00,0.00,71.28
11:29:35,12,15.96,0.00,14.89,0.00,0.00,4.26,0.00,0.00,0.00,64.89
11:29:35,13,14.29,0.00,12.09,0.00,0.00,4.40,0.00,0.00,0.00,69.23
11:29:35,14,13.33,0.00,11.11,0.00,0.00,4.44,0.00,0.00,0.00,71.11
11:29:35,15,10.64,0.00,12.77,0.00,0.00,4.26,0.00,0.00,0.00,72.34
11:29:36,4,13.19,0.00,10.99,0.00,0.00,4.40,0.00,0.00,0.00,71.43
11:29:36,5,14.13,0.00,11.96,0.00,0.00,5.43,0.00,0.00,0.00,68.48
11:29:36,6,13.19,0.00,12.09,0.00,0.00,4.40,0.00,0.00,0.00,70.33
11:29:36,7,14.89,0.00,10.64,0.00,0.00,5.32,0.00,0.00,0.00,69.15
11:29:36,12,13.98,0.00,10.75,0.00,0.00,4.30,0.00,0.00,0.00,70.97
11:29:36,13,13.98,0.00,11.83,0.00,0.00,4.30,0.00,0.00,0.00,69.89
11:29:36,14,15.22,0.00,9.78,0.00,0.00,3.26,0.00,0.00,0.00,71.74
11:29:36,15,15.96,0.00,10.64,0.00,0.00,4.26,0.00,0.00,0.00,69.15
11:29:37,4,15.22,0.00,11.96,0.00,0.00,4.35,0.00,0.00,0.00,68.48
11:29:37,5,13.33,0.00,13.33,0.00,0.00,4.44,0.00,0.00,0.00,68.89
11:29:37,6,13.04,0.00,13.04,0.00,0.00,4.35,0.00,0.00,0.00,69.57
11:29:37,7,11.96,0.00,14.13,0.00,0.00,4.35,0.00,0.00,0.00,69.57
11:29:37,12,14.13,0.00,14.13,0.00,0.00,4.35,0.00,0.00,0.00,67.39
11:29:37,13,16.13,0.00,12.90,0.00,0.00,4.30,0.00,0.00,0.00,66.67
11:29:37,14,13.98,0.00,13.98,0.00,0.00,5.38,0.00,0.00,0.00,66.67
11:29:37,15,12.90,0.00,13.98,0.00,0.00,5.38,0.00,0.00,0.00,67.74
11:29:38,4,14.29,0.00,14.29,0.00,0.00,4.40,0.00,0.00,0.00,67.03
11:29:38,5,15.05,0.00,13.98,0.00,0.00,3.23,0.00,0.00,0.00,67.74
11:29:38,6,12.22,0.00,10.00,0.00,0.00,4.44,0.00,0.00,0.00,73.33
11:29:38,7,11.70,0.00,11.70,0.00,0.00,4.26,0.00,0.00,0.00,72.34
11:29:38,12,15.38,0.00,12.09,0.00,0.00,4.40,0.00,0.00,0.00,68.13
11:29:38,13,14.29,0.00,10.99,0.00,0.00,7.69,0.00,0.00,0.00,67.03
11:29:38,14,15.96,0.00,11.70,0.00,0.00,3.19,0.00,0.00,0.00,69.15
11:29:38,15,12.77,0.00,11.70,0.00,0.00,4.26,0.00,0.00,0.00,71.28
11:29:39,4,14.13,0.00,9.78,0.00,0.00,4.35,0.00,0.00,0.00,71.74
11:29:39,5,15.96,0.00,12.77,0.00,0.00,4.26,0.00,0.00,0.00,67.02
11:29:39,6,13.04,0.00,11.96,0.00,0.00,5.43,0.00,0.00,0.00,69.57
11:29:39,7,12.90,0.00,10.75,0.00,0.00,4.30,0.00,0.00,0.00,72.04
11:29:39,12,14.29,0.00,9.89,0.00,0.00,4.40,0.00,0.00,0.00,71.43
11:29:39,13,13.83,0.00,12.77,0.00,0.00,4.26,0.00,0.00,0.00,69.15
11:29:39,14,12.90,0.00,12.90,0.00,0.00,4.30,0.00,0.00,0.00,69.89
11:29:39,15,12.09,0.00,10.99,0.00,0.00,3.30,0.00,0.00,0.00,73.63
11:29:40,4,11.83,0.00,12.90,0.00,0.00,6.45,0.00,0.00,0.00,68.82
11:29:40,5,14.29,0.00,13.19,0.00,0.00,4.40,0.00,0.00,0.00,68.13
11:29:40,6,14.13,0.00,10.87,0.00,0.00,4.35,0.00,0.00,0.00,70.65
11:29:40,7,11.70,0.00,12.77,0.00,0.00,4.26,0.00,0.00,0.00,71.28
11:29:40,12,14.74,0.00,14.74,0.00,0.00,5.26,0.00,0.00,0.00,65.26
11:29:40,13,16.13,0.00,11.83,0.00,0.00,4.30,0.00,0.00,0.00,67.74
11:29:40,14,13.33,0.00,12.22,0.00,0.00,3.33,0.00,0.00,0.00,71.11
11:29:40,15,12.90,0.00,10.75,0.00,0.00,5.38,0.00,0.00,0.00,70.97
11:29:41,4,17.02,0.00,12.77,0.00,0.00,3.19,0.00,0.00,0.00,67.02
11:29:41,5,15.38,0.00,13.19,0.00,0.00,5.49,0.00,0.00,0.00,65.93
11:29:41,6,13.04,0.00,13.04,0.00,0.00,4.35,0.00,0.00,0.00,69.57
11:29:41,7,12.63,0.00,12.63,0.00,0.00,4.21,0.00,0.00,0.00,70.53
11:29:41,12,15.22,0.00,10.87,0.00,0.00,4.35,0.00,0.00,0.00,69.57
11:29:41,13,11.11,0.00,13.33,0.00,0.00,4.44,0.00,0.00,0.00,71.11
11:29:41,14,12.90,0.00,15.05,0.00,0.00,5.38,0.00,0.00,0.00,66.67
11:29:41,15,13.04,0.00,11.96,0.00,0.00,2.17,0.00,0.00,0.00,72.83
11:29:42,4,15.05,0.00,11.83,0.00,0.00,4.30,0.00,0.00,0.00,68.82
11:29:42,5,14.29,0.00,15.38,0.00,0.00,4.40,0.00,0.00,0.00,65.93
11:29:42,6,15.38,0.00,12.09,0.00,0.00,4.40,0.00,0.00,0.00,68.13
11:29:42,7,13.04,0.00,13.04,0.00,0.00,4.35,0.00,0.00,0.00,69.57
11:29:42,12,14.13,0.00,13.04,0.00,0.00,4.35,0.00,0.00,0.00,68.48
11:29:42,13,18.48,0.00,10.87,0.00,0.00,4.35,0.00,0.00,0.00,66.30
11:29:42,14,13.19,0.00,13.19,0.00,0.00,4.40,0.00,0.00,0.00,69.23
11:29:42,15,13.83,0.00,12.77,0.00,0.00,4.26,0.00,0.00,0.00,69.15
11:29:43,4,15.05,0.00,11.83,0.00,0.00,4.30,0.00,0.00,0.00,68.82
11:29:43,5,14.74,0.00,15.79,0.00,0.00,4.21,0.00,0.00,0.00,65.26
11:29:43,6,13.98,0.00,10.75,0.00,0.00,4.30,0.00,0.00,0.00,70.97
11:29:43,7,12.63,0.00,11.58,0.00,0.00,4.21,0.00,0.00,0.00,71.58
11:29:43,12,13.83,0.00,10.64,0.00,0.00,4.26,0.00,0.00,0.00,71.28
11:29:43,13,14.13,0.00,11.96,1.09,0.00,5.43,0.00,0.00,0.00,67.39
11:29:43,14,14.29,0.00,10.99,0.00,0.00,4.40,0.00,0.00,0.00,70.33
11:29:43,15,13.68,0.00,11.58,0.00,0.00,5.26,0.00,0.00,0.00,69.47
11:29:44,4,14.74,0.00,14.74,0.00,0.00,5.26,0.00,0.00,0.00,65.26
11:29:44,5,15.05,0.00,13.98,0.00,0.00,4.30,0.00,0.00,0.00,66.67
11:29:44,6,14.29,0.00,13.19,0.00,0.00,3.30,0.00,0.00,0.00,69.23
11:29:44,7,10.75,0.00,10.75,0.00,0.00,4.30,0.00,0.00,0.00,74.19
11:29:44,12,15.05,0.00,11.83,0.00,0.00,6.45,0.00,0.00,0.00,66.67
11:29:44,13,16.13,0.00,15.05,0.00,0.00,4.30,0.00,0.00,0.00,64.52
11:29:44,14,13.33,0.00,12.22,0.00,0.00,4.44,0.00,0.00,0.00,70.00
11:29:44,15,10.99,0.00,10.99,0.00,0.00,3.30,0.00,0.00,0.00,74.73
11:29:45,4,15.38,0.00,12.09,0.00,0.00,5.49,0.00,0.00,0.00,67.03
11:29:45,5,14.89,0.00,13.83,0.00,0.00,5.32,0.00,0.00,0.00,65.96
11:29:45,6,11.83,0.00,11.83,0.00,0.00,5.38,0.00,0.00,0.00,70.97
11:29:45,7,12.63,0.00,10.53,0.00,0.00,4.21,0.00,0.00,0.00,72.63
11:29:45,12,14.13,0.00,13.04,0.00,0.00,3.26,0.00,0.00,0.00,69.57
11:29:45,13,15.96,0.00,12.77,0.00,0.00,5.32,0.00,0.00,0.00,65.96
11:29:45,14,14.89,0.00,12.77,0.00,0.00,5.32,0.00,0.00,0.00,67.02
11:29:45,15,12.50,0.00,12.50,0.00,0.00,5.21,0.00,0.00,0.00,69.79
11:29:46,4,13.04,0.00,13.04,0.00,0.00,4.35,0.00,0.00,0.00,69.57
11:29:46,5,13.98,0.00,13.98,0.00,0.00,3.23,0.00,0.00,0.00,68.82
11:29:46,6,12.90,0.00,12.90,0.00,0.00,4.30,0.00,0.00,0.00,69.89
11:29:46,7,14.74,0.00,12.63,0.00,0.00,4.21,0.00,0.00,0.00,68.42
11:29:46,12,15.05,0.00,10.75,0.00,0.00,4.30,0.00,0.00,0.00,69.89
11:29:46,13,14.13,0.00,10.87,0.00,0.00,6.52,0.00,0.00,0.00,68.48
11:29:46,14,13.98,0.00,12.90,0.00,0.00,4.30,0.00,0.00,0.00,68.82
11:29:46,15,13.83,0.00,12.77,0.00,0.00,4.26,0.00,0.00,0.00,69.15
11:29:47,4,13.98,0.00,13.98,0.00,0.00,3.23,0.00,0.00,0.00,68.82
11:29:47,5,16.13,0.00,11.83,0.00,0.00,4.30,0.00,0.00,0.00,67.74
11:29:47,6,13.33,0.00,11.11,0.00,0.00,5.56,0.00,0.00,0.00,70.00
11:29:47,7,11.83,0.00,11.83,0.00,0.00,4.30,0.00,0.00,0.00,72.04
11:29:47,12,15.96,0.00,13.83,0.00,0.00,5.32,0.00,0.00,0.00,64.89
11:29:47,13,19.15,0.00,15.96,0.00,0.00,4.26,0.00,0.00,0.00,60.64
11:29:47,14,13.04,0.00,13.04,0.00,0.00,5.43,0.00,0.00,0.00,68.48
11:29:47,15,15.96,0.00,10.64,0.00,0.00,5.32,0.00,0.00,0.00,68.09
11:29:48,4,13.19,0.00,15.38,0.00,0.00,5.49,0.00,0.00,0.00,65.93
11:29:48,5,14.89,0.00,13.83,0.00,0.00,4.26,0.00,0.00,0.00,67.02
11:29:48,6,13.98,0.00,13.98,0.00,0.00,6.45,0.00,0.00,0.00,65.59
11:29:48,7,13.68,0.00,10.53,1.05,0.00,4.21,0.00,0.00,0.00,70.53
11:29:48,12,14.13,0.00,11.96,0.00,0.00,5.43,0.00,0.00,0.00,68.48
11:29:48,13,12.22,0.00,12.22,0.00,0.00,5.56,0.00,0.00,0.00,70.00
11:29:48,14,14.13,0.00,13.04,0.00,0.00,4.35,0.00,0.00,0.00,68.48
11:29:48,15,12.90,0.00,11.83,0.00,0.00,3.23,0.00,0.00,0.00,72.04
11:29:49,4,11.96,0.00,14.13,0.00,0.00,3.26,0.00,0.00,0.00,70.65
11:29:49,5,15.05,0.00,15.05,0.00,0.00,4.30,0.00,0.00,0.00,65.59
11:29:49,6,13.83,0.00,12.77,0.00,0.00,5.32,0.00,0.00,0.00,68.09
11:29:49,7,10.75,0.00,12.90,0.00,0.00,3.23,0.00,0.00,0.00,73.12
11:29:49,12,14.89,0.00,12.77,0.00,0.00,4.26,0.00,0.00,0.00,68.09
11:29:49,13,16.13,0.00,11.83,0.00,0.00,5.38,0.00,0.00,0.00,66.67
11:29:49,14,16.84,0.00,11.58,0.00,0.00,5.26,0.00,0.00,0.00,66.32
11:29:49,15,13.04,0.00,9.78,0.00,0.00,5.43,0.00,0.00,0.00,71.74
11:29:50,4,14.89,0.00,12.77,0.00,0.00,4.26,0.00,0.00,0.00,68.09
11:29:50,5,14.13,0.00,15.22,0.00,0.00,5.43,0.00,0.00,0.00,65.22
11:29:50,6,12.77,0.00,12.77,0.00,0.00,5.32,0.00,0.00,0.00,69.15
11:29:50,7,14.13,0.00,9.78,0.00,0.00,4.35,0.00,0.00,0.00,71.74
11:29:50,12,12.90,0.00,15.05,0.00,0.00,6.45,0.00,0.00,0.00,65.59
11:29:50,13,15.79,0.00,13.68,0.00,0.00,4.21,0.00,0.00,0.00,66.32
11:29:50,14,15.96,0.00,12.77,0.00,0.00,5.32,0.00,0.00,0.00,65.96
11:29:50,15,14.89,0.00,11.70,0.00,0.00,3.19,0.00,0.00,0.00,70.21
11:29:51,4,14.29,0.00,14.29,0.00,0.00,5.49,0.00,0.00,0.00,65.93
11:29:51,5,14.13,0.00,13.04,0.00,0.00,4.35,0.00,0.00,0.00,68.48
11:29:51,6,14.29,0.00,12.09,0.00,0.00,4.40,0.00,0.00,0.00,69.23
11:29:51,7,12.50,0.00,11.46,0.00,0.00,5.21,0.00,0.00,0.00,70.83
11:29:51,12,13.33,0.00,14.44,0.00,0.00,4.44,0.00,0.00,0.00,67.78
11:29:51,13,15.22,0.00,11.96,0.00,0.00,5.43,0.00,0.00,0.00,67.39
11:29:51,14,12.50,0.00,13.54,0.00,0.00,5.21,0.00,0.00,0.00,68.75
11:29:51,15,12.50,0.00,11.46,0.00,0.00,4.17,0.00,0.00,0.00,71.88
11:29:52,4,15.22,0.00,13.04,0.00,0.00,3.26,0.00,0.00,0.00,68.48
11:29:52,5,18.28,0.00,15.05,0.00,0.00,4.30,0.00,0.00,0.00,62.37
11:29:52,6,15.22,0.00,11.96,0.00,0.00,5.43,0.00,0.00,0.00,67.39
11:29:52,7,14.74,0.00,11.58,0.00,0.00,6.32,0.00,0.00,0.00,67.37
11:29:52,12,14.61,0.00,10.11,0.00,0.00,4.49,0.00,0.00,0.00,70.79
11:29:52,13,15.05,0.00,12.90,0.00,0.00,5.38,0.00,0.00,0.00,66.67
11:29:52,14,15.22,0.00,11.96,0.00,0.00,3.26,0.00,0.00,0.00,69.57
11:29:52,15,14.29,0.00,8.79,0.00,0.00,5.49,0.00,0.00,0.00,71.43
11:29:53,4,15.05,0.00,11.83,0.00,0.00,5.38,0.00,0.00,0.00,67.74
11:29:53,5,14.74,0.00,14.74,0.00,0.00,4.21,0.00,0.00,0.00,66.32
11:29:53,6,15.62,0.00,13.54,2.08,0.00,4.17,0.00,0.00,0.00,64.58
11:29:53,7,12.90,0.00,11.83,0.00,0.00,4.30,0.00,0.00,0.00,70.97
11:29:53,12,16.13,0.00,12.90,1.08,0.00,4.30,0.00,0.00,0.00,65.59
11:29:53,13,15.22,0.00,13.04,0.00,0.00,4.35,0.00,0.00,0.00,67.39
11:29:53,14,14.89,0.00,13.83,0.00,0.00,4.26,0.00,0.00,0.00,67.02
11:29:53,15,14.74,0.00,11.58,0.00,0.00,4.21,0.00,0.00,0.00,69.47
11:29:54,4,16.84,0.00,10.53,0.00,0.00,5.26,0.00,0.00,0.00,67.37
11:29:54,5,13.83,0.00,12.77,0.00,0.00,6.38,0.00,0.00,0.00,67.02
11:29:54,6,13.98,0.00,11.83,0.00,0.00,5.38,0.00,0.00,0.00,68.82
11:29:54,7,9.78,0.00,14.13,0.00,0.00,4.35,0.00,0.00,0.00,71.74
11:29:54,12,14.89,0.00,14.89,0.00,0.00,5.32,0.00,0.00,0.00,64.89
11:29:54,13,12.90,0.00,13.98,0.00,0.00,5.38,0.00,0.00,0.00,67.74
11:29:54,14,14.74,0.00,13.68,0.00,0.00,5.26,0.00,0.00,0.00,66.32
11:29:54,15,14.58,0.00,12.50,0.00,0.00,5.21,0.00,0.00,0.00,67.71
11:29:55,4,13.83,0.00,14.89,0.00,0.00,3.19,0.00,0.00,0.00,68.09
11:29:55,5,13.98,0.00,12.90,0.00,0.00,4.30,0.00,0.00,0.00,68.82
11:29:55,6,13.98,0.00,11.83,0.00,0.00,4.30,0.00,0.00,0.00,69.89
11:29:55,7,12.63,0.00,12.63,0.00,0.00,5.26,0.00,0.00,0.00,69.47
11:29:55,12,13.33,0.00,13.33,0.00,0.00,3.33,0.00,0.00,0.00,70.00
11:29:55,13,14.13,0.00,10.87,0.00,0.00,5.43,0.00,0.00,0.00,69.57
11:29:55,14,11.96,0.00,13.04,0.00,0.00,4.35,0.00,0.00,0.00,70.65
11:29:55,15,12.90,0.00,11.83,0.00,0.00,5.38,0.00,0.00,0.00,69.89
11:29:56,4,14.89,0.00,11.70,0.00,0.00,4.26,0.00,0.00,0.00,69.15
11:29:56,5,17.58,0.00,13.19,0.00,0.00,4.40,0.00,0.00,0.00,64.84
11:29:56,6,13.68,0.00,15.79,0.00,0.00,5.26,0.00,0.00,0.00,65.26
11:29:56,7,13.83,0.00,13.83,0.00,0.00,4.26,0.00,0.00,0.00,68.09
11:29:56,12,15.05,0.00,12.90,0.00,0.00,4.30,0.00,0.00,0.00,67.74
11:29:56,13,15.05,0.00,12.90,0.00,0.00,4.30,0.00,0.00,0.00,67.74
11:29:56,14,13.83,0.00,14.89,0.00,0.00,4.26,0.00,0.00,0.00,67.02
11:29:56,15,12.90,0.00,11.83,0.00,0.00,4.30,0.00,0.00,0.00,70.97
11:29:57,4,15.96,0.00,12.77,0.00,0.00,4.26,0.00,0.00,0.00,67.02
11:29:57,5,15.96,0.00,14.89,0.00,0.00,5.32,0.00,0.00,0.00,63.83
11:29:57,6,14.13,0.00,14.13,0.00,0.00,5.43,0.00,0.00,0.00,66.30
11:29:57,7,11.70,0.00,12.77,0.00,0.00,4.26,0.00,0.00,0.00,71.28
11:29:57,12,17.71,0.00,15.62,0.00,0.00,6.25,0.00,0.00,0.00,60.42
11:29:57,13,17.02,0.00,12.77,0.00,0.00,5.32,0.00,0.00,0.00,64.89
11:29:57,14,15.38,0.00,13.19,0.00,0.00,5.49,0.00,0.00,0.00,65.93
11:29:57,15,15.62,0.00,12.50,0.00,0.00,4.17,0.00,0.00,0.00,67.71
11:29:58,4,14.74,0.00,11.58,0.00,0.00,5.26,0.00,0.00,0.00,68.42
11:29:58,5,16.84,0.00,14.74,0.00,0.00,4.21,0.00,0.00,0.00,64.21
11:29:58,6,13.98,0.00,11.83,0.00,0.00,5.38,0.00,0.00,0.00,68.82
11:29:58,7,12.90,0.00,11.83,1.08,0.00,4.30,0.00,0.00,0.00,69.89
11:29:58,12,13.04,0.00,13.04,0.00,0.00,4.35,0.00,0.00,0.00,69.57
11:29:58,13,15.05,0.00,13.98,0.00,0.00,4.30,0.00,0.00,0.00,66.67
11:29:58,14,14.29,0.00,9.89,0.00,0.00,4.40,0.00,0.00,0.00,71.43
11:29:58,15,14.13,0.00,10.87,0.00,0.00,3.26,0.00,0.00,0.00,71.74
11:29:59,4,15.22,0.00,10.87,0.00,0.00,4.35,0.00,0.00,0.00,69.57
11:29:59,5,12.77,0.00,13.83,0.00,0.00,6.38,0.00,0.00,0.00,67.02
11:29:59,6,12.09,0.00,12.09,0.00,0.00,4.40,0.00,0.00,0.00,71.43
11:29:59,7,12.63,0.00,12.63,0.00,0.00,4.21,0.00,0.00,0.00,70.53
11:29:59,12,14.13,0.00,11.96,0.00,0.00,4.35,0.00,0.00,0.00,69.57
11:29:59,13,16.30,0.00,14.13,0.00,0.00,4.35,0.00,0.00,0.00,65.22
11:29:59,14,14.61,0.00,11.24,0.00,0.00,3.37,0.00,0.00,0.00,70.79
11:29:59,15,15.22,0.00,9.78,0.00,0.00,5.43,0.00,0.00,0.00,69.57
11:30:00,4,15.05,0.00,11.83,0.00,0.00,4.30,0.00,0.00,0.00,68.82
11:30:00,5,15.22,0.00,10.87,0.00,0.00,4.35,0.00,0.00,0.00,69.57
11:30:00,6,13.98,0.00,11.83,0.00,0.00,5.38,0.00,0.00,0.00,68.82
11:30:00,7,14.74,0.00,11.58,0.00,0.00,4.21,0.00,0.00,0.00,69.47
11:30:00,12,14.89,0.00,10.64,0.00,0.00,5.32,0.00,0.00,0.00,69.15
11:30:00,13,15.96,0.00,13.83,0.00,0.00,4.26,0.00,0.00,0.00,65.96
11:30:00,14,12.90,0.00,13.98,0.00,0.00,4.30,0.00,0.00,0.00,68.82
11:30:00,15,13.83,0.00,10.64,0.00,0.00,5.32,0.00,0.00,0.00,70.21
11:30:01,4,13.98,0.00,11.83,0.00,0.00,5.38,0.00,0.00,0.00,68.82
11:30:01,5,15.96,0.00,13.83,0.00,0.00,4.26,0.00,0.00,0.00,65.96
11:30:01,6,14.13,0.00,11.96,0.00,0.00,4.35,0.00,0.00,0.00,69.57
11:30:01,7,13.19,0.00,9.89,0.00,0.00,4.40,0.00,0.00,0.00,72.53
11:30:01,12,14.13,0.00,10.87,0.00,0.00,5.43,0.00,0.00,0.00,69.57
11:30:01,13,16.30,0.00,11.96,0.00,0.00,4.35,0.00,0.00,0.00,67.39
11:30:01,14,13.98,0.00,11.83,0.00,0.00,5.38,0.00,0.00,0.00,68.82
11:30:01,15,16.13,0.00,11.83,0.00,0.00,3.23,0.00,0.00,0.00,68.82
11:30:02,4,15.22,0.00,11.96,0.00,0.00,4.35,0.00,0.00,0.00,68.48
11:30:02,5,15.79,0.00,12.63,0.00,0.00,5.26,0.00,0.00,0.00,66.32
11:30:02,6,17.02,0.00,11.70,0.00,0.00,5.32,0.00,0.00,0.00,65.96
11:30:02,7,13.19,0.00,12.09,0.00,0.00,4.40,0.00,0.00,0.00,70.33
11:30:02,12,15.05,0.00,15.05,0.00,0.00,4.30,0.00,0.00,0.00,65.59
11:30:02,13,16.48,0.00,10.99,0.00,0.00,3.30,0.00,0.00,0.00,69.23
11:30:02,14,15.22,0.00,14.13,0.00,0.00,4.35,0.00,0.00,0.00,66.30
11:30:02,15,13.19,0.00,12.09,0.00,0.00,4.40,0.00,0.00,0.00,70.33
11:30:03,4,14.89,0.00,14.89,0.00,0.00,3.19,0.00,0.00,0.00,67.02
11:30:03,5,13.98,0.00,12.90,0.00,0.00,4.30,0.00,0.00,0.00,68.82
11:30:03,6,13.04,0.00,13.04,0.00,0.00,5.43,0.00,0.00,0.00,68.48
11:30:03,7,12.77,0.00,11.70,0.00,0.00,4.26,0.00,0.00,0.00,71.28
11:30:03,12,15.96,0.00,12.77,0.00,0.00,4.26,0.00,0.00,0.00,67.02
11:30:03,13,12.90,0.00,13.98,0.00,0.00,5.38,0.00,0.00,0.00,67.74
11:30:03,14,15.22,0.00,11.96,0.00,0.00,5.43,0.00,0.00,0.00,67.39
11:30:03,15,12.90,0.00,11.83,0.00,0.00,4.30,0.00,0.00,0.00,70.97
11:30:04,4,18.28,0.00,11.83,0.00,0.00,4.30,0.00,0.00,0.00,65.59
11:30:04,5,12.09,0.00,12.09,0.00,0.00,5.49,0.00,0.00,0.00,70.33
11:30:04,6,12.90,0.00,12.90,0.00,0.00,4.30,0.00,0.00,0.00,69.89
11:30:04,7,10.99,0.00,10.99,0.00,0.00,3.30,0.00,0.00,0.00,74.73
11:30:04,12,14.74,0.00,14.74,0.00,0.00,5.26,0.00,0.00,0.00,65.26
11:30:04,13,17.89,0.00,10.53,0.00,0.00,5.26,0.00,0.00,0.00,66.32
11:30:04,14,14.89,0.00,11.70,0.00,0.00,4.26,0.00,0.00,0.00,69.15
11:30:04,15,11.96,0.00,10.87,0.00,0.00,4.35,0.00,0.00,0.00,72.83
11:30:05,4,13.98,0.00,13.98,0.00,0.00,4.30,0.00,0.00,0.00,67.74
11:30:05,5,14.89,0.00,12.77,0.00,0.00,4.26,0.00,0.00,0.00,68.09
11:30:05,6,12.77,0.00,12.77,0.00,0.00,5.32,0.00,0.00,0.00,69.15
11:30:05,7,13.98,0.00,11.83,0.00,0.00,5.38,0.00,0.00,0.00,68.82
11:30:05,12,13.98,0.00,11.83,0.00,0.00,5.38,0.00,0.00,0.00,68.82
11:30:05,13,15.05,0.00,11.83,0.00,0.00,4.30,0.00,0.00,0.00,68.82
11:30:05,14,14.89,0.00,10.64,0.00,0.00,5.32,0.00,0.00,0.00,69.15
11:30:05,15,15.22,0.00,10.87,0.00,0.00,4.35,0.00,0.00,0.00,69.57
11:30:06,4,13.83,0.00,12.77,0.00,0.00,5.32,0.00,0.00,0.00,68.09
11:30:06,5,16.13,0.00,11.83,0.00,0.00,4.30,0.00,0.00,0.00,67.74
11:30:06,6,14.13,0.00,10.87,0.00,0.00,4.35,0.00,0.00,0.00,70.65
11:30:06,7,13.04,0.00,10.87,0.00,0.00,4.35,0.00,0.00,0.00,71.74
11:30:06,12,12.63,0.00,11.58,0.00,0.00,6.32,0.00,0.00,0.00,69.47
11:30:06,13,13.48,0.00,12.36,0.00,0.00,5.62,0.00,0.00,0.00,68.54
11:30:06,14,15.05,0.00,11.83,0.00,0.00,5.38,0.00,0.00,0.00,67.74
11:30:06,15,13.83,0.00,12.77,0.00,0.00,4.26,0.00,0.00,0.00,69.15
11:30:07,4,15.05,0.00,10.75,0.00,0.00,5.38,0.00,0.00,0.00,68.82
11:30:07,5,18.28,0.00,15.05,0.00,0.00,4.30,0.00,0.00,0.00,62.37
11:30:07,6,15.62,0.00,14.58,0.00,0.00,4.17,0.00,0.00,0.00,65.62
11:30:07,7,12.90,0.00,11.83,0.00,0.00,5.38,0.00,0.00,0.00,69.89
11:30:07,12,14.89,0.00,13.83,0.00,0.00,4.26,0.00,0.00,0.00,67.02
11:30:07,13,16.48,0.00,13.19,0.00,0.00,5.49,0.00,0.00,0.00,64.84
11:30:07,14,13.83,0.00,13.83,0.00,0.00,4.26,0.00,0.00,0.00,68.09
11:30:07,15,15.79,0.00,10.53,0.00,0.00,4.21,0.00,0.00,0.00,69.47
11:30:08,4,14.58,0.00,12.50,0.00,0.00,5.21,0.00,0.00,0.00,67.71
11:30:08,5,13.83,0.00,15.96,0.00,0.00,4.26,0.00,0.00,0.00,65.96
11:30:08,6,13.19,0.00,12.09,0.00,0.00,3.30,0.00,0.00,0.00,71.43
11:30:08,7,13.19,0.00,12.09,0.00,0.00,4.40,0.00,0.00,0.00,70.33
11:30:08,12,12.77,0.00,13.83,0.00,0.00,5.32,0.00,0.00,0.00,68.09
11:30:08,13,15.38,0.00,10.99,0.00,0.00,5.49,0.00,0.00,0.00,68.13
11:30:08,14,15.96,0.00,11.70,0.00,0.00,3.19,0.00,0.00,0.00,69.15
11:30:08,15,14.89,0.00,11.70,0.00,0.00,5.32,0.00,0.00,0.00,68.09
11:30:09,4,14.58,0.00,15.62,0.00,0.00,5.21,0.00,0.00,0.00,64.58
11:30:09,5,15.96,0.00,14.89,0.00,0.00,3.19,0.00,0.00,0.00,65.96
11:30:09,6,13.83,0.00,11.70,0.00,0.00,6.38,0.00,0.00,0.00,68.09
11:30:09,7,11.83,0.00,11.83,0.00,0.00,5.38,0.00,0.00,0.00,70.97
11:30:09,12,12.90,0.00,13.98,0.00,0.00,4.30,0.00,0.00,0.00,68.82
11:30:09,13,13.68,0.00,12.63,0.00,0.00,6.32,0.00,0.00,0.00,67.37
11:30:09,14,13.33,0.00,11.11,0.00,0.00,4.44,0.00,0.00,0.00,71.11
11:30:09,15,13.68,0.00,11.58,0.00,0.00,4.21,0.00,0.00,0.00,70.53
11:30:10,4,14.13,0.00,13.04,0.00,0.00,4.35,0.00,0.00,0.00,68.48
11:30:10,5,14.89,0.00,15.96,0.00,0.00,5.32,0.00,0.00,0.00,63.83
11:30:10,6,14.29,0.00,10.99,0.00,0.00,4.40,0.00,0.00,0.00,70.33
11:30:10,7,12.77,0.00,11.70,0.00,0.00,4.26,0.00,0.00,0.00,71.28
11:30:10,12,16.30,0.00,10.87,0.00,0.00,5.43,0.00,0.00,0.00,67.39
11:30:10,13,14.13,0.00,11.96,0.00,0.00,4.35,0.00,0.00,0.00,69.57
11:30:10,14,12.63,0.00,13.68,0.00,0.00,5.26,0.00,0.00,0.00,68.42
11:30:10,15,12.77,0.00,11.70,0.00,0.00,4.26,0.00,0.00,0.00,71.28
11:30:11,4,13.33,0.00,12.22,0.00,0.00,4.44,0.00,0.00,0.00,70.00
11:30:11,5,14.89,0.00,13.83,0.00,0.00,4.26,0.00,0.00,0.00,67.02
11:30:11,6,14.58,0.00,12.50,0.00,0.00,5.21,0.00,0.00,0.00,67.71
11:30:11,7,13.83,0.00,11.70,0.00,0.00,4.26,0.00,0.00,0.00,70.21
11:30:11,12,14.13,0.00,11.96,0.00,0.00,4.35,0.00,0.00,0.00,69.57
11:30:11,13,15.22,0.00,13.04,0.00,0.00,5.43,0.00,0.00,0.00,66.30
11:30:11,14,15.22,0.00,10.87,0.00,0.00,4.35,0.00,0.00,0.00,69.57
11:30:11,15,12.09,0.00,10.99,0.00,0.00,4.40,0.00,0.00,0.00,72.53
11:30:12,4,17.71,0.00,14.58,0.00,0.00,4.17,0.00,0.00,0.00,63.54
11:30:12,5,14.13,0.00,11.96,0.00,0.00,5.43,0.00,0.00,0.00,68.48
11:30:12,6,14.89,0.00,12.77,0.00,0.00,4.26,0.00,0.00,0.00,68.09
11:30:12,7,14.58,0.00,11.46,0.00,0.00,6.25,0.00,0.00,0.00,67.71
11:30:12,12,15.22,0.00,13.04,0.00,0.00,4.35,0.00,0.00,0.00,67.39
11:30:12,13,15.05,0.00,11.83,0.00,0.00,4.30,0.00,0.00,0.00,68.82
11:30:12,14,15.05,0.00,12.90,0.00,0.00,4.30,0.00,0.00,0.00,67.74
11:30:12,15,15.22,0.00,11.96,0.00,0.00,4.35,0.00,0.00,0.00,68.48
11:30:13,4,13.04,0.00,10.87,0.00,0.00,5.43,0.00,0.00,0.00,70.65
11:30:13,5,14.89,0.00,12.77,0.00,0.00,5.32,0.00,0.00,0.00,67.02
11:30:13,6,14.89,0.00,11.70,0.00,0.00,5.32,0.00,0.00,0.00,68.09
11:30:13,7,13.19,0.00,9.89,0.00,0.00,4.40,0.00,0.00,0.00,72.53
11:30:13,12,12.36,0.00,14.61,0.00,0.00,4.49,0.00,0.00,0.00,68.54
11:30:13,13,15.96,0.00,14.89,0.00,0.00,4.26,0.00,0.00,0.00,64.89
11:30:13,14,11.83,0.00,12.90,0.00,0.00,5.38,0.00,0.00,0.00,69.89
11:30:13,15,11.83,0.00,12.90,0.00,0.00,4.30,0.00,0.00,0.00,70.97
11:30:14,4,13.98,0.00,11.83,0.00,0.00,4.30,0.00,0.00,0.00,69.89
11:30:14,5,13.98,0.00,15.05,0.00,0.00,4.30,0.00,0.00,0.00,66.67
11:30:14,6,14.13,0.00,11.96,0.00,0.00,4.35,0.00,0.00,0.00,69.57
11:30:14,7,13.19,0.00,12.09,0.00,0.00,3.30,0.00,0.00,0.00,71.43
11:30:14,12,11.70,0.00,13.83,0.00,0.00,6.38,0.00,0.00,0.00,68.09
11:30:14,13,14.89,0.00,11.70,0.00,0.00,5.32,0.00,0.00,0.00,68.09
11:30:14,14,15.05,0.00,11.83,0.00,0.00,4.30,0.00,0.00,0.00,68.82
11:30:14,15,12.90,0.00,11.83,0.00,0.00,6.45,0.00,0.00,0.00,68.82
11:30:15,4,14.29,0.00,10.99,0.00,0.00,5.49,0.00,0.00,0.00,69.23
11:30:15,5,12.09,0.00,13.19,0.00,0.00,5.49,0.00,0.00,0.00,69.23
11:30:15,6,15.05,0.00,12.90,0.00,0.00,4.30,0.00,0.00,0.00,67.74
11:30:15,7,9.89,0.00,12.09,0.00,0.00,4.40,0.00,0.00,0.00,73.63
11:30:15,12,14.29,0.00,12.09,0.00,0.00,4.40,0.00,0.00,0.00,69.23
11:30:15,13,16.30,0.00,15.22,0.00,0.00,5.43,0.00,0.00,0.00,63.04
11:30:15,14,15.22,0.00,10.87,0.00,0.00,4.35,0.00,0.00,0.00,69.57
11:30:15,15,12.90,0.00,11.83,0.00,0.00,5.38,0.00,0.00,0.00,69.89
11:30:16,4,15.38,0.00,10.99,0.00,0.00,4.40,0.00,0.00,0.00,69.23
11:30:16,5,15.05,0.00,12.90,0.00,0.00,4.30,0.00,0.00,0.00,67.74
11:30:16,6,14.89,0.00,10.64,0.00,0.00,5.32,0.00,0.00,0.00,69.15
11:30:16,7,11.96,0.00,10.87,0.00,0.00,5.43,0.00,0.00,0.00,71.74
11:30:16,12,16.30,0.00,11.96,0.00,0.00,5.43,0.00,0.00,0.00,66.30
11:30:16,13,12.77,0.00,15.96,0.00,0.00,5.32,0.00,0.00,0.00,65.96
11:30:16,14,11.24,0.00,12.36,0.00,0.00,4.49,0.00,0.00,0.00,71.91
11:30:16,15,13.54,0.00,14.58,0.00,0.00,4.17,0.00,0.00,0.00,67.71
11:30:17,4,15.46,0.00,13.40,0.00,0.00,5.15,0.00,0.00,0.00,65.98
11:30:17,5,13.04,0.00,13.04,0.00,0.00,4.35,0.00,0.00,0.00,69.57
11:30:17,6,13.83,0.00,12.77,0.00,0.00,4.26,0.00,0.00,0.00,69.15
11:30:17,7,10.87,0.00,11.96,0.00,0.00,5.43,0.00,0.00,0.00,71.74
11:30:17,12,16.30,0.00,11.96,0.00,0.00,4.35,0.00,0.00,0.00,67.39
11:30:17,13,17.02,0.00,12.77,0.00,0.00,4.26,0.00,0.00,0.00,65.96
11:30:17,14,16.13,0.00,13.98,0.00,0.00,4.30,0.00,0.00,0.00,65.59
11:30:17,15,11.70,0.00,13.83,0.00,0.00,5.32,0.00,0.00,0.00,69.15
11:30:18,4,15.05,0.00,13.98,0.00,0.00,5.38,0.00,0.00,0.00,65.59
11:30:18,5,16.30,0.00,13.04,0.00,0.00,4.35,0.00,0.00,0.00,66.30
11:30:18,6,14.13,0.00,13.04,0.00,0.00,4.35,0.00,0.00,0.00,68.48
11:30:18,7,11.96,0.00,14.13,0.00,0.00,3.26,0.00,0.00,0.00,70.65
11:30:18,12,16.48,0.00,13.19,0.00,0.00,4.40,0.00,0.00,0.00,65.93
11:30:18,13,17.02,0.00,14.89,1.06,0.00,3.19,0.00,0.00,0.00,63.83
11:30:18,14,17.20,0.00,12.90,0.00,0.00,4.30,0.00,0.00,0.00,65.59
11:30:18,15,12.90,0.00,12.90,0.00,0.00,4.30,0.00,0.00,0.00,69.89
11:30:19,4,16.13,0.00,11.83,0.00,0.00,4.30,0.00,0.00,0.00,67.74
11:30:19,5,15.05,0.00,11.83,0.00,0.00,3.23,0.00,0.00,0.00,69.89
11:30:19,6,15.22,0.00,9.78,0.00,0.00,4.35,0.00,0.00,0.00,70.65
11:30:19,7,12.22,0.00,11.11,0.00,0.00,4.44,0.00,0.00,0.00,72.22
11:30:19,12,13.04,0.00,13.04,0.00,0.00,5.43,0.00,0.00,0.00,68.48
11:30:19,13,13.04,0.00,13.04,0.00,0.00,4.35,0.00,0.00,0.00,69.57
11:30:19,14,15.22,0.00,10.87,0.00,0.00,3.26,0.00,0.00,0.00,70.65
11:30:19,15,14.89,0.00,11.70,0.00,0.00,4.26,0.00,0.00,0.00,69.15
11:30:20,4,15.96,0.00,12.77,0.00,0.00,4.26,0.00,0.00,0.00,67.02
11:30:20,5,14.74,0.00,12.63,0.00,0.00,5.26,0.00,0.00,0.00,67.37
11:30:20,6,13.04,0.00,14.13,0.00,0.00,4.35,0.00,0.00,0.00,68.48
11:30:20,7,13.54,0.00,12.50,0.00,0.00,5.21,0.00,0.00,0.00,68.75
11:30:20,12,13.40,0.00,16.49,0.00,0.00,5.15,0.00,0.00,0.00,64.95
11:30:20,13,13.48,0.00,11.24,0.00,0.00,3.37,0.00,0.00,0.00,71.91
11:30:20,14,14.74,0.00,12.63,0.00,0.00,5.26,0.00,0.00,0.00,67.37
11:30:20,15,12.63,0.00,13.68,0.00,0.00,3.16,0.00,0.00,0.00,70.53
11:30:21,4,13.19,0.00,12.09,0.00,0.00,4.40,0.00,0.00,0.00,70.33
11:30:21,5,14.13,0.00,13.04,0.00,0.00,4.35,0.00,0.00,0.00,68.48
11:30:21,6,14.29,0.00,12.09,0.00,0.00,3.30,0.00,0.00,0.00,70.33
11:30:21,7,14.58,0.00,11.46,0.00,0.00,5.21,0.00,0.00,0.00,68.75
11:30:21,12,13.83,0.00,12.77,0.00,0.00,5.32,0.00,0.00,0.00,68.09
11:30:21,13,13.98,0.00,15.05,0.00,0.00,5.38,0.00,0.00,0.00,65.59
11:30:21,14,15.05,0.00,11.83,0.00,0.00,4.30,0.00,0.00,0.00,68.82
11:30:21,15,14.13,0.00,10.87,0.00,0.00,4.35,0.00,0.00,0.00,70.65
11:30:22,4,15.22,0.00,13.04,0.00,0.00,4.35,0.00,0.00,0.00,67.39
11:30:22,5,15.96,0.00,11.70,0.00,0.00,5.32,0.00,0.00,0.00,67.02
11:30:22,6,14.44,0.00,11.11,0.00,0.00,3.33,0.00,0.00,0.00,71.11
11:30:22,7,10.75,0.00,11.83,0.00,0.00,4.30,0.00,0.00,0.00,73.12
11:30:22,12,13.04,0.00,11.96,0.00,0.00,4.35,0.00,0.00,0.00,70.65
11:30:22,13,14.13,0.00,13.04,0.00,0.00,6.52,0.00,0.00,0.00,66.30
11:30:22,14,13.83,0.00,12.77,0.00,0.00,5.32,0.00,0.00,0.00,68.09
11:30:22,15,12.63,0.00,12.63,0.00,0.00,4.21,0.00,0.00,0.00,70.53
11:30:23,4,17.39,0.00,11.96,0.00,0.00,5.43,0.00,0.00,0.00,65.22
11:30:23,5,15.38,0.00,14.29,0.00,0.00,4.40,0.00,0.00,0.00,65.93
11:30:23,6,15.05,0.00,12.90,0.00,0.00,5.38,0.00,0.00,0.00,66.67
11:30:23,7,13.04,0.00,10.87,0.00,0.00,4.35,0.00,0.00,0.00,71.74
11:30:23,12,16.84,0.00,13.68,1.05,0.00,4.21,0.00,0.00,0.00,64.21
11:30:23,13,15.56,0.00,15.56,0.00,0.00,4.44,0.00,0.00,0.00,64.44
11:30:23,14,15.22,0.00,10.87,0.00,0.00,5.43,0.00,0.00,0.00,68.48
11:30:23,15,15.22,0.00,10.87,0.00,0.00,4.35,0.00,0.00,0.00,69.57
11:30:24,4,16.84,0.00,14.74,0.00,0.00,5.26,0.00,0.00,0.00,63.16
11:30:24,5,12.90,0.00,13.98,0.00,0.00,6.45,0.00,0.00,0.00,66.67
11:30:24,6,13.04,0.00,10.87,0.00,0.00,6.52,0.00,0.00,0.00,69.57
11:30:24,7,12.09,0.00,13.19,0.00,0.00,4.40,0.00,0.00,0.00,70.33
11:30:24,12,14.29,0.00,10.99,0.00,0.00,5.49,0.00,0.00,0.00,69.23
11:30:24,13,13.83,0.00,12.77,0.00,0.00,5.32,0.00,0.00,0.00,68.09
11:30:24,14,13.83,0.00,13.83,0.00,0.00,4.26,0.00,0.00,0.00,68.09
11:30:24,15,12.77,0.00,12.77,0.00,0.00,4.26,0.00,0.00,0.00,70.21
11:30:25,4,13.19,0.00,12.09,0.00,0.00,4.40,0.00,0.00,0.00,70.33
11:30:25,5,13.04,0.00,11.96,0.00,0.00,4.35,0.00,0.00,0.00,70.65
11:30:25,6,11.96,0.00,11.96,0.00,0.00,4.35,0.00,0.00,0.00,71.74
11:30:25,7,13.68,0.00,11.58,0.00,0.00,5.26,0.00,0.00,0.00,69.47
11:30:25,12,14.13,0.00,13.04,0.00,0.00,5.43,0.00,0.00,0.00,67.39
11:30:25,13,15.79,0.00,13.68,0.00,0.00,4.21,0.00,0.00,0.00,66.32
11:30:25,14,15.96,0.00,10.64,0.00,0.00,4.26,0.00,0.00,0.00,69.15
11:30:25,15,13.04,0.00,11.96,0.00,0.00,4.35,0.00,0.00,0.00,70.65
11:30:26,4,14.13,0.00,11.96,0.00,0.00,4.35,0.00,0.00,0.00,69.57
11:30:26,5,15.05,0.00,11.83,0.00,0.00,4.30,0.00,0.00,0.00,68.82
11:30:26,6,13.98,0.00,12.90,0.00,0.00,4.30,0.00,0.00,0.00,68.82
11:30:26,7,13.98,0.00,11.83,0.00,0.00,4.30,0.00,0.00,0.00,69.89
11:30:26,12,14.89,0.00,12.77,0.00,0.00,4.26,0.00,0.00,0.00,68.09
11:30:26,13,13.83,0.00,12.77,0.00,0.00,4.26,0.00,0.00,0.00,69.15
11:30:26,14,14.89,0.00,11.70,0.00,0.00,5.32,0.00,0.00,0.00,68.09
11:30:26,15,14.58,0.00,12.50,0.00,0.00,5.21,0.00,0.00,0.00,67.71
11:30:27,4,15.05,0.00,12.90,0.00,0.00,4.30,0.00,0.00,0.00,67.74
11:30:27,5,13.04,0.00,15.22,0.00,0.00,4.35,0.00,0.00,0.00,67.39
11:30:27,6,15.96,0.00,12.77,0.00,0.00,4.26,0.00,0.00,0.00,67.02
11:30:27,7,13.33,0.00,12.22,0.00,0.00,3.33,0.00,0.00,0.00,71.11
11:30:27,12,14.44,0.00,11.11,0.00,0.00,3.33,0.00,0.00,0.00,71.11
11:30:27,13,14.89,0.00,12.77,0.00,0.00,4.26,0.00,0.00,0.00,68.09
11:30:27,14,14.89,0.00,11.70,0.00,0.00,5.32,0.00,0.00,0.00,68.09
11:30:27,15,13.98,0.00,12.90,0.00,0.00,4.30,0.00,0.00,0.00,68.82
11:30:28,4,15.38,0.00,10.99,0.00,0.00,4.40,0.00,0.00,0.00,69.23
11:30:28,5,13.04,0.00,15.22,0.00,0.00,4.35,0.00,0.00,0.00,67.39
11:30:28,6,14.74,0.00,15.79,0.00,0.00,5.26,0.00,0.00,0.00,64.21
11:30:28,7,12.90,0.00,13.98,0.00,0.00,4.30,0.00,0.00,0.00,68.82
11:30:28,12,14.13,0.00,11.96,0.00,0.00,5.43,0.00,0.00,0.00,68.48
11:30:28,13,16.84,0.00,14.74,0.00,0.00,5.26,0.00,0.00,0.00,63.16
11:30:28,14,16.13,0.00,12.90,0.00,0.00,5.38,0.00,0.00,0.00,65.59
11:30:28,15,13.98,0.00,12.90,2.15,0.00,4.30,0.00,0.00,0.00,66.67
11:30:29,4,15.62,0.00,13.54,0.00,0.00,5.21,0.00,0.00,0.00,65.62
11:30:29,5,14.13,0.00,10.87,0.00,0.00,5.43,0.00,0.00,0.00,69.57
11:30:29,6,13.19,0.00,9.89,0.00,0.00,3.30,0.00,0.00,0.00,73.63
11:30:29,7,12.63,0.00,12.63,0.00,0.00,3.16,0.00,0.00,0.00,71.58
11:30:29,12,13.83,0.00,13.83,0.00,0.00,5.32,0.00,0.00,0.00,67.02
11:30:29,13,14.29,0.00,12.09,0.00,0.00,4.40,0.00,0.00,0.00,69.23
11:30:29,14,14.13,0.00,10.87,0.00,0.00,4.35,0.00,0.00,0.00,70.65
11:30:29,15,11.83,0.00,11.83,0.00,0.00,3.23,0.00,0.00,0.00,73.12
11:30:30,4,14.13,0.00,13.04,0.00,0.00,4.35,0.00,0.00,0.00,68.48
11:30:30,5,16.30,0.00,13.04,0.00,0.00,4.35,0.00,0.00,0.00,66.30
11:30:30,6,14.29,0.00,10.99,0.00,0.00,4.40,0.00,0.00,0.00,70.33
11:30:30,7,11.70,0.00,11.70,0.00,0.00,5.32,0.00,0.00,0.00,71.28
11:30:30,12,11.96,0.00,11.96,0.00,0.00,5.43,0.00,0.00,0.00,70.65
11:30:30,13,15.79,0.00,14.74,0.00,0.00,4.21,0.00,0.00,0.00,65.26
11:30:30,14,13.04,0.00,13.04,0.00,0.00,3.26,0.00,0.00,0.00,70.65
11:30:30,15,11.96,0.00,9.78,0.00,0.00,4.35,0.00,0.00,0.00,73.91
11:30:31,4,14.74,0.00,13.68,0.00,0.00,5.26,0.00,0.00,0.00,66.32
11:30:31,5,13.98,0.00,11.83,0.00,0.00,5.38,0.00,0.00,0.00,68.82
11:30:31,6,13.98,0.00,11.83,0.00,0.00,4.30,0.00,0.00,0.00,69.89
11:30:31,7,13.98,0.00,10.75,0.00,0.00,3.23,0.00,0.00,0.00,72.04
11:30:31,12,14.29,0.00,14.29,0.00,0.00,3.30,0.00,0.00,0.00,68.13
11:30:31,13,16.13,0.00,13.98,0.00,0.00,5.38,0.00,0.00,0.00,64.52
11:30:31,14,14.13,0.00,10.87,0.00,0.00,4.35,0.00,0.00,0.00,70.65
11:30:31,15,12.09,0.00,13.19,0.00,0.00,4.40,0.00,0.00,0.00,70.33
11:30:32,4,17.02,0.00,11.70,0.00,0.00,4.26,0.00,0.00,0.00,67.02
11:30:32,5,14.29,0.00,13.19,0.00,0.00,5.49,0.00,0.00,0.00,67.03
11:30:32,6,14.13,0.00,11.96,0.00,0.00,4.35,0.00,0.00,0.00,69.57
11:30:32,7,14.29,0.00,9.89,0.00,0.00,4.40,0.00,0.00,0.00,71.43
11:30:32,12,15.79,0.00,12.63,0.00,0.00,4.21,0.00,0.00,0.00,67.37
11:30:32,13,14.44,0.00,12.22,0.00,0.00,3.33,0.00,0.00,0.00,70.00
11:30:32,14,10.64,0.00,14.89,0.00,0.00,4.26,0.00,0.00,0.00,70.21
11:30:32,15,11.70,0.00,10.64,0.00,0.00,5.32,0.00,0.00,0.00,72.34
11:30:33,4,16.67,0.00,12.50,0.00,0.00,5.21,0.00,0.00,0.00,65.62
11:30:33,5,18.48,0.00,15.22,0.00,0.00,4.35,0.00,0.00,0.00,61.96
11:30:33,6,14.89,0.00,12.77,0.00,0.00,5.32,0.00,0.00,0.00,67.02
11:30:33,7,13.04,0.00,13.04,0.00,0.00,5.43,0.00,0.00,0.00,68.48
11:30:33,12,14.89,0.00,12.77,0.00,0.00,5.32,0.00,0.00,0.00,67.02
11:30:33,13,17.35,0.00,13.27,0.00,0.00,5.10,0.00,0.00,0.00,64.29
11:30:33,14,12.22,0.00,12.22,0.00,0.00,4.44,0.00,0.00,0.00,71.11
11:30:33,15,13.19,0.00,12.09,0.00,0.00,4.40,0.00,0.00,0.00,70.33
11:30:34,4,14.29,0.00,13.19,1.10,0.00,5.49,0.00,0.00,0.00,65.93
11:30:34,5,13.19,0.00,13.19,0.00,0.00,4.40,0.00,0.00,0.00,69.23
11:30:34,6,12.36,0.00,11.24,0.00,0.00,5.62,0.00,0.00,0.00,70.79
11:30:34,7,12.77,0.00,12.77,0.00,0.00,4.26,0.00,0.00,0.00,70.21
11:30:34,12,14.89,0.00,11.70,0.00,0.00,5.32,0.00,0.00,0.00,68.09
11:30:34,13,14.29,0.00,10.99,0.00,0.00,4.40,0.00,0.00,0.00,70.33
11:30:34,14,15.05,0.00,10.75,0.00,0.00,5.38,0.00,0.00,0.00,68.82
11:30:34,15,12.77,0.00,12.77,0.00,0.00,4.26,0.00,0.00,0.00,70.21
11:30:35,4,15.79,0.00,10.53,0.00,0.00,5.26,0.00,0.00,0.00,68.42
11:30:35,5,15.05,0.00,12.90,0.00,0.00,5.38,0.00,0.00,0.00,66.67
11:30:35,6,13.83,0.00,12.77,0.00,0.00,4.26,0.00,0.00,0.00,69.15
11:30:35,7,14.89,0.00,10.64,0.00,0.00,3.19,0.00,0.00,0.00,71.28
11:30:35,12,14.89,0.00,13.83,0.00,0.00,5.32,0.00,0.00,0.00,65.96
11:30:35,13,15.05,0.00,12.90,0.00,0.00,3.23,0.00,0.00,0.00,68.82
11:30:35,14,14.13,0.00,11.96,0.00,0.00,4.35,0.00,0.00,0.00,69.57
11:30:35,15,12.90,0.00,11.83,0.00,0.00,4.30,0.00,0.00,0.00,70.97
11:30:36,4,14.44,0.00,13.33,0.00,0.00,4.44,0.00,0.00,0.00,67.78
11:30:36,5,15.22,0.00,15.22,0.00,0.00,4.35,0.00,0.00,0.00,65.22
11:30:36,6,13.83,0.00,10.64,0.00,0.00,6.38,0.00,0.00,0.00,69.15
11:30:36,7,13.68,0.00,11.58,0.00,0.00,4.21,0.00,0.00,0.00,70.53
11:30:36,12,16.13,0.00,12.90,0.00,0.00,3.23,0.00,0.00,0.00,67.74
11:30:36,13,17.20,0.00,12.90,0.00,0.00,4.30,0.00,0.00,0.00,65.59
11:30:36,14,15.96,0.00,11.70,0.00,0.00,3.19,0.00,0.00,0.00,69.15
11:30:36,15,13.68,0.00,10.53,0.00,0.00,5.26,0.00,0.00,0.00,70.53
11:30:37,4,13.98,0.00,13.98,0.00,0.00,4.30,0.00,0.00,0.00,67.74
11:30:37,5,12.09,0.00,13.19,0.00,0.00,5.49,0.00,0.00,0.00,69.23
11:30:37,6,13.98,0.00,11.83,0.00,0.00,5.38,0.00,0.00,0.00,68.82
11:30:37,7,12.09,0.00,12.09,0.00,0.00,4.40,0.00,0.00,0.00,71.43
11:30:37,12,15.96,0.00,10.64,0.00,0.00,5.32,0.00,0.00,0.00,68.09
11:30:37,13,13.04,0.00,13.04,0.00,0.00,5.43,0.00,0.00,0.00,68.48
11:30:37,14,13.33,0.00,11.11,0.00,0.00,4.44,0.00,0.00,0.00,71.11
11:30:37,15,13.04,0.00,11.96,0.00,0.00,4.35,0.00,0.00,0.00,70.65
11:30:38,4,19.57,0.00,11.96,0.00,0.00,4.35,0.00,0.00,0.00,64.13
11:30:38,5,18.09,0.00,12.77,0.00,0.00,5.32,0.00,0.00,0.00,63.83
11:30:38,6,14.13,0.00,11.96,0.00,0.00,4.35,0.00,0.00,0.00,69.57
11:30:38,7,13.19,0.00,10.99,0.00,0.00,3.30,0.00,0.00,0.00,72.53
11:30:38,12,16.13,0.00,11.83,0.00,0.00,5.38,0.00,0.00,0.00,66.67
11:30:38,13,15.22,0.00,11.96,0.00,0.00,5.43,0.00,0.00,0.00,67.39
11:30:38,14,12.22,0.00,13.33,0.00,0.00,5.56,0.00,0.00,0.00,68.89
11:30:38,15,11.96,0.00,11.96,0.00,0.00,4.35,0.00,0.00,0.00,71.74
11:30:39,4,14.13,0.00,13.04,0.00,0.00,5.43,0.00,0.00,0.00,67.39
11:30:39,5,14.13,0.00,13.04,0.00,0.00,4.35,0.00,0.00,0.00,68.48
11:30:39,6,15.22,0.00,11.96,0.00,0.00,4.35,0.00,0.00,0.00,68.48
11:30:39,7,13.83,0.00,11.70,0.00,0.00,4.26,0.00,0.00,0.00,70.21
11:30:39,12,15.96,0.00,12.77,0.00,0.00,6.38,0.00,0.00,0.00,64.89
11:30:39,13,16.13,0.00,11.83,0.00,0.00,4.30,0.00,0.00,0.00,67.74
11:30:39,14,12.22,0.00,12.22,0.00,0.00,5.56,0.00,0.00,0.00,70.00
11:30:39,15,12.09,0.00,13.19,0.00,0.00,3.30,0.00,0.00,0.00,71.43
11:30:40,4,8.25,0.00,9.28,0.00,0.00,3.09,0.00,0.00,0.00,79.38
11:30:40,5,8.25,0.00,7.22,0.00,0.00,2.06,0.00,0.00,0.00,82.47
11:30:40,6,8.33,0.00,6.25,0.00,0.00,3.12,0.00,0.00,0.00,82.29
11:30:40,7,8.08,0.00,8.08,0.00,0.00,2.02,0.00,0.00,0.00,81.82
11:30:40,12,8.42,0.00,6.32,0.00,0.00,2.11,0.00,0.00,0.00,83.16
11:30:40,13,8.42,0.00,8.42,0.00,0.00,1.05,0.00,0.00,0.00,82.11
11:30:40,14,8.25,0.00,6.19,0.00,0.00,3.09,0.00,0.00,0.00,82.47
11:30:40,15,8.16,0.00,7.14,0.00,0.00,2.04,0.00,0.00,0.00,82.65
