07:08:31,CPU,%usr,%nice,%sys,%iowait,%irq,%soft,%steal,%guest,%gnice,%idle
07:08:32,4,11.22,0.00,9.18,0.00,0.00,2.04,0.00,0.00,0.00,77.55
07:08:32,5,16.67,0.00,11.46,0.00,0.00,3.12,0.00,0.00,0.00,68.75
07:08:32,6,10.42,0.00,6.25,0.00,0.00,2.08,0.00,0.00,0.00,81.25
07:08:32,7,9.18,0.00,8.16,0.00,0.00,1.02,0.00,0.00,0.00,81.63
07:08:32,12,7.14,0.00,6.12,0.00,0.00,3.06,0.00,0.00,0.00,83.67
07:08:32,13,6.32,0.00,7.37,0.00,0.00,2.11,0.00,0.00,0.00,84.21
07:08:32,14,9.38,0.00,7.29,0.00,0.00,2.08,0.00,0.00,0.00,81.25
07:08:32,15,8.25,0.00,7.22,0.00,0.00,2.06,0.00,0.00,0.00,82.47
07:08:33,4,15.05,0.00,12.90,0.00,0.00,4.30,0.00,0.00,0.00,67.74
07:08:33,5,15.05,0.00,15.05,0.00,0.00,5.38,0.00,0.00,0.00,64.52
07:08:33,6,15.22,0.00,11.96,0.00,0.00,4.35,0.00,0.00,0.00,68.48
07:08:33,7,12.77,0.00,11.70,0.00,0.00,4.26,0.00,0.00,0.00,71.28
07:08:33,12,14.29,0.00,12.09,0.00,0.00,4.40,0.00,0.00,0.00,69.23
07:08:33,13,18.28,0.00,12.90,0.00,0.00,4.30,0.00,0.00,0.00,64.52
07:08:33,14,14.13,0.00,15.22,0.00,0.00,5.43,0.00,0.00,0.00,65.22
07:08:33,15,15.38,0.00,12.09,0.00,0.00,4.40,0.00,0.00,0.00,68.13
07:08:34,4,14.89,0.00,10.64,0.00,0.00,5.32,0.00,0.00,0.00,69.15
07:08:34,5,15.22,0.00,11.96,0.00,0.00,5.43,0.00,0.00,0.00,67.39
07:08:34,6,13.98,0.00,11.83,0.00,0.00,5.38,0.00,0.00,0.00,68.82
07:08:34,7,13.19,0.00,10.99,0.00,0.00,5.49,0.00,0.00,0.00,70.33
07:08:34,12,14.13,0.00,9.78,0.00,0.00,5.43,0.00,0.00,0.00,70.65
07:08:34,13,13.68,0.00,12.63,0.00,0.00,6.32,0.00,0.00,0.00,67.37
07:08:34,14,15.79,0.00,12.63,0.00,0.00,4.21,0.00,0.00,0.00,67.37
07:08:34,15,14.74,0.00,11.58,0.00,0.00,3.16,0.00,0.00,0.00,70.53
07:08:35,4,13.83,0.00,11.70,0.00,0.00,4.26,0.00,0.00,0.00,70.21
07:08:35,5,15.38,0.00,12.09,0.00,0.00,4.40,0.00,0.00,0.00,68.13
07:08:35,6,15.79,0.00,11.58,0.00,0.00,4.21,0.00,0.00,0.00,68.42
07:08:35,7,13.68,0.00,11.58,0.00,0.00,3.16,0.00,0.00,0.00,71.58
07:08:35,12,13.33,0.00,13.33,0.00,0.00,4.44,0.00,0.00,0.00,68.89
07:08:35,13,15.79,0.00,11.58,1.05,0.00,4.21,0.00,0.00,0.00,67.37
07:08:35,14,13.54,0.00,13.54,1.04,0.00,5.21,0.00,0.00,0.00,66.67
07:08:35,15,12.09,0.00,9.89,0.00,0.00,4.40,0.00,0.00,0.00,73.63
07:08:36,4,13.68,0.00,13.68,0.00,0.00,4.21,0.00,0.00,0.00,68.42
07:08:36,5,16.30,0.00,11.96,0.00,0.00,4.35,0.00,0.00,0.00,67.39
07:08:36,6,15.96,0.00,12.77,0.00,0.00,4.26,0.00,0.00,0.00,67.02
07:08:36,7,13.19,0.00,10.99,0.00,0.00,4.40,0.00,0.00,0.00,71.43
07:08:36,12,13.04,0.00,13.04,0.00,0.00,5.43,0.00,0.00,0.00,68.48
07:08:36,13,15.05,0.00,11.83,0.00,0.00,4.30,0.00,0.00,0.00,68.82
07:08:36,14,14.13,0.00,10.87,0.00,0.00,5.43,0.00,0.00,0.00,69.57
07:08:36,15,13.04,0.00,10.87,0.00,0.00,4.35,0.00,0.00,0.00,71.74
07:08:37,4,15.96,0.00,13.83,0.00,0.00,4.26,0.00,0.00,0.00,65.96
07:08:37,5,13.04,0.00,14.13,0.00,0.00,4.35,0.00,0.00,0.00,68.48
07:08:37,6,14.58,0.00,12.50,0.00,0.00,4.17,0.00,0.00,0.00,68.75
07:08:37,7,11.58,0.00,13.68,0.00,0.00,4.21,0.00,0.00,0.00,70.53
07:08:37,12,13.83,0.00,15.96,0.00,0.00,5.32,0.00,0.00,0.00,64.89
07:08:37,13,13.04,0.00,13.04,0.00,0.00,5.43,0.00,0.00,0.00,68.48
07:08:37,14,15.05,0.00,11.83,0.00,0.00,4.30,0.00,0.00,0.00,68.82
07:08:37,15,13.68,0.00,12.63,0.00,0.00,3.16,0.00,0.00,0.00,70.53
07:08:38,4,18.09,0.00,11.70,0.00,0.00,4.26,0.00,0.00,0.00,65.96
07:08:38,5,15.22,0.00,13.04,0.00,0.00,5.43,0.00,0.00,0.00,66.30
07:08:38,6,17.20,0.00,13.98,0.00,0.00,4.30,0.00,0.00,0.00,64.52
07:08:38,7,13.98,0.00,11.83,0.00,0.00,3.23,0.00,0.00,0.00,70.97
07:08:38,12,16.84,0.00,12.63,0.00,0.00,5.26,0.00,0.00,0.00,65.26
07:08:38,13,15.56,0.00,12.22,0.00,0.00,3.33,0.00,0.00,0.00,68.89
07:08:38,14,13.04,0.00,15.22,0.00,0.00,4.35,0.00,0.00,0.00,67.39
07:08:38,15,12.22,0.00,10.00,0.00,0.00,5.56,0.00,0.00,0.00,72.22
07:08:39,4,14.13,0.00,10.87,0.00,0.00,5.43,0.00,0.00,0.00,69.57
07:08:39,5,15.05,0.00,12.90,0.00,0.00,3.23,0.00,0.00,0.00,68.82
07:08:39,6,15.79,0.00,13.68,0.00,0.00,5.26,0.00,0.00,0.00,65.26
07:08:39,7,13.83,0.00,12.77,0.00,0.00,4.26,0.00,0.00,0.00,69.15
07:08:39,12,15.05,0.00,15.05,0.00,0.00,3.23,0.00,0.00,0.00,66.67
07:08:39,13,14.89,0.00,11.70,0.00,0.00,5.32,0.00,0.00,0.00,68.09
07:08:39,14,14.13,0.00,11.96,0.00,0.00,4.35,0.00,0.00,0.00,69.57
07:08:39,15,13.83,0.00,11.70,0.00,0.00,4.26,0.00,0.00,0.00,70.21
07:08:40,4,15.22,0.00,11.96,0.00,0.00,5.43,0.00,0.00,0.00,67.39
07:08:40,5,13.33,0.00,15.56,0.00,0.00,6.67,0.00,0.00,0.00,64.44
07:08:40,6,14.29,0.00,10.99,0.00,0.00,4.40,0.00,0.00,0.00,70.33
07:08:40,7,13.54,0.00,11.46,0.00,0.00,4.17,0.00,0.00,0.00,70.83
07:08:40,12,16.30,0.00,11.96,0.00,0.00,5.43,0.00,0.00,0.00,66.30
07:08:40,13,14.89,0.00,13.83,0.00,0.00,4.26,0.00,0.00,0.00,67.02
07:08:40,14,15.22,0.00,13.04,0.00,0.00,4.35,0.00,0.00,0.00,67.39
07:08:40,15,13.83,0.00,11.70,0.00,0.00,4.26,0.00,0.00,0.00,70.21
07:08:41,4,12.36,0.00,12.36,0.00,0.00,3.37,0.00,0.00,0.00,71.91
07:08:41,5,14.13,0.00,11.96,0.00,0.00,3.26,0.00,0.00,0.00,70.65
07:08:41,6,13.68,0.00,13.68,0.00,0.00,5.26,0.00,0.00,0.00,67.37
07:08:41,7,12.37,0.00,10.31,0.00,0.00,6.19,0.00,0.00,0.00,71.13
07:08:41,12,12.09,0.00,10.99,0.00,0.00,5.49,0.00,0.00,0.00,71.43
07:08:41,13,17.58,0.00,12.09,0.00,0.00,4.40,0.00,0.00,0.00,65.93
07:08:41,14,12.63,0.00,14.74,0.00,0.00,4.21,0.00,0.00,0.00,68.42
07:08:41,15,13.68,0.00,12.63,0.00,0.00,4.21,0.00,0.00,0.00,69.47
07:08:42,4,15.05,0.00,15.05,0.00,0.00,4.30,0.00,0.00,0.00,65.59
07:08:42,5,15.56,0.00,12.22,0.00,0.00,5.56,0.00,0.00,0.00,66.67
07:08:42,6,13.98,0.00,13.98,0.00,0.00,3.23,0.00,0.00,0.00,68.82
07:08:42,7,11.96,0.00,11.96,0.00,0.00,4.35,0.00,0.00,0.00,71.74
07:08:42,12,14.89,0.00,13.83,0.00,0.00,5.32,0.00,0.00,0.00,65.96
07:08:42,13,15.22,0.00,16.30,0.00,0.00,3.26,0.00,0.00,0.00,65.22
07:08:42,14,14.29,0.00,12.09,0.00,0.00,3.30,0.00,0.00,0.00,70.33
07:08:42,15,13.68,0.00,10.53,0.00,0.00,4.21,0.00,0.00,0.00,71.58
07:08:43,4,14.89,0.00,13.83,0.00,0.00,4.26,0.00,0.00,0.00,67.02
07:08:43,5,16.30,0.00,14.13,0.00,0.00,4.35,0.00,0.00,0.00,65.22
07:08:43,6,14.13,0.00,14.13,0.00,0.00,5.43,0.00,0.00,0.00,66.30
07:08:43,7,11.96,0.00,10.87,0.00,0.00,5.43,0.00,0.00,0.00,71.74
07:08:43,12,13.68,0.00,13.68,0.00,0.00,5.26,0.00,0.00,0.00,67.37
07:08:43,13,15.96,0.00,14.89,0.00,0.00,4.26,0.00,0.00,0.00,64.89
07:08:43,14,18.28,0.00,11.83,0.00,0.00,5.38,0.00,0.00,0.00,64.52
07:08:43,15,12.77,0.00,11.70,0.00,0.00,5.32,0.00,0.00,0.00,70.21
07:08:44,4,13.19,0.00,13.19,0.00,0.00,4.40,0.00,0.00,0.00,69.23
07:08:44,5,15.22,0.00,10.87,0.00,0.00,4.35,0.00,0.00,0.00,69.57
07:08:44,6,14.13,0.00,13.04,0.00,0.00,3.26,0.00,0.00,0.00,69.57
07:08:44,7,15.62,0.00,11.46,0.00,0.00,5.21,0.00,0.00,0.00,67.71
07:08:44,12,13.98,0.00,12.90,0.00,0.00,4.30,0.00,0.00,0.00,68.82
07:08:44,13,10.87,0.00,14.13,0.00,0.00,5.43,0.00,0.00,0.00,69.57
07:08:44,14,13.68,0.00,13.68,0.00,0.00,5.26,0.00,0.00,0.00,67.37
07:08:44,15,13.98,0.00,11.83,0.00,0.00,4.30,0.00,0.00,0.00,69.89
07:08:45,4,15.22,0.00,14.13,0.00,0.00,5.43,0.00,0.00,0.00,65.22
07:08:45,5,13.98,0.00,11.83,0.00,0.00,5.38,0.00,0.00,0.00,68.82
07:08:45,6,13.48,0.00,12.36,0.00,0.00,4.49,0.00,0.00,0.00,69.66
07:08:45,7,11.83,0.00,11.83,0.00,0.00,4.30,0.00,0.00,0.00,72.04
07:08:45,12,12.77,0.00,13.83,0.00,0.00,6.38,0.00,0.00,0.00,67.02
07:08:45,13,15.22,0.00,11.96,0.00,0.00,4.35,0.00,0.00,0.00,68.48
07:08:45,14,14.29,0.00,10.99,0.00,0.00,4.40,0.00,0.00,0.00,70.33
07:08:45,15,11.96,0.00,11.96,0.00,0.00,4.35,0.00,0.00,0.00,71.74
07:08:46,4,15.15,0.00,12.12,0.00,0.00,6.06,0.00,0.00,0.00,66.67
07:08:46,5,15.05,0.00,12.90,0.00,0.00,5.38,0.00,0.00,0.00,66.67
07:08:46,6,15.96,0.00,10.64,0.00,0.00,5.32,0.00,0.00,0.00,68.09
07:08:46,7,13.04,0.00,11.96,0.00,0.00,3.26,0.00,0.00,0.00,71.74
07:08:46,12,13.98,0.00,16.13,0.00,0.00,4.30,0.00,0.00,0.00,65.59
07:08:46,13,13.19,0.00,13.19,0.00,0.00,4.40,0.00,0.00,0.00,69.23
07:08:46,14,14.89,0.00,12.77,0.00,0.00,4.26,0.00,0.00,0.00,68.09
07:08:46,15,13.54,0.00,11.46,0.00,0.00,5.21,0.00,0.00,0.00,69.79
07:08:47,4,14.13,0.00,14.13,0.00,0.00,4.35,0.00,0.00,0.00,67.39
07:08:47,5,15.73,0.00,10.11,0.00,0.00,4.49,0.00,0.00,0.00,69.66
07:08:47,6,13.98,0.00,12.90,0.00,0.00,4.30,0.00,0.00,0.00,68.82
07:08:47,7,12.63,0.00,11.58,0.00,0.00,4.21,0.00,0.00,0.00,71.58
07:08:47,12,15.22,0.00,10.87,0.00,0.00,4.35,0.00,0.00,0.00,69.57
07:08:47,13,12.63,0.00,17.89,0.00,0.00,5.26,0.00,0.00,0.00,64.21
07:08:47,14,13.98,0.00,13.98,0.00,0.00,5.38,0.00,0.00,0.00,66.67
07:08:47,15,15.05,0.00,10.75,0.00,0.00,4.30,0.00,0.00,0.00,69.89
07:08:48,4,15.05,0.00,13.98,0.00,0.00,4.30,0.00,0.00,0.00,66.67
07:08:48,5,14.89,0.00,12.77,0.00,0.00,4.26,0.00,0.00,0.00,68.09
07:08:48,6,16.67,0.00,12.22,0.00,0.00,4.44,0.00,0.00,0.00,66.67
07:08:48,7,13.83,0.00,11.70,0.00,0.00,4.26,0.00,0.00,0.00,70.21
07:08:48,12,11.96,0.00,11.96,0.00,0.00,6.52,0.00,0.00,0.00,69.57
07:08:48,13,18.09,0.00,11.70,0.00,0.00,5.32,0.00,0.00,0.00,64.89
07:08:48,14,15.96,0.00,13.83,0.00,0.00,5.32,0.00,0.00,0.00,64.89
07:08:48,15,12.63,0.00,12.63,0.00,0.00,5.26,0.00,0.00,0.00,69.47
07:08:49,4,13.04,0.00,11.96,0.00,0.00,6.52,0.00,0.00,0.00,68.48
07:08:49,5,12.36,0.00,12.36,0.00,0.00,3.37,0.00,0.00,0.00,71.91
07:08:49,6,14.44,0.00,10.00,0.00,0.00,3.33,0.00,0.00,0.00,72.22
07:08:49,7,14.74,0.00,11.58,0.00,0.00,3.16,0.00,0.00,0.00,70.53
07:08:49,12,14.89,0.00,11.70,0.00,0.00,4.26,0.00,0.00,0.00,69.15
07:08:49,13,12.09,0.00,10.99,0.00,0.00,6.59,0.00,0.00,0.00,70.33
07:08:49,14,13.83,0.00,11.70,0.00,0.00,5.32,0.00,0.00,0.00,69.15
07:08:49,15,13.19,0.00,9.89,0.00,0.00,4.40,0.00,0.00,0.00,72.53
07:08:50,4,16.48,0.00,13.19,0.00,0.00,3.30,0.00,0.00,0.00,67.03
07:08:50,5,15.22,0.00,10.87,0.00,0.00,5.43,0.00,0.00,0.00,68.48
07:08:50,6,17.02,0.00,12.77,0.00,0.00,3.19,0.00,0.00,0.00,67.02
07:08:50,7,12.50,0.00,11.46,0.00,0.00,4.17,0.00,0.00,0.00,71.88
07:08:50,12,16.13,0.00,13.98,0.00,0.00,5.38,0.00,0.00,0.00,64.52
07:08:50,13,14.29,0.00,13.19,0.00,0.00,4.40,0.00,0.00,0.00,68.13
07:08:50,14,15.05,0.00,12.90,0.00,0.00,3.23,0.00,0.00,0.00,68.82
07:08:50,15,11.11,0.00,11.11,0.00,0.00,3.33,0.00,0.00,0.00,74.44
07:08:51,4,13.04,0.00,13.04,0.00,0.00,4.35,0.00,0.00,0.00,69.57
07:08:51,5,13.68,0.00,13.68,0.00,0.00,4.21,0.00,0.00,0.00,68.42
07:08:51,6,12.77,0.00,12.77,0.00,0.00,5.32,0.00,0.00,0.00,69.15
07:08:51,7,13.04,0.00,11.96,0.00,0.00,4.35,0.00,0.00,0.00,70.65
07:08:51,12,13.98,0.00,11.83,0.00,0.00,4.30,0.00,0.00,0.00,69.89
07:08:51,13,15.79,0.00,11.58,0.00,0.00,4.21,0.00,0.00,0.00,68.42
07:08:51,14,14.89,0.00,12.77,0.00,0.00,4.26,0.00,0.00,0.00,68.09
07:08:51,15,13.04,0.00,10.87,0.00,0.00,4.35,0.00,0.00,0.00,71.74
07:08:52,4,13.98,0.00,12.90,0.00,0.00,5.38,0.00,0.00,0.00,67.74
07:08:52,5,12.90,0.00,12.90,0.00,0.00,5.38,0.00,0.00,0.00,68.82
07:08:52,6,15.05,0.00,12.90,0.00,0.00,4.30,0.00,0.00,0.00,67.74
07:08:52,7,12.63,0.00,10.53,0.00,0.00,4.21,0.00,0.00,0.00,72.63
07:08:52,12,13.33,0.00,11.11,0.00,0.00,3.33,0.00,0.00,0.00,72.22
07:08:52,13,15.96,0.00,12.77,0.00,0.00,5.32,0.00,0.00,0.00,65.96
07:08:52,14,14.13,0.00,11.96,0.00,0.00,4.35,0.00,0.00,0.00,69.57
07:08:52,15,13.54,0.00,11.46,0.00,0.00,4.17,0.00,0.00,0.00,70.83
07:08:53,4,18.28,0.00,11.83,0.00,0.00,4.30,0.00,0.00,0.00,65.59
07:08:53,5,15.22,0.00,14.13,0.00,0.00,4.35,0.00,0.00,0.00,66.30
07:08:53,6,16.30,0.00,13.04,0.00,0.00,4.35,0.00,0.00,0.00,66.30
07:08:53,7,13.98,0.00,12.90,0.00,0.00,4.30,0.00,0.00,0.00,68.82
07:08:53,12,14.74,0.00,12.63,0.00,0.00,6.32,0.00,0.00,0.00,66.32
07:08:53,13,18.95,0.00,13.68,0.00,0.00,4.21,0.00,0.00,0.00,63.16
07:08:53,14,16.67,0.00,12.50,0.00,0.00,5.21,0.00,0.00,0.00,65.62
07:08:53,15,13.04,0.00,14.13,0.00,0.00,4.35,0.00,0.00,0.00,68.48
07:08:54,4,12.90,0.00,18.28,0.00,0.00,4.30,0.00,0.00,0.00,64.52
07:08:54,5,13.98,0.00,11.83,0.00,0.00,4.30,0.00,0.00,0.00,69.89
07:08:54,6,13.98,0.00,11.83,0.00,0.00,5.38,0.00,0.00,0.00,68.82
07:08:54,7,10.99,0.00,12.09,0.00,0.00,4.40,0.00,0.00,0.00,72.53
07:08:54,12,14.58,0.00,13.54,0.00,0.00,4.17,0.00,0.00,0.00,67.71
07:08:54,13,14.13,0.00,10.87,0.00,0.00,5.43,0.00,0.00,0.00,69.57
07:08:54,14,12.90,0.00,11.83,0.00,0.00,5.38,0.00,0.00,0.00,69.89
07:08:54,15,12.50,0.00,11.46,0.00,0.00,5.21,0.00,0.00,0.00,70.83
07:08:55,4,14.61,0.00,12.36,0.00,0.00,4.49,0.00,0.00,0.00,68.54
07:08:55,5,14.29,0.00,13.19,0.00,0.00,4.40,0.00,0.00,0.00,68.13
07:08:55,6,13.48,0.00,11.24,0.00,0.00,4.49,0.00,0.00,0.00,70.79
07:08:55,7,13.98,0.00,11.83,0.00,0.00,4.30,0.00,0.00,0.00,69.89
07:08:55,12,13.04,0.00,13.04,1.09,0.00,5.43,0.00,0.00,0.00,67.39
07:08:55,13,14.58,0.00,13.54,0.00,0.00,5.21,0.00,0.00,0.00,66.67
07:08:55,14,14.74,0.00,11.58,0.00,0.00,6.32,0.00,0.00,0.00,67.37
07:08:55,15,11.83,0.00,11.83,1.08,0.00,5.38,0.00,0.00,0.00,69.89
07:08:56,4,14.44,0.00,11.11,0.00,0.00,4.44,0.00,0.00,0.00,70.00
07:08:56,5,14.89,0.00,12.77,0.00,0.00,4.26,0.00,0.00,0.00,68.09
07:08:56,6,14.13,0.00,10.87,0.00,0.00,5.43,0.00,0.00,0.00,69.57
07:08:56,7,13.98,0.00,11.83,0.00,0.00,3.23,0.00,0.00,0.00,70.97
07:08:56,12,14.58,0.00,14.58,0.00,0.00,4.17,0.00,0.00,0.00,66.67
07:08:56,13,15.79,0.00,13.68,0.00,0.00,3.16,0.00,0.00,0.00,67.37
07:08:56,14,13.33,0.00,13.33,0.00,0.00,4.44,0.00,0.00,0.00,68.89
07:08:56,15,14.89,0.00,11.70,0.00,0.00,4.26,0.00,0.00,0.00,69.15
07:08:57,4,12.36,0.00,10.11,0.00,0.00,4.49,0.00,0.00,0.00,73.03
07:08:57,5,12.90,0.00,11.83,0.00,0.00,5.38,0.00,0.00,0.00,69.89
07:08:57,6,15.79,0.00,10.53,0.00,0.00,4.21,0.00,0.00,0.00,69.47
07:08:57,7,13.83,0.00,11.70,0.00,0.00,4.26,0.00,0.00,0.00,70.21
07:08:57,12,15.22,0.00,10.87,0.00,0.00,3.26,0.00,0.00,0.00,70.65
07:08:57,13,15.22,0.00,9.78,0.00,0.00,5.43,0.00,0.00,0.00,69.57
07:08:57,14,15.96,0.00,11.70,0.00,0.00,4.26,0.00,0.00,0.00,68.09
07:08:57,15,11.96,0.00,13.04,0.00,0.00,3.26,0.00,0.00,0.00,71.74
07:08:58,4,17.71,0.00,13.54,0.00,0.00,4.17,0.00,0.00,0.00,64.58
07:08:58,5,19.78,0.00,14.29,0.00,0.00,4.40,0.00,0.00,0.00,61.54
07:08:58,6,14.29,0.00,14.29,0.00,0.00,4.40,0.00,0.00,0.00,67.03
07:08:58,7,13.68,0.00,11.58,0.00,0.00,3.16,0.00,0.00,0.00,71.58
07:08:58,12,14.29,0.00,14.29,0.00,0.00,6.59,0.00,0.00,0.00,64.84
07:08:58,13,18.09,0.00,13.83,0.00,0.00,4.26,0.00,0.00,0.00,63.83
07:08:58,14,16.30,0.00,13.04,0.00,0.00,4.35,0.00,0.00,0.00,66.30
07:08:58,15,13.83,0.00,11.70,0.00,0.00,4.26,0.00,0.00,0.00,70.21
07:08:59,4,13.33,0.00,13.33,0.00,0.00,4.44,0.00,0.00,0.00,68.89
07:08:59,5,13.48,0.00,10.11,0.00,0.00,5.62,0.00,0.00,0.00,70.79
07:08:59,6,14.13,0.00,11.96,0.00,0.00,4.35,0.00,0.00,0.00,69.57
07:08:59,7,13.68,0.00,11.58,0.00,0.00,4.21,0.00,0.00,0.00,70.53
07:08:59,12,14.58,0.00,13.54,0.00,0.00,4.17,0.00,0.00,0.00,67.71
07:08:59,13,15.22,0.00,13.04,0.00,0.00,5.43,0.00,0.00,0.00,66.30
07:08:59,14,14.89,0.00,12.77,0.00,0.00,4.26,0.00,0.00,0.00,68.09
07:08:59,15,12.90,0.00,10.75,0.00,0.00,4.30,0.00,0.00,0.00,72.04
07:09:00,4,15.96,0.00,9.57,0.00,0.00,5.32,0.00,0.00,0.00,69.15
07:09:00,5,15.46,0.00,13.40,0.00,0.00,5.15,0.00,0.00,0.00,65.98
07:09:00,6,14.29,0.00,13.19,0.00,0.00,4.40,0.00,0.00,0.00,68.13
07:09:00,7,14.13,0.00,10.87,0.00,0.00,4.35,0.00,0.00,0.00,70.65
07:09:00,12,15.05,0.00,11.83,0.00,0.00,4.30,0.00,0.00,0.00,68.82
07:09:00,13,12.90,0.00,12.90,0.00,0.00,5.38,0.00,0.00,0.00,68.82
07:09:00,14,14.89,0.00,12.77,1.06,0.00,5.32,0.00,0.00,0.00,65.96
07:09:00,15,11.96,0.00,10.87,0.00,0.00,5.43,0.00,0.00,0.00,71.74
07:09:01,4,13.19,0.00,9.89,0.00,0.00,5.49,0.00,0.00,0.00,71.43
07:09:01,5,13.04,0.00,11.96,0.00,0.00,5.43,0.00,0.00,0.00,69.57
07:09:01,6,13.48,0.00,10.11,0.00,0.00,4.49,0.00,0.00,0.00,71.91
07:09:01,7,15.22,0.00,9.78,0.00,0.00,3.26,0.00,0.00,0.00,71.74
07:09:01,12,15.05,0.00,12.90,0.00,0.00,2.15,0.00,0.00,0.00,69.89
07:09:01,13,14.29,0.00,10.99,0.00,0.00,4.40,0.00,0.00,0.00,70.33
07:09:01,14,13.04,0.00,10.87,0.00,0.00,4.35,0.00,0.00,0.00,71.74
07:09:01,15,14.13,0.00,11.96,0.00,0.00,4.35,0.00,0.00,0.00,69.57
07:09:02,4,13.83,0.00,12.77,0.00,0.00,5.32,0.00,0.00,0.00,68.09
07:09:02,5,15.96,0.00,14.89,0.00,0.00,5.32,0.00,0.00,0.00,63.83
07:09:02,6,13.54,0.00,15.62,0.00,0.00,5.21,0.00,0.00,0.00,65.62
07:09:02,7,12.37,0.00,13.40,0.00,0.00,4.12,0.00,0.00,0.00,70.10
07:09:02,12,15.96,0.00,11.70,0.00,0.00,4.26,0.00,0.00,0.00,68.09
07:09:02,13,16.13,0.00,10.75,0.00,0.00,5.38,0.00,0.00,0.00,67.74
07:09:02,14,14.13,0.00,13.04,0.00,0.00,5.43,0.00,0.00,0.00,67.39
07:09:02,15,11.96,0.00,10.87,0.00,0.00,4.35,0.00,0.00,0.00,72.83
07:09:03,4,15.56,0.00,13.33,0.00,0.00,4.44,0.00,0.00,0.00,66.67
07:09:03,5,17.02,0.00,12.77,0.00,0.00,4.26,0.00,0.00,0.00,65.96
07:09:03,6,14.44,0.00,12.22,0.00,0.00,4.44,0.00,0.00,0.00,68.89
07:09:03,7,15.05,0.00,10.75,0.00,0.00,4.30,0.00,0.00,0.00,69.89
07:09:03,12,16.30,0.00,11.96,0.00,0.00,5.43,0.00,0.00,0.00,66.30
07:09:03,13,14.61,0.00,11.24,0.00,0.00,4.49,0.00,0.00,0.00,69.66
07:09:03,14,17.20,0.00,11.83,0.00,0.00,4.30,0.00,0.00,0.00,66.67
07:09:03,15,13.83,0.00,12.77,0.00,0.00,4.26,0.00,0.00,0.00,69.15
07:09:04,4,16.13,0.00,11.83,0.00,0.00,4.30,0.00,0.00,0.00,67.74
07:09:04,5,17.20,0.00,13.98,0.00,0.00,4.30,0.00,0.00,0.00,64.52
07:09:04,6,13.83,0.00,11.70,0.00,0.00,6.38,0.00,0.00,0.00,68.09
07:09:04,7,10.99,0.00,10.99,0.00,0.00,3.30,0.00,0.00,0.00,74.73
07:09:04,12,14.13,0.00,13.04,0.00,0.00,4.35,0.00,0.00,0.00,68.48
07:09:04,13,14.89,0.00,15.96,0.00,0.00,4.26,0.00,0.00,0.00,64.89
07:09:04,14,12.90,0.00,12.90,0.00,0.00,5.38,0.00,0.00,0.00,68.82
07:09:04,15,10.99,0.00,8.79,0.00,0.00,5.49,0.00,0.00,0.00,74.73
07:09:05,4,15.05,0.00,11.83,0.00,0.00,5.38,0.00,0.00,0.00,67.74
07:09:05,5,13.98,0.00,15.05,1.08,0.00,4.30,0.00,0.00,0.00,65.59
07:09:05,6,15.05,0.00,12.90,0.00,0.00,4.30,0.00,0.00,0.00,67.74
07:09:05,7,13.98,0.00,9.68,0.00,0.00,4.30,0.00,0.00,0.00,72.04
07:09:05,12,13.98,0.00,13.98,0.00,0.00,4.30,0.00,0.00,0.00,67.74
07:09:05,13,15.22,0.00,15.22,0.00,0.00,4.35,0.00,0.00,0.00,65.22
07:09:05,14,15.22,0.00,10.87,0.00,0.00,4.35,0.00,0.00,0.00,69.57
07:09:05,15,14.13,0.00,11.96,0.00,0.00,3.26,0.00,0.00,0.00,70.65
07:09:06,4,16.84,0.00,11.58,0.00,0.00,4.21,0.00,0.00,0.00,67.37
07:09:06,5,13.83,0.00,12.77,0.00,0.00,5.32,0.00,0.00,0.00,68.09
07:09:06,6,14.13,0.00,11.96,0.00,0.00,4.35,0.00,0.00,0.00,69.57
07:09:06,7,11.24,0.00,10.11,0.00,0.00,3.37,0.00,0.00,0.00,75.28
07:09:06,12,11.70,0.00,13.83,0.00,0.00,5.32,0.00,0.00,0.00,69.15
07:09:06,13,12.90,0.00,13.98,0.00,0.00,5.38,0.00,0.00,0.00,67.74
07:09:06,14,16.30,0.00,11.96,0.00,0.00,4.35,0.00,0.00,0.00,67.39
07:09:06,15,13.98,0.00,12.90,0.00,0.00,4.30,0.00,0.00,0.00,68.82
07:09:07,4,13.83,0.00,12.77,0.00,0.00,4.26,0.00,0.00,0.00,69.15
07:09:07,5,15.56,0.00,11.11,0.00,0.00,4.44,0.00,0.00,0.00,68.89
07:09:07,6,14.13,0.00,11.96,0.00,0.00,4.35,0.00,0.00,0.00,69.57
07:09:07,7,12.77,0.00,10.64,0.00,0.00,4.26,0.00,0.00,0.00,72.34
07:09:07,12,16.84,0.00,12.63,0.00,0.00,5.26,0.00,0.00,0.00,65.26
07:09:07,13,15.22,0.00,14.13,0.00,0.00,4.35,0.00,0.00,0.00,66.30
07:09:07,14,14.13,0.00,13.04,0.00,0.00,3.26,0.00,0.00,0.00,69.57
07:09:07,15,11.70,0.00,11.70,0.00,0.00,4.26,0.00,0.00,0.00,72.34
07:09:08,4,16.84,0.00,12.63,0.00,0.00,5.26,0.00,0.00,0.00,65.26
07:09:08,5,15.79,0.00,13.68,0.00,0.00,5.26,0.00,0.00,0.00,65.26
07:09:08,6,13.98,0.00,12.90,0.00,0.00,5.38,0.00,0.00,0.00,67.74
07:09:08,7,13.68,0.00,12.63,0.00,0.00,5.26,0.00,0.00,0.00,68.42
07:09:08,12,14.44,0.00,13.33,0.00,0.00,4.44,0.00,0.00,0.00,67.78
07:09:08,13,19.15,0.00,15.96,0.00,0.00,4.26,0.00,0.00,0.00,60.64
07:09:08,14,13.83,0.00,13.83,0.00,0.00,5.32,0.00,0.00,0.00,67.02
07:09:08,15,13.04,0.00,14.13,0.00,0.00,3.26,0.00,0.00,0.00,69.57
07:09:09,4,13.98,0.00,12.90,0.00,0.00,3.23,0.00,0.00,0.00,69.89
07:09:09,5,12.09,0.00,13.19,0.00,0.00,4.40,0.00,0.00,0.00,70.33
07:09:09,6,14.29,0.00,13.19,0.00,0.00,4.40,0.00,0.00,0.00,68.13
07:09:09,7,14.13,0.00,10.87,0.00,0.00,4.35,0.00,0.00,0.00,70.65
07:09:09,12,15.96,0.00,12.77,0.00,0.00,3.19,0.00,0.00,0.00,68.09
07:09:09,13,13.98,0.00,10.75,0.00,0.00,5.38,0.00,0.00,0.00,69.89
07:09:09,14,15.05,0.00,11.83,0.00,0.00,4.30,0.00,0.00,0.00,68.82
07:09:09,15,13.19,0.00,10.99,0.00,0.00,4.40,0.00,0.00,0.00,71.43
07:09:10,4,12.90,0.00,12.90,0.00,0.00,4.30,0.00,0.00,0.00,69.89
07:09:10,5,17.39,0.00,8.70,0.00,0.00,4.35,0.00,0.00,0.00,69.57
07:09:10,6,14.89,0.00,11.70,0.00,0.00,5.32,0.00,0.00,0.00,68.09
07:09:10,7,12.90,0.00,10.75,0.00,0.00,4.30,0.00,0.00,0.00,72.04
07:09:10,12,15.05,0.00,15.05,0.00,0.00,5.38,0.00,0.00,0.00,64.52
07:09:10,13,14.74,0.00,11.58,0.00,0.00,6.32,0.00,0.00,0.00,67.37
07:09:10,14,15.22,0.00,11.96,0.00,0.00,5.43,0.00,0.00,0.00,67.39
07:09:10,15,15.79,0.00,10.53,0.00,0.00,4.21,0.00,0.00,0.00,69.47
07:09:11,4,15.79,0.00,12.63,0.00,0.00,6.32,0.00,0.00,0.00,65.26
07:09:11,5,13.04,0.00,13.04,0.00,0.00,4.35,0.00,0.00,0.00,69.57
07:09:11,6,13.98,0.00,11.83,0.00,0.00,5.38,0.00,0.00,0.00,68.82
07:09:11,7,11.58,0.00,12.63,0.00,0.00,4.21,0.00,0.00,0.00,71.58
07:09:11,12,14.89,0.00,11.70,0.00,0.00,4.26,0.00,0.00,0.00,69.15
07:09:11,13,15.46,0.00,15.46,0.00,0.00,6.19,0.00,0.00,0.00,62.89
07:09:11,14,14.29,0.00,10.99,0.00,0.00,4.40,0.00,0.00,0.00,70.33
07:09:11,15,13.83,0.00,9.57,0.00,0.00,4.26,0.00,0.00,0.00,72.34
07:09:12,4,15.05,0.00,11.83,0.00,0.00,4.30,0.00,0.00,0.00,68.82
07:09:12,5,12.09,0.00,12.09,0.00,0.00,4.40,0.00,0.00,0.00,71.43
07:09:12,6,14.13,0.00,11.96,0.00,0.00,4.35,0.00,0.00,0.00,69.57
07:09:12,7,15.62,0.00,11.46,0.00,0.00,5.21,0.00,0.00,0.00,67.71
07:09:12,12,14.13,0.00,11.96,0.00,0.00,4.35,0.00,0.00,0.00,69.57
07:09:12,13,14.29,0.00,12.09,0.00,0.00,3.30,0.00,0.00,0.00,70.33
07:09:12,14,15.62,0.00,11.46,0.00,0.00,5.21,0.00,0.00,0.00,67.71
07:09:12,15,14.13,0.00,11.96,0.00,0.00,3.26,0.00,0.00,0.00,70.65
07:09:13,4,18.48,0.00,14.13,0.00,0.00,4.35,0.00,0.00,0.00,63.04
07:09:13,5,17.20,0.00,11.83,0.00,0.00,4.30,0.00,0.00,0.00,66.67
07:09:13,6,16.13,0.00,12.90,0.00,0.00,4.30,0.00,0.00,0.00,66.67
07:09:13,7,14.44,0.00,10.00,0.00,0.00,3.33,0.00,0.00,0.00,72.22
07:09:13,12,14.13,0.00,13.04,0.00,0.00,4.35,0.00,0.00,0.00,68.48
07:09:13,13,15.22,0.00,11.96,0.00,0.00,5.43,0.00,0.00,0.00,67.39
07:09:13,14,16.13,0.00,11.83,0.00,0.00,4.30,0.00,0.00,0.00,67.74
07:09:13,15,12.09,0.00,10.99,0.00,0.00,5.49,0.00,0.00,0.00,71.43
07:09:14,4,14.13,0.00,13.04,0.00,0.00,5.43,0.00,0.00,0.00,67.39
07:09:14,5,15.05,0.00,10.75,0.00,0.00,4.30,0.00,0.00,0.00,69.89
07:09:14,6,13.04,0.00,13.04,0.00,0.00,4.35,0.00,0.00,0.00,69.57
07:09:14,7,14.43,0.00,11.34,0.00,0.00,5.15,0.00,0.00,0.00,69.07
07:09:14,12,13.19,0.00,9.89,0.00,0.00,5.49,0.00,0.00,0.00,71.43
07:09:14,13,14.89,0.00,12.77,0.00,0.00,4.26,0.00,0.00,0.00,68.09
07:09:14,14,15.79,0.00,14.74,0.00,0.00,5.26,0.00,0.00,0.00,64.21
07:09:14,15,13.04,0.00,9.78,0.00,0.00,5.43,0.00,0.00,0.00,71.74
07:09:15,4,15.05,0.00,11.83,0.00,0.00,4.30,0.00,0.00,0.00,68.82
07:09:15,5,14.44,0.00,10.00,0.00,0.00,5.56,0.00,0.00,0.00,70.00
07:09:15,6,15.05,0.00,12.90,0.00,0.00,3.23,0.00,0.00,0.00,68.82
07:09:15,7,13.19,0.00,12.09,0.00,0.00,3.30,0.00,0.00,0.00,71.43
07:09:15,12,13.04,0.00,11.96,0.00,0.00,4.35,0.00,0.00,0.00,70.65
07:09:15,13,17.02,0.00,14.89,1.06,0.00,3.19,0.00,0.00,0.00,63.83
07:09:15,14,15.22,0.00,11.96,0.00,0.00,3.26,0.00,0.00,0.00,69.57
07:09:15,15,13.04,0.00,11.96,0.00,0.00,4.35,0.00,0.00,0.00,70.65
07:09:16,4,14.74,0.00,11.58,0.00,0.00,6.32,0.00,0.00,0.00,67.37
07:09:16,5,15.79,0.00,10.53,0.00,0.00,5.26,0.00,0.00,0.00,68.42
07:09:16,6,15.96,0.00,11.70,0.00,0.00,5.32,0.00,0.00,0.00,67.02
07:09:16,7,14.89,0.00,10.64,0.00,0.00,4.26,0.00,0.00,0.00,70.21
07:09:16,12,11.96,0.00,13.04,0.00,0.00,5.43,0.00,0.00,0.00,69.57
07:09:16,13,13.98,0.00,11.83,0.00,0.00,4.30,0.00,0.00,0.00,69.89
07:09:16,14,15.22,0.00,13.04,0.00,0.00,4.35,0.00,0.00,0.00,67.39
07:09:16,15,14.74,0.00,10.53,0.00,0.00,5.26,0.00,0.00,0.00,69.47
07:09:17,4,13.98,0.00,12.90,0.00,0.00,4.30,0.00,0.00,0.00,68.82
07:09:17,5,13.04,0.00,11.96,0.00,0.00,4.35,0.00,0.00,0.00,70.65
07:09:17,6,12.63,0.00,12.63,0.00,0.00,6.32,0.00,0.00,0.00,68.42
07:09:17,7,14.29,0.00,10.99,0.00,0.00,4.40,0.00,0.00,0.00,70.33
07:09:17,12,15.96,0.00,11.70,0.00,0.00,4.26,0.00,0.00,0.00,68.09
07:09:17,13,15.22,0.00,10.87,0.00,0.00,4.35,0.00,0.00,0.00,69.57
07:09:17,14,13.98,0.00,10.75,0.00,0.00,5.38,0.00,0.00,0.00,69.89
07:09:17,15,16.48,0.00,9.89,0.00,0.00,3.30,0.00,0.00,0.00,70.33
07:09:18,4,14.29,0.00,12.09,0.00,0.00,5.49,0.00,0.00,0.00,68.13
07:09:18,5,14.13,0.00,10.87,0.00,0.00,5.43,0.00,0.00,0.00,69.57
07:09:18,6,14.13,0.00,13.04,0.00,0.00,5.43,0.00,0.00,0.00,67.39
07:09:18,7,13.04,0.00,9.78,0.00,0.00,4.35,0.00,0.00,0.00,72.83
07:09:18,12,14.89,0.00,17.02,0.00,0.00,5.32,0.00,0.00,0.00,62.77
07:09:18,13,18.09,0.00,12.77,0.00,0.00,4.26,0.00,0.00,0.00,64.89
07:09:18,14,15.96,0.00,11.70,0.00,0.00,4.26,0.00,0.00,0.00,68.09
07:09:18,15,16.30,0.00,10.87,0.00,0.00,4.35,0.00,0.00,0.00,68.48
07:09:19,4,14.61,0.00,11.24,0.00,0.00,2.25,0.00,0.00,0.00,71.91
07:09:19,5,13.04,0.00,11.96,0.00,0.00,4.35,0.00,0.00,0.00,70.65
07:09:19,6,13.98,0.00,11.83,0.00,0.00,4.30,0.00,0.00,0.00,69.89
07:09:19,7,12.90,0.00,11.83,0.00,0.00,4.30,0.00,0.00,0.00,70.97
07:09:19,12,14.89,0.00,10.64,0.00,0.00,4.26,0.00,0.00,0.00,70.21
07:09:19,13,14.13,0.00,8.70,0.00,0.00,5.43,0.00,0.00,0.00,71.74
07:09:19,14,15.22,0.00,11.96,2.17,0.00,5.43,0.00,0.00,0.00,65.22
07:09:19,15,13.19,0.00,10.99,0.00,0.00,4.40,0.00,0.00,0.00,71.43
07:09:20,4,16.13,0.00,11.83,1.08,0.00,5.38,0.00,0.00,0.00,65.59
07:09:20,5,15.22,0.00,10.87,1.09,0.00,5.43,0.00,0.00,0.00,67.39
07:09:20,6,15.79,0.00,12.63,0.00,0.00,5.26,0.00,0.00,0.00,66.32
07:09:20,7,13.98,0.00,9.68,0.00,0.00,4.30,0.00,0.00,0.00,72.04
07:09:20,12,15.79,0.00,10.53,0.00,0.00,5.26,0.00,0.00,0.00,68.42
07:09:20,13,16.30,0.00,13.04,0.00,0.00,4.35,0.00,0.00,0.00,66.30
07:09:20,14,14.29,0.00,12.09,0.00,0.00,5.49,0.00,0.00,0.00,68.13
07:09:20,15,13.83,0.00,11.70,0.00,0.00,4.26,0.00,0.00,0.00,70.21
07:09:21,4,13.83,0.00,12.77,0.00,0.00,5.32,0.00,0.00,0.00,68.09
07:09:21,5,15.38,0.00,14.29,0.00,0.00,4.40,0.00,0.00,0.00,65.93
07:09:21,6,13.04,0.00,13.04,0.00,0.00,4.35,0.00,0.00,0.00,69.57
07:09:21,7,11.70,0.00,11.70,0.00,0.00,5.32,0.00,0.00,0.00,71.28
07:09:21,12,11.83,0.00,15.05,0.00,0.00,4.30,0.00,0.00,0.00,68.82
07:09:21,13,16.48,0.00,10.99,0.00,0.00,4.40,0.00,0.00,0.00,68.13
07:09:21,14,17.20,0.00,11.83,0.00,0.00,4.30,0.00,0.00,0.00,66.67
07:09:21,15,13.98,0.00,10.75,0.00,0.00,5.38,0.00,0.00,0.00,69.89
07:09:22,4,15.96,0.00,13.83,0.00,0.00,4.26,0.00,0.00,0.00,65.96
07:09:22,5,15.38,0.00,9.89,0.00,0.00,4.40,0.00,0.00,0.00,70.33
07:09:22,6,15.22,0.00,10.87,0.00,0.00,4.35,0.00,0.00,0.00,69.57
07:09:22,7,11.96,0.00,11.96,0.00,0.00,4.35,0.00,0.00,0.00,71.74
07:09:22,12,13.98,0.00,12.90,0.00,0.00,3.23,0.00,0.00,0.00,69.89
07:09:22,13,15.22,0.00,14.13,0.00,0.00,4.35,0.00,0.00,0.00,66.30
07:09:22,14,14.29,0.00,13.19,0.00,0.00,4.40,0.00,0.00,0.00,68.13
07:09:22,15,12.09,0.00,13.19,0.00,0.00,5.49,0.00,0.00,0.00,69.23
07:09:23,4,15.38,0.00,13.19,0.00,0.00,5.49,0.00,0.00,0.00,65.93
07:09:23,5,15.05,0.00,12.90,0.00,0.00,4.30,0.00,0.00,0.00,67.74
07:09:23,6,13.19,0.00,13.19,0.00,0.00,4.40,0.00,0.00,0.00,69.23
07:09:23,7,11.11,0.00,10.00,0.00,0.00,4.44,0.00,0.00,0.00,74.44
07:09:23,12,14.13,0.00,13.04,0.00,0.00,6.52,0.00,0.00,0.00,66.30
07:09:23,13,14.13,0.00,13.04,0.00,0.00,6.52,0.00,0.00,0.00,66.30
07:09:23,14,15.79,0.00,12.63,0.00,0.00,5.26,0.00,0.00,0.00,66.32
07:09:23,15,14.58,0.00,11.46,0.00,0.00,4.17,0.00,0.00,0.00,69.79
07:09:24,4,15.05,0.00,13.98,0.00,0.00,5.38,0.00,0.00,0.00,65.59
07:09:24,5,17.02,0.00,12.77,0.00,0.00,4.26,0.00,0.00,0.00,65.96
07:09:24,6,16.49,0.00,13.40,0.00,0.00,6.19,0.00,0.00,0.00,63.92
07:09:24,7,13.83,0.00,11.70,0.00,0.00,4.26,0.00,0.00,0.00,70.21
07:09:24,12,18.09,0.00,13.83,0.00,0.00,3.19,0.00,0.00,0.00,64.89
07:09:24,13,13.83,0.00,12.77,0.00,0.00,6.38,0.00,0.00,0.00,67.02
07:09:24,14,17.39,0.00,11.96,2.17,0.00,4.35,0.00,0.00,0.00,64.13
07:09:24,15,12.90,0.00,11.83,0.00,0.00,4.30,0.00,0.00,0.00,70.97
07:09:25,4,15.22,0.00,14.13,0.00,0.00,4.35,0.00,0.00,0.00,66.30
07:09:25,5,15.22,0.00,13.04,0.00,0.00,3.26,0.00,0.00,0.00,68.48
07:09:25,6,13.04,0.00,13.04,0.00,0.00,5.43,0.00,0.00,0.00,68.48
07:09:25,7,12.22,0.00,11.11,2.22,0.00,4.44,0.00,0.00,0.00,70.00
07:09:25,12,15.05,0.00,10.75,0.00,0.00,5.38,0.00,0.00,0.00,68.82
07:09:25,13,14.13,0.00,13.04,0.00,0.00,4.35,0.00,0.00,0.00,68.48
07:09:25,14,14.89,0.00,11.70,0.00,0.00,5.32,0.00,0.00,0.00,68.09
07:09:25,15,14.13,0.00,11.96,0.00,0.00,3.26,0.00,0.00,0.00,70.65
07:09:26,4,15.22,0.00,11.96,0.00,0.00,4.35,0.00,0.00,0.00,68.48
07:09:26,5,13.98,0.00,12.90,1.08,0.00,4.30,0.00,0.00,0.00,67.74
07:09:26,6,15.96,0.00,12.77,0.00,0.00,4.26,0.00,0.00,0.00,67.02
07:09:26,7,12.90,0.00,12.90,0.00,0.00,4.30,0.00,0.00,0.00,69.89
07:09:26,12,15.05,0.00,11.83,0.00,0.00,4.30,0.00,0.00,0.00,68.82
07:09:26,13,15.38,0.00,12.09,0.00,0.00,5.49,0.00,0.00,0.00,67.03
07:09:26,14,17.02,0.00,11.70,0.00,0.00,4.26,0.00,0.00,0.00,67.02
07:09:26,15,15.96,0.00,11.70,0.00,0.00,3.19,0.00,0.00,0.00,69.15
07:09:27,4,14.89,0.00,14.89,0.00,0.00,4.26,0.00,0.00,0.00,65.96
07:09:27,5,13.04,0.00,15.22,0.00,0.00,5.43,0.00,0.00,0.00,66.30
07:09:27,6,13.19,0.00,12.09,0.00,0.00,5.49,0.00,0.00,0.00,69.23
07:09:27,7,13.98,0.00,10.75,0.00,0.00,4.30,0.00,0.00,0.00,70.97
07:09:27,12,13.83,0.00,12.77,0.00,0.00,4.26,0.00,0.00,0.00,69.15
07:09:27,13,13.98,0.00,13.98,0.00,0.00,5.38,0.00,0.00,0.00,66.67
07:09:27,14,16.13,0.00,10.75,0.00,0.00,4.30,0.00,0.00,0.00,68.82
07:09:27,15,11.96,0.00,9.78,0.00,0.00,5.43,0.00,0.00,0.00,72.83
07:09:28,4,14.13,0.00,13.04,0.00,0.00,4.35,0.00,0.00,0.00,68.48
07:09:28,5,15.38,0.00,12.09,0.00,0.00,4.40,0.00,0.00,0.00,68.13
07:09:28,6,15.05,0.00,11.83,0.00,0.00,5.38,0.00,0.00,0.00,67.74
07:09:28,7,14.43,0.00,12.37,0.00,0.00,4.12,0.00,0.00,0.00,69.07
07:09:28,12,15.96,0.00,14.89,0.00,0.00,5.32,0.00,0.00,0.00,63.83
07:09:28,13,18.28,0.00,11.83,0.00,0.00,5.38,0.00,0.00,0.00,64.52
07:09:28,14,15.96,0.00,12.77,0.00,0.00,4.26,0.00,0.00,0.00,67.02
07:09:28,15,12.90,0.00,12.90,0.00,0.00,4.30,0.00,0.00,0.00,69.89
07:09:29,4,15.22,0.00,11.96,0.00,0.00,4.35,0.00,0.00,0.00,68.48
07:09:29,5,15.22,0.00,13.04,0.00,0.00,5.43,0.00,0.00,0.00,66.30
07:09:29,6,16.13,0.00,11.83,0.00,0.00,6.45,0.00,0.00,0.00,65.59
07:09:29,7,15.96,0.00,11.70,1.06,0.00,4.26,0.00,0.00,0.00,67.02
07:09:29,12,13.04,0.00,14.13,0.00,0.00,4.35,0.00,0.00,0.00,68.48
07:09:29,13,15.96,0.00,14.89,0.00,0.00,6.38,0.00,0.00,0.00,62.77
07:09:29,14,12.22,0.00,13.33,0.00,0.00,4.44,0.00,0.00,0.00,70.00
07:09:29,15,13.98,0.00,11.83,0.00,0.00,5.38,0.00,0.00,0.00,68.82
07:09:30,4,15.05,0.00,12.90,2.15,0.00,4.30,0.00,0.00,0.00,65.59
07:09:30,5,14.61,0.00,11.24,0.00,0.00,4.49,0.00,0.00,0.00,69.66
07:09:30,6,14.74,0.00,14.74,0.00,0.00,5.26,0.00,0.00,0.00,65.26
07:09:30,7,13.83,0.00,11.70,0.00,0.00,4.26,0.00,0.00,0.00,70.21
07:09:30,12,14.74,0.00,14.74,1.05,0.00,4.21,0.00,0.00,0.00,65.26
07:09:30,13,15.22,0.00,11.96,0.00,0.00,4.35,0.00,0.00,0.00,68.48
07:09:30,14,17.71,0.00,11.46,0.00,0.00,5.21,0.00,0.00,0.00,65.62
07:09:30,15,12.90,0.00,11.83,0.00,0.00,4.30,0.00,0.00,0.00,70.97
07:09:31,4,13.98,0.00,11.83,0.00,0.00,5.38,0.00,0.00,0.00,68.82
07:09:31,5,16.84,0.00,12.63,0.00,0.00,5.26,0.00,0.00,0.00,65.26
07:09:31,6,17.02,0.00,11.70,0.00,0.00,4.26,0.00,0.00,0.00,67.02
07:09:31,7,13.40,0.00,12.37,0.00,0.00,3.09,0.00,0.00,0.00,71.13
07:09:31,12,13.98,0.00,15.05,0.00,0.00,5.38,0.00,0.00,0.00,65.59
07:09:31,13,16.67,0.00,12.50,0.00,0.00,5.21,0.00,0.00,0.00,65.62
07:09:31,14,15.38,0.00,12.09,0.00,0.00,4.40,0.00,0.00,0.00,68.13
07:09:31,15,12.90,0.00,12.90,0.00,0.00,2.15,0.00,0.00,0.00,72.04
07:09:32,4,13.04,0.00,13.04,0.00,0.00,5.43,0.00,0.00,0.00,68.48
07:09:32,5,18.09,0.00,11.70,0.00,0.00,5.32,0.00,0.00,0.00,64.89
07:09:32,6,14.13,0.00,13.04,0.00,0.00,4.35,0.00,0.00,0.00,68.48
07:09:32,7,14.89,0.00,9.57,0.00,0.00,5.32,0.00,0.00,0.00,70.21
07:09:32,12,13.98,0.00,10.75,0.00,0.00,7.53,0.00,0.00,0.00,67.74
07:09:32,13,15.05,0.00,11.83,0.00,0.00,5.38,0.00,0.00,0.00,67.74
07:09:32,14,13.33,0.00,11.11,0.00,0.00,3.33,0.00,0.00,0.00,72.22
07:09:32,15,10.87,0.00,13.04,0.00,0.00,4.35,0.00,0.00,0.00,71.74
07:09:33,4,12.63,0.00,12.63,0.00,0.00,6.32,0.00,0.00,0.00,68.42
07:09:33,5,14.29,0.00,12.09,0.00,0.00,3.30,0.00,0.00,0.00,70.33
07:09:33,6,13.83,0.00,10.64,0.00,0.00,6.38,0.00,0.00,0.00,69.15
07:09:33,7,13.04,0.00,13.04,0.00,0.00,4.35,0.00,0.00,0.00,69.57
07:09:33,12,13.04,0.00,11.96,0.00,0.00,4.35,0.00,0.00,0.00,70.65
07:09:33,13,13.54,0.00,12.50,0.00,0.00,6.25,0.00,0.00,0.00,67.71
07:09:33,14,14.58,0.00,11.46,0.00,0.00,6.25,0.00,0.00,0.00,67.71
07:09:33,15,15.05,0.00,10.75,0.00,0.00,4.30,0.00,0.00,0.00,69.89
07:09:34,4,17.02,0.00,12.77,0.00,0.00,4.26,0.00,0.00,0.00,65.96
07:09:34,5,15.05,0.00,12.90,0.00,0.00,5.38,0.00,0.00,0.00,66.67
07:09:34,6,14.13,0.00,14.13,1.09,0.00,4.35,0.00,0.00,0.00,66.30
07:09:34,7,15.31,0.00,12.24,0.00,0.00,5.10,0.00,0.00,0.00,67.35
07:09:34,12,14.89,0.00,14.89,0.00,0.00,4.26,0.00,0.00,0.00,65.96
07:09:34,13,16.13,0.00,11.83,0.00,0.00,4.30,0.00,0.00,0.00,67.74
07:09:34,14,13.48,0.00,12.36,0.00,0.00,3.37,0.00,0.00,0.00,70.79
07:09:34,15,12.63,0.00,12.63,0.00,0.00,4.21,0.00,0.00,0.00,70.53
07:09:35,4,14.44,0.00,12.22,1.11,0.00,5.56,0.00,0.00,0.00,66.67
07:09:35,5,15.38,0.00,12.09,0.00,0.00,4.40,0.00,0.00,0.00,68.13
07:09:35,6,12.90,0.00,12.90,0.00,0.00,4.30,0.00,0.00,0.00,69.89
07:09:35,7,13.68,0.00,12.63,0.00,0.00,4.21,0.00,0.00,0.00,69.47
07:09:35,12,14.89,0.00,13.83,0.00,0.00,5.32,0.00,0.00,0.00,65.96
07:09:35,13,16.13,0.00,11.83,0.00,0.00,4.30,0.00,0.00,0.00,67.74
07:09:35,14,14.13,0.00,10.87,2.17,0.00,3.26,0.00,0.00,0.00,69.57
07:09:35,15,12.77,0.00,11.70,0.00,0.00,4.26,0.00,0.00,0.00,71.28
07:09:36,4,15.62,0.00,13.54,0.00,0.00,5.21,0.00,0.00,0.00,65.62
07:09:36,5,16.30,0.00,15.22,0.00,0.00,3.26,0.00,0.00,0.00,65.22
07:09:36,6,11.11,0.00,13.33,0.00,0.00,4.44,0.00,0.00,0.00,71.11
07:09:36,7,14.89,0.00,9.57,0.00,0.00,4.26,0.00,0.00,0.00,71.28
07:09:36,12,13.98,0.00,13.98,0.00,0.00,6.45,0.00,0.00,0.00,65.59
07:09:36,13,16.13,0.00,15.05,0.00,0.00,6.45,0.00,0.00,0.00,62.37
07:09:36,14,14.29,0.00,10.99,0.00,0.00,5.49,0.00,0.00,0.00,69.23
07:09:36,15,15.22,0.00,8.70,0.00,0.00,4.35,0.00,0.00,0.00,71.74
07:09:37,4,14.13,0.00,10.87,0.00,0.00,6.52,0.00,0.00,0.00,68.48
07:09:37,5,13.68,0.00,15.79,0.00,0.00,6.32,0.00,0.00,0.00,64.21
07:09:37,6,15.38,0.00,13.19,0.00,0.00,3.30,0.00,0.00,0.00,68.13
07:09:37,7,10.87,0.00,11.96,0.00,0.00,4.35,0.00,0.00,0.00,72.83
07:09:37,12,15.22,0.00,15.22,0.00,0.00,4.35,0.00,0.00,0.00,65.22
07:09:37,13,13.19,0.00,12.09,0.00,0.00,5.49,0.00,0.00,0.00,69.23
07:09:37,14,17.39,0.00,10.87,0.00,0.00,4.35,0.00,0.00,0.00,67.39
07:09:37,15,13.19,0.00,10.99,0.00,0.00,3.30,0.00,0.00,0.00,72.53
07:09:38,4,15.96,0.00,10.64,0.00,0.00,4.26,0.00,0.00,0.00,69.15
07:09:38,5,14.29,0.00,12.09,0.00,0.00,4.40,0.00,0.00,0.00,69.23
07:09:38,6,15.05,0.00,10.75,0.00,0.00,4.30,0.00,0.00,0.00,69.89
07:09:38,7,11.70,0.00,11.70,0.00,0.00,5.32,0.00,0.00,0.00,71.28
07:09:38,12,15.22,0.00,11.96,0.00,0.00,5.43,0.00,0.00,0.00,67.39
07:09:38,13,14.13,0.00,11.96,0.00,0.00,4.35,0.00,0.00,0.00,69.57
07:09:38,14,15.31,0.00,14.29,0.00,0.00,5.10,0.00,0.00,0.00,65.31
07:09:38,15,13.98,0.00,11.83,0.00,0.00,3.23,0.00,0.00,0.00,70.97
07:09:39,4,17.39,0.00,14.13,2.17,0.00,4.35,0.00,0.00,0.00,61.96
07:09:39,5,17.39,0.00,13.04,0.00,0.00,5.43,0.00,0.00,0.00,64.13
07:09:39,6,14.13,0.00,14.13,0.00,0.00,4.35,0.00,0.00,0.00,67.39
07:09:39,7,14.13,0.00,11.96,0.00,0.00,4.35,0.00,0.00,0.00,69.57
07:09:39,12,16.84,0.00,12.63,0.00,0.00,4.21,0.00,0.00,0.00,66.32
07:09:39,13,14.74,0.00,14.74,0.00,0.00,6.32,0.00,0.00,0.00,64.21
07:09:39,14,16.30,0.00,9.78,0.00,0.00,5.43,0.00,0.00,0.00,68.48
07:09:39,15,14.13,0.00,10.87,0.00,0.00,4.35,0.00,0.00,0.00,70.65
07:09:40,4,14.13,0.00,14.13,0.00,0.00,5.43,0.00,0.00,0.00,66.30
07:09:40,5,14.29,0.00,12.09,1.10,0.00,5.49,0.00,0.00,0.00,67.03
07:09:40,6,15.05,0.00,13.98,0.00,0.00,4.30,0.00,0.00,0.00,66.67
07:09:40,7,12.77,0.00,10.64,0.00,0.00,5.32,0.00,0.00,0.00,71.28
07:09:40,12,12.09,0.00,14.29,0.00,0.00,4.40,0.00,0.00,0.00,69.23
07:09:40,13,15.79,0.00,12.63,0.00,0.00,5.26,0.00,0.00,0.00,66.32
07:09:40,14,14.29,0.00,12.09,0.00,0.00,4.40,0.00,0.00,0.00,69.23
07:09:40,15,12.90,0.00,10.75,0.00,0.00,4.30,0.00,0.00,0.00,72.04
07:09:41,4,14.13,0.00,13.04,0.00,0.00,4.35,0.00,0.00,0.00,68.48
07:09:41,5,14.61,0.00,11.24,0.00,0.00,3.37,0.00,0.00,0.00,70.79
07:09:41,6,15.22,0.00,11.96,0.00,0.00,5.43,0.00,0.00,0.00,67.39
07:09:41,7,12.90,0.00,12.90,0.00,0.00,4.30,0.00,0.00,0.00,69.89
07:09:41,12,13.83,0.00,12.77,0.00,0.00,5.32,0.00,0.00,0.00,68.09
07:09:41,13,15.38,0.00,10.99,0.00,0.00,3.30,0.00,0.00,0.00,70.33
07:09:41,14,14.89,0.00,12.77,0.00,0.00,4.26,0.00,0.00,0.00,68.09
07:09:41,15,12.09,0.00,12.09,0.00,0.00,4.40,0.00,0.00,0.00,71.43
07:09:42,4,15.22,0.00,13.04,0.00,0.00,5.43,0.00,0.00,0.00,66.30
07:09:42,5,14.43,0.00,14.43,0.00,0.00,6.19,0.00,0.00,0.00,64.95
07:09:42,6,15.05,0.00,12.90,0.00,0.00,5.38,0.00,0.00,0.00,66.67
07:09:42,7,13.68,0.00,10.53,0.00,0.00,4.21,0.00,0.00,0.00,71.58
07:09:42,12,15.79,0.00,11.58,0.00,0.00,5.26,0.00,0.00,0.00,67.37
07:09:42,13,12.22,0.00,12.22,0.00,0.00,4.44,0.00,0.00,0.00,71.11
07:09:42,14,13.83,0.00,12.77,0.00,0.00,6.38,0.00,0.00,0.00,67.02
07:09:42,15,13.04,0.00,9.78,0.00,0.00,4.35,0.00,0.00,0.00,72.83
07:09:43,4,16.13,0.00,15.05,0.00,0.00,3.23,0.00,0.00,0.00,65.59
07:09:43,5,13.98,0.00,13.98,0.00,0.00,4.30,0.00,0.00,0.00,67.74
07:09:43,6,14.89,0.00,11.70,0.00,0.00,4.26,0.00,0.00,0.00,69.15
07:09:43,7,11.70,0.00,10.64,0.00,0.00,4.26,0.00,0.00,0.00,73.40
07:09:43,12,15.96,0.00,13.83,0.00,0.00,4.26,0.00,0.00,0.00,65.96
07:09:43,13,13.98,0.00,13.98,0.00,0.00,4.30,0.00,0.00,0.00,67.74
07:09:43,14,15.05,0.00,10.75,0.00,0.00,6.45,0.00,0.00,0.00,67.74
07:09:43,15,11.70,0.00,11.70,0.00,0.00,4.26,0.00,0.00,0.00,72.34
07:09:44,4,14.44,0.00,12.22,0.00,0.00,4.44,0.00,0.00,0.00,68.89
07:09:44,5,15.73,0.00,10.11,0.00,0.00,3.37,0.00,0.00,0.00,70.79
07:09:44,6,16.13,0.00,10.75,0.00,0.00,4.30,0.00,0.00,0.00,68.82
07:09:44,7,13.19,0.00,13.19,0.00,0.00,3.30,0.00,0.00,0.00,70.33
07:09:44,12,16.84,0.00,13.68,0.00,0.00,5.26,0.00,0.00,0.00,64.21
07:09:44,13,13.33,0.00,13.33,0.00,0.00,4.44,0.00,0.00,0.00,68.89
07:09:44,14,13.98,0.00,11.83,0.00,0.00,6.45,0.00,0.00,0.00,67.74
07:09:44,15,13.98,0.00,12.90,0.00,0.00,6.45,0.00,0.00,0.00,66.67
07:09:45,4,13.98,0.00,12.90,0.00,0.00,6.45,0.00,0.00,0.00,66.67
07:09:45,5,13.98,0.00,11.83,0.00,0.00,6.45,0.00,0.00,0.00,67.74
07:09:45,6,17.71,0.00,11.46,0.00,0.00,3.12,0.00,0.00,0.00,67.71
07:09:45,7,12.63,0.00,11.58,0.00,0.00,5.26,0.00,0.00,0.00,70.53
07:09:45,12,13.83,0.00,15.96,0.00,0.00,5.32,0.00,0.00,0.00,64.89
07:09:45,13,14.89,0.00,14.89,0.00,0.00,6.38,0.00,0.00,0.00,63.83
07:09:45,14,14.13,0.00,13.04,0.00,0.00,4.35,0.00,0.00,0.00,68.48
07:09:45,15,12.90,0.00,12.90,0.00,0.00,4.30,0.00,0.00,0.00,69.89
07:09:46,4,14.13,0.00,11.96,0.00,0.00,5.43,0.00,0.00,0.00,68.48
07:09:46,5,13.19,0.00,12.09,0.00,0.00,4.40,0.00,0.00,0.00,70.33
07:09:46,6,14.29,0.00,10.99,0.00,0.00,4.40,0.00,0.00,0.00,70.33
07:09:46,7,12.90,0.00,12.90,0.00,0.00,4.30,0.00,0.00,0.00,69.89
07:09:46,12,15.22,0.00,11.96,0.00,0.00,4.35,0.00,0.00,0.00,68.48
07:09:46,13,14.61,0.00,12.36,0.00,0.00,4.49,0.00,0.00,0.00,68.54
07:09:46,14,15.56,0.00,11.11,0.00,0.00,3.33,0.00,0.00,0.00,70.00
07:09:46,15,13.98,0.00,11.83,0.00,0.00,4.30,0.00,0.00,0.00,69.89
07:09:47,4,15.22,0.00,10.87,0.00,0.00,4.35,0.00,0.00,0.00,69.57
07:09:47,5,13.83,0.00,11.70,0.00,0.00,5.32,0.00,0.00,0.00,69.15
07:09:47,6,11.96,0.00,11.96,0.00,0.00,5.43,0.00,0.00,0.00,70.65
07:09:47,7,12.90,0.00,11.83,0.00,0.00,4.30,0.00,0.00,0.00,70.97
07:09:47,12,15.96,0.00,13.83,0.00,0.00,5.32,0.00,0.00,0.00,64.89
07:09:47,13,14.74,0.00,12.63,0.00,0.00,6.32,0.00,0.00,0.00,66.32
07:09:47,14,12.90,0.00,12.90,0.00,0.00,5.38,0.00,0.00,0.00,68.82
07:09:47,15,13.68,0.00,11.58,0.00,0.00,5.26,0.00,0.00,0.00,69.47
07:09:48,4,15.62,0.00,12.50,0.00,0.00,4.17,0.00,0.00,0.00,67.71
07:09:48,5,14.89,0.00,13.83,0.00,0.00,4.26,0.00,0.00,0.00,67.02
07:09:48,6,13.04,0.00,10.87,0.00,0.00,4.35,0.00,0.00,0.00,71.74
07:09:48,7,13.83,0.00,9.57,0.00,0.00,5.32,0.00,0.00,0.00,71.28
07:09:48,12,15.62,0.00,13.54,0.00,0.00,5.21,0.00,0.00,0.00,65.62
07:09:48,13,13.98,0.00,15.05,0.00,0.00,4.30,0.00,0.00,0.00,66.67
07:09:48,14,15.96,0.00,12.77,0.00,0.00,4.26,0.00,0.00,0.00,67.02
07:09:48,15,14.29,0.00,13.19,0.00,0.00,3.30,0.00,0.00,0.00,69.23
07:09:49,4,14.74,0.00,14.74,0.00,0.00,5.26,0.00,0.00,0.00,65.26
07:09:49,5,13.04,0.00,13.04,0.00,0.00,6.52,0.00,0.00,0.00,67.39
07:09:49,6,14.13,0.00,11.96,0.00,0.00,5.43,0.00,0.00,0.00,68.48
07:09:49,7,13.19,0.00,10.99,0.00,0.00,5.49,0.00,0.00,0.00,70.33
07:09:49,12,16.13,0.00,13.98,0.00,0.00,4.30,0.00,0.00,0.00,65.59
07:09:49,13,16.13,0.00,15.05,0.00,0.00,4.30,0.00,0.00,0.00,64.52
07:09:49,14,16.30,0.00,10.87,0.00,0.00,6.52,0.00,0.00,0.00,66.30
07:09:49,15,15.31,0.00,13.27,0.00,0.00,6.12,0.00,0.00,0.00,65.31
07:09:50,4,14.89,0.00,11.70,0.00,0.00,5.32,0.00,0.00,0.00,68.09
07:09:50,5,15.79,0.00,11.58,0.00,0.00,5.26,0.00,0.00,0.00,67.37
07:09:50,6,14.13,0.00,11.96,0.00,0.00,5.43,0.00,0.00,0.00,68.48
07:09:50,7,12.77,0.00,11.70,0.00,0.00,4.26,0.00,0.00,0.00,71.28
07:09:50,12,15.96,0.00,13.83,0.00,0.00,5.32,0.00,0.00,0.00,64.89
07:09:50,13,14.74,0.00,14.74,0.00,0.00,5.26,0.00,0.00,0.00,65.26
07:09:50,14,14.13,0.00,11.96,0.00,0.00,5.43,0.00,0.00,0.00,68.48
07:09:50,15,13.98,0.00,10.75,0.00,0.00,4.30,0.00,0.00,0.00,70.97
07:09:51,4,13.98,0.00,12.90,0.00,0.00,4.30,0.00,0.00,0.00,68.82
07:09:51,5,12.90,0.00,15.05,0.00,0.00,3.23,0.00,0.00,0.00,68.82
07:09:51,6,13.68,0.00,13.68,0.00,0.00,4.21,0.00,0.00,0.00,68.42
07:09:51,7,14.13,0.00,11.96,0.00,0.00,4.35,0.00,0.00,0.00,69.57
07:09:51,12,13.98,0.00,12.90,0.00,0.00,4.30,0.00,0.00,0.00,68.82
07:09:51,13,15.05,0.00,11.83,0.00,0.00,4.30,0.00,0.00,0.00,68.82
07:09:51,14,13.98,0.00,11.83,0.00,0.00,4.30,0.00,0.00,0.00,69.89
07:09:51,15,14.58,0.00,13.54,0.00,0.00,4.17,0.00,0.00,0.00,67.71
07:09:52,4,15.05,0.00,12.90,0.00,0.00,4.30,0.00,0.00,0.00,67.74
07:09:52,5,16.49,0.00,13.40,0.00,0.00,4.12,0.00,0.00,0.00,65.98
07:09:52,6,14.89,0.00,12.77,0.00,0.00,5.32,0.00,0.00,0.00,67.02
07:09:52,7,11.70,0.00,9.57,0.00,0.00,5.32,0.00,0.00,0.00,73.40
07:09:52,12,13.98,0.00,11.83,0.00,0.00,4.30,0.00,0.00,0.00,69.89
07:09:52,13,16.30,0.00,10.87,0.00,0.00,3.26,0.00,0.00,0.00,69.57
07:09:52,14,15.05,0.00,11.83,0.00,0.00,5.38,0.00,0.00,0.00,67.74
07:09:52,15,13.68,0.00,11.58,0.00,0.00,4.21,0.00,0.00,0.00,70.53
07:09:53,4,14.74,0.00,13.68,0.00,0.00,4.21,0.00,0.00,0.00,67.37
07:09:53,5,13.04,0.00,11.96,0.00,0.00,4.35,0.00,0.00,0.00,70.65
07:09:53,6,13.98,0.00,12.90,0.00,0.00,4.30,0.00,0.00,0.00,68.82
07:09:53,7,11.83,0.00,11.83,0.00,0.00,5.38,0.00,0.00,0.00,70.97
07:09:53,12,14.13,0.00,11.96,0.00,0.00,5.43,0.00,0.00,0.00,68.48
07:09:53,13,12.09,0.00,12.09,0.00,0.00,5.49,0.00,0.00,0.00,70.33
07:09:53,14,14.44,0.00,10.00,0.00,0.00,4.44,0.00,0.00,0.00,71.11
07:09:53,15,13.98,0.00,11.83,0.00,0.00,4.30,0.00,0.00,0.00,69.89
07:09:54,4,16.13,0.00,11.83,0.00,0.00,4.30,0.00,0.00,0.00,67.74
07:09:54,5,13.04,0.00,13.04,0.00,0.00,4.35,0.00,0.00,0.00,69.57
07:09:54,6,17.39,0.00,9.78,0.00,0.00,4.35,0.00,0.00,0.00,68.48
07:09:54,7,15.79,0.00,12.63,0.00,0.00,4.21,0.00,0.00,0.00,67.37
07:09:54,12,16.13,0.00,15.05,0.00,0.00,3.23,0.00,0.00,0.00,65.59
07:09:54,13,16.84,0.00,12.63,0.00,0.00,5.26,0.00,0.00,0.00,65.26
07:09:54,14,14.13,0.00,13.04,0.00,0.00,4.35,0.00,0.00,0.00,68.48
07:09:54,15,14.13,0.00,10.87,0.00,0.00,5.43,0.00,0.00,0.00,69.57
07:09:55,4,13.83,0.00,11.70,0.00,0.00,4.26,0.00,0.00,0.00,70.21
07:09:55,5,14.89,0.00,14.89,0.00,0.00,5.32,0.00,0.00,0.00,64.89
07:09:55,6,13.19,0.00,12.09,0.00,0.00,4.40,0.00,0.00,0.00,70.33
07:09:55,7,11.58,0.00,13.68,0.00,0.00,5.26,0.00,0.00,0.00,69.47
07:09:55,12,11.96,0.00,13.04,0.00,0.00,4.35,0.00,0.00,0.00,70.65
07:09:55,13,15.38,0.00,13.19,0.00,0.00,3.30,0.00,0.00,0.00,68.13
07:09:55,14,13.83,0.00,11.70,0.00,0.00,5.32,0.00,0.00,0.00,69.15
07:09:55,15,12.77,0.00,10.64,0.00,0.00,5.32,0.00,0.00,0.00,71.28
07:09:56,4,13.83,0.00,10.64,0.00,0.00,5.32,0.00,0.00,0.00,70.21
07:09:56,5,12.77,0.00,11.70,1.06,0.00,4.26,0.00,0.00,0.00,70.21
07:09:56,6,12.77,0.00,12.77,0.00,0.00,5.32,0.00,0.00,0.00,69.15
07:09:56,7,13.19,0.00,8.79,0.00,0.00,4.40,0.00,0.00,0.00,73.63
07:09:56,12,11.83,0.00,11.83,0.00,0.00,5.38,0.00,0.00,0.00,70.97
07:09:56,13,13.98,0.00,11.83,0.00,0.00,5.38,0.00,0.00,0.00,68.82
07:09:56,14,13.83,0.00,12.77,0.00,0.00,4.26,0.00,0.00,0.00,69.15
07:09:56,15,14.58,0.00,11.46,0.00,0.00,6.25,0.00,0.00,0.00,67.71
07:09:57,4,13.68,0.00,12.63,0.00,0.00,5.26,0.00,0.00,0.00,68.42
07:09:57,5,13.33,0.00,10.00,0.00,0.00,4.44,0.00,0.00,0.00,72.22
07:09:57,6,15.79,0.00,11.58,0.00,0.00,5.26,0.00,0.00,0.00,67.37
07:09:57,7,12.09,0.00,10.99,0.00,0.00,4.40,0.00,0.00,0.00,72.53
07:09:57,12,17.20,0.00,11.83,0.00,0.00,4.30,0.00,0.00,0.00,66.67
07:09:57,13,13.83,0.00,14.89,0.00,0.00,5.32,0.00,0.00,0.00,65.96
07:09:57,14,13.33,0.00,12.22,0.00,0.00,3.33,0.00,0.00,0.00,71.11
07:09:57,15,12.36,0.00,10.11,0.00,0.00,3.37,0.00,0.00,0.00,74.16
07:09:58,4,13.98,0.00,12.90,0.00,0.00,5.38,0.00,0.00,0.00,67.74
07:09:58,5,14.61,0.00,10.11,0.00,0.00,3.37,0.00,0.00,0.00,71.91
07:09:58,6,15.96,0.00,10.64,0.00,0.00,4.26,0.00,0.00,0.00,69.15
07:09:58,7,13.68,0.00,11.58,0.00,0.00,5.26,0.00,0.00,0.00,69.47
07:09:58,12,11.96,0.00,11.96,0.00,0.00,5.43,0.00,0.00,0.00,70.65
07:09:58,13,13.04,0.00,14.13,0.00,0.00,5.43,0.00,0.00,0.00,67.39
07:09:58,14,15.22,0.00,9.78,0.00,0.00,4.35,0.00,0.00,0.00,70.65
07:09:58,15,11.58,0.00,11.58,0.00,0.00,6.32,0.00,0.00,0.00,70.53
07:09:59,4,14.89,0.00,12.77,0.00,0.00,4.26,0.00,0.00,0.00,68.09
07:09:59,5,19.57,0.00,11.96,0.00,0.00,4.35,0.00,0.00,0.00,64.13
07:09:59,6,12.09,0.00,13.19,0.00,0.00,5.49,0.00,0.00,0.00,69.23
07:09:59,7,12.90,0.00,11.83,0.00,0.00,4.30,0.00,0.00,0.00,70.97
07:09:59,12,16.30,0.00,14.13,0.00,0.00,4.35,0.00,0.00,0.00,65.22
07:09:59,13,15.38,0.00,10.99,0.00,0.00,5.49,0.00,0.00,0.00,68.13
07:09:59,14,14.29,0.00,10.99,0.00,0.00,5.49,0.00,0.00,0.00,69.23
07:09:59,15,13.83,0.00,11.70,0.00,0.00,4.26,0.00,0.00,0.00,70.21
07:10:00,4,14.29,0.00,9.89,0.00,0.00,4.40,0.00,0.00,0.00,71.43
07:10:00,5,14.29,0.00,12.09,0.00,0.00,4.40,0.00,0.00,0.00,69.23
07:10:00,6,13.33,0.00,12.22,0.00,0.00,3.33,0.00,0.00,0.00,71.11
07:10:00,7,13.19,0.00,10.99,0.00,0.00,4.40,0.00,0.00,0.00,71.43
07:10:00,12,14.13,0.00,13.04,0.00,0.00,4.35,0.00,0.00,0.00,68.48
07:10:00,13,14.13,0.00,11.96,0.00,0.00,4.35,0.00,0.00,0.00,69.57
07:10:00,14,13.54,0.00,14.58,0.00,0.00,4.17,0.00,0.00,0.00,67.71
07:10:00,15,13.98,0.00,10.75,0.00,0.00,5.38,0.00,0.00,0.00,69.89
07:10:01,4,13.40,0.00,14.43,0.00,0.00,5.15,0.00,0.00,0.00,67.01
07:10:01,5,16.30,0.00,11.96,0.00,0.00,4.35,0.00,0.00,0.00,67.39
07:10:01,6,14.89,0.00,12.77,0.00,0.00,5.32,0.00,0.00,0.00,67.02
07:10:01,7,14.13,0.00,11.96,0.00,0.00,3.26,0.00,0.00,0.00,70.65
07:10:01,12,11.70,0.00,13.83,0.00,0.00,6.38,0.00,0.00,0.00,68.09
07:10:01,13,14.29,0.00,12.09,0.00,0.00,5.49,0.00,0.00,0.00,68.13
07:10:01,14,13.83,0.00,12.77,0.00,0.00,5.32,0.00,0.00,0.00,68.09
07:10:01,15,13.68,0.00,12.63,0.00,0.00,4.21,0.00,0.00,0.00,69.47
07:10:02,4,13.83,0.00,13.83,0.00,0.00,4.26,0.00,0.00,0.00,68.09
07:10:02,5,16.13,0.00,11.83,0.00,0.00,4.30,0.00,0.00,0.00,67.74
07:10:02,6,15.22,0.00,9.78,0.00,0.00,5.43,0.00,0.00,0.00,69.57
07:10:02,7,14.74,0.00,11.58,0.00,0.00,5.26,0.00,0.00,0.00,68.42
07:10:02,12,11.96,0.00,13.04,0.00,0.00,4.35,0.00,0.00,0.00,70.65
07:10:02,13,14.44,0.00,14.44,0.00,0.00,3.33,0.00,0.00,0.00,67.78
07:10:02,14,16.30,0.00,14.13,0.00,0.00,1.09,0.00,0.00,0.00,68.48
07:10:02,15,15.22,0.00,10.87,0.00,0.00,4.35,0.00,0.00,0.00,69.57
07:10:03,4,15.05,0.00,12.90,0.00,0.00,4.30,0.00,0.00,0.00,67.74
07:10:03,5,15.96,0.00,11.70,0.00,0.00,3.19,0.00,0.00,0.00,69.15
07:10:03,6,13.98,0.00,12.90,0.00,0.00,4.30,0.00,0.00,0.00,68.82
07:10:03,7,12.50,0.00,12.50,0.00,0.00,5.21,0.00,0.00,0.00,69.79
07:10:03,12,14.74,0.00,12.63,0.00,0.00,5.26,0.00,0.00,0.00,67.37
07:10:03,13,13.98,0.00,11.83,0.00,0.00,5.38,0.00,0.00,0.00,68.82
07:10:03,14,15.22,0.00,11.96,0.00,0.00,4.35,0.00,0.00,0.00,68.48
07:10:03,15,14.89,0.00,11.70,0.00,0.00,4.26,0.00,0.00,0.00,69.15
07:10:04,4,15.05,0.00,12.90,0.00,0.00,4.30,0.00,0.00,0.00,67.74
07:10:04,5,14.89,0.00,12.77,0.00,0.00,5.32,0.00,0.00,0.00,67.02
07:10:04,6,14.13,0.00,14.13,0.00,0.00,5.43,0.00,0.00,0.00,66.30
07:10:04,7,13.83,0.00,11.70,0.00,0.00,6.38,0.00,0.00,0.00,68.09
07:10:04,12,16.67,0.00,15.62,0.00,0.00,4.17,0.00,0.00,0.00,63.54
07:10:04,13,15.22,0.00,11.96,0.00,0.00,4.35,0.00,0.00,0.00,68.48
07:10:04,14,16.13,0.00,11.83,0.00,0.00,4.30,0.00,0.00,0.00,67.74
07:10:04,15,11.96,0.00,15.22,0.00,0.00,4.35,0.00,0.00,0.00,68.48
07:10:05,4,14.89,0.00,11.70,0.00,0.00,6.38,0.00,0.00,0.00,67.02
07:10:05,5,15.05,0.00,12.90,0.00,0.00,4.30,0.00,0.00,0.00,67.74
07:10:05,6,15.62,0.00,12.50,0.00,0.00,5.21,0.00,0.00,0.00,66.67
07:10:05,7,13.04,0.00,11.96,0.00,0.00,4.35,0.00,0.00,0.00,70.65
07:10:05,12,14.13,0.00,10.87,0.00,0.00,5.43,0.00,0.00,0.00,69.57
07:10:05,13,15.05,0.00,11.83,0.00,0.00,4.30,0.00,0.00,0.00,68.82
07:10:05,14,15.05,0.00,12.90,0.00,0.00,5.38,0.00,0.00,0.00,66.67
07:10:05,15,13.83,0.00,11.70,0.00,0.00,5.32,0.00,0.00,0.00,69.15
07:10:06,4,13.83,0.00,13.83,0.00,0.00,5.32,0.00,0.00,0.00,67.02
07:10:06,5,14.13,0.00,16.30,0.00,0.00,4.35,0.00,0.00,0.00,65.22
07:10:06,6,14.13,0.00,13.04,1.09,0.00,4.35,0.00,0.00,0.00,67.39
07:10:06,7,14.13,0.00,10.87,0.00,0.00,3.26,0.00,0.00,0.00,71.74
07:10:06,12,14.74,0.00,13.68,0.00,0.00,4.21,0.00,0.00,0.00,67.37
07:10:06,13,14.74,0.00,14.74,0.00,0.00,5.26,0.00,0.00,0.00,65.26
07:10:06,14,13.98,0.00,11.83,0.00,0.00,5.38,0.00,0.00,0.00,68.82
07:10:06,15,11.58,0.00,12.63,0.00,0.00,5.26,0.00,0.00,0.00,70.53
07:10:07,4,14.13,0.00,11.96,0.00,0.00,4.35,0.00,0.00,0.00,69.57
07:10:07,5,17.02,0.00,10.64,0.00,0.00,5.32,0.00,0.00,0.00,67.02
07:10:07,6,13.04,0.00,13.04,0.00,0.00,4.35,0.00,0.00,0.00,69.57
07:10:07,7,13.04,0.00,13.04,0.00,0.00,4.35,0.00,0.00,0.00,69.57
07:10:07,12,13.83,0.00,12.77,0.00,0.00,4.26,0.00,0.00,0.00,69.15
07:10:07,13,16.30,0.00,11.96,0.00,0.00,4.35,0.00,0.00,0.00,67.39
07:10:07,14,14.74,0.00,12.63,0.00,0.00,5.26,0.00,0.00,0.00,67.37
07:10:07,15,14.89,0.00,12.77,0.00,0.00,4.26,0.00,0.00,0.00,68.09
07:10:08,4,13.68,0.00,12.63,0.00,0.00,5.26,0.00,0.00,0.00,68.42
07:10:08,5,15.56,0.00,11.11,0.00,0.00,5.56,0.00,0.00,0.00,67.78
07:10:08,6,14.89,0.00,13.83,0.00,0.00,5.32,0.00,0.00,0.00,65.96
07:10:08,7,13.83,0.00,11.70,0.00,0.00,5.32,0.00,0.00,0.00,69.15
07:10:08,12,13.83,0.00,12.77,0.00,0.00,5.32,0.00,0.00,0.00,68.09
07:10:08,13,13.19,0.00,12.09,0.00,0.00,4.40,0.00,0.00,0.00,70.33
07:10:08,14,15.05,0.00,11.83,0.00,0.00,4.30,0.00,0.00,0.00,68.82
07:10:08,15,13.98,0.00,11.83,0.00,0.00,4.30,0.00,0.00,0.00,69.89
07:10:09,4,14.74,0.00,12.63,0.00,0.00,4.21,0.00,0.00,0.00,68.42
07:10:09,5,15.96,0.00,14.89,0.00,0.00,4.26,0.00,0.00,0.00,64.89
07:10:09,6,14.89,0.00,12.77,0.00,0.00,4.26,0.00,0.00,0.00,68.09
07:10:09,7,13.68,0.00,13.68,0.00,0.00,5.26,0.00,0.00,0.00,67.37
07:10:09,12,12.09,0.00,12.09,0.00,0.00,5.49,0.00,0.00,0.00,70.33
07:10:09,13,16.13,0.00,10.75,0.00,0.00,4.30,0.00,0.00,0.00,68.82
07:10:09,14,13.83,0.00,14.89,0.00,0.00,3.19,0.00,0.00,0.00,68.09
07:10:09,15,14.58,0.00,13.54,0.00,0.00,3.12,0.00,0.00,0.00,68.75
07:10:10,4,14.29,0.00,13.19,0.00,0.00,5.49,0.00,0.00,0.00,67.03
07:10:10,5,18.28,0.00,11.83,0.00,0.00,5.38,0.00,0.00,0.00,64.52
07:10:10,6,15.96,0.00,11.70,0.00,0.00,5.32,0.00,0.00,0.00,67.02
07:10:10,7,16.30,0.00,9.78,0.00,0.00,4.35,0.00,0.00,0.00,69.57
07:10:10,12,17.39,0.00,13.04,0.00,0.00,4.35,0.00,0.00,0.00,65.22
07:10:10,13,15.38,0.00,13.19,0.00,0.00,5.49,0.00,0.00,0.00,65.93
07:10:10,14,15.96,0.00,12.77,0.00,0.00,4.26,0.00,0.00,0.00,67.02
07:10:10,15,15.62,0.00,11.46,0.00,0.00,5.21,0.00,0.00,0.00,67.71
07:10:11,4,15.79,0.00,11.58,0.00,0.00,5.26,0.00,0.00,0.00,67.37
07:10:11,5,13.04,0.00,14.13,1.09,0.00,5.43,0.00,0.00,0.00,66.30
07:10:11,6,14.29,0.00,12.09,0.00,0.00,3.30,0.00,0.00,0.00,70.33
07:10:11,7,14.74,0.00,10.53,0.00,0.00,5.26,0.00,0.00,0.00,69.47
07:10:11,12,12.90,0.00,12.90,0.00,0.00,5.38,0.00,0.00,0.00,68.82
07:10:11,13,15.22,0.00,15.22,0.00,0.00,3.26,0.00,0.00,0.00,66.30
07:10:11,14,13.48,0.00,10.11,0.00,0.00,4.49,0.00,0.00,0.00,71.91
07:10:11,15,13.68,0.00,12.63,0.00,0.00,4.21,0.00,0.00,0.00,69.47
07:10:12,4,16.13,0.00,11.83,0.00,0.00,4.30,0.00,0.00,0.00,67.74
07:10:12,5,17.71,0.00,11.46,0.00,0.00,5.21,0.00,0.00,0.00,65.62
07:10:12,6,13.33,0.00,11.11,0.00,0.00,4.44,0.00,0.00,0.00,71.11
07:10:12,7,15.05,0.00,11.83,0.00,0.00,3.23,0.00,0.00,0.00,69.89
07:10:12,12,12.90,0.00,12.90,0.00,0.00,4.30,0.00,0.00,0.00,69.89
07:10:12,13,14.29,0.00,10.99,0.00,0.00,5.49,0.00,0.00,0.00,69.23
07:10:12,14,16.33,0.00,12.24,0.00,0.00,5.10,0.00,0.00,0.00,66.33
07:10:12,15,12.90,0.00,11.83,0.00,0.00,4.30,0.00,0.00,0.00,70.97
07:10:13,4,13.04,0.00,14.13,0.00,0.00,4.35,0.00,0.00,0.00,68.48
07:10:13,5,15.05,0.00,11.83,0.00,0.00,4.30,0.00,0.00,0.00,68.82
07:10:13,6,15.96,0.00,12.77,0.00,0.00,5.32,0.00,0.00,0.00,65.96
07:10:13,7,13.83,0.00,11.70,0.00,0.00,4.26,0.00,0.00,0.00,70.21
07:10:13,12,14.89,0.00,11.70,0.00,0.00,5.32,0.00,0.00,0.00,68.09
07:10:13,13,16.67,0.00,11.46,0.00,0.00,5.21,0.00,0.00,0.00,66.67
07:10:13,14,13.04,0.00,11.96,0.00,0.00,6.52,0.00,0.00,0.00,68.48
07:10:13,15,13.98,0.00,9.68,0.00,0.00,4.30,0.00,0.00,0.00,72.04
07:10:14,4,17.71,0.00,13.54,0.00,0.00,5.21,0.00,0.00,0.00,63.54
07:10:14,5,15.22,0.00,10.87,0.00,0.00,4.35,0.00,0.00,0.00,69.57
07:10:14,6,12.90,0.00,16.13,0.00,0.00,4.30,0.00,0.00,0.00,66.67
07:10:14,7,12.77,0.00,9.57,0.00,0.00,4.26,0.00,0.00,0.00,73.40
07:10:14,12,14.89,0.00,13.83,0.00,0.00,5.32,0.00,0.00,0.00,65.96
07:10:14,13,16.13,0.00,15.05,0.00,0.00,4.30,0.00,0.00,0.00,64.52
07:10:14,14,13.33,0.00,13.33,0.00,0.00,3.33,0.00,0.00,0.00,70.00
07:10:14,15,10.87,0.00,11.96,0.00,0.00,4.35,0.00,0.00,0.00,72.83
07:10:15,4,15.79,0.00,13.68,0.00,0.00,4.21,0.00,0.00,0.00,66.32
07:10:15,5,19.35,0.00,16.13,0.00,0.00,4.30,0.00,0.00,0.00,60.22
07:10:15,6,13.19,0.00,12.09,0.00,0.00,5.49,0.00,0.00,0.00,69.23
07:10:15,7,12.90,0.00,12.90,0.00,0.00,3.23,0.00,0.00,0.00,70.97
07:10:15,12,14.29,0.00,13.19,0.00,0.00,5.49,0.00,0.00,0.00,67.03
07:10:15,13,16.48,0.00,12.09,0.00,0.00,4.40,0.00,0.00,0.00,67.03
07:10:15,14,14.13,0.00,13.04,0.00,0.00,6.52,0.00,0.00,0.00,66.30
07:10:15,15,13.54,0.00,12.50,0.00,0.00,5.21,0.00,0.00,0.00,68.75
07:10:16,4,15.05,0.00,11.83,1.08,0.00,5.38,0.00,0.00,0.00,66.67
07:10:16,5,14.29,0.00,12.09,0.00,0.00,4.40,0.00,0.00,0.00,69.23
07:10:16,6,14.89,0.00,10.64,0.00,0.00,5.32,0.00,0.00,0.00,69.15
07:10:16,7,14.29,0.00,9.89,1.10,0.00,5.49,0.00,0.00,0.00,69.23
07:10:16,12,13.98,0.00,11.83,0.00,0.00,5.38,0.00,0.00,0.00,68.82
07:10:16,13,15.96,0.00,12.77,0.00,0.00,4.26,0.00,0.00,0.00,67.02
07:10:16,14,15.79,0.00,10.53,0.00,0.00,4.21,0.00,0.00,0.00,69.47
07:10:16,15,13.68,0.00,11.58,0.00,0.00,5.26,0.00,0.00,0.00,69.47
07:10:17,4,12.90,0.00,13.98,0.00,0.00,5.38,0.00,0.00,0.00,67.74
07:10:17,5,13.83,0.00,12.77,0.00,0.00,6.38,0.00,0.00,0.00,67.02
07:10:17,6,14.13,0.00,11.96,0.00,0.00,4.35,0.00,0.00,0.00,69.57
07:10:17,7,14.58,0.00,12.50,0.00,0.00,3.12,0.00,0.00,0.00,69.79
07:10:17,12,12.90,0.00,12.90,0.00,0.00,3.23,0.00,0.00,0.00,70.97
07:10:17,13,15.62,0.00,14.58,0.00,0.00,6.25,0.00,0.00,0.00,63.54
07:10:17,14,15.22,0.00,14.13,0.00,0.00,4.35,0.00,0.00,0.00,66.30
07:10:17,15,12.63,0.00,13.68,0.00,0.00,4.21,0.00,0.00,0.00,69.47
07:10:18,4,15.05,0.00,12.90,0.00,0.00,4.30,0.00,0.00,0.00,67.74
07:10:18,5,15.79,0.00,11.58,0.00,0.00,5.26,0.00,0.00,0.00,67.37
07:10:18,6,15.05,0.00,11.83,0.00,0.00,4.30,0.00,0.00,0.00,68.82
07:10:18,7,11.96,0.00,11.96,0.00,0.00,4.35,0.00,0.00,0.00,71.74
07:10:18,12,13.19,0.00,12.09,0.00,0.00,4.40,0.00,0.00,0.00,70.33
07:10:18,13,12.22,0.00,12.22,0.00,0.00,4.44,0.00,0.00,0.00,71.11
07:10:18,14,14.58,0.00,11.46,0.00,0.00,5.21,0.00,0.00,0.00,68.75
07:10:18,15,12.63,0.00,11.58,0.00,0.00,6.32,0.00,0.00,0.00,69.47
07:10:19,4,12.77,0.00,11.70,0.00,0.00,6.38,0.00,0.00,0.00,69.15
07:10:19,5,15.91,0.00,11.36,0.00,0.00,3.41,0.00,0.00,0.00,69.32
07:10:19,6,14.13,0.00,11.96,0.00,0.00,4.35,0.00,0.00,0.00,69.57
07:10:19,7,12.63,0.00,11.58,0.00,0.00,5.26,0.00,0.00,0.00,70.53
07:10:19,12,15.05,0.00,13.98,0.00,0.00,5.38,0.00,0.00,0.00,65.59
07:10:19,13,15.79,0.00,14.74,0.00,0.00,4.21,0.00,0.00,0.00,65.26
07:10:19,14,13.04,0.00,11.96,0.00,0.00,5.43,0.00,0.00,0.00,69.57
07:10:19,15,13.19,0.00,9.89,0.00,0.00,4.40,0.00,0.00,0.00,72.53
07:10:20,4,18.28,0.00,15.05,0.00,0.00,4.30,0.00,0.00,0.00,62.37
07:10:20,5,17.78,0.00,12.22,0.00,0.00,4.44,0.00,0.00,0.00,65.56
07:10:20,6,13.68,0.00,13.68,0.00,0.00,5.26,0.00,0.00,0.00,67.37
07:10:20,7,14.89,0.00,12.77,0.00,0.00,4.26,0.00,0.00,0.00,68.09
07:10:20,12,15.62,0.00,13.54,0.00,0.00,4.17,0.00,0.00,0.00,66.67
07:10:20,13,13.98,0.00,16.13,0.00,0.00,5.38,0.00,0.00,0.00,64.52
07:10:20,14,15.96,0.00,10.64,0.00,0.00,5.32,0.00,0.00,0.00,68.09
07:10:20,15,11.96,0.00,11.96,0.00,0.00,5.43,0.00,0.00,0.00,70.65
07:10:21,4,13.33,0.00,11.11,0.00,0.00,4.44,0.00,0.00,0.00,71.11
07:10:21,5,13.98,0.00,15.05,0.00,0.00,3.23,0.00,0.00,0.00,67.74
07:10:21,6,12.50,0.00,12.50,0.00,0.00,3.41,0.00,0.00,0.00,71.59
07:10:21,7,13.19,0.00,12.09,0.00,0.00,5.49,0.00,0.00,0.00,69.23
07:10:21,12,13.04,0.00,13.04,0.00,0.00,5.43,0.00,0.00,0.00,68.48
07:10:21,13,12.09,0.00,14.29,1.10,0.00,4.40,0.00,0.00,0.00,68.13
07:10:21,14,15.05,0.00,11.83,0.00,0.00,5.38,0.00,0.00,0.00,67.74
07:10:21,15,14.13,0.00,11.96,0.00,0.00,4.35,0.00,0.00,0.00,69.57
07:10:22,4,14.13,0.00,9.78,0.00,0.00,5.43,0.00,0.00,0.00,70.65
07:10:22,5,12.63,0.00,13.68,0.00,0.00,5.26,0.00,0.00,0.00,68.42
07:10:22,6,12.90,0.00,10.75,0.00,0.00,5.38,0.00,0.00,0.00,70.97
07:10:22,7,14.13,0.00,9.78,0.00,0.00,4.35,0.00,0.00,0.00,71.74
07:10:22,12,11.96,0.00,13.04,0.00,0.00,3.26,0.00,0.00,0.00,71.74
07:10:22,13,13.83,0.00,11.70,0.00,0.00,5.32,0.00,0.00,0.00,69.15
07:10:22,14,13.68,0.00,12.63,0.00,0.00,4.21,0.00,0.00,0.00,69.47
07:10:22,15,14.89,0.00,11.70,0.00,0.00,4.26,0.00,0.00,0.00,69.15
07:10:23,4,14.13,0.00,13.04,0.00,0.00,5.43,0.00,0.00,0.00,67.39
07:10:23,5,15.05,0.00,12.90,0.00,0.00,4.30,0.00,0.00,0.00,67.74
07:10:23,6,12.77,0.00,13.83,0.00,0.00,4.26,0.00,0.00,0.00,69.15
07:10:23,7,14.89,0.00,9.57,0.00,0.00,4.26,0.00,0.00,0.00,71.28
07:10:23,12,13.83,0.00,17.02,0.00,0.00,5.32,0.00,0.00,0.00,63.83
07:10:23,13,13.48,0.00,12.36,0.00,0.00,3.37,0.00,0.00,0.00,70.79
07:10:23,14,14.13,0.00,10.87,0.00,0.00,5.43,0.00,0.00,0.00,69.57
07:10:23,15,13.83,0.00,12.77,0.00,0.00,3.19,0.00,0.00,0.00,70.21
07:10:24,4,14.74,0.00,12.63,0.00,0.00,5.26,0.00,0.00,0.00,67.37
07:10:24,5,15.05,0.00,13.98,0.00,0.00,5.38,0.00,0.00,0.00,65.59
07:10:24,6,12.09,0.00,14.29,0.00,0.00,3.30,0.00,0.00,0.00,70.33
07:10:24,7,10.75,0.00,10.75,0.00,0.00,5.38,0.00,0.00,0.00,73.12
07:10:24,12,12.90,0.00,12.90,0.00,0.00,4.30,0.00,0.00,0.00,69.89
07:10:24,13,15.38,0.00,13.19,0.00,0.00,4.40,0.00,0.00,0.00,67.03
07:10:24,14,15.79,0.00,12.63,0.00,0.00,5.26,0.00,0.00,0.00,66.32
07:10:24,15,13.40,0.00,12.37,0.00,0.00,4.12,0.00,0.00,0.00,70.10
07:10:25,4,19.15,0.00,13.83,0.00,0.00,4.26,0.00,0.00,0.00,62.77
07:10:25,5,18.28,0.00,11.83,0.00,0.00,3.23,0.00,0.00,0.00,66.67
07:10:25,6,14.89,0.00,13.83,0.00,0.00,4.26,0.00,0.00,0.00,67.02
07:10:25,7,12.90,0.00,11.83,0.00,0.00,4.30,0.00,0.00,0.00,70.97
07:10:25,12,14.89,0.00,15.96,0.00,0.00,4.26,0.00,0.00,0.00,64.89
07:10:25,13,13.98,0.00,18.28,0.00,0.00,4.30,0.00,0.00,0.00,63.44
07:10:25,14,15.05,0.00,12.90,0.00,0.00,4.30,0.00,0.00,0.00,67.74
07:10:25,15,13.04,0.00,11.96,0.00,0.00,4.35,0.00,0.00,0.00,70.65
07:10:26,4,13.19,0.00,12.09,0.00,0.00,4.40,0.00,0.00,0.00,70.33
07:10:26,5,14.29,0.00,12.09,1.10,0.00,4.40,0.00,0.00,0.00,68.13
07:10:26,6,14.13,0.00,9.78,0.00,0.00,5.43,0.00,0.00,0.00,70.65
07:10:26,7,14.29,0.00,8.79,0.00,0.00,4.40,0.00,0.00,0.00,72.53
07:10:26,12,15.05,0.00,11.83,0.00,0.00,5.38,0.00,0.00,0.00,67.74
07:10:26,13,14.13,0.00,13.04,0.00,0.00,5.43,0.00,0.00,0.00,67.39
07:10:26,14,13.48,0.00,11.24,0.00,0.00,3.37,0.00,0.00,0.00,71.91
07:10:26,15,14.29,0.00,10.99,0.00,0.00,3.30,0.00,0.00,0.00,71.43
07:10:27,4,15.96,0.00,10.64,0.00,0.00,4.26,0.00,0.00,0.00,69.15
07:10:27,5,14.89,0.00,11.70,0.00,0.00,5.32,0.00,0.00,0.00,68.09
07:10:27,6,12.09,0.00,12.09,0.00,0.00,4.40,0.00,0.00,0.00,71.43
07:10:27,7,13.04,0.00,13.04,0.00,0.00,3.26,0.00,0.00,0.00,70.65
07:10:27,12,11.96,0.00,13.04,0.00,0.00,4.35,0.00,0.00,0.00,70.65
07:10:27,13,14.29,0.00,12.09,0.00,0.00,3.30,0.00,0.00,0.00,70.33
07:10:27,14,12.90,0.00,10.75,0.00,0.00,5.38,0.00,0.00,0.00,70.97
07:10:27,15,13.83,0.00,13.83,0.00,0.00,4.26,0.00,0.00,0.00,68.09
07:10:28,4,14.29,0.00,10.99,0.00,0.00,4.40,0.00,0.00,0.00,70.33
07:10:28,5,14.13,0.00,10.87,0.00,0.00,5.43,0.00,0.00,0.00,69.57
07:10:28,6,16.13,0.00,9.68,0.00,0.00,5.38,0.00,0.00,0.00,68.82
07:10:28,7,13.83,0.00,11.70,0.00,0.00,5.32,0.00,0.00,0.00,69.15
07:10:28,12,13.98,0.00,12.90,0.00,0.00,4.30,0.00,0.00,0.00,68.82
07:10:28,13,13.04,0.00,11.96,0.00,0.00,4.35,0.00,0.00,0.00,70.65
07:10:28,14,15.05,0.00,12.90,0.00,0.00,4.30,0.00,0.00,0.00,67.74
07:10:28,15,13.68,0.00,12.63,0.00,0.00,5.26,0.00,0.00,0.00,68.42
07:10:29,4,15.05,0.00,12.90,0.00,0.00,5.38,0.00,0.00,0.00,66.67
07:10:29,5,15.22,0.00,9.78,0.00,0.00,5.43,0.00,0.00,0.00,69.57
07:10:29,6,13.54,0.00,12.50,0.00,0.00,5.21,0.00,0.00,0.00,68.75
07:10:29,7,11.83,0.00,11.83,0.00,0.00,3.23,0.00,0.00,0.00,73.12
07:10:29,12,16.13,0.00,10.75,0.00,0.00,5.38,0.00,0.00,0.00,67.74
07:10:29,13,15.22,0.00,11.96,0.00,0.00,6.52,0.00,0.00,0.00,66.30
07:10:29,14,13.04,0.00,11.96,0.00,0.00,5.43,0.00,0.00,0.00,69.57
07:10:29,15,14.29,0.00,14.29,0.00,0.00,4.08,0.00,0.00,0.00,67.35
07:10:30,4,17.39,0.00,13.04,0.00,0.00,5.43,0.00,0.00,0.00,64.13
07:10:30,5,16.48,0.00,13.19,0.00,0.00,4.40,0.00,0.00,0.00,65.93
07:10:30,6,12.90,0.00,13.98,0.00,0.00,5.38,0.00,0.00,0.00,67.74
07:10:30,7,13.04,0.00,11.96,0.00,0.00,4.35,0.00,0.00,0.00,70.65
07:10:30,12,18.48,0.00,13.04,0.00,0.00,5.43,0.00,0.00,0.00,63.04
07:10:30,13,14.13,0.00,15.22,0.00,0.00,5.43,0.00,0.00,0.00,65.22
07:10:30,14,15.96,0.00,15.96,0.00,0.00,3.19,0.00,0.00,0.00,64.89
07:10:30,15,12.09,0.00,12.09,0.00,0.00,5.49,0.00,0.00,0.00,70.33
07:10:31,4,15.38,0.00,10.99,0.00,0.00,4.40,0.00,0.00,0.00,69.23
07:10:31,5,14.89,0.00,12.77,0.00,0.00,4.26,0.00,0.00,0.00,68.09
07:10:31,6,14.13,0.00,11.96,0.00,0.00,3.26,0.00,0.00,0.00,70.65
07:10:31,7,12.50,0.00,12.50,0.00,0.00,4.17,0.00,0.00,0.00,70.83
07:10:31,12,13.68,0.00,14.74,1.05,0.00,6.32,0.00,0.00,0.00,64.21
07:10:31,13,13.83,0.00,11.70,1.06,0.00,6.38,0.00,0.00,0.00,67.02
07:10:31,14,15.05,0.00,12.90,0.00,0.00,5.38,0.00,0.00,0.00,66.67
07:10:31,15,13.19,0.00,9.89,0.00,0.00,4.40,0.00,0.00,0.00,72.53
07:10:32,4,13.83,0.00,14.89,0.00,0.00,5.32,0.00,0.00,0.00,65.96
07:10:32,5,15.79,0.00,12.63,0.00,0.00,5.26,0.00,0.00,0.00,66.32
07:10:32,6,14.44,0.00,12.22,0.00,0.00,3.33,0.00,0.00,0.00,70.00
07:10:32,7,13.83,0.00,10.64,0.00,0.00,5.32,0.00,0.00,0.00,70.21
07:10:32,12,13.98,0.00,11.83,0.00,0.00,6.45,0.00,0.00,0.00,67.74
07:10:32,13,13.83,0.00,13.83,0.00,0.00,5.32,0.00,0.00,0.00,67.02
07:10:32,14,13.98,0.00,11.83,0.00,0.00,4.30,0.00,0.00,0.00,69.89
07:10:32,15,11.83,0.00,9.68,0.00,0.00,6.45,0.00,0.00,0.00,72.04
07:10:33,4,16.13,0.00,11.83,0.00,0.00,3.23,0.00,0.00,0.00,68.82
07:10:33,5,15.38,0.00,10.99,0.00,0.00,4.40,0.00,0.00,0.00,69.23
07:10:33,6,14.13,0.00,13.04,0.00,0.00,4.35,0.00,0.00,0.00,68.48
07:10:33,7,15.05,0.00,10.75,0.00,0.00,4.30,0.00,0.00,0.00,69.89
07:10:33,12,14.74,0.00,11.58,0.00,0.00,6.32,0.00,0.00,0.00,67.37
07:10:33,13,15.05,0.00,11.83,0.00,0.00,4.30,0.00,0.00,0.00,68.82
07:10:33,14,14.74,0.00,12.63,0.00,0.00,5.26,0.00,0.00,0.00,67.37
07:10:33,15,15.96,0.00,10.64,0.00,0.00,5.32,0.00,0.00,0.00,68.09
07:10:34,4,13.98,0.00,11.83,0.00,0.00,5.38,0.00,0.00,0.00,68.82
07:10:34,5,14.89,0.00,11.70,0.00,0.00,5.32,0.00,0.00,0.00,68.09
07:10:34,6,13.68,0.00,13.68,0.00,0.00,5.26,0.00,0.00,0.00,67.37
07:10:34,7,12.90,0.00,12.90,0.00,0.00,4.30,0.00,0.00,0.00,69.89
07:10:34,12,14.89,0.00,13.83,0.00,0.00,5.32,0.00,0.00,0.00,65.96
07:10:34,13,15.38,0.00,10.99,0.00,0.00,4.40,0.00,0.00,0.00,69.23
07:10:34,14,16.13,0.00,10.75,0.00,0.00,4.30,0.00,0.00,0.00,68.82
07:10:34,15,12.90,0.00,11.83,0.00,0.00,4.30,0.00,0.00,0.00,70.97
07:10:35,4,15.38,0.00,10.99,0.00,0.00,4.40,0.00,0.00,0.00,69.23
07:10:35,5,15.96,0.00,11.70,0.00,0.00,5.32,0.00,0.00,0.00,67.02
07:10:35,6,14.44,0.00,13.33,0.00,0.00,3.33,0.00,0.00,0.00,68.89
07:10:35,7,16.13,0.00,11.83,0.00,0.00,5.38,0.00,0.00,0.00,66.67
07:10:35,12,15.79,0.00,13.68,0.00,0.00,4.21,0.00,0.00,0.00,66.32
07:10:35,13,15.22,0.00,13.04,0.00,0.00,4.35,0.00,0.00,0.00,67.39
07:10:35,14,16.13,0.00,11.83,0.00,0.00,5.38,0.00,0.00,0.00,66.67
07:10:35,15,16.48,0.00,12.09,0.00,0.00,4.40,0.00,0.00,0.00,67.03
07:10:36,4,15.79,0.00,13.68,0.00,0.00,3.16,0.00,0.00,0.00,67.37
07:10:36,5,14.89,0.00,14.89,1.06,0.00,5.32,0.00,0.00,0.00,63.83
07:10:36,6,16.13,0.00,11.83,0.00,0.00,4.30,0.00,0.00,0.00,67.74
07:10:36,7,11.70,0.00,13.83,0.00,0.00,4.26,0.00,0.00,0.00,70.21
07:10:36,12,12.77,0.00,13.83,0.00,0.00,4.26,0.00,0.00,0.00,69.15
07:10:36,13,13.83,0.00,12.77,0.00,0.00,5.32,0.00,0.00,0.00,68.09
07:10:36,14,13.98,0.00,11.83,0.00,0.00,3.23,0.00,0.00,0.00,70.97
07:10:36,15,13.98,0.00,10.75,0.00,0.00,3.23,0.00,0.00,0.00,72.04
07:10:37,4,13.83,0.00,12.77,0.00,0.00,4.26,0.00,0.00,0.00,69.15
07:10:37,5,14.13,0.00,10.87,0.00,0.00,5.43,0.00,0.00,0.00,69.57
07:10:37,6,12.77,0.00,12.77,0.00,0.00,6.38,0.00,0.00,0.00,68.09
07:10:37,7,14.13,0.00,10.87,0.00,0.00,4.35,0.00,0.00,0.00,70.65
07:10:37,12,14.74,0.00,11.58,0.00,0.00,5.26,0.00,0.00,0.00,68.42
07:10:37,13,13.98,0.00,11.83,0.00,0.00,4.30,0.00,0.00,0.00,69.89
07:10:37,14,13.83,0.00,11.70,0.00,0.00,5.32,0.00,0.00,0.00,69.15
07:10:37,15,13.68,0.00,12.63,0.00,0.00,5.26,0.00,0.00,0.00,68.42
07:10:38,4,14.29,0.00,9.89,0.00,0.00,4.40,0.00,0.00,0.00,71.43
07:10:38,5,15.79,0.00,11.58,0.00,0.00,4.21,0.00,0.00,0.00,68.42
07:10:38,6,14.29,0.00,10.99,0.00,0.00,3.30,0.00,0.00,0.00,71.43
07:10:38,7,13.33,0.00,10.00,0.00,0.00,4.44,0.00,0.00,0.00,72.22
07:10:38,12,13.68,0.00,13.68,0.00,0.00,5.26,0.00,0.00,0.00,67.37
07:10:38,13,13.83,0.00,11.70,0.00,0.00,5.32,0.00,0.00,0.00,69.15
07:10:38,14,13.68,0.00,12.63,0.00,0.00,5.26,0.00,0.00,0.00,68.42
07:10:38,15,13.33,0.00,11.11,0.00,0.00,3.33,0.00,0.00,0.00,72.22
07:10:39,4,14.13,0.00,15.22,0.00,0.00,3.26,0.00,0.00,0.00,67.39
07:10:39,5,15.22,0.00,11.96,0.00,0.00,5.43,0.00,0.00,0.00,67.39
07:10:39,6,14.13,0.00,9.78,0.00,0.00,5.43,0.00,0.00,0.00,70.65
07:10:39,7,13.68,0.00,12.63,0.00,0.00,4.21,0.00,0.00,0.00,69.47
07:10:39,12,11.83,0.00,12.90,0.00,0.00,5.38,0.00,0.00,0.00,69.89
07:10:39,13,17.02,0.00,10.64,0.00,0.00,4.26,0.00,0.00,0.00,68.09
07:10:39,14,10.99,0.00,14.29,0.00,0.00,4.40,0.00,0.00,0.00,70.33
07:10:39,15,12.90,0.00,11.83,0.00,0.00,5.38,0.00,0.00,0.00,69.89
07:10:40,4,19.35,0.00,11.83,0.00,0.00,3.23,0.00,0.00,0.00,65.59
07:10:40,5,15.22,0.00,11.96,0.00,0.00,5.43,0.00,0.00,0.00,67.39
07:10:40,6,14.29,0.00,12.09,0.00,0.00,5.49,0.00,0.00,0.00,68.13
07:10:40,7,15.96,0.00,11.70,0.00,0.00,5.32,0.00,0.00,0.00,67.02
07:10:40,12,17.58,0.00,10.99,0.00,0.00,4.40,0.00,0.00,0.00,67.03
07:10:40,13,15.79,0.00,12.63,0.00,0.00,5.26,0.00,0.00,0.00,66.32
07:10:40,14,16.30,0.00,9.78,0.00,0.00,5.43,0.00,0.00,0.00,68.48
07:10:40,15,14.89,0.00,12.77,0.00,0.00,4.26,0.00,0.00,0.00,68.09
07:10:41,4,14.13,0.00,15.22,0.00,0.00,5.43,0.00,0.00,0.00,65.22
07:10:41,5,13.98,0.00,13.98,0.00,0.00,5.38,0.00,0.00,0.00,66.67
07:10:41,6,14.13,0.00,10.87,0.00,0.00,4.35,0.00,0.00,0.00,70.65
07:10:41,7,13.19,0.00,9.89,0.00,0.00,4.40,0.00,0.00,0.00,72.53
07:10:41,12,14.89,0.00,12.77,0.00,0.00,5.32,0.00,0.00,0.00,67.02
07:10:41,13,16.13,0.00,11.83,0.00,0.00,5.38,0.00,0.00,0.00,66.67
07:10:41,14,15.05,0.00,10.75,0.00,0.00,4.30,0.00,0.00,0.00,69.89
07:10:41,15,14.89,0.00,10.64,0.00,0.00,4.26,0.00,0.00,0.00,70.21
07:10:42,4,14.29,0.00,12.09,0.00,0.00,4.40,0.00,0.00,0.00,69.23
07:10:42,5,14.29,0.00,12.09,0.00,0.00,4.40,0.00,0.00,0.00,69.23
07:10:42,6,14.29,0.00,12.09,0.00,0.00,5.49,0.00,0.00,0.00,68.13
07:10:42,7,14.58,0.00,12.50,0.00,0.00,3.12,0.00,0.00,0.00,69.79
07:10:42,12,15.22,0.00,11.96,0.00,0.00,4.35,0.00,0.00,0.00,68.48
07:10:42,13,16.30,0.00,15.22,0.00,0.00,4.35,0.00,0.00,0.00,64.13
07:10:42,14,15.96,0.00,10.64,0.00,0.00,5.32,0.00,0.00,0.00,68.09
07:10:42,15,14.58,0.00,10.42,0.00,0.00,5.21,0.00,0.00,0.00,69.79
07:10:43,4,12.90,0.00,15.05,0.00,0.00,3.23,0.00,0.00,0.00,68.82
07:10:43,5,15.96,0.00,12.77,0.00,0.00,6.38,0.00,0.00,0.00,64.89
07:10:43,6,14.13,0.00,10.87,0.00,0.00,4.35,0.00,0.00,0.00,70.65
07:10:43,7,12.77,0.00,11.70,0.00,0.00,5.32,0.00,0.00,0.00,70.21
07:10:43,12,14.13,0.00,10.87,0.00,0.00,4.35,0.00,0.00,0.00,70.65
07:10:43,13,14.89,0.00,12.77,0.00,0.00,6.38,0.00,0.00,0.00,65.96
07:10:43,14,13.04,0.00,11.96,0.00,0.00,4.35,0.00,0.00,0.00,70.65
07:10:43,15,13.83,0.00,10.64,0.00,0.00,4.26,0.00,0.00,0.00,71.28
07:10:44,4,14.89,0.00,11.70,0.00,0.00,6.38,0.00,0.00,0.00,67.02
07:10:44,5,16.48,0.00,12.09,0.00,0.00,3.30,0.00,0.00,0.00,68.13
07:10:44,6,13.98,0.00,11.83,0.00,0.00,4.30,0.00,0.00,0.00,69.89
07:10:44,7,13.68,0.00,11.58,0.00,0.00,4.21,0.00,0.00,0.00,70.53
07:10:44,12,15.22,0.00,13.04,0.00,0.00,5.43,0.00,0.00,0.00,66.30
07:10:44,13,12.09,0.00,15.38,0.00,0.00,4.40,0.00,0.00,0.00,68.13
07:10:44,14,13.04,0.00,11.96,0.00,0.00,4.35,0.00,0.00,0.00,70.65
07:10:44,15,13.68,0.00,11.58,0.00,0.00,4.21,0.00,0.00,0.00,70.53
07:10:45,4,14.29,0.00,12.09,0.00,0.00,4.40,0.00,0.00,0.00,69.23
07:10:45,5,13.04,0.00,10.87,0.00,0.00,6.52,0.00,0.00,0.00,69.57
07:10:45,6,14.29,0.00,10.99,0.00,0.00,5.49,0.00,0.00,0.00,69.23
07:10:45,7,12.90,0.00,12.90,0.00,0.00,4.30,0.00,0.00,0.00,69.89
07:10:45,12,15.79,0.00,11.58,0.00,0.00,5.26,0.00,0.00,0.00,67.37
07:10:45,13,14.29,0.00,14.29,0.00,0.00,3.30,0.00,0.00,0.00,68.13
07:10:45,14,19.15,0.00,11.70,0.00,0.00,5.32,0.00,0.00,0.00,63.83
07:10:45,15,14.89,0.00,11.70,0.00,0.00,5.32,0.00,0.00,0.00,68.09
07:10:46,4,16.13,0.00,11.83,0.00,0.00,5.38,0.00,0.00,0.00,66.67
07:10:46,5,13.04,0.00,14.13,1.09,0.00,4.35,0.00,0.00,0.00,67.39
07:10:46,6,13.68,0.00,13.68,0.00,0.00,5.26,0.00,0.00,0.00,67.37
07:10:46,7,11.70,0.00,13.83,0.00,0.00,4.26,0.00,0.00,0.00,70.21
07:10:46,12,13.98,0.00,15.05,0.00,0.00,4.30,0.00,0.00,0.00,66.67
07:10:46,13,12.77,0.00,13.83,0.00,0.00,5.32,0.00,0.00,0.00,68.09
07:10:46,14,15.79,0.00,11.58,0.00,0.00,5.26,0.00,0.00,0.00,67.37
07:10:46,15,13.04,0.00,10.87,0.00,0.00,4.35,0.00,0.00,0.00,71.74
07:10:47,4,13.68,0.00,12.63,0.00,0.00,6.32,0.00,0.00,0.00,67.37
07:10:47,5,17.02,0.00,13.83,0.00,0.00,4.26,0.00,0.00,0.00,64.89
07:10:47,6,15.22,0.00,9.78,0.00,0.00,4.35,0.00,0.00,0.00,70.65
07:10:47,7,11.83,0.00,11.83,0.00,0.00,5.38,0.00,0.00,0.00,70.97
07:10:47,12,16.48,0.00,12.09,0.00,0.00,4.40,0.00,0.00,0.00,67.03
07:10:47,13,14.74,0.00,13.68,0.00,0.00,5.26,0.00,0.00,0.00,66.32
07:10:47,14,13.98,0.00,11.83,0.00,0.00,5.38,0.00,0.00,0.00,68.82
07:10:47,15,12.22,0.00,10.00,0.00,0.00,4.44,0.00,0.00,0.00,73.33
07:10:48,4,12.77,0.00,13.83,0.00,0.00,4.26,0.00,0.00,0.00,69.15
07:10:48,5,16.13,0.00,9.68,0.00,0.00,5.38,0.00,0.00,0.00,68.82
07:10:48,6,13.19,0.00,10.99,0.00,0.00,4.40,0.00,0.00,0.00,71.43
07:10:48,7,12.77,0.00,11.70,0.00,0.00,5.32,0.00,0.00,0.00,70.21
07:10:48,12,13.98,0.00,11.83,0.00,0.00,4.30,0.00,0.00,0.00,69.89
07:10:48,13,16.67,0.00,13.54,0.00,0.00,5.21,0.00,0.00,0.00,64.58
07:10:48,14,13.33,0.00,11.11,0.00,0.00,4.44,0.00,0.00,0.00,71.11
07:10:48,15,16.67,0.00,11.46,0.00,0.00,4.17,0.00,0.00,0.00,67.71
07:10:49,4,13.19,0.00,12.09,0.00,0.00,4.40,0.00,0.00,0.00,70.33
07:10:49,5,14.29,0.00,9.89,0.00,0.00,4.40,0.00,0.00,0.00,71.43
07:10:49,6,13.04,0.00,11.96,0.00,0.00,5.43,0.00,0.00,0.00,69.57
07:10:49,7,13.83,0.00,12.77,0.00,0.00,4.26,0.00,0.00,0.00,69.15
07:10:49,12,11.83,0.00,12.90,0.00,0.00,6.45,0.00,0.00,0.00,68.82
07:10:49,13,13.33,0.00,11.11,0.00,0.00,4.44,0.00,0.00,0.00,71.11
07:10:49,14,14.89,0.00,11.70,0.00,0.00,4.26,0.00,0.00,0.00,69.15
07:10:49,15,13.19,0.00,10.99,0.00,0.00,4.40,0.00,0.00,0.00,71.43
07:10:50,4,15.05,0.00,12.90,0.00,0.00,4.30,0.00,0.00,0.00,67.74
07:10:50,5,17.58,0.00,13.19,0.00,0.00,3.30,0.00,0.00,0.00,65.93
07:10:50,6,13.33,0.00,10.00,0.00,0.00,5.56,0.00,0.00,0.00,71.11
07:10:50,7,15.79,0.00,13.68,0.00,0.00,4.21,0.00,0.00,0.00,66.32
07:10:50,12,13.98,0.00,12.90,0.00,0.00,5.38,0.00,0.00,0.00,67.74
07:10:50,13,13.98,0.00,13.98,0.00,0.00,4.30,0.00,0.00,0.00,67.74
07:10:50,14,15.96,0.00,10.64,0.00,0.00,6.38,0.00,0.00,0.00,67.02
07:10:50,15,15.96,0.00,11.70,0.00,0.00,5.32,0.00,0.00,0.00,67.02
07:10:51,4,13.98,0.00,13.98,0.00,0.00,4.30,0.00,0.00,0.00,67.74
07:10:51,5,12.22,0.00,13.33,0.00,0.00,5.56,0.00,0.00,0.00,68.89
07:10:51,6,13.19,0.00,14.29,0.00,0.00,5.49,0.00,0.00,0.00,67.03
07:10:51,7,13.83,0.00,12.77,0.00,0.00,4.26,0.00,0.00,0.00,69.15
07:10:51,12,12.90,0.00,13.98,0.00,0.00,4.30,0.00,0.00,0.00,68.82
07:10:51,13,12.90,0.00,12.90,0.00,0.00,5.38,0.00,0.00,0.00,68.82
07:10:51,14,15.79,0.00,11.58,0.00,0.00,4.21,0.00,0.00,0.00,68.42
07:10:51,15,12.63,0.00,10.53,0.00,0.00,5.26,0.00,0.00,0.00,71.58
07:10:52,4,15.22,0.00,9.78,0.00,0.00,4.35,0.00,0.00,0.00,70.65
07:10:52,5,15.96,0.00,10.64,0.00,0.00,5.32,0.00,0.00,0.00,68.09
07:10:52,6,13.04,0.00,10.87,0.00,0.00,5.43,0.00,0.00,0.00,70.65
07:10:52,7,13.19,0.00,10.99,0.00,0.00,4.40,0.00,0.00,0.00,71.43
07:10:52,12,13.04,0.00,11.96,0.00,0.00,4.35,0.00,0.00,0.00,70.65
07:10:52,13,14.29,0.00,10.99,0.00,0.00,4.40,0.00,0.00,0.00,70.33
07:10:52,14,13.98,0.00,11.83,0.00,0.00,4.30,0.00,0.00,0.00,69.89
07:10:52,15,12.90,0.00,12.90,0.00,0.00,4.30,0.00,0.00,0.00,69.89
07:10:53,4,12.77,0.00,12.77,0.00,0.00,5.32,0.00,0.00,0.00,69.15
07:10:53,5,15.79,0.00,11.58,0.00,0.00,4.21,0.00,0.00,0.00,68.42
07:10:53,6,14.13,0.00,13.04,0.00,0.00,2.17,0.00,0.00,0.00,70.65
07:10:53,7,14.89,0.00,10.64,0.00,0.00,5.32,0.00,0.00,0.00,69.15
07:10:53,12,14.74,0.00,11.58,0.00,0.00,5.26,0.00,0.00,0.00,68.42
07:10:53,13,14.74,0.00,12.63,0.00,0.00,5.26,0.00,0.00,0.00,67.37
07:10:53,14,13.83,0.00,11.70,0.00,0.00,5.32,0.00,0.00,0.00,69.15
07:10:53,15,12.36,0.00,10.11,0.00,0.00,4.49,0.00,0.00,0.00,73.03
07:10:54,4,13.98,0.00,10.75,0.00,0.00,5.38,0.00,0.00,0.00,69.89
07:10:54,5,15.38,0.00,10.99,0.00,0.00,3.30,0.00,0.00,0.00,70.33
07:10:54,6,12.77,0.00,13.83,0.00,0.00,4.26,0.00,0.00,0.00,69.15
07:10:54,7,14.89,0.00,10.64,0.00,0.00,4.26,0.00,0.00,0.00,70.21
07:10:54,12,12.63,0.00,14.74,0.00,0.00,5.26,0.00,0.00,0.00,67.37
07:10:54,13,12.36,0.00,11.24,0.00,0.00,3.37,0.00,0.00,0.00,73.03
07:10:54,14,13.68,0.00,14.74,0.00,0.00,4.21,0.00,0.00,0.00,67.37
07:10:54,15,13.98,0.00,10.75,0.00,0.00,4.30,0.00,0.00,0.00,70.97
07:10:55,4,15.05,0.00,11.83,0.00,0.00,4.30,0.00,0.00,0.00,68.82
07:10:55,5,14.89,0.00,15.96,0.00,0.00,4.26,0.00,0.00,0.00,64.89
07:10:55,6,15.22,0.00,10.87,0.00,0.00,5.43,0.00,0.00,0.00,68.48
07:10:55,7,9.78,0.00,14.13,0.00,0.00,4.35,0.00,0.00,0.00,71.74
07:10:55,12,15.05,0.00,12.90,0.00,0.00,3.23,0.00,0.00,0.00,68.82
07:10:55,13,15.79,0.00,11.58,0.00,0.00,6.32,0.00,0.00,0.00,66.32
07:10:55,14,15.38,0.00,12.09,0.00,0.00,4.40,0.00,0.00,0.00,68.13
07:10:55,15,15.05,0.00,10.75,0.00,0.00,4.30,0.00,0.00,0.00,69.89
07:10:56,4,15.05,0.00,12.90,0.00,0.00,4.30,0.00,0.00,0.00,67.74
07:10:56,5,16.48,0.00,13.19,0.00,0.00,4.40,0.00,0.00,0.00,65.93
07:10:56,6,13.19,0.00,10.99,0.00,0.00,5.49,0.00,0.00,0.00,70.33
07:10:56,7,11.96,0.00,11.96,0.00,0.00,5.43,0.00,0.00,0.00,70.65
07:10:56,12,17.02,0.00,13.83,0.00,0.00,5.32,0.00,0.00,0.00,63.83
07:10:56,13,18.09,0.00,17.02,0.00,0.00,4.26,0.00,0.00,0.00,60.64
07:10:56,14,15.22,0.00,11.96,0.00,0.00,4.35,0.00,0.00,0.00,68.48
07:10:56,15,13.83,0.00,12.77,0.00,0.00,4.26,0.00,0.00,0.00,69.15
07:10:57,4,14.13,0.00,13.04,0.00,0.00,5.43,0.00,0.00,0.00,67.39
07:10:57,5,13.33,0.00,12.22,0.00,0.00,5.56,0.00,0.00,0.00,68.89
07:10:57,6,13.19,0.00,10.99,0.00,0.00,4.40,0.00,0.00,0.00,71.43
07:10:57,7,12.90,0.00,11.83,0.00,0.00,3.23,0.00,0.00,0.00,72.04
07:10:57,12,15.05,0.00,10.75,0.00,0.00,4.30,0.00,0.00,0.00,69.89
07:10:57,13,15.46,0.00,13.40,0.00,0.00,5.15,0.00,0.00,0.00,65.98
07:10:57,14,13.98,0.00,11.83,0.00,0.00,4.30,0.00,0.00,0.00,69.89
07:10:57,15,11.70,0.00,10.64,0.00,0.00,4.26,0.00,0.00,0.00,73.40
07:10:58,4,15.62,0.00,11.46,0.00,0.00,5.21,0.00,0.00,0.00,67.71
07:10:58,5,14.29,0.00,12.09,0.00,0.00,4.40,0.00,0.00,0.00,69.23
07:10:58,6,13.04,0.00,10.87,0.00,0.00,4.35,0.00,0.00,0.00,71.74
07:10:58,7,12.50,0.00,12.50,0.00,0.00,4.17,0.00,0.00,0.00,70.83
07:10:58,12,14.89,0.00,11.70,0.00,0.00,4.26,0.00,0.00,0.00,69.15
07:10:58,13,15.22,0.00,14.13,0.00,0.00,4.35,0.00,0.00,0.00,66.30
07:10:58,14,15.05,0.00,11.83,0.00,0.00,4.30,0.00,0.00,0.00,68.82
07:10:58,15,13.04,0.00,10.87,0.00,0.00,4.35,0.00,0.00,0.00,71.74
07:10:59,4,13.98,0.00,12.90,0.00,0.00,4.30,0.00,0.00,0.00,68.82
07:10:59,5,14.13,0.00,10.87,0.00,0.00,4.35,0.00,0.00,0.00,70.65
07:10:59,6,16.67,0.00,10.42,0.00,0.00,4.17,0.00,0.00,0.00,68.75
07:10:59,7,10.75,0.00,11.83,0.00,0.00,4.30,0.00,0.00,0.00,73.12
07:10:59,12,13.83,0.00,13.83,0.00,0.00,4.26,0.00,0.00,0.00,68.09
07:10:59,13,13.83,0.00,11.70,0.00,0.00,6.38,0.00,0.00,0.00,68.09
07:10:59,14,15.05,0.00,11.83,0.00,0.00,5.38,0.00,0.00,0.00,67.74
07:10:59,15,13.83,0.00,12.77,0.00,0.00,3.19,0.00,0.00,0.00,70.21
07:11:00,4,13.04,0.00,9.78,0.00,0.00,4.35,0.00,0.00,0.00,72.83
07:11:00,5,14.13,0.00,14.13,0.00,0.00,5.43,0.00,0.00,0.00,66.30
07:11:00,6,13.19,0.00,10.99,0.00,0.00,5.49,0.00,0.00,0.00,70.33
07:11:00,7,14.13,0.00,9.78,0.00,0.00,4.35,0.00,0.00,0.00,71.74
07:11:00,12,16.30,0.00,10.87,0.00,0.00,4.35,0.00,0.00,0.00,68.48
07:11:00,13,15.22,0.00,9.78,0.00,0.00,5.43,0.00,0.00,0.00,69.57
07:11:00,14,13.04,0.00,11.96,0.00,0.00,4.35,0.00,0.00,0.00,70.65
07:11:00,15,13.83,0.00,10.64,0.00,0.00,3.19,0.00,0.00,0.00,72.34
07:11:01,4,15.05,0.00,12.90,0.00,0.00,5.38,0.00,0.00,0.00,66.67
07:11:01,5,17.20,0.00,12.90,0.00,0.00,5.38,0.00,0.00,0.00,64.52
07:11:01,6,16.30,0.00,11.96,0.00,0.00,4.35,0.00,0.00,0.00,67.39
07:11:01,7,11.46,0.00,11.46,0.00,0.00,5.21,0.00,0.00,0.00,71.88
07:11:01,12,14.89,0.00,14.89,0.00,0.00,5.32,0.00,0.00,0.00,64.89
07:11:01,13,18.09,0.00,18.09,0.00,0.00,4.26,0.00,0.00,0.00,59.57
07:11:01,14,15.79,0.00,13.68,0.00,0.00,5.26,0.00,0.00,0.00,65.26
07:11:01,15,11.46,0.00,13.54,0.00,0.00,6.25,0.00,0.00,0.00,68.75
07:11:02,4,13.83,0.00,11.70,0.00,0.00,4.26,0.00,0.00,0.00,70.21
07:11:02,5,18.09,0.00,12.77,0.00,0.00,4.26,0.00,0.00,0.00,64.89
07:11:02,6,17.02,0.00,10.64,0.00,0.00,5.32,0.00,0.00,0.00,67.02
07:11:02,7,12.22,0.00,11.11,0.00,0.00,3.33,0.00,0.00,0.00,73.33
07:11:02,12,13.04,0.00,13.04,0.00,0.00,4.35,0.00,0.00,0.00,69.57
07:11:02,13,14.29,0.00,15.38,0.00,0.00,5.49,0.00,0.00,0.00,64.84
07:11:02,14,17.20,0.00,10.75,0.00,0.00,4.30,0.00,0.00,0.00,67.74
07:11:02,15,16.13,0.00,9.68,0.00,0.00,3.23,0.00,0.00,0.00,70.97
07:11:03,4,13.98,0.00,12.90,0.00,0.00,5.38,0.00,0.00,0.00,67.74
07:11:03,5,13.48,0.00,10.11,0.00,0.00,4.49,0.00,0.00,0.00,71.91
07:11:03,6,13.54,0.00,13.54,0.00,0.00,4.17,0.00,0.00,0.00,68.75
07:11:03,7,14.74,0.00,11.58,0.00,0.00,4.21,0.00,0.00,0.00,69.47
07:11:03,12,15.79,0.00,11.58,0.00,0.00,4.21,0.00,0.00,0.00,68.42
07:11:03,13,13.83,0.00,13.83,0.00,0.00,4.26,0.00,0.00,0.00,68.09
07:11:03,14,14.13,0.00,8.70,0.00,0.00,5.43,0.00,0.00,0.00,71.74
07:11:03,15,13.98,0.00,11.83,0.00,0.00,3.23,0.00,0.00,0.00,70.97
07:11:04,4,13.68,0.00,14.74,0.00,0.00,6.32,0.00,0.00,0.00,65.26
07:11:04,5,14.74,0.00,11.58,0.00,0.00,5.26,0.00,0.00,0.00,68.42
07:11:04,6,11.11,0.00,13.33,0.00,0.00,3.33,0.00,0.00,0.00,72.22
07:11:04,7,14.43,0.00,11.34,0.00,0.00,4.12,0.00,0.00,0.00,70.10
07:11:04,12,15.62,0.00,11.46,0.00,0.00,5.21,0.00,0.00,0.00,67.71
07:11:04,13,13.83,0.00,10.64,0.00,0.00,5.32,0.00,0.00,0.00,70.21
07:11:04,14,15.96,0.00,11.70,0.00,0.00,4.26,0.00,0.00,0.00,68.09
07:11:04,15,11.96,0.00,11.96,0.00,0.00,4.35,0.00,0.00,0.00,71.74
07:11:05,4,13.83,0.00,10.64,0.00,0.00,6.38,0.00,0.00,0.00,69.15
07:11:05,5,15.05,0.00,11.83,0.00,0.00,4.30,0.00,0.00,0.00,68.82
07:11:05,6,14.44,0.00,11.11,0.00,0.00,4.44,0.00,0.00,0.00,70.00
07:11:05,7,14.13,0.00,9.78,0.00,0.00,4.35,0.00,0.00,0.00,71.74
07:11:05,12,13.98,0.00,11.83,0.00,0.00,4.30,0.00,0.00,0.00,69.89
07:11:05,13,15.96,0.00,11.70,0.00,0.00,4.26,0.00,0.00,0.00,68.09
07:11:05,14,13.83,0.00,13.83,0.00,0.00,4.26,0.00,0.00,0.00,68.09
07:11:05,15,13.98,0.00,9.68,0.00,0.00,5.38,0.00,0.00,0.00,70.97
07:11:06,4,19.35,0.00,13.98,0.00,0.00,5.38,0.00,0.00,0.00,61.29
07:11:06,5,14.61,0.00,11.24,0.00,0.00,4.49,0.00,0.00,0.00,69.66
07:11:06,6,12.09,0.00,13.19,0.00,0.00,4.40,0.00,0.00,0.00,70.33
07:11:06,7,13.04,0.00,11.96,0.00,0.00,3.26,0.00,0.00,0.00,71.74
07:11:06,12,16.13,0.00,11.83,2.15,0.00,5.38,0.00,0.00,0.00,64.52
07:11:06,13,16.13,0.00,12.90,0.00,0.00,4.30,0.00,0.00,0.00,66.67
07:11:06,14,15.62,0.00,13.54,0.00,0.00,4.17,0.00,0.00,0.00,66.67
07:11:06,15,13.04,0.00,11.96,0.00,0.00,4.35,0.00,0.00,0.00,70.65
07:11:07,4,14.29,0.00,14.29,0.00,0.00,4.40,0.00,0.00,0.00,67.03
07:11:07,5,15.05,0.00,10.75,0.00,0.00,5.38,0.00,0.00,0.00,68.82
07:11:07,6,13.83,0.00,11.70,0.00,0.00,4.26,0.00,0.00,0.00,70.21
07:11:07,7,12.90,0.00,10.75,0.00,0.00,4.30,0.00,0.00,0.00,72.04
07:11:07,12,12.22,0.00,12.22,0.00,0.00,3.33,0.00,0.00,0.00,72.22
07:11:07,13,13.98,0.00,12.90,0.00,0.00,4.30,0.00,0.00,0.00,68.82
07:11:07,14,13.19,0.00,10.99,0.00,0.00,3.30,0.00,0.00,0.00,72.53
07:11:07,15,14.13,0.00,9.78,0.00,0.00,4.35,0.00,0.00,0.00,71.74
07:11:08,4,13.98,0.00,11.83,0.00,0.00,4.30,0.00,0.00,0.00,69.89
07:11:08,5,14.89,0.00,13.83,0.00,0.00,5.32,0.00,0.00,0.00,65.96
07:11:08,6,12.90,0.00,10.75,0.00,0.00,5.38,0.00,0.00,0.00,70.97
07:11:08,7,11.58,0.00,11.58,0.00,0.00,5.26,0.00,0.00,0.00,71.58
07:11:08,12,14.74,0.00,13.68,0.00,0.00,5.26,0.00,0.00,0.00,66.32
07:11:08,13,14.74,0.00,12.63,0.00,0.00,5.26,0.00,0.00,0.00,67.37
07:11:08,14,14.13,0.00,9.78,0.00,0.00,5.43,0.00,0.00,0.00,70.65
07:11:08,15,11.83,0.00,9.68,0.00,0.00,5.38,0.00,0.00,0.00,73.12
07:11:09,4,16.49,0.00,12.37,0.00,0.00,5.15,0.00,0.00,0.00,65.98
07:11:09,5,14.74,0.00,11.58,0.00,0.00,4.21,0.00,0.00,0.00,69.47
07:11:09,6,14.74,0.00,11.58,0.00,0.00,4.21,0.00,0.00,0.00,69.47
07:11:09,7,16.13,0.00,8.60,0.00,0.00,5.38,0.00,0.00,0.00,69.89
07:11:09,12,13.98,0.00,10.75,0.00,0.00,5.38,0.00,0.00,0.00,69.89
07:11:09,13,13.33,0.00,10.00,0.00,0.00,4.44,0.00,0.00,0.00,72.22
07:11:09,14,13.48,0.00,10.11,0.00,0.00,2.25,0.00,0.00,0.00,74.16
07:11:09,15,13.33,0.00,10.00,0.00,0.00,4.44,0.00,0.00,0.00,72.22
07:11:10,4,15.05,0.00,12.90,0.00,0.00,5.38,0.00,0.00,0.00,66.67
07:11:10,5,12.77,0.00,12.77,0.00,0.00,5.32,0.00,0.00,0.00,69.15
07:11:10,6,13.19,0.00,9.89,0.00,0.00,4.40,0.00,0.00,0.00,72.53
07:11:10,7,11.46,0.00,13.54,0.00,0.00,4.17,0.00,0.00,0.00,70.83
07:11:10,12,15.38,0.00,13.19,0.00,0.00,4.40,0.00,0.00,0.00,67.03
07:11:10,13,15.96,0.00,13.83,0.00,0.00,4.26,0.00,0.00,0.00,65.96
07:11:10,14,13.19,0.00,12.09,0.00,0.00,3.30,0.00,0.00,0.00,71.43
07:11:10,15,12.63,0.00,12.63,0.00,0.00,4.21,0.00,0.00,0.00,70.53
07:11:11,4,14.58,0.00,13.54,0.00,0.00,5.21,0.00,0.00,0.00,66.67
07:11:11,5,15.38,0.00,10.99,0.00,0.00,5.49,0.00,0.00,0.00,68.13
07:11:11,6,14.74,0.00,12.63,0.00,0.00,4.21,0.00,0.00,0.00,68.42
07:11:11,7,15.62,0.00,13.54,0.00,0.00,4.17,0.00,0.00,0.00,66.67
07:11:11,12,13.19,0.00,13.19,0.00,0.00,5.49,0.00,0.00,0.00,68.13
07:11:11,13,18.48,0.00,13.04,0.00,0.00,5.43,0.00,0.00,0.00,63.04
07:11:11,14,15.79,0.00,12.63,1.05,0.00,4.21,0.00,0.00,0.00,66.32
07:11:11,15,15.38,0.00,12.09,0.00,0.00,3.30,0.00,0.00,0.00,69.23
07:11:12,4,13.33,0.00,12.22,0.00,0.00,3.33,0.00,0.00,0.00,71.11
07:11:12,5,16.13,0.00,10.75,0.00,0.00,3.23,0.00,0.00,0.00,69.89
07:11:12,6,13.98,0.00,11.83,0.00,0.00,4.30,0.00,0.00,0.00,69.89
07:11:12,7,15.05,0.00,8.60,0.00,0.00,5.38,0.00,0.00,0.00,70.97
07:11:12,12,13.98,0.00,11.83,0.00,0.00,4.30,0.00,0.00,0.00,69.89
07:11:12,13,13.68,0.00,12.63,0.00,0.00,5.26,0.00,0.00,0.00,68.42
07:11:12,14,11.96,0.00,10.87,0.00,0.00,5.43,0.00,0.00,0.00,71.74
07:11:12,15,12.90,0.00,11.83,0.00,0.00,4.30,0.00,0.00,0.00,70.97
07:11:13,4,16.84,0.00,11.58,0.00,0.00,4.21,0.00,0.00,0.00,67.37
07:11:13,5,13.68,0.00,12.63,0.00,0.00,5.26,0.00,0.00,0.00,68.42
07:11:13,6,13.19,0.00,13.19,0.00,0.00,3.30,0.00,0.00,0.00,70.33
07:11:13,7,13.19,0.00,13.19,0.00,0.00,3.30,0.00,0.00,0.00,70.33
07:11:13,12,13.04,0.00,11.96,0.00,0.00,5.43,0.00,0.00,0.00,69.57
07:11:13,13,16.84,0.00,10.53,0.00,0.00,5.26,0.00,0.00,0.00,67.37
07:11:13,14,15.05,0.00,10.75,0.00,0.00,4.30,0.00,0.00,0.00,69.89
07:11:13,15,14.74,0.00,11.58,0.00,0.00,4.21,0.00,0.00,0.00,69.47
07:11:14,4,12.77,0.00,11.70,0.00,0.00,5.32,0.00,0.00,0.00,70.21
07:11:14,5,15.96,0.00,12.77,0.00,0.00,5.32,0.00,0.00,0.00,65.96
07:11:14,6,11.96,0.00,11.96,0.00,0.00,4.35,0.00,0.00,0.00,71.74
07:11:14,7,13.68,0.00,11.58,0.00,0.00,4.21,0.00,0.00,0.00,70.53
07:11:14,12,13.54,0.00,13.54,0.00,0.00,4.17,0.00,0.00,0.00,68.75
07:11:14,13,15.96,0.00,12.77,0.00,0.00,5.32,0.00,0.00,0.00,65.96
07:11:14,14,11.96,0.00,11.96,0.00,0.00,4.35,0.00,0.00,0.00,71.74
07:11:14,15,13.83,0.00,10.64,0.00,0.00,4.26,0.00,0.00,0.00,71.28
07:11:15,4,13.83,0.00,10.64,0.00,0.00,6.38,0.00,0.00,0.00,69.15
07:11:15,5,13.04,0.00,13.04,0.00,0.00,4.35,0.00,0.00,0.00,69.57
07:11:15,6,14.29,0.00,9.89,0.00,0.00,6.59,0.00,0.00,0.00,69.23
07:11:15,7,13.98,0.00,10.75,0.00,0.00,4.30,0.00,0.00,0.00,70.97
07:11:15,12,12.09,0.00,12.09,0.00,0.00,4.40,0.00,0.00,0.00,71.43
07:11:15,13,13.98,0.00,10.75,0.00,0.00,5.38,0.00,0.00,0.00,69.89
07:11:15,14,14.74,0.00,11.58,0.00,0.00,5.26,0.00,0.00,0.00,68.42
07:11:15,15,13.40,0.00,11.34,0.00,0.00,6.19,0.00,0.00,0.00,69.07
07:11:16,4,14.13,0.00,13.04,0.00,0.00,4.35,0.00,0.00,0.00,68.48
07:11:16,5,15.05,0.00,13.98,0.00,0.00,5.38,0.00,0.00,0.00,65.59
07:11:16,6,14.74,0.00,11.58,0.00,0.00,4.21,0.00,0.00,0.00,69.47
07:11:16,7,13.83,0.00,10.64,2.13,0.00,4.26,0.00,0.00,0.00,69.15
07:11:16,12,17.39,0.00,13.04,0.00,0.00,4.35,0.00,0.00,0.00,65.22
07:11:16,13,15.05,0.00,13.98,0.00,0.00,4.30,0.00,0.00,0.00,66.67
07:11:16,14,15.22,0.00,11.96,0.00,0.00,4.35,0.00,0.00,0.00,68.48
07:11:16,15,14.89,0.00,12.77,1.06,0.00,3.19,0.00,0.00,0.00,68.09
07:11:17,4,15.96,0.00,12.77,0.00,0.00,4.26,0.00,0.00,0.00,67.02
07:11:17,5,15.05,0.00,12.90,0.00,0.00,5.38,0.00,0.00,0.00,66.67
07:11:17,6,13.19,0.00,13.19,0.00,0.00,3.30,0.00,0.00,0.00,70.33
07:11:17,7,10.99,0.00,12.09,0.00,0.00,3.30,0.00,0.00,0.00,73.63
07:11:17,12,14.74,0.00,14.74,0.00,0.00,4.21,0.00,0.00,0.00,66.32
07:11:17,13,14.44,0.00,11.11,0.00,0.00,3.33,0.00,0.00,0.00,71.11
07:11:17,14,14.29,0.00,12.09,0.00,0.00,4.40,0.00,0.00,0.00,69.23
07:11:17,15,12.50,0.00,12.50,0.00,0.00,4.17,0.00,0.00,0.00,70.83
07:11:18,4,15.22,0.00,10.87,0.00,0.00,4.35,0.00,0.00,0.00,69.57
07:11:18,5,14.13,0.00,11.96,0.00,0.00,4.35,0.00,0.00,0.00,69.57
07:11:18,6,16.30,0.00,9.78,0.00,0.00,4.35,0.00,0.00,0.00,69.57
07:11:18,7,12.90,0.00,10.75,0.00,0.00,4.30,0.00,0.00,0.00,72.04
07:11:18,12,14.29,0.00,14.29,0.00,0.00,5.49,0.00,0.00,0.00,65.93
07:11:18,13,13.19,0.00,12.09,0.00,0.00,4.40,0.00,0.00,0.00,70.33
07:11:18,14,14.13,0.00,11.96,0.00,0.00,3.26,0.00,0.00,0.00,70.65
07:11:18,15,13.83,0.00,10.64,0.00,0.00,3.19,0.00,0.00,0.00,72.34
07:11:19,4,13.19,0.00,13.19,0.00,0.00,5.49,0.00,0.00,0.00,68.13
07:11:19,5,13.04,0.00,11.96,0.00,0.00,4.35,0.00,0.00,0.00,70.65
07:11:19,6,14.58,0.00,12.50,0.00,0.00,4.17,0.00,0.00,0.00,68.75
07:11:19,7,14.29,0.00,8.79,0.00,0.00,3.30,0.00,0.00,0.00,73.63
07:11:19,12,12.63,0.00,13.68,0.00,0.00,6.32,0.00,0.00,0.00,67.37
07:11:19,13,13.83,0.00,11.70,0.00,0.00,5.32,0.00,0.00,0.00,69.15
07:11:19,14,14.74,0.00,11.58,0.00,0.00,5.26,0.00,0.00,0.00,68.42
07:11:19,15,14.13,0.00,9.78,0.00,0.00,3.26,0.00,0.00,0.00,72.83
07:11:20,4,14.89,0.00,11.70,0.00,0.00,4.26,0.00,0.00,0.00,69.15
07:11:20,5,14.58,0.00,12.50,0.00,0.00,5.21,0.00,0.00,0.00,67.71
07:11:20,6,14.89,0.00,13.83,0.00,0.00,4.26,0.00,0.00,0.00,67.02
07:11:20,7,11.83,0.00,10.75,0.00,0.00,5.38,0.00,0.00,0.00,72.04
07:11:20,12,12.90,0.00,12.90,0.00,0.00,4.30,0.00,0.00,0.00,69.89
07:11:20,13,13.83,0.00,12.77,0.00,0.00,3.19,0.00,0.00,0.00,70.21
07:11:20,14,14.74,0.00,12.63,0.00,0.00,4.21,0.00,0.00,0.00,68.42
07:11:20,15,12.09,0.00,9.89,0.00,0.00,4.40,0.00,0.00,0.00,73.63
07:11:21,4,19.15,0.00,13.83,0.00,0.00,5.32,0.00,0.00,0.00,61.70
07:11:21,5,15.38,0.00,16.48,0.00,0.00,4.40,0.00,0.00,0.00,63.74
07:11:21,6,17.02,0.00,10.64,0.00,0.00,4.26,0.00,0.00,0.00,68.09
07:11:21,7,13.54,0.00,11.46,0.00,0.00,5.21,0.00,0.00,0.00,69.79
07:11:21,12,15.38,0.00,13.19,0.00,0.00,4.40,0.00,0.00,0.00,67.03
07:11:21,13,15.05,0.00,12.90,0.00,0.00,5.38,0.00,0.00,0.00,66.67
07:11:21,14,16.48,0.00,10.99,0.00,0.00,4.40,0.00,0.00,0.00,68.13
07:11:21,15,11.96,0.00,11.96,0.00,0.00,4.35,0.00,0.00,0.00,71.74
07:11:22,4,13.98,0.00,11.83,0.00,0.00,4.30,0.00,0.00,0.00,69.89
07:11:22,5,13.19,0.00,12.09,0.00,0.00,4.40,0.00,0.00,0.00,70.33
07:11:22,6,13.98,0.00,10.75,0.00,0.00,5.38,0.00,0.00,0.00,69.89
07:11:22,7,12.09,0.00,8.79,0.00,0.00,4.40,0.00,0.00,0.00,74.73
07:11:22,12,13.98,0.00,10.75,0.00,0.00,4.30,0.00,0.00,0.00,70.97
07:11:22,13,14.29,0.00,15.38,0.00,0.00,3.30,0.00,0.00,0.00,67.03
07:11:22,14,14.89,0.00,11.70,0.00,0.00,5.32,0.00,0.00,0.00,68.09
07:11:22,15,13.98,0.00,10.75,0.00,0.00,4.30,0.00,0.00,0.00,70.97
07:11:23,4,12.22,0.00,12.22,0.00,0.00,4.44,0.00,0.00,0.00,71.11
07:11:23,5,13.83,0.00,12.77,0.00,0.00,5.32,0.00,0.00,0.00,68.09
07:11:23,6,13.83,0.00,12.77,0.00,0.00,4.26,0.00,0.00,0.00,69.15
07:11:23,7,11.83,0.00,11.83,0.00,0.00,4.30,0.00,0.00,0.00,72.04
07:11:23,12,13.19,0.00,13.19,0.00,0.00,4.40,0.00,0.00,0.00,69.23
07:11:23,13,15.96,0.00,12.77,0.00,0.00,4.26,0.00,0.00,0.00,67.02
07:11:23,14,12.63,0.00,15.79,0.00,0.00,4.21,0.00,0.00,0.00,67.37
07:11:23,15,13.68,0.00,12.63,0.00,0.00,4.21,0.00,0.00,0.00,69.47
07:11:24,4,14.58,0.00,12.50,0.00,0.00,5.21,0.00,0.00,0.00,67.71
07:11:24,5,14.13,0.00,10.87,0.00,0.00,3.26,0.00,0.00,0.00,71.74
07:11:24,6,17.35,0.00,12.24,0.00,0.00,3.06,0.00,0.00,0.00,67.35
07:11:24,7,14.74,0.00,11.58,0.00,0.00,6.32,0.00,0.00,0.00,67.37
07:11:24,12,14.74,0.00,11.58,0.00,0.00,6.32,0.00,0.00,0.00,67.37
07:11:24,13,14.58,0.00,12.50,0.00,0.00,5.21,0.00,0.00,0.00,67.71
07:11:24,14,13.04,0.00,10.87,0.00,0.00,4.35,0.00,0.00,0.00,71.74
07:11:24,15,13.04,0.00,10.87,0.00,0.00,5.43,0.00,0.00,0.00,70.65
07:11:25,4,15.96,0.00,11.70,0.00,0.00,5.32,0.00,0.00,0.00,67.02
07:11:25,5,14.29,0.00,13.19,0.00,0.00,4.40,0.00,0.00,0.00,68.13
07:11:25,6,13.19,0.00,13.19,0.00,0.00,4.40,0.00,0.00,0.00,69.23
07:11:25,7,13.04,0.00,9.78,0.00,0.00,3.26,0.00,0.00,0.00,73.91
07:11:25,12,14.13,0.00,10.87,0.00,0.00,3.26,0.00,0.00,0.00,71.74
07:11:25,13,16.48,0.00,10.99,0.00,0.00,4.40,0.00,0.00,0.00,68.13
07:11:25,14,12.36,0.00,10.11,0.00,0.00,4.49,0.00,0.00,0.00,73.03
07:11:25,15,12.63,0.00,10.53,0.00,0.00,4.21,0.00,0.00,0.00,72.63
07:11:26,4,14.29,0.00,14.29,0.00,0.00,5.49,0.00,0.00,0.00,65.93
07:11:26,5,15.22,0.00,14.13,0.00,0.00,3.26,0.00,0.00,0.00,67.39
07:11:26,6,14.13,0.00,11.96,1.09,0.00,5.43,0.00,0.00,0.00,67.39
07:11:26,7,13.83,0.00,12.77,0.00,0.00,4.26,0.00,0.00,0.00,69.15
07:11:26,12,15.79,0.00,12.63,0.00,0.00,5.26,0.00,0.00,0.00,66.32
07:11:26,13,18.09,0.00,14.89,0.00,0.00,5.32,0.00,0.00,0.00,61.70
07:11:26,14,16.13,0.00,11.83,0.00,0.00,3.23,0.00,0.00,0.00,68.82
07:11:26,15,14.74,0.00,10.53,0.00,0.00,4.21,0.00,0.00,0.00,70.53
07:11:27,4,15.96,0.00,11.70,0.00,0.00,4.26,0.00,0.00,0.00,68.09
07:11:27,5,14.13,0.00,11.96,0.00,0.00,6.52,0.00,0.00,0.00,67.39
07:11:27,6,15.05,0.00,11.83,0.00,0.00,4.30,0.00,0.00,0.00,68.82
07:11:27,7,13.68,0.00,11.58,0.00,0.00,4.21,0.00,0.00,0.00,70.53
07:11:27,12,13.98,0.00,12.90,0.00,0.00,4.30,0.00,0.00,0.00,68.82
07:11:27,13,15.05,0.00,11.83,0.00,0.00,4.30,0.00,0.00,0.00,68.82
07:11:27,14,15.79,0.00,11.58,0.00,0.00,5.26,0.00,0.00,0.00,67.37
07:11:27,15,14.43,0.00,11.34,0.00,0.00,5.15,0.00,0.00,0.00,69.07
07:11:28,4,14.58,0.00,14.58,0.00,0.00,3.12,0.00,0.00,0.00,67.71
07:11:28,5,13.54,0.00,14.58,0.00,0.00,5.21,0.00,0.00,0.00,66.67
07:11:28,6,15.22,0.00,10.87,0.00,0.00,3.26,0.00,0.00,0.00,70.65
07:11:28,7,14.13,0.00,10.87,0.00,0.00,4.35,0.00,0.00,0.00,70.65
07:11:28,12,11.11,0.00,11.11,0.00,0.00,4.44,0.00,0.00,0.00,73.33
07:11:28,13,14.29,0.00,13.19,0.00,0.00,4.40,0.00,0.00,0.00,68.13
07:11:28,14,14.89,0.00,11.70,0.00,0.00,4.26,0.00,0.00,0.00,69.15
07:11:28,15,14.29,0.00,9.89,0.00,0.00,4.40,0.00,0.00,0.00,71.43
07:11:29,4,15.05,0.00,12.90,0.00,0.00,5.38,0.00,0.00,0.00,66.67
07:11:29,5,17.02,0.00,10.64,0.00,0.00,4.26,0.00,0.00,0.00,68.09
07:11:29,6,14.74,0.00,11.58,0.00,0.00,5.26,0.00,0.00,0.00,68.42
07:11:29,7,14.58,0.00,9.38,0.00,0.00,5.21,0.00,0.00,0.00,70.83
07:11:29,12,13.04,0.00,11.96,0.00,0.00,4.35,0.00,0.00,0.00,70.65
07:11:29,13,13.83,0.00,14.89,0.00,0.00,5.32,0.00,0.00,0.00,65.96
07:11:29,14,15.38,0.00,10.99,0.00,0.00,4.40,0.00,0.00,0.00,69.23
07:11:29,15,15.22,0.00,8.70,0.00,0.00,4.35,0.00,0.00,0.00,71.74
07:11:30,4,15.05,0.00,12.90,0.00,0.00,4.30,0.00,0.00,0.00,67.74
07:11:30,5,14.89,0.00,11.70,0.00,0.00,6.38,0.00,0.00,0.00,67.02
07:11:30,6,16.67,0.00,10.42,0.00,0.00,5.21,0.00,0.00,0.00,67.71
07:11:30,7,13.54,0.00,9.38,0.00,0.00,5.21,0.00,0.00,0.00,71.88
07:11:30,12,16.13,0.00,10.75,0.00,0.00,5.38,0.00,0.00,0.00,67.74
07:11:30,13,14.89,0.00,12.77,0.00,0.00,4.26,0.00,0.00,0.00,68.09
07:11:30,14,14.13,0.00,14.13,0.00,0.00,3.26,0.00,0.00,0.00,68.48
07:11:30,15,13.54,0.00,10.42,0.00,0.00,5.21,0.00,0.00,0.00,70.83
07:11:31,4,13.98,0.00,12.90,0.00,0.00,4.30,0.00,0.00,0.00,68.82
07:11:31,5,15.05,0.00,13.98,1.08,0.00,5.38,0.00,0.00,0.00,64.52
07:11:31,6,13.83,0.00,12.77,0.00,0.00,4.26,0.00,0.00,0.00,69.15
07:11:31,7,12.90,0.00,11.83,0.00,0.00,4.30,0.00,0.00,0.00,70.97
07:11:31,12,15.22,0.00,11.96,0.00,0.00,5.43,0.00,0.00,0.00,67.39
07:11:31,13,22.11,0.00,14.74,1.05,0.00,4.21,0.00,0.00,0.00,57.89
07:11:31,14,15.38,0.00,12.09,0.00,0.00,5.49,0.00,0.00,0.00,67.03
07:11:31,15,13.19,0.00,12.09,0.00,0.00,3.30,0.00,0.00,0.00,71.43
07:11:32,4,13.68,0.00,13.68,0.00,0.00,4.21,0.00,0.00,0.00,68.42
07:11:32,5,16.48,0.00,12.09,0.00,0.00,4.40,0.00,0.00,0.00,67.03
07:11:32,6,14.29,0.00,10.99,0.00,0.00,4.40,0.00,0.00,0.00,70.33
07:11:32,7,14.58,0.00,12.50,0.00,0.00,4.17,0.00,0.00,0.00,68.75
07:11:32,12,14.13,0.00,11.96,0.00,0.00,4.35,0.00,0.00,0.00,69.57
07:11:32,13,16.13,0.00,11.83,0.00,0.00,4.30,0.00,0.00,0.00,67.74
07:11:32,14,13.04,0.00,10.87,0.00,0.00,4.35,0.00,0.00,0.00,71.74
07:11:32,15,15.05,0.00,10.75,0.00,0.00,3.23,0.00,0.00,0.00,70.97
07:11:33,4,16.30,0.00,11.96,0.00,0.00,4.35,0.00,0.00,0.00,67.39
07:11:33,5,14.74,0.00,12.63,0.00,0.00,5.26,0.00,0.00,0.00,67.37
07:11:33,6,14.13,0.00,10.87,0.00,0.00,4.35,0.00,0.00,0.00,70.65
07:11:33,7,12.50,0.00,11.46,0.00,0.00,4.17,0.00,0.00,0.00,71.88
07:11:33,12,13.98,0.00,11.83,0.00,0.00,4.30,0.00,0.00,0.00,69.89
07:11:33,13,13.19,0.00,12.09,0.00,0.00,4.40,0.00,0.00,0.00,70.33
07:11:33,14,15.05,0.00,11.83,0.00,0.00,4.30,0.00,0.00,0.00,68.82
07:11:33,15,12.90,0.00,10.75,0.00,0.00,3.23,0.00,0.00,0.00,73.12
07:11:34,4,16.84,0.00,10.53,0.00,0.00,5.26,0.00,0.00,0.00,67.37
07:11:34,5,13.33,0.00,11.11,0.00,0.00,4.44,0.00,0.00,0.00,71.11
07:11:34,6,15.96,0.00,10.64,0.00,0.00,3.19,0.00,0.00,0.00,70.21
07:11:34,7,13.83,0.00,11.70,0.00,0.00,5.32,0.00,0.00,0.00,69.15
07:11:34,12,12.90,0.00,12.90,0.00,0.00,4.30,0.00,0.00,0.00,69.89
07:11:34,13,13.64,0.00,11.36,0.00,0.00,4.55,0.00,0.00,0.00,70.45
07:11:34,14,17.58,0.00,9.89,0.00,0.00,3.30,0.00,0.00,0.00,69.23
07:11:34,15,13.98,0.00,11.83,0.00,0.00,4.30,0.00,0.00,0.00,69.89
07:11:35,4,14.13,0.00,11.96,0.00,0.00,4.35,0.00,0.00,0.00,69.57
07:11:35,5,13.98,0.00,11.83,0.00,0.00,4.30,0.00,0.00,0.00,69.89
07:11:35,6,14.89,0.00,11.70,0.00,0.00,4.26,0.00,0.00,0.00,69.15
07:11:35,7,13.83,0.00,9.57,0.00,0.00,4.26,0.00,0.00,0.00,72.34
07:11:35,12,12.90,0.00,10.75,0.00,0.00,5.38,0.00,0.00,0.00,70.97
07:11:35,13,13.68,0.00,11.58,0.00,0.00,5.26,0.00,0.00,0.00,69.47
07:11:35,14,16.13,0.00,10.75,0.00,0.00,4.30,0.00,0.00,0.00,68.82
07:11:35,15,13.19,0.00,9.89,0.00,0.00,5.49,0.00,0.00,0.00,71.43
07:11:36,4,14.13,0.00,15.22,0.00,0.00,4.35,0.00,0.00,0.00,66.30
07:11:36,5,17.39,0.00,13.04,1.09,0.00,4.35,0.00,0.00,0.00,64.13
07:11:36,6,15.96,0.00,11.70,0.00,0.00,4.26,0.00,0.00,0.00,68.09
07:11:36,7,16.48,0.00,10.99,0.00,0.00,3.30,0.00,0.00,0.00,69.23
07:11:36,12,17.02,0.00,11.70,0.00,0.00,5.32,0.00,0.00,0.00,65.96
07:11:36,13,15.05,0.00,11.83,0.00,0.00,5.38,0.00,0.00,0.00,67.74
07:11:36,14,17.20,0.00,10.75,1.08,0.00,3.23,0.00,0.00,0.00,67.74
07:11:36,15,15.96,0.00,11.70,0.00,0.00,5.32,0.00,0.00,0.00,67.02
07:11:37,4,14.89,0.00,10.64,0.00,0.00,5.32,0.00,0.00,0.00,69.15
07:11:37,5,13.98,0.00,11.83,0.00,0.00,4.30,0.00,0.00,0.00,69.89
07:11:37,6,14.29,0.00,8.79,0.00,0.00,5.49,0.00,0.00,0.00,71.43
07:11:37,7,12.77,0.00,9.57,0.00,0.00,3.19,0.00,0.00,0.00,74.47
07:11:37,12,15.05,0.00,11.83,0.00,0.00,5.38,0.00,0.00,0.00,67.74
07:11:37,13,14.44,0.00,13.33,0.00,0.00,3.33,0.00,0.00,0.00,68.89
07:11:37,14,15.38,0.00,8.79,0.00,0.00,5.49,0.00,0.00,0.00,70.33
07:11:37,15,13.68,0.00,11.58,0.00,0.00,4.21,0.00,0.00,0.00,70.53
07:11:38,4,16.13,0.00,12.90,0.00,0.00,4.30,0.00,0.00,0.00,66.67
07:11:38,5,17.02,0.00,13.83,0.00,0.00,5.32,0.00,0.00,0.00,63.83
07:11:38,6,13.04,0.00,13.04,0.00,0.00,4.35,0.00,0.00,0.00,69.57
07:11:38,7,14.43,0.00,11.34,0.00,0.00,4.12,0.00,0.00,0.00,70.10
07:11:38,12,13.19,0.00,13.19,0.00,0.00,4.40,0.00,0.00,0.00,69.23
07:11:38,13,14.74,0.00,15.79,0.00,0.00,5.26,0.00,0.00,0.00,64.21
07:11:38,14,13.54,0.00,14.58,0.00,0.00,3.12,0.00,0.00,0.00,68.75
07:11:38,15,11.58,0.00,10.53,0.00,0.00,4.21,0.00,0.00,0.00,73.68
07:11:39,4,15.96,0.00,10.64,0.00,0.00,4.26,0.00,0.00,0.00,69.15
07:11:39,5,14.89,0.00,15.96,0.00,0.00,4.26,0.00,0.00,0.00,64.89
07:11:39,6,13.83,0.00,11.70,0.00,0.00,5.32,0.00,0.00,0.00,69.15
07:11:39,7,12.77,0.00,9.57,0.00,0.00,4.26,0.00,0.00,0.00,73.40
07:11:39,12,14.89,0.00,12.77,0.00,0.00,6.38,0.00,0.00,0.00,65.96
07:11:39,13,13.83,0.00,13.83,0.00,0.00,5.32,0.00,0.00,0.00,67.02
07:11:39,14,14.44,0.00,11.11,0.00,0.00,4.44,0.00,0.00,0.00,70.00
07:11:39,15,11.83,0.00,11.83,0.00,0.00,5.38,0.00,0.00,0.00,70.97
07:11:40,4,14.74,0.00,12.63,0.00,0.00,5.26,0.00,0.00,0.00,67.37
07:11:40,5,15.79,0.00,10.53,0.00,0.00,5.26,0.00,0.00,0.00,68.42
07:11:40,6,14.13,0.00,9.78,0.00,0.00,4.35,0.00,0.00,0.00,71.74
07:11:40,7,12.77,0.00,12.77,0.00,0.00,3.19,0.00,0.00,0.00,71.28
07:11:40,12,13.04,0.00,14.13,0.00,0.00,4.35,0.00,0.00,0.00,68.48
07:11:40,13,15.05,0.00,11.83,0.00,0.00,3.23,0.00,0.00,0.00,69.89
07:11:40,14,10.99,0.00,13.19,0.00,0.00,4.40,0.00,0.00,0.00,71.43
07:11:40,15,13.68,0.00,11.58,0.00,0.00,5.26,0.00,0.00,0.00,69.47
07:11:41,4,15.56,0.00,14.44,0.00,0.00,4.44,0.00,0.00,0.00,65.56
07:11:41,5,13.68,0.00,14.74,0.00,0.00,6.32,0.00,0.00,0.00,65.26
07:11:41,6,14.13,0.00,11.96,1.09,0.00,4.35,0.00,0.00,0.00,68.48
07:11:41,7,13.83,0.00,11.70,0.00,0.00,3.19,0.00,0.00,0.00,71.28
07:11:41,12,17.98,0.00,13.48,1.12,0.00,2.25,0.00,0.00,0.00,65.17
07:11:41,13,15.22,0.00,10.87,1.09,0.00,5.43,0.00,0.00,0.00,67.39
07:11:41,14,16.13,0.00,11.83,0.00,0.00,5.38,0.00,0.00,0.00,66.67
07:11:41,15,13.04,0.00,11.96,0.00,0.00,4.35,0.00,0.00,0.00,70.65
07:11:42,4,13.19,0.00,13.19,0.00,0.00,5.49,0.00,0.00,0.00,68.13
07:11:42,5,15.38,0.00,12.09,0.00,0.00,5.49,0.00,0.00,0.00,67.03
07:11:42,6,14.29,0.00,12.09,0.00,0.00,4.40,0.00,0.00,0.00,69.23
07:11:42,7,12.77,0.00,10.64,0.00,0.00,5.32,0.00,0.00,0.00,71.28
07:11:42,12,15.05,0.00,12.90,0.00,0.00,5.38,0.00,0.00,0.00,66.67
07:11:42,13,15.96,0.00,15.96,0.00,0.00,4.26,0.00,0.00,0.00,63.83
07:11:42,14,13.04,0.00,13.04,0.00,0.00,4.35,0.00,0.00,0.00,69.57
07:11:42,15,11.83,0.00,12.90,0.00,0.00,3.23,0.00,0.00,0.00,72.04
07:11:43,4,14.29,0.00,13.19,0.00,0.00,3.30,0.00,0.00,0.00,69.23
07:11:43,5,15.96,0.00,13.83,0.00,0.00,5.32,0.00,0.00,0.00,64.89
07:11:43,6,14.89,0.00,12.77,0.00,0.00,3.19,0.00,0.00,0.00,69.15
07:11:43,7,13.83,0.00,11.70,0.00,0.00,4.26,0.00,0.00,0.00,70.21
07:11:43,12,12.22,0.00,12.22,0.00,0.00,4.44,0.00,0.00,0.00,71.11
07:11:43,13,13.33,0.00,12.22,0.00,0.00,4.44,0.00,0.00,0.00,70.00
07:11:43,14,14.13,0.00,10.87,0.00,0.00,4.35,0.00,0.00,0.00,70.65
07:11:43,15,12.09,0.00,10.99,0.00,0.00,4.40,0.00,0.00,0.00,72.53
07:11:44,4,13.04,0.00,14.13,0.00,0.00,5.43,0.00,0.00,0.00,67.39
07:11:44,5,14.13,0.00,10.87,0.00,0.00,5.43,0.00,0.00,0.00,69.57
07:11:44,6,14.89,0.00,11.70,0.00,0.00,3.19,0.00,0.00,0.00,70.21
07:11:44,7,13.68,0.00,12.63,0.00,0.00,4.21,0.00,0.00,0.00,69.47
07:11:44,12,14.58,0.00,13.54,0.00,0.00,6.25,0.00,0.00,0.00,65.62
07:11:44,13,14.29,0.00,12.09,0.00,0.00,4.40,0.00,0.00,0.00,69.23
07:11:44,14,13.68,0.00,13.68,0.00,0.00,4.21,0.00,0.00,0.00,68.42
07:11:44,15,12.77,0.00,10.64,0.00,0.00,4.26,0.00,0.00,0.00,72.34
07:11:45,4,13.98,0.00,12.90,0.00,0.00,4.30,0.00,0.00,0.00,68.82
07:11:45,5,14.44,0.00,13.33,0.00,0.00,4.44,0.00,0.00,0.00,67.78
07:11:45,6,13.33,0.00,10.00,0.00,0.00,5.56,0.00,0.00,0.00,71.11
07:11:45,7,14.58,0.00,11.46,0.00,0.00,4.17,0.00,0.00,0.00,69.79
07:11:45,12,15.05,0.00,11.83,0.00,0.00,5.38,0.00,0.00,0.00,67.74
07:11:45,13,15.22,0.00,11.96,0.00,0.00,3.26,0.00,0.00,0.00,69.57
07:11:45,14,13.83,0.00,11.70,0.00,0.00,4.26,0.00,0.00,0.00,70.21
07:11:45,15,10.00,0.00,10.00,0.00,0.00,4.44,0.00,0.00,0.00,75.56
07:11:46,4,14.74,0.00,12.63,0.00,0.00,4.21,0.00,0.00,0.00,68.42
07:11:46,5,14.89,0.00,11.70,0.00,0.00,4.26,0.00,0.00,0.00,69.15
07:11:46,6,14.74,0.00,12.63,1.05,0.00,4.21,0.00,0.00,0.00,67.37
07:11:46,7,11.96,0.00,11.96,0.00,0.00,4.35,0.00,0.00,0.00,71.74
07:11:46,12,14.58,0.00,13.54,0.00,0.00,5.21,0.00,0.00,0.00,66.67
07:11:46,13,13.83,0.00,11.70,0.00,0.00,5.32,0.00,0.00,0.00,69.15
07:11:46,14,12.90,0.00,12.90,0.00,0.00,4.30,0.00,0.00,0.00,69.89
07:11:46,15,13.98,0.00,11.83,0.00,0.00,5.38,0.00,0.00,0.00,68.82
07:11:47,4,14.77,0.00,12.50,0.00,0.00,4.55,0.00,0.00,0.00,68.18
07:11:47,5,14.74,0.00,13.68,0.00,0.00,6.32,0.00,0.00,0.00,65.26
07:11:47,6,17.20,0.00,10.75,0.00,0.00,4.30,0.00,0.00,0.00,67.74
07:11:47,7,13.98,0.00,12.90,0.00,0.00,5.38,0.00,0.00,0.00,67.74
07:11:47,12,14.13,0.00,11.96,0.00,0.00,5.43,0.00,0.00,0.00,68.48
07:11:47,13,14.29,0.00,14.29,0.00,0.00,4.40,0.00,0.00,0.00,67.03
07:11:47,14,13.19,0.00,10.99,0.00,0.00,5.49,0.00,0.00,0.00,70.33
07:11:47,15,16.84,0.00,11.58,0.00,0.00,5.26,0.00,0.00,0.00,66.32
07:11:48,4,15.79,0.00,10.53,0.00,0.00,5.26,0.00,0.00,0.00,68.42
07:11:48,5,15.22,0.00,11.96,0.00,0.00,4.35,0.00,0.00,0.00,68.48
07:11:48,6,13.98,0.00,9.68,0.00,0.00,4.30,0.00,0.00,0.00,72.04
07:11:48,7,11.70,0.00,12.77,0.00,0.00,4.26,0.00,0.00,0.00,71.28
07:11:48,12,15.05,0.00,12.90,0.00,0.00,5.38,0.00,0.00,0.00,66.67
07:11:48,13,17.89,0.00,10.53,0.00,0.00,5.26,0.00,0.00,0.00,66.32
07:11:48,14,13.98,0.00,12.90,0.00,0.00,4.30,0.00,0.00,0.00,68.82
07:11:48,15,15.96,0.00,12.77,0.00,0.00,4.26,0.00,0.00,0.00,67.02
07:11:49,4,16.84,0.00,12.63,0.00,0.00,5.26,0.00,0.00,0.00,65.26
07:11:49,5,15.96,0.00,11.70,0.00,0.00,4.26,0.00,0.00,0.00,68.09
07:11:49,6,13.68,0.00,12.63,0.00,0.00,5.26,0.00,0.00,0.00,68.42
07:11:49,7,11.96,0.00,9.78,0.00,0.00,5.43,0.00,0.00,0.00,72.83
07:11:49,12,13.98,0.00,13.98,0.00,0.00,5.38,0.00,0.00,0.00,66.67
07:11:49,13,17.39,0.00,10.87,0.00,0.00,3.26,0.00,0.00,0.00,68.48
07:11:49,14,13.04,0.00,13.04,0.00,0.00,3.26,0.00,0.00,0.00,70.65
07:11:49,15,13.83,0.00,9.57,0.00,0.00,5.32,0.00,0.00,0.00,71.28
07:11:50,4,14.74,0.00,12.63,0.00,0.00,4.21,0.00,0.00,0.00,68.42
07:11:50,5,15.05,0.00,11.83,0.00,0.00,5.38,0.00,0.00,0.00,67.74
07:11:50,6,13.33,0.00,11.11,0.00,0.00,3.33,0.00,0.00,0.00,72.22
07:11:50,7,14.58,0.00,11.46,0.00,0.00,6.25,0.00,0.00,0.00,67.71
07:11:50,12,15.05,0.00,11.83,0.00,0.00,4.30,0.00,0.00,0.00,68.82
07:11:50,13,12.90,0.00,12.90,0.00,0.00,4.30,0.00,0.00,0.00,69.89
07:11:50,14,14.13,0.00,10.87,0.00,0.00,5.43,0.00,0.00,0.00,69.57
07:11:50,15,14.13,0.00,11.96,0.00,0.00,3.26,0.00,0.00,0.00,70.65
07:11:51,4,14.61,0.00,11.24,0.00,0.00,3.37,0.00,0.00,0.00,70.79
07:11:51,5,12.77,0.00,12.77,0.00,0.00,5.32,0.00,0.00,0.00,69.15
07:11:51,6,14.74,0.00,10.53,0.00,0.00,6.32,0.00,0.00,0.00,68.42
07:11:51,7,12.77,0.00,11.70,0.00,0.00,3.19,0.00,0.00,0.00,72.34
07:11:51,12,13.83,0.00,13.83,0.00,0.00,5.32,0.00,0.00,0.00,67.02
07:11:51,13,14.44,0.00,13.33,0.00,0.00,4.44,0.00,0.00,0.00,67.78
07:11:51,14,16.33,0.00,13.27,1.02,0.00,5.10,0.00,0.00,0.00,64.29
07:11:51,15,15.05,0.00,10.75,0.00,0.00,4.30,0.00,0.00,0.00,69.89
07:11:52,4,15.05,0.00,13.98,2.15,0.00,4.30,0.00,0.00,0.00,64.52
07:11:52,5,19.57,0.00,13.04,0.00,0.00,5.43,0.00,0.00,0.00,61.96
07:11:52,6,15.62,0.00,13.54,0.00,0.00,5.21,0.00,0.00,0.00,65.62
07:11:52,7,12.22,0.00,12.22,1.11,0.00,3.33,0.00,0.00,0.00,71.11
07:11:52,12,13.68,0.00,14.74,0.00,0.00,6.32,0.00,0.00,0.00,65.26
07:11:52,13,19.35,0.00,15.05,0.00,0.00,4.30,0.00,0.00,0.00,61.29
07:11:52,14,13.48,0.00,12.36,0.00,0.00,4.49,0.00,0.00,0.00,69.66
07:11:52,15,12.63,0.00,14.74,0.00,0.00,4.21,0.00,0.00,0.00,68.42
07:11:53,4,13.04,0.00,10.87,0.00,0.00,6.52,0.00,0.00,0.00,69.57
07:11:53,5,15.38,0.00,14.29,0.00,0.00,4.40,0.00,0.00,0.00,65.93
07:11:53,6,13.19,0.00,12.09,0.00,0.00,4.40,0.00,0.00,0.00,70.33
07:11:53,7,14.29,0.00,9.89,0.00,0.00,4.40,0.00,0.00,0.00,71.43
07:11:53,12,13.98,0.00,11.83,0.00,0.00,4.30,0.00,0.00,0.00,69.89
07:11:53,13,16.13,0.00,12.90,0.00,0.00,5.38,0.00,0.00,0.00,65.59
07:11:53,14,15.79,0.00,11.58,0.00,0.00,5.26,0.00,0.00,0.00,67.37
07:11:53,15,14.74,0.00,12.63,0.00,0.00,3.16,0.00,0.00,0.00,69.47
07:11:54,4,14.29,0.00,10.99,0.00,0.00,4.40,0.00,0.00,0.00,70.33
07:11:54,5,13.98,0.00,12.90,0.00,0.00,5.38,0.00,0.00,0.00,67.74
07:11:54,6,15.96,0.00,11.70,0.00,0.00,4.26,0.00,0.00,0.00,68.09
07:11:54,7,14.89,0.00,12.77,0.00,0.00,4.26,0.00,0.00,0.00,68.09
07:11:54,12,14.74,0.00,13.68,0.00,0.00,4.21,0.00,0.00,0.00,67.37
07:11:54,13,12.90,0.00,13.98,0.00,0.00,4.30,0.00,0.00,0.00,68.82
07:11:54,14,16.48,0.00,9.89,0.00,0.00,3.30,0.00,0.00,0.00,70.33
07:11:54,15,14.74,0.00,12.63,0.00,0.00,5.26,0.00,0.00,0.00,67.37
07:11:55,4,14.89,0.00,10.64,0.00,0.00,6.38,0.00,0.00,0.00,68.09
07:11:55,5,16.30,0.00,13.04,0.00,0.00,4.35,0.00,0.00,0.00,66.30
07:11:55,6,14.29,0.00,9.89,0.00,0.00,4.40,0.00,0.00,0.00,71.43
07:11:55,7,11.96,0.00,13.04,0.00,0.00,4.35,0.00,0.00,0.00,70.65
07:11:55,12,15.05,0.00,12.90,0.00,0.00,4.30,0.00,0.00,0.00,67.74
07:11:55,13,13.04,0.00,11.96,0.00,0.00,5.43,0.00,0.00,0.00,69.57
07:11:55,14,13.83,0.00,13.83,0.00,0.00,4.26,0.00,0.00,0.00,68.09
07:11:55,15,13.33,0.00,10.00,0.00,0.00,4.44,0.00,0.00,0.00,72.22
07:11:56,4,13.54,0.00,13.54,0.00,0.00,6.25,0.00,0.00,0.00,66.67
07:11:56,5,13.04,0.00,11.96,0.00,0.00,5.43,0.00,0.00,0.00,69.57
07:11:56,6,15.79,0.00,10.53,0.00,0.00,4.21,0.00,0.00,0.00,69.47
07:11:56,7,13.04,0.00,9.78,0.00,0.00,4.35,0.00,0.00,0.00,72.83
07:11:56,12,13.83,0.00,14.89,0.00,0.00,6.38,0.00,0.00,0.00,64.89
07:11:56,13,17.02,0.00,11.70,0.00,0.00,4.26,0.00,0.00,0.00,67.02
07:11:56,14,15.22,0.00,9.78,0.00,0.00,4.35,0.00,0.00,0.00,70.65
07:11:56,15,12.77,0.00,11.70,0.00,0.00,5.32,0.00,0.00,0.00,70.21
07:11:57,4,17.58,0.00,12.09,0.00,0.00,4.40,0.00,0.00,0.00,65.93
07:11:57,5,13.33,0.00,13.33,0.00,0.00,5.56,0.00,0.00,0.00,67.78
07:11:57,6,16.13,0.00,12.90,0.00,0.00,4.30,0.00,0.00,0.00,66.67
07:11:57,7,12.77,0.00,13.83,0.00,0.00,5.32,0.00,0.00,0.00,68.09
07:11:57,12,14.74,0.00,16.84,0.00,0.00,5.26,0.00,0.00,0.00,63.16
07:11:57,13,15.05,0.00,15.05,0.00,0.00,4.30,0.00,0.00,0.00,65.59
07:11:57,14,17.58,0.00,10.99,0.00,0.00,3.30,0.00,0.00,0.00,68.13
07:11:57,15,13.33,0.00,13.33,0.00,0.00,3.33,0.00,0.00,0.00,70.00
07:11:58,4,16.13,0.00,10.75,0.00,0.00,6.45,0.00,0.00,0.00,66.67
07:11:58,5,16.13,0.00,12.90,0.00,0.00,4.30,0.00,0.00,0.00,66.67
07:11:58,6,14.74,0.00,12.63,0.00,0.00,4.21,0.00,0.00,0.00,68.42
07:11:58,7,11.83,0.00,10.75,0.00,0.00,3.23,0.00,0.00,0.00,74.19
07:11:58,12,13.04,0.00,13.04,0.00,0.00,5.43,0.00,0.00,0.00,68.48
07:11:58,13,17.02,0.00,13.83,0.00,0.00,5.32,0.00,0.00,0.00,63.83
07:11:58,14,15.38,0.00,10.99,0.00,0.00,5.49,0.00,0.00,0.00,68.13
07:11:58,15,9.89,0.00,13.19,0.00,0.00,4.40,0.00,0.00,0.00,72.53
07:11:59,4,12.90,0.00,12.90,0.00,0.00,5.38,0.00,0.00,0.00,68.82
07:11:59,5,15.62,0.00,12.50,0.00,0.00,5.21,0.00,0.00,0.00,66.67
07:11:59,6,15.62,0.00,12.50,0.00,0.00,5.21,0.00,0.00,0.00,66.67
07:11:59,7,13.33,0.00,11.11,0.00,0.00,4.44,0.00,0.00,0.00,71.11
07:11:59,12,15.22,0.00,10.87,0.00,0.00,4.35,0.00,0.00,0.00,69.57
07:11:59,13,14.13,0.00,14.13,1.09,0.00,5.43,0.00,0.00,0.00,65.22
07:11:59,14,14.74,0.00,12.63,0.00,0.00,5.26,0.00,0.00,0.00,67.37
07:11:59,15,14.58,0.00,12.50,0.00,0.00,5.21,0.00,0.00,0.00,67.71
07:12:00,4,15.38,0.00,10.99,0.00,0.00,4.40,0.00,0.00,0.00,69.23
07:12:00,5,15.79,0.00,14.74,0.00,0.00,4.21,0.00,0.00,0.00,65.26
07:12:00,6,15.22,0.00,11.96,0.00,0.00,4.35,0.00,0.00,0.00,68.48
07:12:00,7,9.89,0.00,9.89,0.00,0.00,5.49,0.00,0.00,0.00,74.73
07:12:00,12,16.13,0.00,12.90,0.00,0.00,5.38,0.00,0.00,0.00,65.59
07:12:00,13,15.38,0.00,10.99,0.00,0.00,4.40,0.00,0.00,0.00,69.23
07:12:00,14,15.38,0.00,12.09,0.00,0.00,4.40,0.00,0.00,0.00,68.13
07:12:00,15,14.89,0.00,10.64,0.00,0.00,4.26,0.00,0.00,0.00,70.21
07:12:01,4,16.49,0.00,12.37,0.00,0.00,5.15,0.00,0.00,0.00,65.98
07:12:01,5,12.90,0.00,12.90,0.00,0.00,4.30,0.00,0.00,0.00,69.89
07:12:01,6,15.79,0.00,12.63,0.00,0.00,5.26,0.00,0.00,0.00,66.32
07:12:01,7,12.63,0.00,13.68,0.00,0.00,5.26,0.00,0.00,0.00,68.42
07:12:01,12,13.83,0.00,13.83,0.00,0.00,4.26,0.00,0.00,0.00,68.09
07:12:01,13,14.29,0.00,10.99,0.00,0.00,5.49,0.00,0.00,0.00,69.23
07:12:01,14,15.96,0.00,11.70,0.00,0.00,4.26,0.00,0.00,0.00,68.09
07:12:01,15,11.96,0.00,11.96,0.00,0.00,5.43,0.00,0.00,0.00,70.65
07:12:02,4,17.78,0.00,12.22,0.00,0.00,3.33,0.00,0.00,0.00,66.67
07:12:02,5,15.22,0.00,13.04,0.00,0.00,4.35,0.00,0.00,0.00,67.39
07:12:02,6,13.19,0.00,12.09,0.00,0.00,4.40,0.00,0.00,0.00,70.33
07:12:02,7,14.13,0.00,10.87,0.00,0.00,5.43,0.00,0.00,0.00,69.57
07:12:02,12,15.22,0.00,11.96,0.00,0.00,4.35,0.00,0.00,0.00,68.48
07:12:02,13,13.98,0.00,13.98,0.00,0.00,4.30,0.00,0.00,0.00,67.74
07:12:02,14,17.02,0.00,10.64,0.00,0.00,5.32,0.00,0.00,0.00,67.02
07:12:02,15,14.89,0.00,11.70,0.00,0.00,4.26,0.00,0.00,0.00,69.15
07:12:03,4,12.90,0.00,16.13,0.00,0.00,5.38,0.00,0.00,0.00,65.59
07:12:03,5,16.13,0.00,11.83,0.00,0.00,5.38,0.00,0.00,0.00,66.67
07:12:03,6,15.22,0.00,10.87,0.00,0.00,3.26,0.00,0.00,0.00,70.65
07:12:03,7,11.70,0.00,12.77,0.00,0.00,5.32,0.00,0.00,0.00,70.21
07:12:03,12,14.89,0.00,14.89,0.00,0.00,5.32,0.00,0.00,0.00,64.89
07:12:03,13,14.29,0.00,12.09,0.00,0.00,4.40,0.00,0.00,0.00,69.23
07:12:03,14,13.33,0.00,11.11,0.00,0.00,4.44,0.00,0.00,0.00,71.11
07:12:03,15,11.70,0.00,13.83,0.00,0.00,5.32,0.00,0.00,0.00,69.15
07:12:04,4,15.05,0.00,13.98,1.08,0.00,5.38,0.00,0.00,0.00,64.52
07:12:04,5,15.56,0.00,11.11,0.00,0.00,3.33,0.00,0.00,0.00,70.00
07:12:04,6,13.33,0.00,14.44,0.00,0.00,5.56,0.00,0.00,0.00,66.67
07:12:04,7,14.74,0.00,11.58,0.00,0.00,3.16,0.00,0.00,0.00,70.53
07:12:04,12,15.22,0.00,11.96,0.00,0.00,4.35,0.00,0.00,0.00,68.48
07:12:04,13,15.79,0.00,13.68,0.00,0.00,5.26,0.00,0.00,0.00,65.26
07:12:04,14,17.02,0.00,10.64,0.00,0.00,5.32,0.00,0.00,0.00,67.02
07:12:04,15,13.68,0.00,10.53,0.00,0.00,5.26,0.00,0.00,0.00,70.53
07:12:05,4,14.13,0.00,13.04,0.00,0.00,4.35,0.00,0.00,0.00,68.48
07:12:05,5,15.96,0.00,12.77,0.00,0.00,5.32,0.00,0.00,0.00,65.96
07:12:05,6,14.89,0.00,12.77,0.00,0.00,3.19,0.00,0.00,0.00,69.15
07:12:05,7,14.58,0.00,11.46,0.00,0.00,4.17,0.00,0.00,0.00,69.79
07:12:05,12,15.62,0.00,11.46,0.00,0.00,4.17,0.00,0.00,0.00,68.75
07:12:05,13,15.96,0.00,12.77,0.00,0.00,5.32,0.00,0.00,0.00,65.96
07:12:05,14,13.98,0.00,13.98,0.00,0.00,3.23,0.00,0.00,0.00,68.82
07:12:05,15,14.74,0.00,11.58,0.00,0.00,3.16,0.00,0.00,0.00,70.53
07:12:06,4,14.74,0.00,12.63,0.00,0.00,4.21,0.00,0.00,0.00,68.42
07:12:06,5,17.39,0.00,10.87,0.00,0.00,3.26,0.00,0.00,0.00,68.48
07:12:06,6,17.20,0.00,10.75,0.00,0.00,4.30,0.00,0.00,0.00,67.74
07:12:06,7,13.98,0.00,10.75,0.00,0.00,2.15,0.00,0.00,0.00,73.12
07:12:06,12,14.89,0.00,14.89,0.00,0.00,5.32,0.00,0.00,0.00,64.89
07:12:06,13,13.19,0.00,16.48,0.00,0.00,4.40,0.00,0.00,0.00,65.93
07:12:06,14,17.53,0.00,11.34,0.00,0.00,5.15,0.00,0.00,0.00,65.98
07:12:06,15,13.04,0.00,10.87,0.00,0.00,4.35,0.00,0.00,0.00,71.74
07:12:07,4,15.22,0.00,15.22,0.00,0.00,5.43,0.00,0.00,0.00,64.13
07:12:07,5,15.22,0.00,10.87,0.00,0.00,6.52,0.00,0.00,0.00,67.39
07:12:07,6,14.74,0.00,12.63,0.00,0.00,5.26,0.00,0.00,0.00,67.37
07:12:07,7,15.79,0.00,11.58,0.00,0.00,5.26,0.00,0.00,0.00,67.37
07:12:07,12,15.05,0.00,11.83,0.00,0.00,5.38,0.00,0.00,0.00,67.74
07:12:07,13,19.57,0.00,16.30,0.00,0.00,4.35,0.00,0.00,0.00,59.78
07:12:07,14,15.38,0.00,9.89,0.00,0.00,6.59,0.00,0.00,0.00,68.13
07:12:07,15,13.98,0.00,10.75,0.00,0.00,5.38,0.00,0.00,0.00,69.89
07:12:08,4,15.96,0.00,13.83,0.00,0.00,5.32,0.00,0.00,0.00,64.89
07:12:08,5,14.29,0.00,13.19,0.00,0.00,4.40,0.00,0.00,0.00,68.13
07:12:08,6,13.64,0.00,11.36,0.00,0.00,3.41,0.00,0.00,0.00,71.59
07:12:08,7,13.83,0.00,10.64,0.00,0.00,4.26,0.00,0.00,0.00,71.28
07:12:08,12,15.38,0.00,12.09,0.00,0.00,4.40,0.00,0.00,0.00,68.13
07:12:08,13,16.13,0.00,11.83,0.00,0.00,5.38,0.00,0.00,0.00,66.67
07:12:08,14,14.89,0.00,11.70,0.00,0.00,4.26,0.00,0.00,0.00,69.15
07:12:08,15,11.83,0.00,12.90,0.00,0.00,4.30,0.00,0.00,0.00,70.97
07:12:09,4,16.48,0.00,10.99,0.00,0.00,4.40,0.00,0.00,0.00,68.13
07:12:09,5,14.89,0.00,13.83,0.00,0.00,4.26,0.00,0.00,0.00,67.02
07:12:09,6,13.83,0.00,12.77,0.00,0.00,4.26,0.00,0.00,0.00,69.15
07:12:09,7,13.83,0.00,12.77,0.00,0.00,4.26,0.00,0.00,0.00,69.15
07:12:09,12,12.90,0.00,13.98,0.00,0.00,5.38,0.00,0.00,0.00,67.74
07:12:09,13,11.96,0.00,14.13,1.09,0.00,4.35,0.00,0.00,0.00,68.48
07:12:09,14,15.79,0.00,11.58,0.00,0.00,4.21,0.00,0.00,0.00,68.42
07:12:09,15,13.83,0.00,11.70,0.00,0.00,4.26,0.00,0.00,0.00,70.21
07:12:10,4,15.22,0.00,13.04,0.00,0.00,4.35,0.00,0.00,0.00,67.39
07:12:10,5,15.79,0.00,12.63,0.00,0.00,5.26,0.00,0.00,0.00,66.32
07:12:10,6,15.05,0.00,10.75,0.00,0.00,4.30,0.00,0.00,0.00,69.89
07:12:10,7,12.77,0.00,11.70,0.00,0.00,6.38,0.00,0.00,0.00,69.15
07:12:10,12,14.89,0.00,14.89,0.00,0.00,4.26,0.00,0.00,0.00,65.96
07:12:10,13,13.33,0.00,11.11,0.00,0.00,5.56,0.00,0.00,0.00,70.00
07:12:10,14,13.98,0.00,10.75,0.00,0.00,6.45,0.00,0.00,0.00,68.82
07:12:10,15,13.98,0.00,13.98,0.00,0.00,4.30,0.00,0.00,0.00,67.74
07:12:11,4,15.22,0.00,11.96,0.00,0.00,3.26,0.00,0.00,0.00,69.57
07:12:11,5,14.43,0.00,14.43,0.00,0.00,5.15,0.00,0.00,0.00,65.98
07:12:11,6,15.96,0.00,11.70,0.00,0.00,5.32,0.00,0.00,0.00,67.02
07:12:11,7,15.05,0.00,11.83,0.00,0.00,4.30,0.00,0.00,0.00,68.82
07:12:11,12,15.05,0.00,11.83,0.00,0.00,4.30,0.00,0.00,0.00,68.82
07:12:11,13,14.89,0.00,12.77,0.00,0.00,5.32,0.00,0.00,0.00,67.02
07:12:11,14,15.79,0.00,11.58,0.00,0.00,4.21,0.00,0.00,0.00,68.42
07:12:11,15,14.58,0.00,13.54,0.00,0.00,4.17,0.00,0.00,0.00,67.71
07:12:12,4,15.73,0.00,14.61,0.00,0.00,4.49,0.00,0.00,0.00,65.17
07:12:12,5,17.78,0.00,11.11,0.00,0.00,3.33,0.00,0.00,0.00,67.78
07:12:12,6,16.67,0.00,13.54,0.00,0.00,4.17,0.00,0.00,0.00,65.62
07:12:12,7,13.04,0.00,13.04,0.00,0.00,4.35,0.00,0.00,0.00,69.57
07:12:12,12,15.05,0.00,11.83,0.00,0.00,5.38,0.00,0.00,0.00,67.74
07:12:12,13,15.62,0.00,14.58,0.00,0.00,4.17,0.00,0.00,0.00,65.62
07:12:12,14,16.13,0.00,12.90,0.00,0.00,3.23,0.00,0.00,0.00,67.74
07:12:12,15,13.04,0.00,11.96,0.00,0.00,4.35,0.00,0.00,0.00,70.65
07:12:13,4,14.89,0.00,13.83,0.00,0.00,3.19,0.00,0.00,0.00,68.09
07:12:13,5,11.96,0.00,14.13,0.00,0.00,4.35,0.00,0.00,0.00,69.57
07:12:13,6,12.09,0.00,10.99,0.00,0.00,4.40,0.00,0.00,0.00,72.53
07:12:13,7,11.96,0.00,13.04,0.00,0.00,3.26,0.00,0.00,0.00,71.74
07:12:13,12,13.98,0.00,13.98,0.00,0.00,6.45,0.00,0.00,0.00,65.59
07:12:13,13,14.44,0.00,12.22,0.00,0.00,4.44,0.00,0.00,0.00,68.89
07:12:13,14,15.96,0.00,11.70,0.00,0.00,4.26,0.00,0.00,0.00,68.09
07:12:13,15,16.84,0.00,11.58,0.00,0.00,4.21,0.00,0.00,0.00,67.37
07:12:14,4,15.96,0.00,13.83,0.00,0.00,5.32,0.00,0.00,0.00,64.89
07:12:14,5,15.05,0.00,12.90,0.00,0.00,4.30,0.00,0.00,0.00,67.74
07:12:14,6,14.13,0.00,10.87,0.00,0.00,4.35,0.00,0.00,0.00,70.65
07:12:14,7,11.96,0.00,9.78,0.00,0.00,4.35,0.00,0.00,0.00,73.91
07:12:14,12,14.29,0.00,14.29,0.00,0.00,3.30,0.00,0.00,0.00,68.13
07:12:14,13,13.83,0.00,13.83,0.00,0.00,6.38,0.00,0.00,0.00,65.96
07:12:14,14,14.89,0.00,12.77,0.00,0.00,4.26,0.00,0.00,0.00,68.09
07:12:14,15,12.90,0.00,11.83,0.00,0.00,4.30,0.00,0.00,0.00,70.97
07:12:15,4,15.96,0.00,13.83,0.00,0.00,4.26,0.00,0.00,0.00,65.96
07:12:15,5,16.13,0.00,13.98,0.00,0.00,5.38,0.00,0.00,0.00,64.52
07:12:15,6,13.83,0.00,11.70,0.00,0.00,5.32,0.00,0.00,0.00,69.15
07:12:15,7,13.19,0.00,9.89,0.00,0.00,4.40,0.00,0.00,0.00,72.53
07:12:15,12,15.46,0.00,13.40,0.00,0.00,4.12,0.00,0.00,0.00,67.01
07:12:15,13,15.38,0.00,12.09,0.00,0.00,5.49,0.00,0.00,0.00,67.03
07:12:15,14,12.90,0.00,12.90,0.00,0.00,4.30,0.00,0.00,0.00,69.89
07:12:15,15,12.90,0.00,10.75,0.00,0.00,3.23,0.00,0.00,0.00,73.12
07:12:16,4,13.83,0.00,12.77,0.00,0.00,4.26,0.00,0.00,0.00,69.15
07:12:16,5,16.48,0.00,12.09,0.00,0.00,4.40,0.00,0.00,0.00,67.03
07:12:16,6,15.05,0.00,12.90,0.00,0.00,3.23,0.00,0.00,0.00,68.82
07:12:16,7,13.19,0.00,9.89,0.00,0.00,4.40,0.00,0.00,0.00,72.53
07:12:16,12,14.29,0.00,12.09,0.00,0.00,3.30,0.00,0.00,0.00,70.33
07:12:16,13,14.89,0.00,12.77,0.00,0.00,4.26,0.00,0.00,0.00,68.09
07:12:16,14,14.29,0.00,12.09,0.00,0.00,5.49,0.00,0.00,0.00,68.13
07:12:16,15,13.33,0.00,10.00,0.00,0.00,3.33,0.00,0.00,0.00,73.33
07:12:17,4,16.30,0.00,11.96,0.00,0.00,4.35,0.00,0.00,0.00,67.39
07:12:17,5,15.05,0.00,12.90,0.00,0.00,5.38,0.00,0.00,0.00,66.67
07:12:17,6,15.96,0.00,10.64,0.00,0.00,5.32,0.00,0.00,0.00,68.09
07:12:17,7,12.77,0.00,15.96,0.00,0.00,4.26,0.00,0.00,0.00,67.02
07:12:17,12,17.39,0.00,13.04,0.00,0.00,4.35,0.00,0.00,0.00,65.22
07:12:17,13,17.20,0.00,12.90,0.00,0.00,3.23,0.00,0.00,0.00,66.67
07:12:17,14,17.02,0.00,10.64,0.00,0.00,4.26,0.00,0.00,0.00,68.09
07:12:17,15,15.05,0.00,13.98,0.00,0.00,4.30,0.00,0.00,0.00,66.67
07:12:18,4,15.05,0.00,11.83,0.00,0.00,4.30,0.00,0.00,0.00,68.82
07:12:18,5,14.13,0.00,11.96,0.00,0.00,4.35,0.00,0.00,0.00,69.57
07:12:18,6,13.98,0.00,11.83,0.00,0.00,4.30,0.00,0.00,0.00,69.89
07:12:18,7,14.58,0.00,11.46,0.00,0.00,5.21,0.00,0.00,0.00,68.75
07:12:18,12,12.90,0.00,12.90,0.00,0.00,4.30,0.00,0.00,0.00,69.89
07:12:18,13,13.33,0.00,14.44,0.00,0.00,4.44,0.00,0.00,0.00,67.78
07:12:18,14,14.29,0.00,10.99,0.00,0.00,4.40,0.00,0.00,0.00,70.33
07:12:18,15,14.74,0.00,12.63,0.00,0.00,5.26,0.00,0.00,0.00,67.37
07:12:19,4,14.89,0.00,10.64,0.00,0.00,5.32,0.00,0.00,0.00,69.15
07:12:19,5,15.73,0.00,13.48,0.00,0.00,4.49,0.00,0.00,0.00,66.29
07:12:19,6,15.22,0.00,11.96,0.00,0.00,4.35,0.00,0.00,0.00,68.48
07:12:19,7,13.04,0.00,13.04,0.00,0.00,4.35,0.00,0.00,0.00,69.57
07:12:19,12,14.29,0.00,13.19,0.00,0.00,3.30,0.00,0.00,0.00,69.23
07:12:19,13,13.19,0.00,13.19,0.00,0.00,3.30,0.00,0.00,0.00,70.33
07:12:19,14,15.05,0.00,11.83,1.08,0.00,4.30,0.00,0.00,0.00,67.74
07:12:19,15,11.96,0.00,10.87,0.00,0.00,4.35,0.00,0.00,0.00,72.83
07:12:20,4,15.22,0.00,11.96,0.00,0.00,3.26,0.00,0.00,0.00,69.57
07:12:20,5,16.49,0.00,13.40,0.00,0.00,5.15,0.00,0.00,0.00,64.95
07:12:20,6,14.13,0.00,13.04,1.09,0.00,5.43,0.00,0.00,0.00,66.30
07:12:20,7,12.90,0.00,11.83,0.00,0.00,4.30,0.00,0.00,0.00,70.97
07:12:20,12,13.04,0.00,10.87,0.00,0.00,6.52,0.00,0.00,0.00,69.57
07:12:20,13,14.13,0.00,11.96,0.00,0.00,5.43,0.00,0.00,0.00,68.48
07:12:20,14,14.29,0.00,12.09,0.00,0.00,5.49,0.00,0.00,0.00,68.13
07:12:20,15,12.22,0.00,12.22,0.00,0.00,3.33,0.00,0.00,0.00,72.22
07:12:21,4,12.77,0.00,12.77,0.00,0.00,6.38,0.00,0.00,0.00,68.09
07:12:21,5,15.05,0.00,12.90,0.00,0.00,4.30,0.00,0.00,0.00,67.74
07:12:21,6,14.29,0.00,9.89,0.00,0.00,4.40,0.00,0.00,0.00,71.43
07:12:21,7,13.68,0.00,11.58,0.00,0.00,4.21,0.00,0.00,0.00,70.53
07:12:21,12,17.02,0.00,14.89,0.00,0.00,4.26,0.00,0.00,0.00,63.83
07:12:21,13,17.02,0.00,11.70,0.00,0.00,5.32,0.00,0.00,0.00,65.96
07:12:21,14,17.20,0.00,10.75,0.00,0.00,5.38,0.00,0.00,0.00,66.67
07:12:21,15,15.79,0.00,11.58,0.00,0.00,4.21,0.00,0.00,0.00,68.42
07:12:22,4,14.13,0.00,11.96,0.00,0.00,5.43,0.00,0.00,0.00,68.48
07:12:22,5,21.51,0.00,12.90,0.00,0.00,4.30,0.00,0.00,0.00,61.29
07:12:22,6,16.13,0.00,11.83,0.00,0.00,5.38,0.00,0.00,0.00,66.67
07:12:22,7,14.89,0.00,12.77,0.00,0.00,3.19,0.00,0.00,0.00,69.15
07:12:22,12,14.89,0.00,14.89,0.00,0.00,4.26,0.00,0.00,0.00,65.96
07:12:22,13,15.38,0.00,12.09,0.00,0.00,5.49,0.00,0.00,0.00,67.03
07:12:22,14,14.13,0.00,13.04,0.00,0.00,4.35,0.00,0.00,0.00,68.48
07:12:22,15,13.98,0.00,12.90,0.00,0.00,4.30,0.00,0.00,0.00,68.82
07:12:23,4,13.19,0.00,12.09,0.00,0.00,5.49,0.00,0.00,0.00,69.23
07:12:23,5,13.04,0.00,16.30,0.00,0.00,4.35,0.00,0.00,0.00,66.30
07:12:23,6,14.13,0.00,10.87,0.00,0.00,4.35,0.00,0.00,0.00,70.65
07:12:23,7,15.22,0.00,9.78,0.00,0.00,5.43,0.00,0.00,0.00,69.57
07:12:23,12,14.89,0.00,10.64,0.00,0.00,6.38,0.00,0.00,0.00,68.09
07:12:23,13,13.83,0.00,12.77,0.00,0.00,5.32,0.00,0.00,0.00,68.09
07:12:23,14,14.13,0.00,10.87,0.00,0.00,4.35,0.00,0.00,0.00,70.65
07:12:23,15,12.09,0.00,10.99,0.00,0.00,5.49,0.00,0.00,0.00,71.43
07:12:24,4,14.89,0.00,11.70,0.00,0.00,6.38,0.00,0.00,0.00,67.02
07:12:24,5,14.74,0.00,12.63,0.00,0.00,5.26,0.00,0.00,0.00,67.37
07:12:24,6,13.04,0.00,11.96,0.00,0.00,4.35,0.00,0.00,0.00,70.65
07:12:24,7,13.98,0.00,11.83,0.00,0.00,5.38,0.00,0.00,0.00,68.82
07:12:24,12,15.22,0.00,10.87,0.00,0.00,4.35,0.00,0.00,0.00,69.57
07:12:24,13,15.22,0.00,10.87,0.00,0.00,4.35,0.00,0.00,0.00,69.57
07:12:24,14,16.13,0.00,9.68,0.00,0.00,4.30,0.00,0.00,0.00,69.89
07:12:24,15,12.50,0.00,13.54,0.00,0.00,6.25,0.00,0.00,0.00,67.71
07:12:25,4,14.13,0.00,11.96,0.00,0.00,5.43,0.00,0.00,0.00,68.48
07:12:25,5,16.13,0.00,13.98,0.00,0.00,5.38,0.00,0.00,0.00,64.52
07:12:25,6,14.13,0.00,11.96,0.00,0.00,4.35,0.00,0.00,0.00,69.57
07:12:25,7,13.04,0.00,13.04,0.00,0.00,4.35,0.00,0.00,0.00,69.57
07:12:25,12,13.98,0.00,11.83,0.00,0.00,5.38,0.00,0.00,0.00,68.82
07:12:25,13,14.29,0.00,12.09,0.00,0.00,4.40,0.00,0.00,0.00,69.23
07:12:25,14,15.22,0.00,10.87,0.00,0.00,4.35,0.00,0.00,0.00,69.57
07:12:25,15,13.19,0.00,10.99,0.00,0.00,4.40,0.00,0.00,0.00,71.43
07:12:26,4,13.83,0.00,11.70,0.00,0.00,4.26,0.00,0.00,0.00,70.21
07:12:26,5,14.29,0.00,14.29,0.00,0.00,3.30,0.00,0.00,0.00,68.13
07:12:26,6,15.05,0.00,13.98,0.00,0.00,4.30,0.00,0.00,0.00,66.67
07:12:26,7,13.98,0.00,11.83,0.00,0.00,4.30,0.00,0.00,0.00,69.89
07:12:26,12,14.89,0.00,13.83,0.00,0.00,5.32,0.00,0.00,0.00,65.96
07:12:26,13,13.98,0.00,12.90,0.00,0.00,4.30,0.00,0.00,0.00,68.82
07:12:26,14,15.22,0.00,10.87,0.00,0.00,3.26,0.00,0.00,0.00,70.65
07:12:26,15,13.19,0.00,10.99,0.00,0.00,3.30,0.00,0.00,0.00,72.53
07:12:27,4,16.30,0.00,15.22,0.00,0.00,4.35,0.00,0.00,0.00,64.13
07:12:27,5,16.84,0.00,13.68,0.00,0.00,5.26,0.00,0.00,0.00,64.21
07:12:27,6,16.48,0.00,12.09,0.00,0.00,4.40,0.00,0.00,0.00,67.03
07:12:27,7,12.77,0.00,13.83,0.00,0.00,5.32,0.00,0.00,0.00,68.09
07:12:27,12,14.13,0.00,13.04,0.00,0.00,4.35,0.00,0.00,0.00,68.48
07:12:27,13,17.20,0.00,15.05,0.00,0.00,4.30,0.00,0.00,0.00,63.44
07:12:27,14,14.89,0.00,12.77,0.00,0.00,5.32,0.00,0.00,0.00,67.02
07:12:27,15,13.68,0.00,12.63,0.00,0.00,5.26,0.00,0.00,0.00,68.42
07:12:28,4,15.22,0.00,13.04,0.00,0.00,4.35,0.00,0.00,0.00,67.39
07:12:28,5,15.22,0.00,13.04,0.00,0.00,4.35,0.00,0.00,0.00,67.39
07:12:28,6,14.74,0.00,12.63,0.00,0.00,5.26,0.00,0.00,0.00,67.37
07:12:28,7,13.04,0.00,9.78,0.00,0.00,3.26,0.00,0.00,0.00,73.91
07:12:28,12,13.83,0.00,12.77,0.00,0.00,5.32,0.00,0.00,0.00,68.09
07:12:28,13,15.22,0.00,14.13,0.00,0.00,4.35,0.00,0.00,0.00,66.30
07:12:28,14,15.22,0.00,8.70,0.00,0.00,5.43,0.00,0.00,0.00,70.65
07:12:28,15,15.05,0.00,9.68,0.00,0.00,3.23,0.00,0.00,0.00,72.04
07:12:29,4,15.79,0.00,10.53,0.00,0.00,5.26,0.00,0.00,0.00,68.42
07:12:29,5,15.05,0.00,13.98,0.00,0.00,3.23,0.00,0.00,0.00,67.74
07:12:29,6,15.05,0.00,12.90,0.00,0.00,3.23,0.00,0.00,0.00,68.82
07:12:29,7,10.99,0.00,12.09,0.00,0.00,6.59,0.00,0.00,0.00,70.33
07:12:29,12,11.36,0.00,11.36,0.00,0.00,4.55,0.00,0.00,0.00,72.73
07:12:29,13,13.83,0.00,11.70,0.00,0.00,6.38,0.00,0.00,0.00,68.09
07:12:29,14,15.22,0.00,10.87,0.00,0.00,4.35,0.00,0.00,0.00,69.57
07:12:29,15,15.22,0.00,9.78,0.00,0.00,5.43,0.00,0.00,0.00,69.57
07:12:30,4,15.05,0.00,11.83,0.00,0.00,4.30,0.00,0.00,0.00,68.82
07:12:30,5,14.13,0.00,13.04,0.00,0.00,4.35,0.00,0.00,0.00,68.48
07:12:30,6,15.22,0.00,10.87,0.00,0.00,5.43,0.00,0.00,0.00,68.48
07:12:30,7,11.83,0.00,10.75,1.08,0.00,5.38,0.00,0.00,0.00,70.97
07:12:30,12,15.05,0.00,10.75,0.00,0.00,3.23,0.00,0.00,0.00,70.97
07:12:30,13,14.89,0.00,14.89,0.00,0.00,5.32,0.00,0.00,0.00,64.89
07:12:30,14,14.13,0.00,10.87,0.00,0.00,4.35,0.00,0.00,0.00,70.65
07:12:30,15,13.54,0.00,13.54,0.00,0.00,5.21,0.00,0.00,0.00,67.71
07:12:31,4,14.13,0.00,11.96,0.00,0.00,3.26,0.00,0.00,0.00,70.65
07:12:31,5,13.19,0.00,12.09,0.00,0.00,4.40,0.00,0.00,0.00,70.33
07:12:31,6,13.83,0.00,14.89,0.00,0.00,5.32,0.00,0.00,0.00,65.96
07:12:31,7,13.68,0.00,13.68,0.00,0.00,3.16,0.00,0.00,0.00,69.47
07:12:31,12,14.89,0.00,12.77,0.00,0.00,4.26,0.00,0.00,0.00,68.09
07:12:31,13,13.98,0.00,11.83,0.00,0.00,5.38,0.00,0.00,0.00,68.82
07:12:31,14,15.05,0.00,11.83,0.00,0.00,4.30,0.00,0.00,0.00,68.82
07:12:31,15,13.04,0.00,11.96,0.00,0.00,4.35,0.00,0.00,0.00,70.65
07:12:32,4,16.30,0.00,10.87,0.00,0.00,4.35,0.00,0.00,0.00,68.48
07:12:32,5,15.96,0.00,11.70,0.00,0.00,4.26,0.00,0.00,0.00,68.09
07:12:32,6,17.39,0.00,9.78,0.00,0.00,4.35,0.00,0.00,0.00,68.48
07:12:32,7,11.96,0.00,11.96,0.00,0.00,4.35,0.00,0.00,0.00,71.74
07:12:32,12,15.79,0.00,11.58,0.00,0.00,4.21,0.00,0.00,0.00,68.42
07:12:32,13,18.68,0.00,12.09,0.00,0.00,3.30,0.00,0.00,0.00,65.93
07:12:32,14,14.89,0.00,14.89,0.00,0.00,4.26,0.00,0.00,0.00,65.96
07:12:32,15,14.74,0.00,11.58,0.00,0.00,5.26,0.00,0.00,0.00,68.42
07:12:33,4,13.98,0.00,11.83,0.00,0.00,6.45,0.00,0.00,0.00,67.74
07:12:33,5,15.38,0.00,13.19,0.00,0.00,5.49,0.00,0.00,0.00,65.93
07:12:33,6,15.22,0.00,11.96,0.00,0.00,4.35,0.00,0.00,0.00,68.48
07:12:33,7,13.54,0.00,13.54,0.00,0.00,6.25,0.00,0.00,0.00,66.67
07:12:33,12,16.48,0.00,14.29,0.00,0.00,5.49,0.00,0.00,0.00,63.74
07:12:33,13,16.84,0.00,12.63,0.00,0.00,6.32,0.00,0.00,0.00,64.21
07:12:33,14,14.29,0.00,12.09,0.00,0.00,4.40,0.00,0.00,0.00,69.23
07:12:33,15,12.77,0.00,12.77,0.00,0.00,6.38,0.00,0.00,0.00,68.09
07:12:34,4,15.56,0.00,15.56,0.00,0.00,3.33,0.00,0.00,0.00,65.56
07:12:34,5,16.48,0.00,10.99,0.00,0.00,4.40,0.00,0.00,0.00,68.13
07:12:34,6,15.62,0.00,11.46,0.00,0.00,5.21,0.00,0.00,0.00,67.71
07:12:34,7,12.90,0.00,11.83,0.00,0.00,4.30,0.00,0.00,0.00,70.97
07:12:34,12,14.89,0.00,11.70,0.00,0.00,5.32,0.00,0.00,0.00,68.09
07:12:34,13,14.29,0.00,14.29,0.00,0.00,4.40,0.00,0.00,0.00,67.03
07:12:34,14,14.13,0.00,11.96,0.00,0.00,4.35,0.00,0.00,0.00,69.57
07:12:34,15,13.83,0.00,10.64,0.00,0.00,5.32,0.00,0.00,0.00,70.21
07:12:35,4,12.09,0.00,15.38,0.00,0.00,4.40,0.00,0.00,0.00,68.13
07:12:35,5,13.04,0.00,14.13,0.00,0.00,5.43,0.00,0.00,0.00,67.39
07:12:35,6,14.13,0.00,11.96,0.00,0.00,4.35,0.00,0.00,0.00,69.57
07:12:35,7,14.89,0.00,10.64,0.00,0.00,4.26,0.00,0.00,0.00,70.21
07:12:35,12,15.22,0.00,11.96,0.00,0.00,6.52,0.00,0.00,0.00,66.30
07:12:35,13,13.98,0.00,13.98,0.00,0.00,5.38,0.00,0.00,0.00,66.67
07:12:35,14,16.30,0.00,10.87,1.09,0.00,3.26,0.00,0.00,0.00,68.48
07:12:35,15,16.13,0.00,9.68,0.00,0.00,5.38,0.00,0.00,0.00,68.82
07:12:36,4,13.04,0.00,11.96,0.00,0.00,5.43,0.00,0.00,0.00,69.57
07:12:36,5,16.13,0.00,10.75,0.00,0.00,5.38,0.00,0.00,0.00,67.74
07:12:36,6,14.13,0.00,11.96,0.00,0.00,4.35,0.00,0.00,0.00,69.57
07:12:36,7,12.09,0.00,9.89,0.00,0.00,3.30,0.00,0.00,0.00,74.73
07:12:36,12,14.89,0.00,13.83,0.00,0.00,4.26,0.00,0.00,0.00,67.02
07:12:36,13,15.22,0.00,11.96,0.00,0.00,4.35,0.00,0.00,0.00,68.48
07:12:36,14,14.13,0.00,10.87,0.00,0.00,5.43,0.00,0.00,0.00,69.57
07:12:36,15,12.77,0.00,10.64,0.00,0.00,4.26,0.00,0.00,0.00,72.34
07:12:37,4,15.05,0.00,16.13,0.00,0.00,4.30,0.00,0.00,0.00,64.52
07:12:37,5,14.13,0.00,13.04,0.00,0.00,5.43,0.00,0.00,0.00,67.39
07:12:37,6,15.38,0.00,10.99,0.00,0.00,4.40,0.00,0.00,0.00,69.23
07:12:37,7,12.77,0.00,11.70,0.00,0.00,4.26,0.00,0.00,0.00,71.28
07:12:37,12,13.68,0.00,14.74,0.00,0.00,5.26,0.00,0.00,0.00,66.32
07:12:37,13,15.79,0.00,11.58,0.00,0.00,5.26,0.00,0.00,0.00,67.37
07:12:37,14,13.83,0.00,10.64,0.00,0.00,5.32,0.00,0.00,0.00,70.21
07:12:37,15,12.77,0.00,10.64,0.00,0.00,4.26,0.00,0.00,0.00,72.34
07:12:38,4,17.02,0.00,11.70,0.00,0.00,5.32,0.00,0.00,0.00,65.96
07:12:38,5,17.20,0.00,12.90,0.00,0.00,4.30,0.00,0.00,0.00,65.59
07:12:38,6,14.13,0.00,13.04,0.00,0.00,5.43,0.00,0.00,0.00,67.39
07:12:38,7,13.19,0.00,10.99,0.00,0.00,4.40,0.00,0.00,0.00,71.43
07:12:38,12,16.30,0.00,13.04,0.00,0.00,5.43,0.00,0.00,0.00,65.22
07:12:38,13,15.38,0.00,15.38,0.00,0.00,5.49,0.00,0.00,0.00,63.74
07:12:38,14,18.48,0.00,14.13,0.00,0.00,4.35,0.00,0.00,0.00,63.04
07:12:38,15,14.13,0.00,11.96,0.00,0.00,5.43,0.00,0.00,0.00,68.48
07:12:39,4,16.67,0.00,13.54,0.00,0.00,6.25,0.00,0.00,0.00,63.54
07:12:39,5,15.22,0.00,13.04,0.00,0.00,5.43,0.00,0.00,0.00,66.30
07:12:39,6,14.58,0.00,14.58,0.00,0.00,4.17,0.00,0.00,0.00,66.67
07:12:39,7,13.83,0.00,11.70,0.00,0.00,5.32,0.00,0.00,0.00,69.15
07:12:39,12,14.13,0.00,10.87,0.00,0.00,6.52,0.00,0.00,0.00,68.48
07:12:39,13,16.30,0.00,11.96,0.00,0.00,5.43,0.00,0.00,0.00,66.30
07:12:39,14,12.90,0.00,12.90,0.00,0.00,5.38,0.00,0.00,0.00,68.82
07:12:39,15,13.98,0.00,11.83,0.00,0.00,3.23,0.00,0.00,0.00,70.97
07:12:40,4,17.02,0.00,11.70,0.00,0.00,5.32,0.00,0.00,0.00,65.96
07:12:40,5,15.38,0.00,12.09,0.00,0.00,5.49,0.00,0.00,0.00,67.03
07:12:40,6,13.98,0.00,12.90,0.00,0.00,4.30,0.00,0.00,0.00,68.82
07:12:40,7,15.62,0.00,12.50,0.00,0.00,4.17,0.00,0.00,0.00,67.71
07:12:40,12,14.89,0.00,14.89,0.00,0.00,4.26,0.00,0.00,0.00,65.96
07:12:40,13,17.02,0.00,13.83,0.00,0.00,5.32,0.00,0.00,0.00,63.83
07:12:40,14,13.98,0.00,12.90,0.00,0.00,5.38,0.00,0.00,0.00,67.74
07:12:40,15,13.68,0.00,13.68,0.00,0.00,5.26,0.00,0.00,0.00,67.37
07:12:41,4,13.04,0.00,13.04,0.00,0.00,4.35,0.00,0.00,0.00,69.57
07:12:41,5,15.22,0.00,11.96,0.00,0.00,5.43,0.00,0.00,0.00,67.39
07:12:41,6,13.83,0.00,13.83,0.00,0.00,5.32,0.00,0.00,0.00,67.02
07:12:41,7,11.70,0.00,11.70,0.00,0.00,4.26,0.00,0.00,0.00,72.34
07:12:41,12,16.13,0.00,11.83,0.00,0.00,4.30,0.00,0.00,0.00,67.74
07:12:41,13,15.56,0.00,11.11,0.00,0.00,5.56,0.00,0.00,0.00,67.78
07:12:41,14,19.15,0.00,10.64,0.00,0.00,4.26,0.00,0.00,0.00,65.96
07:12:41,15,12.63,0.00,13.68,0.00,0.00,5.26,0.00,0.00,0.00,68.42
07:12:42,4,15.38,0.00,12.09,0.00,0.00,3.30,0.00,0.00,0.00,69.23
07:12:42,5,14.29,0.00,14.29,0.00,0.00,4.40,0.00,0.00,0.00,67.03
07:12:42,6,13.83,0.00,12.77,0.00,0.00,5.32,0.00,0.00,0.00,68.09
07:12:42,7,13.98,0.00,12.90,0.00,0.00,3.23,0.00,0.00,0.00,69.89
07:12:42,12,13.98,0.00,11.83,0.00,0.00,5.38,0.00,0.00,0.00,68.82
07:12:42,13,14.44,0.00,13.33,0.00,0.00,3.33,0.00,0.00,0.00,68.89
07:12:42,14,13.68,0.00,15.79,0.00,0.00,5.26,0.00,0.00,0.00,65.26
07:12:42,15,14.74,0.00,12.63,0.00,0.00,5.26,0.00,0.00,0.00,67.37
07:12:43,4,21.51,0.00,15.05,0.00,0.00,4.30,0.00,0.00,0.00,59.14
07:12:43,5,14.44,0.00,11.11,0.00,0.00,4.44,0.00,0.00,0.00,70.00
07:12:43,6,16.13,0.00,11.83,0.00,0.00,4.30,0.00,0.00,0.00,67.74
07:12:43,7,12.77,0.00,12.77,0.00,0.00,5.32,0.00,0.00,0.00,69.15
07:12:43,12,15.79,0.00,13.68,0.00,0.00,6.32,0.00,0.00,0.00,64.21
07:12:43,13,15.56,0.00,12.22,1.11,0.00,5.56,0.00,0.00,0.00,65.56
07:12:43,14,14.13,0.00,13.04,0.00,0.00,3.26,0.00,0.00,0.00,69.57
07:12:43,15,15.22,0.00,9.78,0.00,0.00,4.35,0.00,0.00,0.00,70.65
07:12:44,4,15.62,0.00,13.54,0.00,0.00,6.25,0.00,0.00,0.00,64.58
07:12:44,5,15.96,0.00,12.77,0.00,0.00,5.32,0.00,0.00,0.00,65.96
07:12:44,6,14.13,0.00,13.04,0.00,0.00,2.17,0.00,0.00,0.00,70.65
07:12:44,7,13.54,0.00,13.54,0.00,0.00,4.17,0.00,0.00,0.00,68.75
07:12:44,12,15.62,0.00,12.50,0.00,0.00,5.21,0.00,0.00,0.00,66.67
07:12:44,13,15.22,0.00,11.96,0.00,0.00,5.43,0.00,0.00,0.00,67.39
07:12:44,14,14.29,0.00,12.09,0.00,0.00,4.40,0.00,0.00,0.00,69.23
07:12:44,15,14.89,0.00,11.70,0.00,0.00,3.19,0.00,0.00,0.00,70.21
07:12:45,4,16.30,0.00,14.13,0.00,0.00,4.35,0.00,0.00,0.00,65.22
07:12:45,5,16.48,0.00,10.99,0.00,0.00,3.30,0.00,0.00,0.00,69.23
07:12:45,6,13.19,0.00,12.09,0.00,0.00,5.49,0.00,0.00,0.00,69.23
07:12:45,7,13.04,0.00,11.96,0.00,0.00,4.35,0.00,0.00,0.00,70.65
07:12:45,12,14.13,0.00,10.87,0.00,0.00,5.43,0.00,0.00,0.00,69.57
07:12:45,13,15.38,0.00,12.09,0.00,0.00,4.40,0.00,0.00,0.00,68.13
07:12:45,14,14.29,0.00,12.09,0.00,0.00,3.30,0.00,0.00,0.00,70.33
07:12:45,15,12.77,0.00,11.70,0.00,0.00,5.32,0.00,0.00,0.00,70.21
07:12:46,4,17.02,0.00,10.64,0.00,0.00,6.38,0.00,0.00,0.00,65.96
07:12:46,5,16.13,0.00,12.90,0.00,0.00,4.30,0.00,0.00,0.00,66.67
07:12:46,6,13.83,0.00,13.83,0.00,0.00,5.32,0.00,0.00,0.00,67.02
07:12:46,7,13.40,0.00,11.34,0.00,0.00,4.12,0.00,0.00,0.00,71.13
07:12:46,12,14.74,0.00,15.79,0.00,0.00,5.26,0.00,0.00,0.00,64.21
07:12:46,13,15.22,0.00,14.13,0.00,0.00,5.43,0.00,0.00,0.00,65.22
07:12:46,14,16.13,0.00,12.90,0.00,0.00,4.30,0.00,0.00,0.00,66.67
07:12:46,15,14.29,0.00,10.99,0.00,0.00,3.30,0.00,0.00,0.00,71.43
07:12:47,4,15.38,0.00,12.09,0.00,0.00,3.30,0.00,0.00,0.00,69.23
07:12:47,5,13.54,0.00,15.62,0.00,0.00,5.21,0.00,0.00,0.00,65.62
07:12:47,6,14.74,0.00,13.68,0.00,0.00,4.21,0.00,0.00,0.00,67.37
07:12:47,7,13.19,0.00,10.99,0.00,0.00,4.40,0.00,0.00,0.00,71.43
07:12:47,12,13.98,0.00,11.83,0.00,0.00,5.38,0.00,0.00,0.00,68.82
07:12:47,13,14.89,0.00,13.83,0.00,0.00,4.26,0.00,0.00,0.00,67.02
07:12:47,14,14.44,0.00,11.11,0.00,0.00,4.44,0.00,0.00,0.00,70.00
07:12:47,15,14.13,0.00,9.78,0.00,0.00,5.43,0.00,0.00,0.00,70.65
07:12:48,4,15.38,0.00,10.99,0.00,0.00,5.49,0.00,0.00,0.00,68.13
07:12:48,5,13.98,0.00,11.83,0.00,0.00,6.45,0.00,0.00,0.00,67.74
07:12:48,6,15.22,0.00,10.87,0.00,0.00,5.43,0.00,0.00,0.00,68.48
07:12:48,7,14.29,0.00,12.09,0.00,0.00,4.40,0.00,0.00,0.00,69.23
07:12:48,12,16.13,0.00,13.98,1.08,0.00,5.38,0.00,0.00,0.00,63.44
07:12:48,13,20.21,0.00,15.96,0.00,0.00,5.32,0.00,0.00,0.00,58.51
07:12:48,14,15.22,0.00,13.04,0.00,0.00,4.35,0.00,0.00,0.00,67.39
07:12:48,15,15.22,0.00,11.96,0.00,0.00,4.35,0.00,0.00,0.00,68.48
07:12:49,4,15.96,0.00,11.70,0.00,0.00,5.32,0.00,0.00,0.00,67.02
07:12:49,5,16.67,0.00,12.50,0.00,0.00,5.21,0.00,0.00,0.00,65.62
07:12:49,6,13.98,0.00,12.90,0.00,0.00,4.30,0.00,0.00,0.00,68.82
07:12:49,7,12.63,0.00,12.63,0.00,0.00,4.21,0.00,0.00,0.00,70.53
07:12:49,12,13.68,0.00,14.74,0.00,0.00,5.26,0.00,0.00,0.00,66.32
07:12:49,13,15.56,0.00,14.44,0.00,0.00,4.44,0.00,0.00,0.00,65.56
07:12:49,14,14.13,0.00,15.22,0.00,0.00,4.35,0.00,0.00,0.00,66.30
07:12:49,15,14.29,0.00,12.09,0.00,0.00,4.40,0.00,0.00,0.00,69.23
07:12:50,4,14.29,0.00,13.19,0.00,0.00,3.30,0.00,0.00,0.00,69.23
07:12:50,5,15.05,0.00,12.90,0.00,0.00,4.30,0.00,0.00,0.00,67.74
07:12:50,6,13.04,0.00,13.04,0.00,0.00,5.43,0.00,0.00,0.00,68.48
07:12:50,7,13.19,0.00,10.99,0.00,0.00,5.49,0.00,0.00,0.00,70.33
07:12:50,12,15.22,0.00,10.87,0.00,0.00,5.43,0.00,0.00,0.00,68.48
07:12:50,13,17.58,0.00,10.99,0.00,0.00,5.49,0.00,0.00,0.00,65.93
07:12:50,14,15.05,0.00,12.90,0.00,0.00,5.38,0.00,0.00,0.00,66.67
07:12:50,15,14.58,0.00,13.54,0.00,0.00,6.25,0.00,0.00,0.00,65.62
07:12:51,4,14.29,0.00,12.09,0.00,0.00,4.40,0.00,0.00,0.00,69.23
07:12:51,5,15.56,0.00,11.11,0.00,0.00,3.33,0.00,0.00,0.00,70.00
07:12:51,6,13.68,0.00,14.74,0.00,0.00,5.26,0.00,0.00,0.00,66.32
07:12:51,7,13.04,0.00,13.04,0.00,0.00,3.26,0.00,0.00,0.00,70.65
07:12:51,12,13.98,0.00,11.83,0.00,0.00,4.30,0.00,0.00,0.00,69.89
07:12:51,13,15.05,0.00,11.83,0.00,0.00,5.38,0.00,0.00,0.00,67.74
07:12:51,14,15.96,0.00,11.70,0.00,0.00,5.32,0.00,0.00,0.00,67.02
07:12:51,15,12.77,0.00,11.70,0.00,0.00,5.32,0.00,0.00,0.00,70.21
07:12:52,4,15.96,0.00,10.64,0.00,0.00,5.32,0.00,0.00,0.00,68.09
07:12:52,5,16.30,0.00,13.04,0.00,0.00,5.43,0.00,0.00,0.00,65.22
07:12:52,6,15.05,0.00,13.98,0.00,0.00,4.30,0.00,0.00,0.00,66.67
07:12:52,7,10.75,0.00,10.75,0.00,0.00,5.38,0.00,0.00,0.00,73.12
07:12:52,12,13.19,0.00,15.38,0.00,0.00,5.49,0.00,0.00,0.00,65.93
07:12:52,13,17.58,0.00,13.19,0.00,0.00,4.40,0.00,0.00,0.00,64.84
07:12:52,14,15.56,0.00,12.22,0.00,0.00,3.33,0.00,0.00,0.00,68.89
07:12:52,15,11.83,0.00,12.90,0.00,0.00,4.30,0.00,0.00,0.00,70.97
07:12:53,4,16.67,0.00,12.22,1.11,0.00,4.44,0.00,0.00,0.00,65.56
07:12:53,5,18.48,0.00,15.22,0.00,0.00,4.35,0.00,0.00,0.00,61.96
07:12:53,6,15.56,0.00,12.22,0.00,0.00,3.33,0.00,0.00,0.00,68.89
07:12:53,7,12.77,0.00,13.83,0.00,0.00,5.32,0.00,0.00,0.00,68.09
07:12:53,12,16.67,0.00,15.62,0.00,0.00,5.21,0.00,0.00,0.00,62.50
07:12:53,13,17.02,0.00,14.89,0.00,0.00,4.26,0.00,0.00,0.00,63.83
07:12:53,14,14.13,0.00,11.96,0.00,0.00,5.43,0.00,0.00,0.00,68.48
07:12:53,15,13.98,0.00,11.83,0.00,0.00,4.30,0.00,0.00,0.00,69.89
07:12:54,4,16.13,0.00,12.90,0.00,0.00,5.38,0.00,0.00,0.00,65.59
07:12:54,5,14.13,0.00,14.13,0.00,0.00,4.35,0.00,0.00,0.00,67.39
07:12:54,6,12.90,0.00,12.90,0.00,0.00,5.38,0.00,0.00,0.00,68.82
07:12:54,7,13.83,0.00,11.70,0.00,0.00,3.19,0.00,0.00,0.00,71.28
07:12:54,12,15.96,0.00,12.77,0.00,0.00,4.26,0.00,0.00,0.00,67.02
07:12:54,13,15.79,0.00,14.74,0.00,0.00,4.21,0.00,0.00,0.00,65.26
07:12:54,14,18.28,0.00,10.75,0.00,0.00,4.30,0.00,0.00,0.00,66.67
07:12:54,15,11.70,0.00,11.70,0.00,0.00,5.32,0.00,0.00,0.00,71.28
07:12:55,4,13.19,0.00,13.19,0.00,0.00,4.40,0.00,0.00,0.00,69.23
07:12:55,5,17.20,0.00,12.90,0.00,0.00,5.38,0.00,0.00,0.00,64.52
07:12:55,6,14.29,0.00,13.19,0.00,0.00,4.40,0.00,0.00,0.00,68.13
07:12:55,7,13.68,0.00,12.63,0.00,0.00,5.26,0.00,0.00,0.00,68.42
07:12:55,12,13.83,0.00,12.77,0.00,0.00,6.38,0.00,0.00,0.00,67.02
07:12:55,13,12.90,0.00,13.98,0.00,0.00,5.38,0.00,0.00,0.00,67.74
07:12:55,14,15.22,0.00,14.13,0.00,0.00,4.35,0.00,0.00,0.00,66.30
07:12:55,15,13.04,0.00,9.78,0.00,0.00,6.52,0.00,0.00,0.00,70.65
07:12:56,4,16.30,0.00,10.87,0.00,0.00,4.35,0.00,0.00,0.00,68.48
07:12:56,5,13.33,0.00,11.11,0.00,0.00,4.44,0.00,0.00,0.00,71.11
07:12:56,6,15.38,0.00,12.09,0.00,0.00,3.30,0.00,0.00,0.00,69.23
07:12:56,7,13.04,0.00,11.96,0.00,0.00,3.26,0.00,0.00,0.00,71.74
07:12:56,12,15.79,0.00,11.58,0.00,0.00,5.26,0.00,0.00,0.00,67.37
07:12:56,13,15.96,0.00,14.89,0.00,0.00,5.32,0.00,0.00,0.00,63.83
07:12:56,14,15.05,0.00,12.90,0.00,0.00,5.38,0.00,0.00,0.00,66.67
07:12:56,15,13.98,0.00,12.90,0.00,0.00,3.23,0.00,0.00,0.00,69.89
07:12:57,4,15.05,0.00,13.98,0.00,0.00,5.38,0.00,0.00,0.00,65.59
07:12:57,5,15.05,0.00,11.83,0.00,0.00,5.38,0.00,0.00,0.00,67.74
07:12:57,6,14.89,0.00,12.77,0.00,0.00,5.32,0.00,0.00,0.00,67.02
07:12:57,7,15.22,0.00,10.87,0.00,0.00,4.35,0.00,0.00,0.00,69.57
07:12:57,12,11.96,0.00,13.04,0.00,0.00,5.43,0.00,0.00,0.00,69.57
07:12:57,13,12.36,0.00,13.48,0.00,0.00,3.37,0.00,0.00,0.00,70.79
07:12:57,14,14.44,0.00,11.11,0.00,0.00,3.33,0.00,0.00,0.00,71.11
07:12:57,15,13.98,0.00,11.83,0.00,0.00,4.30,0.00,0.00,0.00,69.89
07:12:58,4,16.13,0.00,13.98,0.00,0.00,5.38,0.00,0.00,0.00,64.52
07:12:58,5,19.15,0.00,13.83,0.00,0.00,4.26,0.00,0.00,0.00,62.77
07:12:58,6,13.98,0.00,13.98,0.00,0.00,4.30,0.00,0.00,0.00,67.74
07:12:58,7,13.98,0.00,10.75,0.00,0.00,6.45,0.00,0.00,0.00,68.82
07:12:58,12,15.38,0.00,12.09,1.10,0.00,5.49,0.00,0.00,0.00,65.93
07:12:58,13,17.02,0.00,10.64,0.00,0.00,5.32,0.00,0.00,0.00,67.02
07:12:58,14,15.96,0.00,11.70,0.00,0.00,5.32,0.00,0.00,0.00,67.02
07:12:58,15,16.67,0.00,11.46,0.00,0.00,4.17,0.00,0.00,0.00,67.71
07:12:59,4,13.98,0.00,11.83,0.00,0.00,5.38,0.00,0.00,0.00,68.82
07:12:59,5,15.05,0.00,10.75,0.00,0.00,5.38,0.00,0.00,0.00,68.82
07:12:59,6,14.13,0.00,13.04,0.00,0.00,4.35,0.00,0.00,0.00,68.48
07:12:59,7,13.98,0.00,10.75,0.00,0.00,4.30,0.00,0.00,0.00,70.97
07:12:59,12,13.98,0.00,12.90,0.00,0.00,5.38,0.00,0.00,0.00,67.74
07:12:59,13,14.74,0.00,12.63,0.00,0.00,5.26,0.00,0.00,0.00,67.37
07:12:59,14,15.05,0.00,13.98,0.00,0.00,4.30,0.00,0.00,0.00,66.67
07:12:59,15,15.05,0.00,9.68,0.00,0.00,5.38,0.00,0.00,0.00,69.89
07:13:00,4,14.13,0.00,11.96,0.00,0.00,5.43,0.00,0.00,0.00,68.48
07:13:00,5,15.22,0.00,11.96,0.00,0.00,5.43,0.00,0.00,0.00,67.39
07:13:00,6,15.22,0.00,13.04,0.00,0.00,4.35,0.00,0.00,0.00,67.39
07:13:00,7,13.19,0.00,10.99,0.00,0.00,5.49,0.00,0.00,0.00,70.33
07:13:00,12,13.83,0.00,12.77,0.00,0.00,5.32,0.00,0.00,0.00,68.09
07:13:00,13,13.33,0.00,13.33,0.00,0.00,3.33,0.00,0.00,0.00,70.00
07:13:00,14,15.05,0.00,13.98,0.00,0.00,4.30,0.00,0.00,0.00,66.67
07:13:00,15,13.83,0.00,12.77,0.00,0.00,5.32,0.00,0.00,0.00,68.09
07:13:01,4,14.13,0.00,11.96,0.00,0.00,3.26,0.00,0.00,0.00,70.65
07:13:01,5,14.13,0.00,14.13,0.00,0.00,4.35,0.00,0.00,0.00,67.39
07:13:01,6,15.96,0.00,11.70,0.00,0.00,5.32,0.00,0.00,0.00,67.02
07:13:01,7,14.13,0.00,11.96,0.00,0.00,4.35,0.00,0.00,0.00,69.57
07:13:01,12,15.05,0.00,12.90,0.00,0.00,4.30,0.00,0.00,0.00,67.74
07:13:01,13,15.22,0.00,11.96,0.00,0.00,4.35,0.00,0.00,0.00,68.48
07:13:01,14,15.22,0.00,13.04,0.00,0.00,3.26,0.00,0.00,0.00,68.48
07:13:01,15,12.09,0.00,10.99,0.00,0.00,4.40,0.00,0.00,0.00,72.53
07:13:02,4,15.22,0.00,14.13,0.00,0.00,5.43,0.00,0.00,0.00,65.22
07:13:02,5,13.98,0.00,13.98,0.00,0.00,5.38,0.00,0.00,0.00,66.67
07:13:02,6,15.96,0.00,12.77,0.00,0.00,5.32,0.00,0.00,0.00,65.96
07:13:02,7,13.83,0.00,12.77,0.00,0.00,4.26,0.00,0.00,0.00,69.15
07:13:02,12,13.98,0.00,11.83,0.00,0.00,5.38,0.00,0.00,0.00,68.82
07:13:02,13,15.05,0.00,11.83,0.00,0.00,5.38,0.00,0.00,0.00,67.74
07:13:02,14,13.83,0.00,11.70,0.00,0.00,5.32,0.00,0.00,0.00,69.15
07:13:02,15,12.77,0.00,11.70,0.00,0.00,5.32,0.00,0.00,0.00,70.21
07:13:03,4,17.02,0.00,11.70,0.00,0.00,4.26,0.00,0.00,0.00,67.02
07:13:03,5,15.96,0.00,13.83,0.00,0.00,4.26,0.00,0.00,0.00,65.96
07:13:03,6,16.48,0.00,12.09,1.10,0.00,4.40,0.00,0.00,0.00,65.93
07:13:03,7,14.58,0.00,13.54,0.00,0.00,6.25,0.00,0.00,0.00,65.62
07:13:03,12,17.02,0.00,13.83,0.00,0.00,4.26,0.00,0.00,0.00,64.89
07:13:03,13,14.29,0.00,12.09,0.00,0.00,4.40,0.00,0.00,0.00,69.23
07:13:03,14,14.13,0.00,14.13,0.00,0.00,4.35,0.00,0.00,0.00,67.39
07:13:03,15,15.38,0.00,12.09,0.00,0.00,4.40,0.00,0.00,0.00,68.13
07:13:04,4,13.19,0.00,14.29,0.00,0.00,5.49,0.00,0.00,0.00,67.03
07:13:04,5,13.19,0.00,13.19,0.00,0.00,5.49,0.00,0.00,0.00,68.13
07:13:04,6,15.79,0.00,12.63,0.00,0.00,4.21,0.00,0.00,0.00,67.37
07:13:04,7,13.19,0.00,9.89,0.00,0.00,4.40,0.00,0.00,0.00,72.53
07:13:04,12,13.98,0.00,15.05,0.00,0.00,5.38,0.00,0.00,0.00,65.59
07:13:04,13,14.74,0.00,15.79,0.00,0.00,5.26,0.00,0.00,0.00,64.21
07:13:04,14,15.62,0.00,12.50,0.00,0.00,5.21,0.00,0.00,0.00,66.67
07:13:04,15,13.83,0.00,11.70,0.00,0.00,4.26,0.00,0.00,0.00,70.21
07:13:05,4,14.29,0.00,12.09,0.00,0.00,3.30,0.00,0.00,0.00,70.33
07:13:05,5,15.05,0.00,13.98,0.00,0.00,5.38,0.00,0.00,0.00,65.59
07:13:05,6,16.67,0.00,10.00,0.00,0.00,4.44,0.00,0.00,0.00,68.89
07:13:05,7,11.96,0.00,11.96,0.00,0.00,4.35,0.00,0.00,0.00,71.74
07:13:05,12,14.74,0.00,15.79,0.00,0.00,4.21,0.00,0.00,0.00,65.26
07:13:05,13,15.05,0.00,12.90,0.00,0.00,4.30,0.00,0.00,0.00,67.74
07:13:05,14,15.05,0.00,12.90,0.00,0.00,4.30,0.00,0.00,0.00,67.74
07:13:05,15,12.90,0.00,10.75,1.08,0.00,4.30,0.00,0.00,0.00,70.97
07:13:06,4,14.89,0.00,14.89,0.00,0.00,3.19,0.00,0.00,0.00,67.02
07:13:06,5,14.89,0.00,11.70,0.00,0.00,5.32,0.00,0.00,0.00,68.09
07:13:06,6,17.20,0.00,10.75,0.00,0.00,4.30,0.00,0.00,0.00,67.74
07:13:06,7,13.04,0.00,11.96,0.00,0.00,4.35,0.00,0.00,0.00,70.65
07:13:06,12,15.05,0.00,12.90,0.00,0.00,4.30,0.00,0.00,0.00,67.74
07:13:06,13,15.05,0.00,12.90,0.00,0.00,4.30,0.00,0.00,0.00,67.74
07:13:06,14,17.02,0.00,11.70,0.00,0.00,4.26,0.00,0.00,0.00,67.02
07:13:06,15,13.83,0.00,11.70,0.00,0.00,5.32,0.00,0.00,0.00,69.15
07:13:07,4,17.53,0.00,11.34,0.00,0.00,5.15,0.00,0.00,0.00,65.98
07:13:07,5,15.62,0.00,13.54,0.00,0.00,5.21,0.00,0.00,0.00,65.62
07:13:07,6,15.79,0.00,14.74,0.00,0.00,4.21,0.00,0.00,0.00,65.26
07:13:07,7,13.98,0.00,10.75,0.00,0.00,4.30,0.00,0.00,0.00,70.97
07:13:07,12,13.83,0.00,11.70,0.00,0.00,6.38,0.00,0.00,0.00,68.09
07:13:07,13,15.96,0.00,12.77,0.00,0.00,5.32,0.00,0.00,0.00,65.96
07:13:07,14,14.13,0.00,13.04,0.00,0.00,4.35,0.00,0.00,0.00,68.48
07:13:07,15,15.22,0.00,10.87,0.00,0.00,4.35,0.00,0.00,0.00,69.57
07:13:08,4,13.98,0.00,16.13,0.00,0.00,4.30,0.00,0.00,0.00,65.59
07:13:08,5,17.20,0.00,11.83,0.00,0.00,4.30,0.00,0.00,0.00,66.67
07:13:08,6,14.74,0.00,12.63,0.00,0.00,6.32,0.00,0.00,0.00,66.32
07:13:08,7,13.83,0.00,10.64,0.00,0.00,6.38,0.00,0.00,0.00,69.15
07:13:08,12,16.30,0.00,13.04,0.00,0.00,4.35,0.00,0.00,0.00,66.30
07:13:08,13,18.68,0.00,14.29,0.00,0.00,4.40,0.00,0.00,0.00,62.64
07:13:08,14,13.83,0.00,13.83,0.00,0.00,6.38,0.00,0.00,0.00,65.96
07:13:08,15,12.22,0.00,13.33,1.11,0.00,4.44,0.00,0.00,0.00,68.89
07:13:09,4,16.84,0.00,12.63,0.00,0.00,5.26,0.00,0.00,0.00,65.26
07:13:09,5,14.29,0.00,12.09,0.00,0.00,4.40,0.00,0.00,0.00,69.23
07:13:09,6,15.05,0.00,13.98,0.00,0.00,3.23,0.00,0.00,0.00,67.74
07:13:09,7,13.68,0.00,12.63,0.00,0.00,4.21,0.00,0.00,0.00,69.47
07:13:09,12,13.68,0.00,13.68,0.00,0.00,6.32,0.00,0.00,0.00,66.32
07:13:09,13,15.79,0.00,16.84,0.00,0.00,4.21,0.00,0.00,0.00,63.16
07:13:09,14,13.19,0.00,15.38,0.00,0.00,4.40,0.00,0.00,0.00,67.03
07:13:09,15,13.98,0.00,11.83,0.00,0.00,4.30,0.00,0.00,0.00,69.89
07:13:10,4,15.05,0.00,13.98,0.00,0.00,4.30,0.00,0.00,0.00,66.67
07:13:10,5,14.13,0.00,11.96,0.00,0.00,6.52,0.00,0.00,0.00,67.39
07:13:10,6,13.04,0.00,13.04,0.00,0.00,4.35,0.00,0.00,0.00,69.57
07:13:10,7,13.33,0.00,11.11,0.00,0.00,3.33,0.00,0.00,0.00,72.22
07:13:10,12,17.58,0.00,13.19,0.00,0.00,3.30,0.00,0.00,0.00,65.93
07:13:10,13,14.44,0.00,13.33,1.11,0.00,3.33,0.00,0.00,0.00,67.78
07:13:10,14,12.77,0.00,15.96,0.00,0.00,4.26,0.00,0.00,0.00,67.02
07:13:10,15,14.13,0.00,13.04,0.00,0.00,3.26,0.00,0.00,0.00,69.57
07:13:11,4,16.48,0.00,10.99,0.00,0.00,4.40,0.00,0.00,0.00,68.13
07:13:11,5,13.19,0.00,17.58,0.00,0.00,4.40,0.00,0.00,0.00,64.84
07:13:11,6,15.05,0.00,11.83,0.00,0.00,5.38,0.00,0.00,0.00,67.74
07:13:11,7,13.04,0.00,11.96,0.00,0.00,4.35,0.00,0.00,0.00,70.65
07:13:11,12,14.58,0.00,13.54,0.00,0.00,5.21,0.00,0.00,0.00,66.67
07:13:11,13,16.30,0.00,11.96,0.00,0.00,5.43,0.00,0.00,0.00,66.30
07:13:11,14,14.29,0.00,12.09,0.00,0.00,3.30,0.00,0.00,0.00,70.33
07:13:11,15,13.83,0.00,10.64,0.00,0.00,4.26,0.00,0.00,0.00,71.28
07:13:12,4,13.98,0.00,13.98,0.00,0.00,4.30,0.00,0.00,0.00,67.74
07:13:12,5,17.20,0.00,10.75,0.00,0.00,5.38,0.00,0.00,0.00,66.67
07:13:12,6,14.89,0.00,11.70,0.00,0.00,5.32,0.00,0.00,0.00,68.09
07:13:12,7,12.77,0.00,12.77,0.00,0.00,5.32,0.00,0.00,0.00,69.15
07:13:12,12,13.33,0.00,12.22,0.00,0.00,3.33,0.00,0.00,0.00,71.11
07:13:12,13,14.74,0.00,12.63,0.00,0.00,5.26,0.00,0.00,0.00,67.37
07:13:12,14,15.05,0.00,10.75,0.00,0.00,5.38,0.00,0.00,0.00,68.82
07:13:12,15,13.83,0.00,13.83,0.00,0.00,4.26,0.00,0.00,0.00,68.09
07:13:13,4,16.30,0.00,10.87,0.00,0.00,4.35,0.00,0.00,0.00,68.48
07:13:13,5,16.13,0.00,11.83,0.00,0.00,4.30,0.00,0.00,0.00,67.74
07:13:13,6,15.22,0.00,11.96,0.00,0.00,4.35,0.00,0.00,0.00,68.48
07:13:13,7,15.38,0.00,12.09,0.00,0.00,4.40,0.00,0.00,0.00,68.13
07:13:13,12,16.84,0.00,11.58,0.00,0.00,6.32,0.00,0.00,0.00,65.26
07:13:13,13,16.30,0.00,11.96,0.00,0.00,4.35,0.00,0.00,0.00,67.39
07:13:13,14,15.22,0.00,11.96,0.00,0.00,4.35,0.00,0.00,0.00,68.48
07:13:13,15,17.02,0.00,10.64,0.00,0.00,5.32,0.00,0.00,0.00,67.02
07:13:14,4,12.90,0.00,13.98,0.00,0.00,4.30,0.00,0.00,0.00,68.82
07:13:14,5,17.02,0.00,12.77,0.00,0.00,5.32,0.00,0.00,0.00,64.89
07:13:14,6,14.89,0.00,13.83,0.00,0.00,4.26,0.00,0.00,0.00,67.02
07:13:14,7,13.04,0.00,9.78,0.00,0.00,4.35,0.00,0.00,0.00,72.83
07:13:14,12,14.74,0.00,13.68,2.11,0.00,4.21,0.00,0.00,0.00,65.26
07:13:14,13,15.38,0.00,13.19,0.00,0.00,4.40,0.00,0.00,0.00,67.03
07:13:14,14,16.13,0.00,11.83,0.00,0.00,5.38,0.00,0.00,0.00,66.67
07:13:14,15,12.36,0.00,12.36,0.00,0.00,3.37,0.00,0.00,0.00,71.91
07:13:15,4,14.44,0.00,10.00,0.00,0.00,4.44,0.00,0.00,0.00,71.11
07:13:15,5,15.38,0.00,13.19,0.00,0.00,5.49,0.00,0.00,0.00,65.93
07:13:15,6,11.96,0.00,13.04,0.00,0.00,6.52,0.00,0.00,0.00,68.48
07:13:15,7,14.89,0.00,11.70,0.00,0.00,4.26,0.00,0.00,0.00,69.15
07:13:15,12,16.67,0.00,11.46,0.00,0.00,5.21,0.00,0.00,0.00,66.67
07:13:15,13,14.89,0.00,12.77,0.00,0.00,4.26,0.00,0.00,0.00,68.09
07:13:15,14,13.98,0.00,11.83,1.08,0.00,4.30,0.00,0.00,0.00,68.82
07:13:15,15,12.63,0.00,13.68,0.00,0.00,4.21,0.00,0.00,0.00,69.47
07:13:16,4,15.22,0.00,13.04,0.00,0.00,5.43,0.00,0.00,0.00,66.30
07:13:16,5,15.79,0.00,13.68,0.00,0.00,5.26,0.00,0.00,0.00,65.26
07:13:16,6,14.74,0.00,12.63,0.00,0.00,5.26,0.00,0.00,0.00,67.37
07:13:16,7,13.98,0.00,8.60,0.00,0.00,4.30,0.00,0.00,0.00,73.12
07:13:16,12,15.96,0.00,13.83,0.00,0.00,4.26,0.00,0.00,0.00,65.96
07:13:16,13,16.30,0.00,13.04,0.00,0.00,4.35,0.00,0.00,0.00,66.30
07:13:16,14,15.05,0.00,12.90,0.00,0.00,5.38,0.00,0.00,0.00,66.67
07:13:16,15,12.90,0.00,10.75,0.00,0.00,4.30,0.00,0.00,0.00,72.04
07:13:17,4,13.98,0.00,12.90,0.00,0.00,3.23,0.00,0.00,0.00,69.89
07:13:17,5,13.33,0.00,12.22,0.00,0.00,4.44,0.00,0.00,0.00,70.00
07:13:17,6,14.29,0.00,13.19,0.00,0.00,4.40,0.00,0.00,0.00,68.13
07:13:17,7,11.83,0.00,11.83,0.00,0.00,5.38,0.00,0.00,0.00,70.97
07:13:17,12,16.13,0.00,11.83,0.00,0.00,4.30,0.00,0.00,0.00,67.74
07:13:17,13,13.33,0.00,12.22,0.00,0.00,5.56,0.00,0.00,0.00,68.89
07:13:17,14,13.98,0.00,12.90,0.00,0.00,4.30,0.00,0.00,0.00,68.82
07:13:17,15,11.96,0.00,11.96,0.00,0.00,4.35,0.00,0.00,0.00,71.74
07:13:18,4,15.05,0.00,11.83,0.00,0.00,4.30,0.00,0.00,0.00,68.82
07:13:18,5,14.89,0.00,11.70,0.00,0.00,6.38,0.00,0.00,0.00,67.02
07:13:18,6,11.83,0.00,11.83,0.00,0.00,6.45,0.00,0.00,0.00,69.89
07:13:18,7,12.90,0.00,11.83,0.00,0.00,4.30,0.00,0.00,0.00,70.97
07:13:18,12,14.89,0.00,12.77,0.00,0.00,6.38,0.00,0.00,0.00,65.96
07:13:18,13,14.13,0.00,14.13,0.00,0.00,5.43,0.00,0.00,0.00,66.30
07:13:18,14,14.74,0.00,13.68,0.00,0.00,6.32,0.00,0.00,0.00,65.26
07:13:18,15,13.04,0.00,11.96,0.00,0.00,4.35,0.00,0.00,0.00,70.65
07:13:19,4,15.38,0.00,13.19,0.00,0.00,4.40,0.00,0.00,0.00,67.03
07:13:19,5,13.48,0.00,12.36,0.00,0.00,4.49,0.00,0.00,0.00,69.66
07:13:19,6,16.13,0.00,11.83,2.15,0.00,4.30,0.00,0.00,0.00,65.59
07:13:19,7,15.96,0.00,12.77,0.00,0.00,4.26,0.00,0.00,0.00,67.02
07:13:19,12,17.02,0.00,12.77,0.00,0.00,4.26,0.00,0.00,0.00,65.96
07:13:19,13,16.13,0.00,12.90,0.00,0.00,4.30,0.00,0.00,0.00,66.67
07:13:19,14,14.13,0.00,13.04,0.00,0.00,4.35,0.00,0.00,0.00,68.48
07:13:19,15,14.44,0.00,11.11,0.00,0.00,3.33,0.00,0.00,0.00,71.11
07:13:20,4,15.96,0.00,14.89,1.06,0.00,5.32,0.00,0.00,0.00,62.77
07:13:20,5,15.22,0.00,11.96,0.00,0.00,5.43,0.00,0.00,0.00,67.39
07:13:20,6,13.33,0.00,13.33,0.00,0.00,3.33,0.00,0.00,0.00,70.00
07:13:20,7,14.89,0.00,10.64,0.00,0.00,4.26,0.00,0.00,0.00,70.21
07:13:20,12,15.38,0.00,13.19,0.00,0.00,5.49,0.00,0.00,0.00,65.93
07:13:20,13,15.38,0.00,12.09,0.00,0.00,4.40,0.00,0.00,0.00,68.13
07:13:20,14,13.98,0.00,13.98,0.00,0.00,5.38,0.00,0.00,0.00,66.67
07:13:20,15,13.04,0.00,10.87,0.00,0.00,5.43,0.00,0.00,0.00,70.65
07:13:21,4,13.19,0.00,13.19,0.00,0.00,4.40,0.00,0.00,0.00,69.23
07:13:21,5,13.04,0.00,16.30,0.00,0.00,4.35,0.00,0.00,0.00,66.30
07:13:21,6,12.90,0.00,11.83,0.00,0.00,6.45,0.00,0.00,0.00,68.82
07:13:21,7,16.13,0.00,11.83,0.00,0.00,4.30,0.00,0.00,0.00,67.74
07:13:21,12,13.98,0.00,13.98,0.00,0.00,4.30,0.00,0.00,0.00,67.74
07:13:21,13,16.13,0.00,11.83,0.00,0.00,4.30,0.00,0.00,0.00,67.74
07:13:21,14,14.89,0.00,12.77,0.00,0.00,5.32,0.00,0.00,0.00,67.02
07:13:21,15,15.96,0.00,10.64,0.00,0.00,4.26,0.00,0.00,0.00,69.15
07:13:22,4,15.79,0.00,13.68,0.00,0.00,4.21,0.00,0.00,0.00,66.32
07:13:22,5,14.89,0.00,13.83,0.00,0.00,4.26,0.00,0.00,0.00,67.02
07:13:22,6,15.62,0.00,13.54,0.00,0.00,4.17,0.00,0.00,0.00,66.67
07:13:22,7,12.63,0.00,11.58,0.00,0.00,4.21,0.00,0.00,0.00,71.58
07:13:22,12,15.22,0.00,11.96,0.00,0.00,5.43,0.00,0.00,0.00,67.39
07:13:22,13,14.44,0.00,13.33,0.00,0.00,4.44,0.00,0.00,0.00,67.78
07:13:22,14,15.22,0.00,14.13,0.00,0.00,5.43,0.00,0.00,0.00,65.22
07:13:22,15,12.90,0.00,12.90,0.00,0.00,4.30,0.00,0.00,0.00,69.89
07:13:23,4,15.46,0.00,13.40,0.00,0.00,5.15,0.00,0.00,0.00,65.98
07:13:23,5,13.33,0.00,12.22,0.00,0.00,4.44,0.00,0.00,0.00,70.00
07:13:23,6,15.05,0.00,11.83,0.00,0.00,4.30,0.00,0.00,0.00,68.82
07:13:23,7,14.29,0.00,9.89,0.00,0.00,4.40,0.00,0.00,0.00,71.43
07:13:23,12,15.38,0.00,10.99,0.00,0.00,4.40,0.00,0.00,0.00,69.23
07:13:23,13,14.89,0.00,13.83,0.00,0.00,4.26,0.00,0.00,0.00,67.02
07:13:23,14,15.05,0.00,11.83,0.00,0.00,4.30,0.00,0.00,0.00,68.82
07:13:23,15,14.61,0.00,11.24,0.00,0.00,3.37,0.00,0.00,0.00,70.79
07:13:24,4,14.13,0.00,13.04,0.00,0.00,4.35,0.00,0.00,0.00,68.48
07:13:24,5,16.30,0.00,15.22,0.00,0.00,4.35,0.00,0.00,0.00,64.13
07:13:24,6,15.96,0.00,11.70,0.00,0.00,4.26,0.00,0.00,0.00,68.09
07:13:24,7,15.38,0.00,9.89,0.00,0.00,4.40,0.00,0.00,0.00,70.33
07:13:24,12,18.95,0.00,14.74,3.16,0.00,5.26,0.00,0.00,0.00,57.89
07:13:24,13,15.38,0.00,13.19,0.00,0.00,5.49,0.00,0.00,0.00,65.93
07:13:24,14,14.89,0.00,11.70,0.00,0.00,6.38,0.00,0.00,0.00,67.02
07:13:24,15,14.29,0.00,9.89,0.00,0.00,5.49,0.00,0.00,0.00,70.33
07:13:25,4,14.44,0.00,14.44,0.00,0.00,4.44,0.00,0.00,0.00,66.67
07:13:25,5,15.62,0.00,12.50,0.00,0.00,5.21,0.00,0.00,0.00,66.67
07:13:25,6,13.83,0.00,14.89,0.00,0.00,5.32,0.00,0.00,0.00,65.96
07:13:25,7,13.83,0.00,11.70,0.00,0.00,5.32,0.00,0.00,0.00,69.15
07:13:25,12,14.44,0.00,12.22,0.00,0.00,3.33,0.00,0.00,0.00,70.00
07:13:25,13,15.05,0.00,13.98,0.00,0.00,5.38,0.00,0.00,0.00,65.59
07:13:25,14,14.89,0.00,12.77,0.00,0.00,5.32,0.00,0.00,0.00,67.02
07:13:25,15,11.83,0.00,11.83,0.00,0.00,5.38,0.00,0.00,0.00,70.97
07:13:26,4,14.74,0.00,13.68,0.00,0.00,6.32,0.00,0.00,0.00,65.26
07:13:26,5,15.96,0.00,12.77,0.00,0.00,4.26,0.00,0.00,0.00,67.02
07:13:26,6,15.22,0.00,11.96,0.00,0.00,5.43,0.00,0.00,0.00,67.39
07:13:26,7,12.77,0.00,11.70,0.00,0.00,5.32,0.00,0.00,0.00,70.21
07:13:26,12,13.83,0.00,12.77,0.00,0.00,5.32,0.00,0.00,0.00,68.09
07:13:26,13,14.13,0.00,15.22,0.00,0.00,3.26,0.00,0.00,0.00,67.39
07:13:26,14,15.96,0.00,12.77,0.00,0.00,5.32,0.00,0.00,0.00,65.96
07:13:26,15,13.19,0.00,10.99,0.00,0.00,5.49,0.00,0.00,0.00,70.33
07:13:27,4,13.83,0.00,12.77,0.00,0.00,5.32,0.00,0.00,0.00,68.09
07:13:27,5,16.13,0.00,11.83,0.00,0.00,6.45,0.00,0.00,0.00,65.59
07:13:27,6,15.79,0.00,12.63,0.00,0.00,5.26,0.00,0.00,0.00,66.32
07:13:27,7,11.83,0.00,12.90,0.00,0.00,3.23,0.00,0.00,0.00,72.04
07:13:27,12,18.09,0.00,12.77,0.00,0.00,4.26,0.00,0.00,0.00,64.89
07:13:27,13,16.84,0.00,14.74,0.00,0.00,5.26,0.00,0.00,0.00,63.16
07:13:27,14,17.02,0.00,11.70,0.00,0.00,5.32,0.00,0.00,0.00,65.96
07:13:27,15,12.90,0.00,11.83,0.00,0.00,3.23,0.00,0.00,0.00,72.04
07:13:28,4,15.96,0.00,13.83,0.00,0.00,4.26,0.00,0.00,0.00,65.96
07:13:28,5,16.67,0.00,12.22,0.00,0.00,5.56,0.00,0.00,0.00,65.56
07:13:28,6,16.13,0.00,11.83,0.00,0.00,5.38,0.00,0.00,0.00,66.67
07:13:28,7,13.83,0.00,11.70,0.00,0.00,4.26,0.00,0.00,0.00,70.21
07:13:28,12,13.83,0.00,13.83,0.00,0.00,5.32,0.00,0.00,0.00,67.02
07:13:28,13,15.38,0.00,12.09,0.00,0.00,4.40,0.00,0.00,0.00,68.13
07:13:28,14,15.96,0.00,12.77,0.00,0.00,5.32,0.00,0.00,0.00,65.96
07:13:28,15,16.67,0.00,9.38,0.00,0.00,4.17,0.00,0.00,0.00,69.79
07:13:29,4,14.89,0.00,13.83,0.00,0.00,6.38,0.00,0.00,0.00,64.89
07:13:29,5,15.05,0.00,11.83,0.00,0.00,6.45,0.00,0.00,0.00,66.67
07:13:29,6,14.29,0.00,12.09,0.00,0.00,4.40,0.00,0.00,0.00,69.23
07:13:29,7,13.04,0.00,11.96,0.00,0.00,4.35,0.00,0.00,0.00,70.65
07:13:29,12,15.05,0.00,12.90,0.00,0.00,4.30,0.00,0.00,0.00,67.74
07:13:29,13,14.29,0.00,14.29,0.00,0.00,4.40,0.00,0.00,0.00,67.03
07:13:29,14,18.48,0.00,11.96,0.00,0.00,4.35,0.00,0.00,0.00,65.22
07:13:29,15,14.13,0.00,11.96,0.00,0.00,5.43,0.00,0.00,0.00,68.48
07:13:30,4,12.77,0.00,15.96,1.06,0.00,5.32,0.00,0.00,0.00,64.89
07:13:30,5,16.13,0.00,16.13,1.08,0.00,3.23,0.00,0.00,0.00,63.44
07:13:30,6,13.19,0.00,13.19,0.00,0.00,5.49,0.00,0.00,0.00,68.13
07:13:30,7,12.77,0.00,10.64,0.00,0.00,5.32,0.00,0.00,0.00,71.28
07:13:30,12,15.05,0.00,12.90,0.00,0.00,4.30,0.00,0.00,0.00,67.74
07:13:30,13,14.29,0.00,10.99,0.00,0.00,5.49,0.00,0.00,0.00,69.23
07:13:30,14,16.13,0.00,11.83,0.00,0.00,5.38,0.00,0.00,0.00,66.67
07:13:30,15,13.68,0.00,11.58,0.00,0.00,5.26,0.00,0.00,0.00,69.47
07:13:31,4,13.83,0.00,11.70,0.00,0.00,6.38,0.00,0.00,0.00,68.09
07:13:31,5,14.89,0.00,11.70,0.00,0.00,6.38,0.00,0.00,0.00,67.02
07:13:31,6,15.79,0.00,13.68,0.00,0.00,4.21,0.00,0.00,0.00,66.32
07:13:31,7,13.33,0.00,8.89,0.00,0.00,5.56,0.00,0.00,0.00,72.22
07:13:31,12,16.13,0.00,13.98,0.00,0.00,5.38,0.00,0.00,0.00,64.52
07:13:31,13,15.05,0.00,11.83,0.00,0.00,6.45,0.00,0.00,0.00,66.67
07:13:31,14,14.89,0.00,12.77,0.00,0.00,5.32,0.00,0.00,0.00,67.02
07:13:31,15,13.19,0.00,9.89,0.00,0.00,5.49,0.00,0.00,0.00,71.43
07:13:32,4,16.13,0.00,10.75,0.00,0.00,4.30,0.00,0.00,0.00,68.82
07:13:32,5,16.30,0.00,14.13,0.00,0.00,5.43,0.00,0.00,0.00,64.13
07:13:32,6,13.33,0.00,13.33,0.00,0.00,3.33,0.00,0.00,0.00,70.00
07:13:32,7,14.89,0.00,11.70,0.00,0.00,3.19,0.00,0.00,0.00,70.21
07:13:32,12,13.19,0.00,13.19,0.00,0.00,3.30,0.00,0.00,0.00,70.33
07:13:32,13,14.13,0.00,10.87,0.00,0.00,5.43,0.00,0.00,0.00,69.57
07:13:32,14,15.96,0.00,11.70,0.00,0.00,5.32,0.00,0.00,0.00,67.02
07:13:32,15,15.79,0.00,11.58,0.00,0.00,4.21,0.00,0.00,0.00,68.42
07:13:33,4,14.89,0.00,11.70,0.00,0.00,5.32,0.00,0.00,0.00,68.09
07:13:33,5,15.22,0.00,10.87,0.00,0.00,4.35,0.00,0.00,0.00,69.57
07:13:33,6,14.74,0.00,10.53,0.00,0.00,5.26,0.00,0.00,0.00,69.47
07:13:33,7,13.54,0.00,11.46,0.00,0.00,4.17,0.00,0.00,0.00,70.83
07:13:33,12,13.98,0.00,15.05,0.00,0.00,5.38,0.00,0.00,0.00,65.59
07:13:33,13,13.98,0.00,10.75,0.00,0.00,6.45,0.00,0.00,0.00,68.82
07:13:33,14,14.13,0.00,13.04,0.00,0.00,5.43,0.00,0.00,0.00,67.39
07:13:33,15,13.19,0.00,10.99,0.00,0.00,4.40,0.00,0.00,0.00,71.43
07:13:34,4,16.67,0.00,11.46,0.00,0.00,5.21,0.00,0.00,0.00,66.67
07:13:34,5,13.04,0.00,13.04,0.00,0.00,5.43,0.00,0.00,0.00,68.48
07:13:34,6,13.19,0.00,12.09,0.00,0.00,4.40,0.00,0.00,0.00,70.33
07:13:34,7,13.83,0.00,11.70,0.00,0.00,4.26,0.00,0.00,0.00,70.21
07:13:34,12,17.02,0.00,13.83,0.00,0.00,4.26,0.00,0.00,0.00,64.89
07:13:34,13,14.29,0.00,12.09,0.00,0.00,3.30,0.00,0.00,0.00,70.33
07:13:34,14,16.84,0.00,13.68,3.16,0.00,4.21,0.00,0.00,0.00,62.11
07:13:34,15,13.83,0.00,11.70,0.00,0.00,5.32,0.00,0.00,0.00,69.15
07:13:35,4,16.48,0.00,13.19,0.00,0.00,3.30,0.00,0.00,0.00,67.03
07:13:35,5,16.30,0.00,13.04,0.00,0.00,6.52,0.00,0.00,0.00,64.13
07:13:35,6,13.48,0.00,12.36,0.00,0.00,5.62,0.00,0.00,0.00,68.54
07:13:35,7,11.11,0.00,12.22,0.00,0.00,4.44,0.00,0.00,0.00,72.22
07:13:35,12,11.96,0.00,13.04,1.09,0.00,5.43,0.00,0.00,0.00,68.48
07:13:35,13,15.05,0.00,11.83,0.00,0.00,5.38,0.00,0.00,0.00,67.74
07:13:35,14,14.89,0.00,12.77,0.00,0.00,5.32,0.00,0.00,0.00,67.02
07:13:35,15,12.37,0.00,13.40,1.03,0.00,6.19,0.00,0.00,0.00,67.01
07:13:36,4,15.96,0.00,11.70,0.00,0.00,3.19,0.00,0.00,0.00,69.15
07:13:36,5,14.58,0.00,14.58,0.00,0.00,5.21,0.00,0.00,0.00,65.62
07:13:36,6,12.90,0.00,12.90,0.00,0.00,4.30,0.00,0.00,0.00,69.89
07:13:36,7,14.58,0.00,12.50,0.00,0.00,4.17,0.00,0.00,0.00,68.75
07:13:36,12,17.02,0.00,12.77,0.00,0.00,5.32,0.00,0.00,0.00,64.89
07:13:36,13,14.74,0.00,13.68,0.00,0.00,6.32,0.00,0.00,0.00,65.26
07:13:36,14,14.74,0.00,12.63,0.00,0.00,6.32,0.00,0.00,0.00,66.32
07:13:36,15,15.79,0.00,11.58,0.00,0.00,4.21,0.00,0.00,0.00,68.42
07:13:37,4,17.02,0.00,10.64,0.00,0.00,5.32,0.00,0.00,0.00,67.02
07:13:37,5,14.89,0.00,14.89,0.00,0.00,5.32,0.00,0.00,0.00,64.89
07:13:37,6,15.22,0.00,11.96,0.00,0.00,5.43,0.00,0.00,0.00,67.39
07:13:37,7,11.96,0.00,13.04,0.00,0.00,5.43,0.00,0.00,0.00,69.57
07:13:37,12,15.05,0.00,12.90,0.00,0.00,4.30,0.00,0.00,0.00,67.74
07:13:37,13,13.48,0.00,12.36,0.00,0.00,4.49,0.00,0.00,0.00,69.66
07:13:37,14,14.74,0.00,12.63,0.00,0.00,5.26,0.00,0.00,0.00,67.37
07:13:37,15,14.74,0.00,10.53,0.00,0.00,4.21,0.00,0.00,0.00,70.53
07:13:38,4,13.64,0.00,13.64,0.00,0.00,4.55,0.00,0.00,0.00,68.18
07:13:38,5,14.29,0.00,14.29,0.00,0.00,4.40,0.00,0.00,0.00,67.03
07:13:38,6,16.67,0.00,12.50,0.00,0.00,5.21,0.00,0.00,0.00,65.62
07:13:38,7,13.54,0.00,12.50,0.00,0.00,5.21,0.00,0.00,0.00,68.75
07:13:38,12,13.98,0.00,11.83,0.00,0.00,5.38,0.00,0.00,0.00,68.82
07:13:38,13,15.05,0.00,12.90,0.00,0.00,4.30,0.00,0.00,0.00,67.74
07:13:38,14,14.89,0.00,11.70,0.00,0.00,4.26,0.00,0.00,0.00,69.15
07:13:38,15,13.54,0.00,14.58,0.00,0.00,4.17,0.00,0.00,0.00,67.71
07:13:39,4,15.79,0.00,12.63,0.00,0.00,4.21,0.00,0.00,0.00,67.37
07:13:39,5,17.78,0.00,13.33,0.00,0.00,4.44,0.00,0.00,0.00,64.44
07:13:39,6,12.90,0.00,12.90,0.00,0.00,6.45,0.00,0.00,0.00,67.74
07:13:39,7,14.89,0.00,10.64,0.00,0.00,4.26,0.00,0.00,0.00,70.21
07:13:39,12,14.29,0.00,10.99,0.00,0.00,4.40,0.00,0.00,0.00,70.33
07:13:39,13,18.68,0.00,13.19,1.10,0.00,4.40,0.00,0.00,0.00,62.64
07:13:39,14,18.28,0.00,12.90,0.00,0.00,4.30,0.00,0.00,0.00,64.52
07:13:39,15,12.90,0.00,12.90,0.00,0.00,3.23,0.00,0.00,0.00,70.97
07:13:40,4,14.13,0.00,14.13,0.00,0.00,4.35,0.00,0.00,0.00,67.39
07:13:40,5,15.38,0.00,9.89,0.00,0.00,5.49,0.00,0.00,0.00,69.23
07:13:40,6,13.48,0.00,10.11,0.00,0.00,3.37,0.00,0.00,0.00,73.03
07:13:40,7,13.98,0.00,10.75,0.00,0.00,4.30,0.00,0.00,0.00,70.97
07:13:40,12,13.04,0.00,14.13,0.00,0.00,5.43,0.00,0.00,0.00,67.39
07:13:40,13,14.13,0.00,13.04,0.00,0.00,4.35,0.00,0.00,0.00,68.48
07:13:40,14,14.89,0.00,12.77,0.00,0.00,5.32,0.00,0.00,0.00,67.02
07:13:40,15,12.90,0.00,11.83,0.00,0.00,5.38,0.00,0.00,0.00,69.89
07:13:41,4,14.29,0.00,12.09,0.00,0.00,5.49,0.00,0.00,0.00,68.13
07:13:41,5,15.96,0.00,13.83,0.00,0.00,5.32,0.00,0.00,0.00,64.89
07:13:41,6,14.89,0.00,12.77,0.00,0.00,6.38,0.00,0.00,0.00,65.96
07:13:41,7,11.83,0.00,11.83,0.00,0.00,5.38,0.00,0.00,0.00,70.97
07:13:41,12,13.83,0.00,13.83,0.00,0.00,4.26,0.00,0.00,0.00,68.09
07:13:41,13,18.09,0.00,13.83,0.00,0.00,4.26,0.00,0.00,0.00,63.83
07:13:41,14,14.74,0.00,12.63,0.00,0.00,5.26,0.00,0.00,0.00,67.37
07:13:41,15,13.54,0.00,11.46,0.00,0.00,6.25,0.00,0.00,0.00,68.75
07:13:42,4,14.89,0.00,12.77,0.00,0.00,5.32,0.00,0.00,0.00,67.02
07:13:42,5,15.05,0.00,11.83,0.00,0.00,5.38,0.00,0.00,0.00,67.74
07:13:42,6,14.13,0.00,14.13,0.00,0.00,4.35,0.00,0.00,0.00,67.39
07:13:42,7,14.89,0.00,11.70,0.00,0.00,4.26,0.00,0.00,0.00,69.15
07:13:42,12,13.04,0.00,13.04,0.00,0.00,4.35,0.00,0.00,0.00,69.57
07:13:42,13,13.04,0.00,14.13,0.00,0.00,4.35,0.00,0.00,0.00,68.48
07:13:42,14,14.58,0.00,12.50,0.00,0.00,5.21,0.00,0.00,0.00,67.71
07:13:42,15,12.90,0.00,12.90,0.00,0.00,3.23,0.00,0.00,0.00,70.97
07:13:43,4,15.22,0.00,11.96,0.00,0.00,3.26,0.00,0.00,0.00,69.57
07:13:43,5,16.13,0.00,13.98,0.00,0.00,4.30,0.00,0.00,0.00,65.59
07:13:43,6,16.67,0.00,12.50,0.00,0.00,5.21,0.00,0.00,0.00,65.62
07:13:43,7,11.96,0.00,9.78,0.00,0.00,3.26,0.00,0.00,0.00,75.00
07:13:43,12,15.05,0.00,15.05,0.00,0.00,4.30,0.00,0.00,0.00,65.59
07:13:43,13,16.13,0.00,12.90,0.00,0.00,5.38,0.00,0.00,0.00,65.59
07:13:43,14,14.13,0.00,11.96,0.00,0.00,4.35,0.00,0.00,0.00,69.57
07:13:43,15,11.70,0.00,12.77,0.00,0.00,4.26,0.00,0.00,0.00,71.28
07:13:44,4,17.20,0.00,12.90,0.00,0.00,5.38,0.00,0.00,0.00,64.52
07:13:44,5,17.20,0.00,10.75,0.00,0.00,5.38,0.00,0.00,0.00,66.67
07:13:44,6,15.22,0.00,11.96,0.00,0.00,4.35,0.00,0.00,0.00,68.48
07:13:44,7,12.50,0.00,11.46,0.00,0.00,5.21,0.00,0.00,0.00,70.83
07:13:44,12,17.39,0.00,15.22,1.09,0.00,5.43,0.00,0.00,0.00,60.87
07:13:44,13,16.13,0.00,15.05,0.00,0.00,3.23,0.00,0.00,0.00,65.59
07:13:44,14,15.22,0.00,13.04,0.00,0.00,5.43,0.00,0.00,0.00,66.30
07:13:44,15,13.83,0.00,11.70,0.00,0.00,5.32,0.00,0.00,0.00,69.15
07:13:45,4,14.13,0.00,13.04,0.00,0.00,4.35,0.00,0.00,0.00,68.48
07:13:45,5,14.13,0.00,14.13,0.00,0.00,4.35,0.00,0.00,0.00,67.39
07:13:45,6,13.04,0.00,11.96,1.09,0.00,5.43,0.00,0.00,0.00,68.48
07:13:45,7,14.44,0.00,10.00,0.00,0.00,4.44,0.00,0.00,0.00,71.11
07:13:45,12,13.83,0.00,13.83,1.06,0.00,4.26,0.00,0.00,0.00,67.02
07:13:45,13,18.09,0.00,9.57,0.00,0.00,4.26,0.00,0.00,0.00,68.09
07:13:45,14,15.05,0.00,12.90,0.00,0.00,4.30,0.00,0.00,0.00,67.74
07:13:45,15,15.38,0.00,10.99,0.00,0.00,4.40,0.00,0.00,0.00,69.23
07:13:46,4,15.38,0.00,12.09,0.00,0.00,4.40,0.00,0.00,0.00,68.13
07:13:46,5,15.05,0.00,11.83,0.00,0.00,5.38,0.00,0.00,0.00,67.74
07:13:46,6,15.62,0.00,13.54,0.00,0.00,5.21,0.00,0.00,0.00,65.62
07:13:46,7,14.13,0.00,11.96,0.00,0.00,5.43,0.00,0.00,0.00,68.48
07:13:46,12,15.96,0.00,11.70,0.00,0.00,5.32,0.00,0.00,0.00,67.02
07:13:46,13,13.04,0.00,15.22,0.00,0.00,4.35,0.00,0.00,0.00,67.39
07:13:46,14,15.96,0.00,10.64,0.00,0.00,5.32,0.00,0.00,0.00,68.09
07:13:46,15,12.09,0.00,13.19,0.00,0.00,5.49,0.00,0.00,0.00,69.23
07:13:47,4,13.98,0.00,13.98,0.00,0.00,5.38,0.00,0.00,0.00,66.67
07:13:47,5,13.04,0.00,13.04,0.00,0.00,5.43,0.00,0.00,0.00,68.48
07:13:47,6,14.89,0.00,11.70,0.00,0.00,4.26,0.00,0.00,0.00,69.15
07:13:47,7,12.50,0.00,11.46,0.00,0.00,5.21,0.00,0.00,0.00,70.83
07:13:47,12,14.89,0.00,13.83,0.00,0.00,5.32,0.00,0.00,0.00,65.96
07:13:47,13,15.79,0.00,15.79,0.00,0.00,5.26,0.00,0.00,0.00,63.16
07:13:47,14,16.13,0.00,12.90,0.00,0.00,4.30,0.00,0.00,0.00,66.67
07:13:47,15,13.98,0.00,11.83,0.00,0.00,3.23,0.00,0.00,0.00,70.97
07:13:48,4,14.89,0.00,11.70,0.00,0.00,5.32,0.00,0.00,0.00,68.09
07:13:48,5,17.71,0.00,11.46,0.00,0.00,5.21,0.00,0.00,0.00,65.62
07:13:48,6,12.36,0.00,11.24,0.00,0.00,5.62,0.00,0.00,0.00,70.79
07:13:48,7,12.90,0.00,11.83,0.00,0.00,3.23,0.00,0.00,0.00,72.04
07:13:48,12,14.89,0.00,14.89,0.00,0.00,4.26,0.00,0.00,0.00,65.96
07:13:48,13,15.05,0.00,12.90,0.00,0.00,5.38,0.00,0.00,0.00,66.67
07:13:48,14,15.79,0.00,12.63,0.00,0.00,4.21,0.00,0.00,0.00,67.37
07:13:48,15,13.98,0.00,10.75,0.00,0.00,4.30,0.00,0.00,0.00,70.97
07:13:49,4,15.38,0.00,13.19,0.00,0.00,5.49,0.00,0.00,0.00,65.93
07:13:49,5,13.19,0.00,13.19,2.20,0.00,4.40,0.00,0.00,0.00,67.03
07:13:49,6,15.22,0.00,14.13,0.00,0.00,3.26,0.00,0.00,0.00,67.39
07:13:49,7,12.77,0.00,12.77,0.00,0.00,5.32,0.00,0.00,0.00,69.15
07:13:49,12,18.28,0.00,12.90,0.00,0.00,4.30,0.00,0.00,0.00,64.52
07:13:49,13,19.57,0.00,15.22,0.00,0.00,3.26,0.00,0.00,0.00,61.96
07:13:49,14,16.67,0.00,13.54,0.00,0.00,5.21,0.00,0.00,0.00,64.58
07:13:49,15,10.99,0.00,13.19,0.00,0.00,4.40,0.00,0.00,0.00,71.43
07:13:50,4,16.84,0.00,12.63,1.05,0.00,6.32,0.00,0.00,0.00,63.16
07:13:50,5,14.13,0.00,14.13,0.00,0.00,3.26,0.00,0.00,0.00,68.48
07:13:50,6,16.13,0.00,11.83,0.00,0.00,3.23,0.00,0.00,0.00,68.82
07:13:50,7,15.05,0.00,10.75,0.00,0.00,4.30,0.00,0.00,0.00,69.89
07:13:50,12,13.83,0.00,12.77,0.00,0.00,6.38,0.00,0.00,0.00,67.02
07:13:50,13,14.13,0.00,13.04,0.00,0.00,4.35,0.00,0.00,0.00,68.48
07:13:50,14,17.02,0.00,12.77,0.00,0.00,3.19,0.00,0.00,0.00,67.02
07:13:50,15,13.83,0.00,11.70,0.00,0.00,5.32,0.00,0.00,0.00,69.15
07:13:51,4,15.96,0.00,12.77,0.00,0.00,4.26,0.00,0.00,0.00,67.02
07:13:51,5,15.22,0.00,13.04,0.00,0.00,4.35,0.00,0.00,0.00,67.39
07:13:51,6,13.83,0.00,12.77,0.00,0.00,6.38,0.00,0.00,0.00,67.02
07:13:51,7,12.63,0.00,12.63,0.00,0.00,5.26,0.00,0.00,0.00,69.47
07:13:51,12,14.29,0.00,13.19,0.00,0.00,4.40,0.00,0.00,0.00,68.13
07:13:51,13,16.84,0.00,13.68,0.00,0.00,5.26,0.00,0.00,0.00,64.21
07:13:51,14,15.05,0.00,13.98,0.00,0.00,5.38,0.00,0.00,0.00,65.59
07:13:51,15,13.19,0.00,13.19,0.00,0.00,4.40,0.00,0.00,0.00,69.23
07:13:52,4,16.67,0.00,14.58,0.00,0.00,4.17,0.00,0.00,0.00,64.58
07:13:52,5,17.20,0.00,11.83,0.00,0.00,4.30,0.00,0.00,0.00,66.67
07:13:52,6,16.13,0.00,13.98,0.00,0.00,4.30,0.00,0.00,0.00,65.59
07:13:52,7,13.83,0.00,12.77,0.00,0.00,4.26,0.00,0.00,0.00,69.15
07:13:52,12,15.05,0.00,11.83,0.00,0.00,5.38,0.00,0.00,0.00,67.74
07:13:52,13,15.96,0.00,11.70,0.00,0.00,5.32,0.00,0.00,0.00,67.02
07:13:52,14,15.96,0.00,11.70,0.00,0.00,4.26,0.00,0.00,0.00,68.09
07:13:52,15,14.13,0.00,10.87,0.00,0.00,4.35,0.00,0.00,0.00,70.65
07:13:53,4,15.22,0.00,10.87,0.00,0.00,5.43,0.00,0.00,0.00,68.48
07:13:53,5,14.89,0.00,14.89,0.00,0.00,5.32,0.00,0.00,0.00,64.89
07:13:53,6,14.89,0.00,12.77,0.00,0.00,4.26,0.00,0.00,0.00,68.09
07:13:53,7,12.36,0.00,11.24,0.00,0.00,3.37,0.00,0.00,0.00,73.03
07:13:53,12,15.62,0.00,12.50,0.00,0.00,5.21,0.00,0.00,0.00,66.67
07:13:53,13,15.05,0.00,11.83,0.00,0.00,5.38,0.00,0.00,0.00,67.74
07:13:53,14,13.04,0.00,11.96,0.00,0.00,6.52,0.00,0.00,0.00,68.48
07:13:53,15,10.64,0.00,12.77,0.00,0.00,5.32,0.00,0.00,0.00,71.28
07:13:54,4,16.30,0.00,11.96,0.00,0.00,4.35,0.00,0.00,0.00,67.39
07:13:54,5,14.29,0.00,10.99,0.00,0.00,4.40,0.00,0.00,0.00,70.33
07:13:54,6,15.38,0.00,12.09,0.00,0.00,4.40,0.00,0.00,0.00,68.13
07:13:54,7,14.58,0.00,12.50,0.00,0.00,4.17,0.00,0.00,0.00,68.75
07:13:54,12,19.35,0.00,13.98,0.00,0.00,4.30,0.00,0.00,0.00,62.37
07:13:54,13,15.05,0.00,13.98,0.00,0.00,4.30,0.00,0.00,0.00,66.67
07:13:54,14,13.98,0.00,12.90,1.08,0.00,5.38,0.00,0.00,0.00,66.67
07:13:54,15,13.98,0.00,11.83,0.00,0.00,4.30,0.00,0.00,0.00,69.89
07:13:55,4,15.96,0.00,17.02,1.06,0.00,5.32,0.00,0.00,0.00,60.64
07:13:55,5,17.02,0.00,13.83,0.00,0.00,4.26,0.00,0.00,0.00,64.89
07:13:55,6,14.77,0.00,10.23,0.00,0.00,3.41,0.00,0.00,0.00,71.59
07:13:55,7,13.83,0.00,12.77,0.00,0.00,3.19,0.00,0.00,0.00,70.21
07:13:55,12,14.29,0.00,12.09,0.00,0.00,4.40,0.00,0.00,0.00,69.23
07:13:55,13,14.89,0.00,12.77,0.00,0.00,5.32,0.00,0.00,0.00,67.02
07:13:55,14,15.22,0.00,11.96,0.00,0.00,5.43,0.00,0.00,0.00,67.39
07:13:55,15,13.83,0.00,10.64,0.00,0.00,5.32,0.00,0.00,0.00,70.21
07:13:56,4,15.96,0.00,12.77,0.00,0.00,5.32,0.00,0.00,0.00,65.96
07:13:56,5,16.48,0.00,13.19,0.00,0.00,5.49,0.00,0.00,0.00,64.84
07:13:56,6,15.22,0.00,13.04,0.00,0.00,5.43,0.00,0.00,0.00,66.30
07:13:56,7,11.46,0.00,14.58,0.00,0.00,4.17,0.00,0.00,0.00,69.79
07:13:56,12,13.98,0.00,11.83,0.00,0.00,6.45,0.00,0.00,0.00,67.74
07:13:56,13,18.75,0.00,13.54,0.00,0.00,4.17,0.00,0.00,0.00,63.54
07:13:56,14,14.13,0.00,13.04,0.00,0.00,5.43,0.00,0.00,0.00,67.39
07:13:56,15,12.63,0.00,11.58,0.00,0.00,5.26,0.00,0.00,0.00,70.53
07:13:57,4,16.13,0.00,10.75,0.00,0.00,4.30,0.00,0.00,0.00,68.82
07:13:57,5,13.98,0.00,11.83,0.00,0.00,5.38,0.00,0.00,0.00,68.82
07:13:57,6,15.05,0.00,10.75,0.00,0.00,5.38,0.00,0.00,0.00,68.82
07:13:57,7,15.22,0.00,9.78,0.00,0.00,3.26,0.00,0.00,0.00,71.74
07:13:57,12,17.02,0.00,12.77,0.00,0.00,4.26,0.00,0.00,0.00,65.96
07:13:57,13,15.73,0.00,12.36,0.00,0.00,3.37,0.00,0.00,0.00,68.54
07:13:57,14,14.58,0.00,13.54,0.00,0.00,6.25,0.00,0.00,0.00,65.62
07:13:57,15,15.05,0.00,10.75,0.00,0.00,4.30,0.00,0.00,0.00,69.89
07:13:58,4,16.30,0.00,14.13,0.00,0.00,4.35,0.00,0.00,0.00,65.22
07:13:58,5,15.62,0.00,13.54,0.00,0.00,5.21,0.00,0.00,0.00,65.62
07:13:58,6,13.83,0.00,11.70,0.00,0.00,6.38,0.00,0.00,0.00,68.09
07:13:58,7,11.70,0.00,10.64,0.00,0.00,5.32,0.00,0.00,0.00,72.34
07:13:58,12,15.96,0.00,12.77,0.00,0.00,4.26,0.00,0.00,0.00,67.02
07:13:58,13,14.74,0.00,15.79,0.00,0.00,5.26,0.00,0.00,0.00,64.21
07:13:58,14,15.62,0.00,13.54,0.00,0.00,6.25,0.00,0.00,0.00,64.58
07:13:58,15,15.96,0.00,9.57,0.00,0.00,4.26,0.00,0.00,0.00,70.21
07:13:59,4,14.58,0.00,15.62,0.00,0.00,5.21,0.00,0.00,0.00,64.58
07:13:59,5,13.19,0.00,12.09,0.00,0.00,5.49,0.00,0.00,0.00,69.23
07:13:59,6,14.74,0.00,12.63,0.00,0.00,4.21,0.00,0.00,0.00,68.42
07:13:59,7,13.98,0.00,12.90,0.00,0.00,3.23,0.00,0.00,0.00,69.89
07:13:59,12,12.77,0.00,13.83,0.00,0.00,4.26,0.00,0.00,0.00,69.15
07:13:59,13,14.13,0.00,14.13,0.00,0.00,4.35,0.00,0.00,0.00,67.39
07:13:59,14,13.19,0.00,13.19,0.00,0.00,4.40,0.00,0.00,0.00,69.23
07:13:59,15,13.40,0.00,14.43,0.00,0.00,5.15,0.00,0.00,0.00,67.01
07:14:00,4,19.57,0.00,14.13,2.17,0.00,5.43,0.00,0.00,0.00,58.70
07:14:00,5,15.22,0.00,13.04,0.00,0.00,5.43,0.00,0.00,0.00,66.30
07:14:00,6,13.04,0.00,15.22,0.00,0.00,3.26,0.00,0.00,0.00,68.48
07:14:00,7,14.13,0.00,10.87,0.00,0.00,5.43,0.00,0.00,0.00,69.57
07:14:00,12,13.98,0.00,11.83,0.00,0.00,6.45,0.00,0.00,0.00,67.74
07:14:00,13,15.22,0.00,14.13,1.09,0.00,5.43,0.00,0.00,0.00,64.13
07:14:00,14,14.89,0.00,12.77,0.00,0.00,5.32,0.00,0.00,0.00,67.02
07:14:00,15,15.79,0.00,12.63,0.00,0.00,4.21,0.00,0.00,0.00,67.37
07:14:01,4,15.22,0.00,11.96,0.00,0.00,5.43,0.00,0.00,0.00,67.39
07:14:01,5,15.56,0.00,13.33,0.00,0.00,4.44,0.00,0.00,0.00,66.67
07:14:01,6,15.05,0.00,11.83,0.00,0.00,4.30,0.00,0.00,0.00,68.82
07:14:01,7,10.87,0.00,10.87,0.00,0.00,4.35,0.00,0.00,0.00,73.91
07:14:01,12,14.13,0.00,14.13,0.00,0.00,4.35,0.00,0.00,0.00,67.39
07:14:01,13,15.22,0.00,11.96,0.00,0.00,4.35,0.00,0.00,0.00,68.48
07:14:01,14,14.29,0.00,12.09,0.00,0.00,4.40,0.00,0.00,0.00,69.23
07:14:01,15,11.83,0.00,10.75,0.00,0.00,5.38,0.00,0.00,0.00,72.04
07:14:02,4,15.05,0.00,12.90,0.00,0.00,5.38,0.00,0.00,0.00,66.67
07:14:02,5,15.05,0.00,12.90,0.00,0.00,4.30,0.00,0.00,0.00,67.74
07:14:02,6,13.98,0.00,13.98,0.00,0.00,4.30,0.00,0.00,0.00,67.74
07:14:02,7,13.68,0.00,10.53,0.00,0.00,5.26,0.00,0.00,0.00,70.53
07:14:02,12,14.58,0.00,13.54,0.00,0.00,5.21,0.00,0.00,0.00,66.67
07:14:02,13,13.98,0.00,16.13,0.00,0.00,5.38,0.00,0.00,0.00,64.52
07:14:02,14,16.13,0.00,13.98,0.00,0.00,4.30,0.00,0.00,0.00,65.59
07:14:02,15,12.63,0.00,12.63,0.00,0.00,6.32,0.00,0.00,0.00,68.42
07:14:03,4,14.13,0.00,15.22,0.00,0.00,4.35,0.00,0.00,0.00,66.30
07:14:03,5,13.68,0.00,13.68,0.00,0.00,5.26,0.00,0.00,0.00,67.37
07:14:03,6,13.83,0.00,13.83,0.00,0.00,5.32,0.00,0.00,0.00,67.02
07:14:03,7,10.87,0.00,10.87,0.00,0.00,4.35,0.00,0.00,0.00,73.91
07:14:03,12,15.56,0.00,12.22,0.00,0.00,4.44,0.00,0.00,0.00,67.78
07:14:03,13,16.13,0.00,12.90,0.00,0.00,6.45,0.00,0.00,0.00,64.52
07:14:03,14,14.74,0.00,14.74,0.00,0.00,5.26,0.00,0.00,0.00,65.26
07:14:03,15,12.90,0.00,9.68,0.00,0.00,5.38,0.00,0.00,0.00,72.04
07:14:04,4,15.96,0.00,10.64,0.00,0.00,6.38,0.00,0.00,0.00,67.02
07:14:04,5,14.13,0.00,13.04,0.00,0.00,4.35,0.00,0.00,0.00,68.48
07:14:04,6,14.13,0.00,10.87,0.00,0.00,5.43,0.00,0.00,0.00,69.57
07:14:04,7,13.54,0.00,11.46,0.00,0.00,6.25,0.00,0.00,0.00,68.75
07:14:04,12,13.54,0.00,14.58,0.00,0.00,5.21,0.00,0.00,0.00,66.67
07:14:04,13,16.30,0.00,11.96,0.00,0.00,4.35,0.00,0.00,0.00,67.39
07:14:04,14,15.22,0.00,11.96,0.00,0.00,4.35,0.00,0.00,0.00,68.48
07:14:04,15,14.89,0.00,12.77,0.00,0.00,4.26,0.00,0.00,0.00,68.09
07:14:05,4,14.29,0.00,14.29,1.10,0.00,3.30,0.00,0.00,0.00,67.03
07:14:05,5,14.13,0.00,11.96,0.00,0.00,5.43,0.00,0.00,0.00,68.48
07:14:05,6,15.96,0.00,13.83,0.00,0.00,4.26,0.00,0.00,0.00,65.96
07:14:05,7,13.98,0.00,11.83,2.15,0.00,5.38,0.00,0.00,0.00,66.67
07:14:05,12,15.96,0.00,12.77,0.00,0.00,5.32,0.00,0.00,0.00,65.96
07:14:05,13,18.09,0.00,12.77,0.00,0.00,5.32,0.00,0.00,0.00,63.83
07:14:05,14,16.30,0.00,11.96,0.00,0.00,5.43,0.00,0.00,0.00,66.30
07:14:05,15,15.22,0.00,10.87,0.00,0.00,4.35,0.00,0.00,0.00,69.57
07:14:06,4,13.83,0.00,12.77,0.00,0.00,5.32,0.00,0.00,0.00,68.09
07:14:06,5,17.02,0.00,14.89,0.00,0.00,4.26,0.00,0.00,0.00,63.83
07:14:06,6,14.74,0.00,12.63,0.00,0.00,4.21,0.00,0.00,0.00,68.42
07:14:06,7,13.98,0.00,9.68,0.00,0.00,3.23,0.00,0.00,0.00,73.12
07:14:06,12,14.29,0.00,14.29,0.00,0.00,3.30,0.00,0.00,0.00,68.13
07:14:06,13,15.96,0.00,15.96,0.00,0.00,5.32,0.00,0.00,0.00,62.77
07:14:06,14,15.62,0.00,14.58,0.00,0.00,4.17,0.00,0.00,0.00,65.62
07:14:06,15,11.70,0.00,11.70,0.00,0.00,6.38,0.00,0.00,0.00,70.21
07:14:07,4,13.83,0.00,13.83,0.00,0.00,4.26,0.00,0.00,0.00,68.09
07:14:07,5,15.22,0.00,10.87,0.00,0.00,5.43,0.00,0.00,0.00,68.48
07:14:07,6,14.13,0.00,11.96,0.00,0.00,5.43,0.00,0.00,0.00,68.48
07:14:07,7,13.83,0.00,13.83,0.00,0.00,4.26,0.00,0.00,0.00,68.09
07:14:07,12,14.89,0.00,12.77,0.00,0.00,4.26,0.00,0.00,0.00,68.09
07:14:07,13,15.05,0.00,10.75,0.00,0.00,4.30,0.00,0.00,0.00,69.89
07:14:07,14,13.98,0.00,13.98,0.00,0.00,5.38,0.00,0.00,0.00,66.67
07:14:07,15,15.05,0.00,10.75,0.00,0.00,5.38,0.00,0.00,0.00,68.82
07:14:08,4,13.98,0.00,12.90,0.00,0.00,4.30,0.00,0.00,0.00,68.82
07:14:08,5,15.96,0.00,12.77,0.00,0.00,5.32,0.00,0.00,0.00,65.96
07:14:08,6,13.83,0.00,13.83,0.00,0.00,4.26,0.00,0.00,0.00,68.09
07:14:08,7,13.83,0.00,11.70,0.00,0.00,5.32,0.00,0.00,0.00,69.15
07:14:08,12,15.05,0.00,10.75,0.00,0.00,5.38,0.00,0.00,0.00,68.82
07:14:08,13,15.05,0.00,10.75,0.00,0.00,4.30,0.00,0.00,0.00,69.89
07:14:08,14,13.98,0.00,13.98,0.00,0.00,5.38,0.00,0.00,0.00,66.67
07:14:08,15,15.05,0.00,10.75,0.00,0.00,4.30,0.00,0.00,0.00,69.89
07:14:09,4,15.62,0.00,11.46,0.00,0.00,6.25,0.00,0.00,0.00,66.67
07:14:09,5,15.22,0.00,10.87,0.00,0.00,5.43,0.00,0.00,0.00,68.48
07:14:09,6,14.13,0.00,11.96,0.00,0.00,5.43,0.00,0.00,0.00,68.48
07:14:09,7,13.83,0.00,12.77,0.00,0.00,4.26,0.00,0.00,0.00,69.15
07:14:09,12,11.83,0.00,12.90,0.00,0.00,5.38,0.00,0.00,0.00,69.89
07:14:09,13,15.22,0.00,14.13,0.00,0.00,5.43,0.00,0.00,0.00,65.22
07:14:09,14,12.09,0.00,13.19,0.00,0.00,4.40,0.00,0.00,0.00,70.33
07:14:09,15,12.77,0.00,14.89,0.00,0.00,4.26,0.00,0.00,0.00,68.09
07:14:10,4,16.84,0.00,14.74,1.05,0.00,3.16,0.00,0.00,0.00,64.21
07:14:10,5,18.28,0.00,11.83,0.00,0.00,4.30,0.00,0.00,0.00,65.59
07:14:10,6,17.39,0.00,14.13,0.00,0.00,5.43,0.00,0.00,0.00,63.04
07:14:10,7,13.68,0.00,12.63,1.05,0.00,4.21,0.00,0.00,0.00,68.42
07:14:10,12,16.67,0.00,11.11,0.00,0.00,5.56,0.00,0.00,0.00,66.67
07:14:10,13,17.39,0.00,13.04,1.09,0.00,4.35,0.00,0.00,0.00,64.13
07:14:10,14,15.22,0.00,14.13,0.00,0.00,4.35,0.00,0.00,0.00,66.30
07:14:10,15,12.90,0.00,11.83,0.00,0.00,5.38,0.00,0.00,0.00,69.89
07:14:11,4,13.83,0.00,13.83,0.00,0.00,5.32,0.00,0.00,0.00,67.02
07:14:11,5,15.38,0.00,12.09,0.00,0.00,4.40,0.00,0.00,0.00,68.13
07:14:11,6,14.29,0.00,10.99,0.00,0.00,4.40,0.00,0.00,0.00,70.33
07:14:11,7,13.98,0.00,10.75,0.00,0.00,4.30,0.00,0.00,0.00,70.97
07:14:11,12,15.05,0.00,11.83,0.00,0.00,4.30,0.00,0.00,0.00,68.82
07:14:11,13,14.29,0.00,14.29,0.00,0.00,5.49,0.00,0.00,0.00,65.93
07:14:11,14,15.05,0.00,11.83,0.00,0.00,4.30,0.00,0.00,0.00,68.82
07:14:11,15,12.09,0.00,10.99,0.00,0.00,4.40,0.00,0.00,0.00,72.53
07:14:12,4,13.04,0.00,13.04,0.00,0.00,5.43,0.00,0.00,0.00,68.48
07:14:12,5,16.48,0.00,13.19,0.00,0.00,3.30,0.00,0.00,0.00,67.03
07:14:12,6,13.98,0.00,11.83,0.00,0.00,5.38,0.00,0.00,0.00,68.82
07:14:12,7,14.13,0.00,10.87,0.00,0.00,5.43,0.00,0.00,0.00,69.57
07:14:12,12,13.19,0.00,13.19,0.00,0.00,4.40,0.00,0.00,0.00,69.23
07:14:12,13,13.98,0.00,12.90,0.00,0.00,4.30,0.00,0.00,0.00,68.82
07:14:12,14,14.58,0.00,13.54,0.00,0.00,5.21,0.00,0.00,0.00,66.67
07:14:12,15,12.90,0.00,12.90,0.00,0.00,5.38,0.00,0.00,0.00,68.82
07:14:13,4,15.79,0.00,11.58,0.00,0.00,5.26,0.00,0.00,0.00,67.37
07:14:13,5,14.89,0.00,13.83,0.00,0.00,4.26,0.00,0.00,0.00,67.02
07:14:13,6,14.29,0.00,12.09,0.00,0.00,3.30,0.00,0.00,0.00,70.33
07:14:13,7,15.22,0.00,9.78,0.00,0.00,4.35,0.00,0.00,0.00,70.65
07:14:13,12,15.05,0.00,11.83,0.00,0.00,4.30,0.00,0.00,0.00,68.82
07:14:13,13,14.13,0.00,11.96,0.00,0.00,4.35,0.00,0.00,0.00,69.57
07:14:13,14,15.38,0.00,10.99,0.00,0.00,4.40,0.00,0.00,0.00,69.23
07:14:13,15,16.13,0.00,10.75,0.00,0.00,4.30,0.00,0.00,0.00,68.82
07:14:14,4,14.13,0.00,13.04,0.00,0.00,3.26,0.00,0.00,0.00,69.57
07:14:14,5,13.68,0.00,12.63,0.00,0.00,5.26,0.00,0.00,0.00,68.42
07:14:14,6,14.13,0.00,11.96,0.00,0.00,3.26,0.00,0.00,0.00,70.65
07:14:14,7,14.89,0.00,12.77,0.00,0.00,4.26,0.00,0.00,0.00,68.09
07:14:14,12,14.13,0.00,11.96,0.00,0.00,5.43,0.00,0.00,0.00,68.48
07:14:14,13,13.54,0.00,13.54,0.00,0.00,6.25,0.00,0.00,0.00,66.67
07:14:14,14,13.19,0.00,12.09,0.00,0.00,4.40,0.00,0.00,0.00,70.33
07:14:14,15,14.89,0.00,12.77,0.00,0.00,4.26,0.00,0.00,0.00,68.09
07:14:15,4,19.15,0.00,12.77,0.00,0.00,5.32,0.00,0.00,0.00,62.77
07:14:15,5,18.48,0.00,13.04,0.00,0.00,5.43,0.00,0.00,0.00,63.04
07:14:15,6,15.22,0.00,11.96,0.00,0.00,4.35,0.00,0.00,0.00,68.48
07:14:15,7,13.98,0.00,11.83,0.00,0.00,4.30,0.00,0.00,0.00,69.89
07:14:15,12,15.05,0.00,11.83,2.15,0.00,5.38,0.00,0.00,0.00,65.59
07:14:15,13,18.09,0.00,17.02,0.00,0.00,3.19,0.00,0.00,0.00,61.70
07:14:15,14,13.98,0.00,11.83,0.00,0.00,5.38,0.00,0.00,0.00,68.82
07:14:15,15,12.90,0.00,11.83,0.00,0.00,5.38,0.00,0.00,0.00,69.89
07:14:16,4,13.04,0.00,13.04,0.00,0.00,5.43,0.00,0.00,0.00,68.48
07:14:16,5,15.05,0.00,12.90,0.00,0.00,5.38,0.00,0.00,0.00,66.67
07:14:16,6,15.22,0.00,10.87,0.00,0.00,4.35,0.00,0.00,0.00,69.57
07:14:16,7,13.98,0.00,11.83,0.00,0.00,4.30,0.00,0.00,0.00,69.89
07:14:16,12,14.74,0.00,15.79,0.00,0.00,5.26,0.00,0.00,0.00,64.21
07:14:16,13,15.05,0.00,12.90,0.00,0.00,5.38,0.00,0.00,0.00,66.67
07:14:16,14,15.22,0.00,11.96,0.00,0.00,4.35,0.00,0.00,0.00,68.48
07:14:16,15,12.90,0.00,11.83,0.00,0.00,5.38,0.00,0.00,0.00,69.89
07:14:17,4,16.13,0.00,12.90,0.00,0.00,6.45,0.00,0.00,0.00,64.52
07:14:17,5,15.05,0.00,13.98,0.00,0.00,4.30,0.00,0.00,0.00,66.67
07:14:17,6,15.05,0.00,12.90,0.00,0.00,4.30,0.00,0.00,0.00,67.74
07:14:17,7,15.62,0.00,12.50,0.00,0.00,4.17,0.00,0.00,0.00,67.71
07:14:17,12,13.04,0.00,13.04,0.00,0.00,5.43,0.00,0.00,0.00,68.48
07:14:17,13,15.79,0.00,13.68,0.00,0.00,6.32,0.00,0.00,0.00,64.21
07:14:17,14,13.04,0.00,11.96,0.00,0.00,5.43,0.00,0.00,0.00,69.57
07:14:17,15,14.74,0.00,10.53,0.00,0.00,5.26,0.00,0.00,0.00,69.47
07:14:18,4,13.19,0.00,10.99,0.00,0.00,5.49,0.00,0.00,0.00,70.33
07:14:18,5,13.83,0.00,13.83,0.00,0.00,4.26,0.00,0.00,0.00,68.09
07:14:18,6,14.13,0.00,10.87,0.00,0.00,5.43,0.00,0.00,0.00,69.57
07:14:18,7,13.54,0.00,12.50,0.00,0.00,5.21,0.00,0.00,0.00,68.75
07:14:18,12,13.83,0.00,12.77,0.00,0.00,4.26,0.00,0.00,0.00,69.15
07:14:18,13,16.48,0.00,10.99,0.00,0.00,4.40,0.00,0.00,0.00,68.13
07:14:18,14,14.89,0.00,12.77,0.00,0.00,5.32,0.00,0.00,0.00,67.02
07:14:18,15,15.05,0.00,10.75,0.00,0.00,5.38,0.00,0.00,0.00,68.82
07:14:19,4,16.84,0.00,11.58,0.00,0.00,3.16,0.00,0.00,0.00,68.42
07:14:19,5,15.38,0.00,10.99,0.00,0.00,5.49,0.00,0.00,0.00,68.13
07:14:19,6,15.96,0.00,12.77,0.00,0.00,5.32,0.00,0.00,0.00,65.96
07:14:19,7,13.83,0.00,12.77,0.00,0.00,5.32,0.00,0.00,0.00,68.09
07:14:19,12,13.48,0.00,11.24,0.00,0.00,4.49,0.00,0.00,0.00,70.79
07:14:19,13,14.74,0.00,13.68,0.00,0.00,5.26,0.00,0.00,0.00,66.32
07:14:19,14,12.90,0.00,12.90,0.00,0.00,5.38,0.00,0.00,0.00,68.82
07:14:19,15,12.90,0.00,11.83,0.00,0.00,4.30,0.00,0.00,0.00,70.97
07:14:20,4,15.79,0.00,12.63,1.05,0.00,5.26,0.00,0.00,0.00,65.26
07:14:20,5,18.28,0.00,11.83,0.00,0.00,4.30,0.00,0.00,0.00,65.59
07:14:20,6,15.38,0.00,14.29,0.00,0.00,3.30,0.00,0.00,0.00,67.03
07:14:20,7,14.58,0.00,11.46,1.04,0.00,6.25,0.00,0.00,0.00,66.67
07:14:20,12,13.83,0.00,12.77,0.00,0.00,5.32,0.00,0.00,0.00,68.09
07:14:20,13,16.13,0.00,11.83,0.00,0.00,6.45,0.00,0.00,0.00,65.59
07:14:20,14,17.39,0.00,11.96,0.00,0.00,4.35,0.00,0.00,0.00,66.30
07:14:20,15,15.62,0.00,11.46,2.08,0.00,7.29,0.00,0.00,0.00,63.54
07:14:21,4,14.13,0.00,13.04,0.00,0.00,3.26,0.00,0.00,0.00,69.57
07:14:21,5,15.05,0.00,11.83,0.00,0.00,4.30,0.00,0.00,0.00,68.82
07:14:21,6,14.29,0.00,13.19,0.00,0.00,4.40,0.00,0.00,0.00,68.13
07:14:21,7,13.54,0.00,13.54,0.00,0.00,5.21,0.00,0.00,0.00,67.71
07:14:21,12,13.98,0.00,11.83,0.00,0.00,5.38,0.00,0.00,0.00,68.82
07:14:21,13,14.44,0.00,15.56,0.00,0.00,4.44,0.00,0.00,0.00,65.56
07:14:21,14,15.96,0.00,11.70,0.00,0.00,5.32,0.00,0.00,0.00,67.02
07:14:21,15,14.89,0.00,11.70,0.00,0.00,4.26,0.00,0.00,0.00,69.15
07:14:22,4,15.05,0.00,10.75,0.00,0.00,5.38,0.00,0.00,0.00,68.82
07:14:22,5,14.89,0.00,10.64,0.00,0.00,6.38,0.00,0.00,0.00,68.09
07:14:22,6,15.79,0.00,12.63,0.00,0.00,6.32,0.00,0.00,0.00,65.26
07:14:22,7,13.98,0.00,10.75,0.00,0.00,3.23,0.00,0.00,0.00,72.04
07:14:22,12,13.54,0.00,12.50,0.00,0.00,7.29,0.00,0.00,0.00,66.67
07:14:22,13,14.29,0.00,14.29,0.00,0.00,4.40,0.00,0.00,0.00,67.03
07:14:22,14,13.83,0.00,12.77,0.00,0.00,5.32,0.00,0.00,0.00,68.09
07:14:22,15,13.19,0.00,10.99,0.00,0.00,5.49,0.00,0.00,0.00,70.33
07:14:23,4,14.89,0.00,12.77,0.00,0.00,4.26,0.00,0.00,0.00,68.09
07:14:23,5,15.22,0.00,11.96,0.00,0.00,4.35,0.00,0.00,0.00,68.48
07:14:23,6,14.44,0.00,11.11,0.00,0.00,4.44,0.00,0.00,0.00,70.00
07:14:23,7,12.77,0.00,12.77,0.00,0.00,5.32,0.00,0.00,0.00,69.15
07:14:23,12,15.62,0.00,13.54,0.00,0.00,5.21,0.00,0.00,0.00,65.62
07:14:23,13,14.29,0.00,12.09,0.00,0.00,5.49,0.00,0.00,0.00,68.13
07:14:23,14,14.89,0.00,13.83,0.00,0.00,4.26,0.00,0.00,0.00,67.02
07:14:23,15,14.29,0.00,13.27,0.00,0.00,6.12,0.00,0.00,0.00,66.33
07:14:24,4,15.38,0.00,12.09,0.00,0.00,4.40,0.00,0.00,0.00,68.13
07:14:24,5,14.61,0.00,12.36,0.00,0.00,4.49,0.00,0.00,0.00,68.54
07:14:24,6,13.83,0.00,11.70,0.00,0.00,5.32,0.00,0.00,0.00,69.15
07:14:24,7,13.40,0.00,11.34,0.00,0.00,4.12,0.00,0.00,0.00,71.13
07:14:24,12,17.02,0.00,10.64,0.00,0.00,5.32,0.00,0.00,0.00,67.02
07:14:24,13,16.30,0.00,13.04,0.00,0.00,5.43,0.00,0.00,0.00,65.22
07:14:24,14,13.83,0.00,13.83,0.00,0.00,6.38,0.00,0.00,0.00,65.96
07:14:24,15,13.68,0.00,11.58,0.00,0.00,4.21,0.00,0.00,0.00,70.53
07:14:25,4,16.84,0.00,13.68,0.00,0.00,5.26,0.00,0.00,0.00,64.21
07:14:25,5,14.29,0.00,15.38,0.00,0.00,3.30,0.00,0.00,0.00,67.03
07:14:25,6,16.30,0.00,13.04,1.09,0.00,4.35,0.00,0.00,0.00,65.22
07:14:25,7,13.04,0.00,11.96,0.00,0.00,4.35,0.00,0.00,0.00,70.65
07:14:25,12,15.96,0.00,14.89,0.00,0.00,5.32,0.00,0.00,0.00,63.83
07:14:25,13,15.22,0.00,11.96,0.00,0.00,6.52,0.00,0.00,0.00,66.30
07:14:25,14,16.30,0.00,11.96,0.00,0.00,4.35,0.00,0.00,0.00,67.39
07:14:25,15,13.83,0.00,13.83,0.00,0.00,3.19,0.00,0.00,0.00,69.15
07:14:26,4,17.02,0.00,13.83,0.00,0.00,4.26,0.00,0.00,0.00,64.89
07:14:26,5,15.38,0.00,12.09,0.00,0.00,4.40,0.00,0.00,0.00,68.13
07:14:26,6,13.33,0.00,11.11,0.00,0.00,5.56,0.00,0.00,0.00,70.00
07:14:26,7,14.29,0.00,12.09,0.00,0.00,3.30,0.00,0.00,0.00,70.33
07:14:26,12,13.19,0.00,15.38,0.00,0.00,5.49,0.00,0.00,0.00,65.93
07:14:26,13,15.22,0.00,11.96,0.00,0.00,4.35,0.00,0.00,0.00,68.48
07:14:26,14,15.05,0.00,10.75,0.00,0.00,5.38,0.00,0.00,0.00,68.82
07:14:26,15,15.79,0.00,12.63,0.00,0.00,4.21,0.00,0.00,0.00,67.37
07:14:27,4,15.22,0.00,10.87,0.00,0.00,4.35,0.00,0.00,0.00,69.57
07:14:27,5,15.22,0.00,14.13,0.00,0.00,5.43,0.00,0.00,0.00,65.22
07:14:27,6,15.05,0.00,12.90,0.00,0.00,3.23,0.00,0.00,0.00,68.82
07:14:27,7,12.77,0.00,12.77,0.00,0.00,5.32,0.00,0.00,0.00,69.15
07:14:27,12,15.22,0.00,11.96,0.00,0.00,5.43,0.00,0.00,0.00,67.39
07:14:27,13,16.13,0.00,11.83,0.00,0.00,5.38,0.00,0.00,0.00,66.67
07:14:27,14,14.13,0.00,13.04,0.00,0.00,4.35,0.00,0.00,0.00,68.48
07:14:27,15,12.90,0.00,12.90,0.00,0.00,4.30,0.00,0.00,0.00,69.89
07:14:28,4,16.13,0.00,11.83,0.00,0.00,3.23,0.00,0.00,0.00,68.82
07:14:28,5,14.13,0.00,11.96,0.00,0.00,6.52,0.00,0.00,0.00,67.39
07:14:28,6,13.98,0.00,12.90,0.00,0.00,4.30,0.00,0.00,0.00,68.82
07:14:28,7,15.05,0.00,10.75,0.00,0.00,4.30,0.00,0.00,0.00,69.89
07:14:28,12,14.43,0.00,16.49,0.00,0.00,4.12,0.00,0.00,0.00,64.95
07:14:28,13,15.05,0.00,11.83,0.00,0.00,4.30,0.00,0.00,0.00,68.82
07:14:28,14,15.96,0.00,11.70,0.00,0.00,5.32,0.00,0.00,0.00,67.02
07:14:28,15,13.83,0.00,12.77,0.00,0.00,4.26,0.00,0.00,0.00,69.15
07:14:29,4,17.58,0.00,10.99,0.00,0.00,5.49,0.00,0.00,0.00,65.93
07:14:29,5,14.29,0.00,13.19,0.00,0.00,3.30,0.00,0.00,0.00,69.23
07:14:29,6,17.20,0.00,10.75,0.00,0.00,3.23,0.00,0.00,0.00,68.82
07:14:29,7,10.11,0.00,8.99,0.00,0.00,4.49,0.00,0.00,0.00,76.40
07:14:29,12,13.04,0.00,11.96,0.00,0.00,4.35,0.00,0.00,0.00,70.65
07:14:29,13,14.77,0.00,13.64,0.00,0.00,4.55,0.00,0.00,0.00,67.05
07:14:29,14,15.22,0.00,11.96,0.00,0.00,4.35,0.00,0.00,0.00,68.48
07:14:29,15,13.98,0.00,10.75,0.00,0.00,4.30,0.00,0.00,0.00,70.97
07:14:30,4,15.56,0.00,11.11,1.11,0.00,4.44,0.00,0.00,0.00,67.78
07:14:30,5,19.57,0.00,13.04,0.00,0.00,6.52,0.00,0.00,0.00,60.87
07:14:30,6,15.05,0.00,13.98,0.00,0.00,4.30,0.00,0.00,0.00,66.67
07:14:30,7,13.98,0.00,12.90,0.00,0.00,4.30,0.00,0.00,0.00,68.82
07:14:30,12,16.13,0.00,17.20,0.00,0.00,6.45,0.00,0.00,0.00,60.22
07:14:30,13,15.38,0.00,12.09,0.00,0.00,5.49,0.00,0.00,0.00,67.03
07:14:30,14,15.79,0.00,13.68,0.00,0.00,5.26,0.00,0.00,0.00,65.26
07:14:30,15,15.96,0.00,10.64,1.06,0.00,5.32,0.00,0.00,0.00,67.02
07:14:31,4,14.74,0.00,13.68,0.00,0.00,4.21,0.00,0.00,0.00,67.37
07:14:31,5,13.33,0.00,15.56,0.00,0.00,4.44,0.00,0.00,0.00,66.67
07:14:31,6,12.77,0.00,15.96,0.00,0.00,4.26,0.00,0.00,0.00,67.02
07:14:31,7,13.19,0.00,12.09,0.00,0.00,4.40,0.00,0.00,0.00,70.33
07:14:31,12,14.29,0.00,10.99,0.00,0.00,5.49,0.00,0.00,0.00,69.23
07:14:31,13,14.44,0.00,12.22,0.00,0.00,4.44,0.00,0.00,0.00,68.89
07:14:31,14,16.13,0.00,11.83,0.00,0.00,3.23,0.00,0.00,0.00,68.82
07:14:31,15,15.62,0.00,11.46,0.00,0.00,5.21,0.00,0.00,0.00,67.71
07:14:32,4,16.13,0.00,12.90,0.00,0.00,4.30,0.00,0.00,0.00,66.67
07:14:32,5,15.38,0.00,10.99,0.00,0.00,4.40,0.00,0.00,0.00,69.23
07:14:32,6,14.74,0.00,13.68,0.00,0.00,6.32,0.00,0.00,0.00,65.26
07:14:32,7,10.64,0.00,10.64,0.00,0.00,6.38,0.00,0.00,0.00,72.34
07:14:32,12,15.38,0.00,13.19,0.00,0.00,4.40,0.00,0.00,0.00,67.03
07:14:32,13,14.13,0.00,15.22,0.00,0.00,4.35,0.00,0.00,0.00,66.30
07:14:32,14,14.89,0.00,13.83,0.00,0.00,4.26,0.00,0.00,0.00,67.02
07:14:32,15,14.89,0.00,10.64,0.00,0.00,4.26,0.00,0.00,0.00,70.21
07:14:33,4,14.74,0.00,12.63,0.00,0.00,4.21,0.00,0.00,0.00,68.42
07:14:33,5,13.98,0.00,13.98,0.00,0.00,6.45,0.00,0.00,0.00,65.59
07:14:33,6,14.13,0.00,10.87,0.00,0.00,5.43,0.00,0.00,0.00,69.57
07:14:33,7,13.68,0.00,13.68,0.00,0.00,4.21,0.00,0.00,0.00,68.42
07:14:33,12,16.30,0.00,11.96,0.00,0.00,5.43,0.00,0.00,0.00,66.30
07:14:33,13,15.22,0.00,10.87,0.00,0.00,5.43,0.00,0.00,0.00,68.48
07:14:33,14,15.22,0.00,11.96,0.00,0.00,3.26,0.00,0.00,0.00,69.57
07:14:33,15,13.98,0.00,11.83,0.00,0.00,4.30,0.00,0.00,0.00,69.89
07:14:34,4,14.74,0.00,12.63,0.00,0.00,4.21,0.00,0.00,0.00,68.42
07:14:34,5,14.89,0.00,12.77,0.00,0.00,5.32,0.00,0.00,0.00,67.02
07:14:34,6,13.98,0.00,12.90,0.00,0.00,5.38,0.00,0.00,0.00,67.74
07:14:34,7,12.90,0.00,11.83,0.00,0.00,5.38,0.00,0.00,0.00,69.89
07:14:34,12,16.13,0.00,10.75,0.00,0.00,4.30,0.00,0.00,0.00,68.82
07:14:34,13,13.04,0.00,13.04,0.00,0.00,4.35,0.00,0.00,0.00,69.57
07:14:34,14,15.05,0.00,11.83,0.00,0.00,4.30,0.00,0.00,0.00,68.82
07:14:34,15,13.04,0.00,13.04,0.00,0.00,3.26,0.00,0.00,0.00,70.65
07:14:35,4,13.98,0.00,12.90,0.00,0.00,6.45,0.00,0.00,0.00,66.67
07:14:35,5,15.96,0.00,12.77,0.00,0.00,5.32,0.00,0.00,0.00,65.96
07:14:35,6,14.61,0.00,13.48,0.00,0.00,4.49,0.00,0.00,0.00,67.42
07:14:35,7,18.09,0.00,12.77,0.00,0.00,3.19,0.00,0.00,0.00,65.96
07:14:35,12,13.68,0.00,15.79,1.05,0.00,5.26,0.00,0.00,0.00,64.21
07:14:35,13,15.79,0.00,15.79,0.00,0.00,4.21,0.00,0.00,0.00,64.21
07:14:35,14,14.74,0.00,14.74,1.05,0.00,5.26,0.00,0.00,0.00,64.21
07:14:35,15,14.89,0.00,12.77,0.00,0.00,4.26,0.00,0.00,0.00,68.09
07:14:36,4,15.38,0.00,12.09,0.00,0.00,3.30,0.00,0.00,0.00,69.23
07:14:36,5,15.38,0.00,12.09,0.00,0.00,4.40,0.00,0.00,0.00,68.13
07:14:36,6,14.74,0.00,12.63,0.00,0.00,4.21,0.00,0.00,0.00,68.42
07:14:36,7,12.90,0.00,9.68,0.00,0.00,4.30,0.00,0.00,0.00,73.12
07:14:36,12,15.22,0.00,14.13,0.00,0.00,5.43,0.00,0.00,0.00,65.22
07:14:36,13,13.98,0.00,17.20,0.00,0.00,4.30,0.00,0.00,0.00,64.52
07:14:36,14,14.29,0.00,12.09,0.00,0.00,4.40,0.00,0.00,0.00,69.23
07:14:36,15,13.04,0.00,11.96,0.00,0.00,3.26,0.00,0.00,0.00,71.74
07:14:37,4,13.04,0.00,11.96,0.00,0.00,4.35,0.00,0.00,0.00,70.65
07:14:37,5,16.84,0.00,12.63,0.00,0.00,4.21,0.00,0.00,0.00,66.32
07:14:37,6,12.22,0.00,12.22,0.00,0.00,4.44,0.00,0.00,0.00,71.11
07:14:37,7,13.98,0.00,12.90,0.00,0.00,4.30,0.00,0.00,0.00,68.82
07:14:37,12,14.29,0.00,12.09,0.00,0.00,4.40,0.00,0.00,0.00,69.23
07:14:37,13,15.05,0.00,11.83,0.00,0.00,5.38,0.00,0.00,0.00,67.74
07:14:37,14,14.58,0.00,13.54,0.00,0.00,4.17,0.00,0.00,0.00,67.71
07:14:37,15,15.05,0.00,11.83,0.00,0.00,4.30,0.00,0.00,0.00,68.82
07:14:38,4,14.29,0.00,12.09,0.00,0.00,5.49,0.00,0.00,0.00,68.13
07:14:38,5,16.13,0.00,12.90,0.00,0.00,4.30,0.00,0.00,0.00,66.67
07:14:38,6,13.19,0.00,13.19,0.00,0.00,5.49,0.00,0.00,0.00,68.13
07:14:38,7,15.46,0.00,12.37,0.00,0.00,5.15,0.00,0.00,0.00,67.01
07:14:38,12,14.13,0.00,11.96,0.00,0.00,4.35,0.00,0.00,0.00,69.57
07:14:38,13,14.13,0.00,11.96,0.00,0.00,5.43,0.00,0.00,0.00,68.48
07:14:38,14,15.79,0.00,11.58,0.00,0.00,5.26,0.00,0.00,0.00,67.37
07:14:38,15,13.68,0.00,11.58,0.00,0.00,6.32,0.00,0.00,0.00,68.42
07:14:39,4,13.83,0.00,12.77,0.00,0.00,3.19,0.00,0.00,0.00,70.21
07:14:39,5,14.44,0.00,13.33,0.00,0.00,4.44,0.00,0.00,0.00,67.78
07:14:39,6,15.46,0.00,12.37,0.00,0.00,5.15,0.00,0.00,0.00,67.01
07:14:39,7,13.83,0.00,10.64,0.00,0.00,3.19,0.00,0.00,0.00,72.34
07:14:39,12,15.22,0.00,11.96,0.00,0.00,4.35,0.00,0.00,0.00,68.48
07:14:39,13,14.44,0.00,12.22,0.00,0.00,4.44,0.00,0.00,0.00,68.89
07:14:39,14,12.09,0.00,14.29,0.00,0.00,3.30,0.00,0.00,0.00,70.33
07:14:39,15,11.70,0.00,12.77,0.00,0.00,4.26,0.00,0.00,0.00,71.28
07:14:40,4,16.84,0.00,13.68,0.00,0.00,5.26,0.00,0.00,0.00,64.21
07:14:40,5,17.39,0.00,13.04,0.00,0.00,4.35,0.00,0.00,0.00,65.22
07:14:40,6,15.05,0.00,12.90,0.00,0.00,4.30,0.00,0.00,0.00,67.74
07:14:40,7,15.05,0.00,11.83,0.00,0.00,4.30,0.00,0.00,0.00,68.82
07:14:40,12,17.39,0.00,14.13,0.00,0.00,4.35,0.00,0.00,0.00,64.13
07:14:40,13,15.22,0.00,13.04,1.09,0.00,4.35,0.00,0.00,0.00,66.30
07:14:40,14,15.05,0.00,11.83,0.00,0.00,4.30,0.00,0.00,0.00,68.82
07:14:40,15,13.98,0.00,11.83,0.00,0.00,4.30,0.00,0.00,0.00,69.89
07:14:41,4,15.22,0.00,11.96,0.00,0.00,4.35,0.00,0.00,0.00,68.48
07:14:41,5,16.13,0.00,11.83,0.00,0.00,5.38,0.00,0.00,0.00,66.67
07:14:41,6,16.48,0.00,10.99,0.00,0.00,4.40,0.00,0.00,0.00,68.13
07:14:41,7,12.90,0.00,11.83,0.00,0.00,4.30,0.00,0.00,0.00,70.97
07:14:41,12,18.09,0.00,14.89,0.00,0.00,4.26,0.00,0.00,0.00,62.77
07:14:41,13,15.79,0.00,14.74,0.00,0.00,5.26,0.00,0.00,0.00,64.21
07:14:41,14,13.83,0.00,13.83,0.00,0.00,5.32,0.00,0.00,0.00,67.02
07:14:41,15,13.98,0.00,12.90,0.00,0.00,4.30,0.00,0.00,0.00,68.82
07:14:42,4,14.43,0.00,14.43,0.00,0.00,4.12,0.00,0.00,0.00,67.01
07:14:42,5,14.29,0.00,12.09,0.00,0.00,5.49,0.00,0.00,0.00,68.13
07:14:42,6,12.90,0.00,12.90,0.00,0.00,5.38,0.00,0.00,0.00,68.82
07:14:42,7,12.63,0.00,11.58,0.00,0.00,4.21,0.00,0.00,0.00,71.58
07:14:42,12,13.48,0.00,11.24,0.00,0.00,3.37,0.00,0.00,0.00,71.91
07:14:42,13,15.96,0.00,12.77,0.00,0.00,5.32,0.00,0.00,0.00,65.96
07:14:42,14,15.96,0.00,11.70,0.00,0.00,6.38,0.00,0.00,0.00,65.96
07:14:42,15,14.58,0.00,12.50,0.00,0.00,4.17,0.00,0.00,0.00,68.75
07:14:43,4,14.13,0.00,14.13,0.00,0.00,3.26,0.00,0.00,0.00,68.48
07:14:43,5,15.22,0.00,10.87,0.00,0.00,3.26,0.00,0.00,0.00,70.65
07:14:43,6,14.58,0.00,13.54,0.00,0.00,4.17,0.00,0.00,0.00,67.71
07:14:43,7,14.13,0.00,11.96,0.00,0.00,3.26,0.00,0.00,0.00,70.65
07:14:43,12,14.58,0.00,13.54,0.00,0.00,4.17,0.00,0.00,0.00,67.71
07:14:43,13,14.29,0.00,16.48,0.00,0.00,3.30,0.00,0.00,0.00,65.93
07:14:43,14,14.89,0.00,11.70,0.00,0.00,4.26,0.00,0.00,0.00,69.15
07:14:43,15,15.05,0.00,10.75,0.00,0.00,5.38,0.00,0.00,0.00,68.82
07:14:44,4,15.79,0.00,14.74,0.00,0.00,4.21,0.00,0.00,0.00,65.26
07:14:44,5,15.79,0.00,11.58,0.00,0.00,5.26,0.00,0.00,0.00,67.37
07:14:44,6,13.19,0.00,12.09,0.00,0.00,4.40,0.00,0.00,0.00,70.33
07:14:44,7,13.68,0.00,12.63,0.00,0.00,5.26,0.00,0.00,0.00,68.42
07:14:44,12,13.98,0.00,12.90,0.00,0.00,5.38,0.00,0.00,0.00,67.74
07:14:44,13,14.13,0.00,11.96,0.00,0.00,4.35,0.00,0.00,0.00,69.57
07:14:44,14,14.74,0.00,12.63,0.00,0.00,4.21,0.00,0.00,0.00,68.42
07:14:44,15,13.68,0.00,11.58,0.00,0.00,5.26,0.00,0.00,0.00,69.47
07:14:45,4,16.13,0.00,10.75,0.00,0.00,4.30,0.00,0.00,0.00,68.82
07:14:45,5,15.22,0.00,14.13,0.00,0.00,5.43,0.00,0.00,0.00,65.22
07:14:45,6,14.74,0.00,12.63,0.00,0.00,5.26,0.00,0.00,0.00,67.37
07:14:45,7,12.77,0.00,10.64,0.00,0.00,5.32,0.00,0.00,0.00,71.28
07:14:45,12,15.05,0.00,13.98,0.00,0.00,5.38,0.00,0.00,0.00,65.59
07:14:45,13,15.79,0.00,12.63,0.00,0.00,4.21,0.00,0.00,0.00,67.37
07:14:45,14,14.44,0.00,12.22,0.00,0.00,3.33,0.00,0.00,0.00,70.00
07:14:45,15,14.13,0.00,10.87,0.00,0.00,3.26,0.00,0.00,0.00,71.74
07:14:46,4,15.38,0.00,10.99,0.00,0.00,5.49,0.00,0.00,0.00,68.13
07:14:46,5,16.30,0.00,11.96,0.00,0.00,4.35,0.00,0.00,0.00,67.39
07:14:46,6,16.13,0.00,12.90,0.00,0.00,5.38,0.00,0.00,0.00,65.59
07:14:46,7,15.05,0.00,10.75,0.00,0.00,4.30,0.00,0.00,0.00,69.89
07:14:46,12,13.83,0.00,14.89,0.00,0.00,5.32,0.00,0.00,0.00,65.96
07:14:46,13,15.56,0.00,11.11,0.00,0.00,4.44,0.00,0.00,0.00,68.89
07:14:46,14,15.05,0.00,12.90,0.00,0.00,5.38,0.00,0.00,0.00,66.67
07:14:46,15,14.58,0.00,12.50,0.00,0.00,5.21,0.00,0.00,0.00,67.71
07:14:47,4,16.13,0.00,15.05,0.00,0.00,4.30,0.00,0.00,0.00,64.52
07:14:47,5,15.22,0.00,13.04,0.00,0.00,3.26,0.00,0.00,0.00,68.48
07:14:47,6,15.96,0.00,10.64,0.00,0.00,4.26,0.00,0.00,0.00,69.15
07:14:47,7,14.13,0.00,11.96,0.00,0.00,3.26,0.00,0.00,0.00,70.65
07:14:47,12,15.62,0.00,13.54,0.00,0.00,4.17,0.00,0.00,0.00,66.67
07:14:47,13,14.13,0.00,11.96,0.00,0.00,5.43,0.00,0.00,0.00,68.48
07:14:47,14,14.89,0.00,10.64,0.00,0.00,6.38,0.00,0.00,0.00,68.09
07:14:47,15,11.70,0.00,12.77,0.00,0.00,5.32,0.00,0.00,0.00,70.21
07:14:48,4,14.44,0.00,12.22,0.00,0.00,4.44,0.00,0.00,0.00,68.89
07:14:48,5,16.84,0.00,12.63,0.00,0.00,6.32,0.00,0.00,0.00,64.21
07:14:48,6,13.19,0.00,13.19,0.00,0.00,4.40,0.00,0.00,0.00,69.23
07:14:48,7,12.90,0.00,11.83,0.00,0.00,5.38,0.00,0.00,0.00,69.89
07:14:48,12,14.58,0.00,13.54,0.00,0.00,5.21,0.00,0.00,0.00,66.67
07:14:48,13,13.83,0.00,13.83,0.00,0.00,4.26,0.00,0.00,0.00,68.09
07:14:48,14,14.13,0.00,10.87,0.00,0.00,4.35,0.00,0.00,0.00,70.65
07:14:48,15,13.54,0.00,12.50,0.00,0.00,4.17,0.00,0.00,0.00,69.79
07:14:49,4,15.62,0.00,11.46,0.00,0.00,6.25,0.00,0.00,0.00,66.67
07:14:49,5,12.36,0.00,12.36,0.00,0.00,3.37,0.00,0.00,0.00,71.91
07:14:49,6,14.89,0.00,11.70,0.00,0.00,4.26,0.00,0.00,0.00,69.15
07:14:49,7,13.54,0.00,11.46,0.00,0.00,6.25,0.00,0.00,0.00,68.75
07:14:49,12,15.22,0.00,13.04,0.00,0.00,5.43,0.00,0.00,0.00,66.30
07:14:49,13,15.05,0.00,12.90,0.00,0.00,4.30,0.00,0.00,0.00,67.74
07:14:49,14,17.02,0.00,12.77,0.00,0.00,3.19,0.00,0.00,0.00,67.02
07:14:49,15,15.96,0.00,10.64,0.00,0.00,4.26,0.00,0.00,0.00,69.15
07:14:50,4,15.79,0.00,13.68,0.00,0.00,4.21,0.00,0.00,0.00,66.32
07:14:50,5,14.89,0.00,13.83,0.00,0.00,5.32,0.00,0.00,0.00,65.96
07:14:50,6,15.05,0.00,11.83,0.00,0.00,4.30,0.00,0.00,0.00,68.82
07:14:50,7,13.68,0.00,10.53,0.00,0.00,4.21,0.00,0.00,0.00,71.58
07:14:50,12,14.89,0.00,13.83,0.00,0.00,5.32,0.00,0.00,0.00,65.96
07:14:50,13,15.05,0.00,12.90,0.00,0.00,5.38,0.00,0.00,0.00,66.67
07:14:50,14,14.29,0.00,12.09,1.10,0.00,5.49,0.00,0.00,0.00,67.03
07:14:50,15,13.33,0.00,11.11,1.11,0.00,3.33,0.00,0.00,0.00,71.11
07:14:51,4,17.20,0.00,13.98,0.00,0.00,5.38,0.00,0.00,0.00,63.44
07:14:51,5,14.13,0.00,13.04,0.00,0.00,5.43,0.00,0.00,0.00,67.39
07:14:51,6,17.02,0.00,11.70,0.00,0.00,5.32,0.00,0.00,0.00,65.96
07:14:51,7,13.19,0.00,12.09,0.00,0.00,4.40,0.00,0.00,0.00,70.33
07:14:51,12,15.22,0.00,11.96,0.00,0.00,5.43,0.00,0.00,0.00,67.39
07:14:51,13,16.48,0.00,16.48,0.00,0.00,5.49,0.00,0.00,0.00,61.54
07:14:51,14,18.09,0.00,13.83,0.00,0.00,4.26,0.00,0.00,0.00,63.83
07:14:51,15,13.19,0.00,12.09,0.00,0.00,5.49,0.00,0.00,0.00,69.23
07:14:52,4,13.98,0.00,12.90,0.00,0.00,4.30,0.00,0.00,0.00,68.82
07:14:52,5,15.22,0.00,10.87,0.00,0.00,4.35,0.00,0.00,0.00,69.57
07:14:52,6,15.96,0.00,11.70,0.00,0.00,4.26,0.00,0.00,0.00,68.09
07:14:52,7,14.74,0.00,12.63,0.00,0.00,4.21,0.00,0.00,0.00,68.42
07:14:52,12,14.89,0.00,11.70,0.00,0.00,5.32,0.00,0.00,0.00,68.09
07:14:52,13,15.05,0.00,11.83,0.00,0.00,4.30,0.00,0.00,0.00,68.82
07:14:52,14,14.58,0.00,13.54,0.00,0.00,5.21,0.00,0.00,0.00,66.67
07:14:52,15,11.96,0.00,13.04,0.00,0.00,5.43,0.00,0.00,0.00,69.57
07:14:53,4,14.89,0.00,12.77,0.00,0.00,4.26,0.00,0.00,0.00,68.09
07:14:53,5,13.04,0.00,14.13,0.00,0.00,5.43,0.00,0.00,0.00,67.39
07:14:53,6,13.68,0.00,13.68,0.00,0.00,5.26,0.00,0.00,0.00,67.37
07:14:53,7,15.79,0.00,9.47,0.00,0.00,6.32,0.00,0.00,0.00,68.42
07:14:53,12,13.98,0.00,11.83,0.00,0.00,5.38,0.00,0.00,0.00,68.82
07:14:53,13,15.38,0.00,12.09,0.00,0.00,3.30,0.00,0.00,0.00,69.23
07:14:53,14,15.79,0.00,11.58,0.00,0.00,5.26,0.00,0.00,0.00,67.37
07:14:53,15,11.96,0.00,13.04,0.00,0.00,4.35,0.00,0.00,0.00,70.65
07:14:54,4,13.83,0.00,11.70,0.00,0.00,5.32,0.00,0.00,0.00,69.15
07:14:54,5,16.13,0.00,15.05,0.00,0.00,4.30,0.00,0.00,0.00,64.52
07:14:54,6,13.98,0.00,12.90,0.00,0.00,4.30,0.00,0.00,0.00,68.82
07:14:54,7,13.98,0.00,11.83,0.00,0.00,5.38,0.00,0.00,0.00,68.82
07:14:54,12,16.13,0.00,11.83,0.00,0.00,4.30,0.00,0.00,0.00,67.74
07:14:54,13,12.09,0.00,12.09,0.00,0.00,5.49,0.00,0.00,0.00,70.33
07:14:54,14,13.98,0.00,11.83,0.00,0.00,5.38,0.00,0.00,0.00,68.82
07:14:54,15,13.98,0.00,11.83,0.00,0.00,4.30,0.00,0.00,0.00,69.89
07:14:55,4,14.44,0.00,12.22,0.00,0.00,4.44,0.00,0.00,0.00,68.89
07:14:55,5,15.22,0.00,11.96,0.00,0.00,5.43,0.00,0.00,0.00,67.39
07:14:55,6,15.38,0.00,10.99,0.00,0.00,4.40,0.00,0.00,0.00,69.23
07:14:55,7,13.83,0.00,11.70,0.00,0.00,5.32,0.00,0.00,0.00,69.15
07:14:55,12,13.04,0.00,11.96,0.00,0.00,5.43,0.00,0.00,0.00,69.57
07:14:55,13,15.38,0.00,10.99,0.00,0.00,5.49,0.00,0.00,0.00,68.13
07:14:55,14,13.83,0.00,12.77,0.00,0.00,5.32,0.00,0.00,0.00,68.09
07:14:55,15,12.77,0.00,12.77,0.00,0.00,4.26,0.00,0.00,0.00,70.21
07:14:56,4,15.05,0.00,12.90,0.00,0.00,5.38,0.00,0.00,0.00,66.67
07:14:56,5,13.98,0.00,13.98,0.00,0.00,5.38,0.00,0.00,0.00,66.67
07:14:56,6,14.44,0.00,12.22,0.00,0.00,4.44,0.00,0.00,0.00,68.89
07:14:56,7,16.13,0.00,11.83,0.00,0.00,4.30,0.00,0.00,0.00,67.74
07:14:56,12,14.89,0.00,13.83,0.00,0.00,5.32,0.00,0.00,0.00,65.96
07:14:56,13,16.48,0.00,15.38,0.00,0.00,4.40,0.00,0.00,0.00,63.74
07:14:56,14,16.30,0.00,10.87,0.00,0.00,5.43,0.00,0.00,0.00,67.39
07:14:56,15,15.56,0.00,11.11,0.00,0.00,4.44,0.00,0.00,0.00,68.89
07:14:57,4,13.98,0.00,12.90,0.00,0.00,4.30,0.00,0.00,0.00,68.82
07:14:57,5,16.48,0.00,13.19,0.00,0.00,3.30,0.00,0.00,0.00,67.03
07:14:57,6,13.83,0.00,13.83,0.00,0.00,5.32,0.00,0.00,0.00,67.02
07:14:57,7,11.96,0.00,10.87,0.00,0.00,3.26,0.00,0.00,0.00,73.91
07:14:57,12,15.96,0.00,12.77,0.00,0.00,6.38,0.00,0.00,0.00,64.89
07:14:57,13,15.22,0.00,13.04,0.00,0.00,4.35,0.00,0.00,0.00,67.39
07:14:57,14,14.29,0.00,13.19,0.00,0.00,4.40,0.00,0.00,0.00,68.13
07:14:57,15,12.63,0.00,12.63,0.00,0.00,4.21,0.00,0.00,0.00,70.53
07:14:58,4,15.22,0.00,11.96,0.00,0.00,4.35,0.00,0.00,0.00,68.48
07:14:58,5,14.89,0.00,13.83,0.00,0.00,4.26,0.00,0.00,0.00,67.02
07:14:58,6,14.29,0.00,12.09,0.00,0.00,4.40,0.00,0.00,0.00,69.23
07:14:58,7,13.98,0.00,11.83,0.00,0.00,4.30,0.00,0.00,0.00,69.89
07:14:58,12,14.13,0.00,13.04,0.00,0.00,3.26,0.00,0.00,0.00,69.57
07:14:58,13,15.05,0.00,11.83,0.00,0.00,5.38,0.00,0.00,0.00,67.74
07:14:58,14,15.05,0.00,13.98,0.00,0.00,4.30,0.00,0.00,0.00,66.67
07:14:58,15,15.38,0.00,9.89,0.00,0.00,4.40,0.00,0.00,0.00,70.33
07:14:59,4,13.19,0.00,10.99,0.00,0.00,5.49,0.00,0.00,0.00,70.33
07:14:59,5,13.68,0.00,15.79,0.00,0.00,4.21,0.00,0.00,0.00,66.32
07:14:59,6,16.67,0.00,12.50,0.00,0.00,5.21,0.00,0.00,0.00,65.62
07:14:59,7,15.05,0.00,10.75,0.00,0.00,3.23,0.00,0.00,0.00,70.97
07:14:59,12,11.83,0.00,13.98,0.00,0.00,5.38,0.00,0.00,0.00,68.82
07:14:59,13,13.83,0.00,11.70,0.00,0.00,5.32,0.00,0.00,0.00,69.15
07:14:59,14,13.33,0.00,12.22,0.00,0.00,4.44,0.00,0.00,0.00,70.00
07:14:59,15,13.83,0.00,11.70,0.00,0.00,5.32,0.00,0.00,0.00,69.15
07:15:00,4,14.13,0.00,10.87,0.00,0.00,4.35,0.00,0.00,0.00,70.65
07:15:00,5,14.13,0.00,10.87,0.00,0.00,6.52,0.00,0.00,0.00,68.48
07:15:00,6,15.62,0.00,12.50,0.00,0.00,5.21,0.00,0.00,0.00,66.67
07:15:00,7,12.63,0.00,11.58,0.00,0.00,6.32,0.00,0.00,0.00,69.47
07:15:00,12,14.74,0.00,13.68,0.00,0.00,5.26,0.00,0.00,0.00,66.32
07:15:00,13,13.83,0.00,13.83,0.00,0.00,4.26,0.00,0.00,0.00,68.09
07:15:00,14,14.13,0.00,11.96,0.00,0.00,5.43,0.00,0.00,0.00,68.48
07:15:00,15,13.98,0.00,11.83,0.00,0.00,5.38,0.00,0.00,0.00,68.82
07:15:01,4,16.30,0.00,11.96,0.00,0.00,4.35,0.00,0.00,0.00,67.39
07:15:01,5,19.35,0.00,13.98,0.00,0.00,3.23,0.00,0.00,0.00,63.44
07:15:01,6,17.20,0.00,13.98,0.00,0.00,5.38,0.00,0.00,0.00,63.44
07:15:01,7,13.83,0.00,12.77,0.00,0.00,5.32,0.00,0.00,0.00,68.09
07:15:01,12,15.22,0.00,15.22,0.00,0.00,4.35,0.00,0.00,0.00,65.22
07:15:01,13,15.38,0.00,12.09,0.00,0.00,5.49,0.00,0.00,0.00,67.03
07:15:01,14,15.05,0.00,12.90,0.00,0.00,5.38,0.00,0.00,0.00,66.67
07:15:01,15,12.90,0.00,11.83,0.00,0.00,5.38,0.00,0.00,0.00,69.89
07:15:02,4,16.13,0.00,11.83,0.00,0.00,6.45,0.00,0.00,0.00,65.59
07:15:02,5,16.30,0.00,11.96,0.00,0.00,5.43,0.00,0.00,0.00,66.30
07:15:02,6,12.90,0.00,15.05,0.00,0.00,3.23,0.00,0.00,0.00,68.82
07:15:02,7,11.83,0.00,11.83,0.00,0.00,3.23,0.00,0.00,0.00,73.12
07:15:02,12,15.79,0.00,13.68,0.00,0.00,4.21,0.00,0.00,0.00,66.32
07:15:02,13,15.38,0.00,12.09,0.00,0.00,5.49,0.00,0.00,0.00,67.03
07:15:02,14,15.96,0.00,12.77,0.00,0.00,5.32,0.00,0.00,0.00,65.96
07:15:02,15,11.96,0.00,11.96,0.00,0.00,4.35,0.00,0.00,0.00,71.74
07:15:03,4,15.38,0.00,12.09,0.00,0.00,5.49,0.00,0.00,0.00,67.03
07:15:03,5,14.77,0.00,10.23,0.00,0.00,3.41,0.00,0.00,0.00,71.59
07:15:03,6,13.98,0.00,12.90,0.00,0.00,5.38,0.00,0.00,0.00,67.74
07:15:03,7,10.75,0.00,12.90,0.00,0.00,4.30,0.00,0.00,0.00,72.04
07:15:03,12,13.19,0.00,12.09,0.00,0.00,4.40,0.00,0.00,0.00,70.33
07:15:03,13,16.84,0.00,13.68,0.00,0.00,3.16,0.00,0.00,0.00,66.32
07:15:03,14,13.98,0.00,11.83,0.00,0.00,5.38,0.00,0.00,0.00,68.82
07:15:03,15,13.83,0.00,10.64,0.00,0.00,6.38,0.00,0.00,0.00,69.15
07:15:04,4,15.22,0.00,11.96,0.00,0.00,4.35,0.00,0.00,0.00,68.48
07:15:04,5,16.67,0.00,13.54,0.00,0.00,5.21,0.00,0.00,0.00,64.58
07:15:04,6,15.62,0.00,11.46,0.00,0.00,5.21,0.00,0.00,0.00,67.71
07:15:04,7,13.04,0.00,9.78,0.00,0.00,4.35,0.00,0.00,0.00,72.83
07:15:04,12,15.38,0.00,13.19,0.00,0.00,4.40,0.00,0.00,0.00,67.03
07:15:04,13,16.13,0.00,10.75,0.00,0.00,5.38,0.00,0.00,0.00,67.74
07:15:04,14,13.98,0.00,12.90,0.00,0.00,5.38,0.00,0.00,0.00,67.74
07:15:04,15,12.90,0.00,10.75,0.00,0.00,4.30,0.00,0.00,0.00,72.04
07:15:05,4,13.68,0.00,12.63,0.00,0.00,5.26,0.00,0.00,0.00,68.42
07:15:05,5,12.36,0.00,12.36,0.00,0.00,4.49,0.00,0.00,0.00,70.79
07:15:05,6,13.68,0.00,13.68,0.00,0.00,5.26,0.00,0.00,0.00,67.37
07:15:05,7,13.54,0.00,13.54,0.00,0.00,5.21,0.00,0.00,0.00,67.71
07:15:05,12,15.05,0.00,12.90,0.00,0.00,3.23,0.00,0.00,0.00,68.82
07:15:05,13,15.79,0.00,13.68,0.00,0.00,4.21,0.00,0.00,0.00,66.32
07:15:05,14,12.90,0.00,12.90,0.00,0.00,4.30,0.00,0.00,0.00,69.89
07:15:05,15,15.05,0.00,11.83,0.00,0.00,4.30,0.00,0.00,0.00,68.82
07:15:06,4,17.02,0.00,11.70,0.00,0.00,5.32,0.00,0.00,0.00,65.96
07:15:06,5,17.89,0.00,13.68,0.00,0.00,5.26,0.00,0.00,0.00,63.16
07:15:06,6,15.22,0.00,13.04,0.00,0.00,4.35,0.00,0.00,0.00,67.39
07:15:06,7,14.89,0.00,11.70,0.00,0.00,5.32,0.00,0.00,0.00,68.09
07:15:06,12,15.05,0.00,12.90,0.00,0.00,5.38,0.00,0.00,0.00,66.67
07:15:06,13,18.68,0.00,13.19,0.00,0.00,4.40,0.00,0.00,0.00,63.74
07:15:06,14,14.29,0.00,13.19,0.00,0.00,5.49,0.00,0.00,0.00,67.03
07:15:06,15,15.79,0.00,12.63,0.00,0.00,4.21,0.00,0.00,0.00,67.37
07:15:07,4,13.04,0.00,11.96,0.00,0.00,6.52,0.00,0.00,0.00,68.48
07:15:07,5,14.44,0.00,11.11,0.00,0.00,4.44,0.00,0.00,0.00,70.00
07:15:07,6,13.68,0.00,12.63,0.00,0.00,5.26,0.00,0.00,0.00,68.42
07:15:07,7,11.83,0.00,12.90,0.00,0.00,5.38,0.00,0.00,0.00,69.89
07:15:07,12,15.46,0.00,15.46,0.00,0.00,6.19,0.00,0.00,0.00,62.89
07:15:07,13,12.22,0.00,12.22,0.00,0.00,4.44,0.00,0.00,0.00,71.11
07:15:07,14,13.83,0.00,13.83,0.00,0.00,3.19,0.00,0.00,0.00,69.15
07:15:07,15,13.98,0.00,12.90,0.00,0.00,4.30,0.00,0.00,0.00,68.82
07:15:08,4,16.84,0.00,11.58,0.00,0.00,5.26,0.00,0.00,0.00,66.32
07:15:08,5,17.02,0.00,12.77,0.00,0.00,3.19,0.00,0.00,0.00,67.02
07:15:08,6,15.22,0.00,11.96,0.00,0.00,4.35,0.00,0.00,0.00,68.48
07:15:08,7,13.98,0.00,10.75,0.00,0.00,5.38,0.00,0.00,0.00,69.89
07:15:08,12,15.05,0.00,11.83,0.00,0.00,5.38,0.00,0.00,0.00,67.74
07:15:08,13,16.67,0.00,12.50,0.00,0.00,4.17,0.00,0.00,0.00,66.67
07:15:08,14,14.44,0.00,12.22,0.00,0.00,4.44,0.00,0.00,0.00,68.89
07:15:08,15,15.22,0.00,11.96,0.00,0.00,3.26,0.00,0.00,0.00,69.57
07:15:09,4,17.02,0.00,10.64,0.00,0.00,4.26,0.00,0.00,0.00,68.09
07:15:09,5,15.96,0.00,14.89,0.00,0.00,5.32,0.00,0.00,0.00,63.83
07:15:09,6,12.90,0.00,12.90,0.00,0.00,4.30,0.00,0.00,0.00,69.89
07:15:09,7,13.68,0.00,13.68,0.00,0.00,4.21,0.00,0.00,0.00,68.42
07:15:09,12,13.33,0.00,13.33,0.00,0.00,3.33,0.00,0.00,0.00,70.00
07:15:09,13,16.13,0.00,10.75,0.00,0.00,5.38,0.00,0.00,0.00,67.74
07:15:09,14,15.96,0.00,11.70,0.00,0.00,5.32,0.00,0.00,0.00,67.02
07:15:09,15,14.13,0.00,9.78,0.00,0.00,4.35,0.00,0.00,0.00,71.74
07:15:10,4,14.29,0.00,10.99,0.00,0.00,5.49,0.00,0.00,0.00,69.23
07:15:10,5,15.79,0.00,11.58,0.00,0.00,5.26,0.00,0.00,0.00,67.37
07:15:10,6,16.30,0.00,11.96,0.00,0.00,4.35,0.00,0.00,0.00,67.39
07:15:10,7,11.83,0.00,11.83,0.00,0.00,5.38,0.00,0.00,0.00,70.97
07:15:10,12,13.83,0.00,12.77,0.00,0.00,6.38,0.00,0.00,0.00,67.02
07:15:10,13,16.13,0.00,11.83,0.00,0.00,4.30,0.00,0.00,0.00,67.74
07:15:10,14,14.13,0.00,11.96,0.00,0.00,4.35,0.00,0.00,0.00,69.57
07:15:10,15,13.83,0.00,11.70,0.00,0.00,5.32,0.00,0.00,0.00,69.15
07:15:11,4,14.89,0.00,13.83,2.13,0.00,4.26,0.00,0.00,0.00,64.89
07:15:11,5,16.85,0.00,12.36,0.00,0.00,4.49,0.00,0.00,0.00,66.29
07:15:11,6,15.96,0.00,13.83,0.00,0.00,5.32,0.00,0.00,0.00,64.89
07:15:11,7,15.22,0.00,13.04,0.00,0.00,3.26,0.00,0.00,0.00,68.48
07:15:11,12,14.89,0.00,13.83,0.00,0.00,5.32,0.00,0.00,0.00,65.96
07:15:11,13,14.89,0.00,13.83,0.00,0.00,5.32,0.00,0.00,0.00,65.96
07:15:11,14,16.13,0.00,15.05,0.00,0.00,4.30,0.00,0.00,0.00,64.52
07:15:11,15,17.20,0.00,8.60,0.00,0.00,5.38,0.00,0.00,0.00,68.82
07:15:12,4,14.89,0.00,17.02,0.00,0.00,4.26,0.00,0.00,0.00,63.83
07:15:12,5,13.98,0.00,13.98,0.00,0.00,5.38,0.00,0.00,0.00,66.67
07:15:12,6,13.83,0.00,13.83,0.00,0.00,4.26,0.00,0.00,0.00,68.09
07:15:12,7,12.90,0.00,10.75,0.00,0.00,5.38,0.00,0.00,0.00,70.97
07:15:12,12,14.89,0.00,12.77,0.00,0.00,5.32,0.00,0.00,0.00,67.02
07:15:12,13,14.89,0.00,11.70,0.00,0.00,5.32,0.00,0.00,0.00,68.09
07:15:12,14,13.33,0.00,12.22,0.00,0.00,5.56,0.00,0.00,0.00,68.89
07:15:12,15,13.19,0.00,12.09,0.00,0.00,3.30,0.00,0.00,0.00,71.43
07:15:13,4,17.02,0.00,12.77,0.00,0.00,5.32,0.00,0.00,0.00,64.89
07:15:13,5,15.05,0.00,11.83,0.00,0.00,5.38,0.00,0.00,0.00,67.74
07:15:13,6,15.38,0.00,12.09,0.00,0.00,3.30,0.00,0.00,0.00,69.23
07:15:13,7,15.05,0.00,11.83,0.00,0.00,3.23,0.00,0.00,0.00,69.89
07:15:13,12,13.98,0.00,13.98,0.00,0.00,4.30,0.00,0.00,0.00,67.74
07:15:13,13,17.20,0.00,10.75,0.00,0.00,4.30,0.00,0.00,0.00,67.74
07:15:13,14,12.77,0.00,12.77,0.00,0.00,5.32,0.00,0.00,0.00,69.15
07:15:13,15,11.70,0.00,12.77,0.00,0.00,5.32,0.00,0.00,0.00,70.21
07:15:14,4,14.44,0.00,10.00,0.00,0.00,5.56,0.00,0.00,0.00,70.00
07:15:14,5,16.30,0.00,15.22,0.00,0.00,4.35,0.00,0.00,0.00,64.13
07:15:14,6,12.90,0.00,12.90,0.00,0.00,5.38,0.00,0.00,0.00,68.82
07:15:14,7,11.96,0.00,11.96,0.00,0.00,5.43,0.00,0.00,0.00,70.65
07:15:14,12,13.04,0.00,11.96,0.00,0.00,5.43,0.00,0.00,0.00,69.57
07:15:14,13,13.64,0.00,11.36,0.00,0.00,4.55,0.00,0.00,0.00,70.45
07:15:14,14,15.05,0.00,11.83,0.00,0.00,5.38,0.00,0.00,0.00,67.74
07:15:14,15,13.04,0.00,11.96,0.00,0.00,3.26,0.00,0.00,0.00,71.74
07:15:15,4,14.89,0.00,11.70,0.00,0.00,4.26,0.00,0.00,0.00,69.15
07:15:15,5,12.90,0.00,13.98,0.00,0.00,5.38,0.00,0.00,0.00,67.74
07:15:15,6,14.89,0.00,10.64,0.00,0.00,5.32,0.00,0.00,0.00,69.15
07:15:15,7,13.68,0.00,10.53,0.00,0.00,5.26,0.00,0.00,0.00,70.53
07:15:15,12,12.36,0.00,13.48,0.00,0.00,4.49,0.00,0.00,0.00,69.66
07:15:15,13,14.13,0.00,11.96,0.00,0.00,4.35,0.00,0.00,0.00,69.57
07:15:15,14,13.83,0.00,12.77,0.00,0.00,5.32,0.00,0.00,0.00,68.09
07:15:15,15,15.38,0.00,9.89,0.00,0.00,4.40,0.00,0.00,0.00,70.33
07:15:16,4,17.78,0.00,14.44,0.00,0.00,4.44,0.00,0.00,0.00,63.33
07:15:16,5,15.22,0.00,14.13,0.00,0.00,4.35,0.00,0.00,0.00,66.30
07:15:16,6,15.96,0.00,13.83,1.06,0.00,4.26,0.00,0.00,0.00,64.89
07:15:16,7,17.58,0.00,10.99,0.00,0.00,3.30,0.00,0.00,0.00,68.13
07:15:16,12,18.56,0.00,13.40,0.00,0.00,6.19,0.00,0.00,0.00,61.86
07:15:16,13,15.22,0.00,13.04,0.00,0.00,5.43,0.00,0.00,0.00,66.30
07:15:16,14,14.89,0.00,13.83,0.00,0.00,5.32,0.00,0.00,0.00,65.96
07:15:16,15,12.09,0.00,13.19,0.00,0.00,4.40,0.00,0.00,0.00,70.33
07:15:17,4,14.13,0.00,11.96,0.00,0.00,5.43,0.00,0.00,0.00,68.48
07:15:17,5,13.98,0.00,12.90,0.00,0.00,4.30,0.00,0.00,0.00,68.82
07:15:17,6,12.09,0.00,14.29,0.00,0.00,5.49,0.00,0.00,0.00,68.13
07:15:17,7,13.98,0.00,12.90,0.00,0.00,3.23,0.00,0.00,0.00,69.89
07:15:17,12,15.96,0.00,12.77,0.00,0.00,4.26,0.00,0.00,0.00,67.02
07:15:17,13,13.68,0.00,15.79,0.00,0.00,5.26,0.00,0.00,0.00,65.26
07:15:17,14,14.13,0.00,11.96,0.00,0.00,5.43,0.00,0.00,0.00,68.48
07:15:17,15,14.89,0.00,11.70,0.00,0.00,4.26,0.00,0.00,0.00,69.15
07:15:18,4,14.29,0.00,13.19,0.00,0.00,4.40,0.00,0.00,0.00,68.13
07:15:18,5,14.89,0.00,11.70,0.00,0.00,6.38,0.00,0.00,0.00,67.02
07:15:18,6,14.13,0.00,10.87,0.00,0.00,6.52,0.00,0.00,0.00,68.48
07:15:18,7,13.04,0.00,10.87,0.00,0.00,5.43,0.00,0.00,0.00,70.65
07:15:18,12,14.13,0.00,11.96,0.00,0.00,4.35,0.00,0.00,0.00,69.57
07:15:18,13,14.13,0.00,13.04,0.00,0.00,4.35,0.00,0.00,0.00,68.48
07:15:18,14,14.13,0.00,11.96,0.00,0.00,4.35,0.00,0.00,0.00,69.57
07:15:18,15,14.13,0.00,10.87,0.00,0.00,3.26,0.00,0.00,0.00,71.74
07:15:19,4,13.98,0.00,12.90,0.00,0.00,6.45,0.00,0.00,0.00,66.67
07:15:19,5,13.33,0.00,11.11,0.00,0.00,4.44,0.00,0.00,0.00,71.11
07:15:19,6,13.04,0.00,13.04,0.00,0.00,3.26,0.00,0.00,0.00,70.65
07:15:19,7,12.63,0.00,11.58,0.00,0.00,3.16,0.00,0.00,0.00,72.63
07:15:19,12,13.83,0.00,13.83,0.00,0.00,5.32,0.00,0.00,0.00,67.02
07:15:19,13,16.30,0.00,13.04,0.00,0.00,4.35,0.00,0.00,0.00,66.30
07:15:19,14,13.19,0.00,13.19,0.00,0.00,5.49,0.00,0.00,0.00,68.13
07:15:19,15,11.96,0.00,10.87,0.00,0.00,4.35,0.00,0.00,0.00,72.83
07:15:20,4,13.68,0.00,12.63,0.00,0.00,6.32,0.00,0.00,0.00,67.37
07:15:20,5,14.29,0.00,12.09,0.00,0.00,6.59,0.00,0.00,0.00,67.03
07:15:20,6,13.68,0.00,13.68,0.00,0.00,4.21,0.00,0.00,0.00,68.42
07:15:20,7,12.77,0.00,11.70,0.00,0.00,5.32,0.00,0.00,0.00,70.21
07:15:20,12,15.96,0.00,13.83,0.00,0.00,5.32,0.00,0.00,0.00,64.89
07:15:20,13,12.90,0.00,15.05,0.00,0.00,5.38,0.00,0.00,0.00,66.67
07:15:20,14,14.89,0.00,10.64,0.00,0.00,6.38,0.00,0.00,0.00,68.09
07:15:20,15,13.83,0.00,11.70,0.00,0.00,4.26,0.00,0.00,0.00,70.21
07:15:21,4,18.68,0.00,13.19,1.10,0.00,3.30,0.00,0.00,0.00,63.74
07:15:21,5,15.05,0.00,13.98,0.00,0.00,5.38,0.00,0.00,0.00,65.59
07:15:21,6,18.48,0.00,11.96,0.00,0.00,4.35,0.00,0.00,0.00,65.22
07:15:21,7,14.13,0.00,10.87,0.00,0.00,3.26,0.00,0.00,0.00,71.74
07:15:21,12,17.89,0.00,12.63,0.00,0.00,5.26,0.00,0.00,0.00,64.21
07:15:21,13,17.02,0.00,12.77,0.00,0.00,5.32,0.00,0.00,0.00,64.89
07:15:21,14,17.39,0.00,13.04,0.00,0.00,4.35,0.00,0.00,0.00,65.22
07:15:21,15,13.83,0.00,12.77,0.00,0.00,3.19,0.00,0.00,0.00,70.21
07:15:22,4,14.13,0.00,13.04,0.00,0.00,4.35,0.00,0.00,0.00,68.48
07:15:22,5,14.29,0.00,12.09,0.00,0.00,4.40,0.00,0.00,0.00,69.23
07:15:22,6,14.74,0.00,12.63,0.00,0.00,4.21,0.00,0.00,0.00,68.42
07:15:22,7,12.77,0.00,11.70,0.00,0.00,6.38,0.00,0.00,0.00,69.15
07:15:22,12,15.22,0.00,11.96,0.00,0.00,3.26,0.00,0.00,0.00,69.57
07:15:22,13,13.04,0.00,13.04,0.00,0.00,4.35,0.00,0.00,0.00,69.57
07:15:22,14,12.09,0.00,12.09,0.00,0.00,4.40,0.00,0.00,0.00,71.43
07:15:22,15,14.89,0.00,12.77,0.00,0.00,4.26,0.00,0.00,0.00,68.09
07:15:23,4,15.96,0.00,10.64,0.00,0.00,5.32,0.00,0.00,0.00,68.09
07:15:23,5,13.19,0.00,13.19,0.00,0.00,4.40,0.00,0.00,0.00,69.23
07:15:23,6,15.56,0.00,12.22,0.00,0.00,3.33,0.00,0.00,0.00,68.89
07:15:23,7,13.83,0.00,13.83,0.00,0.00,3.19,0.00,0.00,0.00,69.15
07:15:23,12,14.74,0.00,12.63,0.00,0.00,5.26,0.00,0.00,0.00,67.37
07:15:23,13,16.13,0.00,12.90,0.00,0.00,5.38,0.00,0.00,0.00,65.59
07:15:23,14,15.38,0.00,10.99,0.00,0.00,4.40,0.00,0.00,0.00,69.23
07:15:23,15,12.36,0.00,11.24,0.00,0.00,3.37,0.00,0.00,0.00,73.03
07:15:24,4,15.79,0.00,13.68,0.00,0.00,3.16,0.00,0.00,0.00,67.37
07:15:24,5,15.79,0.00,12.63,0.00,0.00,4.21,0.00,0.00,0.00,67.37
07:15:24,6,15.96,0.00,11.70,0.00,0.00,4.26,0.00,0.00,0.00,68.09
07:15:24,7,11.70,0.00,12.77,0.00,0.00,5.32,0.00,0.00,0.00,70.21
07:15:24,12,14.89,0.00,10.64,0.00,0.00,5.32,0.00,0.00,0.00,69.15
07:15:24,13,15.22,0.00,15.22,0.00,0.00,4.35,0.00,0.00,0.00,65.22
07:15:24,14,15.79,0.00,13.68,0.00,0.00,4.21,0.00,0.00,0.00,66.32
07:15:24,15,15.96,0.00,11.70,0.00,0.00,4.26,0.00,0.00,0.00,68.09
07:15:25,4,14.13,0.00,16.30,0.00,0.00,4.35,0.00,0.00,0.00,65.22
07:15:25,5,16.13,0.00,11.83,0.00,0.00,4.30,0.00,0.00,0.00,67.74
07:15:25,6,13.83,0.00,13.83,0.00,0.00,5.32,0.00,0.00,0.00,67.02
07:15:25,7,13.68,0.00,12.63,0.00,0.00,5.26,0.00,0.00,0.00,68.42
07:15:25,12,13.33,0.00,12.22,0.00,0.00,4.44,0.00,0.00,0.00,70.00
07:15:25,13,14.13,0.00,15.22,0.00,0.00,5.43,0.00,0.00,0.00,65.22
07:15:25,14,15.05,0.00,11.83,0.00,0.00,5.38,0.00,0.00,0.00,67.74
07:15:25,15,11.83,0.00,12.90,0.00,0.00,5.38,0.00,0.00,0.00,69.89
07:15:26,4,15.96,0.00,14.89,0.00,0.00,5.32,0.00,0.00,0.00,63.83
07:15:26,5,15.05,0.00,15.05,0.00,0.00,3.23,0.00,0.00,0.00,66.67
07:15:26,6,14.61,0.00,11.24,0.00,0.00,3.37,0.00,0.00,0.00,70.79
07:15:26,7,15.46,0.00,14.43,0.00,0.00,4.12,0.00,0.00,0.00,65.98
07:15:26,12,17.02,0.00,14.89,0.00,0.00,4.26,0.00,0.00,0.00,63.83
07:15:26,13,19.57,0.00,13.04,0.00,0.00,4.35,0.00,0.00,0.00,63.04
07:15:26,14,14.89,0.00,13.83,0.00,0.00,4.26,0.00,0.00,0.00,67.02
07:15:26,15,14.74,0.00,12.63,0.00,0.00,5.26,0.00,0.00,0.00,67.37
07:15:27,4,15.38,0.00,10.99,0.00,0.00,5.49,0.00,0.00,0.00,68.13
07:15:27,5,16.30,0.00,10.87,0.00,0.00,5.43,0.00,0.00,0.00,67.39
07:15:27,6,14.89,0.00,10.64,0.00,0.00,6.38,0.00,0.00,0.00,68.09
07:15:27,7,11.83,0.00,11.83,0.00,0.00,4.30,0.00,0.00,0.00,72.04
07:15:27,12,13.83,0.00,12.77,0.00,0.00,5.32,0.00,0.00,0.00,68.09
07:15:27,13,16.67,0.00,12.22,0.00,0.00,3.33,0.00,0.00,0.00,67.78
07:15:27,14,15.56,0.00,12.22,0.00,0.00,4.44,0.00,0.00,0.00,67.78
07:15:27,15,14.74,0.00,11.58,0.00,0.00,5.26,0.00,0.00,0.00,68.42
07:15:28,4,14.74,0.00,14.74,0.00,0.00,4.21,0.00,0.00,0.00,66.32
07:15:28,5,15.79,0.00,12.63,0.00,0.00,4.21,0.00,0.00,0.00,67.37
07:15:28,6,14.89,0.00,11.70,0.00,0.00,5.32,0.00,0.00,0.00,68.09
07:15:28,7,14.89,0.00,10.64,0.00,0.00,5.32,0.00,0.00,0.00,69.15
07:15:28,12,14.61,0.00,14.61,0.00,0.00,3.37,0.00,0.00,0.00,67.42
07:15:28,13,15.79,0.00,13.68,0.00,0.00,5.26,0.00,0.00,0.00,65.26
07:15:28,14,13.04,0.00,14.13,0.00,0.00,4.35,0.00,0.00,0.00,68.48
07:15:28,15,12.90,0.00,13.98,0.00,0.00,4.30,0.00,0.00,0.00,68.82
07:15:29,4,14.89,0.00,11.70,0.00,0.00,5.32,0.00,0.00,0.00,68.09
07:15:29,5,13.83,0.00,13.83,0.00,0.00,5.32,0.00,0.00,0.00,67.02
07:15:29,6,16.13,0.00,11.83,0.00,0.00,3.23,0.00,0.00,0.00,68.82
07:15:29,7,14.89,0.00,10.64,0.00,0.00,5.32,0.00,0.00,0.00,69.15
07:15:29,12,15.62,0.00,11.46,0.00,0.00,6.25,0.00,0.00,0.00,66.67
07:15:29,13,14.89,0.00,11.70,0.00,0.00,4.26,0.00,0.00,0.00,69.15
07:15:29,14,13.98,0.00,11.83,0.00,0.00,4.30,0.00,0.00,0.00,69.89
07:15:29,15,14.13,0.00,11.96,0.00,0.00,4.35,0.00,0.00,0.00,69.57
07:15:30,4,15.05,0.00,13.98,0.00,0.00,4.30,0.00,0.00,0.00,66.67
07:15:30,5,13.98,0.00,17.20,0.00,0.00,3.23,0.00,0.00,0.00,65.59
07:15:30,6,14.89,0.00,10.64,0.00,0.00,5.32,0.00,0.00,0.00,69.15
07:15:30,7,11.96,0.00,8.70,0.00,0.00,5.43,0.00,0.00,0.00,73.91
07:15:30,12,13.48,0.00,11.24,0.00,0.00,5.62,0.00,0.00,0.00,69.66
07:15:30,13,15.22,0.00,14.13,0.00,0.00,5.43,0.00,0.00,0.00,65.22
07:15:30,14,13.04,0.00,13.04,0.00,0.00,4.35,0.00,0.00,0.00,69.57
07:15:30,15,11.83,0.00,11.83,0.00,0.00,4.30,0.00,0.00,0.00,72.04
07:15:31,4,14.13,0.00,13.04,0.00,0.00,4.35,0.00,0.00,0.00,68.48
07:15:31,5,15.22,0.00,10.87,0.00,0.00,6.52,0.00,0.00,0.00,67.39
07:15:31,6,13.98,0.00,11.83,0.00,0.00,4.30,0.00,0.00,0.00,69.89
07:15:31,7,14.89,0.00,12.77,0.00,0.00,4.26,0.00,0.00,0.00,68.09
07:15:31,12,14.89,0.00,18.09,0.00,0.00,3.19,0.00,0.00,0.00,63.83
07:15:31,13,15.05,0.00,11.83,0.00,0.00,5.38,0.00,0.00,0.00,67.74
07:15:31,14,13.83,0.00,12.77,0.00,0.00,6.38,0.00,0.00,0.00,67.02
07:15:31,15,14.13,0.00,11.96,0.00,0.00,4.35,0.00,0.00,0.00,69.57
07:15:32,4,17.39,0.00,13.04,0.00,0.00,4.35,0.00,0.00,0.00,65.22
07:15:32,5,16.30,0.00,11.96,0.00,0.00,4.35,0.00,0.00,0.00,67.39
07:15:32,6,15.05,0.00,12.90,0.00,0.00,5.38,0.00,0.00,0.00,66.67
07:15:32,7,13.83,0.00,12.77,0.00,0.00,5.32,0.00,0.00,0.00,68.09
07:15:32,12,14.74,0.00,12.63,0.00,0.00,5.26,0.00,0.00,0.00,67.37
07:15:32,13,15.96,0.00,15.96,0.00,0.00,4.26,0.00,0.00,0.00,63.83
07:15:32,14,15.22,0.00,13.04,0.00,0.00,5.43,0.00,0.00,0.00,66.30
07:15:32,15,15.38,0.00,12.09,0.00,0.00,3.30,0.00,0.00,0.00,69.23
07:15:33,4,13.68,0.00,12.63,0.00,0.00,6.32,0.00,0.00,0.00,67.37
07:15:33,5,15.96,0.00,10.64,0.00,0.00,5.32,0.00,0.00,0.00,68.09
07:15:33,6,13.04,0.00,13.04,0.00,0.00,4.35,0.00,0.00,0.00,69.57
07:15:33,7,14.13,0.00,10.87,0.00,0.00,4.35,0.00,0.00,0.00,70.65
07:15:33,12,14.74,0.00,14.74,0.00,0.00,5.26,0.00,0.00,0.00,65.26
07:15:33,13,15.38,0.00,12.09,0.00,0.00,4.40,0.00,0.00,0.00,68.13
07:15:33,14,13.04,0.00,13.04,0.00,0.00,4.35,0.00,0.00,0.00,69.57
07:15:33,15,14.89,0.00,11.70,0.00,0.00,4.26,0.00,0.00,0.00,69.15
07:15:34,4,15.96,0.00,13.83,0.00,0.00,5.32,0.00,0.00,0.00,64.89
07:15:34,5,13.04,0.00,15.22,0.00,0.00,3.26,0.00,0.00,0.00,68.48
07:15:34,6,15.79,0.00,11.58,0.00,0.00,4.21,0.00,0.00,0.00,68.42
07:15:34,7,14.74,0.00,11.58,0.00,0.00,4.21,0.00,0.00,0.00,69.47
07:15:34,12,14.74,0.00,14.74,0.00,0.00,4.21,0.00,0.00,0.00,66.32
07:15:34,13,15.96,0.00,14.89,0.00,0.00,6.38,0.00,0.00,0.00,62.77
07:15:34,14,15.22,0.00,10.87,0.00,0.00,4.35,0.00,0.00,0.00,69.57
07:15:34,15,13.98,0.00,11.83,0.00,0.00,4.30,0.00,0.00,0.00,69.89
07:15:35,4,14.29,0.00,12.09,0.00,0.00,5.49,0.00,0.00,0.00,68.13
07:15:35,5,16.13,0.00,11.83,0.00,0.00,4.30,0.00,0.00,0.00,67.74
07:15:35,6,14.89,0.00,13.83,0.00,0.00,4.26,0.00,0.00,0.00,67.02
07:15:35,7,10.53,0.00,11.58,0.00,0.00,5.26,0.00,0.00,0.00,72.63
07:15:35,12,14.29,0.00,14.29,0.00,0.00,4.40,0.00,0.00,0.00,67.03
07:15:35,13,14.29,0.00,12.09,0.00,0.00,5.49,0.00,0.00,0.00,68.13
07:15:35,14,13.19,0.00,13.19,0.00,0.00,5.49,0.00,0.00,0.00,68.13
07:15:35,15,11.83,0.00,11.83,0.00,0.00,5.38,0.00,0.00,0.00,70.97
07:15:36,4,15.05,0.00,13.98,1.08,0.00,5.38,0.00,0.00,0.00,64.52
07:15:36,5,15.22,0.00,11.96,0.00,0.00,5.43,0.00,0.00,0.00,67.39
07:15:36,6,13.68,0.00,12.63,0.00,0.00,6.32,0.00,0.00,0.00,67.37
07:15:36,7,12.77,0.00,11.70,1.06,0.00,4.26,0.00,0.00,0.00,70.21
07:15:36,12,15.96,0.00,14.89,0.00,0.00,4.26,0.00,0.00,0.00,64.89
07:15:36,13,16.13,0.00,11.83,1.08,0.00,5.38,0.00,0.00,0.00,65.59
07:15:36,14,16.13,0.00,10.75,0.00,0.00,6.45,0.00,0.00,0.00,66.67
07:15:36,15,13.04,0.00,10.87,0.00,0.00,3.26,0.00,0.00,0.00,72.83
07:15:37,4,19.79,0.00,13.54,0.00,0.00,5.21,0.00,0.00,0.00,61.46
07:15:37,5,14.29,0.00,12.09,0.00,0.00,4.40,0.00,0.00,0.00,69.23
07:15:37,6,15.05,0.00,12.90,0.00,0.00,4.30,0.00,0.00,0.00,67.74
07:15:37,7,14.89,0.00,11.70,0.00,0.00,4.26,0.00,0.00,0.00,69.15
07:15:37,12,12.77,0.00,13.83,0.00,0.00,5.32,0.00,0.00,0.00,68.09
07:15:37,13,17.78,0.00,13.33,0.00,0.00,4.44,0.00,0.00,0.00,64.44
07:15:37,14,17.39,0.00,13.04,0.00,0.00,3.26,0.00,0.00,0.00,66.30
07:15:37,15,14.44,0.00,11.11,0.00,0.00,4.44,0.00,0.00,0.00,70.00
07:15:38,4,11.11,0.00,12.22,0.00,0.00,4.44,0.00,0.00,0.00,72.22
07:15:38,5,13.04,0.00,11.96,0.00,0.00,5.43,0.00,0.00,0.00,69.57
07:15:38,6,14.89,0.00,11.70,0.00,0.00,5.32,0.00,0.00,0.00,68.09
07:15:38,7,13.54,0.00,11.46,0.00,0.00,5.21,0.00,0.00,0.00,69.79
07:15:38,12,14.89,0.00,13.83,0.00,0.00,5.32,0.00,0.00,0.00,65.96
07:15:38,13,13.48,0.00,12.36,0.00,0.00,4.49,0.00,0.00,0.00,69.66
07:15:38,14,13.98,0.00,12.90,0.00,0.00,4.30,0.00,0.00,0.00,68.82
07:15:38,15,13.98,0.00,11.83,0.00,0.00,4.30,0.00,0.00,0.00,69.89
07:15:39,4,15.22,0.00,13.04,0.00,0.00,5.43,0.00,0.00,0.00,66.30
07:15:39,5,13.98,0.00,11.83,0.00,0.00,5.38,0.00,0.00,0.00,68.82
07:15:39,6,13.83,0.00,11.70,0.00,0.00,5.32,0.00,0.00,0.00,69.15
07:15:39,7,13.19,0.00,9.89,0.00,0.00,3.30,0.00,0.00,0.00,73.63
07:15:39,12,13.04,0.00,14.13,0.00,0.00,4.35,0.00,0.00,0.00,68.48
07:15:39,13,13.83,0.00,13.83,0.00,0.00,4.26,0.00,0.00,0.00,68.09
07:15:39,14,15.05,0.00,10.75,0.00,0.00,6.45,0.00,0.00,0.00,67.74
07:15:39,15,11.83,0.00,11.83,0.00,0.00,3.23,0.00,0.00,0.00,73.12
07:15:40,4,13.19,0.00,10.99,0.00,0.00,4.40,0.00,0.00,0.00,71.43
07:15:40,5,14.13,0.00,15.22,0.00,0.00,4.35,0.00,0.00,0.00,66.30
07:15:40,6,15.05,0.00,11.83,0.00,0.00,3.23,0.00,0.00,0.00,69.89
07:15:40,7,12.37,0.00,11.34,0.00,0.00,5.15,0.00,0.00,0.00,71.13
07:15:40,12,13.19,0.00,9.89,0.00,0.00,5.49,0.00,0.00,0.00,71.43
07:15:40,13,15.22,0.00,13.04,0.00,0.00,4.35,0.00,0.00,0.00,67.39
07:15:40,14,15.05,0.00,12.90,0.00,0.00,4.30,0.00,0.00,0.00,67.74
07:15:40,15,12.90,0.00,10.75,0.00,0.00,4.30,0.00,0.00,0.00,72.04
07:15:41,4,16.13,0.00,11.83,0.00,0.00,4.30,0.00,0.00,0.00,67.74
07:15:41,5,14.61,0.00,13.48,1.12,0.00,2.25,0.00,0.00,0.00,68.54
07:15:41,6,15.73,0.00,11.24,0.00,0.00,4.49,0.00,0.00,0.00,68.54
07:15:41,7,17.89,0.00,10.53,0.00,0.00,5.26,0.00,0.00,0.00,66.32
07:15:41,12,15.79,0.00,12.63,0.00,0.00,5.26,0.00,0.00,0.00,66.32
07:15:41,13,15.38,0.00,10.99,0.00,0.00,3.30,0.00,0.00,0.00,70.33
07:15:41,14,14.44,0.00,11.11,0.00,0.00,5.56,0.00,0.00,0.00,68.89
07:15:41,15,14.13,0.00,10.87,0.00,0.00,4.35,0.00,0.00,0.00,70.65
07:15:42,4,14.13,0.00,10.87,0.00,0.00,6.52,0.00,0.00,0.00,68.48
07:15:42,5,18.68,0.00,13.19,0.00,0.00,4.40,0.00,0.00,0.00,63.74
07:15:42,6,15.22,0.00,11.96,0.00,0.00,4.35,0.00,0.00,0.00,68.48
07:15:42,7,14.74,0.00,13.68,0.00,0.00,4.21,0.00,0.00,0.00,67.37
07:15:42,12,14.29,0.00,10.99,0.00,0.00,5.49,0.00,0.00,0.00,69.23
07:15:42,13,15.56,0.00,13.33,0.00,0.00,4.44,0.00,0.00,0.00,66.67
07:15:42,14,14.89,0.00,12.77,0.00,0.00,6.38,0.00,0.00,0.00,65.96
07:15:42,15,16.13,0.00,12.90,0.00,0.00,4.30,0.00,0.00,0.00,66.67
07:15:43,4,15.22,0.00,11.96,0.00,0.00,6.52,0.00,0.00,0.00,66.30
07:15:43,5,15.22,0.00,10.87,0.00,0.00,4.35,0.00,0.00,0.00,69.57
07:15:43,6,15.56,0.00,11.11,0.00,0.00,4.44,0.00,0.00,0.00,68.89
07:15:43,7,12.77,0.00,10.64,0.00,0.00,4.26,0.00,0.00,0.00,72.34
07:15:43,12,16.30,0.00,10.87,0.00,0.00,5.43,0.00,0.00,0.00,67.39
07:15:43,13,17.02,0.00,14.89,0.00,0.00,4.26,0.00,0.00,0.00,63.83
07:15:43,14,15.05,0.00,12.90,0.00,0.00,3.23,0.00,0.00,0.00,68.82
07:15:43,15,12.90,0.00,10.75,0.00,0.00,4.30,0.00,0.00,0.00,72.04
07:15:44,4,14.58,0.00,14.58,0.00,0.00,5.21,0.00,0.00,0.00,65.62
07:15:44,5,13.19,0.00,12.09,0.00,0.00,5.49,0.00,0.00,0.00,69.23
07:15:44,6,15.05,0.00,10.75,0.00,0.00,5.38,0.00,0.00,0.00,68.82
07:15:44,7,14.74,0.00,12.63,0.00,0.00,4.21,0.00,0.00,0.00,68.42
07:15:44,12,13.04,0.00,13.04,0.00,0.00,3.26,0.00,0.00,0.00,70.65
07:15:44,13,14.29,0.00,15.38,0.00,0.00,6.59,0.00,0.00,0.00,63.74
07:15:44,14,13.98,0.00,12.90,0.00,0.00,5.38,0.00,0.00,0.00,67.74
07:15:44,15,14.89,0.00,12.77,0.00,0.00,4.26,0.00,0.00,0.00,68.09
07:15:45,4,13.98,0.00,10.75,0.00,0.00,6.45,0.00,0.00,0.00,68.82
07:15:45,5,14.13,0.00,15.22,0.00,0.00,5.43,0.00,0.00,0.00,65.22
07:15:45,6,16.13,0.00,10.75,0.00,0.00,6.45,0.00,0.00,0.00,66.67
07:15:45,7,14.58,0.00,12.50,0.00,0.00,4.17,0.00,0.00,0.00,68.75
07:15:45,12,17.53,0.00,11.34,0.00,0.00,5.15,0.00,0.00,0.00,65.98
07:15:45,13,15.56,0.00,11.11,0.00,0.00,5.56,0.00,0.00,0.00,67.78
07:15:45,14,13.04,0.00,13.04,0.00,0.00,5.43,0.00,0.00,0.00,68.48
07:15:45,15,14.58,0.00,11.46,0.00,0.00,5.21,0.00,0.00,0.00,68.75
07:15:46,4,15.22,0.00,11.96,0.00,0.00,5.43,0.00,0.00,0.00,67.39
07:15:46,5,15.73,0.00,12.36,0.00,0.00,4.49,0.00,0.00,0.00,67.42
07:15:46,6,13.83,0.00,13.83,1.06,0.00,5.32,0.00,0.00,0.00,65.96
07:15:46,7,13.98,0.00,11.83,0.00,0.00,4.30,0.00,0.00,0.00,69.89
07:15:46,12,13.04,0.00,13.04,0.00,0.00,5.43,0.00,0.00,0.00,68.48
07:15:46,13,13.68,0.00,13.68,0.00,0.00,6.32,0.00,0.00,0.00,66.32
07:15:46,14,14.13,0.00,10.87,0.00,0.00,4.35,0.00,0.00,0.00,70.65
07:15:46,15,11.96,0.00,10.87,0.00,0.00,5.43,0.00,0.00,0.00,71.74
07:15:47,4,15.96,0.00,13.83,0.00,0.00,5.32,0.00,0.00,0.00,64.89
07:15:47,5,15.05,0.00,11.83,0.00,0.00,4.30,0.00,0.00,0.00,68.82
07:15:47,6,13.68,0.00,13.68,0.00,0.00,4.21,0.00,0.00,0.00,68.42
07:15:47,7,11.83,0.00,13.98,0.00,0.00,3.23,0.00,0.00,0.00,70.97
07:15:47,12,18.09,0.00,13.83,0.00,0.00,4.26,0.00,0.00,0.00,63.83
07:15:47,13,18.48,0.00,14.13,0.00,0.00,4.35,0.00,0.00,0.00,63.04
07:15:47,14,16.49,0.00,13.40,0.00,0.00,5.15,0.00,0.00,0.00,64.95
07:15:47,15,13.54,0.00,13.54,0.00,0.00,4.17,0.00,0.00,0.00,68.75
07:15:48,4,14.13,0.00,14.13,0.00,0.00,4.35,0.00,0.00,0.00,67.39
07:15:48,5,14.89,0.00,11.70,0.00,0.00,5.32,0.00,0.00,0.00,68.09
07:15:48,6,13.98,0.00,11.83,0.00,0.00,4.30,0.00,0.00,0.00,69.89
07:15:48,7,13.83,0.00,10.64,0.00,0.00,4.26,0.00,0.00,0.00,71.28
07:15:48,12,13.68,0.00,14.74,0.00,0.00,4.21,0.00,0.00,0.00,67.37
07:15:48,13,13.04,0.00,13.04,0.00,0.00,5.43,0.00,0.00,0.00,68.48
07:15:48,14,11.96,0.00,13.04,0.00,0.00,5.43,0.00,0.00,0.00,69.57
07:15:48,15,12.90,0.00,12.90,0.00,0.00,5.38,0.00,0.00,0.00,68.82
07:15:49,4,15.22,0.00,11.96,0.00,0.00,5.43,0.00,0.00,0.00,67.39
07:15:49,5,14.89,0.00,14.89,0.00,0.00,4.26,0.00,0.00,0.00,65.96
07:15:49,6,15.22,0.00,10.87,0.00,0.00,4.35,0.00,0.00,0.00,69.57
07:15:49,7,13.98,0.00,11.83,0.00,0.00,4.30,0.00,0.00,0.00,69.89
07:15:49,12,14.74,0.00,13.68,0.00,0.00,4.21,0.00,0.00,0.00,67.37
07:15:49,13,15.79,0.00,16.84,0.00,0.00,5.26,0.00,0.00,0.00,62.11
07:15:49,14,14.44,0.00,12.22,0.00,0.00,3.33,0.00,0.00,0.00,70.00
07:15:49,15,13.83,0.00,10.64,0.00,0.00,6.38,0.00,0.00,0.00,69.15
07:15:50,4,13.98,0.00,12.90,0.00,0.00,5.38,0.00,0.00,0.00,67.74
07:15:50,5,13.98,0.00,15.05,0.00,0.00,3.23,0.00,0.00,0.00,67.74
07:15:50,6,16.13,0.00,11.83,0.00,0.00,4.30,0.00,0.00,0.00,67.74
07:15:50,7,13.54,0.00,12.50,0.00,0.00,4.17,0.00,0.00,0.00,69.79
07:15:50,12,15.05,0.00,15.05,0.00,0.00,4.30,0.00,0.00,0.00,65.59
07:15:50,13,12.09,0.00,14.29,0.00,0.00,5.49,0.00,0.00,0.00,68.13
07:15:50,14,15.79,0.00,11.58,0.00,0.00,5.26,0.00,0.00,0.00,67.37
07:15:50,15,14.13,0.00,10.87,0.00,0.00,3.26,0.00,0.00,0.00,71.74
07:15:51,4,13.83,0.00,14.89,1.06,0.00,5.32,0.00,0.00,0.00,64.89
07:15:51,5,15.38,0.00,13.19,0.00,0.00,4.40,0.00,0.00,0.00,67.03
07:15:51,6,14.13,0.00,14.13,0.00,0.00,5.43,0.00,0.00,0.00,66.30
07:15:51,7,13.98,0.00,10.75,0.00,0.00,5.38,0.00,0.00,0.00,69.89
07:15:51,12,14.29,0.00,12.09,0.00,0.00,5.49,0.00,0.00,0.00,68.13
07:15:51,13,15.96,0.00,12.77,0.00,0.00,4.26,0.00,0.00,0.00,67.02
07:15:51,14,15.05,0.00,12.90,0.00,0.00,3.23,0.00,0.00,0.00,68.82
07:15:51,15,12.77,0.00,10.64,0.00,0.00,5.32,0.00,0.00,0.00,71.28
07:15:52,4,15.96,0.00,12.77,0.00,0.00,5.32,0.00,0.00,0.00,65.96
07:15:52,5,16.13,0.00,15.05,0.00,0.00,7.53,0.00,0.00,0.00,61.29
07:15:52,6,15.05,0.00,12.90,0.00,0.00,4.30,0.00,0.00,0.00,67.74
07:15:52,7,14.58,0.00,12.50,0.00,0.00,5.21,0.00,0.00,0.00,67.71
07:15:52,12,15.73,0.00,11.24,0.00,0.00,3.37,0.00,0.00,0.00,69.66
07:15:52,13,15.05,0.00,13.98,0.00,0.00,4.30,0.00,0.00,0.00,66.67
07:15:52,14,17.53,0.00,13.40,0.00,0.00,6.19,0.00,0.00,0.00,62.89
07:15:52,15,13.68,0.00,13.68,0.00,0.00,5.26,0.00,0.00,0.00,67.37
07:15:53,4,15.05,0.00,13.98,0.00,0.00,5.38,0.00,0.00,0.00,65.59
07:15:53,5,13.98,0.00,13.98,0.00,0.00,4.30,0.00,0.00,0.00,67.74
07:15:53,6,13.98,0.00,10.75,0.00,0.00,5.38,0.00,0.00,0.00,69.89
07:15:53,7,14.13,0.00,11.96,0.00,0.00,3.26,0.00,0.00,0.00,70.65
07:15:53,12,13.19,0.00,10.99,0.00,0.00,5.49,0.00,0.00,0.00,70.33
07:15:53,13,15.05,0.00,11.83,0.00,0.00,5.38,0.00,0.00,0.00,67.74
07:15:53,14,13.83,0.00,12.77,0.00,0.00,4.26,0.00,0.00,0.00,69.15
07:15:53,15,15.79,0.00,11.58,0.00,0.00,4.21,0.00,0.00,0.00,68.42
07:15:54,4,15.38,0.00,15.38,0.00,0.00,4.40,0.00,0.00,0.00,64.84
07:15:54,5,16.30,0.00,11.96,0.00,0.00,4.35,0.00,0.00,0.00,67.39
07:15:54,6,13.98,0.00,12.90,0.00,0.00,5.38,0.00,0.00,0.00,67.74
07:15:54,7,12.90,0.00,11.83,0.00,0.00,4.30,0.00,0.00,0.00,70.97
07:15:54,12,13.19,0.00,13.19,0.00,0.00,4.40,0.00,0.00,0.00,69.23
07:15:54,13,13.98,0.00,11.83,0.00,0.00,5.38,0.00,0.00,0.00,68.82
07:15:54,14,16.49,0.00,13.40,0.00,0.00,5.15,0.00,0.00,0.00,64.95
07:15:54,15,13.68,0.00,12.63,0.00,0.00,4.21,0.00,0.00,0.00,69.47
07:15:55,4,15.79,0.00,11.58,0.00,0.00,5.26,0.00,0.00,0.00,67.37
07:15:55,5,15.22,0.00,11.96,0.00,0.00,5.43,0.00,0.00,0.00,67.39
07:15:55,6,13.04,0.00,13.04,0.00,0.00,5.43,0.00,0.00,0.00,68.48
07:15:55,7,15.05,0.00,11.83,0.00,0.00,4.30,0.00,0.00,0.00,68.82
07:15:55,12,13.83,0.00,12.77,0.00,0.00,5.32,0.00,0.00,0.00,68.09
07:15:55,13,14.13,0.00,11.96,0.00,0.00,4.35,0.00,0.00,0.00,69.57
07:15:55,14,14.89,0.00,12.77,0.00,0.00,4.26,0.00,0.00,0.00,68.09
07:15:55,15,15.05,0.00,11.83,0.00,0.00,3.23,0.00,0.00,0.00,69.89
07:15:56,4,14.89,0.00,11.70,0.00,0.00,5.32,0.00,0.00,0.00,68.09
07:15:56,5,17.02,0.00,10.64,1.06,0.00,5.32,0.00,0.00,0.00,65.96
07:15:56,6,14.89,0.00,12.77,0.00,0.00,4.26,0.00,0.00,0.00,68.09
07:15:56,7,14.89,0.00,10.64,0.00,0.00,4.26,0.00,0.00,0.00,70.21
07:15:56,12,15.79,0.00,13.68,0.00,0.00,4.21,0.00,0.00,0.00,66.32
07:15:56,13,14.89,0.00,13.83,2.13,0.00,3.19,0.00,0.00,0.00,65.96
07:15:56,14,15.05,0.00,12.90,0.00,0.00,5.38,0.00,0.00,0.00,66.67
07:15:56,15,12.90,0.00,12.90,0.00,0.00,5.38,0.00,0.00,0.00,68.82
07:15:57,4,14.29,0.00,15.38,0.00,0.00,4.40,0.00,0.00,0.00,65.93
07:15:57,5,20.21,0.00,15.96,0.00,0.00,3.19,0.00,0.00,0.00,60.64
07:15:57,6,14.89,0.00,13.83,0.00,0.00,4.26,0.00,0.00,0.00,67.02
07:15:57,7,13.83,0.00,11.70,0.00,0.00,4.26,0.00,0.00,0.00,70.21
07:15:57,12,16.84,0.00,12.63,0.00,0.00,5.26,0.00,0.00,0.00,65.26
07:15:57,13,14.89,0.00,12.77,0.00,0.00,5.32,0.00,0.00,0.00,67.02
07:15:57,14,15.38,0.00,13.19,0.00,0.00,3.30,0.00,0.00,0.00,68.13
07:15:57,15,16.13,0.00,10.75,0.00,0.00,3.23,0.00,0.00,0.00,69.89
07:15:58,4,15.05,0.00,11.83,0.00,0.00,4.30,0.00,0.00,0.00,68.82
07:15:58,5,13.04,0.00,13.04,0.00,0.00,5.43,0.00,0.00,0.00,68.48
07:15:58,6,12.77,0.00,12.77,0.00,0.00,5.32,0.00,0.00,0.00,69.15
07:15:58,7,13.04,0.00,10.87,0.00,0.00,3.26,0.00,0.00,0.00,72.83
07:15:58,12,14.89,0.00,13.83,0.00,0.00,5.32,0.00,0.00,0.00,65.96
07:15:58,13,13.83,0.00,13.83,0.00,0.00,5.32,0.00,0.00,0.00,67.02
07:15:58,14,15.79,0.00,11.58,0.00,0.00,5.26,0.00,0.00,0.00,67.37
07:15:58,15,16.67,0.00,11.46,0.00,0.00,4.17,0.00,0.00,0.00,67.71
07:15:59,4,14.13,0.00,15.22,0.00,0.00,4.35,0.00,0.00,0.00,66.30
07:15:59,5,14.89,0.00,12.77,0.00,0.00,4.26,0.00,0.00,0.00,68.09
07:15:59,6,14.13,0.00,10.87,0.00,0.00,4.35,0.00,0.00,0.00,70.65
07:15:59,7,13.83,0.00,10.64,0.00,0.00,4.26,0.00,0.00,0.00,71.28
07:15:59,12,16.13,0.00,13.98,0.00,0.00,5.38,0.00,0.00,0.00,64.52
07:15:59,13,14.44,0.00,12.22,0.00,0.00,4.44,0.00,0.00,0.00,68.89
07:15:59,14,17.20,0.00,11.83,0.00,0.00,5.38,0.00,0.00,0.00,65.59
07:15:59,15,13.98,0.00,10.75,0.00,0.00,4.30,0.00,0.00,0.00,70.97
07:16:00,4,14.89,0.00,12.77,0.00,0.00,4.26,0.00,0.00,0.00,68.09
07:16:00,5,15.38,0.00,12.09,0.00,0.00,4.40,0.00,0.00,0.00,68.13
07:16:00,6,12.77,0.00,11.70,0.00,0.00,6.38,0.00,0.00,0.00,69.15
07:16:00,7,10.87,0.00,10.87,0.00,0.00,5.43,0.00,0.00,0.00,72.83
07:16:00,12,14.74,0.00,12.63,0.00,0.00,6.32,0.00,0.00,0.00,66.32
07:16:00,13,14.13,0.00,14.13,0.00,0.00,5.43,0.00,0.00,0.00,66.30
07:16:00,14,13.83,0.00,12.77,0.00,0.00,5.32,0.00,0.00,0.00,68.09
07:16:00,15,12.63,0.00,10.53,0.00,0.00,6.32,0.00,0.00,0.00,70.53
07:16:01,4,17.02,0.00,12.77,0.00,0.00,5.32,0.00,0.00,0.00,64.89
07:16:01,5,15.96,0.00,12.77,0.00,0.00,4.26,0.00,0.00,0.00,67.02
07:16:01,6,14.13,0.00,11.96,0.00,0.00,5.43,0.00,0.00,0.00,68.48
07:16:01,7,13.04,0.00,11.96,0.00,0.00,5.43,0.00,0.00,0.00,69.57
07:16:01,12,13.83,0.00,12.77,0.00,0.00,5.32,0.00,0.00,0.00,68.09
07:16:01,13,16.13,0.00,13.98,0.00,0.00,4.30,0.00,0.00,0.00,65.59
07:16:01,14,15.05,0.00,11.83,0.00,0.00,4.30,0.00,0.00,0.00,68.82
07:16:01,15,13.98,0.00,13.98,0.00,0.00,3.23,0.00,0.00,0.00,68.82
07:16:02,4,15.22,0.00,11.96,0.00,0.00,5.43,0.00,0.00,0.00,67.39
07:16:02,5,13.83,0.00,12.77,0.00,0.00,6.38,0.00,0.00,0.00,67.02
07:16:02,6,15.22,0.00,11.96,0.00,0.00,4.35,0.00,0.00,0.00,68.48
07:16:02,7,12.63,0.00,11.58,0.00,0.00,4.21,0.00,0.00,0.00,71.58
07:16:02,12,20.21,0.00,14.89,0.00,0.00,4.26,0.00,0.00,0.00,60.64
07:16:02,13,15.96,0.00,12.77,0.00,0.00,5.32,0.00,0.00,0.00,65.96
07:16:02,14,16.13,0.00,12.90,0.00,0.00,5.38,0.00,0.00,0.00,65.59
07:16:02,15,12.63,0.00,12.63,0.00,0.00,5.26,0.00,0.00,0.00,69.47
07:16:03,4,14.13,0.00,13.04,0.00,0.00,4.35,0.00,0.00,0.00,68.48
07:16:03,5,16.13,0.00,13.98,0.00,0.00,5.38,0.00,0.00,0.00,64.52
07:16:03,6,17.02,0.00,11.70,0.00,0.00,4.26,0.00,0.00,0.00,67.02
07:16:03,7,13.98,0.00,11.83,0.00,0.00,5.38,0.00,0.00,0.00,68.82
07:16:03,12,15.22,0.00,10.87,0.00,0.00,5.43,0.00,0.00,0.00,68.48
07:16:03,13,14.89,0.00,11.70,0.00,0.00,4.26,0.00,0.00,0.00,69.15
07:16:03,14,12.50,0.00,14.58,0.00,0.00,5.21,0.00,0.00,0.00,67.71
07:16:03,15,13.04,0.00,10.87,0.00,0.00,3.26,0.00,0.00,0.00,72.83
07:16:04,4,15.22,0.00,13.04,0.00,0.00,4.35,0.00,0.00,0.00,67.39
07:16:04,5,15.22,0.00,10.87,0.00,0.00,4.35,0.00,0.00,0.00,69.57
07:16:04,6,13.83,0.00,12.77,0.00,0.00,4.26,0.00,0.00,0.00,69.15
07:16:04,7,12.90,0.00,11.83,0.00,0.00,3.23,0.00,0.00,0.00,72.04
07:16:04,12,16.67,0.00,12.50,0.00,0.00,6.25,0.00,0.00,0.00,64.58
07:16:04,13,14.44,0.00,11.11,0.00,0.00,4.44,0.00,0.00,0.00,70.00
07:16:04,14,13.83,0.00,11.70,0.00,0.00,5.32,0.00,0.00,0.00,69.15
07:16:04,15,13.83,0.00,10.64,0.00,0.00,5.32,0.00,0.00,0.00,70.21
07:16:05,4,16.13,0.00,11.83,0.00,0.00,4.30,0.00,0.00,0.00,67.74
07:16:05,5,17.02,0.00,12.77,0.00,0.00,4.26,0.00,0.00,0.00,65.96
07:16:05,6,14.89,0.00,11.70,0.00,0.00,5.32,0.00,0.00,0.00,68.09
07:16:05,7,11.83,0.00,11.83,0.00,0.00,5.38,0.00,0.00,0.00,70.97
07:16:05,12,14.74,0.00,13.68,0.00,0.00,4.21,0.00,0.00,0.00,67.37
07:16:05,13,13.98,0.00,11.83,0.00,0.00,5.38,0.00,0.00,0.00,68.82
07:16:05,14,16.48,0.00,10.99,0.00,0.00,4.40,0.00,0.00,0.00,68.13
07:16:05,15,15.05,0.00,11.83,0.00,0.00,4.30,0.00,0.00,0.00,68.82
07:16:06,4,15.62,0.00,12.50,0.00,0.00,5.21,0.00,0.00,0.00,66.67
07:16:06,5,16.30,0.00,10.87,0.00,0.00,4.35,0.00,0.00,0.00,68.48
07:16:06,6,13.83,0.00,12.77,0.00,0.00,5.32,0.00,0.00,0.00,68.09
07:16:06,7,13.83,0.00,12.77,0.00,0.00,4.26,0.00,0.00,0.00,69.15
07:16:06,12,14.13,0.00,11.96,1.09,0.00,4.35,0.00,0.00,0.00,68.48
07:16:06,13,15.22,0.00,11.96,0.00,0.00,6.52,0.00,0.00,0.00,66.30
07:16:06,14,14.89,0.00,12.77,0.00,0.00,4.26,0.00,0.00,0.00,68.09
07:16:06,15,14.13,0.00,11.96,0.00,0.00,4.35,0.00,0.00,0.00,69.57
07:16:07,4,16.84,0.00,12.63,0.00,0.00,5.26,0.00,0.00,0.00,65.26
07:16:07,5,13.33,0.00,13.33,0.00,0.00,4.44,0.00,0.00,0.00,68.89
07:16:07,6,13.83,0.00,13.83,0.00,0.00,5.32,0.00,0.00,0.00,67.02
07:16:07,7,13.19,0.00,10.99,0.00,0.00,4.40,0.00,0.00,0.00,71.43
07:16:07,12,18.48,0.00,14.13,0.00,0.00,4.35,0.00,0.00,0.00,63.04
07:16:07,13,14.44,0.00,12.22,0.00,0.00,4.44,0.00,0.00,0.00,68.89
07:16:07,14,14.13,0.00,13.04,0.00,0.00,5.43,0.00,0.00,0.00,67.39
07:16:07,15,14.74,0.00,12.63,0.00,0.00,5.26,0.00,0.00,0.00,67.37
07:16:08,4,13.98,0.00,11.83,0.00,0.00,5.38,0.00,0.00,0.00,68.82
07:16:08,5,15.79,0.00,11.58,0.00,0.00,5.26,0.00,0.00,0.00,67.37
07:16:08,6,16.13,0.00,12.90,0.00,0.00,4.30,0.00,0.00,0.00,66.67
07:16:08,7,15.79,0.00,10.53,0.00,0.00,4.21,0.00,0.00,0.00,69.47
07:16:08,12,13.98,0.00,13.98,0.00,0.00,3.23,0.00,0.00,0.00,68.82
07:16:08,13,13.83,0.00,12.77,0.00,0.00,5.32,0.00,0.00,0.00,68.09
07:16:08,14,15.96,0.00,12.77,0.00,0.00,4.26,0.00,0.00,0.00,67.02
07:16:08,15,15.79,0.00,12.63,0.00,0.00,3.16,0.00,0.00,0.00,68.42
07:16:09,4,13.98,0.00,15.05,0.00,0.00,5.38,0.00,0.00,0.00,65.59
07:16:09,5,15.38,0.00,12.09,0.00,0.00,5.49,0.00,0.00,0.00,67.03
07:16:09,6,14.74,0.00,13.68,0.00,0.00,4.21,0.00,0.00,0.00,67.37
07:16:09,7,13.33,0.00,11.11,0.00,0.00,2.22,0.00,0.00,0.00,73.33
07:16:09,12,13.19,0.00,10.99,0.00,0.00,5.49,0.00,0.00,0.00,70.33
07:16:09,13,14.44,0.00,13.33,0.00,0.00,5.56,0.00,0.00,0.00,66.67
07:16:09,14,13.98,0.00,12.90,0.00,0.00,5.38,0.00,0.00,0.00,67.74
07:16:09,15,10.99,0.00,10.99,0.00,0.00,4.40,0.00,0.00,0.00,73.63
07:16:10,4,17.20,0.00,11.83,0.00,0.00,4.30,0.00,0.00,0.00,66.67
07:16:10,5,15.22,0.00,15.22,0.00,0.00,5.43,0.00,0.00,0.00,64.13
07:16:10,6,15.22,0.00,11.96,0.00,0.00,5.43,0.00,0.00,0.00,67.39
07:16:10,7,12.63,0.00,12.63,0.00,0.00,5.26,0.00,0.00,0.00,69.47
07:16:10,12,13.19,0.00,12.09,0.00,0.00,5.49,0.00,0.00,0.00,69.23
07:16:10,13,15.79,0.00,12.63,0.00,0.00,5.26,0.00,0.00,0.00,66.32
07:16:10,14,13.98,0.00,11.83,0.00,0.00,6.45,0.00,0.00,0.00,67.74
07:16:10,15,12.90,0.00,9.68,0.00,0.00,5.38,0.00,0.00,0.00,72.04
07:16:11,4,13.98,0.00,12.90,0.00,0.00,4.30,0.00,0.00,0.00,68.82
07:16:11,5,15.22,0.00,15.22,0.00,0.00,3.26,0.00,0.00,0.00,66.30
07:16:11,6,17.02,0.00,12.77,0.00,0.00,4.26,0.00,0.00,0.00,65.96
07:16:11,7,13.19,0.00,10.99,0.00,0.00,3.30,0.00,0.00,0.00,72.53
07:16:11,12,14.89,0.00,13.83,1.06,0.00,4.26,0.00,0.00,0.00,65.96
07:16:11,13,15.05,0.00,11.83,0.00,0.00,4.30,0.00,0.00,0.00,68.82
07:16:11,14,14.13,0.00,11.96,0.00,0.00,4.35,0.00,0.00,0.00,69.57
07:16:11,15,13.33,0.00,11.11,0.00,0.00,4.44,0.00,0.00,0.00,71.11
07:16:12,4,17.02,0.00,13.83,0.00,0.00,5.32,0.00,0.00,0.00,63.83
07:16:12,5,17.20,0.00,13.98,0.00,0.00,4.30,0.00,0.00,0.00,64.52
07:16:12,6,13.98,0.00,11.83,0.00,0.00,5.38,0.00,0.00,0.00,68.82
07:16:12,7,13.04,0.00,13.04,0.00,0.00,3.26,0.00,0.00,0.00,70.65
07:16:12,12,14.13,0.00,13.04,0.00,0.00,5.43,0.00,0.00,0.00,67.39
07:16:12,13,15.22,0.00,15.22,0.00,0.00,4.35,0.00,0.00,0.00,65.22
07:16:12,14,13.98,0.00,12.90,0.00,0.00,5.38,0.00,0.00,0.00,67.74
07:16:12,15,13.98,0.00,11.83,0.00,0.00,4.30,0.00,0.00,0.00,69.89
07:16:13,4,14.29,0.00,14.29,0.00,0.00,3.30,0.00,0.00,0.00,68.13
07:16:13,5,15.38,0.00,12.09,0.00,0.00,4.40,0.00,0.00,0.00,68.13
07:16:13,6,15.96,0.00,12.77,0.00,0.00,4.26,0.00,0.00,0.00,67.02
07:16:13,7,11.83,0.00,11.83,0.00,0.00,4.30,0.00,0.00,0.00,72.04
07:16:13,12,15.05,0.00,15.05,0.00,0.00,5.38,0.00,0.00,0.00,64.52
07:16:13,13,16.13,0.00,10.75,0.00,0.00,5.38,0.00,0.00,0.00,67.74
07:16:13,14,14.89,0.00,12.77,0.00,0.00,4.26,0.00,0.00,0.00,68.09
07:16:13,15,12.63,0.00,12.63,0.00,0.00,4.21,0.00,0.00,0.00,70.53
07:16:14,4,12.77,0.00,12.77,0.00,0.00,5.32,0.00,0.00,0.00,69.15
07:16:14,5,17.39,0.00,11.96,0.00,0.00,3.26,0.00,0.00,0.00,67.39
07:16:14,6,16.13,0.00,12.90,0.00,0.00,3.23,0.00,0.00,0.00,67.74
07:16:14,7,11.70,0.00,13.83,0.00,0.00,5.32,0.00,0.00,0.00,69.15
07:16:14,12,12.90,0.00,12.90,0.00,0.00,6.45,0.00,0.00,0.00,67.74
07:16:14,13,14.29,0.00,12.09,0.00,0.00,4.40,0.00,0.00,0.00,69.23
07:16:14,14,14.89,0.00,10.64,0.00,0.00,5.32,0.00,0.00,0.00,69.15
07:16:14,15,11.83,0.00,12.90,0.00,0.00,5.38,0.00,0.00,0.00,69.89
07:16:15,4,13.98,0.00,12.90,0.00,0.00,4.30,0.00,0.00,0.00,68.82
07:16:15,5,15.05,0.00,15.05,0.00,0.00,4.30,0.00,0.00,0.00,65.59
07:16:15,6,11.83,0.00,13.98,0.00,0.00,5.38,0.00,0.00,0.00,68.82
07:16:15,7,13.68,0.00,11.58,0.00,0.00,5.26,0.00,0.00,0.00,69.47
07:16:15,12,16.13,0.00,12.90,0.00,0.00,5.38,0.00,0.00,0.00,65.59
07:16:15,13,13.33,0.00,12.22,0.00,0.00,4.44,0.00,0.00,0.00,70.00
07:16:15,14,15.22,0.00,10.87,0.00,0.00,4.35,0.00,0.00,0.00,69.57
07:16:15,15,13.68,0.00,11.58,0.00,0.00,5.26,0.00,0.00,0.00,69.47
07:16:16,4,14.89,0.00,12.77,0.00,0.00,4.26,0.00,0.00,0.00,68.09
07:16:16,5,14.13,0.00,13.04,0.00,0.00,4.35,0.00,0.00,0.00,68.48
07:16:16,6,13.98,0.00,9.68,0.00,0.00,5.38,0.00,0.00,0.00,70.97
07:16:16,7,12.77,0.00,10.64,0.00,0.00,6.38,0.00,0.00,0.00,70.21
07:16:16,12,16.30,0.00,11.96,0.00,0.00,5.43,0.00,0.00,0.00,66.30
07:16:16,13,13.98,0.00,11.83,0.00,0.00,5.38,0.00,0.00,0.00,68.82
07:16:16,14,14.89,0.00,10.64,0.00,0.00,6.38,0.00,0.00,0.00,68.09
07:16:16,15,13.19,0.00,10.99,1.10,0.00,4.40,0.00,0.00,0.00,70.33
07:16:17,4,13.83,0.00,12.77,0.00,0.00,5.32,0.00,0.00,0.00,68.09
07:16:17,5,18.28,0.00,12.90,0.00,0.00,4.30,0.00,0.00,0.00,64.52
07:16:17,6,17.02,0.00,13.83,0.00,0.00,5.32,0.00,0.00,0.00,63.83
07:16:17,7,13.83,0.00,11.70,0.00,0.00,4.26,0.00,0.00,0.00,70.21
07:16:17,12,15.56,0.00,14.44,0.00,0.00,3.33,0.00,0.00,0.00,66.67
07:16:17,13,17.02,0.00,13.83,0.00,0.00,5.32,0.00,0.00,0.00,63.83
07:16:17,14,15.05,0.00,12.90,0.00,0.00,4.30,0.00,0.00,0.00,67.74
07:16:17,15,11.70,0.00,11.70,0.00,0.00,6.38,0.00,0.00,0.00,70.21
07:16:18,4,13.83,0.00,14.89,0.00,0.00,4.26,0.00,0.00,0.00,67.02
07:16:18,5,15.05,0.00,15.05,0.00,0.00,4.30,0.00,0.00,0.00,65.59
07:16:18,6,13.19,0.00,12.09,0.00,0.00,5.49,0.00,0.00,0.00,69.23
07:16:18,7,14.29,0.00,9.89,0.00,0.00,4.40,0.00,0.00,0.00,71.43
07:16:18,12,15.22,0.00,10.87,0.00,0.00,5.43,0.00,0.00,0.00,68.48
07:16:18,13,16.30,0.00,11.96,0.00,0.00,4.35,0.00,0.00,0.00,67.39
07:16:18,14,17.20,0.00,11.83,0.00,0.00,5.38,0.00,0.00,0.00,65.59
07:16:18,15,13.83,0.00,11.70,0.00,0.00,5.32,0.00,0.00,0.00,69.15
07:16:19,4,13.83,0.00,13.83,0.00,0.00,4.26,0.00,0.00,0.00,68.09
07:16:19,5,13.98,0.00,12.90,0.00,0.00,5.38,0.00,0.00,0.00,67.74
07:16:19,6,13.68,0.00,12.63,0.00,0.00,6.32,0.00,0.00,0.00,67.37
07:16:19,7,12.90,0.00,11.83,0.00,0.00,4.30,0.00,0.00,0.00,70.97
07:16:19,12,14.13,0.00,11.96,0.00,0.00,5.43,0.00,0.00,0.00,68.48
07:16:19,13,14.13,0.00,11.96,0.00,0.00,4.35,0.00,0.00,0.00,69.57
07:16:19,14,14.58,0.00,14.58,0.00,0.00,5.21,0.00,0.00,0.00,65.62
07:16:19,15,15.46,0.00,13.40,0.00,0.00,5.15,0.00,0.00,0.00,65.98
07:16:20,4,15.79,0.00,12.63,0.00,0.00,5.26,0.00,0.00,0.00,66.32
07:16:20,5,16.13,0.00,11.83,0.00,0.00,4.30,0.00,0.00,0.00,67.74
07:16:20,6,14.89,0.00,12.77,0.00,0.00,4.26,0.00,0.00,0.00,68.09
07:16:20,7,13.19,0.00,9.89,0.00,0.00,3.30,0.00,0.00,0.00,73.63
07:16:20,12,15.46,0.00,14.43,0.00,0.00,5.15,0.00,0.00,0.00,64.95
07:16:20,13,14.13,0.00,14.13,0.00,0.00,5.43,0.00,0.00,0.00,66.30
07:16:20,14,16.48,0.00,12.09,0.00,0.00,4.40,0.00,0.00,0.00,67.03
07:16:20,15,13.83,0.00,10.64,0.00,0.00,5.32,0.00,0.00,0.00,70.21
07:16:21,4,15.22,0.00,10.87,0.00,0.00,6.52,0.00,0.00,0.00,67.39
07:16:21,5,13.04,0.00,13.04,0.00,0.00,4.35,0.00,0.00,0.00,69.57
07:16:21,6,13.68,0.00,13.68,0.00,0.00,4.21,0.00,0.00,0.00,68.42
07:16:21,7,13.68,0.00,10.53,0.00,0.00,5.26,0.00,0.00,0.00,70.53
07:16:21,12,15.05,0.00,11.83,0.00,0.00,3.23,0.00,0.00,0.00,69.89
07:16:21,13,13.04,0.00,11.96,0.00,0.00,5.43,0.00,0.00,0.00,69.57
07:16:21,14,12.77,0.00,13.83,0.00,0.00,4.26,0.00,0.00,0.00,69.15
07:16:21,15,13.83,0.00,10.64,0.00,0.00,4.26,0.00,0.00,0.00,71.28
07:16:22,4,13.68,0.00,14.74,0.00,0.00,5.26,0.00,0.00,0.00,66.32
07:16:22,5,16.30,0.00,11.96,0.00,0.00,4.35,0.00,0.00,0.00,67.39
07:16:22,6,15.38,0.00,10.99,0.00,0.00,4.40,0.00,0.00,0.00,69.23
07:16:22,7,14.29,0.00,12.09,0.00,0.00,3.30,0.00,0.00,0.00,70.33
07:16:22,12,14.29,0.00,12.09,0.00,0.00,4.40,0.00,0.00,0.00,69.23
07:16:22,13,15.22,0.00,10.87,0.00,0.00,5.43,0.00,0.00,0.00,68.48
07:16:22,14,15.62,0.00,12.50,0.00,0.00,5.21,0.00,0.00,0.00,66.67
07:16:22,15,13.98,0.00,13.98,0.00,0.00,4.30,0.00,0.00,0.00,67.74
07:16:23,4,15.96,0.00,12.77,0.00,0.00,3.19,0.00,0.00,0.00,68.09
07:16:23,5,21.11,0.00,13.33,0.00,0.00,3.33,0.00,0.00,0.00,62.22
07:16:23,6,13.83,0.00,12.77,0.00,0.00,5.32,0.00,0.00,0.00,68.09
07:16:23,7,12.77,0.00,11.70,0.00,0.00,3.19,0.00,0.00,0.00,72.34
07:16:23,12,15.22,0.00,11.96,0.00,0.00,6.52,0.00,0.00,0.00,66.30
07:16:23,13,16.13,0.00,15.05,0.00,0.00,4.30,0.00,0.00,0.00,64.52
07:16:23,14,15.22,0.00,13.04,0.00,0.00,5.43,0.00,0.00,0.00,66.30
07:16:23,15,13.54,0.00,12.50,0.00,0.00,5.21,0.00,0.00,0.00,68.75
07:16:24,4,13.98,0.00,11.83,0.00,0.00,5.38,0.00,0.00,0.00,68.82
07:16:24,5,15.73,0.00,11.24,0.00,0.00,4.49,0.00,0.00,0.00,68.54
07:16:24,6,15.05,0.00,11.83,0.00,0.00,4.30,0.00,0.00,0.00,68.82
07:16:24,7,13.54,0.00,11.46,0.00,0.00,6.25,0.00,0.00,0.00,68.75
07:16:24,12,13.19,0.00,12.09,0.00,0.00,4.40,0.00,0.00,0.00,70.33
07:16:24,13,14.74,0.00,13.68,0.00,0.00,4.21,0.00,0.00,0.00,67.37
07:16:24,14,15.38,0.00,12.09,0.00,0.00,3.30,0.00,0.00,0.00,69.23
07:16:24,15,14.89,0.00,10.64,0.00,0.00,4.26,0.00,0.00,0.00,70.21
07:16:25,4,13.83,0.00,13.83,0.00,0.00,4.26,0.00,0.00,0.00,68.09
07:16:25,5,15.05,0.00,12.90,0.00,0.00,4.30,0.00,0.00,0.00,67.74
07:16:25,6,13.54,0.00,12.50,0.00,0.00,6.25,0.00,0.00,0.00,67.71
07:16:25,7,15.56,0.00,8.89,0.00,0.00,4.44,0.00,0.00,0.00,71.11
07:16:25,12,13.19,0.00,15.38,0.00,0.00,3.30,0.00,0.00,0.00,68.13
07:16:25,13,14.89,0.00,11.70,0.00,0.00,5.32,0.00,0.00,0.00,68.09
07:16:25,14,13.48,0.00,12.36,0.00,0.00,3.37,0.00,0.00,0.00,70.79
07:16:25,15,15.05,0.00,11.83,0.00,0.00,3.23,0.00,0.00,0.00,69.89
07:16:26,4,17.02,0.00,12.77,0.00,0.00,5.32,0.00,0.00,0.00,64.89
07:16:26,5,14.29,0.00,12.09,0.00,0.00,4.40,0.00,0.00,0.00,69.23
07:16:26,6,13.98,0.00,12.90,0.00,0.00,4.30,0.00,0.00,0.00,68.82
07:16:26,7,16.49,0.00,10.31,0.00,0.00,5.15,0.00,0.00,0.00,68.04
07:16:26,12,14.89,0.00,11.70,1.06,0.00,4.26,0.00,0.00,0.00,68.09
07:16:26,13,13.19,0.00,10.99,0.00,0.00,5.49,0.00,0.00,0.00,70.33
07:16:26,14,13.98,0.00,10.75,0.00,0.00,5.38,0.00,0.00,0.00,69.89
07:16:26,15,16.67,0.00,11.46,0.00,0.00,3.12,0.00,0.00,0.00,68.75
07:16:27,4,15.96,0.00,11.70,0.00,0.00,4.26,0.00,0.00,0.00,68.09
07:16:27,5,15.62,0.00,13.54,0.00,0.00,4.17,0.00,0.00,0.00,66.67
07:16:27,6,14.13,0.00,11.96,0.00,0.00,5.43,0.00,0.00,0.00,68.48
07:16:27,7,16.13,0.00,10.75,0.00,0.00,3.23,0.00,0.00,0.00,69.89
07:16:27,12,12.77,0.00,12.77,0.00,0.00,6.38,0.00,0.00,0.00,68.09
07:16:27,13,15.05,0.00,12.90,0.00,0.00,3.23,0.00,0.00,0.00,68.82
07:16:27,14,14.89,0.00,13.83,0.00,0.00,3.19,0.00,0.00,0.00,68.09
07:16:27,15,14.13,0.00,10.87,0.00,0.00,5.43,0.00,0.00,0.00,69.57
07:16:28,4,19.15,0.00,12.77,0.00,0.00,5.32,0.00,0.00,0.00,62.77
07:16:28,5,15.62,0.00,12.50,0.00,0.00,6.25,0.00,0.00,0.00,65.62
07:16:28,6,16.13,0.00,11.83,0.00,0.00,4.30,0.00,0.00,0.00,67.74
07:16:28,7,13.83,0.00,10.64,0.00,0.00,5.32,0.00,0.00,0.00,70.21
07:16:28,12,15.22,0.00,11.96,0.00,0.00,5.43,0.00,0.00,0.00,67.39
07:16:28,13,15.96,0.00,11.70,0.00,0.00,6.38,0.00,0.00,0.00,65.96
07:16:28,14,17.39,0.00,10.87,0.00,0.00,5.43,0.00,0.00,0.00,66.30
07:16:28,15,15.05,0.00,10.75,0.00,0.00,3.23,0.00,0.00,0.00,70.97
07:16:29,4,13.98,0.00,12.90,0.00,0.00,4.30,0.00,0.00,0.00,68.82
07:16:29,5,13.98,0.00,13.98,0.00,0.00,4.30,0.00,0.00,0.00,67.74
07:16:29,6,12.90,0.00,11.83,0.00,0.00,5.38,0.00,0.00,0.00,69.89
07:16:29,7,13.33,0.00,8.89,0.00,0.00,3.33,0.00,0.00,0.00,74.44
07:16:29,12,15.05,0.00,12.90,0.00,0.00,4.30,0.00,0.00,0.00,67.74
07:16:29,13,16.30,0.00,10.87,0.00,0.00,5.43,0.00,0.00,0.00,67.39
07:16:29,14,13.83,0.00,13.83,0.00,0.00,4.26,0.00,0.00,0.00,68.09
07:16:29,15,14.74,0.00,11.58,0.00,0.00,5.26,0.00,0.00,0.00,68.42
07:16:30,4,15.22,0.00,11.96,0.00,0.00,5.43,0.00,0.00,0.00,67.39
07:16:30,5,16.30,0.00,14.13,0.00,0.00,5.43,0.00,0.00,0.00,64.13
07:16:30,6,14.13,0.00,14.13,0.00,0.00,4.35,0.00,0.00,0.00,67.39
07:16:30,7,14.74,0.00,10.53,0.00,0.00,3.16,0.00,0.00,0.00,71.58
07:16:30,12,13.98,0.00,15.05,0.00,0.00,4.30,0.00,0.00,0.00,66.67
07:16:30,13,13.98,0.00,13.98,0.00,0.00,5.38,0.00,0.00,0.00,66.67
07:16:30,14,16.13,0.00,10.75,0.00,0.00,4.30,0.00,0.00,0.00,68.82
07:16:30,15,12.90,0.00,9.68,0.00,0.00,4.30,0.00,0.00,0.00,73.12
07:16:31,4,13.83,0.00,13.83,0.00,0.00,4.26,0.00,0.00,0.00,68.09
07:16:31,5,13.83,0.00,13.83,0.00,0.00,5.32,0.00,0.00,0.00,67.02
07:16:31,6,12.09,0.00,12.09,0.00,0.00,5.49,0.00,0.00,0.00,70.33
07:16:31,7,14.13,0.00,10.87,0.00,0.00,4.35,0.00,0.00,0.00,70.65
07:16:31,12,17.20,0.00,12.90,0.00,0.00,5.38,0.00,0.00,0.00,64.52
07:16:31,13,16.13,0.00,11.83,1.08,0.00,5.38,0.00,0.00,0.00,65.59
07:16:31,14,15.96,0.00,10.64,0.00,0.00,5.32,0.00,0.00,0.00,68.09
07:16:31,15,13.54,0.00,12.50,0.00,0.00,5.21,0.00,0.00,0.00,68.75
07:16:32,4,14.74,0.00,12.63,0.00,0.00,5.26,0.00,0.00,0.00,67.37
07:16:32,5,12.90,0.00,12.90,0.00,0.00,5.38,0.00,0.00,0.00,68.82
07:16:32,6,15.38,0.00,12.09,0.00,0.00,4.40,0.00,0.00,0.00,68.13
07:16:32,7,13.98,0.00,12.90,0.00,0.00,3.23,0.00,0.00,0.00,69.89
07:16:32,12,14.89,0.00,11.70,0.00,0.00,5.32,0.00,0.00,0.00,68.09
07:16:32,13,13.04,0.00,13.04,0.00,0.00,4.35,0.00,0.00,0.00,69.57
07:16:32,14,15.79,0.00,12.63,0.00,0.00,4.21,0.00,0.00,0.00,67.37
07:16:32,15,14.58,0.00,13.54,0.00,0.00,4.17,0.00,0.00,0.00,67.71
07:16:33,4,13.98,0.00,12.90,0.00,0.00,5.38,0.00,0.00,0.00,67.74
07:16:33,5,15.38,0.00,12.09,0.00,0.00,4.40,0.00,0.00,0.00,68.13
07:16:33,6,13.19,0.00,13.19,0.00,0.00,5.49,0.00,0.00,0.00,68.13
07:16:33,7,15.05,0.00,11.83,0.00,0.00,3.23,0.00,0.00,0.00,69.89
07:16:33,12,15.96,0.00,13.83,0.00,0.00,4.26,0.00,0.00,0.00,65.96
07:16:33,13,17.39,0.00,16.30,0.00,0.00,5.43,0.00,0.00,0.00,60.87
07:16:33,14,16.48,0.00,12.09,0.00,0.00,3.30,0.00,0.00,0.00,68.13
07:16:33,15,13.83,0.00,12.77,0.00,0.00,4.26,0.00,0.00,0.00,69.15
07:16:34,4,14.58,0.00,14.58,0.00,0.00,4.17,0.00,0.00,0.00,66.67
07:16:34,5,13.04,0.00,13.04,0.00,0.00,4.35,0.00,0.00,0.00,69.57
07:16:34,6,14.13,0.00,11.96,0.00,0.00,4.35,0.00,0.00,0.00,69.57
07:16:34,7,13.54,0.00,12.50,0.00,0.00,3.12,0.00,0.00,0.00,70.83
07:16:34,12,13.98,0.00,13.98,0.00,0.00,5.38,0.00,0.00,0.00,66.67
07:16:34,13,16.13,0.00,15.05,0.00,0.00,4.30,0.00,0.00,0.00,64.52
07:16:34,14,15.96,0.00,12.77,0.00,0.00,5.32,0.00,0.00,0.00,65.96
07:16:34,15,13.98,0.00,11.83,0.00,0.00,4.30,0.00,0.00,0.00,69.89
07:16:35,4,13.98,0.00,11.83,0.00,0.00,5.38,0.00,0.00,0.00,68.82
07:16:35,5,13.68,0.00,14.74,0.00,0.00,3.16,0.00,0.00,0.00,68.42
07:16:35,6,14.58,0.00,15.62,0.00,0.00,5.21,0.00,0.00,0.00,64.58
07:16:35,7,13.33,0.00,10.00,0.00,0.00,4.44,0.00,0.00,0.00,72.22
07:16:35,12,17.02,0.00,10.64,0.00,0.00,4.26,0.00,0.00,0.00,68.09
07:16:35,13,12.09,0.00,13.19,0.00,0.00,5.49,0.00,0.00,0.00,69.23
07:16:35,14,15.56,0.00,10.00,0.00,0.00,4.44,0.00,0.00,0.00,70.00
07:16:35,15,13.19,0.00,10.99,0.00,0.00,4.40,0.00,0.00,0.00,71.43
07:16:36,4,15.38,0.00,15.38,0.00,0.00,4.40,0.00,0.00,0.00,64.84
07:16:36,5,16.84,0.00,13.68,0.00,0.00,4.21,0.00,0.00,0.00,65.26
07:16:36,6,16.13,0.00,11.83,0.00,0.00,5.38,0.00,0.00,0.00,66.67
07:16:36,7,13.98,0.00,10.75,0.00,0.00,4.30,0.00,0.00,0.00,70.97
07:16:36,12,14.89,0.00,12.77,0.00,0.00,5.32,0.00,0.00,0.00,67.02
07:16:36,13,15.22,0.00,11.96,0.00,0.00,4.35,0.00,0.00,0.00,68.48
07:16:36,14,13.98,0.00,11.83,0.00,0.00,5.38,0.00,0.00,0.00,68.82
07:16:36,15,14.89,0.00,10.64,1.06,0.00,4.26,0.00,0.00,0.00,69.15
07:16:37,4,14.89,0.00,12.77,0.00,0.00,4.26,0.00,0.00,0.00,68.09
07:16:37,5,14.58,0.00,12.50,0.00,0.00,6.25,0.00,0.00,0.00,66.67
07:16:37,6,13.83,0.00,12.77,0.00,0.00,5.32,0.00,0.00,0.00,68.09
07:16:37,7,14.13,0.00,10.87,0.00,0.00,5.43,0.00,0.00,0.00,69.57
07:16:37,12,13.04,0.00,13.04,0.00,0.00,3.26,0.00,0.00,0.00,70.65
07:16:37,13,15.79,0.00,11.58,0.00,0.00,4.21,0.00,0.00,0.00,68.42
07:16:37,14,15.05,0.00,12.90,0.00,0.00,3.23,0.00,0.00,0.00,68.82
07:16:37,15,15.79,0.00,10.53,0.00,0.00,5.26,0.00,0.00,0.00,68.42
07:16:38,4,20.43,0.00,13.98,0.00,0.00,4.30,0.00,0.00,0.00,61.29
07:16:38,5,15.22,0.00,11.96,0.00,0.00,4.35,0.00,0.00,0.00,68.48
07:16:38,6,13.98,0.00,15.05,0.00,0.00,5.38,0.00,0.00,0.00,65.59
07:16:38,7,11.96,0.00,11.96,0.00,0.00,3.26,0.00,0.00,0.00,72.83
07:16:38,12,17.02,0.00,14.89,0.00,0.00,5.32,0.00,0.00,0.00,62.77
07:16:38,13,15.38,0.00,13.19,0.00,0.00,4.40,0.00,0.00,0.00,67.03
07:16:38,14,14.89,0.00,13.83,0.00,0.00,4.26,0.00,0.00,0.00,67.02
07:16:38,15,13.68,0.00,11.58,0.00,0.00,4.21,0.00,0.00,0.00,70.53
07:16:39,4,13.33,0.00,11.11,0.00,0.00,4.44,0.00,0.00,0.00,71.11
07:16:39,5,17.39,0.00,10.87,0.00,0.00,4.35,0.00,0.00,0.00,67.39
07:16:39,6,15.22,0.00,11.96,0.00,0.00,4.35,0.00,0.00,0.00,68.48
07:16:39,7,14.89,0.00,9.57,0.00,0.00,5.32,0.00,0.00,0.00,70.21
07:16:39,12,14.89,0.00,11.70,0.00,0.00,6.38,0.00,0.00,0.00,67.02
07:16:39,13,14.13,0.00,13.04,0.00,0.00,4.35,0.00,0.00,0.00,68.48
07:16:39,14,14.29,0.00,10.99,0.00,0.00,4.40,0.00,0.00,0.00,70.33
07:16:39,15,11.96,0.00,10.87,0.00,0.00,5.43,0.00,0.00,0.00,71.74
07:16:40,4,13.04,0.00,11.96,0.00,0.00,5.43,0.00,0.00,0.00,69.57
07:16:40,5,14.89,0.00,12.77,0.00,0.00,4.26,0.00,0.00,0.00,68.09
07:16:40,6,15.79,0.00,11.58,0.00,0.00,5.26,0.00,0.00,0.00,67.37
07:16:40,7,11.96,0.00,10.87,0.00,0.00,4.35,0.00,0.00,0.00,72.83
07:16:40,12,14.89,0.00,12.77,0.00,0.00,5.32,0.00,0.00,0.00,67.02
07:16:40,13,14.29,0.00,13.19,0.00,0.00,5.49,0.00,0.00,0.00,67.03
07:16:40,14,13.33,0.00,13.33,0.00,0.00,3.33,0.00,0.00,0.00,70.00
07:16:40,15,15.79,0.00,10.53,0.00,0.00,5.26,0.00,0.00,0.00,68.42
07:16:41,4,15.05,0.00,11.83,0.00,0.00,4.30,0.00,0.00,0.00,68.82
07:16:41,5,16.13,0.00,10.75,0.00,0.00,6.45,0.00,0.00,0.00,66.67
07:16:41,6,15.79,0.00,14.74,0.00,0.00,5.26,0.00,0.00,0.00,64.21
07:16:41,7,14.13,0.00,8.70,0.00,0.00,5.43,0.00,0.00,0.00,71.74
07:16:41,12,14.89,0.00,11.70,1.06,0.00,6.38,0.00,0.00,0.00,65.96
07:16:41,13,15.22,0.00,13.04,0.00,0.00,3.26,0.00,0.00,0.00,68.48
07:16:41,14,13.33,0.00,13.33,0.00,0.00,4.44,0.00,0.00,0.00,68.89
07:16:41,15,12.90,0.00,10.75,0.00,0.00,4.30,0.00,0.00,0.00,72.04
07:16:42,4,15.79,0.00,12.63,0.00,0.00,6.32,0.00,0.00,0.00,65.26
07:16:42,5,16.30,0.00,14.13,0.00,0.00,4.35,0.00,0.00,0.00,65.22
07:16:42,6,13.83,0.00,12.77,0.00,0.00,4.26,0.00,0.00,0.00,69.15
07:16:42,7,13.68,0.00,11.58,0.00,0.00,4.21,0.00,0.00,0.00,70.53
07:16:42,12,12.90,0.00,13.98,0.00,0.00,3.23,0.00,0.00,0.00,69.89
07:16:42,13,15.05,0.00,12.90,0.00,0.00,6.45,0.00,0.00,0.00,65.59
07:16:42,14,13.04,0.00,13.04,0.00,0.00,5.43,0.00,0.00,0.00,68.48
07:16:42,15,12.09,0.00,12.09,0.00,0.00,4.40,0.00,0.00,0.00,71.43
07:16:43,4,13.04,0.00,16.30,0.00,0.00,4.35,0.00,0.00,0.00,66.30
07:16:43,5,15.22,0.00,11.96,0.00,0.00,5.43,0.00,0.00,0.00,67.39
07:16:43,6,13.19,0.00,13.19,0.00,0.00,4.40,0.00,0.00,0.00,69.23
07:16:43,7,15.05,0.00,10.75,0.00,0.00,5.38,0.00,0.00,0.00,68.82
07:16:43,12,16.49,0.00,14.43,0.00,0.00,6.19,0.00,0.00,0.00,62.89
07:16:43,13,16.48,0.00,14.29,0.00,0.00,3.30,0.00,0.00,0.00,65.93
07:16:43,14,16.67,0.00,13.54,0.00,0.00,4.17,0.00,0.00,0.00,65.62
07:16:43,15,15.79,0.00,11.58,0.00,0.00,4.21,0.00,0.00,0.00,68.42
07:16:44,4,13.04,0.00,14.13,0.00,0.00,4.35,0.00,0.00,0.00,68.48
07:16:44,5,15.38,0.00,12.09,0.00,0.00,5.49,0.00,0.00,0.00,67.03
07:16:44,6,14.74,0.00,11.58,0.00,0.00,5.26,0.00,0.00,0.00,68.42
07:16:44,7,12.77,0.00,10.64,0.00,0.00,4.26,0.00,0.00,0.00,72.34
07:16:44,12,14.13,0.00,14.13,0.00,0.00,4.35,0.00,0.00,0.00,67.39
07:16:44,13,15.38,0.00,14.29,0.00,0.00,4.40,0.00,0.00,0.00,65.93
07:16:44,14,15.96,0.00,11.70,0.00,0.00,5.32,0.00,0.00,0.00,67.02
07:16:44,15,14.89,0.00,9.57,0.00,0.00,4.26,0.00,0.00,0.00,71.28
07:16:45,4,14.89,0.00,13.83,0.00,0.00,5.32,0.00,0.00,0.00,65.96
07:16:45,5,16.13,0.00,10.75,0.00,0.00,4.30,0.00,0.00,0.00,68.82
07:16:45,6,16.13,0.00,11.83,0.00,0.00,5.38,0.00,0.00,0.00,66.67
07:16:45,7,13.68,0.00,13.68,0.00,0.00,3.16,0.00,0.00,0.00,69.47
07:16:45,12,14.74,0.00,13.68,0.00,0.00,4.21,0.00,0.00,0.00,67.37
07:16:45,13,15.22,0.00,10.87,0.00,0.00,4.35,0.00,0.00,0.00,69.57
07:16:45,14,15.38,0.00,10.99,0.00,0.00,4.40,0.00,0.00,0.00,69.23
07:16:45,15,14.13,0.00,11.96,0.00,0.00,3.26,0.00,0.00,0.00,70.65
07:16:46,4,13.83,0.00,13.83,0.00,0.00,4.26,0.00,0.00,0.00,68.09
07:16:46,5,14.13,0.00,14.13,0.00,0.00,4.35,0.00,0.00,0.00,67.39
07:16:46,6,15.05,0.00,12.90,0.00,0.00,4.30,0.00,0.00,0.00,67.74
07:16:46,7,13.19,0.00,10.99,0.00,0.00,4.40,0.00,0.00,0.00,71.43
07:16:46,12,14.29,0.00,9.89,0.00,0.00,5.49,0.00,0.00,0.00,70.33
07:16:46,13,15.96,0.00,12.77,0.00,0.00,6.38,0.00,0.00,0.00,64.89
07:16:46,14,15.22,0.00,11.96,1.09,0.00,4.35,0.00,0.00,0.00,67.39
07:16:46,15,13.98,0.00,11.83,0.00,0.00,4.30,0.00,0.00,0.00,69.89
07:16:47,4,15.05,0.00,16.13,0.00,0.00,5.38,0.00,0.00,0.00,63.44
07:16:47,5,15.73,0.00,11.24,0.00,0.00,5.62,0.00,0.00,0.00,67.42
07:16:47,6,15.22,0.00,10.87,0.00,0.00,5.43,0.00,0.00,0.00,68.48
07:16:47,7,14.58,0.00,12.50,0.00,0.00,5.21,0.00,0.00,0.00,67.71
07:16:47,12,13.54,0.00,15.62,0.00,0.00,5.21,0.00,0.00,0.00,65.62
07:16:47,13,14.13,0.00,14.13,0.00,0.00,3.26,0.00,0.00,0.00,68.48
07:16:47,14,15.05,0.00,13.98,0.00,0.00,3.23,0.00,0.00,0.00,67.74
07:16:47,15,15.79,0.00,11.58,0.00,0.00,3.16,0.00,0.00,0.00,69.47
07:16:48,4,14.89,0.00,13.83,0.00,0.00,4.26,0.00,0.00,0.00,67.02
07:16:48,5,16.13,0.00,13.98,0.00,0.00,5.38,0.00,0.00,0.00,64.52
07:16:48,6,15.96,0.00,12.77,0.00,0.00,5.32,0.00,0.00,0.00,65.96
07:16:48,7,15.05,0.00,10.75,0.00,0.00,3.23,0.00,0.00,0.00,70.97
07:16:48,12,14.13,0.00,11.96,0.00,0.00,4.35,0.00,0.00,0.00,69.57
07:16:48,13,19.79,0.00,12.50,0.00,0.00,6.25,0.00,0.00,0.00,61.46
07:16:48,14,14.58,0.00,14.58,0.00,0.00,5.21,0.00,0.00,0.00,65.62
07:16:48,15,14.89,0.00,10.64,0.00,0.00,4.26,0.00,0.00,0.00,70.21
07:16:49,4,15.56,0.00,12.22,0.00,0.00,4.44,0.00,0.00,0.00,67.78
07:16:49,5,14.58,0.00,13.54,0.00,0.00,6.25,0.00,0.00,0.00,65.62
07:16:49,6,15.05,0.00,12.90,0.00,0.00,4.30,0.00,0.00,0.00,67.74
07:16:49,7,12.77,0.00,13.83,0.00,0.00,4.26,0.00,0.00,0.00,69.15
07:16:49,12,14.29,0.00,12.09,0.00,0.00,4.40,0.00,0.00,0.00,69.23
07:16:49,13,15.22,0.00,13.04,0.00,0.00,4.35,0.00,0.00,0.00,67.39
07:16:49,14,15.56,0.00,10.00,0.00,0.00,4.44,0.00,0.00,0.00,70.00
07:16:49,15,13.33,0.00,10.00,0.00,0.00,4.44,0.00,0.00,0.00,72.22
07:16:50,4,13.98,0.00,13.98,0.00,0.00,4.30,0.00,0.00,0.00,67.74
07:16:50,5,16.30,0.00,9.78,0.00,0.00,5.43,0.00,0.00,0.00,68.48
07:16:50,6,13.19,0.00,12.09,0.00,0.00,4.40,0.00,0.00,0.00,70.33
07:16:50,7,13.19,0.00,9.89,0.00,0.00,4.40,0.00,0.00,0.00,72.53
07:16:50,12,13.19,0.00,10.99,0.00,0.00,4.40,0.00,0.00,0.00,71.43
07:16:50,13,16.30,0.00,13.04,0.00,0.00,5.43,0.00,0.00,0.00,65.22
07:16:50,14,15.05,0.00,13.98,0.00,0.00,5.38,0.00,0.00,0.00,65.59
07:16:50,15,13.98,0.00,11.83,0.00,0.00,5.38,0.00,0.00,0.00,68.82
07:16:51,4,13.68,0.00,12.63,0.00,0.00,4.21,0.00,0.00,0.00,69.47
07:16:51,5,16.30,0.00,11.96,2.17,0.00,3.26,0.00,0.00,0.00,66.30
07:16:51,6,16.30,0.00,10.87,0.00,0.00,2.17,0.00,0.00,0.00,70.65
07:16:51,7,11.70,0.00,11.70,0.00,0.00,6.38,0.00,0.00,0.00,70.21
07:16:51,12,15.05,0.00,13.98,0.00,0.00,5.38,0.00,0.00,0.00,65.59
07:16:51,13,14.13,0.00,11.96,0.00,0.00,4.35,0.00,0.00,0.00,69.57
07:16:51,14,15.22,0.00,11.96,0.00,0.00,3.26,0.00,0.00,0.00,69.57
07:16:51,15,12.09,0.00,13.19,0.00,0.00,3.30,0.00,0.00,0.00,71.43
07:16:52,4,13.19,0.00,15.38,0.00,0.00,5.49,0.00,0.00,0.00,65.93
07:16:52,5,15.05,0.00,11.83,0.00,0.00,5.38,0.00,0.00,0.00,67.74
07:16:52,6,16.48,0.00,12.09,0.00,0.00,4.40,0.00,0.00,0.00,67.03
07:16:52,7,12.09,0.00,12.09,0.00,0.00,4.40,0.00,0.00,0.00,71.43
07:16:52,12,15.05,0.00,12.90,0.00,0.00,4.30,0.00,0.00,0.00,67.74
07:16:52,13,16.13,0.00,11.83,0.00,0.00,5.38,0.00,0.00,0.00,66.67
07:16:52,14,13.04,0.00,13.04,0.00,0.00,5.43,0.00,0.00,0.00,68.48
07:16:52,15,13.68,0.00,11.58,0.00,0.00,6.32,0.00,0.00,0.00,68.42
07:16:53,4,14.58,0.00,15.62,0.00,0.00,5.21,0.00,0.00,0.00,64.58
07:16:53,5,17.02,0.00,12.77,0.00,0.00,4.26,0.00,0.00,0.00,65.96
07:16:53,6,13.68,0.00,14.74,0.00,0.00,5.26,0.00,0.00,0.00,66.32
07:16:53,7,15.62,0.00,12.50,0.00,0.00,4.17,0.00,0.00,0.00,67.71
07:16:53,12,20.43,0.00,15.05,0.00,0.00,4.30,0.00,0.00,0.00,60.22
07:16:53,13,12.36,0.00,13.48,0.00,0.00,4.49,0.00,0.00,0.00,69.66
07:16:53,14,17.71,0.00,13.54,0.00,0.00,5.21,0.00,0.00,0.00,63.54
07:16:53,15,15.05,0.00,11.83,0.00,0.00,5.38,0.00,0.00,0.00,67.74
07:16:54,4,15.38,0.00,10.99,1.10,0.00,5.49,0.00,0.00,0.00,67.03
07:16:54,5,15.56,0.00,12.22,0.00,0.00,5.56,0.00,0.00,0.00,66.67
07:16:54,6,14.13,0.00,13.04,0.00,0.00,4.35,0.00,0.00,0.00,68.48
07:16:54,7,13.04,0.00,11.96,0.00,0.00,5.43,0.00,0.00,0.00,69.57
07:16:54,12,13.68,0.00,14.74,0.00,0.00,5.26,0.00,0.00,0.00,66.32
07:16:54,13,14.13,0.00,11.96,0.00,0.00,5.43,0.00,0.00,0.00,68.48
07:16:54,14,13.04,0.00,13.04,0.00,0.00,3.26,0.00,0.00,0.00,70.65
07:16:54,15,13.83,0.00,11.70,0.00,0.00,4.26,0.00,0.00,0.00,70.21
07:16:55,4,15.62,0.00,14.58,0.00,0.00,5.21,0.00,0.00,0.00,64.58
07:16:55,5,17.02,0.00,12.77,0.00,0.00,4.26,0.00,0.00,0.00,65.96
07:16:55,6,15.96,0.00,10.64,0.00,0.00,6.38,0.00,0.00,0.00,67.02
07:16:55,7,13.83,0.00,12.77,0.00,0.00,4.26,0.00,0.00,0.00,69.15
07:16:55,12,14.13,0.00,13.04,0.00,0.00,3.26,0.00,0.00,0.00,69.57
07:16:55,13,15.22,0.00,13.04,0.00,0.00,5.43,0.00,0.00,0.00,66.30
07:16:55,14,14.89,0.00,14.89,0.00,0.00,5.32,0.00,0.00,0.00,64.89
07:16:55,15,14.13,0.00,9.78,0.00,0.00,4.35,0.00,0.00,0.00,71.74
07:16:56,4,14.13,0.00,14.13,0.00,0.00,4.35,0.00,0.00,0.00,67.39
07:16:56,5,16.13,0.00,11.83,0.00,0.00,4.30,0.00,0.00,0.00,67.74
07:16:56,6,14.44,0.00,11.11,0.00,0.00,3.33,0.00,0.00,0.00,71.11
07:16:56,7,12.63,0.00,11.58,0.00,0.00,5.26,0.00,0.00,0.00,70.53
07:16:56,12,15.22,0.00,13.04,0.00,0.00,4.35,0.00,0.00,0.00,67.39
07:16:56,13,15.38,0.00,12.09,0.00,0.00,4.40,0.00,0.00,0.00,68.13
07:16:56,14,12.90,0.00,13.98,0.00,0.00,4.30,0.00,0.00,0.00,68.82
07:16:56,15,14.89,0.00,9.57,0.00,0.00,5.32,0.00,0.00,0.00,70.21
07:16:57,4,14.13,0.00,10.87,0.00,0.00,5.43,0.00,0.00,0.00,69.57
07:16:57,5,15.38,0.00,12.09,0.00,0.00,3.30,0.00,0.00,0.00,69.23
07:16:57,6,12.90,0.00,10.75,0.00,0.00,6.45,0.00,0.00,0.00,69.89
07:16:57,7,14.13,0.00,10.87,0.00,0.00,3.26,0.00,0.00,0.00,71.74
07:16:57,12,14.89,0.00,14.89,0.00,0.00,4.26,0.00,0.00,0.00,65.96
07:16:57,13,15.05,0.00,13.98,0.00,0.00,4.30,0.00,0.00,0.00,66.67
07:16:57,14,15.79,0.00,13.68,0.00,0.00,5.26,0.00,0.00,0.00,65.26
07:16:57,15,14.89,0.00,12.77,0.00,0.00,4.26,0.00,0.00,0.00,68.09
07:16:58,4,15.22,0.00,11.96,0.00,0.00,4.35,0.00,0.00,0.00,68.48
07:16:58,5,17.20,0.00,12.90,0.00,0.00,6.45,0.00,0.00,0.00,63.44
07:16:58,6,14.13,0.00,11.96,0.00,0.00,4.35,0.00,0.00,0.00,69.57
07:16:58,7,13.33,0.00,10.00,0.00,0.00,4.44,0.00,0.00,0.00,72.22
07:16:58,12,16.30,0.00,14.13,0.00,0.00,4.35,0.00,0.00,0.00,65.22
07:16:58,13,18.28,0.00,15.05,0.00,0.00,5.38,0.00,0.00,0.00,61.29
07:16:58,14,15.38,0.00,12.09,0.00,0.00,4.40,0.00,0.00,0.00,68.13
07:16:58,15,14.13,0.00,13.04,0.00,0.00,3.26,0.00,0.00,0.00,69.57
07:16:59,4,13.98,0.00,12.90,0.00,0.00,5.38,0.00,0.00,0.00,67.74
07:16:59,5,15.05,0.00,12.90,0.00,0.00,5.38,0.00,0.00,0.00,66.67
07:16:59,6,16.67,0.00,14.58,0.00,0.00,4.17,0.00,0.00,0.00,64.58
07:16:59,7,11.58,0.00,12.63,0.00,0.00,4.21,0.00,0.00,0.00,71.58
07:16:59,12,13.33,0.00,11.11,0.00,0.00,5.56,0.00,0.00,0.00,70.00
07:16:59,13,12.09,0.00,14.29,0.00,0.00,5.49,0.00,0.00,0.00,68.13
07:16:59,14,15.96,0.00,12.77,0.00,0.00,6.38,0.00,0.00,0.00,64.89
07:16:59,15,12.90,0.00,11.83,0.00,0.00,5.38,0.00,0.00,0.00,69.89
07:17:00,4,14.13,0.00,11.96,0.00,0.00,5.43,0.00,0.00,0.00,68.48
07:17:00,5,14.29,0.00,13.19,0.00,0.00,4.40,0.00,0.00,0.00,68.13
07:17:00,6,15.22,0.00,11.96,1.09,0.00,5.43,0.00,0.00,0.00,66.30
07:17:00,7,13.98,0.00,11.83,0.00,0.00,4.30,0.00,0.00,0.00,69.89
07:17:00,12,13.98,0.00,11.83,1.08,0.00,5.38,0.00,0.00,0.00,67.74
07:17:00,13,16.13,0.00,13.98,1.08,0.00,4.30,0.00,0.00,0.00,64.52
07:17:00,14,15.38,0.00,12.09,0.00,0.00,4.40,0.00,0.00,0.00,68.13
07:17:00,15,15.22,0.00,10.87,0.00,0.00,4.35,0.00,0.00,0.00,69.57
07:17:01,4,14.44,0.00,12.22,0.00,0.00,5.56,0.00,0.00,0.00,67.78
07:17:01,5,15.05,0.00,13.98,0.00,0.00,4.30,0.00,0.00,0.00,66.67
07:17:01,6,12.22,0.00,13.33,0.00,0.00,4.44,0.00,0.00,0.00,70.00
07:17:01,7,12.37,0.00,13.40,0.00,0.00,5.15,0.00,0.00,0.00,69.07
07:17:01,12,15.05,0.00,12.90,0.00,0.00,5.38,0.00,0.00,0.00,66.67
07:17:01,13,15.96,0.00,13.83,0.00,0.00,4.26,0.00,0.00,0.00,65.96
07:17:01,14,15.22,0.00,10.87,0.00,0.00,4.35,0.00,0.00,0.00,69.57
07:17:01,15,10.99,0.00,10.99,0.00,0.00,4.40,0.00,0.00,0.00,73.63
07:17:02,4,13.83,0.00,12.77,0.00,0.00,4.26,0.00,0.00,0.00,69.15
07:17:02,5,13.04,0.00,10.87,0.00,0.00,5.43,0.00,0.00,0.00,70.65
07:17:02,6,14.89,0.00,12.77,0.00,0.00,5.32,0.00,0.00,0.00,67.02
07:17:02,7,11.58,0.00,11.58,0.00,0.00,6.32,0.00,0.00,0.00,70.53
07:17:02,12,13.83,0.00,14.89,0.00,0.00,5.32,0.00,0.00,0.00,65.96
07:17:02,13,12.90,0.00,13.98,0.00,0.00,5.38,0.00,0.00,0.00,67.74
07:17:02,14,14.89,0.00,12.77,0.00,0.00,5.32,0.00,0.00,0.00,67.02
07:17:02,15,13.04,0.00,9.78,0.00,0.00,5.43,0.00,0.00,0.00,71.74
07:17:03,4,15.96,0.00,13.83,0.00,0.00,5.32,0.00,0.00,0.00,64.89
07:17:03,5,15.05,0.00,12.90,0.00,0.00,5.38,0.00,0.00,0.00,66.67
07:17:03,6,17.02,0.00,12.77,0.00,0.00,5.32,0.00,0.00,0.00,64.89
07:17:03,7,13.98,0.00,11.83,0.00,0.00,5.38,0.00,0.00,0.00,68.82
07:17:03,12,16.67,0.00,14.58,0.00,0.00,5.21,0.00,0.00,0.00,63.54
07:17:03,13,17.02,0.00,15.96,0.00,0.00,5.32,0.00,0.00,0.00,61.70
07:17:03,14,16.84,0.00,12.63,0.00,0.00,5.26,0.00,0.00,0.00,65.26
07:17:03,15,16.67,0.00,12.50,0.00,0.00,5.21,0.00,0.00,0.00,65.62
07:17:04,4,14.29,0.00,13.19,0.00,0.00,4.40,0.00,0.00,0.00,68.13
07:17:04,5,16.30,0.00,14.13,0.00,0.00,5.43,0.00,0.00,0.00,64.13
07:17:04,6,14.44,0.00,12.22,0.00,0.00,4.44,0.00,0.00,0.00,68.89
07:17:04,7,13.68,0.00,12.63,0.00,0.00,4.21,0.00,0.00,0.00,69.47
07:17:04,12,13.19,0.00,13.19,0.00,0.00,3.30,0.00,0.00,0.00,70.33
07:17:04,13,15.22,0.00,15.22,0.00,0.00,4.35,0.00,0.00,0.00,65.22
07:17:04,14,14.13,0.00,11.96,0.00,0.00,4.35,0.00,0.00,0.00,69.57
07:17:04,15,13.54,0.00,12.50,0.00,0.00,5.21,0.00,0.00,0.00,68.75
07:17:05,4,13.83,0.00,13.83,0.00,0.00,5.32,0.00,0.00,0.00,67.02
07:17:05,5,15.22,0.00,15.22,0.00,0.00,4.35,0.00,0.00,0.00,65.22
07:17:05,6,13.33,0.00,13.33,0.00,0.00,5.56,0.00,0.00,0.00,67.78
07:17:05,7,12.09,0.00,10.99,1.10,0.00,4.40,0.00,0.00,0.00,71.43
07:17:05,12,14.58,0.00,13.54,0.00,0.00,5.21,0.00,0.00,0.00,66.67
07:17:05,13,14.61,0.00,13.48,0.00,0.00,4.49,0.00,0.00,0.00,67.42
07:17:05,14,15.05,0.00,10.75,1.08,0.00,5.38,0.00,0.00,0.00,67.74
07:17:05,15,11.11,0.00,11.11,0.00,0.00,4.44,0.00,0.00,0.00,73.33
07:17:06,4,15.96,0.00,12.77,0.00,0.00,3.19,0.00,0.00,0.00,68.09
07:17:06,5,14.89,0.00,11.70,0.00,0.00,5.32,0.00,0.00,0.00,68.09
07:17:06,6,12.90,0.00,11.83,0.00,0.00,5.38,0.00,0.00,0.00,69.89
07:17:06,7,14.89,0.00,10.64,0.00,0.00,4.26,0.00,0.00,0.00,70.21
07:17:06,12,16.30,0.00,11.96,0.00,0.00,4.35,0.00,0.00,0.00,67.39
07:17:06,13,16.30,0.00,10.87,0.00,0.00,4.35,0.00,0.00,0.00,68.48
07:17:06,14,12.22,0.00,13.33,0.00,0.00,4.44,0.00,0.00,0.00,70.00
07:17:06,15,12.77,0.00,13.83,0.00,0.00,4.26,0.00,0.00,0.00,69.15
07:17:07,4,14.89,0.00,12.77,0.00,0.00,3.19,0.00,0.00,0.00,69.15
07:17:07,5,14.44,0.00,13.33,0.00,0.00,5.56,0.00,0.00,0.00,66.67
07:17:07,6,13.98,0.00,12.90,0.00,0.00,4.30,0.00,0.00,0.00,68.82
07:17:07,7,11.96,0.00,11.96,0.00,0.00,5.43,0.00,0.00,0.00,70.65
07:17:07,12,13.68,0.00,16.84,0.00,0.00,5.26,0.00,0.00,0.00,64.21
07:17:07,13,14.29,0.00,13.19,0.00,0.00,5.49,0.00,0.00,0.00,67.03
07:17:07,14,16.30,0.00,11.96,0.00,0.00,3.26,0.00,0.00,0.00,68.48
07:17:07,15,14.58,0.00,11.46,0.00,0.00,4.17,0.00,0.00,0.00,69.79
07:17:08,4,13.04,0.00,13.04,0.00,0.00,4.35,0.00,0.00,0.00,69.57
07:17:08,5,14.29,0.00,13.19,0.00,0.00,3.30,0.00,0.00,0.00,69.23
07:17:08,6,14.74,0.00,12.63,0.00,0.00,4.21,0.00,0.00,0.00,68.42
07:17:08,7,14.74,0.00,11.58,0.00,0.00,4.21,0.00,0.00,0.00,69.47
07:17:08,12,14.74,0.00,12.63,0.00,0.00,5.26,0.00,0.00,0.00,67.37
07:17:08,13,14.29,0.00,12.09,0.00,0.00,4.40,0.00,0.00,0.00,69.23
07:17:08,14,13.19,0.00,13.19,0.00,0.00,5.49,0.00,0.00,0.00,68.13
07:17:08,15,13.98,0.00,12.90,0.00,0.00,4.30,0.00,0.00,0.00,68.82
07:17:09,4,16.33,0.00,13.27,0.00,0.00,5.10,0.00,0.00,0.00,65.31
07:17:09,5,16.13,0.00,13.98,0.00,0.00,5.38,0.00,0.00,0.00,64.52
07:17:09,6,15.22,0.00,14.13,0.00,0.00,5.43,0.00,0.00,0.00,65.22
07:17:09,7,13.98,0.00,12.90,0.00,0.00,4.30,0.00,0.00,0.00,68.82
07:17:09,12,15.96,0.00,11.70,0.00,0.00,4.26,0.00,0.00,0.00,68.09
07:17:09,13,18.28,0.00,15.05,0.00,0.00,4.30,0.00,0.00,0.00,62.37
07:17:09,14,15.38,0.00,12.09,0.00,0.00,5.49,0.00,0.00,0.00,67.03
07:17:09,15,13.98,0.00,13.98,0.00,0.00,4.30,0.00,0.00,0.00,67.74
07:17:10,4,14.29,0.00,13.19,0.00,0.00,5.49,0.00,0.00,0.00,67.03
07:17:10,5,15.05,0.00,12.90,0.00,0.00,5.38,0.00,0.00,0.00,66.67
07:17:10,6,12.90,0.00,13.98,0.00,0.00,4.30,0.00,0.00,0.00,68.82
07:17:10,7,12.50,0.00,11.46,0.00,0.00,5.21,0.00,0.00,0.00,70.83
07:17:10,12,15.22,0.00,14.13,0.00,0.00,6.52,0.00,0.00,0.00,64.13
07:17:10,13,14.89,0.00,13.83,0.00,0.00,6.38,0.00,0.00,0.00,64.89
07:17:10,14,13.04,0.00,14.13,0.00,0.00,5.43,0.00,0.00,0.00,67.39
07:17:10,15,11.58,0.00,12.63,1.05,0.00,4.21,0.00,0.00,0.00,70.53
07:17:11,4,13.98,0.00,12.90,0.00,0.00,6.45,0.00,0.00,0.00,66.67
07:17:11,5,15.22,0.00,13.04,0.00,0.00,3.26,0.00,0.00,0.00,68.48
07:17:11,6,13.33,0.00,12.22,0.00,0.00,4.44,0.00,0.00,0.00,70.00
07:17:11,7,13.68,0.00,11.58,0.00,0.00,5.26,0.00,0.00,0.00,69.47
07:17:11,12,14.29,0.00,16.48,0.00,0.00,3.30,0.00,0.00,0.00,65.93
07:17:11,13,15.22,0.00,11.96,0.00,0.00,3.26,0.00,0.00,0.00,69.57
07:17:11,14,14.89,0.00,11.70,0.00,0.00,5.32,0.00,0.00,0.00,68.09
07:17:11,15,11.83,0.00,12.90,0.00,0.00,4.30,0.00,0.00,0.00,70.97
07:17:12,4,14.58,0.00,12.50,0.00,0.00,4.17,0.00,0.00,0.00,68.75
07:17:12,5,15.56,0.00,10.00,0.00,0.00,5.56,0.00,0.00,0.00,68.89
07:17:12,6,14.13,0.00,13.04,0.00,0.00,3.26,0.00,0.00,0.00,69.57
07:17:12,7,13.98,0.00,11.83,0.00,0.00,4.30,0.00,0.00,0.00,69.89
07:17:12,12,15.62,0.00,13.54,0.00,0.00,5.21,0.00,0.00,0.00,65.62
07:17:12,13,17.89,0.00,11.58,0.00,0.00,4.21,0.00,0.00,0.00,66.32
07:17:12,14,15.05,0.00,11.83,0.00,0.00,3.23,0.00,0.00,0.00,69.89
07:17:12,15,11.58,0.00,13.68,0.00,0.00,5.26,0.00,0.00,0.00,69.47
07:17:13,4,14.74,0.00,13.68,0.00,0.00,4.21,0.00,0.00,0.00,67.37
07:17:13,5,16.13,0.00,11.83,0.00,0.00,4.30,0.00,0.00,0.00,67.74
07:17:13,6,13.04,0.00,13.04,0.00,0.00,5.43,0.00,0.00,0.00,68.48
07:17:13,7,12.77,0.00,12.77,0.00,0.00,4.26,0.00,0.00,0.00,70.21
07:17:13,12,13.54,0.00,14.58,0.00,0.00,5.21,0.00,0.00,0.00,66.67
07:17:13,13,13.48,0.00,12.36,0.00,0.00,4.49,0.00,0.00,0.00,69.66
07:17:13,14,13.33,0.00,12.22,0.00,0.00,5.56,0.00,0.00,0.00,68.89
07:17:13,15,12.90,0.00,11.83,0.00,0.00,4.30,0.00,0.00,0.00,70.97
07:17:14,4,12.09,0.00,15.38,0.00,0.00,4.40,0.00,0.00,0.00,68.13
07:17:14,5,16.84,0.00,11.58,0.00,0.00,4.21,0.00,0.00,0.00,67.37
07:17:14,6,15.38,0.00,14.29,0.00,0.00,4.40,0.00,0.00,0.00,65.93
07:17:14,7,13.19,0.00,10.99,0.00,0.00,5.49,0.00,0.00,0.00,70.33
07:17:14,12,14.74,0.00,13.68,0.00,0.00,5.26,0.00,0.00,0.00,66.32
07:17:14,13,18.09,0.00,12.77,0.00,0.00,5.32,0.00,0.00,0.00,63.83
07:17:14,14,18.09,0.00,11.70,0.00,0.00,3.19,0.00,0.00,0.00,67.02
07:17:14,15,13.83,0.00,12.77,0.00,0.00,5.32,0.00,0.00,0.00,68.09
07:17:15,4,13.19,0.00,13.19,0.00,0.00,4.40,0.00,0.00,0.00,69.23
07:17:15,5,14.89,0.00,12.77,0.00,0.00,5.32,0.00,0.00,0.00,67.02
07:17:15,6,13.04,0.00,11.96,0.00,0.00,5.43,0.00,0.00,0.00,69.57
07:17:15,7,12.90,0.00,11.83,0.00,0.00,4.30,0.00,0.00,0.00,70.97
07:17:15,12,14.89,0.00,11.70,0.00,0.00,4.26,0.00,0.00,0.00,69.15
07:17:15,13,13.19,0.00,12.09,0.00,0.00,5.49,0.00,0.00,0.00,69.23
07:17:15,14,14.61,0.00,11.24,0.00,0.00,4.49,0.00,0.00,0.00,69.66
07:17:15,15,13.83,0.00,12.77,0.00,0.00,5.32,0.00,0.00,0.00,68.09
07:17:16,4,13.68,0.00,14.74,0.00,0.00,4.21,0.00,0.00,0.00,67.37
07:17:16,5,15.22,0.00,10.87,0.00,0.00,4.35,0.00,0.00,0.00,69.57
07:17:16,6,16.84,0.00,11.58,0.00,0.00,5.26,0.00,0.00,0.00,66.32
07:17:16,7,13.98,0.00,11.83,0.00,0.00,4.30,0.00,0.00,0.00,69.89
07:17:16,12,15.05,0.00,11.83,0.00,0.00,5.38,0.00,0.00,0.00,67.74
07:17:16,13,13.33,0.00,14.44,0.00,0.00,3.33,0.00,0.00,0.00,68.89
07:17:16,14,17.35,0.00,14.29,0.00,0.00,4.08,0.00,0.00,0.00,64.29
07:17:16,15,15.38,0.00,10.99,0.00,0.00,2.20,0.00,0.00,0.00,71.43
07:17:17,4,13.83,0.00,12.77,0.00,0.00,4.26,0.00,0.00,0.00,69.15
07:17:17,5,15.05,0.00,12.90,0.00,0.00,5.38,0.00,0.00,0.00,66.67
07:17:17,6,15.38,0.00,13.19,0.00,0.00,4.40,0.00,0.00,0.00,67.03
07:17:17,7,14.13,0.00,11.96,0.00,0.00,3.26,0.00,0.00,0.00,70.65
07:17:17,12,13.98,0.00,12.90,0.00,0.00,4.30,0.00,0.00,0.00,68.82
07:17:17,13,13.83,0.00,13.83,0.00,0.00,5.32,0.00,0.00,0.00,67.02
07:17:17,14,16.84,0.00,11.58,0.00,0.00,4.21,0.00,0.00,0.00,67.37
07:17:17,15,11.70,0.00,12.77,0.00,0.00,4.26,0.00,0.00,0.00,71.28
07:17:18,4,15.62,0.00,12.50,0.00,0.00,5.21,0.00,0.00,0.00,66.67
07:17:18,5,15.38,0.00,10.99,0.00,0.00,4.40,0.00,0.00,0.00,69.23
07:17:18,6,16.13,0.00,12.90,0.00,0.00,4.30,0.00,0.00,0.00,66.67
07:17:18,7,13.04,0.00,11.96,0.00,0.00,5.43,0.00,0.00,0.00,69.57
07:17:18,12,14.13,0.00,13.04,0.00,0.00,3.26,0.00,0.00,0.00,69.57
07:17:18,13,15.05,0.00,10.75,0.00,0.00,6.45,0.00,0.00,0.00,67.74
07:17:18,14,14.13,0.00,11.96,0.00,0.00,5.43,0.00,0.00,0.00,68.48
07:17:18,15,13.83,0.00,11.70,0.00,0.00,4.26,0.00,0.00,0.00,70.21
07:17:19,4,13.83,0.00,13.83,0.00,0.00,5.32,0.00,0.00,0.00,67.02
07:17:19,5,17.20,0.00,13.98,0.00,0.00,4.30,0.00,0.00,0.00,64.52
07:17:19,6,15.56,0.00,13.33,0.00,0.00,3.33,0.00,0.00,0.00,67.78
07:17:19,7,11.83,0.00,13.98,0.00,0.00,4.30,0.00,0.00,0.00,69.89
07:17:19,12,13.98,0.00,11.83,0.00,0.00,7.53,0.00,0.00,0.00,66.67
07:17:19,13,17.20,0.00,16.13,1.08,0.00,5.38,0.00,0.00,0.00,60.22
07:17:19,14,16.13,0.00,15.05,0.00,0.00,4.30,0.00,0.00,0.00,64.52
07:17:19,15,13.19,0.00,12.09,0.00,0.00,5.49,0.00,0.00,0.00,69.23
07:17:20,4,13.19,0.00,14.29,0.00,0.00,3.30,0.00,0.00,0.00,69.23
07:17:20,5,14.29,0.00,13.19,0.00,0.00,4.40,0.00,0.00,0.00,68.13
07:17:20,6,13.04,0.00,14.13,0.00,0.00,5.43,0.00,0.00,0.00,67.39
07:17:20,7,13.04,0.00,11.96,1.09,0.00,4.35,0.00,0.00,0.00,69.57
07:17:20,12,14.89,0.00,14.89,0.00,0.00,4.26,0.00,0.00,0.00,65.96
07:17:20,13,13.98,0.00,12.90,0.00,0.00,4.30,0.00,0.00,0.00,68.82
07:17:20,14,15.05,0.00,11.83,0.00,0.00,5.38,0.00,0.00,0.00,67.74
07:17:20,15,14.89,0.00,13.83,0.00,0.00,4.26,0.00,0.00,0.00,67.02
07:17:21,4,16.49,0.00,13.40,0.00,0.00,4.12,0.00,0.00,0.00,65.98
07:17:21,5,14.74,0.00,12.63,0.00,0.00,5.26,0.00,0.00,0.00,67.37
07:17:21,6,14.44,0.00,12.22,0.00,0.00,4.44,0.00,0.00,0.00,68.89
07:17:21,7,13.98,0.00,13.98,0.00,0.00,3.23,0.00,0.00,0.00,68.82
07:17:21,12,13.83,0.00,11.70,0.00,0.00,5.32,0.00,0.00,0.00,69.15
07:17:21,13,13.33,0.00,12.22,0.00,0.00,3.33,0.00,0.00,0.00,71.11
07:17:21,14,15.05,0.00,13.98,0.00,0.00,3.23,0.00,0.00,0.00,67.74
07:17:21,15,13.04,0.00,10.87,0.00,0.00,5.43,0.00,0.00,0.00,70.65
07:17:22,4,13.19,0.00,12.09,0.00,0.00,3.30,0.00,0.00,0.00,71.43
07:17:22,5,13.33,0.00,11.11,0.00,0.00,4.44,0.00,0.00,0.00,71.11
07:17:22,6,13.98,0.00,13.98,0.00,0.00,4.30,0.00,0.00,0.00,67.74
07:17:22,7,15.22,0.00,9.78,0.00,0.00,4.35,0.00,0.00,0.00,70.65
07:17:22,12,14.13,0.00,11.96,0.00,0.00,4.35,0.00,0.00,0.00,69.57
07:17:22,13,14.89,0.00,12.77,0.00,0.00,4.26,0.00,0.00,0.00,68.09
07:17:22,14,16.48,0.00,9.89,0.00,0.00,4.40,0.00,0.00,0.00,69.23
07:17:22,15,15.96,0.00,11.70,0.00,0.00,5.32,0.00,0.00,0.00,67.02
07:17:23,4,15.05,0.00,11.83,0.00,0.00,4.30,0.00,0.00,0.00,68.82
07:17:23,5,13.83,0.00,11.70,0.00,0.00,6.38,0.00,0.00,0.00,68.09
07:17:23,6,12.22,0.00,11.11,0.00,0.00,5.56,0.00,0.00,0.00,71.11
07:17:23,7,13.98,0.00,11.83,0.00,0.00,4.30,0.00,0.00,0.00,69.89
07:17:23,12,12.90,0.00,11.83,0.00,0.00,5.38,0.00,0.00,0.00,69.89
07:17:23,13,14.74,0.00,12.63,0.00,0.00,5.26,0.00,0.00,0.00,67.37
07:17:23,14,12.90,0.00,13.98,0.00,0.00,5.38,0.00,0.00,0.00,67.74
07:17:23,15,14.89,0.00,11.70,0.00,0.00,4.26,0.00,0.00,0.00,69.15
07:17:24,4,14.74,0.00,12.63,0.00,0.00,6.32,0.00,0.00,0.00,66.32
07:17:24,5,13.04,0.00,14.13,0.00,0.00,4.35,0.00,0.00,0.00,68.48
07:17:24,6,13.98,0.00,10.75,0.00,0.00,5.38,0.00,0.00,0.00,69.89
07:17:24,7,13.83,0.00,11.70,0.00,0.00,4.26,0.00,0.00,0.00,70.21
07:17:24,12,18.28,0.00,11.83,2.15,0.00,4.30,0.00,0.00,0.00,63.44
07:17:24,13,19.57,0.00,15.22,0.00,0.00,4.35,0.00,0.00,0.00,60.87
07:17:24,14,15.05,0.00,12.90,0.00,0.00,4.30,0.00,0.00,0.00,67.74
07:17:24,15,13.19,0.00,12.09,0.00,0.00,4.40,0.00,0.00,0.00,70.33
07:17:25,4,14.13,0.00,14.13,0.00,0.00,4.35,0.00,0.00,0.00,67.39
07:17:25,5,15.38,0.00,10.99,0.00,0.00,4.40,0.00,0.00,0.00,69.23
07:17:25,6,13.33,0.00,12.22,0.00,0.00,3.33,0.00,0.00,0.00,71.11
07:17:25,7,13.98,0.00,10.75,0.00,0.00,5.38,0.00,0.00,0.00,69.89
07:17:25,12,14.13,0.00,11.96,0.00,0.00,4.35,0.00,0.00,0.00,69.57
07:17:25,13,15.96,0.00,12.77,0.00,0.00,5.32,0.00,0.00,0.00,65.96
07:17:25,14,13.83,0.00,12.77,0.00,0.00,5.32,0.00,0.00,0.00,68.09
07:17:25,15,14.29,0.00,9.89,1.10,0.00,5.49,0.00,0.00,0.00,69.23
07:17:26,4,13.83,0.00,12.77,0.00,0.00,5.32,0.00,0.00,0.00,68.09
07:17:26,5,15.38,0.00,15.38,0.00,0.00,4.40,0.00,0.00,0.00,64.84
07:17:26,6,14.89,0.00,12.77,0.00,0.00,5.32,0.00,0.00,0.00,67.02
07:17:26,7,15.79,0.00,12.63,0.00,0.00,4.21,0.00,0.00,0.00,67.37
07:17:26,12,14.74,0.00,14.74,0.00,0.00,4.21,0.00,0.00,0.00,66.32
07:17:26,13,14.29,0.00,12.09,0.00,0.00,4.40,0.00,0.00,0.00,69.23
07:17:26,14,14.89,0.00,12.77,0.00,0.00,4.26,0.00,0.00,0.00,68.09
07:17:26,15,14.74,0.00,11.58,0.00,0.00,5.26,0.00,0.00,0.00,68.42
07:17:27,4,15.05,0.00,11.83,0.00,0.00,5.38,0.00,0.00,0.00,67.74
07:17:27,5,15.05,0.00,11.83,0.00,0.00,4.30,0.00,0.00,0.00,68.82
07:17:27,6,13.04,0.00,11.96,0.00,0.00,4.35,0.00,0.00,0.00,70.65
07:17:27,7,11.96,0.00,11.96,0.00,0.00,4.35,0.00,0.00,0.00,71.74
07:17:27,12,13.19,0.00,14.29,0.00,0.00,5.49,0.00,0.00,0.00,67.03
07:17:27,13,14.13,0.00,13.04,0.00,0.00,5.43,0.00,0.00,0.00,67.39
07:17:27,14,13.19,0.00,13.19,0.00,0.00,4.40,0.00,0.00,0.00,69.23
07:17:27,15,13.33,0.00,11.11,0.00,0.00,4.44,0.00,0.00,0.00,71.11
07:17:28,4,15.79,0.00,12.63,0.00,0.00,4.21,0.00,0.00,0.00,67.37
07:17:28,5,15.38,0.00,9.89,0.00,0.00,4.40,0.00,0.00,0.00,70.33
07:17:28,6,14.29,0.00,12.09,0.00,0.00,3.30,0.00,0.00,0.00,70.33
07:17:28,7,13.83,0.00,12.77,0.00,0.00,4.26,0.00,0.00,0.00,69.15
07:17:28,12,13.68,0.00,13.68,0.00,0.00,6.32,0.00,0.00,0.00,66.32
07:17:28,13,13.19,0.00,14.29,0.00,0.00,5.49,0.00,0.00,0.00,67.03
07:17:28,14,13.98,0.00,12.90,0.00,0.00,5.38,0.00,0.00,0.00,67.74
07:17:28,15,14.13,0.00,11.96,0.00,0.00,4.35,0.00,0.00,0.00,69.57
07:17:29,4,15.38,0.00,14.29,0.00,0.00,4.40,0.00,0.00,0.00,65.93
07:17:29,5,20.00,0.00,13.33,0.00,0.00,4.44,0.00,0.00,0.00,62.22
07:17:29,6,14.13,0.00,13.04,0.00,0.00,4.35,0.00,0.00,0.00,68.48
07:17:29,7,12.90,0.00,11.83,0.00,0.00,5.38,0.00,0.00,0.00,69.89
07:17:29,12,16.13,0.00,13.98,1.08,0.00,5.38,0.00,0.00,0.00,63.44
07:17:29,13,17.89,0.00,14.74,0.00,0.00,5.26,0.00,0.00,0.00,62.11
07:17:29,14,16.33,0.00,16.33,0.00,0.00,6.12,0.00,0.00,0.00,61.22
07:17:29,15,14.74,0.00,12.63,0.00,0.00,4.21,0.00,0.00,0.00,68.42
07:17:30,4,15.96,0.00,11.70,0.00,0.00,5.32,0.00,0.00,0.00,67.02
07:17:30,5,18.28,0.00,15.05,0.00,0.00,3.23,0.00,0.00,0.00,63.44
07:17:30,6,14.29,0.00,13.19,0.00,0.00,3.30,0.00,0.00,0.00,69.23
07:17:30,7,13.04,0.00,10.87,0.00,0.00,3.26,0.00,0.00,0.00,72.83
07:17:30,12,15.79,0.00,15.79,0.00,0.00,4.21,0.00,0.00,0.00,64.21
07:17:30,13,15.22,0.00,14.13,0.00,0.00,5.43,0.00,0.00,0.00,65.22
07:17:30,14,15.56,0.00,11.11,0.00,0.00,3.33,0.00,0.00,0.00,70.00
07:17:30,15,13.54,0.00,12.50,0.00,0.00,5.21,0.00,0.00,0.00,68.75
07:17:31,4,13.04,0.00,13.04,0.00,0.00,4.35,0.00,0.00,0.00,69.57
07:17:31,5,14.89,0.00,18.09,0.00,0.00,4.26,0.00,0.00,0.00,62.77
07:17:31,6,14.89,0.00,13.83,0.00,0.00,5.32,0.00,0.00,0.00,65.96
07:17:31,7,15.05,0.00,10.75,0.00,0.00,5.38,0.00,0.00,0.00,68.82
07:17:31,12,12.90,0.00,13.98,0.00,0.00,5.38,0.00,0.00,0.00,67.74
07:17:31,13,17.02,0.00,10.64,0.00,0.00,5.32,0.00,0.00,0.00,67.02
07:17:31,14,13.83,0.00,13.83,0.00,0.00,4.26,0.00,0.00,0.00,68.09
07:17:31,15,14.89,0.00,10.64,0.00,0.00,5.32,0.00,0.00,0.00,69.15
07:17:32,4,16.84,0.00,13.68,0.00,0.00,5.26,0.00,0.00,0.00,64.21
07:17:32,5,13.83,0.00,13.83,0.00,0.00,5.32,0.00,0.00,0.00,67.02
07:17:32,6,14.13,0.00,11.96,0.00,0.00,4.35,0.00,0.00,0.00,69.57
07:17:32,7,11.96,0.00,11.96,0.00,0.00,4.35,0.00,0.00,0.00,71.74
07:17:32,12,13.98,0.00,12.90,0.00,0.00,4.30,0.00,0.00,0.00,68.82
07:17:32,13,15.56,0.00,12.22,0.00,0.00,4.44,0.00,0.00,0.00,67.78
07:17:32,14,16.13,0.00,11.83,0.00,0.00,5.38,0.00,0.00,0.00,66.67
07:17:32,15,12.63,0.00,13.68,0.00,0.00,5.26,0.00,0.00,0.00,68.42
07:17:33,4,14.13,0.00,13.04,0.00,0.00,4.35,0.00,0.00,0.00,68.48
07:17:33,5,16.48,0.00,13.19,0.00,0.00,5.49,0.00,0.00,0.00,64.84
07:17:33,6,14.29,0.00,12.09,0.00,0.00,4.40,0.00,0.00,0.00,69.23
07:17:33,7,14.89,0.00,10.64,0.00,0.00,4.26,0.00,0.00,0.00,70.21
07:17:33,12,14.89,0.00,14.89,0.00,0.00,5.32,0.00,0.00,0.00,64.89
07:17:33,13,14.13,0.00,13.04,0.00,0.00,4.35,0.00,0.00,0.00,68.48
07:17:33,14,13.48,0.00,11.24,0.00,0.00,4.49,0.00,0.00,0.00,70.79
07:17:33,15,13.68,0.00,12.63,0.00,0.00,4.21,0.00,0.00,0.00,69.47
07:17:34,4,16.48,0.00,13.19,0.00,0.00,4.40,0.00,0.00,0.00,65.93
07:17:34,5,15.79,0.00,13.68,0.00,0.00,5.26,0.00,0.00,0.00,65.26
07:17:34,6,15.96,0.00,10.64,0.00,0.00,5.32,0.00,0.00,0.00,68.09
07:17:34,7,12.09,0.00,12.09,0.00,0.00,3.30,0.00,0.00,0.00,72.53
07:17:34,12,15.96,0.00,12.77,0.00,0.00,4.26,0.00,0.00,0.00,67.02
07:17:34,13,21.28,0.00,12.77,2.13,0.00,5.32,0.00,0.00,0.00,58.51
07:17:34,14,16.13,0.00,11.83,0.00,0.00,5.38,0.00,0.00,0.00,66.67
07:17:34,15,14.74,0.00,12.63,0.00,0.00,5.26,0.00,0.00,0.00,67.37
07:17:35,4,14.13,0.00,13.04,0.00,0.00,6.52,0.00,0.00,0.00,66.30
07:17:35,5,15.96,0.00,13.83,0.00,0.00,4.26,0.00,0.00,0.00,65.96
07:17:35,6,13.54,0.00,13.54,0.00,0.00,6.25,0.00,0.00,0.00,66.67
07:17:35,7,13.83,0.00,11.70,0.00,0.00,5.32,0.00,0.00,0.00,69.15
07:17:35,12,13.98,0.00,12.90,0.00,0.00,5.38,0.00,0.00,0.00,67.74
07:17:35,13,15.05,0.00,15.05,0.00,0.00,4.30,0.00,0.00,0.00,65.59
07:17:35,14,14.13,0.00,11.96,0.00,0.00,5.43,0.00,0.00,0.00,68.48
07:17:35,15,12.22,0.00,12.22,0.00,0.00,4.44,0.00,0.00,0.00,71.11
07:17:36,4,13.98,0.00,13.98,0.00,0.00,4.30,0.00,0.00,0.00,67.74
07:17:36,5,15.22,0.00,11.96,0.00,0.00,5.43,0.00,0.00,0.00,67.39
07:17:36,6,13.04,0.00,14.13,0.00,0.00,5.43,0.00,0.00,0.00,67.39
07:17:36,7,10.53,0.00,13.68,0.00,0.00,5.26,0.00,0.00,0.00,70.53
07:17:36,12,13.40,0.00,13.40,0.00,0.00,6.19,0.00,0.00,0.00,67.01
07:17:36,13,17.89,0.00,14.74,0.00,0.00,5.26,0.00,0.00,0.00,62.11
07:17:36,14,15.79,0.00,14.74,0.00,0.00,4.21,0.00,0.00,0.00,65.26
07:17:36,15,11.83,0.00,11.83,0.00,0.00,4.30,0.00,0.00,0.00,72.04
07:17:37,4,14.13,0.00,10.87,0.00,0.00,4.35,0.00,0.00,0.00,70.65
07:17:37,5,17.39,0.00,13.04,0.00,0.00,3.26,0.00,0.00,0.00,66.30
07:17:37,6,13.19,0.00,12.09,0.00,0.00,4.40,0.00,0.00,0.00,70.33
07:17:37,7,13.98,0.00,12.90,0.00,0.00,4.30,0.00,0.00,0.00,68.82
07:17:37,12,16.13,0.00,10.75,0.00,0.00,4.30,0.00,0.00,0.00,68.82
07:17:37,13,14.74,0.00,12.63,0.00,0.00,6.32,0.00,0.00,0.00,66.32
07:17:37,14,13.04,0.00,13.04,0.00,0.00,6.52,0.00,0.00,0.00,67.39
07:17:37,15,13.98,0.00,11.83,0.00,0.00,4.30,0.00,0.00,0.00,69.89
07:17:38,4,14.13,0.00,13.04,0.00,0.00,4.35,0.00,0.00,0.00,68.48
07:17:38,5,15.05,0.00,12.90,0.00,0.00,4.30,0.00,0.00,0.00,67.74
07:17:38,6,15.22,0.00,14.13,0.00,0.00,4.35,0.00,0.00,0.00,66.30
07:17:38,7,12.77,0.00,12.77,0.00,0.00,5.32,0.00,0.00,0.00,69.15
07:17:38,12,14.89,0.00,11.70,0.00,0.00,5.32,0.00,0.00,0.00,68.09
07:17:38,13,15.22,0.00,16.30,0.00,0.00,4.35,0.00,0.00,0.00,64.13
07:17:38,14,15.79,0.00,13.68,0.00,0.00,4.21,0.00,0.00,0.00,66.32
07:17:38,15,14.74,0.00,11.58,0.00,0.00,5.26,0.00,0.00,0.00,68.42
07:17:39,4,18.48,0.00,10.87,0.00,0.00,4.35,0.00,0.00,0.00,66.30
07:17:39,5,15.05,0.00,15.05,0.00,0.00,5.38,0.00,0.00,0.00,64.52
07:17:39,6,14.13,0.00,11.96,0.00,0.00,5.43,0.00,0.00,0.00,68.48
07:17:39,7,13.83,0.00,12.77,0.00,0.00,5.32,0.00,0.00,0.00,68.09
07:17:39,12,13.19,0.00,13.19,0.00,0.00,4.40,0.00,0.00,0.00,69.23
07:17:39,13,16.13,0.00,15.05,2.15,0.00,4.30,0.00,0.00,0.00,62.37
07:17:39,14,14.44,0.00,12.22,0.00,0.00,4.44,0.00,0.00,0.00,68.89
07:17:39,15,14.13,0.00,14.13,0.00,0.00,3.26,0.00,0.00,0.00,68.48
07:17:40,4,14.13,0.00,13.04,0.00,0.00,4.35,0.00,0.00,0.00,68.48
07:17:40,5,15.05,0.00,12.90,0.00,0.00,4.30,0.00,0.00,0.00,67.74
07:17:40,6,16.48,0.00,12.09,0.00,0.00,4.40,0.00,0.00,0.00,67.03
07:17:40,7,15.05,0.00,10.75,0.00,0.00,4.30,0.00,0.00,0.00,69.89
07:17:40,12,14.29,0.00,10.99,0.00,0.00,5.49,0.00,0.00,0.00,69.23
07:17:40,13,14.44,0.00,14.44,0.00,0.00,4.44,0.00,0.00,0.00,66.67
07:17:40,14,13.83,0.00,12.77,0.00,0.00,6.38,0.00,0.00,0.00,67.02
07:17:40,15,15.22,0.00,10.87,0.00,0.00,4.35,0.00,0.00,0.00,69.57
07:17:41,4,14.89,0.00,13.83,0.00,0.00,5.32,0.00,0.00,0.00,65.96
07:17:41,5,14.89,0.00,13.83,0.00,0.00,4.26,0.00,0.00,0.00,67.02
07:17:41,6,12.77,0.00,14.89,0.00,0.00,4.26,0.00,0.00,0.00,68.09
07:17:41,7,10.87,0.00,13.04,0.00,0.00,4.35,0.00,0.00,0.00,71.74
07:17:41,12,13.54,0.00,14.58,0.00,0.00,6.25,0.00,0.00,0.00,65.62
07:17:41,13,12.09,0.00,12.09,0.00,0.00,5.49,0.00,0.00,0.00,70.33
07:17:41,14,14.13,0.00,10.87,0.00,0.00,5.43,0.00,0.00,0.00,69.57
07:17:41,15,13.68,0.00,11.58,0.00,0.00,5.26,0.00,0.00,0.00,69.47
07:17:42,4,13.98,0.00,12.90,0.00,0.00,5.38,0.00,0.00,0.00,67.74
07:17:42,5,15.38,0.00,12.09,0.00,0.00,3.30,0.00,0.00,0.00,69.23
07:17:42,6,12.90,0.00,11.83,0.00,0.00,5.38,0.00,0.00,0.00,69.89
07:17:42,7,13.54,0.00,12.50,0.00,0.00,4.17,0.00,0.00,0.00,69.79
07:17:42,12,14.29,0.00,12.09,0.00,0.00,4.40,0.00,0.00,0.00,69.23
07:17:42,13,16.30,0.00,13.04,0.00,0.00,5.43,0.00,0.00,0.00,65.22
07:17:42,14,15.22,0.00,10.87,0.00,0.00,5.43,0.00,0.00,0.00,68.48
07:17:42,15,11.96,0.00,13.04,0.00,0.00,5.43,0.00,0.00,0.00,69.57
07:17:43,4,15.05,0.00,11.83,0.00,0.00,4.30,0.00,0.00,0.00,68.82
07:17:43,5,14.74,0.00,15.79,0.00,0.00,4.21,0.00,0.00,0.00,65.26
07:17:43,6,15.96,0.00,11.70,0.00,0.00,4.26,0.00,0.00,0.00,68.09
07:17:43,7,14.58,0.00,13.54,0.00,0.00,4.17,0.00,0.00,0.00,67.71
07:17:43,12,15.22,0.00,10.87,0.00,0.00,4.35,0.00,0.00,0.00,69.57
07:17:43,13,15.22,0.00,10.87,0.00,0.00,5.43,0.00,0.00,0.00,68.48
07:17:43,14,17.02,0.00,12.77,0.00,0.00,4.26,0.00,0.00,0.00,65.96
07:17:43,15,14.89,0.00,12.77,0.00,0.00,4.26,0.00,0.00,0.00,68.09
07:17:44,4,15.38,0.00,13.19,0.00,0.00,3.30,0.00,0.00,0.00,68.13
07:17:44,5,14.29,0.00,14.29,0.00,0.00,4.40,0.00,0.00,0.00,67.03
07:17:44,6,15.22,0.00,10.87,1.09,0.00,5.43,0.00,0.00,0.00,67.39
07:17:44,7,14.89,0.00,11.70,0.00,0.00,4.26,0.00,0.00,0.00,69.15
07:17:44,12,18.95,0.00,14.74,0.00,0.00,5.26,0.00,0.00,0.00,61.05
07:17:44,13,17.71,0.00,12.50,0.00,0.00,5.21,0.00,0.00,0.00,64.58
07:17:44,14,15.22,0.00,11.96,0.00,0.00,5.43,0.00,0.00,0.00,67.39
07:17:44,15,13.83,0.00,13.83,0.00,0.00,4.26,0.00,0.00,0.00,68.09
07:17:45,4,13.98,0.00,11.83,0.00,0.00,5.38,0.00,0.00,0.00,68.82
07:17:45,5,16.48,0.00,16.48,1.10,0.00,4.40,0.00,0.00,0.00,61.54
07:17:45,6,16.67,0.00,10.00,0.00,0.00,4.44,0.00,0.00,0.00,68.89
07:17:45,7,13.04,0.00,11.96,0.00,0.00,5.43,0.00,0.00,0.00,69.57
07:17:45,12,13.98,0.00,12.90,0.00,0.00,4.30,0.00,0.00,0.00,68.82
07:17:45,13,15.05,0.00,11.83,0.00,0.00,5.38,0.00,0.00,0.00,67.74
07:17:45,14,17.02,0.00,10.64,0.00,0.00,4.26,0.00,0.00,0.00,68.09
07:17:45,15,13.83,0.00,11.70,0.00,0.00,4.26,0.00,0.00,0.00,70.21
07:17:46,4,13.19,0.00,13.19,0.00,0.00,3.30,0.00,0.00,0.00,70.33
07:17:46,5,13.98,0.00,13.98,0.00,0.00,4.30,0.00,0.00,0.00,67.74
07:17:46,6,13.19,0.00,14.29,0.00,0.00,5.49,0.00,0.00,0.00,67.03
07:17:46,7,14.13,0.00,11.96,0.00,0.00,4.35,0.00,0.00,0.00,69.57
07:17:46,12,14.58,0.00,15.62,0.00,0.00,4.17,0.00,0.00,0.00,65.62
07:17:46,13,14.89,0.00,13.83,0.00,0.00,4.26,0.00,0.00,0.00,67.02
07:17:46,14,14.44,0.00,12.22,0.00,0.00,4.44,0.00,0.00,0.00,68.89
07:17:46,15,14.89,0.00,11.70,0.00,0.00,4.26,0.00,0.00,0.00,69.15
07:17:47,4,15.96,0.00,17.02,0.00,0.00,4.26,0.00,0.00,0.00,62.77
07:17:47,5,17.20,0.00,12.90,0.00,0.00,4.30,0.00,0.00,0.00,65.59
07:17:47,6,15.05,0.00,10.75,0.00,0.00,5.38,0.00,0.00,0.00,68.82
07:17:47,7,10.75,0.00,11.83,0.00,0.00,3.23,0.00,0.00,0.00,74.19
07:17:47,12,13.48,0.00,12.36,0.00,0.00,5.62,0.00,0.00,0.00,68.54
07:17:47,13,14.29,0.00,14.29,0.00,0.00,5.49,0.00,0.00,0.00,65.93
07:17:47,14,15.46,0.00,14.43,0.00,0.00,6.19,0.00,0.00,0.00,63.92
07:17:47,15,13.68,0.00,10.53,0.00,0.00,4.21,0.00,0.00,0.00,71.58
07:17:48,4,14.29,0.00,10.99,0.00,0.00,4.40,0.00,0.00,0.00,70.33
07:17:48,5,14.44,0.00,12.22,0.00,0.00,5.56,0.00,0.00,0.00,67.78
07:17:48,6,14.89,0.00,12.77,0.00,0.00,4.26,0.00,0.00,0.00,68.09
07:17:48,7,13.68,0.00,11.58,0.00,0.00,4.21,0.00,0.00,0.00,70.53
07:17:48,12,15.96,0.00,12.77,0.00,0.00,5.32,0.00,0.00,0.00,65.96
07:17:48,13,15.22,0.00,11.96,0.00,0.00,4.35,0.00,0.00,0.00,68.48
07:17:48,14,14.89,0.00,11.70,0.00,0.00,5.32,0.00,0.00,0.00,68.09
07:17:48,15,13.04,0.00,13.04,0.00,0.00,4.35,0.00,0.00,0.00,69.57
07:17:49,4,15.22,0.00,15.22,0.00,0.00,5.43,0.00,0.00,0.00,64.13
07:17:49,5,17.39,0.00,11.96,0.00,0.00,4.35,0.00,0.00,0.00,66.30
07:17:49,6,13.98,0.00,12.90,0.00,0.00,4.30,0.00,0.00,0.00,68.82
07:17:49,7,14.13,0.00,9.78,0.00,0.00,5.43,0.00,0.00,0.00,70.65
07:17:49,12,15.05,0.00,13.98,0.00,0.00,4.30,0.00,0.00,0.00,66.67
07:17:49,13,18.48,0.00,13.04,2.17,0.00,5.43,0.00,0.00,0.00,60.87
07:17:49,14,13.19,0.00,13.19,0.00,0.00,4.40,0.00,0.00,0.00,69.23
07:17:49,15,11.83,0.00,13.98,0.00,0.00,5.38,0.00,0.00,0.00,68.82
07:17:50,4,16.48,0.00,13.19,0.00,0.00,4.40,0.00,0.00,0.00,65.93
07:17:50,5,15.22,0.00,11.96,0.00,0.00,6.52,0.00,0.00,0.00,66.30
07:17:50,6,15.56,0.00,12.22,0.00,0.00,5.56,0.00,0.00,0.00,66.67
07:17:50,7,12.77,0.00,12.77,0.00,0.00,4.26,0.00,0.00,0.00,70.21
07:17:50,12,11.96,0.00,14.13,0.00,0.00,4.35,0.00,0.00,0.00,69.57
07:17:50,13,14.44,0.00,12.22,0.00,0.00,5.56,0.00,0.00,0.00,67.78
07:17:50,14,16.84,0.00,12.63,2.11,0.00,5.26,0.00,0.00,0.00,63.16
07:17:50,15,12.77,0.00,12.77,0.00,0.00,4.26,0.00,0.00,0.00,70.21
07:17:51,4,13.83,0.00,11.70,0.00,0.00,5.32,0.00,0.00,0.00,69.15
07:17:51,5,15.05,0.00,12.90,0.00,0.00,4.30,0.00,0.00,0.00,67.74
07:17:51,6,14.89,0.00,11.70,0.00,0.00,6.38,0.00,0.00,0.00,67.02
07:17:51,7,12.90,0.00,11.83,0.00,0.00,4.30,0.00,0.00,0.00,70.97
07:17:51,12,14.89,0.00,11.70,0.00,0.00,5.32,0.00,0.00,0.00,68.09
07:17:51,13,14.13,0.00,13.04,0.00,0.00,4.35,0.00,0.00,0.00,68.48
07:17:51,14,15.62,0.00,11.46,0.00,0.00,5.21,0.00,0.00,0.00,67.71
07:17:51,15,14.58,0.00,10.42,0.00,0.00,6.25,0.00,0.00,0.00,68.75
07:17:52,4,15.22,0.00,13.04,0.00,0.00,4.35,0.00,0.00,0.00,67.39
07:17:52,5,15.22,0.00,13.04,0.00,0.00,6.52,0.00,0.00,0.00,65.22
07:17:52,6,15.96,0.00,12.77,0.00,0.00,4.26,0.00,0.00,0.00,67.02
07:17:52,7,13.19,0.00,10.99,0.00,0.00,4.40,0.00,0.00,0.00,71.43
07:17:52,12,15.22,0.00,11.96,0.00,0.00,3.26,0.00,0.00,0.00,69.57
07:17:52,13,15.96,0.00,14.89,0.00,0.00,4.26,0.00,0.00,0.00,64.89
07:17:52,14,13.19,0.00,13.19,0.00,0.00,5.49,0.00,0.00,0.00,68.13
07:17:52,15,11.24,0.00,10.11,0.00,0.00,4.49,0.00,0.00,0.00,74.16
07:17:53,4,15.05,0.00,11.83,0.00,0.00,5.38,0.00,0.00,0.00,67.74
07:17:53,5,14.74,0.00,13.68,0.00,0.00,4.21,0.00,0.00,0.00,67.37
07:17:53,6,14.77,0.00,11.36,0.00,0.00,4.55,0.00,0.00,0.00,69.32
07:17:53,7,14.13,0.00,11.96,0.00,0.00,3.26,0.00,0.00,0.00,70.65
07:17:53,12,12.63,0.00,14.74,0.00,0.00,6.32,0.00,0.00,0.00,66.32
07:17:53,13,15.22,0.00,10.87,0.00,0.00,5.43,0.00,0.00,0.00,68.48
07:17:53,14,14.13,0.00,13.04,0.00,0.00,4.35,0.00,0.00,0.00,68.48
07:17:53,15,12.90,0.00,11.83,0.00,0.00,4.30,0.00,0.00,0.00,70.97
07:17:54,4,15.22,0.00,10.87,0.00,0.00,4.35,0.00,0.00,0.00,69.57
07:17:54,5,13.98,0.00,12.90,0.00,0.00,5.38,0.00,0.00,0.00,67.74
07:17:54,6,14.43,0.00,14.43,0.00,0.00,4.12,0.00,0.00,0.00,67.01
07:17:54,7,12.50,0.00,12.50,0.00,0.00,6.25,0.00,0.00,0.00,68.75
07:17:54,12,16.67,0.00,13.54,0.00,0.00,6.25,0.00,0.00,0.00,63.54
07:17:54,13,15.56,0.00,15.56,0.00,0.00,4.44,0.00,0.00,0.00,64.44
07:17:54,14,15.62,0.00,13.54,0.00,0.00,5.21,0.00,0.00,0.00,65.62
07:17:54,15,16.13,0.00,10.75,0.00,0.00,5.38,0.00,0.00,0.00,67.74
07:17:55,4,14.89,0.00,14.89,0.00,0.00,4.26,0.00,0.00,0.00,65.96
07:17:55,5,16.48,0.00,13.19,0.00,0.00,3.30,0.00,0.00,0.00,67.03
07:17:55,6,15.22,0.00,10.87,0.00,0.00,7.61,0.00,0.00,0.00,66.30
07:17:55,7,13.98,0.00,12.90,0.00,0.00,4.30,0.00,0.00,0.00,68.82
07:17:55,12,14.89,0.00,14.89,0.00,0.00,4.26,0.00,0.00,0.00,65.96
07:17:55,13,15.05,0.00,12.90,2.15,0.00,5.38,0.00,0.00,0.00,64.52
07:17:55,14,14.74,0.00,14.74,0.00,0.00,4.21,0.00,0.00,0.00,66.32
07:17:55,15,15.38,0.00,12.09,0.00,0.00,3.30,0.00,0.00,0.00,69.23
07:17:56,4,15.79,0.00,13.68,0.00,0.00,4.21,0.00,0.00,0.00,66.32
07:17:56,5,13.98,0.00,12.90,0.00,0.00,6.45,0.00,0.00,0.00,66.67
07:17:56,6,15.05,0.00,11.83,0.00,0.00,5.38,0.00,0.00,0.00,67.74
07:17:56,7,15.05,0.00,10.75,0.00,0.00,4.30,0.00,0.00,0.00,69.89
07:17:56,12,15.96,0.00,12.77,0.00,0.00,5.32,0.00,0.00,0.00,65.96
07:17:56,13,12.90,0.00,13.98,0.00,0.00,5.38,0.00,0.00,0.00,67.74
07:17:56,14,15.38,0.00,13.19,0.00,0.00,2.20,0.00,0.00,0.00,69.23
07:17:56,15,15.62,0.00,11.46,0.00,0.00,5.21,0.00,0.00,0.00,67.71
07:17:57,4,15.38,0.00,12.09,0.00,0.00,3.30,0.00,0.00,0.00,69.23
07:17:57,5,15.96,0.00,14.89,0.00,0.00,4.26,0.00,0.00,0.00,64.89
07:17:57,6,14.44,0.00,12.22,0.00,0.00,3.33,0.00,0.00,0.00,70.00
07:17:57,7,11.70,0.00,13.83,0.00,0.00,4.26,0.00,0.00,0.00,70.21
07:17:57,12,15.22,0.00,11.96,0.00,0.00,5.43,0.00,0.00,0.00,67.39
07:17:57,13,14.29,0.00,13.19,0.00,0.00,4.40,0.00,0.00,0.00,68.13
07:17:57,14,17.02,0.00,12.77,0.00,0.00,5.32,0.00,0.00,0.00,64.89
07:17:57,15,14.58,0.00,12.50,0.00,0.00,4.17,0.00,0.00,0.00,68.75
07:17:58,4,15.96,0.00,10.64,0.00,0.00,5.32,0.00,0.00,0.00,68.09
07:17:58,5,15.22,0.00,13.04,0.00,0.00,5.43,0.00,0.00,0.00,66.30
07:17:58,6,13.98,0.00,12.90,0.00,0.00,5.38,0.00,0.00,0.00,67.74
07:17:58,7,13.98,0.00,11.83,0.00,0.00,4.30,0.00,0.00,0.00,69.89
07:17:58,12,13.98,0.00,15.05,0.00,0.00,5.38,0.00,0.00,0.00,65.59
07:17:58,13,13.83,0.00,13.83,0.00,0.00,5.32,0.00,0.00,0.00,67.02
07:17:58,14,14.44,0.00,11.11,0.00,0.00,3.33,0.00,0.00,0.00,71.11
07:17:58,15,13.04,0.00,10.87,0.00,0.00,5.43,0.00,0.00,0.00,70.65
07:17:59,4,14.44,0.00,13.33,0.00,0.00,3.33,0.00,0.00,0.00,68.89
07:17:59,5,14.13,0.00,15.22,0.00,0.00,5.43,0.00,0.00,0.00,65.22
07:17:59,6,13.19,0.00,13.19,0.00,0.00,4.40,0.00,0.00,0.00,69.23
07:17:59,7,15.22,0.00,9.78,0.00,0.00,4.35,0.00,0.00,0.00,70.65
07:17:59,12,14.89,0.00,13.83,0.00,0.00,3.19,0.00,0.00,0.00,68.09
07:17:59,13,13.33,0.00,14.44,0.00,0.00,4.44,0.00,0.00,0.00,67.78
07:17:59,14,15.56,0.00,10.00,0.00,0.00,4.44,0.00,0.00,0.00,70.00
07:17:59,15,12.77,0.00,11.70,0.00,0.00,5.32,0.00,0.00,0.00,70.21
07:18:00,4,18.48,0.00,11.96,2.17,0.00,3.26,0.00,0.00,0.00,64.13
07:18:00,5,16.13,0.00,11.83,0.00,0.00,6.45,0.00,0.00,0.00,65.59
07:18:00,6,15.05,0.00,13.98,0.00,0.00,4.30,0.00,0.00,0.00,66.67
07:18:00,7,15.62,0.00,12.50,0.00,0.00,5.21,0.00,0.00,0.00,66.67
07:18:00,12,12.90,0.00,15.05,0.00,0.00,5.38,0.00,0.00,0.00,66.67
07:18:00,13,14.29,0.00,14.29,0.00,0.00,5.49,0.00,0.00,0.00,65.93
07:18:00,14,17.89,0.00,12.63,0.00,0.00,6.32,0.00,0.00,0.00,63.16
07:18:00,15,16.30,0.00,10.87,1.09,0.00,5.43,0.00,0.00,0.00,66.30
07:18:01,4,15.22,0.00,13.04,0.00,0.00,5.43,0.00,0.00,0.00,66.30
07:18:01,5,15.22,0.00,15.22,0.00,0.00,5.43,0.00,0.00,0.00,64.13
07:18:01,6,14.89,0.00,13.83,0.00,0.00,4.26,0.00,0.00,0.00,67.02
07:18:01,7,11.83,0.00,10.75,0.00,0.00,5.38,0.00,0.00,0.00,72.04
07:18:01,12,17.53,0.00,13.40,0.00,0.00,5.15,0.00,0.00,0.00,63.92
07:18:01,13,15.91,0.00,11.36,0.00,0.00,4.55,0.00,0.00,0.00,68.18
07:18:01,14,16.13,0.00,10.75,0.00,0.00,4.30,0.00,0.00,0.00,68.82
07:18:01,15,11.11,0.00,10.00,0.00,0.00,4.44,0.00,0.00,0.00,74.44
07:18:02,4,13.19,0.00,12.09,0.00,0.00,4.40,0.00,0.00,0.00,70.33
07:18:02,5,16.49,0.00,12.37,0.00,0.00,5.15,0.00,0.00,0.00,65.98
07:18:02,6,14.13,0.00,11.96,0.00,0.00,4.35,0.00,0.00,0.00,69.57
07:18:02,7,14.74,0.00,12.63,0.00,0.00,4.21,0.00,0.00,0.00,68.42
07:18:02,12,15.96,0.00,10.64,0.00,0.00,6.38,0.00,0.00,0.00,67.02
07:18:02,13,14.74,0.00,13.68,0.00,0.00,5.26,0.00,0.00,0.00,66.32
07:18:02,14,16.13,0.00,11.83,0.00,0.00,4.30,0.00,0.00,0.00,67.74
07:18:02,15,13.04,0.00,14.13,0.00,0.00,4.35,0.00,0.00,0.00,68.48
07:18:03,4,14.74,0.00,13.68,0.00,0.00,5.26,0.00,0.00,0.00,66.32
07:18:03,5,14.89,0.00,11.70,0.00,0.00,6.38,0.00,0.00,0.00,67.02
07:18:03,6,15.38,0.00,13.19,0.00,0.00,4.40,0.00,0.00,0.00,67.03
07:18:03,7,13.83,0.00,12.77,0.00,0.00,4.26,0.00,0.00,0.00,69.15
07:18:03,12,15.22,0.00,10.87,0.00,0.00,4.35,0.00,0.00,0.00,69.57
07:18:03,13,15.05,0.00,10.75,0.00,0.00,6.45,0.00,0.00,0.00,67.74
07:18:03,14,13.83,0.00,14.89,0.00,0.00,5.32,0.00,0.00,0.00,65.96
07:18:03,15,14.13,0.00,11.96,0.00,0.00,3.26,0.00,0.00,0.00,70.65
07:18:04,4,13.04,0.00,10.87,0.00,0.00,6.52,0.00,0.00,0.00,69.57
07:18:04,5,13.98,0.00,11.83,0.00,0.00,5.38,0.00,0.00,0.00,68.82
07:18:04,6,14.13,0.00,9.78,0.00,0.00,5.43,0.00,0.00,0.00,70.65
07:18:04,7,13.19,0.00,10.99,0.00,0.00,5.49,0.00,0.00,0.00,70.33
07:18:04,12,15.05,0.00,12.90,0.00,0.00,4.30,0.00,0.00,0.00,67.74
07:18:04,13,15.05,0.00,12.90,0.00,0.00,3.23,0.00,0.00,0.00,68.82
07:18:04,14,15.05,0.00,10.75,0.00,0.00,4.30,0.00,0.00,0.00,69.89
07:18:04,15,15.46,0.00,12.37,0.00,0.00,5.15,0.00,0.00,0.00,67.01
07:18:05,4,17.89,0.00,13.68,0.00,0.00,4.21,0.00,0.00,0.00,64.21
07:18:05,5,16.30,0.00,13.04,1.09,0.00,3.26,0.00,0.00,0.00,66.30
07:18:05,6,15.05,0.00,12.90,0.00,0.00,5.38,0.00,0.00,0.00,66.67
07:18:05,7,13.83,0.00,12.77,0.00,0.00,4.26,0.00,0.00,0.00,69.15
07:18:05,12,18.95,0.00,11.58,2.11,0.00,6.32,0.00,0.00,0.00,61.05
07:18:05,13,16.13,0.00,11.83,0.00,0.00,5.38,0.00,0.00,0.00,66.67
07:18:05,14,16.13,0.00,13.98,0.00,0.00,4.30,0.00,0.00,0.00,65.59
07:18:05,15,15.96,0.00,11.70,0.00,0.00,4.26,0.00,0.00,0.00,68.09
07:18:06,4,17.02,0.00,14.89,0.00,0.00,3.19,0.00,0.00,0.00,64.89
07:18:06,5,14.44,0.00,13.33,0.00,0.00,5.56,0.00,0.00,0.00,66.67
07:18:06,6,15.38,0.00,10.99,0.00,0.00,4.40,0.00,0.00,0.00,69.23
07:18:06,7,13.68,0.00,11.58,0.00,0.00,5.26,0.00,0.00,0.00,69.47
07:18:06,12,16.48,0.00,10.99,0.00,0.00,5.49,0.00,0.00,0.00,67.03
07:18:06,13,15.79,0.00,12.63,0.00,0.00,5.26,0.00,0.00,0.00,66.32
07:18:06,14,14.89,0.00,10.64,0.00,0.00,5.32,0.00,0.00,0.00,69.15
07:18:06,15,13.68,0.00,11.58,0.00,0.00,5.26,0.00,0.00,0.00,69.47
07:18:07,4,13.33,0.00,11.11,0.00,0.00,6.67,0.00,0.00,0.00,68.89
07:18:07,5,13.98,0.00,12.90,0.00,0.00,6.45,0.00,0.00,0.00,66.67
07:18:07,6,12.09,0.00,13.19,0.00,0.00,4.40,0.00,0.00,0.00,70.33
07:18:07,7,12.77,0.00,13.83,0.00,0.00,5.32,0.00,0.00,0.00,68.09
07:18:07,12,15.79,0.00,12.63,0.00,0.00,5.26,0.00,0.00,0.00,66.32
07:18:07,13,17.02,0.00,12.77,0.00,0.00,3.19,0.00,0.00,0.00,67.02
07:18:07,14,13.33,0.00,12.22,0.00,0.00,3.33,0.00,0.00,0.00,71.11
07:18:07,15,15.05,0.00,11.83,0.00,0.00,4.30,0.00,0.00,0.00,68.82
07:18:08,4,14.74,0.00,12.63,0.00,0.00,4.21,0.00,0.00,0.00,68.42
07:18:08,5,16.30,0.00,11.96,0.00,0.00,5.43,0.00,0.00,0.00,66.30
07:18:08,6,15.96,0.00,11.70,0.00,0.00,5.32,0.00,0.00,0.00,67.02
07:18:08,7,14.13,0.00,13.04,0.00,0.00,3.26,0.00,0.00,0.00,69.57
07:18:08,12,14.89,0.00,12.77,0.00,0.00,5.32,0.00,0.00,0.00,67.02
07:18:08,13,12.09,0.00,10.99,0.00,0.00,6.59,0.00,0.00,0.00,70.33
07:18:08,14,15.79,0.00,11.58,0.00,0.00,5.26,0.00,0.00,0.00,67.37
07:18:08,15,14.89,0.00,12.77,0.00,0.00,3.19,0.00,0.00,0.00,69.15
07:18:09,4,13.19,0.00,12.09,0.00,0.00,4.40,0.00,0.00,0.00,70.33
07:18:09,5,14.89,0.00,12.77,0.00,0.00,5.32,0.00,0.00,0.00,67.02
07:18:09,6,15.22,0.00,13.04,0.00,0.00,4.35,0.00,0.00,0.00,67.39
07:18:09,7,13.98,0.00,10.75,0.00,0.00,4.30,0.00,0.00,0.00,70.97
07:18:09,12,12.90,0.00,12.90,0.00,0.00,5.38,0.00,0.00,0.00,68.82
07:18:09,13,13.19,0.00,14.29,0.00,0.00,3.30,0.00,0.00,0.00,69.23
07:18:09,14,16.84,0.00,12.63,0.00,0.00,4.21,0.00,0.00,0.00,66.32
07:18:09,15,13.98,0.00,10.75,0.00,0.00,4.30,0.00,0.00,0.00,70.97
07:18:10,4,16.30,0.00,13.04,0.00,0.00,4.35,0.00,0.00,0.00,66.30
07:18:10,5,15.22,0.00,13.04,0.00,0.00,5.43,0.00,0.00,0.00,66.30
07:18:10,6,14.29,0.00,12.09,1.10,0.00,5.49,0.00,0.00,0.00,67.03
07:18:10,7,13.54,0.00,10.42,0.00,0.00,6.25,0.00,0.00,0.00,69.79
07:18:10,12,19.57,0.00,14.13,0.00,0.00,4.35,0.00,0.00,0.00,61.96
07:18:10,13,18.28,0.00,15.05,0.00,0.00,4.30,0.00,0.00,0.00,62.37
07:18:10,14,17.58,0.00,13.19,0.00,0.00,4.40,0.00,0.00,0.00,64.84
07:18:10,15,14.13,0.00,14.13,0.00,0.00,4.35,0.00,0.00,0.00,67.39
07:18:11,4,14.74,0.00,13.68,0.00,0.00,4.21,0.00,0.00,0.00,67.37
07:18:11,5,14.29,0.00,16.48,0.00,0.00,4.40,0.00,0.00,0.00,64.84
07:18:11,6,15.38,0.00,12.09,0.00,0.00,4.40,0.00,0.00,0.00,68.13
07:18:11,7,13.04,0.00,13.04,0.00,0.00,4.35,0.00,0.00,0.00,69.57
07:18:11,12,15.22,0.00,11.96,0.00,0.00,5.43,0.00,0.00,0.00,67.39
07:18:11,13,13.04,0.00,13.04,0.00,0.00,6.52,0.00,0.00,0.00,67.39
07:18:11,14,15.05,0.00,12.90,0.00,0.00,5.38,0.00,0.00,0.00,66.67
07:18:11,15,14.89,0.00,10.64,0.00,0.00,5.32,0.00,0.00,0.00,69.15
07:18:12,4,15.96,0.00,10.64,0.00,0.00,5.32,0.00,0.00,0.00,68.09
07:18:12,5,15.96,0.00,11.70,0.00,0.00,5.32,0.00,0.00,0.00,67.02
07:18:12,6,15.05,0.00,13.98,0.00,0.00,6.45,0.00,0.00,0.00,64.52
07:18:12,7,13.04,0.00,11.96,0.00,0.00,5.43,0.00,0.00,0.00,69.57
07:18:12,12,15.05,0.00,12.90,0.00,0.00,4.30,0.00,0.00,0.00,67.74
07:18:12,13,14.89,0.00,12.77,0.00,0.00,5.32,0.00,0.00,0.00,67.02
07:18:12,14,15.79,0.00,11.58,0.00,0.00,5.26,0.00,0.00,0.00,67.37
07:18:12,15,14.29,0.00,12.09,0.00,0.00,3.30,0.00,0.00,0.00,70.33
07:18:13,4,15.05,0.00,12.90,0.00,0.00,4.30,0.00,0.00,0.00,67.74
07:18:13,5,14.89,0.00,14.89,0.00,0.00,4.26,0.00,0.00,0.00,65.96
07:18:13,6,15.22,0.00,10.87,0.00,0.00,5.43,0.00,0.00,0.00,68.48
07:18:13,7,11.96,0.00,11.96,0.00,0.00,5.43,0.00,0.00,0.00,70.65
07:18:13,12,15.96,0.00,14.89,0.00,0.00,4.26,0.00,0.00,0.00,64.89
07:18:13,13,14.13,0.00,14.13,0.00,0.00,4.35,0.00,0.00,0.00,67.39
07:18:13,14,14.44,0.00,11.11,0.00,0.00,4.44,0.00,0.00,0.00,70.00
07:18:13,15,15.96,0.00,10.64,0.00,0.00,4.26,0.00,0.00,0.00,69.15
07:18:14,4,14.89,0.00,12.77,0.00,0.00,5.32,0.00,0.00,0.00,67.02
07:18:14,5,15.96,0.00,12.77,0.00,0.00,5.32,0.00,0.00,0.00,65.96
07:18:14,6,14.13,0.00,13.04,0.00,0.00,4.35,0.00,0.00,0.00,68.48
07:18:14,7,13.68,0.00,11.58,0.00,0.00,5.26,0.00,0.00,0.00,69.47
07:18:14,12,15.38,0.00,10.99,0.00,0.00,4.40,0.00,0.00,0.00,69.23
07:18:14,13,15.38,0.00,15.38,0.00,0.00,4.40,0.00,0.00,0.00,64.84
07:18:14,14,16.48,0.00,10.99,0.00,0.00,4.40,0.00,0.00,0.00,68.13
07:18:14,15,15.22,0.00,10.87,0.00,0.00,4.35,0.00,0.00,0.00,69.57
07:18:15,4,17.39,0.00,15.22,0.00,0.00,3.26,0.00,0.00,0.00,64.13
07:18:15,5,18.28,0.00,11.83,0.00,0.00,5.38,0.00,0.00,0.00,64.52
07:18:15,6,13.04,0.00,13.04,0.00,0.00,5.43,0.00,0.00,0.00,68.48
07:18:15,7,11.83,0.00,11.83,0.00,0.00,4.30,0.00,0.00,0.00,72.04
07:18:15,12,15.73,0.00,13.48,1.12,0.00,4.49,0.00,0.00,0.00,65.17
07:18:15,13,16.30,0.00,13.04,0.00,0.00,4.35,0.00,0.00,0.00,66.30
07:18:15,14,15.38,0.00,12.09,0.00,0.00,5.49,0.00,0.00,0.00,67.03
07:18:15,15,11.83,0.00,11.83,2.15,0.00,6.45,0.00,0.00,0.00,67.74
07:18:16,4,15.96,0.00,11.70,0.00,0.00,6.38,0.00,0.00,0.00,65.96
07:18:16,5,14.61,0.00,14.61,0.00,0.00,4.49,0.00,0.00,0.00,66.29
07:18:16,6,17.02,0.00,12.77,0.00,0.00,4.26,0.00,0.00,0.00,65.96
07:18:16,7,12.36,0.00,10.11,0.00,0.00,4.49,0.00,0.00,0.00,73.03
07:18:16,12,13.27,0.00,15.31,0.00,0.00,6.12,0.00,0.00,0.00,65.31
07:18:16,13,11.70,0.00,13.83,0.00,0.00,6.38,0.00,0.00,0.00,68.09
07:18:16,14,17.20,0.00,11.83,0.00,0.00,4.30,0.00,0.00,0.00,66.67
07:18:16,15,11.83,0.00,10.75,0.00,0.00,6.45,0.00,0.00,0.00,70.97
07:18:17,4,15.79,0.00,13.68,0.00,0.00,4.21,0.00,0.00,0.00,66.32
07:18:17,5,16.13,0.00,12.90,0.00,0.00,4.30,0.00,0.00,0.00,66.67
07:18:17,6,14.29,0.00,9.89,0.00,0.00,5.49,0.00,0.00,0.00,70.33
07:18:17,7,13.98,0.00,10.75,0.00,0.00,4.30,0.00,0.00,0.00,70.97
07:18:17,12,15.05,0.00,16.13,0.00,0.00,5.38,0.00,0.00,0.00,63.44
07:18:17,13,16.13,0.00,11.83,0.00,0.00,5.38,0.00,0.00,0.00,66.67
07:18:17,14,15.05,0.00,13.98,0.00,0.00,5.38,0.00,0.00,0.00,65.59
07:18:17,15,13.98,0.00,12.90,0.00,0.00,5.38,0.00,0.00,0.00,67.74
07:18:18,4,13.33,0.00,14.44,0.00,0.00,4.44,0.00,0.00,0.00,67.78
07:18:18,5,17.20,0.00,12.90,0.00,0.00,5.38,0.00,0.00,0.00,64.52
07:18:18,6,14.89,0.00,13.83,0.00,0.00,4.26,0.00,0.00,0.00,67.02
07:18:18,7,11.96,0.00,13.04,0.00,0.00,4.35,0.00,0.00,0.00,70.65
07:18:18,12,13.68,0.00,13.68,0.00,0.00,5.26,0.00,0.00,0.00,67.37
07:18:18,13,14.44,0.00,11.11,0.00,0.00,5.56,0.00,0.00,0.00,68.89
07:18:18,14,16.67,0.00,12.50,0.00,0.00,5.21,0.00,0.00,0.00,65.62
07:18:18,15,14.89,0.00,11.70,0.00,0.00,4.26,0.00,0.00,0.00,69.15
07:18:19,4,15.38,0.00,12.09,0.00,0.00,3.30,0.00,0.00,0.00,69.23
07:18:19,5,14.89,0.00,12.77,0.00,0.00,4.26,0.00,0.00,0.00,68.09
07:18:19,6,13.68,0.00,12.63,0.00,0.00,4.21,0.00,0.00,0.00,69.47
07:18:19,7,12.77,0.00,10.64,0.00,0.00,3.19,0.00,0.00,0.00,73.40
07:18:19,12,16.30,0.00,14.13,0.00,0.00,5.43,0.00,0.00,0.00,64.13
07:18:19,13,14.89,0.00,13.83,0.00,0.00,4.26,0.00,0.00,0.00,67.02
07:18:19,14,17.02,0.00,11.70,0.00,0.00,4.26,0.00,0.00,0.00,67.02
07:18:19,15,13.83,0.00,11.70,0.00,0.00,5.32,0.00,0.00,0.00,69.15
07:18:20,4,17.02,0.00,12.77,0.00,0.00,5.32,0.00,0.00,0.00,64.89
07:18:20,5,14.29,0.00,10.99,0.00,0.00,5.49,0.00,0.00,0.00,69.23
07:18:20,6,15.56,0.00,14.44,0.00,0.00,3.33,0.00,0.00,0.00,66.67
07:18:20,7,13.98,0.00,12.90,0.00,0.00,5.38,0.00,0.00,0.00,67.74
07:18:20,12,15.79,0.00,13.68,0.00,0.00,5.26,0.00,0.00,0.00,65.26
07:18:20,13,14.29,0.00,12.09,0.00,0.00,4.40,0.00,0.00,0.00,69.23
07:18:20,14,15.05,0.00,13.98,0.00,0.00,4.30,0.00,0.00,0.00,66.67
07:18:20,15,12.77,0.00,14.89,0.00,0.00,4.26,0.00,0.00,0.00,68.09
07:18:21,4,12.90,0.00,11.83,0.00,0.00,6.45,0.00,0.00,0.00,68.82
07:18:21,5,15.05,0.00,13.98,0.00,0.00,4.30,0.00,0.00,0.00,66.67
07:18:21,6,15.79,0.00,12.63,0.00,0.00,5.26,0.00,0.00,0.00,66.32
07:18:21,7,13.68,0.00,13.68,0.00,0.00,5.26,0.00,0.00,0.00,67.37
07:18:21,12,14.58,0.00,13.54,0.00,0.00,5.21,0.00,0.00,0.00,66.67
07:18:21,13,14.44,0.00,12.22,0.00,0.00,3.33,0.00,0.00,0.00,70.00
07:18:21,14,14.29,0.00,10.99,0.00,0.00,4.40,0.00,0.00,0.00,70.33
07:18:21,15,15.79,0.00,12.63,0.00,0.00,4.21,0.00,0.00,0.00,67.37
07:18:22,4,15.46,0.00,12.37,0.00,0.00,6.19,0.00,0.00,0.00,65.98
07:18:22,5,15.05,0.00,13.98,0.00,0.00,5.38,0.00,0.00,0.00,65.59
07:18:22,6,16.30,0.00,11.96,0.00,0.00,4.35,0.00,0.00,0.00,67.39
07:18:22,7,13.04,0.00,11.96,0.00,0.00,5.43,0.00,0.00,0.00,69.57
07:18:22,12,15.96,0.00,12.77,0.00,0.00,4.26,0.00,0.00,0.00,67.02
07:18:22,13,15.79,0.00,11.58,0.00,0.00,5.26,0.00,0.00,0.00,67.37
07:18:22,14,17.89,0.00,11.58,0.00,0.00,4.21,0.00,0.00,0.00,66.32
07:18:22,15,11.70,0.00,13.83,0.00,0.00,4.26,0.00,0.00,0.00,70.21
07:18:23,4,13.98,0.00,12.90,0.00,0.00,5.38,0.00,0.00,0.00,67.74
07:18:23,5,15.79,0.00,13.68,0.00,0.00,5.26,0.00,0.00,0.00,65.26
07:18:23,6,14.61,0.00,11.24,0.00,0.00,4.49,0.00,0.00,0.00,69.66
07:18:23,7,14.13,0.00,11.96,0.00,0.00,3.26,0.00,0.00,0.00,70.65
07:18:23,12,12.09,0.00,14.29,0.00,0.00,5.49,0.00,0.00,0.00,68.13
07:18:23,13,16.30,0.00,11.96,0.00,0.00,4.35,0.00,0.00,0.00,67.39
07:18:23,14,13.04,0.00,11.96,0.00,0.00,5.43,0.00,0.00,0.00,69.57
07:18:23,15,14.74,0.00,13.68,0.00,0.00,4.21,0.00,0.00,0.00,67.37
07:18:24,4,15.05,0.00,12.90,0.00,0.00,5.38,0.00,0.00,0.00,66.67
07:18:24,5,15.05,0.00,17.20,0.00,0.00,4.30,0.00,0.00,0.00,63.44
07:18:24,6,13.83,0.00,13.83,0.00,0.00,5.32,0.00,0.00,0.00,67.02
07:18:24,7,12.63,0.00,12.63,0.00,0.00,4.21,0.00,0.00,0.00,70.53
07:18:24,12,15.62,0.00,13.54,0.00,0.00,5.21,0.00,0.00,0.00,65.62
07:18:24,13,17.89,0.00,13.68,0.00,0.00,4.21,0.00,0.00,0.00,64.21
07:18:24,14,13.04,0.00,13.04,0.00,0.00,4.35,0.00,0.00,0.00,69.57
07:18:24,15,15.05,0.00,8.60,0.00,0.00,4.30,0.00,0.00,0.00,72.04
07:18:25,4,15.05,0.00,12.90,1.08,0.00,5.38,0.00,0.00,0.00,65.59
07:18:25,5,13.98,0.00,12.90,0.00,0.00,6.45,0.00,0.00,0.00,66.67
07:18:25,6,16.13,0.00,12.90,0.00,0.00,4.30,0.00,0.00,0.00,66.67
07:18:25,7,14.74,0.00,12.63,1.05,0.00,5.26,0.00,0.00,0.00,66.32
07:18:25,12,13.19,0.00,13.19,0.00,0.00,5.49,0.00,0.00,0.00,68.13
07:18:25,13,20.65,0.00,11.96,0.00,0.00,4.35,0.00,0.00,0.00,63.04
07:18:25,14,15.05,0.00,13.98,0.00,0.00,5.38,0.00,0.00,0.00,65.59
07:18:25,15,12.90,0.00,16.13,0.00,0.00,4.30,0.00,0.00,0.00,66.67
07:18:26,4,14.89,0.00,11.70,0.00,0.00,5.32,0.00,0.00,0.00,68.09
07:18:26,5,15.56,0.00,11.11,0.00,0.00,4.44,0.00,0.00,0.00,68.89
07:18:26,6,16.30,0.00,14.13,0.00,0.00,3.26,0.00,0.00,0.00,66.30
07:18:26,7,13.83,0.00,12.77,0.00,0.00,4.26,0.00,0.00,0.00,69.15
07:18:26,12,15.62,0.00,13.54,0.00,0.00,4.17,0.00,0.00,0.00,66.67
07:18:26,13,14.44,0.00,14.44,0.00,0.00,4.44,0.00,0.00,0.00,66.67
07:18:26,14,16.48,0.00,10.99,0.00,0.00,4.40,0.00,0.00,0.00,68.13
07:18:26,15,12.63,0.00,12.63,0.00,0.00,5.26,0.00,0.00,0.00,69.47
07:18:27,4,13.98,0.00,11.83,0.00,0.00,6.45,0.00,0.00,0.00,67.74
07:18:27,5,18.28,0.00,11.83,0.00,0.00,4.30,0.00,0.00,0.00,65.59
07:18:27,6,16.30,0.00,10.87,0.00,0.00,5.43,0.00,0.00,0.00,67.39
07:18:27,7,13.04,0.00,9.78,0.00,0.00,4.35,0.00,0.00,0.00,72.83
07:18:27,12,14.44,0.00,15.56,0.00,0.00,5.56,0.00,0.00,0.00,64.44
07:18:27,13,15.62,0.00,14.58,0.00,0.00,5.21,0.00,0.00,0.00,64.58
07:18:27,14,15.96,0.00,12.77,0.00,0.00,5.32,0.00,0.00,0.00,65.96
07:18:27,15,12.90,0.00,12.90,0.00,0.00,3.23,0.00,0.00,0.00,70.97
07:18:28,4,15.22,0.00,10.87,0.00,0.00,4.35,0.00,0.00,0.00,69.57
07:18:28,5,15.56,0.00,13.33,0.00,0.00,4.44,0.00,0.00,0.00,66.67
07:18:28,6,16.49,0.00,11.34,0.00,0.00,6.19,0.00,0.00,0.00,65.98
07:18:28,7,13.68,0.00,12.63,0.00,0.00,4.21,0.00,0.00,0.00,69.47
07:18:28,12,15.05,0.00,12.90,0.00,0.00,4.30,0.00,0.00,0.00,67.74
07:18:28,13,13.04,0.00,16.30,0.00,0.00,5.43,0.00,0.00,0.00,65.22
07:18:28,14,16.84,0.00,12.63,0.00,0.00,5.26,0.00,0.00,0.00,65.26
07:18:28,15,11.96,0.00,13.04,0.00,0.00,5.43,0.00,0.00,0.00,69.57
07:18:29,4,14.89,0.00,11.70,0.00,0.00,5.32,0.00,0.00,0.00,68.09
07:18:29,5,13.19,0.00,13.19,0.00,0.00,4.40,0.00,0.00,0.00,69.23
07:18:29,6,12.90,0.00,12.90,0.00,0.00,4.30,0.00,0.00,0.00,69.89
07:18:29,7,14.13,0.00,9.78,0.00,0.00,4.35,0.00,0.00,0.00,71.74
07:18:29,12,13.48,0.00,13.48,0.00,0.00,4.49,0.00,0.00,0.00,68.54
07:18:29,13,14.29,0.00,12.09,0.00,0.00,4.40,0.00,0.00,0.00,69.23
07:18:29,14,14.43,0.00,14.43,0.00,0.00,5.15,0.00,0.00,0.00,65.98
07:18:29,15,15.96,0.00,10.64,0.00,0.00,4.26,0.00,0.00,0.00,69.15
07:18:30,4,14.29,0.00,13.19,0.00,0.00,6.59,0.00,0.00,0.00,65.93
07:18:30,5,19.57,0.00,15.22,0.00,0.00,4.35,0.00,0.00,0.00,60.87
07:18:30,6,15.22,0.00,13.04,0.00,0.00,5.43,0.00,0.00,0.00,66.30
07:18:30,7,13.98,0.00,11.83,0.00,0.00,4.30,0.00,0.00,0.00,69.89
07:18:30,12,16.30,0.00,13.04,0.00,0.00,5.43,0.00,0.00,0.00,65.22
07:18:30,13,17.20,0.00,12.90,1.08,0.00,5.38,0.00,0.00,0.00,63.44
07:18:30,14,17.02,0.00,11.70,0.00,0.00,4.26,0.00,0.00,0.00,67.02
07:18:30,15,14.29,0.00,12.09,1.10,0.00,3.30,0.00,0.00,0.00,69.23
07:18:31,4,17.39,0.00,11.96,0.00,0.00,4.35,0.00,0.00,0.00,66.30
07:18:31,5,13.48,0.00,13.48,0.00,0.00,4.49,0.00,0.00,0.00,68.54
07:18:31,6,12.90,0.00,13.98,0.00,0.00,5.38,0.00,0.00,0.00,67.74
07:18:31,7,13.19,0.00,12.09,0.00,0.00,3.30,0.00,0.00,0.00,71.43
07:18:31,12,16.49,0.00,13.40,0.00,0.00,6.19,0.00,0.00,0.00,63.92
07:18:31,13,15.05,0.00,12.90,0.00,0.00,5.38,0.00,0.00,0.00,66.67
07:18:31,14,14.77,0.00,11.36,0.00,0.00,4.55,0.00,0.00,0.00,69.32
07:18:31,15,13.83,0.00,10.64,0.00,0.00,5.32,0.00,0.00,0.00,70.21
07:18:32,4,15.96,0.00,11.70,0.00,0.00,5.32,0.00,0.00,0.00,67.02
07:18:32,5,13.19,0.00,14.29,0.00,0.00,3.30,0.00,0.00,0.00,69.23
07:18:32,6,15.05,0.00,12.90,0.00,0.00,4.30,0.00,0.00,0.00,67.74
07:18:32,7,11.96,0.00,11.96,0.00,0.00,5.43,0.00,0.00,0.00,70.65
07:18:32,12,13.04,0.00,11.96,0.00,0.00,5.43,0.00,0.00,0.00,69.57
07:18:32,13,14.44,0.00,13.33,0.00,0.00,5.56,0.00,0.00,0.00,66.67
07:18:32,14,15.79,0.00,11.58,0.00,0.00,5.26,0.00,0.00,0.00,67.37
07:18:32,15,13.19,0.00,13.19,0.00,0.00,4.40,0.00,0.00,0.00,69.23
07:18:33,4,17.39,0.00,13.04,0.00,0.00,5.43,0.00,0.00,0.00,64.13
07:18:33,5,14.89,0.00,13.83,0.00,0.00,5.32,0.00,0.00,0.00,65.96
07:18:33,6,15.96,0.00,11.70,0.00,0.00,6.38,0.00,0.00,0.00,65.96
07:18:33,7,13.68,0.00,11.58,0.00,0.00,5.26,0.00,0.00,0.00,69.47
07:18:33,12,14.13,0.00,13.04,0.00,0.00,4.35,0.00,0.00,0.00,68.48
07:18:33,13,15.38,0.00,12.09,0.00,0.00,4.40,0.00,0.00,0.00,68.13
07:18:33,14,17.02,0.00,12.77,0.00,0.00,4.26,0.00,0.00,0.00,65.96
07:18:33,15,11.96,0.00,11.96,0.00,0.00,3.26,0.00,0.00,0.00,72.83
07:18:34,4,14.89,0.00,11.70,0.00,0.00,5.32,0.00,0.00,0.00,68.09
07:18:34,5,16.30,0.00,13.04,0.00,0.00,5.43,0.00,0.00,0.00,65.22
07:18:34,6,14.13,0.00,11.96,0.00,0.00,4.35,0.00,0.00,0.00,69.57
07:18:34,7,13.04,0.00,9.78,0.00,0.00,3.26,0.00,0.00,0.00,73.91
07:18:34,12,16.13,0.00,12.90,0.00,0.00,4.30,0.00,0.00,0.00,66.67
07:18:34,13,16.48,0.00,14.29,0.00,0.00,5.49,0.00,0.00,0.00,63.74
07:18:34,14,11.11,0.00,13.33,0.00,0.00,5.56,0.00,0.00,0.00,70.00
07:18:34,15,13.04,0.00,10.87,0.00,0.00,4.35,0.00,0.00,0.00,71.74
07:18:35,4,15.79,0.00,14.74,0.00,0.00,4.21,0.00,0.00,0.00,65.26
07:18:35,5,18.28,0.00,10.75,0.00,0.00,5.38,0.00,0.00,0.00,65.59
07:18:35,6,15.05,0.00,13.98,0.00,0.00,5.38,0.00,0.00,0.00,65.59
07:18:35,7,14.13,0.00,10.87,0.00,0.00,5.43,0.00,0.00,0.00,69.57
07:18:35,12,17.02,0.00,13.83,0.00,0.00,5.32,0.00,0.00,0.00,63.83
07:18:35,13,16.84,0.00,13.68,0.00,0.00,7.37,0.00,0.00,0.00,62.11
07:18:35,14,16.67,0.00,13.54,0.00,0.00,4.17,0.00,0.00,0.00,65.62
07:18:35,15,13.68,0.00,13.68,0.00,0.00,5.26,0.00,0.00,0.00,67.37
07:18:36,4,14.29,0.00,9.89,0.00,0.00,5.49,0.00,0.00,0.00,70.33
07:18:36,5,13.33,0.00,12.22,0.00,0.00,4.44,0.00,0.00,0.00,70.00
07:18:36,6,14.13,0.00,11.96,0.00,0.00,4.35,0.00,0.00,0.00,69.57
07:18:36,7,12.09,0.00,12.09,0.00,0.00,4.40,0.00,0.00,0.00,71.43
07:18:36,12,14.89,0.00,13.83,0.00,0.00,6.38,0.00,0.00,0.00,64.89
07:18:36,13,15.22,0.00,13.04,0.00,0.00,4.35,0.00,0.00,0.00,67.39
07:18:36,14,15.38,0.00,10.99,0.00,0.00,4.40,0.00,0.00,0.00,69.23
07:18:36,15,13.04,0.00,13.04,0.00,0.00,4.35,0.00,0.00,0.00,69.57
07:18:37,4,16.48,0.00,13.19,0.00,0.00,5.49,0.00,0.00,0.00,64.84
07:18:37,5,13.83,0.00,14.89,0.00,0.00,5.32,0.00,0.00,0.00,65.96
07:18:37,6,15.22,0.00,11.96,0.00,0.00,4.35,0.00,0.00,0.00,68.48
07:18:37,7,15.96,0.00,11.70,0.00,0.00,3.19,0.00,0.00,0.00,69.15
07:18:37,12,14.13,0.00,10.87,0.00,0.00,5.43,0.00,0.00,0.00,69.57
07:18:37,13,14.74,0.00,13.68,0.00,0.00,5.26,0.00,0.00,0.00,66.32
07:18:37,14,13.83,0.00,12.77,0.00,0.00,5.32,0.00,0.00,0.00,68.09
07:18:37,15,13.54,0.00,11.46,0.00,0.00,5.21,0.00,0.00,0.00,69.79
07:18:38,4,16.48,0.00,10.99,0.00,0.00,4.40,0.00,0.00,0.00,68.13
07:18:38,5,15.96,0.00,12.77,0.00,0.00,5.32,0.00,0.00,0.00,65.96
07:18:38,6,15.22,0.00,15.22,0.00,0.00,4.35,0.00,0.00,0.00,65.22
07:18:38,7,11.11,0.00,11.11,0.00,0.00,5.56,0.00,0.00,0.00,72.22
07:18:38,12,15.05,0.00,11.83,0.00,0.00,5.38,0.00,0.00,0.00,67.74
07:18:38,13,16.30,0.00,14.13,0.00,0.00,4.35,0.00,0.00,0.00,65.22
07:18:38,14,15.22,0.00,13.04,0.00,0.00,4.35,0.00,0.00,0.00,67.39
07:18:38,15,14.13,0.00,11.96,0.00,0.00,4.35,0.00,0.00,0.00,69.57
07:18:39,4,14.89,0.00,11.70,0.00,0.00,5.32,0.00,0.00,0.00,68.09
07:18:39,5,17.20,0.00,11.83,0.00,0.00,5.38,0.00,0.00,0.00,65.59
07:18:39,6,14.89,0.00,11.70,0.00,0.00,6.38,0.00,0.00,0.00,67.02
07:18:39,7,12.90,0.00,12.90,0.00,0.00,4.30,0.00,0.00,0.00,69.89
07:18:39,12,14.89,0.00,13.83,0.00,0.00,4.26,0.00,0.00,0.00,67.02
07:18:39,13,13.04,0.00,13.04,0.00,0.00,5.43,0.00,0.00,0.00,68.48
07:18:39,14,15.22,0.00,11.96,0.00,0.00,5.43,0.00,0.00,0.00,67.39
07:18:39,15,13.04,0.00,10.87,0.00,0.00,5.43,0.00,0.00,0.00,70.65
07:18:40,4,12.63,0.00,17.89,0.00,0.00,6.32,0.00,0.00,0.00,63.16
07:18:40,5,14.29,0.00,12.09,0.00,0.00,4.40,0.00,0.00,0.00,69.23
07:18:40,6,14.13,0.00,10.87,0.00,0.00,5.43,0.00,0.00,0.00,69.57
07:18:40,7,14.13,0.00,11.96,0.00,0.00,4.35,0.00,0.00,0.00,69.57
07:18:40,12,13.83,0.00,13.83,0.00,0.00,5.32,0.00,0.00,0.00,67.02
07:18:40,13,15.96,0.00,12.77,0.00,0.00,4.26,0.00,0.00,0.00,67.02
07:18:40,14,13.68,0.00,14.74,0.00,0.00,5.26,0.00,0.00,0.00,66.32
07:18:40,15,12.90,0.00,13.98,0.00,0.00,3.23,0.00,0.00,0.00,69.89
07:18:41,4,18.09,0.00,17.02,0.00,0.00,4.26,0.00,0.00,0.00,60.64
07:18:41,5,14.44,0.00,11.11,0.00,0.00,5.56,0.00,0.00,0.00,68.89
07:18:41,6,16.30,0.00,13.04,0.00,0.00,5.43,0.00,0.00,0.00,65.22
07:18:41,7,14.89,0.00,12.77,0.00,0.00,4.26,0.00,0.00,0.00,68.09
07:18:41,12,12.63,0.00,15.79,0.00,0.00,5.26,0.00,0.00,0.00,66.32
07:18:41,13,14.74,0.00,15.79,0.00,0.00,4.21,0.00,0.00,0.00,65.26
07:18:41,14,17.20,0.00,11.83,0.00,0.00,3.23,0.00,0.00,0.00,67.74
07:18:41,15,15.22,0.00,11.96,0.00,0.00,4.35,0.00,0.00,0.00,68.48
07:18:42,4,15.79,0.00,12.63,0.00,0.00,4.21,0.00,0.00,0.00,67.37
07:18:42,5,14.44,0.00,12.22,0.00,0.00,3.33,0.00,0.00,0.00,70.00
07:18:42,6,13.98,0.00,13.98,0.00,0.00,4.30,0.00,0.00,0.00,67.74
07:18:42,7,13.83,0.00,12.77,0.00,0.00,5.32,0.00,0.00,0.00,68.09
07:18:42,12,14.89,0.00,12.77,0.00,0.00,6.38,0.00,0.00,0.00,65.96
07:18:42,13,14.13,0.00,11.96,0.00,0.00,4.35,0.00,0.00,0.00,69.57
07:18:42,14,15.96,0.00,10.64,0.00,0.00,5.32,0.00,0.00,0.00,68.09
07:18:42,15,14.74,0.00,12.63,0.00,0.00,5.26,0.00,0.00,0.00,67.37
07:18:43,4,15.22,0.00,11.96,0.00,0.00,4.35,0.00,0.00,0.00,68.48
07:18:43,5,13.04,0.00,13.04,0.00,0.00,4.35,0.00,0.00,0.00,69.57
07:18:43,6,15.05,0.00,10.75,0.00,0.00,6.45,0.00,0.00,0.00,67.74
07:18:43,7,13.98,0.00,10.75,0.00,0.00,4.30,0.00,0.00,0.00,70.97
07:18:43,12,14.13,0.00,13.04,0.00,0.00,5.43,0.00,0.00,0.00,67.39
07:18:43,13,14.13,0.00,13.04,0.00,0.00,4.35,0.00,0.00,0.00,68.48
07:18:43,14,15.05,0.00,12.90,0.00,0.00,4.30,0.00,0.00,0.00,67.74
07:18:43,15,15.05,0.00,10.75,0.00,0.00,4.30,0.00,0.00,0.00,69.89
07:18:44,4,13.98,0.00,13.98,0.00,0.00,6.45,0.00,0.00,0.00,65.59
07:18:44,5,14.13,0.00,11.96,0.00,0.00,5.43,0.00,0.00,0.00,68.48
07:18:44,6,14.13,0.00,10.87,0.00,0.00,5.43,0.00,0.00,0.00,69.57
07:18:44,7,13.19,0.00,10.99,0.00,0.00,4.40,0.00,0.00,0.00,71.43
07:18:44,12,15.79,0.00,12.63,0.00,0.00,4.21,0.00,0.00,0.00,67.37
07:18:44,13,16.13,0.00,12.90,0.00,0.00,5.38,0.00,0.00,0.00,65.59
07:18:44,14,14.89,0.00,13.83,0.00,0.00,3.19,0.00,0.00,0.00,68.09
07:18:44,15,14.58,0.00,12.50,0.00,0.00,4.17,0.00,0.00,0.00,68.75
07:18:45,4,13.83,0.00,11.70,0.00,0.00,5.32,0.00,0.00,0.00,69.15
07:18:45,5,14.77,0.00,12.50,0.00,0.00,4.55,0.00,0.00,0.00,68.18
07:18:45,6,16.13,0.00,11.83,0.00,0.00,4.30,0.00,0.00,0.00,67.74
07:18:45,7,14.58,0.00,11.46,0.00,0.00,6.25,0.00,0.00,0.00,67.71
07:18:45,12,14.89,0.00,17.02,1.06,0.00,4.26,0.00,0.00,0.00,62.77
07:18:45,13,14.89,0.00,15.96,0.00,0.00,3.19,0.00,0.00,0.00,65.96
07:18:45,14,15.38,0.00,10.99,0.00,0.00,4.40,0.00,0.00,0.00,69.23
07:18:45,15,13.98,0.00,10.75,0.00,0.00,5.38,0.00,0.00,0.00,69.89
07:18:46,4,15.96,0.00,13.83,0.00,0.00,4.26,0.00,0.00,0.00,65.96
07:18:46,5,15.79,0.00,15.79,0.00,0.00,5.26,0.00,0.00,0.00,63.16
07:18:46,6,15.22,0.00,13.04,0.00,0.00,5.43,0.00,0.00,0.00,66.30
07:18:46,7,11.70,0.00,12.77,0.00,0.00,5.32,0.00,0.00,0.00,70.21
07:18:46,12,15.38,0.00,10.99,0.00,0.00,5.49,0.00,0.00,0.00,68.13
07:18:46,13,17.20,0.00,13.98,0.00,0.00,5.38,0.00,0.00,0.00,63.44
07:18:46,14,15.22,0.00,14.13,0.00,0.00,4.35,0.00,0.00,0.00,66.30
07:18:46,15,14.13,0.00,10.87,0.00,0.00,5.43,0.00,0.00,0.00,69.57
07:18:47,4,16.48,0.00,12.09,0.00,0.00,4.40,0.00,0.00,0.00,67.03
07:18:47,5,14.89,0.00,11.70,0.00,0.00,6.38,0.00,0.00,0.00,67.02
07:18:47,6,14.44,0.00,12.22,0.00,0.00,4.44,0.00,0.00,0.00,68.89
07:18:47,7,14.89,0.00,8.51,0.00,0.00,5.32,0.00,0.00,0.00,71.28
07:18:47,12,13.83,0.00,13.83,0.00,0.00,5.32,0.00,0.00,0.00,67.02
07:18:47,13,14.13,0.00,13.04,0.00,0.00,4.35,0.00,0.00,0.00,68.48
07:18:47,14,13.98,0.00,10.75,0.00,0.00,5.38,0.00,0.00,0.00,69.89
07:18:47,15,11.70,0.00,11.70,0.00,0.00,5.32,0.00,0.00,0.00,71.28
07:18:48,4,15.05,0.00,10.75,0.00,0.00,5.38,0.00,0.00,0.00,68.82
07:18:48,5,17.02,0.00,12.77,0.00,0.00,4.26,0.00,0.00,0.00,65.96
07:18:48,6,13.98,0.00,12.90,0.00,0.00,5.38,0.00,0.00,0.00,67.74
07:18:48,7,13.68,0.00,12.63,0.00,0.00,4.21,0.00,0.00,0.00,69.47
07:18:48,12,14.89,0.00,11.70,0.00,0.00,5.32,0.00,0.00,0.00,68.09
07:18:48,13,15.05,0.00,17.20,0.00,0.00,4.30,0.00,0.00,0.00,63.44
07:18:48,14,15.38,0.00,13.19,0.00,0.00,4.40,0.00,0.00,0.00,67.03
07:18:48,15,14.29,0.00,10.99,0.00,0.00,4.40,0.00,0.00,0.00,70.33
07:18:49,4,14.13,0.00,10.87,0.00,0.00,5.43,0.00,0.00,0.00,69.57
07:18:49,5,13.04,0.00,13.04,0.00,0.00,5.43,0.00,0.00,0.00,68.48
07:18:49,6,15.96,0.00,12.77,0.00,0.00,5.32,0.00,0.00,0.00,65.96
07:18:49,7,13.83,0.00,12.77,0.00,0.00,4.26,0.00,0.00,0.00,69.15
07:18:49,12,11.83,0.00,13.98,0.00,0.00,5.38,0.00,0.00,0.00,68.82
07:18:49,13,14.89,0.00,13.83,0.00,0.00,5.32,0.00,0.00,0.00,65.96
07:18:49,14,13.19,0.00,12.09,0.00,0.00,4.40,0.00,0.00,0.00,70.33
07:18:49,15,14.74,0.00,12.63,0.00,0.00,4.21,0.00,0.00,0.00,68.42
07:18:50,4,13.83,0.00,11.70,1.06,0.00,4.26,0.00,0.00,0.00,69.15
07:18:50,5,16.67,0.00,11.11,0.00,0.00,4.44,0.00,0.00,0.00,67.78
07:18:50,6,14.13,0.00,11.96,0.00,0.00,3.26,0.00,0.00,0.00,70.65
07:18:50,7,12.77,0.00,12.77,0.00,0.00,4.26,0.00,0.00,0.00,70.21
07:18:50,12,15.05,0.00,13.98,0.00,0.00,3.23,0.00,0.00,0.00,67.74
07:18:50,13,17.02,0.00,13.83,0.00,0.00,5.32,0.00,0.00,0.00,63.83
07:18:50,14,14.13,0.00,13.04,0.00,0.00,4.35,0.00,0.00,0.00,68.48
07:18:50,15,14.13,0.00,10.87,0.00,0.00,3.26,0.00,0.00,0.00,71.74
07:18:51,4,15.05,0.00,13.98,0.00,0.00,4.30,0.00,0.00,0.00,66.67
07:18:51,5,16.13,0.00,11.83,0.00,0.00,5.38,0.00,0.00,0.00,66.67
07:18:51,6,16.13,0.00,12.90,0.00,0.00,4.30,0.00,0.00,0.00,66.67
07:18:51,7,15.05,0.00,10.75,0.00,0.00,4.30,0.00,0.00,0.00,69.89
07:18:51,12,15.05,0.00,15.05,0.00,0.00,5.38,0.00,0.00,0.00,64.52
07:18:51,13,14.74,0.00,13.68,0.00,0.00,5.26,0.00,0.00,0.00,66.32
07:18:51,14,16.30,0.00,13.04,0.00,0.00,4.35,0.00,0.00,0.00,66.30
07:18:51,15,13.83,0.00,10.64,0.00,0.00,6.38,0.00,0.00,0.00,69.15
07:18:52,4,14.13,0.00,11.96,0.00,0.00,4.35,0.00,0.00,0.00,69.57
07:18:52,5,15.38,0.00,13.19,0.00,0.00,4.40,0.00,0.00,0.00,67.03
07:18:52,6,16.13,0.00,10.75,0.00,0.00,4.30,0.00,0.00,0.00,68.82
07:18:52,7,12.63,0.00,13.68,0.00,0.00,3.16,0.00,0.00,0.00,70.53
07:18:52,12,15.15,0.00,14.14,0.00,0.00,6.06,0.00,0.00,0.00,64.65
07:18:52,13,15.05,0.00,12.90,0.00,0.00,6.45,0.00,0.00,0.00,65.59
07:18:52,14,15.56,0.00,13.33,0.00,0.00,4.44,0.00,0.00,0.00,66.67
07:18:52,15,12.90,0.00,11.83,0.00,0.00,5.38,0.00,0.00,0.00,69.89
07:18:53,4,14.13,0.00,11.96,0.00,0.00,3.26,0.00,0.00,0.00,70.65
07:18:53,5,14.13,0.00,11.96,0.00,0.00,4.35,0.00,0.00,0.00,69.57
07:18:53,6,14.89,0.00,13.83,0.00,0.00,5.32,0.00,0.00,0.00,65.96
07:18:53,7,14.44,0.00,12.22,0.00,0.00,3.33,0.00,0.00,0.00,70.00
07:18:53,12,15.96,0.00,12.77,0.00,0.00,4.26,0.00,0.00,0.00,67.02
07:18:53,13,15.22,0.00,13.04,0.00,0.00,3.26,0.00,0.00,0.00,68.48
07:18:53,14,14.13,0.00,10.87,0.00,0.00,5.43,0.00,0.00,0.00,69.57
07:18:53,15,12.90,0.00,11.83,0.00,0.00,5.38,0.00,0.00,0.00,69.89
07:18:54,4,13.98,0.00,12.90,0.00,0.00,4.30,0.00,0.00,0.00,68.82
07:18:54,5,14.13,0.00,11.96,0.00,0.00,4.35,0.00,0.00,0.00,69.57
07:18:54,6,15.05,0.00,13.98,0.00,0.00,4.30,0.00,0.00,0.00,66.67
07:18:54,7,12.77,0.00,12.77,0.00,0.00,4.26,0.00,0.00,0.00,70.21
07:18:54,12,12.77,0.00,12.77,0.00,0.00,5.32,0.00,0.00,0.00,69.15
07:18:54,13,15.05,0.00,15.05,0.00,0.00,4.30,0.00,0.00,0.00,65.59
07:18:54,14,15.05,0.00,11.83,0.00,0.00,4.30,0.00,0.00,0.00,68.82
07:18:54,15,12.77,0.00,12.77,0.00,0.00,4.26,0.00,0.00,0.00,70.21
07:18:55,4,14.58,0.00,12.50,0.00,0.00,6.25,0.00,0.00,0.00,66.67
07:18:55,5,16.13,0.00,12.90,1.08,0.00,4.30,0.00,0.00,0.00,65.59
07:18:55,6,13.98,0.00,11.83,0.00,0.00,5.38,0.00,0.00,0.00,68.82
07:18:55,7,13.54,0.00,13.54,0.00,0.00,5.21,0.00,0.00,0.00,67.71
07:18:55,12,13.33,0.00,12.22,0.00,0.00,4.44,0.00,0.00,0.00,70.00
07:18:55,13,16.30,0.00,15.22,0.00,0.00,4.35,0.00,0.00,0.00,64.13
07:18:55,14,15.22,0.00,10.87,0.00,0.00,4.35,0.00,0.00,0.00,69.57
07:18:55,15,12.09,0.00,10.99,0.00,0.00,5.49,0.00,0.00,0.00,71.43
07:18:56,4,17.39,0.00,14.13,0.00,0.00,4.35,0.00,0.00,0.00,64.13
07:18:56,5,15.56,0.00,14.44,0.00,0.00,4.44,0.00,0.00,0.00,65.56
07:18:56,6,14.29,0.00,12.09,0.00,0.00,5.49,0.00,0.00,0.00,68.13
07:18:56,7,13.04,0.00,13.04,0.00,0.00,4.35,0.00,0.00,0.00,69.57
07:18:56,12,14.43,0.00,14.43,0.00,0.00,5.15,0.00,0.00,0.00,65.98
07:18:56,13,16.13,0.00,11.83,0.00,0.00,5.38,0.00,0.00,0.00,66.67
07:18:56,14,14.89,0.00,12.77,0.00,0.00,5.32,0.00,0.00,0.00,67.02
07:18:56,15,13.83,0.00,12.77,0.00,0.00,4.26,0.00,0.00,0.00,69.15
07:18:57,4,13.98,0.00,12.90,0.00,0.00,5.38,0.00,0.00,0.00,67.74
07:18:57,5,12.77,0.00,13.83,0.00,0.00,5.32,0.00,0.00,0.00,68.09
07:18:57,6,15.62,0.00,13.54,0.00,0.00,5.21,0.00,0.00,0.00,65.62
07:18:57,7,13.83,0.00,11.70,0.00,0.00,4.26,0.00,0.00,0.00,70.21
07:18:57,12,11.96,0.00,14.13,0.00,0.00,4.35,0.00,0.00,0.00,69.57
07:18:57,13,14.13,0.00,13.04,0.00,0.00,4.35,0.00,0.00,0.00,68.48
07:18:57,14,15.96,0.00,10.64,0.00,0.00,4.26,0.00,0.00,0.00,69.15
07:18:57,15,13.68,0.00,13.68,0.00,0.00,3.16,0.00,0.00,0.00,69.47
07:18:58,4,14.29,0.00,12.09,0.00,0.00,6.59,0.00,0.00,0.00,67.03
07:18:58,5,15.22,0.00,13.04,0.00,0.00,4.35,0.00,0.00,0.00,67.39
07:18:58,6,15.79,0.00,12.63,0.00,0.00,6.32,0.00,0.00,0.00,65.26
07:18:58,7,10.75,0.00,12.90,0.00,0.00,5.38,0.00,0.00,0.00,70.97
07:18:58,12,17.20,0.00,12.90,0.00,0.00,4.30,0.00,0.00,0.00,65.59
07:18:58,13,15.96,0.00,14.89,0.00,0.00,6.38,0.00,0.00,0.00,62.77
07:18:58,14,15.05,0.00,12.90,0.00,0.00,4.30,0.00,0.00,0.00,67.74
07:18:58,15,12.09,0.00,10.99,0.00,0.00,4.40,0.00,0.00,0.00,72.53
07:18:59,4,16.48,0.00,12.09,0.00,0.00,3.30,0.00,0.00,0.00,68.13
07:18:59,5,14.89,0.00,12.77,0.00,0.00,4.26,0.00,0.00,0.00,68.09
07:18:59,6,14.89,0.00,13.83,0.00,0.00,4.26,0.00,0.00,0.00,67.02
07:18:59,7,14.58,0.00,13.54,0.00,0.00,4.17,0.00,0.00,0.00,67.71
07:18:59,12,13.98,0.00,13.98,0.00,0.00,4.30,0.00,0.00,0.00,67.74
07:18:59,13,14.89,0.00,12.77,0.00,0.00,5.32,0.00,0.00,0.00,67.02
07:18:59,14,15.62,0.00,11.46,0.00,0.00,6.25,0.00,0.00,0.00,66.67
07:18:59,15,13.68,0.00,11.58,0.00,0.00,5.26,0.00,0.00,0.00,69.47
07:19:00,4,13.98,0.00,12.90,0.00,0.00,4.30,0.00,0.00,0.00,68.82
07:19:00,5,15.05,0.00,11.83,0.00,0.00,5.38,0.00,0.00,0.00,67.74
07:19:00,6,14.13,0.00,13.04,0.00,0.00,4.35,0.00,0.00,0.00,68.48
07:19:00,7,15.05,0.00,10.75,0.00,0.00,5.38,0.00,0.00,0.00,68.82
07:19:00,12,14.89,0.00,11.70,0.00,0.00,5.32,0.00,0.00,0.00,68.09
07:19:00,13,13.19,0.00,12.09,0.00,0.00,5.49,0.00,0.00,0.00,69.23
07:19:00,14,13.98,0.00,12.90,0.00,0.00,4.30,0.00,0.00,0.00,68.82
07:19:00,15,15.22,0.00,11.96,0.00,0.00,4.35,0.00,0.00,0.00,68.48
07:19:01,4,16.30,0.00,16.30,0.00,0.00,5.43,0.00,0.00,0.00,61.96
07:19:01,5,16.13,0.00,12.90,0.00,0.00,5.38,0.00,0.00,0.00,65.59
07:19:01,6,14.13,0.00,13.04,0.00,0.00,4.35,0.00,0.00,0.00,68.48
07:19:01,7,16.30,0.00,11.96,0.00,0.00,4.35,0.00,0.00,0.00,67.39
07:19:01,12,17.02,0.00,13.83,0.00,0.00,5.32,0.00,0.00,0.00,63.83
07:19:01,13,16.13,0.00,13.98,0.00,0.00,4.30,0.00,0.00,0.00,65.59
07:19:01,14,17.39,0.00,10.87,0.00,0.00,5.43,0.00,0.00,0.00,66.30
07:19:01,15,14.13,0.00,11.96,0.00,0.00,4.35,0.00,0.00,0.00,69.57
07:19:02,4,17.20,0.00,12.90,0.00,0.00,4.30,0.00,0.00,0.00,65.59
07:19:02,5,16.30,0.00,11.96,0.00,0.00,4.35,0.00,0.00,0.00,67.39
07:19:02,6,15.22,0.00,13.04,0.00,0.00,4.35,0.00,0.00,0.00,67.39
07:19:02,7,12.77,0.00,11.70,0.00,0.00,4.26,0.00,0.00,0.00,71.28
07:19:02,12,14.74,0.00,12.63,0.00,0.00,6.32,0.00,0.00,0.00,66.32
07:19:02,13,14.29,0.00,12.09,0.00,0.00,4.40,0.00,0.00,0.00,69.23
07:19:02,14,17.20,0.00,10.75,0.00,0.00,5.38,0.00,0.00,0.00,66.67
07:19:02,15,12.77,0.00,12.77,0.00,0.00,5.32,0.00,0.00,0.00,69.15
07:19:03,4,16.84,0.00,11.58,0.00,0.00,5.26,0.00,0.00,0.00,66.32
07:19:03,5,13.68,0.00,12.63,0.00,0.00,6.32,0.00,0.00,0.00,67.37
07:19:03,6,15.96,0.00,12.77,0.00,0.00,4.26,0.00,0.00,0.00,67.02
07:19:03,7,14.13,0.00,10.87,0.00,0.00,4.35,0.00,0.00,0.00,70.65
07:19:03,12,14.13,0.00,11.96,0.00,0.00,5.43,0.00,0.00,0.00,68.48
07:19:03,13,13.83,0.00,13.83,0.00,0.00,5.32,0.00,0.00,0.00,67.02
07:19:03,14,15.05,0.00,11.83,0.00,0.00,5.38,0.00,0.00,0.00,67.74
07:19:03,15,15.62,0.00,11.46,0.00,0.00,5.21,0.00,0.00,0.00,67.71
07:19:04,4,13.98,0.00,12.90,0.00,0.00,6.45,0.00,0.00,0.00,66.67
07:19:04,5,15.22,0.00,14.13,0.00,0.00,4.35,0.00,0.00,0.00,66.30
07:19:04,6,15.05,0.00,11.83,0.00,0.00,4.30,0.00,0.00,0.00,68.82
07:19:04,7,13.98,0.00,10.75,0.00,0.00,4.30,0.00,0.00,0.00,70.97
07:19:04,12,13.98,0.00,12.90,0.00,0.00,4.30,0.00,0.00,0.00,68.82
07:19:04,13,14.89,0.00,11.70,0.00,0.00,5.32,0.00,0.00,0.00,68.09
07:19:04,14,16.84,0.00,11.58,0.00,0.00,5.26,0.00,0.00,0.00,66.32
07:19:04,15,12.90,0.00,12.90,0.00,0.00,3.23,0.00,0.00,0.00,70.97
07:19:05,4,15.05,0.00,12.90,0.00,0.00,4.30,0.00,0.00,0.00,67.74
07:19:05,5,13.68,0.00,13.68,0.00,0.00,6.32,0.00,0.00,0.00,66.32
07:19:05,6,14.13,0.00,9.78,0.00,0.00,5.43,0.00,0.00,0.00,70.65
07:19:05,7,12.77,0.00,12.77,0.00,0.00,4.26,0.00,0.00,0.00,70.21
07:19:05,12,15.05,0.00,12.90,0.00,0.00,5.38,0.00,0.00,0.00,66.67
07:19:05,13,14.13,0.00,14.13,0.00,0.00,4.35,0.00,0.00,0.00,67.39
07:19:05,14,16.84,0.00,11.58,0.00,0.00,4.21,0.00,0.00,0.00,67.37
07:19:05,15,13.68,0.00,13.68,0.00,0.00,4.21,0.00,0.00,0.00,68.42
07:19:06,4,19.57,0.00,11.96,1.09,0.00,4.35,0.00,0.00,0.00,63.04
07:19:06,5,17.39,0.00,13.04,0.00,0.00,4.35,0.00,0.00,0.00,65.22
07:19:06,6,13.98,0.00,12.90,0.00,0.00,5.38,0.00,0.00,0.00,67.74
07:19:06,7,13.98,0.00,10.75,1.08,0.00,4.30,0.00,0.00,0.00,69.89
07:19:06,12,20.65,0.00,14.13,0.00,0.00,3.26,0.00,0.00,0.00,61.96
07:19:06,13,18.48,0.00,15.22,0.00,0.00,5.43,0.00,0.00,0.00,60.87
07:19:06,14,15.38,0.00,13.19,0.00,0.00,5.49,0.00,0.00,0.00,65.93
07:19:06,15,14.58,0.00,13.54,0.00,0.00,4.17,0.00,0.00,0.00,67.71
07:19:07,4,16.13,0.00,10.75,0.00,0.00,5.38,0.00,0.00,0.00,67.74
07:19:07,5,15.22,0.00,13.04,0.00,0.00,5.43,0.00,0.00,0.00,66.30
07:19:07,6,14.13,0.00,11.96,0.00,0.00,4.35,0.00,0.00,0.00,69.57
07:19:07,7,11.70,0.00,12.77,0.00,0.00,3.19,0.00,0.00,0.00,72.34
07:19:07,12,16.84,0.00,13.68,0.00,0.00,5.26,0.00,0.00,0.00,64.21
07:19:07,13,14.89,0.00,11.70,0.00,0.00,5.32,0.00,0.00,0.00,68.09
07:19:07,14,14.13,0.00,15.22,0.00,0.00,3.26,0.00,0.00,0.00,67.39
07:19:07,15,13.04,0.00,11.96,0.00,0.00,3.26,0.00,0.00,0.00,71.74
07:19:08,4,14.13,0.00,13.04,0.00,0.00,5.43,0.00,0.00,0.00,67.39
07:19:08,5,13.83,0.00,13.83,0.00,0.00,6.38,0.00,0.00,0.00,65.96
07:19:08,6,15.05,0.00,10.75,0.00,0.00,5.38,0.00,0.00,0.00,68.82
07:19:08,7,14.74,0.00,10.53,0.00,0.00,5.26,0.00,0.00,0.00,69.47
07:19:08,12,15.56,0.00,11.11,0.00,0.00,5.56,0.00,0.00,0.00,67.78
07:19:08,13,15.22,0.00,11.96,0.00,0.00,4.35,0.00,0.00,0.00,68.48
07:19:08,14,15.96,0.00,12.77,0.00,0.00,6.38,0.00,0.00,0.00,64.89
07:19:08,15,12.77,0.00,14.89,0.00,0.00,4.26,0.00,0.00,0.00,68.09
07:19:09,4,14.89,0.00,12.77,0.00,0.00,5.32,0.00,0.00,0.00,67.02
07:19:09,5,17.02,0.00,11.70,0.00,0.00,4.26,0.00,0.00,0.00,67.02
07:19:09,6,15.79,0.00,13.68,0.00,0.00,5.26,0.00,0.00,0.00,65.26
07:19:09,7,12.63,0.00,12.63,0.00,0.00,5.26,0.00,0.00,0.00,69.47
07:19:09,12,13.98,0.00,13.98,0.00,0.00,5.38,0.00,0.00,0.00,66.67
07:19:09,13,14.44,0.00,12.22,0.00,0.00,4.44,0.00,0.00,0.00,68.89
07:19:09,14,16.30,0.00,10.87,0.00,0.00,4.35,0.00,0.00,0.00,68.48
07:19:09,15,14.89,0.00,10.64,0.00,0.00,5.32,0.00,0.00,0.00,69.15
07:19:10,4,15.05,0.00,12.90,0.00,0.00,4.30,0.00,0.00,0.00,67.74
07:19:10,5,13.19,0.00,14.29,0.00,0.00,4.40,0.00,0.00,0.00,68.13
07:19:10,6,13.68,0.00,13.68,0.00,0.00,4.21,0.00,0.00,0.00,68.42
07:19:10,7,12.90,0.00,10.75,0.00,0.00,5.38,0.00,0.00,0.00,70.97
07:19:10,12,16.13,0.00,11.83,0.00,0.00,4.30,0.00,0.00,0.00,67.74
07:19:10,13,16.13,0.00,11.83,0.00,0.00,6.45,0.00,0.00,0.00,65.59
07:19:10,14,15.22,0.00,10.87,0.00,0.00,4.35,0.00,0.00,0.00,69.57
07:19:10,15,13.68,0.00,14.74,0.00,0.00,4.21,0.00,0.00,0.00,67.37
07:19:11,4,17.39,0.00,14.13,1.09,0.00,4.35,0.00,0.00,0.00,63.04
07:19:11,5,15.22,0.00,14.13,0.00,0.00,4.35,0.00,0.00,0.00,66.30
07:19:11,6,13.83,0.00,12.77,0.00,0.00,6.38,0.00,0.00,0.00,67.02
07:19:11,7,14.58,0.00,12.50,0.00,0.00,4.17,0.00,0.00,0.00,68.75
07:19:11,12,19.15,0.00,10.64,0.00,0.00,5.32,0.00,0.00,0.00,64.89
07:19:11,13,19.57,0.00,15.22,1.09,0.00,4.35,0.00,0.00,0.00,59.78
07:19:11,14,14.61,0.00,12.36,0.00,0.00,4.49,0.00,0.00,0.00,68.54
07:19:11,15,16.67,0.00,11.46,0.00,0.00,5.21,0.00,0.00,0.00,66.67
07:19:12,4,14.13,0.00,11.96,0.00,0.00,5.43,0.00,0.00,0.00,68.48
07:19:12,5,14.13,0.00,11.96,0.00,0.00,5.43,0.00,0.00,0.00,68.48
07:19:12,6,14.29,0.00,12.09,0.00,0.00,4.40,0.00,0.00,0.00,69.23
07:19:12,7,12.90,0.00,13.98,0.00,0.00,4.30,0.00,0.00,0.00,68.82
07:19:12,12,13.98,0.00,11.83,0.00,0.00,6.45,0.00,0.00,0.00,67.74
07:19:12,13,16.67,0.00,13.54,0.00,0.00,4.17,0.00,0.00,0.00,65.62
07:19:12,14,16.67,0.00,11.46,0.00,0.00,6.25,0.00,0.00,0.00,65.62
07:19:12,15,13.33,0.00,11.11,0.00,0.00,4.44,0.00,0.00,0.00,71.11
07:19:13,4,15.79,0.00,12.63,0.00,0.00,4.21,0.00,0.00,0.00,67.37
07:19:13,5,12.90,0.00,13.98,0.00,0.00,4.30,0.00,0.00,0.00,68.82
07:19:13,6,13.54,0.00,13.54,0.00,0.00,5.21,0.00,0.00,0.00,67.71
07:19:13,7,14.13,0.00,9.78,0.00,0.00,5.43,0.00,0.00,0.00,70.65
07:19:13,12,15.96,0.00,12.77,0.00,0.00,5.32,0.00,0.00,0.00,65.96
07:19:13,13,15.05,0.00,12.90,0.00,0.00,4.30,0.00,0.00,0.00,67.74
07:19:13,14,15.96,0.00,11.70,0.00,0.00,4.26,0.00,0.00,0.00,68.09
07:19:13,15,15.96,0.00,11.70,0.00,0.00,4.26,0.00,0.00,0.00,68.09
07:19:14,4,15.38,0.00,12.09,0.00,0.00,3.30,0.00,0.00,0.00,69.23
07:19:14,5,15.96,0.00,12.77,0.00,0.00,4.26,0.00,0.00,0.00,67.02
07:19:14,6,15.05,0.00,10.75,0.00,0.00,4.30,0.00,0.00,0.00,69.89
07:19:14,7,14.13,0.00,9.78,0.00,0.00,4.35,0.00,0.00,0.00,71.74
07:19:14,12,16.84,0.00,13.68,0.00,0.00,5.26,0.00,0.00,0.00,64.21
07:19:14,13,16.84,0.00,13.68,0.00,0.00,5.26,0.00,0.00,0.00,64.21
07:19:14,14,15.05,0.00,12.90,0.00,0.00,5.38,0.00,0.00,0.00,66.67
07:19:14,15,14.13,0.00,11.96,0.00,0.00,4.35,0.00,0.00,0.00,69.57
07:19:15,4,15.62,0.00,13.54,0.00,0.00,5.21,0.00,0.00,0.00,65.62
07:19:15,5,14.89,0.00,13.83,0.00,0.00,6.38,0.00,0.00,0.00,64.89
07:19:15,6,11.83,0.00,13.98,0.00,0.00,6.45,0.00,0.00,0.00,67.74
07:19:15,7,10.87,0.00,13.04,0.00,0.00,3.26,0.00,0.00,0.00,72.83
07:19:15,12,14.58,0.00,14.58,0.00,0.00,5.21,0.00,0.00,0.00,65.62
07:19:15,13,14.29,0.00,12.09,0.00,0.00,4.40,0.00,0.00,0.00,69.23
07:19:15,14,16.13,0.00,11.83,0.00,0.00,3.23,0.00,0.00,0.00,68.82
07:19:15,15,11.96,0.00,10.87,0.00,0.00,4.35,0.00,0.00,0.00,72.83
07:19:16,4,15.22,0.00,13.04,0.00,0.00,4.35,0.00,0.00,0.00,67.39
07:19:16,5,15.05,0.00,13.98,0.00,0.00,5.38,0.00,0.00,0.00,65.59
07:19:16,6,17.02,0.00,11.70,0.00,0.00,6.38,0.00,0.00,0.00,64.89
07:19:16,7,12.77,0.00,12.77,0.00,0.00,6.38,0.00,0.00,0.00,68.09
07:19:16,12,17.02,0.00,13.83,1.06,0.00,4.26,0.00,0.00,0.00,63.83
07:19:16,13,17.20,0.00,15.05,0.00,0.00,6.45,0.00,0.00,0.00,61.29
07:19:16,14,16.09,0.00,12.64,0.00,0.00,3.45,0.00,0.00,0.00,67.82
07:19:16,15,14.74,0.00,12.63,0.00,0.00,5.26,0.00,0.00,0.00,67.37
07:19:17,4,14.29,0.00,13.19,0.00,0.00,6.59,0.00,0.00,0.00,65.93
07:19:17,5,14.29,0.00,13.19,0.00,0.00,5.49,0.00,0.00,0.00,67.03
07:19:17,6,13.98,0.00,12.90,0.00,0.00,5.38,0.00,0.00,0.00,67.74
07:19:17,7,13.68,0.00,12.63,0.00,0.00,4.21,0.00,0.00,0.00,69.47
07:19:17,12,15.22,0.00,13.04,0.00,0.00,5.43,0.00,0.00,0.00,66.30
07:19:17,13,15.22,0.00,11.96,0.00,0.00,4.35,0.00,0.00,0.00,68.48
07:19:17,14,13.04,0.00,11.96,0.00,0.00,5.43,0.00,0.00,0.00,69.57
07:19:17,15,13.98,0.00,9.68,0.00,0.00,5.38,0.00,0.00,0.00,70.97
07:19:18,4,16.13,0.00,11.83,0.00,0.00,4.30,0.00,0.00,0.00,67.74
07:19:18,5,16.67,0.00,15.62,0.00,0.00,5.21,0.00,0.00,0.00,62.50
07:19:18,6,14.29,0.00,13.19,0.00,0.00,4.40,0.00,0.00,0.00,68.13
07:19:18,7,13.04,0.00,11.96,0.00,0.00,3.26,0.00,0.00,0.00,71.74
07:19:18,12,17.02,0.00,11.70,0.00,0.00,4.26,0.00,0.00,0.00,67.02
07:19:18,13,16.13,0.00,11.83,0.00,0.00,4.30,0.00,0.00,0.00,67.74
07:19:18,14,14.13,0.00,11.96,0.00,0.00,4.35,0.00,0.00,0.00,69.57
07:19:18,15,13.54,0.00,11.46,0.00,0.00,5.21,0.00,0.00,0.00,69.79
07:19:19,4,13.19,0.00,14.29,0.00,0.00,4.40,0.00,0.00,0.00,68.13
07:19:19,5,15.22,0.00,14.13,0.00,0.00,5.43,0.00,0.00,0.00,65.22
07:19:19,6,13.98,0.00,13.98,0.00,0.00,4.30,0.00,0.00,0.00,67.74
07:19:19,7,10.42,0.00,14.58,0.00,0.00,5.21,0.00,0.00,0.00,69.79
07:19:19,12,15.22,0.00,13.04,0.00,0.00,5.43,0.00,0.00,0.00,66.30
07:19:19,13,14.29,0.00,12.09,0.00,0.00,5.49,0.00,0.00,0.00,68.13
07:19:19,14,15.05,0.00,13.98,0.00,0.00,5.38,0.00,0.00,0.00,65.59
07:19:19,15,13.83,0.00,11.70,0.00,0.00,4.26,0.00,0.00,0.00,70.21
07:19:20,4,15.79,0.00,12.63,0.00,0.00,5.26,0.00,0.00,0.00,66.32
07:19:20,5,13.98,0.00,12.90,0.00,0.00,5.38,0.00,0.00,0.00,67.74
07:19:20,6,16.13,0.00,12.90,0.00,0.00,5.38,0.00,0.00,0.00,65.59
07:19:20,7,13.98,0.00,11.83,0.00,0.00,4.30,0.00,0.00,0.00,69.89
07:19:20,12,13.98,0.00,12.90,0.00,0.00,4.30,0.00,0.00,0.00,68.82
07:19:20,13,14.29,0.00,12.09,0.00,0.00,3.30,0.00,0.00,0.00,70.33
07:19:20,14,15.05,0.00,13.98,0.00,0.00,4.30,0.00,0.00,0.00,66.67
07:19:20,15,12.09,0.00,12.09,0.00,0.00,4.40,0.00,0.00,0.00,71.43
07:19:21,4,17.39,0.00,13.04,0.00,0.00,4.35,0.00,0.00,0.00,65.22
07:19:21,5,17.39,0.00,11.96,0.00,0.00,4.35,0.00,0.00,0.00,66.30
07:19:21,6,17.20,0.00,11.83,0.00,0.00,4.30,0.00,0.00,0.00,66.67
07:19:21,7,15.79,0.00,12.63,0.00,0.00,4.21,0.00,0.00,0.00,67.37
07:19:21,12,15.96,0.00,13.83,1.06,0.00,5.32,0.00,0.00,0.00,63.83
07:19:21,13,15.96,0.00,14.89,0.00,0.00,6.38,0.00,0.00,0.00,62.77
07:19:21,14,17.02,0.00,12.77,0.00,0.00,5.32,0.00,0.00,0.00,64.89
07:19:21,15,16.84,0.00,11.58,1.05,0.00,4.21,0.00,0.00,0.00,66.32
07:19:22,4,11.96,0.00,16.30,0.00,0.00,5.43,0.00,0.00,0.00,66.30
07:19:22,5,15.79,0.00,13.68,0.00,0.00,5.26,0.00,0.00,0.00,65.26
07:19:22,6,14.29,0.00,13.19,0.00,0.00,4.40,0.00,0.00,0.00,68.13
07:19:22,7,13.68,0.00,12.63,0.00,0.00,5.26,0.00,0.00,0.00,68.42
07:19:22,12,15.22,0.00,11.96,0.00,0.00,4.35,0.00,0.00,0.00,68.48
07:19:22,13,15.38,0.00,10.99,0.00,0.00,5.49,0.00,0.00,0.00,68.13
07:19:22,14,13.98,0.00,12.90,0.00,0.00,5.38,0.00,0.00,0.00,67.74
07:19:22,15,12.90,0.00,11.83,0.00,0.00,5.38,0.00,0.00,0.00,69.89
07:19:23,4,15.38,0.00,12.09,0.00,0.00,3.30,0.00,0.00,0.00,69.23
07:19:23,5,15.22,0.00,13.04,0.00,0.00,4.35,0.00,0.00,0.00,67.39
07:19:23,6,15.96,0.00,11.70,0.00,0.00,5.32,0.00,0.00,0.00,67.02
07:19:23,7,12.90,0.00,10.75,0.00,0.00,4.30,0.00,0.00,0.00,72.04
07:19:23,12,14.89,0.00,15.96,0.00,0.00,4.26,0.00,0.00,0.00,64.89
07:19:23,13,15.38,0.00,14.29,0.00,0.00,4.40,0.00,0.00,0.00,65.93
07:19:23,14,14.89,0.00,12.77,0.00,0.00,6.38,0.00,0.00,0.00,65.96
07:19:23,15,13.98,0.00,10.75,0.00,0.00,4.30,0.00,0.00,0.00,70.97
07:19:24,4,14.13,0.00,14.13,0.00,0.00,3.26,0.00,0.00,0.00,68.48
07:19:24,5,16.30,0.00,9.78,0.00,0.00,6.52,0.00,0.00,0.00,67.39
07:19:24,6,13.04,0.00,11.96,0.00,0.00,4.35,0.00,0.00,0.00,70.65
07:19:24,7,14.13,0.00,10.87,0.00,0.00,4.35,0.00,0.00,0.00,70.65
07:19:24,12,15.79,0.00,14.74,0.00,0.00,5.26,0.00,0.00,0.00,64.21
07:19:24,13,16.30,0.00,10.87,0.00,0.00,5.43,0.00,0.00,0.00,67.39
07:19:24,14,15.22,0.00,10.87,0.00,0.00,5.43,0.00,0.00,0.00,68.48
07:19:24,15,15.05,0.00,11.83,0.00,0.00,3.23,0.00,0.00,0.00,69.89
07:19:25,4,15.79,0.00,12.63,0.00,0.00,4.21,0.00,0.00,0.00,67.37
07:19:25,5,15.05,0.00,11.83,0.00,0.00,3.23,0.00,0.00,0.00,69.89
07:19:25,6,14.74,0.00,11.58,0.00,0.00,5.26,0.00,0.00,0.00,68.42
07:19:25,7,15.05,0.00,9.68,0.00,0.00,3.23,0.00,0.00,0.00,72.04
07:19:25,12,16.67,0.00,12.50,0.00,0.00,5.21,0.00,0.00,0.00,65.62
07:19:25,13,15.96,0.00,10.64,0.00,0.00,5.32,0.00,0.00,0.00,68.09
07:19:25,14,16.13,0.00,10.75,0.00,0.00,4.30,0.00,0.00,0.00,68.82
07:19:25,15,14.89,0.00,12.77,0.00,0.00,3.19,0.00,0.00,0.00,69.15
07:19:26,4,14.89,0.00,12.77,0.00,0.00,6.38,0.00,0.00,0.00,65.96
07:19:26,5,15.22,0.00,13.04,0.00,0.00,5.43,0.00,0.00,0.00,66.30
07:19:26,6,15.56,0.00,13.33,0.00,0.00,3.33,0.00,0.00,0.00,67.78
07:19:26,7,13.98,0.00,12.90,1.08,0.00,4.30,0.00,0.00,0.00,67.74
07:19:26,12,16.13,0.00,12.90,0.00,0.00,5.38,0.00,0.00,0.00,65.59
07:19:26,13,14.44,0.00,11.11,0.00,0.00,6.67,0.00,0.00,0.00,67.78
07:19:26,14,15.38,0.00,16.48,0.00,0.00,4.40,0.00,0.00,0.00,63.74
07:19:26,15,15.38,0.00,10.99,0.00,0.00,5.49,0.00,0.00,0.00,68.13
07:19:27,4,15.38,0.00,15.38,0.00,0.00,4.40,0.00,0.00,0.00,64.84
07:19:27,5,14.89,0.00,12.77,0.00,0.00,5.32,0.00,0.00,0.00,67.02
07:19:27,6,14.74,0.00,13.68,0.00,0.00,5.26,0.00,0.00,0.00,66.32
07:19:27,7,14.58,0.00,11.46,0.00,0.00,6.25,0.00,0.00,0.00,67.71
07:19:27,12,16.13,0.00,10.75,0.00,0.00,5.38,0.00,0.00,0.00,67.74
07:19:27,13,12.90,0.00,12.90,0.00,0.00,6.45,0.00,0.00,0.00,67.74
07:19:27,14,16.30,0.00,10.87,0.00,0.00,4.35,0.00,0.00,0.00,68.48
07:19:27,15,13.40,0.00,14.43,0.00,0.00,5.15,0.00,0.00,0.00,67.01
07:19:28,4,15.96,0.00,11.70,0.00,0.00,3.19,0.00,0.00,0.00,69.15
07:19:28,5,16.30,0.00,13.04,0.00,0.00,4.35,0.00,0.00,0.00,66.30
07:19:28,6,15.05,0.00,11.83,0.00,0.00,4.30,0.00,0.00,0.00,68.82
07:19:28,7,12.90,0.00,10.75,0.00,0.00,4.30,0.00,0.00,0.00,72.04
07:19:28,12,13.83,0.00,13.83,0.00,0.00,6.38,0.00,0.00,0.00,65.96
07:19:28,13,15.22,0.00,14.13,0.00,0.00,5.43,0.00,0.00,0.00,65.22
07:19:28,14,13.98,0.00,12.90,0.00,0.00,5.38,0.00,0.00,0.00,67.74
07:19:28,15,13.54,0.00,12.50,0.00,0.00,5.21,0.00,0.00,0.00,68.75
07:19:29,4,13.04,0.00,11.96,0.00,0.00,5.43,0.00,0.00,0.00,69.57
07:19:29,5,14.44,0.00,12.22,0.00,0.00,5.56,0.00,0.00,0.00,67.78
07:19:29,6,15.38,0.00,10.99,0.00,0.00,4.40,0.00,0.00,0.00,69.23
07:19:29,7,14.74,0.00,11.58,0.00,0.00,5.26,0.00,0.00,0.00,68.42
07:19:29,12,13.04,0.00,16.30,0.00,0.00,4.35,0.00,0.00,0.00,66.30
07:19:29,13,15.96,0.00,12.77,0.00,0.00,6.38,0.00,0.00,0.00,64.89
07:19:29,14,14.89,0.00,13.83,0.00,0.00,4.26,0.00,0.00,0.00,67.02
07:19:29,15,14.89,0.00,10.64,0.00,0.00,5.32,0.00,0.00,0.00,69.15
07:19:30,4,13.98,0.00,13.98,0.00,0.00,4.30,0.00,0.00,0.00,67.74
07:19:30,5,14.29,0.00,14.29,0.00,0.00,3.30,0.00,0.00,0.00,68.13
07:19:30,6,13.19,0.00,13.19,0.00,0.00,4.40,0.00,0.00,0.00,69.23
07:19:30,7,11.96,0.00,13.04,0.00,0.00,4.35,0.00,0.00,0.00,70.65
07:19:30,12,15.05,0.00,11.83,0.00,0.00,4.30,0.00,0.00,0.00,68.82
07:19:30,13,15.22,0.00,14.13,0.00,0.00,5.43,0.00,0.00,0.00,65.22
07:19:30,14,14.89,0.00,12.77,0.00,0.00,5.32,0.00,0.00,0.00,67.02
07:19:30,15,12.09,0.00,13.19,0.00,0.00,3.30,0.00,0.00,0.00,71.43
07:19:31,4,13.68,0.00,14.74,1.05,0.00,5.26,0.00,0.00,0.00,65.26
07:19:31,5,15.22,0.00,11.96,0.00,0.00,4.35,0.00,0.00,0.00,68.48
07:19:31,6,12.36,0.00,13.48,0.00,0.00,5.62,0.00,0.00,0.00,68.54
07:19:31,7,13.83,0.00,13.83,0.00,0.00,4.26,0.00,0.00,0.00,68.09
07:19:31,12,14.89,0.00,12.77,0.00,0.00,5.32,0.00,0.00,0.00,67.02
07:19:31,13,16.13,0.00,12.90,0.00,0.00,4.30,0.00,0.00,0.00,66.67
07:19:31,14,14.44,0.00,11.11,0.00,0.00,4.44,0.00,0.00,0.00,70.00
07:19:31,15,13.19,0.00,10.99,0.00,0.00,5.49,0.00,0.00,0.00,70.33
07:19:32,4,15.96,0.00,12.77,0.00,0.00,4.26,0.00,0.00,0.00,67.02
07:19:32,5,16.48,0.00,14.29,0.00,0.00,4.40,0.00,0.00,0.00,64.84
07:19:32,6,16.13,0.00,13.98,0.00,0.00,5.38,0.00,0.00,0.00,64.52
07:19:32,7,13.04,0.00,10.87,0.00,0.00,4.35,0.00,0.00,0.00,71.74
07:19:32,12,16.30,0.00,11.96,0.00,0.00,4.35,0.00,0.00,0.00,67.39
07:19:32,13,16.13,0.00,11.83,0.00,0.00,5.38,0.00,0.00,0.00,66.67
07:19:32,14,18.09,0.00,12.77,0.00,0.00,5.32,0.00,0.00,0.00,63.83
07:19:32,15,14.43,0.00,14.43,0.00,0.00,4.12,0.00,0.00,0.00,67.01
07:19:33,4,13.98,0.00,15.05,0.00,0.00,4.30,0.00,0.00,0.00,66.67
07:19:33,5,16.30,0.00,10.87,0.00,0.00,5.43,0.00,0.00,0.00,67.39
07:19:33,6,16.13,0.00,11.83,0.00,0.00,4.30,0.00,0.00,0.00,67.74
07:19:33,7,16.84,0.00,11.58,0.00,0.00,4.21,0.00,0.00,0.00,67.37
07:19:33,12,13.98,0.00,12.90,0.00,0.00,5.38,0.00,0.00,0.00,67.74
07:19:33,13,16.67,0.00,11.46,0.00,0.00,5.21,0.00,0.00,0.00,66.67
07:19:33,14,15.56,0.00,11.11,0.00,0.00,4.44,0.00,0.00,0.00,68.89
07:19:33,15,12.77,0.00,13.83,0.00,0.00,6.38,0.00,0.00,0.00,67.02
07:19:34,4,13.98,0.00,12.90,0.00,0.00,4.30,0.00,0.00,0.00,68.82
07:19:34,5,13.83,0.00,12.77,0.00,0.00,5.32,0.00,0.00,0.00,68.09
07:19:34,6,13.04,0.00,13.04,0.00,0.00,3.26,0.00,0.00,0.00,70.65
07:19:34,7,13.83,0.00,12.77,0.00,0.00,5.32,0.00,0.00,0.00,68.09
07:19:34,12,15.62,0.00,12.50,0.00,0.00,4.17,0.00,0.00,0.00,67.71
07:19:34,13,13.98,0.00,12.90,0.00,0.00,7.53,0.00,0.00,0.00,65.59
07:19:34,14,14.29,0.00,10.99,0.00,0.00,5.49,0.00,0.00,0.00,69.23
07:19:34,15,14.29,0.00,10.99,0.00,0.00,4.40,0.00,0.00,0.00,70.33
07:19:35,4,14.58,0.00,13.54,0.00,0.00,5.21,0.00,0.00,0.00,66.67
07:19:35,5,15.96,0.00,12.77,0.00,0.00,5.32,0.00,0.00,0.00,65.96
07:19:35,6,13.98,0.00,12.90,0.00,0.00,4.30,0.00,0.00,0.00,68.82
07:19:35,7,10.87,0.00,11.96,0.00,0.00,4.35,0.00,0.00,0.00,72.83
07:19:35,12,14.13,0.00,16.30,0.00,0.00,4.35,0.00,0.00,0.00,65.22
07:19:35,13,15.38,0.00,14.29,0.00,0.00,4.40,0.00,0.00,0.00,65.93
07:19:35,14,14.58,0.00,12.50,0.00,0.00,7.29,0.00,0.00,0.00,65.62
07:19:35,15,12.63,0.00,11.58,0.00,0.00,6.32,0.00,0.00,0.00,69.47
07:19:36,4,14.74,0.00,14.74,1.05,0.00,5.26,0.00,0.00,0.00,64.21
07:19:36,5,16.13,0.00,12.90,0.00,0.00,4.30,0.00,0.00,0.00,66.67
07:19:36,6,14.13,0.00,13.04,0.00,0.00,4.35,0.00,0.00,0.00,68.48
07:19:36,7,12.90,0.00,11.83,0.00,0.00,4.30,0.00,0.00,0.00,70.97
07:19:36,12,13.04,0.00,14.13,0.00,0.00,6.52,0.00,0.00,0.00,66.30
07:19:36,13,14.13,0.00,13.04,0.00,0.00,4.35,0.00,0.00,0.00,68.48
07:19:36,14,15.22,0.00,15.22,1.09,0.00,3.26,0.00,0.00,0.00,65.22
07:19:36,15,13.98,0.00,11.83,0.00,0.00,5.38,0.00,0.00,0.00,68.82
07:19:37,4,16.67,0.00,12.50,0.00,0.00,5.21,0.00,0.00,0.00,65.62
07:19:37,5,17.39,0.00,13.04,0.00,0.00,5.43,0.00,0.00,0.00,64.13
07:19:37,6,16.67,0.00,13.54,0.00,0.00,5.21,0.00,0.00,0.00,64.58
07:19:37,7,14.61,0.00,13.48,0.00,0.00,3.37,0.00,0.00,0.00,68.54
07:19:37,12,13.98,0.00,15.05,0.00,0.00,4.30,0.00,0.00,0.00,66.67
07:19:37,13,14.61,0.00,12.36,0.00,0.00,4.49,0.00,0.00,0.00,68.54
07:19:37,14,15.96,0.00,13.83,0.00,0.00,5.32,0.00,0.00,0.00,64.89
07:19:37,15,14.29,0.00,13.19,0.00,0.00,3.30,0.00,0.00,0.00,69.23
07:19:38,4,14.74,0.00,12.63,0.00,0.00,6.32,0.00,0.00,0.00,66.32
07:19:38,5,14.29,0.00,16.33,0.00,0.00,5.10,0.00,0.00,0.00,64.29
07:19:38,6,15.96,0.00,13.83,0.00,0.00,4.26,0.00,0.00,0.00,65.96
07:19:38,7,14.74,0.00,11.58,0.00,0.00,4.21,0.00,0.00,0.00,69.47
07:19:38,12,14.89,0.00,11.70,0.00,0.00,5.32,0.00,0.00,0.00,68.09
07:19:38,13,13.98,0.00,12.90,0.00,0.00,5.38,0.00,0.00,0.00,67.74
07:19:38,14,13.04,0.00,13.04,0.00,0.00,5.43,0.00,0.00,0.00,68.48
07:19:38,15,15.05,0.00,10.75,0.00,0.00,4.30,0.00,0.00,0.00,69.89
07:19:39,4,12.77,0.00,13.83,0.00,0.00,4.26,0.00,0.00,0.00,69.15
07:19:39,5,14.77,0.00,11.36,0.00,0.00,4.55,0.00,0.00,0.00,69.32
07:19:39,6,13.19,0.00,12.09,0.00,0.00,5.49,0.00,0.00,0.00,69.23
07:19:39,7,13.83,0.00,11.70,0.00,0.00,5.32,0.00,0.00,0.00,69.15
07:19:39,12,16.67,0.00,11.46,0.00,0.00,5.21,0.00,0.00,0.00,66.67
07:19:39,13,14.89,0.00,17.02,0.00,0.00,4.26,0.00,0.00,0.00,63.83
07:19:39,14,14.74,0.00,11.58,0.00,0.00,6.32,0.00,0.00,0.00,67.37
07:19:39,15,14.89,0.00,10.64,0.00,0.00,5.32,0.00,0.00,0.00,69.15
07:19:40,4,14.89,0.00,13.83,0.00,0.00,4.26,0.00,0.00,0.00,67.02
07:19:40,5,13.19,0.00,14.29,0.00,0.00,4.40,0.00,0.00,0.00,68.13
07:19:40,6,12.90,0.00,12.90,0.00,0.00,5.38,0.00,0.00,0.00,68.82
07:19:40,7,15.05,0.00,9.68,0.00,0.00,4.30,0.00,0.00,0.00,70.97
07:19:40,12,15.79,0.00,12.63,0.00,0.00,5.26,0.00,0.00,0.00,66.32
07:19:40,13,13.19,0.00,13.19,0.00,0.00,4.40,0.00,0.00,0.00,69.23
07:19:40,14,16.30,0.00,13.04,0.00,0.00,4.35,0.00,0.00,0.00,66.30
07:19:40,15,13.83,0.00,11.70,0.00,0.00,5.32,0.00,0.00,0.00,69.15
07:19:41,4,14.29,0.00,10.99,0.00,0.00,4.40,0.00,0.00,0.00,70.33
07:19:41,5,15.73,0.00,13.48,2.25,0.00,4.49,0.00,0.00,0.00,64.04
07:19:41,6,13.83,0.00,12.77,0.00,0.00,6.38,0.00,0.00,0.00,67.02
07:19:41,7,13.98,0.00,13.98,0.00,0.00,4.30,0.00,0.00,0.00,67.74
07:19:41,12,13.83,0.00,13.83,1.06,0.00,4.26,0.00,0.00,0.00,67.02
07:19:41,13,16.84,0.00,11.58,0.00,0.00,5.26,0.00,0.00,0.00,66.32
07:19:41,14,14.89,0.00,11.70,0.00,0.00,5.32,0.00,0.00,0.00,68.09
07:19:41,15,15.05,0.00,11.83,0.00,0.00,5.38,0.00,0.00,0.00,67.74
07:19:42,4,16.13,0.00,13.98,0.00,0.00,4.30,0.00,0.00,0.00,65.59
07:19:42,5,17.58,0.00,10.99,0.00,0.00,4.40,0.00,0.00,0.00,67.03
07:19:42,6,16.48,0.00,12.09,0.00,0.00,5.49,0.00,0.00,0.00,65.93
07:19:42,7,14.89,0.00,11.70,0.00,0.00,4.26,0.00,0.00,0.00,69.15
07:19:42,12,15.22,0.00,17.39,0.00,0.00,4.35,0.00,0.00,0.00,63.04
07:19:42,13,14.89,0.00,12.77,0.00,0.00,7.45,0.00,0.00,0.00,64.89
07:19:42,14,17.02,0.00,13.83,0.00,0.00,6.38,0.00,0.00,0.00,62.77
07:19:42,15,15.22,0.00,9.78,0.00,0.00,5.43,0.00,0.00,0.00,69.57
07:19:43,4,15.05,0.00,11.83,0.00,0.00,4.30,0.00,0.00,0.00,68.82
07:19:43,5,15.38,0.00,13.19,0.00,0.00,5.49,0.00,0.00,0.00,65.93
07:19:43,6,16.30,0.00,10.87,0.00,0.00,5.43,0.00,0.00,0.00,67.39
07:19:43,7,13.83,0.00,11.70,0.00,0.00,5.32,0.00,0.00,0.00,69.15
07:19:43,12,13.64,0.00,11.36,0.00,0.00,4.55,0.00,0.00,0.00,70.45
07:19:43,13,15.22,0.00,10.87,0.00,0.00,4.35,0.00,0.00,0.00,69.57
07:19:43,14,15.22,0.00,13.04,0.00,0.00,4.35,0.00,0.00,0.00,67.39
07:19:43,15,12.90,0.00,13.98,0.00,0.00,3.23,0.00,0.00,0.00,69.89
07:19:44,4,16.13,0.00,11.83,0.00,0.00,4.30,0.00,0.00,0.00,67.74
07:19:44,5,15.38,0.00,13.19,0.00,0.00,3.30,0.00,0.00,0.00,68.13
07:19:44,6,14.61,0.00,10.11,0.00,0.00,5.62,0.00,0.00,0.00,69.66
07:19:44,7,15.05,0.00,11.83,0.00,0.00,5.38,0.00,0.00,0.00,67.74
07:19:44,12,14.13,0.00,11.96,0.00,0.00,5.43,0.00,0.00,0.00,68.48
07:19:44,13,14.29,0.00,12.09,0.00,0.00,5.49,0.00,0.00,0.00,68.13
07:19:44,14,16.13,0.00,10.75,0.00,0.00,5.38,0.00,0.00,0.00,67.74
07:19:44,15,13.98,0.00,13.98,0.00,0.00,4.30,0.00,0.00,0.00,67.74
07:19:45,4,16.13,0.00,12.90,0.00,0.00,5.38,0.00,0.00,0.00,65.59
07:19:45,5,16.48,0.00,13.19,0.00,0.00,3.30,0.00,0.00,0.00,67.03
07:19:45,6,14.58,0.00,13.54,0.00,0.00,5.21,0.00,0.00,0.00,66.67
07:19:45,7,12.90,0.00,10.75,0.00,0.00,4.30,0.00,0.00,0.00,72.04
07:19:45,12,14.58,0.00,11.46,0.00,0.00,6.25,0.00,0.00,0.00,67.71
07:19:45,13,17.20,0.00,11.83,0.00,0.00,5.38,0.00,0.00,0.00,65.59
07:19:45,14,15.62,0.00,13.54,0.00,0.00,4.17,0.00,0.00,0.00,66.67
07:19:45,15,13.68,0.00,10.53,0.00,0.00,5.26,0.00,0.00,0.00,70.53
07:19:46,4,14.13,0.00,13.04,1.09,0.00,5.43,0.00,0.00,0.00,66.30
07:19:46,5,15.38,0.00,15.38,1.10,0.00,5.49,0.00,0.00,0.00,62.64
07:19:46,6,16.13,0.00,11.83,0.00,0.00,4.30,0.00,0.00,0.00,67.74
07:19:46,7,12.90,0.00,12.90,0.00,0.00,4.30,0.00,0.00,0.00,69.89
07:19:46,12,14.13,0.00,10.87,0.00,0.00,5.43,0.00,0.00,0.00,69.57
07:19:46,13,14.44,0.00,10.00,0.00,0.00,5.56,0.00,0.00,0.00,70.00
07:19:46,14,16.13,0.00,11.83,0.00,0.00,5.38,0.00,0.00,0.00,66.67
07:19:46,15,12.77,0.00,12.77,0.00,0.00,5.32,0.00,0.00,0.00,69.15
07:19:47,4,18.28,0.00,13.98,0.00,0.00,5.38,0.00,0.00,0.00,62.37
07:19:47,5,14.13,0.00,16.30,0.00,0.00,5.43,0.00,0.00,0.00,64.13
07:19:47,6,14.13,0.00,13.04,0.00,0.00,6.52,0.00,0.00,0.00,66.30
07:19:47,7,12.77,0.00,13.83,0.00,0.00,5.32,0.00,0.00,0.00,68.09
07:19:47,12,13.83,0.00,14.89,0.00,0.00,4.26,0.00,0.00,0.00,67.02
07:19:47,13,18.09,0.00,11.70,0.00,0.00,4.26,0.00,0.00,0.00,65.96
07:19:47,14,17.02,0.00,11.70,0.00,0.00,5.32,0.00,0.00,0.00,65.96
07:19:47,15,14.89,0.00,10.64,0.00,0.00,5.32,0.00,0.00,0.00,69.15
07:19:48,4,14.13,0.00,13.04,0.00,0.00,5.43,0.00,0.00,0.00,67.39
07:19:48,5,15.56,0.00,11.11,0.00,0.00,4.44,0.00,0.00,0.00,68.89
07:19:48,6,15.05,0.00,11.83,0.00,0.00,5.38,0.00,0.00,0.00,67.74
07:19:48,7,14.74,0.00,12.63,0.00,0.00,5.26,0.00,0.00,0.00,67.37
07:19:48,12,14.29,0.00,10.99,0.00,0.00,5.49,0.00,0.00,0.00,69.23
07:19:48,13,13.33,0.00,12.22,0.00,0.00,4.44,0.00,0.00,0.00,70.00
07:19:48,14,14.61,0.00,11.24,0.00,0.00,3.37,0.00,0.00,0.00,70.79
07:19:48,15,14.89,0.00,12.77,0.00,0.00,4.26,0.00,0.00,0.00,68.09
07:19:49,4,15.05,0.00,12.90,0.00,0.00,4.30,0.00,0.00,0.00,67.74
07:19:49,5,15.05,0.00,17.20,0.00,0.00,4.30,0.00,0.00,0.00,63.44
07:19:49,6,13.83,0.00,12.77,0.00,0.00,6.38,0.00,0.00,0.00,67.02
07:19:49,7,13.83,0.00,10.64,0.00,0.00,6.38,0.00,0.00,0.00,69.15
07:19:49,12,13.19,0.00,13.19,0.00,0.00,3.30,0.00,0.00,0.00,70.33
07:19:49,13,13.68,0.00,13.68,0.00,0.00,5.26,0.00,0.00,0.00,67.37
07:19:49,14,13.33,0.00,11.11,0.00,0.00,5.56,0.00,0.00,0.00,70.00
07:19:49,15,15.31,0.00,12.24,0.00,0.00,4.08,0.00,0.00,0.00,68.37
07:19:50,4,16.13,0.00,15.05,0.00,0.00,4.30,0.00,0.00,0.00,64.52
07:19:50,5,14.29,0.00,13.19,0.00,0.00,4.40,0.00,0.00,0.00,68.13
07:19:50,6,14.13,0.00,13.04,0.00,0.00,4.35,0.00,0.00,0.00,68.48
07:19:50,7,16.67,0.00,12.50,0.00,0.00,3.12,0.00,0.00,0.00,67.71
07:19:50,12,14.13,0.00,15.22,0.00,0.00,4.35,0.00,0.00,0.00,66.30
07:19:50,13,16.67,0.00,13.54,0.00,0.00,5.21,0.00,0.00,0.00,64.58
07:19:50,14,14.13,0.00,13.04,0.00,0.00,4.35,0.00,0.00,0.00,68.48
07:19:50,15,13.98,0.00,11.83,0.00,0.00,4.30,0.00,0.00,0.00,69.89
07:19:51,4,13.33,0.00,11.11,0.00,0.00,4.44,0.00,0.00,0.00,71.11
07:19:51,5,16.30,0.00,14.13,0.00,0.00,4.35,0.00,0.00,0.00,65.22
07:19:51,6,14.29,0.00,13.19,0.00,0.00,4.40,0.00,0.00,0.00,68.13
07:19:51,7,12.77,0.00,12.77,0.00,0.00,5.32,0.00,0.00,0.00,69.15
07:19:51,12,14.74,0.00,12.63,0.00,0.00,6.32,0.00,0.00,0.00,66.32
07:19:51,13,16.30,0.00,11.96,0.00,0.00,4.35,0.00,0.00,0.00,67.39
07:19:51,14,15.05,0.00,12.90,0.00,0.00,4.30,0.00,0.00,0.00,67.74
07:19:51,15,14.13,0.00,11.96,0.00,0.00,3.26,0.00,0.00,0.00,70.65
07:19:52,4,16.84,0.00,14.74,0.00,0.00,5.26,0.00,0.00,0.00,63.16
07:19:52,5,13.98,0.00,12.90,0.00,0.00,6.45,0.00,0.00,0.00,66.67
07:19:52,6,15.79,0.00,12.63,0.00,0.00,5.26,0.00,0.00,0.00,66.32
07:19:52,7,15.22,0.00,11.96,0.00,0.00,4.35,0.00,0.00,0.00,68.48
07:19:52,12,14.44,0.00,12.22,0.00,0.00,4.44,0.00,0.00,0.00,68.89
07:19:52,13,16.30,0.00,11.96,0.00,0.00,4.35,0.00,0.00,0.00,67.39
07:19:52,14,13.98,0.00,13.98,0.00,0.00,5.38,0.00,0.00,0.00,66.67
07:19:52,15,17.02,0.00,13.83,0.00,0.00,3.19,0.00,0.00,0.00,65.96
07:19:53,4,15.79,0.00,14.74,0.00,0.00,4.21,0.00,0.00,0.00,65.26
07:19:53,5,13.98,0.00,15.05,0.00,0.00,4.30,0.00,0.00,0.00,66.67
07:19:53,6,14.29,0.00,10.99,0.00,0.00,5.49,0.00,0.00,0.00,69.23
07:19:53,7,12.77,0.00,11.70,0.00,0.00,4.26,0.00,0.00,0.00,71.28
07:19:53,12,15.38,0.00,12.09,0.00,0.00,4.40,0.00,0.00,0.00,68.13
07:19:53,13,15.22,0.00,11.96,0.00,0.00,4.35,0.00,0.00,0.00,68.48
07:19:53,14,17.39,0.00,13.04,0.00,0.00,4.35,0.00,0.00,0.00,65.22
07:19:53,15,13.33,0.00,11.11,0.00,0.00,4.44,0.00,0.00,0.00,71.11
07:19:54,4,18.09,0.00,12.77,0.00,0.00,5.32,0.00,0.00,0.00,63.83
07:19:54,5,13.98,0.00,13.98,0.00,0.00,4.30,0.00,0.00,0.00,67.74
07:19:54,6,14.13,0.00,13.04,0.00,0.00,4.35,0.00,0.00,0.00,68.48
07:19:54,7,10.75,0.00,10.75,0.00,0.00,4.30,0.00,0.00,0.00,74.19
07:19:54,12,16.13,0.00,11.83,0.00,0.00,4.30,0.00,0.00,0.00,67.74
07:19:54,13,15.05,0.00,15.05,0.00,0.00,6.45,0.00,0.00,0.00,63.44
07:19:54,14,15.79,0.00,12.63,0.00,0.00,6.32,0.00,0.00,0.00,65.26
07:19:54,15,13.83,0.00,11.70,0.00,0.00,4.26,0.00,0.00,0.00,70.21
07:19:55,4,14.29,0.00,13.19,0.00,0.00,4.40,0.00,0.00,0.00,68.13
07:19:55,5,15.96,0.00,11.70,0.00,0.00,5.32,0.00,0.00,0.00,67.02
07:19:55,6,13.83,0.00,12.77,0.00,0.00,4.26,0.00,0.00,0.00,69.15
07:19:55,7,13.68,0.00,12.63,0.00,0.00,3.16,0.00,0.00,0.00,70.53
07:19:55,12,15.73,0.00,12.36,0.00,0.00,3.37,0.00,0.00,0.00,68.54
07:19:55,13,17.39,0.00,10.87,0.00,0.00,4.35,0.00,0.00,0.00,67.39
07:19:55,14,13.19,0.00,13.19,0.00,0.00,4.40,0.00,0.00,0.00,69.23
07:19:55,15,12.77,0.00,12.77,0.00,0.00,5.32,0.00,0.00,0.00,69.15
07:19:56,4,16.48,0.00,13.19,0.00,0.00,3.30,0.00,0.00,0.00,67.03
07:19:56,5,15.05,0.00,12.90,0.00,0.00,5.38,0.00,0.00,0.00,66.67
07:19:56,6,15.05,0.00,12.90,0.00,0.00,5.38,0.00,0.00,0.00,66.67
07:19:56,7,13.98,0.00,11.83,0.00,0.00,3.23,0.00,0.00,0.00,70.97
07:19:56,12,14.29,0.00,13.19,0.00,0.00,5.49,0.00,0.00,0.00,67.03
07:19:56,13,12.90,0.00,12.90,0.00,0.00,6.45,0.00,0.00,0.00,67.74
07:19:56,14,14.89,0.00,12.77,0.00,0.00,4.26,0.00,0.00,0.00,68.09
07:19:56,15,15.05,0.00,10.75,0.00,0.00,4.30,0.00,0.00,0.00,69.89
07:19:57,4,16.30,0.00,15.22,0.00,0.00,5.43,0.00,0.00,0.00,63.04
07:19:57,5,15.96,0.00,15.96,0.00,0.00,5.32,0.00,0.00,0.00,62.77
07:19:57,6,16.48,0.00,9.89,0.00,0.00,4.40,0.00,0.00,0.00,69.23
07:19:57,7,12.09,0.00,10.99,0.00,0.00,4.40,0.00,0.00,0.00,72.53
07:19:57,12,13.98,0.00,15.05,0.00,0.00,5.38,0.00,0.00,0.00,65.59
07:19:57,13,19.15,0.00,12.77,0.00,0.00,6.38,0.00,0.00,0.00,61.70
07:19:57,14,16.13,0.00,11.83,0.00,0.00,5.38,0.00,0.00,0.00,66.67
07:19:57,15,12.90,0.00,12.90,0.00,0.00,4.30,0.00,0.00,0.00,69.89
07:19:58,4,14.74,0.00,13.68,0.00,0.00,5.26,0.00,0.00,0.00,66.32
07:19:58,5,14.44,0.00,14.44,0.00,0.00,5.56,0.00,0.00,0.00,65.56
07:19:58,6,13.19,0.00,12.09,0.00,0.00,5.49,0.00,0.00,0.00,69.23
07:19:58,7,15.38,0.00,10.99,0.00,0.00,4.40,0.00,0.00,0.00,69.23
07:19:58,12,15.96,0.00,12.77,0.00,0.00,4.26,0.00,0.00,0.00,67.02
07:19:58,13,17.20,0.00,11.83,0.00,0.00,4.30,0.00,0.00,0.00,66.67
07:19:58,14,15.79,0.00,13.68,0.00,0.00,4.21,0.00,0.00,0.00,66.32
07:19:58,15,13.98,0.00,11.83,0.00,0.00,5.38,0.00,0.00,0.00,68.82
07:19:59,4,15.96,0.00,11.70,0.00,0.00,5.32,0.00,0.00,0.00,67.02
07:19:59,5,15.05,0.00,16.13,0.00,0.00,4.30,0.00,0.00,0.00,64.52
07:19:59,6,15.96,0.00,11.70,0.00,0.00,6.38,0.00,0.00,0.00,65.96
07:19:59,7,11.70,0.00,11.70,0.00,0.00,5.32,0.00,0.00,0.00,71.28
07:19:59,12,12.90,0.00,12.90,0.00,0.00,5.38,0.00,0.00,0.00,68.82
07:19:59,13,16.13,0.00,13.98,0.00,0.00,5.38,0.00,0.00,0.00,64.52
07:19:59,14,15.22,0.00,14.13,0.00,0.00,3.26,0.00,0.00,0.00,67.39
07:19:59,15,12.90,0.00,10.75,0.00,0.00,5.38,0.00,0.00,0.00,70.97
07:20:00,4,15.22,0.00,10.87,0.00,0.00,5.43,0.00,0.00,0.00,68.48
07:20:00,5,17.39,0.00,14.13,0.00,0.00,5.43,0.00,0.00,0.00,63.04
07:20:00,6,17.20,0.00,12.90,0.00,0.00,4.30,0.00,0.00,0.00,65.59
07:20:00,7,13.68,0.00,12.63,0.00,0.00,5.26,0.00,0.00,0.00,68.42
07:20:00,12,14.89,0.00,12.77,0.00,0.00,5.32,0.00,0.00,0.00,67.02
07:20:00,13,15.22,0.00,13.04,0.00,0.00,4.35,0.00,0.00,0.00,67.39
07:20:00,14,15.05,0.00,12.90,0.00,0.00,4.30,0.00,0.00,0.00,67.74
07:20:00,15,12.63,0.00,11.58,0.00,0.00,5.26,0.00,0.00,0.00,70.53
07:20:01,4,14.89,0.00,12.77,0.00,0.00,5.32,0.00,0.00,0.00,67.02
07:20:01,5,15.79,0.00,12.63,0.00,0.00,5.26,0.00,0.00,0.00,66.32
07:20:01,6,13.83,0.00,11.70,0.00,0.00,5.32,0.00,0.00,0.00,69.15
07:20:01,7,14.13,0.00,10.87,0.00,0.00,5.43,0.00,0.00,0.00,69.57
07:20:01,12,13.04,0.00,14.13,0.00,0.00,6.52,0.00,0.00,0.00,66.30
07:20:01,13,12.90,0.00,13.98,0.00,0.00,5.38,0.00,0.00,0.00,67.74
07:20:01,14,14.58,0.00,13.54,0.00,0.00,5.21,0.00,0.00,0.00,66.67
07:20:01,15,15.05,0.00,12.90,0.00,0.00,4.30,0.00,0.00,0.00,67.74
07:20:02,4,18.28,0.00,13.98,0.00,0.00,4.30,0.00,0.00,0.00,63.44
07:20:02,5,16.30,0.00,13.04,0.00,0.00,4.35,0.00,0.00,0.00,66.30
07:20:02,6,14.13,0.00,13.04,0.00,0.00,4.35,0.00,0.00,0.00,68.48
07:20:02,7,14.89,0.00,11.70,0.00,0.00,3.19,0.00,0.00,0.00,70.21
07:20:02,12,18.09,0.00,10.64,0.00,0.00,5.32,0.00,0.00,0.00,65.96
07:20:02,13,20.65,0.00,14.13,0.00,0.00,4.35,0.00,0.00,0.00,60.87
07:20:02,14,15.22,0.00,11.96,0.00,0.00,5.43,0.00,0.00,0.00,67.39
07:20:02,15,15.79,0.00,12.63,0.00,0.00,4.21,0.00,0.00,0.00,67.37
07:20:03,4,13.83,0.00,12.77,0.00,0.00,5.32,0.00,0.00,0.00,68.09
07:20:03,5,16.13,0.00,12.90,0.00,0.00,5.38,0.00,0.00,0.00,65.59
07:20:03,6,15.05,0.00,9.68,0.00,0.00,6.45,0.00,0.00,0.00,68.82
07:20:03,7,12.77,0.00,11.70,0.00,0.00,4.26,0.00,0.00,0.00,71.28
07:20:03,12,15.05,0.00,15.05,0.00,0.00,4.30,0.00,0.00,0.00,65.59
07:20:03,13,13.33,0.00,14.44,0.00,0.00,5.56,0.00,0.00,0.00,66.67
07:20:03,14,14.13,0.00,11.96,0.00,0.00,5.43,0.00,0.00,0.00,68.48
07:20:03,15,13.19,0.00,10.99,0.00,0.00,4.40,0.00,0.00,0.00,71.43
07:20:04,4,14.29,0.00,12.09,0.00,0.00,4.40,0.00,0.00,0.00,69.23
07:20:04,5,15.22,0.00,11.96,0.00,0.00,4.35,0.00,0.00,0.00,68.48
07:20:04,6,13.04,0.00,11.96,0.00,0.00,4.35,0.00,0.00,0.00,70.65
07:20:04,7,13.98,0.00,11.83,0.00,0.00,4.30,0.00,0.00,0.00,69.89
07:20:04,12,15.05,0.00,12.90,0.00,0.00,4.30,0.00,0.00,0.00,67.74
07:20:04,13,14.44,0.00,11.11,0.00,0.00,4.44,0.00,0.00,0.00,70.00
07:20:04,14,13.68,0.00,12.63,0.00,0.00,6.32,0.00,0.00,0.00,67.37
07:20:04,15,15.96,0.00,12.77,0.00,0.00,4.26,0.00,0.00,0.00,67.02
07:20:05,4,14.13,0.00,11.96,0.00,0.00,4.35,0.00,0.00,0.00,69.57
07:20:05,5,15.79,0.00,13.68,0.00,0.00,4.21,0.00,0.00,0.00,66.32
07:20:05,6,13.98,0.00,13.98,0.00,0.00,4.30,0.00,0.00,0.00,67.74
07:20:05,7,12.90,0.00,13.98,0.00,0.00,3.23,0.00,0.00,0.00,69.89
07:20:05,12,15.05,0.00,10.75,0.00,0.00,4.30,0.00,0.00,0.00,69.89
07:20:05,13,14.29,0.00,14.29,0.00,0.00,4.40,0.00,0.00,0.00,67.03
07:20:05,14,13.33,0.00,13.33,0.00,0.00,4.44,0.00,0.00,0.00,68.89
07:20:05,15,14.29,0.00,10.99,0.00,0.00,4.40,0.00,0.00,0.00,70.33
07:20:06,4,16.67,0.00,12.22,0.00,0.00,4.44,0.00,0.00,0.00,66.67
07:20:06,5,13.98,0.00,13.98,0.00,0.00,5.38,0.00,0.00,0.00,66.67
07:20:06,6,16.13,0.00,11.83,0.00,0.00,5.38,0.00,0.00,0.00,66.67
07:20:06,7,14.13,0.00,9.78,1.09,0.00,5.43,0.00,0.00,0.00,69.57
07:20:06,12,15.96,0.00,12.77,0.00,0.00,4.26,0.00,0.00,0.00,67.02
07:20:06,13,17.20,0.00,13.98,0.00,0.00,5.38,0.00,0.00,0.00,63.44
07:20:06,14,15.96,0.00,11.70,0.00,0.00,5.32,0.00,0.00,0.00,67.02
07:20:06,15,11.96,0.00,10.87,0.00,0.00,6.52,0.00,0.00,0.00,70.65
07:20:07,4,15.79,0.00,15.79,0.00,0.00,5.26,0.00,0.00,0.00,63.16
07:20:07,5,14.13,0.00,11.96,0.00,0.00,5.43,0.00,0.00,0.00,68.48
07:20:07,6,14.13,0.00,14.13,0.00,0.00,4.35,0.00,0.00,0.00,67.39
07:20:07,7,15.38,0.00,10.99,0.00,0.00,5.49,0.00,0.00,0.00,68.13
07:20:07,12,17.71,0.00,13.54,0.00,0.00,6.25,0.00,0.00,0.00,62.50
07:20:07,13,12.90,0.00,12.90,0.00,0.00,6.45,0.00,0.00,0.00,67.74
07:20:07,14,15.46,0.00,14.43,0.00,0.00,5.15,0.00,0.00,0.00,64.95
07:20:07,15,14.89,0.00,12.77,0.00,0.00,5.32,0.00,0.00,0.00,67.02
07:20:08,4,16.30,0.00,13.04,0.00,0.00,3.26,0.00,0.00,0.00,67.39
07:20:08,5,14.29,0.00,16.48,0.00,0.00,5.49,0.00,0.00,0.00,63.74
07:20:08,6,14.89,0.00,12.77,0.00,0.00,5.32,0.00,0.00,0.00,67.02
07:20:08,7,13.83,0.00,12.77,0.00,0.00,4.26,0.00,0.00,0.00,69.15
07:20:08,12,13.04,0.00,13.04,0.00,0.00,4.35,0.00,0.00,0.00,69.57
07:20:08,13,17.98,0.00,10.11,0.00,0.00,4.49,0.00,0.00,0.00,67.42
07:20:08,14,14.89,0.00,13.83,0.00,0.00,4.26,0.00,0.00,0.00,67.02
07:20:08,15,13.83,0.00,11.70,0.00,0.00,5.32,0.00,0.00,0.00,69.15
07:20:09,4,14.61,0.00,10.11,0.00,0.00,4.49,0.00,0.00,0.00,70.79
07:20:09,5,14.29,0.00,10.99,0.00,0.00,5.49,0.00,0.00,0.00,69.23
07:20:09,6,13.19,0.00,13.19,0.00,0.00,3.30,0.00,0.00,0.00,70.33
07:20:09,7,12.90,0.00,10.75,0.00,0.00,5.38,0.00,0.00,0.00,70.97
07:20:09,12,16.13,0.00,12.90,0.00,0.00,5.38,0.00,0.00,0.00,65.59
07:20:09,13,14.13,0.00,13.04,0.00,0.00,5.43,0.00,0.00,0.00,67.39
07:20:09,14,13.64,0.00,11.36,0.00,0.00,3.41,0.00,0.00,0.00,71.59
07:20:09,15,12.63,0.00,11.58,0.00,0.00,6.32,0.00,0.00,0.00,69.47
07:20:10,4,15.22,0.00,14.13,0.00,0.00,4.35,0.00,0.00,0.00,66.30
07:20:10,5,13.98,0.00,16.13,0.00,0.00,4.30,0.00,0.00,0.00,65.59
07:20:10,6,16.84,0.00,11.58,0.00,0.00,5.26,0.00,0.00,0.00,66.32
07:20:10,7,13.04,0.00,10.87,0.00,0.00,4.35,0.00,0.00,0.00,71.74
07:20:10,12,15.05,0.00,13.98,0.00,0.00,5.38,0.00,0.00,0.00,65.59
07:20:10,13,13.33,0.00,14.44,0.00,0.00,3.33,0.00,0.00,0.00,68.89
07:20:10,14,13.83,0.00,13.83,0.00,0.00,4.26,0.00,0.00,0.00,68.09
07:20:10,15,15.05,0.00,11.83,0.00,0.00,3.23,0.00,0.00,0.00,69.89
07:20:11,4,15.05,0.00,11.83,0.00,0.00,5.38,0.00,0.00,0.00,67.74
07:20:11,5,13.83,0.00,14.89,0.00,0.00,4.26,0.00,0.00,0.00,67.02
07:20:11,6,14.89,0.00,13.83,0.00,0.00,4.26,0.00,0.00,0.00,67.02
07:20:11,7,13.68,0.00,12.63,0.00,0.00,5.26,0.00,0.00,0.00,68.42
07:20:11,12,14.29,0.00,13.19,0.00,0.00,4.40,0.00,0.00,0.00,68.13
07:20:11,13,15.05,0.00,11.83,0.00,0.00,5.38,0.00,0.00,0.00,67.74
07:20:11,14,15.96,0.00,11.70,0.00,0.00,5.32,0.00,0.00,0.00,67.02
07:20:11,15,13.19,0.00,12.09,0.00,0.00,4.40,0.00,0.00,0.00,70.33
07:20:12,4,15.38,0.00,12.09,0.00,0.00,4.40,0.00,0.00,0.00,68.13
07:20:12,5,16.30,0.00,15.22,0.00,0.00,4.35,0.00,0.00,0.00,64.13
07:20:12,6,15.79,0.00,12.63,0.00,0.00,6.32,0.00,0.00,0.00,65.26
07:20:12,7,15.22,0.00,11.96,0.00,0.00,4.35,0.00,0.00,0.00,68.48
07:20:12,12,17.02,0.00,12.77,0.00,0.00,5.32,0.00,0.00,0.00,64.89
07:20:12,13,17.20,0.00,13.98,0.00,0.00,5.38,0.00,0.00,0.00,63.44
07:20:12,14,16.13,0.00,12.90,0.00,0.00,4.30,0.00,0.00,0.00,66.67
07:20:12,15,15.96,0.00,11.70,0.00,0.00,4.26,0.00,0.00,0.00,68.09
07:20:13,4,13.83,0.00,11.70,0.00,0.00,5.32,0.00,0.00,0.00,69.15
07:20:13,5,14.13,0.00,13.04,0.00,0.00,5.43,0.00,0.00,0.00,67.39
07:20:13,6,14.89,0.00,11.70,0.00,0.00,5.32,0.00,0.00,0.00,68.09
07:20:13,7,14.43,0.00,11.34,0.00,0.00,5.15,0.00,0.00,0.00,69.07
07:20:13,12,13.98,0.00,12.90,0.00,0.00,4.30,0.00,0.00,0.00,68.82
07:20:13,13,13.19,0.00,13.19,0.00,0.00,5.49,0.00,0.00,0.00,68.13
07:20:13,14,15.05,0.00,11.83,0.00,0.00,5.38,0.00,0.00,0.00,67.74
07:20:13,15,13.98,0.00,11.83,0.00,0.00,4.30,0.00,0.00,0.00,69.89
07:20:14,4,13.98,0.00,12.90,0.00,0.00,4.30,0.00,0.00,0.00,68.82
07:20:14,5,14.13,0.00,10.87,0.00,0.00,6.52,0.00,0.00,0.00,68.48
07:20:14,6,13.98,0.00,10.75,0.00,0.00,5.38,0.00,0.00,0.00,69.89
07:20:14,7,13.68,0.00,12.63,0.00,0.00,4.21,0.00,0.00,0.00,69.47
07:20:14,12,13.83,0.00,13.83,0.00,0.00,4.26,0.00,0.00,0.00,68.09
07:20:14,13,13.98,0.00,16.13,0.00,0.00,4.30,0.00,0.00,0.00,65.59
07:20:14,14,15.05,0.00,11.83,0.00,0.00,4.30,0.00,0.00,0.00,68.82
07:20:14,15,12.90,0.00,12.90,0.00,0.00,5.38,0.00,0.00,0.00,68.82
07:20:15,4,14.13,0.00,11.96,0.00,0.00,4.35,0.00,0.00,0.00,69.57
07:20:15,5,15.22,0.00,13.04,0.00,0.00,4.35,0.00,0.00,0.00,67.39
07:20:15,6,17.02,0.00,12.77,0.00,0.00,4.26,0.00,0.00,0.00,65.96
07:20:15,7,15.05,0.00,10.75,0.00,0.00,4.30,0.00,0.00,0.00,69.89
07:20:15,12,13.04,0.00,13.04,0.00,0.00,4.35,0.00,0.00,0.00,69.57
07:20:15,13,15.05,0.00,10.75,0.00,0.00,4.30,0.00,0.00,0.00,69.89
07:20:15,14,15.56,0.00,11.11,0.00,0.00,4.44,0.00,0.00,0.00,68.89
07:20:15,15,12.63,0.00,10.53,0.00,0.00,6.32,0.00,0.00,0.00,70.53
07:20:16,4,15.79,0.00,12.63,0.00,0.00,5.26,0.00,0.00,0.00,66.32
07:20:16,5,15.05,0.00,15.05,0.00,0.00,4.30,0.00,0.00,0.00,65.59
07:20:16,6,13.98,0.00,10.75,0.00,0.00,5.38,0.00,0.00,0.00,69.89
07:20:16,7,11.58,0.00,12.63,0.00,0.00,4.21,0.00,0.00,0.00,71.58
07:20:16,12,14.13,0.00,15.22,1.09,0.00,4.35,0.00,0.00,0.00,65.22
07:20:16,13,15.79,0.00,11.58,0.00,0.00,6.32,0.00,0.00,0.00,66.32
07:20:16,14,15.22,0.00,11.96,0.00,0.00,5.43,0.00,0.00,0.00,67.39
07:20:16,15,13.04,0.00,10.87,0.00,0.00,5.43,0.00,0.00,0.00,70.65
07:20:17,4,17.02,0.00,11.70,0.00,0.00,5.32,0.00,0.00,0.00,65.96
07:20:17,5,13.33,0.00,13.33,0.00,0.00,5.56,0.00,0.00,0.00,67.78
07:20:17,6,13.19,0.00,10.99,0.00,0.00,4.40,0.00,0.00,0.00,71.43
07:20:17,7,10.87,0.00,13.04,0.00,0.00,4.35,0.00,0.00,0.00,71.74
07:20:17,12,13.48,0.00,13.48,0.00,0.00,3.37,0.00,0.00,0.00,69.66
07:20:17,13,14.44,0.00,11.11,0.00,0.00,5.56,0.00,0.00,0.00,68.89
07:20:17,14,13.83,0.00,12.77,0.00,0.00,5.32,0.00,0.00,0.00,68.09
07:20:17,15,13.83,0.00,12.77,0.00,0.00,3.19,0.00,0.00,0.00,70.21
07:20:18,4,14.89,0.00,12.77,0.00,0.00,5.32,0.00,0.00,0.00,67.02
07:20:18,5,19.15,0.00,18.09,0.00,0.00,3.19,0.00,0.00,0.00,59.57
07:20:18,6,17.02,0.00,11.70,0.00,0.00,5.32,0.00,0.00,0.00,65.96
07:20:18,7,17.39,0.00,9.78,0.00,0.00,4.35,0.00,0.00,0.00,68.48
07:20:18,12,15.79,0.00,12.63,0.00,0.00,5.26,0.00,0.00,0.00,66.32
07:20:18,13,15.05,0.00,11.83,0.00,0.00,6.45,0.00,0.00,0.00,66.67
07:20:18,14,15.38,0.00,13.19,0.00,0.00,4.40,0.00,0.00,0.00,67.03
07:20:18,15,13.98,0.00,11.83,0.00,0.00,5.38,0.00,0.00,0.00,68.82
07:20:19,4,15.22,0.00,11.96,0.00,0.00,4.35,0.00,0.00,0.00,68.48
07:20:19,5,15.96,0.00,11.70,0.00,0.00,6.38,0.00,0.00,0.00,65.96
07:20:19,6,16.30,0.00,13.04,0.00,0.00,3.26,0.00,0.00,0.00,67.39
07:20:19,7,14.89,0.00,10.64,0.00,0.00,4.26,0.00,0.00,0.00,70.21
07:20:19,12,13.98,0.00,11.83,0.00,0.00,5.38,0.00,0.00,0.00,68.82
07:20:19,13,15.38,0.00,13.19,0.00,0.00,4.40,0.00,0.00,0.00,67.03
07:20:19,14,15.22,0.00,11.96,0.00,0.00,3.26,0.00,0.00,0.00,69.57
07:20:19,15,15.05,0.00,11.83,0.00,0.00,3.23,0.00,0.00,0.00,69.89
07:20:20,4,15.96,0.00,15.96,0.00,0.00,4.26,0.00,0.00,0.00,63.83
07:20:20,5,15.22,0.00,15.22,0.00,0.00,4.35,0.00,0.00,0.00,65.22
07:20:20,6,13.04,0.00,11.96,0.00,0.00,4.35,0.00,0.00,0.00,70.65
07:20:20,7,11.96,0.00,10.87,0.00,0.00,4.35,0.00,0.00,0.00,72.83
07:20:20,12,14.89,0.00,13.83,0.00,0.00,5.32,0.00,0.00,0.00,65.96
07:20:20,13,15.05,0.00,12.90,0.00,0.00,4.30,0.00,0.00,0.00,67.74
07:20:20,14,14.89,0.00,11.70,0.00,0.00,4.26,0.00,0.00,0.00,69.15
07:20:20,15,11.70,0.00,10.64,0.00,0.00,5.32,0.00,0.00,0.00,72.34
07:20:21,4,16.30,0.00,9.78,0.00,0.00,5.43,0.00,0.00,0.00,68.48
07:20:21,5,14.58,0.00,13.54,2.08,0.00,5.21,0.00,0.00,0.00,64.58
07:20:21,6,14.89,0.00,10.64,0.00,0.00,5.32,0.00,0.00,0.00,69.15
07:20:21,7,12.90,0.00,10.75,0.00,0.00,4.30,0.00,0.00,0.00,72.04
07:20:21,12,14.13,0.00,13.04,0.00,0.00,6.52,0.00,0.00,0.00,66.30
07:20:21,13,15.62,0.00,11.46,2.08,0.00,6.25,0.00,0.00,0.00,64.58
07:20:21,14,16.13,0.00,11.83,0.00,0.00,5.38,0.00,0.00,0.00,66.67
07:20:21,15,15.05,0.00,11.83,0.00,0.00,3.23,0.00,0.00,0.00,69.89
07:20:22,4,13.68,0.00,12.63,0.00,0.00,5.26,0.00,0.00,0.00,68.42
07:20:22,5,16.13,0.00,10.75,0.00,0.00,6.45,0.00,0.00,0.00,66.67
07:20:22,6,16.84,0.00,12.63,0.00,0.00,5.26,0.00,0.00,0.00,65.26
07:20:22,7,13.98,0.00,12.90,0.00,0.00,3.23,0.00,0.00,0.00,69.89
07:20:22,12,14.74,0.00,13.68,0.00,0.00,4.21,0.00,0.00,0.00,67.37
07:20:22,13,14.13,0.00,11.96,0.00,0.00,4.35,0.00,0.00,0.00,69.57
07:20:22,14,13.19,0.00,10.99,0.00,0.00,4.40,0.00,0.00,0.00,71.43
07:20:22,15,13.98,0.00,10.75,0.00,0.00,4.30,0.00,0.00,0.00,70.97
07:20:23,4,14.61,0.00,13.48,0.00,0.00,4.49,0.00,0.00,0.00,67.42
07:20:23,5,15.05,0.00,12.90,0.00,0.00,5.38,0.00,0.00,0.00,66.67
07:20:23,6,15.05,0.00,12.90,0.00,0.00,4.30,0.00,0.00,0.00,67.74
07:20:23,7,13.83,0.00,11.70,0.00,0.00,5.32,0.00,0.00,0.00,69.15
07:20:23,12,15.38,0.00,15.38,0.00,0.00,5.49,0.00,0.00,0.00,63.74
07:20:23,13,20.43,0.00,12.90,0.00,0.00,6.45,0.00,0.00,0.00,60.22
07:20:23,14,14.29,0.00,13.19,0.00,0.00,3.30,0.00,0.00,0.00,69.23
07:20:23,15,12.50,0.00,13.54,0.00,0.00,5.21,0.00,0.00,0.00,68.75
07:20:24,4,15.62,0.00,14.58,0.00,0.00,4.17,0.00,0.00,0.00,65.62
07:20:24,5,14.44,0.00,13.33,0.00,0.00,4.44,0.00,0.00,0.00,67.78
07:20:24,6,14.44,0.00,10.00,0.00,0.00,4.44,0.00,0.00,0.00,71.11
07:20:24,7,14.74,0.00,11.58,0.00,0.00,4.21,0.00,0.00,0.00,69.47
07:20:24,12,15.62,0.00,13.54,0.00,0.00,5.21,0.00,0.00,0.00,65.62
07:20:24,13,12.90,0.00,13.98,0.00,0.00,5.38,0.00,0.00,0.00,67.74
07:20:24,14,15.05,0.00,10.75,0.00,0.00,4.30,0.00,0.00,0.00,69.89
07:20:24,15,13.83,0.00,11.70,0.00,0.00,4.26,0.00,0.00,0.00,70.21
07:20:25,4,15.96,0.00,11.70,0.00,0.00,4.26,0.00,0.00,0.00,68.09
07:20:25,5,17.53,0.00,11.34,0.00,0.00,5.15,0.00,0.00,0.00,65.98
07:20:25,6,14.44,0.00,13.33,0.00,0.00,2.22,0.00,0.00,0.00,70.00
07:20:25,7,13.19,0.00,12.09,0.00,0.00,4.40,0.00,0.00,0.00,70.33
07:20:25,12,14.13,0.00,11.96,0.00,0.00,5.43,0.00,0.00,0.00,68.48
07:20:25,13,14.13,0.00,11.96,0.00,0.00,4.35,0.00,0.00,0.00,69.57
07:20:25,14,15.05,0.00,10.75,0.00,0.00,4.30,0.00,0.00,0.00,69.89
07:20:25,15,13.04,0.00,13.04,0.00,0.00,3.26,0.00,0.00,0.00,70.65
07:20:26,4,15.38,0.00,14.29,1.10,0.00,3.30,0.00,0.00,0.00,65.93
07:20:26,5,15.79,0.00,12.63,0.00,0.00,5.26,0.00,0.00,0.00,66.32
07:20:26,6,15.05,0.00,11.83,0.00,0.00,4.30,0.00,0.00,0.00,68.82
07:20:26,7,13.54,0.00,13.54,0.00,0.00,5.21,0.00,0.00,0.00,67.71
07:20:26,12,14.13,0.00,11.96,1.09,0.00,4.35,0.00,0.00,0.00,68.48
07:20:26,13,16.13,0.00,10.75,0.00,0.00,5.38,0.00,0.00,0.00,67.74
07:20:26,14,16.30,0.00,10.87,0.00,0.00,4.35,0.00,0.00,0.00,68.48
07:20:26,15,13.33,0.00,11.11,0.00,0.00,4.44,0.00,0.00,0.00,71.11
07:20:27,4,13.98,0.00,11.83,0.00,0.00,5.38,0.00,0.00,0.00,68.82
07:20:27,5,16.13,0.00,11.83,0.00,0.00,4.30,0.00,0.00,0.00,67.74
07:20:27,6,13.33,0.00,11.11,0.00,0.00,4.44,0.00,0.00,0.00,71.11
07:20:27,7,11.83,0.00,11.83,0.00,0.00,3.23,0.00,0.00,0.00,73.12
07:20:27,12,15.05,0.00,13.98,0.00,0.00,5.38,0.00,0.00,0.00,65.59
07:20:27,13,15.22,0.00,13.04,0.00,0.00,4.35,0.00,0.00,0.00,67.39
07:20:27,14,15.38,0.00,10.99,0.00,0.00,5.49,0.00,0.00,0.00,68.13
07:20:27,15,12.90,0.00,12.90,0.00,0.00,4.30,0.00,0.00,0.00,69.89
07:20:28,4,16.85,0.00,14.61,0.00,0.00,3.37,0.00,0.00,0.00,65.17
07:20:28,5,17.89,0.00,12.63,0.00,0.00,5.26,0.00,0.00,0.00,64.21
07:20:28,6,15.96,0.00,14.89,0.00,0.00,4.26,0.00,0.00,0.00,64.89
07:20:28,7,15.22,0.00,11.96,0.00,0.00,3.26,0.00,0.00,0.00,69.57
07:20:28,12,17.53,0.00,16.49,0.00,0.00,5.15,0.00,0.00,0.00,60.82
07:20:28,13,14.89,0.00,12.77,0.00,0.00,6.38,0.00,0.00,0.00,65.96
07:20:28,14,14.89,0.00,13.83,0.00,0.00,4.26,0.00,0.00,0.00,67.02
07:20:28,15,13.68,0.00,12.63,0.00,0.00,5.26,0.00,0.00,0.00,68.42
07:20:29,4,14.89,0.00,12.77,0.00,0.00,5.32,0.00,0.00,0.00,67.02
07:20:29,5,15.05,0.00,12.90,0.00,0.00,3.23,0.00,0.00,0.00,68.82
07:20:29,6,11.96,0.00,11.96,0.00,0.00,5.43,0.00,0.00,0.00,70.65
07:20:29,7,13.19,0.00,9.89,0.00,0.00,4.40,0.00,0.00,0.00,72.53
07:20:29,12,13.19,0.00,10.99,0.00,0.00,4.40,0.00,0.00,0.00,71.43
07:20:29,13,17.02,0.00,13.83,0.00,0.00,5.32,0.00,0.00,0.00,63.83
07:20:29,14,16.30,0.00,13.04,0.00,0.00,4.35,0.00,0.00,0.00,66.30
07:20:29,15,14.29,0.00,10.99,0.00,0.00,4.40,0.00,0.00,0.00,70.33
07:20:30,4,14.29,0.00,12.09,0.00,0.00,3.30,0.00,0.00,0.00,70.33
07:20:30,5,16.13,0.00,12.90,0.00,0.00,5.38,0.00,0.00,0.00,65.59
07:20:30,6,14.74,0.00,11.58,0.00,0.00,5.26,0.00,0.00,0.00,68.42
07:20:30,7,13.83,0.00,10.64,0.00,0.00,5.32,0.00,0.00,0.00,70.21
07:20:30,12,14.74,0.00,13.68,0.00,0.00,5.26,0.00,0.00,0.00,66.32
07:20:30,13,14.13,0.00,13.04,0.00,0.00,4.35,0.00,0.00,0.00,68.48
07:20:30,14,16.30,0.00,9.78,0.00,0.00,5.43,0.00,0.00,0.00,68.48
07:20:30,15,14.89,0.00,11.70,0.00,0.00,3.19,0.00,0.00,0.00,70.21
07:20:31,4,15.79,0.00,13.68,1.05,0.00,5.26,0.00,0.00,0.00,64.21
07:20:31,5,13.83,0.00,14.89,0.00,0.00,5.32,0.00,0.00,0.00,65.96
07:20:31,6,14.29,0.00,12.09,1.10,0.00,4.40,0.00,0.00,0.00,68.13
07:20:31,7,12.90,0.00,11.83,0.00,0.00,5.38,0.00,0.00,0.00,69.89
07:20:31,12,15.05,0.00,15.05,1.08,0.00,4.30,0.00,0.00,0.00,64.52
07:20:31,13,15.96,0.00,11.70,0.00,0.00,5.32,0.00,0.00,0.00,67.02
07:20:31,14,15.22,0.00,10.87,0.00,0.00,4.35,0.00,0.00,0.00,69.57
07:20:31,15,13.04,0.00,11.96,0.00,0.00,4.35,0.00,0.00,0.00,70.65
07:20:32,4,14.29,0.00,12.09,0.00,0.00,5.49,0.00,0.00,0.00,68.13
07:20:32,5,15.62,0.00,14.58,0.00,0.00,5.21,0.00,0.00,0.00,64.58
07:20:32,6,14.89,0.00,12.77,0.00,0.00,4.26,0.00,0.00,0.00,68.09
07:20:32,7,14.89,0.00,9.57,0.00,0.00,4.26,0.00,0.00,0.00,71.28
07:20:32,12,12.77,0.00,13.83,0.00,0.00,5.32,0.00,0.00,0.00,68.09
07:20:32,13,16.48,0.00,15.38,0.00,0.00,4.40,0.00,0.00,0.00,63.74
07:20:32,14,15.38,0.00,12.09,0.00,0.00,5.49,0.00,0.00,0.00,67.03
07:20:32,15,13.98,0.00,11.83,0.00,0.00,4.30,0.00,0.00,0.00,69.89
07:20:33,4,14.29,0.00,14.29,0.00,0.00,4.40,0.00,0.00,0.00,67.03
07:20:33,5,20.00,0.00,13.68,0.00,0.00,4.21,0.00,0.00,0.00,62.11
07:20:33,6,15.05,0.00,10.75,0.00,0.00,6.45,0.00,0.00,0.00,67.74
07:20:33,7,14.29,0.00,12.09,0.00,0.00,4.40,0.00,0.00,0.00,69.23
07:20:33,12,15.22,0.00,13.04,0.00,0.00,4.35,0.00,0.00,0.00,67.39
07:20:33,13,17.39,0.00,14.13,0.00,0.00,5.43,0.00,0.00,0.00,63.04
07:20:33,14,17.02,0.00,12.77,0.00,0.00,3.19,0.00,0.00,0.00,67.02
07:20:33,15,11.96,0.00,11.96,0.00,0.00,5.43,0.00,0.00,0.00,70.65
07:20:34,4,14.89,0.00,13.83,0.00,0.00,5.32,0.00,0.00,0.00,65.96
07:20:34,5,13.33,0.00,12.22,0.00,0.00,4.44,0.00,0.00,0.00,70.00
07:20:34,6,15.96,0.00,13.83,0.00,0.00,4.26,0.00,0.00,0.00,65.96
07:20:34,7,12.50,0.00,12.50,0.00,0.00,5.21,0.00,0.00,0.00,69.79
07:20:34,12,14.74,0.00,14.74,0.00,0.00,5.26,0.00,0.00,0.00,65.26
07:20:34,13,14.29,0.00,15.38,0.00,0.00,3.30,0.00,0.00,0.00,67.03
07:20:34,14,15.22,0.00,11.96,0.00,0.00,4.35,0.00,0.00,0.00,68.48
07:20:34,15,14.13,0.00,9.78,0.00,0.00,4.35,0.00,0.00,0.00,71.74
07:20:35,4,14.29,0.00,12.09,0.00,0.00,3.30,0.00,0.00,0.00,70.33
07:20:35,5,15.62,0.00,12.50,0.00,0.00,6.25,0.00,0.00,0.00,65.62
07:20:35,6,16.84,0.00,12.63,0.00,0.00,4.21,0.00,0.00,0.00,66.32
07:20:35,7,11.83,0.00,11.83,0.00,0.00,3.23,0.00,0.00,0.00,73.12
07:20:35,12,13.04,0.00,10.87,0.00,0.00,5.43,0.00,0.00,0.00,70.65
07:20:35,13,14.74,0.00,14.74,0.00,0.00,5.26,0.00,0.00,0.00,65.26
07:20:35,14,16.30,0.00,10.87,0.00,0.00,4.35,0.00,0.00,0.00,68.48
07:20:35,15,13.98,0.00,11.83,0.00,0.00,5.38,0.00,0.00,0.00,68.82
07:20:36,4,15.38,0.00,12.09,0.00,0.00,5.49,0.00,0.00,0.00,67.03
07:20:36,5,14.89,0.00,12.77,1.06,0.00,5.32,0.00,0.00,0.00,65.96
07:20:36,6,14.74,0.00,11.58,1.05,0.00,5.26,0.00,0.00,0.00,67.37
07:20:36,7,15.05,0.00,10.75,0.00,0.00,3.23,0.00,0.00,0.00,70.97
07:20:36,12,16.30,0.00,13.04,0.00,0.00,5.43,0.00,0.00,0.00,65.22
07:20:36,13,16.30,0.00,14.13,0.00,0.00,4.35,0.00,0.00,0.00,65.22
07:20:36,14,15.05,0.00,11.83,0.00,0.00,4.30,0.00,0.00,0.00,68.82
07:20:36,15,13.54,0.00,13.54,0.00,0.00,5.21,0.00,0.00,0.00,67.71
07:20:37,4,16.84,0.00,12.63,0.00,0.00,4.21,0.00,0.00,0.00,66.32
07:20:37,5,15.96,0.00,10.64,0.00,0.00,5.32,0.00,0.00,0.00,68.09
07:20:37,6,14.89,0.00,12.77,0.00,0.00,5.32,0.00,0.00,0.00,67.02
07:20:37,7,12.77,0.00,10.64,0.00,0.00,6.38,0.00,0.00,0.00,70.21
07:20:37,12,16.84,0.00,11.58,0.00,0.00,4.21,0.00,0.00,0.00,67.37
07:20:37,13,14.29,0.00,10.99,0.00,0.00,4.40,0.00,0.00,0.00,70.33
07:20:37,14,17.20,0.00,11.83,0.00,0.00,4.30,0.00,0.00,0.00,66.67
07:20:37,15,13.04,0.00,10.87,0.00,0.00,4.35,0.00,0.00,0.00,71.74
07:20:38,4,16.84,0.00,14.74,0.00,0.00,4.21,0.00,0.00,0.00,64.21
07:20:38,5,13.19,0.00,14.29,0.00,0.00,4.40,0.00,0.00,0.00,68.13
07:20:38,6,15.05,0.00,11.83,0.00,0.00,5.38,0.00,0.00,0.00,67.74
07:20:38,7,16.84,0.00,11.58,0.00,0.00,3.16,0.00,0.00,0.00,68.42
07:20:38,12,14.13,0.00,16.30,0.00,0.00,4.35,0.00,0.00,0.00,65.22
07:20:38,13,16.30,0.00,11.96,0.00,0.00,4.35,0.00,0.00,0.00,67.39
07:20:38,14,15.22,0.00,11.96,0.00,0.00,5.43,0.00,0.00,0.00,67.39
07:20:38,15,14.74,0.00,13.68,0.00,0.00,4.21,0.00,0.00,0.00,67.37
07:20:39,4,15.05,0.00,10.75,0.00,0.00,5.38,0.00,0.00,0.00,68.82
07:20:39,5,14.13,0.00,10.87,0.00,0.00,6.52,0.00,0.00,0.00,68.48
07:20:39,6,15.38,0.00,9.89,0.00,0.00,5.49,0.00,0.00,0.00,69.23
07:20:39,7,13.98,0.00,10.75,0.00,0.00,5.38,0.00,0.00,0.00,69.89
07:20:39,12,13.33,0.00,14.44,0.00,0.00,4.44,0.00,0.00,0.00,67.78
07:20:39,13,16.30,0.00,13.04,0.00,0.00,5.43,0.00,0.00,0.00,65.22
07:20:39,14,15.22,0.00,13.04,0.00,0.00,4.35,0.00,0.00,0.00,67.39
07:20:39,15,14.44,0.00,10.00,0.00,0.00,4.44,0.00,0.00,0.00,71.11
07:20:40,4,14.13,0.00,10.87,0.00,0.00,5.43,0.00,0.00,0.00,69.57
07:20:40,5,12.22,0.00,12.22,0.00,0.00,4.44,0.00,0.00,0.00,71.11
07:20:40,6,14.74,0.00,12.63,0.00,0.00,4.21,0.00,0.00,0.00,68.42
07:20:40,7,15.46,0.00,11.34,0.00,0.00,6.19,0.00,0.00,0.00,67.01
07:20:40,12,15.22,0.00,10.87,0.00,0.00,4.35,0.00,0.00,0.00,69.57
07:20:40,13,13.33,0.00,14.44,0.00,0.00,5.56,0.00,0.00,0.00,66.67
07:20:40,14,15.05,0.00,11.83,0.00,0.00,5.38,0.00,0.00,0.00,67.74
07:20:40,15,12.90,0.00,13.98,0.00,0.00,4.30,0.00,0.00,0.00,68.82
07:20:41,4,13.19,0.00,10.99,0.00,0.00,5.49,0.00,0.00,0.00,70.33
07:20:41,5,15.05,0.00,13.98,0.00,0.00,4.30,0.00,0.00,0.00,66.67
07:20:41,6,14.89,0.00,10.64,0.00,0.00,6.38,0.00,0.00,0.00,68.09
07:20:41,7,14.58,0.00,13.54,0.00,0.00,4.17,0.00,0.00,0.00,67.71
07:20:41,12,13.33,0.00,11.11,0.00,0.00,4.44,0.00,0.00,0.00,71.11
07:20:41,13,14.29,0.00,14.29,0.00,0.00,3.30,0.00,0.00,0.00,68.13
07:20:41,14,14.74,0.00,13.68,0.00,0.00,4.21,0.00,0.00,0.00,67.37
07:20:41,15,13.98,0.00,12.90,1.08,0.00,3.23,0.00,0.00,0.00,68.82
07:20:42,4,15.56,0.00,13.33,0.00,0.00,3.33,0.00,0.00,0.00,67.78
07:20:42,5,13.98,0.00,13.98,0.00,0.00,4.30,0.00,0.00,0.00,67.74
07:20:42,6,14.13,0.00,13.04,0.00,0.00,4.35,0.00,0.00,0.00,68.48
07:20:42,7,13.83,0.00,12.77,0.00,0.00,4.26,0.00,0.00,0.00,69.15
07:20:42,12,13.04,0.00,13.04,0.00,0.00,5.43,0.00,0.00,0.00,68.48
07:20:42,13,16.13,0.00,11.83,0.00,0.00,4.30,0.00,0.00,0.00,67.74
07:20:42,14,13.04,0.00,10.87,0.00,0.00,5.43,0.00,0.00,0.00,70.65
07:20:42,15,12.63,0.00,11.58,0.00,0.00,7.37,0.00,0.00,0.00,68.42
07:20:43,4,15.05,0.00,13.98,0.00,0.00,4.30,0.00,0.00,0.00,66.67
07:20:43,5,15.38,0.00,14.29,0.00,0.00,2.20,0.00,0.00,0.00,68.13
07:20:43,6,17.02,0.00,13.83,0.00,0.00,3.19,0.00,0.00,0.00,65.96
07:20:43,7,15.05,0.00,11.83,0.00,0.00,4.30,0.00,0.00,0.00,68.82
07:20:43,12,16.30,0.00,13.04,0.00,0.00,4.35,0.00,0.00,0.00,66.30
07:20:43,13,17.53,0.00,12.37,0.00,0.00,6.19,0.00,0.00,0.00,63.92
07:20:43,14,15.56,0.00,13.33,0.00,0.00,3.33,0.00,0.00,0.00,67.78
07:20:43,15,14.89,0.00,12.77,0.00,0.00,4.26,0.00,0.00,0.00,68.09
07:20:44,4,11.83,0.00,13.98,0.00,0.00,5.38,0.00,0.00,0.00,68.82
07:20:44,5,15.22,0.00,10.87,0.00,0.00,5.43,0.00,0.00,0.00,68.48
07:20:44,6,13.68,0.00,12.63,0.00,0.00,4.21,0.00,0.00,0.00,69.47
07:20:44,7,12.09,0.00,10.99,0.00,0.00,3.30,0.00,0.00,0.00,73.63
07:20:44,12,13.04,0.00,11.96,0.00,0.00,4.35,0.00,0.00,0.00,70.65
07:20:44,13,13.19,0.00,17.58,0.00,0.00,4.40,0.00,0.00,0.00,64.84
07:20:44,14,12.77,0.00,11.70,0.00,0.00,7.45,0.00,0.00,0.00,68.09
07:20:44,15,12.77,0.00,12.77,0.00,0.00,6.38,0.00,0.00,0.00,68.09
07:20:45,4,17.20,0.00,11.83,0.00,0.00,4.30,0.00,0.00,0.00,66.67
07:20:45,5,13.98,0.00,13.98,0.00,0.00,5.38,0.00,0.00,0.00,66.67
07:20:45,6,12.22,0.00,12.22,0.00,0.00,5.56,0.00,0.00,0.00,70.00
07:20:45,7,12.63,0.00,11.58,0.00,0.00,3.16,0.00,0.00,0.00,72.63
07:20:45,12,16.67,0.00,13.54,0.00,0.00,5.21,0.00,0.00,0.00,64.58
07:20:45,13,15.22,0.00,11.96,0.00,0.00,6.52,0.00,0.00,0.00,66.30
07:20:45,14,17.39,0.00,10.87,0.00,0.00,4.35,0.00,0.00,0.00,67.39
07:20:45,15,10.64,0.00,11.70,0.00,0.00,4.26,0.00,0.00,0.00,73.40
07:20:46,4,15.96,0.00,12.77,0.00,0.00,5.32,0.00,0.00,0.00,65.96
07:20:46,5,15.56,0.00,11.11,0.00,0.00,4.44,0.00,0.00,0.00,68.89
07:20:46,6,15.79,0.00,11.58,0.00,0.00,4.21,0.00,0.00,0.00,68.42
07:20:46,7,14.74,0.00,10.53,1.05,0.00,5.26,0.00,0.00,0.00,68.42
07:20:46,12,17.02,0.00,12.77,0.00,0.00,5.32,0.00,0.00,0.00,64.89
07:20:46,13,15.22,0.00,14.13,0.00,0.00,4.35,0.00,0.00,0.00,66.30
07:20:46,14,14.61,0.00,10.11,0.00,0.00,4.49,0.00,0.00,0.00,70.79
07:20:46,15,12.90,0.00,12.90,0.00,0.00,5.38,0.00,0.00,0.00,68.82
07:20:47,4,14.89,0.00,12.77,0.00,0.00,5.32,0.00,0.00,0.00,67.02
07:20:47,5,15.38,0.00,14.29,0.00,0.00,4.40,0.00,0.00,0.00,65.93
07:20:47,6,15.05,0.00,11.83,0.00,0.00,4.30,0.00,0.00,0.00,68.82
07:20:47,7,12.90,0.00,11.83,0.00,0.00,5.38,0.00,0.00,0.00,69.89
07:20:47,12,16.84,0.00,12.63,0.00,0.00,6.32,0.00,0.00,0.00,64.21
07:20:47,13,14.89,0.00,13.83,0.00,0.00,4.26,0.00,0.00,0.00,67.02
07:20:47,14,15.62,0.00,13.54,0.00,0.00,4.17,0.00,0.00,0.00,66.67
07:20:47,15,16.13,0.00,10.75,0.00,0.00,4.30,0.00,0.00,0.00,68.82
07:20:48,4,15.79,0.00,14.74,0.00,0.00,4.21,0.00,0.00,0.00,65.26
07:20:48,5,18.48,0.00,10.87,0.00,0.00,4.35,0.00,0.00,0.00,66.30
07:20:48,6,15.38,0.00,10.99,0.00,0.00,4.40,0.00,0.00,0.00,69.23
07:20:48,7,13.68,0.00,14.74,0.00,0.00,4.21,0.00,0.00,0.00,67.37
07:20:48,12,19.15,0.00,14.89,0.00,0.00,4.26,0.00,0.00,0.00,61.70
07:20:48,13,14.89,0.00,13.83,0.00,0.00,6.38,0.00,0.00,0.00,64.89
07:20:48,14,15.22,0.00,11.96,0.00,0.00,4.35,0.00,0.00,0.00,68.48
07:20:48,15,15.79,0.00,12.63,0.00,0.00,5.26,0.00,0.00,0.00,66.32
07:20:49,4,14.13,0.00,14.13,0.00,0.00,5.43,0.00,0.00,0.00,66.30
07:20:49,5,15.05,0.00,12.90,0.00,0.00,6.45,0.00,0.00,0.00,65.59
07:20:49,6,12.77,0.00,12.77,0.00,0.00,5.32,0.00,0.00,0.00,69.15
07:20:49,7,13.98,0.00,11.83,0.00,0.00,4.30,0.00,0.00,0.00,69.89
07:20:49,12,12.90,0.00,13.98,0.00,0.00,5.38,0.00,0.00,0.00,67.74
07:20:49,13,16.13,0.00,11.83,0.00,0.00,5.38,0.00,0.00,0.00,66.67
07:20:49,14,15.38,0.00,9.89,0.00,0.00,4.40,0.00,0.00,0.00,70.33
07:20:49,15,13.83,0.00,10.64,0.00,0.00,4.26,0.00,0.00,0.00,71.28
07:20:50,4,13.98,0.00,12.90,0.00,0.00,4.30,0.00,0.00,0.00,68.82
07:20:50,5,15.22,0.00,10.87,0.00,0.00,5.43,0.00,0.00,0.00,68.48
07:20:50,6,16.13,0.00,12.90,0.00,0.00,3.23,0.00,0.00,0.00,67.74
07:20:50,7,15.96,0.00,11.70,0.00,0.00,4.26,0.00,0.00,0.00,68.09
07:20:50,12,15.79,0.00,12.63,0.00,0.00,5.26,0.00,0.00,0.00,66.32
07:20:50,13,14.29,0.00,12.09,0.00,0.00,3.30,0.00,0.00,0.00,70.33
07:20:50,14,14.13,0.00,10.87,0.00,0.00,5.43,0.00,0.00,0.00,69.57
07:20:50,15,14.13,0.00,13.04,0.00,0.00,4.35,0.00,0.00,0.00,68.48
07:20:51,4,14.13,0.00,13.04,1.09,0.00,6.52,0.00,0.00,0.00,65.22
07:20:51,5,15.79,0.00,13.68,0.00,0.00,5.26,0.00,0.00,0.00,65.26
07:20:51,6,15.96,0.00,9.57,0.00,0.00,6.38,0.00,0.00,0.00,68.09
07:20:51,7,12.90,0.00,11.83,0.00,0.00,5.38,0.00,0.00,0.00,69.89
07:20:51,12,13.68,0.00,14.74,1.05,0.00,4.21,0.00,0.00,0.00,66.32
07:20:51,13,14.89,0.00,11.70,0.00,0.00,5.32,0.00,0.00,0.00,68.09
07:20:51,14,14.89,0.00,11.70,0.00,0.00,4.26,0.00,0.00,0.00,69.15
07:20:51,15,11.83,0.00,12.90,0.00,0.00,4.30,0.00,0.00,0.00,70.97
07:20:52,4,13.04,0.00,11.96,0.00,0.00,5.43,0.00,0.00,0.00,69.57
07:20:52,5,15.56,0.00,12.22,0.00,0.00,4.44,0.00,0.00,0.00,67.78
07:20:52,6,15.05,0.00,11.83,0.00,0.00,4.30,0.00,0.00,0.00,68.82
07:20:52,7,15.05,0.00,10.75,0.00,0.00,4.30,0.00,0.00,0.00,69.89
07:20:52,12,16.13,0.00,16.13,0.00,0.00,4.30,0.00,0.00,0.00,63.44
07:20:52,13,15.05,0.00,12.90,0.00,0.00,4.30,0.00,0.00,0.00,67.74
07:20:52,14,14.29,0.00,12.09,0.00,0.00,5.49,0.00,0.00,0.00,68.13
07:20:52,15,13.83,0.00,11.70,0.00,0.00,5.32,0.00,0.00,0.00,69.15
07:20:53,4,18.09,0.00,12.77,0.00,0.00,4.26,0.00,0.00,0.00,64.89
07:20:53,5,17.78,0.00,14.44,0.00,0.00,4.44,0.00,0.00,0.00,63.33
07:20:53,6,15.96,0.00,13.83,0.00,0.00,4.26,0.00,0.00,0.00,65.96
07:20:53,7,13.83,0.00,13.83,0.00,0.00,4.26,0.00,0.00,0.00,68.09
07:20:53,12,13.98,0.00,13.98,0.00,0.00,5.38,0.00,0.00,0.00,66.67
07:20:53,13,16.13,0.00,13.98,0.00,0.00,4.30,0.00,0.00,0.00,65.59
07:20:53,14,17.20,0.00,11.83,0.00,0.00,4.30,0.00,0.00,0.00,66.67
07:20:53,15,14.29,0.00,10.99,0.00,0.00,4.40,0.00,0.00,0.00,70.33
07:20:54,4,13.19,0.00,13.19,0.00,0.00,5.49,0.00,0.00,0.00,68.13
07:20:54,5,13.33,0.00,12.22,0.00,0.00,4.44,0.00,0.00,0.00,70.00
07:20:54,6,14.89,0.00,12.77,0.00,0.00,4.26,0.00,0.00,0.00,68.09
07:20:54,7,13.68,0.00,10.53,0.00,0.00,4.21,0.00,0.00,0.00,71.58
07:20:54,12,13.98,0.00,15.05,0.00,0.00,5.38,0.00,0.00,0.00,65.59
07:20:54,13,15.22,0.00,11.96,0.00,0.00,5.43,0.00,0.00,0.00,67.39
07:20:54,14,14.74,0.00,12.63,0.00,0.00,6.32,0.00,0.00,0.00,66.32
07:20:54,15,13.19,0.00,12.09,0.00,0.00,2.20,0.00,0.00,0.00,72.53
07:20:55,4,13.83,0.00,12.77,0.00,0.00,5.32,0.00,0.00,0.00,68.09
07:20:55,5,14.89,0.00,11.70,0.00,0.00,4.26,0.00,0.00,0.00,69.15
07:20:55,6,15.79,0.00,12.63,0.00,0.00,3.16,0.00,0.00,0.00,68.42
07:20:55,7,12.22,0.00,11.11,0.00,0.00,4.44,0.00,0.00,0.00,72.22
07:20:55,12,13.04,0.00,13.04,0.00,0.00,4.35,0.00,0.00,0.00,69.57
07:20:55,13,13.98,0.00,12.90,0.00,0.00,5.38,0.00,0.00,0.00,67.74
07:20:55,14,15.79,0.00,12.63,0.00,0.00,4.21,0.00,0.00,0.00,67.37
07:20:55,15,11.96,0.00,13.04,0.00,0.00,5.43,0.00,0.00,0.00,69.57
07:20:56,4,15.96,0.00,12.77,2.13,0.00,6.38,0.00,0.00,0.00,62.77
07:20:56,5,13.98,0.00,13.98,0.00,0.00,4.30,0.00,0.00,0.00,67.74
07:20:56,6,15.22,0.00,10.87,0.00,0.00,4.35,0.00,0.00,0.00,69.57
07:20:56,7,15.79,0.00,10.53,0.00,0.00,5.26,0.00,0.00,0.00,68.42
07:20:56,12,14.89,0.00,11.70,0.00,0.00,4.26,0.00,0.00,0.00,69.15
07:20:56,13,15.96,0.00,14.89,0.00,0.00,5.32,0.00,0.00,0.00,63.83
07:20:56,14,13.98,0.00,10.75,0.00,0.00,5.38,0.00,0.00,0.00,69.89
07:20:56,15,13.83,0.00,12.77,0.00,0.00,4.26,0.00,0.00,0.00,69.15
07:20:57,4,13.98,0.00,12.90,0.00,0.00,5.38,0.00,0.00,0.00,67.74
07:20:57,5,15.38,0.00,13.19,0.00,0.00,3.30,0.00,0.00,0.00,68.13
07:20:57,6,13.68,0.00,12.63,0.00,0.00,5.26,0.00,0.00,0.00,68.42
07:20:57,7,12.63,0.00,13.68,0.00,0.00,5.26,0.00,0.00,0.00,68.42
07:20:57,12,16.30,0.00,14.13,0.00,0.00,4.35,0.00,0.00,0.00,65.22
07:20:57,13,14.89,0.00,11.70,0.00,0.00,6.38,0.00,0.00,0.00,67.02
07:20:57,14,15.96,0.00,11.70,0.00,0.00,4.26,0.00,0.00,0.00,68.09
07:20:57,15,12.90,0.00,12.90,0.00,0.00,5.38,0.00,0.00,0.00,68.82
07:20:58,4,17.20,0.00,10.75,0.00,0.00,5.38,0.00,0.00,0.00,66.67
07:20:58,5,15.05,0.00,13.98,0.00,0.00,6.45,0.00,0.00,0.00,64.52
07:20:58,6,14.89,0.00,11.70,0.00,0.00,5.32,0.00,0.00,0.00,68.09
07:20:58,7,13.04,0.00,11.96,0.00,0.00,5.43,0.00,0.00,0.00,69.57
07:20:58,12,14.29,0.00,12.09,0.00,0.00,5.49,0.00,0.00,0.00,68.13
07:20:58,13,16.13,0.00,12.90,0.00,0.00,4.30,0.00,0.00,0.00,66.67
07:20:58,14,14.74,0.00,11.58,0.00,0.00,6.32,0.00,0.00,0.00,67.37
07:20:58,15,15.79,0.00,11.58,0.00,0.00,4.21,0.00,0.00,0.00,68.42
07:20:59,4,14.13,0.00,11.96,0.00,0.00,5.43,0.00,0.00,0.00,68.48
07:20:59,5,14.89,0.00,12.77,0.00,0.00,4.26,0.00,0.00,0.00,68.09
07:20:59,6,15.05,0.00,11.83,0.00,0.00,3.23,0.00,0.00,0.00,69.89
07:20:59,7,10.64,0.00,12.77,0.00,0.00,5.32,0.00,0.00,0.00,71.28
07:20:59,12,16.30,0.00,13.04,0.00,0.00,4.35,0.00,0.00,0.00,66.30
07:20:59,13,15.46,0.00,13.40,0.00,0.00,5.15,0.00,0.00,0.00,65.98
07:20:59,14,14.13,0.00,14.13,0.00,0.00,3.26,0.00,0.00,0.00,68.48
07:20:59,15,12.90,0.00,12.90,0.00,0.00,4.30,0.00,0.00,0.00,69.89
07:21:00,4,14.13,0.00,13.04,0.00,0.00,4.35,0.00,0.00,0.00,68.48
07:21:00,5,15.05,0.00,12.90,0.00,0.00,5.38,0.00,0.00,0.00,66.67
07:21:00,6,13.98,0.00,10.75,0.00,0.00,5.38,0.00,0.00,0.00,69.89
07:21:00,7,13.19,0.00,12.09,0.00,0.00,3.30,0.00,0.00,0.00,71.43
07:21:00,12,14.74,0.00,13.68,0.00,0.00,5.26,0.00,0.00,0.00,66.32
07:21:00,13,15.22,0.00,11.96,0.00,0.00,4.35,0.00,0.00,0.00,68.48
07:21:00,14,17.02,0.00,10.64,0.00,0.00,4.26,0.00,0.00,0.00,68.09
07:21:00,15,15.22,0.00,10.87,0.00,0.00,4.35,0.00,0.00,0.00,69.57
07:21:01,4,17.39,0.00,10.87,0.00,0.00,4.35,0.00,0.00,0.00,67.39
07:21:01,5,14.89,0.00,12.77,0.00,0.00,5.32,0.00,0.00,0.00,67.02
07:21:01,6,15.22,0.00,10.87,0.00,0.00,4.35,0.00,0.00,0.00,69.57
07:21:01,7,11.58,0.00,11.58,0.00,0.00,4.21,0.00,0.00,0.00,72.63
07:21:01,12,12.90,0.00,15.05,0.00,0.00,5.38,0.00,0.00,0.00,66.67
07:21:01,13,14.13,0.00,14.13,0.00,0.00,4.35,0.00,0.00,0.00,67.39
07:21:01,14,15.56,0.00,12.22,0.00,0.00,3.33,0.00,0.00,0.00,68.89
07:21:01,15,13.98,0.00,10.75,0.00,0.00,4.30,0.00,0.00,0.00,70.97
07:21:02,4,13.04,0.00,13.04,0.00,0.00,5.43,0.00,0.00,0.00,68.48
07:21:02,5,15.22,0.00,9.78,0.00,0.00,6.52,0.00,0.00,0.00,68.48
07:21:02,6,16.84,0.00,12.63,0.00,0.00,4.21,0.00,0.00,0.00,66.32
07:21:02,7,13.04,0.00,10.87,0.00,0.00,4.35,0.00,0.00,0.00,71.74
07:21:02,12,14.74,0.00,12.63,0.00,0.00,5.26,0.00,0.00,0.00,67.37
07:21:02,13,14.13,0.00,16.30,0.00,0.00,5.43,0.00,0.00,0.00,64.13
07:21:02,14,14.89,0.00,11.70,0.00,0.00,5.32,0.00,0.00,0.00,68.09
07:21:02,15,12.63,0.00,12.63,0.00,0.00,5.26,0.00,0.00,0.00,69.47
07:21:03,4,15.22,0.00,14.13,0.00,0.00,3.26,0.00,0.00,0.00,67.39
07:21:03,5,18.09,0.00,14.89,0.00,0.00,4.26,0.00,0.00,0.00,62.77
07:21:03,6,17.20,0.00,10.75,0.00,0.00,4.30,0.00,0.00,0.00,67.74
07:21:03,7,13.19,0.00,9.89,0.00,0.00,3.30,0.00,0.00,0.00,73.63
07:21:03,12,15.05,0.00,12.90,0.00,0.00,4.30,0.00,0.00,0.00,67.74
07:21:03,13,17.71,0.00,12.50,0.00,0.00,5.21,0.00,0.00,0.00,64.58
07:21:03,14,15.38,0.00,13.19,0.00,0.00,3.30,0.00,0.00,0.00,68.13
07:21:03,15,12.77,0.00,12.77,0.00,0.00,5.32,0.00,0.00,0.00,69.15
07:21:04,4,16.30,0.00,9.78,0.00,0.00,5.43,0.00,0.00,0.00,68.48
07:21:04,5,15.05,0.00,15.05,0.00,0.00,5.38,0.00,0.00,0.00,64.52
07:21:04,6,13.33,0.00,13.33,0.00,0.00,3.33,0.00,0.00,0.00,70.00
07:21:04,7,13.68,0.00,11.58,0.00,0.00,4.21,0.00,0.00,0.00,70.53
07:21:04,12,13.33,0.00,14.44,0.00,0.00,4.44,0.00,0.00,0.00,67.78
07:21:04,13,16.85,0.00,13.48,0.00,0.00,4.49,0.00,0.00,0.00,65.17
07:21:04,14,15.79,0.00,13.68,0.00,0.00,4.21,0.00,0.00,0.00,66.32
07:21:04,15,13.98,0.00,10.75,0.00,0.00,4.30,0.00,0.00,0.00,70.97
07:21:05,4,15.05,0.00,13.98,0.00,0.00,4.30,0.00,0.00,0.00,66.67
07:21:05,5,15.05,0.00,12.90,0.00,0.00,4.30,0.00,0.00,0.00,67.74
07:21:05,6,15.22,0.00,11.96,0.00,0.00,4.35,0.00,0.00,0.00,68.48
07:21:05,7,13.04,0.00,10.87,0.00,0.00,4.35,0.00,0.00,0.00,71.74
07:21:05,12,13.98,0.00,11.83,0.00,0.00,5.38,0.00,0.00,0.00,68.82
07:21:05,13,16.13,0.00,11.83,0.00,0.00,4.30,0.00,0.00,0.00,67.74
07:21:05,14,16.13,0.00,11.83,0.00,0.00,4.30,0.00,0.00,0.00,67.74
07:21:05,15,12.77,0.00,12.77,0.00,0.00,4.26,0.00,0.00,0.00,70.21
07:21:06,4,16.13,0.00,12.90,0.00,0.00,3.23,0.00,0.00,0.00,67.74
07:21:06,5,14.89,0.00,12.77,0.00,0.00,4.26,0.00,0.00,0.00,68.09
07:21:06,6,15.79,0.00,11.58,1.05,0.00,5.26,0.00,0.00,0.00,66.32
07:21:06,7,12.90,0.00,12.90,0.00,0.00,3.23,0.00,0.00,0.00,70.97
07:21:06,12,13.33,0.00,11.11,0.00,0.00,4.44,0.00,0.00,0.00,71.11
07:21:06,13,14.89,0.00,12.77,0.00,0.00,4.26,0.00,0.00,0.00,68.09
07:21:06,14,14.89,0.00,11.70,0.00,0.00,4.26,0.00,0.00,0.00,69.15
07:21:06,15,14.43,0.00,12.37,0.00,0.00,4.12,0.00,0.00,0.00,69.07
07:21:07,4,13.33,0.00,13.33,0.00,0.00,4.44,0.00,0.00,0.00,68.89
07:21:07,5,13.04,0.00,16.30,0.00,0.00,6.52,0.00,0.00,0.00,64.13
07:21:07,6,17.20,0.00,11.83,0.00,0.00,4.30,0.00,0.00,0.00,66.67
07:21:07,7,12.90,0.00,11.83,0.00,0.00,4.30,0.00,0.00,0.00,70.97
07:21:07,12,12.90,0.00,11.83,0.00,0.00,5.38,0.00,0.00,0.00,69.89
07:21:07,13,14.13,0.00,11.96,0.00,0.00,4.35,0.00,0.00,0.00,69.57
07:21:07,14,15.05,0.00,11.83,0.00,0.00,5.38,0.00,0.00,0.00,67.74
07:21:07,15,13.68,0.00,11.58,0.00,0.00,4.21,0.00,0.00,0.00,70.53
07:21:08,4,15.22,0.00,10.87,0.00,0.00,4.35,0.00,0.00,0.00,69.57
07:21:08,5,13.40,0.00,14.43,0.00,0.00,5.15,0.00,0.00,0.00,67.01
07:21:08,6,15.05,0.00,12.90,0.00,0.00,3.23,0.00,0.00,0.00,68.82
07:21:08,7,13.98,0.00,10.75,0.00,0.00,4.30,0.00,0.00,0.00,70.97
07:21:08,12,13.68,0.00,13.68,0.00,0.00,5.26,0.00,0.00,0.00,67.37
07:21:08,13,14.13,0.00,11.96,0.00,0.00,4.35,0.00,0.00,0.00,69.57
07:21:08,14,16.13,0.00,11.83,0.00,0.00,3.23,0.00,0.00,0.00,68.82
07:21:08,15,14.89,0.00,11.70,0.00,0.00,5.32,0.00,0.00,0.00,68.09
07:21:09,4,14.89,0.00,11.70,0.00,0.00,5.32,0.00,0.00,0.00,68.09
07:21:09,5,19.15,0.00,14.89,0.00,0.00,4.26,0.00,0.00,0.00,61.70
07:21:09,6,14.74,0.00,13.68,0.00,0.00,5.26,0.00,0.00,0.00,66.32
07:21:09,7,13.98,0.00,10.75,0.00,0.00,5.38,0.00,0.00,0.00,69.89
07:21:09,12,15.22,0.00,14.13,0.00,0.00,5.43,0.00,0.00,0.00,65.22
07:21:09,13,20.21,0.00,14.89,0.00,0.00,4.26,0.00,0.00,0.00,60.64
07:21:09,14,15.62,0.00,12.50,0.00,0.00,6.25,0.00,0.00,0.00,65.62
07:21:09,15,15.05,0.00,11.83,0.00,0.00,3.23,0.00,0.00,0.00,69.89
07:21:10,4,13.48,0.00,11.24,0.00,0.00,3.37,0.00,0.00,0.00,71.91
07:21:10,5,16.13,0.00,13.98,0.00,0.00,4.30,0.00,0.00,0.00,65.59
07:21:10,6,12.90,0.00,15.05,0.00,0.00,4.30,0.00,0.00,0.00,67.74
07:21:10,7,12.77,0.00,11.70,0.00,0.00,5.32,0.00,0.00,0.00,70.21
07:21:10,12,14.29,0.00,12.09,0.00,0.00,5.49,0.00,0.00,0.00,68.13
07:21:10,13,13.19,0.00,13.19,0.00,0.00,5.49,0.00,0.00,0.00,68.13
07:21:10,14,14.29,0.00,10.99,0.00,0.00,4.40,0.00,0.00,0.00,70.33
07:21:10,15,13.40,0.00,11.34,0.00,0.00,6.19,0.00,0.00,0.00,69.07
07:21:11,4,15.79,0.00,13.68,0.00,0.00,5.26,0.00,0.00,0.00,65.26
07:21:11,5,15.79,0.00,14.74,0.00,0.00,5.26,0.00,0.00,0.00,64.21
07:21:11,6,14.74,0.00,12.63,0.00,0.00,5.26,0.00,0.00,0.00,67.37
07:21:11,7,13.83,0.00,11.70,0.00,0.00,4.26,0.00,0.00,0.00,70.21
07:21:11,12,14.29,0.00,15.38,0.00,0.00,4.40,0.00,0.00,0.00,65.93
07:21:11,13,15.22,0.00,11.96,1.09,0.00,6.52,0.00,0.00,0.00,65.22
07:21:11,14,13.04,0.00,13.04,0.00,0.00,4.35,0.00,0.00,0.00,69.57
07:21:11,15,12.77,0.00,11.70,1.06,0.00,4.26,0.00,0.00,0.00,70.21
07:21:12,4,14.13,0.00,13.04,0.00,0.00,4.35,0.00,0.00,0.00,68.48
07:21:12,5,15.05,0.00,11.83,0.00,0.00,5.38,0.00,0.00,0.00,67.74
07:21:12,6,13.98,0.00,12.90,0.00,0.00,4.30,0.00,0.00,0.00,68.82
07:21:12,7,11.96,0.00,11.96,0.00,0.00,5.43,0.00,0.00,0.00,70.65
07:21:12,12,14.58,0.00,13.54,0.00,0.00,5.21,0.00,0.00,0.00,66.67
07:21:12,13,17.02,0.00,12.77,0.00,0.00,3.19,0.00,0.00,0.00,67.02
07:21:12,14,14.89,0.00,10.64,0.00,0.00,5.32,0.00,0.00,0.00,69.15
07:21:12,15,15.46,0.00,13.40,0.00,0.00,4.12,0.00,0.00,0.00,67.01
07:21:13,4,14.74,0.00,12.63,0.00,0.00,5.26,0.00,0.00,0.00,67.37
07:21:13,5,12.09,0.00,13.19,0.00,0.00,5.49,0.00,0.00,0.00,69.23
07:21:13,6,12.77,0.00,12.77,0.00,0.00,4.26,0.00,0.00,0.00,70.21
07:21:13,7,11.70,0.00,10.64,0.00,0.00,5.32,0.00,0.00,0.00,72.34
07:21:13,12,14.74,0.00,14.74,0.00,0.00,5.26,0.00,0.00,0.00,65.26
07:21:13,13,13.83,0.00,17.02,0.00,0.00,5.32,0.00,0.00,0.00,63.83
07:21:13,14,14.29,0.00,12.09,0.00,0.00,5.49,0.00,0.00,0.00,68.13
07:21:13,15,12.90,0.00,12.90,0.00,0.00,4.30,0.00,0.00,0.00,69.89
07:21:14,4,16.13,0.00,10.75,0.00,0.00,5.38,0.00,0.00,0.00,67.74
07:21:14,5,16.30,0.00,13.04,0.00,0.00,2.17,0.00,0.00,0.00,68.48
07:21:14,6,13.19,0.00,12.09,0.00,0.00,5.49,0.00,0.00,0.00,69.23
07:21:14,7,13.19,0.00,10.99,0.00,0.00,4.40,0.00,0.00,0.00,71.43
07:21:14,12,21.28,0.00,11.70,0.00,0.00,3.19,0.00,0.00,0.00,63.83
07:21:14,13,18.28,0.00,13.98,0.00,0.00,4.30,0.00,0.00,0.00,63.44
07:21:14,14,16.67,0.00,12.50,0.00,0.00,5.21,0.00,0.00,0.00,65.62
07:21:14,15,13.98,0.00,12.90,0.00,0.00,5.38,0.00,0.00,0.00,67.74
07:21:15,4,16.84,0.00,9.47,0.00,0.00,4.21,0.00,0.00,0.00,69.47
07:21:15,5,17.20,0.00,11.83,0.00,0.00,4.30,0.00,0.00,0.00,66.67
07:21:15,6,14.74,0.00,11.58,0.00,0.00,4.21,0.00,0.00,0.00,69.47
07:21:15,7,13.83,0.00,10.64,0.00,0.00,4.26,0.00,0.00,0.00,71.28
07:21:15,12,15.62,0.00,11.46,0.00,0.00,4.17,0.00,0.00,0.00,68.75
07:21:15,13,13.83,0.00,11.70,0.00,0.00,5.32,0.00,0.00,0.00,69.15
07:21:15,14,15.05,0.00,13.98,0.00,0.00,4.30,0.00,0.00,0.00,66.67
07:21:15,15,13.68,0.00,11.58,0.00,0.00,4.21,0.00,0.00,0.00,70.53
07:21:16,4,14.13,0.00,11.96,0.00,0.00,3.26,0.00,0.00,0.00,70.65
07:21:16,5,14.89,0.00,11.70,0.00,0.00,4.26,0.00,0.00,0.00,69.15
07:21:16,6,11.83,0.00,11.83,0.00,0.00,5.38,0.00,0.00,0.00,70.97
07:21:16,7,10.99,0.00,10.99,0.00,0.00,4.40,0.00,0.00,0.00,73.63
07:21:16,12,11.83,0.00,17.20,0.00,0.00,4.30,0.00,0.00,0.00,66.67
07:21:16,13,15.79,0.00,12.63,0.00,0.00,4.21,0.00,0.00,0.00,67.37
07:21:16,14,14.89,0.00,10.64,0.00,0.00,5.32,0.00,0.00,0.00,69.15
07:21:16,15,13.04,0.00,11.96,0.00,0.00,4.35,0.00,0.00,0.00,70.65
07:21:17,4,15.73,0.00,11.24,0.00,0.00,3.37,0.00,0.00,0.00,69.66
07:21:17,5,15.05,0.00,11.83,0.00,0.00,4.30,0.00,0.00,0.00,68.82
07:21:17,6,16.13,0.00,12.90,0.00,0.00,3.23,0.00,0.00,0.00,67.74
07:21:17,7,12.63,0.00,12.63,0.00,0.00,4.21,0.00,0.00,0.00,70.53
07:21:17,12,14.89,0.00,11.70,0.00,0.00,4.26,0.00,0.00,0.00,69.15
07:21:17,13,14.77,0.00,11.36,0.00,0.00,4.55,0.00,0.00,0.00,69.32
07:21:17,14,15.96,0.00,10.64,0.00,0.00,4.26,0.00,0.00,0.00,69.15
07:21:17,15,13.54,0.00,11.46,0.00,0.00,4.17,0.00,0.00,0.00,70.83
07:21:18,4,15.79,0.00,13.68,0.00,0.00,4.21,0.00,0.00,0.00,66.32
07:21:18,5,15.05,0.00,11.83,0.00,0.00,4.30,0.00,0.00,0.00,68.82
07:21:18,6,14.74,0.00,12.63,0.00,0.00,5.26,0.00,0.00,0.00,67.37
07:21:18,7,13.04,0.00,9.78,0.00,0.00,5.43,0.00,0.00,0.00,71.74
07:21:18,12,14.89,0.00,11.70,0.00,0.00,4.26,0.00,0.00,0.00,69.15
07:21:18,13,14.74,0.00,13.68,0.00,0.00,3.16,0.00,0.00,0.00,68.42
07:21:18,14,15.79,0.00,10.53,0.00,0.00,4.21,0.00,0.00,0.00,69.47
07:21:18,15,12.77,0.00,11.70,0.00,0.00,4.26,0.00,0.00,0.00,71.28
07:21:19,4,17.71,0.00,11.46,0.00,0.00,6.25,0.00,0.00,0.00,64.58
07:21:19,5,13.68,0.00,13.68,0.00,0.00,5.26,0.00,0.00,0.00,67.37
07:21:19,6,14.58,0.00,12.50,0.00,0.00,4.17,0.00,0.00,0.00,68.75
07:21:19,7,12.90,0.00,12.90,0.00,0.00,3.23,0.00,0.00,0.00,70.97
07:21:19,12,17.39,0.00,14.13,0.00,0.00,5.43,0.00,0.00,0.00,63.04
07:21:19,13,15.05,0.00,11.83,0.00,0.00,5.38,0.00,0.00,0.00,67.74
07:21:19,14,13.98,0.00,12.90,0.00,0.00,5.38,0.00,0.00,0.00,67.74
07:21:19,15,14.13,0.00,10.87,0.00,0.00,5.43,0.00,0.00,0.00,69.57
07:21:20,4,10.99,0.00,12.09,0.00,0.00,4.40,0.00,0.00,0.00,72.53
07:21:20,5,14.29,0.00,13.19,0.00,0.00,5.49,0.00,0.00,0.00,67.03
07:21:20,6,16.67,0.00,12.50,0.00,0.00,4.17,0.00,0.00,0.00,66.67
07:21:20,7,14.13,0.00,10.87,0.00,0.00,5.43,0.00,0.00,0.00,69.57
07:21:20,12,14.13,0.00,11.96,0.00,0.00,3.26,0.00,0.00,0.00,70.65
07:21:20,13,15.22,0.00,10.87,0.00,0.00,4.35,0.00,0.00,0.00,69.57
07:21:20,14,13.98,0.00,12.90,0.00,0.00,3.23,0.00,0.00,0.00,69.89
07:21:20,15,15.62,0.00,10.42,0.00,0.00,5.21,0.00,0.00,0.00,68.75
07:21:21,4,12.90,0.00,15.05,0.00,0.00,4.30,0.00,0.00,0.00,67.74
07:21:21,5,15.96,0.00,11.70,0.00,0.00,4.26,0.00,0.00,0.00,68.09
07:21:21,6,13.19,0.00,12.09,0.00,0.00,4.40,0.00,0.00,0.00,70.33
07:21:21,7,14.29,0.00,10.99,0.00,0.00,4.40,0.00,0.00,0.00,70.33
07:21:21,12,13.68,0.00,13.68,0.00,0.00,5.26,0.00,0.00,0.00,67.37
07:21:21,13,16.13,0.00,10.75,0.00,0.00,3.23,0.00,0.00,0.00,69.89
07:21:21,14,15.91,0.00,7.95,0.00,0.00,3.41,0.00,0.00,0.00,72.73
07:21:21,15,13.98,0.00,12.90,0.00,0.00,4.30,0.00,0.00,0.00,68.82
07:21:22,4,15.05,0.00,11.83,0.00,0.00,4.30,0.00,0.00,0.00,68.82
07:21:22,5,13.19,0.00,12.09,0.00,0.00,4.40,0.00,0.00,0.00,70.33
07:21:22,6,13.98,0.00,10.75,0.00,0.00,4.30,0.00,0.00,0.00,70.97
07:21:22,7,14.13,0.00,9.78,0.00,0.00,4.35,0.00,0.00,0.00,71.74
07:21:22,12,15.62,0.00,15.62,0.00,0.00,4.17,0.00,0.00,0.00,64.58
07:21:22,13,13.98,0.00,11.83,0.00,0.00,4.30,0.00,0.00,0.00,69.89
07:21:22,14,12.77,0.00,12.77,0.00,0.00,5.32,0.00,0.00,0.00,69.15
07:21:22,15,13.98,0.00,11.83,0.00,0.00,5.38,0.00,0.00,0.00,68.82
07:21:23,4,13.83,0.00,12.77,0.00,0.00,4.26,0.00,0.00,0.00,69.15
07:21:23,5,16.84,0.00,11.58,0.00,0.00,4.21,0.00,0.00,0.00,67.37
07:21:23,6,12.77,0.00,13.83,0.00,0.00,4.26,0.00,0.00,0.00,69.15
07:21:23,7,13.83,0.00,11.70,0.00,0.00,3.19,0.00,0.00,0.00,71.28
07:21:23,12,13.19,0.00,12.09,0.00,0.00,6.59,0.00,0.00,0.00,68.13
07:21:23,13,15.38,0.00,14.29,0.00,0.00,3.30,0.00,0.00,0.00,67.03
07:21:23,14,16.13,0.00,10.75,0.00,0.00,4.30,0.00,0.00,0.00,68.82
07:21:23,15,13.68,0.00,11.58,0.00,0.00,6.32,0.00,0.00,0.00,68.42
07:21:24,4,15.56,0.00,11.11,0.00,0.00,5.56,0.00,0.00,0.00,67.78
07:21:24,5,20.43,0.00,12.90,0.00,0.00,5.38,0.00,0.00,0.00,61.29
07:21:24,6,14.74,0.00,12.63,0.00,0.00,5.26,0.00,0.00,0.00,67.37
07:21:24,7,12.36,0.00,11.24,0.00,0.00,4.49,0.00,0.00,0.00,71.91
07:21:24,12,16.30,0.00,13.04,0.00,0.00,5.43,0.00,0.00,0.00,65.22
07:21:24,13,14.13,0.00,13.04,0.00,0.00,6.52,0.00,0.00,0.00,66.30
07:21:24,14,15.38,0.00,10.99,0.00,0.00,4.40,0.00,0.00,0.00,69.23
07:21:24,15,15.05,0.00,12.90,0.00,0.00,4.30,0.00,0.00,0.00,67.74
07:21:25,4,16.13,0.00,12.90,0.00,0.00,4.30,0.00,0.00,0.00,66.67
07:21:25,5,14.29,0.00,14.29,0.00,0.00,5.49,0.00,0.00,0.00,65.93
07:21:25,6,14.29,0.00,10.99,0.00,0.00,4.40,0.00,0.00,0.00,70.33
07:21:25,7,13.98,0.00,11.83,0.00,0.00,4.30,0.00,0.00,0.00,69.89
07:21:25,12,13.19,0.00,15.38,0.00,0.00,4.40,0.00,0.00,0.00,67.03
07:21:25,13,15.96,0.00,13.83,0.00,0.00,4.26,0.00,0.00,0.00,65.96
07:21:25,14,13.83,0.00,13.83,0.00,0.00,4.26,0.00,0.00,0.00,68.09
07:21:25,15,12.90,0.00,9.68,0.00,0.00,5.38,0.00,0.00,0.00,72.04
07:21:26,4,13.04,0.00,11.96,0.00,0.00,5.43,0.00,0.00,0.00,69.57
07:21:26,5,14.89,0.00,12.77,0.00,0.00,5.32,0.00,0.00,0.00,67.02
07:21:26,6,14.74,0.00,10.53,0.00,0.00,4.21,0.00,0.00,0.00,70.53
07:21:26,7,12.77,0.00,11.70,0.00,0.00,3.19,0.00,0.00,0.00,72.34
07:21:26,12,13.83,0.00,12.77,0.00,0.00,4.26,0.00,0.00,0.00,69.15
07:21:26,13,15.22,0.00,11.96,0.00,0.00,4.35,0.00,0.00,0.00,68.48
07:21:26,14,15.46,0.00,12.37,0.00,0.00,5.15,0.00,0.00,0.00,67.01
07:21:26,15,14.89,0.00,11.70,0.00,0.00,3.19,0.00,0.00,0.00,70.21
07:21:27,4,11.11,0.00,13.33,0.00,0.00,3.33,0.00,0.00,0.00,72.22
07:21:27,5,12.90,0.00,11.83,0.00,0.00,5.38,0.00,0.00,0.00,69.89
07:21:27,6,14.13,0.00,10.87,0.00,0.00,4.35,0.00,0.00,0.00,70.65
07:21:27,7,13.48,0.00,10.11,1.12,0.00,3.37,0.00,0.00,0.00,71.91
07:21:27,12,12.90,0.00,11.83,0.00,0.00,5.38,0.00,0.00,0.00,69.89
07:21:27,13,15.05,0.00,11.83,0.00,0.00,3.23,0.00,0.00,0.00,69.89
07:21:27,14,12.90,0.00,11.83,2.15,0.00,4.30,0.00,0.00,0.00,68.82
07:21:27,15,14.89,0.00,11.70,0.00,0.00,5.32,0.00,0.00,0.00,68.09
07:21:28,4,14.89,0.00,12.77,0.00,0.00,4.26,0.00,0.00,0.00,68.09
07:21:28,5,15.05,0.00,12.90,0.00,0.00,4.30,0.00,0.00,0.00,67.74
07:21:28,6,12.37,0.00,13.40,0.00,0.00,5.15,0.00,0.00,0.00,69.07
07:21:28,7,10.64,0.00,12.77,0.00,0.00,4.26,0.00,0.00,0.00,72.34
07:21:28,12,17.89,0.00,12.63,0.00,0.00,3.16,0.00,0.00,0.00,66.32
07:21:28,13,15.05,0.00,15.05,0.00,0.00,5.38,0.00,0.00,0.00,64.52
07:21:28,14,15.79,0.00,13.68,0.00,0.00,5.26,0.00,0.00,0.00,65.26
07:21:28,15,13.83,0.00,12.77,0.00,0.00,5.32,0.00,0.00,0.00,68.09
07:21:29,4,17.39,0.00,14.13,0.00,0.00,5.43,0.00,0.00,0.00,63.04
07:21:29,5,17.89,0.00,14.74,0.00,0.00,6.32,0.00,0.00,0.00,61.05
07:21:29,6,14.89,0.00,12.77,0.00,0.00,4.26,0.00,0.00,0.00,68.09
07:21:29,7,13.68,0.00,10.53,0.00,0.00,4.21,0.00,0.00,0.00,71.58
07:21:29,12,16.13,0.00,15.05,0.00,0.00,4.30,0.00,0.00,0.00,64.52
07:21:29,13,15.05,0.00,16.13,0.00,0.00,5.38,0.00,0.00,0.00,63.44
07:21:29,14,16.48,0.00,10.99,0.00,0.00,5.49,0.00,0.00,0.00,67.03
07:21:29,15,13.68,0.00,12.63,0.00,0.00,4.21,0.00,0.00,0.00,69.47
07:21:30,4,16.13,0.00,11.83,0.00,0.00,4.30,0.00,0.00,0.00,67.74
07:21:30,5,14.13,0.00,10.87,0.00,0.00,5.43,0.00,0.00,0.00,69.57
07:21:30,6,14.13,0.00,10.87,0.00,0.00,4.35,0.00,0.00,0.00,70.65
07:21:30,7,12.90,0.00,11.83,0.00,0.00,4.30,0.00,0.00,0.00,70.97
07:21:30,12,13.98,0.00,15.05,0.00,0.00,5.38,0.00,0.00,0.00,65.59
07:21:30,13,14.29,0.00,13.19,0.00,0.00,5.49,0.00,0.00,0.00,67.03
07:21:30,14,14.29,0.00,12.09,0.00,0.00,4.40,0.00,0.00,0.00,69.23
07:21:30,15,11.96,0.00,13.04,0.00,0.00,3.26,0.00,0.00,0.00,71.74
07:21:31,4,15.05,0.00,12.90,0.00,0.00,5.38,0.00,0.00,0.00,66.67
07:21:31,5,14.29,0.00,10.99,0.00,0.00,5.49,0.00,0.00,0.00,69.23
07:21:31,6,12.22,0.00,10.00,0.00,0.00,4.44,0.00,0.00,0.00,73.33
07:21:31,7,13.40,0.00,11.34,0.00,0.00,4.12,0.00,0.00,0.00,71.13
07:21:31,12,14.89,0.00,13.83,0.00,0.00,4.26,0.00,0.00,0.00,67.02
07:21:31,13,17.02,0.00,12.77,0.00,0.00,5.32,0.00,0.00,0.00,64.89
07:21:31,14,15.05,0.00,11.83,0.00,0.00,4.30,0.00,0.00,0.00,68.82
07:21:31,15,12.09,0.00,12.09,0.00,0.00,4.40,0.00,0.00,0.00,71.43
07:21:32,4,14.61,0.00,10.11,0.00,0.00,4.49,0.00,0.00,0.00,70.79
07:21:32,5,13.19,0.00,13.19,0.00,0.00,4.40,0.00,0.00,0.00,69.23
07:21:32,6,15.38,0.00,9.89,0.00,0.00,4.40,0.00,0.00,0.00,70.33
07:21:32,7,13.83,0.00,11.70,1.06,0.00,4.26,0.00,0.00,0.00,69.15
07:21:32,12,15.22,0.00,15.22,1.09,0.00,4.35,0.00,0.00,0.00,64.13
07:21:32,13,16.13,0.00,11.83,0.00,0.00,4.30,0.00,0.00,0.00,67.74
07:21:32,14,17.20,0.00,10.75,0.00,0.00,4.30,0.00,0.00,0.00,67.74
07:21:32,15,16.13,0.00,10.75,0.00,0.00,4.30,0.00,0.00,0.00,68.82
07:21:33,4,13.83,0.00,12.77,0.00,0.00,4.26,0.00,0.00,0.00,69.15
07:21:33,5,16.13,0.00,13.98,0.00,0.00,4.30,0.00,0.00,0.00,65.59
07:21:33,6,14.13,0.00,11.96,0.00,0.00,3.26,0.00,0.00,0.00,70.65
07:21:33,7,13.19,0.00,12.09,0.00,0.00,4.40,0.00,0.00,0.00,70.33
07:21:33,12,13.04,0.00,11.96,0.00,0.00,5.43,0.00,0.00,0.00,69.57
07:21:33,13,15.46,0.00,13.40,0.00,0.00,5.15,0.00,0.00,0.00,65.98
07:21:33,14,10.99,0.00,13.19,0.00,0.00,4.40,0.00,0.00,0.00,71.43
07:21:33,15,11.83,0.00,11.83,0.00,0.00,5.38,0.00,0.00,0.00,70.97
07:21:34,4,16.30,0.00,13.04,0.00,0.00,5.43,0.00,0.00,0.00,65.22
07:21:34,5,13.48,0.00,12.36,0.00,0.00,4.49,0.00,0.00,0.00,69.66
07:21:34,6,12.90,0.00,13.98,0.00,0.00,6.45,0.00,0.00,0.00,66.67
07:21:34,7,13.68,0.00,12.63,0.00,0.00,5.26,0.00,0.00,0.00,68.42
07:21:34,12,20.00,0.00,16.84,0.00,0.00,4.21,0.00,0.00,0.00,58.95
07:21:34,13,13.98,0.00,17.20,0.00,0.00,4.30,0.00,0.00,0.00,64.52
07:21:34,14,15.22,0.00,11.96,0.00,0.00,4.35,0.00,0.00,0.00,68.48
07:21:34,15,14.13,0.00,9.78,0.00,0.00,5.43,0.00,0.00,0.00,70.65
07:21:35,4,14.13,0.00,11.96,0.00,0.00,5.43,0.00,0.00,0.00,68.48
07:21:35,5,15.79,0.00,11.58,0.00,0.00,5.26,0.00,0.00,0.00,67.37
07:21:35,6,13.04,0.00,11.96,0.00,0.00,4.35,0.00,0.00,0.00,70.65
07:21:35,7,13.83,0.00,11.70,0.00,0.00,3.19,0.00,0.00,0.00,71.28
07:21:35,12,14.13,0.00,11.96,0.00,0.00,4.35,0.00,0.00,0.00,69.57
07:21:35,13,13.33,0.00,14.44,0.00,0.00,5.56,0.00,0.00,0.00,66.67
07:21:35,14,14.29,0.00,12.09,0.00,0.00,4.40,0.00,0.00,0.00,69.23
07:21:35,15,12.90,0.00,15.05,0.00,0.00,3.23,0.00,0.00,0.00,68.82
07:21:36,4,15.05,0.00,13.98,0.00,0.00,5.38,0.00,0.00,0.00,65.59
07:21:36,5,13.98,0.00,12.90,0.00,0.00,6.45,0.00,0.00,0.00,66.67
07:21:36,6,14.13,0.00,11.96,0.00,0.00,3.26,0.00,0.00,0.00,70.65
07:21:36,7,11.83,0.00,12.90,0.00,0.00,4.30,0.00,0.00,0.00,70.97
07:21:36,12,13.98,0.00,11.83,0.00,0.00,6.45,0.00,0.00,0.00,67.74
07:21:36,13,13.98,0.00,12.90,0.00,0.00,5.38,0.00,0.00,0.00,67.74
07:21:36,14,15.79,0.00,12.63,0.00,0.00,5.26,0.00,0.00,0.00,66.32
07:21:36,15,11.83,0.00,11.83,0.00,0.00,5.38,0.00,0.00,0.00,70.97
07:21:37,4,14.13,0.00,15.22,0.00,0.00,3.26,0.00,0.00,0.00,67.39
07:21:37,5,14.44,0.00,11.11,0.00,0.00,4.44,0.00,0.00,0.00,70.00
07:21:37,6,15.96,0.00,10.64,0.00,0.00,4.26,0.00,0.00,0.00,69.15
07:21:37,7,11.96,0.00,9.78,0.00,0.00,4.35,0.00,0.00,0.00,73.91
07:21:37,12,15.05,0.00,10.75,1.08,0.00,5.38,0.00,0.00,0.00,67.74
07:21:37,13,13.68,0.00,15.79,0.00,0.00,4.21,0.00,0.00,0.00,66.32
07:21:37,14,15.38,0.00,10.99,0.00,0.00,4.40,0.00,0.00,0.00,69.23
07:21:37,15,15.46,0.00,11.34,0.00,0.00,5.15,0.00,0.00,0.00,68.04
07:21:38,4,13.83,0.00,13.83,0.00,0.00,4.26,0.00,0.00,0.00,68.09
07:21:38,5,14.89,0.00,14.89,0.00,0.00,5.32,0.00,0.00,0.00,64.89
07:21:38,6,15.96,0.00,11.70,0.00,0.00,4.26,0.00,0.00,0.00,68.09
07:21:38,7,14.74,0.00,11.58,0.00,0.00,4.21,0.00,0.00,0.00,69.47
07:21:38,12,16.67,0.00,12.22,0.00,0.00,3.33,0.00,0.00,0.00,67.78
07:21:38,13,15.05,0.00,12.90,0.00,0.00,4.30,0.00,0.00,0.00,67.74
07:21:38,14,16.48,0.00,9.89,0.00,0.00,3.30,0.00,0.00,0.00,70.33
07:21:38,15,12.50,0.00,12.50,0.00,0.00,5.21,0.00,0.00,0.00,69.79
07:21:39,4,16.30,0.00,13.04,0.00,0.00,4.35,0.00,0.00,0.00,66.30
07:21:39,5,16.84,0.00,13.68,0.00,0.00,4.21,0.00,0.00,0.00,65.26
07:21:39,6,15.38,0.00,10.99,0.00,0.00,5.49,0.00,0.00,0.00,68.13
07:21:39,7,12.09,0.00,9.89,0.00,0.00,3.30,0.00,0.00,0.00,74.73
07:21:39,12,19.15,0.00,13.83,0.00,0.00,5.32,0.00,0.00,0.00,61.70
07:21:39,13,15.96,0.00,13.83,0.00,0.00,6.38,0.00,0.00,0.00,63.83
07:21:39,14,14.44,0.00,12.22,0.00,0.00,4.44,0.00,0.00,0.00,68.89
07:21:39,15,13.98,0.00,9.68,0.00,0.00,5.38,0.00,0.00,0.00,70.97
07:21:40,4,12.22,0.00,14.44,0.00,0.00,4.44,0.00,0.00,0.00,68.89
07:21:40,5,12.90,0.00,13.98,0.00,0.00,4.30,0.00,0.00,0.00,68.82
07:21:40,6,15.96,0.00,10.64,0.00,0.00,4.26,0.00,0.00,0.00,69.15
07:21:40,7,15.31,0.00,12.24,1.02,0.00,4.08,0.00,0.00,0.00,67.35
07:21:40,12,13.19,0.00,13.19,0.00,0.00,4.40,0.00,0.00,0.00,69.23
07:21:40,13,14.29,0.00,10.99,0.00,0.00,5.49,0.00,0.00,0.00,69.23
07:21:40,14,15.96,0.00,11.70,0.00,0.00,4.26,0.00,0.00,0.00,68.09
07:21:40,15,14.58,0.00,12.50,0.00,0.00,4.17,0.00,0.00,0.00,68.75
07:21:41,4,15.96,0.00,10.64,0.00,0.00,5.32,0.00,0.00,0.00,68.09
07:21:41,5,14.74,0.00,12.63,0.00,0.00,5.26,0.00,0.00,0.00,67.37
07:21:41,6,15.05,0.00,12.90,0.00,0.00,5.38,0.00,0.00,0.00,66.67
07:21:41,7,12.90,0.00,12.90,0.00,0.00,3.23,0.00,0.00,0.00,70.97
07:21:41,12,15.62,0.00,12.50,0.00,0.00,5.21,0.00,0.00,0.00,66.67
07:21:41,13,14.29,0.00,12.09,0.00,0.00,3.30,0.00,0.00,0.00,70.33
07:21:41,14,14.43,0.00,12.37,0.00,0.00,6.19,0.00,0.00,0.00,67.01
07:21:41,15,13.04,0.00,11.96,0.00,0.00,4.35,0.00,0.00,0.00,70.65
07:21:42,4,15.38,0.00,13.19,0.00,0.00,4.40,0.00,0.00,0.00,67.03
07:21:42,5,16.13,0.00,13.98,0.00,0.00,6.45,0.00,0.00,0.00,63.44
07:21:42,6,13.33,0.00,13.33,0.00,0.00,4.44,0.00,0.00,0.00,68.89
07:21:42,7,11.58,0.00,13.68,0.00,0.00,4.21,0.00,0.00,0.00,70.53
07:21:42,12,14.77,0.00,11.36,0.00,0.00,5.68,0.00,0.00,0.00,68.18
07:21:42,13,15.22,0.00,13.04,0.00,0.00,5.43,0.00,0.00,0.00,66.30
07:21:42,14,15.05,0.00,12.90,0.00,0.00,4.30,0.00,0.00,0.00,67.74
07:21:42,15,13.83,0.00,10.64,0.00,0.00,4.26,0.00,0.00,0.00,71.28
07:21:43,4,16.67,0.00,13.54,0.00,0.00,3.12,0.00,0.00,0.00,66.67
07:21:43,5,14.13,0.00,11.96,0.00,0.00,5.43,0.00,0.00,0.00,68.48
07:21:43,6,16.13,0.00,9.68,0.00,0.00,5.38,0.00,0.00,0.00,68.82
07:21:43,7,14.13,0.00,11.96,0.00,0.00,3.26,0.00,0.00,0.00,70.65
07:21:43,12,15.79,0.00,11.58,0.00,0.00,5.26,0.00,0.00,0.00,67.37
07:21:43,13,15.05,0.00,13.98,0.00,0.00,4.30,0.00,0.00,0.00,66.67
07:21:43,14,15.05,0.00,11.83,0.00,0.00,5.38,0.00,0.00,0.00,67.74
07:21:43,15,11.83,0.00,13.98,0.00,0.00,5.38,0.00,0.00,0.00,68.82
07:21:44,4,16.13,0.00,11.83,0.00,0.00,4.30,0.00,0.00,0.00,67.74
07:21:44,5,16.30,0.00,16.30,0.00,0.00,4.35,0.00,0.00,0.00,63.04
07:21:44,6,13.83,0.00,12.77,0.00,0.00,5.32,0.00,0.00,0.00,68.09
07:21:44,7,14.13,0.00,11.96,0.00,0.00,5.43,0.00,0.00,0.00,68.48
07:21:44,12,15.05,0.00,12.90,0.00,0.00,4.30,0.00,0.00,0.00,67.74
07:21:44,13,16.30,0.00,13.04,0.00,0.00,3.26,0.00,0.00,0.00,67.39
07:21:44,14,15.96,0.00,11.70,0.00,0.00,5.32,0.00,0.00,0.00,67.02
07:21:44,15,14.58,0.00,14.58,0.00,0.00,4.17,0.00,0.00,0.00,66.67
07:21:45,4,15.79,0.00,15.79,0.00,0.00,5.26,0.00,0.00,0.00,63.16
07:21:45,5,15.22,0.00,11.96,0.00,0.00,4.35,0.00,0.00,0.00,68.48
07:21:45,6,14.29,0.00,10.99,0.00,0.00,4.40,0.00,0.00,0.00,70.33
07:21:45,7,12.09,0.00,13.19,0.00,0.00,4.40,0.00,0.00,0.00,70.33
07:21:45,12,15.05,0.00,11.83,0.00,0.00,4.30,0.00,0.00,0.00,68.82
07:21:45,13,15.96,0.00,11.70,0.00,0.00,5.32,0.00,0.00,0.00,67.02
07:21:45,14,15.38,0.00,9.89,0.00,0.00,4.40,0.00,0.00,0.00,70.33
07:21:45,15,13.98,0.00,11.83,0.00,0.00,3.23,0.00,0.00,0.00,70.97
07:21:46,4,17.02,0.00,13.83,0.00,0.00,4.26,0.00,0.00,0.00,64.89
07:21:46,5,14.29,0.00,10.99,0.00,0.00,5.49,0.00,0.00,0.00,69.23
07:21:46,6,13.83,0.00,13.83,0.00,0.00,3.19,0.00,0.00,0.00,69.15
07:21:46,7,14.43,0.00,12.37,0.00,0.00,5.15,0.00,0.00,0.00,68.04
07:21:46,12,14.74,0.00,13.68,0.00,0.00,6.32,0.00,0.00,0.00,65.26
07:21:46,13,14.29,0.00,12.09,0.00,0.00,4.40,0.00,0.00,0.00,69.23
07:21:46,14,14.89,0.00,12.77,0.00,0.00,5.32,0.00,0.00,0.00,67.02
07:21:46,15,12.90,0.00,11.83,0.00,0.00,5.38,0.00,0.00,0.00,69.89
07:21:47,4,13.98,0.00,12.90,0.00,0.00,4.30,0.00,0.00,0.00,68.82
07:21:47,5,15.96,0.00,9.57,0.00,0.00,5.32,0.00,0.00,0.00,69.15
07:21:47,6,13.98,0.00,11.83,2.15,0.00,4.30,0.00,0.00,0.00,67.74
07:21:47,7,13.98,0.00,11.83,0.00,0.00,4.30,0.00,0.00,0.00,69.89
07:21:47,12,11.96,0.00,13.04,1.09,0.00,4.35,0.00,0.00,0.00,69.57
07:21:47,13,14.89,0.00,11.70,0.00,0.00,4.26,0.00,0.00,0.00,69.15
07:21:47,14,14.13,0.00,9.78,0.00,0.00,4.35,0.00,0.00,0.00,71.74
07:21:47,15,15.05,0.00,9.68,0.00,0.00,5.38,0.00,0.00,0.00,69.89
07:21:48,4,13.33,0.00,11.11,0.00,0.00,4.44,0.00,0.00,0.00,71.11
07:21:48,5,16.48,0.00,14.29,0.00,0.00,3.30,0.00,0.00,0.00,65.93
07:21:48,6,16.13,0.00,11.83,0.00,0.00,4.30,0.00,0.00,0.00,67.74
07:21:48,7,14.44,0.00,11.11,0.00,0.00,4.44,0.00,0.00,0.00,70.00
07:21:48,12,14.29,0.00,12.09,0.00,0.00,4.40,0.00,0.00,0.00,69.23
07:21:48,13,15.22,0.00,11.96,0.00,0.00,4.35,0.00,0.00,0.00,68.48
07:21:48,14,15.22,0.00,11.96,0.00,0.00,3.26,0.00,0.00,0.00,69.57
07:21:48,15,12.90,0.00,12.90,0.00,0.00,3.23,0.00,0.00,0.00,70.97
07:21:49,4,15.38,0.00,13.19,0.00,0.00,3.30,0.00,0.00,0.00,68.13
07:21:49,5,14.89,0.00,13.83,0.00,0.00,5.32,0.00,0.00,0.00,65.96
07:21:49,6,13.83,0.00,14.89,0.00,0.00,4.26,0.00,0.00,0.00,67.02
07:21:49,7,13.83,0.00,11.70,0.00,0.00,4.26,0.00,0.00,0.00,70.21
07:21:49,12,12.90,0.00,12.90,0.00,0.00,5.38,0.00,0.00,0.00,68.82
07:21:49,13,17.02,0.00,15.96,0.00,0.00,5.32,0.00,0.00,0.00,61.70
07:21:49,14,16.30,0.00,13.04,0.00,0.00,4.35,0.00,0.00,0.00,66.30
07:21:49,15,14.13,0.00,11.96,0.00,0.00,5.43,0.00,0.00,0.00,68.48
07:21:50,4,15.05,0.00,12.90,0.00,0.00,4.30,0.00,0.00,0.00,67.74
07:21:50,5,14.61,0.00,10.11,0.00,0.00,4.49,0.00,0.00,0.00,70.79
07:21:50,6,13.98,0.00,11.83,0.00,0.00,4.30,0.00,0.00,0.00,69.89
07:21:50,7,11.83,0.00,10.75,0.00,0.00,5.38,0.00,0.00,0.00,72.04
07:21:50,12,15.05,0.00,13.98,0.00,0.00,4.30,0.00,0.00,0.00,66.67
07:21:50,13,13.04,0.00,13.04,0.00,0.00,5.43,0.00,0.00,0.00,68.48
07:21:50,14,15.22,0.00,13.04,0.00,0.00,3.26,0.00,0.00,0.00,68.48
07:21:50,15,15.46,0.00,12.37,0.00,0.00,5.15,0.00,0.00,0.00,67.01
07:21:51,4,14.89,0.00,11.70,0.00,0.00,6.38,0.00,0.00,0.00,67.02
07:21:51,5,14.44,0.00,12.22,0.00,0.00,3.33,0.00,0.00,0.00,70.00
07:21:51,6,13.83,0.00,10.64,0.00,0.00,5.32,0.00,0.00,0.00,70.21
07:21:51,7,14.89,0.00,11.70,0.00,0.00,4.26,0.00,0.00,0.00,69.15
07:21:51,12,14.58,0.00,13.54,0.00,0.00,5.21,0.00,0.00,0.00,66.67
07:21:51,13,12.90,0.00,13.98,0.00,0.00,4.30,0.00,0.00,0.00,68.82
07:21:51,14,13.83,0.00,12.77,0.00,0.00,4.26,0.00,0.00,0.00,69.15
07:21:51,15,12.90,0.00,10.75,0.00,0.00,4.30,0.00,0.00,0.00,72.04
07:21:52,4,15.22,0.00,14.13,0.00,0.00,3.26,0.00,0.00,0.00,67.39
07:21:52,5,15.05,0.00,11.83,0.00,0.00,5.38,0.00,0.00,0.00,67.74
07:21:52,6,16.48,0.00,12.09,0.00,0.00,5.49,0.00,0.00,0.00,65.93
07:21:52,7,10.87,0.00,14.13,0.00,0.00,4.35,0.00,0.00,0.00,70.65
07:21:52,12,14.74,0.00,14.74,0.00,0.00,4.21,0.00,0.00,0.00,66.32
07:21:52,13,13.98,0.00,11.83,0.00,0.00,5.38,0.00,0.00,0.00,68.82
07:21:52,14,15.96,0.00,11.70,0.00,0.00,5.32,0.00,0.00,0.00,67.02
07:21:52,15,12.90,0.00,12.90,0.00,0.00,3.23,0.00,0.00,0.00,70.97
07:21:53,4,14.29,0.00,10.99,0.00,0.00,5.49,0.00,0.00,0.00,69.23
07:21:53,5,15.96,0.00,12.77,0.00,0.00,5.32,0.00,0.00,0.00,65.96
07:21:53,6,14.58,0.00,12.50,0.00,0.00,5.21,0.00,0.00,0.00,67.71
07:21:53,7,12.77,0.00,11.70,0.00,0.00,5.32,0.00,0.00,0.00,70.21
07:21:53,12,15.79,0.00,13.68,0.00,0.00,4.21,0.00,0.00,0.00,66.32
07:21:53,13,15.22,0.00,15.22,0.00,0.00,6.52,0.00,0.00,0.00,63.04
07:21:53,14,17.02,0.00,10.64,0.00,0.00,4.26,0.00,0.00,0.00,68.09
07:21:53,15,13.04,0.00,13.04,0.00,0.00,4.35,0.00,0.00,0.00,69.57
07:21:54,4,14.89,0.00,11.70,0.00,0.00,4.26,0.00,0.00,0.00,69.15
07:21:54,5,14.29,0.00,12.09,0.00,0.00,4.40,0.00,0.00,0.00,69.23
07:21:54,6,14.13,0.00,10.87,0.00,0.00,4.35,0.00,0.00,0.00,70.65
07:21:54,7,12.77,0.00,11.70,0.00,0.00,5.32,0.00,0.00,0.00,70.21
07:21:54,12,13.68,0.00,14.74,0.00,0.00,5.26,0.00,0.00,0.00,66.32
07:21:54,13,18.48,0.00,13.04,0.00,0.00,3.26,0.00,0.00,0.00,65.22
07:21:54,14,16.13,0.00,11.83,0.00,0.00,4.30,0.00,0.00,0.00,67.74
07:21:54,15,12.63,0.00,12.63,0.00,0.00,5.26,0.00,0.00,0.00,69.47
07:21:55,4,14.13,0.00,13.04,0.00,0.00,4.35,0.00,0.00,0.00,68.48
07:21:55,5,16.30,0.00,11.96,0.00,0.00,5.43,0.00,0.00,0.00,66.30
07:21:55,6,16.48,0.00,10.99,0.00,0.00,5.49,0.00,0.00,0.00,67.03
07:21:55,7,15.05,0.00,9.68,0.00,0.00,5.38,0.00,0.00,0.00,69.89
07:21:55,12,15.05,0.00,13.98,0.00,0.00,3.23,0.00,0.00,0.00,67.74
07:21:55,13,15.62,0.00,15.62,0.00,0.00,5.21,0.00,0.00,0.00,63.54
07:21:55,14,13.98,0.00,11.83,0.00,0.00,4.30,0.00,0.00,0.00,69.89
07:21:55,15,11.83,0.00,11.83,0.00,0.00,4.30,0.00,0.00,0.00,72.04
07:21:56,4,16.84,0.00,12.63,0.00,0.00,4.21,0.00,0.00,0.00,66.32
07:21:56,5,14.89,0.00,13.83,0.00,0.00,4.26,0.00,0.00,0.00,67.02
07:21:56,6,15.38,0.00,10.99,0.00,0.00,3.30,0.00,0.00,0.00,70.33
07:21:56,7,12.90,0.00,12.90,0.00,0.00,4.30,0.00,0.00,0.00,69.89
07:21:56,12,14.74,0.00,13.68,0.00,0.00,4.21,0.00,0.00,0.00,67.37
07:21:56,13,13.04,0.00,13.04,0.00,0.00,4.35,0.00,0.00,0.00,69.57
07:21:56,14,15.46,0.00,13.40,0.00,0.00,4.12,0.00,0.00,0.00,67.01
07:21:56,15,12.90,0.00,11.83,0.00,0.00,6.45,0.00,0.00,0.00,68.82
07:21:57,4,17.71,0.00,11.46,0.00,0.00,4.17,0.00,0.00,0.00,66.67
07:21:57,5,14.74,0.00,12.63,0.00,0.00,5.26,0.00,0.00,0.00,67.37
07:21:57,6,12.36,0.00,11.24,1.12,0.00,3.37,0.00,0.00,0.00,71.91
07:21:57,7,15.05,0.00,9.68,0.00,0.00,5.38,0.00,0.00,0.00,69.89
07:21:57,12,14.13,0.00,10.87,0.00,0.00,5.43,0.00,0.00,0.00,69.57
07:21:57,13,14.89,0.00,11.70,0.00,0.00,4.26,0.00,0.00,0.00,69.15
07:21:57,14,14.44,0.00,12.22,0.00,0.00,4.44,0.00,0.00,0.00,68.89
07:21:57,15,14.13,0.00,10.87,0.00,0.00,4.35,0.00,0.00,0.00,70.65
07:21:58,4,14.89,0.00,10.64,0.00,0.00,5.32,0.00,0.00,0.00,69.15
07:21:58,5,15.22,0.00,10.87,0.00,0.00,4.35,0.00,0.00,0.00,69.57
07:21:58,6,15.96,0.00,9.57,0.00,0.00,5.32,0.00,0.00,0.00,69.15
07:21:58,7,13.68,0.00,10.53,0.00,0.00,4.21,0.00,0.00,0.00,71.58
07:21:58,12,13.68,0.00,15.79,0.00,0.00,5.26,0.00,0.00,0.00,65.26
07:21:58,13,14.89,0.00,12.77,0.00,0.00,5.32,0.00,0.00,0.00,67.02
07:21:58,14,16.30,0.00,11.96,0.00,0.00,4.35,0.00,0.00,0.00,67.39
07:21:58,15,12.90,0.00,12.90,0.00,0.00,4.30,0.00,0.00,0.00,69.89
07:21:59,4,15.05,0.00,11.83,0.00,0.00,5.38,0.00,0.00,0.00,67.74
07:21:59,5,14.74,0.00,12.63,0.00,0.00,5.26,0.00,0.00,0.00,67.37
07:21:59,6,11.70,0.00,13.83,0.00,0.00,4.26,0.00,0.00,0.00,70.21
07:21:59,7,12.90,0.00,11.83,0.00,0.00,5.38,0.00,0.00,0.00,69.89
07:21:59,12,16.30,0.00,10.87,0.00,0.00,4.35,0.00,0.00,0.00,68.48
07:21:59,13,15.22,0.00,15.22,0.00,0.00,5.43,0.00,0.00,0.00,64.13
07:21:59,14,13.04,0.00,11.96,0.00,0.00,6.52,0.00,0.00,0.00,68.48
07:21:59,15,13.83,0.00,11.70,0.00,0.00,5.32,0.00,0.00,0.00,69.15
07:22:00,4,15.05,0.00,15.05,1.08,0.00,5.38,0.00,0.00,0.00,63.44
07:22:00,5,15.22,0.00,13.04,0.00,0.00,5.43,0.00,0.00,0.00,66.30
07:22:00,6,17.20,0.00,13.98,0.00,0.00,4.30,0.00,0.00,0.00,64.52
07:22:00,7,15.79,0.00,12.63,0.00,0.00,3.16,0.00,0.00,0.00,68.42
07:22:00,12,19.15,0.00,12.77,0.00,0.00,5.32,0.00,0.00,0.00,62.77
07:22:00,13,18.28,0.00,12.90,0.00,0.00,5.38,0.00,0.00,0.00,63.44
07:22:00,14,14.29,0.00,12.09,0.00,0.00,4.40,0.00,0.00,0.00,69.23
07:22:00,15,14.89,0.00,10.64,0.00,0.00,5.32,0.00,0.00,0.00,69.15
07:22:01,4,14.13,0.00,11.96,0.00,0.00,4.35,0.00,0.00,0.00,69.57
07:22:01,5,15.22,0.00,13.04,0.00,0.00,4.35,0.00,0.00,0.00,67.39
07:22:01,6,14.13,0.00,11.96,0.00,0.00,4.35,0.00,0.00,0.00,69.57
07:22:01,7,13.33,0.00,10.00,0.00,0.00,4.44,0.00,0.00,0.00,72.22
07:22:01,12,14.29,0.00,10.99,0.00,0.00,5.49,0.00,0.00,0.00,69.23
07:22:01,13,13.98,0.00,12.90,0.00,0.00,4.30,0.00,0.00,0.00,68.82
07:22:01,14,13.98,0.00,10.75,0.00,0.00,5.38,0.00,0.00,0.00,69.89
07:22:01,15,15.79,0.00,12.63,0.00,0.00,3.16,0.00,0.00,0.00,68.42
07:22:02,4,14.29,0.00,10.99,0.00,0.00,5.49,0.00,0.00,0.00,69.23
07:22:02,5,13.98,0.00,12.90,0.00,0.00,4.30,0.00,0.00,0.00,68.82
07:22:02,6,14.29,0.00,13.19,0.00,0.00,4.40,0.00,0.00,0.00,68.13
07:22:02,7,11.83,0.00,11.83,0.00,0.00,4.30,0.00,0.00,0.00,72.04
07:22:02,12,12.77,0.00,12.77,0.00,0.00,5.32,0.00,0.00,0.00,69.15
07:22:02,13,15.22,0.00,13.04,0.00,0.00,5.43,0.00,0.00,0.00,66.30
07:22:02,14,14.89,0.00,12.77,0.00,0.00,4.26,0.00,0.00,0.00,68.09
07:22:02,15,12.77,0.00,11.70,0.00,0.00,5.32,0.00,0.00,0.00,70.21
07:22:03,4,14.13,0.00,15.22,0.00,0.00,4.35,0.00,0.00,0.00,66.30
07:22:03,5,13.68,0.00,13.68,0.00,0.00,5.26,0.00,0.00,0.00,67.37
07:22:03,6,13.40,0.00,12.37,0.00,0.00,6.19,0.00,0.00,0.00,68.04
07:22:03,7,13.04,0.00,9.78,0.00,0.00,4.35,0.00,0.00,0.00,72.83
07:22:03,12,17.20,0.00,12.90,0.00,0.00,4.30,0.00,0.00,0.00,65.59
07:22:03,13,14.29,0.00,13.19,0.00,0.00,4.40,0.00,0.00,0.00,68.13
07:22:03,14,15.22,0.00,11.96,0.00,0.00,3.26,0.00,0.00,0.00,69.57
07:22:03,15,13.04,0.00,11.96,0.00,0.00,3.26,0.00,0.00,0.00,71.74
07:22:04,4,14.29,0.00,12.09,0.00,0.00,4.40,0.00,0.00,0.00,69.23
07:22:04,5,15.22,0.00,10.87,0.00,0.00,4.35,0.00,0.00,0.00,69.57
07:22:04,6,13.98,0.00,11.83,0.00,0.00,4.30,0.00,0.00,0.00,69.89
07:22:04,7,12.50,0.00,12.50,0.00,0.00,5.21,0.00,0.00,0.00,69.79
07:22:04,12,14.74,0.00,13.68,0.00,0.00,3.16,0.00,0.00,0.00,68.42
07:22:04,13,14.89,0.00,15.96,0.00,0.00,5.32,0.00,0.00,0.00,63.83
07:22:04,14,17.20,0.00,12.90,0.00,0.00,3.23,0.00,0.00,0.00,66.67
07:22:04,15,13.54,0.00,13.54,0.00,0.00,5.21,0.00,0.00,0.00,67.71
07:22:05,4,15.22,0.00,14.13,0.00,0.00,4.35,0.00,0.00,0.00,66.30
07:22:05,5,15.38,0.00,12.09,0.00,0.00,4.40,0.00,0.00,0.00,68.13
07:22:05,6,16.30,0.00,11.96,1.09,0.00,4.35,0.00,0.00,0.00,66.30
07:22:05,7,13.04,0.00,13.04,0.00,0.00,4.35,0.00,0.00,0.00,69.57
07:22:05,12,14.44,0.00,13.33,0.00,0.00,4.44,0.00,0.00,0.00,67.78
07:22:05,13,15.05,0.00,13.98,1.08,0.00,5.38,0.00,0.00,0.00,64.52
07:22:05,14,17.02,0.00,10.64,0.00,0.00,5.32,0.00,0.00,0.00,67.02
07:22:05,15,11.96,0.00,11.96,0.00,0.00,4.35,0.00,0.00,0.00,71.74
07:22:06,4,17.20,0.00,12.90,0.00,0.00,4.30,0.00,0.00,0.00,65.59
07:22:06,5,13.19,0.00,14.29,0.00,0.00,5.49,0.00,0.00,0.00,67.03
07:22:06,6,14.29,0.00,10.99,0.00,0.00,5.49,0.00,0.00,0.00,69.23
07:22:06,7,13.83,0.00,10.64,0.00,0.00,4.26,0.00,0.00,0.00,71.28
07:22:06,12,14.13,0.00,11.96,0.00,0.00,5.43,0.00,0.00,0.00,68.48
07:22:06,13,14.29,0.00,9.89,0.00,0.00,5.49,0.00,0.00,0.00,70.33
07:22:06,14,14.89,0.00,12.77,0.00,0.00,4.26,0.00,0.00,0.00,68.09
07:22:06,15,11.83,0.00,10.75,0.00,0.00,4.30,0.00,0.00,0.00,73.12
07:22:07,4,12.90,0.00,12.90,0.00,0.00,4.30,0.00,0.00,0.00,69.89
07:22:07,5,15.79,0.00,12.63,0.00,0.00,5.26,0.00,0.00,0.00,66.32
07:22:07,6,11.96,0.00,11.96,0.00,0.00,4.35,0.00,0.00,0.00,71.74
07:22:07,7,11.96,0.00,9.78,0.00,0.00,4.35,0.00,0.00,0.00,73.91
07:22:07,12,17.02,0.00,11.70,0.00,0.00,4.26,0.00,0.00,0.00,67.02
07:22:07,13,13.98,0.00,11.83,0.00,0.00,6.45,0.00,0.00,0.00,67.74
07:22:07,14,13.98,0.00,12.90,0.00,0.00,4.30,0.00,0.00,0.00,68.82
07:22:07,15,12.90,0.00,12.90,0.00,0.00,4.30,0.00,0.00,0.00,69.89
07:22:08,4,13.98,0.00,12.90,0.00,0.00,4.30,0.00,0.00,0.00,68.82
07:22:08,5,11.96,0.00,13.04,0.00,0.00,4.35,0.00,0.00,0.00,70.65
07:22:08,6,15.22,0.00,10.87,0.00,0.00,4.35,0.00,0.00,0.00,69.57
07:22:08,7,12.77,0.00,11.70,0.00,0.00,3.19,0.00,0.00,0.00,72.34
07:22:08,12,15.38,0.00,13.19,0.00,0.00,4.40,0.00,0.00,0.00,67.03
07:22:08,13,15.22,0.00,11.96,0.00,0.00,4.35,0.00,0.00,0.00,68.48
07:22:08,14,15.38,0.00,12.09,0.00,0.00,5.49,0.00,0.00,0.00,67.03
07:22:08,15,14.89,0.00,11.70,0.00,0.00,3.19,0.00,0.00,0.00,70.21
07:22:09,4,14.13,0.00,11.96,0.00,0.00,5.43,0.00,0.00,0.00,68.48
07:22:09,5,15.05,0.00,12.90,0.00,0.00,3.23,0.00,0.00,0.00,68.82
07:22:09,6,15.96,0.00,11.70,0.00,0.00,5.32,0.00,0.00,0.00,67.02
07:22:09,7,11.70,0.00,11.70,0.00,0.00,5.32,0.00,0.00,0.00,71.28
07:22:09,12,15.05,0.00,13.98,0.00,0.00,4.30,0.00,0.00,0.00,66.67
07:22:09,13,13.04,0.00,13.04,0.00,0.00,5.43,0.00,0.00,0.00,68.48
07:22:09,14,17.71,0.00,13.54,0.00,0.00,4.17,0.00,0.00,0.00,64.58
07:22:09,15,13.54,0.00,12.50,0.00,0.00,5.21,0.00,0.00,0.00,68.75
07:22:10,4,16.48,0.00,15.38,1.10,0.00,4.40,0.00,0.00,0.00,62.64
07:22:10,5,17.02,0.00,13.83,0.00,0.00,4.26,0.00,0.00,0.00,64.89
07:22:10,6,12.90,0.00,13.98,0.00,0.00,4.30,0.00,0.00,0.00,68.82
07:22:10,7,13.19,0.00,10.99,0.00,0.00,4.40,0.00,0.00,0.00,71.43
07:22:10,12,16.13,0.00,13.98,0.00,0.00,4.30,0.00,0.00,0.00,65.59
07:22:10,13,17.02,0.00,11.70,0.00,0.00,5.32,0.00,0.00,0.00,65.96
07:22:10,14,15.22,0.00,11.96,1.09,0.00,5.43,0.00,0.00,0.00,66.30
07:22:10,15,15.38,0.00,13.19,0.00,0.00,3.30,0.00,0.00,0.00,68.13
07:22:11,4,13.98,0.00,12.90,0.00,0.00,4.30,0.00,0.00,0.00,68.82
07:22:11,5,15.96,0.00,10.64,0.00,0.00,4.26,0.00,0.00,0.00,69.15
07:22:11,6,14.89,0.00,12.77,0.00,0.00,6.38,0.00,0.00,0.00,65.96
07:22:11,7,15.22,0.00,9.78,0.00,0.00,3.26,0.00,0.00,0.00,71.74
07:22:11,12,12.90,0.00,12.90,0.00,0.00,5.38,0.00,0.00,0.00,68.82
07:22:11,13,14.13,0.00,10.87,0.00,0.00,5.43,0.00,0.00,0.00,69.57
07:22:11,14,12.90,0.00,13.98,0.00,0.00,3.23,0.00,0.00,0.00,69.89
07:22:11,15,12.77,0.00,11.70,0.00,0.00,6.38,0.00,0.00,0.00,69.15
07:22:12,4,13.68,0.00,12.63,0.00,0.00,6.32,0.00,0.00,0.00,67.37
07:22:12,5,15.22,0.00,10.87,0.00,0.00,4.35,0.00,0.00,0.00,69.57
07:22:12,6,15.05,0.00,11.83,0.00,0.00,3.23,0.00,0.00,0.00,69.89
07:22:12,7,12.63,0.00,12.63,0.00,0.00,4.21,0.00,0.00,0.00,70.53
07:22:12,12,13.83,0.00,11.70,0.00,0.00,5.32,0.00,0.00,0.00,69.15
07:22:12,13,14.89,0.00,10.64,0.00,0.00,5.32,0.00,0.00,0.00,69.15
07:22:12,14,12.50,0.00,14.77,0.00,0.00,4.55,0.00,0.00,0.00,68.18
07:22:12,15,12.77,0.00,10.64,0.00,0.00,5.32,0.00,0.00,0.00,71.28
07:22:13,4,14.89,0.00,13.83,0.00,0.00,5.32,0.00,0.00,0.00,65.96
07:22:13,5,15.22,0.00,16.30,0.00,0.00,4.35,0.00,0.00,0.00,64.13
07:22:13,6,13.04,0.00,13.04,0.00,0.00,5.43,0.00,0.00,0.00,68.48
07:22:13,7,13.83,0.00,12.77,0.00,0.00,4.26,0.00,0.00,0.00,69.15
07:22:13,12,16.13,0.00,12.90,0.00,0.00,4.30,0.00,0.00,0.00,66.67
07:22:13,13,15.22,0.00,11.96,0.00,0.00,4.35,0.00,0.00,0.00,68.48
07:22:13,14,12.77,0.00,13.83,0.00,0.00,4.26,0.00,0.00,0.00,69.15
07:22:13,15,12.22,0.00,12.22,0.00,0.00,3.33,0.00,0.00,0.00,72.22
07:22:14,4,14.74,0.00,14.74,0.00,0.00,4.21,0.00,0.00,0.00,66.32
07:22:14,5,15.22,0.00,10.87,0.00,0.00,4.35,0.00,0.00,0.00,69.57
07:22:14,6,13.98,0.00,12.90,0.00,0.00,3.23,0.00,0.00,0.00,69.89
07:22:14,7,12.37,0.00,12.37,0.00,0.00,4.12,0.00,0.00,0.00,71.13
07:22:14,12,14.89,0.00,12.77,0.00,0.00,5.32,0.00,0.00,0.00,67.02
07:22:14,13,13.19,0.00,14.29,0.00,0.00,5.49,0.00,0.00,0.00,67.03
07:22:14,14,16.13,0.00,11.83,0.00,0.00,4.30,0.00,0.00,0.00,67.74
07:22:14,15,12.77,0.00,10.64,0.00,0.00,4.26,0.00,0.00,0.00,72.34
07:22:15,4,14.13,0.00,13.04,1.09,0.00,4.35,0.00,0.00,0.00,67.39
07:22:15,5,15.38,0.00,12.09,0.00,0.00,4.40,0.00,0.00,0.00,68.13
07:22:15,6,15.79,0.00,11.58,0.00,0.00,6.32,0.00,0.00,0.00,66.32
07:22:15,7,15.05,0.00,10.75,0.00,0.00,5.38,0.00,0.00,0.00,68.82
07:22:15,12,13.98,0.00,13.98,0.00,0.00,5.38,0.00,0.00,0.00,66.67
07:22:15,13,19.57,0.00,14.13,0.00,0.00,4.35,0.00,0.00,0.00,61.96
07:22:15,14,15.05,0.00,12.90,0.00,0.00,5.38,0.00,0.00,0.00,66.67
07:22:15,15,13.98,0.00,12.90,0.00,0.00,5.38,0.00,0.00,0.00,67.74
07:22:16,4,15.62,0.00,12.50,0.00,0.00,5.21,0.00,0.00,0.00,66.67
07:22:16,5,15.79,0.00,11.58,0.00,0.00,4.21,0.00,0.00,0.00,68.42
07:22:16,6,13.98,0.00,13.98,0.00,0.00,4.30,0.00,0.00,0.00,67.74
07:22:16,7,12.90,0.00,10.75,0.00,0.00,4.30,0.00,0.00,0.00,72.04
07:22:16,12,13.98,0.00,10.75,0.00,0.00,5.38,0.00,0.00,0.00,69.89
07:22:16,13,17.39,0.00,10.87,0.00,0.00,5.43,0.00,0.00,0.00,66.30
07:22:16,14,13.64,0.00,11.36,0.00,0.00,3.41,0.00,0.00,0.00,71.59
07:22:16,15,15.22,0.00,10.87,0.00,0.00,4.35,0.00,0.00,0.00,69.57
07:22:17,4,13.98,0.00,12.90,0.00,0.00,4.30,0.00,0.00,0.00,68.82
07:22:17,5,13.19,0.00,13.19,0.00,0.00,3.30,0.00,0.00,0.00,70.33
07:22:17,6,14.74,0.00,12.63,0.00,0.00,5.26,0.00,0.00,0.00,67.37
07:22:17,7,14.89,0.00,12.77,0.00,0.00,4.26,0.00,0.00,0.00,68.09
07:22:17,12,13.68,0.00,13.68,0.00,0.00,4.21,0.00,0.00,0.00,68.42
07:22:17,13,13.83,0.00,13.83,0.00,0.00,4.26,0.00,0.00,0.00,68.09
07:22:17,14,13.98,0.00,11.83,0.00,0.00,3.23,0.00,0.00,0.00,70.97
07:22:17,15,14.74,0.00,11.58,0.00,0.00,5.26,0.00,0.00,0.00,68.42
07:22:18,4,14.89,0.00,14.89,0.00,0.00,4.26,0.00,0.00,0.00,65.96
07:22:18,5,15.22,0.00,11.96,0.00,0.00,3.26,0.00,0.00,0.00,69.57
07:22:18,6,15.05,0.00,11.83,0.00,0.00,3.23,0.00,0.00,0.00,69.89
07:22:18,7,12.77,0.00,11.70,0.00,0.00,5.32,0.00,0.00,0.00,70.21
07:22:18,12,11.96,0.00,13.04,0.00,0.00,5.43,0.00,0.00,0.00,69.57
07:22:18,13,14.89,0.00,11.70,0.00,0.00,5.32,0.00,0.00,0.00,68.09
07:22:18,14,15.05,0.00,10.75,0.00,0.00,5.38,0.00,0.00,0.00,68.82
07:22:18,15,13.68,0.00,11.58,0.00,0.00,4.21,0.00,0.00,0.00,70.53
07:22:19,4,15.79,0.00,12.63,0.00,0.00,4.21,0.00,0.00,0.00,67.37
07:22:19,5,13.04,0.00,13.04,0.00,0.00,4.35,0.00,0.00,0.00,69.57
07:22:19,6,14.58,0.00,13.54,0.00,0.00,3.12,0.00,0.00,0.00,68.75
07:22:19,7,10.87,0.00,11.96,0.00,0.00,4.35,0.00,0.00,0.00,72.83
07:22:19,12,15.62,0.00,13.54,0.00,0.00,4.17,0.00,0.00,0.00,66.67
07:22:19,13,14.29,0.00,12.09,0.00,0.00,4.40,0.00,0.00,0.00,69.23
07:22:19,14,16.48,0.00,8.79,0.00,0.00,2.20,0.00,0.00,0.00,72.53
07:22:19,15,12.90,0.00,10.75,0.00,0.00,5.38,0.00,0.00,0.00,70.97
07:22:20,4,17.58,0.00,14.29,0.00,0.00,5.49,0.00,0.00,0.00,62.64
07:22:20,5,16.84,0.00,12.63,0.00,0.00,5.26,0.00,0.00,0.00,65.26
07:22:20,6,16.30,0.00,10.87,0.00,0.00,4.35,0.00,0.00,0.00,68.48
07:22:20,7,11.96,0.00,10.87,0.00,0.00,4.35,0.00,0.00,0.00,72.83
07:22:20,12,15.05,0.00,11.83,0.00,0.00,5.38,0.00,0.00,0.00,67.74
07:22:20,13,14.89,0.00,12.77,0.00,0.00,5.32,0.00,0.00,0.00,67.02
07:22:20,14,16.67,0.00,16.67,0.00,0.00,4.17,0.00,0.00,0.00,62.50
07:22:20,15,10.87,0.00,13.04,0.00,0.00,5.43,0.00,0.00,0.00,70.65
07:22:21,4,14.13,0.00,15.22,0.00,0.00,3.26,0.00,0.00,0.00,67.39
07:22:21,5,17.39,0.00,11.96,0.00,0.00,6.52,0.00,0.00,0.00,64.13
07:22:21,6,14.89,0.00,12.77,0.00,0.00,5.32,0.00,0.00,0.00,67.02
07:22:21,7,13.98,0.00,10.75,0.00,0.00,4.30,0.00,0.00,0.00,70.97
07:22:21,12,16.84,0.00,11.58,0.00,0.00,4.21,0.00,0.00,0.00,67.37
07:22:21,13,16.48,0.00,12.09,0.00,0.00,4.40,0.00,0.00,0.00,67.03
07:22:21,14,14.89,0.00,12.77,0.00,0.00,4.26,0.00,0.00,0.00,68.09
07:22:21,15,13.19,0.00,8.79,0.00,0.00,4.40,0.00,0.00,0.00,73.63
07:22:22,4,15.56,0.00,8.89,0.00,0.00,4.44,0.00,0.00,0.00,71.11
07:22:22,5,13.98,0.00,11.83,0.00,0.00,5.38,0.00,0.00,0.00,68.82
07:22:22,6,15.96,0.00,11.70,0.00,0.00,4.26,0.00,0.00,0.00,68.09
07:22:22,7,12.77,0.00,12.77,0.00,0.00,4.26,0.00,0.00,0.00,70.21
07:22:22,12,14.13,0.00,11.96,0.00,0.00,4.35,0.00,0.00,0.00,69.57
07:22:22,13,15.05,0.00,11.83,0.00,0.00,4.30,0.00,0.00,0.00,68.82
07:22:22,14,13.98,0.00,12.90,0.00,0.00,4.30,0.00,0.00,0.00,68.82
07:22:22,15,12.63,0.00,11.58,0.00,0.00,5.26,0.00,0.00,0.00,70.53
07:22:23,4,14.29,0.00,13.19,0.00,0.00,4.40,0.00,0.00,0.00,68.13
07:22:23,5,15.22,0.00,15.22,0.00,0.00,4.35,0.00,0.00,0.00,65.22
07:22:23,6,14.74,0.00,13.68,0.00,0.00,5.26,0.00,0.00,0.00,66.32
07:22:23,7,13.04,0.00,10.87,0.00,0.00,4.35,0.00,0.00,0.00,71.74
07:22:23,12,15.96,0.00,11.70,0.00,0.00,4.26,0.00,0.00,0.00,68.09
07:22:23,13,15.05,0.00,11.83,0.00,0.00,5.38,0.00,0.00,0.00,67.74
07:22:23,14,14.89,0.00,12.77,0.00,0.00,5.32,0.00,0.00,0.00,67.02
07:22:23,15,13.98,0.00,11.83,0.00,0.00,4.30,0.00,0.00,0.00,69.89
07:22:24,4,14.89,0.00,12.77,0.00,0.00,3.19,0.00,0.00,0.00,69.15
07:22:24,5,15.79,0.00,15.79,0.00,0.00,4.21,0.00,0.00,0.00,64.21
07:22:24,6,16.30,0.00,11.96,0.00,0.00,4.35,0.00,0.00,0.00,67.39
07:22:24,7,12.63,0.00,12.63,0.00,0.00,6.32,0.00,0.00,0.00,68.42
07:22:24,12,17.02,0.00,10.64,0.00,0.00,4.26,0.00,0.00,0.00,68.09
07:22:24,13,14.89,0.00,11.70,0.00,0.00,5.32,0.00,0.00,0.00,68.09
07:22:24,14,13.19,0.00,13.19,0.00,0.00,3.30,0.00,0.00,0.00,70.33
07:22:24,15,13.04,0.00,10.87,0.00,0.00,4.35,0.00,0.00,0.00,71.74
07:22:25,4,17.89,0.00,13.68,0.00,0.00,4.21,0.00,0.00,0.00,64.21
07:22:25,5,14.89,0.00,13.83,0.00,0.00,4.26,0.00,0.00,0.00,67.02
07:22:25,6,15.22,0.00,11.96,0.00,0.00,6.52,0.00,0.00,0.00,66.30
07:22:25,7,15.05,0.00,11.83,0.00,0.00,3.23,0.00,0.00,0.00,69.89
07:22:25,12,18.28,0.00,13.98,0.00,0.00,4.30,0.00,0.00,0.00,63.44
07:22:25,13,15.56,0.00,12.22,0.00,0.00,3.33,0.00,0.00,0.00,68.89
07:22:25,14,15.56,0.00,12.22,0.00,0.00,3.33,0.00,0.00,0.00,68.89
07:22:25,15,12.77,0.00,12.77,0.00,0.00,6.38,0.00,0.00,0.00,68.09
07:22:26,4,15.38,0.00,12.09,0.00,0.00,4.40,0.00,0.00,0.00,68.13
07:22:26,5,14.13,0.00,11.96,0.00,0.00,6.52,0.00,0.00,0.00,67.39
07:22:26,6,14.13,0.00,10.87,0.00,0.00,4.35,0.00,0.00,0.00,70.65
07:22:26,7,11.83,0.00,9.68,0.00,0.00,4.30,0.00,0.00,0.00,74.19
07:22:26,12,14.89,0.00,12.77,0.00,0.00,5.32,0.00,0.00,0.00,67.02
07:22:26,13,15.05,0.00,12.90,0.00,0.00,6.45,0.00,0.00,0.00,65.59
07:22:26,14,15.22,0.00,13.04,0.00,0.00,3.26,0.00,0.00,0.00,68.48
07:22:26,15,11.96,0.00,11.96,0.00,0.00,3.26,0.00,0.00,0.00,72.83
07:22:27,4,13.19,0.00,13.19,0.00,0.00,5.49,0.00,0.00,0.00,68.13
07:22:27,5,15.05,0.00,13.98,0.00,0.00,4.30,0.00,0.00,0.00,66.67
07:22:27,6,14.29,0.00,12.09,0.00,0.00,5.49,0.00,0.00,0.00,68.13
07:22:27,7,12.77,0.00,12.77,0.00,0.00,5.32,0.00,0.00,0.00,69.15
07:22:27,12,15.05,0.00,11.83,0.00,0.00,4.30,0.00,0.00,0.00,68.82
07:22:27,13,15.22,0.00,13.04,0.00,0.00,4.35,0.00,0.00,0.00,67.39
07:22:27,14,16.84,0.00,10.53,0.00,0.00,4.21,0.00,0.00,0.00,68.42
07:22:27,15,10.87,0.00,9.78,0.00,0.00,5.43,0.00,0.00,0.00,73.91
07:22:28,4,16.67,0.00,7.78,0.00,0.00,4.44,0.00,0.00,0.00,71.11
07:22:28,5,14.44,0.00,11.11,0.00,0.00,3.33,0.00,0.00,0.00,71.11
07:22:28,6,13.83,0.00,12.77,0.00,0.00,4.26,0.00,0.00,0.00,69.15
07:22:28,7,15.62,0.00,12.50,0.00,0.00,3.12,0.00,0.00,0.00,68.75
07:22:28,12,15.79,0.00,12.63,0.00,0.00,4.21,0.00,0.00,0.00,67.37
07:22:28,13,13.68,0.00,12.63,0.00,0.00,5.26,0.00,0.00,0.00,68.42
07:22:28,14,15.05,0.00,11.83,0.00,0.00,4.30,0.00,0.00,0.00,68.82
07:22:28,15,15.05,0.00,10.75,0.00,0.00,4.30,0.00,0.00,0.00,69.89
07:22:29,4,13.19,0.00,12.09,0.00,0.00,3.30,0.00,0.00,0.00,71.43
07:22:29,5,15.22,0.00,9.78,0.00,0.00,5.43,0.00,0.00,0.00,69.57
07:22:29,6,14.74,0.00,12.63,0.00,0.00,4.21,0.00,0.00,0.00,68.42
07:22:29,7,13.98,0.00,10.75,0.00,0.00,5.38,0.00,0.00,0.00,69.89
07:22:29,12,15.38,0.00,13.19,0.00,0.00,4.40,0.00,0.00,0.00,67.03
07:22:29,13,14.13,0.00,13.04,0.00,0.00,4.35,0.00,0.00,0.00,68.48
07:22:29,14,15.96,0.00,12.77,0.00,0.00,3.19,0.00,0.00,0.00,68.09
07:22:29,15,13.68,0.00,13.68,0.00,0.00,4.21,0.00,0.00,0.00,68.42
07:22:30,4,15.73,0.00,10.11,0.00,0.00,4.49,0.00,0.00,0.00,69.66
07:22:30,5,11.11,0.00,12.22,0.00,0.00,5.56,0.00,0.00,0.00,71.11
07:22:30,6,16.30,0.00,13.04,0.00,0.00,3.26,0.00,0.00,0.00,67.39
07:22:30,7,15.62,0.00,11.46,0.00,0.00,5.21,0.00,0.00,0.00,67.71
07:22:30,12,15.96,0.00,12.77,0.00,0.00,5.32,0.00,0.00,0.00,65.96
07:22:30,13,13.98,0.00,12.90,0.00,0.00,6.45,0.00,0.00,0.00,66.67
07:22:30,14,16.13,0.00,11.83,0.00,0.00,5.38,0.00,0.00,0.00,66.67
07:22:30,15,14.44,0.00,10.00,0.00,0.00,4.44,0.00,0.00,0.00,71.11
07:22:31,4,15.96,0.00,10.64,0.00,0.00,5.32,0.00,0.00,0.00,68.09
07:22:31,5,15.96,0.00,11.70,0.00,0.00,5.32,0.00,0.00,0.00,67.02
07:22:31,6,13.48,0.00,11.24,0.00,0.00,3.37,0.00,0.00,0.00,71.91
07:22:31,7,10.99,0.00,10.99,0.00,0.00,3.30,0.00,0.00,0.00,74.73
07:22:31,12,13.83,0.00,11.70,0.00,0.00,5.32,0.00,0.00,0.00,69.15
07:22:31,13,15.96,0.00,12.77,0.00,0.00,5.32,0.00,0.00,0.00,65.96
07:22:31,14,13.98,0.00,15.05,0.00,0.00,4.30,0.00,0.00,0.00,66.67
07:22:31,15,13.04,0.00,11.96,0.00,0.00,4.35,0.00,0.00,0.00,70.65
07:22:32,4,14.89,0.00,11.70,0.00,0.00,5.32,0.00,0.00,0.00,68.09
07:22:32,5,14.29,0.00,13.19,0.00,0.00,5.49,0.00,0.00,0.00,67.03
07:22:32,6,13.98,0.00,11.83,0.00,0.00,5.38,0.00,0.00,0.00,68.82
07:22:32,7,13.98,0.00,11.83,0.00,0.00,4.30,0.00,0.00,0.00,69.89
07:22:32,12,15.05,0.00,12.90,0.00,0.00,5.38,0.00,0.00,0.00,66.67
07:22:32,13,13.98,0.00,13.98,0.00,0.00,5.38,0.00,0.00,0.00,66.67
07:22:32,14,17.20,0.00,10.75,0.00,0.00,4.30,0.00,0.00,0.00,67.74
07:22:32,15,15.79,0.00,12.63,0.00,0.00,3.16,0.00,0.00,0.00,68.42
07:22:33,4,17.02,0.00,12.77,0.00,0.00,5.32,0.00,0.00,0.00,64.89
07:22:33,5,15.38,0.00,13.19,0.00,0.00,4.40,0.00,0.00,0.00,67.03
07:22:33,6,16.30,0.00,14.13,0.00,0.00,3.26,0.00,0.00,0.00,66.30
07:22:33,7,13.68,0.00,11.58,0.00,0.00,3.16,0.00,0.00,0.00,71.58
07:22:33,12,13.48,0.00,13.48,0.00,0.00,4.49,0.00,0.00,0.00,68.54
07:22:33,13,13.98,0.00,15.05,0.00,0.00,4.30,0.00,0.00,0.00,66.67
07:22:33,14,13.98,0.00,12.90,0.00,0.00,5.38,0.00,0.00,0.00,67.74
07:22:33,15,15.79,0.00,8.42,0.00,0.00,4.21,0.00,0.00,0.00,71.58
07:22:34,4,14.13,0.00,11.96,0.00,0.00,4.35,0.00,0.00,0.00,69.57
07:22:34,5,14.74,0.00,14.74,0.00,0.00,5.26,0.00,0.00,0.00,65.26
07:22:34,6,12.77,0.00,12.77,0.00,0.00,5.32,0.00,0.00,0.00,69.15
07:22:34,7,13.83,0.00,10.64,0.00,0.00,3.19,0.00,0.00,0.00,72.34
07:22:34,12,13.98,0.00,13.98,0.00,0.00,4.30,0.00,0.00,0.00,67.74
07:22:34,13,17.02,0.00,11.70,0.00,0.00,5.32,0.00,0.00,0.00,65.96
07:22:34,14,13.98,0.00,13.98,0.00,0.00,4.30,0.00,0.00,0.00,67.74
07:22:34,15,13.04,0.00,11.96,0.00,0.00,3.26,0.00,0.00,0.00,71.74
07:22:35,4,13.98,0.00,17.20,0.00,0.00,4.30,0.00,0.00,0.00,64.52
07:22:35,5,15.91,0.00,12.50,0.00,0.00,2.27,0.00,0.00,0.00,69.32
07:22:35,6,15.62,0.00,14.58,0.00,0.00,4.17,0.00,0.00,0.00,65.62
07:22:35,7,15.05,0.00,13.98,0.00,0.00,3.23,0.00,0.00,0.00,67.74
07:22:35,12,15.62,0.00,13.54,1.04,0.00,4.17,0.00,0.00,0.00,65.62
07:22:35,13,18.09,0.00,13.83,0.00,0.00,4.26,0.00,0.00,0.00,63.83
07:22:35,14,15.62,0.00,13.54,0.00,0.00,5.21,0.00,0.00,0.00,65.62
07:22:35,15,15.96,0.00,12.77,0.00,0.00,5.32,0.00,0.00,0.00,65.96
07:22:36,4,16.13,0.00,11.83,0.00,0.00,6.45,0.00,0.00,0.00,65.59
07:22:36,5,13.98,0.00,11.83,0.00,0.00,6.45,0.00,0.00,0.00,67.74
07:22:36,6,13.33,0.00,12.22,0.00,0.00,4.44,0.00,0.00,0.00,70.00
07:22:36,7,14.74,0.00,12.63,0.00,0.00,3.16,0.00,0.00,0.00,69.47
07:22:36,12,14.13,0.00,11.96,0.00,0.00,4.35,0.00,0.00,0.00,69.57
07:22:36,13,11.96,0.00,13.04,0.00,0.00,5.43,0.00,0.00,0.00,69.57
07:22:36,14,13.83,0.00,11.70,0.00,0.00,5.32,0.00,0.00,0.00,69.15
07:22:36,15,12.63,0.00,12.63,0.00,0.00,4.21,0.00,0.00,0.00,70.53
07:22:37,4,13.98,0.00,12.90,0.00,0.00,5.38,0.00,0.00,0.00,67.74
07:22:37,5,12.90,0.00,13.98,0.00,0.00,5.38,0.00,0.00,0.00,67.74
07:22:37,6,13.83,0.00,12.77,0.00,0.00,5.32,0.00,0.00,0.00,68.09
07:22:37,7,13.98,0.00,11.83,0.00,0.00,5.38,0.00,0.00,0.00,68.82
07:22:37,12,13.68,0.00,13.68,0.00,0.00,5.26,0.00,0.00,0.00,67.37
07:22:37,13,15.38,0.00,13.19,0.00,0.00,3.30,0.00,0.00,0.00,68.13
07:22:37,14,12.09,0.00,13.19,0.00,0.00,4.40,0.00,0.00,0.00,70.33
07:22:37,15,13.19,0.00,10.99,0.00,0.00,5.49,0.00,0.00,0.00,70.33
07:22:38,4,14.29,0.00,9.89,0.00,0.00,5.49,0.00,0.00,0.00,70.33
07:22:38,5,13.48,0.00,13.48,0.00,0.00,5.62,0.00,0.00,0.00,67.42
07:22:38,6,13.98,0.00,11.83,0.00,0.00,5.38,0.00,0.00,0.00,68.82
07:22:38,7,14.74,0.00,12.63,0.00,0.00,3.16,0.00,0.00,0.00,69.47
07:22:38,12,13.04,0.00,11.96,0.00,0.00,5.43,0.00,0.00,0.00,69.57
07:22:38,13,14.13,0.00,15.22,0.00,0.00,6.52,0.00,0.00,0.00,64.13
07:22:38,14,14.13,0.00,13.04,0.00,0.00,5.43,0.00,0.00,0.00,67.39
07:22:38,15,13.83,0.00,11.70,0.00,0.00,5.32,0.00,0.00,0.00,69.15
07:22:39,4,13.98,0.00,11.83,0.00,0.00,4.30,0.00,0.00,0.00,69.89
07:22:39,5,13.83,0.00,13.83,0.00,0.00,5.32,0.00,0.00,0.00,67.02
07:22:39,6,13.83,0.00,11.70,0.00,0.00,5.32,0.00,0.00,0.00,69.15
07:22:39,7,10.75,0.00,11.83,0.00,0.00,5.38,0.00,0.00,0.00,72.04
07:22:39,12,13.83,0.00,11.70,0.00,0.00,4.26,0.00,0.00,0.00,70.21
07:22:39,13,14.13,0.00,10.87,0.00,0.00,4.35,0.00,0.00,0.00,70.65
07:22:39,14,12.90,0.00,12.90,0.00,0.00,4.30,0.00,0.00,0.00,69.89
07:22:39,15,13.68,0.00,10.53,0.00,0.00,5.26,0.00,0.00,0.00,70.53
07:22:40,4,16.84,0.00,11.58,0.00,0.00,5.26,0.00,0.00,0.00,66.32
07:22:40,5,16.13,0.00,11.83,0.00,0.00,4.30,0.00,0.00,0.00,67.74
07:22:40,6,14.13,0.00,13.04,0.00,0.00,4.35,0.00,0.00,0.00,68.48
07:22:40,7,15.38,0.00,12.09,0.00,0.00,3.30,0.00,0.00,0.00,69.23
07:22:40,12,16.84,0.00,14.74,0.00,0.00,5.26,0.00,0.00,0.00,63.16
07:22:40,13,15.38,0.00,10.99,0.00,0.00,4.40,0.00,0.00,0.00,69.23
07:22:40,14,13.98,0.00,11.83,0.00,0.00,5.38,0.00,0.00,0.00,68.82
07:22:40,15,15.79,0.00,13.68,0.00,0.00,4.21,0.00,0.00,0.00,66.32
07:22:41,4,15.79,0.00,12.63,0.00,0.00,4.21,0.00,0.00,0.00,67.37
07:22:41,5,13.83,0.00,13.83,0.00,0.00,4.26,0.00,0.00,0.00,68.09
07:22:41,6,15.38,0.00,10.99,0.00,0.00,5.49,0.00,0.00,0.00,68.13
07:22:41,7,14.74,0.00,11.58,0.00,0.00,5.26,0.00,0.00,0.00,68.42
07:22:41,12,15.38,0.00,13.19,0.00,0.00,4.40,0.00,0.00,0.00,67.03
07:22:41,13,13.04,0.00,13.04,0.00,0.00,5.43,0.00,0.00,0.00,68.48
07:22:41,14,15.05,0.00,12.90,0.00,0.00,5.38,0.00,0.00,0.00,66.67
07:22:41,15,14.13,0.00,10.87,0.00,0.00,4.35,0.00,0.00,0.00,70.65
07:22:42,4,14.13,0.00,11.96,0.00,0.00,4.35,0.00,0.00,0.00,69.57
07:22:42,5,14.44,0.00,11.11,0.00,0.00,3.33,0.00,0.00,0.00,71.11
07:22:42,6,12.22,0.00,11.11,0.00,0.00,4.44,0.00,0.00,0.00,72.22
07:22:42,7,13.98,0.00,11.83,0.00,0.00,4.30,0.00,0.00,0.00,69.89
07:22:42,12,12.77,0.00,13.83,0.00,0.00,5.32,0.00,0.00,0.00,68.09
07:22:42,13,14.29,0.00,12.09,0.00,0.00,3.30,0.00,0.00,0.00,70.33
07:22:42,14,13.98,0.00,11.83,0.00,0.00,5.38,0.00,0.00,0.00,68.82
07:22:42,15,12.63,0.00,13.68,0.00,0.00,5.26,0.00,0.00,0.00,68.42
07:22:43,4,14.13,0.00,14.13,0.00,0.00,5.43,0.00,0.00,0.00,66.30
07:22:43,5,16.13,0.00,13.98,0.00,0.00,5.38,0.00,0.00,0.00,64.52
07:22:43,6,14.58,0.00,13.54,0.00,0.00,5.21,0.00,0.00,0.00,66.67
07:22:43,7,13.98,0.00,10.75,0.00,0.00,3.23,0.00,0.00,0.00,72.04
07:22:43,12,17.89,0.00,11.58,0.00,0.00,5.26,0.00,0.00,0.00,65.26
07:22:43,13,17.02,0.00,12.77,0.00,0.00,6.38,0.00,0.00,0.00,63.83
07:22:43,14,13.04,0.00,13.04,0.00,0.00,4.35,0.00,0.00,0.00,69.57
07:22:43,15,11.70,0.00,12.77,0.00,0.00,5.32,0.00,0.00,0.00,70.21
07:22:44,4,13.98,0.00,11.83,0.00,0.00,4.30,0.00,0.00,0.00,69.89
07:22:44,5,14.89,0.00,13.83,0.00,0.00,5.32,0.00,0.00,0.00,65.96
07:22:44,6,13.98,0.00,11.83,0.00,0.00,4.30,0.00,0.00,0.00,69.89
07:22:44,7,13.04,0.00,10.87,0.00,0.00,4.35,0.00,0.00,0.00,71.74
07:22:44,12,13.68,0.00,12.63,0.00,0.00,5.26,0.00,0.00,0.00,68.42
07:22:44,13,12.90,0.00,12.90,0.00,0.00,5.38,0.00,0.00,0.00,68.82
07:22:44,14,14.74,0.00,12.63,0.00,0.00,4.21,0.00,0.00,0.00,68.42
07:22:44,15,13.83,0.00,11.70,0.00,0.00,4.26,0.00,0.00,0.00,70.21
07:22:45,4,13.98,0.00,13.98,0.00,0.00,6.45,0.00,0.00,0.00,65.59
07:22:45,5,14.29,0.00,13.19,0.00,0.00,3.30,0.00,0.00,0.00,69.23
07:22:45,6,14.89,0.00,12.77,0.00,0.00,5.32,0.00,0.00,0.00,67.02
07:22:45,7,15.05,0.00,11.83,0.00,0.00,3.23,0.00,0.00,0.00,69.89
07:22:45,12,13.19,0.00,13.19,0.00,0.00,5.49,0.00,0.00,0.00,68.13
07:22:45,13,14.89,0.00,14.89,1.06,0.00,4.26,0.00,0.00,0.00,64.89
07:22:45,14,12.90,0.00,12.90,0.00,0.00,5.38,0.00,0.00,0.00,68.82
07:22:45,15,13.19,0.00,10.99,0.00,0.00,4.40,0.00,0.00,0.00,71.43
07:22:46,4,15.96,0.00,12.77,0.00,0.00,5.32,0.00,0.00,0.00,65.96
07:22:46,5,13.68,0.00,13.68,0.00,0.00,6.32,0.00,0.00,0.00,66.32
07:22:46,6,16.13,0.00,11.83,0.00,0.00,4.30,0.00,0.00,0.00,67.74
07:22:46,7,15.05,0.00,9.68,0.00,0.00,5.38,0.00,0.00,0.00,69.89
07:22:46,12,15.05,0.00,13.98,0.00,0.00,3.23,0.00,0.00,0.00,67.74
07:22:46,13,20.21,0.00,13.83,0.00,0.00,4.26,0.00,0.00,0.00,61.70
07:22:46,14,16.48,0.00,9.89,0.00,0.00,5.49,0.00,0.00,0.00,68.13
07:22:46,15,15.79,0.00,12.63,0.00,0.00,5.26,0.00,0.00,0.00,66.32
07:22:47,4,13.98,0.00,13.98,0.00,0.00,4.30,0.00,0.00,0.00,67.74
07:22:47,5,13.19,0.00,12.09,0.00,0.00,4.40,0.00,0.00,0.00,70.33
07:22:47,6,11.83,0.00,13.98,0.00,0.00,5.38,0.00,0.00,0.00,68.82
07:22:47,7,11.11,0.00,12.22,0.00,0.00,4.44,0.00,0.00,0.00,72.22
07:22:47,12,13.04,0.00,11.96,0.00,0.00,5.43,0.00,0.00,0.00,69.57
07:22:47,13,14.74,0.00,14.74,0.00,0.00,4.21,0.00,0.00,0.00,66.32
07:22:47,14,15.62,0.00,12.50,0.00,0.00,5.21,0.00,0.00,0.00,66.67
07:22:47,15,14.13,0.00,10.87,0.00,0.00,4.35,0.00,0.00,0.00,70.65
07:22:48,4,14.58,0.00,12.50,0.00,0.00,5.21,0.00,0.00,0.00,67.71
07:22:48,5,15.05,0.00,13.98,0.00,0.00,5.38,0.00,0.00,0.00,65.59
07:22:48,6,13.98,0.00,11.83,0.00,0.00,5.38,0.00,0.00,0.00,68.82
07:22:48,7,14.43,0.00,12.37,0.00,0.00,5.15,0.00,0.00,0.00,68.04
07:22:48,12,13.83,0.00,14.89,0.00,0.00,5.32,0.00,0.00,0.00,65.96
07:22:48,13,14.13,0.00,10.87,0.00,0.00,5.43,0.00,0.00,0.00,69.57
07:22:48,14,16.49,0.00,11.34,0.00,0.00,5.15,0.00,0.00,0.00,67.01
07:22:48,15,14.89,0.00,9.57,0.00,0.00,4.26,0.00,0.00,0.00,71.28
07:22:49,4,14.29,0.00,10.99,0.00,0.00,4.40,0.00,0.00,0.00,70.33
07:22:49,5,15.79,0.00,12.63,0.00,0.00,4.21,0.00,0.00,0.00,67.37
07:22:49,6,16.67,0.00,12.50,0.00,0.00,4.17,0.00,0.00,0.00,66.67
07:22:49,7,13.19,0.00,10.99,0.00,0.00,4.40,0.00,0.00,0.00,71.43
07:22:49,12,14.89,0.00,13.83,0.00,0.00,5.32,0.00,0.00,0.00,65.96
07:22:49,13,12.90,0.00,13.98,0.00,0.00,5.38,0.00,0.00,0.00,67.74
07:22:49,14,13.98,0.00,12.90,0.00,0.00,4.30,0.00,0.00,0.00,68.82
07:22:49,15,14.89,0.00,11.70,0.00,0.00,4.26,0.00,0.00,0.00,69.15
07:22:50,4,14.74,0.00,12.63,0.00,0.00,5.26,0.00,0.00,0.00,67.37
07:22:50,5,14.58,0.00,13.54,0.00,0.00,5.21,0.00,0.00,0.00,66.67
07:22:50,6,11.83,0.00,13.98,0.00,0.00,4.30,0.00,0.00,0.00,69.89
07:22:50,7,13.04,0.00,11.96,0.00,0.00,4.35,0.00,0.00,0.00,70.65
07:22:50,12,12.77,0.00,17.02,0.00,0.00,3.19,0.00,0.00,0.00,67.02
07:22:50,13,17.02,0.00,13.83,0.00,0.00,4.26,0.00,0.00,0.00,64.89
07:22:50,14,16.13,0.00,11.83,0.00,0.00,4.30,0.00,0.00,0.00,67.74
07:22:50,15,14.13,0.00,10.87,0.00,0.00,3.26,0.00,0.00,0.00,71.74
07:22:51,4,14.74,0.00,16.84,0.00,0.00,5.26,0.00,0.00,0.00,63.16
07:22:51,5,17.98,0.00,13.48,0.00,0.00,4.49,0.00,0.00,0.00,64.04
07:22:51,6,13.83,0.00,14.89,0.00,0.00,5.32,0.00,0.00,0.00,65.96
07:22:51,7,14.89,0.00,12.77,0.00,0.00,4.26,0.00,0.00,0.00,68.09
07:22:51,12,15.79,0.00,12.63,0.00,0.00,6.32,0.00,0.00,0.00,65.26
07:22:51,13,14.58,0.00,14.58,0.00,0.00,6.25,0.00,0.00,0.00,64.58
07:22:51,14,17.39,0.00,11.96,0.00,0.00,4.35,0.00,0.00,0.00,66.30
07:22:51,15,16.13,0.00,9.68,0.00,0.00,4.30,0.00,0.00,0.00,69.89
07:22:52,4,14.74,0.00,12.63,0.00,0.00,5.26,0.00,0.00,0.00,67.37
07:22:52,5,16.84,0.00,11.58,0.00,0.00,5.26,0.00,0.00,0.00,66.32
07:22:52,6,13.04,0.00,13.04,0.00,0.00,4.35,0.00,0.00,0.00,69.57
07:22:52,7,12.90,0.00,11.83,0.00,0.00,5.38,0.00,0.00,0.00,69.89
07:22:52,12,14.74,0.00,12.63,0.00,0.00,4.21,0.00,0.00,0.00,68.42
07:22:52,13,14.89,0.00,11.70,0.00,0.00,4.26,0.00,0.00,0.00,69.15
07:22:52,14,14.13,0.00,11.96,0.00,0.00,4.35,0.00,0.00,0.00,69.57
07:22:52,15,12.90,0.00,11.83,0.00,0.00,5.38,0.00,0.00,0.00,69.89
07:22:53,4,13.04,0.00,13.04,0.00,0.00,4.35,0.00,0.00,0.00,69.57
07:22:53,5,16.30,0.00,10.87,0.00,0.00,4.35,0.00,0.00,0.00,68.48
07:22:53,6,14.13,0.00,13.04,0.00,0.00,5.43,0.00,0.00,0.00,67.39
07:22:53,7,14.89,0.00,12.77,0.00,0.00,3.19,0.00,0.00,0.00,69.15
07:22:53,12,14.29,0.00,12.09,0.00,0.00,4.40,0.00,0.00,0.00,69.23
07:22:53,13,14.44,0.00,11.11,0.00,0.00,4.44,0.00,0.00,0.00,70.00
07:22:53,14,12.90,0.00,12.90,0.00,0.00,5.38,0.00,0.00,0.00,68.82
07:22:53,15,15.05,0.00,10.75,0.00,0.00,4.30,0.00,0.00,0.00,69.89
07:22:54,4,13.98,0.00,12.90,0.00,0.00,4.30,0.00,0.00,0.00,68.82
07:22:54,5,14.89,0.00,12.77,0.00,0.00,4.26,0.00,0.00,0.00,68.09
07:22:54,6,12.36,0.00,12.36,0.00,0.00,2.25,0.00,0.00,0.00,73.03
07:22:54,7,14.29,0.00,9.89,0.00,0.00,5.49,0.00,0.00,0.00,70.33
07:22:54,12,14.13,0.00,11.96,0.00,0.00,4.35,0.00,0.00,0.00,69.57
07:22:54,13,15.05,0.00,11.83,0.00,0.00,4.30,0.00,0.00,0.00,68.82
07:22:54,14,15.79,0.00,14.74,0.00,0.00,3.16,0.00,0.00,0.00,66.32
07:22:54,15,14.89,0.00,11.70,0.00,0.00,5.32,0.00,0.00,0.00,68.09
07:22:55,4,14.13,0.00,15.22,0.00,0.00,4.35,0.00,0.00,0.00,66.30
07:22:55,5,15.05,0.00,11.83,1.08,0.00,5.38,0.00,0.00,0.00,66.67
07:22:55,6,16.13,0.00,10.75,0.00,0.00,4.30,0.00,0.00,0.00,68.82
07:22:55,7,11.83,0.00,11.83,0.00,0.00,4.30,0.00,0.00,0.00,72.04
07:22:55,12,15.05,0.00,12.90,0.00,0.00,4.30,0.00,0.00,0.00,67.74
07:22:55,13,13.83,0.00,12.77,0.00,0.00,6.38,0.00,0.00,0.00,67.02
07:22:55,14,13.83,0.00,12.77,0.00,0.00,5.32,0.00,0.00,0.00,68.09
07:22:55,15,13.83,0.00,10.64,0.00,0.00,4.26,0.00,0.00,0.00,71.28
07:22:56,4,15.22,0.00,13.04,0.00,0.00,4.35,0.00,0.00,0.00,67.39
07:22:56,5,13.98,0.00,12.90,0.00,0.00,4.30,0.00,0.00,0.00,68.82
07:22:56,6,16.30,0.00,10.87,0.00,0.00,4.35,0.00,0.00,0.00,68.48
07:22:56,7,14.89,0.00,12.77,0.00,0.00,4.26,0.00,0.00,0.00,68.09
07:22:56,12,16.67,0.00,12.50,0.00,0.00,5.21,0.00,0.00,0.00,65.62
07:22:56,13,18.09,0.00,11.70,0.00,0.00,5.32,0.00,0.00,0.00,64.89
07:22:56,14,16.30,0.00,11.96,0.00,0.00,5.43,0.00,0.00,0.00,66.30
07:22:56,15,15.79,0.00,13.68,0.00,0.00,4.21,0.00,0.00,0.00,66.32
07:22:57,4,12.77,0.00,14.89,0.00,0.00,4.26,0.00,0.00,0.00,68.09
07:22:57,5,14.61,0.00,13.48,0.00,0.00,4.49,0.00,0.00,0.00,67.42
07:22:57,6,12.90,0.00,11.83,0.00,0.00,5.38,0.00,0.00,0.00,69.89
07:22:57,7,13.98,0.00,10.75,0.00,0.00,4.30,0.00,0.00,0.00,70.97
07:22:57,12,10.99,0.00,16.48,0.00,0.00,6.59,0.00,0.00,0.00,65.93
07:22:57,13,15.22,0.00,13.04,0.00,0.00,5.43,0.00,0.00,0.00,66.30
07:22:57,14,12.90,0.00,13.98,0.00,0.00,5.38,0.00,0.00,0.00,67.74
07:22:57,15,13.83,0.00,10.64,0.00,0.00,5.32,0.00,0.00,0.00,70.21
07:22:58,4,14.29,0.00,12.09,0.00,0.00,5.49,0.00,0.00,0.00,68.13
07:22:58,5,15.79,0.00,12.63,0.00,0.00,6.32,0.00,0.00,0.00,65.26
07:22:58,6,14.89,0.00,11.70,0.00,0.00,6.38,0.00,0.00,0.00,67.02
07:22:58,7,14.74,0.00,12.63,0.00,0.00,4.21,0.00,0.00,0.00,68.42
07:22:58,12,12.09,0.00,12.09,0.00,0.00,4.40,0.00,0.00,0.00,71.43
07:22:58,13,14.89,0.00,12.77,0.00,0.00,4.26,0.00,0.00,0.00,68.09
07:22:58,14,12.90,0.00,12.90,0.00,0.00,4.30,0.00,0.00,0.00,69.89
07:22:58,15,13.98,0.00,11.83,0.00,0.00,4.30,0.00,0.00,0.00,69.89
07:22:59,4,14.89,0.00,12.77,0.00,0.00,4.26,0.00,0.00,0.00,68.09
07:22:59,5,15.79,0.00,13.68,0.00,0.00,4.21,0.00,0.00,0.00,66.32
07:22:59,6,15.96,0.00,12.77,0.00,0.00,4.26,0.00,0.00,0.00,67.02
07:22:59,7,11.96,0.00,9.78,0.00,0.00,5.43,0.00,0.00,0.00,72.83
07:22:59,12,15.79,0.00,15.79,0.00,0.00,4.21,0.00,0.00,0.00,64.21
07:22:59,13,18.09,0.00,12.77,0.00,0.00,5.32,0.00,0.00,0.00,63.83
07:22:59,14,16.84,0.00,12.63,0.00,0.00,4.21,0.00,0.00,0.00,66.32
07:22:59,15,14.89,0.00,11.70,0.00,0.00,4.26,0.00,0.00,0.00,69.15
07:23:00,4,13.04,0.00,13.04,0.00,0.00,4.35,0.00,0.00,0.00,69.57
07:23:00,5,15.38,0.00,10.99,0.00,0.00,3.30,0.00,0.00,0.00,70.33
07:23:00,6,13.98,0.00,10.75,0.00,0.00,6.45,0.00,0.00,0.00,68.82
07:23:00,7,12.90,0.00,11.83,0.00,0.00,3.23,0.00,0.00,0.00,72.04
07:23:00,12,12.77,0.00,13.83,0.00,0.00,5.32,0.00,0.00,0.00,68.09
07:23:00,13,13.27,0.00,15.31,0.00,0.00,5.10,0.00,0.00,0.00,66.33
07:23:00,14,15.56,0.00,10.00,0.00,0.00,5.56,0.00,0.00,0.00,68.89
07:23:00,15,12.90,0.00,11.83,0.00,0.00,4.30,0.00,0.00,0.00,70.97
07:23:01,4,14.44,0.00,13.33,0.00,0.00,3.33,0.00,0.00,0.00,68.89
07:23:01,5,18.68,0.00,14.29,0.00,0.00,3.30,0.00,0.00,0.00,63.74
07:23:01,6,15.46,0.00,14.43,0.00,0.00,5.15,0.00,0.00,0.00,64.95
07:23:01,7,12.77,0.00,12.77,0.00,0.00,3.19,0.00,0.00,0.00,71.28
07:23:01,12,20.83,0.00,14.58,0.00,0.00,5.21,0.00,0.00,0.00,59.38
07:23:01,13,15.96,0.00,12.77,0.00,0.00,5.32,0.00,0.00,0.00,65.96
07:23:01,14,15.38,0.00,13.19,0.00,0.00,5.49,0.00,0.00,0.00,65.93
07:23:01,15,12.90,0.00,13.98,0.00,0.00,3.23,0.00,0.00,0.00,69.89
07:23:02,4,13.98,0.00,10.75,0.00,0.00,5.38,0.00,0.00,0.00,69.89
07:23:02,5,15.05,0.00,11.83,0.00,0.00,4.30,0.00,0.00,0.00,68.82
07:23:02,6,14.89,0.00,12.77,0.00,0.00,5.32,0.00,0.00,0.00,67.02
07:23:02,7,14.74,0.00,11.58,0.00,0.00,3.16,0.00,0.00,0.00,70.53
07:23:02,12,15.05,0.00,11.83,0.00,0.00,5.38,0.00,0.00,0.00,67.74
07:23:02,13,16.30,0.00,13.04,0.00,0.00,4.35,0.00,0.00,0.00,66.30
07:23:02,14,15.62,0.00,13.54,0.00,0.00,5.21,0.00,0.00,0.00,65.62
07:23:02,15,14.74,0.00,11.58,0.00,0.00,4.21,0.00,0.00,0.00,69.47
07:23:03,4,15.22,0.00,13.04,0.00,0.00,3.26,0.00,0.00,0.00,68.48
07:23:03,5,15.46,0.00,12.37,0.00,0.00,5.15,0.00,0.00,0.00,67.01
07:23:03,6,17.02,0.00,11.70,0.00,0.00,4.26,0.00,0.00,0.00,67.02
07:23:03,7,14.74,0.00,10.53,0.00,0.00,5.26,0.00,0.00,0.00,69.47
07:23:03,12,14.13,0.00,11.96,0.00,0.00,4.35,0.00,0.00,0.00,69.57
07:23:03,13,12.09,0.00,12.09,0.00,0.00,5.49,0.00,0.00,0.00,70.33
07:23:03,14,12.09,0.00,12.09,0.00,0.00,4.40,0.00,0.00,0.00,71.43
07:23:03,15,13.98,0.00,10.75,0.00,0.00,4.30,0.00,0.00,0.00,70.97
07:23:04,4,12.36,0.00,11.24,0.00,0.00,4.49,0.00,0.00,0.00,71.91
07:23:04,5,15.05,0.00,11.83,0.00,0.00,4.30,0.00,0.00,0.00,68.82
07:23:04,6,14.74,0.00,13.68,0.00,0.00,5.26,0.00,0.00,0.00,66.32
07:23:04,7,10.87,0.00,11.96,0.00,0.00,4.35,0.00,0.00,0.00,72.83
07:23:04,12,16.30,0.00,15.22,0.00,0.00,3.26,0.00,0.00,0.00,65.22
07:23:04,13,14.29,0.00,12.09,0.00,0.00,4.40,0.00,0.00,0.00,69.23
07:23:04,14,14.13,0.00,11.96,0.00,0.00,4.35,0.00,0.00,0.00,69.57
07:23:04,15,13.68,0.00,11.58,0.00,0.00,5.26,0.00,0.00,0.00,69.47
07:23:05,4,13.98,0.00,12.90,1.08,0.00,5.38,0.00,0.00,0.00,66.67
07:23:05,5,15.96,0.00,12.77,0.00,0.00,4.26,0.00,0.00,0.00,67.02
07:23:05,6,15.38,0.00,12.09,0.00,0.00,4.40,0.00,0.00,0.00,68.13
07:23:05,7,14.29,0.00,10.99,0.00,0.00,3.30,0.00,0.00,0.00,71.43
07:23:05,12,13.68,0.00,14.74,0.00,0.00,6.32,0.00,0.00,0.00,65.26
07:23:05,13,14.44,0.00,11.11,0.00,0.00,4.44,0.00,0.00,0.00,70.00
07:23:05,14,13.68,0.00,14.74,0.00,0.00,4.21,0.00,0.00,0.00,67.37
07:23:05,15,11.83,0.00,11.83,0.00,0.00,4.30,0.00,0.00,0.00,72.04
07:23:06,4,17.39,0.00,11.96,0.00,0.00,3.26,0.00,0.00,0.00,67.39
07:23:06,5,16.30,0.00,14.13,0.00,0.00,5.43,0.00,0.00,0.00,64.13
07:23:06,6,13.48,0.00,12.36,0.00,0.00,3.37,0.00,0.00,0.00,70.79
07:23:06,7,14.89,0.00,11.70,0.00,0.00,4.26,0.00,0.00,0.00,69.15
07:23:06,12,20.21,0.00,12.77,0.00,0.00,5.32,0.00,0.00,0.00,61.70
07:23:06,13,16.67,0.00,12.50,0.00,0.00,5.21,0.00,0.00,0.00,65.62
07:23:06,14,16.48,0.00,10.99,0.00,0.00,3.30,0.00,0.00,0.00,69.23
07:23:06,15,17.58,0.00,10.99,0.00,0.00,2.20,0.00,0.00,0.00,69.23
07:23:07,4,13.83,0.00,12.77,0.00,0.00,5.32,0.00,0.00,0.00,68.09
07:23:07,5,16.13,0.00,12.90,0.00,0.00,4.30,0.00,0.00,0.00,66.67
07:23:07,6,13.33,0.00,13.33,0.00,0.00,4.44,0.00,0.00,0.00,68.89
07:23:07,7,15.62,0.00,11.46,0.00,0.00,3.12,0.00,0.00,0.00,69.79
07:23:07,12,13.19,0.00,12.09,0.00,0.00,5.49,0.00,0.00,0.00,69.23
07:23:07,13,16.48,0.00,10.99,0.00,0.00,4.40,0.00,0.00,0.00,68.13
07:23:07,14,14.44,0.00,11.11,0.00,0.00,4.44,0.00,0.00,0.00,70.00
07:23:07,15,12.90,0.00,10.75,0.00,0.00,5.38,0.00,0.00,0.00,70.97
07:23:08,4,14.61,0.00,11.24,0.00,0.00,4.49,0.00,0.00,0.00,69.66
07:23:08,5,15.22,0.00,13.04,0.00,0.00,5.43,0.00,0.00,0.00,66.30
07:23:08,6,13.98,0.00,11.83,0.00,0.00,4.30,0.00,0.00,0.00,69.89
07:23:08,7,13.83,0.00,10.64,0.00,0.00,3.19,0.00,0.00,0.00,72.34
07:23:08,12,17.02,0.00,12.77,0.00,0.00,4.26,0.00,0.00,0.00,65.96
07:23:08,13,15.56,0.00,14.44,0.00,0.00,4.44,0.00,0.00,0.00,65.56
07:23:08,14,15.05,0.00,11.83,0.00,0.00,5.38,0.00,0.00,0.00,67.74
07:23:08,15,12.09,0.00,12.09,0.00,0.00,3.30,0.00,0.00,0.00,72.53
07:23:09,4,15.05,0.00,13.98,0.00,0.00,5.38,0.00,0.00,0.00,65.59
07:23:09,5,13.98,0.00,11.83,0.00,0.00,5.38,0.00,0.00,0.00,68.82
07:23:09,6,15.22,0.00,11.96,0.00,0.00,5.43,0.00,0.00,0.00,67.39
07:23:09,7,13.98,0.00,12.90,0.00,0.00,4.30,0.00,0.00,0.00,68.82
07:23:09,12,12.90,0.00,12.90,0.00,0.00,6.45,0.00,0.00,0.00,67.74
07:23:09,13,14.13,0.00,13.04,0.00,0.00,4.35,0.00,0.00,0.00,68.48
07:23:09,14,15.79,0.00,11.58,0.00,0.00,5.26,0.00,0.00,0.00,67.37
07:23:09,15,14.74,0.00,11.58,0.00,0.00,4.21,0.00,0.00,0.00,69.47
07:23:10,4,15.96,0.00,13.83,0.00,0.00,4.26,0.00,0.00,0.00,65.96
07:23:10,5,13.98,0.00,13.98,0.00,0.00,4.30,0.00,0.00,0.00,67.74
07:23:10,6,14.13,0.00,11.96,0.00,0.00,4.35,0.00,0.00,0.00,69.57
07:23:10,7,11.83,0.00,10.75,0.00,0.00,4.30,0.00,0.00,0.00,73.12
07:23:10,12,15.96,0.00,13.83,0.00,0.00,4.26,0.00,0.00,0.00,65.96
07:23:10,13,16.84,0.00,11.58,0.00,0.00,5.26,0.00,0.00,0.00,66.32
07:23:10,14,14.13,0.00,10.87,0.00,0.00,6.52,0.00,0.00,0.00,68.48
07:23:10,15,13.68,0.00,11.58,1.05,0.00,4.21,0.00,0.00,0.00,69.47
07:23:11,4,16.67,0.00,13.54,0.00,0.00,5.21,0.00,0.00,0.00,64.58
07:23:11,5,14.13,0.00,13.04,0.00,0.00,4.35,0.00,0.00,0.00,68.48
07:23:11,6,14.13,0.00,13.04,0.00,0.00,5.43,0.00,0.00,0.00,67.39
07:23:11,7,14.89,0.00,11.70,0.00,0.00,5.32,0.00,0.00,0.00,68.09
07:23:11,12,19.59,0.00,15.46,0.00,0.00,4.12,0.00,0.00,0.00,60.82
07:23:11,13,12.90,0.00,15.05,0.00,0.00,4.30,0.00,0.00,0.00,67.74
07:23:11,14,15.38,0.00,12.09,0.00,0.00,5.49,0.00,0.00,0.00,67.03
07:23:11,15,15.79,0.00,11.58,0.00,0.00,5.26,0.00,0.00,0.00,67.37
07:23:12,4,15.56,0.00,12.22,0.00,0.00,4.44,0.00,0.00,0.00,67.78
07:23:12,5,15.96,0.00,13.83,0.00,0.00,4.26,0.00,0.00,0.00,65.96
07:23:12,6,14.13,0.00,13.04,0.00,0.00,3.26,0.00,0.00,0.00,69.57
07:23:12,7,13.19,0.00,10.99,0.00,0.00,2.20,0.00,0.00,0.00,73.63
07:23:12,12,15.96,0.00,13.83,0.00,0.00,5.32,0.00,0.00,0.00,64.89
07:23:12,13,15.22,0.00,11.96,0.00,0.00,5.43,0.00,0.00,0.00,67.39
07:23:12,14,13.83,0.00,13.83,0.00,0.00,4.26,0.00,0.00,0.00,68.09
07:23:12,15,13.19,0.00,10.99,0.00,0.00,3.30,0.00,0.00,0.00,72.53
07:23:13,4,15.05,0.00,11.83,0.00,0.00,5.38,0.00,0.00,0.00,67.74
07:23:13,5,15.22,0.00,11.96,0.00,0.00,4.35,0.00,0.00,0.00,68.48
07:23:13,6,15.22,0.00,10.87,0.00,0.00,4.35,0.00,0.00,0.00,69.57
07:23:13,7,14.89,0.00,11.70,0.00,0.00,4.26,0.00,0.00,0.00,69.15
07:23:13,12,14.89,0.00,15.96,0.00,0.00,5.32,0.00,0.00,0.00,63.83
07:23:13,13,15.96,0.00,11.70,0.00,0.00,5.32,0.00,0.00,0.00,67.02
07:23:13,14,15.22,0.00,11.96,0.00,0.00,4.35,0.00,0.00,0.00,68.48
07:23:13,15,13.83,0.00,12.77,0.00,0.00,5.32,0.00,0.00,0.00,68.09
07:23:14,4,12.90,0.00,12.90,0.00,0.00,5.38,0.00,0.00,0.00,68.82
07:23:14,5,13.68,0.00,12.63,0.00,0.00,6.32,0.00,0.00,0.00,67.37
07:23:14,6,15.05,0.00,13.98,0.00,0.00,5.38,0.00,0.00,0.00,65.59
07:23:14,7,11.58,0.00,12.63,0.00,0.00,5.26,0.00,0.00,0.00,70.53
07:23:14,12,13.19,0.00,12.09,0.00,0.00,5.49,0.00,0.00,0.00,69.23
07:23:14,13,14.13,0.00,11.96,0.00,0.00,4.35,0.00,0.00,0.00,69.57
07:23:14,14,16.30,0.00,13.04,0.00,0.00,4.35,0.00,0.00,0.00,66.30
07:23:14,15,15.05,0.00,9.68,0.00,0.00,4.30,0.00,0.00,0.00,70.97
07:23:15,4,14.29,0.00,12.09,0.00,0.00,3.30,0.00,0.00,0.00,70.33
07:23:15,5,15.22,0.00,13.04,0.00,0.00,5.43,0.00,0.00,0.00,66.30
07:23:15,6,15.56,0.00,13.33,0.00,0.00,3.33,0.00,0.00,0.00,67.78
07:23:15,7,13.19,0.00,9.89,0.00,0.00,5.49,0.00,0.00,0.00,71.43
07:23:15,12,15.05,0.00,12.90,0.00,0.00,3.23,0.00,0.00,0.00,68.82
07:23:15,13,13.98,0.00,16.13,0.00,0.00,5.38,0.00,0.00,0.00,64.52
07:23:15,14,14.89,0.00,13.83,1.06,0.00,5.32,0.00,0.00,0.00,64.89
07:23:15,15,11.83,0.00,12.90,0.00,0.00,5.38,0.00,0.00,0.00,69.89
07:23:16,4,17.89,0.00,12.63,0.00,0.00,5.26,0.00,0.00,0.00,64.21
07:23:16,5,15.38,0.00,13.19,0.00,0.00,4.40,0.00,0.00,0.00,67.03
07:23:16,6,16.30,0.00,13.04,0.00,0.00,4.35,0.00,0.00,0.00,66.30
07:23:16,7,13.68,0.00,11.58,0.00,0.00,6.32,0.00,0.00,0.00,68.42
07:23:16,12,16.67,0.00,15.56,0.00,0.00,4.44,0.00,0.00,0.00,63.33
07:23:16,13,18.28,0.00,12.90,0.00,0.00,4.30,0.00,0.00,0.00,64.52
07:23:16,14,16.13,0.00,13.98,0.00,0.00,4.30,0.00,0.00,0.00,65.59
07:23:16,15,14.74,0.00,12.63,0.00,0.00,4.21,0.00,0.00,0.00,68.42
07:23:17,4,16.13,0.00,9.68,0.00,0.00,5.38,0.00,0.00,0.00,68.82
07:23:17,5,17.53,0.00,11.34,0.00,0.00,4.12,0.00,0.00,0.00,67.01
07:23:17,6,13.83,0.00,13.83,0.00,0.00,6.38,0.00,0.00,0.00,65.96
07:23:17,7,15.79,0.00,10.53,0.00,0.00,4.21,0.00,0.00,0.00,69.47
07:23:17,12,14.74,0.00,13.68,0.00,0.00,4.21,0.00,0.00,0.00,67.37
07:23:17,13,14.74,0.00,12.63,0.00,0.00,5.26,0.00,0.00,0.00,67.37
07:23:17,14,15.38,0.00,12.09,0.00,0.00,5.49,0.00,0.00,0.00,67.03
07:23:17,15,14.58,0.00,12.50,0.00,0.00,5.21,0.00,0.00,0.00,67.71
07:23:18,4,14.74,0.00,12.63,0.00,0.00,4.21,0.00,0.00,0.00,68.42
07:23:18,5,14.44,0.00,14.44,0.00,0.00,4.44,0.00,0.00,0.00,66.67
07:23:18,6,12.90,0.00,12.90,0.00,0.00,5.38,0.00,0.00,0.00,68.82
07:23:18,7,11.83,0.00,13.98,0.00,0.00,4.30,0.00,0.00,0.00,69.89
07:23:18,12,16.48,0.00,12.09,0.00,0.00,4.40,0.00,0.00,0.00,67.03
07:23:18,13,16.13,0.00,11.83,0.00,0.00,5.38,0.00,0.00,0.00,66.67
07:23:18,14,14.58,0.00,14.58,0.00,0.00,5.21,0.00,0.00,0.00,65.62
07:23:18,15,14.89,0.00,11.70,0.00,0.00,4.26,0.00,0.00,0.00,69.15
07:23:19,4,14.29,0.00,10.99,0.00,0.00,5.49,0.00,0.00,0.00,69.23
07:23:19,5,17.39,0.00,13.04,0.00,0.00,4.35,0.00,0.00,0.00,65.22
07:23:19,6,13.04,0.00,13.04,0.00,0.00,4.35,0.00,0.00,0.00,69.57
07:23:19,7,13.04,0.00,11.96,0.00,0.00,4.35,0.00,0.00,0.00,70.65
07:23:19,12,15.96,0.00,13.83,0.00,0.00,5.32,0.00,0.00,0.00,64.89
07:23:19,13,16.30,0.00,13.04,0.00,0.00,3.26,0.00,0.00,0.00,67.39
07:23:19,14,15.05,0.00,11.83,0.00,0.00,4.30,0.00,0.00,0.00,68.82
07:23:19,15,13.83,0.00,11.70,0.00,0.00,4.26,0.00,0.00,0.00,70.21
07:23:20,4,10.11,0.00,12.36,0.00,0.00,5.62,0.00,0.00,0.00,71.91
07:23:20,5,16.48,0.00,12.09,0.00,0.00,4.40,0.00,0.00,0.00,67.03
07:23:20,6,13.98,0.00,11.83,0.00,0.00,5.38,0.00,0.00,0.00,68.82
07:23:20,7,16.84,0.00,11.58,1.05,0.00,4.21,0.00,0.00,0.00,66.32
07:23:20,12,12.90,0.00,11.83,0.00,0.00,6.45,0.00,0.00,0.00,68.82
07:23:20,13,17.02,0.00,11.70,0.00,0.00,4.26,0.00,0.00,0.00,67.02
07:23:20,14,15.05,0.00,11.83,0.00,0.00,4.30,0.00,0.00,0.00,68.82
07:23:20,15,13.98,0.00,10.75,0.00,0.00,5.38,0.00,0.00,0.00,69.89
07:23:21,4,19.15,0.00,13.83,0.00,0.00,4.26,0.00,0.00,0.00,62.77
07:23:21,5,14.44,0.00,12.22,0.00,0.00,4.44,0.00,0.00,0.00,68.89
07:23:21,6,13.83,0.00,13.83,0.00,0.00,5.32,0.00,0.00,0.00,67.02
07:23:21,7,14.89,0.00,11.70,0.00,0.00,5.32,0.00,0.00,0.00,68.09
07:23:21,12,15.22,0.00,15.22,0.00,0.00,5.43,0.00,0.00,0.00,64.13
07:23:21,13,17.20,0.00,12.90,0.00,0.00,5.38,0.00,0.00,0.00,64.52
07:23:21,14,14.13,0.00,11.96,0.00,0.00,5.43,0.00,0.00,0.00,68.48
07:23:21,15,12.77,0.00,12.77,0.00,0.00,6.38,0.00,0.00,0.00,68.09
07:23:22,4,14.89,0.00,11.70,0.00,0.00,5.32,0.00,0.00,0.00,68.09
07:23:22,5,13.04,0.00,11.96,0.00,0.00,5.43,0.00,0.00,0.00,69.57
07:23:22,6,14.89,0.00,11.70,0.00,0.00,5.32,0.00,0.00,0.00,68.09
07:23:22,7,14.89,0.00,10.64,0.00,0.00,5.32,0.00,0.00,0.00,69.15
07:23:22,12,14.13,0.00,14.13,0.00,0.00,4.35,0.00,0.00,0.00,67.39
07:23:22,13,13.19,0.00,12.09,0.00,0.00,4.40,0.00,0.00,0.00,70.33
07:23:22,14,14.29,0.00,12.09,0.00,0.00,3.30,0.00,0.00,0.00,70.33
07:23:22,15,12.09,0.00,12.09,0.00,0.00,4.40,0.00,0.00,0.00,71.43
07:23:23,4,13.83,0.00,13.83,0.00,0.00,4.26,0.00,0.00,0.00,68.09
07:23:23,5,13.83,0.00,13.83,0.00,0.00,5.32,0.00,0.00,0.00,67.02
07:23:23,6,13.98,0.00,11.83,0.00,0.00,5.38,0.00,0.00,0.00,68.82
07:23:23,7,15.46,0.00,11.34,0.00,0.00,5.15,0.00,0.00,0.00,68.04
07:23:23,12,15.05,0.00,11.83,0.00,0.00,5.38,0.00,0.00,0.00,67.74
07:23:23,13,15.22,0.00,11.96,0.00,0.00,5.43,0.00,0.00,0.00,67.39
07:23:23,14,14.13,0.00,11.96,0.00,0.00,4.35,0.00,0.00,0.00,69.57
07:23:23,15,13.68,0.00,14.74,0.00,0.00,5.26,0.00,0.00,0.00,66.32
07:23:24,4,11.83,0.00,13.98,0.00,0.00,5.38,0.00,0.00,0.00,68.82
07:23:24,5,14.13,0.00,14.13,0.00,0.00,4.35,0.00,0.00,0.00,67.39
07:23:24,6,14.13,0.00,13.04,0.00,0.00,4.35,0.00,0.00,0.00,68.48
07:23:24,7,16.13,0.00,11.83,0.00,0.00,3.23,0.00,0.00,0.00,68.82
07:23:24,12,13.83,0.00,12.77,0.00,0.00,6.38,0.00,0.00,0.00,67.02
07:23:24,13,15.96,0.00,14.89,0.00,0.00,5.32,0.00,0.00,0.00,63.83
07:23:24,14,14.74,0.00,13.68,0.00,0.00,6.32,0.00,0.00,0.00,65.26
07:23:24,15,12.90,0.00,11.83,0.00,0.00,4.30,0.00,0.00,0.00,70.97
07:23:25,4,15.38,0.00,10.99,0.00,0.00,4.40,0.00,0.00,0.00,69.23
07:23:25,5,15.38,0.00,12.09,1.10,0.00,2.20,0.00,0.00,0.00,69.23
07:23:25,6,14.89,0.00,12.77,0.00,0.00,5.32,0.00,0.00,0.00,67.02
07:23:25,7,14.29,0.00,9.89,0.00,0.00,5.49,0.00,0.00,0.00,70.33
07:23:25,12,15.79,0.00,13.68,0.00,0.00,4.21,0.00,0.00,0.00,66.32
07:23:25,13,13.19,0.00,10.99,0.00,0.00,5.49,0.00,0.00,0.00,70.33
07:23:25,14,13.98,0.00,11.83,1.08,0.00,5.38,0.00,0.00,0.00,67.74
07:23:25,15,14.58,0.00,12.50,0.00,0.00,5.21,0.00,0.00,0.00,67.71
07:23:26,4,19.57,0.00,11.96,0.00,0.00,5.43,0.00,0.00,0.00,63.04
07:23:26,5,16.84,0.00,13.68,0.00,0.00,4.21,0.00,0.00,0.00,65.26
07:23:26,6,14.89,0.00,13.83,1.06,0.00,5.32,0.00,0.00,0.00,64.89
07:23:26,7,12.77,0.00,13.83,0.00,0.00,4.26,0.00,0.00,0.00,69.15
07:23:26,12,15.62,0.00,13.54,0.00,0.00,4.17,0.00,0.00,0.00,66.67
07:23:26,13,15.56,0.00,14.44,0.00,0.00,4.44,0.00,0.00,0.00,65.56
07:23:26,14,16.48,0.00,12.09,0.00,0.00,4.40,0.00,0.00,0.00,67.03
07:23:26,15,14.13,0.00,11.96,0.00,0.00,4.35,0.00,0.00,0.00,69.57
07:23:27,4,14.89,0.00,13.83,0.00,0.00,4.26,0.00,0.00,0.00,67.02
07:23:27,5,14.74,0.00,13.68,0.00,0.00,6.32,0.00,0.00,0.00,65.26
07:23:27,6,15.96,0.00,12.77,0.00,0.00,4.26,0.00,0.00,0.00,67.02
07:23:27,7,14.13,0.00,13.04,0.00,0.00,3.26,0.00,0.00,0.00,69.57
07:23:27,12,15.22,0.00,10.87,0.00,0.00,4.35,0.00,0.00,0.00,69.57
07:23:27,13,13.83,0.00,12.77,0.00,0.00,5.32,0.00,0.00,0.00,68.09
07:23:27,14,15.62,0.00,12.50,0.00,0.00,4.17,0.00,0.00,0.00,67.71
07:23:27,15,13.83,0.00,13.83,0.00,0.00,3.19,0.00,0.00,0.00,69.15
07:23:28,4,13.19,0.00,12.09,0.00,0.00,4.40,0.00,0.00,0.00,70.33
07:23:28,5,16.13,0.00,11.83,0.00,0.00,5.38,0.00,0.00,0.00,66.67
07:23:28,6,14.89,0.00,13.83,0.00,0.00,5.32,0.00,0.00,0.00,65.96
07:23:28,7,12.90,0.00,11.83,0.00,0.00,5.38,0.00,0.00,0.00,69.89
07:23:28,12,15.05,0.00,12.90,0.00,0.00,4.30,0.00,0.00,0.00,67.74
07:23:28,13,13.98,0.00,12.90,0.00,0.00,4.30,0.00,0.00,0.00,68.82
07:23:28,14,15.22,0.00,9.78,0.00,0.00,5.43,0.00,0.00,0.00,69.57
07:23:28,15,15.05,0.00,10.75,0.00,0.00,3.23,0.00,0.00,0.00,70.97
07:23:29,4,13.83,0.00,11.70,0.00,0.00,5.32,0.00,0.00,0.00,69.15
07:23:29,5,14.74,0.00,14.74,0.00,0.00,5.26,0.00,0.00,0.00,65.26
07:23:29,6,14.13,0.00,10.87,0.00,0.00,5.43,0.00,0.00,0.00,69.57
07:23:29,7,13.19,0.00,9.89,0.00,0.00,3.30,0.00,0.00,0.00,73.63
07:23:29,12,13.83,0.00,12.77,0.00,0.00,5.32,0.00,0.00,0.00,68.09
07:23:29,13,12.64,0.00,11.49,0.00,0.00,4.60,0.00,0.00,0.00,71.26
07:23:29,14,13.04,0.00,15.22,0.00,0.00,5.43,0.00,0.00,0.00,66.30
07:23:29,15,13.98,0.00,11.83,0.00,0.00,5.38,0.00,0.00,0.00,68.82
07:23:30,4,14.44,0.00,11.11,0.00,0.00,3.33,0.00,0.00,0.00,71.11
07:23:30,5,14.29,0.00,10.99,0.00,0.00,4.40,0.00,0.00,0.00,70.33
07:23:30,6,12.77,0.00,12.77,0.00,0.00,5.32,0.00,0.00,0.00,69.15
07:23:30,7,15.62,0.00,10.42,0.00,0.00,5.21,0.00,0.00,0.00,68.75
07:23:30,12,16.67,0.00,12.50,1.04,0.00,4.17,0.00,0.00,0.00,65.62
07:23:30,13,12.90,0.00,15.05,0.00,0.00,4.30,0.00,0.00,0.00,67.74
07:23:30,14,17.02,0.00,11.70,0.00,0.00,5.32,0.00,0.00,0.00,65.96
07:23:30,15,13.04,0.00,11.96,0.00,0.00,4.35,0.00,0.00,0.00,70.65
07:23:31,4,15.56,0.00,12.22,0.00,0.00,3.33,0.00,0.00,0.00,68.89
07:23:31,5,15.96,0.00,12.77,0.00,0.00,4.26,0.00,0.00,0.00,67.02
07:23:31,6,14.61,0.00,12.36,0.00,0.00,4.49,0.00,0.00,0.00,68.54
07:23:31,7,13.33,0.00,12.22,0.00,0.00,3.33,0.00,0.00,0.00,71.11
07:23:31,12,14.74,0.00,13.68,0.00,0.00,5.26,0.00,0.00,0.00,66.32
07:23:31,13,14.74,0.00,13.68,0.00,0.00,5.26,0.00,0.00,0.00,66.32
07:23:31,14,17.39,0.00,11.96,0.00,0.00,4.35,0.00,0.00,0.00,66.30
07:23:31,15,14.89,0.00,10.64,0.00,0.00,5.32,0.00,0.00,0.00,69.15
07:23:32,4,9.38,0.00,7.29,0.00,0.00,2.08,0.00,0.00,0.00,81.25
07:23:32,5,7.45,0.00,7.45,0.00,0.00,2.13,0.00,0.00,0.00,82.98
07:23:32,6,9.47,0.00,6.32,0.00,0.00,2.11,0.00,0.00,0.00,82.11
07:23:32,7,7.29,0.00,6.25,0.00,0.00,3.12,0.00,0.00,0.00,83.33
07:23:32,12,9.47,0.00,7.37,0.00,0.00,3.16,0.00,0.00,0.00,80.00
07:23:32,13,9.68,0.00,5.38,0.00,0.00,2.15,0.00,0.00,0.00,82.80
07:23:32,14,8.42,0.00,6.32,0.00,0.00,3.16,0.00,0.00,0.00,82.11
07:23:32,15,8.25,0.00,8.25,0.00,0.00,2.06,0.00,0.00,0.00,81.44
