11:38:07,CPU,%usr,%nice,%sys,%iowait,%irq,%soft,%steal,%guest,%gnice,%idle
11:38:08,4,52.53,0.00,4.04,0.00,0.00,1.01,0.00,0.00,0.00,42.42
11:38:08,5,54.00,0.00,8.00,0.00,0.00,2.00,0.00,0.00,0.00,36.00
11:38:08,6,45.00,0.00,5.00,0.00,0.00,2.00,0.00,0.00,0.00,48.00
11:38:08,7,44.44,0.00,5.05,0.00,0.00,2.02,0.00,0.00,0.00,48.48
11:38:08,12,45.45,0.00,6.06,0.00,0.00,2.02,0.00,0.00,0.00,46.46
11:38:08,13,48.00,0.00,5.00,0.00,0.00,2.00,0.00,0.00,0.00,45.00
11:38:08,14,45.00,0.00,5.00,0.00,0.00,1.00,0.00,0.00,0.00,49.00
11:38:08,15,45.45,0.00,5.05,0.00,0.00,2.02,0.00,0.00,0.00,47.47
11:38:09,4,88.12,0.00,8.91,0.00,0.00,2.97,0.00,0.00,0.00,0.00
11:38:09,5,89.90,0.00,8.08,0.00,0.00,2.02,0.00,0.00,0.00,0.00
11:38:09,6,88.89,0.00,9.09,0.00,0.00,2.02,0.00,0.00,0.00,0.00
11:38:09,7,88.12,0.00,8.91,0.00,0.00,1.98,0.00,0.00,0.00,0.99
11:38:09,12,90.10,0.00,7.92,0.00,0.00,1.98,0.00,0.00,0.00,0.00
11:38:09,13,89.00,0.00,8.00,0.00,0.00,3.00,0.00,0.00,0.00,0.00
11:38:09,14,90.10,0.00,6.93,0.00,0.00,2.97,0.00,0.00,0.00,0.00
11:38:09,15,89.90,0.00,8.08,0.00,0.00,2.02,0.00,0.00,0.00,0.00
11:38:10,4,89.90,0.00,7.07,0.00,0.00,3.03,0.00,0.00,0.00,0.00
11:38:10,5,88.12,0.00,8.91,0.00,0.00,2.97,0.00,0.00,0.00,0.00
11:38:10,6,88.12,0.00,8.91,0.00,0.00,2.97,0.00,0.00,0.00,0.00
11:38:10,7,89.00,0.00,8.00,0.00,0.00,3.00,0.00,0.00,0.00,0.00
11:38:10,12,89.90,0.00,7.07,0.00,0.00,3.03,0.00,0.00,0.00,0.00
11:38:10,13,89.00,0.00,8.00,0.00,0.00,3.00,0.00,0.00,0.00,0.00
11:38:10,14,88.89,0.00,8.08,0.00,0.00,3.03,0.00,0.00,0.00,0.00
11:38:10,15,89.11,0.00,7.92,0.00,0.00,2.97,0.00,0.00,0.00,0.00
11:38:11,4,89.00,0.00,7.00,0.00,0.00,4.00,0.00,0.00,0.00,0.00
11:38:11,5,90.91,0.00,7.07,0.00,0.00,2.02,0.00,0.00,0.00,0.00
11:38:11,6,91.00,0.00,7.00,0.00,0.00,2.00,0.00,0.00,0.00,0.00
11:38:11,7,88.89,0.00,8.08,0.00,0.00,3.03,0.00,0.00,0.00,0.00
11:38:11,12,90.91,0.00,8.08,0.00,0.00,1.01,0.00,0.00,0.00,0.00
11:38:11,13,88.00,0.00,9.00,0.00,0.00,3.00,0.00,0.00,0.00,0.00
11:38:11,14,89.00,0.00,8.00,0.00,0.00,3.00,0.00,0.00,0.00,0.00
11:38:11,15,89.00,0.00,9.00,0.00,0.00,2.00,0.00,0.00,0.00,0.00
11:38:12,4,88.12,0.00,8.91,0.00,0.00,2.97,0.00,0.00,0.00,0.00
11:38:12,5,89.00,0.00,9.00,0.00,0.00,2.00,0.00,0.00,0.00,0.00
11:38:12,6,89.90,0.00,7.07,0.00,0.00,3.03,0.00,0.00,0.00,0.00
11:38:12,7,88.12,0.00,8.91,0.00,0.00,2.97,0.00,0.00,0.00,0.00
11:38:12,12,87.25,0.00,8.82,0.00,0.00,2.94,0.00,0.00,0.00,0.98
11:38:12,13,89.11,0.00,6.93,0.00,0.00,2.97,0.00,0.00,0.00,0.99
11:38:12,14,88.00,0.00,9.00,0.00,0.00,3.00,0.00,0.00,0.00,0.00
11:38:12,15,87.13,0.00,8.91,0.00,0.00,2.97,0.00,0.00,0.00,0.99
11:38:13,4,89.90,0.00,7.07,0.00,0.00,3.03,0.00,0.00,0.00,0.00
11:38:13,5,87.13,0.00,8.91,0.00,0.00,3.96,0.00,0.00,0.00,0.00
11:38:13,6,88.00,0.00,8.00,0.00,0.00,4.00,0.00,0.00,0.00,0.00
11:38:13,7,89.90,0.00,7.07,0.00,0.00,3.03,0.00,0.00,0.00,0.00
11:38:13,12,88.89,0.00,9.09,0.00,0.00,2.02,0.00,0.00,0.00,0.00
11:38:13,13,87.00,0.00,10.00,0.00,0.00,3.00,0.00,0.00,0.00,0.00
11:38:13,14,91.92,0.00,6.06,0.00,0.00,2.02,0.00,0.00,0.00,0.00
11:38:13,15,89.00,0.00,8.00,0.00,0.00,3.00,0.00,0.00,0.00,0.00
11:38:14,4,91.00,0.00,7.00,0.00,0.00,2.00,0.00,0.00,0.00,0.00
11:38:14,5,90.00,0.00,7.00,0.00,0.00,2.00,0.00,0.00,0.00,1.00
11:38:14,6,88.00,0.00,9.00,0.00,0.00,3.00,0.00,0.00,0.00,0.00
11:38:14,7,87.88,0.00,9.09,0.00,0.00,3.03,0.00,0.00,0.00,0.00
11:38:14,12,88.12,0.00,7.92,0.00,0.00,3.96,0.00,0.00,0.00,0.00
11:38:14,13,90.00,0.00,9.00,0.00,0.00,1.00,0.00,0.00,0.00,0.00
11:38:14,14,87.25,0.00,7.84,0.00,0.00,3.92,0.00,0.00,0.00,0.98
11:38:14,15,89.90,0.00,7.07,0.00,0.00,3.03,0.00,0.00,0.00,0.00
11:38:15,4,89.11,0.00,7.92,0.00,0.00,2.97,0.00,0.00,0.00,0.00
11:38:15,5,88.00,0.00,10.00,0.00,0.00,2.00,0.00,0.00,0.00,0.00
11:38:15,6,90.00,0.00,7.00,0.00,0.00,3.00,0.00,0.00,0.00,0.00
11:38:15,7,89.00,0.00,8.00,0.00,0.00,3.00,0.00,0.00,0.00,0.00
11:38:15,12,90.91,0.00,6.06,0.00,0.00,3.03,0.00,0.00,0.00,0.00
11:38:15,13,90.00,0.00,7.00,0.00,0.00,3.00,0.00,0.00,0.00,0.00
11:38:15,14,91.00,0.00,7.00,0.00,0.00,2.00,0.00,0.00,0.00,0.00
11:38:15,15,91.00,0.00,7.00,0.00,0.00,2.00,0.00,0.00,0.00,0.00
11:38:16,4,89.80,0.00,7.14,0.00,0.00,3.06,0.00,0.00,0.00,0.00
11:38:16,5,88.00,0.00,9.00,0.00,0.00,3.00,0.00,0.00,0.00,0.00
11:38:16,6,87.13,0.00,8.91,0.00,0.00,2.97,0.00,0.00,0.00,0.99
11:38:16,7,86.27,0.00,9.80,0.00,0.00,2.94,0.00,0.00,0.00,0.98
11:38:16,12,86.14,0.00,9.90,0.00,0.00,3.96,0.00,0.00,0.00,0.00
11:38:16,13,89.00,0.00,9.00,0.00,0.00,2.00,0.00,0.00,0.00,0.00
11:38:16,14,90.91,0.00,6.06,0.00,0.00,3.03,0.00,0.00,0.00,0.00
11:38:16,15,90.91,0.00,6.06,0.00,0.00,3.03,0.00,0.00,0.00,0.00
11:38:17,4,88.12,0.00,8.91,0.00,0.00,2.97,0.00,0.00,0.00,0.00
11:38:17,5,90.91,0.00,7.07,0.00,0.00,2.02,0.00,0.00,0.00,0.00
11:38:17,6,88.89,0.00,9.09,0.00,0.00,2.02,0.00,0.00,0.00,0.00
11:38:17,7,88.00,0.00,8.00,0.00,0.00,4.00,0.00,0.00,0.00,0.00
11:38:17,12,90.91,0.00,7.07,0.00,0.00,2.02,0.00,0.00,0.00,0.00
11:38:17,13,89.90,0.00,8.08,0.00,0.00,2.02,0.00,0.00,0.00,0.00
11:38:17,14,87.13,0.00,8.91,0.00,0.00,3.96,0.00,0.00,0.00,0.00
11:38:17,15,89.00,0.00,8.00,0.00,0.00,3.00,0.00,0.00,0.00,0.00
11:38:18,4,89.00,0.00,8.00,0.00,0.00,2.00,0.00,0.00,0.00,1.00
11:38:18,5,89.00,0.00,8.00,0.00,0.00,3.00,0.00,0.00,0.00,0.00
11:38:18,6,88.12,0.00,7.92,0.00,0.00,3.96,0.00,0.00,0.00,0.00
11:38:18,7,86.87,0.00,10.10,0.00,0.00,3.03,0.00,0.00,0.00,0.00
11:38:18,12,89.00,0.00,8.00,0.00,0.00,3.00,0.00,0.00,0.00,0.00
11:38:18,13,89.11,0.00,7.92,0.00,0.00,2.97,0.00,0.00,0.00,0.00
11:38:18,14,89.80,0.00,8.16,0.00,0.00,2.04,0.00,0.00,0.00,0.00
11:38:18,15,87.25,0.00,8.82,0.00,0.00,2.94,0.00,0.00,0.00,0.98
11:38:19,4,89.00,0.00,8.00,0.00,0.00,3.00,0.00,0.00,0.00,0.00
11:38:19,5,88.12,0.00,8.91,0.00,0.00,2.97,0.00,0.00,0.00,0.00
11:38:19,6,88.00,0.00,10.00,0.00,0.00,2.00,0.00,0.00,0.00,0.00
11:38:19,7,88.00,0.00,9.00,0.00,0.00,3.00,0.00,0.00,0.00,0.00
11:38:19,12,88.12,0.00,8.91,0.00,0.00,2.97,0.00,0.00,0.00,0.00
11:38:19,13,89.00,0.00,8.00,0.00,0.00,3.00,0.00,0.00,0.00,0.00
11:38:19,14,89.11,0.00,7.92,0.00,0.00,2.97,0.00,0.00,0.00,0.00
11:38:19,15,89.80,0.00,8.16,0.00,0.00,2.04,0.00,0.00,0.00,0.00
11:38:20,4,88.12,0.00,8.91,0.00,0.00,2.97,0.00,0.00,0.00,0.00
11:38:20,5,90.00,0.00,7.00,0.00,0.00,3.00,0.00,0.00,0.00,0.00
11:38:20,6,88.89,0.00,9.09,0.00,0.00,2.02,0.00,0.00,0.00,0.00
11:38:20,7,90.00,0.00,8.00,0.00,0.00,2.00,0.00,0.00,0.00,0.00
11:38:20,12,90.00,0.00,8.00,0.00,0.00,2.00,0.00,0.00,0.00,0.00
11:38:20,13,88.89,0.00,8.08,0.00,0.00,3.03,0.00,0.00,0.00,0.00
11:38:20,14,89.00,0.00,8.00,0.00,0.00,3.00,0.00,0.00,0.00,0.00
11:38:20,15,86.14,0.00,10.89,0.00,0.00,2.97,0.00,0.00,0.00,0.00
11:38:21,4,90.91,0.00,7.07,0.00,0.00,2.02,0.00,0.00,0.00,0.00
11:38:21,5,87.88,0.00,10.10,0.00,0.00,2.02,0.00,0.00,0.00,0.00
11:38:21,6,90.00,0.00,8.00,0.00,0.00,2.00,0.00,0.00,0.00,0.00
11:38:21,7,90.00,0.00,8.00,0.00,0.00,2.00,0.00,0.00,0.00,0.00
11:38:21,12,88.89,0.00,8.08,0.00,0.00,3.03,0.00,0.00,0.00,0.00
11:38:21,13,87.13,0.00,8.91,0.00,0.00,2.97,0.00,0.00,0.00,0.99
11:38:21,14,88.00,0.00,9.00,0.00,0.00,3.00,0.00,0.00,0.00,0.00
11:38:21,15,90.00,0.00,7.00,0.00,0.00,3.00,0.00,0.00,0.00,0.00
11:38:22,4,89.00,0.00,7.00,0.00,0.00,4.00,0.00,0.00,0.00,0.00
11:38:22,5,89.00,0.00,8.00,0.00,0.00,3.00,0.00,0.00,0.00,0.00
11:38:22,6,89.00,0.00,8.00,0.00,0.00,3.00,0.00,0.00,0.00,0.00
11:38:22,7,90.91,0.00,7.07,0.00,0.00,2.02,0.00,0.00,0.00,0.00
11:38:22,12,88.12,0.00,8.91,0.00,0.00,1.98,0.00,0.00,0.00,0.99
11:38:22,13,87.00,0.00,10.00,0.00,0.00,3.00,0.00,0.00,0.00,0.00
11:38:22,14,89.00,0.00,7.00,0.00,0.00,3.00,0.00,0.00,0.00,1.00
11:38:22,15,89.00,0.00,8.00,0.00,0.00,3.00,0.00,0.00,0.00,0.00
11:38:23,4,87.00,0.00,9.00,0.00,0.00,4.00,0.00,0.00,0.00,0.00
11:38:23,5,89.00,0.00,8.00,0.00,0.00,3.00,0.00,0.00,0.00,0.00
11:38:23,6,87.00,0.00,10.00,0.00,0.00,3.00,0.00,0.00,0.00,0.00
11:38:23,7,87.25,0.00,9.80,0.00,0.00,2.94,0.00,0.00,0.00,0.00
11:38:23,12,89.00,0.00,8.00,0.00,0.00,3.00,0.00,0.00,0.00,0.00
11:38:23,13,90.00,0.00,7.00,0.00,0.00,3.00,0.00,0.00,0.00,0.00
11:38:23,14,89.00,0.00,9.00,0.00,0.00,2.00,0.00,0.00,0.00,0.00
11:38:23,15,89.00,0.00,8.00,0.00,0.00,3.00,0.00,0.00,0.00,0.00
11:38:24,4,89.90,0.00,8.08,0.00,0.00,2.02,0.00,0.00,0.00,0.00
11:38:24,5,88.00,0.00,10.00,0.00,0.00,2.00,0.00,0.00,0.00,0.00
11:38:24,6,89.11,0.00,6.93,0.00,0.00,2.97,0.00,0.00,0.00,0.99
11:38:24,7,88.89,0.00,9.09,0.00,0.00,2.02,0.00,0.00,0.00,0.00
11:38:24,12,89.00,0.00,8.00,0.00,0.00,3.00,0.00,0.00,0.00,0.00
11:38:24,13,90.00,0.00,8.00,0.00,0.00,2.00,0.00,0.00,0.00,0.00
11:38:24,14,90.00,0.00,7.00,0.00,0.00,3.00,0.00,0.00,0.00,0.00
11:38:24,15,89.00,0.00,9.00,0.00,0.00,2.00,0.00,0.00,0.00,0.00
11:38:25,4,89.11,0.00,7.92,0.00,0.00,2.97,0.00,0.00,0.00,0.00
11:38:25,5,89.00,0.00,9.00,0.00,0.00,2.00,0.00,0.00,0.00,0.00
11:38:25,6,90.00,0.00,8.00,0.00,0.00,2.00,0.00,0.00,0.00,0.00
11:38:25,7,90.00,0.00,8.00,0.00,0.00,2.00,0.00,0.00,0.00,0.00
11:38:25,12,90.91,0.00,7.07,0.00,0.00,2.02,0.00,0.00,0.00,0.00
11:38:25,13,89.00,0.00,8.00,0.00,0.00,3.00,0.00,0.00,0.00,0.00
11:38:25,14,88.00,0.00,9.00,0.00,0.00,3.00,0.00,0.00,0.00,0.00
11:38:25,15,90.91,0.00,7.07,0.00,0.00,2.02,0.00,0.00,0.00,0.00
11:38:26,4,89.00,0.00,9.00,0.00,0.00,2.00,0.00,0.00,0.00,0.00
11:38:26,5,90.00,0.00,8.00,0.00,0.00,2.00,0.00,0.00,0.00,0.00
11:38:26,6,89.00,0.00,8.00,0.00,0.00,3.00,0.00,0.00,0.00,0.00
11:38:26,7,89.00,0.00,7.00,0.00,0.00,4.00,0.00,0.00,0.00,0.00
11:38:26,12,85.15,0.00,10.89,0.00,0.00,3.96,0.00,0.00,0.00,0.00
11:38:26,13,89.00,0.00,8.00,0.00,0.00,3.00,0.00,0.00,0.00,0.00
11:38:26,14,90.00,0.00,8.00,0.00,0.00,2.00,0.00,0.00,0.00,0.00
11:38:26,15,89.00,0.00,8.00,0.00,0.00,3.00,0.00,0.00,0.00,0.00
11:38:27,4,88.00,0.00,9.00,0.00,0.00,3.00,0.00,0.00,0.00,0.00
11:38:27,5,88.24,0.00,7.84,0.00,0.00,2.94,0.00,0.00,0.00,0.98
11:38:27,6,90.91,0.00,6.06,0.00,0.00,3.03,0.00,0.00,0.00,0.00
11:38:27,7,89.11,0.00,7.92,0.00,0.00,1.98,0.00,0.00,0.00,0.99
11:38:27,12,90.91,0.00,6.06,0.00,0.00,3.03,0.00,0.00,0.00,0.00
11:38:27,13,88.89,0.00,9.09,0.00,0.00,2.02,0.00,0.00,0.00,0.00
11:38:27,14,89.11,0.00,7.92,0.00,0.00,2.97,0.00,0.00,0.00,0.00
11:38:27,15,87.00,0.00,10.00,0.00,0.00,3.00,0.00,0.00,0.00,0.00
11:38:28,4,89.00,0.00,8.00,0.00,0.00,3.00,0.00,0.00,0.00,0.00
11:38:28,5,89.00,0.00,8.00,0.00,0.00,3.00,0.00,0.00,0.00,0.00
11:38:28,6,88.89,0.00,9.09,0.00,0.00,2.02,0.00,0.00,0.00,0.00
11:38:28,7,90.00,0.00,7.00,0.00,0.00,3.00,0.00,0.00,0.00,0.00
11:38:28,12,89.00,0.00,9.00,0.00,0.00,2.00,0.00,0.00,0.00,0.00
11:38:28,13,91.00,0.00,6.00,0.00,0.00,3.00,0.00,0.00,0.00,0.00
11:38:28,14,88.89,0.00,9.09,0.00,0.00,2.02,0.00,0.00,0.00,0.00
11:38:28,15,91.00,0.00,7.00,0.00,0.00,2.00,0.00,0.00,0.00,0.00
11:38:29,4,89.00,0.00,8.00,0.00,0.00,2.00,0.00,0.00,0.00,1.00
11:38:29,5,89.90,0.00,8.08,0.00,0.00,2.02,0.00,0.00,0.00,0.00
11:38:29,6,88.12,0.00,8.91,0.00,0.00,2.97,0.00,0.00,0.00,0.00
11:38:29,7,88.00,0.00,9.00,0.00,0.00,3.00,0.00,0.00,0.00,0.00
11:38:29,12,88.89,0.00,8.08,0.00,0.00,3.03,0.00,0.00,0.00,0.00
11:38:29,13,89.00,0.00,8.00,0.00,0.00,3.00,0.00,0.00,0.00,0.00
11:38:29,14,90.00,0.00,8.00,0.00,0.00,2.00,0.00,0.00,0.00,0.00
11:38:29,15,89.11,0.00,6.93,0.00,0.00,2.97,0.00,0.00,0.00,0.99
11:38:30,4,90.10,0.00,6.93,0.00,0.00,2.97,0.00,0.00,0.00,0.00
11:38:30,5,89.90,0.00,8.08,0.00,0.00,2.02,0.00,0.00,0.00,0.00
11:38:30,6,89.90,0.00,8.08,0.00,0.00,2.02,0.00,0.00,0.00,0.00
11:38:30,7,90.00,0.00,8.00,0.00,0.00,2.00,0.00,0.00,0.00,0.00
11:38:30,12,87.13,0.00,9.90,0.00,0.00,2.97,0.00,0.00,0.00,0.00
11:38:30,13,88.00,0.00,9.00,0.00,0.00,3.00,0.00,0.00,0.00,0.00
11:38:30,14,89.90,0.00,6.06,0.00,0.00,4.04,0.00,0.00,0.00,0.00
11:38:30,15,89.90,0.00,8.08,0.00,0.00,2.02,0.00,0.00,0.00,0.00
11:38:31,4,89.90,0.00,8.08,0.00,0.00,2.02,0.00,0.00,0.00,0.00
11:38:31,5,88.00,0.00,9.00,0.00,0.00,3.00,0.00,0.00,0.00,0.00
11:38:31,6,90.00,0.00,7.00,0.00,0.00,3.00,0.00,0.00,0.00,0.00
11:38:31,7,89.00,0.00,8.00,0.00,0.00,3.00,0.00,0.00,0.00,0.00
11:38:31,12,91.92,0.00,6.06,0.00,0.00,2.02,0.00,0.00,0.00,0.00
11:38:31,13,90.91,0.00,8.08,0.00,0.00,1.01,0.00,0.00,0.00,0.00
11:38:31,14,90.00,0.00,8.00,0.00,0.00,2.00,0.00,0.00,0.00,0.00
11:38:31,15,88.00,0.00,9.00,0.00,0.00,3.00,0.00,0.00,0.00,0.00
11:38:32,4,89.11,0.00,7.92,0.00,0.00,2.97,0.00,0.00,0.00,0.00
11:38:32,5,88.00,0.00,9.00,0.00,0.00,3.00,0.00,0.00,0.00,0.00
11:38:32,6,87.13,0.00,7.92,0.00,0.00,4.95,0.00,0.00,0.00,0.00
11:38:32,7,88.00,0.00,10.00,0.00,0.00,2.00,0.00,0.00,0.00,0.00
11:38:32,12,89.11,0.00,8.91,0.00,0.00,1.98,0.00,0.00,0.00,0.00
11:38:32,13,89.11,0.00,7.92,0.00,0.00,2.97,0.00,0.00,0.00,0.00
11:38:32,14,89.11,0.00,8.91,0.00,0.00,1.98,0.00,0.00,0.00,0.00
11:38:32,15,90.00,0.00,8.00,0.00,0.00,2.00,0.00,0.00,0.00,0.00
11:38:33,4,88.78,0.00,8.16,0.00,0.00,2.04,0.00,0.00,0.00,1.02
11:38:33,5,88.00,0.00,8.00,0.00,0.00,3.00,0.00,0.00,0.00,1.00
11:38:33,6,88.89,0.00,7.07,0.00,0.00,3.03,0.00,0.00,0.00,1.01
11:38:33,7,88.89,0.00,7.07,0.00,0.00,3.03,0.00,0.00,0.00,1.01
11:38:33,12,86.87,0.00,9.09,0.00,0.00,2.02,0.00,0.00,0.00,2.02
11:38:33,13,86.14,0.00,8.91,0.00,0.00,2.97,0.00,0.00,0.00,1.98
11:38:33,14,87.88,0.00,8.08,0.00,0.00,2.02,0.00,0.00,0.00,2.02
11:38:33,15,89.00,0.00,7.00,0.00,0.00,3.00,0.00,0.00,0.00,1.00
11:38:34,4,90.00,0.00,7.00,0.00,0.00,3.00,0.00,0.00,0.00,0.00
11:38:34,5,88.89,0.00,8.08,0.00,0.00,3.03,0.00,0.00,0.00,0.00
11:38:34,6,88.00,0.00,9.00,0.00,0.00,3.00,0.00,0.00,0.00,0.00
11:38:34,7,90.00,0.00,7.00,0.00,0.00,3.00,0.00,0.00,0.00,0.00
11:38:34,12,88.24,0.00,8.82,0.00,0.00,2.94,0.00,0.00,0.00,0.00
11:38:34,13,90.00,0.00,7.00,0.00,0.00,3.00,0.00,0.00,0.00,0.00
11:38:34,14,89.00,0.00,8.00,0.00,0.00,3.00,0.00,0.00,0.00,0.00
11:38:34,15,89.00,0.00,8.00,0.00,0.00,3.00,0.00,0.00,0.00,0.00
11:38:35,4,89.11,0.00,7.92,0.00,0.00,2.97,0.00,0.00,0.00,0.00
11:38:35,5,88.24,0.00,7.84,0.00,0.00,2.94,0.00,0.00,0.00,0.98
11:38:35,6,87.00,0.00,9.00,0.00,0.00,3.00,0.00,0.00,0.00,1.00
11:38:35,7,89.90,0.00,7.07,0.00,0.00,3.03,0.00,0.00,0.00,0.00
11:38:35,12,89.90,0.00,7.07,0.00,0.00,3.03,0.00,0.00,0.00,0.00
11:38:35,13,91.00,0.00,7.00,0.00,0.00,2.00,0.00,0.00,0.00,0.00
11:38:35,14,88.00,0.00,9.00,0.00,0.00,3.00,0.00,0.00,0.00,0.00
11:38:35,15,88.12,0.00,8.91,0.00,0.00,2.97,0.00,0.00,0.00,0.00
11:38:36,4,89.90,0.00,8.08,0.00,0.00,2.02,0.00,0.00,0.00,0.00
11:38:36,5,88.89,0.00,9.09,0.00,0.00,2.02,0.00,0.00,0.00,0.00
11:38:36,6,88.24,0.00,7.84,0.00,0.00,3.92,0.00,0.00,0.00,0.00
11:38:36,7,87.13,0.00,8.91,0.00,0.00,2.97,0.00,0.00,0.00,0.99
11:38:36,12,92.00,0.00,5.00,0.00,0.00,3.00,0.00,0.00,0.00,0.00
11:38:36,13,88.00,0.00,8.00,0.00,0.00,4.00,0.00,0.00,0.00,0.00
11:38:36,14,89.00,0.00,9.00,0.00,0.00,2.00,0.00,0.00,0.00,0.00
11:38:36,15,89.00,0.00,8.00,0.00,0.00,3.00,0.00,0.00,0.00,0.00
11:38:37,4,87.13,0.00,8.91,0.00,0.00,3.96,0.00,0.00,0.00,0.00
11:38:37,5,89.11,0.00,7.92,0.00,0.00,2.97,0.00,0.00,0.00,0.00
11:38:37,6,89.90,0.00,7.07,0.00,0.00,3.03,0.00,0.00,0.00,0.00
11:38:37,7,90.00,0.00,7.00,0.00,0.00,3.00,0.00,0.00,0.00,0.00
11:38:37,12,90.00,0.00,7.00,0.00,0.00,3.00,0.00,0.00,0.00,0.00
11:38:37,13,89.90,0.00,7.07,0.00,0.00,3.03,0.00,0.00,0.00,0.00
11:38:37,14,89.00,0.00,9.00,0.00,0.00,2.00,0.00,0.00,0.00,0.00
11:38:37,15,88.78,0.00,9.18,0.00,0.00,2.04,0.00,0.00,0.00,0.00
11:38:38,4,87.00,0.00,9.00,0.00,0.00,3.00,0.00,0.00,0.00,1.00
11:38:38,5,88.00,0.00,10.00,0.00,0.00,2.00,0.00,0.00,0.00,0.00
11:38:38,6,89.90,0.00,8.08,0.00,0.00,2.02,0.00,0.00,0.00,0.00
11:38:38,7,90.91,0.00,7.07,0.00,0.00,2.02,0.00,0.00,0.00,0.00
11:38:38,12,88.00,0.00,9.00,0.00,0.00,3.00,0.00,0.00,0.00,0.00
11:38:38,13,89.00,0.00,9.00,0.00,0.00,2.00,0.00,0.00,0.00,0.00
11:38:38,14,88.89,0.00,8.08,0.00,0.00,3.03,0.00,0.00,0.00,0.00
11:38:38,15,86.14,0.00,8.91,0.00,0.00,3.96,0.00,0.00,0.00,0.99
11:38:39,4,92.00,0.00,6.00,0.00,0.00,2.00,0.00,0.00,0.00,0.00
11:38:39,5,89.00,0.00,8.00,0.00,0.00,3.00,0.00,0.00,0.00,0.00
11:38:39,6,86.14,0.00,9.90,0.00,0.00,3.96,0.00,0.00,0.00,0.00
11:38:39,7,91.09,0.00,6.93,0.00,0.00,1.98,0.00,0.00,0.00,0.00
11:38:39,12,91.92,0.00,7.07,0.00,0.00,1.01,0.00,0.00,0.00,0.00
11:38:39,13,90.00,0.00,8.00,0.00,0.00,2.00,0.00,0.00,0.00,0.00
11:38:39,14,89.11,0.00,7.92,0.00,0.00,2.97,0.00,0.00,0.00,0.00
11:38:39,15,89.11,0.00,7.92,0.00,0.00,2.97,0.00,0.00,0.00,0.00
11:38:40,4,89.90,0.00,8.08,0.00,0.00,2.02,0.00,0.00,0.00,0.00
11:38:40,5,89.90,0.00,9.09,0.00,0.00,1.01,0.00,0.00,0.00,0.00
11:38:40,6,89.80,0.00,7.14,0.00,0.00,3.06,0.00,0.00,0.00,0.00
11:38:40,7,89.90,0.00,8.08,0.00,0.00,2.02,0.00,0.00,0.00,0.00
11:38:40,12,91.00,0.00,7.00,0.00,0.00,2.00,0.00,0.00,0.00,0.00
11:38:40,13,90.10,0.00,6.93,0.00,0.00,2.97,0.00,0.00,0.00,0.00
11:38:40,14,88.00,0.00,10.00,0.00,0.00,2.00,0.00,0.00,0.00,0.00
11:38:40,15,89.00,0.00,9.00,0.00,0.00,2.00,0.00,0.00,0.00,0.00
11:38:41,4,88.12,0.00,7.92,0.00,0.00,3.96,0.00,0.00,0.00,0.00
11:38:41,5,87.00,0.00,9.00,0.00,0.00,4.00,0.00,0.00,0.00,0.00
11:38:41,6,89.11,0.00,7.92,0.00,0.00,2.97,0.00,0.00,0.00,0.00
11:38:41,7,88.00,0.00,9.00,0.00,0.00,3.00,0.00,0.00,0.00,0.00
11:38:41,12,88.12,0.00,8.91,0.00,0.00,2.97,0.00,0.00,0.00,0.00
11:38:41,13,90.91,0.00,7.07,0.00,0.00,2.02,0.00,0.00,0.00,0.00
11:38:41,14,89.90,0.00,8.08,0.00,0.00,2.02,0.00,0.00,0.00,0.00
11:38:41,15,89.00,0.00,8.00,0.00,0.00,3.00,0.00,0.00,0.00,0.00
11:38:42,4,90.00,0.00,8.00,0.00,0.00,2.00,0.00,0.00,0.00,0.00
11:38:42,5,90.00,0.00,7.00,0.00,0.00,3.00,0.00,0.00,0.00,0.00
11:38:42,6,89.00,0.00,8.00,0.00,0.00,3.00,0.00,0.00,0.00,0.00
11:38:42,7,91.09,0.00,5.94,0.00,0.00,2.97,0.00,0.00,0.00,0.00
11:38:42,12,89.00,0.00,8.00,0.00,0.00,3.00,0.00,0.00,0.00,0.00
11:38:42,13,90.10,0.00,6.93,0.00,0.00,2.97,0.00,0.00,0.00,0.00
11:38:42,14,89.00,0.00,8.00,0.00,0.00,3.00,0.00,0.00,0.00,0.00
11:38:42,15,89.90,0.00,7.07,0.00,0.00,3.03,0.00,0.00,0.00,0.00
11:38:43,4,89.90,0.00,8.08,0.00,0.00,2.02,0.00,0.00,0.00,0.00
11:38:43,5,90.00,0.00,7.00,0.00,0.00,3.00,0.00,0.00,0.00,0.00
11:38:43,6,89.11,0.00,7.92,0.00,0.00,2.97,0.00,0.00,0.00,0.00
11:38:43,7,87.88,0.00,9.09,0.00,0.00,3.03,0.00,0.00,0.00,0.00
11:38:43,12,89.00,0.00,8.00,0.00,0.00,3.00,0.00,0.00,0.00,0.00
11:38:43,13,90.91,0.00,7.07,0.00,0.00,2.02,0.00,0.00,0.00,0.00
11:38:43,14,88.12,0.00,7.92,0.00,0.00,2.97,0.00,0.00,0.00,0.99
11:38:43,15,90.00,0.00,8.00,0.00,0.00,2.00,0.00,0.00,0.00,0.00
11:38:44,4,89.11,0.00,7.92,0.00,0.00,2.97,0.00,0.00,0.00,0.00
11:38:44,5,88.00,0.00,9.00,0.00,0.00,3.00,0.00,0.00,0.00,0.00
11:38:44,6,88.00,0.00,9.00,0.00,0.00,3.00,0.00,0.00,0.00,0.00
11:38:44,7,88.12,0.00,7.92,0.00,0.00,2.97,0.00,0.00,0.00,0.99
11:38:44,12,87.88,0.00,9.09,0.00,0.00,3.03,0.00,0.00,0.00,0.00
11:38:44,13,89.00,0.00,8.00,0.00,0.00,3.00,0.00,0.00,0.00,0.00
11:38:44,14,88.12,0.00,9.90,0.00,0.00,1.98,0.00,0.00,0.00,0.00
11:38:44,15,88.12,0.00,8.91,0.00,0.00,2.97,0.00,0.00,0.00,0.00
11:38:45,4,89.90,0.00,8.08,0.00,0.00,2.02,0.00,0.00,0.00,0.00
11:38:45,5,89.00,0.00,8.00,0.00,0.00,2.00,0.00,0.00,0.00,1.00
11:38:45,6,88.00,0.00,9.00,0.00,0.00,2.00,0.00,0.00,0.00,1.00
11:38:45,7,87.00,0.00,10.00,0.00,0.00,3.00,0.00,0.00,0.00,0.00
11:38:45,12,90.00,0.00,8.00,0.00,0.00,2.00,0.00,0.00,0.00,0.00
11:38:45,13,88.00,0.00,9.00,0.00,0.00,3.00,0.00,0.00,0.00,0.00
11:38:45,14,90.00,0.00,7.00,0.00,0.00,3.00,0.00,0.00,0.00,0.00
11:38:45,15,89.90,0.00,8.08,0.00,0.00,2.02,0.00,0.00,0.00,0.00
11:38:46,4,90.00,0.00,7.00,0.00,0.00,3.00,0.00,0.00,0.00,0.00
11:38:46,5,88.00,0.00,9.00,0.00,0.00,3.00,0.00,0.00,0.00,0.00
11:38:46,6,91.92,0.00,6.06,0.00,0.00,2.02,0.00,0.00,0.00,0.00
11:38:46,7,91.00,0.00,7.00,0.00,0.00,2.00,0.00,0.00,0.00,0.00
11:38:46,12,89.00,0.00,8.00,0.00,0.00,3.00,0.00,0.00,0.00,0.00
11:38:46,13,87.00,0.00,10.00,0.00,0.00,3.00,0.00,0.00,0.00,0.00
11:38:46,14,89.90,0.00,8.08,0.00,0.00,2.02,0.00,0.00,0.00,0.00
11:38:46,15,87.13,0.00,8.91,0.00,0.00,2.97,0.00,0.00,0.00,0.99
11:38:47,4,88.00,0.00,9.00,0.00,0.00,3.00,0.00,0.00,0.00,0.00
11:38:47,5,89.11,0.00,7.92,0.00,0.00,2.97,0.00,0.00,0.00,0.00
11:38:47,6,88.12,0.00,9.90,0.00,0.00,1.98,0.00,0.00,0.00,0.00
11:38:47,7,89.90,0.00,7.07,0.00,0.00,3.03,0.00,0.00,0.00,0.00
11:38:47,12,89.11,0.00,7.92,0.00,0.00,1.98,0.00,0.00,0.00,0.99
11:38:47,13,88.12,0.00,8.91,0.00,0.00,1.98,0.00,0.00,0.00,0.99
11:38:47,14,87.13,0.00,9.90,0.00,0.00,2.97,0.00,0.00,0.00,0.00
11:38:47,15,88.00,0.00,9.00,0.00,0.00,3.00,0.00,0.00,0.00,0.00
11:38:48,4,89.00,0.00,8.00,0.00,0.00,3.00,0.00,0.00,0.00,0.00
11:38:48,5,89.90,0.00,8.08,0.00,0.00,2.02,0.00,0.00,0.00,0.00
11:38:48,6,88.00,0.00,9.00,0.00,0.00,3.00,0.00,0.00,0.00,0.00
11:38:48,7,88.12,0.00,8.91,0.00,0.00,2.97,0.00,0.00,0.00,0.00
11:38:48,12,89.90,0.00,8.08,0.00,0.00,2.02,0.00,0.00,0.00,0.00
11:38:48,13,88.89,0.00,8.08,0.00,0.00,3.03,0.00,0.00,0.00,0.00
11:38:48,14,89.00,0.00,8.00,0.00,0.00,3.00,0.00,0.00,0.00,0.00
11:38:48,15,90.00,0.00,8.00,0.00,0.00,2.00,0.00,0.00,0.00,0.00
11:38:49,4,90.00,0.00,7.00,0.00,0.00,3.00,0.00,0.00,0.00,0.00
11:38:49,5,90.10,0.00,7.92,0.00,0.00,1.98,0.00,0.00,0.00,0.00
11:38:49,6,89.00,0.00,9.00,0.00,0.00,2.00,0.00,0.00,0.00,0.00
11:38:49,7,90.00,0.00,7.00,0.00,0.00,3.00,0.00,0.00,0.00,0.00
11:38:49,12,90.10,0.00,7.92,0.00,0.00,1.98,0.00,0.00,0.00,0.00
11:38:49,13,90.00,0.00,7.00,0.00,0.00,3.00,0.00,0.00,0.00,0.00
11:38:49,14,88.89,0.00,8.08,0.00,0.00,3.03,0.00,0.00,0.00,0.00
11:38:49,15,88.00,0.00,10.00,0.00,0.00,2.00,0.00,0.00,0.00,0.00
11:38:50,4,89.00,0.00,8.00,0.00,0.00,3.00,0.00,0.00,0.00,0.00
11:38:50,5,88.89,0.00,8.08,0.00,0.00,3.03,0.00,0.00,0.00,0.00
11:38:50,6,89.00,0.00,9.00,0.00,0.00,2.00,0.00,0.00,0.00,0.00
11:38:50,7,88.00,0.00,9.00,0.00,0.00,3.00,0.00,0.00,0.00,0.00
11:38:50,12,91.00,0.00,7.00,0.00,0.00,2.00,0.00,0.00,0.00,0.00
11:38:50,13,88.00,0.00,9.00,0.00,0.00,3.00,0.00,0.00,0.00,0.00
11:38:50,14,86.14,0.00,9.90,0.00,0.00,3.96,0.00,0.00,0.00,0.00
11:38:50,15,90.00,0.00,7.00,0.00,0.00,3.00,0.00,0.00,0.00,0.00
11:38:51,4,87.13,0.00,9.90,0.00,0.00,1.98,0.00,0.00,0.00,0.99
11:38:51,5,87.00,0.00,9.00,0.00,0.00,4.00,0.00,0.00,0.00,0.00
11:38:51,6,89.00,0.00,8.00,0.00,0.00,3.00,0.00,0.00,0.00,0.00
11:38:51,7,88.89,0.00,9.09,0.00,0.00,2.02,0.00,0.00,0.00,0.00
11:38:51,12,87.88,0.00,9.09,0.00,0.00,3.03,0.00,0.00,0.00,0.00
11:38:51,13,88.00,0.00,9.00,0.00,0.00,3.00,0.00,0.00,0.00,0.00
11:38:51,14,89.00,0.00,8.00,0.00,0.00,3.00,0.00,0.00,0.00,0.00
11:38:51,15,89.90,0.00,8.08,0.00,0.00,2.02,0.00,0.00,0.00,0.00
11:38:52,4,89.00,0.00,8.00,0.00,0.00,3.00,0.00,0.00,0.00,0.00
11:38:52,5,89.00,0.00,8.00,0.00,0.00,3.00,0.00,0.00,0.00,0.00
11:38:52,6,88.89,0.00,9.09,0.00,0.00,2.02,0.00,0.00,0.00,0.00
11:38:52,7,89.00,0.00,9.00,0.00,0.00,2.00,0.00,0.00,0.00,0.00
11:38:52,12,87.13,0.00,8.91,0.00,0.00,3.96,0.00,0.00,0.00,0.00
11:38:52,13,88.12,0.00,8.91,0.00,0.00,2.97,0.00,0.00,0.00,0.00
11:38:52,14,89.90,0.00,7.07,0.00,0.00,3.03,0.00,0.00,0.00,0.00
11:38:52,15,90.00,0.00,8.00,0.00,0.00,2.00,0.00,0.00,0.00,0.00
11:38:53,4,88.00,0.00,8.00,0.00,0.00,3.00,0.00,0.00,0.00,1.00
11:38:53,5,88.00,0.00,8.00,0.00,0.00,3.00,0.00,0.00,0.00,1.00
11:38:53,6,89.00,0.00,8.00,0.00,0.00,2.00,0.00,0.00,0.00,1.00
11:38:53,7,88.00,0.00,9.00,0.00,0.00,2.00,0.00,0.00,0.00,1.00
11:38:53,12,89.00,0.00,7.00,0.00,0.00,3.00,0.00,0.00,0.00,1.00
11:38:53,13,89.00,0.00,7.00,0.00,0.00,3.00,0.00,0.00,0.00,1.00
11:38:53,14,89.00,0.00,8.00,0.00,0.00,2.00,0.00,0.00,0.00,1.00
11:38:53,15,89.11,0.00,6.93,0.00,0.00,2.97,0.00,0.00,0.00,0.99
11:38:54,4,88.00,0.00,9.00,0.00,0.00,3.00,0.00,0.00,0.00,0.00
11:38:54,5,88.89,0.00,9.09,0.00,0.00,2.02,0.00,0.00,0.00,0.00
11:38:54,6,88.00,0.00,9.00,0.00,0.00,3.00,0.00,0.00,0.00,0.00
11:38:54,7,87.00,0.00,9.00,0.00,0.00,4.00,0.00,0.00,0.00,0.00
11:38:54,12,89.00,0.00,9.00,0.00,0.00,2.00,0.00,0.00,0.00,0.00
11:38:54,13,88.00,0.00,9.00,0.00,0.00,3.00,0.00,0.00,0.00,0.00
11:38:54,14,88.00,0.00,9.00,0.00,0.00,3.00,0.00,0.00,0.00,0.00
11:38:54,15,88.89,0.00,9.09,0.00,0.00,2.02,0.00,0.00,0.00,0.00
11:38:55,4,88.00,0.00,9.00,0.00,0.00,3.00,0.00,0.00,0.00,0.00
11:38:55,5,89.11,0.00,7.92,0.00,0.00,2.97,0.00,0.00,0.00,0.00
11:38:55,6,88.89,0.00,9.09,0.00,0.00,2.02,0.00,0.00,0.00,0.00
11:38:55,7,88.89,0.00,9.09,0.00,0.00,2.02,0.00,0.00,0.00,0.00
11:38:55,12,89.90,0.00,7.07,0.00,0.00,3.03,0.00,0.00,0.00,0.00
11:38:55,13,87.88,0.00,9.09,0.00,0.00,3.03,0.00,0.00,0.00,0.00
11:38:55,14,89.00,0.00,8.00,0.00,0.00,3.00,0.00,0.00,0.00,0.00
11:38:55,15,89.00,0.00,8.00,0.00,0.00,3.00,0.00,0.00,0.00,0.00
11:38:56,4,88.00,0.00,9.00,0.00,0.00,3.00,0.00,0.00,0.00,0.00
11:38:56,5,88.00,0.00,9.00,0.00,0.00,3.00,0.00,0.00,0.00,0.00
11:38:56,6,87.25,0.00,8.82,0.00,0.00,3.92,0.00,0.00,0.00,0.00
11:38:56,7,89.11,0.00,7.92,0.00,0.00,2.97,0.00,0.00,0.00,0.00
11:38:56,12,91.00,0.00,7.00,0.00,0.00,2.00,0.00,0.00,0.00,0.00
11:38:56,13,88.00,0.00,9.00,0.00,0.00,3.00,0.00,0.00,0.00,0.00
11:38:56,14,87.13,0.00,8.91,0.00,0.00,2.97,0.00,0.00,0.00,0.99
11:38:56,15,88.12,0.00,7.92,0.00,0.00,2.97,0.00,0.00,0.00,0.99
11:38:57,4,88.89,0.00,8.08,0.00,0.00,3.03,0.00,0.00,0.00,0.00
11:38:57,5,88.89,0.00,8.08,0.00,0.00,3.03,0.00,0.00,0.00,0.00
11:38:57,6,90.91,0.00,7.07,0.00,0.00,2.02,0.00,0.00,0.00,0.00
11:38:57,7,88.89,0.00,8.08,0.00,0.00,3.03,0.00,0.00,0.00,0.00
11:38:57,12,88.12,0.00,8.91,0.00,0.00,2.97,0.00,0.00,0.00,0.00
11:38:57,13,88.89,0.00,8.08,0.00,0.00,3.03,0.00,0.00,0.00,0.00
11:38:57,14,88.12,0.00,8.91,0.00,0.00,2.97,0.00,0.00,0.00,0.00
11:38:57,15,90.00,0.00,8.00,0.00,0.00,2.00,0.00,0.00,0.00,0.00
11:38:58,4,88.00,0.00,8.00,0.00,0.00,2.00,0.00,0.00,0.00,2.00
11:38:58,5,86.14,0.00,7.92,0.00,0.00,2.97,0.00,0.00,0.00,2.97
11:38:58,6,86.00,0.00,9.00,0.00,0.00,2.00,0.00,0.00,0.00,3.00
11:38:58,7,88.00,0.00,8.00,0.00,0.00,1.00,0.00,0.00,0.00,3.00
11:38:58,12,89.90,0.00,7.07,0.00,0.00,1.01,0.00,0.00,0.00,2.02
11:38:58,13,86.14,0.00,7.92,0.00,0.00,2.97,0.00,0.00,0.00,2.97
11:38:58,14,89.90,0.00,6.06,0.00,0.00,2.02,0.00,0.00,0.00,2.02
11:38:58,15,86.87,0.00,8.08,0.00,0.00,3.03,0.00,0.00,0.00,2.02
11:38:59,4,89.00,0.00,9.00,0.00,0.00,2.00,0.00,0.00,0.00,0.00
11:38:59,5,90.00,0.00,7.00,0.00,0.00,3.00,0.00,0.00,0.00,0.00
11:38:59,6,90.00,0.00,7.00,0.00,0.00,3.00,0.00,0.00,0.00,0.00
11:38:59,7,87.13,0.00,8.91,0.00,0.00,3.96,0.00,0.00,0.00,0.00
11:38:59,12,88.00,0.00,8.00,0.00,0.00,4.00,0.00,0.00,0.00,0.00
11:38:59,13,86.14,0.00,9.90,0.00,0.00,3.96,0.00,0.00,0.00,0.00
11:38:59,14,90.00,0.00,8.00,0.00,0.00,2.00,0.00,0.00,0.00,0.00
11:38:59,15,90.10,0.00,7.92,0.00,0.00,1.98,0.00,0.00,0.00,0.00
11:39:00,4,86.14,0.00,8.91,0.00,0.00,3.96,0.00,0.00,0.00,0.99
11:39:00,5,87.00,0.00,10.00,0.00,0.00,3.00,0.00,0.00,0.00,0.00
11:39:00,6,88.12,0.00,8.91,0.00,0.00,2.97,0.00,0.00,0.00,0.00
11:39:00,7,90.00,0.00,7.00,0.00,0.00,3.00,0.00,0.00,0.00,0.00
11:39:00,12,90.10,0.00,6.93,0.00,0.00,1.98,0.00,0.00,0.00,0.99
11:39:00,13,90.00,0.00,8.00,0.00,0.00,2.00,0.00,0.00,0.00,0.00
11:39:00,14,90.91,0.00,7.07,0.00,0.00,2.02,0.00,0.00,0.00,0.00
11:39:00,15,88.89,0.00,7.07,0.00,0.00,4.04,0.00,0.00,0.00,0.00
11:39:01,4,90.00,0.00,8.00,0.00,0.00,2.00,0.00,0.00,0.00,0.00
11:39:01,5,89.11,0.00,7.92,0.00,0.00,2.97,0.00,0.00,0.00,0.00
11:39:01,6,88.89,0.00,8.08,0.00,0.00,3.03,0.00,0.00,0.00,0.00
11:39:01,7,89.00,0.00,7.00,0.00,0.00,4.00,0.00,0.00,0.00,0.00
11:39:01,12,87.88,0.00,8.08,0.00,0.00,4.04,0.00,0.00,0.00,0.00
11:39:01,13,89.00,0.00,7.00,0.00,0.00,4.00,0.00,0.00,0.00,0.00
11:39:01,14,88.00,0.00,9.00,0.00,0.00,3.00,0.00,0.00,0.00,0.00
11:39:01,15,89.11,0.00,7.92,0.00,0.00,2.97,0.00,0.00,0.00,0.00
11:39:02,4,89.00,0.00,8.00,0.00,0.00,3.00,0.00,0.00,0.00,0.00
11:39:02,5,89.90,0.00,8.08,0.00,0.00,2.02,0.00,0.00,0.00,0.00
11:39:02,6,89.11,0.00,7.92,0.00,0.00,2.97,0.00,0.00,0.00,0.00
11:39:02,7,89.00,0.00,8.00,0.00,0.00,3.00,0.00,0.00,0.00,0.00
11:39:02,12,90.10,0.00,6.93,0.00,0.00,2.97,0.00,0.00,0.00,0.00
11:39:02,13,88.00,0.00,9.00,0.00,0.00,3.00,0.00,0.00,0.00,0.00
11:39:02,14,90.91,0.00,6.06,0.00,0.00,3.03,0.00,0.00,0.00,0.00
11:39:02,15,89.00,0.00,8.00,0.00,0.00,3.00,0.00,0.00,0.00,0.00
11:39:03,4,87.00,0.00,8.00,0.00,0.00,3.00,0.00,0.00,0.00,2.00
11:39:03,5,84.00,0.00,11.00,1.00,0.00,3.00,0.00,0.00,0.00,1.00
11:39:03,6,87.00,0.00,8.00,0.00,0.00,3.00,0.00,0.00,0.00,2.00
11:39:03,7,88.89,0.00,7.07,0.00,0.00,2.02,0.00,0.00,0.00,2.02
11:39:03,12,85.15,0.00,8.91,0.99,0.00,2.97,0.00,0.00,0.00,1.98
11:39:03,13,87.88,0.00,7.07,0.00,0.00,3.03,0.00,0.00,0.00,2.02
11:39:03,14,87.13,0.00,7.92,0.00,0.00,2.97,0.00,0.00,0.00,1.98
11:39:03,15,88.89,0.00,7.07,0.00,0.00,2.02,0.00,0.00,0.00,2.02
11:39:04,4,92.00,0.00,7.00,0.00,0.00,1.00,0.00,0.00,0.00,0.00
11:39:04,5,90.00,0.00,7.00,0.00,0.00,3.00,0.00,0.00,0.00,0.00
11:39:04,6,90.91,0.00,7.07,0.00,0.00,2.02,0.00,0.00,0.00,0.00
11:39:04,7,89.00,0.00,8.00,0.00,0.00,3.00,0.00,0.00,0.00,0.00
11:39:04,12,89.90,0.00,8.08,0.00,0.00,2.02,0.00,0.00,0.00,0.00
11:39:04,13,88.89,0.00,8.08,0.00,0.00,3.03,0.00,0.00,0.00,0.00
11:39:04,14,89.00,0.00,8.00,0.00,0.00,3.00,0.00,0.00,0.00,0.00
11:39:04,15,87.13,0.00,8.91,0.00,0.00,2.97,0.00,0.00,0.00,0.99
11:39:05,4,89.00,0.00,8.00,0.00,0.00,3.00,0.00,0.00,0.00,0.00
11:39:05,5,89.90,0.00,8.08,0.00,0.00,2.02,0.00,0.00,0.00,0.00
11:39:05,6,88.00,0.00,9.00,0.00,0.00,3.00,0.00,0.00,0.00,0.00
11:39:05,7,87.13,0.00,7.92,0.00,0.00,3.96,0.00,0.00,0.00,0.99
11:39:05,12,90.91,0.00,6.06,0.00,0.00,3.03,0.00,0.00,0.00,0.00
11:39:05,13,90.10,0.00,6.93,0.00,0.00,2.97,0.00,0.00,0.00,0.00
11:39:05,14,90.10,0.00,6.93,0.00,0.00,1.98,0.00,0.00,0.00,0.99
11:39:05,15,88.00,0.00,9.00,0.00,0.00,3.00,0.00,0.00,0.00,0.00
11:39:06,4,90.91,0.00,7.07,0.00,0.00,2.02,0.00,0.00,0.00,0.00
11:39:06,5,88.12,0.00,8.91,0.00,0.00,2.97,0.00,0.00,0.00,0.00
11:39:06,6,89.90,0.00,8.08,0.00,0.00,2.02,0.00,0.00,0.00,0.00
11:39:06,7,88.00,0.00,9.00,0.00,0.00,3.00,0.00,0.00,0.00,0.00
11:39:06,12,88.24,0.00,8.82,0.00,0.00,2.94,0.00,0.00,0.00,0.00
11:39:06,13,89.90,0.00,8.08,0.00,0.00,2.02,0.00,0.00,0.00,0.00
11:39:06,14,89.90,0.00,8.08,0.00,0.00,2.02,0.00,0.00,0.00,0.00
11:39:06,15,91.00,0.00,8.00,0.00,0.00,1.00,0.00,0.00,0.00,0.00
11:39:07,4,89.11,0.00,7.92,0.00,0.00,2.97,0.00,0.00,0.00,0.00
11:39:07,5,88.00,0.00,9.00,0.00,0.00,3.00,0.00,0.00,0.00,0.00
11:39:07,6,88.12,0.00,7.92,0.00,0.00,2.97,0.00,0.00,0.00,0.99
11:39:07,7,90.00,0.00,7.00,0.00,0.00,3.00,0.00,0.00,0.00,0.00
11:39:07,12,88.89,0.00,8.08,0.00,0.00,3.03,0.00,0.00,0.00,0.00
11:39:07,13,87.25,0.00,8.82,0.00,0.00,2.94,0.00,0.00,0.00,0.98
11:39:07,14,88.00,0.00,9.00,0.00,0.00,3.00,0.00,0.00,0.00,0.00
11:39:07,15,88.00,0.00,9.00,0.00,0.00,3.00,0.00,0.00,0.00,0.00
11:39:08,4,89.90,0.00,7.07,0.00,0.00,3.03,0.00,0.00,0.00,0.00
11:39:08,5,89.90,0.00,7.07,0.00,0.00,3.03,0.00,0.00,0.00,0.00
11:39:08,6,90.10,0.00,6.93,0.00,0.00,2.97,0.00,0.00,0.00,0.00
11:39:08,7,89.00,0.00,8.00,0.00,0.00,3.00,0.00,0.00,0.00,0.00
11:39:08,12,90.00,0.00,8.00,0.00,0.00,2.00,0.00,0.00,0.00,0.00
11:39:08,13,90.00,0.00,7.00,0.00,0.00,3.00,0.00,0.00,0.00,0.00
11:39:08,14,89.00,0.00,8.00,0.00,0.00,3.00,0.00,0.00,0.00,0.00
11:39:08,15,88.00,0.00,9.00,0.00,0.00,3.00,0.00,0.00,0.00,0.00
11:39:09,4,89.00,0.00,8.00,0.00,0.00,3.00,0.00,0.00,0.00,0.00
11:39:09,5,89.00,0.00,8.00,0.00,0.00,3.00,0.00,0.00,0.00,0.00
11:39:09,6,89.90,0.00,7.07,0.00,0.00,3.03,0.00,0.00,0.00,0.00
11:39:09,7,91.00,0.00,7.00,0.00,0.00,2.00,0.00,0.00,0.00,0.00
11:39:09,12,87.00,0.00,9.00,0.00,0.00,4.00,0.00,0.00,0.00,0.00
11:39:09,13,89.00,0.00,9.00,0.00,0.00,2.00,0.00,0.00,0.00,0.00
11:39:09,14,88.00,0.00,9.00,0.00,0.00,3.00,0.00,0.00,0.00,0.00
11:39:09,15,89.00,0.00,8.00,0.00,0.00,3.00,0.00,0.00,0.00,0.00
11:39:10,4,88.12,0.00,8.91,0.00,0.00,1.98,0.00,0.00,0.00,0.99
11:39:10,5,85.29,0.00,9.80,0.00,0.00,3.92,0.00,0.00,0.00,0.98
11:39:10,6,88.00,0.00,9.00,0.00,0.00,3.00,0.00,0.00,0.00,0.00
11:39:10,7,88.89,0.00,9.09,0.00,0.00,2.02,0.00,0.00,0.00,0.00
11:39:10,12,89.11,0.00,7.92,0.00,0.00,1.98,0.00,0.00,0.00,0.99
11:39:10,13,88.89,0.00,9.09,0.00,0.00,2.02,0.00,0.00,0.00,0.00
11:39:10,14,90.00,0.00,7.00,0.00,0.00,3.00,0.00,0.00,0.00,0.00
11:39:10,15,90.82,0.00,7.14,0.00,0.00,2.04,0.00,0.00,0.00,0.00
11:39:11,4,90.91,0.00,7.07,0.00,0.00,2.02,0.00,0.00,0.00,0.00
11:39:11,5,88.00,0.00,9.00,0.00,0.00,3.00,0.00,0.00,0.00,0.00
11:39:11,6,89.00,0.00,9.00,0.00,0.00,2.00,0.00,0.00,0.00,0.00
11:39:11,7,89.00,0.00,8.00,0.00,0.00,3.00,0.00,0.00,0.00,0.00
11:39:11,12,90.00,0.00,8.00,0.00,0.00,2.00,0.00,0.00,0.00,0.00
11:39:11,13,90.00,0.00,6.00,0.00,0.00,4.00,0.00,0.00,0.00,0.00
11:39:11,14,90.00,0.00,8.00,0.00,0.00,2.00,0.00,0.00,0.00,0.00
11:39:11,15,89.00,0.00,8.00,0.00,0.00,3.00,0.00,0.00,0.00,0.00
11:39:12,4,91.09,0.00,6.93,0.00,0.00,1.98,0.00,0.00,0.00,0.00
11:39:12,5,89.90,0.00,8.08,0.00,0.00,2.02,0.00,0.00,0.00,0.00
11:39:12,6,89.11,0.00,7.92,0.00,0.00,2.97,0.00,0.00,0.00,0.00
11:39:12,7,88.00,0.00,9.00,0.00,0.00,3.00,0.00,0.00,0.00,0.00
11:39:12,12,89.00,0.00,8.00,0.00,0.00,3.00,0.00,0.00,0.00,0.00
11:39:12,13,91.00,0.00,8.00,0.00,0.00,1.00,0.00,0.00,0.00,0.00
11:39:12,14,87.13,0.00,9.90,0.00,0.00,2.97,0.00,0.00,0.00,0.00
11:39:12,15,90.00,0.00,8.00,0.00,0.00,2.00,0.00,0.00,0.00,0.00
11:39:13,4,90.00,0.00,8.00,0.00,0.00,2.00,0.00,0.00,0.00,0.00
11:39:13,5,90.00,0.00,8.00,0.00,0.00,2.00,0.00,0.00,0.00,0.00
11:39:13,6,88.78,0.00,9.18,0.00,0.00,2.04,0.00,0.00,0.00,0.00
11:39:13,7,89.00,0.00,8.00,0.00,0.00,3.00,0.00,0.00,0.00,0.00
11:39:13,12,89.90,0.00,8.08,0.00,0.00,2.02,0.00,0.00,0.00,0.00
11:39:13,13,88.00,0.00,9.00,0.00,0.00,3.00,0.00,0.00,0.00,0.00
11:39:13,14,89.80,0.00,8.16,0.00,0.00,2.04,0.00,0.00,0.00,0.00
11:39:13,15,86.27,0.00,8.82,0.00,0.00,3.92,0.00,0.00,0.00,0.98
11:39:14,4,90.00,0.00,8.00,0.00,0.00,2.00,0.00,0.00,0.00,0.00
11:39:14,5,88.00,0.00,9.00,0.00,0.00,3.00,0.00,0.00,0.00,0.00
11:39:14,6,86.00,0.00,11.00,0.00,0.00,3.00,0.00,0.00,0.00,0.00
11:39:14,7,89.11,0.00,7.92,0.00,0.00,1.98,0.00,0.00,0.00,0.99
11:39:14,12,91.00,0.00,7.00,0.00,0.00,2.00,0.00,0.00,0.00,0.00
11:39:14,13,91.00,0.00,6.00,0.00,0.00,3.00,0.00,0.00,0.00,0.00
11:39:14,14,88.12,0.00,7.92,0.00,0.00,3.96,0.00,0.00,0.00,0.00
11:39:14,15,88.00,0.00,9.00,0.00,0.00,3.00,0.00,0.00,0.00,0.00
11:39:15,4,89.00,0.00,8.00,0.00,0.00,3.00,0.00,0.00,0.00,0.00
11:39:15,5,89.00,0.00,8.00,0.00,0.00,3.00,0.00,0.00,0.00,0.00
11:39:15,6,89.11,0.00,7.92,0.00,0.00,2.97,0.00,0.00,0.00,0.00
11:39:15,7,89.90,0.00,8.08,0.00,0.00,2.02,0.00,0.00,0.00,0.00
11:39:15,12,88.12,0.00,8.91,0.00,0.00,2.97,0.00,0.00,0.00,0.00
11:39:15,13,88.89,0.00,7.07,0.00,0.00,4.04,0.00,0.00,0.00,0.00
11:39:15,14,89.90,0.00,7.07,0.00,0.00,3.03,0.00,0.00,0.00,0.00
11:39:15,15,88.89,0.00,9.09,0.00,0.00,2.02,0.00,0.00,0.00,0.00
11:39:16,4,88.89,0.00,8.08,0.00,0.00,3.03,0.00,0.00,0.00,0.00
11:39:16,5,90.00,0.00,7.00,0.00,0.00,3.00,0.00,0.00,0.00,0.00
11:39:16,6,88.00,0.00,9.00,0.00,0.00,3.00,0.00,0.00,0.00,0.00
11:39:16,7,89.11,0.00,8.91,0.00,0.00,1.98,0.00,0.00,0.00,0.00
11:39:16,12,88.89,0.00,8.08,0.00,0.00,3.03,0.00,0.00,0.00,0.00
11:39:16,13,89.11,0.00,7.92,0.00,0.00,2.97,0.00,0.00,0.00,0.00
11:39:16,14,89.00,0.00,9.00,0.00,0.00,2.00,0.00,0.00,0.00,0.00
11:39:16,15,89.00,0.00,8.00,0.00,0.00,3.00,0.00,0.00,0.00,0.00
11:39:17,4,89.11,0.00,8.91,0.00,0.00,1.98,0.00,0.00,0.00,0.00
11:39:17,5,89.90,0.00,8.08,0.00,0.00,2.02,0.00,0.00,0.00,0.00
11:39:17,6,90.91,0.00,7.07,0.00,0.00,2.02,0.00,0.00,0.00,0.00
11:39:17,7,89.00,0.00,7.00,0.00,0.00,4.00,0.00,0.00,0.00,0.00
11:39:17,12,90.10,0.00,6.93,0.00,0.00,2.97,0.00,0.00,0.00,0.00
11:39:17,13,87.00,0.00,9.00,0.00,0.00,4.00,0.00,0.00,0.00,0.00
11:39:17,14,90.00,0.00,7.00,0.00,0.00,3.00,0.00,0.00,0.00,0.00
11:39:17,15,89.00,0.00,9.00,0.00,0.00,2.00,0.00,0.00,0.00,0.00
11:39:18,4,89.90,0.00,7.07,0.00,0.00,3.03,0.00,0.00,0.00,0.00
11:39:18,5,89.11,0.00,7.92,0.00,0.00,2.97,0.00,0.00,0.00,0.00
11:39:18,6,89.11,0.00,6.93,0.00,0.00,3.96,0.00,0.00,0.00,0.00
11:39:18,7,90.00,0.00,7.00,0.00,0.00,3.00,0.00,0.00,0.00,0.00
11:39:18,12,90.00,0.00,7.00,0.00,0.00,3.00,0.00,0.00,0.00,0.00
11:39:18,13,89.00,0.00,9.00,0.00,0.00,2.00,0.00,0.00,0.00,0.00
11:39:18,14,91.00,0.00,7.00,0.00,0.00,2.00,0.00,0.00,0.00,0.00
11:39:18,15,88.00,0.00,9.00,0.00,0.00,3.00,0.00,0.00,0.00,0.00
11:39:19,4,86.00,0.00,10.00,0.00,0.00,3.00,0.00,0.00,0.00,1.00
11:39:19,5,88.89,0.00,7.07,0.00,0.00,3.03,0.00,0.00,0.00,1.01
11:39:19,6,88.00,0.00,9.00,0.00,0.00,2.00,0.00,0.00,0.00,1.00
11:39:19,7,88.89,0.00,8.08,0.00,0.00,2.02,0.00,0.00,0.00,1.01
11:39:19,12,90.82,0.00,7.14,0.00,0.00,1.02,0.00,0.00,0.00,1.02
11:39:19,13,87.88,0.00,9.09,0.00,0.00,2.02,0.00,0.00,0.00,1.01
11:39:19,14,86.27,0.00,8.82,0.00,0.00,2.94,0.00,0.00,0.00,1.96
11:39:19,15,88.00,0.00,8.00,0.00,0.00,3.00,0.00,0.00,0.00,1.00
11:39:20,4,90.00,0.00,8.00,0.00,0.00,2.00,0.00,0.00,0.00,0.00
11:39:20,5,88.12,0.00,8.91,0.00,0.00,2.97,0.00,0.00,0.00,0.00
11:39:20,6,88.12,0.00,7.92,0.00,0.00,2.97,0.00,0.00,0.00,0.99
11:39:20,7,89.00,0.00,8.00,0.00,0.00,3.00,0.00,0.00,0.00,0.00
11:39:20,12,89.11,0.00,8.91,0.00,0.00,1.98,0.00,0.00,0.00,0.00
11:39:20,13,88.12,0.00,7.92,0.00,0.00,2.97,0.00,0.00,0.00,0.99
11:39:20,14,89.90,0.00,8.08,0.00,0.00,2.02,0.00,0.00,0.00,0.00
11:39:20,15,88.00,0.00,8.00,0.00,0.00,4.00,0.00,0.00,0.00,0.00
11:39:21,4,89.90,0.00,8.08,0.00,0.00,2.02,0.00,0.00,0.00,0.00
11:39:21,5,88.00,0.00,9.00,0.00,0.00,3.00,0.00,0.00,0.00,0.00
11:39:21,6,88.89,0.00,9.09,0.00,0.00,2.02,0.00,0.00,0.00,0.00
11:39:21,7,90.00,0.00,8.00,0.00,0.00,2.00,0.00,0.00,0.00,0.00
11:39:21,12,88.00,0.00,9.00,0.00,0.00,3.00,0.00,0.00,0.00,0.00
11:39:21,13,88.12,0.00,8.91,0.00,0.00,2.97,0.00,0.00,0.00,0.00
11:39:21,14,90.00,0.00,8.00,0.00,0.00,2.00,0.00,0.00,0.00,0.00
11:39:21,15,88.89,0.00,8.08,0.00,0.00,3.03,0.00,0.00,0.00,0.00
11:39:22,4,90.10,0.00,7.92,0.00,0.00,1.98,0.00,0.00,0.00,0.00
11:39:22,5,87.00,0.00,10.00,0.00,0.00,3.00,0.00,0.00,0.00,0.00
11:39:22,6,87.00,0.00,9.00,0.00,0.00,4.00,0.00,0.00,0.00,0.00
11:39:22,7,89.11,0.00,8.91,0.00,0.00,1.98,0.00,0.00,0.00,0.00
11:39:22,12,90.91,0.00,7.07,0.00,0.00,2.02,0.00,0.00,0.00,0.00
11:39:22,13,87.88,0.00,9.09,0.00,0.00,3.03,0.00,0.00,0.00,0.00
11:39:22,14,89.90,0.00,7.07,0.00,0.00,3.03,0.00,0.00,0.00,0.00
11:39:22,15,90.00,0.00,7.00,0.00,0.00,3.00,0.00,0.00,0.00,0.00
11:39:23,4,90.91,0.00,7.07,0.00,0.00,2.02,0.00,0.00,0.00,0.00
11:39:23,5,88.89,0.00,9.09,0.00,0.00,2.02,0.00,0.00,0.00,0.00
11:39:23,6,87.00,0.00,10.00,0.00,0.00,3.00,0.00,0.00,0.00,0.00
11:39:23,7,89.90,0.00,8.08,0.00,0.00,2.02,0.00,0.00,0.00,0.00
11:39:23,12,89.22,0.00,7.84,0.00,0.00,2.94,0.00,0.00,0.00,0.00
11:39:23,13,89.00,0.00,8.00,0.00,0.00,3.00,0.00,0.00,0.00,0.00
11:39:23,14,89.00,0.00,8.00,0.00,0.00,3.00,0.00,0.00,0.00,0.00
11:39:23,15,89.00,0.00,9.00,0.00,0.00,2.00,0.00,0.00,0.00,0.00
11:39:24,4,86.14,0.00,8.91,0.00,0.00,1.98,0.00,0.00,0.00,2.97
11:39:24,5,85.29,0.00,7.84,0.00,0.00,3.92,0.00,0.00,0.00,2.94
11:39:24,6,87.88,0.00,8.08,0.00,0.00,2.02,0.00,0.00,0.00,2.02
11:39:24,7,88.12,0.00,6.93,0.00,0.00,2.97,0.00,0.00,0.00,1.98
11:39:24,12,86.87,0.00,8.08,0.00,0.00,2.02,0.00,0.00,0.00,3.03
11:39:24,13,84.85,0.00,10.10,0.00,0.00,3.03,0.00,0.00,0.00,2.02
11:39:24,14,87.13,0.00,7.92,0.00,0.00,2.97,0.00,0.00,0.00,1.98
11:39:24,15,86.27,0.00,7.84,0.00,0.00,2.94,0.00,0.00,0.00,2.94
11:39:25,4,90.00,0.00,8.00,0.00,0.00,2.00,0.00,0.00,0.00,0.00
11:39:25,5,88.89,0.00,9.09,0.00,0.00,2.02,0.00,0.00,0.00,0.00
11:39:25,6,88.12,0.00,8.91,0.00,0.00,2.97,0.00,0.00,0.00,0.00
11:39:25,7,89.00,0.00,7.00,0.00,0.00,3.00,0.00,0.00,0.00,1.00
11:39:25,12,88.12,0.00,8.91,0.00,0.00,2.97,0.00,0.00,0.00,0.00
11:39:25,13,89.11,0.00,7.92,0.00,0.00,2.97,0.00,0.00,0.00,0.00
11:39:25,14,88.89,0.00,9.09,0.00,0.00,2.02,0.00,0.00,0.00,0.00
11:39:25,15,88.89,0.00,8.08,0.00,0.00,3.03,0.00,0.00,0.00,0.00
11:39:26,4,88.00,0.00,9.00,0.00,0.00,3.00,0.00,0.00,0.00,0.00
11:39:26,5,87.88,0.00,9.09,0.00,0.00,3.03,0.00,0.00,0.00,0.00
11:39:26,6,91.00,0.00,7.00,0.00,0.00,2.00,0.00,0.00,0.00,0.00
11:39:26,7,88.12,0.00,8.91,0.00,0.00,2.97,0.00,0.00,0.00,0.00
11:39:26,12,91.92,0.00,7.07,0.00,0.00,1.01,0.00,0.00,0.00,0.00
11:39:26,13,91.00,0.00,6.00,0.00,0.00,3.00,0.00,0.00,0.00,0.00
11:39:26,14,89.00,0.00,9.00,0.00,0.00,2.00,0.00,0.00,0.00,0.00
11:39:26,15,90.00,0.00,7.00,0.00,0.00,3.00,0.00,0.00,0.00,0.00
11:39:27,4,87.00,0.00,9.00,0.00,0.00,4.00,0.00,0.00,0.00,0.00
11:39:27,5,89.00,0.00,9.00,0.00,0.00,2.00,0.00,0.00,0.00,0.00
11:39:27,6,87.00,0.00,10.00,0.00,0.00,3.00,0.00,0.00,0.00,0.00
11:39:27,7,88.78,0.00,8.16,0.00,0.00,3.06,0.00,0.00,0.00,0.00
11:39:27,12,87.00,0.00,11.00,0.00,0.00,2.00,0.00,0.00,0.00,0.00
11:39:27,13,88.00,0.00,9.00,0.00,0.00,3.00,0.00,0.00,0.00,0.00
11:39:27,14,90.00,0.00,7.00,0.00,0.00,2.00,0.00,0.00,0.00,1.00
11:39:27,15,90.00,0.00,8.00,0.00,0.00,2.00,0.00,0.00,0.00,0.00
11:39:28,4,89.00,0.00,7.00,0.00,0.00,4.00,0.00,0.00,0.00,0.00
11:39:28,5,89.11,0.00,7.92,0.00,0.00,2.97,0.00,0.00,0.00,0.00
11:39:28,6,87.88,0.00,9.09,0.00,0.00,3.03,0.00,0.00,0.00,0.00
11:39:28,7,88.00,0.00,9.00,0.00,0.00,3.00,0.00,0.00,0.00,0.00
11:39:28,12,89.00,0.00,8.00,0.00,0.00,3.00,0.00,0.00,0.00,0.00
11:39:28,13,90.91,0.00,7.07,0.00,0.00,2.02,0.00,0.00,0.00,0.00
11:39:28,14,88.12,0.00,7.92,0.00,0.00,3.96,0.00,0.00,0.00,0.00
11:39:28,15,86.87,0.00,10.10,0.00,0.00,3.03,0.00,0.00,0.00,0.00
11:39:29,4,88.00,0.00,8.00,0.00,0.00,2.00,0.00,0.00,0.00,2.00
11:39:29,5,85.86,0.00,9.09,0.00,0.00,3.03,0.00,0.00,0.00,2.02
11:39:29,6,85.15,0.00,9.90,0.00,0.00,1.98,0.00,0.00,0.00,2.97
11:39:29,7,87.13,0.00,7.92,0.00,0.00,2.97,0.00,0.00,0.00,1.98
11:39:29,12,87.00,0.00,8.00,0.00,0.00,3.00,0.00,0.00,0.00,2.00
11:39:29,13,86.14,0.00,7.92,0.00,0.00,2.97,0.00,0.00,0.00,2.97
11:39:29,14,88.00,0.00,7.00,0.00,0.00,3.00,0.00,0.00,0.00,2.00
11:39:29,15,87.00,0.00,8.00,0.00,0.00,3.00,0.00,0.00,0.00,2.00
11:39:30,4,89.00,0.00,7.00,0.00,0.00,4.00,0.00,0.00,0.00,0.00
11:39:30,5,88.00,0.00,9.00,0.00,0.00,3.00,0.00,0.00,0.00,0.00
11:39:30,6,88.89,0.00,8.08,0.00,0.00,3.03,0.00,0.00,0.00,0.00
11:39:30,7,88.89,0.00,8.08,0.00,0.00,3.03,0.00,0.00,0.00,0.00
11:39:30,12,87.13,0.00,8.91,0.00,0.00,2.97,0.00,0.00,0.00,0.99
11:39:30,13,91.00,0.00,7.00,0.00,0.00,2.00,0.00,0.00,0.00,0.00
11:39:30,14,90.00,0.00,8.00,0.00,0.00,2.00,0.00,0.00,0.00,0.00
11:39:30,15,88.24,0.00,6.86,0.00,0.00,3.92,0.00,0.00,0.00,0.98
11:39:31,4,88.00,0.00,9.00,0.00,0.00,3.00,0.00,0.00,0.00,0.00
11:39:31,5,88.00,0.00,8.00,0.00,0.00,3.00,0.00,0.00,0.00,1.00
11:39:31,6,89.90,0.00,8.08,0.00,0.00,2.02,0.00,0.00,0.00,0.00
11:39:31,7,89.00,0.00,8.00,0.00,0.00,3.00,0.00,0.00,0.00,0.00
11:39:31,12,87.00,0.00,9.00,0.00,0.00,4.00,0.00,0.00,0.00,0.00
11:39:31,13,89.90,0.00,8.08,0.00,0.00,2.02,0.00,0.00,0.00,0.00
11:39:31,14,88.89,0.00,8.08,0.00,0.00,3.03,0.00,0.00,0.00,0.00
11:39:31,15,90.00,0.00,7.00,0.00,0.00,3.00,0.00,0.00,0.00,0.00
11:39:32,4,90.10,0.00,5.94,0.00,0.00,2.97,0.00,0.00,0.00,0.99
11:39:32,5,89.11,0.00,7.92,0.00,0.00,2.97,0.00,0.00,0.00,0.00
11:39:32,6,90.00,0.00,6.00,0.00,0.00,4.00,0.00,0.00,0.00,0.00
11:39:32,7,89.11,0.00,7.92,0.00,0.00,1.98,0.00,0.00,0.00,0.99
11:39:32,12,89.90,0.00,7.07,0.00,0.00,3.03,0.00,0.00,0.00,0.00
11:39:32,13,90.00,0.00,7.00,0.00,0.00,3.00,0.00,0.00,0.00,0.00
11:39:32,14,89.11,0.00,6.93,0.00,0.00,3.96,0.00,0.00,0.00,0.00
11:39:32,15,89.90,0.00,7.07,0.00,0.00,3.03,0.00,0.00,0.00,0.00
11:39:33,4,89.90,0.00,8.08,0.00,0.00,2.02,0.00,0.00,0.00,0.00
11:39:33,5,88.89,0.00,8.08,0.00,0.00,3.03,0.00,0.00,0.00,0.00
11:39:33,6,87.13,0.00,8.91,0.00,0.00,3.96,0.00,0.00,0.00,0.00
11:39:33,7,91.00,0.00,7.00,0.00,0.00,2.00,0.00,0.00,0.00,0.00
11:39:33,12,89.00,0.00,8.00,0.00,0.00,3.00,0.00,0.00,0.00,0.00
11:39:33,13,89.11,0.00,6.93,0.00,0.00,3.96,0.00,0.00,0.00,0.00
11:39:33,14,87.88,0.00,8.08,0.00,0.00,4.04,0.00,0.00,0.00,0.00
11:39:33,15,89.00,0.00,8.00,0.00,0.00,3.00,0.00,0.00,0.00,0.00
11:39:34,4,90.00,0.00,8.00,0.00,0.00,2.00,0.00,0.00,0.00,0.00
11:39:34,5,89.11,0.00,7.92,0.00,0.00,2.97,0.00,0.00,0.00,0.00
11:39:34,6,90.00,0.00,8.00,0.00,0.00,2.00,0.00,0.00,0.00,0.00
11:39:34,7,88.00,0.00,9.00,0.00,0.00,3.00,0.00,0.00,0.00,0.00
11:39:34,12,88.12,0.00,8.91,0.00,0.00,2.97,0.00,0.00,0.00,0.00
11:39:34,13,89.00,0.00,8.00,0.00,0.00,3.00,0.00,0.00,0.00,0.00
11:39:34,14,87.13,0.00,9.90,0.00,0.00,2.97,0.00,0.00,0.00,0.00
11:39:34,15,90.91,0.00,7.07,0.00,0.00,2.02,0.00,0.00,0.00,0.00
11:39:35,4,89.00,0.00,8.00,0.00,0.00,3.00,0.00,0.00,0.00,0.00
11:39:35,5,89.90,0.00,7.07,0.00,0.00,3.03,0.00,0.00,0.00,0.00
11:39:35,6,90.00,0.00,7.00,0.00,0.00,3.00,0.00,0.00,0.00,0.00
11:39:35,7,90.00,0.00,8.00,0.00,0.00,2.00,0.00,0.00,0.00,0.00
11:39:35,12,90.91,0.00,7.07,0.00,0.00,2.02,0.00,0.00,0.00,0.00
11:39:35,13,88.00,0.00,9.00,0.00,0.00,3.00,0.00,0.00,0.00,0.00
11:39:35,14,90.00,0.00,7.00,0.00,0.00,3.00,0.00,0.00,0.00,0.00
11:39:35,15,89.00,0.00,8.00,0.00,0.00,3.00,0.00,0.00,0.00,0.00
11:39:36,4,90.00,0.00,8.00,0.00,0.00,2.00,0.00,0.00,0.00,0.00
11:39:36,5,88.12,0.00,7.92,0.00,0.00,3.96,0.00,0.00,0.00,0.00
11:39:36,6,88.89,0.00,9.09,0.00,0.00,2.02,0.00,0.00,0.00,0.00
11:39:36,7,90.00,0.00,8.00,0.00,0.00,2.00,0.00,0.00,0.00,0.00
11:39:36,12,90.00,0.00,7.00,0.00,0.00,3.00,0.00,0.00,0.00,0.00
11:39:36,13,89.00,0.00,8.00,0.00,0.00,3.00,0.00,0.00,0.00,0.00
11:39:36,14,88.89,0.00,8.08,0.00,0.00,3.03,0.00,0.00,0.00,0.00
11:39:36,15,89.00,0.00,7.00,0.00,0.00,4.00,0.00,0.00,0.00,0.00
11:39:37,4,88.00,0.00,8.00,0.00,0.00,4.00,0.00,0.00,0.00,0.00
11:39:37,5,89.00,0.00,8.00,0.00,0.00,3.00,0.00,0.00,0.00,0.00
11:39:37,6,87.13,0.00,9.90,0.00,0.00,2.97,0.00,0.00,0.00,0.00
11:39:37,7,89.90,0.00,7.07,0.00,0.00,3.03,0.00,0.00,0.00,0.00
11:39:37,12,89.11,0.00,7.92,0.00,0.00,2.97,0.00,0.00,0.00,0.00
11:39:37,13,89.90,0.00,8.08,0.00,0.00,2.02,0.00,0.00,0.00,0.00
11:39:37,14,88.00,0.00,9.00,0.00,0.00,3.00,0.00,0.00,0.00,0.00
11:39:37,15,89.11,0.00,7.92,0.00,0.00,2.97,0.00,0.00,0.00,0.00
11:39:38,4,89.90,0.00,8.08,0.00,0.00,2.02,0.00,0.00,0.00,0.00
11:39:38,5,88.89,0.00,8.08,0.00,0.00,3.03,0.00,0.00,0.00,0.00
11:39:38,6,89.00,0.00,9.00,0.00,0.00,2.00,0.00,0.00,0.00,0.00
11:39:38,7,89.00,0.00,8.00,0.00,0.00,3.00,0.00,0.00,0.00,0.00
11:39:38,12,89.90,0.00,7.07,0.00,0.00,3.03,0.00,0.00,0.00,0.00
11:39:38,13,86.27,0.00,8.82,0.00,0.00,3.92,0.00,0.00,0.00,0.98
11:39:38,14,89.00,0.00,7.00,0.00,0.00,3.00,0.00,0.00,0.00,1.00
11:39:38,15,87.88,0.00,9.09,0.00,0.00,3.03,0.00,0.00,0.00,0.00
11:39:39,4,91.00,0.00,7.00,0.00,0.00,2.00,0.00,0.00,0.00,0.00
11:39:39,5,89.00,0.00,8.00,0.00,0.00,3.00,0.00,0.00,0.00,0.00
11:39:39,6,88.89,0.00,9.09,0.00,0.00,2.02,0.00,0.00,0.00,0.00
11:39:39,7,87.13,0.00,8.91,0.00,0.00,3.96,0.00,0.00,0.00,0.00
11:39:39,12,90.00,0.00,8.00,0.00,0.00,2.00,0.00,0.00,0.00,0.00
11:39:39,13,90.91,0.00,7.07,0.00,0.00,2.02,0.00,0.00,0.00,0.00
11:39:39,14,86.14,0.00,9.90,0.00,0.00,3.96,0.00,0.00,0.00,0.00
11:39:39,15,88.12,0.00,8.91,0.00,0.00,2.97,0.00,0.00,0.00,0.00
11:39:40,4,87.00,0.00,10.00,0.00,0.00,3.00,0.00,0.00,0.00,0.00
11:39:40,5,88.12,0.00,8.91,0.00,0.00,2.97,0.00,0.00,0.00,0.00
11:39:40,6,90.00,0.00,8.00,0.00,0.00,2.00,0.00,0.00,0.00,0.00
11:39:40,7,89.90,0.00,7.07,0.00,0.00,3.03,0.00,0.00,0.00,0.00
11:39:40,12,87.88,0.00,10.10,0.00,0.00,2.02,0.00,0.00,0.00,0.00
11:39:40,13,89.11,0.00,7.92,0.00,0.00,2.97,0.00,0.00,0.00,0.00
11:39:40,14,86.00,0.00,10.00,0.00,0.00,4.00,0.00,0.00,0.00,0.00
11:39:40,15,90.91,0.00,7.07,0.00,0.00,2.02,0.00,0.00,0.00,0.00
11:39:41,4,89.11,0.00,7.92,0.00,0.00,2.97,0.00,0.00,0.00,0.00
11:39:41,5,89.90,0.00,8.08,0.00,0.00,2.02,0.00,0.00,0.00,0.00
11:39:41,6,88.12,0.00,7.92,0.00,0.00,2.97,0.00,0.00,0.00,0.99
11:39:41,7,87.00,0.00,10.00,0.00,0.00,3.00,0.00,0.00,0.00,0.00
11:39:41,12,89.00,0.00,8.00,0.00,0.00,3.00,0.00,0.00,0.00,0.00
11:39:41,13,90.82,0.00,7.14,0.00,0.00,2.04,0.00,0.00,0.00,0.00
11:39:41,14,89.90,0.00,8.08,0.00,0.00,2.02,0.00,0.00,0.00,0.00
11:39:41,15,89.00,0.00,8.00,0.00,0.00,3.00,0.00,0.00,0.00,0.00
11:39:42,4,90.91,0.00,6.06,0.00,0.00,3.03,0.00,0.00,0.00,0.00
11:39:42,5,87.88,0.00,9.09,0.00,0.00,3.03,0.00,0.00,0.00,0.00
11:39:42,6,88.00,0.00,10.00,0.00,0.00,2.00,0.00,0.00,0.00,0.00
11:39:42,7,86.14,0.00,9.90,0.00,0.00,3.96,0.00,0.00,0.00,0.00
11:39:42,12,90.00,0.00,8.00,0.00,0.00,2.00,0.00,0.00,0.00,0.00
11:39:42,13,90.00,0.00,7.00,0.00,0.00,3.00,0.00,0.00,0.00,0.00
11:39:42,14,89.11,0.00,7.92,0.00,0.00,2.97,0.00,0.00,0.00,0.00
11:39:42,15,90.00,0.00,7.00,0.00,0.00,3.00,0.00,0.00,0.00,0.00
11:39:43,4,91.00,0.00,7.00,0.00,0.00,2.00,0.00,0.00,0.00,0.00
11:39:43,5,89.22,0.00,7.84,0.00,0.00,2.94,0.00,0.00,0.00,0.00
11:39:43,6,90.00,0.00,8.00,0.00,0.00,2.00,0.00,0.00,0.00,0.00
11:39:43,7,89.90,0.00,8.08,0.00,0.00,2.02,0.00,0.00,0.00,0.00
11:39:43,12,89.00,0.00,8.00,0.00,0.00,3.00,0.00,0.00,0.00,0.00
11:39:43,13,89.00,0.00,9.00,0.00,0.00,2.00,0.00,0.00,0.00,0.00
11:39:43,14,90.82,0.00,7.14,0.00,0.00,2.04,0.00,0.00,0.00,0.00
11:39:43,15,90.00,0.00,8.00,0.00,0.00,2.00,0.00,0.00,0.00,0.00
11:39:44,4,86.14,0.00,8.91,0.00,0.00,2.97,0.00,0.00,0.00,1.98
11:39:44,5,89.80,0.00,7.14,1.02,0.00,2.04,0.00,0.00,0.00,0.00
11:39:44,6,87.88,0.00,7.07,0.00,0.00,3.03,0.00,0.00,0.00,2.02
11:39:44,7,86.14,0.00,8.91,0.00,0.00,2.97,0.00,0.00,0.00,1.98
11:39:44,12,88.00,0.00,7.00,0.00,0.00,3.00,0.00,0.00,0.00,2.00
11:39:44,13,88.00,0.00,7.00,0.00,0.00,3.00,0.00,0.00,0.00,2.00
11:39:44,14,87.13,0.00,8.91,0.00,0.00,1.98,0.00,0.00,0.00,1.98
11:39:44,15,86.00,0.00,9.00,0.00,0.00,3.00,0.00,0.00,0.00,2.00
11:39:45,4,88.89,0.00,8.08,0.00,0.00,3.03,0.00,0.00,0.00,0.00
11:39:45,5,88.24,0.00,6.86,0.00,0.00,3.92,0.00,0.00,0.00,0.98
11:39:45,6,87.25,0.00,8.82,0.00,0.00,3.92,0.00,0.00,0.00,0.00
11:39:45,7,89.90,0.00,7.07,0.00,0.00,3.03,0.00,0.00,0.00,0.00
11:39:45,12,88.12,0.00,8.91,0.00,0.00,2.97,0.00,0.00,0.00,0.00
11:39:45,13,89.00,0.00,8.00,0.00,0.00,3.00,0.00,0.00,0.00,0.00
11:39:45,14,90.00,0.00,7.00,0.00,0.00,3.00,0.00,0.00,0.00,0.00
11:39:45,15,90.00,0.00,7.00,0.00,0.00,3.00,0.00,0.00,0.00,0.00
11:39:46,4,88.00,0.00,10.00,0.00,0.00,2.00,0.00,0.00,0.00,0.00
11:39:46,5,86.87,0.00,10.10,0.00,0.00,3.03,0.00,0.00,0.00,0.00
11:39:46,6,90.91,0.00,7.07,0.00,0.00,2.02,0.00,0.00,0.00,0.00
11:39:46,7,88.12,0.00,8.91,0.00,0.00,2.97,0.00,0.00,0.00,0.00
11:39:46,12,87.00,0.00,11.00,0.00,0.00,2.00,0.00,0.00,0.00,0.00
11:39:46,13,90.00,0.00,8.00,0.00,0.00,2.00,0.00,0.00,0.00,0.00
11:39:46,14,87.13,0.00,9.90,0.00,0.00,2.97,0.00,0.00,0.00,0.00
11:39:46,15,88.00,0.00,9.00,0.00,0.00,3.00,0.00,0.00,0.00,0.00
11:39:47,4,90.00,0.00,8.00,0.00,0.00,2.00,0.00,0.00,0.00,0.00
11:39:47,5,89.90,0.00,8.08,0.00,0.00,2.02,0.00,0.00,0.00,0.00
11:39:47,6,89.00,0.00,9.00,0.00,0.00,2.00,0.00,0.00,0.00,0.00
11:39:47,7,90.00,0.00,7.00,0.00,0.00,2.00,0.00,0.00,0.00,1.00
11:39:47,12,88.89,0.00,7.07,0.00,0.00,4.04,0.00,0.00,0.00,0.00
11:39:47,13,90.00,0.00,8.00,0.00,0.00,2.00,0.00,0.00,0.00,0.00
11:39:47,14,89.90,0.00,7.07,0.00,0.00,3.03,0.00,0.00,0.00,0.00
11:39:47,15,87.13,0.00,8.91,0.00,0.00,2.97,0.00,0.00,0.00,0.99
11:39:48,4,87.13,0.00,8.91,0.00,0.00,2.97,0.00,0.00,0.00,0.99
11:39:48,5,89.00,0.00,8.00,0.00,0.00,3.00,0.00,0.00,0.00,0.00
11:39:48,6,88.89,0.00,8.08,0.00,0.00,3.03,0.00,0.00,0.00,0.00
11:39:48,7,90.10,0.00,6.93,0.00,0.00,2.97,0.00,0.00,0.00,0.00
11:39:48,12,89.00,0.00,8.00,0.00,0.00,3.00,0.00,0.00,0.00,0.00
11:39:48,13,91.00,0.00,7.00,0.00,0.00,2.00,0.00,0.00,0.00,0.00
11:39:48,14,88.00,0.00,9.00,0.00,0.00,3.00,0.00,0.00,0.00,0.00
11:39:48,15,89.00,0.00,8.00,0.00,0.00,3.00,0.00,0.00,0.00,0.00
11:39:49,4,87.00,0.00,8.00,0.00,0.00,3.00,0.00,0.00,0.00,2.00
11:39:49,5,85.15,0.00,10.89,0.00,0.00,1.98,0.00,0.00,0.00,1.98
11:39:49,6,87.00,0.00,8.00,0.00,0.00,3.00,0.00,0.00,0.00,2.00
11:39:49,7,87.88,0.00,8.08,0.00,0.00,2.02,0.00,0.00,0.00,2.02
11:39:49,12,87.13,0.00,6.93,0.00,0.00,2.97,0.00,0.00,0.00,2.97
11:39:49,13,88.12,0.00,6.93,0.00,0.00,2.97,0.00,0.00,0.00,1.98
11:39:49,14,84.00,0.00,9.00,0.00,0.00,4.00,0.00,0.00,0.00,3.00
11:39:49,15,88.00,0.00,7.00,0.00,0.00,3.00,0.00,0.00,0.00,2.00
11:39:50,4,89.90,0.00,9.09,0.00,0.00,1.01,0.00,0.00,0.00,0.00
11:39:50,5,89.90,0.00,8.08,0.00,0.00,2.02,0.00,0.00,0.00,0.00
11:39:50,6,90.91,0.00,7.07,0.00,0.00,2.02,0.00,0.00,0.00,0.00
11:39:50,7,89.00,0.00,8.00,0.00,0.00,3.00,0.00,0.00,0.00,0.00
11:39:50,12,90.91,0.00,7.07,0.00,0.00,2.02,0.00,0.00,0.00,0.00
11:39:50,13,89.90,0.00,7.07,0.00,0.00,2.02,0.00,0.00,0.00,1.01
11:39:50,14,90.00,0.00,8.00,0.00,0.00,2.00,0.00,0.00,0.00,0.00
11:39:50,15,88.89,0.00,9.09,0.00,0.00,2.02,0.00,0.00,0.00,0.00
11:39:51,4,90.00,0.00,6.00,0.00,0.00,4.00,0.00,0.00,0.00,0.00
11:39:51,5,88.00,0.00,9.00,0.00,0.00,3.00,0.00,0.00,0.00,0.00
11:39:51,6,88.24,0.00,7.84,0.00,0.00,2.94,0.00,0.00,0.00,0.98
11:39:51,7,88.00,0.00,9.00,0.00,0.00,3.00,0.00,0.00,0.00,0.00
11:39:51,12,88.89,0.00,8.08,0.00,0.00,3.03,0.00,0.00,0.00,0.00
11:39:51,13,89.00,0.00,8.00,0.00,0.00,3.00,0.00,0.00,0.00,0.00
11:39:51,14,89.00,0.00,8.00,0.00,0.00,3.00,0.00,0.00,0.00,0.00
11:39:51,15,88.00,0.00,9.00,0.00,0.00,3.00,0.00,0.00,0.00,0.00
11:39:52,4,89.00,0.00,9.00,0.00,0.00,2.00,0.00,0.00,0.00,0.00
11:39:52,5,88.12,0.00,7.92,0.00,0.00,3.96,0.00,0.00,0.00,0.00
11:39:52,6,89.00,0.00,8.00,0.00,0.00,3.00,0.00,0.00,0.00,0.00
11:39:52,7,90.82,0.00,8.16,0.00,0.00,1.02,0.00,0.00,0.00,0.00
11:39:52,12,88.12,0.00,8.91,0.00,0.00,2.97,0.00,0.00,0.00,0.00
11:39:52,13,87.13,0.00,8.91,0.00,0.00,3.96,0.00,0.00,0.00,0.00
11:39:52,14,91.92,0.00,6.06,0.00,0.00,2.02,0.00,0.00,0.00,0.00
11:39:52,15,90.00,0.00,8.00,0.00,0.00,2.00,0.00,0.00,0.00,0.00
11:39:53,4,89.00,0.00,9.00,0.00,0.00,2.00,0.00,0.00,0.00,0.00
11:39:53,5,90.82,0.00,7.14,0.00,0.00,2.04,0.00,0.00,0.00,0.00
11:39:53,6,90.00,0.00,8.00,0.00,0.00,2.00,0.00,0.00,0.00,0.00
11:39:53,7,89.11,0.00,7.92,0.00,0.00,2.97,0.00,0.00,0.00,0.00
11:39:53,12,92.00,0.00,6.00,0.00,0.00,2.00,0.00,0.00,0.00,0.00
11:39:53,13,89.90,0.00,7.07,0.00,0.00,3.03,0.00,0.00,0.00,0.00
11:39:53,14,88.00,0.00,8.00,0.00,0.00,4.00,0.00,0.00,0.00,0.00
11:39:53,15,88.00,0.00,10.00,0.00,0.00,2.00,0.00,0.00,0.00,0.00
11:39:54,4,87.00,0.00,8.00,0.00,0.00,3.00,0.00,0.00,0.00,2.00
11:39:54,5,86.41,0.00,7.77,0.00,0.00,2.91,0.00,0.00,0.00,2.91
11:39:54,6,88.00,0.00,8.00,0.00,0.00,2.00,0.00,0.00,0.00,2.00
11:39:54,7,86.00,0.00,9.00,0.00,0.00,3.00,0.00,0.00,0.00,2.00
11:39:54,12,86.00,0.00,9.00,0.00,0.00,3.00,0.00,0.00,0.00,2.00
11:39:54,13,88.00,0.00,7.00,0.00,0.00,3.00,0.00,0.00,0.00,2.00
11:39:54,14,87.00,0.00,9.00,0.00,0.00,2.00,0.00,0.00,0.00,2.00
11:39:54,15,87.00,0.00,8.00,0.00,0.00,2.00,0.00,0.00,0.00,3.00
11:39:55,4,89.00,0.00,8.00,0.00,0.00,3.00,0.00,0.00,0.00,0.00
11:39:55,5,89.90,0.00,8.08,0.00,0.00,2.02,0.00,0.00,0.00,0.00
11:39:55,6,89.00,0.00,8.00,0.00,0.00,3.00,0.00,0.00,0.00,0.00
11:39:55,7,88.12,0.00,8.91,0.00,0.00,1.98,0.00,0.00,0.00,0.99
11:39:55,12,89.00,0.00,9.00,0.00,0.00,2.00,0.00,0.00,0.00,0.00
11:39:55,13,89.00,0.00,8.00,0.00,0.00,3.00,0.00,0.00,0.00,0.00
11:39:55,14,90.00,0.00,8.00,0.00,0.00,2.00,0.00,0.00,0.00,0.00
11:39:55,15,90.10,0.00,6.93,0.00,0.00,2.97,0.00,0.00,0.00,0.00
11:39:56,4,89.11,0.00,6.93,0.00,0.00,2.97,0.00,0.00,0.00,0.99
11:39:56,5,89.00,0.00,7.00,0.00,0.00,4.00,0.00,0.00,0.00,0.00
11:39:56,6,90.91,0.00,8.08,0.00,0.00,1.01,0.00,0.00,0.00,0.00
11:39:56,7,88.00,0.00,9.00,0.00,0.00,3.00,0.00,0.00,0.00,0.00
11:39:56,12,90.91,0.00,6.06,0.00,0.00,3.03,0.00,0.00,0.00,0.00
11:39:56,13,89.00,0.00,8.00,0.00,0.00,3.00,0.00,0.00,0.00,0.00
11:39:56,14,88.12,0.00,6.93,0.00,0.00,3.96,0.00,0.00,0.00,0.99
11:39:56,15,87.00,0.00,10.00,0.00,0.00,3.00,0.00,0.00,0.00,0.00
11:39:57,4,91.00,0.00,7.00,0.00,0.00,2.00,0.00,0.00,0.00,0.00
11:39:57,5,87.00,0.00,10.00,0.00,0.00,3.00,0.00,0.00,0.00,0.00
11:39:57,6,89.00,0.00,7.00,0.00,0.00,4.00,0.00,0.00,0.00,0.00
11:39:57,7,89.90,0.00,8.08,0.00,0.00,2.02,0.00,0.00,0.00,0.00
11:39:57,12,90.20,0.00,6.86,0.00,0.00,1.96,0.00,0.00,0.00,0.98
11:39:57,13,90.00,0.00,7.00,0.00,0.00,2.00,0.00,0.00,0.00,1.00
11:39:57,14,89.90,0.00,8.08,0.00,0.00,2.02,0.00,0.00,0.00,0.00
11:39:57,15,89.00,0.00,8.00,0.00,0.00,3.00,0.00,0.00,0.00,0.00
11:39:58,4,87.88,0.00,10.10,0.00,0.00,2.02,0.00,0.00,0.00,0.00
11:39:58,5,91.00,0.00,6.00,0.00,0.00,3.00,0.00,0.00,0.00,0.00
11:39:58,6,90.00,0.00,8.00,0.00,0.00,2.00,0.00,0.00,0.00,0.00
11:39:58,7,88.12,0.00,8.91,0.00,0.00,2.97,0.00,0.00,0.00,0.00
11:39:58,12,89.00,0.00,8.00,0.00,0.00,3.00,0.00,0.00,0.00,0.00
11:39:58,13,91.00,0.00,7.00,0.00,0.00,2.00,0.00,0.00,0.00,0.00
11:39:58,14,89.11,0.00,7.92,0.00,0.00,2.97,0.00,0.00,0.00,0.00
11:39:58,15,88.00,0.00,9.00,0.00,0.00,3.00,0.00,0.00,0.00,0.00
11:39:59,4,90.00,0.00,7.00,0.00,0.00,3.00,0.00,0.00,0.00,0.00
11:39:59,5,89.00,0.00,8.00,0.00,0.00,3.00,0.00,0.00,0.00,0.00
11:39:59,6,88.12,0.00,8.91,0.00,0.00,2.97,0.00,0.00,0.00,0.00
11:39:59,7,89.90,0.00,7.07,0.00,0.00,3.03,0.00,0.00,0.00,0.00
11:39:59,12,89.90,0.00,7.07,0.00,0.00,3.03,0.00,0.00,0.00,0.00
11:39:59,13,89.00,0.00,9.00,0.00,0.00,2.00,0.00,0.00,0.00,0.00
11:39:59,14,89.00,0.00,9.00,0.00,0.00,2.00,0.00,0.00,0.00,0.00
11:39:59,15,89.90,0.00,8.08,0.00,0.00,2.02,0.00,0.00,0.00,0.00
11:40:00,4,89.11,0.00,7.92,0.00,0.00,2.97,0.00,0.00,0.00,0.00
11:40:00,5,89.00,0.00,8.00,0.00,0.00,3.00,0.00,0.00,0.00,0.00
11:40:00,6,88.89,0.00,8.08,0.00,0.00,3.03,0.00,0.00,0.00,0.00
11:40:00,7,89.90,0.00,8.08,0.00,0.00,2.02,0.00,0.00,0.00,0.00
11:40:00,12,89.00,0.00,9.00,0.00,0.00,2.00,0.00,0.00,0.00,0.00
11:40:00,13,89.90,0.00,8.08,0.00,0.00,2.02,0.00,0.00,0.00,0.00
11:40:00,14,89.00,0.00,8.00,0.00,0.00,3.00,0.00,0.00,0.00,0.00
11:40:00,15,88.00,0.00,9.00,0.00,0.00,3.00,0.00,0.00,0.00,0.00
11:40:01,4,90.91,0.00,7.07,0.00,0.00,2.02,0.00,0.00,0.00,0.00
11:40:01,5,90.00,0.00,8.00,0.00,0.00,2.00,0.00,0.00,0.00,0.00
11:40:01,6,89.00,0.00,9.00,0.00,0.00,2.00,0.00,0.00,0.00,0.00
11:40:01,7,89.00,0.00,8.00,0.00,0.00,3.00,0.00,0.00,0.00,0.00
11:40:01,12,88.12,0.00,7.92,0.00,0.00,3.96,0.00,0.00,0.00,0.00
11:40:01,13,88.12,0.00,8.91,0.00,0.00,2.97,0.00,0.00,0.00,0.00
11:40:01,14,88.89,0.00,8.08,0.00,0.00,3.03,0.00,0.00,0.00,0.00
11:40:01,15,89.00,0.00,7.00,0.00,0.00,4.00,0.00,0.00,0.00,0.00
11:40:02,4,89.11,0.00,7.92,0.00,0.00,2.97,0.00,0.00,0.00,0.00
11:40:02,5,87.88,0.00,9.09,0.00,0.00,3.03,0.00,0.00,0.00,0.00
11:40:02,6,89.00,0.00,8.00,0.00,0.00,3.00,0.00,0.00,0.00,0.00
11:40:02,7,88.12,0.00,8.91,0.00,0.00,2.97,0.00,0.00,0.00,0.00
11:40:02,12,89.90,0.00,8.08,0.00,0.00,2.02,0.00,0.00,0.00,0.00
11:40:02,13,88.00,0.00,9.00,0.00,0.00,3.00,0.00,0.00,0.00,0.00
11:40:02,14,89.11,0.00,7.92,0.00,0.00,2.97,0.00,0.00,0.00,0.00
11:40:02,15,88.00,0.00,9.00,0.00,0.00,3.00,0.00,0.00,0.00,0.00
11:40:03,4,88.00,0.00,10.00,0.00,0.00,2.00,0.00,0.00,0.00,0.00
11:40:03,5,90.00,0.00,7.00,0.00,0.00,3.00,0.00,0.00,0.00,0.00
11:40:03,6,88.00,0.00,9.00,0.00,0.00,2.00,0.00,0.00,0.00,1.00
11:40:03,7,89.00,0.00,9.00,0.00,0.00,2.00,0.00,0.00,0.00,0.00
11:40:03,12,89.00,0.00,7.00,0.00,0.00,4.00,0.00,0.00,0.00,0.00
11:40:03,13,89.00,0.00,8.00,0.00,0.00,3.00,0.00,0.00,0.00,0.00
11:40:03,14,90.91,0.00,7.07,0.00,0.00,2.02,0.00,0.00,0.00,0.00
11:40:03,15,91.00,0.00,7.00,0.00,0.00,2.00,0.00,0.00,0.00,0.00
11:40:04,4,88.89,0.00,8.08,0.00,0.00,2.02,0.00,0.00,0.00,1.01
11:40:04,5,88.12,0.00,7.92,0.00,0.00,2.97,0.00,0.00,0.00,0.99
11:40:04,6,87.13,0.00,8.91,0.00,0.00,2.97,0.00,0.00,0.00,0.99
11:40:04,7,86.00,0.00,9.00,0.00,0.00,3.00,0.00,0.00,0.00,2.00
11:40:04,12,87.13,0.00,8.91,0.00,0.00,2.97,0.00,0.00,0.00,0.99
11:40:04,13,89.00,0.00,7.00,0.00,0.00,3.00,0.00,0.00,0.00,1.00
11:40:04,14,89.00,0.00,8.00,0.00,0.00,2.00,0.00,0.00,0.00,1.00
11:40:04,15,86.14,0.00,8.91,0.00,0.00,2.97,0.00,0.00,0.00,1.98
11:40:05,4,88.89,0.00,9.09,0.00,0.00,2.02,0.00,0.00,0.00,0.00
11:40:05,5,88.89,0.00,8.08,0.00,0.00,3.03,0.00,0.00,0.00,0.00
11:40:05,6,87.00,0.00,10.00,0.00,0.00,3.00,0.00,0.00,0.00,0.00
11:40:05,7,91.00,0.00,6.00,0.00,0.00,3.00,0.00,0.00,0.00,0.00
11:40:05,12,89.90,0.00,8.08,0.00,0.00,2.02,0.00,0.00,0.00,0.00
11:40:05,13,90.00,0.00,7.00,0.00,0.00,3.00,0.00,0.00,0.00,0.00
11:40:05,14,87.00,0.00,8.00,0.00,0.00,4.00,0.00,0.00,0.00,1.00
11:40:05,15,89.00,0.00,9.00,0.00,0.00,2.00,0.00,0.00,0.00,0.00
11:40:06,4,87.13,0.00,9.90,0.00,0.00,2.97,0.00,0.00,0.00,0.00
11:40:06,5,88.00,0.00,10.00,0.00,0.00,2.00,0.00,0.00,0.00,0.00
11:40:06,6,87.00,0.00,10.00,0.00,0.00,3.00,0.00,0.00,0.00,0.00
11:40:06,7,86.00,0.00,11.00,0.00,0.00,3.00,0.00,0.00,0.00,0.00
11:40:06,12,91.09,0.00,6.93,0.00,0.00,1.98,0.00,0.00,0.00,0.00
11:40:06,13,88.89,0.00,8.08,0.00,0.00,3.03,0.00,0.00,0.00,0.00
11:40:06,14,89.00,0.00,8.00,0.00,0.00,3.00,0.00,0.00,0.00,0.00
11:40:06,15,88.89,0.00,9.09,0.00,0.00,2.02,0.00,0.00,0.00,0.00
11:40:07,4,88.12,0.00,7.92,0.00,0.00,2.97,0.00,0.00,0.00,0.99
11:40:07,5,88.12,0.00,7.92,0.00,0.00,3.96,0.00,0.00,0.00,0.00
11:40:07,6,90.91,0.00,7.07,0.00,0.00,2.02,0.00,0.00,0.00,0.00
11:40:07,7,89.11,0.00,7.92,0.00,0.00,2.97,0.00,0.00,0.00,0.00
11:40:07,12,88.89,0.00,8.08,0.00,0.00,3.03,0.00,0.00,0.00,0.00
11:40:07,13,87.13,0.00,8.91,0.00,0.00,2.97,0.00,0.00,0.00,0.99
11:40:07,14,88.12,0.00,8.91,0.00,0.00,2.97,0.00,0.00,0.00,0.00
11:40:07,15,88.00,0.00,8.00,0.00,0.00,4.00,0.00,0.00,0.00,0.00
11:40:08,4,90.91,0.00,7.07,0.00,0.00,2.02,0.00,0.00,0.00,0.00
11:40:08,5,89.90,0.00,8.08,0.00,0.00,2.02,0.00,0.00,0.00,0.00
11:40:08,6,89.00,0.00,8.00,0.00,0.00,3.00,0.00,0.00,0.00,0.00
11:40:08,7,89.00,0.00,8.00,0.00,0.00,3.00,0.00,0.00,0.00,0.00
11:40:08,12,88.12,0.00,8.91,0.00,0.00,2.97,0.00,0.00,0.00,0.00
11:40:08,13,88.00,0.00,9.00,0.00,0.00,3.00,0.00,0.00,0.00,0.00
11:40:08,14,87.00,0.00,10.00,0.00,0.00,3.00,0.00,0.00,0.00,0.00
11:40:08,15,88.00,0.00,9.00,0.00,0.00,3.00,0.00,0.00,0.00,0.00
11:40:09,4,87.00,0.00,8.00,0.00,0.00,3.00,0.00,0.00,0.00,2.00
11:40:09,5,86.00,0.00,9.00,2.00,0.00,3.00,0.00,0.00,0.00,0.00
11:40:09,6,88.89,0.00,8.08,0.00,0.00,1.01,0.00,0.00,0.00,2.02
11:40:09,7,87.88,0.00,7.07,0.00,0.00,3.03,0.00,0.00,0.00,2.02
11:40:09,12,87.88,0.00,8.08,0.00,0.00,2.02,0.00,0.00,0.00,2.02
11:40:09,13,88.00,0.00,7.00,0.00,0.00,3.00,0.00,0.00,0.00,2.00
11:40:09,14,89.00,0.00,7.00,0.00,0.00,2.00,0.00,0.00,0.00,2.00
11:40:09,15,88.00,0.00,7.00,0.00,0.00,2.00,0.00,0.00,0.00,3.00
11:40:10,4,91.00,0.00,7.00,0.00,0.00,2.00,0.00,0.00,0.00,0.00
11:40:10,5,89.00,0.00,9.00,0.00,0.00,2.00,0.00,0.00,0.00,0.00
11:40:10,6,87.25,0.00,7.84,0.00,0.00,3.92,0.00,0.00,0.00,0.98
11:40:10,7,89.00,0.00,8.00,0.00,0.00,3.00,0.00,0.00,0.00,0.00
11:40:10,12,88.00,0.00,9.00,0.00,0.00,3.00,0.00,0.00,0.00,0.00
11:40:10,13,89.90,0.00,8.08,0.00,0.00,2.02,0.00,0.00,0.00,0.00
11:40:10,14,88.89,0.00,9.09,0.00,0.00,2.02,0.00,0.00,0.00,0.00
11:40:10,15,89.11,0.00,7.92,0.00,0.00,2.97,0.00,0.00,0.00,0.00
11:40:11,4,87.00,0.00,10.00,0.00,0.00,3.00,0.00,0.00,0.00,0.00
11:40:11,5,86.00,0.00,11.00,0.00,0.00,3.00,0.00,0.00,0.00,0.00
11:40:11,6,88.00,0.00,10.00,0.00,0.00,2.00,0.00,0.00,0.00,0.00
11:40:11,7,87.00,0.00,11.00,0.00,0.00,2.00,0.00,0.00,0.00,0.00
11:40:11,12,87.88,0.00,9.09,0.00,0.00,3.03,0.00,0.00,0.00,0.00
11:40:11,13,88.00,0.00,10.00,0.00,0.00,2.00,0.00,0.00,0.00,0.00
11:40:11,14,84.00,0.00,13.00,0.00,0.00,3.00,0.00,0.00,0.00,0.00
11:40:11,15,86.87,0.00,10.10,0.00,0.00,3.03,0.00,0.00,0.00,0.00
11:40:12,4,90.00,0.00,7.00,0.00,0.00,3.00,0.00,0.00,0.00,0.00
11:40:12,5,88.00,0.00,9.00,0.00,0.00,3.00,0.00,0.00,0.00,0.00
11:40:12,6,88.89,0.00,9.09,0.00,0.00,2.02,0.00,0.00,0.00,0.00
11:40:12,7,90.00,0.00,8.00,0.00,0.00,2.00,0.00,0.00,0.00,0.00
11:40:12,12,91.00,0.00,7.00,0.00,0.00,2.00,0.00,0.00,0.00,0.00
11:40:12,13,89.11,0.00,7.92,0.00,0.00,2.97,0.00,0.00,0.00,0.00
11:40:12,14,88.00,0.00,9.00,0.00,0.00,3.00,0.00,0.00,0.00,0.00
11:40:12,15,88.12,0.00,9.90,0.00,0.00,1.98,0.00,0.00,0.00,0.00
11:40:13,4,91.00,0.00,7.00,0.00,0.00,2.00,0.00,0.00,0.00,0.00
11:40:13,5,89.00,0.00,8.00,0.00,0.00,3.00,0.00,0.00,0.00,0.00
11:40:13,6,89.00,0.00,9.00,0.00,0.00,2.00,0.00,0.00,0.00,0.00
11:40:13,7,87.00,0.00,9.00,0.00,0.00,3.00,0.00,0.00,0.00,1.00
11:40:13,12,90.10,0.00,6.93,0.00,0.00,2.97,0.00,0.00,0.00,0.00
11:40:13,13,89.90,0.00,7.07,0.00,0.00,3.03,0.00,0.00,0.00,0.00
11:40:13,14,90.00,0.00,7.00,0.00,0.00,3.00,0.00,0.00,0.00,0.00
11:40:13,15,90.00,0.00,7.00,0.00,0.00,3.00,0.00,0.00,0.00,0.00
11:40:14,4,87.13,0.00,8.91,0.00,0.00,1.98,0.00,0.00,0.00,1.98
11:40:14,5,87.00,0.00,8.00,0.00,0.00,3.00,0.00,0.00,0.00,2.00
11:40:14,6,86.87,0.00,9.09,0.00,0.00,3.03,0.00,0.00,0.00,1.01
11:40:14,7,87.00,0.00,8.00,0.00,0.00,4.00,0.00,0.00,0.00,1.00
11:40:14,12,87.00,0.00,9.00,0.00,0.00,2.00,0.00,0.00,0.00,2.00
11:40:14,13,87.00,0.00,9.00,0.00,0.00,3.00,0.00,0.00,0.00,1.00
11:40:14,14,87.13,0.00,7.92,0.00,0.00,2.97,0.00,0.00,0.00,1.98
11:40:14,15,88.78,0.00,8.16,0.00,0.00,2.04,0.00,0.00,0.00,1.02
11:40:15,4,88.89,0.00,8.08,0.00,0.00,3.03,0.00,0.00,0.00,0.00
11:40:15,5,88.00,0.00,9.00,0.00,0.00,3.00,0.00,0.00,0.00,0.00
11:40:15,6,90.00,0.00,7.00,0.00,0.00,3.00,0.00,0.00,0.00,0.00
11:40:15,7,88.89,0.00,8.08,0.00,0.00,3.03,0.00,0.00,0.00,0.00
11:40:15,12,89.00,0.00,8.00,0.00,0.00,3.00,0.00,0.00,0.00,0.00
11:40:15,13,90.10,0.00,5.94,0.00,0.00,2.97,0.00,0.00,0.00,0.99
11:40:15,14,90.00,0.00,8.00,0.00,0.00,2.00,0.00,0.00,0.00,0.00
11:40:15,15,90.10,0.00,6.93,0.00,0.00,2.97,0.00,0.00,0.00,0.00
11:40:16,4,89.11,0.00,7.92,0.00,0.00,2.97,0.00,0.00,0.00,0.00
11:40:16,5,88.12,0.00,9.90,0.00,0.00,1.98,0.00,0.00,0.00,0.00
11:40:16,6,89.00,0.00,8.00,0.00,0.00,3.00,0.00,0.00,0.00,0.00
11:40:16,7,90.00,0.00,8.00,0.00,0.00,2.00,0.00,0.00,0.00,0.00
11:40:16,12,89.00,0.00,9.00,0.00,0.00,2.00,0.00,0.00,0.00,0.00
11:40:16,13,89.11,0.00,7.92,0.00,0.00,2.97,0.00,0.00,0.00,0.00
11:40:16,14,91.00,0.00,7.00,0.00,0.00,2.00,0.00,0.00,0.00,0.00
11:40:16,15,89.90,0.00,8.08,0.00,0.00,2.02,0.00,0.00,0.00,0.00
11:40:17,4,90.91,0.00,7.07,0.00,0.00,2.02,0.00,0.00,0.00,0.00
11:40:17,5,86.87,0.00,10.10,0.00,0.00,3.03,0.00,0.00,0.00,0.00
11:40:17,6,89.00,0.00,8.00,0.00,0.00,3.00,0.00,0.00,0.00,0.00
11:40:17,7,87.13,0.00,8.91,0.00,0.00,3.96,0.00,0.00,0.00,0.00
11:40:17,12,90.00,0.00,8.00,0.00,0.00,2.00,0.00,0.00,0.00,0.00
11:40:17,13,90.91,0.00,7.07,0.00,0.00,2.02,0.00,0.00,0.00,0.00
11:40:17,14,89.00,0.00,8.00,0.00,0.00,3.00,0.00,0.00,0.00,0.00
11:40:17,15,89.00,0.00,8.00,0.00,0.00,3.00,0.00,0.00,0.00,0.00
11:40:18,4,89.00,0.00,8.00,0.00,0.00,3.00,0.00,0.00,0.00,0.00
11:40:18,5,88.00,0.00,9.00,0.00,0.00,3.00,0.00,0.00,0.00,0.00
11:40:18,6,88.12,0.00,7.92,0.00,0.00,3.96,0.00,0.00,0.00,0.00
11:40:18,7,91.00,0.00,7.00,0.00,0.00,2.00,0.00,0.00,0.00,0.00
11:40:18,12,90.00,0.00,7.00,0.00,0.00,3.00,0.00,0.00,0.00,0.00
11:40:18,13,89.00,0.00,8.00,0.00,0.00,3.00,0.00,0.00,0.00,0.00
11:40:18,14,88.89,0.00,7.07,0.00,0.00,4.04,0.00,0.00,0.00,0.00
11:40:18,15,89.11,0.00,7.92,0.00,0.00,2.97,0.00,0.00,0.00,0.00
11:40:19,4,88.00,0.00,8.00,0.00,0.00,4.00,0.00,0.00,0.00,0.00
11:40:19,5,89.00,0.00,8.00,0.00,0.00,3.00,0.00,0.00,0.00,0.00
11:40:19,6,88.89,0.00,8.08,0.00,0.00,3.03,0.00,0.00,0.00,0.00
11:40:19,7,90.91,0.00,8.08,0.00,0.00,1.01,0.00,0.00,0.00,0.00
11:40:19,12,89.00,0.00,8.00,0.00,0.00,3.00,0.00,0.00,0.00,0.00
11:40:19,13,89.00,0.00,8.00,0.00,0.00,3.00,0.00,0.00,0.00,0.00
11:40:19,14,88.89,0.00,9.09,0.00,0.00,2.02,0.00,0.00,0.00,0.00
11:40:19,15,89.00,0.00,8.00,0.00,0.00,3.00,0.00,0.00,0.00,0.00
11:40:20,4,89.00,0.00,8.00,0.00,0.00,3.00,0.00,0.00,0.00,0.00
11:40:20,5,88.89,0.00,8.08,0.00,0.00,3.03,0.00,0.00,0.00,0.00
11:40:20,6,88.12,0.00,8.91,0.00,0.00,1.98,0.00,0.00,0.00,0.99
11:40:20,7,89.00,0.00,8.00,0.00,0.00,3.00,0.00,0.00,0.00,0.00
11:40:20,12,89.00,0.00,9.00,0.00,0.00,2.00,0.00,0.00,0.00,0.00
11:40:20,13,88.00,0.00,9.00,0.00,0.00,3.00,0.00,0.00,0.00,0.00
11:40:20,14,87.13,0.00,9.90,0.00,0.00,2.97,0.00,0.00,0.00,0.00
11:40:20,15,88.00,0.00,8.00,0.00,0.00,3.00,0.00,0.00,0.00,1.00
11:40:21,4,89.00,0.00,9.00,0.00,0.00,2.00,0.00,0.00,0.00,0.00
11:40:21,5,90.10,0.00,7.92,0.00,0.00,1.98,0.00,0.00,0.00,0.00
11:40:21,6,88.89,0.00,8.08,0.00,0.00,3.03,0.00,0.00,0.00,0.00
11:40:21,7,89.00,0.00,8.00,0.00,0.00,3.00,0.00,0.00,0.00,0.00
11:40:21,12,90.91,0.00,7.07,0.00,0.00,2.02,0.00,0.00,0.00,0.00
11:40:21,13,88.00,0.00,9.00,0.00,0.00,3.00,0.00,0.00,0.00,0.00
11:40:21,14,88.12,0.00,7.92,0.00,0.00,2.97,0.00,0.00,0.00,0.99
11:40:21,15,89.11,0.00,7.92,0.00,0.00,2.97,0.00,0.00,0.00,0.00
11:40:22,4,91.00,0.00,7.00,0.00,0.00,2.00,0.00,0.00,0.00,0.00
11:40:22,5,88.00,0.00,9.00,0.00,0.00,2.00,0.00,0.00,0.00,1.00
11:40:22,6,88.12,0.00,8.91,0.00,0.00,2.97,0.00,0.00,0.00,0.00
11:40:22,7,87.13,0.00,9.90,0.00,0.00,2.97,0.00,0.00,0.00,0.00
11:40:22,12,87.00,0.00,10.00,0.00,0.00,3.00,0.00,0.00,0.00,0.00
11:40:22,13,89.90,0.00,7.07,0.00,0.00,3.03,0.00,0.00,0.00,0.00
11:40:22,14,90.00,0.00,8.00,0.00,0.00,2.00,0.00,0.00,0.00,0.00
11:40:22,15,87.88,0.00,9.09,0.00,0.00,3.03,0.00,0.00,0.00,0.00
11:40:23,4,89.00,0.00,8.00,0.00,0.00,3.00,0.00,0.00,0.00,0.00
11:40:23,5,89.90,0.00,8.08,0.00,0.00,2.02,0.00,0.00,0.00,0.00
11:40:23,6,88.89,0.00,8.08,0.00,0.00,3.03,0.00,0.00,0.00,0.00
11:40:23,7,88.00,0.00,7.00,0.00,0.00,4.00,0.00,0.00,0.00,1.00
11:40:23,12,87.00,0.00,10.00,0.00,0.00,3.00,0.00,0.00,0.00,0.00
11:40:23,13,88.12,0.00,8.91,0.00,0.00,2.97,0.00,0.00,0.00,0.00
11:40:23,14,89.00,0.00,8.00,0.00,0.00,3.00,0.00,0.00,0.00,0.00
11:40:23,15,89.00,0.00,9.00,0.00,0.00,2.00,0.00,0.00,0.00,0.00
11:40:24,4,89.00,0.00,8.00,0.00,0.00,3.00,0.00,0.00,0.00,0.00
11:40:24,5,88.00,0.00,9.00,0.00,0.00,3.00,0.00,0.00,0.00,0.00
11:40:24,6,89.00,0.00,8.00,0.00,0.00,3.00,0.00,0.00,0.00,0.00
11:40:24,7,89.90,0.00,8.08,0.00,0.00,2.02,0.00,0.00,0.00,0.00
11:40:24,12,89.11,0.00,6.93,0.00,0.00,2.97,0.00,0.00,0.00,0.99
11:40:24,13,89.90,0.00,8.08,0.00,0.00,2.02,0.00,0.00,0.00,0.00
11:40:24,14,89.00,0.00,9.00,0.00,0.00,2.00,0.00,0.00,0.00,0.00
11:40:24,15,89.90,0.00,7.07,0.00,0.00,3.03,0.00,0.00,0.00,0.00
11:40:25,4,87.00,0.00,10.00,0.00,0.00,3.00,0.00,0.00,0.00,0.00
11:40:25,5,90.00,0.00,7.00,0.00,0.00,3.00,0.00,0.00,0.00,0.00
11:40:25,6,91.00,0.00,7.00,0.00,0.00,2.00,0.00,0.00,0.00,0.00
11:40:25,7,88.12,0.00,8.91,0.00,0.00,2.97,0.00,0.00,0.00,0.00
11:40:25,12,91.00,0.00,7.00,0.00,0.00,2.00,0.00,0.00,0.00,0.00
11:40:25,13,89.11,0.00,7.92,0.00,0.00,2.97,0.00,0.00,0.00,0.00
11:40:25,14,90.91,0.00,7.07,0.00,0.00,2.02,0.00,0.00,0.00,0.00
11:40:25,15,89.11,0.00,8.91,0.00,0.00,1.98,0.00,0.00,0.00,0.00
11:40:26,4,88.00,0.00,8.00,0.00,0.00,3.00,0.00,0.00,0.00,1.00
11:40:26,5,89.00,0.00,9.00,0.00,0.00,2.00,0.00,0.00,0.00,0.00
11:40:26,6,89.00,0.00,8.00,0.00,0.00,3.00,0.00,0.00,0.00,0.00
11:40:26,7,89.00,0.00,8.00,0.00,0.00,3.00,0.00,0.00,0.00,0.00
11:40:26,12,89.00,0.00,8.00,0.00,0.00,3.00,0.00,0.00,0.00,0.00
11:40:26,13,89.11,0.00,6.93,0.00,0.00,2.97,0.00,0.00,0.00,0.99
11:40:26,14,89.00,0.00,8.00,0.00,0.00,3.00,0.00,0.00,0.00,0.00
11:40:26,15,91.92,0.00,6.06,0.00,0.00,2.02,0.00,0.00,0.00,0.00
11:40:27,4,90.00,0.00,7.00,0.00,0.00,3.00,0.00,0.00,0.00,0.00
11:40:27,5,88.00,0.00,10.00,0.00,0.00,2.00,0.00,0.00,0.00,0.00
11:40:27,6,88.12,0.00,8.91,0.00,0.00,2.97,0.00,0.00,0.00,0.00
11:40:27,7,90.91,0.00,7.07,0.00,0.00,2.02,0.00,0.00,0.00,0.00
11:40:27,12,90.00,0.00,7.00,0.00,0.00,3.00,0.00,0.00,0.00,0.00
11:40:27,13,88.89,0.00,9.09,0.00,0.00,2.02,0.00,0.00,0.00,0.00
11:40:27,14,89.11,0.00,7.92,0.00,0.00,2.97,0.00,0.00,0.00,0.00
11:40:27,15,87.25,0.00,8.82,0.00,0.00,2.94,0.00,0.00,0.00,0.98
11:40:28,4,89.00,0.00,9.00,0.00,0.00,2.00,0.00,0.00,0.00,0.00
11:40:28,5,90.00,0.00,7.00,0.00,0.00,3.00,0.00,0.00,0.00,0.00
11:40:28,6,90.82,0.00,8.16,0.00,0.00,1.02,0.00,0.00,0.00,0.00
11:40:28,7,89.00,0.00,7.00,0.00,0.00,4.00,0.00,0.00,0.00,0.00
11:40:28,12,90.00,0.00,7.00,0.00,0.00,3.00,0.00,0.00,0.00,0.00
11:40:28,13,90.00,0.00,7.00,0.00,0.00,3.00,0.00,0.00,0.00,0.00
11:40:28,14,90.00,0.00,7.00,0.00,0.00,3.00,0.00,0.00,0.00,0.00
11:40:28,15,89.00,0.00,8.00,0.00,0.00,3.00,0.00,0.00,0.00,0.00
11:40:29,4,87.13,0.00,8.91,0.00,0.00,3.96,0.00,0.00,0.00,0.00
11:40:29,5,87.88,0.00,10.10,0.00,0.00,2.02,0.00,0.00,0.00,0.00
11:40:29,6,87.13,0.00,9.90,0.00,0.00,2.97,0.00,0.00,0.00,0.00
11:40:29,7,89.00,0.00,8.00,0.00,0.00,3.00,0.00,0.00,0.00,0.00
11:40:29,12,88.00,0.00,9.00,0.00,0.00,3.00,0.00,0.00,0.00,0.00
11:40:29,13,88.00,0.00,10.00,0.00,0.00,2.00,0.00,0.00,0.00,0.00
11:40:29,14,87.88,0.00,9.09,0.00,0.00,3.03,0.00,0.00,0.00,0.00
11:40:29,15,89.90,0.00,7.07,0.00,0.00,3.03,0.00,0.00,0.00,0.00
11:40:30,4,89.90,0.00,7.07,0.00,0.00,3.03,0.00,0.00,0.00,0.00
11:40:30,5,87.13,0.00,8.91,0.00,0.00,3.96,0.00,0.00,0.00,0.00
11:40:30,6,89.11,0.00,7.92,0.00,0.00,1.98,0.00,0.00,0.00,0.99
11:40:30,7,87.00,0.00,10.00,0.00,0.00,3.00,0.00,0.00,0.00,0.00
11:40:30,12,88.89,0.00,8.08,0.00,0.00,3.03,0.00,0.00,0.00,0.00
11:40:30,13,91.00,0.00,7.00,0.00,0.00,2.00,0.00,0.00,0.00,0.00
11:40:30,14,89.00,0.00,8.00,0.00,0.00,3.00,0.00,0.00,0.00,0.00
11:40:30,15,89.00,0.00,9.00,0.00,0.00,2.00,0.00,0.00,0.00,0.00
11:40:31,4,89.11,0.00,7.92,0.00,0.00,2.97,0.00,0.00,0.00,0.00
11:40:31,5,90.00,0.00,7.00,0.00,0.00,3.00,0.00,0.00,0.00,0.00
11:40:31,6,90.00,0.00,8.00,0.00,0.00,2.00,0.00,0.00,0.00,0.00
11:40:31,7,89.11,0.00,7.92,0.00,0.00,2.97,0.00,0.00,0.00,0.00
11:40:31,12,88.12,0.00,8.91,0.00,0.00,2.97,0.00,0.00,0.00,0.00
11:40:31,13,87.00,0.00,9.00,0.00,0.00,4.00,0.00,0.00,0.00,0.00
11:40:31,14,88.89,0.00,9.09,0.00,0.00,2.02,0.00,0.00,0.00,0.00
11:40:31,15,91.00,0.00,7.00,0.00,0.00,2.00,0.00,0.00,0.00,0.00
11:40:32,4,90.00,0.00,8.00,0.00,0.00,2.00,0.00,0.00,0.00,0.00
11:40:32,5,89.90,0.00,8.08,0.00,0.00,2.02,0.00,0.00,0.00,0.00
11:40:32,6,88.00,0.00,9.00,0.00,0.00,3.00,0.00,0.00,0.00,0.00
11:40:32,7,89.90,0.00,8.08,0.00,0.00,2.02,0.00,0.00,0.00,0.00
11:40:32,12,88.89,0.00,8.08,0.00,0.00,3.03,0.00,0.00,0.00,0.00
11:40:32,13,90.00,0.00,9.00,0.00,0.00,1.00,0.00,0.00,0.00,0.00
11:40:32,14,89.11,0.00,8.91,0.00,0.00,1.98,0.00,0.00,0.00,0.00
11:40:32,15,88.00,0.00,9.00,0.00,0.00,3.00,0.00,0.00,0.00,0.00
11:40:33,4,89.90,0.00,7.07,0.00,0.00,3.03,0.00,0.00,0.00,0.00
11:40:33,5,87.13,0.00,8.91,0.00,0.00,2.97,0.00,0.00,0.00,0.99
11:40:33,6,90.91,0.00,6.06,0.00,0.00,3.03,0.00,0.00,0.00,0.00
11:40:33,7,88.12,0.00,6.93,0.00,0.00,3.96,0.00,0.00,0.00,0.99
11:40:33,12,90.00,0.00,7.00,0.00,0.00,3.00,0.00,0.00,0.00,0.00
11:40:33,13,88.00,0.00,9.00,0.00,0.00,3.00,0.00,0.00,0.00,0.00
11:40:33,14,89.00,0.00,8.00,0.00,0.00,2.00,0.00,0.00,0.00,1.00
11:40:33,15,89.00,0.00,8.00,0.00,0.00,3.00,0.00,0.00,0.00,0.00
11:40:34,4,88.89,0.00,7.07,0.00,0.00,2.02,0.00,0.00,0.00,2.02
11:40:34,5,88.00,0.00,9.00,0.00,0.00,2.00,0.00,0.00,0.00,1.00
11:40:34,6,89.00,0.00,7.00,0.00,0.00,2.00,0.00,0.00,0.00,2.00
11:40:34,7,89.90,0.00,7.07,0.00,0.00,2.02,0.00,0.00,0.00,1.01
11:40:34,12,88.00,0.00,8.00,0.00,0.00,2.00,0.00,0.00,0.00,2.00
11:40:34,13,88.00,0.00,7.00,0.00,0.00,3.00,0.00,0.00,0.00,2.00
11:40:34,14,89.11,0.00,5.94,0.00,0.00,2.97,0.00,0.00,0.00,1.98
11:40:34,15,88.89,0.00,7.07,0.00,0.00,2.02,0.00,0.00,0.00,2.02
11:40:35,4,85.29,0.00,10.78,0.00,0.00,3.92,0.00,0.00,0.00,0.00
11:40:35,5,88.89,0.00,8.08,0.00,0.00,3.03,0.00,0.00,0.00,0.00
11:40:35,6,88.12,0.00,8.91,0.00,0.00,2.97,0.00,0.00,0.00,0.00
11:40:35,7,90.91,0.00,6.06,0.00,0.00,3.03,0.00,0.00,0.00,0.00
11:40:35,12,89.00,0.00,8.00,0.00,0.00,3.00,0.00,0.00,0.00,0.00
11:40:35,13,90.91,0.00,7.07,0.00,0.00,2.02,0.00,0.00,0.00,0.00
11:40:35,14,88.89,0.00,9.09,0.00,0.00,2.02,0.00,0.00,0.00,0.00
11:40:35,15,90.00,0.00,7.00,0.00,0.00,3.00,0.00,0.00,0.00,0.00
11:40:36,4,89.90,0.00,8.08,0.00,0.00,2.02,0.00,0.00,0.00,0.00
11:40:36,5,89.11,0.00,7.92,0.00,0.00,2.97,0.00,0.00,0.00,0.00
11:40:36,6,88.89,0.00,9.09,0.00,0.00,2.02,0.00,0.00,0.00,0.00
11:40:36,7,87.13,0.00,8.91,0.00,0.00,2.97,0.00,0.00,0.00,0.99
11:40:36,12,88.00,0.00,10.00,0.00,0.00,2.00,0.00,0.00,0.00,0.00
11:40:36,13,90.00,0.00,7.00,0.00,0.00,3.00,0.00,0.00,0.00,0.00
11:40:36,14,90.00,0.00,8.00,0.00,0.00,2.00,0.00,0.00,0.00,0.00
11:40:36,15,87.00,0.00,11.00,0.00,0.00,2.00,0.00,0.00,0.00,0.00
11:40:37,4,90.00,0.00,7.00,0.00,0.00,3.00,0.00,0.00,0.00,0.00
11:40:37,5,89.90,0.00,8.08,0.00,0.00,2.02,0.00,0.00,0.00,0.00
11:40:37,6,90.91,0.00,7.07,0.00,0.00,2.02,0.00,0.00,0.00,0.00
11:40:37,7,89.00,0.00,8.00,0.00,0.00,3.00,0.00,0.00,0.00,0.00
11:40:37,12,88.00,0.00,8.00,0.00,0.00,4.00,0.00,0.00,0.00,0.00
11:40:37,13,90.00,0.00,7.00,0.00,0.00,3.00,0.00,0.00,0.00,0.00
11:40:37,14,89.11,0.00,7.92,0.00,0.00,2.97,0.00,0.00,0.00,0.00
11:40:37,15,90.91,0.00,6.06,0.00,0.00,3.03,0.00,0.00,0.00,0.00
11:40:38,4,91.92,0.00,5.05,0.00,0.00,3.03,0.00,0.00,0.00,0.00
11:40:38,5,89.00,0.00,9.00,0.00,0.00,2.00,0.00,0.00,0.00,0.00
11:40:38,6,87.25,0.00,8.82,0.00,0.00,3.92,0.00,0.00,0.00,0.00
11:40:38,7,87.88,0.00,10.10,0.00,0.00,2.02,0.00,0.00,0.00,0.00
11:40:38,12,89.00,0.00,8.00,0.00,0.00,2.00,0.00,0.00,0.00,1.00
11:40:38,13,88.12,0.00,7.92,0.00,0.00,2.97,0.00,0.00,0.00,0.99
11:40:38,14,88.78,0.00,9.18,0.00,0.00,2.04,0.00,0.00,0.00,0.00
11:40:38,15,88.12,0.00,7.92,0.00,0.00,3.96,0.00,0.00,0.00,0.00
11:40:39,4,87.00,0.00,9.00,0.00,0.00,2.00,0.00,0.00,0.00,2.00
11:40:39,5,86.14,0.00,8.91,1.98,0.00,2.97,0.00,0.00,0.00,0.00
11:40:39,6,86.87,0.00,8.08,0.00,0.00,3.03,0.00,0.00,0.00,2.02
11:40:39,7,90.00,0.00,6.00,0.00,0.00,2.00,0.00,0.00,0.00,2.00
11:40:39,12,89.90,0.00,7.07,0.00,0.00,2.02,0.00,0.00,0.00,1.01
11:40:39,13,89.00,0.00,7.00,0.00,0.00,3.00,0.00,0.00,0.00,1.00
11:40:39,14,86.14,0.00,8.91,0.00,0.00,2.97,0.00,0.00,0.00,1.98
11:40:39,15,87.00,0.00,9.00,0.00,0.00,2.00,0.00,0.00,0.00,2.00
11:40:40,4,89.00,0.00,7.00,0.00,0.00,3.00,0.00,0.00,0.00,1.00
11:40:40,5,87.00,0.00,10.00,0.00,0.00,2.00,0.00,0.00,0.00,1.00
11:40:40,6,87.13,0.00,9.90,0.00,0.00,1.98,0.00,0.00,0.00,0.99
11:40:40,7,89.00,0.00,8.00,0.00,0.00,3.00,0.00,0.00,0.00,0.00
11:40:40,12,87.25,0.00,9.80,0.00,0.00,1.96,0.00,0.00,0.00,0.98
11:40:40,13,89.00,0.00,8.00,0.00,0.00,2.00,0.00,0.00,0.00,1.00
11:40:40,14,90.00,0.00,7.00,0.00,0.00,3.00,0.00,0.00,0.00,0.00
11:40:40,15,88.12,0.00,8.91,0.00,0.00,1.98,0.00,0.00,0.00,0.99
11:40:41,4,87.13,0.00,10.89,0.00,0.00,1.98,0.00,0.00,0.00,0.00
11:40:41,5,89.00,0.00,9.00,0.00,0.00,2.00,0.00,0.00,0.00,0.00
11:40:41,6,89.00,0.00,8.00,0.00,0.00,3.00,0.00,0.00,0.00,0.00
11:40:41,7,88.00,0.00,9.00,0.00,0.00,3.00,0.00,0.00,0.00,0.00
11:40:41,12,90.00,0.00,7.00,0.00,0.00,3.00,0.00,0.00,0.00,0.00
11:40:41,13,89.00,0.00,8.00,0.00,0.00,3.00,0.00,0.00,0.00,0.00
11:40:41,14,88.89,0.00,9.09,0.00,0.00,2.02,0.00,0.00,0.00,0.00
11:40:41,15,88.89,0.00,8.08,0.00,0.00,3.03,0.00,0.00,0.00,0.00
11:40:42,4,88.00,0.00,8.00,0.00,0.00,4.00,0.00,0.00,0.00,0.00
11:40:42,5,89.00,0.00,8.00,0.00,0.00,3.00,0.00,0.00,0.00,0.00
11:40:42,6,90.00,0.00,8.00,0.00,0.00,2.00,0.00,0.00,0.00,0.00
11:40:42,7,88.00,0.00,8.00,0.00,0.00,4.00,0.00,0.00,0.00,0.00
11:40:42,12,89.90,0.00,8.08,0.00,0.00,2.02,0.00,0.00,0.00,0.00
11:40:42,13,88.00,0.00,8.00,0.00,0.00,4.00,0.00,0.00,0.00,0.00
11:40:42,14,87.13,0.00,9.90,0.00,0.00,2.97,0.00,0.00,0.00,0.00
11:40:42,15,88.00,0.00,10.00,0.00,0.00,2.00,0.00,0.00,0.00,0.00
11:40:43,4,89.00,0.00,9.00,0.00,0.00,2.00,0.00,0.00,0.00,0.00
11:40:43,5,89.11,0.00,7.92,0.00,0.00,2.97,0.00,0.00,0.00,0.00
11:40:43,6,89.00,0.00,8.00,0.00,0.00,3.00,0.00,0.00,0.00,0.00
11:40:43,7,90.00,0.00,8.00,0.00,0.00,2.00,0.00,0.00,0.00,0.00
11:40:43,12,87.13,0.00,8.91,0.00,0.00,3.96,0.00,0.00,0.00,0.00
11:40:43,13,89.00,0.00,9.00,0.00,0.00,2.00,0.00,0.00,0.00,0.00
11:40:43,14,88.89,0.00,9.09,0.00,0.00,2.02,0.00,0.00,0.00,0.00
11:40:43,15,88.00,0.00,9.00,0.00,0.00,3.00,0.00,0.00,0.00,0.00
11:40:44,4,87.88,0.00,8.08,0.00,0.00,3.03,0.00,0.00,0.00,1.01
11:40:44,5,88.89,0.00,7.07,0.00,0.00,3.03,0.00,0.00,0.00,1.01
11:40:44,6,89.90,0.00,7.07,0.00,0.00,2.02,0.00,0.00,0.00,1.01
11:40:44,7,87.00,0.00,7.00,0.00,0.00,4.00,0.00,0.00,0.00,2.00
11:40:44,12,90.91,0.00,7.07,0.00,0.00,1.01,0.00,0.00,0.00,1.01
11:40:44,13,89.90,0.00,6.06,0.00,0.00,3.03,0.00,0.00,0.00,1.01
11:40:44,14,87.13,0.00,7.92,0.00,0.00,2.97,0.00,0.00,0.00,1.98
11:40:44,15,89.00,0.00,8.00,0.00,0.00,2.00,0.00,0.00,0.00,1.00
11:40:45,4,90.00,0.00,6.00,0.00,0.00,4.00,0.00,0.00,0.00,0.00
11:40:45,5,90.91,0.00,7.07,0.00,0.00,2.02,0.00,0.00,0.00,0.00
11:40:45,6,87.00,0.00,9.00,0.00,0.00,4.00,0.00,0.00,0.00,0.00
11:40:45,7,89.00,0.00,9.00,0.00,0.00,2.00,0.00,0.00,0.00,0.00
11:40:45,12,89.90,0.00,7.07,0.00,0.00,3.03,0.00,0.00,0.00,0.00
11:40:45,13,90.10,0.00,6.93,0.00,0.00,1.98,0.00,0.00,0.00,0.99
11:40:45,14,88.00,0.00,10.00,0.00,0.00,2.00,0.00,0.00,0.00,0.00
11:40:45,15,90.00,0.00,8.00,0.00,0.00,2.00,0.00,0.00,0.00,0.00
11:40:46,4,88.00,0.00,10.00,0.00,0.00,2.00,0.00,0.00,0.00,0.00
11:40:46,5,88.00,0.00,9.00,0.00,0.00,3.00,0.00,0.00,0.00,0.00
11:40:46,6,89.00,0.00,9.00,0.00,0.00,2.00,0.00,0.00,0.00,0.00
11:40:46,7,89.00,0.00,8.00,0.00,0.00,3.00,0.00,0.00,0.00,0.00
11:40:46,12,91.00,0.00,6.00,0.00,0.00,3.00,0.00,0.00,0.00,0.00
11:40:46,13,89.00,0.00,8.00,0.00,0.00,3.00,0.00,0.00,0.00,0.00
11:40:46,14,89.90,0.00,6.06,0.00,0.00,4.04,0.00,0.00,0.00,0.00
11:40:46,15,90.91,0.00,6.06,0.00,0.00,3.03,0.00,0.00,0.00,0.00
11:40:47,4,90.00,0.00,7.00,0.00,0.00,3.00,0.00,0.00,0.00,0.00
11:40:47,5,89.00,0.00,9.00,0.00,0.00,2.00,0.00,0.00,0.00,0.00
11:40:47,6,88.00,0.00,9.00,0.00,0.00,3.00,0.00,0.00,0.00,0.00
11:40:47,7,88.00,0.00,9.00,0.00,0.00,3.00,0.00,0.00,0.00,0.00
11:40:47,12,88.00,0.00,9.00,0.00,0.00,3.00,0.00,0.00,0.00,0.00
11:40:47,13,88.00,0.00,8.00,0.00,0.00,4.00,0.00,0.00,0.00,0.00
11:40:47,14,87.13,0.00,9.90,0.00,0.00,2.97,0.00,0.00,0.00,0.00
11:40:47,15,89.00,0.00,8.00,0.00,0.00,3.00,0.00,0.00,0.00,0.00
11:40:48,4,90.00,0.00,8.00,0.00,0.00,2.00,0.00,0.00,0.00,0.00
11:40:48,5,89.00,0.00,8.00,0.00,0.00,3.00,0.00,0.00,0.00,0.00
11:40:48,6,90.91,0.00,7.07,0.00,0.00,2.02,0.00,0.00,0.00,0.00
11:40:48,7,89.00,0.00,9.00,0.00,0.00,2.00,0.00,0.00,0.00,0.00
11:40:48,12,88.12,0.00,7.92,0.00,0.00,3.96,0.00,0.00,0.00,0.00
11:40:48,13,89.00,0.00,8.00,0.00,0.00,3.00,0.00,0.00,0.00,0.00
11:40:48,14,88.89,0.00,8.08,0.00,0.00,3.03,0.00,0.00,0.00,0.00
11:40:48,15,89.00,0.00,8.00,0.00,0.00,3.00,0.00,0.00,0.00,0.00
11:40:49,4,88.00,0.00,7.00,0.00,0.00,4.00,0.00,0.00,0.00,1.00
11:40:49,5,88.12,0.00,7.92,0.00,0.00,2.97,0.00,0.00,0.00,0.99
11:40:49,6,88.24,0.00,6.86,0.00,0.00,3.92,0.00,0.00,0.00,0.98
11:40:49,7,87.00,0.00,8.00,0.00,0.00,4.00,0.00,0.00,0.00,1.00
11:40:49,12,87.00,0.00,9.00,0.00,0.00,3.00,0.00,0.00,0.00,1.00
11:40:49,13,89.90,0.00,8.08,0.00,0.00,2.02,0.00,0.00,0.00,0.00
11:40:49,14,89.11,0.00,6.93,0.00,0.00,2.97,0.00,0.00,0.00,0.99
11:40:49,15,89.00,0.00,8.00,0.00,0.00,2.00,0.00,0.00,0.00,1.00
11:40:50,4,89.00,0.00,8.00,0.00,0.00,3.00,0.00,0.00,0.00,0.00
11:40:50,5,90.91,0.00,7.07,0.00,0.00,2.02,0.00,0.00,0.00,0.00
11:40:50,6,90.91,0.00,7.07,0.00,0.00,2.02,0.00,0.00,0.00,0.00
11:40:50,7,89.00,0.00,8.00,0.00,0.00,3.00,0.00,0.00,0.00,0.00
11:40:50,12,91.00,0.00,6.00,0.00,0.00,3.00,0.00,0.00,0.00,0.00
11:40:50,13,89.00,0.00,7.00,0.00,0.00,3.00,0.00,0.00,0.00,1.00
11:40:50,14,89.00,0.00,9.00,0.00,0.00,2.00,0.00,0.00,0.00,0.00
11:40:50,15,88.12,0.00,7.92,0.00,0.00,3.96,0.00,0.00,0.00,0.00
11:40:51,4,88.12,0.00,7.92,0.00,0.00,2.97,0.00,0.00,0.00,0.99
11:40:51,5,90.10,0.00,6.93,0.00,0.00,1.98,0.00,0.00,0.00,0.99
11:40:51,6,87.00,0.00,9.00,0.00,0.00,3.00,0.00,0.00,0.00,1.00
11:40:51,7,89.11,0.00,7.92,0.00,0.00,2.97,0.00,0.00,0.00,0.00
11:40:51,12,90.91,0.00,6.06,0.00,0.00,3.03,0.00,0.00,0.00,0.00
11:40:51,13,88.12,0.00,7.92,0.00,0.00,3.96,0.00,0.00,0.00,0.00
11:40:51,14,88.00,0.00,8.00,0.00,0.00,4.00,0.00,0.00,0.00,0.00
11:40:51,15,89.00,0.00,8.00,0.00,0.00,2.00,0.00,0.00,0.00,1.00
11:40:52,4,91.92,0.00,6.06,0.00,0.00,2.02,0.00,0.00,0.00,0.00
11:40:52,5,89.00,0.00,8.00,0.00,0.00,3.00,0.00,0.00,0.00,0.00
11:40:52,6,88.12,0.00,7.92,0.00,0.00,3.96,0.00,0.00,0.00,0.00
11:40:52,7,90.91,0.00,7.07,0.00,0.00,2.02,0.00,0.00,0.00,0.00
11:40:52,12,90.00,0.00,8.00,0.00,0.00,2.00,0.00,0.00,0.00,0.00
11:40:52,13,88.89,0.00,9.09,0.00,0.00,2.02,0.00,0.00,0.00,0.00
11:40:52,14,88.00,0.00,9.00,0.00,0.00,3.00,0.00,0.00,0.00,0.00
11:40:52,15,88.89,0.00,8.08,0.00,0.00,3.03,0.00,0.00,0.00,0.00
11:40:53,4,89.11,0.00,7.92,0.00,0.00,2.97,0.00,0.00,0.00,0.00
11:40:53,5,88.00,0.00,8.00,0.00,0.00,4.00,0.00,0.00,0.00,0.00
11:40:53,6,91.00,0.00,6.00,0.00,0.00,3.00,0.00,0.00,0.00,0.00
11:40:53,7,88.89,0.00,10.10,0.00,0.00,1.01,0.00,0.00,0.00,0.00
11:40:53,12,88.12,0.00,8.91,0.00,0.00,2.97,0.00,0.00,0.00,0.00
11:40:53,13,89.11,0.00,6.93,0.00,0.00,3.96,0.00,0.00,0.00,0.00
11:40:53,14,89.00,0.00,8.00,0.00,0.00,3.00,0.00,0.00,0.00,0.00
11:40:53,15,88.12,0.00,8.91,0.00,0.00,2.97,0.00,0.00,0.00,0.00
11:40:54,4,88.00,0.00,9.00,0.00,0.00,3.00,0.00,0.00,0.00,0.00
11:40:54,5,89.00,0.00,8.00,0.00,0.00,3.00,0.00,0.00,0.00,0.00
11:40:54,6,90.00,0.00,8.00,0.00,0.00,2.00,0.00,0.00,0.00,0.00
11:40:54,7,89.00,0.00,8.00,0.00,0.00,3.00,0.00,0.00,0.00,0.00
11:40:54,12,88.00,0.00,9.00,0.00,0.00,3.00,0.00,0.00,0.00,0.00
11:40:54,13,89.00,0.00,8.00,0.00,0.00,3.00,0.00,0.00,0.00,0.00
11:40:54,14,90.00,0.00,7.00,0.00,0.00,3.00,0.00,0.00,0.00,0.00
11:40:54,15,88.00,0.00,8.00,0.00,0.00,4.00,0.00,0.00,0.00,0.00
11:40:55,4,89.90,0.00,8.08,0.00,0.00,2.02,0.00,0.00,0.00,0.00
11:40:55,5,89.00,0.00,8.00,0.00,0.00,3.00,0.00,0.00,0.00,0.00
11:40:55,6,88.89,0.00,8.08,0.00,0.00,3.03,0.00,0.00,0.00,0.00
11:40:55,7,90.10,0.00,6.93,0.00,0.00,2.97,0.00,0.00,0.00,0.00
11:40:55,12,88.00,0.00,9.00,0.00,0.00,2.00,0.00,0.00,0.00,1.00
11:40:55,13,89.90,0.00,7.07,0.00,0.00,3.03,0.00,0.00,0.00,0.00
11:40:55,14,90.91,0.00,7.07,0.00,0.00,2.02,0.00,0.00,0.00,0.00
11:40:55,15,89.90,0.00,8.08,0.00,0.00,2.02,0.00,0.00,0.00,0.00
11:40:56,4,91.00,0.00,7.00,0.00,0.00,2.00,0.00,0.00,0.00,0.00
11:40:56,5,90.00,0.00,8.00,0.00,0.00,2.00,0.00,0.00,0.00,0.00
11:40:56,6,89.11,0.00,7.92,0.00,0.00,2.97,0.00,0.00,0.00,0.00
11:40:56,7,88.89,0.00,9.09,0.00,0.00,2.02,0.00,0.00,0.00,0.00
11:40:56,12,92.00,0.00,6.00,0.00,0.00,2.00,0.00,0.00,0.00,0.00
11:40:56,13,89.00,0.00,9.00,0.00,0.00,2.00,0.00,0.00,0.00,0.00
11:40:56,14,89.22,0.00,7.84,0.00,0.00,1.96,0.00,0.00,0.00,0.98
11:40:56,15,89.00,0.00,8.00,0.00,0.00,3.00,0.00,0.00,0.00,0.00
11:40:57,4,91.00,0.00,6.00,0.00,0.00,3.00,0.00,0.00,0.00,0.00
11:40:57,5,88.00,0.00,8.00,0.00,0.00,4.00,0.00,0.00,0.00,0.00
11:40:57,6,86.87,0.00,10.10,0.00,0.00,3.03,0.00,0.00,0.00,0.00
11:40:57,7,87.00,0.00,9.00,0.00,0.00,4.00,0.00,0.00,0.00,0.00
11:40:57,12,90.00,0.00,8.00,0.00,0.00,2.00,0.00,0.00,0.00,0.00
11:40:57,13,88.12,0.00,8.91,0.00,0.00,2.97,0.00,0.00,0.00,0.00
11:40:57,14,89.00,0.00,8.00,0.00,0.00,3.00,0.00,0.00,0.00,0.00
11:40:57,15,90.10,0.00,7.92,0.00,0.00,1.98,0.00,0.00,0.00,0.00
11:40:58,4,90.91,0.00,7.07,0.00,0.00,2.02,0.00,0.00,0.00,0.00
11:40:58,5,89.00,0.00,8.00,0.00,0.00,3.00,0.00,0.00,0.00,0.00
11:40:58,6,90.00,0.00,8.00,0.00,0.00,2.00,0.00,0.00,0.00,0.00
11:40:58,7,89.00,0.00,8.00,0.00,0.00,3.00,0.00,0.00,0.00,0.00
11:40:58,12,89.00,0.00,8.00,0.00,0.00,3.00,0.00,0.00,0.00,0.00
11:40:58,13,89.90,0.00,7.07,0.00,0.00,3.03,0.00,0.00,0.00,0.00
11:40:58,14,90.91,0.00,7.07,0.00,0.00,2.02,0.00,0.00,0.00,0.00
11:40:58,15,89.90,0.00,7.07,0.00,0.00,3.03,0.00,0.00,0.00,0.00
11:40:59,4,88.12,0.00,7.92,0.00,0.00,3.96,0.00,0.00,0.00,0.00
11:40:59,5,89.00,0.00,9.00,0.00,0.00,2.00,0.00,0.00,0.00,0.00
11:40:59,6,89.00,0.00,8.00,0.00,0.00,3.00,0.00,0.00,0.00,0.00
11:40:59,7,89.11,0.00,6.93,0.00,0.00,2.97,0.00,0.00,0.00,0.99
11:40:59,12,88.89,0.00,8.08,0.00,0.00,3.03,0.00,0.00,0.00,0.00
11:40:59,13,88.00,0.00,10.00,0.00,0.00,2.00,0.00,0.00,0.00,0.00
11:40:59,14,89.11,0.00,7.92,0.00,0.00,2.97,0.00,0.00,0.00,0.00
11:40:59,15,89.00,0.00,8.00,0.00,0.00,3.00,0.00,0.00,0.00,0.00
11:41:00,4,86.14,0.00,10.89,0.00,0.00,2.97,0.00,0.00,0.00,0.00
11:41:00,5,89.90,0.00,8.08,0.00,0.00,2.02,0.00,0.00,0.00,0.00
11:41:00,6,87.13,0.00,9.90,0.00,0.00,2.97,0.00,0.00,0.00,0.00
11:41:00,7,90.00,0.00,7.00,0.00,0.00,3.00,0.00,0.00,0.00,0.00
11:41:00,12,90.10,0.00,7.92,0.00,0.00,1.98,0.00,0.00,0.00,0.00
11:41:00,13,89.90,0.00,8.08,0.00,0.00,2.02,0.00,0.00,0.00,0.00
11:41:00,14,88.89,0.00,9.09,0.00,0.00,2.02,0.00,0.00,0.00,0.00
11:41:00,15,89.00,0.00,8.00,0.00,0.00,3.00,0.00,0.00,0.00,0.00
11:41:01,4,88.89,0.00,9.09,0.00,0.00,2.02,0.00,0.00,0.00,0.00
11:41:01,5,90.00,0.00,8.00,0.00,0.00,2.00,0.00,0.00,0.00,0.00
11:41:01,6,87.88,0.00,10.10,0.00,0.00,2.02,0.00,0.00,0.00,0.00
11:41:01,7,89.00,0.00,9.00,0.00,0.00,2.00,0.00,0.00,0.00,0.00
11:41:01,12,88.00,0.00,9.00,0.00,0.00,3.00,0.00,0.00,0.00,0.00
11:41:01,13,87.13,0.00,9.90,0.00,0.00,2.97,0.00,0.00,0.00,0.00
11:41:01,14,88.89,0.00,8.08,0.00,0.00,3.03,0.00,0.00,0.00,0.00
11:41:01,15,89.00,0.00,8.00,0.00,0.00,3.00,0.00,0.00,0.00,0.00
11:41:02,4,89.00,0.00,8.00,0.00,0.00,3.00,0.00,0.00,0.00,0.00
11:41:02,5,89.11,0.00,6.93,0.00,0.00,3.96,0.00,0.00,0.00,0.00
11:41:02,6,90.00,0.00,7.00,0.00,0.00,3.00,0.00,0.00,0.00,0.00
11:41:02,7,90.00,0.00,7.00,0.00,0.00,3.00,0.00,0.00,0.00,0.00
11:41:02,12,89.90,0.00,7.07,0.00,0.00,3.03,0.00,0.00,0.00,0.00
11:41:02,13,88.00,0.00,8.00,0.00,0.00,3.00,0.00,0.00,0.00,1.00
11:41:02,14,88.12,0.00,7.92,0.00,0.00,3.96,0.00,0.00,0.00,0.00
11:41:02,15,88.00,0.00,9.00,0.00,0.00,3.00,0.00,0.00,0.00,0.00
11:41:03,4,88.00,0.00,8.00,0.00,0.00,3.00,0.00,0.00,0.00,1.00
11:41:03,5,88.89,0.00,8.08,0.00,0.00,3.03,0.00,0.00,0.00,0.00
11:41:03,6,88.00,0.00,8.00,0.00,0.00,4.00,0.00,0.00,0.00,0.00
11:41:03,7,89.90,0.00,8.08,0.00,0.00,2.02,0.00,0.00,0.00,0.00
11:41:03,12,88.12,0.00,8.91,0.00,0.00,2.97,0.00,0.00,0.00,0.00
11:41:03,13,86.14,0.00,8.91,0.00,0.00,4.95,0.00,0.00,0.00,0.00
11:41:03,14,89.11,0.00,8.91,0.00,0.00,1.98,0.00,0.00,0.00,0.00
11:41:03,15,89.90,0.00,7.07,0.00,0.00,3.03,0.00,0.00,0.00,0.00
11:41:04,4,90.00,0.00,8.00,0.00,0.00,2.00,0.00,0.00,0.00,0.00
11:41:04,5,86.14,0.00,10.89,0.00,0.00,2.97,0.00,0.00,0.00,0.00
11:41:04,6,90.00,0.00,7.00,0.00,0.00,3.00,0.00,0.00,0.00,0.00
11:41:04,7,90.00,0.00,8.00,0.00,0.00,2.00,0.00,0.00,0.00,0.00
11:41:04,12,90.91,0.00,7.07,0.00,0.00,2.02,0.00,0.00,0.00,0.00
11:41:04,13,89.00,0.00,8.00,0.00,0.00,3.00,0.00,0.00,0.00,0.00
11:41:04,14,90.82,0.00,7.14,0.00,0.00,2.04,0.00,0.00,0.00,0.00
11:41:04,15,89.00,0.00,8.00,0.00,0.00,3.00,0.00,0.00,0.00,0.00
11:41:05,4,89.00,0.00,8.00,0.00,0.00,3.00,0.00,0.00,0.00,0.00
11:41:05,5,91.00,0.00,7.00,0.00,0.00,2.00,0.00,0.00,0.00,0.00
11:41:05,6,89.00,0.00,8.00,0.00,0.00,3.00,0.00,0.00,0.00,0.00
11:41:05,7,88.12,0.00,8.91,0.00,0.00,2.97,0.00,0.00,0.00,0.00
11:41:05,12,89.11,0.00,7.92,0.00,0.00,2.97,0.00,0.00,0.00,0.00
11:41:05,13,87.88,0.00,9.09,0.00,0.00,3.03,0.00,0.00,0.00,0.00
11:41:05,14,89.11,0.00,6.93,0.00,0.00,3.96,0.00,0.00,0.00,0.00
11:41:05,15,90.00,0.00,7.00,0.00,0.00,3.00,0.00,0.00,0.00,0.00
11:41:06,4,89.00,0.00,8.00,0.00,0.00,3.00,0.00,0.00,0.00,0.00
11:41:06,5,90.91,0.00,7.07,0.00,0.00,2.02,0.00,0.00,0.00,0.00
11:41:06,6,87.88,0.00,9.09,0.00,0.00,3.03,0.00,0.00,0.00,0.00
11:41:06,7,89.00,0.00,7.00,0.00,0.00,4.00,0.00,0.00,0.00,0.00
11:41:06,12,88.00,0.00,10.00,0.00,0.00,2.00,0.00,0.00,0.00,0.00
11:41:06,13,89.11,0.00,7.92,0.00,0.00,2.97,0.00,0.00,0.00,0.00
11:41:06,14,90.00,0.00,8.00,0.00,0.00,2.00,0.00,0.00,0.00,0.00
11:41:06,15,89.00,0.00,8.00,0.00,0.00,3.00,0.00,0.00,0.00,0.00
11:41:07,4,89.11,0.00,7.92,0.00,0.00,2.97,0.00,0.00,0.00,0.00
11:41:07,5,88.12,0.00,7.92,0.00,0.00,2.97,0.00,0.00,0.00,0.99
11:41:07,6,84.31,0.00,10.78,0.00,0.00,3.92,0.00,0.00,0.00,0.98
11:41:07,7,87.88,0.00,9.09,0.00,0.00,3.03,0.00,0.00,0.00,0.00
11:41:07,12,89.90,0.00,7.07,0.00,0.00,3.03,0.00,0.00,0.00,0.00
11:41:07,13,87.88,0.00,9.09,0.00,0.00,3.03,0.00,0.00,0.00,0.00
11:41:07,14,88.89,0.00,7.07,0.00,0.00,4.04,0.00,0.00,0.00,0.00
11:41:07,15,87.13,0.00,8.91,0.00,0.00,2.97,0.00,0.00,0.00,0.99
11:41:08,4,90.91,0.00,7.07,0.00,0.00,2.02,0.00,0.00,0.00,0.00
11:41:08,5,89.00,0.00,8.00,0.00,0.00,3.00,0.00,0.00,0.00,0.00
11:41:08,6,90.00,0.00,8.00,0.00,0.00,2.00,0.00,0.00,0.00,0.00
11:41:08,7,88.12,0.00,8.91,0.00,0.00,2.97,0.00,0.00,0.00,0.00
11:41:08,12,92.00,0.00,6.00,0.00,0.00,2.00,0.00,0.00,0.00,0.00
11:41:08,13,89.00,0.00,9.00,0.00,0.00,2.00,0.00,0.00,0.00,0.00
11:41:08,14,88.00,0.00,10.00,0.00,0.00,2.00,0.00,0.00,0.00,0.00
11:41:08,15,90.10,0.00,7.92,0.00,0.00,1.98,0.00,0.00,0.00,0.00
11:41:09,4,87.00,0.00,8.00,0.00,0.00,3.00,0.00,0.00,0.00,2.00
11:41:09,5,86.87,0.00,9.09,0.00,0.00,2.02,0.00,0.00,0.00,2.02
11:41:09,6,84.00,0.00,10.00,0.00,0.00,4.00,0.00,0.00,0.00,2.00
11:41:09,7,87.88,0.00,8.08,0.00,0.00,2.02,0.00,0.00,0.00,2.02
11:41:09,12,86.14,0.00,8.91,0.00,0.00,1.98,0.00,0.00,0.00,2.97
11:41:09,13,87.00,0.00,8.00,0.00,0.00,3.00,0.00,0.00,0.00,2.00
11:41:09,14,85.15,0.00,7.92,0.00,0.00,3.96,0.00,0.00,0.00,2.97
11:41:09,15,88.89,0.00,7.07,0.00,0.00,2.02,0.00,0.00,0.00,2.02
11:41:10,4,91.00,0.00,7.00,0.00,0.00,2.00,0.00,0.00,0.00,0.00
11:41:10,5,90.00,0.00,7.00,0.00,0.00,3.00,0.00,0.00,0.00,0.00
11:41:10,6,89.80,0.00,8.16,0.00,0.00,2.04,0.00,0.00,0.00,0.00
11:41:10,7,89.11,0.00,6.93,0.00,0.00,2.97,0.00,0.00,0.00,0.99
11:41:10,12,89.90,0.00,8.08,0.00,0.00,2.02,0.00,0.00,0.00,0.00
11:41:10,13,90.00,0.00,7.00,0.00,0.00,3.00,0.00,0.00,0.00,0.00
11:41:10,14,91.00,0.00,7.00,0.00,0.00,2.00,0.00,0.00,0.00,0.00
11:41:10,15,90.00,0.00,7.00,0.00,0.00,3.00,0.00,0.00,0.00,0.00
11:41:11,4,90.10,0.00,6.93,0.00,0.00,1.98,0.00,0.00,0.00,0.99
11:41:11,5,89.00,0.00,8.00,0.00,0.00,3.00,0.00,0.00,0.00,0.00
11:41:11,6,88.12,0.00,8.91,0.00,0.00,2.97,0.00,0.00,0.00,0.00
11:41:11,7,89.00,0.00,8.00,0.00,0.00,3.00,0.00,0.00,0.00,0.00
11:41:11,12,90.00,0.00,7.00,0.00,0.00,3.00,0.00,0.00,0.00,0.00
11:41:11,13,91.92,0.00,7.07,0.00,0.00,1.01,0.00,0.00,0.00,0.00
11:41:11,14,89.00,0.00,9.00,0.00,0.00,2.00,0.00,0.00,0.00,0.00
11:41:11,15,89.90,0.00,8.08,0.00,0.00,2.02,0.00,0.00,0.00,0.00
11:41:12,4,87.00,0.00,10.00,0.00,0.00,3.00,0.00,0.00,0.00,0.00
11:41:12,5,89.00,0.00,8.00,0.00,0.00,2.00,0.00,0.00,0.00,1.00
11:41:12,6,89.00,0.00,8.00,0.00,0.00,3.00,0.00,0.00,0.00,0.00
11:41:12,7,89.90,0.00,7.07,0.00,0.00,3.03,0.00,0.00,0.00,0.00
11:41:12,12,86.14,0.00,9.90,0.00,0.00,3.96,0.00,0.00,0.00,0.00
11:41:12,13,87.13,0.00,8.91,0.00,0.00,3.96,0.00,0.00,0.00,0.00
11:41:12,14,88.00,0.00,9.00,0.00,0.00,3.00,0.00,0.00,0.00,0.00
11:41:12,15,90.00,0.00,7.00,0.00,0.00,3.00,0.00,0.00,0.00,0.00
11:41:13,4,89.00,0.00,8.00,0.00,0.00,3.00,0.00,0.00,0.00,0.00
11:41:13,5,87.00,0.00,10.00,0.00,0.00,3.00,0.00,0.00,0.00,0.00
11:41:13,6,89.00,0.00,9.00,0.00,0.00,2.00,0.00,0.00,0.00,0.00
11:41:13,7,88.12,0.00,8.91,0.00,0.00,2.97,0.00,0.00,0.00,0.00
11:41:13,12,90.00,0.00,8.00,0.00,0.00,2.00,0.00,0.00,0.00,0.00
11:41:13,13,88.00,0.00,9.00,0.00,0.00,2.00,0.00,0.00,0.00,1.00
11:41:13,14,88.89,0.00,8.08,0.00,0.00,3.03,0.00,0.00,0.00,0.00
11:41:13,15,89.00,0.00,8.00,0.00,0.00,3.00,0.00,0.00,0.00,0.00
11:41:14,4,86.00,0.00,8.00,0.00,0.00,4.00,0.00,0.00,0.00,2.00
11:41:14,5,86.14,0.00,8.91,0.00,0.00,2.97,0.00,0.00,0.00,1.98
11:41:14,6,89.00,0.00,6.00,0.00,0.00,2.00,0.00,0.00,0.00,3.00
11:41:14,7,88.89,0.00,7.07,0.00,0.00,2.02,0.00,0.00,0.00,2.02
11:41:14,12,86.00,0.00,9.00,0.00,0.00,3.00,0.00,0.00,0.00,2.00
11:41:14,13,88.12,0.00,7.92,0.00,0.00,1.98,0.00,0.00,0.00,1.98
11:41:14,14,87.00,0.00,8.00,0.00,0.00,3.00,0.00,0.00,0.00,2.00
11:41:14,15,85.15,0.00,8.91,0.00,0.00,2.97,0.00,0.00,0.00,2.97
11:41:15,4,89.90,0.00,8.08,0.00,0.00,2.02,0.00,0.00,0.00,0.00
11:41:15,5,91.92,0.00,6.06,0.00,0.00,2.02,0.00,0.00,0.00,0.00
11:41:15,6,90.00,0.00,8.00,0.00,0.00,2.00,0.00,0.00,0.00,0.00
11:41:15,7,88.89,0.00,9.09,0.00,0.00,2.02,0.00,0.00,0.00,0.00
11:41:15,12,89.90,0.00,8.08,0.00,0.00,2.02,0.00,0.00,0.00,0.00
11:41:15,13,89.90,0.00,8.08,0.00,0.00,2.02,0.00,0.00,0.00,0.00
11:41:15,14,90.10,0.00,7.92,0.00,0.00,1.98,0.00,0.00,0.00,0.00
11:41:15,15,91.92,0.00,7.07,0.00,0.00,1.01,0.00,0.00,0.00,0.00
11:41:16,4,88.00,0.00,10.00,0.00,0.00,2.00,0.00,0.00,0.00,0.00
11:41:16,5,89.00,0.00,9.00,0.00,0.00,2.00,0.00,0.00,0.00,0.00
11:41:16,6,88.00,0.00,9.00,0.00,0.00,3.00,0.00,0.00,0.00,0.00
11:41:16,7,89.11,0.00,6.93,0.00,0.00,3.96,0.00,0.00,0.00,0.00
11:41:16,12,88.24,0.00,7.84,0.00,0.00,2.94,0.00,0.00,0.00,0.98
11:41:16,13,91.00,0.00,7.00,0.00,0.00,2.00,0.00,0.00,0.00,0.00
11:41:16,14,88.89,0.00,9.09,0.00,0.00,2.02,0.00,0.00,0.00,0.00
11:41:16,15,88.12,0.00,7.92,0.00,0.00,3.96,0.00,0.00,0.00,0.00
11:41:17,4,89.00,0.00,8.00,0.00,0.00,3.00,0.00,0.00,0.00,0.00
11:41:17,5,91.00,0.00,6.00,0.00,0.00,3.00,0.00,0.00,0.00,0.00
11:41:17,6,91.00,0.00,7.00,0.00,0.00,2.00,0.00,0.00,0.00,0.00
11:41:17,7,89.90,0.00,7.07,0.00,0.00,3.03,0.00,0.00,0.00,0.00
11:41:17,12,89.00,0.00,8.00,0.00,0.00,3.00,0.00,0.00,0.00,0.00
11:41:17,13,90.00,0.00,8.00,0.00,0.00,2.00,0.00,0.00,0.00,0.00
11:41:17,14,91.00,0.00,7.00,0.00,0.00,2.00,0.00,0.00,0.00,0.00
11:41:17,15,90.00,0.00,8.00,0.00,0.00,2.00,0.00,0.00,0.00,0.00
11:41:18,4,88.00,0.00,10.00,0.00,0.00,2.00,0.00,0.00,0.00,0.00
11:41:18,5,88.00,0.00,9.00,0.00,0.00,3.00,0.00,0.00,0.00,0.00
11:41:18,6,88.12,0.00,8.91,0.00,0.00,2.97,0.00,0.00,0.00,0.00
11:41:18,7,85.29,0.00,9.80,0.00,0.00,3.92,0.00,0.00,0.00,0.98
11:41:18,12,89.90,0.00,8.08,0.00,0.00,2.02,0.00,0.00,0.00,0.00
11:41:18,13,88.89,0.00,8.08,0.00,0.00,3.03,0.00,0.00,0.00,0.00
11:41:18,14,87.25,0.00,8.82,0.00,0.00,2.94,0.00,0.00,0.00,0.98
11:41:18,15,89.90,0.00,7.07,0.00,0.00,3.03,0.00,0.00,0.00,0.00
11:41:19,4,87.00,0.00,8.00,0.00,0.00,3.00,0.00,0.00,0.00,2.00
11:41:19,5,85.86,0.00,10.10,0.00,0.00,2.02,0.00,0.00,0.00,2.02
11:41:19,6,87.76,0.00,8.16,0.00,0.00,2.04,0.00,0.00,0.00,2.04
11:41:19,7,89.90,0.00,6.06,0.00,0.00,2.02,0.00,0.00,0.00,2.02
11:41:19,12,87.00,0.00,8.00,0.00,0.00,3.00,0.00,0.00,0.00,2.00
11:41:19,13,84.16,0.00,9.90,0.00,0.00,3.96,0.00,0.00,0.00,1.98
11:41:19,14,86.87,0.00,9.09,0.00,0.00,2.02,0.00,0.00,0.00,2.02
11:41:19,15,86.14,0.00,8.91,0.00,0.00,1.98,0.00,0.00,0.00,2.97
11:41:20,4,89.11,0.00,7.92,0.00,0.00,1.98,0.00,0.00,0.00,0.99
11:41:20,5,88.12,0.00,8.91,0.00,0.00,2.97,0.00,0.00,0.00,0.00
11:41:20,6,88.12,0.00,8.91,0.00,0.00,2.97,0.00,0.00,0.00,0.00
11:41:20,7,90.00,0.00,7.00,0.00,0.00,3.00,0.00,0.00,0.00,0.00
11:41:20,12,89.00,0.00,8.00,0.00,0.00,3.00,0.00,0.00,0.00,0.00
11:41:20,13,90.91,0.00,6.06,0.00,0.00,2.02,0.00,0.00,0.00,1.01
11:41:20,14,89.90,0.00,8.08,0.00,0.00,2.02,0.00,0.00,0.00,0.00
11:41:20,15,90.00,0.00,8.00,0.00,0.00,2.00,0.00,0.00,0.00,0.00
11:41:21,4,90.91,0.00,7.07,0.00,0.00,2.02,0.00,0.00,0.00,0.00
11:41:21,5,89.90,0.00,7.07,0.00,0.00,3.03,0.00,0.00,0.00,0.00
11:41:21,6,90.00,0.00,8.00,0.00,0.00,2.00,0.00,0.00,0.00,0.00
11:41:21,7,87.88,0.00,10.10,0.00,0.00,2.02,0.00,0.00,0.00,0.00
11:41:21,12,91.00,0.00,7.00,0.00,0.00,2.00,0.00,0.00,0.00,0.00
11:41:21,13,88.12,0.00,8.91,0.00,0.00,2.97,0.00,0.00,0.00,0.00
11:41:21,14,91.09,0.00,6.93,0.00,0.00,1.98,0.00,0.00,0.00,0.00
11:41:21,15,87.88,0.00,9.09,0.00,0.00,3.03,0.00,0.00,0.00,0.00
11:41:22,4,89.00,0.00,8.00,0.00,0.00,3.00,0.00,0.00,0.00,0.00
11:41:22,5,89.00,0.00,9.00,0.00,0.00,2.00,0.00,0.00,0.00,0.00
11:41:22,6,90.00,0.00,7.00,0.00,0.00,2.00,0.00,0.00,0.00,1.00
11:41:22,7,90.10,0.00,6.93,0.00,0.00,2.97,0.00,0.00,0.00,0.00
11:41:22,12,88.89,0.00,9.09,0.00,0.00,2.02,0.00,0.00,0.00,0.00
11:41:22,13,88.00,0.00,9.00,0.00,0.00,3.00,0.00,0.00,0.00,0.00
11:41:22,14,88.89,0.00,8.08,0.00,0.00,3.03,0.00,0.00,0.00,0.00
11:41:22,15,89.90,0.00,7.07,0.00,0.00,3.03,0.00,0.00,0.00,0.00
11:41:23,4,89.90,0.00,8.08,0.00,0.00,2.02,0.00,0.00,0.00,0.00
11:41:23,5,90.10,0.00,6.93,0.00,0.00,2.97,0.00,0.00,0.00,0.00
11:41:23,6,89.11,0.00,7.92,0.00,0.00,2.97,0.00,0.00,0.00,0.00
11:41:23,7,88.00,0.00,8.00,0.00,0.00,4.00,0.00,0.00,0.00,0.00
11:41:23,12,90.10,0.00,6.93,0.00,0.00,2.97,0.00,0.00,0.00,0.00
11:41:23,13,89.00,0.00,8.00,0.00,0.00,3.00,0.00,0.00,0.00,0.00
11:41:23,14,90.00,0.00,7.00,0.00,0.00,3.00,0.00,0.00,0.00,0.00
11:41:23,15,88.12,0.00,8.91,0.00,0.00,2.97,0.00,0.00,0.00,0.00
11:41:24,4,90.10,0.00,7.92,0.00,0.00,1.98,0.00,0.00,0.00,0.00
11:41:24,5,88.00,0.00,8.00,0.00,0.00,3.00,0.00,0.00,0.00,1.00
11:41:24,6,89.00,0.00,7.00,0.00,0.00,4.00,0.00,0.00,0.00,0.00
11:41:24,7,88.00,0.00,9.00,0.00,0.00,3.00,0.00,0.00,0.00,0.00
11:41:24,12,89.00,0.00,9.00,0.00,0.00,2.00,0.00,0.00,0.00,0.00
11:41:24,13,88.00,0.00,9.00,0.00,0.00,3.00,0.00,0.00,0.00,0.00
11:41:24,14,88.12,0.00,8.91,0.00,0.00,2.97,0.00,0.00,0.00,0.00
11:41:24,15,91.00,0.00,7.00,0.00,0.00,2.00,0.00,0.00,0.00,0.00
11:41:25,4,90.00,0.00,8.00,0.00,0.00,2.00,0.00,0.00,0.00,0.00
11:41:25,5,88.00,0.00,9.00,0.00,0.00,3.00,0.00,0.00,0.00,0.00
11:41:25,6,88.89,0.00,8.08,0.00,0.00,3.03,0.00,0.00,0.00,0.00
11:41:25,7,88.00,0.00,8.00,0.00,0.00,4.00,0.00,0.00,0.00,0.00
11:41:25,12,88.00,0.00,10.00,0.00,0.00,2.00,0.00,0.00,0.00,0.00
11:41:25,13,88.00,0.00,8.00,0.00,0.00,4.00,0.00,0.00,0.00,0.00
11:41:25,14,90.91,0.00,6.06,0.00,0.00,3.03,0.00,0.00,0.00,0.00
11:41:25,15,88.00,0.00,8.00,0.00,0.00,4.00,0.00,0.00,0.00,0.00
11:41:26,4,86.87,0.00,9.09,0.00,0.00,4.04,0.00,0.00,0.00,0.00
11:41:26,5,90.00,0.00,8.00,0.00,0.00,2.00,0.00,0.00,0.00,0.00
11:41:26,6,88.00,0.00,9.00,0.00,0.00,3.00,0.00,0.00,0.00,0.00
11:41:26,7,89.11,0.00,7.92,0.00,0.00,1.98,0.00,0.00,0.00,0.99
11:41:26,12,89.00,0.00,8.00,0.00,0.00,3.00,0.00,0.00,0.00,0.00
11:41:26,13,90.00,0.00,8.00,0.00,0.00,2.00,0.00,0.00,0.00,0.00
11:41:26,14,88.00,0.00,9.00,0.00,0.00,3.00,0.00,0.00,0.00,0.00
11:41:26,15,89.90,0.00,8.08,0.00,0.00,2.02,0.00,0.00,0.00,0.00
11:41:27,4,88.00,0.00,8.00,0.00,0.00,4.00,0.00,0.00,0.00,0.00
11:41:27,5,88.89,0.00,8.08,0.00,0.00,3.03,0.00,0.00,0.00,0.00
11:41:27,6,91.00,0.00,7.00,0.00,0.00,2.00,0.00,0.00,0.00,0.00
11:41:27,7,88.89,0.00,8.08,0.00,0.00,3.03,0.00,0.00,0.00,0.00
11:41:27,12,89.11,0.00,8.91,0.00,0.00,0.99,0.00,0.00,0.00,0.99
11:41:27,13,88.89,0.00,9.09,0.00,0.00,2.02,0.00,0.00,0.00,0.00
11:41:27,14,88.12,0.00,7.92,0.00,0.00,2.97,0.00,0.00,0.00,0.99
11:41:27,15,88.24,0.00,7.84,0.00,0.00,2.94,0.00,0.00,0.00,0.98
11:41:28,4,90.00,0.00,8.00,0.00,0.00,2.00,0.00,0.00,0.00,0.00
11:41:28,5,87.13,0.00,8.91,0.00,0.00,3.96,0.00,0.00,0.00,0.00
11:41:28,6,88.00,0.00,9.00,0.00,0.00,3.00,0.00,0.00,0.00,0.00
11:41:28,7,89.00,0.00,9.00,0.00,0.00,2.00,0.00,0.00,0.00,0.00
11:41:28,12,89.90,0.00,7.07,0.00,0.00,3.03,0.00,0.00,0.00,0.00
11:41:28,13,90.00,0.00,8.00,0.00,0.00,2.00,0.00,0.00,0.00,0.00
11:41:28,14,89.11,0.00,8.91,0.00,0.00,1.98,0.00,0.00,0.00,0.00
11:41:28,15,88.89,0.00,9.09,0.00,0.00,2.02,0.00,0.00,0.00,0.00
11:41:29,4,90.00,0.00,6.00,0.00,0.00,4.00,0.00,0.00,0.00,0.00
11:41:29,5,89.90,0.00,7.07,0.00,0.00,3.03,0.00,0.00,0.00,0.00
11:41:29,6,89.00,0.00,8.00,0.00,0.00,3.00,0.00,0.00,0.00,0.00
11:41:29,7,89.11,0.00,6.93,0.00,0.00,3.96,0.00,0.00,0.00,0.00
11:41:29,12,89.11,0.00,7.92,0.00,0.00,2.97,0.00,0.00,0.00,0.00
11:41:29,13,89.00,0.00,8.00,0.00,0.00,3.00,0.00,0.00,0.00,0.00
11:41:29,14,90.91,0.00,6.06,0.00,0.00,3.03,0.00,0.00,0.00,0.00
11:41:29,15,90.00,0.00,8.00,0.00,0.00,2.00,0.00,0.00,0.00,0.00
11:41:30,4,88.12,0.00,8.91,0.00,0.00,2.97,0.00,0.00,0.00,0.00
11:41:30,5,88.00,0.00,10.00,0.00,0.00,2.00,0.00,0.00,0.00,0.00
11:41:30,6,89.00,0.00,9.00,0.00,0.00,2.00,0.00,0.00,0.00,0.00
11:41:30,7,90.00,0.00,7.00,0.00,0.00,3.00,0.00,0.00,0.00,0.00
11:41:30,12,87.88,0.00,10.10,0.00,0.00,2.02,0.00,0.00,0.00,0.00
11:41:30,13,89.11,0.00,7.92,0.00,0.00,2.97,0.00,0.00,0.00,0.00
11:41:30,14,91.00,0.00,7.00,0.00,0.00,2.00,0.00,0.00,0.00,0.00
11:41:30,15,88.00,0.00,9.00,0.00,0.00,3.00,0.00,0.00,0.00,0.00
11:41:31,4,88.89,0.00,9.09,0.00,0.00,2.02,0.00,0.00,0.00,0.00
11:41:31,5,90.00,0.00,8.00,0.00,0.00,2.00,0.00,0.00,0.00,0.00
11:41:31,6,90.00,0.00,8.00,0.00,0.00,2.00,0.00,0.00,0.00,0.00
11:41:31,7,86.87,0.00,10.10,0.00,0.00,3.03,0.00,0.00,0.00,0.00
11:41:31,12,89.00,0.00,7.00,0.00,0.00,4.00,0.00,0.00,0.00,0.00
11:41:31,13,90.91,0.00,8.08,0.00,0.00,1.01,0.00,0.00,0.00,0.00
11:41:31,14,89.11,0.00,7.92,0.00,0.00,2.97,0.00,0.00,0.00,0.00
11:41:31,15,90.00,0.00,9.00,0.00,0.00,1.00,0.00,0.00,0.00,0.00
11:41:32,4,90.00,0.00,8.00,0.00,0.00,2.00,0.00,0.00,0.00,0.00
11:41:32,5,89.00,0.00,8.00,0.00,0.00,3.00,0.00,0.00,0.00,0.00
11:41:32,6,90.00,0.00,7.00,0.00,0.00,3.00,0.00,0.00,0.00,0.00
11:41:32,7,87.13,0.00,8.91,0.00,0.00,3.96,0.00,0.00,0.00,0.00
11:41:32,12,87.00,0.00,10.00,0.00,0.00,3.00,0.00,0.00,0.00,0.00
11:41:32,13,88.00,0.00,8.00,0.00,0.00,4.00,0.00,0.00,0.00,0.00
11:41:32,14,90.82,0.00,6.12,0.00,0.00,3.06,0.00,0.00,0.00,0.00
11:41:32,15,89.00,0.00,7.00,0.00,0.00,4.00,0.00,0.00,0.00,0.00
11:41:33,4,89.00,0.00,7.00,0.00,0.00,3.00,0.00,0.00,0.00,1.00
11:41:33,5,89.00,0.00,7.00,0.00,0.00,4.00,0.00,0.00,0.00,0.00
11:41:33,6,90.00,0.00,8.00,0.00,0.00,2.00,0.00,0.00,0.00,0.00
11:41:33,7,89.90,0.00,8.08,0.00,0.00,2.02,0.00,0.00,0.00,0.00
11:41:33,12,89.11,0.00,7.92,0.00,0.00,2.97,0.00,0.00,0.00,0.00
11:41:33,13,88.12,0.00,8.91,0.00,0.00,2.97,0.00,0.00,0.00,0.00
11:41:33,14,88.12,0.00,8.91,0.00,0.00,2.97,0.00,0.00,0.00,0.00
11:41:33,15,89.00,0.00,8.00,0.00,0.00,3.00,0.00,0.00,0.00,0.00
11:41:34,4,89.00,0.00,9.00,0.00,0.00,2.00,0.00,0.00,0.00,0.00
11:41:34,5,89.11,0.00,7.92,0.00,0.00,2.97,0.00,0.00,0.00,0.00
11:41:34,6,87.88,0.00,9.09,0.00,0.00,3.03,0.00,0.00,0.00,0.00
11:41:34,7,89.00,0.00,8.00,0.00,0.00,3.00,0.00,0.00,0.00,0.00
11:41:34,12,88.00,0.00,9.00,0.00,0.00,3.00,0.00,0.00,0.00,0.00
11:41:34,13,88.89,0.00,8.08,0.00,0.00,3.03,0.00,0.00,0.00,0.00
11:41:34,14,89.00,0.00,8.00,0.00,0.00,3.00,0.00,0.00,0.00,0.00
11:41:34,15,88.89,0.00,8.08,0.00,0.00,3.03,0.00,0.00,0.00,0.00
11:41:35,4,89.11,0.00,7.92,0.00,0.00,2.97,0.00,0.00,0.00,0.00
11:41:35,5,87.00,0.00,9.00,0.00,0.00,3.00,0.00,0.00,0.00,1.00
11:41:35,6,88.24,0.00,7.84,0.00,0.00,2.94,0.00,0.00,0.00,0.98
11:41:35,7,89.11,0.00,7.92,0.00,0.00,2.97,0.00,0.00,0.00,0.00
11:41:35,12,87.88,0.00,9.09,0.00,0.00,3.03,0.00,0.00,0.00,0.00
11:41:35,13,88.24,0.00,7.84,0.00,0.00,2.94,0.00,0.00,0.00,0.98
11:41:35,14,89.00,0.00,8.00,0.00,0.00,3.00,0.00,0.00,0.00,0.00
11:41:35,15,89.00,0.00,8.00,0.00,0.00,3.00,0.00,0.00,0.00,0.00
11:41:36,4,90.00,0.00,7.00,0.00,0.00,3.00,0.00,0.00,0.00,0.00
11:41:36,5,90.00,0.00,7.00,0.00,0.00,3.00,0.00,0.00,0.00,0.00
11:41:36,6,90.00,0.00,8.00,0.00,0.00,2.00,0.00,0.00,0.00,0.00
11:41:36,7,90.91,0.00,7.07,0.00,0.00,2.02,0.00,0.00,0.00,0.00
11:41:36,12,91.00,0.00,8.00,0.00,0.00,1.00,0.00,0.00,0.00,0.00
11:41:36,13,88.89,0.00,8.08,0.00,0.00,3.03,0.00,0.00,0.00,0.00
11:41:36,14,90.00,0.00,8.00,0.00,0.00,2.00,0.00,0.00,0.00,0.00
11:41:36,15,90.10,0.00,6.93,0.00,0.00,2.97,0.00,0.00,0.00,0.00
11:41:37,4,88.00,0.00,9.00,0.00,0.00,3.00,0.00,0.00,0.00,0.00
11:41:37,5,89.90,0.00,7.07,0.00,0.00,3.03,0.00,0.00,0.00,0.00
11:41:37,6,90.00,0.00,7.00,0.00,0.00,3.00,0.00,0.00,0.00,0.00
11:41:37,7,88.89,0.00,9.09,0.00,0.00,2.02,0.00,0.00,0.00,0.00
11:41:37,12,88.89,0.00,8.08,0.00,0.00,3.03,0.00,0.00,0.00,0.00
11:41:37,13,88.00,0.00,9.00,0.00,0.00,3.00,0.00,0.00,0.00,0.00
11:41:37,14,88.89,0.00,9.09,0.00,0.00,2.02,0.00,0.00,0.00,0.00
11:41:37,15,88.00,0.00,10.00,0.00,0.00,2.00,0.00,0.00,0.00,0.00
11:41:38,4,88.89,0.00,8.08,0.00,0.00,3.03,0.00,0.00,0.00,0.00
11:41:38,5,88.12,0.00,8.91,0.00,0.00,2.97,0.00,0.00,0.00,0.00
11:41:38,6,87.88,0.00,9.09,0.00,0.00,3.03,0.00,0.00,0.00,0.00
11:41:38,7,88.12,0.00,7.92,0.00,0.00,3.96,0.00,0.00,0.00,0.00
11:41:38,12,86.14,0.00,10.89,0.00,0.00,2.97,0.00,0.00,0.00,0.00
11:41:38,13,88.00,0.00,10.00,0.00,0.00,2.00,0.00,0.00,0.00,0.00
11:41:38,14,88.12,0.00,8.91,0.00,0.00,2.97,0.00,0.00,0.00,0.00
11:41:38,15,90.91,0.00,6.06,0.00,0.00,3.03,0.00,0.00,0.00,0.00
11:41:39,4,88.00,0.00,8.00,0.00,0.00,3.00,0.00,0.00,0.00,1.00
11:41:39,5,88.89,0.00,7.07,0.00,0.00,3.03,0.00,0.00,0.00,1.01
11:41:39,6,88.00,0.00,9.00,0.00,0.00,2.00,0.00,0.00,0.00,1.00
11:41:39,7,88.12,0.00,7.92,0.00,0.00,1.98,0.00,0.00,0.00,1.98
11:41:39,12,88.89,0.00,7.07,0.00,0.00,3.03,0.00,0.00,0.00,1.01
11:41:39,13,87.88,0.00,8.08,0.00,0.00,3.03,0.00,0.00,0.00,1.01
11:41:39,14,88.12,0.00,6.93,0.00,0.00,2.97,0.00,0.00,0.00,1.98
11:41:39,15,87.13,0.00,8.91,0.00,0.00,2.97,0.00,0.00,0.00,0.99
11:41:40,4,91.00,0.00,7.00,0.00,0.00,2.00,0.00,0.00,0.00,0.00
11:41:40,5,89.00,0.00,9.00,0.00,0.00,2.00,0.00,0.00,0.00,0.00
11:41:40,6,90.00,0.00,8.00,0.00,0.00,2.00,0.00,0.00,0.00,0.00
11:41:40,7,90.91,0.00,7.07,0.00,0.00,2.02,0.00,0.00,0.00,0.00
11:41:40,12,88.00,0.00,9.00,0.00,0.00,3.00,0.00,0.00,0.00,0.00
11:41:40,13,89.11,0.00,7.92,0.00,0.00,2.97,0.00,0.00,0.00,0.00
11:41:40,14,90.00,0.00,8.00,0.00,0.00,2.00,0.00,0.00,0.00,0.00
11:41:40,15,87.88,0.00,9.09,0.00,0.00,3.03,0.00,0.00,0.00,0.00
11:41:41,4,90.00,0.00,8.00,0.00,0.00,2.00,0.00,0.00,0.00,0.00
11:41:41,5,89.00,0.00,8.00,0.00,0.00,3.00,0.00,0.00,0.00,0.00
11:41:41,6,89.00,0.00,8.00,0.00,0.00,3.00,0.00,0.00,0.00,0.00
11:41:41,7,88.89,0.00,8.08,0.00,0.00,3.03,0.00,0.00,0.00,0.00
11:41:41,12,89.11,0.00,6.93,0.00,0.00,2.97,0.00,0.00,0.00,0.99
11:41:41,13,89.90,0.00,7.07,0.00,0.00,3.03,0.00,0.00,0.00,0.00
11:41:41,14,89.00,0.00,8.00,0.00,0.00,3.00,0.00,0.00,0.00,0.00
11:41:41,15,89.90,0.00,8.08,0.00,0.00,2.02,0.00,0.00,0.00,0.00
11:41:42,4,89.00,0.00,8.00,0.00,0.00,3.00,0.00,0.00,0.00,0.00
11:41:42,5,88.00,0.00,9.00,0.00,0.00,3.00,0.00,0.00,0.00,0.00
11:41:42,6,88.00,0.00,9.00,0.00,0.00,3.00,0.00,0.00,0.00,0.00
11:41:42,7,89.22,0.00,7.84,0.00,0.00,2.94,0.00,0.00,0.00,0.00
11:41:42,12,88.12,0.00,8.91,0.00,0.00,2.97,0.00,0.00,0.00,0.00
11:41:42,13,88.00,0.00,9.00,0.00,0.00,3.00,0.00,0.00,0.00,0.00
11:41:42,14,88.89,0.00,8.08,0.00,0.00,3.03,0.00,0.00,0.00,0.00
11:41:42,15,88.24,0.00,7.84,0.00,0.00,3.92,0.00,0.00,0.00,0.00
11:41:43,4,91.92,0.00,6.06,0.00,0.00,2.02,0.00,0.00,0.00,0.00
11:41:43,5,85.00,0.00,11.00,0.00,0.00,4.00,0.00,0.00,0.00,0.00
11:41:43,6,89.00,0.00,10.00,0.00,0.00,1.00,0.00,0.00,0.00,0.00
11:41:43,7,89.90,0.00,7.07,0.00,0.00,3.03,0.00,0.00,0.00,0.00
11:41:43,12,89.00,0.00,8.00,0.00,0.00,3.00,0.00,0.00,0.00,0.00
11:41:43,13,89.00,0.00,9.00,0.00,0.00,2.00,0.00,0.00,0.00,0.00
11:41:43,14,90.00,0.00,7.00,0.00,0.00,3.00,0.00,0.00,0.00,0.00
11:41:43,15,87.00,0.00,9.00,0.00,0.00,3.00,0.00,0.00,0.00,1.00
11:41:44,4,89.11,0.00,6.93,0.00,0.00,2.97,0.00,0.00,0.00,0.99
11:41:44,5,88.00,0.00,8.00,0.00,0.00,3.00,0.00,0.00,0.00,1.00
11:41:44,6,86.87,0.00,9.09,0.00,0.00,3.03,0.00,0.00,0.00,1.01
11:41:44,7,86.14,0.00,8.91,0.00,0.00,3.96,0.00,0.00,0.00,0.99
11:41:44,12,89.80,0.00,8.16,0.00,0.00,2.04,0.00,0.00,0.00,0.00
11:41:44,13,88.00,0.00,8.00,0.00,0.00,3.00,0.00,0.00,0.00,1.00
11:41:44,14,88.89,0.00,8.08,0.00,0.00,2.02,0.00,0.00,0.00,1.01
11:41:44,15,89.90,0.00,8.08,0.00,0.00,2.02,0.00,0.00,0.00,0.00
11:41:45,4,89.00,0.00,8.00,0.00,0.00,2.00,0.00,0.00,0.00,1.00
11:41:45,5,91.00,0.00,7.00,0.00,0.00,2.00,0.00,0.00,0.00,0.00
11:41:45,6,87.13,0.00,8.91,0.00,0.00,2.97,0.00,0.00,0.00,0.99
11:41:45,7,89.00,0.00,8.00,0.00,0.00,3.00,0.00,0.00,0.00,0.00
11:41:45,12,87.13,0.00,8.91,0.00,0.00,2.97,0.00,0.00,0.00,0.99
11:41:45,13,89.00,0.00,9.00,0.00,0.00,2.00,0.00,0.00,0.00,0.00
11:41:45,14,86.14,0.00,9.90,0.00,0.00,3.96,0.00,0.00,0.00,0.00
11:41:45,15,89.11,0.00,6.93,0.00,0.00,2.97,0.00,0.00,0.00,0.99
11:41:46,4,90.00,0.00,7.00,0.00,0.00,3.00,0.00,0.00,0.00,0.00
11:41:46,5,88.00,0.00,9.00,0.00,0.00,3.00,0.00,0.00,0.00,0.00
11:41:46,6,90.00,0.00,8.00,0.00,0.00,2.00,0.00,0.00,0.00,0.00
11:41:46,7,89.90,0.00,8.08,0.00,0.00,2.02,0.00,0.00,0.00,0.00
11:41:46,12,91.00,0.00,6.00,0.00,0.00,3.00,0.00,0.00,0.00,0.00
11:41:46,13,88.00,0.00,8.00,0.00,0.00,4.00,0.00,0.00,0.00,0.00
11:41:46,14,88.00,0.00,9.00,0.00,0.00,3.00,0.00,0.00,0.00,0.00
11:41:46,15,91.00,0.00,7.00,0.00,0.00,2.00,0.00,0.00,0.00,0.00
11:41:47,4,89.00,0.00,8.00,0.00,0.00,3.00,0.00,0.00,0.00,0.00
11:41:47,5,90.00,0.00,7.00,0.00,0.00,3.00,0.00,0.00,0.00,0.00
11:41:47,6,89.00,0.00,9.00,0.00,0.00,2.00,0.00,0.00,0.00,0.00
11:41:47,7,88.00,0.00,10.00,0.00,0.00,2.00,0.00,0.00,0.00,0.00
11:41:47,12,88.12,0.00,8.91,0.00,0.00,2.97,0.00,0.00,0.00,0.00
11:41:47,13,89.00,0.00,8.00,0.00,0.00,3.00,0.00,0.00,0.00,0.00
11:41:47,14,88.00,0.00,9.00,0.00,0.00,3.00,0.00,0.00,0.00,0.00
11:41:47,15,89.90,0.00,8.08,0.00,0.00,2.02,0.00,0.00,0.00,0.00
11:41:48,4,91.00,0.00,8.00,0.00,0.00,1.00,0.00,0.00,0.00,0.00
11:41:48,5,88.89,0.00,9.09,0.00,0.00,2.02,0.00,0.00,0.00,0.00
11:41:48,6,90.00,0.00,8.00,0.00,0.00,2.00,0.00,0.00,0.00,0.00
11:41:48,7,88.00,0.00,8.00,0.00,0.00,4.00,0.00,0.00,0.00,0.00
11:41:48,12,89.00,0.00,8.00,0.00,0.00,3.00,0.00,0.00,0.00,0.00
11:41:48,13,90.00,0.00,8.00,0.00,0.00,2.00,0.00,0.00,0.00,0.00
11:41:48,14,89.00,0.00,8.00,0.00,0.00,3.00,0.00,0.00,0.00,0.00
11:41:48,15,89.00,0.00,8.00,0.00,0.00,3.00,0.00,0.00,0.00,0.00
11:41:49,4,88.89,0.00,8.08,0.00,0.00,3.03,0.00,0.00,0.00,0.00
11:41:49,5,85.29,0.00,10.78,0.00,0.00,2.94,0.00,0.00,0.00,0.98
11:41:49,6,90.00,0.00,8.00,0.00,0.00,2.00,0.00,0.00,0.00,0.00
11:41:49,7,90.00,0.00,7.00,0.00,0.00,3.00,0.00,0.00,0.00,0.00
11:41:49,12,91.92,0.00,6.06,0.00,0.00,2.02,0.00,0.00,0.00,0.00
11:41:49,13,87.00,0.00,10.00,0.00,0.00,3.00,0.00,0.00,0.00,0.00
11:41:49,14,88.89,0.00,8.08,0.00,0.00,3.03,0.00,0.00,0.00,0.00
11:41:49,15,90.00,0.00,8.00,0.00,0.00,2.00,0.00,0.00,0.00,0.00
11:41:50,4,90.10,0.00,7.92,0.00,0.00,1.98,0.00,0.00,0.00,0.00
11:41:50,5,88.00,0.00,9.00,0.00,0.00,3.00,0.00,0.00,0.00,0.00
11:41:50,6,89.00,0.00,9.00,0.00,0.00,2.00,0.00,0.00,0.00,0.00
11:41:50,7,88.89,0.00,8.08,0.00,0.00,3.03,0.00,0.00,0.00,0.00
11:41:50,12,88.00,0.00,9.00,0.00,0.00,3.00,0.00,0.00,0.00,0.00
11:41:50,13,88.12,0.00,8.91,0.00,0.00,1.98,0.00,0.00,0.00,0.99
11:41:50,14,90.00,0.00,8.00,0.00,0.00,2.00,0.00,0.00,0.00,0.00
11:41:50,15,91.00,0.00,7.00,0.00,0.00,2.00,0.00,0.00,0.00,0.00
11:41:51,4,88.89,0.00,8.08,0.00,0.00,3.03,0.00,0.00,0.00,0.00
11:41:51,5,87.00,0.00,10.00,0.00,0.00,3.00,0.00,0.00,0.00,0.00
11:41:51,6,90.00,0.00,7.00,0.00,0.00,3.00,0.00,0.00,0.00,0.00
11:41:51,7,89.11,0.00,7.92,0.00,0.00,1.98,0.00,0.00,0.00,0.99
11:41:51,12,89.00,0.00,8.00,0.00,0.00,3.00,0.00,0.00,0.00,0.00
11:41:51,13,88.89,0.00,7.07,0.00,0.00,4.04,0.00,0.00,0.00,0.00
11:41:51,14,88.12,0.00,7.92,0.00,0.00,2.97,0.00,0.00,0.00,0.99
11:41:51,15,89.00,0.00,8.00,0.00,0.00,3.00,0.00,0.00,0.00,0.00
11:41:52,4,90.91,0.00,7.07,0.00,0.00,2.02,0.00,0.00,0.00,0.00
11:41:52,5,90.00,0.00,8.00,0.00,0.00,2.00,0.00,0.00,0.00,0.00
11:41:52,6,88.89,0.00,9.09,0.00,0.00,2.02,0.00,0.00,0.00,0.00
11:41:52,7,90.00,0.00,8.00,0.00,0.00,2.00,0.00,0.00,0.00,0.00
11:41:52,12,87.00,0.00,10.00,0.00,0.00,3.00,0.00,0.00,0.00,0.00
11:41:52,13,89.00,0.00,8.00,0.00,0.00,3.00,0.00,0.00,0.00,0.00
11:41:52,14,90.00,0.00,7.00,0.00,0.00,3.00,0.00,0.00,0.00,0.00
11:41:52,15,90.00,0.00,6.00,0.00,0.00,4.00,0.00,0.00,0.00,0.00
11:41:53,4,90.10,0.00,7.92,0.00,0.00,1.98,0.00,0.00,0.00,0.00
11:41:53,5,88.00,0.00,9.00,0.00,0.00,3.00,0.00,0.00,0.00,0.00
11:41:53,6,91.09,0.00,5.94,0.00,0.00,2.97,0.00,0.00,0.00,0.00
11:41:53,7,89.90,0.00,7.07,0.00,0.00,3.03,0.00,0.00,0.00,0.00
11:41:53,12,89.00,0.00,8.00,0.00,0.00,2.00,0.00,0.00,0.00,1.00
11:41:53,13,88.89,0.00,9.09,0.00,0.00,2.02,0.00,0.00,0.00,0.00
11:41:53,14,89.00,0.00,7.00,0.00,0.00,4.00,0.00,0.00,0.00,0.00
11:41:53,15,90.00,0.00,8.00,0.00,0.00,2.00,0.00,0.00,0.00,0.00
11:41:54,4,86.27,0.00,9.80,0.00,0.00,2.94,0.00,0.00,0.00,0.98
11:41:54,5,89.00,0.00,9.00,0.00,0.00,2.00,0.00,0.00,0.00,0.00
11:41:54,6,89.00,0.00,8.00,0.00,0.00,3.00,0.00,0.00,0.00,0.00
11:41:54,7,90.00,0.00,7.00,0.00,0.00,3.00,0.00,0.00,0.00,0.00
11:41:54,12,88.12,0.00,9.90,0.00,0.00,1.98,0.00,0.00,0.00,0.00
11:41:54,13,89.11,0.00,8.91,0.00,0.00,1.98,0.00,0.00,0.00,0.00
11:41:54,14,88.89,0.00,8.08,0.00,0.00,3.03,0.00,0.00,0.00,0.00
11:41:54,15,88.00,0.00,9.00,0.00,0.00,3.00,0.00,0.00,0.00,0.00
11:41:55,4,89.80,0.00,9.18,0.00,0.00,1.02,0.00,0.00,0.00,0.00
11:41:55,5,88.89,0.00,8.08,0.00,0.00,3.03,0.00,0.00,0.00,0.00
11:41:55,6,89.11,0.00,7.92,0.00,0.00,1.98,0.00,0.00,0.00,0.99
11:41:55,7,87.25,0.00,8.82,0.00,0.00,3.92,0.00,0.00,0.00,0.00
11:41:55,12,89.00,0.00,8.00,0.00,0.00,3.00,0.00,0.00,0.00,0.00
11:41:55,13,88.00,0.00,8.00,0.00,0.00,4.00,0.00,0.00,0.00,0.00
11:41:55,14,88.12,0.00,8.91,0.00,0.00,2.97,0.00,0.00,0.00,0.00
11:41:55,15,88.00,0.00,9.00,0.00,0.00,2.00,0.00,0.00,0.00,1.00
11:41:56,4,90.00,0.00,7.00,0.00,0.00,3.00,0.00,0.00,0.00,0.00
11:41:56,5,88.89,0.00,8.08,0.00,0.00,3.03,0.00,0.00,0.00,0.00
11:41:56,6,89.00,0.00,8.00,0.00,0.00,3.00,0.00,0.00,0.00,0.00
11:41:56,7,88.89,0.00,8.08,0.00,0.00,3.03,0.00,0.00,0.00,0.00
11:41:56,12,91.92,0.00,6.06,0.00,0.00,2.02,0.00,0.00,0.00,0.00
11:41:56,13,87.00,0.00,11.00,0.00,0.00,2.00,0.00,0.00,0.00,0.00
11:41:56,14,87.00,0.00,10.00,0.00,0.00,3.00,0.00,0.00,0.00,0.00
11:41:56,15,87.13,0.00,8.91,0.00,0.00,3.96,0.00,0.00,0.00,0.00
11:41:57,4,89.00,0.00,8.00,0.00,0.00,3.00,0.00,0.00,0.00,0.00
11:41:57,5,87.00,0.00,10.00,0.00,0.00,3.00,0.00,0.00,0.00,0.00
11:41:57,6,88.00,0.00,9.00,0.00,0.00,3.00,0.00,0.00,0.00,0.00
11:41:57,7,89.00,0.00,9.00,0.00,0.00,2.00,0.00,0.00,0.00,0.00
11:41:57,12,88.12,0.00,8.91,0.00,0.00,2.97,0.00,0.00,0.00,0.00
11:41:57,13,89.00,0.00,7.00,0.00,0.00,4.00,0.00,0.00,0.00,0.00
11:41:57,14,89.90,0.00,8.08,0.00,0.00,2.02,0.00,0.00,0.00,0.00
11:41:57,15,88.00,0.00,9.00,0.00,0.00,3.00,0.00,0.00,0.00,0.00
11:41:58,4,89.11,0.00,7.92,0.00,0.00,2.97,0.00,0.00,0.00,0.00
11:41:58,5,88.12,0.00,8.91,0.00,0.00,2.97,0.00,0.00,0.00,0.00
11:41:58,6,89.00,0.00,8.00,0.00,0.00,3.00,0.00,0.00,0.00,0.00
11:41:58,7,89.00,0.00,7.00,0.00,0.00,4.00,0.00,0.00,0.00,0.00
11:41:58,12,89.90,0.00,8.08,0.00,0.00,2.02,0.00,0.00,0.00,0.00
11:41:58,13,90.00,0.00,8.00,0.00,0.00,2.00,0.00,0.00,0.00,0.00
11:41:58,14,89.00,0.00,7.00,0.00,0.00,4.00,0.00,0.00,0.00,0.00
11:41:58,15,87.88,0.00,9.09,0.00,0.00,3.03,0.00,0.00,0.00,0.00
11:41:59,4,88.89,0.00,8.08,0.00,0.00,3.03,0.00,0.00,0.00,0.00
11:41:59,5,86.14,0.00,9.90,0.00,0.00,2.97,0.00,0.00,0.00,0.99
11:41:59,6,90.82,0.00,7.14,0.00,0.00,2.04,0.00,0.00,0.00,0.00
11:41:59,7,89.00,0.00,8.00,0.00,0.00,3.00,0.00,0.00,0.00,0.00
11:41:59,12,90.00,0.00,8.00,0.00,0.00,2.00,0.00,0.00,0.00,0.00
11:41:59,13,88.00,0.00,9.00,0.00,0.00,3.00,0.00,0.00,0.00,0.00
11:41:59,14,90.00,0.00,8.00,0.00,0.00,2.00,0.00,0.00,0.00,0.00
11:41:59,15,91.00,0.00,7.00,0.00,0.00,2.00,0.00,0.00,0.00,0.00
11:42:00,4,91.00,0.00,7.00,0.00,0.00,2.00,0.00,0.00,0.00,0.00
11:42:00,5,91.00,0.00,6.00,0.00,0.00,3.00,0.00,0.00,0.00,0.00
11:42:00,6,90.10,0.00,6.93,0.00,0.00,2.97,0.00,0.00,0.00,0.00
11:42:00,7,88.89,0.00,8.08,0.00,0.00,3.03,0.00,0.00,0.00,0.00
11:42:00,12,89.00,0.00,9.00,0.00,0.00,2.00,0.00,0.00,0.00,0.00
11:42:00,13,91.00,0.00,7.00,0.00,0.00,2.00,0.00,0.00,0.00,0.00
11:42:00,14,90.00,0.00,8.00,0.00,0.00,2.00,0.00,0.00,0.00,0.00
11:42:00,15,91.00,0.00,7.00,0.00,0.00,2.00,0.00,0.00,0.00,0.00
11:42:01,4,87.13,0.00,9.90,0.00,0.00,2.97,0.00,0.00,0.00,0.00
11:42:01,5,88.89,0.00,8.08,0.00,0.00,3.03,0.00,0.00,0.00,0.00
11:42:01,6,88.00,0.00,10.00,0.00,0.00,2.00,0.00,0.00,0.00,0.00
11:42:01,7,89.00,0.00,8.00,0.00,0.00,3.00,0.00,0.00,0.00,0.00
11:42:01,12,88.00,0.00,9.00,0.00,0.00,3.00,0.00,0.00,0.00,0.00
11:42:01,13,88.00,0.00,8.00,0.00,0.00,4.00,0.00,0.00,0.00,0.00
11:42:01,14,88.00,0.00,9.00,0.00,0.00,3.00,0.00,0.00,0.00,0.00
11:42:01,15,89.00,0.00,8.00,0.00,0.00,3.00,0.00,0.00,0.00,0.00
11:42:02,4,89.90,0.00,7.07,0.00,0.00,3.03,0.00,0.00,0.00,0.00
11:42:02,5,87.13,0.00,8.91,0.00,0.00,3.96,0.00,0.00,0.00,0.00
11:42:02,6,90.00,0.00,7.00,0.00,0.00,3.00,0.00,0.00,0.00,0.00
11:42:02,7,89.22,0.00,7.84,0.00,0.00,1.96,0.00,0.00,0.00,0.98
11:42:02,12,89.00,0.00,9.00,0.00,0.00,2.00,0.00,0.00,0.00,0.00
11:42:02,13,88.00,0.00,9.00,0.00,0.00,3.00,0.00,0.00,0.00,0.00
11:42:02,14,89.00,0.00,9.00,0.00,0.00,2.00,0.00,0.00,0.00,0.00
11:42:02,15,89.00,0.00,9.00,0.00,0.00,2.00,0.00,0.00,0.00,0.00
11:42:03,4,90.00,0.00,7.00,0.00,0.00,3.00,0.00,0.00,0.00,0.00
11:42:03,5,89.80,0.00,8.16,0.00,0.00,2.04,0.00,0.00,0.00,0.00
11:42:03,6,90.00,0.00,8.00,0.00,0.00,2.00,0.00,0.00,0.00,0.00
11:42:03,7,88.89,0.00,9.09,0.00,0.00,2.02,0.00,0.00,0.00,0.00
11:42:03,12,89.00,0.00,9.00,0.00,0.00,2.00,0.00,0.00,0.00,0.00
11:42:03,13,90.91,0.00,7.07,0.00,0.00,2.02,0.00,0.00,0.00,0.00
11:42:03,14,91.00,0.00,7.00,0.00,0.00,2.00,0.00,0.00,0.00,0.00
11:42:03,15,88.00,0.00,9.00,0.00,0.00,3.00,0.00,0.00,0.00,0.00
11:42:04,4,91.00,0.00,7.00,0.00,0.00,2.00,0.00,0.00,0.00,0.00
11:42:04,5,89.11,0.00,7.92,0.00,0.00,2.97,0.00,0.00,0.00,0.00
11:42:04,6,91.92,0.00,6.06,0.00,0.00,2.02,0.00,0.00,0.00,0.00
11:42:04,7,89.00,0.00,8.00,0.00,0.00,3.00,0.00,0.00,0.00,0.00
11:42:04,12,88.00,0.00,9.00,0.00,0.00,3.00,0.00,0.00,0.00,0.00
11:42:04,13,89.22,0.00,6.86,0.00,0.00,2.94,0.00,0.00,0.00,0.98
11:42:04,14,89.00,0.00,8.00,0.00,0.00,3.00,0.00,0.00,0.00,0.00
11:42:04,15,89.90,0.00,8.08,0.00,0.00,2.02,0.00,0.00,0.00,0.00
11:42:05,4,88.89,0.00,8.08,0.00,0.00,3.03,0.00,0.00,0.00,0.00
11:42:05,5,89.00,0.00,8.00,0.00,0.00,3.00,0.00,0.00,0.00,0.00
11:42:05,6,89.11,0.00,7.92,0.00,0.00,2.97,0.00,0.00,0.00,0.00
11:42:05,7,88.12,0.00,7.92,0.00,0.00,3.96,0.00,0.00,0.00,0.00
11:42:05,12,89.00,0.00,8.00,0.00,0.00,3.00,0.00,0.00,0.00,0.00
11:42:05,13,88.00,0.00,9.00,0.00,0.00,3.00,0.00,0.00,0.00,0.00
11:42:05,14,88.24,0.00,7.84,0.00,0.00,2.94,0.00,0.00,0.00,0.98
11:42:05,15,86.27,0.00,9.80,0.00,0.00,2.94,0.00,0.00,0.00,0.98
11:42:06,4,88.12,0.00,7.92,0.00,0.00,2.97,0.00,0.00,0.00,0.99
11:42:06,5,86.87,0.00,10.10,0.00,0.00,3.03,0.00,0.00,0.00,0.00
11:42:06,6,90.00,0.00,7.00,0.00,0.00,3.00,0.00,0.00,0.00,0.00
11:42:06,7,90.91,0.00,7.07,0.00,0.00,2.02,0.00,0.00,0.00,0.00
11:42:06,12,88.00,0.00,8.00,0.00,0.00,4.00,0.00,0.00,0.00,0.00
11:42:06,13,88.89,0.00,9.09,0.00,0.00,2.02,0.00,0.00,0.00,0.00
11:42:06,14,88.89,0.00,8.08,0.00,0.00,3.03,0.00,0.00,0.00,0.00
11:42:06,15,88.89,0.00,8.08,0.00,0.00,3.03,0.00,0.00,0.00,0.00
11:42:07,4,89.00,0.00,8.00,0.00,0.00,3.00,0.00,0.00,0.00,0.00
11:42:07,5,86.14,0.00,10.89,0.00,0.00,2.97,0.00,0.00,0.00,0.00
11:42:07,6,90.00,0.00,8.00,0.00,0.00,2.00,0.00,0.00,0.00,0.00
11:42:07,7,90.91,0.00,7.07,0.00,0.00,2.02,0.00,0.00,0.00,0.00
11:42:07,12,87.13,0.00,8.91,0.00,0.00,2.97,0.00,0.00,0.00,0.99
11:42:07,13,90.00,0.00,7.00,0.00,0.00,3.00,0.00,0.00,0.00,0.00
11:42:07,14,90.00,0.00,7.00,0.00,0.00,3.00,0.00,0.00,0.00,0.00
11:42:07,15,88.00,0.00,9.00,0.00,0.00,3.00,0.00,0.00,0.00,0.00
11:42:08,4,87.13,0.00,8.91,0.00,0.00,1.98,0.00,0.00,0.00,1.98
11:42:08,5,86.00,0.00,8.00,0.00,0.00,4.00,0.00,0.00,0.00,2.00
11:42:08,6,89.00,0.00,6.00,0.00,0.00,3.00,0.00,0.00,0.00,2.00
11:42:08,7,89.11,0.00,5.94,0.00,0.00,2.97,0.00,0.00,0.00,1.98
11:42:08,12,88.78,0.00,7.14,0.00,0.00,3.06,0.00,0.00,0.00,1.02
11:42:08,13,87.00,0.00,8.00,0.00,0.00,3.00,0.00,0.00,0.00,2.00
11:42:08,14,87.88,0.00,9.09,0.00,0.00,2.02,0.00,0.00,0.00,1.01
11:42:08,15,89.00,0.00,7.00,0.00,0.00,2.00,0.00,0.00,0.00,2.00
11:42:09,4,89.00,0.00,7.00,0.00,0.00,4.00,0.00,0.00,0.00,0.00
11:42:09,5,88.12,0.00,8.91,0.00,0.00,2.97,0.00,0.00,0.00,0.00
11:42:09,6,91.00,0.00,7.00,0.00,0.00,2.00,0.00,0.00,0.00,0.00
11:42:09,7,90.00,0.00,8.00,0.00,0.00,2.00,0.00,0.00,0.00,0.00
11:42:09,12,89.11,0.00,7.92,0.00,0.00,2.97,0.00,0.00,0.00,0.00
11:42:09,13,88.12,0.00,7.92,0.00,0.00,3.96,0.00,0.00,0.00,0.00
11:42:09,14,89.00,0.00,8.00,0.00,0.00,3.00,0.00,0.00,0.00,0.00
11:42:09,15,89.11,0.00,7.92,0.00,0.00,2.97,0.00,0.00,0.00,0.00
11:42:10,4,88.00,0.00,9.00,0.00,0.00,3.00,0.00,0.00,0.00,0.00
11:42:10,5,89.90,0.00,7.07,0.00,0.00,3.03,0.00,0.00,0.00,0.00
11:42:10,6,89.90,0.00,7.07,0.00,0.00,3.03,0.00,0.00,0.00,0.00
11:42:10,7,89.00,0.00,8.00,0.00,0.00,3.00,0.00,0.00,0.00,0.00
11:42:10,12,89.00,0.00,8.00,0.00,0.00,3.00,0.00,0.00,0.00,0.00
11:42:10,13,89.00,0.00,8.00,0.00,0.00,3.00,0.00,0.00,0.00,0.00
11:42:10,14,88.12,0.00,8.91,0.00,0.00,1.98,0.00,0.00,0.00,0.99
11:42:10,15,87.88,0.00,9.09,0.00,0.00,3.03,0.00,0.00,0.00,0.00
11:42:11,4,88.89,0.00,9.09,0.00,0.00,2.02,0.00,0.00,0.00,0.00
11:42:11,5,88.00,0.00,10.00,0.00,0.00,2.00,0.00,0.00,0.00,0.00
11:42:11,6,89.11,0.00,8.91,0.00,0.00,1.98,0.00,0.00,0.00,0.00
11:42:11,7,89.90,0.00,8.08,0.00,0.00,2.02,0.00,0.00,0.00,0.00
11:42:11,12,90.10,0.00,6.93,0.00,0.00,1.98,0.00,0.00,0.00,0.99
11:42:11,13,88.89,0.00,8.08,0.00,0.00,3.03,0.00,0.00,0.00,0.00
11:42:11,14,90.00,0.00,7.00,0.00,0.00,3.00,0.00,0.00,0.00,0.00
11:42:11,15,88.00,0.00,9.00,0.00,0.00,3.00,0.00,0.00,0.00,0.00
11:42:12,4,89.00,0.00,8.00,0.00,0.00,3.00,0.00,0.00,0.00,0.00
11:42:12,5,90.00,0.00,7.00,0.00,0.00,3.00,0.00,0.00,0.00,0.00
11:42:12,6,90.91,0.00,7.07,0.00,0.00,2.02,0.00,0.00,0.00,0.00
11:42:12,7,87.00,0.00,9.00,0.00,0.00,4.00,0.00,0.00,0.00,0.00
11:42:12,12,89.90,0.00,8.08,0.00,0.00,2.02,0.00,0.00,0.00,0.00
11:42:12,13,89.00,0.00,8.00,0.00,0.00,3.00,0.00,0.00,0.00,0.00
11:42:12,14,88.89,0.00,8.08,0.00,0.00,3.03,0.00,0.00,0.00,0.00
11:42:12,15,89.00,0.00,7.00,0.00,0.00,4.00,0.00,0.00,0.00,0.00
11:42:13,4,88.89,0.00,8.08,0.00,0.00,3.03,0.00,0.00,0.00,0.00
11:42:13,5,88.00,0.00,9.00,0.00,0.00,3.00,0.00,0.00,0.00,0.00
11:42:13,6,88.00,0.00,9.00,0.00,0.00,3.00,0.00,0.00,0.00,0.00
11:42:13,7,90.00,0.00,7.00,0.00,0.00,3.00,0.00,0.00,0.00,0.00
11:42:13,12,88.00,0.00,8.00,0.00,0.00,4.00,0.00,0.00,0.00,0.00
11:42:13,13,88.00,0.00,9.00,0.00,0.00,3.00,0.00,0.00,0.00,0.00
11:42:13,14,88.12,0.00,8.91,0.00,0.00,2.97,0.00,0.00,0.00,0.00
11:42:13,15,88.00,0.00,10.00,0.00,0.00,2.00,0.00,0.00,0.00,0.00
11:42:14,4,90.10,0.00,6.93,0.00,0.00,2.97,0.00,0.00,0.00,0.00
11:42:14,5,90.00,0.00,8.00,0.00,0.00,2.00,0.00,0.00,0.00,0.00
11:42:14,6,88.00,0.00,8.00,0.00,0.00,3.00,0.00,0.00,0.00,1.00
11:42:14,7,89.11,0.00,7.92,0.00,0.00,2.97,0.00,0.00,0.00,0.00
11:42:14,12,89.00,0.00,9.00,0.00,0.00,2.00,0.00,0.00,0.00,0.00
11:42:14,13,90.00,0.00,7.00,0.00,0.00,3.00,0.00,0.00,0.00,0.00
11:42:14,14,89.00,0.00,8.00,0.00,0.00,3.00,0.00,0.00,0.00,0.00
11:42:14,15,89.11,0.00,7.92,0.00,0.00,2.97,0.00,0.00,0.00,0.00
11:42:15,4,87.88,0.00,10.10,0.00,0.00,2.02,0.00,0.00,0.00,0.00
11:42:15,5,88.12,0.00,7.92,0.00,0.00,2.97,0.00,0.00,0.00,0.99
11:42:15,6,88.12,0.00,8.91,0.00,0.00,2.97,0.00,0.00,0.00,0.00
11:42:15,7,89.00,0.00,6.00,0.00,0.00,4.00,0.00,0.00,0.00,1.00
11:42:15,12,88.12,0.00,8.91,0.00,0.00,2.97,0.00,0.00,0.00,0.00
11:42:15,13,90.00,0.00,8.00,0.00,0.00,2.00,0.00,0.00,0.00,0.00
11:42:15,14,87.88,0.00,9.09,0.00,0.00,3.03,0.00,0.00,0.00,0.00
11:42:15,15,88.89,0.00,9.09,0.00,0.00,2.02,0.00,0.00,0.00,0.00
11:42:16,4,87.00,0.00,10.00,0.00,0.00,3.00,0.00,0.00,0.00,0.00
11:42:16,5,88.89,0.00,9.09,0.00,0.00,2.02,0.00,0.00,0.00,0.00
11:42:16,6,88.00,0.00,10.00,0.00,0.00,2.00,0.00,0.00,0.00,0.00
11:42:16,7,89.00,0.00,8.00,0.00,0.00,3.00,0.00,0.00,0.00,0.00
11:42:16,12,90.91,0.00,7.07,0.00,0.00,2.02,0.00,0.00,0.00,0.00
11:42:16,13,91.00,0.00,8.00,0.00,0.00,1.00,0.00,0.00,0.00,0.00
11:42:16,14,89.00,0.00,8.00,0.00,0.00,3.00,0.00,0.00,0.00,0.00
11:42:16,15,90.00,0.00,7.00,0.00,0.00,3.00,0.00,0.00,0.00,0.00
11:42:17,4,91.00,0.00,7.00,0.00,0.00,2.00,0.00,0.00,0.00,0.00
11:42:17,5,89.00,0.00,8.00,0.00,0.00,3.00,0.00,0.00,0.00,0.00
11:42:17,6,89.90,0.00,8.08,0.00,0.00,2.02,0.00,0.00,0.00,0.00
11:42:17,7,89.90,0.00,8.08,0.00,0.00,2.02,0.00,0.00,0.00,0.00
11:42:17,12,88.00,0.00,9.00,0.00,0.00,3.00,0.00,0.00,0.00,0.00
11:42:17,13,88.89,0.00,8.08,0.00,0.00,3.03,0.00,0.00,0.00,0.00
11:42:17,14,89.00,0.00,8.00,0.00,0.00,3.00,0.00,0.00,0.00,0.00
11:42:17,15,88.00,0.00,10.00,0.00,0.00,2.00,0.00,0.00,0.00,0.00
11:42:18,4,90.00,0.00,7.00,0.00,0.00,3.00,0.00,0.00,0.00,0.00
11:42:18,5,91.00,0.00,6.00,0.00,0.00,3.00,0.00,0.00,0.00,0.00
11:42:18,6,88.00,0.00,9.00,0.00,0.00,3.00,0.00,0.00,0.00,0.00
11:42:18,7,88.12,0.00,8.91,0.00,0.00,2.97,0.00,0.00,0.00,0.00
11:42:18,12,90.00,0.00,8.00,0.00,0.00,2.00,0.00,0.00,0.00,0.00
11:42:18,13,88.12,0.00,8.91,0.00,0.00,2.97,0.00,0.00,0.00,0.00
11:42:18,14,87.13,0.00,8.91,0.00,0.00,2.97,0.00,0.00,0.00,0.99
11:42:18,15,90.00,0.00,8.00,0.00,0.00,2.00,0.00,0.00,0.00,0.00
11:42:19,4,88.00,0.00,9.00,0.00,0.00,3.00,0.00,0.00,0.00,0.00
11:42:19,5,90.00,0.00,7.00,0.00,0.00,3.00,0.00,0.00,0.00,0.00
11:42:19,6,89.00,0.00,8.00,0.00,0.00,3.00,0.00,0.00,0.00,0.00
11:42:19,7,90.00,0.00,8.00,0.00,0.00,2.00,0.00,0.00,0.00,0.00
11:42:19,12,86.00,0.00,11.00,0.00,0.00,3.00,0.00,0.00,0.00,0.00
11:42:19,13,88.00,0.00,8.00,0.00,0.00,4.00,0.00,0.00,0.00,0.00
11:42:19,14,88.00,0.00,9.00,0.00,0.00,3.00,0.00,0.00,0.00,0.00
11:42:19,15,88.00,0.00,8.00,0.00,0.00,4.00,0.00,0.00,0.00,0.00
11:42:20,4,88.12,0.00,6.93,0.00,0.00,3.96,0.00,0.00,0.00,0.99
11:42:20,5,87.13,0.00,9.90,0.00,0.00,2.97,0.00,0.00,0.00,0.00
11:42:20,6,89.00,0.00,9.00,0.00,0.00,2.00,0.00,0.00,0.00,0.00
11:42:20,7,89.00,0.00,8.00,0.00,0.00,3.00,0.00,0.00,0.00,0.00
11:42:20,12,90.91,0.00,8.08,0.00,0.00,1.01,0.00,0.00,0.00,0.00
11:42:20,13,90.91,0.00,7.07,0.00,0.00,2.02,0.00,0.00,0.00,0.00
11:42:20,14,89.00,0.00,9.00,0.00,0.00,2.00,0.00,0.00,0.00,0.00
11:42:20,15,90.00,0.00,8.00,0.00,0.00,2.00,0.00,0.00,0.00,0.00
11:42:21,4,89.90,0.00,7.07,0.00,0.00,3.03,0.00,0.00,0.00,0.00
11:42:21,5,88.89,0.00,7.07,0.00,0.00,4.04,0.00,0.00,0.00,0.00
11:42:21,6,87.13,0.00,8.91,0.00,0.00,3.96,0.00,0.00,0.00,0.00
11:42:21,7,88.00,0.00,8.00,0.00,0.00,4.00,0.00,0.00,0.00,0.00
11:42:21,12,89.00,0.00,8.00,0.00,0.00,3.00,0.00,0.00,0.00,0.00
11:42:21,13,89.11,0.00,6.93,0.00,0.00,2.97,0.00,0.00,0.00,0.99
11:42:21,14,88.89,0.00,8.08,0.00,0.00,3.03,0.00,0.00,0.00,0.00
11:42:21,15,89.00,0.00,7.00,0.00,0.00,3.00,0.00,0.00,0.00,1.00
11:42:22,4,89.11,0.00,7.92,0.00,0.00,2.97,0.00,0.00,0.00,0.00
11:42:22,5,89.90,0.00,8.08,0.00,0.00,2.02,0.00,0.00,0.00,0.00
11:42:22,6,89.90,0.00,8.08,0.00,0.00,2.02,0.00,0.00,0.00,0.00
11:42:22,7,89.90,0.00,7.07,0.00,0.00,3.03,0.00,0.00,0.00,0.00
11:42:22,12,89.11,0.00,7.92,0.00,0.00,2.97,0.00,0.00,0.00,0.00
11:42:22,13,88.00,0.00,9.00,0.00,0.00,3.00,0.00,0.00,0.00,0.00
11:42:22,14,87.13,0.00,9.90,0.00,0.00,2.97,0.00,0.00,0.00,0.00
11:42:22,15,88.00,0.00,9.00,0.00,0.00,3.00,0.00,0.00,0.00,0.00
11:42:23,4,90.00,0.00,7.00,0.00,0.00,2.00,0.00,0.00,0.00,1.00
11:42:23,5,88.12,0.00,6.93,0.00,0.00,3.96,0.00,0.00,0.00,0.99
11:42:23,6,90.10,0.00,5.94,0.00,0.00,2.97,0.00,0.00,0.00,0.99
11:42:23,7,89.00,0.00,7.00,0.00,0.00,3.00,0.00,0.00,0.00,1.00
11:42:23,12,89.00,0.00,8.00,0.00,0.00,2.00,0.00,0.00,0.00,1.00
11:42:23,13,89.90,0.00,8.08,0.00,0.00,2.02,0.00,0.00,0.00,0.00
11:42:23,14,87.88,0.00,9.09,0.00,0.00,2.02,0.00,0.00,0.00,1.01
11:42:23,15,88.12,0.00,7.92,0.00,0.00,2.97,0.00,0.00,0.00,0.99
11:42:24,4,88.00,0.00,9.00,0.00,0.00,3.00,0.00,0.00,0.00,0.00
11:42:24,5,90.10,0.00,7.92,0.00,0.00,1.98,0.00,0.00,0.00,0.00
11:42:24,6,88.00,0.00,9.00,0.00,0.00,3.00,0.00,0.00,0.00,0.00
11:42:24,7,89.00,0.00,9.00,0.00,0.00,2.00,0.00,0.00,0.00,0.00
11:42:24,12,89.90,0.00,8.08,0.00,0.00,2.02,0.00,0.00,0.00,0.00
11:42:24,13,86.27,0.00,9.80,0.00,0.00,2.94,0.00,0.00,0.00,0.98
11:42:24,14,90.00,0.00,7.00,0.00,0.00,3.00,0.00,0.00,0.00,0.00
11:42:24,15,89.90,0.00,8.08,0.00,0.00,2.02,0.00,0.00,0.00,0.00
11:42:25,4,90.00,0.00,7.00,0.00,0.00,3.00,0.00,0.00,0.00,0.00
11:42:25,5,89.90,0.00,8.08,0.00,0.00,2.02,0.00,0.00,0.00,0.00
11:42:25,6,89.90,0.00,8.08,0.00,0.00,2.02,0.00,0.00,0.00,0.00
11:42:25,7,88.12,0.00,8.91,0.00,0.00,2.97,0.00,0.00,0.00,0.00
11:42:25,12,89.00,0.00,8.00,0.00,0.00,3.00,0.00,0.00,0.00,0.00
11:42:25,13,87.00,0.00,10.00,0.00,0.00,3.00,0.00,0.00,0.00,0.00
11:42:25,14,90.10,0.00,7.92,0.00,0.00,1.98,0.00,0.00,0.00,0.00
11:42:25,15,88.00,0.00,8.00,0.00,0.00,4.00,0.00,0.00,0.00,0.00
11:42:26,4,89.90,0.00,8.08,0.00,0.00,2.02,0.00,0.00,0.00,0.00
11:42:26,5,90.00,0.00,7.00,0.00,0.00,3.00,0.00,0.00,0.00,0.00
11:42:26,6,89.00,0.00,8.00,0.00,0.00,3.00,0.00,0.00,0.00,0.00
11:42:26,7,89.90,0.00,7.07,0.00,0.00,3.03,0.00,0.00,0.00,0.00
11:42:26,12,90.00,0.00,8.00,0.00,0.00,2.00,0.00,0.00,0.00,0.00
11:42:26,13,89.90,0.00,8.08,0.00,0.00,2.02,0.00,0.00,0.00,0.00
11:42:26,14,88.00,0.00,9.00,0.00,0.00,3.00,0.00,0.00,0.00,0.00
11:42:26,15,90.00,0.00,8.00,0.00,0.00,2.00,0.00,0.00,0.00,0.00
11:42:27,4,91.00,0.00,8.00,0.00,0.00,1.00,0.00,0.00,0.00,0.00
11:42:27,5,89.90,0.00,8.08,0.00,0.00,2.02,0.00,0.00,0.00,0.00
11:42:27,6,88.00,0.00,10.00,0.00,0.00,2.00,0.00,0.00,0.00,0.00
11:42:27,7,90.00,0.00,7.00,0.00,0.00,3.00,0.00,0.00,0.00,0.00
11:42:27,12,89.00,0.00,7.00,0.00,0.00,4.00,0.00,0.00,0.00,0.00
11:42:27,13,90.91,0.00,6.06,0.00,0.00,3.03,0.00,0.00,0.00,0.00
11:42:27,14,87.88,0.00,9.09,0.00,0.00,3.03,0.00,0.00,0.00,0.00
11:42:27,15,89.00,0.00,9.00,0.00,0.00,2.00,0.00,0.00,0.00,0.00
11:42:28,4,88.00,0.00,7.00,0.00,0.00,3.00,0.00,0.00,0.00,2.00
11:42:28,5,86.14,0.00,7.92,0.00,0.00,2.97,0.00,0.00,0.00,2.97
11:42:28,6,89.11,0.00,5.94,0.00,0.00,1.98,0.00,0.00,0.00,2.97
11:42:28,7,87.13,0.00,6.93,0.00,0.00,2.97,0.00,0.00,0.00,2.97
11:42:28,12,86.14,0.00,7.92,0.00,0.00,2.97,0.00,0.00,0.00,2.97
11:42:28,13,86.00,0.00,9.00,0.00,0.00,3.00,0.00,0.00,0.00,2.00
11:42:28,14,86.14,0.00,7.92,0.00,0.00,2.97,0.00,0.00,0.00,2.97
11:42:28,15,87.88,0.00,7.07,0.00,0.00,3.03,0.00,0.00,0.00,2.02
11:42:29,4,90.00,0.00,8.00,0.00,0.00,2.00,0.00,0.00,0.00,0.00
11:42:29,5,91.00,0.00,6.00,0.00,0.00,3.00,0.00,0.00,0.00,0.00
11:42:29,6,91.00,0.00,7.00,0.00,0.00,2.00,0.00,0.00,0.00,0.00
11:42:29,7,89.00,0.00,8.00,0.00,0.00,3.00,0.00,0.00,0.00,0.00
11:42:29,12,91.92,0.00,6.06,0.00,0.00,2.02,0.00,0.00,0.00,0.00
11:42:29,13,88.00,0.00,9.00,0.00,0.00,3.00,0.00,0.00,0.00,0.00
11:42:29,14,89.00,0.00,8.00,0.00,0.00,3.00,0.00,0.00,0.00,0.00
11:42:29,15,87.13,0.00,8.91,0.00,0.00,3.96,0.00,0.00,0.00,0.00
11:42:30,4,90.00,0.00,8.00,0.00,0.00,2.00,0.00,0.00,0.00,0.00
11:42:30,5,87.00,0.00,9.00,0.00,0.00,4.00,0.00,0.00,0.00,0.00
11:42:30,6,88.00,0.00,8.00,0.00,0.00,4.00,0.00,0.00,0.00,0.00
11:42:30,7,89.00,0.00,8.00,0.00,0.00,3.00,0.00,0.00,0.00,0.00
11:42:30,12,89.00,0.00,8.00,0.00,0.00,3.00,0.00,0.00,0.00,0.00
11:42:30,13,90.00,0.00,8.00,0.00,0.00,2.00,0.00,0.00,0.00,0.00
11:42:30,14,89.11,0.00,7.92,0.00,0.00,2.97,0.00,0.00,0.00,0.00
11:42:30,15,88.89,0.00,9.09,0.00,0.00,2.02,0.00,0.00,0.00,0.00
11:42:31,4,87.00,0.00,9.00,0.00,0.00,4.00,0.00,0.00,0.00,0.00
11:42:31,5,88.00,0.00,9.00,0.00,0.00,3.00,0.00,0.00,0.00,0.00
11:42:31,6,88.00,0.00,9.00,0.00,0.00,3.00,0.00,0.00,0.00,0.00
11:42:31,7,88.00,0.00,9.00,0.00,0.00,3.00,0.00,0.00,0.00,0.00
11:42:31,12,88.00,0.00,10.00,0.00,0.00,2.00,0.00,0.00,0.00,0.00
11:42:31,13,89.11,0.00,6.93,0.00,0.00,3.96,0.00,0.00,0.00,0.00
11:42:31,14,90.91,0.00,7.07,0.00,0.00,2.02,0.00,0.00,0.00,0.00
11:42:31,15,90.00,0.00,7.00,0.00,0.00,3.00,0.00,0.00,0.00,0.00
11:42:32,4,90.00,0.00,7.00,0.00,0.00,2.00,0.00,0.00,0.00,1.00
11:42:32,5,89.11,0.00,7.92,0.00,0.00,2.97,0.00,0.00,0.00,0.00
11:42:32,6,88.00,0.00,9.00,0.00,0.00,3.00,0.00,0.00,0.00,0.00
11:42:32,7,89.00,0.00,8.00,0.00,0.00,3.00,0.00,0.00,0.00,0.00
11:42:32,12,90.00,0.00,7.00,0.00,0.00,3.00,0.00,0.00,0.00,0.00
11:42:32,13,89.00,0.00,8.00,0.00,0.00,2.00,0.00,0.00,0.00,1.00
11:42:32,14,88.00,0.00,8.00,0.00,0.00,4.00,0.00,0.00,0.00,0.00
11:42:32,15,89.11,0.00,6.93,0.00,0.00,2.97,0.00,0.00,0.00,0.99
11:42:33,4,87.00,0.00,9.00,0.00,0.00,2.00,0.00,0.00,0.00,2.00
11:42:33,5,88.89,0.00,6.06,0.00,0.00,3.03,0.00,0.00,0.00,2.02
11:42:33,6,88.89,0.00,7.07,0.00,0.00,2.02,0.00,0.00,0.00,2.02
11:42:33,7,87.88,0.00,7.07,0.00,0.00,3.03,0.00,0.00,0.00,2.02
11:42:33,12,87.00,0.00,8.00,0.00,0.00,3.00,0.00,0.00,0.00,2.00
11:42:33,13,86.87,0.00,9.09,0.00,0.00,2.02,0.00,0.00,0.00,2.02
11:42:33,14,87.00,0.00,8.00,0.00,0.00,3.00,0.00,0.00,0.00,2.00
11:42:33,15,88.89,0.00,7.07,0.00,0.00,2.02,0.00,0.00,0.00,2.02
11:42:34,4,89.00,0.00,8.00,0.00,0.00,3.00,0.00,0.00,0.00,0.00
11:42:34,5,88.89,0.00,8.08,0.00,0.00,3.03,0.00,0.00,0.00,0.00
11:42:34,6,87.13,0.00,7.92,0.00,0.00,3.96,0.00,0.00,0.00,0.99
11:42:34,7,88.00,0.00,9.00,0.00,0.00,3.00,0.00,0.00,0.00,0.00
11:42:34,12,91.00,0.00,6.00,0.00,0.00,2.00,0.00,0.00,0.00,1.00
11:42:34,13,92.00,0.00,6.00,0.00,0.00,2.00,0.00,0.00,0.00,0.00
11:42:34,14,89.00,0.00,8.00,0.00,0.00,3.00,0.00,0.00,0.00,0.00
11:42:34,15,89.00,0.00,9.00,0.00,0.00,2.00,0.00,0.00,0.00,0.00
11:42:35,4,92.93,0.00,5.05,0.00,0.00,2.02,0.00,0.00,0.00,0.00
11:42:35,5,89.11,0.00,7.92,0.00,0.00,2.97,0.00,0.00,0.00,0.00
11:42:35,6,89.00,0.00,8.00,0.00,0.00,3.00,0.00,0.00,0.00,0.00
11:42:35,7,89.90,0.00,8.08,0.00,0.00,2.02,0.00,0.00,0.00,0.00
11:42:35,12,88.12,0.00,7.92,0.00,0.00,3.96,0.00,0.00,0.00,0.00
11:42:35,13,89.00,0.00,9.00,0.00,0.00,2.00,0.00,0.00,0.00,0.00
11:42:35,14,90.91,0.00,7.07,0.00,0.00,2.02,0.00,0.00,0.00,0.00
11:42:35,15,88.00,0.00,9.00,0.00,0.00,3.00,0.00,0.00,0.00,0.00
11:42:36,4,90.10,0.00,6.93,0.00,0.00,2.97,0.00,0.00,0.00,0.00
11:42:36,5,88.12,0.00,7.92,0.00,0.00,2.97,0.00,0.00,0.00,0.99
11:42:36,6,89.00,0.00,9.00,0.00,0.00,2.00,0.00,0.00,0.00,0.00
11:42:36,7,88.24,0.00,7.84,0.00,0.00,2.94,0.00,0.00,0.00,0.98
11:42:36,12,89.90,0.00,8.08,0.00,0.00,2.02,0.00,0.00,0.00,0.00
11:42:36,13,88.12,0.00,7.92,0.00,0.00,3.96,0.00,0.00,0.00,0.00
11:42:36,14,88.12,0.00,7.92,0.00,0.00,2.97,0.00,0.00,0.00,0.99
11:42:36,15,88.00,0.00,8.00,0.00,0.00,4.00,0.00,0.00,0.00,0.00
11:42:37,4,90.00,0.00,7.00,0.00,0.00,3.00,0.00,0.00,0.00,0.00
11:42:37,5,87.88,0.00,10.10,0.00,0.00,2.02,0.00,0.00,0.00,0.00
11:42:37,6,91.00,0.00,7.00,0.00,0.00,2.00,0.00,0.00,0.00,0.00
11:42:37,7,90.91,0.00,7.07,0.00,0.00,2.02,0.00,0.00,0.00,0.00
11:42:37,12,89.11,0.00,7.92,0.00,0.00,2.97,0.00,0.00,0.00,0.00
11:42:37,13,87.88,0.00,8.08,0.00,0.00,4.04,0.00,0.00,0.00,0.00
11:42:37,14,88.00,0.00,9.00,0.00,0.00,3.00,0.00,0.00,0.00,0.00
11:42:37,15,89.00,0.00,8.00,0.00,0.00,3.00,0.00,0.00,0.00,0.00
11:42:38,4,86.00,0.00,8.00,0.00,0.00,3.00,0.00,0.00,0.00,3.00
11:42:38,5,85.00,0.00,9.00,0.00,0.00,4.00,0.00,0.00,0.00,2.00
11:42:38,6,87.88,0.00,8.08,0.00,0.00,2.02,0.00,0.00,0.00,2.02
11:42:38,7,85.15,0.00,8.91,0.00,0.00,3.96,0.00,0.00,0.00,1.98
11:42:38,12,85.86,0.00,10.10,0.00,0.00,2.02,0.00,0.00,0.00,2.02
11:42:38,13,88.00,0.00,7.00,0.00,0.00,2.00,0.00,0.00,0.00,3.00
11:42:38,14,88.00,0.00,8.00,0.00,0.00,2.00,0.00,0.00,0.00,2.00
11:42:38,15,86.14,0.00,7.92,0.00,0.00,2.97,0.00,0.00,0.00,2.97
11:42:39,4,88.12,0.00,8.91,0.00,0.00,2.97,0.00,0.00,0.00,0.00
11:42:39,5,89.90,0.00,9.09,0.00,0.00,1.01,0.00,0.00,0.00,0.00
11:42:39,6,88.00,0.00,9.00,0.00,0.00,3.00,0.00,0.00,0.00,0.00
11:42:39,7,90.00,0.00,8.00,0.00,0.00,2.00,0.00,0.00,0.00,0.00
11:42:39,12,88.00,0.00,8.00,0.00,0.00,4.00,0.00,0.00,0.00,0.00
11:42:39,13,89.00,0.00,9.00,0.00,0.00,2.00,0.00,0.00,0.00,0.00
11:42:39,14,89.90,0.00,7.07,0.00,0.00,3.03,0.00,0.00,0.00,0.00
11:42:39,15,88.00,0.00,10.00,0.00,0.00,2.00,0.00,0.00,0.00,0.00
11:42:40,4,89.00,0.00,8.00,0.00,0.00,3.00,0.00,0.00,0.00,0.00
11:42:40,5,88.00,0.00,9.00,0.00,0.00,3.00,0.00,0.00,0.00,0.00
11:42:40,6,89.00,0.00,8.00,0.00,0.00,3.00,0.00,0.00,0.00,0.00
11:42:40,7,87.88,0.00,9.09,0.00,0.00,3.03,0.00,0.00,0.00,0.00
11:42:40,12,90.00,0.00,8.00,0.00,0.00,2.00,0.00,0.00,0.00,0.00
11:42:40,13,88.00,0.00,8.00,0.00,0.00,4.00,0.00,0.00,0.00,0.00
11:42:40,14,88.00,0.00,8.00,0.00,0.00,4.00,0.00,0.00,0.00,0.00
11:42:40,15,89.90,0.00,7.07,0.00,0.00,3.03,0.00,0.00,0.00,0.00
11:42:41,4,88.89,0.00,9.09,0.00,0.00,2.02,0.00,0.00,0.00,0.00
11:42:41,5,88.00,0.00,9.00,0.00,0.00,3.00,0.00,0.00,0.00,0.00
11:42:41,6,90.00,0.00,7.00,0.00,0.00,3.00,0.00,0.00,0.00,0.00
11:42:41,7,89.11,0.00,7.92,0.00,0.00,2.97,0.00,0.00,0.00,0.00
11:42:41,12,89.90,0.00,7.07,0.00,0.00,3.03,0.00,0.00,0.00,0.00
11:42:41,13,88.00,0.00,9.00,0.00,0.00,3.00,0.00,0.00,0.00,0.00
11:42:41,14,88.00,0.00,10.00,0.00,0.00,2.00,0.00,0.00,0.00,0.00
11:42:41,15,89.00,0.00,7.00,0.00,0.00,4.00,0.00,0.00,0.00,0.00
11:42:42,4,90.00,0.00,8.00,0.00,0.00,2.00,0.00,0.00,0.00,0.00
11:42:42,5,88.00,0.00,9.00,0.00,0.00,3.00,0.00,0.00,0.00,0.00
11:42:42,6,88.12,0.00,8.91,0.00,0.00,1.98,0.00,0.00,0.00,0.99
11:42:42,7,88.00,0.00,9.00,0.00,0.00,3.00,0.00,0.00,0.00,0.00
11:42:42,12,89.00,0.00,10.00,0.00,0.00,1.00,0.00,0.00,0.00,0.00
11:42:42,13,89.00,0.00,8.00,0.00,0.00,3.00,0.00,0.00,0.00,0.00
11:42:42,14,91.00,0.00,7.00,0.00,0.00,2.00,0.00,0.00,0.00,0.00
11:42:42,15,89.00,0.00,7.00,0.00,0.00,4.00,0.00,0.00,0.00,0.00
11:42:43,4,89.00,0.00,8.00,0.00,0.00,3.00,0.00,0.00,0.00,0.00
11:42:43,5,89.00,0.00,8.00,0.00,0.00,3.00,0.00,0.00,0.00,0.00
11:42:43,6,89.90,0.00,7.07,0.00,0.00,3.03,0.00,0.00,0.00,0.00
11:42:43,7,88.78,0.00,10.20,0.00,0.00,1.02,0.00,0.00,0.00,0.00
11:42:43,12,86.27,0.00,8.82,0.00,0.00,3.92,0.00,0.00,0.00,0.98
11:42:43,13,91.00,0.00,6.00,0.00,0.00,3.00,0.00,0.00,0.00,0.00
11:42:43,14,89.00,0.00,8.00,0.00,0.00,3.00,0.00,0.00,0.00,0.00
11:42:43,15,91.00,0.00,6.00,0.00,0.00,3.00,0.00,0.00,0.00,0.00
11:42:44,4,88.00,0.00,9.00,0.00,0.00,3.00,0.00,0.00,0.00,0.00
11:42:44,5,86.14,0.00,9.90,0.00,0.00,2.97,0.00,0.00,0.00,0.99
11:42:44,6,88.12,0.00,7.92,0.00,0.00,3.96,0.00,0.00,0.00,0.00
11:42:44,7,88.12,0.00,7.92,0.00,0.00,2.97,0.00,0.00,0.00,0.99
11:42:44,12,89.00,0.00,8.00,0.00,0.00,3.00,0.00,0.00,0.00,0.00
11:42:44,13,88.00,0.00,10.00,0.00,0.00,2.00,0.00,0.00,0.00,0.00
11:42:44,14,87.25,0.00,8.82,0.00,0.00,2.94,0.00,0.00,0.00,0.98
11:42:44,15,89.00,0.00,8.00,0.00,0.00,3.00,0.00,0.00,0.00,0.00
11:42:45,4,87.88,0.00,9.09,0.00,0.00,3.03,0.00,0.00,0.00,0.00
11:42:45,5,89.11,0.00,6.93,0.00,0.00,3.96,0.00,0.00,0.00,0.00
11:42:45,6,88.00,0.00,10.00,0.00,0.00,2.00,0.00,0.00,0.00,0.00
11:42:45,7,88.12,0.00,7.92,0.00,0.00,3.96,0.00,0.00,0.00,0.00
11:42:45,12,90.91,0.00,7.07,0.00,0.00,2.02,0.00,0.00,0.00,0.00
11:42:45,13,91.92,0.00,5.05,0.00,0.00,3.03,0.00,0.00,0.00,0.00
11:42:45,14,90.91,0.00,8.08,0.00,0.00,1.01,0.00,0.00,0.00,0.00
11:42:45,15,89.11,0.00,7.92,0.00,0.00,2.97,0.00,0.00,0.00,0.00
11:42:46,4,88.00,0.00,9.00,0.00,0.00,3.00,0.00,0.00,0.00,0.00
11:42:46,5,89.90,0.00,8.08,0.00,0.00,2.02,0.00,0.00,0.00,0.00
11:42:46,6,89.90,0.00,8.08,0.00,0.00,2.02,0.00,0.00,0.00,0.00
11:42:46,7,89.00,0.00,8.00,0.00,0.00,3.00,0.00,0.00,0.00,0.00
11:42:46,12,88.00,0.00,9.00,0.00,0.00,3.00,0.00,0.00,0.00,0.00
11:42:46,13,88.00,0.00,9.00,0.00,0.00,3.00,0.00,0.00,0.00,0.00
11:42:46,14,89.00,0.00,8.00,0.00,0.00,3.00,0.00,0.00,0.00,0.00
11:42:46,15,89.90,0.00,8.08,0.00,0.00,1.01,0.00,0.00,0.00,1.01
11:42:47,4,89.00,0.00,8.00,0.00,0.00,3.00,0.00,0.00,0.00,0.00
11:42:47,5,90.00,0.00,8.00,0.00,0.00,2.00,0.00,0.00,0.00,0.00
11:42:47,6,89.11,0.00,7.92,0.00,0.00,2.97,0.00,0.00,0.00,0.00
11:42:47,7,90.91,0.00,7.07,0.00,0.00,2.02,0.00,0.00,0.00,0.00
11:42:47,12,89.00,0.00,8.00,0.00,0.00,3.00,0.00,0.00,0.00,0.00
11:42:47,13,88.00,0.00,9.00,0.00,0.00,2.00,0.00,0.00,0.00,1.00
11:42:47,14,90.91,0.00,7.07,0.00,0.00,2.02,0.00,0.00,0.00,0.00
11:42:47,15,87.13,0.00,8.91,0.00,0.00,3.96,0.00,0.00,0.00,0.00
11:42:48,4,89.00,0.00,9.00,0.00,0.00,2.00,0.00,0.00,0.00,0.00
11:42:48,5,89.90,0.00,8.08,0.00,0.00,2.02,0.00,0.00,0.00,0.00
11:42:48,6,89.00,0.00,8.00,0.00,0.00,3.00,0.00,0.00,0.00,0.00
11:42:48,7,89.00,0.00,8.00,0.00,0.00,3.00,0.00,0.00,0.00,0.00
11:42:48,12,89.00,0.00,9.00,0.00,0.00,2.00,0.00,0.00,0.00,0.00
11:42:48,13,87.13,0.00,8.91,0.00,0.00,3.96,0.00,0.00,0.00,0.00
11:42:48,14,88.00,0.00,9.00,0.00,0.00,3.00,0.00,0.00,0.00,0.00
11:42:48,15,90.00,0.00,8.00,0.00,0.00,2.00,0.00,0.00,0.00,0.00
11:42:49,4,88.12,0.00,7.92,0.00,0.00,2.97,0.00,0.00,0.00,0.99
11:42:49,5,90.00,0.00,7.00,0.00,0.00,3.00,0.00,0.00,0.00,0.00
11:42:49,6,90.91,0.00,7.07,0.00,0.00,2.02,0.00,0.00,0.00,0.00
11:42:49,7,88.00,0.00,8.00,0.00,0.00,4.00,0.00,0.00,0.00,0.00
11:42:49,12,90.00,0.00,6.00,0.00,0.00,4.00,0.00,0.00,0.00,0.00
11:42:49,13,89.00,0.00,8.00,0.00,0.00,3.00,0.00,0.00,0.00,0.00
11:42:49,14,90.00,0.00,8.00,0.00,0.00,2.00,0.00,0.00,0.00,0.00
11:42:49,15,90.00,0.00,8.00,0.00,0.00,2.00,0.00,0.00,0.00,0.00
11:42:50,4,88.00,0.00,8.00,0.00,0.00,4.00,0.00,0.00,0.00,0.00
11:42:50,5,88.12,0.00,8.91,0.00,0.00,2.97,0.00,0.00,0.00,0.00
11:42:50,6,90.00,0.00,7.00,0.00,0.00,3.00,0.00,0.00,0.00,0.00
11:42:50,7,87.88,0.00,9.09,0.00,0.00,3.03,0.00,0.00,0.00,0.00
11:42:50,12,88.00,0.00,9.00,0.00,0.00,3.00,0.00,0.00,0.00,0.00
11:42:50,13,88.00,0.00,9.00,0.00,0.00,3.00,0.00,0.00,0.00,0.00
11:42:50,14,88.00,0.00,9.00,0.00,0.00,3.00,0.00,0.00,0.00,0.00
11:42:50,15,87.88,0.00,9.09,0.00,0.00,3.03,0.00,0.00,0.00,0.00
11:42:51,4,90.91,0.00,7.07,0.00,0.00,2.02,0.00,0.00,0.00,0.00
11:42:51,5,88.89,0.00,8.08,0.00,0.00,3.03,0.00,0.00,0.00,0.00
11:42:51,6,89.00,0.00,8.00,0.00,0.00,3.00,0.00,0.00,0.00,0.00
11:42:51,7,89.11,0.00,8.91,0.00,0.00,1.98,0.00,0.00,0.00,0.00
11:42:51,12,89.00,0.00,9.00,0.00,0.00,2.00,0.00,0.00,0.00,0.00
11:42:51,13,88.00,0.00,9.00,0.00,0.00,3.00,0.00,0.00,0.00,0.00
11:42:51,14,89.90,0.00,8.08,0.00,0.00,2.02,0.00,0.00,0.00,0.00
11:42:51,15,88.12,0.00,7.92,0.00,0.00,3.96,0.00,0.00,0.00,0.00
11:42:52,4,89.11,0.00,7.92,0.00,0.00,2.97,0.00,0.00,0.00,0.00
11:42:52,5,88.00,0.00,9.00,0.00,0.00,3.00,0.00,0.00,0.00,0.00
11:42:52,6,89.11,0.00,8.91,0.00,0.00,1.98,0.00,0.00,0.00,0.00
11:42:52,7,91.00,0.00,7.00,0.00,0.00,2.00,0.00,0.00,0.00,0.00
11:42:52,12,89.90,0.00,8.08,0.00,0.00,2.02,0.00,0.00,0.00,0.00
11:42:52,13,89.90,0.00,8.08,0.00,0.00,2.02,0.00,0.00,0.00,0.00
11:42:52,14,87.13,0.00,8.91,0.00,0.00,3.96,0.00,0.00,0.00,0.00
11:42:52,15,88.89,0.00,8.08,0.00,0.00,3.03,0.00,0.00,0.00,0.00
11:42:53,4,88.00,0.00,8.00,1.00,0.00,2.00,0.00,0.00,0.00,1.00
11:42:53,5,87.00,0.00,8.00,0.00,0.00,3.00,0.00,0.00,0.00,2.00
11:42:53,6,88.89,0.00,7.07,0.00,0.00,2.02,0.00,0.00,0.00,2.02
11:42:53,7,87.13,0.00,7.92,0.00,0.00,2.97,0.00,0.00,0.00,1.98
11:42:53,12,87.13,0.00,7.92,0.00,0.00,2.97,0.00,0.00,0.00,1.98
11:42:53,13,86.87,0.00,10.10,0.00,0.00,2.02,0.00,0.00,0.00,1.01
11:42:53,14,87.13,0.00,6.93,0.00,0.00,3.96,0.00,0.00,0.00,1.98
11:42:53,15,88.00,0.00,8.00,0.00,0.00,3.00,0.00,0.00,0.00,1.00
11:42:54,4,90.00,0.00,7.00,0.00,0.00,3.00,0.00,0.00,0.00,0.00
11:42:54,5,89.00,0.00,8.00,0.00,0.00,3.00,0.00,0.00,0.00,0.00
11:42:54,6,90.00,0.00,7.00,0.00,0.00,3.00,0.00,0.00,0.00,0.00
11:42:54,7,88.89,0.00,9.09,0.00,0.00,2.02,0.00,0.00,0.00,0.00
11:42:54,12,89.00,0.00,8.00,0.00,0.00,3.00,0.00,0.00,0.00,0.00
11:42:54,13,87.25,0.00,7.84,0.00,0.00,3.92,0.00,0.00,0.00,0.98
11:42:54,14,89.90,0.00,8.08,0.00,0.00,2.02,0.00,0.00,0.00,0.00
11:42:54,15,87.13,0.00,7.92,0.00,0.00,3.96,0.00,0.00,0.00,0.99
11:42:55,4,89.00,0.00,9.00,0.00,0.00,2.00,0.00,0.00,0.00,0.00
11:42:55,5,92.00,0.00,7.00,0.00,0.00,1.00,0.00,0.00,0.00,0.00
11:42:55,6,88.00,0.00,9.00,0.00,0.00,3.00,0.00,0.00,0.00,0.00
11:42:55,7,89.00,0.00,8.00,0.00,0.00,3.00,0.00,0.00,0.00,0.00
11:42:55,12,90.00,0.00,8.00,0.00,0.00,2.00,0.00,0.00,0.00,0.00
11:42:55,13,89.90,0.00,8.08,0.00,0.00,2.02,0.00,0.00,0.00,0.00
11:42:55,14,89.00,0.00,8.00,0.00,0.00,3.00,0.00,0.00,0.00,0.00
11:42:55,15,91.00,0.00,6.00,0.00,0.00,3.00,0.00,0.00,0.00,0.00
11:42:56,4,88.12,0.00,7.92,0.00,0.00,2.97,0.00,0.00,0.00,0.99
11:42:56,5,87.00,0.00,11.00,0.00,0.00,2.00,0.00,0.00,0.00,0.00
11:42:56,6,88.89,0.00,9.09,0.00,0.00,2.02,0.00,0.00,0.00,0.00
11:42:56,7,87.00,0.00,10.00,0.00,0.00,3.00,0.00,0.00,0.00,0.00
11:42:56,12,89.00,0.00,8.00,0.00,0.00,3.00,0.00,0.00,0.00,0.00
11:42:56,13,90.10,0.00,6.93,0.00,0.00,2.97,0.00,0.00,0.00,0.00
11:42:56,14,89.11,0.00,7.92,0.00,0.00,2.97,0.00,0.00,0.00,0.00
11:42:56,15,88.00,0.00,9.00,0.00,0.00,3.00,0.00,0.00,0.00,0.00
11:42:57,4,89.00,0.00,9.00,0.00,0.00,2.00,0.00,0.00,0.00,0.00
11:42:57,5,88.89,0.00,8.08,0.00,0.00,3.03,0.00,0.00,0.00,0.00
11:42:57,6,90.10,0.00,7.92,0.00,0.00,1.98,0.00,0.00,0.00,0.00
11:42:57,7,89.00,0.00,9.00,0.00,0.00,2.00,0.00,0.00,0.00,0.00
11:42:57,12,89.00,0.00,8.00,0.00,0.00,3.00,0.00,0.00,0.00,0.00
11:42:57,13,88.00,0.00,10.00,0.00,0.00,2.00,0.00,0.00,0.00,0.00
11:42:57,14,89.90,0.00,8.08,0.00,0.00,2.02,0.00,0.00,0.00,0.00
11:42:57,15,90.91,0.00,6.06,0.00,0.00,3.03,0.00,0.00,0.00,0.00
11:42:58,4,86.00,0.00,9.00,0.00,0.00,3.00,0.00,0.00,0.00,2.00
11:42:58,5,86.27,0.00,7.84,1.96,0.00,2.94,0.00,0.00,0.00,0.98
11:42:58,6,87.00,0.00,8.00,0.00,0.00,3.00,0.00,0.00,0.00,2.00
11:42:58,7,86.00,0.00,9.00,0.00,0.00,3.00,0.00,0.00,0.00,2.00
11:42:58,12,87.88,0.00,8.08,0.00,0.00,2.02,0.00,0.00,0.00,2.02
11:42:58,13,87.00,0.00,8.00,0.00,0.00,3.00,0.00,0.00,0.00,2.00
11:42:58,14,85.86,0.00,9.09,0.00,0.00,3.03,0.00,0.00,0.00,2.02
11:42:58,15,87.13,0.00,8.91,0.00,0.00,1.98,0.00,0.00,0.00,1.98
11:42:59,4,90.82,0.00,7.14,0.00,0.00,2.04,0.00,0.00,0.00,0.00
11:42:59,5,89.90,0.00,7.07,0.00,0.00,3.03,0.00,0.00,0.00,0.00
11:42:59,6,89.90,0.00,7.07,0.00,0.00,3.03,0.00,0.00,0.00,0.00
11:42:59,7,88.89,0.00,9.09,0.00,0.00,2.02,0.00,0.00,0.00,0.00
11:42:59,12,90.00,0.00,8.00,0.00,0.00,2.00,0.00,0.00,0.00,0.00
11:42:59,13,88.89,0.00,8.08,0.00,0.00,3.03,0.00,0.00,0.00,0.00
11:42:59,14,89.11,0.00,8.91,0.00,0.00,1.98,0.00,0.00,0.00,0.00
11:42:59,15,89.80,0.00,8.16,0.00,0.00,2.04,0.00,0.00,0.00,0.00
11:43:00,4,88.12,0.00,9.90,0.00,0.00,1.98,0.00,0.00,0.00,0.00
11:43:00,5,87.00,0.00,10.00,0.00,0.00,3.00,0.00,0.00,0.00,0.00
11:43:00,6,89.11,0.00,8.91,0.00,0.00,1.98,0.00,0.00,0.00,0.00
11:43:00,7,88.24,0.00,7.84,0.00,0.00,2.94,0.00,0.00,0.00,0.98
11:43:00,12,88.12,0.00,7.92,0.00,0.00,3.96,0.00,0.00,0.00,0.00
11:43:00,13,87.13,0.00,9.90,0.00,0.00,2.97,0.00,0.00,0.00,0.00
11:43:00,14,88.12,0.00,8.91,0.00,0.00,2.97,0.00,0.00,0.00,0.00
11:43:00,15,89.11,0.00,7.92,0.00,0.00,2.97,0.00,0.00,0.00,0.00
11:43:01,4,89.00,0.00,8.00,0.00,0.00,3.00,0.00,0.00,0.00,0.00
11:43:01,5,91.00,0.00,7.00,0.00,0.00,2.00,0.00,0.00,0.00,0.00
11:43:01,6,88.12,0.00,7.92,0.00,0.00,2.97,0.00,0.00,0.00,0.99
11:43:01,7,91.92,0.00,7.07,0.00,0.00,1.01,0.00,0.00,0.00,0.00
11:43:01,12,89.11,0.00,7.92,0.00,0.00,1.98,0.00,0.00,0.00,0.99
11:43:01,13,90.00,0.00,8.00,0.00,0.00,2.00,0.00,0.00,0.00,0.00
11:43:01,14,89.80,0.00,8.16,0.00,0.00,2.04,0.00,0.00,0.00,0.00
11:43:01,15,89.00,0.00,9.00,0.00,0.00,2.00,0.00,0.00,0.00,0.00
11:43:02,4,90.91,0.00,7.07,0.00,0.00,2.02,0.00,0.00,0.00,0.00
11:43:02,5,88.00,0.00,9.00,0.00,0.00,3.00,0.00,0.00,0.00,0.00
11:43:02,6,89.00,0.00,8.00,0.00,0.00,3.00,0.00,0.00,0.00,0.00
11:43:02,7,89.00,0.00,7.00,0.00,0.00,4.00,0.00,0.00,0.00,0.00
11:43:02,12,89.90,0.00,7.07,0.00,0.00,3.03,0.00,0.00,0.00,0.00
11:43:02,13,88.00,0.00,9.00,0.00,0.00,3.00,0.00,0.00,0.00,0.00
11:43:02,14,87.13,0.00,8.91,0.00,0.00,3.96,0.00,0.00,0.00,0.00
11:43:02,15,88.00,0.00,9.00,0.00,0.00,3.00,0.00,0.00,0.00,0.00
11:43:03,4,86.14,0.00,8.91,0.00,0.00,2.97,0.00,0.00,0.00,1.98
11:43:03,5,86.87,0.00,8.08,0.00,0.00,3.03,0.00,0.00,0.00,2.02
11:43:03,6,86.00,0.00,9.00,0.00,0.00,3.00,0.00,0.00,0.00,2.00
11:43:03,7,88.00,0.00,8.00,0.00,0.00,2.00,0.00,0.00,0.00,2.00
11:43:03,12,87.00,0.00,8.00,0.00,0.00,3.00,0.00,0.00,0.00,2.00
11:43:03,13,89.00,0.00,6.00,0.00,0.00,2.00,0.00,0.00,0.00,3.00
11:43:03,14,89.00,0.00,6.00,0.00,0.00,2.00,0.00,0.00,0.00,3.00
11:43:03,15,85.00,0.00,9.00,0.00,0.00,3.00,0.00,0.00,0.00,3.00
11:43:04,4,88.00,0.00,8.00,0.00,0.00,3.00,0.00,0.00,0.00,1.00
11:43:04,5,90.10,0.00,6.93,0.00,0.00,2.97,0.00,0.00,0.00,0.00
11:43:04,6,89.90,0.00,9.09,0.00,0.00,1.01,0.00,0.00,0.00,0.00
11:43:04,7,90.00,0.00,7.00,0.00,0.00,3.00,0.00,0.00,0.00,0.00
11:43:04,12,87.13,0.00,9.90,0.00,0.00,2.97,0.00,0.00,0.00,0.00
11:43:04,13,89.00,0.00,9.00,0.00,0.00,2.00,0.00,0.00,0.00,0.00
11:43:04,14,88.12,0.00,7.92,0.00,0.00,3.96,0.00,0.00,0.00,0.00
11:43:04,15,88.12,0.00,8.91,0.00,0.00,2.97,0.00,0.00,0.00,0.00
11:43:05,4,89.00,0.00,8.00,0.00,0.00,3.00,0.00,0.00,0.00,0.00
11:43:05,5,89.00,0.00,8.00,0.00,0.00,3.00,0.00,0.00,0.00,0.00
11:43:05,6,89.11,0.00,7.92,0.00,0.00,2.97,0.00,0.00,0.00,0.00
11:43:05,7,89.00,0.00,8.00,0.00,0.00,3.00,0.00,0.00,0.00,0.00
11:43:05,12,89.90,0.00,8.08,0.00,0.00,2.02,0.00,0.00,0.00,0.00
11:43:05,13,87.88,0.00,9.09,0.00,0.00,3.03,0.00,0.00,0.00,0.00
11:43:05,14,89.00,0.00,8.00,0.00,0.00,3.00,0.00,0.00,0.00,0.00
11:43:05,15,91.00,0.00,7.00,0.00,0.00,2.00,0.00,0.00,0.00,0.00
11:43:06,4,89.11,0.00,8.91,0.00,0.00,1.98,0.00,0.00,0.00,0.00
11:43:06,5,86.87,0.00,9.09,0.00,0.00,4.04,0.00,0.00,0.00,0.00
11:43:06,6,89.90,0.00,7.07,0.00,0.00,3.03,0.00,0.00,0.00,0.00
11:43:06,7,90.00,0.00,7.00,0.00,0.00,3.00,0.00,0.00,0.00,0.00
11:43:06,12,89.00,0.00,8.00,0.00,0.00,3.00,0.00,0.00,0.00,0.00
11:43:06,13,88.00,0.00,9.00,0.00,0.00,3.00,0.00,0.00,0.00,0.00
11:43:06,14,89.00,0.00,8.00,0.00,0.00,3.00,0.00,0.00,0.00,0.00
11:43:06,15,88.89,0.00,9.09,0.00,0.00,2.02,0.00,0.00,0.00,0.00
11:43:07,4,88.89,0.00,8.08,0.00,0.00,3.03,0.00,0.00,0.00,0.00
11:43:07,5,89.22,0.00,6.86,0.00,0.00,2.94,0.00,0.00,0.00,0.98
11:43:07,6,90.00,0.00,7.00,0.00,0.00,3.00,0.00,0.00,0.00,0.00
11:43:07,7,90.00,0.00,8.00,0.00,0.00,2.00,0.00,0.00,0.00,0.00
11:43:07,12,90.00,0.00,8.00,0.00,0.00,2.00,0.00,0.00,0.00,0.00
11:43:07,13,89.00,0.00,7.00,0.00,0.00,4.00,0.00,0.00,0.00,0.00
11:43:07,14,89.00,0.00,8.00,0.00,0.00,3.00,0.00,0.00,0.00,0.00
11:43:07,15,89.00,0.00,8.00,0.00,0.00,3.00,0.00,0.00,0.00,0.00
11:43:08,4,87.00,0.00,10.00,0.00,0.00,3.00,0.00,0.00,0.00,0.00
11:43:08,5,87.00,0.00,10.00,0.00,0.00,3.00,0.00,0.00,0.00,0.00
11:43:08,6,88.00,0.00,10.00,0.00,0.00,2.00,0.00,0.00,0.00,0.00
11:43:08,7,91.00,0.00,7.00,0.00,0.00,1.00,0.00,0.00,0.00,1.00
11:43:08,12,90.00,0.00,7.00,0.00,0.00,3.00,0.00,0.00,0.00,0.00
11:43:08,13,88.12,0.00,8.91,0.00,0.00,2.97,0.00,0.00,0.00,0.00
11:43:08,14,89.80,0.00,8.16,0.00,0.00,2.04,0.00,0.00,0.00,0.00
11:43:08,15,90.00,0.00,9.00,0.00,0.00,1.00,0.00,0.00,0.00,0.00
11:43:09,4,87.00,0.00,11.00,0.00,0.00,2.00,0.00,0.00,0.00,0.00
11:43:09,5,90.00,0.00,7.00,0.00,0.00,3.00,0.00,0.00,0.00,0.00
11:43:09,6,90.00,0.00,7.00,0.00,0.00,3.00,0.00,0.00,0.00,0.00
11:43:09,7,89.11,0.00,6.93,0.00,0.00,3.96,0.00,0.00,0.00,0.00
11:43:09,12,88.00,0.00,9.00,0.00,0.00,2.00,0.00,0.00,0.00,1.00
11:43:09,13,89.90,0.00,7.07,0.00,0.00,3.03,0.00,0.00,0.00,0.00
11:43:09,14,88.12,0.00,7.92,0.00,0.00,3.96,0.00,0.00,0.00,0.00
11:43:09,15,90.10,0.00,6.93,0.00,0.00,2.97,0.00,0.00,0.00,0.00
11:43:10,4,91.09,0.00,5.94,0.00,0.00,2.97,0.00,0.00,0.00,0.00
11:43:10,5,88.89,0.00,9.09,0.00,0.00,2.02,0.00,0.00,0.00,0.00
11:43:10,6,89.00,0.00,8.00,0.00,0.00,3.00,0.00,0.00,0.00,0.00
11:43:10,7,89.90,0.00,8.08,0.00,0.00,2.02,0.00,0.00,0.00,0.00
11:43:10,12,88.12,0.00,7.92,0.00,0.00,3.96,0.00,0.00,0.00,0.00
11:43:10,13,89.00,0.00,8.00,0.00,0.00,3.00,0.00,0.00,0.00,0.00
11:43:10,14,90.00,0.00,8.00,0.00,0.00,2.00,0.00,0.00,0.00,0.00
11:43:10,15,90.91,0.00,7.07,0.00,0.00,2.02,0.00,0.00,0.00,0.00
11:43:11,4,90.91,0.00,7.07,0.00,0.00,2.02,0.00,0.00,0.00,0.00
11:43:11,5,89.00,0.00,8.00,0.00,0.00,3.00,0.00,0.00,0.00,0.00
11:43:11,6,88.00,0.00,8.00,0.00,0.00,3.00,0.00,0.00,0.00,1.00
11:43:11,7,89.00,0.00,9.00,0.00,0.00,2.00,0.00,0.00,0.00,0.00
11:43:11,12,89.90,0.00,8.08,0.00,0.00,2.02,0.00,0.00,0.00,0.00
11:43:11,13,89.00,0.00,8.00,0.00,0.00,3.00,0.00,0.00,0.00,0.00
11:43:11,14,88.12,0.00,6.93,0.00,0.00,3.96,0.00,0.00,0.00,0.99
11:43:11,15,87.00,0.00,10.00,0.00,0.00,3.00,0.00,0.00,0.00,0.00
11:43:12,4,88.00,0.00,8.00,0.00,0.00,4.00,0.00,0.00,0.00,0.00
11:43:12,5,88.00,0.00,10.00,0.00,0.00,2.00,0.00,0.00,0.00,0.00
11:43:12,6,87.00,0.00,10.00,0.00,0.00,3.00,0.00,0.00,0.00,0.00
11:43:12,7,90.00,0.00,7.00,0.00,0.00,3.00,0.00,0.00,0.00,0.00
11:43:12,12,88.00,0.00,9.00,0.00,0.00,3.00,0.00,0.00,0.00,0.00
11:43:12,13,88.00,0.00,9.00,0.00,0.00,3.00,0.00,0.00,0.00,0.00
11:43:12,14,89.90,0.00,9.09,0.00,0.00,1.01,0.00,0.00,0.00,0.00
11:43:12,15,90.91,0.00,8.08,0.00,0.00,1.01,0.00,0.00,0.00,0.00
11:43:13,4,90.91,0.00,8.08,0.00,0.00,1.01,0.00,0.00,0.00,0.00
11:43:13,5,90.91,0.00,7.07,0.00,0.00,2.02,0.00,0.00,0.00,0.00
11:43:13,6,90.00,0.00,9.00,0.00,0.00,1.00,0.00,0.00,0.00,0.00
11:43:13,7,89.00,0.00,8.00,0.00,0.00,3.00,0.00,0.00,0.00,0.00
11:43:13,12,88.89,0.00,9.09,0.00,0.00,2.02,0.00,0.00,0.00,0.00
11:43:13,13,89.00,0.00,8.00,0.00,0.00,3.00,0.00,0.00,0.00,0.00
11:43:13,14,89.00,0.00,9.00,0.00,0.00,2.00,0.00,0.00,0.00,0.00
11:43:13,15,88.12,0.00,8.91,0.00,0.00,2.97,0.00,0.00,0.00,0.00
11:43:14,4,87.13,0.00,8.91,0.00,0.00,3.96,0.00,0.00,0.00,0.00
11:43:14,5,89.00,0.00,8.00,0.00,0.00,3.00,0.00,0.00,0.00,0.00
11:43:14,6,88.00,0.00,9.00,0.00,0.00,3.00,0.00,0.00,0.00,0.00
11:43:14,7,89.00,0.00,7.00,0.00,0.00,4.00,0.00,0.00,0.00,0.00
11:43:14,12,89.11,0.00,7.92,0.00,0.00,2.97,0.00,0.00,0.00,0.00
11:43:14,13,89.00,0.00,8.00,0.00,0.00,3.00,0.00,0.00,0.00,0.00
11:43:14,14,87.13,0.00,8.91,0.00,0.00,3.96,0.00,0.00,0.00,0.00
11:43:14,15,89.90,0.00,7.07,0.00,0.00,3.03,0.00,0.00,0.00,0.00
11:43:15,4,90.00,0.00,8.00,0.00,0.00,2.00,0.00,0.00,0.00,0.00
11:43:15,5,87.13,0.00,9.90,0.00,0.00,2.97,0.00,0.00,0.00,0.00
11:43:15,6,89.00,0.00,8.00,0.00,0.00,3.00,0.00,0.00,0.00,0.00
11:43:15,7,88.00,0.00,8.00,0.00,0.00,4.00,0.00,0.00,0.00,0.00
11:43:15,12,87.00,0.00,10.00,0.00,0.00,3.00,0.00,0.00,0.00,0.00
11:43:15,13,89.90,0.00,7.07,0.00,0.00,3.03,0.00,0.00,0.00,0.00
11:43:15,14,90.00,0.00,8.00,0.00,0.00,2.00,0.00,0.00,0.00,0.00
11:43:15,15,88.12,0.00,8.91,0.00,0.00,2.97,0.00,0.00,0.00,0.00
11:43:16,4,89.90,0.00,7.07,0.00,0.00,3.03,0.00,0.00,0.00,0.00
11:43:16,5,90.91,0.00,7.07,0.00,0.00,2.02,0.00,0.00,0.00,0.00
11:43:16,6,90.00,0.00,8.00,0.00,0.00,2.00,0.00,0.00,0.00,0.00
11:43:16,7,88.00,0.00,9.00,0.00,0.00,3.00,0.00,0.00,0.00,0.00
11:43:16,12,89.00,0.00,8.00,0.00,0.00,3.00,0.00,0.00,0.00,0.00
11:43:16,13,89.11,0.00,6.93,0.00,0.00,2.97,0.00,0.00,0.00,0.99
11:43:16,14,89.90,0.00,8.08,0.00,0.00,2.02,0.00,0.00,0.00,0.00
11:43:16,15,90.91,0.00,7.07,0.00,0.00,2.02,0.00,0.00,0.00,0.00
11:43:17,4,90.00,0.00,7.00,0.00,0.00,3.00,0.00,0.00,0.00,0.00
11:43:17,5,88.12,0.00,7.92,0.00,0.00,3.96,0.00,0.00,0.00,0.00
11:43:17,6,90.00,0.00,8.00,0.00,0.00,2.00,0.00,0.00,0.00,0.00
11:43:17,7,88.00,0.00,9.00,0.00,0.00,3.00,0.00,0.00,0.00,0.00
11:43:17,12,90.00,0.00,8.00,0.00,0.00,2.00,0.00,0.00,0.00,0.00
11:43:17,13,89.11,0.00,7.92,0.00,0.00,2.97,0.00,0.00,0.00,0.00
11:43:17,14,90.10,0.00,6.93,0.00,0.00,2.97,0.00,0.00,0.00,0.00
11:43:17,15,87.13,0.00,8.91,0.00,0.00,2.97,0.00,0.00,0.00,0.99
11:43:18,4,89.11,0.00,8.91,0.00,0.00,1.98,0.00,0.00,0.00,0.00
11:43:18,5,88.89,0.00,8.08,0.00,0.00,3.03,0.00,0.00,0.00,0.00
11:43:18,6,88.00,0.00,9.00,0.00,0.00,3.00,0.00,0.00,0.00,0.00
11:43:18,7,91.00,0.00,7.00,0.00,0.00,2.00,0.00,0.00,0.00,0.00
11:43:18,12,90.91,0.00,7.07,0.00,0.00,2.02,0.00,0.00,0.00,0.00
11:43:18,13,89.90,0.00,8.08,0.00,0.00,2.02,0.00,0.00,0.00,0.00
11:43:18,14,88.00,0.00,9.00,0.00,0.00,3.00,0.00,0.00,0.00,0.00
11:43:18,15,88.12,0.00,8.91,0.00,0.00,2.97,0.00,0.00,0.00,0.00
11:43:19,4,92.00,0.00,5.00,0.00,0.00,3.00,0.00,0.00,0.00,0.00
11:43:19,5,90.10,0.00,6.93,0.00,0.00,2.97,0.00,0.00,0.00,0.00
11:43:19,6,87.00,0.00,10.00,0.00,0.00,3.00,0.00,0.00,0.00,0.00
11:43:19,7,89.90,0.00,8.08,0.00,0.00,2.02,0.00,0.00,0.00,0.00
11:43:19,12,87.25,0.00,9.80,0.00,0.00,2.94,0.00,0.00,0.00,0.00
11:43:19,13,89.00,0.00,8.00,0.00,0.00,3.00,0.00,0.00,0.00,0.00
11:43:19,14,88.89,0.00,8.08,0.00,0.00,3.03,0.00,0.00,0.00,0.00
11:43:19,15,89.90,0.00,8.08,0.00,0.00,2.02,0.00,0.00,0.00,0.00
11:43:20,4,89.00,0.00,9.00,0.00,0.00,2.00,0.00,0.00,0.00,0.00
11:43:20,5,88.00,0.00,9.00,0.00,0.00,3.00,0.00,0.00,0.00,0.00
11:43:20,6,90.91,0.00,6.06,0.00,0.00,3.03,0.00,0.00,0.00,0.00
11:43:20,7,89.11,0.00,7.92,0.00,0.00,2.97,0.00,0.00,0.00,0.00
11:43:20,12,90.91,0.00,7.07,0.00,0.00,2.02,0.00,0.00,0.00,0.00
11:43:20,13,90.00,0.00,7.00,0.00,0.00,3.00,0.00,0.00,0.00,0.00
11:43:20,14,89.00,0.00,8.00,0.00,0.00,3.00,0.00,0.00,0.00,0.00
11:43:20,15,89.00,0.00,9.00,0.00,0.00,2.00,0.00,0.00,0.00,0.00
11:43:21,4,89.00,0.00,7.00,0.00,0.00,3.00,0.00,0.00,0.00,1.00
11:43:21,5,90.91,0.00,7.07,0.00,0.00,2.02,0.00,0.00,0.00,0.00
11:43:21,6,89.11,0.00,8.91,0.00,0.00,1.98,0.00,0.00,0.00,0.00
11:43:21,7,89.90,0.00,8.08,0.00,0.00,2.02,0.00,0.00,0.00,0.00
11:43:21,12,90.00,0.00,8.00,0.00,0.00,2.00,0.00,0.00,0.00,0.00
11:43:21,13,88.00,0.00,10.00,0.00,0.00,2.00,0.00,0.00,0.00,0.00
11:43:21,14,88.00,0.00,9.00,0.00,0.00,3.00,0.00,0.00,0.00,0.00
11:43:21,15,87.13,0.00,9.90,0.00,0.00,2.97,0.00,0.00,0.00,0.00
11:43:22,4,90.00,0.00,8.00,0.00,0.00,2.00,0.00,0.00,0.00,0.00
11:43:22,5,89.00,0.00,8.00,0.00,0.00,3.00,0.00,0.00,0.00,0.00
11:43:22,6,89.90,0.00,7.07,0.00,0.00,3.03,0.00,0.00,0.00,0.00
11:43:22,7,87.13,0.00,9.90,0.00,0.00,2.97,0.00,0.00,0.00,0.00
11:43:22,12,89.90,0.00,8.08,0.00,0.00,2.02,0.00,0.00,0.00,0.00
11:43:22,13,89.11,0.00,7.92,0.00,0.00,2.97,0.00,0.00,0.00,0.00
11:43:22,14,88.00,0.00,9.00,0.00,0.00,3.00,0.00,0.00,0.00,0.00
11:43:22,15,88.89,0.00,8.08,0.00,0.00,3.03,0.00,0.00,0.00,0.00
11:43:23,4,88.00,0.00,7.00,0.00,0.00,3.00,0.00,0.00,0.00,2.00
11:43:23,5,87.13,0.00,7.92,0.00,0.00,1.98,0.00,0.00,0.00,2.97
11:43:23,6,85.15,0.00,7.92,0.00,0.00,3.96,0.00,0.00,0.00,2.97
11:43:23,7,85.86,0.00,8.08,0.00,0.00,3.03,0.00,0.00,0.00,3.03
11:43:23,12,84.31,0.00,9.80,0.00,0.00,2.94,0.00,0.00,0.00,2.94
11:43:23,13,87.88,0.00,9.09,0.00,0.00,1.01,0.00,0.00,0.00,2.02
11:43:23,14,85.15,0.00,8.91,0.00,0.00,2.97,0.00,0.00,0.00,2.97
11:43:23,15,88.00,0.00,8.00,0.00,0.00,2.00,0.00,0.00,0.00,2.00
11:43:24,4,90.00,0.00,7.00,0.00,0.00,3.00,0.00,0.00,0.00,0.00
11:43:24,5,89.90,0.00,8.08,0.00,0.00,2.02,0.00,0.00,0.00,0.00
11:43:24,6,88.00,0.00,9.00,0.00,0.00,3.00,0.00,0.00,0.00,0.00
11:43:24,7,90.10,0.00,6.93,0.00,0.00,2.97,0.00,0.00,0.00,0.00
11:43:24,12,89.90,0.00,8.08,0.00,0.00,2.02,0.00,0.00,0.00,0.00
11:43:24,13,88.89,0.00,8.08,0.00,0.00,3.03,0.00,0.00,0.00,0.00
11:43:24,14,90.00,0.00,8.00,0.00,0.00,2.00,0.00,0.00,0.00,0.00
11:43:24,15,89.90,0.00,7.07,0.00,0.00,3.03,0.00,0.00,0.00,0.00
11:43:25,4,90.00,0.00,7.00,0.00,0.00,2.00,0.00,0.00,0.00,1.00
11:43:25,5,88.89,0.00,8.08,0.00,0.00,3.03,0.00,0.00,0.00,0.00
11:43:25,6,88.00,0.00,9.00,0.00,0.00,3.00,0.00,0.00,0.00,0.00
11:43:25,7,87.88,0.00,9.09,0.00,0.00,3.03,0.00,0.00,0.00,0.00
11:43:25,12,90.91,0.00,7.07,0.00,0.00,2.02,0.00,0.00,0.00,0.00
11:43:25,13,87.25,0.00,7.84,0.00,0.00,3.92,0.00,0.00,0.00,0.98
11:43:25,14,88.89,0.00,9.09,0.00,0.00,2.02,0.00,0.00,0.00,0.00
11:43:25,15,88.12,0.00,8.91,0.00,0.00,1.98,0.00,0.00,0.00,0.99
11:43:26,4,89.90,0.00,8.08,0.00,0.00,2.02,0.00,0.00,0.00,0.00
11:43:26,5,86.27,0.00,8.82,0.00,0.00,3.92,0.00,0.00,0.00,0.98
11:43:26,6,89.90,0.00,7.07,0.00,0.00,3.03,0.00,0.00,0.00,0.00
11:43:26,7,90.00,0.00,8.00,0.00,0.00,2.00,0.00,0.00,0.00,0.00
11:43:26,12,88.12,0.00,8.91,0.00,0.00,2.97,0.00,0.00,0.00,0.00
11:43:26,13,91.00,0.00,7.00,0.00,0.00,2.00,0.00,0.00,0.00,0.00
11:43:26,14,89.00,0.00,8.00,0.00,0.00,3.00,0.00,0.00,0.00,0.00
11:43:26,15,88.00,0.00,9.00,0.00,0.00,3.00,0.00,0.00,0.00,0.00
11:43:27,4,90.00,0.00,8.00,0.00,0.00,2.00,0.00,0.00,0.00,0.00
11:43:27,5,89.00,0.00,9.00,0.00,0.00,2.00,0.00,0.00,0.00,0.00
11:43:27,6,88.89,0.00,8.08,0.00,0.00,3.03,0.00,0.00,0.00,0.00
11:43:27,7,87.00,0.00,10.00,0.00,0.00,3.00,0.00,0.00,0.00,0.00
11:43:27,12,88.00,0.00,10.00,0.00,0.00,2.00,0.00,0.00,0.00,0.00
11:43:27,13,88.00,0.00,9.00,0.00,0.00,3.00,0.00,0.00,0.00,0.00
11:43:27,14,88.89,0.00,8.08,0.00,0.00,3.03,0.00,0.00,0.00,0.00
11:43:27,15,90.00,0.00,7.00,0.00,0.00,3.00,0.00,0.00,0.00,0.00
11:43:28,4,85.15,0.00,9.90,0.00,0.00,2.97,0.00,0.00,0.00,1.98
11:43:28,5,85.86,0.00,9.09,0.00,0.00,3.03,0.00,0.00,0.00,2.02
11:43:28,6,85.29,0.00,8.82,0.00,0.00,2.94,0.00,0.00,0.00,2.94
11:43:28,7,85.15,0.00,8.91,0.00,0.00,2.97,0.00,0.00,0.00,2.97
11:43:28,12,88.89,0.00,7.07,0.00,0.00,2.02,0.00,0.00,0.00,2.02
11:43:28,13,88.89,0.00,6.06,0.00,0.00,3.03,0.00,0.00,0.00,2.02
11:43:28,14,87.13,0.00,7.92,0.00,0.00,2.97,0.00,0.00,0.00,1.98
11:43:28,15,88.89,0.00,7.07,0.00,0.00,2.02,0.00,0.00,0.00,2.02
11:43:29,4,90.00,0.00,8.00,0.00,0.00,2.00,0.00,0.00,0.00,0.00
11:43:29,5,91.00,0.00,8.00,0.00,0.00,1.00,0.00,0.00,0.00,0.00
11:43:29,6,90.91,0.00,6.06,0.00,0.00,3.03,0.00,0.00,0.00,0.00
11:43:29,7,89.11,0.00,7.92,0.00,0.00,2.97,0.00,0.00,0.00,0.00
11:43:29,12,88.00,0.00,8.00,0.00,0.00,4.00,0.00,0.00,0.00,0.00
11:43:29,13,89.00,0.00,8.00,0.00,0.00,3.00,0.00,0.00,0.00,0.00
11:43:29,14,89.00,0.00,8.00,0.00,0.00,3.00,0.00,0.00,0.00,0.00
11:43:29,15,89.90,0.00,8.08,0.00,0.00,2.02,0.00,0.00,0.00,0.00
11:43:30,4,88.00,0.00,9.00,0.00,0.00,3.00,0.00,0.00,0.00,0.00
11:43:30,5,88.00,0.00,9.00,0.00,0.00,3.00,0.00,0.00,0.00,0.00
11:43:30,6,90.10,0.00,6.93,0.00,0.00,2.97,0.00,0.00,0.00,0.00
11:43:30,7,87.76,0.00,9.18,0.00,0.00,3.06,0.00,0.00,0.00,0.00
11:43:30,12,88.24,0.00,8.82,0.00,0.00,1.96,0.00,0.00,0.00,0.98
11:43:30,13,88.00,0.00,9.00,0.00,0.00,3.00,0.00,0.00,0.00,0.00
11:43:30,14,88.12,0.00,8.91,0.00,0.00,1.98,0.00,0.00,0.00,0.99
11:43:30,15,87.25,0.00,8.82,0.00,0.00,3.92,0.00,0.00,0.00,0.00
11:43:31,4,89.00,0.00,9.00,0.00,0.00,2.00,0.00,0.00,0.00,0.00
11:43:31,5,90.00,0.00,7.00,0.00,0.00,3.00,0.00,0.00,0.00,0.00
11:43:31,6,89.00,0.00,8.00,0.00,0.00,3.00,0.00,0.00,0.00,0.00
11:43:31,7,89.11,0.00,7.92,0.00,0.00,2.97,0.00,0.00,0.00,0.00
11:43:31,12,88.89,0.00,8.08,0.00,0.00,3.03,0.00,0.00,0.00,0.00
11:43:31,13,88.12,0.00,8.91,0.00,0.00,2.97,0.00,0.00,0.00,0.00
11:43:31,14,88.00,0.00,10.00,0.00,0.00,2.00,0.00,0.00,0.00,0.00
11:43:31,15,90.00,0.00,7.00,0.00,0.00,2.00,0.00,0.00,0.00,1.00
11:43:32,4,88.00,0.00,9.00,0.00,0.00,3.00,0.00,0.00,0.00,0.00
11:43:32,5,90.00,0.00,8.00,0.00,0.00,2.00,0.00,0.00,0.00,0.00
11:43:32,6,89.00,0.00,8.00,0.00,0.00,3.00,0.00,0.00,0.00,0.00
11:43:32,7,90.91,0.00,7.07,0.00,0.00,2.02,0.00,0.00,0.00,0.00
11:43:32,12,89.00,0.00,8.00,0.00,0.00,3.00,0.00,0.00,0.00,0.00
11:43:32,13,88.00,0.00,8.00,0.00,0.00,3.00,0.00,0.00,0.00,1.00
11:43:32,14,89.00,0.00,8.00,0.00,0.00,3.00,0.00,0.00,0.00,0.00
11:43:32,15,88.00,0.00,9.00,0.00,0.00,3.00,0.00,0.00,0.00,0.00
11:43:33,4,88.89,0.00,8.08,0.00,0.00,3.03,0.00,0.00,0.00,0.00
11:43:33,5,90.91,0.00,6.06,0.00,0.00,3.03,0.00,0.00,0.00,0.00
11:43:33,6,88.89,0.00,8.08,0.00,0.00,3.03,0.00,0.00,0.00,0.00
11:43:33,7,89.11,0.00,6.93,0.00,0.00,3.96,0.00,0.00,0.00,0.00
11:43:33,12,88.89,0.00,8.08,0.00,0.00,3.03,0.00,0.00,0.00,0.00
11:43:33,13,89.90,0.00,8.08,0.00,0.00,2.02,0.00,0.00,0.00,0.00
11:43:33,14,89.00,0.00,8.00,0.00,0.00,3.00,0.00,0.00,0.00,0.00
11:43:33,15,89.00,0.00,8.00,0.00,0.00,3.00,0.00,0.00,0.00,0.00
11:43:34,4,89.00,0.00,9.00,0.00,0.00,2.00,0.00,0.00,0.00,0.00
11:43:34,5,87.13,0.00,8.91,0.00,0.00,2.97,0.00,0.00,0.00,0.99
11:43:34,6,89.00,0.00,8.00,0.00,0.00,3.00,0.00,0.00,0.00,0.00
11:43:34,7,88.89,0.00,8.08,0.00,0.00,3.03,0.00,0.00,0.00,0.00
11:43:34,12,89.11,0.00,6.93,0.00,0.00,3.96,0.00,0.00,0.00,0.00
11:43:34,13,90.00,0.00,7.00,0.00,0.00,3.00,0.00,0.00,0.00,0.00
11:43:34,14,89.00,0.00,9.00,0.00,0.00,2.00,0.00,0.00,0.00,0.00
11:43:34,15,90.00,0.00,7.00,0.00,0.00,3.00,0.00,0.00,0.00,0.00
11:43:35,4,90.10,0.00,6.93,0.00,0.00,1.98,0.00,0.00,0.00,0.99
11:43:35,5,89.00,0.00,9.00,0.00,0.00,2.00,0.00,0.00,0.00,0.00
11:43:35,6,89.00,0.00,9.00,0.00,0.00,2.00,0.00,0.00,0.00,0.00
11:43:35,7,89.00,0.00,9.00,0.00,0.00,2.00,0.00,0.00,0.00,0.00
11:43:35,12,90.00,0.00,7.00,0.00,0.00,3.00,0.00,0.00,0.00,0.00
11:43:35,13,89.00,0.00,8.00,0.00,0.00,3.00,0.00,0.00,0.00,0.00
11:43:35,14,87.00,0.00,9.00,0.00,0.00,4.00,0.00,0.00,0.00,0.00
11:43:35,15,90.91,0.00,7.07,0.00,0.00,2.02,0.00,0.00,0.00,0.00
11:43:36,4,89.00,0.00,8.00,0.00,0.00,3.00,0.00,0.00,0.00,0.00
11:43:36,5,88.00,0.00,8.00,0.00,0.00,4.00,0.00,0.00,0.00,0.00
11:43:36,6,91.00,0.00,6.00,0.00,0.00,3.00,0.00,0.00,0.00,0.00
11:43:36,7,89.90,0.00,7.07,0.00,0.00,3.03,0.00,0.00,0.00,0.00
11:43:36,12,89.00,0.00,9.00,0.00,0.00,2.00,0.00,0.00,0.00,0.00
11:43:36,13,89.00,0.00,8.00,0.00,0.00,3.00,0.00,0.00,0.00,0.00
11:43:36,14,90.00,0.00,8.00,0.00,0.00,2.00,0.00,0.00,0.00,0.00
11:43:36,15,88.00,0.00,9.00,0.00,0.00,3.00,0.00,0.00,0.00,0.00
11:43:37,4,88.12,0.00,8.91,0.00,0.00,2.97,0.00,0.00,0.00,0.00
11:43:37,5,88.12,0.00,8.91,0.00,0.00,2.97,0.00,0.00,0.00,0.00
11:43:37,6,89.00,0.00,9.00,0.00,0.00,2.00,0.00,0.00,0.00,0.00
11:43:37,7,88.12,0.00,9.90,0.00,0.00,1.98,0.00,0.00,0.00,0.00
11:43:37,12,90.91,0.00,6.06,0.00,0.00,3.03,0.00,0.00,0.00,0.00
11:43:37,13,89.00,0.00,8.00,0.00,0.00,3.00,0.00,0.00,0.00,0.00
11:43:37,14,89.90,0.00,8.08,0.00,0.00,2.02,0.00,0.00,0.00,0.00
11:43:37,15,89.11,0.00,7.92,0.00,0.00,2.97,0.00,0.00,0.00,0.00
11:43:38,4,90.91,0.00,7.07,0.00,0.00,2.02,0.00,0.00,0.00,0.00
11:43:38,5,87.00,0.00,9.00,0.00,0.00,4.00,0.00,0.00,0.00,0.00
11:43:38,6,88.00,0.00,8.00,0.00,0.00,3.00,0.00,0.00,0.00,1.00
11:43:38,7,89.11,0.00,6.93,0.00,0.00,2.97,0.00,0.00,0.00,0.99
11:43:38,12,87.13,0.00,8.91,0.00,0.00,3.96,0.00,0.00,0.00,0.00
11:43:38,13,91.00,0.00,7.00,0.00,0.00,2.00,0.00,0.00,0.00,0.00
11:43:38,14,89.00,0.00,8.00,0.00,0.00,3.00,0.00,0.00,0.00,0.00
11:43:38,15,89.00,0.00,8.00,0.00,0.00,3.00,0.00,0.00,0.00,0.00
11:43:39,4,88.89,0.00,7.07,0.00,0.00,4.04,0.00,0.00,0.00,0.00
11:43:39,5,88.00,0.00,9.00,0.00,0.00,3.00,0.00,0.00,0.00,0.00
11:43:39,6,88.12,0.00,7.92,0.00,0.00,3.96,0.00,0.00,0.00,0.00
11:43:39,7,90.00,0.00,8.00,0.00,0.00,2.00,0.00,0.00,0.00,0.00
11:43:39,12,88.00,0.00,9.00,0.00,0.00,3.00,0.00,0.00,0.00,0.00
11:43:39,13,89.00,0.00,8.00,0.00,0.00,3.00,0.00,0.00,0.00,0.00
11:43:39,14,90.00,0.00,7.00,0.00,0.00,3.00,0.00,0.00,0.00,0.00
11:43:39,15,88.89,0.00,9.09,0.00,0.00,2.02,0.00,0.00,0.00,0.00
11:43:40,4,86.14,0.00,9.90,0.00,0.00,3.96,0.00,0.00,0.00,0.00
11:43:40,5,89.90,0.00,8.08,0.00,0.00,2.02,0.00,0.00,0.00,0.00
11:43:40,6,88.89,0.00,9.09,0.00,0.00,2.02,0.00,0.00,0.00,0.00
11:43:40,7,90.00,0.00,7.00,0.00,0.00,3.00,0.00,0.00,0.00,0.00
11:43:40,12,87.88,0.00,10.10,0.00,0.00,2.02,0.00,0.00,0.00,0.00
11:43:40,13,89.00,0.00,9.00,0.00,0.00,2.00,0.00,0.00,0.00,0.00
11:43:40,14,89.11,0.00,8.91,0.00,0.00,1.98,0.00,0.00,0.00,0.00
11:43:40,15,88.00,0.00,9.00,0.00,0.00,3.00,0.00,0.00,0.00,0.00
11:43:41,4,88.89,0.00,9.09,0.00,0.00,2.02,0.00,0.00,0.00,0.00
11:43:41,5,89.00,0.00,8.00,0.00,0.00,3.00,0.00,0.00,0.00,0.00
11:43:41,6,88.00,0.00,9.00,0.00,0.00,3.00,0.00,0.00,0.00,0.00
11:43:41,7,90.00,0.00,7.00,0.00,0.00,3.00,0.00,0.00,0.00,0.00
11:43:41,12,87.25,0.00,7.84,0.00,0.00,3.92,0.00,0.00,0.00,0.98
11:43:41,13,89.00,0.00,8.00,0.00,0.00,3.00,0.00,0.00,0.00,0.00
11:43:41,14,89.00,0.00,7.00,0.00,0.00,3.00,0.00,0.00,0.00,1.00
11:43:41,15,89.00,0.00,8.00,0.00,0.00,2.00,0.00,0.00,0.00,1.00
11:43:42,4,90.10,0.00,6.93,0.00,0.00,2.97,0.00,0.00,0.00,0.00
11:43:42,5,87.13,0.00,8.91,0.00,0.00,2.97,0.00,0.00,0.00,0.99
11:43:42,6,89.00,0.00,8.00,0.00,0.00,3.00,0.00,0.00,0.00,0.00
11:43:42,7,89.00,0.00,8.00,0.00,0.00,3.00,0.00,0.00,0.00,0.00
11:43:42,12,88.00,0.00,9.00,0.00,0.00,3.00,0.00,0.00,0.00,0.00
11:43:42,13,87.88,0.00,10.10,0.00,0.00,2.02,0.00,0.00,0.00,0.00
11:43:42,14,88.89,0.00,8.08,0.00,0.00,3.03,0.00,0.00,0.00,0.00
11:43:42,15,90.00,0.00,8.00,0.00,0.00,2.00,0.00,0.00,0.00,0.00
11:43:43,4,90.91,0.00,8.08,0.00,0.00,1.01,0.00,0.00,0.00,0.00
11:43:43,5,89.90,0.00,8.08,0.00,0.00,2.02,0.00,0.00,0.00,0.00
11:43:43,6,90.00,0.00,8.00,0.00,0.00,2.00,0.00,0.00,0.00,0.00
11:43:43,7,91.00,0.00,7.00,0.00,0.00,2.00,0.00,0.00,0.00,0.00
11:43:43,12,88.89,0.00,9.09,0.00,0.00,2.02,0.00,0.00,0.00,0.00
11:43:43,13,87.25,0.00,8.82,0.00,0.00,2.94,0.00,0.00,0.00,0.98
11:43:43,14,88.12,0.00,8.91,0.00,0.00,2.97,0.00,0.00,0.00,0.00
11:43:43,15,90.00,0.00,7.00,0.00,0.00,3.00,0.00,0.00,0.00,0.00
11:43:44,4,88.00,0.00,8.00,0.00,0.00,4.00,0.00,0.00,0.00,0.00
11:43:44,5,89.00,0.00,8.00,0.00,0.00,3.00,0.00,0.00,0.00,0.00
11:43:44,6,91.00,0.00,7.00,0.00,0.00,2.00,0.00,0.00,0.00,0.00
11:43:44,7,90.91,0.00,8.08,0.00,0.00,1.01,0.00,0.00,0.00,0.00
11:43:44,12,90.00,0.00,7.00,0.00,0.00,3.00,0.00,0.00,0.00,0.00
11:43:44,13,89.80,0.00,7.14,0.00,0.00,3.06,0.00,0.00,0.00,0.00
11:43:44,14,89.00,0.00,8.00,0.00,0.00,3.00,0.00,0.00,0.00,0.00
11:43:44,15,88.12,0.00,8.91,0.00,0.00,2.97,0.00,0.00,0.00,0.00
11:43:45,4,88.12,0.00,8.91,0.00,0.00,2.97,0.00,0.00,0.00,0.00
11:43:45,5,87.00,0.00,10.00,0.00,0.00,3.00,0.00,0.00,0.00,0.00
11:43:45,6,90.00,0.00,8.00,0.00,0.00,2.00,0.00,0.00,0.00,0.00
11:43:45,7,88.00,0.00,9.00,0.00,0.00,3.00,0.00,0.00,0.00,0.00
11:43:45,12,89.90,0.00,8.08,0.00,0.00,2.02,0.00,0.00,0.00,0.00
11:43:45,13,89.00,0.00,9.00,0.00,0.00,2.00,0.00,0.00,0.00,0.00
11:43:45,14,88.89,0.00,9.09,0.00,0.00,2.02,0.00,0.00,0.00,0.00
11:43:45,15,89.00,0.00,8.00,0.00,0.00,3.00,0.00,0.00,0.00,0.00
11:43:46,4,89.00,0.00,7.00,0.00,0.00,3.00,0.00,0.00,0.00,1.00
11:43:46,5,90.10,0.00,6.93,0.00,0.00,2.97,0.00,0.00,0.00,0.00
11:43:46,6,89.90,0.00,8.08,0.00,0.00,2.02,0.00,0.00,0.00,0.00
11:43:46,7,88.00,0.00,9.00,0.00,0.00,3.00,0.00,0.00,0.00,0.00
11:43:46,12,87.13,0.00,9.90,0.00,0.00,2.97,0.00,0.00,0.00,0.00
11:43:46,13,90.10,0.00,6.93,0.00,0.00,2.97,0.00,0.00,0.00,0.00
11:43:46,14,89.00,0.00,8.00,0.00,0.00,3.00,0.00,0.00,0.00,0.00
11:43:46,15,88.89,0.00,8.08,0.00,0.00,3.03,0.00,0.00,0.00,0.00
11:43:47,4,91.00,0.00,6.00,0.00,0.00,3.00,0.00,0.00,0.00,0.00
11:43:47,5,90.91,0.00,7.07,0.00,0.00,2.02,0.00,0.00,0.00,0.00
11:43:47,6,89.11,0.00,7.92,0.00,0.00,2.97,0.00,0.00,0.00,0.00
11:43:47,7,90.00,0.00,8.00,0.00,0.00,2.00,0.00,0.00,0.00,0.00
11:43:47,12,89.90,0.00,8.08,0.00,0.00,2.02,0.00,0.00,0.00,0.00
11:43:47,13,91.00,0.00,6.00,0.00,0.00,3.00,0.00,0.00,0.00,0.00
11:43:47,14,89.11,0.00,7.92,0.00,0.00,2.97,0.00,0.00,0.00,0.00
11:43:47,15,90.00,0.00,7.00,0.00,0.00,3.00,0.00,0.00,0.00,0.00
11:43:48,4,91.00,0.00,6.00,0.00,0.00,3.00,0.00,0.00,0.00,0.00
11:43:48,5,89.00,0.00,8.00,0.00,0.00,2.00,0.00,0.00,0.00,1.00
11:43:48,6,89.00,0.00,8.00,0.00,0.00,2.00,0.00,0.00,0.00,1.00
11:43:48,7,89.00,0.00,7.00,0.00,0.00,3.00,0.00,0.00,0.00,1.00
11:43:48,12,89.11,0.00,6.93,0.00,0.00,2.97,0.00,0.00,0.00,0.99
11:43:48,13,88.00,0.00,8.00,0.00,0.00,3.00,0.00,0.00,0.00,1.00
11:43:48,14,89.90,0.00,7.07,0.00,0.00,2.02,0.00,0.00,0.00,1.01
11:43:48,15,89.00,0.00,8.00,0.00,0.00,2.00,0.00,0.00,0.00,1.00
11:43:49,4,90.00,0.00,9.00,0.00,0.00,1.00,0.00,0.00,0.00,0.00
11:43:49,5,89.00,0.00,8.00,0.00,0.00,3.00,0.00,0.00,0.00,0.00
11:43:49,6,88.12,0.00,7.92,0.00,0.00,3.96,0.00,0.00,0.00,0.00
11:43:49,7,87.00,0.00,10.00,0.00,0.00,3.00,0.00,0.00,0.00,0.00
11:43:49,12,90.91,0.00,7.07,0.00,0.00,2.02,0.00,0.00,0.00,0.00
11:43:49,13,89.00,0.00,8.00,0.00,0.00,3.00,0.00,0.00,0.00,0.00
11:43:49,14,87.00,0.00,10.00,0.00,0.00,3.00,0.00,0.00,0.00,0.00
11:43:49,15,89.00,0.00,8.00,0.00,0.00,3.00,0.00,0.00,0.00,0.00
11:43:50,4,89.11,0.00,7.92,0.00,0.00,1.98,0.00,0.00,0.00,0.99
11:43:50,5,89.11,0.00,7.92,0.00,0.00,2.97,0.00,0.00,0.00,0.00
11:43:50,6,88.89,0.00,8.08,0.00,0.00,3.03,0.00,0.00,0.00,0.00
11:43:50,7,89.90,0.00,8.08,0.00,0.00,2.02,0.00,0.00,0.00,0.00
11:43:50,12,90.00,0.00,7.00,0.00,0.00,3.00,0.00,0.00,0.00,0.00
11:43:50,13,89.00,0.00,9.00,0.00,0.00,2.00,0.00,0.00,0.00,0.00
11:43:50,14,89.00,0.00,8.00,0.00,0.00,3.00,0.00,0.00,0.00,0.00
11:43:50,15,89.00,0.00,8.00,0.00,0.00,3.00,0.00,0.00,0.00,0.00
11:43:51,4,91.92,0.00,6.06,0.00,0.00,2.02,0.00,0.00,0.00,0.00
11:43:51,5,89.90,0.00,8.08,0.00,0.00,2.02,0.00,0.00,0.00,0.00
11:43:51,6,88.12,0.00,7.92,0.00,0.00,3.96,0.00,0.00,0.00,0.00
11:43:51,7,89.11,0.00,7.92,0.00,0.00,2.97,0.00,0.00,0.00,0.00
11:43:51,12,88.12,0.00,7.92,0.00,0.00,3.96,0.00,0.00,0.00,0.00
11:43:51,13,89.90,0.00,8.08,0.00,0.00,2.02,0.00,0.00,0.00,0.00
11:43:51,14,88.00,0.00,9.00,0.00,0.00,3.00,0.00,0.00,0.00,0.00
11:43:51,15,88.12,0.00,8.91,0.00,0.00,2.97,0.00,0.00,0.00,0.00
11:43:52,4,90.00,0.00,8.00,0.00,0.00,2.00,0.00,0.00,0.00,0.00
11:43:52,5,89.00,0.00,9.00,0.00,0.00,2.00,0.00,0.00,0.00,0.00
11:43:52,6,90.91,0.00,8.08,0.00,0.00,1.01,0.00,0.00,0.00,0.00
11:43:52,7,88.00,0.00,9.00,0.00,0.00,3.00,0.00,0.00,0.00,0.00
11:43:52,12,89.00,0.00,8.00,0.00,0.00,3.00,0.00,0.00,0.00,0.00
11:43:52,13,90.00,0.00,7.00,0.00,0.00,3.00,0.00,0.00,0.00,0.00
11:43:52,14,89.00,0.00,9.00,0.00,0.00,2.00,0.00,0.00,0.00,0.00
11:43:52,15,89.90,0.00,7.07,0.00,0.00,3.03,0.00,0.00,0.00,0.00
11:43:53,4,90.00,0.00,7.00,0.00,0.00,2.00,0.00,0.00,0.00,1.00
11:43:53,5,88.89,0.00,8.08,0.00,0.00,2.02,0.00,0.00,0.00,1.01
11:43:53,6,88.00,0.00,7.00,0.00,0.00,4.00,0.00,0.00,0.00,1.00
11:43:53,7,88.89,0.00,8.08,0.00,0.00,2.02,0.00,0.00,0.00,1.01
11:43:53,12,89.90,0.00,7.07,0.00,0.00,2.02,0.00,0.00,0.00,1.01
11:43:53,13,85.15,0.00,9.90,0.00,0.00,3.96,0.00,0.00,0.00,0.99
11:43:53,14,88.00,0.00,8.00,0.00,0.00,3.00,0.00,0.00,0.00,1.00
11:43:53,15,89.90,0.00,6.06,0.00,0.00,3.03,0.00,0.00,0.00,1.01
11:43:54,4,89.00,0.00,8.00,0.00,0.00,3.00,0.00,0.00,0.00,0.00
11:43:54,5,88.12,0.00,8.91,0.00,0.00,2.97,0.00,0.00,0.00,0.00
11:43:54,6,89.11,0.00,7.92,0.00,0.00,1.98,0.00,0.00,0.00,0.99
11:43:54,7,88.12,0.00,8.91,0.00,0.00,2.97,0.00,0.00,0.00,0.00
11:43:54,12,90.91,0.00,7.07,0.00,0.00,2.02,0.00,0.00,0.00,0.00
11:43:54,13,89.90,0.00,8.08,0.00,0.00,2.02,0.00,0.00,0.00,0.00
11:43:54,14,88.12,0.00,8.91,0.00,0.00,2.97,0.00,0.00,0.00,0.00
11:43:54,15,89.11,0.00,8.91,0.00,0.00,1.98,0.00,0.00,0.00,0.00
11:43:55,4,88.12,0.00,8.91,0.00,0.00,2.97,0.00,0.00,0.00,0.00
11:43:55,5,90.91,0.00,7.07,0.00,0.00,2.02,0.00,0.00,0.00,0.00
11:43:55,6,89.00,0.00,8.00,0.00,0.00,3.00,0.00,0.00,0.00,0.00
11:43:55,7,88.00,0.00,9.00,0.00,0.00,3.00,0.00,0.00,0.00,0.00
11:43:55,12,87.13,0.00,9.90,0.00,0.00,2.97,0.00,0.00,0.00,0.00
11:43:55,13,90.00,0.00,7.00,0.00,0.00,3.00,0.00,0.00,0.00,0.00
11:43:55,14,91.92,0.00,6.06,0.00,0.00,2.02,0.00,0.00,0.00,0.00
11:43:55,15,87.00,0.00,10.00,0.00,0.00,3.00,0.00,0.00,0.00,0.00
11:43:56,4,88.89,0.00,9.09,0.00,0.00,2.02,0.00,0.00,0.00,0.00
11:43:56,5,88.12,0.00,8.91,0.00,0.00,2.97,0.00,0.00,0.00,0.00
11:43:56,6,89.90,0.00,7.07,0.00,0.00,3.03,0.00,0.00,0.00,0.00
11:43:56,7,88.89,0.00,8.08,0.00,0.00,3.03,0.00,0.00,0.00,0.00
11:43:56,12,88.12,0.00,7.92,0.00,0.00,2.97,0.00,0.00,0.00,0.99
11:43:56,13,88.89,0.00,9.09,0.00,0.00,2.02,0.00,0.00,0.00,0.00
11:43:56,14,89.00,0.00,8.00,0.00,0.00,3.00,0.00,0.00,0.00,0.00
11:43:56,15,88.00,0.00,9.00,0.00,0.00,3.00,0.00,0.00,0.00,0.00
11:43:57,4,91.92,0.00,6.06,0.00,0.00,2.02,0.00,0.00,0.00,0.00
11:43:57,5,91.00,0.00,7.00,0.00,0.00,2.00,0.00,0.00,0.00,0.00
11:43:57,6,90.00,0.00,7.00,0.00,0.00,3.00,0.00,0.00,0.00,0.00
11:43:57,7,89.11,0.00,7.92,0.00,0.00,1.98,0.00,0.00,0.00,0.99
11:43:57,12,88.00,0.00,8.00,0.00,0.00,4.00,0.00,0.00,0.00,0.00
11:43:57,13,86.14,0.00,9.90,0.00,0.00,3.96,0.00,0.00,0.00,0.00
11:43:57,14,87.13,0.00,8.91,0.00,0.00,2.97,0.00,0.00,0.00,0.99
11:43:57,15,89.00,0.00,9.00,0.00,0.00,2.00,0.00,0.00,0.00,0.00
11:43:58,4,86.14,0.00,8.91,0.00,0.00,2.97,0.00,0.00,0.00,1.98
11:43:58,5,88.00,0.00,8.00,0.00,0.00,2.00,0.00,0.00,0.00,2.00
11:43:58,6,88.00,0.00,7.00,0.00,0.00,3.00,0.00,0.00,0.00,2.00
11:43:58,7,87.00,0.00,9.00,0.00,0.00,3.00,0.00,0.00,0.00,1.00
11:43:58,12,87.88,0.00,8.08,0.00,0.00,3.03,0.00,0.00,0.00,1.01
11:43:58,13,88.00,0.00,7.00,0.00,0.00,3.00,0.00,0.00,0.00,2.00
11:43:58,14,87.88,0.00,8.08,0.00,0.00,3.03,0.00,0.00,0.00,1.01
11:43:58,15,88.00,0.00,7.00,0.00,0.00,3.00,0.00,0.00,0.00,2.00
11:43:59,4,89.00,0.00,7.00,0.00,0.00,4.00,0.00,0.00,0.00,0.00
11:43:59,5,90.10,0.00,6.93,0.00,0.00,2.97,0.00,0.00,0.00,0.00
11:43:59,6,89.00,0.00,8.00,0.00,0.00,3.00,0.00,0.00,0.00,0.00
11:43:59,7,90.00,0.00,8.00,0.00,0.00,2.00,0.00,0.00,0.00,0.00
11:43:59,12,89.00,0.00,8.00,0.00,0.00,3.00,0.00,0.00,0.00,0.00
11:43:59,13,88.00,0.00,10.00,0.00,0.00,2.00,0.00,0.00,0.00,0.00
11:43:59,14,90.00,0.00,7.00,0.00,0.00,3.00,0.00,0.00,0.00,0.00
11:43:59,15,88.89,0.00,8.08,0.00,0.00,3.03,0.00,0.00,0.00,0.00
11:44:00,4,90.00,0.00,8.00,0.00,0.00,2.00,0.00,0.00,0.00,0.00
11:44:00,5,88.89,0.00,8.08,0.00,0.00,3.03,0.00,0.00,0.00,0.00
11:44:00,6,88.12,0.00,8.91,0.00,0.00,2.97,0.00,0.00,0.00,0.00
11:44:00,7,88.00,0.00,10.00,0.00,0.00,2.00,0.00,0.00,0.00,0.00
11:44:00,12,89.00,0.00,8.00,0.00,0.00,3.00,0.00,0.00,0.00,0.00
11:44:00,13,89.90,0.00,7.07,0.00,0.00,3.03,0.00,0.00,0.00,0.00
11:44:00,14,90.00,0.00,8.00,0.00,0.00,2.00,0.00,0.00,0.00,0.00
11:44:00,15,88.00,0.00,9.00,0.00,0.00,3.00,0.00,0.00,0.00,0.00
11:44:01,4,88.00,0.00,9.00,0.00,0.00,3.00,0.00,0.00,0.00,0.00
11:44:01,5,87.00,0.00,9.00,0.00,0.00,3.00,0.00,0.00,0.00,1.00
11:44:01,6,89.90,0.00,8.08,0.00,0.00,2.02,0.00,0.00,0.00,0.00
11:44:01,7,89.00,0.00,7.00,0.00,0.00,3.00,0.00,0.00,0.00,1.00
11:44:01,12,88.00,0.00,7.00,0.00,0.00,4.00,0.00,0.00,0.00,1.00
11:44:01,13,87.00,0.00,9.00,0.00,0.00,4.00,0.00,0.00,0.00,0.00
11:44:01,14,89.11,0.00,6.93,0.00,0.00,2.97,0.00,0.00,0.00,0.99
11:44:01,15,88.24,0.00,7.84,0.00,0.00,2.94,0.00,0.00,0.00,0.98
11:44:02,4,90.00,0.00,8.00,0.00,0.00,2.00,0.00,0.00,0.00,0.00
11:44:02,5,89.11,0.00,7.92,0.00,0.00,2.97,0.00,0.00,0.00,0.00
11:44:02,6,89.90,0.00,7.07,0.00,0.00,3.03,0.00,0.00,0.00,0.00
11:44:02,7,88.89,0.00,9.09,0.00,0.00,2.02,0.00,0.00,0.00,0.00
11:44:02,12,88.00,0.00,9.00,0.00,0.00,3.00,0.00,0.00,0.00,0.00
11:44:02,13,88.12,0.00,7.92,0.00,0.00,2.97,0.00,0.00,0.00,0.99
11:44:02,14,90.82,0.00,7.14,0.00,0.00,2.04,0.00,0.00,0.00,0.00
11:44:02,15,88.89,0.00,8.08,0.00,0.00,3.03,0.00,0.00,0.00,0.00
11:44:03,4,87.13,0.00,8.91,0.00,0.00,2.97,0.00,0.00,0.00,0.99
11:44:03,5,89.90,0.00,7.07,0.00,0.00,3.03,0.00,0.00,0.00,0.00
11:44:03,6,88.12,0.00,7.92,0.00,0.00,2.97,0.00,0.00,0.00,0.99
11:44:03,7,86.14,0.00,9.90,0.00,0.00,3.96,0.00,0.00,0.00,0.00
11:44:03,12,90.00,0.00,7.00,0.00,0.00,3.00,0.00,0.00,0.00,0.00
11:44:03,13,90.00,0.00,7.00,0.00,0.00,3.00,0.00,0.00,0.00,0.00
11:44:03,14,87.25,0.00,8.82,0.00,0.00,3.92,0.00,0.00,0.00,0.00
11:44:03,15,90.91,0.00,7.07,0.00,0.00,2.02,0.00,0.00,0.00,0.00
11:44:04,4,89.90,0.00,7.07,0.00,0.00,3.03,0.00,0.00,0.00,0.00
11:44:04,5,89.00,0.00,9.00,0.00,0.00,2.00,0.00,0.00,0.00,0.00
11:44:04,6,89.11,0.00,7.92,0.00,0.00,2.97,0.00,0.00,0.00,0.00
11:44:04,7,86.87,0.00,10.10,0.00,0.00,3.03,0.00,0.00,0.00,0.00
11:44:04,12,88.89,0.00,9.09,0.00,0.00,2.02,0.00,0.00,0.00,0.00
11:44:04,13,88.12,0.00,8.91,0.00,0.00,2.97,0.00,0.00,0.00,0.00
11:44:04,14,89.80,0.00,8.16,0.00,0.00,2.04,0.00,0.00,0.00,0.00
11:44:04,15,85.29,0.00,10.78,0.00,0.00,3.92,0.00,0.00,0.00,0.00
11:44:05,4,89.11,0.00,7.92,0.00,0.00,2.97,0.00,0.00,0.00,0.00
11:44:05,5,90.00,0.00,7.00,0.00,0.00,3.00,0.00,0.00,0.00,0.00
11:44:05,6,88.00,0.00,8.00,0.00,0.00,4.00,0.00,0.00,0.00,0.00
11:44:05,7,89.00,0.00,9.00,0.00,0.00,2.00,0.00,0.00,0.00,0.00
11:44:05,12,90.10,0.00,6.93,0.00,0.00,2.97,0.00,0.00,0.00,0.00
11:44:05,13,86.87,0.00,11.11,0.00,0.00,2.02,0.00,0.00,0.00,0.00
11:44:05,14,89.11,0.00,7.92,0.00,0.00,2.97,0.00,0.00,0.00,0.00
11:44:05,15,88.89,0.00,8.08,0.00,0.00,3.03,0.00,0.00,0.00,0.00
11:44:06,4,89.00,0.00,9.00,0.00,0.00,2.00,0.00,0.00,0.00,0.00
11:44:06,5,89.00,0.00,8.00,0.00,0.00,3.00,0.00,0.00,0.00,0.00
11:44:06,6,88.89,0.00,9.09,0.00,0.00,2.02,0.00,0.00,0.00,0.00
11:44:06,7,89.00,0.00,9.00,0.00,0.00,2.00,0.00,0.00,0.00,0.00
11:44:06,12,89.00,0.00,8.00,0.00,0.00,3.00,0.00,0.00,0.00,0.00
11:44:06,13,88.00,0.00,9.00,0.00,0.00,3.00,0.00,0.00,0.00,0.00
11:44:06,14,89.00,0.00,9.00,0.00,0.00,2.00,0.00,0.00,0.00,0.00
11:44:06,15,90.00,0.00,8.00,0.00,0.00,2.00,0.00,0.00,0.00,0.00
11:44:07,4,89.90,0.00,7.07,0.00,0.00,3.03,0.00,0.00,0.00,0.00
11:44:07,5,90.00,0.00,8.00,0.00,0.00,2.00,0.00,0.00,0.00,0.00
11:44:07,6,88.12,0.00,7.92,0.00,0.00,3.96,0.00,0.00,0.00,0.00
11:44:07,7,89.00,0.00,9.00,0.00,0.00,2.00,0.00,0.00,0.00,0.00
11:44:07,12,89.00,0.00,8.00,0.00,0.00,3.00,0.00,0.00,0.00,0.00
11:44:07,13,88.12,0.00,8.91,0.00,0.00,2.97,0.00,0.00,0.00,0.00
11:44:07,14,90.00,0.00,8.00,0.00,0.00,2.00,0.00,0.00,0.00,0.00
11:44:07,15,90.91,0.00,7.07,0.00,0.00,2.02,0.00,0.00,0.00,0.00
11:44:08,4,89.00,0.00,8.00,0.00,0.00,3.00,0.00,0.00,0.00,0.00
11:44:08,5,89.90,0.00,8.08,0.00,0.00,2.02,0.00,0.00,0.00,0.00
11:44:08,6,88.89,0.00,8.08,0.00,0.00,3.03,0.00,0.00,0.00,0.00
11:44:08,7,89.90,0.00,8.08,0.00,0.00,2.02,0.00,0.00,0.00,0.00
11:44:08,12,89.00,0.00,8.00,0.00,0.00,3.00,0.00,0.00,0.00,0.00
11:44:08,13,91.84,0.00,7.14,0.00,0.00,1.02,0.00,0.00,0.00,0.00
11:44:08,14,89.90,0.00,8.08,0.00,0.00,2.02,0.00,0.00,0.00,0.00
11:44:08,15,90.10,0.00,6.93,0.00,0.00,2.97,0.00,0.00,0.00,0.00
11:44:09,4,90.00,0.00,7.00,0.00,0.00,3.00,0.00,0.00,0.00,0.00
11:44:09,5,87.13,0.00,9.90,0.00,0.00,2.97,0.00,0.00,0.00,0.00
11:44:09,6,88.00,0.00,8.00,0.00,0.00,4.00,0.00,0.00,0.00,0.00
11:44:09,7,88.00,0.00,9.00,0.00,0.00,3.00,0.00,0.00,0.00,0.00
11:44:09,12,88.00,0.00,8.00,0.00,0.00,3.00,0.00,0.00,0.00,1.00
11:44:09,13,89.11,0.00,8.91,0.00,0.00,1.98,0.00,0.00,0.00,0.00
11:44:09,14,89.00,0.00,8.00,0.00,0.00,3.00,0.00,0.00,0.00,0.00
11:44:09,15,90.00,0.00,7.00,0.00,0.00,3.00,0.00,0.00,0.00,0.00
11:44:10,4,88.00,0.00,9.00,0.00,0.00,3.00,0.00,0.00,0.00,0.00
11:44:10,5,89.90,0.00,7.07,0.00,0.00,3.03,0.00,0.00,0.00,0.00
11:44:10,6,88.00,0.00,10.00,0.00,0.00,2.00,0.00,0.00,0.00,0.00
11:44:10,7,87.13,0.00,8.91,0.00,0.00,2.97,0.00,0.00,0.00,0.99
11:44:10,12,88.00,0.00,9.00,0.00,0.00,3.00,0.00,0.00,0.00,0.00
11:44:10,13,87.88,0.00,9.09,0.00,0.00,3.03,0.00,0.00,0.00,0.00
11:44:10,14,88.12,0.00,8.91,0.00,0.00,2.97,0.00,0.00,0.00,0.00
11:44:10,15,89.90,0.00,7.07,0.00,0.00,3.03,0.00,0.00,0.00,0.00
11:44:11,4,88.00,0.00,9.00,0.00,0.00,3.00,0.00,0.00,0.00,0.00
11:44:11,5,89.00,0.00,9.00,0.00,0.00,2.00,0.00,0.00,0.00,0.00
11:44:11,6,90.00,0.00,7.00,0.00,0.00,3.00,0.00,0.00,0.00,0.00
11:44:11,7,89.00,0.00,8.00,0.00,0.00,3.00,0.00,0.00,0.00,0.00
11:44:11,12,88.00,0.00,9.00,0.00,0.00,3.00,0.00,0.00,0.00,0.00
11:44:11,13,90.00,0.00,8.00,0.00,0.00,2.00,0.00,0.00,0.00,0.00
11:44:11,14,89.00,0.00,8.00,0.00,0.00,2.00,0.00,0.00,0.00,1.00
11:44:11,15,89.11,0.00,6.93,0.00,0.00,2.97,0.00,0.00,0.00,0.99
11:44:12,4,89.00,0.00,8.00,0.00,0.00,3.00,0.00,0.00,0.00,0.00
11:44:12,5,90.00,0.00,8.00,0.00,0.00,2.00,0.00,0.00,0.00,0.00
11:44:12,6,88.00,0.00,9.00,0.00,0.00,3.00,0.00,0.00,0.00,0.00
11:44:12,7,88.00,0.00,9.00,0.00,0.00,3.00,0.00,0.00,0.00,0.00
11:44:12,12,89.00,0.00,9.00,0.00,0.00,2.00,0.00,0.00,0.00,0.00
11:44:12,13,88.00,0.00,9.00,0.00,0.00,3.00,0.00,0.00,0.00,0.00
11:44:12,14,88.00,0.00,9.00,0.00,0.00,3.00,0.00,0.00,0.00,0.00
11:44:12,15,89.00,0.00,9.00,0.00,0.00,2.00,0.00,0.00,0.00,0.00
11:44:13,4,89.00,0.00,8.00,0.00,0.00,3.00,0.00,0.00,0.00,0.00
11:44:13,5,88.00,0.00,8.00,0.00,0.00,3.00,0.00,0.00,0.00,1.00
11:44:13,6,88.89,0.00,8.08,0.00,0.00,3.03,0.00,0.00,0.00,0.00
11:44:13,7,90.91,0.00,7.07,0.00,0.00,2.02,0.00,0.00,0.00,0.00
11:44:13,12,88.00,0.00,9.00,0.00,0.00,3.00,0.00,0.00,0.00,0.00
11:44:13,13,89.90,0.00,8.08,0.00,0.00,2.02,0.00,0.00,0.00,0.00
11:44:13,14,88.00,0.00,10.00,0.00,0.00,2.00,0.00,0.00,0.00,0.00
11:44:13,15,90.00,0.00,8.00,0.00,0.00,2.00,0.00,0.00,0.00,0.00
11:44:14,4,89.90,0.00,6.06,0.00,0.00,4.04,0.00,0.00,0.00,0.00
11:44:14,5,88.12,0.00,7.92,0.00,0.00,3.96,0.00,0.00,0.00,0.00
11:44:14,6,90.10,0.00,5.94,0.00,0.00,3.96,0.00,0.00,0.00,0.00
11:44:14,7,89.11,0.00,6.93,0.00,0.00,3.96,0.00,0.00,0.00,0.00
11:44:14,12,90.00,0.00,8.00,0.00,0.00,2.00,0.00,0.00,0.00,0.00
11:44:14,13,89.22,0.00,7.84,0.00,0.00,2.94,0.00,0.00,0.00,0.00
11:44:14,14,89.00,0.00,9.00,0.00,0.00,2.00,0.00,0.00,0.00,0.00
11:44:14,15,89.00,0.00,8.00,0.00,0.00,3.00,0.00,0.00,0.00,0.00
11:44:15,4,90.00,0.00,8.00,0.00,0.00,2.00,0.00,0.00,0.00,0.00
11:44:15,5,88.89,0.00,8.08,0.00,0.00,3.03,0.00,0.00,0.00,0.00
11:44:15,6,90.91,0.00,7.07,0.00,0.00,2.02,0.00,0.00,0.00,0.00
11:44:15,7,89.11,0.00,8.91,0.00,0.00,1.98,0.00,0.00,0.00,0.00
11:44:15,12,89.00,0.00,8.00,0.00,0.00,3.00,0.00,0.00,0.00,0.00
11:44:15,13,88.89,0.00,9.09,0.00,0.00,2.02,0.00,0.00,0.00,0.00
11:44:15,14,88.89,0.00,8.08,0.00,0.00,3.03,0.00,0.00,0.00,0.00
11:44:15,15,89.00,0.00,8.00,0.00,0.00,3.00,0.00,0.00,0.00,0.00
11:44:16,4,88.12,0.00,8.91,0.00,0.00,2.97,0.00,0.00,0.00,0.00
11:44:16,5,88.00,0.00,9.00,0.00,0.00,3.00,0.00,0.00,0.00,0.00
11:44:16,6,89.11,0.00,7.92,0.00,0.00,2.97,0.00,0.00,0.00,0.00
11:44:16,7,86.87,0.00,10.10,0.00,0.00,3.03,0.00,0.00,0.00,0.00
11:44:16,12,89.90,0.00,8.08,0.00,0.00,2.02,0.00,0.00,0.00,0.00
11:44:16,13,90.91,0.00,6.06,0.00,0.00,3.03,0.00,0.00,0.00,0.00
11:44:16,14,90.00,0.00,8.00,0.00,0.00,2.00,0.00,0.00,0.00,0.00
11:44:16,15,87.88,0.00,9.09,0.00,0.00,3.03,0.00,0.00,0.00,0.00
11:44:17,4,90.91,0.00,7.07,0.00,0.00,1.01,0.00,0.00,0.00,1.01
11:44:17,5,87.13,0.00,9.90,0.00,0.00,2.97,0.00,0.00,0.00,0.00
11:44:17,6,89.00,0.00,8.00,0.00,0.00,2.00,0.00,0.00,0.00,1.00
11:44:17,7,88.89,0.00,9.09,0.00,0.00,2.02,0.00,0.00,0.00,0.00
11:44:17,12,88.12,0.00,7.92,0.00,0.00,3.96,0.00,0.00,0.00,0.00
11:44:17,13,86.27,0.00,8.82,0.00,0.00,3.92,0.00,0.00,0.00,0.98
11:44:17,14,88.00,0.00,8.00,0.00,0.00,4.00,0.00,0.00,0.00,0.00
11:44:17,15,90.00,0.00,9.00,0.00,0.00,1.00,0.00,0.00,0.00,0.00
11:44:18,4,88.12,0.00,8.91,0.00,0.00,2.97,0.00,0.00,0.00,0.00
11:44:18,5,90.91,0.00,7.07,0.00,0.00,2.02,0.00,0.00,0.00,0.00
11:44:18,6,89.00,0.00,7.00,0.00,0.00,4.00,0.00,0.00,0.00,0.00
11:44:18,7,89.11,0.00,7.92,0.00,0.00,2.97,0.00,0.00,0.00,0.00
11:44:18,12,90.91,0.00,6.06,0.00,0.00,3.03,0.00,0.00,0.00,0.00
11:44:18,13,90.00,0.00,8.00,0.00,0.00,2.00,0.00,0.00,0.00,0.00
11:44:18,14,89.11,0.00,8.91,0.00,0.00,1.98,0.00,0.00,0.00,0.00
11:44:18,15,89.11,0.00,8.91,0.00,0.00,1.98,0.00,0.00,0.00,0.00
11:44:19,4,89.00,0.00,8.00,0.00,0.00,3.00,0.00,0.00,0.00,0.00
11:44:19,5,87.13,0.00,9.90,0.00,0.00,2.97,0.00,0.00,0.00,0.00
11:44:19,6,88.00,0.00,9.00,0.00,0.00,3.00,0.00,0.00,0.00,0.00
11:44:19,7,89.90,0.00,8.08,0.00,0.00,2.02,0.00,0.00,0.00,0.00
11:44:19,12,88.12,0.00,9.90,0.00,0.00,1.98,0.00,0.00,0.00,0.00
11:44:19,13,89.00,0.00,8.00,0.00,0.00,3.00,0.00,0.00,0.00,0.00
11:44:19,14,90.91,0.00,8.08,0.00,0.00,1.01,0.00,0.00,0.00,0.00
11:44:19,15,89.90,0.00,7.07,0.00,0.00,3.03,0.00,0.00,0.00,0.00
11:44:20,4,91.00,0.00,7.00,0.00,0.00,2.00,0.00,0.00,0.00,0.00
11:44:20,5,89.00,0.00,7.00,0.00,0.00,4.00,0.00,0.00,0.00,0.00
11:44:20,6,89.00,0.00,8.00,0.00,0.00,3.00,0.00,0.00,0.00,0.00
11:44:20,7,88.12,0.00,8.91,0.00,0.00,2.97,0.00,0.00,0.00,0.00
11:44:20,12,89.00,0.00,8.00,0.00,0.00,3.00,0.00,0.00,0.00,0.00
11:44:20,13,89.90,0.00,7.07,0.00,0.00,3.03,0.00,0.00,0.00,0.00
11:44:20,14,88.00,0.00,9.00,0.00,0.00,3.00,0.00,0.00,0.00,0.00
11:44:20,15,88.00,0.00,9.00,0.00,0.00,3.00,0.00,0.00,0.00,0.00
11:44:21,4,88.00,0.00,8.00,0.00,0.00,4.00,0.00,0.00,0.00,0.00
11:44:21,5,88.89,0.00,8.08,0.00,0.00,3.03,0.00,0.00,0.00,0.00
11:44:21,6,88.89,0.00,9.09,0.00,0.00,2.02,0.00,0.00,0.00,0.00
11:44:21,7,89.90,0.00,8.08,0.00,0.00,2.02,0.00,0.00,0.00,0.00
11:44:21,12,89.00,0.00,8.00,0.00,0.00,3.00,0.00,0.00,0.00,0.00
11:44:21,13,87.13,0.00,8.91,0.00,0.00,3.96,0.00,0.00,0.00,0.00
11:44:21,14,88.12,0.00,7.92,0.00,0.00,3.96,0.00,0.00,0.00,0.00
11:44:21,15,87.00,0.00,10.00,0.00,0.00,3.00,0.00,0.00,0.00,0.00
11:44:22,4,89.90,0.00,8.08,0.00,0.00,2.02,0.00,0.00,0.00,0.00
11:44:22,5,88.00,0.00,9.00,0.00,0.00,3.00,0.00,0.00,0.00,0.00
11:44:22,6,89.11,0.00,7.92,0.00,0.00,2.97,0.00,0.00,0.00,0.00
11:44:22,7,88.00,0.00,9.00,0.00,0.00,3.00,0.00,0.00,0.00,0.00
11:44:22,12,89.90,0.00,8.08,0.00,0.00,2.02,0.00,0.00,0.00,0.00
11:44:22,13,89.90,0.00,7.07,0.00,0.00,3.03,0.00,0.00,0.00,0.00
11:44:22,14,90.91,0.00,7.07,0.00,0.00,2.02,0.00,0.00,0.00,0.00
11:44:22,15,85.00,0.00,12.00,0.00,0.00,3.00,0.00,0.00,0.00,0.00
11:44:23,4,88.12,0.00,8.91,0.00,0.00,2.97,0.00,0.00,0.00,0.00
11:44:23,5,88.12,0.00,8.91,0.00,0.00,2.97,0.00,0.00,0.00,0.00
11:44:23,6,89.00,0.00,8.00,0.00,0.00,3.00,0.00,0.00,0.00,0.00
11:44:23,7,88.12,0.00,8.91,0.00,0.00,2.97,0.00,0.00,0.00,0.00
11:44:23,12,89.11,0.00,7.92,0.00,0.00,2.97,0.00,0.00,0.00,0.00
11:44:23,13,88.00,0.00,8.00,0.00,0.00,4.00,0.00,0.00,0.00,0.00
11:44:23,14,89.11,0.00,6.93,0.00,0.00,3.96,0.00,0.00,0.00,0.00
11:44:23,15,91.00,0.00,7.00,0.00,0.00,2.00,0.00,0.00,0.00,0.00
11:44:24,4,87.00,0.00,7.00,0.00,0.00,4.00,0.00,0.00,0.00,2.00
11:44:24,5,87.88,0.00,7.07,0.00,0.00,3.03,0.00,0.00,0.00,2.02
11:44:24,6,86.87,0.00,9.09,0.00,0.00,2.02,0.00,0.00,0.00,2.02
11:44:24,7,87.00,0.00,7.00,0.00,0.00,3.00,0.00,0.00,0.00,3.00
11:44:24,12,88.00,0.00,7.00,0.00,0.00,2.00,0.00,0.00,0.00,3.00
11:44:24,13,88.00,0.00,8.00,0.00,0.00,2.00,0.00,0.00,0.00,2.00
11:44:24,14,87.00,0.00,8.00,0.00,0.00,2.00,0.00,0.00,0.00,3.00
11:44:24,15,88.12,0.00,6.93,0.00,0.00,1.98,0.00,0.00,0.00,2.97
11:44:25,4,90.91,0.00,7.07,0.00,0.00,2.02,0.00,0.00,0.00,0.00
11:44:25,5,86.00,0.00,10.00,0.00,0.00,3.00,0.00,0.00,0.00,1.00
11:44:25,6,90.00,0.00,7.00,0.00,0.00,3.00,0.00,0.00,0.00,0.00
11:44:25,7,88.12,0.00,8.91,0.00,0.00,2.97,0.00,0.00,0.00,0.00
11:44:25,12,88.00,0.00,8.00,0.00,0.00,4.00,0.00,0.00,0.00,0.00
11:44:25,13,90.10,0.00,6.93,0.00,0.00,2.97,0.00,0.00,0.00,0.00
11:44:25,14,89.00,0.00,8.00,0.00,0.00,3.00,0.00,0.00,0.00,0.00
11:44:25,15,89.00,0.00,7.00,0.00,0.00,4.00,0.00,0.00,0.00,0.00
11:44:26,4,89.11,0.00,7.92,0.00,0.00,2.97,0.00,0.00,0.00,0.00
11:44:26,5,92.00,0.00,6.00,0.00,0.00,2.00,0.00,0.00,0.00,0.00
11:44:26,6,91.09,0.00,6.93,0.00,0.00,1.98,0.00,0.00,0.00,0.00
11:44:26,7,89.00,0.00,9.00,0.00,0.00,2.00,0.00,0.00,0.00,0.00
11:44:26,12,90.00,0.00,8.00,0.00,0.00,2.00,0.00,0.00,0.00,0.00
11:44:26,13,88.78,0.00,9.18,0.00,0.00,2.04,0.00,0.00,0.00,0.00
11:44:26,14,88.00,0.00,9.00,0.00,0.00,3.00,0.00,0.00,0.00,0.00
11:44:26,15,90.00,0.00,8.00,0.00,0.00,2.00,0.00,0.00,0.00,0.00
11:44:27,4,89.90,0.00,7.07,0.00,0.00,3.03,0.00,0.00,0.00,0.00
11:44:27,5,89.11,0.00,7.92,0.00,0.00,2.97,0.00,0.00,0.00,0.00
11:44:27,6,90.91,0.00,7.07,0.00,0.00,2.02,0.00,0.00,0.00,0.00
11:44:27,7,88.89,0.00,8.08,0.00,0.00,3.03,0.00,0.00,0.00,0.00
11:44:27,12,89.00,0.00,9.00,0.00,0.00,2.00,0.00,0.00,0.00,0.00
11:44:27,13,89.11,0.00,7.92,0.00,0.00,2.97,0.00,0.00,0.00,0.00
11:44:27,14,90.00,0.00,7.00,0.00,0.00,3.00,0.00,0.00,0.00,0.00
11:44:27,15,88.00,0.00,8.00,0.00,0.00,4.00,0.00,0.00,0.00,0.00
11:44:28,4,88.00,0.00,9.00,0.00,0.00,3.00,0.00,0.00,0.00,0.00
11:44:28,5,87.88,0.00,10.10,0.00,0.00,2.02,0.00,0.00,0.00,0.00
11:44:28,6,90.00,0.00,8.00,0.00,0.00,2.00,0.00,0.00,0.00,0.00
11:44:28,7,90.00,0.00,7.00,0.00,0.00,3.00,0.00,0.00,0.00,0.00
11:44:28,12,89.90,0.00,7.07,0.00,0.00,3.03,0.00,0.00,0.00,0.00
11:44:28,13,86.87,0.00,10.10,0.00,0.00,3.03,0.00,0.00,0.00,0.00
11:44:28,14,86.87,0.00,10.10,0.00,0.00,3.03,0.00,0.00,0.00,0.00
11:44:28,15,89.90,0.00,8.08,0.00,0.00,2.02,0.00,0.00,0.00,0.00
11:44:29,4,90.91,0.00,7.07,0.00,0.00,2.02,0.00,0.00,0.00,0.00
11:44:29,5,90.91,0.00,7.07,0.00,0.00,2.02,0.00,0.00,0.00,0.00
11:44:29,6,87.13,0.00,8.91,0.00,0.00,2.97,0.00,0.00,0.00,0.99
11:44:29,7,91.00,0.00,7.00,0.00,0.00,2.00,0.00,0.00,0.00,0.00
11:44:29,12,89.11,0.00,7.92,0.00,0.00,2.97,0.00,0.00,0.00,0.00
11:44:29,13,88.12,0.00,8.91,0.00,0.00,1.98,0.00,0.00,0.00,0.99
11:44:29,14,90.00,0.00,8.00,0.00,0.00,2.00,0.00,0.00,0.00,0.00
11:44:29,15,89.00,0.00,9.00,0.00,0.00,2.00,0.00,0.00,0.00,0.00
11:44:30,4,88.24,0.00,7.84,0.00,0.00,2.94,0.00,0.00,0.00,0.98
11:44:30,5,88.12,0.00,8.91,0.00,0.00,2.97,0.00,0.00,0.00,0.00
11:44:30,6,89.90,0.00,7.07,0.00,0.00,3.03,0.00,0.00,0.00,0.00
11:44:30,7,90.91,0.00,7.07,0.00,0.00,2.02,0.00,0.00,0.00,0.00
11:44:30,12,88.89,0.00,9.09,0.00,0.00,2.02,0.00,0.00,0.00,0.00
11:44:30,13,90.10,0.00,6.93,0.00,0.00,2.97,0.00,0.00,0.00,0.00
11:44:30,14,89.00,0.00,8.00,0.00,0.00,3.00,0.00,0.00,0.00,0.00
11:44:30,15,87.00,0.00,10.00,0.00,0.00,3.00,0.00,0.00,0.00,0.00
11:44:31,4,90.00,0.00,8.00,0.00,0.00,2.00,0.00,0.00,0.00,0.00
11:44:31,5,87.00,0.00,10.00,0.00,0.00,3.00,0.00,0.00,0.00,0.00
11:44:31,6,89.11,0.00,7.92,0.00,0.00,2.97,0.00,0.00,0.00,0.00
11:44:31,7,88.12,0.00,8.91,0.00,0.00,2.97,0.00,0.00,0.00,0.00
11:44:31,12,89.11,0.00,7.92,0.00,0.00,2.97,0.00,0.00,0.00,0.00
11:44:31,13,89.90,0.00,7.07,0.00,0.00,3.03,0.00,0.00,0.00,0.00
11:44:31,14,90.00,0.00,8.00,0.00,0.00,2.00,0.00,0.00,0.00,0.00
11:44:31,15,89.00,0.00,8.00,0.00,0.00,3.00,0.00,0.00,0.00,0.00
11:44:32,4,89.90,0.00,8.08,0.00,0.00,2.02,0.00,0.00,0.00,0.00
11:44:32,5,87.88,0.00,9.09,0.00,0.00,3.03,0.00,0.00,0.00,0.00
11:44:32,6,89.00,0.00,9.00,0.00,0.00,2.00,0.00,0.00,0.00,0.00
11:44:32,7,88.00,0.00,9.00,0.00,0.00,3.00,0.00,0.00,0.00,0.00
11:44:32,12,87.88,0.00,9.09,0.00,0.00,3.03,0.00,0.00,0.00,0.00
11:44:32,13,88.12,0.00,8.91,0.00,0.00,2.97,0.00,0.00,0.00,0.00
11:44:32,14,89.90,0.00,7.07,0.00,0.00,3.03,0.00,0.00,0.00,0.00
11:44:32,15,90.00,0.00,7.00,0.00,0.00,3.00,0.00,0.00,0.00,0.00
11:44:33,4,90.10,0.00,6.93,0.00,0.00,2.97,0.00,0.00,0.00,0.00
11:44:33,5,88.12,0.00,8.91,0.00,0.00,2.97,0.00,0.00,0.00,0.00
11:44:33,6,90.00,0.00,8.00,0.00,0.00,2.00,0.00,0.00,0.00,0.00
11:44:33,7,88.89,0.00,8.08,0.00,0.00,3.03,0.00,0.00,0.00,0.00
11:44:33,12,89.00,0.00,8.00,0.00,0.00,3.00,0.00,0.00,0.00,0.00
11:44:33,13,88.78,0.00,8.16,0.00,0.00,3.06,0.00,0.00,0.00,0.00
11:44:33,14,89.11,0.00,7.92,0.00,0.00,2.97,0.00,0.00,0.00,0.00
11:44:33,15,88.00,0.00,10.00,0.00,0.00,2.00,0.00,0.00,0.00,0.00
11:44:34,4,90.00,0.00,8.00,0.00,0.00,2.00,0.00,0.00,0.00,0.00
11:44:34,5,88.00,0.00,10.00,0.00,0.00,2.00,0.00,0.00,0.00,0.00
11:44:34,6,89.00,0.00,9.00,0.00,0.00,2.00,0.00,0.00,0.00,0.00
11:44:34,7,88.00,0.00,9.00,0.00,0.00,3.00,0.00,0.00,0.00,0.00
11:44:34,12,89.00,0.00,8.00,0.00,0.00,3.00,0.00,0.00,0.00,0.00
11:44:34,13,88.24,0.00,8.82,0.00,0.00,2.94,0.00,0.00,0.00,0.00
11:44:34,14,90.91,0.00,7.07,0.00,0.00,2.02,0.00,0.00,0.00,0.00
11:44:34,15,89.00,0.00,8.00,0.00,0.00,3.00,0.00,0.00,0.00,0.00
11:44:35,4,89.90,0.00,8.08,0.00,0.00,2.02,0.00,0.00,0.00,0.00
11:44:35,5,90.91,0.00,7.07,0.00,0.00,2.02,0.00,0.00,0.00,0.00
11:44:35,6,88.89,0.00,9.09,0.00,0.00,2.02,0.00,0.00,0.00,0.00
11:44:35,7,88.00,0.00,8.00,0.00,0.00,3.00,0.00,0.00,0.00,1.00
11:44:35,12,89.11,0.00,7.92,0.00,0.00,1.98,0.00,0.00,0.00,0.99
11:44:35,13,90.91,0.00,7.07,0.00,0.00,2.02,0.00,0.00,0.00,0.00
11:44:35,14,89.11,0.00,7.92,0.00,0.00,2.97,0.00,0.00,0.00,0.00
11:44:35,15,87.88,0.00,8.08,0.00,0.00,4.04,0.00,0.00,0.00,0.00
11:44:36,4,89.00,0.00,7.00,0.00,0.00,4.00,0.00,0.00,0.00,0.00
11:44:36,5,88.89,0.00,9.09,0.00,0.00,2.02,0.00,0.00,0.00,0.00
11:44:36,6,87.13,0.00,8.91,0.00,0.00,3.96,0.00,0.00,0.00,0.00
11:44:36,7,89.11,0.00,8.91,0.00,0.00,1.98,0.00,0.00,0.00,0.00
11:44:36,12,88.89,0.00,8.08,0.00,0.00,3.03,0.00,0.00,0.00,0.00
11:44:36,13,88.00,0.00,9.00,0.00,0.00,3.00,0.00,0.00,0.00,0.00
11:44:36,14,89.00,0.00,8.00,0.00,0.00,2.00,0.00,0.00,0.00,1.00
11:44:36,15,88.12,0.00,7.92,0.00,0.00,2.97,0.00,0.00,0.00,0.99
11:44:37,4,88.00,0.00,9.00,0.00,0.00,3.00,0.00,0.00,0.00,0.00
11:44:37,5,87.25,0.00,8.82,0.00,0.00,3.92,0.00,0.00,0.00,0.00
11:44:37,6,87.88,0.00,9.09,0.00,0.00,3.03,0.00,0.00,0.00,0.00
11:44:37,7,87.88,0.00,10.10,0.00,0.00,2.02,0.00,0.00,0.00,0.00
11:44:37,12,90.10,0.00,6.93,0.00,0.00,2.97,0.00,0.00,0.00,0.00
11:44:37,13,91.00,0.00,6.00,0.00,0.00,3.00,0.00,0.00,0.00,0.00
11:44:37,14,90.00,0.00,7.00,0.00,0.00,3.00,0.00,0.00,0.00,0.00
11:44:37,15,89.00,0.00,8.00,0.00,0.00,3.00,0.00,0.00,0.00,0.00
11:44:38,4,89.11,0.00,7.92,0.00,0.00,2.97,0.00,0.00,0.00,0.00
11:44:38,5,89.00,0.00,8.00,0.00,0.00,2.00,0.00,0.00,0.00,1.00
11:44:38,6,89.00,0.00,8.00,0.00,0.00,3.00,0.00,0.00,0.00,0.00
11:44:38,7,89.00,0.00,9.00,0.00,0.00,2.00,0.00,0.00,0.00,0.00
11:44:38,12,90.00,0.00,8.00,0.00,0.00,2.00,0.00,0.00,0.00,0.00
11:44:38,13,89.11,0.00,7.92,0.00,0.00,2.97,0.00,0.00,0.00,0.00
11:44:38,14,88.12,0.00,8.91,0.00,0.00,2.97,0.00,0.00,0.00,0.00
11:44:38,15,86.14,0.00,10.89,0.00,0.00,2.97,0.00,0.00,0.00,0.00
11:44:39,4,89.90,0.00,9.09,0.00,0.00,1.01,0.00,0.00,0.00,0.00
11:44:39,5,89.11,0.00,8.91,0.00,0.00,1.98,0.00,0.00,0.00,0.00
11:44:39,6,91.00,0.00,7.00,0.00,0.00,2.00,0.00,0.00,0.00,0.00
11:44:39,7,89.11,0.00,7.92,0.00,0.00,2.97,0.00,0.00,0.00,0.00
11:44:39,12,88.89,0.00,8.08,0.00,0.00,3.03,0.00,0.00,0.00,0.00
11:44:39,13,89.90,0.00,7.07,0.00,0.00,3.03,0.00,0.00,0.00,0.00
11:44:39,14,89.00,0.00,8.00,0.00,0.00,3.00,0.00,0.00,0.00,0.00
11:44:39,15,88.00,0.00,10.00,0.00,0.00,2.00,0.00,0.00,0.00,0.00
11:44:40,4,87.13,0.00,9.90,0.00,0.00,2.97,0.00,0.00,0.00,0.00
11:44:40,5,89.90,0.00,8.08,0.00,0.00,2.02,0.00,0.00,0.00,0.00
11:44:40,6,87.00,0.00,10.00,0.00,0.00,3.00,0.00,0.00,0.00,0.00
11:44:40,7,92.93,0.00,5.05,0.00,0.00,2.02,0.00,0.00,0.00,0.00
11:44:40,12,88.12,0.00,8.91,0.00,0.00,2.97,0.00,0.00,0.00,0.00
11:44:40,13,88.89,0.00,9.09,0.00,0.00,2.02,0.00,0.00,0.00,0.00
11:44:40,14,88.00,0.00,9.00,0.00,0.00,3.00,0.00,0.00,0.00,0.00
11:44:40,15,88.89,0.00,8.08,0.00,0.00,3.03,0.00,0.00,0.00,0.00
11:44:41,4,89.80,0.00,8.16,0.00,0.00,2.04,0.00,0.00,0.00,0.00
11:44:41,5,90.00,0.00,7.00,0.00,0.00,3.00,0.00,0.00,0.00,0.00
11:44:41,6,89.00,0.00,7.00,0.00,0.00,4.00,0.00,0.00,0.00,0.00
11:44:41,7,89.11,0.00,7.92,0.00,0.00,2.97,0.00,0.00,0.00,0.00
11:44:41,12,90.91,0.00,7.07,0.00,0.00,2.02,0.00,0.00,0.00,0.00
11:44:41,13,91.09,0.00,6.93,0.00,0.00,1.98,0.00,0.00,0.00,0.00
11:44:41,14,89.90,0.00,8.08,0.00,0.00,2.02,0.00,0.00,0.00,0.00
11:44:41,15,89.00,0.00,9.00,0.00,0.00,2.00,0.00,0.00,0.00,0.00
11:44:42,4,88.00,0.00,9.00,0.00,0.00,3.00,0.00,0.00,0.00,0.00
11:44:42,5,89.00,0.00,9.00,0.00,0.00,2.00,0.00,0.00,0.00,0.00
11:44:42,6,88.89,0.00,9.09,0.00,0.00,2.02,0.00,0.00,0.00,0.00
11:44:42,7,89.90,0.00,7.07,0.00,0.00,3.03,0.00,0.00,0.00,0.00
11:44:42,12,89.00,0.00,9.00,0.00,0.00,2.00,0.00,0.00,0.00,0.00
11:44:42,13,89.90,0.00,7.07,0.00,0.00,3.03,0.00,0.00,0.00,0.00
11:44:42,14,90.10,0.00,6.93,0.00,0.00,2.97,0.00,0.00,0.00,0.00
11:44:42,15,88.00,0.00,8.00,0.00,0.00,4.00,0.00,0.00,0.00,0.00
11:44:43,4,89.00,0.00,8.00,0.00,0.00,3.00,0.00,0.00,0.00,0.00
11:44:43,5,89.00,0.00,8.00,0.00,0.00,3.00,0.00,0.00,0.00,0.00
11:44:43,6,88.00,0.00,9.00,0.00,0.00,3.00,0.00,0.00,0.00,0.00
11:44:43,7,89.00,0.00,8.00,0.00,0.00,3.00,0.00,0.00,0.00,0.00
11:44:43,12,89.90,0.00,8.08,0.00,0.00,2.02,0.00,0.00,0.00,0.00
11:44:43,13,90.00,0.00,8.00,0.00,0.00,2.00,0.00,0.00,0.00,0.00
11:44:43,14,88.89,0.00,9.09,0.00,0.00,2.02,0.00,0.00,0.00,0.00
11:44:43,15,88.00,0.00,9.00,0.00,0.00,3.00,0.00,0.00,0.00,0.00
11:44:44,4,86.14,0.00,7.92,0.00,0.00,2.97,0.00,0.00,0.00,2.97
11:44:44,5,86.87,0.00,9.09,0.00,0.00,2.02,0.00,0.00,0.00,2.02
11:44:44,6,86.00,0.00,8.00,0.00,0.00,3.00,0.00,0.00,0.00,3.00
11:44:44,7,86.14,0.00,7.92,0.00,0.00,2.97,0.00,0.00,0.00,2.97
11:44:44,12,84.31,0.00,8.82,0.00,0.00,3.92,0.00,0.00,0.00,2.94
11:44:44,13,85.29,0.00,7.84,0.00,0.00,3.92,0.00,0.00,0.00,2.94
11:44:44,14,87.88,0.00,7.07,0.00,0.00,3.03,0.00,0.00,0.00,2.02
11:44:44,15,88.00,0.00,7.00,0.00,0.00,3.00,0.00,0.00,0.00,2.00
11:44:45,4,87.13,0.00,9.90,0.00,0.00,2.97,0.00,0.00,0.00,0.00
11:44:45,5,90.00,0.00,8.00,0.00,0.00,2.00,0.00,0.00,0.00,0.00
11:44:45,6,90.10,0.00,7.92,0.00,0.00,1.98,0.00,0.00,0.00,0.00
11:44:45,7,89.00,0.00,9.00,0.00,0.00,2.00,0.00,0.00,0.00,0.00
11:44:45,12,89.00,0.00,8.00,0.00,0.00,3.00,0.00,0.00,0.00,0.00
11:44:45,13,90.00,0.00,7.00,0.00,0.00,3.00,0.00,0.00,0.00,0.00
11:44:45,14,90.10,0.00,5.94,0.00,0.00,2.97,0.00,0.00,0.00,0.99
11:44:45,15,89.00,0.00,8.00,0.00,0.00,3.00,0.00,0.00,0.00,0.00
11:44:46,4,88.89,0.00,7.07,0.00,0.00,4.04,0.00,0.00,0.00,0.00
11:44:46,5,89.00,0.00,8.00,0.00,0.00,3.00,0.00,0.00,0.00,0.00
11:44:46,6,89.90,0.00,8.08,0.00,0.00,2.02,0.00,0.00,0.00,0.00
11:44:46,7,89.00,0.00,8.00,0.00,0.00,3.00,0.00,0.00,0.00,0.00
11:44:46,12,88.89,0.00,9.09,0.00,0.00,2.02,0.00,0.00,0.00,0.00
11:44:46,13,90.91,0.00,6.06,0.00,0.00,3.03,0.00,0.00,0.00,0.00
11:44:46,14,90.00,0.00,8.00,0.00,0.00,2.00,0.00,0.00,0.00,0.00
11:44:46,15,89.11,0.00,7.92,0.00,0.00,1.98,0.00,0.00,0.00,0.99
11:44:47,4,89.11,0.00,6.93,0.00,0.00,3.96,0.00,0.00,0.00,0.00
11:44:47,5,89.00,0.00,7.00,0.00,0.00,4.00,0.00,0.00,0.00,0.00
11:44:47,6,88.12,0.00,8.91,0.00,0.00,2.97,0.00,0.00,0.00,0.00
11:44:47,7,89.00,0.00,9.00,0.00,0.00,2.00,0.00,0.00,0.00,0.00
11:44:47,12,88.12,0.00,8.91,0.00,0.00,2.97,0.00,0.00,0.00,0.00
11:44:47,13,89.90,0.00,7.07,0.00,0.00,3.03,0.00,0.00,0.00,0.00
11:44:47,14,90.00,0.00,7.00,0.00,0.00,3.00,0.00,0.00,0.00,0.00
11:44:47,15,88.89,0.00,8.08,0.00,0.00,3.03,0.00,0.00,0.00,0.00
11:44:48,4,90.82,0.00,8.16,0.00,0.00,1.02,0.00,0.00,0.00,0.00
11:44:48,5,90.00,0.00,8.00,0.00,0.00,2.00,0.00,0.00,0.00,0.00
11:44:48,6,86.87,0.00,9.09,0.00,0.00,4.04,0.00,0.00,0.00,0.00
11:44:48,7,86.87,0.00,9.09,0.00,0.00,4.04,0.00,0.00,0.00,0.00
11:44:48,12,88.89,0.00,9.09,0.00,0.00,2.02,0.00,0.00,0.00,0.00
11:44:48,13,89.11,0.00,7.92,0.00,0.00,2.97,0.00,0.00,0.00,0.00
11:44:48,14,89.90,0.00,8.08,0.00,0.00,2.02,0.00,0.00,0.00,0.00
11:44:48,15,88.12,0.00,9.90,0.00,0.00,1.98,0.00,0.00,0.00,0.00
11:44:49,4,87.13,0.00,6.93,0.00,0.00,2.97,0.00,0.00,0.00,2.97
11:44:49,5,87.00,0.00,8.00,0.00,0.00,2.00,0.00,0.00,0.00,3.00
11:44:49,6,86.14,0.00,7.92,0.00,0.00,2.97,0.00,0.00,0.00,2.97
11:44:49,7,88.00,0.00,8.00,0.00,0.00,2.00,0.00,0.00,0.00,2.00
11:44:49,12,86.00,0.00,9.00,0.00,0.00,3.00,0.00,0.00,0.00,2.00
11:44:49,13,87.00,0.00,8.00,0.00,0.00,3.00,0.00,0.00,0.00,2.00
11:44:49,14,87.00,0.00,9.00,0.00,0.00,2.00,0.00,0.00,0.00,2.00
11:44:49,15,89.80,0.00,6.12,0.00,0.00,2.04,0.00,0.00,0.00,2.04
11:44:50,4,89.90,0.00,7.07,0.00,0.00,3.03,0.00,0.00,0.00,0.00
11:44:50,5,88.00,0.00,9.00,0.00,0.00,3.00,0.00,0.00,0.00,0.00
11:44:50,6,89.90,0.00,8.08,0.00,0.00,2.02,0.00,0.00,0.00,0.00
11:44:50,7,89.00,0.00,9.00,0.00,0.00,2.00,0.00,0.00,0.00,0.00
11:44:50,12,90.91,0.00,7.07,0.00,0.00,2.02,0.00,0.00,0.00,0.00
11:44:50,13,87.00,0.00,10.00,0.00,0.00,3.00,0.00,0.00,0.00,0.00
11:44:50,14,90.00,0.00,7.00,0.00,0.00,3.00,0.00,0.00,0.00,0.00
11:44:50,15,85.15,0.00,10.89,0.00,0.00,3.96,0.00,0.00,0.00,0.00
11:44:51,4,88.12,0.00,8.91,0.00,0.00,2.97,0.00,0.00,0.00,0.00
11:44:51,5,90.00,0.00,8.00,0.00,0.00,2.00,0.00,0.00,0.00,0.00
11:44:51,6,87.13,0.00,8.91,0.00,0.00,3.96,0.00,0.00,0.00,0.00
11:44:51,7,87.13,0.00,8.91,0.00,0.00,3.96,0.00,0.00,0.00,0.00
11:44:51,12,87.00,0.00,10.00,0.00,0.00,3.00,0.00,0.00,0.00,0.00
11:44:51,13,91.00,0.00,7.00,0.00,0.00,2.00,0.00,0.00,0.00,0.00
11:44:51,14,87.13,0.00,9.90,0.00,0.00,2.97,0.00,0.00,0.00,0.00
11:44:51,15,88.89,0.00,9.09,0.00,0.00,2.02,0.00,0.00,0.00,0.00
11:44:52,4,89.00,0.00,9.00,0.00,0.00,2.00,0.00,0.00,0.00,0.00
11:44:52,5,89.00,0.00,8.00,0.00,0.00,3.00,0.00,0.00,0.00,0.00
11:44:52,6,88.00,0.00,9.00,0.00,0.00,3.00,0.00,0.00,0.00,0.00
11:44:52,7,89.00,0.00,8.00,0.00,0.00,2.00,0.00,0.00,0.00,1.00
11:44:52,12,88.24,0.00,8.82,0.00,0.00,1.96,0.00,0.00,0.00,0.98
11:44:52,13,90.00,0.00,7.00,0.00,0.00,3.00,0.00,0.00,0.00,0.00
11:44:52,14,88.12,0.00,7.92,0.00,0.00,2.97,0.00,0.00,0.00,0.99
11:44:52,15,90.00,0.00,7.00,0.00,0.00,3.00,0.00,0.00,0.00,0.00
11:44:53,4,88.89,0.00,9.09,0.00,0.00,2.02,0.00,0.00,0.00,0.00
11:44:53,5,89.00,0.00,8.00,0.00,0.00,3.00,0.00,0.00,0.00,0.00
11:44:53,6,89.00,0.00,9.00,0.00,0.00,2.00,0.00,0.00,0.00,0.00
11:44:53,7,90.00,0.00,8.00,0.00,0.00,2.00,0.00,0.00,0.00,0.00
11:44:53,12,87.88,0.00,9.09,0.00,0.00,3.03,0.00,0.00,0.00,0.00
11:44:53,13,88.89,0.00,9.09,0.00,0.00,2.02,0.00,0.00,0.00,0.00
11:44:53,14,89.90,0.00,8.08,0.00,0.00,2.02,0.00,0.00,0.00,0.00
11:44:53,15,87.00,0.00,10.00,0.00,0.00,3.00,0.00,0.00,0.00,0.00
11:44:54,4,87.00,0.00,8.00,0.00,0.00,3.00,0.00,0.00,0.00,2.00
11:44:54,5,89.00,0.00,7.00,0.00,0.00,2.00,0.00,0.00,0.00,2.00
11:44:54,6,87.88,0.00,7.07,0.00,0.00,3.03,0.00,0.00,0.00,2.02
11:44:54,7,87.88,0.00,7.07,0.00,0.00,3.03,0.00,0.00,0.00,2.02
11:44:54,12,86.14,0.00,8.91,0.00,0.00,2.97,0.00,0.00,0.00,1.98
11:44:54,13,86.27,0.00,7.84,0.00,0.00,2.94,0.00,0.00,0.00,2.94
11:44:54,14,86.87,0.00,8.08,0.00,0.00,3.03,0.00,0.00,0.00,2.02
11:44:54,15,84.31,0.00,9.80,0.00,0.00,2.94,0.00,0.00,0.00,2.94
11:44:55,4,91.00,0.00,7.00,0.00,0.00,2.00,0.00,0.00,0.00,0.00
11:44:55,5,88.00,0.00,9.00,0.00,0.00,3.00,0.00,0.00,0.00,0.00
11:44:55,6,89.00,0.00,8.00,0.00,0.00,3.00,0.00,0.00,0.00,0.00
11:44:55,7,90.00,0.00,7.00,0.00,0.00,3.00,0.00,0.00,0.00,0.00
11:44:55,12,90.91,0.00,7.07,0.00,0.00,2.02,0.00,0.00,0.00,0.00
11:44:55,13,90.91,0.00,7.07,0.00,0.00,2.02,0.00,0.00,0.00,0.00
11:44:55,14,88.12,0.00,7.92,0.00,0.00,3.96,0.00,0.00,0.00,0.00
11:44:55,15,90.00,0.00,8.00,0.00,0.00,2.00,0.00,0.00,0.00,0.00
11:44:56,4,90.00,0.00,7.00,0.00,0.00,3.00,0.00,0.00,0.00,0.00
11:44:56,5,88.12,0.00,8.91,0.00,0.00,1.98,0.00,0.00,0.00,0.99
11:44:56,6,90.00,0.00,8.00,0.00,0.00,2.00,0.00,0.00,0.00,0.00
11:44:56,7,91.00,0.00,7.00,0.00,0.00,2.00,0.00,0.00,0.00,0.00
11:44:56,12,88.12,0.00,7.92,0.00,0.00,3.96,0.00,0.00,0.00,0.00
11:44:56,13,88.00,0.00,9.00,0.00,0.00,3.00,0.00,0.00,0.00,0.00
11:44:56,14,88.89,0.00,9.09,0.00,0.00,2.02,0.00,0.00,0.00,0.00
11:44:56,15,88.00,0.00,9.00,0.00,0.00,3.00,0.00,0.00,0.00,0.00
11:44:57,4,90.10,0.00,7.92,0.00,0.00,1.98,0.00,0.00,0.00,0.00
11:44:57,5,88.12,0.00,7.92,0.00,0.00,3.96,0.00,0.00,0.00,0.00
11:44:57,6,89.11,0.00,6.93,0.00,0.00,2.97,0.00,0.00,0.00,0.99
11:44:57,7,91.00,0.00,6.00,0.00,0.00,3.00,0.00,0.00,0.00,0.00
11:44:57,12,89.90,0.00,8.08,0.00,0.00,2.02,0.00,0.00,0.00,0.00
11:44:57,13,88.12,0.00,7.92,0.00,0.00,3.96,0.00,0.00,0.00,0.00
11:44:57,14,90.00,0.00,7.00,0.00,0.00,3.00,0.00,0.00,0.00,0.00
11:44:57,15,89.90,0.00,8.08,0.00,0.00,2.02,0.00,0.00,0.00,0.00
11:44:58,4,86.87,0.00,10.10,0.00,0.00,3.03,0.00,0.00,0.00,0.00
11:44:58,5,90.82,0.00,7.14,0.00,0.00,2.04,0.00,0.00,0.00,0.00
11:44:58,6,88.00,0.00,9.00,0.00,0.00,3.00,0.00,0.00,0.00,0.00
11:44:58,7,88.00,0.00,9.00,0.00,0.00,3.00,0.00,0.00,0.00,0.00
11:44:58,12,89.00,0.00,8.00,0.00,0.00,3.00,0.00,0.00,0.00,0.00
11:44:58,13,88.89,0.00,8.08,0.00,0.00,3.03,0.00,0.00,0.00,0.00
11:44:58,14,90.00,0.00,7.00,0.00,0.00,3.00,0.00,0.00,0.00,0.00
11:44:58,15,88.89,0.00,9.09,0.00,0.00,2.02,0.00,0.00,0.00,0.00
11:44:59,4,87.00,0.00,9.00,0.00,0.00,3.00,0.00,0.00,0.00,1.00
11:44:59,5,88.00,0.00,8.00,0.00,0.00,4.00,0.00,0.00,0.00,0.00
11:44:59,6,88.89,0.00,8.08,0.00,0.00,3.03,0.00,0.00,0.00,0.00
11:44:59,7,85.00,0.00,10.00,0.00,0.00,4.00,0.00,0.00,0.00,1.00
11:44:59,12,89.90,0.00,8.08,0.00,0.00,2.02,0.00,0.00,0.00,0.00
11:44:59,13,87.00,0.00,9.00,0.00,0.00,3.00,0.00,0.00,0.00,1.00
11:44:59,14,87.13,0.00,7.92,0.00,0.00,3.96,0.00,0.00,0.00,0.99
11:44:59,15,88.00,0.00,9.00,0.00,0.00,3.00,0.00,0.00,0.00,0.00
11:45:00,4,88.00,0.00,9.00,0.00,0.00,3.00,0.00,0.00,0.00,0.00
11:45:00,5,88.12,0.00,8.91,0.00,0.00,1.98,0.00,0.00,0.00,0.99
11:45:00,6,90.00,0.00,7.00,0.00,0.00,3.00,0.00,0.00,0.00,0.00
11:45:00,7,88.00,0.00,10.00,0.00,0.00,2.00,0.00,0.00,0.00,0.00
11:45:00,12,90.10,0.00,6.93,0.00,0.00,2.97,0.00,0.00,0.00,0.00
11:45:00,13,88.00,0.00,9.00,0.00,0.00,3.00,0.00,0.00,0.00,0.00
11:45:00,14,89.80,0.00,8.16,0.00,0.00,2.04,0.00,0.00,0.00,0.00
11:45:00,15,89.00,0.00,8.00,0.00,0.00,3.00,0.00,0.00,0.00,0.00
11:45:01,4,88.12,0.00,8.91,0.00,0.00,2.97,0.00,0.00,0.00,0.00
11:45:01,5,91.00,0.00,6.00,0.00,0.00,3.00,0.00,0.00,0.00,0.00
11:45:01,6,87.13,0.00,6.93,0.00,0.00,4.95,0.00,0.00,0.00,0.99
11:45:01,7,90.00,0.00,8.00,0.00,0.00,2.00,0.00,0.00,0.00,0.00
11:45:01,12,91.00,0.00,6.00,0.00,0.00,2.00,0.00,0.00,0.00,1.00
11:45:01,13,90.00,0.00,7.00,0.00,0.00,3.00,0.00,0.00,0.00,0.00
11:45:01,14,88.12,0.00,8.91,0.00,0.00,2.97,0.00,0.00,0.00,0.00
11:45:01,15,89.11,0.00,7.92,0.00,0.00,1.98,0.00,0.00,0.00,0.99
11:45:02,4,88.78,0.00,8.16,0.00,0.00,3.06,0.00,0.00,0.00,0.00
11:45:02,5,89.90,0.00,7.07,0.00,0.00,3.03,0.00,0.00,0.00,0.00
11:45:02,6,89.00,0.00,9.00,0.00,0.00,2.00,0.00,0.00,0.00,0.00
11:45:02,7,88.00,0.00,9.00,0.00,0.00,3.00,0.00,0.00,0.00,0.00
11:45:02,12,89.11,0.00,7.92,0.00,0.00,2.97,0.00,0.00,0.00,0.00
11:45:02,13,88.12,0.00,8.91,0.00,0.00,2.97,0.00,0.00,0.00,0.00
11:45:02,14,88.00,0.00,8.00,0.00,0.00,4.00,0.00,0.00,0.00,0.00
11:45:02,15,90.00,0.00,6.00,0.00,0.00,4.00,0.00,0.00,0.00,0.00
11:45:03,4,87.25,0.00,8.82,0.00,0.00,2.94,0.00,0.00,0.00,0.98
11:45:03,5,87.13,0.00,8.91,0.00,0.00,3.96,0.00,0.00,0.00,0.00
11:45:03,6,88.00,0.00,10.00,0.00,0.00,2.00,0.00,0.00,0.00,0.00
11:45:03,7,91.00,0.00,7.00,0.00,0.00,2.00,0.00,0.00,0.00,0.00
11:45:03,12,88.89,0.00,8.08,0.00,0.00,3.03,0.00,0.00,0.00,0.00
11:45:03,13,88.89,0.00,8.08,0.00,0.00,3.03,0.00,0.00,0.00,0.00
11:45:03,14,90.00,0.00,7.00,0.00,0.00,2.00,0.00,0.00,0.00,1.00
11:45:03,15,88.00,0.00,10.00,0.00,0.00,2.00,0.00,0.00,0.00,0.00
11:45:04,4,89.90,0.00,8.08,0.00,0.00,2.02,0.00,0.00,0.00,0.00
11:45:04,5,88.89,0.00,8.08,0.00,0.00,3.03,0.00,0.00,0.00,0.00
11:45:04,6,88.89,0.00,8.08,0.00,0.00,3.03,0.00,0.00,0.00,0.00
11:45:04,7,88.12,0.00,7.92,0.00,0.00,2.97,0.00,0.00,0.00,0.99
11:45:04,12,91.00,0.00,7.00,0.00,0.00,2.00,0.00,0.00,0.00,0.00
11:45:04,13,89.00,0.00,9.00,0.00,0.00,2.00,0.00,0.00,0.00,0.00
11:45:04,14,91.00,0.00,7.00,0.00,0.00,2.00,0.00,0.00,0.00,0.00
11:45:04,15,89.00,0.00,9.00,0.00,0.00,2.00,0.00,0.00,0.00,0.00
11:45:05,4,89.11,0.00,7.92,0.00,0.00,2.97,0.00,0.00,0.00,0.00
11:45:05,5,88.00,0.00,9.00,0.00,0.00,3.00,0.00,0.00,0.00,0.00
11:45:05,6,90.00,0.00,7.00,0.00,0.00,3.00,0.00,0.00,0.00,0.00
11:45:05,7,89.00,0.00,8.00,0.00,0.00,3.00,0.00,0.00,0.00,0.00
11:45:05,12,89.11,0.00,7.92,0.00,0.00,2.97,0.00,0.00,0.00,0.00
11:45:05,13,89.11,0.00,7.92,0.00,0.00,2.97,0.00,0.00,0.00,0.00
11:45:05,14,88.00,0.00,10.00,0.00,0.00,2.00,0.00,0.00,0.00,0.00
11:45:05,15,89.00,0.00,8.00,0.00,0.00,3.00,0.00,0.00,0.00,0.00
11:45:06,4,90.00,0.00,7.00,0.00,0.00,3.00,0.00,0.00,0.00,0.00
11:45:06,5,90.00,0.00,8.00,0.00,0.00,2.00,0.00,0.00,0.00,0.00
11:45:06,6,90.00,0.00,8.00,0.00,0.00,2.00,0.00,0.00,0.00,0.00
11:45:06,7,90.00,0.00,8.00,0.00,0.00,2.00,0.00,0.00,0.00,0.00
11:45:06,12,90.91,0.00,6.06,0.00,0.00,3.03,0.00,0.00,0.00,0.00
11:45:06,13,89.90,0.00,8.08,0.00,0.00,2.02,0.00,0.00,0.00,0.00
11:45:06,14,89.00,0.00,7.00,0.00,0.00,4.00,0.00,0.00,0.00,0.00
11:45:06,15,90.91,0.00,7.07,0.00,0.00,2.02,0.00,0.00,0.00,0.00
11:45:07,4,88.89,0.00,9.09,0.00,0.00,2.02,0.00,0.00,0.00,0.00
11:45:07,5,88.00,0.00,9.00,0.00,0.00,3.00,0.00,0.00,0.00,0.00
11:45:07,6,89.00,0.00,8.00,0.00,0.00,3.00,0.00,0.00,0.00,0.00
11:45:07,7,88.89,0.00,8.08,0.00,0.00,3.03,0.00,0.00,0.00,0.00
11:45:07,12,90.00,0.00,8.00,0.00,0.00,2.00,0.00,0.00,0.00,0.00
11:45:07,13,89.00,0.00,7.00,0.00,0.00,3.00,0.00,0.00,0.00,1.00
11:45:07,14,88.89,0.00,9.09,0.00,0.00,2.02,0.00,0.00,0.00,0.00
11:45:07,15,90.00,0.00,7.00,0.00,0.00,3.00,0.00,0.00,0.00,0.00
11:45:08,4,91.92,0.00,6.06,0.00,0.00,2.02,0.00,0.00,0.00,0.00
11:45:08,5,89.11,0.00,6.93,0.00,0.00,2.97,0.00,0.00,0.00,0.99
11:45:08,6,87.00,0.00,9.00,0.00,0.00,3.00,0.00,0.00,0.00,1.00
11:45:08,7,89.90,0.00,8.08,0.00,0.00,2.02,0.00,0.00,0.00,0.00
11:45:08,12,90.00,0.00,7.00,0.00,0.00,2.00,0.00,0.00,0.00,1.00
11:45:08,13,89.00,0.00,9.00,0.00,0.00,2.00,0.00,0.00,0.00,0.00
11:45:08,14,89.11,0.00,7.92,0.00,0.00,1.98,0.00,0.00,0.00,0.99
11:45:08,15,90.00,0.00,7.00,0.00,0.00,3.00,0.00,0.00,0.00,0.00
11:45:09,4,88.12,0.00,8.91,0.00,0.00,2.97,0.00,0.00,0.00,0.00
11:45:09,5,89.90,0.00,8.08,0.00,0.00,2.02,0.00,0.00,0.00,0.00
11:45:09,6,89.00,0.00,8.00,0.00,0.00,3.00,0.00,0.00,0.00,0.00
11:45:09,7,86.14,0.00,9.90,0.00,0.00,3.96,0.00,0.00,0.00,0.00
11:45:09,12,89.00,0.00,8.00,0.00,0.00,3.00,0.00,0.00,0.00,0.00
11:45:09,13,89.11,0.00,6.93,0.00,0.00,3.96,0.00,0.00,0.00,0.00
11:45:09,14,89.00,0.00,8.00,0.00,0.00,3.00,0.00,0.00,0.00,0.00
11:45:09,15,88.00,0.00,10.00,0.00,0.00,2.00,0.00,0.00,0.00,0.00
11:45:10,4,88.00,0.00,8.00,0.00,0.00,4.00,0.00,0.00,0.00,0.00
11:45:10,5,90.00,0.00,7.00,0.00,0.00,3.00,0.00,0.00,0.00,0.00
11:45:10,6,90.10,0.00,7.92,0.00,0.00,1.98,0.00,0.00,0.00,0.00
11:45:10,7,90.91,0.00,6.06,0.00,0.00,3.03,0.00,0.00,0.00,0.00
11:45:10,12,90.10,0.00,6.93,0.00,0.00,2.97,0.00,0.00,0.00,0.00
11:45:10,13,87.88,0.00,8.08,0.00,0.00,4.04,0.00,0.00,0.00,0.00
11:45:10,14,88.00,0.00,9.00,0.00,0.00,3.00,0.00,0.00,0.00,0.00
11:45:10,15,88.12,0.00,7.92,0.00,0.00,2.97,0.00,0.00,0.00,0.99
11:45:11,4,89.90,0.00,8.08,0.00,0.00,2.02,0.00,0.00,0.00,0.00
11:45:11,5,87.00,0.00,11.00,0.00,0.00,2.00,0.00,0.00,0.00,0.00
11:45:11,6,88.00,0.00,9.00,0.00,0.00,3.00,0.00,0.00,0.00,0.00
11:45:11,7,88.12,0.00,9.90,0.00,0.00,1.98,0.00,0.00,0.00,0.00
11:45:11,12,89.90,0.00,7.07,0.00,0.00,3.03,0.00,0.00,0.00,0.00
11:45:11,13,86.14,0.00,10.89,0.00,0.00,2.97,0.00,0.00,0.00,0.00
11:45:11,14,89.11,0.00,7.92,0.00,0.00,2.97,0.00,0.00,0.00,0.00
11:45:11,15,85.00,0.00,12.00,0.00,0.00,3.00,0.00,0.00,0.00,0.00
11:45:12,4,89.00,0.00,9.00,0.00,0.00,2.00,0.00,0.00,0.00,0.00
11:45:12,5,89.00,0.00,8.00,0.00,0.00,3.00,0.00,0.00,0.00,0.00
11:45:12,6,88.00,0.00,9.00,0.00,0.00,3.00,0.00,0.00,0.00,0.00
11:45:12,7,88.12,0.00,6.93,0.00,0.00,3.96,0.00,0.00,0.00,0.99
11:45:12,12,88.00,0.00,9.00,0.00,0.00,3.00,0.00,0.00,0.00,0.00
11:45:12,13,87.88,0.00,9.09,0.00,0.00,3.03,0.00,0.00,0.00,0.00
11:45:12,14,88.00,0.00,9.00,0.00,0.00,3.00,0.00,0.00,0.00,0.00
11:45:12,15,90.91,0.00,7.07,0.00,0.00,2.02,0.00,0.00,0.00,0.00
11:45:13,4,88.12,0.00,8.91,0.00,0.00,2.97,0.00,0.00,0.00,0.00
11:45:13,5,87.88,0.00,9.09,0.00,0.00,3.03,0.00,0.00,0.00,0.00
11:45:13,6,88.89,0.00,9.09,0.00,0.00,2.02,0.00,0.00,0.00,0.00
11:45:13,7,88.00,0.00,10.00,0.00,0.00,2.00,0.00,0.00,0.00,0.00
11:45:13,12,88.00,0.00,10.00,0.00,0.00,2.00,0.00,0.00,0.00,0.00
11:45:13,13,90.00,0.00,8.00,0.00,0.00,2.00,0.00,0.00,0.00,0.00
11:45:13,14,89.90,0.00,7.07,0.00,0.00,3.03,0.00,0.00,0.00,0.00
11:45:13,15,88.00,0.00,8.00,0.00,0.00,4.00,0.00,0.00,0.00,0.00
11:45:14,4,86.14,0.00,7.92,0.00,0.00,2.97,0.00,0.00,0.00,2.97
11:45:14,5,86.14,0.00,7.92,0.00,0.00,2.97,0.00,0.00,0.00,2.97
11:45:14,6,87.00,0.00,7.00,0.00,0.00,4.00,0.00,0.00,0.00,2.00
11:45:14,7,87.88,0.00,8.08,0.00,0.00,2.02,0.00,0.00,0.00,2.02
11:45:14,12,87.00,0.00,9.00,0.00,0.00,2.00,0.00,0.00,0.00,2.00
11:45:14,13,87.00,0.00,8.00,0.00,0.00,2.00,0.00,0.00,0.00,3.00
11:45:14,14,88.00,0.00,8.00,0.00,0.00,2.00,0.00,0.00,0.00,2.00
11:45:14,15,88.00,0.00,7.00,0.00,0.00,3.00,0.00,0.00,0.00,2.00
11:45:15,4,88.89,0.00,8.08,0.00,0.00,3.03,0.00,0.00,0.00,0.00
11:45:15,5,91.00,0.00,7.00,0.00,0.00,2.00,0.00,0.00,0.00,0.00
11:45:15,6,88.00,0.00,10.00,0.00,0.00,2.00,0.00,0.00,0.00,0.00
11:45:15,7,90.00,0.00,7.00,0.00,0.00,3.00,0.00,0.00,0.00,0.00
11:45:15,12,87.00,0.00,9.00,0.00,0.00,3.00,0.00,0.00,0.00,1.00
11:45:15,13,87.88,0.00,9.09,0.00,0.00,3.03,0.00,0.00,0.00,0.00
11:45:15,14,90.91,0.00,6.06,0.00,0.00,2.02,0.00,0.00,0.00,1.01
11:45:15,15,88.12,0.00,7.92,0.00,0.00,2.97,0.00,0.00,0.00,0.99
11:45:16,4,88.00,0.00,8.00,0.00,0.00,4.00,0.00,0.00,0.00,0.00
11:45:16,5,91.00,0.00,7.00,0.00,0.00,2.00,0.00,0.00,0.00,0.00
11:45:16,6,89.00,0.00,7.00,0.00,0.00,4.00,0.00,0.00,0.00,0.00
11:45:16,7,89.11,0.00,6.93,0.00,0.00,2.97,0.00,0.00,0.00,0.99
11:45:16,12,89.90,0.00,7.07,0.00,0.00,3.03,0.00,0.00,0.00,0.00
11:45:16,13,90.00,0.00,8.00,0.00,0.00,2.00,0.00,0.00,0.00,0.00
11:45:16,14,89.00,0.00,8.00,0.00,0.00,3.00,0.00,0.00,0.00,0.00
11:45:16,15,89.00,0.00,8.00,0.00,0.00,3.00,0.00,0.00,0.00,0.00
11:45:17,4,88.00,0.00,9.00,0.00,0.00,3.00,0.00,0.00,0.00,0.00
11:45:17,5,88.89,0.00,8.08,0.00,0.00,3.03,0.00,0.00,0.00,0.00
11:45:17,6,89.90,0.00,8.08,0.00,0.00,2.02,0.00,0.00,0.00,0.00
11:45:17,7,88.00,0.00,9.00,0.00,0.00,3.00,0.00,0.00,0.00,0.00
11:45:17,12,88.12,0.00,9.90,0.00,0.00,1.98,0.00,0.00,0.00,0.00
11:45:17,13,89.00,0.00,8.00,0.00,0.00,3.00,0.00,0.00,0.00,0.00
11:45:17,14,89.11,0.00,7.92,0.00,0.00,2.97,0.00,0.00,0.00,0.00
11:45:17,15,90.00,0.00,7.00,0.00,0.00,3.00,0.00,0.00,0.00,0.00
11:45:18,4,88.12,0.00,8.91,0.00,0.00,2.97,0.00,0.00,0.00,0.00
11:45:18,5,89.00,0.00,9.00,0.00,0.00,2.00,0.00,0.00,0.00,0.00
11:45:18,6,87.25,0.00,7.84,0.00,0.00,3.92,0.00,0.00,0.00,0.98
11:45:18,7,90.00,0.00,7.00,0.00,0.00,3.00,0.00,0.00,0.00,0.00
11:45:18,12,87.00,0.00,9.00,0.00,0.00,4.00,0.00,0.00,0.00,0.00
11:45:18,13,89.00,0.00,8.00,0.00,0.00,3.00,0.00,0.00,0.00,0.00
11:45:18,14,88.00,0.00,9.00,0.00,0.00,3.00,0.00,0.00,0.00,0.00
11:45:18,15,89.90,0.00,7.07,0.00,0.00,3.03,0.00,0.00,0.00,0.00
11:45:19,4,88.89,0.00,8.08,0.00,0.00,2.02,0.00,0.00,0.00,1.01
11:45:19,5,88.12,0.00,7.92,0.00,0.00,2.97,0.00,0.00,0.00,0.99
11:45:19,6,90.91,0.00,6.06,0.00,0.00,3.03,0.00,0.00,0.00,0.00
11:45:19,7,89.90,0.00,8.08,0.00,0.00,2.02,0.00,0.00,0.00,0.00
11:45:19,12,87.00,0.00,9.00,0.00,0.00,4.00,0.00,0.00,0.00,0.00
11:45:19,13,87.13,0.00,8.91,0.00,0.00,2.97,0.00,0.00,0.00,0.99
11:45:19,14,87.88,0.00,9.09,0.00,0.00,3.03,0.00,0.00,0.00,0.00
11:45:19,15,87.13,0.00,9.90,0.00,0.00,2.97,0.00,0.00,0.00,0.00
11:45:20,4,88.12,0.00,8.91,0.00,0.00,2.97,0.00,0.00,0.00,0.00
11:45:20,5,89.00,0.00,9.00,0.00,0.00,2.00,0.00,0.00,0.00,0.00
11:45:20,6,91.00,0.00,6.00,0.00,0.00,3.00,0.00,0.00,0.00,0.00
11:45:20,7,89.00,0.00,8.00,0.00,0.00,3.00,0.00,0.00,0.00,0.00
11:45:20,12,88.89,0.00,8.08,0.00,0.00,3.03,0.00,0.00,0.00,0.00
11:45:20,13,89.90,0.00,7.07,0.00,0.00,3.03,0.00,0.00,0.00,0.00
11:45:20,14,90.00,0.00,8.00,0.00,0.00,2.00,0.00,0.00,0.00,0.00
11:45:20,15,88.00,0.00,8.00,0.00,0.00,3.00,0.00,0.00,0.00,1.00
11:45:21,4,89.00,0.00,9.00,0.00,0.00,2.00,0.00,0.00,0.00,0.00
11:45:21,5,87.88,0.00,9.09,0.00,0.00,3.03,0.00,0.00,0.00,0.00
11:45:21,6,90.00,0.00,8.00,0.00,0.00,2.00,0.00,0.00,0.00,0.00
11:45:21,7,91.92,0.00,7.07,0.00,0.00,1.01,0.00,0.00,0.00,0.00
11:45:21,12,89.11,0.00,7.92,0.00,0.00,2.97,0.00,0.00,0.00,0.00
11:45:21,13,88.12,0.00,8.91,0.00,0.00,2.97,0.00,0.00,0.00,0.00
11:45:21,14,87.25,0.00,8.82,0.00,0.00,2.94,0.00,0.00,0.00,0.98
11:45:21,15,89.90,0.00,8.08,0.00,0.00,2.02,0.00,0.00,0.00,0.00
11:45:22,4,89.90,0.00,7.07,0.00,0.00,3.03,0.00,0.00,0.00,0.00
11:45:22,5,88.12,0.00,8.91,0.00,0.00,2.97,0.00,0.00,0.00,0.00
11:45:22,6,90.00,0.00,8.00,0.00,0.00,2.00,0.00,0.00,0.00,0.00
11:45:22,7,89.11,0.00,7.92,0.00,0.00,2.97,0.00,0.00,0.00,0.00
11:45:22,12,88.12,0.00,8.91,0.00,0.00,1.98,0.00,0.00,0.00,0.99
11:45:22,13,89.90,0.00,7.07,0.00,0.00,3.03,0.00,0.00,0.00,0.00
11:45:22,14,89.90,0.00,8.08,0.00,0.00,2.02,0.00,0.00,0.00,0.00
11:45:22,15,89.00,0.00,9.00,0.00,0.00,2.00,0.00,0.00,0.00,0.00
11:45:23,4,87.00,0.00,10.00,0.00,0.00,3.00,0.00,0.00,0.00,0.00
11:45:23,5,87.00,0.00,10.00,0.00,0.00,3.00,0.00,0.00,0.00,0.00
11:45:23,6,89.11,0.00,7.92,0.00,0.00,1.98,0.00,0.00,0.00,0.99
11:45:23,7,89.11,0.00,6.93,0.00,0.00,2.97,0.00,0.00,0.00,0.99
11:45:23,12,89.00,0.00,8.00,0.00,0.00,3.00,0.00,0.00,0.00,0.00
11:45:23,13,89.00,0.00,8.00,0.00,0.00,3.00,0.00,0.00,0.00,0.00
11:45:23,14,89.00,0.00,8.00,0.00,0.00,3.00,0.00,0.00,0.00,0.00
11:45:23,15,88.00,0.00,9.00,0.00,0.00,3.00,0.00,0.00,0.00,0.00
11:45:24,4,87.13,0.00,8.91,0.00,0.00,2.97,0.00,0.00,0.00,0.99
11:45:24,5,87.88,0.00,9.09,0.00,0.00,2.02,0.00,0.00,0.00,1.01
11:45:24,6,87.88,0.00,9.09,0.00,0.00,3.03,0.00,0.00,0.00,0.00
11:45:24,7,87.88,0.00,9.09,0.00,0.00,3.03,0.00,0.00,0.00,0.00
11:45:24,12,88.89,0.00,8.08,0.00,0.00,2.02,0.00,0.00,0.00,1.01
11:45:24,13,88.00,0.00,8.00,0.00,0.00,3.00,0.00,0.00,0.00,1.00
11:45:24,14,88.12,0.00,8.91,0.00,0.00,1.98,0.00,0.00,0.00,0.99
11:45:24,15,86.14,0.00,9.90,0.00,0.00,2.97,0.00,0.00,0.00,0.99
11:45:25,4,89.90,0.00,7.07,0.00,0.00,3.03,0.00,0.00,0.00,0.00
11:45:25,5,90.00,0.00,8.00,0.00,0.00,2.00,0.00,0.00,0.00,0.00
11:45:25,6,88.89,0.00,8.08,0.00,0.00,3.03,0.00,0.00,0.00,0.00
11:45:25,7,89.00,0.00,7.00,0.00,0.00,3.00,0.00,0.00,0.00,1.00
11:45:25,12,91.00,0.00,6.00,0.00,0.00,3.00,0.00,0.00,0.00,0.00
11:45:25,13,88.00,0.00,9.00,0.00,0.00,3.00,0.00,0.00,0.00,0.00
11:45:25,14,89.90,0.00,8.08,0.00,0.00,2.02,0.00,0.00,0.00,0.00
11:45:25,15,89.90,0.00,8.08,0.00,0.00,2.02,0.00,0.00,0.00,0.00
11:45:26,4,89.00,0.00,8.00,0.00,0.00,3.00,0.00,0.00,0.00,0.00
11:45:26,5,89.11,0.00,7.92,0.00,0.00,2.97,0.00,0.00,0.00,0.00
11:45:26,6,88.00,0.00,9.00,0.00,0.00,3.00,0.00,0.00,0.00,0.00
11:45:26,7,90.00,0.00,8.00,0.00,0.00,2.00,0.00,0.00,0.00,0.00
11:45:26,12,91.00,0.00,7.00,0.00,0.00,2.00,0.00,0.00,0.00,0.00
11:45:26,13,90.00,0.00,7.00,0.00,0.00,3.00,0.00,0.00,0.00,0.00
11:45:26,14,90.00,0.00,7.00,0.00,0.00,3.00,0.00,0.00,0.00,0.00
11:45:26,15,88.00,0.00,9.00,0.00,0.00,3.00,0.00,0.00,0.00,0.00
11:45:27,4,90.00,0.00,8.00,0.00,0.00,2.00,0.00,0.00,0.00,0.00
11:45:27,5,88.00,0.00,10.00,0.00,0.00,2.00,0.00,0.00,0.00,0.00
11:45:27,6,89.11,0.00,7.92,0.00,0.00,2.97,0.00,0.00,0.00,0.00
11:45:27,7,88.12,0.00,8.91,0.00,0.00,2.97,0.00,0.00,0.00,0.00
11:45:27,12,90.00,0.00,7.00,0.00,0.00,3.00,0.00,0.00,0.00,0.00
11:45:27,13,89.11,0.00,7.92,0.00,0.00,2.97,0.00,0.00,0.00,0.00
11:45:27,14,89.00,0.00,8.00,0.00,0.00,3.00,0.00,0.00,0.00,0.00
11:45:27,15,89.00,0.00,8.00,0.00,0.00,3.00,0.00,0.00,0.00,0.00
11:45:28,4,89.90,0.00,8.08,0.00,0.00,2.02,0.00,0.00,0.00,0.00
11:45:28,5,87.88,0.00,9.09,0.00,0.00,3.03,0.00,0.00,0.00,0.00
11:45:28,6,91.09,0.00,5.94,0.00,0.00,1.98,0.00,0.00,0.00,0.99
11:45:28,7,88.00,0.00,9.00,0.00,0.00,3.00,0.00,0.00,0.00,0.00
11:45:28,12,90.00,0.00,7.00,0.00,0.00,3.00,0.00,0.00,0.00,0.00
11:45:28,13,88.89,0.00,8.08,0.00,0.00,3.03,0.00,0.00,0.00,0.00
11:45:28,14,89.00,0.00,8.00,0.00,0.00,3.00,0.00,0.00,0.00,0.00
11:45:28,15,90.00,0.00,7.00,0.00,0.00,3.00,0.00,0.00,0.00,0.00
11:45:29,4,89.00,0.00,9.00,0.00,0.00,2.00,0.00,0.00,0.00,0.00
11:45:29,5,88.12,0.00,8.91,0.00,0.00,2.97,0.00,0.00,0.00,0.00
11:45:29,6,90.91,0.00,7.07,0.00,0.00,2.02,0.00,0.00,0.00,0.00
11:45:29,7,88.89,0.00,8.08,0.00,0.00,3.03,0.00,0.00,0.00,0.00
11:45:29,12,91.00,0.00,7.00,0.00,0.00,2.00,0.00,0.00,0.00,0.00
11:45:29,13,87.00,0.00,10.00,0.00,0.00,3.00,0.00,0.00,0.00,0.00
11:45:29,14,89.00,0.00,9.00,0.00,0.00,2.00,0.00,0.00,0.00,0.00
11:45:29,15,91.00,0.00,7.00,0.00,0.00,2.00,0.00,0.00,0.00,0.00
11:45:30,4,87.13,0.00,9.90,0.00,0.00,2.97,0.00,0.00,0.00,0.00
11:45:30,5,87.88,0.00,9.09,0.00,0.00,3.03,0.00,0.00,0.00,0.00
11:45:30,6,89.00,0.00,8.00,0.00,0.00,3.00,0.00,0.00,0.00,0.00
11:45:30,7,90.00,0.00,8.00,0.00,0.00,2.00,0.00,0.00,0.00,0.00
11:45:30,12,90.00,0.00,8.00,0.00,0.00,2.00,0.00,0.00,0.00,0.00
11:45:30,13,87.00,0.00,10.00,0.00,0.00,3.00,0.00,0.00,0.00,0.00
11:45:30,14,91.00,0.00,6.00,0.00,0.00,3.00,0.00,0.00,0.00,0.00
11:45:30,15,89.00,0.00,9.00,0.00,0.00,2.00,0.00,0.00,0.00,0.00
11:45:31,4,91.00,0.00,5.00,0.00,0.00,4.00,0.00,0.00,0.00,0.00
11:45:31,5,88.00,0.00,8.00,0.00,0.00,4.00,0.00,0.00,0.00,0.00
11:45:31,6,90.00,0.00,8.00,0.00,0.00,2.00,0.00,0.00,0.00,0.00
11:45:31,7,88.00,0.00,10.00,0.00,0.00,2.00,0.00,0.00,0.00,0.00
11:45:31,12,88.89,0.00,8.08,0.00,0.00,3.03,0.00,0.00,0.00,0.00
11:45:31,13,88.00,0.00,9.00,0.00,0.00,3.00,0.00,0.00,0.00,0.00
11:45:31,14,89.00,0.00,8.00,0.00,0.00,3.00,0.00,0.00,0.00,0.00
11:45:31,15,89.00,0.00,9.00,0.00,0.00,2.00,0.00,0.00,0.00,0.00
11:45:32,4,88.89,0.00,9.09,0.00,0.00,2.02,0.00,0.00,0.00,0.00
11:45:32,5,89.00,0.00,9.00,0.00,0.00,2.00,0.00,0.00,0.00,0.00
11:45:32,6,89.00,0.00,8.00,0.00,0.00,3.00,0.00,0.00,0.00,0.00
11:45:32,7,88.00,0.00,8.00,0.00,0.00,4.00,0.00,0.00,0.00,0.00
11:45:32,12,90.10,0.00,6.93,0.00,0.00,2.97,0.00,0.00,0.00,0.00
11:45:32,13,89.11,0.00,6.93,0.00,0.00,3.96,0.00,0.00,0.00,0.00
11:45:32,14,91.00,0.00,7.00,0.00,0.00,2.00,0.00,0.00,0.00,0.00
11:45:32,15,89.00,0.00,8.00,0.00,0.00,3.00,0.00,0.00,0.00,0.00
11:45:33,4,88.00,0.00,9.00,0.00,0.00,3.00,0.00,0.00,0.00,0.00
11:45:33,5,90.00,0.00,8.00,0.00,0.00,2.00,0.00,0.00,0.00,0.00
11:45:33,6,88.00,0.00,9.00,0.00,0.00,3.00,0.00,0.00,0.00,0.00
11:45:33,7,89.00,0.00,8.00,0.00,0.00,3.00,0.00,0.00,0.00,0.00
11:45:33,12,88.12,0.00,8.91,0.00,0.00,2.97,0.00,0.00,0.00,0.00
11:45:33,13,88.89,0.00,9.09,0.00,0.00,2.02,0.00,0.00,0.00,0.00
11:45:33,14,89.00,0.00,8.00,0.00,0.00,3.00,0.00,0.00,0.00,0.00
11:45:33,15,89.00,0.00,9.00,0.00,0.00,2.00,0.00,0.00,0.00,0.00
11:45:34,4,90.00,0.00,8.00,0.00,0.00,2.00,0.00,0.00,0.00,0.00
11:45:34,5,87.00,0.00,10.00,0.00,0.00,3.00,0.00,0.00,0.00,0.00
11:45:34,6,89.00,0.00,8.00,0.00,0.00,3.00,0.00,0.00,0.00,0.00
11:45:34,7,89.00,0.00,9.00,0.00,0.00,2.00,0.00,0.00,0.00,0.00
11:45:34,12,87.88,0.00,10.10,0.00,0.00,2.02,0.00,0.00,0.00,0.00
11:45:34,13,88.12,0.00,7.92,0.00,0.00,3.96,0.00,0.00,0.00,0.00
11:45:34,14,89.11,0.00,8.91,0.00,0.00,1.98,0.00,0.00,0.00,0.00
11:45:34,15,90.00,0.00,7.00,0.00,0.00,3.00,0.00,0.00,0.00,0.00
11:45:35,4,90.00,0.00,8.00,0.00,0.00,2.00,0.00,0.00,0.00,0.00
11:45:35,5,89.00,0.00,8.00,0.00,0.00,3.00,0.00,0.00,0.00,0.00
11:45:35,6,90.00,0.00,7.00,0.00,0.00,3.00,0.00,0.00,0.00,0.00
11:45:35,7,88.89,0.00,8.08,0.00,0.00,3.03,0.00,0.00,0.00,0.00
11:45:35,12,89.90,0.00,7.07,0.00,0.00,3.03,0.00,0.00,0.00,0.00
11:45:35,13,88.89,0.00,9.09,0.00,0.00,2.02,0.00,0.00,0.00,0.00
11:45:35,14,88.89,0.00,9.09,0.00,0.00,2.02,0.00,0.00,0.00,0.00
11:45:35,15,88.00,0.00,8.00,0.00,0.00,4.00,0.00,0.00,0.00,0.00
11:45:36,4,89.00,0.00,8.00,0.00,0.00,3.00,0.00,0.00,0.00,0.00
11:45:36,5,88.00,0.00,8.00,0.00,0.00,4.00,0.00,0.00,0.00,0.00
11:45:36,6,89.00,0.00,8.00,0.00,0.00,3.00,0.00,0.00,0.00,0.00
11:45:36,7,88.24,0.00,8.82,0.00,0.00,2.94,0.00,0.00,0.00,0.00
11:45:36,12,87.13,0.00,9.90,0.00,0.00,2.97,0.00,0.00,0.00,0.00
11:45:36,13,89.11,0.00,7.92,0.00,0.00,1.98,0.00,0.00,0.00,0.99
11:45:36,14,88.00,0.00,8.00,0.00,0.00,4.00,0.00,0.00,0.00,0.00
11:45:36,15,90.00,0.00,8.00,0.00,0.00,2.00,0.00,0.00,0.00,0.00
11:45:37,4,89.11,0.00,7.92,0.00,0.00,1.98,0.00,0.00,0.00,0.99
11:45:37,5,87.13,0.00,9.90,0.00,0.00,1.98,0.00,0.00,0.00,0.99
11:45:37,6,90.00,0.00,8.00,0.00,0.00,2.00,0.00,0.00,0.00,0.00
11:45:37,7,91.92,0.00,6.06,0.00,0.00,2.02,0.00,0.00,0.00,0.00
11:45:37,12,89.00,0.00,9.00,0.00,0.00,2.00,0.00,0.00,0.00,0.00
11:45:37,13,88.00,0.00,9.00,0.00,0.00,3.00,0.00,0.00,0.00,0.00
11:45:37,14,89.00,0.00,8.00,0.00,0.00,3.00,0.00,0.00,0.00,0.00
11:45:37,15,89.00,0.00,8.00,0.00,0.00,3.00,0.00,0.00,0.00,0.00
11:45:38,4,88.00,0.00,9.00,0.00,0.00,3.00,0.00,0.00,0.00,0.00
11:45:38,5,87.00,0.00,10.00,0.00,0.00,3.00,0.00,0.00,0.00,0.00
11:45:38,6,89.90,0.00,7.07,0.00,0.00,3.03,0.00,0.00,0.00,0.00
11:45:38,7,89.00,0.00,8.00,0.00,0.00,2.00,0.00,0.00,0.00,1.00
11:45:38,12,88.00,0.00,9.00,0.00,0.00,2.00,0.00,0.00,0.00,1.00
11:45:38,13,91.92,0.00,6.06,0.00,0.00,2.02,0.00,0.00,0.00,0.00
11:45:38,14,87.88,0.00,10.10,0.00,0.00,2.02,0.00,0.00,0.00,0.00
11:45:38,15,88.12,0.00,7.92,0.00,0.00,2.97,0.00,0.00,0.00,0.99
11:45:39,4,90.82,0.00,7.14,1.02,0.00,1.02,0.00,0.00,0.00,0.00
11:45:39,5,87.88,0.00,7.07,0.00,0.00,3.03,0.00,0.00,0.00,2.02
11:45:39,6,86.27,0.00,7.84,0.00,0.00,2.94,0.00,0.00,0.00,2.94
11:45:39,7,88.00,0.00,7.00,0.00,0.00,3.00,0.00,0.00,0.00,2.00
11:45:39,12,88.00,0.00,7.00,0.00,0.00,3.00,0.00,0.00,0.00,2.00
11:45:39,13,87.88,0.00,8.08,0.00,0.00,2.02,0.00,0.00,0.00,2.02
11:45:39,14,87.13,0.00,6.93,0.00,0.00,2.97,0.00,0.00,0.00,2.97
11:45:39,15,84.85,0.00,9.09,0.00,0.00,4.04,0.00,0.00,0.00,2.02
11:45:40,4,87.13,0.00,8.91,0.00,0.00,2.97,0.00,0.00,0.00,0.99
11:45:40,5,90.00,0.00,8.00,0.00,0.00,2.00,0.00,0.00,0.00,0.00
11:45:40,6,91.84,0.00,6.12,0.00,0.00,2.04,0.00,0.00,0.00,0.00
11:45:40,7,90.00,0.00,8.00,0.00,0.00,2.00,0.00,0.00,0.00,0.00
11:45:40,12,88.00,0.00,10.00,0.00,0.00,2.00,0.00,0.00,0.00,0.00
11:45:40,13,90.10,0.00,6.93,0.00,0.00,1.98,0.00,0.00,0.00,0.99
11:45:40,14,89.90,0.00,8.08,0.00,0.00,2.02,0.00,0.00,0.00,0.00
11:45:40,15,89.00,0.00,9.00,0.00,0.00,2.00,0.00,0.00,0.00,0.00
11:45:41,4,92.00,0.00,6.00,0.00,0.00,2.00,0.00,0.00,0.00,0.00
11:45:41,5,87.00,0.00,10.00,0.00,0.00,3.00,0.00,0.00,0.00,0.00
11:45:41,6,88.12,0.00,8.91,0.00,0.00,2.97,0.00,0.00,0.00,0.00
11:45:41,7,88.00,0.00,8.00,0.00,0.00,4.00,0.00,0.00,0.00,0.00
11:45:41,12,88.89,0.00,8.08,0.00,0.00,3.03,0.00,0.00,0.00,0.00
11:45:41,13,90.00,0.00,8.00,0.00,0.00,2.00,0.00,0.00,0.00,0.00
11:45:41,14,89.22,0.00,7.84,0.00,0.00,2.94,0.00,0.00,0.00,0.00
11:45:41,15,90.00,0.00,7.00,0.00,0.00,3.00,0.00,0.00,0.00,0.00
11:45:42,4,88.00,0.00,9.00,0.00,0.00,3.00,0.00,0.00,0.00,0.00
11:45:42,5,87.13,0.00,8.91,0.00,0.00,2.97,0.00,0.00,0.00,0.99
11:45:42,6,90.00,0.00,8.00,0.00,0.00,2.00,0.00,0.00,0.00,0.00
11:45:42,7,88.00,0.00,10.00,0.00,0.00,2.00,0.00,0.00,0.00,0.00
11:45:42,12,88.12,0.00,9.90,0.00,0.00,1.98,0.00,0.00,0.00,0.00
11:45:42,13,89.00,0.00,8.00,0.00,0.00,3.00,0.00,0.00,0.00,0.00
11:45:42,14,89.90,0.00,8.08,0.00,0.00,2.02,0.00,0.00,0.00,0.00
11:45:42,15,88.00,0.00,9.00,0.00,0.00,3.00,0.00,0.00,0.00,0.00
11:45:43,4,91.00,0.00,7.00,0.00,0.00,2.00,0.00,0.00,0.00,0.00
11:45:43,5,90.00,0.00,7.00,0.00,0.00,3.00,0.00,0.00,0.00,0.00
11:45:43,6,88.89,0.00,8.08,0.00,0.00,3.03,0.00,0.00,0.00,0.00
11:45:43,7,91.92,0.00,6.06,0.00,0.00,2.02,0.00,0.00,0.00,0.00
11:45:43,12,89.90,0.00,7.07,0.00,0.00,3.03,0.00,0.00,0.00,0.00
11:45:43,13,88.12,0.00,8.91,0.00,0.00,2.97,0.00,0.00,0.00,0.00
11:45:43,14,89.00,0.00,9.00,0.00,0.00,2.00,0.00,0.00,0.00,0.00
11:45:43,15,89.00,0.00,8.00,0.00,0.00,3.00,0.00,0.00,0.00,0.00
11:45:44,4,88.00,0.00,7.00,0.00,0.00,4.00,0.00,0.00,0.00,1.00
11:45:44,5,88.89,0.00,9.09,0.00,0.00,1.01,0.00,0.00,0.00,1.01
11:45:44,6,88.00,0.00,8.00,0.00,0.00,3.00,0.00,0.00,0.00,1.00
11:45:44,7,88.12,0.00,7.92,0.00,0.00,1.98,0.00,0.00,0.00,1.98
11:45:44,12,89.00,0.00,7.00,0.00,0.00,2.00,0.00,0.00,0.00,2.00
11:45:44,13,87.88,0.00,9.09,0.00,0.00,2.02,0.00,0.00,0.00,1.01
11:45:44,14,88.00,0.00,7.00,0.00,0.00,4.00,0.00,0.00,0.00,1.00
11:45:44,15,90.91,0.00,7.07,0.00,0.00,1.01,0.00,0.00,0.00,1.01
11:45:45,4,91.92,0.00,7.07,0.00,0.00,1.01,0.00,0.00,0.00,0.00
11:45:45,5,90.00,0.00,7.00,0.00,0.00,3.00,0.00,0.00,0.00,0.00
11:45:45,6,88.12,0.00,8.91,0.00,0.00,2.97,0.00,0.00,0.00,0.00
11:45:45,7,89.00,0.00,8.00,0.00,0.00,3.00,0.00,0.00,0.00,0.00
11:45:45,12,88.24,0.00,8.82,0.00,0.00,2.94,0.00,0.00,0.00,0.00
11:45:45,13,87.00,0.00,9.00,0.00,0.00,4.00,0.00,0.00,0.00,0.00
11:45:45,14,87.88,0.00,9.09,0.00,0.00,3.03,0.00,0.00,0.00,0.00
11:45:45,15,89.00,0.00,7.00,0.00,0.00,3.00,0.00,0.00,0.00,1.00
11:45:46,4,88.12,0.00,8.91,0.00,0.00,2.97,0.00,0.00,0.00,0.00
11:45:46,5,88.12,0.00,8.91,0.00,0.00,2.97,0.00,0.00,0.00,0.00
11:45:46,6,89.00,0.00,8.00,0.00,0.00,2.00,0.00,0.00,0.00,1.00
11:45:46,7,86.00,0.00,11.00,0.00,0.00,3.00,0.00,0.00,0.00,0.00
11:45:46,12,89.90,0.00,8.08,0.00,0.00,2.02,0.00,0.00,0.00,0.00
11:45:46,13,88.00,0.00,9.00,0.00,0.00,3.00,0.00,0.00,0.00,0.00
11:45:46,14,87.13,0.00,8.91,0.00,0.00,2.97,0.00,0.00,0.00,0.99
11:45:46,15,89.11,0.00,8.91,0.00,0.00,1.98,0.00,0.00,0.00,0.00
11:45:47,4,88.89,0.00,8.08,0.00,0.00,3.03,0.00,0.00,0.00,0.00
11:45:47,5,90.82,0.00,7.14,0.00,0.00,2.04,0.00,0.00,0.00,0.00
11:45:47,6,88.00,0.00,9.00,0.00,0.00,3.00,0.00,0.00,0.00,0.00
11:45:47,7,91.00,0.00,7.00,0.00,0.00,2.00,0.00,0.00,0.00,0.00
11:45:47,12,86.00,0.00,10.00,0.00,0.00,4.00,0.00,0.00,0.00,0.00
11:45:47,13,87.88,0.00,10.10,0.00,0.00,2.02,0.00,0.00,0.00,0.00
11:45:47,14,86.14,0.00,8.91,0.00,0.00,4.95,0.00,0.00,0.00,0.00
11:45:47,15,88.00,0.00,9.00,0.00,0.00,3.00,0.00,0.00,0.00,0.00
11:45:48,4,89.00,0.00,9.00,0.00,0.00,2.00,0.00,0.00,0.00,0.00
11:45:48,5,88.24,0.00,7.84,0.00,0.00,3.92,0.00,0.00,0.00,0.00
11:45:48,6,89.00,0.00,9.00,0.00,0.00,2.00,0.00,0.00,0.00,0.00
11:45:48,7,89.00,0.00,9.00,0.00,0.00,2.00,0.00,0.00,0.00,0.00
11:45:48,12,90.00,0.00,7.00,0.00,0.00,3.00,0.00,0.00,0.00,0.00
11:45:48,13,88.12,0.00,8.91,0.00,0.00,2.97,0.00,0.00,0.00,0.00
11:45:48,14,89.80,0.00,8.16,0.00,0.00,2.04,0.00,0.00,0.00,0.00
11:45:48,15,88.00,0.00,9.00,0.00,0.00,3.00,0.00,0.00,0.00,0.00
11:45:49,4,90.00,0.00,7.00,0.00,0.00,3.00,0.00,0.00,0.00,0.00
11:45:49,5,89.90,0.00,8.08,0.00,0.00,2.02,0.00,0.00,0.00,0.00
11:45:49,6,90.10,0.00,6.93,0.00,0.00,2.97,0.00,0.00,0.00,0.00
11:45:49,7,91.00,0.00,6.00,0.00,0.00,3.00,0.00,0.00,0.00,0.00
11:45:49,12,87.00,0.00,10.00,0.00,0.00,3.00,0.00,0.00,0.00,0.00
11:45:49,13,89.00,0.00,8.00,0.00,0.00,3.00,0.00,0.00,0.00,0.00
11:45:49,14,87.13,0.00,9.90,0.00,0.00,2.97,0.00,0.00,0.00,0.00
11:45:49,15,89.00,0.00,8.00,0.00,0.00,3.00,0.00,0.00,0.00,0.00
11:45:50,4,88.00,0.00,9.00,0.00,0.00,3.00,0.00,0.00,0.00,0.00
11:45:50,5,90.00,0.00,8.00,0.00,0.00,2.00,0.00,0.00,0.00,0.00
11:45:50,6,88.89,0.00,9.09,0.00,0.00,2.02,0.00,0.00,0.00,0.00
11:45:50,7,90.00,0.00,8.00,0.00,0.00,2.00,0.00,0.00,0.00,0.00
11:45:50,12,87.88,0.00,9.09,0.00,0.00,3.03,0.00,0.00,0.00,0.00
11:45:50,13,89.00,0.00,9.00,0.00,0.00,2.00,0.00,0.00,0.00,0.00
11:45:50,14,89.00,0.00,8.00,0.00,0.00,3.00,0.00,0.00,0.00,0.00
11:45:50,15,90.00,0.00,8.00,0.00,0.00,2.00,0.00,0.00,0.00,0.00
11:45:51,4,88.00,0.00,9.00,0.00,0.00,3.00,0.00,0.00,0.00,0.00
11:45:51,5,87.88,0.00,9.09,0.00,0.00,3.03,0.00,0.00,0.00,0.00
11:45:51,6,90.00,0.00,8.00,0.00,0.00,2.00,0.00,0.00,0.00,0.00
11:45:51,7,89.90,0.00,8.08,0.00,0.00,2.02,0.00,0.00,0.00,0.00
11:45:51,12,89.00,0.00,9.00,0.00,0.00,2.00,0.00,0.00,0.00,0.00
11:45:51,13,88.00,0.00,9.00,0.00,0.00,3.00,0.00,0.00,0.00,0.00
11:45:51,14,90.10,0.00,7.92,0.00,0.00,1.98,0.00,0.00,0.00,0.00
11:45:51,15,89.00,0.00,8.00,0.00,0.00,3.00,0.00,0.00,0.00,0.00
11:45:52,4,89.00,0.00,8.00,0.00,0.00,3.00,0.00,0.00,0.00,0.00
11:45:52,5,89.11,0.00,7.92,0.00,0.00,2.97,0.00,0.00,0.00,0.00
11:45:52,6,89.00,0.00,8.00,0.00,0.00,3.00,0.00,0.00,0.00,0.00
11:45:52,7,87.13,0.00,8.91,0.00,0.00,3.96,0.00,0.00,0.00,0.00
11:45:52,12,89.00,0.00,9.00,0.00,0.00,2.00,0.00,0.00,0.00,0.00
11:45:52,13,88.89,0.00,8.08,0.00,0.00,3.03,0.00,0.00,0.00,0.00
11:45:52,14,89.90,0.00,8.08,0.00,0.00,2.02,0.00,0.00,0.00,0.00
11:45:52,15,89.00,0.00,8.00,0.00,0.00,3.00,0.00,0.00,0.00,0.00
11:45:53,4,86.14,0.00,9.90,0.00,0.00,2.97,0.00,0.00,0.00,0.99
11:45:53,5,89.90,0.00,7.07,0.00,0.00,3.03,0.00,0.00,0.00,0.00
11:45:53,6,91.00,0.00,7.00,0.00,0.00,2.00,0.00,0.00,0.00,0.00
11:45:53,7,91.00,0.00,7.00,0.00,0.00,2.00,0.00,0.00,0.00,0.00
11:45:53,12,88.00,0.00,9.00,0.00,0.00,3.00,0.00,0.00,0.00,0.00
11:45:53,13,89.11,0.00,7.92,0.00,0.00,1.98,0.00,0.00,0.00,0.99
11:45:53,14,90.00,0.00,7.00,0.00,0.00,3.00,0.00,0.00,0.00,0.00
11:45:53,15,88.89,0.00,8.08,0.00,0.00,3.03,0.00,0.00,0.00,0.00
11:45:54,4,90.00,0.00,7.00,0.00,0.00,3.00,0.00,0.00,0.00,0.00
11:45:54,5,86.27,0.00,8.82,0.00,0.00,3.92,0.00,0.00,0.00,0.98
11:45:54,6,88.00,0.00,9.00,0.00,0.00,3.00,0.00,0.00,0.00,0.00
11:45:54,7,90.91,0.00,7.07,0.00,0.00,2.02,0.00,0.00,0.00,0.00
11:45:54,12,89.00,0.00,8.00,0.00,0.00,3.00,0.00,0.00,0.00,0.00
11:45:54,13,90.10,0.00,6.93,0.00,0.00,2.97,0.00,0.00,0.00,0.00
11:45:54,14,91.00,0.00,7.00,0.00,0.00,2.00,0.00,0.00,0.00,0.00
11:45:54,15,89.00,0.00,8.00,0.00,0.00,3.00,0.00,0.00,0.00,0.00
11:45:55,4,90.00,0.00,8.00,0.00,0.00,2.00,0.00,0.00,0.00,0.00
11:45:55,5,91.92,0.00,6.06,0.00,0.00,2.02,0.00,0.00,0.00,0.00
11:45:55,6,89.00,0.00,8.00,0.00,0.00,3.00,0.00,0.00,0.00,0.00
11:45:55,7,87.00,0.00,10.00,0.00,0.00,3.00,0.00,0.00,0.00,0.00
11:45:55,12,91.00,0.00,7.00,0.00,0.00,2.00,0.00,0.00,0.00,0.00
11:45:55,13,89.90,0.00,7.07,0.00,0.00,3.03,0.00,0.00,0.00,0.00
11:45:55,14,89.90,0.00,7.07,0.00,0.00,3.03,0.00,0.00,0.00,0.00
11:45:55,15,88.12,0.00,7.92,0.00,0.00,3.96,0.00,0.00,0.00,0.00
11:45:56,4,88.89,0.00,9.09,0.00,0.00,2.02,0.00,0.00,0.00,0.00
11:45:56,5,87.00,0.00,10.00,0.00,0.00,3.00,0.00,0.00,0.00,0.00
11:45:56,6,89.00,0.00,8.00,0.00,0.00,3.00,0.00,0.00,0.00,0.00
11:45:56,7,90.10,0.00,6.93,0.00,0.00,2.97,0.00,0.00,0.00,0.00
11:45:56,12,89.11,0.00,7.92,0.00,0.00,2.97,0.00,0.00,0.00,0.00
11:45:56,13,90.00,0.00,8.00,0.00,0.00,2.00,0.00,0.00,0.00,0.00
11:45:56,14,88.12,0.00,8.91,0.00,0.00,2.97,0.00,0.00,0.00,0.00
11:45:56,15,89.90,0.00,7.07,0.00,0.00,3.03,0.00,0.00,0.00,0.00
11:45:57,4,89.11,0.00,7.92,0.00,0.00,2.97,0.00,0.00,0.00,0.00
11:45:57,5,88.00,0.00,9.00,0.00,0.00,3.00,0.00,0.00,0.00,0.00
11:45:57,6,91.00,0.00,6.00,0.00,0.00,3.00,0.00,0.00,0.00,0.00
11:45:57,7,89.11,0.00,7.92,0.00,0.00,1.98,0.00,0.00,0.00,0.99
11:45:57,12,89.00,0.00,9.00,0.00,0.00,2.00,0.00,0.00,0.00,0.00
11:45:57,13,88.89,0.00,8.08,0.00,0.00,3.03,0.00,0.00,0.00,0.00
11:45:57,14,89.00,0.00,7.00,0.00,0.00,4.00,0.00,0.00,0.00,0.00
11:45:57,15,87.13,0.00,8.91,0.00,0.00,2.97,0.00,0.00,0.00,0.99
11:45:58,4,91.84,0.00,6.12,0.00,0.00,2.04,0.00,0.00,0.00,0.00
11:45:58,5,89.00,0.00,8.00,0.00,0.00,3.00,0.00,0.00,0.00,0.00
11:45:58,6,87.00,0.00,9.00,0.00,0.00,4.00,0.00,0.00,0.00,0.00
11:45:58,7,90.91,0.00,7.07,0.00,0.00,2.02,0.00,0.00,0.00,0.00
11:45:58,12,91.00,0.00,7.00,0.00,0.00,2.00,0.00,0.00,0.00,0.00
11:45:58,13,89.11,0.00,7.92,0.00,0.00,2.97,0.00,0.00,0.00,0.00
11:45:58,14,89.90,0.00,7.07,0.00,0.00,3.03,0.00,0.00,0.00,0.00
11:45:58,15,89.00,0.00,8.00,0.00,0.00,3.00,0.00,0.00,0.00,0.00
11:45:59,4,90.10,0.00,7.92,0.00,0.00,1.98,0.00,0.00,0.00,0.00
11:45:59,5,88.00,0.00,9.00,0.00,0.00,3.00,0.00,0.00,0.00,0.00
11:45:59,6,90.00,0.00,8.00,0.00,0.00,2.00,0.00,0.00,0.00,0.00
11:45:59,7,89.90,0.00,8.08,0.00,0.00,2.02,0.00,0.00,0.00,0.00
11:45:59,12,90.00,0.00,7.00,0.00,0.00,2.00,0.00,0.00,0.00,1.00
11:45:59,13,90.00,0.00,7.00,0.00,0.00,3.00,0.00,0.00,0.00,0.00
11:45:59,14,89.11,0.00,7.92,0.00,0.00,2.97,0.00,0.00,0.00,0.00
11:45:59,15,89.90,0.00,8.08,0.00,0.00,2.02,0.00,0.00,0.00,0.00
11:46:00,4,89.11,0.00,8.91,0.00,0.00,1.98,0.00,0.00,0.00,0.00
11:46:00,5,89.90,0.00,8.08,0.00,0.00,2.02,0.00,0.00,0.00,0.00
11:46:00,6,90.00,0.00,7.00,0.00,0.00,3.00,0.00,0.00,0.00,0.00
11:46:00,7,90.10,0.00,6.93,0.00,0.00,2.97,0.00,0.00,0.00,0.00
11:46:00,12,90.00,0.00,7.00,0.00,0.00,3.00,0.00,0.00,0.00,0.00
11:46:00,13,90.00,0.00,7.00,0.00,0.00,3.00,0.00,0.00,0.00,0.00
11:46:00,14,88.00,0.00,8.00,0.00,0.00,3.00,0.00,0.00,0.00,1.00
11:46:00,15,90.00,0.00,7.00,0.00,0.00,3.00,0.00,0.00,0.00,0.00
11:46:01,4,91.00,0.00,7.00,0.00,0.00,2.00,0.00,0.00,0.00,0.00
11:46:01,5,90.10,0.00,7.92,0.00,0.00,1.98,0.00,0.00,0.00,0.00
11:46:01,6,89.00,0.00,8.00,0.00,0.00,3.00,0.00,0.00,0.00,0.00
11:46:01,7,90.00,0.00,6.00,0.00,0.00,4.00,0.00,0.00,0.00,0.00
11:46:01,12,88.00,0.00,9.00,0.00,0.00,3.00,0.00,0.00,0.00,0.00
11:46:01,13,89.00,0.00,8.00,0.00,0.00,3.00,0.00,0.00,0.00,0.00
11:46:01,14,90.00,0.00,7.00,0.00,0.00,3.00,0.00,0.00,0.00,0.00
11:46:01,15,90.00,0.00,7.00,0.00,0.00,3.00,0.00,0.00,0.00,0.00
11:46:02,4,89.80,0.00,8.16,0.00,0.00,2.04,0.00,0.00,0.00,0.00
11:46:02,5,89.00,0.00,8.00,0.00,0.00,3.00,0.00,0.00,0.00,0.00
11:46:02,6,90.00,0.00,7.00,0.00,0.00,3.00,0.00,0.00,0.00,0.00
11:46:02,7,90.00,0.00,8.00,0.00,0.00,2.00,0.00,0.00,0.00,0.00
11:46:02,12,90.00,0.00,7.00,0.00,0.00,3.00,0.00,0.00,0.00,0.00
11:46:02,13,89.90,0.00,7.07,0.00,0.00,3.03,0.00,0.00,0.00,0.00
11:46:02,14,90.00,0.00,7.00,0.00,0.00,3.00,0.00,0.00,0.00,0.00
11:46:02,15,89.00,0.00,8.00,0.00,0.00,3.00,0.00,0.00,0.00,0.00
11:46:03,4,90.10,0.00,6.93,0.00,0.00,2.97,0.00,0.00,0.00,0.00
11:46:03,5,89.90,0.00,7.07,0.00,0.00,3.03,0.00,0.00,0.00,0.00
11:46:03,6,90.00,0.00,8.00,0.00,0.00,2.00,0.00,0.00,0.00,0.00
11:46:03,7,88.89,0.00,8.08,0.00,0.00,3.03,0.00,0.00,0.00,0.00
11:46:03,12,90.00,0.00,8.00,0.00,0.00,2.00,0.00,0.00,0.00,0.00
11:46:03,13,87.00,0.00,9.00,0.00,0.00,4.00,0.00,0.00,0.00,0.00
11:46:03,14,89.00,0.00,8.00,0.00,0.00,3.00,0.00,0.00,0.00,0.00
11:46:03,15,89.00,0.00,8.00,0.00,0.00,3.00,0.00,0.00,0.00,0.00
11:46:04,4,91.00,0.00,7.00,0.00,0.00,2.00,0.00,0.00,0.00,0.00
11:46:04,5,89.11,0.00,8.91,0.00,0.00,1.98,0.00,0.00,0.00,0.00
11:46:04,6,90.00,0.00,7.00,0.00,0.00,2.00,0.00,0.00,0.00,1.00
11:46:04,7,89.11,0.00,7.92,0.00,0.00,2.97,0.00,0.00,0.00,0.00
11:46:04,12,89.90,0.00,8.08,0.00,0.00,2.02,0.00,0.00,0.00,0.00
11:46:04,13,87.00,0.00,9.00,0.00,0.00,4.00,0.00,0.00,0.00,0.00
11:46:04,14,91.09,0.00,6.93,0.00,0.00,1.98,0.00,0.00,0.00,0.00
11:46:04,15,89.11,0.00,7.92,0.00,0.00,2.97,0.00,0.00,0.00,0.00
11:46:05,4,88.89,0.00,9.09,0.00,0.00,2.02,0.00,0.00,0.00,0.00
11:46:05,5,88.00,0.00,8.00,0.00,0.00,4.00,0.00,0.00,0.00,0.00
11:46:05,6,88.00,0.00,9.00,0.00,0.00,3.00,0.00,0.00,0.00,0.00
11:46:05,7,91.92,0.00,6.06,0.00,0.00,2.02,0.00,0.00,0.00,0.00
11:46:05,12,88.12,0.00,7.92,0.00,0.00,3.96,0.00,0.00,0.00,0.00
11:46:05,13,89.00,0.00,9.00,0.00,0.00,2.00,0.00,0.00,0.00,0.00
11:46:05,14,89.90,0.00,8.08,0.00,0.00,2.02,0.00,0.00,0.00,0.00
11:46:05,15,89.90,0.00,8.08,0.00,0.00,2.02,0.00,0.00,0.00,0.00
11:46:06,4,88.00,0.00,9.00,0.00,0.00,3.00,0.00,0.00,0.00,0.00
11:46:06,5,88.00,0.00,9.00,0.00,0.00,3.00,0.00,0.00,0.00,0.00
11:46:06,6,87.00,0.00,10.00,0.00,0.00,3.00,0.00,0.00,0.00,0.00
11:46:06,7,89.00,0.00,8.00,0.00,0.00,3.00,0.00,0.00,0.00,0.00
11:46:06,12,89.90,0.00,9.09,0.00,0.00,1.01,0.00,0.00,0.00,0.00
11:46:06,13,90.00,0.00,8.00,0.00,0.00,2.00,0.00,0.00,0.00,0.00
11:46:06,14,89.11,0.00,7.92,0.00,0.00,2.97,0.00,0.00,0.00,0.00
11:46:06,15,89.00,0.00,8.00,0.00,0.00,3.00,0.00,0.00,0.00,0.00
11:46:07,4,89.00,0.00,9.00,0.00,0.00,2.00,0.00,0.00,0.00,0.00
11:46:07,5,88.89,0.00,8.08,0.00,0.00,3.03,0.00,0.00,0.00,0.00
11:46:07,6,90.00,0.00,7.00,0.00,0.00,3.00,0.00,0.00,0.00,0.00
11:46:07,7,88.00,0.00,9.00,0.00,0.00,3.00,0.00,0.00,0.00,0.00
11:46:07,12,89.00,0.00,8.00,0.00,0.00,3.00,0.00,0.00,0.00,0.00
11:46:07,13,88.12,0.00,7.92,0.00,0.00,2.97,0.00,0.00,0.00,0.99
11:46:07,14,89.80,0.00,8.16,0.00,0.00,2.04,0.00,0.00,0.00,0.00
11:46:07,15,88.00,0.00,9.00,0.00,0.00,3.00,0.00,0.00,0.00,0.00
11:46:08,4,87.13,0.00,8.91,0.00,0.00,3.96,0.00,0.00,0.00,0.00
11:46:08,5,87.13,0.00,8.91,0.00,0.00,3.96,0.00,0.00,0.00,0.00
11:46:08,6,88.00,0.00,9.00,0.00,0.00,3.00,0.00,0.00,0.00,0.00
11:46:08,7,88.89,0.00,9.09,0.00,0.00,2.02,0.00,0.00,0.00,0.00
11:46:08,12,90.10,0.00,7.92,0.00,0.00,1.98,0.00,0.00,0.00,0.00
11:46:08,13,91.00,0.00,7.00,0.00,0.00,2.00,0.00,0.00,0.00,0.00
11:46:08,14,89.11,0.00,7.92,0.00,0.00,2.97,0.00,0.00,0.00,0.00
11:46:08,15,89.00,0.00,9.00,0.00,0.00,2.00,0.00,0.00,0.00,0.00
11:46:09,4,91.92,0.00,6.06,0.00,0.00,2.02,0.00,0.00,0.00,0.00
11:46:09,5,88.89,0.00,8.08,0.00,0.00,3.03,0.00,0.00,0.00,0.00
11:46:09,6,88.89,0.00,8.08,0.00,0.00,3.03,0.00,0.00,0.00,0.00
11:46:09,7,87.00,0.00,11.00,0.00,0.00,2.00,0.00,0.00,0.00,0.00
11:46:09,12,90.91,0.00,7.07,0.00,0.00,2.02,0.00,0.00,0.00,0.00
11:46:09,13,88.89,0.00,9.09,0.00,0.00,2.02,0.00,0.00,0.00,0.00
11:46:09,14,88.00,0.00,8.00,0.00,0.00,4.00,0.00,0.00,0.00,0.00
11:46:09,15,90.00,0.00,8.00,0.00,0.00,2.00,0.00,0.00,0.00,0.00
11:46:10,4,89.00,0.00,9.00,0.00,0.00,2.00,0.00,0.00,0.00,0.00
11:46:10,5,87.13,0.00,9.90,0.00,0.00,2.97,0.00,0.00,0.00,0.00
11:46:10,6,88.12,0.00,8.91,0.00,0.00,2.97,0.00,0.00,0.00,0.00
11:46:10,7,89.00,0.00,8.00,0.00,0.00,3.00,0.00,0.00,0.00,0.00
11:46:10,12,90.00,0.00,8.00,0.00,0.00,2.00,0.00,0.00,0.00,0.00
11:46:10,13,88.00,0.00,9.00,0.00,0.00,3.00,0.00,0.00,0.00,0.00
11:46:10,14,88.00,0.00,9.00,0.00,0.00,3.00,0.00,0.00,0.00,0.00
11:46:10,15,89.00,0.00,9.00,0.00,0.00,2.00,0.00,0.00,0.00,0.00
11:46:11,4,89.00,0.00,8.00,0.00,0.00,3.00,0.00,0.00,0.00,0.00
11:46:11,5,90.00,0.00,8.00,0.00,0.00,2.00,0.00,0.00,0.00,0.00
11:46:11,6,89.00,0.00,9.00,0.00,0.00,2.00,0.00,0.00,0.00,0.00
11:46:11,7,89.11,0.00,7.92,0.00,0.00,2.97,0.00,0.00,0.00,0.00
11:46:11,12,90.00,0.00,8.00,0.00,0.00,2.00,0.00,0.00,0.00,0.00
11:46:11,13,88.00,0.00,9.00,0.00,0.00,3.00,0.00,0.00,0.00,0.00
11:46:11,14,88.00,0.00,10.00,0.00,0.00,2.00,0.00,0.00,0.00,0.00
11:46:11,15,90.00,0.00,8.00,0.00,0.00,2.00,0.00,0.00,0.00,0.00
11:46:12,4,89.00,0.00,8.00,0.00,0.00,3.00,0.00,0.00,0.00,0.00
11:46:12,5,88.89,0.00,8.08,0.00,0.00,3.03,0.00,0.00,0.00,0.00
11:46:12,6,89.00,0.00,9.00,0.00,0.00,2.00,0.00,0.00,0.00,0.00
11:46:12,7,87.88,0.00,8.08,0.00,0.00,4.04,0.00,0.00,0.00,0.00
11:46:12,12,86.00,0.00,10.00,0.00,0.00,4.00,0.00,0.00,0.00,0.00
11:46:12,13,88.12,0.00,8.91,0.00,0.00,2.97,0.00,0.00,0.00,0.00
11:46:12,14,91.00,0.00,7.00,0.00,0.00,2.00,0.00,0.00,0.00,0.00
11:46:12,15,90.00,0.00,7.00,0.00,0.00,3.00,0.00,0.00,0.00,0.00
11:46:13,4,88.12,0.00,8.91,0.00,0.00,2.97,0.00,0.00,0.00,0.00
11:46:13,5,89.00,0.00,7.00,0.00,0.00,4.00,0.00,0.00,0.00,0.00
11:46:13,6,89.90,0.00,8.08,0.00,0.00,2.02,0.00,0.00,0.00,0.00
11:46:13,7,89.11,0.00,7.92,0.00,0.00,2.97,0.00,0.00,0.00,0.00
11:46:13,12,89.00,0.00,10.00,0.00,0.00,1.00,0.00,0.00,0.00,0.00
11:46:13,13,89.00,0.00,8.00,0.00,0.00,3.00,0.00,0.00,0.00,0.00
11:46:13,14,90.00,0.00,8.00,0.00,0.00,2.00,0.00,0.00,0.00,0.00
11:46:13,15,91.00,0.00,7.00,0.00,0.00,2.00,0.00,0.00,0.00,0.00
11:46:14,4,88.89,0.00,8.08,0.00,0.00,2.02,0.00,0.00,0.00,1.01
11:46:14,5,87.00,0.00,9.00,0.00,0.00,3.00,0.00,0.00,0.00,1.00
11:46:14,6,87.13,0.00,8.91,0.00,0.00,2.97,0.00,0.00,0.00,0.99
11:46:14,7,88.89,0.00,8.08,0.00,0.00,2.02,0.00,0.00,0.00,1.01
11:46:14,12,90.00,0.00,6.00,0.00,0.00,3.00,0.00,0.00,0.00,1.00
11:46:14,13,88.00,0.00,8.00,0.00,0.00,3.00,0.00,0.00,0.00,1.00
11:46:14,14,89.00,0.00,8.00,0.00,0.00,2.00,0.00,0.00,0.00,1.00
11:46:14,15,87.00,0.00,9.00,0.00,0.00,3.00,0.00,0.00,0.00,1.00
11:46:15,4,89.11,0.00,7.92,0.00,0.00,2.97,0.00,0.00,0.00,0.00
11:46:15,5,89.00,0.00,8.00,0.00,0.00,3.00,0.00,0.00,0.00,0.00
11:46:15,6,89.90,0.00,8.08,0.00,0.00,2.02,0.00,0.00,0.00,0.00
11:46:15,7,89.00,0.00,8.00,0.00,0.00,3.00,0.00,0.00,0.00,0.00
11:46:15,12,90.10,0.00,7.92,0.00,0.00,1.98,0.00,0.00,0.00,0.00
11:46:15,13,89.00,0.00,8.00,0.00,0.00,3.00,0.00,0.00,0.00,0.00
11:46:15,14,90.10,0.00,6.93,0.00,0.00,2.97,0.00,0.00,0.00,0.00
11:46:15,15,89.00,0.00,9.00,0.00,0.00,2.00,0.00,0.00,0.00,0.00
11:46:16,4,91.00,0.00,8.00,0.00,0.00,1.00,0.00,0.00,0.00,0.00
11:46:16,5,90.00,0.00,8.00,0.00,0.00,2.00,0.00,0.00,0.00,0.00
11:46:16,6,88.12,0.00,7.92,0.00,0.00,3.96,0.00,0.00,0.00,0.00
11:46:16,7,89.00,0.00,8.00,0.00,0.00,3.00,0.00,0.00,0.00,0.00
11:46:16,12,90.91,0.00,7.07,0.00,0.00,2.02,0.00,0.00,0.00,0.00
11:46:16,13,89.90,0.00,8.08,0.00,0.00,2.02,0.00,0.00,0.00,0.00
11:46:16,14,88.89,0.00,9.09,0.00,0.00,2.02,0.00,0.00,0.00,0.00
11:46:16,15,89.90,0.00,8.08,0.00,0.00,2.02,0.00,0.00,0.00,0.00
11:46:17,4,88.89,0.00,8.08,0.00,0.00,3.03,0.00,0.00,0.00,0.00
11:46:17,5,89.00,0.00,8.00,0.00,0.00,3.00,0.00,0.00,0.00,0.00
11:46:17,6,89.00,0.00,9.00,0.00,0.00,2.00,0.00,0.00,0.00,0.00
11:46:17,7,88.00,0.00,8.00,0.00,0.00,4.00,0.00,0.00,0.00,0.00
11:46:17,12,89.00,0.00,8.00,0.00,0.00,3.00,0.00,0.00,0.00,0.00
11:46:17,13,89.11,0.00,7.92,0.00,0.00,2.97,0.00,0.00,0.00,0.00
11:46:17,14,90.00,0.00,8.00,0.00,0.00,2.00,0.00,0.00,0.00,0.00
11:46:17,15,88.12,0.00,8.91,0.00,0.00,2.97,0.00,0.00,0.00,0.00
11:46:18,4,86.14,0.00,9.90,0.00,0.00,2.97,0.00,0.00,0.00,0.99
11:46:18,5,90.00,0.00,7.00,0.00,0.00,3.00,0.00,0.00,0.00,0.00
11:46:18,6,89.00,0.00,8.00,0.00,0.00,3.00,0.00,0.00,0.00,0.00
11:46:18,7,89.11,0.00,8.91,0.00,0.00,1.98,0.00,0.00,0.00,0.00
11:46:18,12,87.88,0.00,10.10,0.00,0.00,2.02,0.00,0.00,0.00,0.00
11:46:18,13,89.90,0.00,7.07,0.00,0.00,3.03,0.00,0.00,0.00,0.00
11:46:18,14,89.90,0.00,8.08,0.00,0.00,2.02,0.00,0.00,0.00,0.00
11:46:18,15,89.00,0.00,8.00,0.00,0.00,3.00,0.00,0.00,0.00,0.00
11:46:19,4,88.00,0.00,9.00,0.00,0.00,2.00,0.00,0.00,0.00,1.00
11:46:19,5,87.88,0.00,8.08,0.00,0.00,2.02,0.00,0.00,0.00,2.02
11:46:19,6,85.00,0.00,11.00,0.00,0.00,2.00,0.00,0.00,0.00,2.00
11:46:19,7,87.88,0.00,7.07,0.00,0.00,3.03,0.00,0.00,0.00,2.02
11:46:19,12,86.14,0.00,9.90,0.00,0.00,1.98,0.00,0.00,0.00,1.98
11:46:19,13,87.00,0.00,8.00,0.00,0.00,3.00,0.00,0.00,0.00,2.00
11:46:19,14,87.13,0.00,7.92,0.00,0.00,2.97,0.00,0.00,0.00,1.98
11:46:19,15,87.00,0.00,8.00,0.00,0.00,3.00,0.00,0.00,0.00,2.00
11:46:20,4,90.00,0.00,8.00,0.00,0.00,2.00,0.00,0.00,0.00,0.00
11:46:20,5,89.11,0.00,7.92,0.00,0.00,2.97,0.00,0.00,0.00,0.00
11:46:20,6,89.00,0.00,9.00,0.00,0.00,2.00,0.00,0.00,0.00,0.00
11:46:20,7,88.00,0.00,9.00,0.00,0.00,2.00,0.00,0.00,0.00,1.00
11:46:20,12,89.00,0.00,7.00,0.00,0.00,4.00,0.00,0.00,0.00,0.00
11:46:20,13,88.00,0.00,9.00,0.00,0.00,3.00,0.00,0.00,0.00,0.00
11:46:20,14,88.12,0.00,8.91,0.00,0.00,2.97,0.00,0.00,0.00,0.00
11:46:20,15,88.89,0.00,8.08,0.00,0.00,3.03,0.00,0.00,0.00,0.00
11:46:21,4,89.00,0.00,8.00,0.00,0.00,2.00,0.00,0.00,0.00,1.00
11:46:21,5,90.00,0.00,7.00,0.00,0.00,3.00,0.00,0.00,0.00,0.00
11:46:21,6,89.90,0.00,8.08,0.00,0.00,2.02,0.00,0.00,0.00,0.00
11:46:21,7,90.10,0.00,6.93,0.00,0.00,2.97,0.00,0.00,0.00,0.00
11:46:21,12,87.88,0.00,9.09,0.00,0.00,3.03,0.00,0.00,0.00,0.00
11:46:21,13,86.14,0.00,9.90,0.00,0.00,3.96,0.00,0.00,0.00,0.00
11:46:21,14,89.90,0.00,8.08,0.00,0.00,2.02,0.00,0.00,0.00,0.00
11:46:21,15,90.00,0.00,7.00,0.00,0.00,3.00,0.00,0.00,0.00,0.00
11:46:22,4,88.12,0.00,7.92,0.00,0.00,3.96,0.00,0.00,0.00,0.00
11:46:22,5,89.90,0.00,7.07,0.00,0.00,3.03,0.00,0.00,0.00,0.00
11:46:22,6,88.00,0.00,9.00,0.00,0.00,3.00,0.00,0.00,0.00,0.00
11:46:22,7,89.00,0.00,8.00,0.00,0.00,3.00,0.00,0.00,0.00,0.00
11:46:22,12,89.11,0.00,8.91,0.00,0.00,1.98,0.00,0.00,0.00,0.00
11:46:22,13,89.00,0.00,7.00,0.00,0.00,4.00,0.00,0.00,0.00,0.00
11:46:22,14,88.00,0.00,9.00,0.00,0.00,3.00,0.00,0.00,0.00,0.00
11:46:22,15,87.13,0.00,9.90,0.00,0.00,2.97,0.00,0.00,0.00,0.00
11:46:23,4,89.90,0.00,8.08,0.00,0.00,2.02,0.00,0.00,0.00,0.00
11:46:23,5,89.00,0.00,8.00,0.00,0.00,3.00,0.00,0.00,0.00,0.00
11:46:23,6,89.11,0.00,7.92,0.00,0.00,2.97,0.00,0.00,0.00,0.00
11:46:23,7,87.00,0.00,10.00,0.00,0.00,3.00,0.00,0.00,0.00,0.00
11:46:23,12,90.00,0.00,7.00,0.00,0.00,3.00,0.00,0.00,0.00,0.00
11:46:23,13,89.80,0.00,8.16,0.00,0.00,2.04,0.00,0.00,0.00,0.00
11:46:23,14,88.89,0.00,9.09,0.00,0.00,2.02,0.00,0.00,0.00,0.00
11:46:23,15,89.00,0.00,7.00,0.00,0.00,4.00,0.00,0.00,0.00,0.00
11:46:24,4,88.12,0.00,8.91,0.00,0.00,2.97,0.00,0.00,0.00,0.00
11:46:24,5,88.00,0.00,9.00,0.00,0.00,3.00,0.00,0.00,0.00,0.00
11:46:24,6,90.91,0.00,7.07,0.00,0.00,2.02,0.00,0.00,0.00,0.00
11:46:24,7,90.00,0.00,7.00,0.00,0.00,3.00,0.00,0.00,0.00,0.00
11:46:24,12,89.90,0.00,7.07,0.00,0.00,3.03,0.00,0.00,0.00,0.00
11:46:24,13,89.11,0.00,7.92,0.00,0.00,2.97,0.00,0.00,0.00,0.00
11:46:24,14,88.24,0.00,8.82,0.00,0.00,2.94,0.00,0.00,0.00,0.00
11:46:24,15,90.00,0.00,8.00,0.00,0.00,2.00,0.00,0.00,0.00,0.00
11:46:25,4,90.91,0.00,7.07,0.00,0.00,2.02,0.00,0.00,0.00,0.00
11:46:25,5,87.13,0.00,8.91,0.00,0.00,2.97,0.00,0.00,0.00,0.99
11:46:25,6,89.00,0.00,8.00,0.00,0.00,3.00,0.00,0.00,0.00,0.00
11:46:25,7,90.91,0.00,7.07,0.00,0.00,2.02,0.00,0.00,0.00,0.00
11:46:25,12,87.00,0.00,10.00,0.00,0.00,3.00,0.00,0.00,0.00,0.00
11:46:25,13,89.11,0.00,7.92,0.00,0.00,2.97,0.00,0.00,0.00,0.00
11:46:25,14,88.89,0.00,9.09,0.00,0.00,2.02,0.00,0.00,0.00,0.00
11:46:25,15,89.90,0.00,8.08,0.00,0.00,2.02,0.00,0.00,0.00,0.00
11:46:26,4,89.00,0.00,9.00,0.00,0.00,2.00,0.00,0.00,0.00,0.00
11:46:26,5,87.00,0.00,9.00,0.00,0.00,4.00,0.00,0.00,0.00,0.00
11:46:26,6,88.00,0.00,9.00,0.00,0.00,3.00,0.00,0.00,0.00,0.00
11:46:26,7,89.11,0.00,8.91,0.00,0.00,1.98,0.00,0.00,0.00,0.00
11:46:26,12,87.00,0.00,10.00,0.00,0.00,3.00,0.00,0.00,0.00,0.00
11:46:26,13,87.88,0.00,9.09,0.00,0.00,3.03,0.00,0.00,0.00,0.00
11:46:26,14,88.00,0.00,8.00,0.00,0.00,4.00,0.00,0.00,0.00,0.00
11:46:26,15,87.00,0.00,10.00,0.00,0.00,3.00,0.00,0.00,0.00,0.00
11:46:27,4,89.00,0.00,8.00,0.00,0.00,3.00,0.00,0.00,0.00,0.00
11:46:27,5,89.00,0.00,9.00,0.00,0.00,2.00,0.00,0.00,0.00,0.00
11:46:27,6,90.00,0.00,8.00,0.00,0.00,2.00,0.00,0.00,0.00,0.00
11:46:27,7,88.89,0.00,8.08,0.00,0.00,3.03,0.00,0.00,0.00,0.00
11:46:27,12,89.11,0.00,6.93,0.00,0.00,3.96,0.00,0.00,0.00,0.00
11:46:27,13,89.00,0.00,8.00,0.00,0.00,3.00,0.00,0.00,0.00,0.00
11:46:27,14,87.13,0.00,8.91,0.00,0.00,2.97,0.00,0.00,0.00,0.99
11:46:27,15,88.12,0.00,6.93,0.00,0.00,3.96,0.00,0.00,0.00,0.99
11:46:28,4,88.89,0.00,8.08,0.00,0.00,3.03,0.00,0.00,0.00,0.00
11:46:28,5,88.00,0.00,9.00,0.00,0.00,3.00,0.00,0.00,0.00,0.00
11:46:28,6,90.00,0.00,7.00,0.00,0.00,3.00,0.00,0.00,0.00,0.00
11:46:28,7,89.00,0.00,9.00,0.00,0.00,2.00,0.00,0.00,0.00,0.00
11:46:28,12,87.00,0.00,9.00,0.00,0.00,3.00,0.00,0.00,0.00,1.00
11:46:28,13,89.11,0.00,7.92,0.00,0.00,1.98,0.00,0.00,0.00,0.99
11:46:28,14,90.00,0.00,7.00,0.00,0.00,3.00,0.00,0.00,0.00,0.00
11:46:28,15,89.90,0.00,8.08,0.00,0.00,2.02,0.00,0.00,0.00,0.00
11:46:29,4,88.12,0.00,8.91,0.00,0.00,2.97,0.00,0.00,0.00,0.00
11:46:29,5,90.00,0.00,8.00,0.00,0.00,2.00,0.00,0.00,0.00,0.00
11:46:29,6,86.14,0.00,9.90,0.00,0.00,2.97,0.00,0.00,0.00,0.99
11:46:29,7,89.00,0.00,8.00,0.00,0.00,3.00,0.00,0.00,0.00,0.00
11:46:29,12,90.00,0.00,8.00,0.00,0.00,2.00,0.00,0.00,0.00,0.00
11:46:29,13,91.00,0.00,7.00,0.00,0.00,2.00,0.00,0.00,0.00,0.00
11:46:29,14,87.00,0.00,10.00,0.00,0.00,3.00,0.00,0.00,0.00,0.00
11:46:29,15,89.00,0.00,9.00,0.00,0.00,2.00,0.00,0.00,0.00,0.00
11:46:30,4,89.90,0.00,8.08,0.00,0.00,2.02,0.00,0.00,0.00,0.00
11:46:30,5,87.00,0.00,10.00,0.00,0.00,3.00,0.00,0.00,0.00,0.00
11:46:30,6,89.00,0.00,8.00,0.00,0.00,3.00,0.00,0.00,0.00,0.00
11:46:30,7,88.00,0.00,9.00,0.00,0.00,3.00,0.00,0.00,0.00,0.00
11:46:30,12,89.00,0.00,8.00,0.00,0.00,3.00,0.00,0.00,0.00,0.00
11:46:30,13,89.90,0.00,7.07,0.00,0.00,3.03,0.00,0.00,0.00,0.00
11:46:30,14,89.90,0.00,8.08,0.00,0.00,2.02,0.00,0.00,0.00,0.00
11:46:30,15,90.00,0.00,7.00,0.00,0.00,3.00,0.00,0.00,0.00,0.00
11:46:31,4,89.90,0.00,7.07,0.00,0.00,3.03,0.00,0.00,0.00,0.00
11:46:31,5,89.11,0.00,7.92,0.00,0.00,2.97,0.00,0.00,0.00,0.00
11:46:31,6,89.90,0.00,8.08,0.00,0.00,2.02,0.00,0.00,0.00,0.00
11:46:31,7,87.88,0.00,9.09,0.00,0.00,3.03,0.00,0.00,0.00,0.00
11:46:31,12,89.00,0.00,9.00,0.00,0.00,2.00,0.00,0.00,0.00,0.00
11:46:31,13,89.11,0.00,7.92,0.00,0.00,2.97,0.00,0.00,0.00,0.00
11:46:31,14,87.13,0.00,9.90,0.00,0.00,2.97,0.00,0.00,0.00,0.00
11:46:31,15,88.00,0.00,9.00,0.00,0.00,3.00,0.00,0.00,0.00,0.00
11:46:32,4,87.25,0.00,8.82,0.00,0.00,2.94,0.00,0.00,0.00,0.98
11:46:32,5,89.90,0.00,8.08,0.00,0.00,2.02,0.00,0.00,0.00,0.00
11:46:32,6,88.12,0.00,8.91,0.00,0.00,2.97,0.00,0.00,0.00,0.00
11:46:32,7,87.25,0.00,7.84,0.00,0.00,3.92,0.00,0.00,0.00,0.98
11:46:32,12,89.90,0.00,8.08,0.00,0.00,2.02,0.00,0.00,0.00,0.00
11:46:32,13,91.92,0.00,5.05,0.00,0.00,3.03,0.00,0.00,0.00,0.00
11:46:32,14,88.89,0.00,8.08,0.00,0.00,3.03,0.00,0.00,0.00,0.00
11:46:32,15,88.12,0.00,7.92,0.00,0.00,2.97,0.00,0.00,0.00,0.99
11:46:33,4,87.00,0.00,9.00,0.00,0.00,4.00,0.00,0.00,0.00,0.00
11:46:33,5,89.11,0.00,7.92,0.00,0.00,1.98,0.00,0.00,0.00,0.99
11:46:33,6,88.89,0.00,9.09,0.00,0.00,2.02,0.00,0.00,0.00,0.00
11:46:33,7,88.89,0.00,9.09,0.00,0.00,2.02,0.00,0.00,0.00,0.00
11:46:33,12,88.12,0.00,8.91,0.00,0.00,2.97,0.00,0.00,0.00,0.00
11:46:33,13,90.00,0.00,8.00,0.00,0.00,2.00,0.00,0.00,0.00,0.00
11:46:33,14,90.00,0.00,8.00,0.00,0.00,2.00,0.00,0.00,0.00,0.00
11:46:33,15,90.00,0.00,8.00,0.00,0.00,2.00,0.00,0.00,0.00,0.00
11:46:34,4,90.00,0.00,8.00,0.00,0.00,2.00,0.00,0.00,0.00,0.00
11:46:34,5,87.00,0.00,10.00,0.00,0.00,3.00,0.00,0.00,0.00,0.00
11:46:34,6,90.00,0.00,7.00,0.00,0.00,3.00,0.00,0.00,0.00,0.00
11:46:34,7,90.00,0.00,7.00,0.00,0.00,3.00,0.00,0.00,0.00,0.00
11:46:34,12,91.00,0.00,7.00,0.00,0.00,2.00,0.00,0.00,0.00,0.00
11:46:34,13,89.00,0.00,9.00,0.00,0.00,2.00,0.00,0.00,0.00,0.00
11:46:34,14,89.00,0.00,7.00,0.00,0.00,4.00,0.00,0.00,0.00,0.00
11:46:34,15,90.10,0.00,6.93,0.00,0.00,2.97,0.00,0.00,0.00,0.00
11:46:35,4,89.90,0.00,8.08,0.00,0.00,2.02,0.00,0.00,0.00,0.00
11:46:35,5,89.90,0.00,8.08,0.00,0.00,2.02,0.00,0.00,0.00,0.00
11:46:35,6,89.00,0.00,9.00,0.00,0.00,2.00,0.00,0.00,0.00,0.00
11:46:35,7,90.00,0.00,8.00,0.00,0.00,2.00,0.00,0.00,0.00,0.00
11:46:35,12,89.90,0.00,8.08,0.00,0.00,2.02,0.00,0.00,0.00,0.00
11:46:35,13,87.00,0.00,9.00,0.00,0.00,4.00,0.00,0.00,0.00,0.00
11:46:35,14,90.00,0.00,7.00,0.00,0.00,3.00,0.00,0.00,0.00,0.00
11:46:35,15,88.00,0.00,9.00,0.00,0.00,3.00,0.00,0.00,0.00,0.00
11:46:36,4,88.00,0.00,9.00,0.00,0.00,3.00,0.00,0.00,0.00,0.00
11:46:36,5,88.12,0.00,9.90,0.00,0.00,1.98,0.00,0.00,0.00,0.00
11:46:36,6,89.00,0.00,7.00,0.00,0.00,4.00,0.00,0.00,0.00,0.00
11:46:36,7,89.00,0.00,8.00,0.00,0.00,3.00,0.00,0.00,0.00,0.00
11:46:36,12,88.12,0.00,7.92,0.00,0.00,3.96,0.00,0.00,0.00,0.00
11:46:36,13,88.89,0.00,8.08,0.00,0.00,3.03,0.00,0.00,0.00,0.00
11:46:36,14,88.00,0.00,10.00,0.00,0.00,2.00,0.00,0.00,0.00,0.00
11:46:36,15,91.84,0.00,7.14,0.00,0.00,1.02,0.00,0.00,0.00,0.00
11:46:37,4,90.00,0.00,8.00,0.00,0.00,2.00,0.00,0.00,0.00,0.00
11:46:37,5,88.00,0.00,9.00,0.00,0.00,3.00,0.00,0.00,0.00,0.00
11:46:37,6,88.00,0.00,9.00,0.00,0.00,3.00,0.00,0.00,0.00,0.00
11:46:37,7,90.91,0.00,7.07,0.00,0.00,2.02,0.00,0.00,0.00,0.00
11:46:37,12,88.89,0.00,9.09,0.00,0.00,2.02,0.00,0.00,0.00,0.00
11:46:37,13,88.12,0.00,8.91,0.00,0.00,2.97,0.00,0.00,0.00,0.00
11:46:37,14,88.12,0.00,7.92,0.00,0.00,2.97,0.00,0.00,0.00,0.99
11:46:37,15,89.11,0.00,7.92,0.00,0.00,2.97,0.00,0.00,0.00,0.00
11:46:38,4,89.00,0.00,9.00,0.00,0.00,2.00,0.00,0.00,0.00,0.00
11:46:38,5,89.00,0.00,9.00,0.00,0.00,2.00,0.00,0.00,0.00,0.00
11:46:38,6,91.00,0.00,6.00,0.00,0.00,3.00,0.00,0.00,0.00,0.00
11:46:38,7,88.12,0.00,9.90,0.00,0.00,1.98,0.00,0.00,0.00,0.00
11:46:38,12,88.00,0.00,9.00,0.00,0.00,3.00,0.00,0.00,0.00,0.00
11:46:38,13,91.00,0.00,8.00,0.00,0.00,1.00,0.00,0.00,0.00,0.00
11:46:38,14,89.90,0.00,8.08,0.00,0.00,2.02,0.00,0.00,0.00,0.00
11:46:38,15,88.89,0.00,8.08,0.00,0.00,3.03,0.00,0.00,0.00,0.00
11:46:39,4,84.16,0.00,9.90,0.00,0.00,3.96,0.00,0.00,0.00,1.98
11:46:39,5,85.86,0.00,10.10,0.00,0.00,3.03,0.00,0.00,0.00,1.01
11:46:39,6,88.00,0.00,7.00,0.00,0.00,3.00,0.00,0.00,0.00,2.00
11:46:39,7,87.00,0.00,7.00,0.00,0.00,4.00,0.00,0.00,0.00,2.00
11:46:39,12,89.11,0.00,5.94,0.00,0.00,2.97,0.00,0.00,0.00,1.98
11:46:39,13,88.00,0.00,7.00,0.00,0.00,3.00,0.00,0.00,0.00,2.00
11:46:39,14,86.14,0.00,8.91,0.00,0.00,3.96,0.00,0.00,0.00,0.99
11:46:39,15,87.13,0.00,8.91,0.00,0.00,1.98,0.00,0.00,0.00,1.98
11:46:40,4,89.90,0.00,7.07,0.00,0.00,3.03,0.00,0.00,0.00,0.00
11:46:40,5,91.92,0.00,6.06,0.00,0.00,2.02,0.00,0.00,0.00,0.00
11:46:40,6,87.13,0.00,8.91,0.00,0.00,3.96,0.00,0.00,0.00,0.00
11:46:40,7,88.00,0.00,9.00,0.00,0.00,3.00,0.00,0.00,0.00,0.00
11:46:40,12,89.00,0.00,9.00,0.00,0.00,2.00,0.00,0.00,0.00,0.00
11:46:40,13,87.13,0.00,8.91,0.00,0.00,3.96,0.00,0.00,0.00,0.00
11:46:40,14,88.89,0.00,8.08,0.00,0.00,3.03,0.00,0.00,0.00,0.00
11:46:40,15,89.00,0.00,9.00,0.00,0.00,2.00,0.00,0.00,0.00,0.00
11:46:41,4,87.13,0.00,10.89,0.00,0.00,1.98,0.00,0.00,0.00,0.00
11:46:41,5,89.11,0.00,7.92,0.00,0.00,2.97,0.00,0.00,0.00,0.00
11:46:41,6,88.78,0.00,9.18,0.00,0.00,2.04,0.00,0.00,0.00,0.00
11:46:41,7,90.00,0.00,7.00,0.00,0.00,3.00,0.00,0.00,0.00,0.00
11:46:41,12,88.89,0.00,8.08,0.00,0.00,3.03,0.00,0.00,0.00,0.00
11:46:41,13,87.88,0.00,9.09,0.00,0.00,3.03,0.00,0.00,0.00,0.00
11:46:41,14,90.00,0.00,7.00,0.00,0.00,3.00,0.00,0.00,0.00,0.00
11:46:41,15,90.00,0.00,7.00,0.00,0.00,3.00,0.00,0.00,0.00,0.00
11:46:42,4,91.00,0.00,7.00,0.00,0.00,2.00,0.00,0.00,0.00,0.00
11:46:42,5,88.00,0.00,7.00,0.00,0.00,4.00,0.00,0.00,0.00,1.00
11:46:42,6,90.00,0.00,8.00,0.00,0.00,2.00,0.00,0.00,0.00,0.00
11:46:42,7,89.90,0.00,7.07,0.00,0.00,3.03,0.00,0.00,0.00,0.00
11:46:42,12,89.00,0.00,7.00,0.00,0.00,4.00,0.00,0.00,0.00,0.00
11:46:42,13,89.00,0.00,8.00,0.00,0.00,3.00,0.00,0.00,0.00,0.00
11:46:42,14,90.00,0.00,8.00,0.00,0.00,2.00,0.00,0.00,0.00,0.00
11:46:42,15,88.00,0.00,8.00,0.00,0.00,4.00,0.00,0.00,0.00,0.00
11:46:43,4,90.91,0.00,7.07,0.00,0.00,2.02,0.00,0.00,0.00,0.00
11:46:43,5,89.11,0.00,7.92,0.00,0.00,2.97,0.00,0.00,0.00,0.00
11:46:43,6,89.11,0.00,7.92,0.00,0.00,2.97,0.00,0.00,0.00,0.00
11:46:43,7,88.12,0.00,8.91,0.00,0.00,2.97,0.00,0.00,0.00,0.00
11:46:43,12,90.00,0.00,7.00,0.00,0.00,3.00,0.00,0.00,0.00,0.00
11:46:43,13,87.00,0.00,9.00,0.00,0.00,4.00,0.00,0.00,0.00,0.00
11:46:43,14,90.00,0.00,7.00,0.00,0.00,2.00,0.00,0.00,0.00,1.00
11:46:43,15,89.00,0.00,9.00,0.00,0.00,2.00,0.00,0.00,0.00,0.00
11:46:44,4,88.12,0.00,6.93,0.00,0.00,3.96,0.00,0.00,0.00,0.99
11:46:44,5,89.80,0.00,7.14,0.00,0.00,3.06,0.00,0.00,0.00,0.00
11:46:44,6,88.00,0.00,9.00,0.00,0.00,2.00,0.00,0.00,0.00,1.00
11:46:44,7,88.00,0.00,8.00,0.00,0.00,3.00,0.00,0.00,0.00,1.00
11:46:44,12,86.14,0.00,8.91,0.00,0.00,3.96,0.00,0.00,0.00,0.99
11:46:44,13,89.00,0.00,8.00,0.00,0.00,2.00,0.00,0.00,0.00,1.00
11:46:44,14,89.00,0.00,9.00,0.00,0.00,2.00,0.00,0.00,0.00,0.00
11:46:44,15,88.89,0.00,7.07,0.00,0.00,3.03,0.00,0.00,0.00,1.01
11:46:45,4,88.89,0.00,8.08,0.00,0.00,3.03,0.00,0.00,0.00,0.00
11:46:45,5,87.25,0.00,8.82,0.00,0.00,2.94,0.00,0.00,0.00,0.98
11:46:45,6,89.90,0.00,8.08,0.00,0.00,2.02,0.00,0.00,0.00,0.00
11:46:45,7,88.89,0.00,9.09,0.00,0.00,2.02,0.00,0.00,0.00,0.00
11:46:45,12,89.90,0.00,8.08,0.00,0.00,2.02,0.00,0.00,0.00,0.00
11:46:45,13,88.89,0.00,8.08,0.00,0.00,3.03,0.00,0.00,0.00,0.00
11:46:45,14,89.00,0.00,8.00,0.00,0.00,3.00,0.00,0.00,0.00,0.00
11:46:45,15,90.00,0.00,8.00,0.00,0.00,2.00,0.00,0.00,0.00,0.00
11:46:46,4,89.00,0.00,8.00,0.00,0.00,3.00,0.00,0.00,0.00,0.00
11:46:46,5,91.00,0.00,7.00,0.00,0.00,2.00,0.00,0.00,0.00,0.00
11:46:46,6,90.00,0.00,7.00,0.00,0.00,3.00,0.00,0.00,0.00,0.00
11:46:46,7,87.13,0.00,8.91,0.00,0.00,3.96,0.00,0.00,0.00,0.00
11:46:46,12,90.10,0.00,6.93,0.00,0.00,2.97,0.00,0.00,0.00,0.00
11:46:46,13,88.12,0.00,8.91,0.00,0.00,2.97,0.00,0.00,0.00,0.00
11:46:46,14,90.10,0.00,5.94,0.00,0.00,2.97,0.00,0.00,0.00,0.99
11:46:46,15,88.00,0.00,7.00,0.00,0.00,5.00,0.00,0.00,0.00,0.00
11:46:47,4,90.91,0.00,7.07,0.00,0.00,2.02,0.00,0.00,0.00,0.00
11:46:47,5,89.00,0.00,8.00,0.00,0.00,3.00,0.00,0.00,0.00,0.00
11:46:47,6,89.11,0.00,7.92,0.00,0.00,2.97,0.00,0.00,0.00,0.00
11:46:47,7,89.00,0.00,8.00,0.00,0.00,3.00,0.00,0.00,0.00,0.00
11:46:47,12,91.00,0.00,7.00,0.00,0.00,2.00,0.00,0.00,0.00,0.00
11:46:47,13,89.00,0.00,9.00,0.00,0.00,2.00,0.00,0.00,0.00,0.00
11:46:47,14,90.91,0.00,7.07,0.00,0.00,2.02,0.00,0.00,0.00,0.00
11:46:47,15,89.11,0.00,8.91,0.00,0.00,1.98,0.00,0.00,0.00,0.00
11:46:48,4,88.12,0.00,8.91,0.00,0.00,2.97,0.00,0.00,0.00,0.00
11:46:48,5,91.00,0.00,7.00,0.00,0.00,2.00,0.00,0.00,0.00,0.00
11:46:48,6,89.00,0.00,8.00,0.00,0.00,3.00,0.00,0.00,0.00,0.00
11:46:48,7,88.00,0.00,9.00,0.00,0.00,3.00,0.00,0.00,0.00,0.00
11:46:48,12,88.89,0.00,8.08,0.00,0.00,3.03,0.00,0.00,0.00,0.00
11:46:48,13,90.00,0.00,8.00,0.00,0.00,2.00,0.00,0.00,0.00,0.00
11:46:48,14,88.12,0.00,8.91,0.00,0.00,2.97,0.00,0.00,0.00,0.00
11:46:48,15,88.89,0.00,8.08,0.00,0.00,3.03,0.00,0.00,0.00,0.00
11:46:49,4,89.00,0.00,9.00,0.00,0.00,2.00,0.00,0.00,0.00,0.00
11:46:49,5,88.00,0.00,9.00,0.00,0.00,3.00,0.00,0.00,0.00,0.00
11:46:49,6,89.00,0.00,8.00,0.00,0.00,3.00,0.00,0.00,0.00,0.00
11:46:49,7,90.00,0.00,8.00,0.00,0.00,2.00,0.00,0.00,0.00,0.00
11:46:49,12,87.13,0.00,9.90,0.00,0.00,2.97,0.00,0.00,0.00,0.00
11:46:49,13,87.00,0.00,9.00,0.00,0.00,4.00,0.00,0.00,0.00,0.00
11:46:49,14,88.89,0.00,8.08,0.00,0.00,3.03,0.00,0.00,0.00,0.00
11:46:49,15,91.00,0.00,7.00,0.00,0.00,2.00,0.00,0.00,0.00,0.00
11:46:50,4,89.90,0.00,7.07,0.00,0.00,3.03,0.00,0.00,0.00,0.00
11:46:50,5,89.90,0.00,8.08,0.00,0.00,2.02,0.00,0.00,0.00,0.00
11:46:50,6,90.00,0.00,7.00,0.00,0.00,3.00,0.00,0.00,0.00,0.00
11:46:50,7,89.90,0.00,8.08,0.00,0.00,2.02,0.00,0.00,0.00,0.00
11:46:50,12,90.00,0.00,6.00,0.00,0.00,3.00,0.00,0.00,0.00,1.00
11:46:50,13,90.00,0.00,9.00,0.00,0.00,1.00,0.00,0.00,0.00,0.00
11:46:50,14,90.10,0.00,7.92,0.00,0.00,1.98,0.00,0.00,0.00,0.00
11:46:50,15,88.89,0.00,8.08,0.00,0.00,3.03,0.00,0.00,0.00,0.00
11:46:51,4,87.13,0.00,8.91,0.00,0.00,3.96,0.00,0.00,0.00,0.00
11:46:51,5,90.00,0.00,8.00,0.00,0.00,2.00,0.00,0.00,0.00,0.00
11:46:51,6,89.11,0.00,6.93,0.00,0.00,2.97,0.00,0.00,0.00,0.99
11:46:51,7,87.00,0.00,10.00,0.00,0.00,3.00,0.00,0.00,0.00,0.00
11:46:51,12,90.00,0.00,8.00,0.00,0.00,2.00,0.00,0.00,0.00,0.00
11:46:51,13,89.00,0.00,7.00,0.00,0.00,3.00,0.00,0.00,0.00,1.00
11:46:51,14,90.91,0.00,6.06,0.00,0.00,3.03,0.00,0.00,0.00,0.00
11:46:51,15,90.00,0.00,8.00,0.00,0.00,2.00,0.00,0.00,0.00,0.00
11:46:52,4,90.00,0.00,8.00,0.00,0.00,2.00,0.00,0.00,0.00,0.00
11:46:52,5,88.00,0.00,9.00,0.00,0.00,3.00,0.00,0.00,0.00,0.00
11:46:52,6,89.90,0.00,7.07,0.00,0.00,3.03,0.00,0.00,0.00,0.00
11:46:52,7,88.00,0.00,9.00,0.00,0.00,3.00,0.00,0.00,0.00,0.00
11:46:52,12,90.00,0.00,8.00,0.00,0.00,2.00,0.00,0.00,0.00,0.00
11:46:52,13,88.00,0.00,8.00,0.00,0.00,4.00,0.00,0.00,0.00,0.00
11:46:52,14,90.00,0.00,7.00,0.00,0.00,3.00,0.00,0.00,0.00,0.00
11:46:52,15,89.11,0.00,7.92,0.00,0.00,2.97,0.00,0.00,0.00,0.00
11:46:53,4,88.89,0.00,9.09,0.00,0.00,2.02,0.00,0.00,0.00,0.00
11:46:53,5,89.00,0.00,8.00,0.00,0.00,3.00,0.00,0.00,0.00,0.00
11:46:53,6,91.00,0.00,7.00,0.00,0.00,2.00,0.00,0.00,0.00,0.00
11:46:53,7,87.13,0.00,7.92,0.00,0.00,3.96,0.00,0.00,0.00,0.99
11:46:53,12,88.00,0.00,8.00,0.00,0.00,4.00,0.00,0.00,0.00,0.00
11:46:53,13,88.12,0.00,8.91,0.00,0.00,2.97,0.00,0.00,0.00,0.00
11:46:53,14,89.11,0.00,7.92,0.00,0.00,2.97,0.00,0.00,0.00,0.00
11:46:53,15,89.11,0.00,6.93,0.00,0.00,2.97,0.00,0.00,0.00,0.99
11:46:54,4,89.11,0.00,6.93,0.00,0.00,3.96,0.00,0.00,0.00,0.00
11:46:54,5,89.11,0.00,7.92,0.00,0.00,2.97,0.00,0.00,0.00,0.00
11:46:54,6,88.00,0.00,10.00,0.00,0.00,2.00,0.00,0.00,0.00,0.00
11:46:54,7,88.00,0.00,9.00,0.00,0.00,3.00,0.00,0.00,0.00,0.00
11:46:54,12,90.00,0.00,7.00,0.00,0.00,3.00,0.00,0.00,0.00,0.00
11:46:54,13,90.00,0.00,7.00,0.00,0.00,3.00,0.00,0.00,0.00,0.00
11:46:54,14,89.90,0.00,8.08,0.00,0.00,2.02,0.00,0.00,0.00,0.00
11:46:54,15,89.90,0.00,8.08,0.00,0.00,2.02,0.00,0.00,0.00,0.00
11:46:55,4,85.86,0.00,12.12,0.00,0.00,2.02,0.00,0.00,0.00,0.00
11:46:55,5,89.90,0.00,8.08,0.00,0.00,2.02,0.00,0.00,0.00,0.00
11:46:55,6,91.00,0.00,6.00,0.00,0.00,3.00,0.00,0.00,0.00,0.00
11:46:55,7,89.00,0.00,8.00,0.00,0.00,3.00,0.00,0.00,0.00,0.00
11:46:55,12,89.00,0.00,9.00,0.00,0.00,2.00,0.00,0.00,0.00,0.00
11:46:55,13,90.91,0.00,6.06,0.00,0.00,3.03,0.00,0.00,0.00,0.00
11:46:55,14,87.00,0.00,10.00,0.00,0.00,3.00,0.00,0.00,0.00,0.00
11:46:55,15,89.00,0.00,9.00,0.00,0.00,2.00,0.00,0.00,0.00,0.00
11:46:56,4,89.11,0.00,6.93,0.00,0.00,2.97,0.00,0.00,0.00,0.99
11:46:56,5,89.90,0.00,7.07,0.00,0.00,3.03,0.00,0.00,0.00,0.00
11:46:56,6,87.88,0.00,9.09,0.00,0.00,3.03,0.00,0.00,0.00,0.00
11:46:56,7,89.11,0.00,6.93,0.00,0.00,3.96,0.00,0.00,0.00,0.00
11:46:56,12,88.89,0.00,8.08,0.00,0.00,3.03,0.00,0.00,0.00,0.00
11:46:56,13,89.00,0.00,8.00,0.00,0.00,3.00,0.00,0.00,0.00,0.00
11:46:56,14,90.91,0.00,7.07,0.00,0.00,2.02,0.00,0.00,0.00,0.00
11:46:56,15,89.00,0.00,7.00,0.00,0.00,4.00,0.00,0.00,0.00,0.00
11:46:57,4,91.00,0.00,7.00,0.00,0.00,2.00,0.00,0.00,0.00,0.00
11:46:57,5,90.00,0.00,7.00,0.00,0.00,3.00,0.00,0.00,0.00,0.00
11:46:57,6,90.10,0.00,6.93,0.00,0.00,2.97,0.00,0.00,0.00,0.00
11:46:57,7,90.82,0.00,7.14,0.00,0.00,2.04,0.00,0.00,0.00,0.00
11:46:57,12,90.00,0.00,8.00,0.00,0.00,2.00,0.00,0.00,0.00,0.00
11:46:57,13,88.00,0.00,9.00,0.00,0.00,3.00,0.00,0.00,0.00,0.00
11:46:57,14,87.13,0.00,8.91,0.00,0.00,3.96,0.00,0.00,0.00,0.00
11:46:57,15,89.00,0.00,9.00,0.00,0.00,2.00,0.00,0.00,0.00,0.00
11:46:58,4,90.00,0.00,7.00,0.00,0.00,3.00,0.00,0.00,0.00,0.00
11:46:58,5,88.24,0.00,6.86,0.00,0.00,3.92,0.00,0.00,0.00,0.98
11:46:58,6,89.90,0.00,7.07,0.00,0.00,3.03,0.00,0.00,0.00,0.00
11:46:58,7,89.00,0.00,8.00,0.00,0.00,3.00,0.00,0.00,0.00,0.00
11:46:58,12,90.00,0.00,8.00,0.00,0.00,2.00,0.00,0.00,0.00,0.00
11:46:58,13,89.00,0.00,9.00,0.00,0.00,2.00,0.00,0.00,0.00,0.00
11:46:58,14,89.00,0.00,7.00,0.00,0.00,3.00,0.00,0.00,0.00,1.00
11:46:58,15,90.00,0.00,8.00,0.00,0.00,2.00,0.00,0.00,0.00,0.00
11:46:59,4,87.88,0.00,8.08,0.00,0.00,2.02,0.00,0.00,0.00,2.02
11:46:59,5,89.80,0.00,7.14,0.00,0.00,2.04,0.00,0.00,0.00,1.02
11:46:59,6,87.00,0.00,9.00,0.00,0.00,2.00,0.00,0.00,0.00,2.00
11:46:59,7,86.14,0.00,7.92,0.00,0.00,3.96,0.00,0.00,0.00,1.98
11:46:59,12,87.00,0.00,8.00,0.00,0.00,3.00,0.00,0.00,0.00,2.00
11:46:59,13,89.00,0.00,7.00,0.00,0.00,2.00,0.00,0.00,0.00,2.00
11:46:59,14,87.88,0.00,8.08,0.00,0.00,3.03,0.00,0.00,0.00,1.01
11:46:59,15,88.89,0.00,7.07,0.00,0.00,2.02,0.00,0.00,0.00,2.02
11:47:00,4,89.11,0.00,7.92,0.00,0.00,2.97,0.00,0.00,0.00,0.00
11:47:00,5,89.11,0.00,6.93,0.00,0.00,2.97,0.00,0.00,0.00,0.99
11:47:00,6,88.12,0.00,7.92,0.00,0.00,3.96,0.00,0.00,0.00,0.00
11:47:00,7,89.90,0.00,8.08,0.00,0.00,2.02,0.00,0.00,0.00,0.00
11:47:00,12,89.00,0.00,8.00,0.00,0.00,3.00,0.00,0.00,0.00,0.00
11:47:00,13,89.00,0.00,8.00,0.00,0.00,3.00,0.00,0.00,0.00,0.00
11:47:00,14,90.10,0.00,6.93,0.00,0.00,1.98,0.00,0.00,0.00,0.99
11:47:00,15,90.10,0.00,6.93,0.00,0.00,2.97,0.00,0.00,0.00,0.00
11:47:01,4,89.00,0.00,8.00,0.00,0.00,3.00,0.00,0.00,0.00,0.00
11:47:01,5,88.89,0.00,9.09,0.00,0.00,2.02,0.00,0.00,0.00,0.00
11:47:01,6,87.88,0.00,9.09,0.00,0.00,3.03,0.00,0.00,0.00,0.00
11:47:01,7,87.13,0.00,8.91,0.00,0.00,3.96,0.00,0.00,0.00,0.00
11:47:01,12,90.00,0.00,7.00,0.00,0.00,3.00,0.00,0.00,0.00,0.00
11:47:01,13,90.00,0.00,8.00,0.00,0.00,2.00,0.00,0.00,0.00,0.00
11:47:01,14,89.00,0.00,8.00,0.00,0.00,3.00,0.00,0.00,0.00,0.00
11:47:01,15,89.90,0.00,8.08,0.00,0.00,2.02,0.00,0.00,0.00,0.00
11:47:02,4,88.89,0.00,8.08,0.00,0.00,3.03,0.00,0.00,0.00,0.00
11:47:02,5,88.12,0.00,7.92,0.00,0.00,3.96,0.00,0.00,0.00,0.00
11:47:02,6,89.90,0.00,8.08,0.00,0.00,2.02,0.00,0.00,0.00,0.00
11:47:02,7,87.88,0.00,9.09,0.00,0.00,3.03,0.00,0.00,0.00,0.00
11:47:02,12,89.00,0.00,8.00,0.00,0.00,3.00,0.00,0.00,0.00,0.00
11:47:02,13,89.00,0.00,8.00,0.00,0.00,3.00,0.00,0.00,0.00,0.00
11:47:02,14,88.00,0.00,9.00,0.00,0.00,3.00,0.00,0.00,0.00,0.00
11:47:02,15,87.13,0.00,9.90,0.00,0.00,2.97,0.00,0.00,0.00,0.00
11:47:03,4,90.10,0.00,6.93,0.00,0.00,2.97,0.00,0.00,0.00,0.00
11:47:03,5,88.00,0.00,9.00,0.00,0.00,3.00,0.00,0.00,0.00,0.00
11:47:03,6,91.00,0.00,7.00,0.00,0.00,2.00,0.00,0.00,0.00,0.00
11:47:03,7,90.00,0.00,7.00,0.00,0.00,3.00,0.00,0.00,0.00,0.00
11:47:03,12,89.00,0.00,8.00,0.00,0.00,3.00,0.00,0.00,0.00,0.00
11:47:03,13,89.00,0.00,8.00,0.00,0.00,3.00,0.00,0.00,0.00,0.00
11:47:03,14,90.00,0.00,8.00,0.00,0.00,2.00,0.00,0.00,0.00,0.00
11:47:03,15,89.90,0.00,8.08,0.00,0.00,2.02,0.00,0.00,0.00,0.00
11:47:04,4,90.00,0.00,7.00,0.00,0.00,3.00,0.00,0.00,0.00,0.00
11:47:04,5,90.00,0.00,8.00,0.00,0.00,2.00,0.00,0.00,0.00,0.00
11:47:04,6,86.14,0.00,9.90,0.00,0.00,3.96,0.00,0.00,0.00,0.00
11:47:04,7,89.00,0.00,9.00,0.00,0.00,2.00,0.00,0.00,0.00,0.00
11:47:04,12,90.00,0.00,7.00,0.00,0.00,3.00,0.00,0.00,0.00,0.00
11:47:04,13,87.00,0.00,9.00,0.00,0.00,4.00,0.00,0.00,0.00,0.00
11:47:04,14,89.00,0.00,9.00,0.00,0.00,2.00,0.00,0.00,0.00,0.00
11:47:04,15,90.10,0.00,6.93,0.00,0.00,2.97,0.00,0.00,0.00,0.00
11:47:05,4,90.91,0.00,7.07,0.00,0.00,2.02,0.00,0.00,0.00,0.00
11:47:05,5,88.00,0.00,10.00,0.00,0.00,2.00,0.00,0.00,0.00,0.00
11:47:05,6,89.90,0.00,8.08,0.00,0.00,2.02,0.00,0.00,0.00,0.00
11:47:05,7,89.00,0.00,8.00,0.00,0.00,3.00,0.00,0.00,0.00,0.00
11:47:05,12,89.00,0.00,8.00,0.00,0.00,2.00,0.00,0.00,0.00,1.00
11:47:05,13,89.00,0.00,8.00,0.00,0.00,3.00,0.00,0.00,0.00,0.00
11:47:05,14,89.90,0.00,7.07,0.00,0.00,3.03,0.00,0.00,0.00,0.00
11:47:05,15,90.91,0.00,7.07,0.00,0.00,2.02,0.00,0.00,0.00,0.00
11:47:06,4,90.00,0.00,8.00,0.00,0.00,2.00,0.00,0.00,0.00,0.00
11:47:06,5,91.00,0.00,6.00,0.00,0.00,3.00,0.00,0.00,0.00,0.00
11:47:06,6,89.11,0.00,7.92,0.00,0.00,2.97,0.00,0.00,0.00,0.00
11:47:06,7,88.00,0.00,9.00,0.00,0.00,3.00,0.00,0.00,0.00,0.00
11:47:06,12,90.00,0.00,9.00,0.00,0.00,1.00,0.00,0.00,0.00,0.00
11:47:06,13,89.90,0.00,8.08,0.00,0.00,2.02,0.00,0.00,0.00,0.00
11:47:06,14,87.13,0.00,9.90,0.00,0.00,2.97,0.00,0.00,0.00,0.00
11:47:06,15,89.00,0.00,8.00,0.00,0.00,3.00,0.00,0.00,0.00,0.00
11:47:07,4,89.00,0.00,8.00,0.00,0.00,3.00,0.00,0.00,0.00,0.00
11:47:07,5,89.90,0.00,8.08,0.00,0.00,2.02,0.00,0.00,0.00,0.00
11:47:07,6,88.12,0.00,8.91,0.00,0.00,1.98,0.00,0.00,0.00,0.99
11:47:07,7,90.00,0.00,7.00,0.00,0.00,3.00,0.00,0.00,0.00,0.00
11:47:07,12,89.00,0.00,8.00,0.00,0.00,3.00,0.00,0.00,0.00,0.00
11:47:07,13,89.11,0.00,8.91,0.00,0.00,1.98,0.00,0.00,0.00,0.00
11:47:07,14,87.00,0.00,10.00,0.00,0.00,3.00,0.00,0.00,0.00,0.00
11:47:07,15,90.00,0.00,8.00,0.00,0.00,2.00,0.00,0.00,0.00,0.00
11:47:08,4,88.00,0.00,10.00,0.00,0.00,2.00,0.00,0.00,0.00,0.00
11:47:08,5,88.12,0.00,7.92,0.00,0.00,3.96,0.00,0.00,0.00,0.00
11:47:08,6,87.88,0.00,9.09,0.00,0.00,3.03,0.00,0.00,0.00,0.00
11:47:08,7,89.11,0.00,7.92,0.00,0.00,1.98,0.00,0.00,0.00,0.99
11:47:08,12,88.89,0.00,8.08,0.00,0.00,3.03,0.00,0.00,0.00,0.00
11:47:08,13,88.00,0.00,8.00,0.00,0.00,3.00,0.00,0.00,0.00,1.00
11:47:08,14,88.89,0.00,9.09,0.00,0.00,2.02,0.00,0.00,0.00,0.00
11:47:08,15,88.00,0.00,9.00,0.00,0.00,2.00,0.00,0.00,0.00,1.00
11:47:09,4,90.91,0.00,7.07,0.00,0.00,2.02,0.00,0.00,0.00,0.00
11:47:09,5,90.00,0.00,7.00,0.00,0.00,3.00,0.00,0.00,0.00,0.00
11:47:09,6,87.00,0.00,9.00,0.00,0.00,4.00,0.00,0.00,0.00,0.00
11:47:09,7,89.00,0.00,8.00,0.00,0.00,3.00,0.00,0.00,0.00,0.00
11:47:09,12,91.09,0.00,6.93,0.00,0.00,1.98,0.00,0.00,0.00,0.00
11:47:09,13,91.00,0.00,7.00,0.00,0.00,2.00,0.00,0.00,0.00,0.00
11:47:09,14,88.00,0.00,9.00,0.00,0.00,3.00,0.00,0.00,0.00,0.00
11:47:09,15,91.00,0.00,6.00,0.00,0.00,3.00,0.00,0.00,0.00,0.00
11:47:10,4,91.00,0.00,6.00,0.00,0.00,3.00,0.00,0.00,0.00,0.00
11:47:10,5,88.89,0.00,9.09,0.00,0.00,2.02,0.00,0.00,0.00,0.00
11:47:10,6,89.00,0.00,8.00,0.00,0.00,3.00,0.00,0.00,0.00,0.00
11:47:10,7,90.91,0.00,7.07,0.00,0.00,2.02,0.00,0.00,0.00,0.00
11:47:10,12,89.00,0.00,8.00,0.00,0.00,3.00,0.00,0.00,0.00,0.00
11:47:10,13,88.89,0.00,8.08,0.00,0.00,3.03,0.00,0.00,0.00,0.00
11:47:10,14,87.13,0.00,8.91,0.00,0.00,3.96,0.00,0.00,0.00,0.00
11:47:10,15,89.11,0.00,7.92,0.00,0.00,2.97,0.00,0.00,0.00,0.00
11:47:11,4,88.12,0.00,8.91,0.00,0.00,1.98,0.00,0.00,0.00,0.99
11:47:11,5,89.00,0.00,9.00,0.00,0.00,2.00,0.00,0.00,0.00,0.00
11:47:11,6,90.91,0.00,7.07,0.00,0.00,2.02,0.00,0.00,0.00,0.00
11:47:11,7,89.00,0.00,8.00,0.00,0.00,3.00,0.00,0.00,0.00,0.00
11:47:11,12,90.91,0.00,7.07,0.00,0.00,2.02,0.00,0.00,0.00,0.00
11:47:11,13,90.00,0.00,8.00,0.00,0.00,2.00,0.00,0.00,0.00,0.00
11:47:11,14,90.91,0.00,7.07,0.00,0.00,2.02,0.00,0.00,0.00,0.00
11:47:11,15,89.90,0.00,8.08,0.00,0.00,2.02,0.00,0.00,0.00,0.00
11:47:12,4,87.13,0.00,9.90,0.00,0.00,2.97,0.00,0.00,0.00,0.00
11:47:12,5,89.11,0.00,7.92,0.00,0.00,2.97,0.00,0.00,0.00,0.00
11:47:12,6,88.12,0.00,7.92,0.00,0.00,3.96,0.00,0.00,0.00,0.00
11:47:12,7,89.00,0.00,9.00,0.00,0.00,2.00,0.00,0.00,0.00,0.00
11:47:12,12,89.00,0.00,9.00,0.00,0.00,2.00,0.00,0.00,0.00,0.00
11:47:12,13,88.00,0.00,9.00,0.00,0.00,3.00,0.00,0.00,0.00,0.00
11:47:12,14,88.00,0.00,9.00,0.00,0.00,3.00,0.00,0.00,0.00,0.00
11:47:12,15,89.11,0.00,7.92,0.00,0.00,2.97,0.00,0.00,0.00,0.00
11:47:13,4,89.90,0.00,9.09,0.00,0.00,1.01,0.00,0.00,0.00,0.00
11:47:13,5,88.12,0.00,7.92,0.00,0.00,2.97,0.00,0.00,0.00,0.99
11:47:13,6,88.89,0.00,9.09,0.00,0.00,2.02,0.00,0.00,0.00,0.00
11:47:13,7,89.00,0.00,8.00,0.00,0.00,3.00,0.00,0.00,0.00,0.00
11:47:13,12,88.12,0.00,8.91,0.00,0.00,2.97,0.00,0.00,0.00,0.00
11:47:13,13,90.00,0.00,7.00,0.00,0.00,3.00,0.00,0.00,0.00,0.00
11:47:13,14,89.00,0.00,8.00,0.00,0.00,3.00,0.00,0.00,0.00,0.00
11:47:13,15,89.00,0.00,8.00,0.00,0.00,3.00,0.00,0.00,0.00,0.00
11:47:14,4,88.00,0.00,9.00,0.00,0.00,3.00,0.00,0.00,0.00,0.00
11:47:14,5,90.82,0.00,8.16,0.00,0.00,1.02,0.00,0.00,0.00,0.00
11:47:14,6,88.12,0.00,8.91,0.00,0.00,2.97,0.00,0.00,0.00,0.00
11:47:14,7,91.09,0.00,5.94,0.00,0.00,2.97,0.00,0.00,0.00,0.00
11:47:14,12,88.00,0.00,9.00,0.00,0.00,3.00,0.00,0.00,0.00,0.00
11:47:14,13,89.00,0.00,8.00,0.00,0.00,3.00,0.00,0.00,0.00,0.00
11:47:14,14,88.24,0.00,7.84,0.00,0.00,2.94,0.00,0.00,0.00,0.98
11:47:14,15,90.91,0.00,7.07,0.00,0.00,2.02,0.00,0.00,0.00,0.00
11:47:15,4,89.90,0.00,8.08,0.00,0.00,2.02,0.00,0.00,0.00,0.00
11:47:15,5,89.11,0.00,7.92,0.00,0.00,2.97,0.00,0.00,0.00,0.00
11:47:15,6,90.00,0.00,7.00,0.00,0.00,2.00,0.00,0.00,0.00,1.00
11:47:15,7,90.91,0.00,7.07,0.00,0.00,2.02,0.00,0.00,0.00,0.00
11:47:15,12,89.90,0.00,7.07,0.00,0.00,3.03,0.00,0.00,0.00,0.00
11:47:15,13,89.11,0.00,7.92,0.00,0.00,2.97,0.00,0.00,0.00,0.00
11:47:15,14,88.89,0.00,8.08,0.00,0.00,3.03,0.00,0.00,0.00,0.00
11:47:15,15,88.00,0.00,10.00,0.00,0.00,2.00,0.00,0.00,0.00,0.00
11:47:16,4,88.12,0.00,7.92,0.00,0.00,3.96,0.00,0.00,0.00,0.00
11:47:16,5,89.00,0.00,8.00,0.00,0.00,3.00,0.00,0.00,0.00,0.00
11:47:16,6,89.11,0.00,7.92,0.00,0.00,2.97,0.00,0.00,0.00,0.00
11:47:16,7,89.00,0.00,8.00,0.00,0.00,3.00,0.00,0.00,0.00,0.00
11:47:16,12,89.00,0.00,8.00,0.00,0.00,3.00,0.00,0.00,0.00,0.00
11:47:16,13,90.91,0.00,7.07,0.00,0.00,2.02,0.00,0.00,0.00,0.00
11:47:16,14,90.91,0.00,6.06,0.00,0.00,3.03,0.00,0.00,0.00,0.00
11:47:16,15,86.14,0.00,9.90,0.00,0.00,2.97,0.00,0.00,0.00,0.99
11:47:17,4,90.00,0.00,8.00,0.00,0.00,2.00,0.00,0.00,0.00,0.00
11:47:17,5,91.00,0.00,6.00,0.00,0.00,3.00,0.00,0.00,0.00,0.00
11:47:17,6,88.89,0.00,8.08,0.00,0.00,3.03,0.00,0.00,0.00,0.00
11:47:17,7,90.00,0.00,8.00,0.00,0.00,2.00,0.00,0.00,0.00,0.00
11:47:17,12,90.00,0.00,8.00,0.00,0.00,2.00,0.00,0.00,0.00,0.00
11:47:17,13,88.12,0.00,8.91,0.00,0.00,1.98,0.00,0.00,0.00,0.99
11:47:17,14,89.11,0.00,7.92,0.00,0.00,2.97,0.00,0.00,0.00,0.00
11:47:17,15,90.91,0.00,7.07,0.00,0.00,2.02,0.00,0.00,0.00,0.00
11:47:18,4,88.12,0.00,7.92,0.99,0.00,1.98,0.00,0.00,0.00,0.99
11:47:18,5,88.89,0.00,8.08,0.00,0.00,2.02,0.00,0.00,0.00,1.01
11:47:18,6,86.00,0.00,10.00,0.00,0.00,3.00,0.00,0.00,0.00,1.00
11:47:18,7,87.00,0.00,9.00,0.00,0.00,3.00,0.00,0.00,0.00,1.00
11:47:18,12,90.00,0.00,7.00,0.00,0.00,2.00,0.00,0.00,0.00,1.00
11:47:18,13,88.00,0.00,7.00,0.00,0.00,4.00,0.00,0.00,0.00,1.00
11:47:18,14,89.00,0.00,8.00,0.00,0.00,2.00,0.00,0.00,0.00,1.00
11:47:18,15,89.00,0.00,8.00,0.00,0.00,2.00,0.00,0.00,0.00,1.00
11:47:19,4,89.00,0.00,8.00,0.00,0.00,3.00,0.00,0.00,0.00,0.00
11:47:19,5,88.12,0.00,8.91,0.00,0.00,2.97,0.00,0.00,0.00,0.00
11:47:19,6,89.00,0.00,7.00,0.00,0.00,4.00,0.00,0.00,0.00,0.00
11:47:19,7,90.00,0.00,7.00,0.00,0.00,3.00,0.00,0.00,0.00,0.00
11:47:19,12,87.13,0.00,8.91,0.00,0.00,2.97,0.00,0.00,0.00,0.99
11:47:19,13,87.00,0.00,10.00,0.00,0.00,3.00,0.00,0.00,0.00,0.00
11:47:19,14,90.00,0.00,7.00,0.00,0.00,3.00,0.00,0.00,0.00,0.00
11:47:19,15,89.00,0.00,8.00,0.00,0.00,3.00,0.00,0.00,0.00,0.00
11:47:20,4,91.00,0.00,7.00,0.00,0.00,2.00,0.00,0.00,0.00,0.00
11:47:20,5,89.00,0.00,8.00,0.00,0.00,3.00,0.00,0.00,0.00,0.00
11:47:20,6,87.00,0.00,10.00,0.00,0.00,3.00,0.00,0.00,0.00,0.00
11:47:20,7,88.12,0.00,8.91,0.00,0.00,1.98,0.00,0.00,0.00,0.99
11:47:20,12,91.00,0.00,7.00,0.00,0.00,2.00,0.00,0.00,0.00,0.00
11:47:20,13,89.00,0.00,9.00,0.00,0.00,2.00,0.00,0.00,0.00,0.00
11:47:20,14,88.89,0.00,9.09,0.00,0.00,2.02,0.00,0.00,0.00,0.00
11:47:20,15,89.11,0.00,7.92,0.00,0.00,2.97,0.00,0.00,0.00,0.00
11:47:21,4,89.90,0.00,8.08,0.00,0.00,2.02,0.00,0.00,0.00,0.00
11:47:21,5,88.00,0.00,9.00,0.00,0.00,3.00,0.00,0.00,0.00,0.00
11:47:21,6,91.00,0.00,7.00,0.00,0.00,2.00,0.00,0.00,0.00,0.00
11:47:21,7,90.00,0.00,7.00,0.00,0.00,3.00,0.00,0.00,0.00,0.00
11:47:21,12,88.00,0.00,7.00,0.00,0.00,5.00,0.00,0.00,0.00,0.00
11:47:21,13,89.00,0.00,8.00,0.00,0.00,3.00,0.00,0.00,0.00,0.00
11:47:21,14,90.00,0.00,8.00,0.00,0.00,2.00,0.00,0.00,0.00,0.00
11:47:21,15,88.89,0.00,9.09,0.00,0.00,2.02,0.00,0.00,0.00,0.00
11:47:22,4,89.00,0.00,8.00,0.00,0.00,3.00,0.00,0.00,0.00,0.00
11:47:22,5,88.89,0.00,9.09,0.00,0.00,2.02,0.00,0.00,0.00,0.00
11:47:22,6,89.00,0.00,9.00,0.00,0.00,2.00,0.00,0.00,0.00,0.00
11:47:22,7,88.89,0.00,8.08,0.00,0.00,3.03,0.00,0.00,0.00,0.00
11:47:22,12,90.00,0.00,8.00,0.00,0.00,2.00,0.00,0.00,0.00,0.00
11:47:22,13,91.92,0.00,6.06,0.00,0.00,2.02,0.00,0.00,0.00,0.00
11:47:22,14,89.90,0.00,8.08,0.00,0.00,2.02,0.00,0.00,0.00,0.00
11:47:22,15,87.13,0.00,8.91,0.00,0.00,3.96,0.00,0.00,0.00,0.00
11:47:23,4,87.00,0.00,8.00,0.00,0.00,3.00,0.00,0.00,0.00,2.00
11:47:23,5,88.00,0.00,7.00,0.00,0.00,3.00,0.00,0.00,0.00,2.00
11:47:23,6,87.13,0.00,7.92,0.00,0.00,2.97,0.00,0.00,0.00,1.98
11:47:23,7,87.00,0.00,9.00,0.00,0.00,2.00,0.00,0.00,0.00,2.00
11:47:23,12,88.89,0.00,6.06,0.00,0.00,3.03,0.00,0.00,0.00,2.02
11:47:23,13,85.00,0.00,9.00,0.00,0.00,4.00,0.00,0.00,0.00,2.00
11:47:23,14,86.14,0.00,8.91,0.00,0.00,2.97,0.00,0.00,0.00,1.98
11:47:23,15,87.88,0.00,8.08,0.00,0.00,2.02,0.00,0.00,0.00,2.02
11:47:24,4,90.00,0.00,7.00,0.00,0.00,3.00,0.00,0.00,0.00,0.00
11:47:24,5,90.00,0.00,8.00,0.00,0.00,2.00,0.00,0.00,0.00,0.00
11:47:24,6,91.00,0.00,7.00,0.00,0.00,2.00,0.00,0.00,0.00,0.00
11:47:24,7,90.00,0.00,8.00,0.00,0.00,2.00,0.00,0.00,0.00,0.00
11:47:24,12,88.12,0.00,8.91,0.00,0.00,2.97,0.00,0.00,0.00,0.00
11:47:24,13,89.11,0.00,7.92,0.00,0.00,2.97,0.00,0.00,0.00,0.00
11:47:24,14,89.00,0.00,8.00,0.00,0.00,3.00,0.00,0.00,0.00,0.00
11:47:24,15,88.00,0.00,8.00,0.00,0.00,4.00,0.00,0.00,0.00,0.00
11:47:25,4,89.00,0.00,8.00,0.00,0.00,3.00,0.00,0.00,0.00,0.00
11:47:25,5,89.00,0.00,9.00,0.00,0.00,2.00,0.00,0.00,0.00,0.00
11:47:25,6,89.90,0.00,8.08,0.00,0.00,2.02,0.00,0.00,0.00,0.00
11:47:25,7,88.89,0.00,8.08,0.00,0.00,3.03,0.00,0.00,0.00,0.00
11:47:25,12,88.89,0.00,9.09,0.00,0.00,2.02,0.00,0.00,0.00,0.00
11:47:25,13,88.89,0.00,9.09,0.00,0.00,2.02,0.00,0.00,0.00,0.00
11:47:25,14,89.00,0.00,8.00,0.00,0.00,3.00,0.00,0.00,0.00,0.00
11:47:25,15,89.00,0.00,8.00,0.00,0.00,3.00,0.00,0.00,0.00,0.00
11:47:26,4,90.10,0.00,6.93,0.00,0.00,2.97,0.00,0.00,0.00,0.00
11:47:26,5,89.00,0.00,8.00,0.00,0.00,3.00,0.00,0.00,0.00,0.00
11:47:26,6,88.00,0.00,8.00,0.00,0.00,4.00,0.00,0.00,0.00,0.00
11:47:26,7,88.12,0.00,8.91,0.00,0.00,2.97,0.00,0.00,0.00,0.00
11:47:26,12,89.00,0.00,9.00,0.00,0.00,2.00,0.00,0.00,0.00,0.00
11:47:26,13,89.00,0.00,9.00,0.00,0.00,2.00,0.00,0.00,0.00,0.00
11:47:26,14,91.92,0.00,6.06,0.00,0.00,2.02,0.00,0.00,0.00,0.00
11:47:26,15,88.89,0.00,9.09,0.00,0.00,2.02,0.00,0.00,0.00,0.00
11:47:27,4,89.90,0.00,9.09,0.00,0.00,1.01,0.00,0.00,0.00,0.00
11:47:27,5,90.10,0.00,7.92,0.00,0.00,1.98,0.00,0.00,0.00,0.00
11:47:27,6,89.90,0.00,8.08,0.00,0.00,2.02,0.00,0.00,0.00,0.00
11:47:27,7,91.00,0.00,7.00,0.00,0.00,2.00,0.00,0.00,0.00,0.00
11:47:27,12,89.00,0.00,8.00,0.00,0.00,3.00,0.00,0.00,0.00,0.00
11:47:27,13,89.90,0.00,7.07,0.00,0.00,3.03,0.00,0.00,0.00,0.00
11:47:27,14,88.00,0.00,9.00,0.00,0.00,3.00,0.00,0.00,0.00,0.00
11:47:27,15,88.00,0.00,8.00,0.00,0.00,4.00,0.00,0.00,0.00,0.00
11:47:28,4,87.13,0.00,7.92,0.00,0.00,2.97,0.00,0.00,0.00,1.98
11:47:28,5,86.00,0.00,9.00,0.00,0.00,3.00,0.00,0.00,0.00,2.00
11:47:28,6,87.13,0.00,8.91,0.00,0.00,1.98,0.00,0.00,0.00,1.98
11:47:28,7,87.88,0.00,7.07,0.00,0.00,3.03,0.00,0.00,0.00,2.02
11:47:28,12,88.00,0.00,7.00,2.00,0.00,3.00,0.00,0.00,0.00,0.00
11:47:28,13,85.29,0.00,9.80,0.00,0.00,2.94,0.00,0.00,0.00,1.96
11:47:28,14,85.15,0.00,9.90,0.00,0.00,2.97,0.00,0.00,0.00,1.98
11:47:28,15,88.12,0.00,7.92,0.00,0.00,1.98,0.00,0.00,0.00,1.98
11:47:29,4,90.00,0.00,7.00,0.00,0.00,3.00,0.00,0.00,0.00,0.00
11:47:29,5,90.00,0.00,8.00,0.00,0.00,2.00,0.00,0.00,0.00,0.00
11:47:29,6,90.91,0.00,7.07,0.00,0.00,2.02,0.00,0.00,0.00,0.00
11:47:29,7,89.11,0.00,6.93,0.00,0.00,3.96,0.00,0.00,0.00,0.00
11:47:29,12,89.00,0.00,8.00,0.00,0.00,3.00,0.00,0.00,0.00,0.00
11:47:29,13,89.90,0.00,8.08,0.00,0.00,2.02,0.00,0.00,0.00,0.00
11:47:29,14,89.00,0.00,9.00,0.00,0.00,2.00,0.00,0.00,0.00,0.00
11:47:29,15,88.89,0.00,9.09,0.00,0.00,2.02,0.00,0.00,0.00,0.00
11:47:30,4,90.91,0.00,8.08,0.00,0.00,1.01,0.00,0.00,0.00,0.00
11:47:30,5,89.00,0.00,8.00,0.00,0.00,3.00,0.00,0.00,0.00,0.00
11:47:30,6,88.12,0.00,8.91,0.00,0.00,2.97,0.00,0.00,0.00,0.00
11:47:30,7,89.90,0.00,8.08,0.00,0.00,2.02,0.00,0.00,0.00,0.00
11:47:30,12,89.00,0.00,8.00,0.00,0.00,3.00,0.00,0.00,0.00,0.00
11:47:30,13,89.00,0.00,8.00,0.00,0.00,3.00,0.00,0.00,0.00,0.00
11:47:30,14,89.00,0.00,8.00,0.00,0.00,3.00,0.00,0.00,0.00,0.00
11:47:30,15,87.13,0.00,9.90,0.00,0.00,2.97,0.00,0.00,0.00,0.00
11:47:31,4,86.14,0.00,10.89,0.00,0.00,2.97,0.00,0.00,0.00,0.00
11:47:31,5,92.86,0.00,6.12,0.00,0.00,1.02,0.00,0.00,0.00,0.00
11:47:31,6,89.00,0.00,7.00,0.00,0.00,4.00,0.00,0.00,0.00,0.00
11:47:31,7,88.00,0.00,9.00,0.00,0.00,3.00,0.00,0.00,0.00,0.00
11:47:31,12,90.00,0.00,8.00,0.00,0.00,2.00,0.00,0.00,0.00,0.00
11:47:31,13,88.12,0.00,8.91,0.00,0.00,2.97,0.00,0.00,0.00,0.00
11:47:31,14,91.00,0.00,7.00,0.00,0.00,2.00,0.00,0.00,0.00,0.00
11:47:31,15,89.00,0.00,8.00,0.00,0.00,3.00,0.00,0.00,0.00,0.00
11:47:32,4,87.00,0.00,10.00,0.00,0.00,3.00,0.00,0.00,0.00,0.00
11:47:32,5,89.11,0.00,7.92,0.00,0.00,2.97,0.00,0.00,0.00,0.00
11:47:32,6,89.00,0.00,8.00,0.00,0.00,3.00,0.00,0.00,0.00,0.00
11:47:32,7,89.11,0.00,7.92,0.00,0.00,2.97,0.00,0.00,0.00,0.00
11:47:32,12,89.00,0.00,7.00,0.00,0.00,4.00,0.00,0.00,0.00,0.00
11:47:32,13,89.90,0.00,8.08,0.00,0.00,2.02,0.00,0.00,0.00,0.00
11:47:32,14,88.12,0.00,8.91,0.00,0.00,1.98,0.00,0.00,0.00,0.99
11:47:32,15,88.89,0.00,8.08,0.00,0.00,3.03,0.00,0.00,0.00,0.00
11:47:33,4,88.89,0.00,8.08,0.00,0.00,2.02,0.00,0.00,0.00,1.01
11:47:33,5,87.13,0.00,8.91,0.00,0.00,2.97,0.00,0.00,0.00,0.99
11:47:33,6,90.00,0.00,7.00,0.00,0.00,2.00,0.00,0.00,0.00,1.00
11:47:33,7,88.89,0.00,7.07,0.00,0.00,3.03,0.00,0.00,0.00,1.01
11:47:33,12,89.00,0.00,8.00,0.00,0.00,2.00,0.00,0.00,0.00,1.00
11:47:33,13,88.00,0.00,8.00,0.00,0.00,3.00,0.00,0.00,0.00,1.00
11:47:33,14,90.91,0.00,7.07,0.00,0.00,2.02,0.00,0.00,0.00,0.00
11:47:33,15,89.00,0.00,7.00,0.00,0.00,3.00,0.00,0.00,0.00,1.00
11:47:34,4,88.89,0.00,8.08,0.00,0.00,3.03,0.00,0.00,0.00,0.00
11:47:34,5,88.89,0.00,8.08,0.00,0.00,3.03,0.00,0.00,0.00,0.00
11:47:34,6,90.91,0.00,7.07,0.00,0.00,2.02,0.00,0.00,0.00,0.00
11:47:34,7,88.12,0.00,7.92,0.00,0.00,3.96,0.00,0.00,0.00,0.00
11:47:34,12,88.12,0.00,8.91,0.00,0.00,2.97,0.00,0.00,0.00,0.00
11:47:34,13,90.91,0.00,7.07,0.00,0.00,2.02,0.00,0.00,0.00,0.00
11:47:34,14,88.89,0.00,9.09,0.00,0.00,2.02,0.00,0.00,0.00,0.00
11:47:34,15,88.12,0.00,7.92,0.00,0.00,3.96,0.00,0.00,0.00,0.00
11:47:35,4,87.25,0.00,8.82,0.00,0.00,2.94,0.00,0.00,0.00,0.98
11:47:35,5,88.89,0.00,8.08,0.00,0.00,3.03,0.00,0.00,0.00,0.00
11:47:35,6,89.11,0.00,6.93,0.00,0.00,2.97,0.00,0.00,0.00,0.99
11:47:35,7,88.89,0.00,8.08,0.00,0.00,3.03,0.00,0.00,0.00,0.00
11:47:35,12,88.89,0.00,8.08,0.00,0.00,3.03,0.00,0.00,0.00,0.00
11:47:35,13,89.11,0.00,7.92,0.00,0.00,2.97,0.00,0.00,0.00,0.00
11:47:35,14,89.11,0.00,7.92,0.00,0.00,1.98,0.00,0.00,0.00,0.99
11:47:35,15,89.00,0.00,8.00,0.00,0.00,3.00,0.00,0.00,0.00,0.00
11:47:36,4,88.00,0.00,9.00,0.00,0.00,3.00,0.00,0.00,0.00,0.00
11:47:36,5,87.13,0.00,8.91,0.00,0.00,3.96,0.00,0.00,0.00,0.00
11:47:36,6,88.12,0.00,8.91,0.00,0.00,2.97,0.00,0.00,0.00,0.00
11:47:36,7,88.12,0.00,8.91,0.00,0.00,2.97,0.00,0.00,0.00,0.00
11:47:36,12,90.10,0.00,7.92,0.00,0.00,1.98,0.00,0.00,0.00,0.00
11:47:36,13,88.12,0.00,7.92,0.00,0.00,2.97,0.00,0.00,0.00,0.99
11:47:36,14,89.11,0.00,7.92,0.00,0.00,2.97,0.00,0.00,0.00,0.00
11:47:36,15,89.00,0.00,8.00,0.00,0.00,2.00,0.00,0.00,0.00,1.00
11:47:37,4,87.00,0.00,10.00,0.00,0.00,3.00,0.00,0.00,0.00,0.00
11:47:37,5,88.12,0.00,7.92,0.00,0.00,2.97,0.00,0.00,0.00,0.99
11:47:37,6,89.90,0.00,7.07,0.00,0.00,3.03,0.00,0.00,0.00,0.00
11:47:37,7,88.12,0.00,8.91,0.00,0.00,2.97,0.00,0.00,0.00,0.00
11:47:37,12,89.00,0.00,8.00,0.00,0.00,2.00,0.00,0.00,0.00,1.00
11:47:37,13,90.00,0.00,7.00,0.00,0.00,3.00,0.00,0.00,0.00,0.00
11:47:37,14,87.88,0.00,9.09,0.00,0.00,3.03,0.00,0.00,0.00,0.00
11:47:37,15,90.00,0.00,8.00,0.00,0.00,2.00,0.00,0.00,0.00,0.00
11:47:38,4,89.00,0.00,9.00,0.00,0.00,2.00,0.00,0.00,0.00,0.00
11:47:38,5,87.00,0.00,9.00,0.00,0.00,4.00,0.00,0.00,0.00,0.00
11:47:38,6,89.00,0.00,9.00,0.00,0.00,2.00,0.00,0.00,0.00,0.00
11:47:38,7,90.10,0.00,6.93,0.00,0.00,1.98,0.00,0.00,0.00,0.99
11:47:38,12,87.00,0.00,10.00,0.00,0.00,3.00,0.00,0.00,0.00,0.00
11:47:38,13,90.91,0.00,7.07,0.00,0.00,2.02,0.00,0.00,0.00,0.00
11:47:38,14,89.90,0.00,8.08,0.00,0.00,2.02,0.00,0.00,0.00,0.00
11:47:38,15,90.91,0.00,7.07,0.00,0.00,2.02,0.00,0.00,0.00,0.00
11:47:39,4,88.89,0.00,8.08,0.00,0.00,3.03,0.00,0.00,0.00,0.00
11:47:39,5,89.00,0.00,8.00,0.00,0.00,3.00,0.00,0.00,0.00,0.00
11:47:39,6,90.00,0.00,7.00,0.00,0.00,3.00,0.00,0.00,0.00,0.00
11:47:39,7,89.90,0.00,8.08,0.00,0.00,2.02,0.00,0.00,0.00,0.00
11:47:39,12,90.00,0.00,8.00,0.00,0.00,2.00,0.00,0.00,0.00,0.00
11:47:39,13,90.00,0.00,8.00,0.00,0.00,2.00,0.00,0.00,0.00,0.00
11:47:39,14,89.22,0.00,7.84,0.00,0.00,2.94,0.00,0.00,0.00,0.00
11:47:39,15,89.11,0.00,7.92,0.00,0.00,2.97,0.00,0.00,0.00,0.00
11:47:40,4,88.12,0.00,8.91,0.00,0.00,2.97,0.00,0.00,0.00,0.00
11:47:40,5,89.00,0.00,8.00,0.00,0.00,3.00,0.00,0.00,0.00,0.00
11:47:40,6,90.00,0.00,7.00,0.00,0.00,3.00,0.00,0.00,0.00,0.00
11:47:40,7,89.90,0.00,8.08,0.00,0.00,2.02,0.00,0.00,0.00,0.00
11:47:40,12,89.00,0.00,8.00,0.00,0.00,3.00,0.00,0.00,0.00,0.00
11:47:40,13,88.12,0.00,8.91,0.00,0.00,2.97,0.00,0.00,0.00,0.00
11:47:40,14,88.89,0.00,9.09,0.00,0.00,2.02,0.00,0.00,0.00,0.00
11:47:40,15,89.11,0.00,7.92,0.00,0.00,2.97,0.00,0.00,0.00,0.00
11:47:41,4,88.89,0.00,9.09,0.00,0.00,2.02,0.00,0.00,0.00,0.00
11:47:41,5,88.00,0.00,9.00,0.00,0.00,3.00,0.00,0.00,0.00,0.00
11:47:41,6,89.00,0.00,9.00,0.00,0.00,2.00,0.00,0.00,0.00,0.00
11:47:41,7,89.00,0.00,9.00,0.00,0.00,2.00,0.00,0.00,0.00,0.00
11:47:41,12,90.91,0.00,7.07,0.00,0.00,2.02,0.00,0.00,0.00,0.00
11:47:41,13,89.90,0.00,7.07,0.00,0.00,3.03,0.00,0.00,0.00,0.00
11:47:41,14,90.00,0.00,7.00,0.00,0.00,3.00,0.00,0.00,0.00,0.00
11:47:41,15,89.90,0.00,8.08,0.00,0.00,2.02,0.00,0.00,0.00,0.00
11:47:42,4,87.13,0.00,9.90,0.00,0.00,2.97,0.00,0.00,0.00,0.00
11:47:42,5,88.00,0.00,8.00,0.00,0.00,4.00,0.00,0.00,0.00,0.00
11:47:42,6,89.90,0.00,8.08,0.00,0.00,2.02,0.00,0.00,0.00,0.00
11:47:42,7,88.12,0.00,6.93,0.00,0.00,4.95,0.00,0.00,0.00,0.00
11:47:42,12,91.09,0.00,6.93,0.00,0.00,1.98,0.00,0.00,0.00,0.00
11:47:42,13,88.00,0.00,9.00,0.00,0.00,3.00,0.00,0.00,0.00,0.00
11:47:42,14,89.00,0.00,8.00,0.00,0.00,3.00,0.00,0.00,0.00,0.00
11:47:42,15,90.91,0.00,7.07,0.00,0.00,2.02,0.00,0.00,0.00,0.00
11:47:43,4,89.00,0.00,8.00,0.00,0.00,3.00,0.00,0.00,0.00,0.00
11:47:43,5,87.88,0.00,10.10,0.00,0.00,2.02,0.00,0.00,0.00,0.00
11:47:43,6,87.13,0.00,8.91,0.00,0.00,3.96,0.00,0.00,0.00,0.00
11:47:43,7,88.00,0.00,9.00,0.00,0.00,3.00,0.00,0.00,0.00,0.00
11:47:43,12,87.88,0.00,9.09,0.00,0.00,3.03,0.00,0.00,0.00,0.00
11:47:43,13,90.00,0.00,7.00,0.00,0.00,3.00,0.00,0.00,0.00,0.00
11:47:43,14,88.00,0.00,9.00,0.00,0.00,3.00,0.00,0.00,0.00,0.00
11:47:43,15,88.12,0.00,8.91,0.00,0.00,2.97,0.00,0.00,0.00,0.00
11:47:44,4,89.90,0.00,8.08,0.00,0.00,2.02,0.00,0.00,0.00,0.00
11:47:44,5,89.00,0.00,8.00,0.00,0.00,3.00,0.00,0.00,0.00,0.00
11:47:44,6,90.00,0.00,8.00,0.00,0.00,2.00,0.00,0.00,0.00,0.00
11:47:44,7,89.00,0.00,9.00,0.00,0.00,2.00,0.00,0.00,0.00,0.00
11:47:44,12,87.13,0.00,8.91,0.00,0.00,3.96,0.00,0.00,0.00,0.00
11:47:44,13,91.00,0.00,7.00,0.00,0.00,2.00,0.00,0.00,0.00,0.00
11:47:44,14,89.00,0.00,8.00,0.00,0.00,3.00,0.00,0.00,0.00,0.00
11:47:44,15,89.00,0.00,8.00,0.00,0.00,3.00,0.00,0.00,0.00,0.00
11:47:45,4,91.00,0.00,6.00,0.00,0.00,3.00,0.00,0.00,0.00,0.00
11:47:45,5,88.12,0.00,8.91,0.00,0.00,2.97,0.00,0.00,0.00,0.00
11:47:45,6,89.00,0.00,8.00,0.00,0.00,2.00,0.00,0.00,0.00,1.00
11:47:45,7,90.91,0.00,7.07,0.00,0.00,2.02,0.00,0.00,0.00,0.00
11:47:45,12,90.91,0.00,7.07,0.00,0.00,2.02,0.00,0.00,0.00,0.00
11:47:45,13,89.00,0.00,8.00,0.00,0.00,3.00,0.00,0.00,0.00,0.00
11:47:45,14,89.11,0.00,7.92,0.00,0.00,1.98,0.00,0.00,0.00,0.99
11:47:45,15,89.00,0.00,8.00,0.00,0.00,3.00,0.00,0.00,0.00,0.00
11:47:46,4,88.12,0.00,7.92,0.00,0.00,2.97,0.00,0.00,0.00,0.99
11:47:46,5,90.82,0.00,7.14,0.00,0.00,2.04,0.00,0.00,0.00,0.00
11:47:46,6,89.00,0.00,8.00,0.00,0.00,3.00,0.00,0.00,0.00,0.00
11:47:46,7,90.00,0.00,8.00,0.00,0.00,2.00,0.00,0.00,0.00,0.00
11:47:46,12,88.00,0.00,9.00,0.00,0.00,3.00,0.00,0.00,0.00,0.00
11:47:46,13,89.00,0.00,7.00,0.00,0.00,4.00,0.00,0.00,0.00,0.00
11:47:46,14,89.00,0.00,8.00,0.00,0.00,3.00,0.00,0.00,0.00,0.00
11:47:46,15,88.00,0.00,8.00,0.00,0.00,3.00,0.00,0.00,0.00,1.00
11:47:47,4,90.00,0.00,9.00,0.00,0.00,1.00,0.00,0.00,0.00,0.00
11:47:47,5,87.13,0.00,8.91,0.00,0.00,3.96,0.00,0.00,0.00,0.00
11:47:47,6,89.00,0.00,8.00,0.00,0.00,3.00,0.00,0.00,0.00,0.00
11:47:47,7,89.00,0.00,9.00,0.00,0.00,2.00,0.00,0.00,0.00,0.00
11:47:47,12,90.91,0.00,7.07,0.00,0.00,2.02,0.00,0.00,0.00,0.00
11:47:47,13,88.00,0.00,9.00,0.00,0.00,3.00,0.00,0.00,0.00,0.00
11:47:47,14,90.91,0.00,7.07,0.00,0.00,2.02,0.00,0.00,0.00,0.00
11:47:47,15,89.00,0.00,9.00,0.00,0.00,2.00,0.00,0.00,0.00,0.00
11:47:48,4,88.00,0.00,9.00,0.00,0.00,3.00,0.00,0.00,0.00,0.00
11:47:48,5,90.00,0.00,8.00,0.00,0.00,2.00,0.00,0.00,0.00,0.00
11:47:48,6,89.90,0.00,8.08,0.00,0.00,2.02,0.00,0.00,0.00,0.00
11:47:48,7,88.00,0.00,10.00,0.00,0.00,2.00,0.00,0.00,0.00,0.00
11:47:48,12,89.00,0.00,9.00,0.00,0.00,2.00,0.00,0.00,0.00,0.00
11:47:48,13,89.00,0.00,8.00,0.00,0.00,3.00,0.00,0.00,0.00,0.00
11:47:48,14,89.00,0.00,9.00,0.00,0.00,2.00,0.00,0.00,0.00,0.00
11:47:48,15,88.89,0.00,8.08,0.00,0.00,3.03,0.00,0.00,0.00,0.00
11:47:49,4,88.89,0.00,8.08,0.00,0.00,3.03,0.00,0.00,0.00,0.00
11:47:49,5,87.00,0.00,10.00,0.00,0.00,2.00,0.00,0.00,0.00,1.00
11:47:49,6,90.10,0.00,7.92,0.00,0.00,1.98,0.00,0.00,0.00,0.00
11:47:49,7,91.00,0.00,7.00,0.00,0.00,2.00,0.00,0.00,0.00,0.00
11:47:49,12,88.00,0.00,9.00,0.00,0.00,3.00,0.00,0.00,0.00,0.00
11:47:49,13,87.25,0.00,8.82,0.00,0.00,2.94,0.00,0.00,0.00,0.98
11:47:49,14,90.10,0.00,7.92,0.00,0.00,1.98,0.00,0.00,0.00,0.00
11:47:49,15,86.27,0.00,9.80,0.00,0.00,3.92,0.00,0.00,0.00,0.00
11:47:50,4,90.00,0.00,7.00,0.00,0.00,3.00,0.00,0.00,0.00,0.00
11:47:50,5,88.24,0.00,8.82,0.00,0.00,2.94,0.00,0.00,0.00,0.00
11:47:50,6,89.00,0.00,8.00,0.00,0.00,3.00,0.00,0.00,0.00,0.00
11:47:50,7,88.00,0.00,8.00,0.00,0.00,4.00,0.00,0.00,0.00,0.00
11:47:50,12,88.12,0.00,7.92,0.00,0.00,2.97,0.00,0.00,0.00,0.99
11:47:50,13,89.90,0.00,8.08,0.00,0.00,2.02,0.00,0.00,0.00,0.00
11:47:50,14,91.84,0.00,6.12,0.00,0.00,2.04,0.00,0.00,0.00,0.00
11:47:50,15,90.00,0.00,7.00,0.00,0.00,3.00,0.00,0.00,0.00,0.00
11:47:51,4,89.00,0.00,8.00,0.00,0.00,3.00,0.00,0.00,0.00,0.00
11:47:51,5,88.89,0.00,8.08,0.00,0.00,3.03,0.00,0.00,0.00,0.00
11:47:51,6,89.00,0.00,9.00,0.00,0.00,2.00,0.00,0.00,0.00,0.00
11:47:51,7,88.89,0.00,9.09,0.00,0.00,2.02,0.00,0.00,0.00,0.00
11:47:51,12,88.89,0.00,9.09,0.00,0.00,2.02,0.00,0.00,0.00,0.00
11:47:51,13,89.90,0.00,8.08,0.00,0.00,2.02,0.00,0.00,0.00,0.00
11:47:51,14,88.12,0.00,8.91,0.00,0.00,2.97,0.00,0.00,0.00,0.00
11:47:51,15,89.90,0.00,8.08,0.00,0.00,2.02,0.00,0.00,0.00,0.00
11:47:52,4,89.00,0.00,8.00,0.00,0.00,3.00,0.00,0.00,0.00,0.00
11:47:52,5,90.00,0.00,8.00,0.00,0.00,2.00,0.00,0.00,0.00,0.00
11:47:52,6,89.00,0.00,8.00,0.00,0.00,3.00,0.00,0.00,0.00,0.00
11:47:52,7,89.00,0.00,8.00,0.00,0.00,3.00,0.00,0.00,0.00,0.00
11:47:52,12,88.12,0.00,8.91,0.00,0.00,2.97,0.00,0.00,0.00,0.00
11:47:52,13,90.00,0.00,8.00,0.00,0.00,2.00,0.00,0.00,0.00,0.00
11:47:52,14,91.00,0.00,7.00,0.00,0.00,2.00,0.00,0.00,0.00,0.00
11:47:52,15,88.89,0.00,8.08,0.00,0.00,3.03,0.00,0.00,0.00,0.00
11:47:53,4,87.00,0.00,8.00,0.00,0.00,3.00,0.00,0.00,0.00,2.00
11:47:53,5,87.13,0.00,7.92,0.99,0.00,2.97,0.00,0.00,0.00,0.99
11:47:53,6,90.00,0.00,6.00,0.00,0.00,2.00,0.00,0.00,0.00,2.00
11:47:53,7,87.00,0.00,8.00,0.00,0.00,3.00,0.00,0.00,0.00,2.00
11:47:53,12,87.88,0.00,8.08,0.00,0.00,3.03,0.00,0.00,0.00,1.01
11:47:53,13,88.00,0.00,7.00,0.00,0.00,3.00,0.00,0.00,0.00,2.00
11:47:53,14,88.00,0.00,8.00,0.00,0.00,2.00,0.00,0.00,0.00,2.00
11:47:53,15,87.13,0.00,6.93,0.00,0.00,3.96,0.00,0.00,0.00,1.98
11:47:54,4,88.89,0.00,8.08,0.00,0.00,3.03,0.00,0.00,0.00,0.00
11:47:54,5,89.80,0.00,7.14,0.00,0.00,3.06,0.00,0.00,0.00,0.00
11:47:54,6,89.90,0.00,8.08,0.00,0.00,2.02,0.00,0.00,0.00,0.00
11:47:54,7,87.13,0.00,8.91,0.00,0.00,3.96,0.00,0.00,0.00,0.00
11:47:54,12,89.00,0.00,8.00,0.00,0.00,3.00,0.00,0.00,0.00,0.00
11:47:54,13,89.11,0.00,8.91,0.00,0.00,1.98,0.00,0.00,0.00,0.00
11:47:54,14,90.00,0.00,8.00,0.00,0.00,2.00,0.00,0.00,0.00,0.00
11:47:54,15,89.90,0.00,9.09,0.00,0.00,1.01,0.00,0.00,0.00,0.00
11:47:55,4,89.00,0.00,9.00,0.00,0.00,2.00,0.00,0.00,0.00,0.00
11:47:55,5,89.11,0.00,7.92,0.00,0.00,2.97,0.00,0.00,0.00,0.00
11:47:55,6,90.00,0.00,8.00,0.00,0.00,2.00,0.00,0.00,0.00,0.00
11:47:55,7,91.00,0.00,7.00,0.00,0.00,2.00,0.00,0.00,0.00,0.00
11:47:55,12,89.22,0.00,6.86,0.00,0.00,2.94,0.00,0.00,0.00,0.98
11:47:55,13,90.91,0.00,6.06,0.00,0.00,3.03,0.00,0.00,0.00,0.00
11:47:55,14,89.00,0.00,8.00,0.00,0.00,3.00,0.00,0.00,0.00,0.00
11:47:55,15,89.00,0.00,7.00,0.00,0.00,4.00,0.00,0.00,0.00,0.00
11:47:56,4,89.00,0.00,8.00,0.00,0.00,3.00,0.00,0.00,0.00,0.00
11:47:56,5,89.00,0.00,9.00,0.00,0.00,2.00,0.00,0.00,0.00,0.00
11:47:56,6,90.00,0.00,8.00,0.00,0.00,2.00,0.00,0.00,0.00,0.00
11:47:56,7,87.13,0.00,7.92,0.00,0.00,3.96,0.00,0.00,0.00,0.99
11:47:56,12,89.90,0.00,7.07,0.00,0.00,3.03,0.00,0.00,0.00,0.00
11:47:56,13,86.14,0.00,9.90,0.00,0.00,3.96,0.00,0.00,0.00,0.00
11:47:56,14,88.89,0.00,9.09,0.00,0.00,2.02,0.00,0.00,0.00,0.00
11:47:56,15,89.00,0.00,9.00,0.00,0.00,2.00,0.00,0.00,0.00,0.00
11:47:57,4,88.12,0.00,7.92,0.00,0.00,3.96,0.00,0.00,0.00,0.00
11:47:57,5,88.89,0.00,8.08,0.00,0.00,3.03,0.00,0.00,0.00,0.00
11:47:57,6,89.00,0.00,8.00,0.00,0.00,3.00,0.00,0.00,0.00,0.00
11:47:57,7,90.91,0.00,6.06,0.00,0.00,3.03,0.00,0.00,0.00,0.00
11:47:57,12,88.00,0.00,9.00,0.00,0.00,3.00,0.00,0.00,0.00,0.00
11:47:57,13,88.89,0.00,8.08,0.00,0.00,3.03,0.00,0.00,0.00,0.00
11:47:57,14,89.11,0.00,7.92,0.00,0.00,2.97,0.00,0.00,0.00,0.00
11:47:57,15,88.00,0.00,8.00,0.00,0.00,4.00,0.00,0.00,0.00,0.00
11:47:58,4,90.00,0.00,8.00,0.00,0.00,2.00,0.00,0.00,0.00,0.00
11:47:58,5,87.13,0.00,8.91,0.00,0.00,3.96,0.00,0.00,0.00,0.00
11:47:58,6,88.00,0.00,9.00,0.00,0.00,3.00,0.00,0.00,0.00,0.00
11:47:58,7,91.00,0.00,7.00,0.00,0.00,2.00,0.00,0.00,0.00,0.00
11:47:58,12,91.00,0.00,7.00,0.00,0.00,2.00,0.00,0.00,0.00,0.00
11:47:58,13,88.12,0.00,8.91,0.00,0.00,2.97,0.00,0.00,0.00,0.00
11:47:58,14,90.91,0.00,7.07,0.00,0.00,2.02,0.00,0.00,0.00,0.00
11:47:58,15,88.00,0.00,10.00,0.00,0.00,2.00,0.00,0.00,0.00,0.00
11:47:59,4,89.90,0.00,8.08,0.00,0.00,2.02,0.00,0.00,0.00,0.00
11:47:59,5,90.91,0.00,7.07,0.00,0.00,2.02,0.00,0.00,0.00,0.00
11:47:59,6,90.00,0.00,8.00,0.00,0.00,2.00,0.00,0.00,0.00,0.00
11:47:59,7,89.00,0.00,8.00,0.00,0.00,3.00,0.00,0.00,0.00,0.00
11:47:59,12,90.91,0.00,6.06,0.00,0.00,3.03,0.00,0.00,0.00,0.00
11:47:59,13,88.89,0.00,9.09,0.00,0.00,2.02,0.00,0.00,0.00,0.00
11:47:59,14,89.00,0.00,7.00,0.00,0.00,4.00,0.00,0.00,0.00,0.00
11:47:59,15,90.00,0.00,8.00,0.00,0.00,2.00,0.00,0.00,0.00,0.00
11:48:00,4,88.24,0.00,8.82,0.00,0.00,1.96,0.00,0.00,0.00,0.98
11:48:00,5,90.00,0.00,8.00,0.00,0.00,2.00,0.00,0.00,0.00,0.00
11:48:00,6,88.00,0.00,9.00,0.00,0.00,3.00,0.00,0.00,0.00,0.00
11:48:00,7,90.00,0.00,8.00,0.00,0.00,2.00,0.00,0.00,0.00,0.00
11:48:00,12,90.10,0.00,7.92,0.00,0.00,1.98,0.00,0.00,0.00,0.00
11:48:00,13,89.90,0.00,7.07,0.00,0.00,3.03,0.00,0.00,0.00,0.00
11:48:00,14,89.00,0.00,8.00,0.00,0.00,3.00,0.00,0.00,0.00,0.00
11:48:00,15,89.00,0.00,8.00,0.00,0.00,3.00,0.00,0.00,0.00,0.00
11:48:01,4,88.89,0.00,8.08,0.00,0.00,3.03,0.00,0.00,0.00,0.00
11:48:01,5,89.00,0.00,8.00,0.00,0.00,3.00,0.00,0.00,0.00,0.00
11:48:01,6,89.00,0.00,8.00,0.00,0.00,3.00,0.00,0.00,0.00,0.00
11:48:01,7,89.00,0.00,8.00,0.00,0.00,3.00,0.00,0.00,0.00,0.00
11:48:01,12,89.00,0.00,8.00,0.00,0.00,3.00,0.00,0.00,0.00,0.00
11:48:01,13,89.11,0.00,7.92,0.00,0.00,2.97,0.00,0.00,0.00,0.00
11:48:01,14,89.11,0.00,8.91,0.00,0.00,1.98,0.00,0.00,0.00,0.00
11:48:01,15,88.00,0.00,9.00,0.00,0.00,3.00,0.00,0.00,0.00,0.00
11:48:02,4,90.00,0.00,8.00,0.00,0.00,2.00,0.00,0.00,0.00,0.00
11:48:02,5,90.00,0.00,8.00,0.00,0.00,2.00,0.00,0.00,0.00,0.00
11:48:02,6,90.00,0.00,7.00,0.00,0.00,3.00,0.00,0.00,0.00,0.00
11:48:02,7,88.89,0.00,9.09,0.00,0.00,2.02,0.00,0.00,0.00,0.00
11:48:02,12,90.00,0.00,8.00,0.00,0.00,2.00,0.00,0.00,0.00,0.00
11:48:02,13,86.14,0.00,8.91,0.00,0.00,4.95,0.00,0.00,0.00,0.00
11:48:02,14,90.91,0.00,7.07,0.00,0.00,2.02,0.00,0.00,0.00,0.00
11:48:02,15,90.00,0.00,8.00,0.00,0.00,2.00,0.00,0.00,0.00,0.00
11:48:03,4,89.00,0.00,6.00,0.00,0.00,5.00,0.00,0.00,0.00,0.00
11:48:03,5,88.89,0.00,9.09,0.00,0.00,2.02,0.00,0.00,0.00,0.00
11:48:03,6,89.00,0.00,8.00,0.00,0.00,3.00,0.00,0.00,0.00,0.00
11:48:03,7,88.12,0.00,8.91,0.00,0.00,2.97,0.00,0.00,0.00,0.00
11:48:03,12,89.80,0.00,7.14,0.00,0.00,3.06,0.00,0.00,0.00,0.00
11:48:03,13,88.89,0.00,9.09,0.00,0.00,2.02,0.00,0.00,0.00,0.00
11:48:03,14,90.00,0.00,7.00,0.00,0.00,3.00,0.00,0.00,0.00,0.00
11:48:03,15,90.00,0.00,7.00,0.00,0.00,3.00,0.00,0.00,0.00,0.00
11:48:04,4,90.00,0.00,8.00,0.00,0.00,2.00,0.00,0.00,0.00,0.00
11:48:04,5,90.10,0.00,7.92,0.00,0.00,1.98,0.00,0.00,0.00,0.00
11:48:04,6,89.00,0.00,8.00,0.00,0.00,2.00,0.00,0.00,0.00,1.00
11:48:04,7,89.90,0.00,8.08,0.00,0.00,2.02,0.00,0.00,0.00,0.00
11:48:04,12,88.12,0.00,8.91,0.00,0.00,2.97,0.00,0.00,0.00,0.00
11:48:04,13,89.00,0.00,9.00,0.00,0.00,2.00,0.00,0.00,0.00,0.00
11:48:04,14,88.12,0.00,7.92,0.00,0.00,3.96,0.00,0.00,0.00,0.00
11:48:04,15,91.92,0.00,6.06,0.00,0.00,2.02,0.00,0.00,0.00,0.00
11:48:05,4,88.00,0.00,8.00,0.00,0.00,4.00,0.00,0.00,0.00,0.00
11:48:05,5,88.12,0.00,8.91,0.00,0.00,2.97,0.00,0.00,0.00,0.00
11:48:05,6,88.24,0.00,7.84,0.00,0.00,3.92,0.00,0.00,0.00,0.00
11:48:05,7,87.13,0.00,8.91,0.00,0.00,3.96,0.00,0.00,0.00,0.00
11:48:05,12,90.00,0.00,8.00,0.00,0.00,2.00,0.00,0.00,0.00,0.00
11:48:05,13,89.00,0.00,8.00,0.00,0.00,3.00,0.00,0.00,0.00,0.00
11:48:05,14,89.11,0.00,6.93,0.00,0.00,2.97,0.00,0.00,0.00,0.99
11:48:05,15,89.00,0.00,8.00,0.00,0.00,3.00,0.00,0.00,0.00,0.00
11:48:06,4,90.00,0.00,7.00,0.00,0.00,3.00,0.00,0.00,0.00,0.00
11:48:06,5,89.80,0.00,8.16,0.00,0.00,2.04,0.00,0.00,0.00,0.00
11:48:06,6,90.82,0.00,7.14,0.00,0.00,2.04,0.00,0.00,0.00,0.00
11:48:06,7,87.00,0.00,10.00,0.00,0.00,3.00,0.00,0.00,0.00,0.00
11:48:06,12,88.00,0.00,9.00,0.00,0.00,3.00,0.00,0.00,0.00,0.00
11:48:06,13,89.00,0.00,8.00,0.00,0.00,3.00,0.00,0.00,0.00,0.00
11:48:06,14,88.89,0.00,8.08,0.00,0.00,3.03,0.00,0.00,0.00,0.00
11:48:06,15,88.12,0.00,8.91,0.00,0.00,2.97,0.00,0.00,0.00,0.00
11:48:07,4,89.00,0.00,9.00,0.00,0.00,2.00,0.00,0.00,0.00,0.00
11:48:07,5,88.12,0.00,8.91,0.00,0.00,2.97,0.00,0.00,0.00,0.00
11:48:07,6,87.13,0.00,9.90,0.00,0.00,2.97,0.00,0.00,0.00,0.00
11:48:07,7,90.00,0.00,8.00,0.00,0.00,2.00,0.00,0.00,0.00,0.00
11:48:07,12,88.00,0.00,9.00,0.00,0.00,3.00,0.00,0.00,0.00,0.00
11:48:07,13,90.00,0.00,7.00,0.00,0.00,3.00,0.00,0.00,0.00,0.00
11:48:07,14,87.13,0.00,10.89,0.00,0.00,1.98,0.00,0.00,0.00,0.00
11:48:07,15,89.00,0.00,8.00,0.00,0.00,3.00,0.00,0.00,0.00,0.00
11:48:08,4,89.00,0.00,9.00,0.00,0.00,2.00,0.00,0.00,0.00,0.00
11:48:08,5,88.89,0.00,8.08,0.00,0.00,3.03,0.00,0.00,0.00,0.00
11:48:08,6,91.00,0.00,6.00,0.00,0.00,3.00,0.00,0.00,0.00,0.00
11:48:08,7,89.90,0.00,8.08,0.00,0.00,2.02,0.00,0.00,0.00,0.00
11:48:08,12,86.00,0.00,11.00,0.00,0.00,3.00,0.00,0.00,0.00,0.00
11:48:08,13,89.00,0.00,8.00,0.00,0.00,3.00,0.00,0.00,0.00,0.00
11:48:08,14,89.90,0.00,7.07,0.00,0.00,3.03,0.00,0.00,0.00,0.00
11:48:08,15,88.00,0.00,8.00,0.00,0.00,4.00,0.00,0.00,0.00,0.00
11:48:09,4,89.90,0.00,7.07,0.00,0.00,3.03,0.00,0.00,0.00,0.00
11:48:09,5,86.27,0.00,10.78,0.00,0.00,2.94,0.00,0.00,0.00,0.00
11:48:09,6,88.89,0.00,8.08,0.00,0.00,3.03,0.00,0.00,0.00,0.00
11:48:09,7,89.11,0.00,7.92,0.00,0.00,2.97,0.00,0.00,0.00,0.00
11:48:09,12,88.00,0.00,9.00,0.00,0.00,3.00,0.00,0.00,0.00,0.00
11:48:09,13,88.00,0.00,9.00,0.00,0.00,3.00,0.00,0.00,0.00,0.00
11:48:09,14,90.00,0.00,8.00,0.00,0.00,2.00,0.00,0.00,0.00,0.00
11:48:09,15,88.00,0.00,9.00,0.00,0.00,2.00,0.00,0.00,0.00,1.00
11:48:10,4,87.13,0.00,9.90,0.00,0.00,2.97,0.00,0.00,0.00,0.00
11:48:10,5,88.89,0.00,9.09,0.00,0.00,2.02,0.00,0.00,0.00,0.00
11:48:10,6,89.00,0.00,9.00,0.00,0.00,2.00,0.00,0.00,0.00,0.00
11:48:10,7,88.00,0.00,9.00,0.00,0.00,3.00,0.00,0.00,0.00,0.00
11:48:10,12,87.88,0.00,9.09,0.00,0.00,3.03,0.00,0.00,0.00,0.00
11:48:10,13,89.00,0.00,9.00,0.00,0.00,2.00,0.00,0.00,0.00,0.00
11:48:10,14,89.00,0.00,8.00,0.00,0.00,3.00,0.00,0.00,0.00,0.00
11:48:10,15,90.00,0.00,7.00,0.00,0.00,3.00,0.00,0.00,0.00,0.00
11:48:11,4,91.00,0.00,7.00,0.00,0.00,2.00,0.00,0.00,0.00,0.00
11:48:11,5,90.10,0.00,5.94,0.00,0.00,2.97,0.00,0.00,0.00,0.99
11:48:11,6,88.00,0.00,9.00,0.00,0.00,3.00,0.00,0.00,0.00,0.00
11:48:11,7,90.91,0.00,7.07,0.00,0.00,2.02,0.00,0.00,0.00,0.00
11:48:11,12,88.12,0.00,7.92,0.00,0.00,2.97,0.00,0.00,0.00,0.99
11:48:11,13,89.11,0.00,7.92,0.00,0.00,1.98,0.00,0.00,0.00,0.99
11:48:11,14,89.00,0.00,9.00,0.00,0.00,2.00,0.00,0.00,0.00,0.00
11:48:11,15,90.00,0.00,8.00,0.00,0.00,2.00,0.00,0.00,0.00,0.00
11:48:12,4,87.88,0.00,9.09,0.00,0.00,3.03,0.00,0.00,0.00,0.00
11:48:12,5,87.00,0.00,9.00,0.00,0.00,4.00,0.00,0.00,0.00,0.00
11:48:12,6,90.91,0.00,8.08,0.00,0.00,1.01,0.00,0.00,0.00,0.00
11:48:12,7,89.00,0.00,8.00,0.00,0.00,3.00,0.00,0.00,0.00,0.00
11:48:12,12,90.10,0.00,6.93,0.00,0.00,2.97,0.00,0.00,0.00,0.00
11:48:12,13,89.00,0.00,7.00,0.00,0.00,4.00,0.00,0.00,0.00,0.00
11:48:12,14,88.00,0.00,9.00,0.00,0.00,3.00,0.00,0.00,0.00,0.00
11:48:12,15,89.00,0.00,8.00,0.00,0.00,3.00,0.00,0.00,0.00,0.00
11:48:13,4,88.12,0.00,8.91,0.00,0.00,1.98,0.00,0.00,0.00,0.99
11:48:13,5,89.00,0.00,8.00,0.00,0.00,3.00,0.00,0.00,0.00,0.00
11:48:13,6,88.89,0.00,9.09,0.00,0.00,2.02,0.00,0.00,0.00,0.00
11:48:13,7,88.12,0.00,8.91,0.00,0.00,1.98,0.00,0.00,0.00,0.99
11:48:13,12,90.82,0.00,8.16,0.00,0.00,1.02,0.00,0.00,0.00,0.00
11:48:13,13,88.89,0.00,8.08,0.00,0.00,3.03,0.00,0.00,0.00,0.00
11:48:13,14,88.89,0.00,8.08,0.00,0.00,3.03,0.00,0.00,0.00,0.00
11:48:13,15,89.90,0.00,7.07,0.00,0.00,3.03,0.00,0.00,0.00,0.00
11:48:14,4,88.00,0.00,8.00,0.00,0.00,4.00,0.00,0.00,0.00,0.00
11:48:14,5,88.89,0.00,9.09,0.00,0.00,2.02,0.00,0.00,0.00,0.00
11:48:14,6,89.22,0.00,6.86,0.00,0.00,2.94,0.00,0.00,0.00,0.98
11:48:14,7,89.00,0.00,7.00,0.00,0.00,4.00,0.00,0.00,0.00,0.00
11:48:14,12,88.24,0.00,8.82,0.00,0.00,2.94,0.00,0.00,0.00,0.00
11:48:14,13,88.00,0.00,10.00,0.00,0.00,2.00,0.00,0.00,0.00,0.00
11:48:14,14,88.12,0.00,8.91,0.00,0.00,1.98,0.00,0.00,0.00,0.99
11:48:14,15,87.13,0.00,9.90,0.00,0.00,2.97,0.00,0.00,0.00,0.00
11:48:15,4,88.89,0.00,9.09,0.00,0.00,2.02,0.00,0.00,0.00,0.00
11:48:15,5,89.11,0.00,7.92,0.00,0.00,2.97,0.00,0.00,0.00,0.00
11:48:15,6,88.00,0.00,9.00,0.00,0.00,3.00,0.00,0.00,0.00,0.00
11:48:15,7,89.00,0.00,9.00,0.00,0.00,2.00,0.00,0.00,0.00,0.00
11:48:15,12,88.89,0.00,8.08,0.00,0.00,3.03,0.00,0.00,0.00,0.00
11:48:15,13,89.00,0.00,8.00,0.00,0.00,3.00,0.00,0.00,0.00,0.00
11:48:15,14,87.00,0.00,10.00,0.00,0.00,3.00,0.00,0.00,0.00,0.00
11:48:15,15,88.00,0.00,9.00,0.00,0.00,3.00,0.00,0.00,0.00,0.00
11:48:16,4,90.00,0.00,8.00,0.00,0.00,2.00,0.00,0.00,0.00,0.00
11:48:16,5,89.90,0.00,7.07,0.00,0.00,3.03,0.00,0.00,0.00,0.00
11:48:16,6,90.00,0.00,8.00,0.00,0.00,2.00,0.00,0.00,0.00,0.00
11:48:16,7,89.90,0.00,8.08,0.00,0.00,2.02,0.00,0.00,0.00,0.00
11:48:16,12,89.00,0.00,8.00,0.00,0.00,3.00,0.00,0.00,0.00,0.00
11:48:16,13,87.88,0.00,9.09,0.00,0.00,3.03,0.00,0.00,0.00,0.00
11:48:16,14,90.00,0.00,7.00,0.00,0.00,3.00,0.00,0.00,0.00,0.00
11:48:16,15,88.89,0.00,8.08,0.00,0.00,3.03,0.00,0.00,0.00,0.00
11:48:17,4,90.10,0.00,6.93,0.00,0.00,2.97,0.00,0.00,0.00,0.00
11:48:17,5,89.00,0.00,9.00,0.00,0.00,2.00,0.00,0.00,0.00,0.00
11:48:17,6,87.13,0.00,7.92,0.00,0.00,4.95,0.00,0.00,0.00,0.00
11:48:17,7,89.00,0.00,9.00,0.00,0.00,2.00,0.00,0.00,0.00,0.00
11:48:17,12,90.00,0.00,8.00,0.00,0.00,2.00,0.00,0.00,0.00,0.00
11:48:17,13,87.13,0.00,9.90,0.00,0.00,2.97,0.00,0.00,0.00,0.00
11:48:17,14,89.90,0.00,8.08,0.00,0.00,2.02,0.00,0.00,0.00,0.00
11:48:17,15,89.00,0.00,8.00,0.00,0.00,3.00,0.00,0.00,0.00,0.00
11:48:18,4,89.90,0.00,7.07,0.00,0.00,3.03,0.00,0.00,0.00,0.00
11:48:18,5,88.00,0.00,10.00,0.00,0.00,2.00,0.00,0.00,0.00,0.00
11:48:18,6,89.90,0.00,9.09,0.00,0.00,1.01,0.00,0.00,0.00,0.00
11:48:18,7,89.00,0.00,8.00,0.00,0.00,3.00,0.00,0.00,0.00,0.00
11:48:18,12,90.00,0.00,7.00,0.00,0.00,3.00,0.00,0.00,0.00,0.00
11:48:18,13,88.89,0.00,8.08,0.00,0.00,3.03,0.00,0.00,0.00,0.00
11:48:18,14,89.11,0.00,7.92,0.00,0.00,2.97,0.00,0.00,0.00,0.00
11:48:18,15,87.13,0.00,8.91,0.00,0.00,2.97,0.00,0.00,0.00,0.99
11:48:19,4,89.00,0.00,8.00,0.00,0.00,3.00,0.00,0.00,0.00,0.00
11:48:19,5,89.90,0.00,7.07,0.00,0.00,3.03,0.00,0.00,0.00,0.00
11:48:19,6,90.91,0.00,7.07,0.00,0.00,2.02,0.00,0.00,0.00,0.00
11:48:19,7,90.00,0.00,8.00,0.00,0.00,2.00,0.00,0.00,0.00,0.00
11:48:19,12,88.00,0.00,9.00,0.00,0.00,3.00,0.00,0.00,0.00,0.00
11:48:19,13,88.00,0.00,8.00,0.00,0.00,4.00,0.00,0.00,0.00,0.00
11:48:19,14,89.00,0.00,9.00,0.00,0.00,2.00,0.00,0.00,0.00,0.00
11:48:19,15,91.00,0.00,7.00,0.00,0.00,2.00,0.00,0.00,0.00,0.00
11:48:20,4,88.89,0.00,9.09,0.00,0.00,2.02,0.00,0.00,0.00,0.00
11:48:20,5,88.00,0.00,9.00,0.00,0.00,3.00,0.00,0.00,0.00,0.00
11:48:20,6,89.11,0.00,7.92,0.00,0.00,2.97,0.00,0.00,0.00,0.00
11:48:20,7,90.00,0.00,7.00,0.00,0.00,3.00,0.00,0.00,0.00,0.00
11:48:20,12,89.00,0.00,7.00,0.00,0.00,3.00,0.00,0.00,0.00,1.00
11:48:20,13,88.12,0.00,7.92,0.00,0.00,3.96,0.00,0.00,0.00,0.00
11:48:20,14,89.90,0.00,8.08,0.00,0.00,2.02,0.00,0.00,0.00,0.00
11:48:20,15,88.00,0.00,9.00,0.00,0.00,3.00,0.00,0.00,0.00,0.00
11:48:21,4,88.12,0.00,8.91,0.00,0.00,2.97,0.00,0.00,0.00,0.00
11:48:21,5,87.13,0.00,8.91,0.00,0.00,3.96,0.00,0.00,0.00,0.00
11:48:21,6,89.90,0.00,8.08,0.00,0.00,2.02,0.00,0.00,0.00,0.00
11:48:21,7,86.00,0.00,11.00,0.00,0.00,3.00,0.00,0.00,0.00,0.00
11:48:21,12,89.00,0.00,7.00,0.00,0.00,4.00,0.00,0.00,0.00,0.00
11:48:21,13,87.88,0.00,10.10,0.00,0.00,2.02,0.00,0.00,0.00,0.00
11:48:21,14,90.00,0.00,7.00,0.00,0.00,3.00,0.00,0.00,0.00,0.00
11:48:21,15,90.00,0.00,7.00,0.00,0.00,3.00,0.00,0.00,0.00,0.00
11:48:22,4,92.00,0.00,7.00,0.00,0.00,1.00,0.00,0.00,0.00,0.00
11:48:22,5,90.00,0.00,8.00,0.00,0.00,2.00,0.00,0.00,0.00,0.00
11:48:22,6,88.12,0.00,8.91,0.00,0.00,2.97,0.00,0.00,0.00,0.00
11:48:22,7,89.90,0.00,8.08,0.00,0.00,2.02,0.00,0.00,0.00,0.00
11:48:22,12,89.11,0.00,7.92,0.00,0.00,2.97,0.00,0.00,0.00,0.00
11:48:22,13,89.11,0.00,6.93,0.00,0.00,3.96,0.00,0.00,0.00,0.00
11:48:22,14,89.11,0.00,8.91,0.00,0.00,1.98,0.00,0.00,0.00,0.00
11:48:22,15,88.00,0.00,9.00,0.00,0.00,3.00,0.00,0.00,0.00,0.00
11:48:23,4,89.00,0.00,8.00,0.00,0.00,3.00,0.00,0.00,0.00,0.00
11:48:23,5,89.00,0.00,7.00,0.00,0.00,4.00,0.00,0.00,0.00,0.00
11:48:23,6,89.90,0.00,7.07,0.00,0.00,3.03,0.00,0.00,0.00,0.00
11:48:23,7,90.10,0.00,7.92,0.00,0.00,1.98,0.00,0.00,0.00,0.00
11:48:23,12,88.89,0.00,9.09,0.00,0.00,2.02,0.00,0.00,0.00,0.00
11:48:23,13,88.00,0.00,8.00,0.00,0.00,3.00,0.00,0.00,0.00,1.00
11:48:23,14,87.88,0.00,10.10,0.00,0.00,2.02,0.00,0.00,0.00,0.00
11:48:23,15,89.00,0.00,8.00,0.00,0.00,3.00,0.00,0.00,0.00,0.00
11:48:24,4,91.00,0.00,7.00,0.00,0.00,2.00,0.00,0.00,0.00,0.00
11:48:24,5,88.89,0.00,9.09,0.00,0.00,2.02,0.00,0.00,0.00,0.00
11:48:24,6,89.11,0.00,7.92,0.00,0.00,2.97,0.00,0.00,0.00,0.00
11:48:24,7,88.00,0.00,10.00,0.00,0.00,2.00,0.00,0.00,0.00,0.00
11:48:24,12,89.00,0.00,9.00,0.00,0.00,2.00,0.00,0.00,0.00,0.00
11:48:24,13,89.11,0.00,7.92,0.00,0.00,2.97,0.00,0.00,0.00,0.00
11:48:24,14,89.00,0.00,9.00,0.00,0.00,2.00,0.00,0.00,0.00,0.00
11:48:24,15,90.00,0.00,8.00,0.00,0.00,2.00,0.00,0.00,0.00,0.00
11:48:25,4,90.00,0.00,7.00,0.00,0.00,3.00,0.00,0.00,0.00,0.00
11:48:25,5,90.10,0.00,6.93,0.00,0.00,1.98,0.00,0.00,0.00,0.99
11:48:25,6,90.91,0.00,8.08,0.00,0.00,1.01,0.00,0.00,0.00,0.00
11:48:25,7,88.00,0.00,7.00,0.00,0.00,4.00,0.00,0.00,0.00,1.00
11:48:25,12,88.00,0.00,9.00,0.00,0.00,3.00,0.00,0.00,0.00,0.00
11:48:25,13,88.89,0.00,8.08,0.00,0.00,3.03,0.00,0.00,0.00,0.00
11:48:25,14,91.00,0.00,7.00,0.00,0.00,2.00,0.00,0.00,0.00,0.00
11:48:25,15,88.89,0.00,9.09,0.00,0.00,2.02,0.00,0.00,0.00,0.00
11:48:26,4,91.92,0.00,5.05,0.00,0.00,3.03,0.00,0.00,0.00,0.00
11:48:26,5,89.00,0.00,9.00,0.00,0.00,2.00,0.00,0.00,0.00,0.00
11:48:26,6,88.00,0.00,9.00,0.00,0.00,3.00,0.00,0.00,0.00,0.00
11:48:26,7,89.00,0.00,8.00,0.00,0.00,3.00,0.00,0.00,0.00,0.00
11:48:26,12,88.00,0.00,8.00,0.00,0.00,4.00,0.00,0.00,0.00,0.00
11:48:26,13,90.00,0.00,7.00,0.00,0.00,3.00,0.00,0.00,0.00,0.00
11:48:26,14,91.00,0.00,6.00,0.00,0.00,3.00,0.00,0.00,0.00,0.00
11:48:26,15,90.10,0.00,5.94,0.00,0.00,3.96,0.00,0.00,0.00,0.00
11:48:27,4,86.14,0.00,9.90,0.00,0.00,3.96,0.00,0.00,0.00,0.00
11:48:27,5,87.00,0.00,9.00,0.00,0.00,4.00,0.00,0.00,0.00,0.00
11:48:27,6,89.00,0.00,8.00,0.00,0.00,3.00,0.00,0.00,0.00,0.00
11:48:27,7,90.00,0.00,8.00,0.00,0.00,2.00,0.00,0.00,0.00,0.00
11:48:27,12,89.90,0.00,8.08,0.00,0.00,2.02,0.00,0.00,0.00,0.00
11:48:27,13,90.00,0.00,8.00,0.00,0.00,2.00,0.00,0.00,0.00,0.00
11:48:27,14,87.00,0.00,9.00,0.00,0.00,4.00,0.00,0.00,0.00,0.00
11:48:27,15,89.90,0.00,8.08,0.00,0.00,2.02,0.00,0.00,0.00,0.00
11:48:28,4,88.00,0.00,8.00,0.00,0.00,3.00,0.00,0.00,0.00,1.00
11:48:28,5,86.00,0.00,10.00,0.00,0.00,4.00,0.00,0.00,0.00,0.00
11:48:28,6,89.00,0.00,8.00,0.00,0.00,3.00,0.00,0.00,0.00,0.00
11:48:28,7,89.11,0.00,8.91,0.00,0.00,1.98,0.00,0.00,0.00,0.00
11:48:28,12,88.12,0.00,7.92,0.00,0.00,3.96,0.00,0.00,0.00,0.00
11:48:28,13,89.00,0.00,8.00,0.00,0.00,3.00,0.00,0.00,0.00,0.00
11:48:28,14,89.00,0.00,9.00,0.00,0.00,2.00,0.00,0.00,0.00,0.00
11:48:28,15,88.12,0.00,8.91,0.00,0.00,2.97,0.00,0.00,0.00,0.00
11:48:29,4,88.12,0.00,8.91,0.00,0.00,2.97,0.00,0.00,0.00,0.00
11:48:29,5,90.91,0.00,7.07,0.00,0.00,2.02,0.00,0.00,0.00,0.00
11:48:29,6,89.11,0.00,8.91,0.00,0.00,1.98,0.00,0.00,0.00,0.00
11:48:29,7,89.90,0.00,7.07,0.00,0.00,3.03,0.00,0.00,0.00,0.00
11:48:29,12,88.00,0.00,10.00,0.00,0.00,2.00,0.00,0.00,0.00,0.00
11:48:29,13,90.00,0.00,7.00,0.00,0.00,3.00,0.00,0.00,0.00,0.00
11:48:29,14,89.00,0.00,8.00,0.00,0.00,3.00,0.00,0.00,0.00,0.00
11:48:29,15,90.91,0.00,7.07,0.00,0.00,2.02,0.00,0.00,0.00,0.00
11:48:30,4,90.00,0.00,8.00,0.00,0.00,2.00,0.00,0.00,0.00,0.00
11:48:30,5,88.12,0.00,8.91,0.00,0.00,2.97,0.00,0.00,0.00,0.00
11:48:30,6,88.89,0.00,9.09,0.00,0.00,2.02,0.00,0.00,0.00,0.00
11:48:30,7,90.00,0.00,8.00,0.00,0.00,2.00,0.00,0.00,0.00,0.00
11:48:30,12,89.00,0.00,8.00,0.00,0.00,3.00,0.00,0.00,0.00,0.00
11:48:30,13,90.00,0.00,7.00,0.00,0.00,3.00,0.00,0.00,0.00,0.00
11:48:30,14,90.10,0.00,7.92,0.00,0.00,1.98,0.00,0.00,0.00,0.00
11:48:30,15,90.00,0.00,7.00,0.00,0.00,3.00,0.00,0.00,0.00,0.00
11:48:31,4,88.89,0.00,8.08,0.00,0.00,3.03,0.00,0.00,0.00,0.00
11:48:31,5,88.89,0.00,8.08,0.00,0.00,3.03,0.00,0.00,0.00,0.00
11:48:31,6,87.25,0.00,8.82,0.00,0.00,2.94,0.00,0.00,0.00,0.98
11:48:31,7,89.11,0.00,7.92,0.00,0.00,2.97,0.00,0.00,0.00,0.00
11:48:31,12,88.89,0.00,8.08,0.00,0.00,3.03,0.00,0.00,0.00,0.00
11:48:31,13,89.00,0.00,9.00,0.00,0.00,2.00,0.00,0.00,0.00,0.00
11:48:31,14,89.90,0.00,7.07,0.00,0.00,3.03,0.00,0.00,0.00,0.00
11:48:31,15,89.00,0.00,9.00,0.00,0.00,2.00,0.00,0.00,0.00,0.00
11:48:32,4,89.00,0.00,7.00,0.00,0.00,4.00,0.00,0.00,0.00,0.00
11:48:32,5,88.00,0.00,9.00,0.00,0.00,3.00,0.00,0.00,0.00,0.00
11:48:32,6,88.78,0.00,9.18,0.00,0.00,2.04,0.00,0.00,0.00,0.00
11:48:32,7,88.89,0.00,9.09,0.00,0.00,2.02,0.00,0.00,0.00,0.00
11:48:32,12,89.11,0.00,7.92,0.00,0.00,2.97,0.00,0.00,0.00,0.00
11:48:32,13,89.00,0.00,8.00,0.00,0.00,3.00,0.00,0.00,0.00,0.00
11:48:32,14,87.13,0.00,8.91,0.00,0.00,2.97,0.00,0.00,0.00,0.99
11:48:32,15,88.12,0.00,8.91,0.00,0.00,2.97,0.00,0.00,0.00,0.00
11:48:33,4,87.88,0.00,9.09,0.00,0.00,2.02,0.00,0.00,0.00,1.01
11:48:33,5,88.12,0.00,7.92,0.00,0.00,3.96,0.00,0.00,0.00,0.00
11:48:33,6,86.00,0.00,9.00,0.00,0.00,4.00,0.00,0.00,0.00,1.00
11:48:33,7,88.00,0.00,8.00,0.00,0.00,2.00,0.00,0.00,0.00,2.00
11:48:33,12,85.15,0.00,8.91,0.00,0.00,3.96,0.00,0.00,0.00,1.98
11:48:33,13,87.00,0.00,8.00,0.00,0.00,3.00,0.00,0.00,0.00,2.00
11:48:33,14,89.80,0.00,7.14,0.00,0.00,2.04,0.00,0.00,0.00,1.02
11:48:33,15,88.89,0.00,7.07,0.00,0.00,2.02,0.00,0.00,0.00,2.02
11:48:34,4,90.00,0.00,8.00,0.00,0.00,2.00,0.00,0.00,0.00,0.00
11:48:34,5,90.91,0.00,7.07,0.00,0.00,2.02,0.00,0.00,0.00,0.00
11:48:34,6,90.00,0.00,7.00,0.00,0.00,3.00,0.00,0.00,0.00,0.00
11:48:34,7,89.00,0.00,7.00,0.00,0.00,4.00,0.00,0.00,0.00,0.00
11:48:34,12,89.80,0.00,7.14,0.00,0.00,3.06,0.00,0.00,0.00,0.00
11:48:34,13,90.00,0.00,8.00,0.00,0.00,2.00,0.00,0.00,0.00,0.00
11:48:34,14,90.10,0.00,6.93,0.00,0.00,2.97,0.00,0.00,0.00,0.00
11:48:34,15,89.00,0.00,8.00,0.00,0.00,3.00,0.00,0.00,0.00,0.00
11:48:35,4,88.24,0.00,7.84,0.00,0.00,2.94,0.00,0.00,0.00,0.98
11:48:35,5,90.10,0.00,7.92,0.00,0.00,1.98,0.00,0.00,0.00,0.00
11:48:35,6,88.12,0.00,7.92,0.00,0.00,2.97,0.00,0.00,0.00,0.99
11:48:35,7,88.00,0.00,10.00,0.00,0.00,2.00,0.00,0.00,0.00,0.00
11:48:35,12,88.12,0.00,7.92,0.00,0.00,3.96,0.00,0.00,0.00,0.00
11:48:35,13,89.90,0.00,8.08,0.00,0.00,2.02,0.00,0.00,0.00,0.00
11:48:35,14,89.11,0.00,6.93,0.00,0.00,2.97,0.00,0.00,0.00,0.99
11:48:35,15,90.00,0.00,7.00,0.00,0.00,3.00,0.00,0.00,0.00,0.00
11:48:36,4,89.90,0.00,8.08,0.00,0.00,2.02,0.00,0.00,0.00,0.00
11:48:36,5,89.00,0.00,8.00,0.00,0.00,3.00,0.00,0.00,0.00,0.00
11:48:36,6,89.00,0.00,8.00,0.00,0.00,3.00,0.00,0.00,0.00,0.00
11:48:36,7,88.89,0.00,8.08,0.00,0.00,3.03,0.00,0.00,0.00,0.00
11:48:36,12,90.00,0.00,8.00,0.00,0.00,2.00,0.00,0.00,0.00,0.00
11:48:36,13,89.90,0.00,7.07,0.00,0.00,3.03,0.00,0.00,0.00,0.00
11:48:36,14,90.91,0.00,7.07,0.00,0.00,2.02,0.00,0.00,0.00,0.00
11:48:36,15,88.00,0.00,8.00,0.00,0.00,4.00,0.00,0.00,0.00,0.00
11:48:37,4,88.12,0.00,7.92,0.00,0.00,3.96,0.00,0.00,0.00,0.00
11:48:37,5,88.89,0.00,8.08,0.00,0.00,3.03,0.00,0.00,0.00,0.00
11:48:37,6,87.88,0.00,9.09,0.00,0.00,3.03,0.00,0.00,0.00,0.00
11:48:37,7,87.13,0.00,8.91,0.00,0.00,3.96,0.00,0.00,0.00,0.00
11:48:37,12,89.00,0.00,7.00,0.00,0.00,4.00,0.00,0.00,0.00,0.00
11:48:37,13,89.11,0.00,7.92,0.00,0.00,2.97,0.00,0.00,0.00,0.00
11:48:37,14,89.11,0.00,8.91,0.00,0.00,1.98,0.00,0.00,0.00,0.00
11:48:37,15,87.00,0.00,10.00,0.00,0.00,3.00,0.00,0.00,0.00,0.00
11:48:38,4,89.90,0.00,8.08,0.00,0.00,2.02,0.00,0.00,0.00,0.00
11:48:38,5,89.11,0.00,7.92,0.00,0.00,2.97,0.00,0.00,0.00,0.00
11:48:38,6,89.11,0.00,7.92,0.00,0.00,2.97,0.00,0.00,0.00,0.00
11:48:38,7,90.91,0.00,7.07,0.00,0.00,2.02,0.00,0.00,0.00,0.00
11:48:38,12,90.00,0.00,8.00,0.00,0.00,2.00,0.00,0.00,0.00,0.00
11:48:38,13,89.90,0.00,8.08,0.00,0.00,2.02,0.00,0.00,0.00,0.00
11:48:38,14,86.87,0.00,8.08,0.00,0.00,5.05,0.00,0.00,0.00,0.00
11:48:38,15,88.89,0.00,9.09,0.00,0.00,2.02,0.00,0.00,0.00,0.00
11:48:39,4,88.00,0.00,9.00,0.00,0.00,3.00,0.00,0.00,0.00,0.00
11:48:39,5,89.80,0.00,7.14,0.00,0.00,3.06,0.00,0.00,0.00,0.00
11:48:39,6,88.89,0.00,9.09,0.00,0.00,2.02,0.00,0.00,0.00,0.00
11:48:39,7,88.00,0.00,8.00,0.00,0.00,4.00,0.00,0.00,0.00,0.00
11:48:39,12,88.89,0.00,8.08,0.00,0.00,3.03,0.00,0.00,0.00,0.00
11:48:39,13,88.12,0.00,8.91,0.00,0.00,2.97,0.00,0.00,0.00,0.00
11:48:39,14,89.00,0.00,9.00,0.00,0.00,2.00,0.00,0.00,0.00,0.00
11:48:39,15,88.12,0.00,7.92,0.00,0.00,2.97,0.00,0.00,0.00,0.99
11:48:40,4,90.00,0.00,7.00,0.00,0.00,3.00,0.00,0.00,0.00,0.00
11:48:40,5,87.13,0.00,7.92,0.00,0.00,4.95,0.00,0.00,0.00,0.00
11:48:40,6,89.11,0.00,7.92,0.00,0.00,2.97,0.00,0.00,0.00,0.00
11:48:40,7,87.13,0.00,9.90,0.00,0.00,2.97,0.00,0.00,0.00,0.00
11:48:40,12,88.00,0.00,9.00,0.00,0.00,3.00,0.00,0.00,0.00,0.00
11:48:40,13,87.00,0.00,10.00,0.00,0.00,3.00,0.00,0.00,0.00,0.00
11:48:40,14,87.13,0.00,9.90,0.00,0.00,2.97,0.00,0.00,0.00,0.00
11:48:40,15,89.11,0.00,6.93,0.00,0.00,3.96,0.00,0.00,0.00,0.00
11:48:41,4,89.00,0.00,8.00,0.00,0.00,3.00,0.00,0.00,0.00,0.00
11:48:41,5,88.00,0.00,8.00,0.00,0.00,4.00,0.00,0.00,0.00,0.00
11:48:41,6,90.91,0.00,7.07,0.00,0.00,2.02,0.00,0.00,0.00,0.00
11:48:41,7,90.00,0.00,8.00,0.00,0.00,2.00,0.00,0.00,0.00,0.00
11:48:41,12,89.00,0.00,9.00,0.00,0.00,2.00,0.00,0.00,0.00,0.00
11:48:41,13,90.91,0.00,7.07,0.00,0.00,2.02,0.00,0.00,0.00,0.00
11:48:41,14,89.00,0.00,9.00,0.00,0.00,2.00,0.00,0.00,0.00,0.00
11:48:41,15,89.00,0.00,8.00,0.00,0.00,3.00,0.00,0.00,0.00,0.00
11:48:42,4,88.00,0.00,9.00,0.00,0.00,3.00,0.00,0.00,0.00,0.00
11:48:42,5,90.00,0.00,8.00,0.00,0.00,2.00,0.00,0.00,0.00,0.00
11:48:42,6,91.00,0.00,7.00,0.00,0.00,2.00,0.00,0.00,0.00,0.00
11:48:42,7,89.90,0.00,8.08,0.00,0.00,2.02,0.00,0.00,0.00,0.00
11:48:42,12,87.00,0.00,9.00,0.00,0.00,4.00,0.00,0.00,0.00,0.00
11:48:42,13,89.11,0.00,7.92,0.00,0.00,2.97,0.00,0.00,0.00,0.00
11:48:42,14,89.90,0.00,8.08,0.00,0.00,2.02,0.00,0.00,0.00,0.00
11:48:42,15,88.00,0.00,9.00,0.00,0.00,3.00,0.00,0.00,0.00,0.00
11:48:43,4,87.00,0.00,10.00,0.00,0.00,3.00,0.00,0.00,0.00,0.00
11:48:43,5,85.15,0.00,9.90,0.00,0.00,3.96,0.00,0.00,0.00,0.99
11:48:43,6,89.11,0.00,7.92,0.00,0.00,2.97,0.00,0.00,0.00,0.00
11:48:43,7,89.00,0.00,9.00,0.00,0.00,2.00,0.00,0.00,0.00,0.00
11:48:43,12,89.00,0.00,7.00,0.00,0.00,4.00,0.00,0.00,0.00,0.00
11:48:43,13,88.00,0.00,9.00,0.00,0.00,3.00,0.00,0.00,0.00,0.00
11:48:43,14,89.00,0.00,9.00,0.00,0.00,2.00,0.00,0.00,0.00,0.00
11:48:43,15,90.00,0.00,8.00,0.00,0.00,2.00,0.00,0.00,0.00,0.00
11:48:44,4,89.00,0.00,8.00,0.00,0.00,3.00,0.00,0.00,0.00,0.00
11:48:44,5,88.89,0.00,8.08,0.00,0.00,3.03,0.00,0.00,0.00,0.00
11:48:44,6,90.91,0.00,7.07,0.00,0.00,2.02,0.00,0.00,0.00,0.00
11:48:44,7,88.12,0.00,8.91,0.00,0.00,2.97,0.00,0.00,0.00,0.00
11:48:44,12,88.12,0.00,7.92,0.00,0.00,2.97,0.00,0.00,0.00,0.99
11:48:44,13,88.89,0.00,8.08,0.00,0.00,3.03,0.00,0.00,0.00,0.00
11:48:44,14,88.00,0.00,9.00,0.00,0.00,3.00,0.00,0.00,0.00,0.00
11:48:44,15,90.91,0.00,7.07,0.00,0.00,2.02,0.00,0.00,0.00,0.00
11:48:45,4,88.00,0.00,9.00,0.00,0.00,3.00,0.00,0.00,0.00,0.00
11:48:45,5,89.00,0.00,8.00,0.00,0.00,3.00,0.00,0.00,0.00,0.00
11:48:45,6,90.00,0.00,8.00,0.00,0.00,2.00,0.00,0.00,0.00,0.00
11:48:45,7,89.90,0.00,9.09,0.00,0.00,1.01,0.00,0.00,0.00,0.00
11:48:45,12,89.00,0.00,9.00,0.00,0.00,2.00,0.00,0.00,0.00,0.00
11:48:45,13,87.13,0.00,8.91,0.00,0.00,3.96,0.00,0.00,0.00,0.00
11:48:45,14,88.12,0.00,8.91,0.00,0.00,2.97,0.00,0.00,0.00,0.00
11:48:45,15,87.13,0.00,9.90,0.00,0.00,2.97,0.00,0.00,0.00,0.00
11:48:46,4,88.89,0.00,9.09,0.00,0.00,2.02,0.00,0.00,0.00,0.00
11:48:46,5,89.00,0.00,9.00,0.00,0.00,2.00,0.00,0.00,0.00,0.00
11:48:46,6,88.12,0.00,7.92,0.00,0.00,2.97,0.00,0.00,0.00,0.99
11:48:46,7,89.11,0.00,7.92,0.00,0.00,1.98,0.00,0.00,0.00,0.99
11:48:46,12,90.00,0.00,8.00,0.00,0.00,2.00,0.00,0.00,0.00,0.00
11:48:46,13,88.12,0.00,8.91,0.00,0.00,1.98,0.00,0.00,0.00,0.99
11:48:46,14,89.90,0.00,7.07,0.00,0.00,3.03,0.00,0.00,0.00,0.00
11:48:46,15,88.00,0.00,9.00,0.00,0.00,3.00,0.00,0.00,0.00,0.00
11:48:47,4,90.10,0.00,6.93,0.00,0.00,2.97,0.00,0.00,0.00,0.00
11:48:47,5,90.00,0.00,8.00,0.00,0.00,2.00,0.00,0.00,0.00,0.00
11:48:47,6,89.00,0.00,8.00,0.00,0.00,3.00,0.00,0.00,0.00,0.00
11:48:47,7,91.00,0.00,6.00,0.00,0.00,3.00,0.00,0.00,0.00,0.00
11:48:47,12,90.00,0.00,8.00,0.00,0.00,2.00,0.00,0.00,0.00,0.00
11:48:47,13,91.00,0.00,8.00,0.00,0.00,1.00,0.00,0.00,0.00,0.00
11:48:47,14,89.00,0.00,9.00,0.00,0.00,2.00,0.00,0.00,0.00,0.00
11:48:47,15,89.90,0.00,8.08,0.00,0.00,2.02,0.00,0.00,0.00,0.00
11:48:48,4,89.00,0.00,8.00,0.00,0.00,2.00,0.00,0.00,0.00,1.00
11:48:48,5,89.00,0.00,8.00,0.00,0.00,3.00,0.00,0.00,0.00,0.00
11:48:48,6,90.00,0.00,7.00,0.00,0.00,3.00,0.00,0.00,0.00,0.00
11:48:48,7,89.00,0.00,8.00,0.00,0.00,3.00,0.00,0.00,0.00,0.00
11:48:48,12,90.91,0.00,6.06,0.00,0.00,3.03,0.00,0.00,0.00,0.00
11:48:48,13,87.88,0.00,8.08,0.00,0.00,4.04,0.00,0.00,0.00,0.00
11:48:48,14,89.00,0.00,8.00,0.00,0.00,2.00,0.00,0.00,0.00,1.00
11:48:48,15,87.00,0.00,9.00,0.00,0.00,4.00,0.00,0.00,0.00,0.00
11:48:49,4,89.90,0.00,7.07,0.00,0.00,3.03,0.00,0.00,0.00,0.00
11:48:49,5,88.00,0.00,9.00,0.00,0.00,3.00,0.00,0.00,0.00,0.00
11:48:49,6,90.00,0.00,8.00,0.00,0.00,2.00,0.00,0.00,0.00,0.00
11:48:49,7,89.00,0.00,9.00,0.00,0.00,2.00,0.00,0.00,0.00,0.00
11:48:49,12,89.00,0.00,8.00,0.00,0.00,3.00,0.00,0.00,0.00,0.00
11:48:49,13,90.00,0.00,7.00,0.00,0.00,3.00,0.00,0.00,0.00,0.00
11:48:49,14,90.10,0.00,6.93,0.00,0.00,2.97,0.00,0.00,0.00,0.00
11:48:49,15,89.00,0.00,8.00,0.00,0.00,3.00,0.00,0.00,0.00,0.00
11:48:50,4,88.12,0.00,8.91,0.00,0.00,2.97,0.00,0.00,0.00,0.00
11:48:50,5,90.00,0.00,7.00,0.00,0.00,3.00,0.00,0.00,0.00,0.00
11:48:50,6,88.00,0.00,9.00,0.00,0.00,3.00,0.00,0.00,0.00,0.00
11:48:50,7,88.00,0.00,9.00,0.00,0.00,3.00,0.00,0.00,0.00,0.00
11:48:50,12,90.10,0.00,6.93,0.00,0.00,2.97,0.00,0.00,0.00,0.00
11:48:50,13,89.90,0.00,8.08,0.00,0.00,2.02,0.00,0.00,0.00,0.00
11:48:50,14,89.90,0.00,8.08,0.00,0.00,2.02,0.00,0.00,0.00,0.00
11:48:50,15,88.89,0.00,9.09,0.00,0.00,2.02,0.00,0.00,0.00,0.00
11:48:51,4,90.00,0.00,8.00,0.00,0.00,2.00,0.00,0.00,0.00,0.00
11:48:51,5,88.12,0.00,8.91,0.00,0.00,2.97,0.00,0.00,0.00,0.00
11:48:51,6,90.00,0.00,7.00,0.00,0.00,3.00,0.00,0.00,0.00,0.00
11:48:51,7,88.89,0.00,8.08,0.00,0.00,3.03,0.00,0.00,0.00,0.00
11:48:51,12,87.88,0.00,9.09,0.00,0.00,3.03,0.00,0.00,0.00,0.00
11:48:51,13,89.11,0.00,7.92,0.00,0.00,2.97,0.00,0.00,0.00,0.00
11:48:51,14,88.12,0.00,7.92,0.00,0.00,3.96,0.00,0.00,0.00,0.00
11:48:51,15,89.00,0.00,8.00,0.00,0.00,3.00,0.00,0.00,0.00,0.00
11:48:52,4,90.00,0.00,7.00,0.00,0.00,3.00,0.00,0.00,0.00,0.00
11:48:52,5,88.89,0.00,9.09,0.00,0.00,2.02,0.00,0.00,0.00,0.00
11:48:52,6,89.00,0.00,8.00,0.00,0.00,3.00,0.00,0.00,0.00,0.00
11:48:52,7,90.00,0.00,7.00,0.00,0.00,3.00,0.00,0.00,0.00,0.00
11:48:52,12,90.00,0.00,7.00,0.00,0.00,3.00,0.00,0.00,0.00,0.00
11:48:52,13,89.11,0.00,7.92,0.00,0.00,2.97,0.00,0.00,0.00,0.00
11:48:52,14,90.00,0.00,7.00,0.00,0.00,3.00,0.00,0.00,0.00,0.00
11:48:52,15,88.12,0.00,8.91,0.00,0.00,2.97,0.00,0.00,0.00,0.00
11:48:53,4,88.12,0.00,8.91,0.00,0.00,2.97,0.00,0.00,0.00,0.00
11:48:53,5,89.00,0.00,8.00,0.00,0.00,3.00,0.00,0.00,0.00,0.00
11:48:53,6,90.00,0.00,7.00,0.00,0.00,3.00,0.00,0.00,0.00,0.00
11:48:53,7,88.00,0.00,9.00,0.00,0.00,3.00,0.00,0.00,0.00,0.00
11:48:53,12,89.00,0.00,8.00,0.00,0.00,3.00,0.00,0.00,0.00,0.00
11:48:53,13,88.89,0.00,9.09,0.00,0.00,2.02,0.00,0.00,0.00,0.00
11:48:53,14,89.00,0.00,8.00,0.00,0.00,3.00,0.00,0.00,0.00,0.00
11:48:53,15,89.00,0.00,8.00,0.00,0.00,3.00,0.00,0.00,0.00,0.00
11:48:54,4,88.89,0.00,9.09,0.00,0.00,2.02,0.00,0.00,0.00,0.00
11:48:54,5,90.91,0.00,7.07,0.00,0.00,2.02,0.00,0.00,0.00,0.00
11:48:54,6,88.00,0.00,10.00,0.00,0.00,2.00,0.00,0.00,0.00,0.00
11:48:54,7,87.13,0.00,8.91,0.00,0.00,3.96,0.00,0.00,0.00,0.00
11:48:54,12,90.10,0.00,6.93,0.00,0.00,2.97,0.00,0.00,0.00,0.00
11:48:54,13,91.92,0.00,6.06,0.00,0.00,2.02,0.00,0.00,0.00,0.00
11:48:54,14,89.00,0.00,9.00,0.00,0.00,2.00,0.00,0.00,0.00,0.00
11:48:54,15,88.00,0.00,10.00,0.00,0.00,2.00,0.00,0.00,0.00,0.00
11:48:55,4,88.89,0.00,9.09,0.00,0.00,2.02,0.00,0.00,0.00,0.00
11:48:55,5,87.13,0.00,9.90,0.00,0.00,1.98,0.00,0.00,0.00,0.99
11:48:55,6,88.89,0.00,8.08,0.00,0.00,3.03,0.00,0.00,0.00,0.00
11:48:55,7,89.90,0.00,7.07,0.00,0.00,3.03,0.00,0.00,0.00,0.00
11:48:55,12,89.90,0.00,7.07,0.00,0.00,3.03,0.00,0.00,0.00,0.00
11:48:55,13,88.12,0.00,6.93,0.00,0.00,4.95,0.00,0.00,0.00,0.00
11:48:55,14,90.91,0.00,7.07,0.00,0.00,2.02,0.00,0.00,0.00,0.00
11:48:55,15,88.00,0.00,8.00,0.00,0.00,3.00,0.00,0.00,0.00,1.00
11:48:56,4,89.00,0.00,8.00,0.00,0.00,3.00,0.00,0.00,0.00,0.00
11:48:56,5,88.00,0.00,8.00,0.00,0.00,4.00,0.00,0.00,0.00,0.00
11:48:56,6,90.00,0.00,8.00,0.00,0.00,2.00,0.00,0.00,0.00,0.00
11:48:56,7,88.12,0.00,8.91,0.00,0.00,1.98,0.00,0.00,0.00,0.99
11:48:56,12,87.00,0.00,9.00,0.00,0.00,3.00,0.00,0.00,0.00,1.00
11:48:56,13,90.00,0.00,8.00,0.00,0.00,2.00,0.00,0.00,0.00,0.00
11:48:56,14,87.13,0.00,9.90,0.00,0.00,2.97,0.00,0.00,0.00,0.00
11:48:56,15,90.00,0.00,7.00,0.00,0.00,3.00,0.00,0.00,0.00,0.00
11:48:57,4,88.12,0.00,8.91,0.00,0.00,2.97,0.00,0.00,0.00,0.00
11:48:57,5,92.00,0.00,5.00,0.00,0.00,3.00,0.00,0.00,0.00,0.00
11:48:57,6,88.00,0.00,8.00,0.00,0.00,4.00,0.00,0.00,0.00,0.00
11:48:57,7,90.00,0.00,7.00,0.00,0.00,3.00,0.00,0.00,0.00,0.00
11:48:57,12,88.12,0.00,8.91,0.00,0.00,2.97,0.00,0.00,0.00,0.00
11:48:57,13,89.00,0.00,7.00,0.00,0.00,3.00,0.00,0.00,0.00,1.00
11:48:57,14,88.00,0.00,9.00,0.00,0.00,3.00,0.00,0.00,0.00,0.00
11:48:57,15,87.88,0.00,9.09,0.00,0.00,3.03,0.00,0.00,0.00,0.00
11:48:58,4,88.89,0.00,9.09,0.00,0.00,2.02,0.00,0.00,0.00,0.00
11:48:58,5,87.88,0.00,9.09,0.00,0.00,3.03,0.00,0.00,0.00,0.00
11:48:58,6,87.13,0.00,8.91,0.00,0.00,3.96,0.00,0.00,0.00,0.00
11:48:58,7,89.00,0.00,9.00,0.00,0.00,2.00,0.00,0.00,0.00,0.00
11:48:58,12,88.89,0.00,8.08,0.00,0.00,3.03,0.00,0.00,0.00,0.00
11:48:58,13,88.00,0.00,10.00,0.00,0.00,2.00,0.00,0.00,0.00,0.00
11:48:58,14,90.91,0.00,7.07,0.00,0.00,2.02,0.00,0.00,0.00,0.00
11:48:58,15,87.13,0.00,8.91,0.00,0.00,3.96,0.00,0.00,0.00,0.00
11:48:59,4,87.13,0.00,8.91,0.00,0.00,2.97,0.00,0.00,0.00,0.99
11:48:59,5,87.13,0.00,8.91,0.00,0.00,3.96,0.00,0.00,0.00,0.00
11:48:59,6,89.90,0.00,8.08,0.00,0.00,2.02,0.00,0.00,0.00,0.00
11:48:59,7,90.00,0.00,7.00,0.00,0.00,3.00,0.00,0.00,0.00,0.00
11:48:59,12,88.00,0.00,9.00,0.00,0.00,3.00,0.00,0.00,0.00,0.00
11:48:59,13,88.00,0.00,9.00,0.00,0.00,3.00,0.00,0.00,0.00,0.00
11:48:59,14,89.00,0.00,9.00,0.00,0.00,2.00,0.00,0.00,0.00,0.00
11:48:59,15,89.00,0.00,8.00,0.00,0.00,3.00,0.00,0.00,0.00,0.00
11:49:00,4,90.00,0.00,7.00,0.00,0.00,3.00,0.00,0.00,0.00,0.00
11:49:00,5,89.00,0.00,9.00,0.00,0.00,2.00,0.00,0.00,0.00,0.00
11:49:00,6,88.00,0.00,8.00,0.00,0.00,3.00,0.00,0.00,0.00,1.00
11:49:00,7,89.90,0.00,6.06,0.00,0.00,4.04,0.00,0.00,0.00,0.00
11:49:00,12,90.00,0.00,8.00,0.00,0.00,2.00,0.00,0.00,0.00,0.00
11:49:00,13,89.00,0.00,8.00,0.00,0.00,3.00,0.00,0.00,0.00,0.00
11:49:00,14,89.11,0.00,6.93,0.00,0.00,2.97,0.00,0.00,0.00,0.99
11:49:00,15,89.00,0.00,9.00,0.00,0.00,2.00,0.00,0.00,0.00,0.00
11:49:01,4,88.89,0.00,8.08,0.00,0.00,3.03,0.00,0.00,0.00,0.00
11:49:01,5,89.90,0.00,7.07,0.00,0.00,3.03,0.00,0.00,0.00,0.00
11:49:01,6,89.11,0.00,7.92,0.00,0.00,2.97,0.00,0.00,0.00,0.00
11:49:01,7,88.89,0.00,9.09,0.00,0.00,2.02,0.00,0.00,0.00,0.00
11:49:01,12,89.00,0.00,8.00,0.00,0.00,3.00,0.00,0.00,0.00,0.00
11:49:01,13,89.00,0.00,8.00,0.00,0.00,3.00,0.00,0.00,0.00,0.00
11:49:01,14,90.00,0.00,6.00,0.00,0.00,4.00,0.00,0.00,0.00,0.00
11:49:01,15,87.00,0.00,8.00,0.00,0.00,4.00,0.00,0.00,0.00,1.00
11:49:02,4,90.00,0.00,7.00,0.00,0.00,3.00,0.00,0.00,0.00,0.00
11:49:02,5,90.00,0.00,8.00,0.00,0.00,2.00,0.00,0.00,0.00,0.00
11:49:02,6,87.88,0.00,9.09,0.00,0.00,3.03,0.00,0.00,0.00,0.00
11:49:02,7,86.27,0.00,8.82,0.00,0.00,3.92,0.00,0.00,0.00,0.98
11:49:02,12,89.00,0.00,7.00,0.00,0.00,4.00,0.00,0.00,0.00,0.00
11:49:02,13,89.00,0.00,9.00,0.00,0.00,2.00,0.00,0.00,0.00,0.00
11:49:02,14,89.00,0.00,8.00,0.00,0.00,3.00,0.00,0.00,0.00,0.00
11:49:02,15,87.13,0.00,8.91,0.00,0.00,3.96,0.00,0.00,0.00,0.00
11:49:03,4,89.00,0.00,8.00,0.00,0.00,3.00,0.00,0.00,0.00,0.00
11:49:03,5,89.11,0.00,7.92,0.00,0.00,2.97,0.00,0.00,0.00,0.00
11:49:03,6,91.00,0.00,6.00,0.00,0.00,3.00,0.00,0.00,0.00,0.00
11:49:03,7,89.00,0.00,9.00,0.00,0.00,2.00,0.00,0.00,0.00,0.00
11:49:03,12,90.00,0.00,8.00,0.00,0.00,2.00,0.00,0.00,0.00,0.00
11:49:03,13,88.00,0.00,8.00,0.00,0.00,4.00,0.00,0.00,0.00,0.00
11:49:03,14,89.90,0.00,8.08,0.00,0.00,2.02,0.00,0.00,0.00,0.00
11:49:03,15,88.00,0.00,9.00,0.00,0.00,3.00,0.00,0.00,0.00,0.00
11:49:04,4,87.00,0.00,9.00,0.00,0.00,4.00,0.00,0.00,0.00,0.00
11:49:04,5,90.00,0.00,8.00,0.00,0.00,2.00,0.00,0.00,0.00,0.00
11:49:04,6,90.10,0.00,6.93,0.00,0.00,2.97,0.00,0.00,0.00,0.00
11:49:04,7,88.00,0.00,9.00,0.00,0.00,3.00,0.00,0.00,0.00,0.00
11:49:04,12,88.89,0.00,8.08,0.00,0.00,3.03,0.00,0.00,0.00,0.00
11:49:04,13,90.00,0.00,8.00,0.00,0.00,2.00,0.00,0.00,0.00,0.00
11:49:04,14,89.00,0.00,8.00,0.00,0.00,3.00,0.00,0.00,0.00,0.00
11:49:04,15,90.82,0.00,6.12,0.00,0.00,3.06,0.00,0.00,0.00,0.00
11:49:05,4,90.10,0.00,6.93,0.00,0.00,1.98,0.00,0.00,0.00,0.99
11:49:05,5,89.00,0.00,7.00,0.00,0.00,3.00,0.00,0.00,0.00,1.00
11:49:05,6,87.88,0.00,9.09,0.00,0.00,3.03,0.00,0.00,0.00,0.00
11:49:05,7,90.91,0.00,6.06,0.00,0.00,3.03,0.00,0.00,0.00,0.00
11:49:05,12,88.12,0.00,8.91,0.00,0.00,1.98,0.00,0.00,0.00,0.99
11:49:05,13,87.13,0.00,8.91,0.00,0.00,2.97,0.00,0.00,0.00,0.99
11:49:05,14,88.24,0.00,7.84,0.00,0.00,2.94,0.00,0.00,0.00,0.98
11:49:05,15,91.00,0.00,6.00,0.00,0.00,3.00,0.00,0.00,0.00,0.00
11:49:06,4,88.89,0.00,9.09,0.00,0.00,2.02,0.00,0.00,0.00,0.00
11:49:06,5,89.00,0.00,8.00,0.00,0.00,3.00,0.00,0.00,0.00,0.00
11:49:06,6,89.00,0.00,8.00,0.00,0.00,3.00,0.00,0.00,0.00,0.00
11:49:06,7,89.90,0.00,8.08,0.00,0.00,2.02,0.00,0.00,0.00,0.00
11:49:06,12,89.00,0.00,8.00,0.00,0.00,3.00,0.00,0.00,0.00,0.00
11:49:06,13,89.90,0.00,8.08,0.00,0.00,2.02,0.00,0.00,0.00,0.00
11:49:06,14,89.80,0.00,8.16,0.00,0.00,2.04,0.00,0.00,0.00,0.00
11:49:06,15,89.00,0.00,8.00,0.00,0.00,3.00,0.00,0.00,0.00,0.00
11:49:07,4,89.00,0.00,8.00,0.00,0.00,3.00,0.00,0.00,0.00,0.00
11:49:07,5,90.00,0.00,8.00,0.00,0.00,2.00,0.00,0.00,0.00,0.00
11:49:07,6,89.11,0.00,7.92,0.00,0.00,1.98,0.00,0.00,0.00,0.99
11:49:07,7,89.22,0.00,7.84,0.00,0.00,2.94,0.00,0.00,0.00,0.00
11:49:07,12,91.00,0.00,6.00,0.00,0.00,3.00,0.00,0.00,0.00,0.00
11:49:07,13,89.11,0.00,7.92,0.00,0.00,2.97,0.00,0.00,0.00,0.00
11:49:07,14,88.12,0.00,8.91,0.00,0.00,2.97,0.00,0.00,0.00,0.00
11:49:07,15,89.00,0.00,8.00,0.00,0.00,3.00,0.00,0.00,0.00,0.00
11:49:08,4,89.00,0.00,8.00,0.00,0.00,2.00,0.00,0.00,0.00,1.00
11:49:08,5,88.00,0.00,7.00,0.00,0.00,4.00,0.00,0.00,0.00,1.00
11:49:08,6,88.89,0.00,8.08,0.00,0.00,2.02,0.00,0.00,0.00,1.01
11:49:08,7,88.89,0.00,8.08,0.00,0.00,2.02,0.00,0.00,0.00,1.01
11:49:08,12,88.89,0.00,7.07,0.00,0.00,3.03,0.00,0.00,0.00,1.01
11:49:08,13,90.82,0.00,6.12,0.00,0.00,2.04,0.00,0.00,0.00,1.02
11:49:08,14,86.87,0.00,8.08,0.00,0.00,4.04,0.00,0.00,0.00,1.01
11:49:08,15,88.12,0.00,7.92,0.00,0.00,1.98,0.00,0.00,0.00,1.98
11:49:09,4,89.00,0.00,8.00,0.00,0.00,3.00,0.00,0.00,0.00,0.00
11:49:09,5,90.00,0.00,6.00,0.00,0.00,4.00,0.00,0.00,0.00,0.00
11:49:09,6,89.00,0.00,8.00,0.00,0.00,3.00,0.00,0.00,0.00,0.00
11:49:09,7,90.91,0.00,7.07,0.00,0.00,2.02,0.00,0.00,0.00,0.00
11:49:09,12,89.11,0.00,6.93,0.00,0.00,3.96,0.00,0.00,0.00,0.00
11:49:09,13,91.09,0.00,6.93,0.00,0.00,1.98,0.00,0.00,0.00,0.00
11:49:09,14,89.11,0.00,7.92,0.00,0.00,2.97,0.00,0.00,0.00,0.00
11:49:09,15,90.00,0.00,7.00,0.00,0.00,3.00,0.00,0.00,0.00,0.00
11:49:10,4,89.00,0.00,8.00,0.00,0.00,3.00,0.00,0.00,0.00,0.00
11:49:10,5,88.00,0.00,9.00,0.00,0.00,3.00,0.00,0.00,0.00,0.00
11:49:10,6,90.00,0.00,8.00,0.00,0.00,2.00,0.00,0.00,0.00,0.00
11:49:10,7,87.25,0.00,8.82,0.00,0.00,2.94,0.00,0.00,0.00,0.98
11:49:10,12,89.90,0.00,8.08,0.00,0.00,2.02,0.00,0.00,0.00,0.00
11:49:10,13,88.00,0.00,8.00,0.00,0.00,4.00,0.00,0.00,0.00,0.00
11:49:10,14,89.90,0.00,8.08,0.00,0.00,2.02,0.00,0.00,0.00,0.00
11:49:10,15,90.91,0.00,7.07,0.00,0.00,2.02,0.00,0.00,0.00,0.00
11:49:11,4,88.00,0.00,10.00,0.00,0.00,2.00,0.00,0.00,0.00,0.00
11:49:11,5,90.00,0.00,8.00,0.00,0.00,2.00,0.00,0.00,0.00,0.00
11:49:11,6,89.00,0.00,9.00,0.00,0.00,2.00,0.00,0.00,0.00,0.00
11:49:11,7,88.89,0.00,9.09,0.00,0.00,2.02,0.00,0.00,0.00,0.00
11:49:11,12,88.12,0.00,8.91,0.00,0.00,2.97,0.00,0.00,0.00,0.00
11:49:11,13,90.00,0.00,7.00,0.00,0.00,3.00,0.00,0.00,0.00,0.00
11:49:11,14,90.00,0.00,7.00,0.00,0.00,3.00,0.00,0.00,0.00,0.00
11:49:11,15,88.00,0.00,10.00,0.00,0.00,2.00,0.00,0.00,0.00,0.00
11:49:12,4,89.00,0.00,8.00,0.00,0.00,3.00,0.00,0.00,0.00,0.00
11:49:12,5,89.00,0.00,8.00,0.00,0.00,2.00,0.00,0.00,0.00,1.00
11:49:12,6,90.10,0.00,6.93,0.00,0.00,2.97,0.00,0.00,0.00,0.00
11:49:12,7,87.88,0.00,9.09,0.00,0.00,3.03,0.00,0.00,0.00,0.00
11:49:12,12,90.91,0.00,7.07,0.00,0.00,2.02,0.00,0.00,0.00,0.00
11:49:12,13,88.00,0.00,9.00,0.00,0.00,3.00,0.00,0.00,0.00,0.00
11:49:12,14,89.00,0.00,9.00,0.00,0.00,2.00,0.00,0.00,0.00,0.00
11:49:12,15,88.00,0.00,9.00,0.00,0.00,3.00,0.00,0.00,0.00,0.00
11:49:13,4,87.88,0.00,7.07,0.00,0.00,3.03,0.00,0.00,0.00,2.02
11:49:13,5,86.00,0.00,9.00,0.00,0.00,4.00,0.00,0.00,0.00,1.00
11:49:13,6,88.00,0.00,8.00,0.00,0.00,2.00,0.00,0.00,0.00,2.00
11:49:13,7,88.12,0.00,6.93,0.00,0.00,2.97,0.00,0.00,0.00,1.98
11:49:13,12,87.13,0.00,7.92,0.00,0.00,2.97,0.00,0.00,0.00,1.98
11:49:13,13,87.00,0.00,8.00,0.00,0.00,3.00,0.00,0.00,0.00,2.00
11:49:13,14,88.00,0.00,8.00,0.00,0.00,2.00,0.00,0.00,0.00,2.00
11:49:13,15,87.00,0.00,8.00,0.00,0.00,3.00,0.00,0.00,0.00,2.00
11:49:14,4,89.00,0.00,7.00,0.00,0.00,4.00,0.00,0.00,0.00,0.00
11:49:14,5,89.00,0.00,8.00,0.00,0.00,2.00,0.00,0.00,0.00,1.00
11:49:14,6,89.90,0.00,7.07,0.00,0.00,3.03,0.00,0.00,0.00,0.00
11:49:14,7,88.00,0.00,9.00,0.00,0.00,3.00,0.00,0.00,0.00,0.00
11:49:14,12,86.14,0.00,8.91,0.00,0.00,3.96,0.00,0.00,0.00,0.99
11:49:14,13,89.00,0.00,9.00,0.00,0.00,2.00,0.00,0.00,0.00,0.00
11:49:14,14,90.00,0.00,7.00,0.00,0.00,3.00,0.00,0.00,0.00,0.00
11:49:14,15,91.00,0.00,7.00,0.00,0.00,2.00,0.00,0.00,0.00,0.00
11:49:15,4,91.00,0.00,7.00,0.00,0.00,2.00,0.00,0.00,0.00,0.00
11:49:15,5,88.12,0.00,7.92,0.00,0.00,3.96,0.00,0.00,0.00,0.00
11:49:15,6,89.00,0.00,7.00,0.00,0.00,4.00,0.00,0.00,0.00,0.00
11:49:15,7,91.00,0.00,6.00,0.00,0.00,3.00,0.00,0.00,0.00,0.00
11:49:15,12,90.00,0.00,8.00,0.00,0.00,2.00,0.00,0.00,0.00,0.00
11:49:15,13,89.90,0.00,8.08,0.00,0.00,2.02,0.00,0.00,0.00,0.00
11:49:15,14,88.00,0.00,8.00,0.00,0.00,3.00,0.00,0.00,0.00,1.00
11:49:15,15,89.00,0.00,9.00,0.00,0.00,2.00,0.00,0.00,0.00,0.00
11:49:16,4,88.00,0.00,9.00,0.00,0.00,3.00,0.00,0.00,0.00,0.00
11:49:16,5,89.90,0.00,8.08,0.00,0.00,2.02,0.00,0.00,0.00,0.00
11:49:16,6,89.00,0.00,9.00,0.00,0.00,2.00,0.00,0.00,0.00,0.00
11:49:16,7,87.88,0.00,9.09,0.00,0.00,3.03,0.00,0.00,0.00,0.00
11:49:16,12,87.76,0.00,9.18,0.00,0.00,3.06,0.00,0.00,0.00,0.00
11:49:16,13,88.12,0.00,7.92,0.00,0.00,3.96,0.00,0.00,0.00,0.00
11:49:16,14,89.11,0.00,8.91,0.00,0.00,1.98,0.00,0.00,0.00,0.00
11:49:16,15,89.00,0.00,7.00,0.00,0.00,4.00,0.00,0.00,0.00,0.00
11:49:17,4,88.00,0.00,9.00,0.00,0.00,3.00,0.00,0.00,0.00,0.00
11:49:17,5,88.00,0.00,9.00,0.00,0.00,3.00,0.00,0.00,0.00,0.00
11:49:17,6,87.13,0.00,7.92,0.00,0.00,3.96,0.00,0.00,0.00,0.99
11:49:17,7,89.00,0.00,8.00,0.00,0.00,3.00,0.00,0.00,0.00,0.00
11:49:17,12,87.13,0.00,9.90,0.00,0.00,2.97,0.00,0.00,0.00,0.00
11:49:17,13,89.90,0.00,8.08,0.00,0.00,2.02,0.00,0.00,0.00,0.00
11:49:17,14,89.90,0.00,7.07,0.00,0.00,3.03,0.00,0.00,0.00,0.00
11:49:17,15,88.12,0.00,8.91,0.00,0.00,1.98,0.00,0.00,0.00,0.99
11:49:18,4,86.87,0.00,8.08,0.00,0.00,3.03,0.00,0.00,0.00,2.02
11:49:18,5,87.00,0.00,9.00,0.00,0.00,2.00,0.00,0.00,0.00,2.00
11:49:18,6,89.80,0.00,7.14,0.00,0.00,2.04,0.00,0.00,0.00,1.02
11:49:18,7,87.13,0.00,7.92,0.00,0.00,2.97,0.00,0.00,0.00,1.98
11:49:18,12,87.00,0.00,8.00,0.00,0.00,3.00,0.00,0.00,0.00,2.00
11:49:18,13,88.12,0.00,7.92,0.00,0.00,1.98,0.00,0.00,0.00,1.98
11:49:18,14,86.00,0.00,9.00,0.00,0.00,3.00,0.00,0.00,0.00,2.00
11:49:18,15,87.88,0.00,8.08,0.00,0.00,3.03,0.00,0.00,0.00,1.01
11:49:19,4,89.11,0.00,7.92,0.00,0.00,2.97,0.00,0.00,0.00,0.00
11:49:19,5,87.00,0.00,9.00,0.00,0.00,4.00,0.00,0.00,0.00,0.00
11:49:19,6,89.90,0.00,8.08,0.00,0.00,2.02,0.00,0.00,0.00,0.00
11:49:19,7,88.89,0.00,8.08,0.00,0.00,3.03,0.00,0.00,0.00,0.00
11:49:19,12,91.00,0.00,6.00,0.00,0.00,3.00,0.00,0.00,0.00,0.00
11:49:19,13,90.91,0.00,7.07,0.00,0.00,2.02,0.00,0.00,0.00,0.00
11:49:19,14,90.91,0.00,7.07,0.00,0.00,2.02,0.00,0.00,0.00,0.00
11:49:19,15,90.00,0.00,7.00,0.00,0.00,3.00,0.00,0.00,0.00,0.00
11:49:20,4,87.13,0.00,8.91,0.00,0.00,2.97,0.00,0.00,0.00,0.99
11:49:20,5,87.00,0.00,9.00,0.00,0.00,4.00,0.00,0.00,0.00,0.00
11:49:20,6,86.41,0.00,9.71,0.00,0.00,2.91,0.00,0.00,0.00,0.97
11:49:20,7,90.10,0.00,6.93,0.00,0.00,2.97,0.00,0.00,0.00,0.00
11:49:20,12,89.00,0.00,7.00,0.00,0.00,4.00,0.00,0.00,0.00,0.00
11:49:20,13,88.24,0.00,8.82,0.00,0.00,1.96,0.00,0.00,0.00,0.98
11:49:20,14,89.11,0.00,7.92,0.00,0.00,2.97,0.00,0.00,0.00,0.00
11:49:20,15,88.12,0.00,8.91,0.00,0.00,1.98,0.00,0.00,0.00,0.99
11:49:21,4,88.89,0.00,8.08,0.00,0.00,3.03,0.00,0.00,0.00,0.00
11:49:21,5,89.90,0.00,8.08,0.00,0.00,2.02,0.00,0.00,0.00,0.00
11:49:21,6,89.90,0.00,8.08,0.00,0.00,2.02,0.00,0.00,0.00,0.00
11:49:21,7,89.00,0.00,9.00,0.00,0.00,2.00,0.00,0.00,0.00,0.00
11:49:21,12,91.00,0.00,7.00,0.00,0.00,2.00,0.00,0.00,0.00,0.00
11:49:21,13,90.00,0.00,7.00,0.00,0.00,3.00,0.00,0.00,0.00,0.00
11:49:21,14,91.00,0.00,7.00,0.00,0.00,2.00,0.00,0.00,0.00,0.00
11:49:21,15,87.00,0.00,10.00,0.00,0.00,3.00,0.00,0.00,0.00,0.00
11:49:22,4,89.00,0.00,9.00,0.00,0.00,2.00,0.00,0.00,0.00,0.00
11:49:22,5,90.00,0.00,7.00,0.00,0.00,3.00,0.00,0.00,0.00,0.00
11:49:22,6,89.00,0.00,9.00,0.00,0.00,2.00,0.00,0.00,0.00,0.00
11:49:22,7,88.00,0.00,8.00,0.00,0.00,3.00,0.00,0.00,0.00,1.00
11:49:22,12,88.89,0.00,9.09,0.00,0.00,2.02,0.00,0.00,0.00,0.00
11:49:22,13,88.89,0.00,9.09,0.00,0.00,2.02,0.00,0.00,0.00,0.00
11:49:22,14,89.00,0.00,9.00,0.00,0.00,2.00,0.00,0.00,0.00,0.00
11:49:22,15,90.91,0.00,8.08,0.00,0.00,1.01,0.00,0.00,0.00,0.00
11:49:23,4,86.00,0.00,9.00,0.00,0.00,3.00,0.00,0.00,0.00,2.00
11:49:23,5,85.15,0.00,9.90,0.00,0.00,2.97,0.00,0.00,0.00,1.98
11:49:23,6,85.00,0.00,9.00,0.00,0.00,4.00,0.00,0.00,0.00,2.00
11:49:23,7,87.00,0.00,8.00,0.00,0.00,3.00,0.00,0.00,0.00,2.00
11:49:23,12,88.00,0.00,7.00,0.00,0.00,3.00,0.00,0.00,0.00,2.00
11:49:23,13,86.00,0.00,8.00,0.00,0.00,4.00,0.00,0.00,0.00,2.00
11:49:23,14,87.00,0.00,8.00,0.00,0.00,3.00,0.00,0.00,0.00,2.00
11:49:23,15,86.14,0.00,7.92,0.00,0.00,3.96,0.00,0.00,0.00,1.98
11:49:24,4,88.00,0.00,9.00,0.00,0.00,3.00,0.00,0.00,0.00,0.00
11:49:24,5,87.88,0.00,9.09,0.00,0.00,3.03,0.00,0.00,0.00,0.00
11:49:24,6,88.00,0.00,9.00,0.00,0.00,3.00,0.00,0.00,0.00,0.00
11:49:24,7,89.00,0.00,8.00,0.00,0.00,3.00,0.00,0.00,0.00,0.00
11:49:24,12,88.12,0.00,8.91,0.00,0.00,2.97,0.00,0.00,0.00,0.00
11:49:24,13,89.90,0.00,8.08,0.00,0.00,2.02,0.00,0.00,0.00,0.00
11:49:24,14,90.00,0.00,8.00,0.00,0.00,2.00,0.00,0.00,0.00,0.00
11:49:24,15,91.92,0.00,6.06,0.00,0.00,2.02,0.00,0.00,0.00,0.00
11:49:25,4,90.00,0.00,7.00,0.00,0.00,3.00,0.00,0.00,0.00,0.00
11:49:25,5,87.13,0.00,8.91,0.00,0.00,3.96,0.00,0.00,0.00,0.00
11:49:25,6,91.00,0.00,8.00,0.00,0.00,1.00,0.00,0.00,0.00,0.00
11:49:25,7,88.00,0.00,9.00,0.00,0.00,3.00,0.00,0.00,0.00,0.00
11:49:25,12,90.00,0.00,8.00,0.00,0.00,2.00,0.00,0.00,0.00,0.00
11:49:25,13,88.12,0.00,7.92,0.00,0.00,3.96,0.00,0.00,0.00,0.00
11:49:25,14,88.89,0.00,7.07,0.00,0.00,4.04,0.00,0.00,0.00,0.00
11:49:25,15,89.00,0.00,8.00,0.00,0.00,3.00,0.00,0.00,0.00,0.00
11:49:26,4,88.12,0.00,8.91,0.00,0.00,2.97,0.00,0.00,0.00,0.00
11:49:26,5,89.90,0.00,8.08,0.00,0.00,2.02,0.00,0.00,0.00,0.00
11:49:26,6,89.00,0.00,8.00,0.00,0.00,3.00,0.00,0.00,0.00,0.00
11:49:26,7,88.00,0.00,9.00,0.00,0.00,3.00,0.00,0.00,0.00,0.00
11:49:26,12,88.89,0.00,7.07,0.00,0.00,4.04,0.00,0.00,0.00,0.00
11:49:26,13,89.90,0.00,8.08,0.00,0.00,2.02,0.00,0.00,0.00,0.00
11:49:26,14,88.12,0.00,8.91,0.00,0.00,2.97,0.00,0.00,0.00,0.00
11:49:26,15,90.00,0.00,8.00,0.00,0.00,2.00,0.00,0.00,0.00,0.00
11:49:27,4,89.90,0.00,8.08,0.00,0.00,2.02,0.00,0.00,0.00,0.00
11:49:27,5,90.10,0.00,7.92,0.00,0.00,1.98,0.00,0.00,0.00,0.00
11:49:27,6,89.00,0.00,8.00,0.00,0.00,3.00,0.00,0.00,0.00,0.00
11:49:27,7,91.00,0.00,8.00,0.00,0.00,1.00,0.00,0.00,0.00,0.00
11:49:27,12,89.00,0.00,8.00,0.00,0.00,3.00,0.00,0.00,0.00,0.00
11:49:27,13,92.00,0.00,6.00,0.00,0.00,2.00,0.00,0.00,0.00,0.00
11:49:27,14,90.91,0.00,7.07,0.00,0.00,2.02,0.00,0.00,0.00,0.00
11:49:27,15,89.00,0.00,8.00,0.00,0.00,3.00,0.00,0.00,0.00,0.00
11:49:28,4,87.13,0.00,9.90,0.00,0.00,2.97,0.00,0.00,0.00,0.00
11:49:28,5,89.90,0.00,7.07,0.00,0.00,3.03,0.00,0.00,0.00,0.00
11:49:28,6,89.00,0.00,8.00,0.00,0.00,3.00,0.00,0.00,0.00,0.00
11:49:28,7,88.00,0.00,8.00,0.00,0.00,4.00,0.00,0.00,0.00,0.00
11:49:28,12,89.00,0.00,8.00,0.00,0.00,3.00,0.00,0.00,0.00,0.00
11:49:28,13,88.12,0.00,8.91,0.00,0.00,2.97,0.00,0.00,0.00,0.00
11:49:28,14,88.12,0.00,7.92,0.00,0.00,3.96,0.00,0.00,0.00,0.00
11:49:28,15,89.00,0.00,8.00,0.00,0.00,3.00,0.00,0.00,0.00,0.00
11:49:29,4,89.90,0.00,8.08,0.00,0.00,2.02,0.00,0.00,0.00,0.00
11:49:29,5,87.13,0.00,8.91,0.00,0.00,3.96,0.00,0.00,0.00,0.00
11:49:29,6,89.00,0.00,7.00,0.00,0.00,4.00,0.00,0.00,0.00,0.00
11:49:29,7,91.00,0.00,6.00,0.00,0.00,3.00,0.00,0.00,0.00,0.00
11:49:29,12,90.00,0.00,8.00,0.00,0.00,2.00,0.00,0.00,0.00,0.00
11:49:29,13,89.00,0.00,9.00,0.00,0.00,2.00,0.00,0.00,0.00,0.00
11:49:29,14,91.00,0.00,6.00,0.00,0.00,3.00,0.00,0.00,0.00,0.00
11:49:29,15,89.90,0.00,8.08,0.00,0.00,2.02,0.00,0.00,0.00,0.00
11:49:30,4,89.11,0.00,7.92,0.00,0.00,2.97,0.00,0.00,0.00,0.00
11:49:30,5,89.90,0.00,8.08,0.00,0.00,2.02,0.00,0.00,0.00,0.00
11:49:30,6,88.00,0.00,9.00,0.00,0.00,3.00,0.00,0.00,0.00,0.00
11:49:30,7,88.00,0.00,8.00,0.00,0.00,4.00,0.00,0.00,0.00,0.00
11:49:30,12,88.00,0.00,8.00,0.00,0.00,4.00,0.00,0.00,0.00,0.00
11:49:30,13,88.00,0.00,9.00,0.00,0.00,3.00,0.00,0.00,0.00,0.00
11:49:30,14,88.00,0.00,9.00,0.00,0.00,3.00,0.00,0.00,0.00,0.00
11:49:30,15,91.00,0.00,6.00,0.00,0.00,3.00,0.00,0.00,0.00,0.00
11:49:31,4,89.90,0.00,8.08,0.00,0.00,2.02,0.00,0.00,0.00,0.00
11:49:31,5,88.12,0.00,8.91,0.00,0.00,1.98,0.00,0.00,0.00,0.99
11:49:31,6,89.00,0.00,8.00,0.00,0.00,3.00,0.00,0.00,0.00,0.00
11:49:31,7,90.91,0.00,7.07,0.00,0.00,2.02,0.00,0.00,0.00,0.00
11:49:31,12,88.00,0.00,9.00,0.00,0.00,3.00,0.00,0.00,0.00,0.00
11:49:31,13,90.00,0.00,7.00,0.00,0.00,3.00,0.00,0.00,0.00,0.00
11:49:31,14,90.91,0.00,7.07,0.00,0.00,2.02,0.00,0.00,0.00,0.00
11:49:31,15,87.13,0.00,8.91,0.00,0.00,3.96,0.00,0.00,0.00,0.00
11:49:32,4,91.00,0.00,8.00,0.00,0.00,1.00,0.00,0.00,0.00,0.00
11:49:32,5,87.00,0.00,9.00,0.00,0.00,4.00,0.00,0.00,0.00,0.00
11:49:32,6,88.89,0.00,9.09,0.00,0.00,2.02,0.00,0.00,0.00,0.00
11:49:32,7,89.00,0.00,9.00,0.00,0.00,2.00,0.00,0.00,0.00,0.00
11:49:32,12,89.00,0.00,8.00,0.00,0.00,3.00,0.00,0.00,0.00,0.00
11:49:32,13,87.88,0.00,10.10,0.00,0.00,2.02,0.00,0.00,0.00,0.00
11:49:32,14,91.09,0.00,6.93,0.00,0.00,1.98,0.00,0.00,0.00,0.00
11:49:32,15,89.00,0.00,9.00,0.00,0.00,2.00,0.00,0.00,0.00,0.00
11:49:33,4,88.89,0.00,7.07,0.00,0.00,2.02,0.00,0.00,0.00,2.02
11:49:33,5,88.89,0.00,8.08,1.01,0.00,2.02,0.00,0.00,0.00,0.00
11:49:33,6,87.13,0.00,7.92,0.00,0.00,2.97,0.00,0.00,0.00,1.98
11:49:33,7,88.00,0.00,8.00,0.00,0.00,2.00,0.00,0.00,0.00,2.00
11:49:33,12,85.00,0.00,10.00,0.00,0.00,3.00,0.00,0.00,0.00,2.00
11:49:33,13,86.14,0.00,9.90,0.00,0.00,1.98,0.00,0.00,0.00,1.98
11:49:33,14,87.00,0.00,8.00,0.00,0.00,3.00,0.00,0.00,0.00,2.00
11:49:33,15,88.00,0.00,7.00,0.00,0.00,3.00,0.00,0.00,0.00,2.00
11:49:34,4,88.00,0.00,10.00,0.00,0.00,2.00,0.00,0.00,0.00,0.00
11:49:34,5,89.90,0.00,7.07,0.00,0.00,3.03,0.00,0.00,0.00,0.00
11:49:34,6,90.91,0.00,7.07,0.00,0.00,2.02,0.00,0.00,0.00,0.00
11:49:34,7,87.00,0.00,10.00,0.00,0.00,3.00,0.00,0.00,0.00,0.00
11:49:34,12,86.14,0.00,10.89,0.00,0.00,2.97,0.00,0.00,0.00,0.00
11:49:34,13,90.00,0.00,7.00,0.00,0.00,3.00,0.00,0.00,0.00,0.00
11:49:34,14,89.90,0.00,8.08,0.00,0.00,2.02,0.00,0.00,0.00,0.00
11:49:34,15,89.90,0.00,8.08,0.00,0.00,2.02,0.00,0.00,0.00,0.00
11:49:35,4,89.00,0.00,8.00,0.00,0.00,3.00,0.00,0.00,0.00,0.00
11:49:35,5,87.13,0.00,8.91,0.00,0.00,3.96,0.00,0.00,0.00,0.00
11:49:35,6,88.12,0.00,8.91,0.00,0.00,2.97,0.00,0.00,0.00,0.00
11:49:35,7,89.11,0.00,7.92,0.00,0.00,2.97,0.00,0.00,0.00,0.00
11:49:35,12,88.89,0.00,8.08,0.00,0.00,3.03,0.00,0.00,0.00,0.00
11:49:35,13,89.00,0.00,8.00,0.00,0.00,3.00,0.00,0.00,0.00,0.00
11:49:35,14,89.11,0.00,7.92,0.00,0.00,2.97,0.00,0.00,0.00,0.00
11:49:35,15,88.00,0.00,9.00,0.00,0.00,3.00,0.00,0.00,0.00,0.00
11:49:36,4,90.00,0.00,8.00,0.00,0.00,2.00,0.00,0.00,0.00,0.00
11:49:36,5,88.89,0.00,8.08,0.00,0.00,3.03,0.00,0.00,0.00,0.00
11:49:36,6,90.91,0.00,7.07,0.00,0.00,2.02,0.00,0.00,0.00,0.00
11:49:36,7,88.78,0.00,8.16,0.00,0.00,3.06,0.00,0.00,0.00,0.00
11:49:36,12,88.00,0.00,9.00,0.00,0.00,3.00,0.00,0.00,0.00,0.00
11:49:36,13,90.91,0.00,7.07,0.00,0.00,2.02,0.00,0.00,0.00,0.00
11:49:36,14,88.00,0.00,9.00,0.00,0.00,3.00,0.00,0.00,0.00,0.00
11:49:36,15,87.13,0.00,9.90,0.00,0.00,2.97,0.00,0.00,0.00,0.00
11:49:37,4,89.00,0.00,8.00,0.00,0.00,3.00,0.00,0.00,0.00,0.00
11:49:37,5,89.11,0.00,7.92,0.00,0.00,2.97,0.00,0.00,0.00,0.00
11:49:37,6,90.00,0.00,7.00,0.00,0.00,3.00,0.00,0.00,0.00,0.00
11:49:37,7,88.12,0.00,7.92,0.00,0.00,3.96,0.00,0.00,0.00,0.00
11:49:37,12,89.11,0.00,7.92,0.00,0.00,1.98,0.00,0.00,0.00,0.99
11:49:37,13,87.13,0.00,8.91,0.00,0.00,3.96,0.00,0.00,0.00,0.00
11:49:37,14,88.89,0.00,9.09,0.00,0.00,2.02,0.00,0.00,0.00,0.00
11:49:37,15,90.00,0.00,6.00,0.00,0.00,3.00,0.00,0.00,0.00,1.00
11:49:38,4,86.14,0.00,8.91,0.00,0.00,2.97,0.00,0.00,0.00,1.98
11:49:38,5,88.00,0.00,8.00,0.00,0.00,2.00,0.00,0.00,0.00,2.00
11:49:38,6,88.89,0.00,7.07,0.00,0.00,2.02,0.00,0.00,0.00,2.02
11:49:38,7,87.88,0.00,8.08,0.00,0.00,2.02,0.00,0.00,0.00,2.02
11:49:38,12,87.88,0.00,8.08,0.00,0.00,3.03,0.00,0.00,0.00,1.01
11:49:38,13,89.00,0.00,7.00,0.00,0.00,2.00,0.00,0.00,0.00,2.00
11:49:38,14,88.00,0.00,7.00,0.00,0.00,3.00,0.00,0.00,0.00,2.00
11:49:38,15,87.88,0.00,9.09,0.00,0.00,2.02,0.00,0.00,0.00,1.01
11:49:39,4,91.92,0.00,6.06,0.00,0.00,2.02,0.00,0.00,0.00,0.00
11:49:39,5,90.91,0.00,6.06,0.00,0.00,3.03,0.00,0.00,0.00,0.00
11:49:39,6,89.11,0.00,7.92,0.00,0.00,2.97,0.00,0.00,0.00,0.00
11:49:39,7,88.12,0.00,8.91,0.00,0.00,2.97,0.00,0.00,0.00,0.00
11:49:39,12,87.00,0.00,10.00,0.00,0.00,3.00,0.00,0.00,0.00,0.00
11:49:39,13,89.00,0.00,9.00,0.00,0.00,2.00,0.00,0.00,0.00,0.00
11:49:39,14,90.00,0.00,8.00,0.00,0.00,2.00,0.00,0.00,0.00,0.00
11:49:39,15,88.12,0.00,8.91,0.00,0.00,2.97,0.00,0.00,0.00,0.00
11:49:40,4,88.00,0.00,9.00,0.00,0.00,3.00,0.00,0.00,0.00,0.00
11:49:40,5,89.00,0.00,9.00,0.00,0.00,2.00,0.00,0.00,0.00,0.00
11:49:40,6,87.88,0.00,9.09,0.00,0.00,3.03,0.00,0.00,0.00,0.00
11:49:40,7,88.89,0.00,9.09,0.00,0.00,2.02,0.00,0.00,0.00,0.00
11:49:40,12,90.91,0.00,7.07,0.00,0.00,2.02,0.00,0.00,0.00,0.00
11:49:40,13,90.91,0.00,6.06,0.00,0.00,3.03,0.00,0.00,0.00,0.00
11:49:40,14,88.12,0.00,8.91,0.00,0.00,2.97,0.00,0.00,0.00,0.00
11:49:40,15,89.00,0.00,7.00,0.00,0.00,3.00,0.00,0.00,0.00,1.00
11:49:41,4,88.12,0.00,8.91,0.00,0.00,2.97,0.00,0.00,0.00,0.00
11:49:41,5,88.00,0.00,9.00,0.00,0.00,3.00,0.00,0.00,0.00,0.00
11:49:41,6,86.27,0.00,9.80,0.00,0.00,3.92,0.00,0.00,0.00,0.00
11:49:41,7,88.00,0.00,8.00,0.00,0.00,4.00,0.00,0.00,0.00,0.00
11:49:41,12,88.00,0.00,10.00,0.00,0.00,2.00,0.00,0.00,0.00,0.00
11:49:41,13,89.00,0.00,8.00,0.00,0.00,3.00,0.00,0.00,0.00,0.00
11:49:41,14,90.91,0.00,7.07,0.00,0.00,2.02,0.00,0.00,0.00,0.00
11:49:41,15,90.10,0.00,7.92,0.00,0.00,1.98,0.00,0.00,0.00,0.00
11:49:42,4,91.00,0.00,6.00,0.00,0.00,2.00,0.00,0.00,0.00,1.00
11:49:42,5,88.12,0.00,7.92,0.00,0.00,3.96,0.00,0.00,0.00,0.00
11:49:42,6,89.90,0.00,7.07,0.00,0.00,2.02,0.00,0.00,0.00,1.01
11:49:42,7,88.12,0.00,8.91,0.00,0.00,1.98,0.00,0.00,0.00,0.99
11:49:42,12,88.24,0.00,8.82,0.00,0.00,1.96,0.00,0.00,0.00,0.98
11:49:42,13,89.00,0.00,9.00,0.00,0.00,2.00,0.00,0.00,0.00,0.00
11:49:42,14,89.00,0.00,9.00,0.00,0.00,2.00,0.00,0.00,0.00,0.00
11:49:42,15,89.90,0.00,7.07,0.00,0.00,3.03,0.00,0.00,0.00,0.00
11:49:43,4,86.00,0.00,9.00,0.00,0.00,4.00,0.00,0.00,0.00,1.00
11:49:43,5,87.13,0.00,7.92,1.98,0.00,1.98,0.00,0.00,0.00,0.99
11:49:43,6,87.13,0.00,8.91,0.00,0.00,1.98,0.00,0.00,0.00,1.98
11:49:43,7,88.00,0.00,8.00,0.00,0.00,3.00,0.00,0.00,0.00,1.00
11:49:43,12,86.00,0.00,9.00,0.00,0.00,3.00,0.00,0.00,0.00,2.00
11:49:43,13,87.00,0.00,9.00,0.00,0.00,2.00,0.00,0.00,0.00,2.00
11:49:43,14,87.00,0.00,9.00,0.00,0.00,2.00,0.00,0.00,0.00,2.00
11:49:43,15,88.00,0.00,8.00,0.00,0.00,2.00,0.00,0.00,0.00,2.00
11:49:44,4,89.90,0.00,7.07,0.00,0.00,3.03,0.00,0.00,0.00,0.00
11:49:44,5,88.89,0.00,8.08,0.00,0.00,3.03,0.00,0.00,0.00,0.00
11:49:44,6,88.00,0.00,8.00,0.00,0.00,4.00,0.00,0.00,0.00,0.00
11:49:44,7,90.91,0.00,7.07,0.00,0.00,2.02,0.00,0.00,0.00,0.00
11:49:44,12,91.92,0.00,7.07,0.00,0.00,1.01,0.00,0.00,0.00,0.00
11:49:44,13,90.00,0.00,8.00,0.00,0.00,2.00,0.00,0.00,0.00,0.00
11:49:44,14,89.00,0.00,8.00,0.00,0.00,3.00,0.00,0.00,0.00,0.00
11:49:44,15,88.00,0.00,9.00,0.00,0.00,3.00,0.00,0.00,0.00,0.00
11:49:45,4,87.13,0.00,8.91,0.00,0.00,2.97,0.00,0.00,0.00,0.99
11:49:45,5,87.13,0.00,9.90,0.00,0.00,2.97,0.00,0.00,0.00,0.00
11:49:45,6,90.91,0.00,7.07,0.00,0.00,2.02,0.00,0.00,0.00,0.00
11:49:45,7,89.00,0.00,8.00,0.00,0.00,3.00,0.00,0.00,0.00,0.00
11:49:45,12,88.24,0.00,7.84,0.00,0.00,3.92,0.00,0.00,0.00,0.00
11:49:45,13,89.00,0.00,8.00,0.00,0.00,3.00,0.00,0.00,0.00,0.00
11:49:45,14,88.89,0.00,9.09,0.00,0.00,2.02,0.00,0.00,0.00,0.00
11:49:45,15,90.00,0.00,7.00,0.00,0.00,3.00,0.00,0.00,0.00,0.00
11:49:46,4,90.00,0.00,8.00,0.00,0.00,2.00,0.00,0.00,0.00,0.00
11:49:46,5,89.90,0.00,8.08,0.00,0.00,2.02,0.00,0.00,0.00,0.00
11:49:46,6,88.89,0.00,9.09,0.00,0.00,2.02,0.00,0.00,0.00,0.00
11:49:46,7,86.14,0.00,9.90,0.00,0.00,2.97,0.00,0.00,0.00,0.99
11:49:46,12,88.89,0.00,9.09,0.00,0.00,2.02,0.00,0.00,0.00,0.00
11:49:46,13,86.87,0.00,10.10,0.00,0.00,3.03,0.00,0.00,0.00,0.00
11:49:46,14,89.11,0.00,8.91,0.00,0.00,1.98,0.00,0.00,0.00,0.00
11:49:46,15,88.12,0.00,8.91,0.00,0.00,2.97,0.00,0.00,0.00,0.00
11:49:47,4,87.13,0.00,9.90,0.00,0.00,2.97,0.00,0.00,0.00,0.00
11:49:47,5,87.00,0.00,10.00,0.00,0.00,3.00,0.00,0.00,0.00,0.00
11:49:47,6,89.11,0.00,7.92,0.00,0.00,2.97,0.00,0.00,0.00,0.00
11:49:47,7,90.10,0.00,6.93,0.00,0.00,2.97,0.00,0.00,0.00,0.00
11:49:47,12,86.00,0.00,11.00,0.00,0.00,3.00,0.00,0.00,0.00,0.00
11:49:47,13,87.13,0.00,8.91,0.00,0.00,2.97,0.00,0.00,0.00,0.99
11:49:47,14,89.22,0.00,6.86,0.00,0.00,2.94,0.00,0.00,0.00,0.98
11:49:47,15,87.88,0.00,8.08,0.00,0.00,4.04,0.00,0.00,0.00,0.00
11:49:48,4,89.80,0.00,7.14,0.00,0.00,2.04,0.00,0.00,0.00,1.02
11:49:48,5,88.89,0.00,8.08,0.00,0.00,2.02,0.00,0.00,0.00,1.01
11:49:48,6,87.00,0.00,9.00,0.00,0.00,2.00,0.00,0.00,0.00,2.00
11:49:48,7,86.87,0.00,8.08,0.00,0.00,4.04,0.00,0.00,0.00,1.01
11:49:48,12,88.89,0.00,6.06,0.00,0.00,3.03,0.00,0.00,0.00,2.02
11:49:48,13,88.12,0.00,6.93,0.00,0.00,2.97,0.00,0.00,0.00,1.98
11:49:48,14,87.76,0.00,8.16,0.00,0.00,3.06,0.00,0.00,0.00,1.02
11:49:48,15,88.00,0.00,7.00,0.00,0.00,3.00,0.00,0.00,0.00,2.00
11:49:49,4,89.11,0.00,7.92,0.00,0.00,1.98,0.00,0.00,0.00,0.99
11:49:49,5,87.25,0.00,7.84,0.00,0.00,3.92,0.00,0.00,0.00,0.98
11:49:49,6,88.12,0.00,8.91,0.00,0.00,2.97,0.00,0.00,0.00,0.00
11:49:49,7,88.12,0.00,8.91,0.00,0.00,1.98,0.00,0.00,0.00,0.99
11:49:49,12,88.12,0.00,8.91,0.00,0.00,2.97,0.00,0.00,0.00,0.00
11:49:49,13,90.91,0.00,7.07,0.00,0.00,2.02,0.00,0.00,0.00,0.00
11:49:49,14,87.88,0.00,10.10,0.00,0.00,2.02,0.00,0.00,0.00,0.00
11:49:49,15,90.00,0.00,8.00,0.00,0.00,2.00,0.00,0.00,0.00,0.00
11:49:50,4,89.00,0.00,7.00,0.00,0.00,4.00,0.00,0.00,0.00,0.00
11:49:50,5,87.88,0.00,9.09,0.00,0.00,3.03,0.00,0.00,0.00,0.00
11:49:50,6,88.00,0.00,9.00,0.00,0.00,3.00,0.00,0.00,0.00,0.00
11:49:50,7,90.91,0.00,8.08,0.00,0.00,1.01,0.00,0.00,0.00,0.00
11:49:50,12,89.00,0.00,8.00,0.00,0.00,3.00,0.00,0.00,0.00,0.00
11:49:50,13,87.13,0.00,9.90,0.00,0.00,2.97,0.00,0.00,0.00,0.00
11:49:50,14,87.25,0.00,8.82,0.00,0.00,2.94,0.00,0.00,0.00,0.98
11:49:50,15,91.00,0.00,7.00,0.00,0.00,2.00,0.00,0.00,0.00,0.00
11:49:51,4,89.00,0.00,9.00,0.00,0.00,2.00,0.00,0.00,0.00,0.00
11:49:51,5,90.00,0.00,8.00,0.00,0.00,2.00,0.00,0.00,0.00,0.00
11:49:51,6,91.92,0.00,6.06,0.00,0.00,2.02,0.00,0.00,0.00,0.00
11:49:51,7,88.12,0.00,8.91,0.00,0.00,2.97,0.00,0.00,0.00,0.00
11:49:51,12,88.89,0.00,9.09,0.00,0.00,2.02,0.00,0.00,0.00,0.00
11:49:51,13,88.89,0.00,9.09,0.00,0.00,2.02,0.00,0.00,0.00,0.00
11:49:51,14,90.00,0.00,8.00,0.00,0.00,2.00,0.00,0.00,0.00,0.00
11:49:51,15,91.00,0.00,7.00,0.00,0.00,2.00,0.00,0.00,0.00,0.00
11:49:52,4,88.89,0.00,9.09,0.00,0.00,2.02,0.00,0.00,0.00,0.00
11:49:52,5,90.00,0.00,7.00,0.00,0.00,3.00,0.00,0.00,0.00,0.00
11:49:52,6,88.00,0.00,10.00,0.00,0.00,2.00,0.00,0.00,0.00,0.00
11:49:52,7,90.91,0.00,6.06,0.00,0.00,3.03,0.00,0.00,0.00,0.00
11:49:52,12,90.00,0.00,7.00,0.00,0.00,3.00,0.00,0.00,0.00,0.00
11:49:52,13,87.13,0.00,8.91,0.00,0.00,3.96,0.00,0.00,0.00,0.00
11:49:52,14,87.88,0.00,8.08,0.00,0.00,4.04,0.00,0.00,0.00,0.00
11:49:52,15,88.00,0.00,9.00,0.00,0.00,3.00,0.00,0.00,0.00,0.00
11:49:53,4,87.13,0.00,7.92,0.00,0.00,2.97,0.00,0.00,0.00,1.98
11:49:53,5,87.13,0.00,8.91,0.00,0.00,1.98,0.00,0.00,0.00,1.98
11:49:53,6,85.00,0.00,10.00,0.00,0.00,3.00,0.00,0.00,0.00,2.00
11:49:53,7,87.00,0.00,8.00,0.00,0.00,3.00,0.00,0.00,0.00,2.00
11:49:53,12,89.00,0.00,6.00,0.00,0.00,3.00,0.00,0.00,0.00,2.00
11:49:53,13,87.88,0.00,8.08,0.00,0.00,2.02,0.00,0.00,0.00,2.02
11:49:53,14,88.00,0.00,9.00,0.00,0.00,2.00,0.00,0.00,0.00,1.00
11:49:53,15,88.00,0.00,8.00,0.00,0.00,2.00,0.00,0.00,0.00,2.00
11:49:54,4,90.10,0.00,6.93,0.00,0.00,2.97,0.00,0.00,0.00,0.00
11:49:54,5,89.90,0.00,8.08,0.00,0.00,2.02,0.00,0.00,0.00,0.00
11:49:54,6,90.00,0.00,7.00,0.00,0.00,3.00,0.00,0.00,0.00,0.00
11:49:54,7,90.00,0.00,8.00,0.00,0.00,2.00,0.00,0.00,0.00,0.00
11:49:54,12,89.00,0.00,7.00,0.00,0.00,4.00,0.00,0.00,0.00,0.00
11:49:54,13,89.00,0.00,9.00,0.00,0.00,2.00,0.00,0.00,0.00,0.00
11:49:54,14,89.11,0.00,7.92,0.00,0.00,1.98,0.00,0.00,0.00,0.99
11:49:54,15,89.00,0.00,8.00,0.00,0.00,3.00,0.00,0.00,0.00,0.00
11:49:55,4,88.89,0.00,8.08,0.00,0.00,3.03,0.00,0.00,0.00,0.00
11:49:55,5,90.00,0.00,7.00,0.00,0.00,3.00,0.00,0.00,0.00,0.00
11:49:55,6,89.00,0.00,9.00,0.00,0.00,2.00,0.00,0.00,0.00,0.00
11:49:55,7,91.92,0.00,5.05,0.00,0.00,3.03,0.00,0.00,0.00,0.00
11:49:55,12,89.11,0.00,8.91,0.00,0.00,1.98,0.00,0.00,0.00,0.00
11:49:55,13,90.00,0.00,7.00,0.00,0.00,3.00,0.00,0.00,0.00,0.00
11:49:55,14,88.00,0.00,9.00,0.00,0.00,3.00,0.00,0.00,0.00,0.00
11:49:55,15,90.00,0.00,7.00,0.00,0.00,3.00,0.00,0.00,0.00,0.00
11:49:56,4,87.88,0.00,9.09,0.00,0.00,3.03,0.00,0.00,0.00,0.00
11:49:56,5,89.00,0.00,8.00,0.00,0.00,3.00,0.00,0.00,0.00,0.00
11:49:56,6,87.00,0.00,10.00,0.00,0.00,3.00,0.00,0.00,0.00,0.00
11:49:56,7,88.24,0.00,7.84,0.00,0.00,3.92,0.00,0.00,0.00,0.00
11:49:56,12,90.00,0.00,7.00,0.00,0.00,3.00,0.00,0.00,0.00,0.00
11:49:56,13,88.00,0.00,9.00,0.00,0.00,3.00,0.00,0.00,0.00,0.00
11:49:56,14,90.91,0.00,6.06,0.00,0.00,3.03,0.00,0.00,0.00,0.00
11:49:56,15,88.00,0.00,8.00,0.00,0.00,4.00,0.00,0.00,0.00,0.00
11:49:57,4,90.00,0.00,7.00,0.00,0.00,3.00,0.00,0.00,0.00,0.00
11:49:57,5,91.00,0.00,6.00,0.00,0.00,3.00,0.00,0.00,0.00,0.00
11:49:57,6,89.00,0.00,9.00,0.00,0.00,2.00,0.00,0.00,0.00,0.00
11:49:57,7,90.91,0.00,8.08,0.00,0.00,1.01,0.00,0.00,0.00,0.00
11:49:57,12,90.00,0.00,8.00,0.00,0.00,2.00,0.00,0.00,0.00,0.00
11:49:57,13,88.12,0.00,7.92,0.00,0.00,3.96,0.00,0.00,0.00,0.00
11:49:57,14,91.00,0.00,7.00,0.00,0.00,2.00,0.00,0.00,0.00,0.00
11:49:57,15,89.00,0.00,10.00,0.00,0.00,1.00,0.00,0.00,0.00,0.00
11:49:58,4,88.12,0.00,7.92,0.00,0.00,3.96,0.00,0.00,0.00,0.00
11:49:58,5,89.11,0.00,7.92,0.00,0.00,2.97,0.00,0.00,0.00,0.00
11:49:58,6,89.11,0.00,7.92,0.00,0.00,2.97,0.00,0.00,0.00,0.00
11:49:58,7,91.00,0.00,6.00,0.00,0.00,3.00,0.00,0.00,0.00,0.00
11:49:58,12,89.90,0.00,8.08,0.00,0.00,2.02,0.00,0.00,0.00,0.00
11:49:58,13,89.90,0.00,8.08,0.00,0.00,2.02,0.00,0.00,0.00,0.00
11:49:58,14,89.00,0.00,8.00,0.00,0.00,3.00,0.00,0.00,0.00,0.00
11:49:58,15,88.12,0.00,7.92,0.00,0.00,3.96,0.00,0.00,0.00,0.00
11:49:59,4,88.89,0.00,9.09,0.00,0.00,2.02,0.00,0.00,0.00,0.00
11:49:59,5,90.91,0.00,7.07,0.00,0.00,2.02,0.00,0.00,0.00,0.00
11:49:59,6,88.89,0.00,9.09,0.00,0.00,2.02,0.00,0.00,0.00,0.00
11:49:59,7,89.00,0.00,9.00,0.00,0.00,2.00,0.00,0.00,0.00,0.00
11:49:59,12,87.00,0.00,10.00,0.00,0.00,3.00,0.00,0.00,0.00,0.00
11:49:59,13,88.00,0.00,10.00,0.00,0.00,2.00,0.00,0.00,0.00,0.00
11:49:59,14,88.12,0.00,8.91,0.00,0.00,2.97,0.00,0.00,0.00,0.00
11:49:59,15,90.00,0.00,9.00,0.00,0.00,1.00,0.00,0.00,0.00,0.00
11:50:00,4,87.13,0.00,9.90,0.00,0.00,2.97,0.00,0.00,0.00,0.00
11:50:00,5,88.89,0.00,9.09,0.00,0.00,2.02,0.00,0.00,0.00,0.00
11:50:00,6,89.00,0.00,8.00,0.00,0.00,3.00,0.00,0.00,0.00,0.00
11:50:00,7,89.90,0.00,7.07,0.00,0.00,3.03,0.00,0.00,0.00,0.00
11:50:00,12,90.00,0.00,7.00,0.00,0.00,3.00,0.00,0.00,0.00,0.00
11:50:00,13,88.12,0.00,8.91,0.00,0.00,2.97,0.00,0.00,0.00,0.00
11:50:00,14,88.00,0.00,8.00,0.00,0.00,4.00,0.00,0.00,0.00,0.00
11:50:00,15,89.90,0.00,8.08,0.00,0.00,2.02,0.00,0.00,0.00,0.00
11:50:01,4,90.91,0.00,7.07,0.00,0.00,2.02,0.00,0.00,0.00,0.00
11:50:01,5,87.13,0.00,9.90,0.00,0.00,2.97,0.00,0.00,0.00,0.00
11:50:01,6,88.89,0.00,9.09,0.00,0.00,2.02,0.00,0.00,0.00,0.00
11:50:01,7,89.11,0.00,7.92,0.00,0.00,2.97,0.00,0.00,0.00,0.00
11:50:01,12,88.00,0.00,8.00,0.00,0.00,4.00,0.00,0.00,0.00,0.00
11:50:01,13,88.89,0.00,8.08,0.00,0.00,3.03,0.00,0.00,0.00,0.00
11:50:01,14,89.90,0.00,8.08,0.00,0.00,2.02,0.00,0.00,0.00,0.00
11:50:01,15,89.00,0.00,8.00,0.00,0.00,3.00,0.00,0.00,0.00,0.00
11:50:02,4,86.14,0.00,10.89,0.00,0.00,2.97,0.00,0.00,0.00,0.00
11:50:02,5,90.00,0.00,7.00,0.00,0.00,2.00,0.00,0.00,0.00,1.00
11:50:02,6,90.00,0.00,6.00,0.00,0.00,4.00,0.00,0.00,0.00,0.00
11:50:02,7,88.12,0.00,8.91,0.00,0.00,1.98,0.00,0.00,0.00,0.99
11:50:02,12,88.89,0.00,8.08,0.00,0.00,3.03,0.00,0.00,0.00,0.00
11:50:02,13,90.00,0.00,8.00,0.00,0.00,2.00,0.00,0.00,0.00,0.00
11:50:02,14,89.90,0.00,7.07,0.00,0.00,3.03,0.00,0.00,0.00,0.00
11:50:02,15,88.00,0.00,8.00,0.00,0.00,3.00,0.00,0.00,0.00,1.00
11:50:03,4,88.89,0.00,8.08,0.00,0.00,3.03,0.00,0.00,0.00,0.00
11:50:03,5,90.10,0.00,6.93,0.00,0.00,2.97,0.00,0.00,0.00,0.00
11:50:03,6,89.00,0.00,9.00,0.00,0.00,2.00,0.00,0.00,0.00,0.00
11:50:03,7,89.90,0.00,6.06,0.00,0.00,4.04,0.00,0.00,0.00,0.00
11:50:03,12,88.00,0.00,9.00,0.00,0.00,3.00,0.00,0.00,0.00,0.00
11:50:03,13,89.00,0.00,9.00,0.00,0.00,2.00,0.00,0.00,0.00,0.00
11:50:03,14,90.10,0.00,6.93,0.00,0.00,2.97,0.00,0.00,0.00,0.00
11:50:03,15,89.00,0.00,8.00,0.00,0.00,3.00,0.00,0.00,0.00,0.00
11:50:04,4,89.90,0.00,8.08,0.00,0.00,2.02,0.00,0.00,0.00,0.00
11:50:04,5,89.00,0.00,9.00,0.00,0.00,2.00,0.00,0.00,0.00,0.00
11:50:04,6,89.00,0.00,8.00,0.00,0.00,3.00,0.00,0.00,0.00,0.00
11:50:04,7,90.00,0.00,8.00,0.00,0.00,2.00,0.00,0.00,0.00,0.00
11:50:04,12,86.27,0.00,9.80,0.00,0.00,2.94,0.00,0.00,0.00,0.98
11:50:04,13,90.00,0.00,8.00,0.00,0.00,2.00,0.00,0.00,0.00,0.00
11:50:04,14,88.89,0.00,8.08,0.00,0.00,3.03,0.00,0.00,0.00,0.00
11:50:04,15,86.14,0.00,10.89,0.00,0.00,2.97,0.00,0.00,0.00,0.00
11:50:05,4,90.00,0.00,8.00,0.00,0.00,2.00,0.00,0.00,0.00,0.00
11:50:05,5,88.89,0.00,8.08,0.00,0.00,3.03,0.00,0.00,0.00,0.00
11:50:05,6,89.00,0.00,7.00,0.00,0.00,4.00,0.00,0.00,0.00,0.00
11:50:05,7,89.00,0.00,8.00,0.00,0.00,3.00,0.00,0.00,0.00,0.00
11:50:05,12,88.89,0.00,9.09,0.00,0.00,2.02,0.00,0.00,0.00,0.00
11:50:05,13,89.00,0.00,7.00,0.00,0.00,3.00,0.00,0.00,0.00,1.00
11:50:05,14,91.00,0.00,7.00,0.00,0.00,2.00,0.00,0.00,0.00,0.00
11:50:05,15,89.90,0.00,7.07,0.00,0.00,3.03,0.00,0.00,0.00,0.00
11:50:06,4,88.12,0.00,8.91,0.00,0.00,2.97,0.00,0.00,0.00,0.00
11:50:06,5,86.14,0.00,10.89,0.00,0.00,2.97,0.00,0.00,0.00,0.00
11:50:06,6,87.25,0.00,8.82,0.00,0.00,2.94,0.00,0.00,0.00,0.98
11:50:06,7,88.00,0.00,9.00,0.00,0.00,3.00,0.00,0.00,0.00,0.00
11:50:06,12,88.00,0.00,9.00,0.00,0.00,3.00,0.00,0.00,0.00,0.00
11:50:06,13,88.00,0.00,8.00,0.00,0.00,4.00,0.00,0.00,0.00,0.00
11:50:06,14,89.00,0.00,7.00,0.00,0.00,4.00,0.00,0.00,0.00,0.00
11:50:06,15,90.00,0.00,8.00,0.00,0.00,2.00,0.00,0.00,0.00,0.00
11:50:07,4,90.00,0.00,7.00,0.00,0.00,2.00,0.00,0.00,0.00,1.00
11:50:07,5,88.89,0.00,9.09,0.00,0.00,2.02,0.00,0.00,0.00,0.00
11:50:07,6,89.90,0.00,8.08,0.00,0.00,2.02,0.00,0.00,0.00,0.00
11:50:07,7,89.00,0.00,8.00,0.00,0.00,3.00,0.00,0.00,0.00,0.00
11:50:07,12,89.00,0.00,9.00,0.00,0.00,2.00,0.00,0.00,0.00,0.00
11:50:07,13,89.00,0.00,8.00,0.00,0.00,3.00,0.00,0.00,0.00,0.00
11:50:07,14,86.14,0.00,9.90,0.00,0.00,2.97,0.00,0.00,0.00,0.99
11:50:07,15,90.00,0.00,7.00,0.00,0.00,3.00,0.00,0.00,0.00,0.00
11:50:08,4,88.00,0.00,9.00,0.00,0.00,2.00,0.00,0.00,0.00,1.00
11:50:08,5,86.14,0.00,8.91,0.00,0.00,2.97,0.00,0.00,0.00,1.98
11:50:08,6,88.00,0.00,7.00,0.00,0.00,3.00,0.00,0.00,0.00,2.00
11:50:08,7,87.00,0.00,9.00,0.00,0.00,2.00,0.00,0.00,0.00,2.00
11:50:08,12,88.12,0.00,6.93,0.00,0.00,2.97,0.00,0.00,0.00,1.98
11:50:08,13,86.14,0.00,8.91,0.00,0.00,2.97,0.00,0.00,0.00,1.98
11:50:08,14,88.00,0.00,8.00,0.00,0.00,2.00,0.00,0.00,0.00,2.00
11:50:08,15,86.14,0.00,7.92,0.00,0.00,3.96,0.00,0.00,0.00,1.98
11:50:09,4,90.00,0.00,7.00,0.00,0.00,3.00,0.00,0.00,0.00,0.00
11:50:09,5,90.82,0.00,7.14,0.00,0.00,2.04,0.00,0.00,0.00,0.00
11:50:09,6,92.00,0.00,6.00,0.00,0.00,2.00,0.00,0.00,0.00,0.00
11:50:09,7,88.89,0.00,9.09,0.00,0.00,2.02,0.00,0.00,0.00,0.00
11:50:09,12,90.82,0.00,7.14,0.00,0.00,2.04,0.00,0.00,0.00,0.00
11:50:09,13,88.89,0.00,8.08,0.00,0.00,3.03,0.00,0.00,0.00,0.00
11:50:09,14,90.00,0.00,8.00,0.00,0.00,2.00,0.00,0.00,0.00,0.00
11:50:09,15,89.90,0.00,8.08,0.00,0.00,2.02,0.00,0.00,0.00,0.00
11:50:10,4,90.10,0.00,6.93,0.00,0.00,1.98,0.00,0.00,0.00,0.99
11:50:10,5,88.00,0.00,9.00,0.00,0.00,3.00,0.00,0.00,0.00,0.00
11:50:10,6,88.00,0.00,8.00,0.00,0.00,4.00,0.00,0.00,0.00,0.00
11:50:10,7,89.11,0.00,7.92,0.00,0.00,2.97,0.00,0.00,0.00,0.00
11:50:10,12,88.00,0.00,9.00,0.00,0.00,3.00,0.00,0.00,0.00,0.00
11:50:10,13,90.10,0.00,6.93,0.00,0.00,2.97,0.00,0.00,0.00,0.00
11:50:10,14,89.00,0.00,8.00,0.00,0.00,3.00,0.00,0.00,0.00,0.00
11:50:10,15,90.00,0.00,7.00,0.00,0.00,3.00,0.00,0.00,0.00,0.00
11:50:11,4,87.00,0.00,10.00,0.00,0.00,3.00,0.00,0.00,0.00,0.00
11:50:11,5,88.00,0.00,9.00,0.00,0.00,3.00,0.00,0.00,0.00,0.00
11:50:11,6,87.88,0.00,9.09,0.00,0.00,3.03,0.00,0.00,0.00,0.00
11:50:11,7,87.88,0.00,9.09,0.00,0.00,2.02,0.00,0.00,0.00,1.01
11:50:11,12,90.00,0.00,8.00,0.00,0.00,2.00,0.00,0.00,0.00,0.00
11:50:11,13,88.89,0.00,8.08,0.00,0.00,3.03,0.00,0.00,0.00,0.00
11:50:11,14,90.00,0.00,7.00,0.00,0.00,3.00,0.00,0.00,0.00,0.00
11:50:11,15,87.00,0.00,10.00,0.00,0.00,3.00,0.00,0.00,0.00,0.00
11:50:12,4,90.91,0.00,7.07,0.00,0.00,2.02,0.00,0.00,0.00,0.00
11:50:12,5,90.00,0.00,7.00,0.00,0.00,3.00,0.00,0.00,0.00,0.00
11:50:12,6,88.00,0.00,9.00,0.00,0.00,3.00,0.00,0.00,0.00,0.00
11:50:12,7,87.25,0.00,8.82,0.00,0.00,3.92,0.00,0.00,0.00,0.00
11:50:12,12,88.12,0.00,8.91,0.00,0.00,2.97,0.00,0.00,0.00,0.00
11:50:12,13,90.00,0.00,8.00,0.00,0.00,2.00,0.00,0.00,0.00,0.00
11:50:12,14,87.00,0.00,9.00,0.00,0.00,4.00,0.00,0.00,0.00,0.00
11:50:12,15,90.10,0.00,6.93,0.00,0.00,1.98,0.00,0.00,0.00,0.99
11:50:13,4,88.00,0.00,8.00,0.00,0.00,3.00,0.00,0.00,0.00,1.00
11:50:13,5,87.00,0.00,8.00,0.00,0.00,3.00,0.00,0.00,0.00,2.00
11:50:13,6,88.00,0.00,8.00,0.00,0.00,2.00,0.00,0.00,0.00,2.00
11:50:13,7,88.89,0.00,8.08,0.00,0.00,2.02,0.00,0.00,0.00,1.01
11:50:13,12,87.88,0.00,9.09,0.00,0.00,2.02,0.00,0.00,0.00,1.01
11:50:13,13,86.14,0.00,8.91,0.00,0.00,2.97,0.00,0.00,0.00,1.98
11:50:13,14,89.00,0.00,8.00,0.00,0.00,2.00,0.00,0.00,0.00,1.00
11:50:13,15,87.88,0.00,8.08,0.00,0.00,3.03,0.00,0.00,0.00,1.01
11:50:14,4,89.00,0.00,9.00,0.00,0.00,2.00,0.00,0.00,0.00,0.00
11:50:14,5,87.13,0.00,8.91,0.00,0.00,3.96,0.00,0.00,0.00,0.00
11:50:14,6,90.00,0.00,8.00,0.00,0.00,2.00,0.00,0.00,0.00,0.00
11:50:14,7,88.89,0.00,8.08,0.00,0.00,3.03,0.00,0.00,0.00,0.00
11:50:14,12,88.00,0.00,8.00,0.00,0.00,3.00,0.00,0.00,0.00,1.00
11:50:14,13,91.92,0.00,6.06,0.00,0.00,2.02,0.00,0.00,0.00,0.00
11:50:14,14,89.00,0.00,9.00,0.00,0.00,2.00,0.00,0.00,0.00,0.00
11:50:14,15,90.00,0.00,7.00,0.00,0.00,3.00,0.00,0.00,0.00,0.00
11:50:15,4,88.00,0.00,9.00,0.00,0.00,3.00,0.00,0.00,0.00,0.00
11:50:15,5,88.00,0.00,10.00,0.00,0.00,2.00,0.00,0.00,0.00,0.00
11:50:15,6,88.00,0.00,9.00,0.00,0.00,3.00,0.00,0.00,0.00,0.00
11:50:15,7,89.00,0.00,8.00,0.00,0.00,3.00,0.00,0.00,0.00,0.00
11:50:15,12,89.11,0.00,8.91,0.00,0.00,1.98,0.00,0.00,0.00,0.00
11:50:15,13,90.00,0.00,8.00,0.00,0.00,2.00,0.00,0.00,0.00,0.00
11:50:15,14,91.00,0.00,7.00,0.00,0.00,2.00,0.00,0.00,0.00,0.00
11:50:15,15,90.91,0.00,7.07,0.00,0.00,2.02,0.00,0.00,0.00,0.00
11:50:16,4,88.00,0.00,8.00,0.00,0.00,4.00,0.00,0.00,0.00,0.00
11:50:16,5,87.00,0.00,9.00,0.00,0.00,4.00,0.00,0.00,0.00,0.00
11:50:16,6,88.12,0.00,8.91,0.00,0.00,2.97,0.00,0.00,0.00,0.00
11:50:16,7,89.11,0.00,6.93,0.00,0.00,3.96,0.00,0.00,0.00,0.00
11:50:16,12,89.00,0.00,8.00,0.00,0.00,3.00,0.00,0.00,0.00,0.00
11:50:16,13,91.00,0.00,7.00,0.00,0.00,2.00,0.00,0.00,0.00,0.00
11:50:16,14,88.00,0.00,8.00,0.00,0.00,3.00,0.00,0.00,0.00,1.00
11:50:16,15,89.11,0.00,7.92,0.00,0.00,2.97,0.00,0.00,0.00,0.00
11:50:17,4,90.00,0.00,8.00,0.00,0.00,2.00,0.00,0.00,0.00,0.00
11:50:17,5,88.00,0.00,10.00,0.00,0.00,2.00,0.00,0.00,0.00,0.00
11:50:17,6,89.90,0.00,9.09,0.00,0.00,1.01,0.00,0.00,0.00,0.00
11:50:17,7,89.90,0.00,8.08,0.00,0.00,2.02,0.00,0.00,0.00,0.00
11:50:17,12,89.00,0.00,8.00,0.00,0.00,3.00,0.00,0.00,0.00,0.00
11:50:17,13,88.00,0.00,9.00,0.00,0.00,3.00,0.00,0.00,0.00,0.00
11:50:17,14,91.00,0.00,7.00,0.00,0.00,2.00,0.00,0.00,0.00,0.00
11:50:17,15,87.88,0.00,10.10,0.00,0.00,2.02,0.00,0.00,0.00,0.00
11:50:18,4,87.00,0.00,9.00,0.00,0.00,2.00,0.00,0.00,0.00,2.00
11:50:18,5,87.00,0.00,8.00,0.00,0.00,3.00,0.00,0.00,0.00,2.00
11:50:18,6,86.00,0.00,9.00,0.00,0.00,3.00,0.00,0.00,0.00,2.00
11:50:18,7,87.13,0.00,7.92,0.00,0.00,2.97,0.00,0.00,0.00,1.98
11:50:18,12,87.00,0.00,9.00,0.00,0.00,2.00,0.00,0.00,0.00,2.00
11:50:18,13,86.00,0.00,9.00,0.00,0.00,3.00,0.00,0.00,0.00,2.00
11:50:18,14,87.13,0.00,6.93,0.00,0.00,3.96,0.00,0.00,0.00,1.98
11:50:18,15,89.00,0.00,6.00,0.00,0.00,3.00,0.00,0.00,0.00,2.00
11:50:19,4,89.00,0.00,8.00,0.00,0.00,3.00,0.00,0.00,0.00,0.00
11:50:19,5,90.91,0.00,7.07,0.00,0.00,2.02,0.00,0.00,0.00,0.00
11:50:19,6,88.89,0.00,9.09,0.00,0.00,2.02,0.00,0.00,0.00,0.00
11:50:19,7,88.89,0.00,8.08,0.00,0.00,3.03,0.00,0.00,0.00,0.00
11:50:19,12,87.00,0.00,10.00,0.00,0.00,3.00,0.00,0.00,0.00,0.00
11:50:19,13,90.00,0.00,8.00,0.00,0.00,2.00,0.00,0.00,0.00,0.00
11:50:19,14,89.80,0.00,7.14,0.00,0.00,3.06,0.00,0.00,0.00,0.00
11:50:19,15,89.11,0.00,7.92,0.00,0.00,2.97,0.00,0.00,0.00,0.00
11:50:20,4,88.89,0.00,8.08,0.00,0.00,3.03,0.00,0.00,0.00,0.00
11:50:20,5,90.00,0.00,7.00,0.00,0.00,3.00,0.00,0.00,0.00,0.00
11:50:20,6,88.12,0.00,8.91,0.00,0.00,2.97,0.00,0.00,0.00,0.00
11:50:20,7,88.89,0.00,8.08,0.00,0.00,3.03,0.00,0.00,0.00,0.00
11:50:20,12,88.00,0.00,9.00,0.00,0.00,3.00,0.00,0.00,0.00,0.00
11:50:20,13,89.00,0.00,8.00,0.00,0.00,3.00,0.00,0.00,0.00,0.00
11:50:20,14,89.11,0.00,7.92,0.00,0.00,2.97,0.00,0.00,0.00,0.00
11:50:20,15,89.00,0.00,8.00,0.00,0.00,2.00,0.00,0.00,0.00,1.00
11:50:21,4,89.22,0.00,6.86,0.00,0.00,2.94,0.00,0.00,0.00,0.98
11:50:21,5,89.90,0.00,7.07,0.00,0.00,3.03,0.00,0.00,0.00,0.00
11:50:21,6,88.00,0.00,8.00,0.00,0.00,4.00,0.00,0.00,0.00,0.00
11:50:21,7,86.27,0.00,9.80,0.00,0.00,2.94,0.00,0.00,0.00,0.98
11:50:21,12,89.00,0.00,9.00,0.00,0.00,2.00,0.00,0.00,0.00,0.00
11:50:21,13,90.00,0.00,6.00,0.00,0.00,4.00,0.00,0.00,0.00,0.00
11:50:21,14,88.00,0.00,9.00,0.00,0.00,3.00,0.00,0.00,0.00,0.00
11:50:21,15,89.00,0.00,8.00,0.00,0.00,3.00,0.00,0.00,0.00,0.00
11:50:22,4,88.78,0.00,8.16,0.00,0.00,3.06,0.00,0.00,0.00,0.00
11:50:22,5,89.00,0.00,8.00,0.00,0.00,3.00,0.00,0.00,0.00,0.00
11:50:22,6,89.90,0.00,8.08,0.00,0.00,2.02,0.00,0.00,0.00,0.00
11:50:22,7,91.00,0.00,7.00,0.00,0.00,2.00,0.00,0.00,0.00,0.00
11:50:22,12,88.89,0.00,9.09,0.00,0.00,2.02,0.00,0.00,0.00,0.00
11:50:22,13,91.00,0.00,7.00,0.00,0.00,2.00,0.00,0.00,0.00,0.00
11:50:22,14,88.89,0.00,9.09,0.00,0.00,2.02,0.00,0.00,0.00,0.00
11:50:22,15,91.00,0.00,6.00,0.00,0.00,3.00,0.00,0.00,0.00,0.00
11:50:23,4,88.00,0.00,9.00,0.00,0.00,3.00,0.00,0.00,0.00,0.00
11:50:23,5,87.13,0.00,9.90,0.00,0.00,2.97,0.00,0.00,0.00,0.00
11:50:23,6,87.13,0.00,8.91,0.00,0.00,3.96,0.00,0.00,0.00,0.00
11:50:23,7,88.78,0.00,8.16,0.00,0.00,3.06,0.00,0.00,0.00,0.00
11:50:23,12,89.00,0.00,7.00,0.00,0.00,4.00,0.00,0.00,0.00,0.00
11:50:23,13,89.00,0.00,8.00,0.00,0.00,3.00,0.00,0.00,0.00,0.00
11:50:23,14,90.00,0.00,8.00,0.00,0.00,2.00,0.00,0.00,0.00,0.00
11:50:23,15,91.00,0.00,7.00,0.00,0.00,2.00,0.00,0.00,0.00,0.00
11:50:24,4,88.00,0.00,10.00,0.00,0.00,2.00,0.00,0.00,0.00,0.00
11:50:24,5,88.12,0.00,8.91,0.00,0.00,1.98,0.00,0.00,0.00,0.99
11:50:24,6,88.89,0.00,8.08,0.00,0.00,3.03,0.00,0.00,0.00,0.00
11:50:24,7,87.13,0.00,9.90,0.00,0.00,2.97,0.00,0.00,0.00,0.00
11:50:24,12,89.00,0.00,9.00,0.00,0.00,2.00,0.00,0.00,0.00,0.00
11:50:24,13,87.88,0.00,9.09,0.00,0.00,3.03,0.00,0.00,0.00,0.00
11:50:24,14,89.00,0.00,7.00,0.00,0.00,4.00,0.00,0.00,0.00,0.00
11:50:24,15,90.00,0.00,7.00,0.00,0.00,3.00,0.00,0.00,0.00,0.00
11:50:25,4,88.12,0.00,8.91,0.00,0.00,2.97,0.00,0.00,0.00,0.00
11:50:25,5,89.00,0.00,7.00,0.00,0.00,4.00,0.00,0.00,0.00,0.00
11:50:25,6,89.11,0.00,6.93,0.00,0.00,2.97,0.00,0.00,0.00,0.99
11:50:25,7,90.91,0.00,7.07,0.00,0.00,2.02,0.00,0.00,0.00,0.00
11:50:25,12,88.12,0.00,7.92,0.00,0.00,2.97,0.00,0.00,0.00,0.99
11:50:25,13,88.12,0.00,8.91,0.00,0.00,1.98,0.00,0.00,0.00,0.99
11:50:25,14,89.00,0.00,8.00,0.00,0.00,2.00,0.00,0.00,0.00,1.00
11:50:25,15,90.91,0.00,7.07,0.00,0.00,2.02,0.00,0.00,0.00,0.00
11:50:26,4,89.90,0.00,8.08,0.00,0.00,2.02,0.00,0.00,0.00,0.00
11:50:26,5,90.91,0.00,7.07,0.00,0.00,2.02,0.00,0.00,0.00,0.00
11:50:26,6,89.00,0.00,8.00,0.00,0.00,3.00,0.00,0.00,0.00,0.00
11:50:26,7,87.13,0.00,8.91,0.00,0.00,3.96,0.00,0.00,0.00,0.00
11:50:26,12,88.00,0.00,9.00,0.00,0.00,3.00,0.00,0.00,0.00,0.00
11:50:26,13,89.00,0.00,7.00,0.00,0.00,4.00,0.00,0.00,0.00,0.00
11:50:26,14,90.10,0.00,6.93,0.00,0.00,2.97,0.00,0.00,0.00,0.00
11:50:26,15,87.13,0.00,8.91,0.00,0.00,3.96,0.00,0.00,0.00,0.00
11:50:27,4,90.00,0.00,7.00,0.00,0.00,3.00,0.00,0.00,0.00,0.00
11:50:27,5,90.00,0.00,7.00,0.00,0.00,3.00,0.00,0.00,0.00,0.00
11:50:27,6,88.00,0.00,9.00,0.00,0.00,3.00,0.00,0.00,0.00,0.00
11:50:27,7,89.00,0.00,7.00,0.00,0.00,4.00,0.00,0.00,0.00,0.00
11:50:27,12,88.00,0.00,8.00,0.00,0.00,4.00,0.00,0.00,0.00,0.00
11:50:27,13,91.00,0.00,7.00,0.00,0.00,2.00,0.00,0.00,0.00,0.00
11:50:27,14,89.00,0.00,8.00,0.00,0.00,3.00,0.00,0.00,0.00,0.00
11:50:27,15,90.91,0.00,7.07,0.00,0.00,2.02,0.00,0.00,0.00,0.00
11:50:28,4,88.12,0.00,9.90,0.00,0.00,1.98,0.00,0.00,0.00,0.00
11:50:28,5,88.00,0.00,9.00,0.00,0.00,3.00,0.00,0.00,0.00,0.00
11:50:28,6,88.12,0.00,8.91,0.00,0.00,2.97,0.00,0.00,0.00,0.00
11:50:28,7,89.90,0.00,8.08,0.00,0.00,2.02,0.00,0.00,0.00,0.00
11:50:28,12,88.89,0.00,9.09,0.00,0.00,2.02,0.00,0.00,0.00,0.00
11:50:28,13,89.00,0.00,8.00,0.00,0.00,3.00,0.00,0.00,0.00,0.00
11:50:28,14,87.88,0.00,10.10,0.00,0.00,2.02,0.00,0.00,0.00,0.00
11:50:28,15,87.00,0.00,9.00,0.00,0.00,4.00,0.00,0.00,0.00,0.00
11:50:29,4,88.00,0.00,8.00,0.00,0.00,2.00,0.00,0.00,0.00,2.00
11:50:29,5,86.87,0.00,10.10,0.00,0.00,2.02,0.00,0.00,0.00,1.01
11:50:29,6,88.89,0.00,7.07,0.00,0.00,3.03,0.00,0.00,0.00,1.01
11:50:29,7,86.00,0.00,8.00,0.00,0.00,4.00,0.00,0.00,0.00,2.00
11:50:29,12,88.00,0.00,8.00,0.00,0.00,3.00,0.00,0.00,0.00,1.00
11:50:29,13,87.00,0.00,9.00,0.00,0.00,3.00,0.00,0.00,0.00,1.00
11:50:29,14,88.00,0.00,9.00,0.00,0.00,2.00,0.00,0.00,0.00,1.00
11:50:29,15,86.27,0.00,9.80,0.00,0.00,1.96,0.00,0.00,0.00,1.96
11:50:30,4,92.00,0.00,6.00,0.00,0.00,2.00,0.00,0.00,0.00,0.00
11:50:30,5,88.12,0.00,7.92,0.00,0.00,2.97,0.00,0.00,0.00,0.99
11:50:30,6,88.00,0.00,9.00,0.00,0.00,3.00,0.00,0.00,0.00,0.00
11:50:30,7,88.12,0.00,8.91,0.00,0.00,2.97,0.00,0.00,0.00,0.00
11:50:30,12,89.90,0.00,7.07,0.00,0.00,3.03,0.00,0.00,0.00,0.00
11:50:30,13,91.00,0.00,7.00,0.00,0.00,2.00,0.00,0.00,0.00,0.00
11:50:30,14,89.00,0.00,7.00,0.00,0.00,3.00,0.00,0.00,0.00,1.00
11:50:30,15,89.90,0.00,7.07,0.00,0.00,3.03,0.00,0.00,0.00,0.00
11:50:31,4,87.88,0.00,9.09,0.00,0.00,3.03,0.00,0.00,0.00,0.00
11:50:31,5,88.00,0.00,9.00,0.00,0.00,3.00,0.00,0.00,0.00,0.00
11:50:31,6,86.14,0.00,9.90,0.00,0.00,2.97,0.00,0.00,0.00,0.99
11:50:31,7,89.00,0.00,9.00,0.00,0.00,2.00,0.00,0.00,0.00,0.00
11:50:31,12,89.11,0.00,7.92,0.00,0.00,1.98,0.00,0.00,0.00,0.99
11:50:31,13,88.89,0.00,9.09,0.00,0.00,2.02,0.00,0.00,0.00,0.00
11:50:31,14,87.13,0.00,9.90,0.00,0.00,2.97,0.00,0.00,0.00,0.00
11:50:31,15,89.00,0.00,8.00,0.00,0.00,3.00,0.00,0.00,0.00,0.00
11:50:32,4,89.00,0.00,8.00,0.00,0.00,3.00,0.00,0.00,0.00,0.00
11:50:32,5,90.00,0.00,8.00,0.00,0.00,2.00,0.00,0.00,0.00,0.00
11:50:32,6,91.00,0.00,7.00,0.00,0.00,2.00,0.00,0.00,0.00,0.00
11:50:32,7,88.89,0.00,7.07,0.00,0.00,4.04,0.00,0.00,0.00,0.00
11:50:32,12,90.00,0.00,7.00,0.00,0.00,3.00,0.00,0.00,0.00,0.00
11:50:32,13,88.24,0.00,7.84,0.00,0.00,2.94,0.00,0.00,0.00,0.98
11:50:32,14,88.89,0.00,8.08,0.00,0.00,3.03,0.00,0.00,0.00,0.00
11:50:32,15,87.13,0.00,9.90,0.00,0.00,2.97,0.00,0.00,0.00,0.00
11:50:33,4,89.00,0.00,9.00,0.00,0.00,2.00,0.00,0.00,0.00,0.00
11:50:33,5,90.00,0.00,7.00,0.00,0.00,3.00,0.00,0.00,0.00,0.00
11:50:33,6,87.88,0.00,9.09,0.00,0.00,3.03,0.00,0.00,0.00,0.00
11:50:33,7,87.13,0.00,9.90,0.00,0.00,2.97,0.00,0.00,0.00,0.00
11:50:33,12,91.00,0.00,6.00,0.00,0.00,3.00,0.00,0.00,0.00,0.00
11:50:33,13,89.90,0.00,8.08,0.00,0.00,2.02,0.00,0.00,0.00,0.00
11:50:33,14,90.00,0.00,8.00,0.00,0.00,2.00,0.00,0.00,0.00,0.00
11:50:33,15,90.91,0.00,7.07,0.00,0.00,2.02,0.00,0.00,0.00,0.00
11:50:34,4,87.13,0.00,6.93,0.00,0.00,3.96,0.00,0.00,0.00,1.98
11:50:34,5,87.13,0.00,7.92,0.00,0.00,2.97,0.00,0.00,0.00,1.98
11:50:34,6,87.00,0.00,8.00,0.00,0.00,3.00,0.00,0.00,0.00,2.00
11:50:34,7,89.00,0.00,6.00,0.00,0.00,3.00,0.00,0.00,0.00,2.00
11:50:34,12,86.00,0.00,10.00,0.00,0.00,2.00,0.00,0.00,0.00,2.00
11:50:34,13,89.11,0.00,5.94,0.00,0.00,2.97,0.00,0.00,0.00,1.98
11:50:34,14,89.00,0.00,7.00,0.00,0.00,2.00,0.00,0.00,0.00,2.00
11:50:34,15,89.00,0.00,7.00,0.00,0.00,2.00,0.00,0.00,0.00,2.00
11:50:35,4,88.89,0.00,8.08,0.00,0.00,3.03,0.00,0.00,0.00,0.00
11:50:35,5,89.90,0.00,7.07,0.00,0.00,3.03,0.00,0.00,0.00,0.00
11:50:35,6,90.91,0.00,7.07,0.00,0.00,2.02,0.00,0.00,0.00,0.00
11:50:35,7,90.00,0.00,7.00,0.00,0.00,2.00,0.00,0.00,0.00,1.00
11:50:35,12,89.00,0.00,8.00,0.00,0.00,3.00,0.00,0.00,0.00,0.00
11:50:35,13,89.80,0.00,8.16,0.00,0.00,2.04,0.00,0.00,0.00,0.00
11:50:35,14,89.00,0.00,7.00,0.00,0.00,4.00,0.00,0.00,0.00,0.00
11:50:35,15,91.92,0.00,6.06,0.00,0.00,2.02,0.00,0.00,0.00,0.00
11:50:36,4,85.86,0.00,11.11,0.00,0.00,3.03,0.00,0.00,0.00,0.00
11:50:36,5,90.00,0.00,8.00,0.00,0.00,2.00,0.00,0.00,0.00,0.00
11:50:36,6,87.13,0.00,9.90,0.00,0.00,2.97,0.00,0.00,0.00,0.00
11:50:36,7,88.12,0.00,7.92,0.00,0.00,3.96,0.00,0.00,0.00,0.00
11:50:36,12,87.13,0.00,8.91,0.00,0.00,3.96,0.00,0.00,0.00,0.00
11:50:36,13,87.00,0.00,10.00,0.00,0.00,3.00,0.00,0.00,0.00,0.00
11:50:36,14,91.00,0.00,7.00,0.00,0.00,2.00,0.00,0.00,0.00,0.00
11:50:36,15,90.00,0.00,7.00,0.00,0.00,3.00,0.00,0.00,0.00,0.00
11:50:37,4,89.11,0.00,7.92,0.00,0.00,2.97,0.00,0.00,0.00,0.00
11:50:37,5,88.89,0.00,9.09,0.00,0.00,2.02,0.00,0.00,0.00,0.00
11:50:37,6,88.00,0.00,9.00,0.00,0.00,3.00,0.00,0.00,0.00,0.00
11:50:37,7,90.91,0.00,7.07,0.00,0.00,2.02,0.00,0.00,0.00,0.00
11:50:37,12,87.88,0.00,10.10,0.00,0.00,2.02,0.00,0.00,0.00,0.00
11:50:37,13,88.12,0.00,8.91,0.00,0.00,2.97,0.00,0.00,0.00,0.00
11:50:37,14,88.89,0.00,8.08,0.00,0.00,3.03,0.00,0.00,0.00,0.00
11:50:37,15,87.13,0.00,8.91,0.00,0.00,2.97,0.00,0.00,0.00,0.99
11:50:38,4,89.90,0.00,7.07,0.00,0.00,3.03,0.00,0.00,0.00,0.00
11:50:38,5,87.00,0.00,10.00,0.00,0.00,3.00,0.00,0.00,0.00,0.00
11:50:38,6,89.00,0.00,9.00,0.00,0.00,2.00,0.00,0.00,0.00,0.00
11:50:38,7,91.00,0.00,6.00,0.00,0.00,3.00,0.00,0.00,0.00,0.00
11:50:38,12,90.91,0.00,7.07,0.00,0.00,2.02,0.00,0.00,0.00,0.00
11:50:38,13,90.91,0.00,7.07,0.00,0.00,2.02,0.00,0.00,0.00,0.00
11:50:38,14,89.00,0.00,8.00,0.00,0.00,3.00,0.00,0.00,0.00,0.00
11:50:38,15,89.00,0.00,9.00,0.00,0.00,2.00,0.00,0.00,0.00,0.00
11:50:39,4,87.13,0.00,7.92,0.00,0.00,2.97,0.00,0.00,0.00,1.98
11:50:39,5,88.00,0.00,9.00,0.00,0.00,1.00,0.00,0.00,0.00,2.00
11:50:39,6,89.00,0.00,7.00,0.00,0.00,2.00,0.00,0.00,0.00,2.00
11:50:39,7,87.00,0.00,9.00,0.00,0.00,3.00,0.00,0.00,0.00,1.00
11:50:39,12,88.12,0.00,6.93,0.00,0.00,2.97,0.00,0.00,0.00,1.98
11:50:39,13,86.14,0.00,8.91,0.00,0.00,2.97,0.00,0.00,0.00,1.98
11:50:39,14,86.14,0.00,8.91,0.00,0.00,2.97,0.00,0.00,0.00,1.98
11:50:39,15,88.89,0.00,7.07,0.00,0.00,3.03,0.00,0.00,0.00,1.01
11:50:40,4,88.00,0.00,8.00,0.00,0.00,4.00,0.00,0.00,0.00,0.00
11:50:40,5,88.12,0.00,8.91,0.00,0.00,2.97,0.00,0.00,0.00,0.00
11:50:40,6,91.00,0.00,7.00,0.00,0.00,2.00,0.00,0.00,0.00,0.00
11:50:40,7,88.00,0.00,8.00,0.00,0.00,3.00,0.00,0.00,0.00,1.00
11:50:40,12,88.00,0.00,8.00,0.00,0.00,4.00,0.00,0.00,0.00,0.00
11:50:40,13,89.00,0.00,8.00,0.00,0.00,3.00,0.00,0.00,0.00,0.00
11:50:40,14,89.90,0.00,8.08,0.00,0.00,2.02,0.00,0.00,0.00,0.00
11:50:40,15,88.12,0.00,9.90,0.00,0.00,1.98,0.00,0.00,0.00,0.00
11:50:41,4,89.00,0.00,8.00,0.00,0.00,2.00,0.00,0.00,0.00,1.00
11:50:41,5,89.00,0.00,8.00,0.00,0.00,3.00,0.00,0.00,0.00,0.00
11:50:41,6,88.00,0.00,9.00,0.00,0.00,3.00,0.00,0.00,0.00,0.00
11:50:41,7,89.00,0.00,8.00,0.00,0.00,3.00,0.00,0.00,0.00,0.00
11:50:41,12,90.00,0.00,6.00,0.00,0.00,4.00,0.00,0.00,0.00,0.00
11:50:41,13,86.87,0.00,10.10,0.00,0.00,3.03,0.00,0.00,0.00,0.00
11:50:41,14,88.00,0.00,9.00,0.00,0.00,3.00,0.00,0.00,0.00,0.00
11:50:41,15,89.90,0.00,7.07,0.00,0.00,2.02,0.00,0.00,0.00,1.01
11:50:42,4,87.13,0.00,8.91,0.00,0.00,3.96,0.00,0.00,0.00,0.00
11:50:42,5,87.00,0.00,9.00,0.00,0.00,3.00,0.00,0.00,0.00,1.00
11:50:42,6,88.89,0.00,9.09,0.00,0.00,2.02,0.00,0.00,0.00,0.00
11:50:42,7,91.00,0.00,6.00,0.00,0.00,3.00,0.00,0.00,0.00,0.00
11:50:42,12,87.00,0.00,9.00,0.00,0.00,4.00,0.00,0.00,0.00,0.00
11:50:42,13,88.00,0.00,9.00,0.00,0.00,3.00,0.00,0.00,0.00,0.00
11:50:42,14,91.00,0.00,7.00,0.00,0.00,2.00,0.00,0.00,0.00,0.00
11:50:42,15,90.10,0.00,6.93,0.00,0.00,2.97,0.00,0.00,0.00,0.00
11:50:43,4,89.80,0.00,8.16,0.00,0.00,2.04,0.00,0.00,0.00,0.00
11:50:43,5,91.00,0.00,7.00,0.00,0.00,2.00,0.00,0.00,0.00,0.00
11:50:43,6,88.12,0.00,8.91,0.00,0.00,2.97,0.00,0.00,0.00,0.00
11:50:43,7,87.88,0.00,9.09,0.00,0.00,3.03,0.00,0.00,0.00,0.00
11:50:43,12,89.00,0.00,9.00,0.00,0.00,2.00,0.00,0.00,0.00,0.00
11:50:43,13,90.00,0.00,8.00,0.00,0.00,2.00,0.00,0.00,0.00,0.00
11:50:43,14,88.12,0.00,7.92,0.00,0.00,2.97,0.00,0.00,0.00,0.99
11:50:43,15,88.89,0.00,9.09,0.00,0.00,2.02,0.00,0.00,0.00,0.00
11:50:44,4,87.25,0.00,7.84,0.00,0.00,2.94,0.00,0.00,0.00,1.96
11:50:44,5,89.90,0.00,7.07,0.00,0.00,2.02,0.00,0.00,0.00,1.01
11:50:44,6,87.88,0.00,8.08,0.00,0.00,2.02,0.00,0.00,0.00,2.02
11:50:44,7,88.12,0.00,6.93,0.00,0.00,2.97,0.00,0.00,0.00,1.98
11:50:44,12,85.00,0.00,9.00,0.00,0.00,4.00,0.00,0.00,0.00,2.00
11:50:44,13,87.13,0.00,8.91,0.00,0.00,1.98,0.00,0.00,0.00,1.98
11:50:44,14,88.89,0.00,6.06,0.00,0.00,4.04,0.00,0.00,0.00,1.01
11:50:44,15,88.00,0.00,7.00,0.00,0.00,3.00,0.00,0.00,0.00,2.00
11:50:45,4,89.90,0.00,8.08,0.00,0.00,2.02,0.00,0.00,0.00,0.00
11:50:45,5,90.00,0.00,8.00,0.00,0.00,2.00,0.00,0.00,0.00,0.00
11:50:45,6,88.12,0.00,8.91,0.00,0.00,2.97,0.00,0.00,0.00,0.00
11:50:45,7,90.00,0.00,8.00,0.00,0.00,2.00,0.00,0.00,0.00,0.00
11:50:45,12,89.00,0.00,8.00,0.00,0.00,3.00,0.00,0.00,0.00,0.00
11:50:45,13,89.00,0.00,8.00,0.00,0.00,3.00,0.00,0.00,0.00,0.00
11:50:45,14,89.11,0.00,7.92,0.00,0.00,1.98,0.00,0.00,0.00,0.99
11:50:45,15,89.00,0.00,8.00,0.00,0.00,3.00,0.00,0.00,0.00,0.00
11:50:46,4,88.89,0.00,10.10,0.00,0.00,1.01,0.00,0.00,0.00,0.00
11:50:46,5,89.00,0.00,8.00,0.00,0.00,3.00,0.00,0.00,0.00,0.00
11:50:46,6,89.00,0.00,9.00,0.00,0.00,2.00,0.00,0.00,0.00,0.00
11:50:46,7,89.00,0.00,9.00,0.00,0.00,2.00,0.00,0.00,0.00,0.00
11:50:46,12,90.00,0.00,8.00,0.00,0.00,2.00,0.00,0.00,0.00,0.00
11:50:46,13,89.00,0.00,8.00,0.00,0.00,2.00,0.00,0.00,0.00,1.00
11:50:46,14,89.00,0.00,8.00,0.00,0.00,3.00,0.00,0.00,0.00,0.00
11:50:46,15,89.00,0.00,9.00,0.00,0.00,2.00,0.00,0.00,0.00,0.00
11:50:47,4,86.14,0.00,9.90,0.00,0.00,3.96,0.00,0.00,0.00,0.00
11:50:47,5,89.90,0.00,8.08,0.00,0.00,2.02,0.00,0.00,0.00,0.00
11:50:47,6,89.90,0.00,7.07,0.00,0.00,3.03,0.00,0.00,0.00,0.00
11:50:47,7,90.91,0.00,7.07,0.00,0.00,2.02,0.00,0.00,0.00,0.00
11:50:47,12,89.90,0.00,7.07,0.00,0.00,3.03,0.00,0.00,0.00,0.00
11:50:47,13,88.00,0.00,8.00,0.00,0.00,4.00,0.00,0.00,0.00,0.00
11:50:47,14,89.00,0.00,9.00,0.00,0.00,2.00,0.00,0.00,0.00,0.00
11:50:47,15,89.11,0.00,7.92,0.00,0.00,2.97,0.00,0.00,0.00,0.00
11:50:48,4,89.00,0.00,8.00,0.00,0.00,3.00,0.00,0.00,0.00,0.00
11:50:48,5,87.13,0.00,8.91,0.00,0.00,3.96,0.00,0.00,0.00,0.00
11:50:48,6,88.00,0.00,9.00,0.00,0.00,3.00,0.00,0.00,0.00,0.00
11:50:48,7,89.00,0.00,9.00,0.00,0.00,2.00,0.00,0.00,0.00,0.00
11:50:48,12,88.00,0.00,10.00,0.00,0.00,2.00,0.00,0.00,0.00,0.00
11:50:48,13,91.00,0.00,7.00,0.00,0.00,2.00,0.00,0.00,0.00,0.00
11:50:48,14,88.00,0.00,9.00,0.00,0.00,3.00,0.00,0.00,0.00,0.00
11:50:48,15,88.89,0.00,8.08,0.00,0.00,3.03,0.00,0.00,0.00,0.00
11:50:49,4,88.00,0.00,8.00,0.00,0.00,2.00,0.00,0.00,0.00,2.00
11:50:49,5,87.00,0.00,9.00,0.00,0.00,2.00,0.00,0.00,0.00,2.00
11:50:49,6,87.13,0.00,7.92,0.00,0.00,2.97,0.00,0.00,0.00,1.98
11:50:49,7,87.00,0.00,8.00,0.00,0.00,3.00,0.00,0.00,0.00,2.00
11:50:49,12,87.13,0.00,7.92,0.00,0.00,2.97,0.00,0.00,0.00,1.98
11:50:49,13,88.89,0.00,8.08,1.01,0.00,2.02,0.00,0.00,0.00,0.00
11:50:49,14,89.00,0.00,7.00,0.00,0.00,2.00,0.00,0.00,0.00,2.00
11:50:49,15,86.14,0.00,8.91,0.00,0.00,2.97,0.00,0.00,0.00,1.98
11:50:50,4,91.00,0.00,7.00,0.00,0.00,2.00,0.00,0.00,0.00,0.00
11:50:50,5,88.00,0.00,9.00,0.00,0.00,3.00,0.00,0.00,0.00,0.00
11:50:50,6,90.00,0.00,7.00,0.00,0.00,3.00,0.00,0.00,0.00,0.00
11:50:50,7,89.00,0.00,9.00,0.00,0.00,2.00,0.00,0.00,0.00,0.00
11:50:50,12,90.82,0.00,8.16,0.00,0.00,1.02,0.00,0.00,0.00,0.00
11:50:50,13,89.90,0.00,7.07,0.00,0.00,3.03,0.00,0.00,0.00,0.00
11:50:50,14,89.00,0.00,8.00,0.00,0.00,3.00,0.00,0.00,0.00,0.00
11:50:50,15,90.91,0.00,7.07,0.00,0.00,2.02,0.00,0.00,0.00,0.00
11:50:51,4,88.12,0.00,8.91,0.00,0.00,2.97,0.00,0.00,0.00,0.00
11:50:51,5,89.11,0.00,7.92,0.00,0.00,1.98,0.00,0.00,0.00,0.99
11:50:51,6,89.90,0.00,8.08,0.00,0.00,2.02,0.00,0.00,0.00,0.00
11:50:51,7,88.12,0.00,7.92,0.00,0.00,2.97,0.00,0.00,0.00,0.99
11:50:51,12,87.25,0.00,9.80,0.00,0.00,2.94,0.00,0.00,0.00,0.00
11:50:51,13,88.12,0.00,8.91,0.00,0.00,2.97,0.00,0.00,0.00,0.00
11:50:51,14,90.00,0.00,7.00,0.00,0.00,3.00,0.00,0.00,0.00,0.00
11:50:51,15,87.00,0.00,9.00,0.00,0.00,4.00,0.00,0.00,0.00,0.00
11:50:52,4,88.00,0.00,10.00,0.00,0.00,2.00,0.00,0.00,0.00,0.00
11:50:52,5,90.91,0.00,7.07,0.00,0.00,2.02,0.00,0.00,0.00,0.00
11:50:52,6,89.11,0.00,7.92,0.00,0.00,1.98,0.00,0.00,0.00,0.99
11:50:52,7,89.00,0.00,8.00,0.00,0.00,3.00,0.00,0.00,0.00,0.00
11:50:52,12,90.82,0.00,7.14,0.00,0.00,2.04,0.00,0.00,0.00,0.00
11:50:52,13,86.14,0.00,9.90,0.00,0.00,2.97,0.00,0.00,0.00,0.99
11:50:52,14,90.10,0.00,7.92,0.00,0.00,1.98,0.00,0.00,0.00,0.00
11:50:52,15,88.00,0.00,9.00,0.00,0.00,3.00,0.00,0.00,0.00,0.00
11:50:53,4,88.89,0.00,9.09,0.00,0.00,2.02,0.00,0.00,0.00,0.00
11:50:53,5,89.11,0.00,7.92,0.00,0.00,2.97,0.00,0.00,0.00,0.00
11:50:53,6,91.00,0.00,7.00,0.00,0.00,2.00,0.00,0.00,0.00,0.00
11:50:53,7,89.00,0.00,8.00,0.00,0.00,3.00,0.00,0.00,0.00,0.00
11:50:53,12,89.11,0.00,6.93,0.00,0.00,3.96,0.00,0.00,0.00,0.00
11:50:53,13,89.00,0.00,8.00,0.00,0.00,3.00,0.00,0.00,0.00,0.00
11:50:53,14,88.89,0.00,7.07,0.00,0.00,4.04,0.00,0.00,0.00,0.00
11:50:53,15,89.00,0.00,8.00,0.00,0.00,3.00,0.00,0.00,0.00,0.00
11:50:54,4,88.00,0.00,9.00,0.00,0.00,3.00,0.00,0.00,0.00,0.00
11:50:54,5,89.90,0.00,8.08,0.00,0.00,2.02,0.00,0.00,0.00,0.00
11:50:54,6,88.00,0.00,9.00,0.00,0.00,3.00,0.00,0.00,0.00,0.00
11:50:54,7,89.00,0.00,8.00,0.00,0.00,3.00,0.00,0.00,0.00,0.00
11:50:54,12,89.90,0.00,8.08,0.00,0.00,2.02,0.00,0.00,0.00,0.00
11:50:54,13,88.12,0.00,7.92,0.00,0.00,3.96,0.00,0.00,0.00,0.00
11:50:54,14,89.00,0.00,8.00,0.00,0.00,3.00,0.00,0.00,0.00,0.00
11:50:54,15,89.00,0.00,8.00,0.00,0.00,3.00,0.00,0.00,0.00,0.00
11:50:55,4,88.89,0.00,8.08,0.00,0.00,3.03,0.00,0.00,0.00,0.00
11:50:55,5,89.00,0.00,8.00,0.00,0.00,3.00,0.00,0.00,0.00,0.00
11:50:55,6,89.90,0.00,8.08,0.00,0.00,2.02,0.00,0.00,0.00,0.00
11:50:55,7,90.10,0.00,6.93,0.00,0.00,2.97,0.00,0.00,0.00,0.00
11:50:55,12,89.11,0.00,7.92,0.00,0.00,2.97,0.00,0.00,0.00,0.00
11:50:55,13,89.90,0.00,8.08,0.00,0.00,2.02,0.00,0.00,0.00,0.00
11:50:55,14,90.91,0.00,6.06,0.00,0.00,3.03,0.00,0.00,0.00,0.00
11:50:55,15,87.88,0.00,9.09,0.00,0.00,3.03,0.00,0.00,0.00,0.00
11:50:56,4,89.11,0.00,7.92,0.00,0.00,2.97,0.00,0.00,0.00,0.00
11:50:56,5,89.00,0.00,9.00,0.00,0.00,2.00,0.00,0.00,0.00,0.00
11:50:56,6,90.00,0.00,7.00,0.00,0.00,3.00,0.00,0.00,0.00,0.00
11:50:56,7,89.90,0.00,8.08,0.00,0.00,2.02,0.00,0.00,0.00,0.00
11:50:56,12,89.11,0.00,7.92,0.00,0.00,2.97,0.00,0.00,0.00,0.00
11:50:56,13,88.00,0.00,9.00,0.00,0.00,3.00,0.00,0.00,0.00,0.00
11:50:56,14,89.00,0.00,8.00,0.00,0.00,3.00,0.00,0.00,0.00,0.00
11:50:56,15,87.13,0.00,9.90,0.00,0.00,2.97,0.00,0.00,0.00,0.00
11:50:57,4,90.00,0.00,7.00,0.00,0.00,3.00,0.00,0.00,0.00,0.00
11:50:57,5,89.11,0.00,7.92,0.00,0.00,2.97,0.00,0.00,0.00,0.00
11:50:57,6,88.12,0.00,6.93,0.00,0.00,4.95,0.00,0.00,0.00,0.00
11:50:57,7,90.91,0.00,7.07,0.00,0.00,2.02,0.00,0.00,0.00,0.00
11:50:57,12,90.00,0.00,7.00,0.00,0.00,2.00,0.00,0.00,0.00,1.00
11:50:57,13,86.00,0.00,10.00,0.00,0.00,4.00,0.00,0.00,0.00,0.00
11:50:57,14,88.12,0.00,9.90,0.00,0.00,1.98,0.00,0.00,0.00,0.00
11:50:57,15,90.00,0.00,8.00,0.00,0.00,2.00,0.00,0.00,0.00,0.00
11:50:58,4,90.91,0.00,7.07,0.00,0.00,2.02,0.00,0.00,0.00,0.00
11:50:58,5,89.90,0.00,8.08,0.00,0.00,2.02,0.00,0.00,0.00,0.00
11:50:58,6,89.90,0.00,8.08,0.00,0.00,2.02,0.00,0.00,0.00,0.00
11:50:58,7,89.00,0.00,8.00,0.00,0.00,3.00,0.00,0.00,0.00,0.00
11:50:58,12,89.90,0.00,8.08,0.00,0.00,2.02,0.00,0.00,0.00,0.00
11:50:58,13,88.00,0.00,9.00,0.00,0.00,3.00,0.00,0.00,0.00,0.00
11:50:58,14,88.89,0.00,8.08,0.00,0.00,3.03,0.00,0.00,0.00,0.00
11:50:58,15,88.89,0.00,9.09,0.00,0.00,2.02,0.00,0.00,0.00,0.00
11:50:59,4,87.13,0.00,8.91,0.00,0.00,1.98,0.00,0.00,0.00,1.98
11:50:59,5,88.12,0.00,6.93,0.00,0.00,2.97,0.00,0.00,0.00,1.98
11:50:59,6,89.00,0.00,6.00,0.00,0.00,3.00,0.00,0.00,0.00,2.00
11:50:59,7,88.12,0.00,6.93,0.00,0.00,2.97,0.00,0.00,0.00,1.98
11:50:59,12,87.00,0.00,8.00,0.00,0.00,4.00,0.00,0.00,0.00,1.00
11:50:59,13,87.00,0.00,9.00,0.00,0.00,2.00,0.00,0.00,0.00,2.00
11:50:59,14,86.14,0.00,8.91,0.00,0.00,2.97,0.00,0.00,0.00,1.98
11:50:59,15,87.13,0.00,7.92,0.00,0.00,2.97,0.00,0.00,0.00,1.98
11:51:00,4,90.00,0.00,8.00,0.00,0.00,2.00,0.00,0.00,0.00,0.00
11:51:00,5,89.90,0.00,8.08,0.00,0.00,2.02,0.00,0.00,0.00,0.00
11:51:00,6,88.00,0.00,9.00,0.00,0.00,3.00,0.00,0.00,0.00,0.00
11:51:00,7,89.90,0.00,7.07,0.00,0.00,3.03,0.00,0.00,0.00,0.00
11:51:00,12,88.12,0.00,8.91,0.00,0.00,2.97,0.00,0.00,0.00,0.00
11:51:00,13,90.00,0.00,7.00,0.00,0.00,3.00,0.00,0.00,0.00,0.00
11:51:00,14,89.00,0.00,8.00,0.00,0.00,3.00,0.00,0.00,0.00,0.00
11:51:00,15,89.00,0.00,8.00,0.00,0.00,3.00,0.00,0.00,0.00,0.00
11:51:01,4,90.91,0.00,7.07,0.00,0.00,2.02,0.00,0.00,0.00,0.00
11:51:01,5,89.00,0.00,8.00,0.00,0.00,3.00,0.00,0.00,0.00,0.00
11:51:01,6,88.00,0.00,9.00,0.00,0.00,3.00,0.00,0.00,0.00,0.00
11:51:01,7,88.12,0.00,8.91,0.00,0.00,2.97,0.00,0.00,0.00,0.00
11:51:01,12,90.00,0.00,6.00,0.00,0.00,3.00,0.00,0.00,0.00,1.00
11:51:01,13,89.00,0.00,9.00,0.00,0.00,2.00,0.00,0.00,0.00,0.00
11:51:01,14,89.00,0.00,9.00,0.00,0.00,2.00,0.00,0.00,0.00,0.00
11:51:01,15,88.00,0.00,10.00,0.00,0.00,2.00,0.00,0.00,0.00,0.00
11:51:02,4,89.11,0.00,7.92,0.00,0.00,2.97,0.00,0.00,0.00,0.00
11:51:02,5,87.00,0.00,10.00,0.00,0.00,3.00,0.00,0.00,0.00,0.00
11:51:02,6,90.00,0.00,8.00,0.00,0.00,2.00,0.00,0.00,0.00,0.00
11:51:02,7,89.90,0.00,8.08,0.00,0.00,2.02,0.00,0.00,0.00,0.00
11:51:02,12,90.00,0.00,8.00,0.00,0.00,2.00,0.00,0.00,0.00,0.00
11:51:02,13,90.00,0.00,7.00,0.00,0.00,3.00,0.00,0.00,0.00,0.00
11:51:02,14,89.90,0.00,8.08,0.00,0.00,2.02,0.00,0.00,0.00,0.00
11:51:02,15,89.00,0.00,8.00,0.00,0.00,2.00,0.00,0.00,0.00,1.00
11:51:03,4,88.89,0.00,9.09,0.00,0.00,2.02,0.00,0.00,0.00,0.00
11:51:03,5,89.00,0.00,9.00,0.00,0.00,2.00,0.00,0.00,0.00,0.00
11:51:03,6,88.89,0.00,8.08,0.00,0.00,3.03,0.00,0.00,0.00,0.00
11:51:03,7,91.00,0.00,7.00,0.00,0.00,2.00,0.00,0.00,0.00,0.00
11:51:03,12,90.00,0.00,7.00,0.00,0.00,3.00,0.00,0.00,0.00,0.00
11:51:03,13,89.00,0.00,8.00,0.00,0.00,3.00,0.00,0.00,0.00,0.00
11:51:03,14,86.14,0.00,9.90,0.00,0.00,3.96,0.00,0.00,0.00,0.00
11:51:03,15,90.00,0.00,8.00,0.00,0.00,2.00,0.00,0.00,0.00,0.00
11:51:04,4,86.14,0.00,7.92,0.00,0.00,3.96,0.00,0.00,0.00,1.98
11:51:04,5,87.00,0.00,8.00,0.00,0.00,3.00,0.00,0.00,0.00,2.00
11:51:04,6,86.14,0.00,8.91,0.00,0.00,2.97,0.00,0.00,0.00,1.98
11:51:04,7,87.00,0.00,8.00,0.00,0.00,3.00,0.00,0.00,0.00,2.00
11:51:04,12,87.00,0.00,8.00,0.00,0.00,3.00,0.00,0.00,0.00,2.00
11:51:04,13,88.89,0.00,7.07,0.00,0.00,2.02,0.00,0.00,0.00,2.02
11:51:04,14,88.89,0.00,7.07,0.00,0.00,2.02,0.00,0.00,0.00,2.02
11:51:04,15,88.12,0.00,6.93,0.00,0.00,2.97,0.00,0.00,0.00,1.98
11:51:05,4,88.12,0.00,8.91,0.00,0.00,1.98,0.00,0.00,0.00,0.99
11:51:05,5,88.89,0.00,8.08,0.00,0.00,3.03,0.00,0.00,0.00,0.00
11:51:05,6,88.89,0.00,8.08,0.00,0.00,3.03,0.00,0.00,0.00,0.00
11:51:05,7,88.89,0.00,8.08,0.00,0.00,3.03,0.00,0.00,0.00,0.00
11:51:05,12,90.82,0.00,8.16,0.00,0.00,1.02,0.00,0.00,0.00,0.00
11:51:05,13,90.00,0.00,7.00,0.00,0.00,3.00,0.00,0.00,0.00,0.00
11:51:05,14,87.00,0.00,9.00,0.00,0.00,4.00,0.00,0.00,0.00,0.00
11:51:05,15,87.88,0.00,9.09,0.00,0.00,3.03,0.00,0.00,0.00,0.00
11:51:06,4,89.90,0.00,8.08,0.00,0.00,2.02,0.00,0.00,0.00,0.00
11:51:06,5,89.11,0.00,6.93,0.00,0.00,3.96,0.00,0.00,0.00,0.00
11:51:06,6,88.12,0.00,7.92,0.00,0.00,3.96,0.00,0.00,0.00,0.00
11:51:06,7,87.13,0.00,9.90,0.00,0.00,2.97,0.00,0.00,0.00,0.00
11:51:06,12,87.13,0.00,9.90,0.00,0.00,2.97,0.00,0.00,0.00,0.00
11:51:06,13,87.13,0.00,8.91,0.00,0.00,3.96,0.00,0.00,0.00,0.00
11:51:06,14,89.00,0.00,8.00,0.00,0.00,3.00,0.00,0.00,0.00,0.00
11:51:06,15,89.00,0.00,8.00,0.00,0.00,3.00,0.00,0.00,0.00,0.00
11:51:07,4,89.11,0.00,7.92,0.00,0.00,2.97,0.00,0.00,0.00,0.00
11:51:07,5,88.00,0.00,9.00,0.00,0.00,3.00,0.00,0.00,0.00,0.00
11:51:07,6,87.88,0.00,9.09,0.00,0.00,3.03,0.00,0.00,0.00,0.00
11:51:07,7,88.00,0.00,8.00,0.00,0.00,4.00,0.00,0.00,0.00,0.00
11:51:07,12,88.00,0.00,9.00,0.00,0.00,3.00,0.00,0.00,0.00,0.00
11:51:07,13,87.88,0.00,9.09,0.00,0.00,3.03,0.00,0.00,0.00,0.00
11:51:07,14,89.11,0.00,7.92,0.00,0.00,1.98,0.00,0.00,0.00,0.99
11:51:07,15,90.00,0.00,7.00,0.00,0.00,3.00,0.00,0.00,0.00,0.00
11:51:08,4,88.89,0.00,9.09,0.00,0.00,2.02,0.00,0.00,0.00,0.00
11:51:08,5,87.13,0.00,8.91,0.00,0.00,2.97,0.00,0.00,0.00,0.99
11:51:08,6,90.00,0.00,7.00,0.00,0.00,3.00,0.00,0.00,0.00,0.00
11:51:08,7,90.91,0.00,7.07,0.00,0.00,2.02,0.00,0.00,0.00,0.00
11:51:08,12,89.00,0.00,8.00,0.00,0.00,3.00,0.00,0.00,0.00,0.00
11:51:08,13,90.00,0.00,7.00,0.00,0.00,3.00,0.00,0.00,0.00,0.00
11:51:08,14,89.00,0.00,9.00,0.00,0.00,2.00,0.00,0.00,0.00,0.00
11:51:08,15,89.00,0.00,8.00,0.00,0.00,3.00,0.00,0.00,0.00,0.00
11:51:09,4,87.13,0.00,7.92,0.00,0.00,2.97,0.00,0.00,0.00,1.98
11:51:09,5,87.88,0.00,8.08,0.00,0.00,3.03,0.00,0.00,0.00,1.01
11:51:09,6,86.14,0.00,8.91,0.00,0.00,2.97,0.00,0.00,0.00,1.98
11:51:09,7,88.00,0.00,8.00,0.00,0.00,2.00,0.00,0.00,0.00,2.00
11:51:09,12,89.00,0.00,7.00,0.00,0.00,2.00,0.00,0.00,0.00,2.00
11:51:09,13,88.00,0.00,7.00,0.00,0.00,3.00,0.00,0.00,0.00,2.00
11:51:09,14,89.90,0.00,6.06,0.00,0.00,3.03,0.00,0.00,0.00,1.01
11:51:09,15,87.00,0.00,8.00,0.00,0.00,3.00,0.00,0.00,0.00,2.00
11:51:10,4,88.00,0.00,8.00,0.00,0.00,4.00,0.00,0.00,0.00,0.00
11:51:10,5,87.88,0.00,9.09,0.00,0.00,3.03,0.00,0.00,0.00,0.00
11:51:10,6,88.89,0.00,9.09,0.00,0.00,2.02,0.00,0.00,0.00,0.00
11:51:10,7,90.00,0.00,7.00,0.00,0.00,3.00,0.00,0.00,0.00,0.00
11:51:10,12,87.00,0.00,10.00,0.00,0.00,3.00,0.00,0.00,0.00,0.00
11:51:10,13,88.00,0.00,8.00,0.00,0.00,4.00,0.00,0.00,0.00,0.00
11:51:10,14,89.11,0.00,7.92,0.00,0.00,1.98,0.00,0.00,0.00,0.99
11:51:10,15,90.00,0.00,8.00,0.00,0.00,2.00,0.00,0.00,0.00,0.00
11:51:11,4,89.00,0.00,8.00,0.00,0.00,3.00,0.00,0.00,0.00,0.00
11:51:11,5,88.12,0.00,7.92,0.00,0.00,2.97,0.00,0.00,0.00,0.99
11:51:11,6,90.00,0.00,8.00,0.00,0.00,2.00,0.00,0.00,0.00,0.00
11:51:11,7,88.00,0.00,8.00,0.00,0.00,4.00,0.00,0.00,0.00,0.00
11:51:11,12,88.12,0.00,6.93,0.00,0.00,3.96,0.00,0.00,0.00,0.99
11:51:11,13,88.00,0.00,8.00,0.00,0.00,4.00,0.00,0.00,0.00,0.00
11:51:11,14,89.00,0.00,8.00,0.00,0.00,3.00,0.00,0.00,0.00,0.00
11:51:11,15,89.00,0.00,8.00,0.00,0.00,3.00,0.00,0.00,0.00,0.00
11:51:12,4,89.90,0.00,8.08,0.00,0.00,2.02,0.00,0.00,0.00,0.00
11:51:12,5,89.11,0.00,7.92,0.00,0.00,2.97,0.00,0.00,0.00,0.00
11:51:12,6,89.11,0.00,7.92,0.00,0.00,1.98,0.00,0.00,0.00,0.99
11:51:12,7,89.11,0.00,7.92,0.00,0.00,1.98,0.00,0.00,0.00,0.99
11:51:12,12,87.00,0.00,10.00,0.00,0.00,3.00,0.00,0.00,0.00,0.00
11:51:12,13,88.12,0.00,8.91,0.00,0.00,1.98,0.00,0.00,0.00,0.99
11:51:12,14,90.00,0.00,8.00,0.00,0.00,2.00,0.00,0.00,0.00,0.00
11:51:12,15,89.00,0.00,8.00,0.00,0.00,3.00,0.00,0.00,0.00,0.00
11:51:13,4,89.00,0.00,8.00,0.00,0.00,3.00,0.00,0.00,0.00,0.00
11:51:13,5,87.88,0.00,9.09,0.00,0.00,3.03,0.00,0.00,0.00,0.00
11:51:13,6,87.00,0.00,10.00,0.00,0.00,3.00,0.00,0.00,0.00,0.00
11:51:13,7,87.13,0.00,8.91,0.00,0.00,3.96,0.00,0.00,0.00,0.00
11:51:13,12,88.00,0.00,9.00,0.00,0.00,3.00,0.00,0.00,0.00,0.00
11:51:13,13,89.90,0.00,7.07,0.00,0.00,3.03,0.00,0.00,0.00,0.00
11:51:13,14,90.91,0.00,7.07,0.00,0.00,2.02,0.00,0.00,0.00,0.00
11:51:13,15,89.90,0.00,7.07,0.00,0.00,3.03,0.00,0.00,0.00,0.00
11:51:14,4,87.00,0.00,8.00,0.00,0.00,3.00,0.00,0.00,0.00,2.00
11:51:14,5,86.00,0.00,9.00,0.00,0.00,3.00,0.00,0.00,0.00,2.00
11:51:14,6,87.00,0.00,8.00,0.00,0.00,3.00,0.00,0.00,0.00,2.00
11:51:14,7,88.00,0.00,8.00,0.00,0.00,2.00,0.00,0.00,0.00,2.00
11:51:14,12,86.87,0.00,8.08,0.00,0.00,3.03,0.00,0.00,0.00,2.02
11:51:14,13,85.00,0.00,10.00,0.00,0.00,3.00,0.00,0.00,0.00,2.00
11:51:14,14,87.00,0.00,9.00,0.00,0.00,2.00,0.00,0.00,0.00,2.00
11:51:14,15,87.13,0.00,8.91,0.00,0.00,1.98,0.00,0.00,0.00,1.98
11:51:15,4,89.00,0.00,9.00,0.00,0.00,2.00,0.00,0.00,0.00,0.00
11:51:15,5,89.90,0.00,8.08,0.00,0.00,2.02,0.00,0.00,0.00,0.00
11:51:15,6,89.90,0.00,8.08,0.00,0.00,2.02,0.00,0.00,0.00,0.00
11:51:15,7,88.89,0.00,8.08,0.00,0.00,3.03,0.00,0.00,0.00,0.00
11:51:15,12,88.12,0.00,8.91,0.00,0.00,2.97,0.00,0.00,0.00,0.00
11:51:15,13,88.89,0.00,8.08,0.00,0.00,3.03,0.00,0.00,0.00,0.00
11:51:15,14,89.00,0.00,8.00,0.00,0.00,3.00,0.00,0.00,0.00,0.00
11:51:15,15,90.00,0.00,7.00,0.00,0.00,3.00,0.00,0.00,0.00,0.00
11:51:16,4,88.00,0.00,9.00,0.00,0.00,3.00,0.00,0.00,0.00,0.00
11:51:16,5,88.12,0.00,8.91,0.00,0.00,2.97,0.00,0.00,0.00,0.00
11:51:16,6,89.00,0.00,9.00,0.00,0.00,2.00,0.00,0.00,0.00,0.00
11:51:16,7,89.00,0.00,9.00,0.00,0.00,2.00,0.00,0.00,0.00,0.00
11:51:16,12,89.00,0.00,8.00,0.00,0.00,3.00,0.00,0.00,0.00,0.00
11:51:16,13,90.10,0.00,6.93,0.00,0.00,2.97,0.00,0.00,0.00,0.00
11:51:16,14,90.00,0.00,7.00,0.00,0.00,3.00,0.00,0.00,0.00,0.00
11:51:16,15,88.00,0.00,9.00,0.00,0.00,3.00,0.00,0.00,0.00,0.00
11:51:17,4,88.89,0.00,9.09,0.00,0.00,2.02,0.00,0.00,0.00,0.00
11:51:17,5,90.91,0.00,7.07,0.00,0.00,2.02,0.00,0.00,0.00,0.00
11:51:17,6,89.00,0.00,7.00,0.00,0.00,4.00,0.00,0.00,0.00,0.00
11:51:17,7,88.00,0.00,9.00,0.00,0.00,3.00,0.00,0.00,0.00,0.00
11:51:17,12,90.91,0.00,6.06,0.00,0.00,3.03,0.00,0.00,0.00,0.00
11:51:17,13,90.00,0.00,8.00,0.00,0.00,2.00,0.00,0.00,0.00,0.00
11:51:17,14,89.00,0.00,9.00,0.00,0.00,2.00,0.00,0.00,0.00,0.00
11:51:17,15,89.00,0.00,9.00,0.00,0.00,2.00,0.00,0.00,0.00,0.00
11:51:18,4,89.11,0.00,6.93,0.00,0.00,3.96,0.00,0.00,0.00,0.00
11:51:18,5,89.11,0.00,7.92,0.00,0.00,2.97,0.00,0.00,0.00,0.00
11:51:18,6,89.11,0.00,7.92,0.00,0.00,2.97,0.00,0.00,0.00,0.00
11:51:18,7,88.12,0.00,8.91,0.00,0.00,2.97,0.00,0.00,0.00,0.00
11:51:18,12,91.00,0.00,8.00,0.00,0.00,1.00,0.00,0.00,0.00,0.00
11:51:18,13,89.11,0.00,7.92,0.00,0.00,2.97,0.00,0.00,0.00,0.00
11:51:18,14,89.00,0.00,8.00,0.00,0.00,3.00,0.00,0.00,0.00,0.00
11:51:18,15,90.91,0.00,7.07,0.00,0.00,2.02,0.00,0.00,0.00,0.00
11:51:19,4,88.00,0.00,9.00,0.00,0.00,2.00,0.00,0.00,0.00,1.00
11:51:19,5,86.00,0.00,10.00,0.00,0.00,4.00,0.00,0.00,0.00,0.00
11:51:19,6,89.00,0.00,8.00,0.00,0.00,2.00,0.00,0.00,0.00,1.00
11:51:19,7,89.00,0.00,7.00,0.00,0.00,3.00,0.00,0.00,0.00,1.00
11:51:19,12,90.00,0.00,6.00,0.00,0.00,3.00,0.00,0.00,0.00,1.00
11:51:19,13,88.89,0.00,8.08,0.00,0.00,2.02,0.00,0.00,0.00,1.01
11:51:19,14,88.00,0.00,9.00,0.00,0.00,2.00,0.00,0.00,0.00,1.00
11:51:19,15,89.00,0.00,7.00,0.00,0.00,3.00,0.00,0.00,0.00,1.00
11:51:20,4,88.00,0.00,8.00,0.00,0.00,4.00,0.00,0.00,0.00,0.00
11:51:20,5,87.88,0.00,9.09,0.00,0.00,3.03,0.00,0.00,0.00,0.00
11:51:20,6,87.00,0.00,9.00,0.00,0.00,4.00,0.00,0.00,0.00,0.00
11:51:20,7,89.00,0.00,8.00,0.00,0.00,3.00,0.00,0.00,0.00,0.00
11:51:20,12,89.11,0.00,7.92,0.00,0.00,2.97,0.00,0.00,0.00,0.00
11:51:20,13,88.00,0.00,9.00,0.00,0.00,3.00,0.00,0.00,0.00,0.00
11:51:20,14,91.00,0.00,7.00,0.00,0.00,2.00,0.00,0.00,0.00,0.00
11:51:20,15,88.00,0.00,9.00,0.00,0.00,3.00,0.00,0.00,0.00,0.00
11:51:21,4,88.12,0.00,8.91,0.00,0.00,2.97,0.00,0.00,0.00,0.00
11:51:21,5,89.00,0.00,8.00,0.00,0.00,3.00,0.00,0.00,0.00,0.00
11:51:21,6,91.92,0.00,6.06,0.00,0.00,2.02,0.00,0.00,0.00,0.00
11:51:21,7,88.00,0.00,9.00,0.00,0.00,3.00,0.00,0.00,0.00,0.00
11:51:21,12,87.88,0.00,9.09,0.00,0.00,3.03,0.00,0.00,0.00,0.00
11:51:21,13,91.00,0.00,7.00,0.00,0.00,2.00,0.00,0.00,0.00,0.00
11:51:21,14,89.00,0.00,9.00,0.00,0.00,2.00,0.00,0.00,0.00,0.00
11:51:21,15,88.12,0.00,8.91,0.00,0.00,2.97,0.00,0.00,0.00,0.00
11:51:22,4,89.00,0.00,8.00,0.00,0.00,3.00,0.00,0.00,0.00,0.00
11:51:22,5,88.00,0.00,8.00,0.00,0.00,4.00,0.00,0.00,0.00,0.00
11:51:22,6,90.10,0.00,6.93,0.00,0.00,2.97,0.00,0.00,0.00,0.00
11:51:22,7,90.91,0.00,7.07,0.00,0.00,2.02,0.00,0.00,0.00,0.00
11:51:22,12,88.00,0.00,9.00,0.00,0.00,3.00,0.00,0.00,0.00,0.00
11:51:22,13,89.00,0.00,8.00,0.00,0.00,3.00,0.00,0.00,0.00,0.00
11:51:22,14,89.90,0.00,9.09,0.00,0.00,1.01,0.00,0.00,0.00,0.00
11:51:22,15,89.90,0.00,7.07,0.00,0.00,3.03,0.00,0.00,0.00,0.00
11:51:23,4,90.91,0.00,7.07,0.00,0.00,2.02,0.00,0.00,0.00,0.00
11:51:23,5,87.88,0.00,10.10,0.00,0.00,2.02,0.00,0.00,0.00,0.00
11:51:23,6,89.90,0.00,8.08,0.00,0.00,2.02,0.00,0.00,0.00,0.00
11:51:23,7,88.00,0.00,9.00,0.00,0.00,3.00,0.00,0.00,0.00,0.00
11:51:23,12,90.00,0.00,7.00,0.00,0.00,3.00,0.00,0.00,0.00,0.00
11:51:23,13,87.00,0.00,10.00,0.00,0.00,3.00,0.00,0.00,0.00,0.00
11:51:23,14,89.00,0.00,8.00,0.00,0.00,3.00,0.00,0.00,0.00,0.00
11:51:23,15,87.13,0.00,8.91,0.00,0.00,2.97,0.00,0.00,0.00,0.99
11:51:24,4,88.89,0.00,8.08,0.00,0.00,3.03,0.00,0.00,0.00,0.00
11:51:24,5,88.12,0.00,8.91,0.00,0.00,2.97,0.00,0.00,0.00,0.00
11:51:24,6,88.00,0.00,10.00,0.00,0.00,2.00,0.00,0.00,0.00,0.00
11:51:24,7,89.00,0.00,8.00,0.00,0.00,3.00,0.00,0.00,0.00,0.00
11:51:24,12,88.89,0.00,9.09,0.00,0.00,2.02,0.00,0.00,0.00,0.00
11:51:24,13,89.90,0.00,8.08,0.00,0.00,2.02,0.00,0.00,0.00,0.00
11:51:24,14,89.00,0.00,8.00,0.00,0.00,3.00,0.00,0.00,0.00,0.00
11:51:24,15,90.00,0.00,7.00,0.00,0.00,3.00,0.00,0.00,0.00,0.00
11:51:25,4,90.10,0.00,6.93,0.00,0.00,2.97,0.00,0.00,0.00,0.00
11:51:25,5,87.00,0.00,9.00,0.00,0.00,4.00,0.00,0.00,0.00,0.00
11:51:25,6,89.00,0.00,9.00,0.00,0.00,2.00,0.00,0.00,0.00,0.00
11:51:25,7,88.89,0.00,9.09,0.00,0.00,2.02,0.00,0.00,0.00,0.00
11:51:25,12,88.12,0.00,7.92,0.00,0.00,3.96,0.00,0.00,0.00,0.00
11:51:25,13,91.00,0.00,7.00,0.00,0.00,2.00,0.00,0.00,0.00,0.00
11:51:25,14,90.00,0.00,8.00,0.00,0.00,2.00,0.00,0.00,0.00,0.00
11:51:25,15,90.00,0.00,8.00,0.00,0.00,2.00,0.00,0.00,0.00,0.00
11:51:26,4,88.89,0.00,8.08,0.00,0.00,3.03,0.00,0.00,0.00,0.00
11:51:26,5,88.12,0.00,7.92,0.00,0.00,2.97,0.00,0.00,0.00,0.99
11:51:26,6,87.00,0.00,8.00,0.00,0.00,4.00,0.00,0.00,0.00,1.00
11:51:26,7,87.25,0.00,8.82,0.00,0.00,2.94,0.00,0.00,0.00,0.98
11:51:26,12,89.00,0.00,8.00,0.00,0.00,3.00,0.00,0.00,0.00,0.00
11:51:26,13,89.00,0.00,7.00,0.00,0.00,4.00,0.00,0.00,0.00,0.00
11:51:26,14,87.25,0.00,8.82,0.00,0.00,2.94,0.00,0.00,0.00,0.98
11:51:26,15,88.00,0.00,8.00,0.00,0.00,4.00,0.00,0.00,0.00,0.00
11:51:27,4,87.25,0.00,7.84,0.00,0.00,3.92,0.00,0.00,0.00,0.98
11:51:27,5,88.00,0.00,9.00,0.00,0.00,3.00,0.00,0.00,0.00,0.00
11:51:27,6,89.11,0.00,7.92,0.00,0.00,2.97,0.00,0.00,0.00,0.00
11:51:27,7,90.91,0.00,7.07,0.00,0.00,2.02,0.00,0.00,0.00,0.00
11:51:27,12,89.11,0.00,7.92,0.00,0.00,2.97,0.00,0.00,0.00,0.00
11:51:27,13,90.91,0.00,7.07,0.00,0.00,2.02,0.00,0.00,0.00,0.00
11:51:27,14,90.91,0.00,7.07,0.00,0.00,2.02,0.00,0.00,0.00,0.00
11:51:27,15,91.92,0.00,6.06,0.00,0.00,2.02,0.00,0.00,0.00,0.00
11:51:28,4,88.89,0.00,9.09,0.00,0.00,2.02,0.00,0.00,0.00,0.00
11:51:28,5,89.90,0.00,7.07,0.00,0.00,3.03,0.00,0.00,0.00,0.00
11:51:28,6,88.89,0.00,8.08,0.00,0.00,3.03,0.00,0.00,0.00,0.00
11:51:28,7,90.10,0.00,6.93,0.00,0.00,2.97,0.00,0.00,0.00,0.00
11:51:28,12,90.00,0.00,6.00,0.00,0.00,3.00,0.00,0.00,0.00,1.00
11:51:28,13,89.11,0.00,7.92,0.00,0.00,2.97,0.00,0.00,0.00,0.00
11:51:28,14,89.11,0.00,7.92,0.00,0.00,2.97,0.00,0.00,0.00,0.00
11:51:28,15,89.00,0.00,8.00,0.00,0.00,3.00,0.00,0.00,0.00,0.00
11:51:29,4,89.00,0.00,8.00,0.00,0.00,3.00,0.00,0.00,0.00,0.00
11:51:29,5,88.00,0.00,8.00,0.00,0.00,3.00,0.00,0.00,0.00,1.00
11:51:29,6,89.00,0.00,9.00,0.00,0.00,2.00,0.00,0.00,0.00,0.00
11:51:29,7,90.82,0.00,7.14,0.00,0.00,2.04,0.00,0.00,0.00,0.00
11:51:29,12,88.89,0.00,8.08,0.00,0.00,3.03,0.00,0.00,0.00,0.00
11:51:29,13,88.00,0.00,8.00,0.00,0.00,3.00,0.00,0.00,0.00,1.00
11:51:29,14,88.89,0.00,8.08,0.00,0.00,2.02,0.00,0.00,0.00,1.01
11:51:29,15,88.12,0.00,7.92,0.00,0.00,2.97,0.00,0.00,0.00,0.99
11:51:30,4,91.00,0.00,8.00,0.00,0.00,1.00,0.00,0.00,0.00,0.00
11:51:30,5,90.00,0.00,8.00,0.00,0.00,2.00,0.00,0.00,0.00,0.00
11:51:30,6,89.00,0.00,8.00,0.00,0.00,3.00,0.00,0.00,0.00,0.00
11:51:30,7,87.25,0.00,8.82,0.00,0.00,2.94,0.00,0.00,0.00,0.98
11:51:30,12,90.91,0.00,8.08,0.00,0.00,1.01,0.00,0.00,0.00,0.00
11:51:30,13,89.00,0.00,8.00,0.00,0.00,3.00,0.00,0.00,0.00,0.00
11:51:30,14,90.00,0.00,8.00,0.00,0.00,2.00,0.00,0.00,0.00,0.00
11:51:30,15,88.00,0.00,8.00,0.00,0.00,4.00,0.00,0.00,0.00,0.00
11:51:31,4,88.00,0.00,8.00,0.00,0.00,4.00,0.00,0.00,0.00,0.00
11:51:31,5,89.11,0.00,8.91,0.00,0.00,1.98,0.00,0.00,0.00,0.00
11:51:31,6,89.11,0.00,7.92,0.00,0.00,2.97,0.00,0.00,0.00,0.00
11:51:31,7,91.00,0.00,6.00,0.00,0.00,3.00,0.00,0.00,0.00,0.00
11:51:31,12,89.00,0.00,8.00,0.00,0.00,3.00,0.00,0.00,0.00,0.00
11:51:31,13,87.88,0.00,9.09,0.00,0.00,3.03,0.00,0.00,0.00,0.00
11:51:31,14,89.11,0.00,7.92,0.00,0.00,2.97,0.00,0.00,0.00,0.00
11:51:31,15,91.00,0.00,7.00,0.00,0.00,2.00,0.00,0.00,0.00,0.00
11:51:32,4,89.90,0.00,7.07,0.00,0.00,3.03,0.00,0.00,0.00,0.00
11:51:32,5,88.89,0.00,8.08,0.00,0.00,3.03,0.00,0.00,0.00,0.00
11:51:32,6,89.90,0.00,7.07,0.00,0.00,2.02,0.00,0.00,0.00,1.01
11:51:32,7,90.00,0.00,8.00,0.00,0.00,2.00,0.00,0.00,0.00,0.00
11:51:32,12,88.12,0.00,7.92,0.00,0.00,2.97,0.00,0.00,0.00,0.99
11:51:32,13,86.27,0.00,9.80,0.00,0.00,2.94,0.00,0.00,0.00,0.98
11:51:32,14,90.91,0.00,7.07,0.00,0.00,2.02,0.00,0.00,0.00,0.00
11:51:32,15,89.90,0.00,8.08,0.00,0.00,2.02,0.00,0.00,0.00,0.00
11:51:33,4,89.00,0.00,8.00,0.00,0.00,3.00,0.00,0.00,0.00,0.00
11:51:33,5,89.90,0.00,8.08,0.00,0.00,2.02,0.00,0.00,0.00,0.00
11:51:33,6,88.12,0.00,7.92,0.00,0.00,3.96,0.00,0.00,0.00,0.00
11:51:33,7,88.89,0.00,8.08,0.00,0.00,3.03,0.00,0.00,0.00,0.00
11:51:33,12,87.13,0.00,8.91,0.00,0.00,3.96,0.00,0.00,0.00,0.00
11:51:33,13,90.00,0.00,8.00,0.00,0.00,2.00,0.00,0.00,0.00,0.00
11:51:33,14,89.90,0.00,8.08,0.00,0.00,2.02,0.00,0.00,0.00,0.00
11:51:33,15,90.00,0.00,7.00,0.00,0.00,3.00,0.00,0.00,0.00,0.00
11:51:34,4,87.00,0.00,8.00,0.00,0.00,3.00,0.00,0.00,0.00,2.00
11:51:34,5,87.13,0.00,7.92,0.00,0.00,2.97,0.00,0.00,0.00,1.98
11:51:34,6,85.00,0.00,10.00,0.00,0.00,3.00,0.00,0.00,0.00,2.00
11:51:34,7,87.13,0.00,7.92,0.00,0.00,2.97,0.00,0.00,0.00,1.98
11:51:34,12,89.90,0.00,8.08,0.00,0.00,1.01,0.00,0.00,0.00,1.01
11:51:34,13,86.73,0.00,9.18,0.00,0.00,3.06,0.00,0.00,0.00,1.02
11:51:34,14,86.14,0.00,7.92,0.00,0.00,3.96,0.00,0.00,0.00,1.98
11:51:34,15,88.00,0.00,8.00,0.00,0.00,2.00,0.00,0.00,0.00,2.00
11:51:35,4,89.00,0.00,8.00,0.00,0.00,3.00,0.00,0.00,0.00,0.00
11:51:35,5,89.11,0.00,7.92,0.00,0.00,2.97,0.00,0.00,0.00,0.00
11:51:35,6,90.00,0.00,7.00,0.00,0.00,3.00,0.00,0.00,0.00,0.00
11:51:35,7,87.00,0.00,10.00,0.00,0.00,3.00,0.00,0.00,0.00,0.00
11:51:35,12,90.00,0.00,6.00,0.00,0.00,3.00,0.00,0.00,0.00,1.00
11:51:35,13,87.13,0.00,8.91,0.00,0.00,3.96,0.00,0.00,0.00,0.00
11:51:35,14,89.90,0.00,8.08,0.00,0.00,2.02,0.00,0.00,0.00,0.00
11:51:35,15,88.89,0.00,8.08,0.00,0.00,3.03,0.00,0.00,0.00,0.00
11:51:36,4,90.00,0.00,8.00,0.00,0.00,2.00,0.00,0.00,0.00,0.00
11:51:36,5,90.00,0.00,8.00,0.00,0.00,2.00,0.00,0.00,0.00,0.00
11:51:36,6,88.89,0.00,9.09,0.00,0.00,2.02,0.00,0.00,0.00,0.00
11:51:36,7,90.91,0.00,6.06,0.00,0.00,3.03,0.00,0.00,0.00,0.00
11:51:36,12,89.11,0.00,7.92,0.00,0.00,2.97,0.00,0.00,0.00,0.00
11:51:36,13,88.00,0.00,9.00,0.00,0.00,2.00,0.00,0.00,0.00,1.00
11:51:36,14,89.11,0.00,7.92,0.00,0.00,2.97,0.00,0.00,0.00,0.00
11:51:36,15,89.11,0.00,6.93,0.00,0.00,3.96,0.00,0.00,0.00,0.00
11:51:37,4,87.00,0.00,10.00,0.00,0.00,3.00,0.00,0.00,0.00,0.00
11:51:37,5,89.90,0.00,8.08,0.00,0.00,2.02,0.00,0.00,0.00,0.00
11:51:37,6,88.12,0.00,7.92,0.00,0.00,3.96,0.00,0.00,0.00,0.00
11:51:37,7,88.12,0.00,8.91,0.00,0.00,2.97,0.00,0.00,0.00,0.00
11:51:37,12,88.00,0.00,9.00,0.00,0.00,3.00,0.00,0.00,0.00,0.00
11:51:37,13,88.00,0.00,9.00,0.00,0.00,3.00,0.00,0.00,0.00,0.00
11:51:37,14,89.90,0.00,7.07,0.00,0.00,3.03,0.00,0.00,0.00,0.00
11:51:37,15,88.00,0.00,10.00,0.00,0.00,2.00,0.00,0.00,0.00,0.00
11:51:38,4,90.00,0.00,7.00,0.00,0.00,2.00,0.00,0.00,0.00,1.00
11:51:38,5,86.14,0.00,10.89,0.00,0.00,2.97,0.00,0.00,0.00,0.00
11:51:38,6,89.90,0.00,7.07,0.00,0.00,3.03,0.00,0.00,0.00,0.00
11:51:38,7,90.91,0.00,7.07,0.00,0.00,2.02,0.00,0.00,0.00,0.00
11:51:38,12,90.91,0.00,7.07,0.00,0.00,2.02,0.00,0.00,0.00,0.00
11:51:38,13,90.00,0.00,8.00,0.00,0.00,2.00,0.00,0.00,0.00,0.00
11:51:38,14,88.00,0.00,9.00,0.00,0.00,3.00,0.00,0.00,0.00,0.00
11:51:38,15,88.89,0.00,8.08,0.00,0.00,3.03,0.00,0.00,0.00,0.00
11:51:39,4,88.00,0.00,8.00,0.00,0.00,4.00,0.00,0.00,0.00,0.00
11:51:39,5,88.00,0.00,8.00,0.00,0.00,4.00,0.00,0.00,0.00,0.00
11:51:39,6,89.00,0.00,8.00,0.00,0.00,3.00,0.00,0.00,0.00,0.00
11:51:39,7,90.00,0.00,8.00,0.00,0.00,2.00,0.00,0.00,0.00,0.00
11:51:39,12,90.91,0.00,7.07,0.00,0.00,2.02,0.00,0.00,0.00,0.00
11:51:39,13,89.11,0.00,7.92,0.00,0.00,2.97,0.00,0.00,0.00,0.00
11:51:39,14,89.00,0.00,8.00,0.00,0.00,3.00,0.00,0.00,0.00,0.00
11:51:39,15,90.00,0.00,7.00,0.00,0.00,3.00,0.00,0.00,0.00,0.00
11:51:40,4,89.11,0.00,7.92,0.00,0.00,2.97,0.00,0.00,0.00,0.00
11:51:40,5,90.82,0.00,7.14,0.00,0.00,2.04,0.00,0.00,0.00,0.00
11:51:40,6,88.89,0.00,9.09,0.00,0.00,2.02,0.00,0.00,0.00,0.00
11:51:40,7,90.00,0.00,8.00,0.00,0.00,2.00,0.00,0.00,0.00,0.00
11:51:40,12,89.11,0.00,7.92,0.00,0.00,2.97,0.00,0.00,0.00,0.00
11:51:40,13,89.00,0.00,8.00,0.00,0.00,3.00,0.00,0.00,0.00,0.00
11:51:40,14,88.12,0.00,8.91,0.00,0.00,2.97,0.00,0.00,0.00,0.00
11:51:40,15,89.00,0.00,8.00,0.00,0.00,3.00,0.00,0.00,0.00,0.00
11:51:41,4,90.00,0.00,7.00,0.00,0.00,3.00,0.00,0.00,0.00,0.00
11:51:41,5,86.14,0.00,9.90,0.00,0.00,3.96,0.00,0.00,0.00,0.00
11:51:41,6,91.09,0.00,6.93,0.00,0.00,1.98,0.00,0.00,0.00,0.00
11:51:41,7,89.00,0.00,8.00,0.00,0.00,3.00,0.00,0.00,0.00,0.00
11:51:41,12,88.00,0.00,9.00,0.00,0.00,3.00,0.00,0.00,0.00,0.00
11:51:41,13,90.00,0.00,8.00,0.00,0.00,2.00,0.00,0.00,0.00,0.00
11:51:41,14,91.92,0.00,7.07,0.00,0.00,1.01,0.00,0.00,0.00,0.00
11:51:41,15,90.00,0.00,7.00,0.00,0.00,3.00,0.00,0.00,0.00,0.00
11:51:42,4,88.89,0.00,9.09,0.00,0.00,2.02,0.00,0.00,0.00,0.00
11:51:42,5,90.91,0.00,7.07,0.00,0.00,2.02,0.00,0.00,0.00,0.00
11:51:42,6,86.87,0.00,10.10,0.00,0.00,3.03,0.00,0.00,0.00,0.00
11:51:42,7,90.91,0.00,7.07,0.00,0.00,2.02,0.00,0.00,0.00,0.00
11:51:42,12,90.00,0.00,8.00,0.00,0.00,2.00,0.00,0.00,0.00,0.00
11:51:42,13,88.89,0.00,7.07,0.00,0.00,4.04,0.00,0.00,0.00,0.00
11:51:42,14,90.91,0.00,7.07,0.00,0.00,2.02,0.00,0.00,0.00,0.00
11:51:42,15,90.00,0.00,7.00,0.00,0.00,3.00,0.00,0.00,0.00,0.00
11:51:43,4,91.00,0.00,7.00,0.00,0.00,2.00,0.00,0.00,0.00,0.00
11:51:43,5,87.00,0.00,11.00,0.00,0.00,2.00,0.00,0.00,0.00,0.00
11:51:43,6,88.12,0.00,9.90,0.00,0.00,1.98,0.00,0.00,0.00,0.00
11:51:43,7,89.11,0.00,7.92,0.00,0.00,2.97,0.00,0.00,0.00,0.00
11:51:43,12,88.00,0.00,9.00,0.00,0.00,3.00,0.00,0.00,0.00,0.00
11:51:43,13,90.10,0.00,7.92,0.00,0.00,1.98,0.00,0.00,0.00,0.00
11:51:43,14,89.11,0.00,7.92,0.00,0.00,2.97,0.00,0.00,0.00,0.00
11:51:43,15,90.00,0.00,8.00,0.00,0.00,2.00,0.00,0.00,0.00,0.00
11:51:44,4,88.00,0.00,9.00,0.00,0.00,3.00,0.00,0.00,0.00,0.00
11:51:44,5,88.12,0.00,8.91,0.00,0.00,2.97,0.00,0.00,0.00,0.00
11:51:44,6,90.00,0.00,7.00,0.00,0.00,3.00,0.00,0.00,0.00,0.00
11:51:44,7,88.12,0.00,8.91,0.00,0.00,1.98,0.00,0.00,0.00,0.99
11:51:44,12,89.00,0.00,8.00,0.00,0.00,3.00,0.00,0.00,0.00,0.00
11:51:44,13,90.82,0.00,7.14,0.00,0.00,2.04,0.00,0.00,0.00,0.00
11:51:44,14,88.00,0.00,9.00,0.00,0.00,2.00,0.00,0.00,0.00,1.00
11:51:44,15,90.00,0.00,6.00,0.00,0.00,3.00,0.00,0.00,0.00,1.00
11:51:45,4,92.00,0.00,6.00,0.00,0.00,2.00,0.00,0.00,0.00,0.00
11:51:45,5,88.89,0.00,9.09,0.00,0.00,2.02,0.00,0.00,0.00,0.00
11:51:45,6,89.00,0.00,8.00,0.00,0.00,3.00,0.00,0.00,0.00,0.00
11:51:45,7,89.90,0.00,8.08,0.00,0.00,2.02,0.00,0.00,0.00,0.00
11:51:45,12,87.88,0.00,8.08,0.00,0.00,4.04,0.00,0.00,0.00,0.00
11:51:45,13,88.12,0.00,8.91,0.00,0.00,2.97,0.00,0.00,0.00,0.00
11:51:45,14,88.12,0.00,8.91,0.00,0.00,2.97,0.00,0.00,0.00,0.00
11:51:45,15,89.11,0.00,6.93,0.00,0.00,3.96,0.00,0.00,0.00,0.00
11:51:46,4,89.90,0.00,7.07,0.00,0.00,3.03,0.00,0.00,0.00,0.00
11:51:46,5,88.24,0.00,7.84,0.00,0.00,2.94,0.00,0.00,0.00,0.98
11:51:46,6,88.89,0.00,8.08,0.00,0.00,3.03,0.00,0.00,0.00,0.00
11:51:46,7,88.00,0.00,8.00,0.00,0.00,4.00,0.00,0.00,0.00,0.00
11:51:46,12,89.00,0.00,9.00,0.00,0.00,2.00,0.00,0.00,0.00,0.00
11:51:46,13,89.11,0.00,7.92,0.00,0.00,2.97,0.00,0.00,0.00,0.00
11:51:46,14,89.00,0.00,7.00,0.00,0.00,4.00,0.00,0.00,0.00,0.00
11:51:46,15,89.90,0.00,8.08,0.00,0.00,2.02,0.00,0.00,0.00,0.00
11:51:47,4,87.00,0.00,10.00,0.00,0.00,3.00,0.00,0.00,0.00,0.00
11:51:47,5,90.91,0.00,7.07,0.00,0.00,2.02,0.00,0.00,0.00,0.00
11:51:47,6,88.12,0.00,7.92,0.00,0.00,2.97,0.00,0.00,0.00,0.99
11:51:47,7,90.00,0.00,7.00,0.00,0.00,3.00,0.00,0.00,0.00,0.00
11:51:47,12,88.00,0.00,8.00,0.00,0.00,4.00,0.00,0.00,0.00,0.00
11:51:47,13,88.89,0.00,9.09,0.00,0.00,2.02,0.00,0.00,0.00,0.00
11:51:47,14,89.00,0.00,8.00,0.00,0.00,3.00,0.00,0.00,0.00,0.00
11:51:47,15,90.10,0.00,6.93,0.00,0.00,2.97,0.00,0.00,0.00,0.00
11:51:48,4,91.00,0.00,7.00,0.00,0.00,2.00,0.00,0.00,0.00,0.00
11:51:48,5,89.00,0.00,8.00,0.00,0.00,3.00,0.00,0.00,0.00,0.00
11:51:48,6,89.00,0.00,8.00,0.00,0.00,3.00,0.00,0.00,0.00,0.00
11:51:48,7,89.90,0.00,8.08,0.00,0.00,2.02,0.00,0.00,0.00,0.00
11:51:48,12,87.88,0.00,9.09,0.00,0.00,3.03,0.00,0.00,0.00,0.00
11:51:48,13,88.00,0.00,9.00,0.00,0.00,3.00,0.00,0.00,0.00,0.00
11:51:48,14,89.80,0.00,8.16,0.00,0.00,2.04,0.00,0.00,0.00,0.00
11:51:48,15,90.91,0.00,7.07,0.00,0.00,2.02,0.00,0.00,0.00,0.00
11:51:49,4,86.00,0.00,11.00,0.00,0.00,2.00,0.00,0.00,0.00,1.00
11:51:49,5,88.00,0.00,10.00,0.00,0.00,2.00,0.00,0.00,0.00,0.00
11:51:49,6,89.90,0.00,7.07,0.00,0.00,3.03,0.00,0.00,0.00,0.00
11:51:49,7,89.00,0.00,8.00,0.00,0.00,3.00,0.00,0.00,0.00,0.00
11:51:49,12,87.13,0.00,8.91,0.00,0.00,2.97,0.00,0.00,0.00,0.99
11:51:49,13,86.00,0.00,9.00,0.00,0.00,4.00,0.00,0.00,0.00,1.00
11:51:49,14,88.12,0.00,7.92,0.00,0.00,2.97,0.00,0.00,0.00,0.99
11:51:49,15,87.00,0.00,10.00,0.00,0.00,3.00,0.00,0.00,0.00,0.00
11:51:50,4,90.00,0.00,8.00,0.00,0.00,2.00,0.00,0.00,0.00,0.00
11:51:50,5,89.00,0.00,8.00,0.00,0.00,3.00,0.00,0.00,0.00,0.00
11:51:50,6,91.00,0.00,7.00,0.00,0.00,2.00,0.00,0.00,0.00,0.00
11:51:50,7,90.10,0.00,6.93,0.00,0.00,1.98,0.00,0.00,0.00,0.99
11:51:50,12,89.00,0.00,9.00,0.00,0.00,2.00,0.00,0.00,0.00,0.00
11:51:50,13,87.00,0.00,10.00,0.00,0.00,3.00,0.00,0.00,0.00,0.00
11:51:50,14,92.00,0.00,6.00,0.00,0.00,2.00,0.00,0.00,0.00,0.00
11:51:50,15,89.00,0.00,8.00,0.00,0.00,3.00,0.00,0.00,0.00,0.00
11:51:51,4,89.00,0.00,8.00,0.00,0.00,3.00,0.00,0.00,0.00,0.00
11:51:51,5,90.10,0.00,6.93,0.00,0.00,2.97,0.00,0.00,0.00,0.00
11:51:51,6,89.11,0.00,7.92,0.00,0.00,2.97,0.00,0.00,0.00,0.00
11:51:51,7,90.00,0.00,6.00,0.00,0.00,4.00,0.00,0.00,0.00,0.00
11:51:51,12,90.00,0.00,7.00,0.00,0.00,3.00,0.00,0.00,0.00,0.00
11:51:51,13,90.00,0.00,8.00,0.00,0.00,2.00,0.00,0.00,0.00,0.00
11:51:51,14,90.00,0.00,8.00,0.00,0.00,2.00,0.00,0.00,0.00,0.00
11:51:51,15,89.00,0.00,8.00,0.00,0.00,2.00,0.00,0.00,0.00,1.00
11:51:52,4,89.00,0.00,8.00,0.00,0.00,3.00,0.00,0.00,0.00,0.00
11:51:52,5,88.89,0.00,9.09,0.00,0.00,2.02,0.00,0.00,0.00,0.00
11:51:52,6,89.00,0.00,9.00,0.00,0.00,2.00,0.00,0.00,0.00,0.00
11:51:52,7,88.00,0.00,9.00,0.00,0.00,3.00,0.00,0.00,0.00,0.00
11:51:52,12,90.10,0.00,5.94,0.00,0.00,3.96,0.00,0.00,0.00,0.00
11:51:52,13,88.00,0.00,8.00,0.00,0.00,4.00,0.00,0.00,0.00,0.00
11:51:52,14,89.00,0.00,8.00,0.00,0.00,3.00,0.00,0.00,0.00,0.00
11:51:52,15,88.12,0.00,7.92,0.00,0.00,3.96,0.00,0.00,0.00,0.00
11:51:53,4,89.00,0.00,8.00,0.00,0.00,3.00,0.00,0.00,0.00,0.00
11:51:53,5,89.00,0.00,8.00,0.00,0.00,3.00,0.00,0.00,0.00,0.00
11:51:53,6,88.00,0.00,8.00,0.00,0.00,3.00,0.00,0.00,0.00,1.00
11:51:53,7,88.89,0.00,8.08,0.00,0.00,3.03,0.00,0.00,0.00,0.00
11:51:53,12,88.89,0.00,8.08,0.00,0.00,3.03,0.00,0.00,0.00,0.00
11:51:53,13,89.90,0.00,8.08,0.00,0.00,2.02,0.00,0.00,0.00,0.00
11:51:53,14,89.00,0.00,8.00,0.00,0.00,3.00,0.00,0.00,0.00,0.00
11:51:53,15,88.89,0.00,7.07,0.00,0.00,4.04,0.00,0.00,0.00,0.00
11:51:54,4,90.00,0.00,8.00,0.00,0.00,2.00,0.00,0.00,0.00,0.00
11:51:54,5,87.88,0.00,9.09,0.00,0.00,3.03,0.00,0.00,0.00,0.00
11:51:54,6,89.90,0.00,7.07,0.00,0.00,3.03,0.00,0.00,0.00,0.00
11:51:54,7,89.00,0.00,8.00,0.00,0.00,3.00,0.00,0.00,0.00,0.00
11:51:54,12,88.12,0.00,7.92,0.00,0.00,2.97,0.00,0.00,0.00,0.99
11:51:54,13,89.11,0.00,7.92,0.00,0.00,2.97,0.00,0.00,0.00,0.00
11:51:54,14,90.00,0.00,8.00,0.00,0.00,2.00,0.00,0.00,0.00,0.00
11:51:54,15,89.00,0.00,9.00,0.00,0.00,2.00,0.00,0.00,0.00,0.00
11:51:55,4,90.00,0.00,7.00,0.00,0.00,3.00,0.00,0.00,0.00,0.00
11:51:55,5,86.14,0.00,10.89,0.00,0.00,2.97,0.00,0.00,0.00,0.00
11:51:55,6,88.00,0.00,9.00,0.00,0.00,3.00,0.00,0.00,0.00,0.00
11:51:55,7,88.00,0.00,9.00,0.00,0.00,3.00,0.00,0.00,0.00,0.00
11:51:55,12,89.00,0.00,8.00,0.00,0.00,3.00,0.00,0.00,0.00,0.00
11:51:55,13,88.89,0.00,8.08,0.00,0.00,3.03,0.00,0.00,0.00,0.00
11:51:55,14,89.00,0.00,9.00,0.00,0.00,2.00,0.00,0.00,0.00,0.00
11:51:55,15,87.13,0.00,9.90,0.00,0.00,2.97,0.00,0.00,0.00,0.00
11:51:56,4,90.00,0.00,8.00,0.00,0.00,2.00,0.00,0.00,0.00,0.00
11:51:56,5,90.91,0.00,7.07,0.00,0.00,2.02,0.00,0.00,0.00,0.00
11:51:56,6,89.11,0.00,7.92,0.00,0.00,2.97,0.00,0.00,0.00,0.00
11:51:56,7,91.00,0.00,7.00,0.00,0.00,2.00,0.00,0.00,0.00,0.00
11:51:56,12,89.00,0.00,8.00,0.00,0.00,3.00,0.00,0.00,0.00,0.00
11:51:56,13,89.90,0.00,8.08,0.00,0.00,2.02,0.00,0.00,0.00,0.00
11:51:56,14,88.00,0.00,8.00,0.00,0.00,4.00,0.00,0.00,0.00,0.00
11:51:56,15,90.91,0.00,7.07,0.00,0.00,2.02,0.00,0.00,0.00,0.00
11:51:57,4,90.00,0.00,7.00,0.00,0.00,3.00,0.00,0.00,0.00,0.00
11:51:57,5,89.11,0.00,7.92,0.00,0.00,2.97,0.00,0.00,0.00,0.00
11:51:57,6,90.91,0.00,7.07,0.00,0.00,2.02,0.00,0.00,0.00,0.00
11:51:57,7,91.00,0.00,7.00,0.00,0.00,2.00,0.00,0.00,0.00,0.00
11:51:57,12,89.00,0.00,8.00,0.00,0.00,3.00,0.00,0.00,0.00,0.00
11:51:57,13,88.12,0.00,8.91,0.00,0.00,2.97,0.00,0.00,0.00,0.00
11:51:57,14,88.89,0.00,9.09,0.00,0.00,2.02,0.00,0.00,0.00,0.00
11:51:57,15,90.00,0.00,8.00,0.00,0.00,2.00,0.00,0.00,0.00,0.00
11:51:58,4,88.00,0.00,8.00,0.00,0.00,3.00,0.00,0.00,0.00,1.00
11:51:58,5,89.90,0.00,8.08,0.00,0.00,2.02,0.00,0.00,0.00,0.00
11:51:58,6,90.10,0.00,6.93,0.00,0.00,2.97,0.00,0.00,0.00,0.00
11:51:58,7,89.90,0.00,7.07,0.00,0.00,3.03,0.00,0.00,0.00,0.00
11:51:58,12,87.88,0.00,9.09,0.00,0.00,3.03,0.00,0.00,0.00,0.00
11:51:58,13,89.11,0.00,6.93,0.00,0.00,2.97,0.00,0.00,0.00,0.99
11:51:58,14,89.11,0.00,7.92,0.00,0.00,2.97,0.00,0.00,0.00,0.00
11:51:58,15,90.00,0.00,8.00,0.00,0.00,2.00,0.00,0.00,0.00,0.00
11:51:59,4,88.00,0.00,9.00,0.00,0.00,3.00,0.00,0.00,0.00,0.00
11:51:59,5,89.00,0.00,8.00,0.00,0.00,3.00,0.00,0.00,0.00,0.00
11:51:59,6,87.00,0.00,9.00,0.00,0.00,4.00,0.00,0.00,0.00,0.00
11:51:59,7,88.12,0.00,8.91,0.00,0.00,2.97,0.00,0.00,0.00,0.00
11:51:59,12,87.13,0.00,9.90,0.00,0.00,2.97,0.00,0.00,0.00,0.00
11:51:59,13,88.00,0.00,9.00,0.00,0.00,3.00,0.00,0.00,0.00,0.00
11:51:59,14,88.00,0.00,8.00,0.00,0.00,3.00,0.00,0.00,0.00,1.00
11:51:59,15,88.89,0.00,9.09,0.00,0.00,2.02,0.00,0.00,0.00,0.00
11:52:00,4,87.13,0.00,8.91,0.00,0.00,3.96,0.00,0.00,0.00,0.00
11:52:00,5,88.12,0.00,8.91,0.00,0.00,2.97,0.00,0.00,0.00,0.00
11:52:00,6,89.00,0.00,9.00,0.00,0.00,2.00,0.00,0.00,0.00,0.00
11:52:00,7,89.11,0.00,7.92,0.00,0.00,2.97,0.00,0.00,0.00,0.00
11:52:00,12,90.00,0.00,8.00,0.00,0.00,2.00,0.00,0.00,0.00,0.00
11:52:00,13,90.00,0.00,8.00,0.00,0.00,2.00,0.00,0.00,0.00,0.00
11:52:00,14,90.00,0.00,8.00,0.00,0.00,2.00,0.00,0.00,0.00,0.00
11:52:00,15,89.11,0.00,7.92,0.00,0.00,2.97,0.00,0.00,0.00,0.00
11:52:01,4,88.89,0.00,9.09,0.00,0.00,2.02,0.00,0.00,0.00,0.00
11:52:01,5,87.13,0.00,8.91,0.00,0.00,2.97,0.00,0.00,0.00,0.99
11:52:01,6,89.00,0.00,9.00,0.00,0.00,2.00,0.00,0.00,0.00,0.00
11:52:01,7,89.00,0.00,8.00,0.00,0.00,2.00,0.00,0.00,0.00,1.00
11:52:01,12,89.00,0.00,8.00,0.00,0.00,3.00,0.00,0.00,0.00,0.00
11:52:01,13,90.00,0.00,8.00,0.00,0.00,2.00,0.00,0.00,0.00,0.00
11:52:01,14,87.13,0.00,8.91,0.00,0.00,3.96,0.00,0.00,0.00,0.00
11:52:01,15,87.00,0.00,10.00,0.00,0.00,3.00,0.00,0.00,0.00,0.00
11:52:02,4,87.00,0.00,9.00,0.00,0.00,4.00,0.00,0.00,0.00,0.00
11:52:02,5,89.80,0.00,8.16,0.00,0.00,2.04,0.00,0.00,0.00,0.00
11:52:02,6,87.00,0.00,9.00,0.00,0.00,3.00,0.00,0.00,0.00,1.00
11:52:02,7,89.90,0.00,7.07,0.00,0.00,3.03,0.00,0.00,0.00,0.00
11:52:02,12,90.91,0.00,7.07,0.00,0.00,2.02,0.00,0.00,0.00,0.00
11:52:02,13,89.90,0.00,7.07,0.00,0.00,3.03,0.00,0.00,0.00,0.00
11:52:02,14,88.89,0.00,8.08,0.00,0.00,3.03,0.00,0.00,0.00,0.00
11:52:02,15,88.00,0.00,8.00,0.00,0.00,3.00,0.00,0.00,0.00,1.00
11:52:03,4,87.88,0.00,9.09,0.00,0.00,3.03,0.00,0.00,0.00,0.00
11:52:03,5,89.00,0.00,9.00,0.00,0.00,2.00,0.00,0.00,0.00,0.00
11:52:03,6,91.92,0.00,6.06,0.00,0.00,2.02,0.00,0.00,0.00,0.00
11:52:03,7,88.89,0.00,8.08,0.00,0.00,3.03,0.00,0.00,0.00,0.00
11:52:03,12,89.00,0.00,9.00,0.00,0.00,2.00,0.00,0.00,0.00,0.00
11:52:03,13,88.00,0.00,9.00,0.00,0.00,3.00,0.00,0.00,0.00,0.00
11:52:03,14,92.00,0.00,6.00,0.00,0.00,2.00,0.00,0.00,0.00,0.00
11:52:03,15,90.91,0.00,7.07,0.00,0.00,2.02,0.00,0.00,0.00,0.00
11:52:04,4,88.12,0.00,8.91,0.00,0.00,2.97,0.00,0.00,0.00,0.00
11:52:04,5,89.00,0.00,8.00,0.00,0.00,3.00,0.00,0.00,0.00,0.00
11:52:04,6,89.00,0.00,8.00,0.00,0.00,3.00,0.00,0.00,0.00,0.00
11:52:04,7,89.00,0.00,9.00,0.00,0.00,2.00,0.00,0.00,0.00,0.00
11:52:04,12,90.00,0.00,8.00,0.00,0.00,2.00,0.00,0.00,0.00,0.00
11:52:04,13,90.00,0.00,8.00,0.00,0.00,2.00,0.00,0.00,0.00,0.00
11:52:04,14,89.00,0.00,8.00,0.00,0.00,3.00,0.00,0.00,0.00,0.00
11:52:04,15,88.12,0.00,8.91,0.00,0.00,2.97,0.00,0.00,0.00,0.00
11:52:05,4,87.13,0.00,8.91,0.00,0.00,2.97,0.00,0.00,0.00,0.99
11:52:05,5,88.12,0.00,7.92,0.00,0.00,3.96,0.00,0.00,0.00,0.00
11:52:05,6,87.00,0.00,9.00,0.00,0.00,4.00,0.00,0.00,0.00,0.00
11:52:05,7,89.11,0.00,7.92,0.00,0.00,2.97,0.00,0.00,0.00,0.00
11:52:05,12,87.00,0.00,9.00,0.00,0.00,4.00,0.00,0.00,0.00,0.00
11:52:05,13,87.13,0.00,8.91,0.00,0.00,3.96,0.00,0.00,0.00,0.00
11:52:05,14,90.00,0.00,7.00,0.00,0.00,3.00,0.00,0.00,0.00,0.00
11:52:05,15,89.90,0.00,8.08,0.00,0.00,2.02,0.00,0.00,0.00,0.00
11:52:06,4,91.84,0.00,6.12,0.00,0.00,2.04,0.00,0.00,0.00,0.00
11:52:06,5,88.89,0.00,9.09,0.00,0.00,2.02,0.00,0.00,0.00,0.00
11:52:06,6,88.00,0.00,9.00,0.00,0.00,3.00,0.00,0.00,0.00,0.00
11:52:06,7,89.90,0.00,8.08,0.00,0.00,2.02,0.00,0.00,0.00,0.00
11:52:06,12,90.00,0.00,7.00,0.00,0.00,3.00,0.00,0.00,0.00,0.00
11:52:06,13,88.89,0.00,9.09,0.00,0.00,2.02,0.00,0.00,0.00,0.00
11:52:06,14,89.90,0.00,8.08,0.00,0.00,2.02,0.00,0.00,0.00,0.00
11:52:06,15,89.00,0.00,7.00,0.00,0.00,4.00,0.00,0.00,0.00,0.00
11:52:07,4,89.11,0.00,9.90,0.00,0.00,0.99,0.00,0.00,0.00,0.00
11:52:07,5,89.90,0.00,7.07,0.00,0.00,3.03,0.00,0.00,0.00,0.00
11:52:07,6,90.00,0.00,7.00,0.00,0.00,3.00,0.00,0.00,0.00,0.00
11:52:07,7,88.00,0.00,9.00,0.00,0.00,3.00,0.00,0.00,0.00,0.00
11:52:07,12,87.00,0.00,9.00,0.00,0.00,3.00,0.00,0.00,0.00,1.00
11:52:07,13,89.00,0.00,8.00,0.00,0.00,3.00,0.00,0.00,0.00,0.00
11:52:07,14,89.11,0.00,7.92,0.00,0.00,2.97,0.00,0.00,0.00,0.00
11:52:07,15,90.00,0.00,7.00,0.00,0.00,3.00,0.00,0.00,0.00,0.00
11:52:08,4,89.00,0.00,7.00,0.00,0.00,4.00,0.00,0.00,0.00,0.00
11:52:08,5,88.12,0.00,8.91,0.00,0.00,2.97,0.00,0.00,0.00,0.00
11:52:08,6,88.00,0.00,9.00,0.00,0.00,3.00,0.00,0.00,0.00,0.00
11:52:08,7,90.00,0.00,8.00,0.00,0.00,2.00,0.00,0.00,0.00,0.00
11:52:08,12,90.10,0.00,7.92,0.00,0.00,1.98,0.00,0.00,0.00,0.00
11:52:08,13,88.00,0.00,10.00,0.00,0.00,2.00,0.00,0.00,0.00,0.00
11:52:08,14,90.00,0.00,6.00,0.00,0.00,3.00,0.00,0.00,0.00,1.00
11:52:08,15,89.00,0.00,8.00,0.00,0.00,3.00,0.00,0.00,0.00,0.00
11:52:09,4,88.89,0.00,8.08,0.00,0.00,3.03,0.00,0.00,0.00,0.00
11:52:09,5,87.13,0.00,8.91,0.00,0.00,2.97,0.00,0.00,0.00,0.99
11:52:09,6,89.00,0.00,8.00,0.00,0.00,3.00,0.00,0.00,0.00,0.00
11:52:09,7,89.00,0.00,8.00,0.00,0.00,3.00,0.00,0.00,0.00,0.00
11:52:09,12,87.88,0.00,9.09,0.00,0.00,3.03,0.00,0.00,0.00,0.00
11:52:09,13,89.00,0.00,7.00,0.00,0.00,3.00,0.00,0.00,0.00,1.00
11:52:09,14,91.00,0.00,7.00,0.00,0.00,2.00,0.00,0.00,0.00,0.00
11:52:09,15,88.00,0.00,8.00,0.00,0.00,4.00,0.00,0.00,0.00,0.00
11:52:10,4,90.00,0.00,8.00,0.00,0.00,2.00,0.00,0.00,0.00,0.00
11:52:10,5,89.90,0.00,8.08,0.00,0.00,2.02,0.00,0.00,0.00,0.00
11:52:10,6,88.00,0.00,9.00,0.00,0.00,3.00,0.00,0.00,0.00,0.00
11:52:10,7,88.00,0.00,9.00,0.00,0.00,2.00,0.00,0.00,0.00,1.00
11:52:10,12,90.00,0.00,8.00,0.00,0.00,2.00,0.00,0.00,0.00,0.00
11:52:10,13,88.12,0.00,8.91,0.00,0.00,2.97,0.00,0.00,0.00,0.00
11:52:10,14,89.00,0.00,8.00,0.00,0.00,3.00,0.00,0.00,0.00,0.00
11:52:10,15,90.00,0.00,8.00,0.00,0.00,2.00,0.00,0.00,0.00,0.00
11:52:11,4,88.00,0.00,9.00,0.00,0.00,3.00,0.00,0.00,0.00,0.00
11:52:11,5,88.12,0.00,7.92,0.00,0.00,3.96,0.00,0.00,0.00,0.00
11:52:11,6,91.92,0.00,6.06,0.00,0.00,2.02,0.00,0.00,0.00,0.00
11:52:11,7,89.11,0.00,7.92,0.00,0.00,2.97,0.00,0.00,0.00,0.00
11:52:11,12,89.00,0.00,8.00,0.00,0.00,3.00,0.00,0.00,0.00,0.00
11:52:11,13,89.00,0.00,8.00,0.00,0.00,3.00,0.00,0.00,0.00,0.00
11:52:11,14,87.13,0.00,9.90,0.00,0.00,2.97,0.00,0.00,0.00,0.00
11:52:11,15,89.00,0.00,8.00,0.00,0.00,3.00,0.00,0.00,0.00,0.00
11:52:12,4,90.00,0.00,8.00,0.00,0.00,2.00,0.00,0.00,0.00,0.00
11:52:12,5,89.90,0.00,9.09,0.00,0.00,1.01,0.00,0.00,0.00,0.00
11:52:12,6,89.22,0.00,7.84,0.00,0.00,1.96,0.00,0.00,0.00,0.98
11:52:12,7,88.89,0.00,8.08,0.00,0.00,3.03,0.00,0.00,0.00,0.00
11:52:12,12,90.91,0.00,7.07,0.00,0.00,2.02,0.00,0.00,0.00,0.00
11:52:12,13,91.92,0.00,7.07,0.00,0.00,1.01,0.00,0.00,0.00,0.00
11:52:12,14,90.00,0.00,8.00,0.00,0.00,2.00,0.00,0.00,0.00,0.00
11:52:12,15,88.12,0.00,8.91,0.00,0.00,1.98,0.00,0.00,0.00,0.99
11:52:13,4,87.00,0.00,9.00,0.00,0.00,3.00,0.00,0.00,0.00,1.00
11:52:13,5,86.27,0.00,8.82,0.00,0.00,3.92,0.00,0.00,0.00,0.98
11:52:13,6,90.82,0.00,7.14,0.00,0.00,2.04,0.00,0.00,0.00,0.00
11:52:13,7,88.12,0.00,7.92,0.00,0.00,2.97,0.00,0.00,0.00,0.99
11:52:13,12,86.14,0.00,9.90,0.00,0.00,3.96,0.00,0.00,0.00,0.00
11:52:13,13,88.12,0.00,7.92,0.00,0.00,2.97,0.00,0.00,0.00,0.99
11:52:13,14,88.89,0.00,7.07,0.00,0.00,3.03,0.00,0.00,0.00,1.01
11:52:13,15,89.80,0.00,8.16,0.00,0.00,2.04,0.00,0.00,0.00,0.00
11:52:14,4,89.00,0.00,9.00,0.00,0.00,2.00,0.00,0.00,0.00,0.00
11:52:14,5,89.90,0.00,8.08,0.00,0.00,2.02,0.00,0.00,0.00,0.00
11:52:14,6,89.00,0.00,8.00,0.00,0.00,3.00,0.00,0.00,0.00,0.00
11:52:14,7,89.90,0.00,8.08,0.00,0.00,2.02,0.00,0.00,0.00,0.00
11:52:14,12,89.90,0.00,8.08,0.00,0.00,2.02,0.00,0.00,0.00,0.00
11:52:14,13,87.88,0.00,9.09,0.00,0.00,3.03,0.00,0.00,0.00,0.00
11:52:14,14,90.10,0.00,6.93,0.00,0.00,2.97,0.00,0.00,0.00,0.00
11:52:14,15,88.12,0.00,8.91,0.00,0.00,2.97,0.00,0.00,0.00,0.00
11:52:15,4,89.11,0.00,8.91,0.00,0.00,1.98,0.00,0.00,0.00,0.00
11:52:15,5,88.89,0.00,9.09,0.00,0.00,2.02,0.00,0.00,0.00,0.00
11:52:15,6,88.12,0.00,7.92,0.00,0.00,2.97,0.00,0.00,0.00,0.99
11:52:15,7,88.12,0.00,7.92,0.00,0.00,3.96,0.00,0.00,0.00,0.00
11:52:15,12,89.00,0.00,8.00,0.00,0.00,3.00,0.00,0.00,0.00,0.00
11:52:15,13,89.00,0.00,9.00,0.00,0.00,2.00,0.00,0.00,0.00,0.00
11:52:15,14,87.88,0.00,10.10,0.00,0.00,2.02,0.00,0.00,0.00,0.00
11:52:15,15,88.12,0.00,7.92,0.00,0.00,2.97,0.00,0.00,0.00,0.99
11:52:16,4,88.89,0.00,8.08,0.00,0.00,3.03,0.00,0.00,0.00,0.00
11:52:16,5,89.11,0.00,7.92,0.00,0.00,2.97,0.00,0.00,0.00,0.00
11:52:16,6,88.12,0.00,8.91,0.00,0.00,2.97,0.00,0.00,0.00,0.00
11:52:16,7,89.90,0.00,8.08,0.00,0.00,2.02,0.00,0.00,0.00,0.00
11:52:16,12,88.00,0.00,9.00,0.00,0.00,3.00,0.00,0.00,0.00,0.00
11:52:16,13,90.00,0.00,7.00,0.00,0.00,3.00,0.00,0.00,0.00,0.00
11:52:16,14,90.91,0.00,7.07,0.00,0.00,2.02,0.00,0.00,0.00,0.00
11:52:16,15,87.88,0.00,9.09,0.00,0.00,3.03,0.00,0.00,0.00,0.00
11:52:17,4,89.00,0.00,9.00,0.00,0.00,2.00,0.00,0.00,0.00,0.00
11:52:17,5,89.00,0.00,8.00,0.00,0.00,3.00,0.00,0.00,0.00,0.00
11:52:17,6,91.92,0.00,6.06,0.00,0.00,2.02,0.00,0.00,0.00,0.00
11:52:17,7,89.00,0.00,9.00,0.00,0.00,2.00,0.00,0.00,0.00,0.00
11:52:17,12,88.12,0.00,8.91,0.00,0.00,1.98,0.00,0.00,0.00,0.99
11:52:17,13,89.11,0.00,7.92,0.00,0.00,2.97,0.00,0.00,0.00,0.00
11:52:17,14,91.09,0.00,6.93,0.00,0.00,1.98,0.00,0.00,0.00,0.00
11:52:17,15,89.00,0.00,8.00,0.00,0.00,3.00,0.00,0.00,0.00,0.00
11:52:18,4,89.00,0.00,8.00,0.00,0.00,3.00,0.00,0.00,0.00,0.00
11:52:18,5,89.90,0.00,8.08,0.00,0.00,2.02,0.00,0.00,0.00,0.00
11:52:18,6,88.00,0.00,9.00,0.00,0.00,3.00,0.00,0.00,0.00,0.00
11:52:18,7,90.00,0.00,7.00,0.00,0.00,3.00,0.00,0.00,0.00,0.00
11:52:18,12,90.00,0.00,7.00,0.00,0.00,3.00,0.00,0.00,0.00,0.00
11:52:18,13,90.91,0.00,7.07,0.00,0.00,2.02,0.00,0.00,0.00,0.00
11:52:18,14,90.00,0.00,8.00,0.00,0.00,2.00,0.00,0.00,0.00,0.00
11:52:18,15,89.00,0.00,8.00,0.00,0.00,3.00,0.00,0.00,0.00,0.00
11:52:19,4,91.92,0.00,6.06,0.00,0.00,2.02,0.00,0.00,0.00,0.00
11:52:19,5,88.89,0.00,8.08,0.00,0.00,3.03,0.00,0.00,0.00,0.00
11:52:19,6,89.90,0.00,8.08,0.00,0.00,2.02,0.00,0.00,0.00,0.00
11:52:19,7,88.00,0.00,9.00,0.00,0.00,3.00,0.00,0.00,0.00,0.00
11:52:19,12,90.00,0.00,7.00,0.00,0.00,3.00,0.00,0.00,0.00,0.00
11:52:19,13,89.11,0.00,7.92,0.00,0.00,2.97,0.00,0.00,0.00,0.00
11:52:19,14,91.00,0.00,6.00,0.00,0.00,3.00,0.00,0.00,0.00,0.00
11:52:19,15,89.11,0.00,7.92,0.00,0.00,2.97,0.00,0.00,0.00,0.00
11:52:20,4,88.00,0.00,9.00,0.00,0.00,2.00,0.00,0.00,0.00,1.00
11:52:20,5,90.10,0.00,6.93,0.00,0.00,2.97,0.00,0.00,0.00,0.00
11:52:20,6,88.12,0.00,8.91,0.00,0.00,2.97,0.00,0.00,0.00,0.00
11:52:20,7,87.13,0.00,8.91,0.00,0.00,2.97,0.00,0.00,0.00,0.99
11:52:20,12,87.88,0.00,9.09,0.00,0.00,3.03,0.00,0.00,0.00,0.00
11:52:20,13,88.89,0.00,8.08,0.00,0.00,3.03,0.00,0.00,0.00,0.00
11:52:20,14,85.15,0.00,9.90,0.00,0.00,3.96,0.00,0.00,0.00,0.99
11:52:20,15,88.89,0.00,8.08,0.00,0.00,3.03,0.00,0.00,0.00,0.00
11:52:21,4,88.24,0.00,8.82,0.00,0.00,2.94,0.00,0.00,0.00,0.00
11:52:21,5,91.00,0.00,7.00,0.00,0.00,2.00,0.00,0.00,0.00,0.00
11:52:21,6,86.00,0.00,11.00,0.00,0.00,3.00,0.00,0.00,0.00,0.00
11:52:21,7,89.00,0.00,7.00,0.00,0.00,4.00,0.00,0.00,0.00,0.00
11:52:21,12,89.00,0.00,8.00,0.00,0.00,3.00,0.00,0.00,0.00,0.00
11:52:21,13,92.00,0.00,6.00,0.00,0.00,2.00,0.00,0.00,0.00,0.00
11:52:21,14,90.00,0.00,7.00,0.00,0.00,3.00,0.00,0.00,0.00,0.00
11:52:21,15,89.90,0.00,8.08,0.00,0.00,2.02,0.00,0.00,0.00,0.00
11:52:22,4,90.91,0.00,7.07,0.00,0.00,2.02,0.00,0.00,0.00,0.00
11:52:22,5,87.13,0.00,8.91,0.00,0.00,2.97,0.00,0.00,0.00,0.99
11:52:22,6,88.89,0.00,8.08,0.00,0.00,3.03,0.00,0.00,0.00,0.00
11:52:22,7,89.00,0.00,8.00,0.00,0.00,3.00,0.00,0.00,0.00,0.00
11:52:22,12,89.11,0.00,7.92,0.00,0.00,2.97,0.00,0.00,0.00,0.00
11:52:22,13,89.00,0.00,7.00,0.00,0.00,3.00,0.00,0.00,0.00,1.00
11:52:22,14,87.88,0.00,9.09,0.00,0.00,3.03,0.00,0.00,0.00,0.00
11:52:22,15,88.12,0.00,8.91,0.00,0.00,2.97,0.00,0.00,0.00,0.00
11:52:23,4,90.00,0.00,8.00,0.00,0.00,2.00,0.00,0.00,0.00,0.00
11:52:23,5,88.89,0.00,8.08,0.00,0.00,3.03,0.00,0.00,0.00,0.00
11:52:23,6,89.00,0.00,8.00,0.00,0.00,3.00,0.00,0.00,0.00,0.00
11:52:23,7,89.90,0.00,8.08,0.00,0.00,2.02,0.00,0.00,0.00,0.00
11:52:23,12,88.00,0.00,9.00,0.00,0.00,3.00,0.00,0.00,0.00,0.00
11:52:23,13,90.00,0.00,8.00,0.00,0.00,2.00,0.00,0.00,0.00,0.00
11:52:23,14,88.12,0.00,8.91,0.00,0.00,2.97,0.00,0.00,0.00,0.00
11:52:23,15,88.00,0.00,9.00,0.00,0.00,3.00,0.00,0.00,0.00,0.00
11:52:24,4,86.00,0.00,10.00,0.00,0.00,4.00,0.00,0.00,0.00,0.00
11:52:24,5,87.00,0.00,10.00,0.00,0.00,3.00,0.00,0.00,0.00,0.00
11:52:24,6,90.00,0.00,8.00,0.00,0.00,2.00,0.00,0.00,0.00,0.00
11:52:24,7,89.11,0.00,7.92,0.00,0.00,2.97,0.00,0.00,0.00,0.00
11:52:24,12,90.91,0.00,7.07,0.00,0.00,2.02,0.00,0.00,0.00,0.00
11:52:24,13,89.90,0.00,8.08,0.00,0.00,2.02,0.00,0.00,0.00,0.00
11:52:24,14,88.89,0.00,8.08,0.00,0.00,3.03,0.00,0.00,0.00,0.00
11:52:24,15,90.00,0.00,7.00,0.00,0.00,2.00,0.00,0.00,0.00,1.00
11:52:25,4,89.90,0.00,7.07,0.00,0.00,3.03,0.00,0.00,0.00,0.00
11:52:25,5,88.00,0.00,8.00,0.00,0.00,4.00,0.00,0.00,0.00,0.00
11:52:25,6,90.10,0.00,7.92,0.00,0.00,0.99,0.00,0.00,0.00,0.99
11:52:25,7,91.00,0.00,7.00,0.00,0.00,2.00,0.00,0.00,0.00,0.00
11:52:25,12,89.00,0.00,8.00,0.00,0.00,3.00,0.00,0.00,0.00,0.00
11:52:25,13,89.11,0.00,7.92,0.00,0.00,2.97,0.00,0.00,0.00,0.00
11:52:25,14,87.00,0.00,9.00,0.00,0.00,4.00,0.00,0.00,0.00,0.00
11:52:25,15,88.12,0.00,7.92,0.00,0.00,3.96,0.00,0.00,0.00,0.00
11:52:26,4,86.14,0.00,10.89,0.00,0.00,2.97,0.00,0.00,0.00,0.00
11:52:26,5,90.91,0.00,7.07,0.00,0.00,2.02,0.00,0.00,0.00,0.00
11:52:26,6,88.00,0.00,8.00,0.00,0.00,4.00,0.00,0.00,0.00,0.00
11:52:26,7,88.00,0.00,9.00,0.00,0.00,3.00,0.00,0.00,0.00,0.00
11:52:26,12,88.12,0.00,9.90,0.00,0.00,1.98,0.00,0.00,0.00,0.00
11:52:26,13,88.00,0.00,9.00,0.00,0.00,3.00,0.00,0.00,0.00,0.00
11:52:26,14,89.00,0.00,8.00,0.00,0.00,3.00,0.00,0.00,0.00,0.00
11:52:26,15,88.00,0.00,9.00,0.00,0.00,3.00,0.00,0.00,0.00,0.00
11:52:27,4,89.00,0.00,8.00,0.00,0.00,3.00,0.00,0.00,0.00,0.00
11:52:27,5,88.12,0.00,7.92,0.00,0.00,3.96,0.00,0.00,0.00,0.00
11:52:27,6,86.87,0.00,10.10,0.00,0.00,3.03,0.00,0.00,0.00,0.00
11:52:27,7,90.00,0.00,8.00,0.00,0.00,2.00,0.00,0.00,0.00,0.00
11:52:27,12,90.00,0.00,7.00,0.00,0.00,3.00,0.00,0.00,0.00,0.00
11:52:27,13,90.00,0.00,7.00,0.00,0.00,3.00,0.00,0.00,0.00,0.00
11:52:27,14,89.90,0.00,8.08,0.00,0.00,2.02,0.00,0.00,0.00,0.00
11:52:27,15,89.00,0.00,9.00,0.00,0.00,2.00,0.00,0.00,0.00,0.00
11:52:28,4,90.00,0.00,7.00,0.00,0.00,3.00,0.00,0.00,0.00,0.00
11:52:28,5,87.00,0.00,10.00,0.00,0.00,3.00,0.00,0.00,0.00,0.00
11:52:28,6,89.00,0.00,8.00,0.00,0.00,3.00,0.00,0.00,0.00,0.00
11:52:28,7,89.00,0.00,8.00,0.00,0.00,3.00,0.00,0.00,0.00,0.00
11:52:28,12,90.91,0.00,7.07,0.00,0.00,2.02,0.00,0.00,0.00,0.00
11:52:28,13,88.00,0.00,8.00,0.00,0.00,4.00,0.00,0.00,0.00,0.00
11:52:28,14,91.00,0.00,6.00,0.00,0.00,3.00,0.00,0.00,0.00,0.00
11:52:28,15,92.00,0.00,6.00,0.00,0.00,2.00,0.00,0.00,0.00,0.00
11:52:29,4,89.00,0.00,8.00,0.00,0.00,3.00,0.00,0.00,0.00,0.00
11:52:29,5,87.00,0.00,10.00,0.00,0.00,3.00,0.00,0.00,0.00,0.00
11:52:29,6,89.00,0.00,8.00,0.00,0.00,3.00,0.00,0.00,0.00,0.00
11:52:29,7,88.89,0.00,9.09,0.00,0.00,2.02,0.00,0.00,0.00,0.00
11:52:29,12,90.00,0.00,7.00,0.00,0.00,2.00,0.00,0.00,0.00,1.00
11:52:29,13,89.00,0.00,7.00,0.00,0.00,4.00,0.00,0.00,0.00,0.00
11:52:29,14,89.11,0.00,8.91,0.00,0.00,1.98,0.00,0.00,0.00,0.00
11:52:29,15,88.00,0.00,10.00,0.00,0.00,2.00,0.00,0.00,0.00,0.00
11:52:30,4,90.00,0.00,8.00,0.00,0.00,2.00,0.00,0.00,0.00,0.00
11:52:30,5,88.00,0.00,8.00,0.00,0.00,4.00,0.00,0.00,0.00,0.00
11:52:30,6,88.00,0.00,9.00,0.00,0.00,3.00,0.00,0.00,0.00,0.00
11:52:30,7,91.00,0.00,7.00,0.00,0.00,2.00,0.00,0.00,0.00,0.00
11:52:30,12,87.13,0.00,8.91,0.00,0.00,3.96,0.00,0.00,0.00,0.00
11:52:30,13,89.90,0.00,8.08,0.00,0.00,2.02,0.00,0.00,0.00,0.00
11:52:30,14,89.00,0.00,8.00,0.00,0.00,3.00,0.00,0.00,0.00,0.00
11:52:30,15,91.92,0.00,6.06,0.00,0.00,2.02,0.00,0.00,0.00,0.00
11:52:31,4,90.91,0.00,7.07,0.00,0.00,2.02,0.00,0.00,0.00,0.00
11:52:31,5,89.90,0.00,9.09,0.00,0.00,1.01,0.00,0.00,0.00,0.00
11:52:31,6,90.20,0.00,6.86,0.00,0.00,2.94,0.00,0.00,0.00,0.00
11:52:31,7,88.00,0.00,8.00,0.00,0.00,4.00,0.00,0.00,0.00,0.00
11:52:31,12,90.91,0.00,7.07,0.00,0.00,2.02,0.00,0.00,0.00,0.00
11:52:31,13,89.11,0.00,7.92,0.00,0.00,2.97,0.00,0.00,0.00,0.00
11:52:31,14,89.00,0.00,8.00,0.00,0.00,3.00,0.00,0.00,0.00,0.00
11:52:31,15,87.00,0.00,9.00,0.00,0.00,4.00,0.00,0.00,0.00,0.00
11:52:32,4,89.11,0.00,7.92,0.00,0.00,2.97,0.00,0.00,0.00,0.00
11:52:32,5,89.11,0.00,8.91,0.00,0.00,1.98,0.00,0.00,0.00,0.00
11:52:32,6,90.91,0.00,7.07,0.00,0.00,2.02,0.00,0.00,0.00,0.00
11:52:32,7,91.00,0.00,7.00,0.00,0.00,2.00,0.00,0.00,0.00,0.00
11:52:32,12,90.00,0.00,8.00,0.00,0.00,2.00,0.00,0.00,0.00,0.00
11:52:32,13,88.89,0.00,8.08,0.00,0.00,3.03,0.00,0.00,0.00,0.00
11:52:32,14,89.00,0.00,9.00,0.00,0.00,2.00,0.00,0.00,0.00,0.00
11:52:32,15,88.00,0.00,9.00,0.00,0.00,3.00,0.00,0.00,0.00,0.00
11:52:33,4,88.12,0.00,7.92,0.99,0.00,1.98,0.00,0.00,0.00,0.99
11:52:33,5,87.00,0.00,9.00,0.00,0.00,3.00,0.00,0.00,0.00,1.00
11:52:33,6,89.90,0.00,7.07,0.00,0.00,2.02,0.00,0.00,0.00,1.01
11:52:33,7,87.00,0.00,9.00,0.00,0.00,3.00,0.00,0.00,0.00,1.00
11:52:33,12,88.00,0.00,9.00,0.00,0.00,2.00,0.00,0.00,0.00,1.00
11:52:33,13,89.00,0.00,7.00,0.00,0.00,3.00,0.00,0.00,0.00,1.00
11:52:33,14,86.00,0.00,10.00,0.00,0.00,3.00,0.00,0.00,0.00,1.00
11:52:33,15,88.12,0.00,8.91,0.00,0.00,1.98,0.00,0.00,0.00,0.99
11:52:34,4,89.90,0.00,8.08,0.00,0.00,2.02,0.00,0.00,0.00,0.00
11:52:34,5,88.89,0.00,9.09,0.00,0.00,2.02,0.00,0.00,0.00,0.00
11:52:34,6,90.00,0.00,7.00,0.00,0.00,3.00,0.00,0.00,0.00,0.00
11:52:34,7,88.00,0.00,10.00,0.00,0.00,2.00,0.00,0.00,0.00,0.00
11:52:34,12,87.13,0.00,7.92,0.00,0.00,4.95,0.00,0.00,0.00,0.00
11:52:34,13,89.11,0.00,7.92,0.00,0.00,2.97,0.00,0.00,0.00,0.00
11:52:34,14,90.00,0.00,7.00,0.00,0.00,3.00,0.00,0.00,0.00,0.00
11:52:34,15,89.90,0.00,8.08,0.00,0.00,2.02,0.00,0.00,0.00,0.00
11:52:35,4,89.00,0.00,8.00,0.00,0.00,3.00,0.00,0.00,0.00,0.00
11:52:35,5,88.12,0.00,7.92,0.00,0.00,3.96,0.00,0.00,0.00,0.00
11:52:35,6,89.00,0.00,8.00,0.00,0.00,3.00,0.00,0.00,0.00,0.00
11:52:35,7,90.00,0.00,7.00,0.00,0.00,3.00,0.00,0.00,0.00,0.00
11:52:35,12,89.00,0.00,9.00,0.00,0.00,2.00,0.00,0.00,0.00,0.00
11:52:35,13,89.90,0.00,8.08,0.00,0.00,2.02,0.00,0.00,0.00,0.00
11:52:35,14,89.00,0.00,9.00,0.00,0.00,2.00,0.00,0.00,0.00,0.00
11:52:35,15,90.00,0.00,7.00,0.00,0.00,3.00,0.00,0.00,0.00,0.00
11:52:36,4,88.12,0.00,7.92,0.00,0.00,3.96,0.00,0.00,0.00,0.00
11:52:36,5,89.90,0.00,8.08,0.00,0.00,2.02,0.00,0.00,0.00,0.00
11:52:36,6,89.90,0.00,8.08,0.00,0.00,2.02,0.00,0.00,0.00,0.00
11:52:36,7,90.00,0.00,7.00,0.00,0.00,3.00,0.00,0.00,0.00,0.00
11:52:36,12,90.00,0.00,7.00,0.00,0.00,3.00,0.00,0.00,0.00,0.00
11:52:36,13,89.00,0.00,8.00,0.00,0.00,3.00,0.00,0.00,0.00,0.00
11:52:36,14,88.00,0.00,8.00,0.00,0.00,3.00,0.00,0.00,0.00,1.00
11:52:36,15,89.90,0.00,9.09,0.00,0.00,1.01,0.00,0.00,0.00,0.00
11:52:37,4,89.00,0.00,8.00,0.00,0.00,3.00,0.00,0.00,0.00,0.00
11:52:37,5,86.27,0.00,7.84,0.00,0.00,4.90,0.00,0.00,0.00,0.98
11:52:37,6,89.00,0.00,8.00,0.00,0.00,3.00,0.00,0.00,0.00,0.00
11:52:37,7,89.00,0.00,7.00,0.00,0.00,3.00,0.00,0.00,0.00,1.00
11:52:37,12,90.91,0.00,7.07,0.00,0.00,2.02,0.00,0.00,0.00,0.00
11:52:37,13,87.25,0.00,8.82,0.00,0.00,2.94,0.00,0.00,0.00,0.98
11:52:37,14,89.00,0.00,9.00,0.00,0.00,2.00,0.00,0.00,0.00,0.00
11:52:37,15,90.00,0.00,7.00,0.00,0.00,3.00,0.00,0.00,0.00,0.00
11:52:38,4,87.88,0.00,9.09,0.00,0.00,3.03,0.00,0.00,0.00,0.00
11:52:38,5,90.91,0.00,6.06,0.00,0.00,3.03,0.00,0.00,0.00,0.00
11:52:38,6,87.13,0.00,9.90,0.00,0.00,2.97,0.00,0.00,0.00,0.00
11:52:38,7,88.00,0.00,9.00,0.00,0.00,3.00,0.00,0.00,0.00,0.00
11:52:38,12,89.00,0.00,8.00,0.00,0.00,3.00,0.00,0.00,0.00,0.00
11:52:38,13,90.91,0.00,6.06,0.00,0.00,3.03,0.00,0.00,0.00,0.00
11:52:38,14,89.90,0.00,7.07,0.00,0.00,3.03,0.00,0.00,0.00,0.00
11:52:38,15,90.10,0.00,6.93,0.00,0.00,2.97,0.00,0.00,0.00,0.00
11:52:39,4,89.11,0.00,7.92,0.00,0.00,1.98,0.00,0.00,0.00,0.99
11:52:39,5,89.00,0.00,9.00,0.00,0.00,2.00,0.00,0.00,0.00,0.00
11:52:39,6,88.89,0.00,8.08,0.00,0.00,3.03,0.00,0.00,0.00,0.00
11:52:39,7,88.12,0.00,8.91,0.00,0.00,2.97,0.00,0.00,0.00,0.00
11:52:39,12,89.00,0.00,8.00,0.00,0.00,3.00,0.00,0.00,0.00,0.00
11:52:39,13,87.13,0.00,9.90,0.00,0.00,2.97,0.00,0.00,0.00,0.00
11:52:39,14,88.12,0.00,8.91,0.00,0.00,2.97,0.00,0.00,0.00,0.00
11:52:39,15,89.90,0.00,8.08,0.00,0.00,2.02,0.00,0.00,0.00,0.00
11:52:40,4,90.00,0.00,7.00,0.00,0.00,3.00,0.00,0.00,0.00,0.00
11:52:40,5,90.00,0.00,8.00,0.00,0.00,2.00,0.00,0.00,0.00,0.00
11:52:40,6,91.00,0.00,7.00,0.00,0.00,2.00,0.00,0.00,0.00,0.00
11:52:40,7,89.90,0.00,7.07,0.00,0.00,3.03,0.00,0.00,0.00,0.00
11:52:40,12,88.00,0.00,10.00,0.00,0.00,2.00,0.00,0.00,0.00,0.00
11:52:40,13,88.89,0.00,8.08,0.00,0.00,3.03,0.00,0.00,0.00,0.00
11:52:40,14,89.90,0.00,8.08,0.00,0.00,2.02,0.00,0.00,0.00,0.00
11:52:40,15,87.13,0.00,8.91,0.00,0.00,3.96,0.00,0.00,0.00,0.00
11:52:41,4,88.00,0.00,9.00,0.00,0.00,3.00,0.00,0.00,0.00,0.00
11:52:41,5,87.88,0.00,9.09,0.00,0.00,3.03,0.00,0.00,0.00,0.00
11:52:41,6,90.00,0.00,7.00,0.00,0.00,3.00,0.00,0.00,0.00,0.00
11:52:41,7,88.00,0.00,9.00,0.00,0.00,3.00,0.00,0.00,0.00,0.00
11:52:41,12,88.00,0.00,9.00,0.00,0.00,3.00,0.00,0.00,0.00,0.00
11:52:41,13,89.90,0.00,7.07,0.00,0.00,3.03,0.00,0.00,0.00,0.00
11:52:41,14,88.12,0.00,8.91,0.00,0.00,2.97,0.00,0.00,0.00,0.00
11:52:41,15,90.91,0.00,7.07,0.00,0.00,2.02,0.00,0.00,0.00,0.00
11:52:42,4,89.00,0.00,8.00,0.00,0.00,3.00,0.00,0.00,0.00,0.00
11:52:42,5,89.00,0.00,9.00,0.00,0.00,2.00,0.00,0.00,0.00,0.00
11:52:42,6,88.00,0.00,9.00,0.00,0.00,3.00,0.00,0.00,0.00,0.00
11:52:42,7,89.00,0.00,8.00,0.00,0.00,3.00,0.00,0.00,0.00,0.00
11:52:42,12,87.00,0.00,9.00,0.00,0.00,4.00,0.00,0.00,0.00,0.00
11:52:42,13,89.11,0.00,7.92,0.00,0.00,2.97,0.00,0.00,0.00,0.00
11:52:42,14,90.91,0.00,7.07,0.00,0.00,2.02,0.00,0.00,0.00,0.00
11:52:42,15,90.91,0.00,7.07,0.00,0.00,2.02,0.00,0.00,0.00,0.00
11:52:43,4,89.00,0.00,7.00,0.00,0.00,4.00,0.00,0.00,0.00,0.00
11:52:43,5,88.12,0.00,8.91,0.00,0.00,2.97,0.00,0.00,0.00,0.00
11:52:43,6,92.00,0.00,6.00,0.00,0.00,2.00,0.00,0.00,0.00,0.00
11:52:43,7,89.90,0.00,8.08,0.00,0.00,2.02,0.00,0.00,0.00,0.00
11:52:43,12,88.00,0.00,9.00,0.00,0.00,3.00,0.00,0.00,0.00,0.00
11:52:43,13,90.91,0.00,7.07,0.00,0.00,2.02,0.00,0.00,0.00,0.00
11:52:43,14,89.11,0.00,7.92,0.00,0.00,2.97,0.00,0.00,0.00,0.00
11:52:43,15,88.12,0.00,7.92,0.00,0.00,2.97,0.00,0.00,0.00,0.99
11:52:44,4,89.11,0.00,7.92,0.00,0.00,2.97,0.00,0.00,0.00,0.00
11:52:44,5,89.00,0.00,9.00,0.00,0.00,2.00,0.00,0.00,0.00,0.00
11:52:44,6,88.00,0.00,9.00,0.00,0.00,2.00,0.00,0.00,0.00,1.00
11:52:44,7,89.00,0.00,8.00,0.00,0.00,3.00,0.00,0.00,0.00,0.00
11:52:44,12,89.00,0.00,9.00,0.00,0.00,2.00,0.00,0.00,0.00,0.00
11:52:44,13,87.00,0.00,10.00,0.00,0.00,3.00,0.00,0.00,0.00,0.00
11:52:44,14,89.90,0.00,8.08,0.00,0.00,2.02,0.00,0.00,0.00,0.00
11:52:44,15,89.11,0.00,7.92,0.00,0.00,2.97,0.00,0.00,0.00,0.00
11:52:45,4,90.82,0.00,7.14,0.00,0.00,2.04,0.00,0.00,0.00,0.00
11:52:45,5,88.00,0.00,9.00,0.00,0.00,3.00,0.00,0.00,0.00,0.00
11:52:45,6,87.25,0.00,9.80,0.00,0.00,2.94,0.00,0.00,0.00,0.00
11:52:45,7,91.09,0.00,6.93,0.00,0.00,1.98,0.00,0.00,0.00,0.00
11:52:45,12,86.87,0.00,9.09,0.00,0.00,4.04,0.00,0.00,0.00,0.00
11:52:45,13,88.00,0.00,9.00,0.00,0.00,3.00,0.00,0.00,0.00,0.00
11:52:45,14,87.00,0.00,10.00,0.00,0.00,3.00,0.00,0.00,0.00,0.00
11:52:45,15,88.89,0.00,9.09,0.00,0.00,2.02,0.00,0.00,0.00,0.00
11:52:46,4,89.11,0.00,8.91,0.00,0.00,1.98,0.00,0.00,0.00,0.00
11:52:46,5,89.90,0.00,8.08,0.00,0.00,2.02,0.00,0.00,0.00,0.00
11:52:46,6,90.82,0.00,7.14,0.00,0.00,2.04,0.00,0.00,0.00,0.00
11:52:46,7,90.91,0.00,7.07,0.00,0.00,2.02,0.00,0.00,0.00,0.00
11:52:46,12,89.00,0.00,8.00,0.00,0.00,3.00,0.00,0.00,0.00,0.00
11:52:46,13,88.12,0.00,7.92,0.00,0.00,3.96,0.00,0.00,0.00,0.00
11:52:46,14,88.12,0.00,7.92,0.00,0.00,3.96,0.00,0.00,0.00,0.00
11:52:46,15,89.00,0.00,8.00,0.00,0.00,3.00,0.00,0.00,0.00,0.00
11:52:47,4,89.00,0.00,8.00,0.00,0.00,3.00,0.00,0.00,0.00,0.00
11:52:47,5,87.13,0.00,9.90,0.00,0.00,2.97,0.00,0.00,0.00,0.00
11:52:47,6,88.12,0.00,8.91,0.00,0.00,2.97,0.00,0.00,0.00,0.00
11:52:47,7,90.10,0.00,6.93,0.00,0.00,2.97,0.00,0.00,0.00,0.00
11:52:47,12,90.00,0.00,7.00,0.00,0.00,3.00,0.00,0.00,0.00,0.00
11:52:47,13,91.00,0.00,7.00,0.00,0.00,2.00,0.00,0.00,0.00,0.00
11:52:47,14,88.89,0.00,9.09,0.00,0.00,2.02,0.00,0.00,0.00,0.00
11:52:47,15,88.00,0.00,9.00,0.00,0.00,3.00,0.00,0.00,0.00,0.00
11:52:48,4,87.88,0.00,7.07,0.00,0.00,3.03,0.00,0.00,0.00,2.02
11:52:48,5,87.00,0.00,8.00,0.00,0.00,3.00,0.00,0.00,0.00,2.00
11:52:48,6,86.87,0.00,9.09,0.00,0.00,3.03,0.00,0.00,0.00,1.01
11:52:48,7,88.00,0.00,8.00,0.00,0.00,2.00,0.00,0.00,0.00,2.00
11:52:48,12,88.00,0.00,7.00,0.00,0.00,3.00,0.00,0.00,0.00,2.00
11:52:48,13,87.88,0.00,8.08,0.00,0.00,2.02,0.00,0.00,0.00,2.02
11:52:48,14,88.00,0.00,7.00,0.00,0.00,3.00,0.00,0.00,0.00,2.00
11:52:48,15,89.00,0.00,7.00,0.00,0.00,2.00,0.00,0.00,0.00,2.00
11:52:49,4,89.00,0.00,7.00,0.00,0.00,4.00,0.00,0.00,0.00,0.00
11:52:49,5,87.88,0.00,9.09,0.00,0.00,3.03,0.00,0.00,0.00,0.00
11:52:49,6,90.00,0.00,6.00,0.00,0.00,3.00,0.00,0.00,0.00,1.00
11:52:49,7,88.89,0.00,8.08,0.00,0.00,2.02,0.00,0.00,0.00,1.01
11:52:49,12,89.00,0.00,7.00,0.00,0.00,3.00,0.00,0.00,0.00,1.00
11:52:49,13,88.00,0.00,8.00,0.00,0.00,4.00,0.00,0.00,0.00,0.00
11:52:49,14,88.00,0.00,8.00,0.00,0.00,3.00,0.00,0.00,0.00,1.00
11:52:49,15,88.00,0.00,10.00,0.00,0.00,2.00,0.00,0.00,0.00,0.00
11:52:50,4,89.90,0.00,8.08,0.00,0.00,2.02,0.00,0.00,0.00,0.00
11:52:50,5,89.00,0.00,8.00,0.00,0.00,3.00,0.00,0.00,0.00,0.00
11:52:50,6,89.00,0.00,9.00,0.00,0.00,2.00,0.00,0.00,0.00,0.00
11:52:50,7,87.13,0.00,8.91,0.00,0.00,3.96,0.00,0.00,0.00,0.00
11:52:50,12,89.00,0.00,8.00,0.00,0.00,3.00,0.00,0.00,0.00,0.00
11:52:50,13,88.12,0.00,7.92,0.00,0.00,2.97,0.00,0.00,0.00,0.99
11:52:50,14,88.00,0.00,9.00,0.00,0.00,3.00,0.00,0.00,0.00,0.00
11:52:50,15,86.87,0.00,11.11,0.00,0.00,2.02,0.00,0.00,0.00,0.00
11:52:51,4,87.13,0.00,9.90,0.00,0.00,2.97,0.00,0.00,0.00,0.00
11:52:51,5,88.12,0.00,8.91,0.00,0.00,1.98,0.00,0.00,0.00,0.99
11:52:51,6,89.00,0.00,8.00,0.00,0.00,3.00,0.00,0.00,0.00,0.00
11:52:51,7,87.88,0.00,9.09,0.00,0.00,3.03,0.00,0.00,0.00,0.00
11:52:51,12,88.00,0.00,10.00,0.00,0.00,2.00,0.00,0.00,0.00,0.00
11:52:51,13,89.90,0.00,8.08,0.00,0.00,2.02,0.00,0.00,0.00,0.00
11:52:51,14,88.00,0.00,10.00,0.00,0.00,2.00,0.00,0.00,0.00,0.00
11:52:51,15,90.10,0.00,6.93,0.00,0.00,2.97,0.00,0.00,0.00,0.00
11:52:52,4,88.00,0.00,9.00,0.00,0.00,3.00,0.00,0.00,0.00,0.00
11:52:52,5,90.00,0.00,8.00,0.00,0.00,2.00,0.00,0.00,0.00,0.00
11:52:52,6,89.00,0.00,9.00,0.00,0.00,2.00,0.00,0.00,0.00,0.00
11:52:52,7,89.11,0.00,8.91,0.00,0.00,1.98,0.00,0.00,0.00,0.00
11:52:52,12,89.00,0.00,8.00,0.00,0.00,3.00,0.00,0.00,0.00,0.00
11:52:52,13,91.00,0.00,6.00,0.00,0.00,3.00,0.00,0.00,0.00,0.00
11:52:52,14,89.11,0.00,8.91,0.00,0.00,1.98,0.00,0.00,0.00,0.00
11:52:52,15,89.00,0.00,8.00,0.00,0.00,3.00,0.00,0.00,0.00,0.00
11:52:53,4,88.00,0.00,7.00,0.00,0.00,2.00,0.00,0.00,0.00,3.00
11:52:53,5,89.90,0.00,7.07,1.01,0.00,2.02,0.00,0.00,0.00,0.00
11:52:53,6,87.13,0.00,6.93,0.00,0.00,2.97,0.00,0.00,0.00,2.97
11:52:53,7,85.86,0.00,9.09,0.00,0.00,3.03,0.00,0.00,0.00,2.02
11:52:53,12,86.00,0.00,8.00,0.00,0.00,4.00,0.00,0.00,0.00,2.00
11:52:53,13,88.00,0.00,7.00,0.00,0.00,3.00,0.00,0.00,0.00,2.00
11:52:53,14,86.87,0.00,8.08,0.00,0.00,3.03,0.00,0.00,0.00,2.02
11:52:53,15,86.00,0.00,8.00,0.00,0.00,3.00,0.00,0.00,0.00,3.00
11:52:54,4,89.11,0.00,7.92,0.00,0.00,2.97,0.00,0.00,0.00,0.00
11:52:54,5,88.12,0.00,8.91,0.00,0.00,1.98,0.00,0.00,0.00,0.99
11:52:54,6,89.00,0.00,8.00,0.00,0.00,3.00,0.00,0.00,0.00,0.00
11:52:54,7,89.00,0.00,8.00,0.00,0.00,3.00,0.00,0.00,0.00,0.00
11:52:54,12,88.12,0.00,8.91,0.00,0.00,2.97,0.00,0.00,0.00,0.00
11:52:54,13,87.13,0.00,8.91,0.00,0.00,3.96,0.00,0.00,0.00,0.00
11:52:54,14,89.11,0.00,7.92,0.00,0.00,2.97,0.00,0.00,0.00,0.00
11:52:54,15,88.00,0.00,9.00,0.00,0.00,3.00,0.00,0.00,0.00,0.00
11:52:55,4,88.00,0.00,9.00,0.00,0.00,3.00,0.00,0.00,0.00,0.00
11:52:55,5,87.00,0.00,10.00,0.00,0.00,3.00,0.00,0.00,0.00,0.00
11:52:55,6,89.11,0.00,7.92,0.00,0.00,2.97,0.00,0.00,0.00,0.00
11:52:55,7,87.88,0.00,10.10,0.00,0.00,2.02,0.00,0.00,0.00,0.00
11:52:55,12,90.91,0.00,7.07,0.00,0.00,2.02,0.00,0.00,0.00,0.00
11:52:55,13,89.00,0.00,8.00,0.00,0.00,3.00,0.00,0.00,0.00,0.00
11:52:55,14,88.89,0.00,9.09,0.00,0.00,2.02,0.00,0.00,0.00,0.00
11:52:55,15,89.00,0.00,8.00,0.00,0.00,3.00,0.00,0.00,0.00,0.00
11:52:56,4,88.89,0.00,8.08,0.00,0.00,3.03,0.00,0.00,0.00,0.00
11:52:56,5,89.00,0.00,8.00,0.00,0.00,3.00,0.00,0.00,0.00,0.00
11:52:56,6,88.78,0.00,9.18,0.00,0.00,2.04,0.00,0.00,0.00,0.00
11:52:56,7,89.11,0.00,7.92,0.00,0.00,2.97,0.00,0.00,0.00,0.00
11:52:56,12,89.11,0.00,7.92,0.00,0.00,2.97,0.00,0.00,0.00,0.00
11:52:56,13,88.89,0.00,9.09,0.00,0.00,2.02,0.00,0.00,0.00,0.00
11:52:56,14,89.00,0.00,8.00,0.00,0.00,3.00,0.00,0.00,0.00,0.00
11:52:56,15,86.87,0.00,10.10,0.00,0.00,3.03,0.00,0.00,0.00,0.00
11:52:57,4,88.12,0.00,8.91,0.00,0.00,2.97,0.00,0.00,0.00,0.00
11:52:57,5,88.89,0.00,9.09,0.00,0.00,2.02,0.00,0.00,0.00,0.00
11:52:57,6,89.11,0.00,7.92,0.00,0.00,2.97,0.00,0.00,0.00,0.00
11:52:57,7,90.00,0.00,8.00,0.00,0.00,2.00,0.00,0.00,0.00,0.00
11:52:57,12,89.00,0.00,9.00,0.00,0.00,2.00,0.00,0.00,0.00,0.00
11:52:57,13,88.00,0.00,9.00,0.00,0.00,3.00,0.00,0.00,0.00,0.00
11:52:57,14,90.00,0.00,7.00,0.00,0.00,3.00,0.00,0.00,0.00,0.00
11:52:57,15,87.13,0.00,8.91,0.00,0.00,3.96,0.00,0.00,0.00,0.00
11:52:58,4,88.89,0.00,6.06,0.00,0.00,3.03,0.00,0.00,0.00,2.02
11:52:58,5,85.15,0.00,9.90,0.00,0.00,2.97,0.00,0.00,0.00,1.98
11:52:58,6,87.88,0.00,8.08,0.00,0.00,2.02,0.00,0.00,0.00,2.02
11:52:58,7,87.00,0.00,7.00,0.00,0.00,3.00,0.00,0.00,0.00,3.00
11:52:58,12,87.88,0.00,8.08,0.00,0.00,2.02,0.00,0.00,0.00,2.02
11:52:58,13,88.00,0.00,8.00,0.00,0.00,2.00,0.00,0.00,0.00,2.00
11:52:58,14,86.14,0.00,8.91,0.00,0.00,1.98,0.00,0.00,0.00,2.97
11:52:58,15,87.88,0.00,8.08,0.00,0.00,2.02,0.00,0.00,0.00,2.02
11:52:59,4,91.09,0.00,7.92,0.00,0.00,0.99,0.00,0.00,0.00,0.00
11:52:59,5,88.00,0.00,9.00,0.00,0.00,3.00,0.00,0.00,0.00,0.00
11:52:59,6,89.00,0.00,8.00,0.00,0.00,3.00,0.00,0.00,0.00,0.00
11:52:59,7,88.12,0.00,9.90,0.00,0.00,1.98,0.00,0.00,0.00,0.00
11:52:59,12,89.90,0.00,8.08,0.00,0.00,2.02,0.00,0.00,0.00,0.00
11:52:59,13,87.00,0.00,10.00,0.00,0.00,3.00,0.00,0.00,0.00,0.00
11:52:59,14,89.90,0.00,8.08,0.00,0.00,2.02,0.00,0.00,0.00,0.00
11:52:59,15,90.00,0.00,7.00,0.00,0.00,3.00,0.00,0.00,0.00,0.00
11:53:00,4,90.00,0.00,7.00,0.00,0.00,3.00,0.00,0.00,0.00,0.00
11:53:00,5,90.00,0.00,7.00,0.00,0.00,3.00,0.00,0.00,0.00,0.00
11:53:00,6,88.00,0.00,9.00,0.00,0.00,3.00,0.00,0.00,0.00,0.00
11:53:00,7,90.91,0.00,7.07,0.00,0.00,2.02,0.00,0.00,0.00,0.00
11:53:00,12,87.25,0.00,8.82,0.00,0.00,2.94,0.00,0.00,0.00,0.98
11:53:00,13,89.11,0.00,6.93,0.00,0.00,2.97,0.00,0.00,0.00,0.99
11:53:00,14,88.12,0.00,7.92,0.00,0.00,3.96,0.00,0.00,0.00,0.00
11:53:00,15,91.00,0.00,6.00,0.00,0.00,3.00,0.00,0.00,0.00,0.00
11:53:01,4,88.89,0.00,8.08,0.00,0.00,3.03,0.00,0.00,0.00,0.00
11:53:01,5,88.00,0.00,8.00,0.00,0.00,4.00,0.00,0.00,0.00,0.00
11:53:01,6,90.00,0.00,7.00,0.00,0.00,3.00,0.00,0.00,0.00,0.00
11:53:01,7,88.00,0.00,9.00,0.00,0.00,3.00,0.00,0.00,0.00,0.00
11:53:01,12,89.00,0.00,8.00,0.00,0.00,3.00,0.00,0.00,0.00,0.00
11:53:01,13,88.00,0.00,9.00,0.00,0.00,3.00,0.00,0.00,0.00,0.00
11:53:01,14,89.90,0.00,8.08,0.00,0.00,2.02,0.00,0.00,0.00,0.00
11:53:01,15,89.00,0.00,8.00,0.00,0.00,3.00,0.00,0.00,0.00,0.00
11:53:02,4,90.10,0.00,6.93,0.00,0.00,2.97,0.00,0.00,0.00,0.00
11:53:02,5,90.00,0.00,7.00,0.00,0.00,3.00,0.00,0.00,0.00,0.00
11:53:02,6,89.00,0.00,9.00,0.00,0.00,2.00,0.00,0.00,0.00,0.00
11:53:02,7,90.10,0.00,7.92,0.00,0.00,1.98,0.00,0.00,0.00,0.00
11:53:02,12,88.00,0.00,8.00,0.00,0.00,4.00,0.00,0.00,0.00,0.00
11:53:02,13,88.00,0.00,9.00,0.00,0.00,3.00,0.00,0.00,0.00,0.00
11:53:02,14,90.00,0.00,8.00,0.00,0.00,2.00,0.00,0.00,0.00,0.00
11:53:02,15,90.00,0.00,8.00,0.00,0.00,2.00,0.00,0.00,0.00,0.00
11:53:03,4,86.87,0.00,8.08,0.00,0.00,3.03,0.00,0.00,0.00,2.02
11:53:03,5,86.87,0.00,8.08,0.00,0.00,3.03,0.00,0.00,0.00,2.02
11:53:03,6,86.14,0.00,8.91,0.00,0.00,2.97,0.00,0.00,0.00,1.98
11:53:03,7,87.88,0.00,8.08,0.00,0.00,2.02,0.00,0.00,0.00,2.02
11:53:03,12,85.86,0.00,10.10,2.02,0.00,2.02,0.00,0.00,0.00,0.00
11:53:03,13,88.89,0.00,7.07,0.00,0.00,2.02,0.00,0.00,0.00,2.02
11:53:03,14,85.15,0.00,9.90,0.00,0.00,2.97,0.00,0.00,0.00,1.98
11:53:03,15,87.13,0.00,6.93,0.00,0.00,2.97,0.00,0.00,0.00,2.97
11:53:04,4,88.89,0.00,9.09,0.00,0.00,2.02,0.00,0.00,0.00,0.00
11:53:04,5,89.00,0.00,7.00,0.00,0.00,4.00,0.00,0.00,0.00,0.00
11:53:04,6,88.89,0.00,7.07,0.00,0.00,3.03,0.00,0.00,0.00,1.01
11:53:04,7,91.92,0.00,6.06,0.00,0.00,2.02,0.00,0.00,0.00,0.00
11:53:04,12,89.00,0.00,8.00,0.00,0.00,3.00,0.00,0.00,0.00,0.00
11:53:04,13,89.00,0.00,8.00,0.00,0.00,3.00,0.00,0.00,0.00,0.00
11:53:04,14,90.91,0.00,7.07,0.00,0.00,2.02,0.00,0.00,0.00,0.00
11:53:04,15,89.00,0.00,9.00,0.00,0.00,2.00,0.00,0.00,0.00,0.00
11:53:05,4,90.20,0.00,5.88,0.00,0.00,2.94,0.00,0.00,0.00,0.98
11:53:05,5,89.00,0.00,8.00,0.00,0.00,2.00,0.00,0.00,0.00,1.00
11:53:05,6,90.10,0.00,7.92,0.00,0.00,1.98,0.00,0.00,0.00,0.00
11:53:05,7,85.29,0.00,9.80,0.00,0.00,3.92,0.00,0.00,0.00,0.98
11:53:05,12,88.12,0.00,7.92,0.00,0.00,2.97,0.00,0.00,0.00,0.99
11:53:05,13,91.00,0.00,7.00,0.00,0.00,2.00,0.00,0.00,0.00,0.00
11:53:05,14,90.00,0.00,8.00,0.00,0.00,2.00,0.00,0.00,0.00,0.00
11:53:05,15,89.90,0.00,7.07,0.00,0.00,3.03,0.00,0.00,0.00,0.00
11:53:06,4,89.00,0.00,8.00,0.00,0.00,3.00,0.00,0.00,0.00,0.00
11:53:06,5,87.13,0.00,9.90,0.00,0.00,2.97,0.00,0.00,0.00,0.00
11:53:06,6,91.00,0.00,6.00,0.00,0.00,3.00,0.00,0.00,0.00,0.00
11:53:06,7,90.91,0.00,6.06,0.00,0.00,3.03,0.00,0.00,0.00,0.00
11:53:06,12,89.00,0.00,9.00,0.00,0.00,2.00,0.00,0.00,0.00,0.00
11:53:06,13,89.90,0.00,8.08,0.00,0.00,2.02,0.00,0.00,0.00,0.00
11:53:06,14,90.00,0.00,7.00,0.00,0.00,3.00,0.00,0.00,0.00,0.00
11:53:06,15,88.00,0.00,9.00,0.00,0.00,3.00,0.00,0.00,0.00,0.00
11:53:07,4,88.00,0.00,8.00,0.00,0.00,4.00,0.00,0.00,0.00,0.00
11:53:07,5,87.88,0.00,9.09,0.00,0.00,3.03,0.00,0.00,0.00,0.00
11:53:07,6,90.91,0.00,7.07,0.00,0.00,2.02,0.00,0.00,0.00,0.00
11:53:07,7,88.00,0.00,10.00,0.00,0.00,2.00,0.00,0.00,0.00,0.00
11:53:07,12,86.00,0.00,10.00,0.00,0.00,4.00,0.00,0.00,0.00,0.00
11:53:07,13,88.24,0.00,7.84,0.00,0.00,2.94,0.00,0.00,0.00,0.98
11:53:07,14,90.00,0.00,8.00,0.00,0.00,2.00,0.00,0.00,0.00,0.00
11:53:07,15,88.12,0.00,8.91,0.00,0.00,2.97,0.00,0.00,0.00,0.00
11:53:08,4,50.51,0.00,4.04,0.00,0.00,1.01,0.00,0.00,0.00,44.44
11:53:08,5,51.00,0.00,6.00,0.00,0.00,1.00,0.00,0.00,0.00,42.00
11:53:08,6,48.51,0.00,4.95,0.00,0.00,1.98,0.00,0.00,0.00,44.55
11:53:08,7,49.00,0.00,5.00,0.00,0.00,2.00,0.00,0.00,0.00,44.00
11:53:08,12,47.47,0.00,6.06,0.00,0.00,2.02,0.00,0.00,0.00,44.44
11:53:08,13,49.00,0.00,5.00,0.00,0.00,2.00,0.00,0.00,0.00,44.00
11:53:08,14,50.00,0.00,4.00,2.00,0.00,2.00,0.00,0.00,0.00,42.00
11:53:08,15,51.52,0.00,4.04,0.00,0.00,0.00,0.00,0.00,0.00,44.44
