02:44:21,CPU,%usr,%nice,%sys,%iowait,%irq,%soft,%steal,%guest,%gnice,%idle
02:44:22,4,42.42,0.00,8.08,0.00,0.00,1.01,0.00,0.00,0.00,48.48
02:44:22,5,51.52,0.00,8.08,2.02,0.00,2.02,0.00,0.00,0.00,36.36
02:44:22,6,41.41,0.00,4.04,0.00,0.00,2.02,0.00,0.00,0.00,52.53
02:44:22,7,40.82,0.00,6.12,0.00,0.00,1.02,0.00,0.00,0.00,52.04
02:44:22,12,42.00,0.00,5.00,0.00,0.00,2.00,0.00,0.00,0.00,51.00
02:44:22,13,41.84,0.00,6.12,0.00,0.00,1.02,0.00,0.00,0.00,51.02
02:44:22,14,38.38,0.00,6.06,0.00,0.00,2.02,0.00,0.00,0.00,53.54
02:44:22,15,42.42,0.00,5.05,0.00,0.00,1.01,0.00,0.00,0.00,51.52
02:44:23,4,80.00,0.00,12.00,0.00,0.00,2.00,0.00,0.00,0.00,6.00
02:44:23,5,81.00,0.00,9.00,0.00,0.00,3.00,0.00,0.00,0.00,7.00
02:44:23,6,80.41,0.00,10.31,0.00,0.00,3.09,0.00,0.00,0.00,6.19
02:44:23,7,83.17,0.00,7.92,0.00,0.00,1.98,0.00,0.00,0.00,6.93
02:44:23,12,82.83,0.00,9.09,0.00,0.00,2.02,0.00,0.00,0.00,6.06
02:44:23,13,83.17,0.00,8.91,0.00,0.00,1.98,0.00,0.00,0.00,5.94
02:44:23,14,82.83,0.00,8.08,0.00,0.00,2.02,0.00,0.00,0.00,7.07
02:44:23,15,80.39,0.00,8.82,0.00,0.00,3.92,0.00,0.00,0.00,6.86
02:44:24,4,81.82,0.00,7.07,0.00,0.00,3.03,0.00,0.00,0.00,8.08
02:44:24,5,81.63,0.00,8.16,0.00,0.00,2.04,0.00,0.00,0.00,8.16
02:44:24,6,80.00,0.00,8.00,0.00,0.00,3.00,0.00,0.00,0.00,9.00
02:44:24,7,81.63,0.00,7.14,0.00,0.00,3.06,0.00,0.00,0.00,8.16
02:44:24,12,80.81,0.00,7.07,0.00,0.00,3.03,0.00,0.00,0.00,9.09
02:44:24,13,81.00,0.00,8.00,0.00,0.00,3.00,0.00,0.00,0.00,8.00
02:44:24,14,80.00,0.00,9.00,0.00,0.00,3.00,0.00,0.00,0.00,8.00
02:44:24,15,81.63,0.00,8.16,0.00,0.00,2.04,0.00,0.00,0.00,8.16
02:44:25,4,79.21,0.00,9.90,0.00,0.00,2.97,0.00,0.00,0.00,7.92
02:44:25,5,79.00,0.00,10.00,0.00,0.00,3.00,0.00,0.00,0.00,8.00
02:44:25,6,82.00,0.00,8.00,0.00,0.00,3.00,0.00,0.00,0.00,7.00
02:44:25,7,80.00,0.00,9.00,0.00,0.00,3.00,0.00,0.00,0.00,8.00
02:44:25,12,81.82,0.00,8.08,0.00,0.00,3.03,0.00,0.00,0.00,7.07
02:44:25,13,81.00,0.00,9.00,0.00,0.00,2.00,0.00,0.00,0.00,8.00
02:44:25,14,79.00,0.00,11.00,0.00,0.00,3.00,0.00,0.00,0.00,7.00
02:44:25,15,81.00,0.00,9.00,0.00,0.00,2.00,0.00,0.00,0.00,8.00
02:44:26,4,81.63,0.00,9.18,0.00,0.00,2.04,0.00,0.00,0.00,7.14
02:44:26,5,81.00,0.00,9.00,0.00,0.00,3.00,0.00,0.00,0.00,7.00
02:44:26,6,80.81,0.00,9.09,0.00,0.00,2.02,0.00,0.00,0.00,8.08
02:44:26,7,81.82,0.00,7.07,0.00,0.00,3.03,0.00,0.00,0.00,8.08
02:44:26,12,81.00,0.00,9.00,0.00,0.00,2.00,0.00,0.00,0.00,8.00
02:44:26,13,80.81,0.00,8.08,0.00,0.00,4.04,0.00,0.00,0.00,7.07
02:44:26,14,81.82,0.00,8.08,0.00,0.00,2.02,0.00,0.00,0.00,8.08
02:44:26,15,80.81,0.00,8.08,0.00,0.00,4.04,0.00,0.00,0.00,7.07
02:44:27,4,81.00,0.00,9.00,0.00,0.00,3.00,0.00,0.00,0.00,7.00
02:44:27,5,82.83,0.00,9.09,0.00,0.00,2.02,0.00,0.00,0.00,6.06
02:44:27,6,80.81,0.00,10.10,0.00,0.00,3.03,0.00,0.00,0.00,6.06
02:44:27,7,80.00,0.00,10.00,0.00,0.00,3.00,0.00,0.00,0.00,7.00
02:44:27,12,84.69,0.00,7.14,0.00,0.00,2.04,0.00,0.00,0.00,6.12
02:44:27,13,82.18,0.00,8.91,0.00,0.00,1.98,0.00,0.00,0.00,6.93
02:44:27,14,81.82,0.00,8.08,0.00,0.00,3.03,0.00,0.00,0.00,7.07
02:44:27,15,81.82,0.00,9.09,0.00,0.00,2.02,0.00,0.00,0.00,7.07
02:44:28,4,81.82,0.00,7.07,0.00,0.00,4.04,0.00,0.00,0.00,7.07
02:44:28,5,79.80,0.00,10.10,0.00,0.00,3.03,0.00,0.00,0.00,7.07
02:44:28,6,80.00,0.00,10.00,0.00,0.00,3.00,0.00,0.00,0.00,7.00
02:44:28,7,81.63,0.00,8.16,0.00,0.00,3.06,0.00,0.00,0.00,7.14
02:44:28,12,81.82,0.00,8.08,0.00,0.00,3.03,0.00,0.00,0.00,7.07
02:44:28,13,82.83,0.00,9.09,0.00,0.00,2.02,0.00,0.00,0.00,6.06
02:44:28,14,81.00,0.00,9.00,0.00,0.00,3.00,0.00,0.00,0.00,7.00
02:44:28,15,80.20,0.00,9.90,0.00,0.00,1.98,0.00,0.00,0.00,7.92
02:44:29,4,81.82,0.00,9.09,0.00,0.00,2.02,0.00,0.00,0.00,7.07
02:44:29,5,80.00,0.00,9.00,0.00,0.00,4.00,0.00,0.00,0.00,7.00
02:44:29,6,80.81,0.00,9.09,0.00,0.00,3.03,0.00,0.00,0.00,7.07
02:44:29,7,81.19,0.00,8.91,0.00,0.00,2.97,0.00,0.00,0.00,6.93
02:44:29,12,82.00,0.00,9.00,0.00,0.00,2.00,0.00,0.00,0.00,7.00
02:44:29,13,81.00,0.00,9.00,0.00,0.00,3.00,0.00,0.00,0.00,7.00
02:44:29,14,80.81,0.00,10.10,0.00,0.00,2.02,0.00,0.00,0.00,7.07
02:44:29,15,79.80,0.00,9.09,0.00,0.00,4.04,0.00,0.00,0.00,7.07
02:44:30,4,80.00,0.00,8.00,0.00,0.00,4.00,0.00,0.00,0.00,8.00
02:44:30,5,82.65,0.00,8.16,0.00,0.00,2.04,0.00,0.00,0.00,7.14
02:44:30,6,81.00,0.00,9.00,0.00,0.00,2.00,0.00,0.00,0.00,8.00
02:44:30,7,82.47,0.00,8.25,0.00,0.00,1.03,0.00,0.00,0.00,8.25
02:44:30,12,81.82,0.00,8.08,0.00,0.00,3.03,0.00,0.00,0.00,7.07
02:44:30,13,80.00,0.00,8.00,0.00,0.00,4.00,0.00,0.00,0.00,8.00
02:44:30,14,80.81,0.00,8.08,0.00,0.00,4.04,0.00,0.00,0.00,7.07
02:44:30,15,81.44,0.00,9.28,0.00,0.00,2.06,0.00,0.00,0.00,7.22
02:44:31,4,82.83,0.00,9.09,0.00,0.00,2.02,0.00,0.00,0.00,6.06
02:44:31,5,82.00,0.00,8.00,0.00,0.00,3.00,0.00,0.00,0.00,7.00
02:44:31,6,83.00,0.00,9.00,0.00,0.00,2.00,0.00,0.00,0.00,6.00
02:44:31,7,81.19,0.00,8.91,0.00,0.00,3.96,0.00,0.00,0.00,5.94
02:44:31,12,83.00,0.00,8.00,0.00,0.00,2.00,0.00,0.00,0.00,7.00
02:44:31,13,81.82,0.00,9.09,0.00,0.00,3.03,0.00,0.00,0.00,6.06
02:44:31,14,82.83,0.00,9.09,0.00,0.00,2.02,0.00,0.00,0.00,6.06
02:44:31,15,83.00,0.00,8.00,0.00,0.00,3.00,0.00,0.00,0.00,6.00
02:44:32,4,79.80,0.00,9.09,0.00,0.00,3.03,0.00,0.00,0.00,8.08
02:44:32,5,79.00,0.00,10.00,0.00,0.00,3.00,0.00,0.00,0.00,8.00
02:44:32,6,81.00,0.00,8.00,0.00,0.00,3.00,0.00,0.00,0.00,8.00
02:44:32,7,79.00,0.00,9.00,0.00,0.00,3.00,0.00,0.00,0.00,9.00
02:44:32,12,79.80,0.00,8.08,0.00,0.00,4.04,0.00,0.00,0.00,8.08
02:44:32,13,79.80,0.00,9.09,0.00,0.00,3.03,0.00,0.00,0.00,8.08
02:44:32,14,82.00,0.00,7.00,0.00,0.00,3.00,0.00,0.00,0.00,8.00
02:44:32,15,80.81,0.00,8.08,0.00,0.00,2.02,0.00,0.00,0.00,9.09
02:44:33,4,83.67,0.00,8.16,0.00,0.00,2.04,0.00,0.00,0.00,6.12
02:44:33,5,82.65,0.00,10.20,0.00,0.00,2.04,0.00,0.00,0.00,5.10
02:44:33,6,83.67,0.00,9.18,0.00,0.00,1.02,0.00,0.00,0.00,6.12
02:44:33,7,83.84,0.00,8.08,0.00,0.00,2.02,0.00,0.00,0.00,6.06
02:44:33,12,83.00,0.00,8.00,0.00,0.00,3.00,0.00,0.00,0.00,6.00
02:44:33,13,81.82,0.00,9.09,0.00,0.00,3.03,0.00,0.00,0.00,6.06
02:44:33,14,83.84,0.00,8.08,0.00,0.00,2.02,0.00,0.00,0.00,6.06
02:44:33,15,82.18,0.00,8.91,0.00,0.00,2.97,0.00,0.00,0.00,5.94
02:44:34,4,80.81,0.00,9.09,0.00,0.00,2.02,0.00,0.00,0.00,8.08
02:44:34,5,79.00,0.00,10.00,0.00,0.00,3.00,0.00,0.00,0.00,8.00
02:44:34,6,78.79,0.00,9.09,0.00,0.00,4.04,0.00,0.00,0.00,8.08
02:44:34,7,81.63,0.00,8.16,0.00,0.00,2.04,0.00,0.00,0.00,8.16
02:44:34,12,80.20,0.00,8.91,0.00,0.00,2.97,0.00,0.00,0.00,7.92
02:44:34,13,81.82,0.00,8.08,0.00,0.00,2.02,0.00,0.00,0.00,8.08
02:44:34,14,80.20,0.00,8.91,0.00,0.00,2.97,0.00,0.00,0.00,7.92
02:44:34,15,80.00,0.00,9.00,0.00,0.00,3.00,0.00,0.00,0.00,8.00
02:44:35,4,78.79,0.00,12.12,0.00,0.00,3.03,0.00,0.00,0.00,6.06
02:44:35,5,80.81,0.00,10.10,0.00,0.00,2.02,0.00,0.00,0.00,7.07
02:44:35,6,81.82,0.00,8.08,0.00,0.00,3.03,0.00,0.00,0.00,7.07
02:44:35,7,80.39,0.00,9.80,0.00,0.00,2.94,0.00,0.00,0.00,6.86
02:44:35,12,83.00,0.00,7.00,0.00,0.00,3.00,0.00,0.00,0.00,7.00
02:44:35,13,81.00,0.00,9.00,0.00,0.00,3.00,0.00,0.00,0.00,7.00
02:44:35,14,81.82,0.00,9.09,0.00,0.00,2.02,0.00,0.00,0.00,7.07
02:44:35,15,82.00,0.00,8.00,0.00,0.00,2.00,0.00,0.00,0.00,8.00
02:44:36,4,81.00,0.00,9.00,0.00,0.00,3.00,0.00,0.00,0.00,7.00
02:44:36,5,81.00,0.00,9.00,0.00,0.00,3.00,0.00,0.00,0.00,7.00
02:44:36,6,81.00,0.00,10.00,0.00,0.00,2.00,0.00,0.00,0.00,7.00
02:44:36,7,82.00,0.00,9.00,0.00,0.00,2.00,0.00,0.00,0.00,7.00
02:44:36,12,81.00,0.00,8.00,0.00,0.00,4.00,0.00,0.00,0.00,7.00
02:44:36,13,80.00,0.00,10.00,0.00,0.00,3.00,0.00,0.00,0.00,7.00
02:44:36,14,80.00,0.00,10.00,0.00,0.00,3.00,0.00,0.00,0.00,7.00
02:44:36,15,80.81,0.00,9.09,0.00,0.00,3.03,0.00,0.00,0.00,7.07
02:44:37,4,80.81,0.00,9.09,0.00,0.00,2.02,0.00,0.00,0.00,8.08
02:44:37,5,80.00,0.00,9.00,0.00,0.00,3.00,0.00,0.00,0.00,8.00
02:44:37,6,82.00,0.00,8.00,0.00,0.00,2.00,0.00,0.00,0.00,8.00
02:44:37,7,80.81,0.00,8.08,0.00,0.00,2.02,0.00,0.00,0.00,9.09
02:44:37,12,82.83,0.00,8.08,0.00,0.00,1.01,0.00,0.00,0.00,8.08
02:44:37,13,80.81,0.00,8.08,0.00,0.00,3.03,0.00,0.00,0.00,8.08
02:44:37,14,81.00,0.00,9.00,0.00,0.00,2.00,0.00,0.00,0.00,8.00
02:44:37,15,81.82,0.00,6.06,0.00,0.00,4.04,0.00,0.00,0.00,8.08
02:44:38,4,81.00,0.00,9.00,0.00,0.00,3.00,0.00,0.00,0.00,7.00
02:44:38,5,79.80,0.00,9.09,0.00,0.00,3.03,0.00,0.00,0.00,8.08
02:44:38,6,81.00,0.00,8.00,0.00,0.00,3.00,0.00,0.00,0.00,8.00
02:44:38,7,80.81,0.00,9.09,0.00,0.00,3.03,0.00,0.00,0.00,7.07
02:44:38,12,80.00,0.00,10.00,0.00,0.00,2.00,0.00,0.00,0.00,8.00
02:44:38,13,82.65,0.00,9.18,0.00,0.00,1.02,0.00,0.00,0.00,7.14
02:44:38,14,78.00,0.00,10.00,0.00,0.00,4.00,0.00,0.00,0.00,8.00
02:44:38,15,81.19,0.00,7.92,0.00,0.00,2.97,0.00,0.00,0.00,7.92
02:44:39,4,81.63,0.00,9.18,0.00,0.00,2.04,0.00,0.00,0.00,7.14
02:44:39,5,84.85,0.00,7.07,0.00,0.00,2.02,0.00,0.00,0.00,6.06
02:44:39,6,83.00,0.00,8.00,0.00,0.00,2.00,0.00,0.00,0.00,7.00
02:44:39,7,82.18,0.00,7.92,0.00,0.00,2.97,0.00,0.00,0.00,6.93
02:44:39,12,83.00,0.00,8.00,0.00,0.00,3.00,0.00,0.00,0.00,6.00
02:44:39,13,82.00,0.00,8.00,0.00,0.00,3.00,0.00,0.00,0.00,7.00
02:44:39,14,81.00,0.00,10.00,0.00,0.00,2.00,0.00,0.00,0.00,7.00
02:44:39,15,80.00,0.00,10.00,0.00,0.00,3.00,0.00,0.00,0.00,7.00
02:44:40,4,80.00,0.00,9.00,0.00,0.00,3.00,0.00,0.00,0.00,8.00
02:44:40,5,81.82,0.00,7.07,0.00,0.00,3.03,0.00,0.00,0.00,8.08
02:44:40,6,79.80,0.00,8.08,0.00,0.00,4.04,0.00,0.00,0.00,8.08
02:44:40,7,80.61,0.00,9.18,0.00,0.00,2.04,0.00,0.00,0.00,8.16
02:44:40,12,82.47,0.00,7.22,0.00,0.00,2.06,0.00,0.00,0.00,8.25
02:44:40,13,81.00,0.00,8.00,0.00,0.00,3.00,0.00,0.00,0.00,8.00
02:44:40,14,82.83,0.00,8.08,0.00,0.00,2.02,0.00,0.00,0.00,7.07
02:44:40,15,82.00,0.00,8.00,0.00,0.00,2.00,0.00,0.00,0.00,8.00
02:44:41,4,82.83,0.00,7.07,0.00,0.00,2.02,0.00,0.00,0.00,8.08
02:44:41,5,79.41,0.00,7.84,0.00,0.00,3.92,0.00,0.00,0.00,8.82
02:44:41,6,80.81,0.00,8.08,0.00,0.00,3.03,0.00,0.00,0.00,8.08
02:44:41,7,79.21,0.00,7.92,0.00,0.00,3.96,0.00,0.00,0.00,8.91
02:44:41,12,80.20,0.00,8.91,0.00,0.00,1.98,0.00,0.00,0.00,8.91
02:44:41,13,82.00,0.00,8.00,0.00,0.00,2.00,0.00,0.00,0.00,8.00
02:44:41,14,80.20,0.00,8.91,0.00,0.00,1.98,0.00,0.00,0.00,8.91
02:44:41,15,80.81,0.00,8.08,0.00,0.00,2.02,0.00,0.00,0.00,9.09
02:44:42,4,80.81,0.00,8.08,0.00,0.00,4.04,0.00,0.00,0.00,7.07
02:44:42,5,81.63,0.00,9.18,0.00,0.00,2.04,0.00,0.00,0.00,7.14
02:44:42,6,79.00,0.00,10.00,0.00,0.00,3.00,0.00,0.00,0.00,8.00
02:44:42,7,81.82,0.00,8.08,0.00,0.00,2.02,0.00,0.00,0.00,8.08
02:44:42,12,80.81,0.00,9.09,0.00,0.00,3.03,0.00,0.00,0.00,7.07
02:44:42,13,83.67,0.00,6.12,0.00,0.00,2.04,0.00,0.00,0.00,8.16
02:44:42,14,82.65,0.00,8.16,0.00,0.00,2.04,0.00,0.00,0.00,7.14
02:44:42,15,81.00,0.00,8.00,0.00,0.00,3.00,0.00,0.00,0.00,8.00
02:44:43,4,81.63,0.00,8.16,0.00,0.00,3.06,0.00,0.00,0.00,7.14
02:44:43,5,81.00,0.00,9.00,0.00,0.00,3.00,0.00,0.00,0.00,7.00
02:44:43,6,82.83,0.00,7.07,0.00,0.00,3.03,0.00,0.00,0.00,7.07
02:44:43,7,80.81,0.00,9.09,0.00,0.00,2.02,0.00,0.00,0.00,8.08
02:44:43,12,82.65,0.00,8.16,0.00,0.00,2.04,0.00,0.00,0.00,7.14
02:44:43,13,81.19,0.00,9.90,0.00,0.00,1.98,0.00,0.00,0.00,6.93
02:44:43,14,82.00,0.00,8.00,0.00,0.00,3.00,0.00,0.00,0.00,7.00
02:44:43,15,80.00,0.00,10.00,0.00,0.00,3.00,0.00,0.00,0.00,7.00
02:44:44,4,79.21,0.00,8.91,0.00,0.00,3.96,0.00,0.00,0.00,7.92
02:44:44,5,81.82,0.00,9.09,0.00,0.00,2.02,0.00,0.00,0.00,7.07
02:44:44,6,81.19,0.00,8.91,0.00,0.00,1.98,0.00,0.00,0.00,7.92
02:44:44,7,82.00,0.00,8.00,0.00,0.00,3.00,0.00,0.00,0.00,7.00
02:44:44,12,80.00,0.00,9.00,0.00,0.00,3.00,0.00,0.00,0.00,8.00
02:44:44,13,82.65,0.00,8.16,0.00,0.00,3.06,0.00,0.00,0.00,6.12
02:44:44,14,81.82,0.00,8.08,0.00,0.00,2.02,0.00,0.00,0.00,8.08
02:44:44,15,81.82,0.00,8.08,0.00,0.00,2.02,0.00,0.00,0.00,8.08
02:44:45,4,79.00,0.00,10.00,0.00,0.00,3.00,0.00,0.00,0.00,8.00
02:44:45,5,79.80,0.00,9.09,0.00,0.00,2.02,0.00,0.00,0.00,9.09
02:44:45,6,82.65,0.00,6.12,0.00,0.00,3.06,0.00,0.00,0.00,8.16
02:44:45,7,79.80,0.00,9.09,0.00,0.00,2.02,0.00,0.00,0.00,9.09
02:44:45,12,79.80,0.00,10.10,0.00,0.00,2.02,0.00,0.00,0.00,8.08
02:44:45,13,80.81,0.00,7.07,0.00,0.00,3.03,0.00,0.00,0.00,9.09
02:44:45,14,81.00,0.00,7.00,0.00,0.00,3.00,0.00,0.00,0.00,9.00
02:44:45,15,82.83,0.00,8.08,0.00,0.00,1.01,0.00,0.00,0.00,8.08
02:44:46,4,80.81,0.00,8.08,0.00,0.00,3.03,0.00,0.00,0.00,8.08
02:44:46,5,82.65,0.00,7.14,0.00,0.00,3.06,0.00,0.00,0.00,7.14
02:44:46,6,80.20,0.00,8.91,0.00,0.00,2.97,0.00,0.00,0.00,7.92
02:44:46,7,81.19,0.00,7.92,0.00,0.00,2.97,0.00,0.00,0.00,7.92
02:44:46,12,81.82,0.00,8.08,0.00,0.00,2.02,0.00,0.00,0.00,8.08
02:44:46,13,83.84,0.00,7.07,0.00,0.00,2.02,0.00,0.00,0.00,7.07
02:44:46,14,81.82,0.00,8.08,0.00,0.00,3.03,0.00,0.00,0.00,7.07
02:44:46,15,82.00,0.00,7.00,0.00,0.00,3.00,0.00,0.00,0.00,8.00
02:44:47,4,81.82,0.00,8.08,0.00,0.00,3.03,0.00,0.00,0.00,7.07
02:44:47,5,81.00,0.00,8.00,0.00,0.00,3.00,0.00,0.00,0.00,8.00
02:44:47,6,81.63,0.00,8.16,0.00,0.00,3.06,0.00,0.00,0.00,7.14
02:44:47,7,81.82,0.00,8.08,0.00,0.00,2.02,0.00,0.00,0.00,8.08
02:44:47,12,80.00,0.00,10.00,0.00,0.00,2.00,0.00,0.00,0.00,8.00
02:44:47,13,81.00,0.00,8.00,0.00,0.00,3.00,0.00,0.00,0.00,8.00
02:44:47,14,79.00,0.00,9.00,0.00,0.00,4.00,0.00,0.00,0.00,8.00
02:44:47,15,80.81,0.00,9.09,0.00,0.00,2.02,0.00,0.00,0.00,8.08
02:44:48,4,81.82,0.00,8.08,0.00,0.00,3.03,0.00,0.00,0.00,7.07
02:44:48,5,79.80,0.00,10.10,0.00,0.00,3.03,0.00,0.00,0.00,7.07
02:44:48,6,79.00,0.00,10.00,0.00,0.00,3.00,0.00,0.00,0.00,8.00
02:44:48,7,82.00,0.00,8.00,0.00,0.00,3.00,0.00,0.00,0.00,7.00
02:44:48,12,82.18,0.00,8.91,0.00,0.00,1.98,0.00,0.00,0.00,6.93
02:44:48,13,82.00,0.00,7.00,0.00,0.00,3.00,0.00,0.00,0.00,8.00
02:44:48,14,82.00,0.00,8.00,0.00,0.00,2.00,0.00,0.00,0.00,8.00
02:44:48,15,80.81,0.00,8.08,0.00,0.00,3.03,0.00,0.00,0.00,8.08
02:44:49,4,80.20,0.00,9.90,0.00,0.00,2.97,0.00,0.00,0.00,6.93
02:44:49,5,80.81,0.00,10.10,0.00,0.00,2.02,0.00,0.00,0.00,7.07
02:44:49,6,81.63,0.00,8.16,0.00,0.00,3.06,0.00,0.00,0.00,7.14
02:44:49,7,81.63,0.00,7.14,0.00,0.00,3.06,0.00,0.00,0.00,8.16
02:44:49,12,79.00,0.00,11.00,0.00,0.00,3.00,0.00,0.00,0.00,7.00
02:44:49,13,81.82,0.00,9.09,0.00,0.00,2.02,0.00,0.00,0.00,7.07
02:44:49,14,82.83,0.00,8.08,0.00,0.00,2.02,0.00,0.00,0.00,7.07
02:44:49,15,82.00,0.00,8.00,0.00,0.00,3.00,0.00,0.00,0.00,7.00
02:44:50,4,80.00,0.00,9.00,0.00,0.00,3.00,0.00,0.00,0.00,8.00
02:44:50,5,82.00,0.00,8.00,0.00,0.00,3.00,0.00,0.00,0.00,7.00
02:44:50,6,81.00,0.00,9.00,0.00,0.00,3.00,0.00,0.00,0.00,7.00
02:44:50,7,82.00,0.00,9.00,0.00,0.00,2.00,0.00,0.00,0.00,7.00
02:44:50,12,81.63,0.00,8.16,0.00,0.00,3.06,0.00,0.00,0.00,7.14
02:44:50,13,81.82,0.00,8.08,0.00,0.00,3.03,0.00,0.00,0.00,7.07
02:44:50,14,82.83,0.00,8.08,0.00,0.00,2.02,0.00,0.00,0.00,7.07
02:44:50,15,79.80,0.00,10.10,0.00,0.00,3.03,0.00,0.00,0.00,7.07
02:44:51,4,81.82,0.00,8.08,0.00,0.00,2.02,0.00,0.00,0.00,8.08
02:44:51,5,82.00,0.00,7.00,0.00,0.00,3.00,0.00,0.00,0.00,8.00
02:44:51,6,79.80,0.00,8.08,0.00,0.00,3.03,0.00,0.00,0.00,9.09
02:44:51,7,81.63,0.00,6.12,0.00,0.00,3.06,0.00,0.00,0.00,9.18
02:44:51,12,80.20,0.00,7.92,0.00,0.00,2.97,0.00,0.00,0.00,8.91
02:44:51,13,82.00,0.00,8.00,0.00,0.00,2.00,0.00,0.00,0.00,8.00
02:44:51,14,78.22,0.00,9.90,0.00,0.00,2.97,0.00,0.00,0.00,8.91
02:44:51,15,80.81,0.00,9.09,0.00,0.00,1.01,0.00,0.00,0.00,9.09
02:44:52,4,81.82,0.00,8.08,0.00,0.00,3.03,0.00,0.00,0.00,7.07
02:44:52,5,81.82,0.00,9.09,0.00,0.00,2.02,0.00,0.00,0.00,7.07
02:44:52,6,80.20,0.00,8.91,0.00,0.00,2.97,0.00,0.00,0.00,7.92
02:44:52,7,82.00,0.00,7.00,0.00,0.00,3.00,0.00,0.00,0.00,8.00
02:44:52,12,82.65,0.00,8.16,0.00,0.00,2.04,0.00,0.00,0.00,7.14
02:44:52,13,82.47,0.00,7.22,0.00,0.00,3.09,0.00,0.00,0.00,7.22
02:44:52,14,82.83,0.00,8.08,0.00,0.00,2.02,0.00,0.00,0.00,7.07
02:44:52,15,82.83,0.00,7.07,0.00,0.00,3.03,0.00,0.00,0.00,7.07
02:44:53,4,82.83,0.00,8.08,0.00,0.00,2.02,0.00,0.00,0.00,7.07
02:44:53,5,80.81,0.00,9.09,0.00,0.00,3.03,0.00,0.00,0.00,7.07
02:44:53,6,80.61,0.00,9.18,0.00,0.00,3.06,0.00,0.00,0.00,7.14
02:44:53,7,81.19,0.00,7.92,0.00,0.00,2.97,0.00,0.00,0.00,7.92
02:44:53,12,81.00,0.00,9.00,0.00,0.00,3.00,0.00,0.00,0.00,7.00
02:44:53,13,79.21,0.00,9.90,0.00,0.00,2.97,0.00,0.00,0.00,7.92
02:44:53,14,80.81,0.00,8.08,0.00,0.00,3.03,0.00,0.00,0.00,8.08
02:44:53,15,82.18,0.00,7.92,0.00,0.00,1.98,0.00,0.00,0.00,7.92
02:44:54,4,83.84,0.00,7.07,0.00,0.00,2.02,0.00,0.00,0.00,7.07
02:44:54,5,81.00,0.00,9.00,0.00,0.00,3.00,0.00,0.00,0.00,7.00
02:44:54,6,80.20,0.00,9.90,0.00,0.00,2.97,0.00,0.00,0.00,6.93
02:44:54,7,81.00,0.00,9.00,0.00,0.00,3.00,0.00,0.00,0.00,7.00
02:44:54,12,80.00,0.00,10.00,0.00,0.00,3.00,0.00,0.00,0.00,7.00
02:44:54,13,81.00,0.00,11.00,0.00,0.00,2.00,0.00,0.00,0.00,6.00
02:44:54,14,80.81,0.00,10.10,0.00,0.00,3.03,0.00,0.00,0.00,6.06
02:44:54,15,83.84,0.00,8.08,0.00,0.00,2.02,0.00,0.00,0.00,6.06
02:44:55,4,80.00,0.00,9.00,0.00,0.00,3.00,0.00,0.00,0.00,8.00
02:44:55,5,81.82,0.00,8.08,0.00,0.00,2.02,0.00,0.00,0.00,8.08
02:44:55,6,80.61,0.00,8.16,0.00,0.00,2.04,0.00,0.00,0.00,9.18
02:44:55,7,79.59,0.00,9.18,0.00,0.00,2.04,0.00,0.00,0.00,9.18
02:44:55,12,81.00,0.00,8.00,0.00,0.00,2.00,0.00,0.00,0.00,9.00
02:44:55,13,81.63,0.00,8.16,0.00,0.00,2.04,0.00,0.00,0.00,8.16
02:44:55,14,80.00,0.00,9.00,0.00,0.00,2.00,0.00,0.00,0.00,9.00
02:44:55,15,80.00,0.00,8.00,0.00,0.00,3.00,0.00,0.00,0.00,9.00
02:44:56,4,82.35,0.00,6.86,0.00,0.00,2.94,0.00,0.00,0.00,7.84
02:44:56,5,81.00,0.00,8.00,0.00,0.00,3.00,0.00,0.00,0.00,8.00
02:44:56,6,82.18,0.00,7.92,0.00,0.00,2.97,0.00,0.00,0.00,6.93
02:44:56,7,81.82,0.00,8.08,0.00,0.00,3.03,0.00,0.00,0.00,7.07
02:44:56,12,83.84,0.00,7.07,0.00,0.00,2.02,0.00,0.00,0.00,7.07
02:44:56,13,79.21,0.00,10.89,0.00,0.00,1.98,0.00,0.00,0.00,7.92
02:44:56,14,81.00,0.00,8.00,0.00,0.00,3.00,0.00,0.00,0.00,8.00
02:44:56,15,81.82,0.00,8.08,0.00,0.00,2.02,0.00,0.00,0.00,8.08
02:44:57,4,83.51,0.00,8.25,0.00,0.00,2.06,0.00,0.00,0.00,6.19
02:44:57,5,83.00,0.00,7.00,0.00,0.00,3.00,0.00,0.00,0.00,7.00
02:44:57,6,82.65,0.00,8.16,0.00,0.00,2.04,0.00,0.00,0.00,7.14
02:44:57,7,80.00,0.00,9.00,0.00,0.00,3.00,0.00,0.00,0.00,8.00
02:44:57,12,82.83,0.00,8.08,0.00,0.00,2.02,0.00,0.00,0.00,7.07
02:44:57,13,83.00,0.00,7.00,0.00,0.00,3.00,0.00,0.00,0.00,7.00
02:44:57,14,82.00,0.00,8.00,0.00,0.00,3.00,0.00,0.00,0.00,7.00
02:44:57,15,82.00,0.00,8.00,0.00,0.00,3.00,0.00,0.00,0.00,7.00
02:44:58,4,81.19,0.00,8.91,0.00,0.00,2.97,0.00,0.00,0.00,6.93
02:44:58,5,82.83,0.00,8.08,0.00,0.00,3.03,0.00,0.00,0.00,6.06
02:44:58,6,82.83,0.00,8.08,0.00,0.00,2.02,0.00,0.00,0.00,7.07
02:44:58,7,79.80,0.00,10.10,0.00,0.00,3.03,0.00,0.00,0.00,7.07
02:44:58,12,83.00,0.00,8.00,0.00,0.00,2.00,0.00,0.00,0.00,7.00
02:44:58,13,82.83,0.00,7.07,0.00,0.00,3.03,0.00,0.00,0.00,7.07
02:44:58,14,83.84,0.00,7.07,0.00,0.00,2.02,0.00,0.00,0.00,7.07
02:44:58,15,79.80,0.00,10.10,0.00,0.00,3.03,0.00,0.00,0.00,7.07
02:44:59,4,81.63,0.00,9.18,0.00,0.00,2.04,0.00,0.00,0.00,7.14
02:44:59,5,80.81,0.00,11.11,0.00,0.00,2.02,0.00,0.00,0.00,6.06
02:44:59,6,83.00,0.00,9.00,0.00,0.00,2.00,0.00,0.00,0.00,6.00
02:44:59,7,82.83,0.00,8.08,0.00,0.00,2.02,0.00,0.00,0.00,7.07
02:44:59,12,81.19,0.00,8.91,0.00,0.00,2.97,0.00,0.00,0.00,6.93
02:44:59,13,81.82,0.00,8.08,0.00,0.00,4.04,0.00,0.00,0.00,6.06
02:44:59,14,81.00,0.00,10.00,0.00,0.00,2.00,0.00,0.00,0.00,7.00
02:44:59,15,80.81,0.00,9.09,0.00,0.00,3.03,0.00,0.00,0.00,7.07
02:45:00,4,80.81,0.00,10.10,0.00,0.00,2.02,0.00,0.00,0.00,7.07
02:45:00,5,80.81,0.00,10.10,0.00,0.00,2.02,0.00,0.00,0.00,7.07
02:45:00,6,81.00,0.00,9.00,0.00,0.00,3.00,0.00,0.00,0.00,7.00
02:45:00,7,82.65,0.00,8.16,0.00,0.00,2.04,0.00,0.00,0.00,7.14
02:45:00,12,82.18,0.00,8.91,0.00,0.00,1.98,0.00,0.00,0.00,6.93
02:45:00,13,81.00,0.00,9.00,0.00,0.00,3.00,0.00,0.00,0.00,7.00
02:45:00,14,82.00,0.00,8.00,0.00,0.00,3.00,0.00,0.00,0.00,7.00
02:45:00,15,79.41,0.00,9.80,0.00,0.00,2.94,0.00,0.00,0.00,7.84
02:45:01,4,81.19,0.00,8.91,0.00,0.00,2.97,0.00,0.00,0.00,6.93
02:45:01,5,82.00,0.00,8.00,0.00,0.00,3.00,0.00,0.00,0.00,7.00
02:45:01,6,81.63,0.00,9.18,0.00,0.00,2.04,0.00,0.00,0.00,7.14
02:45:01,7,82.00,0.00,8.00,0.00,0.00,2.00,0.00,0.00,0.00,8.00
02:45:01,12,82.65,0.00,8.16,0.00,0.00,3.06,0.00,0.00,0.00,6.12
02:45:01,13,81.82,0.00,10.10,0.00,0.00,1.01,0.00,0.00,0.00,7.07
02:45:01,14,83.00,0.00,8.00,0.00,0.00,3.00,0.00,0.00,0.00,6.00
02:45:01,15,81.00,0.00,8.00,0.00,0.00,4.00,0.00,0.00,0.00,7.00
02:45:02,4,80.61,0.00,7.14,0.00,0.00,2.04,0.00,0.00,0.00,10.20
02:45:02,5,80.00,0.00,8.00,0.00,0.00,2.00,0.00,0.00,0.00,10.00
02:45:02,6,78.22,0.00,8.91,0.00,0.00,2.97,0.00,0.00,0.00,9.90
02:45:02,7,79.80,0.00,9.09,0.00,0.00,2.02,0.00,0.00,0.00,9.09
02:45:02,12,81.00,0.00,8.00,0.00,0.00,1.00,0.00,0.00,0.00,10.00
02:45:02,13,80.39,0.00,5.88,0.00,0.00,3.92,0.00,0.00,0.00,9.80
02:45:02,14,79.00,0.00,8.00,0.00,0.00,3.00,0.00,0.00,0.00,10.00
02:45:02,15,80.81,0.00,7.07,0.00,0.00,3.03,0.00,0.00,0.00,9.09
02:45:03,4,81.82,0.00,8.08,0.00,0.00,3.03,0.00,0.00,0.00,7.07
02:45:03,5,80.61,0.00,10.20,0.00,0.00,2.04,0.00,0.00,0.00,7.14
02:45:03,6,80.81,0.00,9.09,0.00,0.00,3.03,0.00,0.00,0.00,7.07
02:45:03,7,82.18,0.00,6.93,0.00,0.00,2.97,0.00,0.00,0.00,7.92
02:45:03,12,80.00,0.00,10.00,0.00,0.00,3.00,0.00,0.00,0.00,7.00
02:45:03,13,82.47,0.00,8.25,0.00,0.00,2.06,0.00,0.00,0.00,7.22
02:45:03,14,82.00,0.00,9.00,0.00,0.00,2.00,0.00,0.00,0.00,7.00
02:45:03,15,81.00,0.00,8.00,0.00,0.00,3.00,0.00,0.00,0.00,8.00
02:45:04,4,83.17,0.00,7.92,0.00,0.00,1.98,0.00,0.00,0.00,6.93
02:45:04,5,80.20,0.00,8.91,0.00,0.00,3.96,0.00,0.00,0.00,6.93
02:45:04,6,80.00,0.00,10.00,0.00,0.00,3.00,0.00,0.00,0.00,7.00
02:45:04,7,82.00,0.00,9.00,0.00,0.00,2.00,0.00,0.00,0.00,7.00
02:45:04,12,82.18,0.00,7.92,0.00,0.00,2.97,0.00,0.00,0.00,6.93
02:45:04,13,82.35,0.00,7.84,0.00,0.00,2.94,0.00,0.00,0.00,6.86
02:45:04,14,81.00,0.00,9.00,0.00,0.00,3.00,0.00,0.00,0.00,7.00
02:45:04,15,81.19,0.00,9.90,0.00,0.00,1.98,0.00,0.00,0.00,6.93
02:45:05,4,83.67,0.00,9.18,0.00,0.00,2.04,0.00,0.00,0.00,5.10
02:45:05,5,83.00,0.00,8.00,0.00,0.00,3.00,0.00,0.00,0.00,6.00
02:45:05,6,85.00,0.00,8.00,0.00,0.00,1.00,0.00,0.00,0.00,6.00
02:45:05,7,82.00,0.00,8.00,0.00,0.00,3.00,0.00,0.00,0.00,7.00
02:45:05,12,83.00,0.00,8.00,0.00,0.00,3.00,0.00,0.00,0.00,6.00
02:45:05,13,81.82,0.00,9.09,0.00,0.00,4.04,0.00,0.00,0.00,5.05
02:45:05,14,81.19,0.00,9.90,0.00,0.00,1.98,0.00,0.00,0.00,6.93
02:45:05,15,83.00,0.00,9.00,0.00,0.00,2.00,0.00,0.00,0.00,6.00
02:45:06,4,81.19,0.00,8.91,0.00,0.00,2.97,0.00,0.00,0.00,6.93
02:45:06,5,81.82,0.00,8.08,0.00,0.00,3.03,0.00,0.00,0.00,7.07
02:45:06,6,82.83,0.00,7.07,0.00,0.00,3.03,0.00,0.00,0.00,7.07
02:45:06,7,82.83,0.00,7.07,0.00,0.00,3.03,0.00,0.00,0.00,7.07
02:45:06,12,81.63,0.00,9.18,0.00,0.00,2.04,0.00,0.00,0.00,7.14
02:45:06,13,82.18,0.00,6.93,0.00,0.00,2.97,0.00,0.00,0.00,7.92
02:45:06,14,79.80,0.00,10.10,0.00,0.00,3.03,0.00,0.00,0.00,7.07
02:45:06,15,79.00,0.00,9.00,0.00,0.00,4.00,0.00,0.00,0.00,8.00
02:45:07,4,81.82,0.00,8.08,0.00,0.00,3.03,0.00,0.00,0.00,7.07
02:45:07,5,82.65,0.00,7.14,0.00,0.00,3.06,0.00,0.00,0.00,7.14
02:45:07,6,81.00,0.00,9.00,0.00,0.00,3.00,0.00,0.00,0.00,7.00
02:45:07,7,80.81,0.00,8.08,0.00,0.00,4.04,0.00,0.00,0.00,7.07
02:45:07,12,81.19,0.00,6.93,0.00,0.00,4.95,0.00,0.00,0.00,6.93
02:45:07,13,82.83,0.00,9.09,0.00,0.00,2.02,0.00,0.00,0.00,6.06
02:45:07,14,81.00,0.00,9.00,0.00,0.00,3.00,0.00,0.00,0.00,7.00
02:45:07,15,80.81,0.00,9.09,0.00,0.00,3.03,0.00,0.00,0.00,7.07
02:45:08,4,81.00,0.00,9.00,0.00,0.00,2.00,0.00,0.00,0.00,8.00
02:45:08,5,79.80,0.00,10.10,0.00,0.00,3.03,0.00,0.00,0.00,7.07
02:45:08,6,80.00,0.00,9.00,0.00,0.00,3.00,0.00,0.00,0.00,8.00
02:45:08,7,82.00,0.00,8.00,0.00,0.00,2.00,0.00,0.00,0.00,8.00
02:45:08,12,81.82,0.00,8.08,0.00,0.00,2.02,0.00,0.00,0.00,8.08
02:45:08,13,80.00,0.00,10.00,0.00,0.00,2.00,0.00,0.00,0.00,8.00
02:45:08,14,80.81,0.00,9.09,0.00,0.00,2.02,0.00,0.00,0.00,8.08
02:45:08,15,78.79,0.00,10.10,0.00,0.00,3.03,0.00,0.00,0.00,8.08
02:45:09,4,82.00,0.00,8.00,0.00,0.00,2.00,0.00,0.00,0.00,8.00
02:45:09,5,82.18,0.00,6.93,0.00,0.00,2.97,0.00,0.00,0.00,7.92
02:45:09,6,80.20,0.00,8.91,0.00,0.00,2.97,0.00,0.00,0.00,7.92
02:45:09,7,80.00,0.00,9.00,0.00,0.00,3.00,0.00,0.00,0.00,8.00
02:45:09,12,80.81,0.00,8.08,0.00,0.00,3.03,0.00,0.00,0.00,8.08
02:45:09,13,81.00,0.00,8.00,0.00,0.00,3.00,0.00,0.00,0.00,8.00
02:45:09,14,79.80,0.00,10.10,0.00,0.00,2.02,0.00,0.00,0.00,8.08
02:45:09,15,81.00,0.00,9.00,0.00,0.00,2.00,0.00,0.00,0.00,8.00
02:45:10,4,80.81,0.00,11.11,0.00,0.00,2.02,0.00,0.00,0.00,6.06
02:45:10,5,83.00,0.00,8.00,0.00,0.00,3.00,0.00,0.00,0.00,6.00
02:45:10,6,82.83,0.00,8.08,0.00,0.00,3.03,0.00,0.00,0.00,6.06
02:45:10,7,83.84,0.00,8.08,0.00,0.00,2.02,0.00,0.00,0.00,6.06
02:45:10,12,81.82,0.00,9.09,0.00,0.00,3.03,0.00,0.00,0.00,6.06
02:45:10,13,81.82,0.00,9.09,0.00,0.00,3.03,0.00,0.00,0.00,6.06
02:45:10,14,84.69,0.00,7.14,0.00,0.00,2.04,0.00,0.00,0.00,6.12
02:45:10,15,82.83,0.00,7.07,0.00,0.00,3.03,0.00,0.00,0.00,7.07
02:45:11,4,81.00,0.00,8.00,0.00,0.00,4.00,0.00,0.00,0.00,7.00
02:45:11,5,83.67,0.00,7.14,0.00,0.00,2.04,0.00,0.00,0.00,7.14
02:45:11,6,80.81,0.00,10.10,0.00,0.00,2.02,0.00,0.00,0.00,7.07
02:45:11,7,80.81,0.00,10.10,0.00,0.00,2.02,0.00,0.00,0.00,7.07
02:45:11,12,82.18,0.00,7.92,0.00,0.00,2.97,0.00,0.00,0.00,6.93
02:45:11,13,83.00,0.00,8.00,0.00,0.00,2.00,0.00,0.00,0.00,7.00
02:45:11,14,80.81,0.00,9.09,0.00,0.00,3.03,0.00,0.00,0.00,7.07
02:45:11,15,81.63,0.00,9.18,0.00,0.00,2.04,0.00,0.00,0.00,7.14
02:45:12,4,81.00,0.00,8.00,0.00,0.00,3.00,0.00,0.00,0.00,8.00
02:45:12,5,80.81,0.00,9.09,0.00,0.00,3.03,0.00,0.00,0.00,7.07
02:45:12,6,81.82,0.00,7.07,0.00,0.00,3.03,0.00,0.00,0.00,8.08
02:45:12,7,81.00,0.00,8.00,0.00,0.00,3.00,0.00,0.00,0.00,8.00
02:45:12,12,81.82,0.00,7.07,0.00,0.00,3.03,0.00,0.00,0.00,8.08
02:45:12,13,80.81,0.00,9.09,0.00,0.00,2.02,0.00,0.00,0.00,8.08
02:45:12,14,80.81,0.00,8.08,0.00,0.00,3.03,0.00,0.00,0.00,8.08
02:45:12,15,81.00,0.00,9.00,0.00,0.00,2.00,0.00,0.00,0.00,8.00
02:45:13,4,79.80,0.00,9.09,0.00,0.00,3.03,0.00,0.00,0.00,8.08
02:45:13,5,81.00,0.00,8.00,0.00,0.00,3.00,0.00,0.00,0.00,8.00
02:45:13,6,82.00,0.00,8.00,0.00,0.00,3.00,0.00,0.00,0.00,7.00
02:45:13,7,81.00,0.00,9.00,0.00,0.00,2.00,0.00,0.00,0.00,8.00
02:45:13,12,80.81,0.00,9.09,0.00,0.00,2.02,0.00,0.00,0.00,8.08
02:45:13,13,82.83,0.00,7.07,0.00,0.00,2.02,0.00,0.00,0.00,8.08
02:45:13,14,81.00,0.00,7.00,0.00,0.00,4.00,0.00,0.00,0.00,8.00
02:45:13,15,82.83,0.00,7.07,0.00,0.00,2.02,0.00,0.00,0.00,8.08
02:45:14,4,80.20,0.00,8.91,0.00,0.00,2.97,0.00,0.00,0.00,7.92
02:45:14,5,81.00,0.00,9.00,0.00,0.00,2.00,0.00,0.00,0.00,8.00
02:45:14,6,80.81,0.00,9.09,0.00,0.00,2.02,0.00,0.00,0.00,8.08
02:45:14,7,81.82,0.00,8.08,0.00,0.00,2.02,0.00,0.00,0.00,8.08
02:45:14,12,80.00,0.00,10.00,0.00,0.00,2.00,0.00,0.00,0.00,8.00
02:45:14,13,80.81,0.00,9.09,0.00,0.00,2.02,0.00,0.00,0.00,8.08
02:45:14,14,80.20,0.00,8.91,0.00,0.00,2.97,0.00,0.00,0.00,7.92
02:45:14,15,79.21,0.00,8.91,0.00,0.00,2.97,0.00,0.00,0.00,8.91
02:45:15,4,82.83,0.00,9.09,0.00,0.00,2.02,0.00,0.00,0.00,6.06
02:45:15,5,83.67,0.00,10.20,0.00,0.00,1.02,0.00,0.00,0.00,5.10
02:45:15,6,81.63,0.00,10.20,0.00,0.00,2.04,0.00,0.00,0.00,6.12
02:45:15,7,80.61,0.00,10.20,0.00,0.00,3.06,0.00,0.00,0.00,6.12
02:45:15,12,81.82,0.00,10.10,0.00,0.00,2.02,0.00,0.00,0.00,6.06
02:45:15,13,81.00,0.00,11.00,0.00,0.00,2.00,0.00,0.00,0.00,6.00
02:45:15,14,81.82,0.00,9.09,0.00,0.00,2.02,0.00,0.00,0.00,7.07
02:45:15,15,82.83,0.00,8.08,0.00,0.00,3.03,0.00,0.00,0.00,6.06
02:45:16,4,78.79,0.00,10.10,0.00,0.00,3.03,0.00,0.00,0.00,8.08
02:45:16,5,82.00,0.00,7.00,0.00,0.00,2.00,0.00,0.00,0.00,9.00
02:45:16,6,80.00,0.00,9.00,0.00,0.00,2.00,0.00,0.00,0.00,9.00
02:45:16,7,80.20,0.00,7.92,0.00,0.00,2.97,0.00,0.00,0.00,8.91
02:45:16,12,80.00,0.00,8.00,0.00,0.00,3.00,0.00,0.00,0.00,9.00
02:45:16,13,81.44,0.00,8.25,0.00,0.00,2.06,0.00,0.00,0.00,8.25
02:45:16,14,79.59,0.00,9.18,0.00,0.00,3.06,0.00,0.00,0.00,8.16
02:45:16,15,80.00,0.00,8.00,0.00,0.00,3.00,0.00,0.00,0.00,9.00
02:45:17,4,82.83,0.00,8.08,0.00,0.00,2.02,0.00,0.00,0.00,7.07
02:45:17,5,82.00,0.00,7.00,0.00,0.00,3.00,0.00,0.00,0.00,8.00
02:45:17,6,82.00,0.00,8.00,0.00,0.00,2.00,0.00,0.00,0.00,8.00
02:45:17,7,80.81,0.00,9.09,0.00,0.00,2.02,0.00,0.00,0.00,8.08
02:45:17,12,82.65,0.00,7.14,0.00,0.00,3.06,0.00,0.00,0.00,7.14
02:45:17,13,81.19,0.00,7.92,0.00,0.00,2.97,0.00,0.00,0.00,7.92
02:45:17,14,81.82,0.00,8.08,0.00,0.00,2.02,0.00,0.00,0.00,8.08
02:45:17,15,81.63,0.00,8.16,0.00,0.00,2.04,0.00,0.00,0.00,8.16
02:45:18,4,80.61,0.00,8.16,0.00,0.00,2.04,0.00,0.00,0.00,9.18
02:45:18,5,81.63,0.00,8.16,0.00,0.00,2.04,0.00,0.00,0.00,8.16
02:45:18,6,81.44,0.00,7.22,0.00,0.00,3.09,0.00,0.00,0.00,8.25
02:45:18,7,80.20,0.00,7.92,0.00,0.00,2.97,0.00,0.00,0.00,8.91
02:45:18,12,80.00,0.00,8.00,0.00,0.00,3.00,0.00,0.00,0.00,9.00
02:45:18,13,80.20,0.00,7.92,0.00,0.00,2.97,0.00,0.00,0.00,8.91
02:45:18,14,78.00,0.00,9.00,0.00,0.00,4.00,0.00,0.00,0.00,9.00
02:45:18,15,80.81,0.00,8.08,0.00,0.00,2.02,0.00,0.00,0.00,9.09
02:45:19,4,80.20,0.00,9.90,0.00,0.00,2.97,0.00,0.00,0.00,6.93
02:45:19,5,83.00,0.00,9.00,0.00,0.00,1.00,0.00,0.00,0.00,7.00
02:45:19,6,80.00,0.00,10.00,0.00,0.00,3.00,0.00,0.00,0.00,7.00
02:45:19,7,81.82,0.00,8.08,0.00,0.00,3.03,0.00,0.00,0.00,7.07
02:45:19,12,81.82,0.00,9.09,0.00,0.00,2.02,0.00,0.00,0.00,7.07
02:45:19,13,82.65,0.00,8.16,0.00,0.00,2.04,0.00,0.00,0.00,7.14
02:45:19,14,82.00,0.00,9.00,0.00,0.00,2.00,0.00,0.00,0.00,7.00
02:45:19,15,82.00,0.00,8.00,0.00,0.00,3.00,0.00,0.00,0.00,7.00
02:45:20,4,82.83,0.00,9.09,0.00,0.00,2.02,0.00,0.00,0.00,6.06
02:45:20,5,82.00,0.00,8.00,0.00,0.00,3.00,0.00,0.00,0.00,7.00
02:45:20,6,81.82,0.00,8.08,0.00,0.00,3.03,0.00,0.00,0.00,7.07
02:45:20,7,80.81,0.00,9.09,0.00,0.00,3.03,0.00,0.00,0.00,7.07
02:45:20,12,83.00,0.00,9.00,0.00,0.00,2.00,0.00,0.00,0.00,6.00
02:45:20,13,83.17,0.00,7.92,0.00,0.00,2.97,0.00,0.00,0.00,5.94
02:45:20,14,83.67,0.00,8.16,0.00,0.00,2.04,0.00,0.00,0.00,6.12
02:45:20,15,79.80,0.00,11.11,0.00,0.00,2.02,0.00,0.00,0.00,7.07
02:45:21,4,82.00,0.00,8.00,0.00,0.00,3.00,0.00,0.00,0.00,7.00
02:45:21,5,82.00,0.00,9.00,0.00,0.00,2.00,0.00,0.00,0.00,7.00
02:45:21,6,82.83,0.00,7.07,0.00,0.00,3.03,0.00,0.00,0.00,7.07
02:45:21,7,82.18,0.00,7.92,0.00,0.00,1.98,0.00,0.00,0.00,7.92
02:45:21,12,80.00,0.00,10.00,0.00,0.00,3.00,0.00,0.00,0.00,7.00
02:45:21,13,81.19,0.00,8.91,0.00,0.00,1.98,0.00,0.00,0.00,7.92
02:45:21,14,80.00,0.00,9.00,0.00,0.00,3.00,0.00,0.00,0.00,8.00
02:45:21,15,84.00,0.00,7.00,0.00,0.00,2.00,0.00,0.00,0.00,7.00
02:45:22,4,81.82,0.00,8.08,0.00,0.00,2.02,0.00,0.00,0.00,8.08
02:45:22,5,80.81,0.00,8.08,0.00,0.00,3.03,0.00,0.00,0.00,8.08
02:45:22,6,81.00,0.00,9.00,0.00,0.00,3.00,0.00,0.00,0.00,7.00
02:45:22,7,80.81,0.00,8.08,0.00,0.00,3.03,0.00,0.00,0.00,8.08
02:45:22,12,81.82,0.00,8.08,0.00,0.00,2.02,0.00,0.00,0.00,8.08
02:45:22,13,83.67,0.00,7.14,0.00,0.00,2.04,0.00,0.00,0.00,7.14
02:45:22,14,81.00,0.00,8.00,0.00,0.00,3.00,0.00,0.00,0.00,8.00
02:45:22,15,82.00,0.00,7.00,0.00,0.00,3.00,0.00,0.00,0.00,8.00
02:45:23,4,80.00,0.00,10.00,0.00,0.00,3.00,0.00,0.00,0.00,7.00
02:45:23,5,82.83,0.00,8.08,0.00,0.00,2.02,0.00,0.00,0.00,7.07
02:45:23,6,80.81,0.00,9.09,0.00,0.00,2.02,0.00,0.00,0.00,8.08
02:45:23,7,81.00,0.00,9.00,0.00,0.00,2.00,0.00,0.00,0.00,8.00
02:45:23,12,80.81,0.00,8.08,0.00,0.00,3.03,0.00,0.00,0.00,8.08
02:45:23,13,80.20,0.00,8.91,0.00,0.00,2.97,0.00,0.00,0.00,7.92
02:45:23,14,79.00,0.00,10.00,0.00,0.00,3.00,0.00,0.00,0.00,8.00
02:45:23,15,80.81,0.00,9.09,0.00,0.00,2.02,0.00,0.00,0.00,8.08
02:45:24,4,80.81,0.00,9.09,0.00,0.00,2.02,0.00,0.00,0.00,8.08
02:45:24,5,79.00,0.00,10.00,0.00,0.00,3.00,0.00,0.00,0.00,8.00
02:45:24,6,81.19,0.00,7.92,0.00,0.00,2.97,0.00,0.00,0.00,7.92
02:45:24,7,82.65,0.00,6.12,0.00,0.00,3.06,0.00,0.00,0.00,8.16
02:45:24,12,81.00,0.00,8.00,0.00,0.00,3.00,0.00,0.00,0.00,8.00
02:45:24,13,81.82,0.00,8.08,0.00,0.00,2.02,0.00,0.00,0.00,8.08
02:45:24,14,81.82,0.00,8.08,0.00,0.00,2.02,0.00,0.00,0.00,8.08
02:45:24,15,81.63,0.00,8.16,0.00,0.00,2.04,0.00,0.00,0.00,8.16
02:45:25,4,81.00,0.00,9.00,0.00,0.00,2.00,0.00,0.00,0.00,8.00
02:45:25,5,79.00,0.00,9.00,0.00,0.00,3.00,0.00,0.00,0.00,9.00
02:45:25,6,81.82,0.00,7.07,0.00,0.00,3.03,0.00,0.00,0.00,8.08
02:45:25,7,79.00,0.00,10.00,0.00,0.00,3.00,0.00,0.00,0.00,8.00
02:45:25,12,80.20,0.00,7.92,0.00,0.00,3.96,0.00,0.00,0.00,7.92
02:45:25,13,81.82,0.00,7.07,0.00,0.00,3.03,0.00,0.00,0.00,8.08
02:45:25,14,79.21,0.00,8.91,0.00,0.00,3.96,0.00,0.00,0.00,7.92
02:45:25,15,81.19,0.00,8.91,0.00,0.00,1.98,0.00,0.00,0.00,7.92
02:45:26,4,80.81,0.00,12.12,0.00,0.00,1.01,0.00,0.00,0.00,6.06
02:45:26,5,81.44,0.00,10.31,0.00,0.00,2.06,0.00,0.00,0.00,6.19
02:45:26,6,80.20,0.00,9.90,0.00,0.00,2.97,0.00,0.00,0.00,6.93
02:45:26,7,81.19,0.00,8.91,0.00,0.00,2.97,0.00,0.00,0.00,6.93
02:45:26,12,79.59,0.00,11.22,0.00,0.00,3.06,0.00,0.00,0.00,6.12
02:45:26,13,84.69,0.00,8.16,0.00,0.00,1.02,0.00,0.00,0.00,6.12
02:45:26,14,83.00,0.00,8.00,0.00,0.00,2.00,0.00,0.00,0.00,7.00
02:45:26,15,83.84,0.00,7.07,0.00,0.00,2.02,0.00,0.00,0.00,7.07
02:45:27,4,81.82,0.00,7.07,0.00,0.00,3.03,0.00,0.00,0.00,8.08
02:45:27,5,80.20,0.00,8.91,0.00,0.00,2.97,0.00,0.00,0.00,7.92
02:45:27,6,80.81,0.00,9.09,0.00,0.00,2.02,0.00,0.00,0.00,8.08
02:45:27,7,83.84,0.00,7.07,0.00,0.00,2.02,0.00,0.00,0.00,7.07
02:45:27,12,81.00,0.00,8.00,0.00,0.00,3.00,0.00,0.00,0.00,8.00
02:45:27,13,80.20,0.00,8.91,0.00,0.00,2.97,0.00,0.00,0.00,7.92
02:45:27,14,81.82,0.00,8.08,0.00,0.00,2.02,0.00,0.00,0.00,8.08
02:45:27,15,80.00,0.00,9.00,0.00,0.00,3.00,0.00,0.00,0.00,8.00
02:45:28,4,81.37,0.00,8.82,0.00,0.00,2.94,0.00,0.00,0.00,6.86
02:45:28,5,83.67,0.00,8.16,0.00,0.00,1.02,0.00,0.00,0.00,7.14
02:45:28,6,81.82,0.00,8.08,0.00,0.00,3.03,0.00,0.00,0.00,7.07
02:45:28,7,81.19,0.00,8.91,0.00,0.00,1.98,0.00,0.00,0.00,7.92
02:45:28,12,81.82,0.00,9.09,0.00,0.00,2.02,0.00,0.00,0.00,7.07
02:45:28,13,81.82,0.00,10.10,0.00,0.00,1.01,0.00,0.00,0.00,7.07
02:45:28,14,80.00,0.00,9.00,0.00,0.00,4.00,0.00,0.00,0.00,7.00
02:45:28,15,82.00,0.00,9.00,0.00,0.00,2.00,0.00,0.00,0.00,7.00
02:45:29,4,82.65,0.00,8.16,0.00,0.00,2.04,0.00,0.00,0.00,7.14
02:45:29,5,83.17,0.00,7.92,0.00,0.00,1.98,0.00,0.00,0.00,6.93
02:45:29,6,79.80,0.00,9.09,0.00,0.00,4.04,0.00,0.00,0.00,7.07
02:45:29,7,82.83,0.00,8.08,0.00,0.00,2.02,0.00,0.00,0.00,7.07
02:45:29,12,80.00,0.00,9.00,0.00,0.00,3.00,0.00,0.00,0.00,8.00
02:45:29,13,82.18,0.00,6.93,0.00,0.00,2.97,0.00,0.00,0.00,7.92
02:45:29,14,81.82,0.00,9.09,0.00,0.00,2.02,0.00,0.00,0.00,7.07
02:45:29,15,81.19,0.00,7.92,0.00,0.00,2.97,0.00,0.00,0.00,7.92
02:45:30,4,81.82,0.00,9.09,0.00,0.00,2.02,0.00,0.00,0.00,7.07
02:45:30,5,82.00,0.00,9.00,0.00,0.00,2.00,0.00,0.00,0.00,7.00
02:45:30,6,80.20,0.00,8.91,0.00,0.00,2.97,0.00,0.00,0.00,7.92
02:45:30,7,80.00,0.00,9.00,0.00,0.00,3.00,0.00,0.00,0.00,8.00
02:45:30,12,81.82,0.00,8.08,0.00,0.00,3.03,0.00,0.00,0.00,7.07
02:45:30,13,83.00,0.00,7.00,0.00,0.00,3.00,0.00,0.00,0.00,7.00
02:45:30,14,82.18,0.00,7.92,0.00,0.00,1.98,0.00,0.00,0.00,7.92
02:45:30,15,81.82,0.00,7.07,0.00,0.00,3.03,0.00,0.00,0.00,8.08
02:45:31,4,79.21,0.00,9.90,0.00,0.00,3.96,0.00,0.00,0.00,6.93
02:45:31,5,82.83,0.00,9.09,0.00,0.00,1.01,0.00,0.00,0.00,7.07
02:45:31,6,83.00,0.00,8.00,0.00,0.00,2.00,0.00,0.00,0.00,7.00
02:45:31,7,80.00,0.00,10.00,0.00,0.00,3.00,0.00,0.00,0.00,7.00
02:45:31,12,81.00,0.00,10.00,0.00,0.00,3.00,0.00,0.00,0.00,6.00
02:45:31,13,82.83,0.00,8.08,0.00,0.00,2.02,0.00,0.00,0.00,7.07
02:45:31,14,84.54,0.00,7.22,0.00,0.00,2.06,0.00,0.00,0.00,6.19
02:45:31,15,82.00,0.00,9.00,0.00,0.00,2.00,0.00,0.00,0.00,7.00
02:45:32,4,80.00,0.00,10.00,0.00,0.00,2.00,0.00,0.00,0.00,8.00
02:45:32,5,80.00,0.00,9.00,0.00,0.00,4.00,0.00,0.00,0.00,7.00
02:45:32,6,84.00,0.00,7.00,0.00,0.00,2.00,0.00,0.00,0.00,7.00
02:45:32,7,80.00,0.00,9.00,0.00,0.00,3.00,0.00,0.00,0.00,8.00
02:45:32,12,81.82,0.00,8.08,0.00,0.00,2.02,0.00,0.00,0.00,8.08
02:45:32,13,78.79,0.00,10.10,0.00,0.00,3.03,0.00,0.00,0.00,8.08
02:45:32,14,81.00,0.00,9.00,0.00,0.00,2.00,0.00,0.00,0.00,8.00
02:45:32,15,78.79,0.00,10.10,0.00,0.00,3.03,0.00,0.00,0.00,8.08
02:45:33,4,83.84,0.00,7.07,0.00,0.00,2.02,0.00,0.00,0.00,7.07
02:45:33,5,80.81,0.00,8.08,0.00,0.00,3.03,0.00,0.00,0.00,8.08
02:45:33,6,79.00,0.00,9.00,0.00,0.00,4.00,0.00,0.00,0.00,8.00
02:45:33,7,81.82,0.00,9.09,0.00,0.00,2.02,0.00,0.00,0.00,7.07
02:45:33,12,82.00,0.00,8.00,0.00,0.00,3.00,0.00,0.00,0.00,7.00
02:45:33,13,83.51,0.00,7.22,0.00,0.00,2.06,0.00,0.00,0.00,7.22
02:45:33,14,80.20,0.00,8.91,0.00,0.00,3.96,0.00,0.00,0.00,6.93
02:45:33,15,81.82,0.00,8.08,0.00,0.00,3.03,0.00,0.00,0.00,7.07
02:45:34,4,80.00,0.00,8.00,0.00,0.00,3.00,0.00,0.00,0.00,9.00
02:45:34,5,82.00,0.00,8.00,0.00,0.00,2.00,0.00,0.00,0.00,8.00
02:45:34,6,80.81,0.00,9.09,0.00,0.00,2.02,0.00,0.00,0.00,8.08
02:45:34,7,80.81,0.00,8.08,0.00,0.00,2.02,0.00,0.00,0.00,9.09
02:45:34,12,81.00,0.00,8.00,0.00,0.00,2.00,0.00,0.00,0.00,9.00
02:45:34,13,77.23,0.00,9.90,0.00,0.00,3.96,0.00,0.00,0.00,8.91
02:45:34,14,79.80,0.00,8.08,0.00,0.00,3.03,0.00,0.00,0.00,9.09
02:45:34,15,80.00,0.00,8.00,0.00,0.00,3.00,0.00,0.00,0.00,9.00
02:45:35,4,82.83,0.00,7.07,0.00,0.00,3.03,0.00,0.00,0.00,7.07
02:45:35,5,82.65,0.00,8.16,0.00,0.00,2.04,0.00,0.00,0.00,7.14
02:45:35,6,81.63,0.00,8.16,0.00,0.00,2.04,0.00,0.00,0.00,8.16
02:45:35,7,80.00,0.00,8.00,0.00,0.00,4.00,0.00,0.00,0.00,8.00
02:45:35,12,77.78,0.00,10.10,0.00,0.00,4.04,0.00,0.00,0.00,8.08
02:45:35,13,82.83,0.00,6.06,0.00,0.00,3.03,0.00,0.00,0.00,8.08
02:45:35,14,81.63,0.00,8.16,0.00,0.00,3.06,0.00,0.00,0.00,7.14
02:45:35,15,80.20,0.00,8.91,0.00,0.00,2.97,0.00,0.00,0.00,7.92
02:45:36,4,81.82,0.00,9.09,0.00,0.00,2.02,0.00,0.00,0.00,7.07
02:45:36,5,80.00,0.00,10.00,0.00,0.00,3.00,0.00,0.00,0.00,7.00
02:45:36,6,80.20,0.00,8.91,0.00,0.00,3.96,0.00,0.00,0.00,6.93
02:45:36,7,82.00,0.00,9.00,0.00,0.00,2.00,0.00,0.00,0.00,7.00
02:45:36,12,81.00,0.00,11.00,0.00,0.00,2.00,0.00,0.00,0.00,6.00
02:45:36,13,81.82,0.00,9.09,0.00,0.00,3.03,0.00,0.00,0.00,6.06
02:45:36,14,82.00,0.00,8.00,0.00,0.00,3.00,0.00,0.00,0.00,7.00
02:45:36,15,83.67,0.00,8.16,0.00,0.00,2.04,0.00,0.00,0.00,6.12
02:45:37,4,81.00,0.00,10.00,0.00,0.00,2.00,0.00,0.00,0.00,7.00
02:45:37,5,80.81,0.00,9.09,0.00,0.00,3.03,0.00,0.00,0.00,7.07
02:45:37,6,81.00,0.00,10.00,0.00,0.00,2.00,0.00,0.00,0.00,7.00
02:45:37,7,80.81,0.00,9.09,0.00,0.00,3.03,0.00,0.00,0.00,7.07
02:45:37,12,81.82,0.00,9.09,0.00,0.00,2.02,0.00,0.00,0.00,7.07
02:45:37,13,81.82,0.00,8.08,0.00,0.00,3.03,0.00,0.00,0.00,7.07
02:45:37,14,82.00,0.00,10.00,0.00,0.00,1.00,0.00,0.00,0.00,7.00
02:45:37,15,80.39,0.00,9.80,0.00,0.00,1.96,0.00,0.00,0.00,7.84
02:45:38,4,82.83,0.00,7.07,0.00,0.00,3.03,0.00,0.00,0.00,7.07
02:45:38,5,82.83,0.00,8.08,0.00,0.00,2.02,0.00,0.00,0.00,7.07
02:45:38,6,81.82,0.00,7.07,0.00,0.00,3.03,0.00,0.00,0.00,8.08
02:45:38,7,82.00,0.00,8.00,0.00,0.00,3.00,0.00,0.00,0.00,7.00
02:45:38,12,81.82,0.00,8.08,0.00,0.00,3.03,0.00,0.00,0.00,7.07
02:45:38,13,82.18,0.00,7.92,0.00,0.00,1.98,0.00,0.00,0.00,7.92
02:45:38,14,79.80,0.00,9.09,0.00,0.00,4.04,0.00,0.00,0.00,7.07
02:45:38,15,80.81,0.00,8.08,0.00,0.00,3.03,0.00,0.00,0.00,8.08
02:45:39,4,79.41,0.00,9.80,0.00,0.00,2.94,0.00,0.00,0.00,7.84
02:45:39,5,79.00,0.00,9.00,0.00,0.00,4.00,0.00,0.00,0.00,8.00
02:45:39,6,80.20,0.00,9.90,0.00,0.00,2.97,0.00,0.00,0.00,6.93
02:45:39,7,80.00,0.00,10.00,0.00,0.00,2.00,0.00,0.00,0.00,8.00
02:45:39,12,81.37,0.00,9.80,0.00,0.00,0.98,0.00,0.00,0.00,7.84
02:45:39,13,81.63,0.00,8.16,0.00,0.00,3.06,0.00,0.00,0.00,7.14
02:45:39,14,78.22,0.00,10.89,0.00,0.00,2.97,0.00,0.00,0.00,7.92
02:45:39,15,81.00,0.00,8.00,0.00,0.00,3.00,0.00,0.00,0.00,8.00
02:45:40,4,79.00,0.00,9.00,0.00,0.00,3.00,0.00,0.00,0.00,9.00
02:45:40,5,79.00,0.00,10.00,0.00,0.00,3.00,0.00,0.00,0.00,8.00
02:45:40,6,78.79,0.00,9.09,0.00,0.00,3.03,0.00,0.00,0.00,9.09
02:45:40,7,79.21,0.00,8.91,0.00,0.00,2.97,0.00,0.00,0.00,8.91
02:45:40,12,77.23,0.00,10.89,0.99,0.00,1.98,0.00,0.00,0.00,8.91
02:45:40,13,80.00,0.00,7.00,0.00,0.00,4.00,0.00,0.00,0.00,9.00
02:45:40,14,80.61,0.00,8.16,0.00,0.00,2.04,0.00,0.00,0.00,9.18
02:45:40,15,78.79,0.00,10.10,0.00,0.00,2.02,0.00,0.00,0.00,9.09
02:45:41,4,82.83,0.00,7.07,0.00,0.00,3.03,0.00,0.00,0.00,7.07
02:45:41,5,82.00,0.00,7.00,0.00,0.00,3.00,0.00,0.00,0.00,8.00
02:45:41,6,80.20,0.00,8.91,0.00,0.00,2.97,0.00,0.00,0.00,7.92
02:45:41,7,81.00,0.00,9.00,0.00,0.00,2.00,0.00,0.00,0.00,8.00
02:45:41,12,82.83,0.00,8.08,0.00,0.00,2.02,0.00,0.00,0.00,7.07
02:45:41,13,82.83,0.00,8.08,0.00,0.00,2.02,0.00,0.00,0.00,7.07
02:45:41,14,81.63,0.00,9.18,0.00,0.00,2.04,0.00,0.00,0.00,7.14
02:45:41,15,82.83,0.00,7.07,0.00,0.00,3.03,0.00,0.00,0.00,7.07
02:45:42,4,81.00,0.00,11.00,0.00,0.00,2.00,0.00,0.00,0.00,6.00
02:45:42,5,83.84,0.00,8.08,0.00,0.00,3.03,0.00,0.00,0.00,5.05
02:45:42,6,84.69,0.00,7.14,0.00,0.00,2.04,0.00,0.00,0.00,6.12
02:45:42,7,81.00,0.00,10.00,0.00,0.00,3.00,0.00,0.00,0.00,6.00
02:45:42,12,85.00,0.00,7.00,0.00,0.00,3.00,0.00,0.00,0.00,5.00
02:45:42,13,81.19,0.00,9.90,0.00,0.00,2.97,0.00,0.00,0.00,5.94
02:45:42,14,80.20,0.00,10.89,0.00,0.00,2.97,0.00,0.00,0.00,5.94
02:45:42,15,81.00,0.00,10.00,0.00,0.00,3.00,0.00,0.00,0.00,6.00
02:45:43,4,83.67,0.00,7.14,0.00,0.00,2.04,0.00,0.00,0.00,7.14
02:45:43,5,81.00,0.00,9.00,0.00,0.00,3.00,0.00,0.00,0.00,7.00
02:45:43,6,81.00,0.00,10.00,0.00,0.00,2.00,0.00,0.00,0.00,7.00
02:45:43,7,80.20,0.00,9.90,0.00,0.00,2.97,0.00,0.00,0.00,6.93
02:45:43,12,81.00,0.00,10.00,0.00,0.00,2.00,0.00,0.00,0.00,7.00
02:45:43,13,83.00,0.00,8.00,0.00,0.00,2.00,0.00,0.00,0.00,7.00
02:45:43,14,82.65,0.00,8.16,0.00,0.00,2.04,0.00,0.00,0.00,7.14
02:45:43,15,84.00,0.00,6.00,0.00,0.00,3.00,0.00,0.00,0.00,7.00
02:45:44,4,80.81,0.00,9.09,0.00,0.00,2.02,0.00,0.00,0.00,8.08
02:45:44,5,77.00,0.00,12.00,0.00,0.00,3.00,0.00,0.00,0.00,8.00
02:45:44,6,81.00,0.00,10.00,0.00,0.00,2.00,0.00,0.00,0.00,7.00
02:45:44,7,79.59,0.00,9.18,0.00,0.00,3.06,0.00,0.00,0.00,8.16
02:45:44,12,80.00,0.00,8.00,0.00,0.00,4.00,0.00,0.00,0.00,8.00
02:45:44,13,80.00,0.00,8.00,0.00,0.00,4.00,0.00,0.00,0.00,8.00
02:45:44,14,80.20,0.00,8.91,0.00,0.00,2.97,0.00,0.00,0.00,7.92
02:45:44,15,80.20,0.00,7.92,0.00,0.00,2.97,0.00,0.00,0.00,8.91
02:45:45,4,77.55,0.00,10.20,0.00,0.00,3.06,0.00,0.00,0.00,9.18
02:45:45,5,78.79,0.00,8.08,0.00,0.00,3.03,0.00,0.00,0.00,10.10
02:45:45,6,78.79,0.00,7.07,0.00,0.00,4.04,0.00,0.00,0.00,10.10
02:45:45,7,80.61,0.00,7.14,0.00,0.00,2.04,0.00,0.00,0.00,10.20
02:45:45,12,81.63,0.00,7.14,0.00,0.00,1.02,0.00,0.00,0.00,10.20
02:45:45,13,75.76,0.00,12.12,0.00,0.00,3.03,0.00,0.00,0.00,9.09
02:45:45,14,78.57,0.00,9.18,0.00,0.00,2.04,0.00,0.00,0.00,10.20
02:45:45,15,79.80,0.00,8.08,0.00,0.00,2.02,0.00,0.00,0.00,10.10
02:45:46,4,81.00,0.00,9.00,0.00,0.00,3.00,0.00,0.00,0.00,7.00
02:45:46,5,82.47,0.00,9.28,0.00,0.00,2.06,0.00,0.00,0.00,6.19
02:45:46,6,83.00,0.00,8.00,0.00,0.00,2.00,0.00,0.00,0.00,7.00
02:45:46,7,82.18,0.00,8.91,0.00,0.00,1.98,0.00,0.00,0.00,6.93
02:45:46,12,80.20,0.00,9.90,0.00,0.00,2.97,0.00,0.00,0.00,6.93
02:45:46,13,84.00,0.00,6.00,0.00,0.00,3.00,0.00,0.00,0.00,7.00
02:45:46,14,81.82,0.00,8.08,0.00,0.00,3.03,0.00,0.00,0.00,7.07
02:45:46,15,82.00,0.00,8.00,0.00,0.00,3.00,0.00,0.00,0.00,7.00
02:45:47,4,82.83,0.00,8.08,0.00,0.00,3.03,0.00,0.00,0.00,6.06
02:45:47,5,81.82,0.00,10.10,0.00,0.00,2.02,0.00,0.00,0.00,6.06
02:45:47,6,82.00,0.00,9.00,0.00,0.00,3.00,0.00,0.00,0.00,6.00
02:45:47,7,83.00,0.00,8.00,0.00,0.00,3.00,0.00,0.00,0.00,6.00
02:45:47,12,81.63,0.00,10.20,0.00,0.00,2.04,0.00,0.00,0.00,6.12
02:45:47,13,82.00,0.00,9.00,0.00,0.00,3.00,0.00,0.00,0.00,6.00
02:45:47,14,83.84,0.00,7.07,0.00,0.00,3.03,0.00,0.00,0.00,6.06
02:45:47,15,83.67,0.00,8.16,0.00,0.00,2.04,0.00,0.00,0.00,6.12
02:45:48,4,81.82,0.00,8.08,0.00,0.00,2.02,0.00,0.00,0.00,8.08
02:45:48,5,82.00,0.00,8.00,0.00,0.00,2.00,0.00,0.00,0.00,8.00
02:45:48,6,80.81,0.00,8.08,0.00,0.00,3.03,0.00,0.00,0.00,8.08
02:45:48,7,81.00,0.00,8.00,0.00,0.00,3.00,0.00,0.00,0.00,8.00
02:45:48,12,81.00,0.00,8.00,0.00,0.00,3.00,0.00,0.00,0.00,8.00
02:45:48,13,81.19,0.00,7.92,0.00,0.00,2.97,0.00,0.00,0.00,7.92
02:45:48,14,80.20,0.00,8.91,0.00,0.00,2.97,0.00,0.00,0.00,7.92
02:45:48,15,81.00,0.00,8.00,0.00,0.00,3.00,0.00,0.00,0.00,8.00
02:45:49,4,83.00,0.00,6.00,0.00,0.00,3.00,0.00,0.00,0.00,8.00
02:45:49,5,80.81,0.00,9.09,0.00,0.00,3.03,0.00,0.00,0.00,7.07
02:45:49,6,80.81,0.00,9.09,0.00,0.00,3.03,0.00,0.00,0.00,7.07
02:45:49,7,82.83,0.00,8.08,0.00,0.00,1.01,0.00,0.00,0.00,8.08
02:45:49,12,81.63,0.00,8.16,0.00,0.00,3.06,0.00,0.00,0.00,7.14
02:45:49,13,81.82,0.00,8.08,0.00,0.00,3.03,0.00,0.00,0.00,7.07
02:45:49,14,80.81,0.00,10.10,0.00,0.00,2.02,0.00,0.00,0.00,7.07
02:45:49,15,80.00,0.00,9.00,0.00,0.00,3.00,0.00,0.00,0.00,8.00
02:45:50,4,80.00,0.00,9.00,0.00,0.00,3.00,0.00,0.00,0.00,8.00
02:45:50,5,80.00,0.00,8.00,0.00,0.00,4.00,0.00,0.00,0.00,8.00
02:45:50,6,79.80,0.00,9.09,0.00,0.00,3.03,0.00,0.00,0.00,8.08
02:45:50,7,81.82,0.00,8.08,0.00,0.00,2.02,0.00,0.00,0.00,8.08
02:45:50,12,81.00,0.00,9.00,0.00,0.00,2.00,0.00,0.00,0.00,8.00
02:45:50,13,83.00,0.00,6.00,0.00,0.00,3.00,0.00,0.00,0.00,8.00
02:45:50,14,82.00,0.00,7.00,0.00,0.00,3.00,0.00,0.00,0.00,8.00
02:45:50,15,80.41,0.00,10.31,0.00,0.00,2.06,0.00,0.00,0.00,7.22
02:45:51,4,81.63,0.00,8.16,0.00,0.00,2.04,0.00,0.00,0.00,8.16
02:45:51,5,82.83,0.00,7.07,0.00,0.00,2.02,0.00,0.00,0.00,8.08
02:45:51,6,79.80,0.00,7.07,0.00,0.00,4.04,0.00,0.00,0.00,9.09
02:45:51,7,81.82,0.00,8.08,0.00,0.00,2.02,0.00,0.00,0.00,8.08
02:45:51,12,80.81,0.00,8.08,0.00,0.00,2.02,0.00,0.00,0.00,9.09
02:45:51,13,81.63,0.00,8.16,0.00,0.00,2.04,0.00,0.00,0.00,8.16
02:45:51,14,79.59,0.00,10.20,0.00,0.00,2.04,0.00,0.00,0.00,8.16
02:45:51,15,80.20,0.00,8.91,0.00,0.00,1.98,0.00,0.00,0.00,8.91
02:45:52,4,81.00,0.00,10.00,0.00,0.00,3.00,0.00,0.00,0.00,6.00
02:45:52,5,81.19,0.00,8.91,0.00,0.00,2.97,0.00,0.00,0.00,6.93
02:45:52,6,83.67,0.00,8.16,0.00,0.00,2.04,0.00,0.00,0.00,6.12
02:45:52,7,80.00,0.00,9.00,0.00,0.00,4.00,0.00,0.00,0.00,7.00
02:45:52,12,81.82,0.00,9.09,0.00,0.00,3.03,0.00,0.00,0.00,6.06
02:45:52,13,80.00,0.00,10.00,0.00,0.00,3.00,0.00,0.00,0.00,7.00
02:45:52,14,83.00,0.00,7.00,0.00,0.00,3.00,0.00,0.00,0.00,7.00
02:45:52,15,81.00,0.00,9.00,0.00,0.00,3.00,0.00,0.00,0.00,7.00
02:45:53,4,82.83,0.00,6.06,0.00,0.00,3.03,0.00,0.00,0.00,8.08
02:45:53,5,81.63,0.00,9.18,0.00,0.00,2.04,0.00,0.00,0.00,7.14
02:45:53,6,80.81,0.00,8.08,0.00,0.00,2.02,0.00,0.00,0.00,9.09
02:45:53,7,82.00,0.00,8.00,0.00,0.00,2.00,0.00,0.00,0.00,8.00
02:45:53,12,82.00,0.00,8.00,0.00,0.00,2.00,0.00,0.00,0.00,8.00
02:45:53,13,81.00,0.00,8.00,0.00,0.00,3.00,0.00,0.00,0.00,8.00
02:45:53,14,81.63,0.00,9.18,0.00,0.00,2.04,0.00,0.00,0.00,7.14
02:45:53,15,81.82,0.00,7.07,0.00,0.00,3.03,0.00,0.00,0.00,8.08
02:45:54,4,82.00,0.00,9.00,0.00,0.00,2.00,0.00,0.00,0.00,7.00
02:45:54,5,81.00,0.00,9.00,0.00,0.00,3.00,0.00,0.00,0.00,7.00
02:45:54,6,79.21,0.00,10.89,0.00,0.00,2.97,0.00,0.00,0.00,6.93
02:45:54,7,82.83,0.00,7.07,0.00,0.00,3.03,0.00,0.00,0.00,7.07
02:45:54,12,79.80,0.00,9.09,0.00,0.00,3.03,0.00,0.00,0.00,8.08
02:45:54,13,83.51,0.00,8.25,0.00,0.00,2.06,0.00,0.00,0.00,6.19
02:45:54,14,80.20,0.00,8.91,0.00,0.00,2.97,0.00,0.00,0.00,7.92
02:45:54,15,81.82,0.00,8.08,0.00,0.00,2.02,0.00,0.00,0.00,8.08
02:45:55,4,79.80,0.00,9.09,0.00,0.00,2.02,0.00,0.00,0.00,9.09
02:45:55,5,78.57,0.00,10.20,0.00,0.00,2.04,0.00,0.00,0.00,9.18
02:45:55,6,81.63,0.00,6.12,0.00,0.00,3.06,0.00,0.00,0.00,9.18
02:45:55,7,79.80,0.00,8.08,0.00,0.00,3.03,0.00,0.00,0.00,9.09
02:45:55,12,81.19,0.00,6.93,0.00,0.00,2.97,0.00,0.00,0.00,8.91
02:45:55,13,80.81,0.00,8.08,0.00,0.00,2.02,0.00,0.00,0.00,9.09
02:45:55,14,80.61,0.00,7.14,0.00,0.00,3.06,0.00,0.00,0.00,9.18
02:45:55,15,79.00,0.00,9.00,0.00,0.00,3.00,0.00,0.00,0.00,9.00
02:45:56,4,80.00,0.00,9.00,0.00,0.00,3.00,0.00,0.00,0.00,8.00
02:45:56,5,82.00,0.00,8.00,0.00,0.00,3.00,0.00,0.00,0.00,7.00
02:45:56,6,81.00,0.00,8.00,0.00,0.00,3.00,0.00,0.00,0.00,8.00
02:45:56,7,78.79,0.00,11.11,0.00,0.00,2.02,0.00,0.00,0.00,8.08
02:45:56,12,81.63,0.00,8.16,0.00,0.00,3.06,0.00,0.00,0.00,7.14
02:45:56,13,81.00,0.00,8.00,0.00,0.00,3.00,0.00,0.00,0.00,8.00
02:45:56,14,80.81,0.00,9.09,0.00,0.00,3.03,0.00,0.00,0.00,7.07
02:45:56,15,80.81,0.00,8.08,0.00,0.00,3.03,0.00,0.00,0.00,8.08
02:45:57,4,81.82,0.00,8.08,0.00,0.00,3.03,0.00,0.00,0.00,7.07
02:45:57,5,81.00,0.00,10.00,0.00,0.00,2.00,0.00,0.00,0.00,7.00
02:45:57,6,81.63,0.00,9.18,0.00,0.00,2.04,0.00,0.00,0.00,7.14
02:45:57,7,81.19,0.00,9.90,0.00,0.00,1.98,0.00,0.00,0.00,6.93
02:45:57,12,82.18,0.00,8.91,0.00,0.00,1.98,0.00,0.00,0.00,6.93
02:45:57,13,78.00,0.00,12.00,0.00,0.00,4.00,0.00,0.00,0.00,6.00
02:45:57,14,82.00,0.00,8.00,0.00,0.00,3.00,0.00,0.00,0.00,7.00
02:45:57,15,80.00,0.00,10.00,0.00,0.00,3.00,0.00,0.00,0.00,7.00
02:45:58,4,79.80,0.00,10.10,0.00,0.00,3.03,0.00,0.00,0.00,7.07
02:45:58,5,81.19,0.00,8.91,0.00,0.00,2.97,0.00,0.00,0.00,6.93
02:45:58,6,82.65,0.00,9.18,0.00,0.00,2.04,0.00,0.00,0.00,6.12
02:45:58,7,80.00,0.00,10.00,0.00,0.00,3.00,0.00,0.00,0.00,7.00
02:45:58,12,82.83,0.00,8.08,0.00,0.00,2.02,0.00,0.00,0.00,7.07
02:45:58,13,82.83,0.00,8.08,0.00,0.00,2.02,0.00,0.00,0.00,7.07
02:45:58,14,80.81,0.00,9.09,0.00,0.00,3.03,0.00,0.00,0.00,7.07
02:45:58,15,81.82,0.00,8.08,0.00,0.00,3.03,0.00,0.00,0.00,7.07
02:45:59,4,80.00,0.00,9.00,0.00,0.00,3.00,0.00,0.00,0.00,8.00
02:45:59,5,78.57,0.00,11.22,0.00,0.00,2.04,0.00,0.00,0.00,8.16
02:45:59,6,80.20,0.00,7.92,0.00,0.00,2.97,0.00,0.00,0.00,8.91
02:45:59,7,79.80,0.00,9.09,0.00,0.00,2.02,0.00,0.00,0.00,9.09
02:45:59,12,81.82,0.00,8.08,0.00,0.00,2.02,0.00,0.00,0.00,8.08
02:45:59,13,81.63,0.00,8.16,0.00,0.00,2.04,0.00,0.00,0.00,8.16
02:45:59,14,81.19,0.00,6.93,0.00,0.00,2.97,0.00,0.00,0.00,8.91
02:45:59,15,81.00,0.00,8.00,0.00,0.00,3.00,0.00,0.00,0.00,8.00
02:46:00,4,82.83,0.00,8.08,0.00,0.00,2.02,0.00,0.00,0.00,7.07
02:46:00,5,79.80,0.00,11.11,0.00,0.00,2.02,0.00,0.00,0.00,7.07
02:46:00,6,83.67,0.00,7.14,0.00,0.00,2.04,0.00,0.00,0.00,7.14
02:46:00,7,82.83,0.00,8.08,0.00,0.00,2.02,0.00,0.00,0.00,7.07
02:46:00,12,81.19,0.00,8.91,0.00,0.00,2.97,0.00,0.00,0.00,6.93
02:46:00,13,79.21,0.00,8.91,0.00,0.00,3.96,0.00,0.00,0.00,7.92
02:46:00,14,81.82,0.00,8.08,0.00,0.00,3.03,0.00,0.00,0.00,7.07
02:46:00,15,79.80,0.00,9.09,0.00,0.00,3.03,0.00,0.00,0.00,8.08
02:46:01,4,83.17,0.00,6.93,0.00,0.00,2.97,0.00,0.00,0.00,6.93
02:46:01,5,80.20,0.00,8.91,0.00,0.00,3.96,0.00,0.00,0.00,6.93
02:46:01,6,79.00,0.00,10.00,0.00,0.00,4.00,0.00,0.00,0.00,7.00
02:46:01,7,80.20,0.00,8.91,0.00,0.00,2.97,0.00,0.00,0.00,7.92
02:46:01,12,81.82,0.00,9.09,0.00,0.00,2.02,0.00,0.00,0.00,7.07
02:46:01,13,80.81,0.00,9.09,0.00,0.00,3.03,0.00,0.00,0.00,7.07
02:46:01,14,81.82,0.00,9.09,0.00,0.00,2.02,0.00,0.00,0.00,7.07
02:46:01,15,82.00,0.00,8.00,0.00,0.00,3.00,0.00,0.00,0.00,7.00
02:46:02,4,80.00,0.00,9.00,0.00,0.00,3.00,0.00,0.00,0.00,8.00
02:46:02,5,81.44,0.00,9.28,0.00,0.00,2.06,0.00,0.00,0.00,7.22
02:46:02,6,81.00,0.00,8.00,0.00,0.00,3.00,0.00,0.00,0.00,8.00
02:46:02,7,82.83,0.00,6.06,0.00,0.00,3.03,0.00,0.00,0.00,8.08
02:46:02,12,80.20,0.00,8.91,0.00,0.00,2.97,0.00,0.00,0.00,7.92
02:46:02,13,79.00,0.00,10.00,0.00,0.00,3.00,0.00,0.00,0.00,8.00
02:46:02,14,81.00,0.00,8.00,0.00,0.00,3.00,0.00,0.00,0.00,8.00
02:46:02,15,80.81,0.00,9.09,0.00,0.00,2.02,0.00,0.00,0.00,8.08
02:46:03,4,79.59,0.00,11.22,0.00,0.00,2.04,0.00,0.00,0.00,7.14
02:46:03,5,81.82,0.00,10.10,0.00,0.00,2.02,0.00,0.00,0.00,6.06
02:46:03,6,81.00,0.00,10.00,0.00,0.00,2.00,0.00,0.00,0.00,7.00
02:46:03,7,81.00,0.00,8.00,0.00,0.00,4.00,0.00,0.00,0.00,7.00
02:46:03,12,81.82,0.00,9.09,0.00,0.00,2.02,0.00,0.00,0.00,7.07
02:46:03,13,79.80,0.00,11.11,0.00,0.00,3.03,0.00,0.00,0.00,6.06
02:46:03,14,82.83,0.00,7.07,0.00,0.00,4.04,0.00,0.00,0.00,6.06
02:46:03,15,81.82,0.00,8.08,0.00,0.00,3.03,0.00,0.00,0.00,7.07
02:46:04,4,80.81,0.00,7.07,0.00,0.00,3.03,0.00,0.00,0.00,9.09
02:46:04,5,78.79,0.00,9.09,0.00,0.00,3.03,0.00,0.00,0.00,9.09
02:46:04,6,80.81,0.00,8.08,0.00,0.00,2.02,0.00,0.00,0.00,9.09
02:46:04,7,80.81,0.00,8.08,0.00,0.00,2.02,0.00,0.00,0.00,9.09
02:46:04,12,80.61,0.00,8.16,0.00,0.00,2.04,0.00,0.00,0.00,9.18
02:46:04,13,82.00,0.00,7.00,0.00,0.00,2.00,0.00,0.00,0.00,9.00
02:46:04,14,80.00,0.00,8.00,0.00,0.00,3.00,0.00,0.00,0.00,9.00
02:46:04,15,78.79,0.00,9.09,0.00,0.00,3.03,0.00,0.00,0.00,9.09
02:46:05,4,81.00,0.00,9.00,0.00,0.00,3.00,0.00,0.00,0.00,7.00
02:46:05,5,81.00,0.00,9.00,0.00,0.00,2.00,0.00,0.00,0.00,8.00
02:46:05,6,80.81,0.00,9.09,0.00,0.00,3.03,0.00,0.00,0.00,7.07
02:46:05,7,80.81,0.00,8.08,0.00,0.00,3.03,0.00,0.00,0.00,8.08
02:46:05,12,81.00,0.00,8.00,0.00,0.00,3.00,0.00,0.00,0.00,8.00
02:46:05,13,80.39,0.00,8.82,0.00,0.00,2.94,0.00,0.00,0.00,7.84
02:46:05,14,84.00,0.00,6.00,0.00,0.00,2.00,0.00,0.00,0.00,8.00
02:46:05,15,79.80,0.00,9.09,0.00,0.00,3.03,0.00,0.00,0.00,8.08
02:46:06,4,81.00,0.00,9.00,0.00,0.00,2.00,0.00,0.00,0.00,8.00
02:46:06,5,80.00,0.00,8.00,0.00,0.00,4.00,0.00,0.00,0.00,8.00
02:46:06,6,79.80,0.00,10.10,0.00,0.00,2.02,0.00,0.00,0.00,8.08
02:46:06,7,80.00,0.00,9.00,0.00,0.00,3.00,0.00,0.00,0.00,8.00
02:46:06,12,82.83,0.00,7.07,0.00,0.00,3.03,0.00,0.00,0.00,7.07
02:46:06,13,80.81,0.00,7.07,0.00,0.00,4.04,0.00,0.00,0.00,8.08
02:46:06,14,81.63,0.00,9.18,0.00,0.00,2.04,0.00,0.00,0.00,7.14
02:46:06,15,80.00,0.00,9.00,0.00,0.00,3.00,0.00,0.00,0.00,8.00
02:46:07,4,82.83,0.00,8.08,0.00,0.00,2.02,0.00,0.00,0.00,7.07
02:46:07,5,81.82,0.00,9.09,0.00,0.00,2.02,0.00,0.00,0.00,7.07
02:46:07,6,82.65,0.00,8.16,0.00,0.00,2.04,0.00,0.00,0.00,7.14
02:46:07,7,83.67,0.00,7.14,0.00,0.00,2.04,0.00,0.00,0.00,7.14
02:46:07,12,80.81,0.00,9.09,0.00,0.00,3.03,0.00,0.00,0.00,7.07
02:46:07,13,81.63,0.00,8.16,0.00,0.00,3.06,0.00,0.00,0.00,7.14
02:46:07,14,82.18,0.00,7.92,0.00,0.00,2.97,0.00,0.00,0.00,6.93
02:46:07,15,84.00,0.00,7.00,0.00,0.00,2.00,0.00,0.00,0.00,7.00
02:46:08,4,82.18,0.00,9.90,0.00,0.00,2.97,0.00,0.00,0.00,4.95
02:46:08,5,80.81,0.00,12.12,0.00,0.00,2.02,0.00,0.00,0.00,5.05
02:46:08,6,79.80,0.00,12.12,0.00,0.00,2.02,0.00,0.00,0.00,6.06
02:46:08,7,80.81,0.00,11.11,0.00,0.00,2.02,0.00,0.00,0.00,6.06
02:46:08,12,80.20,0.00,10.89,0.00,0.00,2.97,0.00,0.00,0.00,5.94
02:46:08,13,80.00,0.00,12.00,0.00,0.00,3.00,0.00,0.00,0.00,5.00
02:46:08,14,82.00,0.00,10.00,0.00,0.00,2.00,0.00,0.00,0.00,6.00
02:46:08,15,79.00,0.00,12.00,0.00,0.00,3.00,0.00,0.00,0.00,6.00
02:46:09,4,80.81,0.00,9.09,0.00,0.00,3.03,0.00,0.00,0.00,7.07
02:46:09,5,80.00,0.00,9.00,0.00,0.00,4.00,0.00,0.00,0.00,7.00
02:46:09,6,82.00,0.00,9.00,0.00,0.00,2.00,0.00,0.00,0.00,7.00
02:46:09,7,81.00,0.00,9.00,0.00,0.00,3.00,0.00,0.00,0.00,7.00
02:46:09,12,82.83,0.00,8.08,0.00,0.00,2.02,0.00,0.00,0.00,7.07
02:46:09,13,81.82,0.00,8.08,0.00,0.00,2.02,0.00,0.00,0.00,8.08
02:46:09,14,81.00,0.00,9.00,0.00,0.00,3.00,0.00,0.00,0.00,7.00
02:46:09,15,81.00,0.00,9.00,0.00,0.00,3.00,0.00,0.00,0.00,7.00
02:46:10,4,80.81,0.00,9.09,0.00,0.00,2.02,0.00,0.00,0.00,8.08
02:46:10,5,80.00,0.00,9.00,0.00,0.00,3.00,0.00,0.00,0.00,8.00
02:46:10,6,83.00,0.00,7.00,0.00,0.00,2.00,0.00,0.00,0.00,8.00
02:46:10,7,79.80,0.00,9.09,0.00,0.00,3.03,0.00,0.00,0.00,8.08
02:46:10,12,82.83,0.00,7.07,0.00,0.00,3.03,0.00,0.00,0.00,7.07
02:46:10,13,82.00,0.00,8.00,0.00,0.00,3.00,0.00,0.00,0.00,7.00
02:46:10,14,83.67,0.00,7.14,0.00,0.00,1.02,0.00,0.00,0.00,8.16
02:46:10,15,81.82,0.00,8.08,0.00,0.00,2.02,0.00,0.00,0.00,8.08
02:46:11,4,79.21,0.00,9.90,0.00,0.00,2.97,0.00,0.00,0.00,7.92
02:46:11,5,82.47,0.00,8.25,0.00,0.00,2.06,0.00,0.00,0.00,7.22
02:46:11,6,81.00,0.00,8.00,0.00,0.00,3.00,0.00,0.00,0.00,8.00
02:46:11,7,79.00,0.00,9.00,0.00,0.00,4.00,0.00,0.00,0.00,8.00
02:46:11,12,82.18,0.00,7.92,0.00,0.00,1.98,0.00,0.00,0.00,7.92
02:46:11,13,80.81,0.00,8.08,0.00,0.00,3.03,0.00,0.00,0.00,8.08
02:46:11,14,82.65,0.00,7.14,0.00,0.00,3.06,0.00,0.00,0.00,7.14
02:46:11,15,82.00,0.00,8.00,0.00,0.00,2.00,0.00,0.00,0.00,8.00
02:46:12,4,80.81,0.00,9.09,0.00,0.00,3.03,0.00,0.00,0.00,7.07
02:46:12,5,80.00,0.00,10.00,0.00,0.00,3.00,0.00,0.00,0.00,7.00
02:46:12,6,81.82,0.00,9.09,0.00,0.00,2.02,0.00,0.00,0.00,7.07
02:46:12,7,80.00,0.00,9.00,0.00,0.00,3.00,0.00,0.00,0.00,8.00
02:46:12,12,82.00,0.00,9.00,0.00,0.00,2.00,0.00,0.00,0.00,7.00
02:46:12,13,81.82,0.00,9.09,0.00,0.00,2.02,0.00,0.00,0.00,7.07
02:46:12,14,82.00,0.00,8.00,0.00,0.00,2.00,0.00,0.00,0.00,8.00
02:46:12,15,79.80,0.00,9.09,0.00,0.00,3.03,0.00,0.00,0.00,8.08
02:46:13,4,83.00,0.00,8.00,0.00,0.00,2.00,0.00,0.00,0.00,7.00
02:46:13,5,81.19,0.00,8.91,0.00,0.00,2.97,0.00,0.00,0.00,6.93
02:46:13,6,81.00,0.00,9.00,0.00,0.00,3.00,0.00,0.00,0.00,7.00
02:46:13,7,82.65,0.00,8.16,0.00,0.00,3.06,0.00,0.00,0.00,6.12
02:46:13,12,82.83,0.00,8.08,0.00,0.00,2.02,0.00,0.00,0.00,7.07
02:46:13,13,80.81,0.00,9.09,0.00,0.00,3.03,0.00,0.00,0.00,7.07
02:46:13,14,82.00,0.00,8.00,0.00,0.00,3.00,0.00,0.00,0.00,7.00
02:46:13,15,79.00,0.00,10.00,0.00,0.00,4.00,0.00,0.00,0.00,7.00
02:46:14,4,80.61,0.00,9.18,0.00,0.00,3.06,0.00,0.00,0.00,7.14
02:46:14,5,81.82,0.00,8.08,0.00,0.00,3.03,0.00,0.00,0.00,7.07
02:46:14,6,81.82,0.00,9.09,0.00,0.00,2.02,0.00,0.00,0.00,7.07
02:46:14,7,81.82,0.00,8.08,0.00,0.00,2.02,0.00,0.00,0.00,8.08
02:46:14,12,80.81,0.00,9.09,0.00,0.00,2.02,0.00,0.00,0.00,8.08
02:46:14,13,83.00,0.00,8.00,0.00,0.00,2.00,0.00,0.00,0.00,7.00
02:46:14,14,80.00,0.00,9.00,0.00,0.00,4.00,0.00,0.00,0.00,7.00
02:46:14,15,81.00,0.00,9.00,0.00,0.00,2.00,0.00,0.00,0.00,8.00
02:46:15,4,80.00,0.00,9.00,0.00,0.00,4.00,0.00,0.00,0.00,7.00
02:46:15,5,81.00,0.00,9.00,0.00,0.00,3.00,0.00,0.00,0.00,7.00
02:46:15,6,83.00,0.00,7.00,0.00,0.00,2.00,0.00,0.00,0.00,8.00
02:46:15,7,81.19,0.00,7.92,0.00,0.00,2.97,0.00,0.00,0.00,7.92
02:46:15,12,83.00,0.00,8.00,0.00,0.00,2.00,0.00,0.00,0.00,7.00
02:46:15,13,80.81,0.00,9.09,0.00,0.00,3.03,0.00,0.00,0.00,7.07
02:46:15,14,82.83,0.00,7.07,0.00,0.00,3.03,0.00,0.00,0.00,7.07
02:46:15,15,82.65,0.00,8.16,0.00,0.00,2.04,0.00,0.00,0.00,7.14
02:46:16,4,83.00,0.00,7.00,0.00,0.00,2.00,0.00,0.00,0.00,8.00
02:46:16,5,82.65,0.00,8.16,0.00,0.00,2.04,0.00,0.00,0.00,7.14
02:46:16,6,81.82,0.00,8.08,0.00,0.00,3.03,0.00,0.00,0.00,7.07
02:46:16,7,83.84,0.00,7.07,0.00,0.00,2.02,0.00,0.00,0.00,7.07
02:46:16,12,80.00,0.00,9.00,0.00,0.00,3.00,0.00,0.00,0.00,8.00
02:46:16,13,82.00,0.00,8.00,0.00,0.00,3.00,0.00,0.00,0.00,7.00
02:46:16,14,82.83,0.00,8.08,0.00,0.00,2.02,0.00,0.00,0.00,7.07
02:46:16,15,80.00,0.00,9.00,0.00,0.00,3.00,0.00,0.00,0.00,8.00
02:46:17,4,80.81,0.00,8.08,0.00,0.00,3.03,0.00,0.00,0.00,8.08
02:46:17,5,82.18,0.00,7.92,0.00,0.00,1.98,0.00,0.00,0.00,7.92
02:46:17,6,81.82,0.00,8.08,0.00,0.00,2.02,0.00,0.00,0.00,8.08
02:46:17,7,81.82,0.00,8.08,0.00,0.00,2.02,0.00,0.00,0.00,8.08
02:46:17,12,82.65,0.00,8.16,0.00,0.00,2.04,0.00,0.00,0.00,7.14
02:46:17,13,82.00,0.00,8.00,0.00,0.00,2.00,0.00,0.00,0.00,8.00
02:46:17,14,80.00,0.00,9.00,0.00,0.00,3.00,0.00,0.00,0.00,8.00
02:46:17,15,80.61,0.00,9.18,0.00,0.00,3.06,0.00,0.00,0.00,7.14
02:46:18,4,82.00,0.00,8.00,0.00,0.00,2.00,0.00,0.00,0.00,8.00
02:46:18,5,81.00,0.00,8.00,0.00,0.00,3.00,0.00,0.00,0.00,8.00
02:46:18,6,81.82,0.00,8.08,0.00,0.00,3.03,0.00,0.00,0.00,7.07
02:46:18,7,80.00,0.00,8.00,0.00,0.00,3.00,0.00,0.00,0.00,9.00
02:46:18,12,81.00,0.00,8.00,0.00,0.00,3.00,0.00,0.00,0.00,8.00
02:46:18,13,79.80,0.00,9.09,0.00,0.00,3.03,0.00,0.00,0.00,8.08
02:46:18,14,79.00,0.00,9.00,0.00,0.00,4.00,0.00,0.00,0.00,8.00
02:46:18,15,82.00,0.00,8.00,0.00,0.00,2.00,0.00,0.00,0.00,8.00
02:46:19,4,83.67,0.00,8.16,0.00,0.00,2.04,0.00,0.00,0.00,6.12
02:46:19,5,83.00,0.00,8.00,0.00,0.00,2.00,0.00,0.00,0.00,7.00
02:46:19,6,81.19,0.00,8.91,0.00,0.00,1.98,0.00,0.00,0.00,7.92
02:46:19,7,80.00,0.00,9.00,0.00,0.00,4.00,0.00,0.00,0.00,7.00
02:46:19,12,82.00,0.00,8.00,0.00,0.00,3.00,0.00,0.00,0.00,7.00
02:46:19,13,82.83,0.00,9.09,0.00,0.00,2.02,0.00,0.00,0.00,6.06
02:46:19,14,81.82,0.00,9.09,0.00,0.00,2.02,0.00,0.00,0.00,7.07
02:46:19,15,78.22,0.00,11.88,0.00,0.00,2.97,0.00,0.00,0.00,6.93
02:46:20,4,81.19,0.00,7.92,0.00,0.00,2.97,0.00,0.00,0.00,7.92
02:46:20,5,81.00,0.00,9.00,0.00,0.00,3.00,0.00,0.00,0.00,7.00
02:46:20,6,81.82,0.00,8.08,0.00,0.00,3.03,0.00,0.00,0.00,7.07
02:46:20,7,82.00,0.00,8.00,0.00,0.00,3.00,0.00,0.00,0.00,7.00
02:46:20,12,80.81,0.00,9.09,0.00,0.00,3.03,0.00,0.00,0.00,7.07
02:46:20,13,82.00,0.00,8.00,0.00,0.00,3.00,0.00,0.00,0.00,7.00
02:46:20,14,82.83,0.00,7.07,0.00,0.00,3.03,0.00,0.00,0.00,7.07
02:46:20,15,81.82,0.00,8.08,0.00,0.00,3.03,0.00,0.00,0.00,7.07
02:46:21,4,82.83,0.00,8.08,0.00,0.00,2.02,0.00,0.00,0.00,7.07
02:46:21,5,79.80,0.00,10.10,0.00,0.00,3.03,0.00,0.00,0.00,7.07
02:46:21,6,82.83,0.00,8.08,0.00,0.00,2.02,0.00,0.00,0.00,7.07
02:46:21,7,81.00,0.00,9.00,0.00,0.00,2.00,0.00,0.00,0.00,8.00
02:46:21,12,81.82,0.00,8.08,0.00,0.00,3.03,0.00,0.00,0.00,7.07
02:46:21,13,81.00,0.00,8.00,0.00,0.00,3.00,0.00,0.00,0.00,8.00
02:46:21,14,82.00,0.00,8.00,0.00,0.00,3.00,0.00,0.00,0.00,7.00
02:46:21,15,81.82,0.00,8.08,0.00,0.00,2.02,0.00,0.00,0.00,8.08
02:46:22,4,80.81,0.00,9.09,0.00,0.00,3.03,0.00,0.00,0.00,7.07
02:46:22,5,82.47,0.00,8.25,0.00,0.00,2.06,0.00,0.00,0.00,7.22
02:46:22,6,82.18,0.00,8.91,0.00,0.00,1.98,0.00,0.00,0.00,6.93
02:46:22,7,81.00,0.00,9.00,0.00,0.00,3.00,0.00,0.00,0.00,7.00
02:46:22,12,81.19,0.00,8.91,0.00,0.00,1.98,0.00,0.00,0.00,7.92
02:46:22,13,79.80,0.00,9.09,0.00,0.00,3.03,0.00,0.00,0.00,8.08
02:46:22,14,82.83,0.00,8.08,0.00,0.00,2.02,0.00,0.00,0.00,7.07
02:46:22,15,82.83,0.00,8.08,0.00,0.00,2.02,0.00,0.00,0.00,7.07
02:46:23,4,81.19,0.00,7.92,0.00,0.00,2.97,0.00,0.00,0.00,7.92
02:46:23,5,79.21,0.00,8.91,0.00,0.00,3.96,0.00,0.00,0.00,7.92
02:46:23,6,80.81,0.00,9.09,0.00,0.00,2.02,0.00,0.00,0.00,8.08
02:46:23,7,80.61,0.00,9.18,0.00,0.00,2.04,0.00,0.00,0.00,8.16
02:46:23,12,80.81,0.00,9.09,0.00,0.00,3.03,0.00,0.00,0.00,7.07
02:46:23,13,81.00,0.00,9.00,0.00,0.00,2.00,0.00,0.00,0.00,8.00
02:46:23,14,82.83,0.00,7.07,0.00,0.00,2.02,0.00,0.00,0.00,8.08
02:46:23,15,80.20,0.00,8.91,0.00,0.00,2.97,0.00,0.00,0.00,7.92
02:46:24,4,80.00,0.00,10.00,0.00,0.00,3.00,0.00,0.00,0.00,7.00
02:46:24,5,80.20,0.00,10.89,0.00,0.00,1.98,0.00,0.00,0.00,6.93
02:46:24,6,82.00,0.00,8.00,0.00,0.00,3.00,0.00,0.00,0.00,7.00
02:46:24,7,82.00,0.00,9.00,0.00,0.00,3.00,0.00,0.00,0.00,6.00
02:46:24,12,81.00,0.00,10.00,0.00,0.00,2.00,0.00,0.00,0.00,7.00
02:46:24,13,82.00,0.00,10.00,0.00,0.00,2.00,0.00,0.00,0.00,6.00
02:46:24,14,81.19,0.00,8.91,0.00,0.00,2.97,0.00,0.00,0.00,6.93
02:46:24,15,83.84,0.00,7.07,0.00,0.00,2.02,0.00,0.00,0.00,7.07
02:46:25,4,81.82,0.00,9.09,0.00,0.00,3.03,0.00,0.00,0.00,6.06
02:46:25,5,82.00,0.00,9.00,0.00,0.00,2.00,0.00,0.00,0.00,7.00
02:46:25,6,81.19,0.00,8.91,0.00,0.00,2.97,0.00,0.00,0.00,6.93
02:46:25,7,80.61,0.00,8.16,0.00,0.00,3.06,0.00,0.00,0.00,8.16
02:46:25,12,83.00,0.00,7.00,0.00,0.00,3.00,0.00,0.00,0.00,7.00
02:46:25,13,83.84,0.00,8.08,0.00,0.00,2.02,0.00,0.00,0.00,6.06
02:46:25,14,82.65,0.00,7.14,0.00,0.00,3.06,0.00,0.00,0.00,7.14
02:46:25,15,81.00,0.00,10.00,0.00,0.00,2.00,0.00,0.00,0.00,7.00
02:46:26,4,81.82,0.00,8.08,0.00,0.00,3.03,0.00,0.00,0.00,7.07
02:46:26,5,80.00,0.00,10.00,0.00,0.00,3.00,0.00,0.00,0.00,7.00
02:46:26,6,80.61,0.00,10.20,0.00,0.00,2.04,0.00,0.00,0.00,7.14
02:46:26,7,83.00,0.00,7.00,0.00,0.00,3.00,0.00,0.00,0.00,7.00
02:46:26,12,83.67,0.00,7.14,0.00,0.00,2.04,0.00,0.00,0.00,7.14
02:46:26,13,80.81,0.00,8.08,0.00,0.00,3.03,0.00,0.00,0.00,8.08
02:46:26,14,82.00,0.00,8.00,0.00,0.00,3.00,0.00,0.00,0.00,7.00
02:46:26,15,82.00,0.00,8.00,0.00,0.00,2.00,0.00,0.00,0.00,8.00
02:46:27,4,80.00,0.00,10.00,0.00,0.00,2.00,0.00,0.00,0.00,8.00
02:46:27,5,82.83,0.00,8.08,0.00,0.00,2.02,0.00,0.00,0.00,7.07
02:46:27,6,82.00,0.00,8.00,0.00,0.00,3.00,0.00,0.00,0.00,7.00
02:46:27,7,82.83,0.00,7.07,0.00,0.00,2.02,0.00,0.00,0.00,8.08
02:46:27,12,81.63,0.00,7.14,0.00,0.00,4.08,0.00,0.00,0.00,7.14
02:46:27,13,80.20,0.00,9.90,0.00,0.00,2.97,0.00,0.00,0.00,6.93
02:46:27,14,81.00,0.00,9.00,0.00,0.00,3.00,0.00,0.00,0.00,7.00
02:46:27,15,82.83,0.00,8.08,0.00,0.00,2.02,0.00,0.00,0.00,7.07
02:46:28,4,80.81,0.00,9.09,0.00,0.00,3.03,0.00,0.00,0.00,7.07
02:46:28,5,82.00,0.00,8.00,0.00,0.00,3.00,0.00,0.00,0.00,7.00
02:46:28,6,80.81,0.00,9.09,0.00,0.00,3.03,0.00,0.00,0.00,7.07
02:46:28,7,80.61,0.00,10.20,0.00,0.00,2.04,0.00,0.00,0.00,7.14
02:46:28,12,82.00,0.00,8.00,0.00,0.00,3.00,0.00,0.00,0.00,7.00
02:46:28,13,81.82,0.00,9.09,0.00,0.00,2.02,0.00,0.00,0.00,7.07
02:46:28,14,83.84,0.00,7.07,0.00,0.00,2.02,0.00,0.00,0.00,7.07
02:46:28,15,81.19,0.00,8.91,0.00,0.00,2.97,0.00,0.00,0.00,6.93
02:46:29,4,80.81,0.00,11.11,0.00,0.00,2.02,0.00,0.00,0.00,6.06
02:46:29,5,83.67,0.00,8.16,0.00,0.00,2.04,0.00,0.00,0.00,6.12
02:46:29,6,80.00,0.00,10.00,0.00,0.00,3.00,0.00,0.00,0.00,7.00
02:46:29,7,81.19,0.00,8.91,0.00,0.00,2.97,0.00,0.00,0.00,6.93
02:46:29,12,81.19,0.00,9.90,0.00,0.00,2.97,0.00,0.00,0.00,5.94
02:46:29,13,79.00,0.00,11.00,0.00,0.00,3.00,0.00,0.00,0.00,7.00
02:46:29,14,83.17,0.00,8.91,0.00,0.00,0.99,0.00,0.00,0.00,6.93
02:46:29,15,83.00,0.00,8.00,0.00,0.00,2.00,0.00,0.00,0.00,7.00
02:46:30,4,82.00,0.00,8.00,0.00,0.00,3.00,0.00,0.00,0.00,7.00
02:46:30,5,82.00,0.00,8.00,0.00,0.00,3.00,0.00,0.00,0.00,7.00
02:46:30,6,82.65,0.00,8.16,0.00,0.00,2.04,0.00,0.00,0.00,7.14
02:46:30,7,83.67,0.00,6.12,0.00,0.00,3.06,0.00,0.00,0.00,7.14
02:46:30,12,82.47,0.00,7.22,0.00,0.00,3.09,0.00,0.00,0.00,7.22
02:46:30,13,83.84,0.00,8.08,0.00,0.00,1.01,0.00,0.00,0.00,7.07
02:46:30,14,81.00,0.00,9.00,0.00,0.00,3.00,0.00,0.00,0.00,7.00
02:46:30,15,81.82,0.00,9.09,0.00,0.00,2.02,0.00,0.00,0.00,7.07
02:46:31,4,81.82,0.00,9.09,0.00,0.00,2.02,0.00,0.00,0.00,7.07
02:46:31,5,81.63,0.00,8.16,0.00,0.00,3.06,0.00,0.00,0.00,7.14
02:46:31,6,81.19,0.00,7.92,0.00,0.00,2.97,0.00,0.00,0.00,7.92
02:46:31,7,81.82,0.00,8.08,0.00,0.00,2.02,0.00,0.00,0.00,8.08
02:46:31,12,81.00,0.00,8.00,0.00,0.00,3.00,0.00,0.00,0.00,8.00
02:46:31,13,80.81,0.00,8.08,0.00,0.00,3.03,0.00,0.00,0.00,8.08
02:46:31,14,83.00,0.00,7.00,0.00,0.00,3.00,0.00,0.00,0.00,7.00
02:46:31,15,80.81,0.00,8.08,0.00,0.00,3.03,0.00,0.00,0.00,8.08
02:46:32,4,79.80,0.00,9.09,0.00,0.00,3.03,0.00,0.00,0.00,8.08
02:46:32,5,81.82,0.00,7.07,0.00,0.00,3.03,0.00,0.00,0.00,8.08
02:46:32,6,82.65,0.00,8.16,0.00,0.00,2.04,0.00,0.00,0.00,7.14
02:46:32,7,81.82,0.00,8.08,0.00,0.00,2.02,0.00,0.00,0.00,8.08
02:46:32,12,83.00,0.00,7.00,0.00,0.00,2.00,0.00,0.00,0.00,8.00
02:46:32,13,82.83,0.00,7.07,0.00,0.00,3.03,0.00,0.00,0.00,7.07
02:46:32,14,82.00,0.00,8.00,0.00,0.00,2.00,0.00,0.00,0.00,8.00
02:46:32,15,81.00,0.00,8.00,0.00,0.00,3.00,0.00,0.00,0.00,8.00
02:46:33,4,79.00,0.00,10.00,0.00,0.00,3.00,0.00,0.00,0.00,8.00
02:46:33,5,81.00,0.00,8.00,0.00,0.00,3.00,0.00,0.00,0.00,8.00
02:46:33,6,80.00,0.00,8.00,0.00,0.00,4.00,0.00,0.00,0.00,8.00
02:46:33,7,82.00,0.00,8.00,0.00,0.00,2.00,0.00,0.00,0.00,8.00
02:46:33,12,77.78,0.00,11.11,0.00,0.00,3.03,0.00,0.00,0.00,8.08
02:46:33,13,82.18,0.00,7.92,0.00,0.00,1.98,0.00,0.00,0.00,7.92
02:46:33,14,80.00,0.00,9.00,0.00,0.00,3.00,0.00,0.00,0.00,8.00
02:46:33,15,80.61,0.00,7.14,0.00,0.00,4.08,0.00,0.00,0.00,8.16
02:46:34,4,80.20,0.00,8.91,0.00,0.00,2.97,0.00,0.00,0.00,7.92
02:46:34,5,80.81,0.00,9.09,0.00,0.00,3.03,0.00,0.00,0.00,7.07
02:46:34,6,80.00,0.00,10.00,0.00,0.00,2.00,0.00,0.00,0.00,8.00
02:46:34,7,80.81,0.00,9.09,0.00,0.00,2.02,0.00,0.00,0.00,8.08
02:46:34,12,82.00,0.00,8.00,0.00,0.00,3.00,0.00,0.00,0.00,7.00
02:46:34,13,82.83,0.00,6.06,0.00,0.00,3.03,0.00,0.00,0.00,8.08
02:46:34,14,82.83,0.00,7.07,0.00,0.00,2.02,0.00,0.00,0.00,8.08
02:46:34,15,78.00,0.00,11.00,0.00,0.00,3.00,0.00,0.00,0.00,8.00
02:46:35,4,81.44,0.00,10.31,0.00,0.00,2.06,0.00,0.00,0.00,6.19
02:46:35,5,79.80,0.00,11.11,0.00,0.00,3.03,0.00,0.00,0.00,6.06
02:46:35,6,82.83,0.00,9.09,0.00,0.00,2.02,0.00,0.00,0.00,6.06
02:46:35,7,83.00,0.00,8.00,0.00,0.00,3.00,0.00,0.00,0.00,6.00
02:46:35,12,80.81,0.00,10.10,0.00,0.00,2.02,0.00,0.00,0.00,7.07
02:46:35,13,81.82,0.00,9.09,0.00,0.00,2.02,0.00,0.00,0.00,7.07
02:46:35,14,81.00,0.00,9.00,0.00,0.00,3.00,0.00,0.00,0.00,7.00
02:46:35,15,81.19,0.00,7.92,0.00,0.00,3.96,0.00,0.00,0.00,6.93
02:46:36,4,82.00,0.00,9.00,0.00,0.00,2.00,0.00,0.00,0.00,7.00
02:46:36,5,83.00,0.00,8.00,0.00,0.00,2.00,0.00,0.00,0.00,7.00
02:46:36,6,80.00,0.00,10.00,0.00,0.00,2.00,0.00,0.00,0.00,8.00
02:46:36,7,84.69,0.00,7.14,0.00,0.00,1.02,0.00,0.00,0.00,7.14
02:46:36,12,82.65,0.00,8.16,0.00,0.00,2.04,0.00,0.00,0.00,7.14
02:46:36,13,81.82,0.00,8.08,0.00,0.00,3.03,0.00,0.00,0.00,7.07
02:46:36,14,82.18,0.00,7.92,0.00,0.00,2.97,0.00,0.00,0.00,6.93
02:46:36,15,82.83,0.00,7.07,0.00,0.00,2.02,0.00,0.00,0.00,8.08
02:46:37,4,81.82,0.00,8.08,0.00,0.00,2.02,0.00,0.00,0.00,8.08
02:46:37,5,81.00,0.00,9.00,0.00,0.00,2.00,0.00,0.00,0.00,8.00
02:46:37,6,78.79,0.00,10.10,0.00,0.00,3.03,0.00,0.00,0.00,8.08
02:46:37,7,80.20,0.00,7.92,0.00,0.00,2.97,0.00,0.00,0.00,8.91
02:46:37,12,79.80,0.00,10.10,0.00,0.00,2.02,0.00,0.00,0.00,8.08
02:46:37,13,81.82,0.00,8.08,0.00,0.00,2.02,0.00,0.00,0.00,8.08
02:46:37,14,82.65,0.00,7.14,0.00,0.00,2.04,0.00,0.00,0.00,8.16
02:46:37,15,81.00,0.00,8.00,0.00,0.00,3.00,0.00,0.00,0.00,8.00
02:46:38,4,80.81,0.00,9.09,0.00,0.00,2.02,0.00,0.00,0.00,8.08
02:46:38,5,82.83,0.00,8.08,0.00,0.00,2.02,0.00,0.00,0.00,7.07
02:46:38,6,82.65,0.00,8.16,0.00,0.00,2.04,0.00,0.00,0.00,7.14
02:46:38,7,81.82,0.00,8.08,0.00,0.00,2.02,0.00,0.00,0.00,8.08
02:46:38,12,80.81,0.00,8.08,0.00,0.00,3.03,0.00,0.00,0.00,8.08
02:46:38,13,79.21,0.00,8.91,0.00,0.00,3.96,0.00,0.00,0.00,7.92
02:46:38,14,81.00,0.00,8.00,0.00,0.00,3.00,0.00,0.00,0.00,8.00
02:46:38,15,80.00,0.00,9.00,0.00,0.00,3.00,0.00,0.00,0.00,8.00
02:46:39,4,80.81,0.00,8.08,0.00,0.00,3.03,0.00,0.00,0.00,8.08
02:46:39,5,79.80,0.00,9.09,0.00,0.00,3.03,0.00,0.00,0.00,8.08
02:46:39,6,81.19,0.00,7.92,0.00,0.00,2.97,0.00,0.00,0.00,7.92
02:46:39,7,78.00,0.00,10.00,0.00,0.00,4.00,0.00,0.00,0.00,8.00
02:46:39,12,80.81,0.00,9.09,0.00,0.00,2.02,0.00,0.00,0.00,8.08
02:46:39,13,80.81,0.00,9.09,0.00,0.00,2.02,0.00,0.00,0.00,8.08
02:46:39,14,81.19,0.00,8.91,0.00,0.00,1.98,0.00,0.00,0.00,7.92
02:46:39,15,81.44,0.00,8.25,0.00,0.00,3.09,0.00,0.00,0.00,7.22
02:46:40,4,82.18,0.00,8.91,0.00,0.00,2.97,0.00,0.00,0.00,5.94
02:46:40,5,80.81,0.00,11.11,0.00,0.00,2.02,0.00,0.00,0.00,6.06
02:46:40,6,84.00,0.00,7.00,0.00,0.00,2.00,0.00,0.00,0.00,7.00
02:46:40,7,79.80,0.00,10.10,0.00,0.00,3.03,0.00,0.00,0.00,7.07
02:46:40,12,81.00,0.00,10.00,0.00,0.00,3.00,0.00,0.00,0.00,6.00
02:46:40,13,82.47,0.00,9.28,0.00,0.00,2.06,0.00,0.00,0.00,6.19
02:46:40,14,83.00,0.00,8.00,0.00,0.00,3.00,0.00,0.00,0.00,6.00
02:46:40,15,80.20,0.00,9.90,0.00,0.00,2.97,0.00,0.00,0.00,6.93
02:46:41,4,79.80,0.00,10.10,0.00,0.00,3.03,0.00,0.00,0.00,7.07
02:46:41,5,81.19,0.00,7.92,0.00,0.00,2.97,0.00,0.00,0.00,7.92
02:46:41,6,83.84,0.00,7.07,0.00,0.00,2.02,0.00,0.00,0.00,7.07
02:46:41,7,80.81,0.00,8.08,0.00,0.00,3.03,0.00,0.00,0.00,8.08
02:46:41,12,81.00,0.00,9.00,0.00,0.00,2.00,0.00,0.00,0.00,8.00
02:46:41,13,82.18,0.00,6.93,0.00,0.00,2.97,0.00,0.00,0.00,7.92
02:46:41,14,80.81,0.00,8.08,0.00,0.00,4.04,0.00,0.00,0.00,7.07
02:46:41,15,80.81,0.00,9.09,0.00,0.00,2.02,0.00,0.00,0.00,8.08
02:46:42,4,80.81,0.00,9.09,0.00,0.00,2.02,0.00,0.00,0.00,8.08
02:46:42,5,80.81,0.00,9.09,0.00,0.00,3.03,0.00,0.00,0.00,7.07
02:46:42,6,79.00,0.00,9.00,0.00,0.00,4.00,0.00,0.00,0.00,8.00
02:46:42,7,80.81,0.00,9.09,0.00,0.00,3.03,0.00,0.00,0.00,7.07
02:46:42,12,83.67,0.00,7.14,0.00,0.00,3.06,0.00,0.00,0.00,6.12
02:46:42,13,81.63,0.00,8.16,0.00,0.00,3.06,0.00,0.00,0.00,7.14
02:46:42,14,83.84,0.00,6.06,0.00,0.00,2.02,0.00,0.00,0.00,8.08
02:46:42,15,80.81,0.00,9.09,0.00,0.00,3.03,0.00,0.00,0.00,7.07
02:46:43,4,81.63,0.00,8.16,0.00,0.00,3.06,0.00,0.00,0.00,7.14
02:46:43,5,81.19,0.00,7.92,0.00,0.00,2.97,0.00,0.00,0.00,7.92
02:46:43,6,80.00,0.00,10.00,0.00,0.00,3.00,0.00,0.00,0.00,7.00
02:46:43,7,81.82,0.00,8.08,0.00,0.00,2.02,0.00,0.00,0.00,8.08
02:46:43,12,80.20,0.00,8.91,0.00,0.00,2.97,0.00,0.00,0.00,7.92
02:46:43,13,81.19,0.00,7.92,0.00,0.00,2.97,0.00,0.00,0.00,7.92
02:46:43,14,81.82,0.00,8.08,0.00,0.00,3.03,0.00,0.00,0.00,7.07
02:46:43,15,80.81,0.00,9.09,0.00,0.00,2.02,0.00,0.00,0.00,8.08
02:46:44,4,83.00,0.00,8.00,0.00,0.00,2.00,0.00,0.00,0.00,7.00
02:46:44,5,81.63,0.00,10.20,0.00,0.00,2.04,0.00,0.00,0.00,6.12
02:46:44,6,81.82,0.00,9.09,0.00,0.00,2.02,0.00,0.00,0.00,7.07
02:46:44,7,81.00,0.00,8.00,0.00,0.00,4.00,0.00,0.00,0.00,7.00
02:46:44,12,81.82,0.00,8.08,0.00,0.00,3.03,0.00,0.00,0.00,7.07
02:46:44,13,82.65,0.00,8.16,0.00,0.00,3.06,0.00,0.00,0.00,6.12
02:46:44,14,81.00,0.00,10.00,0.00,0.00,2.00,0.00,0.00,0.00,7.00
02:46:44,15,82.18,0.00,7.92,0.00,0.00,2.97,0.00,0.00,0.00,6.93
02:46:45,4,82.00,0.00,9.00,0.00,0.00,2.00,0.00,0.00,0.00,7.00
02:46:45,5,81.82,0.00,9.09,0.00,0.00,2.02,0.00,0.00,0.00,7.07
02:46:45,6,81.19,0.00,7.92,0.00,0.00,3.96,0.00,0.00,0.00,6.93
02:46:45,7,82.00,0.00,8.00,0.00,0.00,3.00,0.00,0.00,0.00,7.00
02:46:45,12,82.83,0.00,9.09,0.00,0.00,1.01,0.00,0.00,0.00,7.07
02:46:45,13,81.19,0.00,9.90,0.00,0.00,2.97,0.00,0.00,0.00,5.94
02:46:45,14,80.81,0.00,8.08,0.00,0.00,4.04,0.00,0.00,0.00,7.07
02:46:45,15,81.00,0.00,9.00,0.00,0.00,3.00,0.00,0.00,0.00,7.00
02:46:46,4,81.82,0.00,8.08,0.00,0.00,3.03,0.00,0.00,0.00,7.07
02:46:46,5,80.20,0.00,8.91,0.00,0.00,2.97,0.00,0.00,0.00,7.92
02:46:46,6,79.00,0.00,10.00,0.00,0.00,3.00,0.00,0.00,0.00,8.00
02:46:46,7,82.65,0.00,8.16,0.00,0.00,2.04,0.00,0.00,0.00,7.14
02:46:46,12,81.00,0.00,9.00,0.00,0.00,3.00,0.00,0.00,0.00,7.00
02:46:46,13,80.20,0.00,7.92,0.00,0.00,3.96,0.00,0.00,0.00,7.92
02:46:46,14,81.82,0.00,8.08,0.00,0.00,3.03,0.00,0.00,0.00,7.07
02:46:46,15,82.83,0.00,8.08,0.00,0.00,2.02,0.00,0.00,0.00,7.07
02:46:47,4,83.00,0.00,8.00,0.00,0.00,2.00,0.00,0.00,0.00,7.00
02:46:47,5,80.00,0.00,9.00,0.00,0.00,4.00,0.00,0.00,0.00,7.00
02:46:47,6,82.00,0.00,9.00,0.00,0.00,2.00,0.00,0.00,0.00,7.00
02:46:47,7,83.00,0.00,7.00,0.00,0.00,2.00,0.00,0.00,0.00,8.00
02:46:47,12,83.00,0.00,8.00,0.00,0.00,2.00,0.00,0.00,0.00,7.00
02:46:47,13,81.82,0.00,9.09,0.00,0.00,2.02,0.00,0.00,0.00,7.07
02:46:47,14,82.00,0.00,8.00,0.00,0.00,3.00,0.00,0.00,0.00,7.00
02:46:47,15,81.00,0.00,8.00,0.00,0.00,3.00,0.00,0.00,0.00,8.00
02:46:48,4,81.82,0.00,8.08,0.00,0.00,3.03,0.00,0.00,0.00,7.07
02:46:48,5,82.47,0.00,8.25,0.00,0.00,2.06,0.00,0.00,0.00,7.22
02:46:48,6,80.81,0.00,9.09,0.00,0.00,3.03,0.00,0.00,0.00,7.07
02:46:48,7,80.61,0.00,9.18,0.00,0.00,2.04,0.00,0.00,0.00,8.16
02:46:48,12,81.00,0.00,8.00,0.00,0.00,3.00,0.00,0.00,0.00,8.00
02:46:48,13,80.61,0.00,8.16,0.00,0.00,4.08,0.00,0.00,0.00,7.14
02:46:48,14,79.21,0.00,9.90,0.00,0.00,2.97,0.00,0.00,0.00,7.92
02:46:48,15,82.83,0.00,7.07,0.00,0.00,2.02,0.00,0.00,0.00,8.08
02:46:49,4,83.84,0.00,7.07,0.00,0.00,2.02,0.00,0.00,0.00,7.07
02:46:49,5,81.00,0.00,9.00,0.00,0.00,3.00,0.00,0.00,0.00,7.00
02:46:49,6,81.19,0.00,7.92,0.00,0.00,2.97,0.00,0.00,0.00,7.92
02:46:49,7,80.00,0.00,10.00,0.00,0.00,3.00,0.00,0.00,0.00,7.00
02:46:49,12,82.18,0.00,8.91,0.00,0.00,1.98,0.00,0.00,0.00,6.93
02:46:49,13,82.83,0.00,7.07,0.00,0.00,3.03,0.00,0.00,0.00,7.07
02:46:49,14,81.00,0.00,9.00,0.00,0.00,3.00,0.00,0.00,0.00,7.00
02:46:49,15,82.00,0.00,9.00,0.00,0.00,2.00,0.00,0.00,0.00,7.00
02:46:50,4,79.00,0.00,11.00,0.00,0.00,3.00,0.00,0.00,0.00,7.00
02:46:50,5,81.19,0.00,8.91,0.00,0.00,1.98,0.00,0.00,0.00,7.92
02:46:50,6,80.61,0.00,9.18,0.00,0.00,3.06,0.00,0.00,0.00,7.14
02:46:50,7,81.82,0.00,8.08,0.00,0.00,2.02,0.00,0.00,0.00,8.08
02:46:50,12,80.81,0.00,10.10,0.00,0.00,2.02,0.00,0.00,0.00,7.07
02:46:50,13,80.00,0.00,8.00,0.00,0.00,4.00,0.00,0.00,0.00,8.00
02:46:50,14,81.82,0.00,9.09,0.00,0.00,2.02,0.00,0.00,0.00,7.07
02:46:50,15,79.00,0.00,10.00,0.00,0.00,3.00,0.00,0.00,0.00,8.00
02:46:51,4,82.83,0.00,8.08,0.00,0.00,2.02,0.00,0.00,0.00,7.07
02:46:51,5,82.83,0.00,8.08,0.00,0.00,3.03,0.00,0.00,0.00,6.06
02:46:51,6,81.19,0.00,10.89,0.00,0.00,1.98,0.00,0.00,0.00,5.94
02:46:51,7,80.81,0.00,10.10,0.00,0.00,2.02,0.00,0.00,0.00,7.07
02:46:51,12,81.82,0.00,9.09,0.00,0.00,2.02,0.00,0.00,0.00,7.07
02:46:51,13,81.82,0.00,9.09,0.00,0.00,3.03,0.00,0.00,0.00,6.06
02:46:51,14,82.00,0.00,8.00,0.00,0.00,4.00,0.00,0.00,0.00,6.00
02:46:51,15,83.51,0.00,8.25,0.00,0.00,2.06,0.00,0.00,0.00,6.19
02:46:52,4,82.00,0.00,8.00,0.00,0.00,3.00,0.00,0.00,0.00,7.00
02:46:52,5,82.83,0.00,8.08,0.00,0.00,2.02,0.00,0.00,0.00,7.07
02:46:52,6,80.81,0.00,9.09,0.00,0.00,3.03,0.00,0.00,0.00,7.07
02:46:52,7,81.82,0.00,8.08,0.00,0.00,3.03,0.00,0.00,0.00,7.07
02:46:52,12,79.80,0.00,9.09,0.00,0.00,4.04,0.00,0.00,0.00,7.07
02:46:52,13,81.00,0.00,8.00,0.00,0.00,4.00,0.00,0.00,0.00,7.00
02:46:52,14,82.00,0.00,8.00,0.00,0.00,2.00,0.00,0.00,0.00,8.00
02:46:52,15,78.00,0.00,10.00,0.00,0.00,4.00,0.00,0.00,0.00,8.00
02:46:53,4,82.83,0.00,7.07,0.00,0.00,2.02,0.00,0.00,0.00,8.08
02:46:53,5,79.00,0.00,10.00,0.00,0.00,3.00,0.00,0.00,0.00,8.00
02:46:53,6,81.00,0.00,9.00,0.00,0.00,2.00,0.00,0.00,0.00,8.00
02:46:53,7,81.82,0.00,7.07,0.00,0.00,3.03,0.00,0.00,0.00,8.08
02:46:53,12,80.00,0.00,9.00,0.00,0.00,3.00,0.00,0.00,0.00,8.00
02:46:53,13,81.63,0.00,8.16,0.00,0.00,2.04,0.00,0.00,0.00,8.16
02:46:53,14,81.00,0.00,9.00,0.00,0.00,3.00,0.00,0.00,0.00,7.00
02:46:53,15,79.80,0.00,10.10,0.00,0.00,2.02,0.00,0.00,0.00,8.08
02:46:54,4,81.82,0.00,9.09,0.00,0.00,3.03,0.00,0.00,0.00,6.06
02:46:54,5,82.65,0.00,9.18,0.00,0.00,2.04,0.00,0.00,0.00,6.12
02:46:54,6,82.00,0.00,8.00,0.00,0.00,3.00,0.00,0.00,0.00,7.00
02:46:54,7,78.79,0.00,11.11,0.00,0.00,3.03,0.00,0.00,0.00,7.07
02:46:54,12,80.81,0.00,9.09,0.00,0.00,3.03,0.00,0.00,0.00,7.07
02:46:54,13,81.82,0.00,9.09,0.00,0.00,3.03,0.00,0.00,0.00,6.06
02:46:54,14,83.67,0.00,7.14,0.00,0.00,2.04,0.00,0.00,0.00,7.14
02:46:54,15,82.00,0.00,9.00,0.00,0.00,2.00,0.00,0.00,0.00,7.00
02:46:55,4,82.00,0.00,8.00,0.00,0.00,3.00,0.00,0.00,0.00,7.00
02:46:55,5,81.82,0.00,9.09,0.00,0.00,2.02,0.00,0.00,0.00,7.07
02:46:55,6,82.00,0.00,8.00,0.00,0.00,3.00,0.00,0.00,0.00,7.00
02:46:55,7,81.82,0.00,9.09,0.00,0.00,2.02,0.00,0.00,0.00,7.07
02:46:55,12,80.81,0.00,9.09,0.00,0.00,3.03,0.00,0.00,0.00,7.07
02:46:55,13,81.19,0.00,7.92,0.00,0.00,2.97,0.00,0.00,0.00,7.92
02:46:55,14,82.83,0.00,9.09,0.00,0.00,2.02,0.00,0.00,0.00,6.06
02:46:55,15,83.00,0.00,8.00,0.00,0.00,2.00,0.00,0.00,0.00,7.00
02:46:56,4,82.83,0.00,8.08,0.00,0.00,2.02,0.00,0.00,0.00,7.07
02:46:56,5,81.00,0.00,9.00,0.00,0.00,3.00,0.00,0.00,0.00,7.00
02:46:56,6,80.00,0.00,10.00,0.00,0.00,2.00,0.00,0.00,0.00,8.00
02:46:56,7,81.82,0.00,9.09,0.00,0.00,2.02,0.00,0.00,0.00,7.07
02:46:56,12,83.84,0.00,8.08,0.00,0.00,2.02,0.00,0.00,0.00,6.06
02:46:56,13,82.00,0.00,8.00,0.00,0.00,3.00,0.00,0.00,0.00,7.00
02:46:56,14,81.00,0.00,8.00,0.00,0.00,3.00,0.00,0.00,0.00,8.00
02:46:56,15,82.83,0.00,7.07,0.00,0.00,3.03,0.00,0.00,0.00,7.07
02:46:57,4,82.83,0.00,8.08,0.00,0.00,2.02,0.00,0.00,0.00,7.07
02:46:57,5,81.00,0.00,10.00,0.00,0.00,2.00,0.00,0.00,0.00,7.00
02:46:57,6,82.65,0.00,9.18,0.00,0.00,2.04,0.00,0.00,0.00,6.12
02:46:57,7,81.00,0.00,9.00,0.00,0.00,3.00,0.00,0.00,0.00,7.00
02:46:57,12,82.00,0.00,8.00,0.00,0.00,3.00,0.00,0.00,0.00,7.00
02:46:57,13,81.82,0.00,9.09,0.00,0.00,3.03,0.00,0.00,0.00,6.06
02:46:57,14,84.00,0.00,8.00,0.00,0.00,2.00,0.00,0.00,0.00,6.00
02:46:57,15,81.00,0.00,9.00,0.00,0.00,3.00,0.00,0.00,0.00,7.00
02:46:58,4,80.00,0.00,10.00,0.00,0.00,3.00,0.00,0.00,0.00,7.00
02:46:58,5,81.82,0.00,8.08,0.00,0.00,3.03,0.00,0.00,0.00,7.07
02:46:58,6,83.00,0.00,8.00,0.00,0.00,2.00,0.00,0.00,0.00,7.00
02:46:58,7,81.00,0.00,9.00,0.00,0.00,3.00,0.00,0.00,0.00,7.00
02:46:58,12,81.82,0.00,9.09,0.00,0.00,1.01,0.00,0.00,0.00,8.08
02:46:58,13,81.63,0.00,8.16,0.00,0.00,3.06,0.00,0.00,0.00,7.14
02:46:58,14,81.19,0.00,7.92,0.00,0.00,2.97,0.00,0.00,0.00,7.92
02:46:58,15,80.00,0.00,9.00,0.00,0.00,3.00,0.00,0.00,0.00,8.00
02:46:59,4,80.81,0.00,9.09,0.00,0.00,2.02,0.00,0.00,0.00,8.08
02:46:59,5,79.80,0.00,9.09,0.00,0.00,4.04,0.00,0.00,0.00,7.07
02:46:59,6,81.19,0.00,7.92,0.00,0.00,2.97,0.00,0.00,0.00,7.92
02:46:59,7,81.63,0.00,9.18,0.00,0.00,1.02,0.00,0.00,0.00,8.16
02:46:59,12,78.00,0.00,10.00,0.00,0.00,4.00,0.00,0.00,0.00,8.00
02:46:59,13,81.00,0.00,9.00,0.00,0.00,2.00,0.00,0.00,0.00,8.00
02:46:59,14,81.63,0.00,7.14,0.00,0.00,3.06,0.00,0.00,0.00,8.16
02:46:59,15,82.00,0.00,7.00,0.00,0.00,3.00,0.00,0.00,0.00,8.00
02:47:00,4,81.82,0.00,7.07,0.00,0.00,4.04,0.00,0.00,0.00,7.07
02:47:00,5,82.65,0.00,9.18,0.00,0.00,1.02,0.00,0.00,0.00,7.14
02:47:00,6,81.00,0.00,8.00,0.00,0.00,4.00,0.00,0.00,0.00,7.00
02:47:00,7,80.81,0.00,9.09,0.00,0.00,2.02,0.00,0.00,0.00,8.08
02:47:00,12,80.00,0.00,11.00,0.00,0.00,2.00,0.00,0.00,0.00,7.00
02:47:00,13,80.61,0.00,9.18,0.00,0.00,3.06,0.00,0.00,0.00,7.14
02:47:00,14,80.00,0.00,9.00,0.00,0.00,4.00,0.00,0.00,0.00,7.00
02:47:00,15,82.65,0.00,8.16,0.00,0.00,2.04,0.00,0.00,0.00,7.14
02:47:01,4,82.00,0.00,9.00,0.00,0.00,2.00,0.00,0.00,0.00,7.00
02:47:01,5,81.00,0.00,9.00,0.00,0.00,3.00,0.00,0.00,0.00,7.00
02:47:01,6,82.00,0.00,8.00,0.00,0.00,3.00,0.00,0.00,0.00,7.00
02:47:01,7,81.82,0.00,9.09,0.00,0.00,3.03,0.00,0.00,0.00,6.06
02:47:01,12,82.65,0.00,9.18,0.00,0.00,2.04,0.00,0.00,0.00,6.12
02:47:01,13,80.39,0.00,9.80,0.00,0.00,2.94,0.00,0.00,0.00,6.86
02:47:01,14,81.82,0.00,9.09,0.00,0.00,2.02,0.00,0.00,0.00,7.07
02:47:01,15,81.00,0.00,10.00,0.00,0.00,3.00,0.00,0.00,0.00,6.00
02:47:02,4,80.00,0.00,8.00,0.00,0.00,4.00,0.00,0.00,0.00,8.00
02:47:02,5,81.00,0.00,10.00,0.00,0.00,2.00,0.00,0.00,0.00,7.00
02:47:02,6,79.59,0.00,10.20,0.00,0.00,3.06,0.00,0.00,0.00,7.14
02:47:02,7,81.82,0.00,8.08,0.00,0.00,2.02,0.00,0.00,0.00,8.08
02:47:02,12,80.81,0.00,9.09,0.00,0.00,3.03,0.00,0.00,0.00,7.07
02:47:02,13,82.65,0.00,8.16,0.00,0.00,2.04,0.00,0.00,0.00,7.14
02:47:02,14,80.00,0.00,9.00,0.00,0.00,3.00,0.00,0.00,0.00,8.00
02:47:02,15,81.19,0.00,8.91,0.00,0.00,1.98,0.00,0.00,0.00,7.92
02:47:03,4,83.00,0.00,8.00,0.00,0.00,2.00,0.00,0.00,0.00,7.00
02:47:03,5,83.00,0.00,8.00,0.00,0.00,2.00,0.00,0.00,0.00,7.00
02:47:03,6,79.00,0.00,11.00,0.00,0.00,3.00,0.00,0.00,0.00,7.00
02:47:03,7,80.20,0.00,8.91,0.00,0.00,2.97,0.00,0.00,0.00,7.92
02:47:03,12,80.20,0.00,7.92,0.00,0.00,3.96,0.00,0.00,0.00,7.92
02:47:03,13,81.19,0.00,7.92,0.00,0.00,2.97,0.00,0.00,0.00,7.92
02:47:03,14,81.82,0.00,9.09,0.00,0.00,2.02,0.00,0.00,0.00,7.07
02:47:03,15,83.67,0.00,7.14,0.00,0.00,2.04,0.00,0.00,0.00,7.14
02:47:04,4,81.63,0.00,8.16,0.00,0.00,2.04,0.00,0.00,0.00,8.16
02:47:04,5,80.61,0.00,9.18,0.00,0.00,2.04,0.00,0.00,0.00,8.16
02:47:04,6,81.00,0.00,8.00,0.00,0.00,2.00,0.00,0.00,0.00,9.00
02:47:04,7,80.81,0.00,8.08,0.00,0.00,3.03,0.00,0.00,0.00,8.08
02:47:04,12,79.80,0.00,8.08,0.00,0.00,4.04,0.00,0.00,0.00,8.08
02:47:04,13,82.65,0.00,7.14,0.00,0.00,3.06,0.00,0.00,0.00,7.14
02:47:04,14,81.00,0.00,8.00,0.00,0.00,2.00,0.00,0.00,0.00,9.00
02:47:04,15,81.00,0.00,8.00,0.00,0.00,3.00,0.00,0.00,0.00,8.00
02:47:05,4,82.83,0.00,8.08,0.00,0.00,2.02,0.00,0.00,0.00,7.07
02:47:05,5,79.80,0.00,9.09,0.00,0.00,3.03,0.00,0.00,0.00,8.08
02:47:05,6,81.00,0.00,10.00,0.00,0.00,2.00,0.00,0.00,0.00,7.00
02:47:05,7,80.81,0.00,7.07,0.00,0.00,4.04,0.00,0.00,0.00,8.08
02:47:05,12,81.82,0.00,9.09,0.00,0.00,2.02,0.00,0.00,0.00,7.07
02:47:05,13,81.00,0.00,9.00,0.00,0.00,2.00,0.00,0.00,0.00,8.00
02:47:05,14,82.83,0.00,7.07,0.00,0.00,3.03,0.00,0.00,0.00,7.07
02:47:05,15,81.82,0.00,9.09,0.00,0.00,1.01,0.00,0.00,0.00,8.08
02:47:06,4,82.18,0.00,9.90,0.00,0.00,0.99,0.00,0.00,0.00,6.93
02:47:06,5,80.00,0.00,11.00,0.00,0.00,3.00,0.00,0.00,0.00,6.00
02:47:06,6,80.81,0.00,8.08,0.00,0.00,4.04,0.00,0.00,0.00,7.07
02:47:06,7,84.85,0.00,7.07,0.00,0.00,1.01,0.00,0.00,0.00,7.07
02:47:06,12,79.80,0.00,10.10,0.00,0.00,4.04,0.00,0.00,0.00,6.06
02:47:06,13,80.00,0.00,10.00,0.00,0.00,4.00,0.00,0.00,0.00,6.00
02:47:06,14,82.83,0.00,8.08,0.00,0.00,3.03,0.00,0.00,0.00,6.06
02:47:06,15,81.00,0.00,9.00,0.00,0.00,3.00,0.00,0.00,0.00,7.00
02:47:07,4,80.61,0.00,8.16,0.00,0.00,4.08,0.00,0.00,0.00,7.14
02:47:07,5,80.00,0.00,9.00,0.00,0.00,3.00,0.00,0.00,0.00,8.00
02:47:07,6,81.00,0.00,8.00,0.00,0.00,3.00,0.00,0.00,0.00,8.00
02:47:07,7,81.00,0.00,8.00,0.00,0.00,3.00,0.00,0.00,0.00,8.00
02:47:07,12,82.83,0.00,7.07,0.00,0.00,2.02,0.00,0.00,0.00,8.08
02:47:07,13,81.19,0.00,8.91,0.00,0.00,1.98,0.00,0.00,0.00,7.92
02:47:07,14,79.41,0.00,9.80,0.00,0.00,2.94,0.00,0.00,0.00,7.84
02:47:07,15,81.00,0.00,9.00,0.00,0.00,2.00,0.00,0.00,0.00,8.00
02:47:08,4,80.00,0.00,9.00,0.00,0.00,3.00,0.00,0.00,0.00,8.00
02:47:08,5,82.00,0.00,9.00,0.00,0.00,2.00,0.00,0.00,0.00,7.00
02:47:08,6,80.00,0.00,10.00,0.00,0.00,3.00,0.00,0.00,0.00,7.00
02:47:08,7,80.81,0.00,9.09,0.00,0.00,3.03,0.00,0.00,0.00,7.07
02:47:08,12,80.00,0.00,8.00,0.00,0.00,4.00,0.00,0.00,0.00,8.00
02:47:08,13,84.00,0.00,7.00,0.00,0.00,2.00,0.00,0.00,0.00,7.00
02:47:08,14,82.00,0.00,8.00,0.00,0.00,3.00,0.00,0.00,0.00,7.00
02:47:08,15,80.81,0.00,9.09,0.00,0.00,3.03,0.00,0.00,0.00,7.07
02:47:09,4,81.00,0.00,9.00,0.00,0.00,3.00,0.00,0.00,0.00,7.00
02:47:09,5,81.82,0.00,8.08,0.00,0.00,2.02,0.00,0.00,0.00,8.08
02:47:09,6,79.80,0.00,9.09,0.00,0.00,3.03,0.00,0.00,0.00,8.08
02:47:09,7,81.00,0.00,8.00,0.00,0.00,3.00,0.00,0.00,0.00,8.00
02:47:09,12,81.00,0.00,9.00,0.00,0.00,3.00,0.00,0.00,0.00,7.00
02:47:09,13,80.81,0.00,9.09,0.00,0.00,2.02,0.00,0.00,0.00,8.08
02:47:09,14,81.63,0.00,8.16,0.00,0.00,2.04,0.00,0.00,0.00,8.16
02:47:09,15,82.00,0.00,8.00,0.00,0.00,2.00,0.00,0.00,0.00,8.00
02:47:10,4,83.84,0.00,7.07,0.00,0.00,2.02,0.00,0.00,0.00,7.07
02:47:10,5,83.84,0.00,6.06,0.00,0.00,3.03,0.00,0.00,0.00,7.07
02:47:10,6,80.20,0.00,9.90,0.00,0.00,2.97,0.00,0.00,0.00,6.93
02:47:10,7,80.20,0.00,8.91,0.00,0.00,2.97,0.00,0.00,0.00,7.92
02:47:10,12,79.80,0.00,9.09,0.00,0.00,3.03,0.00,0.00,0.00,8.08
02:47:10,13,80.20,0.00,9.90,0.00,0.00,2.97,0.00,0.00,0.00,6.93
02:47:10,14,80.00,0.00,10.00,0.00,0.00,3.00,0.00,0.00,0.00,7.00
02:47:10,15,82.00,0.00,8.00,0.00,0.00,2.00,0.00,0.00,0.00,8.00
02:47:11,4,83.84,0.00,7.07,0.00,0.00,2.02,0.00,0.00,0.00,7.07
02:47:11,5,81.19,0.00,8.91,0.00,0.00,2.97,0.00,0.00,0.00,6.93
02:47:11,6,83.84,0.00,7.07,0.00,0.00,2.02,0.00,0.00,0.00,7.07
02:47:11,7,82.83,0.00,8.08,0.00,0.00,2.02,0.00,0.00,0.00,7.07
02:47:11,12,80.00,0.00,11.00,0.00,0.00,2.00,0.00,0.00,0.00,7.00
02:47:11,13,81.82,0.00,9.09,0.00,0.00,2.02,0.00,0.00,0.00,7.07
02:47:11,14,79.21,0.00,9.90,0.00,0.00,2.97,0.00,0.00,0.00,7.92
02:47:11,15,83.84,0.00,7.07,0.00,0.00,2.02,0.00,0.00,0.00,7.07
02:47:12,4,81.00,0.00,10.00,0.00,0.00,3.00,0.00,0.00,0.00,6.00
02:47:12,5,79.80,0.00,10.10,0.00,0.00,3.03,0.00,0.00,0.00,7.07
02:47:12,6,81.00,0.00,8.00,0.00,0.00,4.00,0.00,0.00,0.00,7.00
02:47:12,7,82.83,0.00,8.08,0.00,0.00,2.02,0.00,0.00,0.00,7.07
02:47:12,12,81.19,0.00,8.91,0.00,0.00,2.97,0.00,0.00,0.00,6.93
02:47:12,13,82.00,0.00,9.00,0.00,0.00,3.00,0.00,0.00,0.00,6.00
02:47:12,14,83.67,0.00,8.16,0.00,0.00,2.04,0.00,0.00,0.00,6.12
02:47:12,15,83.17,0.00,6.93,0.00,0.00,2.97,0.00,0.00,0.00,6.93
02:47:13,4,81.82,0.00,7.07,0.00,0.00,2.02,0.00,0.00,0.00,9.09
02:47:13,5,80.81,0.00,8.08,0.00,0.00,3.03,0.00,0.00,0.00,8.08
02:47:13,6,79.80,0.00,9.09,0.00,0.00,3.03,0.00,0.00,0.00,8.08
02:47:13,7,82.00,0.00,8.00,0.00,0.00,2.00,0.00,0.00,0.00,8.00
02:47:13,12,80.61,0.00,9.18,0.00,0.00,2.04,0.00,0.00,0.00,8.16
02:47:13,13,82.18,0.00,6.93,0.00,0.00,2.97,0.00,0.00,0.00,7.92
02:47:13,14,79.00,0.00,9.00,0.00,0.00,3.00,0.00,0.00,0.00,9.00
02:47:13,15,82.00,0.00,7.00,0.00,0.00,3.00,0.00,0.00,0.00,8.00
02:47:14,4,78.00,0.00,11.00,0.00,0.00,3.00,0.00,0.00,0.00,8.00
02:47:14,5,82.65,0.00,8.16,0.00,0.00,2.04,0.00,0.00,0.00,7.14
02:47:14,6,81.19,0.00,7.92,0.00,0.00,1.98,0.00,0.00,0.00,8.91
02:47:14,7,79.00,0.00,9.00,0.00,0.00,3.00,0.00,0.00,0.00,9.00
02:47:14,12,80.81,0.00,8.08,0.00,0.00,3.03,0.00,0.00,0.00,8.08
02:47:14,13,81.82,0.00,8.08,0.00,0.00,2.02,0.00,0.00,0.00,8.08
02:47:14,14,78.79,0.00,10.10,0.00,0.00,3.03,0.00,0.00,0.00,8.08
02:47:14,15,79.21,0.00,8.91,0.00,0.00,2.97,0.00,0.00,0.00,8.91
02:47:15,4,81.00,0.00,8.00,0.00,0.00,3.00,0.00,0.00,0.00,8.00
02:47:15,5,81.19,0.00,8.91,0.00,0.00,1.98,0.00,0.00,0.00,7.92
02:47:15,6,80.61,0.00,9.18,0.00,0.00,3.06,0.00,0.00,0.00,7.14
02:47:15,7,81.82,0.00,9.09,0.00,0.00,2.02,0.00,0.00,0.00,7.07
02:47:15,12,81.00,0.00,9.00,0.00,0.00,3.00,0.00,0.00,0.00,7.00
02:47:15,13,83.00,0.00,7.00,0.00,0.00,2.00,0.00,0.00,0.00,8.00
02:47:15,14,80.81,0.00,9.09,0.00,0.00,2.02,0.00,0.00,0.00,8.08
02:47:15,15,80.61,0.00,10.20,0.00,0.00,2.04,0.00,0.00,0.00,7.14
02:47:16,4,81.82,0.00,9.09,0.00,0.00,2.02,0.00,0.00,0.00,7.07
02:47:16,5,81.00,0.00,10.00,0.00,0.00,2.00,0.00,0.00,0.00,7.00
02:47:16,6,81.00,0.00,9.00,0.00,0.00,3.00,0.00,0.00,0.00,7.00
02:47:16,7,81.00,0.00,8.00,0.00,0.00,4.00,0.00,0.00,0.00,7.00
02:47:16,12,80.20,0.00,8.91,0.00,0.00,2.97,0.00,0.00,0.00,7.92
02:47:16,13,82.00,0.00,9.00,0.00,0.00,2.00,0.00,0.00,0.00,7.00
02:47:16,14,81.82,0.00,8.08,0.00,0.00,3.03,0.00,0.00,0.00,7.07
02:47:16,15,83.00,0.00,7.00,0.00,0.00,2.00,0.00,0.00,0.00,8.00
02:47:17,4,83.00,0.00,8.00,0.00,0.00,2.00,0.00,0.00,0.00,7.00
02:47:17,5,80.81,0.00,10.10,0.00,0.00,3.03,0.00,0.00,0.00,6.06
02:47:17,6,78.79,0.00,10.10,0.00,0.00,4.04,0.00,0.00,0.00,7.07
02:47:17,7,83.67,0.00,7.14,0.00,0.00,2.04,0.00,0.00,0.00,7.14
02:47:17,12,83.00,0.00,8.00,0.00,0.00,2.00,0.00,0.00,0.00,7.00
02:47:17,13,81.82,0.00,9.09,0.00,0.00,3.03,0.00,0.00,0.00,6.06
02:47:17,14,81.00,0.00,9.00,0.00,0.00,3.00,0.00,0.00,0.00,7.00
02:47:17,15,82.00,0.00,8.00,0.00,0.00,3.00,0.00,0.00,0.00,7.00
02:47:18,4,80.61,0.00,9.18,0.00,0.00,3.06,0.00,0.00,0.00,7.14
02:47:18,5,82.65,0.00,7.14,0.00,0.00,3.06,0.00,0.00,0.00,7.14
02:47:18,6,82.83,0.00,8.08,0.00,0.00,2.02,0.00,0.00,0.00,7.07
02:47:18,7,78.22,0.00,9.90,0.00,0.00,3.96,0.00,0.00,0.00,7.92
02:47:18,12,83.67,0.00,8.16,0.00,0.00,2.04,0.00,0.00,0.00,6.12
02:47:18,13,84.69,0.00,7.14,0.00,0.00,1.02,0.00,0.00,0.00,7.14
02:47:18,14,82.83,0.00,8.08,0.00,0.00,2.02,0.00,0.00,0.00,7.07
02:47:18,15,81.82,0.00,8.08,0.00,0.00,3.03,0.00,0.00,0.00,7.07
02:47:19,4,80.81,0.00,8.08,0.00,0.00,3.03,0.00,0.00,0.00,8.08
02:47:19,5,79.21,0.00,9.90,0.00,0.00,2.97,0.00,0.00,0.00,7.92
02:47:19,6,80.81,0.00,9.09,0.00,0.00,2.02,0.00,0.00,0.00,8.08
02:47:19,7,80.81,0.00,9.09,0.00,0.00,2.02,0.00,0.00,0.00,8.08
02:47:19,12,83.00,0.00,7.00,0.00,0.00,2.00,0.00,0.00,0.00,8.00
02:47:19,13,80.20,0.00,8.91,0.00,0.00,2.97,0.00,0.00,0.00,7.92
02:47:19,14,81.82,0.00,8.08,0.00,0.00,2.02,0.00,0.00,0.00,8.08
02:47:19,15,80.00,0.00,9.00,0.00,0.00,2.00,0.00,0.00,0.00,9.00
02:47:20,4,80.20,0.00,9.90,0.00,0.00,1.98,0.00,0.00,0.00,7.92
02:47:20,5,80.00,0.00,9.00,0.00,0.00,3.00,0.00,0.00,0.00,8.00
02:47:20,6,82.00,0.00,8.00,0.00,0.00,2.00,0.00,0.00,0.00,8.00
02:47:20,7,83.67,0.00,6.12,0.00,0.00,2.04,0.00,0.00,0.00,8.16
02:47:20,12,81.63,0.00,8.16,0.00,0.00,3.06,0.00,0.00,0.00,7.14
02:47:20,13,82.83,0.00,6.06,0.00,0.00,3.03,0.00,0.00,0.00,8.08
02:47:20,14,80.81,0.00,8.08,0.00,0.00,3.03,0.00,0.00,0.00,8.08
02:47:20,15,80.81,0.00,8.08,0.00,0.00,4.04,0.00,0.00,0.00,7.07
02:47:21,4,81.00,0.00,8.00,0.00,0.00,4.00,0.00,0.00,0.00,7.00
02:47:21,5,81.63,0.00,10.20,0.00,0.00,1.02,0.00,0.00,0.00,7.14
02:47:21,6,80.00,0.00,10.00,0.00,0.00,3.00,0.00,0.00,0.00,7.00
02:47:21,7,81.00,0.00,9.00,0.00,0.00,3.00,0.00,0.00,0.00,7.00
02:47:21,12,81.82,0.00,9.09,0.00,0.00,2.02,0.00,0.00,0.00,7.07
02:47:21,13,80.20,0.00,9.90,0.00,0.00,2.97,0.00,0.00,0.00,6.93
02:47:21,14,81.00,0.00,10.00,0.00,0.00,2.00,0.00,0.00,0.00,7.00
02:47:21,15,81.00,0.00,9.00,0.00,0.00,2.00,0.00,0.00,0.00,8.00
02:47:22,4,81.63,0.00,9.18,0.00,0.00,2.04,0.00,0.00,0.00,7.14
02:47:22,5,81.19,0.00,8.91,0.00,0.00,2.97,0.00,0.00,0.00,6.93
02:47:22,6,80.61,0.00,9.18,0.00,0.00,3.06,0.00,0.00,0.00,7.14
02:47:22,7,82.18,0.00,7.92,0.00,0.00,1.98,0.00,0.00,0.00,7.92
02:47:22,12,78.22,0.00,10.89,0.00,0.00,2.97,0.00,0.00,0.00,7.92
02:47:22,13,82.00,0.00,8.00,0.00,0.00,2.00,0.00,0.00,0.00,8.00
02:47:22,14,81.19,0.00,7.92,0.00,0.00,2.97,0.00,0.00,0.00,7.92
02:47:22,15,81.00,0.00,9.00,0.00,0.00,2.00,0.00,0.00,0.00,8.00
02:47:23,4,79.00,0.00,11.00,0.00,0.00,3.00,0.00,0.00,0.00,7.00
02:47:23,5,82.00,0.00,9.00,0.00,0.00,2.00,0.00,0.00,0.00,7.00
02:47:23,6,80.81,0.00,9.09,0.00,0.00,3.03,0.00,0.00,0.00,7.07
02:47:23,7,82.00,0.00,8.00,0.00,0.00,3.00,0.00,0.00,0.00,7.00
02:47:23,12,81.82,0.00,9.09,0.00,0.00,2.02,0.00,0.00,0.00,7.07
02:47:23,13,83.51,0.00,7.22,0.00,0.00,3.09,0.00,0.00,0.00,6.19
02:47:23,14,80.00,0.00,9.00,0.00,0.00,4.00,0.00,0.00,0.00,7.00
02:47:23,15,81.82,0.00,8.08,0.00,0.00,3.03,0.00,0.00,0.00,7.07
02:47:24,4,79.80,0.00,10.10,0.00,0.00,2.02,0.00,0.00,0.00,8.08
02:47:24,5,80.81,0.00,10.10,0.00,0.00,2.02,0.00,0.00,0.00,7.07
02:47:24,6,80.81,0.00,9.09,0.00,0.00,2.02,0.00,0.00,0.00,8.08
02:47:24,7,80.00,0.00,10.00,0.00,0.00,2.00,0.00,0.00,0.00,8.00
02:47:24,12,82.83,0.00,8.08,0.00,0.00,2.02,0.00,0.00,0.00,7.07
02:47:24,13,80.39,0.00,8.82,0.00,0.00,2.94,0.00,0.00,0.00,7.84
02:47:24,14,83.67,0.00,7.14,0.00,0.00,2.04,0.00,0.00,0.00,7.14
02:47:24,15,80.00,0.00,9.00,0.00,0.00,3.00,0.00,0.00,0.00,8.00
02:47:25,4,82.00,0.00,7.00,0.00,0.00,3.00,0.00,0.00,0.00,8.00
02:47:25,5,79.00,0.00,9.00,0.00,0.00,4.00,0.00,0.00,0.00,8.00
02:47:25,6,81.00,0.00,9.00,0.00,0.00,2.00,0.00,0.00,0.00,8.00
02:47:25,7,80.81,0.00,8.08,0.00,0.00,3.03,0.00,0.00,0.00,8.08
02:47:25,12,81.00,0.00,9.00,0.00,0.00,2.00,0.00,0.00,0.00,8.00
02:47:25,13,82.00,0.00,7.00,0.00,0.00,3.00,0.00,0.00,0.00,8.00
02:47:25,14,80.20,0.00,9.90,0.00,0.00,1.98,0.00,0.00,0.00,7.92
02:47:25,15,81.00,0.00,8.00,0.00,0.00,3.00,0.00,0.00,0.00,8.00
02:47:26,4,78.79,0.00,9.09,0.00,0.00,4.04,0.00,0.00,0.00,8.08
02:47:26,5,79.80,0.00,10.10,0.00,0.00,2.02,0.00,0.00,0.00,8.08
02:47:26,6,81.44,0.00,7.22,0.00,0.00,3.09,0.00,0.00,0.00,8.25
02:47:26,7,80.61,0.00,7.14,0.00,0.00,4.08,0.00,0.00,0.00,8.16
02:47:26,12,82.83,0.00,7.07,0.00,0.00,2.02,0.00,0.00,0.00,8.08
02:47:26,13,78.79,0.00,11.11,0.00,0.00,2.02,0.00,0.00,0.00,8.08
02:47:26,14,80.00,0.00,8.00,0.00,0.00,4.00,0.00,0.00,0.00,8.00
02:47:26,15,78.79,0.00,9.09,0.00,0.00,3.03,0.00,0.00,0.00,9.09
02:47:27,4,83.84,0.00,8.08,0.00,0.00,2.02,0.00,0.00,0.00,6.06
02:47:27,5,81.19,0.00,9.90,0.00,0.00,2.97,0.00,0.00,0.00,5.94
02:47:27,6,80.20,0.00,9.90,0.00,0.00,2.97,0.00,0.00,0.00,6.93
02:47:27,7,81.82,0.00,9.09,0.00,0.00,2.02,0.00,0.00,0.00,7.07
02:47:27,12,83.17,0.00,7.92,0.00,0.00,1.98,0.00,0.00,0.00,6.93
02:47:27,13,80.81,0.00,10.10,0.00,0.00,3.03,0.00,0.00,0.00,6.06
02:47:27,14,82.83,0.00,8.08,0.00,0.00,2.02,0.00,0.00,0.00,7.07
02:47:27,15,82.47,0.00,9.28,0.00,0.00,2.06,0.00,0.00,0.00,6.19
02:47:28,4,82.18,0.00,7.92,0.00,0.00,1.98,0.00,0.00,0.00,7.92
02:47:28,5,82.00,0.00,8.00,0.00,0.00,2.00,0.00,0.00,0.00,8.00
02:47:28,6,80.00,0.00,9.00,0.00,0.00,3.00,0.00,0.00,0.00,8.00
02:47:28,7,81.00,0.00,8.00,0.00,0.00,3.00,0.00,0.00,0.00,8.00
02:47:28,12,79.80,0.00,10.10,0.00,0.00,2.02,0.00,0.00,0.00,8.08
02:47:28,13,83.00,0.00,7.00,0.00,0.00,2.00,0.00,0.00,0.00,8.00
02:47:28,14,80.20,0.00,8.91,0.00,0.00,2.97,0.00,0.00,0.00,7.92
02:47:28,15,80.00,0.00,9.00,0.00,0.00,3.00,0.00,0.00,0.00,8.00
02:47:29,4,81.82,0.00,9.09,0.00,0.00,2.02,0.00,0.00,0.00,7.07
02:47:29,5,81.82,0.00,9.09,0.00,0.00,2.02,0.00,0.00,0.00,7.07
02:47:29,6,80.81,0.00,9.09,0.00,0.00,3.03,0.00,0.00,0.00,7.07
02:47:29,7,83.00,0.00,6.00,0.00,0.00,3.00,0.00,0.00,0.00,8.00
02:47:29,12,82.65,0.00,8.16,0.00,0.00,2.04,0.00,0.00,0.00,7.14
02:47:29,13,81.82,0.00,8.08,0.00,0.00,3.03,0.00,0.00,0.00,7.07
02:47:29,14,81.63,0.00,8.16,0.00,0.00,2.04,0.00,0.00,0.00,8.16
02:47:29,15,79.00,0.00,11.00,0.00,0.00,2.00,0.00,0.00,0.00,8.00
02:47:30,4,81.00,0.00,8.00,0.00,0.00,3.00,0.00,0.00,0.00,8.00
02:47:30,5,79.21,0.00,8.91,0.00,0.00,2.97,0.00,0.00,0.00,8.91
02:47:30,6,80.81,0.00,10.10,0.00,0.00,1.01,0.00,0.00,0.00,8.08
02:47:30,7,81.00,0.00,9.00,0.00,0.00,2.00,0.00,0.00,0.00,8.00
02:47:30,12,80.20,0.00,8.91,0.00,0.00,2.97,0.00,0.00,0.00,7.92
02:47:30,13,81.19,0.00,5.94,0.00,0.00,3.96,0.00,0.00,0.00,8.91
02:47:30,14,79.21,0.00,8.91,0.00,0.00,3.96,0.00,0.00,0.00,7.92
02:47:30,15,81.00,0.00,8.00,0.00,0.00,3.00,0.00,0.00,0.00,8.00
02:47:31,4,78.79,0.00,11.11,0.00,0.00,2.02,0.00,0.00,0.00,8.08
02:47:31,5,81.82,0.00,8.08,0.00,0.00,3.03,0.00,0.00,0.00,7.07
02:47:31,6,81.82,0.00,8.08,0.00,0.00,3.03,0.00,0.00,0.00,7.07
02:47:31,7,81.82,0.00,8.08,0.00,0.00,2.02,0.00,0.00,0.00,8.08
02:47:31,12,81.82,0.00,7.07,0.00,0.00,3.03,0.00,0.00,0.00,8.08
02:47:31,13,79.80,0.00,10.10,0.00,0.00,3.03,0.00,0.00,0.00,7.07
02:47:31,14,81.82,0.00,8.08,0.00,0.00,3.03,0.00,0.00,0.00,7.07
02:47:31,15,80.81,0.00,9.09,0.00,0.00,2.02,0.00,0.00,0.00,8.08
02:47:32,4,80.81,0.00,9.09,0.00,0.00,3.03,0.00,0.00,0.00,7.07
02:47:32,5,81.82,0.00,8.08,0.00,0.00,3.03,0.00,0.00,0.00,7.07
02:47:32,6,82.83,0.00,7.07,0.00,0.00,2.02,0.00,0.00,0.00,8.08
02:47:32,7,80.20,0.00,8.91,0.00,0.00,2.97,0.00,0.00,0.00,7.92
02:47:32,12,81.00,0.00,9.00,0.00,0.00,2.00,0.00,0.00,0.00,8.00
02:47:32,13,80.81,0.00,9.09,0.00,0.00,2.02,0.00,0.00,0.00,8.08
02:47:32,14,80.61,0.00,8.16,0.00,0.00,3.06,0.00,0.00,0.00,8.16
02:47:32,15,79.80,0.00,10.10,0.00,0.00,3.03,0.00,0.00,0.00,7.07
02:47:33,4,80.20,0.00,9.90,0.00,0.00,2.97,0.00,0.00,0.00,6.93
02:47:33,5,82.00,0.00,9.00,0.00,0.00,2.00,0.00,0.00,0.00,7.00
02:47:33,6,82.00,0.00,7.00,0.00,0.00,4.00,0.00,0.00,0.00,7.00
02:47:33,7,80.81,0.00,9.09,0.00,0.00,3.03,0.00,0.00,0.00,7.07
02:47:33,12,80.81,0.00,10.10,0.00,0.00,3.03,0.00,0.00,0.00,6.06
02:47:33,13,84.85,0.00,7.07,0.00,0.00,2.02,0.00,0.00,0.00,6.06
02:47:33,14,81.82,0.00,10.10,0.00,0.00,2.02,0.00,0.00,0.00,6.06
02:47:33,15,83.00,0.00,7.00,0.00,0.00,3.00,0.00,0.00,0.00,7.00
02:47:34,4,82.83,0.00,7.07,0.00,0.00,3.03,0.00,0.00,0.00,7.07
02:47:34,5,82.00,0.00,8.00,0.00,0.00,3.00,0.00,0.00,0.00,7.00
02:47:34,6,85.86,0.00,6.06,0.00,0.00,2.02,0.00,0.00,0.00,6.06
02:47:34,7,82.00,0.00,8.00,0.00,0.00,3.00,0.00,0.00,0.00,7.00
02:47:34,12,82.65,0.00,8.16,0.00,0.00,3.06,0.00,0.00,0.00,6.12
02:47:34,13,81.00,0.00,10.00,0.00,0.00,2.00,0.00,0.00,0.00,7.00
02:47:34,14,82.00,0.00,8.00,0.00,0.00,3.00,0.00,0.00,0.00,7.00
02:47:34,15,83.84,0.00,7.07,0.00,0.00,2.02,0.00,0.00,0.00,7.07
02:47:35,4,79.80,0.00,9.09,0.00,0.00,4.04,0.00,0.00,0.00,7.07
02:47:35,5,82.00,0.00,7.00,0.00,0.00,3.00,0.00,0.00,0.00,8.00
02:47:35,6,81.19,0.00,8.91,0.00,0.00,1.98,0.00,0.00,0.00,7.92
02:47:35,7,81.82,0.00,8.08,0.00,0.00,2.02,0.00,0.00,0.00,8.08
02:47:35,12,80.39,0.00,8.82,0.00,0.00,2.94,0.00,0.00,0.00,7.84
02:47:35,13,79.80,0.00,9.09,0.00,0.00,4.04,0.00,0.00,0.00,7.07
02:47:35,14,81.00,0.00,9.00,0.00,0.00,2.00,0.00,0.00,0.00,8.00
02:47:35,15,80.61,0.00,9.18,0.00,0.00,3.06,0.00,0.00,0.00,7.14
02:47:36,4,81.19,0.00,7.92,0.00,0.00,2.97,0.00,0.00,0.00,7.92
02:47:36,5,81.00,0.00,10.00,0.00,0.00,2.00,0.00,0.00,0.00,7.00
02:47:36,6,80.00,0.00,10.00,0.00,0.00,3.00,0.00,0.00,0.00,7.00
02:47:36,7,81.82,0.00,8.08,0.00,0.00,2.02,0.00,0.00,0.00,8.08
02:47:36,12,81.00,0.00,9.00,0.00,0.00,2.00,0.00,0.00,0.00,8.00
02:47:36,13,82.00,0.00,9.00,0.00,0.00,1.00,0.00,0.00,0.00,8.00
02:47:36,14,81.82,0.00,9.09,0.00,0.00,2.02,0.00,0.00,0.00,7.07
02:47:36,15,81.19,0.00,8.91,0.00,0.00,1.98,0.00,0.00,0.00,7.92
02:47:37,4,83.67,0.00,7.14,0.00,0.00,2.04,0.00,0.00,0.00,7.14
02:47:37,5,82.65,0.00,8.16,0.00,0.00,2.04,0.00,0.00,0.00,7.14
02:47:37,6,79.00,0.00,9.00,0.00,0.00,4.00,0.00,0.00,0.00,8.00
02:47:37,7,78.22,0.00,8.91,0.00,0.00,4.95,0.00,0.00,0.00,7.92
02:47:37,12,79.00,0.00,11.00,0.00,0.00,3.00,0.00,0.00,0.00,7.00
02:47:37,13,81.00,0.00,9.00,0.00,0.00,3.00,0.00,0.00,0.00,7.00
02:47:37,14,82.00,0.00,8.00,0.00,0.00,2.00,0.00,0.00,0.00,8.00
02:47:37,15,81.00,0.00,8.00,0.00,0.00,3.00,0.00,0.00,0.00,8.00
02:47:38,4,80.00,0.00,12.00,0.00,0.00,2.00,0.00,0.00,0.00,6.00
02:47:38,5,82.83,0.00,9.09,0.00,0.00,2.02,0.00,0.00,0.00,6.06
02:47:38,6,82.00,0.00,9.00,0.00,0.00,3.00,0.00,0.00,0.00,6.00
02:47:38,7,81.82,0.00,10.10,0.00,0.00,2.02,0.00,0.00,0.00,6.06
02:47:38,12,82.83,0.00,8.08,0.00,0.00,3.03,0.00,0.00,0.00,6.06
02:47:38,13,82.00,0.00,8.00,0.00,0.00,4.00,0.00,0.00,0.00,6.00
02:47:38,14,82.00,0.00,10.00,0.00,0.00,2.00,0.00,0.00,0.00,6.00
02:47:38,15,82.83,0.00,8.08,0.00,0.00,3.03,0.00,0.00,0.00,6.06
02:47:39,4,80.81,0.00,10.10,0.00,0.00,2.02,0.00,0.00,0.00,7.07
02:47:39,5,81.00,0.00,8.00,0.00,0.00,4.00,0.00,0.00,0.00,7.00
02:47:39,6,82.65,0.00,7.14,0.00,0.00,3.06,0.00,0.00,0.00,7.14
02:47:39,7,80.00,0.00,9.00,0.00,0.00,3.00,0.00,0.00,0.00,8.00
02:47:39,12,80.81,0.00,9.09,0.00,0.00,3.03,0.00,0.00,0.00,7.07
02:47:39,13,80.20,0.00,8.91,0.00,0.00,2.97,0.00,0.00,0.00,7.92
02:47:39,14,81.82,0.00,8.08,0.00,0.00,2.02,0.00,0.00,0.00,8.08
02:47:39,15,79.00,0.00,10.00,0.00,0.00,3.00,0.00,0.00,0.00,8.00
02:47:40,4,81.82,0.00,8.08,0.00,0.00,3.03,0.00,0.00,0.00,7.07
02:47:40,5,82.65,0.00,7.14,0.00,0.00,3.06,0.00,0.00,0.00,7.14
02:47:40,6,78.79,0.00,10.10,0.00,0.00,3.03,0.00,0.00,0.00,8.08
02:47:40,7,80.00,0.00,9.00,0.00,0.00,3.00,0.00,0.00,0.00,8.00
02:47:40,12,81.82,0.00,9.09,0.00,0.00,2.02,0.00,0.00,0.00,7.07
02:47:40,13,81.82,0.00,9.09,0.00,0.00,2.02,0.00,0.00,0.00,7.07
02:47:40,14,81.00,0.00,9.00,0.00,0.00,3.00,0.00,0.00,0.00,7.00
02:47:40,15,81.19,0.00,7.92,0.00,0.00,2.97,0.00,0.00,0.00,7.92
02:47:41,4,78.79,0.00,8.08,0.00,0.00,2.02,0.00,0.00,0.00,11.11
02:47:41,5,78.22,0.00,8.91,0.00,0.00,2.97,0.00,0.00,0.00,9.90
02:47:41,6,80.61,0.00,7.14,0.00,0.00,2.04,0.00,0.00,0.00,10.20
02:47:41,7,78.79,0.00,8.08,0.00,0.00,3.03,0.00,0.00,0.00,10.10
02:47:41,12,79.80,0.00,7.07,0.00,0.00,3.03,0.00,0.00,0.00,10.10
02:47:41,13,80.81,0.00,7.07,0.00,0.00,2.02,0.00,0.00,0.00,10.10
02:47:41,14,79.80,0.00,8.08,0.00,0.00,2.02,0.00,0.00,0.00,10.10
02:47:41,15,80.81,0.00,6.06,0.00,0.00,2.02,0.00,0.00,0.00,11.11
02:47:42,4,80.61,0.00,9.18,0.00,0.00,3.06,0.00,0.00,0.00,7.14
02:47:42,5,82.00,0.00,8.00,0.00,0.00,3.00,0.00,0.00,0.00,7.00
02:47:42,6,80.00,0.00,10.00,0.00,0.00,3.00,0.00,0.00,0.00,7.00
02:47:42,7,80.61,0.00,9.18,0.00,0.00,3.06,0.00,0.00,0.00,7.14
02:47:42,12,81.19,0.00,7.92,0.00,0.00,3.96,0.00,0.00,0.00,6.93
02:47:42,13,80.20,0.00,9.90,0.00,0.00,2.97,0.00,0.00,0.00,6.93
02:47:42,14,80.81,0.00,10.10,0.00,0.00,2.02,0.00,0.00,0.00,7.07
02:47:42,15,81.00,0.00,9.00,0.00,0.00,3.00,0.00,0.00,0.00,7.00
02:47:43,4,80.39,0.00,9.80,0.00,0.00,2.94,0.00,0.00,0.00,6.86
02:47:43,5,82.83,0.00,8.08,0.00,0.00,2.02,0.00,0.00,0.00,7.07
02:47:43,6,81.00,0.00,8.00,0.00,0.00,4.00,0.00,0.00,0.00,7.00
02:47:43,7,81.00,0.00,9.00,0.00,0.00,3.00,0.00,0.00,0.00,7.00
02:47:43,12,81.82,0.00,9.09,0.00,0.00,2.02,0.00,0.00,0.00,7.07
02:47:43,13,81.82,0.00,8.08,0.00,0.00,3.03,0.00,0.00,0.00,7.07
02:47:43,14,80.20,0.00,9.90,0.00,0.00,1.98,0.00,0.00,0.00,7.92
02:47:43,15,83.00,0.00,7.00,0.00,0.00,3.00,0.00,0.00,0.00,7.00
02:47:44,4,81.63,0.00,9.18,0.00,0.00,2.04,0.00,0.00,0.00,7.14
02:47:44,5,80.00,0.00,10.00,0.00,0.00,4.00,0.00,0.00,0.00,6.00
02:47:44,6,80.81,0.00,9.09,0.00,0.00,3.03,0.00,0.00,0.00,7.07
02:47:44,7,82.83,0.00,7.07,0.00,0.00,3.03,0.00,0.00,0.00,7.07
02:47:44,12,81.19,0.00,9.90,0.00,0.00,1.98,0.00,0.00,0.00,6.93
02:47:44,13,81.82,0.00,8.08,0.00,0.00,3.03,0.00,0.00,0.00,7.07
02:47:44,14,82.00,0.00,8.00,0.00,0.00,3.00,0.00,0.00,0.00,7.00
02:47:44,15,80.81,0.00,9.09,0.00,0.00,3.03,0.00,0.00,0.00,7.07
02:47:45,4,81.63,0.00,9.18,0.00,0.00,2.04,0.00,0.00,0.00,7.14
02:47:45,5,80.81,0.00,8.08,0.00,0.00,3.03,0.00,0.00,0.00,8.08
02:47:45,6,82.00,0.00,8.00,0.00,0.00,2.00,0.00,0.00,0.00,8.00
02:47:45,7,80.20,0.00,7.92,0.00,0.00,2.97,0.00,0.00,0.00,8.91
02:47:45,12,83.84,0.00,6.06,0.00,0.00,2.02,0.00,0.00,0.00,8.08
02:47:45,13,81.82,0.00,9.09,0.00,0.00,2.02,0.00,0.00,0.00,7.07
02:47:45,14,79.00,0.00,10.00,0.00,0.00,3.00,0.00,0.00,0.00,8.00
02:47:45,15,81.82,0.00,8.08,0.00,0.00,2.02,0.00,0.00,0.00,8.08
02:47:46,4,80.61,0.00,8.16,0.00,0.00,3.06,0.00,0.00,0.00,8.16
02:47:46,5,78.22,0.00,10.89,0.00,0.00,2.97,0.00,0.00,0.00,7.92
02:47:46,6,82.65,0.00,8.16,0.00,0.00,1.02,0.00,0.00,0.00,8.16
02:47:46,7,80.81,0.00,8.08,0.00,0.00,3.03,0.00,0.00,0.00,8.08
02:47:46,12,79.00,0.00,9.00,0.00,0.00,4.00,0.00,0.00,0.00,8.00
02:47:46,13,80.20,0.00,7.92,0.00,0.00,2.97,0.00,0.00,0.00,8.91
02:47:46,14,80.00,0.00,9.00,0.00,0.00,3.00,0.00,0.00,0.00,8.00
02:47:46,15,81.00,0.00,8.00,0.00,0.00,3.00,0.00,0.00,0.00,8.00
02:47:47,4,81.19,0.00,7.92,0.00,0.00,2.97,0.00,0.00,0.00,7.92
02:47:47,5,82.65,0.00,8.16,0.00,0.00,2.04,0.00,0.00,0.00,7.14
02:47:47,6,81.82,0.00,8.08,0.00,0.00,3.03,0.00,0.00,0.00,7.07
02:47:47,7,80.81,0.00,9.09,0.00,0.00,2.02,0.00,0.00,0.00,8.08
02:47:47,12,81.63,0.00,9.18,0.00,0.00,2.04,0.00,0.00,0.00,7.14
02:47:47,13,80.81,0.00,9.09,0.00,0.00,3.03,0.00,0.00,0.00,7.07
02:47:47,14,81.63,0.00,8.16,0.00,0.00,3.06,0.00,0.00,0.00,7.14
02:47:47,15,80.81,0.00,8.08,0.00,0.00,3.03,0.00,0.00,0.00,8.08
02:47:48,4,82.83,0.00,8.08,0.00,0.00,2.02,0.00,0.00,0.00,7.07
02:47:48,5,82.00,0.00,8.00,0.00,0.00,3.00,0.00,0.00,0.00,7.00
02:47:48,6,81.82,0.00,9.09,0.00,0.00,2.02,0.00,0.00,0.00,7.07
02:47:48,7,83.84,0.00,7.07,0.00,0.00,2.02,0.00,0.00,0.00,7.07
02:47:48,12,82.00,0.00,8.00,0.00,0.00,2.00,0.00,0.00,0.00,8.00
02:47:48,13,83.84,0.00,7.07,0.00,0.00,2.02,0.00,0.00,0.00,7.07
02:47:48,14,82.00,0.00,9.00,0.00,0.00,2.00,0.00,0.00,0.00,7.00
02:47:48,15,81.00,0.00,8.00,0.00,0.00,3.00,0.00,0.00,0.00,8.00
02:47:49,4,82.00,0.00,8.00,0.00,0.00,4.00,0.00,0.00,0.00,6.00
02:47:49,5,80.81,0.00,9.09,0.00,0.00,3.03,0.00,0.00,0.00,7.07
02:47:49,6,82.00,0.00,9.00,0.00,0.00,2.00,0.00,0.00,0.00,7.00
02:47:49,7,82.00,0.00,9.00,0.00,0.00,2.00,0.00,0.00,0.00,7.00
02:47:49,12,83.67,0.00,8.16,0.00,0.00,2.04,0.00,0.00,0.00,6.12
02:47:49,13,80.20,0.00,9.90,0.00,0.00,2.97,0.00,0.00,0.00,6.93
02:47:49,14,82.00,0.00,9.00,0.00,0.00,2.00,0.00,0.00,0.00,7.00
02:47:49,15,81.00,0.00,9.00,0.00,0.00,4.00,0.00,0.00,0.00,6.00
02:47:50,4,79.80,0.00,9.09,0.00,0.00,2.02,0.00,0.00,0.00,9.09
02:47:50,5,81.82,0.00,8.08,0.00,0.00,2.02,0.00,0.00,0.00,8.08
02:47:50,6,79.00,0.00,10.00,0.00,0.00,3.00,0.00,0.00,0.00,8.00
02:47:50,7,79.21,0.00,8.91,0.00,0.00,2.97,0.00,0.00,0.00,8.91
02:47:50,12,79.41,0.00,8.82,0.00,0.00,2.94,0.00,0.00,0.00,8.82
02:47:50,13,80.61,0.00,8.16,0.00,0.00,3.06,0.00,0.00,0.00,8.16
02:47:50,14,80.00,0.00,8.00,0.00,0.00,4.00,0.00,0.00,0.00,8.00
02:47:50,15,82.00,0.00,7.00,0.00,0.00,2.00,0.00,0.00,0.00,9.00
02:47:51,4,82.83,0.00,8.08,0.00,0.00,3.03,0.00,0.00,0.00,6.06
02:47:51,5,81.00,0.00,9.00,0.00,0.00,3.00,0.00,0.00,0.00,7.00
02:47:51,6,80.81,0.00,9.09,0.00,0.00,3.03,0.00,0.00,0.00,7.07
02:47:51,7,82.83,0.00,9.09,0.00,0.00,2.02,0.00,0.00,0.00,6.06
02:47:51,12,83.67,0.00,7.14,0.00,0.00,3.06,0.00,0.00,0.00,6.12
02:47:51,13,81.82,0.00,9.09,0.00,0.00,2.02,0.00,0.00,0.00,7.07
02:47:51,14,82.00,0.00,9.00,0.00,0.00,2.00,0.00,0.00,0.00,7.00
02:47:51,15,81.00,0.00,9.00,0.00,0.00,3.00,0.00,0.00,0.00,7.00
02:47:52,4,80.00,0.00,9.00,0.00,0.00,3.00,0.00,0.00,0.00,8.00
02:47:52,5,80.81,0.00,8.08,0.00,0.00,3.03,0.00,0.00,0.00,8.08
02:47:52,6,80.81,0.00,9.09,0.00,0.00,2.02,0.00,0.00,0.00,8.08
02:47:52,7,80.00,0.00,9.00,0.00,0.00,3.00,0.00,0.00,0.00,8.00
02:47:52,12,80.20,0.00,9.90,0.00,0.00,1.98,0.00,0.00,0.00,7.92
02:47:52,13,82.00,0.00,7.00,0.00,0.00,3.00,0.00,0.00,0.00,8.00
02:47:52,14,79.80,0.00,9.09,0.00,0.00,3.03,0.00,0.00,0.00,8.08
02:47:52,15,80.20,0.00,8.91,0.00,0.00,2.97,0.00,0.00,0.00,7.92
02:47:53,4,82.00,0.00,8.00,0.00,0.00,2.00,0.00,0.00,0.00,8.00
02:47:53,5,80.81,0.00,10.10,0.00,0.00,2.02,0.00,0.00,0.00,7.07
02:47:53,6,81.00,0.00,7.00,0.00,0.00,4.00,0.00,0.00,0.00,8.00
02:47:53,7,80.00,0.00,9.00,0.00,0.00,3.00,0.00,0.00,0.00,8.00
02:47:53,12,81.19,0.00,8.91,0.00,0.00,1.98,0.00,0.00,0.00,7.92
02:47:53,13,82.00,0.00,7.00,0.00,0.00,4.00,0.00,0.00,0.00,7.00
02:47:53,14,83.84,0.00,7.07,0.00,0.00,2.02,0.00,0.00,0.00,7.07
02:47:53,15,82.65,0.00,7.14,0.00,0.00,3.06,0.00,0.00,0.00,7.14
02:47:54,4,81.00,0.00,10.00,0.00,0.00,3.00,0.00,0.00,0.00,6.00
02:47:54,5,81.82,0.00,9.09,0.00,0.00,3.03,0.00,0.00,0.00,6.06
02:47:54,6,82.83,0.00,9.09,0.00,0.00,2.02,0.00,0.00,0.00,6.06
02:47:54,7,83.17,0.00,7.92,0.00,0.00,1.98,0.00,0.00,0.00,6.93
02:47:54,12,83.84,0.00,7.07,0.00,0.00,3.03,0.00,0.00,0.00,6.06
02:47:54,13,81.00,0.00,10.00,0.00,0.00,2.00,0.00,0.00,0.00,7.00
02:47:54,14,83.17,0.00,7.92,0.00,0.00,1.98,0.00,0.00,0.00,6.93
02:47:54,15,82.00,0.00,9.00,0.00,0.00,2.00,0.00,0.00,0.00,7.00
02:47:55,4,81.82,0.00,8.08,0.00,0.00,2.02,0.00,0.00,0.00,8.08
02:47:55,5,79.00,0.00,9.00,0.00,0.00,4.00,0.00,0.00,0.00,8.00
02:47:55,6,81.82,0.00,8.08,0.00,0.00,2.02,0.00,0.00,0.00,8.08
02:47:55,7,80.81,0.00,8.08,0.00,0.00,3.03,0.00,0.00,0.00,8.08
02:47:55,12,81.00,0.00,9.00,0.00,0.00,2.00,0.00,0.00,0.00,8.00
02:47:55,13,81.63,0.00,8.16,0.00,0.00,2.04,0.00,0.00,0.00,8.16
02:47:55,14,82.83,0.00,7.07,0.00,0.00,2.02,0.00,0.00,0.00,8.08
02:47:55,15,81.82,0.00,7.07,0.00,0.00,3.03,0.00,0.00,0.00,8.08
02:47:56,4,84.00,0.00,8.00,0.00,0.00,2.00,0.00,0.00,0.00,6.00
02:47:56,5,82.00,0.00,7.00,0.00,0.00,4.00,0.00,0.00,0.00,7.00
02:47:56,6,81.82,0.00,8.08,0.00,0.00,4.04,0.00,0.00,0.00,6.06
02:47:56,7,82.00,0.00,8.00,0.00,0.00,3.00,0.00,0.00,0.00,7.00
02:47:56,12,83.84,0.00,7.07,0.00,0.00,3.03,0.00,0.00,0.00,6.06
02:47:56,13,82.00,0.00,9.00,0.00,0.00,3.00,0.00,0.00,0.00,6.00
02:47:56,14,82.00,0.00,9.00,0.00,0.00,2.00,0.00,0.00,0.00,7.00
02:47:56,15,82.18,0.00,7.92,0.00,0.00,2.97,0.00,0.00,0.00,6.93
02:47:57,4,81.19,0.00,7.92,0.00,0.00,2.97,0.00,0.00,0.00,7.92
02:47:57,5,82.83,0.00,8.08,0.00,0.00,2.02,0.00,0.00,0.00,7.07
02:47:57,6,80.00,0.00,9.00,0.00,0.00,3.00,0.00,0.00,0.00,8.00
02:47:57,7,81.00,0.00,8.00,0.00,0.00,3.00,0.00,0.00,0.00,8.00
02:47:57,12,81.82,0.00,9.09,0.00,0.00,2.02,0.00,0.00,0.00,7.07
02:47:57,13,82.00,0.00,8.00,0.00,0.00,3.00,0.00,0.00,0.00,7.00
02:47:57,14,83.84,0.00,6.06,0.00,0.00,3.03,0.00,0.00,0.00,7.07
02:47:57,15,81.82,0.00,8.08,0.00,0.00,3.03,0.00,0.00,0.00,7.07
02:47:58,4,80.00,0.00,9.00,0.00,0.00,3.00,0.00,0.00,0.00,8.00
02:47:58,5,81.82,0.00,8.08,0.00,0.00,2.02,0.00,0.00,0.00,8.08
02:47:58,6,81.82,0.00,7.07,0.00,0.00,3.03,0.00,0.00,0.00,8.08
02:47:58,7,81.82,0.00,9.09,0.00,0.00,2.02,0.00,0.00,0.00,7.07
02:47:58,12,80.00,0.00,9.00,0.00,0.00,3.00,0.00,0.00,0.00,8.00
02:47:58,13,81.82,0.00,7.07,0.00,0.00,3.03,0.00,0.00,0.00,8.08
02:47:58,14,81.00,0.00,8.00,0.00,0.00,4.00,0.00,0.00,0.00,7.00
02:47:58,15,80.81,0.00,8.08,0.00,0.00,3.03,0.00,0.00,0.00,8.08
02:47:59,4,83.84,0.00,9.09,0.00,0.00,2.02,0.00,0.00,0.00,5.05
02:47:59,5,84.00,0.00,9.00,0.00,0.00,2.00,0.00,0.00,0.00,5.00
02:47:59,6,82.83,0.00,8.08,0.00,0.00,3.03,0.00,0.00,0.00,6.06
02:47:59,7,81.82,0.00,9.09,0.00,0.00,3.03,0.00,0.00,0.00,6.06
02:47:59,12,82.65,0.00,9.18,0.00,0.00,2.04,0.00,0.00,0.00,6.12
02:47:59,13,84.00,0.00,8.00,0.00,0.00,2.00,0.00,0.00,0.00,6.00
02:47:59,14,83.84,0.00,8.08,0.00,0.00,2.02,0.00,0.00,0.00,6.06
02:47:59,15,84.00,0.00,7.00,0.00,0.00,3.00,0.00,0.00,0.00,6.00
02:48:00,4,81.82,0.00,8.08,0.00,0.00,3.03,0.00,0.00,0.00,7.07
02:48:00,5,81.00,0.00,9.00,0.00,0.00,3.00,0.00,0.00,0.00,7.00
02:48:00,6,82.00,0.00,9.00,0.00,0.00,2.00,0.00,0.00,0.00,7.00
02:48:00,7,82.00,0.00,8.00,0.00,0.00,3.00,0.00,0.00,0.00,7.00
02:48:00,12,81.00,0.00,8.00,0.00,0.00,4.00,0.00,0.00,0.00,7.00
02:48:00,13,81.82,0.00,9.09,0.00,0.00,3.03,0.00,0.00,0.00,6.06
02:48:00,14,79.80,0.00,10.10,0.00,0.00,3.03,0.00,0.00,0.00,7.07
02:48:00,15,81.19,0.00,8.91,0.00,0.00,2.97,0.00,0.00,0.00,6.93
02:48:01,4,81.00,0.00,8.00,0.00,0.00,3.00,0.00,0.00,0.00,8.00
02:48:01,5,81.63,0.00,6.12,0.00,0.00,4.08,0.00,0.00,0.00,8.16
02:48:01,6,81.63,0.00,8.16,0.00,0.00,3.06,0.00,0.00,0.00,7.14
02:48:01,7,81.82,0.00,8.08,0.00,0.00,2.02,0.00,0.00,0.00,8.08
02:48:01,12,81.82,0.00,8.08,0.00,0.00,2.02,0.00,0.00,0.00,8.08
02:48:01,13,82.00,0.00,8.00,0.00,0.00,2.00,0.00,0.00,0.00,8.00
02:48:01,14,81.63,0.00,9.18,0.00,0.00,2.04,0.00,0.00,0.00,7.14
02:48:01,15,82.00,0.00,7.00,0.00,0.00,3.00,0.00,0.00,0.00,8.00
02:48:02,4,81.82,0.00,9.09,0.00,0.00,2.02,0.00,0.00,0.00,7.07
02:48:02,5,81.82,0.00,8.08,0.00,0.00,3.03,0.00,0.00,0.00,7.07
02:48:02,6,80.00,0.00,9.00,0.00,0.00,3.00,0.00,0.00,0.00,8.00
02:48:02,7,81.19,0.00,7.92,0.00,0.00,2.97,0.00,0.00,0.00,7.92
02:48:02,12,81.82,0.00,9.09,0.00,0.00,2.02,0.00,0.00,0.00,7.07
02:48:02,13,80.81,0.00,9.09,0.00,0.00,3.03,0.00,0.00,0.00,7.07
02:48:02,14,80.20,0.00,8.91,0.00,0.00,2.97,0.00,0.00,0.00,7.92
02:48:02,15,82.65,0.00,7.14,0.00,0.00,2.04,0.00,0.00,0.00,8.16
02:48:03,4,80.20,0.00,9.90,0.00,0.00,2.97,0.00,0.00,0.00,6.93
02:48:03,5,82.00,0.00,9.00,0.00,0.00,2.00,0.00,0.00,0.00,7.00
02:48:03,6,81.00,0.00,9.00,0.00,0.00,3.00,0.00,0.00,0.00,7.00
02:48:03,7,83.84,0.00,7.07,0.00,0.00,2.02,0.00,0.00,0.00,7.07
02:48:03,12,81.19,0.00,8.91,0.00,0.00,2.97,0.00,0.00,0.00,6.93
02:48:03,13,81.00,0.00,9.00,0.00,0.00,3.00,0.00,0.00,0.00,7.00
02:48:03,14,81.82,0.00,9.09,0.00,0.00,3.03,0.00,0.00,0.00,6.06
02:48:03,15,82.18,0.00,6.93,0.00,0.00,3.96,0.00,0.00,0.00,6.93
02:48:04,4,75.51,0.00,9.18,0.00,0.00,2.04,0.00,0.00,0.00,13.27
02:48:04,5,74.49,0.00,9.18,0.00,0.00,3.06,0.00,0.00,0.00,13.27
02:48:04,6,75.26,0.00,8.25,0.00,0.00,3.09,0.00,0.00,0.00,13.40
02:48:04,7,73.47,0.00,9.18,0.00,0.00,3.06,0.00,0.00,0.00,14.29
02:48:04,12,75.51,0.00,9.18,0.00,0.00,2.04,0.00,0.00,0.00,13.27
02:48:04,13,77.55,0.00,7.14,0.00,0.00,2.04,0.00,0.00,0.00,13.27
02:48:04,14,76.77,0.00,7.07,0.00,0.00,2.02,0.00,0.00,0.00,14.14
02:48:04,15,74.75,0.00,9.09,0.00,0.00,3.03,0.00,0.00,0.00,13.13
02:48:05,4,82.65,0.00,7.14,0.00,0.00,2.04,0.00,0.00,0.00,8.16
02:48:05,5,82.00,0.00,8.00,0.00,0.00,2.00,0.00,0.00,0.00,8.00
02:48:05,6,82.18,0.00,7.92,0.00,0.00,2.97,0.00,0.00,0.00,6.93
02:48:05,7,81.82,0.00,8.08,0.00,0.00,2.02,0.00,0.00,0.00,8.08
02:48:05,12,81.00,0.00,8.00,0.00,0.00,3.00,0.00,0.00,0.00,8.00
02:48:05,13,82.18,0.00,7.92,0.00,0.00,2.97,0.00,0.00,0.00,6.93
02:48:05,14,80.00,0.00,8.00,0.00,0.00,4.00,0.00,0.00,0.00,8.00
02:48:05,15,82.00,0.00,7.00,0.00,0.00,3.00,0.00,0.00,0.00,8.00
02:48:06,4,79.21,0.00,9.90,0.00,0.00,2.97,0.00,0.00,0.00,7.92
02:48:06,5,79.80,0.00,10.10,0.00,0.00,3.03,0.00,0.00,0.00,7.07
02:48:06,6,80.00,0.00,9.00,0.00,0.00,3.00,0.00,0.00,0.00,8.00
02:48:06,7,82.83,0.00,8.08,0.00,0.00,2.02,0.00,0.00,0.00,7.07
02:48:06,12,79.00,0.00,10.00,0.00,0.00,3.00,0.00,0.00,0.00,8.00
02:48:06,13,81.82,0.00,8.08,0.00,0.00,2.02,0.00,0.00,0.00,8.08
02:48:06,14,81.44,0.00,9.28,0.00,0.00,2.06,0.00,0.00,0.00,7.22
02:48:06,15,82.65,0.00,8.16,0.00,0.00,2.04,0.00,0.00,0.00,7.14
02:48:07,4,82.65,0.00,8.16,0.00,0.00,3.06,0.00,0.00,0.00,6.12
02:48:07,5,83.84,0.00,8.08,0.00,0.00,2.02,0.00,0.00,0.00,6.06
02:48:07,6,82.83,0.00,8.08,0.00,0.00,2.02,0.00,0.00,0.00,7.07
02:48:07,7,82.18,0.00,7.92,0.00,0.00,1.98,0.00,0.00,0.00,7.92
02:48:07,12,81.00,0.00,9.00,0.00,0.00,3.00,0.00,0.00,0.00,7.00
02:48:07,13,79.00,0.00,10.00,0.00,0.00,4.00,0.00,0.00,0.00,7.00
02:48:07,14,81.00,0.00,9.00,0.00,0.00,3.00,0.00,0.00,0.00,7.00
02:48:07,15,80.81,0.00,9.09,0.00,0.00,3.03,0.00,0.00,0.00,7.07
02:48:08,4,81.82,0.00,8.08,0.00,0.00,2.02,0.00,0.00,0.00,8.08
02:48:08,5,82.00,0.00,7.00,0.00,0.00,3.00,0.00,0.00,0.00,8.00
02:48:08,6,81.82,0.00,9.09,0.00,0.00,2.02,0.00,0.00,0.00,7.07
02:48:08,7,81.63,0.00,8.16,0.00,0.00,3.06,0.00,0.00,0.00,7.14
02:48:08,12,83.00,0.00,8.00,0.00,0.00,2.00,0.00,0.00,0.00,7.00
02:48:08,13,81.00,0.00,10.00,0.00,0.00,2.00,0.00,0.00,0.00,7.00
02:48:08,14,82.00,0.00,8.00,0.00,0.00,2.00,0.00,0.00,0.00,8.00
02:48:08,15,81.19,0.00,7.92,0.00,0.00,2.97,0.00,0.00,0.00,7.92
02:48:09,4,81.00,0.00,9.00,0.00,0.00,3.00,0.00,0.00,0.00,7.00
02:48:09,5,82.00,0.00,8.00,0.00,0.00,3.00,0.00,0.00,0.00,7.00
02:48:09,6,81.82,0.00,8.08,0.00,0.00,2.02,0.00,0.00,0.00,8.08
02:48:09,7,80.81,0.00,9.09,0.00,0.00,3.03,0.00,0.00,0.00,7.07
02:48:09,12,82.18,0.00,6.93,0.00,0.00,2.97,0.00,0.00,0.00,7.92
02:48:09,13,82.83,0.00,8.08,0.00,0.00,2.02,0.00,0.00,0.00,7.07
02:48:09,14,83.67,0.00,7.14,0.00,0.00,2.04,0.00,0.00,0.00,7.14
02:48:09,15,81.00,0.00,8.00,0.00,0.00,4.00,0.00,0.00,0.00,7.00
02:48:10,4,82.83,0.00,7.07,0.00,0.00,3.03,0.00,0.00,0.00,7.07
02:48:10,5,82.00,0.00,9.00,0.00,0.00,2.00,0.00,0.00,0.00,7.00
02:48:10,6,78.00,0.00,11.00,0.00,0.00,4.00,0.00,0.00,0.00,7.00
02:48:10,7,82.00,0.00,8.00,0.00,0.00,2.00,0.00,0.00,0.00,8.00
02:48:10,12,79.80,0.00,10.10,0.00,0.00,3.03,0.00,0.00,0.00,7.07
02:48:10,13,80.81,0.00,9.09,0.00,0.00,3.03,0.00,0.00,0.00,7.07
02:48:10,14,80.20,0.00,8.91,0.00,0.00,2.97,0.00,0.00,0.00,7.92
02:48:10,15,82.83,0.00,7.07,0.00,0.00,2.02,0.00,0.00,0.00,8.08
02:48:11,4,82.00,0.00,9.00,0.00,0.00,2.00,0.00,0.00,0.00,7.00
02:48:11,5,81.82,0.00,8.08,0.00,0.00,3.03,0.00,0.00,0.00,7.07
02:48:11,6,81.00,0.00,9.00,0.00,0.00,2.00,0.00,0.00,0.00,8.00
02:48:11,7,80.20,0.00,8.91,0.00,0.00,2.97,0.00,0.00,0.00,7.92
02:48:11,12,81.00,0.00,9.00,0.00,0.00,3.00,0.00,0.00,0.00,7.00
02:48:11,13,81.00,0.00,8.00,0.00,0.00,3.00,0.00,0.00,0.00,8.00
02:48:11,14,80.61,0.00,8.16,0.00,0.00,3.06,0.00,0.00,0.00,8.16
02:48:11,15,80.20,0.00,8.91,0.00,0.00,2.97,0.00,0.00,0.00,7.92
02:48:12,4,81.00,0.00,8.00,0.00,0.00,3.00,0.00,0.00,0.00,8.00
02:48:12,5,81.82,0.00,9.09,0.00,0.00,2.02,0.00,0.00,0.00,7.07
02:48:12,6,83.84,0.00,7.07,0.00,0.00,2.02,0.00,0.00,0.00,7.07
02:48:12,7,83.51,0.00,7.22,0.00,0.00,2.06,0.00,0.00,0.00,7.22
02:48:12,12,81.00,0.00,8.00,0.00,0.00,3.00,0.00,0.00,0.00,8.00
02:48:12,13,83.00,0.00,8.00,0.00,0.00,2.00,0.00,0.00,0.00,7.00
02:48:12,14,81.00,0.00,8.00,0.00,0.00,3.00,0.00,0.00,0.00,8.00
02:48:12,15,80.61,0.00,10.20,0.00,0.00,2.04,0.00,0.00,0.00,7.14
02:48:13,4,81.82,0.00,8.08,0.00,0.00,3.03,0.00,0.00,0.00,7.07
02:48:13,5,82.00,0.00,9.00,0.00,0.00,2.00,0.00,0.00,0.00,7.00
02:48:13,6,82.00,0.00,7.00,0.00,0.00,3.00,0.00,0.00,0.00,8.00
02:48:13,7,80.20,0.00,8.91,0.00,0.00,2.97,0.00,0.00,0.00,7.92
02:48:13,12,80.81,0.00,9.09,0.00,0.00,3.03,0.00,0.00,0.00,7.07
02:48:13,13,81.00,0.00,9.00,0.00,0.00,3.00,0.00,0.00,0.00,7.00
02:48:13,14,81.00,0.00,9.00,0.00,0.00,3.00,0.00,0.00,0.00,7.00
02:48:13,15,81.00,0.00,8.00,0.00,0.00,3.00,0.00,0.00,0.00,8.00
02:48:14,4,82.83,0.00,7.07,0.00,0.00,3.03,0.00,0.00,0.00,7.07
02:48:14,5,83.00,0.00,7.00,0.00,0.00,2.00,0.00,0.00,0.00,8.00
02:48:14,6,82.83,0.00,8.08,0.00,0.00,2.02,0.00,0.00,0.00,7.07
02:48:14,7,82.18,0.00,7.92,0.00,0.00,1.98,0.00,0.00,0.00,7.92
02:48:14,12,80.20,0.00,8.91,0.00,0.00,2.97,0.00,0.00,0.00,7.92
02:48:14,13,81.82,0.00,8.08,0.00,0.00,2.02,0.00,0.00,0.00,8.08
02:48:14,14,83.51,0.00,7.22,0.00,0.00,2.06,0.00,0.00,0.00,7.22
02:48:14,15,81.00,0.00,8.00,0.00,0.00,3.00,0.00,0.00,0.00,8.00
02:48:15,4,82.18,0.00,8.91,0.00,0.00,2.97,0.00,0.00,0.00,5.94
02:48:15,5,81.82,0.00,9.09,0.00,0.00,3.03,0.00,0.00,0.00,6.06
02:48:15,6,81.00,0.00,11.00,0.00,0.00,2.00,0.00,0.00,0.00,6.00
02:48:15,7,83.67,0.00,8.16,0.00,0.00,2.04,0.00,0.00,0.00,6.12
02:48:15,12,83.84,0.00,7.07,0.00,0.00,3.03,0.00,0.00,0.00,6.06
02:48:15,13,83.84,0.00,8.08,0.00,0.00,2.02,0.00,0.00,0.00,6.06
02:48:15,14,81.19,0.00,9.90,0.00,0.00,2.97,0.00,0.00,0.00,5.94
02:48:15,15,81.00,0.00,10.00,0.00,0.00,3.00,0.00,0.00,0.00,6.00
02:48:16,4,80.81,0.00,8.08,0.00,0.00,4.04,0.00,0.00,0.00,7.07
02:48:16,5,82.65,0.00,8.16,0.00,0.00,2.04,0.00,0.00,0.00,7.14
02:48:16,6,80.81,0.00,8.08,0.00,0.00,4.04,0.00,0.00,0.00,7.07
02:48:16,7,81.00,0.00,9.00,0.00,0.00,3.00,0.00,0.00,0.00,7.00
02:48:16,12,84.00,0.00,6.00,0.00,0.00,3.00,0.00,0.00,0.00,7.00
02:48:16,13,83.00,0.00,7.00,0.00,0.00,3.00,0.00,0.00,0.00,7.00
02:48:16,14,82.65,0.00,8.16,0.00,0.00,2.04,0.00,0.00,0.00,7.14
02:48:16,15,83.00,0.00,8.00,0.00,0.00,2.00,0.00,0.00,0.00,7.00
02:48:17,4,79.00,0.00,10.00,0.00,0.00,3.00,0.00,0.00,0.00,8.00
02:48:17,5,81.82,0.00,9.09,0.00,0.00,2.02,0.00,0.00,0.00,7.07
02:48:17,6,82.00,0.00,7.00,0.00,0.00,4.00,0.00,0.00,0.00,7.00
02:48:17,7,80.61,0.00,8.16,0.00,0.00,3.06,0.00,0.00,0.00,8.16
02:48:17,12,80.81,0.00,9.09,0.00,0.00,2.02,0.00,0.00,0.00,8.08
02:48:17,13,83.00,0.00,8.00,0.00,0.00,2.00,0.00,0.00,0.00,7.00
02:48:17,14,80.00,0.00,8.00,0.00,0.00,4.00,0.00,0.00,0.00,8.00
02:48:17,15,80.81,0.00,9.09,0.00,0.00,3.03,0.00,0.00,0.00,7.07
02:48:18,4,80.00,0.00,10.00,0.00,0.00,3.00,0.00,0.00,0.00,7.00
02:48:18,5,80.00,0.00,10.00,0.00,0.00,3.00,0.00,0.00,0.00,7.00
02:48:18,6,82.18,0.00,7.92,0.00,0.00,1.98,0.00,0.00,0.00,7.92
02:48:18,7,82.83,0.00,8.08,0.00,0.00,2.02,0.00,0.00,0.00,7.07
02:48:18,12,81.00,0.00,9.00,0.00,0.00,3.00,0.00,0.00,0.00,7.00
02:48:18,13,81.82,0.00,9.09,0.00,0.00,2.02,0.00,0.00,0.00,7.07
02:48:18,14,80.00,0.00,10.00,0.00,0.00,3.00,0.00,0.00,0.00,7.00
02:48:18,15,81.00,0.00,8.00,0.00,0.00,3.00,0.00,0.00,0.00,8.00
02:48:19,4,82.47,0.00,8.25,0.00,0.00,2.06,0.00,0.00,0.00,7.22
02:48:19,5,81.19,0.00,7.92,0.00,0.00,2.97,0.00,0.00,0.00,7.92
02:48:19,6,81.00,0.00,8.00,0.00,0.00,3.00,0.00,0.00,0.00,8.00
02:48:19,7,81.19,0.00,7.92,0.00,0.00,2.97,0.00,0.00,0.00,7.92
02:48:19,12,80.20,0.00,7.92,0.00,0.00,3.96,0.00,0.00,0.00,7.92
02:48:19,13,80.20,0.00,8.91,0.00,0.00,2.97,0.00,0.00,0.00,7.92
02:48:19,14,81.82,0.00,8.08,0.00,0.00,2.02,0.00,0.00,0.00,8.08
02:48:19,15,80.61,0.00,8.16,0.00,0.00,3.06,0.00,0.00,0.00,8.16
02:48:20,4,82.00,0.00,9.00,0.00,0.00,4.00,0.00,0.00,0.00,5.00
02:48:20,5,82.83,0.00,9.09,0.00,0.00,3.03,0.00,0.00,0.00,5.05
02:48:20,6,80.81,0.00,10.10,0.00,0.00,4.04,0.00,0.00,0.00,5.05
02:48:20,7,84.85,0.00,8.08,0.00,0.00,2.02,0.00,0.00,0.00,5.05
02:48:20,12,84.85,0.00,8.08,0.00,0.00,2.02,0.00,0.00,0.00,5.05
02:48:20,13,83.67,0.00,9.18,0.00,0.00,2.04,0.00,0.00,0.00,5.10
02:48:20,14,82.00,0.00,10.00,0.00,0.00,3.00,0.00,0.00,0.00,5.00
02:48:20,15,82.83,0.00,10.10,0.00,0.00,2.02,0.00,0.00,0.00,5.05
02:48:21,4,82.83,0.00,8.08,0.00,0.00,2.02,0.00,0.00,0.00,7.07
02:48:21,5,81.82,0.00,8.08,0.00,0.00,4.04,0.00,0.00,0.00,6.06
02:48:21,6,81.82,0.00,9.09,0.00,0.00,3.03,0.00,0.00,0.00,6.06
02:48:21,7,79.59,0.00,9.18,0.00,0.00,4.08,0.00,0.00,0.00,7.14
02:48:21,12,79.80,0.00,10.10,0.00,0.00,3.03,0.00,0.00,0.00,7.07
02:48:21,13,81.19,0.00,8.91,0.00,0.00,2.97,0.00,0.00,0.00,6.93
02:48:21,14,82.83,0.00,8.08,0.00,0.00,2.02,0.00,0.00,0.00,7.07
02:48:21,15,82.65,0.00,8.16,0.00,0.00,2.04,0.00,0.00,0.00,7.14
02:48:22,4,82.18,0.00,7.92,0.00,0.00,3.96,0.00,0.00,0.00,5.94
02:48:22,5,81.00,0.00,9.00,0.00,0.00,4.00,0.00,0.00,0.00,6.00
02:48:22,6,82.00,0.00,9.00,0.00,0.00,2.00,0.00,0.00,0.00,7.00
02:48:22,7,81.82,0.00,9.09,0.00,0.00,2.02,0.00,0.00,0.00,7.07
02:48:22,12,83.00,0.00,8.00,0.00,0.00,3.00,0.00,0.00,0.00,6.00
02:48:22,13,83.00,0.00,8.00,0.00,0.00,3.00,0.00,0.00,0.00,6.00
02:48:22,14,81.82,0.00,9.09,0.00,0.00,3.03,0.00,0.00,0.00,6.06
02:48:22,15,82.00,0.00,9.00,0.00,0.00,3.00,0.00,0.00,0.00,6.00
02:48:23,4,80.81,0.00,9.09,0.00,0.00,2.02,0.00,0.00,0.00,8.08
02:48:23,5,81.63,0.00,8.16,0.00,0.00,2.04,0.00,0.00,0.00,8.16
02:48:23,6,82.83,0.00,8.08,0.00,0.00,1.01,0.00,0.00,0.00,8.08
02:48:23,7,80.81,0.00,8.08,0.00,0.00,3.03,0.00,0.00,0.00,8.08
02:48:23,12,82.47,0.00,7.22,0.00,0.00,2.06,0.00,0.00,0.00,8.25
02:48:23,13,81.00,0.00,8.00,0.00,0.00,3.00,0.00,0.00,0.00,8.00
02:48:23,14,79.80,0.00,9.09,0.00,0.00,3.03,0.00,0.00,0.00,8.08
02:48:23,15,80.00,0.00,8.00,0.00,0.00,3.00,0.00,0.00,0.00,9.00
02:48:24,4,80.81,0.00,9.09,0.00,0.00,3.03,0.00,0.00,0.00,7.07
02:48:24,5,82.00,0.00,8.00,0.00,0.00,3.00,0.00,0.00,0.00,7.00
02:48:24,6,81.82,0.00,8.08,0.00,0.00,3.03,0.00,0.00,0.00,7.07
02:48:24,7,81.00,0.00,9.00,0.00,0.00,3.00,0.00,0.00,0.00,7.00
02:48:24,12,80.00,0.00,10.00,0.00,0.00,3.00,0.00,0.00,0.00,7.00
02:48:24,13,81.82,0.00,8.08,0.00,0.00,3.03,0.00,0.00,0.00,7.07
02:48:24,14,82.00,0.00,9.00,0.00,0.00,2.00,0.00,0.00,0.00,7.00
02:48:24,15,82.83,0.00,8.08,0.00,0.00,2.02,0.00,0.00,0.00,7.07
02:48:25,4,81.19,0.00,7.92,0.00,0.00,3.96,0.00,0.00,0.00,6.93
02:48:25,5,80.81,0.00,10.10,0.00,0.00,2.02,0.00,0.00,0.00,7.07
02:48:25,6,80.81,0.00,9.09,0.00,0.00,3.03,0.00,0.00,0.00,7.07
02:48:25,7,81.00,0.00,9.00,0.00,0.00,3.00,0.00,0.00,0.00,7.00
02:48:25,12,84.16,0.00,6.93,0.00,0.00,2.97,0.00,0.00,0.00,5.94
02:48:25,13,81.19,0.00,9.90,0.00,0.00,2.97,0.00,0.00,0.00,5.94
02:48:25,14,81.82,0.00,9.09,0.00,0.00,3.03,0.00,0.00,0.00,6.06
02:48:25,15,83.84,0.00,8.08,0.00,0.00,2.02,0.00,0.00,0.00,6.06
02:48:26,4,81.19,0.00,7.92,0.00,0.00,2.97,0.00,0.00,0.00,7.92
02:48:26,5,82.00,0.00,8.00,0.00,0.00,3.00,0.00,0.00,0.00,7.00
02:48:26,6,80.61,0.00,10.20,0.00,0.00,2.04,0.00,0.00,0.00,7.14
02:48:26,7,77.78,0.00,11.11,0.00,0.00,3.03,0.00,0.00,0.00,8.08
02:48:26,12,80.81,0.00,9.09,0.00,0.00,2.02,0.00,0.00,0.00,8.08
02:48:26,13,80.81,0.00,8.08,0.00,0.00,4.04,0.00,0.00,0.00,7.07
02:48:26,14,81.00,0.00,9.00,0.00,0.00,2.00,0.00,0.00,0.00,8.00
02:48:26,15,80.81,0.00,8.08,0.00,0.00,3.03,0.00,0.00,0.00,8.08
02:48:27,4,83.84,0.00,7.07,0.00,0.00,3.03,0.00,0.00,0.00,6.06
02:48:27,5,84.00,0.00,7.00,0.00,0.00,2.00,0.00,0.00,0.00,7.00
02:48:27,6,83.84,0.00,7.07,0.00,0.00,2.02,0.00,0.00,0.00,7.07
02:48:27,7,81.82,0.00,9.09,0.00,0.00,2.02,0.00,0.00,0.00,7.07
02:48:27,12,81.82,0.00,8.08,0.00,0.00,4.04,0.00,0.00,0.00,6.06
02:48:27,13,81.82,0.00,9.09,0.00,0.00,2.02,0.00,0.00,0.00,7.07
02:48:27,14,80.81,0.00,8.08,0.00,0.00,4.04,0.00,0.00,0.00,7.07
02:48:27,15,82.00,0.00,8.00,0.00,0.00,3.00,0.00,0.00,0.00,7.00
02:48:28,4,84.69,0.00,7.14,0.00,0.00,2.04,0.00,0.00,0.00,6.12
02:48:28,5,80.81,0.00,10.10,0.00,0.00,2.02,0.00,0.00,0.00,7.07
02:48:28,6,79.21,0.00,9.90,0.00,0.00,3.96,0.00,0.00,0.00,6.93
02:48:28,7,82.00,0.00,8.00,0.00,0.00,3.00,0.00,0.00,0.00,7.00
02:48:28,12,81.82,0.00,9.09,0.00,0.00,2.02,0.00,0.00,0.00,7.07
02:48:28,13,83.67,0.00,8.16,0.00,0.00,2.04,0.00,0.00,0.00,6.12
02:48:28,14,82.00,0.00,9.00,0.00,0.00,3.00,0.00,0.00,0.00,6.00
02:48:28,15,81.00,0.00,10.00,0.00,0.00,2.00,0.00,0.00,0.00,7.00
02:48:29,4,82.83,0.00,7.07,0.00,0.00,3.03,0.00,0.00,0.00,7.07
02:48:29,5,82.00,0.00,9.00,0.00,0.00,2.00,0.00,0.00,0.00,7.00
02:48:29,6,83.67,0.00,7.14,0.00,0.00,2.04,0.00,0.00,0.00,7.14
02:48:29,7,82.00,0.00,8.00,0.00,0.00,3.00,0.00,0.00,0.00,7.00
02:48:29,12,83.00,0.00,8.00,0.00,0.00,2.00,0.00,0.00,0.00,7.00
02:48:29,13,83.00,0.00,8.00,0.00,0.00,2.00,0.00,0.00,0.00,7.00
02:48:29,14,81.82,0.00,9.09,0.00,0.00,2.02,0.00,0.00,0.00,7.07
02:48:29,15,81.82,0.00,8.08,0.00,0.00,3.03,0.00,0.00,0.00,7.07
02:48:30,4,80.00,0.00,10.00,0.00,0.00,3.00,0.00,0.00,0.00,7.00
02:48:30,5,81.00,0.00,8.00,0.00,0.00,4.00,0.00,0.00,0.00,7.00
02:48:30,6,80.20,0.00,8.91,0.00,0.00,3.96,0.00,0.00,0.00,6.93
02:48:30,7,79.80,0.00,9.09,0.00,0.00,4.04,0.00,0.00,0.00,7.07
02:48:30,12,81.82,0.00,8.08,0.00,0.00,3.03,0.00,0.00,0.00,7.07
02:48:30,13,82.00,0.00,8.00,0.00,0.00,3.00,0.00,0.00,0.00,7.00
02:48:30,14,81.82,0.00,8.08,0.00,0.00,3.03,0.00,0.00,0.00,7.07
02:48:30,15,83.67,0.00,8.16,0.00,0.00,1.02,0.00,0.00,0.00,7.14
02:48:31,4,81.82,0.00,9.09,0.00,0.00,3.03,0.00,0.00,0.00,6.06
02:48:31,5,80.61,0.00,11.22,0.00,0.00,3.06,0.00,0.00,0.00,5.10
02:48:31,6,84.54,0.00,8.25,0.00,0.00,2.06,0.00,0.00,0.00,5.15
02:48:31,7,80.81,0.00,10.10,0.00,0.00,3.03,0.00,0.00,0.00,6.06
02:48:31,12,82.83,0.00,10.10,0.00,0.00,2.02,0.00,0.00,0.00,5.05
02:48:31,13,83.00,0.00,8.00,0.00,0.00,3.00,0.00,0.00,0.00,6.00
02:48:31,14,82.00,0.00,9.00,0.00,0.00,3.00,0.00,0.00,0.00,6.00
02:48:31,15,84.16,0.00,6.93,0.00,0.00,2.97,0.00,0.00,0.00,5.94
02:48:32,4,81.00,0.00,9.00,0.00,0.00,3.00,0.00,0.00,0.00,7.00
02:48:32,5,80.00,0.00,9.00,0.00,0.00,3.00,0.00,0.00,0.00,8.00
02:48:32,6,81.00,0.00,8.00,0.00,0.00,3.00,0.00,0.00,0.00,8.00
02:48:32,7,82.00,0.00,8.00,0.00,0.00,2.00,0.00,0.00,0.00,8.00
02:48:32,12,80.81,0.00,8.08,0.00,0.00,3.03,0.00,0.00,0.00,8.08
02:48:32,13,83.51,0.00,7.22,0.00,0.00,2.06,0.00,0.00,0.00,7.22
02:48:32,14,81.00,0.00,9.00,0.00,0.00,3.00,0.00,0.00,0.00,7.00
02:48:32,15,79.80,0.00,9.09,0.00,0.00,3.03,0.00,0.00,0.00,8.08
02:48:33,4,82.83,0.00,9.09,0.00,0.00,1.01,0.00,0.00,0.00,7.07
02:48:33,5,81.82,0.00,8.08,0.00,0.00,3.03,0.00,0.00,0.00,7.07
02:48:33,6,80.81,0.00,9.09,0.00,0.00,3.03,0.00,0.00,0.00,7.07
02:48:33,7,81.00,0.00,8.00,0.00,0.00,3.00,0.00,0.00,0.00,8.00
02:48:33,12,82.00,0.00,8.00,0.00,0.00,3.00,0.00,0.00,0.00,7.00
02:48:33,13,79.21,0.00,10.89,0.00,0.00,2.97,0.00,0.00,0.00,6.93
02:48:33,14,82.83,0.00,8.08,0.00,0.00,2.02,0.00,0.00,0.00,7.07
02:48:33,15,82.83,0.00,8.08,0.00,0.00,1.01,0.00,0.00,0.00,8.08
02:48:34,4,79.80,0.00,10.10,0.00,0.00,3.03,0.00,0.00,0.00,7.07
02:48:34,5,80.00,0.00,10.00,0.00,0.00,3.00,0.00,0.00,0.00,7.00
02:48:34,6,81.00,0.00,9.00,0.00,0.00,3.00,0.00,0.00,0.00,7.00
02:48:34,7,83.84,0.00,7.07,0.00,0.00,2.02,0.00,0.00,0.00,7.07
02:48:34,12,80.00,0.00,12.00,0.00,0.00,1.00,0.00,0.00,0.00,7.00
02:48:34,13,81.00,0.00,9.00,0.00,0.00,3.00,0.00,0.00,0.00,7.00
02:48:34,14,82.00,0.00,8.00,0.00,0.00,3.00,0.00,0.00,0.00,7.00
02:48:34,15,82.00,0.00,8.00,0.00,0.00,3.00,0.00,0.00,0.00,7.00
02:48:35,4,83.00,0.00,6.00,0.00,0.00,3.00,0.00,0.00,0.00,8.00
02:48:35,5,79.80,0.00,10.10,0.00,0.00,2.02,0.00,0.00,0.00,8.08
02:48:35,6,81.82,0.00,8.08,0.00,0.00,2.02,0.00,0.00,0.00,8.08
02:48:35,7,79.21,0.00,7.92,0.00,0.00,3.96,0.00,0.00,0.00,8.91
02:48:35,12,81.00,0.00,8.00,0.00,0.00,3.00,0.00,0.00,0.00,8.00
02:48:35,13,80.81,0.00,8.08,0.00,0.00,3.03,0.00,0.00,0.00,8.08
02:48:35,14,79.80,0.00,9.09,0.00,0.00,3.03,0.00,0.00,0.00,8.08
02:48:35,15,82.00,0.00,8.00,0.00,0.00,2.00,0.00,0.00,0.00,8.00
02:48:36,4,83.00,0.00,7.00,0.00,0.00,3.00,0.00,0.00,0.00,7.00
02:48:36,5,82.00,0.00,8.00,0.00,0.00,3.00,0.00,0.00,0.00,7.00
02:48:36,6,79.00,0.00,10.00,0.00,0.00,4.00,0.00,0.00,0.00,7.00
02:48:36,7,81.82,0.00,9.09,0.00,0.00,2.02,0.00,0.00,0.00,7.07
02:48:36,12,83.84,0.00,6.06,0.00,0.00,3.03,0.00,0.00,0.00,7.07
02:48:36,13,81.00,0.00,9.00,0.00,0.00,3.00,0.00,0.00,0.00,7.00
02:48:36,14,83.84,0.00,7.07,0.00,0.00,2.02,0.00,0.00,0.00,7.07
02:48:36,15,83.84,0.00,7.07,0.00,0.00,2.02,0.00,0.00,0.00,7.07
02:48:37,4,80.81,0.00,9.09,0.00,0.00,3.03,0.00,0.00,0.00,7.07
02:48:37,5,79.80,0.00,10.10,0.00,0.00,3.03,0.00,0.00,0.00,7.07
02:48:37,6,83.00,0.00,7.00,0.00,0.00,3.00,0.00,0.00,0.00,7.00
02:48:37,7,82.00,0.00,8.00,0.00,0.00,2.00,0.00,0.00,0.00,8.00
02:48:37,12,81.19,0.00,8.91,0.00,0.00,2.97,0.00,0.00,0.00,6.93
02:48:37,13,80.81,0.00,9.09,0.00,0.00,2.02,0.00,0.00,0.00,8.08
02:48:37,14,82.00,0.00,8.00,0.00,0.00,3.00,0.00,0.00,0.00,7.00
02:48:37,15,78.79,0.00,10.10,0.00,0.00,3.03,0.00,0.00,0.00,8.08
02:48:38,4,81.82,0.00,7.07,0.00,0.00,3.03,0.00,0.00,0.00,8.08
02:48:38,5,80.81,0.00,8.08,0.00,0.00,3.03,0.00,0.00,0.00,8.08
02:48:38,6,78.00,0.00,11.00,0.00,0.00,3.00,0.00,0.00,0.00,8.00
02:48:38,7,81.00,0.00,8.00,0.00,0.00,3.00,0.00,0.00,0.00,8.00
02:48:38,12,81.82,0.00,8.08,0.00,0.00,2.02,0.00,0.00,0.00,8.08
02:48:38,13,78.79,0.00,12.12,0.00,0.00,2.02,0.00,0.00,0.00,7.07
02:48:38,14,80.81,0.00,8.08,0.00,0.00,3.03,0.00,0.00,0.00,8.08
02:48:38,15,82.00,0.00,8.00,0.00,0.00,2.00,0.00,0.00,0.00,8.00
02:48:39,4,82.83,0.00,9.09,0.00,0.00,1.01,0.00,0.00,0.00,7.07
02:48:39,5,81.63,0.00,8.16,0.00,0.00,3.06,0.00,0.00,0.00,7.14
02:48:39,6,82.00,0.00,8.00,0.00,0.00,3.00,0.00,0.00,0.00,7.00
02:48:39,7,80.81,0.00,9.09,0.00,0.00,3.03,0.00,0.00,0.00,7.07
02:48:39,12,82.83,0.00,8.08,0.00,0.00,2.02,0.00,0.00,0.00,7.07
02:48:39,13,79.00,0.00,11.00,0.00,0.00,3.00,0.00,0.00,0.00,7.00
02:48:39,14,80.00,0.00,9.00,0.00,0.00,3.00,0.00,0.00,0.00,8.00
02:48:39,15,80.20,0.00,9.90,0.00,0.00,2.97,0.00,0.00,0.00,6.93
02:48:40,4,82.00,0.00,8.00,0.00,0.00,3.00,0.00,0.00,0.00,7.00
02:48:40,5,82.18,0.00,7.92,0.00,0.00,2.97,0.00,0.00,0.00,6.93
02:48:40,6,81.00,0.00,9.00,0.00,0.00,3.00,0.00,0.00,0.00,7.00
02:48:40,7,82.83,0.00,8.08,0.00,0.00,2.02,0.00,0.00,0.00,7.07
02:48:40,12,80.61,0.00,9.18,0.00,0.00,3.06,0.00,0.00,0.00,7.14
02:48:40,13,82.00,0.00,9.00,0.00,0.00,2.00,0.00,0.00,0.00,7.00
02:48:40,14,80.81,0.00,10.10,0.00,0.00,2.02,0.00,0.00,0.00,7.07
02:48:40,15,81.82,0.00,8.08,0.00,0.00,2.02,0.00,0.00,0.00,8.08
02:48:41,4,81.82,0.00,9.09,0.00,0.00,2.02,0.00,0.00,0.00,7.07
02:48:41,5,82.00,0.00,9.00,0.00,0.00,3.00,0.00,0.00,0.00,6.00
02:48:41,6,81.00,0.00,9.00,0.00,0.00,3.00,0.00,0.00,0.00,7.00
02:48:41,7,82.18,0.00,6.93,0.00,0.00,2.97,0.00,0.00,0.00,7.92
02:48:41,12,81.19,0.00,9.90,0.00,0.00,1.98,0.00,0.00,0.00,6.93
02:48:41,13,79.00,0.00,10.00,0.00,0.00,3.00,0.00,0.00,0.00,8.00
02:48:41,14,82.00,0.00,9.00,0.00,0.00,3.00,0.00,0.00,0.00,6.00
02:48:41,15,81.00,0.00,9.00,0.00,0.00,3.00,0.00,0.00,0.00,7.00
02:48:42,4,79.80,0.00,9.09,0.00,0.00,3.03,0.00,0.00,0.00,8.08
02:48:42,5,82.83,0.00,8.08,0.00,0.00,2.02,0.00,0.00,0.00,7.07
02:48:42,6,81.82,0.00,8.08,0.00,0.00,3.03,0.00,0.00,0.00,7.07
02:48:42,7,80.00,0.00,10.00,0.00,0.00,2.00,0.00,0.00,0.00,8.00
02:48:42,12,80.81,0.00,9.09,0.00,0.00,3.03,0.00,0.00,0.00,7.07
02:48:42,13,80.81,0.00,9.09,0.00,0.00,3.03,0.00,0.00,0.00,7.07
02:48:42,14,83.00,0.00,8.00,0.00,0.00,2.00,0.00,0.00,0.00,7.00
02:48:42,15,81.00,0.00,8.00,0.00,0.00,3.00,0.00,0.00,0.00,8.00
02:48:43,4,81.82,0.00,8.08,0.00,0.00,3.03,0.00,0.00,0.00,7.07
02:48:43,5,79.21,0.00,10.89,0.00,0.00,2.97,0.00,0.00,0.00,6.93
02:48:43,6,81.19,0.00,6.93,0.00,0.00,3.96,0.00,0.00,0.00,7.92
02:48:43,7,83.84,0.00,7.07,0.00,0.00,2.02,0.00,0.00,0.00,7.07
02:48:43,12,81.82,0.00,8.08,0.00,0.00,2.02,0.00,0.00,0.00,8.08
02:48:43,13,82.65,0.00,8.16,0.00,0.00,2.04,0.00,0.00,0.00,7.14
02:48:43,14,80.81,0.00,8.08,0.00,0.00,4.04,0.00,0.00,0.00,7.07
02:48:43,15,83.84,0.00,7.07,0.00,0.00,2.02,0.00,0.00,0.00,7.07
02:48:44,4,80.00,0.00,10.00,0.00,0.00,3.00,0.00,0.00,0.00,7.00
02:48:44,5,80.81,0.00,9.09,0.00,0.00,3.03,0.00,0.00,0.00,7.07
02:48:44,6,81.63,0.00,8.16,0.00,0.00,3.06,0.00,0.00,0.00,7.14
02:48:44,7,80.81,0.00,8.08,0.00,0.00,4.04,0.00,0.00,0.00,7.07
02:48:44,12,81.00,0.00,9.00,0.00,0.00,3.00,0.00,0.00,0.00,7.00
02:48:44,13,80.00,0.00,10.00,0.00,0.00,2.00,0.00,0.00,0.00,8.00
02:48:44,14,82.00,0.00,9.00,0.00,0.00,1.00,0.00,0.00,0.00,8.00
02:48:44,15,81.00,0.00,9.00,0.00,0.00,3.00,0.00,0.00,0.00,7.00
02:48:45,4,81.00,0.00,8.00,0.00,0.00,3.00,0.00,0.00,0.00,8.00
02:48:45,5,81.44,0.00,8.25,0.00,0.00,2.06,0.00,0.00,0.00,8.25
02:48:45,6,78.79,0.00,10.10,0.00,0.00,3.03,0.00,0.00,0.00,8.08
02:48:45,7,79.80,0.00,8.08,0.00,0.00,3.03,0.00,0.00,0.00,9.09
02:48:45,12,81.82,0.00,7.07,0.00,0.00,3.03,0.00,0.00,0.00,8.08
02:48:45,13,81.82,0.00,7.07,0.00,0.00,3.03,0.00,0.00,0.00,8.08
02:48:45,14,80.00,0.00,9.00,0.00,0.00,3.00,0.00,0.00,0.00,8.00
02:48:45,15,79.21,0.00,8.91,0.00,0.00,2.97,0.00,0.00,0.00,8.91
02:48:46,4,81.63,0.00,9.18,0.00,0.00,2.04,0.00,0.00,0.00,7.14
02:48:46,5,79.00,0.00,10.00,0.00,0.00,4.00,0.00,0.00,0.00,7.00
02:48:46,6,81.00,0.00,8.00,0.00,0.00,3.00,0.00,0.00,0.00,8.00
02:48:46,7,82.00,0.00,8.00,0.00,0.00,3.00,0.00,0.00,0.00,7.00
02:48:46,12,81.00,0.00,9.00,0.00,0.00,3.00,0.00,0.00,0.00,7.00
02:48:46,13,81.00,0.00,9.00,0.00,0.00,3.00,0.00,0.00,0.00,7.00
02:48:46,14,82.18,0.00,7.92,0.00,0.00,2.97,0.00,0.00,0.00,6.93
02:48:46,15,82.83,0.00,8.08,0.00,0.00,2.02,0.00,0.00,0.00,7.07
02:48:47,4,81.00,0.00,10.00,0.00,0.00,2.00,0.00,0.00,0.00,7.00
02:48:47,5,81.82,0.00,9.09,0.00,0.00,3.03,0.00,0.00,0.00,6.06
02:48:47,6,82.00,0.00,8.00,0.00,0.00,3.00,0.00,0.00,0.00,7.00
02:48:47,7,81.00,0.00,9.00,0.00,0.00,3.00,0.00,0.00,0.00,7.00
02:48:47,12,83.00,0.00,9.00,0.00,0.00,2.00,0.00,0.00,0.00,6.00
02:48:47,13,82.65,0.00,8.16,0.00,0.00,2.04,0.00,0.00,0.00,7.14
02:48:47,14,81.63,0.00,9.18,0.00,0.00,2.04,0.00,0.00,0.00,7.14
02:48:47,15,82.00,0.00,9.00,0.00,0.00,2.00,0.00,0.00,0.00,7.00
02:48:48,4,81.00,0.00,10.00,0.00,0.00,2.00,0.00,0.00,0.00,7.00
02:48:48,5,81.82,0.00,8.08,0.00,0.00,2.02,0.00,0.00,0.00,8.08
02:48:48,6,80.00,0.00,10.00,0.00,0.00,3.00,0.00,0.00,0.00,7.00
02:48:48,7,81.82,0.00,8.08,0.00,0.00,2.02,0.00,0.00,0.00,8.08
02:48:48,12,79.80,0.00,9.09,0.00,0.00,3.03,0.00,0.00,0.00,8.08
02:48:48,13,81.63,0.00,8.16,0.00,0.00,3.06,0.00,0.00,0.00,7.14
02:48:48,14,83.17,0.00,5.94,0.00,0.00,2.97,0.00,0.00,0.00,7.92
02:48:48,15,79.21,0.00,8.91,0.00,0.00,3.96,0.00,0.00,0.00,7.92
02:48:49,4,81.00,0.00,8.00,0.00,0.00,3.00,0.00,0.00,0.00,8.00
02:48:49,5,79.00,0.00,11.00,0.00,0.00,3.00,0.00,0.00,0.00,7.00
02:48:49,6,82.83,0.00,7.07,0.00,0.00,2.02,0.00,0.00,0.00,8.08
02:48:49,7,81.00,0.00,8.00,0.00,0.00,3.00,0.00,0.00,0.00,8.00
02:48:49,12,79.80,0.00,11.11,0.00,0.00,2.02,0.00,0.00,0.00,7.07
02:48:49,13,81.00,0.00,9.00,0.00,0.00,3.00,0.00,0.00,0.00,7.00
02:48:49,14,82.83,0.00,8.08,0.00,0.00,2.02,0.00,0.00,0.00,7.07
02:48:49,15,82.65,0.00,8.16,0.00,0.00,2.04,0.00,0.00,0.00,7.14
02:48:50,4,82.00,0.00,8.00,0.00,0.00,2.00,0.00,0.00,0.00,8.00
02:48:50,5,81.82,0.00,7.07,0.00,0.00,3.03,0.00,0.00,0.00,8.08
02:48:50,6,78.79,0.00,10.10,0.00,0.00,4.04,0.00,0.00,0.00,7.07
02:48:50,7,82.83,0.00,9.09,0.00,0.00,1.01,0.00,0.00,0.00,7.07
02:48:50,12,80.39,0.00,8.82,0.00,0.00,2.94,0.00,0.00,0.00,7.84
02:48:50,13,81.00,0.00,9.00,0.00,0.00,2.00,0.00,0.00,0.00,8.00
02:48:50,14,80.00,0.00,9.00,0.00,0.00,3.00,0.00,0.00,0.00,8.00
02:48:50,15,81.00,0.00,8.00,0.00,0.00,3.00,0.00,0.00,0.00,8.00
02:48:51,4,82.65,0.00,8.16,0.00,0.00,2.04,0.00,0.00,0.00,7.14
02:48:51,5,81.00,0.00,9.00,0.00,0.00,3.00,0.00,0.00,0.00,7.00
02:48:51,6,80.00,0.00,10.00,0.00,0.00,2.00,0.00,0.00,0.00,8.00
02:48:51,7,81.82,0.00,7.07,0.00,0.00,3.03,0.00,0.00,0.00,8.08
02:48:51,12,79.38,0.00,11.34,0.00,0.00,2.06,0.00,0.00,0.00,7.22
02:48:51,13,80.81,0.00,9.09,0.00,0.00,3.03,0.00,0.00,0.00,7.07
02:48:51,14,82.65,0.00,8.16,0.00,0.00,2.04,0.00,0.00,0.00,7.14
02:48:51,15,83.67,0.00,7.14,0.00,0.00,2.04,0.00,0.00,0.00,7.14
02:48:52,4,81.82,0.00,8.08,0.00,0.00,3.03,0.00,0.00,0.00,7.07
02:48:52,5,83.17,0.00,8.91,0.00,0.00,1.98,0.00,0.00,0.00,5.94
02:48:52,6,84.69,0.00,7.14,0.00,0.00,2.04,0.00,0.00,0.00,6.12
02:48:52,7,80.00,0.00,11.00,0.00,0.00,2.00,0.00,0.00,0.00,7.00
02:48:52,12,82.18,0.00,8.91,0.00,0.00,2.97,0.00,0.00,0.00,5.94
02:48:52,13,80.81,0.00,10.10,0.00,0.00,3.03,0.00,0.00,0.00,6.06
02:48:52,14,80.39,0.00,9.80,0.00,0.00,2.94,0.00,0.00,0.00,6.86
02:48:52,15,81.19,0.00,9.90,0.00,0.00,1.98,0.00,0.00,0.00,6.93
02:48:53,4,82.65,0.00,9.18,0.00,0.00,2.04,0.00,0.00,0.00,6.12
02:48:53,5,81.82,0.00,9.09,0.00,0.00,2.02,0.00,0.00,0.00,7.07
02:48:53,6,79.80,0.00,9.09,0.00,0.00,3.03,0.00,0.00,0.00,8.08
02:48:53,7,80.81,0.00,9.09,0.00,0.00,3.03,0.00,0.00,0.00,7.07
02:48:53,12,82.65,0.00,9.18,0.00,0.00,1.02,0.00,0.00,0.00,7.14
02:48:53,13,80.20,0.00,8.91,0.00,0.00,2.97,0.00,0.00,0.00,7.92
02:48:53,14,81.63,0.00,9.18,0.00,0.00,2.04,0.00,0.00,0.00,7.14
02:48:53,15,80.00,0.00,9.00,0.00,0.00,3.00,0.00,0.00,0.00,8.00
02:48:54,4,81.00,0.00,8.00,0.00,0.00,3.00,0.00,0.00,0.00,8.00
02:48:54,5,82.00,0.00,9.00,0.00,0.00,2.00,0.00,0.00,0.00,7.00
02:48:54,6,82.00,0.00,8.00,0.00,0.00,3.00,0.00,0.00,0.00,7.00
02:48:54,7,81.00,0.00,9.00,0.00,0.00,2.00,0.00,0.00,0.00,8.00
02:48:54,12,81.82,0.00,8.08,0.00,0.00,3.03,0.00,0.00,0.00,7.07
02:48:54,13,83.67,0.00,7.14,0.00,0.00,2.04,0.00,0.00,0.00,7.14
02:48:54,14,81.37,0.00,7.84,0.00,0.00,2.94,0.00,0.00,0.00,7.84
02:48:54,15,82.83,0.00,7.07,0.00,0.00,2.02,0.00,0.00,0.00,8.08
02:48:55,4,83.84,0.00,7.07,0.00,0.00,3.03,0.00,0.00,0.00,6.06
02:48:55,5,80.81,0.00,9.09,0.00,0.00,3.03,0.00,0.00,0.00,7.07
02:48:55,6,82.00,0.00,8.00,0.00,0.00,3.00,0.00,0.00,0.00,7.00
02:48:55,7,82.00,0.00,8.00,0.00,0.00,3.00,0.00,0.00,0.00,7.00
02:48:55,12,80.20,0.00,9.90,0.00,0.00,2.97,0.00,0.00,0.00,6.93
02:48:55,13,81.00,0.00,9.00,0.00,0.00,3.00,0.00,0.00,0.00,7.00
02:48:55,14,82.83,0.00,8.08,0.00,0.00,2.02,0.00,0.00,0.00,7.07
02:48:55,15,81.82,0.00,10.10,0.00,0.00,2.02,0.00,0.00,0.00,6.06
02:48:56,4,83.67,0.00,7.14,0.00,0.00,1.02,0.00,0.00,0.00,8.16
02:48:56,5,83.67,0.00,7.14,0.00,0.00,2.04,0.00,0.00,0.00,7.14
02:48:56,6,78.79,0.00,10.10,0.00,0.00,4.04,0.00,0.00,0.00,7.07
02:48:56,7,83.51,0.00,7.22,0.00,0.00,2.06,0.00,0.00,0.00,7.22
02:48:56,12,82.00,0.00,7.00,0.00,0.00,3.00,0.00,0.00,0.00,8.00
02:48:56,13,82.00,0.00,8.00,0.00,0.00,3.00,0.00,0.00,0.00,7.00
02:48:56,14,80.81,0.00,9.09,0.00,0.00,3.03,0.00,0.00,0.00,7.07
02:48:56,15,81.00,0.00,8.00,0.00,0.00,3.00,0.00,0.00,0.00,8.00
02:48:57,4,82.00,0.00,9.00,0.00,0.00,3.00,0.00,0.00,0.00,6.00
02:48:57,5,81.82,0.00,9.09,0.00,0.00,3.03,0.00,0.00,0.00,6.06
02:48:57,6,84.69,0.00,7.14,0.00,0.00,2.04,0.00,0.00,0.00,6.12
02:48:57,7,81.19,0.00,7.92,0.00,0.00,3.96,0.00,0.00,0.00,6.93
02:48:57,12,83.84,0.00,8.08,0.00,0.00,2.02,0.00,0.00,0.00,6.06
02:48:57,13,83.00,0.00,8.00,0.00,0.00,3.00,0.00,0.00,0.00,6.00
02:48:57,14,84.85,0.00,7.07,0.00,0.00,2.02,0.00,0.00,0.00,6.06
02:48:57,15,83.84,0.00,7.07,0.00,0.00,3.03,0.00,0.00,0.00,6.06
02:48:58,4,82.00,0.00,8.00,0.00,0.00,2.00,0.00,0.00,0.00,8.00
02:48:58,5,79.00,0.00,10.00,0.00,0.00,3.00,0.00,0.00,0.00,8.00
02:48:58,6,80.00,0.00,9.00,0.00,0.00,3.00,0.00,0.00,0.00,8.00
02:48:58,7,81.82,0.00,9.09,0.00,0.00,1.01,0.00,0.00,0.00,8.08
02:48:58,12,81.00,0.00,9.00,0.00,0.00,3.00,0.00,0.00,0.00,7.00
02:48:58,13,81.00,0.00,8.00,0.00,0.00,3.00,0.00,0.00,0.00,8.00
02:48:58,14,82.00,0.00,8.00,0.00,0.00,2.00,0.00,0.00,0.00,8.00
02:48:58,15,81.00,0.00,8.00,0.00,0.00,3.00,0.00,0.00,0.00,8.00
02:48:59,4,80.81,0.00,8.08,0.00,0.00,3.03,0.00,0.00,0.00,8.08
02:48:59,5,81.82,0.00,8.08,0.00,0.00,2.02,0.00,0.00,0.00,8.08
02:48:59,6,80.00,0.00,10.00,0.00,0.00,2.00,0.00,0.00,0.00,8.00
02:48:59,7,79.00,0.00,10.00,0.00,0.00,3.00,0.00,0.00,0.00,8.00
02:48:59,12,80.81,0.00,8.08,0.00,0.00,2.02,0.00,0.00,0.00,9.09
02:48:59,13,81.82,0.00,8.08,0.00,0.00,2.02,0.00,0.00,0.00,8.08
02:48:59,14,82.00,0.00,7.00,0.00,0.00,2.00,0.00,0.00,0.00,9.00
02:48:59,15,81.00,0.00,8.00,0.00,0.00,2.00,0.00,0.00,0.00,9.00
02:49:00,4,79.59,0.00,10.20,0.00,0.00,3.06,0.00,0.00,0.00,7.14
02:49:00,5,81.63,0.00,9.18,0.00,0.00,2.04,0.00,0.00,0.00,7.14
02:49:00,6,81.19,0.00,7.92,0.00,0.00,3.96,0.00,0.00,0.00,6.93
02:49:00,7,81.82,0.00,8.08,0.00,0.00,3.03,0.00,0.00,0.00,7.07
02:49:00,12,81.19,0.00,8.91,0.00,0.00,2.97,0.00,0.00,0.00,6.93
02:49:00,13,82.00,0.00,8.00,0.00,0.00,3.00,0.00,0.00,0.00,7.00
02:49:00,14,82.00,0.00,8.00,0.00,0.00,3.00,0.00,0.00,0.00,7.00
02:49:00,15,81.00,0.00,8.00,0.00,0.00,3.00,0.00,0.00,0.00,8.00
02:49:01,4,80.20,0.00,8.91,0.00,0.00,2.97,0.00,0.00,0.00,7.92
02:49:01,5,81.82,0.00,8.08,0.00,0.00,3.03,0.00,0.00,0.00,7.07
02:49:01,6,83.67,0.00,7.14,0.00,0.00,2.04,0.00,0.00,0.00,7.14
02:49:01,7,82.00,0.00,7.00,0.00,0.00,3.00,0.00,0.00,0.00,8.00
02:49:01,12,81.82,0.00,8.08,0.00,0.00,2.02,0.00,0.00,0.00,8.08
02:49:01,13,80.81,0.00,8.08,0.00,0.00,4.04,0.00,0.00,0.00,7.07
02:49:01,14,81.00,0.00,10.00,0.00,0.00,2.00,0.00,0.00,0.00,7.00
02:49:01,15,81.00,0.00,9.00,0.00,0.00,3.00,0.00,0.00,0.00,7.00
02:49:02,4,81.82,0.00,9.09,0.00,0.00,3.03,0.00,0.00,0.00,6.06
02:49:02,5,81.00,0.00,10.00,0.00,0.00,2.00,0.00,0.00,0.00,7.00
02:49:02,6,81.00,0.00,10.00,0.00,0.00,3.00,0.00,0.00,0.00,6.00
02:49:02,7,81.63,0.00,9.18,0.00,0.00,3.06,0.00,0.00,0.00,6.12
02:49:02,12,84.16,0.00,7.92,0.00,0.00,1.98,0.00,0.00,0.00,5.94
02:49:02,13,83.84,0.00,8.08,0.00,0.00,2.02,0.00,0.00,0.00,6.06
02:49:02,14,82.83,0.00,9.09,0.00,0.00,2.02,0.00,0.00,0.00,6.06
02:49:02,15,83.67,0.00,7.14,0.00,0.00,3.06,0.00,0.00,0.00,6.12
02:49:03,4,79.80,0.00,9.09,0.00,0.00,4.04,0.00,0.00,0.00,7.07
02:49:03,5,82.00,0.00,8.00,0.00,0.00,3.00,0.00,0.00,0.00,7.00
02:49:03,6,80.00,0.00,9.00,0.00,0.00,3.00,0.00,0.00,0.00,8.00
02:49:03,7,79.00,0.00,9.00,0.00,0.00,4.00,0.00,0.00,0.00,8.00
02:49:03,12,80.81,0.00,8.08,0.00,0.00,3.03,0.00,0.00,0.00,8.08
02:49:03,13,80.81,0.00,9.09,0.00,0.00,2.02,0.00,0.00,0.00,8.08
02:49:03,14,80.00,0.00,9.00,0.00,0.00,3.00,0.00,0.00,0.00,8.00
02:49:03,15,80.61,0.00,9.18,0.00,0.00,2.04,0.00,0.00,0.00,8.16
02:49:04,4,80.81,0.00,8.08,0.00,0.00,2.02,0.00,0.00,0.00,9.09
02:49:04,5,79.80,0.00,9.09,0.00,0.00,3.03,0.00,0.00,0.00,8.08
02:49:04,6,81.63,0.00,7.14,0.00,0.00,3.06,0.00,0.00,0.00,8.16
02:49:04,7,80.81,0.00,8.08,0.00,0.00,2.02,0.00,0.00,0.00,9.09
02:49:04,12,81.82,0.00,8.08,0.00,0.00,2.02,0.00,0.00,0.00,8.08
02:49:04,13,81.00,0.00,8.00,0.00,0.00,3.00,0.00,0.00,0.00,8.00
02:49:04,14,77.78,0.00,10.10,0.00,0.00,4.04,0.00,0.00,0.00,8.08
02:49:04,15,81.00,0.00,9.00,0.00,0.00,1.00,0.00,0.00,0.00,9.00
02:49:05,4,79.00,0.00,9.00,0.00,0.00,3.00,0.00,0.00,0.00,9.00
02:49:05,5,78.79,0.00,10.10,0.00,0.00,2.02,0.00,0.00,0.00,9.09
02:49:05,6,78.00,0.00,10.00,0.00,0.00,2.00,0.00,0.00,0.00,10.00
02:49:05,7,79.00,0.00,8.00,0.00,0.00,3.00,0.00,0.00,0.00,10.00
02:49:05,12,80.00,0.00,8.00,1.00,0.00,3.00,0.00,0.00,0.00,8.00
02:49:05,13,80.61,0.00,7.14,0.00,0.00,3.06,0.00,0.00,0.00,9.18
02:49:05,14,80.00,0.00,7.00,0.00,0.00,3.00,0.00,0.00,0.00,10.00
02:49:05,15,79.41,0.00,6.86,0.00,0.00,3.92,0.00,0.00,0.00,9.80
02:49:06,4,80.81,0.00,8.08,0.00,0.00,3.03,0.00,0.00,0.00,8.08
02:49:06,5,81.82,0.00,7.07,0.00,0.00,3.03,0.00,0.00,0.00,8.08
02:49:06,6,82.00,0.00,7.00,0.00,0.00,3.00,0.00,0.00,0.00,8.00
02:49:06,7,80.00,0.00,9.00,0.00,0.00,3.00,0.00,0.00,0.00,8.00
02:49:06,12,79.80,0.00,9.09,0.00,0.00,3.03,0.00,0.00,0.00,8.08
02:49:06,13,79.80,0.00,8.08,0.00,0.00,4.04,0.00,0.00,0.00,8.08
02:49:06,14,82.83,0.00,8.08,0.00,0.00,2.02,0.00,0.00,0.00,7.07
02:49:06,15,80.61,0.00,9.18,0.00,0.00,2.04,0.00,0.00,0.00,8.16
02:49:07,4,82.00,0.00,7.00,0.00,0.00,3.00,0.00,0.00,0.00,8.00
02:49:07,5,79.00,0.00,10.00,0.00,0.00,3.00,0.00,0.00,0.00,8.00
02:49:07,6,81.63,0.00,9.18,0.00,0.00,2.04,0.00,0.00,0.00,7.14
02:49:07,7,82.00,0.00,8.00,0.00,0.00,2.00,0.00,0.00,0.00,8.00
02:49:07,12,80.81,0.00,9.09,0.00,0.00,3.03,0.00,0.00,0.00,7.07
02:49:07,13,80.00,0.00,9.00,0.00,0.00,3.00,0.00,0.00,0.00,8.00
02:49:07,14,80.00,0.00,9.00,0.00,0.00,3.00,0.00,0.00,0.00,8.00
02:49:07,15,82.18,0.00,6.93,0.00,0.00,2.97,0.00,0.00,0.00,7.92
02:49:08,4,82.83,0.00,10.10,0.00,0.00,2.02,0.00,0.00,0.00,5.05
02:49:08,5,81.00,0.00,10.00,0.00,0.00,3.00,0.00,0.00,0.00,6.00
02:49:08,6,82.83,0.00,8.08,0.00,0.00,3.03,0.00,0.00,0.00,6.06
02:49:08,7,83.00,0.00,9.00,0.00,0.00,2.00,0.00,0.00,0.00,6.00
02:49:08,12,84.54,0.00,8.25,0.00,0.00,1.03,0.00,0.00,0.00,6.19
02:49:08,13,82.83,0.00,9.09,0.00,0.00,2.02,0.00,0.00,0.00,6.06
02:49:08,14,84.00,0.00,8.00,0.00,0.00,2.00,0.00,0.00,0.00,6.00
02:49:08,15,80.81,0.00,10.10,0.00,0.00,3.03,0.00,0.00,0.00,6.06
02:49:09,4,79.00,0.00,10.00,0.00,0.00,3.00,0.00,0.00,0.00,8.00
02:49:09,5,81.82,0.00,7.07,0.00,0.00,3.03,0.00,0.00,0.00,8.08
02:49:09,6,80.00,0.00,9.00,0.00,0.00,3.00,0.00,0.00,0.00,8.00
02:49:09,7,80.20,0.00,8.91,0.00,0.00,2.97,0.00,0.00,0.00,7.92
02:49:09,12,80.39,0.00,8.82,0.00,0.00,2.94,0.00,0.00,0.00,7.84
02:49:09,13,82.00,0.00,8.00,0.00,0.00,3.00,0.00,0.00,0.00,7.00
02:49:09,14,80.00,0.00,9.00,0.00,0.00,3.00,0.00,0.00,0.00,8.00
02:49:09,15,80.81,0.00,9.09,0.00,0.00,2.02,0.00,0.00,0.00,8.08
02:49:10,4,82.00,0.00,8.00,0.00,0.00,3.00,0.00,0.00,0.00,7.00
02:49:10,5,80.00,0.00,9.00,0.00,0.00,3.00,0.00,0.00,0.00,8.00
02:49:10,6,80.81,0.00,9.09,0.00,0.00,2.02,0.00,0.00,0.00,8.08
02:49:10,7,81.82,0.00,8.08,0.00,0.00,2.02,0.00,0.00,0.00,8.08
02:49:10,12,82.00,0.00,8.00,0.00,0.00,3.00,0.00,0.00,0.00,7.00
02:49:10,13,82.83,0.00,8.08,0.00,0.00,1.01,0.00,0.00,0.00,8.08
02:49:10,14,81.82,0.00,8.08,0.00,0.00,2.02,0.00,0.00,0.00,8.08
02:49:10,15,81.82,0.00,7.07,0.00,0.00,3.03,0.00,0.00,0.00,8.08
02:49:11,4,79.00,0.00,8.00,0.00,0.00,3.00,0.00,0.00,0.00,10.00
02:49:11,5,80.00,0.00,9.00,0.00,0.00,2.00,0.00,0.00,0.00,9.00
02:49:11,6,79.80,0.00,8.08,0.00,0.00,3.03,0.00,0.00,0.00,9.09
02:49:11,7,79.80,0.00,8.08,0.00,0.00,3.03,0.00,0.00,0.00,9.09
02:49:11,12,81.63,0.00,6.12,0.00,0.00,3.06,0.00,0.00,0.00,9.18
02:49:11,13,78.22,0.00,9.90,0.00,0.00,2.97,0.00,0.00,0.00,8.91
02:49:11,14,79.00,0.00,9.00,0.00,0.00,3.00,0.00,0.00,0.00,9.00
02:49:11,15,78.22,0.00,8.91,0.00,0.00,2.97,0.00,0.00,0.00,9.90
02:49:12,4,81.00,0.00,10.00,0.00,0.00,2.00,0.00,0.00,0.00,7.00
02:49:12,5,82.83,0.00,7.07,0.00,0.00,3.03,0.00,0.00,0.00,7.07
02:49:12,6,81.00,0.00,9.00,0.00,0.00,2.00,0.00,0.00,0.00,8.00
02:49:12,7,81.19,0.00,6.93,0.00,0.00,2.97,0.00,0.00,0.00,8.91
02:49:12,12,80.20,0.00,8.91,0.00,0.00,2.97,0.00,0.00,0.00,7.92
02:49:12,13,81.00,0.00,9.00,0.00,0.00,2.00,0.00,0.00,0.00,8.00
02:49:12,14,79.00,0.00,10.00,0.00,0.00,3.00,0.00,0.00,0.00,8.00
02:49:12,15,81.63,0.00,9.18,0.00,0.00,2.04,0.00,0.00,0.00,7.14
02:49:13,4,80.81,0.00,9.09,0.00,0.00,3.03,0.00,0.00,0.00,7.07
02:49:13,5,81.19,0.00,8.91,0.00,0.00,2.97,0.00,0.00,0.00,6.93
02:49:13,6,81.00,0.00,10.00,0.00,0.00,2.00,0.00,0.00,0.00,7.00
02:49:13,7,80.41,0.00,10.31,0.00,0.00,2.06,0.00,0.00,0.00,7.22
02:49:13,12,82.83,0.00,8.08,0.00,0.00,2.02,0.00,0.00,0.00,7.07
02:49:13,13,79.80,0.00,11.11,0.00,0.00,3.03,0.00,0.00,0.00,6.06
02:49:13,14,84.54,0.00,6.19,0.00,0.00,2.06,0.00,0.00,0.00,7.22
02:49:13,15,79.00,0.00,11.00,0.00,0.00,2.00,0.00,0.00,0.00,8.00
02:49:14,4,82.00,0.00,8.00,0.00,0.00,2.00,0.00,0.00,0.00,8.00
02:49:14,5,81.19,0.00,7.92,0.00,0.00,2.97,0.00,0.00,0.00,7.92
02:49:14,6,82.00,0.00,7.00,0.00,0.00,3.00,0.00,0.00,0.00,8.00
02:49:14,7,79.00,0.00,10.00,0.00,0.00,3.00,0.00,0.00,0.00,8.00
02:49:14,12,80.81,0.00,8.08,0.00,0.00,3.03,0.00,0.00,0.00,8.08
02:49:14,13,80.61,0.00,8.16,0.00,0.00,3.06,0.00,0.00,0.00,8.16
02:49:14,14,83.17,0.00,6.93,0.00,0.00,1.98,0.00,0.00,0.00,7.92
02:49:14,15,81.63,0.00,8.16,0.00,0.00,2.04,0.00,0.00,0.00,8.16
02:49:15,4,84.69,0.00,7.14,0.00,0.00,2.04,0.00,0.00,0.00,6.12
02:49:15,5,82.00,0.00,9.00,0.00,0.00,2.00,0.00,0.00,0.00,7.00
02:49:15,6,84.00,0.00,7.00,0.00,0.00,2.00,0.00,0.00,0.00,7.00
02:49:15,7,80.81,0.00,9.09,0.00,0.00,3.03,0.00,0.00,0.00,7.07
02:49:15,12,80.00,0.00,10.00,0.00,0.00,3.00,0.00,0.00,0.00,7.00
02:49:15,13,81.00,0.00,10.00,0.00,0.00,2.00,0.00,0.00,0.00,7.00
02:49:15,14,82.00,0.00,8.00,0.00,0.00,3.00,0.00,0.00,0.00,7.00
02:49:15,15,82.18,0.00,7.92,0.00,0.00,2.97,0.00,0.00,0.00,6.93
02:49:16,4,80.20,0.00,8.91,0.00,0.00,2.97,0.00,0.00,0.00,7.92
02:49:16,5,81.82,0.00,8.08,0.00,0.00,2.02,0.00,0.00,0.00,8.08
02:49:16,6,81.00,0.00,9.00,0.00,0.00,3.00,0.00,0.00,0.00,7.00
02:49:16,7,80.00,0.00,8.00,0.00,0.00,3.00,0.00,0.00,0.00,9.00
02:49:16,12,81.19,0.00,8.91,0.00,0.00,1.98,0.00,0.00,0.00,7.92
02:49:16,13,80.00,0.00,9.00,0.00,0.00,3.00,0.00,0.00,0.00,8.00
02:49:16,14,82.18,0.00,6.93,0.00,0.00,2.97,0.00,0.00,0.00,7.92
02:49:16,15,80.81,0.00,9.09,0.00,0.00,2.02,0.00,0.00,0.00,8.08
02:49:17,4,82.18,0.00,7.92,0.00,0.00,1.98,0.00,0.00,0.00,7.92
02:49:17,5,81.63,0.00,9.18,0.00,0.00,1.02,0.00,0.00,0.00,8.16
02:49:17,6,81.00,0.00,7.00,0.00,0.00,3.00,0.00,0.00,0.00,9.00
02:49:17,7,80.00,0.00,9.00,0.00,0.00,3.00,0.00,0.00,0.00,8.00
02:49:17,12,81.63,0.00,8.16,0.00,0.00,3.06,0.00,0.00,0.00,7.14
02:49:17,13,82.00,0.00,8.00,0.00,0.00,2.00,0.00,0.00,0.00,8.00
02:49:17,14,81.00,0.00,9.00,0.00,0.00,2.00,0.00,0.00,0.00,8.00
02:49:17,15,81.00,0.00,8.00,0.00,0.00,3.00,0.00,0.00,0.00,8.00
02:49:18,4,81.63,0.00,9.18,0.00,0.00,2.04,0.00,0.00,0.00,7.14
02:49:18,5,81.00,0.00,10.00,0.00,0.00,3.00,0.00,0.00,0.00,6.00
02:49:18,6,82.83,0.00,8.08,0.00,0.00,3.03,0.00,0.00,0.00,6.06
02:49:18,7,81.82,0.00,9.09,0.00,0.00,2.02,0.00,0.00,0.00,7.07
02:49:18,12,80.81,0.00,9.09,0.00,0.00,3.03,0.00,0.00,0.00,7.07
02:49:18,13,79.80,0.00,10.10,0.00,0.00,3.03,0.00,0.00,0.00,7.07
02:49:18,14,80.81,0.00,10.10,0.00,0.00,2.02,0.00,0.00,0.00,7.07
02:49:18,15,81.00,0.00,10.00,0.00,0.00,2.00,0.00,0.00,0.00,7.00
02:49:19,4,81.63,0.00,7.14,0.00,0.00,3.06,0.00,0.00,0.00,8.16
02:49:19,5,81.63,0.00,7.14,0.00,0.00,3.06,0.00,0.00,0.00,8.16
02:49:19,6,79.00,0.00,9.00,0.00,0.00,3.00,0.00,0.00,0.00,9.00
02:49:19,7,79.80,0.00,9.09,0.00,0.00,3.03,0.00,0.00,0.00,8.08
02:49:19,12,81.00,0.00,9.00,0.00,0.00,2.00,0.00,0.00,0.00,8.00
02:49:19,13,80.81,0.00,9.09,0.00,0.00,2.02,0.00,0.00,0.00,8.08
02:49:19,14,81.00,0.00,9.00,0.00,0.00,2.00,0.00,0.00,0.00,8.00
02:49:19,15,78.00,0.00,10.00,0.00,0.00,3.00,0.00,0.00,0.00,9.00
02:49:20,4,79.21,0.00,8.91,0.00,0.00,1.98,0.00,0.00,0.00,9.90
02:49:20,5,79.21,0.00,7.92,0.00,0.00,2.97,0.00,0.00,0.00,9.90
02:49:20,6,79.59,0.00,9.18,0.00,0.00,2.04,0.00,0.00,0.00,9.18
02:49:20,7,79.00,0.00,9.00,0.00,0.00,2.00,0.00,0.00,0.00,10.00
02:49:20,12,79.00,0.00,9.00,1.00,0.00,2.00,0.00,0.00,0.00,9.00
02:49:20,13,75.76,0.00,11.11,0.00,0.00,3.03,0.00,0.00,0.00,10.10
02:49:20,14,77.00,0.00,9.00,0.00,0.00,4.00,0.00,0.00,0.00,10.00
02:49:20,15,78.79,0.00,9.09,0.00,0.00,2.02,0.00,0.00,0.00,10.10
02:49:21,4,82.00,0.00,8.00,0.00,0.00,3.00,0.00,0.00,0.00,7.00
02:49:21,5,82.83,0.00,8.08,0.00,0.00,2.02,0.00,0.00,0.00,7.07
02:49:21,6,81.19,0.00,8.91,0.00,0.00,1.98,0.00,0.00,0.00,7.92
02:49:21,7,81.63,0.00,8.16,0.00,0.00,3.06,0.00,0.00,0.00,7.14
02:49:21,12,80.20,0.00,9.90,0.00,0.00,2.97,0.00,0.00,0.00,6.93
02:49:21,13,81.19,0.00,7.92,0.00,0.00,2.97,0.00,0.00,0.00,7.92
02:49:21,14,80.81,0.00,9.09,0.00,0.00,3.03,0.00,0.00,0.00,7.07
02:49:21,15,81.00,0.00,9.00,0.00,0.00,3.00,0.00,0.00,0.00,7.00
02:49:22,4,81.82,0.00,9.09,0.00,0.00,2.02,0.00,0.00,0.00,7.07
02:49:22,5,83.00,0.00,7.00,0.00,0.00,3.00,0.00,0.00,0.00,7.00
02:49:22,6,81.00,0.00,8.00,0.00,0.00,4.00,0.00,0.00,0.00,7.00
02:49:22,7,82.83,0.00,7.07,0.00,0.00,2.02,0.00,0.00,0.00,8.08
02:49:22,12,81.82,0.00,7.07,0.00,0.00,3.03,0.00,0.00,0.00,8.08
02:49:22,13,80.81,0.00,9.09,0.00,0.00,3.03,0.00,0.00,0.00,7.07
02:49:22,14,80.00,0.00,9.00,0.00,0.00,3.00,0.00,0.00,0.00,8.00
02:49:22,15,81.00,0.00,8.00,0.00,0.00,3.00,0.00,0.00,0.00,8.00
02:49:23,4,83.00,0.00,8.00,0.00,0.00,2.00,0.00,0.00,0.00,7.00
02:49:23,5,80.61,0.00,9.18,0.00,0.00,3.06,0.00,0.00,0.00,7.14
02:49:23,6,83.00,0.00,7.00,0.00,0.00,3.00,0.00,0.00,0.00,7.00
02:49:23,7,83.00,0.00,7.00,0.00,0.00,3.00,0.00,0.00,0.00,7.00
02:49:23,12,80.00,0.00,11.00,0.00,0.00,3.00,0.00,0.00,0.00,6.00
02:49:23,13,83.84,0.00,7.07,0.00,0.00,3.03,0.00,0.00,0.00,6.06
02:49:23,14,85.71,0.00,6.12,0.00,0.00,2.04,0.00,0.00,0.00,6.12
02:49:23,15,82.65,0.00,9.18,0.00,0.00,2.04,0.00,0.00,0.00,6.12
02:49:24,4,80.61,0.00,9.18,0.00,0.00,2.04,0.00,0.00,0.00,8.16
02:49:24,5,79.21,0.00,9.90,0.00,0.00,2.97,0.00,0.00,0.00,7.92
02:49:24,6,80.61,0.00,9.18,0.00,0.00,2.04,0.00,0.00,0.00,8.16
02:49:24,7,80.00,0.00,9.00,0.00,0.00,3.00,0.00,0.00,0.00,8.00
02:49:24,12,80.00,0.00,8.00,0.00,0.00,3.00,0.00,0.00,0.00,9.00
02:49:24,13,80.00,0.00,8.00,0.00,0.00,3.00,0.00,0.00,0.00,9.00
02:49:24,14,78.22,0.00,8.91,0.00,0.00,3.96,0.00,0.00,0.00,8.91
02:49:24,15,79.00,0.00,9.00,0.00,0.00,3.00,0.00,0.00,0.00,9.00
02:49:25,4,81.19,0.00,7.92,0.00,0.00,2.97,0.00,0.00,0.00,7.92
02:49:25,5,79.80,0.00,9.09,0.00,0.00,3.03,0.00,0.00,0.00,8.08
02:49:25,6,79.80,0.00,9.09,0.00,0.00,3.03,0.00,0.00,0.00,8.08
02:49:25,7,80.20,0.00,7.92,0.00,0.00,3.96,0.00,0.00,0.00,7.92
02:49:25,12,82.00,0.00,7.00,0.00,0.00,3.00,0.00,0.00,0.00,8.00
02:49:25,13,81.82,0.00,9.09,0.00,0.00,2.02,0.00,0.00,0.00,7.07
02:49:25,14,81.00,0.00,9.00,0.00,0.00,2.00,0.00,0.00,0.00,8.00
02:49:25,15,79.80,0.00,9.09,0.00,0.00,3.03,0.00,0.00,0.00,8.08
02:49:26,4,82.00,0.00,8.00,0.00,0.00,3.00,0.00,0.00,0.00,7.00
02:49:26,5,79.59,0.00,12.24,0.00,0.00,2.04,0.00,0.00,0.00,6.12
02:49:26,6,81.19,0.00,7.92,0.00,0.00,2.97,0.00,0.00,0.00,7.92
02:49:26,7,80.81,0.00,8.08,0.00,0.00,3.03,0.00,0.00,0.00,8.08
02:49:26,12,82.00,0.00,9.00,0.00,0.00,2.00,0.00,0.00,0.00,7.00
02:49:26,13,81.00,0.00,9.00,0.00,0.00,2.00,0.00,0.00,0.00,8.00
02:49:26,14,80.00,0.00,9.00,0.00,0.00,4.00,0.00,0.00,0.00,7.00
02:49:26,15,80.00,0.00,9.00,0.00,0.00,3.00,0.00,0.00,0.00,8.00
02:49:27,4,80.81,0.00,9.09,0.00,0.00,2.02,0.00,0.00,0.00,8.08
02:49:27,5,80.00,0.00,9.00,0.00,0.00,3.00,0.00,0.00,0.00,8.00
02:49:27,6,83.84,0.00,6.06,0.00,0.00,3.03,0.00,0.00,0.00,7.07
02:49:27,7,79.00,0.00,10.00,0.00,0.00,3.00,0.00,0.00,0.00,8.00
02:49:27,12,81.00,0.00,8.00,0.00,0.00,3.00,0.00,0.00,0.00,8.00
02:49:27,13,82.83,0.00,8.08,0.00,0.00,2.02,0.00,0.00,0.00,7.07
02:49:27,14,82.65,0.00,8.16,0.00,0.00,1.02,0.00,0.00,0.00,8.16
02:49:27,15,81.82,0.00,8.08,0.00,0.00,3.03,0.00,0.00,0.00,7.07
02:49:28,4,82.00,0.00,7.00,0.00,0.00,3.00,0.00,0.00,0.00,8.00
02:49:28,5,81.00,0.00,8.00,0.00,0.00,3.00,0.00,0.00,0.00,8.00
02:49:28,6,81.00,0.00,9.00,0.00,0.00,2.00,0.00,0.00,0.00,8.00
02:49:28,7,81.63,0.00,8.16,0.00,0.00,2.04,0.00,0.00,0.00,8.16
02:49:28,12,80.00,0.00,9.00,0.00,0.00,3.00,0.00,0.00,0.00,8.00
02:49:28,13,79.80,0.00,9.09,0.00,0.00,3.03,0.00,0.00,0.00,8.08
02:49:28,14,82.00,0.00,7.00,0.00,0.00,3.00,0.00,0.00,0.00,8.00
02:49:28,15,81.44,0.00,8.25,0.00,0.00,2.06,0.00,0.00,0.00,8.25
02:49:29,4,82.47,0.00,9.28,0.00,0.00,2.06,0.00,0.00,0.00,6.19
02:49:29,5,82.65,0.00,8.16,0.00,0.00,3.06,0.00,0.00,0.00,6.12
02:49:29,6,79.80,0.00,11.11,0.00,0.00,2.02,0.00,0.00,0.00,7.07
02:49:29,7,81.00,0.00,10.00,0.00,0.00,2.00,0.00,0.00,0.00,7.00
02:49:29,12,80.81,0.00,10.10,0.00,0.00,3.03,0.00,0.00,0.00,6.06
02:49:29,13,82.00,0.00,10.00,0.00,0.00,2.00,0.00,0.00,0.00,6.00
02:49:29,14,82.83,0.00,8.08,0.00,0.00,3.03,0.00,0.00,0.00,6.06
02:49:29,15,81.19,0.00,8.91,0.00,0.00,2.97,0.00,0.00,0.00,6.93
02:49:30,4,78.22,0.00,9.90,0.00,0.00,3.96,0.00,0.00,0.00,7.92
02:49:30,5,80.61,0.00,9.18,0.00,0.00,3.06,0.00,0.00,0.00,7.14
02:49:30,6,81.63,0.00,9.18,0.00,0.00,2.04,0.00,0.00,0.00,7.14
02:49:30,7,82.83,0.00,8.08,0.00,0.00,2.02,0.00,0.00,0.00,7.07
02:49:30,12,81.00,0.00,9.00,0.00,0.00,2.00,0.00,0.00,0.00,8.00
02:49:30,13,81.82,0.00,8.08,0.00,0.00,2.02,0.00,0.00,0.00,8.08
02:49:30,14,82.00,0.00,8.00,0.00,0.00,2.00,0.00,0.00,0.00,8.00
02:49:30,15,80.81,0.00,8.08,0.00,0.00,3.03,0.00,0.00,0.00,8.08
02:49:31,4,81.63,0.00,9.18,0.00,0.00,2.04,0.00,0.00,0.00,7.14
02:49:31,5,81.82,0.00,8.08,0.00,0.00,3.03,0.00,0.00,0.00,7.07
02:49:31,6,81.37,0.00,8.82,0.00,0.00,2.94,0.00,0.00,0.00,6.86
02:49:31,7,81.00,0.00,10.00,0.00,0.00,2.00,0.00,0.00,0.00,7.00
02:49:31,12,82.00,0.00,8.00,0.00,0.00,3.00,0.00,0.00,0.00,7.00
02:49:31,13,81.82,0.00,9.09,0.00,0.00,3.03,0.00,0.00,0.00,6.06
02:49:31,14,80.81,0.00,10.10,0.00,0.00,2.02,0.00,0.00,0.00,7.07
02:49:31,15,81.19,0.00,8.91,0.00,0.00,2.97,0.00,0.00,0.00,6.93
02:49:32,4,79.21,0.00,9.90,0.00,0.00,2.97,0.00,0.00,0.00,7.92
02:49:32,5,79.80,0.00,9.09,0.00,0.00,3.03,0.00,0.00,0.00,8.08
02:49:32,6,80.61,0.00,9.18,0.00,0.00,2.04,0.00,0.00,0.00,8.16
02:49:32,7,80.00,0.00,9.00,0.00,0.00,2.00,0.00,0.00,0.00,9.00
02:49:32,12,80.81,0.00,8.08,0.00,0.00,3.03,0.00,0.00,0.00,8.08
02:49:32,13,83.00,0.00,6.00,0.00,0.00,2.00,0.00,0.00,0.00,9.00
02:49:32,14,80.39,0.00,7.84,0.00,0.00,2.94,0.00,0.00,0.00,8.82
02:49:32,15,80.81,0.00,8.08,0.00,0.00,2.02,0.00,0.00,0.00,9.09
02:49:33,4,82.83,0.00,7.07,0.00,0.00,2.02,0.00,0.00,0.00,8.08
02:49:33,5,81.82,0.00,8.08,0.00,0.00,2.02,0.00,0.00,0.00,8.08
02:49:33,6,81.00,0.00,8.00,0.00,0.00,3.00,0.00,0.00,0.00,8.00
02:49:33,7,82.65,0.00,7.14,0.00,0.00,2.04,0.00,0.00,0.00,8.16
02:49:33,12,83.84,0.00,7.07,0.00,0.00,2.02,0.00,0.00,0.00,7.07
02:49:33,13,82.83,0.00,8.08,0.00,0.00,2.02,0.00,0.00,0.00,7.07
02:49:33,14,83.67,0.00,7.14,0.00,0.00,2.04,0.00,0.00,0.00,7.14
02:49:33,15,83.00,0.00,7.00,0.00,0.00,2.00,0.00,0.00,0.00,8.00
02:49:34,4,84.00,0.00,6.00,0.00,0.00,3.00,0.00,0.00,0.00,7.00
02:49:34,5,83.00,0.00,8.00,0.00,0.00,3.00,0.00,0.00,0.00,6.00
02:49:34,6,81.82,0.00,9.09,0.00,0.00,2.02,0.00,0.00,0.00,7.07
02:49:34,7,78.79,0.00,10.10,0.00,0.00,4.04,0.00,0.00,0.00,7.07
02:49:34,12,83.00,0.00,8.00,0.00,0.00,2.00,0.00,0.00,0.00,7.00
02:49:34,13,78.79,0.00,11.11,0.00,0.00,3.03,0.00,0.00,0.00,7.07
02:49:34,14,82.83,0.00,7.07,0.00,0.00,3.03,0.00,0.00,0.00,7.07
02:49:34,15,82.18,0.00,7.92,0.00,0.00,1.98,0.00,0.00,0.00,7.92
02:49:35,4,80.81,0.00,9.09,0.00,0.00,3.03,0.00,0.00,0.00,7.07
02:49:35,5,80.81,0.00,9.09,0.00,0.00,2.02,0.00,0.00,0.00,8.08
02:49:35,6,83.00,0.00,6.00,0.00,0.00,3.00,0.00,0.00,0.00,8.00
02:49:35,7,81.82,0.00,7.07,0.00,0.00,2.02,0.00,0.00,0.00,9.09
02:49:35,12,79.21,0.00,8.91,0.00,0.00,3.96,0.00,0.00,0.00,7.92
02:49:35,13,80.20,0.00,7.92,0.00,0.00,3.96,0.00,0.00,0.00,7.92
02:49:35,14,81.82,0.00,7.07,0.00,0.00,3.03,0.00,0.00,0.00,8.08
02:49:35,15,82.65,0.00,8.16,0.00,0.00,1.02,0.00,0.00,0.00,8.16
02:49:36,4,80.00,0.00,9.00,0.00,0.00,2.00,0.00,0.00,0.00,9.00
02:49:36,5,80.00,0.00,10.00,0.00,0.00,2.00,0.00,0.00,0.00,8.00
02:49:36,6,81.00,0.00,9.00,0.00,0.00,2.00,0.00,0.00,0.00,8.00
02:49:36,7,81.19,0.00,8.91,0.00,0.00,1.98,0.00,0.00,0.00,7.92
02:49:36,12,81.82,0.00,8.08,0.00,0.00,2.02,0.00,0.00,0.00,8.08
02:49:36,13,81.82,0.00,8.08,0.00,0.00,2.02,0.00,0.00,0.00,8.08
02:49:36,14,79.80,0.00,9.09,0.00,0.00,3.03,0.00,0.00,0.00,8.08
02:49:36,15,81.82,0.00,8.08,0.00,0.00,3.03,0.00,0.00,0.00,7.07
02:49:37,4,82.65,0.00,9.18,0.00,0.00,2.04,0.00,0.00,0.00,6.12
02:49:37,5,82.83,0.00,8.08,0.00,0.00,3.03,0.00,0.00,0.00,6.06
02:49:37,6,82.18,0.00,8.91,0.00,0.00,1.98,0.00,0.00,0.00,6.93
02:49:37,7,82.00,0.00,9.00,0.00,0.00,2.00,0.00,0.00,0.00,7.00
02:49:37,12,82.00,0.00,8.00,0.00,0.00,3.00,0.00,0.00,0.00,7.00
02:49:37,13,82.83,0.00,8.08,0.00,0.00,2.02,0.00,0.00,0.00,7.07
02:49:37,14,81.19,0.00,7.92,0.00,0.00,3.96,0.00,0.00,0.00,6.93
02:49:37,15,80.20,0.00,9.90,0.00,0.00,2.97,0.00,0.00,0.00,6.93
02:49:38,4,81.00,0.00,8.00,0.00,0.00,3.00,0.00,0.00,0.00,8.00
02:49:38,5,81.00,0.00,9.00,0.00,0.00,3.00,0.00,0.00,0.00,7.00
02:49:38,6,82.65,0.00,8.16,0.00,0.00,2.04,0.00,0.00,0.00,7.14
02:49:38,7,79.80,0.00,9.09,0.00,0.00,4.04,0.00,0.00,0.00,7.07
02:49:38,12,80.81,0.00,9.09,0.00,0.00,3.03,0.00,0.00,0.00,7.07
02:49:38,13,82.00,0.00,8.00,0.00,0.00,3.00,0.00,0.00,0.00,7.00
02:49:38,14,81.63,0.00,8.16,0.00,0.00,3.06,0.00,0.00,0.00,7.14
02:49:38,15,80.00,0.00,9.00,0.00,0.00,3.00,0.00,0.00,0.00,8.00
02:49:39,4,79.80,0.00,9.09,0.00,0.00,4.04,0.00,0.00,0.00,7.07
02:49:39,5,80.00,0.00,9.00,0.00,0.00,4.00,0.00,0.00,0.00,7.00
02:49:39,6,82.00,0.00,9.00,0.00,0.00,2.00,0.00,0.00,0.00,7.00
02:49:39,7,80.20,0.00,9.90,0.00,0.00,1.98,0.00,0.00,0.00,7.92
02:49:39,12,81.82,0.00,8.08,0.00,0.00,3.03,0.00,0.00,0.00,7.07
02:49:39,13,81.00,0.00,10.00,0.00,0.00,3.00,0.00,0.00,0.00,6.00
02:49:39,14,82.00,0.00,8.00,0.00,0.00,3.00,0.00,0.00,0.00,7.00
02:49:39,15,81.63,0.00,9.18,0.00,0.00,2.04,0.00,0.00,0.00,7.14
02:49:40,4,82.65,0.00,8.16,0.00,0.00,2.04,0.00,0.00,0.00,7.14
02:49:40,5,81.82,0.00,8.08,0.00,0.00,2.02,0.00,0.00,0.00,8.08
02:49:40,6,81.00,0.00,8.00,0.00,0.00,3.00,0.00,0.00,0.00,8.00
02:49:40,7,80.81,0.00,9.09,0.00,0.00,2.02,0.00,0.00,0.00,8.08
02:49:40,12,83.67,0.00,7.14,0.00,0.00,1.02,0.00,0.00,0.00,8.16
02:49:40,13,79.80,0.00,9.09,0.00,0.00,3.03,0.00,0.00,0.00,8.08
02:49:40,14,81.63,0.00,8.16,0.00,0.00,2.04,0.00,0.00,0.00,8.16
02:49:40,15,80.00,0.00,10.00,0.00,0.00,2.00,0.00,0.00,0.00,8.00
02:49:41,4,82.00,0.00,9.00,0.00,0.00,2.00,0.00,0.00,0.00,7.00
02:49:41,5,80.39,0.00,8.82,0.00,0.00,3.92,0.00,0.00,0.00,6.86
02:49:41,6,82.83,0.00,8.08,0.00,0.00,3.03,0.00,0.00,0.00,6.06
02:49:41,7,81.82,0.00,9.09,0.00,0.00,2.02,0.00,0.00,0.00,7.07
02:49:41,12,82.18,0.00,6.93,0.00,0.00,3.96,0.00,0.00,0.00,6.93
02:49:41,13,81.00,0.00,9.00,0.00,0.00,3.00,0.00,0.00,0.00,7.00
02:49:41,14,81.00,0.00,10.00,0.00,0.00,2.00,0.00,0.00,0.00,7.00
02:49:41,15,80.81,0.00,9.09,0.00,0.00,3.03,0.00,0.00,0.00,7.07
02:49:42,4,82.83,0.00,7.07,0.00,0.00,3.03,0.00,0.00,0.00,7.07
02:49:42,5,82.83,0.00,7.07,0.00,0.00,3.03,0.00,0.00,0.00,7.07
02:49:42,6,79.21,0.00,9.90,0.00,0.00,2.97,0.00,0.00,0.00,7.92
02:49:42,7,80.00,0.00,9.00,0.00,0.00,3.00,0.00,0.00,0.00,8.00
02:49:42,12,81.00,0.00,9.00,0.00,0.00,3.00,0.00,0.00,0.00,7.00
02:49:42,13,81.44,0.00,8.25,0.00,0.00,3.09,0.00,0.00,0.00,7.22
02:49:42,14,80.81,0.00,9.09,0.00,0.00,3.03,0.00,0.00,0.00,7.07
02:49:42,15,80.81,0.00,9.09,0.00,0.00,2.02,0.00,0.00,0.00,8.08
02:49:43,4,79.00,0.00,10.00,0.00,0.00,3.00,0.00,0.00,0.00,8.00
02:49:43,5,80.81,0.00,9.09,0.00,0.00,3.03,0.00,0.00,0.00,7.07
02:49:43,6,82.47,0.00,9.28,0.00,0.00,1.03,0.00,0.00,0.00,7.22
02:49:43,7,78.79,0.00,9.09,0.00,0.00,4.04,0.00,0.00,0.00,8.08
02:49:43,12,80.20,0.00,8.91,0.00,0.00,2.97,0.00,0.00,0.00,7.92
02:49:43,13,81.19,0.00,7.92,0.00,0.00,2.97,0.00,0.00,0.00,7.92
02:49:43,14,83.67,0.00,7.14,0.00,0.00,1.02,0.00,0.00,0.00,8.16
02:49:43,15,81.82,0.00,8.08,0.00,0.00,2.02,0.00,0.00,0.00,8.08
02:49:44,4,83.67,0.00,7.14,0.00,0.00,2.04,0.00,0.00,0.00,7.14
02:49:44,5,82.65,0.00,8.16,0.00,0.00,2.04,0.00,0.00,0.00,7.14
02:49:44,6,79.80,0.00,9.09,0.00,0.00,3.03,0.00,0.00,0.00,8.08
02:49:44,7,80.61,0.00,8.16,0.00,0.00,3.06,0.00,0.00,0.00,8.16
02:49:44,12,81.82,0.00,9.09,0.00,0.00,2.02,0.00,0.00,0.00,7.07
02:49:44,13,81.63,0.00,8.16,0.00,0.00,3.06,0.00,0.00,0.00,7.14
02:49:44,14,80.00,0.00,9.00,0.00,0.00,3.00,0.00,0.00,0.00,8.00
02:49:44,15,79.80,0.00,9.09,0.00,0.00,3.03,0.00,0.00,0.00,8.08
02:49:45,4,82.00,0.00,9.00,0.00,0.00,3.00,0.00,0.00,0.00,6.00
02:49:45,5,79.80,0.00,11.11,0.00,0.00,3.03,0.00,0.00,0.00,6.06
02:49:45,6,82.18,0.00,8.91,0.00,0.00,2.97,0.00,0.00,0.00,5.94
02:49:45,7,83.17,0.00,7.92,0.00,0.00,2.97,0.00,0.00,0.00,5.94
02:49:45,12,81.00,0.00,10.00,0.00,0.00,3.00,0.00,0.00,0.00,6.00
02:49:45,13,81.19,0.00,9.90,0.00,0.00,2.97,0.00,0.00,0.00,5.94
02:49:45,14,83.17,0.00,8.91,0.00,0.00,2.97,0.00,0.00,0.00,4.95
02:49:45,15,81.82,0.00,9.09,0.00,0.00,3.03,0.00,0.00,0.00,6.06
02:49:46,4,81.00,0.00,8.00,0.00,0.00,4.00,0.00,0.00,0.00,7.00
02:49:46,5,83.00,0.00,7.00,0.00,0.00,2.00,0.00,0.00,0.00,8.00
02:49:46,6,80.81,0.00,9.09,0.00,0.00,3.03,0.00,0.00,0.00,7.07
02:49:46,7,80.61,0.00,8.16,0.00,0.00,3.06,0.00,0.00,0.00,8.16
02:49:46,12,82.83,0.00,7.07,0.00,0.00,2.02,0.00,0.00,0.00,8.08
02:49:46,13,81.82,0.00,9.09,0.00,0.00,2.02,0.00,0.00,0.00,7.07
02:49:46,14,82.83,0.00,7.07,0.00,0.00,2.02,0.00,0.00,0.00,8.08
02:49:46,15,80.00,0.00,10.00,0.00,0.00,3.00,0.00,0.00,0.00,7.00
02:49:47,4,79.00,0.00,10.00,0.00,0.00,3.00,0.00,0.00,0.00,8.00
02:49:47,5,79.38,0.00,10.31,0.00,0.00,3.09,0.00,0.00,0.00,7.22
02:49:47,6,80.81,0.00,8.08,0.00,0.00,3.03,0.00,0.00,0.00,8.08
02:49:47,7,79.80,0.00,10.10,0.00,0.00,2.02,0.00,0.00,0.00,8.08
02:49:47,12,79.00,0.00,10.00,0.00,0.00,3.00,0.00,0.00,0.00,8.00
02:49:47,13,80.00,0.00,9.00,0.00,0.00,3.00,0.00,0.00,0.00,8.00
02:49:47,14,81.82,0.00,8.08,0.00,0.00,2.02,0.00,0.00,0.00,8.08
02:49:47,15,83.67,0.00,6.12,0.00,0.00,2.04,0.00,0.00,0.00,8.16
02:49:48,4,82.65,0.00,7.14,0.00,0.00,2.04,0.00,0.00,0.00,8.16
02:49:48,5,79.21,0.00,8.91,0.00,0.00,2.97,0.00,0.00,0.00,8.91
02:49:48,6,81.00,0.00,8.00,0.00,0.00,3.00,0.00,0.00,0.00,8.00
02:49:48,7,79.00,0.00,9.00,0.00,0.00,4.00,0.00,0.00,0.00,8.00
02:49:48,12,80.81,0.00,9.09,0.00,0.00,3.03,0.00,0.00,0.00,7.07
02:49:48,13,80.61,0.00,6.12,0.00,0.00,4.08,0.00,0.00,0.00,9.18
02:49:48,14,81.00,0.00,8.00,0.00,0.00,3.00,0.00,0.00,0.00,8.00
02:49:48,15,81.00,0.00,8.00,0.00,0.00,3.00,0.00,0.00,0.00,8.00
02:49:49,4,80.00,0.00,9.00,0.00,0.00,4.00,0.00,0.00,0.00,7.00
02:49:49,5,81.82,0.00,9.09,0.00,0.00,2.02,0.00,0.00,0.00,7.07
02:49:49,6,81.82,0.00,8.08,0.00,0.00,3.03,0.00,0.00,0.00,7.07
02:49:49,7,83.84,0.00,7.07,0.00,0.00,2.02,0.00,0.00,0.00,7.07
02:49:49,12,80.20,0.00,7.92,0.00,0.00,3.96,0.00,0.00,0.00,7.92
02:49:49,13,81.37,0.00,7.84,0.00,0.00,3.92,0.00,0.00,0.00,6.86
02:49:49,14,80.00,0.00,9.00,0.00,0.00,4.00,0.00,0.00,0.00,7.00
02:49:49,15,83.00,0.00,7.00,0.00,0.00,3.00,0.00,0.00,0.00,7.00
02:49:50,4,81.37,0.00,9.80,0.00,0.00,2.94,0.00,0.00,0.00,5.88
02:49:50,5,81.19,0.00,10.89,0.00,0.00,2.97,0.00,0.00,0.00,4.95
02:49:50,6,81.82,0.00,9.09,0.00,0.00,3.03,0.00,0.00,0.00,6.06
02:49:50,7,83.17,0.00,7.92,0.00,0.00,2.97,0.00,0.00,0.00,5.94
02:49:50,12,83.67,0.00,9.18,0.00,0.00,2.04,0.00,0.00,0.00,5.10
02:49:50,13,83.84,0.00,9.09,0.00,0.00,2.02,0.00,0.00,0.00,5.05
02:49:50,14,81.82,0.00,11.11,0.00,0.00,2.02,0.00,0.00,0.00,5.05
02:49:50,15,82.18,0.00,8.91,0.99,0.00,1.98,0.00,0.00,0.00,5.94
02:49:51,4,80.81,0.00,8.08,0.00,0.00,3.03,0.00,0.00,0.00,8.08
02:49:51,5,82.00,0.00,8.00,0.00,0.00,2.00,0.00,0.00,0.00,8.00
02:49:51,6,80.20,0.00,7.92,0.00,0.00,3.96,0.00,0.00,0.00,7.92
02:49:51,7,80.81,0.00,8.08,0.00,0.00,3.03,0.00,0.00,0.00,8.08
02:49:51,12,79.21,0.00,9.90,0.00,0.00,2.97,0.00,0.00,0.00,7.92
02:49:51,13,81.82,0.00,8.08,0.00,0.00,3.03,0.00,0.00,0.00,7.07
02:49:51,14,81.00,0.00,9.00,0.00,0.00,2.00,0.00,0.00,0.00,8.00
02:49:51,15,80.00,0.00,9.00,0.00,0.00,3.00,0.00,0.00,0.00,8.00
02:49:52,4,80.81,0.00,9.09,0.00,0.00,2.02,0.00,0.00,0.00,8.08
02:49:52,5,80.61,0.00,8.16,0.00,0.00,3.06,0.00,0.00,0.00,8.16
02:49:52,6,81.63,0.00,7.14,0.00,0.00,3.06,0.00,0.00,0.00,8.16
02:49:52,7,80.81,0.00,7.07,0.00,0.00,3.03,0.00,0.00,0.00,9.09
02:49:52,12,83.51,0.00,7.22,0.00,0.00,1.03,0.00,0.00,0.00,8.25
02:49:52,13,81.00,0.00,8.00,0.00,0.00,2.00,0.00,0.00,0.00,9.00
02:49:52,14,79.21,0.00,8.91,0.00,0.00,2.97,0.00,0.00,0.00,8.91
02:49:52,15,80.81,0.00,8.08,0.00,0.00,2.02,0.00,0.00,0.00,9.09
02:49:53,4,82.18,0.00,6.93,0.00,0.00,2.97,0.00,0.00,0.00,7.92
02:49:53,5,80.81,0.00,8.08,0.00,0.00,3.03,0.00,0.00,0.00,8.08
02:49:53,6,79.21,0.00,10.89,0.00,0.00,1.98,0.00,0.00,0.00,7.92
02:49:53,7,81.82,0.00,8.08,0.00,0.00,3.03,0.00,0.00,0.00,7.07
02:49:53,12,80.81,0.00,9.09,0.00,0.00,2.02,0.00,0.00,0.00,8.08
02:49:53,13,80.00,0.00,10.00,0.00,0.00,3.00,0.00,0.00,0.00,7.00
02:49:53,14,80.81,0.00,10.10,0.00,0.00,2.02,0.00,0.00,0.00,7.07
02:49:53,15,80.81,0.00,9.09,0.00,0.00,3.03,0.00,0.00,0.00,7.07
02:49:54,4,80.61,0.00,10.20,0.00,0.00,2.04,0.00,0.00,0.00,7.14
02:49:54,5,82.00,0.00,8.00,0.00,0.00,3.00,0.00,0.00,0.00,7.00
02:49:54,6,81.82,0.00,8.08,0.00,0.00,3.03,0.00,0.00,0.00,7.07
02:49:54,7,80.20,0.00,8.91,0.00,0.00,2.97,0.00,0.00,0.00,7.92
02:49:54,12,80.00,0.00,9.00,0.00,0.00,4.00,0.00,0.00,0.00,7.00
02:49:54,13,82.00,0.00,8.00,0.00,0.00,3.00,0.00,0.00,0.00,7.00
02:49:54,14,80.00,0.00,10.00,0.00,0.00,3.00,0.00,0.00,0.00,7.00
02:49:54,15,81.82,0.00,8.08,0.00,0.00,2.02,0.00,0.00,0.00,8.08
02:49:55,4,82.00,0.00,10.00,0.00,0.00,2.00,0.00,0.00,0.00,6.00
02:49:55,5,81.63,0.00,10.20,0.00,0.00,2.04,0.00,0.00,0.00,6.12
02:49:55,6,82.00,0.00,10.00,0.00,0.00,2.00,0.00,0.00,0.00,6.00
02:49:55,7,84.54,0.00,6.19,0.00,0.00,3.09,0.00,0.00,0.00,6.19
02:49:55,12,84.85,0.00,8.08,0.00,0.00,1.01,0.00,0.00,0.00,6.06
02:49:55,13,81.00,0.00,9.00,0.00,0.00,3.00,0.00,0.00,0.00,7.00
02:49:55,14,81.82,0.00,9.09,0.00,0.00,2.02,0.00,0.00,0.00,7.07
02:49:55,15,83.00,0.00,8.00,0.00,0.00,2.00,0.00,0.00,0.00,7.00
02:49:56,4,81.00,0.00,8.00,0.00,0.00,3.00,0.00,0.00,0.00,8.00
02:49:56,5,79.21,0.00,8.91,0.00,0.00,2.97,0.00,0.00,0.00,8.91
02:49:56,6,78.79,0.00,8.08,0.00,0.00,4.04,0.00,0.00,0.00,9.09
02:49:56,7,77.23,0.00,10.89,0.00,0.00,2.97,0.00,0.00,0.00,8.91
02:49:56,12,81.00,0.00,7.00,0.00,0.00,3.00,0.00,0.00,0.00,9.00
02:49:56,13,80.81,0.00,8.08,0.00,0.00,3.03,0.00,0.00,0.00,8.08
02:49:56,14,80.00,0.00,8.00,0.00,0.00,3.00,0.00,0.00,0.00,9.00
02:49:56,15,78.79,0.00,9.09,0.00,0.00,3.03,0.00,0.00,0.00,9.09
02:49:57,4,81.00,0.00,9.00,0.00,0.00,3.00,0.00,0.00,0.00,7.00
02:49:57,5,81.82,0.00,9.09,0.00,0.00,2.02,0.00,0.00,0.00,7.07
02:49:57,6,79.00,0.00,10.00,0.00,0.00,4.00,0.00,0.00,0.00,7.00
02:49:57,7,82.00,0.00,9.00,0.00,0.00,2.00,0.00,0.00,0.00,7.00
02:49:57,12,82.83,0.00,7.07,0.00,0.00,3.03,0.00,0.00,0.00,7.07
02:49:57,13,82.83,0.00,8.08,0.00,0.00,2.02,0.00,0.00,0.00,7.07
02:49:57,14,83.00,0.00,8.00,0.00,0.00,2.00,0.00,0.00,0.00,7.00
02:49:57,15,82.00,0.00,9.00,0.00,0.00,2.00,0.00,0.00,0.00,7.00
02:49:58,4,82.65,0.00,9.18,0.00,0.00,2.04,0.00,0.00,0.00,6.12
02:49:58,5,82.00,0.00,8.00,0.00,0.00,3.00,0.00,0.00,0.00,7.00
02:49:58,6,82.65,0.00,9.18,0.00,0.00,2.04,0.00,0.00,0.00,6.12
02:49:58,7,79.59,0.00,9.18,0.00,0.00,4.08,0.00,0.00,0.00,7.14
02:49:58,12,81.82,0.00,9.09,0.00,0.00,3.03,0.00,0.00,0.00,6.06
02:49:58,13,80.39,0.00,8.82,0.00,0.00,3.92,0.00,0.00,0.00,6.86
02:49:58,14,81.00,0.00,10.00,0.00,0.00,3.00,0.00,0.00,0.00,6.00
02:49:58,15,80.81,0.00,9.09,0.00,0.00,3.03,0.00,0.00,0.00,7.07
02:49:59,4,82.00,0.00,9.00,0.00,0.00,1.00,0.00,0.00,0.00,8.00
02:49:59,5,82.83,0.00,8.08,0.00,0.00,2.02,0.00,0.00,0.00,7.07
02:49:59,6,81.00,0.00,8.00,0.00,0.00,3.00,0.00,0.00,0.00,8.00
02:49:59,7,81.19,0.00,7.92,0.00,0.00,2.97,0.00,0.00,0.00,7.92
02:49:59,12,81.00,0.00,9.00,0.00,0.00,2.00,0.00,0.00,0.00,8.00
02:49:59,13,82.83,0.00,7.07,0.00,0.00,2.02,0.00,0.00,0.00,8.08
02:49:59,14,82.83,0.00,7.07,0.00,0.00,2.02,0.00,0.00,0.00,8.08
02:49:59,15,80.81,0.00,9.09,0.00,0.00,2.02,0.00,0.00,0.00,8.08
02:50:00,4,80.81,0.00,8.08,0.00,0.00,3.03,0.00,0.00,0.00,8.08
02:50:00,5,79.59,0.00,10.20,0.00,0.00,2.04,0.00,0.00,0.00,8.16
02:50:00,6,81.00,0.00,8.00,0.00,0.00,3.00,0.00,0.00,0.00,8.00
02:50:00,7,80.81,0.00,9.09,0.00,0.00,2.02,0.00,0.00,0.00,8.08
02:50:00,12,82.00,0.00,9.00,0.00,0.00,2.00,0.00,0.00,0.00,7.00
02:50:00,13,80.81,0.00,8.08,0.00,0.00,3.03,0.00,0.00,0.00,8.08
02:50:00,14,80.00,0.00,9.00,0.00,0.00,3.00,0.00,0.00,0.00,8.00
02:50:00,15,75.76,0.00,12.12,0.00,0.00,4.04,0.00,0.00,0.00,8.08
02:50:01,4,79.00,0.00,9.00,0.00,0.00,4.00,0.00,0.00,0.00,8.00
02:50:01,5,80.20,0.00,8.91,0.00,0.00,2.97,0.00,0.00,0.00,7.92
02:50:01,6,81.63,0.00,8.16,0.00,0.00,2.04,0.00,0.00,0.00,8.16
02:50:01,7,81.00,0.00,8.00,0.00,0.00,2.00,0.00,0.00,0.00,9.00
02:50:01,12,81.19,0.00,7.92,0.00,0.00,2.97,0.00,0.00,0.00,7.92
02:50:01,13,80.61,0.00,9.18,0.00,0.00,3.06,0.00,0.00,0.00,7.14
02:50:01,14,80.81,0.00,8.08,0.00,0.00,3.03,0.00,0.00,0.00,8.08
02:50:01,15,81.82,0.00,8.08,0.00,0.00,2.02,0.00,0.00,0.00,8.08
02:50:02,4,82.00,0.00,9.00,0.00,0.00,2.00,0.00,0.00,0.00,7.00
02:50:02,5,81.19,0.00,9.90,0.00,0.00,1.98,0.00,0.00,0.00,6.93
02:50:02,6,81.19,0.00,9.90,0.00,0.00,2.97,0.00,0.00,0.00,5.94
02:50:02,7,81.82,0.00,9.09,0.00,0.00,3.03,0.00,0.00,0.00,6.06
02:50:02,12,82.83,0.00,9.09,0.00,0.00,2.02,0.00,0.00,0.00,6.06
02:50:02,13,82.00,0.00,9.00,0.00,0.00,3.00,0.00,0.00,0.00,6.00
02:50:02,14,83.17,0.00,7.92,0.00,0.00,1.98,0.00,0.00,0.00,6.93
02:50:02,15,81.00,0.00,10.00,0.00,0.00,3.00,0.00,0.00,0.00,6.00
02:50:03,4,81.00,0.00,9.00,0.00,0.00,3.00,0.00,0.00,0.00,7.00
02:50:03,5,83.51,0.00,7.22,0.00,0.00,2.06,0.00,0.00,0.00,7.22
02:50:03,6,82.00,0.00,9.00,0.00,0.00,1.00,0.00,0.00,0.00,8.00
02:50:03,7,82.00,0.00,7.00,0.00,0.00,3.00,0.00,0.00,0.00,8.00
02:50:03,12,82.00,0.00,8.00,0.00,0.00,2.00,0.00,0.00,0.00,8.00
02:50:03,13,81.82,0.00,8.08,0.00,0.00,2.02,0.00,0.00,0.00,8.08
02:50:03,14,83.00,0.00,7.00,0.00,0.00,3.00,0.00,0.00,0.00,7.00
02:50:03,15,80.81,0.00,8.08,0.00,0.00,3.03,0.00,0.00,0.00,8.08
02:50:04,4,81.00,0.00,9.00,0.00,0.00,3.00,0.00,0.00,0.00,7.00
02:50:04,5,78.22,0.00,10.89,0.00,0.00,2.97,0.00,0.00,0.00,7.92
02:50:04,6,81.00,0.00,9.00,0.00,0.00,2.00,0.00,0.00,0.00,8.00
02:50:04,7,78.79,0.00,10.10,0.00,0.00,3.03,0.00,0.00,0.00,8.08
02:50:04,12,82.00,0.00,8.00,0.00,0.00,3.00,0.00,0.00,0.00,7.00
02:50:04,13,80.81,0.00,9.09,0.00,0.00,3.03,0.00,0.00,0.00,7.07
02:50:04,14,78.00,0.00,11.00,0.00,0.00,3.00,0.00,0.00,0.00,8.00
02:50:04,15,79.41,0.00,9.80,0.00,0.00,2.94,0.00,0.00,0.00,7.84
02:50:05,4,81.19,0.00,8.91,0.00,0.00,1.98,0.00,0.00,0.00,7.92
02:50:05,5,82.83,0.00,7.07,0.00,0.00,3.03,0.00,0.00,0.00,7.07
02:50:05,6,80.81,0.00,9.09,0.00,0.00,3.03,0.00,0.00,0.00,7.07
02:50:05,7,79.00,0.00,9.00,0.00,0.00,4.00,0.00,0.00,0.00,8.00
02:50:05,12,80.81,0.00,8.08,0.00,0.00,3.03,0.00,0.00,0.00,8.08
02:50:05,13,81.00,0.00,9.00,0.00,0.00,2.00,0.00,0.00,0.00,8.00
02:50:05,14,81.82,0.00,8.08,0.00,0.00,2.02,0.00,0.00,0.00,8.08
02:50:05,15,79.80,0.00,9.09,0.00,0.00,3.03,0.00,0.00,0.00,8.08
02:50:06,4,83.00,0.00,8.00,0.00,0.00,2.00,0.00,0.00,0.00,7.00
02:50:06,5,79.80,0.00,11.11,0.00,0.00,2.02,0.00,0.00,0.00,7.07
02:50:06,6,80.81,0.00,9.09,0.00,0.00,3.03,0.00,0.00,0.00,7.07
02:50:06,7,82.83,0.00,8.08,0.00,0.00,2.02,0.00,0.00,0.00,7.07
02:50:06,12,83.00,0.00,8.00,0.00,0.00,2.00,0.00,0.00,0.00,7.00
02:50:06,13,83.17,0.00,7.92,0.00,0.00,1.98,0.00,0.00,0.00,6.93
02:50:06,14,79.80,0.00,11.11,0.00,0.00,3.03,0.00,0.00,0.00,6.06
02:50:06,15,83.00,0.00,7.00,0.00,0.00,3.00,0.00,0.00,0.00,7.00
02:50:07,4,81.63,0.00,8.16,0.00,0.00,3.06,0.00,0.00,0.00,7.14
02:50:07,5,79.00,0.00,10.00,0.00,0.00,3.00,0.00,0.00,0.00,8.00
02:50:07,6,82.18,0.00,6.93,0.00,0.00,2.97,0.00,0.00,0.00,7.92
02:50:07,7,79.80,0.00,10.10,0.00,0.00,2.02,0.00,0.00,0.00,8.08
02:50:07,12,81.82,0.00,8.08,0.00,0.00,2.02,0.00,0.00,0.00,8.08
02:50:07,13,80.61,0.00,9.18,0.00,0.00,3.06,0.00,0.00,0.00,7.14
02:50:07,14,81.00,0.00,8.00,0.00,0.00,3.00,0.00,0.00,0.00,8.00
02:50:07,15,82.65,0.00,8.16,0.00,0.00,2.04,0.00,0.00,0.00,7.14
02:50:08,4,81.00,0.00,8.00,0.00,0.00,3.00,0.00,0.00,0.00,8.00
02:50:08,5,83.00,0.00,8.00,0.00,0.00,2.00,0.00,0.00,0.00,7.00
02:50:08,6,82.65,0.00,7.14,0.00,0.00,3.06,0.00,0.00,0.00,7.14
02:50:08,7,82.83,0.00,7.07,0.00,0.00,3.03,0.00,0.00,0.00,7.07
02:50:08,12,81.82,0.00,8.08,0.00,0.00,3.03,0.00,0.00,0.00,7.07
02:50:08,13,79.21,0.00,9.90,0.00,0.00,2.97,0.00,0.00,0.00,7.92
02:50:08,14,81.00,0.00,9.00,0.00,0.00,3.00,0.00,0.00,0.00,7.00
02:50:08,15,80.00,0.00,10.00,0.00,0.00,2.00,0.00,0.00,0.00,8.00
02:50:09,4,80.81,0.00,9.09,0.00,0.00,3.03,0.00,0.00,0.00,7.07
02:50:09,5,80.81,0.00,9.09,0.00,0.00,3.03,0.00,0.00,0.00,7.07
02:50:09,6,82.65,0.00,8.16,0.00,0.00,2.04,0.00,0.00,0.00,7.14
02:50:09,7,82.00,0.00,8.00,0.00,0.00,2.00,0.00,0.00,0.00,8.00
02:50:09,12,81.19,0.00,8.91,0.00,0.00,2.97,0.00,0.00,0.00,6.93
02:50:09,13,81.82,0.00,9.09,0.00,0.00,2.02,0.00,0.00,0.00,7.07
02:50:09,14,80.81,0.00,9.09,0.00,0.00,3.03,0.00,0.00,0.00,7.07
02:50:09,15,83.00,0.00,8.00,0.00,0.00,2.00,0.00,0.00,0.00,7.00
02:50:10,4,80.61,0.00,7.14,0.00,0.00,2.04,0.00,0.00,0.00,10.20
02:50:10,5,77.78,0.00,9.09,0.00,0.00,3.03,0.00,0.00,0.00,10.10
02:50:10,6,79.80,0.00,7.07,0.00,0.00,3.03,0.00,0.00,0.00,10.10
02:50:10,7,78.00,0.00,8.00,0.00,0.00,3.00,0.00,0.00,0.00,11.00
02:50:10,12,79.59,0.00,8.16,0.00,0.00,2.04,0.00,0.00,0.00,10.20
02:50:10,13,79.38,0.00,8.25,0.00,0.00,2.06,0.00,0.00,0.00,10.31
02:50:10,14,80.00,0.00,8.00,0.00,0.00,2.00,0.00,0.00,0.00,10.00
02:50:10,15,80.00,0.00,8.00,0.00,0.00,2.00,0.00,0.00,0.00,10.00
02:50:11,4,80.81,0.00,10.10,0.00,0.00,3.03,0.00,0.00,0.00,6.06
02:50:11,5,81.82,0.00,9.09,0.00,0.00,3.03,0.00,0.00,0.00,6.06
02:50:11,6,82.00,0.00,8.00,0.00,0.00,3.00,0.00,0.00,0.00,7.00
02:50:11,7,83.67,0.00,9.18,0.00,0.00,1.02,0.00,0.00,0.00,6.12
02:50:11,12,82.83,0.00,8.08,0.00,0.00,3.03,0.00,0.00,0.00,6.06
02:50:11,13,82.18,0.00,8.91,0.00,0.00,2.97,0.00,0.00,0.00,5.94
02:50:11,14,81.00,0.00,9.00,0.00,0.00,3.00,0.00,0.00,0.00,7.00
02:50:11,15,81.00,0.00,9.00,0.00,0.00,3.00,0.00,0.00,0.00,7.00
02:50:12,4,83.00,0.00,8.00,0.00,0.00,2.00,0.00,0.00,0.00,7.00
02:50:12,5,81.82,0.00,9.09,0.00,0.00,2.02,0.00,0.00,0.00,7.07
02:50:12,6,81.82,0.00,9.09,0.00,0.00,2.02,0.00,0.00,0.00,7.07
02:50:12,7,80.00,0.00,10.00,0.00,0.00,2.00,0.00,0.00,0.00,8.00
02:50:12,12,81.82,0.00,8.08,0.00,0.00,2.02,0.00,0.00,0.00,8.08
02:50:12,13,79.80,0.00,9.09,0.00,0.00,3.03,0.00,0.00,0.00,8.08
02:50:12,14,81.00,0.00,9.00,0.00,0.00,3.00,0.00,0.00,0.00,7.00
02:50:12,15,79.80,0.00,9.09,0.00,0.00,3.03,0.00,0.00,0.00,8.08
02:50:13,4,81.00,0.00,9.00,0.00,0.00,3.00,0.00,0.00,0.00,7.00
02:50:13,5,83.00,0.00,7.00,0.00,0.00,3.00,0.00,0.00,0.00,7.00
02:50:13,6,81.00,0.00,10.00,0.00,0.00,2.00,0.00,0.00,0.00,7.00
02:50:13,7,83.00,0.00,7.00,0.00,0.00,3.00,0.00,0.00,0.00,7.00
02:50:13,12,82.00,0.00,9.00,0.00,0.00,2.00,0.00,0.00,0.00,7.00
02:50:13,13,82.00,0.00,8.00,0.00,0.00,3.00,0.00,0.00,0.00,7.00
02:50:13,14,83.67,0.00,7.14,0.00,0.00,2.04,0.00,0.00,0.00,7.14
02:50:13,15,82.83,0.00,7.07,0.00,0.00,3.03,0.00,0.00,0.00,7.07
02:50:14,4,80.81,0.00,9.09,0.00,0.00,2.02,0.00,0.00,0.00,8.08
02:50:14,5,82.00,0.00,7.00,0.00,0.00,3.00,0.00,0.00,0.00,8.00
02:50:14,6,81.82,0.00,8.08,0.00,0.00,2.02,0.00,0.00,0.00,8.08
02:50:14,7,80.81,0.00,9.09,0.00,0.00,2.02,0.00,0.00,0.00,8.08
02:50:14,12,81.00,0.00,9.00,0.00,0.00,3.00,0.00,0.00,0.00,7.00
02:50:14,13,83.84,0.00,7.07,0.00,0.00,2.02,0.00,0.00,0.00,7.07
02:50:14,14,81.19,0.00,7.92,0.00,0.00,2.97,0.00,0.00,0.00,7.92
02:50:14,15,79.41,0.00,9.80,0.00,0.00,2.94,0.00,0.00,0.00,7.84
02:50:15,4,82.35,0.00,6.86,0.00,0.00,2.94,0.00,0.00,0.00,7.84
02:50:15,5,80.00,0.00,10.00,0.00,0.00,3.00,0.00,0.00,0.00,7.00
02:50:15,6,80.00,0.00,10.00,0.00,0.00,3.00,0.00,0.00,0.00,7.00
02:50:15,7,81.00,0.00,9.00,0.00,0.00,3.00,0.00,0.00,0.00,7.00
02:50:15,12,82.18,0.00,6.93,0.00,0.00,2.97,0.00,0.00,0.00,7.92
02:50:15,13,80.00,0.00,9.00,0.00,0.00,3.00,0.00,0.00,0.00,8.00
02:50:15,14,82.00,0.00,9.00,0.00,0.00,2.00,0.00,0.00,0.00,7.00
02:50:15,15,79.80,0.00,9.09,0.00,0.00,3.03,0.00,0.00,0.00,8.08
02:50:16,4,79.59,0.00,10.20,0.00,0.00,3.06,0.00,0.00,0.00,7.14
02:50:16,5,79.80,0.00,9.09,0.00,0.00,4.04,0.00,0.00,0.00,7.07
02:50:16,6,80.81,0.00,10.10,0.00,0.00,2.02,0.00,0.00,0.00,7.07
02:50:16,7,80.00,0.00,9.00,0.00,0.00,3.00,0.00,0.00,0.00,8.00
02:50:16,12,81.63,0.00,9.18,0.00,0.00,2.04,0.00,0.00,0.00,7.14
02:50:16,13,81.00,0.00,11.00,0.00,0.00,2.00,0.00,0.00,0.00,6.00
02:50:16,14,78.79,0.00,11.11,0.00,0.00,2.02,0.00,0.00,0.00,8.08
02:50:16,15,81.63,0.00,8.16,0.00,0.00,3.06,0.00,0.00,0.00,7.14
02:50:17,4,81.82,0.00,8.08,0.00,0.00,3.03,0.00,0.00,0.00,7.07
02:50:17,5,78.22,0.00,12.87,0.00,0.00,1.98,0.00,0.00,0.00,6.93
02:50:17,6,80.81,0.00,8.08,0.00,0.00,3.03,0.00,0.00,0.00,8.08
02:50:17,7,83.00,0.00,7.00,0.00,0.00,3.00,0.00,0.00,0.00,7.00
02:50:17,12,82.00,0.00,9.00,0.00,0.00,2.00,0.00,0.00,0.00,7.00
02:50:17,13,81.82,0.00,8.08,0.00,0.00,3.03,0.00,0.00,0.00,7.07
02:50:17,14,80.81,0.00,9.09,0.00,0.00,3.03,0.00,0.00,0.00,7.07
02:50:17,15,80.00,0.00,10.00,0.00,0.00,2.00,0.00,0.00,0.00,8.00
02:50:18,4,79.00,0.00,10.00,0.00,0.00,3.00,0.00,0.00,0.00,8.00
02:50:18,5,83.67,0.00,7.14,0.00,0.00,2.04,0.00,0.00,0.00,7.14
02:50:18,6,82.00,0.00,7.00,0.00,0.00,3.00,0.00,0.00,0.00,8.00
02:50:18,7,79.80,0.00,10.10,0.00,0.00,2.02,0.00,0.00,0.00,8.08
02:50:18,12,79.00,0.00,9.00,0.00,0.00,3.00,0.00,0.00,0.00,9.00
02:50:18,13,79.21,0.00,10.89,0.00,0.00,1.98,0.00,0.00,0.00,7.92
02:50:18,14,80.20,0.00,7.92,0.00,0.00,3.96,0.00,0.00,0.00,7.92
02:50:18,15,80.81,0.00,8.08,0.00,0.00,3.03,0.00,0.00,0.00,8.08
02:50:19,4,81.82,0.00,8.08,0.00,0.00,2.02,0.00,0.00,0.00,8.08
02:50:19,5,81.19,0.00,7.92,0.00,0.00,2.97,0.00,0.00,0.00,7.92
02:50:19,6,82.65,0.00,8.16,0.00,0.00,2.04,0.00,0.00,0.00,7.14
02:50:19,7,81.00,0.00,8.00,0.00,0.00,3.00,0.00,0.00,0.00,8.00
02:50:19,12,82.65,0.00,7.14,0.00,0.00,3.06,0.00,0.00,0.00,7.14
02:50:19,13,82.83,0.00,8.08,0.00,0.00,2.02,0.00,0.00,0.00,7.07
02:50:19,14,83.84,0.00,7.07,0.00,0.00,2.02,0.00,0.00,0.00,7.07
02:50:19,15,81.19,0.00,8.91,0.00,0.00,2.97,0.00,0.00,0.00,6.93
02:50:20,4,82.00,0.00,7.00,0.00,0.00,3.00,0.00,0.00,0.00,8.00
02:50:20,5,79.80,0.00,10.10,0.00,0.00,2.02,0.00,0.00,0.00,8.08
02:50:20,6,78.22,0.00,8.91,0.00,0.00,2.97,0.00,0.00,0.00,9.90
02:50:20,7,80.81,0.00,9.09,0.00,0.00,2.02,0.00,0.00,0.00,8.08
02:50:20,12,82.00,0.00,8.00,0.00,0.00,1.00,0.00,0.00,0.00,9.00
02:50:20,13,82.00,0.00,7.00,0.00,0.00,3.00,0.00,0.00,0.00,8.00
02:50:20,14,79.00,0.00,9.00,0.00,0.00,3.00,0.00,0.00,0.00,9.00
02:50:20,15,78.00,0.00,11.00,0.00,0.00,2.00,0.00,0.00,0.00,9.00
02:50:21,4,80.81,0.00,9.09,0.00,0.00,3.03,0.00,0.00,0.00,7.07
02:50:21,5,82.65,0.00,8.16,0.00,0.00,2.04,0.00,0.00,0.00,7.14
02:50:21,6,82.83,0.00,8.08,0.00,0.00,2.02,0.00,0.00,0.00,7.07
02:50:21,7,80.00,0.00,9.00,0.00,0.00,3.00,0.00,0.00,0.00,8.00
02:50:21,12,82.00,0.00,8.00,0.00,0.00,3.00,0.00,0.00,0.00,7.00
02:50:21,13,82.00,0.00,7.00,0.00,0.00,3.00,0.00,0.00,0.00,8.00
02:50:21,14,81.63,0.00,9.18,0.00,0.00,2.04,0.00,0.00,0.00,7.14
02:50:21,15,82.00,0.00,7.00,0.00,0.00,4.00,0.00,0.00,0.00,7.00
02:50:22,4,81.19,0.00,8.91,0.00,0.00,1.98,0.00,0.00,0.00,7.92
02:50:22,5,82.00,0.00,8.00,0.00,0.00,2.00,0.00,0.00,0.00,8.00
02:50:22,6,80.81,0.00,9.09,0.00,0.00,3.03,0.00,0.00,0.00,7.07
02:50:22,7,80.61,0.00,9.18,0.00,0.00,3.06,0.00,0.00,0.00,7.14
02:50:22,12,81.00,0.00,9.00,0.00,0.00,3.00,0.00,0.00,0.00,7.00
02:50:22,13,81.00,0.00,9.00,0.00,0.00,3.00,0.00,0.00,0.00,7.00
02:50:22,14,81.82,0.00,8.08,0.00,0.00,2.02,0.00,0.00,0.00,8.08
02:50:22,15,81.63,0.00,8.16,0.00,0.00,3.06,0.00,0.00,0.00,7.14
02:50:23,4,82.83,0.00,7.07,0.00,0.00,3.03,0.00,0.00,0.00,7.07
02:50:23,5,81.00,0.00,9.00,0.00,0.00,3.00,0.00,0.00,0.00,7.00
02:50:23,6,81.00,0.00,9.00,0.00,0.00,2.00,0.00,0.00,0.00,8.00
02:50:23,7,78.79,0.00,9.09,0.00,0.00,4.04,0.00,0.00,0.00,8.08
02:50:23,12,80.81,0.00,8.08,0.00,0.00,3.03,0.00,0.00,0.00,8.08
02:50:23,13,79.80,0.00,10.10,0.00,0.00,2.02,0.00,0.00,0.00,8.08
02:50:23,14,80.81,0.00,8.08,0.00,0.00,4.04,0.00,0.00,0.00,7.07
02:50:23,15,80.81,0.00,8.08,0.00,0.00,3.03,0.00,0.00,0.00,8.08
02:50:24,4,83.00,0.00,7.00,0.00,0.00,2.00,0.00,0.00,0.00,8.00
02:50:24,5,82.83,0.00,8.08,0.00,0.00,2.02,0.00,0.00,0.00,7.07
02:50:24,6,81.63,0.00,8.16,0.00,0.00,3.06,0.00,0.00,0.00,7.14
02:50:24,7,80.81,0.00,9.09,0.00,0.00,3.03,0.00,0.00,0.00,7.07
02:50:24,12,82.00,0.00,8.00,0.00,0.00,3.00,0.00,0.00,0.00,7.00
02:50:24,13,81.19,0.00,8.91,0.00,0.00,2.97,0.00,0.00,0.00,6.93
02:50:24,14,82.00,0.00,8.00,0.00,0.00,2.00,0.00,0.00,0.00,8.00
02:50:24,15,80.20,0.00,8.91,0.00,0.00,2.97,0.00,0.00,0.00,7.92
02:50:25,4,81.82,0.00,7.07,0.00,0.00,3.03,0.00,0.00,0.00,8.08
02:50:25,5,81.82,0.00,8.08,0.00,0.00,2.02,0.00,0.00,0.00,8.08
02:50:25,6,80.20,0.00,7.92,0.00,0.00,2.97,0.00,0.00,0.00,8.91
02:50:25,7,78.79,0.00,9.09,0.00,0.00,3.03,0.00,0.00,0.00,9.09
02:50:25,12,78.79,0.00,9.09,0.00,0.00,3.03,0.00,0.00,0.00,9.09
02:50:25,13,80.00,0.00,9.00,0.00,0.00,2.00,0.00,0.00,0.00,9.00
02:50:25,14,81.63,0.00,8.16,0.00,0.00,2.04,0.00,0.00,0.00,8.16
02:50:25,15,79.80,0.00,8.08,1.01,0.00,4.04,0.00,0.00,0.00,7.07
02:50:26,4,79.80,0.00,10.10,0.00,0.00,2.02,0.00,0.00,0.00,8.08
02:50:26,5,81.00,0.00,8.00,0.00,0.00,3.00,0.00,0.00,0.00,8.00
02:50:26,6,81.82,0.00,9.09,0.00,0.00,2.02,0.00,0.00,0.00,7.07
02:50:26,7,80.00,0.00,9.00,0.00,0.00,2.00,0.00,0.00,0.00,9.00
02:50:26,12,81.00,0.00,8.00,0.00,0.00,3.00,0.00,0.00,0.00,8.00
02:50:26,13,79.00,0.00,10.00,0.00,0.00,3.00,0.00,0.00,0.00,8.00
02:50:26,14,79.21,0.00,10.89,0.00,0.00,1.98,0.00,0.00,0.00,7.92
02:50:26,15,83.67,0.00,6.12,0.00,0.00,2.04,0.00,0.00,0.00,8.16
02:50:27,4,81.82,0.00,9.09,0.00,0.00,3.03,0.00,0.00,0.00,6.06
02:50:27,5,81.63,0.00,10.20,0.00,0.00,2.04,0.00,0.00,0.00,6.12
02:50:27,6,82.18,0.00,8.91,0.00,0.00,2.97,0.00,0.00,0.00,5.94
02:50:27,7,83.84,0.00,7.07,0.00,0.00,3.03,0.00,0.00,0.00,6.06
02:50:27,12,81.00,0.00,10.00,0.00,0.00,3.00,0.00,0.00,0.00,6.00
02:50:27,13,82.00,0.00,9.00,0.00,0.00,3.00,0.00,0.00,0.00,6.00
02:50:27,14,82.83,0.00,9.09,0.00,0.00,2.02,0.00,0.00,0.00,6.06
02:50:27,15,84.00,0.00,7.00,0.00,0.00,3.00,0.00,0.00,0.00,6.00
02:50:28,4,80.00,0.00,10.00,0.00,0.00,3.00,0.00,0.00,0.00,7.00
02:50:28,5,81.19,0.00,8.91,0.00,0.00,2.97,0.00,0.00,0.00,6.93
02:50:28,6,81.63,0.00,9.18,0.00,0.00,2.04,0.00,0.00,0.00,7.14
02:50:28,7,80.61,0.00,9.18,0.00,0.00,3.06,0.00,0.00,0.00,7.14
02:50:28,12,80.81,0.00,9.09,0.00,0.00,3.03,0.00,0.00,0.00,7.07
02:50:28,13,80.81,0.00,10.10,0.00,0.00,3.03,0.00,0.00,0.00,6.06
02:50:28,14,80.81,0.00,9.09,0.00,0.00,3.03,0.00,0.00,0.00,7.07
02:50:28,15,82.00,0.00,8.00,0.00,0.00,3.00,0.00,0.00,0.00,7.00
02:50:29,4,81.82,0.00,9.09,0.00,0.00,2.02,0.00,0.00,0.00,7.07
02:50:29,5,82.83,0.00,7.07,0.00,0.00,3.03,0.00,0.00,0.00,7.07
02:50:29,6,83.00,0.00,7.00,0.00,0.00,3.00,0.00,0.00,0.00,7.00
02:50:29,7,81.19,0.00,7.92,0.00,0.00,2.97,0.00,0.00,0.00,7.92
02:50:29,12,80.61,0.00,9.18,0.00,0.00,3.06,0.00,0.00,0.00,7.14
02:50:29,13,82.83,0.00,7.07,0.00,0.00,3.03,0.00,0.00,0.00,7.07
02:50:29,14,80.20,0.00,8.91,0.00,0.00,2.97,0.00,0.00,0.00,7.92
02:50:29,15,81.44,0.00,9.28,0.00,0.00,2.06,0.00,0.00,0.00,7.22
02:50:30,4,80.00,0.00,8.00,1.00,0.00,3.00,0.00,0.00,0.00,8.00
02:50:30,5,78.57,0.00,10.20,0.00,0.00,2.04,0.00,0.00,0.00,9.18
02:50:30,6,79.00,0.00,9.00,0.00,0.00,3.00,0.00,0.00,0.00,9.00
02:50:30,7,80.81,0.00,8.08,0.00,0.00,3.03,0.00,0.00,0.00,8.08
02:50:30,12,80.81,0.00,8.08,0.00,0.00,2.02,0.00,0.00,0.00,9.09
02:50:30,13,79.80,0.00,8.08,0.00,0.00,3.03,0.00,0.00,0.00,9.09
02:50:30,14,78.79,0.00,9.09,0.00,0.00,3.03,0.00,0.00,0.00,9.09
02:50:30,15,80.00,0.00,9.00,0.00,0.00,3.00,0.00,0.00,0.00,8.00
02:50:31,4,80.61,0.00,9.18,0.00,0.00,3.06,0.00,0.00,0.00,7.14
02:50:31,5,80.81,0.00,9.09,0.00,0.00,3.03,0.00,0.00,0.00,7.07
02:50:31,6,80.61,0.00,9.18,0.00,0.00,3.06,0.00,0.00,0.00,7.14
02:50:31,7,78.22,0.00,9.90,0.00,0.00,2.97,0.00,0.00,0.00,8.91
02:50:31,12,79.80,0.00,9.09,0.00,0.00,3.03,0.00,0.00,0.00,8.08
02:50:31,13,81.00,0.00,8.00,0.00,0.00,3.00,0.00,0.00,0.00,8.00
02:50:31,14,83.67,0.00,7.14,0.00,0.00,2.04,0.00,0.00,0.00,7.14
02:50:31,15,80.81,0.00,8.08,0.00,0.00,2.02,0.00,0.00,0.00,9.09
02:50:32,4,81.82,0.00,10.10,0.00,0.00,2.02,0.00,0.00,0.00,6.06
02:50:32,5,82.83,0.00,8.08,0.00,0.00,3.03,0.00,0.00,0.00,6.06
02:50:32,6,82.00,0.00,8.00,0.00,0.00,3.00,0.00,0.00,0.00,7.00
02:50:32,7,82.65,0.00,9.18,0.00,0.00,2.04,0.00,0.00,0.00,6.12
02:50:32,12,82.00,0.00,10.00,0.00,0.00,3.00,0.00,0.00,0.00,5.00
02:50:32,13,82.83,0.00,9.09,0.00,0.00,2.02,0.00,0.00,0.00,6.06
02:50:32,14,80.00,0.00,9.00,0.00,0.00,4.00,0.00,0.00,0.00,7.00
02:50:32,15,81.00,0.00,10.00,0.00,0.00,3.00,0.00,0.00,0.00,6.00
02:50:33,4,80.00,0.00,10.00,0.00,0.00,3.00,0.00,0.00,0.00,7.00
02:50:33,5,79.00,0.00,11.00,0.00,0.00,3.00,0.00,0.00,0.00,7.00
02:50:33,6,81.82,0.00,8.08,0.00,0.00,3.03,0.00,0.00,0.00,7.07
02:50:33,7,81.19,0.00,8.91,0.00,0.00,2.97,0.00,0.00,0.00,6.93
02:50:33,12,82.00,0.00,8.00,0.00,0.00,3.00,0.00,0.00,0.00,7.00
02:50:33,13,81.19,0.00,8.91,0.00,0.00,2.97,0.00,0.00,0.00,6.93
02:50:33,14,83.84,0.00,7.07,0.00,0.00,2.02,0.00,0.00,0.00,7.07
02:50:33,15,81.82,0.00,8.08,0.00,0.00,3.03,0.00,0.00,0.00,7.07
02:50:34,4,84.00,0.00,7.00,0.00,0.00,2.00,0.00,0.00,0.00,7.00
02:50:34,5,82.83,0.00,8.08,0.00,0.00,2.02,0.00,0.00,0.00,7.07
02:50:34,6,80.00,0.00,10.00,0.00,0.00,3.00,0.00,0.00,0.00,7.00
02:50:34,7,81.82,0.00,9.09,0.00,0.00,2.02,0.00,0.00,0.00,7.07
02:50:34,12,81.63,0.00,9.18,0.00,0.00,2.04,0.00,0.00,0.00,7.14
02:50:34,13,80.61,0.00,9.18,0.00,0.00,3.06,0.00,0.00,0.00,7.14
02:50:34,14,82.00,0.00,7.00,0.00,0.00,4.00,0.00,0.00,0.00,7.00
02:50:34,15,83.00,0.00,8.00,0.00,0.00,2.00,0.00,0.00,0.00,7.00
02:50:35,4,80.81,0.00,9.09,0.00,0.00,3.03,0.00,0.00,0.00,7.07
02:50:35,5,81.82,0.00,7.07,0.00,0.00,3.03,0.00,0.00,0.00,8.08
02:50:35,6,82.00,0.00,7.00,0.00,0.00,3.00,0.00,0.00,0.00,8.00
02:50:35,7,82.00,0.00,8.00,0.00,0.00,2.00,0.00,0.00,0.00,8.00
02:50:35,12,80.20,0.00,7.92,0.99,0.00,3.96,0.00,0.00,0.00,6.93
02:50:35,13,79.21,0.00,8.91,0.00,0.00,2.97,0.00,0.00,0.00,8.91
02:50:35,14,80.20,0.00,8.91,0.00,0.00,2.97,0.00,0.00,0.00,7.92
02:50:35,15,80.61,0.00,8.16,0.00,0.00,3.06,0.00,0.00,0.00,8.16
02:50:36,4,80.81,0.00,9.09,0.00,0.00,2.02,0.00,0.00,0.00,8.08
02:50:36,5,80.00,0.00,9.00,0.00,0.00,3.00,0.00,0.00,0.00,8.00
02:50:36,6,81.00,0.00,8.00,0.00,0.00,3.00,0.00,0.00,0.00,8.00
02:50:36,7,79.80,0.00,9.09,0.00,0.00,3.03,0.00,0.00,0.00,8.08
02:50:36,12,82.00,0.00,9.00,0.00,0.00,1.00,0.00,0.00,0.00,8.00
02:50:36,13,80.81,0.00,8.08,0.00,0.00,3.03,0.00,0.00,0.00,8.08
02:50:36,14,81.44,0.00,8.25,0.00,0.00,2.06,0.00,0.00,0.00,8.25
02:50:36,15,80.00,0.00,9.00,0.00,0.00,3.00,0.00,0.00,0.00,8.00
02:50:37,4,81.00,0.00,9.00,0.00,0.00,3.00,0.00,0.00,0.00,7.00
02:50:37,5,84.85,0.00,7.07,0.00,0.00,2.02,0.00,0.00,0.00,6.06
02:50:37,6,79.21,0.00,10.89,0.00,0.00,2.97,0.00,0.00,0.00,6.93
02:50:37,7,83.67,0.00,7.14,0.00,0.00,2.04,0.00,0.00,0.00,7.14
02:50:37,12,82.83,0.00,8.08,0.00,0.00,2.02,0.00,0.00,0.00,7.07
02:50:37,13,83.84,0.00,8.08,0.00,0.00,2.02,0.00,0.00,0.00,6.06
02:50:37,14,82.00,0.00,9.00,0.00,0.00,2.00,0.00,0.00,0.00,7.00
02:50:37,15,83.00,0.00,7.00,0.00,0.00,3.00,0.00,0.00,0.00,7.00
02:50:38,4,82.65,0.00,8.16,0.00,0.00,2.04,0.00,0.00,0.00,7.14
02:50:38,5,79.80,0.00,10.10,0.00,0.00,3.03,0.00,0.00,0.00,7.07
02:50:38,6,81.63,0.00,9.18,0.00,0.00,2.04,0.00,0.00,0.00,7.14
02:50:38,7,82.83,0.00,8.08,0.00,0.00,2.02,0.00,0.00,0.00,7.07
02:50:38,12,81.82,0.00,9.09,0.00,0.00,2.02,0.00,0.00,0.00,7.07
02:50:38,13,80.00,0.00,10.00,0.00,0.00,3.00,0.00,0.00,0.00,7.00
02:50:38,14,81.00,0.00,9.00,0.00,0.00,3.00,0.00,0.00,0.00,7.00
02:50:38,15,81.63,0.00,8.16,0.00,0.00,3.06,0.00,0.00,0.00,7.14
02:50:39,4,79.41,0.00,9.80,0.00,0.00,2.94,0.00,0.00,0.00,7.84
02:50:39,5,79.21,0.00,9.90,0.00,0.00,2.97,0.00,0.00,0.00,7.92
02:50:39,6,78.64,0.00,9.71,0.00,0.00,3.88,0.00,0.00,0.00,7.77
02:50:39,7,80.81,0.00,9.09,0.00,0.00,2.02,0.00,0.00,0.00,8.08
02:50:39,12,81.19,0.00,8.91,0.00,0.00,1.98,0.00,0.00,0.00,7.92
02:50:39,13,81.00,0.00,8.00,0.00,0.00,3.00,0.00,0.00,0.00,8.00
02:50:39,14,83.67,0.00,7.14,0.00,0.00,2.04,0.00,0.00,0.00,7.14
02:50:39,15,82.00,0.00,8.00,0.00,0.00,2.00,0.00,0.00,0.00,8.00
02:50:40,4,81.82,0.00,8.08,0.00,0.00,3.03,0.00,0.00,0.00,7.07
02:50:40,5,81.63,0.00,9.18,0.00,0.00,2.04,0.00,0.00,0.00,7.14
02:50:40,6,81.82,0.00,8.08,0.00,0.00,2.02,0.00,0.00,0.00,8.08
02:50:40,7,80.81,0.00,8.08,0.00,0.00,4.04,0.00,0.00,0.00,7.07
02:50:40,12,80.00,0.00,8.00,0.00,0.00,4.00,0.00,0.00,0.00,8.00
02:50:40,13,80.20,0.00,9.90,0.00,0.00,1.98,0.00,0.00,0.00,7.92
02:50:40,14,79.21,0.00,9.90,0.00,0.00,2.97,0.00,0.00,0.00,7.92
02:50:40,15,79.00,0.00,9.00,0.00,0.00,4.00,0.00,0.00,0.00,8.00
02:50:41,4,80.81,0.00,9.09,0.00,0.00,2.02,0.00,0.00,0.00,8.08
02:50:41,5,81.19,0.00,7.92,0.00,0.00,2.97,0.00,0.00,0.00,7.92
02:50:41,6,82.47,0.00,7.22,0.00,0.00,3.09,0.00,0.00,0.00,7.22
02:50:41,7,81.00,0.00,9.00,0.00,0.00,2.00,0.00,0.00,0.00,8.00
02:50:41,12,82.83,0.00,8.08,0.00,0.00,2.02,0.00,0.00,0.00,7.07
02:50:41,13,79.80,0.00,9.09,0.00,0.00,4.04,0.00,0.00,0.00,7.07
02:50:41,14,81.82,0.00,7.07,0.00,0.00,3.03,0.00,0.00,0.00,8.08
02:50:41,15,81.00,0.00,9.00,0.00,0.00,2.00,0.00,0.00,0.00,8.00
02:50:42,4,80.81,0.00,8.08,0.00,0.00,4.04,0.00,0.00,0.00,7.07
02:50:42,5,82.65,0.00,8.16,0.00,0.00,2.04,0.00,0.00,0.00,7.14
02:50:42,6,79.00,0.00,9.00,0.00,0.00,4.00,0.00,0.00,0.00,8.00
02:50:42,7,79.21,0.00,8.91,0.00,0.00,2.97,0.00,0.00,0.00,8.91
02:50:42,12,81.00,0.00,8.00,0.00,0.00,3.00,0.00,0.00,0.00,8.00
02:50:42,13,80.00,0.00,10.00,0.00,0.00,2.00,0.00,0.00,0.00,8.00
02:50:42,14,82.18,0.00,7.92,0.00,0.00,1.98,0.00,0.00,0.00,7.92
02:50:42,15,81.82,0.00,7.07,0.00,0.00,3.03,0.00,0.00,0.00,8.08
02:50:43,4,80.00,0.00,10.00,0.00,0.00,2.00,0.00,0.00,0.00,8.00
02:50:43,5,82.83,0.00,7.07,0.00,0.00,2.02,0.00,0.00,0.00,8.08
02:50:43,6,78.79,0.00,11.11,0.00,0.00,2.02,0.00,0.00,0.00,8.08
02:50:43,7,81.63,0.00,9.18,0.00,0.00,2.04,0.00,0.00,0.00,7.14
02:50:43,12,81.00,0.00,9.00,0.00,0.00,3.00,0.00,0.00,0.00,7.00
02:50:43,13,81.63,0.00,8.16,0.00,0.00,3.06,0.00,0.00,0.00,7.14
02:50:43,14,81.63,0.00,9.18,0.00,0.00,2.04,0.00,0.00,0.00,7.14
02:50:43,15,80.00,0.00,9.00,0.00,0.00,3.00,0.00,0.00,0.00,8.00
02:50:44,4,80.81,0.00,8.08,0.00,0.00,3.03,0.00,0.00,0.00,8.08
02:50:44,5,79.80,0.00,9.09,0.00,0.00,3.03,0.00,0.00,0.00,8.08
02:50:44,6,78.00,0.00,10.00,0.00,0.00,4.00,0.00,0.00,0.00,8.00
02:50:44,7,79.80,0.00,9.09,0.00,0.00,3.03,0.00,0.00,0.00,8.08
02:50:44,12,81.63,0.00,8.16,0.00,0.00,2.04,0.00,0.00,0.00,8.16
02:50:44,13,81.19,0.00,7.92,0.00,0.00,2.97,0.00,0.00,0.00,7.92
02:50:44,14,80.00,0.00,8.00,0.00,0.00,4.00,0.00,0.00,0.00,8.00
02:50:44,15,81.63,0.00,8.16,0.00,0.00,2.04,0.00,0.00,0.00,8.16
02:50:45,4,79.21,0.00,9.90,0.00,0.00,2.97,0.00,0.00,0.00,7.92
02:50:45,5,82.00,0.00,8.00,0.00,0.00,3.00,0.00,0.00,0.00,7.00
02:50:45,6,81.00,0.00,8.00,0.00,0.00,3.00,0.00,0.00,0.00,8.00
02:50:45,7,77.23,0.00,10.89,0.00,0.00,3.96,0.00,0.00,0.00,7.92
02:50:45,12,81.19,0.00,7.92,0.00,0.00,2.97,0.00,0.00,0.00,7.92
02:50:45,13,80.81,0.00,10.10,0.00,0.00,2.02,0.00,0.00,0.00,7.07
02:50:45,14,81.00,0.00,7.00,0.00,0.00,4.00,0.00,0.00,0.00,8.00
02:50:45,15,81.82,0.00,8.08,0.00,0.00,3.03,0.00,0.00,0.00,7.07
02:50:46,4,81.63,0.00,8.16,0.00,0.00,2.04,0.00,0.00,0.00,8.16
02:50:46,5,80.81,0.00,8.08,0.00,0.00,2.02,0.00,0.00,0.00,9.09
02:50:46,6,80.61,0.00,8.16,0.00,0.00,3.06,0.00,0.00,0.00,8.16
02:50:46,7,81.82,0.00,8.08,0.00,0.00,2.02,0.00,0.00,0.00,8.08
02:50:46,12,80.81,0.00,9.09,0.00,0.00,2.02,0.00,0.00,0.00,8.08
02:50:46,13,83.67,0.00,7.14,0.00,0.00,2.04,0.00,0.00,0.00,7.14
02:50:46,14,82.65,0.00,7.14,0.00,0.00,2.04,0.00,0.00,0.00,8.16
02:50:46,15,79.21,0.00,9.90,0.00,0.00,1.98,0.00,0.00,0.00,8.91
02:50:47,4,79.00,0.00,9.00,0.00,0.00,3.00,0.00,0.00,0.00,9.00
02:50:47,5,83.67,0.00,7.14,0.00,0.00,1.02,0.00,0.00,0.00,8.16
02:50:47,6,81.00,0.00,7.00,0.00,0.00,3.00,0.00,0.00,0.00,9.00
02:50:47,7,80.81,0.00,7.07,0.00,0.00,3.03,0.00,0.00,0.00,9.09
02:50:47,12,81.00,0.00,8.00,0.00,0.00,3.00,0.00,0.00,0.00,8.00
02:50:47,13,80.00,0.00,9.00,0.00,0.00,2.00,0.00,0.00,0.00,9.00
02:50:47,14,81.82,0.00,7.07,0.00,0.00,2.02,0.00,0.00,0.00,9.09
02:50:47,15,80.81,0.00,8.08,0.00,0.00,3.03,0.00,0.00,0.00,8.08
02:50:48,4,82.65,0.00,9.18,0.00,0.00,2.04,0.00,0.00,0.00,6.12
02:50:48,5,81.82,0.00,9.09,0.00,0.00,3.03,0.00,0.00,0.00,6.06
02:50:48,6,81.82,0.00,8.08,0.00,0.00,3.03,0.00,0.00,0.00,7.07
02:50:48,7,82.00,0.00,9.00,0.00,0.00,3.00,0.00,0.00,0.00,6.00
02:50:48,12,81.00,0.00,10.00,0.00,0.00,2.00,0.00,0.00,0.00,7.00
02:50:48,13,83.84,0.00,8.08,0.00,0.00,2.02,0.00,0.00,0.00,6.06
02:50:48,14,83.00,0.00,8.00,0.00,0.00,3.00,0.00,0.00,0.00,6.00
02:50:48,15,81.82,0.00,10.10,0.00,0.00,2.02,0.00,0.00,0.00,6.06
02:50:49,4,80.81,0.00,9.09,0.00,0.00,2.02,0.00,0.00,0.00,8.08
02:50:49,5,82.83,0.00,8.08,0.00,0.00,2.02,0.00,0.00,0.00,7.07
02:50:49,6,81.63,0.00,9.18,0.00,0.00,2.04,0.00,0.00,0.00,7.14
02:50:49,7,81.00,0.00,8.00,0.00,0.00,3.00,0.00,0.00,0.00,8.00
02:50:49,12,81.00,0.00,9.00,0.00,0.00,3.00,0.00,0.00,0.00,7.00
02:50:49,13,81.00,0.00,8.00,0.00,0.00,3.00,0.00,0.00,0.00,8.00
02:50:49,14,81.63,0.00,8.16,0.00,0.00,3.06,0.00,0.00,0.00,7.14
02:50:49,15,81.63,0.00,7.14,0.00,0.00,3.06,0.00,0.00,0.00,8.16
02:50:50,4,82.65,0.00,8.16,0.00,0.00,2.04,0.00,0.00,0.00,7.14
02:50:50,5,81.82,0.00,8.08,0.00,0.00,2.02,0.00,0.00,0.00,8.08
02:50:50,6,81.19,0.00,7.92,0.00,0.00,2.97,0.00,0.00,0.00,7.92
02:50:50,7,81.00,0.00,8.00,0.00,0.00,3.00,0.00,0.00,0.00,8.00
02:50:50,12,80.81,0.00,9.09,0.00,0.00,2.02,0.00,0.00,0.00,8.08
02:50:50,13,80.20,0.00,8.91,0.00,0.00,2.97,0.00,0.00,0.00,7.92
02:50:50,14,80.39,0.00,8.82,0.00,0.00,2.94,0.00,0.00,0.00,7.84
02:50:50,15,80.81,0.00,7.07,0.00,0.00,4.04,0.00,0.00,0.00,8.08
02:50:51,4,80.61,0.00,9.18,0.00,0.00,3.06,0.00,0.00,0.00,7.14
02:50:51,5,80.81,0.00,9.09,0.00,0.00,3.03,0.00,0.00,0.00,7.07
02:50:51,6,79.80,0.00,10.10,0.00,0.00,2.02,0.00,0.00,0.00,8.08
02:50:51,7,81.63,0.00,8.16,0.00,0.00,3.06,0.00,0.00,0.00,7.14
02:50:51,12,81.00,0.00,10.00,0.00,0.00,2.00,0.00,0.00,0.00,7.00
02:50:51,13,84.38,0.00,6.25,0.00,0.00,2.08,0.00,0.00,0.00,7.29
02:50:51,14,79.80,0.00,10.10,0.00,0.00,2.02,0.00,0.00,0.00,8.08
02:50:51,15,82.00,0.00,8.00,0.00,0.00,3.00,0.00,0.00,0.00,7.00
02:50:52,4,81.82,0.00,9.09,0.00,0.00,2.02,0.00,0.00,0.00,7.07
02:50:52,5,81.00,0.00,10.00,0.00,0.00,2.00,0.00,0.00,0.00,7.00
02:50:52,6,83.67,0.00,7.14,0.00,0.00,3.06,0.00,0.00,0.00,6.12
02:50:52,7,81.00,0.00,10.00,0.00,0.00,2.00,0.00,0.00,0.00,7.00
02:50:52,12,81.00,0.00,9.00,0.00,0.00,3.00,0.00,0.00,0.00,7.00
02:50:52,13,82.18,0.00,7.92,0.00,0.00,2.97,0.00,0.00,0.00,6.93
02:50:52,14,83.00,0.00,9.00,0.00,0.00,2.00,0.00,0.00,0.00,6.00
02:50:52,15,80.81,0.00,8.08,0.00,0.00,4.04,0.00,0.00,0.00,7.07
02:50:53,4,83.00,0.00,8.00,0.00,0.00,2.00,0.00,0.00,0.00,7.00
02:50:53,5,81.82,0.00,9.09,0.00,0.00,3.03,0.00,0.00,0.00,6.06
02:50:53,6,82.18,0.00,8.91,0.00,0.00,1.98,0.00,0.00,0.00,6.93
02:50:53,7,81.00,0.00,8.00,0.00,0.00,3.00,0.00,0.00,0.00,8.00
02:50:53,12,82.00,0.00,9.00,0.00,0.00,2.00,0.00,0.00,0.00,7.00
02:50:53,13,81.82,0.00,10.10,0.00,0.00,2.02,0.00,0.00,0.00,6.06
02:50:53,14,82.00,0.00,9.00,0.00,0.00,2.00,0.00,0.00,0.00,7.00
02:50:53,15,81.00,0.00,9.00,0.00,0.00,3.00,0.00,0.00,0.00,7.00
02:50:54,4,82.00,0.00,8.00,0.00,0.00,3.00,0.00,0.00,0.00,7.00
02:50:54,5,80.20,0.00,8.91,0.00,0.00,2.97,0.00,0.00,0.00,7.92
02:50:54,6,80.81,0.00,9.09,0.00,0.00,2.02,0.00,0.00,0.00,8.08
02:50:54,7,81.82,0.00,9.09,0.00,0.00,2.02,0.00,0.00,0.00,7.07
02:50:54,12,80.81,0.00,9.09,0.00,0.00,2.02,0.00,0.00,0.00,8.08
02:50:54,13,83.00,0.00,7.00,0.00,0.00,2.00,0.00,0.00,0.00,8.00
02:50:54,14,81.63,0.00,8.16,0.00,0.00,2.04,0.00,0.00,0.00,8.16
02:50:54,15,82.00,0.00,7.00,0.00,0.00,3.00,0.00,0.00,0.00,8.00
02:50:55,4,79.00,0.00,9.00,0.00,0.00,4.00,0.00,0.00,0.00,8.00
02:50:55,5,83.67,0.00,7.14,0.00,0.00,1.02,0.00,0.00,0.00,8.16
02:50:55,6,81.00,0.00,9.00,0.00,0.00,2.00,0.00,0.00,0.00,8.00
02:50:55,7,79.80,0.00,10.10,0.00,0.00,2.02,0.00,0.00,0.00,8.08
02:50:55,12,82.65,0.00,8.16,0.00,0.00,2.04,0.00,0.00,0.00,7.14
02:50:55,13,82.83,0.00,7.07,0.00,0.00,3.03,0.00,0.00,0.00,7.07
02:50:55,14,80.00,0.00,9.00,0.00,0.00,3.00,0.00,0.00,0.00,8.00
02:50:55,15,80.00,0.00,9.00,0.00,0.00,3.00,0.00,0.00,0.00,8.00
02:50:56,4,82.00,0.00,8.00,0.00,0.00,2.00,0.00,0.00,0.00,8.00
02:50:56,5,80.20,0.00,9.90,0.00,0.00,1.98,0.00,0.00,0.00,7.92
02:50:56,6,80.00,0.00,8.00,0.00,0.00,4.00,0.00,0.00,0.00,8.00
02:50:56,7,81.82,0.00,8.08,0.00,0.00,2.02,0.00,0.00,0.00,8.08
02:50:56,12,81.82,0.00,8.08,0.00,0.00,2.02,0.00,0.00,0.00,8.08
02:50:56,13,81.00,0.00,8.00,0.00,0.00,3.00,0.00,0.00,0.00,8.00
02:50:56,14,80.81,0.00,8.08,0.00,0.00,3.03,0.00,0.00,0.00,8.08
02:50:56,15,81.00,0.00,8.00,0.00,0.00,3.00,0.00,0.00,0.00,8.00
02:50:57,4,81.82,0.00,9.09,0.00,0.00,2.02,0.00,0.00,0.00,7.07
02:50:57,5,80.81,0.00,8.08,0.00,0.00,4.04,0.00,0.00,0.00,7.07
02:50:57,6,80.81,0.00,10.10,0.00,0.00,2.02,0.00,0.00,0.00,7.07
02:50:57,7,80.20,0.00,9.90,0.00,0.00,1.98,0.00,0.00,0.00,7.92
02:50:57,12,81.19,0.00,9.90,0.00,0.00,1.98,0.00,0.00,0.00,6.93
02:50:57,13,83.00,0.00,7.00,0.00,0.00,2.00,0.00,0.00,0.00,8.00
02:50:57,14,81.63,0.00,9.18,0.00,0.00,2.04,0.00,0.00,0.00,7.14
02:50:57,15,82.83,0.00,7.07,0.00,0.00,3.03,0.00,0.00,0.00,7.07
02:50:58,4,81.00,0.00,9.00,0.00,0.00,3.00,0.00,0.00,0.00,7.00
02:50:58,5,82.00,0.00,8.00,0.00,0.00,3.00,0.00,0.00,0.00,7.00
02:50:58,6,82.83,0.00,8.08,0.00,0.00,2.02,0.00,0.00,0.00,7.07
02:50:58,7,82.18,0.00,6.93,0.00,0.00,2.97,0.00,0.00,0.00,7.92
02:50:58,12,80.81,0.00,10.10,0.00,0.00,2.02,0.00,0.00,0.00,7.07
02:50:58,13,82.65,0.00,9.18,0.00,0.00,2.04,0.00,0.00,0.00,6.12
02:50:58,14,80.39,0.00,8.82,0.00,0.00,2.94,0.00,0.00,0.00,7.84
02:50:58,15,79.80,0.00,9.09,0.00,0.00,3.03,0.00,0.00,0.00,8.08
02:50:59,4,80.00,0.00,11.00,0.00,0.00,2.00,0.00,0.00,0.00,7.00
02:50:59,5,83.67,0.00,8.16,0.00,0.00,2.04,0.00,0.00,0.00,6.12
02:50:59,6,80.20,0.00,9.90,0.00,0.00,2.97,0.00,0.00,0.00,6.93
02:50:59,7,83.84,0.00,7.07,0.00,0.00,2.02,0.00,0.00,0.00,7.07
02:50:59,12,81.00,0.00,9.00,0.00,0.00,3.00,0.00,0.00,0.00,7.00
02:50:59,13,83.00,0.00,8.00,0.00,0.00,2.00,0.00,0.00,0.00,7.00
02:50:59,14,80.81,0.00,10.10,0.00,0.00,3.03,0.00,0.00,0.00,6.06
02:50:59,15,83.17,0.00,8.91,0.00,0.00,0.99,0.00,0.00,0.00,6.93
02:51:00,4,80.61,0.00,9.18,0.00,0.00,3.06,0.00,0.00,0.00,7.14
02:51:00,5,81.82,0.00,7.07,0.00,0.00,3.03,0.00,0.00,0.00,8.08
02:51:00,6,80.00,0.00,8.00,0.00,0.00,4.00,0.00,0.00,0.00,8.00
02:51:00,7,79.00,0.00,10.00,0.00,0.00,3.00,0.00,0.00,0.00,8.00
02:51:00,12,81.00,0.00,8.00,0.00,0.00,3.00,0.00,0.00,0.00,8.00
02:51:00,13,80.81,0.00,9.09,0.00,0.00,2.02,0.00,0.00,0.00,8.08
02:51:00,14,78.79,0.00,9.09,0.00,0.00,4.04,0.00,0.00,0.00,8.08
02:51:00,15,81.00,0.00,8.00,0.00,0.00,3.00,0.00,0.00,0.00,8.00
02:51:01,4,82.83,0.00,8.08,0.00,0.00,2.02,0.00,0.00,0.00,7.07
02:51:01,5,80.00,0.00,10.00,0.00,0.00,3.00,0.00,0.00,0.00,7.00
02:51:01,6,82.65,0.00,8.16,0.00,0.00,2.04,0.00,0.00,0.00,7.14
02:51:01,7,84.00,0.00,6.00,0.00,0.00,2.00,0.00,0.00,0.00,8.00
02:51:01,12,82.83,0.00,7.07,0.00,0.00,3.03,0.00,0.00,0.00,7.07
02:51:01,13,85.00,0.00,6.00,0.00,0.00,2.00,0.00,0.00,0.00,7.00
02:51:01,14,82.00,0.00,8.00,0.00,0.00,3.00,0.00,0.00,0.00,7.00
02:51:01,15,80.20,0.00,8.91,0.00,0.00,3.96,0.00,0.00,0.00,6.93
02:51:02,4,81.00,0.00,8.00,0.00,0.00,3.00,0.00,0.00,0.00,8.00
02:51:02,5,80.81,0.00,8.08,0.00,0.00,3.03,0.00,0.00,0.00,8.08
02:51:02,6,82.83,0.00,7.07,0.00,0.00,2.02,0.00,0.00,0.00,8.08
02:51:02,7,81.82,0.00,8.08,0.00,0.00,2.02,0.00,0.00,0.00,8.08
02:51:02,12,81.00,0.00,9.00,0.00,0.00,2.00,0.00,0.00,0.00,8.00
02:51:02,13,79.21,0.00,9.90,0.00,0.00,2.97,0.00,0.00,0.00,7.92
02:51:02,14,81.00,0.00,8.00,0.00,0.00,3.00,0.00,0.00,0.00,8.00
02:51:02,15,79.80,0.00,9.09,0.00,0.00,3.03,0.00,0.00,0.00,8.08
02:51:03,4,80.81,0.00,9.09,0.00,0.00,3.03,0.00,0.00,0.00,7.07
02:51:03,5,81.82,0.00,9.09,0.00,0.00,2.02,0.00,0.00,0.00,7.07
02:51:03,6,80.00,0.00,9.00,0.00,0.00,3.00,0.00,0.00,0.00,8.00
02:51:03,7,81.82,0.00,8.08,0.00,0.00,3.03,0.00,0.00,0.00,7.07
02:51:03,12,79.80,0.00,10.10,0.00,0.00,3.03,0.00,0.00,0.00,7.07
02:51:03,13,82.83,0.00,7.07,0.00,0.00,3.03,0.00,0.00,0.00,7.07
02:51:03,14,83.51,0.00,7.22,0.00,0.00,2.06,0.00,0.00,0.00,7.22
02:51:03,15,80.00,0.00,9.00,0.00,0.00,3.00,0.00,0.00,0.00,8.00
02:51:04,4,82.00,0.00,9.00,0.00,0.00,3.00,0.00,0.00,0.00,6.00
02:51:04,5,81.82,0.00,9.09,0.00,0.00,3.03,0.00,0.00,0.00,6.06
02:51:04,6,82.65,0.00,9.18,0.00,0.00,2.04,0.00,0.00,0.00,6.12
02:51:04,7,79.00,0.00,11.00,0.00,0.00,3.00,0.00,0.00,0.00,7.00
02:51:04,12,82.00,0.00,10.00,0.00,0.00,2.00,0.00,0.00,0.00,6.00
02:51:04,13,83.00,0.00,8.00,0.00,0.00,2.00,0.00,0.00,0.00,7.00
02:51:04,14,80.20,0.00,8.91,0.00,0.00,3.96,0.00,0.00,0.00,6.93
02:51:04,15,82.83,0.00,9.09,0.00,0.00,2.02,0.00,0.00,0.00,6.06
02:51:05,4,81.82,0.00,8.08,0.00,0.00,2.02,0.00,0.00,0.00,8.08
02:51:05,5,80.20,0.00,8.91,0.00,0.00,2.97,0.00,0.00,0.00,7.92
02:51:05,6,79.21,0.00,9.90,0.00,0.00,2.97,0.00,0.00,0.00,7.92
02:51:05,7,80.20,0.00,8.91,0.00,0.00,2.97,0.00,0.00,0.00,7.92
02:51:05,12,78.43,0.00,9.80,0.00,0.00,2.94,0.00,0.00,0.00,8.82
02:51:05,13,83.67,0.00,7.14,0.00,0.00,1.02,0.00,0.00,0.00,8.16
02:51:05,14,81.00,0.00,8.00,0.00,0.00,3.00,0.00,0.00,0.00,8.00
02:51:05,15,79.21,0.00,8.91,0.00,0.00,2.97,0.00,0.00,0.00,8.91
02:51:06,4,79.00,0.00,10.00,0.00,0.00,3.00,0.00,0.00,0.00,8.00
02:51:06,5,79.80,0.00,9.09,0.00,0.00,3.03,0.00,0.00,0.00,8.08
02:51:06,6,80.00,0.00,8.00,0.00,0.00,3.00,0.00,0.00,0.00,9.00
02:51:06,7,82.83,0.00,7.07,0.00,0.00,2.02,0.00,0.00,0.00,8.08
02:51:06,12,81.82,0.00,8.08,0.00,0.00,2.02,0.00,0.00,0.00,8.08
02:51:06,13,78.64,0.00,8.74,0.00,0.00,3.88,0.00,0.00,0.00,8.74
02:51:06,14,80.00,0.00,9.00,0.00,0.00,3.00,0.00,0.00,0.00,8.00
02:51:06,15,78.79,0.00,10.10,0.00,0.00,3.03,0.00,0.00,0.00,8.08
02:51:07,4,80.81,0.00,9.09,0.00,0.00,2.02,0.00,0.00,0.00,8.08
02:51:07,5,81.00,0.00,10.00,0.00,0.00,1.00,0.00,0.00,0.00,8.00
02:51:07,6,81.63,0.00,8.16,0.00,0.00,3.06,0.00,0.00,0.00,7.14
02:51:07,7,79.80,0.00,9.09,0.00,0.00,3.03,0.00,0.00,0.00,8.08
02:51:07,12,81.19,0.00,7.92,0.00,0.00,2.97,0.00,0.00,0.00,7.92
02:51:07,13,83.51,0.00,7.22,0.00,0.00,2.06,0.00,0.00,0.00,7.22
02:51:07,14,80.61,0.00,8.16,0.00,0.00,3.06,0.00,0.00,0.00,8.16
02:51:07,15,80.00,0.00,9.00,0.00,0.00,3.00,0.00,0.00,0.00,8.00
02:51:08,4,84.16,0.00,6.93,0.00,0.00,1.98,0.00,0.00,0.00,6.93
02:51:08,5,82.83,0.00,8.08,0.00,0.00,2.02,0.00,0.00,0.00,7.07
02:51:08,6,82.00,0.00,8.00,0.00,0.00,3.00,0.00,0.00,0.00,7.00
02:51:08,7,83.00,0.00,7.00,0.00,0.00,3.00,0.00,0.00,0.00,7.00
02:51:08,12,81.82,0.00,9.09,0.00,0.00,3.03,0.00,0.00,0.00,6.06
02:51:08,13,80.00,0.00,10.00,0.00,0.00,3.00,0.00,0.00,0.00,7.00
02:51:08,14,81.00,0.00,9.00,0.00,0.00,3.00,0.00,0.00,0.00,7.00
02:51:08,15,80.00,0.00,9.00,0.00,0.00,4.00,0.00,0.00,0.00,7.00
02:51:09,4,81.63,0.00,9.18,0.00,0.00,3.06,0.00,0.00,0.00,6.12
02:51:09,5,79.80,0.00,10.10,0.00,0.00,3.03,0.00,0.00,0.00,7.07
02:51:09,6,80.81,0.00,9.09,0.00,0.00,3.03,0.00,0.00,0.00,7.07
02:51:09,7,82.00,0.00,7.00,0.00,0.00,3.00,0.00,0.00,0.00,8.00
02:51:09,12,82.00,0.00,8.00,0.00,0.00,3.00,0.00,0.00,0.00,7.00
02:51:09,13,82.83,0.00,8.08,0.00,0.00,3.03,0.00,0.00,0.00,6.06
02:51:09,14,82.00,0.00,9.00,0.00,0.00,2.00,0.00,0.00,0.00,7.00
02:51:09,15,82.65,0.00,8.16,0.00,0.00,2.04,0.00,0.00,0.00,7.14
02:51:10,4,78.00,0.00,10.00,0.00,0.00,3.00,0.00,0.00,0.00,9.00
02:51:10,5,79.21,0.00,8.91,0.00,0.00,2.97,0.00,0.00,0.00,8.91
02:51:10,6,80.61,0.00,8.16,0.00,0.00,2.04,0.00,0.00,0.00,9.18
02:51:10,7,80.00,0.00,9.00,0.00,0.00,2.00,0.00,0.00,0.00,9.00
02:51:10,12,79.00,0.00,8.00,0.00,0.00,3.00,0.00,0.00,0.00,10.00
02:51:10,13,79.80,0.00,9.09,0.00,0.00,2.02,0.00,0.00,0.00,9.09
02:51:10,14,80.00,0.00,9.00,0.00,0.00,2.00,0.00,0.00,0.00,9.00
02:51:10,15,81.00,0.00,7.00,0.00,0.00,2.00,0.00,0.00,0.00,10.00
02:51:11,4,80.81,0.00,9.09,0.00,0.00,2.02,0.00,0.00,0.00,8.08
02:51:11,5,81.63,0.00,9.18,0.00,0.00,2.04,0.00,0.00,0.00,7.14
02:51:11,6,82.83,0.00,7.07,0.00,0.00,2.02,0.00,0.00,0.00,8.08
02:51:11,7,80.61,0.00,9.18,0.00,0.00,2.04,0.00,0.00,0.00,8.16
02:51:11,12,80.81,0.00,8.08,0.00,0.00,4.04,0.00,0.00,0.00,7.07
02:51:11,13,83.00,0.00,7.00,0.00,0.00,2.00,0.00,0.00,0.00,8.00
02:51:11,14,80.00,0.00,9.00,0.00,0.00,3.00,0.00,0.00,0.00,8.00
02:51:11,15,80.00,0.00,9.00,0.00,0.00,3.00,0.00,0.00,0.00,8.00
02:51:12,4,80.81,0.00,8.08,0.00,0.00,3.03,0.00,0.00,0.00,8.08
02:51:12,5,82.00,0.00,7.00,0.00,0.00,3.00,0.00,0.00,0.00,8.00
02:51:12,6,80.81,0.00,9.09,0.00,0.00,2.02,0.00,0.00,0.00,8.08
02:51:12,7,83.84,0.00,6.06,0.00,0.00,2.02,0.00,0.00,0.00,8.08
02:51:12,12,82.00,0.00,8.00,0.00,0.00,2.00,0.00,0.00,0.00,8.00
02:51:12,13,79.00,0.00,10.00,0.00,0.00,3.00,0.00,0.00,0.00,8.00
02:51:12,14,81.82,0.00,7.07,0.00,0.00,3.03,0.00,0.00,0.00,8.08
02:51:12,15,80.81,0.00,8.08,0.00,0.00,3.03,0.00,0.00,0.00,8.08
02:51:13,4,80.81,0.00,9.09,0.00,0.00,3.03,0.00,0.00,0.00,7.07
02:51:13,5,79.00,0.00,10.00,0.00,0.00,4.00,0.00,0.00,0.00,7.00
02:51:13,6,81.82,0.00,8.08,0.00,0.00,3.03,0.00,0.00,0.00,7.07
02:51:13,7,81.00,0.00,9.00,0.00,0.00,3.00,0.00,0.00,0.00,7.00
02:51:13,12,80.00,0.00,10.00,0.00,0.00,2.00,0.00,0.00,0.00,8.00
02:51:13,13,81.82,0.00,9.09,0.00,0.00,2.02,0.00,0.00,0.00,7.07
02:51:13,14,81.82,0.00,8.08,0.00,0.00,3.03,0.00,0.00,0.00,7.07
02:51:13,15,81.82,0.00,8.08,0.00,0.00,3.03,0.00,0.00,0.00,7.07
02:51:14,4,80.81,0.00,10.10,0.00,0.00,3.03,0.00,0.00,0.00,6.06
02:51:14,5,81.82,0.00,9.09,0.00,0.00,3.03,0.00,0.00,0.00,6.06
02:51:14,6,80.20,0.00,8.91,0.00,0.00,3.96,0.00,0.00,0.00,6.93
02:51:14,7,81.19,0.00,8.91,0.00,0.00,2.97,0.00,0.00,0.00,6.93
02:51:14,12,81.63,0.00,9.18,0.00,0.00,3.06,0.00,0.00,0.00,6.12
02:51:14,13,82.65,0.00,8.16,0.00,0.00,3.06,0.00,0.00,0.00,6.12
02:51:14,14,81.82,0.00,9.09,0.00,0.00,2.02,0.00,0.00,0.00,7.07
02:51:14,15,82.00,0.00,8.00,0.00,0.00,3.00,0.00,0.00,0.00,7.00
02:51:15,4,81.00,0.00,8.00,0.00,0.00,3.00,0.00,0.00,0.00,8.00
02:51:15,5,81.19,0.00,7.92,0.00,0.00,2.97,0.00,0.00,0.00,7.92
02:51:15,6,80.00,0.00,10.00,0.00,0.00,2.00,0.00,0.00,0.00,8.00
02:51:15,7,79.59,0.00,9.18,0.00,0.00,3.06,0.00,0.00,0.00,8.16
02:51:15,12,82.83,0.00,7.07,0.00,0.00,2.02,0.00,0.00,0.00,8.08
02:51:15,13,80.20,0.00,8.91,0.00,0.00,2.97,0.00,0.00,0.00,7.92
02:51:15,14,79.59,0.00,9.18,0.00,0.00,4.08,0.00,0.00,0.00,7.14
02:51:15,15,82.00,0.00,7.00,0.00,0.00,3.00,0.00,0.00,0.00,8.00
02:51:16,4,80.81,0.00,8.08,1.01,0.00,2.02,0.00,0.00,0.00,8.08
02:51:16,5,79.80,0.00,9.09,0.00,0.00,2.02,0.00,0.00,0.00,9.09
02:51:16,6,81.00,0.00,7.00,0.00,0.00,3.00,0.00,0.00,0.00,9.00
02:51:16,7,79.00,0.00,10.00,0.00,0.00,2.00,0.00,0.00,0.00,9.00
02:51:16,12,79.21,0.00,8.91,0.00,0.00,2.97,0.00,0.00,0.00,8.91
02:51:16,13,78.57,0.00,10.20,0.00,0.00,2.04,0.00,0.00,0.00,9.18
02:51:16,14,78.22,0.00,8.91,0.00,0.00,3.96,0.00,0.00,0.00,8.91
02:51:16,15,80.00,0.00,9.00,0.00,0.00,2.00,0.00,0.00,0.00,9.00
02:51:17,4,82.00,0.00,9.00,0.00,0.00,3.00,0.00,0.00,0.00,6.00
02:51:17,5,80.61,0.00,9.18,0.00,0.00,3.06,0.00,0.00,0.00,7.14
02:51:17,6,82.00,0.00,9.00,0.00,0.00,2.00,0.00,0.00,0.00,7.00
02:51:17,7,80.81,0.00,9.09,0.00,0.00,3.03,0.00,0.00,0.00,7.07
02:51:17,12,78.00,0.00,12.00,0.00,0.00,3.00,0.00,0.00,0.00,7.00
02:51:17,13,82.00,0.00,9.00,0.00,0.00,2.00,0.00,0.00,0.00,7.00
02:51:17,14,80.81,0.00,10.10,0.00,0.00,2.02,0.00,0.00,0.00,7.07
02:51:17,15,84.85,0.00,6.06,0.00,0.00,2.02,0.00,0.00,0.00,7.07
02:51:18,4,80.20,0.00,7.92,0.00,0.00,3.96,0.00,0.00,0.00,7.92
02:51:18,5,82.00,0.00,9.00,0.00,0.00,2.00,0.00,0.00,0.00,7.00
02:51:18,6,81.19,0.00,7.92,0.00,0.00,2.97,0.00,0.00,0.00,7.92
02:51:18,7,82.00,0.00,8.00,0.00,0.00,2.00,0.00,0.00,0.00,8.00
02:51:18,12,81.82,0.00,8.08,0.00,0.00,3.03,0.00,0.00,0.00,7.07
02:51:18,13,80.20,0.00,8.91,0.00,0.00,2.97,0.00,0.00,0.00,7.92
02:51:18,14,80.00,0.00,8.00,0.00,0.00,4.00,0.00,0.00,0.00,8.00
02:51:18,15,82.00,0.00,7.00,0.00,0.00,3.00,0.00,0.00,0.00,8.00
02:51:19,4,82.83,0.00,8.08,0.00,0.00,2.02,0.00,0.00,0.00,7.07
02:51:19,5,82.00,0.00,8.00,0.00,0.00,3.00,0.00,0.00,0.00,7.00
02:51:19,6,82.83,0.00,8.08,0.00,0.00,2.02,0.00,0.00,0.00,7.07
02:51:19,7,80.20,0.00,8.91,0.00,0.00,3.96,0.00,0.00,0.00,6.93
02:51:19,12,80.81,0.00,8.08,0.00,0.00,3.03,0.00,0.00,0.00,8.08
02:51:19,13,80.81,0.00,9.09,0.00,0.00,3.03,0.00,0.00,0.00,7.07
02:51:19,14,80.81,0.00,10.10,0.00,0.00,2.02,0.00,0.00,0.00,7.07
02:51:19,15,80.00,0.00,9.00,0.00,0.00,3.00,0.00,0.00,0.00,8.00
02:51:20,4,82.65,0.00,8.16,0.00,0.00,3.06,0.00,0.00,0.00,6.12
02:51:20,5,81.00,0.00,10.00,0.00,0.00,3.00,0.00,0.00,0.00,6.00
02:51:20,6,83.00,0.00,9.00,0.00,0.00,2.00,0.00,0.00,0.00,6.00
02:51:20,7,81.82,0.00,8.08,0.00,0.00,3.03,0.00,0.00,0.00,7.07
02:51:20,12,81.63,0.00,10.20,0.00,0.00,3.06,0.00,0.00,0.00,5.10
02:51:20,13,83.00,0.00,9.00,0.00,0.00,2.00,0.00,0.00,0.00,6.00
02:51:20,14,82.00,0.00,8.00,0.00,0.00,3.00,0.00,0.00,0.00,7.00
02:51:20,15,82.83,0.00,8.08,0.00,0.00,3.03,0.00,0.00,0.00,6.06
02:51:21,4,81.00,0.00,9.00,0.00,0.00,2.00,0.00,0.00,0.00,8.00
02:51:21,5,82.65,0.00,8.16,0.00,0.00,1.02,0.00,0.00,0.00,8.16
02:51:21,6,81.82,0.00,8.08,0.00,0.00,2.02,0.00,0.00,0.00,8.08
02:51:21,7,82.47,0.00,7.22,0.00,0.00,2.06,0.00,0.00,0.00,8.25
02:51:21,12,82.00,0.00,7.00,0.00,0.00,3.00,0.00,0.00,0.00,8.00
02:51:21,13,81.82,0.00,7.07,0.00,0.00,3.03,0.00,0.00,0.00,8.08
02:51:21,14,82.83,0.00,8.08,0.00,0.00,2.02,0.00,0.00,0.00,7.07
02:51:21,15,83.00,0.00,7.00,0.00,0.00,2.00,0.00,0.00,0.00,8.00
02:51:22,4,80.00,0.00,8.00,0.00,0.00,3.00,0.00,0.00,0.00,9.00
02:51:22,5,79.00,0.00,9.00,0.00,0.00,3.00,0.00,0.00,0.00,9.00
02:51:22,6,80.81,0.00,8.08,0.00,0.00,2.02,0.00,0.00,0.00,9.09
02:51:22,7,81.00,0.00,8.00,0.00,0.00,2.00,0.00,0.00,0.00,9.00
02:51:22,12,80.81,0.00,8.08,0.00,0.00,2.02,0.00,0.00,0.00,9.09
02:51:22,13,80.81,0.00,7.07,0.00,0.00,3.03,0.00,0.00,0.00,9.09
02:51:22,14,79.00,0.00,8.00,0.00,0.00,3.00,0.00,0.00,0.00,10.00
02:51:22,15,81.00,0.00,7.00,0.00,0.00,3.00,0.00,0.00,0.00,9.00
02:51:23,4,81.00,0.00,8.00,0.00,0.00,3.00,0.00,0.00,0.00,8.00
02:51:23,5,81.00,0.00,8.00,0.00,0.00,2.00,0.00,0.00,0.00,9.00
02:51:23,6,81.63,0.00,7.14,0.00,0.00,3.06,0.00,0.00,0.00,8.16
02:51:23,7,81.00,0.00,7.00,0.00,0.00,3.00,0.00,0.00,0.00,9.00
02:51:23,12,79.00,0.00,9.00,0.00,0.00,3.00,0.00,0.00,0.00,9.00
02:51:23,13,79.00,0.00,9.00,0.00,0.00,3.00,0.00,0.00,0.00,9.00
02:51:23,14,78.00,0.00,10.00,0.00,0.00,3.00,0.00,0.00,0.00,9.00
02:51:23,15,81.00,0.00,8.00,0.00,0.00,2.00,0.00,0.00,0.00,9.00
02:51:24,4,79.80,0.00,10.10,0.00,0.00,3.03,0.00,0.00,0.00,7.07
02:51:24,5,81.63,0.00,10.20,0.00,0.00,2.04,0.00,0.00,0.00,6.12
02:51:24,6,79.41,0.00,9.80,0.00,0.00,2.94,0.00,0.00,0.00,7.84
02:51:24,7,83.00,0.00,7.00,0.00,0.00,2.00,0.00,0.00,0.00,8.00
02:51:24,12,81.82,0.00,9.09,0.00,0.00,2.02,0.00,0.00,0.00,7.07
02:51:24,13,80.81,0.00,8.08,0.00,0.00,4.04,0.00,0.00,0.00,7.07
02:51:24,14,82.83,0.00,8.08,0.00,0.00,2.02,0.00,0.00,0.00,7.07
02:51:24,15,81.82,0.00,8.08,0.00,0.00,2.02,0.00,0.00,0.00,8.08
02:51:25,4,82.83,0.00,9.09,0.00,0.00,2.02,0.00,0.00,0.00,6.06
02:51:25,5,79.80,0.00,9.09,0.00,0.00,4.04,0.00,0.00,0.00,7.07
02:51:25,6,81.82,0.00,9.09,0.00,0.00,3.03,0.00,0.00,0.00,6.06
02:51:25,7,80.81,0.00,9.09,0.00,0.00,4.04,0.00,0.00,0.00,6.06
02:51:25,12,82.65,0.00,10.20,0.00,0.00,1.02,0.00,0.00,0.00,6.12
02:51:25,13,81.82,0.00,9.09,0.00,0.00,3.03,0.00,0.00,0.00,6.06
02:51:25,14,83.67,0.00,8.16,0.00,0.00,2.04,0.00,0.00,0.00,6.12
02:51:25,15,82.18,0.00,8.91,0.00,0.00,2.97,0.00,0.00,0.00,5.94
02:51:26,4,83.00,0.00,8.00,0.00,0.00,2.00,0.00,0.00,0.00,7.00
02:51:26,5,81.00,0.00,9.00,0.00,0.00,3.00,0.00,0.00,0.00,7.00
02:51:26,6,81.63,0.00,8.16,0.00,0.00,3.06,0.00,0.00,0.00,7.14
02:51:26,7,81.00,0.00,8.00,0.00,0.00,3.00,0.00,0.00,0.00,8.00
02:51:26,12,82.83,0.00,8.08,0.00,0.00,2.02,0.00,0.00,0.00,7.07
02:51:26,13,82.00,0.00,8.00,0.00,0.00,2.00,0.00,0.00,0.00,8.00
02:51:26,14,81.19,0.00,8.91,0.00,0.00,1.98,0.00,0.00,0.00,7.92
02:51:26,15,82.65,0.00,8.16,0.00,0.00,2.04,0.00,0.00,0.00,7.14
02:51:27,4,79.80,0.00,9.09,0.00,0.00,3.03,0.00,0.00,0.00,8.08
02:51:27,5,81.00,0.00,9.00,0.00,0.00,2.00,0.00,0.00,0.00,8.00
02:51:27,6,80.20,0.00,8.91,0.00,0.00,2.97,0.00,0.00,0.00,7.92
02:51:27,7,82.83,0.00,7.07,0.00,0.00,2.02,0.00,0.00,0.00,8.08
02:51:27,12,80.20,0.00,7.92,0.00,0.00,3.96,0.00,0.00,0.00,7.92
02:51:27,13,83.67,0.00,7.14,0.00,0.00,2.04,0.00,0.00,0.00,7.14
02:51:27,14,81.19,0.00,7.92,0.00,0.00,2.97,0.00,0.00,0.00,7.92
02:51:27,15,80.20,0.00,7.92,0.00,0.00,2.97,0.00,0.00,0.00,8.91
02:51:28,4,81.82,0.00,7.07,0.00,0.00,3.03,0.00,0.00,0.00,8.08
02:51:28,5,80.81,0.00,8.08,0.00,0.00,4.04,0.00,0.00,0.00,7.07
02:51:28,6,81.82,0.00,8.08,0.00,0.00,2.02,0.00,0.00,0.00,8.08
02:51:28,7,79.00,0.00,9.00,0.00,0.00,3.00,0.00,0.00,0.00,9.00
02:51:28,12,81.82,0.00,9.09,0.00,0.00,1.01,0.00,0.00,0.00,8.08
02:51:28,13,79.00,0.00,10.00,0.00,0.00,3.00,0.00,0.00,0.00,8.00
02:51:28,14,82.83,0.00,7.07,0.00,0.00,2.02,0.00,0.00,0.00,8.08
02:51:28,15,81.00,0.00,8.00,0.00,0.00,3.00,0.00,0.00,0.00,8.00
02:51:29,4,82.65,0.00,8.16,0.00,0.00,2.04,0.00,0.00,0.00,7.14
02:51:29,5,80.00,0.00,9.00,0.00,0.00,3.00,0.00,0.00,0.00,8.00
02:51:29,6,80.00,0.00,9.00,0.00,0.00,3.00,0.00,0.00,0.00,8.00
02:51:29,7,81.82,0.00,9.09,0.00,0.00,2.02,0.00,0.00,0.00,7.07
02:51:29,12,81.63,0.00,8.16,0.00,0.00,3.06,0.00,0.00,0.00,7.14
02:51:29,13,81.00,0.00,9.00,0.00,0.00,3.00,0.00,0.00,0.00,7.00
02:51:29,14,82.00,0.00,8.00,0.00,0.00,3.00,0.00,0.00,0.00,7.00
02:51:29,15,80.20,0.00,8.91,0.00,0.00,2.97,0.00,0.00,0.00,7.92
02:51:30,4,79.41,0.00,9.80,0.00,0.00,3.92,0.00,0.00,0.00,6.86
02:51:30,5,81.63,0.00,9.18,0.00,0.00,3.06,0.00,0.00,0.00,6.12
02:51:30,6,82.83,0.00,8.08,0.00,0.00,3.03,0.00,0.00,0.00,6.06
02:51:30,7,81.00,0.00,9.00,0.00,0.00,3.00,0.00,0.00,0.00,7.00
02:51:30,12,81.00,0.00,9.00,0.00,0.00,3.00,0.00,0.00,0.00,7.00
02:51:30,13,80.00,0.00,11.00,0.00,0.00,2.00,0.00,0.00,0.00,7.00
02:51:30,14,81.82,0.00,10.10,0.00,0.00,2.02,0.00,0.00,0.00,6.06
02:51:30,15,82.83,0.00,9.09,0.00,0.00,2.02,0.00,0.00,0.00,6.06
02:51:31,4,80.81,0.00,9.09,0.00,0.00,2.02,0.00,0.00,0.00,8.08
02:51:31,5,79.80,0.00,10.10,0.00,0.00,2.02,0.00,0.00,0.00,8.08
02:51:31,6,80.20,0.00,7.92,0.00,0.00,2.97,0.00,0.00,0.00,8.91
02:51:31,7,82.00,0.00,7.00,0.00,0.00,3.00,0.00,0.00,0.00,8.00
02:51:31,12,80.81,0.00,9.09,0.00,0.00,2.02,0.00,0.00,0.00,8.08
02:51:31,13,82.83,0.00,7.07,0.00,0.00,2.02,0.00,0.00,0.00,8.08
02:51:31,14,80.00,0.00,9.00,0.00,0.00,3.00,0.00,0.00,0.00,8.00
02:51:31,15,81.00,0.00,8.00,0.00,0.00,2.00,0.00,0.00,0.00,9.00
02:51:32,4,82.83,0.00,8.08,0.00,0.00,2.02,0.00,0.00,0.00,7.07
02:51:32,5,80.00,0.00,9.00,0.00,0.00,3.00,0.00,0.00,0.00,8.00
02:51:32,6,81.82,0.00,9.09,0.00,0.00,2.02,0.00,0.00,0.00,7.07
02:51:32,7,82.00,0.00,7.00,0.00,0.00,3.00,0.00,0.00,0.00,8.00
02:51:32,12,80.20,0.00,8.91,0.00,0.00,2.97,0.00,0.00,0.00,7.92
02:51:32,13,82.00,0.00,8.00,0.00,0.00,2.00,0.00,0.00,0.00,8.00
02:51:32,14,84.85,0.00,6.06,0.00,0.00,2.02,0.00,0.00,0.00,7.07
02:51:32,15,80.00,0.00,9.00,0.00,0.00,3.00,0.00,0.00,0.00,8.00
02:51:33,4,81.82,0.00,8.08,0.00,0.00,3.03,0.00,0.00,0.00,7.07
02:51:33,5,77.78,0.00,12.12,0.00,0.00,3.03,0.00,0.00,0.00,7.07
02:51:33,6,81.63,0.00,9.18,0.00,0.00,2.04,0.00,0.00,0.00,7.14
02:51:33,7,81.00,0.00,9.00,0.00,0.00,2.00,0.00,0.00,0.00,8.00
02:51:33,12,80.61,0.00,9.18,0.00,0.00,3.06,0.00,0.00,0.00,7.14
02:51:33,13,80.81,0.00,10.10,0.00,0.00,2.02,0.00,0.00,0.00,7.07
02:51:33,14,81.19,0.00,7.92,0.00,0.00,2.97,0.00,0.00,0.00,7.92
02:51:33,15,80.81,0.00,8.08,0.00,0.00,4.04,0.00,0.00,0.00,7.07
02:51:34,4,82.00,0.00,8.00,0.00,0.00,3.00,0.00,0.00,0.00,7.00
02:51:34,5,82.83,0.00,8.08,0.00,0.00,3.03,0.00,0.00,0.00,6.06
02:51:34,6,84.00,0.00,8.00,0.00,0.00,2.00,0.00,0.00,0.00,6.00
02:51:34,7,83.67,0.00,8.16,0.00,0.00,2.04,0.00,0.00,0.00,6.12
02:51:34,12,83.00,0.00,7.00,0.00,0.00,3.00,0.00,0.00,0.00,7.00
02:51:34,13,81.63,0.00,9.18,0.00,0.00,3.06,0.00,0.00,0.00,6.12
02:51:34,14,83.84,0.00,7.07,0.00,0.00,2.02,0.00,0.00,0.00,7.07
02:51:34,15,81.63,0.00,8.16,0.00,0.00,3.06,0.00,0.00,0.00,7.14
02:51:35,4,81.19,0.00,8.91,0.00,0.00,2.97,0.00,0.00,0.00,6.93
02:51:35,5,80.00,0.00,11.00,0.00,0.00,2.00,0.00,0.00,0.00,7.00
02:51:35,6,79.21,0.00,8.91,0.00,0.00,3.96,0.00,0.00,0.00,7.92
02:51:35,7,82.00,0.00,8.00,0.00,0.00,3.00,0.00,0.00,0.00,7.00
02:51:35,12,81.82,0.00,8.08,0.00,0.00,3.03,0.00,0.00,0.00,7.07
02:51:35,13,81.19,0.00,8.91,0.00,0.00,2.97,0.00,0.00,0.00,6.93
02:51:35,14,79.80,0.00,11.11,0.00,0.00,3.03,0.00,0.00,0.00,6.06
02:51:35,15,80.20,0.00,9.90,0.00,0.00,1.98,0.00,0.00,0.00,7.92
02:51:36,4,81.63,0.00,8.16,0.00,0.00,3.06,0.00,0.00,0.00,7.14
02:51:36,5,80.81,0.00,9.09,0.00,0.00,3.03,0.00,0.00,0.00,7.07
02:51:36,6,81.44,0.00,8.25,0.00,0.00,2.06,0.00,0.00,0.00,8.25
02:51:36,7,79.00,0.00,10.00,0.00,0.00,2.00,0.00,0.00,0.00,9.00
02:51:36,12,81.00,0.00,9.00,0.00,0.00,3.00,0.00,0.00,0.00,7.00
02:51:36,13,80.81,0.00,8.08,0.00,0.00,3.03,0.00,0.00,0.00,8.08
02:51:36,14,80.00,0.00,9.00,0.00,0.00,3.00,0.00,0.00,0.00,8.00
02:51:36,15,80.81,0.00,9.09,0.00,0.00,2.02,0.00,0.00,0.00,8.08
02:51:37,4,82.00,0.00,8.00,0.00,0.00,3.00,0.00,0.00,0.00,7.00
02:51:37,5,81.00,0.00,9.00,0.00,0.00,3.00,0.00,0.00,0.00,7.00
02:51:37,6,81.82,0.00,8.08,0.00,0.00,4.04,0.00,0.00,0.00,6.06
02:51:37,7,80.61,0.00,10.20,0.00,0.00,3.06,0.00,0.00,0.00,6.12
02:51:37,12,81.00,0.00,9.00,0.00,0.00,3.00,0.00,0.00,0.00,7.00
02:51:37,13,82.00,0.00,9.00,0.00,0.00,2.00,0.00,0.00,0.00,7.00
02:51:37,14,83.67,0.00,7.14,0.00,0.00,2.04,0.00,0.00,0.00,7.14
02:51:37,15,82.65,0.00,9.18,0.00,0.00,2.04,0.00,0.00,0.00,6.12
02:51:38,4,81.82,0.00,9.09,0.00,0.00,2.02,0.00,0.00,0.00,7.07
02:51:38,5,79.80,0.00,11.11,0.00,0.00,2.02,0.00,0.00,0.00,7.07
02:51:38,6,83.00,0.00,8.00,0.00,0.00,2.00,0.00,0.00,0.00,7.00
02:51:38,7,79.21,0.00,9.90,0.00,0.00,2.97,0.00,0.00,0.00,7.92
02:51:38,12,82.00,0.00,8.00,0.00,0.00,2.00,0.00,0.00,0.00,8.00
02:51:38,13,83.00,0.00,7.00,0.00,0.00,3.00,0.00,0.00,0.00,7.00
02:51:38,14,83.00,0.00,7.00,0.00,0.00,3.00,0.00,0.00,0.00,7.00
02:51:38,15,79.00,0.00,9.00,0.00,0.00,4.00,0.00,0.00,0.00,8.00
02:51:39,4,80.20,0.00,8.91,0.00,0.00,2.97,0.00,0.00,0.00,7.92
02:51:39,5,80.81,0.00,8.08,0.00,0.00,3.03,0.00,0.00,0.00,8.08
02:51:39,6,79.80,0.00,9.09,0.00,0.00,3.03,0.00,0.00,0.00,8.08
02:51:39,7,81.63,0.00,7.14,0.00,0.00,3.06,0.00,0.00,0.00,8.16
02:51:39,12,80.00,0.00,9.00,0.00,0.00,3.00,0.00,0.00,0.00,8.00
02:51:39,13,79.80,0.00,9.09,0.00,0.00,2.02,0.00,0.00,0.00,9.09
02:51:39,14,80.00,0.00,9.00,0.00,0.00,3.00,0.00,0.00,0.00,8.00
02:51:39,15,82.65,0.00,7.14,0.00,0.00,2.04,0.00,0.00,0.00,8.16
02:51:40,4,81.63,0.00,8.16,0.00,0.00,2.04,0.00,0.00,0.00,8.16
02:51:40,5,79.80,0.00,9.09,0.00,0.00,3.03,0.00,0.00,0.00,8.08
02:51:40,6,79.00,0.00,9.00,0.00,0.00,3.00,0.00,0.00,0.00,9.00
02:51:40,7,81.00,0.00,8.00,0.00,0.00,2.00,0.00,0.00,0.00,9.00
02:51:40,12,79.59,0.00,9.18,0.00,0.00,3.06,0.00,0.00,0.00,8.16
02:51:40,13,78.79,0.00,10.10,0.00,0.00,3.03,0.00,0.00,0.00,8.08
02:51:40,14,81.00,0.00,7.00,0.00,0.00,3.00,0.00,0.00,0.00,9.00
02:51:40,15,79.00,0.00,9.00,0.00,0.00,3.00,0.00,0.00,0.00,9.00
02:51:41,4,82.00,0.00,8.00,0.00,0.00,3.00,0.00,0.00,0.00,7.00
02:51:41,5,83.00,0.00,8.00,0.00,0.00,2.00,0.00,0.00,0.00,7.00
02:51:41,6,83.00,0.00,8.00,0.00,0.00,2.00,0.00,0.00,0.00,7.00
02:51:41,7,82.00,0.00,9.00,0.00,0.00,2.00,0.00,0.00,0.00,7.00
02:51:41,12,81.19,0.00,8.91,0.00,0.00,2.97,0.00,0.00,0.00,6.93
02:51:41,13,81.63,0.00,9.18,0.00,0.00,3.06,0.00,0.00,0.00,6.12
02:51:41,14,82.00,0.00,10.00,0.00,0.00,2.00,0.00,0.00,0.00,6.00
02:51:41,15,82.00,0.00,8.00,0.00,0.00,3.00,0.00,0.00,0.00,7.00
02:51:42,4,81.00,0.00,9.00,0.00,0.00,4.00,0.00,0.00,0.00,6.00
02:51:42,5,81.19,0.00,9.90,0.00,0.00,2.97,0.00,0.00,0.00,5.94
02:51:42,6,82.00,0.00,9.00,0.00,0.00,3.00,0.00,0.00,0.00,6.00
02:51:42,7,80.00,0.00,10.00,0.00,0.00,3.00,0.00,0.00,0.00,7.00
02:51:42,12,82.00,0.00,9.00,0.00,0.00,2.00,0.00,0.00,0.00,7.00
02:51:42,13,82.00,0.00,8.00,0.00,0.00,3.00,0.00,0.00,0.00,7.00
02:51:42,14,81.19,0.00,8.91,0.00,0.00,2.97,0.00,0.00,0.00,6.93
02:51:42,15,81.00,0.00,9.00,0.00,0.00,3.00,0.00,0.00,0.00,7.00
02:51:43,4,81.00,0.00,9.00,0.00,0.00,2.00,0.00,0.00,0.00,8.00
02:51:43,5,82.65,0.00,7.14,0.00,0.00,2.04,0.00,0.00,0.00,8.16
02:51:43,6,77.55,0.00,12.24,0.00,0.00,2.04,0.00,0.00,0.00,8.16
02:51:43,7,81.82,0.00,9.09,0.00,0.00,1.01,0.00,0.00,0.00,8.08
02:51:43,12,82.65,0.00,6.12,0.00,0.00,3.06,0.00,0.00,0.00,8.16
02:51:43,13,77.78,0.00,11.11,0.00,0.00,3.03,0.00,0.00,0.00,8.08
02:51:43,14,80.81,0.00,10.10,0.00,0.00,2.02,0.00,0.00,0.00,7.07
02:51:43,15,82.65,0.00,6.12,0.00,0.00,3.06,0.00,0.00,0.00,8.16
02:51:44,4,82.83,0.00,7.07,0.00,0.00,3.03,0.00,0.00,0.00,7.07
02:51:44,5,80.00,0.00,9.00,0.00,0.00,3.00,0.00,0.00,0.00,8.00
02:51:44,6,82.83,0.00,7.07,0.00,0.00,2.02,0.00,0.00,0.00,8.08
02:51:44,7,81.00,0.00,7.00,0.00,0.00,4.00,0.00,0.00,0.00,8.00
02:51:44,12,81.82,0.00,9.09,0.00,0.00,2.02,0.00,0.00,0.00,7.07
02:51:44,13,82.18,0.00,6.93,0.00,0.00,2.97,0.00,0.00,0.00,7.92
02:51:44,14,81.19,0.00,7.92,0.00,0.00,2.97,0.00,0.00,0.00,7.92
02:51:44,15,81.19,0.00,7.92,0.00,0.00,2.97,0.00,0.00,0.00,7.92
02:51:45,4,83.00,0.00,8.00,0.00,0.00,2.00,0.00,0.00,0.00,7.00
02:51:45,5,83.00,0.00,7.00,0.00,0.00,3.00,0.00,0.00,0.00,7.00
02:51:45,6,84.00,0.00,7.00,0.00,0.00,2.00,0.00,0.00,0.00,7.00
02:51:45,7,81.63,0.00,9.18,0.00,0.00,2.04,0.00,0.00,0.00,7.14
02:51:45,12,80.00,0.00,9.00,0.00,0.00,3.00,0.00,0.00,0.00,8.00
02:51:45,13,82.47,0.00,9.28,0.00,0.00,1.03,0.00,0.00,0.00,7.22
02:51:45,14,81.00,0.00,9.00,0.00,0.00,3.00,0.00,0.00,0.00,7.00
02:51:45,15,82.00,0.00,7.00,0.00,0.00,3.00,0.00,0.00,0.00,8.00
02:51:46,4,82.00,0.00,8.00,0.00,0.00,3.00,0.00,0.00,0.00,7.00
02:51:46,5,83.00,0.00,9.00,0.00,0.00,2.00,0.00,0.00,0.00,6.00
02:51:46,6,82.83,0.00,8.08,0.00,0.00,3.03,0.00,0.00,0.00,6.06
02:51:46,7,81.19,0.00,7.92,0.00,0.00,3.96,0.00,0.00,0.00,6.93
02:51:46,12,82.00,0.00,10.00,0.00,0.00,2.00,0.00,0.00,0.00,6.00
02:51:46,13,79.21,0.00,9.90,0.00,0.00,3.96,0.00,0.00,0.00,6.93
02:51:46,14,82.83,0.00,8.08,0.00,0.00,2.02,0.00,0.00,0.00,7.07
02:51:46,15,83.84,0.00,8.08,0.00,0.00,2.02,0.00,0.00,0.00,6.06
02:51:47,4,79.59,0.00,10.20,0.00,0.00,3.06,0.00,0.00,0.00,7.14
02:51:47,5,82.65,0.00,8.16,0.00,0.00,2.04,0.00,0.00,0.00,7.14
02:51:47,6,80.00,0.00,9.00,0.00,0.00,2.00,0.00,0.00,0.00,9.00
02:51:47,7,80.00,0.00,9.00,0.00,0.00,3.00,0.00,0.00,0.00,8.00
02:51:47,12,79.80,0.00,9.09,0.00,0.00,3.03,0.00,0.00,0.00,8.08
02:51:47,13,80.81,0.00,8.08,0.00,0.00,3.03,0.00,0.00,0.00,8.08
02:51:47,14,82.65,0.00,7.14,0.00,0.00,3.06,0.00,0.00,0.00,7.14
02:51:47,15,82.83,0.00,7.07,0.00,0.00,2.02,0.00,0.00,0.00,8.08
02:51:48,4,81.37,0.00,8.82,0.00,0.00,1.96,0.00,0.00,0.00,7.84
02:51:48,5,82.00,0.00,7.00,0.00,0.00,3.00,0.00,0.00,0.00,8.00
02:51:48,6,79.59,0.00,9.18,0.00,0.00,4.08,0.00,0.00,0.00,7.14
02:51:48,7,83.67,0.00,6.12,0.00,0.00,2.04,0.00,0.00,0.00,8.16
02:51:48,12,83.67,0.00,7.14,0.00,0.00,2.04,0.00,0.00,0.00,7.14
02:51:48,13,80.81,0.00,9.09,0.00,0.00,3.03,0.00,0.00,0.00,7.07
02:51:48,14,79.41,0.00,8.82,0.00,0.00,3.92,0.00,0.00,0.00,7.84
02:51:48,15,81.00,0.00,9.00,0.00,0.00,2.00,0.00,0.00,0.00,8.00
02:51:49,4,83.00,0.00,6.00,0.00,0.00,3.00,0.00,0.00,0.00,8.00
02:51:49,5,81.44,0.00,9.28,0.00,0.00,2.06,0.00,0.00,0.00,7.22
02:51:49,6,79.80,0.00,9.09,0.00,0.00,3.03,0.00,0.00,0.00,8.08
02:51:49,7,81.63,0.00,7.14,0.00,0.00,3.06,0.00,0.00,0.00,8.16
02:51:49,12,80.61,0.00,9.18,0.00,0.00,2.04,0.00,0.00,0.00,8.16
02:51:49,13,81.63,0.00,7.14,0.00,0.00,3.06,0.00,0.00,0.00,8.16
02:51:49,14,80.81,0.00,8.08,0.00,0.00,3.03,0.00,0.00,0.00,8.08
02:51:49,15,78.00,0.00,10.00,0.00,0.00,3.00,0.00,0.00,0.00,9.00
02:51:50,4,83.51,0.00,7.22,0.00,0.00,2.06,0.00,0.00,0.00,7.22
02:51:50,5,79.21,0.00,8.91,0.00,0.00,3.96,0.00,0.00,0.00,7.92
02:51:50,6,81.00,0.00,8.00,0.00,0.00,3.00,0.00,0.00,0.00,8.00
02:51:50,7,80.20,0.00,8.91,0.00,0.00,2.97,0.00,0.00,0.00,7.92
02:51:50,12,80.81,0.00,9.09,0.00,0.00,2.02,0.00,0.00,0.00,8.08
02:51:50,13,80.00,0.00,9.00,0.00,0.00,3.00,0.00,0.00,0.00,8.00
02:51:50,14,80.00,0.00,9.00,0.00,0.00,3.00,0.00,0.00,0.00,8.00
02:51:50,15,81.63,0.00,9.18,0.00,0.00,2.04,0.00,0.00,0.00,7.14
02:51:51,4,81.00,0.00,8.00,0.00,0.00,3.00,0.00,0.00,0.00,8.00
02:51:51,5,80.81,0.00,9.09,0.00,0.00,2.02,0.00,0.00,0.00,8.08
02:51:51,6,79.80,0.00,10.10,0.00,0.00,2.02,0.00,0.00,0.00,8.08
02:51:51,7,80.81,0.00,8.08,0.00,0.00,2.02,0.00,0.00,0.00,9.09
02:51:51,12,81.00,0.00,7.00,0.00,0.00,3.00,0.00,0.00,0.00,9.00
02:51:51,13,79.00,0.00,10.00,0.00,0.00,3.00,0.00,0.00,0.00,8.00
02:51:51,14,80.81,0.00,9.09,0.00,0.00,2.02,0.00,0.00,0.00,8.08
02:51:51,15,79.21,0.00,8.91,0.00,0.00,2.97,0.00,0.00,0.00,8.91
02:51:52,4,82.00,0.00,7.00,0.00,0.00,2.00,0.00,0.00,0.00,9.00
02:51:52,5,82.83,0.00,7.07,0.00,0.00,2.02,0.00,0.00,0.00,8.08
02:51:52,6,79.80,0.00,8.08,0.00,0.00,3.03,0.00,0.00,0.00,9.09
02:51:52,7,80.00,0.00,8.00,0.00,0.00,3.00,0.00,0.00,0.00,9.00
02:51:52,12,79.80,0.00,9.09,0.00,0.00,3.03,0.00,0.00,0.00,8.08
02:51:52,13,81.63,0.00,8.16,0.00,0.00,2.04,0.00,0.00,0.00,8.16
02:51:52,14,81.00,0.00,8.00,0.00,0.00,2.00,0.00,0.00,0.00,9.00
02:51:52,15,79.00,0.00,9.00,0.00,0.00,3.00,0.00,0.00,0.00,9.00
02:51:53,4,81.00,0.00,9.00,0.00,0.00,3.00,0.00,0.00,0.00,7.00
02:51:53,5,80.81,0.00,8.08,0.00,0.00,3.03,0.00,0.00,0.00,8.08
02:51:53,6,80.81,0.00,9.09,0.00,0.00,3.03,0.00,0.00,0.00,7.07
02:51:53,7,78.43,0.00,10.78,0.00,0.00,2.94,0.00,0.00,0.00,7.84
02:51:53,12,79.21,0.00,9.90,0.00,0.00,2.97,0.00,0.00,0.00,7.92
02:51:53,13,81.19,0.00,8.91,0.00,0.00,1.98,0.00,0.00,0.00,7.92
02:51:53,14,82.65,0.00,8.16,0.00,0.00,2.04,0.00,0.00,0.00,7.14
02:51:53,15,81.82,0.00,9.09,0.00,0.00,2.02,0.00,0.00,0.00,7.07
02:51:54,4,83.00,0.00,7.00,0.00,0.00,3.00,0.00,0.00,0.00,7.00
02:51:54,5,80.81,0.00,10.10,0.00,0.00,3.03,0.00,0.00,0.00,6.06
02:51:54,6,82.00,0.00,9.00,0.00,0.00,2.00,0.00,0.00,0.00,7.00
02:51:54,7,80.81,0.00,9.09,0.00,0.00,3.03,0.00,0.00,0.00,7.07
02:51:54,12,82.65,0.00,8.16,0.00,0.00,2.04,0.00,0.00,0.00,7.14
02:51:54,13,83.84,0.00,8.08,0.00,0.00,2.02,0.00,0.00,0.00,6.06
02:51:54,14,81.82,0.00,9.09,0.00,0.00,2.02,0.00,0.00,0.00,7.07
02:51:54,15,80.81,0.00,9.09,0.00,0.00,3.03,0.00,0.00,0.00,7.07
02:51:55,4,81.00,0.00,9.00,0.00,0.00,2.00,0.00,0.00,0.00,8.00
02:51:55,5,80.00,0.00,10.00,0.00,0.00,3.00,0.00,0.00,0.00,7.00
02:51:55,6,80.81,0.00,8.08,0.00,0.00,3.03,0.00,0.00,0.00,8.08
02:51:55,7,80.61,0.00,9.18,0.00,0.00,3.06,0.00,0.00,0.00,7.14
02:51:55,12,80.81,0.00,8.08,0.00,0.00,3.03,0.00,0.00,0.00,8.08
02:51:55,13,81.82,0.00,8.08,0.00,0.00,2.02,0.00,0.00,0.00,8.08
02:51:55,14,79.21,0.00,8.91,0.00,0.00,3.96,0.00,0.00,0.00,7.92
02:51:55,15,79.21,0.00,8.91,0.00,0.00,2.97,0.00,0.00,0.00,8.91
02:51:56,4,81.82,0.00,9.09,0.00,0.00,3.03,0.00,0.00,0.00,6.06
02:51:56,5,83.67,0.00,9.18,0.00,0.00,1.02,0.00,0.00,0.00,6.12
02:51:56,6,80.81,0.00,9.09,0.00,0.00,4.04,0.00,0.00,0.00,6.06
02:51:56,7,82.00,0.00,8.00,0.00,0.00,3.00,0.00,0.00,0.00,7.00
02:51:56,12,84.69,0.00,7.14,0.00,0.00,2.04,0.00,0.00,0.00,6.12
02:51:56,13,82.18,0.00,7.92,0.00,0.00,2.97,0.00,0.00,0.00,6.93
02:51:56,14,82.47,0.00,9.28,0.00,0.00,2.06,0.00,0.00,0.00,6.19
02:51:56,15,84.69,0.00,8.16,0.00,0.00,1.02,0.00,0.00,0.00,6.12
02:51:57,4,81.00,0.00,10.00,0.00,0.00,2.00,0.00,0.00,0.00,7.00
02:51:57,5,80.81,0.00,9.09,0.00,0.00,3.03,0.00,0.00,0.00,7.07
02:51:57,6,81.00,0.00,9.00,0.00,0.00,3.00,0.00,0.00,0.00,7.00
02:51:57,7,80.61,0.00,9.18,0.00,0.00,2.04,0.00,0.00,0.00,8.16
02:51:57,12,81.19,0.00,8.91,0.00,0.00,2.97,0.00,0.00,0.00,6.93
02:51:57,13,81.82,0.00,8.08,0.00,0.00,3.03,0.00,0.00,0.00,7.07
02:51:57,14,82.00,0.00,8.00,0.00,0.00,3.00,0.00,0.00,0.00,7.00
02:51:57,15,80.00,0.00,10.00,0.00,0.00,2.00,0.00,0.00,0.00,8.00
02:51:58,4,81.82,0.00,7.07,0.00,0.00,3.03,0.00,0.00,0.00,8.08
02:51:58,5,83.00,0.00,7.00,0.00,0.00,2.00,0.00,0.00,0.00,8.00
02:51:58,6,80.81,0.00,8.08,0.00,0.00,2.02,0.00,0.00,0.00,9.09
02:51:58,7,80.81,0.00,9.09,0.00,0.00,2.02,0.00,0.00,0.00,8.08
02:51:58,12,81.82,0.00,7.07,0.00,0.00,3.03,0.00,0.00,0.00,8.08
02:51:58,13,80.81,0.00,10.10,0.00,0.00,1.01,0.00,0.00,0.00,8.08
02:51:58,14,81.19,0.00,7.92,0.00,0.00,1.98,0.00,0.00,0.00,8.91
02:51:58,15,81.19,0.00,6.93,0.00,0.00,2.97,0.00,0.00,0.00,8.91
02:51:59,4,81.00,0.00,9.00,0.00,0.00,3.00,0.00,0.00,0.00,7.00
02:51:59,5,81.00,0.00,8.00,0.00,0.00,3.00,0.00,0.00,0.00,8.00
02:51:59,6,80.20,0.00,9.90,0.00,0.00,2.97,0.00,0.00,0.00,6.93
02:51:59,7,80.20,0.00,7.92,0.00,0.00,3.96,0.00,0.00,0.00,7.92
02:51:59,12,80.00,0.00,9.00,0.00,0.00,3.00,0.00,0.00,0.00,8.00
02:51:59,13,82.00,0.00,8.00,0.00,0.00,2.00,0.00,0.00,0.00,8.00
02:51:59,14,81.82,0.00,8.08,0.00,0.00,3.03,0.00,0.00,0.00,7.07
02:51:59,15,81.82,0.00,8.08,0.00,0.00,3.03,0.00,0.00,0.00,7.07
02:52:00,4,82.00,0.00,8.00,0.00,0.00,3.00,0.00,0.00,0.00,7.00
02:52:00,5,80.81,0.00,9.09,0.00,0.00,3.03,0.00,0.00,0.00,7.07
02:52:00,6,79.59,0.00,11.22,0.00,0.00,2.04,0.00,0.00,0.00,7.14
02:52:00,7,82.83,0.00,8.08,0.00,0.00,2.02,0.00,0.00,0.00,7.07
02:52:00,12,82.83,0.00,8.08,0.00,0.00,2.02,0.00,0.00,0.00,7.07
02:52:00,13,81.82,0.00,8.08,0.00,0.00,4.04,0.00,0.00,0.00,6.06
02:52:00,14,81.82,0.00,9.09,0.00,0.00,2.02,0.00,0.00,0.00,7.07
02:52:00,15,81.82,0.00,8.08,0.00,0.00,2.02,0.00,0.00,0.00,8.08
02:52:01,4,78.79,0.00,9.09,0.00,0.00,2.02,0.00,0.00,0.00,10.10
02:52:01,5,79.59,0.00,9.18,0.00,0.00,2.04,0.00,0.00,0.00,9.18
02:52:01,6,79.00,0.00,9.00,0.00,0.00,2.00,0.00,0.00,0.00,10.00
02:52:01,7,78.00,0.00,10.00,0.00,0.00,2.00,0.00,0.00,0.00,10.00
02:52:01,12,79.80,0.00,8.08,1.01,0.00,2.02,0.00,0.00,0.00,9.09
02:52:01,13,81.63,0.00,7.14,0.00,0.00,1.02,0.00,0.00,0.00,10.20
02:52:01,14,77.78,0.00,9.09,0.00,0.00,3.03,0.00,0.00,0.00,10.10
02:52:01,15,78.57,0.00,8.16,0.00,0.00,3.06,0.00,0.00,0.00,10.20
02:52:02,4,81.82,0.00,9.09,0.00,0.00,3.03,0.00,0.00,0.00,6.06
02:52:02,5,82.83,0.00,8.08,0.00,0.00,2.02,0.00,0.00,0.00,7.07
02:52:02,6,82.83,0.00,8.08,0.00,0.00,3.03,0.00,0.00,0.00,6.06
02:52:02,7,81.82,0.00,9.09,0.00,0.00,2.02,0.00,0.00,0.00,7.07
02:52:02,12,80.81,0.00,10.10,0.00,0.00,2.02,0.00,0.00,0.00,7.07
02:52:02,13,82.00,0.00,9.00,0.00,0.00,3.00,0.00,0.00,0.00,6.00
02:52:02,14,83.00,0.00,8.00,0.00,0.00,2.00,0.00,0.00,0.00,7.00
02:52:02,15,81.44,0.00,9.28,0.00,0.00,3.09,0.00,0.00,0.00,6.19
02:52:03,4,82.65,0.00,7.14,0.00,0.00,2.04,0.00,0.00,0.00,8.16
02:52:03,5,80.20,0.00,9.90,0.00,0.00,1.98,0.00,0.00,0.00,7.92
02:52:03,6,81.00,0.00,8.00,0.00,0.00,3.00,0.00,0.00,0.00,8.00
02:52:03,7,80.00,0.00,9.00,0.00,0.00,3.00,0.00,0.00,0.00,8.00
02:52:03,12,82.00,0.00,8.00,0.00,0.00,2.00,0.00,0.00,0.00,8.00
02:52:03,13,79.80,0.00,10.10,0.00,0.00,2.02,0.00,0.00,0.00,8.08
02:52:03,14,79.80,0.00,9.09,0.00,0.00,3.03,0.00,0.00,0.00,8.08
02:52:03,15,80.00,0.00,9.00,0.00,0.00,3.00,0.00,0.00,0.00,8.00
02:52:04,4,79.21,0.00,9.90,0.00,0.00,2.97,0.00,0.00,0.00,7.92
02:52:04,5,80.81,0.00,10.10,0.00,0.00,3.03,0.00,0.00,0.00,6.06
02:52:04,6,82.00,0.00,9.00,0.00,0.00,2.00,0.00,0.00,0.00,7.00
02:52:04,7,81.00,0.00,9.00,0.00,0.00,3.00,0.00,0.00,0.00,7.00
02:52:04,12,80.81,0.00,9.09,0.00,0.00,3.03,0.00,0.00,0.00,7.07
02:52:04,13,81.19,0.00,7.92,0.00,0.00,2.97,0.00,0.00,0.00,7.92
02:52:04,14,84.00,0.00,6.00,0.00,0.00,3.00,0.00,0.00,0.00,7.00
02:52:04,15,80.81,0.00,9.09,0.00,0.00,3.03,0.00,0.00,0.00,7.07
02:52:05,4,81.63,0.00,9.18,0.00,0.00,2.04,0.00,0.00,0.00,7.14
02:52:05,5,80.00,0.00,10.00,0.00,0.00,2.00,0.00,0.00,0.00,8.00
02:52:05,6,81.82,0.00,8.08,0.00,0.00,3.03,0.00,0.00,0.00,7.07
02:52:05,7,81.19,0.00,7.92,0.00,0.00,2.97,0.00,0.00,0.00,7.92
02:52:05,12,82.00,0.00,8.00,0.00,0.00,3.00,0.00,0.00,0.00,7.00
02:52:05,13,81.82,0.00,8.08,0.00,0.00,3.03,0.00,0.00,0.00,7.07
02:52:05,14,81.00,0.00,9.00,0.00,0.00,2.00,0.00,0.00,0.00,8.00
02:52:05,15,82.18,0.00,7.92,0.00,0.00,1.98,0.00,0.00,0.00,7.92
02:52:06,4,81.82,0.00,9.09,0.00,0.00,2.02,0.00,0.00,0.00,7.07
02:52:06,5,79.21,0.00,10.89,0.00,0.00,2.97,0.00,0.00,0.00,6.93
02:52:06,6,81.82,0.00,9.09,0.00,0.00,2.02,0.00,0.00,0.00,7.07
02:52:06,7,82.65,0.00,9.18,0.00,0.00,2.04,0.00,0.00,0.00,6.12
02:52:06,12,81.00,0.00,10.00,0.00,0.00,2.00,0.00,0.00,0.00,7.00
02:52:06,13,80.00,0.00,10.00,0.00,0.00,2.00,0.00,0.00,0.00,8.00
02:52:06,14,83.00,0.00,8.00,0.00,0.00,2.00,0.00,0.00,0.00,7.00
02:52:06,15,83.00,0.00,7.00,0.00,0.00,2.00,0.00,0.00,0.00,8.00
02:52:07,4,83.84,0.00,7.07,0.00,0.00,3.03,0.00,0.00,0.00,6.06
02:52:07,5,81.63,0.00,10.20,0.00,0.00,2.04,0.00,0.00,0.00,6.12
02:52:07,6,81.00,0.00,9.00,0.00,0.00,4.00,0.00,0.00,0.00,6.00
02:52:07,7,81.00,0.00,9.00,0.00,0.00,3.00,0.00,0.00,0.00,7.00
02:52:07,12,81.82,0.00,9.09,0.00,0.00,2.02,0.00,0.00,0.00,7.07
02:52:07,13,82.00,0.00,10.00,0.00,0.00,3.00,0.00,0.00,0.00,5.00
02:52:07,14,82.65,0.00,9.18,0.00,0.00,2.04,0.00,0.00,0.00,6.12
02:52:07,15,81.00,0.00,9.00,0.00,0.00,3.00,0.00,0.00,0.00,7.00
02:52:08,4,81.37,0.00,7.84,0.00,0.00,2.94,0.00,0.00,0.00,7.84
02:52:08,5,81.00,0.00,8.00,0.00,0.00,3.00,0.00,0.00,0.00,8.00
02:52:08,6,80.00,0.00,8.00,0.00,0.00,3.00,0.00,0.00,0.00,9.00
02:52:08,7,79.00,0.00,10.00,0.00,0.00,2.00,0.00,0.00,0.00,9.00
02:52:08,12,81.63,0.00,9.18,0.00,0.00,2.04,0.00,0.00,0.00,7.14
02:52:08,13,80.00,0.00,9.00,0.00,0.00,2.00,0.00,0.00,0.00,9.00
02:52:08,14,80.00,0.00,9.00,0.00,0.00,3.00,0.00,0.00,0.00,8.00
02:52:08,15,79.00,0.00,10.00,0.00,0.00,3.00,0.00,0.00,0.00,8.00
02:52:09,4,81.63,0.00,8.16,0.00,0.00,2.04,0.00,0.00,0.00,8.16
02:52:09,5,80.81,0.00,8.08,0.00,0.00,3.03,0.00,0.00,0.00,8.08
02:52:09,6,80.81,0.00,10.10,0.00,0.00,1.01,0.00,0.00,0.00,8.08
02:52:09,7,81.00,0.00,7.00,0.00,0.00,4.00,0.00,0.00,0.00,8.00
02:52:09,12,80.00,0.00,9.00,0.00,0.00,3.00,0.00,0.00,0.00,8.00
02:52:09,13,80.00,0.00,10.00,0.00,0.00,2.00,0.00,0.00,0.00,8.00
02:52:09,14,80.00,0.00,9.00,0.00,0.00,3.00,0.00,0.00,0.00,8.00
02:52:09,15,80.81,0.00,9.09,0.00,0.00,2.02,0.00,0.00,0.00,8.08
02:52:10,4,80.81,0.00,8.08,0.00,0.00,3.03,0.00,0.00,0.00,8.08
02:52:10,5,80.81,0.00,8.08,0.00,0.00,3.03,0.00,0.00,0.00,8.08
02:52:10,6,81.82,0.00,7.07,0.00,0.00,3.03,0.00,0.00,0.00,8.08
02:52:10,7,80.81,0.00,8.08,0.00,0.00,3.03,0.00,0.00,0.00,8.08
02:52:10,12,81.19,0.00,7.92,0.00,0.00,2.97,0.00,0.00,0.00,7.92
02:52:10,13,80.81,0.00,9.09,0.00,0.00,2.02,0.00,0.00,0.00,8.08
02:52:10,14,79.80,0.00,10.10,0.00,0.00,1.01,0.00,0.00,0.00,9.09
02:52:10,15,80.81,0.00,7.07,0.00,0.00,3.03,0.00,0.00,0.00,9.09
02:52:11,4,81.82,0.00,8.08,0.00,0.00,3.03,0.00,0.00,0.00,7.07
02:52:11,5,80.81,0.00,9.09,0.00,0.00,3.03,0.00,0.00,0.00,7.07
02:52:11,6,84.00,0.00,6.00,0.00,0.00,3.00,0.00,0.00,0.00,7.00
02:52:11,7,81.82,0.00,7.07,0.00,0.00,3.03,0.00,0.00,0.00,8.08
02:52:11,12,80.61,0.00,9.18,0.00,0.00,3.06,0.00,0.00,0.00,7.14
02:52:11,13,83.17,0.00,7.92,0.00,0.00,1.98,0.00,0.00,0.00,6.93
02:52:11,14,81.00,0.00,9.00,0.00,0.00,3.00,0.00,0.00,0.00,7.00
02:52:11,15,80.81,0.00,10.10,0.00,0.00,2.02,0.00,0.00,0.00,7.07
02:52:12,4,81.82,0.00,8.08,0.00,0.00,3.03,0.00,0.00,0.00,7.07
02:52:12,5,80.81,0.00,9.09,0.00,0.00,3.03,0.00,0.00,0.00,7.07
02:52:12,6,80.00,0.00,9.00,0.00,0.00,3.00,0.00,0.00,0.00,8.00
02:52:12,7,79.00,0.00,11.00,0.00,0.00,3.00,0.00,0.00,0.00,7.00
02:52:12,12,80.81,0.00,8.08,0.00,0.00,4.04,0.00,0.00,0.00,7.07
02:52:12,13,81.82,0.00,9.09,0.00,0.00,2.02,0.00,0.00,0.00,7.07
02:52:12,14,81.82,0.00,8.08,0.00,0.00,3.03,0.00,0.00,0.00,7.07
02:52:12,15,83.00,0.00,6.00,0.00,0.00,3.00,0.00,0.00,0.00,8.00
02:52:13,4,79.59,0.00,9.18,0.00,0.00,3.06,0.00,0.00,0.00,8.16
02:52:13,5,81.00,0.00,9.00,0.00,0.00,2.00,0.00,0.00,0.00,8.00
02:52:13,6,80.81,0.00,9.09,0.00,0.00,2.02,0.00,0.00,0.00,8.08
02:52:13,7,80.61,0.00,8.16,0.00,0.00,3.06,0.00,0.00,0.00,8.16
02:52:13,12,81.19,0.00,7.92,0.00,0.00,2.97,0.00,0.00,0.00,7.92
02:52:13,13,81.00,0.00,9.00,0.00,0.00,2.00,0.00,0.00,0.00,8.00
02:52:13,14,81.63,0.00,9.18,0.00,0.00,1.02,0.00,0.00,0.00,8.16
02:52:13,15,80.81,0.00,9.09,0.00,0.00,2.02,0.00,0.00,0.00,8.08
02:52:14,4,79.21,0.00,8.91,0.00,0.00,2.97,0.00,0.00,0.00,8.91
02:52:14,5,80.61,0.00,9.18,0.00,0.00,2.04,0.00,0.00,0.00,8.16
02:52:14,6,80.00,0.00,9.00,0.00,0.00,3.00,0.00,0.00,0.00,8.00
02:52:14,7,77.78,0.00,10.10,0.00,0.00,3.03,0.00,0.00,0.00,9.09
02:52:14,12,80.20,0.00,7.92,0.00,0.00,2.97,0.00,0.00,0.00,8.91
02:52:14,13,79.80,0.00,9.09,0.00,0.00,3.03,0.00,0.00,0.00,8.08
02:52:14,14,82.00,0.00,7.00,0.00,0.00,3.00,0.00,0.00,0.00,8.00
02:52:14,15,78.22,0.00,9.90,0.00,0.00,2.97,0.00,0.00,0.00,8.91
02:52:15,4,82.83,0.00,7.07,0.00,0.00,3.03,0.00,0.00,0.00,7.07
02:52:15,5,81.82,0.00,9.09,0.00,0.00,2.02,0.00,0.00,0.00,7.07
02:52:15,6,80.81,0.00,8.08,0.00,0.00,3.03,0.00,0.00,0.00,8.08
02:52:15,7,82.00,0.00,8.00,0.00,0.00,3.00,0.00,0.00,0.00,7.00
02:52:15,12,83.51,0.00,6.19,0.00,0.00,3.09,0.00,0.00,0.00,7.22
02:52:15,13,82.00,0.00,8.00,0.00,0.00,3.00,0.00,0.00,0.00,7.00
02:52:15,14,82.83,0.00,7.07,0.00,0.00,2.02,0.00,0.00,0.00,8.08
02:52:15,15,82.00,0.00,9.00,0.00,0.00,2.00,0.00,0.00,0.00,7.00
02:52:16,4,82.83,0.00,8.08,0.00,0.00,2.02,0.00,0.00,0.00,7.07
02:52:16,5,82.65,0.00,8.16,0.00,0.00,2.04,0.00,0.00,0.00,7.14
02:52:16,6,81.00,0.00,9.00,0.00,0.00,3.00,0.00,0.00,0.00,7.00
02:52:16,7,79.80,0.00,9.09,0.00,0.00,3.03,0.00,0.00,0.00,8.08
02:52:16,12,82.00,0.00,8.00,0.00,0.00,3.00,0.00,0.00,0.00,7.00
02:52:16,13,79.80,0.00,9.09,0.00,0.00,4.04,0.00,0.00,0.00,7.07
02:52:16,14,82.00,0.00,8.00,0.00,0.00,3.00,0.00,0.00,0.00,7.00
02:52:16,15,81.82,0.00,8.08,0.00,0.00,3.03,0.00,0.00,0.00,7.07
02:52:17,4,82.18,0.00,7.92,0.00,0.00,2.97,0.00,0.00,0.00,6.93
02:52:17,5,83.00,0.00,8.00,0.00,0.00,2.00,0.00,0.00,0.00,7.00
02:52:17,6,83.00,0.00,9.00,0.00,0.00,2.00,0.00,0.00,0.00,6.00
02:52:17,7,81.82,0.00,8.08,0.00,0.00,3.03,0.00,0.00,0.00,7.07
02:52:17,12,81.82,0.00,8.08,0.00,0.00,3.03,0.00,0.00,0.00,7.07
02:52:17,13,82.83,0.00,9.09,0.00,0.00,1.01,0.00,0.00,0.00,7.07
02:52:17,14,82.00,0.00,9.00,0.00,0.00,3.00,0.00,0.00,0.00,6.00
02:52:17,15,83.67,0.00,7.14,0.00,0.00,2.04,0.00,0.00,0.00,7.14
02:52:18,4,82.00,0.00,9.00,0.00,0.00,3.00,0.00,0.00,0.00,6.00
02:52:18,5,81.63,0.00,9.18,0.00,0.00,3.06,0.00,0.00,0.00,6.12
02:52:18,6,82.83,0.00,7.07,0.00,0.00,3.03,0.00,0.00,0.00,7.07
02:52:18,7,79.21,0.00,10.89,0.00,0.00,2.97,0.00,0.00,0.00,6.93
02:52:18,12,82.00,0.00,10.00,0.00,0.00,2.00,0.00,0.00,0.00,6.00
02:52:18,13,79.21,0.00,10.89,0.00,0.00,2.97,0.00,0.00,0.00,6.93
02:52:18,14,81.82,0.00,9.09,0.00,0.00,2.02,0.00,0.00,0.00,7.07
02:52:18,15,82.83,0.00,9.09,0.00,0.00,1.01,0.00,0.00,0.00,7.07
02:52:19,4,80.20,0.00,8.91,0.00,0.00,3.96,0.00,0.00,0.00,6.93
02:52:19,5,82.18,0.00,7.92,0.00,0.00,2.97,0.00,0.00,0.00,6.93
02:52:19,6,83.17,0.00,6.93,0.00,0.00,2.97,0.00,0.00,0.00,6.93
02:52:19,7,80.81,0.00,8.08,0.00,0.00,4.04,0.00,0.00,0.00,7.07
02:52:19,12,82.83,0.00,8.08,0.00,0.00,2.02,0.00,0.00,0.00,7.07
02:52:19,13,82.00,0.00,8.00,0.00,0.00,3.00,0.00,0.00,0.00,7.00
02:52:19,14,82.83,0.00,7.07,0.00,0.00,3.03,0.00,0.00,0.00,7.07
02:52:19,15,82.35,0.00,7.84,0.00,0.00,2.94,0.00,0.00,0.00,6.86
02:52:20,4,84.85,0.00,7.07,0.00,0.00,1.01,0.00,0.00,0.00,7.07
02:52:20,5,82.18,0.00,7.92,0.00,0.00,2.97,0.00,0.00,0.00,6.93
02:52:20,6,81.82,0.00,9.09,0.00,0.00,2.02,0.00,0.00,0.00,7.07
02:52:20,7,81.00,0.00,8.00,0.00,0.00,4.00,0.00,0.00,0.00,7.00
02:52:20,12,82.18,0.00,7.92,0.00,0.00,2.97,0.00,0.00,0.00,6.93
02:52:20,13,80.81,0.00,8.08,0.00,0.00,4.04,0.00,0.00,0.00,7.07
02:52:20,14,80.81,0.00,8.08,0.00,0.00,4.04,0.00,0.00,0.00,7.07
02:52:20,15,82.00,0.00,8.00,0.00,0.00,3.00,0.00,0.00,0.00,7.00
02:52:21,4,84.00,0.00,7.00,0.00,0.00,2.00,0.00,0.00,0.00,7.00
02:52:21,5,80.81,0.00,9.09,0.00,0.00,3.03,0.00,0.00,0.00,7.07
02:52:21,6,79.21,0.00,9.90,0.00,0.00,2.97,0.00,0.00,0.00,7.92
02:52:21,7,81.82,0.00,8.08,0.00,0.00,2.02,0.00,0.00,0.00,8.08
02:52:21,12,81.00,0.00,7.00,0.00,0.00,4.00,0.00,0.00,0.00,8.00
02:52:21,13,83.84,0.00,7.07,0.00,0.00,2.02,0.00,0.00,0.00,7.07
02:52:21,14,81.00,0.00,9.00,0.00,0.00,2.00,0.00,0.00,0.00,8.00
02:52:21,15,82.18,0.00,7.92,0.00,0.00,1.98,0.00,0.00,0.00,7.92
02:52:22,4,81.82,0.00,8.08,0.00,0.00,3.03,0.00,0.00,0.00,7.07
02:52:22,5,82.83,0.00,6.06,0.00,0.00,3.03,0.00,0.00,0.00,8.08
02:52:22,6,83.84,0.00,7.07,0.00,0.00,2.02,0.00,0.00,0.00,7.07
02:52:22,7,81.82,0.00,8.08,0.00,0.00,3.03,0.00,0.00,0.00,7.07
02:52:22,12,82.65,0.00,9.18,0.00,0.00,1.02,0.00,0.00,0.00,7.14
02:52:22,13,79.21,0.00,9.90,0.00,0.00,2.97,0.00,0.00,0.00,7.92
02:52:22,14,81.63,0.00,8.16,0.00,0.00,3.06,0.00,0.00,0.00,7.14
02:52:22,15,80.81,0.00,9.09,0.00,0.00,3.03,0.00,0.00,0.00,7.07
02:52:23,4,80.81,0.00,11.11,0.00,0.00,2.02,0.00,0.00,0.00,6.06
02:52:23,5,81.82,0.00,9.09,0.00,0.00,3.03,0.00,0.00,0.00,6.06
02:52:23,6,81.00,0.00,9.00,0.00,0.00,3.00,0.00,0.00,0.00,7.00
02:52:23,7,82.83,0.00,7.07,0.00,0.00,3.03,0.00,0.00,0.00,7.07
02:52:23,12,82.00,0.00,9.00,0.00,0.00,3.00,0.00,0.00,0.00,6.00
02:52:23,13,84.69,0.00,7.14,0.00,0.00,2.04,0.00,0.00,0.00,6.12
02:52:23,14,82.18,0.00,6.93,0.00,0.00,3.96,0.00,0.00,0.00,6.93
02:52:23,15,83.00,0.00,8.00,0.00,0.00,2.00,0.00,0.00,0.00,7.00
02:52:24,4,80.81,0.00,8.08,0.00,0.00,3.03,0.00,0.00,0.00,8.08
02:52:24,5,81.82,0.00,9.09,0.00,0.00,2.02,0.00,0.00,0.00,7.07
02:52:24,6,83.00,0.00,8.00,0.00,0.00,2.00,0.00,0.00,0.00,7.00
02:52:24,7,82.18,0.00,7.92,0.00,0.00,1.98,0.00,0.00,0.00,7.92
02:52:24,12,78.64,0.00,10.68,0.00,0.00,2.91,0.00,0.00,0.00,7.77
02:52:24,13,80.00,0.00,8.00,0.00,0.00,4.00,0.00,0.00,0.00,8.00
02:52:24,14,82.47,0.00,8.25,0.00,0.00,2.06,0.00,0.00,0.00,7.22
02:52:24,15,81.82,0.00,8.08,0.00,0.00,3.03,0.00,0.00,0.00,7.07
02:52:25,4,81.82,0.00,8.08,0.00,0.00,3.03,0.00,0.00,0.00,7.07
02:52:25,5,83.84,0.00,6.06,0.00,0.00,3.03,0.00,0.00,0.00,7.07
02:52:25,6,81.82,0.00,8.08,0.00,0.00,3.03,0.00,0.00,0.00,7.07
02:52:25,7,81.63,0.00,8.16,0.00,0.00,3.06,0.00,0.00,0.00,7.14
02:52:25,12,82.47,0.00,8.25,0.00,0.00,2.06,0.00,0.00,0.00,7.22
02:52:25,13,82.83,0.00,7.07,0.00,0.00,3.03,0.00,0.00,0.00,7.07
02:52:25,14,81.00,0.00,8.00,0.00,0.00,3.00,0.00,0.00,0.00,8.00
02:52:25,15,80.20,0.00,8.91,0.00,0.00,2.97,0.00,0.00,0.00,7.92
02:52:26,4,80.81,0.00,8.08,0.00,0.00,3.03,0.00,0.00,0.00,8.08
02:52:26,5,77.23,0.00,10.89,0.00,0.00,2.97,0.00,0.00,0.00,8.91
02:52:26,6,80.00,0.00,9.00,0.00,0.00,3.00,0.00,0.00,0.00,8.00
02:52:26,7,80.81,0.00,6.06,0.00,0.00,4.04,0.00,0.00,0.00,9.09
02:52:26,12,82.00,0.00,8.00,0.00,0.00,2.00,0.00,0.00,0.00,8.00
02:52:26,13,79.21,0.00,8.91,0.00,0.00,2.97,0.00,0.00,0.00,8.91
02:52:26,14,81.00,0.00,8.00,0.00,0.00,3.00,0.00,0.00,0.00,8.00
02:52:26,15,81.00,0.00,7.00,0.00,0.00,3.00,0.00,0.00,0.00,9.00
02:52:27,4,81.63,0.00,9.18,0.00,0.00,2.04,0.00,0.00,0.00,7.14
02:52:27,5,81.44,0.00,10.31,0.00,0.00,2.06,0.00,0.00,0.00,6.19
02:52:27,6,80.81,0.00,9.09,0.00,0.00,2.02,0.00,0.00,0.00,8.08
02:52:27,7,81.19,0.00,9.90,0.00,0.00,1.98,0.00,0.00,0.00,6.93
02:52:27,12,82.65,0.00,7.14,0.00,0.00,3.06,0.00,0.00,0.00,7.14
02:52:27,13,83.67,0.00,8.16,0.00,0.00,2.04,0.00,0.00,0.00,6.12
02:52:27,14,81.82,0.00,8.08,0.00,0.00,3.03,0.00,0.00,0.00,7.07
02:52:27,15,80.61,0.00,10.20,0.00,0.00,2.04,0.00,0.00,0.00,7.14
02:52:28,4,82.83,0.00,8.08,0.00,0.00,3.03,0.00,0.00,0.00,6.06
02:52:28,5,81.63,0.00,9.18,0.00,0.00,3.06,0.00,0.00,0.00,6.12
02:52:28,6,83.84,0.00,7.07,0.00,0.00,3.03,0.00,0.00,0.00,6.06
02:52:28,7,83.67,0.00,8.16,0.00,0.00,2.04,0.00,0.00,0.00,6.12
02:52:28,12,83.17,0.00,8.91,0.00,0.00,1.98,0.00,0.00,0.00,5.94
02:52:28,13,82.00,0.00,9.00,0.00,0.00,3.00,0.00,0.00,0.00,6.00
02:52:28,14,82.00,0.00,9.00,0.00,0.00,2.00,0.00,0.00,0.00,7.00
02:52:28,15,81.82,0.00,8.08,0.00,0.00,4.04,0.00,0.00,0.00,6.06
02:52:29,4,81.00,0.00,9.00,0.00,0.00,3.00,0.00,0.00,0.00,7.00
02:52:29,5,80.20,0.00,9.90,0.00,0.00,2.97,0.00,0.00,0.00,6.93
02:52:29,6,81.82,0.00,8.08,0.00,0.00,2.02,0.00,0.00,0.00,8.08
02:52:29,7,80.81,0.00,8.08,0.00,0.00,3.03,0.00,0.00,0.00,8.08
02:52:29,12,82.83,0.00,7.07,0.00,0.00,3.03,0.00,0.00,0.00,7.07
02:52:29,13,80.00,0.00,10.00,0.00,0.00,2.00,0.00,0.00,0.00,8.00
02:52:29,14,80.61,0.00,8.16,0.00,0.00,4.08,0.00,0.00,0.00,7.14
02:52:29,15,81.00,0.00,9.00,0.00,0.00,2.00,0.00,0.00,0.00,8.00
02:52:30,4,82.83,0.00,8.08,0.00,0.00,2.02,0.00,0.00,0.00,7.07
02:52:30,5,83.00,0.00,7.00,0.00,0.00,2.00,0.00,0.00,0.00,8.00
02:52:30,6,82.83,0.00,8.08,0.00,0.00,2.02,0.00,0.00,0.00,7.07
02:52:30,7,81.19,0.00,8.91,0.00,0.00,2.97,0.00,0.00,0.00,6.93
02:52:30,12,82.00,0.00,9.00,0.00,0.00,2.00,0.00,0.00,0.00,7.00
02:52:30,13,81.82,0.00,8.08,0.00,0.00,3.03,0.00,0.00,0.00,7.07
02:52:30,14,82.00,0.00,8.00,0.00,0.00,3.00,0.00,0.00,0.00,7.00
02:52:30,15,82.00,0.00,8.00,0.00,0.00,3.00,0.00,0.00,0.00,7.00
02:52:31,4,83.17,0.00,6.93,0.00,0.00,1.98,0.00,0.00,0.00,7.92
02:52:31,5,82.00,0.00,8.00,0.00,0.00,3.00,0.00,0.00,0.00,7.00
02:52:31,6,82.00,0.00,9.00,0.00,0.00,2.00,0.00,0.00,0.00,7.00
02:52:31,7,81.00,0.00,9.00,0.00,0.00,2.00,0.00,0.00,0.00,8.00
02:52:31,12,82.00,0.00,8.00,0.00,0.00,2.00,0.00,0.00,0.00,8.00
02:52:31,13,83.67,0.00,6.12,0.00,0.00,3.06,0.00,0.00,0.00,7.14
02:52:31,14,82.65,0.00,7.14,0.00,0.00,3.06,0.00,0.00,0.00,7.14
02:52:31,15,81.82,0.00,7.07,0.00,0.00,3.03,0.00,0.00,0.00,8.08
02:52:32,4,81.63,0.00,8.16,0.00,0.00,3.06,0.00,0.00,0.00,7.14
02:52:32,5,81.82,0.00,8.08,0.00,0.00,3.03,0.00,0.00,0.00,7.07
02:52:32,6,79.21,0.00,8.91,0.00,0.00,3.96,0.00,0.00,0.00,7.92
02:52:32,7,80.00,0.00,9.00,0.00,0.00,3.00,0.00,0.00,0.00,8.00
02:52:32,12,82.47,0.00,7.22,0.00,0.00,3.09,0.00,0.00,0.00,7.22
02:52:32,13,80.39,0.00,8.82,0.00,0.00,1.96,0.00,0.00,0.00,8.82
02:52:32,14,80.39,0.00,8.82,0.00,0.00,1.96,0.00,0.00,0.00,8.82
02:52:32,15,80.00,0.00,9.00,0.00,0.00,3.00,0.00,0.00,0.00,8.00
02:52:33,4,82.18,0.00,8.91,0.00,0.00,1.98,0.00,0.00,0.00,6.93
02:52:33,5,81.82,0.00,9.09,0.00,0.00,3.03,0.00,0.00,0.00,6.06
02:52:33,6,83.67,0.00,7.14,0.00,0.00,3.06,0.00,0.00,0.00,6.12
02:52:33,7,82.83,0.00,8.08,0.00,0.00,3.03,0.00,0.00,0.00,6.06
02:52:33,12,79.00,0.00,11.00,0.00,0.00,3.00,0.00,0.00,0.00,7.00
02:52:33,13,81.00,0.00,10.00,0.00,0.00,4.00,0.00,0.00,0.00,5.00
02:52:33,14,82.83,0.00,8.08,0.00,0.00,3.03,0.00,0.00,0.00,6.06
02:52:33,15,83.67,0.00,9.18,0.00,0.00,1.02,0.00,0.00,0.00,6.12
02:52:34,4,82.00,0.00,8.00,0.00,0.00,3.00,0.00,0.00,0.00,7.00
02:52:34,5,81.00,0.00,10.00,0.00,0.00,2.00,0.00,0.00,0.00,7.00
02:52:34,6,82.00,0.00,8.00,0.00,0.00,3.00,0.00,0.00,0.00,7.00
02:52:34,7,81.82,0.00,8.08,0.00,0.00,3.03,0.00,0.00,0.00,7.07
02:52:34,12,79.21,0.00,9.90,0.00,0.00,2.97,0.00,0.00,0.00,7.92
02:52:34,13,81.82,0.00,8.08,0.00,0.00,2.02,0.00,0.00,0.00,8.08
02:52:34,14,83.84,0.00,8.08,0.00,0.00,2.02,0.00,0.00,0.00,6.06
02:52:34,15,83.17,0.00,7.92,0.00,0.00,1.98,0.00,0.00,0.00,6.93
02:52:35,4,82.83,0.00,7.07,0.00,0.00,2.02,0.00,0.00,0.00,8.08
02:52:35,5,80.81,0.00,8.08,0.00,0.00,3.03,0.00,0.00,0.00,8.08
02:52:35,6,80.20,0.00,7.92,0.00,0.00,2.97,0.00,0.00,0.00,8.91
02:52:35,7,81.00,0.00,8.00,0.00,0.00,2.00,0.00,0.00,0.00,9.00
02:52:35,12,80.81,0.00,8.08,0.00,0.00,3.03,0.00,0.00,0.00,8.08
02:52:35,13,83.00,0.00,7.00,0.00,0.00,2.00,0.00,0.00,0.00,8.00
02:52:35,14,79.21,0.00,8.91,0.00,0.00,2.97,0.00,0.00,0.00,8.91
02:52:35,15,80.00,0.00,9.00,0.00,0.00,2.00,0.00,0.00,0.00,9.00
02:52:36,4,80.81,0.00,9.09,0.00,0.00,3.03,0.00,0.00,0.00,7.07
02:52:36,5,82.83,0.00,8.08,0.00,0.00,2.02,0.00,0.00,0.00,7.07
02:52:36,6,81.82,0.00,8.08,0.00,0.00,3.03,0.00,0.00,0.00,7.07
02:52:36,7,80.00,0.00,10.00,0.00,0.00,2.00,0.00,0.00,0.00,8.00
02:52:36,12,82.83,0.00,8.08,0.00,0.00,2.02,0.00,0.00,0.00,7.07
02:52:36,13,80.61,0.00,9.18,0.00,0.00,3.06,0.00,0.00,0.00,7.14
02:52:36,14,82.00,0.00,8.00,0.00,0.00,3.00,0.00,0.00,0.00,7.00
02:52:36,15,80.00,0.00,11.00,0.00,0.00,2.00,0.00,0.00,0.00,7.00
02:52:37,4,82.00,0.00,7.00,0.00,0.00,3.00,0.00,0.00,0.00,8.00
02:52:37,5,81.19,0.00,7.92,0.00,0.00,2.97,0.00,0.00,0.00,7.92
02:52:37,6,81.82,0.00,9.09,0.00,0.00,2.02,0.00,0.00,0.00,7.07
02:52:37,7,81.63,0.00,8.16,0.00,0.00,3.06,0.00,0.00,0.00,7.14
02:52:37,12,83.67,0.00,7.14,0.00,0.00,2.04,0.00,0.00,0.00,7.14
02:52:37,13,80.39,0.00,8.82,0.00,0.00,2.94,0.00,0.00,0.00,7.84
02:52:37,14,81.82,0.00,8.08,0.00,0.00,2.02,0.00,0.00,0.00,8.08
02:52:37,15,82.83,0.00,7.07,0.00,0.00,2.02,0.00,0.00,0.00,8.08
02:52:38,4,82.00,0.00,8.00,0.00,0.00,3.00,0.00,0.00,0.00,7.00
02:52:38,5,80.81,0.00,9.09,0.00,0.00,3.03,0.00,0.00,0.00,7.07
02:52:38,6,80.81,0.00,7.07,0.00,0.00,4.04,0.00,0.00,0.00,8.08
02:52:38,7,81.00,0.00,8.00,0.00,0.00,3.00,0.00,0.00,0.00,8.00
02:52:38,12,80.20,0.00,9.90,0.00,0.00,1.98,0.00,0.00,0.00,7.92
02:52:38,13,81.63,0.00,9.18,0.00,0.00,2.04,0.00,0.00,0.00,7.14
02:52:38,14,81.00,0.00,8.00,0.00,0.00,3.00,0.00,0.00,0.00,8.00
02:52:38,15,82.65,0.00,8.16,0.00,0.00,2.04,0.00,0.00,0.00,7.14
02:52:39,4,81.82,0.00,9.09,0.00,0.00,2.02,0.00,0.00,0.00,7.07
02:52:39,5,80.00,0.00,10.00,0.00,0.00,3.00,0.00,0.00,0.00,7.00
02:52:39,6,83.67,0.00,8.16,0.00,0.00,2.04,0.00,0.00,0.00,6.12
02:52:39,7,79.80,0.00,10.10,0.00,0.00,3.03,0.00,0.00,0.00,7.07
02:52:39,12,83.00,0.00,7.00,0.00,0.00,3.00,0.00,0.00,0.00,7.00
02:52:39,13,80.81,0.00,9.09,0.00,0.00,3.03,0.00,0.00,0.00,7.07
02:52:39,14,83.67,0.00,8.16,0.00,0.00,2.04,0.00,0.00,0.00,6.12
02:52:39,15,81.19,0.00,8.91,0.00,0.00,2.97,0.00,0.00,0.00,6.93
02:52:40,4,80.81,0.00,8.08,0.00,0.00,3.03,0.00,0.00,0.00,8.08
02:52:40,5,82.00,0.00,9.00,0.00,0.00,2.00,0.00,0.00,0.00,7.00
02:52:40,6,80.20,0.00,8.91,0.00,0.00,2.97,0.00,0.00,0.00,7.92
02:52:40,7,80.20,0.00,9.90,0.00,0.00,1.98,0.00,0.00,0.00,7.92
02:52:40,12,79.80,0.00,9.09,0.00,0.00,3.03,0.00,0.00,0.00,8.08
02:52:40,13,82.00,0.00,8.00,0.00,0.00,2.00,0.00,0.00,0.00,8.00
02:52:40,14,82.83,0.00,7.07,0.00,0.00,2.02,0.00,0.00,0.00,8.08
02:52:40,15,80.00,0.00,9.00,0.00,0.00,3.00,0.00,0.00,0.00,8.00
02:52:41,4,82.83,0.00,8.08,0.00,0.00,3.03,0.00,0.00,0.00,6.06
02:52:41,5,81.82,0.00,8.08,0.00,0.00,3.03,0.00,0.00,0.00,7.07
02:52:41,6,81.00,0.00,9.00,0.00,0.00,3.00,0.00,0.00,0.00,7.00
02:52:41,7,83.67,0.00,7.14,0.00,0.00,3.06,0.00,0.00,0.00,6.12
02:52:41,12,80.81,0.00,9.09,0.00,0.00,3.03,0.00,0.00,0.00,7.07
02:52:41,13,82.83,0.00,7.07,0.00,0.00,3.03,0.00,0.00,0.00,7.07
02:52:41,14,81.19,0.00,8.91,0.00,0.00,2.97,0.00,0.00,0.00,6.93
02:52:41,15,81.82,0.00,8.08,0.00,0.00,3.03,0.00,0.00,0.00,7.07
02:52:42,4,80.00,0.00,9.00,0.00,0.00,4.00,0.00,0.00,0.00,7.00
02:52:42,5,82.00,0.00,9.00,0.00,0.00,2.00,0.00,0.00,0.00,7.00
02:52:42,6,81.82,0.00,8.08,0.00,0.00,3.03,0.00,0.00,0.00,7.07
02:52:42,7,81.19,0.00,8.91,0.00,0.00,1.98,0.00,0.00,0.00,7.92
02:52:42,12,81.82,0.00,8.08,0.00,0.00,3.03,0.00,0.00,0.00,7.07
02:52:42,13,80.20,0.00,9.90,0.00,0.00,2.97,0.00,0.00,0.00,6.93
02:52:42,14,83.84,0.00,6.06,0.00,0.00,3.03,0.00,0.00,0.00,7.07
02:52:42,15,80.20,0.00,8.91,0.00,0.00,2.97,0.00,0.00,0.00,7.92
02:52:43,4,81.00,0.00,9.00,0.00,0.00,2.00,0.00,0.00,0.00,8.00
02:52:43,5,82.00,0.00,8.00,0.00,0.00,3.00,0.00,0.00,0.00,7.00
02:52:43,6,82.00,0.00,8.00,0.00,0.00,3.00,0.00,0.00,0.00,7.00
02:52:43,7,80.81,0.00,9.09,0.00,0.00,3.03,0.00,0.00,0.00,7.07
02:52:43,12,82.83,0.00,9.09,0.00,0.00,1.01,0.00,0.00,0.00,7.07
02:52:43,13,82.65,0.00,8.16,0.00,0.00,2.04,0.00,0.00,0.00,7.14
02:52:43,14,82.00,0.00,8.00,0.00,0.00,3.00,0.00,0.00,0.00,7.00
02:52:43,15,81.82,0.00,9.09,0.00,0.00,2.02,0.00,0.00,0.00,7.07
02:52:44,4,81.00,0.00,11.00,0.00,0.00,2.00,0.00,0.00,0.00,6.00
02:52:44,5,83.00,0.00,7.00,0.00,0.00,3.00,0.00,0.00,0.00,7.00
02:52:44,6,83.00,0.00,8.00,0.00,0.00,2.00,0.00,0.00,0.00,7.00
02:52:44,7,82.83,0.00,9.09,0.00,0.00,2.02,0.00,0.00,0.00,6.06
02:52:44,12,82.65,0.00,9.18,0.00,0.00,2.04,0.00,0.00,0.00,6.12
02:52:44,13,82.83,0.00,9.09,0.00,0.00,2.02,0.00,0.00,0.00,6.06
02:52:44,14,82.83,0.00,8.08,0.00,0.00,3.03,0.00,0.00,0.00,6.06
02:52:44,15,83.00,0.00,7.00,0.00,0.00,3.00,0.00,0.00,0.00,7.00
02:52:45,4,80.81,0.00,9.09,0.00,0.00,3.03,0.00,0.00,0.00,7.07
02:52:45,5,82.65,0.00,8.16,0.00,0.00,2.04,0.00,0.00,0.00,7.14
02:52:45,6,81.82,0.00,8.08,0.00,0.00,2.02,0.00,0.00,0.00,8.08
02:52:45,7,83.17,0.00,5.94,0.00,0.00,2.97,0.00,0.00,0.00,7.92
02:52:45,12,81.00,0.00,8.00,0.00,0.00,3.00,0.00,0.00,0.00,8.00
02:52:45,13,82.00,0.00,7.00,0.00,0.00,3.00,0.00,0.00,0.00,8.00
02:52:45,14,82.00,0.00,8.00,0.00,0.00,2.00,0.00,0.00,0.00,8.00
02:52:45,15,82.00,0.00,8.00,0.00,0.00,2.00,0.00,0.00,0.00,8.00
02:52:46,4,80.00,0.00,9.00,0.00,0.00,3.00,0.00,0.00,0.00,8.00
02:52:46,5,81.00,0.00,10.00,0.00,0.00,2.00,0.00,0.00,0.00,7.00
02:52:46,6,82.00,0.00,8.00,0.00,0.00,3.00,0.00,0.00,0.00,7.00
02:52:46,7,80.00,0.00,10.00,0.00,0.00,3.00,0.00,0.00,0.00,7.00
02:52:46,12,81.00,0.00,9.00,0.00,0.00,3.00,0.00,0.00,0.00,7.00
02:52:46,13,81.82,0.00,8.08,0.00,0.00,2.02,0.00,0.00,0.00,8.08
02:52:46,14,81.82,0.00,8.08,0.00,0.00,3.03,0.00,0.00,0.00,7.07
02:52:46,15,82.00,0.00,8.00,0.00,0.00,2.00,0.00,0.00,0.00,8.00
02:52:47,4,81.63,0.00,9.18,0.00,0.00,2.04,0.00,0.00,0.00,7.14
02:52:47,5,80.81,0.00,9.09,0.00,0.00,3.03,0.00,0.00,0.00,7.07
02:52:47,6,81.63,0.00,8.16,0.00,0.00,3.06,0.00,0.00,0.00,7.14
02:52:47,7,81.00,0.00,9.00,0.00,0.00,2.00,0.00,0.00,0.00,8.00
02:52:47,12,80.81,0.00,9.09,0.00,0.00,3.03,0.00,0.00,0.00,7.07
02:52:47,13,80.81,0.00,10.10,0.00,0.00,2.02,0.00,0.00,0.00,7.07
02:52:47,14,81.00,0.00,9.00,0.00,0.00,2.00,0.00,0.00,0.00,8.00
02:52:47,15,83.84,0.00,7.07,0.00,0.00,2.02,0.00,0.00,0.00,7.07
02:52:48,4,82.00,0.00,8.00,0.00,0.00,2.00,0.00,0.00,0.00,8.00
02:52:48,5,81.00,0.00,10.00,0.00,0.00,2.00,0.00,0.00,0.00,7.00
02:52:48,6,79.21,0.00,9.90,0.00,0.00,1.98,0.00,0.00,0.00,8.91
02:52:48,7,81.63,0.00,7.14,0.00,0.00,3.06,0.00,0.00,0.00,8.16
02:52:48,12,81.00,0.00,9.00,0.00,0.00,2.00,0.00,0.00,0.00,8.00
02:52:48,13,80.81,0.00,8.08,0.00,0.00,3.03,0.00,0.00,0.00,8.08
02:52:48,14,79.80,0.00,9.09,0.00,0.00,3.03,0.00,0.00,0.00,8.08
02:52:48,15,81.63,0.00,9.18,0.00,0.00,1.02,0.00,0.00,0.00,8.16
02:52:49,4,84.85,0.00,8.08,0.00,0.00,2.02,0.00,0.00,0.00,5.05
02:52:49,5,81.82,0.00,11.11,0.00,0.00,1.01,0.00,0.00,0.00,6.06
02:52:49,6,84.69,0.00,7.14,0.00,0.00,3.06,0.00,0.00,0.00,5.10
02:52:49,7,84.16,0.00,7.92,0.00,0.00,1.98,0.00,0.00,0.00,5.94
02:52:49,12,82.00,0.00,9.00,0.00,0.00,3.00,0.00,0.00,0.00,6.00
02:52:49,13,81.00,0.00,10.00,0.00,0.00,3.00,0.00,0.00,0.00,6.00
02:52:49,14,84.00,0.00,9.00,0.00,0.00,2.00,0.00,0.00,0.00,5.00
02:52:49,15,85.00,0.00,6.00,0.00,0.00,3.00,0.00,0.00,0.00,6.00
02:52:50,4,84.00,0.00,6.00,0.00,0.00,3.00,0.00,0.00,0.00,7.00
02:52:50,5,82.00,0.00,9.00,0.00,0.00,2.00,0.00,0.00,0.00,7.00
02:52:50,6,81.19,0.00,7.92,0.00,0.00,2.97,0.00,0.00,0.00,7.92
02:52:50,7,83.67,0.00,6.12,0.00,0.00,2.04,0.00,0.00,0.00,8.16
02:52:50,12,80.61,0.00,9.18,0.00,0.00,3.06,0.00,0.00,0.00,7.14
02:52:50,13,82.83,0.00,7.07,0.00,0.00,3.03,0.00,0.00,0.00,7.07
02:52:50,14,80.81,0.00,8.08,0.00,0.00,4.04,0.00,0.00,0.00,7.07
02:52:50,15,81.00,0.00,8.00,0.00,0.00,3.00,0.00,0.00,0.00,8.00
02:52:51,4,82.00,0.00,7.00,0.00,0.00,2.00,0.00,0.00,0.00,9.00
02:52:51,5,80.20,0.00,8.91,0.00,0.00,1.98,0.00,0.00,0.00,8.91
02:52:51,6,81.82,0.00,8.08,0.00,0.00,2.02,0.00,0.00,0.00,8.08
02:52:51,7,79.21,0.00,7.92,0.00,0.00,3.96,0.00,0.00,0.00,8.91
02:52:51,12,79.80,0.00,10.10,0.00,0.00,2.02,0.00,0.00,0.00,8.08
02:52:51,13,80.00,0.00,9.00,0.00,0.00,2.00,0.00,0.00,0.00,9.00
02:52:51,14,80.20,0.00,8.91,0.00,0.00,1.98,0.00,0.00,0.00,8.91
02:52:51,15,80.00,0.00,8.00,0.00,0.00,3.00,0.00,0.00,0.00,9.00
02:52:52,4,81.82,0.00,8.08,0.00,0.00,3.03,0.00,0.00,0.00,7.07
02:52:52,5,81.82,0.00,9.09,0.00,0.00,2.02,0.00,0.00,0.00,7.07
02:52:52,6,80.81,0.00,7.07,0.00,0.00,4.04,0.00,0.00,0.00,8.08
02:52:52,7,82.83,0.00,7.07,0.00,0.00,3.03,0.00,0.00,0.00,7.07
02:52:52,12,81.00,0.00,8.00,0.00,0.00,3.00,0.00,0.00,0.00,8.00
02:52:52,13,81.00,0.00,9.00,0.00,0.00,3.00,0.00,0.00,0.00,7.00
02:52:52,14,82.18,0.00,6.93,0.00,0.00,2.97,0.00,0.00,0.00,7.92
02:52:52,15,80.00,0.00,10.00,0.00,0.00,2.00,0.00,0.00,0.00,8.00
02:52:53,4,81.82,0.00,8.08,0.00,0.00,3.03,0.00,0.00,0.00,7.07
02:52:53,5,83.67,0.00,7.14,0.00,0.00,2.04,0.00,0.00,0.00,7.14
02:52:53,6,82.83,0.00,8.08,0.00,0.00,2.02,0.00,0.00,0.00,7.07
02:52:53,7,82.65,0.00,8.16,0.00,0.00,2.04,0.00,0.00,0.00,7.14
02:52:53,12,81.63,0.00,8.16,0.00,0.00,3.06,0.00,0.00,0.00,7.14
02:52:53,13,80.81,0.00,8.08,0.00,0.00,3.03,0.00,0.00,0.00,8.08
02:52:53,14,81.82,0.00,8.08,0.00,0.00,3.03,0.00,0.00,0.00,7.07
02:52:53,15,81.19,0.00,7.92,0.00,0.00,2.97,0.00,0.00,0.00,7.92
02:52:54,4,82.00,0.00,9.00,0.00,0.00,2.00,0.00,0.00,0.00,7.00
02:52:54,5,82.00,0.00,10.00,0.00,0.00,2.00,0.00,0.00,0.00,6.00
02:52:54,6,83.00,0.00,8.00,0.00,0.00,3.00,0.00,0.00,0.00,6.00
02:52:54,7,80.00,0.00,11.00,0.00,0.00,2.00,0.00,0.00,0.00,7.00
02:52:54,12,81.82,0.00,9.09,0.00,0.00,3.03,0.00,0.00,0.00,6.06
02:52:54,13,79.21,0.00,11.88,0.00,0.00,2.97,0.00,0.00,0.00,5.94
02:52:54,14,82.00,0.00,8.00,0.00,0.00,3.00,0.00,0.00,0.00,7.00
02:52:54,15,82.47,0.00,9.28,0.00,0.00,2.06,0.00,0.00,0.00,6.19
02:52:55,4,83.00,0.00,8.00,0.00,0.00,3.00,0.00,0.00,0.00,6.00
02:52:55,5,83.00,0.00,8.00,0.00,0.00,2.00,0.00,0.00,0.00,7.00
02:52:55,6,81.82,0.00,8.08,0.00,0.00,3.03,0.00,0.00,0.00,7.07
02:52:55,7,82.00,0.00,8.00,0.00,0.00,3.00,0.00,0.00,0.00,7.00
02:52:55,12,82.00,0.00,9.00,0.00,0.00,2.00,0.00,0.00,0.00,7.00
02:52:55,13,83.17,0.00,7.92,0.00,0.00,1.98,0.00,0.00,0.00,6.93
02:52:55,14,83.00,0.00,8.00,0.00,0.00,2.00,0.00,0.00,0.00,7.00
02:52:55,15,82.00,0.00,8.00,0.00,0.00,3.00,0.00,0.00,0.00,7.00
02:52:56,4,80.81,0.00,9.09,0.00,0.00,2.02,0.00,0.00,0.00,8.08
02:52:56,5,79.80,0.00,10.10,0.00,0.00,3.03,0.00,0.00,0.00,7.07
02:52:56,6,81.00,0.00,9.00,0.00,0.00,2.00,0.00,0.00,0.00,8.00
02:52:56,7,81.00,0.00,9.00,0.00,0.00,2.00,0.00,0.00,0.00,8.00
02:52:56,12,80.20,0.00,8.91,0.00,0.00,2.97,0.00,0.00,0.00,7.92
02:52:56,13,82.47,0.00,8.25,0.00,0.00,2.06,0.00,0.00,0.00,7.22
02:52:56,14,80.61,0.00,9.18,0.00,0.00,2.04,0.00,0.00,0.00,8.16
02:52:56,15,81.19,0.00,8.91,0.00,0.00,1.98,0.00,0.00,0.00,7.92
02:52:57,4,83.67,0.00,7.14,0.00,0.00,2.04,0.00,0.00,0.00,7.14
02:52:57,5,82.18,0.00,7.92,0.00,0.00,1.98,0.00,0.00,0.00,7.92
02:52:57,6,81.63,0.00,9.18,0.00,0.00,2.04,0.00,0.00,0.00,7.14
02:52:57,7,83.67,0.00,7.14,0.00,0.00,2.04,0.00,0.00,0.00,7.14
02:52:57,12,82.83,0.00,8.08,0.00,0.00,2.02,0.00,0.00,0.00,7.07
02:52:57,13,83.00,0.00,8.00,0.00,0.00,2.00,0.00,0.00,0.00,7.00
02:52:57,14,82.18,0.00,7.92,0.00,0.00,2.97,0.00,0.00,0.00,6.93
02:52:57,15,82.83,0.00,7.07,0.00,0.00,3.03,0.00,0.00,0.00,7.07
02:52:58,4,82.18,0.00,7.92,0.00,0.00,1.98,0.00,0.00,0.00,7.92
02:52:58,5,82.65,0.00,8.16,0.00,0.00,2.04,0.00,0.00,0.00,7.14
02:52:58,6,79.21,0.00,10.89,0.00,0.00,1.98,0.00,0.00,0.00,7.92
02:52:58,7,81.00,0.00,8.00,0.00,0.00,3.00,0.00,0.00,0.00,8.00
02:52:58,12,83.84,0.00,8.08,0.00,0.00,1.01,0.00,0.00,0.00,7.07
02:52:58,13,79.00,0.00,10.00,0.00,0.00,3.00,0.00,0.00,0.00,8.00
02:52:58,14,79.80,0.00,11.11,0.00,0.00,2.02,0.00,0.00,0.00,7.07
02:52:58,15,80.00,0.00,10.00,0.00,0.00,2.00,0.00,0.00,0.00,8.00
02:52:59,4,81.82,0.00,8.08,0.00,0.00,2.02,0.00,0.00,0.00,8.08
02:52:59,5,81.00,0.00,8.00,0.00,0.00,3.00,0.00,0.00,0.00,8.00
02:52:59,6,80.20,0.00,8.91,0.00,0.00,2.97,0.00,0.00,0.00,7.92
02:52:59,7,81.00,0.00,9.00,0.00,0.00,2.00,0.00,0.00,0.00,8.00
02:52:59,12,82.00,0.00,7.00,0.00,0.00,4.00,0.00,0.00,0.00,7.00
02:52:59,13,82.00,0.00,8.00,0.00,0.00,2.00,0.00,0.00,0.00,8.00
02:52:59,14,82.00,0.00,7.00,0.00,0.00,3.00,0.00,0.00,0.00,8.00
02:52:59,15,81.63,0.00,9.18,0.00,0.00,2.04,0.00,0.00,0.00,7.14
02:53:00,4,81.00,0.00,9.00,0.00,0.00,4.00,0.00,0.00,0.00,6.00
02:53:00,5,81.82,0.00,9.09,0.00,0.00,3.03,0.00,0.00,0.00,6.06
02:53:00,6,82.83,0.00,8.08,0.00,0.00,3.03,0.00,0.00,0.00,6.06
02:53:00,7,83.00,0.00,8.00,0.00,0.00,2.00,0.00,0.00,0.00,7.00
02:53:00,12,80.00,0.00,10.00,0.00,0.00,3.00,0.00,0.00,0.00,7.00
02:53:00,13,81.82,0.00,9.09,0.00,0.00,3.03,0.00,0.00,0.00,6.06
02:53:00,14,81.00,0.00,10.00,0.00,0.00,2.00,0.00,0.00,0.00,7.00
02:53:00,15,82.18,0.00,8.91,0.00,0.00,1.98,0.00,0.00,0.00,6.93
02:53:01,4,79.80,0.00,9.09,0.00,0.00,3.03,0.00,0.00,0.00,8.08
02:53:01,5,82.00,0.00,7.00,0.00,0.00,3.00,0.00,0.00,0.00,8.00
02:53:01,6,80.81,0.00,9.09,0.00,0.00,2.02,0.00,0.00,0.00,8.08
02:53:01,7,79.00,0.00,10.00,0.00,0.00,3.00,0.00,0.00,0.00,8.00
02:53:01,12,80.00,0.00,10.00,0.00,0.00,2.00,0.00,0.00,0.00,8.00
02:53:01,13,78.22,0.00,10.89,0.00,0.00,2.97,0.00,0.00,0.00,7.92
02:53:01,14,80.00,0.00,9.00,0.00,0.00,3.00,0.00,0.00,0.00,8.00
02:53:01,15,80.81,0.00,7.07,0.00,0.00,4.04,0.00,0.00,0.00,8.08
02:53:02,4,81.82,0.00,8.08,0.00,0.00,3.03,0.00,0.00,0.00,7.07
02:53:02,5,83.00,0.00,8.00,0.00,0.00,2.00,0.00,0.00,0.00,7.00
02:53:02,6,81.19,0.00,8.91,0.00,0.00,2.97,0.00,0.00,0.00,6.93
02:53:02,7,81.82,0.00,8.08,0.00,0.00,3.03,0.00,0.00,0.00,7.07
02:53:02,12,82.83,0.00,8.08,0.00,0.00,3.03,0.00,0.00,0.00,6.06
02:53:02,13,81.82,0.00,8.08,0.00,0.00,3.03,0.00,0.00,0.00,7.07
02:53:02,14,82.65,0.00,8.16,0.00,0.00,3.06,0.00,0.00,0.00,6.12
02:53:02,15,81.82,0.00,9.09,0.00,0.00,2.02,0.00,0.00,0.00,7.07
02:53:03,4,82.83,0.00,8.08,0.00,0.00,2.02,0.00,0.00,0.00,7.07
02:53:03,5,83.67,0.00,7.14,0.00,0.00,2.04,0.00,0.00,0.00,7.14
02:53:03,6,82.00,0.00,8.00,0.00,0.00,2.00,0.00,0.00,0.00,8.00
02:53:03,7,81.82,0.00,8.08,0.00,0.00,2.02,0.00,0.00,0.00,8.08
02:53:03,12,80.81,0.00,10.10,0.00,0.00,1.01,0.00,0.00,0.00,8.08
02:53:03,13,81.00,0.00,9.00,0.00,0.00,3.00,0.00,0.00,0.00,7.00
02:53:03,14,82.83,0.00,7.07,0.00,0.00,2.02,0.00,0.00,0.00,8.08
02:53:03,15,81.00,0.00,8.00,0.00,0.00,3.00,0.00,0.00,0.00,8.00
02:53:04,4,80.00,0.00,8.00,0.00,0.00,4.00,0.00,0.00,0.00,8.00
02:53:04,5,77.00,0.00,12.00,0.00,0.00,3.00,0.00,0.00,0.00,8.00
02:53:04,6,81.00,0.00,9.00,0.00,0.00,3.00,0.00,0.00,0.00,7.00
02:53:04,7,84.69,0.00,7.14,0.00,0.00,1.02,0.00,0.00,0.00,7.14
02:53:04,12,81.44,0.00,8.25,0.00,0.00,3.09,0.00,0.00,0.00,7.22
02:53:04,13,79.59,0.00,9.18,0.00,0.00,3.06,0.00,0.00,0.00,8.16
02:53:04,14,80.20,0.00,8.91,0.00,0.00,2.97,0.00,0.00,0.00,7.92
02:53:04,15,82.00,0.00,9.00,0.00,0.00,2.00,0.00,0.00,0.00,7.00
02:53:05,4,82.83,0.00,8.08,0.00,0.00,3.03,0.00,0.00,0.00,6.06
02:53:05,5,81.00,0.00,11.00,0.00,0.00,2.00,0.00,0.00,0.00,6.00
02:53:05,6,82.83,0.00,8.08,0.00,0.00,2.02,0.00,0.00,0.00,7.07
02:53:05,7,80.39,0.00,7.84,0.00,0.00,3.92,0.00,0.00,0.00,7.84
02:53:05,12,82.00,0.00,8.00,0.00,0.00,3.00,0.00,0.00,0.00,7.00
02:53:05,13,83.00,0.00,9.00,0.00,0.00,2.00,0.00,0.00,0.00,6.00
02:53:05,14,84.00,0.00,7.00,0.00,0.00,3.00,0.00,0.00,0.00,6.00
02:53:05,15,81.82,0.00,8.08,0.00,0.00,3.03,0.00,0.00,0.00,7.07
02:53:06,4,81.00,0.00,9.00,0.00,0.00,2.00,0.00,0.00,0.00,8.00
02:53:06,5,82.00,0.00,8.00,0.00,0.00,3.00,0.00,0.00,0.00,7.00
02:53:06,6,80.20,0.00,8.91,0.00,0.00,2.97,0.00,0.00,0.00,7.92
02:53:06,7,83.33,0.00,6.25,0.00,0.00,3.12,0.00,0.00,0.00,7.29
02:53:06,12,80.20,0.00,9.90,0.00,0.00,2.97,0.00,0.00,0.00,6.93
02:53:06,13,81.19,0.00,7.92,0.00,0.00,3.96,0.00,0.00,0.00,6.93
02:53:06,14,81.63,0.00,8.16,0.00,0.00,2.04,0.00,0.00,0.00,8.16
02:53:06,15,83.00,0.00,6.00,0.00,0.00,3.00,0.00,0.00,0.00,8.00
02:53:07,4,81.82,0.00,8.08,0.00,0.00,3.03,0.00,0.00,0.00,7.07
02:53:07,5,81.00,0.00,9.00,0.00,0.00,2.00,0.00,0.00,0.00,8.00
02:53:07,6,80.61,0.00,10.20,0.00,0.00,2.04,0.00,0.00,0.00,7.14
02:53:07,7,82.18,0.00,7.92,0.00,0.00,1.98,0.00,0.00,0.00,7.92
02:53:07,12,81.82,0.00,8.08,0.00,0.00,2.02,0.00,0.00,0.00,8.08
02:53:07,13,79.21,0.00,9.90,0.00,0.00,2.97,0.00,0.00,0.00,7.92
02:53:07,14,82.83,0.00,7.07,0.00,0.00,3.03,0.00,0.00,0.00,7.07
02:53:07,15,81.00,0.00,8.00,0.00,0.00,3.00,0.00,0.00,0.00,8.00
02:53:08,4,79.00,0.00,8.00,0.00,0.00,4.00,0.00,0.00,0.00,9.00
02:53:08,5,80.81,0.00,7.07,0.00,0.00,4.04,0.00,0.00,0.00,8.08
02:53:08,6,79.21,0.00,8.91,0.00,0.00,2.97,0.00,0.00,0.00,8.91
02:53:08,7,79.80,0.00,9.09,0.00,0.00,2.02,0.00,0.00,0.00,9.09
02:53:08,12,80.00,0.00,10.00,0.00,0.00,2.00,0.00,0.00,0.00,8.00
02:53:08,13,79.59,0.00,9.18,0.00,0.00,3.06,0.00,0.00,0.00,8.16
02:53:08,14,79.00,0.00,9.00,0.00,0.00,3.00,0.00,0.00,0.00,9.00
02:53:08,15,80.00,0.00,10.00,0.00,0.00,2.00,0.00,0.00,0.00,8.00
02:53:09,4,82.65,0.00,8.16,0.00,0.00,3.06,0.00,0.00,0.00,6.12
02:53:09,5,82.00,0.00,9.00,0.00,0.00,3.00,0.00,0.00,0.00,6.00
02:53:09,6,83.84,0.00,8.08,0.00,0.00,2.02,0.00,0.00,0.00,6.06
02:53:09,7,81.82,0.00,10.10,0.00,0.00,2.02,0.00,0.00,0.00,6.06
02:53:09,12,81.19,0.00,7.92,0.00,0.00,3.96,0.00,0.00,0.00,6.93
02:53:09,13,83.17,0.00,8.91,0.00,0.00,1.98,0.00,0.00,0.00,5.94
02:53:09,14,82.83,0.00,8.08,0.00,0.00,3.03,0.00,0.00,0.00,6.06
02:53:09,15,81.00,0.00,9.00,0.00,0.00,3.00,0.00,0.00,0.00,7.00
02:53:10,4,82.83,0.00,7.07,0.00,0.00,2.02,0.00,0.00,0.00,8.08
02:53:10,5,80.81,0.00,10.10,0.00,0.00,2.02,0.00,0.00,0.00,7.07
02:53:10,6,81.00,0.00,8.00,0.00,0.00,3.00,0.00,0.00,0.00,8.00
02:53:10,7,78.22,0.00,10.89,0.00,0.00,2.97,0.00,0.00,0.00,7.92
02:53:10,12,79.80,0.00,10.10,0.00,0.00,3.03,0.00,0.00,0.00,7.07
02:53:10,13,80.61,0.00,9.18,0.00,0.00,3.06,0.00,0.00,0.00,7.14
02:53:10,14,80.00,0.00,10.00,0.00,0.00,2.00,0.00,0.00,0.00,8.00
02:53:10,15,81.00,0.00,9.00,0.00,0.00,3.00,0.00,0.00,0.00,7.00
02:53:11,4,81.82,0.00,8.08,0.00,0.00,2.02,0.00,0.00,0.00,8.08
02:53:11,5,80.61,0.00,9.18,0.00,0.00,2.04,0.00,0.00,0.00,8.16
02:53:11,6,79.80,0.00,9.09,0.00,0.00,3.03,0.00,0.00,0.00,8.08
02:53:11,7,82.47,0.00,7.22,0.00,0.00,2.06,0.00,0.00,0.00,8.25
02:53:11,12,80.81,0.00,9.09,0.00,0.00,2.02,0.00,0.00,0.00,8.08
02:53:11,13,77.23,0.00,10.89,0.00,0.00,3.96,0.00,0.00,0.00,7.92
02:53:11,14,81.63,0.00,7.14,0.00,0.00,3.06,0.00,0.00,0.00,8.16
02:53:11,15,81.63,0.00,7.14,0.00,0.00,2.04,0.00,0.00,0.00,9.18
02:53:12,4,81.63,0.00,10.20,0.00,0.00,2.04,0.00,0.00,0.00,6.12
02:53:12,5,81.00,0.00,10.00,0.00,0.00,2.00,0.00,0.00,0.00,7.00
02:53:12,6,81.82,0.00,9.09,0.00,0.00,2.02,0.00,0.00,0.00,7.07
02:53:12,7,82.18,0.00,7.92,0.00,0.00,2.97,0.00,0.00,0.00,6.93
02:53:12,12,82.18,0.00,7.92,0.00,0.00,2.97,0.00,0.00,0.00,6.93
02:53:12,13,83.00,0.00,8.00,0.00,0.00,2.00,0.00,0.00,0.00,7.00
02:53:12,14,83.00,0.00,7.00,0.00,0.00,3.00,0.00,0.00,0.00,7.00
02:53:12,15,81.19,0.00,9.90,0.00,0.00,2.97,0.00,0.00,0.00,5.94
02:53:13,4,83.84,0.00,7.07,0.00,0.00,2.02,0.00,0.00,0.00,7.07
02:53:13,5,82.00,0.00,8.00,0.00,0.00,3.00,0.00,0.00,0.00,7.00
02:53:13,6,81.82,0.00,9.09,0.00,0.00,3.03,0.00,0.00,0.00,6.06
02:53:13,7,81.82,0.00,9.09,0.00,0.00,2.02,0.00,0.00,0.00,7.07
02:53:13,12,81.82,0.00,10.10,0.00,0.00,2.02,0.00,0.00,0.00,6.06
02:53:13,13,80.81,0.00,9.09,0.00,0.00,3.03,0.00,0.00,0.00,7.07
02:53:13,14,81.19,0.00,8.91,0.00,0.00,2.97,0.00,0.00,0.00,6.93
02:53:13,15,82.00,0.00,8.00,0.00,0.00,3.00,0.00,0.00,0.00,7.00
02:53:14,4,81.19,0.00,7.92,0.00,0.00,3.96,0.00,0.00,0.00,6.93
02:53:14,5,82.18,0.00,7.92,0.00,0.00,2.97,0.00,0.00,0.00,6.93
02:53:14,6,81.19,0.00,8.91,0.00,0.00,2.97,0.00,0.00,0.00,6.93
02:53:14,7,82.00,0.00,8.00,0.00,0.00,3.00,0.00,0.00,0.00,7.00
02:53:14,12,81.82,0.00,9.09,0.00,0.00,2.02,0.00,0.00,0.00,7.07
02:53:14,13,83.84,0.00,8.08,0.00,0.00,1.01,0.00,0.00,0.00,7.07
02:53:14,14,82.00,0.00,8.00,0.00,0.00,3.00,0.00,0.00,0.00,7.00
02:53:14,15,81.00,0.00,9.00,0.00,0.00,3.00,0.00,0.00,0.00,7.00
02:53:15,4,82.65,0.00,9.18,0.00,0.00,2.04,0.00,0.00,0.00,6.12
02:53:15,5,82.00,0.00,9.00,0.00,0.00,2.00,0.00,0.00,0.00,7.00
02:53:15,6,80.81,0.00,9.09,0.00,0.00,3.03,0.00,0.00,0.00,7.07
02:53:15,7,82.00,0.00,8.00,0.00,0.00,3.00,0.00,0.00,0.00,7.00
02:53:15,12,83.00,0.00,7.00,0.00,0.00,3.00,0.00,0.00,0.00,7.00
02:53:15,13,83.00,0.00,8.00,0.00,0.00,3.00,0.00,0.00,0.00,6.00
02:53:15,14,83.00,0.00,7.00,0.00,0.00,3.00,0.00,0.00,0.00,7.00
02:53:15,15,81.82,0.00,10.10,0.00,0.00,1.01,0.00,0.00,0.00,7.07
02:53:16,4,80.00,0.00,8.00,0.00,0.00,4.00,0.00,0.00,0.00,8.00
02:53:16,5,77.23,0.00,11.88,0.99,0.00,2.97,0.00,0.00,0.00,6.93
02:53:16,6,79.21,0.00,9.90,0.00,0.00,2.97,0.00,0.00,0.00,7.92
02:53:16,7,80.00,0.00,10.00,0.00,0.00,2.00,0.00,0.00,0.00,8.00
02:53:16,12,81.19,0.00,7.92,0.00,0.00,2.97,0.00,0.00,0.00,7.92
02:53:16,13,79.21,0.00,8.91,0.00,0.00,3.96,0.00,0.00,0.00,7.92
02:53:16,14,78.79,0.00,12.12,0.00,0.00,2.02,0.00,0.00,0.00,7.07
02:53:16,15,81.00,0.00,8.00,0.00,0.00,3.00,0.00,0.00,0.00,8.00
02:53:17,4,84.69,0.00,6.12,0.00,0.00,2.04,0.00,0.00,0.00,7.14
02:53:17,5,82.65,0.00,8.16,0.00,0.00,2.04,0.00,0.00,0.00,7.14
02:53:17,6,82.83,0.00,8.08,0.00,0.00,2.02,0.00,0.00,0.00,7.07
02:53:17,7,83.00,0.00,8.00,0.00,0.00,2.00,0.00,0.00,0.00,7.00
02:53:17,12,82.65,0.00,9.18,0.00,0.00,1.02,0.00,0.00,0.00,7.14
02:53:17,13,81.82,0.00,8.08,0.00,0.00,3.03,0.00,0.00,0.00,7.07
02:53:17,14,82.00,0.00,9.00,0.00,0.00,2.00,0.00,0.00,0.00,7.00
02:53:17,15,80.61,0.00,9.18,0.00,0.00,3.06,0.00,0.00,0.00,7.14
02:53:18,4,80.20,0.00,8.91,0.00,0.00,2.97,0.00,0.00,0.00,7.92
02:53:18,5,81.63,0.00,8.16,0.00,0.00,2.04,0.00,0.00,0.00,8.16
02:53:18,6,81.82,0.00,7.07,0.00,0.00,2.02,0.00,0.00,0.00,9.09
02:53:18,7,80.00,0.00,9.00,0.00,0.00,2.00,0.00,0.00,0.00,9.00
02:53:18,12,81.00,0.00,8.00,0.00,0.00,3.00,0.00,0.00,0.00,8.00
02:53:18,13,80.81,0.00,9.09,0.00,0.00,2.02,0.00,0.00,0.00,8.08
02:53:18,14,80.20,0.00,6.93,0.00,0.00,3.96,0.00,0.00,0.00,8.91
02:53:18,15,79.21,0.00,9.90,0.00,0.00,1.98,0.00,0.00,0.00,8.91
02:53:19,4,81.82,0.00,9.09,0.00,0.00,2.02,0.00,0.00,0.00,7.07
02:53:19,5,81.00,0.00,7.00,0.00,0.00,4.00,0.00,0.00,0.00,8.00
02:53:19,6,81.82,0.00,8.08,0.00,0.00,3.03,0.00,0.00,0.00,7.07
02:53:19,7,81.82,0.00,8.08,0.00,0.00,3.03,0.00,0.00,0.00,7.07
02:53:19,12,82.00,0.00,8.00,0.00,0.00,2.00,0.00,0.00,0.00,8.00
02:53:19,13,81.19,0.00,7.92,0.00,0.00,2.97,0.00,0.00,0.00,7.92
02:53:19,14,81.82,0.00,10.10,0.00,0.00,1.01,0.00,0.00,0.00,7.07
02:53:19,15,80.81,0.00,9.09,0.00,0.00,3.03,0.00,0.00,0.00,7.07
02:53:20,4,83.84,0.00,7.07,0.00,0.00,2.02,0.00,0.00,0.00,7.07
02:53:20,5,81.82,0.00,9.09,0.00,0.00,2.02,0.00,0.00,0.00,7.07
02:53:20,6,81.82,0.00,9.09,0.00,0.00,2.02,0.00,0.00,0.00,7.07
02:53:20,7,80.20,0.00,7.92,0.00,0.00,3.96,0.00,0.00,0.00,7.92
02:53:20,12,80.81,0.00,9.09,0.00,0.00,3.03,0.00,0.00,0.00,7.07
02:53:20,13,81.82,0.00,8.08,0.00,0.00,3.03,0.00,0.00,0.00,7.07
02:53:20,14,82.83,0.00,7.07,0.00,0.00,3.03,0.00,0.00,0.00,7.07
02:53:20,15,80.81,0.00,8.08,0.00,0.00,3.03,0.00,0.00,0.00,8.08
02:53:21,4,82.00,0.00,9.00,0.00,0.00,3.00,0.00,0.00,0.00,6.00
02:53:21,5,79.59,0.00,11.22,0.00,0.00,3.06,0.00,0.00,0.00,6.12
02:53:21,6,81.82,0.00,8.08,0.00,0.00,3.03,0.00,0.00,0.00,7.07
02:53:21,7,82.00,0.00,9.00,0.00,0.00,2.00,0.00,0.00,0.00,7.00
02:53:21,12,82.83,0.00,8.08,0.00,0.00,3.03,0.00,0.00,0.00,6.06
02:53:21,13,83.84,0.00,8.08,0.00,0.00,2.02,0.00,0.00,0.00,6.06
02:53:21,14,81.19,0.00,8.91,0.00,0.00,2.97,0.00,0.00,0.00,6.93
02:53:21,15,82.65,0.00,9.18,0.00,0.00,2.04,0.00,0.00,0.00,6.12
02:53:22,4,79.59,0.00,10.20,0.00,0.00,3.06,0.00,0.00,0.00,7.14
02:53:22,5,80.20,0.00,9.90,0.00,0.00,2.97,0.00,0.00,0.00,6.93
02:53:22,6,81.19,0.00,8.91,0.00,0.00,2.97,0.00,0.00,0.00,6.93
02:53:22,7,80.61,0.00,9.18,0.00,0.00,3.06,0.00,0.00,0.00,7.14
02:53:22,12,82.00,0.00,9.00,0.00,0.00,2.00,0.00,0.00,0.00,7.00
02:53:22,13,80.20,0.00,9.90,0.00,0.00,2.97,0.00,0.00,0.00,6.93
02:53:22,14,82.83,0.00,8.08,0.00,0.00,2.02,0.00,0.00,0.00,7.07
02:53:22,15,79.21,0.00,9.90,0.00,0.00,2.97,0.00,0.00,0.00,7.92
02:53:23,4,80.00,0.00,9.00,0.00,0.00,2.00,0.00,0.00,0.00,9.00
02:53:23,5,81.00,0.00,8.00,0.00,0.00,3.00,0.00,0.00,0.00,8.00
02:53:23,6,80.61,0.00,8.16,0.00,0.00,3.06,0.00,0.00,0.00,8.16
02:53:23,7,81.00,0.00,8.00,0.00,0.00,3.00,0.00,0.00,0.00,8.00
02:53:23,12,82.83,0.00,7.07,0.00,0.00,2.02,0.00,0.00,0.00,8.08
02:53:23,13,81.82,0.00,8.08,0.00,0.00,2.02,0.00,0.00,0.00,8.08
02:53:23,14,83.84,0.00,6.06,0.00,0.00,2.02,0.00,0.00,0.00,8.08
02:53:23,15,81.00,0.00,8.00,0.00,0.00,3.00,0.00,0.00,0.00,8.00
02:53:24,4,80.81,0.00,9.09,0.00,0.00,3.03,0.00,0.00,0.00,7.07
02:53:24,5,83.67,0.00,8.16,0.00,0.00,1.02,0.00,0.00,0.00,7.14
02:53:24,6,82.83,0.00,8.08,0.00,0.00,2.02,0.00,0.00,0.00,7.07
02:53:24,7,83.67,0.00,7.14,0.00,0.00,1.02,0.00,0.00,0.00,8.16
02:53:24,12,82.00,0.00,9.00,0.00,0.00,2.00,0.00,0.00,0.00,7.00
02:53:24,13,81.82,0.00,9.09,0.00,0.00,2.02,0.00,0.00,0.00,7.07
02:53:24,14,82.00,0.00,8.00,0.00,0.00,3.00,0.00,0.00,0.00,7.00
02:53:24,15,80.20,0.00,8.91,0.00,0.00,2.97,0.00,0.00,0.00,7.92
02:53:25,4,82.00,0.00,8.00,0.00,0.00,3.00,0.00,0.00,0.00,7.00
02:53:25,5,81.19,0.00,7.92,0.00,0.00,2.97,0.00,0.00,0.00,7.92
02:53:25,6,80.20,0.00,8.91,0.00,0.00,2.97,0.00,0.00,0.00,7.92
02:53:25,7,80.00,0.00,9.00,0.00,0.00,3.00,0.00,0.00,0.00,8.00
02:53:25,12,81.82,0.00,8.08,0.00,0.00,2.02,0.00,0.00,0.00,8.08
02:53:25,13,82.00,0.00,8.00,0.00,0.00,3.00,0.00,0.00,0.00,7.00
02:53:25,14,81.82,0.00,8.08,0.00,0.00,2.02,0.00,0.00,0.00,8.08
02:53:25,15,81.82,0.00,7.07,0.00,0.00,3.03,0.00,0.00,0.00,8.08
02:53:26,4,82.83,0.00,8.08,0.00,0.00,2.02,0.00,0.00,0.00,7.07
02:53:26,5,80.81,0.00,11.11,0.00,0.00,2.02,0.00,0.00,0.00,6.06
02:53:26,6,82.83,0.00,8.08,0.00,0.00,2.02,0.00,0.00,0.00,7.07
02:53:26,7,80.81,0.00,10.10,0.00,0.00,2.02,0.00,0.00,0.00,7.07
02:53:26,12,82.00,0.00,9.00,0.00,0.00,2.00,0.00,0.00,0.00,7.00
02:53:26,13,82.65,0.00,7.14,0.00,0.00,3.06,0.00,0.00,0.00,7.14
02:53:26,14,81.19,0.00,8.91,0.00,0.00,2.97,0.00,0.00,0.00,6.93
02:53:26,15,82.83,0.00,8.08,0.00,0.00,2.02,0.00,0.00,0.00,7.07
02:53:27,4,84.00,0.00,7.00,0.00,0.00,2.00,0.00,0.00,0.00,7.00
02:53:27,5,81.19,0.00,8.91,0.00,0.00,2.97,0.00,0.00,0.00,6.93
02:53:27,6,82.00,0.00,8.00,0.00,0.00,3.00,0.00,0.00,0.00,7.00
02:53:27,7,80.00,0.00,9.00,0.00,0.00,4.00,0.00,0.00,0.00,7.00
02:53:27,12,80.81,0.00,9.09,0.00,0.00,3.03,0.00,0.00,0.00,7.07
02:53:27,13,78.22,0.00,8.91,0.00,0.00,4.95,0.00,0.00,0.00,7.92
02:53:27,14,82.65,0.00,8.16,0.00,0.00,2.04,0.00,0.00,0.00,7.14
02:53:27,15,82.83,0.00,8.08,0.00,0.00,2.02,0.00,0.00,0.00,7.07
02:53:28,4,81.63,0.00,7.14,0.00,0.00,3.06,0.00,0.00,0.00,8.16
02:53:28,5,80.81,0.00,9.09,0.00,0.00,2.02,0.00,0.00,0.00,8.08
02:53:28,6,80.61,0.00,8.16,0.00,0.00,3.06,0.00,0.00,0.00,8.16
02:53:28,7,82.65,0.00,8.16,0.00,0.00,1.02,0.00,0.00,0.00,8.16
02:53:28,12,80.00,0.00,10.00,0.00,0.00,2.00,0.00,0.00,0.00,8.00
02:53:28,13,80.81,0.00,9.09,0.00,0.00,3.03,0.00,0.00,0.00,7.07
02:53:28,14,78.79,0.00,9.09,0.00,0.00,3.03,0.00,0.00,0.00,9.09
02:53:28,15,81.00,0.00,7.00,0.00,0.00,3.00,0.00,0.00,0.00,9.00
02:53:29,4,81.00,0.00,9.00,0.00,0.00,3.00,0.00,0.00,0.00,7.00
02:53:29,5,81.63,0.00,8.16,0.00,0.00,3.06,0.00,0.00,0.00,7.14
02:53:29,6,82.65,0.00,7.14,0.00,0.00,3.06,0.00,0.00,0.00,7.14
02:53:29,7,82.00,0.00,8.00,0.00,0.00,3.00,0.00,0.00,0.00,7.00
02:53:29,12,83.00,0.00,8.00,0.00,0.00,2.00,0.00,0.00,0.00,7.00
02:53:29,13,79.80,0.00,9.09,0.00,0.00,4.04,0.00,0.00,0.00,7.07
02:53:29,14,80.00,0.00,9.00,0.00,0.00,4.00,0.00,0.00,0.00,7.00
02:53:29,15,82.00,0.00,8.00,0.00,0.00,3.00,0.00,0.00,0.00,7.00
02:53:30,4,79.21,0.00,10.89,0.00,0.00,1.98,0.00,0.00,0.00,7.92
02:53:30,5,82.83,0.00,8.08,0.00,0.00,2.02,0.00,0.00,0.00,7.07
02:53:30,6,80.39,0.00,8.82,0.00,0.00,2.94,0.00,0.00,0.00,7.84
02:53:30,7,78.79,0.00,10.10,0.00,0.00,3.03,0.00,0.00,0.00,8.08
02:53:30,12,78.79,0.00,11.11,0.00,0.00,2.02,0.00,0.00,0.00,8.08
02:53:30,13,79.00,0.00,11.00,0.00,0.00,2.00,0.00,0.00,0.00,8.00
02:53:30,14,80.81,0.00,9.09,0.00,0.00,3.03,0.00,0.00,0.00,7.07
02:53:30,15,81.63,0.00,8.16,0.00,0.00,3.06,0.00,0.00,0.00,7.14
02:53:31,4,79.80,0.00,10.10,0.00,0.00,3.03,0.00,0.00,0.00,7.07
02:53:31,5,82.00,0.00,8.00,0.00,0.00,3.00,0.00,0.00,0.00,7.00
02:53:31,6,80.61,0.00,9.18,0.00,0.00,3.06,0.00,0.00,0.00,7.14
02:53:31,7,82.00,0.00,8.00,0.00,0.00,3.00,0.00,0.00,0.00,7.00
02:53:31,12,83.67,0.00,7.14,0.00,0.00,2.04,0.00,0.00,0.00,7.14
02:53:31,13,81.82,0.00,8.08,0.00,0.00,3.03,0.00,0.00,0.00,7.07
02:53:31,14,82.00,0.00,8.00,0.00,0.00,2.00,0.00,0.00,0.00,8.00
02:53:31,15,82.00,0.00,9.00,0.00,0.00,2.00,0.00,0.00,0.00,7.00
02:53:32,4,81.63,0.00,8.16,0.00,0.00,3.06,0.00,0.00,0.00,7.14
02:53:32,5,81.00,0.00,9.00,0.00,0.00,2.00,0.00,0.00,0.00,8.00
02:53:32,6,81.00,0.00,8.00,0.00,0.00,3.00,0.00,0.00,0.00,8.00
02:53:32,7,80.00,0.00,9.00,0.00,0.00,2.00,0.00,0.00,0.00,9.00
02:53:32,12,80.00,0.00,9.00,0.00,0.00,3.00,0.00,0.00,0.00,8.00
02:53:32,13,80.81,0.00,9.09,0.00,0.00,3.03,0.00,0.00,0.00,7.07
02:53:32,14,83.67,0.00,7.14,0.00,0.00,2.04,0.00,0.00,0.00,7.14
02:53:32,15,81.19,0.00,7.92,0.00,0.00,1.98,0.00,0.00,0.00,8.91
02:53:33,4,79.21,0.00,8.91,0.00,0.00,2.97,0.00,0.00,0.00,8.91
02:53:33,5,78.79,0.00,11.11,0.00,0.00,2.02,0.00,0.00,0.00,8.08
02:53:33,6,81.00,0.00,7.00,0.00,0.00,4.00,0.00,0.00,0.00,8.00
02:53:33,7,79.80,0.00,9.09,0.00,0.00,3.03,0.00,0.00,0.00,8.08
02:53:33,12,80.81,0.00,9.09,0.00,0.00,2.02,0.00,0.00,0.00,8.08
02:53:33,13,82.00,0.00,8.00,0.00,0.00,2.00,0.00,0.00,0.00,8.00
02:53:33,14,81.00,0.00,8.00,0.00,0.00,2.00,0.00,0.00,0.00,9.00
02:53:33,15,81.00,0.00,9.00,0.00,0.00,2.00,0.00,0.00,0.00,8.00
02:53:34,4,82.83,0.00,8.08,0.00,0.00,2.02,0.00,0.00,0.00,7.07
02:53:34,5,81.00,0.00,9.00,0.00,0.00,3.00,0.00,0.00,0.00,7.00
02:53:34,6,83.84,0.00,7.07,0.00,0.00,2.02,0.00,0.00,0.00,7.07
02:53:34,7,80.00,0.00,10.00,0.00,0.00,2.00,0.00,0.00,0.00,8.00
02:53:34,12,82.83,0.00,8.08,0.00,0.00,2.02,0.00,0.00,0.00,7.07
02:53:34,13,81.82,0.00,7.07,0.00,0.00,3.03,0.00,0.00,0.00,8.08
02:53:34,14,81.82,0.00,8.08,0.00,0.00,3.03,0.00,0.00,0.00,7.07
02:53:34,15,81.00,0.00,8.00,0.00,0.00,3.00,0.00,0.00,0.00,8.00
02:53:35,4,81.00,0.00,9.00,0.00,0.00,3.00,0.00,0.00,0.00,7.00
02:53:35,5,79.80,0.00,9.09,0.00,0.00,3.03,0.00,0.00,0.00,8.08
02:53:35,6,81.82,0.00,7.07,0.00,0.00,3.03,0.00,0.00,0.00,8.08
02:53:35,7,79.59,0.00,10.20,0.00,0.00,3.06,0.00,0.00,0.00,7.14
02:53:35,12,80.00,0.00,9.00,0.00,0.00,3.00,0.00,0.00,0.00,8.00
02:53:35,13,82.00,0.00,8.00,0.00,0.00,3.00,0.00,0.00,0.00,7.00
02:53:35,14,81.19,0.00,7.92,0.00,0.00,2.97,0.00,0.00,0.00,7.92
02:53:35,15,80.81,0.00,8.08,0.00,0.00,3.03,0.00,0.00,0.00,8.08
02:53:36,4,80.81,0.00,9.09,0.00,0.00,2.02,0.00,0.00,0.00,8.08
02:53:36,5,79.21,0.00,10.89,0.00,0.00,1.98,0.00,0.00,0.00,7.92
02:53:36,6,81.19,0.00,7.92,0.00,0.00,2.97,0.00,0.00,0.00,7.92
02:53:36,7,80.00,0.00,9.00,0.00,0.00,3.00,0.00,0.00,0.00,8.00
02:53:36,12,80.20,0.00,9.90,0.00,0.00,1.98,0.00,0.00,0.00,7.92
02:53:36,13,81.82,0.00,9.09,0.00,0.00,2.02,0.00,0.00,0.00,7.07
02:53:36,14,80.00,0.00,9.00,0.00,0.00,3.00,0.00,0.00,0.00,8.00
02:53:36,15,81.00,0.00,9.00,0.00,0.00,2.00,0.00,0.00,0.00,8.00
02:53:37,4,82.83,0.00,8.08,0.00,0.00,3.03,0.00,0.00,0.00,6.06
02:53:37,5,81.63,0.00,10.20,0.00,0.00,3.06,0.00,0.00,0.00,5.10
02:53:37,6,84.69,0.00,6.12,0.00,0.00,3.06,0.00,0.00,0.00,6.12
02:53:37,7,81.00,0.00,10.00,0.00,0.00,2.00,0.00,0.00,0.00,7.00
02:53:37,12,82.00,0.00,10.00,0.00,0.00,2.00,0.00,0.00,0.00,6.00
02:53:37,13,83.00,0.00,7.00,0.00,0.00,3.00,0.00,0.00,0.00,7.00
02:53:37,14,83.00,0.00,9.00,0.00,0.00,2.00,0.00,0.00,0.00,6.00
02:53:37,15,81.82,0.00,9.09,0.00,0.00,2.02,0.00,0.00,0.00,7.07
02:53:38,4,82.00,0.00,8.00,0.00,0.00,3.00,0.00,0.00,0.00,7.00
02:53:38,5,80.20,0.00,9.90,0.00,0.00,1.98,0.00,0.00,0.00,7.92
02:53:38,6,80.20,0.00,8.91,0.00,0.00,2.97,0.00,0.00,0.00,7.92
02:53:38,7,81.00,0.00,9.00,0.00,0.00,3.00,0.00,0.00,0.00,7.00
02:53:38,12,81.00,0.00,8.00,0.00,0.00,3.00,0.00,0.00,0.00,8.00
02:53:38,13,80.81,0.00,9.09,0.00,0.00,3.03,0.00,0.00,0.00,7.07
02:53:38,14,79.80,0.00,10.10,0.00,0.00,2.02,0.00,0.00,0.00,8.08
02:53:38,15,81.82,0.00,9.09,0.00,0.00,2.02,0.00,0.00,0.00,7.07
02:53:39,4,81.82,0.00,8.08,0.00,0.00,2.02,0.00,0.00,0.00,8.08
02:53:39,5,79.59,0.00,9.18,0.00,0.00,3.06,0.00,0.00,0.00,8.16
02:53:39,6,81.44,0.00,8.25,0.00,0.00,3.09,0.00,0.00,0.00,7.22
02:53:39,7,80.81,0.00,9.09,0.00,0.00,2.02,0.00,0.00,0.00,8.08
02:53:39,12,84.69,0.00,6.12,0.00,0.00,2.04,0.00,0.00,0.00,7.14
02:53:39,13,80.20,0.00,8.91,0.00,0.00,2.97,0.00,0.00,0.00,7.92
02:53:39,14,81.19,0.00,7.92,0.00,0.00,2.97,0.00,0.00,0.00,7.92
02:53:39,15,82.18,0.00,7.92,0.00,0.00,1.98,0.00,0.00,0.00,7.92
02:53:40,4,81.82,0.00,9.09,0.00,0.00,2.02,0.00,0.00,0.00,7.07
02:53:40,5,81.82,0.00,8.08,0.00,0.00,3.03,0.00,0.00,0.00,7.07
02:53:40,6,78.22,0.00,9.90,0.00,0.00,2.97,0.00,0.00,0.00,8.91
02:53:40,7,80.81,0.00,8.08,0.00,0.00,3.03,0.00,0.00,0.00,8.08
02:53:40,12,81.82,0.00,8.08,0.00,0.00,2.02,0.00,0.00,0.00,8.08
02:53:40,13,81.82,0.00,7.07,0.00,0.00,3.03,0.00,0.00,0.00,8.08
02:53:40,14,80.00,0.00,9.00,0.00,0.00,3.00,0.00,0.00,0.00,8.00
02:53:40,15,82.65,0.00,7.14,0.00,0.00,2.04,0.00,0.00,0.00,8.16
02:53:41,4,80.81,0.00,8.08,0.00,0.00,3.03,0.00,0.00,0.00,8.08
02:53:41,5,81.00,0.00,8.00,0.00,0.00,3.00,0.00,0.00,0.00,8.00
02:53:41,6,81.00,0.00,9.00,0.00,0.00,2.00,0.00,0.00,0.00,8.00
02:53:41,7,78.79,0.00,10.10,0.00,0.00,3.03,0.00,0.00,0.00,8.08
02:53:41,12,80.00,0.00,9.00,0.00,0.00,3.00,0.00,0.00,0.00,8.00
02:53:41,13,80.00,0.00,9.00,0.00,0.00,3.00,0.00,0.00,0.00,8.00
02:53:41,14,82.47,0.00,8.25,0.00,0.00,2.06,0.00,0.00,0.00,7.22
02:53:41,15,78.22,0.00,8.91,0.00,0.00,3.96,0.00,0.00,0.00,8.91
02:53:42,4,80.39,0.00,9.80,0.00,0.00,2.94,0.00,0.00,0.00,6.86
02:53:42,5,82.83,0.00,10.10,0.00,0.00,2.02,0.00,0.00,0.00,5.05
02:53:42,6,82.00,0.00,9.00,0.00,0.00,3.00,0.00,0.00,0.00,6.00
02:53:42,7,82.00,0.00,10.00,0.00,0.00,1.00,0.00,0.00,0.00,7.00
02:53:42,12,82.00,0.00,9.00,0.00,0.00,3.00,0.00,0.00,0.00,6.00
02:53:42,13,79.80,0.00,12.12,0.00,0.00,3.03,0.00,0.00,0.00,5.05
02:53:42,14,81.00,0.00,9.00,0.00,0.00,3.00,0.00,0.00,0.00,7.00
02:53:42,15,82.00,0.00,9.00,0.00,0.00,3.00,0.00,0.00,0.00,6.00
02:53:43,4,81.63,0.00,8.16,0.00,0.00,3.06,0.00,0.00,0.00,7.14
02:53:43,5,81.00,0.00,9.00,0.00,0.00,2.00,0.00,0.00,0.00,8.00
02:53:43,6,80.81,0.00,8.08,0.00,0.00,3.03,0.00,0.00,0.00,8.08
02:53:43,7,81.63,0.00,8.16,0.00,0.00,3.06,0.00,0.00,0.00,7.14
02:53:43,12,82.83,0.00,9.09,0.00,0.00,1.01,0.00,0.00,0.00,7.07
02:53:43,13,79.00,0.00,10.00,0.00,0.00,3.00,0.00,0.00,0.00,8.00
02:53:43,14,81.19,0.00,7.92,0.00,0.00,2.97,0.00,0.00,0.00,7.92
02:53:43,15,82.00,0.00,8.00,0.00,0.00,2.00,0.00,0.00,0.00,8.00
02:53:44,4,83.00,0.00,8.00,0.00,0.00,2.00,0.00,0.00,0.00,7.00
02:53:44,5,81.82,0.00,9.09,0.00,0.00,2.02,0.00,0.00,0.00,7.07
02:53:44,6,82.83,0.00,7.07,0.00,0.00,3.03,0.00,0.00,0.00,7.07
02:53:44,7,82.18,0.00,7.92,0.00,0.00,1.98,0.00,0.00,0.00,7.92
02:53:44,12,81.37,0.00,7.84,0.00,0.00,2.94,0.00,0.00,0.00,7.84
02:53:44,13,80.00,0.00,10.00,0.00,0.00,3.00,0.00,0.00,0.00,7.00
02:53:44,14,81.82,0.00,8.08,0.00,0.00,3.03,0.00,0.00,0.00,7.07
02:53:44,15,82.65,0.00,8.16,0.00,0.00,2.04,0.00,0.00,0.00,7.14
02:53:45,4,83.67,0.00,7.14,0.00,0.00,1.02,0.00,0.00,0.00,8.16
02:53:45,5,81.44,0.00,7.22,0.00,0.00,3.09,0.00,0.00,0.00,8.25
02:53:45,6,81.63,0.00,8.16,0.00,0.00,2.04,0.00,0.00,0.00,8.16
02:53:45,7,80.00,0.00,9.00,0.00,0.00,2.00,0.00,0.00,0.00,9.00
02:53:45,12,82.47,0.00,8.25,0.00,0.00,2.06,0.00,0.00,0.00,7.22
02:53:45,13,83.00,0.00,7.00,0.00,0.00,2.00,0.00,0.00,0.00,8.00
02:53:45,14,79.80,0.00,9.09,0.00,0.00,3.03,0.00,0.00,0.00,8.08
02:53:45,15,79.00,0.00,9.00,0.00,0.00,3.00,0.00,0.00,0.00,9.00
02:53:46,4,82.00,0.00,8.00,0.00,0.00,2.00,0.00,0.00,0.00,8.00
02:53:46,5,80.00,0.00,9.00,0.00,0.00,3.00,0.00,0.00,0.00,8.00
02:53:46,6,81.19,0.00,7.92,0.00,0.00,3.96,0.00,0.00,0.00,6.93
02:53:46,7,79.00,0.00,9.00,0.00,0.00,4.00,0.00,0.00,0.00,8.00
02:53:46,12,79.41,0.00,8.82,0.00,0.00,3.92,0.00,0.00,0.00,7.84
02:53:46,13,80.81,0.00,10.10,0.00,0.00,2.02,0.00,0.00,0.00,7.07
02:53:46,14,83.84,0.00,7.07,0.00,0.00,2.02,0.00,0.00,0.00,7.07
02:53:46,15,79.80,0.00,9.09,0.00,0.00,3.03,0.00,0.00,0.00,8.08
02:53:47,4,84.85,0.00,7.07,0.00,0.00,3.03,0.00,0.00,0.00,5.05
02:53:47,5,81.00,0.00,11.00,0.00,0.00,4.00,0.00,0.00,0.00,4.00
02:53:47,6,81.82,0.00,9.09,0.00,0.00,3.03,0.00,0.00,0.00,6.06
02:53:47,7,84.69,0.00,8.16,0.00,0.00,2.04,0.00,0.00,0.00,5.10
02:53:47,12,81.00,0.00,10.00,0.00,0.00,3.00,0.00,0.00,0.00,6.00
02:53:47,13,80.20,0.00,10.89,0.00,0.00,2.97,0.00,0.00,0.00,5.94
02:53:47,14,82.00,0.00,9.00,0.00,0.00,3.00,0.00,0.00,0.00,6.00
02:53:47,15,83.00,0.00,8.00,0.00,0.00,3.00,0.00,0.00,0.00,6.00
02:53:48,4,82.00,0.00,8.00,0.00,0.00,2.00,0.00,0.00,0.00,8.00
02:53:48,5,81.00,0.00,8.00,0.00,0.00,3.00,0.00,0.00,0.00,8.00
02:53:48,6,82.83,0.00,8.08,0.00,0.00,2.02,0.00,0.00,0.00,7.07
02:53:48,7,79.00,0.00,10.00,0.00,0.00,3.00,0.00,0.00,0.00,8.00
02:53:48,12,82.83,0.00,8.08,0.00,0.00,2.02,0.00,0.00,0.00,7.07
02:53:48,13,82.65,0.00,7.14,0.00,0.00,3.06,0.00,0.00,0.00,7.14
02:53:48,14,80.81,0.00,8.08,0.00,0.00,3.03,0.00,0.00,0.00,8.08
02:53:48,15,82.00,0.00,8.00,0.00,0.00,3.00,0.00,0.00,0.00,7.00
02:53:49,4,80.81,0.00,8.08,0.00,0.00,3.03,0.00,0.00,0.00,8.08
02:53:49,5,81.82,0.00,8.08,0.00,0.00,2.02,0.00,0.00,0.00,8.08
02:53:49,6,79.00,0.00,9.00,0.00,0.00,4.00,0.00,0.00,0.00,8.00
02:53:49,7,81.00,0.00,8.00,0.00,0.00,3.00,0.00,0.00,0.00,8.00
02:53:49,12,81.19,0.00,7.92,0.00,0.00,2.97,0.00,0.00,0.00,7.92
02:53:49,13,81.82,0.00,9.09,0.00,0.00,2.02,0.00,0.00,0.00,7.07
02:53:49,14,82.00,0.00,7.00,0.00,0.00,4.00,0.00,0.00,0.00,7.00
02:53:49,15,80.81,0.00,8.08,0.00,0.00,2.02,0.00,0.00,0.00,9.09
02:53:50,4,80.81,0.00,9.09,0.00,0.00,3.03,0.00,0.00,0.00,7.07
02:53:50,5,82.65,0.00,8.16,0.00,0.00,2.04,0.00,0.00,0.00,7.14
02:53:50,6,80.20,0.00,9.90,0.00,0.00,1.98,0.00,0.00,0.00,7.92
02:53:50,7,80.61,0.00,8.16,0.00,0.00,3.06,0.00,0.00,0.00,8.16
02:53:50,12,82.65,0.00,7.14,0.00,0.00,2.04,0.00,0.00,0.00,8.16
02:53:50,13,79.21,0.00,9.90,0.00,0.00,2.97,0.00,0.00,0.00,7.92
02:53:50,14,82.00,0.00,8.00,0.00,0.00,2.00,0.00,0.00,0.00,8.00
02:53:50,15,80.81,0.00,8.08,0.00,0.00,3.03,0.00,0.00,0.00,8.08
02:53:51,4,81.82,0.00,8.08,0.00,0.00,2.02,0.00,0.00,0.00,8.08
02:53:51,5,80.20,0.00,8.91,0.00,0.00,2.97,0.00,0.00,0.00,7.92
02:53:51,6,81.82,0.00,7.07,0.00,0.00,3.03,0.00,0.00,0.00,8.08
02:53:51,7,78.79,0.00,10.10,0.00,0.00,3.03,0.00,0.00,0.00,8.08
02:53:51,12,83.00,0.00,7.00,0.00,0.00,2.00,0.00,0.00,0.00,8.00
02:53:51,13,82.00,0.00,8.00,0.00,0.00,2.00,0.00,0.00,0.00,8.00
02:53:51,14,79.21,0.00,8.91,0.00,0.00,2.97,0.00,0.00,0.00,8.91
02:53:51,15,79.00,0.00,10.00,0.00,0.00,3.00,0.00,0.00,0.00,8.00
02:53:52,4,79.00,0.00,9.00,0.00,0.00,4.00,0.00,0.00,0.00,8.00
02:53:52,5,80.81,0.00,9.09,0.00,0.00,2.02,0.00,0.00,0.00,8.08
02:53:52,6,80.81,0.00,9.09,0.00,0.00,2.02,0.00,0.00,0.00,8.08
02:53:52,7,80.00,0.00,9.00,0.00,0.00,3.00,0.00,0.00,0.00,8.00
02:53:52,12,81.00,0.00,9.00,0.00,0.00,2.00,0.00,0.00,0.00,8.00
02:53:52,13,80.00,0.00,9.00,0.00,0.00,3.00,0.00,0.00,0.00,8.00
02:53:52,14,80.81,0.00,9.09,0.00,0.00,3.03,0.00,0.00,0.00,7.07
02:53:52,15,81.00,0.00,8.00,0.00,0.00,3.00,0.00,0.00,0.00,8.00
02:53:53,4,84.54,0.00,7.22,0.00,0.00,2.06,0.00,0.00,0.00,6.19
02:53:53,5,80.20,0.00,8.91,0.00,0.00,3.96,0.00,0.00,0.00,6.93
02:53:53,6,82.00,0.00,9.00,0.00,0.00,2.00,0.00,0.00,0.00,7.00
02:53:53,7,80.81,0.00,9.09,0.00,0.00,3.03,0.00,0.00,0.00,7.07
02:53:53,12,81.82,0.00,9.09,0.00,0.00,3.03,0.00,0.00,0.00,6.06
02:53:53,13,81.82,0.00,9.09,0.00,0.00,3.03,0.00,0.00,0.00,6.06
02:53:53,14,81.00,0.00,10.00,0.00,0.00,2.00,0.00,0.00,0.00,7.00
02:53:53,15,82.83,0.00,8.08,0.00,0.00,3.03,0.00,0.00,0.00,6.06
02:53:54,4,80.20,0.00,9.90,0.00,0.00,1.98,0.00,0.00,0.00,7.92
02:53:54,5,80.00,0.00,10.00,0.00,0.00,2.00,0.00,0.00,0.00,8.00
02:53:54,6,81.82,0.00,8.08,0.00,0.00,3.03,0.00,0.00,0.00,7.07
02:53:54,7,80.81,0.00,8.08,0.00,0.00,3.03,0.00,0.00,0.00,8.08
02:53:54,12,81.00,0.00,9.00,0.00,0.00,2.00,0.00,0.00,0.00,8.00
02:53:54,13,81.00,0.00,8.00,0.00,0.00,3.00,0.00,0.00,0.00,8.00
02:53:54,14,81.00,0.00,8.00,0.00,0.00,3.00,0.00,0.00,0.00,8.00
02:53:54,15,81.19,0.00,8.91,0.00,0.00,1.98,0.00,0.00,0.00,7.92
02:53:55,4,80.81,0.00,8.08,0.00,0.00,4.04,0.00,0.00,0.00,7.07
02:53:55,5,82.65,0.00,8.16,0.00,0.00,2.04,0.00,0.00,0.00,7.14
02:53:55,6,80.00,0.00,11.00,0.00,0.00,2.00,0.00,0.00,0.00,7.00
02:53:55,7,82.65,0.00,8.16,0.00,0.00,2.04,0.00,0.00,0.00,7.14
02:53:55,12,80.81,0.00,9.09,0.00,0.00,3.03,0.00,0.00,0.00,7.07
02:53:55,13,81.82,0.00,9.09,0.00,0.00,2.02,0.00,0.00,0.00,7.07
02:53:55,14,82.00,0.00,9.00,0.00,0.00,2.00,0.00,0.00,0.00,7.00
02:53:55,15,81.82,0.00,8.08,0.00,0.00,3.03,0.00,0.00,0.00,7.07
02:53:56,4,81.82,0.00,8.08,0.00,0.00,2.02,0.00,0.00,0.00,8.08
02:53:56,5,81.00,0.00,9.00,0.00,0.00,3.00,0.00,0.00,0.00,7.00
02:53:56,6,80.20,0.00,7.92,0.00,0.00,3.96,0.00,0.00,0.00,7.92
02:53:56,7,81.19,0.00,7.92,0.00,0.00,2.97,0.00,0.00,0.00,7.92
02:53:56,12,78.00,0.00,11.00,0.00,0.00,3.00,0.00,0.00,0.00,8.00
02:53:56,13,81.82,0.00,8.08,0.00,0.00,2.02,0.00,0.00,0.00,8.08
02:53:56,14,82.47,0.00,8.25,0.00,0.00,2.06,0.00,0.00,0.00,7.22
02:53:56,15,80.00,0.00,10.00,0.00,0.00,2.00,0.00,0.00,0.00,8.00
02:53:57,4,81.00,0.00,9.00,0.00,0.00,2.00,0.00,0.00,0.00,8.00
02:53:57,5,80.81,0.00,9.09,0.00,0.00,2.02,0.00,0.00,0.00,8.08
02:53:57,6,81.00,0.00,8.00,0.00,0.00,3.00,0.00,0.00,0.00,8.00
02:53:57,7,80.00,0.00,8.00,0.00,0.00,3.00,0.00,0.00,0.00,9.00
02:53:57,12,79.59,0.00,9.18,0.00,0.00,3.06,0.00,0.00,0.00,8.16
02:53:57,13,79.00,0.00,10.00,0.00,0.00,2.00,0.00,0.00,0.00,9.00
02:53:57,14,81.82,0.00,9.09,0.00,0.00,1.01,0.00,0.00,0.00,8.08
02:53:57,15,82.83,0.00,7.07,0.00,0.00,2.02,0.00,0.00,0.00,8.08
02:53:58,4,83.84,0.00,8.08,0.00,0.00,1.01,0.00,0.00,0.00,7.07
02:53:58,5,84.00,0.00,8.00,0.00,0.00,2.00,0.00,0.00,0.00,6.00
02:53:58,6,84.00,0.00,7.00,0.00,0.00,3.00,0.00,0.00,0.00,6.00
02:53:58,7,82.00,0.00,8.00,0.00,0.00,4.00,0.00,0.00,0.00,6.00
02:53:58,12,81.19,0.00,9.90,0.00,0.00,2.97,0.00,0.00,0.00,5.94
02:53:58,13,84.00,0.00,7.00,0.00,0.00,3.00,0.00,0.00,0.00,6.00
02:53:58,14,80.81,0.00,10.10,0.00,0.00,3.03,0.00,0.00,0.00,6.06
02:53:58,15,84.85,0.00,6.06,0.00,0.00,2.02,0.00,0.00,0.00,7.07
02:53:59,4,80.81,0.00,9.09,0.00,0.00,3.03,0.00,0.00,0.00,7.07
02:53:59,5,79.59,0.00,10.20,0.00,0.00,3.06,0.00,0.00,0.00,7.14
02:53:59,6,83.67,0.00,7.14,0.00,0.00,2.04,0.00,0.00,0.00,7.14
02:53:59,7,81.82,0.00,8.08,0.00,0.00,2.02,0.00,0.00,0.00,8.08
02:53:59,12,82.00,0.00,8.00,0.00,0.00,2.00,0.00,0.00,0.00,8.00
02:53:59,13,80.61,0.00,9.18,0.00,0.00,3.06,0.00,0.00,0.00,7.14
02:53:59,14,81.00,0.00,8.00,0.00,0.00,3.00,0.00,0.00,0.00,8.00
02:53:59,15,81.82,0.00,7.07,0.00,0.00,3.03,0.00,0.00,0.00,8.08
02:54:00,4,82.00,0.00,7.00,0.00,0.00,4.00,0.00,0.00,0.00,7.00
02:54:00,5,81.19,0.00,9.90,0.00,0.00,1.98,0.00,0.00,0.00,6.93
02:54:00,6,78.22,0.00,10.89,0.00,0.00,2.97,0.00,0.00,0.00,7.92
02:54:00,7,81.82,0.00,9.09,0.00,0.00,2.02,0.00,0.00,0.00,7.07
02:54:00,12,80.81,0.00,9.09,0.00,0.00,3.03,0.00,0.00,0.00,7.07
02:54:00,13,84.85,0.00,6.06,0.00,0.00,2.02,0.00,0.00,0.00,7.07
02:54:00,14,81.82,0.00,9.09,0.00,0.00,2.02,0.00,0.00,0.00,7.07
02:54:00,15,81.82,0.00,9.09,0.00,0.00,2.02,0.00,0.00,0.00,7.07
02:54:01,4,79.21,0.00,8.91,0.00,0.00,2.97,0.00,0.00,0.00,8.91
02:54:01,5,81.63,0.00,8.16,0.00,0.00,2.04,0.00,0.00,0.00,8.16
02:54:01,6,79.59,0.00,10.20,0.00,0.00,2.04,0.00,0.00,0.00,8.16
02:54:01,7,80.00,0.00,8.00,0.00,0.00,3.00,0.00,0.00,0.00,9.00
02:54:01,12,79.80,0.00,10.10,0.00,0.00,2.02,0.00,0.00,0.00,8.08
02:54:01,13,79.80,0.00,8.08,0.00,0.00,4.04,0.00,0.00,0.00,8.08
02:54:01,14,82.83,0.00,6.06,0.00,0.00,3.03,0.00,0.00,0.00,8.08
02:54:01,15,81.00,0.00,8.00,0.00,0.00,2.00,0.00,0.00,0.00,9.00
02:54:02,4,81.63,0.00,8.16,0.00,0.00,3.06,0.00,0.00,0.00,7.14
02:54:02,5,81.00,0.00,9.00,0.00,0.00,3.00,0.00,0.00,0.00,7.00
02:54:02,6,80.81,0.00,8.08,0.00,0.00,3.03,0.00,0.00,0.00,8.08
02:54:02,7,80.81,0.00,9.09,0.00,0.00,2.02,0.00,0.00,0.00,8.08
02:54:02,12,82.18,0.00,7.92,0.00,0.00,2.97,0.00,0.00,0.00,6.93
02:54:02,13,80.39,0.00,8.82,0.00,0.00,2.94,0.00,0.00,0.00,7.84
02:54:02,14,82.00,0.00,8.00,0.00,0.00,2.00,0.00,0.00,0.00,8.00
02:54:02,15,82.18,0.00,7.92,0.00,0.00,2.97,0.00,0.00,0.00,6.93
02:54:03,4,82.65,0.00,9.18,0.00,0.00,2.04,0.00,0.00,0.00,6.12
02:54:03,5,80.20,0.00,9.90,0.00,0.00,2.97,0.00,0.00,0.00,6.93
02:54:03,6,83.00,0.00,8.00,0.00,0.00,3.00,0.00,0.00,0.00,6.00
02:54:03,7,80.39,0.00,9.80,0.00,0.00,2.94,0.00,0.00,0.00,6.86
02:54:03,12,81.82,0.00,9.09,0.00,0.00,3.03,0.00,0.00,0.00,6.06
02:54:03,13,83.67,0.00,9.18,0.00,0.00,1.02,0.00,0.00,0.00,6.12
02:54:03,14,81.63,0.00,9.18,0.00,0.00,3.06,0.00,0.00,0.00,6.12
02:54:03,15,82.00,0.00,9.00,0.00,0.00,2.00,0.00,0.00,0.00,7.00
02:54:04,4,81.00,0.00,8.00,0.00,0.00,3.00,0.00,0.00,0.00,8.00
02:54:04,5,82.65,0.00,8.16,0.00,0.00,2.04,0.00,0.00,0.00,7.14
02:54:04,6,83.67,0.00,6.12,0.00,0.00,2.04,0.00,0.00,0.00,8.16
02:54:04,7,80.81,0.00,9.09,0.00,0.00,2.02,0.00,0.00,0.00,8.08
02:54:04,12,80.00,0.00,9.00,0.00,0.00,3.00,0.00,0.00,0.00,8.00
02:54:04,13,81.00,0.00,8.00,0.00,0.00,3.00,0.00,0.00,0.00,8.00
02:54:04,14,79.80,0.00,9.09,0.00,0.00,3.03,0.00,0.00,0.00,8.08
02:54:04,15,79.80,0.00,9.09,0.00,0.00,2.02,0.00,0.00,0.00,9.09
02:54:05,4,82.65,0.00,7.14,0.00,0.00,2.04,0.00,0.00,0.00,8.16
02:54:05,5,81.00,0.00,9.00,0.00,0.00,2.00,0.00,0.00,0.00,8.00
02:54:05,6,82.18,0.00,5.94,0.00,0.00,2.97,0.00,0.00,0.00,8.91
02:54:05,7,82.65,0.00,8.16,0.00,0.00,1.02,0.00,0.00,0.00,8.16
02:54:05,12,81.82,0.00,8.08,0.00,0.00,2.02,0.00,0.00,0.00,8.08
02:54:05,13,78.79,0.00,8.08,0.00,0.00,4.04,0.00,0.00,0.00,9.09
02:54:05,14,80.20,0.00,8.91,0.00,0.00,2.97,0.00,0.00,0.00,7.92
02:54:05,15,81.63,0.00,8.16,0.00,0.00,2.04,0.00,0.00,0.00,8.16
02:54:06,4,79.21,0.00,8.91,0.00,0.00,2.97,0.00,0.00,0.00,8.91
02:54:06,5,80.81,0.00,8.08,0.00,0.00,3.03,0.00,0.00,0.00,8.08
02:54:06,6,80.81,0.00,8.08,0.00,0.00,3.03,0.00,0.00,0.00,8.08
02:54:06,7,79.80,0.00,8.08,0.00,0.00,3.03,0.00,0.00,0.00,9.09
02:54:06,12,80.00,0.00,9.00,0.00,0.00,3.00,0.00,0.00,0.00,8.00
02:54:06,13,82.00,0.00,7.00,0.00,0.00,3.00,0.00,0.00,0.00,8.00
02:54:06,14,80.81,0.00,8.08,0.00,0.00,3.03,0.00,0.00,0.00,8.08
02:54:06,15,80.81,0.00,8.08,0.00,0.00,3.03,0.00,0.00,0.00,8.08
02:54:07,4,80.61,0.00,8.16,0.00,0.00,3.06,0.00,0.00,0.00,8.16
02:54:07,5,81.19,0.00,7.92,0.00,0.00,1.98,0.00,0.00,0.00,8.91
02:54:07,6,79.00,0.00,10.00,0.00,0.00,2.00,0.00,0.00,0.00,9.00
02:54:07,7,79.00,0.00,8.00,0.00,0.00,4.00,0.00,0.00,0.00,9.00
02:54:07,12,80.20,0.00,8.91,0.00,0.00,1.98,0.00,0.00,0.00,8.91
02:54:07,13,80.81,0.00,8.08,0.00,0.00,3.03,0.00,0.00,0.00,8.08
02:54:07,14,78.57,0.00,10.20,0.00,0.00,2.04,0.00,0.00,0.00,9.18
02:54:07,15,76.77,0.00,11.11,0.00,0.00,3.03,0.00,0.00,0.00,9.09
02:54:08,4,82.00,0.00,9.00,0.00,0.00,2.00,0.00,0.00,0.00,7.00
02:54:08,5,83.84,0.00,8.08,0.00,0.00,2.02,0.00,0.00,0.00,6.06
02:54:08,6,81.82,0.00,7.07,0.00,0.00,4.04,0.00,0.00,0.00,7.07
02:54:08,7,80.00,0.00,10.00,0.00,0.00,3.00,0.00,0.00,0.00,7.00
02:54:08,12,82.83,0.00,8.08,0.00,0.00,2.02,0.00,0.00,0.00,7.07
02:54:08,13,81.00,0.00,10.00,0.00,0.00,2.00,0.00,0.00,0.00,7.00
02:54:08,14,82.18,0.00,7.92,0.00,0.00,2.97,0.00,0.00,0.00,6.93
02:54:08,15,80.00,0.00,9.00,0.00,0.00,4.00,0.00,0.00,0.00,7.00
02:54:09,4,79.59,0.00,8.16,0.00,0.00,4.08,0.00,0.00,0.00,8.16
02:54:09,5,79.00,0.00,10.00,0.00,0.00,3.00,0.00,0.00,0.00,8.00
02:54:09,6,78.79,0.00,10.10,0.00,0.00,3.03,0.00,0.00,0.00,8.08
02:54:09,7,80.81,0.00,9.09,0.00,0.00,2.02,0.00,0.00,0.00,8.08
02:54:09,12,82.00,0.00,7.00,0.00,0.00,3.00,0.00,0.00,0.00,8.00
02:54:09,13,82.65,0.00,9.18,0.00,0.00,1.02,0.00,0.00,0.00,7.14
02:54:09,14,81.82,0.00,8.08,0.00,0.00,2.02,0.00,0.00,0.00,8.08
02:54:09,15,78.00,0.00,11.00,0.00,0.00,3.00,0.00,0.00,0.00,8.00
02:54:10,4,81.82,0.00,8.08,0.00,0.00,3.03,0.00,0.00,0.00,7.07
02:54:10,5,81.82,0.00,9.09,0.00,0.00,2.02,0.00,0.00,0.00,7.07
02:54:10,6,80.81,0.00,9.09,0.00,0.00,3.03,0.00,0.00,0.00,7.07
02:54:10,7,81.00,0.00,8.00,0.00,0.00,3.00,0.00,0.00,0.00,8.00
02:54:10,12,82.65,0.00,9.18,0.00,0.00,1.02,0.00,0.00,0.00,7.14
02:54:10,13,81.82,0.00,8.08,0.00,0.00,2.02,0.00,0.00,0.00,8.08
02:54:10,14,79.59,0.00,9.18,0.00,0.00,4.08,0.00,0.00,0.00,7.14
02:54:10,15,80.61,0.00,8.16,0.00,0.00,3.06,0.00,0.00,0.00,8.16
02:54:11,4,80.00,0.00,10.00,0.00,0.00,2.00,0.00,0.00,0.00,8.00
02:54:11,5,81.00,0.00,8.00,0.00,0.00,3.00,0.00,0.00,0.00,8.00
02:54:11,6,78.57,0.00,9.18,0.00,0.00,4.08,0.00,0.00,0.00,8.16
02:54:11,7,81.00,0.00,9.00,0.00,0.00,2.00,0.00,0.00,0.00,8.00
02:54:11,12,80.20,0.00,8.91,0.00,0.00,2.97,0.00,0.00,0.00,7.92
02:54:11,13,80.20,0.00,8.91,0.00,0.00,2.97,0.00,0.00,0.00,7.92
02:54:11,14,78.79,0.00,9.09,0.00,0.00,4.04,0.00,0.00,0.00,8.08
02:54:11,15,79.21,0.00,8.91,0.00,0.00,3.96,0.00,0.00,0.00,7.92
02:54:12,4,82.83,0.00,7.07,0.00,0.00,2.02,0.00,0.00,0.00,8.08
02:54:12,5,80.81,0.00,9.09,0.00,0.00,3.03,0.00,0.00,0.00,7.07
02:54:12,6,82.18,0.00,7.92,0.00,0.00,2.97,0.00,0.00,0.00,6.93
02:54:12,7,81.82,0.00,7.07,0.00,0.00,3.03,0.00,0.00,0.00,8.08
02:54:12,12,80.20,0.00,7.92,0.00,0.00,3.96,0.00,0.00,0.00,7.92
02:54:12,13,81.82,0.00,8.08,0.00,0.00,3.03,0.00,0.00,0.00,7.07
02:54:12,14,82.00,0.00,8.00,0.00,0.00,2.00,0.00,0.00,0.00,8.00
02:54:12,15,79.00,0.00,9.00,0.00,0.00,4.00,0.00,0.00,0.00,8.00
02:54:13,4,83.00,0.00,8.00,0.00,0.00,2.00,0.00,0.00,0.00,7.00
02:54:13,5,83.00,0.00,7.00,0.00,0.00,3.00,0.00,0.00,0.00,7.00
02:54:13,6,81.00,0.00,8.00,0.00,0.00,4.00,0.00,0.00,0.00,7.00
02:54:13,7,82.65,0.00,9.18,0.00,0.00,2.04,0.00,0.00,0.00,6.12
02:54:13,12,82.00,0.00,9.00,0.00,0.00,2.00,0.00,0.00,0.00,7.00
02:54:13,13,82.83,0.00,8.08,0.00,0.00,2.02,0.00,0.00,0.00,7.07
02:54:13,14,82.00,0.00,8.00,0.00,0.00,4.00,0.00,0.00,0.00,6.00
02:54:13,15,81.82,0.00,8.08,0.00,0.00,3.03,0.00,0.00,0.00,7.07
02:54:14,4,81.00,0.00,9.00,0.00,0.00,3.00,0.00,0.00,0.00,7.00
02:54:14,5,81.00,0.00,10.00,0.00,0.00,2.00,0.00,0.00,0.00,7.00
02:54:14,6,82.65,0.00,8.16,0.00,0.00,2.04,0.00,0.00,0.00,7.14
02:54:14,7,80.00,0.00,9.00,0.00,0.00,3.00,0.00,0.00,0.00,8.00
02:54:14,12,82.65,0.00,8.16,0.00,0.00,2.04,0.00,0.00,0.00,7.14
02:54:14,13,81.00,0.00,9.00,0.00,0.00,3.00,0.00,0.00,0.00,7.00
02:54:14,14,82.83,0.00,8.08,0.00,0.00,1.01,0.00,0.00,0.00,8.08
02:54:14,15,82.83,0.00,7.07,0.00,0.00,3.03,0.00,0.00,0.00,7.07
02:54:15,4,79.59,0.00,9.18,0.00,0.00,3.06,0.00,0.00,0.00,8.16
02:54:15,5,82.83,0.00,7.07,0.00,0.00,3.03,0.00,0.00,0.00,7.07
02:54:15,6,79.21,0.00,8.91,0.00,0.00,3.96,0.00,0.00,0.00,7.92
02:54:15,7,80.81,0.00,8.08,0.00,0.00,3.03,0.00,0.00,0.00,8.08
02:54:15,12,78.57,0.00,10.20,0.00,0.00,3.06,0.00,0.00,0.00,8.16
02:54:15,13,81.82,0.00,8.08,0.00,0.00,2.02,0.00,0.00,0.00,8.08
02:54:15,14,81.63,0.00,8.16,0.00,0.00,3.06,0.00,0.00,0.00,7.14
02:54:15,15,81.00,0.00,7.00,0.00,0.00,3.00,0.00,0.00,0.00,9.00
02:54:16,4,82.18,0.00,7.92,0.00,0.00,1.98,0.00,0.00,0.00,7.92
02:54:16,5,79.80,0.00,9.09,0.00,0.00,3.03,0.00,0.00,0.00,8.08
02:54:16,6,81.82,0.00,8.08,0.00,0.00,3.03,0.00,0.00,0.00,7.07
02:54:16,7,79.41,0.00,9.80,0.00,0.00,2.94,0.00,0.00,0.00,7.84
02:54:16,12,81.00,0.00,8.00,0.00,0.00,4.00,0.00,0.00,0.00,7.00
02:54:16,13,81.82,0.00,8.08,0.00,0.00,3.03,0.00,0.00,0.00,7.07
02:54:16,14,81.19,0.00,7.92,0.00,0.00,2.97,0.00,0.00,0.00,7.92
02:54:16,15,82.00,0.00,8.00,0.00,0.00,3.00,0.00,0.00,0.00,7.00
02:54:17,4,82.47,0.00,8.25,0.00,0.00,2.06,0.00,0.00,0.00,7.22
02:54:17,5,78.00,0.00,11.00,0.00,0.00,4.00,0.00,0.00,0.00,7.00
02:54:17,6,79.80,0.00,9.09,0.00,0.00,3.03,0.00,0.00,0.00,8.08
02:54:17,7,81.82,0.00,8.08,0.00,0.00,2.02,0.00,0.00,0.00,8.08
02:54:17,12,82.18,0.00,7.92,0.00,0.00,1.98,0.00,0.00,0.00,7.92
02:54:17,13,81.19,0.00,7.92,0.00,0.00,2.97,0.00,0.00,0.00,7.92
02:54:17,14,81.63,0.00,8.16,0.00,0.00,2.04,0.00,0.00,0.00,8.16
02:54:17,15,81.00,0.00,8.00,0.00,0.00,3.00,0.00,0.00,0.00,8.00
02:54:18,4,80.81,0.00,9.09,0.00,0.00,2.02,0.00,0.00,0.00,8.08
02:54:18,5,82.83,0.00,7.07,0.00,0.00,2.02,0.00,0.00,0.00,8.08
02:54:18,6,79.80,0.00,9.09,0.00,0.00,3.03,0.00,0.00,0.00,8.08
02:54:18,7,80.00,0.00,10.00,0.00,0.00,2.00,0.00,0.00,0.00,8.00
02:54:18,12,81.63,0.00,8.16,0.00,0.00,2.04,0.00,0.00,0.00,8.16
02:54:18,13,80.61,0.00,9.18,0.00,0.00,3.06,0.00,0.00,0.00,7.14
02:54:18,14,79.80,0.00,9.09,0.00,0.00,3.03,0.00,0.00,0.00,8.08
02:54:18,15,79.80,0.00,9.09,0.00,0.00,3.03,0.00,0.00,0.00,8.08
02:54:19,4,81.19,0.00,9.90,0.00,0.00,2.97,0.00,0.00,0.00,5.94
02:54:19,5,81.00,0.00,10.00,0.00,0.00,3.00,0.00,0.00,0.00,6.00
02:54:19,6,84.69,0.00,8.16,0.00,0.00,1.02,0.00,0.00,0.00,6.12
02:54:19,7,81.63,0.00,10.20,0.00,0.00,2.04,0.00,0.00,0.00,6.12
02:54:19,12,82.65,0.00,9.18,0.00,0.00,3.06,0.00,0.00,0.00,5.10
02:54:19,13,82.18,0.00,8.91,0.00,0.00,2.97,0.00,0.00,0.00,5.94
02:54:19,14,82.65,0.00,8.16,0.00,0.00,3.06,0.00,0.00,0.00,6.12
02:54:19,15,83.67,0.00,8.16,0.00,0.00,2.04,0.00,0.00,0.00,6.12
02:54:20,4,80.00,0.00,9.00,0.00,0.00,3.00,0.00,0.00,0.00,8.00
02:54:20,5,80.00,0.00,9.00,0.00,0.00,3.00,0.00,0.00,0.00,8.00
02:54:20,6,81.00,0.00,8.00,0.00,0.00,4.00,0.00,0.00,0.00,7.00
02:54:20,7,81.37,0.00,7.84,0.00,0.00,2.94,0.00,0.00,0.00,7.84
02:54:20,12,81.00,0.00,9.00,0.00,0.00,2.00,0.00,0.00,0.00,8.00
02:54:20,13,79.59,0.00,10.20,0.00,0.00,3.06,0.00,0.00,0.00,7.14
02:54:20,14,80.81,0.00,10.10,0.00,0.00,2.02,0.00,0.00,0.00,7.07
02:54:20,15,81.00,0.00,9.00,0.00,0.00,2.00,0.00,0.00,0.00,8.00
02:54:21,4,80.81,0.00,9.09,0.00,0.00,3.03,0.00,0.00,0.00,7.07
02:54:21,5,82.47,0.00,8.25,0.00,0.00,2.06,0.00,0.00,0.00,7.22
02:54:21,6,78.79,0.00,10.10,0.00,0.00,3.03,0.00,0.00,0.00,8.08
02:54:21,7,81.63,0.00,8.16,0.00,0.00,2.04,0.00,0.00,0.00,8.16
02:54:21,12,82.83,0.00,7.07,0.00,0.00,3.03,0.00,0.00,0.00,7.07
02:54:21,13,80.00,0.00,10.00,0.00,0.00,2.00,0.00,0.00,0.00,8.00
02:54:21,14,83.00,0.00,7.00,0.00,0.00,2.00,0.00,0.00,0.00,8.00
02:54:21,15,81.82,0.00,7.07,0.00,0.00,3.03,0.00,0.00,0.00,8.08
02:54:22,4,82.65,0.00,8.16,0.00,0.00,2.04,0.00,0.00,0.00,7.14
02:54:22,5,81.00,0.00,9.00,0.00,0.00,2.00,0.00,0.00,0.00,8.00
02:54:22,6,80.00,0.00,10.00,0.00,0.00,2.00,0.00,0.00,0.00,8.00
02:54:22,7,81.82,0.00,9.09,0.00,0.00,1.01,0.00,0.00,0.00,8.08
02:54:22,12,78.43,0.00,8.82,0.00,0.00,3.92,0.00,0.00,0.00,8.82
02:54:22,13,83.00,0.00,7.00,0.00,0.00,2.00,0.00,0.00,0.00,8.00
02:54:22,14,81.19,0.00,7.92,0.00,0.00,2.97,0.00,0.00,0.00,7.92
02:54:22,15,78.79,0.00,10.10,0.00,0.00,3.03,0.00,0.00,0.00,8.08
02:54:23,4,81.00,0.00,9.00,0.00,0.00,2.00,0.00,0.00,0.00,8.00
02:54:23,5,81.19,0.00,7.92,0.00,0.00,2.97,0.00,0.00,0.00,7.92
02:54:23,6,81.82,0.00,8.08,0.00,0.00,2.02,0.00,0.00,0.00,8.08
02:54:23,7,79.00,0.00,10.00,0.00,0.00,3.00,0.00,0.00,0.00,8.00
02:54:23,12,82.00,0.00,9.00,0.00,0.00,2.00,0.00,0.00,0.00,7.00
02:54:23,13,81.82,0.00,7.07,0.00,0.00,3.03,0.00,0.00,0.00,8.08
02:54:23,14,80.41,0.00,9.28,0.00,0.00,3.09,0.00,0.00,0.00,7.22
02:54:23,15,80.81,0.00,8.08,0.00,0.00,3.03,0.00,0.00,0.00,8.08
02:54:24,4,79.59,0.00,11.22,0.00,0.00,2.04,0.00,0.00,0.00,7.14
02:54:24,5,82.65,0.00,9.18,0.00,0.00,2.04,0.00,0.00,0.00,6.12
02:54:24,6,80.81,0.00,8.08,0.00,0.00,4.04,0.00,0.00,0.00,7.07
02:54:24,7,80.81,0.00,9.09,0.00,0.00,2.02,0.00,0.00,0.00,8.08
02:54:24,12,82.83,0.00,8.08,0.00,0.00,2.02,0.00,0.00,0.00,7.07
02:54:24,13,80.00,0.00,10.00,0.00,0.00,2.00,0.00,0.00,0.00,8.00
02:54:24,14,83.17,0.00,6.93,0.00,0.00,1.98,0.00,0.00,0.00,7.92
02:54:24,15,79.80,0.00,9.09,0.00,0.00,3.03,0.00,0.00,0.00,8.08
02:54:25,4,82.00,0.00,8.00,0.00,0.00,3.00,0.00,0.00,0.00,7.00
02:54:25,5,81.82,0.00,8.08,0.00,0.00,2.02,0.00,0.00,0.00,8.08
02:54:25,6,81.82,0.00,8.08,0.00,0.00,2.02,0.00,0.00,0.00,8.08
02:54:25,7,82.83,0.00,7.07,0.00,0.00,2.02,0.00,0.00,0.00,8.08
02:54:25,12,80.81,0.00,8.08,0.00,0.00,3.03,0.00,0.00,0.00,8.08
02:54:25,13,80.61,0.00,9.18,0.00,0.00,3.06,0.00,0.00,0.00,7.14
02:54:25,14,81.63,0.00,8.16,0.00,0.00,3.06,0.00,0.00,0.00,7.14
02:54:25,15,83.00,0.00,6.00,0.00,0.00,3.00,0.00,0.00,0.00,8.00
02:54:26,4,80.81,0.00,8.08,0.00,0.00,3.03,0.00,0.00,0.00,8.08
02:54:26,5,81.00,0.00,10.00,0.00,0.00,2.00,0.00,0.00,0.00,7.00
02:54:26,6,81.63,0.00,8.16,0.00,0.00,3.06,0.00,0.00,0.00,7.14
02:54:26,7,81.00,0.00,8.00,0.00,0.00,3.00,0.00,0.00,0.00,8.00
02:54:26,12,80.20,0.00,9.90,0.00,0.00,1.98,0.00,0.00,0.00,7.92
02:54:26,13,79.21,0.00,8.91,0.00,0.00,3.96,0.00,0.00,0.00,7.92
02:54:26,14,79.21,0.00,9.90,0.00,0.00,2.97,0.00,0.00,0.00,7.92
02:54:26,15,80.81,0.00,9.09,0.00,0.00,2.02,0.00,0.00,0.00,8.08
02:54:27,4,83.00,0.00,8.00,0.00,0.00,2.00,0.00,0.00,0.00,7.00
02:54:27,5,79.00,0.00,10.00,0.00,0.00,3.00,0.00,0.00,0.00,8.00
02:54:27,6,81.00,0.00,8.00,0.00,0.00,3.00,0.00,0.00,0.00,8.00
02:54:27,7,80.61,0.00,9.18,0.00,0.00,3.06,0.00,0.00,0.00,7.14
02:54:27,12,80.81,0.00,9.09,0.00,0.00,2.02,0.00,0.00,0.00,8.08
02:54:27,13,81.82,0.00,9.09,0.00,0.00,2.02,0.00,0.00,0.00,7.07
02:54:27,14,82.83,0.00,8.08,0.00,0.00,2.02,0.00,0.00,0.00,7.07
02:54:27,15,82.00,0.00,7.00,0.00,0.00,3.00,0.00,0.00,0.00,8.00
02:54:28,4,79.59,0.00,10.20,0.00,0.00,2.04,0.00,0.00,0.00,8.16
02:54:28,5,81.82,0.00,7.07,0.00,0.00,3.03,0.00,0.00,0.00,8.08
02:54:28,6,80.81,0.00,8.08,0.00,0.00,3.03,0.00,0.00,0.00,8.08
02:54:28,7,82.00,0.00,7.00,0.00,0.00,2.00,0.00,0.00,0.00,9.00
02:54:28,12,81.00,0.00,8.00,0.00,0.00,3.00,0.00,0.00,0.00,8.00
02:54:28,13,82.00,0.00,7.00,0.00,0.00,2.00,0.00,0.00,0.00,9.00
02:54:28,14,81.19,0.00,7.92,0.00,0.00,2.97,0.00,0.00,0.00,7.92
02:54:28,15,79.80,0.00,9.09,0.00,0.00,3.03,0.00,0.00,0.00,8.08
02:54:29,4,81.19,0.00,7.92,0.00,0.00,2.97,0.00,0.00,0.00,7.92
02:54:29,5,82.65,0.00,8.16,0.00,0.00,2.04,0.00,0.00,0.00,7.14
02:54:29,6,80.20,0.00,8.91,0.00,0.00,2.97,0.00,0.00,0.00,7.92
02:54:29,7,80.39,0.00,8.82,0.00,0.00,2.94,0.00,0.00,0.00,7.84
02:54:29,12,81.82,0.00,9.09,0.00,0.00,2.02,0.00,0.00,0.00,7.07
02:54:29,13,82.65,0.00,9.18,0.00,0.00,1.02,0.00,0.00,0.00,7.14
02:54:29,14,80.20,0.00,8.91,0.00,0.00,2.97,0.00,0.00,0.00,7.92
02:54:29,15,80.81,0.00,9.09,0.00,0.00,2.02,0.00,0.00,0.00,8.08
02:54:30,4,82.65,0.00,9.18,0.00,0.00,2.04,0.00,0.00,0.00,6.12
02:54:30,5,83.67,0.00,8.16,0.00,0.00,2.04,0.00,0.00,0.00,6.12
02:54:30,6,82.65,0.00,9.18,0.00,0.00,2.04,0.00,0.00,0.00,6.12
02:54:30,7,82.83,0.00,9.09,0.00,0.00,2.02,0.00,0.00,0.00,6.06
02:54:30,12,79.80,0.00,10.10,0.00,0.00,3.03,0.00,0.00,0.00,7.07
02:54:30,13,81.00,0.00,10.00,0.00,0.00,3.00,0.00,0.00,0.00,6.00
02:54:30,14,83.67,0.00,7.14,0.00,0.00,3.06,0.00,0.00,0.00,6.12
02:54:30,15,79.80,0.00,10.10,0.00,0.00,4.04,0.00,0.00,0.00,6.06
02:54:31,4,82.18,0.00,7.92,0.00,0.00,2.97,0.00,0.00,0.00,6.93
02:54:31,5,83.00,0.00,8.00,0.00,0.00,2.00,0.00,0.00,0.00,7.00
02:54:31,6,81.00,0.00,8.00,0.00,0.00,3.00,0.00,0.00,0.00,8.00
02:54:31,7,80.61,0.00,8.16,0.00,0.00,4.08,0.00,0.00,0.00,7.14
02:54:31,12,82.83,0.00,7.07,0.00,0.00,3.03,0.00,0.00,0.00,7.07
02:54:31,13,80.00,0.00,10.00,0.00,0.00,3.00,0.00,0.00,0.00,7.00
02:54:31,14,82.00,0.00,8.00,0.00,0.00,3.00,0.00,0.00,0.00,7.00
02:54:31,15,81.82,0.00,9.09,0.00,0.00,2.02,0.00,0.00,0.00,7.07
02:54:32,4,81.82,0.00,9.09,0.00,0.00,2.02,0.00,0.00,0.00,7.07
02:54:32,5,82.00,0.00,8.00,0.00,0.00,3.00,0.00,0.00,0.00,7.00
02:54:32,6,81.00,0.00,9.00,0.00,0.00,3.00,0.00,0.00,0.00,7.00
02:54:32,7,84.16,0.00,4.95,0.00,0.00,2.97,0.00,0.00,0.00,7.92
02:54:32,12,83.00,0.00,9.00,0.00,0.00,1.00,0.00,0.00,0.00,7.00
02:54:32,13,82.65,0.00,8.16,0.00,0.00,2.04,0.00,0.00,0.00,7.14
02:54:32,14,82.83,0.00,8.08,0.00,0.00,2.02,0.00,0.00,0.00,7.07
02:54:32,15,81.82,0.00,8.08,0.00,0.00,3.03,0.00,0.00,0.00,7.07
02:54:33,4,80.00,0.00,9.00,0.00,0.00,3.00,0.00,0.00,0.00,8.00
02:54:33,5,80.81,0.00,9.09,0.00,0.00,3.03,0.00,0.00,0.00,7.07
02:54:33,6,82.47,0.00,7.22,0.00,0.00,3.09,0.00,0.00,0.00,7.22
02:54:33,7,79.21,0.00,8.91,0.00,0.00,3.96,0.00,0.00,0.00,7.92
02:54:33,12,79.80,0.00,9.09,0.00,0.00,3.03,0.00,0.00,0.00,8.08
02:54:33,13,80.20,0.00,8.91,0.00,0.00,2.97,0.00,0.00,0.00,7.92
02:54:33,14,80.20,0.00,8.91,0.00,0.00,2.97,0.00,0.00,0.00,7.92
02:54:33,15,80.39,0.00,8.82,0.00,0.00,2.94,0.00,0.00,0.00,7.84
02:54:34,4,82.65,0.00,8.16,0.00,0.00,2.04,0.00,0.00,0.00,7.14
02:54:34,5,83.84,0.00,7.07,0.00,0.00,2.02,0.00,0.00,0.00,7.07
02:54:34,6,82.00,0.00,9.00,0.00,0.00,2.00,0.00,0.00,0.00,7.00
02:54:34,7,81.63,0.00,9.18,0.00,0.00,2.04,0.00,0.00,0.00,7.14
02:54:34,12,83.00,0.00,9.00,0.00,0.00,1.00,0.00,0.00,0.00,7.00
02:54:34,13,80.00,0.00,10.00,0.00,0.00,3.00,0.00,0.00,0.00,7.00
02:54:34,14,81.63,0.00,9.18,0.00,0.00,2.04,0.00,0.00,0.00,7.14
02:54:34,15,81.82,0.00,9.09,0.00,0.00,2.02,0.00,0.00,0.00,7.07
02:54:35,4,84.00,0.00,8.00,0.00,0.00,2.00,0.00,0.00,0.00,6.00
02:54:35,5,82.83,0.00,9.09,0.00,0.00,2.02,0.00,0.00,0.00,6.06
02:54:35,6,80.81,0.00,9.09,0.00,0.00,4.04,0.00,0.00,0.00,6.06
02:54:35,7,83.67,0.00,7.14,0.00,0.00,3.06,0.00,0.00,0.00,6.12
02:54:35,12,80.61,0.00,11.22,0.00,0.00,3.06,0.00,0.00,0.00,5.10
02:54:35,13,84.00,0.00,8.00,0.00,0.00,2.00,0.00,0.00,0.00,6.00
02:54:35,14,80.00,0.00,11.00,0.00,0.00,3.00,0.00,0.00,0.00,6.00
02:54:35,15,82.00,0.00,9.00,0.00,0.00,3.00,0.00,0.00,0.00,6.00
02:54:36,4,83.67,0.00,7.14,0.00,0.00,2.04,0.00,0.00,0.00,7.14
02:54:36,5,81.00,0.00,8.00,0.00,0.00,3.00,0.00,0.00,0.00,8.00
02:54:36,6,80.81,0.00,9.09,0.00,0.00,2.02,0.00,0.00,0.00,8.08
02:54:36,7,82.18,0.00,6.93,0.00,0.00,2.97,0.00,0.00,0.00,7.92
02:54:36,12,81.00,0.00,9.00,0.00,0.00,2.00,0.00,0.00,0.00,8.00
02:54:36,13,80.81,0.00,10.10,0.00,0.00,2.02,0.00,0.00,0.00,7.07
02:54:36,14,81.00,0.00,10.00,0.00,0.00,2.00,0.00,0.00,0.00,7.00
02:54:36,15,81.63,0.00,8.16,0.00,0.00,2.04,0.00,0.00,0.00,8.16
02:54:37,4,81.19,0.00,7.92,0.00,0.00,2.97,0.00,0.00,0.00,7.92
02:54:37,5,81.82,0.00,8.08,0.00,0.00,3.03,0.00,0.00,0.00,7.07
02:54:37,6,81.00,0.00,8.00,0.00,0.00,3.00,0.00,0.00,0.00,8.00
02:54:37,7,81.82,0.00,7.07,0.00,0.00,3.03,0.00,0.00,0.00,8.08
02:54:37,12,82.83,0.00,8.08,0.00,0.00,2.02,0.00,0.00,0.00,7.07
02:54:37,13,81.19,0.00,6.93,0.00,0.00,2.97,0.00,0.00,0.00,8.91
02:54:37,14,82.00,0.00,7.00,0.00,0.00,3.00,0.00,0.00,0.00,8.00
02:54:37,15,77.23,0.00,9.90,0.00,0.00,3.96,0.00,0.00,0.00,8.91
02:54:38,4,83.67,0.00,7.14,0.00,0.00,2.04,0.00,0.00,0.00,7.14
02:54:38,5,82.00,0.00,8.00,0.00,0.00,2.00,0.00,0.00,0.00,8.00
02:54:38,6,79.59,0.00,10.20,0.00,0.00,2.04,0.00,0.00,0.00,8.16
02:54:38,7,80.00,0.00,10.00,0.00,0.00,2.00,0.00,0.00,0.00,8.00
02:54:38,12,83.00,0.00,8.00,0.00,0.00,1.00,0.00,0.00,0.00,8.00
02:54:38,13,81.82,0.00,9.09,0.00,0.00,2.02,0.00,0.00,0.00,7.07
02:54:38,14,81.63,0.00,8.16,0.00,0.00,3.06,0.00,0.00,0.00,7.14
02:54:38,15,81.63,0.00,8.16,0.00,0.00,3.06,0.00,0.00,0.00,7.14
02:54:39,4,81.00,0.00,9.00,0.00,0.00,2.00,0.00,0.00,0.00,8.00
02:54:39,5,81.63,0.00,7.14,0.00,0.00,3.06,0.00,0.00,0.00,8.16
02:54:39,6,79.80,0.00,10.10,0.00,0.00,3.03,0.00,0.00,0.00,7.07
02:54:39,7,81.82,0.00,8.08,0.00,0.00,3.03,0.00,0.00,0.00,7.07
02:54:39,12,79.80,0.00,9.09,0.00,0.00,3.03,0.00,0.00,0.00,8.08
02:54:39,13,78.79,0.00,11.11,0.00,0.00,2.02,0.00,0.00,0.00,8.08
02:54:39,14,79.21,0.00,10.89,0.00,0.00,1.98,0.00,0.00,0.00,7.92
02:54:39,15,82.00,0.00,8.00,0.00,0.00,2.00,0.00,0.00,0.00,8.00
02:54:40,4,80.00,0.00,11.00,0.00,0.00,3.00,0.00,0.00,0.00,6.00
02:54:40,5,82.18,0.00,9.90,0.00,0.00,2.97,0.00,0.00,0.00,4.95
02:54:40,6,80.39,0.00,10.78,0.00,0.00,2.94,0.00,0.00,0.00,5.88
02:54:40,7,80.81,0.00,11.11,0.00,0.00,2.02,0.00,0.00,0.00,6.06
02:54:40,12,82.00,0.00,10.00,0.00,0.00,3.00,0.00,0.00,0.00,5.00
02:54:40,13,84.00,0.00,8.00,0.00,0.00,3.00,0.00,0.00,0.00,5.00
02:54:40,14,84.85,0.00,8.08,0.00,0.00,2.02,0.00,0.00,0.00,5.05
02:54:40,15,82.83,0.00,8.08,0.00,0.00,3.03,0.00,0.00,0.00,6.06
02:54:41,4,81.82,0.00,7.07,0.00,0.00,3.03,0.00,0.00,0.00,8.08
02:54:41,5,78.57,0.00,11.22,0.00,0.00,2.04,0.00,0.00,0.00,8.16
02:54:41,6,80.81,0.00,8.08,0.00,0.00,3.03,0.00,0.00,0.00,8.08
02:54:41,7,78.22,0.00,8.91,0.00,0.00,3.96,0.00,0.00,0.00,8.91
02:54:41,12,80.00,0.00,8.00,0.00,0.00,3.00,0.00,0.00,0.00,9.00
02:54:41,13,80.00,0.00,9.00,0.00,0.00,2.00,0.00,0.00,0.00,9.00
02:54:41,14,79.80,0.00,9.09,0.00,0.00,2.02,0.00,0.00,0.00,9.09
02:54:41,15,81.63,0.00,8.16,0.00,0.00,2.04,0.00,0.00,0.00,8.16
02:54:42,4,81.82,0.00,9.09,0.00,0.00,2.02,0.00,0.00,0.00,7.07
02:54:42,5,82.00,0.00,7.00,0.00,0.00,3.00,0.00,0.00,0.00,8.00
02:54:42,6,80.00,0.00,9.00,0.00,0.00,3.00,0.00,0.00,0.00,8.00
02:54:42,7,80.61,0.00,9.18,0.00,0.00,3.06,0.00,0.00,0.00,7.14
02:54:42,12,83.00,0.00,8.00,0.00,0.00,2.00,0.00,0.00,0.00,7.00
02:54:42,13,80.61,0.00,9.18,0.00,0.00,3.06,0.00,0.00,0.00,7.14
02:54:42,14,81.00,0.00,7.00,0.00,0.00,4.00,0.00,0.00,0.00,8.00
02:54:42,15,79.21,0.00,8.91,0.00,0.00,3.96,0.00,0.00,0.00,7.92
02:54:43,4,81.00,0.00,9.00,0.00,0.00,2.00,0.00,0.00,0.00,8.00
02:54:43,5,80.00,0.00,10.00,0.00,0.00,3.00,0.00,0.00,0.00,7.00
02:54:43,6,82.00,0.00,7.00,0.00,0.00,4.00,0.00,0.00,0.00,7.00
02:54:43,7,82.00,0.00,7.00,0.00,0.00,3.00,0.00,0.00,0.00,8.00
02:54:43,12,82.65,0.00,8.16,0.00,0.00,2.04,0.00,0.00,0.00,7.14
02:54:43,13,81.00,0.00,9.00,0.00,0.00,2.00,0.00,0.00,0.00,8.00
02:54:43,14,81.82,0.00,8.08,0.00,0.00,3.03,0.00,0.00,0.00,7.07
02:54:43,15,81.82,0.00,9.09,0.00,0.00,2.02,0.00,0.00,0.00,7.07
02:54:44,4,81.19,0.00,8.91,0.00,0.00,1.98,0.00,0.00,0.00,7.92
02:54:44,5,82.65,0.00,7.14,0.00,0.00,3.06,0.00,0.00,0.00,7.14
02:54:44,6,81.00,0.00,8.00,0.00,0.00,3.00,0.00,0.00,0.00,8.00
02:54:44,7,80.41,0.00,8.25,0.00,0.00,3.09,0.00,0.00,0.00,8.25
02:54:44,12,81.19,0.00,7.92,0.00,0.00,2.97,0.00,0.00,0.00,7.92
02:54:44,13,81.00,0.00,9.00,0.00,0.00,3.00,0.00,0.00,0.00,7.00
02:54:44,14,82.00,0.00,8.00,0.00,0.00,2.00,0.00,0.00,0.00,8.00
02:54:44,15,82.83,0.00,6.06,0.00,0.00,3.03,0.00,0.00,0.00,8.08
02:54:45,4,83.00,0.00,8.00,0.00,0.00,3.00,0.00,0.00,0.00,6.00
02:54:45,5,82.18,0.00,6.93,0.00,0.00,3.96,0.00,0.00,0.00,6.93
02:54:45,6,82.00,0.00,9.00,0.00,0.00,3.00,0.00,0.00,0.00,6.00
02:54:45,7,81.00,0.00,10.00,0.00,0.00,2.00,0.00,0.00,0.00,7.00
02:54:45,12,80.81,0.00,11.11,0.00,0.00,2.02,0.00,0.00,0.00,6.06
02:54:45,13,83.00,0.00,8.00,0.00,0.00,2.00,0.00,0.00,0.00,7.00
02:54:45,14,82.83,0.00,8.08,0.00,0.00,3.03,0.00,0.00,0.00,6.06
02:54:45,15,81.82,0.00,10.10,0.00,0.00,2.02,0.00,0.00,0.00,6.06
02:54:46,4,82.83,0.00,8.08,0.00,0.00,2.02,0.00,0.00,0.00,7.07
02:54:46,5,82.00,0.00,9.00,0.00,0.00,2.00,0.00,0.00,0.00,7.00
02:54:46,6,80.61,0.00,10.20,0.00,0.00,2.04,0.00,0.00,0.00,7.14
02:54:46,7,78.00,0.00,11.00,0.00,0.00,3.00,0.00,0.00,0.00,8.00
02:54:46,12,81.00,0.00,10.00,0.00,0.00,2.00,0.00,0.00,0.00,7.00
02:54:46,13,80.00,0.00,10.00,0.00,0.00,3.00,0.00,0.00,0.00,7.00
02:54:46,14,80.81,0.00,9.09,0.00,0.00,3.03,0.00,0.00,0.00,7.07
02:54:46,15,81.82,0.00,7.07,0.00,0.00,3.03,0.00,0.00,0.00,8.08
02:54:47,4,79.80,0.00,8.08,0.00,0.00,4.04,0.00,0.00,0.00,8.08
02:54:47,5,80.00,0.00,9.00,0.00,0.00,3.00,0.00,0.00,0.00,8.00
02:54:47,6,79.80,0.00,10.10,0.00,0.00,2.02,0.00,0.00,0.00,8.08
02:54:47,7,81.63,0.00,8.16,0.00,0.00,2.04,0.00,0.00,0.00,8.16
02:54:47,12,80.00,0.00,9.00,0.00,0.00,3.00,0.00,0.00,0.00,8.00
02:54:47,13,81.82,0.00,8.08,0.00,0.00,2.02,0.00,0.00,0.00,8.08
02:54:47,14,82.00,0.00,8.00,0.00,0.00,2.00,0.00,0.00,0.00,8.00
02:54:47,15,80.00,0.00,8.00,0.00,0.00,4.00,0.00,0.00,0.00,8.00
02:54:48,4,82.00,0.00,7.00,0.00,0.00,3.00,0.00,0.00,0.00,8.00
02:54:48,5,81.00,0.00,9.00,0.00,0.00,3.00,0.00,0.00,0.00,7.00
02:54:48,6,81.82,0.00,8.08,0.00,0.00,3.03,0.00,0.00,0.00,7.07
02:54:48,7,80.00,0.00,8.00,0.00,0.00,4.00,0.00,0.00,0.00,8.00
02:54:48,12,83.84,0.00,7.07,0.00,0.00,2.02,0.00,0.00,0.00,7.07
02:54:48,13,82.83,0.00,7.07,0.00,0.00,3.03,0.00,0.00,0.00,7.07
02:54:48,14,82.00,0.00,9.00,0.00,0.00,2.00,0.00,0.00,0.00,7.00
02:54:48,15,82.83,0.00,7.07,0.00,0.00,3.03,0.00,0.00,0.00,7.07
02:54:49,4,81.82,0.00,9.09,0.00,0.00,2.02,0.00,0.00,0.00,7.07
02:54:49,5,82.65,0.00,7.14,0.00,0.00,3.06,0.00,0.00,0.00,7.14
02:54:49,6,81.00,0.00,7.00,0.00,0.00,4.00,0.00,0.00,0.00,8.00
02:54:49,7,80.00,0.00,9.00,0.00,0.00,3.00,0.00,0.00,0.00,8.00
02:54:49,12,81.00,0.00,8.00,0.00,0.00,3.00,0.00,0.00,0.00,8.00
02:54:49,13,78.00,0.00,10.00,0.00,0.00,4.00,0.00,0.00,0.00,8.00
02:54:49,14,80.81,0.00,8.08,0.00,0.00,3.03,0.00,0.00,0.00,8.08
02:54:49,15,82.00,0.00,8.00,0.00,0.00,2.00,0.00,0.00,0.00,8.00
02:54:50,4,80.81,0.00,7.07,0.00,0.00,4.04,0.00,0.00,0.00,8.08
02:54:50,5,77.78,0.00,10.10,0.00,0.00,4.04,0.00,0.00,0.00,8.08
02:54:50,6,77.55,0.00,10.20,0.00,0.00,4.08,0.00,0.00,0.00,8.16
02:54:50,7,81.82,0.00,8.08,0.00,0.00,2.02,0.00,0.00,0.00,8.08
02:54:50,12,81.00,0.00,9.00,0.00,0.00,2.00,0.00,0.00,0.00,8.00
02:54:50,13,83.84,0.00,7.07,0.00,0.00,2.02,0.00,0.00,0.00,7.07
02:54:50,14,80.00,0.00,9.00,0.00,0.00,2.00,0.00,0.00,0.00,9.00
02:54:50,15,79.80,0.00,8.08,0.00,0.00,3.03,0.00,0.00,0.00,9.09
02:54:51,4,83.84,0.00,7.07,0.00,0.00,3.03,0.00,0.00,0.00,6.06
02:54:51,5,81.00,0.00,10.00,0.00,0.00,3.00,0.00,0.00,0.00,6.00
02:54:51,6,82.00,0.00,8.00,0.00,0.00,3.00,0.00,0.00,0.00,7.00
02:54:51,7,81.00,0.00,10.00,0.00,0.00,2.00,0.00,0.00,0.00,7.00
02:54:51,12,83.84,0.00,8.08,0.00,0.00,2.02,0.00,0.00,0.00,6.06
02:54:51,13,77.55,0.00,13.27,0.00,0.00,3.06,0.00,0.00,0.00,6.12
02:54:51,14,82.65,0.00,9.18,0.00,0.00,2.04,0.00,0.00,0.00,6.12
02:54:51,15,83.67,0.00,8.16,0.00,0.00,2.04,0.00,0.00,0.00,6.12
02:54:52,4,79.21,0.00,7.92,0.99,0.00,2.97,0.00,0.00,0.00,8.91
02:54:52,5,79.59,0.00,9.18,0.00,0.00,2.04,0.00,0.00,0.00,9.18
02:54:52,6,80.00,0.00,9.00,0.00,0.00,2.00,0.00,0.00,0.00,9.00
02:54:52,7,77.78,0.00,9.09,0.00,0.00,3.03,0.00,0.00,0.00,10.10
02:54:52,12,78.00,0.00,9.00,0.00,0.00,3.00,0.00,0.00,0.00,10.00
02:54:52,13,79.00,0.00,9.00,0.00,0.00,3.00,0.00,0.00,0.00,9.00
02:54:52,14,80.20,0.00,8.91,0.00,0.00,1.98,0.00,0.00,0.00,8.91
02:54:52,15,76.24,0.00,9.90,0.00,0.00,3.96,0.00,0.00,0.00,9.90
02:54:53,4,82.83,0.00,7.07,0.00,0.00,2.02,0.00,0.00,0.00,8.08
02:54:53,5,79.80,0.00,9.09,0.00,0.00,3.03,0.00,0.00,0.00,8.08
02:54:53,6,80.81,0.00,9.09,0.00,0.00,2.02,0.00,0.00,0.00,8.08
02:54:53,7,82.00,0.00,9.00,0.00,0.00,2.00,0.00,0.00,0.00,7.00
02:54:53,12,82.83,0.00,8.08,0.00,0.00,2.02,0.00,0.00,0.00,7.07
02:54:53,13,81.63,0.00,8.16,0.00,0.00,3.06,0.00,0.00,0.00,7.14
02:54:53,14,81.19,0.00,7.92,0.00,0.00,2.97,0.00,0.00,0.00,7.92
02:54:53,15,81.82,0.00,7.07,0.00,0.00,4.04,0.00,0.00,0.00,7.07
02:54:54,4,81.00,0.00,9.00,0.00,0.00,2.00,0.00,0.00,0.00,8.00
02:54:54,5,80.00,0.00,10.00,0.00,0.00,3.00,0.00,0.00,0.00,7.00
02:54:54,6,82.18,0.00,7.92,0.00,0.00,2.97,0.00,0.00,0.00,6.93
02:54:54,7,79.80,0.00,8.08,0.00,0.00,4.04,0.00,0.00,0.00,8.08
02:54:54,12,81.63,0.00,8.16,0.00,0.00,2.04,0.00,0.00,0.00,8.16
02:54:54,13,80.00,0.00,10.00,0.00,0.00,2.00,0.00,0.00,0.00,8.00
02:54:54,14,85.71,0.00,6.12,0.00,0.00,1.02,0.00,0.00,0.00,7.14
02:54:54,15,81.63,0.00,8.16,0.00,0.00,2.04,0.00,0.00,0.00,8.16
02:54:55,4,83.00,0.00,9.00,0.00,0.00,2.00,0.00,0.00,0.00,6.00
02:54:55,5,82.00,0.00,8.00,0.00,0.00,2.00,0.00,0.00,0.00,8.00
02:54:55,6,81.82,0.00,9.09,0.00,0.00,2.02,0.00,0.00,0.00,7.07
02:54:55,7,79.59,0.00,10.20,0.00,0.00,3.06,0.00,0.00,0.00,7.14
02:54:55,12,81.19,0.00,8.91,0.00,0.00,2.97,0.00,0.00,0.00,6.93
02:54:55,13,80.00,0.00,10.00,0.00,0.00,3.00,0.00,0.00,0.00,7.00
02:54:55,14,79.80,0.00,9.09,0.00,0.00,4.04,0.00,0.00,0.00,7.07
02:54:55,15,82.00,0.00,8.00,0.00,0.00,3.00,0.00,0.00,0.00,7.00
02:54:56,4,80.00,0.00,10.00,0.00,0.00,3.00,0.00,0.00,0.00,7.00
02:54:56,5,83.67,0.00,8.16,0.00,0.00,3.06,0.00,0.00,0.00,5.10
02:54:56,6,81.63,0.00,8.16,0.00,0.00,3.06,0.00,0.00,0.00,7.14
02:54:56,7,80.39,0.00,9.80,0.00,0.00,2.94,0.00,0.00,0.00,6.86
02:54:56,12,80.61,0.00,10.20,0.00,0.00,3.06,0.00,0.00,0.00,6.12
02:54:56,13,81.00,0.00,10.00,0.00,0.00,3.00,0.00,0.00,0.00,6.00
02:54:56,14,79.21,0.00,10.89,0.00,0.00,3.96,0.00,0.00,0.00,5.94
02:54:56,15,82.18,0.00,7.92,0.00,0.00,2.97,0.00,0.00,0.00,6.93
02:54:57,4,80.81,0.00,9.09,0.00,0.00,2.02,0.00,0.00,0.00,8.08
02:54:57,5,80.00,0.00,9.00,0.00,0.00,2.00,0.00,0.00,0.00,9.00
02:54:57,6,81.82,0.00,8.08,0.00,0.00,2.02,0.00,0.00,0.00,8.08
02:54:57,7,79.80,0.00,8.08,0.00,0.00,3.03,0.00,0.00,0.00,9.09
02:54:57,12,81.00,0.00,9.00,0.00,0.00,2.00,0.00,0.00,0.00,8.00
02:54:57,13,83.17,0.00,6.93,0.00,0.00,1.98,0.00,0.00,0.00,7.92
02:54:57,14,79.80,0.00,9.09,0.00,0.00,2.02,0.00,0.00,0.00,9.09
02:54:57,15,81.00,0.00,7.00,0.00,0.00,3.00,0.00,0.00,0.00,9.00
02:54:58,4,79.80,0.00,9.09,0.00,0.00,3.03,0.00,0.00,0.00,8.08
02:54:58,5,81.00,0.00,9.00,0.00,0.00,3.00,0.00,0.00,0.00,7.00
02:54:58,6,81.19,0.00,7.92,0.00,0.00,2.97,0.00,0.00,0.00,7.92
02:54:58,7,82.83,0.00,7.07,0.00,0.00,2.02,0.00,0.00,0.00,8.08
02:54:58,12,81.00,0.00,8.00,0.00,0.00,3.00,0.00,0.00,0.00,8.00
02:54:58,13,81.19,0.00,7.92,0.00,0.00,2.97,0.00,0.00,0.00,7.92
02:54:58,14,81.63,0.00,9.18,0.00,0.00,2.04,0.00,0.00,0.00,7.14
02:54:58,15,81.00,0.00,9.00,0.00,0.00,3.00,0.00,0.00,0.00,7.00
02:54:59,4,82.83,0.00,8.08,0.00,0.00,2.02,0.00,0.00,0.00,7.07
02:54:59,5,80.20,0.00,8.91,0.00,0.00,2.97,0.00,0.00,0.00,7.92
02:54:59,6,80.00,0.00,9.00,0.00,0.00,3.00,0.00,0.00,0.00,8.00
02:54:59,7,81.00,0.00,10.00,0.00,0.00,2.00,0.00,0.00,0.00,7.00
02:54:59,12,81.82,0.00,9.09,0.00,0.00,2.02,0.00,0.00,0.00,7.07
02:54:59,13,82.00,0.00,8.00,0.00,0.00,2.00,0.00,0.00,0.00,8.00
02:54:59,14,80.20,0.00,9.90,0.00,0.00,1.98,0.00,0.00,0.00,7.92
02:54:59,15,82.00,0.00,8.00,0.00,0.00,2.00,0.00,0.00,0.00,8.00
02:55:00,4,79.00,0.00,11.00,0.00,0.00,2.00,0.00,0.00,0.00,8.00
02:55:00,5,80.61,0.00,10.20,0.00,0.00,2.04,0.00,0.00,0.00,7.14
02:55:00,6,82.65,0.00,7.14,0.00,0.00,2.04,0.00,0.00,0.00,8.16
02:55:00,7,79.21,0.00,7.92,0.00,0.00,3.96,0.00,0.00,0.00,8.91
02:55:00,12,78.00,0.00,10.00,0.00,0.00,3.00,0.00,0.00,0.00,9.00
02:55:00,13,80.61,0.00,10.20,0.00,0.00,2.04,0.00,0.00,0.00,7.14
02:55:00,14,80.00,0.00,8.00,0.00,0.00,4.00,0.00,0.00,0.00,8.00
02:55:00,15,80.81,0.00,9.09,0.00,0.00,2.02,0.00,0.00,0.00,8.08
02:55:01,4,83.84,0.00,7.07,0.00,0.00,2.02,0.00,0.00,0.00,7.07
02:55:01,5,81.82,0.00,9.09,0.00,0.00,2.02,0.00,0.00,0.00,7.07
02:55:01,6,80.81,0.00,10.10,0.00,0.00,2.02,0.00,0.00,0.00,7.07
02:55:01,7,80.61,0.00,9.18,0.00,0.00,3.06,0.00,0.00,0.00,7.14
02:55:01,12,80.81,0.00,9.09,0.00,0.00,3.03,0.00,0.00,0.00,7.07
02:55:01,13,82.00,0.00,8.00,0.00,0.00,3.00,0.00,0.00,0.00,7.00
02:55:01,14,82.83,0.00,8.08,0.00,0.00,2.02,0.00,0.00,0.00,7.07
02:55:01,15,79.00,0.00,10.00,0.00,0.00,4.00,0.00,0.00,0.00,7.00
02:55:02,4,82.00,0.00,8.00,0.00,0.00,3.00,0.00,0.00,0.00,7.00
02:55:02,5,79.21,0.00,9.90,0.00,0.00,2.97,0.00,0.00,0.00,7.92
02:55:02,6,81.00,0.00,9.00,0.00,0.00,3.00,0.00,0.00,0.00,7.00
02:55:02,7,82.18,0.00,7.92,0.00,0.00,1.98,0.00,0.00,0.00,7.92
02:55:02,12,82.65,0.00,8.16,0.00,0.00,2.04,0.00,0.00,0.00,7.14
02:55:02,13,80.81,0.00,9.09,0.00,0.00,3.03,0.00,0.00,0.00,7.07
02:55:02,14,81.82,0.00,9.09,0.00,0.00,2.02,0.00,0.00,0.00,7.07
02:55:02,15,80.00,0.00,9.00,0.00,0.00,3.00,0.00,0.00,0.00,8.00
02:55:03,4,80.81,0.00,9.09,0.00,0.00,2.02,0.00,0.00,0.00,8.08
02:55:03,5,81.82,0.00,8.08,0.00,0.00,3.03,0.00,0.00,0.00,7.07
02:55:03,6,81.82,0.00,7.07,0.00,0.00,3.03,0.00,0.00,0.00,8.08
02:55:03,7,80.00,0.00,9.00,0.00,0.00,3.00,0.00,0.00,0.00,8.00
02:55:03,12,80.20,0.00,8.91,0.00,0.00,2.97,0.00,0.00,0.00,7.92
02:55:03,13,82.00,0.00,8.00,0.00,0.00,2.00,0.00,0.00,0.00,8.00
02:55:03,14,80.00,0.00,8.00,0.00,0.00,4.00,0.00,0.00,0.00,8.00
02:55:03,15,80.81,0.00,9.09,0.00,0.00,2.02,0.00,0.00,0.00,8.08
02:55:04,4,78.79,0.00,10.10,0.00,0.00,3.03,0.00,0.00,0.00,8.08
02:55:04,5,82.00,0.00,7.00,0.00,0.00,3.00,0.00,0.00,0.00,8.00
02:55:04,6,79.00,0.00,9.00,0.00,0.00,4.00,0.00,0.00,0.00,8.00
02:55:04,7,81.82,0.00,8.08,0.00,0.00,2.02,0.00,0.00,0.00,8.08
02:55:04,12,80.61,0.00,9.18,0.00,0.00,2.04,0.00,0.00,0.00,8.16
02:55:04,13,81.19,0.00,7.92,0.00,0.00,2.97,0.00,0.00,0.00,7.92
02:55:04,14,80.81,0.00,9.09,0.00,0.00,2.02,0.00,0.00,0.00,8.08
02:55:04,15,81.19,0.00,7.92,0.00,0.00,2.97,0.00,0.00,0.00,7.92
02:55:05,4,81.63,0.00,9.18,0.00,0.00,2.04,0.00,0.00,0.00,7.14
02:55:05,5,81.63,0.00,9.18,0.00,0.00,2.04,0.00,0.00,0.00,7.14
02:55:05,6,81.82,0.00,9.09,0.00,0.00,2.02,0.00,0.00,0.00,7.07
02:55:05,7,82.83,0.00,7.07,0.00,0.00,2.02,0.00,0.00,0.00,8.08
02:55:05,12,81.00,0.00,9.00,0.00,0.00,2.00,0.00,0.00,0.00,8.00
02:55:05,13,80.61,0.00,9.18,0.00,0.00,3.06,0.00,0.00,0.00,7.14
02:55:05,14,82.00,0.00,8.00,0.00,0.00,2.00,0.00,0.00,0.00,8.00
02:55:05,15,81.44,0.00,9.28,0.00,0.00,2.06,0.00,0.00,0.00,7.22
02:55:06,4,81.82,0.00,8.08,0.00,0.00,3.03,0.00,0.00,0.00,7.07
02:55:06,5,81.00,0.00,10.00,0.00,0.00,2.00,0.00,0.00,0.00,7.00
02:55:06,6,81.82,0.00,9.09,0.00,0.00,2.02,0.00,0.00,0.00,7.07
02:55:06,7,81.37,0.00,8.82,0.00,0.00,2.94,0.00,0.00,0.00,6.86
02:55:06,12,83.67,0.00,8.16,0.00,0.00,2.04,0.00,0.00,0.00,6.12
02:55:06,13,81.00,0.00,9.00,0.00,0.00,3.00,0.00,0.00,0.00,7.00
02:55:06,14,81.00,0.00,9.00,0.00,0.00,3.00,0.00,0.00,0.00,7.00
02:55:06,15,82.83,0.00,6.06,0.00,0.00,4.04,0.00,0.00,0.00,7.07
02:55:07,4,81.00,0.00,9.00,0.00,0.00,3.00,0.00,0.00,0.00,7.00
02:55:07,5,79.80,0.00,12.12,0.00,0.00,1.01,0.00,0.00,0.00,7.07
02:55:07,6,80.00,0.00,9.00,0.00,0.00,4.00,0.00,0.00,0.00,7.00
02:55:07,7,81.82,0.00,9.09,0.00,0.00,2.02,0.00,0.00,0.00,7.07
02:55:07,12,82.00,0.00,8.00,0.00,0.00,3.00,0.00,0.00,0.00,7.00
02:55:07,13,82.00,0.00,9.00,0.00,0.00,3.00,0.00,0.00,0.00,6.00
02:55:07,14,81.82,0.00,8.08,0.00,0.00,3.03,0.00,0.00,0.00,7.07
02:55:07,15,83.00,0.00,8.00,0.00,0.00,2.00,0.00,0.00,0.00,7.00
02:55:08,4,80.20,0.00,8.91,0.00,0.00,3.96,0.00,0.00,0.00,6.93
02:55:08,5,80.81,0.00,9.09,0.00,0.00,4.04,0.00,0.00,0.00,6.06
02:55:08,6,83.00,0.00,8.00,0.00,0.00,2.00,0.00,0.00,0.00,7.00
02:55:08,7,81.82,0.00,8.08,0.00,0.00,3.03,0.00,0.00,0.00,7.07
02:55:08,12,81.19,0.00,8.91,0.00,0.00,2.97,0.00,0.00,0.00,6.93
02:55:08,13,83.67,0.00,7.14,0.00,0.00,2.04,0.00,0.00,0.00,7.14
02:55:08,14,83.00,0.00,8.00,0.00,0.00,2.00,0.00,0.00,0.00,7.00
02:55:08,15,82.00,0.00,9.00,0.00,0.00,2.00,0.00,0.00,0.00,7.00
02:55:09,4,81.82,0.00,9.09,0.00,0.00,2.02,0.00,0.00,0.00,7.07
02:55:09,5,80.39,0.00,7.84,0.00,0.00,2.94,0.00,0.00,0.00,8.82
02:55:09,6,80.61,0.00,8.16,0.00,0.00,3.06,0.00,0.00,0.00,8.16
02:55:09,7,81.00,0.00,8.00,0.00,0.00,3.00,0.00,0.00,0.00,8.00
02:55:09,12,80.00,0.00,9.00,0.00,0.00,3.00,0.00,0.00,0.00,8.00
02:55:09,13,79.21,0.00,8.91,0.00,0.00,3.96,0.00,0.00,0.00,7.92
02:55:09,14,80.81,0.00,9.09,0.00,0.00,2.02,0.00,0.00,0.00,8.08
02:55:09,15,81.00,0.00,8.00,0.00,0.00,3.00,0.00,0.00,0.00,8.00
02:55:10,4,80.81,0.00,9.09,0.00,0.00,2.02,0.00,0.00,0.00,8.08
02:55:10,5,82.65,0.00,8.16,0.00,0.00,2.04,0.00,0.00,0.00,7.14
02:55:10,6,82.00,0.00,8.00,0.00,0.00,3.00,0.00,0.00,0.00,7.00
02:55:10,7,80.00,0.00,9.00,0.00,0.00,3.00,0.00,0.00,0.00,8.00
02:55:10,12,81.82,0.00,9.09,0.00,0.00,2.02,0.00,0.00,0.00,7.07
02:55:10,13,82.18,0.00,6.93,0.00,0.00,2.97,0.00,0.00,0.00,7.92
02:55:10,14,81.00,0.00,9.00,0.00,0.00,3.00,0.00,0.00,0.00,7.00
02:55:10,15,83.00,0.00,7.00,0.00,0.00,2.00,0.00,0.00,0.00,8.00
02:55:11,4,79.41,0.00,9.80,0.00,0.00,3.92,0.00,0.00,0.00,6.86
02:55:11,5,82.18,0.00,7.92,0.00,0.00,2.97,0.00,0.00,0.00,6.93
02:55:11,6,81.19,0.00,7.92,0.00,0.00,2.97,0.00,0.00,0.00,7.92
02:55:11,7,81.82,0.00,8.08,0.00,0.00,3.03,0.00,0.00,0.00,7.07
02:55:11,12,81.19,0.00,8.91,0.00,0.00,1.98,0.00,0.00,0.00,7.92
02:55:11,13,83.00,0.00,8.00,0.00,0.00,2.00,0.00,0.00,0.00,7.00
02:55:11,14,81.82,0.00,8.08,0.00,0.00,2.02,0.00,0.00,0.00,8.08
02:55:11,15,82.00,0.00,9.00,0.00,0.00,2.00,0.00,0.00,0.00,7.00
02:55:12,4,82.83,0.00,9.09,0.00,0.00,1.01,0.00,0.00,0.00,7.07
02:55:12,5,82.00,0.00,8.00,0.00,0.00,3.00,0.00,0.00,0.00,7.00
02:55:12,6,80.81,0.00,9.09,0.00,0.00,3.03,0.00,0.00,0.00,7.07
02:55:12,7,82.00,0.00,8.00,0.00,0.00,2.00,0.00,0.00,0.00,8.00
02:55:12,12,82.83,0.00,8.08,0.00,0.00,2.02,0.00,0.00,0.00,7.07
02:55:12,13,81.00,0.00,9.00,0.00,0.00,3.00,0.00,0.00,0.00,7.00
02:55:12,14,83.17,0.00,6.93,0.00,0.00,2.97,0.00,0.00,0.00,6.93
02:55:12,15,81.63,0.00,8.16,0.00,0.00,3.06,0.00,0.00,0.00,7.14
02:55:13,4,82.00,0.00,8.00,0.00,0.00,2.00,0.00,0.00,0.00,8.00
02:55:13,5,80.81,0.00,9.09,0.00,0.00,3.03,0.00,0.00,0.00,7.07
02:55:13,6,82.83,0.00,8.08,0.00,0.00,2.02,0.00,0.00,0.00,7.07
02:55:13,7,80.81,0.00,9.09,0.00,0.00,3.03,0.00,0.00,0.00,7.07
02:55:13,12,79.21,0.00,9.90,0.00,0.00,3.96,0.00,0.00,0.00,6.93
02:55:13,13,83.51,0.00,7.22,0.00,0.00,2.06,0.00,0.00,0.00,7.22
02:55:13,14,82.00,0.00,7.00,0.00,0.00,3.00,0.00,0.00,0.00,8.00
02:55:13,15,82.18,0.00,6.93,0.00,0.00,2.97,0.00,0.00,0.00,7.92
02:55:14,4,80.20,0.00,8.91,0.00,0.00,3.96,0.00,0.00,0.00,6.93
02:55:14,5,79.00,0.00,10.00,0.00,0.00,3.00,0.00,0.00,0.00,8.00
02:55:14,6,80.81,0.00,9.09,0.00,0.00,2.02,0.00,0.00,0.00,8.08
02:55:14,7,80.00,0.00,9.00,0.00,0.00,3.00,0.00,0.00,0.00,8.00
02:55:14,12,81.63,0.00,8.16,0.00,0.00,2.04,0.00,0.00,0.00,8.16
02:55:14,13,81.00,0.00,9.00,0.00,0.00,3.00,0.00,0.00,0.00,7.00
02:55:14,14,81.00,0.00,9.00,0.00,0.00,3.00,0.00,0.00,0.00,7.00
02:55:14,15,82.00,0.00,8.00,0.00,0.00,3.00,0.00,0.00,0.00,7.00
02:55:15,4,83.00,0.00,8.00,0.00,0.00,2.00,0.00,0.00,0.00,7.00
02:55:15,5,84.54,0.00,6.19,0.00,0.00,2.06,0.00,0.00,0.00,7.22
02:55:15,6,81.19,0.00,8.91,0.00,0.00,2.97,0.00,0.00,0.00,6.93
02:55:15,7,82.18,0.00,8.91,0.00,0.00,1.98,0.00,0.00,0.00,6.93
02:55:15,12,83.00,0.00,7.00,0.00,0.00,3.00,0.00,0.00,0.00,7.00
02:55:15,13,82.00,0.00,9.00,0.00,0.00,2.00,0.00,0.00,0.00,7.00
02:55:15,14,80.81,0.00,9.09,0.00,0.00,3.03,0.00,0.00,0.00,7.07
02:55:15,15,81.19,0.00,8.91,0.00,0.00,2.97,0.00,0.00,0.00,6.93
02:55:16,4,80.61,0.00,9.18,0.00,0.00,3.06,0.00,0.00,0.00,7.14
02:55:16,5,80.00,0.00,10.00,0.00,0.00,3.00,0.00,0.00,0.00,7.00
02:55:16,6,81.63,0.00,8.16,0.00,0.00,3.06,0.00,0.00,0.00,7.14
02:55:16,7,80.81,0.00,9.09,0.00,0.00,2.02,0.00,0.00,0.00,8.08
02:55:16,12,80.81,0.00,10.10,0.00,0.00,2.02,0.00,0.00,0.00,7.07
02:55:16,13,81.00,0.00,9.00,0.00,0.00,2.00,0.00,0.00,0.00,8.00
02:55:16,14,82.65,0.00,8.16,0.00,0.00,2.04,0.00,0.00,0.00,7.14
02:55:16,15,80.00,0.00,9.00,0.00,0.00,3.00,0.00,0.00,0.00,8.00
02:55:17,4,83.00,0.00,8.00,0.00,0.00,3.00,0.00,0.00,0.00,6.00
02:55:17,5,81.19,0.00,9.90,0.00,0.00,2.97,0.00,0.00,0.00,5.94
02:55:17,6,82.00,0.00,10.00,0.00,0.00,2.00,0.00,0.00,0.00,6.00
02:55:17,7,83.00,0.00,7.00,0.00,0.00,3.00,0.00,0.00,0.00,7.00
02:55:17,12,81.63,0.00,10.20,0.00,0.00,3.06,0.00,0.00,0.00,5.10
02:55:17,13,84.00,0.00,8.00,0.00,0.00,3.00,0.00,0.00,0.00,5.00
02:55:17,14,83.84,0.00,7.07,0.00,0.00,3.03,0.00,0.00,0.00,6.06
02:55:17,15,80.81,0.00,10.10,0.00,0.00,3.03,0.00,0.00,0.00,6.06
02:55:18,4,79.21,0.00,9.90,0.00,0.00,2.97,0.00,0.00,0.00,7.92
02:55:18,5,82.65,0.00,8.16,0.00,0.00,2.04,0.00,0.00,0.00,7.14
02:55:18,6,82.47,0.00,8.25,0.00,0.00,2.06,0.00,0.00,0.00,7.22
02:55:18,7,81.63,0.00,8.16,0.00,0.00,3.06,0.00,0.00,0.00,7.14
02:55:18,12,81.19,0.00,7.92,0.00,0.00,2.97,0.00,0.00,0.00,7.92
02:55:18,13,79.80,0.00,10.10,0.00,0.00,3.03,0.00,0.00,0.00,7.07
02:55:18,14,80.39,0.00,8.82,0.00,0.00,2.94,0.00,0.00,0.00,7.84
02:55:18,15,82.83,0.00,8.08,0.00,0.00,2.02,0.00,0.00,0.00,7.07
02:55:19,4,84.69,0.00,7.14,0.00,0.00,1.02,0.00,0.00,0.00,7.14
02:55:19,5,80.81,0.00,11.11,0.00,0.00,2.02,0.00,0.00,0.00,6.06
02:55:19,6,80.00,0.00,9.00,0.00,0.00,3.00,0.00,0.00,0.00,8.00
02:55:19,7,81.82,0.00,8.08,0.00,0.00,2.02,0.00,0.00,0.00,8.08
02:55:19,12,80.00,0.00,10.00,0.00,0.00,3.00,0.00,0.00,0.00,7.00
02:55:19,13,83.00,0.00,7.00,0.00,0.00,2.00,0.00,0.00,0.00,8.00
02:55:19,14,81.00,0.00,9.00,0.00,0.00,2.00,0.00,0.00,0.00,8.00
02:55:19,15,80.20,0.00,8.91,0.00,0.00,2.97,0.00,0.00,0.00,7.92
02:55:20,4,79.00,0.00,8.00,0.00,0.00,4.00,0.00,0.00,0.00,9.00
02:55:20,5,79.00,0.00,9.00,0.00,0.00,3.00,0.00,0.00,0.00,9.00
02:55:20,6,78.22,0.00,9.90,0.00,0.00,2.97,0.00,0.00,0.00,8.91
02:55:20,7,81.00,0.00,7.00,0.00,0.00,3.00,0.00,0.00,0.00,9.00
02:55:20,12,78.79,0.00,8.08,2.02,0.00,3.03,0.00,0.00,0.00,8.08
02:55:20,13,80.81,0.00,8.08,0.00,0.00,2.02,0.00,0.00,0.00,9.09
02:55:20,14,81.82,0.00,7.07,0.00,0.00,2.02,0.00,0.00,0.00,9.09
02:55:20,15,78.79,0.00,9.09,0.00,0.00,3.03,0.00,0.00,0.00,9.09
02:55:21,4,82.18,0.00,8.91,0.00,0.00,1.98,0.00,0.00,0.00,6.93
02:55:21,5,81.82,0.00,10.10,0.00,0.00,1.01,0.00,0.00,0.00,7.07
02:55:21,6,81.63,0.00,8.16,0.00,0.00,3.06,0.00,0.00,0.00,7.14
02:55:21,7,81.82,0.00,8.08,0.00,0.00,2.02,0.00,0.00,0.00,8.08
02:55:21,12,80.81,0.00,8.08,0.00,0.00,4.04,0.00,0.00,0.00,7.07
02:55:21,13,82.18,0.00,7.92,0.00,0.00,2.97,0.00,0.00,0.00,6.93
02:55:21,14,83.00,0.00,7.00,0.00,0.00,3.00,0.00,0.00,0.00,7.00
02:55:21,15,81.00,0.00,9.00,0.00,0.00,3.00,0.00,0.00,0.00,7.00
02:55:22,4,84.69,0.00,8.16,0.00,0.00,1.02,0.00,0.00,0.00,6.12
02:55:22,5,82.00,0.00,9.00,0.00,0.00,2.00,0.00,0.00,0.00,7.00
02:55:22,6,80.00,0.00,9.00,0.00,0.00,4.00,0.00,0.00,0.00,7.00
02:55:22,7,82.00,0.00,8.00,0.00,0.00,3.00,0.00,0.00,0.00,7.00
02:55:22,12,82.00,0.00,8.00,0.00,0.00,3.00,0.00,0.00,0.00,7.00
02:55:22,13,81.63,0.00,10.20,0.00,0.00,2.04,0.00,0.00,0.00,6.12
02:55:22,14,81.63,0.00,9.18,0.00,0.00,2.04,0.00,0.00,0.00,7.14
02:55:22,15,80.81,0.00,9.09,0.00,0.00,3.03,0.00,0.00,0.00,7.07
02:55:23,4,80.00,0.00,9.00,0.00,0.00,4.00,0.00,0.00,0.00,7.00
02:55:23,5,82.65,0.00,8.16,0.00,0.00,3.06,0.00,0.00,0.00,6.12
02:55:23,6,83.51,0.00,8.25,0.00,0.00,2.06,0.00,0.00,0.00,6.19
02:55:23,7,80.20,0.00,9.90,0.00,0.00,2.97,0.00,0.00,0.00,6.93
02:55:23,12,82.00,0.00,9.00,0.00,0.00,2.00,0.00,0.00,0.00,7.00
02:55:23,13,81.00,0.00,10.00,0.00,0.00,2.00,0.00,0.00,0.00,7.00
02:55:23,14,82.83,0.00,7.07,0.00,0.00,3.03,0.00,0.00,0.00,7.07
02:55:23,15,82.83,0.00,8.08,0.00,0.00,2.02,0.00,0.00,0.00,7.07
02:55:24,4,80.81,0.00,9.09,0.00,0.00,2.02,0.00,0.00,0.00,8.08
02:55:24,5,80.20,0.00,8.91,0.00,0.00,2.97,0.00,0.00,0.00,7.92
02:55:24,6,82.00,0.00,8.00,0.00,0.00,2.00,0.00,0.00,0.00,8.00
02:55:24,7,81.00,0.00,9.00,0.00,0.00,2.00,0.00,0.00,0.00,8.00
02:55:24,12,81.63,0.00,9.18,0.00,0.00,2.04,0.00,0.00,0.00,7.14
02:55:24,13,81.00,0.00,9.00,0.00,0.00,2.00,0.00,0.00,0.00,8.00
02:55:24,14,80.81,0.00,9.09,0.00,0.00,2.02,0.00,0.00,0.00,8.08
02:55:24,15,83.67,0.00,6.12,0.00,0.00,3.06,0.00,0.00,0.00,7.14
02:55:25,4,80.81,0.00,8.08,0.00,0.00,3.03,0.00,0.00,0.00,8.08
02:55:25,5,81.63,0.00,8.16,0.00,0.00,2.04,0.00,0.00,0.00,8.16
02:55:25,6,78.57,0.00,9.18,0.00,0.00,4.08,0.00,0.00,0.00,8.16
02:55:25,7,79.80,0.00,9.09,0.00,0.00,2.02,0.00,0.00,0.00,9.09
02:55:25,12,82.00,0.00,8.00,0.00,0.00,2.00,0.00,0.00,0.00,8.00
02:55:25,13,79.59,0.00,9.18,0.00,0.00,3.06,0.00,0.00,0.00,8.16
02:55:25,14,80.00,0.00,8.00,0.00,0.00,4.00,0.00,0.00,0.00,8.00
02:55:25,15,81.00,0.00,9.00,0.00,0.00,2.00,0.00,0.00,0.00,8.00
02:55:26,4,84.85,0.00,5.05,0.00,0.00,2.02,0.00,0.00,0.00,8.08
02:55:26,5,80.81,0.00,9.09,0.00,0.00,3.03,0.00,0.00,0.00,7.07
02:55:26,6,79.21,0.00,9.90,0.00,0.00,2.97,0.00,0.00,0.00,7.92
02:55:26,7,81.00,0.00,9.00,0.00,0.00,3.00,0.00,0.00,0.00,7.00
02:55:26,12,80.00,0.00,9.00,0.00,0.00,3.00,0.00,0.00,0.00,8.00
02:55:26,13,83.00,0.00,8.00,0.00,0.00,2.00,0.00,0.00,0.00,7.00
02:55:26,14,79.21,0.00,8.91,0.00,0.00,3.96,0.00,0.00,0.00,7.92
02:55:26,15,80.00,0.00,9.00,0.00,0.00,3.00,0.00,0.00,0.00,8.00
02:55:27,4,81.82,0.00,8.08,0.00,0.00,3.03,0.00,0.00,0.00,7.07
02:55:27,5,81.00,0.00,9.00,0.00,0.00,2.00,0.00,0.00,0.00,8.00
02:55:27,6,80.00,0.00,9.00,0.00,0.00,3.00,0.00,0.00,0.00,8.00
02:55:27,7,79.80,0.00,9.09,0.00,0.00,3.03,0.00,0.00,0.00,8.08
02:55:27,12,80.81,0.00,9.09,0.00,0.00,2.02,0.00,0.00,0.00,8.08
02:55:27,13,82.83,0.00,8.08,0.00,0.00,2.02,0.00,0.00,0.00,7.07
02:55:27,14,81.82,0.00,7.07,0.00,0.00,3.03,0.00,0.00,0.00,8.08
02:55:27,15,81.63,0.00,8.16,0.00,0.00,2.04,0.00,0.00,0.00,8.16
02:55:28,4,81.82,0.00,10.10,0.00,0.00,3.03,0.00,0.00,0.00,5.05
02:55:28,5,84.54,0.00,8.25,0.00,0.00,2.06,0.00,0.00,0.00,5.15
02:55:28,6,82.83,0.00,10.10,0.00,0.00,2.02,0.00,0.00,0.00,5.05
02:55:28,7,82.83,0.00,9.09,0.00,0.00,2.02,0.00,0.00,0.00,6.06
02:55:28,12,82.00,0.00,9.00,0.00,0.00,3.00,0.00,0.00,0.00,6.00
02:55:28,13,83.84,0.00,7.07,0.00,0.00,3.03,0.00,0.00,0.00,6.06
02:55:28,14,81.00,0.00,11.00,0.00,0.00,3.00,0.00,0.00,0.00,5.00
02:55:28,15,83.84,0.00,7.07,0.00,0.00,3.03,0.00,0.00,0.00,6.06
02:55:29,4,81.82,0.00,8.08,0.00,0.00,2.02,0.00,0.00,0.00,8.08
02:55:29,5,79.21,0.00,9.90,0.00,0.00,2.97,0.00,0.00,0.00,7.92
02:55:29,6,78.79,0.00,10.10,0.00,0.00,3.03,0.00,0.00,0.00,8.08
02:55:29,7,82.00,0.00,8.00,0.00,0.00,2.00,0.00,0.00,0.00,8.00
02:55:29,12,81.19,0.00,7.92,0.00,0.00,2.97,0.00,0.00,0.00,7.92
02:55:29,13,81.00,0.00,9.00,0.00,0.00,3.00,0.00,0.00,0.00,7.00
02:55:29,14,81.63,0.00,8.16,0.00,0.00,2.04,0.00,0.00,0.00,8.16
02:55:29,15,80.00,0.00,10.00,0.00,0.00,2.00,0.00,0.00,0.00,8.00
02:55:30,4,80.81,0.00,8.08,1.01,0.00,3.03,0.00,0.00,0.00,7.07
02:55:30,5,82.47,0.00,6.19,0.00,0.00,3.09,0.00,0.00,0.00,8.25
02:55:30,6,81.00,0.00,8.00,0.00,0.00,3.00,0.00,0.00,0.00,8.00
02:55:30,7,79.00,0.00,10.00,0.00,0.00,2.00,0.00,0.00,0.00,9.00
02:55:30,12,82.65,0.00,7.14,0.00,0.00,2.04,0.00,0.00,0.00,8.16
02:55:30,13,80.00,0.00,8.00,0.00,0.00,3.00,0.00,0.00,0.00,9.00
02:55:30,14,81.82,0.00,7.07,0.00,0.00,2.02,0.00,0.00,0.00,9.09
02:55:30,15,80.81,0.00,9.09,0.00,0.00,2.02,0.00,0.00,0.00,8.08
02:55:31,4,81.19,0.00,8.91,0.00,0.00,2.97,0.00,0.00,0.00,6.93
02:55:31,5,82.18,0.00,8.91,0.00,0.00,1.98,0.00,0.00,0.00,6.93
02:55:31,6,84.00,0.00,7.00,0.00,0.00,2.00,0.00,0.00,0.00,7.00
02:55:31,7,79.80,0.00,9.09,0.00,0.00,4.04,0.00,0.00,0.00,7.07
02:55:31,12,79.21,0.00,9.90,0.00,0.00,3.96,0.00,0.00,0.00,6.93
02:55:31,13,83.00,0.00,9.00,0.00,0.00,2.00,0.00,0.00,0.00,6.00
02:55:31,14,83.00,0.00,8.00,0.00,0.00,3.00,0.00,0.00,0.00,6.00
02:55:31,15,79.21,0.00,9.90,0.00,0.00,3.96,0.00,0.00,0.00,6.93
02:55:32,4,81.63,0.00,10.20,0.00,0.00,2.04,0.00,0.00,0.00,6.12
02:55:32,5,81.82,0.00,9.09,0.00,0.00,3.03,0.00,0.00,0.00,6.06
02:55:32,6,81.00,0.00,9.00,0.00,0.00,3.00,0.00,0.00,0.00,7.00
02:55:32,7,81.00,0.00,9.00,0.00,0.00,3.00,0.00,0.00,0.00,7.00
02:55:32,12,81.63,0.00,10.20,0.00,0.00,2.04,0.00,0.00,0.00,6.12
02:55:32,13,81.00,0.00,9.00,0.00,0.00,3.00,0.00,0.00,0.00,7.00
02:55:32,14,81.82,0.00,9.09,0.00,0.00,2.02,0.00,0.00,0.00,7.07
02:55:32,15,82.00,0.00,9.00,0.00,0.00,2.00,0.00,0.00,0.00,7.00
02:55:33,4,82.65,0.00,8.16,0.00,0.00,2.04,0.00,0.00,0.00,7.14
02:55:33,5,80.39,0.00,9.80,0.00,0.00,2.94,0.00,0.00,0.00,6.86
02:55:33,6,81.82,0.00,9.09,0.00,0.00,3.03,0.00,0.00,0.00,6.06
02:55:33,7,85.86,0.00,6.06,0.00,0.00,2.02,0.00,0.00,0.00,6.06
02:55:33,12,82.00,0.00,9.00,0.00,0.00,2.00,0.00,0.00,0.00,7.00
02:55:33,13,82.65,0.00,9.18,0.00,0.00,2.04,0.00,0.00,0.00,6.12
02:55:33,14,82.00,0.00,9.00,0.00,0.00,2.00,0.00,0.00,0.00,7.00
02:55:33,15,82.83,0.00,8.08,0.00,0.00,2.02,0.00,0.00,0.00,7.07
02:55:34,4,81.19,0.00,7.92,0.00,0.00,2.97,0.00,0.00,0.00,7.92
02:55:34,5,81.63,0.00,9.18,0.00,0.00,2.04,0.00,0.00,0.00,7.14
02:55:34,6,81.00,0.00,8.00,0.00,0.00,2.00,0.00,0.00,0.00,9.00
02:55:34,7,80.00,0.00,8.00,0.00,0.00,3.00,0.00,0.00,0.00,9.00
02:55:34,12,80.81,0.00,8.08,0.00,0.00,3.03,0.00,0.00,0.00,8.08
02:55:34,13,80.00,0.00,9.00,0.00,0.00,2.00,0.00,0.00,0.00,9.00
02:55:34,14,79.00,0.00,9.00,0.00,0.00,3.00,0.00,0.00,0.00,9.00
02:55:34,15,80.00,0.00,8.00,0.00,0.00,3.00,0.00,0.00,0.00,9.00
02:55:35,4,79.21,0.00,8.91,0.00,0.00,1.98,0.00,0.00,0.00,9.90
02:55:35,5,80.00,0.00,8.00,0.00,0.00,2.00,0.00,0.00,0.00,10.00
02:55:35,6,78.57,0.00,9.18,0.00,0.00,3.06,0.00,0.00,0.00,9.18
02:55:35,7,79.80,0.00,8.08,0.00,0.00,2.02,0.00,0.00,0.00,10.10
02:55:35,12,78.00,0.00,9.00,0.00,0.00,3.00,0.00,0.00,0.00,10.00
02:55:35,13,79.80,0.00,7.07,0.00,0.00,4.04,0.00,0.00,0.00,9.09
02:55:35,14,79.80,0.00,8.08,0.00,0.00,2.02,0.00,0.00,0.00,10.10
02:55:35,15,78.79,0.00,9.09,0.00,0.00,2.02,0.00,0.00,0.00,10.10
02:55:36,4,80.61,0.00,9.18,0.00,0.00,3.06,0.00,0.00,0.00,7.14
02:55:36,5,81.63,0.00,7.14,0.00,0.00,3.06,0.00,0.00,0.00,8.16
02:55:36,6,80.81,0.00,7.07,0.00,0.00,4.04,0.00,0.00,0.00,8.08
02:55:36,7,81.82,0.00,7.07,0.00,0.00,3.03,0.00,0.00,0.00,8.08
02:55:36,12,79.80,0.00,10.10,0.00,0.00,2.02,0.00,0.00,0.00,8.08
02:55:36,13,79.00,0.00,10.00,0.00,0.00,3.00,0.00,0.00,0.00,8.00
02:55:36,14,80.81,0.00,9.09,0.00,0.00,3.03,0.00,0.00,0.00,7.07
02:55:36,15,81.82,0.00,7.07,0.00,0.00,3.03,0.00,0.00,0.00,8.08
02:55:37,4,81.82,0.00,9.09,0.00,0.00,1.01,0.00,0.00,0.00,8.08
02:55:37,5,81.82,0.00,9.09,0.00,0.00,2.02,0.00,0.00,0.00,7.07
02:55:37,6,83.00,0.00,7.00,0.00,0.00,2.00,0.00,0.00,0.00,8.00
02:55:37,7,81.82,0.00,8.08,0.00,0.00,2.02,0.00,0.00,0.00,8.08
02:55:37,12,81.00,0.00,10.00,0.00,0.00,2.00,0.00,0.00,0.00,7.00
02:55:37,13,80.81,0.00,9.09,0.00,0.00,3.03,0.00,0.00,0.00,7.07
02:55:37,14,80.81,0.00,9.09,0.00,0.00,2.02,0.00,0.00,0.00,8.08
02:55:37,15,81.00,0.00,8.00,0.00,0.00,3.00,0.00,0.00,0.00,8.00
02:55:38,4,81.82,0.00,8.08,0.00,0.00,3.03,0.00,0.00,0.00,7.07
02:55:38,5,80.81,0.00,10.10,0.00,0.00,3.03,0.00,0.00,0.00,6.06
02:55:38,6,82.83,0.00,8.08,0.00,0.00,3.03,0.00,0.00,0.00,6.06
02:55:38,7,79.21,0.00,11.88,0.00,0.00,1.98,0.00,0.00,0.00,6.93
02:55:38,12,82.00,0.00,8.00,0.00,0.00,3.00,0.00,0.00,0.00,7.00
02:55:38,13,84.00,0.00,7.00,0.00,0.00,2.00,0.00,0.00,0.00,7.00
02:55:38,14,82.47,0.00,9.28,0.00,0.00,2.06,0.00,0.00,0.00,6.19
02:55:38,15,82.83,0.00,8.08,0.00,0.00,3.03,0.00,0.00,0.00,6.06
02:55:39,4,79.59,0.00,10.20,0.00,0.00,2.04,0.00,0.00,0.00,8.16
02:55:39,5,81.63,0.00,8.16,0.00,0.00,2.04,0.00,0.00,0.00,8.16
02:55:39,6,81.00,0.00,7.00,0.00,0.00,3.00,0.00,0.00,0.00,9.00
02:55:39,7,78.79,0.00,9.09,0.00,0.00,3.03,0.00,0.00,0.00,9.09
02:55:39,12,82.00,0.00,8.00,0.00,0.00,2.00,0.00,0.00,0.00,8.00
02:55:39,13,79.80,0.00,9.09,0.00,0.00,3.03,0.00,0.00,0.00,8.08
02:55:39,14,79.80,0.00,9.09,0.00,0.00,3.03,0.00,0.00,0.00,8.08
02:55:39,15,80.00,0.00,9.00,0.00,0.00,2.00,0.00,0.00,0.00,9.00
02:55:40,4,81.82,0.00,8.08,0.00,0.00,3.03,0.00,0.00,0.00,7.07
02:55:40,5,80.00,0.00,10.00,0.00,0.00,2.00,0.00,0.00,0.00,8.00
02:55:40,6,79.80,0.00,9.09,0.00,0.00,3.03,0.00,0.00,0.00,8.08
02:55:40,7,79.21,0.00,9.90,0.00,0.00,2.97,0.00,0.00,0.00,7.92
02:55:40,12,81.82,0.00,8.08,0.00,0.00,2.02,0.00,0.00,0.00,8.08
02:55:40,13,80.00,0.00,8.00,0.00,0.00,4.00,0.00,0.00,0.00,8.00
02:55:40,14,80.20,0.00,9.90,0.00,0.00,1.98,0.00,0.00,0.00,7.92
02:55:40,15,80.81,0.00,8.08,0.00,0.00,3.03,0.00,0.00,0.00,8.08
02:55:41,4,80.00,0.00,9.00,0.00,0.00,3.00,0.00,0.00,0.00,8.00
02:55:41,5,79.00,0.00,10.00,0.00,0.00,3.00,0.00,0.00,0.00,8.00
02:55:41,6,81.82,0.00,9.09,0.00,0.00,2.02,0.00,0.00,0.00,7.07
02:55:41,7,80.81,0.00,8.08,0.00,0.00,3.03,0.00,0.00,0.00,8.08
02:55:41,12,81.00,0.00,10.00,0.00,0.00,2.00,0.00,0.00,0.00,7.00
02:55:41,13,79.80,0.00,10.10,0.00,0.00,3.03,0.00,0.00,0.00,7.07
02:55:41,14,80.81,0.00,8.08,0.00,0.00,3.03,0.00,0.00,0.00,8.08
02:55:41,15,79.21,0.00,9.90,0.00,0.00,2.97,0.00,0.00,0.00,7.92
02:55:42,4,80.81,0.00,9.09,0.00,0.00,2.02,0.00,0.00,0.00,8.08
02:55:42,5,80.81,0.00,8.08,0.00,0.00,3.03,0.00,0.00,0.00,8.08
02:55:42,6,81.82,0.00,7.07,0.00,0.00,2.02,0.00,0.00,0.00,9.09
02:55:42,7,81.82,0.00,8.08,0.00,0.00,2.02,0.00,0.00,0.00,8.08
02:55:42,12,81.00,0.00,8.00,0.00,0.00,2.00,0.00,0.00,0.00,9.00
02:55:42,13,80.20,0.00,7.92,0.00,0.00,2.97,0.00,0.00,0.00,8.91
02:55:42,14,82.65,0.00,7.14,0.00,0.00,2.04,0.00,0.00,0.00,8.16
02:55:42,15,78.00,0.00,9.00,0.00,0.00,4.00,0.00,0.00,0.00,9.00
02:55:43,4,82.00,0.00,8.00,0.00,0.00,2.00,0.00,0.00,0.00,8.00
02:55:43,5,80.61,0.00,9.18,0.00,0.00,3.06,0.00,0.00,0.00,7.14
02:55:43,6,80.00,0.00,10.00,0.00,0.00,3.00,0.00,0.00,0.00,7.00
02:55:43,7,82.83,0.00,8.08,0.00,0.00,2.02,0.00,0.00,0.00,7.07
02:55:43,12,83.00,0.00,8.00,0.00,0.00,2.00,0.00,0.00,0.00,7.00
02:55:43,13,82.65,0.00,8.16,0.00,0.00,2.04,0.00,0.00,0.00,7.14
02:55:43,14,80.20,0.00,8.91,0.00,0.00,2.97,0.00,0.00,0.00,7.92
02:55:43,15,80.81,0.00,8.08,0.00,0.00,3.03,0.00,0.00,0.00,8.08
02:55:44,4,82.83,0.00,9.09,0.00,0.00,2.02,0.00,0.00,0.00,6.06
02:55:44,5,82.65,0.00,9.18,0.00,0.00,2.04,0.00,0.00,0.00,6.12
02:55:44,6,80.81,0.00,9.09,0.00,0.00,3.03,0.00,0.00,0.00,7.07
02:55:44,7,82.00,0.00,8.00,0.00,0.00,3.00,0.00,0.00,0.00,7.00
02:55:44,12,81.82,0.00,9.09,0.00,0.00,3.03,0.00,0.00,0.00,6.06
02:55:44,13,83.00,0.00,7.00,0.00,0.00,4.00,0.00,0.00,0.00,6.00
02:55:44,14,81.82,0.00,9.09,0.00,0.00,3.03,0.00,0.00,0.00,6.06
02:55:44,15,81.82,0.00,9.09,0.00,0.00,2.02,0.00,0.00,0.00,7.07
02:55:45,4,81.00,0.00,8.00,0.00,0.00,4.00,0.00,0.00,0.00,7.00
02:55:45,5,80.81,0.00,8.08,0.00,0.00,3.03,0.00,0.00,0.00,8.08
02:55:45,6,80.81,0.00,9.09,0.00,0.00,3.03,0.00,0.00,0.00,7.07
02:55:45,7,81.82,0.00,8.08,0.00,0.00,3.03,0.00,0.00,0.00,7.07
02:55:45,12,80.00,0.00,9.00,0.00,0.00,3.00,0.00,0.00,0.00,8.00
02:55:45,13,79.21,0.00,8.91,0.00,0.00,3.96,0.00,0.00,0.00,7.92
02:55:45,14,81.82,0.00,8.08,0.00,0.00,2.02,0.00,0.00,0.00,8.08
02:55:45,15,82.18,0.00,6.93,0.00,0.00,2.97,0.00,0.00,0.00,7.92
02:55:46,4,82.00,0.00,7.00,0.00,0.00,3.00,0.00,0.00,0.00,8.00
02:55:46,5,79.21,0.00,8.91,0.00,0.00,3.96,0.00,0.00,0.00,7.92
02:55:46,6,80.20,0.00,7.92,0.00,0.00,3.96,0.00,0.00,0.00,7.92
02:55:46,7,82.83,0.00,7.07,0.00,0.00,2.02,0.00,0.00,0.00,8.08
02:55:46,12,79.00,0.00,10.00,0.00,0.00,3.00,0.00,0.00,0.00,8.00
02:55:46,13,83.51,0.00,6.19,0.00,0.00,3.09,0.00,0.00,0.00,7.22
02:55:46,14,81.82,0.00,7.07,0.00,0.00,3.03,0.00,0.00,0.00,8.08
02:55:46,15,82.00,0.00,7.00,0.00,0.00,3.00,0.00,0.00,0.00,8.00
02:55:47,4,82.83,0.00,8.08,0.00,0.00,2.02,0.00,0.00,0.00,7.07
02:55:47,5,81.44,0.00,7.22,0.00,0.00,4.12,0.00,0.00,0.00,7.22
02:55:47,6,82.00,0.00,8.00,0.00,0.00,2.00,0.00,0.00,0.00,8.00
02:55:47,7,81.00,0.00,8.00,0.00,0.00,3.00,0.00,0.00,0.00,8.00
02:55:47,12,82.65,0.00,7.14,0.00,0.00,3.06,0.00,0.00,0.00,7.14
02:55:47,13,81.00,0.00,8.00,0.00,0.00,3.00,0.00,0.00,0.00,8.00
02:55:47,14,79.00,0.00,10.00,0.00,0.00,3.00,0.00,0.00,0.00,8.00
02:55:47,15,80.61,0.00,9.18,0.00,0.00,2.04,0.00,0.00,0.00,8.16
02:55:48,4,80.81,0.00,8.08,0.00,0.00,3.03,0.00,0.00,0.00,8.08
02:55:48,5,82.00,0.00,8.00,0.00,0.00,2.00,0.00,0.00,0.00,8.00
02:55:48,6,79.59,0.00,9.18,0.00,0.00,3.06,0.00,0.00,0.00,8.16
02:55:48,7,82.83,0.00,7.07,0.00,0.00,2.02,0.00,0.00,0.00,8.08
02:55:48,12,80.81,0.00,9.09,0.00,0.00,2.02,0.00,0.00,0.00,8.08
02:55:48,13,83.00,0.00,7.00,0.00,0.00,3.00,0.00,0.00,0.00,7.00
02:55:48,14,80.20,0.00,7.92,0.00,0.00,3.96,0.00,0.00,0.00,7.92
02:55:48,15,80.20,0.00,8.91,0.00,0.00,2.97,0.00,0.00,0.00,7.92
02:55:49,4,81.19,0.00,8.91,0.00,0.00,2.97,0.00,0.00,0.00,6.93
02:55:49,5,81.19,0.00,8.91,0.00,0.00,3.96,0.00,0.00,0.00,5.94
02:55:49,6,81.19,0.00,8.91,0.00,0.00,2.97,0.00,0.00,0.00,6.93
02:55:49,7,82.00,0.00,8.00,0.00,0.00,3.00,0.00,0.00,0.00,7.00
02:55:49,12,84.85,0.00,7.07,0.00,0.00,2.02,0.00,0.00,0.00,6.06
02:55:49,13,83.00,0.00,8.00,0.00,0.00,2.00,0.00,0.00,0.00,7.00
02:55:49,14,80.61,0.00,11.22,0.00,0.00,2.04,0.00,0.00,0.00,6.12
02:55:49,15,83.84,0.00,8.08,0.00,0.00,2.02,0.00,0.00,0.00,6.06
02:55:50,4,85.57,0.00,5.15,0.00,0.00,2.06,0.00,0.00,0.00,7.22
02:55:50,5,82.65,0.00,7.14,0.00,0.00,3.06,0.00,0.00,0.00,7.14
02:55:50,6,81.63,0.00,9.18,0.00,0.00,2.04,0.00,0.00,0.00,7.14
02:55:50,7,79.59,0.00,9.18,0.00,0.00,3.06,0.00,0.00,0.00,8.16
02:55:50,12,83.00,0.00,8.00,0.00,0.00,2.00,0.00,0.00,0.00,7.00
02:55:50,13,80.00,0.00,10.00,0.00,0.00,2.00,0.00,0.00,0.00,8.00
02:55:50,14,81.19,0.00,7.92,0.00,0.00,2.97,0.00,0.00,0.00,7.92
02:55:50,15,81.00,0.00,9.00,0.00,0.00,2.00,0.00,0.00,0.00,8.00
02:55:51,4,81.00,0.00,8.00,0.00,0.00,3.00,0.00,0.00,0.00,8.00
02:55:51,5,82.18,0.00,7.92,0.00,0.00,1.98,0.00,0.00,0.00,7.92
02:55:51,6,83.00,0.00,7.00,0.00,0.00,3.00,0.00,0.00,0.00,7.00
02:55:51,7,79.41,0.00,10.78,0.00,0.00,1.96,0.00,0.00,0.00,7.84
02:55:51,12,81.00,0.00,9.00,0.00,0.00,2.00,0.00,0.00,0.00,8.00
02:55:51,13,78.00,0.00,11.00,0.00,0.00,4.00,0.00,0.00,0.00,7.00
02:55:51,14,81.82,0.00,9.09,0.00,0.00,2.02,0.00,0.00,0.00,7.07
02:55:51,15,81.00,0.00,8.00,0.00,0.00,3.00,0.00,0.00,0.00,8.00
02:55:52,4,81.82,0.00,9.09,0.00,0.00,2.02,0.00,0.00,0.00,7.07
02:55:52,5,81.82,0.00,8.08,0.00,0.00,3.03,0.00,0.00,0.00,7.07
02:55:52,6,80.00,0.00,9.00,0.00,0.00,3.00,0.00,0.00,0.00,8.00
02:55:52,7,82.83,0.00,9.09,0.00,0.00,1.01,0.00,0.00,0.00,7.07
02:55:52,12,80.20,0.00,8.91,0.00,0.00,2.97,0.00,0.00,0.00,7.92
02:55:52,13,82.83,0.00,8.08,0.00,0.00,2.02,0.00,0.00,0.00,7.07
02:55:52,14,79.00,0.00,9.00,0.00,0.00,4.00,0.00,0.00,0.00,8.00
02:55:52,15,80.00,0.00,9.00,0.00,0.00,3.00,0.00,0.00,0.00,8.00
02:55:53,4,80.81,0.00,8.08,0.00,0.00,3.03,0.00,0.00,0.00,8.08
02:55:53,5,82.00,0.00,8.00,0.00,0.00,3.00,0.00,0.00,0.00,7.00
02:55:53,6,81.00,0.00,8.00,0.00,0.00,3.00,0.00,0.00,0.00,8.00
02:55:53,7,80.00,0.00,9.00,0.00,0.00,3.00,0.00,0.00,0.00,8.00
02:55:53,12,82.65,0.00,8.16,0.00,0.00,2.04,0.00,0.00,0.00,7.14
02:55:53,13,79.80,0.00,9.09,0.00,0.00,3.03,0.00,0.00,0.00,8.08
02:55:53,14,79.00,0.00,10.00,0.00,0.00,3.00,0.00,0.00,0.00,8.00
02:55:53,15,81.82,0.00,8.08,0.00,0.00,2.02,0.00,0.00,0.00,8.08
02:55:54,4,81.00,0.00,10.00,0.00,0.00,2.00,0.00,0.00,0.00,7.00
02:55:54,5,81.82,0.00,8.08,0.00,0.00,3.03,0.00,0.00,0.00,7.07
02:55:54,6,81.00,0.00,9.00,0.00,0.00,3.00,0.00,0.00,0.00,7.00
02:55:54,7,82.83,0.00,7.07,0.00,0.00,3.03,0.00,0.00,0.00,7.07
02:55:54,12,80.61,0.00,10.20,0.00,0.00,2.04,0.00,0.00,0.00,7.14
02:55:54,13,83.84,0.00,7.07,0.00,0.00,2.02,0.00,0.00,0.00,7.07
02:55:54,14,81.19,0.00,7.92,0.00,0.00,3.96,0.00,0.00,0.00,6.93
02:55:54,15,82.65,0.00,7.14,0.00,0.00,3.06,0.00,0.00,0.00,7.14
02:55:55,4,80.81,0.00,9.09,0.00,0.00,3.03,0.00,0.00,0.00,7.07
02:55:55,5,81.00,0.00,9.00,0.00,0.00,2.00,0.00,0.00,0.00,8.00
02:55:55,6,85.71,0.00,5.10,0.00,0.00,1.02,0.00,0.00,0.00,8.16
02:55:55,7,81.63,0.00,7.14,0.00,0.00,3.06,0.00,0.00,0.00,8.16
02:55:55,12,80.81,0.00,8.08,0.00,0.00,3.03,0.00,0.00,0.00,8.08
02:55:55,13,79.00,0.00,9.00,0.00,0.00,4.00,0.00,0.00,0.00,8.00
02:55:55,14,81.82,0.00,8.08,0.00,0.00,2.02,0.00,0.00,0.00,8.08
02:55:55,15,79.80,0.00,9.09,0.00,0.00,3.03,0.00,0.00,0.00,8.08
02:55:56,4,79.80,0.00,10.10,0.00,0.00,2.02,0.00,0.00,0.00,8.08
02:55:56,5,81.00,0.00,9.00,0.00,0.00,3.00,0.00,0.00,0.00,7.00
02:55:56,6,80.81,0.00,9.09,0.00,0.00,3.03,0.00,0.00,0.00,7.07
02:55:56,7,78.79,0.00,10.10,0.00,0.00,3.03,0.00,0.00,0.00,8.08
02:55:56,12,80.00,0.00,11.00,0.00,0.00,2.00,0.00,0.00,0.00,7.00
02:55:56,13,81.63,0.00,9.18,0.00,0.00,2.04,0.00,0.00,0.00,7.14
02:55:56,14,80.81,0.00,9.09,0.00,0.00,3.03,0.00,0.00,0.00,7.07
02:55:56,15,80.00,0.00,9.00,0.00,0.00,3.00,0.00,0.00,0.00,8.00
02:55:57,4,81.00,0.00,7.00,0.00,0.00,4.00,0.00,0.00,0.00,8.00
02:55:57,5,81.82,0.00,8.08,0.00,0.00,2.02,0.00,0.00,0.00,8.08
02:55:57,6,79.80,0.00,9.09,0.00,0.00,3.03,0.00,0.00,0.00,8.08
02:55:57,7,79.80,0.00,9.09,0.00,0.00,3.03,0.00,0.00,0.00,8.08
02:55:57,12,82.83,0.00,7.07,0.00,0.00,2.02,0.00,0.00,0.00,8.08
02:55:57,13,80.00,0.00,9.00,0.00,0.00,3.00,0.00,0.00,0.00,8.00
02:55:57,14,79.80,0.00,10.10,0.00,0.00,2.02,0.00,0.00,0.00,8.08
02:55:57,15,80.81,0.00,9.09,0.00,0.00,2.02,0.00,0.00,0.00,8.08
02:55:58,4,79.80,0.00,9.09,0.00,0.00,3.03,0.00,0.00,0.00,8.08
02:55:58,5,79.80,0.00,10.10,0.00,0.00,2.02,0.00,0.00,0.00,8.08
02:55:58,6,80.81,0.00,9.09,0.00,0.00,2.02,0.00,0.00,0.00,8.08
02:55:58,7,79.80,0.00,9.09,0.00,0.00,3.03,0.00,0.00,0.00,8.08
02:55:58,12,78.79,0.00,12.12,0.00,0.00,2.02,0.00,0.00,0.00,7.07
02:55:58,13,82.83,0.00,7.07,0.00,0.00,2.02,0.00,0.00,0.00,8.08
02:55:58,14,82.65,0.00,7.14,0.00,0.00,2.04,0.00,0.00,0.00,8.16
02:55:58,15,79.59,0.00,10.20,0.00,0.00,2.04,0.00,0.00,0.00,8.16
02:55:59,4,81.82,0.00,9.09,0.00,0.00,2.02,0.00,0.00,0.00,7.07
02:55:59,5,81.82,0.00,8.08,1.01,0.00,3.03,0.00,0.00,0.00,6.06
02:55:59,6,79.80,0.00,10.10,0.00,0.00,3.03,0.00,0.00,0.00,7.07
02:55:59,7,81.00,0.00,8.00,0.00,0.00,3.00,0.00,0.00,0.00,8.00
02:55:59,12,81.82,0.00,7.07,0.00,0.00,3.03,0.00,0.00,0.00,8.08
02:55:59,13,77.78,0.00,11.11,0.00,0.00,4.04,0.00,0.00,0.00,7.07
02:55:59,14,80.81,0.00,9.09,0.00,0.00,3.03,0.00,0.00,0.00,7.07
02:55:59,15,81.19,0.00,8.91,0.00,0.00,1.98,0.00,0.00,0.00,7.92
02:56:00,4,80.81,0.00,9.09,0.00,0.00,3.03,0.00,0.00,0.00,7.07
02:56:00,5,80.81,0.00,9.09,0.00,0.00,3.03,0.00,0.00,0.00,7.07
02:56:00,6,81.82,0.00,8.08,0.00,0.00,3.03,0.00,0.00,0.00,7.07
02:56:00,7,81.63,0.00,8.16,0.00,0.00,3.06,0.00,0.00,0.00,7.14
02:56:00,12,81.00,0.00,9.00,0.00,0.00,3.00,0.00,0.00,0.00,7.00
02:56:00,13,82.00,0.00,8.00,0.00,0.00,2.00,0.00,0.00,0.00,8.00
02:56:00,14,81.00,0.00,8.00,0.00,0.00,3.00,0.00,0.00,0.00,8.00
02:56:00,15,81.19,0.00,8.91,0.00,0.00,2.97,0.00,0.00,0.00,6.93
02:56:01,4,79.80,0.00,8.08,0.00,0.00,3.03,0.00,0.00,0.00,9.09
02:56:01,5,80.00,0.00,10.00,0.00,0.00,2.00,0.00,0.00,0.00,8.00
02:56:01,6,80.00,0.00,8.00,0.00,0.00,3.00,0.00,0.00,0.00,9.00
02:56:01,7,80.20,0.00,8.91,0.00,0.00,1.98,0.00,0.00,0.00,8.91
02:56:01,12,80.00,0.00,7.00,0.00,0.00,4.00,0.00,0.00,0.00,9.00
02:56:01,13,78.79,0.00,9.09,0.00,0.00,4.04,0.00,0.00,0.00,8.08
02:56:01,14,80.81,0.00,9.09,0.00,0.00,2.02,0.00,0.00,0.00,8.08
02:56:01,15,80.61,0.00,8.16,0.00,0.00,2.04,0.00,0.00,0.00,9.18
02:56:02,4,80.81,0.00,8.08,0.00,0.00,3.03,0.00,0.00,0.00,8.08
02:56:02,5,79.80,0.00,9.09,0.00,0.00,3.03,0.00,0.00,0.00,8.08
02:56:02,6,80.81,0.00,8.08,0.00,0.00,3.03,0.00,0.00,0.00,8.08
02:56:02,7,81.82,0.00,7.07,0.00,0.00,3.03,0.00,0.00,0.00,8.08
02:56:02,12,83.67,0.00,6.12,0.00,0.00,3.06,0.00,0.00,0.00,7.14
02:56:02,13,82.65,0.00,8.16,0.00,0.00,2.04,0.00,0.00,0.00,7.14
02:56:02,14,79.00,0.00,10.00,0.00,0.00,3.00,0.00,0.00,0.00,8.00
02:56:02,15,83.00,0.00,7.00,0.00,0.00,3.00,0.00,0.00,0.00,7.00
02:56:03,4,83.00,0.00,8.00,0.00,0.00,3.00,0.00,0.00,0.00,6.00
02:56:03,5,82.18,0.00,8.91,0.00,0.00,2.97,0.00,0.00,0.00,5.94
02:56:03,6,81.82,0.00,10.10,0.00,0.00,2.02,0.00,0.00,0.00,6.06
02:56:03,7,81.00,0.00,10.00,0.00,0.00,3.00,0.00,0.00,0.00,6.00
02:56:03,12,80.20,0.00,9.90,0.00,0.00,2.97,0.00,0.00,0.00,6.93
02:56:03,13,82.18,0.00,7.92,0.00,0.00,2.97,0.00,0.00,0.00,6.93
02:56:03,14,81.82,0.00,8.08,0.00,0.00,3.03,0.00,0.00,0.00,7.07
02:56:03,15,82.00,0.00,8.00,0.00,0.00,3.00,0.00,0.00,0.00,7.00
02:56:04,4,78.79,0.00,9.09,0.00,0.00,4.04,0.00,0.00,0.00,8.08
02:56:04,5,81.00,0.00,8.00,0.00,0.00,3.00,0.00,0.00,0.00,8.00
02:56:04,6,82.00,0.00,7.00,0.00,0.00,3.00,0.00,0.00,0.00,8.00
02:56:04,7,81.82,0.00,8.08,0.00,0.00,2.02,0.00,0.00,0.00,8.08
02:56:04,12,81.63,0.00,8.16,0.00,0.00,2.04,0.00,0.00,0.00,8.16
02:56:04,13,80.00,0.00,9.00,0.00,0.00,3.00,0.00,0.00,0.00,8.00
02:56:04,14,82.65,0.00,7.14,0.00,0.00,2.04,0.00,0.00,0.00,8.16
02:56:04,15,81.82,0.00,8.08,0.00,0.00,2.02,0.00,0.00,0.00,8.08
02:56:05,4,82.83,0.00,8.08,0.00,0.00,2.02,0.00,0.00,0.00,7.07
02:56:05,5,81.63,0.00,9.18,0.00,0.00,3.06,0.00,0.00,0.00,6.12
02:56:05,6,82.83,0.00,8.08,0.00,0.00,2.02,0.00,0.00,0.00,7.07
02:56:05,7,81.44,0.00,9.28,0.00,0.00,2.06,0.00,0.00,0.00,7.22
02:56:05,12,81.00,0.00,9.00,0.00,0.00,3.00,0.00,0.00,0.00,7.00
02:56:05,13,83.67,0.00,8.16,0.00,0.00,2.04,0.00,0.00,0.00,6.12
02:56:05,14,80.81,0.00,9.09,0.00,0.00,3.03,0.00,0.00,0.00,7.07
02:56:05,15,82.65,0.00,7.14,0.00,0.00,3.06,0.00,0.00,0.00,7.14
02:56:06,4,82.00,0.00,8.00,0.00,0.00,2.00,0.00,0.00,0.00,8.00
02:56:06,5,80.00,0.00,8.00,0.00,0.00,3.00,0.00,0.00,0.00,9.00
02:56:06,6,80.00,0.00,8.00,0.00,0.00,4.00,0.00,0.00,0.00,8.00
02:56:06,7,80.20,0.00,8.91,0.00,0.00,1.98,0.00,0.00,0.00,8.91
02:56:06,12,81.82,0.00,8.08,0.00,0.00,2.02,0.00,0.00,0.00,8.08
02:56:06,13,78.00,0.00,10.00,0.00,0.00,3.00,0.00,0.00,0.00,9.00
02:56:06,14,80.81,0.00,9.09,0.00,0.00,2.02,0.00,0.00,0.00,8.08
02:56:06,15,81.19,0.00,7.92,0.99,0.00,1.98,0.00,0.00,0.00,7.92
02:56:07,4,82.83,0.00,8.08,0.00,0.00,2.02,0.00,0.00,0.00,7.07
02:56:07,5,81.82,0.00,9.09,0.00,0.00,2.02,0.00,0.00,0.00,7.07
02:56:07,6,83.00,0.00,8.00,0.00,0.00,2.00,0.00,0.00,0.00,7.00
02:56:07,7,80.00,0.00,10.00,0.00,0.00,3.00,0.00,0.00,0.00,7.00
02:56:07,12,81.19,0.00,7.92,0.00,0.00,2.97,0.00,0.00,0.00,7.92
02:56:07,13,82.83,0.00,8.08,0.00,0.00,2.02,0.00,0.00,0.00,7.07
02:56:07,14,79.41,0.00,9.80,0.00,0.00,3.92,0.00,0.00,0.00,6.86
02:56:07,15,82.83,0.00,7.07,0.00,0.00,3.03,0.00,0.00,0.00,7.07
02:56:08,4,81.00,0.00,8.00,0.00,0.00,2.00,0.00,0.00,0.00,9.00
02:56:08,5,80.81,0.00,8.08,0.00,0.00,3.03,0.00,0.00,0.00,8.08
02:56:08,6,81.00,0.00,9.00,0.00,0.00,2.00,0.00,0.00,0.00,8.00
02:56:08,7,81.63,0.00,8.16,0.00,0.00,2.04,0.00,0.00,0.00,8.16
02:56:08,12,78.79,0.00,10.10,0.00,0.00,3.03,0.00,0.00,0.00,8.08
02:56:08,13,80.00,0.00,10.00,0.00,0.00,2.00,0.00,0.00,0.00,8.00
02:56:08,14,81.82,0.00,8.08,0.00,0.00,2.02,0.00,0.00,0.00,8.08
02:56:08,15,80.81,0.00,8.08,0.00,0.00,3.03,0.00,0.00,0.00,8.08
02:56:09,4,81.00,0.00,9.00,0.00,0.00,2.00,0.00,0.00,0.00,8.00
02:56:09,5,79.80,0.00,8.08,0.00,0.00,4.04,0.00,0.00,0.00,8.08
02:56:09,6,81.82,0.00,7.07,0.00,0.00,3.03,0.00,0.00,0.00,8.08
02:56:09,7,80.00,0.00,9.00,0.00,0.00,2.00,0.00,0.00,0.00,9.00
02:56:09,12,81.82,0.00,7.07,0.00,0.00,3.03,0.00,0.00,0.00,8.08
02:56:09,13,81.82,0.00,8.08,0.00,0.00,2.02,0.00,0.00,0.00,8.08
02:56:09,14,80.00,0.00,9.00,0.00,0.00,2.00,0.00,0.00,0.00,9.00
02:56:09,15,78.00,0.00,9.00,0.00,0.00,3.00,0.00,0.00,0.00,10.00
02:56:10,4,82.65,0.00,9.18,0.00,0.00,3.06,0.00,0.00,0.00,5.10
02:56:10,5,82.00,0.00,9.00,0.00,0.00,3.00,0.00,0.00,0.00,6.00
02:56:10,6,82.65,0.00,8.16,0.00,0.00,3.06,0.00,0.00,0.00,6.12
02:56:10,7,81.00,0.00,11.00,0.00,0.00,2.00,0.00,0.00,0.00,6.00
02:56:10,12,83.84,0.00,8.08,0.00,0.00,2.02,0.00,0.00,0.00,6.06
02:56:10,13,83.00,0.00,8.00,0.00,0.00,3.00,0.00,0.00,0.00,6.00
02:56:10,14,82.18,0.00,7.92,0.00,0.00,3.96,0.00,0.00,0.00,5.94
02:56:10,15,81.63,0.00,10.20,0.00,0.00,3.06,0.00,0.00,0.00,5.10
02:56:11,4,81.00,0.00,8.00,0.00,0.00,3.00,0.00,0.00,0.00,8.00
02:56:11,5,82.83,0.00,8.08,0.00,0.00,2.02,0.00,0.00,0.00,7.07
02:56:11,6,80.20,0.00,8.91,0.00,0.00,2.97,0.00,0.00,0.00,7.92
02:56:11,7,82.00,0.00,8.00,0.00,0.00,2.00,0.00,0.00,0.00,8.00
02:56:11,12,81.82,0.00,8.08,0.00,0.00,2.02,0.00,0.00,0.00,8.08
02:56:11,13,80.00,0.00,10.00,0.00,0.00,3.00,0.00,0.00,0.00,7.00
02:56:11,14,81.82,0.00,8.08,0.00,0.00,2.02,0.00,0.00,0.00,8.08
02:56:11,15,80.20,0.00,8.91,0.00,0.00,1.98,0.00,0.00,0.00,8.91
02:56:12,4,83.51,0.00,7.22,0.00,0.00,1.03,0.00,0.00,0.00,8.25
02:56:12,5,81.82,0.00,7.07,0.00,0.00,3.03,0.00,0.00,0.00,8.08
02:56:12,6,82.83,0.00,7.07,0.00,0.00,2.02,0.00,0.00,0.00,8.08
02:56:12,7,81.00,0.00,7.00,0.00,0.00,4.00,0.00,0.00,0.00,8.00
02:56:12,12,83.00,0.00,7.00,0.00,0.00,2.00,0.00,0.00,0.00,8.00
02:56:12,13,80.81,0.00,9.09,0.00,0.00,2.02,0.00,0.00,0.00,8.08
02:56:12,14,80.81,0.00,9.09,0.00,0.00,2.02,0.00,0.00,0.00,8.08
02:56:12,15,81.82,0.00,7.07,0.00,0.00,3.03,0.00,0.00,0.00,8.08
02:56:13,4,82.00,0.00,7.00,0.00,0.00,3.00,0.00,0.00,0.00,8.00
02:56:13,5,81.00,0.00,8.00,0.00,0.00,3.00,0.00,0.00,0.00,8.00
02:56:13,6,81.82,0.00,8.08,0.00,0.00,2.02,0.00,0.00,0.00,8.08
02:56:13,7,82.00,0.00,7.00,0.00,0.00,2.00,0.00,0.00,0.00,9.00
02:56:13,12,81.00,0.00,8.00,0.00,0.00,3.00,0.00,0.00,0.00,8.00
02:56:13,13,77.78,0.00,11.11,0.00,0.00,3.03,0.00,0.00,0.00,8.08
02:56:13,14,79.80,0.00,8.08,0.00,0.00,4.04,0.00,0.00,0.00,8.08
02:56:13,15,80.81,0.00,9.09,0.00,0.00,2.02,0.00,0.00,0.00,8.08
02:56:14,4,80.81,0.00,9.09,0.00,0.00,3.03,0.00,0.00,0.00,7.07
02:56:14,5,83.17,0.00,6.93,0.00,0.00,2.97,0.00,0.00,0.00,6.93
02:56:14,6,82.83,0.00,8.08,0.00,0.00,2.02,0.00,0.00,0.00,7.07
02:56:14,7,81.63,0.00,8.16,0.00,0.00,3.06,0.00,0.00,0.00,7.14
02:56:14,12,83.67,0.00,7.14,0.00,0.00,3.06,0.00,0.00,0.00,6.12
02:56:14,13,80.81,0.00,9.09,0.00,0.00,3.03,0.00,0.00,0.00,7.07
02:56:14,14,80.81,0.00,9.09,0.00,0.00,3.03,0.00,0.00,0.00,7.07
02:56:14,15,83.84,0.00,7.07,0.00,0.00,2.02,0.00,0.00,0.00,7.07
02:56:15,4,83.67,0.00,7.14,0.00,0.00,2.04,0.00,0.00,0.00,7.14
02:56:15,5,83.67,0.00,7.14,0.00,0.00,2.04,0.00,0.00,0.00,7.14
02:56:15,6,80.81,0.00,9.09,0.00,0.00,3.03,0.00,0.00,0.00,7.07
02:56:15,7,81.82,0.00,8.08,0.00,0.00,3.03,0.00,0.00,0.00,7.07
02:56:15,12,81.00,0.00,9.00,0.00,0.00,3.00,0.00,0.00,0.00,7.00
02:56:15,13,81.63,0.00,9.18,0.00,0.00,2.04,0.00,0.00,0.00,7.14
02:56:15,14,81.00,0.00,9.00,0.00,0.00,3.00,0.00,0.00,0.00,7.00
02:56:15,15,81.00,0.00,9.00,0.00,0.00,3.00,0.00,0.00,0.00,7.00
02:56:16,4,76.24,0.00,11.88,0.00,0.00,2.97,0.00,0.00,0.00,8.91
02:56:16,5,80.61,0.00,8.16,0.00,0.00,2.04,0.00,0.00,0.00,9.18
02:56:16,6,80.81,0.00,8.08,0.00,0.00,2.02,0.00,0.00,0.00,9.09
02:56:16,7,78.00,0.00,9.00,0.00,0.00,3.00,0.00,0.00,0.00,10.00
02:56:16,12,79.80,0.00,8.08,0.00,0.00,2.02,0.00,0.00,0.00,10.10
02:56:16,13,81.00,0.00,7.00,0.00,0.00,2.00,0.00,0.00,0.00,10.00
02:56:16,14,80.00,0.00,9.00,0.00,0.00,2.00,0.00,0.00,0.00,9.00
02:56:16,15,79.80,0.00,7.07,0.00,0.00,3.03,0.00,0.00,0.00,10.10
02:56:17,4,80.00,0.00,9.00,0.00,0.00,3.00,0.00,0.00,0.00,8.00
02:56:17,5,80.00,0.00,9.00,0.00,0.00,4.00,0.00,0.00,0.00,7.00
02:56:17,6,81.00,0.00,9.00,0.00,0.00,3.00,0.00,0.00,0.00,7.00
02:56:17,7,81.82,0.00,8.08,0.00,0.00,3.03,0.00,0.00,0.00,7.07
02:56:17,12,79.80,0.00,9.09,0.00,0.00,4.04,0.00,0.00,0.00,7.07
02:56:17,13,81.82,0.00,8.08,0.00,0.00,3.03,0.00,0.00,0.00,7.07
02:56:17,14,81.82,0.00,7.07,0.00,0.00,3.03,0.00,0.00,0.00,8.08
02:56:17,15,80.81,0.00,8.08,0.00,0.00,4.04,0.00,0.00,0.00,7.07
02:56:18,4,81.00,0.00,10.00,0.00,0.00,2.00,0.00,0.00,0.00,7.00
02:56:18,5,80.00,0.00,10.00,0.00,0.00,2.00,0.00,0.00,0.00,8.00
02:56:18,6,82.00,0.00,7.00,0.00,0.00,3.00,0.00,0.00,0.00,8.00
02:56:18,7,81.00,0.00,8.00,0.00,0.00,3.00,0.00,0.00,0.00,8.00
02:56:18,12,81.82,0.00,8.08,0.00,0.00,2.02,0.00,0.00,0.00,8.08
02:56:18,13,81.19,0.00,7.92,0.00,0.00,2.97,0.00,0.00,0.00,7.92
02:56:18,14,79.80,0.00,10.10,0.00,0.00,3.03,0.00,0.00,0.00,7.07
02:56:18,15,82.83,0.00,8.08,0.00,0.00,1.01,0.00,0.00,0.00,8.08
02:56:19,4,82.47,0.00,8.25,0.00,0.00,2.06,0.00,0.00,0.00,7.22
02:56:19,5,81.82,0.00,7.07,0.00,0.00,4.04,0.00,0.00,0.00,7.07
02:56:19,6,82.00,0.00,8.00,0.00,0.00,3.00,0.00,0.00,0.00,7.00
02:56:19,7,81.82,0.00,9.09,0.00,0.00,2.02,0.00,0.00,0.00,7.07
02:56:19,12,83.67,0.00,7.14,0.00,0.00,2.04,0.00,0.00,0.00,7.14
02:56:19,13,78.79,0.00,11.11,0.00,0.00,3.03,0.00,0.00,0.00,7.07
02:56:19,14,83.84,0.00,7.07,0.00,0.00,2.02,0.00,0.00,0.00,7.07
02:56:19,15,81.82,0.00,8.08,0.00,0.00,3.03,0.00,0.00,0.00,7.07
02:56:20,4,82.00,0.00,8.00,0.00,0.00,3.00,0.00,0.00,0.00,7.00
02:56:20,5,82.65,0.00,9.18,0.00,0.00,2.04,0.00,0.00,0.00,6.12
02:56:20,6,81.00,0.00,9.00,0.00,0.00,3.00,0.00,0.00,0.00,7.00
02:56:20,7,80.81,0.00,10.10,0.00,0.00,2.02,0.00,0.00,0.00,7.07
02:56:20,12,83.67,0.00,8.16,0.00,0.00,2.04,0.00,0.00,0.00,6.12
02:56:20,13,81.00,0.00,10.00,0.00,0.00,2.00,0.00,0.00,0.00,7.00
02:56:20,14,82.00,0.00,8.00,0.00,0.00,3.00,0.00,0.00,0.00,7.00
02:56:20,15,80.81,0.00,8.08,0.00,0.00,3.03,0.00,0.00,0.00,8.08
02:56:21,4,82.18,0.00,6.93,0.00,0.00,1.98,0.00,0.00,0.00,8.91
02:56:21,5,78.79,0.00,9.09,1.01,0.00,4.04,0.00,0.00,0.00,7.07
02:56:21,6,79.00,0.00,10.00,0.00,0.00,3.00,0.00,0.00,0.00,8.00
02:56:21,7,80.61,0.00,8.16,0.00,0.00,2.04,0.00,0.00,0.00,9.18
02:56:21,12,79.21,0.00,8.91,0.00,0.00,2.97,0.00,0.00,0.00,8.91
02:56:21,13,79.59,0.00,9.18,0.00,0.00,3.06,0.00,0.00,0.00,8.16
02:56:21,14,80.81,0.00,8.08,0.00,0.00,3.03,0.00,0.00,0.00,8.08
02:56:21,15,82.00,0.00,8.00,0.00,0.00,2.00,0.00,0.00,0.00,8.00
02:56:22,4,81.82,0.00,8.08,0.00,0.00,2.02,0.00,0.00,0.00,8.08
02:56:22,5,80.61,0.00,9.18,0.00,0.00,2.04,0.00,0.00,0.00,8.16
02:56:22,6,79.59,0.00,9.18,0.00,0.00,3.06,0.00,0.00,0.00,8.16
02:56:22,7,80.00,0.00,9.00,0.00,0.00,3.00,0.00,0.00,0.00,8.00
02:56:22,12,80.61,0.00,8.16,0.00,0.00,3.06,0.00,0.00,0.00,8.16
02:56:22,13,82.00,0.00,8.00,0.00,0.00,2.00,0.00,0.00,0.00,8.00
02:56:22,14,80.00,0.00,9.00,0.00,0.00,3.00,0.00,0.00,0.00,8.00
02:56:22,15,80.81,0.00,9.09,0.00,0.00,2.02,0.00,0.00,0.00,8.08
02:56:23,4,80.81,0.00,9.09,0.00,0.00,2.02,0.00,0.00,0.00,8.08
02:56:23,5,81.82,0.00,8.08,0.00,0.00,3.03,0.00,0.00,0.00,7.07
02:56:23,6,81.63,0.00,8.16,0.00,0.00,3.06,0.00,0.00,0.00,7.14
02:56:23,7,81.63,0.00,8.16,0.00,0.00,2.04,0.00,0.00,0.00,8.16
02:56:23,12,80.61,0.00,9.18,0.00,0.00,3.06,0.00,0.00,0.00,7.14
02:56:23,13,82.00,0.00,8.00,0.00,0.00,2.00,0.00,0.00,0.00,8.00
02:56:23,14,81.00,0.00,9.00,0.00,0.00,2.00,0.00,0.00,0.00,8.00
02:56:23,15,81.00,0.00,9.00,0.00,0.00,2.00,0.00,0.00,0.00,8.00
02:56:24,4,81.82,0.00,8.08,0.00,0.00,3.03,0.00,0.00,0.00,7.07
02:56:24,5,80.20,0.00,9.90,0.00,0.00,1.98,0.00,0.00,0.00,7.92
02:56:24,6,81.00,0.00,8.00,0.00,0.00,3.00,0.00,0.00,0.00,8.00
02:56:24,7,81.19,0.00,8.91,0.00,0.00,2.97,0.00,0.00,0.00,6.93
02:56:24,12,80.20,0.00,8.91,0.00,0.00,2.97,0.00,0.00,0.00,7.92
02:56:24,13,82.83,0.00,8.08,0.00,0.00,2.02,0.00,0.00,0.00,7.07
02:56:24,14,81.82,0.00,9.09,0.00,0.00,2.02,0.00,0.00,0.00,7.07
02:56:24,15,81.82,0.00,8.08,0.00,0.00,2.02,0.00,0.00,0.00,8.08
02:56:25,4,83.00,0.00,7.00,0.00,0.00,3.00,0.00,0.00,0.00,7.00
02:56:25,5,82.83,0.00,7.07,0.00,0.00,3.03,0.00,0.00,0.00,7.07
02:56:25,6,81.00,0.00,10.00,0.00,0.00,3.00,0.00,0.00,0.00,6.00
02:56:25,7,82.00,0.00,8.00,0.00,0.00,2.00,0.00,0.00,0.00,8.00
02:56:25,12,80.81,0.00,9.09,0.00,0.00,3.03,0.00,0.00,0.00,7.07
02:56:25,13,80.20,0.00,8.91,0.00,0.00,2.97,0.00,0.00,0.00,7.92
02:56:25,14,81.82,0.00,8.08,0.00,0.00,3.03,0.00,0.00,0.00,7.07
02:56:25,15,83.84,0.00,7.07,0.00,0.00,2.02,0.00,0.00,0.00,7.07
02:56:26,4,79.80,0.00,11.11,0.00,0.00,2.02,0.00,0.00,0.00,7.07
02:56:26,5,80.81,0.00,8.08,0.00,0.00,3.03,0.00,0.00,0.00,8.08
02:56:26,6,79.80,0.00,9.09,0.00,0.00,2.02,0.00,0.00,0.00,9.09
02:56:26,7,79.59,0.00,9.18,0.00,0.00,3.06,0.00,0.00,0.00,8.16
02:56:26,12,80.20,0.00,9.90,0.00,0.00,2.97,0.00,0.00,0.00,6.93
02:56:26,13,80.81,0.00,8.08,0.00,0.00,3.03,0.00,0.00,0.00,8.08
02:56:26,14,80.00,0.00,9.00,0.00,0.00,2.00,0.00,0.00,0.00,9.00
02:56:26,15,78.43,0.00,8.82,0.00,0.00,3.92,0.00,0.00,0.00,8.82
02:56:27,4,80.00,0.00,8.00,0.00,0.00,3.00,0.00,0.00,0.00,9.00
02:56:27,5,81.82,0.00,8.08,0.00,0.00,2.02,0.00,0.00,0.00,8.08
02:56:27,6,81.82,0.00,8.08,0.00,0.00,2.02,0.00,0.00,0.00,8.08
02:56:27,7,80.00,0.00,9.00,0.00,0.00,2.00,0.00,0.00,0.00,9.00
02:56:27,12,80.81,0.00,8.08,0.00,0.00,2.02,0.00,0.00,0.00,9.09
02:56:27,13,79.21,0.00,8.91,0.00,0.00,2.97,0.00,0.00,0.00,8.91
02:56:27,14,82.00,0.00,8.00,0.00,0.00,2.00,0.00,0.00,0.00,8.00
02:56:27,15,82.65,0.00,7.14,0.00,0.00,1.02,0.00,0.00,0.00,9.18
02:56:28,4,80.61,0.00,9.18,0.00,0.00,3.06,0.00,0.00,0.00,7.14
02:56:28,5,81.44,0.00,8.25,0.00,0.00,3.09,0.00,0.00,0.00,7.22
02:56:28,6,81.82,0.00,8.08,0.00,0.00,2.02,0.00,0.00,0.00,8.08
02:56:28,7,82.00,0.00,7.00,0.00,0.00,2.00,0.00,0.00,0.00,9.00
02:56:28,12,80.81,0.00,9.09,0.00,0.00,2.02,0.00,0.00,0.00,8.08
02:56:28,13,81.00,0.00,9.00,0.00,0.00,3.00,0.00,0.00,0.00,7.00
02:56:28,14,81.63,0.00,8.16,0.00,0.00,2.04,0.00,0.00,0.00,8.16
02:56:28,15,80.81,0.00,8.08,0.00,0.00,3.03,0.00,0.00,0.00,8.08
02:56:29,4,81.00,0.00,9.00,0.00,0.00,2.00,0.00,0.00,0.00,8.00
02:56:29,5,80.20,0.00,8.91,0.00,0.00,2.97,0.00,0.00,0.00,7.92
02:56:29,6,80.00,0.00,9.00,0.00,0.00,3.00,0.00,0.00,0.00,8.00
02:56:29,7,80.61,0.00,8.16,0.00,0.00,3.06,0.00,0.00,0.00,8.16
02:56:29,12,79.00,0.00,9.00,0.00,0.00,4.00,0.00,0.00,0.00,8.00
02:56:29,13,79.80,0.00,9.09,0.00,0.00,3.03,0.00,0.00,0.00,8.08
02:56:29,14,79.21,0.00,9.90,0.00,0.00,2.97,0.00,0.00,0.00,7.92
02:56:29,15,82.65,0.00,7.14,0.00,0.00,2.04,0.00,0.00,0.00,8.16
02:56:30,4,80.61,0.00,9.18,0.00,0.00,2.04,0.00,0.00,0.00,8.16
02:56:30,5,80.81,0.00,9.09,0.00,0.00,3.03,0.00,0.00,0.00,7.07
02:56:30,6,82.00,0.00,8.00,0.00,0.00,2.00,0.00,0.00,0.00,8.00
02:56:30,7,81.82,0.00,7.07,0.00,0.00,3.03,0.00,0.00,0.00,8.08
02:56:30,12,81.82,0.00,9.09,0.00,0.00,1.01,0.00,0.00,0.00,8.08
02:56:30,13,81.82,0.00,9.09,0.00,0.00,2.02,0.00,0.00,0.00,7.07
02:56:30,14,81.00,0.00,9.00,0.00,0.00,3.00,0.00,0.00,0.00,7.00
02:56:30,15,83.00,0.00,8.00,0.00,0.00,2.00,0.00,0.00,0.00,7.00
02:56:31,4,83.67,0.00,7.14,0.00,0.00,3.06,0.00,0.00,0.00,6.12
02:56:31,5,83.00,0.00,8.00,0.00,0.00,2.00,0.00,0.00,0.00,7.00
02:56:31,6,82.83,0.00,9.09,0.00,0.00,2.02,0.00,0.00,0.00,6.06
02:56:31,7,82.00,0.00,9.00,0.00,0.00,2.00,0.00,0.00,0.00,7.00
02:56:31,12,83.00,0.00,8.00,0.00,0.00,3.00,0.00,0.00,0.00,6.00
02:56:31,13,81.82,0.00,9.09,0.00,0.00,3.03,0.00,0.00,0.00,6.06
02:56:31,14,81.82,0.00,9.09,0.00,0.00,2.02,0.00,0.00,0.00,7.07
02:56:31,15,82.00,0.00,9.00,0.00,0.00,2.00,0.00,0.00,0.00,7.00
02:56:32,4,81.19,0.00,8.91,0.00,0.00,1.98,0.00,0.00,0.00,7.92
02:56:32,5,83.17,0.00,7.92,0.00,0.00,1.98,0.00,0.00,0.00,6.93
02:56:32,6,79.21,0.00,9.90,0.00,0.00,2.97,0.00,0.00,0.00,7.92
02:56:32,7,80.20,0.00,8.91,0.00,0.00,2.97,0.00,0.00,0.00,7.92
02:56:32,12,81.00,0.00,9.00,0.00,0.00,2.00,0.00,0.00,0.00,8.00
02:56:32,13,81.19,0.00,7.92,0.00,0.00,2.97,0.00,0.00,0.00,7.92
02:56:32,14,81.19,0.00,8.91,0.00,0.00,1.98,0.00,0.00,0.00,7.92
02:56:32,15,81.82,0.00,9.09,0.00,0.00,2.02,0.00,0.00,0.00,7.07
02:56:33,4,80.61,0.00,8.16,0.00,0.00,4.08,0.00,0.00,0.00,7.14
02:56:33,5,80.81,0.00,9.09,0.00,0.00,3.03,0.00,0.00,0.00,7.07
02:56:33,6,80.00,0.00,9.00,0.00,0.00,3.00,0.00,0.00,0.00,8.00
02:56:33,7,81.82,0.00,9.09,0.00,0.00,2.02,0.00,0.00,0.00,7.07
02:56:33,12,81.82,0.00,7.07,0.00,0.00,4.04,0.00,0.00,0.00,7.07
02:56:33,13,83.51,0.00,7.22,0.00,0.00,2.06,0.00,0.00,0.00,7.22
02:56:33,14,83.00,0.00,8.00,0.00,0.00,2.00,0.00,0.00,0.00,7.00
02:56:33,15,80.00,0.00,9.00,0.00,0.00,3.00,0.00,0.00,0.00,8.00
02:56:34,4,80.00,0.00,9.00,0.00,0.00,3.00,0.00,0.00,0.00,8.00
02:56:34,5,81.82,0.00,8.08,0.00,0.00,2.02,0.00,0.00,0.00,8.08
02:56:34,6,82.65,0.00,8.16,0.00,0.00,2.04,0.00,0.00,0.00,7.14
02:56:34,7,81.00,0.00,8.00,0.00,0.00,3.00,0.00,0.00,0.00,8.00
02:56:34,12,82.00,0.00,7.00,0.00,0.00,3.00,0.00,0.00,0.00,8.00
02:56:34,13,81.19,0.00,8.91,0.00,0.00,1.98,0.00,0.00,0.00,7.92
02:56:34,14,80.61,0.00,8.16,0.00,0.00,3.06,0.00,0.00,0.00,8.16
02:56:34,15,81.82,0.00,8.08,0.00,0.00,2.02,0.00,0.00,0.00,8.08
02:56:35,4,82.18,0.00,7.92,0.00,0.00,1.98,0.00,0.00,0.00,7.92
02:56:35,5,82.00,0.00,8.00,0.00,0.00,2.00,0.00,0.00,0.00,8.00
02:56:35,6,80.00,0.00,9.00,0.00,0.00,3.00,0.00,0.00,0.00,8.00
02:56:35,7,78.79,0.00,11.11,0.00,0.00,2.02,0.00,0.00,0.00,8.08
02:56:35,12,82.47,0.00,8.25,0.00,0.00,2.06,0.00,0.00,0.00,7.22
02:56:35,13,82.65,0.00,7.14,0.00,0.00,3.06,0.00,0.00,0.00,7.14
02:56:35,14,81.19,0.00,8.91,0.00,0.00,1.98,0.00,0.00,0.00,7.92
02:56:35,15,81.82,0.00,7.07,0.00,0.00,3.03,0.00,0.00,0.00,8.08
02:56:36,4,83.51,0.00,8.25,0.00,0.00,2.06,0.00,0.00,0.00,6.19
02:56:36,5,82.00,0.00,10.00,0.00,0.00,2.00,0.00,0.00,0.00,6.00
02:56:36,6,80.81,0.00,9.09,0.00,0.00,3.03,0.00,0.00,0.00,7.07
02:56:36,7,81.19,0.00,8.91,0.00,0.00,2.97,0.00,0.00,0.00,6.93
02:56:36,12,82.18,0.00,7.92,0.00,0.00,2.97,0.00,0.00,0.00,6.93
02:56:36,13,83.00,0.00,7.00,0.00,0.00,3.00,0.00,0.00,0.00,7.00
02:56:36,14,81.63,0.00,8.16,0.00,0.00,3.06,0.00,0.00,0.00,7.14
02:56:36,15,81.19,0.00,8.91,0.00,0.00,2.97,0.00,0.00,0.00,6.93
02:56:37,4,81.00,0.00,9.00,0.00,0.00,3.00,0.00,0.00,0.00,7.00
02:56:37,5,79.80,0.00,10.10,0.00,0.00,3.03,0.00,0.00,0.00,7.07
02:56:37,6,79.80,0.00,9.09,0.00,0.00,4.04,0.00,0.00,0.00,7.07
02:56:37,7,82.00,0.00,8.00,0.00,0.00,2.00,0.00,0.00,0.00,8.00
02:56:37,12,83.17,0.00,6.93,0.00,0.00,2.97,0.00,0.00,0.00,6.93
02:56:37,13,81.82,0.00,8.08,0.00,0.00,3.03,0.00,0.00,0.00,7.07
02:56:37,14,80.20,0.00,9.90,0.00,0.00,2.97,0.00,0.00,0.00,6.93
02:56:37,15,82.83,0.00,8.08,0.00,0.00,2.02,0.00,0.00,0.00,7.07
02:56:38,4,81.82,0.00,8.08,0.00,0.00,3.03,0.00,0.00,0.00,7.07
02:56:38,5,80.20,0.00,9.90,0.00,0.00,2.97,0.00,0.00,0.00,6.93
02:56:38,6,83.00,0.00,8.00,0.00,0.00,2.00,0.00,0.00,0.00,7.00
02:56:38,7,81.82,0.00,8.08,0.00,0.00,3.03,0.00,0.00,0.00,7.07
02:56:38,12,82.83,0.00,7.07,0.00,0.00,3.03,0.00,0.00,0.00,7.07
02:56:38,13,82.83,0.00,8.08,0.00,0.00,2.02,0.00,0.00,0.00,7.07
02:56:38,14,82.83,0.00,7.07,0.00,0.00,3.03,0.00,0.00,0.00,7.07
02:56:38,15,81.63,0.00,8.16,0.00,0.00,3.06,0.00,0.00,0.00,7.14
02:56:39,4,81.19,0.00,8.91,0.00,0.00,1.98,0.00,0.00,0.00,7.92
02:56:39,5,81.82,0.00,8.08,0.00,0.00,3.03,0.00,0.00,0.00,7.07
02:56:39,6,82.00,0.00,8.00,0.00,0.00,2.00,0.00,0.00,0.00,8.00
02:56:39,7,80.00,0.00,8.00,0.00,0.00,4.00,0.00,0.00,0.00,8.00
02:56:39,12,81.00,0.00,8.00,0.00,0.00,3.00,0.00,0.00,0.00,8.00
02:56:39,13,83.00,0.00,8.00,0.00,0.00,2.00,0.00,0.00,0.00,7.00
02:56:39,14,81.00,0.00,9.00,0.00,0.00,2.00,0.00,0.00,0.00,8.00
02:56:39,15,80.20,0.00,9.90,0.00,0.00,1.98,0.00,0.00,0.00,7.92
02:56:40,4,79.80,0.00,9.09,0.00,0.00,3.03,0.00,0.00,0.00,8.08
02:56:40,5,79.00,0.00,9.00,0.00,0.00,4.00,0.00,0.00,0.00,8.00
02:56:40,6,82.00,0.00,8.00,0.00,0.00,2.00,0.00,0.00,0.00,8.00
02:56:40,7,80.81,0.00,8.08,0.00,0.00,3.03,0.00,0.00,0.00,8.08
02:56:40,12,81.00,0.00,8.00,0.00,0.00,3.00,0.00,0.00,0.00,8.00
02:56:40,13,81.00,0.00,7.00,0.00,0.00,3.00,0.00,0.00,0.00,9.00
02:56:40,14,81.00,0.00,9.00,0.00,0.00,2.00,0.00,0.00,0.00,8.00
02:56:40,15,79.59,0.00,9.18,0.00,0.00,3.06,0.00,0.00,0.00,8.16
02:56:41,4,82.83,0.00,8.08,0.00,0.00,2.02,0.00,0.00,0.00,7.07
02:56:41,5,83.00,0.00,8.00,0.00,0.00,2.00,0.00,0.00,0.00,7.00
02:56:41,6,83.00,0.00,7.00,0.00,0.00,3.00,0.00,0.00,0.00,7.00
02:56:41,7,83.00,0.00,7.00,0.00,0.00,3.00,0.00,0.00,0.00,7.00
02:56:41,12,81.00,0.00,9.00,0.00,0.00,3.00,0.00,0.00,0.00,7.00
02:56:41,13,83.84,0.00,8.08,0.00,0.00,2.02,0.00,0.00,0.00,6.06
02:56:41,14,83.17,0.00,7.92,0.00,0.00,1.98,0.00,0.00,0.00,6.93
02:56:41,15,81.00,0.00,9.00,0.00,0.00,3.00,0.00,0.00,0.00,7.00
02:56:42,4,83.00,0.00,8.00,0.00,0.00,3.00,0.00,0.00,0.00,6.00
02:56:42,5,80.00,0.00,10.00,0.00,0.00,3.00,0.00,0.00,0.00,7.00
02:56:42,6,82.00,0.00,8.00,0.00,0.00,3.00,0.00,0.00,0.00,7.00
02:56:42,7,80.00,0.00,10.00,0.00,0.00,3.00,0.00,0.00,0.00,7.00
02:56:42,12,82.00,0.00,9.00,0.00,0.00,3.00,0.00,0.00,0.00,6.00
02:56:42,13,80.00,0.00,11.00,0.00,0.00,2.00,0.00,0.00,0.00,7.00
02:56:42,14,81.82,0.00,8.08,0.00,0.00,4.04,0.00,0.00,0.00,6.06
02:56:42,15,81.00,0.00,9.00,0.00,0.00,3.00,0.00,0.00,0.00,7.00
02:56:43,4,82.83,0.00,7.07,0.00,0.00,2.02,0.00,0.00,0.00,8.08
02:56:43,5,79.80,0.00,10.10,0.00,0.00,3.03,0.00,0.00,0.00,7.07
02:56:43,6,80.81,0.00,9.09,0.00,0.00,3.03,0.00,0.00,0.00,7.07
02:56:43,7,82.83,0.00,7.07,0.00,0.00,2.02,0.00,0.00,0.00,8.08
02:56:43,12,82.83,0.00,7.07,0.00,0.00,2.02,0.00,0.00,0.00,8.08
02:56:43,13,82.00,0.00,7.00,0.00,0.00,3.00,0.00,0.00,0.00,8.00
02:56:43,14,79.80,0.00,9.09,0.00,0.00,2.02,0.00,0.00,0.00,9.09
02:56:43,15,80.00,0.00,9.00,0.00,0.00,3.00,0.00,0.00,0.00,8.00
02:56:44,4,80.00,0.00,9.00,0.00,0.00,3.00,0.00,0.00,0.00,8.00
02:56:44,5,82.00,0.00,8.00,0.00,0.00,2.00,0.00,0.00,0.00,8.00
02:56:44,6,79.80,0.00,9.09,0.00,0.00,3.03,0.00,0.00,0.00,8.08
02:56:44,7,81.00,0.00,8.00,0.00,0.00,3.00,0.00,0.00,0.00,8.00
02:56:44,12,80.20,0.00,7.92,0.00,0.00,2.97,0.00,0.00,0.00,8.91
02:56:44,13,81.00,0.00,9.00,0.00,0.00,3.00,0.00,0.00,0.00,7.00
02:56:44,14,81.00,0.00,8.00,0.00,0.00,3.00,0.00,0.00,0.00,8.00
02:56:44,15,80.81,0.00,9.09,0.00,0.00,2.02,0.00,0.00,0.00,8.08
02:56:45,4,82.18,0.00,7.92,0.00,0.00,1.98,0.00,0.00,0.00,7.92
02:56:45,5,80.81,0.00,9.09,0.00,0.00,3.03,0.00,0.00,0.00,7.07
02:56:45,6,81.82,0.00,9.09,0.00,0.00,2.02,0.00,0.00,0.00,7.07
02:56:45,7,78.00,0.00,9.00,0.00,0.00,5.00,0.00,0.00,0.00,8.00
02:56:45,12,82.65,0.00,8.16,0.00,0.00,2.04,0.00,0.00,0.00,7.14
02:56:45,13,83.51,0.00,7.22,0.00,0.00,1.03,0.00,0.00,0.00,8.25
02:56:45,14,79.59,0.00,11.22,0.00,0.00,2.04,0.00,0.00,0.00,7.14
02:56:45,15,79.59,0.00,10.20,0.00,0.00,3.06,0.00,0.00,0.00,7.14
02:56:46,4,81.00,0.00,9.00,0.00,0.00,2.00,0.00,0.00,0.00,8.00
02:56:46,5,82.65,0.00,7.14,0.00,0.00,2.04,0.00,0.00,0.00,8.16
02:56:46,6,81.00,0.00,7.00,0.00,0.00,3.00,0.00,0.00,0.00,9.00
02:56:46,7,82.00,0.00,8.00,0.00,0.00,2.00,0.00,0.00,0.00,8.00
02:56:46,12,81.82,0.00,7.07,0.00,0.00,3.03,0.00,0.00,0.00,8.08
02:56:46,13,80.20,0.00,8.91,0.00,0.00,2.97,0.00,0.00,0.00,7.92
02:56:46,14,79.80,0.00,9.09,0.00,0.00,3.03,0.00,0.00,0.00,8.08
02:56:46,15,79.80,0.00,8.08,0.00,0.00,3.03,0.00,0.00,0.00,9.09
02:56:47,4,82.83,0.00,9.09,0.00,0.00,3.03,0.00,0.00,0.00,5.05
02:56:47,5,81.00,0.00,9.00,0.00,0.00,4.00,0.00,0.00,0.00,6.00
02:56:47,6,83.00,0.00,8.00,0.00,0.00,3.00,0.00,0.00,0.00,6.00
02:56:47,7,83.84,0.00,7.07,0.00,0.00,3.03,0.00,0.00,0.00,6.06
02:56:47,12,82.00,0.00,9.00,0.00,0.00,3.00,0.00,0.00,0.00,6.00
02:56:47,13,82.83,0.00,9.09,0.00,0.00,3.03,0.00,0.00,0.00,5.05
02:56:47,14,83.84,0.00,8.08,0.00,0.00,3.03,0.00,0.00,0.00,5.05
02:56:47,15,82.83,0.00,8.08,0.00,0.00,3.03,0.00,0.00,0.00,6.06
02:56:48,4,81.00,0.00,8.00,0.00,0.00,2.00,0.00,0.00,0.00,9.00
02:56:48,5,79.80,0.00,9.09,0.00,0.00,2.02,0.00,0.00,0.00,9.09
02:56:48,6,81.00,0.00,7.00,0.00,0.00,3.00,0.00,0.00,0.00,9.00
02:56:48,7,80.81,0.00,6.06,0.00,0.00,3.03,0.00,0.00,0.00,10.10
02:56:48,12,81.00,0.00,7.00,0.00,0.00,3.00,0.00,0.00,0.00,9.00
02:56:48,13,79.80,0.00,9.09,0.00,0.00,2.02,0.00,0.00,0.00,9.09
02:56:48,14,79.80,0.00,8.08,0.00,0.00,2.02,0.00,0.00,0.00,10.10
02:56:48,15,80.00,0.00,8.00,0.00,0.00,3.00,0.00,0.00,0.00,9.00
02:56:49,4,80.81,0.00,9.09,0.00,0.00,3.03,0.00,0.00,0.00,7.07
02:56:49,5,80.61,0.00,9.18,0.00,0.00,3.06,0.00,0.00,0.00,7.14
02:56:49,6,79.21,0.00,9.90,0.00,0.00,2.97,0.00,0.00,0.00,7.92
02:56:49,7,82.00,0.00,8.00,0.00,0.00,2.00,0.00,0.00,0.00,8.00
02:56:49,12,81.00,0.00,8.00,0.00,0.00,3.00,0.00,0.00,0.00,8.00
02:56:49,13,82.00,0.00,8.00,0.00,0.00,2.00,0.00,0.00,0.00,8.00
02:56:49,14,81.00,0.00,10.00,0.00,0.00,2.00,0.00,0.00,0.00,7.00
02:56:49,15,81.82,0.00,8.08,0.00,0.00,3.03,0.00,0.00,0.00,7.07
02:56:50,4,81.00,0.00,8.00,0.00,0.00,2.00,0.00,0.00,0.00,9.00
02:56:50,5,82.00,0.00,8.00,0.00,0.00,2.00,0.00,0.00,0.00,8.00
02:56:50,6,80.00,0.00,9.00,0.00,0.00,3.00,0.00,0.00,0.00,8.00
02:56:50,7,83.67,0.00,7.14,0.00,0.00,1.02,0.00,0.00,0.00,8.16
02:56:50,12,81.44,0.00,7.22,0.00,0.00,3.09,0.00,0.00,0.00,8.25
02:56:50,13,81.00,0.00,8.00,0.00,0.00,3.00,0.00,0.00,0.00,8.00
02:56:50,14,81.00,0.00,8.00,0.00,0.00,2.00,0.00,0.00,0.00,9.00
02:56:50,15,81.00,0.00,7.00,0.00,0.00,3.00,0.00,0.00,0.00,9.00
02:56:51,4,82.65,0.00,6.12,0.00,0.00,4.08,0.00,0.00,0.00,7.14
02:56:51,5,81.00,0.00,8.00,0.00,0.00,3.00,0.00,0.00,0.00,8.00
02:56:51,6,80.61,0.00,9.18,0.00,0.00,3.06,0.00,0.00,0.00,7.14
02:56:51,7,82.18,0.00,6.93,0.00,0.00,2.97,0.00,0.00,0.00,7.92
02:56:51,12,81.37,0.00,8.82,0.00,0.00,1.96,0.00,0.00,0.00,7.84
02:56:51,13,82.65,0.00,7.14,0.00,0.00,3.06,0.00,0.00,0.00,7.14
02:56:51,14,81.82,0.00,8.08,0.00,0.00,3.03,0.00,0.00,0.00,7.07
02:56:51,15,80.20,0.00,9.90,0.00,0.00,2.97,0.00,0.00,0.00,6.93
02:56:52,4,82.00,0.00,8.00,0.00,0.00,3.00,0.00,0.00,0.00,7.00
02:56:52,5,84.85,0.00,8.08,0.00,0.00,2.02,0.00,0.00,0.00,5.05
02:56:52,6,81.82,0.00,9.09,0.00,0.00,3.03,0.00,0.00,0.00,6.06
02:56:52,7,82.00,0.00,7.00,0.00,0.00,4.00,0.00,0.00,0.00,7.00
02:56:52,12,81.00,0.00,11.00,0.00,0.00,2.00,0.00,0.00,0.00,6.00
02:56:52,13,80.20,0.00,9.90,0.00,0.00,2.97,0.00,0.00,0.00,6.93
02:56:52,14,82.65,0.00,8.16,0.00,0.00,2.04,0.00,0.00,0.00,7.14
02:56:52,15,79.80,0.00,10.10,0.00,0.00,3.03,0.00,0.00,0.00,7.07
02:56:53,4,82.65,0.00,9.18,0.00,0.00,2.04,0.00,0.00,0.00,6.12
02:56:53,5,82.83,0.00,7.07,0.00,0.00,3.03,0.00,0.00,0.00,7.07
02:56:53,6,80.81,0.00,9.09,0.00,0.00,3.03,0.00,0.00,0.00,7.07
02:56:53,7,80.81,0.00,9.09,0.00,0.00,3.03,0.00,0.00,0.00,7.07
02:56:53,12,82.65,0.00,8.16,0.00,0.00,3.06,0.00,0.00,0.00,6.12
02:56:53,13,82.00,0.00,9.00,0.00,0.00,3.00,0.00,0.00,0.00,6.00
02:56:53,14,82.00,0.00,8.00,0.00,0.00,3.00,0.00,0.00,0.00,7.00
02:56:53,15,81.63,0.00,9.18,0.00,0.00,2.04,0.00,0.00,0.00,7.14
02:56:54,4,82.00,0.00,7.00,0.00,0.00,3.00,0.00,0.00,0.00,8.00
02:56:54,5,80.00,0.00,9.00,0.00,0.00,3.00,0.00,0.00,0.00,8.00
02:56:54,6,80.00,0.00,9.00,0.00,0.00,2.00,0.00,0.00,0.00,9.00
02:56:54,7,79.80,0.00,9.09,0.00,0.00,3.03,0.00,0.00,0.00,8.08
02:56:54,12,80.20,0.00,9.90,0.00,0.00,1.98,0.00,0.00,0.00,7.92
02:56:54,13,81.63,0.00,8.16,0.00,0.00,2.04,0.00,0.00,0.00,8.16
02:56:54,14,81.00,0.00,8.00,0.00,0.00,3.00,0.00,0.00,0.00,8.00
02:56:54,15,80.81,0.00,8.08,0.00,0.00,3.03,0.00,0.00,0.00,8.08
02:56:55,4,77.23,0.00,10.89,0.00,0.00,2.97,0.00,0.00,0.00,8.91
02:56:55,5,79.80,0.00,9.09,0.00,0.00,3.03,0.00,0.00,0.00,8.08
02:56:55,6,82.00,0.00,8.00,0.00,0.00,3.00,0.00,0.00,0.00,7.00
02:56:55,7,81.82,0.00,8.08,0.00,0.00,2.02,0.00,0.00,0.00,8.08
02:56:55,12,80.81,0.00,8.08,0.00,0.00,3.03,0.00,0.00,0.00,8.08
02:56:55,13,80.00,0.00,9.00,0.00,0.00,3.00,0.00,0.00,0.00,8.00
02:56:55,14,82.65,0.00,6.12,0.00,0.00,3.06,0.00,0.00,0.00,8.16
02:56:55,15,80.81,0.00,8.08,0.00,0.00,3.03,0.00,0.00,0.00,8.08
02:56:56,4,81.82,0.00,8.08,0.00,0.00,2.02,0.00,0.00,0.00,8.08
02:56:56,5,80.81,0.00,8.08,0.00,0.00,3.03,0.00,0.00,0.00,8.08
02:56:56,6,80.61,0.00,9.18,0.00,0.00,2.04,0.00,0.00,0.00,8.16
02:56:56,7,81.00,0.00,8.00,0.00,0.00,3.00,0.00,0.00,0.00,8.00
02:56:56,12,81.00,0.00,9.00,0.00,0.00,2.00,0.00,0.00,0.00,8.00
02:56:56,13,80.81,0.00,8.08,0.00,0.00,3.03,0.00,0.00,0.00,8.08
02:56:56,14,79.41,0.00,8.82,0.00,0.00,2.94,0.00,0.00,0.00,8.82
02:56:56,15,79.21,0.00,8.91,0.00,0.00,2.97,0.00,0.00,0.00,8.91
02:56:57,4,80.81,0.00,9.09,0.00,0.00,3.03,0.00,0.00,0.00,7.07
02:56:57,5,82.00,0.00,8.00,0.00,0.00,2.00,0.00,0.00,0.00,8.00
02:56:57,6,83.84,0.00,6.06,0.00,0.00,3.03,0.00,0.00,0.00,7.07
02:56:57,7,80.81,0.00,9.09,0.00,0.00,2.02,0.00,0.00,0.00,8.08
02:56:57,12,80.81,0.00,9.09,0.00,0.00,3.03,0.00,0.00,0.00,7.07
02:56:57,13,82.83,0.00,8.08,0.00,0.00,2.02,0.00,0.00,0.00,7.07
02:56:57,14,82.65,0.00,8.16,0.00,0.00,2.04,0.00,0.00,0.00,7.14
02:56:57,15,82.83,0.00,7.07,0.00,0.00,3.03,0.00,0.00,0.00,7.07
02:56:58,4,81.00,0.00,10.00,0.00,0.00,2.00,0.00,0.00,0.00,7.00
02:56:58,5,82.65,0.00,9.18,0.00,0.00,1.02,0.00,0.00,0.00,7.14
02:56:58,6,79.21,0.00,9.90,0.00,0.00,2.97,0.00,0.00,0.00,7.92
02:56:58,7,81.19,0.00,7.92,0.00,0.00,2.97,0.00,0.00,0.00,7.92
02:56:58,12,81.37,0.00,7.84,0.00,0.00,2.94,0.00,0.00,0.00,7.84
02:56:58,13,81.82,0.00,8.08,0.00,0.00,3.03,0.00,0.00,0.00,7.07
02:56:58,14,79.00,0.00,11.00,0.00,0.00,3.00,0.00,0.00,0.00,7.00
02:56:58,15,80.20,0.00,9.90,0.00,0.00,1.98,0.00,0.00,0.00,7.92
02:56:59,4,81.82,0.00,8.08,0.00,0.00,2.02,0.00,0.00,0.00,8.08
02:56:59,5,81.00,0.00,9.00,0.00,0.00,3.00,0.00,0.00,0.00,7.00
02:56:59,6,82.18,0.00,6.93,0.00,0.00,2.97,0.00,0.00,0.00,7.92
02:56:59,7,80.20,0.00,9.90,0.00,0.00,1.98,0.00,0.00,0.00,7.92
02:56:59,12,81.00,0.00,8.00,0.00,0.00,3.00,0.00,0.00,0.00,8.00
02:56:59,13,80.00,0.00,9.00,0.00,0.00,3.00,0.00,0.00,0.00,8.00
02:56:59,14,81.00,0.00,9.00,0.00,0.00,3.00,0.00,0.00,0.00,7.00
02:56:59,15,81.82,0.00,8.08,0.00,0.00,2.02,0.00,0.00,0.00,8.08
02:57:00,4,83.67,0.00,7.14,0.00,0.00,2.04,0.00,0.00,0.00,7.14
02:57:00,5,82.00,0.00,8.00,0.00,0.00,2.00,0.00,0.00,0.00,8.00
02:57:00,6,81.63,0.00,8.16,0.00,0.00,2.04,0.00,0.00,0.00,8.16
02:57:00,7,81.63,0.00,8.16,0.00,0.00,3.06,0.00,0.00,0.00,7.14
02:57:00,12,82.65,0.00,8.16,0.00,0.00,2.04,0.00,0.00,0.00,7.14
02:57:00,13,81.82,0.00,7.07,0.00,0.00,3.03,0.00,0.00,0.00,8.08
02:57:00,14,80.81,0.00,9.09,0.00,0.00,2.02,0.00,0.00,0.00,8.08
02:57:00,15,78.79,0.00,10.10,0.00,0.00,3.03,0.00,0.00,0.00,8.08
02:57:01,4,78.22,0.00,9.90,0.00,0.00,2.97,0.00,0.00,0.00,8.91
02:57:01,5,81.63,0.00,8.16,0.00,0.00,2.04,0.00,0.00,0.00,8.16
02:57:01,6,81.19,0.00,7.92,0.00,0.00,2.97,0.00,0.00,0.00,7.92
02:57:01,7,80.20,0.00,8.91,0.00,0.00,1.98,0.00,0.00,0.00,8.91
02:57:01,12,79.00,0.00,9.00,0.00,0.00,3.00,0.00,0.00,0.00,9.00
02:57:01,13,78.79,0.00,10.10,0.00,0.00,3.03,0.00,0.00,0.00,8.08
02:57:01,14,79.00,0.00,10.00,0.00,0.00,3.00,0.00,0.00,0.00,8.00
02:57:01,15,80.00,0.00,9.00,0.00,0.00,3.00,0.00,0.00,0.00,8.00
02:57:02,4,81.82,0.00,8.08,0.00,0.00,3.03,0.00,0.00,0.00,7.07
02:57:02,5,82.00,0.00,8.00,0.00,0.00,3.00,0.00,0.00,0.00,7.00
02:57:02,6,80.61,0.00,8.16,0.00,0.00,4.08,0.00,0.00,0.00,7.14
02:57:02,7,80.20,0.00,9.90,0.00,0.00,2.97,0.00,0.00,0.00,6.93
02:57:02,12,84.00,0.00,6.00,0.00,0.00,3.00,0.00,0.00,0.00,7.00
02:57:02,13,81.82,0.00,8.08,0.00,0.00,3.03,0.00,0.00,0.00,7.07
02:57:02,14,81.00,0.00,10.00,0.00,0.00,2.00,0.00,0.00,0.00,7.00
02:57:02,15,81.63,0.00,9.18,0.00,0.00,2.04,0.00,0.00,0.00,7.14
02:57:03,4,80.00,0.00,10.00,0.00,0.00,3.00,0.00,0.00,0.00,7.00
02:57:03,5,82.00,0.00,8.00,0.00,0.00,3.00,0.00,0.00,0.00,7.00
02:57:03,6,80.20,0.00,9.90,0.00,0.00,2.97,0.00,0.00,0.00,6.93
02:57:03,7,83.00,0.00,8.00,0.00,0.00,1.00,0.00,0.00,0.00,8.00
02:57:03,12,80.81,0.00,9.09,0.00,0.00,3.03,0.00,0.00,0.00,7.07
02:57:03,13,81.19,0.00,8.91,0.00,0.00,2.97,0.00,0.00,0.00,6.93
02:57:03,14,80.00,0.00,10.00,0.00,0.00,3.00,0.00,0.00,0.00,7.00
02:57:03,15,79.21,0.00,8.91,0.00,0.00,3.96,0.00,0.00,0.00,7.92
02:57:04,4,82.00,0.00,9.00,0.00,0.00,2.00,0.00,0.00,0.00,7.00
02:57:04,5,82.00,0.00,8.00,0.00,0.00,2.00,0.00,0.00,0.00,8.00
02:57:04,6,83.84,0.00,6.06,0.00,0.00,2.02,0.00,0.00,0.00,8.08
02:57:04,7,81.82,0.00,9.09,0.00,0.00,2.02,0.00,0.00,0.00,7.07
02:57:04,12,82.83,0.00,9.09,0.00,0.00,1.01,0.00,0.00,0.00,7.07
02:57:04,13,81.00,0.00,8.00,0.00,0.00,3.00,0.00,0.00,0.00,8.00
02:57:04,14,80.81,0.00,10.10,0.00,0.00,2.02,0.00,0.00,0.00,7.07
02:57:04,15,82.00,0.00,9.00,0.00,0.00,2.00,0.00,0.00,0.00,7.00
02:57:05,4,81.82,0.00,8.08,0.00,0.00,3.03,0.00,0.00,0.00,7.07
02:57:05,5,82.65,0.00,8.16,0.00,0.00,2.04,0.00,0.00,0.00,7.14
02:57:05,6,81.00,0.00,9.00,0.00,0.00,3.00,0.00,0.00,0.00,7.00
02:57:05,7,82.00,0.00,8.00,0.00,0.00,2.00,0.00,0.00,0.00,8.00
02:57:05,12,80.20,0.00,8.91,0.00,0.00,2.97,0.00,0.00,0.00,7.92
02:57:05,13,80.20,0.00,9.90,0.00,0.00,2.97,0.00,0.00,0.00,6.93
02:57:05,14,82.00,0.00,9.00,0.00,0.00,2.00,0.00,0.00,0.00,7.00
02:57:05,15,82.65,0.00,8.16,0.00,0.00,2.04,0.00,0.00,0.00,7.14
02:57:06,4,80.81,0.00,8.08,0.00,0.00,3.03,0.00,0.00,0.00,8.08
02:57:06,5,83.00,0.00,7.00,0.00,0.00,3.00,0.00,0.00,0.00,7.00
02:57:06,6,81.63,0.00,8.16,0.00,0.00,2.04,0.00,0.00,0.00,8.16
02:57:06,7,82.65,0.00,8.16,0.00,0.00,2.04,0.00,0.00,0.00,7.14
02:57:06,12,82.83,0.00,7.07,0.00,0.00,2.02,0.00,0.00,0.00,8.08
02:57:06,13,82.00,0.00,8.00,0.00,0.00,2.00,0.00,0.00,0.00,8.00
02:57:06,14,80.61,0.00,8.16,0.00,0.00,3.06,0.00,0.00,0.00,8.16
02:57:06,15,80.20,0.00,8.91,0.00,0.00,2.97,0.00,0.00,0.00,7.92
02:57:07,4,83.00,0.00,7.00,0.00,0.00,2.00,0.00,0.00,0.00,8.00
02:57:07,5,81.63,0.00,9.18,0.00,0.00,1.02,0.00,0.00,0.00,8.16
02:57:07,6,80.81,0.00,8.08,0.00,0.00,3.03,0.00,0.00,0.00,8.08
02:57:07,7,81.00,0.00,8.00,0.00,0.00,2.00,0.00,0.00,0.00,9.00
02:57:07,12,82.83,0.00,7.07,0.00,0.00,2.02,0.00,0.00,0.00,8.08
02:57:07,13,81.00,0.00,10.00,0.00,0.00,2.00,0.00,0.00,0.00,7.00
02:57:07,14,79.80,0.00,9.09,0.00,0.00,3.03,0.00,0.00,0.00,8.08
02:57:07,15,80.81,0.00,8.08,0.00,0.00,3.03,0.00,0.00,0.00,8.08
02:57:08,4,83.67,0.00,7.14,0.00,0.00,2.04,0.00,0.00,0.00,7.14
02:57:08,5,83.17,0.00,7.92,0.00,0.00,2.97,0.00,0.00,0.00,5.94
02:57:08,6,82.00,0.00,10.00,0.00,0.00,2.00,0.00,0.00,0.00,6.00
02:57:08,7,82.83,0.00,8.08,0.00,0.00,3.03,0.00,0.00,0.00,6.06
02:57:08,12,83.00,0.00,8.00,0.00,0.00,3.00,0.00,0.00,0.00,6.00
02:57:08,13,79.00,0.00,11.00,0.00,0.00,4.00,0.00,0.00,0.00,6.00
02:57:08,14,83.17,0.00,7.92,0.00,0.00,2.97,0.00,0.00,0.00,5.94
02:57:08,15,83.00,0.00,8.00,0.00,0.00,2.00,0.00,0.00,0.00,7.00
02:57:09,4,81.82,0.00,8.08,0.00,0.00,2.02,0.00,0.00,0.00,8.08
02:57:09,5,79.80,0.00,9.09,0.00,0.00,3.03,0.00,0.00,0.00,8.08
02:57:09,6,80.00,0.00,8.00,0.00,0.00,3.00,0.00,0.00,0.00,9.00
02:57:09,7,81.00,0.00,8.00,0.00,0.00,2.00,0.00,0.00,0.00,9.00
02:57:09,12,81.82,0.00,8.08,0.00,0.00,2.02,0.00,0.00,0.00,8.08
02:57:09,13,82.83,0.00,6.06,0.00,0.00,3.03,0.00,0.00,0.00,8.08
02:57:09,14,80.61,0.00,9.18,0.00,0.00,2.04,0.00,0.00,0.00,8.16
02:57:09,15,79.00,0.00,10.00,0.00,0.00,3.00,0.00,0.00,0.00,8.00
02:57:10,4,81.82,0.00,8.08,0.00,0.00,3.03,0.00,0.00,0.00,7.07
02:57:10,5,81.00,0.00,9.00,0.00,0.00,3.00,0.00,0.00,0.00,7.00
02:57:10,6,82.83,0.00,8.08,0.00,0.00,2.02,0.00,0.00,0.00,7.07
02:57:10,7,81.82,0.00,8.08,0.00,0.00,3.03,0.00,0.00,0.00,7.07
02:57:10,12,80.81,0.00,9.09,0.00,0.00,3.03,0.00,0.00,0.00,7.07
02:57:10,13,80.61,0.00,9.18,0.00,0.00,3.06,0.00,0.00,0.00,7.14
02:57:10,14,80.00,0.00,9.00,0.00,0.00,3.00,0.00,0.00,0.00,8.00
02:57:10,15,80.81,0.00,9.09,0.00,0.00,3.03,0.00,0.00,0.00,7.07
02:57:11,4,80.00,0.00,9.00,0.00,0.00,3.00,0.00,0.00,0.00,8.00
02:57:11,5,80.00,0.00,9.00,0.00,0.00,3.00,0.00,0.00,0.00,8.00
02:57:11,6,80.00,0.00,9.00,0.00,0.00,3.00,0.00,0.00,0.00,8.00
02:57:11,7,82.00,0.00,8.00,0.00,0.00,2.00,0.00,0.00,0.00,8.00
02:57:11,12,80.00,0.00,8.00,0.00,0.00,4.00,0.00,0.00,0.00,8.00
02:57:11,13,82.83,0.00,8.08,0.00,0.00,2.02,0.00,0.00,0.00,7.07
02:57:11,14,82.65,0.00,7.14,0.00,0.00,2.04,0.00,0.00,0.00,8.16
02:57:11,15,80.81,0.00,9.09,0.00,0.00,2.02,0.00,0.00,0.00,8.08
02:57:12,4,80.81,0.00,8.08,0.00,0.00,3.03,0.00,0.00,0.00,8.08
02:57:12,5,79.80,0.00,9.09,0.00,0.00,3.03,0.00,0.00,0.00,8.08
02:57:12,6,78.79,0.00,10.10,0.00,0.00,3.03,0.00,0.00,0.00,8.08
02:57:12,7,80.00,0.00,9.00,0.00,0.00,3.00,0.00,0.00,0.00,8.00
02:57:12,12,79.59,0.00,10.20,0.00,0.00,2.04,0.00,0.00,0.00,8.16
02:57:12,13,80.20,0.00,8.91,0.00,0.00,2.97,0.00,0.00,0.00,7.92
02:57:12,14,81.82,0.00,8.08,0.00,0.00,2.02,0.00,0.00,0.00,8.08
02:57:12,15,79.00,0.00,9.00,0.00,0.00,4.00,0.00,0.00,0.00,8.00
02:57:13,4,83.00,0.00,8.00,0.00,0.00,2.00,0.00,0.00,0.00,7.00
02:57:13,5,83.67,0.00,8.16,0.00,0.00,2.04,0.00,0.00,0.00,6.12
02:57:13,6,82.83,0.00,8.08,0.00,0.00,2.02,0.00,0.00,0.00,7.07
02:57:13,7,82.65,0.00,9.18,0.00,0.00,2.04,0.00,0.00,0.00,6.12
02:57:13,12,82.00,0.00,9.00,0.00,0.00,3.00,0.00,0.00,0.00,6.00
02:57:13,13,81.82,0.00,10.10,0.00,0.00,2.02,0.00,0.00,0.00,6.06
02:57:13,14,82.00,0.00,9.00,0.00,0.00,3.00,0.00,0.00,0.00,6.00
02:57:13,15,79.80,0.00,9.09,0.00,0.00,3.03,0.00,0.00,0.00,8.08
02:57:14,4,80.61,0.00,9.18,0.00,0.00,3.06,0.00,0.00,0.00,7.14
02:57:14,5,78.22,0.00,11.88,0.00,0.00,1.98,0.00,0.00,0.00,7.92
02:57:14,6,81.63,0.00,8.16,0.00,0.00,3.06,0.00,0.00,0.00,7.14
02:57:14,7,78.22,0.00,9.90,0.00,0.00,2.97,0.00,0.00,0.00,8.91
02:57:14,12,80.81,0.00,8.08,0.00,0.00,3.03,0.00,0.00,0.00,8.08
02:57:14,13,81.82,0.00,8.08,0.00,0.00,2.02,0.00,0.00,0.00,8.08
02:57:14,14,81.00,0.00,8.00,0.00,0.00,4.00,0.00,0.00,0.00,7.00
02:57:14,15,80.00,0.00,9.00,0.00,0.00,3.00,0.00,0.00,0.00,8.00
02:57:15,4,79.80,0.00,10.10,0.00,0.00,2.02,0.00,0.00,0.00,8.08
02:57:15,5,81.82,0.00,8.08,0.00,0.00,3.03,0.00,0.00,0.00,7.07
02:57:15,6,79.00,0.00,9.00,0.00,0.00,4.00,0.00,0.00,0.00,8.00
02:57:15,7,83.67,0.00,6.12,0.00,0.00,2.04,0.00,0.00,0.00,8.16
02:57:15,12,81.00,0.00,8.00,0.00,0.00,3.00,0.00,0.00,0.00,8.00
02:57:15,13,80.81,0.00,8.08,0.00,0.00,3.03,0.00,0.00,0.00,8.08
02:57:15,14,80.00,0.00,9.00,0.00,0.00,2.00,0.00,0.00,0.00,9.00
02:57:15,15,80.81,0.00,9.09,0.00,0.00,2.02,0.00,0.00,0.00,8.08
02:57:16,4,81.00,0.00,8.00,0.00,0.00,3.00,0.00,0.00,0.00,8.00
02:57:16,5,79.80,0.00,9.09,0.00,0.00,3.03,0.00,0.00,0.00,8.08
02:57:16,6,81.82,0.00,7.07,0.00,0.00,3.03,0.00,0.00,0.00,8.08
02:57:16,7,81.19,0.00,7.92,0.00,0.00,1.98,0.00,0.00,0.00,8.91
02:57:16,12,79.00,0.00,8.00,0.00,0.00,4.00,0.00,0.00,0.00,9.00
02:57:16,13,81.63,0.00,8.16,0.00,0.00,2.04,0.00,0.00,0.00,8.16
02:57:16,14,80.81,0.00,8.08,0.00,0.00,3.03,0.00,0.00,0.00,8.08
02:57:16,15,81.82,0.00,7.07,0.00,0.00,2.02,0.00,0.00,0.00,9.09
02:57:17,4,81.82,0.00,8.08,0.00,0.00,2.02,0.00,0.00,0.00,8.08
02:57:17,5,79.21,0.00,9.90,0.00,0.00,2.97,0.00,0.00,0.00,7.92
02:57:17,6,81.00,0.00,9.00,0.00,0.00,2.00,0.00,0.00,0.00,8.00
02:57:17,7,79.80,0.00,9.09,0.00,0.00,3.03,0.00,0.00,0.00,8.08
02:57:17,12,81.00,0.00,8.00,0.00,0.00,3.00,0.00,0.00,0.00,8.00
02:57:17,13,80.00,0.00,9.00,0.00,0.00,3.00,0.00,0.00,0.00,8.00
02:57:17,14,81.63,0.00,8.16,0.00,0.00,2.04,0.00,0.00,0.00,8.16
02:57:17,15,81.00,0.00,8.00,0.00,0.00,3.00,0.00,0.00,0.00,8.00
02:57:18,4,80.81,0.00,10.10,0.00,0.00,2.02,0.00,0.00,0.00,7.07
02:57:18,5,82.47,0.00,7.22,0.00,0.00,3.09,0.00,0.00,0.00,7.22
02:57:18,6,82.65,0.00,8.16,0.00,0.00,2.04,0.00,0.00,0.00,7.14
02:57:18,7,84.85,0.00,7.07,0.00,0.00,1.01,0.00,0.00,0.00,7.07
02:57:18,12,82.47,0.00,8.25,0.00,0.00,3.09,0.00,0.00,0.00,6.19
02:57:18,13,84.00,0.00,6.00,0.00,0.00,3.00,0.00,0.00,0.00,7.00
02:57:18,14,82.83,0.00,8.08,0.00,0.00,2.02,0.00,0.00,0.00,7.07
02:57:18,15,82.00,0.00,8.00,0.00,0.00,3.00,0.00,0.00,0.00,7.00
02:57:19,4,80.00,0.00,10.00,0.00,0.00,3.00,0.00,0.00,0.00,7.00
02:57:19,5,82.18,0.00,8.91,0.00,0.00,1.98,0.00,0.00,0.00,6.93
02:57:19,6,80.39,0.00,9.80,0.00,0.00,2.94,0.00,0.00,0.00,6.86
02:57:19,7,82.00,0.00,8.00,0.00,0.00,3.00,0.00,0.00,0.00,7.00
02:57:19,12,81.82,0.00,9.09,0.00,0.00,2.02,0.00,0.00,0.00,7.07
02:57:19,13,81.00,0.00,10.00,0.00,0.00,2.00,0.00,0.00,0.00,7.00
02:57:19,14,82.00,0.00,9.00,0.00,0.00,2.00,0.00,0.00,0.00,7.00
02:57:19,15,82.65,0.00,8.16,0.00,0.00,2.04,0.00,0.00,0.00,7.14
02:57:20,4,80.81,0.00,9.09,0.00,0.00,2.02,0.00,0.00,0.00,8.08
02:57:20,5,78.79,0.00,10.10,0.00,0.00,3.03,0.00,0.00,0.00,8.08
02:57:20,6,80.41,0.00,8.25,0.00,0.00,3.09,0.00,0.00,0.00,8.25
02:57:20,7,81.82,0.00,7.07,0.00,0.00,2.02,0.00,0.00,0.00,9.09
02:57:20,12,79.00,0.00,9.00,0.00,0.00,3.00,0.00,0.00,0.00,9.00
02:57:20,13,81.00,0.00,9.00,0.00,0.00,2.00,0.00,0.00,0.00,8.00
02:57:20,14,81.00,0.00,9.00,0.00,0.00,2.00,0.00,0.00,0.00,8.00
02:57:20,15,78.00,0.00,10.00,0.00,0.00,3.00,0.00,0.00,0.00,9.00
02:57:21,4,81.82,0.00,9.09,0.00,0.00,3.03,0.00,0.00,0.00,6.06
02:57:21,5,82.83,0.00,9.09,0.00,0.00,2.02,0.00,0.00,0.00,6.06
02:57:21,6,82.35,0.00,7.84,0.00,0.00,2.94,0.00,0.00,0.00,6.86
02:57:21,7,81.00,0.00,9.00,0.00,0.00,3.00,0.00,0.00,0.00,7.00
02:57:21,12,81.00,0.00,9.00,0.00,0.00,4.00,0.00,0.00,0.00,6.00
02:57:21,13,82.18,0.00,8.91,0.00,0.00,2.97,0.00,0.00,0.00,5.94
02:57:21,14,83.00,0.00,7.00,0.00,0.00,3.00,0.00,0.00,0.00,7.00
02:57:21,15,81.82,0.00,8.08,0.00,0.00,3.03,0.00,0.00,0.00,7.07
02:57:22,4,80.81,0.00,9.09,0.00,0.00,3.03,0.00,0.00,0.00,7.07
02:57:22,5,82.00,0.00,8.00,0.00,0.00,3.00,0.00,0.00,0.00,7.00
02:57:22,6,83.84,0.00,7.07,0.00,0.00,2.02,0.00,0.00,0.00,7.07
02:57:22,7,80.00,0.00,9.00,0.00,0.00,3.00,0.00,0.00,0.00,8.00
02:57:22,12,82.47,0.00,7.22,0.00,0.00,3.09,0.00,0.00,0.00,7.22
02:57:22,13,83.67,0.00,7.14,0.00,0.00,2.04,0.00,0.00,0.00,7.14
02:57:22,14,83.84,0.00,7.07,0.00,0.00,2.02,0.00,0.00,0.00,7.07
02:57:22,15,80.81,0.00,9.09,0.00,0.00,3.03,0.00,0.00,0.00,7.07
02:57:23,4,81.82,0.00,7.07,0.00,0.00,3.03,0.00,0.00,0.00,8.08
02:57:23,5,80.81,0.00,9.09,0.00,0.00,2.02,0.00,0.00,0.00,8.08
02:57:23,6,79.00,0.00,9.00,0.00,0.00,4.00,0.00,0.00,0.00,8.00
02:57:23,7,78.79,0.00,11.11,0.00,0.00,2.02,0.00,0.00,0.00,8.08
02:57:23,12,80.81,0.00,8.08,0.00,0.00,3.03,0.00,0.00,0.00,8.08
02:57:23,13,81.19,0.00,8.91,0.00,0.00,1.98,0.00,0.00,0.00,7.92
02:57:23,14,80.00,0.00,10.00,0.00,0.00,2.00,0.00,0.00,0.00,8.00
02:57:23,15,81.82,0.00,7.07,0.00,0.00,3.03,0.00,0.00,0.00,8.08
02:57:24,4,80.20,0.00,9.90,0.00,0.00,2.97,0.00,0.00,0.00,6.93
02:57:24,5,82.00,0.00,8.00,0.00,0.00,3.00,0.00,0.00,0.00,7.00
02:57:24,6,83.00,0.00,7.00,0.00,0.00,3.00,0.00,0.00,0.00,7.00
02:57:24,7,81.63,0.00,9.18,0.00,0.00,2.04,0.00,0.00,0.00,7.14
02:57:24,12,81.00,0.00,10.00,0.00,0.00,3.00,0.00,0.00,0.00,6.00
02:57:24,13,83.00,0.00,7.00,0.00,0.00,3.00,0.00,0.00,0.00,7.00
02:57:24,14,81.82,0.00,8.08,0.00,0.00,3.03,0.00,0.00,0.00,7.07
02:57:24,15,78.43,0.00,10.78,0.00,0.00,2.94,0.00,0.00,0.00,7.84
02:57:25,4,81.00,0.00,9.00,0.00,0.00,2.00,0.00,0.00,0.00,8.00
02:57:25,5,80.61,0.00,9.18,0.00,0.00,2.04,0.00,0.00,0.00,8.16
02:57:25,6,79.80,0.00,9.09,0.00,0.00,3.03,0.00,0.00,0.00,8.08
02:57:25,7,80.81,0.00,8.08,0.00,0.00,3.03,0.00,0.00,0.00,8.08
02:57:25,12,80.20,0.00,8.91,0.00,0.00,2.97,0.00,0.00,0.00,7.92
02:57:25,13,80.61,0.00,9.18,0.00,0.00,3.06,0.00,0.00,0.00,7.14
02:57:25,14,80.20,0.00,8.91,0.00,0.00,2.97,0.00,0.00,0.00,7.92
02:57:25,15,82.65,0.00,7.14,0.00,0.00,2.04,0.00,0.00,0.00,8.16
02:57:26,4,82.83,0.00,6.06,0.00,0.00,3.03,0.00,0.00,0.00,8.08
02:57:26,5,77.23,0.00,10.89,0.00,0.00,3.96,0.00,0.00,0.00,7.92
02:57:26,6,81.63,0.00,8.16,0.00,0.00,2.04,0.00,0.00,0.00,8.16
02:57:26,7,81.00,0.00,7.00,0.00,0.00,3.00,0.00,0.00,0.00,9.00
02:57:26,12,80.61,0.00,8.16,0.00,0.00,3.06,0.00,0.00,0.00,8.16
02:57:26,13,82.00,0.00,9.00,0.00,0.00,1.00,0.00,0.00,0.00,8.00
02:57:26,14,81.63,0.00,8.16,0.00,0.00,2.04,0.00,0.00,0.00,8.16
02:57:26,15,81.82,0.00,8.08,0.00,0.00,2.02,0.00,0.00,0.00,8.08
02:57:27,4,81.00,0.00,8.00,0.00,0.00,3.00,0.00,0.00,0.00,8.00
02:57:27,5,81.82,0.00,7.07,0.00,0.00,3.03,0.00,0.00,0.00,8.08
02:57:27,6,80.00,0.00,9.00,0.00,0.00,3.00,0.00,0.00,0.00,8.00
02:57:27,7,82.00,0.00,8.00,0.00,0.00,2.00,0.00,0.00,0.00,8.00
02:57:27,12,79.00,0.00,9.00,0.00,0.00,4.00,0.00,0.00,0.00,8.00
02:57:27,13,81.00,0.00,8.00,0.00,0.00,3.00,0.00,0.00,0.00,8.00
02:57:27,14,78.22,0.00,10.89,0.00,0.00,1.98,0.00,0.00,0.00,8.91
02:57:27,15,79.00,0.00,10.00,0.00,0.00,3.00,0.00,0.00,0.00,8.00
02:57:28,4,81.00,0.00,9.00,0.00,0.00,3.00,0.00,0.00,0.00,7.00
02:57:28,5,83.67,0.00,7.14,0.00,0.00,3.06,0.00,0.00,0.00,6.12
02:57:28,6,84.00,0.00,7.00,0.00,0.00,2.00,0.00,0.00,0.00,7.00
02:57:28,7,82.00,0.00,7.00,0.00,0.00,4.00,0.00,0.00,0.00,7.00
02:57:28,12,82.00,0.00,8.00,0.00,0.00,3.00,0.00,0.00,0.00,7.00
02:57:28,13,81.82,0.00,8.08,0.00,0.00,3.03,0.00,0.00,0.00,7.07
02:57:28,14,83.67,0.00,6.12,0.00,0.00,3.06,0.00,0.00,0.00,7.14
02:57:28,15,82.00,0.00,8.00,0.00,0.00,3.00,0.00,0.00,0.00,7.00
02:57:29,4,83.00,0.00,8.00,0.00,0.00,3.00,0.00,0.00,0.00,6.00
02:57:29,5,83.00,0.00,8.00,0.00,0.00,3.00,0.00,0.00,0.00,6.00
02:57:29,6,82.83,0.00,9.09,0.00,0.00,2.02,0.00,0.00,0.00,6.06
02:57:29,7,81.82,0.00,10.10,0.00,0.00,2.02,0.00,0.00,0.00,6.06
02:57:29,12,85.86,0.00,6.06,0.00,0.00,2.02,0.00,0.00,0.00,6.06
02:57:29,13,81.82,0.00,10.10,0.00,0.00,2.02,0.00,0.00,0.00,6.06
02:57:29,14,81.00,0.00,10.00,0.00,0.00,3.00,0.00,0.00,0.00,6.00
02:57:29,15,80.81,0.00,9.09,0.00,0.00,4.04,0.00,0.00,0.00,6.06
02:57:30,4,81.00,0.00,8.00,0.00,0.00,3.00,0.00,0.00,0.00,8.00
02:57:30,5,80.81,0.00,8.08,0.00,0.00,2.02,0.00,0.00,0.00,9.09
02:57:30,6,81.00,0.00,8.00,0.00,0.00,2.00,0.00,0.00,0.00,9.00
02:57:30,7,79.00,0.00,9.00,0.00,0.00,3.00,0.00,0.00,0.00,9.00
02:57:30,12,80.20,0.00,8.91,0.00,0.00,2.97,0.00,0.00,0.00,7.92
02:57:30,13,77.00,0.00,10.00,0.00,0.00,4.00,0.00,0.00,0.00,9.00
02:57:30,14,81.00,0.00,8.00,0.00,0.00,2.00,0.00,0.00,0.00,9.00
02:57:30,15,78.43,0.00,8.82,0.00,0.00,3.92,0.00,0.00,0.00,8.82
02:57:31,4,81.63,0.00,7.14,0.00,0.00,3.06,0.00,0.00,0.00,8.16
02:57:31,5,82.00,0.00,8.00,0.00,0.00,3.00,0.00,0.00,0.00,7.00
02:57:31,6,79.21,0.00,8.91,0.00,0.00,3.96,0.00,0.00,0.00,7.92
02:57:31,7,81.63,0.00,7.14,0.00,0.00,3.06,0.00,0.00,0.00,8.16
02:57:31,12,81.82,0.00,8.08,0.00,0.00,2.02,0.00,0.00,0.00,8.08
02:57:31,13,82.00,0.00,7.00,0.00,0.00,3.00,0.00,0.00,0.00,8.00
02:57:31,14,80.41,0.00,10.31,0.00,0.00,2.06,0.00,0.00,0.00,7.22
02:57:31,15,81.82,0.00,8.08,0.00,0.00,2.02,0.00,0.00,0.00,8.08
02:57:32,4,82.00,0.00,8.00,0.00,0.00,3.00,0.00,0.00,0.00,7.00
02:57:32,5,82.83,0.00,8.08,0.00,0.00,2.02,0.00,0.00,0.00,7.07
02:57:32,6,83.67,0.00,7.14,0.00,0.00,3.06,0.00,0.00,0.00,6.12
02:57:32,7,81.00,0.00,9.00,0.00,0.00,3.00,0.00,0.00,0.00,7.00
02:57:32,12,84.54,0.00,7.22,0.00,0.00,2.06,0.00,0.00,0.00,6.19
02:57:32,13,82.65,0.00,9.18,0.00,0.00,2.04,0.00,0.00,0.00,6.12
02:57:32,14,79.21,0.00,9.90,0.00,0.00,3.96,0.00,0.00,0.00,6.93
02:57:32,15,81.82,0.00,8.08,0.00,0.00,4.04,0.00,0.00,0.00,6.06
02:57:33,4,81.82,0.00,9.09,0.00,0.00,2.02,0.00,0.00,0.00,7.07
02:57:33,5,80.81,0.00,9.09,0.00,0.00,2.02,0.00,0.00,0.00,8.08
02:57:33,6,79.21,0.00,10.89,0.00,0.00,1.98,0.00,0.00,0.00,7.92
02:57:33,7,79.80,0.00,9.09,0.00,0.00,3.03,0.00,0.00,0.00,8.08
02:57:33,12,80.00,0.00,10.00,0.00,0.00,2.00,0.00,0.00,0.00,8.00
02:57:33,13,81.19,0.00,8.91,0.00,0.00,1.98,0.00,0.00,0.00,7.92
02:57:33,14,78.79,0.00,11.11,0.00,0.00,2.02,0.00,0.00,0.00,8.08
02:57:33,15,81.00,0.00,8.00,0.00,0.00,2.00,0.00,0.00,0.00,9.00
02:57:34,4,81.82,0.00,8.08,0.00,0.00,4.04,0.00,0.00,0.00,6.06
02:57:34,5,82.83,0.00,9.09,0.00,0.00,3.03,0.00,0.00,0.00,5.05
02:57:34,6,83.00,0.00,9.00,0.00,0.00,2.00,0.00,0.00,0.00,6.00
02:57:34,7,82.83,0.00,9.09,0.00,0.00,2.02,0.00,0.00,0.00,6.06
02:57:34,12,81.00,0.00,9.00,0.00,0.00,4.00,0.00,0.00,0.00,6.00
02:57:34,13,82.83,0.00,9.09,0.00,0.00,2.02,0.00,0.00,0.00,6.06
02:57:34,14,83.67,0.00,9.18,0.00,0.00,2.04,0.00,0.00,0.00,5.10
02:57:34,15,82.65,0.00,9.18,0.00,0.00,3.06,0.00,0.00,0.00,5.10
02:57:35,4,82.83,0.00,8.08,0.00,0.00,2.02,0.00,0.00,0.00,7.07
02:57:35,5,79.00,0.00,10.00,0.00,0.00,4.00,0.00,0.00,0.00,7.00
02:57:35,6,81.82,0.00,8.08,0.00,0.00,3.03,0.00,0.00,0.00,7.07
02:57:35,7,80.00,0.00,8.00,0.00,0.00,5.00,0.00,0.00,0.00,7.00
02:57:35,12,81.63,0.00,9.18,0.00,0.00,2.04,0.00,0.00,0.00,7.14
02:57:35,13,79.59,0.00,9.18,0.00,0.00,4.08,0.00,0.00,0.00,7.14
02:57:35,14,79.80,0.00,8.08,0.00,0.00,4.04,0.00,0.00,0.00,8.08
02:57:35,15,80.81,0.00,9.09,0.00,0.00,2.02,0.00,0.00,0.00,8.08
02:57:36,4,82.18,0.00,6.93,0.00,0.00,2.97,0.00,0.00,0.00,7.92
02:57:36,5,82.00,0.00,8.00,0.00,0.00,2.00,0.00,0.00,0.00,8.00
02:57:36,6,80.00,0.00,9.00,0.00,0.00,3.00,0.00,0.00,0.00,8.00
02:57:36,7,81.00,0.00,9.00,0.00,0.00,2.00,0.00,0.00,0.00,8.00
02:57:36,12,79.00,0.00,10.00,0.00,0.00,3.00,0.00,0.00,0.00,8.00
02:57:36,13,80.39,0.00,9.80,0.00,0.00,1.96,0.00,0.00,0.00,7.84
02:57:36,14,80.00,0.00,10.00,0.00,0.00,2.00,0.00,0.00,0.00,8.00
02:57:36,15,79.21,0.00,9.90,0.00,0.00,2.97,0.00,0.00,0.00,7.92
02:57:37,4,81.19,0.00,7.92,0.00,0.00,2.97,0.00,0.00,0.00,7.92
02:57:37,5,79.80,0.00,9.09,0.00,0.00,3.03,0.00,0.00,0.00,8.08
02:57:37,6,81.19,0.00,7.92,0.00,0.00,2.97,0.00,0.00,0.00,7.92
02:57:37,7,81.19,0.00,7.92,0.00,0.00,2.97,0.00,0.00,0.00,7.92
02:57:37,12,81.82,0.00,8.08,0.00,0.00,3.03,0.00,0.00,0.00,7.07
02:57:37,13,82.00,0.00,8.00,0.00,0.00,3.00,0.00,0.00,0.00,7.00
02:57:37,14,82.18,0.00,7.92,0.00,0.00,1.98,0.00,0.00,0.00,7.92
02:57:37,15,83.00,0.00,8.00,0.00,0.00,2.00,0.00,0.00,0.00,7.00
02:57:38,4,80.81,0.00,9.09,0.00,0.00,3.03,0.00,0.00,0.00,7.07
02:57:38,5,81.63,0.00,8.16,0.00,0.00,3.06,0.00,0.00,0.00,7.14
02:57:38,6,80.81,0.00,8.08,0.00,0.00,4.04,0.00,0.00,0.00,7.07
02:57:38,7,80.00,0.00,9.00,0.00,0.00,3.00,0.00,0.00,0.00,8.00
02:57:38,12,82.18,0.00,7.92,0.00,0.00,1.98,0.00,0.00,0.00,7.92
02:57:38,13,81.63,0.00,8.16,0.00,0.00,2.04,0.00,0.00,0.00,8.16
02:57:38,14,78.79,0.00,11.11,0.00,0.00,3.03,0.00,0.00,0.00,7.07
02:57:38,15,81.82,0.00,8.08,0.00,0.00,2.02,0.00,0.00,0.00,8.08
02:57:39,4,83.00,0.00,8.00,0.00,0.00,2.00,0.00,0.00,0.00,7.00
02:57:39,5,82.83,0.00,9.09,0.00,0.00,2.02,0.00,0.00,0.00,6.06
02:57:39,6,82.00,0.00,9.00,0.00,0.00,2.00,0.00,0.00,0.00,7.00
02:57:39,7,81.82,0.00,9.09,0.00,0.00,2.02,0.00,0.00,0.00,7.07
02:57:39,12,83.84,0.00,7.07,0.00,0.00,2.02,0.00,0.00,0.00,7.07
02:57:39,13,81.82,0.00,9.09,0.00,0.00,2.02,0.00,0.00,0.00,7.07
02:57:39,14,80.81,0.00,9.09,0.00,0.00,3.03,0.00,0.00,0.00,7.07
02:57:39,15,81.19,0.00,7.92,0.00,0.00,2.97,0.00,0.00,0.00,7.92
02:57:40,4,81.00,0.00,8.00,0.00,0.00,3.00,0.00,0.00,0.00,8.00
02:57:40,5,80.20,0.00,8.91,0.00,0.00,2.97,0.00,0.00,0.00,7.92
02:57:40,6,80.00,0.00,8.00,0.00,0.00,3.00,0.00,0.00,0.00,9.00
02:57:40,7,82.83,0.00,6.06,0.00,0.00,3.03,0.00,0.00,0.00,8.08
02:57:40,12,81.19,0.00,7.92,0.00,0.00,2.97,0.00,0.00,0.00,7.92
02:57:40,13,80.20,0.00,8.91,0.00,0.00,2.97,0.00,0.00,0.00,7.92
02:57:40,14,81.19,0.00,7.92,0.00,0.00,1.98,0.00,0.00,0.00,8.91
02:57:40,15,79.80,0.00,10.10,0.00,0.00,2.02,0.00,0.00,0.00,8.08
02:57:41,4,81.19,0.00,7.92,0.00,0.00,2.97,0.00,0.00,0.00,7.92
02:57:41,5,83.84,0.00,6.06,0.00,0.00,3.03,0.00,0.00,0.00,7.07
02:57:41,6,82.00,0.00,7.00,0.00,0.00,4.00,0.00,0.00,0.00,7.00
02:57:41,7,79.21,0.00,8.91,0.00,0.00,2.97,0.00,0.00,0.00,8.91
02:57:41,12,79.80,0.00,9.09,0.00,0.00,3.03,0.00,0.00,0.00,8.08
02:57:41,13,81.82,0.00,7.07,0.00,0.00,3.03,0.00,0.00,0.00,8.08
02:57:41,14,81.82,0.00,7.07,0.00,0.00,3.03,0.00,0.00,0.00,8.08
02:57:41,15,81.00,0.00,8.00,0.00,0.00,3.00,0.00,0.00,0.00,8.00
02:57:42,4,83.67,0.00,8.16,0.00,0.00,2.04,0.00,0.00,0.00,6.12
02:57:42,5,81.00,0.00,10.00,0.00,0.00,2.00,0.00,0.00,0.00,7.00
02:57:42,6,80.81,0.00,9.09,0.00,0.00,3.03,0.00,0.00,0.00,7.07
02:57:42,7,82.65,0.00,8.16,0.00,0.00,3.06,0.00,0.00,0.00,6.12
02:57:42,12,81.82,0.00,8.08,0.00,0.00,3.03,0.00,0.00,0.00,7.07
02:57:42,13,81.82,0.00,8.08,0.00,0.00,3.03,0.00,0.00,0.00,7.07
02:57:42,14,82.65,0.00,8.16,0.00,0.00,2.04,0.00,0.00,0.00,7.14
02:57:42,15,81.00,0.00,9.00,0.00,0.00,3.00,0.00,0.00,0.00,7.00
02:57:43,4,81.82,0.00,8.08,0.00,0.00,2.02,0.00,0.00,0.00,8.08
02:57:43,5,82.83,0.00,8.08,0.00,0.00,2.02,0.00,0.00,0.00,7.07
02:57:43,6,80.20,0.00,8.91,0.00,0.00,2.97,0.00,0.00,0.00,7.92
02:57:43,7,81.19,0.00,7.92,0.00,0.00,2.97,0.00,0.00,0.00,7.92
02:57:43,12,81.00,0.00,9.00,0.00,0.00,3.00,0.00,0.00,0.00,7.00
02:57:43,13,82.18,0.00,7.92,0.00,0.00,1.98,0.00,0.00,0.00,7.92
02:57:43,14,81.00,0.00,9.00,0.00,0.00,2.00,0.00,0.00,0.00,8.00
02:57:43,15,80.81,0.00,9.09,0.00,0.00,2.02,0.00,0.00,0.00,8.08
02:57:44,4,82.83,0.00,8.08,0.00,0.00,2.02,0.00,0.00,0.00,7.07
02:57:44,5,84.00,0.00,7.00,0.00,0.00,2.00,0.00,0.00,0.00,7.00
02:57:44,6,85.71,0.00,6.12,0.00,0.00,2.04,0.00,0.00,0.00,6.12
02:57:44,7,82.65,0.00,8.16,0.00,0.00,2.04,0.00,0.00,0.00,7.14
02:57:44,12,81.82,0.00,8.08,0.00,0.00,3.03,0.00,0.00,0.00,7.07
02:57:44,13,84.85,0.00,7.07,0.00,0.00,2.02,0.00,0.00,0.00,6.06
02:57:44,14,80.00,0.00,10.00,0.00,0.00,4.00,0.00,0.00,0.00,6.00
02:57:44,15,84.00,0.00,7.00,0.00,0.00,2.00,0.00,0.00,0.00,7.00
02:57:45,4,83.84,0.00,9.09,0.00,0.00,2.02,0.00,0.00,0.00,5.05
02:57:45,5,83.00,0.00,8.00,0.00,0.00,3.00,0.00,0.00,0.00,6.00
02:57:45,6,82.00,0.00,9.00,0.00,0.00,3.00,0.00,0.00,0.00,6.00
02:57:45,7,81.00,0.00,10.00,0.00,0.00,3.00,0.00,0.00,0.00,6.00
02:57:45,12,82.18,0.00,9.90,0.00,0.00,1.98,0.00,0.00,0.00,5.94
02:57:45,13,81.19,0.00,9.90,0.00,0.00,2.97,0.00,0.00,0.00,5.94
02:57:45,14,84.00,0.00,7.00,0.00,0.00,3.00,0.00,0.00,0.00,6.00
02:57:45,15,82.65,0.00,8.16,0.00,0.00,4.08,0.00,0.00,0.00,5.10
02:57:46,4,82.00,0.00,7.00,0.00,0.00,4.00,0.00,0.00,0.00,7.00
02:57:46,5,82.83,0.00,8.08,0.00,0.00,2.02,0.00,0.00,0.00,7.07
02:57:46,6,83.00,0.00,8.00,0.00,0.00,2.00,0.00,0.00,0.00,7.00
02:57:46,7,81.00,0.00,9.00,0.00,0.00,3.00,0.00,0.00,0.00,7.00
02:57:46,12,83.67,0.00,6.12,0.00,0.00,3.06,0.00,0.00,0.00,7.14
02:57:46,13,82.47,0.00,8.25,0.00,0.00,2.06,0.00,0.00,0.00,7.22
02:57:46,14,82.00,0.00,8.00,0.00,0.00,3.00,0.00,0.00,0.00,7.00
02:57:46,15,82.18,0.00,7.92,0.00,0.00,2.97,0.00,0.00,0.00,6.93
02:57:47,4,81.00,0.00,10.00,0.00,0.00,3.00,0.00,0.00,0.00,6.00
02:57:47,5,83.67,0.00,9.18,0.00,0.00,2.04,0.00,0.00,0.00,5.10
02:57:47,6,81.82,0.00,9.09,0.00,0.00,3.03,0.00,0.00,0.00,6.06
02:57:47,7,84.00,0.00,8.00,0.00,0.00,2.00,0.00,0.00,0.00,6.00
02:57:47,12,81.00,0.00,10.00,0.00,0.00,3.00,0.00,0.00,0.00,6.00
02:57:47,13,84.00,0.00,7.00,0.00,0.00,3.00,0.00,0.00,0.00,6.00
02:57:47,14,83.67,0.00,9.18,0.00,0.00,2.04,0.00,0.00,0.00,5.10
02:57:47,15,80.20,0.00,9.90,0.00,0.00,2.97,0.00,0.00,0.00,6.93
02:57:48,4,80.81,0.00,8.08,0.00,0.00,3.03,0.00,0.00,0.00,8.08
02:57:48,5,82.83,0.00,7.07,0.00,0.00,2.02,0.00,0.00,0.00,8.08
02:57:48,6,79.21,0.00,10.89,0.00,0.00,1.98,0.00,0.00,0.00,7.92
02:57:48,7,81.82,0.00,8.08,0.00,0.00,3.03,0.00,0.00,0.00,7.07
02:57:48,12,82.83,0.00,7.07,0.00,0.00,3.03,0.00,0.00,0.00,7.07
02:57:48,13,80.20,0.00,9.90,0.00,0.00,2.97,0.00,0.00,0.00,6.93
02:57:48,14,81.00,0.00,9.00,0.00,0.00,2.00,0.00,0.00,0.00,8.00
02:57:48,15,80.81,0.00,9.09,0.00,0.00,2.02,0.00,0.00,0.00,8.08
02:57:49,4,82.00,0.00,8.00,0.00,0.00,2.00,0.00,0.00,0.00,8.00
02:57:49,5,79.21,0.00,10.89,0.00,0.00,2.97,0.00,0.00,0.00,6.93
02:57:49,6,82.65,0.00,8.16,0.00,0.00,2.04,0.00,0.00,0.00,7.14
02:57:49,7,80.20,0.00,9.90,0.00,0.00,1.98,0.00,0.00,0.00,7.92
02:57:49,12,79.80,0.00,10.10,0.00,0.00,2.02,0.00,0.00,0.00,8.08
02:57:49,13,82.83,0.00,7.07,0.00,0.00,2.02,0.00,0.00,0.00,8.08
02:57:49,14,79.00,0.00,9.00,0.00,0.00,4.00,0.00,0.00,0.00,8.00
02:57:49,15,81.63,0.00,9.18,0.00,0.00,2.04,0.00,0.00,0.00,7.14
02:57:50,4,81.00,0.00,11.00,0.00,0.00,2.00,0.00,0.00,0.00,6.00
02:57:50,5,79.80,0.00,10.10,0.00,0.00,3.03,0.00,0.00,0.00,7.07
02:57:50,6,82.00,0.00,8.00,0.00,0.00,3.00,0.00,0.00,0.00,7.00
02:57:50,7,81.82,0.00,8.08,0.00,0.00,3.03,0.00,0.00,0.00,7.07
02:57:50,12,79.80,0.00,11.11,0.00,0.00,2.02,0.00,0.00,0.00,7.07
02:57:50,13,80.00,0.00,9.00,0.00,0.00,4.00,0.00,0.00,0.00,7.00
02:57:50,14,82.83,0.00,8.08,0.00,0.00,3.03,0.00,0.00,0.00,6.06
02:57:50,15,80.20,0.00,8.91,0.00,0.00,2.97,0.00,0.00,0.00,7.92
02:57:51,4,81.82,0.00,8.08,0.00,0.00,2.02,0.00,0.00,0.00,8.08
02:57:51,5,82.83,0.00,8.08,0.00,0.00,2.02,0.00,0.00,0.00,7.07
02:57:51,6,82.00,0.00,8.00,0.00,0.00,3.00,0.00,0.00,0.00,7.00
02:57:51,7,81.00,0.00,9.00,0.00,0.00,2.00,0.00,0.00,0.00,8.00
02:57:51,12,80.00,0.00,9.00,0.00,0.00,3.00,0.00,0.00,0.00,8.00
02:57:51,13,82.83,0.00,8.08,0.00,0.00,1.01,0.00,0.00,0.00,8.08
02:57:51,14,80.20,0.00,8.91,0.00,0.00,2.97,0.00,0.00,0.00,7.92
02:57:51,15,81.00,0.00,8.00,0.00,0.00,3.00,0.00,0.00,0.00,8.00
02:57:52,4,82.65,0.00,7.14,0.00,0.00,3.06,0.00,0.00,0.00,7.14
02:57:52,5,82.83,0.00,8.08,0.00,0.00,2.02,0.00,0.00,0.00,7.07
02:57:52,6,81.00,0.00,9.00,0.00,0.00,3.00,0.00,0.00,0.00,7.00
02:57:52,7,81.82,0.00,7.07,0.00,0.00,3.03,0.00,0.00,0.00,8.08
02:57:52,12,82.18,0.00,7.92,0.00,0.00,2.97,0.00,0.00,0.00,6.93
02:57:52,13,81.82,0.00,8.08,0.00,0.00,3.03,0.00,0.00,0.00,7.07
02:57:52,14,83.84,0.00,7.07,0.00,0.00,2.02,0.00,0.00,0.00,7.07
02:57:52,15,84.00,0.00,6.00,0.00,0.00,3.00,0.00,0.00,0.00,7.00
02:57:53,4,81.00,0.00,9.00,0.00,0.00,3.00,0.00,0.00,0.00,7.00
02:57:53,5,81.00,0.00,10.00,0.00,0.00,2.00,0.00,0.00,0.00,7.00
02:57:53,6,82.18,0.00,7.92,0.00,0.00,1.98,0.00,0.00,0.00,7.92
02:57:53,7,81.00,0.00,9.00,0.00,0.00,3.00,0.00,0.00,0.00,7.00
02:57:53,12,81.63,0.00,10.20,0.00,0.00,2.04,0.00,0.00,0.00,6.12
02:57:53,13,80.20,0.00,10.89,0.00,0.00,1.98,0.00,0.00,0.00,6.93
02:57:53,14,83.00,0.00,7.00,0.00,0.00,3.00,0.00,0.00,0.00,7.00
02:57:53,15,83.67,0.00,7.14,0.00,0.00,2.04,0.00,0.00,0.00,7.14
02:57:54,4,82.65,0.00,7.14,0.00,0.00,3.06,0.00,0.00,0.00,7.14
02:57:54,5,81.19,0.00,8.91,0.00,0.00,1.98,0.00,0.00,0.00,7.92
02:57:54,6,82.83,0.00,8.08,0.00,0.00,2.02,0.00,0.00,0.00,7.07
02:57:54,7,80.00,0.00,10.00,0.00,0.00,3.00,0.00,0.00,0.00,7.00
02:57:54,12,81.19,0.00,7.92,0.00,0.00,2.97,0.00,0.00,0.00,7.92
02:57:54,13,82.83,0.00,7.07,0.00,0.00,3.03,0.00,0.00,0.00,7.07
02:57:54,14,80.81,0.00,9.09,0.00,0.00,3.03,0.00,0.00,0.00,7.07
02:57:54,15,79.21,0.00,9.90,0.00,0.00,2.97,0.00,0.00,0.00,7.92
02:57:55,4,80.39,0.00,9.80,0.00,0.00,2.94,0.00,0.00,0.00,6.86
02:57:55,5,80.81,0.00,11.11,0.00,0.00,3.03,0.00,0.00,0.00,5.05
02:57:55,6,82.00,0.00,9.00,0.00,0.00,3.00,0.00,0.00,0.00,6.00
02:57:55,7,82.18,0.00,8.91,0.00,0.00,1.98,0.00,0.00,0.00,6.93
02:57:55,12,82.00,0.00,10.00,0.00,0.00,2.00,0.00,0.00,0.00,6.00
02:57:55,13,84.00,0.00,8.00,0.00,0.00,2.00,0.00,0.00,0.00,6.00
02:57:55,14,82.83,0.00,9.09,0.00,0.00,2.02,0.00,0.00,0.00,6.06
02:57:55,15,81.82,0.00,9.09,0.00,0.00,3.03,0.00,0.00,0.00,6.06
02:57:56,4,81.00,0.00,9.00,0.00,0.00,2.00,0.00,0.00,0.00,8.00
02:57:56,5,79.80,0.00,9.09,0.00,0.00,3.03,0.00,0.00,0.00,8.08
02:57:56,6,80.81,0.00,9.09,0.00,0.00,2.02,0.00,0.00,0.00,8.08
02:57:56,7,81.00,0.00,8.00,0.00,0.00,3.00,0.00,0.00,0.00,8.00
02:57:56,12,81.82,0.00,6.06,0.00,0.00,4.04,0.00,0.00,0.00,8.08
02:57:56,13,81.00,0.00,9.00,0.00,0.00,2.00,0.00,0.00,0.00,8.00
02:57:56,14,81.19,0.00,7.92,0.00,0.00,2.97,0.00,0.00,0.00,7.92
02:57:56,15,82.00,0.00,8.00,0.00,0.00,2.00,0.00,0.00,0.00,8.00
02:57:57,4,81.00,0.00,8.00,0.00,0.00,3.00,0.00,0.00,0.00,8.00
02:57:57,5,81.00,0.00,9.00,0.00,0.00,2.00,0.00,0.00,0.00,8.00
02:57:57,6,81.63,0.00,7.14,0.00,0.00,3.06,0.00,0.00,0.00,8.16
02:57:57,7,80.00,0.00,9.00,0.00,0.00,3.00,0.00,0.00,0.00,8.00
02:57:57,12,81.00,0.00,8.00,0.00,0.00,3.00,0.00,0.00,0.00,8.00
02:57:57,13,81.00,0.00,8.00,0.00,0.00,3.00,0.00,0.00,0.00,8.00
02:57:57,14,79.80,0.00,10.10,0.00,0.00,2.02,0.00,0.00,0.00,8.08
02:57:57,15,81.00,0.00,9.00,0.00,0.00,2.00,0.00,0.00,0.00,8.00
02:57:58,4,81.63,0.00,8.16,0.00,0.00,3.06,0.00,0.00,0.00,7.14
02:57:58,5,80.81,0.00,9.09,0.00,0.00,3.03,0.00,0.00,0.00,7.07
02:57:58,6,81.19,0.00,8.91,0.00,0.00,1.98,0.00,0.00,0.00,7.92
02:57:58,7,81.00,0.00,9.00,0.00,0.00,3.00,0.00,0.00,0.00,7.00
02:57:58,12,79.80,0.00,9.09,0.00,0.00,4.04,0.00,0.00,0.00,7.07
02:57:58,13,81.82,0.00,9.09,0.00,0.00,2.02,0.00,0.00,0.00,7.07
02:57:58,14,83.67,0.00,8.16,0.00,0.00,1.02,0.00,0.00,0.00,7.14
02:57:58,15,82.83,0.00,7.07,0.00,0.00,2.02,0.00,0.00,0.00,8.08
02:57:59,4,82.83,0.00,8.08,0.00,0.00,2.02,0.00,0.00,0.00,7.07
02:57:59,5,81.00,0.00,9.00,0.00,0.00,2.00,0.00,0.00,0.00,8.00
02:57:59,6,81.82,0.00,9.09,0.00,0.00,2.02,0.00,0.00,0.00,7.07
02:57:59,7,79.80,0.00,8.08,0.00,0.00,4.04,0.00,0.00,0.00,8.08
02:57:59,12,78.00,0.00,11.00,0.00,0.00,3.00,0.00,0.00,0.00,8.00
02:57:59,13,82.00,0.00,8.00,0.00,0.00,3.00,0.00,0.00,0.00,7.00
02:57:59,14,82.00,0.00,9.00,0.00,0.00,1.00,0.00,0.00,0.00,8.00
02:57:59,15,80.81,0.00,8.08,0.00,0.00,3.03,0.00,0.00,0.00,8.08
02:58:00,4,79.41,0.00,9.80,0.00,0.00,3.92,0.00,0.00,0.00,6.86
02:58:00,5,81.00,0.00,9.00,0.00,0.00,3.00,0.00,0.00,0.00,7.00
02:58:00,6,80.00,0.00,9.00,0.00,0.00,4.00,0.00,0.00,0.00,7.00
02:58:00,7,81.82,0.00,8.08,0.00,0.00,3.03,0.00,0.00,0.00,7.07
02:58:00,12,81.82,0.00,8.08,0.00,0.00,3.03,0.00,0.00,0.00,7.07
02:58:00,13,83.00,0.00,8.00,0.00,0.00,2.00,0.00,0.00,0.00,7.00
02:58:00,14,79.21,0.00,9.90,0.00,0.00,3.96,0.00,0.00,0.00,6.93
02:58:00,15,82.83,0.00,8.08,0.00,0.00,2.02,0.00,0.00,0.00,7.07
02:58:01,4,83.51,0.00,8.25,0.00,0.00,2.06,0.00,0.00,0.00,6.19
02:58:01,5,83.84,0.00,8.08,0.00,0.00,2.02,0.00,0.00,0.00,6.06
02:58:01,6,81.82,0.00,8.08,0.00,0.00,3.03,0.00,0.00,0.00,7.07
02:58:01,7,81.00,0.00,9.00,0.00,0.00,3.00,0.00,0.00,0.00,7.00
02:58:01,12,79.80,0.00,10.10,0.00,0.00,4.04,0.00,0.00,0.00,6.06
02:58:01,13,82.18,0.00,7.92,0.00,0.00,2.97,0.00,0.00,0.00,6.93
02:58:01,14,82.00,0.00,8.00,0.00,0.00,3.00,0.00,0.00,0.00,7.00
02:58:01,15,80.20,0.00,8.91,0.00,0.00,3.96,0.00,0.00,0.00,6.93
02:58:02,4,82.00,0.00,8.00,0.00,0.00,3.00,0.00,0.00,0.00,7.00
02:58:02,5,80.00,0.00,9.00,0.00,0.00,3.00,0.00,0.00,0.00,8.00
02:58:02,6,80.00,0.00,9.00,0.00,0.00,3.00,0.00,0.00,0.00,8.00
02:58:02,7,81.00,0.00,8.00,0.00,0.00,3.00,0.00,0.00,0.00,8.00
02:58:02,12,83.84,0.00,6.06,0.00,0.00,2.02,0.00,0.00,0.00,8.08
02:58:02,13,81.82,0.00,8.08,0.00,0.00,3.03,0.00,0.00,0.00,7.07
02:58:02,14,81.82,0.00,9.09,0.00,0.00,2.02,0.00,0.00,0.00,7.07
02:58:02,15,82.00,0.00,8.00,0.00,0.00,2.00,0.00,0.00,0.00,8.00
02:58:03,4,81.82,0.00,9.09,0.00,0.00,1.01,0.00,0.00,0.00,8.08
02:58:03,5,81.63,0.00,8.16,0.00,0.00,2.04,0.00,0.00,0.00,8.16
02:58:03,6,81.82,0.00,8.08,0.00,0.00,2.02,0.00,0.00,0.00,8.08
02:58:03,7,78.57,0.00,10.20,0.00,0.00,3.06,0.00,0.00,0.00,8.16
02:58:03,12,81.00,0.00,8.00,0.00,0.00,3.00,0.00,0.00,0.00,8.00
02:58:03,13,81.00,0.00,8.00,0.00,0.00,2.00,0.00,0.00,0.00,9.00
02:58:03,14,80.81,0.00,9.09,0.00,0.00,2.02,0.00,0.00,0.00,8.08
02:58:03,15,81.63,0.00,8.16,0.00,0.00,2.04,0.00,0.00,0.00,8.16
02:58:04,4,83.17,0.00,6.93,0.00,0.00,1.98,0.00,0.00,0.00,7.92
02:58:04,5,82.18,0.00,8.91,0.00,0.00,1.98,0.00,0.00,0.00,6.93
02:58:04,6,82.00,0.00,7.00,0.00,0.00,3.00,0.00,0.00,0.00,8.00
02:58:04,7,79.21,0.00,9.90,0.00,0.00,2.97,0.00,0.00,0.00,7.92
02:58:04,12,82.00,0.00,9.00,0.00,0.00,2.00,0.00,0.00,0.00,7.00
02:58:04,13,81.82,0.00,9.09,0.00,0.00,2.02,0.00,0.00,0.00,7.07
02:58:04,14,81.82,0.00,8.08,0.00,0.00,2.02,0.00,0.00,0.00,8.08
02:58:04,15,79.21,0.00,9.90,0.00,0.00,2.97,0.00,0.00,0.00,7.92
02:58:05,4,79.80,0.00,9.09,0.00,0.00,3.03,0.00,0.00,0.00,8.08
02:58:05,5,80.81,0.00,8.08,0.00,0.00,3.03,0.00,0.00,0.00,8.08
02:58:05,6,79.38,0.00,9.28,0.00,0.00,3.09,0.00,0.00,0.00,8.25
02:58:05,7,80.61,0.00,8.16,0.00,0.00,3.06,0.00,0.00,0.00,8.16
02:58:05,12,81.82,0.00,7.07,0.00,0.00,3.03,0.00,0.00,0.00,8.08
02:58:05,13,82.00,0.00,7.00,0.00,0.00,3.00,0.00,0.00,0.00,8.00
02:58:05,14,81.00,0.00,8.00,0.00,0.00,3.00,0.00,0.00,0.00,8.00
02:58:05,15,80.61,0.00,9.18,0.00,0.00,2.04,0.00,0.00,0.00,8.16
02:58:06,4,83.67,0.00,8.16,0.00,0.00,2.04,0.00,0.00,0.00,6.12
02:58:06,5,82.00,0.00,9.00,0.00,0.00,2.00,0.00,0.00,0.00,7.00
02:58:06,6,80.00,0.00,11.00,0.00,0.00,3.00,0.00,0.00,0.00,6.00
02:58:06,7,82.83,0.00,8.08,0.00,0.00,3.03,0.00,0.00,0.00,6.06
02:58:06,12,81.19,0.00,9.90,0.00,0.00,1.98,0.00,0.00,0.00,6.93
02:58:06,13,82.83,0.00,8.08,0.00,0.00,3.03,0.00,0.00,0.00,6.06
02:58:06,14,83.84,0.00,8.08,0.00,0.00,2.02,0.00,0.00,0.00,6.06
02:58:06,15,82.18,0.00,7.92,0.00,0.00,2.97,0.00,0.00,0.00,6.93
02:58:07,4,82.83,0.00,7.07,0.00,0.00,3.03,0.00,0.00,0.00,7.07
02:58:07,5,81.63,0.00,10.20,0.00,0.00,2.04,0.00,0.00,0.00,6.12
02:58:07,6,83.67,0.00,7.14,0.00,0.00,2.04,0.00,0.00,0.00,7.14
02:58:07,7,84.00,0.00,6.00,0.00,0.00,3.00,0.00,0.00,0.00,7.00
02:58:07,12,80.61,0.00,10.20,0.00,0.00,3.06,0.00,0.00,0.00,6.12
02:58:07,13,83.00,0.00,8.00,0.00,0.00,2.00,0.00,0.00,0.00,7.00
02:58:07,14,82.83,0.00,8.08,0.00,0.00,2.02,0.00,0.00,0.00,7.07
02:58:07,15,81.63,0.00,8.16,0.00,0.00,3.06,0.00,0.00,0.00,7.14
02:58:08,4,79.21,0.00,8.91,0.00,0.00,2.97,0.00,0.00,0.00,8.91
02:58:08,5,81.19,0.00,8.91,0.00,0.00,1.98,0.00,0.00,0.00,7.92
02:58:08,6,78.22,0.00,9.90,0.00,0.00,2.97,0.00,0.00,0.00,8.91
02:58:08,7,80.00,0.00,8.00,0.00,0.00,3.00,0.00,0.00,0.00,9.00
02:58:08,12,80.20,0.00,7.92,0.00,0.00,2.97,0.00,0.00,0.00,8.91
02:58:08,13,80.00,0.00,9.00,0.00,0.00,2.00,0.00,0.00,0.00,9.00
02:58:08,14,81.82,0.00,8.08,0.00,0.00,2.02,0.00,0.00,0.00,8.08
02:58:08,15,80.00,0.00,8.00,0.00,0.00,3.00,0.00,0.00,0.00,9.00
02:58:09,4,81.19,0.00,7.92,0.00,0.00,2.97,0.00,0.00,0.00,7.92
02:58:09,5,80.20,0.00,8.91,0.00,0.00,2.97,0.00,0.00,0.00,7.92
02:58:09,6,80.81,0.00,9.09,0.00,0.00,3.03,0.00,0.00,0.00,7.07
02:58:09,7,80.00,0.00,8.00,0.00,0.00,3.00,0.00,0.00,0.00,9.00
02:58:09,12,80.00,0.00,10.00,0.00,0.00,3.00,0.00,0.00,0.00,7.00
02:58:09,13,80.81,0.00,8.08,0.00,0.00,4.04,0.00,0.00,0.00,7.07
02:58:09,14,81.00,0.00,8.00,0.00,0.00,3.00,0.00,0.00,0.00,8.00
02:58:09,15,81.19,0.00,7.92,0.00,0.00,2.97,0.00,0.00,0.00,7.92
02:58:10,4,79.59,0.00,10.20,0.00,0.00,2.04,0.00,0.00,0.00,8.16
02:58:10,5,80.81,0.00,8.08,0.00,0.00,2.02,0.00,0.00,0.00,9.09
02:58:10,6,82.00,0.00,8.00,0.00,0.00,2.00,0.00,0.00,0.00,8.00
02:58:10,7,79.59,0.00,10.20,0.00,0.00,2.04,0.00,0.00,0.00,8.16
02:58:10,12,79.80,0.00,9.09,0.00,0.00,3.03,0.00,0.00,0.00,8.08
02:58:10,13,80.81,0.00,9.09,0.00,0.00,2.02,0.00,0.00,0.00,8.08
02:58:10,14,82.18,0.00,7.92,0.00,0.00,1.98,0.00,0.00,0.00,7.92
02:58:10,15,80.61,0.00,8.16,0.00,0.00,3.06,0.00,0.00,0.00,8.16
02:58:11,4,82.00,0.00,8.00,0.00,0.00,3.00,0.00,0.00,0.00,7.00
02:58:11,5,83.84,0.00,7.07,0.00,0.00,3.03,0.00,0.00,0.00,6.06
02:58:11,6,80.00,0.00,9.00,0.00,0.00,3.00,0.00,0.00,0.00,8.00
02:58:11,7,79.80,0.00,9.09,0.00,0.00,4.04,0.00,0.00,0.00,7.07
02:58:11,12,81.82,0.00,8.08,0.00,0.00,3.03,0.00,0.00,0.00,7.07
02:58:11,13,82.00,0.00,9.00,0.00,0.00,3.00,0.00,0.00,0.00,6.00
02:58:11,14,80.81,0.00,9.09,0.00,0.00,2.02,0.00,0.00,0.00,8.08
02:58:11,15,82.18,0.00,7.92,0.00,0.00,2.97,0.00,0.00,0.00,6.93
02:58:12,4,79.59,0.00,9.18,0.00,0.00,2.04,0.00,0.00,0.00,9.18
02:58:12,5,79.00,0.00,9.00,0.00,0.00,3.00,0.00,0.00,0.00,9.00
02:58:12,6,82.83,0.00,6.06,0.00,0.00,2.02,0.00,0.00,0.00,9.09
02:58:12,7,79.80,0.00,8.08,0.00,0.00,2.02,0.00,0.00,0.00,10.10
02:58:12,12,79.21,0.00,8.91,0.99,0.00,1.98,0.00,0.00,0.00,8.91
02:58:12,13,78.22,0.00,9.90,0.00,0.00,1.98,0.00,0.00,0.00,9.90
02:58:12,14,79.00,0.00,9.00,0.00,0.00,3.00,0.00,0.00,0.00,9.00
02:58:12,15,80.81,0.00,8.08,0.00,0.00,2.02,0.00,0.00,0.00,9.09
02:58:13,4,80.20,0.00,9.90,0.00,0.00,1.98,0.00,0.00,0.00,7.92
02:58:13,5,81.00,0.00,8.00,0.00,0.00,3.00,0.00,0.00,0.00,8.00
02:58:13,6,80.00,0.00,9.00,0.00,0.00,3.00,0.00,0.00,0.00,8.00
02:58:13,7,80.81,0.00,8.08,0.00,0.00,3.03,0.00,0.00,0.00,8.08
02:58:13,12,82.83,0.00,7.07,0.00,0.00,2.02,0.00,0.00,0.00,8.08
02:58:13,13,82.65,0.00,8.16,0.00,0.00,2.04,0.00,0.00,0.00,7.14
02:58:13,14,81.82,0.00,7.07,0.00,0.00,3.03,0.00,0.00,0.00,8.08
02:58:13,15,82.00,0.00,7.00,0.00,0.00,2.00,0.00,0.00,0.00,9.00
02:58:14,4,80.00,0.00,10.00,0.00,0.00,3.00,0.00,0.00,0.00,7.00
02:58:14,5,80.61,0.00,8.16,0.00,0.00,4.08,0.00,0.00,0.00,7.14
02:58:14,6,83.00,0.00,7.00,0.00,0.00,3.00,0.00,0.00,0.00,7.00
02:58:14,7,82.83,0.00,8.08,0.00,0.00,2.02,0.00,0.00,0.00,7.07
02:58:14,12,80.61,0.00,8.16,0.00,0.00,4.08,0.00,0.00,0.00,7.14
02:58:14,13,82.00,0.00,7.00,0.00,0.00,3.00,0.00,0.00,0.00,8.00
02:58:14,14,81.82,0.00,9.09,0.00,0.00,2.02,0.00,0.00,0.00,7.07
02:58:14,15,82.00,0.00,9.00,0.00,0.00,2.00,0.00,0.00,0.00,7.00
02:58:15,4,82.00,0.00,7.00,0.00,0.00,3.00,0.00,0.00,0.00,8.00
02:58:15,5,83.00,0.00,8.00,0.00,0.00,2.00,0.00,0.00,0.00,7.00
02:58:15,6,82.18,0.00,6.93,0.00,0.00,2.97,0.00,0.00,0.00,7.92
02:58:15,7,79.00,0.00,9.00,0.00,0.00,4.00,0.00,0.00,0.00,8.00
02:58:15,12,81.00,0.00,9.00,0.00,0.00,3.00,0.00,0.00,0.00,7.00
02:58:15,13,81.19,0.00,8.91,0.00,0.00,2.97,0.00,0.00,0.00,6.93
02:58:15,14,81.63,0.00,9.18,0.00,0.00,2.04,0.00,0.00,0.00,7.14
02:58:15,15,81.00,0.00,8.00,0.00,0.00,3.00,0.00,0.00,0.00,8.00
02:58:16,4,82.47,0.00,10.31,0.00,0.00,1.03,0.00,0.00,0.00,6.19
02:58:16,5,80.81,0.00,10.10,0.00,0.00,2.02,0.00,0.00,0.00,7.07
02:58:16,6,80.81,0.00,9.09,0.00,0.00,3.03,0.00,0.00,0.00,7.07
02:58:16,7,82.65,0.00,8.16,0.00,0.00,2.04,0.00,0.00,0.00,7.14
02:58:16,12,80.81,0.00,10.10,0.00,0.00,2.02,0.00,0.00,0.00,7.07
02:58:16,13,81.63,0.00,9.18,0.00,0.00,2.04,0.00,0.00,0.00,7.14
02:58:16,14,80.20,0.00,8.91,0.00,0.00,3.96,0.00,0.00,0.00,6.93
02:58:16,15,83.51,0.00,8.25,0.00,0.00,1.03,0.00,0.00,0.00,7.22
02:58:17,4,79.00,0.00,10.00,0.00,0.00,4.00,0.00,0.00,0.00,7.00
02:58:17,5,81.00,0.00,9.00,0.00,0.00,3.00,0.00,0.00,0.00,7.00
02:58:17,6,82.83,0.00,8.08,0.00,0.00,2.02,0.00,0.00,0.00,7.07
02:58:17,7,81.82,0.00,8.08,0.00,0.00,3.03,0.00,0.00,0.00,7.07
02:58:17,12,81.19,0.00,8.91,0.00,0.00,2.97,0.00,0.00,0.00,6.93
02:58:17,13,81.82,0.00,9.09,0.00,0.00,3.03,0.00,0.00,0.00,6.06
02:58:17,14,82.65,0.00,8.16,0.00,0.00,2.04,0.00,0.00,0.00,7.14
02:58:17,15,81.00,0.00,9.00,0.00,0.00,3.00,0.00,0.00,0.00,7.00
02:58:18,4,81.82,0.00,8.08,0.00,0.00,2.02,0.00,0.00,0.00,8.08
02:58:18,5,80.61,0.00,9.18,0.00,0.00,3.06,0.00,0.00,0.00,7.14
02:58:18,6,82.83,0.00,8.08,0.00,0.00,2.02,0.00,0.00,0.00,7.07
02:58:18,7,80.00,0.00,9.00,0.00,0.00,3.00,0.00,0.00,0.00,8.00
02:58:18,12,82.83,0.00,8.08,0.00,0.00,2.02,0.00,0.00,0.00,7.07
02:58:18,13,83.17,0.00,5.94,0.00,0.00,2.97,0.00,0.00,0.00,7.92
02:58:18,14,80.39,0.00,7.84,0.00,0.00,3.92,0.00,0.00,0.00,7.84
02:58:18,15,79.80,0.00,9.09,0.00,0.00,3.03,0.00,0.00,0.00,8.08
02:58:19,4,82.83,0.00,9.09,0.00,0.00,2.02,0.00,0.00,0.00,6.06
02:58:19,5,83.84,0.00,6.06,0.00,0.00,3.03,0.00,0.00,0.00,7.07
02:58:19,6,81.19,0.00,8.91,0.00,0.00,1.98,0.00,0.00,0.00,7.92
02:58:19,7,81.63,0.00,9.18,0.00,0.00,2.04,0.00,0.00,0.00,7.14
02:58:19,12,80.81,0.00,10.10,0.00,0.00,2.02,0.00,0.00,0.00,7.07
02:58:19,13,81.63,0.00,8.16,0.00,0.00,3.06,0.00,0.00,0.00,7.14
02:58:19,14,83.00,0.00,7.00,0.00,0.00,3.00,0.00,0.00,0.00,7.00
02:58:19,15,82.83,0.00,9.09,0.00,0.00,2.02,0.00,0.00,0.00,6.06
02:58:20,4,81.19,0.00,8.91,0.00,0.00,2.97,0.00,0.00,0.00,6.93
02:58:20,5,82.65,0.00,8.16,0.00,0.00,2.04,0.00,0.00,0.00,7.14
02:58:20,6,82.65,0.00,7.14,0.00,0.00,3.06,0.00,0.00,0.00,7.14
02:58:20,7,81.19,0.00,7.92,0.00,0.00,3.96,0.00,0.00,0.00,6.93
02:58:20,12,81.19,0.00,8.91,0.00,0.00,2.97,0.00,0.00,0.00,6.93
02:58:20,13,81.82,0.00,10.10,0.00,0.00,2.02,0.00,0.00,0.00,6.06
02:58:20,14,82.65,0.00,9.18,0.00,0.00,2.04,0.00,0.00,0.00,6.12
02:58:20,15,81.19,0.00,7.92,0.00,0.00,2.97,0.00,0.00,0.00,7.92
02:58:21,4,83.00,0.00,7.00,0.00,0.00,2.00,0.00,0.00,0.00,8.00
02:58:21,5,79.80,0.00,9.09,0.00,0.00,3.03,0.00,0.00,0.00,8.08
02:58:21,6,79.00,0.00,10.00,0.00,0.00,3.00,0.00,0.00,0.00,8.00
02:58:21,7,78.79,0.00,9.09,0.00,0.00,3.03,0.00,0.00,0.00,9.09
02:58:21,12,80.61,0.00,8.16,0.00,0.00,3.06,0.00,0.00,0.00,8.16
02:58:21,13,79.00,0.00,10.00,0.00,0.00,3.00,0.00,0.00,0.00,8.00
02:58:21,14,79.41,0.00,8.82,0.00,0.00,2.94,0.00,0.00,0.00,8.82
02:58:21,15,80.81,0.00,8.08,0.00,0.00,3.03,0.00,0.00,0.00,8.08
02:58:22,4,83.00,0.00,9.00,0.00,0.00,3.00,0.00,0.00,0.00,5.00
02:58:22,5,83.17,0.00,8.91,0.00,0.00,2.97,0.00,0.00,0.00,4.95
02:58:22,6,83.00,0.00,9.00,0.00,0.00,3.00,0.00,0.00,0.00,5.00
02:58:22,7,84.00,0.00,7.00,0.00,0.00,4.00,0.00,0.00,0.00,5.00
02:58:22,12,82.18,0.00,9.90,0.00,0.00,2.97,0.00,0.00,0.00,4.95
02:58:22,13,83.00,0.00,10.00,0.00,0.00,2.00,0.00,0.00,0.00,5.00
02:58:22,14,84.00,0.00,9.00,0.00,0.00,2.00,0.00,0.00,0.00,5.00
02:58:22,15,81.37,0.00,9.80,0.00,0.00,2.94,0.00,0.00,0.00,5.88
02:58:23,4,82.65,0.00,8.16,0.00,0.00,3.06,0.00,0.00,0.00,6.12
02:58:23,5,81.82,0.00,8.08,0.00,0.00,3.03,0.00,0.00,0.00,7.07
02:58:23,6,83.00,0.00,7.00,0.00,0.00,3.00,0.00,0.00,0.00,7.00
02:58:23,7,82.00,0.00,8.00,0.00,0.00,3.00,0.00,0.00,0.00,7.00
02:58:23,12,82.83,0.00,8.08,0.00,0.00,2.02,0.00,0.00,0.00,7.07
02:58:23,13,82.83,0.00,7.07,0.00,0.00,3.03,0.00,0.00,0.00,7.07
02:58:23,14,82.00,0.00,8.00,0.00,0.00,3.00,0.00,0.00,0.00,7.00
02:58:23,15,83.67,0.00,7.14,0.00,0.00,2.04,0.00,0.00,0.00,7.14
02:58:24,4,81.00,0.00,8.00,0.00,0.00,3.00,0.00,0.00,0.00,8.00
02:58:24,5,79.21,0.00,9.90,0.00,0.00,2.97,0.00,0.00,0.00,7.92
02:58:24,6,81.63,0.00,9.18,0.00,0.00,2.04,0.00,0.00,0.00,7.14
02:58:24,7,79.59,0.00,9.18,0.00,0.00,3.06,0.00,0.00,0.00,8.16
02:58:24,12,80.61,0.00,10.20,0.00,0.00,2.04,0.00,0.00,0.00,7.14
02:58:24,13,81.00,0.00,9.00,0.00,0.00,2.00,0.00,0.00,0.00,8.00
02:58:24,14,81.82,0.00,7.07,0.00,0.00,3.03,0.00,0.00,0.00,8.08
02:58:24,15,81.82,0.00,8.08,0.00,0.00,3.03,0.00,0.00,0.00,7.07
02:58:25,4,80.81,0.00,10.10,0.00,0.00,2.02,0.00,0.00,0.00,7.07
02:58:25,5,81.00,0.00,9.00,0.00,0.00,3.00,0.00,0.00,0.00,7.00
02:58:25,6,81.00,0.00,9.00,0.00,0.00,3.00,0.00,0.00,0.00,7.00
02:58:25,7,79.00,0.00,10.00,0.00,0.00,3.00,0.00,0.00,0.00,8.00
02:58:25,12,80.20,0.00,8.91,0.00,0.00,2.97,0.00,0.00,0.00,7.92
02:58:25,13,80.81,0.00,9.09,0.00,0.00,3.03,0.00,0.00,0.00,7.07
02:58:25,14,82.65,0.00,8.16,0.00,0.00,2.04,0.00,0.00,0.00,7.14
02:58:25,15,79.80,0.00,10.10,0.00,0.00,2.02,0.00,0.00,0.00,8.08
02:58:26,4,82.00,0.00,8.00,0.00,0.00,3.00,0.00,0.00,0.00,7.00
02:58:26,5,79.80,0.00,10.10,0.00,0.00,3.03,0.00,0.00,0.00,7.07
02:58:26,6,81.82,0.00,8.08,0.00,0.00,3.03,0.00,0.00,0.00,7.07
02:58:26,7,80.00,0.00,9.00,0.00,0.00,4.00,0.00,0.00,0.00,7.00
02:58:26,12,81.82,0.00,8.08,0.00,0.00,3.03,0.00,0.00,0.00,7.07
02:58:26,13,81.00,0.00,9.00,0.00,0.00,3.00,0.00,0.00,0.00,7.00
02:58:26,14,82.00,0.00,9.00,0.00,0.00,2.00,0.00,0.00,0.00,7.00
02:58:26,15,79.80,0.00,10.10,0.00,0.00,3.03,0.00,0.00,0.00,7.07
02:58:27,4,80.81,0.00,8.08,0.00,0.00,3.03,0.00,0.00,0.00,8.08
02:58:27,5,81.82,0.00,9.09,1.01,0.00,2.02,0.00,0.00,0.00,6.06
02:58:27,6,82.00,0.00,8.00,0.00,0.00,3.00,0.00,0.00,0.00,7.00
02:58:27,7,81.00,0.00,8.00,0.00,0.00,3.00,0.00,0.00,0.00,8.00
02:58:27,12,82.00,0.00,8.00,0.00,0.00,3.00,0.00,0.00,0.00,7.00
02:58:27,13,82.00,0.00,9.00,0.00,0.00,2.00,0.00,0.00,0.00,7.00
02:58:27,14,82.83,0.00,6.06,0.00,0.00,4.04,0.00,0.00,0.00,7.07
02:58:27,15,82.00,0.00,7.00,0.00,0.00,3.00,0.00,0.00,0.00,8.00
02:58:28,4,79.80,0.00,9.09,0.00,0.00,3.03,0.00,0.00,0.00,8.08
02:58:28,5,82.83,0.00,7.07,0.00,0.00,3.03,0.00,0.00,0.00,7.07
02:58:28,6,80.00,0.00,10.00,0.00,0.00,2.00,0.00,0.00,0.00,8.00
02:58:28,7,80.81,0.00,8.08,0.00,0.00,3.03,0.00,0.00,0.00,8.08
02:58:28,12,80.81,0.00,7.07,0.00,0.00,4.04,0.00,0.00,0.00,8.08
02:58:28,13,81.82,0.00,6.06,0.00,0.00,4.04,0.00,0.00,0.00,8.08
02:58:28,14,82.00,0.00,8.00,0.00,0.00,2.00,0.00,0.00,0.00,8.00
02:58:28,15,82.65,0.00,7.14,0.00,0.00,3.06,0.00,0.00,0.00,7.14
02:58:29,4,80.00,0.00,9.00,0.00,0.00,3.00,0.00,0.00,0.00,8.00
02:58:29,5,81.82,0.00,8.08,0.00,0.00,2.02,0.00,0.00,0.00,8.08
02:58:29,6,81.19,0.00,7.92,0.00,0.00,2.97,0.00,0.00,0.00,7.92
02:58:29,7,80.00,0.00,9.00,0.00,0.00,3.00,0.00,0.00,0.00,8.00
02:58:29,12,80.81,0.00,9.09,0.00,0.00,3.03,0.00,0.00,0.00,7.07
02:58:29,13,80.81,0.00,9.09,0.00,0.00,2.02,0.00,0.00,0.00,8.08
02:58:29,14,81.63,0.00,7.14,0.00,0.00,3.06,0.00,0.00,0.00,8.16
02:58:29,15,82.83,0.00,7.07,0.00,0.00,2.02,0.00,0.00,0.00,8.08
02:58:30,4,80.61,0.00,9.18,0.00,0.00,2.04,0.00,0.00,0.00,8.16
02:58:30,5,80.81,0.00,9.09,0.00,0.00,3.03,0.00,0.00,0.00,7.07
02:58:30,6,80.81,0.00,9.09,0.00,0.00,3.03,0.00,0.00,0.00,7.07
02:58:30,7,82.00,0.00,7.00,0.00,0.00,3.00,0.00,0.00,0.00,8.00
02:58:30,12,80.81,0.00,8.08,0.00,0.00,3.03,0.00,0.00,0.00,8.08
02:58:30,13,82.00,0.00,8.00,0.00,0.00,2.00,0.00,0.00,0.00,8.00
02:58:30,14,80.81,0.00,9.09,0.00,0.00,3.03,0.00,0.00,0.00,7.07
02:58:30,15,79.21,0.00,8.91,0.00,0.00,2.97,0.00,0.00,0.00,8.91
02:58:31,4,79.00,0.00,10.00,0.00,0.00,3.00,0.00,0.00,0.00,8.00
02:58:31,5,80.20,0.00,8.91,0.00,0.00,2.97,0.00,0.00,0.00,7.92
02:58:31,6,81.00,0.00,8.00,0.00,0.00,3.00,0.00,0.00,0.00,8.00
02:58:31,7,81.82,0.00,8.08,0.00,0.00,2.02,0.00,0.00,0.00,8.08
02:58:31,12,81.63,0.00,8.16,0.00,0.00,2.04,0.00,0.00,0.00,8.16
02:58:31,13,78.00,0.00,11.00,0.00,0.00,3.00,0.00,0.00,0.00,8.00
02:58:31,14,81.00,0.00,8.00,0.00,0.00,2.00,0.00,0.00,0.00,9.00
02:58:31,15,81.82,0.00,8.08,0.00,0.00,2.02,0.00,0.00,0.00,8.08
02:58:32,4,80.00,0.00,10.00,0.00,0.00,3.00,0.00,0.00,0.00,7.00
02:58:32,5,82.00,0.00,8.00,0.00,0.00,3.00,0.00,0.00,0.00,7.00
02:58:32,6,81.82,0.00,8.08,0.00,0.00,3.03,0.00,0.00,0.00,7.07
02:58:32,7,79.21,0.00,9.90,0.00,0.00,2.97,0.00,0.00,0.00,7.92
02:58:32,12,82.18,0.00,7.92,0.00,0.00,2.97,0.00,0.00,0.00,6.93
02:58:32,13,82.00,0.00,8.00,0.00,0.00,3.00,0.00,0.00,0.00,7.00
02:58:32,14,82.00,0.00,8.00,0.00,0.00,3.00,0.00,0.00,0.00,7.00
02:58:32,15,80.00,0.00,9.00,0.00,0.00,4.00,0.00,0.00,0.00,7.00
02:58:33,4,83.00,0.00,8.00,0.00,0.00,3.00,0.00,0.00,0.00,6.00
02:58:33,5,82.65,0.00,9.18,0.00,0.00,1.02,0.00,0.00,0.00,7.14
02:58:33,6,81.82,0.00,8.08,0.00,0.00,3.03,0.00,0.00,0.00,7.07
02:58:33,7,81.82,0.00,7.07,0.00,0.00,3.03,0.00,0.00,0.00,8.08
02:58:33,12,82.83,0.00,8.08,0.00,0.00,2.02,0.00,0.00,0.00,7.07
02:58:33,13,80.20,0.00,9.90,0.00,0.00,2.97,0.00,0.00,0.00,6.93
02:58:33,14,82.83,0.00,8.08,0.00,0.00,2.02,0.00,0.00,0.00,7.07
02:58:33,15,81.82,0.00,8.08,0.00,0.00,2.02,0.00,0.00,0.00,8.08
02:58:34,4,82.00,0.00,9.00,0.00,0.00,2.00,0.00,0.00,0.00,7.00
02:58:34,5,80.20,0.00,8.91,0.00,0.00,3.96,0.00,0.00,0.00,6.93
02:58:34,6,82.00,0.00,9.00,0.00,0.00,2.00,0.00,0.00,0.00,7.00
02:58:34,7,80.81,0.00,9.09,0.00,0.00,3.03,0.00,0.00,0.00,7.07
02:58:34,12,81.00,0.00,8.00,0.00,0.00,3.00,0.00,0.00,0.00,8.00
02:58:34,13,83.67,0.00,8.16,0.00,0.00,2.04,0.00,0.00,0.00,6.12
02:58:34,14,81.00,0.00,9.00,0.00,0.00,3.00,0.00,0.00,0.00,7.00
02:58:34,15,82.00,0.00,8.00,0.00,0.00,3.00,0.00,0.00,0.00,7.00
02:58:35,4,81.00,0.00,8.00,0.00,0.00,4.00,0.00,0.00,0.00,7.00
02:58:35,5,84.69,0.00,7.14,0.00,0.00,1.02,0.00,0.00,0.00,7.14
02:58:35,6,81.00,0.00,9.00,0.00,0.00,3.00,0.00,0.00,0.00,7.00
02:58:35,7,83.00,0.00,8.00,0.00,0.00,2.00,0.00,0.00,0.00,7.00
02:58:35,12,82.65,0.00,8.16,0.00,0.00,3.06,0.00,0.00,0.00,6.12
02:58:35,13,82.83,0.00,7.07,0.00,0.00,3.03,0.00,0.00,0.00,7.07
02:58:35,14,82.65,0.00,8.16,0.00,0.00,2.04,0.00,0.00,0.00,7.14
02:58:35,15,82.83,0.00,8.08,0.00,0.00,2.02,0.00,0.00,0.00,7.07
02:58:36,4,81.00,0.00,9.00,0.00,0.00,3.00,0.00,0.00,0.00,7.00
02:58:36,5,81.82,0.00,8.08,0.00,0.00,3.03,0.00,0.00,0.00,7.07
02:58:36,6,82.00,0.00,8.00,0.00,0.00,3.00,0.00,0.00,0.00,7.00
02:58:36,7,82.00,0.00,8.00,0.00,0.00,3.00,0.00,0.00,0.00,7.00
02:58:36,12,82.00,0.00,9.00,0.00,0.00,2.00,0.00,0.00,0.00,7.00
02:58:36,13,80.00,0.00,10.00,0.00,0.00,3.00,0.00,0.00,0.00,7.00
02:58:36,14,82.18,0.00,7.92,0.00,0.00,2.97,0.00,0.00,0.00,6.93
02:58:36,15,80.81,0.00,8.08,0.00,0.00,4.04,0.00,0.00,0.00,7.07
02:58:37,4,79.80,0.00,9.09,0.00,0.00,4.04,0.00,0.00,0.00,7.07
02:58:37,5,81.82,0.00,8.08,0.00,0.00,3.03,0.00,0.00,0.00,7.07
02:58:37,6,81.82,0.00,9.09,0.00,0.00,1.01,0.00,0.00,0.00,8.08
02:58:37,7,82.00,0.00,7.00,0.00,0.00,3.00,0.00,0.00,0.00,8.00
02:58:37,12,81.00,0.00,10.00,0.00,0.00,2.00,0.00,0.00,0.00,7.00
02:58:37,13,80.00,0.00,10.00,0.00,0.00,2.00,0.00,0.00,0.00,8.00
02:58:37,14,80.00,0.00,9.00,0.00,0.00,3.00,0.00,0.00,0.00,8.00
02:58:37,15,83.67,0.00,8.16,0.00,0.00,1.02,0.00,0.00,0.00,7.14
02:58:38,4,80.81,0.00,10.10,0.00,0.00,2.02,0.00,0.00,0.00,7.07
02:58:38,5,83.00,0.00,8.00,0.00,0.00,3.00,0.00,0.00,0.00,6.00
02:58:38,6,82.65,0.00,9.18,0.00,0.00,2.04,0.00,0.00,0.00,6.12
02:58:38,7,82.83,0.00,8.08,0.00,0.00,3.03,0.00,0.00,0.00,6.06
02:58:38,12,82.00,0.00,9.00,0.00,0.00,2.00,0.00,0.00,0.00,7.00
02:58:38,13,81.63,0.00,8.16,0.00,0.00,4.08,0.00,0.00,0.00,6.12
02:58:38,14,84.54,0.00,7.22,0.00,0.00,2.06,0.00,0.00,0.00,6.19
02:58:38,15,81.19,0.00,7.92,0.00,0.00,3.96,0.00,0.00,0.00,6.93
02:58:39,4,81.00,0.00,9.00,0.00,0.00,2.00,0.00,0.00,0.00,8.00
02:58:39,5,82.83,0.00,7.07,0.00,0.00,2.02,0.00,0.00,0.00,8.08
02:58:39,6,81.19,0.00,7.92,0.00,0.00,2.97,0.00,0.00,0.00,7.92
02:58:39,7,81.00,0.00,8.00,0.00,0.00,3.00,0.00,0.00,0.00,8.00
02:58:39,12,80.61,0.00,8.16,0.00,0.00,3.06,0.00,0.00,0.00,8.16
02:58:39,13,79.21,0.00,8.91,0.00,0.00,2.97,0.00,0.00,0.00,8.91
02:58:39,14,80.20,0.00,7.92,0.00,0.00,2.97,0.00,0.00,0.00,8.91
02:58:39,15,80.81,0.00,9.09,0.00,0.00,2.02,0.00,0.00,0.00,8.08
02:58:40,4,80.81,0.00,8.08,0.00,0.00,3.03,0.00,0.00,0.00,8.08
02:58:40,5,79.00,0.00,9.00,0.00,0.00,3.00,0.00,0.00,0.00,9.00
02:58:40,6,79.80,0.00,8.08,0.00,0.00,3.03,0.00,0.00,0.00,9.09
02:58:40,7,81.19,0.00,7.92,0.00,0.00,1.98,0.00,0.00,0.00,8.91
02:58:40,12,80.00,0.00,9.00,0.00,0.00,3.00,0.00,0.00,0.00,8.00
02:58:40,13,81.82,0.00,8.08,0.00,0.00,3.03,0.00,0.00,0.00,7.07
02:58:40,14,81.00,0.00,9.00,0.00,0.00,2.00,0.00,0.00,0.00,8.00
02:58:40,15,80.00,0.00,9.00,0.00,0.00,2.00,0.00,0.00,0.00,9.00
02:58:41,4,79.00,0.00,11.00,0.00,0.00,2.00,0.00,0.00,0.00,8.00
02:58:41,5,79.80,0.00,10.10,0.00,0.00,3.03,0.00,0.00,0.00,7.07
02:58:41,6,81.82,0.00,8.08,0.00,0.00,3.03,0.00,0.00,0.00,7.07
02:58:41,7,80.81,0.00,8.08,0.00,0.00,3.03,0.00,0.00,0.00,8.08
02:58:41,12,81.82,0.00,7.07,0.00,0.00,3.03,0.00,0.00,0.00,8.08
02:58:41,13,83.67,0.00,6.12,0.00,0.00,2.04,0.00,0.00,0.00,8.16
02:58:41,14,80.81,0.00,9.09,0.00,0.00,2.02,0.00,0.00,0.00,8.08
02:58:41,15,81.82,0.00,7.07,0.00,0.00,3.03,0.00,0.00,0.00,8.08
02:58:42,4,81.82,0.00,7.07,0.00,0.00,3.03,0.00,0.00,0.00,8.08
02:58:42,5,81.63,0.00,8.16,0.00,0.00,2.04,0.00,0.00,0.00,8.16
02:58:42,6,80.00,0.00,9.00,0.00,0.00,2.00,0.00,0.00,0.00,9.00
02:58:42,7,80.81,0.00,8.08,0.00,0.00,2.02,0.00,0.00,0.00,9.09
02:58:42,12,81.82,0.00,8.08,0.00,0.00,2.02,0.00,0.00,0.00,8.08
02:58:42,13,82.00,0.00,7.00,0.00,0.00,3.00,0.00,0.00,0.00,8.00
02:58:42,14,81.19,0.00,8.91,0.00,0.00,1.98,0.00,0.00,0.00,7.92
02:58:42,15,80.81,0.00,8.08,0.00,0.00,3.03,0.00,0.00,0.00,8.08
02:58:43,4,82.18,0.00,8.91,0.00,0.00,1.98,0.00,0.00,0.00,6.93
02:58:43,5,83.00,0.00,10.00,0.00,0.00,1.00,0.00,0.00,0.00,6.00
02:58:43,6,81.63,0.00,10.20,0.00,0.00,2.04,0.00,0.00,0.00,6.12
02:58:43,7,79.21,0.00,9.90,0.00,0.00,3.96,0.00,0.00,0.00,6.93
02:58:43,12,80.81,0.00,9.09,0.00,0.00,3.03,0.00,0.00,0.00,7.07
02:58:43,13,80.20,0.00,10.89,0.00,0.00,1.98,0.00,0.00,0.00,6.93
02:58:43,14,81.00,0.00,9.00,0.00,0.00,3.00,0.00,0.00,0.00,7.00
02:58:43,15,81.37,0.00,8.82,0.00,0.00,2.94,0.00,0.00,0.00,6.86
02:58:44,4,83.00,0.00,7.00,0.00,0.00,2.00,0.00,0.00,0.00,8.00
02:58:44,5,80.00,0.00,7.00,0.00,0.00,5.00,0.00,0.00,0.00,8.00
02:58:44,6,79.80,0.00,9.09,0.00,0.00,3.03,0.00,0.00,0.00,8.08
02:58:44,7,82.00,0.00,8.00,0.00,0.00,2.00,0.00,0.00,0.00,8.00
02:58:44,12,81.00,0.00,8.00,0.00,0.00,3.00,0.00,0.00,0.00,8.00
02:58:44,13,81.63,0.00,9.18,0.00,0.00,1.02,0.00,0.00,0.00,8.16
02:58:44,14,81.63,0.00,8.16,0.00,0.00,3.06,0.00,0.00,0.00,7.14
02:58:44,15,80.00,0.00,8.00,0.00,0.00,3.00,0.00,0.00,0.00,9.00
02:58:45,4,80.81,0.00,8.08,0.00,0.00,4.04,0.00,0.00,0.00,7.07
02:58:45,5,82.00,0.00,9.00,0.00,0.00,2.00,0.00,0.00,0.00,7.00
02:58:45,6,81.37,0.00,8.82,0.00,0.00,1.96,0.00,0.00,0.00,7.84
02:58:45,7,81.00,0.00,9.00,0.00,0.00,2.00,0.00,0.00,0.00,8.00
02:58:45,12,82.18,0.00,7.92,0.00,0.00,2.97,0.00,0.00,0.00,6.93
02:58:45,13,83.00,0.00,8.00,0.00,0.00,2.00,0.00,0.00,0.00,7.00
02:58:45,14,81.19,0.00,7.92,0.00,0.00,2.97,0.00,0.00,0.00,7.92
02:58:45,15,83.67,0.00,7.14,0.00,0.00,2.04,0.00,0.00,0.00,7.14
02:58:46,4,82.83,0.00,7.07,0.00,0.00,2.02,0.00,0.00,0.00,8.08
02:58:46,5,82.35,0.00,7.84,0.00,0.00,1.96,0.00,0.00,0.00,7.84
02:58:46,6,80.81,0.00,9.09,0.00,0.00,2.02,0.00,0.00,0.00,8.08
02:58:46,7,80.00,0.00,9.00,0.00,0.00,3.00,0.00,0.00,0.00,8.00
02:58:46,12,80.00,0.00,9.00,0.00,0.00,3.00,0.00,0.00,0.00,8.00
02:58:46,13,80.00,0.00,9.00,0.00,0.00,4.00,0.00,0.00,0.00,7.00
02:58:46,14,80.00,0.00,9.00,0.00,0.00,3.00,0.00,0.00,0.00,8.00
02:58:46,15,82.18,0.00,6.93,0.00,0.00,2.97,0.00,0.00,0.00,7.92
02:58:47,4,81.00,0.00,9.00,0.00,0.00,2.00,0.00,0.00,0.00,8.00
02:58:47,5,81.63,0.00,8.16,0.00,0.00,3.06,0.00,0.00,0.00,7.14
02:58:47,6,80.00,0.00,9.00,0.00,0.00,4.00,0.00,0.00,0.00,7.00
02:58:47,7,81.82,0.00,8.08,0.00,0.00,3.03,0.00,0.00,0.00,7.07
02:58:47,12,82.65,0.00,7.14,0.00,0.00,3.06,0.00,0.00,0.00,7.14
02:58:47,13,81.19,0.00,7.92,0.00,0.00,2.97,0.00,0.00,0.00,7.92
02:58:47,14,81.82,0.00,8.08,0.00,0.00,3.03,0.00,0.00,0.00,7.07
02:58:47,15,81.82,0.00,8.08,0.00,0.00,2.02,0.00,0.00,0.00,8.08
02:58:48,4,82.65,0.00,7.14,0.00,0.00,3.06,0.00,0.00,0.00,7.14
02:58:48,5,81.82,0.00,10.10,0.00,0.00,2.02,0.00,0.00,0.00,6.06
02:58:48,6,82.65,0.00,8.16,0.00,0.00,2.04,0.00,0.00,0.00,7.14
02:58:48,7,79.00,0.00,9.00,0.00,0.00,4.00,0.00,0.00,0.00,8.00
02:58:48,12,83.00,0.00,8.00,0.00,0.00,2.00,0.00,0.00,0.00,7.00
02:58:48,13,81.82,0.00,10.10,0.00,0.00,2.02,0.00,0.00,0.00,6.06
02:58:48,14,81.82,0.00,9.09,0.00,0.00,2.02,0.00,0.00,0.00,7.07
02:58:48,15,81.00,0.00,9.00,0.00,0.00,2.00,0.00,0.00,0.00,8.00
02:58:49,4,81.82,0.00,8.08,0.00,0.00,3.03,0.00,0.00,0.00,7.07
02:58:49,5,80.20,0.00,9.90,0.00,0.00,2.97,0.00,0.00,0.00,6.93
02:58:49,6,80.20,0.00,8.91,0.00,0.00,2.97,0.00,0.00,0.00,7.92
02:58:49,7,79.59,0.00,10.20,0.00,0.00,3.06,0.00,0.00,0.00,7.14
02:58:49,12,78.22,0.00,9.90,0.00,0.00,3.96,0.00,0.00,0.00,7.92
02:58:49,13,82.00,0.00,8.00,0.00,0.00,3.00,0.00,0.00,0.00,7.00
02:58:49,14,82.83,0.00,8.08,0.00,0.00,2.02,0.00,0.00,0.00,7.07
02:58:49,15,80.61,0.00,9.18,0.00,0.00,3.06,0.00,0.00,0.00,7.14
02:58:50,4,82.00,0.00,9.00,0.00,0.00,2.00,0.00,0.00,0.00,7.00
02:58:50,5,77.23,0.00,10.89,0.00,0.00,3.96,0.00,0.00,0.00,7.92
02:58:50,6,82.65,0.00,8.16,0.00,0.00,2.04,0.00,0.00,0.00,7.14
02:58:50,7,81.00,0.00,8.00,0.00,0.00,3.00,0.00,0.00,0.00,8.00
02:58:50,12,81.00,0.00,9.00,0.00,0.00,3.00,0.00,0.00,0.00,7.00
02:58:50,13,82.18,0.00,6.93,0.00,0.00,2.97,0.00,0.00,0.00,7.92
02:58:50,14,81.19,0.00,7.92,0.00,0.00,2.97,0.00,0.00,0.00,7.92
02:58:50,15,84.16,0.00,6.93,0.00,0.00,0.99,0.00,0.00,0.00,7.92
02:58:51,4,82.00,0.00,8.00,0.00,0.00,2.00,0.00,0.00,0.00,8.00
02:58:51,5,82.83,0.00,7.07,0.00,0.00,3.03,0.00,0.00,0.00,7.07
02:58:51,6,80.00,0.00,9.00,0.00,0.00,4.00,0.00,0.00,0.00,7.00
02:58:51,7,80.20,0.00,8.91,0.00,0.00,2.97,0.00,0.00,0.00,7.92
02:58:51,12,81.63,0.00,9.18,0.00,0.00,2.04,0.00,0.00,0.00,7.14
02:58:51,13,82.83,0.00,7.07,0.00,0.00,3.03,0.00,0.00,0.00,7.07
02:58:51,14,80.81,0.00,9.09,0.00,0.00,3.03,0.00,0.00,0.00,7.07
02:58:51,15,83.67,0.00,7.14,0.00,0.00,2.04,0.00,0.00,0.00,7.14
02:58:52,4,81.82,0.00,8.08,0.00,0.00,3.03,0.00,0.00,0.00,7.07
02:58:52,5,81.82,0.00,8.08,0.00,0.00,3.03,0.00,0.00,0.00,7.07
02:58:52,6,82.83,0.00,7.07,0.00,0.00,2.02,0.00,0.00,0.00,8.08
02:58:52,7,84.69,0.00,6.12,0.00,0.00,2.04,0.00,0.00,0.00,7.14
02:58:52,12,81.19,0.00,7.92,0.00,0.00,2.97,0.00,0.00,0.00,7.92
02:58:52,13,83.00,0.00,7.00,0.00,0.00,3.00,0.00,0.00,0.00,7.00
02:58:52,14,83.67,0.00,7.14,0.00,0.00,2.04,0.00,0.00,0.00,7.14
02:58:52,15,80.39,0.00,8.82,0.00,0.00,2.94,0.00,0.00,0.00,7.84
02:58:53,4,83.84,0.00,7.07,0.00,0.00,2.02,0.00,0.00,0.00,7.07
02:58:53,5,81.00,0.00,10.00,0.00,0.00,2.00,0.00,0.00,0.00,7.00
02:58:53,6,81.00,0.00,10.00,0.00,0.00,3.00,0.00,0.00,0.00,6.00
02:58:53,7,82.83,0.00,7.07,0.00,0.00,2.02,0.00,0.00,0.00,8.08
02:58:53,12,81.63,0.00,9.18,0.00,0.00,2.04,0.00,0.00,0.00,7.14
02:58:53,13,80.00,0.00,10.00,0.00,0.00,3.00,0.00,0.00,0.00,7.00
02:58:53,14,80.00,0.00,9.00,0.00,0.00,4.00,0.00,0.00,0.00,7.00
02:58:53,15,79.00,0.00,10.00,0.00,0.00,4.00,0.00,0.00,0.00,7.00
02:58:54,4,81.00,0.00,9.00,0.00,0.00,2.00,0.00,0.00,0.00,8.00
02:58:54,5,81.82,0.00,8.08,0.00,0.00,2.02,0.00,0.00,0.00,8.08
02:58:54,6,81.00,0.00,8.00,0.00,0.00,3.00,0.00,0.00,0.00,8.00
02:58:54,7,80.00,0.00,9.00,0.00,0.00,3.00,0.00,0.00,0.00,8.00
02:58:54,12,78.79,0.00,10.10,0.00,0.00,3.03,0.00,0.00,0.00,8.08
02:58:54,13,80.00,0.00,8.00,0.00,0.00,3.00,0.00,0.00,0.00,9.00
02:58:54,14,80.81,0.00,8.08,0.00,0.00,3.03,0.00,0.00,0.00,8.08
02:58:54,15,79.80,0.00,9.09,0.00,0.00,3.03,0.00,0.00,0.00,8.08
02:58:55,4,81.00,0.00,8.00,0.00,0.00,3.00,0.00,0.00,0.00,8.00
02:58:55,5,80.00,0.00,9.00,0.00,0.00,3.00,0.00,0.00,0.00,8.00
02:58:55,6,81.82,0.00,8.08,0.00,0.00,2.02,0.00,0.00,0.00,8.08
02:58:55,7,81.00,0.00,8.00,0.00,0.00,2.00,0.00,0.00,0.00,9.00
02:58:55,12,82.18,0.00,7.92,0.00,0.00,1.98,0.00,0.00,0.00,7.92
02:58:55,13,80.81,0.00,10.10,0.00,0.00,2.02,0.00,0.00,0.00,7.07
02:58:55,14,78.79,0.00,10.10,0.00,0.00,3.03,0.00,0.00,0.00,8.08
02:58:55,15,80.00,0.00,9.00,0.00,0.00,3.00,0.00,0.00,0.00,8.00
02:58:56,4,79.80,0.00,9.09,0.00,0.00,3.03,0.00,0.00,0.00,8.08
02:58:56,5,82.83,0.00,7.07,0.00,0.00,2.02,0.00,0.00,0.00,8.08
02:58:56,6,81.00,0.00,8.00,0.00,0.00,3.00,0.00,0.00,0.00,8.00
02:58:56,7,81.00,0.00,8.00,0.00,0.00,3.00,0.00,0.00,0.00,8.00
02:58:56,12,81.19,0.00,8.91,0.00,0.00,1.98,0.00,0.00,0.00,7.92
02:58:56,13,80.00,0.00,8.00,0.00,0.00,3.00,0.00,0.00,0.00,9.00
02:58:56,14,83.00,0.00,7.00,0.00,0.00,2.00,0.00,0.00,0.00,8.00
02:58:56,15,81.63,0.00,8.16,0.00,0.00,2.04,0.00,0.00,0.00,8.16
02:58:57,4,80.61,0.00,9.18,0.00,0.00,3.06,0.00,0.00,0.00,7.14
02:58:57,5,83.84,0.00,7.07,0.00,0.00,2.02,0.00,0.00,0.00,7.07
02:58:57,6,81.82,0.00,8.08,0.00,0.00,2.02,0.00,0.00,0.00,8.08
02:58:57,7,80.61,0.00,8.16,0.00,0.00,3.06,0.00,0.00,0.00,8.16
02:58:57,12,82.65,0.00,6.12,0.00,0.00,3.06,0.00,0.00,0.00,8.16
02:58:57,13,80.61,0.00,9.18,0.00,0.00,3.06,0.00,0.00,0.00,7.14
02:58:57,14,81.00,0.00,8.00,0.00,0.00,2.00,0.00,0.00,0.00,9.00
02:58:57,15,80.00,0.00,7.00,0.00,0.00,4.00,0.00,0.00,0.00,9.00
02:58:58,4,80.81,0.00,8.08,0.00,0.00,4.04,0.00,0.00,0.00,7.07
02:58:58,5,82.00,0.00,8.00,0.00,0.00,3.00,0.00,0.00,0.00,7.00
02:58:58,6,80.61,0.00,9.18,0.00,0.00,3.06,0.00,0.00,0.00,7.14
02:58:58,7,82.83,0.00,7.07,0.00,0.00,2.02,0.00,0.00,0.00,8.08
02:58:58,12,81.82,0.00,9.09,0.00,0.00,2.02,0.00,0.00,0.00,7.07
02:58:58,13,81.00,0.00,8.00,0.00,0.00,3.00,0.00,0.00,0.00,8.00
02:58:58,14,81.82,0.00,8.08,0.00,0.00,3.03,0.00,0.00,0.00,7.07
02:58:58,15,80.00,0.00,10.00,0.00,0.00,3.00,0.00,0.00,0.00,7.00
02:58:59,4,82.83,0.00,8.08,0.00,0.00,2.02,0.00,0.00,0.00,7.07
02:58:59,5,82.00,0.00,9.00,0.00,0.00,2.00,0.00,0.00,0.00,7.00
02:58:59,6,80.20,0.00,9.90,0.00,0.00,2.97,0.00,0.00,0.00,6.93
02:58:59,7,81.82,0.00,8.08,0.00,0.00,3.03,0.00,0.00,0.00,7.07
02:58:59,12,78.43,0.00,9.80,0.00,0.00,3.92,0.00,0.00,0.00,7.84
02:58:59,13,80.00,0.00,11.00,0.00,0.00,2.00,0.00,0.00,0.00,7.00
02:58:59,14,81.63,0.00,7.14,0.00,0.00,4.08,0.00,0.00,0.00,7.14
02:58:59,15,82.00,0.00,8.00,0.00,0.00,2.00,0.00,0.00,0.00,8.00
02:59:00,4,81.82,0.00,8.08,0.00,0.00,3.03,0.00,0.00,0.00,7.07
02:59:00,5,82.00,0.00,8.00,0.00,0.00,2.00,0.00,0.00,0.00,8.00
02:59:00,6,82.65,0.00,8.16,0.00,0.00,2.04,0.00,0.00,0.00,7.14
02:59:00,7,79.21,0.00,9.90,0.00,0.00,2.97,0.00,0.00,0.00,7.92
02:59:00,12,83.84,0.00,7.07,0.00,0.00,2.02,0.00,0.00,0.00,7.07
02:59:00,13,79.00,0.00,11.00,0.00,0.00,3.00,0.00,0.00,0.00,7.00
02:59:00,14,81.19,0.00,8.91,0.00,0.00,1.98,0.00,0.00,0.00,7.92
02:59:00,15,79.80,0.00,9.09,0.00,0.00,3.03,0.00,0.00,0.00,8.08
02:59:01,4,80.20,0.00,8.91,0.00,0.00,2.97,0.00,0.00,0.00,7.92
02:59:01,5,81.00,0.00,9.00,0.00,0.00,3.00,0.00,0.00,0.00,7.00
02:59:01,6,81.63,0.00,8.16,0.00,0.00,3.06,0.00,0.00,0.00,7.14
02:59:01,7,81.63,0.00,9.18,0.00,0.00,2.04,0.00,0.00,0.00,7.14
02:59:01,12,81.63,0.00,9.18,0.00,0.00,2.04,0.00,0.00,0.00,7.14
02:59:01,13,81.19,0.00,8.91,0.00,0.00,2.97,0.00,0.00,0.00,6.93
02:59:01,14,81.82,0.00,8.08,0.00,0.00,3.03,0.00,0.00,0.00,7.07
02:59:01,15,81.82,0.00,8.08,0.00,0.00,3.03,0.00,0.00,0.00,7.07
02:59:02,4,80.81,0.00,9.09,0.00,0.00,3.03,0.00,0.00,0.00,7.07
02:59:02,5,82.65,0.00,8.16,0.00,0.00,2.04,0.00,0.00,0.00,7.14
02:59:02,6,81.19,0.00,7.92,0.00,0.00,2.97,0.00,0.00,0.00,7.92
02:59:02,7,81.00,0.00,8.00,0.00,0.00,3.00,0.00,0.00,0.00,8.00
02:59:02,12,78.00,0.00,11.00,0.00,0.00,4.00,0.00,0.00,0.00,7.00
02:59:02,13,81.63,0.00,9.18,0.00,0.00,2.04,0.00,0.00,0.00,7.14
02:59:02,14,80.00,0.00,9.00,0.00,0.00,3.00,0.00,0.00,0.00,8.00
02:59:02,15,82.00,0.00,7.00,0.00,0.00,3.00,0.00,0.00,0.00,8.00
02:59:03,4,79.00,0.00,10.00,0.00,0.00,3.00,0.00,0.00,0.00,8.00
02:59:03,5,82.65,0.00,8.16,0.00,0.00,2.04,0.00,0.00,0.00,7.14
02:59:03,6,80.81,0.00,9.09,0.00,0.00,3.03,0.00,0.00,0.00,7.07
02:59:03,7,82.83,0.00,7.07,0.00,0.00,3.03,0.00,0.00,0.00,7.07
02:59:03,12,82.65,0.00,8.16,0.00,0.00,2.04,0.00,0.00,0.00,7.14
02:59:03,13,82.00,0.00,9.00,0.00,0.00,2.00,0.00,0.00,0.00,7.00
02:59:03,14,80.61,0.00,9.18,0.00,0.00,3.06,0.00,0.00,0.00,7.14
02:59:03,15,80.00,0.00,10.00,0.00,0.00,3.00,0.00,0.00,0.00,7.00
02:59:04,4,82.83,0.00,8.08,0.00,0.00,3.03,0.00,0.00,0.00,6.06
02:59:04,5,81.19,0.00,9.90,0.00,0.00,1.98,0.00,0.00,0.00,6.93
02:59:04,6,83.00,0.00,8.00,0.00,0.00,3.00,0.00,0.00,0.00,6.00
02:59:04,7,83.00,0.00,9.00,0.00,0.00,1.00,0.00,0.00,0.00,7.00
02:59:04,12,80.00,0.00,10.00,0.00,0.00,3.00,0.00,0.00,0.00,7.00
02:59:04,13,83.00,0.00,8.00,0.00,0.00,3.00,0.00,0.00,0.00,6.00
02:59:04,14,81.82,0.00,9.09,0.00,0.00,3.03,0.00,0.00,0.00,6.06
02:59:04,15,83.00,0.00,8.00,0.00,0.00,2.00,0.00,0.00,0.00,7.00
02:59:05,4,81.00,0.00,8.00,0.00,0.00,2.00,0.00,0.00,0.00,9.00
02:59:05,5,80.00,0.00,9.00,0.00,0.00,3.00,0.00,0.00,0.00,8.00
02:59:05,6,80.81,0.00,8.08,0.00,0.00,2.02,0.00,0.00,0.00,9.09
02:59:05,7,78.43,0.00,8.82,0.00,0.00,3.92,0.00,0.00,0.00,8.82
02:59:05,12,80.00,0.00,8.00,0.00,0.00,3.00,0.00,0.00,0.00,9.00
02:59:05,13,79.80,0.00,9.09,0.00,0.00,2.02,0.00,0.00,0.00,9.09
02:59:05,14,79.41,0.00,8.82,0.00,0.00,2.94,0.00,0.00,0.00,8.82
02:59:05,15,80.81,0.00,8.08,0.00,0.00,3.03,0.00,0.00,0.00,8.08
02:59:06,4,81.00,0.00,8.00,0.00,0.00,3.00,0.00,0.00,0.00,8.00
02:59:06,5,80.00,0.00,10.00,0.00,0.00,2.00,0.00,0.00,0.00,8.00
02:59:06,6,80.00,0.00,9.00,0.00,0.00,3.00,0.00,0.00,0.00,8.00
02:59:06,7,80.81,0.00,9.09,0.00,0.00,2.02,0.00,0.00,0.00,8.08
02:59:06,12,81.00,0.00,8.00,0.00,0.00,3.00,0.00,0.00,0.00,8.00
02:59:06,13,81.63,0.00,9.18,0.00,0.00,1.02,0.00,0.00,0.00,8.16
02:59:06,14,80.81,0.00,8.08,0.00,0.00,3.03,0.00,0.00,0.00,8.08
02:59:06,15,79.21,0.00,9.90,0.00,0.00,1.98,0.00,0.00,0.00,8.91
02:59:07,4,81.82,0.00,7.07,0.00,0.00,3.03,0.00,0.00,0.00,8.08
02:59:07,5,81.00,0.00,7.00,0.00,0.00,4.00,0.00,0.00,0.00,8.00
02:59:07,6,80.00,0.00,9.00,0.00,0.00,3.00,0.00,0.00,0.00,8.00
02:59:07,7,81.82,0.00,7.07,0.00,0.00,3.03,0.00,0.00,0.00,8.08
02:59:07,12,83.00,0.00,8.00,0.00,0.00,1.00,0.00,0.00,0.00,8.00
02:59:07,13,80.81,0.00,8.08,0.00,0.00,3.03,0.00,0.00,0.00,8.08
02:59:07,14,80.00,0.00,9.00,0.00,0.00,3.00,0.00,0.00,0.00,8.00
02:59:07,15,80.81,0.00,8.08,0.00,0.00,3.03,0.00,0.00,0.00,8.08
02:59:08,4,81.82,0.00,8.08,0.00,0.00,2.02,0.00,0.00,0.00,8.08
02:59:08,5,80.81,0.00,8.08,0.00,0.00,3.03,0.00,0.00,0.00,8.08
02:59:08,6,78.57,0.00,10.20,0.00,0.00,3.06,0.00,0.00,0.00,8.16
02:59:08,7,81.00,0.00,8.00,0.00,0.00,2.00,0.00,0.00,0.00,9.00
02:59:08,12,82.00,0.00,7.00,0.00,0.00,3.00,0.00,0.00,0.00,8.00
02:59:08,13,81.00,0.00,8.00,0.00,0.00,2.00,0.00,0.00,0.00,9.00
02:59:08,14,78.79,0.00,9.09,0.00,0.00,3.03,0.00,0.00,0.00,9.09
02:59:08,15,81.63,0.00,8.16,0.00,0.00,2.04,0.00,0.00,0.00,8.16
02:59:09,4,81.63,0.00,9.18,0.00,0.00,3.06,0.00,0.00,0.00,6.12
02:59:09,5,83.17,0.00,8.91,0.00,0.00,1.98,0.00,0.00,0.00,5.94
02:59:09,6,81.82,0.00,9.09,0.00,0.00,2.02,0.00,0.00,0.00,7.07
02:59:09,7,82.00,0.00,8.00,0.00,0.00,3.00,0.00,0.00,0.00,7.00
02:59:09,12,81.00,0.00,10.00,0.00,0.00,3.00,0.00,0.00,0.00,6.00
02:59:09,13,82.00,0.00,9.00,0.00,0.00,3.00,0.00,0.00,0.00,6.00
02:59:09,14,80.81,0.00,9.09,0.00,0.00,3.03,0.00,0.00,0.00,7.07
02:59:09,15,79.21,0.00,10.89,0.00,0.00,2.97,0.00,0.00,0.00,6.93
02:59:10,4,80.20,0.00,9.90,0.00,0.00,2.97,0.00,0.00,0.00,6.93
02:59:10,5,80.61,0.00,9.18,0.00,0.00,3.06,0.00,0.00,0.00,7.14
02:59:10,6,83.00,0.00,8.00,0.00,0.00,3.00,0.00,0.00,0.00,6.00
02:59:10,7,82.65,0.00,8.16,0.00,0.00,3.06,0.00,0.00,0.00,6.12
02:59:10,12,84.00,0.00,7.00,0.00,0.00,2.00,0.00,0.00,0.00,7.00
02:59:10,13,79.80,0.00,9.09,0.00,0.00,4.04,0.00,0.00,0.00,7.07
02:59:10,14,81.82,0.00,10.10,0.00,0.00,2.02,0.00,0.00,0.00,6.06
02:59:10,15,84.85,0.00,6.06,0.00,0.00,2.02,0.00,0.00,0.00,7.07
02:59:11,4,81.82,0.00,8.08,0.00,0.00,3.03,0.00,0.00,0.00,7.07
02:59:11,5,79.21,0.00,11.88,0.00,0.00,1.98,0.00,0.00,0.00,6.93
02:59:11,6,81.19,0.00,6.93,0.00,0.00,3.96,0.00,0.00,0.00,7.92
02:59:11,7,80.39,0.00,9.80,0.00,0.00,1.96,0.00,0.00,0.00,7.84
02:59:11,12,80.00,0.00,10.00,0.00,0.00,3.00,0.00,0.00,0.00,7.00
02:59:11,13,82.65,0.00,7.14,0.00,0.00,3.06,0.00,0.00,0.00,7.14
02:59:11,14,81.82,0.00,8.08,0.00,0.00,2.02,0.00,0.00,0.00,8.08
02:59:11,15,85.00,0.00,6.00,0.00,0.00,1.00,0.00,0.00,0.00,8.00
02:59:12,4,81.00,0.00,9.00,0.00,0.00,3.00,0.00,0.00,0.00,7.00
02:59:12,5,82.83,0.00,8.08,0.00,0.00,3.03,0.00,0.00,0.00,6.06
02:59:12,6,82.00,0.00,9.00,0.00,0.00,3.00,0.00,0.00,0.00,6.00
02:59:12,7,81.82,0.00,9.09,0.00,0.00,2.02,0.00,0.00,0.00,7.07
02:59:12,12,80.00,0.00,10.00,0.00,0.00,3.00,0.00,0.00,0.00,7.00
02:59:12,13,83.17,0.00,6.93,0.00,0.00,2.97,0.00,0.00,0.00,6.93
02:59:12,14,82.00,0.00,8.00,0.00,0.00,3.00,0.00,0.00,0.00,7.00
02:59:12,15,78.79,0.00,10.10,0.00,0.00,4.04,0.00,0.00,0.00,7.07
02:59:13,4,80.81,0.00,9.09,0.00,0.00,2.02,0.00,0.00,0.00,8.08
02:59:13,5,81.00,0.00,8.00,0.00,0.00,3.00,0.00,0.00,0.00,8.00
02:59:13,6,80.61,0.00,9.18,0.00,0.00,2.04,0.00,0.00,0.00,8.16
02:59:13,7,81.00,0.00,8.00,0.00,0.00,3.00,0.00,0.00,0.00,8.00
02:59:13,12,81.82,0.00,8.08,0.00,0.00,2.02,0.00,0.00,0.00,8.08
02:59:13,13,82.83,0.00,7.07,0.00,0.00,2.02,0.00,0.00,0.00,8.08
02:59:13,14,81.63,0.00,8.16,0.00,0.00,3.06,0.00,0.00,0.00,7.14
02:59:13,15,80.61,0.00,9.18,0.00,0.00,2.04,0.00,0.00,0.00,8.16
02:59:14,4,80.20,0.00,9.90,0.00,0.00,2.97,0.00,0.00,0.00,6.93
02:59:14,5,82.65,0.00,8.16,0.00,0.00,2.04,0.00,0.00,0.00,7.14
02:59:14,6,81.19,0.00,7.92,0.00,0.00,2.97,0.00,0.00,0.00,7.92
02:59:14,7,81.63,0.00,7.14,0.00,0.00,3.06,0.00,0.00,0.00,8.16
02:59:14,12,79.80,0.00,10.10,0.00,0.00,2.02,0.00,0.00,0.00,8.08
02:59:14,13,81.82,0.00,8.08,0.00,0.00,2.02,0.00,0.00,0.00,8.08
02:59:14,14,78.79,0.00,9.09,0.00,0.00,4.04,0.00,0.00,0.00,8.08
02:59:14,15,79.00,0.00,10.00,0.00,0.00,3.00,0.00,0.00,0.00,8.00
02:59:15,4,79.80,0.00,9.09,0.00,0.00,3.03,0.00,0.00,0.00,8.08
02:59:15,5,79.80,0.00,9.09,0.00,0.00,3.03,0.00,0.00,0.00,8.08
02:59:15,6,81.63,0.00,8.16,0.00,0.00,2.04,0.00,0.00,0.00,8.16
02:59:15,7,80.61,0.00,9.18,0.00,0.00,2.04,0.00,0.00,0.00,8.16
02:59:15,12,79.00,0.00,9.00,0.00,0.00,4.00,0.00,0.00,0.00,8.00
02:59:15,13,79.80,0.00,9.09,0.00,0.00,3.03,0.00,0.00,0.00,8.08
02:59:15,14,80.00,0.00,9.00,0.00,0.00,2.00,0.00,0.00,0.00,9.00
02:59:15,15,80.61,0.00,7.14,0.00,0.00,3.06,0.00,0.00,0.00,9.18
02:59:16,4,81.00,0.00,8.00,0.00,0.00,3.00,0.00,0.00,0.00,8.00
02:59:16,5,80.20,0.00,9.90,0.00,0.00,1.98,0.00,0.00,0.00,7.92
02:59:16,6,80.20,0.00,8.91,0.00,0.00,3.96,0.00,0.00,0.00,6.93
02:59:16,7,80.00,0.00,10.00,0.00,0.00,2.00,0.00,0.00,0.00,8.00
02:59:16,12,82.65,0.00,8.16,0.00,0.00,2.04,0.00,0.00,0.00,7.14
02:59:16,13,80.39,0.00,7.84,0.00,0.00,3.92,0.00,0.00,0.00,7.84
02:59:16,14,80.81,0.00,9.09,0.00,0.00,3.03,0.00,0.00,0.00,7.07
02:59:16,15,82.00,0.00,8.00,0.00,0.00,3.00,0.00,0.00,0.00,7.00
02:59:17,4,82.65,0.00,7.14,0.00,0.00,3.06,0.00,0.00,0.00,7.14
02:59:17,5,82.47,0.00,7.22,0.00,0.00,3.09,0.00,0.00,0.00,7.22
02:59:17,6,78.57,0.00,10.20,0.00,0.00,3.06,0.00,0.00,0.00,8.16
02:59:17,7,81.00,0.00,9.00,0.00,0.00,2.00,0.00,0.00,0.00,8.00
02:59:17,12,80.00,0.00,9.00,0.00,0.00,3.00,0.00,0.00,0.00,8.00
02:59:17,13,82.65,0.00,7.14,0.00,0.00,3.06,0.00,0.00,0.00,7.14
02:59:17,14,81.63,0.00,8.16,0.00,0.00,2.04,0.00,0.00,0.00,8.16
02:59:17,15,80.81,0.00,8.08,0.00,0.00,3.03,0.00,0.00,0.00,8.08
02:59:18,4,80.00,0.00,8.00,0.00,0.00,4.00,0.00,0.00,0.00,8.00
02:59:18,5,81.00,0.00,10.00,0.00,0.00,2.00,0.00,0.00,0.00,7.00
02:59:18,6,82.00,0.00,7.00,0.00,0.00,3.00,0.00,0.00,0.00,8.00
02:59:18,7,82.47,0.00,7.22,0.00,0.00,3.09,0.00,0.00,0.00,7.22
02:59:18,12,81.63,0.00,9.18,0.00,0.00,2.04,0.00,0.00,0.00,7.14
02:59:18,13,85.00,0.00,6.00,0.00,0.00,2.00,0.00,0.00,0.00,7.00
02:59:18,14,80.00,0.00,9.00,0.00,0.00,4.00,0.00,0.00,0.00,7.00
02:59:18,15,81.63,0.00,9.18,0.00,0.00,2.04,0.00,0.00,0.00,7.14
02:59:19,4,79.41,0.00,9.80,0.00,0.00,3.92,0.00,0.00,0.00,6.86
02:59:19,5,81.82,0.00,7.07,0.00,0.00,3.03,0.00,0.00,0.00,8.08
02:59:19,6,81.82,0.00,8.08,0.00,0.00,3.03,0.00,0.00,0.00,7.07
02:59:19,7,82.18,0.00,7.92,0.00,0.00,1.98,0.00,0.00,0.00,7.92
02:59:19,12,81.82,0.00,8.08,0.00,0.00,3.03,0.00,0.00,0.00,7.07
02:59:19,13,81.82,0.00,8.08,0.00,0.00,3.03,0.00,0.00,0.00,7.07
02:59:19,14,82.83,0.00,7.07,0.00,0.00,3.03,0.00,0.00,0.00,7.07
02:59:19,15,82.00,0.00,8.00,0.00,0.00,3.00,0.00,0.00,0.00,7.00
02:59:20,4,81.63,0.00,9.18,0.00,0.00,2.04,0.00,0.00,0.00,7.14
02:59:20,5,83.00,0.00,8.00,0.00,0.00,3.00,0.00,0.00,0.00,6.00
02:59:20,6,82.83,0.00,8.08,0.00,0.00,2.02,0.00,0.00,0.00,7.07
02:59:20,7,83.67,0.00,7.14,0.00,0.00,2.04,0.00,0.00,0.00,7.14
02:59:20,12,81.82,0.00,10.10,0.00,0.00,1.01,0.00,0.00,0.00,7.07
02:59:20,13,80.00,0.00,10.00,0.00,0.00,3.00,0.00,0.00,0.00,7.00
02:59:20,14,82.65,0.00,9.18,0.00,0.00,2.04,0.00,0.00,0.00,6.12
02:59:20,15,81.00,0.00,8.00,0.00,0.00,3.00,0.00,0.00,0.00,8.00
02:59:21,4,80.00,0.00,8.00,0.00,0.00,4.00,0.00,0.00,0.00,8.00
02:59:21,5,79.80,0.00,9.09,0.00,0.00,3.03,0.00,0.00,0.00,8.08
02:59:21,6,83.00,0.00,7.00,0.00,0.00,2.00,0.00,0.00,0.00,8.00
02:59:21,7,80.00,0.00,9.00,0.00,0.00,3.00,0.00,0.00,0.00,8.00
02:59:21,12,81.19,0.00,7.92,0.00,0.00,2.97,0.00,0.00,0.00,7.92
02:59:21,13,81.00,0.00,9.00,0.00,0.00,2.00,0.00,0.00,0.00,8.00
02:59:21,14,82.18,0.00,6.93,0.00,0.00,2.97,0.00,0.00,0.00,7.92
02:59:21,15,79.59,0.00,10.20,0.00,0.00,2.04,0.00,0.00,0.00,8.16
02:59:22,4,44.90,0.00,5.10,0.00,0.00,3.06,0.00,0.00,0.00,46.94
02:59:22,5,47.00,0.00,4.00,0.00,0.00,2.00,0.00,0.00,0.00,47.00
02:59:22,6,47.96,0.00,4.08,0.00,0.00,1.02,0.00,0.00,0.00,46.94
02:59:22,7,47.00,0.00,5.00,0.00,0.00,1.00,0.00,0.00,0.00,47.00
02:59:22,12,47.00,0.00,5.00,0.00,0.00,2.00,0.00,0.00,0.00,46.00
02:59:22,13,48.51,0.00,3.96,0.00,0.00,0.99,0.00,0.00,0.00,46.53
02:59:22,14,46.94,0.00,4.08,0.00,0.00,1.02,0.00,0.00,0.00,47.96
02:59:22,15,46.53,0.00,4.95,0.00,0.00,1.98,0.00,0.00,0.00,46.53
