08:31:19,CPU,%usr,%nice,%sys,%iowait,%irq,%soft,%steal,%guest,%gnice,%idle
08:31:20,4,11.46,0.00,8.33,0.00,0.00,3.12,0.00,0.00,0.00,77.08
08:31:20,5,17.53,0.00,11.34,0.00,0.00,3.09,0.00,0.00,0.00,68.04
08:31:20,6,8.42,0.00,8.42,0.00,0.00,3.16,0.00,0.00,0.00,80.00
08:31:20,7,8.33,0.00,6.25,0.00,0.00,3.12,0.00,0.00,0.00,82.29
08:31:20,12,10.42,0.00,10.42,0.00,0.00,2.08,0.00,0.00,0.00,77.08
08:31:20,13,8.42,0.00,8.42,0.00,0.00,3.16,0.00,0.00,0.00,80.00
08:31:20,14,10.31,0.00,7.22,0.00,0.00,2.06,0.00,0.00,0.00,80.41
08:31:20,15,8.16,0.00,8.16,0.00,0.00,3.06,0.00,0.00,0.00,80.61
08:31:21,4,14.29,0.00,15.38,0.00,0.00,5.49,0.00,0.00,0.00,64.84
08:31:21,5,17.02,0.00,14.89,0.00,0.00,5.32,0.00,0.00,0.00,62.77
08:31:21,6,16.13,0.00,13.98,0.00,0.00,6.45,0.00,0.00,0.00,63.44
08:31:21,7,15.38,0.00,12.09,0.00,0.00,6.59,0.00,0.00,0.00,65.93
08:31:21,12,14.29,0.00,15.38,0.00,0.00,5.49,0.00,0.00,0.00,64.84
08:31:21,13,17.89,0.00,15.79,0.00,0.00,5.26,0.00,0.00,0.00,61.05
08:31:21,14,15.22,0.00,14.13,0.00,0.00,6.52,0.00,0.00,0.00,64.13
08:31:21,15,16.30,0.00,15.22,0.00,0.00,4.35,0.00,0.00,0.00,64.13
08:31:22,4,20.88,0.00,14.29,0.00,0.00,5.49,0.00,0.00,0.00,59.34
08:31:22,5,16.85,0.00,19.10,0.00,0.00,4.49,0.00,0.00,0.00,59.55
08:31:22,6,16.13,0.00,16.13,0.00,0.00,5.38,0.00,0.00,0.00,62.37
08:31:22,7,15.22,0.00,13.04,0.00,0.00,5.43,0.00,0.00,0.00,66.30
08:31:22,12,22.34,0.00,17.02,0.00,0.00,4.26,0.00,0.00,0.00,56.38
08:31:22,13,16.13,0.00,16.13,1.08,0.00,6.45,0.00,0.00,0.00,60.22
08:31:22,14,15.73,0.00,14.61,0.00,0.00,6.74,0.00,0.00,0.00,62.92
08:31:22,15,15.96,0.00,14.89,0.00,0.00,5.32,0.00,0.00,0.00,63.83
08:31:23,4,17.20,0.00,15.05,0.00,0.00,5.38,0.00,0.00,0.00,62.37
08:31:23,5,16.30,0.00,14.13,0.00,0.00,6.52,0.00,0.00,0.00,63.04
08:31:23,6,16.48,0.00,13.19,0.00,0.00,5.49,0.00,0.00,0.00,64.84
08:31:23,7,16.48,0.00,14.29,0.00,0.00,4.40,0.00,0.00,0.00,64.84
08:31:23,12,17.58,0.00,14.29,0.00,0.00,5.49,0.00,0.00,0.00,62.64
08:31:23,13,17.58,0.00,15.38,0.00,0.00,4.40,0.00,0.00,0.00,62.64
08:31:23,14,15.96,0.00,17.02,0.00,0.00,6.38,0.00,0.00,0.00,60.64
08:31:23,15,16.67,0.00,15.56,0.00,0.00,3.33,0.00,0.00,0.00,64.44
08:31:24,4,18.48,0.00,15.22,0.00,0.00,5.43,0.00,0.00,0.00,60.87
08:31:24,5,17.39,0.00,14.13,0.00,0.00,6.52,0.00,0.00,0.00,61.96
08:31:24,6,16.13,0.00,15.05,0.00,0.00,5.38,0.00,0.00,0.00,63.44
08:31:24,7,13.19,0.00,13.19,0.00,0.00,5.49,0.00,0.00,0.00,68.13
08:31:24,12,16.13,0.00,15.05,0.00,0.00,6.45,0.00,0.00,0.00,62.37
08:31:24,13,15.79,0.00,17.89,0.00,0.00,6.32,0.00,0.00,0.00,60.00
08:31:24,14,17.20,0.00,16.13,0.00,0.00,6.45,0.00,0.00,0.00,60.22
08:31:24,15,15.96,0.00,13.83,0.00,0.00,5.32,0.00,0.00,0.00,64.89
08:31:25,4,16.13,0.00,12.90,0.00,0.00,7.53,0.00,0.00,0.00,63.44
08:31:25,5,15.22,0.00,15.22,0.00,0.00,6.52,0.00,0.00,0.00,63.04
08:31:25,6,16.48,0.00,14.29,0.00,0.00,6.59,0.00,0.00,0.00,62.64
08:31:25,7,13.98,0.00,13.98,0.00,0.00,6.45,0.00,0.00,0.00,65.59
08:31:25,12,16.13,0.00,13.98,0.00,0.00,5.38,0.00,0.00,0.00,64.52
08:31:25,13,15.38,0.00,16.48,0.00,0.00,6.59,0.00,0.00,0.00,61.54
08:31:25,14,16.48,0.00,15.38,0.00,0.00,5.49,0.00,0.00,0.00,62.64
08:31:25,15,13.33,0.00,15.56,0.00,0.00,4.44,0.00,0.00,0.00,66.67
08:31:26,4,16.13,0.00,13.98,0.00,0.00,6.45,0.00,0.00,0.00,63.44
08:31:26,5,17.20,0.00,12.90,0.00,0.00,5.38,0.00,0.00,0.00,64.52
08:31:26,6,14.61,0.00,14.61,0.00,0.00,5.62,0.00,0.00,0.00,65.17
08:31:26,7,15.96,0.00,13.83,0.00,0.00,7.45,0.00,0.00,0.00,62.77
08:31:26,12,17.02,0.00,14.89,0.00,0.00,5.32,0.00,0.00,0.00,62.77
08:31:26,13,15.79,0.00,15.79,0.00,0.00,5.26,0.00,0.00,0.00,63.16
08:31:26,14,16.30,0.00,14.13,0.00,0.00,6.52,0.00,0.00,0.00,63.04
08:31:26,15,12.22,0.00,14.44,0.00,0.00,5.56,0.00,0.00,0.00,67.78
08:31:27,4,16.48,0.00,12.09,0.00,0.00,6.59,0.00,0.00,0.00,64.84
08:31:27,5,18.89,0.00,12.22,0.00,0.00,5.56,0.00,0.00,0.00,63.33
08:31:27,6,17.39,0.00,15.22,0.00,0.00,5.43,0.00,0.00,0.00,61.96
08:31:27,7,15.96,0.00,14.89,0.00,0.00,5.32,0.00,0.00,0.00,63.83
08:31:27,12,18.48,0.00,17.39,2.17,0.00,4.35,0.00,0.00,0.00,57.61
08:31:27,13,17.58,0.00,14.29,0.00,0.00,6.59,0.00,0.00,0.00,61.54
08:31:27,14,19.35,0.00,15.05,0.00,0.00,3.23,0.00,0.00,0.00,62.37
08:31:27,15,15.05,0.00,16.13,0.00,0.00,5.38,0.00,0.00,0.00,63.44
08:31:28,4,16.84,0.00,14.74,0.00,0.00,7.37,0.00,0.00,0.00,61.05
08:31:28,5,17.20,0.00,13.98,1.08,0.00,5.38,0.00,0.00,0.00,62.37
08:31:28,6,16.48,0.00,15.38,0.00,0.00,5.49,0.00,0.00,0.00,62.64
08:31:28,7,15.22,0.00,13.04,0.00,0.00,5.43,0.00,0.00,0.00,66.30
08:31:28,12,15.56,0.00,14.44,0.00,0.00,5.56,0.00,0.00,0.00,64.44
08:31:28,13,17.02,0.00,14.89,0.00,0.00,6.38,0.00,0.00,0.00,61.70
08:31:28,14,16.84,0.00,15.79,0.00,0.00,8.42,0.00,0.00,0.00,58.95
08:31:28,15,15.05,0.00,15.05,0.00,0.00,6.45,0.00,0.00,0.00,63.44
08:31:29,4,18.09,0.00,18.09,0.00,0.00,4.26,0.00,0.00,0.00,59.57
08:31:29,5,18.09,0.00,14.89,0.00,0.00,5.32,0.00,0.00,0.00,61.70
08:31:29,6,19.35,0.00,15.05,0.00,0.00,5.38,0.00,0.00,0.00,60.22
08:31:29,7,15.62,0.00,15.62,0.00,0.00,6.25,0.00,0.00,0.00,62.50
08:31:29,12,17.20,0.00,15.05,0.00,0.00,5.38,0.00,0.00,0.00,62.37
08:31:29,13,16.30,0.00,15.22,0.00,0.00,5.43,0.00,0.00,0.00,63.04
08:31:29,14,19.35,0.00,13.98,0.00,0.00,5.38,0.00,0.00,0.00,61.29
08:31:29,15,15.38,0.00,14.29,0.00,0.00,4.40,0.00,0.00,0.00,65.93
08:31:30,4,15.38,0.00,15.38,0.00,0.00,5.49,0.00,0.00,0.00,63.74
08:31:30,5,17.58,0.00,17.58,0.00,0.00,4.40,0.00,0.00,0.00,60.44
08:31:30,6,14.13,0.00,16.30,0.00,0.00,6.52,0.00,0.00,0.00,63.04
08:31:30,7,16.13,0.00,13.98,0.00,0.00,5.38,0.00,0.00,0.00,64.52
08:31:30,12,16.13,0.00,15.05,0.00,0.00,5.38,0.00,0.00,0.00,63.44
08:31:30,13,16.13,0.00,15.05,0.00,0.00,5.38,0.00,0.00,0.00,63.44
08:31:30,14,17.58,0.00,14.29,0.00,0.00,3.30,0.00,0.00,0.00,64.84
08:31:30,15,14.13,0.00,11.96,0.00,0.00,5.43,0.00,0.00,0.00,68.48
08:31:31,4,19.15,0.00,13.83,0.00,0.00,5.32,0.00,0.00,0.00,61.70
08:31:31,5,17.71,0.00,15.62,0.00,0.00,6.25,0.00,0.00,0.00,60.42
08:31:31,6,16.13,0.00,13.98,0.00,0.00,5.38,0.00,0.00,0.00,64.52
08:31:31,7,13.83,0.00,14.89,0.00,0.00,5.32,0.00,0.00,0.00,65.96
08:31:31,12,16.30,0.00,15.22,0.00,0.00,7.61,0.00,0.00,0.00,60.87
08:31:31,13,15.56,0.00,15.56,0.00,0.00,6.67,0.00,0.00,0.00,62.22
08:31:31,14,15.38,0.00,13.19,0.00,0.00,6.59,0.00,0.00,0.00,64.84
08:31:31,15,15.38,0.00,14.29,0.00,0.00,4.40,0.00,0.00,0.00,65.93
08:31:32,4,18.28,0.00,16.13,0.00,0.00,5.38,0.00,0.00,0.00,60.22
08:31:32,5,17.39,0.00,15.22,0.00,0.00,5.43,0.00,0.00,0.00,61.96
08:31:32,6,18.68,0.00,15.38,0.00,0.00,4.40,0.00,0.00,0.00,61.54
08:31:32,7,16.48,0.00,15.38,0.00,0.00,3.30,0.00,0.00,0.00,64.84
08:31:32,12,21.05,0.00,16.84,0.00,0.00,5.26,0.00,0.00,0.00,56.84
08:31:32,13,19.35,0.00,15.05,0.00,0.00,4.30,0.00,0.00,0.00,61.29
08:31:32,14,20.43,0.00,15.05,0.00,0.00,5.38,0.00,0.00,0.00,59.14
08:31:32,15,16.48,0.00,14.29,0.00,0.00,5.49,0.00,0.00,0.00,63.74
08:31:33,4,15.22,0.00,15.22,0.00,0.00,5.43,0.00,0.00,0.00,64.13
08:31:33,5,18.89,0.00,15.56,0.00,0.00,4.44,0.00,0.00,0.00,61.11
08:31:33,6,17.39,0.00,14.13,0.00,0.00,5.43,0.00,0.00,0.00,63.04
08:31:33,7,14.29,0.00,15.38,0.00,0.00,4.40,0.00,0.00,0.00,65.93
08:31:33,12,15.22,0.00,17.39,0.00,0.00,5.43,0.00,0.00,0.00,61.96
08:31:33,13,17.39,0.00,13.04,0.00,0.00,6.52,0.00,0.00,0.00,63.04
08:31:33,14,16.48,0.00,13.19,0.00,0.00,5.49,0.00,0.00,0.00,64.84
08:31:33,15,14.89,0.00,15.96,0.00,0.00,6.38,0.00,0.00,0.00,62.77
08:31:34,4,19.15,0.00,12.77,0.00,0.00,5.32,0.00,0.00,0.00,62.77
08:31:34,5,14.29,0.00,17.58,0.00,0.00,5.49,0.00,0.00,0.00,62.64
08:31:34,6,12.36,0.00,14.61,0.00,0.00,6.74,0.00,0.00,0.00,66.29
08:31:34,7,16.84,0.00,12.63,0.00,0.00,5.26,0.00,0.00,0.00,65.26
08:31:34,12,14.61,0.00,12.36,0.00,0.00,5.62,0.00,0.00,0.00,67.42
08:31:34,13,18.89,0.00,14.44,0.00,0.00,4.44,0.00,0.00,0.00,62.22
08:31:34,14,15.56,0.00,15.56,0.00,0.00,6.67,0.00,0.00,0.00,62.22
08:31:34,15,15.22,0.00,14.13,0.00,0.00,5.43,0.00,0.00,0.00,65.22
08:31:35,4,17.02,0.00,14.89,0.00,0.00,6.38,0.00,0.00,0.00,61.70
08:31:35,5,16.67,0.00,14.44,0.00,0.00,6.67,0.00,0.00,0.00,62.22
08:31:35,6,18.48,0.00,11.96,0.00,0.00,6.52,0.00,0.00,0.00,63.04
08:31:35,7,15.96,0.00,14.89,0.00,0.00,5.32,0.00,0.00,0.00,63.83
08:31:35,12,16.13,0.00,16.13,0.00,0.00,5.38,0.00,0.00,0.00,62.37
08:31:35,13,15.96,0.00,13.83,0.00,0.00,7.45,0.00,0.00,0.00,62.77
08:31:35,14,17.02,0.00,13.83,0.00,0.00,6.38,0.00,0.00,0.00,62.77
08:31:35,15,15.05,0.00,13.98,0.00,0.00,4.30,0.00,0.00,0.00,66.67
08:31:36,4,16.67,0.00,14.44,0.00,0.00,5.56,0.00,0.00,0.00,63.33
08:31:36,5,15.96,0.00,15.96,0.00,0.00,6.38,0.00,0.00,0.00,61.70
08:31:36,6,17.78,0.00,13.33,0.00,0.00,3.33,0.00,0.00,0.00,65.56
08:31:36,7,15.22,0.00,13.04,0.00,0.00,4.35,0.00,0.00,0.00,67.39
08:31:36,12,16.30,0.00,16.30,0.00,0.00,5.43,0.00,0.00,0.00,61.96
08:31:36,13,18.48,0.00,13.04,0.00,0.00,5.43,0.00,0.00,0.00,63.04
08:31:36,14,15.38,0.00,15.38,0.00,0.00,5.49,0.00,0.00,0.00,63.74
08:31:36,15,15.22,0.00,14.13,0.00,0.00,5.43,0.00,0.00,0.00,65.22
08:31:37,4,19.57,0.00,15.22,0.00,0.00,4.35,0.00,0.00,0.00,60.87
08:31:37,5,17.78,0.00,15.56,0.00,0.00,4.44,0.00,0.00,0.00,62.22
08:31:37,6,15.22,0.00,14.13,0.00,0.00,7.61,0.00,0.00,0.00,63.04
08:31:37,7,14.13,0.00,14.13,0.00,0.00,6.52,0.00,0.00,0.00,65.22
08:31:37,12,19.57,0.00,14.13,0.00,0.00,4.35,0.00,0.00,0.00,61.96
08:31:37,13,19.57,0.00,13.04,0.00,0.00,5.43,0.00,0.00,0.00,61.96
08:31:37,14,15.38,0.00,17.58,0.00,0.00,6.59,0.00,0.00,0.00,60.44
08:31:37,15,15.22,0.00,16.30,0.00,0.00,4.35,0.00,0.00,0.00,64.13
08:31:38,4,14.94,0.00,13.79,0.00,0.00,4.60,0.00,0.00,0.00,66.67
08:31:38,5,17.39,0.00,15.22,0.00,0.00,5.43,0.00,0.00,0.00,61.96
08:31:38,6,17.39,0.00,14.13,0.00,0.00,5.43,0.00,0.00,0.00,63.04
08:31:38,7,13.33,0.00,13.33,0.00,0.00,4.44,0.00,0.00,0.00,68.89
08:31:38,12,17.39,0.00,13.04,0.00,0.00,6.52,0.00,0.00,0.00,63.04
08:31:38,13,19.15,0.00,13.83,0.00,0.00,6.38,0.00,0.00,0.00,60.64
08:31:38,14,15.38,0.00,13.19,0.00,0.00,6.59,0.00,0.00,0.00,64.84
08:31:38,15,13.98,0.00,13.98,0.00,0.00,5.38,0.00,0.00,0.00,66.67
08:31:39,4,15.38,0.00,13.19,0.00,0.00,5.49,0.00,0.00,0.00,65.93
08:31:39,5,15.56,0.00,14.44,3.33,0.00,5.56,0.00,0.00,0.00,61.11
08:31:39,6,15.22,0.00,14.13,0.00,0.00,5.43,0.00,0.00,0.00,65.22
08:31:39,7,12.90,0.00,13.98,0.00,0.00,5.38,0.00,0.00,0.00,67.74
08:31:39,12,16.13,0.00,15.05,0.00,0.00,5.38,0.00,0.00,0.00,63.44
08:31:39,13,15.73,0.00,12.36,4.49,0.00,5.62,0.00,0.00,0.00,61.80
08:31:39,14,15.38,0.00,15.38,0.00,0.00,4.40,0.00,0.00,0.00,64.84
08:31:39,15,16.13,0.00,10.75,0.00,0.00,6.45,0.00,0.00,0.00,66.67
08:31:40,4,19.57,0.00,11.96,0.00,0.00,5.43,0.00,0.00,0.00,63.04
08:31:40,5,15.05,0.00,16.13,0.00,0.00,5.38,0.00,0.00,0.00,63.44
08:31:40,6,16.13,0.00,13.98,0.00,0.00,6.45,0.00,0.00,0.00,63.44
08:31:40,7,15.22,0.00,14.13,0.00,0.00,5.43,0.00,0.00,0.00,65.22
08:31:40,12,15.22,0.00,13.04,0.00,0.00,7.61,0.00,0.00,0.00,64.13
08:31:40,13,15.96,0.00,15.96,0.00,0.00,7.45,0.00,0.00,0.00,60.64
08:31:40,14,17.39,0.00,13.04,0.00,0.00,5.43,0.00,0.00,0.00,64.13
08:31:40,15,15.05,0.00,15.05,0.00,0.00,5.38,0.00,0.00,0.00,64.52
08:31:41,4,15.22,0.00,14.13,0.00,0.00,5.43,0.00,0.00,0.00,65.22
08:31:41,5,16.30,0.00,18.48,0.00,0.00,5.43,0.00,0.00,0.00,59.78
08:31:41,6,18.09,0.00,12.77,0.00,0.00,6.38,0.00,0.00,0.00,62.77
08:31:41,7,13.98,0.00,13.98,0.00,0.00,5.38,0.00,0.00,0.00,66.67
08:31:41,12,17.20,0.00,16.13,0.00,0.00,6.45,0.00,0.00,0.00,60.22
08:31:41,13,17.05,0.00,12.50,0.00,0.00,4.55,0.00,0.00,0.00,65.91
08:31:41,14,16.30,0.00,16.30,0.00,0.00,5.43,0.00,0.00,0.00,61.96
08:31:41,15,15.05,0.00,13.98,0.00,0.00,6.45,0.00,0.00,0.00,64.52
08:31:42,4,16.48,0.00,13.19,0.00,0.00,5.49,0.00,0.00,0.00,64.84
08:31:42,5,17.39,0.00,14.13,0.00,0.00,5.43,0.00,0.00,0.00,63.04
08:31:42,6,17.89,0.00,14.74,0.00,0.00,5.26,0.00,0.00,0.00,62.11
08:31:42,7,16.13,0.00,12.90,0.00,0.00,5.38,0.00,0.00,0.00,65.59
08:31:42,12,18.28,0.00,12.90,0.00,0.00,5.38,0.00,0.00,0.00,63.44
08:31:42,13,17.39,0.00,13.04,0.00,0.00,5.43,0.00,0.00,0.00,64.13
08:31:42,14,17.71,0.00,14.58,0.00,0.00,6.25,0.00,0.00,0.00,61.46
08:31:42,15,15.38,0.00,13.19,0.00,0.00,5.49,0.00,0.00,0.00,65.93
08:31:43,4,17.78,0.00,15.56,0.00,0.00,5.56,0.00,0.00,0.00,61.11
08:31:43,5,18.68,0.00,15.38,0.00,0.00,5.49,0.00,0.00,0.00,60.44
08:31:43,6,17.78,0.00,14.44,0.00,0.00,5.56,0.00,0.00,0.00,62.22
08:31:43,7,17.20,0.00,15.05,0.00,0.00,5.38,0.00,0.00,0.00,62.37
08:31:43,12,18.28,0.00,16.13,0.00,0.00,4.30,0.00,0.00,0.00,61.29
08:31:43,13,17.39,0.00,14.13,1.09,0.00,6.52,0.00,0.00,0.00,60.87
08:31:43,14,18.48,0.00,15.22,0.00,0.00,4.35,0.00,0.00,0.00,61.96
08:31:43,15,16.48,0.00,14.29,0.00,0.00,4.40,0.00,0.00,0.00,64.84
08:31:44,4,17.39,0.00,14.13,1.09,0.00,5.43,0.00,0.00,0.00,61.96
08:31:44,5,15.38,0.00,17.58,0.00,0.00,4.40,0.00,0.00,0.00,62.64
08:31:44,6,18.28,0.00,13.98,0.00,0.00,5.38,0.00,0.00,0.00,62.37
08:31:44,7,16.30,0.00,14.13,0.00,0.00,4.35,0.00,0.00,0.00,65.22
08:31:44,12,17.20,0.00,16.13,0.00,0.00,6.45,0.00,0.00,0.00,60.22
08:31:44,13,16.13,0.00,16.13,0.00,0.00,5.38,0.00,0.00,0.00,62.37
08:31:44,14,14.44,0.00,15.56,0.00,0.00,5.56,0.00,0.00,0.00,64.44
08:31:44,15,15.05,0.00,13.98,0.00,0.00,6.45,0.00,0.00,0.00,64.52
08:31:45,4,18.75,0.00,13.54,0.00,0.00,6.25,0.00,0.00,0.00,61.46
08:31:45,5,17.58,0.00,13.19,0.00,0.00,5.49,0.00,0.00,0.00,63.74
08:31:45,6,15.22,0.00,15.22,0.00,0.00,6.52,0.00,0.00,0.00,63.04
08:31:45,7,15.05,0.00,12.90,0.00,0.00,6.45,0.00,0.00,0.00,65.59
08:31:45,12,16.30,0.00,16.30,0.00,0.00,5.43,0.00,0.00,0.00,61.96
08:31:45,13,19.35,0.00,12.90,0.00,0.00,5.38,0.00,0.00,0.00,62.37
08:31:45,14,18.28,0.00,12.90,0.00,0.00,5.38,0.00,0.00,0.00,63.44
08:31:45,15,15.56,0.00,13.33,0.00,0.00,5.56,0.00,0.00,0.00,65.56
08:31:46,4,17.20,0.00,12.90,0.00,0.00,5.38,0.00,0.00,0.00,64.52
08:31:46,5,16.13,0.00,13.98,0.00,0.00,5.38,0.00,0.00,0.00,64.52
08:31:46,6,17.20,0.00,15.05,0.00,0.00,5.38,0.00,0.00,0.00,62.37
08:31:46,7,16.48,0.00,14.29,0.00,0.00,4.40,0.00,0.00,0.00,64.84
08:31:46,12,16.84,0.00,13.68,0.00,0.00,7.37,0.00,0.00,0.00,62.11
08:31:46,13,17.20,0.00,12.90,0.00,0.00,6.45,0.00,0.00,0.00,63.44
08:31:46,14,15.56,0.00,14.44,0.00,0.00,4.44,0.00,0.00,0.00,65.56
08:31:46,15,17.02,0.00,14.89,0.00,0.00,4.26,0.00,0.00,0.00,63.83
08:31:47,4,17.58,0.00,12.09,0.00,0.00,5.49,0.00,0.00,0.00,64.84
08:31:47,5,16.30,0.00,16.30,0.00,0.00,5.43,0.00,0.00,0.00,61.96
08:31:47,6,17.58,0.00,13.19,0.00,0.00,5.49,0.00,0.00,0.00,63.74
08:31:47,7,16.30,0.00,15.22,0.00,0.00,4.35,0.00,0.00,0.00,64.13
08:31:47,12,13.33,0.00,16.67,0.00,0.00,4.44,0.00,0.00,0.00,65.56
08:31:47,13,16.48,0.00,13.19,0.00,0.00,5.49,0.00,0.00,0.00,64.84
08:31:47,14,16.30,0.00,11.96,0.00,0.00,6.52,0.00,0.00,0.00,65.22
08:31:47,15,15.79,0.00,14.74,0.00,0.00,5.26,0.00,0.00,0.00,64.21
08:31:48,4,15.56,0.00,13.33,1.11,0.00,6.67,0.00,0.00,0.00,63.33
08:31:48,5,20.88,0.00,19.78,0.00,0.00,4.40,0.00,0.00,0.00,54.95
08:31:48,6,17.20,0.00,15.05,0.00,0.00,6.45,0.00,0.00,0.00,61.29
08:31:48,7,15.22,0.00,11.96,0.00,0.00,6.52,0.00,0.00,0.00,66.30
08:31:48,12,13.79,0.00,16.09,0.00,0.00,6.90,0.00,0.00,0.00,63.22
08:31:48,13,17.20,0.00,15.05,0.00,0.00,6.45,0.00,0.00,0.00,61.29
08:31:48,14,18.48,0.00,14.13,0.00,0.00,5.43,0.00,0.00,0.00,61.96
08:31:48,15,15.56,0.00,13.33,0.00,0.00,5.56,0.00,0.00,0.00,65.56
08:31:49,4,16.30,0.00,16.30,0.00,0.00,4.35,0.00,0.00,0.00,63.04
08:31:49,5,15.96,0.00,14.89,0.00,0.00,6.38,0.00,0.00,0.00,62.77
08:31:49,6,17.20,0.00,15.05,0.00,0.00,4.30,0.00,0.00,0.00,63.44
08:31:49,7,14.89,0.00,15.96,0.00,0.00,5.32,0.00,0.00,0.00,63.83
08:31:49,12,18.09,0.00,13.83,0.00,0.00,4.26,0.00,0.00,0.00,63.83
08:31:49,13,19.78,0.00,16.48,1.10,0.00,4.40,0.00,0.00,0.00,58.24
08:31:49,14,15.56,0.00,14.44,0.00,0.00,5.56,0.00,0.00,0.00,64.44
08:31:49,15,16.48,0.00,13.19,0.00,0.00,6.59,0.00,0.00,0.00,63.74
08:31:50,4,16.67,0.00,11.11,0.00,0.00,6.67,0.00,0.00,0.00,65.56
08:31:50,5,15.22,0.00,14.13,0.00,0.00,6.52,0.00,0.00,0.00,64.13
08:31:50,6,19.57,0.00,14.13,0.00,0.00,4.35,0.00,0.00,0.00,61.96
08:31:50,7,14.13,0.00,13.04,0.00,0.00,5.43,0.00,0.00,0.00,67.39
08:31:50,12,16.48,0.00,14.29,0.00,0.00,6.59,0.00,0.00,0.00,62.64
08:31:50,13,18.48,0.00,14.13,0.00,0.00,4.35,0.00,0.00,0.00,63.04
08:31:50,14,18.09,0.00,17.02,0.00,0.00,4.26,0.00,0.00,0.00,60.64
08:31:50,15,13.19,0.00,14.29,0.00,0.00,4.40,0.00,0.00,0.00,68.13
08:31:51,4,18.48,0.00,13.04,0.00,0.00,4.35,0.00,0.00,0.00,64.13
08:31:51,5,17.58,0.00,14.29,0.00,0.00,4.40,0.00,0.00,0.00,63.74
08:31:51,6,15.96,0.00,13.83,0.00,0.00,7.45,0.00,0.00,0.00,62.77
08:31:51,7,15.05,0.00,13.98,0.00,0.00,6.45,0.00,0.00,0.00,64.52
08:31:51,12,14.29,0.00,15.38,0.00,0.00,6.59,0.00,0.00,0.00,63.74
08:31:51,13,17.98,0.00,14.61,0.00,0.00,5.62,0.00,0.00,0.00,61.80
08:31:51,14,16.30,0.00,14.13,0.00,0.00,6.52,0.00,0.00,0.00,63.04
08:31:51,15,15.38,0.00,14.29,0.00,0.00,6.59,0.00,0.00,0.00,63.74
08:31:52,4,16.30,0.00,14.13,0.00,0.00,6.52,0.00,0.00,0.00,63.04
08:31:52,5,17.20,0.00,12.90,0.00,0.00,6.45,0.00,0.00,0.00,63.44
08:31:52,6,16.13,0.00,13.98,0.00,0.00,5.38,0.00,0.00,0.00,64.52
08:31:52,7,13.48,0.00,13.48,0.00,0.00,5.62,0.00,0.00,0.00,67.42
08:31:52,12,17.58,0.00,13.19,0.00,0.00,5.49,0.00,0.00,0.00,63.74
08:31:52,13,17.89,0.00,15.79,0.00,0.00,5.26,0.00,0.00,0.00,61.05
08:31:52,14,16.48,0.00,14.29,0.00,0.00,4.40,0.00,0.00,0.00,64.84
08:31:52,15,16.13,0.00,12.90,0.00,0.00,6.45,0.00,0.00,0.00,64.52
08:31:53,4,17.58,0.00,15.38,0.00,0.00,5.49,0.00,0.00,0.00,61.54
08:31:53,5,17.78,0.00,14.44,0.00,0.00,4.44,0.00,0.00,0.00,63.33
08:31:53,6,16.30,0.00,17.39,0.00,0.00,5.43,0.00,0.00,0.00,60.87
08:31:53,7,14.74,0.00,16.84,0.00,0.00,5.26,0.00,0.00,0.00,63.16
08:31:53,12,17.78,0.00,14.44,0.00,0.00,5.56,0.00,0.00,0.00,62.22
08:31:53,13,19.78,0.00,18.68,2.20,0.00,4.40,0.00,0.00,0.00,54.95
08:31:53,14,15.38,0.00,15.38,0.00,0.00,5.49,0.00,0.00,0.00,63.74
08:31:53,15,16.30,0.00,14.13,0.00,0.00,5.43,0.00,0.00,0.00,64.13
08:31:54,4,17.58,0.00,15.38,0.00,0.00,5.49,0.00,0.00,0.00,61.54
08:31:54,5,17.20,0.00,12.90,0.00,0.00,7.53,0.00,0.00,0.00,62.37
08:31:54,6,17.58,0.00,12.09,0.00,0.00,7.69,0.00,0.00,0.00,62.64
08:31:54,7,16.48,0.00,14.29,0.00,0.00,4.40,0.00,0.00,0.00,64.84
08:31:54,12,15.73,0.00,15.73,0.00,0.00,4.49,0.00,0.00,0.00,64.04
08:31:54,13,17.98,0.00,13.48,0.00,0.00,4.49,0.00,0.00,0.00,64.04
08:31:54,14,16.30,0.00,16.30,0.00,0.00,5.43,0.00,0.00,0.00,61.96
08:31:54,15,15.38,0.00,15.38,0.00,0.00,4.40,0.00,0.00,0.00,64.84
08:31:55,4,17.02,0.00,14.89,0.00,0.00,5.32,0.00,0.00,0.00,62.77
08:31:55,5,16.13,0.00,15.05,0.00,0.00,6.45,0.00,0.00,0.00,62.37
08:31:55,6,15.79,0.00,13.68,0.00,0.00,6.32,0.00,0.00,0.00,64.21
08:31:55,7,13.98,0.00,15.05,0.00,0.00,4.30,0.00,0.00,0.00,66.67
08:31:55,12,15.38,0.00,15.38,0.00,0.00,5.49,0.00,0.00,0.00,63.74
08:31:55,13,16.30,0.00,14.13,0.00,0.00,5.43,0.00,0.00,0.00,64.13
08:31:55,14,14.44,0.00,14.44,0.00,0.00,5.56,0.00,0.00,0.00,65.56
08:31:55,15,13.33,0.00,15.56,0.00,0.00,4.44,0.00,0.00,0.00,66.67
08:31:56,4,17.02,0.00,13.83,0.00,0.00,6.38,0.00,0.00,0.00,62.77
08:31:56,5,17.02,0.00,14.89,0.00,0.00,5.32,0.00,0.00,0.00,62.77
08:31:56,6,17.02,0.00,13.83,0.00,0.00,6.38,0.00,0.00,0.00,62.77
08:31:56,7,14.44,0.00,13.33,0.00,0.00,4.44,0.00,0.00,0.00,67.78
08:31:56,12,17.89,0.00,17.89,0.00,0.00,5.26,0.00,0.00,0.00,58.95
08:31:56,13,16.30,0.00,14.13,0.00,0.00,5.43,0.00,0.00,0.00,64.13
08:31:56,14,15.05,0.00,16.13,0.00,0.00,6.45,0.00,0.00,0.00,62.37
08:31:56,15,15.56,0.00,12.22,0.00,0.00,5.56,0.00,0.00,0.00,66.67
08:31:57,4,17.20,0.00,16.13,0.00,0.00,5.38,0.00,0.00,0.00,61.29
08:31:57,5,16.67,0.00,16.67,0.00,0.00,5.56,0.00,0.00,0.00,61.11
08:31:57,6,17.20,0.00,12.90,0.00,0.00,6.45,0.00,0.00,0.00,63.44
08:31:57,7,15.79,0.00,13.68,0.00,0.00,6.32,0.00,0.00,0.00,64.21
08:31:57,12,18.48,0.00,14.13,0.00,0.00,5.43,0.00,0.00,0.00,61.96
08:31:57,13,15.56,0.00,15.56,0.00,0.00,5.56,0.00,0.00,0.00,63.33
08:31:57,14,16.30,0.00,15.22,0.00,0.00,4.35,0.00,0.00,0.00,64.13
08:31:57,15,15.96,0.00,14.89,0.00,0.00,5.32,0.00,0.00,0.00,63.83
08:31:58,4,17.39,0.00,15.22,0.00,0.00,6.52,0.00,0.00,0.00,60.87
08:31:58,5,18.68,0.00,16.48,1.10,0.00,4.40,0.00,0.00,0.00,59.34
08:31:58,6,18.28,0.00,16.13,0.00,0.00,5.38,0.00,0.00,0.00,60.22
08:31:58,7,16.30,0.00,13.04,0.00,0.00,5.43,0.00,0.00,0.00,65.22
08:31:58,12,17.89,0.00,17.89,0.00,0.00,6.32,0.00,0.00,0.00,57.89
08:31:58,13,17.58,0.00,15.38,0.00,0.00,5.49,0.00,0.00,0.00,61.54
08:31:58,14,18.28,0.00,17.20,0.00,0.00,5.38,0.00,0.00,0.00,59.14
08:31:58,15,16.48,0.00,14.29,0.00,0.00,4.40,0.00,0.00,0.00,64.84
08:31:59,4,18.48,0.00,14.13,0.00,0.00,4.35,0.00,0.00,0.00,63.04
08:31:59,5,16.85,0.00,13.48,0.00,0.00,5.62,0.00,0.00,0.00,64.04
08:31:59,6,15.73,0.00,13.48,0.00,0.00,5.62,0.00,0.00,0.00,65.17
08:31:59,7,15.22,0.00,13.04,0.00,0.00,5.43,0.00,0.00,0.00,66.30
08:31:59,12,15.96,0.00,14.89,0.00,0.00,6.38,0.00,0.00,0.00,62.77
08:31:59,13,15.79,0.00,16.84,0.00,0.00,6.32,0.00,0.00,0.00,61.05
08:31:59,14,18.48,0.00,13.04,0.00,0.00,5.43,0.00,0.00,0.00,63.04
08:31:59,15,16.84,0.00,12.63,0.00,0.00,6.32,0.00,0.00,0.00,64.21
08:32:00,4,17.39,0.00,14.13,0.00,0.00,6.52,0.00,0.00,0.00,61.96
08:32:00,5,17.20,0.00,12.90,0.00,0.00,6.45,0.00,0.00,0.00,63.44
08:32:00,6,16.13,0.00,15.05,0.00,0.00,5.38,0.00,0.00,0.00,63.44
08:32:00,7,15.22,0.00,13.04,0.00,0.00,5.43,0.00,0.00,0.00,66.30
08:32:00,12,17.39,0.00,14.13,0.00,0.00,6.52,0.00,0.00,0.00,61.96
08:32:00,13,17.58,0.00,13.19,0.00,0.00,5.49,0.00,0.00,0.00,63.74
08:32:00,14,17.20,0.00,12.90,0.00,0.00,5.38,0.00,0.00,0.00,64.52
08:32:00,15,14.29,0.00,12.09,0.00,0.00,5.49,0.00,0.00,0.00,68.13
08:32:01,4,15.96,0.00,13.83,0.00,0.00,5.32,0.00,0.00,0.00,64.89
08:32:01,5,16.13,0.00,15.05,0.00,0.00,6.45,0.00,0.00,0.00,62.37
08:32:01,6,17.58,0.00,12.09,0.00,0.00,5.49,0.00,0.00,0.00,64.84
08:32:01,7,14.89,0.00,15.96,0.00,0.00,4.26,0.00,0.00,0.00,64.89
08:32:01,12,15.05,0.00,17.20,0.00,0.00,6.45,0.00,0.00,0.00,61.29
08:32:01,13,18.28,0.00,12.90,0.00,0.00,5.38,0.00,0.00,0.00,63.44
08:32:01,14,15.79,0.00,14.74,0.00,0.00,6.32,0.00,0.00,0.00,63.16
08:32:01,15,15.96,0.00,13.83,0.00,0.00,4.26,0.00,0.00,0.00,65.96
08:32:02,4,17.58,0.00,15.38,0.00,0.00,5.49,0.00,0.00,0.00,61.54
08:32:02,5,17.39,0.00,13.04,1.09,0.00,6.52,0.00,0.00,0.00,61.96
08:32:02,6,18.48,0.00,13.04,0.00,0.00,5.43,0.00,0.00,0.00,63.04
08:32:02,7,14.89,0.00,12.77,0.00,0.00,6.38,0.00,0.00,0.00,65.96
08:32:02,12,15.38,0.00,13.19,1.10,0.00,4.40,0.00,0.00,0.00,65.93
08:32:02,13,17.58,0.00,14.29,0.00,0.00,6.59,0.00,0.00,0.00,61.54
08:32:02,14,16.30,0.00,15.22,0.00,0.00,5.43,0.00,0.00,0.00,63.04
08:32:02,15,15.96,0.00,12.77,1.06,0.00,6.38,0.00,0.00,0.00,63.83
08:32:03,4,17.39,0.00,17.39,0.00,0.00,5.43,0.00,0.00,0.00,59.78
08:32:03,5,19.15,0.00,15.96,0.00,0.00,4.26,0.00,0.00,0.00,60.64
08:32:03,6,17.39,0.00,14.13,0.00,0.00,4.35,0.00,0.00,0.00,64.13
08:32:03,7,15.96,0.00,13.83,0.00,0.00,6.38,0.00,0.00,0.00,63.83
08:32:03,12,17.89,0.00,14.74,0.00,0.00,5.26,0.00,0.00,0.00,62.11
08:32:03,13,17.58,0.00,16.48,0.00,0.00,4.40,0.00,0.00,0.00,61.54
08:32:03,14,16.85,0.00,14.61,1.12,0.00,5.62,0.00,0.00,0.00,61.80
08:32:03,15,14.29,0.00,14.29,0.00,0.00,5.49,0.00,0.00,0.00,65.93
08:32:04,4,16.30,0.00,14.13,0.00,0.00,5.43,0.00,0.00,0.00,64.13
08:32:04,5,16.13,0.00,15.05,0.00,0.00,5.38,0.00,0.00,0.00,63.44
08:32:04,6,17.58,0.00,15.38,0.00,0.00,5.49,0.00,0.00,0.00,61.54
08:32:04,7,17.20,0.00,11.83,0.00,0.00,7.53,0.00,0.00,0.00,63.44
08:32:04,12,17.89,0.00,15.79,0.00,0.00,5.26,0.00,0.00,0.00,61.05
08:32:04,13,16.48,0.00,17.58,0.00,0.00,4.40,0.00,0.00,0.00,61.54
08:32:04,14,18.48,0.00,14.13,0.00,0.00,5.43,0.00,0.00,0.00,61.96
08:32:04,15,16.30,0.00,14.13,0.00,0.00,5.43,0.00,0.00,0.00,64.13
08:32:05,4,14.29,0.00,14.29,0.00,0.00,6.59,0.00,0.00,0.00,64.84
08:32:05,5,16.48,0.00,14.29,0.00,0.00,5.49,0.00,0.00,0.00,63.74
08:32:05,6,16.30,0.00,16.30,0.00,0.00,4.35,0.00,0.00,0.00,63.04
08:32:05,7,14.29,0.00,15.38,0.00,0.00,4.40,0.00,0.00,0.00,65.93
08:32:05,12,16.30,0.00,14.13,0.00,0.00,5.43,0.00,0.00,0.00,64.13
08:32:05,13,17.39,0.00,14.13,0.00,0.00,5.43,0.00,0.00,0.00,63.04
08:32:05,14,16.13,0.00,13.98,0.00,0.00,6.45,0.00,0.00,0.00,63.44
08:32:05,15,15.22,0.00,13.04,0.00,0.00,6.52,0.00,0.00,0.00,65.22
08:32:06,4,17.89,0.00,14.74,0.00,0.00,7.37,0.00,0.00,0.00,60.00
08:32:06,5,15.96,0.00,13.83,0.00,0.00,7.45,0.00,0.00,0.00,62.77
08:32:06,6,17.39,0.00,14.13,0.00,0.00,5.43,0.00,0.00,0.00,63.04
08:32:06,7,13.98,0.00,15.05,0.00,0.00,4.30,0.00,0.00,0.00,66.67
08:32:06,12,13.98,0.00,15.05,0.00,0.00,6.45,0.00,0.00,0.00,64.52
08:32:06,13,15.73,0.00,12.36,0.00,0.00,5.62,0.00,0.00,0.00,66.29
08:32:06,14,15.56,0.00,13.33,0.00,0.00,6.67,0.00,0.00,0.00,64.44
08:32:06,15,15.05,0.00,13.98,0.00,0.00,5.38,0.00,0.00,0.00,65.59
08:32:07,4,16.30,0.00,15.22,0.00,0.00,4.35,0.00,0.00,0.00,64.13
08:32:07,5,17.20,0.00,12.90,0.00,0.00,5.38,0.00,0.00,0.00,64.52
08:32:07,6,16.48,0.00,13.19,0.00,0.00,4.40,0.00,0.00,0.00,65.93
08:32:07,7,15.22,0.00,14.13,0.00,0.00,4.35,0.00,0.00,0.00,66.30
08:32:07,12,17.20,0.00,13.98,0.00,0.00,4.30,0.00,0.00,0.00,64.52
08:32:07,13,18.28,0.00,16.13,0.00,0.00,5.38,0.00,0.00,0.00,60.22
08:32:07,14,15.38,0.00,13.19,0.00,0.00,5.49,0.00,0.00,0.00,65.93
08:32:07,15,17.71,0.00,13.54,0.00,0.00,7.29,0.00,0.00,0.00,61.46
08:32:08,4,20.43,0.00,17.20,1.08,0.00,6.45,0.00,0.00,0.00,54.84
08:32:08,5,16.48,0.00,17.58,0.00,0.00,5.49,0.00,0.00,0.00,60.44
08:32:08,6,17.78,0.00,13.33,0.00,0.00,5.56,0.00,0.00,0.00,63.33
08:32:08,7,16.13,0.00,16.13,0.00,0.00,5.38,0.00,0.00,0.00,62.37
08:32:08,12,16.67,0.00,15.56,0.00,0.00,4.44,0.00,0.00,0.00,63.33
08:32:08,13,17.20,0.00,15.05,0.00,0.00,6.45,0.00,0.00,0.00,61.29
08:32:08,14,17.89,0.00,15.79,0.00,0.00,6.32,0.00,0.00,0.00,60.00
08:32:08,15,15.79,0.00,16.84,0.00,0.00,5.26,0.00,0.00,0.00,62.11
08:32:09,4,18.28,0.00,13.98,0.00,0.00,6.45,0.00,0.00,0.00,61.29
08:32:09,5,17.39,0.00,14.13,0.00,0.00,5.43,0.00,0.00,0.00,63.04
08:32:09,6,18.95,0.00,12.63,0.00,0.00,6.32,0.00,0.00,0.00,62.11
08:32:09,7,15.22,0.00,11.96,0.00,0.00,6.52,0.00,0.00,0.00,66.30
08:32:09,12,15.22,0.00,14.13,0.00,0.00,5.43,0.00,0.00,0.00,65.22
08:32:09,13,17.39,0.00,17.39,0.00,0.00,5.43,0.00,0.00,0.00,59.78
08:32:09,14,15.38,0.00,13.19,0.00,0.00,6.59,0.00,0.00,0.00,64.84
08:32:09,15,15.22,0.00,14.13,0.00,0.00,6.52,0.00,0.00,0.00,64.13
08:32:10,4,17.39,0.00,14.13,0.00,0.00,4.35,0.00,0.00,0.00,64.13
08:32:10,5,16.13,0.00,13.98,0.00,0.00,7.53,0.00,0.00,0.00,62.37
08:32:10,6,16.30,0.00,14.13,0.00,0.00,5.43,0.00,0.00,0.00,64.13
08:32:10,7,15.22,0.00,14.13,0.00,0.00,5.43,0.00,0.00,0.00,65.22
08:32:10,12,15.38,0.00,15.38,0.00,0.00,5.49,0.00,0.00,0.00,63.74
08:32:10,13,15.91,0.00,13.64,0.00,0.00,5.68,0.00,0.00,0.00,64.77
08:32:10,14,17.39,0.00,16.30,0.00,0.00,4.35,0.00,0.00,0.00,61.96
08:32:10,15,16.30,0.00,13.04,0.00,0.00,5.43,0.00,0.00,0.00,65.22
08:32:11,4,17.89,0.00,13.68,0.00,0.00,5.26,0.00,0.00,0.00,63.16
08:32:11,5,17.20,0.00,13.98,0.00,0.00,5.38,0.00,0.00,0.00,63.44
08:32:11,6,15.38,0.00,14.29,0.00,0.00,5.49,0.00,0.00,0.00,64.84
08:32:11,7,15.05,0.00,13.98,0.00,0.00,4.30,0.00,0.00,0.00,66.67
08:32:11,12,15.91,0.00,12.50,0.00,0.00,4.55,0.00,0.00,0.00,67.05
08:32:11,13,16.30,0.00,14.13,0.00,0.00,6.52,0.00,0.00,0.00,63.04
08:32:11,14,18.28,0.00,13.98,0.00,0.00,5.38,0.00,0.00,0.00,62.37
08:32:11,15,15.05,0.00,15.05,0.00,0.00,5.38,0.00,0.00,0.00,64.52
08:32:12,4,14.61,0.00,14.61,0.00,0.00,6.74,0.00,0.00,0.00,64.04
08:32:12,5,15.73,0.00,15.73,0.00,0.00,5.62,0.00,0.00,0.00,62.92
08:32:12,6,14.44,0.00,15.56,0.00,0.00,5.56,0.00,0.00,0.00,64.44
08:32:12,7,14.29,0.00,13.19,0.00,0.00,5.49,0.00,0.00,0.00,67.03
08:32:12,12,18.28,0.00,15.05,0.00,0.00,5.38,0.00,0.00,0.00,61.29
08:32:12,13,15.73,0.00,15.73,0.00,0.00,5.62,0.00,0.00,0.00,62.92
08:32:12,14,14.44,0.00,13.33,1.11,0.00,6.67,0.00,0.00,0.00,64.44
08:32:12,15,14.29,0.00,12.09,1.10,0.00,4.40,0.00,0.00,0.00,68.13
08:32:13,4,16.30,0.00,16.30,0.00,0.00,6.52,0.00,0.00,0.00,60.87
08:32:13,5,22.83,0.00,14.13,0.00,0.00,4.35,0.00,0.00,0.00,58.70
08:32:13,6,20.43,0.00,12.90,2.15,0.00,5.38,0.00,0.00,0.00,59.14
08:32:13,7,16.30,0.00,13.04,0.00,0.00,5.43,0.00,0.00,0.00,65.22
08:32:13,12,15.22,0.00,15.22,0.00,0.00,6.52,0.00,0.00,0.00,63.04
08:32:13,13,18.95,0.00,14.74,0.00,0.00,6.32,0.00,0.00,0.00,60.00
08:32:13,14,16.48,0.00,15.38,0.00,0.00,5.49,0.00,0.00,0.00,62.64
08:32:13,15,13.98,0.00,15.05,0.00,0.00,6.45,0.00,0.00,0.00,64.52
08:32:14,4,17.02,0.00,14.89,0.00,0.00,6.38,0.00,0.00,0.00,61.70
08:32:14,5,16.67,0.00,13.33,0.00,0.00,6.67,0.00,0.00,0.00,63.33
08:32:14,6,17.02,0.00,14.89,0.00,0.00,6.38,0.00,0.00,0.00,61.70
08:32:14,7,16.13,0.00,11.83,0.00,0.00,6.45,0.00,0.00,0.00,65.59
08:32:14,12,17.39,0.00,13.04,0.00,0.00,5.43,0.00,0.00,0.00,64.13
08:32:14,13,17.20,0.00,17.20,0.00,0.00,5.38,0.00,0.00,0.00,60.22
08:32:14,14,17.58,0.00,13.19,0.00,0.00,6.59,0.00,0.00,0.00,62.64
08:32:14,15,15.96,0.00,13.83,0.00,0.00,6.38,0.00,0.00,0.00,63.83
08:32:15,4,16.85,0.00,13.48,0.00,0.00,4.49,0.00,0.00,0.00,65.17
08:32:15,5,18.48,0.00,13.04,0.00,0.00,6.52,0.00,0.00,0.00,61.96
08:32:15,6,16.84,0.00,15.79,0.00,0.00,5.26,0.00,0.00,0.00,62.11
08:32:15,7,15.46,0.00,14.43,0.00,0.00,7.22,0.00,0.00,0.00,62.89
08:32:15,12,16.30,0.00,14.13,0.00,0.00,5.43,0.00,0.00,0.00,64.13
08:32:15,13,17.39,0.00,14.13,0.00,0.00,5.43,0.00,0.00,0.00,63.04
08:32:15,14,17.39,0.00,16.30,0.00,0.00,4.35,0.00,0.00,0.00,61.96
08:32:15,15,15.56,0.00,11.11,0.00,0.00,5.56,0.00,0.00,0.00,67.78
08:32:16,4,17.20,0.00,16.13,0.00,0.00,5.38,0.00,0.00,0.00,61.29
08:32:16,5,19.78,0.00,13.19,0.00,0.00,4.40,0.00,0.00,0.00,62.64
08:32:16,6,15.38,0.00,14.29,0.00,0.00,5.49,0.00,0.00,0.00,64.84
08:32:16,7,13.83,0.00,14.89,0.00,0.00,6.38,0.00,0.00,0.00,64.89
08:32:16,12,15.22,0.00,15.22,0.00,0.00,4.35,0.00,0.00,0.00,65.22
08:32:16,13,15.56,0.00,15.56,0.00,0.00,4.44,0.00,0.00,0.00,64.44
08:32:16,14,16.48,0.00,14.29,0.00,0.00,5.49,0.00,0.00,0.00,63.74
08:32:16,15,15.05,0.00,15.05,0.00,0.00,4.30,0.00,0.00,0.00,65.59
08:32:17,4,18.89,0.00,11.11,0.00,0.00,5.56,0.00,0.00,0.00,64.44
08:32:17,5,16.67,0.00,15.56,0.00,0.00,4.44,0.00,0.00,0.00,63.33
08:32:17,6,15.56,0.00,14.44,0.00,0.00,5.56,0.00,0.00,0.00,64.44
08:32:17,7,16.30,0.00,14.13,0.00,0.00,4.35,0.00,0.00,0.00,65.22
08:32:17,12,15.96,0.00,17.02,1.06,0.00,4.26,0.00,0.00,0.00,61.70
08:32:17,13,15.38,0.00,17.58,0.00,0.00,5.49,0.00,0.00,0.00,61.54
08:32:17,14,17.39,0.00,15.22,0.00,0.00,5.43,0.00,0.00,0.00,61.96
08:32:17,15,16.30,0.00,14.13,0.00,0.00,5.43,0.00,0.00,0.00,64.13
08:32:18,4,19.10,0.00,15.73,0.00,0.00,4.49,0.00,0.00,0.00,60.67
08:32:18,5,17.98,0.00,15.73,0.00,0.00,5.62,0.00,0.00,0.00,60.67
08:32:18,6,18.28,0.00,15.05,0.00,0.00,5.38,0.00,0.00,0.00,61.29
08:32:18,7,15.96,0.00,13.83,0.00,0.00,5.32,0.00,0.00,0.00,64.89
08:32:18,12,16.48,0.00,15.38,0.00,0.00,6.59,0.00,0.00,0.00,61.54
08:32:18,13,21.74,0.00,15.22,0.00,0.00,4.35,0.00,0.00,0.00,58.70
08:32:18,14,15.38,0.00,15.38,0.00,0.00,5.49,0.00,0.00,0.00,63.74
08:32:18,15,16.13,0.00,13.98,0.00,0.00,4.30,0.00,0.00,0.00,65.59
08:32:19,4,16.30,0.00,14.13,0.00,0.00,6.52,0.00,0.00,0.00,63.04
08:32:19,5,18.48,0.00,11.96,0.00,0.00,6.52,0.00,0.00,0.00,63.04
08:32:19,6,15.05,0.00,15.05,0.00,0.00,6.45,0.00,0.00,0.00,63.44
08:32:19,7,13.98,0.00,13.98,0.00,0.00,6.45,0.00,0.00,0.00,65.59
08:32:19,12,15.38,0.00,14.29,0.00,0.00,4.40,0.00,0.00,0.00,65.93
08:32:19,13,15.22,0.00,15.22,0.00,0.00,7.61,0.00,0.00,0.00,61.96
08:32:19,14,17.78,0.00,15.56,0.00,0.00,4.44,0.00,0.00,0.00,62.22
08:32:19,15,17.20,0.00,12.90,0.00,0.00,5.38,0.00,0.00,0.00,64.52
08:32:20,4,19.35,0.00,13.98,0.00,0.00,5.38,0.00,0.00,0.00,61.29
08:32:20,5,15.73,0.00,14.61,0.00,0.00,4.49,0.00,0.00,0.00,65.17
08:32:20,6,15.56,0.00,14.44,0.00,0.00,5.56,0.00,0.00,0.00,64.44
08:32:20,7,13.04,0.00,14.13,0.00,0.00,5.43,0.00,0.00,0.00,67.39
08:32:20,12,18.28,0.00,13.98,0.00,0.00,6.45,0.00,0.00,0.00,61.29
08:32:20,13,16.48,0.00,15.38,0.00,0.00,4.40,0.00,0.00,0.00,63.74
08:32:20,14,17.58,0.00,13.19,0.00,0.00,5.49,0.00,0.00,0.00,63.74
08:32:20,15,16.13,0.00,12.90,0.00,0.00,5.38,0.00,0.00,0.00,65.59
08:32:21,4,15.96,0.00,17.02,0.00,0.00,5.32,0.00,0.00,0.00,61.70
08:32:21,5,16.67,0.00,14.44,0.00,0.00,5.56,0.00,0.00,0.00,63.33
08:32:21,6,17.89,0.00,14.74,0.00,0.00,5.26,0.00,0.00,0.00,62.11
08:32:21,7,17.20,0.00,13.98,0.00,0.00,4.30,0.00,0.00,0.00,64.52
08:32:21,12,17.02,0.00,13.83,0.00,0.00,6.38,0.00,0.00,0.00,62.77
08:32:21,13,17.39,0.00,13.04,0.00,0.00,5.43,0.00,0.00,0.00,64.13
08:32:21,14,17.02,0.00,13.83,0.00,0.00,6.38,0.00,0.00,0.00,62.77
08:32:21,15,15.56,0.00,13.33,0.00,0.00,3.33,0.00,0.00,0.00,67.78
08:32:22,4,16.48,0.00,13.19,1.10,0.00,5.49,0.00,0.00,0.00,63.74
08:32:22,5,16.84,0.00,16.84,1.05,0.00,5.26,0.00,0.00,0.00,60.00
08:32:22,6,16.85,0.00,13.48,0.00,0.00,5.62,0.00,0.00,0.00,64.04
08:32:22,7,17.02,0.00,12.77,0.00,0.00,5.32,0.00,0.00,0.00,64.89
08:32:22,12,15.38,0.00,14.29,0.00,0.00,5.49,0.00,0.00,0.00,64.84
08:32:22,13,16.48,0.00,16.48,0.00,0.00,5.49,0.00,0.00,0.00,61.54
08:32:22,14,17.20,0.00,15.05,0.00,0.00,5.38,0.00,0.00,0.00,62.37
08:32:22,15,15.38,0.00,14.29,0.00,0.00,5.49,0.00,0.00,0.00,64.84
08:32:23,4,17.78,0.00,14.44,0.00,0.00,4.44,0.00,0.00,0.00,63.33
08:32:23,5,16.30,0.00,14.13,0.00,0.00,7.61,0.00,0.00,0.00,61.96
08:32:23,6,15.12,0.00,12.79,0.00,0.00,4.65,0.00,0.00,0.00,67.44
08:32:23,7,17.02,0.00,14.89,0.00,0.00,5.32,0.00,0.00,0.00,62.77
08:32:23,12,14.89,0.00,20.21,0.00,0.00,5.32,0.00,0.00,0.00,59.57
08:32:23,13,16.30,0.00,14.13,0.00,0.00,6.52,0.00,0.00,0.00,63.04
08:32:23,14,14.29,0.00,15.38,0.00,0.00,5.49,0.00,0.00,0.00,64.84
08:32:23,15,16.30,0.00,14.13,0.00,0.00,4.35,0.00,0.00,0.00,65.22
08:32:24,4,14.29,0.00,15.38,0.00,0.00,5.49,0.00,0.00,0.00,64.84
08:32:24,5,17.58,0.00,13.19,0.00,0.00,4.40,0.00,0.00,0.00,64.84
08:32:24,6,17.39,0.00,16.30,0.00,0.00,4.35,0.00,0.00,0.00,61.96
08:32:24,7,16.84,0.00,13.68,0.00,0.00,4.21,0.00,0.00,0.00,65.26
08:32:24,12,17.20,0.00,15.05,0.00,0.00,5.38,0.00,0.00,0.00,62.37
08:32:24,13,20.21,0.00,14.89,0.00,0.00,6.38,0.00,0.00,0.00,58.51
08:32:24,14,17.39,0.00,15.22,2.17,0.00,5.43,0.00,0.00,0.00,59.78
08:32:24,15,16.30,0.00,14.13,0.00,0.00,5.43,0.00,0.00,0.00,64.13
08:32:25,4,18.28,0.00,13.98,0.00,0.00,5.38,0.00,0.00,0.00,62.37
08:32:25,5,18.28,0.00,13.98,0.00,0.00,5.38,0.00,0.00,0.00,62.37
08:32:25,6,16.30,0.00,14.13,0.00,0.00,5.43,0.00,0.00,0.00,64.13
08:32:25,7,15.79,0.00,13.68,0.00,0.00,7.37,0.00,0.00,0.00,63.16
08:32:25,12,16.84,0.00,15.79,0.00,0.00,5.26,0.00,0.00,0.00,62.11
08:32:25,13,17.39,0.00,18.48,1.09,0.00,4.35,0.00,0.00,0.00,58.70
08:32:25,14,17.20,0.00,15.05,0.00,0.00,5.38,0.00,0.00,0.00,62.37
08:32:25,15,14.13,0.00,16.30,0.00,0.00,5.43,0.00,0.00,0.00,64.13
08:32:26,4,17.20,0.00,13.98,0.00,0.00,5.38,0.00,0.00,0.00,63.44
08:32:26,5,15.91,0.00,13.64,0.00,0.00,5.68,0.00,0.00,0.00,64.77
08:32:26,6,16.13,0.00,16.13,0.00,0.00,6.45,0.00,0.00,0.00,61.29
08:32:26,7,13.04,0.00,15.22,0.00,0.00,4.35,0.00,0.00,0.00,67.39
08:32:26,12,15.96,0.00,14.89,0.00,0.00,7.45,0.00,0.00,0.00,61.70
08:32:26,13,16.30,0.00,15.22,0.00,0.00,5.43,0.00,0.00,0.00,63.04
08:32:26,14,17.39,0.00,16.30,0.00,0.00,5.43,0.00,0.00,0.00,60.87
08:32:26,15,13.83,0.00,14.89,0.00,0.00,6.38,0.00,0.00,0.00,64.89
08:32:27,4,14.74,0.00,14.74,0.00,0.00,7.37,0.00,0.00,0.00,63.16
08:32:27,5,17.39,0.00,14.13,0.00,0.00,5.43,0.00,0.00,0.00,63.04
08:32:27,6,17.58,0.00,12.09,0.00,0.00,5.49,0.00,0.00,0.00,64.84
08:32:27,7,17.20,0.00,13.98,0.00,0.00,4.30,0.00,0.00,0.00,64.52
08:32:27,12,16.30,0.00,14.13,0.00,0.00,5.43,0.00,0.00,0.00,64.13
08:32:27,13,18.95,0.00,12.63,0.00,0.00,6.32,0.00,0.00,0.00,62.11
08:32:27,14,16.67,0.00,14.44,0.00,0.00,4.44,0.00,0.00,0.00,64.44
08:32:27,15,14.44,0.00,13.33,0.00,0.00,5.56,0.00,0.00,0.00,66.67
08:32:28,4,18.89,0.00,14.44,0.00,0.00,5.56,0.00,0.00,0.00,61.11
08:32:28,5,17.05,0.00,15.91,0.00,0.00,4.55,0.00,0.00,0.00,62.50
08:32:28,6,15.56,0.00,14.44,1.11,0.00,5.56,0.00,0.00,0.00,63.33
08:32:28,7,15.05,0.00,15.05,0.00,0.00,5.38,0.00,0.00,0.00,64.52
08:32:28,12,17.39,0.00,18.48,0.00,0.00,5.43,0.00,0.00,0.00,58.70
08:32:28,13,16.67,0.00,14.44,0.00,0.00,4.44,0.00,0.00,0.00,64.44
08:32:28,14,17.58,0.00,13.19,0.00,0.00,5.49,0.00,0.00,0.00,63.74
08:32:28,15,14.74,0.00,14.74,0.00,0.00,7.37,0.00,0.00,0.00,63.16
08:32:29,4,19.35,0.00,13.98,0.00,0.00,4.30,0.00,0.00,0.00,62.37
08:32:29,5,19.15,0.00,15.96,0.00,0.00,6.38,0.00,0.00,0.00,58.51
08:32:29,6,17.39,0.00,15.22,0.00,0.00,6.52,0.00,0.00,0.00,60.87
08:32:29,7,15.38,0.00,14.29,0.00,0.00,6.59,0.00,0.00,0.00,63.74
08:32:29,12,17.58,0.00,18.68,0.00,0.00,4.40,0.00,0.00,0.00,59.34
08:32:29,13,16.67,0.00,14.44,0.00,0.00,6.67,0.00,0.00,0.00,62.22
08:32:29,14,17.89,0.00,15.79,0.00,0.00,7.37,0.00,0.00,0.00,58.95
08:32:29,15,18.28,0.00,15.05,0.00,0.00,5.38,0.00,0.00,0.00,61.29
08:32:30,4,15.56,0.00,16.67,0.00,0.00,6.67,0.00,0.00,0.00,61.11
08:32:30,5,18.68,0.00,15.38,0.00,0.00,4.40,0.00,0.00,0.00,61.54
08:32:30,6,16.48,0.00,13.19,0.00,0.00,5.49,0.00,0.00,0.00,64.84
08:32:30,7,15.22,0.00,13.04,0.00,0.00,5.43,0.00,0.00,0.00,66.30
08:32:30,12,17.39,0.00,14.13,0.00,0.00,6.52,0.00,0.00,0.00,61.96
08:32:30,13,19.35,0.00,12.90,0.00,0.00,5.38,0.00,0.00,0.00,62.37
08:32:30,14,17.39,0.00,14.13,0.00,0.00,4.35,0.00,0.00,0.00,64.13
08:32:30,15,15.05,0.00,15.05,0.00,0.00,4.30,0.00,0.00,0.00,65.59
08:32:31,4,17.78,0.00,13.33,0.00,0.00,4.44,0.00,0.00,0.00,64.44
08:32:31,5,15.05,0.00,17.20,0.00,0.00,5.38,0.00,0.00,0.00,62.37
08:32:31,6,15.05,0.00,16.13,0.00,0.00,5.38,0.00,0.00,0.00,63.44
08:32:31,7,15.22,0.00,14.13,0.00,0.00,4.35,0.00,0.00,0.00,66.30
08:32:31,12,17.02,0.00,14.89,0.00,0.00,4.26,0.00,0.00,0.00,63.83
08:32:31,13,17.58,0.00,14.29,0.00,0.00,5.49,0.00,0.00,0.00,62.64
08:32:31,14,16.48,0.00,14.29,0.00,0.00,5.49,0.00,0.00,0.00,63.74
08:32:31,15,12.90,0.00,16.13,0.00,0.00,6.45,0.00,0.00,0.00,64.52
08:32:32,4,15.38,0.00,15.38,0.00,0.00,4.40,0.00,0.00,0.00,64.84
08:32:32,5,16.67,0.00,14.44,0.00,0.00,6.67,0.00,0.00,0.00,62.22
08:32:32,6,17.58,0.00,12.09,0.00,0.00,6.59,0.00,0.00,0.00,63.74
08:32:32,7,15.96,0.00,12.77,0.00,0.00,5.32,0.00,0.00,0.00,65.96
08:32:32,12,17.02,0.00,18.09,0.00,0.00,5.32,0.00,0.00,0.00,59.57
08:32:32,13,16.48,0.00,13.19,0.00,0.00,6.59,0.00,0.00,0.00,63.74
08:32:32,14,17.39,0.00,15.22,0.00,0.00,5.43,0.00,0.00,0.00,61.96
08:32:32,15,16.84,0.00,12.63,0.00,0.00,6.32,0.00,0.00,0.00,64.21
08:32:33,4,15.22,0.00,14.13,0.00,0.00,6.52,0.00,0.00,0.00,64.13
08:32:33,5,16.48,0.00,14.29,0.00,0.00,5.49,0.00,0.00,0.00,63.74
08:32:33,6,16.30,0.00,14.13,0.00,0.00,6.52,0.00,0.00,0.00,63.04
08:32:33,7,17.39,0.00,13.04,0.00,0.00,5.43,0.00,0.00,0.00,64.13
08:32:33,12,18.09,0.00,14.89,0.00,0.00,5.32,0.00,0.00,0.00,61.70
08:32:33,13,16.13,0.00,15.05,0.00,0.00,5.38,0.00,0.00,0.00,63.44
08:32:33,14,17.58,0.00,14.29,0.00,0.00,4.40,0.00,0.00,0.00,63.74
08:32:33,15,17.58,0.00,10.99,0.00,0.00,6.59,0.00,0.00,0.00,64.84
08:32:34,4,16.67,0.00,17.78,0.00,0.00,4.44,0.00,0.00,0.00,61.11
08:32:34,5,17.02,0.00,17.02,0.00,0.00,5.32,0.00,0.00,0.00,60.64
08:32:34,6,15.05,0.00,16.13,2.15,0.00,5.38,0.00,0.00,0.00,61.29
08:32:34,7,16.84,0.00,13.68,0.00,0.00,5.26,0.00,0.00,0.00,64.21
08:32:34,12,16.30,0.00,17.39,0.00,0.00,6.52,0.00,0.00,0.00,59.78
08:32:34,13,17.39,0.00,15.22,0.00,0.00,5.43,0.00,0.00,0.00,61.96
08:32:34,14,16.48,0.00,14.29,0.00,0.00,6.59,0.00,0.00,0.00,62.64
08:32:34,15,15.22,0.00,13.04,0.00,0.00,6.52,0.00,0.00,0.00,65.22
08:32:35,4,16.30,0.00,14.13,0.00,0.00,6.52,0.00,0.00,0.00,63.04
08:32:35,5,16.48,0.00,14.29,0.00,0.00,5.49,0.00,0.00,0.00,63.74
08:32:35,6,15.73,0.00,15.73,0.00,0.00,5.62,0.00,0.00,0.00,62.92
08:32:35,7,16.13,0.00,13.98,0.00,0.00,5.38,0.00,0.00,0.00,64.52
08:32:35,12,18.48,0.00,14.13,0.00,0.00,4.35,0.00,0.00,0.00,63.04
08:32:35,13,14.61,0.00,14.61,0.00,0.00,6.74,0.00,0.00,0.00,64.04
08:32:35,14,17.39,0.00,15.22,0.00,0.00,4.35,0.00,0.00,0.00,63.04
08:32:35,15,14.44,0.00,13.33,0.00,0.00,5.56,0.00,0.00,0.00,66.67
08:32:36,4,18.28,0.00,12.90,0.00,0.00,5.38,0.00,0.00,0.00,63.44
08:32:36,5,14.44,0.00,14.44,0.00,0.00,6.67,0.00,0.00,0.00,64.44
08:32:36,6,16.30,0.00,15.22,0.00,0.00,5.43,0.00,0.00,0.00,63.04
08:32:36,7,14.13,0.00,14.13,0.00,0.00,4.35,0.00,0.00,0.00,67.39
08:32:36,12,17.02,0.00,13.83,0.00,0.00,5.32,0.00,0.00,0.00,63.83
08:32:36,13,15.56,0.00,13.33,0.00,0.00,6.67,0.00,0.00,0.00,64.44
08:32:36,14,17.39,0.00,15.22,0.00,0.00,5.43,0.00,0.00,0.00,61.96
08:32:36,15,13.04,0.00,14.13,0.00,0.00,7.61,0.00,0.00,0.00,65.22
08:32:37,4,17.20,0.00,13.98,0.00,0.00,5.38,0.00,0.00,0.00,63.44
08:32:37,5,17.78,0.00,13.33,0.00,0.00,6.67,0.00,0.00,0.00,62.22
08:32:37,6,16.84,0.00,15.79,0.00,0.00,5.26,0.00,0.00,0.00,62.11
08:32:37,7,16.13,0.00,13.98,0.00,0.00,4.30,0.00,0.00,0.00,65.59
08:32:37,12,16.13,0.00,17.20,0.00,0.00,5.38,0.00,0.00,0.00,61.29
08:32:37,13,18.28,0.00,13.98,0.00,0.00,6.45,0.00,0.00,0.00,61.29
08:32:37,14,15.38,0.00,13.19,0.00,0.00,6.59,0.00,0.00,0.00,64.84
08:32:37,15,16.48,0.00,12.09,0.00,0.00,4.40,0.00,0.00,0.00,67.03
08:32:38,4,17.89,0.00,13.68,0.00,0.00,8.42,0.00,0.00,0.00,60.00
08:32:38,5,16.13,0.00,15.05,0.00,0.00,6.45,0.00,0.00,0.00,62.37
08:32:38,6,16.85,0.00,12.36,0.00,0.00,5.62,0.00,0.00,0.00,65.17
08:32:38,7,14.89,0.00,12.77,0.00,0.00,6.38,0.00,0.00,0.00,65.96
08:32:38,12,14.61,0.00,17.98,0.00,0.00,4.49,0.00,0.00,0.00,62.92
08:32:38,13,19.57,0.00,14.13,0.00,0.00,6.52,0.00,0.00,0.00,59.78
08:32:38,14,16.67,0.00,15.56,0.00,0.00,5.56,0.00,0.00,0.00,62.22
08:32:38,15,16.48,0.00,14.29,0.00,0.00,4.40,0.00,0.00,0.00,64.84
08:32:39,4,16.85,0.00,13.48,0.00,0.00,4.49,0.00,0.00,0.00,65.17
08:32:39,5,18.48,0.00,14.13,0.00,0.00,5.43,0.00,0.00,0.00,61.96
08:32:39,6,15.56,0.00,14.44,0.00,0.00,4.44,0.00,0.00,0.00,65.56
08:32:39,7,15.73,0.00,12.36,0.00,0.00,5.62,0.00,0.00,0.00,66.29
08:32:39,12,16.30,0.00,15.22,0.00,0.00,4.35,0.00,0.00,0.00,64.13
08:32:39,13,17.20,0.00,13.98,2.15,0.00,6.45,0.00,0.00,0.00,60.22
08:32:39,14,18.28,0.00,12.90,0.00,0.00,6.45,0.00,0.00,0.00,62.37
08:32:39,15,18.68,0.00,14.29,0.00,0.00,5.49,0.00,0.00,0.00,61.54
08:32:40,4,15.56,0.00,17.78,0.00,0.00,5.56,0.00,0.00,0.00,61.11
08:32:40,5,18.28,0.00,15.05,0.00,0.00,5.38,0.00,0.00,0.00,61.29
08:32:40,6,15.05,0.00,17.20,0.00,0.00,5.38,0.00,0.00,0.00,62.37
08:32:40,7,16.48,0.00,14.29,0.00,0.00,4.40,0.00,0.00,0.00,64.84
08:32:40,12,15.05,0.00,16.13,0.00,0.00,6.45,0.00,0.00,0.00,62.37
08:32:40,13,17.58,0.00,14.29,0.00,0.00,5.49,0.00,0.00,0.00,62.64
08:32:40,14,16.84,0.00,15.79,0.00,0.00,5.26,0.00,0.00,0.00,62.11
08:32:40,15,15.22,0.00,15.22,0.00,0.00,5.43,0.00,0.00,0.00,64.13
08:32:41,4,18.28,0.00,12.90,0.00,0.00,4.30,0.00,0.00,0.00,64.52
08:32:41,5,16.84,0.00,14.74,0.00,0.00,6.32,0.00,0.00,0.00,62.11
08:32:41,6,16.48,0.00,13.19,0.00,0.00,6.59,0.00,0.00,0.00,63.74
08:32:41,7,16.30,0.00,11.96,0.00,0.00,5.43,0.00,0.00,0.00,66.30
08:32:41,12,16.13,0.00,16.13,0.00,0.00,6.45,0.00,0.00,0.00,61.29
08:32:41,13,15.73,0.00,14.61,0.00,0.00,5.62,0.00,0.00,0.00,64.04
08:32:41,14,18.68,0.00,13.19,0.00,0.00,4.40,0.00,0.00,0.00,63.74
08:32:41,15,16.13,0.00,13.98,0.00,0.00,4.30,0.00,0.00,0.00,65.59
08:32:42,4,17.58,0.00,15.38,0.00,0.00,5.49,0.00,0.00,0.00,61.54
08:32:42,5,17.39,0.00,16.30,0.00,0.00,4.35,0.00,0.00,0.00,61.96
08:32:42,6,16.30,0.00,14.13,0.00,0.00,4.35,0.00,0.00,0.00,65.22
08:32:42,7,14.44,0.00,11.11,0.00,0.00,5.56,0.00,0.00,0.00,68.89
08:32:42,12,18.09,0.00,14.89,0.00,0.00,6.38,0.00,0.00,0.00,60.64
08:32:42,13,17.20,0.00,16.13,0.00,0.00,5.38,0.00,0.00,0.00,61.29
08:32:42,14,16.30,0.00,14.13,0.00,0.00,5.43,0.00,0.00,0.00,64.13
08:32:42,15,15.56,0.00,11.11,0.00,0.00,5.56,0.00,0.00,0.00,67.78
08:32:43,4,17.89,0.00,13.68,1.05,0.00,6.32,0.00,0.00,0.00,61.05
08:32:43,5,15.38,0.00,16.48,0.00,0.00,5.49,0.00,0.00,0.00,62.64
08:32:43,6,15.96,0.00,14.89,0.00,0.00,6.38,0.00,0.00,0.00,62.77
08:32:43,7,13.19,0.00,14.29,0.00,0.00,5.49,0.00,0.00,0.00,67.03
08:32:43,12,15.22,0.00,14.13,0.00,0.00,6.52,0.00,0.00,0.00,64.13
08:32:43,13,16.85,0.00,14.61,0.00,0.00,5.62,0.00,0.00,0.00,62.92
08:32:43,14,18.68,0.00,14.29,0.00,0.00,4.40,0.00,0.00,0.00,62.64
08:32:43,15,14.89,0.00,14.89,0.00,0.00,6.38,0.00,0.00,0.00,63.83
08:32:44,4,17.39,0.00,15.22,0.00,0.00,4.35,0.00,0.00,0.00,63.04
08:32:44,5,21.51,0.00,16.13,0.00,0.00,5.38,0.00,0.00,0.00,56.99
08:32:44,6,17.78,0.00,13.33,0.00,0.00,5.56,0.00,0.00,0.00,63.33
08:32:44,7,16.48,0.00,14.29,0.00,0.00,3.30,0.00,0.00,0.00,65.93
08:32:44,12,18.48,0.00,15.22,1.09,0.00,6.52,0.00,0.00,0.00,58.70
08:32:44,13,15.22,0.00,17.39,0.00,0.00,7.61,0.00,0.00,0.00,59.78
08:32:44,14,18.68,0.00,14.29,0.00,0.00,6.59,0.00,0.00,0.00,60.44
08:32:44,15,16.48,0.00,14.29,0.00,0.00,5.49,0.00,0.00,0.00,63.74
08:32:45,4,15.73,0.00,13.48,0.00,0.00,6.74,0.00,0.00,0.00,64.04
08:32:45,5,19.57,0.00,15.22,0.00,0.00,5.43,0.00,0.00,0.00,59.78
08:32:45,6,15.22,0.00,15.22,0.00,0.00,5.43,0.00,0.00,0.00,64.13
08:32:45,7,17.02,0.00,13.83,0.00,0.00,5.32,0.00,0.00,0.00,63.83
08:32:45,12,16.85,0.00,13.48,0.00,0.00,5.62,0.00,0.00,0.00,64.04
08:32:45,13,16.48,0.00,14.29,0.00,0.00,5.49,0.00,0.00,0.00,63.74
08:32:45,14,14.61,0.00,14.61,0.00,0.00,5.62,0.00,0.00,0.00,65.17
08:32:45,15,15.22,0.00,15.22,0.00,0.00,4.35,0.00,0.00,0.00,65.22
08:32:46,4,17.78,0.00,16.67,0.00,0.00,3.33,0.00,0.00,0.00,62.22
08:32:46,5,16.48,0.00,15.38,0.00,0.00,5.49,0.00,0.00,0.00,62.64
08:32:46,6,17.78,0.00,13.33,0.00,0.00,5.56,0.00,0.00,0.00,63.33
08:32:46,7,15.38,0.00,15.38,0.00,0.00,3.30,0.00,0.00,0.00,65.93
08:32:46,12,16.13,0.00,16.13,0.00,0.00,5.38,0.00,0.00,0.00,62.37
08:32:46,13,17.20,0.00,18.28,0.00,0.00,5.38,0.00,0.00,0.00,59.14
08:32:46,14,18.48,0.00,14.13,0.00,0.00,4.35,0.00,0.00,0.00,63.04
08:32:46,15,15.38,0.00,14.29,0.00,0.00,5.49,0.00,0.00,0.00,64.84
08:32:47,4,16.48,0.00,13.19,0.00,0.00,5.49,0.00,0.00,0.00,64.84
08:32:47,5,18.09,0.00,13.83,0.00,0.00,5.32,0.00,0.00,0.00,62.77
08:32:47,6,16.84,0.00,15.79,0.00,0.00,5.26,0.00,0.00,0.00,62.11
08:32:47,7,15.22,0.00,13.04,0.00,0.00,6.52,0.00,0.00,0.00,65.22
08:32:47,12,16.30,0.00,17.39,0.00,0.00,5.43,0.00,0.00,0.00,60.87
08:32:47,13,16.30,0.00,14.13,0.00,0.00,5.43,0.00,0.00,0.00,64.13
08:32:47,14,16.48,0.00,13.19,0.00,0.00,5.49,0.00,0.00,0.00,64.84
08:32:47,15,16.84,0.00,15.79,0.00,0.00,5.26,0.00,0.00,0.00,62.11
08:32:48,4,16.67,0.00,14.44,0.00,0.00,4.44,0.00,0.00,0.00,64.44
08:32:48,5,18.28,0.00,12.90,0.00,0.00,5.38,0.00,0.00,0.00,63.44
08:32:48,6,18.28,0.00,13.98,1.08,0.00,4.30,0.00,0.00,0.00,62.37
08:32:48,7,17.02,0.00,12.77,0.00,0.00,6.38,0.00,0.00,0.00,63.83
08:32:48,12,16.67,0.00,15.56,0.00,0.00,5.56,0.00,0.00,0.00,62.22
08:32:48,13,18.68,0.00,15.38,0.00,0.00,5.49,0.00,0.00,0.00,60.44
08:32:48,14,17.78,0.00,13.33,0.00,0.00,5.56,0.00,0.00,0.00,63.33
08:32:48,15,15.38,0.00,12.09,0.00,0.00,7.69,0.00,0.00,0.00,64.84
08:32:49,4,17.20,0.00,15.05,2.15,0.00,5.38,0.00,0.00,0.00,60.22
08:32:49,5,17.78,0.00,15.56,0.00,0.00,5.56,0.00,0.00,0.00,61.11
08:32:49,6,17.02,0.00,15.96,0.00,0.00,5.32,0.00,0.00,0.00,61.70
08:32:49,7,15.38,0.00,14.29,0.00,0.00,5.49,0.00,0.00,0.00,64.84
08:32:49,12,20.43,0.00,16.13,0.00,0.00,5.38,0.00,0.00,0.00,58.06
08:32:49,13,19.15,0.00,13.83,0.00,0.00,6.38,0.00,0.00,0.00,60.64
08:32:49,14,15.79,0.00,18.95,0.00,0.00,5.26,0.00,0.00,0.00,60.00
08:32:49,15,16.48,0.00,14.29,0.00,0.00,4.40,0.00,0.00,0.00,64.84
08:32:50,4,17.39,0.00,13.04,0.00,0.00,5.43,0.00,0.00,0.00,64.13
08:32:50,5,17.39,0.00,14.13,0.00,0.00,5.43,0.00,0.00,0.00,63.04
08:32:50,6,16.13,0.00,16.13,0.00,0.00,5.38,0.00,0.00,0.00,62.37
08:32:50,7,15.22,0.00,15.22,0.00,0.00,4.35,0.00,0.00,0.00,65.22
08:32:50,12,16.48,0.00,15.38,0.00,0.00,5.49,0.00,0.00,0.00,62.64
08:32:50,13,13.04,0.00,18.48,0.00,0.00,6.52,0.00,0.00,0.00,61.96
08:32:50,14,17.02,0.00,13.83,0.00,0.00,6.38,0.00,0.00,0.00,62.77
08:32:50,15,14.44,0.00,14.44,0.00,0.00,4.44,0.00,0.00,0.00,66.67
08:32:51,4,17.39,0.00,17.39,0.00,0.00,4.35,0.00,0.00,0.00,60.87
08:32:51,5,16.48,0.00,14.29,0.00,0.00,5.49,0.00,0.00,0.00,63.74
08:32:51,6,15.22,0.00,15.22,0.00,0.00,5.43,0.00,0.00,0.00,64.13
08:32:51,7,15.96,0.00,12.77,0.00,0.00,6.38,0.00,0.00,0.00,64.89
08:32:51,12,15.22,0.00,15.22,0.00,0.00,6.52,0.00,0.00,0.00,63.04
08:32:51,13,17.78,0.00,13.33,0.00,0.00,4.44,0.00,0.00,0.00,64.44
08:32:51,14,17.20,0.00,13.98,0.00,0.00,5.38,0.00,0.00,0.00,63.44
08:32:51,15,16.30,0.00,14.13,0.00,0.00,4.35,0.00,0.00,0.00,65.22
08:32:52,4,17.78,0.00,14.44,0.00,0.00,4.44,0.00,0.00,0.00,63.33
08:32:52,5,16.30,0.00,17.39,0.00,0.00,6.52,0.00,0.00,0.00,59.78
08:32:52,6,15.73,0.00,14.61,0.00,0.00,4.49,0.00,0.00,0.00,65.17
08:32:52,7,13.19,0.00,15.38,0.00,0.00,5.49,0.00,0.00,0.00,65.93
08:32:52,12,13.48,0.00,15.73,0.00,0.00,5.62,0.00,0.00,0.00,65.17
08:32:52,13,16.13,0.00,13.98,0.00,0.00,6.45,0.00,0.00,0.00,63.44
08:32:52,14,16.13,0.00,12.90,0.00,0.00,7.53,0.00,0.00,0.00,63.44
08:32:52,15,15.38,0.00,9.89,0.00,0.00,7.69,0.00,0.00,0.00,67.03
08:32:53,4,17.58,0.00,14.29,0.00,0.00,4.40,0.00,0.00,0.00,63.74
08:32:53,5,15.56,0.00,17.78,0.00,0.00,5.56,0.00,0.00,0.00,61.11
08:32:53,6,17.20,0.00,13.98,0.00,0.00,6.45,0.00,0.00,0.00,62.37
08:32:53,7,13.98,0.00,15.05,0.00,0.00,6.45,0.00,0.00,0.00,64.52
08:32:53,12,15.05,0.00,15.05,0.00,0.00,7.53,0.00,0.00,0.00,62.37
08:32:53,13,17.39,0.00,14.13,0.00,0.00,5.43,0.00,0.00,0.00,63.04
08:32:53,14,19.35,0.00,15.05,0.00,0.00,4.30,0.00,0.00,0.00,61.29
08:32:53,15,16.48,0.00,14.29,0.00,0.00,4.40,0.00,0.00,0.00,64.84
08:32:54,4,19.15,0.00,17.02,0.00,0.00,6.38,0.00,0.00,0.00,57.45
08:32:54,5,16.84,0.00,14.74,0.00,0.00,7.37,0.00,0.00,0.00,61.05
08:32:54,6,16.48,0.00,16.48,1.10,0.00,5.49,0.00,0.00,0.00,60.44
08:32:54,7,17.20,0.00,11.83,0.00,0.00,5.38,0.00,0.00,0.00,65.59
08:32:54,12,20.00,0.00,14.44,0.00,0.00,5.56,0.00,0.00,0.00,60.00
08:32:54,13,16.30,0.00,17.39,0.00,0.00,5.43,0.00,0.00,0.00,60.87
08:32:54,14,17.39,0.00,15.22,0.00,0.00,4.35,0.00,0.00,0.00,63.04
08:32:54,15,15.22,0.00,14.13,0.00,0.00,5.43,0.00,0.00,0.00,65.22
08:32:55,4,17.78,0.00,12.22,0.00,0.00,4.44,0.00,0.00,0.00,65.56
08:32:55,5,17.58,0.00,15.38,0.00,0.00,4.40,0.00,0.00,0.00,62.64
08:32:55,6,17.71,0.00,15.62,0.00,0.00,5.21,0.00,0.00,0.00,61.46
08:32:55,7,13.98,0.00,13.98,0.00,0.00,6.45,0.00,0.00,0.00,65.59
08:32:55,12,16.13,0.00,13.98,0.00,0.00,5.38,0.00,0.00,0.00,64.52
08:32:55,13,15.05,0.00,15.05,0.00,0.00,5.38,0.00,0.00,0.00,64.52
08:32:55,14,16.67,0.00,14.44,0.00,0.00,5.56,0.00,0.00,0.00,63.33
08:32:55,15,15.22,0.00,14.13,0.00,0.00,5.43,0.00,0.00,0.00,65.22
08:32:56,4,16.30,0.00,15.22,0.00,0.00,5.43,0.00,0.00,0.00,63.04
08:32:56,5,17.58,0.00,15.38,0.00,0.00,4.40,0.00,0.00,0.00,62.64
08:32:56,6,19.35,0.00,12.90,0.00,0.00,5.38,0.00,0.00,0.00,62.37
08:32:56,7,13.33,0.00,13.33,0.00,0.00,4.44,0.00,0.00,0.00,68.89
08:32:56,12,16.48,0.00,15.38,0.00,0.00,5.49,0.00,0.00,0.00,62.64
08:32:56,13,16.30,0.00,15.22,0.00,0.00,5.43,0.00,0.00,0.00,63.04
08:32:56,14,15.96,0.00,17.02,0.00,0.00,6.38,0.00,0.00,0.00,60.64
08:32:56,15,18.09,0.00,13.83,0.00,0.00,4.26,0.00,0.00,0.00,63.83
08:32:57,4,17.20,0.00,13.98,0.00,0.00,5.38,0.00,0.00,0.00,63.44
08:32:57,5,15.91,0.00,12.50,0.00,0.00,6.82,0.00,0.00,0.00,64.77
08:32:57,6,16.48,0.00,16.48,0.00,0.00,5.49,0.00,0.00,0.00,61.54
08:32:57,7,16.13,0.00,12.90,0.00,0.00,6.45,0.00,0.00,0.00,64.52
08:32:57,12,17.02,0.00,13.83,0.00,0.00,6.38,0.00,0.00,0.00,62.77
08:32:57,13,17.02,0.00,15.96,0.00,0.00,6.38,0.00,0.00,0.00,60.64
08:32:57,14,19.35,0.00,11.83,0.00,0.00,5.38,0.00,0.00,0.00,63.44
08:32:57,15,15.05,0.00,13.98,0.00,0.00,5.38,0.00,0.00,0.00,65.59
08:32:58,4,16.67,0.00,14.44,0.00,0.00,4.44,0.00,0.00,0.00,64.44
08:32:58,5,16.48,0.00,15.38,0.00,0.00,5.49,0.00,0.00,0.00,62.64
08:32:58,6,15.79,0.00,15.79,0.00,0.00,6.32,0.00,0.00,0.00,62.11
08:32:58,7,13.98,0.00,15.05,0.00,0.00,6.45,0.00,0.00,0.00,64.52
08:32:58,12,17.71,0.00,16.67,0.00,0.00,5.21,0.00,0.00,0.00,60.42
08:32:58,13,18.48,0.00,16.30,0.00,0.00,5.43,0.00,0.00,0.00,59.78
08:32:58,14,18.89,0.00,13.33,0.00,0.00,4.44,0.00,0.00,0.00,63.33
08:32:58,15,15.56,0.00,13.33,0.00,0.00,5.56,0.00,0.00,0.00,65.56
08:32:59,4,16.30,0.00,15.22,0.00,0.00,6.52,0.00,0.00,0.00,61.96
08:32:59,5,18.68,0.00,14.29,0.00,0.00,5.49,0.00,0.00,0.00,61.54
08:32:59,6,16.67,0.00,14.44,0.00,0.00,5.56,0.00,0.00,0.00,63.33
08:32:59,7,15.73,0.00,12.36,0.00,0.00,4.49,0.00,0.00,0.00,67.42
08:32:59,12,18.68,0.00,15.38,0.00,0.00,6.59,0.00,0.00,0.00,59.34
08:32:59,13,18.48,0.00,16.30,0.00,0.00,6.52,0.00,0.00,0.00,58.70
08:32:59,14,16.48,0.00,15.38,1.10,0.00,5.49,0.00,0.00,0.00,61.54
08:32:59,15,14.77,0.00,12.50,0.00,0.00,4.55,0.00,0.00,0.00,68.18
08:33:00,4,17.58,0.00,15.38,0.00,0.00,4.40,0.00,0.00,0.00,62.64
08:33:00,5,16.85,0.00,13.48,0.00,0.00,5.62,0.00,0.00,0.00,64.04
08:33:00,6,18.95,0.00,13.68,0.00,0.00,5.26,0.00,0.00,0.00,62.11
08:33:00,7,16.30,0.00,14.13,0.00,0.00,4.35,0.00,0.00,0.00,65.22
08:33:00,12,17.58,0.00,14.29,0.00,0.00,4.40,0.00,0.00,0.00,63.74
08:33:00,13,17.78,0.00,15.56,0.00,0.00,5.56,0.00,0.00,0.00,61.11
08:33:00,14,19.15,0.00,12.77,0.00,0.00,6.38,0.00,0.00,0.00,61.70
08:33:00,15,14.44,0.00,14.44,0.00,0.00,5.56,0.00,0.00,0.00,65.56
08:33:01,4,17.58,0.00,14.29,0.00,0.00,5.49,0.00,0.00,0.00,62.64
08:33:01,5,15.56,0.00,13.33,0.00,0.00,5.56,0.00,0.00,0.00,65.56
08:33:01,6,14.29,0.00,16.48,0.00,0.00,5.49,0.00,0.00,0.00,63.74
08:33:01,7,13.98,0.00,13.98,0.00,0.00,5.38,0.00,0.00,0.00,66.67
08:33:01,12,15.38,0.00,16.48,0.00,0.00,5.49,0.00,0.00,0.00,62.64
08:33:01,13,17.98,0.00,12.36,0.00,0.00,5.62,0.00,0.00,0.00,64.04
08:33:01,14,16.13,0.00,15.05,0.00,0.00,6.45,0.00,0.00,0.00,62.37
08:33:01,15,14.29,0.00,14.29,0.00,0.00,5.49,0.00,0.00,0.00,65.93
08:33:02,4,17.71,0.00,15.62,0.00,0.00,6.25,0.00,0.00,0.00,60.42
08:33:02,5,17.39,0.00,15.22,0.00,0.00,4.35,0.00,0.00,0.00,63.04
08:33:02,6,16.48,0.00,10.99,0.00,0.00,6.59,0.00,0.00,0.00,65.93
08:33:02,7,14.29,0.00,14.29,0.00,0.00,3.30,0.00,0.00,0.00,68.13
08:33:02,12,15.56,0.00,17.78,0.00,0.00,5.56,0.00,0.00,0.00,61.11
08:33:02,13,17.39,0.00,14.13,0.00,0.00,5.43,0.00,0.00,0.00,63.04
08:33:02,14,16.13,0.00,15.05,0.00,0.00,6.45,0.00,0.00,0.00,62.37
08:33:02,15,14.29,0.00,13.19,0.00,0.00,5.49,0.00,0.00,0.00,67.03
08:33:03,4,18.28,0.00,15.05,0.00,0.00,4.30,0.00,0.00,0.00,62.37
08:33:03,5,16.30,0.00,18.48,0.00,0.00,6.52,0.00,0.00,0.00,58.70
08:33:03,6,17.39,0.00,14.13,1.09,0.00,6.52,0.00,0.00,0.00,60.87
08:33:03,7,14.58,0.00,15.62,0.00,0.00,5.21,0.00,0.00,0.00,64.58
08:33:03,12,18.09,0.00,14.89,0.00,0.00,5.32,0.00,0.00,0.00,61.70
08:33:03,13,16.48,0.00,15.38,1.10,0.00,5.49,0.00,0.00,0.00,61.54
08:33:03,14,16.48,0.00,14.29,0.00,0.00,4.40,0.00,0.00,0.00,64.84
08:33:03,15,15.96,0.00,13.83,0.00,0.00,5.32,0.00,0.00,0.00,64.89
08:33:04,4,18.48,0.00,16.30,0.00,0.00,5.43,0.00,0.00,0.00,59.78
08:33:04,5,17.78,0.00,14.44,0.00,0.00,6.67,0.00,0.00,0.00,61.11
08:33:04,6,17.58,0.00,15.38,0.00,0.00,5.49,0.00,0.00,0.00,61.54
08:33:04,7,14.44,0.00,13.33,0.00,0.00,5.56,0.00,0.00,0.00,66.67
08:33:04,12,18.09,0.00,15.96,0.00,0.00,5.32,0.00,0.00,0.00,60.64
08:33:04,13,19.15,0.00,19.15,0.00,0.00,4.26,0.00,0.00,0.00,57.45
08:33:04,14,18.09,0.00,14.89,0.00,0.00,6.38,0.00,0.00,0.00,60.64
08:33:04,15,14.77,0.00,12.50,0.00,0.00,5.68,0.00,0.00,0.00,67.05
08:33:05,4,17.39,0.00,14.13,0.00,0.00,5.43,0.00,0.00,0.00,63.04
08:33:05,5,18.28,0.00,15.05,0.00,0.00,4.30,0.00,0.00,0.00,62.37
08:33:05,6,16.48,0.00,13.19,0.00,0.00,6.59,0.00,0.00,0.00,63.74
08:33:05,7,15.62,0.00,15.62,0.00,0.00,6.25,0.00,0.00,0.00,62.50
08:33:05,12,18.48,0.00,15.22,0.00,0.00,6.52,0.00,0.00,0.00,59.78
08:33:05,13,18.28,0.00,16.13,0.00,0.00,5.38,0.00,0.00,0.00,60.22
08:33:05,14,17.98,0.00,13.48,0.00,0.00,4.49,0.00,0.00,0.00,64.04
08:33:05,15,15.38,0.00,14.29,0.00,0.00,5.49,0.00,0.00,0.00,64.84
08:33:06,4,18.28,0.00,13.98,0.00,0.00,6.45,0.00,0.00,0.00,61.29
08:33:06,5,15.56,0.00,14.44,0.00,0.00,6.67,0.00,0.00,0.00,63.33
08:33:06,6,17.20,0.00,15.05,0.00,0.00,6.45,0.00,0.00,0.00,61.29
08:33:06,7,15.05,0.00,15.05,0.00,0.00,5.38,0.00,0.00,0.00,64.52
08:33:06,12,16.13,0.00,13.98,0.00,0.00,6.45,0.00,0.00,0.00,63.44
08:33:06,13,18.75,0.00,14.58,0.00,0.00,6.25,0.00,0.00,0.00,60.42
08:33:06,14,15.96,0.00,15.96,0.00,0.00,7.45,0.00,0.00,0.00,60.64
08:33:06,15,12.36,0.00,12.36,0.00,0.00,6.74,0.00,0.00,0.00,68.54
08:33:07,4,16.30,0.00,15.22,0.00,0.00,4.35,0.00,0.00,0.00,64.13
08:33:07,5,16.30,0.00,16.30,0.00,0.00,5.43,0.00,0.00,0.00,61.96
08:33:07,6,18.28,0.00,11.83,0.00,0.00,6.45,0.00,0.00,0.00,63.44
08:33:07,7,18.28,0.00,12.90,0.00,0.00,4.30,0.00,0.00,0.00,64.52
08:33:07,12,17.20,0.00,13.98,0.00,0.00,5.38,0.00,0.00,0.00,63.44
08:33:07,13,16.13,0.00,15.05,0.00,0.00,5.38,0.00,0.00,0.00,63.44
08:33:07,14,16.67,0.00,13.33,0.00,0.00,4.44,0.00,0.00,0.00,65.56
08:33:07,15,15.38,0.00,13.19,0.00,0.00,4.40,0.00,0.00,0.00,67.03
08:33:08,4,17.39,0.00,13.04,0.00,0.00,5.43,0.00,0.00,0.00,64.13
08:33:08,5,16.48,0.00,13.19,0.00,0.00,6.59,0.00,0.00,0.00,63.74
08:33:08,6,16.48,0.00,14.29,0.00,0.00,5.49,0.00,0.00,0.00,63.74
08:33:08,7,13.83,0.00,13.83,0.00,0.00,5.32,0.00,0.00,0.00,67.02
08:33:08,12,15.56,0.00,15.56,0.00,0.00,5.56,0.00,0.00,0.00,63.33
08:33:08,13,17.98,0.00,16.85,0.00,0.00,3.37,0.00,0.00,0.00,61.80
08:33:08,14,17.05,0.00,11.36,0.00,0.00,6.82,0.00,0.00,0.00,64.77
08:33:08,15,13.98,0.00,15.05,0.00,0.00,6.45,0.00,0.00,0.00,64.52
08:33:09,4,17.20,0.00,16.13,0.00,0.00,5.38,0.00,0.00,0.00,61.29
08:33:09,5,16.48,0.00,16.48,0.00,0.00,4.40,0.00,0.00,0.00,62.64
08:33:09,6,17.89,0.00,15.79,0.00,0.00,4.21,0.00,0.00,0.00,62.11
08:33:09,7,14.89,0.00,12.77,0.00,0.00,6.38,0.00,0.00,0.00,65.96
08:33:09,12,16.13,0.00,15.05,0.00,0.00,6.45,0.00,0.00,0.00,62.37
08:33:09,13,18.48,0.00,15.22,0.00,0.00,6.52,0.00,0.00,0.00,59.78
08:33:09,14,17.20,0.00,16.13,0.00,0.00,6.45,0.00,0.00,0.00,60.22
08:33:09,15,16.30,0.00,11.96,0.00,0.00,6.52,0.00,0.00,0.00,65.22
08:33:10,4,16.67,0.00,15.56,0.00,0.00,4.44,0.00,0.00,0.00,63.33
08:33:10,5,18.68,0.00,16.48,0.00,0.00,5.49,0.00,0.00,0.00,59.34
08:33:10,6,17.20,0.00,13.98,0.00,0.00,7.53,0.00,0.00,0.00,61.29
08:33:10,7,17.02,0.00,14.89,0.00,0.00,6.38,0.00,0.00,0.00,61.70
08:33:10,12,16.67,0.00,15.56,0.00,0.00,4.44,0.00,0.00,0.00,63.33
08:33:10,13,18.95,0.00,15.79,0.00,0.00,6.32,0.00,0.00,0.00,58.95
08:33:10,14,18.28,0.00,16.13,0.00,0.00,5.38,0.00,0.00,0.00,60.22
08:33:10,15,15.38,0.00,13.19,0.00,0.00,6.59,0.00,0.00,0.00,64.84
08:33:11,4,14.44,0.00,14.44,0.00,0.00,5.56,0.00,0.00,0.00,65.56
08:33:11,5,17.39,0.00,14.13,0.00,0.00,5.43,0.00,0.00,0.00,63.04
08:33:11,6,18.68,0.00,13.19,0.00,0.00,5.49,0.00,0.00,0.00,62.64
08:33:11,7,14.89,0.00,13.83,0.00,0.00,5.32,0.00,0.00,0.00,65.96
08:33:11,12,15.05,0.00,15.05,0.00,0.00,5.38,0.00,0.00,0.00,64.52
08:33:11,13,17.20,0.00,13.98,0.00,0.00,5.38,0.00,0.00,0.00,63.44
08:33:11,14,17.78,0.00,12.22,0.00,0.00,5.56,0.00,0.00,0.00,64.44
08:33:11,15,13.68,0.00,15.79,0.00,0.00,6.32,0.00,0.00,0.00,64.21
08:33:12,4,15.96,0.00,13.83,0.00,0.00,6.38,0.00,0.00,0.00,63.83
08:33:12,5,15.05,0.00,13.98,0.00,0.00,6.45,0.00,0.00,0.00,64.52
08:33:12,6,17.20,0.00,12.90,0.00,0.00,6.45,0.00,0.00,0.00,63.44
08:33:12,7,14.44,0.00,14.44,0.00,0.00,5.56,0.00,0.00,0.00,65.56
08:33:12,12,13.98,0.00,17.20,0.00,0.00,5.38,0.00,0.00,0.00,63.44
08:33:12,13,16.85,0.00,12.36,0.00,0.00,4.49,0.00,0.00,0.00,66.29
08:33:12,14,16.84,0.00,13.68,0.00,0.00,6.32,0.00,0.00,0.00,63.16
08:33:12,15,15.56,0.00,12.22,0.00,0.00,5.56,0.00,0.00,0.00,66.67
08:33:13,4,16.84,0.00,15.79,0.00,0.00,5.26,0.00,0.00,0.00,62.11
08:33:13,5,16.67,0.00,16.67,0.00,0.00,5.56,0.00,0.00,0.00,61.11
08:33:13,6,17.39,0.00,15.22,1.09,0.00,6.52,0.00,0.00,0.00,59.78
08:33:13,7,15.38,0.00,14.29,1.10,0.00,4.40,0.00,0.00,0.00,64.84
08:33:13,12,17.02,0.00,14.89,0.00,0.00,6.38,0.00,0.00,0.00,61.70
08:33:13,13,17.20,0.00,16.13,0.00,0.00,4.30,0.00,0.00,0.00,62.37
08:33:13,14,18.48,0.00,14.13,0.00,0.00,5.43,0.00,0.00,0.00,61.96
08:33:13,15,15.96,0.00,14.89,0.00,0.00,5.32,0.00,0.00,0.00,63.83
08:33:14,4,14.89,0.00,15.96,0.00,0.00,6.38,0.00,0.00,0.00,62.77
08:33:14,5,17.02,0.00,13.83,0.00,0.00,5.32,0.00,0.00,0.00,63.83
08:33:14,6,17.58,0.00,12.09,0.00,0.00,5.49,0.00,0.00,0.00,64.84
08:33:14,7,15.05,0.00,12.90,0.00,0.00,5.38,0.00,0.00,0.00,66.67
08:33:14,12,16.30,0.00,15.22,0.00,0.00,5.43,0.00,0.00,0.00,63.04
08:33:14,13,15.38,0.00,17.58,0.00,0.00,5.49,0.00,0.00,0.00,61.54
08:33:14,14,16.30,0.00,15.22,0.00,0.00,5.43,0.00,0.00,0.00,63.04
08:33:14,15,16.30,0.00,14.13,0.00,0.00,5.43,0.00,0.00,0.00,64.13
08:33:15,4,19.78,0.00,14.29,0.00,0.00,5.49,0.00,0.00,0.00,60.44
08:33:15,5,18.28,0.00,16.13,0.00,0.00,5.38,0.00,0.00,0.00,60.22
08:33:15,6,17.39,0.00,14.13,0.00,0.00,5.43,0.00,0.00,0.00,63.04
08:33:15,7,16.84,0.00,14.74,0.00,0.00,5.26,0.00,0.00,0.00,63.16
08:33:15,12,16.13,0.00,17.20,0.00,0.00,5.38,0.00,0.00,0.00,61.29
08:33:15,13,19.57,0.00,17.39,0.00,0.00,5.43,0.00,0.00,0.00,57.61
08:33:15,14,16.67,0.00,15.56,0.00,0.00,5.56,0.00,0.00,0.00,62.22
08:33:15,15,15.79,0.00,14.74,0.00,0.00,6.32,0.00,0.00,0.00,63.16
08:33:16,4,15.38,0.00,17.58,0.00,0.00,5.49,0.00,0.00,0.00,61.54
08:33:16,5,15.73,0.00,14.61,0.00,0.00,5.62,0.00,0.00,0.00,64.04
08:33:16,6,18.75,0.00,14.58,0.00,0.00,6.25,0.00,0.00,0.00,60.42
08:33:16,7,15.96,0.00,14.89,0.00,0.00,4.26,0.00,0.00,0.00,64.89
08:33:16,12,17.20,0.00,15.05,0.00,0.00,7.53,0.00,0.00,0.00,60.22
08:33:16,13,16.67,0.00,13.33,0.00,0.00,5.56,0.00,0.00,0.00,64.44
08:33:16,14,16.85,0.00,13.48,0.00,0.00,5.62,0.00,0.00,0.00,64.04
08:33:16,15,14.29,0.00,15.38,0.00,0.00,4.40,0.00,0.00,0.00,65.93
08:33:17,4,18.89,0.00,13.33,0.00,0.00,4.44,0.00,0.00,0.00,63.33
08:33:17,5,18.28,0.00,13.98,0.00,0.00,6.45,0.00,0.00,0.00,61.29
08:33:17,6,16.30,0.00,15.22,0.00,0.00,6.52,0.00,0.00,0.00,61.96
08:33:17,7,12.77,0.00,14.89,0.00,0.00,6.38,0.00,0.00,0.00,65.96
08:33:17,12,18.48,0.00,13.04,0.00,0.00,4.35,0.00,0.00,0.00,64.13
08:33:17,13,17.20,0.00,16.13,0.00,0.00,6.45,0.00,0.00,0.00,60.22
08:33:17,14,17.58,0.00,14.29,0.00,0.00,5.49,0.00,0.00,0.00,62.64
08:33:17,15,16.30,0.00,11.96,0.00,0.00,5.43,0.00,0.00,0.00,66.30
08:33:18,4,17.20,0.00,13.98,0.00,0.00,6.45,0.00,0.00,0.00,62.37
08:33:18,5,15.38,0.00,14.29,0.00,0.00,5.49,0.00,0.00,0.00,64.84
08:33:18,6,16.67,0.00,16.67,0.00,0.00,4.44,0.00,0.00,0.00,62.22
08:33:18,7,15.73,0.00,13.48,0.00,0.00,4.49,0.00,0.00,0.00,66.29
08:33:18,12,17.20,0.00,15.05,0.00,0.00,5.38,0.00,0.00,0.00,62.37
08:33:18,13,17.58,0.00,13.19,0.00,0.00,6.59,0.00,0.00,0.00,62.64
08:33:18,14,15.22,0.00,15.22,1.09,0.00,5.43,0.00,0.00,0.00,63.04
08:33:18,15,15.22,0.00,14.13,0.00,0.00,5.43,0.00,0.00,0.00,65.22
08:33:19,4,17.02,0.00,14.89,0.00,0.00,5.32,0.00,0.00,0.00,62.77
08:33:19,5,15.79,0.00,16.84,0.00,0.00,6.32,0.00,0.00,0.00,61.05
08:33:19,6,16.30,0.00,14.13,0.00,0.00,5.43,0.00,0.00,0.00,64.13
08:33:19,7,13.98,0.00,15.05,0.00,0.00,5.38,0.00,0.00,0.00,65.59
08:33:19,12,18.09,0.00,12.77,0.00,0.00,6.38,0.00,0.00,0.00,62.77
08:33:19,13,17.20,0.00,15.05,0.00,0.00,5.38,0.00,0.00,0.00,62.37
08:33:19,14,15.91,0.00,14.77,0.00,0.00,4.55,0.00,0.00,0.00,64.77
08:33:19,15,19.35,0.00,12.90,0.00,0.00,4.30,0.00,0.00,0.00,63.44
08:33:20,4,17.98,0.00,12.36,0.00,0.00,5.62,0.00,0.00,0.00,64.04
08:33:20,5,22.58,0.00,12.90,0.00,0.00,6.45,0.00,0.00,0.00,58.06
08:33:20,6,16.30,0.00,17.39,0.00,0.00,5.43,0.00,0.00,0.00,60.87
08:33:20,7,17.89,0.00,14.74,0.00,0.00,5.26,0.00,0.00,0.00,62.11
08:33:20,12,16.84,0.00,15.79,0.00,0.00,6.32,0.00,0.00,0.00,61.05
08:33:20,13,19.35,0.00,15.05,0.00,0.00,6.45,0.00,0.00,0.00,59.14
08:33:20,14,19.57,0.00,14.13,0.00,0.00,6.52,0.00,0.00,0.00,59.78
08:33:20,15,17.02,0.00,15.96,0.00,0.00,5.32,0.00,0.00,0.00,61.70
08:33:21,4,17.58,0.00,15.38,0.00,0.00,4.40,0.00,0.00,0.00,62.64
08:33:21,5,19.57,0.00,14.13,0.00,0.00,5.43,0.00,0.00,0.00,60.87
08:33:21,6,15.05,0.00,15.05,0.00,0.00,6.45,0.00,0.00,0.00,63.44
08:33:21,7,16.67,0.00,13.54,0.00,0.00,6.25,0.00,0.00,0.00,63.54
08:33:21,12,15.91,0.00,14.77,0.00,0.00,6.82,0.00,0.00,0.00,62.50
08:33:21,13,15.22,0.00,16.30,0.00,0.00,7.61,0.00,0.00,0.00,60.87
08:33:21,14,16.30,0.00,13.04,0.00,0.00,6.52,0.00,0.00,0.00,64.13
08:33:21,15,13.83,0.00,15.96,0.00,0.00,6.38,0.00,0.00,0.00,63.83
08:33:22,4,17.39,0.00,14.13,0.00,0.00,5.43,0.00,0.00,0.00,63.04
08:33:22,5,15.62,0.00,15.62,0.00,0.00,7.29,0.00,0.00,0.00,61.46
08:33:22,6,16.30,0.00,13.04,0.00,0.00,5.43,0.00,0.00,0.00,65.22
08:33:22,7,13.33,0.00,12.22,0.00,0.00,5.56,0.00,0.00,0.00,68.89
08:33:22,12,16.85,0.00,12.36,0.00,0.00,6.74,0.00,0.00,0.00,64.04
08:33:22,13,16.48,0.00,13.19,0.00,0.00,6.59,0.00,0.00,0.00,63.74
08:33:22,14,17.58,0.00,12.09,0.00,0.00,5.49,0.00,0.00,0.00,64.84
08:33:22,15,13.48,0.00,13.48,0.00,0.00,4.49,0.00,0.00,0.00,68.54
08:33:23,4,16.67,0.00,13.33,0.00,0.00,6.67,0.00,0.00,0.00,63.33
08:33:23,5,16.30,0.00,16.30,1.09,0.00,4.35,0.00,0.00,0.00,61.96
08:33:23,6,17.20,0.00,13.98,0.00,0.00,5.38,0.00,0.00,0.00,63.44
08:33:23,7,14.29,0.00,13.19,0.00,0.00,5.49,0.00,0.00,0.00,67.03
08:33:23,12,16.13,0.00,15.05,0.00,0.00,6.45,0.00,0.00,0.00,62.37
08:33:23,13,18.89,0.00,13.33,0.00,0.00,5.56,0.00,0.00,0.00,62.22
08:33:23,14,18.48,0.00,14.13,0.00,0.00,5.43,0.00,0.00,0.00,61.96
08:33:23,15,15.22,0.00,14.13,0.00,0.00,6.52,0.00,0.00,0.00,64.13
08:33:24,4,16.30,0.00,16.30,0.00,0.00,5.43,0.00,0.00,0.00,61.96
08:33:24,5,15.38,0.00,16.48,0.00,0.00,5.49,0.00,0.00,0.00,62.64
08:33:24,6,15.38,0.00,16.48,0.00,0.00,4.40,0.00,0.00,0.00,63.74
08:33:24,7,13.04,0.00,15.22,0.00,0.00,4.35,0.00,0.00,0.00,67.39
08:33:24,12,16.48,0.00,15.38,0.00,0.00,5.49,0.00,0.00,0.00,62.64
08:33:24,13,16.30,0.00,15.22,0.00,0.00,6.52,0.00,0.00,0.00,61.96
08:33:24,14,17.39,0.00,13.04,0.00,0.00,5.43,0.00,0.00,0.00,64.13
08:33:24,15,16.84,0.00,11.58,0.00,0.00,5.26,0.00,0.00,0.00,66.32
08:33:25,4,17.20,0.00,15.05,0.00,0.00,6.45,0.00,0.00,0.00,61.29
08:33:25,5,16.30,0.00,17.39,0.00,0.00,5.43,0.00,0.00,0.00,60.87
08:33:25,6,18.28,0.00,15.05,0.00,0.00,5.38,0.00,0.00,0.00,61.29
08:33:25,7,17.20,0.00,13.98,0.00,0.00,5.38,0.00,0.00,0.00,63.44
08:33:25,12,17.39,0.00,16.30,0.00,0.00,5.43,0.00,0.00,0.00,60.87
08:33:25,13,20.00,0.00,13.33,0.00,0.00,5.56,0.00,0.00,0.00,61.11
08:33:25,14,21.74,0.00,13.04,0.00,0.00,5.43,0.00,0.00,0.00,59.78
08:33:25,15,19.15,0.00,13.83,0.00,0.00,6.38,0.00,0.00,0.00,60.64
08:33:26,4,17.58,0.00,14.29,0.00,0.00,6.59,0.00,0.00,0.00,61.54
08:33:26,5,17.78,0.00,17.78,0.00,0.00,5.56,0.00,0.00,0.00,58.89
08:33:26,6,16.13,0.00,16.13,0.00,0.00,5.38,0.00,0.00,0.00,62.37
08:33:26,7,14.13,0.00,13.04,0.00,0.00,7.61,0.00,0.00,0.00,65.22
08:33:26,12,15.22,0.00,15.22,0.00,0.00,5.43,0.00,0.00,0.00,64.13
08:33:26,13,18.68,0.00,14.29,0.00,0.00,5.49,0.00,0.00,0.00,61.54
08:33:26,14,17.20,0.00,13.98,0.00,0.00,5.38,0.00,0.00,0.00,63.44
08:33:26,15,14.89,0.00,13.83,0.00,0.00,6.38,0.00,0.00,0.00,64.89
08:33:27,4,14.44,0.00,14.44,0.00,0.00,5.56,0.00,0.00,0.00,65.56
08:33:27,5,15.96,0.00,14.89,0.00,0.00,6.38,0.00,0.00,0.00,62.77
08:33:27,6,16.30,0.00,14.13,0.00,0.00,5.43,0.00,0.00,0.00,64.13
08:33:27,7,15.22,0.00,14.13,0.00,0.00,5.43,0.00,0.00,0.00,65.22
08:33:27,12,17.02,0.00,13.83,0.00,0.00,6.38,0.00,0.00,0.00,62.77
08:33:27,13,15.22,0.00,14.13,0.00,0.00,6.52,0.00,0.00,0.00,64.13
08:33:27,14,17.39,0.00,13.04,0.00,0.00,5.43,0.00,0.00,0.00,64.13
08:33:27,15,14.13,0.00,14.13,0.00,0.00,6.52,0.00,0.00,0.00,65.22
08:33:28,4,17.78,0.00,12.22,0.00,0.00,4.44,0.00,0.00,0.00,65.56
08:33:28,5,15.22,0.00,16.30,1.09,0.00,4.35,0.00,0.00,0.00,63.04
08:33:28,6,14.13,0.00,15.22,0.00,0.00,5.43,0.00,0.00,0.00,65.22
08:33:28,7,14.13,0.00,13.04,0.00,0.00,5.43,0.00,0.00,0.00,67.39
08:33:28,12,15.73,0.00,16.85,1.12,0.00,3.37,0.00,0.00,0.00,62.92
08:33:28,13,15.56,0.00,13.33,0.00,0.00,7.78,0.00,0.00,0.00,63.33
08:33:28,14,16.67,0.00,14.44,0.00,0.00,5.56,0.00,0.00,0.00,63.33
08:33:28,15,17.02,0.00,14.89,0.00,0.00,5.32,0.00,0.00,0.00,62.77
08:33:29,4,14.61,0.00,15.73,0.00,0.00,3.37,0.00,0.00,0.00,66.29
08:33:29,5,17.58,0.00,16.48,0.00,0.00,5.49,0.00,0.00,0.00,60.44
08:33:29,6,17.58,0.00,14.29,0.00,0.00,5.49,0.00,0.00,0.00,62.64
08:33:29,7,15.05,0.00,13.98,0.00,0.00,5.38,0.00,0.00,0.00,65.59
08:33:29,12,17.71,0.00,15.62,0.00,0.00,5.21,0.00,0.00,0.00,61.46
08:33:29,13,16.30,0.00,15.22,0.00,0.00,5.43,0.00,0.00,0.00,63.04
08:33:29,14,15.38,0.00,14.29,0.00,0.00,6.59,0.00,0.00,0.00,63.74
08:33:29,15,16.30,0.00,13.04,0.00,0.00,5.43,0.00,0.00,0.00,65.22
08:33:30,4,17.20,0.00,15.05,0.00,0.00,5.38,0.00,0.00,0.00,62.37
08:33:30,5,18.09,0.00,15.96,0.00,0.00,6.38,0.00,0.00,0.00,59.57
08:33:30,6,16.30,0.00,14.13,0.00,0.00,5.43,0.00,0.00,0.00,64.13
08:33:30,7,14.13,0.00,16.30,0.00,0.00,5.43,0.00,0.00,0.00,64.13
08:33:30,12,17.05,0.00,14.77,0.00,0.00,5.68,0.00,0.00,0.00,62.50
08:33:30,13,18.68,0.00,15.38,0.00,0.00,5.49,0.00,0.00,0.00,60.44
08:33:30,14,16.48,0.00,14.29,0.00,0.00,5.49,0.00,0.00,0.00,63.74
08:33:30,15,17.02,0.00,15.96,0.00,0.00,5.32,0.00,0.00,0.00,61.70
08:33:31,4,18.28,0.00,12.90,0.00,0.00,5.38,0.00,0.00,0.00,63.44
08:33:31,5,17.58,0.00,15.38,0.00,0.00,5.49,0.00,0.00,0.00,61.54
08:33:31,6,16.30,0.00,14.13,0.00,0.00,4.35,0.00,0.00,0.00,65.22
08:33:31,7,15.05,0.00,12.90,0.00,0.00,5.38,0.00,0.00,0.00,66.67
08:33:31,12,16.67,0.00,13.33,0.00,0.00,5.56,0.00,0.00,0.00,64.44
08:33:31,13,15.56,0.00,14.44,0.00,0.00,5.56,0.00,0.00,0.00,64.44
08:33:31,14,18.28,0.00,13.98,0.00,0.00,4.30,0.00,0.00,0.00,63.44
08:33:31,15,14.89,0.00,15.96,0.00,0.00,5.32,0.00,0.00,0.00,63.83
08:33:32,4,17.05,0.00,11.36,0.00,0.00,5.68,0.00,0.00,0.00,65.91
08:33:32,5,13.33,0.00,18.89,0.00,0.00,5.56,0.00,0.00,0.00,62.22
08:33:32,6,16.30,0.00,14.13,0.00,0.00,4.35,0.00,0.00,0.00,65.22
08:33:32,7,15.22,0.00,14.13,0.00,0.00,4.35,0.00,0.00,0.00,66.30
08:33:32,12,16.85,0.00,13.48,0.00,0.00,4.49,0.00,0.00,0.00,65.17
08:33:32,13,17.39,0.00,13.04,0.00,0.00,7.61,0.00,0.00,0.00,61.96
08:33:32,14,17.02,0.00,14.89,0.00,0.00,4.26,0.00,0.00,0.00,63.83
08:33:32,15,15.38,0.00,12.09,0.00,0.00,4.40,0.00,0.00,0.00,68.13
08:33:33,4,14.77,0.00,13.64,1.14,0.00,5.68,0.00,0.00,0.00,64.77
08:33:33,5,19.57,0.00,11.96,0.00,0.00,5.43,0.00,0.00,0.00,63.04
08:33:33,6,20.21,0.00,12.77,0.00,0.00,5.32,0.00,0.00,0.00,61.70
08:33:33,7,14.61,0.00,13.48,0.00,0.00,4.49,0.00,0.00,0.00,67.42
08:33:33,12,16.48,0.00,13.19,0.00,0.00,5.49,0.00,0.00,0.00,64.84
08:33:33,13,19.78,0.00,15.38,1.10,0.00,5.49,0.00,0.00,0.00,58.24
08:33:33,14,18.48,0.00,13.04,0.00,0.00,5.43,0.00,0.00,0.00,63.04
08:33:33,15,16.30,0.00,14.13,0.00,0.00,5.43,0.00,0.00,0.00,64.13
08:33:34,4,18.28,0.00,13.98,0.00,0.00,4.30,0.00,0.00,0.00,63.44
08:33:34,5,15.22,0.00,15.22,0.00,0.00,6.52,0.00,0.00,0.00,63.04
08:33:34,6,15.56,0.00,14.44,0.00,0.00,5.56,0.00,0.00,0.00,64.44
08:33:34,7,15.05,0.00,12.90,0.00,0.00,7.53,0.00,0.00,0.00,64.52
08:33:34,12,16.30,0.00,13.04,0.00,0.00,6.52,0.00,0.00,0.00,64.13
08:33:34,13,14.89,0.00,19.15,0.00,0.00,5.32,0.00,0.00,0.00,60.64
08:33:34,14,15.22,0.00,14.13,0.00,0.00,6.52,0.00,0.00,0.00,64.13
08:33:34,15,16.48,0.00,13.19,0.00,0.00,4.40,0.00,0.00,0.00,65.93
08:33:35,4,16.48,0.00,12.09,0.00,0.00,6.59,0.00,0.00,0.00,64.84
08:33:35,5,22.58,0.00,15.05,0.00,0.00,6.45,0.00,0.00,0.00,55.91
08:33:35,6,13.98,0.00,16.13,0.00,0.00,6.45,0.00,0.00,0.00,63.44
08:33:35,7,15.96,0.00,14.89,0.00,0.00,6.38,0.00,0.00,0.00,62.77
08:33:35,12,20.21,0.00,13.83,0.00,0.00,5.32,0.00,0.00,0.00,60.64
08:33:35,13,17.58,0.00,13.19,0.00,0.00,5.49,0.00,0.00,0.00,63.74
08:33:35,14,17.20,0.00,15.05,0.00,0.00,5.38,0.00,0.00,0.00,62.37
08:33:35,15,15.38,0.00,15.38,0.00,0.00,4.40,0.00,0.00,0.00,64.84
08:33:36,4,16.48,0.00,15.38,0.00,0.00,6.59,0.00,0.00,0.00,61.54
08:33:36,5,16.13,0.00,13.98,0.00,0.00,6.45,0.00,0.00,0.00,63.44
08:33:36,6,13.64,0.00,13.64,0.00,0.00,5.68,0.00,0.00,0.00,67.05
08:33:36,7,16.30,0.00,13.04,0.00,0.00,5.43,0.00,0.00,0.00,65.22
08:33:36,12,16.30,0.00,13.04,0.00,0.00,5.43,0.00,0.00,0.00,65.22
08:33:36,13,18.28,0.00,13.98,0.00,0.00,6.45,0.00,0.00,0.00,61.29
08:33:36,14,17.89,0.00,12.63,0.00,0.00,6.32,0.00,0.00,0.00,63.16
08:33:36,15,15.38,0.00,13.19,0.00,0.00,5.49,0.00,0.00,0.00,65.93
08:33:37,4,13.64,0.00,15.91,0.00,0.00,3.41,0.00,0.00,0.00,67.05
08:33:37,5,17.05,0.00,14.77,0.00,0.00,4.55,0.00,0.00,0.00,63.64
08:33:37,6,18.75,0.00,13.54,0.00,0.00,6.25,0.00,0.00,0.00,61.46
08:33:37,7,15.22,0.00,14.13,0.00,0.00,6.52,0.00,0.00,0.00,64.13
08:33:37,12,17.78,0.00,13.33,0.00,0.00,3.33,0.00,0.00,0.00,65.56
08:33:37,13,16.67,0.00,13.33,0.00,0.00,5.56,0.00,0.00,0.00,64.44
08:33:37,14,16.48,0.00,14.29,0.00,0.00,4.40,0.00,0.00,0.00,64.84
08:33:37,15,14.61,0.00,12.36,0.00,0.00,5.62,0.00,0.00,0.00,67.42
08:33:38,4,18.48,0.00,11.96,0.00,0.00,5.43,0.00,0.00,0.00,64.13
08:33:38,5,17.98,0.00,12.36,0.00,0.00,4.49,0.00,0.00,0.00,65.17
08:33:38,6,16.48,0.00,14.29,0.00,0.00,6.59,0.00,0.00,0.00,62.64
08:33:38,7,14.29,0.00,15.38,0.00,0.00,4.40,0.00,0.00,0.00,65.93
08:33:38,12,19.15,0.00,10.64,0.00,0.00,6.38,0.00,0.00,0.00,63.83
08:33:38,13,17.20,0.00,16.13,1.08,0.00,4.30,0.00,0.00,0.00,61.29
08:33:38,14,16.30,0.00,14.13,0.00,0.00,6.52,0.00,0.00,0.00,63.04
08:33:38,15,15.79,0.00,13.68,0.00,0.00,7.37,0.00,0.00,0.00,63.16
08:33:39,4,18.09,0.00,12.77,0.00,0.00,5.32,0.00,0.00,0.00,63.83
08:33:39,5,16.30,0.00,13.04,0.00,0.00,5.43,0.00,0.00,0.00,65.22
08:33:39,6,15.05,0.00,16.13,0.00,0.00,6.45,0.00,0.00,0.00,62.37
08:33:39,7,15.05,0.00,13.98,0.00,0.00,5.38,0.00,0.00,0.00,65.59
08:33:39,12,14.61,0.00,12.36,0.00,0.00,5.62,0.00,0.00,0.00,67.42
08:33:39,13,15.22,0.00,13.04,0.00,0.00,6.52,0.00,0.00,0.00,65.22
08:33:39,14,16.48,0.00,13.19,0.00,0.00,4.40,0.00,0.00,0.00,65.93
08:33:39,15,15.22,0.00,16.30,0.00,0.00,4.35,0.00,0.00,0.00,64.13
08:33:40,4,18.75,0.00,16.67,0.00,0.00,5.21,0.00,0.00,0.00,59.38
08:33:40,5,17.05,0.00,13.64,0.00,0.00,4.55,0.00,0.00,0.00,64.77
08:33:40,6,17.02,0.00,15.96,0.00,0.00,6.38,0.00,0.00,0.00,60.64
08:33:40,7,15.96,0.00,14.89,0.00,0.00,7.45,0.00,0.00,0.00,61.70
08:33:40,12,18.68,0.00,14.29,0.00,0.00,4.40,0.00,0.00,0.00,62.64
08:33:40,13,20.65,0.00,16.30,0.00,0.00,5.43,0.00,0.00,0.00,57.61
08:33:40,14,19.78,0.00,14.29,0.00,0.00,5.49,0.00,0.00,0.00,60.44
08:33:40,15,16.13,0.00,15.05,0.00,0.00,6.45,0.00,0.00,0.00,62.37
08:33:41,4,17.89,0.00,13.68,0.00,0.00,6.32,0.00,0.00,0.00,62.11
08:33:41,5,17.20,0.00,17.20,0.00,0.00,6.45,0.00,0.00,0.00,59.14
08:33:41,6,16.48,0.00,14.29,0.00,0.00,5.49,0.00,0.00,0.00,63.74
08:33:41,7,14.89,0.00,14.89,0.00,0.00,5.32,0.00,0.00,0.00,64.89
08:33:41,12,15.79,0.00,18.95,0.00,0.00,5.26,0.00,0.00,0.00,60.00
08:33:41,13,16.13,0.00,16.13,0.00,0.00,5.38,0.00,0.00,0.00,62.37
08:33:41,14,14.94,0.00,14.94,0.00,0.00,4.60,0.00,0.00,0.00,65.52
08:33:41,15,14.44,0.00,14.44,0.00,0.00,4.44,0.00,0.00,0.00,66.67
08:33:42,4,18.28,0.00,13.98,0.00,0.00,6.45,0.00,0.00,0.00,61.29
08:33:42,5,15.38,0.00,14.29,0.00,0.00,5.49,0.00,0.00,0.00,64.84
08:33:42,6,15.05,0.00,12.90,0.00,0.00,6.45,0.00,0.00,0.00,65.59
08:33:42,7,15.05,0.00,12.90,0.00,0.00,4.30,0.00,0.00,0.00,67.74
08:33:42,12,15.38,0.00,16.48,0.00,0.00,6.59,0.00,0.00,0.00,61.54
08:33:42,13,17.58,0.00,14.29,0.00,0.00,4.40,0.00,0.00,0.00,63.74
08:33:42,14,16.67,0.00,12.22,0.00,0.00,6.67,0.00,0.00,0.00,64.44
08:33:42,15,15.05,0.00,13.98,0.00,0.00,4.30,0.00,0.00,0.00,66.67
08:33:43,4,17.20,0.00,13.98,0.00,0.00,5.38,0.00,0.00,0.00,63.44
08:33:43,5,19.15,0.00,13.83,0.00,0.00,5.32,0.00,0.00,0.00,61.70
08:33:43,6,17.20,0.00,12.90,0.00,0.00,6.45,0.00,0.00,0.00,63.44
08:33:43,7,14.13,0.00,15.22,0.00,0.00,4.35,0.00,0.00,0.00,66.30
08:33:43,12,19.15,0.00,15.96,0.00,0.00,4.26,0.00,0.00,0.00,60.64
08:33:43,13,18.68,0.00,14.29,0.00,0.00,4.40,0.00,0.00,0.00,62.64
08:33:43,14,14.44,0.00,14.44,0.00,0.00,5.56,0.00,0.00,0.00,65.56
08:33:43,15,15.38,0.00,13.19,0.00,0.00,5.49,0.00,0.00,0.00,65.93
08:33:44,4,16.67,0.00,15.56,0.00,0.00,5.56,0.00,0.00,0.00,62.22
08:33:44,5,15.38,0.00,17.58,0.00,0.00,5.49,0.00,0.00,0.00,61.54
08:33:44,6,15.56,0.00,13.33,0.00,0.00,5.56,0.00,0.00,0.00,65.56
08:33:44,7,15.38,0.00,13.19,0.00,0.00,4.40,0.00,0.00,0.00,67.03
08:33:44,12,17.39,0.00,11.96,0.00,0.00,6.52,0.00,0.00,0.00,64.13
08:33:44,13,17.58,0.00,12.09,0.00,0.00,6.59,0.00,0.00,0.00,63.74
08:33:44,14,16.30,0.00,13.04,0.00,0.00,6.52,0.00,0.00,0.00,64.13
08:33:44,15,17.02,0.00,13.83,0.00,0.00,5.32,0.00,0.00,0.00,63.83
08:33:45,4,18.75,0.00,15.62,0.00,0.00,6.25,0.00,0.00,0.00,59.38
08:33:45,5,17.98,0.00,15.73,0.00,0.00,4.49,0.00,0.00,0.00,61.80
08:33:45,6,17.58,0.00,12.09,0.00,0.00,6.59,0.00,0.00,0.00,63.74
08:33:45,7,15.56,0.00,13.33,0.00,0.00,5.56,0.00,0.00,0.00,65.56
08:33:45,12,20.43,0.00,16.13,0.00,0.00,5.38,0.00,0.00,0.00,58.06
08:33:45,13,17.58,0.00,14.29,0.00,0.00,5.49,0.00,0.00,0.00,62.64
08:33:45,14,16.48,0.00,14.29,0.00,0.00,6.59,0.00,0.00,0.00,62.64
08:33:45,15,15.73,0.00,13.48,0.00,0.00,5.62,0.00,0.00,0.00,65.17
08:33:46,4,15.22,0.00,14.13,0.00,0.00,6.52,0.00,0.00,0.00,64.13
08:33:46,5,15.96,0.00,17.02,0.00,0.00,5.32,0.00,0.00,0.00,61.70
08:33:46,6,16.67,0.00,14.44,0.00,0.00,4.44,0.00,0.00,0.00,64.44
08:33:46,7,15.05,0.00,12.90,0.00,0.00,6.45,0.00,0.00,0.00,65.59
08:33:46,12,14.61,0.00,13.48,0.00,0.00,6.74,0.00,0.00,0.00,65.17
08:33:46,13,17.58,0.00,14.29,0.00,0.00,5.49,0.00,0.00,0.00,62.64
08:33:46,14,17.89,0.00,14.74,0.00,0.00,6.32,0.00,0.00,0.00,61.05
08:33:46,15,14.29,0.00,12.09,0.00,0.00,6.59,0.00,0.00,0.00,67.03
08:33:47,4,14.44,0.00,15.56,0.00,0.00,5.56,0.00,0.00,0.00,64.44
08:33:47,5,14.77,0.00,12.50,0.00,0.00,6.82,0.00,0.00,0.00,65.91
08:33:47,6,18.09,0.00,15.96,0.00,0.00,5.32,0.00,0.00,0.00,60.64
08:33:47,7,17.20,0.00,11.83,0.00,0.00,6.45,0.00,0.00,0.00,64.52
08:33:47,12,18.75,0.00,13.54,0.00,0.00,6.25,0.00,0.00,0.00,61.46
08:33:47,13,17.39,0.00,13.04,0.00,0.00,5.43,0.00,0.00,0.00,64.13
08:33:47,14,16.30,0.00,17.39,0.00,0.00,4.35,0.00,0.00,0.00,61.96
08:33:47,15,17.02,0.00,13.83,0.00,0.00,5.32,0.00,0.00,0.00,63.83
08:33:48,4,16.48,0.00,15.38,0.00,0.00,6.59,0.00,0.00,0.00,61.54
08:33:48,5,18.09,0.00,14.89,0.00,0.00,6.38,0.00,0.00,0.00,60.64
08:33:48,6,16.48,0.00,14.29,0.00,0.00,4.40,0.00,0.00,0.00,64.84
08:33:48,7,15.38,0.00,14.29,0.00,0.00,4.40,0.00,0.00,0.00,65.93
08:33:48,12,17.58,0.00,15.38,0.00,0.00,5.49,0.00,0.00,0.00,61.54
08:33:48,13,17.20,0.00,15.05,0.00,0.00,6.45,0.00,0.00,0.00,61.29
08:33:48,14,15.38,0.00,15.38,0.00,0.00,5.49,0.00,0.00,0.00,63.74
08:33:48,15,15.79,0.00,13.68,0.00,0.00,6.32,0.00,0.00,0.00,64.21
08:33:49,4,16.49,0.00,15.46,0.00,0.00,6.19,0.00,0.00,0.00,61.86
08:33:49,5,17.39,0.00,16.30,0.00,0.00,4.35,0.00,0.00,0.00,61.96
08:33:49,6,19.15,0.00,13.83,0.00,0.00,5.32,0.00,0.00,0.00,61.70
08:33:49,7,17.02,0.00,13.83,0.00,0.00,5.32,0.00,0.00,0.00,63.83
08:33:49,12,15.22,0.00,15.22,0.00,0.00,5.43,0.00,0.00,0.00,64.13
08:33:49,13,16.30,0.00,14.13,0.00,0.00,5.43,0.00,0.00,0.00,64.13
08:33:49,14,17.20,0.00,16.13,0.00,0.00,3.23,0.00,0.00,0.00,63.44
08:33:49,15,17.39,0.00,11.96,0.00,0.00,5.43,0.00,0.00,0.00,65.22
08:33:50,4,21.28,0.00,13.83,0.00,0.00,5.32,0.00,0.00,0.00,59.57
08:33:50,5,16.30,0.00,16.30,0.00,0.00,5.43,0.00,0.00,0.00,61.96
08:33:50,6,15.96,0.00,17.02,0.00,0.00,5.32,0.00,0.00,0.00,61.70
08:33:50,7,15.38,0.00,14.29,0.00,0.00,5.49,0.00,0.00,0.00,64.84
08:33:50,12,17.20,0.00,17.20,0.00,0.00,6.45,0.00,0.00,0.00,59.14
08:33:50,13,20.00,0.00,14.44,0.00,0.00,5.56,0.00,0.00,0.00,60.00
08:33:50,14,18.28,0.00,13.98,0.00,0.00,5.38,0.00,0.00,0.00,62.37
08:33:50,15,17.02,0.00,13.83,0.00,0.00,7.45,0.00,0.00,0.00,61.70
08:33:51,4,14.61,0.00,15.73,0.00,0.00,5.62,0.00,0.00,0.00,64.04
08:33:51,5,15.79,0.00,16.84,0.00,0.00,6.32,0.00,0.00,0.00,61.05
08:33:51,6,16.30,0.00,15.22,0.00,0.00,6.52,0.00,0.00,0.00,61.96
08:33:51,7,14.44,0.00,13.33,0.00,0.00,4.44,0.00,0.00,0.00,67.78
08:33:51,12,14.29,0.00,16.48,0.00,0.00,4.40,0.00,0.00,0.00,64.84
08:33:51,13,16.30,0.00,14.13,0.00,0.00,6.52,0.00,0.00,0.00,63.04
08:33:51,14,16.67,0.00,14.44,0.00,0.00,4.44,0.00,0.00,0.00,64.44
08:33:51,15,15.22,0.00,13.04,0.00,0.00,5.43,0.00,0.00,0.00,66.30
08:33:52,4,17.39,0.00,14.13,0.00,0.00,5.43,0.00,0.00,0.00,63.04
08:33:52,5,18.28,0.00,13.98,0.00,0.00,7.53,0.00,0.00,0.00,60.22
08:33:52,6,17.20,0.00,15.05,0.00,0.00,5.38,0.00,0.00,0.00,62.37
08:33:52,7,15.96,0.00,14.89,0.00,0.00,5.32,0.00,0.00,0.00,63.83
08:33:52,12,15.38,0.00,13.19,0.00,0.00,6.59,0.00,0.00,0.00,64.84
08:33:52,13,18.68,0.00,13.19,0.00,0.00,6.59,0.00,0.00,0.00,61.54
08:33:52,14,15.38,0.00,15.38,0.00,0.00,5.49,0.00,0.00,0.00,63.74
08:33:52,15,14.61,0.00,13.48,0.00,0.00,4.49,0.00,0.00,0.00,67.42
08:33:53,4,15.05,0.00,13.98,0.00,0.00,6.45,0.00,0.00,0.00,64.52
08:33:53,5,16.48,0.00,16.48,0.00,0.00,6.59,0.00,0.00,0.00,60.44
08:33:53,6,15.96,0.00,15.96,0.00,0.00,6.38,0.00,0.00,0.00,61.70
08:33:53,7,15.22,0.00,14.13,0.00,0.00,5.43,0.00,0.00,0.00,65.22
08:33:53,12,16.13,0.00,15.05,0.00,0.00,5.38,0.00,0.00,0.00,63.44
08:33:53,13,17.39,0.00,13.04,0.00,0.00,4.35,0.00,0.00,0.00,65.22
08:33:53,14,16.13,0.00,13.98,0.00,0.00,6.45,0.00,0.00,0.00,63.44
08:33:53,15,14.89,0.00,14.89,0.00,0.00,5.32,0.00,0.00,0.00,64.89
08:33:54,4,16.13,0.00,13.98,0.00,0.00,5.38,0.00,0.00,0.00,64.52
08:33:54,5,16.30,0.00,14.13,0.00,0.00,5.43,0.00,0.00,0.00,64.13
08:33:54,6,16.30,0.00,13.04,0.00,0.00,5.43,0.00,0.00,0.00,65.22
08:33:54,7,16.84,0.00,13.68,0.00,0.00,6.32,0.00,0.00,0.00,63.16
08:33:54,12,15.96,0.00,13.83,0.00,0.00,6.38,0.00,0.00,0.00,63.83
08:33:54,13,14.29,0.00,17.58,0.00,0.00,6.59,0.00,0.00,0.00,61.54
08:33:54,14,16.13,0.00,16.13,0.00,0.00,4.30,0.00,0.00,0.00,63.44
08:33:54,15,17.20,0.00,13.98,0.00,0.00,5.38,0.00,0.00,0.00,63.44
08:33:55,4,15.22,0.00,17.39,0.00,0.00,5.43,0.00,0.00,0.00,61.96
08:33:55,5,16.48,0.00,14.29,0.00,0.00,5.49,0.00,0.00,0.00,63.74
08:33:55,6,17.58,0.00,13.19,0.00,0.00,5.49,0.00,0.00,0.00,63.74
08:33:55,7,15.22,0.00,14.13,0.00,0.00,5.43,0.00,0.00,0.00,65.22
08:33:55,12,17.39,0.00,13.04,0.00,0.00,5.43,0.00,0.00,0.00,64.13
08:33:55,13,18.68,0.00,12.09,0.00,0.00,6.59,0.00,0.00,0.00,62.64
08:33:55,14,16.30,0.00,14.13,0.00,0.00,5.43,0.00,0.00,0.00,64.13
08:33:55,15,16.30,0.00,13.04,0.00,0.00,5.43,0.00,0.00,0.00,65.22
08:33:56,4,18.28,0.00,15.05,0.00,0.00,4.30,0.00,0.00,0.00,62.37
08:33:56,5,17.39,0.00,14.13,0.00,0.00,4.35,0.00,0.00,0.00,64.13
08:33:56,6,17.39,0.00,13.04,0.00,0.00,6.52,0.00,0.00,0.00,63.04
08:33:56,7,16.13,0.00,13.98,0.00,0.00,6.45,0.00,0.00,0.00,63.44
08:33:56,12,17.02,0.00,15.96,0.00,0.00,5.32,0.00,0.00,0.00,61.70
08:33:56,13,21.51,0.00,13.98,0.00,0.00,5.38,0.00,0.00,0.00,59.14
08:33:56,14,19.35,0.00,11.83,0.00,0.00,6.45,0.00,0.00,0.00,62.37
08:33:56,15,16.84,0.00,15.79,0.00,0.00,5.26,0.00,0.00,0.00,62.11
08:33:57,4,17.39,0.00,14.13,0.00,0.00,6.52,0.00,0.00,0.00,61.96
08:33:57,5,17.02,0.00,15.96,0.00,0.00,5.32,0.00,0.00,0.00,61.70
08:33:57,6,16.30,0.00,14.13,0.00,0.00,5.43,0.00,0.00,0.00,64.13
08:33:57,7,15.79,0.00,14.74,0.00,0.00,6.32,0.00,0.00,0.00,63.16
08:33:57,12,15.38,0.00,15.38,0.00,0.00,6.59,0.00,0.00,0.00,62.64
08:33:57,13,17.98,0.00,12.36,0.00,0.00,4.49,0.00,0.00,0.00,65.17
08:33:57,14,16.30,0.00,13.04,0.00,0.00,6.52,0.00,0.00,0.00,64.13
08:33:57,15,13.04,0.00,14.13,0.00,0.00,6.52,0.00,0.00,0.00,66.30
08:33:58,4,18.09,0.00,13.83,1.06,0.00,4.26,0.00,0.00,0.00,62.77
08:33:58,5,18.48,0.00,13.04,0.00,0.00,5.43,0.00,0.00,0.00,63.04
08:33:58,6,16.30,0.00,13.04,0.00,0.00,5.43,0.00,0.00,0.00,65.22
08:33:58,7,15.96,0.00,13.83,0.00,0.00,6.38,0.00,0.00,0.00,63.83
08:33:58,12,16.48,0.00,13.19,0.00,0.00,6.59,0.00,0.00,0.00,63.74
08:33:58,13,16.85,0.00,14.61,0.00,0.00,4.49,0.00,0.00,0.00,64.04
08:33:58,14,17.20,0.00,16.13,0.00,0.00,5.38,0.00,0.00,0.00,61.29
08:33:58,15,17.02,0.00,13.83,0.00,0.00,6.38,0.00,0.00,0.00,62.77
08:33:59,4,17.20,0.00,13.98,0.00,0.00,6.45,0.00,0.00,0.00,62.37
08:33:59,5,18.28,0.00,12.90,0.00,0.00,5.38,0.00,0.00,0.00,63.44
08:33:59,6,16.13,0.00,15.05,0.00,0.00,5.38,0.00,0.00,0.00,63.44
08:33:59,7,14.29,0.00,12.09,0.00,0.00,6.59,0.00,0.00,0.00,67.03
08:33:59,12,16.13,0.00,12.90,0.00,0.00,6.45,0.00,0.00,0.00,64.52
08:33:59,13,18.48,0.00,13.04,0.00,0.00,5.43,0.00,0.00,0.00,63.04
08:33:59,14,17.20,0.00,12.90,0.00,0.00,6.45,0.00,0.00,0.00,63.44
08:33:59,15,16.67,0.00,11.11,0.00,0.00,5.56,0.00,0.00,0.00,66.67
08:34:00,4,17.39,0.00,15.22,0.00,0.00,4.35,0.00,0.00,0.00,63.04
08:34:00,5,15.56,0.00,13.33,0.00,0.00,5.56,0.00,0.00,0.00,65.56
08:34:00,6,15.38,0.00,15.38,0.00,0.00,5.49,0.00,0.00,0.00,63.74
08:34:00,7,14.13,0.00,15.22,0.00,0.00,4.35,0.00,0.00,0.00,66.30
08:34:00,12,16.48,0.00,16.48,0.00,0.00,5.49,0.00,0.00,0.00,61.54
08:34:00,13,17.02,0.00,14.89,0.00,0.00,6.38,0.00,0.00,0.00,61.70
08:34:00,14,15.22,0.00,16.30,0.00,0.00,4.35,0.00,0.00,0.00,64.13
08:34:00,15,14.13,0.00,16.30,0.00,0.00,4.35,0.00,0.00,0.00,65.22
08:34:01,4,15.38,0.00,15.38,0.00,0.00,7.69,0.00,0.00,0.00,61.54
08:34:01,5,18.48,0.00,15.22,0.00,0.00,6.52,0.00,0.00,0.00,59.78
08:34:01,6,21.74,0.00,15.22,0.00,0.00,4.35,0.00,0.00,0.00,58.70
08:34:01,7,14.61,0.00,12.36,0.00,0.00,5.62,0.00,0.00,0.00,67.42
08:34:01,12,17.58,0.00,13.19,0.00,0.00,6.59,0.00,0.00,0.00,62.64
08:34:01,13,17.98,0.00,14.61,0.00,0.00,6.74,0.00,0.00,0.00,60.67
08:34:01,14,19.15,0.00,14.89,0.00,0.00,6.38,0.00,0.00,0.00,59.57
08:34:01,15,16.48,0.00,12.09,0.00,0.00,6.59,0.00,0.00,0.00,64.84
08:34:02,4,13.33,0.00,14.44,0.00,0.00,5.56,0.00,0.00,0.00,66.67
08:34:02,5,17.58,0.00,14.29,0.00,0.00,5.49,0.00,0.00,0.00,62.64
08:34:02,6,17.02,0.00,13.83,0.00,0.00,5.32,0.00,0.00,0.00,63.83
08:34:02,7,14.29,0.00,14.29,0.00,0.00,5.49,0.00,0.00,0.00,65.93
08:34:02,12,16.13,0.00,15.05,0.00,0.00,4.30,0.00,0.00,0.00,64.52
08:34:02,13,17.20,0.00,15.05,0.00,0.00,5.38,0.00,0.00,0.00,62.37
08:34:02,14,16.67,0.00,13.33,0.00,0.00,5.56,0.00,0.00,0.00,64.44
08:34:02,15,15.79,0.00,16.84,0.00,0.00,4.21,0.00,0.00,0.00,63.16
08:34:03,4,18.68,0.00,13.19,0.00,0.00,6.59,0.00,0.00,0.00,61.54
08:34:03,5,16.48,0.00,15.38,0.00,0.00,5.49,0.00,0.00,0.00,62.64
08:34:03,6,17.20,0.00,13.98,0.00,0.00,5.38,0.00,0.00,0.00,63.44
08:34:03,7,15.79,0.00,14.74,0.00,0.00,5.26,0.00,0.00,0.00,64.21
08:34:03,12,17.89,0.00,13.68,0.00,0.00,6.32,0.00,0.00,0.00,62.11
08:34:03,13,15.38,0.00,15.38,0.00,0.00,4.40,0.00,0.00,0.00,64.84
08:34:03,14,15.91,0.00,13.64,0.00,0.00,4.55,0.00,0.00,0.00,65.91
08:34:03,15,14.13,0.00,14.13,0.00,0.00,5.43,0.00,0.00,0.00,66.30
08:34:04,4,16.30,0.00,16.30,0.00,0.00,5.43,0.00,0.00,0.00,61.96
08:34:04,5,18.09,0.00,15.96,0.00,0.00,5.32,0.00,0.00,0.00,60.64
08:34:04,6,14.29,0.00,14.29,0.00,0.00,5.49,0.00,0.00,0.00,65.93
08:34:04,7,15.96,0.00,12.77,0.00,0.00,4.26,0.00,0.00,0.00,67.02
08:34:04,12,17.58,0.00,15.38,0.00,0.00,4.40,0.00,0.00,0.00,62.64
08:34:04,13,17.58,0.00,15.38,0.00,0.00,5.49,0.00,0.00,0.00,61.54
08:34:04,14,15.96,0.00,14.89,0.00,0.00,5.32,0.00,0.00,0.00,63.83
08:34:04,15,16.84,0.00,13.68,0.00,0.00,4.21,0.00,0.00,0.00,65.26
08:34:05,4,17.53,0.00,16.49,0.00,0.00,5.15,0.00,0.00,0.00,60.82
08:34:05,5,17.39,0.00,15.22,0.00,0.00,5.43,0.00,0.00,0.00,61.96
08:34:05,6,15.05,0.00,13.98,0.00,0.00,8.60,0.00,0.00,0.00,62.37
08:34:05,7,14.13,0.00,11.96,0.00,0.00,6.52,0.00,0.00,0.00,67.39
08:34:05,12,16.13,0.00,15.05,0.00,0.00,6.45,0.00,0.00,0.00,62.37
08:34:05,13,17.58,0.00,16.48,0.00,0.00,5.49,0.00,0.00,0.00,60.44
08:34:05,14,14.29,0.00,14.29,0.00,0.00,6.59,0.00,0.00,0.00,64.84
08:34:05,15,14.29,0.00,14.29,0.00,0.00,4.40,0.00,0.00,0.00,67.03
08:34:06,4,19.57,0.00,14.13,0.00,0.00,5.43,0.00,0.00,0.00,60.87
08:34:06,5,18.48,0.00,15.22,0.00,0.00,5.43,0.00,0.00,0.00,60.87
08:34:06,6,15.56,0.00,13.33,0.00,0.00,5.56,0.00,0.00,0.00,65.56
08:34:06,7,16.67,0.00,13.54,0.00,0.00,5.21,0.00,0.00,0.00,64.58
08:34:06,12,17.20,0.00,17.20,0.00,0.00,6.45,0.00,0.00,0.00,59.14
08:34:06,13,18.09,0.00,14.89,0.00,0.00,6.38,0.00,0.00,0.00,60.64
08:34:06,14,16.48,0.00,14.29,0.00,0.00,5.49,0.00,0.00,0.00,63.74
08:34:06,15,16.30,0.00,13.04,0.00,0.00,4.35,0.00,0.00,0.00,66.30
08:34:07,4,15.56,0.00,14.44,0.00,0.00,5.56,0.00,0.00,0.00,64.44
08:34:07,5,17.20,0.00,16.13,0.00,0.00,5.38,0.00,0.00,0.00,61.29
08:34:07,6,14.89,0.00,15.96,0.00,0.00,6.38,0.00,0.00,0.00,62.77
08:34:07,7,15.38,0.00,13.19,0.00,0.00,4.40,0.00,0.00,0.00,67.03
08:34:07,12,17.20,0.00,12.90,0.00,0.00,5.38,0.00,0.00,0.00,64.52
08:34:07,13,17.20,0.00,15.05,0.00,0.00,6.45,0.00,0.00,0.00,61.29
08:34:07,14,17.20,0.00,12.90,0.00,0.00,6.45,0.00,0.00,0.00,63.44
08:34:07,15,16.48,0.00,12.09,0.00,0.00,4.40,0.00,0.00,0.00,67.03
08:34:08,4,17.39,0.00,15.22,0.00,0.00,4.35,0.00,0.00,0.00,63.04
08:34:08,5,18.48,0.00,13.04,0.00,0.00,5.43,0.00,0.00,0.00,63.04
08:34:08,6,17.20,0.00,13.98,0.00,0.00,5.38,0.00,0.00,0.00,63.44
08:34:08,7,13.98,0.00,10.75,0.00,0.00,6.45,0.00,0.00,0.00,68.82
08:34:08,12,18.68,0.00,16.48,0.00,0.00,4.40,0.00,0.00,0.00,60.44
08:34:08,13,17.20,0.00,15.05,0.00,0.00,6.45,0.00,0.00,0.00,61.29
08:34:08,14,19.35,0.00,15.05,0.00,0.00,4.30,0.00,0.00,0.00,61.29
08:34:08,15,16.30,0.00,11.96,0.00,0.00,5.43,0.00,0.00,0.00,66.30
08:34:09,4,17.20,0.00,13.98,0.00,0.00,5.38,0.00,0.00,0.00,63.44
08:34:09,5,16.13,0.00,17.20,0.00,0.00,6.45,0.00,0.00,0.00,60.22
08:34:09,6,17.58,0.00,14.29,0.00,0.00,5.49,0.00,0.00,0.00,62.64
08:34:09,7,17.39,0.00,11.96,0.00,0.00,4.35,0.00,0.00,0.00,66.30
08:34:09,12,18.75,0.00,13.54,0.00,0.00,6.25,0.00,0.00,0.00,61.46
08:34:09,13,17.39,0.00,13.04,0.00,0.00,5.43,0.00,0.00,0.00,64.13
08:34:09,14,16.13,0.00,15.05,0.00,0.00,7.53,0.00,0.00,0.00,61.29
08:34:09,15,17.58,0.00,10.99,0.00,0.00,5.49,0.00,0.00,0.00,65.93
08:34:10,4,16.30,0.00,14.13,0.00,0.00,6.52,0.00,0.00,0.00,63.04
08:34:10,5,15.56,0.00,17.78,0.00,0.00,4.44,0.00,0.00,0.00,62.22
08:34:10,6,18.28,0.00,12.90,0.00,0.00,5.38,0.00,0.00,0.00,63.44
08:34:10,7,15.22,0.00,13.04,0.00,0.00,5.43,0.00,0.00,0.00,66.30
08:34:10,12,16.48,0.00,14.29,0.00,0.00,4.40,0.00,0.00,0.00,64.84
08:34:10,13,18.28,0.00,15.05,0.00,0.00,5.38,0.00,0.00,0.00,61.29
08:34:10,14,17.20,0.00,12.90,0.00,0.00,5.38,0.00,0.00,0.00,64.52
08:34:10,15,17.02,0.00,12.77,0.00,0.00,5.32,0.00,0.00,0.00,64.89
08:34:11,4,16.48,0.00,14.29,0.00,0.00,5.49,0.00,0.00,0.00,63.74
08:34:11,5,19.57,0.00,14.13,0.00,0.00,4.35,0.00,0.00,0.00,61.96
08:34:11,6,18.09,0.00,13.83,0.00,0.00,6.38,0.00,0.00,0.00,61.70
08:34:11,7,14.13,0.00,14.13,0.00,0.00,6.52,0.00,0.00,0.00,65.22
08:34:11,12,17.58,0.00,15.38,0.00,0.00,4.40,0.00,0.00,0.00,62.64
08:34:11,13,21.28,0.00,15.96,0.00,0.00,6.38,0.00,0.00,0.00,56.38
08:34:11,14,17.20,0.00,16.13,0.00,0.00,5.38,0.00,0.00,0.00,61.29
08:34:11,15,17.20,0.00,11.83,0.00,0.00,5.38,0.00,0.00,0.00,65.59
08:34:12,4,18.95,0.00,14.74,0.00,0.00,6.32,0.00,0.00,0.00,60.00
08:34:12,5,18.28,0.00,16.13,0.00,0.00,5.38,0.00,0.00,0.00,60.22
08:34:12,6,16.48,0.00,15.38,0.00,0.00,4.40,0.00,0.00,0.00,63.74
08:34:12,7,17.39,0.00,10.87,0.00,0.00,4.35,0.00,0.00,0.00,67.39
08:34:12,12,15.22,0.00,15.22,0.00,0.00,5.43,0.00,0.00,0.00,64.13
08:34:12,13,17.20,0.00,13.98,0.00,0.00,5.38,0.00,0.00,0.00,63.44
08:34:12,14,15.05,0.00,15.05,0.00,0.00,5.38,0.00,0.00,0.00,64.52
08:34:12,15,13.04,0.00,13.04,0.00,0.00,5.43,0.00,0.00,0.00,68.48
08:34:13,4,17.20,0.00,16.13,1.08,0.00,6.45,0.00,0.00,0.00,59.14
08:34:13,5,16.48,0.00,14.29,0.00,0.00,5.49,0.00,0.00,0.00,63.74
08:34:13,6,15.22,0.00,15.22,0.00,0.00,5.43,0.00,0.00,0.00,64.13
08:34:13,7,15.22,0.00,11.96,0.00,0.00,5.43,0.00,0.00,0.00,67.39
08:34:13,12,16.48,0.00,16.48,0.00,0.00,5.49,0.00,0.00,0.00,61.54
08:34:13,13,17.02,0.00,17.02,0.00,0.00,4.26,0.00,0.00,0.00,61.70
08:34:13,14,20.21,0.00,13.83,0.00,0.00,4.26,0.00,0.00,0.00,61.70
08:34:13,15,14.13,0.00,14.13,0.00,0.00,4.35,0.00,0.00,0.00,67.39
08:34:14,4,16.30,0.00,13.04,0.00,0.00,5.43,0.00,0.00,0.00,65.22
08:34:14,5,16.30,0.00,15.22,0.00,0.00,6.52,0.00,0.00,0.00,61.96
08:34:14,6,15.38,0.00,13.19,0.00,0.00,5.49,0.00,0.00,0.00,65.93
08:34:14,7,16.13,0.00,10.75,0.00,0.00,5.38,0.00,0.00,0.00,67.74
08:34:14,12,17.58,0.00,14.29,0.00,0.00,4.40,0.00,0.00,0.00,63.74
08:34:14,13,16.30,0.00,14.13,0.00,0.00,5.43,0.00,0.00,0.00,64.13
08:34:14,14,16.48,0.00,14.29,0.00,0.00,5.49,0.00,0.00,0.00,63.74
08:34:14,15,14.89,0.00,11.70,0.00,0.00,6.38,0.00,0.00,0.00,67.02
08:34:15,4,15.73,0.00,12.36,0.00,0.00,4.49,0.00,0.00,0.00,67.42
08:34:15,5,17.78,0.00,13.33,0.00,0.00,4.44,0.00,0.00,0.00,64.44
08:34:15,6,16.13,0.00,13.98,0.00,0.00,5.38,0.00,0.00,0.00,64.52
08:34:15,7,17.02,0.00,12.77,0.00,0.00,5.32,0.00,0.00,0.00,64.89
08:34:15,12,15.96,0.00,13.83,0.00,0.00,6.38,0.00,0.00,0.00,63.83
08:34:15,13,15.56,0.00,14.44,0.00,0.00,5.56,0.00,0.00,0.00,64.44
08:34:15,14,15.96,0.00,15.96,0.00,0.00,5.32,0.00,0.00,0.00,62.77
08:34:15,15,15.22,0.00,13.04,0.00,0.00,6.52,0.00,0.00,0.00,65.22
08:34:16,4,19.57,0.00,17.39,0.00,0.00,3.26,0.00,0.00,0.00,59.78
08:34:16,5,19.57,0.00,14.13,0.00,0.00,6.52,0.00,0.00,0.00,59.78
08:34:16,6,17.98,0.00,12.36,0.00,0.00,4.49,0.00,0.00,0.00,65.17
08:34:16,7,15.22,0.00,13.04,0.00,0.00,5.43,0.00,0.00,0.00,66.30
08:34:16,12,17.39,0.00,14.13,0.00,0.00,5.43,0.00,0.00,0.00,63.04
08:34:16,13,16.48,0.00,15.38,0.00,0.00,6.59,0.00,0.00,0.00,61.54
08:34:16,14,18.28,0.00,13.98,0.00,0.00,6.45,0.00,0.00,0.00,61.29
08:34:16,15,15.22,0.00,14.13,0.00,0.00,5.43,0.00,0.00,0.00,65.22
08:34:17,4,17.02,0.00,13.83,0.00,0.00,6.38,0.00,0.00,0.00,62.77
08:34:17,5,16.30,0.00,15.22,0.00,0.00,4.35,0.00,0.00,0.00,64.13
08:34:17,6,18.09,0.00,14.89,0.00,0.00,5.32,0.00,0.00,0.00,61.70
08:34:17,7,14.44,0.00,12.22,0.00,0.00,6.67,0.00,0.00,0.00,66.67
08:34:17,12,14.44,0.00,14.44,0.00,0.00,4.44,0.00,0.00,0.00,66.67
08:34:17,13,18.28,0.00,13.98,0.00,0.00,6.45,0.00,0.00,0.00,61.29
08:34:17,14,17.02,0.00,13.83,0.00,0.00,6.38,0.00,0.00,0.00,62.77
08:34:17,15,14.29,0.00,14.29,0.00,0.00,5.49,0.00,0.00,0.00,65.93
08:34:18,4,17.05,0.00,13.64,0.00,0.00,4.55,0.00,0.00,0.00,64.77
08:34:18,5,16.13,0.00,15.05,0.00,0.00,5.38,0.00,0.00,0.00,63.44
08:34:18,6,14.29,0.00,15.38,0.00,0.00,6.59,0.00,0.00,0.00,63.74
08:34:18,7,16.84,0.00,14.74,0.00,0.00,4.21,0.00,0.00,0.00,64.21
08:34:18,12,17.02,0.00,13.83,0.00,0.00,6.38,0.00,0.00,0.00,62.77
08:34:18,13,16.13,0.00,16.13,0.00,0.00,4.30,0.00,0.00,0.00,63.44
08:34:18,14,15.22,0.00,14.13,1.09,0.00,5.43,0.00,0.00,0.00,64.13
08:34:18,15,15.96,0.00,13.83,0.00,0.00,5.32,0.00,0.00,0.00,64.89
08:34:19,4,16.67,0.00,14.58,0.00,0.00,6.25,0.00,0.00,0.00,62.50
08:34:19,5,14.29,0.00,16.48,0.00,0.00,6.59,0.00,0.00,0.00,62.64
08:34:19,6,16.13,0.00,15.05,0.00,0.00,6.45,0.00,0.00,0.00,62.37
08:34:19,7,15.56,0.00,13.33,0.00,0.00,5.56,0.00,0.00,0.00,65.56
08:34:19,12,17.39,0.00,13.04,0.00,0.00,5.43,0.00,0.00,0.00,64.13
08:34:19,13,17.39,0.00,11.96,0.00,0.00,6.52,0.00,0.00,0.00,64.13
08:34:19,14,16.13,0.00,12.90,0.00,0.00,6.45,0.00,0.00,0.00,64.52
08:34:19,15,15.22,0.00,13.04,0.00,0.00,4.35,0.00,0.00,0.00,67.39
08:34:20,4,16.67,0.00,12.22,0.00,0.00,4.44,0.00,0.00,0.00,66.67
08:34:20,5,17.39,0.00,14.13,0.00,0.00,4.35,0.00,0.00,0.00,64.13
08:34:20,6,17.39,0.00,13.04,0.00,0.00,5.43,0.00,0.00,0.00,64.13
08:34:20,7,17.20,0.00,13.98,0.00,0.00,4.30,0.00,0.00,0.00,64.52
08:34:20,12,16.13,0.00,13.98,0.00,0.00,5.38,0.00,0.00,0.00,64.52
08:34:20,13,17.39,0.00,11.96,0.00,0.00,5.43,0.00,0.00,0.00,65.22
08:34:20,14,17.20,0.00,15.05,0.00,0.00,4.30,0.00,0.00,0.00,63.44
08:34:20,15,16.30,0.00,11.96,0.00,0.00,6.52,0.00,0.00,0.00,65.22
08:34:21,4,18.68,0.00,12.09,0.00,0.00,6.59,0.00,0.00,0.00,62.64
08:34:21,5,17.98,0.00,13.48,0.00,0.00,4.49,0.00,0.00,0.00,64.04
08:34:21,6,18.09,0.00,14.89,0.00,0.00,5.32,0.00,0.00,0.00,61.70
08:34:21,7,15.22,0.00,11.96,0.00,0.00,5.43,0.00,0.00,0.00,67.39
08:34:21,12,17.20,0.00,16.13,0.00,0.00,6.45,0.00,0.00,0.00,60.22
08:34:21,13,19.35,0.00,17.20,0.00,0.00,5.38,0.00,0.00,0.00,58.06
08:34:21,14,18.89,0.00,14.44,0.00,0.00,4.44,0.00,0.00,0.00,62.22
08:34:21,15,17.89,0.00,14.74,0.00,0.00,4.21,0.00,0.00,0.00,63.16
08:34:22,4,16.48,0.00,15.38,0.00,0.00,5.49,0.00,0.00,0.00,62.64
08:34:22,5,17.20,0.00,13.98,0.00,0.00,6.45,0.00,0.00,0.00,62.37
08:34:22,6,14.44,0.00,14.44,0.00,0.00,6.67,0.00,0.00,0.00,64.44
08:34:22,7,14.13,0.00,13.04,0.00,0.00,5.43,0.00,0.00,0.00,67.39
08:34:22,12,15.38,0.00,15.38,0.00,0.00,5.49,0.00,0.00,0.00,63.74
08:34:22,13,15.73,0.00,17.98,0.00,0.00,4.49,0.00,0.00,0.00,61.80
08:34:22,14,17.39,0.00,14.13,0.00,0.00,5.43,0.00,0.00,0.00,63.04
08:34:22,15,12.22,0.00,14.44,0.00,0.00,5.56,0.00,0.00,0.00,67.78
08:34:23,4,17.20,0.00,13.98,0.00,0.00,6.45,0.00,0.00,0.00,62.37
08:34:23,5,17.58,0.00,16.48,0.00,0.00,4.40,0.00,0.00,0.00,61.54
08:34:23,6,13.19,0.00,15.38,0.00,0.00,5.49,0.00,0.00,0.00,65.93
08:34:23,7,16.13,0.00,11.83,0.00,0.00,5.38,0.00,0.00,0.00,66.67
08:34:23,12,17.39,0.00,14.13,0.00,0.00,5.43,0.00,0.00,0.00,63.04
08:34:23,13,17.02,0.00,14.89,0.00,0.00,5.32,0.00,0.00,0.00,62.77
08:34:23,14,14.44,0.00,13.33,0.00,0.00,5.56,0.00,0.00,0.00,66.67
08:34:23,15,14.89,0.00,12.77,1.06,0.00,5.32,0.00,0.00,0.00,65.96
08:34:24,4,16.30,0.00,13.04,0.00,0.00,5.43,0.00,0.00,0.00,65.22
08:34:24,5,16.48,0.00,14.29,0.00,0.00,5.49,0.00,0.00,0.00,63.74
08:34:24,6,16.13,0.00,15.05,0.00,0.00,4.30,0.00,0.00,0.00,64.52
08:34:24,7,17.02,0.00,13.83,0.00,0.00,5.32,0.00,0.00,0.00,63.83
08:34:24,12,15.38,0.00,14.29,0.00,0.00,5.49,0.00,0.00,0.00,64.84
08:34:24,13,17.39,0.00,15.22,0.00,0.00,5.43,0.00,0.00,0.00,61.96
08:34:24,14,17.20,0.00,15.05,0.00,0.00,4.30,0.00,0.00,0.00,63.44
08:34:24,15,15.22,0.00,14.13,0.00,0.00,4.35,0.00,0.00,0.00,66.30
08:34:25,4,16.30,0.00,13.04,0.00,0.00,5.43,0.00,0.00,0.00,65.22
08:34:25,5,17.58,0.00,13.19,0.00,0.00,5.49,0.00,0.00,0.00,63.74
08:34:25,6,16.30,0.00,13.04,0.00,0.00,6.52,0.00,0.00,0.00,64.13
08:34:25,7,14.29,0.00,13.19,0.00,0.00,6.59,0.00,0.00,0.00,65.93
08:34:25,12,14.13,0.00,14.13,0.00,0.00,6.52,0.00,0.00,0.00,65.22
08:34:25,13,17.02,0.00,14.89,0.00,0.00,5.32,0.00,0.00,0.00,62.77
08:34:25,14,17.39,0.00,13.04,0.00,0.00,6.52,0.00,0.00,0.00,63.04
08:34:25,15,17.39,0.00,11.96,0.00,0.00,5.43,0.00,0.00,0.00,65.22
08:34:26,4,18.28,0.00,16.13,0.00,0.00,5.38,0.00,0.00,0.00,60.22
08:34:26,5,15.22,0.00,15.22,0.00,0.00,6.52,0.00,0.00,0.00,63.04
08:34:26,6,17.39,0.00,15.22,0.00,0.00,5.43,0.00,0.00,0.00,61.96
08:34:26,7,15.38,0.00,14.29,0.00,0.00,4.40,0.00,0.00,0.00,65.93
08:34:26,12,18.56,0.00,15.46,0.00,0.00,6.19,0.00,0.00,0.00,59.79
08:34:26,13,19.57,0.00,15.22,0.00,0.00,6.52,0.00,0.00,0.00,58.70
08:34:26,14,17.20,0.00,15.05,0.00,0.00,5.38,0.00,0.00,0.00,62.37
08:34:26,15,16.13,0.00,12.90,0.00,0.00,5.38,0.00,0.00,0.00,65.59
08:34:27,4,16.30,0.00,16.30,0.00,0.00,5.43,0.00,0.00,0.00,61.96
08:34:27,5,17.58,0.00,15.38,0.00,0.00,5.49,0.00,0.00,0.00,61.54
08:34:27,6,17.39,0.00,14.13,0.00,0.00,4.35,0.00,0.00,0.00,64.13
08:34:27,7,14.74,0.00,13.68,0.00,0.00,5.26,0.00,0.00,0.00,66.32
08:34:27,12,14.13,0.00,19.57,0.00,0.00,5.43,0.00,0.00,0.00,60.87
08:34:27,13,16.67,0.00,16.67,0.00,0.00,4.44,0.00,0.00,0.00,62.22
08:34:27,14,17.78,0.00,13.33,0.00,0.00,3.33,0.00,0.00,0.00,65.56
08:34:27,15,15.79,0.00,13.68,0.00,0.00,5.26,0.00,0.00,0.00,65.26
08:34:28,4,15.38,0.00,14.29,0.00,0.00,5.49,0.00,0.00,0.00,64.84
08:34:28,5,15.91,0.00,17.05,2.27,0.00,4.55,0.00,0.00,0.00,60.23
08:34:28,6,15.56,0.00,13.33,0.00,0.00,5.56,0.00,0.00,0.00,65.56
08:34:28,7,16.84,0.00,14.74,0.00,0.00,4.21,0.00,0.00,0.00,64.21
08:34:28,12,16.48,0.00,13.19,0.00,0.00,4.40,0.00,0.00,0.00,65.93
08:34:28,13,17.02,0.00,13.83,1.06,0.00,6.38,0.00,0.00,0.00,61.70
08:34:28,14,16.13,0.00,16.13,0.00,0.00,6.45,0.00,0.00,0.00,61.29
08:34:28,15,15.05,0.00,13.98,0.00,0.00,5.38,0.00,0.00,0.00,65.59
08:34:29,4,17.39,0.00,16.30,0.00,0.00,5.43,0.00,0.00,0.00,60.87
08:34:29,5,15.22,0.00,15.22,0.00,0.00,5.43,0.00,0.00,0.00,64.13
08:34:29,6,18.09,0.00,12.77,0.00,0.00,6.38,0.00,0.00,0.00,62.77
08:34:29,7,17.39,0.00,13.04,0.00,0.00,5.43,0.00,0.00,0.00,64.13
08:34:29,12,18.48,0.00,13.04,0.00,0.00,5.43,0.00,0.00,0.00,63.04
08:34:29,13,16.30,0.00,13.04,0.00,0.00,6.52,0.00,0.00,0.00,64.13
08:34:29,14,14.13,0.00,16.30,0.00,0.00,4.35,0.00,0.00,0.00,65.22
08:34:29,15,17.39,0.00,13.04,0.00,0.00,5.43,0.00,0.00,0.00,64.13
08:34:30,4,17.02,0.00,14.89,0.00,0.00,5.32,0.00,0.00,0.00,62.77
08:34:30,5,17.89,0.00,14.74,0.00,0.00,6.32,0.00,0.00,0.00,61.05
08:34:30,6,16.13,0.00,17.20,0.00,0.00,5.38,0.00,0.00,0.00,61.29
08:34:30,7,14.74,0.00,14.74,0.00,0.00,7.37,0.00,0.00,0.00,63.16
08:34:30,12,18.28,0.00,12.90,0.00,0.00,6.45,0.00,0.00,0.00,62.37
08:34:30,13,16.48,0.00,14.29,0.00,0.00,5.49,0.00,0.00,0.00,63.74
08:34:30,14,17.78,0.00,13.33,0.00,0.00,4.44,0.00,0.00,0.00,64.44
08:34:30,15,15.96,0.00,13.83,0.00,0.00,6.38,0.00,0.00,0.00,63.83
08:34:31,4,18.68,0.00,14.29,0.00,0.00,5.49,0.00,0.00,0.00,61.54
08:34:31,5,21.51,0.00,15.05,0.00,0.00,5.38,0.00,0.00,0.00,58.06
08:34:31,6,17.39,0.00,16.30,0.00,0.00,5.43,0.00,0.00,0.00,60.87
08:34:31,7,17.39,0.00,11.96,0.00,0.00,6.52,0.00,0.00,0.00,64.13
08:34:31,12,17.20,0.00,15.05,0.00,0.00,5.38,0.00,0.00,0.00,62.37
08:34:31,13,16.30,0.00,14.13,0.00,0.00,6.52,0.00,0.00,0.00,63.04
08:34:31,14,17.02,0.00,13.83,0.00,0.00,6.38,0.00,0.00,0.00,62.77
08:34:31,15,17.20,0.00,12.90,0.00,0.00,5.38,0.00,0.00,0.00,64.52
08:34:32,4,17.02,0.00,17.02,0.00,0.00,6.38,0.00,0.00,0.00,59.57
08:34:32,5,16.30,0.00,15.22,0.00,0.00,6.52,0.00,0.00,0.00,61.96
08:34:32,6,18.28,0.00,13.98,0.00,0.00,4.30,0.00,0.00,0.00,63.44
08:34:32,7,13.98,0.00,12.90,0.00,0.00,5.38,0.00,0.00,0.00,67.74
08:34:32,12,15.38,0.00,15.38,0.00,0.00,5.49,0.00,0.00,0.00,63.74
08:34:32,13,17.58,0.00,14.29,0.00,0.00,5.49,0.00,0.00,0.00,62.64
08:34:32,14,18.68,0.00,15.38,0.00,0.00,3.30,0.00,0.00,0.00,62.64
08:34:32,15,14.74,0.00,16.84,0.00,0.00,4.21,0.00,0.00,0.00,64.21
08:34:33,4,15.56,0.00,15.56,0.00,0.00,5.56,0.00,0.00,0.00,63.33
08:34:33,5,16.67,0.00,13.33,0.00,0.00,5.56,0.00,0.00,0.00,64.44
08:34:33,6,17.71,0.00,15.62,0.00,0.00,5.21,0.00,0.00,0.00,61.46
08:34:33,7,15.05,0.00,15.05,0.00,0.00,5.38,0.00,0.00,0.00,64.52
08:34:33,12,16.30,0.00,15.22,0.00,0.00,4.35,0.00,0.00,0.00,64.13
08:34:33,13,17.02,0.00,14.89,0.00,0.00,5.32,0.00,0.00,0.00,62.77
08:34:33,14,16.30,0.00,13.04,0.00,0.00,6.52,0.00,0.00,0.00,64.13
08:34:33,15,15.38,0.00,14.29,0.00,0.00,5.49,0.00,0.00,0.00,64.84
08:34:34,4,16.30,0.00,14.13,0.00,0.00,6.52,0.00,0.00,0.00,63.04
08:34:34,5,17.39,0.00,15.22,0.00,0.00,6.52,0.00,0.00,0.00,60.87
08:34:34,6,17.39,0.00,15.22,0.00,0.00,4.35,0.00,0.00,0.00,63.04
08:34:34,7,15.05,0.00,13.98,0.00,0.00,5.38,0.00,0.00,0.00,65.59
08:34:34,12,17.20,0.00,13.98,0.00,0.00,5.38,0.00,0.00,0.00,63.44
08:34:34,13,15.56,0.00,14.44,0.00,0.00,5.56,0.00,0.00,0.00,64.44
08:34:34,14,17.20,0.00,15.05,0.00,0.00,5.38,0.00,0.00,0.00,62.37
08:34:34,15,15.96,0.00,13.83,0.00,0.00,5.32,0.00,0.00,0.00,64.89
08:34:35,4,15.05,0.00,15.05,0.00,0.00,6.45,0.00,0.00,0.00,63.44
08:34:35,5,17.02,0.00,14.89,0.00,0.00,5.32,0.00,0.00,0.00,62.77
08:34:35,6,16.48,0.00,12.09,0.00,0.00,5.49,0.00,0.00,0.00,65.93
08:34:35,7,13.33,0.00,12.22,0.00,0.00,5.56,0.00,0.00,0.00,68.89
08:34:35,12,17.71,0.00,16.67,0.00,0.00,6.25,0.00,0.00,0.00,59.38
08:34:35,13,16.48,0.00,14.29,0.00,0.00,5.49,0.00,0.00,0.00,63.74
08:34:35,14,18.09,0.00,15.96,0.00,0.00,5.32,0.00,0.00,0.00,60.64
08:34:35,15,13.33,0.00,15.56,0.00,0.00,4.44,0.00,0.00,0.00,66.67
08:34:36,4,17.20,0.00,15.05,0.00,0.00,6.45,0.00,0.00,0.00,61.29
08:34:36,5,18.95,0.00,17.89,0.00,0.00,5.26,0.00,0.00,0.00,57.89
08:34:36,6,17.02,0.00,17.02,0.00,0.00,6.38,0.00,0.00,0.00,59.57
08:34:36,7,15.05,0.00,13.98,0.00,0.00,7.53,0.00,0.00,0.00,63.44
08:34:36,12,17.58,0.00,13.19,0.00,0.00,5.49,0.00,0.00,0.00,63.74
08:34:36,13,19.78,0.00,15.38,0.00,0.00,6.59,0.00,0.00,0.00,58.24
08:34:36,14,17.39,0.00,14.13,0.00,0.00,6.52,0.00,0.00,0.00,61.96
08:34:36,15,18.95,0.00,14.74,0.00,0.00,5.26,0.00,0.00,0.00,61.05
08:34:37,4,15.38,0.00,15.38,0.00,0.00,5.49,0.00,0.00,0.00,63.74
08:34:37,5,15.22,0.00,18.48,0.00,0.00,6.52,0.00,0.00,0.00,59.78
08:34:37,6,17.89,0.00,13.68,0.00,0.00,7.37,0.00,0.00,0.00,61.05
08:34:37,7,16.84,0.00,12.63,0.00,0.00,5.26,0.00,0.00,0.00,65.26
08:34:37,12,16.85,0.00,13.48,0.00,0.00,5.62,0.00,0.00,0.00,64.04
08:34:37,13,17.39,0.00,16.30,0.00,0.00,4.35,0.00,0.00,0.00,61.96
08:34:37,14,16.85,0.00,14.61,0.00,0.00,4.49,0.00,0.00,0.00,64.04
08:34:37,15,15.38,0.00,13.19,0.00,0.00,4.40,0.00,0.00,0.00,67.03
08:34:38,4,14.44,0.00,14.44,0.00,0.00,5.56,0.00,0.00,0.00,65.56
08:34:38,5,16.30,0.00,14.13,1.09,0.00,5.43,0.00,0.00,0.00,63.04
08:34:38,6,15.79,0.00,14.74,0.00,0.00,7.37,0.00,0.00,0.00,62.11
08:34:38,7,14.74,0.00,15.79,0.00,0.00,6.32,0.00,0.00,0.00,63.16
08:34:38,12,15.56,0.00,14.44,0.00,0.00,6.67,0.00,0.00,0.00,63.33
08:34:38,13,16.30,0.00,16.30,0.00,0.00,5.43,0.00,0.00,0.00,61.96
08:34:38,14,16.48,0.00,14.29,0.00,0.00,5.49,0.00,0.00,0.00,63.74
08:34:38,15,15.96,0.00,14.89,0.00,0.00,6.38,0.00,0.00,0.00,62.77
08:34:39,4,16.30,0.00,15.22,0.00,0.00,5.43,0.00,0.00,0.00,63.04
08:34:39,5,14.58,0.00,17.71,0.00,0.00,6.25,0.00,0.00,0.00,61.46
08:34:39,6,18.48,0.00,13.04,0.00,0.00,5.43,0.00,0.00,0.00,63.04
08:34:39,7,15.22,0.00,13.04,0.00,0.00,4.35,0.00,0.00,0.00,67.39
08:34:39,12,15.96,0.00,14.89,0.00,0.00,6.38,0.00,0.00,0.00,62.77
08:34:39,13,17.39,0.00,16.30,0.00,0.00,5.43,0.00,0.00,0.00,60.87
08:34:39,14,17.58,0.00,14.29,0.00,0.00,5.49,0.00,0.00,0.00,62.64
08:34:39,15,15.96,0.00,14.89,0.00,0.00,5.32,0.00,0.00,0.00,63.83
08:34:40,4,16.84,0.00,14.74,0.00,0.00,5.26,0.00,0.00,0.00,63.16
08:34:40,5,16.48,0.00,13.19,0.00,0.00,6.59,0.00,0.00,0.00,63.74
08:34:40,6,15.96,0.00,15.96,0.00,0.00,5.32,0.00,0.00,0.00,62.77
08:34:40,7,15.38,0.00,13.19,0.00,0.00,5.49,0.00,0.00,0.00,65.93
08:34:40,12,16.30,0.00,14.13,0.00,0.00,5.43,0.00,0.00,0.00,64.13
08:34:40,13,15.91,0.00,15.91,0.00,0.00,4.55,0.00,0.00,0.00,63.64
08:34:40,14,17.39,0.00,13.04,0.00,0.00,5.43,0.00,0.00,0.00,64.13
08:34:40,15,15.79,0.00,13.68,0.00,0.00,7.37,0.00,0.00,0.00,63.16
08:34:41,4,17.58,0.00,15.38,0.00,0.00,5.49,0.00,0.00,0.00,61.54
08:34:41,5,16.48,0.00,15.38,0.00,0.00,5.49,0.00,0.00,0.00,62.64
08:34:41,6,17.78,0.00,14.44,0.00,0.00,4.44,0.00,0.00,0.00,63.33
08:34:41,7,15.05,0.00,15.05,0.00,0.00,5.38,0.00,0.00,0.00,64.52
08:34:41,12,18.75,0.00,15.62,0.00,0.00,5.21,0.00,0.00,0.00,60.42
08:34:41,13,18.68,0.00,14.29,0.00,0.00,5.49,0.00,0.00,0.00,61.54
08:34:41,14,17.58,0.00,12.09,0.00,0.00,5.49,0.00,0.00,0.00,64.84
08:34:41,15,15.38,0.00,14.29,0.00,0.00,5.49,0.00,0.00,0.00,64.84
08:34:42,4,16.85,0.00,12.36,0.00,0.00,6.74,0.00,0.00,0.00,64.04
08:34:42,5,16.30,0.00,14.13,0.00,0.00,5.43,0.00,0.00,0.00,64.13
08:34:42,6,17.78,0.00,13.33,0.00,0.00,5.56,0.00,0.00,0.00,63.33
08:34:42,7,13.48,0.00,14.61,0.00,0.00,3.37,0.00,0.00,0.00,68.54
08:34:42,12,17.39,0.00,15.22,0.00,0.00,6.52,0.00,0.00,0.00,60.87
08:34:42,13,16.84,0.00,13.68,0.00,0.00,8.42,0.00,0.00,0.00,61.05
08:34:42,14,16.84,0.00,14.74,0.00,0.00,6.32,0.00,0.00,0.00,62.11
08:34:42,15,14.29,0.00,13.19,0.00,0.00,6.59,0.00,0.00,0.00,65.93
08:34:43,4,17.20,0.00,13.98,1.08,0.00,4.30,0.00,0.00,0.00,63.44
08:34:43,5,14.29,0.00,15.38,0.00,0.00,6.59,0.00,0.00,0.00,63.74
08:34:43,6,15.38,0.00,14.29,1.10,0.00,6.59,0.00,0.00,0.00,62.64
08:34:43,7,12.22,0.00,14.44,0.00,0.00,4.44,0.00,0.00,0.00,68.89
08:34:43,12,18.89,0.00,12.22,0.00,0.00,5.56,0.00,0.00,0.00,63.33
08:34:43,13,16.67,0.00,14.44,0.00,0.00,4.44,0.00,0.00,0.00,64.44
08:34:43,14,17.20,0.00,15.05,0.00,0.00,6.45,0.00,0.00,0.00,61.29
08:34:43,15,15.22,0.00,14.13,0.00,0.00,5.43,0.00,0.00,0.00,65.22
08:34:44,4,18.68,0.00,13.19,0.00,0.00,6.59,0.00,0.00,0.00,61.54
08:34:44,5,15.38,0.00,17.58,0.00,0.00,5.49,0.00,0.00,0.00,61.54
08:34:44,6,14.29,0.00,16.48,0.00,0.00,4.40,0.00,0.00,0.00,64.84
08:34:44,7,15.96,0.00,12.77,0.00,0.00,5.32,0.00,0.00,0.00,65.96
08:34:44,12,16.13,0.00,16.13,0.00,0.00,6.45,0.00,0.00,0.00,61.29
08:34:44,13,17.39,0.00,15.22,0.00,0.00,5.43,0.00,0.00,0.00,61.96
08:34:44,14,17.78,0.00,13.33,0.00,0.00,5.56,0.00,0.00,0.00,63.33
08:34:44,15,14.29,0.00,13.19,0.00,0.00,5.49,0.00,0.00,0.00,67.03
08:34:45,4,17.39,0.00,13.04,0.00,0.00,5.43,0.00,0.00,0.00,64.13
08:34:45,5,15.96,0.00,14.89,0.00,0.00,7.45,0.00,0.00,0.00,61.70
08:34:45,6,17.89,0.00,13.68,0.00,0.00,6.32,0.00,0.00,0.00,62.11
08:34:45,7,15.05,0.00,15.05,0.00,0.00,5.38,0.00,0.00,0.00,64.52
08:34:45,12,14.13,0.00,16.30,0.00,0.00,5.43,0.00,0.00,0.00,64.13
08:34:45,13,15.05,0.00,15.05,0.00,0.00,7.53,0.00,0.00,0.00,62.37
08:34:45,14,16.67,0.00,13.33,0.00,0.00,4.44,0.00,0.00,0.00,65.56
08:34:45,15,17.89,0.00,12.63,0.00,0.00,6.32,0.00,0.00,0.00,63.16
08:34:46,4,16.48,0.00,14.29,0.00,0.00,4.40,0.00,0.00,0.00,64.84
08:34:46,5,18.28,0.00,17.20,0.00,0.00,5.38,0.00,0.00,0.00,59.14
08:34:46,6,16.13,0.00,13.98,0.00,0.00,5.38,0.00,0.00,0.00,64.52
08:34:46,7,15.05,0.00,12.90,0.00,0.00,6.45,0.00,0.00,0.00,65.59
08:34:46,12,19.15,0.00,13.83,0.00,0.00,5.32,0.00,0.00,0.00,61.70
08:34:46,13,16.67,0.00,14.44,0.00,0.00,5.56,0.00,0.00,0.00,63.33
08:34:46,14,16.67,0.00,15.56,0.00,0.00,4.44,0.00,0.00,0.00,63.33
08:34:46,15,15.22,0.00,13.04,0.00,0.00,6.52,0.00,0.00,0.00,65.22
08:34:47,4,18.48,0.00,15.22,0.00,0.00,5.43,0.00,0.00,0.00,60.87
08:34:47,5,16.48,0.00,15.38,0.00,0.00,5.49,0.00,0.00,0.00,62.64
08:34:47,6,17.02,0.00,15.96,0.00,0.00,6.38,0.00,0.00,0.00,60.64
08:34:47,7,16.30,0.00,14.13,0.00,0.00,4.35,0.00,0.00,0.00,65.22
08:34:47,12,20.00,0.00,16.67,0.00,0.00,4.44,0.00,0.00,0.00,58.89
08:34:47,13,15.73,0.00,13.48,0.00,0.00,5.62,0.00,0.00,0.00,65.17
08:34:47,14,17.20,0.00,13.98,0.00,0.00,6.45,0.00,0.00,0.00,62.37
08:34:47,15,15.38,0.00,14.29,0.00,0.00,3.30,0.00,0.00,0.00,67.03
08:34:48,4,14.29,0.00,14.29,0.00,0.00,6.59,0.00,0.00,0.00,64.84
08:34:48,5,18.68,0.00,14.29,0.00,0.00,5.49,0.00,0.00,0.00,61.54
08:34:48,6,15.38,0.00,14.29,0.00,0.00,7.69,0.00,0.00,0.00,62.64
08:34:48,7,16.13,0.00,12.90,0.00,0.00,5.38,0.00,0.00,0.00,65.59
08:34:48,12,16.30,0.00,14.13,0.00,0.00,5.43,0.00,0.00,0.00,64.13
08:34:48,13,17.98,0.00,14.61,0.00,0.00,6.74,0.00,0.00,0.00,60.67
08:34:48,14,16.67,0.00,13.33,0.00,0.00,6.67,0.00,0.00,0.00,63.33
08:34:48,15,16.84,0.00,14.74,0.00,0.00,5.26,0.00,0.00,0.00,63.16
08:34:49,4,16.30,0.00,16.30,0.00,0.00,4.35,0.00,0.00,0.00,63.04
08:34:49,5,15.96,0.00,18.09,0.00,0.00,5.32,0.00,0.00,0.00,60.64
08:34:49,6,15.22,0.00,15.22,0.00,0.00,6.52,0.00,0.00,0.00,63.04
08:34:49,7,16.30,0.00,15.22,0.00,0.00,5.43,0.00,0.00,0.00,63.04
08:34:49,12,16.48,0.00,14.29,0.00,0.00,5.49,0.00,0.00,0.00,63.74
08:34:49,13,16.48,0.00,13.19,0.00,0.00,6.59,0.00,0.00,0.00,63.74
08:34:49,14,15.56,0.00,14.44,0.00,0.00,5.56,0.00,0.00,0.00,64.44
08:34:49,15,17.58,0.00,14.29,0.00,0.00,4.40,0.00,0.00,0.00,63.74
08:34:50,4,17.78,0.00,12.22,0.00,0.00,6.67,0.00,0.00,0.00,63.33
08:34:50,5,16.13,0.00,16.13,0.00,0.00,6.45,0.00,0.00,0.00,61.29
08:34:50,6,17.58,0.00,13.19,0.00,0.00,4.40,0.00,0.00,0.00,64.84
08:34:50,7,13.98,0.00,13.98,0.00,0.00,5.38,0.00,0.00,0.00,66.67
08:34:50,12,15.96,0.00,17.02,0.00,0.00,5.32,0.00,0.00,0.00,61.70
08:34:50,13,17.58,0.00,15.38,0.00,0.00,5.49,0.00,0.00,0.00,61.54
08:34:50,14,16.85,0.00,14.61,0.00,0.00,4.49,0.00,0.00,0.00,64.04
08:34:50,15,16.30,0.00,13.04,0.00,0.00,5.43,0.00,0.00,0.00,65.22
08:34:51,4,16.13,0.00,12.90,0.00,0.00,6.45,0.00,0.00,0.00,64.52
08:34:51,5,16.67,0.00,14.44,0.00,0.00,6.67,0.00,0.00,0.00,62.22
08:34:51,6,16.13,0.00,16.13,0.00,0.00,4.30,0.00,0.00,0.00,63.44
08:34:51,7,15.05,0.00,12.90,0.00,0.00,6.45,0.00,0.00,0.00,65.59
08:34:51,12,18.75,0.00,16.67,0.00,0.00,6.25,0.00,0.00,0.00,58.33
08:34:51,13,17.39,0.00,13.04,0.00,0.00,5.43,0.00,0.00,0.00,64.13
08:34:51,14,15.38,0.00,15.38,0.00,0.00,5.49,0.00,0.00,0.00,63.74
08:34:51,15,14.89,0.00,12.77,0.00,0.00,7.45,0.00,0.00,0.00,64.89
08:34:52,4,21.05,0.00,18.95,0.00,0.00,5.26,0.00,0.00,0.00,54.74
08:34:52,5,16.85,0.00,14.61,0.00,0.00,5.62,0.00,0.00,0.00,62.92
08:34:52,6,16.30,0.00,14.13,0.00,0.00,6.52,0.00,0.00,0.00,63.04
08:34:52,7,15.22,0.00,14.13,0.00,0.00,5.43,0.00,0.00,0.00,65.22
08:34:52,12,20.43,0.00,15.05,0.00,0.00,6.45,0.00,0.00,0.00,58.06
08:34:52,13,15.91,0.00,15.91,0.00,0.00,4.55,0.00,0.00,0.00,63.64
08:34:52,14,15.38,0.00,15.38,0.00,0.00,6.59,0.00,0.00,0.00,62.64
08:34:52,15,16.13,0.00,15.05,0.00,0.00,5.38,0.00,0.00,0.00,63.44
08:34:53,4,16.48,0.00,14.29,0.00,0.00,5.49,0.00,0.00,0.00,63.74
08:34:53,5,17.20,0.00,15.05,0.00,0.00,6.45,0.00,0.00,0.00,61.29
08:34:53,6,20.21,0.00,13.83,0.00,0.00,5.32,0.00,0.00,0.00,60.64
08:34:53,7,14.13,0.00,15.22,1.09,0.00,5.43,0.00,0.00,0.00,64.13
08:34:53,12,17.39,0.00,14.13,0.00,0.00,5.43,0.00,0.00,0.00,63.04
08:34:53,13,18.09,0.00,14.89,0.00,0.00,5.32,0.00,0.00,0.00,61.70
08:34:53,14,17.39,0.00,15.22,0.00,0.00,5.43,0.00,0.00,0.00,61.96
08:34:53,15,17.20,0.00,13.98,0.00,0.00,5.38,0.00,0.00,0.00,63.44
08:34:54,4,17.39,0.00,16.30,0.00,0.00,4.35,0.00,0.00,0.00,61.96
08:34:54,5,18.28,0.00,17.20,0.00,0.00,4.30,0.00,0.00,0.00,60.22
08:34:54,6,15.56,0.00,14.44,0.00,0.00,6.67,0.00,0.00,0.00,63.33
08:34:54,7,16.48,0.00,12.09,0.00,0.00,4.40,0.00,0.00,0.00,67.03
08:34:54,12,18.68,0.00,15.38,0.00,0.00,5.49,0.00,0.00,0.00,60.44
08:34:54,13,15.38,0.00,15.38,0.00,0.00,5.49,0.00,0.00,0.00,63.74
08:34:54,14,15.38,0.00,15.38,0.00,0.00,5.49,0.00,0.00,0.00,63.74
08:34:54,15,15.05,0.00,13.98,0.00,0.00,4.30,0.00,0.00,0.00,66.67
08:34:55,4,14.74,0.00,16.84,0.00,0.00,5.26,0.00,0.00,0.00,63.16
08:34:55,5,15.22,0.00,16.30,0.00,0.00,6.52,0.00,0.00,0.00,61.96
08:34:55,6,14.13,0.00,15.22,0.00,0.00,7.61,0.00,0.00,0.00,63.04
08:34:55,7,14.13,0.00,15.22,0.00,0.00,5.43,0.00,0.00,0.00,65.22
08:34:55,12,15.96,0.00,17.02,0.00,0.00,5.32,0.00,0.00,0.00,61.70
08:34:55,13,17.58,0.00,13.19,0.00,0.00,5.49,0.00,0.00,0.00,63.74
08:34:55,14,16.67,0.00,13.33,0.00,0.00,5.56,0.00,0.00,0.00,64.44
08:34:55,15,16.84,0.00,13.68,0.00,0.00,5.26,0.00,0.00,0.00,64.21
08:34:56,4,17.58,0.00,12.09,0.00,0.00,7.69,0.00,0.00,0.00,62.64
08:34:56,5,15.56,0.00,15.56,0.00,0.00,4.44,0.00,0.00,0.00,64.44
08:34:56,6,17.02,0.00,13.83,0.00,0.00,6.38,0.00,0.00,0.00,62.77
08:34:56,7,15.56,0.00,13.33,0.00,0.00,3.33,0.00,0.00,0.00,67.78
08:34:56,12,19.15,0.00,15.96,0.00,0.00,4.26,0.00,0.00,0.00,60.64
08:34:56,13,18.89,0.00,13.33,0.00,0.00,5.56,0.00,0.00,0.00,62.22
08:34:56,14,17.02,0.00,12.77,0.00,0.00,7.45,0.00,0.00,0.00,62.77
08:34:56,15,15.38,0.00,14.29,0.00,0.00,5.49,0.00,0.00,0.00,64.84
08:34:57,4,16.48,0.00,15.38,0.00,0.00,5.49,0.00,0.00,0.00,62.64
08:34:57,5,18.09,0.00,14.89,0.00,0.00,5.32,0.00,0.00,0.00,61.70
08:34:57,6,15.22,0.00,16.30,0.00,0.00,6.52,0.00,0.00,0.00,61.96
08:34:57,7,14.89,0.00,14.89,0.00,0.00,7.45,0.00,0.00,0.00,62.77
08:34:57,12,16.85,0.00,15.73,0.00,0.00,5.62,0.00,0.00,0.00,61.80
08:34:57,13,21.51,0.00,15.05,0.00,0.00,5.38,0.00,0.00,0.00,58.06
08:34:57,14,19.15,0.00,15.96,0.00,0.00,4.26,0.00,0.00,0.00,60.64
08:34:57,15,16.13,0.00,15.05,0.00,0.00,5.38,0.00,0.00,0.00,63.44
08:34:58,4,16.30,0.00,15.22,0.00,0.00,5.43,0.00,0.00,0.00,63.04
08:34:58,5,17.39,0.00,14.13,0.00,0.00,5.43,0.00,0.00,0.00,63.04
08:34:58,6,18.09,0.00,14.89,1.06,0.00,5.32,0.00,0.00,0.00,60.64
08:34:58,7,13.33,0.00,14.44,0.00,0.00,3.33,0.00,0.00,0.00,68.89
08:34:58,12,16.13,0.00,13.98,0.00,0.00,7.53,0.00,0.00,0.00,62.37
08:34:58,13,18.89,0.00,14.44,0.00,0.00,4.44,0.00,0.00,0.00,62.22
08:34:58,14,17.39,0.00,15.22,0.00,0.00,5.43,0.00,0.00,0.00,61.96
08:34:58,15,14.13,0.00,14.13,0.00,0.00,6.52,0.00,0.00,0.00,65.22
08:34:59,4,16.30,0.00,16.30,0.00,0.00,6.52,0.00,0.00,0.00,60.87
08:34:59,5,16.30,0.00,16.30,0.00,0.00,5.43,0.00,0.00,0.00,61.96
08:34:59,6,15.22,0.00,15.22,0.00,0.00,6.52,0.00,0.00,0.00,63.04
08:34:59,7,14.13,0.00,16.30,0.00,0.00,4.35,0.00,0.00,0.00,65.22
08:34:59,12,14.29,0.00,16.48,0.00,0.00,5.49,0.00,0.00,0.00,63.74
08:34:59,13,17.71,0.00,15.62,0.00,0.00,6.25,0.00,0.00,0.00,60.42
08:34:59,14,15.38,0.00,15.38,0.00,0.00,5.49,0.00,0.00,0.00,63.74
08:34:59,15,14.77,0.00,13.64,0.00,0.00,3.41,0.00,0.00,0.00,68.18
08:35:00,4,17.58,0.00,14.29,0.00,0.00,4.40,0.00,0.00,0.00,63.74
08:35:00,5,17.98,0.00,14.61,0.00,0.00,3.37,0.00,0.00,0.00,64.04
08:35:00,6,18.09,0.00,13.83,0.00,0.00,6.38,0.00,0.00,0.00,61.70
08:35:00,7,13.98,0.00,13.98,0.00,0.00,5.38,0.00,0.00,0.00,66.67
08:35:00,12,16.30,0.00,15.22,0.00,0.00,5.43,0.00,0.00,0.00,63.04
08:35:00,13,17.58,0.00,14.29,0.00,0.00,6.59,0.00,0.00,0.00,61.54
08:35:00,14,18.28,0.00,13.98,0.00,0.00,5.38,0.00,0.00,0.00,62.37
08:35:00,15,14.74,0.00,13.68,0.00,0.00,6.32,0.00,0.00,0.00,65.26
08:35:01,4,17.98,0.00,12.36,0.00,0.00,5.62,0.00,0.00,0.00,64.04
08:35:01,5,16.30,0.00,15.22,0.00,0.00,5.43,0.00,0.00,0.00,63.04
08:35:01,6,15.96,0.00,15.96,0.00,0.00,7.45,0.00,0.00,0.00,60.64
08:35:01,7,15.56,0.00,11.11,0.00,0.00,4.44,0.00,0.00,0.00,68.89
08:35:01,12,17.89,0.00,16.84,0.00,0.00,5.26,0.00,0.00,0.00,60.00
08:35:01,13,18.48,0.00,15.22,0.00,0.00,5.43,0.00,0.00,0.00,60.87
08:35:01,14,18.28,0.00,13.98,0.00,0.00,5.38,0.00,0.00,0.00,62.37
08:35:01,15,15.05,0.00,15.05,0.00,0.00,5.38,0.00,0.00,0.00,64.52
08:35:02,4,17.39,0.00,15.22,0.00,0.00,6.52,0.00,0.00,0.00,60.87
08:35:02,5,15.56,0.00,15.56,0.00,0.00,5.56,0.00,0.00,0.00,63.33
08:35:02,6,15.22,0.00,16.30,0.00,0.00,6.52,0.00,0.00,0.00,61.96
08:35:02,7,15.05,0.00,13.98,0.00,0.00,6.45,0.00,0.00,0.00,64.52
08:35:02,12,19.35,0.00,16.13,0.00,0.00,5.38,0.00,0.00,0.00,59.14
08:35:02,13,16.85,0.00,14.61,0.00,0.00,5.62,0.00,0.00,0.00,62.92
08:35:02,14,15.22,0.00,15.22,0.00,0.00,6.52,0.00,0.00,0.00,63.04
08:35:02,15,14.13,0.00,15.22,0.00,0.00,5.43,0.00,0.00,0.00,65.22
08:35:03,4,17.20,0.00,12.90,0.00,0.00,7.53,0.00,0.00,0.00,62.37
08:35:03,5,15.22,0.00,16.30,0.00,0.00,6.52,0.00,0.00,0.00,61.96
08:35:03,6,18.28,0.00,13.98,0.00,0.00,4.30,0.00,0.00,0.00,63.44
08:35:03,7,16.30,0.00,13.04,0.00,0.00,4.35,0.00,0.00,0.00,66.30
08:35:03,12,19.15,0.00,14.89,0.00,0.00,5.32,0.00,0.00,0.00,60.64
08:35:03,13,18.56,0.00,17.53,0.00,0.00,5.15,0.00,0.00,0.00,58.76
08:35:03,14,15.38,0.00,13.19,0.00,0.00,5.49,0.00,0.00,0.00,65.93
08:35:03,15,15.05,0.00,12.90,2.15,0.00,5.38,0.00,0.00,0.00,64.52
08:35:04,4,17.78,0.00,13.33,0.00,0.00,4.44,0.00,0.00,0.00,64.44
08:35:04,5,15.73,0.00,15.73,0.00,0.00,5.62,0.00,0.00,0.00,62.92
08:35:04,6,17.20,0.00,15.05,0.00,0.00,6.45,0.00,0.00,0.00,61.29
08:35:04,7,16.30,0.00,10.87,0.00,0.00,5.43,0.00,0.00,0.00,67.39
08:35:04,12,16.48,0.00,14.29,0.00,0.00,5.49,0.00,0.00,0.00,63.74
08:35:04,13,17.20,0.00,15.05,0.00,0.00,5.38,0.00,0.00,0.00,62.37
08:35:04,14,13.48,0.00,15.73,0.00,0.00,5.62,0.00,0.00,0.00,65.17
08:35:04,15,15.05,0.00,12.90,0.00,0.00,5.38,0.00,0.00,0.00,66.67
08:35:05,4,16.48,0.00,14.29,0.00,0.00,6.59,0.00,0.00,0.00,62.64
08:35:05,5,19.15,0.00,15.96,0.00,0.00,6.38,0.00,0.00,0.00,58.51
08:35:05,6,16.84,0.00,15.79,0.00,0.00,5.26,0.00,0.00,0.00,62.11
08:35:05,7,14.89,0.00,14.89,0.00,0.00,5.32,0.00,0.00,0.00,64.89
08:35:05,12,19.57,0.00,14.13,0.00,0.00,5.43,0.00,0.00,0.00,60.87
08:35:05,13,16.48,0.00,14.29,0.00,0.00,5.49,0.00,0.00,0.00,63.74
08:35:05,14,18.48,0.00,14.13,0.00,0.00,5.43,0.00,0.00,0.00,61.96
08:35:05,15,13.33,0.00,13.33,0.00,0.00,5.56,0.00,0.00,0.00,67.78
08:35:06,4,15.38,0.00,14.29,0.00,0.00,5.49,0.00,0.00,0.00,64.84
08:35:06,5,16.67,0.00,14.44,0.00,0.00,4.44,0.00,0.00,0.00,64.44
08:35:06,6,16.13,0.00,15.05,0.00,0.00,5.38,0.00,0.00,0.00,63.44
08:35:06,7,16.67,0.00,14.58,0.00,0.00,5.21,0.00,0.00,0.00,63.54
08:35:06,12,16.67,0.00,12.22,0.00,0.00,5.56,0.00,0.00,0.00,65.56
08:35:06,13,17.39,0.00,13.04,0.00,0.00,5.43,0.00,0.00,0.00,64.13
08:35:06,14,17.20,0.00,15.05,0.00,0.00,6.45,0.00,0.00,0.00,61.29
08:35:06,15,16.67,0.00,15.62,0.00,0.00,5.21,0.00,0.00,0.00,62.50
08:35:07,4,18.68,0.00,14.29,0.00,0.00,6.59,0.00,0.00,0.00,60.44
08:35:07,5,21.74,0.00,13.04,0.00,0.00,7.61,0.00,0.00,0.00,57.61
08:35:07,6,17.39,0.00,16.30,0.00,0.00,5.43,0.00,0.00,0.00,60.87
08:35:07,7,15.96,0.00,13.83,0.00,0.00,6.38,0.00,0.00,0.00,63.83
08:35:07,12,19.35,0.00,16.13,0.00,0.00,6.45,0.00,0.00,0.00,58.06
08:35:07,13,17.20,0.00,17.20,0.00,0.00,5.38,0.00,0.00,0.00,60.22
08:35:07,14,18.28,0.00,13.98,0.00,0.00,6.45,0.00,0.00,0.00,61.29
08:35:07,15,14.13,0.00,15.22,0.00,0.00,5.43,0.00,0.00,0.00,65.22
08:35:08,4,16.48,0.00,14.29,0.00,0.00,5.49,0.00,0.00,0.00,63.74
08:35:08,5,15.38,0.00,16.48,1.10,0.00,5.49,0.00,0.00,0.00,61.54
08:35:08,6,18.28,0.00,16.13,0.00,0.00,5.38,0.00,0.00,0.00,60.22
08:35:08,7,13.98,0.00,13.98,0.00,0.00,6.45,0.00,0.00,0.00,65.59
08:35:08,12,18.48,0.00,14.13,1.09,0.00,5.43,0.00,0.00,0.00,60.87
08:35:08,13,17.20,0.00,16.13,0.00,0.00,4.30,0.00,0.00,0.00,62.37
08:35:08,14,17.78,0.00,14.44,0.00,0.00,5.56,0.00,0.00,0.00,62.22
08:35:08,15,15.22,0.00,13.04,0.00,0.00,5.43,0.00,0.00,0.00,66.30
08:35:09,4,20.00,0.00,14.74,0.00,0.00,5.26,0.00,0.00,0.00,60.00
08:35:09,5,16.13,0.00,16.13,0.00,0.00,6.45,0.00,0.00,0.00,61.29
08:35:09,6,16.13,0.00,12.90,0.00,0.00,6.45,0.00,0.00,0.00,64.52
08:35:09,7,15.05,0.00,12.90,0.00,0.00,6.45,0.00,0.00,0.00,65.59
08:35:09,12,15.22,0.00,17.39,0.00,0.00,5.43,0.00,0.00,0.00,61.96
08:35:09,13,17.78,0.00,13.33,0.00,0.00,6.67,0.00,0.00,0.00,62.22
08:35:09,14,15.56,0.00,14.44,0.00,0.00,6.67,0.00,0.00,0.00,63.33
08:35:09,15,14.74,0.00,15.79,0.00,0.00,6.32,0.00,0.00,0.00,63.16
08:35:10,4,16.13,0.00,13.98,0.00,0.00,6.45,0.00,0.00,0.00,63.44
08:35:10,5,16.84,0.00,15.79,0.00,0.00,5.26,0.00,0.00,0.00,62.11
08:35:10,6,17.89,0.00,14.74,0.00,0.00,5.26,0.00,0.00,0.00,62.11
08:35:10,7,14.44,0.00,13.33,0.00,0.00,3.33,0.00,0.00,0.00,68.89
08:35:10,12,15.96,0.00,17.02,0.00,0.00,6.38,0.00,0.00,0.00,60.64
08:35:10,13,17.02,0.00,14.89,0.00,0.00,5.32,0.00,0.00,0.00,62.77
08:35:10,14,18.95,0.00,13.68,0.00,0.00,5.26,0.00,0.00,0.00,62.11
08:35:10,15,14.13,0.00,14.13,0.00,0.00,6.52,0.00,0.00,0.00,65.22
08:35:11,4,15.05,0.00,15.05,0.00,0.00,6.45,0.00,0.00,0.00,63.44
08:35:11,5,15.22,0.00,17.39,0.00,0.00,6.52,0.00,0.00,0.00,60.87
08:35:11,6,15.56,0.00,15.56,0.00,0.00,5.56,0.00,0.00,0.00,63.33
08:35:11,7,15.05,0.00,16.13,0.00,0.00,5.38,0.00,0.00,0.00,63.44
08:35:11,12,15.22,0.00,15.22,0.00,0.00,6.52,0.00,0.00,0.00,63.04
08:35:11,13,17.71,0.00,16.67,0.00,0.00,6.25,0.00,0.00,0.00,59.38
08:35:11,14,16.48,0.00,14.29,0.00,0.00,5.49,0.00,0.00,0.00,63.74
08:35:11,15,14.44,0.00,12.22,0.00,0.00,7.78,0.00,0.00,0.00,65.56
08:35:12,4,18.48,0.00,15.22,0.00,0.00,4.35,0.00,0.00,0.00,61.96
08:35:12,5,21.11,0.00,15.56,0.00,0.00,4.44,0.00,0.00,0.00,58.89
08:35:12,6,15.56,0.00,15.56,0.00,0.00,5.56,0.00,0.00,0.00,63.33
08:35:12,7,16.49,0.00,17.53,0.00,0.00,6.19,0.00,0.00,0.00,59.79
08:35:12,12,17.58,0.00,14.29,0.00,0.00,5.49,0.00,0.00,0.00,62.64
08:35:12,13,18.48,0.00,14.13,0.00,0.00,5.43,0.00,0.00,0.00,61.96
08:35:12,14,19.35,0.00,15.05,0.00,0.00,5.38,0.00,0.00,0.00,60.22
08:35:12,15,17.20,0.00,15.05,0.00,0.00,5.38,0.00,0.00,0.00,62.37
08:35:13,4,15.38,0.00,14.29,0.00,0.00,5.49,0.00,0.00,0.00,64.84
08:35:13,5,15.96,0.00,17.02,0.00,0.00,5.32,0.00,0.00,0.00,61.70
08:35:13,6,16.13,0.00,13.98,0.00,0.00,6.45,0.00,0.00,0.00,63.44
08:35:13,7,17.20,0.00,13.98,0.00,0.00,4.30,0.00,0.00,0.00,64.52
08:35:13,12,16.67,0.00,15.56,0.00,0.00,5.56,0.00,0.00,0.00,62.22
08:35:13,13,17.58,0.00,16.48,0.00,0.00,4.40,0.00,0.00,0.00,61.54
08:35:13,14,18.09,0.00,14.89,0.00,0.00,5.32,0.00,0.00,0.00,61.70
08:35:13,15,13.48,0.00,16.85,0.00,0.00,3.37,0.00,0.00,0.00,66.29
08:35:14,4,18.48,0.00,14.13,0.00,0.00,4.35,0.00,0.00,0.00,63.04
08:35:14,5,14.44,0.00,14.44,0.00,0.00,6.67,0.00,0.00,0.00,64.44
08:35:14,6,17.58,0.00,14.29,0.00,0.00,4.40,0.00,0.00,0.00,63.74
08:35:14,7,12.64,0.00,13.79,0.00,0.00,4.60,0.00,0.00,0.00,68.97
08:35:14,12,18.09,0.00,14.89,0.00,0.00,6.38,0.00,0.00,0.00,60.64
08:35:14,13,15.73,0.00,13.48,0.00,0.00,5.62,0.00,0.00,0.00,65.17
08:35:14,14,17.39,0.00,14.13,0.00,0.00,4.35,0.00,0.00,0.00,64.13
08:35:14,15,16.30,0.00,13.04,0.00,0.00,6.52,0.00,0.00,0.00,64.13
08:35:15,4,17.20,0.00,13.98,0.00,0.00,5.38,0.00,0.00,0.00,63.44
08:35:15,5,16.30,0.00,14.13,0.00,0.00,5.43,0.00,0.00,0.00,64.13
08:35:15,6,16.67,0.00,14.44,0.00,0.00,5.56,0.00,0.00,0.00,63.33
08:35:15,7,15.05,0.00,12.90,0.00,0.00,5.38,0.00,0.00,0.00,66.67
08:35:15,12,17.20,0.00,13.98,0.00,0.00,5.38,0.00,0.00,0.00,63.44
08:35:15,13,16.30,0.00,18.48,0.00,0.00,5.43,0.00,0.00,0.00,59.78
08:35:15,14,18.28,0.00,15.05,0.00,0.00,5.38,0.00,0.00,0.00,61.29
08:35:15,15,15.73,0.00,13.48,0.00,0.00,4.49,0.00,0.00,0.00,66.29
08:35:16,4,17.71,0.00,15.62,0.00,0.00,7.29,0.00,0.00,0.00,59.38
08:35:16,5,17.39,0.00,16.30,0.00,0.00,5.43,0.00,0.00,0.00,60.87
08:35:16,6,14.44,0.00,15.56,0.00,0.00,4.44,0.00,0.00,0.00,65.56
08:35:16,7,17.20,0.00,12.90,0.00,0.00,5.38,0.00,0.00,0.00,64.52
08:35:16,12,15.96,0.00,15.96,0.00,0.00,5.32,0.00,0.00,0.00,62.77
08:35:16,13,19.35,0.00,15.05,0.00,0.00,7.53,0.00,0.00,0.00,58.06
08:35:16,14,16.09,0.00,12.64,0.00,0.00,4.60,0.00,0.00,0.00,66.67
08:35:16,15,13.98,0.00,15.05,0.00,0.00,5.38,0.00,0.00,0.00,65.59
08:35:17,4,16.48,0.00,17.58,0.00,0.00,5.49,0.00,0.00,0.00,60.44
08:35:17,5,19.59,0.00,16.49,0.00,0.00,6.19,0.00,0.00,0.00,57.73
08:35:17,6,17.02,0.00,14.89,0.00,0.00,6.38,0.00,0.00,0.00,61.70
08:35:17,7,15.96,0.00,15.96,0.00,0.00,4.26,0.00,0.00,0.00,63.83
08:35:17,12,21.51,0.00,16.13,0.00,0.00,5.38,0.00,0.00,0.00,56.99
08:35:17,13,15.79,0.00,16.84,0.00,0.00,6.32,0.00,0.00,0.00,61.05
08:35:17,14,16.48,0.00,14.29,0.00,0.00,5.49,0.00,0.00,0.00,63.74
08:35:17,15,17.20,0.00,13.98,0.00,0.00,5.38,0.00,0.00,0.00,63.44
08:35:18,4,16.30,0.00,14.13,0.00,0.00,7.61,0.00,0.00,0.00,61.96
08:35:18,5,15.56,0.00,16.67,0.00,0.00,6.67,0.00,0.00,0.00,61.11
08:35:18,6,17.20,0.00,12.90,0.00,0.00,6.45,0.00,0.00,0.00,63.44
08:35:18,7,16.13,0.00,13.98,0.00,0.00,4.30,0.00,0.00,0.00,65.59
08:35:18,12,16.30,0.00,14.13,1.09,0.00,5.43,0.00,0.00,0.00,63.04
08:35:18,13,18.28,0.00,13.98,1.08,0.00,5.38,0.00,0.00,0.00,61.29
08:35:18,14,15.96,0.00,15.96,1.06,0.00,5.32,0.00,0.00,0.00,61.70
08:35:18,15,15.05,0.00,11.83,0.00,0.00,7.53,0.00,0.00,0.00,65.59
08:35:19,4,17.58,0.00,15.38,0.00,0.00,4.40,0.00,0.00,0.00,62.64
08:35:19,5,16.48,0.00,13.19,0.00,0.00,6.59,0.00,0.00,0.00,63.74
08:35:19,6,17.39,0.00,14.13,0.00,0.00,5.43,0.00,0.00,0.00,63.04
08:35:19,7,15.79,0.00,14.74,0.00,0.00,6.32,0.00,0.00,0.00,63.16
08:35:19,12,15.56,0.00,14.44,0.00,0.00,6.67,0.00,0.00,0.00,63.33
08:35:19,13,17.39,0.00,16.30,0.00,0.00,4.35,0.00,0.00,0.00,61.96
08:35:19,14,17.58,0.00,14.29,0.00,0.00,5.49,0.00,0.00,0.00,62.64
08:35:19,15,16.48,0.00,14.29,0.00,0.00,5.49,0.00,0.00,0.00,63.74
08:35:20,4,17.02,0.00,14.89,0.00,0.00,6.38,0.00,0.00,0.00,61.70
08:35:20,5,19.15,0.00,14.89,0.00,0.00,6.38,0.00,0.00,0.00,59.57
08:35:20,6,15.22,0.00,17.39,0.00,0.00,5.43,0.00,0.00,0.00,61.96
08:35:20,7,15.38,0.00,13.19,0.00,0.00,4.40,0.00,0.00,0.00,67.03
08:35:20,12,18.09,0.00,14.89,0.00,0.00,5.32,0.00,0.00,0.00,61.70
08:35:20,13,17.39,0.00,15.22,0.00,0.00,6.52,0.00,0.00,0.00,60.87
08:35:20,14,15.22,0.00,15.22,0.00,0.00,5.43,0.00,0.00,0.00,64.13
08:35:20,15,16.13,0.00,11.83,0.00,0.00,5.38,0.00,0.00,0.00,66.67
08:35:21,4,19.57,0.00,14.13,0.00,0.00,5.43,0.00,0.00,0.00,60.87
08:35:21,5,17.39,0.00,15.22,0.00,0.00,5.43,0.00,0.00,0.00,61.96
08:35:21,6,17.58,0.00,12.09,0.00,0.00,5.49,0.00,0.00,0.00,64.84
08:35:21,7,15.05,0.00,13.98,0.00,0.00,6.45,0.00,0.00,0.00,64.52
08:35:21,12,16.85,0.00,15.73,0.00,0.00,5.62,0.00,0.00,0.00,61.80
08:35:21,13,17.39,0.00,14.13,0.00,0.00,5.43,0.00,0.00,0.00,63.04
08:35:21,14,15.56,0.00,14.44,0.00,0.00,5.56,0.00,0.00,0.00,64.44
08:35:21,15,14.89,0.00,14.89,0.00,0.00,5.32,0.00,0.00,0.00,64.89
08:35:22,4,18.95,0.00,15.79,0.00,0.00,5.26,0.00,0.00,0.00,60.00
08:35:22,5,16.48,0.00,14.29,0.00,0.00,5.49,0.00,0.00,0.00,63.74
08:35:22,6,16.30,0.00,15.22,0.00,0.00,4.35,0.00,0.00,0.00,64.13
08:35:22,7,15.56,0.00,13.33,0.00,0.00,5.56,0.00,0.00,0.00,65.56
08:35:22,12,18.28,0.00,17.20,0.00,0.00,5.38,0.00,0.00,0.00,59.14
08:35:22,13,17.78,0.00,14.44,0.00,0.00,5.56,0.00,0.00,0.00,62.22
08:35:22,14,16.30,0.00,15.22,0.00,0.00,5.43,0.00,0.00,0.00,63.04
08:35:22,15,17.39,0.00,14.13,0.00,0.00,5.43,0.00,0.00,0.00,63.04
08:35:23,4,17.78,0.00,15.56,1.11,0.00,5.56,0.00,0.00,0.00,60.00
08:35:23,5,18.68,0.00,15.38,0.00,0.00,5.49,0.00,0.00,0.00,60.44
08:35:23,6,13.83,0.00,17.02,0.00,0.00,6.38,0.00,0.00,0.00,62.77
08:35:23,7,14.89,0.00,13.83,0.00,0.00,4.26,0.00,0.00,0.00,67.02
08:35:23,12,16.13,0.00,18.28,0.00,0.00,5.38,0.00,0.00,0.00,60.22
08:35:23,13,18.28,0.00,12.90,1.08,0.00,7.53,0.00,0.00,0.00,60.22
08:35:23,14,17.78,0.00,13.33,0.00,0.00,5.56,0.00,0.00,0.00,63.33
08:35:23,15,13.98,0.00,13.98,0.00,0.00,5.38,0.00,0.00,0.00,66.67
08:35:24,4,16.67,0.00,15.56,0.00,0.00,4.44,0.00,0.00,0.00,63.33
08:35:24,5,17.58,0.00,16.48,0.00,0.00,4.40,0.00,0.00,0.00,61.54
08:35:24,6,16.48,0.00,14.29,0.00,0.00,4.40,0.00,0.00,0.00,64.84
08:35:24,7,15.56,0.00,13.33,0.00,0.00,4.44,0.00,0.00,0.00,66.67
08:35:24,12,17.58,0.00,14.29,0.00,0.00,6.59,0.00,0.00,0.00,61.54
08:35:24,13,17.58,0.00,15.38,0.00,0.00,4.40,0.00,0.00,0.00,62.64
08:35:24,14,17.20,0.00,16.13,0.00,0.00,5.38,0.00,0.00,0.00,61.29
08:35:24,15,15.56,0.00,14.44,0.00,0.00,4.44,0.00,0.00,0.00,65.56
08:35:25,4,15.22,0.00,14.13,0.00,0.00,5.43,0.00,0.00,0.00,65.22
08:35:25,5,17.39,0.00,16.30,0.00,0.00,4.35,0.00,0.00,0.00,61.96
08:35:25,6,15.05,0.00,15.05,0.00,0.00,6.45,0.00,0.00,0.00,63.44
08:35:25,7,15.96,0.00,13.83,0.00,0.00,5.32,0.00,0.00,0.00,64.89
08:35:25,12,16.13,0.00,15.05,0.00,0.00,5.38,0.00,0.00,0.00,63.44
08:35:25,13,16.13,0.00,17.20,0.00,0.00,6.45,0.00,0.00,0.00,60.22
08:35:25,14,15.56,0.00,14.44,0.00,0.00,6.67,0.00,0.00,0.00,63.33
08:35:25,15,15.96,0.00,14.89,0.00,0.00,5.32,0.00,0.00,0.00,63.83
08:35:26,4,17.20,0.00,13.98,0.00,0.00,5.38,0.00,0.00,0.00,63.44
08:35:26,5,15.05,0.00,17.20,0.00,0.00,5.38,0.00,0.00,0.00,62.37
08:35:26,6,16.30,0.00,14.13,0.00,0.00,4.35,0.00,0.00,0.00,65.22
08:35:26,7,15.22,0.00,15.22,0.00,0.00,4.35,0.00,0.00,0.00,65.22
08:35:26,12,17.58,0.00,15.38,0.00,0.00,5.49,0.00,0.00,0.00,61.54
08:35:26,13,16.67,0.00,12.22,0.00,0.00,6.67,0.00,0.00,0.00,64.44
08:35:26,14,17.58,0.00,12.09,0.00,0.00,5.49,0.00,0.00,0.00,64.84
08:35:26,15,15.56,0.00,12.22,0.00,0.00,5.56,0.00,0.00,0.00,66.67
08:35:27,4,17.39,0.00,16.30,0.00,0.00,5.43,0.00,0.00,0.00,60.87
08:35:27,5,18.48,0.00,16.30,0.00,0.00,5.43,0.00,0.00,0.00,59.78
08:35:27,6,16.30,0.00,15.22,0.00,0.00,5.43,0.00,0.00,0.00,63.04
08:35:27,7,16.30,0.00,13.04,0.00,0.00,6.52,0.00,0.00,0.00,64.13
08:35:27,12,16.84,0.00,15.79,0.00,0.00,7.37,0.00,0.00,0.00,60.00
08:35:27,13,19.57,0.00,15.22,0.00,0.00,5.43,0.00,0.00,0.00,59.78
08:35:27,14,17.39,0.00,14.13,0.00,0.00,7.61,0.00,0.00,0.00,60.87
08:35:27,15,16.13,0.00,15.05,0.00,0.00,5.38,0.00,0.00,0.00,63.44
08:35:28,4,17.20,0.00,16.13,0.00,0.00,6.45,0.00,0.00,0.00,60.22
08:35:28,5,15.96,0.00,13.83,0.00,0.00,8.51,0.00,0.00,0.00,61.70
08:35:28,6,17.20,0.00,15.05,0.00,0.00,5.38,0.00,0.00,0.00,62.37
08:35:28,7,12.09,0.00,13.19,0.00,0.00,5.49,0.00,0.00,0.00,69.23
08:35:28,12,18.28,0.00,13.98,0.00,0.00,6.45,0.00,0.00,0.00,61.29
08:35:28,13,18.09,0.00,19.15,0.00,0.00,5.32,0.00,0.00,0.00,57.45
08:35:28,14,16.85,0.00,13.48,0.00,0.00,5.62,0.00,0.00,0.00,64.04
08:35:28,15,15.46,0.00,15.46,0.00,0.00,7.22,0.00,0.00,0.00,61.86
08:35:29,4,16.67,0.00,13.33,0.00,0.00,5.56,0.00,0.00,0.00,64.44
08:35:29,5,16.85,0.00,15.73,0.00,0.00,4.49,0.00,0.00,0.00,62.92
08:35:29,6,16.67,0.00,12.22,0.00,0.00,6.67,0.00,0.00,0.00,64.44
08:35:29,7,13.98,0.00,16.13,0.00,0.00,5.38,0.00,0.00,0.00,64.52
08:35:29,12,16.67,0.00,16.67,0.00,0.00,4.44,0.00,0.00,0.00,62.22
08:35:29,13,17.39,0.00,13.04,0.00,0.00,6.52,0.00,0.00,0.00,63.04
08:35:29,14,18.68,0.00,14.29,0.00,0.00,4.40,0.00,0.00,0.00,62.64
08:35:29,15,16.30,0.00,13.04,0.00,0.00,5.43,0.00,0.00,0.00,65.22
08:35:30,4,18.48,0.00,14.13,0.00,0.00,5.43,0.00,0.00,0.00,61.96
08:35:30,5,15.79,0.00,15.79,0.00,0.00,8.42,0.00,0.00,0.00,60.00
08:35:30,6,15.38,0.00,16.48,0.00,0.00,4.40,0.00,0.00,0.00,63.74
08:35:30,7,14.61,0.00,12.36,0.00,0.00,4.49,0.00,0.00,0.00,68.54
08:35:30,12,18.28,0.00,13.98,0.00,0.00,5.38,0.00,0.00,0.00,62.37
08:35:30,13,16.67,0.00,14.44,0.00,0.00,4.44,0.00,0.00,0.00,64.44
08:35:30,14,14.13,0.00,16.30,0.00,0.00,6.52,0.00,0.00,0.00,63.04
08:35:30,15,16.30,0.00,13.04,0.00,0.00,5.43,0.00,0.00,0.00,65.22
08:35:31,4,17.89,0.00,13.68,0.00,0.00,6.32,0.00,0.00,0.00,62.11
08:35:31,5,15.73,0.00,12.36,0.00,0.00,6.74,0.00,0.00,0.00,65.17
08:35:31,6,14.61,0.00,14.61,0.00,0.00,5.62,0.00,0.00,0.00,65.17
08:35:31,7,16.30,0.00,15.22,0.00,0.00,5.43,0.00,0.00,0.00,63.04
08:35:31,12,16.30,0.00,15.22,0.00,0.00,4.35,0.00,0.00,0.00,64.13
08:35:31,13,15.22,0.00,15.22,0.00,0.00,6.52,0.00,0.00,0.00,63.04
08:35:31,14,18.89,0.00,12.22,0.00,0.00,4.44,0.00,0.00,0.00,64.44
08:35:31,15,17.39,0.00,14.13,0.00,0.00,4.35,0.00,0.00,0.00,64.13
08:35:32,4,13.98,0.00,15.05,0.00,0.00,7.53,0.00,0.00,0.00,63.44
08:35:32,5,18.28,0.00,16.13,0.00,0.00,6.45,0.00,0.00,0.00,59.14
08:35:32,6,15.38,0.00,13.19,0.00,0.00,6.59,0.00,0.00,0.00,64.84
08:35:32,7,15.05,0.00,15.05,0.00,0.00,5.38,0.00,0.00,0.00,64.52
08:35:32,12,17.02,0.00,13.83,0.00,0.00,6.38,0.00,0.00,0.00,62.77
08:35:32,13,16.30,0.00,15.22,0.00,0.00,5.43,0.00,0.00,0.00,63.04
08:35:32,14,16.13,0.00,15.05,0.00,0.00,6.45,0.00,0.00,0.00,62.37
08:35:32,15,15.96,0.00,13.83,0.00,0.00,5.32,0.00,0.00,0.00,64.89
08:35:33,4,19.78,0.00,15.38,0.00,0.00,5.49,0.00,0.00,0.00,59.34
08:35:33,5,19.57,0.00,16.30,1.09,0.00,4.35,0.00,0.00,0.00,58.70
08:35:33,6,16.48,0.00,15.38,0.00,0.00,5.49,0.00,0.00,0.00,62.64
08:35:33,7,16.30,0.00,14.13,0.00,0.00,4.35,0.00,0.00,0.00,65.22
08:35:33,12,15.38,0.00,18.68,0.00,0.00,5.49,0.00,0.00,0.00,60.44
08:35:33,13,19.78,0.00,15.38,0.00,0.00,6.59,0.00,0.00,0.00,58.24
08:35:33,14,20.00,0.00,13.33,0.00,0.00,5.56,0.00,0.00,0.00,61.11
08:35:33,15,15.38,0.00,15.38,1.10,0.00,5.49,0.00,0.00,0.00,62.64
08:35:34,4,14.29,0.00,15.38,0.00,0.00,5.49,0.00,0.00,0.00,64.84
08:35:34,5,17.78,0.00,16.67,0.00,0.00,4.44,0.00,0.00,0.00,61.11
08:35:34,6,16.48,0.00,14.29,0.00,0.00,5.49,0.00,0.00,0.00,63.74
08:35:34,7,16.30,0.00,14.13,0.00,0.00,5.43,0.00,0.00,0.00,64.13
08:35:34,12,17.39,0.00,15.22,0.00,0.00,4.35,0.00,0.00,0.00,63.04
08:35:34,13,15.38,0.00,16.48,0.00,0.00,4.40,0.00,0.00,0.00,63.74
08:35:34,14,14.29,0.00,15.38,0.00,0.00,6.59,0.00,0.00,0.00,63.74
08:35:34,15,17.39,0.00,13.04,0.00,0.00,4.35,0.00,0.00,0.00,65.22
08:35:35,4,16.48,0.00,15.38,0.00,0.00,5.49,0.00,0.00,0.00,62.64
08:35:35,5,14.61,0.00,14.61,0.00,0.00,5.62,0.00,0.00,0.00,65.17
08:35:35,6,17.20,0.00,15.05,0.00,0.00,6.45,0.00,0.00,0.00,61.29
08:35:35,7,15.96,0.00,14.89,0.00,0.00,5.32,0.00,0.00,0.00,63.83
08:35:35,12,17.39,0.00,13.04,0.00,0.00,6.52,0.00,0.00,0.00,63.04
08:35:35,13,17.39,0.00,14.13,0.00,0.00,5.43,0.00,0.00,0.00,63.04
08:35:35,14,17.39,0.00,13.04,0.00,0.00,5.43,0.00,0.00,0.00,64.13
08:35:35,15,15.79,0.00,15.79,0.00,0.00,5.26,0.00,0.00,0.00,63.16
08:35:36,4,17.39,0.00,14.13,0.00,0.00,4.35,0.00,0.00,0.00,64.13
08:35:36,5,17.20,0.00,13.98,0.00,0.00,6.45,0.00,0.00,0.00,62.37
08:35:36,6,16.13,0.00,15.05,0.00,0.00,6.45,0.00,0.00,0.00,62.37
08:35:36,7,16.30,0.00,11.96,0.00,0.00,5.43,0.00,0.00,0.00,66.30
08:35:36,12,15.96,0.00,17.02,0.00,0.00,5.32,0.00,0.00,0.00,61.70
08:35:36,13,15.05,0.00,16.13,0.00,0.00,5.38,0.00,0.00,0.00,63.44
08:35:36,14,17.39,0.00,13.04,0.00,0.00,6.52,0.00,0.00,0.00,63.04
08:35:36,15,13.19,0.00,13.19,0.00,0.00,6.59,0.00,0.00,0.00,67.03
08:35:37,4,16.30,0.00,15.22,0.00,0.00,6.52,0.00,0.00,0.00,61.96
08:35:37,5,15.96,0.00,17.02,0.00,0.00,5.32,0.00,0.00,0.00,61.70
08:35:37,6,17.58,0.00,13.19,0.00,0.00,4.40,0.00,0.00,0.00,64.84
08:35:37,7,15.22,0.00,13.04,0.00,0.00,5.43,0.00,0.00,0.00,66.30
08:35:37,12,18.48,0.00,11.96,0.00,0.00,5.43,0.00,0.00,0.00,64.13
08:35:37,13,14.13,0.00,19.57,0.00,0.00,5.43,0.00,0.00,0.00,60.87
08:35:37,14,14.61,0.00,14.61,0.00,0.00,5.62,0.00,0.00,0.00,65.17
08:35:37,15,17.20,0.00,13.98,0.00,0.00,6.45,0.00,0.00,0.00,62.37
08:35:38,4,20.43,0.00,17.20,0.00,0.00,5.38,0.00,0.00,0.00,56.99
08:35:38,5,16.48,0.00,14.29,0.00,0.00,5.49,0.00,0.00,0.00,63.74
08:35:38,6,18.48,0.00,14.13,0.00,0.00,6.52,0.00,0.00,0.00,60.87
08:35:38,7,12.50,0.00,12.50,0.00,0.00,5.68,0.00,0.00,0.00,69.32
08:35:38,12,16.30,0.00,16.30,0.00,0.00,6.52,0.00,0.00,0.00,60.87
08:35:38,13,18.28,0.00,13.98,0.00,0.00,6.45,0.00,0.00,0.00,61.29
08:35:38,14,20.00,0.00,14.44,0.00,0.00,4.44,0.00,0.00,0.00,61.11
08:35:38,15,16.84,0.00,13.68,0.00,0.00,6.32,0.00,0.00,0.00,63.16
08:35:39,4,17.39,0.00,14.13,1.09,0.00,5.43,0.00,0.00,0.00,61.96
08:35:39,5,14.29,0.00,14.29,0.00,0.00,7.69,0.00,0.00,0.00,63.74
08:35:39,6,16.30,0.00,15.22,0.00,0.00,5.43,0.00,0.00,0.00,63.04
08:35:39,7,16.48,0.00,13.19,0.00,0.00,6.59,0.00,0.00,0.00,63.74
08:35:39,12,14.44,0.00,14.44,0.00,0.00,6.67,0.00,0.00,0.00,64.44
08:35:39,13,15.38,0.00,15.38,0.00,0.00,4.40,0.00,0.00,0.00,64.84
08:35:39,14,17.20,0.00,13.98,0.00,0.00,5.38,0.00,0.00,0.00,63.44
08:35:39,15,14.94,0.00,13.79,1.15,0.00,4.60,0.00,0.00,0.00,65.52
08:35:40,4,16.85,0.00,14.61,0.00,0.00,5.62,0.00,0.00,0.00,62.92
08:35:40,5,19.35,0.00,15.05,0.00,0.00,5.38,0.00,0.00,0.00,60.22
08:35:40,6,16.67,0.00,13.33,0.00,0.00,5.56,0.00,0.00,0.00,64.44
08:35:40,7,16.13,0.00,13.98,0.00,0.00,5.38,0.00,0.00,0.00,64.52
08:35:40,12,14.44,0.00,14.44,0.00,0.00,5.56,0.00,0.00,0.00,65.56
08:35:40,13,17.39,0.00,18.48,0.00,0.00,5.43,0.00,0.00,0.00,58.70
08:35:40,14,18.09,0.00,14.89,0.00,0.00,5.32,0.00,0.00,0.00,61.70
08:35:40,15,15.22,0.00,13.04,0.00,0.00,6.52,0.00,0.00,0.00,65.22
08:35:41,4,17.02,0.00,14.89,0.00,0.00,6.38,0.00,0.00,0.00,61.70
08:35:41,5,15.05,0.00,17.20,0.00,0.00,5.38,0.00,0.00,0.00,62.37
08:35:41,6,14.29,0.00,16.48,0.00,0.00,5.49,0.00,0.00,0.00,63.74
08:35:41,7,15.22,0.00,13.04,0.00,0.00,5.43,0.00,0.00,0.00,66.30
08:35:41,12,17.39,0.00,13.04,0.00,0.00,5.43,0.00,0.00,0.00,64.13
08:35:41,13,15.96,0.00,15.96,0.00,0.00,6.38,0.00,0.00,0.00,61.70
08:35:41,14,18.28,0.00,13.98,0.00,0.00,5.38,0.00,0.00,0.00,62.37
08:35:41,15,14.89,0.00,14.89,0.00,0.00,5.32,0.00,0.00,0.00,64.89
08:35:42,4,18.09,0.00,13.83,0.00,0.00,6.38,0.00,0.00,0.00,61.70
08:35:42,5,16.13,0.00,15.05,0.00,0.00,5.38,0.00,0.00,0.00,63.44
08:35:42,6,16.85,0.00,14.61,0.00,0.00,4.49,0.00,0.00,0.00,64.04
08:35:42,7,14.89,0.00,13.83,0.00,0.00,6.38,0.00,0.00,0.00,64.89
08:35:42,12,16.48,0.00,14.29,0.00,0.00,5.49,0.00,0.00,0.00,63.74
08:35:42,13,18.28,0.00,12.90,0.00,0.00,5.38,0.00,0.00,0.00,63.44
08:35:42,14,17.78,0.00,12.22,0.00,0.00,5.56,0.00,0.00,0.00,64.44
08:35:42,15,16.13,0.00,13.98,0.00,0.00,5.38,0.00,0.00,0.00,64.52
08:35:43,4,17.89,0.00,15.79,0.00,0.00,6.32,0.00,0.00,0.00,60.00
08:35:43,5,16.48,0.00,15.38,0.00,0.00,5.49,0.00,0.00,0.00,62.64
08:35:43,6,18.89,0.00,13.33,0.00,0.00,5.56,0.00,0.00,0.00,62.22
08:35:43,7,15.38,0.00,15.38,0.00,0.00,5.49,0.00,0.00,0.00,63.74
08:35:43,12,18.28,0.00,18.28,0.00,0.00,5.38,0.00,0.00,0.00,58.06
08:35:43,13,17.58,0.00,16.48,0.00,0.00,5.49,0.00,0.00,0.00,60.44
08:35:43,14,16.84,0.00,16.84,0.00,0.00,5.26,0.00,0.00,0.00,61.05
08:35:43,15,17.58,0.00,13.19,0.00,0.00,5.49,0.00,0.00,0.00,63.74
08:35:44,4,16.48,0.00,13.19,0.00,0.00,6.59,0.00,0.00,0.00,63.74
08:35:44,5,15.73,0.00,13.48,0.00,0.00,5.62,0.00,0.00,0.00,65.17
08:35:44,6,18.09,0.00,13.83,0.00,0.00,6.38,0.00,0.00,0.00,61.70
08:35:44,7,15.22,0.00,14.13,0.00,0.00,4.35,0.00,0.00,0.00,66.30
08:35:44,12,14.89,0.00,14.89,0.00,0.00,6.38,0.00,0.00,0.00,63.83
08:35:44,13,15.22,0.00,16.30,0.00,0.00,6.52,0.00,0.00,0.00,61.96
08:35:44,14,15.73,0.00,14.61,0.00,0.00,5.62,0.00,0.00,0.00,64.04
08:35:44,15,16.30,0.00,11.96,0.00,0.00,6.52,0.00,0.00,0.00,65.22
08:35:45,4,15.56,0.00,13.33,0.00,0.00,5.56,0.00,0.00,0.00,65.56
08:35:45,5,20.00,0.00,14.74,0.00,0.00,5.26,0.00,0.00,0.00,60.00
08:35:45,6,17.02,0.00,14.89,0.00,0.00,7.45,0.00,0.00,0.00,60.64
08:35:45,7,15.38,0.00,13.19,0.00,0.00,5.49,0.00,0.00,0.00,65.93
08:35:45,12,17.39,0.00,14.13,0.00,0.00,5.43,0.00,0.00,0.00,63.04
08:35:45,13,17.39,0.00,14.13,0.00,0.00,7.61,0.00,0.00,0.00,60.87
08:35:45,14,15.56,0.00,14.44,0.00,0.00,5.56,0.00,0.00,0.00,64.44
08:35:45,15,16.13,0.00,12.90,0.00,0.00,5.38,0.00,0.00,0.00,65.59
08:35:46,4,15.73,0.00,16.85,0.00,0.00,4.49,0.00,0.00,0.00,62.92
08:35:46,5,13.98,0.00,20.43,0.00,0.00,5.38,0.00,0.00,0.00,60.22
08:35:46,6,17.20,0.00,13.98,0.00,0.00,5.38,0.00,0.00,0.00,63.44
08:35:46,7,15.05,0.00,13.98,0.00,0.00,4.30,0.00,0.00,0.00,66.67
08:35:46,12,18.28,0.00,13.98,0.00,0.00,5.38,0.00,0.00,0.00,62.37
08:35:46,13,18.28,0.00,12.90,0.00,0.00,5.38,0.00,0.00,0.00,63.44
08:35:46,14,18.48,0.00,13.04,0.00,0.00,4.35,0.00,0.00,0.00,64.13
08:35:46,15,16.30,0.00,11.96,0.00,0.00,5.43,0.00,0.00,0.00,66.30
08:35:47,4,16.13,0.00,16.13,0.00,0.00,6.45,0.00,0.00,0.00,61.29
08:35:47,5,16.48,0.00,13.19,0.00,0.00,5.49,0.00,0.00,0.00,64.84
08:35:47,6,15.56,0.00,15.56,0.00,0.00,6.67,0.00,0.00,0.00,62.22
08:35:47,7,14.13,0.00,15.22,0.00,0.00,5.43,0.00,0.00,0.00,65.22
08:35:47,12,16.48,0.00,15.38,0.00,0.00,5.49,0.00,0.00,0.00,62.64
08:35:47,13,16.13,0.00,15.05,0.00,0.00,5.38,0.00,0.00,0.00,63.44
08:35:47,14,17.53,0.00,15.46,0.00,0.00,7.22,0.00,0.00,0.00,59.79
08:35:47,15,13.64,0.00,14.77,0.00,0.00,4.55,0.00,0.00,0.00,67.05
08:35:48,4,17.39,0.00,16.30,0.00,0.00,6.52,0.00,0.00,0.00,59.78
08:35:48,5,18.68,0.00,16.48,0.00,0.00,6.59,0.00,0.00,0.00,58.24
08:35:48,6,15.73,0.00,15.73,0.00,0.00,4.49,0.00,0.00,0.00,64.04
08:35:48,7,13.19,0.00,14.29,0.00,0.00,7.69,0.00,0.00,0.00,64.84
08:35:48,12,15.96,0.00,15.96,0.00,0.00,6.38,0.00,0.00,0.00,61.70
08:35:48,13,20.22,0.00,13.48,0.00,0.00,6.74,0.00,0.00,0.00,59.55
08:35:48,14,19.15,0.00,17.02,0.00,0.00,5.32,0.00,0.00,0.00,58.51
08:35:48,15,15.38,0.00,13.19,0.00,0.00,5.49,0.00,0.00,0.00,65.93
08:35:49,4,16.30,0.00,16.30,0.00,0.00,4.35,0.00,0.00,0.00,63.04
08:35:49,5,16.85,0.00,15.73,0.00,0.00,4.49,0.00,0.00,0.00,62.92
08:35:49,6,14.29,0.00,15.38,1.10,0.00,6.59,0.00,0.00,0.00,62.64
08:35:49,7,15.22,0.00,15.22,0.00,0.00,4.35,0.00,0.00,0.00,65.22
08:35:49,12,14.89,0.00,15.96,0.00,0.00,6.38,0.00,0.00,0.00,62.77
08:35:49,13,17.39,0.00,14.13,0.00,0.00,6.52,0.00,0.00,0.00,61.96
08:35:49,14,17.39,0.00,15.22,0.00,0.00,5.43,0.00,0.00,0.00,61.96
08:35:49,15,15.22,0.00,14.13,0.00,0.00,5.43,0.00,0.00,0.00,65.22
08:35:50,4,15.56,0.00,14.44,0.00,0.00,5.56,0.00,0.00,0.00,64.44
08:35:50,5,18.28,0.00,13.98,0.00,0.00,6.45,0.00,0.00,0.00,61.29
08:35:50,6,18.28,0.00,13.98,0.00,0.00,5.38,0.00,0.00,0.00,62.37
08:35:50,7,15.05,0.00,13.98,0.00,0.00,5.38,0.00,0.00,0.00,65.59
08:35:50,12,15.56,0.00,14.44,0.00,0.00,6.67,0.00,0.00,0.00,63.33
08:35:50,13,17.20,0.00,16.13,0.00,0.00,7.53,0.00,0.00,0.00,59.14
08:35:50,14,15.56,0.00,14.44,0.00,0.00,5.56,0.00,0.00,0.00,64.44
08:35:50,15,15.22,0.00,14.13,0.00,0.00,6.52,0.00,0.00,0.00,64.13
08:35:51,4,16.48,0.00,16.48,0.00,0.00,6.59,0.00,0.00,0.00,60.44
08:35:51,5,19.15,0.00,14.89,0.00,0.00,5.32,0.00,0.00,0.00,60.64
08:35:51,6,15.38,0.00,14.29,0.00,0.00,6.59,0.00,0.00,0.00,63.74
08:35:51,7,13.33,0.00,13.33,0.00,0.00,6.67,0.00,0.00,0.00,66.67
08:35:51,12,18.09,0.00,14.89,0.00,0.00,5.32,0.00,0.00,0.00,61.70
08:35:51,13,17.78,0.00,14.44,0.00,0.00,5.56,0.00,0.00,0.00,62.22
08:35:51,14,18.48,0.00,15.22,0.00,0.00,4.35,0.00,0.00,0.00,61.96
08:35:51,15,17.20,0.00,12.90,0.00,0.00,5.38,0.00,0.00,0.00,64.52
08:35:52,4,15.38,0.00,16.48,0.00,0.00,5.49,0.00,0.00,0.00,62.64
08:35:52,5,15.22,0.00,15.22,0.00,0.00,5.43,0.00,0.00,0.00,64.13
08:35:52,6,17.98,0.00,13.48,0.00,0.00,4.49,0.00,0.00,0.00,64.04
08:35:52,7,15.05,0.00,13.98,0.00,0.00,5.38,0.00,0.00,0.00,65.59
08:35:52,12,19.15,0.00,13.83,0.00,0.00,4.26,0.00,0.00,0.00,62.77
08:35:52,13,17.89,0.00,14.74,0.00,0.00,5.26,0.00,0.00,0.00,62.11
08:35:52,14,15.73,0.00,14.61,0.00,0.00,3.37,0.00,0.00,0.00,66.29
08:35:52,15,15.38,0.00,10.99,0.00,0.00,6.59,0.00,0.00,0.00,67.03
08:35:53,4,17.20,0.00,15.05,0.00,0.00,6.45,0.00,0.00,0.00,61.29
08:35:53,5,21.74,0.00,18.48,0.00,0.00,5.43,0.00,0.00,0.00,54.35
08:35:53,6,17.02,0.00,15.96,0.00,0.00,5.32,0.00,0.00,0.00,61.70
08:35:53,7,16.30,0.00,14.13,0.00,0.00,6.52,0.00,0.00,0.00,63.04
08:35:53,12,17.58,0.00,14.29,0.00,0.00,5.49,0.00,0.00,0.00,62.64
08:35:53,13,17.58,0.00,15.38,0.00,0.00,4.40,0.00,0.00,0.00,62.64
08:35:53,14,18.28,0.00,15.05,0.00,0.00,5.38,0.00,0.00,0.00,61.29
08:35:53,15,14.74,0.00,17.89,0.00,0.00,5.26,0.00,0.00,0.00,62.11
08:35:54,4,16.67,0.00,14.44,0.00,0.00,4.44,0.00,0.00,0.00,64.44
08:35:54,5,20.00,0.00,12.22,0.00,0.00,5.56,0.00,0.00,0.00,62.22
08:35:54,6,16.48,0.00,14.29,0.00,0.00,5.49,0.00,0.00,0.00,63.74
08:35:54,7,16.48,0.00,13.19,0.00,0.00,4.40,0.00,0.00,0.00,65.93
08:35:54,12,18.48,0.00,16.30,0.00,0.00,5.43,0.00,0.00,0.00,59.78
08:35:54,13,17.53,0.00,16.49,0.00,0.00,6.19,0.00,0.00,0.00,59.79
08:35:54,14,16.85,0.00,13.48,0.00,0.00,5.62,0.00,0.00,0.00,64.04
08:35:54,15,16.67,0.00,12.22,0.00,0.00,5.56,0.00,0.00,0.00,65.56
08:35:55,4,18.68,0.00,15.38,0.00,0.00,5.49,0.00,0.00,0.00,60.44
08:35:55,5,18.18,0.00,15.91,0.00,0.00,4.55,0.00,0.00,0.00,61.36
08:35:55,6,17.39,0.00,17.39,0.00,0.00,5.43,0.00,0.00,0.00,59.78
08:35:55,7,15.22,0.00,15.22,0.00,0.00,4.35,0.00,0.00,0.00,65.22
08:35:55,12,15.96,0.00,15.96,0.00,0.00,7.45,0.00,0.00,0.00,60.64
08:35:55,13,15.38,0.00,15.38,0.00,0.00,6.59,0.00,0.00,0.00,62.64
08:35:55,14,18.09,0.00,13.83,0.00,0.00,7.45,0.00,0.00,0.00,60.64
08:35:55,15,15.96,0.00,13.83,0.00,0.00,6.38,0.00,0.00,0.00,63.83
08:35:56,4,17.39,0.00,13.04,0.00,0.00,6.52,0.00,0.00,0.00,63.04
08:35:56,5,18.09,0.00,15.96,0.00,0.00,5.32,0.00,0.00,0.00,60.64
08:35:56,6,15.22,0.00,16.30,0.00,0.00,4.35,0.00,0.00,0.00,64.13
08:35:56,7,16.84,0.00,15.79,0.00,0.00,5.26,0.00,0.00,0.00,62.11
08:35:56,12,14.44,0.00,14.44,0.00,0.00,5.56,0.00,0.00,0.00,65.56
08:35:56,13,16.85,0.00,16.85,0.00,0.00,5.62,0.00,0.00,0.00,60.67
08:35:56,14,18.37,0.00,15.31,0.00,0.00,6.12,0.00,0.00,0.00,60.20
08:35:56,15,13.33,0.00,13.33,0.00,0.00,5.56,0.00,0.00,0.00,67.78
08:35:57,4,17.20,0.00,15.05,0.00,0.00,5.38,0.00,0.00,0.00,62.37
08:35:57,5,16.67,0.00,13.33,0.00,0.00,4.44,0.00,0.00,0.00,65.56
08:35:57,6,16.67,0.00,13.33,0.00,0.00,5.56,0.00,0.00,0.00,64.44
08:35:57,7,14.74,0.00,13.68,0.00,0.00,6.32,0.00,0.00,0.00,65.26
08:35:57,12,15.22,0.00,13.04,0.00,0.00,6.52,0.00,0.00,0.00,65.22
08:35:57,13,17.58,0.00,15.38,0.00,0.00,5.49,0.00,0.00,0.00,61.54
08:35:57,14,17.58,0.00,14.29,0.00,0.00,4.40,0.00,0.00,0.00,63.74
08:35:57,15,14.29,0.00,15.38,0.00,0.00,4.40,0.00,0.00,0.00,65.93
08:35:58,4,20.65,0.00,16.30,0.00,0.00,5.43,0.00,0.00,0.00,57.61
08:35:58,5,19.78,0.00,16.48,0.00,0.00,4.40,0.00,0.00,0.00,59.34
08:35:58,6,15.96,0.00,17.02,0.00,0.00,6.38,0.00,0.00,0.00,60.64
08:35:58,7,16.48,0.00,14.29,0.00,0.00,4.40,0.00,0.00,0.00,64.84
08:35:58,12,16.13,0.00,16.13,0.00,0.00,6.45,0.00,0.00,0.00,61.29
08:35:58,13,18.28,0.00,16.13,0.00,0.00,5.38,0.00,0.00,0.00,60.22
08:35:58,14,19.15,0.00,14.89,0.00,0.00,5.32,0.00,0.00,0.00,60.64
08:35:58,15,15.38,0.00,15.38,0.00,0.00,4.40,0.00,0.00,0.00,64.84
08:35:59,4,16.67,0.00,14.44,1.11,0.00,5.56,0.00,0.00,0.00,62.22
08:35:59,5,16.48,0.00,12.09,0.00,0.00,7.69,0.00,0.00,0.00,63.74
08:35:59,6,16.48,0.00,15.38,0.00,0.00,5.49,0.00,0.00,0.00,62.64
08:35:59,7,14.61,0.00,12.36,0.00,0.00,6.74,0.00,0.00,0.00,66.29
08:35:59,12,15.05,0.00,17.20,0.00,0.00,5.38,0.00,0.00,0.00,62.37
08:35:59,13,16.67,0.00,17.78,0.00,0.00,5.56,0.00,0.00,0.00,60.00
08:35:59,14,19.15,0.00,13.83,0.00,0.00,5.32,0.00,0.00,0.00,61.70
08:35:59,15,16.30,0.00,14.13,0.00,0.00,5.43,0.00,0.00,0.00,64.13
08:36:00,4,16.13,0.00,17.20,0.00,0.00,6.45,0.00,0.00,0.00,60.22
08:36:00,5,18.28,0.00,16.13,0.00,0.00,5.38,0.00,0.00,0.00,60.22
08:36:00,6,18.48,0.00,13.04,0.00,0.00,5.43,0.00,0.00,0.00,63.04
08:36:00,7,14.89,0.00,14.89,0.00,0.00,6.38,0.00,0.00,0.00,63.83
08:36:00,12,17.20,0.00,17.20,0.00,0.00,6.45,0.00,0.00,0.00,59.14
08:36:00,13,15.38,0.00,15.38,0.00,0.00,6.59,0.00,0.00,0.00,62.64
08:36:00,14,19.57,0.00,15.22,0.00,0.00,4.35,0.00,0.00,0.00,60.87
08:36:00,15,15.56,0.00,14.44,0.00,0.00,4.44,0.00,0.00,0.00,65.56
08:36:01,4,15.38,0.00,15.38,0.00,0.00,5.49,0.00,0.00,0.00,63.74
08:36:01,5,16.13,0.00,13.98,0.00,0.00,6.45,0.00,0.00,0.00,63.44
08:36:01,6,16.67,0.00,12.22,0.00,0.00,5.56,0.00,0.00,0.00,65.56
08:36:01,7,14.44,0.00,12.22,0.00,0.00,4.44,0.00,0.00,0.00,68.89
08:36:01,12,15.38,0.00,16.48,0.00,0.00,5.49,0.00,0.00,0.00,62.64
08:36:01,13,18.48,0.00,15.22,0.00,0.00,5.43,0.00,0.00,0.00,60.87
08:36:01,14,17.78,0.00,13.33,0.00,0.00,4.44,0.00,0.00,0.00,64.44
08:36:01,15,12.22,0.00,14.44,0.00,0.00,6.67,0.00,0.00,0.00,66.67
08:36:02,4,17.78,0.00,14.44,0.00,0.00,5.56,0.00,0.00,0.00,62.22
08:36:02,5,16.48,0.00,15.38,0.00,0.00,5.49,0.00,0.00,0.00,62.64
08:36:02,6,15.05,0.00,16.13,0.00,0.00,6.45,0.00,0.00,0.00,62.37
08:36:02,7,17.02,0.00,11.70,0.00,0.00,5.32,0.00,0.00,0.00,65.96
08:36:02,12,16.84,0.00,15.79,0.00,0.00,6.32,0.00,0.00,0.00,61.05
08:36:02,13,18.48,0.00,16.30,0.00,0.00,4.35,0.00,0.00,0.00,60.87
08:36:02,14,16.13,0.00,16.13,0.00,0.00,6.45,0.00,0.00,0.00,61.29
08:36:02,15,15.22,0.00,14.13,0.00,0.00,4.35,0.00,0.00,0.00,66.30
08:36:03,4,16.48,0.00,14.29,0.00,0.00,6.59,0.00,0.00,0.00,62.64
08:36:03,5,18.09,0.00,15.96,0.00,0.00,7.45,0.00,0.00,0.00,58.51
08:36:03,6,15.38,0.00,16.48,0.00,0.00,7.69,0.00,0.00,0.00,60.44
08:36:03,7,15.38,0.00,14.29,0.00,0.00,5.49,0.00,0.00,0.00,64.84
08:36:03,12,20.00,0.00,14.44,0.00,0.00,5.56,0.00,0.00,0.00,60.00
08:36:03,13,15.56,0.00,17.78,0.00,0.00,6.67,0.00,0.00,0.00,60.00
08:36:03,14,16.30,0.00,15.22,0.00,0.00,5.43,0.00,0.00,0.00,63.04
08:36:03,15,16.13,0.00,15.05,0.00,0.00,4.30,0.00,0.00,0.00,64.52
08:36:04,4,17.20,0.00,16.13,1.08,0.00,5.38,0.00,0.00,0.00,60.22
08:36:04,5,17.58,0.00,14.29,0.00,0.00,4.40,0.00,0.00,0.00,63.74
08:36:04,6,18.09,0.00,14.89,0.00,0.00,5.32,0.00,0.00,0.00,61.70
08:36:04,7,14.89,0.00,13.83,0.00,0.00,5.32,0.00,0.00,0.00,65.96
08:36:04,12,17.58,0.00,14.29,0.00,0.00,5.49,0.00,0.00,0.00,62.64
08:36:04,13,17.78,0.00,13.33,0.00,0.00,6.67,0.00,0.00,0.00,62.22
08:36:04,14,17.58,0.00,13.19,0.00,0.00,5.49,0.00,0.00,0.00,63.74
08:36:04,15,14.89,0.00,14.89,0.00,0.00,5.32,0.00,0.00,0.00,64.89
08:36:05,4,15.22,0.00,17.39,0.00,0.00,5.43,0.00,0.00,0.00,61.96
08:36:05,5,16.48,0.00,16.48,0.00,0.00,4.40,0.00,0.00,0.00,62.64
08:36:05,6,15.73,0.00,14.61,0.00,0.00,5.62,0.00,0.00,0.00,64.04
08:36:05,7,16.13,0.00,11.83,0.00,0.00,5.38,0.00,0.00,0.00,66.67
08:36:05,12,16.48,0.00,15.38,0.00,0.00,5.49,0.00,0.00,0.00,62.64
08:36:05,13,20.21,0.00,13.83,0.00,0.00,6.38,0.00,0.00,0.00,59.57
08:36:05,14,16.67,0.00,14.44,0.00,0.00,5.56,0.00,0.00,0.00,63.33
08:36:05,15,17.20,0.00,12.90,0.00,0.00,6.45,0.00,0.00,0.00,63.44
08:36:06,4,16.28,0.00,13.95,0.00,0.00,4.65,0.00,0.00,0.00,65.12
08:36:06,5,15.38,0.00,17.58,0.00,0.00,5.49,0.00,0.00,0.00,61.54
08:36:06,6,15.05,0.00,16.13,0.00,0.00,6.45,0.00,0.00,0.00,62.37
08:36:06,7,18.09,0.00,12.77,0.00,0.00,6.38,0.00,0.00,0.00,62.77
08:36:06,12,15.38,0.00,15.38,0.00,0.00,5.49,0.00,0.00,0.00,63.74
08:36:06,13,15.56,0.00,14.44,0.00,0.00,6.67,0.00,0.00,0.00,63.33
08:36:06,14,17.39,0.00,13.04,0.00,0.00,6.52,0.00,0.00,0.00,63.04
08:36:06,15,15.79,0.00,14.74,0.00,0.00,6.32,0.00,0.00,0.00,63.16
08:36:07,4,19.15,0.00,15.96,0.00,0.00,4.26,0.00,0.00,0.00,60.64
08:36:07,5,16.13,0.00,15.05,0.00,0.00,6.45,0.00,0.00,0.00,62.37
08:36:07,6,17.39,0.00,15.22,0.00,0.00,4.35,0.00,0.00,0.00,63.04
08:36:07,7,15.56,0.00,14.44,0.00,0.00,4.44,0.00,0.00,0.00,65.56
08:36:07,12,18.28,0.00,15.05,0.00,0.00,4.30,0.00,0.00,0.00,62.37
08:36:07,13,15.22,0.00,16.30,0.00,0.00,4.35,0.00,0.00,0.00,64.13
08:36:07,14,13.98,0.00,15.05,0.00,0.00,6.45,0.00,0.00,0.00,64.52
08:36:07,15,15.56,0.00,13.33,0.00,0.00,4.44,0.00,0.00,0.00,66.67
08:36:08,4,19.57,0.00,17.39,0.00,0.00,4.35,0.00,0.00,0.00,58.70
08:36:08,5,17.39,0.00,17.39,0.00,0.00,6.52,0.00,0.00,0.00,58.70
08:36:08,6,19.35,0.00,13.98,0.00,0.00,6.45,0.00,0.00,0.00,60.22
08:36:08,7,16.13,0.00,12.90,0.00,0.00,6.45,0.00,0.00,0.00,64.52
08:36:08,12,19.35,0.00,15.05,0.00,0.00,6.45,0.00,0.00,0.00,59.14
08:36:08,13,17.71,0.00,16.67,0.00,0.00,6.25,0.00,0.00,0.00,59.38
08:36:08,14,20.21,0.00,13.83,0.00,0.00,5.32,0.00,0.00,0.00,60.64
08:36:08,15,15.38,0.00,12.09,0.00,0.00,6.59,0.00,0.00,0.00,65.93
08:36:09,4,18.09,0.00,14.89,0.00,0.00,5.32,0.00,0.00,0.00,61.70
08:36:09,5,17.20,0.00,13.98,0.00,0.00,6.45,0.00,0.00,0.00,62.37
08:36:09,6,17.02,0.00,13.83,0.00,0.00,6.38,0.00,0.00,0.00,62.77
08:36:09,7,16.30,0.00,13.04,0.00,0.00,5.43,0.00,0.00,0.00,65.22
08:36:09,12,17.39,0.00,15.22,0.00,0.00,4.35,0.00,0.00,0.00,63.04
08:36:09,13,18.09,0.00,17.02,0.00,0.00,6.38,0.00,0.00,0.00,58.51
08:36:09,14,16.13,0.00,13.98,0.00,0.00,7.53,0.00,0.00,0.00,62.37
08:36:09,15,15.22,0.00,14.13,0.00,0.00,6.52,0.00,0.00,0.00,64.13
08:36:10,4,14.77,0.00,15.91,0.00,0.00,4.55,0.00,0.00,0.00,64.77
08:36:10,5,17.58,0.00,14.29,0.00,0.00,5.49,0.00,0.00,0.00,62.64
08:36:10,6,16.13,0.00,16.13,0.00,0.00,5.38,0.00,0.00,0.00,62.37
08:36:10,7,14.43,0.00,17.53,0.00,0.00,6.19,0.00,0.00,0.00,61.86
08:36:10,12,19.15,0.00,15.96,0.00,0.00,6.38,0.00,0.00,0.00,58.51
08:36:10,13,16.48,0.00,15.38,0.00,0.00,5.49,0.00,0.00,0.00,62.64
08:36:10,14,16.67,0.00,16.67,0.00,0.00,4.44,0.00,0.00,0.00,62.22
08:36:10,15,16.48,0.00,14.29,0.00,0.00,5.49,0.00,0.00,0.00,63.74
08:36:11,4,17.20,0.00,12.90,0.00,0.00,5.38,0.00,0.00,0.00,64.52
08:36:11,5,17.58,0.00,15.38,0.00,0.00,4.40,0.00,0.00,0.00,62.64
08:36:11,6,13.48,0.00,15.73,0.00,0.00,7.87,0.00,0.00,0.00,62.92
08:36:11,7,15.96,0.00,14.89,0.00,0.00,6.38,0.00,0.00,0.00,62.77
08:36:11,12,16.48,0.00,15.38,0.00,0.00,4.40,0.00,0.00,0.00,63.74
08:36:11,13,18.75,0.00,14.58,0.00,0.00,6.25,0.00,0.00,0.00,60.42
08:36:11,14,15.73,0.00,13.48,0.00,0.00,4.49,0.00,0.00,0.00,66.29
08:36:11,15,14.29,0.00,13.19,0.00,0.00,5.49,0.00,0.00,0.00,67.03
08:36:12,4,16.67,0.00,15.62,0.00,0.00,6.25,0.00,0.00,0.00,61.46
08:36:12,5,16.67,0.00,15.56,0.00,0.00,5.56,0.00,0.00,0.00,62.22
08:36:12,6,16.30,0.00,15.22,0.00,0.00,5.43,0.00,0.00,0.00,63.04
08:36:12,7,16.13,0.00,12.90,0.00,0.00,5.38,0.00,0.00,0.00,65.59
08:36:12,12,17.02,0.00,13.83,0.00,0.00,6.38,0.00,0.00,0.00,62.77
08:36:12,13,16.85,0.00,14.61,0.00,0.00,4.49,0.00,0.00,0.00,64.04
08:36:12,14,16.48,0.00,15.38,0.00,0.00,6.59,0.00,0.00,0.00,61.54
08:36:12,15,14.13,0.00,16.30,0.00,0.00,5.43,0.00,0.00,0.00,64.13
08:36:13,4,17.20,0.00,16.13,0.00,0.00,5.38,0.00,0.00,0.00,61.29
08:36:13,5,19.15,0.00,17.02,0.00,0.00,6.38,0.00,0.00,0.00,57.45
08:36:13,6,18.48,0.00,14.13,2.17,0.00,4.35,0.00,0.00,0.00,60.87
08:36:13,7,17.89,0.00,12.63,0.00,0.00,6.32,0.00,0.00,0.00,63.16
08:36:13,12,18.48,0.00,13.04,0.00,0.00,4.35,0.00,0.00,0.00,64.13
08:36:13,13,21.35,0.00,13.48,0.00,0.00,4.49,0.00,0.00,0.00,60.67
08:36:13,14,19.35,0.00,13.98,0.00,0.00,4.30,0.00,0.00,0.00,62.37
08:36:13,15,15.22,0.00,15.22,0.00,0.00,4.35,0.00,0.00,0.00,65.22
08:36:14,4,18.28,0.00,17.20,0.00,0.00,5.38,0.00,0.00,0.00,59.14
08:36:14,5,17.58,0.00,14.29,0.00,0.00,5.49,0.00,0.00,0.00,62.64
08:36:14,6,15.56,0.00,15.56,0.00,0.00,5.56,0.00,0.00,0.00,63.33
08:36:14,7,15.73,0.00,11.24,0.00,0.00,5.62,0.00,0.00,0.00,67.42
08:36:14,12,16.30,0.00,15.22,0.00,0.00,5.43,0.00,0.00,0.00,63.04
08:36:14,13,16.30,0.00,15.22,0.00,0.00,6.52,0.00,0.00,0.00,61.96
08:36:14,14,17.89,0.00,14.74,0.00,0.00,6.32,0.00,0.00,0.00,61.05
08:36:14,15,17.20,0.00,12.90,1.08,0.00,5.38,0.00,0.00,0.00,63.44
08:36:15,4,15.73,0.00,12.36,0.00,0.00,5.62,0.00,0.00,0.00,66.29
08:36:15,5,17.58,0.00,13.19,0.00,0.00,5.49,0.00,0.00,0.00,63.74
08:36:15,6,16.67,0.00,14.44,0.00,0.00,5.56,0.00,0.00,0.00,63.33
08:36:15,7,13.98,0.00,13.98,0.00,0.00,5.38,0.00,0.00,0.00,66.67
08:36:15,12,14.44,0.00,18.89,0.00,0.00,5.56,0.00,0.00,0.00,61.11
08:36:15,13,17.78,0.00,13.33,0.00,0.00,6.67,0.00,0.00,0.00,62.22
08:36:15,14,18.48,0.00,13.04,0.00,0.00,5.43,0.00,0.00,0.00,63.04
08:36:15,15,16.67,0.00,14.58,0.00,0.00,5.21,0.00,0.00,0.00,63.54
08:36:16,4,17.58,0.00,17.58,0.00,0.00,4.40,0.00,0.00,0.00,60.44
08:36:16,5,16.67,0.00,14.44,0.00,0.00,5.56,0.00,0.00,0.00,63.33
08:36:16,6,18.95,0.00,13.68,0.00,0.00,6.32,0.00,0.00,0.00,61.05
08:36:16,7,15.79,0.00,14.74,0.00,0.00,6.32,0.00,0.00,0.00,63.16
08:36:16,12,17.39,0.00,15.22,0.00,0.00,4.35,0.00,0.00,0.00,63.04
08:36:16,13,17.39,0.00,15.22,0.00,0.00,5.43,0.00,0.00,0.00,61.96
08:36:16,14,15.96,0.00,15.96,0.00,0.00,6.38,0.00,0.00,0.00,61.70
08:36:16,15,15.05,0.00,15.05,0.00,0.00,5.38,0.00,0.00,0.00,64.52
08:36:17,4,17.39,0.00,11.96,0.00,0.00,5.43,0.00,0.00,0.00,65.22
08:36:17,5,18.28,0.00,13.98,0.00,0.00,6.45,0.00,0.00,0.00,61.29
08:36:17,6,14.61,0.00,15.73,0.00,0.00,5.62,0.00,0.00,0.00,64.04
08:36:17,7,15.96,0.00,14.89,0.00,0.00,4.26,0.00,0.00,0.00,64.89
08:36:17,12,17.05,0.00,12.50,0.00,0.00,4.55,0.00,0.00,0.00,65.91
08:36:17,13,18.75,0.00,14.58,0.00,0.00,5.21,0.00,0.00,0.00,61.46
08:36:17,14,15.22,0.00,14.13,0.00,0.00,5.43,0.00,0.00,0.00,65.22
08:36:17,15,16.30,0.00,11.96,0.00,0.00,5.43,0.00,0.00,0.00,66.30
08:36:18,4,17.20,0.00,16.13,0.00,0.00,4.30,0.00,0.00,0.00,62.37
08:36:18,5,17.39,0.00,14.13,0.00,0.00,5.43,0.00,0.00,0.00,63.04
08:36:18,6,17.39,0.00,16.30,0.00,0.00,5.43,0.00,0.00,0.00,60.87
08:36:18,7,15.05,0.00,13.98,0.00,0.00,6.45,0.00,0.00,0.00,64.52
08:36:18,12,19.35,0.00,13.98,0.00,0.00,6.45,0.00,0.00,0.00,60.22
08:36:18,13,14.29,0.00,17.58,0.00,0.00,6.59,0.00,0.00,0.00,61.54
08:36:18,14,16.13,0.00,16.13,0.00,0.00,5.38,0.00,0.00,0.00,62.37
08:36:18,15,14.89,0.00,14.89,0.00,0.00,6.38,0.00,0.00,0.00,63.83
08:36:19,4,17.02,0.00,14.89,0.00,0.00,5.32,0.00,0.00,0.00,62.77
08:36:19,5,20.00,0.00,15.56,1.11,0.00,5.56,0.00,0.00,0.00,57.78
08:36:19,6,15.22,0.00,15.22,0.00,0.00,5.43,0.00,0.00,0.00,64.13
08:36:19,7,16.49,0.00,15.46,0.00,0.00,5.15,0.00,0.00,0.00,62.89
08:36:19,12,14.61,0.00,15.73,0.00,0.00,5.62,0.00,0.00,0.00,64.04
08:36:19,13,20.22,0.00,12.36,0.00,0.00,4.49,0.00,0.00,0.00,62.92
08:36:19,14,16.48,0.00,14.29,0.00,0.00,7.69,0.00,0.00,0.00,61.54
08:36:19,15,15.05,0.00,13.98,0.00,0.00,6.45,0.00,0.00,0.00,64.52
08:36:20,4,16.67,0.00,13.33,0.00,0.00,5.56,0.00,0.00,0.00,64.44
08:36:20,5,14.77,0.00,14.77,0.00,0.00,6.82,0.00,0.00,0.00,63.64
08:36:20,6,17.05,0.00,13.64,0.00,0.00,4.55,0.00,0.00,0.00,64.77
08:36:20,7,15.05,0.00,13.98,0.00,0.00,6.45,0.00,0.00,0.00,64.52
08:36:20,12,16.30,0.00,16.30,0.00,0.00,6.52,0.00,0.00,0.00,60.87
08:36:20,13,17.53,0.00,17.53,0.00,0.00,6.19,0.00,0.00,0.00,58.76
08:36:20,14,17.39,0.00,13.04,0.00,0.00,5.43,0.00,0.00,0.00,64.13
08:36:20,15,16.48,0.00,13.19,0.00,0.00,5.49,0.00,0.00,0.00,64.84
08:36:21,4,16.48,0.00,14.29,0.00,0.00,4.40,0.00,0.00,0.00,64.84
08:36:21,5,17.20,0.00,16.13,0.00,0.00,4.30,0.00,0.00,0.00,62.37
08:36:21,6,17.20,0.00,15.05,0.00,0.00,3.23,0.00,0.00,0.00,64.52
08:36:21,7,17.02,0.00,14.89,0.00,0.00,5.32,0.00,0.00,0.00,62.77
08:36:21,12,16.48,0.00,14.29,0.00,0.00,6.59,0.00,0.00,0.00,62.64
08:36:21,13,16.84,0.00,16.84,0.00,0.00,5.26,0.00,0.00,0.00,61.05
08:36:21,14,17.02,0.00,13.83,0.00,0.00,6.38,0.00,0.00,0.00,62.77
08:36:21,15,15.22,0.00,14.13,0.00,0.00,6.52,0.00,0.00,0.00,64.13
08:36:22,4,17.02,0.00,14.89,0.00,0.00,5.32,0.00,0.00,0.00,62.77
08:36:22,5,17.20,0.00,13.98,0.00,0.00,6.45,0.00,0.00,0.00,62.37
08:36:22,6,17.20,0.00,15.05,0.00,0.00,5.38,0.00,0.00,0.00,62.37
08:36:22,7,15.05,0.00,13.98,0.00,0.00,5.38,0.00,0.00,0.00,65.59
08:36:22,12,18.28,0.00,12.90,0.00,0.00,5.38,0.00,0.00,0.00,63.44
08:36:22,13,18.48,0.00,15.22,0.00,0.00,5.43,0.00,0.00,0.00,60.87
08:36:22,14,16.67,0.00,13.33,0.00,0.00,5.56,0.00,0.00,0.00,64.44
08:36:22,15,18.09,0.00,12.77,0.00,0.00,5.32,0.00,0.00,0.00,63.83
08:36:23,4,16.13,0.00,15.05,0.00,0.00,7.53,0.00,0.00,0.00,61.29
08:36:23,5,16.67,0.00,14.44,0.00,0.00,6.67,0.00,0.00,0.00,62.22
08:36:23,6,15.22,0.00,15.22,0.00,0.00,6.52,0.00,0.00,0.00,63.04
08:36:23,7,14.29,0.00,13.19,0.00,0.00,5.49,0.00,0.00,0.00,67.03
08:36:23,12,16.30,0.00,15.22,0.00,0.00,7.61,0.00,0.00,0.00,60.87
08:36:23,13,17.78,0.00,15.56,0.00,0.00,5.56,0.00,0.00,0.00,61.11
08:36:23,14,18.28,0.00,13.98,0.00,0.00,4.30,0.00,0.00,0.00,63.44
08:36:23,15,14.89,0.00,14.89,0.00,0.00,6.38,0.00,0.00,0.00,63.83
08:36:24,4,18.68,0.00,14.29,0.00,0.00,4.40,0.00,0.00,0.00,62.64
08:36:24,5,21.28,0.00,17.02,0.00,0.00,5.32,0.00,0.00,0.00,56.38
08:36:24,6,17.20,0.00,13.98,0.00,0.00,6.45,0.00,0.00,0.00,62.37
08:36:24,7,16.13,0.00,12.90,0.00,0.00,6.45,0.00,0.00,0.00,64.52
08:36:24,12,18.48,0.00,15.22,0.00,0.00,5.43,0.00,0.00,0.00,60.87
08:36:24,13,18.28,0.00,17.20,0.00,0.00,5.38,0.00,0.00,0.00,59.14
08:36:24,14,17.58,0.00,14.29,0.00,0.00,5.49,0.00,0.00,0.00,62.64
08:36:24,15,16.30,0.00,13.04,0.00,0.00,5.43,0.00,0.00,0.00,65.22
08:36:25,4,16.13,0.00,13.98,0.00,0.00,7.53,0.00,0.00,0.00,62.37
08:36:25,5,14.44,0.00,15.56,0.00,0.00,4.44,0.00,0.00,0.00,65.56
08:36:25,6,16.85,0.00,14.61,0.00,0.00,4.49,0.00,0.00,0.00,64.04
08:36:25,7,13.04,0.00,15.22,0.00,0.00,5.43,0.00,0.00,0.00,66.30
08:36:25,12,16.30,0.00,16.30,0.00,0.00,4.35,0.00,0.00,0.00,63.04
08:36:25,13,17.58,0.00,15.38,0.00,0.00,5.49,0.00,0.00,0.00,61.54
08:36:25,14,16.30,0.00,14.13,0.00,0.00,6.52,0.00,0.00,0.00,63.04
08:36:25,15,16.67,0.00,15.62,0.00,0.00,6.25,0.00,0.00,0.00,61.46
08:36:26,4,17.78,0.00,12.22,0.00,0.00,4.44,0.00,0.00,0.00,65.56
08:36:26,5,16.30,0.00,16.30,0.00,0.00,6.52,0.00,0.00,0.00,60.87
08:36:26,6,17.58,0.00,13.19,0.00,0.00,5.49,0.00,0.00,0.00,63.74
08:36:26,7,15.79,0.00,14.74,0.00,0.00,5.26,0.00,0.00,0.00,64.21
08:36:26,12,16.48,0.00,15.38,0.00,0.00,5.49,0.00,0.00,0.00,62.64
08:36:26,13,17.39,0.00,13.04,0.00,0.00,6.52,0.00,0.00,0.00,63.04
08:36:26,14,17.20,0.00,15.05,0.00,0.00,4.30,0.00,0.00,0.00,63.44
08:36:26,15,15.22,0.00,14.13,0.00,0.00,5.43,0.00,0.00,0.00,65.22
08:36:27,4,18.09,0.00,14.89,0.00,0.00,6.38,0.00,0.00,0.00,60.64
08:36:27,5,17.05,0.00,12.50,0.00,0.00,4.55,0.00,0.00,0.00,65.91
08:36:27,6,16.49,0.00,17.53,0.00,0.00,6.19,0.00,0.00,0.00,59.79
08:36:27,7,14.13,0.00,15.22,0.00,0.00,5.43,0.00,0.00,0.00,65.22
08:36:27,12,16.48,0.00,15.38,0.00,0.00,6.59,0.00,0.00,0.00,61.54
08:36:27,13,16.48,0.00,15.38,0.00,0.00,5.49,0.00,0.00,0.00,62.64
08:36:27,14,15.96,0.00,14.89,0.00,0.00,7.45,0.00,0.00,0.00,61.70
08:36:27,15,15.05,0.00,13.98,0.00,0.00,6.45,0.00,0.00,0.00,64.52
08:36:28,4,15.56,0.00,12.22,0.00,0.00,6.67,0.00,0.00,0.00,65.56
08:36:28,5,17.39,0.00,13.04,0.00,0.00,5.43,0.00,0.00,0.00,64.13
08:36:28,6,16.30,0.00,15.22,0.00,0.00,5.43,0.00,0.00,0.00,63.04
08:36:28,7,16.84,0.00,14.74,0.00,0.00,4.21,0.00,0.00,0.00,64.21
08:36:28,12,16.13,0.00,16.13,0.00,0.00,6.45,0.00,0.00,0.00,61.29
08:36:28,13,16.67,0.00,14.44,0.00,0.00,4.44,0.00,0.00,0.00,64.44
08:36:28,14,17.02,0.00,13.83,0.00,0.00,5.32,0.00,0.00,0.00,63.83
08:36:28,15,16.13,0.00,11.83,0.00,0.00,6.45,0.00,0.00,0.00,65.59
08:36:29,4,19.32,0.00,14.77,0.00,0.00,5.68,0.00,0.00,0.00,60.23
08:36:29,5,16.67,0.00,17.78,1.11,0.00,6.67,0.00,0.00,0.00,57.78
08:36:29,6,19.35,0.00,12.90,0.00,0.00,7.53,0.00,0.00,0.00,60.22
08:36:29,7,14.61,0.00,13.48,0.00,0.00,6.74,0.00,0.00,0.00,65.17
08:36:29,12,15.96,0.00,17.02,1.06,0.00,6.38,0.00,0.00,0.00,59.57
08:36:29,13,19.78,0.00,14.29,0.00,0.00,5.49,0.00,0.00,0.00,60.44
08:36:29,14,16.67,0.00,17.78,0.00,0.00,5.56,0.00,0.00,0.00,60.00
08:36:29,15,17.02,0.00,14.89,0.00,0.00,5.32,0.00,0.00,0.00,62.77
08:36:30,4,15.56,0.00,16.67,0.00,0.00,5.56,0.00,0.00,0.00,62.22
08:36:30,5,17.39,0.00,16.30,0.00,0.00,4.35,0.00,0.00,0.00,61.96
08:36:30,6,15.05,0.00,17.20,0.00,0.00,5.38,0.00,0.00,0.00,62.37
08:36:30,7,13.04,0.00,14.13,0.00,0.00,6.52,0.00,0.00,0.00,66.30
08:36:30,12,18.09,0.00,13.83,0.00,0.00,6.38,0.00,0.00,0.00,61.70
08:36:30,13,16.48,0.00,15.38,0.00,0.00,5.49,0.00,0.00,0.00,62.64
08:36:30,14,18.68,0.00,12.09,0.00,0.00,6.59,0.00,0.00,0.00,62.64
08:36:30,15,15.05,0.00,13.98,0.00,0.00,7.53,0.00,0.00,0.00,63.44
08:36:31,4,19.35,0.00,16.13,0.00,0.00,5.38,0.00,0.00,0.00,59.14
08:36:31,5,17.58,0.00,15.38,0.00,0.00,6.59,0.00,0.00,0.00,60.44
08:36:31,6,16.85,0.00,13.48,0.00,0.00,5.62,0.00,0.00,0.00,64.04
08:36:31,7,15.79,0.00,13.68,0.00,0.00,5.26,0.00,0.00,0.00,65.26
08:36:31,12,17.02,0.00,15.96,0.00,0.00,6.38,0.00,0.00,0.00,60.64
08:36:31,13,16.48,0.00,15.38,0.00,0.00,6.59,0.00,0.00,0.00,61.54
08:36:31,14,16.30,0.00,15.22,0.00,0.00,6.52,0.00,0.00,0.00,61.96
08:36:31,15,16.49,0.00,14.43,0.00,0.00,6.19,0.00,0.00,0.00,62.89
08:36:32,4,18.28,0.00,16.13,0.00,0.00,4.30,0.00,0.00,0.00,61.29
08:36:32,5,16.30,0.00,13.04,0.00,0.00,6.52,0.00,0.00,0.00,64.13
08:36:32,6,17.39,0.00,13.04,0.00,0.00,5.43,0.00,0.00,0.00,64.13
08:36:32,7,12.36,0.00,11.24,0.00,0.00,6.74,0.00,0.00,0.00,69.66
08:36:32,12,16.48,0.00,13.19,0.00,0.00,6.59,0.00,0.00,0.00,63.74
08:36:32,13,16.30,0.00,13.04,0.00,0.00,8.70,0.00,0.00,0.00,61.96
08:36:32,14,16.13,0.00,16.13,0.00,0.00,5.38,0.00,0.00,0.00,62.37
08:36:32,15,16.30,0.00,13.04,0.00,0.00,5.43,0.00,0.00,0.00,65.22
08:36:33,4,16.13,0.00,15.05,0.00,0.00,6.45,0.00,0.00,0.00,62.37
08:36:33,5,16.67,0.00,14.44,0.00,0.00,4.44,0.00,0.00,0.00,64.44
08:36:33,6,16.48,0.00,12.09,0.00,0.00,5.49,0.00,0.00,0.00,65.93
08:36:33,7,16.13,0.00,13.98,0.00,0.00,6.45,0.00,0.00,0.00,63.44
08:36:33,12,15.22,0.00,17.39,0.00,0.00,5.43,0.00,0.00,0.00,61.96
08:36:33,13,16.67,0.00,14.44,0.00,0.00,4.44,0.00,0.00,0.00,64.44
08:36:33,14,16.13,0.00,13.98,0.00,0.00,6.45,0.00,0.00,0.00,63.44
08:36:33,15,14.89,0.00,14.89,0.00,0.00,6.38,0.00,0.00,0.00,63.83
08:36:34,4,18.89,0.00,15.56,1.11,0.00,5.56,0.00,0.00,0.00,58.89
08:36:34,5,18.28,0.00,15.05,0.00,0.00,6.45,0.00,0.00,0.00,60.22
08:36:34,6,17.02,0.00,17.02,0.00,0.00,6.38,0.00,0.00,0.00,59.57
08:36:34,7,14.44,0.00,13.33,0.00,0.00,4.44,0.00,0.00,0.00,67.78
08:36:34,12,17.02,0.00,18.09,0.00,0.00,7.45,0.00,0.00,0.00,57.45
08:36:34,13,19.32,0.00,13.64,1.14,0.00,5.68,0.00,0.00,0.00,60.23
08:36:34,14,18.68,0.00,15.38,0.00,0.00,5.49,0.00,0.00,0.00,60.44
08:36:34,15,15.22,0.00,15.22,0.00,0.00,5.43,0.00,0.00,0.00,64.13
08:36:35,4,17.58,0.00,12.09,0.00,0.00,5.49,0.00,0.00,0.00,64.84
08:36:35,5,18.48,0.00,13.04,0.00,0.00,4.35,0.00,0.00,0.00,64.13
08:36:35,6,15.73,0.00,14.61,0.00,0.00,4.49,0.00,0.00,0.00,65.17
08:36:35,7,14.13,0.00,16.30,0.00,0.00,5.43,0.00,0.00,0.00,64.13
08:36:35,12,16.30,0.00,14.13,0.00,0.00,6.52,0.00,0.00,0.00,63.04
08:36:35,13,17.39,0.00,13.04,0.00,0.00,5.43,0.00,0.00,0.00,64.13
08:36:35,14,18.28,0.00,12.90,0.00,0.00,6.45,0.00,0.00,0.00,62.37
08:36:35,15,17.53,0.00,15.46,0.00,0.00,6.19,0.00,0.00,0.00,60.82
08:36:36,4,15.56,0.00,15.56,0.00,0.00,5.56,0.00,0.00,0.00,63.33
08:36:36,5,16.67,0.00,14.44,0.00,0.00,4.44,0.00,0.00,0.00,64.44
08:36:36,6,16.48,0.00,14.29,0.00,0.00,5.49,0.00,0.00,0.00,63.74
08:36:36,7,17.58,0.00,14.29,0.00,0.00,3.30,0.00,0.00,0.00,64.84
08:36:36,12,15.22,0.00,16.30,0.00,0.00,5.43,0.00,0.00,0.00,63.04
08:36:36,13,18.28,0.00,12.90,0.00,0.00,5.38,0.00,0.00,0.00,63.44
08:36:36,14,15.38,0.00,16.48,0.00,0.00,4.40,0.00,0.00,0.00,63.74
08:36:36,15,15.22,0.00,15.22,0.00,0.00,5.43,0.00,0.00,0.00,64.13
08:36:37,4,17.20,0.00,13.98,0.00,0.00,6.45,0.00,0.00,0.00,62.37
08:36:37,5,15.05,0.00,16.13,0.00,0.00,6.45,0.00,0.00,0.00,62.37
08:36:37,6,16.13,0.00,13.98,0.00,0.00,6.45,0.00,0.00,0.00,63.44
08:36:37,7,12.63,0.00,16.84,0.00,0.00,4.21,0.00,0.00,0.00,66.32
08:36:37,12,16.48,0.00,14.29,0.00,0.00,5.49,0.00,0.00,0.00,63.74
08:36:37,13,16.67,0.00,15.56,0.00,0.00,6.67,0.00,0.00,0.00,61.11
08:36:37,14,17.20,0.00,16.13,0.00,0.00,5.38,0.00,0.00,0.00,61.29
08:36:37,15,14.74,0.00,14.74,0.00,0.00,6.32,0.00,0.00,0.00,64.21
08:36:38,4,16.48,0.00,15.38,0.00,0.00,5.49,0.00,0.00,0.00,62.64
08:36:38,5,16.67,0.00,13.33,0.00,0.00,5.56,0.00,0.00,0.00,64.44
08:36:38,6,18.48,0.00,14.13,0.00,0.00,5.43,0.00,0.00,0.00,61.96
08:36:38,7,17.02,0.00,13.83,0.00,0.00,5.32,0.00,0.00,0.00,63.83
08:36:38,12,14.29,0.00,15.38,0.00,0.00,5.49,0.00,0.00,0.00,64.84
08:36:38,13,17.58,0.00,14.29,0.00,0.00,4.40,0.00,0.00,0.00,63.74
08:36:38,14,15.38,0.00,13.19,0.00,0.00,6.59,0.00,0.00,0.00,64.84
08:36:38,15,16.30,0.00,14.13,0.00,0.00,4.35,0.00,0.00,0.00,65.22
08:36:39,4,18.68,0.00,17.58,1.10,0.00,5.49,0.00,0.00,0.00,57.14
08:36:39,5,19.57,0.00,13.04,0.00,0.00,6.52,0.00,0.00,0.00,60.87
08:36:39,6,16.13,0.00,16.13,1.08,0.00,5.38,0.00,0.00,0.00,61.29
08:36:39,7,15.56,0.00,15.56,0.00,0.00,4.44,0.00,0.00,0.00,64.44
08:36:39,12,18.68,0.00,13.19,0.00,0.00,5.49,0.00,0.00,0.00,62.64
08:36:39,13,16.30,0.00,16.30,1.09,0.00,5.43,0.00,0.00,0.00,60.87
08:36:39,14,16.30,0.00,15.22,0.00,0.00,5.43,0.00,0.00,0.00,63.04
08:36:39,15,15.73,0.00,14.61,0.00,0.00,4.49,0.00,0.00,0.00,65.17
08:36:40,4,16.30,0.00,14.13,0.00,0.00,5.43,0.00,0.00,0.00,64.13
08:36:40,5,16.48,0.00,13.19,0.00,0.00,6.59,0.00,0.00,0.00,63.74
08:36:40,6,16.67,0.00,13.33,0.00,0.00,5.56,0.00,0.00,0.00,64.44
08:36:40,7,16.67,0.00,12.22,0.00,0.00,4.44,0.00,0.00,0.00,66.67
08:36:40,12,16.13,0.00,15.05,0.00,0.00,5.38,0.00,0.00,0.00,63.44
08:36:40,13,18.28,0.00,15.05,0.00,0.00,5.38,0.00,0.00,0.00,61.29
08:36:40,14,15.22,0.00,14.13,0.00,0.00,5.43,0.00,0.00,0.00,65.22
08:36:40,15,15.05,0.00,13.98,0.00,0.00,5.38,0.00,0.00,0.00,65.59
08:36:41,4,16.67,0.00,14.44,0.00,0.00,6.67,0.00,0.00,0.00,62.22
08:36:41,5,16.13,0.00,16.13,0.00,0.00,5.38,0.00,0.00,0.00,62.37
08:36:41,6,15.38,0.00,13.19,0.00,0.00,6.59,0.00,0.00,0.00,64.84
08:36:41,7,15.38,0.00,13.19,0.00,0.00,5.49,0.00,0.00,0.00,65.93
08:36:41,12,17.02,0.00,14.89,0.00,0.00,5.32,0.00,0.00,0.00,62.77
08:36:41,13,16.13,0.00,15.05,0.00,0.00,6.45,0.00,0.00,0.00,62.37
08:36:41,14,15.38,0.00,14.29,0.00,0.00,7.69,0.00,0.00,0.00,62.64
08:36:41,15,16.13,0.00,13.98,0.00,0.00,4.30,0.00,0.00,0.00,65.59
08:36:42,4,14.29,0.00,16.48,0.00,0.00,4.40,0.00,0.00,0.00,64.84
08:36:42,5,18.68,0.00,14.29,0.00,0.00,5.49,0.00,0.00,0.00,61.54
08:36:42,6,17.05,0.00,14.77,0.00,0.00,4.55,0.00,0.00,0.00,63.64
08:36:42,7,15.05,0.00,13.98,0.00,0.00,5.38,0.00,0.00,0.00,65.59
08:36:42,12,15.22,0.00,15.22,0.00,0.00,6.52,0.00,0.00,0.00,63.04
08:36:42,13,17.58,0.00,17.58,0.00,0.00,4.40,0.00,0.00,0.00,60.44
08:36:42,14,17.39,0.00,13.04,0.00,0.00,6.52,0.00,0.00,0.00,63.04
08:36:42,15,16.13,0.00,13.98,0.00,0.00,5.38,0.00,0.00,0.00,64.52
08:36:43,4,18.48,0.00,15.22,0.00,0.00,5.43,0.00,0.00,0.00,60.87
08:36:43,5,15.05,0.00,17.20,0.00,0.00,5.38,0.00,0.00,0.00,62.37
08:36:43,6,17.39,0.00,13.04,0.00,0.00,6.52,0.00,0.00,0.00,63.04
08:36:43,7,13.33,0.00,15.56,0.00,0.00,4.44,0.00,0.00,0.00,66.67
08:36:43,12,16.48,0.00,13.19,0.00,0.00,5.49,0.00,0.00,0.00,64.84
08:36:43,13,14.44,0.00,17.78,0.00,0.00,6.67,0.00,0.00,0.00,61.11
08:36:43,14,17.02,0.00,13.83,0.00,0.00,6.38,0.00,0.00,0.00,62.77
08:36:43,15,15.79,0.00,14.74,0.00,0.00,5.26,0.00,0.00,0.00,64.21
08:36:44,4,20.22,0.00,14.61,0.00,0.00,4.49,0.00,0.00,0.00,60.67
08:36:44,5,17.02,0.00,15.96,0.00,0.00,6.38,0.00,0.00,0.00,60.64
08:36:44,6,17.58,0.00,15.38,0.00,0.00,4.40,0.00,0.00,0.00,62.64
08:36:44,7,16.13,0.00,13.98,0.00,0.00,5.38,0.00,0.00,0.00,64.52
08:36:44,12,15.22,0.00,16.30,1.09,0.00,5.43,0.00,0.00,0.00,61.96
08:36:44,13,19.57,0.00,13.04,1.09,0.00,5.43,0.00,0.00,0.00,60.87
08:36:44,14,16.48,0.00,16.48,0.00,0.00,4.40,0.00,0.00,0.00,62.64
08:36:44,15,14.44,0.00,12.22,1.11,0.00,7.78,0.00,0.00,0.00,64.44
08:36:45,4,16.30,0.00,14.13,0.00,0.00,5.43,0.00,0.00,0.00,64.13
08:36:45,5,17.78,0.00,15.56,0.00,0.00,4.44,0.00,0.00,0.00,62.22
08:36:45,6,16.30,0.00,15.22,0.00,0.00,5.43,0.00,0.00,0.00,63.04
08:36:45,7,14.89,0.00,14.89,0.00,0.00,6.38,0.00,0.00,0.00,63.83
08:36:45,12,16.67,0.00,13.33,0.00,0.00,5.56,0.00,0.00,0.00,64.44
08:36:45,13,15.73,0.00,15.73,0.00,0.00,5.62,0.00,0.00,0.00,62.92
08:36:45,14,17.58,0.00,13.19,0.00,0.00,5.49,0.00,0.00,0.00,63.74
08:36:45,15,15.22,0.00,15.22,0.00,0.00,4.35,0.00,0.00,0.00,65.22
08:36:46,4,17.20,0.00,16.13,0.00,0.00,6.45,0.00,0.00,0.00,60.22
08:36:46,5,16.13,0.00,17.20,0.00,0.00,5.38,0.00,0.00,0.00,61.29
08:36:46,6,17.39,0.00,14.13,0.00,0.00,5.43,0.00,0.00,0.00,63.04
08:36:46,7,15.22,0.00,14.13,0.00,0.00,5.43,0.00,0.00,0.00,65.22
08:36:46,12,16.13,0.00,15.05,0.00,0.00,6.45,0.00,0.00,0.00,62.37
08:36:46,13,13.33,0.00,16.67,0.00,0.00,5.56,0.00,0.00,0.00,64.44
08:36:46,14,16.13,0.00,15.05,0.00,0.00,6.45,0.00,0.00,0.00,62.37
08:36:46,15,15.22,0.00,14.13,0.00,0.00,5.43,0.00,0.00,0.00,65.22
08:36:47,4,17.89,0.00,14.74,0.00,0.00,7.37,0.00,0.00,0.00,60.00
08:36:47,5,17.39,0.00,14.13,0.00,0.00,5.43,0.00,0.00,0.00,63.04
08:36:47,6,16.85,0.00,12.36,0.00,0.00,5.62,0.00,0.00,0.00,65.17
08:36:47,7,15.22,0.00,10.87,0.00,0.00,5.43,0.00,0.00,0.00,68.48
08:36:47,12,15.73,0.00,17.98,0.00,0.00,4.49,0.00,0.00,0.00,61.80
08:36:47,13,18.68,0.00,14.29,0.00,0.00,5.49,0.00,0.00,0.00,61.54
08:36:47,14,18.28,0.00,16.13,0.00,0.00,4.30,0.00,0.00,0.00,61.29
08:36:47,15,14.13,0.00,15.22,0.00,0.00,5.43,0.00,0.00,0.00,65.22
08:36:48,4,18.09,0.00,14.89,0.00,0.00,5.32,0.00,0.00,0.00,61.70
08:36:48,5,17.20,0.00,15.05,0.00,0.00,5.38,0.00,0.00,0.00,62.37
08:36:48,6,17.02,0.00,14.89,0.00,0.00,5.32,0.00,0.00,0.00,62.77
08:36:48,7,15.38,0.00,14.29,0.00,0.00,5.49,0.00,0.00,0.00,64.84
08:36:48,12,18.28,0.00,15.05,0.00,0.00,4.30,0.00,0.00,0.00,62.37
08:36:48,13,18.95,0.00,14.74,0.00,0.00,5.26,0.00,0.00,0.00,61.05
08:36:48,14,16.30,0.00,14.13,0.00,0.00,5.43,0.00,0.00,0.00,64.13
08:36:48,15,17.02,0.00,12.77,0.00,0.00,5.32,0.00,0.00,0.00,64.89
08:36:49,4,16.30,0.00,14.13,0.00,0.00,7.61,0.00,0.00,0.00,61.96
08:36:49,5,17.20,0.00,16.13,0.00,0.00,5.38,0.00,0.00,0.00,61.29
08:36:49,6,18.89,0.00,15.56,0.00,0.00,4.44,0.00,0.00,0.00,61.11
08:36:49,7,15.05,0.00,13.98,0.00,0.00,5.38,0.00,0.00,0.00,65.59
08:36:49,12,16.30,0.00,17.39,1.09,0.00,6.52,0.00,0.00,0.00,58.70
08:36:49,13,20.22,0.00,15.73,0.00,0.00,5.62,0.00,0.00,0.00,58.43
08:36:49,14,18.48,0.00,16.30,0.00,0.00,6.52,0.00,0.00,0.00,58.70
08:36:49,15,15.96,0.00,17.02,0.00,0.00,5.32,0.00,0.00,0.00,61.70
08:36:50,4,18.48,0.00,16.30,0.00,0.00,5.43,0.00,0.00,0.00,59.78
08:36:50,5,15.91,0.00,14.77,0.00,0.00,5.68,0.00,0.00,0.00,63.64
08:36:50,6,17.39,0.00,14.13,0.00,0.00,5.43,0.00,0.00,0.00,63.04
08:36:50,7,15.22,0.00,14.13,0.00,0.00,6.52,0.00,0.00,0.00,64.13
08:36:50,12,16.30,0.00,15.22,0.00,0.00,6.52,0.00,0.00,0.00,61.96
08:36:50,13,17.89,0.00,14.74,0.00,0.00,7.37,0.00,0.00,0.00,60.00
08:36:50,14,14.61,0.00,14.61,0.00,0.00,5.62,0.00,0.00,0.00,65.17
08:36:50,15,16.30,0.00,13.04,0.00,0.00,5.43,0.00,0.00,0.00,65.22
08:36:51,4,18.48,0.00,15.22,0.00,0.00,4.35,0.00,0.00,0.00,61.96
08:36:51,5,17.39,0.00,14.13,0.00,0.00,6.52,0.00,0.00,0.00,61.96
08:36:51,6,16.30,0.00,15.22,0.00,0.00,5.43,0.00,0.00,0.00,63.04
08:36:51,7,15.22,0.00,13.04,0.00,0.00,5.43,0.00,0.00,0.00,66.30
08:36:51,12,15.05,0.00,15.05,0.00,0.00,6.45,0.00,0.00,0.00,63.44
08:36:51,13,18.28,0.00,16.13,0.00,0.00,4.30,0.00,0.00,0.00,61.29
08:36:51,14,14.89,0.00,17.02,0.00,0.00,7.45,0.00,0.00,0.00,60.64
08:36:51,15,16.30,0.00,13.04,0.00,0.00,6.52,0.00,0.00,0.00,64.13
08:36:52,4,18.28,0.00,13.98,0.00,0.00,4.30,0.00,0.00,0.00,63.44
08:36:52,5,15.22,0.00,14.13,0.00,0.00,5.43,0.00,0.00,0.00,65.22
08:36:52,6,15.91,0.00,12.50,0.00,0.00,5.68,0.00,0.00,0.00,65.91
08:36:52,7,14.74,0.00,13.68,0.00,0.00,8.42,0.00,0.00,0.00,63.16
08:36:52,12,19.57,0.00,13.04,0.00,0.00,4.35,0.00,0.00,0.00,63.04
08:36:52,13,17.20,0.00,13.98,0.00,0.00,5.38,0.00,0.00,0.00,63.44
08:36:52,14,17.20,0.00,13.98,0.00,0.00,5.38,0.00,0.00,0.00,63.44
08:36:52,15,14.13,0.00,14.13,0.00,0.00,5.43,0.00,0.00,0.00,66.30
08:36:53,4,15.38,0.00,16.48,0.00,0.00,5.49,0.00,0.00,0.00,62.64
08:36:53,5,18.48,0.00,16.30,0.00,0.00,6.52,0.00,0.00,0.00,58.70
08:36:53,6,15.05,0.00,16.13,0.00,0.00,5.38,0.00,0.00,0.00,63.44
08:36:53,7,14.89,0.00,14.89,0.00,0.00,4.26,0.00,0.00,0.00,65.96
08:36:53,12,14.13,0.00,18.48,0.00,0.00,5.43,0.00,0.00,0.00,61.96
08:36:53,13,16.30,0.00,15.22,0.00,0.00,6.52,0.00,0.00,0.00,61.96
08:36:53,14,16.48,0.00,15.38,0.00,0.00,5.49,0.00,0.00,0.00,62.64
08:36:53,15,15.79,0.00,13.68,0.00,0.00,6.32,0.00,0.00,0.00,64.21
08:36:54,4,15.91,0.00,17.05,0.00,0.00,5.68,0.00,0.00,0.00,61.36
08:36:54,5,16.48,0.00,14.29,1.10,0.00,7.69,0.00,0.00,0.00,60.44
08:36:54,6,21.51,0.00,16.13,0.00,0.00,4.30,0.00,0.00,0.00,58.06
08:36:54,7,17.39,0.00,13.04,0.00,0.00,5.43,0.00,0.00,0.00,64.13
08:36:54,12,17.20,0.00,16.13,0.00,0.00,6.45,0.00,0.00,0.00,60.22
08:36:54,13,19.78,0.00,16.48,0.00,0.00,4.40,0.00,0.00,0.00,59.34
08:36:54,14,20.00,0.00,15.56,0.00,0.00,4.44,0.00,0.00,0.00,60.00
08:36:54,15,15.22,0.00,15.22,0.00,0.00,5.43,0.00,0.00,0.00,64.13
08:36:55,4,14.44,0.00,15.56,0.00,0.00,5.56,0.00,0.00,0.00,64.44
08:36:55,5,16.67,0.00,15.56,0.00,0.00,5.56,0.00,0.00,0.00,62.22
08:36:55,6,16.13,0.00,13.98,0.00,0.00,6.45,0.00,0.00,0.00,63.44
08:36:55,7,14.44,0.00,14.44,0.00,0.00,3.33,0.00,0.00,0.00,67.78
08:36:55,12,17.39,0.00,16.30,0.00,0.00,5.43,0.00,0.00,0.00,60.87
08:36:55,13,16.48,0.00,14.29,0.00,0.00,6.59,0.00,0.00,0.00,62.64
08:36:55,14,17.20,0.00,13.98,0.00,0.00,6.45,0.00,0.00,0.00,62.37
08:36:55,15,16.30,0.00,13.04,0.00,0.00,4.35,0.00,0.00,0.00,66.30
08:36:56,4,19.35,0.00,13.98,0.00,0.00,5.38,0.00,0.00,0.00,61.29
08:36:56,5,17.39,0.00,14.13,0.00,0.00,5.43,0.00,0.00,0.00,63.04
08:36:56,6,18.89,0.00,12.22,0.00,0.00,4.44,0.00,0.00,0.00,64.44
08:36:56,7,15.96,0.00,13.83,0.00,0.00,6.38,0.00,0.00,0.00,63.83
08:36:56,12,16.30,0.00,15.22,0.00,0.00,7.61,0.00,0.00,0.00,60.87
08:36:56,13,19.15,0.00,19.15,0.00,0.00,4.26,0.00,0.00,0.00,57.45
08:36:56,14,16.30,0.00,16.30,0.00,0.00,5.43,0.00,0.00,0.00,61.96
08:36:56,15,15.22,0.00,14.13,0.00,0.00,5.43,0.00,0.00,0.00,65.22
08:36:57,4,14.61,0.00,13.48,1.12,0.00,4.49,0.00,0.00,0.00,66.29
08:36:57,5,16.48,0.00,15.38,0.00,0.00,4.40,0.00,0.00,0.00,63.74
08:36:57,6,18.48,0.00,13.04,0.00,0.00,5.43,0.00,0.00,0.00,63.04
08:36:57,7,13.98,0.00,15.05,0.00,0.00,4.30,0.00,0.00,0.00,66.67
08:36:57,12,15.56,0.00,12.22,0.00,0.00,5.56,0.00,0.00,0.00,66.67
08:36:57,13,16.30,0.00,14.13,0.00,0.00,5.43,0.00,0.00,0.00,64.13
08:36:57,14,16.30,0.00,15.22,0.00,0.00,6.52,0.00,0.00,0.00,61.96
08:36:57,15,15.56,0.00,15.56,0.00,0.00,4.44,0.00,0.00,0.00,64.44
08:36:58,4,16.48,0.00,14.29,0.00,0.00,6.59,0.00,0.00,0.00,62.64
08:36:58,5,18.75,0.00,16.67,0.00,0.00,6.25,0.00,0.00,0.00,58.33
08:36:58,6,16.13,0.00,16.13,0.00,0.00,6.45,0.00,0.00,0.00,61.29
08:36:58,7,15.05,0.00,13.98,0.00,0.00,6.45,0.00,0.00,0.00,64.52
08:36:58,12,15.38,0.00,15.38,0.00,0.00,5.49,0.00,0.00,0.00,63.74
08:36:58,13,16.48,0.00,14.29,0.00,0.00,5.49,0.00,0.00,0.00,63.74
08:36:58,14,17.20,0.00,13.98,0.00,0.00,5.38,0.00,0.00,0.00,63.44
08:36:58,15,15.05,0.00,13.98,0.00,0.00,5.38,0.00,0.00,0.00,65.59
08:36:59,4,15.38,0.00,15.38,0.00,0.00,6.59,0.00,0.00,0.00,62.64
08:36:59,5,17.39,0.00,15.22,0.00,0.00,5.43,0.00,0.00,0.00,61.96
08:36:59,6,17.20,0.00,15.05,0.00,0.00,5.38,0.00,0.00,0.00,62.37
08:36:59,7,17.20,0.00,15.05,0.00,0.00,5.38,0.00,0.00,0.00,62.37
08:36:59,12,16.48,0.00,13.19,0.00,0.00,6.59,0.00,0.00,0.00,63.74
08:36:59,13,18.48,0.00,14.13,0.00,0.00,5.43,0.00,0.00,0.00,61.96
08:36:59,14,20.65,0.00,14.13,0.00,0.00,6.52,0.00,0.00,0.00,58.70
08:36:59,15,16.67,0.00,13.33,0.00,0.00,5.56,0.00,0.00,0.00,64.44
08:37:00,4,17.78,0.00,11.11,0.00,0.00,6.67,0.00,0.00,0.00,64.44
08:37:00,5,17.58,0.00,14.29,0.00,0.00,4.40,0.00,0.00,0.00,63.74
08:37:00,6,16.48,0.00,14.29,0.00,0.00,5.49,0.00,0.00,0.00,63.74
08:37:00,7,15.79,0.00,13.68,0.00,0.00,5.26,0.00,0.00,0.00,65.26
08:37:00,12,16.30,0.00,16.30,0.00,0.00,5.43,0.00,0.00,0.00,61.96
08:37:00,13,17.58,0.00,15.38,0.00,0.00,4.40,0.00,0.00,0.00,62.64
08:37:00,14,16.48,0.00,14.29,0.00,0.00,4.40,0.00,0.00,0.00,64.84
08:37:00,15,15.22,0.00,11.96,0.00,0.00,6.52,0.00,0.00,0.00,66.30
08:37:01,4,18.28,0.00,15.05,0.00,0.00,6.45,0.00,0.00,0.00,60.22
08:37:01,5,17.39,0.00,14.13,0.00,0.00,5.43,0.00,0.00,0.00,63.04
08:37:01,6,16.30,0.00,14.13,0.00,0.00,5.43,0.00,0.00,0.00,64.13
08:37:01,7,16.13,0.00,13.98,0.00,0.00,4.30,0.00,0.00,0.00,65.59
08:37:01,12,16.67,0.00,15.56,0.00,0.00,5.56,0.00,0.00,0.00,62.22
08:37:01,13,15.56,0.00,14.44,0.00,0.00,7.78,0.00,0.00,0.00,62.22
08:37:01,14,13.98,0.00,17.20,0.00,0.00,6.45,0.00,0.00,0.00,62.37
08:37:01,15,13.98,0.00,15.05,0.00,0.00,6.45,0.00,0.00,0.00,64.52
08:37:02,4,17.39,0.00,13.04,0.00,0.00,5.43,0.00,0.00,0.00,64.13
08:37:02,5,15.56,0.00,16.67,0.00,0.00,5.56,0.00,0.00,0.00,62.22
08:37:02,6,15.22,0.00,15.22,0.00,0.00,5.43,0.00,0.00,0.00,64.13
08:37:02,7,12.63,0.00,15.79,0.00,0.00,6.32,0.00,0.00,0.00,65.26
08:37:02,12,17.58,0.00,15.38,0.00,0.00,4.40,0.00,0.00,0.00,62.64
08:37:02,13,16.67,0.00,14.44,0.00,0.00,5.56,0.00,0.00,0.00,63.33
08:37:02,14,17.58,0.00,15.38,0.00,0.00,5.49,0.00,0.00,0.00,61.54
08:37:02,15,16.13,0.00,13.98,0.00,0.00,5.38,0.00,0.00,0.00,64.52
08:37:03,4,17.58,0.00,15.38,0.00,0.00,4.40,0.00,0.00,0.00,62.64
08:37:03,5,18.28,0.00,13.98,0.00,0.00,5.38,0.00,0.00,0.00,62.37
08:37:03,6,18.28,0.00,16.13,0.00,0.00,4.30,0.00,0.00,0.00,61.29
08:37:03,7,13.98,0.00,15.05,0.00,0.00,5.38,0.00,0.00,0.00,65.59
08:37:03,12,17.20,0.00,16.13,0.00,0.00,5.38,0.00,0.00,0.00,61.29
08:37:03,13,17.98,0.00,12.36,0.00,0.00,4.49,0.00,0.00,0.00,65.17
08:37:03,14,18.48,0.00,14.13,0.00,0.00,5.43,0.00,0.00,0.00,61.96
08:37:03,15,14.29,0.00,13.19,0.00,0.00,6.59,0.00,0.00,0.00,65.93
08:37:04,4,16.13,0.00,13.98,0.00,0.00,5.38,0.00,0.00,0.00,64.52
08:37:04,5,17.02,0.00,13.83,0.00,0.00,5.32,0.00,0.00,0.00,63.83
08:37:04,6,18.28,0.00,12.90,0.00,0.00,4.30,0.00,0.00,0.00,64.52
08:37:04,7,14.13,0.00,13.04,0.00,0.00,5.43,0.00,0.00,0.00,67.39
08:37:04,12,15.73,0.00,13.48,0.00,0.00,4.49,0.00,0.00,0.00,66.29
08:37:04,13,15.79,0.00,14.74,0.00,0.00,7.37,0.00,0.00,0.00,62.11
08:37:04,14,17.20,0.00,15.05,0.00,0.00,5.38,0.00,0.00,0.00,62.37
08:37:04,15,16.13,0.00,13.98,0.00,0.00,4.30,0.00,0.00,0.00,65.59
08:37:05,4,17.98,0.00,14.61,0.00,0.00,6.74,0.00,0.00,0.00,60.67
08:37:05,5,20.22,0.00,15.73,0.00,0.00,4.49,0.00,0.00,0.00,59.55
08:37:05,6,16.48,0.00,14.29,0.00,0.00,6.59,0.00,0.00,0.00,62.64
08:37:05,7,13.98,0.00,15.05,0.00,0.00,7.53,0.00,0.00,0.00,63.44
08:37:05,12,17.39,0.00,16.30,0.00,0.00,6.52,0.00,0.00,0.00,59.78
08:37:05,13,18.68,0.00,14.29,0.00,0.00,6.59,0.00,0.00,0.00,60.44
08:37:05,14,18.28,0.00,15.05,0.00,0.00,6.45,0.00,0.00,0.00,60.22
08:37:05,15,14.29,0.00,15.38,0.00,0.00,5.49,0.00,0.00,0.00,64.84
08:37:06,4,15.56,0.00,14.44,0.00,0.00,5.56,0.00,0.00,0.00,64.44
08:37:06,5,18.28,0.00,12.90,0.00,0.00,6.45,0.00,0.00,0.00,62.37
08:37:06,6,18.68,0.00,13.19,0.00,0.00,5.49,0.00,0.00,0.00,62.64
08:37:06,7,14.13,0.00,13.04,0.00,0.00,6.52,0.00,0.00,0.00,66.30
08:37:06,12,16.84,0.00,14.74,0.00,0.00,6.32,0.00,0.00,0.00,62.11
08:37:06,13,17.02,0.00,14.89,0.00,0.00,5.32,0.00,0.00,0.00,62.77
08:37:06,14,17.02,0.00,13.83,0.00,0.00,6.38,0.00,0.00,0.00,62.77
08:37:06,15,16.13,0.00,13.98,0.00,0.00,5.38,0.00,0.00,0.00,64.52
08:37:07,4,17.39,0.00,15.22,0.00,0.00,5.43,0.00,0.00,0.00,61.96
08:37:07,5,17.20,0.00,15.05,0.00,0.00,5.38,0.00,0.00,0.00,62.37
08:37:07,6,17.02,0.00,14.89,0.00,0.00,5.32,0.00,0.00,0.00,62.77
08:37:07,7,15.05,0.00,13.98,0.00,0.00,4.30,0.00,0.00,0.00,66.67
08:37:07,12,19.57,0.00,11.96,0.00,0.00,6.52,0.00,0.00,0.00,61.96
08:37:07,13,18.68,0.00,14.29,0.00,0.00,6.59,0.00,0.00,0.00,60.44
08:37:07,14,17.58,0.00,13.19,0.00,0.00,5.49,0.00,0.00,0.00,63.74
08:37:07,15,15.22,0.00,11.96,0.00,0.00,5.43,0.00,0.00,0.00,67.39
08:37:08,4,15.96,0.00,14.89,0.00,0.00,6.38,0.00,0.00,0.00,62.77
08:37:08,5,16.48,0.00,16.48,0.00,0.00,5.49,0.00,0.00,0.00,61.54
08:37:08,6,16.30,0.00,15.22,0.00,0.00,5.43,0.00,0.00,0.00,63.04
08:37:08,7,13.04,0.00,14.13,0.00,0.00,5.43,0.00,0.00,0.00,67.39
08:37:08,12,16.48,0.00,14.29,0.00,0.00,5.49,0.00,0.00,0.00,63.74
08:37:08,13,18.48,0.00,14.13,0.00,0.00,5.43,0.00,0.00,0.00,61.96
08:37:08,14,17.39,0.00,13.04,0.00,0.00,5.43,0.00,0.00,0.00,64.13
08:37:08,15,16.30,0.00,14.13,0.00,0.00,4.35,0.00,0.00,0.00,65.22
08:37:09,4,16.48,0.00,16.48,0.00,0.00,4.40,0.00,0.00,0.00,62.64
08:37:09,5,18.48,0.00,13.04,0.00,0.00,5.43,0.00,0.00,0.00,63.04
08:37:09,6,14.29,0.00,15.38,0.00,0.00,5.49,0.00,0.00,0.00,64.84
08:37:09,7,17.02,0.00,13.83,0.00,0.00,5.32,0.00,0.00,0.00,63.83
08:37:09,12,17.53,0.00,14.43,0.00,0.00,6.19,0.00,0.00,0.00,61.86
08:37:09,13,15.05,0.00,16.13,0.00,0.00,7.53,0.00,0.00,0.00,61.29
08:37:09,14,19.57,0.00,13.04,0.00,0.00,5.43,0.00,0.00,0.00,61.96
08:37:09,15,13.83,0.00,13.83,0.00,0.00,7.45,0.00,0.00,0.00,64.89
08:37:10,4,16.85,0.00,13.48,0.00,0.00,5.62,0.00,0.00,0.00,64.04
08:37:10,5,16.67,0.00,16.67,0.00,0.00,7.29,0.00,0.00,0.00,59.38
08:37:10,6,18.95,0.00,13.68,0.00,0.00,6.32,0.00,0.00,0.00,61.05
08:37:10,7,17.39,0.00,14.13,0.00,0.00,5.43,0.00,0.00,0.00,63.04
08:37:10,12,18.89,0.00,16.67,0.00,0.00,4.44,0.00,0.00,0.00,60.00
08:37:10,13,19.35,0.00,17.20,0.00,0.00,5.38,0.00,0.00,0.00,58.06
08:37:10,14,17.02,0.00,15.96,0.00,0.00,6.38,0.00,0.00,0.00,60.64
08:37:10,15,18.48,0.00,13.04,0.00,0.00,7.61,0.00,0.00,0.00,60.87
08:37:11,4,15.96,0.00,14.89,0.00,0.00,5.32,0.00,0.00,0.00,63.83
08:37:11,5,15.73,0.00,15.73,0.00,0.00,4.49,0.00,0.00,0.00,64.04
08:37:11,6,17.39,0.00,15.22,0.00,0.00,5.43,0.00,0.00,0.00,61.96
08:37:11,7,14.29,0.00,14.29,0.00,0.00,4.40,0.00,0.00,0.00,67.03
08:37:11,12,17.58,0.00,12.09,0.00,0.00,5.49,0.00,0.00,0.00,64.84
08:37:11,13,17.98,0.00,15.73,0.00,0.00,3.37,0.00,0.00,0.00,62.92
08:37:11,14,18.75,0.00,17.71,0.00,0.00,4.17,0.00,0.00,0.00,59.38
08:37:11,15,16.13,0.00,13.98,0.00,0.00,4.30,0.00,0.00,0.00,65.59
08:37:12,4,16.30,0.00,16.30,0.00,0.00,5.43,0.00,0.00,0.00,61.96
08:37:12,5,16.30,0.00,15.22,0.00,0.00,6.52,0.00,0.00,0.00,61.96
08:37:12,6,17.20,0.00,13.98,0.00,0.00,5.38,0.00,0.00,0.00,63.44
08:37:12,7,14.29,0.00,13.19,0.00,0.00,5.49,0.00,0.00,0.00,67.03
08:37:12,12,17.39,0.00,16.30,0.00,0.00,5.43,0.00,0.00,0.00,60.87
08:37:12,13,17.20,0.00,17.20,0.00,0.00,5.38,0.00,0.00,0.00,60.22
08:37:12,14,17.02,0.00,14.89,0.00,0.00,5.32,0.00,0.00,0.00,62.77
08:37:12,15,14.29,0.00,13.19,0.00,0.00,5.49,0.00,0.00,0.00,67.03
08:37:13,4,17.39,0.00,15.22,0.00,0.00,5.43,0.00,0.00,0.00,61.96
08:37:13,5,17.20,0.00,12.90,0.00,0.00,6.45,0.00,0.00,0.00,63.44
08:37:13,6,16.30,0.00,14.13,0.00,0.00,5.43,0.00,0.00,0.00,64.13
08:37:13,7,15.22,0.00,14.13,0.00,0.00,6.52,0.00,0.00,0.00,64.13
08:37:13,12,17.20,0.00,13.98,0.00,0.00,5.38,0.00,0.00,0.00,63.44
08:37:13,13,17.20,0.00,13.98,0.00,0.00,5.38,0.00,0.00,0.00,63.44
08:37:13,14,16.48,0.00,13.19,0.00,0.00,5.49,0.00,0.00,0.00,64.84
08:37:13,15,15.22,0.00,16.30,0.00,0.00,5.43,0.00,0.00,0.00,63.04
08:37:14,4,17.58,0.00,13.19,0.00,0.00,5.49,0.00,0.00,0.00,63.74
08:37:14,5,14.61,0.00,14.61,0.00,0.00,6.74,0.00,0.00,0.00,64.04
08:37:14,6,15.38,0.00,15.38,0.00,0.00,4.40,0.00,0.00,0.00,64.84
08:37:14,7,16.13,0.00,12.90,0.00,0.00,5.38,0.00,0.00,0.00,65.59
08:37:14,12,16.48,0.00,13.19,0.00,0.00,5.49,0.00,0.00,0.00,64.84
08:37:14,13,16.48,0.00,15.38,0.00,0.00,5.49,0.00,0.00,0.00,62.64
08:37:14,14,16.48,0.00,13.19,0.00,0.00,5.49,0.00,0.00,0.00,64.84
08:37:14,15,13.83,0.00,14.89,0.00,0.00,5.32,0.00,0.00,0.00,65.96
08:37:15,4,17.78,0.00,14.44,0.00,0.00,5.56,0.00,0.00,0.00,62.22
08:37:15,5,17.58,0.00,15.38,0.00,0.00,5.49,0.00,0.00,0.00,61.54
08:37:15,6,19.35,0.00,13.98,0.00,0.00,5.38,0.00,0.00,0.00,61.29
08:37:15,7,17.02,0.00,12.77,0.00,0.00,5.32,0.00,0.00,0.00,64.89
08:37:15,12,18.28,0.00,18.28,0.00,0.00,4.30,0.00,0.00,0.00,59.14
08:37:15,13,17.78,0.00,14.44,0.00,0.00,5.56,0.00,0.00,0.00,62.22
08:37:15,14,22.58,0.00,13.98,0.00,0.00,4.30,0.00,0.00,0.00,59.14
08:37:15,15,15.62,0.00,16.67,0.00,0.00,5.21,0.00,0.00,0.00,62.50
08:37:16,4,17.20,0.00,12.90,0.00,0.00,5.38,0.00,0.00,0.00,64.52
08:37:16,5,15.73,0.00,15.73,0.00,0.00,5.62,0.00,0.00,0.00,62.92
08:37:16,6,16.84,0.00,14.74,0.00,0.00,6.32,0.00,0.00,0.00,62.11
08:37:16,7,16.48,0.00,13.19,0.00,0.00,5.49,0.00,0.00,0.00,64.84
08:37:16,12,16.48,0.00,12.09,0.00,0.00,5.49,0.00,0.00,0.00,65.93
08:37:16,13,14.44,0.00,14.44,0.00,0.00,6.67,0.00,0.00,0.00,64.44
08:37:16,14,17.89,0.00,13.68,0.00,0.00,6.32,0.00,0.00,0.00,62.11
08:37:16,15,14.61,0.00,12.36,0.00,0.00,5.62,0.00,0.00,0.00,67.42
08:37:17,4,17.78,0.00,12.22,0.00,0.00,4.44,0.00,0.00,0.00,65.56
08:37:17,5,17.39,0.00,16.30,0.00,0.00,6.52,0.00,0.00,0.00,59.78
08:37:17,6,16.48,0.00,14.29,0.00,0.00,5.49,0.00,0.00,0.00,63.74
08:37:17,7,16.48,0.00,14.29,0.00,0.00,4.40,0.00,0.00,0.00,64.84
08:37:17,12,18.28,0.00,15.05,0.00,0.00,5.38,0.00,0.00,0.00,61.29
08:37:17,13,14.29,0.00,15.38,0.00,0.00,6.59,0.00,0.00,0.00,63.74
08:37:17,14,18.28,0.00,13.98,0.00,0.00,5.38,0.00,0.00,0.00,62.37
08:37:17,15,16.30,0.00,14.13,0.00,0.00,6.52,0.00,0.00,0.00,63.04
08:37:18,4,16.85,0.00,13.48,0.00,0.00,5.62,0.00,0.00,0.00,64.04
08:37:18,5,16.67,0.00,13.33,0.00,0.00,6.67,0.00,0.00,0.00,63.33
08:37:18,6,17.39,0.00,14.13,0.00,0.00,6.52,0.00,0.00,0.00,61.96
08:37:18,7,14.44,0.00,14.44,0.00,0.00,5.56,0.00,0.00,0.00,65.56
08:37:18,12,16.48,0.00,14.29,0.00,0.00,4.40,0.00,0.00,0.00,64.84
08:37:18,13,15.22,0.00,16.30,0.00,0.00,5.43,0.00,0.00,0.00,63.04
08:37:18,14,18.48,0.00,13.04,0.00,0.00,4.35,0.00,0.00,0.00,64.13
08:37:18,15,14.89,0.00,14.89,0.00,0.00,5.32,0.00,0.00,0.00,64.89
08:37:19,4,17.39,0.00,15.22,0.00,0.00,4.35,0.00,0.00,0.00,63.04
08:37:19,5,17.20,0.00,13.98,0.00,0.00,6.45,0.00,0.00,0.00,62.37
08:37:19,6,15.38,0.00,14.29,0.00,0.00,5.49,0.00,0.00,0.00,64.84
08:37:19,7,14.29,0.00,13.19,0.00,0.00,5.49,0.00,0.00,0.00,67.03
08:37:19,12,17.58,0.00,12.09,0.00,0.00,7.69,0.00,0.00,0.00,62.64
08:37:19,13,17.39,0.00,15.22,0.00,0.00,5.43,0.00,0.00,0.00,61.96
08:37:19,14,17.39,0.00,13.04,0.00,0.00,5.43,0.00,0.00,0.00,64.13
08:37:19,15,15.22,0.00,15.22,0.00,0.00,4.35,0.00,0.00,0.00,65.22
08:37:20,4,20.00,0.00,13.33,0.00,0.00,4.44,0.00,0.00,0.00,62.22
08:37:20,5,18.48,0.00,16.30,0.00,0.00,6.52,0.00,0.00,0.00,58.70
08:37:20,6,20.43,0.00,15.05,0.00,0.00,5.38,0.00,0.00,0.00,59.14
08:37:20,7,16.48,0.00,14.29,0.00,0.00,5.49,0.00,0.00,0.00,63.74
08:37:20,12,17.02,0.00,15.96,0.00,0.00,5.32,0.00,0.00,0.00,61.70
08:37:20,13,18.28,0.00,16.13,0.00,0.00,5.38,0.00,0.00,0.00,60.22
08:37:20,14,17.58,0.00,13.19,0.00,0.00,5.49,0.00,0.00,0.00,63.74
08:37:20,15,14.29,0.00,13.19,0.00,0.00,6.59,0.00,0.00,0.00,65.93
08:37:21,4,16.13,0.00,15.05,0.00,0.00,5.38,0.00,0.00,0.00,63.44
08:37:21,5,17.20,0.00,17.20,0.00,0.00,5.38,0.00,0.00,0.00,60.22
08:37:21,6,15.38,0.00,13.19,0.00,0.00,5.49,0.00,0.00,0.00,65.93
08:37:21,7,14.13,0.00,11.96,0.00,0.00,5.43,0.00,0.00,0.00,68.48
08:37:21,12,17.58,0.00,16.48,0.00,0.00,5.49,0.00,0.00,0.00,60.44
08:37:21,13,18.28,0.00,16.13,0.00,0.00,5.38,0.00,0.00,0.00,60.22
08:37:21,14,15.73,0.00,13.48,0.00,0.00,6.74,0.00,0.00,0.00,64.04
08:37:21,15,14.74,0.00,14.74,0.00,0.00,6.32,0.00,0.00,0.00,64.21
08:37:22,4,17.20,0.00,13.98,0.00,0.00,5.38,0.00,0.00,0.00,63.44
08:37:22,5,17.02,0.00,13.83,1.06,0.00,6.38,0.00,0.00,0.00,61.70
08:37:22,6,17.05,0.00,13.64,0.00,0.00,4.55,0.00,0.00,0.00,64.77
08:37:22,7,14.29,0.00,13.19,0.00,0.00,7.69,0.00,0.00,0.00,64.84
08:37:22,12,18.09,0.00,12.77,0.00,0.00,6.38,0.00,0.00,0.00,62.77
08:37:22,13,18.28,0.00,13.98,0.00,0.00,5.38,0.00,0.00,0.00,62.37
08:37:22,14,17.78,0.00,13.33,0.00,0.00,4.44,0.00,0.00,0.00,64.44
08:37:22,15,16.67,0.00,13.33,0.00,0.00,4.44,0.00,0.00,0.00,65.56
08:37:23,4,17.02,0.00,13.83,0.00,0.00,5.32,0.00,0.00,0.00,63.83
08:37:23,5,14.29,0.00,15.38,0.00,0.00,5.49,0.00,0.00,0.00,64.84
08:37:23,6,17.78,0.00,12.22,0.00,0.00,5.56,0.00,0.00,0.00,64.44
08:37:23,7,14.29,0.00,14.29,0.00,0.00,4.40,0.00,0.00,0.00,67.03
08:37:23,12,16.30,0.00,13.04,0.00,0.00,5.43,0.00,0.00,0.00,65.22
08:37:23,13,16.30,0.00,15.22,0.00,0.00,4.35,0.00,0.00,0.00,64.13
08:37:23,14,16.13,0.00,16.13,0.00,0.00,5.38,0.00,0.00,0.00,62.37
08:37:23,15,14.13,0.00,14.13,0.00,0.00,5.43,0.00,0.00,0.00,66.30
08:37:24,4,18.75,0.00,13.54,0.00,0.00,7.29,0.00,0.00,0.00,60.42
08:37:24,5,18.89,0.00,12.22,0.00,0.00,4.44,0.00,0.00,0.00,64.44
08:37:24,6,17.71,0.00,14.58,0.00,0.00,6.25,0.00,0.00,0.00,61.46
08:37:24,7,17.02,0.00,13.83,0.00,0.00,5.32,0.00,0.00,0.00,63.83
08:37:24,12,16.13,0.00,15.05,0.00,0.00,5.38,0.00,0.00,0.00,63.44
08:37:24,13,18.48,0.00,15.22,0.00,0.00,5.43,0.00,0.00,0.00,60.87
08:37:24,14,16.30,0.00,15.22,0.00,0.00,4.35,0.00,0.00,0.00,64.13
08:37:24,15,15.22,0.00,14.13,0.00,0.00,5.43,0.00,0.00,0.00,65.22
08:37:25,4,20.43,0.00,15.05,0.00,0.00,5.38,0.00,0.00,0.00,59.14
08:37:25,5,19.57,0.00,16.30,0.00,0.00,4.35,0.00,0.00,0.00,59.78
08:37:25,6,18.48,0.00,14.13,0.00,0.00,5.43,0.00,0.00,0.00,61.96
08:37:25,7,15.22,0.00,13.04,0.00,0.00,5.43,0.00,0.00,0.00,66.30
08:37:25,12,17.20,0.00,17.20,0.00,0.00,6.45,0.00,0.00,0.00,59.14
08:37:25,13,17.78,0.00,15.56,0.00,0.00,5.56,0.00,0.00,0.00,61.11
08:37:25,14,18.28,0.00,15.05,0.00,0.00,6.45,0.00,0.00,0.00,60.22
08:37:25,15,16.13,0.00,13.98,0.00,0.00,5.38,0.00,0.00,0.00,64.52
08:37:26,4,17.39,0.00,13.04,0.00,0.00,6.52,0.00,0.00,0.00,63.04
08:37:26,5,17.78,0.00,14.44,0.00,0.00,5.56,0.00,0.00,0.00,62.22
08:37:26,6,16.84,0.00,15.79,0.00,0.00,7.37,0.00,0.00,0.00,60.00
08:37:26,7,15.22,0.00,14.13,0.00,0.00,3.26,0.00,0.00,0.00,67.39
08:37:26,12,17.20,0.00,12.90,0.00,0.00,5.38,0.00,0.00,0.00,64.52
08:37:26,13,17.89,0.00,15.79,0.00,0.00,6.32,0.00,0.00,0.00,60.00
08:37:26,14,18.09,0.00,14.89,0.00,0.00,5.32,0.00,0.00,0.00,61.70
08:37:26,15,15.05,0.00,13.98,0.00,0.00,5.38,0.00,0.00,0.00,65.59
08:37:27,4,16.30,0.00,14.13,0.00,0.00,5.43,0.00,0.00,0.00,64.13
08:37:27,5,17.20,0.00,16.13,0.00,0.00,6.45,0.00,0.00,0.00,60.22
08:37:27,6,14.44,0.00,14.44,0.00,0.00,4.44,0.00,0.00,0.00,66.67
08:37:27,7,16.13,0.00,11.83,0.00,0.00,6.45,0.00,0.00,0.00,65.59
08:37:27,12,18.28,0.00,12.90,0.00,0.00,5.38,0.00,0.00,0.00,63.44
08:37:27,13,18.48,0.00,13.04,0.00,0.00,5.43,0.00,0.00,0.00,63.04
08:37:27,14,17.58,0.00,14.29,0.00,0.00,5.49,0.00,0.00,0.00,62.64
08:37:27,15,16.84,0.00,13.68,0.00,0.00,5.26,0.00,0.00,0.00,64.21
08:37:28,4,18.68,0.00,13.19,0.00,0.00,4.40,0.00,0.00,0.00,63.74
08:37:28,5,15.22,0.00,16.30,0.00,0.00,5.43,0.00,0.00,0.00,63.04
08:37:28,6,18.28,0.00,13.98,0.00,0.00,5.38,0.00,0.00,0.00,62.37
08:37:28,7,16.30,0.00,11.96,0.00,0.00,4.35,0.00,0.00,0.00,67.39
08:37:28,12,18.68,0.00,13.19,0.00,0.00,4.40,0.00,0.00,0.00,63.74
08:37:28,13,17.98,0.00,14.61,0.00,0.00,4.49,0.00,0.00,0.00,62.92
08:37:28,14,17.58,0.00,15.38,0.00,0.00,4.40,0.00,0.00,0.00,62.64
08:37:28,15,13.19,0.00,14.29,0.00,0.00,5.49,0.00,0.00,0.00,67.03
08:37:29,4,16.13,0.00,13.98,0.00,0.00,5.38,0.00,0.00,0.00,64.52
08:37:29,5,16.30,0.00,14.13,0.00,0.00,4.35,0.00,0.00,0.00,65.22
08:37:29,6,15.22,0.00,16.30,0.00,0.00,6.52,0.00,0.00,0.00,61.96
08:37:29,7,15.05,0.00,16.13,0.00,0.00,4.30,0.00,0.00,0.00,64.52
08:37:29,12,16.84,0.00,15.79,0.00,0.00,5.26,0.00,0.00,0.00,62.11
08:37:29,13,15.05,0.00,15.05,0.00,0.00,6.45,0.00,0.00,0.00,63.44
08:37:29,14,17.02,0.00,14.89,0.00,0.00,5.32,0.00,0.00,0.00,62.77
08:37:29,15,17.02,0.00,14.89,0.00,0.00,5.32,0.00,0.00,0.00,62.77
08:37:30,4,18.68,0.00,16.48,0.00,0.00,4.40,0.00,0.00,0.00,60.44
08:37:30,5,19.35,0.00,17.20,0.00,0.00,6.45,0.00,0.00,0.00,56.99
08:37:30,6,17.20,0.00,16.13,0.00,0.00,6.45,0.00,0.00,0.00,60.22
08:37:30,7,15.22,0.00,15.22,0.00,0.00,5.43,0.00,0.00,0.00,64.13
08:37:30,12,17.39,0.00,16.30,0.00,0.00,4.35,0.00,0.00,0.00,61.96
08:37:30,13,19.57,0.00,16.30,0.00,0.00,5.43,0.00,0.00,0.00,58.70
08:37:30,14,18.68,0.00,14.29,0.00,0.00,4.40,0.00,0.00,0.00,62.64
08:37:30,15,16.30,0.00,14.13,0.00,0.00,3.26,0.00,0.00,0.00,66.30
08:37:31,4,17.20,0.00,13.98,0.00,0.00,5.38,0.00,0.00,0.00,63.44
08:37:31,5,18.09,0.00,14.89,0.00,0.00,6.38,0.00,0.00,0.00,60.64
08:37:31,6,17.02,0.00,14.89,0.00,0.00,5.32,0.00,0.00,0.00,62.77
08:37:31,7,13.83,0.00,14.89,0.00,0.00,5.32,0.00,0.00,0.00,65.96
08:37:31,12,16.48,0.00,14.29,0.00,0.00,5.49,0.00,0.00,0.00,63.74
08:37:31,13,15.96,0.00,17.02,0.00,0.00,7.45,0.00,0.00,0.00,59.57
08:37:31,14,15.22,0.00,15.22,0.00,0.00,5.43,0.00,0.00,0.00,64.13
08:37:31,15,15.38,0.00,14.29,0.00,0.00,4.40,0.00,0.00,0.00,65.93
08:37:32,4,18.09,0.00,13.83,0.00,0.00,5.32,0.00,0.00,0.00,62.77
08:37:32,5,18.28,0.00,17.20,0.00,0.00,5.38,0.00,0.00,0.00,59.14
08:37:32,6,16.13,0.00,15.05,0.00,0.00,5.38,0.00,0.00,0.00,63.44
08:37:32,7,13.33,0.00,13.33,0.00,0.00,5.56,0.00,0.00,0.00,67.78
08:37:32,12,15.38,0.00,14.29,0.00,0.00,5.49,0.00,0.00,0.00,64.84
08:37:32,13,17.20,0.00,16.13,0.00,0.00,5.38,0.00,0.00,0.00,61.29
08:37:32,14,18.09,0.00,14.89,0.00,0.00,6.38,0.00,0.00,0.00,60.64
08:37:32,15,16.84,0.00,14.74,0.00,0.00,5.26,0.00,0.00,0.00,63.16
08:37:33,4,16.84,0.00,13.68,0.00,0.00,6.32,0.00,0.00,0.00,63.16
08:37:33,5,16.30,0.00,15.22,0.00,0.00,6.52,0.00,0.00,0.00,61.96
08:37:33,6,16.67,0.00,13.33,0.00,0.00,5.56,0.00,0.00,0.00,64.44
08:37:33,7,16.48,0.00,12.09,0.00,0.00,6.59,0.00,0.00,0.00,64.84
08:37:33,12,16.48,0.00,13.19,0.00,0.00,6.59,0.00,0.00,0.00,63.74
08:37:33,13,17.02,0.00,14.89,1.06,0.00,6.38,0.00,0.00,0.00,60.64
08:37:33,14,16.48,0.00,13.19,0.00,0.00,5.49,0.00,0.00,0.00,64.84
08:37:33,15,13.98,0.00,17.20,0.00,0.00,4.30,0.00,0.00,0.00,64.52
08:37:34,4,16.48,0.00,14.29,0.00,0.00,5.49,0.00,0.00,0.00,63.74
08:37:34,5,19.57,0.00,14.13,0.00,0.00,5.43,0.00,0.00,0.00,60.87
08:37:34,6,16.13,0.00,16.13,0.00,0.00,6.45,0.00,0.00,0.00,61.29
08:37:34,7,15.38,0.00,13.19,0.00,0.00,4.40,0.00,0.00,0.00,67.03
08:37:34,12,15.05,0.00,15.05,0.00,0.00,5.38,0.00,0.00,0.00,64.52
08:37:34,13,16.48,0.00,14.29,0.00,0.00,4.40,0.00,0.00,0.00,64.84
08:37:34,14,15.73,0.00,14.61,0.00,0.00,5.62,0.00,0.00,0.00,64.04
08:37:34,15,15.05,0.00,13.98,0.00,0.00,6.45,0.00,0.00,0.00,64.52
08:37:35,4,16.48,0.00,16.48,0.00,0.00,4.40,0.00,0.00,0.00,62.64
08:37:35,5,16.30,0.00,15.22,0.00,0.00,5.43,0.00,0.00,0.00,63.04
08:37:35,6,16.48,0.00,14.29,0.00,0.00,4.40,0.00,0.00,0.00,64.84
08:37:35,7,16.67,0.00,14.44,0.00,0.00,4.44,0.00,0.00,0.00,64.44
08:37:35,12,16.48,0.00,17.58,0.00,0.00,5.49,0.00,0.00,0.00,60.44
08:37:35,13,14.29,0.00,17.58,0.00,0.00,5.49,0.00,0.00,0.00,62.64
08:37:35,14,16.67,0.00,18.75,0.00,0.00,6.25,0.00,0.00,0.00,58.33
08:37:35,15,15.96,0.00,14.89,0.00,0.00,5.32,0.00,0.00,0.00,63.83
08:37:36,4,16.13,0.00,13.98,0.00,0.00,6.45,0.00,0.00,0.00,63.44
08:37:36,5,14.89,0.00,19.15,0.00,0.00,6.38,0.00,0.00,0.00,59.57
08:37:36,6,16.30,0.00,15.22,0.00,0.00,6.52,0.00,0.00,0.00,61.96
08:37:36,7,15.05,0.00,13.98,0.00,0.00,6.45,0.00,0.00,0.00,64.52
08:37:36,12,17.20,0.00,15.05,0.00,0.00,5.38,0.00,0.00,0.00,62.37
08:37:36,13,18.28,0.00,15.05,0.00,0.00,5.38,0.00,0.00,0.00,61.29
08:37:36,14,18.28,0.00,13.98,0.00,0.00,5.38,0.00,0.00,0.00,62.37
08:37:36,15,17.89,0.00,14.74,0.00,0.00,5.26,0.00,0.00,0.00,62.11
08:37:37,4,17.20,0.00,13.98,0.00,0.00,6.45,0.00,0.00,0.00,62.37
08:37:37,5,14.29,0.00,15.38,0.00,0.00,7.69,0.00,0.00,0.00,62.64
08:37:37,6,15.56,0.00,14.44,0.00,0.00,4.44,0.00,0.00,0.00,65.56
08:37:37,7,14.89,0.00,15.96,0.00,0.00,6.38,0.00,0.00,0.00,62.77
08:37:37,12,17.02,0.00,14.89,0.00,0.00,5.32,0.00,0.00,0.00,62.77
08:37:37,13,18.48,0.00,13.04,0.00,0.00,5.43,0.00,0.00,0.00,63.04
08:37:37,14,17.39,0.00,13.04,0.00,0.00,6.52,0.00,0.00,0.00,63.04
08:37:37,15,18.28,0.00,12.90,0.00,0.00,5.38,0.00,0.00,0.00,63.44
08:37:38,4,16.67,0.00,14.44,0.00,0.00,4.44,0.00,0.00,0.00,64.44
08:37:38,5,16.13,0.00,17.20,0.00,0.00,5.38,0.00,0.00,0.00,61.29
08:37:38,6,17.78,0.00,12.22,0.00,0.00,6.67,0.00,0.00,0.00,63.33
08:37:38,7,15.22,0.00,13.04,0.00,0.00,6.52,0.00,0.00,0.00,65.22
08:37:38,12,16.67,0.00,15.56,0.00,0.00,5.56,0.00,0.00,0.00,62.22
08:37:38,13,16.85,0.00,15.73,0.00,0.00,5.62,0.00,0.00,0.00,61.80
08:37:38,14,19.15,0.00,13.83,1.06,0.00,5.32,0.00,0.00,0.00,60.64
08:37:38,15,17.39,0.00,14.13,0.00,0.00,4.35,0.00,0.00,0.00,64.13
08:37:39,4,18.28,0.00,15.05,0.00,0.00,6.45,0.00,0.00,0.00,60.22
08:37:39,5,17.05,0.00,13.64,0.00,0.00,5.68,0.00,0.00,0.00,63.64
08:37:39,6,16.30,0.00,15.22,0.00,0.00,4.35,0.00,0.00,0.00,64.13
08:37:39,7,15.38,0.00,13.19,0.00,0.00,5.49,0.00,0.00,0.00,65.93
08:37:39,12,18.09,0.00,13.83,0.00,0.00,6.38,0.00,0.00,0.00,61.70
08:37:39,13,19.35,0.00,16.13,0.00,0.00,5.38,0.00,0.00,0.00,59.14
08:37:39,14,17.20,0.00,13.98,0.00,0.00,5.38,0.00,0.00,0.00,63.44
08:37:39,15,15.38,0.00,13.19,0.00,0.00,5.49,0.00,0.00,0.00,65.93
08:37:40,4,16.84,0.00,15.79,0.00,0.00,6.32,0.00,0.00,0.00,61.05
08:37:40,5,21.28,0.00,12.77,0.00,0.00,5.32,0.00,0.00,0.00,60.64
08:37:40,6,19.78,0.00,12.09,0.00,0.00,5.49,0.00,0.00,0.00,62.64
08:37:40,7,16.67,0.00,13.33,0.00,0.00,5.56,0.00,0.00,0.00,64.44
08:37:40,12,18.28,0.00,17.20,0.00,0.00,5.38,0.00,0.00,0.00,59.14
08:37:40,13,16.30,0.00,13.04,0.00,0.00,7.61,0.00,0.00,0.00,63.04
08:37:40,14,17.39,0.00,14.13,0.00,0.00,5.43,0.00,0.00,0.00,63.04
08:37:40,15,17.02,0.00,15.96,0.00,0.00,6.38,0.00,0.00,0.00,60.64
08:37:41,4,16.30,0.00,14.13,0.00,0.00,5.43,0.00,0.00,0.00,64.13
08:37:41,5,16.30,0.00,14.13,0.00,0.00,6.52,0.00,0.00,0.00,63.04
08:37:41,6,17.39,0.00,16.30,0.00,0.00,5.43,0.00,0.00,0.00,60.87
08:37:41,7,18.09,0.00,14.89,0.00,0.00,5.32,0.00,0.00,0.00,61.70
08:37:41,12,18.09,0.00,15.96,0.00,0.00,4.26,0.00,0.00,0.00,61.70
08:37:41,13,18.28,0.00,13.98,0.00,0.00,5.38,0.00,0.00,0.00,62.37
08:37:41,14,16.67,0.00,13.33,0.00,0.00,5.56,0.00,0.00,0.00,64.44
08:37:41,15,17.20,0.00,12.90,0.00,0.00,6.45,0.00,0.00,0.00,63.44
08:37:42,4,16.48,0.00,16.48,0.00,0.00,5.49,0.00,0.00,0.00,61.54
08:37:42,5,17.39,0.00,15.22,0.00,0.00,5.43,0.00,0.00,0.00,61.96
08:37:42,6,16.30,0.00,16.30,0.00,0.00,5.43,0.00,0.00,0.00,61.96
08:37:42,7,14.13,0.00,14.13,0.00,0.00,6.52,0.00,0.00,0.00,65.22
08:37:42,12,16.30,0.00,16.30,0.00,0.00,5.43,0.00,0.00,0.00,61.96
08:37:42,13,17.39,0.00,16.30,0.00,0.00,4.35,0.00,0.00,0.00,61.96
08:37:42,14,16.30,0.00,15.22,0.00,0.00,4.35,0.00,0.00,0.00,64.13
08:37:42,15,15.38,0.00,14.29,0.00,0.00,4.40,0.00,0.00,0.00,65.93
08:37:43,4,16.67,0.00,15.56,0.00,0.00,5.56,0.00,0.00,0.00,62.22
08:37:43,5,17.02,0.00,14.89,0.00,0.00,7.45,0.00,0.00,0.00,60.64
08:37:43,6,17.02,0.00,15.96,0.00,0.00,4.26,0.00,0.00,0.00,62.77
08:37:43,7,16.13,0.00,12.90,0.00,0.00,5.38,0.00,0.00,0.00,65.59
08:37:43,12,15.22,0.00,17.39,0.00,0.00,5.43,0.00,0.00,0.00,61.96
08:37:43,13,17.89,0.00,13.68,1.05,0.00,7.37,0.00,0.00,0.00,60.00
08:37:43,14,16.48,0.00,14.29,0.00,0.00,4.40,0.00,0.00,0.00,64.84
08:37:43,15,15.05,0.00,15.05,0.00,0.00,5.38,0.00,0.00,0.00,64.52
08:37:44,4,18.95,0.00,12.63,0.00,0.00,6.32,0.00,0.00,0.00,62.11
08:37:44,5,16.48,0.00,14.29,0.00,0.00,4.40,0.00,0.00,0.00,64.84
08:37:44,6,17.78,0.00,12.22,0.00,0.00,5.56,0.00,0.00,0.00,64.44
08:37:44,7,15.22,0.00,11.96,0.00,0.00,6.52,0.00,0.00,0.00,66.30
08:37:44,12,15.96,0.00,14.89,0.00,0.00,6.38,0.00,0.00,0.00,62.77
08:37:44,13,16.30,0.00,15.22,0.00,0.00,6.52,0.00,0.00,0.00,61.96
08:37:44,14,17.39,0.00,15.22,0.00,0.00,5.43,0.00,0.00,0.00,61.96
08:37:44,15,16.13,0.00,12.90,0.00,0.00,6.45,0.00,0.00,0.00,64.52
08:37:45,4,16.67,0.00,14.44,0.00,0.00,5.56,0.00,0.00,0.00,63.33
08:37:45,5,18.48,0.00,15.22,0.00,0.00,6.52,0.00,0.00,0.00,59.78
08:37:45,6,21.51,0.00,11.83,0.00,0.00,5.38,0.00,0.00,0.00,61.29
08:37:45,7,15.46,0.00,15.46,0.00,0.00,6.19,0.00,0.00,0.00,62.89
08:37:45,12,17.39,0.00,19.57,0.00,0.00,5.43,0.00,0.00,0.00,57.61
08:37:45,13,16.67,0.00,17.78,0.00,0.00,5.56,0.00,0.00,0.00,60.00
08:37:45,14,18.89,0.00,14.44,0.00,0.00,5.56,0.00,0.00,0.00,61.11
08:37:45,15,18.68,0.00,12.09,0.00,0.00,5.49,0.00,0.00,0.00,63.74
08:37:46,4,15.73,0.00,15.73,0.00,0.00,4.49,0.00,0.00,0.00,64.04
08:37:46,5,19.15,0.00,14.89,0.00,0.00,5.32,0.00,0.00,0.00,60.64
08:37:46,6,15.05,0.00,17.20,0.00,0.00,5.38,0.00,0.00,0.00,62.37
08:37:46,7,14.29,0.00,14.29,0.00,0.00,5.49,0.00,0.00,0.00,65.93
08:37:46,12,17.89,0.00,14.74,0.00,0.00,5.26,0.00,0.00,0.00,62.11
08:37:46,13,18.09,0.00,14.89,0.00,0.00,6.38,0.00,0.00,0.00,60.64
08:37:46,14,15.38,0.00,13.19,0.00,0.00,6.59,0.00,0.00,0.00,64.84
08:37:46,15,14.89,0.00,14.89,0.00,0.00,5.32,0.00,0.00,0.00,64.89
08:37:47,4,16.67,0.00,12.22,0.00,0.00,5.56,0.00,0.00,0.00,65.56
08:37:47,5,16.30,0.00,15.22,0.00,0.00,5.43,0.00,0.00,0.00,63.04
08:37:47,6,17.20,0.00,13.98,0.00,0.00,6.45,0.00,0.00,0.00,62.37
08:37:47,7,14.29,0.00,13.19,0.00,0.00,5.49,0.00,0.00,0.00,67.03
08:37:47,12,15.38,0.00,15.38,0.00,0.00,4.40,0.00,0.00,0.00,64.84
08:37:47,13,16.48,0.00,14.29,0.00,0.00,6.59,0.00,0.00,0.00,62.64
08:37:47,14,18.28,0.00,13.98,0.00,0.00,4.30,0.00,0.00,0.00,63.44
08:37:47,15,16.48,0.00,14.29,0.00,0.00,4.40,0.00,0.00,0.00,64.84
08:37:48,4,17.39,0.00,14.13,0.00,0.00,6.52,0.00,0.00,0.00,61.96
08:37:48,5,14.77,0.00,14.77,0.00,0.00,5.68,0.00,0.00,0.00,64.77
08:37:48,6,17.05,0.00,12.50,0.00,0.00,5.68,0.00,0.00,0.00,64.77
08:37:48,7,14.61,0.00,14.61,0.00,0.00,4.49,0.00,0.00,0.00,66.29
08:37:48,12,15.96,0.00,14.89,0.00,0.00,7.45,0.00,0.00,0.00,61.70
08:37:48,13,20.21,0.00,15.96,0.00,0.00,5.32,0.00,0.00,0.00,58.51
08:37:48,14,16.30,0.00,14.13,0.00,0.00,6.52,0.00,0.00,0.00,63.04
08:37:48,15,15.05,0.00,15.05,0.00,0.00,6.45,0.00,0.00,0.00,63.44
08:37:49,4,18.68,0.00,14.29,0.00,0.00,5.49,0.00,0.00,0.00,61.54
08:37:49,5,17.39,0.00,15.22,0.00,0.00,5.43,0.00,0.00,0.00,61.96
08:37:49,6,18.28,0.00,15.05,0.00,0.00,5.38,0.00,0.00,0.00,61.29
08:37:49,7,17.39,0.00,13.04,0.00,0.00,5.43,0.00,0.00,0.00,64.13
08:37:49,12,15.22,0.00,17.39,0.00,0.00,5.43,0.00,0.00,0.00,61.96
08:37:49,13,15.96,0.00,14.89,0.00,0.00,7.45,0.00,0.00,0.00,61.70
08:37:49,14,17.02,0.00,13.83,0.00,0.00,7.45,0.00,0.00,0.00,61.70
08:37:49,15,14.29,0.00,14.29,0.00,0.00,4.40,0.00,0.00,0.00,67.03
08:37:50,4,18.09,0.00,14.89,0.00,0.00,6.38,0.00,0.00,0.00,60.64
08:37:50,5,16.48,0.00,16.48,0.00,0.00,4.40,0.00,0.00,0.00,62.64
08:37:50,6,16.84,0.00,15.79,0.00,0.00,5.26,0.00,0.00,0.00,62.11
08:37:50,7,16.30,0.00,13.04,0.00,0.00,5.43,0.00,0.00,0.00,65.22
08:37:50,12,17.20,0.00,17.20,0.00,0.00,5.38,0.00,0.00,0.00,60.22
08:37:50,13,15.73,0.00,15.73,0.00,0.00,4.49,0.00,0.00,0.00,64.04
08:37:50,14,16.67,0.00,14.44,0.00,0.00,4.44,0.00,0.00,0.00,64.44
08:37:50,15,15.96,0.00,13.83,0.00,0.00,6.38,0.00,0.00,0.00,63.83
08:37:51,4,18.48,0.00,14.13,0.00,0.00,5.43,0.00,0.00,0.00,61.96
08:37:51,5,18.28,0.00,17.20,0.00,0.00,6.45,0.00,0.00,0.00,58.06
08:37:51,6,18.28,0.00,15.05,0.00,0.00,6.45,0.00,0.00,0.00,60.22
08:37:51,7,16.30,0.00,15.22,0.00,0.00,5.43,0.00,0.00,0.00,63.04
08:37:51,12,17.20,0.00,15.05,0.00,0.00,5.38,0.00,0.00,0.00,62.37
08:37:51,13,17.39,0.00,15.22,0.00,0.00,4.35,0.00,0.00,0.00,63.04
08:37:51,14,17.02,0.00,14.89,0.00,0.00,6.38,0.00,0.00,0.00,61.70
08:37:51,15,14.44,0.00,15.56,0.00,0.00,4.44,0.00,0.00,0.00,65.56
08:37:52,4,18.09,0.00,15.96,0.00,0.00,5.32,0.00,0.00,0.00,60.64
08:37:52,5,18.48,0.00,14.13,0.00,0.00,5.43,0.00,0.00,0.00,61.96
08:37:52,6,16.48,0.00,15.38,0.00,0.00,5.49,0.00,0.00,0.00,62.64
08:37:52,7,14.29,0.00,12.09,0.00,0.00,5.49,0.00,0.00,0.00,68.13
08:37:52,12,19.57,0.00,14.13,0.00,0.00,5.43,0.00,0.00,0.00,60.87
08:37:52,13,19.57,0.00,14.13,0.00,0.00,6.52,0.00,0.00,0.00,59.78
08:37:52,14,16.30,0.00,14.13,0.00,0.00,6.52,0.00,0.00,0.00,63.04
08:37:52,15,15.22,0.00,13.04,0.00,0.00,6.52,0.00,0.00,0.00,65.22
08:37:53,4,17.39,0.00,16.30,0.00,0.00,5.43,0.00,0.00,0.00,60.87
08:37:53,5,17.78,0.00,14.44,0.00,0.00,4.44,0.00,0.00,0.00,63.33
08:37:53,6,17.20,0.00,15.05,0.00,0.00,6.45,0.00,0.00,0.00,61.29
08:37:53,7,17.02,0.00,12.77,0.00,0.00,6.38,0.00,0.00,0.00,63.83
08:37:53,12,15.05,0.00,16.13,0.00,0.00,7.53,0.00,0.00,0.00,61.29
08:37:53,13,18.28,0.00,15.05,0.00,0.00,4.30,0.00,0.00,0.00,62.37
08:37:53,14,17.58,0.00,16.48,0.00,0.00,4.40,0.00,0.00,0.00,61.54
08:37:53,15,15.79,0.00,13.68,1.05,0.00,7.37,0.00,0.00,0.00,62.11
08:37:54,4,18.09,0.00,14.89,0.00,0.00,6.38,0.00,0.00,0.00,60.64
08:37:54,5,15.96,0.00,19.15,0.00,0.00,5.32,0.00,0.00,0.00,59.57
08:37:54,6,15.38,0.00,15.38,0.00,0.00,4.40,0.00,0.00,0.00,64.84
08:37:54,7,14.13,0.00,15.22,0.00,0.00,5.43,0.00,0.00,0.00,65.22
08:37:54,12,14.29,0.00,14.29,0.00,0.00,7.69,0.00,0.00,0.00,63.74
08:37:54,13,15.22,0.00,15.22,0.00,0.00,6.52,0.00,0.00,0.00,63.04
08:37:54,14,14.13,0.00,15.22,0.00,0.00,5.43,0.00,0.00,0.00,65.22
08:37:54,15,14.89,0.00,13.83,0.00,0.00,6.38,0.00,0.00,0.00,64.89
08:37:55,4,16.30,0.00,14.13,0.00,0.00,5.43,0.00,0.00,0.00,64.13
08:37:55,5,16.67,0.00,14.58,0.00,0.00,7.29,0.00,0.00,0.00,61.46
08:37:55,6,15.73,0.00,14.61,0.00,0.00,4.49,0.00,0.00,0.00,65.17
08:37:55,7,15.05,0.00,13.98,0.00,0.00,5.38,0.00,0.00,0.00,65.59
08:37:55,12,17.58,0.00,14.29,0.00,0.00,4.40,0.00,0.00,0.00,63.74
08:37:55,13,17.78,0.00,15.56,0.00,0.00,5.56,0.00,0.00,0.00,61.11
08:37:55,14,18.28,0.00,13.98,0.00,0.00,6.45,0.00,0.00,0.00,61.29
08:37:55,15,15.05,0.00,13.98,0.00,0.00,6.45,0.00,0.00,0.00,64.52
08:37:56,4,17.58,0.00,14.29,0.00,0.00,5.49,0.00,0.00,0.00,62.64
08:37:56,5,17.20,0.00,15.05,0.00,0.00,6.45,0.00,0.00,0.00,61.29
08:37:56,6,15.38,0.00,13.19,0.00,0.00,6.59,0.00,0.00,0.00,64.84
08:37:56,7,15.56,0.00,14.44,0.00,0.00,4.44,0.00,0.00,0.00,65.56
08:37:56,12,20.88,0.00,14.29,0.00,0.00,5.49,0.00,0.00,0.00,59.34
08:37:56,13,15.05,0.00,17.20,0.00,0.00,5.38,0.00,0.00,0.00,62.37
08:37:56,14,15.05,0.00,17.20,0.00,0.00,5.38,0.00,0.00,0.00,62.37
08:37:56,15,19.15,0.00,15.96,0.00,0.00,4.26,0.00,0.00,0.00,60.64
08:37:57,4,15.91,0.00,14.77,0.00,0.00,4.55,0.00,0.00,0.00,64.77
08:37:57,5,15.38,0.00,14.29,0.00,0.00,7.69,0.00,0.00,0.00,62.64
08:37:57,6,16.13,0.00,16.13,0.00,0.00,7.53,0.00,0.00,0.00,60.22
08:37:57,7,15.38,0.00,14.29,0.00,0.00,4.40,0.00,0.00,0.00,65.93
08:37:57,12,17.58,0.00,14.29,0.00,0.00,4.40,0.00,0.00,0.00,63.74
08:37:57,13,17.39,0.00,14.13,0.00,0.00,5.43,0.00,0.00,0.00,63.04
08:37:57,14,16.30,0.00,14.13,0.00,0.00,5.43,0.00,0.00,0.00,64.13
08:37:57,15,13.83,0.00,13.83,0.00,0.00,6.38,0.00,0.00,0.00,65.96
08:37:58,4,18.09,0.00,13.83,0.00,0.00,6.38,0.00,0.00,0.00,61.70
08:37:58,5,15.56,0.00,15.56,0.00,0.00,5.56,0.00,0.00,0.00,63.33
08:37:58,6,15.38,0.00,14.29,0.00,0.00,4.40,0.00,0.00,0.00,65.93
08:37:58,7,17.02,0.00,12.77,0.00,0.00,6.38,0.00,0.00,0.00,63.83
08:37:58,12,17.89,0.00,14.74,0.00,0.00,5.26,0.00,0.00,0.00,62.11
08:37:58,13,17.02,0.00,13.83,0.00,0.00,6.38,0.00,0.00,0.00,62.77
08:37:58,14,17.02,0.00,17.02,0.00,0.00,5.32,0.00,0.00,0.00,60.64
08:37:58,15,13.98,0.00,18.28,0.00,0.00,5.38,0.00,0.00,0.00,62.37
08:37:59,4,16.67,0.00,13.33,0.00,0.00,4.44,0.00,0.00,0.00,65.56
08:37:59,5,17.02,0.00,14.89,0.00,0.00,5.32,0.00,0.00,0.00,62.77
08:37:59,6,19.35,0.00,13.98,0.00,0.00,4.30,0.00,0.00,0.00,62.37
08:37:59,7,15.05,0.00,13.98,0.00,0.00,6.45,0.00,0.00,0.00,64.52
08:37:59,12,14.74,0.00,16.84,0.00,0.00,6.32,0.00,0.00,0.00,62.11
08:37:59,13,19.35,0.00,13.98,0.00,0.00,4.30,0.00,0.00,0.00,62.37
08:37:59,14,16.67,0.00,14.44,0.00,0.00,5.56,0.00,0.00,0.00,63.33
08:37:59,15,15.96,0.00,15.96,0.00,0.00,5.32,0.00,0.00,0.00,62.77
08:38:00,4,17.20,0.00,12.90,0.00,0.00,7.53,0.00,0.00,0.00,62.37
08:38:00,5,16.67,0.00,16.67,0.00,0.00,4.44,0.00,0.00,0.00,62.22
08:38:00,6,16.48,0.00,12.09,0.00,0.00,6.59,0.00,0.00,0.00,64.84
08:38:00,7,16.30,0.00,11.96,0.00,0.00,5.43,0.00,0.00,0.00,66.30
08:38:00,12,15.91,0.00,15.91,0.00,0.00,5.68,0.00,0.00,0.00,62.50
08:38:00,13,17.20,0.00,16.13,0.00,0.00,6.45,0.00,0.00,0.00,60.22
08:38:00,14,16.30,0.00,14.13,0.00,0.00,7.61,0.00,0.00,0.00,61.96
08:38:00,15,18.09,0.00,12.77,0.00,0.00,5.32,0.00,0.00,0.00,63.83
08:38:01,4,16.67,0.00,13.33,0.00,0.00,5.56,0.00,0.00,0.00,64.44
08:38:01,5,18.28,0.00,17.20,0.00,0.00,6.45,0.00,0.00,0.00,58.06
08:38:01,6,17.39,0.00,15.22,0.00,0.00,5.43,0.00,0.00,0.00,61.96
08:38:01,7,18.95,0.00,14.74,0.00,0.00,4.21,0.00,0.00,0.00,62.11
08:38:01,12,18.68,0.00,13.19,0.00,0.00,5.49,0.00,0.00,0.00,62.64
08:38:01,13,18.48,0.00,18.48,0.00,0.00,6.52,0.00,0.00,0.00,56.52
08:38:01,14,17.39,0.00,15.22,0.00,0.00,6.52,0.00,0.00,0.00,60.87
08:38:01,15,17.39,0.00,13.04,0.00,0.00,6.52,0.00,0.00,0.00,63.04
08:38:02,4,14.29,0.00,17.58,0.00,0.00,6.59,0.00,0.00,0.00,61.54
08:38:02,5,18.09,0.00,13.83,0.00,0.00,5.32,0.00,0.00,0.00,62.77
08:38:02,6,18.48,0.00,14.13,0.00,0.00,5.43,0.00,0.00,0.00,61.96
08:38:02,7,15.05,0.00,12.90,0.00,0.00,6.45,0.00,0.00,0.00,65.59
08:38:02,12,16.84,0.00,14.74,0.00,0.00,6.32,0.00,0.00,0.00,62.11
08:38:02,13,17.39,0.00,11.96,0.00,0.00,6.52,0.00,0.00,0.00,64.13
08:38:02,14,18.28,0.00,15.05,0.00,0.00,5.38,0.00,0.00,0.00,61.29
08:38:02,15,15.56,0.00,12.22,0.00,0.00,4.44,0.00,0.00,0.00,67.78
08:38:03,4,19.57,0.00,13.04,0.00,0.00,5.43,0.00,0.00,0.00,61.96
08:38:03,5,17.98,0.00,12.36,0.00,0.00,5.62,0.00,0.00,0.00,64.04
08:38:03,6,18.09,0.00,13.83,0.00,0.00,5.32,0.00,0.00,0.00,62.77
08:38:03,7,15.05,0.00,13.98,0.00,0.00,6.45,0.00,0.00,0.00,64.52
08:38:03,12,15.38,0.00,15.38,1.10,0.00,6.59,0.00,0.00,0.00,61.54
08:38:03,13,17.39,0.00,15.22,0.00,0.00,4.35,0.00,0.00,0.00,63.04
08:38:03,14,17.39,0.00,13.04,0.00,0.00,5.43,0.00,0.00,0.00,64.13
08:38:03,15,15.38,0.00,12.09,0.00,0.00,6.59,0.00,0.00,0.00,65.93
08:38:04,4,16.30,0.00,15.22,0.00,0.00,6.52,0.00,0.00,0.00,61.96
08:38:04,5,16.48,0.00,14.29,0.00,0.00,5.49,0.00,0.00,0.00,63.74
08:38:04,6,17.20,0.00,13.98,0.00,0.00,4.30,0.00,0.00,0.00,64.52
08:38:04,7,18.09,0.00,11.70,0.00,0.00,4.26,0.00,0.00,0.00,65.96
08:38:04,12,17.89,0.00,14.74,0.00,0.00,6.32,0.00,0.00,0.00,61.05
08:38:04,13,16.85,0.00,14.61,0.00,0.00,5.62,0.00,0.00,0.00,62.92
08:38:04,14,15.73,0.00,16.85,0.00,0.00,4.49,0.00,0.00,0.00,62.92
08:38:04,15,15.22,0.00,15.22,0.00,0.00,4.35,0.00,0.00,0.00,65.22
08:38:05,4,16.13,0.00,15.05,0.00,0.00,5.38,0.00,0.00,0.00,63.44
08:38:05,5,15.96,0.00,18.09,0.00,0.00,6.38,0.00,0.00,0.00,59.57
08:38:05,6,16.48,0.00,14.29,0.00,0.00,5.49,0.00,0.00,0.00,63.74
08:38:05,7,14.44,0.00,14.44,0.00,0.00,5.56,0.00,0.00,0.00,65.56
08:38:05,12,15.73,0.00,13.48,0.00,0.00,5.62,0.00,0.00,0.00,65.17
08:38:05,13,17.89,0.00,14.74,0.00,0.00,6.32,0.00,0.00,0.00,61.05
08:38:05,14,18.28,0.00,13.98,0.00,0.00,5.38,0.00,0.00,0.00,62.37
08:38:05,15,14.61,0.00,13.48,0.00,0.00,5.62,0.00,0.00,0.00,66.29
08:38:06,4,18.28,0.00,16.13,0.00,0.00,6.45,0.00,0.00,0.00,59.14
08:38:06,5,22.58,0.00,15.05,0.00,0.00,4.30,0.00,0.00,0.00,58.06
08:38:06,6,18.28,0.00,15.05,0.00,0.00,6.45,0.00,0.00,0.00,60.22
08:38:06,7,14.89,0.00,15.96,0.00,0.00,5.32,0.00,0.00,0.00,63.83
08:38:06,12,16.30,0.00,15.22,0.00,0.00,5.43,0.00,0.00,0.00,63.04
08:38:06,13,17.58,0.00,13.19,0.00,0.00,5.49,0.00,0.00,0.00,63.74
08:38:06,14,17.58,0.00,14.29,0.00,0.00,4.40,0.00,0.00,0.00,63.74
08:38:06,15,14.13,0.00,14.13,0.00,0.00,5.43,0.00,0.00,0.00,66.30
08:38:07,4,15.56,0.00,14.44,0.00,0.00,6.67,0.00,0.00,0.00,63.33
08:38:07,5,16.67,0.00,14.44,0.00,0.00,5.56,0.00,0.00,0.00,63.33
08:38:07,6,16.30,0.00,14.13,0.00,0.00,6.52,0.00,0.00,0.00,63.04
08:38:07,7,16.30,0.00,13.04,0.00,0.00,5.43,0.00,0.00,0.00,65.22
08:38:07,12,16.84,0.00,15.79,0.00,0.00,5.26,0.00,0.00,0.00,62.11
08:38:07,13,17.02,0.00,14.89,0.00,0.00,6.38,0.00,0.00,0.00,61.70
08:38:07,14,17.20,0.00,13.98,0.00,0.00,5.38,0.00,0.00,0.00,63.44
08:38:07,15,15.22,0.00,13.04,0.00,0.00,5.43,0.00,0.00,0.00,66.30
08:38:08,4,17.02,0.00,15.96,0.00,0.00,5.32,0.00,0.00,0.00,61.70
08:38:08,5,16.30,0.00,15.22,0.00,0.00,6.52,0.00,0.00,0.00,61.96
08:38:08,6,14.74,0.00,16.84,1.05,0.00,6.32,0.00,0.00,0.00,61.05
08:38:08,7,12.22,0.00,16.67,0.00,0.00,4.44,0.00,0.00,0.00,66.67
08:38:08,12,18.68,0.00,15.38,0.00,0.00,4.40,0.00,0.00,0.00,61.54
08:38:08,13,14.13,0.00,16.30,0.00,0.00,6.52,0.00,0.00,0.00,63.04
08:38:08,14,16.48,0.00,14.29,0.00,0.00,5.49,0.00,0.00,0.00,63.74
08:38:08,15,16.30,0.00,15.22,0.00,0.00,4.35,0.00,0.00,0.00,64.13
08:38:09,4,17.58,0.00,14.29,0.00,0.00,5.49,0.00,0.00,0.00,62.64
08:38:09,5,18.28,0.00,13.98,0.00,0.00,5.38,0.00,0.00,0.00,62.37
08:38:09,6,16.48,0.00,13.19,0.00,0.00,5.49,0.00,0.00,0.00,64.84
08:38:09,7,16.30,0.00,11.96,0.00,0.00,6.52,0.00,0.00,0.00,65.22
08:38:09,12,16.84,0.00,13.68,0.00,0.00,7.37,0.00,0.00,0.00,62.11
08:38:09,13,16.48,0.00,14.29,0.00,0.00,5.49,0.00,0.00,0.00,63.74
08:38:09,14,17.02,0.00,17.02,0.00,0.00,4.26,0.00,0.00,0.00,61.70
08:38:09,15,17.02,0.00,13.83,0.00,0.00,6.38,0.00,0.00,0.00,62.77
08:38:10,4,17.20,0.00,13.98,0.00,0.00,5.38,0.00,0.00,0.00,63.44
08:38:10,5,17.02,0.00,14.89,0.00,0.00,4.26,0.00,0.00,0.00,63.83
08:38:10,6,15.56,0.00,13.33,0.00,0.00,4.44,0.00,0.00,0.00,66.67
08:38:10,7,14.89,0.00,12.77,0.00,0.00,5.32,0.00,0.00,0.00,67.02
08:38:10,12,17.20,0.00,15.05,0.00,0.00,6.45,0.00,0.00,0.00,61.29
08:38:10,13,20.43,0.00,15.05,0.00,0.00,5.38,0.00,0.00,0.00,59.14
08:38:10,14,15.56,0.00,15.56,0.00,0.00,5.56,0.00,0.00,0.00,63.33
08:38:10,15,16.48,0.00,13.19,0.00,0.00,4.40,0.00,0.00,0.00,65.93
08:38:11,4,18.48,0.00,14.13,0.00,0.00,4.35,0.00,0.00,0.00,63.04
08:38:11,5,17.78,0.00,14.44,0.00,0.00,4.44,0.00,0.00,0.00,63.33
08:38:11,6,16.13,0.00,16.13,0.00,0.00,5.38,0.00,0.00,0.00,62.37
08:38:11,7,16.13,0.00,13.98,0.00,0.00,5.38,0.00,0.00,0.00,64.52
08:38:11,12,17.78,0.00,16.67,0.00,0.00,4.44,0.00,0.00,0.00,61.11
08:38:11,13,17.78,0.00,14.44,0.00,0.00,5.56,0.00,0.00,0.00,62.22
08:38:11,14,17.89,0.00,14.74,0.00,0.00,6.32,0.00,0.00,0.00,61.05
08:38:11,15,14.29,0.00,15.38,0.00,0.00,5.49,0.00,0.00,0.00,64.84
08:38:12,4,17.89,0.00,14.74,0.00,0.00,7.37,0.00,0.00,0.00,60.00
08:38:12,5,15.73,0.00,13.48,0.00,0.00,5.62,0.00,0.00,0.00,65.17
08:38:12,6,16.30,0.00,13.04,0.00,0.00,6.52,0.00,0.00,0.00,64.13
08:38:12,7,15.22,0.00,13.04,0.00,0.00,5.43,0.00,0.00,0.00,66.30
08:38:12,12,17.20,0.00,15.05,0.00,0.00,6.45,0.00,0.00,0.00,61.29
08:38:12,13,17.20,0.00,16.13,0.00,0.00,5.38,0.00,0.00,0.00,61.29
08:38:12,14,17.78,0.00,13.33,0.00,0.00,4.44,0.00,0.00,0.00,64.44
08:38:12,15,16.30,0.00,11.96,0.00,0.00,5.43,0.00,0.00,0.00,66.30
08:38:13,4,17.58,0.00,16.48,0.00,0.00,5.49,0.00,0.00,0.00,60.44
08:38:13,5,17.39,0.00,15.22,0.00,0.00,4.35,0.00,0.00,0.00,63.04
08:38:13,6,15.38,0.00,16.48,0.00,0.00,5.49,0.00,0.00,0.00,62.64
08:38:13,7,13.98,0.00,13.98,0.00,0.00,5.38,0.00,0.00,0.00,66.67
08:38:13,12,15.56,0.00,13.33,2.22,0.00,5.56,0.00,0.00,0.00,63.33
08:38:13,13,17.39,0.00,15.22,0.00,0.00,6.52,0.00,0.00,0.00,60.87
08:38:13,14,18.28,0.00,15.05,0.00,0.00,4.30,0.00,0.00,0.00,62.37
08:38:13,15,16.30,0.00,14.13,0.00,0.00,4.35,0.00,0.00,0.00,65.22
08:38:14,4,17.39,0.00,13.04,0.00,0.00,5.43,0.00,0.00,0.00,64.13
08:38:14,5,15.05,0.00,17.20,0.00,0.00,6.45,0.00,0.00,0.00,61.29
08:38:14,6,16.13,0.00,12.90,0.00,0.00,6.45,0.00,0.00,0.00,64.52
08:38:14,7,15.96,0.00,13.83,0.00,0.00,5.32,0.00,0.00,0.00,64.89
08:38:14,12,17.89,0.00,15.79,0.00,0.00,5.26,0.00,0.00,0.00,61.05
08:38:14,13,15.56,0.00,15.56,0.00,0.00,3.33,0.00,0.00,0.00,65.56
08:38:14,14,16.48,0.00,14.29,0.00,0.00,4.40,0.00,0.00,0.00,64.84
08:38:14,15,15.22,0.00,13.04,0.00,0.00,6.52,0.00,0.00,0.00,65.22
08:38:15,4,16.30,0.00,15.22,0.00,0.00,6.52,0.00,0.00,0.00,61.96
08:38:15,5,16.30,0.00,13.04,0.00,0.00,6.52,0.00,0.00,0.00,64.13
08:38:15,6,15.38,0.00,14.29,0.00,0.00,4.40,0.00,0.00,0.00,65.93
08:38:15,7,14.29,0.00,14.29,0.00,0.00,4.40,0.00,0.00,0.00,67.03
08:38:15,12,16.48,0.00,13.19,0.00,0.00,6.59,0.00,0.00,0.00,63.74
08:38:15,13,15.22,0.00,15.22,0.00,0.00,5.43,0.00,0.00,0.00,64.13
08:38:15,14,17.02,0.00,15.96,0.00,0.00,5.32,0.00,0.00,0.00,61.70
08:38:15,15,14.13,0.00,14.13,0.00,0.00,5.43,0.00,0.00,0.00,66.30
08:38:16,4,16.13,0.00,15.05,0.00,0.00,6.45,0.00,0.00,0.00,62.37
08:38:16,5,19.57,0.00,14.13,0.00,0.00,6.52,0.00,0.00,0.00,59.78
08:38:16,6,17.39,0.00,14.13,0.00,0.00,5.43,0.00,0.00,0.00,63.04
08:38:16,7,17.20,0.00,12.90,0.00,0.00,4.30,0.00,0.00,0.00,65.59
08:38:16,12,20.00,0.00,15.79,0.00,0.00,6.32,0.00,0.00,0.00,57.89
08:38:16,13,20.21,0.00,15.96,0.00,0.00,6.38,0.00,0.00,0.00,57.45
08:38:16,14,18.48,0.00,14.13,0.00,0.00,5.43,0.00,0.00,0.00,61.96
08:38:16,15,17.02,0.00,14.89,0.00,0.00,5.32,0.00,0.00,0.00,62.77
08:38:17,4,16.48,0.00,13.19,0.00,0.00,5.49,0.00,0.00,0.00,64.84
08:38:17,5,17.89,0.00,16.84,0.00,0.00,4.21,0.00,0.00,0.00,61.05
08:38:17,6,16.48,0.00,15.38,0.00,0.00,4.40,0.00,0.00,0.00,63.74
08:38:17,7,15.05,0.00,12.90,0.00,0.00,5.38,0.00,0.00,0.00,66.67
08:38:17,12,16.13,0.00,13.98,0.00,0.00,6.45,0.00,0.00,0.00,63.44
08:38:17,13,16.85,0.00,13.48,0.00,0.00,4.49,0.00,0.00,0.00,65.17
08:38:17,14,17.20,0.00,15.05,0.00,0.00,6.45,0.00,0.00,0.00,61.29
08:38:17,15,17.39,0.00,11.96,0.00,0.00,5.43,0.00,0.00,0.00,65.22
08:38:18,4,15.22,0.00,14.13,0.00,0.00,5.43,0.00,0.00,0.00,65.22
08:38:18,5,17.39,0.00,14.13,0.00,0.00,5.43,0.00,0.00,0.00,63.04
08:38:18,6,15.96,0.00,13.83,1.06,0.00,6.38,0.00,0.00,0.00,62.77
08:38:18,7,15.05,0.00,13.98,0.00,0.00,5.38,0.00,0.00,0.00,65.59
08:38:18,12,16.30,0.00,10.87,0.00,0.00,6.52,0.00,0.00,0.00,66.30
08:38:18,13,16.84,0.00,14.74,0.00,0.00,5.26,0.00,0.00,0.00,63.16
08:38:18,14,16.48,0.00,14.29,0.00,0.00,4.40,0.00,0.00,0.00,64.84
08:38:18,15,15.22,0.00,14.13,0.00,0.00,4.35,0.00,0.00,0.00,66.30
08:38:19,4,15.22,0.00,14.13,0.00,0.00,6.52,0.00,0.00,0.00,64.13
08:38:19,5,15.38,0.00,15.38,0.00,0.00,5.49,0.00,0.00,0.00,63.74
08:38:19,6,18.89,0.00,12.22,0.00,0.00,5.56,0.00,0.00,0.00,63.33
08:38:19,7,17.20,0.00,13.98,0.00,0.00,4.30,0.00,0.00,0.00,64.52
08:38:19,12,16.13,0.00,13.98,0.00,0.00,6.45,0.00,0.00,0.00,63.44
08:38:19,13,17.20,0.00,17.20,0.00,0.00,6.45,0.00,0.00,0.00,59.14
08:38:19,14,17.39,0.00,13.04,0.00,0.00,5.43,0.00,0.00,0.00,64.13
08:38:19,15,15.05,0.00,15.05,0.00,0.00,5.38,0.00,0.00,0.00,64.52
08:38:20,4,15.38,0.00,13.19,0.00,0.00,6.59,0.00,0.00,0.00,64.84
08:38:20,5,18.75,0.00,13.54,0.00,0.00,6.25,0.00,0.00,0.00,61.46
08:38:20,6,18.95,0.00,12.63,0.00,0.00,6.32,0.00,0.00,0.00,62.11
08:38:20,7,14.44,0.00,14.44,0.00,0.00,5.56,0.00,0.00,0.00,65.56
08:38:20,12,15.05,0.00,16.13,0.00,0.00,5.38,0.00,0.00,0.00,63.44
08:38:20,13,15.96,0.00,15.96,0.00,0.00,5.32,0.00,0.00,0.00,62.77
08:38:20,14,17.20,0.00,12.90,0.00,0.00,6.45,0.00,0.00,0.00,63.44
08:38:20,15,18.09,0.00,11.70,0.00,0.00,6.38,0.00,0.00,0.00,63.83
08:38:21,4,19.78,0.00,17.58,0.00,0.00,5.49,0.00,0.00,0.00,57.14
08:38:21,5,19.15,0.00,14.89,0.00,0.00,5.32,0.00,0.00,0.00,60.64
08:38:21,6,15.96,0.00,14.89,0.00,0.00,6.38,0.00,0.00,0.00,62.77
08:38:21,7,15.05,0.00,13.98,0.00,0.00,6.45,0.00,0.00,0.00,64.52
08:38:21,12,16.67,0.00,15.56,0.00,0.00,6.67,0.00,0.00,0.00,61.11
08:38:21,13,16.48,0.00,17.58,0.00,0.00,4.40,0.00,0.00,0.00,61.54
08:38:21,14,17.39,0.00,15.22,0.00,0.00,6.52,0.00,0.00,0.00,60.87
08:38:21,15,14.44,0.00,15.56,0.00,0.00,4.44,0.00,0.00,0.00,65.56
08:38:22,4,16.48,0.00,12.09,0.00,0.00,6.59,0.00,0.00,0.00,64.84
08:38:22,5,15.56,0.00,15.56,0.00,0.00,6.67,0.00,0.00,0.00,62.22
08:38:22,6,15.79,0.00,14.74,0.00,0.00,6.32,0.00,0.00,0.00,63.16
08:38:22,7,13.68,0.00,15.79,0.00,0.00,5.26,0.00,0.00,0.00,65.26
08:38:22,12,17.20,0.00,15.05,0.00,0.00,5.38,0.00,0.00,0.00,62.37
08:38:22,13,17.02,0.00,17.02,0.00,0.00,6.38,0.00,0.00,0.00,59.57
08:38:22,14,16.48,0.00,13.19,0.00,0.00,5.49,0.00,0.00,0.00,64.84
08:38:22,15,15.22,0.00,14.13,0.00,0.00,4.35,0.00,0.00,0.00,66.30
08:38:23,4,17.58,0.00,15.38,0.00,0.00,4.40,0.00,0.00,0.00,62.64
08:38:23,5,17.02,0.00,14.89,1.06,0.00,5.32,0.00,0.00,0.00,61.70
08:38:23,6,16.48,0.00,16.48,0.00,0.00,4.40,0.00,0.00,0.00,62.64
08:38:23,7,16.13,0.00,12.90,0.00,0.00,6.45,0.00,0.00,0.00,64.52
08:38:23,12,16.30,0.00,14.13,0.00,0.00,6.52,0.00,0.00,0.00,63.04
08:38:23,13,17.89,0.00,14.74,0.00,0.00,5.26,0.00,0.00,0.00,62.11
08:38:23,14,14.44,0.00,14.44,0.00,0.00,5.56,0.00,0.00,0.00,65.56
08:38:23,15,15.22,0.00,14.13,0.00,0.00,5.43,0.00,0.00,0.00,65.22
08:38:24,4,15.96,0.00,13.83,0.00,0.00,6.38,0.00,0.00,0.00,63.83
08:38:24,5,14.61,0.00,16.85,0.00,0.00,6.74,0.00,0.00,0.00,61.80
08:38:24,6,16.48,0.00,12.09,0.00,0.00,6.59,0.00,0.00,0.00,64.84
08:38:24,7,16.30,0.00,14.13,0.00,0.00,4.35,0.00,0.00,0.00,65.22
08:38:24,12,17.20,0.00,15.05,0.00,0.00,5.38,0.00,0.00,0.00,62.37
08:38:24,13,16.48,0.00,15.38,0.00,0.00,5.49,0.00,0.00,0.00,62.64
08:38:24,14,18.28,0.00,12.90,0.00,0.00,5.38,0.00,0.00,0.00,63.44
08:38:24,15,17.20,0.00,13.98,0.00,0.00,5.38,0.00,0.00,0.00,63.44
08:38:25,4,18.48,0.00,13.04,0.00,0.00,5.43,0.00,0.00,0.00,63.04
08:38:25,5,15.79,0.00,17.89,0.00,0.00,5.26,0.00,0.00,0.00,61.05
08:38:25,6,18.28,0.00,13.98,0.00,0.00,5.38,0.00,0.00,0.00,62.37
08:38:25,7,15.22,0.00,15.22,0.00,0.00,5.43,0.00,0.00,0.00,64.13
08:38:25,12,15.79,0.00,16.84,0.00,0.00,6.32,0.00,0.00,0.00,61.05
08:38:25,13,17.39,0.00,15.22,0.00,0.00,4.35,0.00,0.00,0.00,63.04
08:38:25,14,16.30,0.00,16.30,0.00,0.00,4.35,0.00,0.00,0.00,63.04
08:38:25,15,15.22,0.00,15.22,0.00,0.00,5.43,0.00,0.00,0.00,64.13
08:38:26,4,20.88,0.00,14.29,0.00,0.00,4.40,0.00,0.00,0.00,60.44
08:38:26,5,18.48,0.00,16.30,0.00,0.00,5.43,0.00,0.00,0.00,59.78
08:38:26,6,15.38,0.00,15.38,0.00,0.00,5.49,0.00,0.00,0.00,63.74
08:38:26,7,13.04,0.00,15.22,0.00,0.00,5.43,0.00,0.00,0.00,66.30
08:38:26,12,17.58,0.00,15.38,0.00,0.00,5.49,0.00,0.00,0.00,61.54
08:38:26,13,17.78,0.00,15.56,0.00,0.00,5.56,0.00,0.00,0.00,61.11
08:38:26,14,18.68,0.00,14.29,0.00,0.00,4.40,0.00,0.00,0.00,62.64
08:38:26,15,14.13,0.00,15.22,0.00,0.00,4.35,0.00,0.00,0.00,66.30
08:38:27,4,18.09,0.00,12.77,0.00,0.00,6.38,0.00,0.00,0.00,62.77
08:38:27,5,15.22,0.00,15.22,0.00,0.00,6.52,0.00,0.00,0.00,63.04
08:38:27,6,18.09,0.00,12.77,0.00,0.00,5.32,0.00,0.00,0.00,63.83
08:38:27,7,17.02,0.00,11.70,0.00,0.00,5.32,0.00,0.00,0.00,65.96
08:38:27,12,15.38,0.00,13.19,0.00,0.00,6.59,0.00,0.00,0.00,64.84
08:38:27,13,15.22,0.00,14.13,0.00,0.00,6.52,0.00,0.00,0.00,64.13
08:38:27,14,17.02,0.00,13.83,0.00,0.00,5.32,0.00,0.00,0.00,63.83
08:38:27,15,14.89,0.00,13.83,0.00,0.00,6.38,0.00,0.00,0.00,64.89
08:38:28,4,20.21,0.00,14.89,0.00,0.00,5.32,0.00,0.00,0.00,59.57
08:38:28,5,16.30,0.00,14.13,0.00,0.00,6.52,0.00,0.00,0.00,63.04
08:38:28,6,15.22,0.00,15.22,0.00,0.00,4.35,0.00,0.00,0.00,65.22
08:38:28,7,14.29,0.00,13.19,0.00,0.00,4.40,0.00,0.00,0.00,68.13
08:38:28,12,17.78,0.00,14.44,0.00,0.00,4.44,0.00,0.00,0.00,63.33
08:38:28,13,17.39,0.00,16.30,0.00,0.00,5.43,0.00,0.00,0.00,60.87
08:38:28,14,16.67,0.00,13.33,0.00,0.00,6.67,0.00,0.00,0.00,63.33
08:38:28,15,15.22,0.00,13.04,0.00,0.00,6.52,0.00,0.00,0.00,65.22
08:38:29,4,15.96,0.00,14.89,0.00,0.00,6.38,0.00,0.00,0.00,62.77
08:38:29,5,14.44,0.00,13.33,0.00,0.00,5.56,0.00,0.00,0.00,66.67
08:38:29,6,15.38,0.00,15.38,0.00,0.00,5.49,0.00,0.00,0.00,63.74
08:38:29,7,13.98,0.00,13.98,0.00,0.00,6.45,0.00,0.00,0.00,65.59
08:38:29,12,18.09,0.00,13.83,0.00,0.00,5.32,0.00,0.00,0.00,62.77
08:38:29,13,16.13,0.00,15.05,0.00,0.00,6.45,0.00,0.00,0.00,62.37
08:38:29,14,18.28,0.00,13.98,0.00,0.00,4.30,0.00,0.00,0.00,63.44
08:38:29,15,15.22,0.00,14.13,0.00,0.00,5.43,0.00,0.00,0.00,65.22
08:38:30,4,16.48,0.00,13.19,0.00,0.00,4.40,0.00,0.00,0.00,65.93
08:38:30,5,16.13,0.00,16.13,0.00,0.00,5.38,0.00,0.00,0.00,62.37
08:38:30,6,15.05,0.00,16.13,0.00,0.00,5.38,0.00,0.00,0.00,63.44
08:38:30,7,15.62,0.00,14.58,0.00,0.00,7.29,0.00,0.00,0.00,62.50
08:38:30,12,17.39,0.00,14.13,0.00,0.00,4.35,0.00,0.00,0.00,64.13
08:38:30,13,14.29,0.00,13.19,0.00,0.00,6.59,0.00,0.00,0.00,65.93
08:38:30,14,16.13,0.00,12.90,0.00,0.00,6.45,0.00,0.00,0.00,64.52
08:38:30,15,14.44,0.00,13.33,0.00,0.00,6.67,0.00,0.00,0.00,65.56
08:38:31,4,14.74,0.00,16.84,0.00,0.00,7.37,0.00,0.00,0.00,61.05
08:38:31,5,19.57,0.00,15.22,0.00,0.00,5.43,0.00,0.00,0.00,59.78
08:38:31,6,16.48,0.00,17.58,0.00,0.00,4.40,0.00,0.00,0.00,61.54
08:38:31,7,14.89,0.00,13.83,0.00,0.00,6.38,0.00,0.00,0.00,64.89
08:38:31,12,17.58,0.00,13.19,0.00,0.00,5.49,0.00,0.00,0.00,63.74
08:38:31,13,19.35,0.00,16.13,0.00,0.00,5.38,0.00,0.00,0.00,59.14
08:38:31,14,17.58,0.00,15.38,0.00,0.00,5.49,0.00,0.00,0.00,61.54
08:38:31,15,15.05,0.00,16.13,0.00,0.00,5.38,0.00,0.00,0.00,63.44
08:38:32,4,16.85,0.00,15.73,0.00,0.00,4.49,0.00,0.00,0.00,62.92
08:38:32,5,17.20,0.00,16.13,0.00,0.00,5.38,0.00,0.00,0.00,61.29
08:38:32,6,17.58,0.00,13.19,0.00,0.00,5.49,0.00,0.00,0.00,63.74
08:38:32,7,13.19,0.00,16.48,0.00,0.00,4.40,0.00,0.00,0.00,65.93
08:38:32,12,15.96,0.00,17.02,0.00,0.00,5.32,0.00,0.00,0.00,61.70
08:38:32,13,18.48,0.00,15.22,0.00,0.00,5.43,0.00,0.00,0.00,60.87
08:38:32,14,17.58,0.00,13.19,0.00,0.00,4.40,0.00,0.00,0.00,64.84
08:38:32,15,16.67,0.00,14.58,0.00,0.00,6.25,0.00,0.00,0.00,62.50
08:38:33,4,17.20,0.00,12.90,0.00,0.00,6.45,0.00,0.00,0.00,63.44
08:38:33,5,15.05,0.00,19.35,0.00,0.00,6.45,0.00,0.00,0.00,59.14
08:38:33,6,17.58,0.00,14.29,1.10,0.00,5.49,0.00,0.00,0.00,61.54
08:38:33,7,15.38,0.00,13.19,0.00,0.00,4.40,0.00,0.00,0.00,67.03
08:38:33,12,16.13,0.00,16.13,0.00,0.00,6.45,0.00,0.00,0.00,61.29
08:38:33,13,16.67,0.00,15.56,0.00,0.00,5.56,0.00,0.00,0.00,62.22
08:38:33,14,17.02,0.00,13.83,0.00,0.00,6.38,0.00,0.00,0.00,62.77
08:38:33,15,15.22,0.00,13.04,0.00,0.00,6.52,0.00,0.00,0.00,65.22
08:38:34,4,18.09,0.00,14.89,0.00,0.00,4.26,0.00,0.00,0.00,62.77
08:38:34,5,17.20,0.00,16.13,0.00,0.00,3.23,0.00,0.00,0.00,63.44
08:38:34,6,16.30,0.00,14.13,0.00,0.00,4.35,0.00,0.00,0.00,65.22
08:38:34,7,15.05,0.00,12.90,0.00,0.00,4.30,0.00,0.00,0.00,67.74
08:38:34,12,16.67,0.00,15.56,0.00,0.00,5.56,0.00,0.00,0.00,62.22
08:38:34,13,17.02,0.00,15.96,0.00,0.00,6.38,0.00,0.00,0.00,60.64
08:38:34,14,16.48,0.00,14.29,0.00,0.00,4.40,0.00,0.00,0.00,64.84
08:38:34,15,14.13,0.00,14.13,0.00,0.00,5.43,0.00,0.00,0.00,66.30
08:38:35,4,15.56,0.00,14.44,0.00,0.00,5.56,0.00,0.00,0.00,64.44
08:38:35,5,15.56,0.00,12.22,0.00,0.00,6.67,0.00,0.00,0.00,65.56
08:38:35,6,17.89,0.00,15.79,0.00,0.00,5.26,0.00,0.00,0.00,61.05
08:38:35,7,15.79,0.00,13.68,0.00,0.00,6.32,0.00,0.00,0.00,64.21
08:38:35,12,14.29,0.00,15.38,0.00,0.00,4.40,0.00,0.00,0.00,65.93
08:38:35,13,16.48,0.00,14.29,0.00,0.00,6.59,0.00,0.00,0.00,62.64
08:38:35,14,17.58,0.00,14.29,0.00,0.00,4.40,0.00,0.00,0.00,63.74
08:38:35,15,15.56,0.00,13.33,0.00,0.00,4.44,0.00,0.00,0.00,66.67
08:38:36,4,18.95,0.00,16.84,0.00,0.00,5.26,0.00,0.00,0.00,58.95
08:38:36,5,17.20,0.00,15.05,0.00,0.00,6.45,0.00,0.00,0.00,61.29
08:38:36,6,18.68,0.00,13.19,0.00,0.00,3.30,0.00,0.00,0.00,64.84
08:38:36,7,17.20,0.00,12.90,0.00,0.00,5.38,0.00,0.00,0.00,64.52
08:38:36,12,18.28,0.00,18.28,0.00,0.00,6.45,0.00,0.00,0.00,56.99
08:38:36,13,19.79,0.00,16.67,0.00,0.00,5.21,0.00,0.00,0.00,58.33
08:38:36,14,19.15,0.00,13.83,0.00,0.00,6.38,0.00,0.00,0.00,60.64
08:38:36,15,17.20,0.00,15.05,0.00,0.00,5.38,0.00,0.00,0.00,62.37
08:38:37,4,16.30,0.00,16.30,0.00,0.00,5.43,0.00,0.00,0.00,61.96
08:38:37,5,16.30,0.00,15.22,0.00,0.00,4.35,0.00,0.00,0.00,64.13
08:38:37,6,16.30,0.00,14.13,0.00,0.00,6.52,0.00,0.00,0.00,63.04
08:38:37,7,13.98,0.00,15.05,0.00,0.00,5.38,0.00,0.00,0.00,65.59
08:38:37,12,16.13,0.00,13.98,0.00,0.00,6.45,0.00,0.00,0.00,63.44
08:38:37,13,18.28,0.00,15.05,0.00,0.00,4.30,0.00,0.00,0.00,62.37
08:38:37,14,16.67,0.00,13.33,0.00,0.00,5.56,0.00,0.00,0.00,64.44
08:38:37,15,15.22,0.00,13.04,0.00,0.00,4.35,0.00,0.00,0.00,67.39
08:38:38,4,16.30,0.00,15.22,0.00,0.00,5.43,0.00,0.00,0.00,63.04
08:38:38,5,16.30,0.00,17.39,0.00,0.00,6.52,0.00,0.00,0.00,59.78
08:38:38,6,15.73,0.00,14.61,0.00,0.00,4.49,0.00,0.00,0.00,65.17
08:38:38,7,13.04,0.00,14.13,0.00,0.00,4.35,0.00,0.00,0.00,68.48
08:38:38,12,17.39,0.00,15.22,1.09,0.00,5.43,0.00,0.00,0.00,60.87
08:38:38,13,18.09,0.00,14.89,0.00,0.00,4.26,0.00,0.00,0.00,62.77
08:38:38,14,17.02,0.00,15.96,0.00,0.00,5.32,0.00,0.00,0.00,61.70
08:38:38,15,15.05,0.00,12.90,0.00,0.00,5.38,0.00,0.00,0.00,66.67
08:38:39,4,15.96,0.00,15.96,0.00,0.00,6.38,0.00,0.00,0.00,61.70
08:38:39,5,18.28,0.00,13.98,0.00,0.00,5.38,0.00,0.00,0.00,62.37
08:38:39,6,16.30,0.00,15.22,0.00,0.00,6.52,0.00,0.00,0.00,61.96
08:38:39,7,15.56,0.00,13.33,0.00,0.00,4.44,0.00,0.00,0.00,66.67
08:38:39,12,14.89,0.00,17.02,0.00,0.00,6.38,0.00,0.00,0.00,61.70
08:38:39,13,16.30,0.00,15.22,0.00,0.00,7.61,0.00,0.00,0.00,60.87
08:38:39,14,17.78,0.00,11.11,0.00,0.00,5.56,0.00,0.00,0.00,65.56
08:38:39,15,16.67,0.00,12.22,0.00,0.00,5.56,0.00,0.00,0.00,65.56
08:38:40,4,17.20,0.00,12.90,0.00,0.00,7.53,0.00,0.00,0.00,62.37
08:38:40,5,15.38,0.00,14.29,0.00,0.00,6.59,0.00,0.00,0.00,63.74
08:38:40,6,16.48,0.00,14.29,0.00,0.00,4.40,0.00,0.00,0.00,64.84
08:38:40,7,14.29,0.00,14.29,0.00,0.00,5.49,0.00,0.00,0.00,65.93
08:38:40,12,15.22,0.00,15.22,0.00,0.00,5.43,0.00,0.00,0.00,64.13
08:38:40,13,19.15,0.00,13.83,0.00,0.00,4.26,0.00,0.00,0.00,62.77
08:38:40,14,18.89,0.00,12.22,0.00,0.00,4.44,0.00,0.00,0.00,64.44
08:38:40,15,16.13,0.00,13.98,0.00,0.00,5.38,0.00,0.00,0.00,64.52
08:38:41,4,15.05,0.00,15.05,0.00,0.00,5.38,0.00,0.00,0.00,64.52
08:38:41,5,16.85,0.00,14.61,0.00,0.00,5.62,0.00,0.00,0.00,62.92
08:38:41,6,15.73,0.00,12.36,0.00,0.00,5.62,0.00,0.00,0.00,66.29
08:38:41,7,15.22,0.00,14.13,0.00,0.00,5.43,0.00,0.00,0.00,65.22
08:38:41,12,17.71,0.00,14.58,0.00,0.00,6.25,0.00,0.00,0.00,61.46
08:38:41,13,17.98,0.00,12.36,0.00,0.00,4.49,0.00,0.00,0.00,65.17
08:38:41,14,18.09,0.00,12.77,0.00,0.00,6.38,0.00,0.00,0.00,62.77
08:38:41,15,12.22,0.00,15.56,0.00,0.00,4.44,0.00,0.00,0.00,67.78
08:38:42,4,18.28,0.00,15.05,0.00,0.00,5.38,0.00,0.00,0.00,61.29
08:38:42,5,18.28,0.00,15.05,0.00,0.00,6.45,0.00,0.00,0.00,60.22
08:38:42,6,18.28,0.00,13.98,0.00,0.00,6.45,0.00,0.00,0.00,61.29
08:38:42,7,17.39,0.00,14.13,0.00,0.00,3.26,0.00,0.00,0.00,65.22
08:38:42,12,17.58,0.00,15.38,0.00,0.00,5.49,0.00,0.00,0.00,61.54
08:38:42,13,18.68,0.00,16.48,0.00,0.00,6.59,0.00,0.00,0.00,58.24
08:38:42,14,17.58,0.00,15.38,0.00,0.00,5.49,0.00,0.00,0.00,61.54
08:38:42,15,16.67,0.00,13.33,0.00,0.00,4.44,0.00,0.00,0.00,65.56
08:38:43,4,15.96,0.00,14.89,0.00,0.00,4.26,0.00,0.00,0.00,64.89
08:38:43,5,15.56,0.00,13.33,0.00,0.00,4.44,0.00,0.00,0.00,66.67
08:38:43,6,14.44,0.00,13.33,0.00,0.00,5.56,0.00,0.00,0.00,66.67
08:38:43,7,15.79,0.00,13.68,0.00,0.00,5.26,0.00,0.00,0.00,65.26
08:38:43,12,15.05,0.00,13.98,0.00,0.00,6.45,0.00,0.00,0.00,64.52
08:38:43,13,14.29,0.00,15.38,0.00,0.00,5.49,0.00,0.00,0.00,64.84
08:38:43,14,16.48,0.00,13.19,0.00,0.00,4.40,0.00,0.00,0.00,65.93
08:38:43,15,15.38,0.00,13.19,2.20,0.00,5.49,0.00,0.00,0.00,63.74
08:38:44,4,17.58,0.00,13.19,0.00,0.00,3.30,0.00,0.00,0.00,65.93
08:38:44,5,14.29,0.00,16.48,0.00,0.00,6.59,0.00,0.00,0.00,62.64
08:38:44,6,17.02,0.00,13.83,0.00,0.00,6.38,0.00,0.00,0.00,62.77
08:38:44,7,15.05,0.00,15.05,0.00,0.00,5.38,0.00,0.00,0.00,64.52
08:38:44,12,15.38,0.00,13.19,0.00,0.00,6.59,0.00,0.00,0.00,64.84
08:38:44,13,17.39,0.00,11.96,0.00,0.00,6.52,0.00,0.00,0.00,64.13
08:38:44,14,16.13,0.00,13.98,0.00,0.00,5.38,0.00,0.00,0.00,64.52
08:38:44,15,16.84,0.00,13.68,0.00,0.00,5.26,0.00,0.00,0.00,64.21
08:38:45,4,21.11,0.00,24.44,0.00,0.00,4.44,0.00,0.00,0.00,50.00
08:38:45,5,20.21,0.00,26.60,0.00,0.00,4.26,0.00,0.00,0.00,48.94
08:38:45,6,15.73,0.00,15.73,1.12,0.00,5.62,0.00,0.00,0.00,61.80
08:38:45,7,17.78,0.00,14.44,2.22,0.00,5.56,0.00,0.00,0.00,60.00
08:38:45,12,18.68,0.00,14.29,0.00,0.00,6.59,0.00,0.00,0.00,60.44
08:38:45,13,20.22,0.00,13.48,0.00,0.00,4.49,0.00,0.00,0.00,61.80
08:38:45,14,18.68,0.00,18.68,0.00,0.00,4.40,0.00,0.00,0.00,58.24
08:38:45,15,18.48,0.00,14.13,0.00,0.00,7.61,0.00,0.00,0.00,59.78
08:38:46,4,15.05,0.00,15.05,0.00,0.00,6.45,0.00,0.00,0.00,63.44
08:38:46,5,17.39,0.00,16.30,0.00,0.00,5.43,0.00,0.00,0.00,60.87
08:38:46,6,17.39,0.00,13.04,0.00,0.00,5.43,0.00,0.00,0.00,64.13
08:38:46,7,14.29,0.00,14.29,0.00,0.00,5.49,0.00,0.00,0.00,65.93
08:38:46,12,18.09,0.00,13.83,0.00,0.00,5.32,0.00,0.00,0.00,62.77
08:38:46,13,17.89,0.00,12.63,0.00,0.00,6.32,0.00,0.00,0.00,63.16
08:38:46,14,16.30,0.00,13.04,0.00,0.00,5.43,0.00,0.00,0.00,65.22
08:38:46,15,15.22,0.00,14.13,0.00,0.00,5.43,0.00,0.00,0.00,65.22
08:38:47,4,16.48,0.00,14.29,0.00,0.00,5.49,0.00,0.00,0.00,63.74
08:38:47,5,21.74,0.00,14.13,0.00,0.00,5.43,0.00,0.00,0.00,58.70
08:38:47,6,18.09,0.00,14.89,0.00,0.00,6.38,0.00,0.00,0.00,60.64
08:38:47,7,14.29,0.00,12.09,0.00,0.00,4.40,0.00,0.00,0.00,69.23
08:38:47,12,16.48,0.00,16.48,0.00,0.00,5.49,0.00,0.00,0.00,61.54
08:38:47,13,16.67,0.00,17.78,0.00,0.00,5.56,0.00,0.00,0.00,60.00
08:38:47,14,18.68,0.00,14.29,0.00,0.00,5.49,0.00,0.00,0.00,61.54
08:38:47,15,15.05,0.00,15.05,0.00,0.00,5.38,0.00,0.00,0.00,64.52
08:38:48,4,16.84,0.00,14.74,0.00,0.00,5.26,0.00,0.00,0.00,63.16
08:38:48,5,17.58,0.00,15.38,0.00,0.00,4.40,0.00,0.00,0.00,62.64
08:38:48,6,17.39,0.00,11.96,0.00,0.00,5.43,0.00,0.00,0.00,65.22
08:38:48,7,12.90,0.00,15.05,0.00,0.00,6.45,0.00,0.00,0.00,65.59
08:38:48,12,15.38,0.00,15.38,0.00,0.00,4.40,0.00,0.00,0.00,64.84
08:38:48,13,16.30,0.00,11.96,0.00,0.00,7.61,0.00,0.00,0.00,64.13
08:38:48,14,17.89,0.00,14.74,0.00,0.00,5.26,0.00,0.00,0.00,62.11
08:38:48,15,16.30,0.00,13.04,0.00,0.00,4.35,0.00,0.00,0.00,66.30
08:38:49,4,17.78,0.00,14.44,0.00,0.00,4.44,0.00,0.00,0.00,63.33
08:38:49,5,17.02,0.00,14.89,0.00,0.00,6.38,0.00,0.00,0.00,61.70
08:38:49,6,17.58,0.00,10.99,0.00,0.00,6.59,0.00,0.00,0.00,64.84
08:38:49,7,16.30,0.00,11.96,0.00,0.00,5.43,0.00,0.00,0.00,66.30
08:38:49,12,15.22,0.00,17.39,0.00,0.00,5.43,0.00,0.00,0.00,61.96
08:38:49,13,18.89,0.00,14.44,0.00,0.00,4.44,0.00,0.00,0.00,62.22
08:38:49,14,17.02,0.00,14.89,0.00,0.00,7.45,0.00,0.00,0.00,60.64
08:38:49,15,17.39,0.00,13.04,1.09,0.00,5.43,0.00,0.00,0.00,63.04
08:38:50,4,18.48,0.00,11.96,0.00,0.00,6.52,0.00,0.00,0.00,63.04
08:38:50,5,17.02,0.00,15.96,0.00,0.00,7.45,0.00,0.00,0.00,59.57
08:38:50,6,16.30,0.00,13.04,0.00,0.00,6.52,0.00,0.00,0.00,64.13
08:38:50,7,11.96,0.00,15.22,0.00,0.00,5.43,0.00,0.00,0.00,67.39
08:38:50,12,15.22,0.00,15.22,0.00,0.00,5.43,0.00,0.00,0.00,64.13
08:38:50,13,16.13,0.00,13.98,0.00,0.00,7.53,0.00,0.00,0.00,62.37
08:38:50,14,15.38,0.00,15.38,0.00,0.00,5.49,0.00,0.00,0.00,63.74
08:38:50,15,14.74,0.00,13.68,0.00,0.00,6.32,0.00,0.00,0.00,65.26
08:38:51,4,18.68,0.00,12.09,0.00,0.00,5.49,0.00,0.00,0.00,63.74
08:38:51,5,14.44,0.00,15.56,0.00,0.00,5.56,0.00,0.00,0.00,64.44
08:38:51,6,14.13,0.00,16.30,0.00,0.00,4.35,0.00,0.00,0.00,65.22
08:38:51,7,14.44,0.00,11.11,0.00,0.00,5.56,0.00,0.00,0.00,68.89
08:38:51,12,17.39,0.00,17.39,1.09,0.00,4.35,0.00,0.00,0.00,59.78
08:38:51,13,17.58,0.00,15.38,0.00,0.00,5.49,0.00,0.00,0.00,61.54
08:38:51,14,17.39,0.00,14.13,0.00,0.00,5.43,0.00,0.00,0.00,63.04
08:38:51,15,16.48,0.00,13.19,0.00,0.00,6.59,0.00,0.00,0.00,63.74
08:38:52,4,20.88,0.00,12.09,0.00,0.00,4.40,0.00,0.00,0.00,62.64
08:38:52,5,19.15,0.00,17.02,0.00,0.00,5.32,0.00,0.00,0.00,58.51
08:38:52,6,17.98,0.00,12.36,0.00,0.00,4.49,0.00,0.00,0.00,65.17
08:38:52,7,14.13,0.00,15.22,0.00,0.00,6.52,0.00,0.00,0.00,64.13
08:38:52,12,19.35,0.00,15.05,0.00,0.00,6.45,0.00,0.00,0.00,59.14
08:38:52,13,21.11,0.00,14.44,0.00,0.00,5.56,0.00,0.00,0.00,58.89
08:38:52,14,16.67,0.00,16.67,0.00,0.00,5.56,0.00,0.00,0.00,61.11
08:38:52,15,17.02,0.00,14.89,0.00,0.00,6.38,0.00,0.00,0.00,61.70
08:38:53,4,15.96,0.00,14.89,0.00,0.00,5.32,0.00,0.00,0.00,63.83
08:38:53,5,13.33,0.00,17.78,0.00,0.00,4.44,0.00,0.00,0.00,64.44
08:38:53,6,16.30,0.00,13.04,0.00,0.00,6.52,0.00,0.00,0.00,64.13
08:38:53,7,16.48,0.00,13.19,0.00,0.00,4.40,0.00,0.00,0.00,65.93
08:38:53,12,17.39,0.00,11.96,0.00,0.00,5.43,0.00,0.00,0.00,65.22
08:38:53,13,19.15,0.00,12.77,0.00,0.00,5.32,0.00,0.00,0.00,62.77
08:38:53,14,18.09,0.00,14.89,0.00,0.00,5.32,0.00,0.00,0.00,61.70
08:38:53,15,15.96,0.00,13.83,0.00,0.00,6.38,0.00,0.00,0.00,63.83
08:38:54,4,18.68,0.00,14.29,0.00,0.00,4.40,0.00,0.00,0.00,62.64
08:38:54,5,15.56,0.00,14.44,0.00,0.00,4.44,0.00,0.00,0.00,65.56
08:38:54,6,15.22,0.00,14.13,0.00,0.00,6.52,0.00,0.00,0.00,64.13
08:38:54,7,13.83,0.00,12.77,0.00,0.00,6.38,0.00,0.00,0.00,67.02
08:38:54,12,18.89,0.00,12.22,0.00,0.00,5.56,0.00,0.00,0.00,63.33
08:38:54,13,16.48,0.00,15.38,0.00,0.00,6.59,0.00,0.00,0.00,61.54
08:38:54,14,18.28,0.00,17.20,0.00,0.00,4.30,0.00,0.00,0.00,60.22
08:38:54,15,13.19,0.00,14.29,0.00,0.00,5.49,0.00,0.00,0.00,67.03
08:38:55,4,16.13,0.00,15.05,0.00,0.00,5.38,0.00,0.00,0.00,63.44
08:38:55,5,17.39,0.00,15.22,0.00,0.00,5.43,0.00,0.00,0.00,61.96
08:38:55,6,16.48,0.00,13.19,0.00,0.00,5.49,0.00,0.00,0.00,64.84
08:38:55,7,15.79,0.00,13.68,0.00,0.00,5.26,0.00,0.00,0.00,65.26
08:38:55,12,17.20,0.00,13.98,0.00,0.00,5.38,0.00,0.00,0.00,63.44
08:38:55,13,16.67,0.00,12.22,0.00,0.00,5.56,0.00,0.00,0.00,65.56
08:38:55,14,17.39,0.00,13.04,0.00,0.00,6.52,0.00,0.00,0.00,63.04
08:38:55,15,16.67,0.00,15.62,0.00,0.00,4.17,0.00,0.00,0.00,63.54
08:38:56,4,17.39,0.00,14.13,0.00,0.00,5.43,0.00,0.00,0.00,63.04
08:38:56,5,17.58,0.00,13.19,0.00,0.00,5.49,0.00,0.00,0.00,63.74
08:38:56,6,17.20,0.00,16.13,1.08,0.00,5.38,0.00,0.00,0.00,60.22
08:38:56,7,14.89,0.00,15.96,0.00,0.00,5.32,0.00,0.00,0.00,63.83
08:38:56,12,16.13,0.00,16.13,0.00,0.00,4.30,0.00,0.00,0.00,63.44
08:38:56,13,16.67,0.00,15.56,1.11,0.00,5.56,0.00,0.00,0.00,61.11
08:38:56,14,16.67,0.00,13.33,0.00,0.00,5.56,0.00,0.00,0.00,64.44
08:38:56,15,15.73,0.00,12.36,0.00,0.00,5.62,0.00,0.00,0.00,66.29
08:38:57,4,20.65,0.00,10.87,0.00,0.00,5.43,0.00,0.00,0.00,63.04
08:38:57,5,15.96,0.00,15.96,0.00,0.00,6.38,0.00,0.00,0.00,61.70
08:38:57,6,19.57,0.00,16.30,0.00,0.00,4.35,0.00,0.00,0.00,59.78
08:38:57,7,14.89,0.00,14.89,0.00,0.00,5.32,0.00,0.00,0.00,64.89
08:38:57,12,16.13,0.00,15.05,0.00,0.00,7.53,0.00,0.00,0.00,61.29
08:38:57,13,15.38,0.00,14.29,0.00,0.00,5.49,0.00,0.00,0.00,64.84
08:38:57,14,16.13,0.00,16.13,0.00,0.00,6.45,0.00,0.00,0.00,61.29
08:38:57,15,15.79,0.00,15.79,0.00,0.00,6.32,0.00,0.00,0.00,62.11
08:38:58,4,18.48,0.00,15.22,0.00,0.00,4.35,0.00,0.00,0.00,61.96
08:38:58,5,19.35,0.00,16.13,0.00,0.00,5.38,0.00,0.00,0.00,59.14
08:38:58,6,16.48,0.00,14.29,0.00,0.00,4.40,0.00,0.00,0.00,64.84
08:38:58,7,16.30,0.00,14.13,0.00,0.00,4.35,0.00,0.00,0.00,65.22
08:38:58,12,15.05,0.00,16.13,0.00,0.00,6.45,0.00,0.00,0.00,62.37
08:38:58,13,18.48,0.00,15.22,0.00,0.00,5.43,0.00,0.00,0.00,60.87
08:38:58,14,14.94,0.00,13.79,0.00,0.00,5.75,0.00,0.00,0.00,65.52
08:38:58,15,14.13,0.00,16.30,0.00,0.00,4.35,0.00,0.00,0.00,65.22
08:38:59,4,17.58,0.00,13.19,0.00,0.00,6.59,0.00,0.00,0.00,62.64
08:38:59,5,15.73,0.00,13.48,0.00,0.00,5.62,0.00,0.00,0.00,65.17
08:38:59,6,15.96,0.00,14.89,0.00,0.00,6.38,0.00,0.00,0.00,62.77
08:38:59,7,14.89,0.00,15.96,0.00,0.00,5.32,0.00,0.00,0.00,63.83
08:38:59,12,16.13,0.00,15.05,0.00,0.00,5.38,0.00,0.00,0.00,63.44
08:38:59,13,17.58,0.00,14.29,0.00,0.00,4.40,0.00,0.00,0.00,63.74
08:38:59,14,16.13,0.00,13.98,0.00,0.00,5.38,0.00,0.00,0.00,64.52
08:38:59,15,13.33,0.00,13.33,0.00,0.00,5.56,0.00,0.00,0.00,67.78
08:39:00,4,17.39,0.00,14.13,0.00,0.00,5.43,0.00,0.00,0.00,63.04
08:39:00,5,15.05,0.00,17.20,0.00,0.00,6.45,0.00,0.00,0.00,61.29
08:39:00,6,18.68,0.00,14.29,0.00,0.00,3.30,0.00,0.00,0.00,63.74
08:39:00,7,15.22,0.00,13.04,0.00,0.00,4.35,0.00,0.00,0.00,67.39
08:39:00,12,17.20,0.00,12.90,0.00,0.00,5.38,0.00,0.00,0.00,64.52
08:39:00,13,16.13,0.00,15.05,0.00,0.00,6.45,0.00,0.00,0.00,62.37
08:39:00,14,16.67,0.00,13.33,0.00,0.00,5.56,0.00,0.00,0.00,64.44
08:39:00,15,15.79,0.00,13.68,0.00,0.00,5.26,0.00,0.00,0.00,65.26
08:39:01,4,18.09,0.00,15.96,0.00,0.00,6.38,0.00,0.00,0.00,59.57
08:39:01,5,18.48,0.00,14.13,0.00,0.00,5.43,0.00,0.00,0.00,61.96
08:39:01,6,17.39,0.00,13.04,0.00,0.00,5.43,0.00,0.00,0.00,64.13
08:39:01,7,14.13,0.00,14.13,0.00,0.00,5.43,0.00,0.00,0.00,66.30
08:39:01,12,18.09,0.00,14.89,0.00,0.00,5.32,0.00,0.00,0.00,61.70
08:39:01,13,17.78,0.00,16.67,1.11,0.00,5.56,0.00,0.00,0.00,58.89
08:39:01,14,17.20,0.00,16.13,0.00,0.00,5.38,0.00,0.00,0.00,61.29
08:39:01,15,15.22,0.00,14.13,0.00,0.00,5.43,0.00,0.00,0.00,65.22
08:39:02,4,18.68,0.00,14.29,0.00,0.00,4.40,0.00,0.00,0.00,62.64
08:39:02,5,18.68,0.00,15.38,0.00,0.00,5.49,0.00,0.00,0.00,60.44
08:39:02,6,16.13,0.00,15.05,0.00,0.00,5.38,0.00,0.00,0.00,63.44
08:39:02,7,15.96,0.00,12.77,0.00,0.00,5.32,0.00,0.00,0.00,65.96
08:39:02,12,15.56,0.00,15.56,0.00,0.00,5.56,0.00,0.00,0.00,63.33
08:39:02,13,19.57,0.00,19.57,0.00,0.00,4.35,0.00,0.00,0.00,56.52
08:39:02,14,18.48,0.00,16.30,0.00,0.00,4.35,0.00,0.00,0.00,60.87
08:39:02,15,14.89,0.00,15.96,0.00,0.00,5.32,0.00,0.00,0.00,63.83
08:39:03,4,17.89,0.00,12.63,0.00,0.00,6.32,0.00,0.00,0.00,63.16
08:39:03,5,17.02,0.00,15.96,0.00,0.00,4.26,0.00,0.00,0.00,62.77
08:39:03,6,17.78,0.00,13.33,0.00,0.00,4.44,0.00,0.00,0.00,64.44
08:39:03,7,15.05,0.00,13.98,0.00,0.00,6.45,0.00,0.00,0.00,64.52
08:39:03,12,17.39,0.00,13.04,0.00,0.00,5.43,0.00,0.00,0.00,64.13
08:39:03,13,15.96,0.00,14.89,0.00,0.00,6.38,0.00,0.00,0.00,62.77
08:39:03,14,16.13,0.00,17.20,0.00,0.00,5.38,0.00,0.00,0.00,61.29
08:39:03,15,14.44,0.00,14.44,0.00,0.00,5.56,0.00,0.00,0.00,65.56
08:39:04,4,17.78,0.00,15.56,0.00,0.00,4.44,0.00,0.00,0.00,62.22
08:39:04,5,17.58,0.00,15.38,0.00,0.00,5.49,0.00,0.00,0.00,61.54
08:39:04,6,16.48,0.00,14.29,0.00,0.00,6.59,0.00,0.00,0.00,62.64
08:39:04,7,15.05,0.00,13.98,0.00,0.00,5.38,0.00,0.00,0.00,65.59
08:39:04,12,19.35,0.00,12.90,0.00,0.00,6.45,0.00,0.00,0.00,61.29
08:39:04,13,17.78,0.00,17.78,0.00,0.00,4.44,0.00,0.00,0.00,60.00
08:39:04,14,16.30,0.00,14.13,0.00,0.00,5.43,0.00,0.00,0.00,64.13
08:39:04,15,15.79,0.00,13.68,0.00,0.00,5.26,0.00,0.00,0.00,65.26
08:39:05,4,16.13,0.00,13.98,0.00,0.00,7.53,0.00,0.00,0.00,62.37
08:39:05,5,16.30,0.00,15.22,0.00,0.00,5.43,0.00,0.00,0.00,63.04
08:39:05,6,16.13,0.00,13.98,0.00,0.00,5.38,0.00,0.00,0.00,64.52
08:39:05,7,14.89,0.00,13.83,0.00,0.00,5.32,0.00,0.00,0.00,65.96
08:39:05,12,15.22,0.00,14.13,0.00,0.00,6.52,0.00,0.00,0.00,64.13
08:39:05,13,16.30,0.00,14.13,0.00,0.00,5.43,0.00,0.00,0.00,64.13
08:39:05,14,18.28,0.00,15.05,0.00,0.00,4.30,0.00,0.00,0.00,62.37
08:39:05,15,15.05,0.00,15.05,0.00,0.00,5.38,0.00,0.00,0.00,64.52
08:39:06,4,18.48,0.00,15.22,0.00,0.00,3.26,0.00,0.00,0.00,63.04
08:39:06,5,16.30,0.00,14.13,0.00,0.00,6.52,0.00,0.00,0.00,63.04
08:39:06,6,14.29,0.00,15.38,0.00,0.00,5.49,0.00,0.00,0.00,64.84
08:39:06,7,15.73,0.00,13.48,0.00,0.00,4.49,0.00,0.00,0.00,66.29
08:39:06,12,16.48,0.00,14.29,0.00,0.00,5.49,0.00,0.00,0.00,63.74
08:39:06,13,15.05,0.00,17.20,0.00,0.00,6.45,0.00,0.00,0.00,61.29
08:39:06,14,18.48,0.00,11.96,0.00,0.00,5.43,0.00,0.00,0.00,64.13
08:39:06,15,14.44,0.00,14.44,0.00,0.00,5.56,0.00,0.00,0.00,65.56
08:39:07,4,15.22,0.00,15.22,0.00,0.00,6.52,0.00,0.00,0.00,63.04
08:39:07,5,18.48,0.00,15.22,0.00,0.00,4.35,0.00,0.00,0.00,61.96
08:39:07,6,16.13,0.00,17.20,0.00,0.00,4.30,0.00,0.00,0.00,62.37
08:39:07,7,17.39,0.00,14.13,0.00,0.00,4.35,0.00,0.00,0.00,64.13
08:39:07,12,18.48,0.00,16.30,0.00,0.00,6.52,0.00,0.00,0.00,58.70
08:39:07,13,20.00,0.00,14.74,0.00,0.00,6.32,0.00,0.00,0.00,58.95
08:39:07,14,17.20,0.00,16.13,0.00,0.00,5.38,0.00,0.00,0.00,61.29
08:39:07,15,17.20,0.00,13.98,0.00,0.00,5.38,0.00,0.00,0.00,63.44
08:39:08,4,15.73,0.00,13.48,0.00,0.00,4.49,0.00,0.00,0.00,66.29
08:39:08,5,14.44,0.00,13.33,0.00,0.00,5.56,0.00,0.00,0.00,66.67
08:39:08,6,17.39,0.00,14.13,0.00,0.00,5.43,0.00,0.00,0.00,63.04
08:39:08,7,15.22,0.00,11.96,0.00,0.00,6.52,0.00,0.00,0.00,66.30
08:39:08,12,15.62,0.00,14.58,0.00,0.00,6.25,0.00,0.00,0.00,63.54
08:39:08,13,17.02,0.00,13.83,0.00,0.00,7.45,0.00,0.00,0.00,61.70
08:39:08,14,15.22,0.00,14.13,0.00,0.00,5.43,0.00,0.00,0.00,65.22
08:39:08,15,13.83,0.00,15.96,0.00,0.00,6.38,0.00,0.00,0.00,63.83
08:39:09,4,14.13,0.00,15.22,0.00,0.00,5.43,0.00,0.00,0.00,65.22
08:39:09,5,17.02,0.00,15.96,0.00,0.00,6.38,0.00,0.00,0.00,60.64
08:39:09,6,13.48,0.00,14.61,0.00,0.00,5.62,0.00,0.00,0.00,66.29
08:39:09,7,13.98,0.00,16.13,0.00,0.00,4.30,0.00,0.00,0.00,65.59
08:39:09,12,16.85,0.00,15.73,0.00,0.00,5.62,0.00,0.00,0.00,61.80
08:39:09,13,18.48,0.00,14.13,0.00,0.00,5.43,0.00,0.00,0.00,61.96
08:39:09,14,17.02,0.00,14.89,0.00,0.00,5.32,0.00,0.00,0.00,62.77
08:39:09,15,15.62,0.00,15.62,0.00,0.00,6.25,0.00,0.00,0.00,62.50
08:39:10,4,17.39,0.00,14.13,0.00,0.00,5.43,0.00,0.00,0.00,63.04
08:39:10,5,17.02,0.00,14.89,0.00,0.00,7.45,0.00,0.00,0.00,60.64
08:39:10,6,17.20,0.00,13.98,0.00,0.00,6.45,0.00,0.00,0.00,62.37
08:39:10,7,12.09,0.00,15.38,0.00,0.00,6.59,0.00,0.00,0.00,65.93
08:39:10,12,15.05,0.00,15.05,0.00,0.00,6.45,0.00,0.00,0.00,63.44
08:39:10,13,18.28,0.00,13.98,0.00,0.00,4.30,0.00,0.00,0.00,63.44
08:39:10,14,16.30,0.00,14.13,0.00,0.00,5.43,0.00,0.00,0.00,64.13
08:39:10,15,15.22,0.00,14.13,0.00,0.00,4.35,0.00,0.00,0.00,66.30
08:39:11,4,16.85,0.00,14.61,0.00,0.00,5.62,0.00,0.00,0.00,62.92
08:39:11,5,15.38,0.00,15.38,0.00,0.00,6.59,0.00,0.00,0.00,62.64
08:39:11,6,15.38,0.00,13.19,0.00,0.00,6.59,0.00,0.00,0.00,64.84
08:39:11,7,16.48,0.00,12.09,0.00,0.00,4.40,0.00,0.00,0.00,67.03
08:39:11,12,16.30,0.00,15.22,0.00,0.00,5.43,0.00,0.00,0.00,63.04
08:39:11,13,18.75,0.00,14.58,0.00,0.00,6.25,0.00,0.00,0.00,60.42
08:39:11,14,15.05,0.00,15.05,0.00,0.00,5.38,0.00,0.00,0.00,64.52
08:39:11,15,13.68,0.00,16.84,0.00,0.00,4.21,0.00,0.00,0.00,65.26
08:39:12,4,17.58,0.00,15.38,0.00,0.00,6.59,0.00,0.00,0.00,60.44
08:39:12,5,17.58,0.00,14.29,0.00,0.00,6.59,0.00,0.00,0.00,61.54
08:39:12,6,17.71,0.00,16.67,0.00,0.00,5.21,0.00,0.00,0.00,60.42
08:39:12,7,14.13,0.00,13.04,0.00,0.00,5.43,0.00,0.00,0.00,67.39
08:39:12,12,19.35,0.00,13.98,0.00,0.00,6.45,0.00,0.00,0.00,60.22
08:39:12,13,21.98,0.00,17.58,0.00,0.00,4.40,0.00,0.00,0.00,56.04
08:39:12,14,17.39,0.00,16.30,0.00,0.00,5.43,0.00,0.00,0.00,60.87
08:39:12,15,16.13,0.00,15.05,0.00,0.00,5.38,0.00,0.00,0.00,63.44
08:39:13,4,18.68,0.00,12.09,0.00,0.00,4.40,0.00,0.00,0.00,64.84
08:39:13,5,16.67,0.00,13.33,0.00,0.00,5.56,0.00,0.00,0.00,64.44
08:39:13,6,16.48,0.00,14.29,0.00,0.00,4.40,0.00,0.00,0.00,64.84
08:39:13,7,15.96,0.00,15.96,0.00,0.00,5.32,0.00,0.00,0.00,62.77
08:39:13,12,16.30,0.00,14.13,0.00,0.00,5.43,0.00,0.00,0.00,64.13
08:39:13,13,14.13,0.00,15.22,0.00,0.00,5.43,0.00,0.00,0.00,65.22
08:39:13,14,16.67,0.00,13.33,0.00,0.00,4.44,0.00,0.00,0.00,65.56
08:39:13,15,17.02,0.00,14.89,0.00,0.00,5.32,0.00,0.00,0.00,62.77
08:39:14,4,17.20,0.00,18.28,0.00,0.00,4.30,0.00,0.00,0.00,60.22
08:39:14,5,16.30,0.00,16.30,0.00,0.00,5.43,0.00,0.00,0.00,61.96
08:39:14,6,15.05,0.00,16.13,0.00,0.00,6.45,0.00,0.00,0.00,62.37
08:39:14,7,14.89,0.00,14.89,0.00,0.00,6.38,0.00,0.00,0.00,63.83
08:39:14,12,14.29,0.00,14.29,0.00,0.00,6.59,0.00,0.00,0.00,64.84
08:39:14,13,18.48,0.00,13.04,0.00,0.00,5.43,0.00,0.00,0.00,63.04
08:39:14,14,17.39,0.00,13.04,0.00,0.00,4.35,0.00,0.00,0.00,65.22
08:39:14,15,15.05,0.00,12.90,0.00,0.00,5.38,0.00,0.00,0.00,66.67
08:39:15,4,16.13,0.00,15.05,0.00,0.00,5.38,0.00,0.00,0.00,63.44
08:39:15,5,16.48,0.00,16.48,0.00,0.00,6.59,0.00,0.00,0.00,60.44
08:39:15,6,16.30,0.00,16.30,0.00,0.00,4.35,0.00,0.00,0.00,63.04
08:39:15,7,13.98,0.00,16.13,0.00,0.00,5.38,0.00,0.00,0.00,64.52
08:39:15,12,16.30,0.00,15.22,0.00,0.00,5.43,0.00,0.00,0.00,63.04
08:39:15,13,18.95,0.00,14.74,0.00,0.00,5.26,0.00,0.00,0.00,61.05
08:39:15,14,14.77,0.00,15.91,0.00,0.00,5.68,0.00,0.00,0.00,63.64
08:39:15,15,16.30,0.00,13.04,0.00,0.00,5.43,0.00,0.00,0.00,65.22
08:39:16,4,16.48,0.00,14.29,0.00,0.00,6.59,0.00,0.00,0.00,62.64
08:39:16,5,20.21,0.00,14.89,0.00,0.00,6.38,0.00,0.00,0.00,58.51
08:39:16,6,17.20,0.00,15.05,0.00,0.00,5.38,0.00,0.00,0.00,62.37
08:39:16,7,16.30,0.00,13.04,0.00,0.00,5.43,0.00,0.00,0.00,65.22
08:39:16,12,15.22,0.00,14.13,0.00,0.00,6.52,0.00,0.00,0.00,64.13
08:39:16,13,16.67,0.00,16.67,0.00,0.00,5.56,0.00,0.00,0.00,61.11
08:39:16,14,14.29,0.00,15.38,0.00,0.00,6.59,0.00,0.00,0.00,63.74
08:39:16,15,13.33,0.00,14.44,0.00,0.00,5.56,0.00,0.00,0.00,66.67
08:39:17,4,18.48,0.00,17.39,0.00,0.00,4.35,0.00,0.00,0.00,59.78
08:39:17,5,18.75,0.00,16.67,0.00,0.00,6.25,0.00,0.00,0.00,58.33
08:39:17,6,16.48,0.00,15.38,0.00,0.00,5.49,0.00,0.00,0.00,62.64
08:39:17,7,15.96,0.00,15.96,0.00,0.00,4.26,0.00,0.00,0.00,63.83
08:39:17,12,16.30,0.00,16.30,0.00,0.00,4.35,0.00,0.00,0.00,63.04
08:39:17,13,18.68,0.00,17.58,0.00,0.00,5.49,0.00,0.00,0.00,58.24
08:39:17,14,19.57,0.00,15.22,0.00,0.00,5.43,0.00,0.00,0.00,59.78
08:39:17,15,16.13,0.00,15.05,0.00,0.00,5.38,0.00,0.00,0.00,63.44
08:39:18,4,16.67,0.00,13.33,0.00,0.00,4.44,0.00,0.00,0.00,65.56
08:39:18,5,14.29,0.00,15.38,0.00,0.00,6.59,0.00,0.00,0.00,63.74
08:39:18,6,16.67,0.00,14.44,0.00,0.00,4.44,0.00,0.00,0.00,64.44
08:39:18,7,15.22,0.00,14.13,0.00,0.00,5.43,0.00,0.00,0.00,65.22
08:39:18,12,17.02,0.00,14.89,0.00,0.00,5.32,0.00,0.00,0.00,62.77
08:39:18,13,15.22,0.00,15.22,0.00,0.00,5.43,0.00,0.00,0.00,64.13
08:39:18,14,15.96,0.00,13.83,0.00,0.00,7.45,0.00,0.00,0.00,62.77
08:39:18,15,15.22,0.00,14.13,0.00,0.00,5.43,0.00,0.00,0.00,65.22
08:39:19,4,19.35,0.00,13.98,0.00,0.00,6.45,0.00,0.00,0.00,60.22
08:39:19,5,17.58,0.00,14.29,0.00,0.00,6.59,0.00,0.00,0.00,61.54
08:39:19,6,15.56,0.00,15.56,0.00,0.00,6.67,0.00,0.00,0.00,62.22
08:39:19,7,14.89,0.00,14.89,0.00,0.00,6.38,0.00,0.00,0.00,63.83
08:39:19,12,16.48,0.00,14.29,0.00,0.00,7.69,0.00,0.00,0.00,61.54
08:39:19,13,19.35,0.00,12.90,0.00,0.00,5.38,0.00,0.00,0.00,62.37
08:39:19,14,17.02,0.00,14.89,0.00,0.00,5.32,0.00,0.00,0.00,62.77
08:39:19,15,14.89,0.00,13.83,0.00,0.00,6.38,0.00,0.00,0.00,64.89
08:39:20,4,15.38,0.00,13.19,0.00,0.00,6.59,0.00,0.00,0.00,64.84
08:39:20,5,18.09,0.00,14.89,0.00,0.00,6.38,0.00,0.00,0.00,60.64
08:39:20,6,17.02,0.00,15.96,0.00,0.00,5.32,0.00,0.00,0.00,61.70
08:39:20,7,16.13,0.00,15.05,0.00,0.00,4.30,0.00,0.00,0.00,64.52
08:39:20,12,18.09,0.00,13.83,0.00,0.00,5.32,0.00,0.00,0.00,62.77
08:39:20,13,15.56,0.00,16.67,0.00,0.00,5.56,0.00,0.00,0.00,62.22
08:39:20,14,16.30,0.00,15.22,0.00,0.00,4.35,0.00,0.00,0.00,64.13
08:39:20,15,15.05,0.00,13.98,0.00,0.00,6.45,0.00,0.00,0.00,64.52
08:39:21,4,16.48,0.00,13.19,0.00,0.00,6.59,0.00,0.00,0.00,63.74
08:39:21,5,14.13,0.00,15.22,0.00,0.00,5.43,0.00,0.00,0.00,65.22
08:39:21,6,14.44,0.00,14.44,0.00,0.00,4.44,0.00,0.00,0.00,66.67
08:39:21,7,15.05,0.00,15.05,0.00,0.00,5.38,0.00,0.00,0.00,64.52
08:39:21,12,15.56,0.00,13.33,0.00,0.00,5.56,0.00,0.00,0.00,65.56
08:39:21,13,17.02,0.00,13.83,0.00,0.00,5.32,0.00,0.00,0.00,63.83
08:39:21,14,15.22,0.00,14.13,0.00,0.00,5.43,0.00,0.00,0.00,65.22
08:39:21,15,15.22,0.00,14.13,0.00,0.00,4.35,0.00,0.00,0.00,66.30
08:39:22,4,17.02,0.00,18.09,0.00,0.00,5.32,0.00,0.00,0.00,59.57
08:39:22,5,16.13,0.00,18.28,0.00,0.00,4.30,0.00,0.00,0.00,61.29
08:39:22,6,17.78,0.00,15.56,0.00,0.00,5.56,0.00,0.00,0.00,61.11
08:39:22,7,16.30,0.00,13.04,0.00,0.00,5.43,0.00,0.00,0.00,65.22
08:39:22,12,17.39,0.00,14.13,0.00,0.00,7.61,0.00,0.00,0.00,60.87
08:39:22,13,20.88,0.00,16.48,0.00,0.00,5.49,0.00,0.00,0.00,57.14
08:39:22,14,15.73,0.00,14.61,0.00,0.00,4.49,0.00,0.00,0.00,65.17
08:39:22,15,16.13,0.00,13.98,0.00,0.00,6.45,0.00,0.00,0.00,63.44
08:39:23,4,15.38,0.00,15.38,0.00,0.00,6.59,0.00,0.00,0.00,62.64
08:39:23,5,16.13,0.00,15.05,0.00,0.00,6.45,0.00,0.00,0.00,62.37
08:39:23,6,15.22,0.00,14.13,0.00,0.00,5.43,0.00,0.00,0.00,65.22
08:39:23,7,14.13,0.00,14.13,0.00,0.00,5.43,0.00,0.00,0.00,66.30
08:39:23,12,17.02,0.00,17.02,0.00,0.00,6.38,0.00,0.00,0.00,59.57
08:39:23,13,17.02,0.00,13.83,0.00,0.00,7.45,0.00,0.00,0.00,61.70
08:39:23,14,17.20,0.00,15.05,0.00,0.00,5.38,0.00,0.00,0.00,62.37
08:39:23,15,13.98,0.00,13.98,0.00,0.00,6.45,0.00,0.00,0.00,65.59
08:39:24,4,15.38,0.00,13.19,0.00,0.00,6.59,0.00,0.00,0.00,64.84
08:39:24,5,16.13,0.00,12.90,0.00,0.00,6.45,0.00,0.00,0.00,64.52
08:39:24,6,16.84,0.00,15.79,0.00,0.00,5.26,0.00,0.00,0.00,62.11
08:39:24,7,17.20,0.00,12.90,0.00,0.00,6.45,0.00,0.00,0.00,63.44
08:39:24,12,14.77,0.00,13.64,0.00,0.00,4.55,0.00,0.00,0.00,67.05
08:39:24,13,15.79,0.00,17.89,0.00,0.00,6.32,0.00,0.00,0.00,60.00
08:39:24,14,18.48,0.00,11.96,0.00,0.00,5.43,0.00,0.00,0.00,64.13
08:39:24,15,15.73,0.00,14.61,0.00,0.00,4.49,0.00,0.00,0.00,65.17
08:39:25,4,16.48,0.00,13.19,0.00,0.00,6.59,0.00,0.00,0.00,63.74
08:39:25,5,17.39,0.00,16.30,0.00,0.00,5.43,0.00,0.00,0.00,60.87
08:39:25,6,17.39,0.00,13.04,0.00,0.00,5.43,0.00,0.00,0.00,64.13
08:39:25,7,15.38,0.00,13.19,0.00,0.00,3.30,0.00,0.00,0.00,68.13
08:39:25,12,15.22,0.00,15.22,0.00,0.00,6.52,0.00,0.00,0.00,63.04
08:39:25,13,16.67,0.00,15.56,0.00,0.00,5.56,0.00,0.00,0.00,62.22
08:39:25,14,15.56,0.00,16.67,0.00,0.00,5.56,0.00,0.00,0.00,62.22
08:39:25,15,15.79,0.00,14.74,0.00,0.00,6.32,0.00,0.00,0.00,63.16
08:39:26,4,15.91,0.00,12.50,0.00,0.00,4.55,0.00,0.00,0.00,67.05
08:39:26,5,18.28,0.00,16.13,0.00,0.00,5.38,0.00,0.00,0.00,60.22
08:39:26,6,16.13,0.00,13.98,0.00,0.00,6.45,0.00,0.00,0.00,63.44
08:39:26,7,16.84,0.00,13.68,0.00,0.00,5.26,0.00,0.00,0.00,64.21
08:39:26,12,16.48,0.00,15.38,1.10,0.00,5.49,0.00,0.00,0.00,61.54
08:39:26,13,18.89,0.00,12.22,0.00,0.00,4.44,0.00,0.00,0.00,64.44
08:39:26,14,17.39,0.00,14.13,0.00,0.00,5.43,0.00,0.00,0.00,63.04
08:39:26,15,17.02,0.00,13.83,0.00,0.00,5.32,0.00,0.00,0.00,63.83
08:39:27,4,17.02,0.00,13.83,0.00,0.00,6.38,0.00,0.00,0.00,62.77
08:39:27,5,17.20,0.00,15.05,0.00,0.00,6.45,0.00,0.00,0.00,61.29
08:39:27,6,17.02,0.00,14.89,0.00,0.00,5.32,0.00,0.00,0.00,62.77
08:39:27,7,16.30,0.00,11.96,0.00,0.00,7.61,0.00,0.00,0.00,64.13
08:39:27,12,17.02,0.00,18.09,0.00,0.00,5.32,0.00,0.00,0.00,59.57
08:39:27,13,18.09,0.00,15.96,0.00,0.00,5.32,0.00,0.00,0.00,60.64
08:39:27,14,14.77,0.00,13.64,0.00,0.00,4.55,0.00,0.00,0.00,67.05
08:39:27,15,15.96,0.00,13.83,0.00,0.00,7.45,0.00,0.00,0.00,62.77
08:39:28,4,16.30,0.00,15.22,0.00,0.00,5.43,0.00,0.00,0.00,63.04
08:39:28,5,16.67,0.00,15.56,0.00,0.00,4.44,0.00,0.00,0.00,63.33
08:39:28,6,17.39,0.00,15.22,0.00,0.00,6.52,0.00,0.00,0.00,60.87
08:39:28,7,18.48,0.00,13.04,0.00,0.00,5.43,0.00,0.00,0.00,63.04
08:39:28,12,20.00,0.00,13.33,0.00,0.00,4.44,0.00,0.00,0.00,62.22
08:39:28,13,16.48,0.00,14.29,0.00,0.00,6.59,0.00,0.00,0.00,62.64
08:39:28,14,16.48,0.00,15.38,0.00,0.00,6.59,0.00,0.00,0.00,61.54
08:39:28,15,16.30,0.00,14.13,0.00,0.00,5.43,0.00,0.00,0.00,64.13
08:39:29,4,18.68,0.00,14.29,0.00,0.00,5.49,0.00,0.00,0.00,61.54
08:39:29,5,14.29,0.00,16.48,0.00,0.00,5.49,0.00,0.00,0.00,63.74
08:39:29,6,17.39,0.00,14.13,0.00,0.00,4.35,0.00,0.00,0.00,64.13
08:39:29,7,15.22,0.00,13.04,0.00,0.00,5.43,0.00,0.00,0.00,66.30
08:39:29,12,18.48,0.00,14.13,0.00,0.00,4.35,0.00,0.00,0.00,63.04
08:39:29,13,16.30,0.00,13.04,0.00,0.00,6.52,0.00,0.00,0.00,64.13
08:39:29,14,17.20,0.00,11.83,0.00,0.00,7.53,0.00,0.00,0.00,63.44
08:39:29,15,15.22,0.00,14.13,0.00,0.00,5.43,0.00,0.00,0.00,65.22
08:39:30,4,18.48,0.00,13.04,0.00,0.00,6.52,0.00,0.00,0.00,61.96
08:39:30,5,17.20,0.00,13.98,0.00,0.00,6.45,0.00,0.00,0.00,62.37
08:39:30,6,16.85,0.00,14.61,0.00,0.00,4.49,0.00,0.00,0.00,64.04
08:39:30,7,15.22,0.00,11.96,0.00,0.00,6.52,0.00,0.00,0.00,66.30
08:39:30,12,16.30,0.00,15.22,0.00,0.00,5.43,0.00,0.00,0.00,63.04
08:39:30,13,19.15,0.00,13.83,0.00,0.00,5.32,0.00,0.00,0.00,61.70
08:39:30,14,16.13,0.00,16.13,0.00,0.00,5.38,0.00,0.00,0.00,62.37
08:39:30,15,13.33,0.00,12.22,0.00,0.00,5.56,0.00,0.00,0.00,68.89
08:39:31,4,18.48,0.00,13.04,0.00,0.00,5.43,0.00,0.00,0.00,63.04
08:39:31,5,16.48,0.00,16.48,0.00,0.00,6.59,0.00,0.00,0.00,60.44
08:39:31,6,15.96,0.00,14.89,1.06,0.00,6.38,0.00,0.00,0.00,61.70
08:39:31,7,17.20,0.00,13.98,0.00,0.00,4.30,0.00,0.00,0.00,64.52
08:39:31,12,17.78,0.00,13.33,0.00,0.00,5.56,0.00,0.00,0.00,63.33
08:39:31,13,17.39,0.00,14.13,0.00,0.00,5.43,0.00,0.00,0.00,63.04
08:39:31,14,15.56,0.00,14.44,0.00,0.00,4.44,0.00,0.00,0.00,65.56
08:39:31,15,15.05,0.00,13.98,0.00,0.00,6.45,0.00,0.00,0.00,64.52
08:39:32,4,15.22,0.00,14.13,0.00,0.00,7.61,0.00,0.00,0.00,63.04
08:39:32,5,18.28,0.00,15.05,0.00,0.00,4.30,0.00,0.00,0.00,62.37
08:39:32,6,16.84,0.00,15.79,0.00,0.00,5.26,0.00,0.00,0.00,62.11
08:39:32,7,15.05,0.00,13.98,0.00,0.00,6.45,0.00,0.00,0.00,64.52
08:39:32,12,16.84,0.00,14.74,0.00,0.00,7.37,0.00,0.00,0.00,61.05
08:39:32,13,18.28,0.00,11.83,0.00,0.00,6.45,0.00,0.00,0.00,63.44
08:39:32,14,17.02,0.00,15.96,0.00,0.00,6.38,0.00,0.00,0.00,60.64
08:39:32,15,16.30,0.00,14.13,0.00,0.00,5.43,0.00,0.00,0.00,64.13
08:39:33,4,15.91,0.00,15.91,0.00,0.00,4.55,0.00,0.00,0.00,63.64
08:39:33,5,18.48,0.00,18.48,0.00,0.00,4.35,0.00,0.00,0.00,58.70
08:39:33,6,17.20,0.00,18.28,0.00,0.00,5.38,0.00,0.00,0.00,59.14
08:39:33,7,13.98,0.00,15.05,0.00,0.00,5.38,0.00,0.00,0.00,65.59
08:39:33,12,18.75,0.00,14.58,0.00,0.00,6.25,0.00,0.00,0.00,60.42
08:39:33,13,17.78,0.00,15.56,0.00,0.00,5.56,0.00,0.00,0.00,61.11
08:39:33,14,18.48,0.00,13.04,0.00,0.00,6.52,0.00,0.00,0.00,61.96
08:39:33,15,14.13,0.00,15.22,0.00,0.00,5.43,0.00,0.00,0.00,65.22
08:39:34,4,16.13,0.00,13.98,0.00,0.00,5.38,0.00,0.00,0.00,64.52
08:39:34,5,18.89,0.00,12.22,0.00,0.00,6.67,0.00,0.00,0.00,62.22
08:39:34,6,14.13,0.00,17.39,0.00,0.00,6.52,0.00,0.00,0.00,61.96
08:39:34,7,16.48,0.00,15.38,0.00,0.00,4.40,0.00,0.00,0.00,63.74
08:39:34,12,16.30,0.00,16.30,0.00,0.00,4.35,0.00,0.00,0.00,63.04
08:39:34,13,16.30,0.00,14.13,0.00,0.00,5.43,0.00,0.00,0.00,64.13
08:39:34,14,15.73,0.00,12.36,0.00,0.00,5.62,0.00,0.00,0.00,66.29
08:39:34,15,15.05,0.00,16.13,0.00,0.00,4.30,0.00,0.00,0.00,64.52
08:39:35,4,17.58,0.00,16.48,0.00,0.00,6.59,0.00,0.00,0.00,59.34
08:39:35,5,16.13,0.00,16.13,0.00,0.00,6.45,0.00,0.00,0.00,61.29
08:39:35,6,18.28,0.00,15.05,0.00,0.00,4.30,0.00,0.00,0.00,62.37
08:39:35,7,14.89,0.00,12.77,0.00,0.00,5.32,0.00,0.00,0.00,67.02
08:39:35,12,16.13,0.00,16.13,0.00,0.00,6.45,0.00,0.00,0.00,61.29
08:39:35,13,17.98,0.00,14.61,0.00,0.00,5.62,0.00,0.00,0.00,61.80
08:39:35,14,15.22,0.00,15.22,0.00,0.00,6.52,0.00,0.00,0.00,63.04
08:39:35,15,13.98,0.00,15.05,0.00,0.00,5.38,0.00,0.00,0.00,65.59
08:39:36,4,17.39,0.00,16.30,0.00,0.00,4.35,0.00,0.00,0.00,61.96
08:39:36,5,17.20,0.00,15.05,0.00,0.00,6.45,0.00,0.00,0.00,61.29
08:39:36,6,17.20,0.00,13.98,0.00,0.00,5.38,0.00,0.00,0.00,63.44
08:39:36,7,17.02,0.00,12.77,0.00,0.00,5.32,0.00,0.00,0.00,64.89
08:39:36,12,15.38,0.00,14.29,0.00,0.00,6.59,0.00,0.00,0.00,63.74
08:39:36,13,16.30,0.00,17.39,0.00,0.00,5.43,0.00,0.00,0.00,60.87
08:39:36,14,17.20,0.00,16.13,0.00,0.00,5.38,0.00,0.00,0.00,61.29
08:39:36,15,14.89,0.00,14.89,0.00,0.00,5.32,0.00,0.00,0.00,64.89
08:39:37,4,17.39,0.00,14.13,0.00,0.00,6.52,0.00,0.00,0.00,61.96
08:39:37,5,15.22,0.00,15.22,0.00,0.00,6.52,0.00,0.00,0.00,63.04
08:39:37,6,16.13,0.00,17.20,0.00,0.00,5.38,0.00,0.00,0.00,61.29
08:39:37,7,14.13,0.00,14.13,0.00,0.00,6.52,0.00,0.00,0.00,65.22
08:39:37,12,15.22,0.00,16.30,0.00,0.00,5.43,0.00,0.00,0.00,63.04
08:39:37,13,15.56,0.00,15.56,0.00,0.00,5.56,0.00,0.00,0.00,63.33
08:39:37,14,15.38,0.00,14.29,0.00,0.00,6.59,0.00,0.00,0.00,63.74
08:39:37,15,13.19,0.00,14.29,0.00,0.00,5.49,0.00,0.00,0.00,67.03
08:39:38,4,16.85,0.00,13.48,0.00,0.00,5.62,0.00,0.00,0.00,64.04
08:39:38,5,19.57,0.00,15.22,0.00,0.00,4.35,0.00,0.00,0.00,60.87
08:39:38,6,15.79,0.00,15.79,0.00,0.00,7.37,0.00,0.00,0.00,61.05
08:39:38,7,15.38,0.00,14.29,0.00,0.00,5.49,0.00,0.00,0.00,64.84
08:39:38,12,17.58,0.00,15.38,0.00,0.00,6.59,0.00,0.00,0.00,60.44
08:39:38,13,22.22,0.00,14.44,0.00,0.00,4.44,0.00,0.00,0.00,58.89
08:39:38,14,19.35,0.00,13.98,0.00,0.00,5.38,0.00,0.00,0.00,61.29
08:39:38,15,16.48,0.00,14.29,0.00,0.00,4.40,0.00,0.00,0.00,64.84
08:39:39,4,16.30,0.00,18.48,0.00,0.00,5.43,0.00,0.00,0.00,59.78
08:39:39,5,15.56,0.00,13.33,0.00,0.00,7.78,0.00,0.00,0.00,63.33
08:39:39,6,16.09,0.00,14.94,0.00,0.00,4.60,0.00,0.00,0.00,64.37
08:39:39,7,14.89,0.00,14.89,0.00,0.00,6.38,0.00,0.00,0.00,63.83
08:39:39,12,15.96,0.00,14.89,0.00,0.00,6.38,0.00,0.00,0.00,62.77
08:39:39,13,18.28,0.00,13.98,0.00,0.00,5.38,0.00,0.00,0.00,62.37
08:39:39,14,17.89,0.00,13.68,0.00,0.00,5.26,0.00,0.00,0.00,63.16
08:39:39,15,16.13,0.00,13.98,0.00,0.00,5.38,0.00,0.00,0.00,64.52
08:39:40,4,14.61,0.00,13.48,0.00,0.00,5.62,0.00,0.00,0.00,66.29
08:39:40,5,15.96,0.00,17.02,0.00,0.00,5.32,0.00,0.00,0.00,61.70
08:39:40,6,17.39,0.00,13.04,0.00,0.00,5.43,0.00,0.00,0.00,64.13
08:39:40,7,15.38,0.00,12.09,0.00,0.00,5.49,0.00,0.00,0.00,67.03
08:39:40,12,14.77,0.00,14.77,0.00,0.00,5.68,0.00,0.00,0.00,64.77
08:39:40,13,16.48,0.00,14.29,0.00,0.00,6.59,0.00,0.00,0.00,62.64
08:39:40,14,17.39,0.00,13.04,0.00,0.00,6.52,0.00,0.00,0.00,63.04
08:39:40,15,14.13,0.00,14.13,0.00,0.00,6.52,0.00,0.00,0.00,65.22
08:39:41,4,19.35,0.00,13.98,0.00,0.00,6.45,0.00,0.00,0.00,60.22
08:39:41,5,17.58,0.00,14.29,0.00,0.00,5.49,0.00,0.00,0.00,62.64
08:39:41,6,18.28,0.00,13.98,0.00,0.00,4.30,0.00,0.00,0.00,63.44
08:39:41,7,15.38,0.00,14.29,0.00,0.00,3.30,0.00,0.00,0.00,67.03
08:39:41,12,16.13,0.00,15.05,0.00,0.00,6.45,0.00,0.00,0.00,62.37
08:39:41,13,17.58,0.00,16.48,0.00,0.00,5.49,0.00,0.00,0.00,60.44
08:39:41,14,16.48,0.00,16.48,0.00,0.00,4.40,0.00,0.00,0.00,62.64
08:39:41,15,15.38,0.00,14.29,0.00,0.00,4.40,0.00,0.00,0.00,65.93
08:39:42,4,16.30,0.00,14.13,0.00,0.00,5.43,0.00,0.00,0.00,64.13
08:39:42,5,15.05,0.00,17.20,0.00,0.00,6.45,0.00,0.00,0.00,61.29
08:39:42,6,20.00,0.00,12.63,0.00,0.00,5.26,0.00,0.00,0.00,62.11
08:39:42,7,16.84,0.00,13.68,0.00,0.00,6.32,0.00,0.00,0.00,63.16
08:39:42,12,15.96,0.00,13.83,0.00,0.00,6.38,0.00,0.00,0.00,63.83
08:39:42,13,16.48,0.00,14.29,0.00,0.00,6.59,0.00,0.00,0.00,62.64
08:39:42,14,16.30,0.00,15.22,0.00,0.00,4.35,0.00,0.00,0.00,64.13
08:39:42,15,13.98,0.00,16.13,0.00,0.00,5.38,0.00,0.00,0.00,64.52
08:39:43,4,17.78,0.00,15.56,0.00,0.00,4.44,0.00,0.00,0.00,62.22
08:39:43,5,19.15,0.00,13.83,0.00,0.00,6.38,0.00,0.00,0.00,60.64
08:39:43,6,18.48,0.00,15.22,0.00,0.00,5.43,0.00,0.00,0.00,60.87
08:39:43,7,17.20,0.00,13.98,0.00,0.00,4.30,0.00,0.00,0.00,64.52
08:39:43,12,14.61,0.00,15.73,0.00,0.00,5.62,0.00,0.00,0.00,64.04
08:39:43,13,20.43,0.00,18.28,0.00,0.00,5.38,0.00,0.00,0.00,55.91
08:39:43,14,20.21,0.00,14.89,0.00,0.00,5.32,0.00,0.00,0.00,59.57
08:39:43,15,16.30,0.00,15.22,0.00,0.00,5.43,0.00,0.00,0.00,63.04
08:39:44,4,17.78,0.00,13.33,0.00,0.00,6.67,0.00,0.00,0.00,62.22
08:39:44,5,17.39,0.00,14.13,0.00,0.00,6.52,0.00,0.00,0.00,61.96
08:39:44,6,17.20,0.00,15.05,0.00,0.00,5.38,0.00,0.00,0.00,62.37
08:39:44,7,14.13,0.00,14.13,0.00,0.00,6.52,0.00,0.00,0.00,65.22
08:39:44,12,17.02,0.00,13.83,0.00,0.00,6.38,0.00,0.00,0.00,62.77
08:39:44,13,18.48,0.00,14.13,0.00,0.00,4.35,0.00,0.00,0.00,63.04
08:39:44,14,18.28,0.00,13.98,0.00,0.00,4.30,0.00,0.00,0.00,63.44
08:39:44,15,16.13,0.00,12.90,0.00,0.00,5.38,0.00,0.00,0.00,65.59
08:39:45,4,16.30,0.00,14.13,0.00,0.00,5.43,0.00,0.00,0.00,64.13
08:39:45,5,16.48,0.00,14.29,0.00,0.00,5.49,0.00,0.00,0.00,63.74
08:39:45,6,15.38,0.00,13.19,0.00,0.00,5.49,0.00,0.00,0.00,65.93
08:39:45,7,15.38,0.00,12.09,0.00,0.00,4.40,0.00,0.00,0.00,68.13
08:39:45,12,16.48,0.00,16.48,0.00,0.00,5.49,0.00,0.00,0.00,61.54
08:39:45,13,17.58,0.00,14.29,0.00,0.00,6.59,0.00,0.00,0.00,61.54
08:39:45,14,14.61,0.00,15.73,0.00,0.00,5.62,0.00,0.00,0.00,64.04
08:39:45,15,15.56,0.00,13.33,0.00,0.00,4.44,0.00,0.00,0.00,66.67
08:39:46,4,15.38,0.00,14.29,1.10,0.00,6.59,0.00,0.00,0.00,62.64
08:39:46,5,15.05,0.00,17.20,0.00,0.00,4.30,0.00,0.00,0.00,63.44
08:39:46,6,17.58,0.00,12.09,0.00,0.00,6.59,0.00,0.00,0.00,63.74
08:39:46,7,14.13,0.00,13.04,0.00,0.00,5.43,0.00,0.00,0.00,67.39
08:39:46,12,16.48,0.00,15.38,1.10,0.00,6.59,0.00,0.00,0.00,60.44
08:39:46,13,16.48,0.00,17.58,0.00,0.00,5.49,0.00,0.00,0.00,60.44
08:39:46,14,18.09,0.00,14.89,0.00,0.00,6.38,0.00,0.00,0.00,60.64
08:39:46,15,15.62,0.00,14.58,0.00,0.00,7.29,0.00,0.00,0.00,62.50
08:39:47,4,18.28,0.00,13.98,0.00,0.00,6.45,0.00,0.00,0.00,61.29
08:39:47,5,17.20,0.00,15.05,0.00,0.00,5.38,0.00,0.00,0.00,62.37
08:39:47,6,17.39,0.00,14.13,0.00,0.00,4.35,0.00,0.00,0.00,64.13
08:39:47,7,15.38,0.00,12.09,0.00,0.00,5.49,0.00,0.00,0.00,67.03
08:39:47,12,16.48,0.00,14.29,0.00,0.00,5.49,0.00,0.00,0.00,63.74
08:39:47,13,18.48,0.00,16.30,0.00,0.00,5.43,0.00,0.00,0.00,59.78
08:39:47,14,15.22,0.00,14.13,0.00,0.00,6.52,0.00,0.00,0.00,64.13
08:39:47,15,14.44,0.00,13.33,0.00,0.00,5.56,0.00,0.00,0.00,66.67
08:39:48,4,19.57,0.00,13.04,0.00,0.00,5.43,0.00,0.00,0.00,61.96
08:39:48,5,16.48,0.00,14.29,0.00,0.00,6.59,0.00,0.00,0.00,62.64
08:39:48,6,17.58,0.00,15.38,0.00,0.00,6.59,0.00,0.00,0.00,60.44
08:39:48,7,15.22,0.00,14.13,0.00,0.00,5.43,0.00,0.00,0.00,65.22
08:39:48,12,22.34,0.00,17.02,0.00,0.00,5.32,0.00,0.00,0.00,55.32
08:39:48,13,16.67,0.00,13.33,0.00,0.00,6.67,0.00,0.00,0.00,63.33
08:39:48,14,18.48,0.00,16.30,0.00,0.00,5.43,0.00,0.00,0.00,59.78
08:39:48,15,17.20,0.00,15.05,0.00,0.00,4.30,0.00,0.00,0.00,63.44
08:39:49,4,16.30,0.00,11.96,0.00,0.00,6.52,0.00,0.00,0.00,65.22
08:39:49,5,17.39,0.00,15.22,0.00,0.00,5.43,0.00,0.00,0.00,61.96
08:39:49,6,15.56,0.00,14.44,0.00,0.00,5.56,0.00,0.00,0.00,64.44
08:39:49,7,15.05,0.00,13.98,0.00,0.00,5.38,0.00,0.00,0.00,65.59
08:39:49,12,17.02,0.00,13.83,0.00,0.00,6.38,0.00,0.00,0.00,62.77
08:39:49,13,15.22,0.00,14.13,0.00,0.00,6.52,0.00,0.00,0.00,64.13
08:39:49,14,15.05,0.00,13.98,0.00,0.00,7.53,0.00,0.00,0.00,63.44
08:39:49,15,15.38,0.00,13.19,0.00,0.00,6.59,0.00,0.00,0.00,64.84
08:39:50,4,15.73,0.00,14.61,0.00,0.00,4.49,0.00,0.00,0.00,65.17
08:39:50,5,17.39,0.00,14.13,0.00,0.00,5.43,0.00,0.00,0.00,63.04
08:39:50,6,19.15,0.00,13.83,0.00,0.00,5.32,0.00,0.00,0.00,61.70
08:39:50,7,14.13,0.00,14.13,0.00,0.00,4.35,0.00,0.00,0.00,67.39
08:39:50,12,15.56,0.00,12.22,0.00,0.00,5.56,0.00,0.00,0.00,66.67
08:39:50,13,16.30,0.00,15.22,0.00,0.00,5.43,0.00,0.00,0.00,63.04
08:39:50,14,16.67,0.00,14.44,0.00,0.00,5.56,0.00,0.00,0.00,63.33
08:39:50,15,14.89,0.00,15.96,0.00,0.00,5.32,0.00,0.00,0.00,63.83
08:39:51,4,17.20,0.00,13.98,0.00,0.00,5.38,0.00,0.00,0.00,63.44
08:39:51,5,16.30,0.00,15.22,1.09,0.00,4.35,0.00,0.00,0.00,63.04
08:39:51,6,17.78,0.00,12.22,0.00,0.00,5.56,0.00,0.00,0.00,64.44
08:39:51,7,16.30,0.00,13.04,0.00,0.00,6.52,0.00,0.00,0.00,64.13
08:39:51,12,16.30,0.00,14.13,0.00,0.00,5.43,0.00,0.00,0.00,64.13
08:39:51,13,16.67,0.00,16.67,0.00,0.00,4.44,0.00,0.00,0.00,62.22
08:39:51,14,16.84,0.00,15.79,0.00,0.00,6.32,0.00,0.00,0.00,61.05
08:39:51,15,16.48,0.00,13.19,0.00,0.00,5.49,0.00,0.00,0.00,64.84
08:39:52,4,17.39,0.00,15.22,0.00,0.00,5.43,0.00,0.00,0.00,61.96
08:39:52,5,15.56,0.00,15.56,0.00,0.00,6.67,0.00,0.00,0.00,62.22
08:39:52,6,17.39,0.00,14.13,0.00,0.00,5.43,0.00,0.00,0.00,63.04
08:39:52,7,15.38,0.00,12.09,0.00,0.00,6.59,0.00,0.00,0.00,65.93
08:39:52,12,15.96,0.00,14.89,0.00,0.00,6.38,0.00,0.00,0.00,62.77
08:39:52,13,16.30,0.00,14.13,0.00,0.00,6.52,0.00,0.00,0.00,63.04
08:39:52,14,17.58,0.00,13.19,0.00,0.00,4.40,0.00,0.00,0.00,64.84
08:39:52,15,13.98,0.00,13.98,0.00,0.00,7.53,0.00,0.00,0.00,64.52
08:39:53,4,19.57,0.00,14.13,0.00,0.00,4.35,0.00,0.00,0.00,61.96
08:39:53,5,16.30,0.00,14.13,0.00,0.00,7.61,0.00,0.00,0.00,61.96
08:39:53,6,16.30,0.00,17.39,0.00,0.00,5.43,0.00,0.00,0.00,60.87
08:39:53,7,17.39,0.00,14.13,0.00,0.00,4.35,0.00,0.00,0.00,64.13
08:39:53,12,18.28,0.00,15.05,0.00,0.00,5.38,0.00,0.00,0.00,61.29
08:39:53,13,19.57,0.00,16.30,0.00,0.00,5.43,0.00,0.00,0.00,58.70
08:39:53,14,15.91,0.00,14.77,0.00,0.00,4.55,0.00,0.00,0.00,64.77
08:39:53,15,17.02,0.00,13.83,0.00,0.00,6.38,0.00,0.00,0.00,62.77
08:39:54,4,15.38,0.00,15.38,0.00,0.00,5.49,0.00,0.00,0.00,63.74
08:39:54,5,16.48,0.00,13.19,0.00,0.00,5.49,0.00,0.00,0.00,64.84
08:39:54,6,17.39,0.00,14.13,0.00,0.00,5.43,0.00,0.00,0.00,63.04
08:39:54,7,12.63,0.00,15.79,0.00,0.00,6.32,0.00,0.00,0.00,65.26
08:39:54,12,16.30,0.00,13.04,0.00,0.00,6.52,0.00,0.00,0.00,64.13
08:39:54,13,16.48,0.00,14.29,0.00,0.00,6.59,0.00,0.00,0.00,62.64
08:39:54,14,16.30,0.00,14.13,0.00,0.00,6.52,0.00,0.00,0.00,63.04
08:39:54,15,15.96,0.00,12.77,0.00,0.00,5.32,0.00,0.00,0.00,65.96
08:39:55,4,17.58,0.00,14.29,0.00,0.00,5.49,0.00,0.00,0.00,62.64
08:39:55,5,16.48,0.00,15.38,0.00,0.00,4.40,0.00,0.00,0.00,63.74
08:39:55,6,15.56,0.00,15.56,0.00,0.00,4.44,0.00,0.00,0.00,64.44
08:39:55,7,13.19,0.00,14.29,0.00,0.00,5.49,0.00,0.00,0.00,67.03
08:39:55,12,18.28,0.00,15.05,0.00,0.00,5.38,0.00,0.00,0.00,61.29
08:39:55,13,15.05,0.00,19.35,0.00,0.00,4.30,0.00,0.00,0.00,61.29
08:39:55,14,17.58,0.00,14.29,0.00,0.00,6.59,0.00,0.00,0.00,61.54
08:39:55,15,17.20,0.00,12.90,0.00,0.00,5.38,0.00,0.00,0.00,64.52
08:39:56,4,16.13,0.00,16.13,0.00,0.00,6.45,0.00,0.00,0.00,61.29
08:39:56,5,17.39,0.00,14.13,0.00,0.00,5.43,0.00,0.00,0.00,63.04
08:39:56,6,16.67,0.00,13.33,0.00,0.00,5.56,0.00,0.00,0.00,64.44
08:39:56,7,16.13,0.00,15.05,0.00,0.00,5.38,0.00,0.00,0.00,63.44
08:39:56,12,14.44,0.00,16.67,1.11,0.00,5.56,0.00,0.00,0.00,62.22
08:39:56,13,16.67,0.00,15.56,0.00,0.00,4.44,0.00,0.00,0.00,63.33
08:39:56,14,16.84,0.00,14.74,0.00,0.00,6.32,0.00,0.00,0.00,62.11
08:39:56,15,17.39,0.00,14.13,0.00,0.00,4.35,0.00,0.00,0.00,64.13
08:39:57,4,16.30,0.00,14.13,0.00,0.00,6.52,0.00,0.00,0.00,63.04
08:39:57,5,17.39,0.00,15.22,0.00,0.00,5.43,0.00,0.00,0.00,61.96
08:39:57,6,15.38,0.00,15.38,0.00,0.00,5.49,0.00,0.00,0.00,63.74
08:39:57,7,14.29,0.00,15.38,0.00,0.00,5.49,0.00,0.00,0.00,64.84
08:39:57,12,15.56,0.00,15.56,0.00,0.00,5.56,0.00,0.00,0.00,63.33
08:39:57,13,18.09,0.00,14.89,0.00,0.00,5.32,0.00,0.00,0.00,61.70
08:39:57,14,19.15,0.00,17.02,0.00,0.00,5.32,0.00,0.00,0.00,58.51
08:39:57,15,14.44,0.00,14.44,0.00,0.00,6.67,0.00,0.00,0.00,64.44
08:39:58,4,18.09,0.00,15.96,0.00,0.00,5.32,0.00,0.00,0.00,60.64
08:39:58,5,16.48,0.00,15.38,0.00,0.00,6.59,0.00,0.00,0.00,61.54
08:39:58,6,15.05,0.00,16.13,0.00,0.00,6.45,0.00,0.00,0.00,62.37
08:39:58,7,16.30,0.00,13.04,0.00,0.00,5.43,0.00,0.00,0.00,65.22
08:39:58,12,17.39,0.00,16.30,0.00,0.00,5.43,0.00,0.00,0.00,60.87
08:39:58,13,20.00,0.00,16.84,0.00,0.00,5.26,0.00,0.00,0.00,57.89
08:39:58,14,15.38,0.00,13.19,0.00,0.00,6.59,0.00,0.00,0.00,64.84
08:39:58,15,16.13,0.00,15.05,0.00,0.00,5.38,0.00,0.00,0.00,63.44
08:39:59,4,16.67,0.00,13.33,0.00,0.00,6.67,0.00,0.00,0.00,63.33
08:39:59,5,17.89,0.00,15.79,0.00,0.00,6.32,0.00,0.00,0.00,60.00
08:39:59,6,17.02,0.00,13.83,0.00,0.00,6.38,0.00,0.00,0.00,62.77
08:39:59,7,15.79,0.00,12.63,0.00,0.00,6.32,0.00,0.00,0.00,65.26
08:39:59,12,17.02,0.00,15.96,0.00,0.00,6.38,0.00,0.00,0.00,60.64
08:39:59,13,16.85,0.00,14.61,0.00,0.00,5.62,0.00,0.00,0.00,62.92
08:39:59,14,16.30,0.00,14.13,0.00,0.00,6.52,0.00,0.00,0.00,63.04
08:39:59,15,15.05,0.00,15.05,0.00,0.00,4.30,0.00,0.00,0.00,65.59
08:40:00,4,13.79,0.00,13.79,0.00,0.00,5.75,0.00,0.00,0.00,66.67
08:40:00,5,18.89,0.00,14.44,0.00,0.00,3.33,0.00,0.00,0.00,63.33
08:40:00,6,17.20,0.00,13.98,0.00,0.00,5.38,0.00,0.00,0.00,63.44
08:40:00,7,17.20,0.00,13.98,0.00,0.00,3.23,0.00,0.00,0.00,65.59
08:40:00,12,16.48,0.00,14.29,0.00,0.00,5.49,0.00,0.00,0.00,63.74
08:40:00,13,15.38,0.00,16.48,0.00,0.00,5.49,0.00,0.00,0.00,62.64
08:40:00,14,17.02,0.00,14.89,0.00,0.00,6.38,0.00,0.00,0.00,61.70
08:40:00,15,14.61,0.00,13.48,0.00,0.00,5.62,0.00,0.00,0.00,66.29
08:40:01,4,19.15,0.00,13.83,1.06,0.00,5.32,0.00,0.00,0.00,60.64
08:40:01,5,15.96,0.00,14.89,1.06,0.00,6.38,0.00,0.00,0.00,61.70
08:40:01,6,17.89,0.00,13.68,0.00,0.00,5.26,0.00,0.00,0.00,63.16
08:40:01,7,16.30,0.00,13.04,0.00,0.00,4.35,0.00,0.00,0.00,66.30
08:40:01,12,16.13,0.00,15.05,0.00,0.00,6.45,0.00,0.00,0.00,62.37
08:40:01,13,18.48,0.00,15.22,0.00,0.00,5.43,0.00,0.00,0.00,60.87
08:40:01,14,17.20,0.00,16.13,0.00,0.00,5.38,0.00,0.00,0.00,61.29
08:40:01,15,17.20,0.00,13.98,0.00,0.00,5.38,0.00,0.00,0.00,63.44
08:40:02,4,17.58,0.00,14.29,0.00,0.00,5.49,0.00,0.00,0.00,62.64
08:40:02,5,15.38,0.00,15.38,0.00,0.00,5.49,0.00,0.00,0.00,63.74
08:40:02,6,16.67,0.00,13.33,0.00,0.00,5.56,0.00,0.00,0.00,64.44
08:40:02,7,15.96,0.00,12.77,0.00,0.00,5.32,0.00,0.00,0.00,65.96
08:40:02,12,16.13,0.00,15.05,0.00,0.00,6.45,0.00,0.00,0.00,62.37
08:40:02,13,16.85,0.00,13.48,0.00,0.00,5.62,0.00,0.00,0.00,64.04
08:40:02,14,17.02,0.00,13.83,0.00,0.00,6.38,0.00,0.00,0.00,62.77
08:40:02,15,14.13,0.00,14.13,0.00,0.00,5.43,0.00,0.00,0.00,66.30
08:40:03,4,18.68,0.00,17.58,0.00,0.00,4.40,0.00,0.00,0.00,59.34
08:40:03,5,20.21,0.00,13.83,0.00,0.00,7.45,0.00,0.00,0.00,58.51
08:40:03,6,17.39,0.00,14.13,0.00,0.00,6.52,0.00,0.00,0.00,61.96
08:40:03,7,14.13,0.00,15.22,0.00,0.00,6.52,0.00,0.00,0.00,64.13
08:40:03,12,18.89,0.00,16.67,0.00,0.00,5.56,0.00,0.00,0.00,58.89
08:40:03,13,17.58,0.00,15.38,0.00,0.00,4.40,0.00,0.00,0.00,62.64
08:40:03,14,18.28,0.00,15.05,0.00,0.00,5.38,0.00,0.00,0.00,61.29
08:40:03,15,15.79,0.00,15.79,0.00,0.00,6.32,0.00,0.00,0.00,62.11
08:40:04,4,17.39,0.00,14.13,0.00,0.00,5.43,0.00,0.00,0.00,63.04
08:40:04,5,16.48,0.00,15.38,0.00,0.00,5.49,0.00,0.00,0.00,62.64
08:40:04,6,17.39,0.00,11.96,0.00,0.00,6.52,0.00,0.00,0.00,64.13
08:40:04,7,17.89,0.00,12.63,0.00,0.00,6.32,0.00,0.00,0.00,63.16
08:40:04,12,17.20,0.00,16.13,0.00,0.00,4.30,0.00,0.00,0.00,62.37
08:40:04,13,15.38,0.00,16.48,0.00,0.00,5.49,0.00,0.00,0.00,62.64
08:40:04,14,14.44,0.00,16.67,0.00,0.00,5.56,0.00,0.00,0.00,63.33
08:40:04,15,15.38,0.00,14.29,0.00,0.00,5.49,0.00,0.00,0.00,64.84
08:40:05,4,17.20,0.00,15.05,0.00,0.00,5.38,0.00,0.00,0.00,62.37
08:40:05,5,16.67,0.00,13.33,0.00,0.00,7.78,0.00,0.00,0.00,62.22
08:40:05,6,15.38,0.00,14.29,0.00,0.00,6.59,0.00,0.00,0.00,63.74
08:40:05,7,15.56,0.00,12.22,0.00,0.00,5.56,0.00,0.00,0.00,66.67
08:40:05,12,17.78,0.00,11.11,0.00,0.00,5.56,0.00,0.00,0.00,65.56
08:40:05,13,19.35,0.00,15.05,0.00,0.00,5.38,0.00,0.00,0.00,60.22
08:40:05,14,17.20,0.00,15.05,0.00,0.00,5.38,0.00,0.00,0.00,62.37
08:40:05,15,16.48,0.00,13.19,0.00,0.00,5.49,0.00,0.00,0.00,64.84
08:40:06,4,17.39,0.00,15.22,0.00,0.00,4.35,0.00,0.00,0.00,63.04
08:40:06,5,16.48,0.00,14.29,0.00,0.00,6.59,0.00,0.00,0.00,62.64
08:40:06,6,18.28,0.00,15.05,0.00,0.00,6.45,0.00,0.00,0.00,60.22
08:40:06,7,12.90,0.00,16.13,1.08,0.00,5.38,0.00,0.00,0.00,64.52
08:40:06,12,17.20,0.00,13.98,0.00,0.00,6.45,0.00,0.00,0.00,62.37
08:40:06,13,15.96,0.00,15.96,0.00,0.00,6.38,0.00,0.00,0.00,61.70
08:40:06,14,17.58,0.00,13.19,0.00,0.00,6.59,0.00,0.00,0.00,62.64
08:40:06,15,16.13,0.00,13.98,0.00,0.00,5.38,0.00,0.00,0.00,64.52
08:40:07,4,16.30,0.00,15.22,0.00,0.00,4.35,0.00,0.00,0.00,64.13
08:40:07,5,17.20,0.00,15.05,0.00,0.00,6.45,0.00,0.00,0.00,61.29
08:40:07,6,16.84,0.00,15.79,0.00,0.00,5.26,0.00,0.00,0.00,62.11
08:40:07,7,15.38,0.00,14.29,0.00,0.00,5.49,0.00,0.00,0.00,64.84
08:40:07,12,18.48,0.00,13.04,0.00,0.00,5.43,0.00,0.00,0.00,63.04
08:40:07,13,17.58,0.00,13.19,0.00,0.00,5.49,0.00,0.00,0.00,63.74
08:40:07,14,17.20,0.00,15.05,0.00,0.00,5.38,0.00,0.00,0.00,62.37
08:40:07,15,16.13,0.00,16.13,0.00,0.00,4.30,0.00,0.00,0.00,63.44
08:40:08,4,19.78,0.00,15.38,0.00,0.00,5.49,0.00,0.00,0.00,59.34
08:40:08,5,18.28,0.00,17.20,0.00,0.00,5.38,0.00,0.00,0.00,59.14
08:40:08,6,15.38,0.00,15.38,0.00,0.00,6.59,0.00,0.00,0.00,62.64
08:40:08,7,14.74,0.00,16.84,0.00,0.00,7.37,0.00,0.00,0.00,61.05
08:40:08,12,15.96,0.00,15.96,0.00,0.00,6.38,0.00,0.00,0.00,61.70
08:40:08,13,16.30,0.00,17.39,0.00,0.00,5.43,0.00,0.00,0.00,60.87
08:40:08,14,18.89,0.00,13.33,0.00,0.00,5.56,0.00,0.00,0.00,62.22
08:40:08,15,16.48,0.00,13.19,0.00,0.00,5.49,0.00,0.00,0.00,64.84
08:40:09,4,20.00,0.00,14.44,0.00,0.00,4.44,0.00,0.00,0.00,61.11
08:40:09,5,17.05,0.00,13.64,0.00,0.00,5.68,0.00,0.00,0.00,63.64
08:40:09,6,15.38,0.00,15.38,0.00,0.00,6.59,0.00,0.00,0.00,62.64
08:40:09,7,14.61,0.00,14.61,0.00,0.00,4.49,0.00,0.00,0.00,66.29
08:40:09,12,14.77,0.00,13.64,0.00,0.00,5.68,0.00,0.00,0.00,65.91
08:40:09,13,15.56,0.00,17.78,0.00,0.00,6.67,0.00,0.00,0.00,60.00
08:40:09,14,15.96,0.00,15.96,0.00,0.00,6.38,0.00,0.00,0.00,61.70
08:40:09,15,19.35,0.00,10.75,0.00,0.00,5.38,0.00,0.00,0.00,64.52
08:40:10,4,15.79,0.00,16.84,0.00,0.00,5.26,0.00,0.00,0.00,62.11
08:40:10,5,16.48,0.00,13.19,0.00,0.00,5.49,0.00,0.00,0.00,64.84
08:40:10,6,16.67,0.00,12.22,0.00,0.00,4.44,0.00,0.00,0.00,66.67
08:40:10,7,15.56,0.00,13.33,0.00,0.00,4.44,0.00,0.00,0.00,66.67
08:40:10,12,16.30,0.00,14.13,0.00,0.00,5.43,0.00,0.00,0.00,64.13
08:40:10,13,17.58,0.00,13.19,0.00,0.00,5.49,0.00,0.00,0.00,63.74
08:40:10,14,17.58,0.00,12.09,0.00,0.00,5.49,0.00,0.00,0.00,64.84
08:40:10,15,15.05,0.00,13.98,0.00,0.00,7.53,0.00,0.00,0.00,63.44
08:40:11,4,17.20,0.00,16.13,0.00,0.00,5.38,0.00,0.00,0.00,61.29
08:40:11,5,18.18,0.00,15.91,0.00,0.00,4.55,0.00,0.00,0.00,61.36
08:40:11,6,17.02,0.00,13.83,0.00,0.00,6.38,0.00,0.00,0.00,62.77
08:40:11,7,17.58,0.00,10.99,0.00,0.00,5.49,0.00,0.00,0.00,65.93
08:40:11,12,18.95,0.00,15.79,0.00,0.00,6.32,0.00,0.00,0.00,58.95
08:40:11,13,16.30,0.00,15.22,0.00,0.00,6.52,0.00,0.00,0.00,61.96
08:40:11,14,15.05,0.00,16.13,0.00,0.00,6.45,0.00,0.00,0.00,62.37
08:40:11,15,16.48,0.00,12.09,0.00,0.00,5.49,0.00,0.00,0.00,65.93
08:40:12,4,17.89,0.00,12.63,0.00,0.00,7.37,0.00,0.00,0.00,62.11
08:40:12,5,16.13,0.00,15.05,0.00,0.00,6.45,0.00,0.00,0.00,62.37
08:40:12,6,18.09,0.00,12.77,0.00,0.00,6.38,0.00,0.00,0.00,62.77
08:40:12,7,16.30,0.00,13.04,0.00,0.00,5.43,0.00,0.00,0.00,65.22
08:40:12,12,17.39,0.00,14.13,0.00,0.00,4.35,0.00,0.00,0.00,64.13
08:40:12,13,17.98,0.00,12.36,0.00,0.00,5.62,0.00,0.00,0.00,64.04
08:40:12,14,18.75,0.00,14.58,0.00,0.00,5.21,0.00,0.00,0.00,61.46
08:40:12,15,17.39,0.00,14.13,0.00,0.00,4.35,0.00,0.00,0.00,64.13
08:40:13,4,16.85,0.00,15.73,0.00,0.00,5.62,0.00,0.00,0.00,61.80
08:40:13,5,16.13,0.00,16.13,0.00,0.00,5.38,0.00,0.00,0.00,62.37
08:40:13,6,18.09,0.00,13.83,0.00,0.00,6.38,0.00,0.00,0.00,61.70
08:40:13,7,13.04,0.00,15.22,0.00,0.00,5.43,0.00,0.00,0.00,66.30
08:40:13,12,15.79,0.00,14.74,0.00,0.00,6.32,0.00,0.00,0.00,63.16
08:40:13,13,20.21,0.00,14.89,0.00,0.00,6.38,0.00,0.00,0.00,58.51
08:40:13,14,18.28,0.00,13.98,0.00,0.00,6.45,0.00,0.00,0.00,61.29
08:40:13,15,15.05,0.00,15.05,0.00,0.00,5.38,0.00,0.00,0.00,64.52
08:40:14,4,15.56,0.00,15.56,0.00,0.00,5.56,0.00,0.00,0.00,63.33
08:40:14,5,15.38,0.00,17.58,0.00,0.00,5.49,0.00,0.00,0.00,61.54
08:40:14,6,18.28,0.00,13.98,0.00,0.00,5.38,0.00,0.00,0.00,62.37
08:40:14,7,14.74,0.00,14.74,0.00,0.00,6.32,0.00,0.00,0.00,64.21
08:40:14,12,18.09,0.00,14.89,0.00,0.00,5.32,0.00,0.00,0.00,61.70
08:40:14,13,17.39,0.00,15.22,0.00,0.00,6.52,0.00,0.00,0.00,60.87
08:40:14,14,18.09,0.00,14.89,0.00,0.00,5.32,0.00,0.00,0.00,61.70
08:40:14,15,13.33,0.00,14.44,0.00,0.00,4.44,0.00,0.00,0.00,67.78
08:40:15,4,17.39,0.00,13.04,0.00,0.00,5.43,0.00,0.00,0.00,64.13
08:40:15,5,18.28,0.00,15.05,0.00,0.00,6.45,0.00,0.00,0.00,60.22
08:40:15,6,14.89,0.00,14.89,0.00,0.00,7.45,0.00,0.00,0.00,62.77
08:40:15,7,16.13,0.00,16.13,0.00,0.00,5.38,0.00,0.00,0.00,62.37
08:40:15,12,14.44,0.00,14.44,0.00,0.00,5.56,0.00,0.00,0.00,65.56
08:40:15,13,17.78,0.00,12.22,0.00,0.00,5.56,0.00,0.00,0.00,64.44
08:40:15,14,16.30,0.00,16.30,0.00,0.00,4.35,0.00,0.00,0.00,63.04
08:40:15,15,16.13,0.00,15.05,0.00,0.00,4.30,0.00,0.00,0.00,64.52
08:40:16,4,17.78,0.00,13.33,0.00,0.00,4.44,0.00,0.00,0.00,64.44
08:40:16,5,15.38,0.00,15.38,0.00,0.00,6.59,0.00,0.00,0.00,62.64
08:40:16,6,18.28,0.00,12.90,0.00,0.00,5.38,0.00,0.00,0.00,63.44
08:40:16,7,15.22,0.00,15.22,0.00,0.00,4.35,0.00,0.00,0.00,65.22
08:40:16,12,17.58,0.00,15.38,1.10,0.00,5.49,0.00,0.00,0.00,60.44
08:40:16,13,16.30,0.00,15.22,0.00,0.00,5.43,0.00,0.00,0.00,63.04
08:40:16,14,16.48,0.00,14.29,0.00,0.00,5.49,0.00,0.00,0.00,63.74
08:40:16,15,15.38,0.00,14.29,0.00,0.00,6.59,0.00,0.00,0.00,63.74
08:40:17,4,16.30,0.00,13.04,0.00,0.00,5.43,0.00,0.00,0.00,65.22
08:40:17,5,18.28,0.00,11.83,0.00,0.00,5.38,0.00,0.00,0.00,64.52
08:40:17,6,14.44,0.00,14.44,0.00,0.00,5.56,0.00,0.00,0.00,65.56
08:40:17,7,16.30,0.00,13.04,0.00,0.00,6.52,0.00,0.00,0.00,64.13
08:40:17,12,16.48,0.00,13.19,0.00,0.00,5.49,0.00,0.00,0.00,64.84
08:40:17,13,13.33,0.00,15.56,0.00,0.00,4.44,0.00,0.00,0.00,66.67
08:40:17,14,15.38,0.00,14.29,0.00,0.00,5.49,0.00,0.00,0.00,64.84
08:40:17,15,14.13,0.00,14.13,0.00,0.00,5.43,0.00,0.00,0.00,66.30
08:40:18,4,17.58,0.00,15.38,0.00,0.00,4.40,0.00,0.00,0.00,62.64
08:40:18,5,17.20,0.00,13.98,0.00,0.00,6.45,0.00,0.00,0.00,62.37
08:40:18,6,17.39,0.00,13.04,0.00,0.00,6.52,0.00,0.00,0.00,63.04
08:40:18,7,15.62,0.00,15.62,0.00,0.00,5.21,0.00,0.00,0.00,63.54
08:40:18,12,15.38,0.00,16.48,0.00,0.00,4.40,0.00,0.00,0.00,63.74
08:40:18,13,17.02,0.00,14.89,0.00,0.00,6.38,0.00,0.00,0.00,61.70
08:40:18,14,15.05,0.00,17.20,0.00,0.00,4.30,0.00,0.00,0.00,63.44
08:40:18,15,13.48,0.00,14.61,0.00,0.00,4.49,0.00,0.00,0.00,67.42
08:40:19,4,17.20,0.00,17.20,0.00,0.00,5.38,0.00,0.00,0.00,60.22
08:40:19,5,18.48,0.00,14.13,0.00,0.00,6.52,0.00,0.00,0.00,60.87
08:40:19,6,16.13,0.00,17.20,0.00,0.00,5.38,0.00,0.00,0.00,61.29
08:40:19,7,15.22,0.00,14.13,0.00,0.00,4.35,0.00,0.00,0.00,66.30
08:40:19,12,16.13,0.00,16.13,0.00,0.00,7.53,0.00,0.00,0.00,60.22
08:40:19,13,19.35,0.00,19.35,0.00,0.00,5.38,0.00,0.00,0.00,55.91
08:40:19,14,17.20,0.00,15.05,0.00,0.00,6.45,0.00,0.00,0.00,61.29
08:40:19,15,16.30,0.00,14.13,0.00,0.00,5.43,0.00,0.00,0.00,64.13
08:40:20,4,17.58,0.00,13.19,0.00,0.00,5.49,0.00,0.00,0.00,63.74
08:40:20,5,18.28,0.00,12.90,0.00,0.00,5.38,0.00,0.00,0.00,63.44
08:40:20,6,16.13,0.00,15.05,0.00,0.00,5.38,0.00,0.00,0.00,63.44
08:40:20,7,15.22,0.00,14.13,0.00,0.00,5.43,0.00,0.00,0.00,65.22
08:40:20,12,16.30,0.00,13.04,0.00,0.00,6.52,0.00,0.00,0.00,64.13
08:40:20,13,18.48,0.00,14.13,0.00,0.00,5.43,0.00,0.00,0.00,61.96
08:40:20,14,17.20,0.00,16.13,0.00,0.00,6.45,0.00,0.00,0.00,60.22
08:40:20,15,17.20,0.00,15.05,0.00,0.00,4.30,0.00,0.00,0.00,63.44
08:40:21,4,17.20,0.00,15.05,0.00,0.00,4.30,0.00,0.00,0.00,63.44
08:40:21,5,16.85,0.00,15.73,0.00,0.00,4.49,0.00,0.00,0.00,62.92
08:40:21,6,17.20,0.00,17.20,1.08,0.00,4.30,0.00,0.00,0.00,60.22
08:40:21,7,14.89,0.00,14.89,0.00,0.00,5.32,0.00,0.00,0.00,64.89
08:40:21,12,16.48,0.00,14.29,0.00,0.00,5.49,0.00,0.00,0.00,63.74
08:40:21,13,18.48,0.00,18.48,0.00,0.00,4.35,0.00,0.00,0.00,58.70
08:40:21,14,17.58,0.00,15.38,0.00,0.00,4.40,0.00,0.00,0.00,62.64
08:40:21,15,14.29,0.00,15.38,0.00,0.00,5.49,0.00,0.00,0.00,64.84
08:40:22,4,16.48,0.00,14.29,0.00,0.00,4.40,0.00,0.00,0.00,64.84
08:40:22,5,16.67,0.00,14.44,0.00,0.00,4.44,0.00,0.00,0.00,64.44
08:40:22,6,15.22,0.00,15.22,0.00,0.00,5.43,0.00,0.00,0.00,64.13
08:40:22,7,14.13,0.00,13.04,0.00,0.00,5.43,0.00,0.00,0.00,67.39
08:40:22,12,16.30,0.00,15.22,0.00,0.00,6.52,0.00,0.00,0.00,61.96
08:40:22,13,17.71,0.00,15.62,0.00,0.00,6.25,0.00,0.00,0.00,60.42
08:40:22,14,18.09,0.00,14.89,0.00,0.00,4.26,0.00,0.00,0.00,62.77
08:40:22,15,15.79,0.00,13.68,0.00,0.00,5.26,0.00,0.00,0.00,65.26
08:40:23,4,14.29,0.00,15.38,0.00,0.00,5.49,0.00,0.00,0.00,64.84
08:40:23,5,17.20,0.00,15.05,0.00,0.00,4.30,0.00,0.00,0.00,63.44
08:40:23,6,16.13,0.00,13.98,0.00,0.00,5.38,0.00,0.00,0.00,64.52
08:40:23,7,13.04,0.00,14.13,0.00,0.00,5.43,0.00,0.00,0.00,67.39
08:40:23,12,14.29,0.00,16.48,0.00,0.00,5.49,0.00,0.00,0.00,63.74
08:40:23,13,14.61,0.00,16.85,0.00,0.00,6.74,0.00,0.00,0.00,61.80
08:40:23,14,16.13,0.00,16.13,0.00,0.00,6.45,0.00,0.00,0.00,61.29
08:40:23,15,16.30,0.00,13.04,0.00,0.00,5.43,0.00,0.00,0.00,65.22
08:40:24,4,19.78,0.00,13.19,0.00,0.00,6.59,0.00,0.00,0.00,60.44
08:40:24,5,18.28,0.00,17.20,0.00,0.00,5.38,0.00,0.00,0.00,59.14
08:40:24,6,17.39,0.00,15.22,0.00,0.00,5.43,0.00,0.00,0.00,61.96
08:40:24,7,16.13,0.00,12.90,0.00,0.00,6.45,0.00,0.00,0.00,64.52
08:40:24,12,20.88,0.00,14.29,0.00,0.00,4.40,0.00,0.00,0.00,60.44
08:40:24,13,17.78,0.00,17.78,0.00,0.00,4.44,0.00,0.00,0.00,60.00
08:40:24,14,19.78,0.00,14.29,0.00,0.00,5.49,0.00,0.00,0.00,60.44
08:40:24,15,16.30,0.00,14.13,0.00,0.00,5.43,0.00,0.00,0.00,64.13
08:40:25,4,17.39,0.00,14.13,0.00,0.00,5.43,0.00,0.00,0.00,63.04
08:40:25,5,16.30,0.00,14.13,0.00,0.00,5.43,0.00,0.00,0.00,64.13
08:40:25,6,17.20,0.00,13.98,0.00,0.00,6.45,0.00,0.00,0.00,62.37
08:40:25,7,13.04,0.00,15.22,0.00,0.00,4.35,0.00,0.00,0.00,67.39
08:40:25,12,16.67,0.00,12.22,0.00,0.00,6.67,0.00,0.00,0.00,64.44
08:40:25,13,17.58,0.00,14.29,0.00,0.00,5.49,0.00,0.00,0.00,62.64
08:40:25,14,17.89,0.00,15.79,0.00,0.00,5.26,0.00,0.00,0.00,61.05
08:40:25,15,16.30,0.00,13.04,0.00,0.00,6.52,0.00,0.00,0.00,64.13
08:40:26,4,16.13,0.00,15.05,0.00,0.00,6.45,0.00,0.00,0.00,62.37
08:40:26,5,15.22,0.00,15.22,1.09,0.00,5.43,0.00,0.00,0.00,63.04
08:40:26,6,17.58,0.00,14.29,0.00,0.00,6.59,0.00,0.00,0.00,61.54
08:40:26,7,14.29,0.00,13.19,0.00,0.00,5.49,0.00,0.00,0.00,67.03
08:40:26,12,17.39,0.00,14.13,0.00,0.00,4.35,0.00,0.00,0.00,64.13
08:40:26,13,19.57,0.00,15.22,0.00,0.00,4.35,0.00,0.00,0.00,60.87
08:40:26,14,19.15,0.00,13.83,0.00,0.00,5.32,0.00,0.00,0.00,61.70
08:40:26,15,14.13,0.00,14.13,0.00,0.00,6.52,0.00,0.00,0.00,65.22
08:40:27,4,18.68,0.00,13.19,0.00,0.00,4.40,0.00,0.00,0.00,63.74
08:40:27,5,17.20,0.00,17.20,0.00,0.00,5.38,0.00,0.00,0.00,60.22
08:40:27,6,16.30,0.00,14.13,0.00,0.00,5.43,0.00,0.00,0.00,64.13
08:40:27,7,14.58,0.00,15.62,0.00,0.00,5.21,0.00,0.00,0.00,64.58
08:40:27,12,15.56,0.00,15.56,0.00,0.00,5.56,0.00,0.00,0.00,63.33
08:40:27,13,16.67,0.00,15.56,0.00,0.00,4.44,0.00,0.00,0.00,63.33
08:40:27,14,16.13,0.00,15.05,0.00,0.00,5.38,0.00,0.00,0.00,63.44
08:40:27,15,15.22,0.00,13.04,0.00,0.00,5.43,0.00,0.00,0.00,66.30
08:40:28,4,17.78,0.00,14.44,0.00,0.00,5.56,0.00,0.00,0.00,62.22
08:40:28,5,17.78,0.00,14.44,0.00,0.00,4.44,0.00,0.00,0.00,63.33
08:40:28,6,14.77,0.00,14.77,0.00,0.00,4.55,0.00,0.00,0.00,65.91
08:40:28,7,15.96,0.00,14.89,0.00,0.00,5.32,0.00,0.00,0.00,63.83
08:40:28,12,15.96,0.00,14.89,0.00,0.00,7.45,0.00,0.00,0.00,61.70
08:40:28,13,17.89,0.00,14.74,0.00,0.00,5.26,0.00,0.00,0.00,62.11
08:40:28,14,16.13,0.00,13.98,0.00,0.00,5.38,0.00,0.00,0.00,64.52
08:40:28,15,15.62,0.00,13.54,0.00,0.00,6.25,0.00,0.00,0.00,64.58
08:40:29,4,18.48,0.00,15.22,0.00,0.00,6.52,0.00,0.00,0.00,59.78
08:40:29,5,16.30,0.00,17.39,0.00,0.00,5.43,0.00,0.00,0.00,60.87
08:40:29,6,14.61,0.00,14.61,0.00,0.00,6.74,0.00,0.00,0.00,64.04
08:40:29,7,15.22,0.00,14.13,0.00,0.00,4.35,0.00,0.00,0.00,66.30
08:40:29,12,20.21,0.00,15.96,0.00,0.00,5.32,0.00,0.00,0.00,58.51
08:40:29,13,16.30,0.00,15.22,0.00,0.00,6.52,0.00,0.00,0.00,61.96
08:40:29,14,21.28,0.00,15.96,0.00,0.00,5.32,0.00,0.00,0.00,57.45
08:40:29,15,13.33,0.00,14.44,0.00,0.00,5.56,0.00,0.00,0.00,66.67
08:40:30,4,17.39,0.00,14.13,0.00,0.00,5.43,0.00,0.00,0.00,63.04
08:40:30,5,18.48,0.00,14.13,0.00,0.00,6.52,0.00,0.00,0.00,60.87
08:40:30,6,17.39,0.00,10.87,0.00,0.00,7.61,0.00,0.00,0.00,64.13
08:40:30,7,13.04,0.00,15.22,0.00,0.00,5.43,0.00,0.00,0.00,66.30
08:40:30,12,18.28,0.00,12.90,0.00,0.00,6.45,0.00,0.00,0.00,62.37
08:40:30,13,16.30,0.00,14.13,0.00,0.00,6.52,0.00,0.00,0.00,63.04
08:40:30,14,17.20,0.00,12.90,0.00,0.00,5.38,0.00,0.00,0.00,64.52
08:40:30,15,15.38,0.00,12.09,0.00,0.00,4.40,0.00,0.00,0.00,68.13
08:40:31,4,14.29,0.00,15.38,0.00,0.00,6.59,0.00,0.00,0.00,63.74
08:40:31,5,16.67,0.00,16.67,0.00,0.00,5.56,0.00,0.00,0.00,61.11
08:40:31,6,17.58,0.00,13.19,0.00,0.00,5.49,0.00,0.00,0.00,63.74
08:40:31,7,17.20,0.00,12.90,0.00,0.00,5.38,0.00,0.00,0.00,64.52
08:40:31,12,18.48,0.00,14.13,0.00,0.00,6.52,0.00,0.00,0.00,60.87
08:40:31,13,18.28,0.00,12.90,0.00,0.00,6.45,0.00,0.00,0.00,62.37
08:40:31,14,16.67,0.00,13.33,0.00,0.00,5.56,0.00,0.00,0.00,64.44
08:40:31,15,15.38,0.00,12.09,0.00,0.00,6.59,0.00,0.00,0.00,65.93
08:40:32,4,16.67,0.00,17.78,0.00,0.00,4.44,0.00,0.00,0.00,61.11
08:40:32,5,16.67,0.00,13.33,0.00,0.00,5.56,0.00,0.00,0.00,64.44
08:40:32,6,14.61,0.00,15.73,0.00,0.00,5.62,0.00,0.00,0.00,64.04
08:40:32,7,15.22,0.00,16.30,0.00,0.00,4.35,0.00,0.00,0.00,64.13
08:40:32,12,17.20,0.00,15.05,0.00,0.00,6.45,0.00,0.00,0.00,61.29
08:40:32,13,18.68,0.00,13.19,0.00,0.00,5.49,0.00,0.00,0.00,62.64
08:40:32,14,18.68,0.00,13.19,0.00,0.00,5.49,0.00,0.00,0.00,62.64
08:40:32,15,15.96,0.00,13.83,0.00,0.00,6.38,0.00,0.00,0.00,63.83
08:40:33,4,15.96,0.00,13.83,0.00,0.00,6.38,0.00,0.00,0.00,63.83
08:40:33,5,15.56,0.00,12.22,0.00,0.00,5.56,0.00,0.00,0.00,66.67
08:40:33,6,16.49,0.00,15.46,0.00,0.00,6.19,0.00,0.00,0.00,61.86
08:40:33,7,16.67,0.00,14.58,0.00,0.00,6.25,0.00,0.00,0.00,62.50
08:40:33,12,17.02,0.00,13.83,0.00,0.00,6.38,0.00,0.00,0.00,62.77
08:40:33,13,14.44,0.00,14.44,0.00,0.00,5.56,0.00,0.00,0.00,65.56
08:40:33,14,15.38,0.00,14.29,0.00,0.00,4.40,0.00,0.00,0.00,65.93
08:40:33,15,16.48,0.00,14.29,0.00,0.00,4.40,0.00,0.00,0.00,64.84
08:40:34,4,19.10,0.00,14.61,0.00,0.00,4.49,0.00,0.00,0.00,61.80
08:40:34,5,19.78,0.00,15.38,0.00,0.00,5.49,0.00,0.00,0.00,59.34
08:40:34,6,16.30,0.00,16.30,0.00,0.00,4.35,0.00,0.00,0.00,63.04
08:40:34,7,18.09,0.00,12.77,0.00,0.00,5.32,0.00,0.00,0.00,63.83
08:40:34,12,15.22,0.00,15.22,0.00,0.00,6.52,0.00,0.00,0.00,63.04
08:40:34,13,20.00,0.00,12.22,0.00,0.00,6.67,0.00,0.00,0.00,61.11
08:40:34,14,17.20,0.00,16.13,0.00,0.00,5.38,0.00,0.00,0.00,61.29
08:40:34,15,15.05,0.00,15.05,0.00,0.00,5.38,0.00,0.00,0.00,64.52
08:40:35,4,14.13,0.00,16.30,0.00,0.00,5.43,0.00,0.00,0.00,64.13
08:40:35,5,17.20,0.00,16.13,0.00,0.00,4.30,0.00,0.00,0.00,62.37
08:40:35,6,16.13,0.00,15.05,0.00,0.00,5.38,0.00,0.00,0.00,63.44
08:40:35,7,15.56,0.00,13.33,0.00,0.00,4.44,0.00,0.00,0.00,66.67
08:40:35,12,16.13,0.00,15.05,0.00,0.00,7.53,0.00,0.00,0.00,61.29
08:40:35,13,16.48,0.00,16.48,0.00,0.00,5.49,0.00,0.00,0.00,61.54
08:40:35,14,18.95,0.00,13.68,0.00,0.00,6.32,0.00,0.00,0.00,61.05
08:40:35,15,16.67,0.00,13.33,0.00,0.00,5.56,0.00,0.00,0.00,64.44
08:40:36,4,17.39,0.00,15.22,0.00,0.00,3.26,0.00,0.00,0.00,64.13
08:40:36,5,16.49,0.00,16.49,1.03,0.00,6.19,0.00,0.00,0.00,59.79
08:40:36,6,17.20,0.00,12.90,0.00,0.00,7.53,0.00,0.00,0.00,62.37
08:40:36,7,16.30,0.00,13.04,0.00,0.00,5.43,0.00,0.00,0.00,65.22
08:40:36,12,13.04,0.00,16.30,0.00,0.00,5.43,0.00,0.00,0.00,65.22
08:40:36,13,15.73,0.00,14.61,0.00,0.00,5.62,0.00,0.00,0.00,64.04
08:40:36,14,17.89,0.00,13.68,0.00,0.00,6.32,0.00,0.00,0.00,62.11
08:40:36,15,14.44,0.00,14.44,0.00,0.00,5.56,0.00,0.00,0.00,65.56
08:40:37,4,17.39,0.00,17.39,0.00,0.00,4.35,0.00,0.00,0.00,60.87
08:40:37,5,14.29,0.00,15.38,0.00,0.00,5.49,0.00,0.00,0.00,64.84
08:40:37,6,16.85,0.00,12.36,0.00,0.00,6.74,0.00,0.00,0.00,64.04
08:40:37,7,13.98,0.00,16.13,0.00,0.00,6.45,0.00,0.00,0.00,63.44
08:40:37,12,19.15,0.00,14.89,0.00,0.00,5.32,0.00,0.00,0.00,60.64
08:40:37,13,17.39,0.00,13.04,0.00,0.00,5.43,0.00,0.00,0.00,64.13
08:40:37,14,15.56,0.00,14.44,0.00,0.00,5.56,0.00,0.00,0.00,64.44
08:40:37,15,17.71,0.00,13.54,0.00,0.00,6.25,0.00,0.00,0.00,62.50
08:40:38,4,18.28,0.00,13.98,0.00,0.00,5.38,0.00,0.00,0.00,62.37
08:40:38,5,17.20,0.00,17.20,0.00,0.00,6.45,0.00,0.00,0.00,59.14
08:40:38,6,15.79,0.00,15.79,0.00,0.00,6.32,0.00,0.00,0.00,62.11
08:40:38,7,15.22,0.00,14.13,0.00,0.00,4.35,0.00,0.00,0.00,66.30
08:40:38,12,15.96,0.00,15.96,0.00,0.00,5.32,0.00,0.00,0.00,62.77
08:40:38,13,18.28,0.00,15.05,0.00,0.00,6.45,0.00,0.00,0.00,60.22
08:40:38,14,13.04,0.00,15.22,0.00,0.00,6.52,0.00,0.00,0.00,65.22
08:40:38,15,16.30,0.00,13.04,0.00,0.00,4.35,0.00,0.00,0.00,66.30
08:40:39,4,16.67,0.00,14.44,0.00,0.00,5.56,0.00,0.00,0.00,63.33
08:40:39,5,19.15,0.00,17.02,0.00,0.00,5.32,0.00,0.00,0.00,58.51
08:40:39,6,16.67,0.00,15.56,0.00,0.00,4.44,0.00,0.00,0.00,63.33
08:40:39,7,17.20,0.00,15.05,0.00,0.00,5.38,0.00,0.00,0.00,62.37
08:40:39,12,16.30,0.00,14.13,0.00,0.00,6.52,0.00,0.00,0.00,63.04
08:40:39,13,15.38,0.00,16.48,0.00,0.00,5.49,0.00,0.00,0.00,62.64
08:40:39,14,18.48,0.00,13.04,0.00,0.00,5.43,0.00,0.00,0.00,63.04
08:40:39,15,16.30,0.00,15.22,0.00,0.00,4.35,0.00,0.00,0.00,64.13
08:40:40,4,18.09,0.00,14.89,0.00,0.00,6.38,0.00,0.00,0.00,60.64
08:40:40,5,17.39,0.00,14.13,0.00,0.00,5.43,0.00,0.00,0.00,63.04
08:40:40,6,16.30,0.00,13.04,0.00,0.00,6.52,0.00,0.00,0.00,64.13
08:40:40,7,13.98,0.00,13.98,0.00,0.00,5.38,0.00,0.00,0.00,66.67
08:40:40,12,16.67,0.00,14.44,0.00,0.00,5.56,0.00,0.00,0.00,63.33
08:40:40,13,15.79,0.00,15.79,0.00,0.00,6.32,0.00,0.00,0.00,62.11
08:40:40,14,16.30,0.00,16.30,0.00,0.00,4.35,0.00,0.00,0.00,63.04
08:40:40,15,15.96,0.00,12.77,0.00,0.00,6.38,0.00,0.00,0.00,64.89
08:40:41,4,16.30,0.00,14.13,1.09,0.00,6.52,0.00,0.00,0.00,61.96
08:40:41,5,15.38,0.00,14.29,1.10,0.00,7.69,0.00,0.00,0.00,61.54
08:40:41,6,16.67,0.00,14.44,0.00,0.00,4.44,0.00,0.00,0.00,64.44
08:40:41,7,14.29,0.00,14.29,0.00,0.00,6.59,0.00,0.00,0.00,64.84
08:40:41,12,15.96,0.00,17.02,0.00,0.00,6.38,0.00,0.00,0.00,60.64
08:40:41,13,16.48,0.00,15.38,0.00,0.00,5.49,0.00,0.00,0.00,62.64
08:40:41,14,17.20,0.00,13.98,0.00,0.00,5.38,0.00,0.00,0.00,63.44
08:40:41,15,13.33,0.00,13.33,0.00,0.00,6.67,0.00,0.00,0.00,66.67
08:40:42,4,15.56,0.00,14.44,0.00,0.00,5.56,0.00,0.00,0.00,64.44
08:40:42,5,16.67,0.00,15.56,0.00,0.00,5.56,0.00,0.00,0.00,62.22
08:40:42,6,16.13,0.00,15.05,0.00,0.00,5.38,0.00,0.00,0.00,63.44
08:40:42,7,14.74,0.00,15.79,0.00,0.00,4.21,0.00,0.00,0.00,65.26
08:40:42,12,15.05,0.00,15.05,0.00,0.00,5.38,0.00,0.00,0.00,64.52
08:40:42,13,19.10,0.00,13.48,0.00,0.00,4.49,0.00,0.00,0.00,62.92
08:40:42,14,15.96,0.00,15.96,0.00,0.00,5.32,0.00,0.00,0.00,62.77
08:40:42,15,15.22,0.00,14.13,0.00,0.00,4.35,0.00,0.00,0.00,66.30
08:40:43,4,17.39,0.00,16.30,0.00,0.00,4.35,0.00,0.00,0.00,61.96
08:40:43,5,16.48,0.00,13.19,0.00,0.00,6.59,0.00,0.00,0.00,63.74
08:40:43,6,14.61,0.00,13.48,0.00,0.00,5.62,0.00,0.00,0.00,66.29
08:40:43,7,13.83,0.00,15.96,0.00,0.00,6.38,0.00,0.00,0.00,63.83
08:40:43,12,16.13,0.00,15.05,0.00,0.00,5.38,0.00,0.00,0.00,63.44
08:40:43,13,15.96,0.00,15.96,0.00,0.00,7.45,0.00,0.00,0.00,60.64
08:40:43,14,16.13,0.00,15.05,0.00,0.00,5.38,0.00,0.00,0.00,63.44
08:40:43,15,15.22,0.00,15.22,0.00,0.00,4.35,0.00,0.00,0.00,65.22
08:40:44,4,17.39,0.00,16.30,0.00,0.00,5.43,0.00,0.00,0.00,60.87
08:40:44,5,18.68,0.00,15.38,0.00,0.00,4.40,0.00,0.00,0.00,61.54
08:40:44,6,16.30,0.00,15.22,0.00,0.00,7.61,0.00,0.00,0.00,60.87
08:40:44,7,15.38,0.00,14.29,0.00,0.00,5.49,0.00,0.00,0.00,64.84
08:40:44,12,16.84,0.00,15.79,0.00,0.00,6.32,0.00,0.00,0.00,61.05
08:40:44,13,19.15,0.00,14.89,0.00,0.00,6.38,0.00,0.00,0.00,59.57
08:40:44,14,18.28,0.00,17.20,0.00,0.00,5.38,0.00,0.00,0.00,59.14
08:40:44,15,17.20,0.00,13.98,0.00,0.00,5.38,0.00,0.00,0.00,63.44
08:40:45,4,16.13,0.00,16.13,0.00,0.00,7.53,0.00,0.00,0.00,60.22
08:40:45,5,17.02,0.00,17.02,0.00,0.00,5.32,0.00,0.00,0.00,60.64
08:40:45,6,16.30,0.00,17.39,0.00,0.00,4.35,0.00,0.00,0.00,61.96
08:40:45,7,15.22,0.00,13.04,0.00,0.00,6.52,0.00,0.00,0.00,65.22
08:40:45,12,17.89,0.00,16.84,0.00,0.00,5.26,0.00,0.00,0.00,60.00
08:40:45,13,17.39,0.00,14.13,0.00,0.00,5.43,0.00,0.00,0.00,63.04
08:40:45,14,16.30,0.00,15.22,0.00,0.00,4.35,0.00,0.00,0.00,64.13
08:40:45,15,15.79,0.00,14.74,0.00,0.00,5.26,0.00,0.00,0.00,64.21
08:40:46,4,18.09,0.00,15.96,0.00,0.00,4.26,0.00,0.00,0.00,61.70
08:40:46,5,15.56,0.00,15.56,0.00,0.00,5.56,0.00,0.00,0.00,63.33
08:40:46,6,15.73,0.00,14.61,0.00,0.00,4.49,0.00,0.00,0.00,65.17
08:40:46,7,15.05,0.00,15.05,0.00,0.00,5.38,0.00,0.00,0.00,64.52
08:40:46,12,17.39,0.00,13.04,0.00,0.00,6.52,0.00,0.00,0.00,63.04
08:40:46,13,17.78,0.00,13.33,0.00,0.00,4.44,0.00,0.00,0.00,64.44
08:40:46,14,18.89,0.00,12.22,1.11,0.00,4.44,0.00,0.00,0.00,63.33
08:40:46,15,17.39,0.00,14.13,0.00,0.00,4.35,0.00,0.00,0.00,64.13
08:40:47,4,16.30,0.00,14.13,0.00,0.00,5.43,0.00,0.00,0.00,64.13
08:40:47,5,16.48,0.00,14.29,0.00,0.00,4.40,0.00,0.00,0.00,64.84
08:40:47,6,16.84,0.00,13.68,0.00,0.00,6.32,0.00,0.00,0.00,63.16
08:40:47,7,15.22,0.00,14.13,0.00,0.00,5.43,0.00,0.00,0.00,65.22
08:40:47,12,16.67,0.00,14.44,0.00,0.00,4.44,0.00,0.00,0.00,64.44
08:40:47,13,18.95,0.00,13.68,0.00,0.00,5.26,0.00,0.00,0.00,62.11
08:40:47,14,16.48,0.00,13.19,0.00,0.00,6.59,0.00,0.00,0.00,63.74
08:40:47,15,17.58,0.00,13.19,0.00,0.00,4.40,0.00,0.00,0.00,64.84
08:40:48,4,16.30,0.00,14.13,0.00,0.00,4.35,0.00,0.00,0.00,65.22
08:40:48,5,17.39,0.00,17.39,0.00,0.00,5.43,0.00,0.00,0.00,59.78
08:40:48,6,17.20,0.00,13.98,0.00,0.00,7.53,0.00,0.00,0.00,61.29
08:40:48,7,16.84,0.00,13.68,0.00,0.00,5.26,0.00,0.00,0.00,64.21
08:40:48,12,16.30,0.00,15.22,0.00,0.00,4.35,0.00,0.00,0.00,64.13
08:40:48,13,17.20,0.00,15.05,0.00,0.00,5.38,0.00,0.00,0.00,62.37
08:40:48,14,14.61,0.00,14.61,0.00,0.00,6.74,0.00,0.00,0.00,64.04
08:40:48,15,15.05,0.00,13.98,0.00,0.00,6.45,0.00,0.00,0.00,64.52
08:40:49,4,19.35,0.00,13.98,0.00,0.00,6.45,0.00,0.00,0.00,60.22
08:40:49,5,16.67,0.00,14.44,0.00,0.00,5.56,0.00,0.00,0.00,63.33
08:40:49,6,15.22,0.00,14.13,0.00,0.00,6.52,0.00,0.00,0.00,64.13
08:40:49,7,16.48,0.00,13.19,0.00,0.00,4.40,0.00,0.00,0.00,65.93
08:40:49,12,18.48,0.00,17.39,0.00,0.00,5.43,0.00,0.00,0.00,58.70
08:40:49,13,17.39,0.00,14.13,0.00,0.00,6.52,0.00,0.00,0.00,61.96
08:40:49,14,20.65,0.00,15.22,0.00,0.00,4.35,0.00,0.00,0.00,59.78
08:40:49,15,17.02,0.00,14.89,0.00,0.00,5.32,0.00,0.00,0.00,62.77
08:40:50,4,16.48,0.00,14.29,0.00,0.00,5.49,0.00,0.00,0.00,63.74
08:40:50,5,18.48,0.00,15.22,0.00,0.00,5.43,0.00,0.00,0.00,60.87
08:40:50,6,18.09,0.00,12.77,0.00,0.00,6.38,0.00,0.00,0.00,62.77
08:40:50,7,14.74,0.00,14.74,0.00,0.00,5.26,0.00,0.00,0.00,65.26
08:40:50,12,15.05,0.00,15.05,0.00,0.00,5.38,0.00,0.00,0.00,64.52
08:40:50,13,16.13,0.00,15.05,0.00,0.00,5.38,0.00,0.00,0.00,63.44
08:40:50,14,18.09,0.00,13.83,0.00,0.00,6.38,0.00,0.00,0.00,61.70
08:40:50,15,14.29,0.00,15.38,0.00,0.00,3.30,0.00,0.00,0.00,67.03
08:40:51,4,18.09,0.00,13.83,0.00,0.00,6.38,0.00,0.00,0.00,61.70
08:40:51,5,16.30,0.00,16.30,1.09,0.00,5.43,0.00,0.00,0.00,60.87
08:40:51,6,17.20,0.00,13.98,2.15,0.00,6.45,0.00,0.00,0.00,60.22
08:40:51,7,15.22,0.00,15.22,0.00,0.00,5.43,0.00,0.00,0.00,64.13
08:40:51,12,15.05,0.00,15.05,0.00,0.00,6.45,0.00,0.00,0.00,63.44
08:40:51,13,17.20,0.00,13.98,0.00,0.00,5.38,0.00,0.00,0.00,63.44
08:40:51,14,16.48,0.00,13.19,0.00,0.00,5.49,0.00,0.00,0.00,64.84
08:40:51,15,13.33,0.00,12.22,0.00,0.00,7.78,0.00,0.00,0.00,66.67
08:40:52,4,17.02,0.00,15.96,0.00,0.00,6.38,0.00,0.00,0.00,60.64
08:40:52,5,16.30,0.00,13.04,0.00,0.00,6.52,0.00,0.00,0.00,64.13
08:40:52,6,19.78,0.00,12.09,0.00,0.00,5.49,0.00,0.00,0.00,62.64
08:40:52,7,17.20,0.00,12.90,0.00,0.00,4.30,0.00,0.00,0.00,65.59
08:40:52,12,15.22,0.00,16.30,0.00,0.00,5.43,0.00,0.00,0.00,63.04
08:40:52,13,16.48,0.00,14.29,0.00,0.00,5.49,0.00,0.00,0.00,63.74
08:40:52,14,17.39,0.00,15.22,0.00,0.00,6.52,0.00,0.00,0.00,60.87
08:40:52,15,14.74,0.00,17.89,0.00,0.00,5.26,0.00,0.00,0.00,62.11
08:40:53,4,16.48,0.00,12.09,0.00,0.00,6.59,0.00,0.00,0.00,64.84
08:40:53,5,16.48,0.00,16.48,0.00,0.00,4.40,0.00,0.00,0.00,62.64
08:40:53,6,18.28,0.00,12.90,0.00,0.00,5.38,0.00,0.00,0.00,63.44
08:40:53,7,15.96,0.00,12.77,0.00,0.00,5.32,0.00,0.00,0.00,65.96
08:40:53,12,19.35,0.00,13.98,0.00,0.00,6.45,0.00,0.00,0.00,60.22
08:40:53,13,13.33,0.00,15.56,0.00,0.00,6.67,0.00,0.00,0.00,64.44
08:40:53,14,18.28,0.00,15.05,0.00,0.00,5.38,0.00,0.00,0.00,61.29
08:40:53,15,14.89,0.00,15.96,0.00,0.00,6.38,0.00,0.00,0.00,62.77
08:40:54,4,17.58,0.00,14.29,0.00,0.00,5.49,0.00,0.00,0.00,62.64
08:40:54,5,15.38,0.00,18.68,0.00,0.00,6.59,0.00,0.00,0.00,59.34
08:40:54,6,17.39,0.00,15.22,0.00,0.00,5.43,0.00,0.00,0.00,61.96
08:40:54,7,17.20,0.00,13.98,0.00,0.00,5.38,0.00,0.00,0.00,63.44
08:40:54,12,19.78,0.00,15.38,0.00,0.00,5.49,0.00,0.00,0.00,59.34
08:40:54,13,19.35,0.00,13.98,0.00,0.00,6.45,0.00,0.00,0.00,60.22
08:40:54,14,17.20,0.00,13.98,0.00,0.00,6.45,0.00,0.00,0.00,62.37
08:40:54,15,17.58,0.00,13.19,0.00,0.00,4.40,0.00,0.00,0.00,64.84
08:40:55,4,17.58,0.00,14.29,0.00,0.00,6.59,0.00,0.00,0.00,61.54
08:40:55,5,17.58,0.00,14.29,0.00,0.00,6.59,0.00,0.00,0.00,61.54
08:40:55,6,15.56,0.00,16.67,0.00,0.00,4.44,0.00,0.00,0.00,63.33
08:40:55,7,13.04,0.00,14.13,0.00,0.00,5.43,0.00,0.00,0.00,67.39
08:40:55,12,17.39,0.00,17.39,0.00,0.00,4.35,0.00,0.00,0.00,60.87
08:40:55,13,16.30,0.00,15.22,0.00,0.00,5.43,0.00,0.00,0.00,63.04
08:40:55,14,18.48,0.00,14.13,0.00,0.00,4.35,0.00,0.00,0.00,63.04
08:40:55,15,14.74,0.00,14.74,0.00,0.00,5.26,0.00,0.00,0.00,65.26
08:40:56,4,17.58,0.00,14.29,0.00,0.00,4.40,0.00,0.00,0.00,63.74
08:40:56,5,14.89,0.00,14.89,0.00,0.00,7.45,0.00,0.00,0.00,62.77
08:40:56,6,16.30,0.00,14.13,0.00,0.00,5.43,0.00,0.00,0.00,64.13
08:40:56,7,15.22,0.00,15.22,0.00,0.00,4.35,0.00,0.00,0.00,65.22
08:40:56,12,16.13,0.00,15.05,0.00,0.00,6.45,0.00,0.00,0.00,62.37
08:40:56,13,17.39,0.00,15.22,0.00,0.00,6.52,0.00,0.00,0.00,60.87
08:40:56,14,18.28,0.00,13.98,0.00,0.00,5.38,0.00,0.00,0.00,62.37
08:40:56,15,15.38,0.00,13.19,0.00,0.00,6.59,0.00,0.00,0.00,64.84
08:40:57,4,17.58,0.00,14.29,0.00,0.00,5.49,0.00,0.00,0.00,62.64
08:40:57,5,16.48,0.00,14.29,0.00,0.00,5.49,0.00,0.00,0.00,63.74
08:40:57,6,17.58,0.00,13.19,0.00,0.00,5.49,0.00,0.00,0.00,63.74
08:40:57,7,12.90,0.00,15.05,0.00,0.00,6.45,0.00,0.00,0.00,65.59
08:40:57,12,18.48,0.00,13.04,0.00,0.00,6.52,0.00,0.00,0.00,61.96
08:40:57,13,15.96,0.00,14.89,0.00,0.00,6.38,0.00,0.00,0.00,62.77
08:40:57,14,18.48,0.00,13.04,0.00,0.00,4.35,0.00,0.00,0.00,64.13
08:40:57,15,15.22,0.00,14.13,0.00,0.00,5.43,0.00,0.00,0.00,65.22
08:40:58,4,17.02,0.00,13.83,0.00,0.00,6.38,0.00,0.00,0.00,62.77
08:40:58,5,16.84,0.00,14.74,0.00,0.00,7.37,0.00,0.00,0.00,61.05
08:40:58,6,16.13,0.00,12.90,0.00,0.00,6.45,0.00,0.00,0.00,64.52
08:40:58,7,13.48,0.00,12.36,0.00,0.00,4.49,0.00,0.00,0.00,69.66
08:40:58,12,15.96,0.00,15.96,0.00,0.00,6.38,0.00,0.00,0.00,61.70
08:40:58,13,16.30,0.00,17.39,0.00,0.00,5.43,0.00,0.00,0.00,60.87
08:40:58,14,16.30,0.00,15.22,0.00,0.00,6.52,0.00,0.00,0.00,61.96
08:40:58,15,14.29,0.00,14.29,0.00,0.00,5.49,0.00,0.00,0.00,65.93
08:40:59,4,19.15,0.00,13.83,0.00,0.00,5.32,0.00,0.00,0.00,61.70
08:40:59,5,16.48,0.00,15.38,0.00,0.00,5.49,0.00,0.00,0.00,62.64
08:40:59,6,18.09,0.00,14.89,0.00,0.00,5.32,0.00,0.00,0.00,61.70
08:40:59,7,19.35,0.00,13.98,0.00,0.00,5.38,0.00,0.00,0.00,61.29
08:40:59,12,19.35,0.00,12.90,0.00,0.00,5.38,0.00,0.00,0.00,62.37
08:40:59,13,19.78,0.00,15.38,0.00,0.00,4.40,0.00,0.00,0.00,60.44
08:40:59,14,17.20,0.00,13.98,0.00,0.00,5.38,0.00,0.00,0.00,63.44
08:40:59,15,18.48,0.00,13.04,0.00,0.00,6.52,0.00,0.00,0.00,61.96
08:41:00,4,17.58,0.00,15.38,0.00,0.00,5.49,0.00,0.00,0.00,61.54
08:41:00,5,15.73,0.00,14.61,0.00,0.00,4.49,0.00,0.00,0.00,65.17
08:41:00,6,17.78,0.00,13.33,0.00,0.00,5.56,0.00,0.00,0.00,63.33
08:41:00,7,14.29,0.00,15.38,0.00,0.00,4.40,0.00,0.00,0.00,65.93
08:41:00,12,15.05,0.00,16.13,0.00,0.00,5.38,0.00,0.00,0.00,63.44
08:41:00,13,17.58,0.00,12.09,0.00,0.00,6.59,0.00,0.00,0.00,63.74
08:41:00,14,16.85,0.00,13.48,0.00,0.00,4.49,0.00,0.00,0.00,65.17
08:41:00,15,16.67,0.00,12.22,0.00,0.00,5.56,0.00,0.00,0.00,65.56
08:41:01,4,17.20,0.00,13.98,0.00,0.00,5.38,0.00,0.00,0.00,63.44
08:41:01,5,18.09,0.00,13.83,0.00,0.00,5.32,0.00,0.00,0.00,62.77
08:41:01,6,18.09,0.00,14.89,1.06,0.00,4.26,0.00,0.00,0.00,61.70
08:41:01,7,17.89,0.00,12.63,0.00,0.00,6.32,0.00,0.00,0.00,63.16
08:41:01,12,17.39,0.00,14.13,0.00,0.00,4.35,0.00,0.00,0.00,64.13
08:41:01,13,16.30,0.00,14.13,0.00,0.00,5.43,0.00,0.00,0.00,64.13
08:41:01,14,18.09,0.00,14.89,1.06,0.00,5.32,0.00,0.00,0.00,60.64
08:41:01,15,15.05,0.00,13.98,0.00,0.00,7.53,0.00,0.00,0.00,63.44
08:41:02,4,17.39,0.00,16.30,0.00,0.00,4.35,0.00,0.00,0.00,61.96
08:41:02,5,17.02,0.00,13.83,0.00,0.00,7.45,0.00,0.00,0.00,61.70
08:41:02,6,17.20,0.00,13.98,0.00,0.00,5.38,0.00,0.00,0.00,63.44
08:41:02,7,14.77,0.00,11.36,0.00,0.00,4.55,0.00,0.00,0.00,69.32
08:41:02,12,14.44,0.00,15.56,0.00,0.00,6.67,0.00,0.00,0.00,63.33
08:41:02,13,17.58,0.00,13.19,0.00,0.00,5.49,0.00,0.00,0.00,63.74
08:41:02,14,16.48,0.00,15.38,0.00,0.00,4.40,0.00,0.00,0.00,63.74
08:41:02,15,15.22,0.00,14.13,0.00,0.00,5.43,0.00,0.00,0.00,65.22
08:41:03,4,13.95,0.00,11.63,0.00,0.00,5.81,0.00,0.00,0.00,68.60
08:41:03,5,15.38,0.00,14.29,0.00,0.00,5.49,0.00,0.00,0.00,64.84
08:41:03,6,17.78,0.00,13.33,0.00,0.00,4.44,0.00,0.00,0.00,64.44
08:41:03,7,13.98,0.00,17.20,0.00,0.00,5.38,0.00,0.00,0.00,63.44
08:41:03,12,17.39,0.00,14.13,0.00,0.00,5.43,0.00,0.00,0.00,63.04
08:41:03,13,17.58,0.00,13.19,0.00,0.00,4.40,0.00,0.00,0.00,64.84
08:41:03,14,16.30,0.00,13.04,0.00,0.00,5.43,0.00,0.00,0.00,65.22
08:41:03,15,14.44,0.00,14.44,0.00,0.00,5.56,0.00,0.00,0.00,65.56
08:41:04,4,17.98,0.00,15.73,0.00,0.00,3.37,0.00,0.00,0.00,62.92
08:41:04,5,18.18,0.00,13.64,0.00,0.00,5.68,0.00,0.00,0.00,62.50
08:41:04,6,16.30,0.00,14.13,0.00,0.00,6.52,0.00,0.00,0.00,63.04
08:41:04,7,15.96,0.00,12.77,0.00,0.00,6.38,0.00,0.00,0.00,64.89
08:41:04,12,14.61,0.00,19.10,0.00,0.00,4.49,0.00,0.00,0.00,61.80
08:41:04,13,17.20,0.00,15.05,0.00,0.00,6.45,0.00,0.00,0.00,61.29
08:41:04,14,16.48,0.00,16.48,0.00,0.00,5.49,0.00,0.00,0.00,61.54
08:41:04,15,13.19,0.00,16.48,0.00,0.00,4.40,0.00,0.00,0.00,65.93
08:41:05,4,16.67,0.00,14.44,0.00,0.00,5.56,0.00,0.00,0.00,63.33
08:41:05,5,16.67,0.00,15.56,0.00,0.00,6.67,0.00,0.00,0.00,61.11
08:41:05,6,19.78,0.00,14.29,0.00,0.00,4.40,0.00,0.00,0.00,61.54
08:41:05,7,15.05,0.00,15.05,0.00,0.00,6.45,0.00,0.00,0.00,63.44
08:41:05,12,15.38,0.00,17.58,0.00,0.00,5.49,0.00,0.00,0.00,61.54
08:41:05,13,18.18,0.00,13.64,0.00,0.00,4.55,0.00,0.00,0.00,63.64
08:41:05,14,19.10,0.00,13.48,0.00,0.00,4.49,0.00,0.00,0.00,62.92
08:41:05,15,16.30,0.00,14.13,0.00,0.00,5.43,0.00,0.00,0.00,64.13
08:41:06,4,14.74,0.00,14.74,0.00,0.00,7.37,0.00,0.00,0.00,63.16
08:41:06,5,17.39,0.00,11.96,0.00,0.00,6.52,0.00,0.00,0.00,64.13
08:41:06,6,15.73,0.00,14.61,0.00,0.00,4.49,0.00,0.00,0.00,65.17
08:41:06,7,14.61,0.00,13.48,1.12,0.00,5.62,0.00,0.00,0.00,65.17
08:41:06,12,15.05,0.00,15.05,0.00,0.00,6.45,0.00,0.00,0.00,63.44
08:41:06,13,16.48,0.00,13.19,0.00,0.00,5.49,0.00,0.00,0.00,64.84
08:41:06,14,16.13,0.00,13.98,0.00,0.00,5.38,0.00,0.00,0.00,64.52
08:41:06,15,14.13,0.00,14.13,0.00,0.00,6.52,0.00,0.00,0.00,65.22
08:41:07,4,16.85,0.00,13.48,0.00,0.00,4.49,0.00,0.00,0.00,65.17
08:41:07,5,15.05,0.00,16.13,0.00,0.00,6.45,0.00,0.00,0.00,62.37
08:41:07,6,17.20,0.00,15.05,0.00,0.00,5.38,0.00,0.00,0.00,62.37
08:41:07,7,15.05,0.00,13.98,0.00,0.00,4.30,0.00,0.00,0.00,66.67
08:41:07,12,15.38,0.00,15.38,0.00,0.00,6.59,0.00,0.00,0.00,62.64
08:41:07,13,18.68,0.00,16.48,0.00,0.00,6.59,0.00,0.00,0.00,58.24
08:41:07,14,19.35,0.00,15.05,0.00,0.00,5.38,0.00,0.00,0.00,60.22
08:41:07,15,17.02,0.00,13.83,0.00,0.00,5.32,0.00,0.00,0.00,63.83
08:41:08,4,18.48,0.00,13.04,0.00,0.00,5.43,0.00,0.00,0.00,63.04
08:41:08,5,15.56,0.00,14.44,0.00,0.00,4.44,0.00,0.00,0.00,65.56
08:41:08,6,17.89,0.00,15.79,0.00,0.00,6.32,0.00,0.00,0.00,60.00
08:41:08,7,15.05,0.00,15.05,0.00,0.00,5.38,0.00,0.00,0.00,64.52
08:41:08,12,17.20,0.00,13.98,0.00,0.00,6.45,0.00,0.00,0.00,62.37
08:41:08,13,17.89,0.00,13.68,0.00,0.00,7.37,0.00,0.00,0.00,61.05
08:41:08,14,18.48,0.00,13.04,0.00,0.00,5.43,0.00,0.00,0.00,63.04
08:41:08,15,15.05,0.00,15.05,0.00,0.00,6.45,0.00,0.00,0.00,63.44
08:41:09,4,16.13,0.00,13.98,0.00,0.00,6.45,0.00,0.00,0.00,63.44
08:41:09,5,16.48,0.00,13.19,0.00,0.00,5.49,0.00,0.00,0.00,64.84
08:41:09,6,17.20,0.00,13.98,0.00,0.00,4.30,0.00,0.00,0.00,64.52
08:41:09,7,14.29,0.00,13.19,0.00,0.00,6.59,0.00,0.00,0.00,65.93
08:41:09,12,16.30,0.00,16.30,0.00,0.00,5.43,0.00,0.00,0.00,61.96
08:41:09,13,15.22,0.00,14.13,0.00,0.00,6.52,0.00,0.00,0.00,64.13
08:41:09,14,15.38,0.00,15.38,0.00,0.00,6.59,0.00,0.00,0.00,62.64
08:41:09,15,14.29,0.00,14.29,0.00,0.00,6.59,0.00,0.00,0.00,64.84
08:41:10,4,19.78,0.00,14.29,0.00,0.00,4.40,0.00,0.00,0.00,61.54
08:41:10,5,18.48,0.00,14.13,0.00,0.00,6.52,0.00,0.00,0.00,60.87
08:41:10,6,17.20,0.00,15.05,0.00,0.00,5.38,0.00,0.00,0.00,62.37
08:41:10,7,15.22,0.00,15.22,0.00,0.00,5.43,0.00,0.00,0.00,64.13
08:41:10,12,18.48,0.00,14.13,0.00,0.00,5.43,0.00,0.00,0.00,61.96
08:41:10,13,17.78,0.00,16.67,0.00,0.00,5.56,0.00,0.00,0.00,60.00
08:41:10,14,17.53,0.00,15.46,0.00,0.00,7.22,0.00,0.00,0.00,59.79
08:41:10,15,18.48,0.00,13.04,0.00,0.00,4.35,0.00,0.00,0.00,64.13
08:41:11,4,18.09,0.00,12.77,0.00,0.00,5.32,0.00,0.00,0.00,63.83
08:41:11,5,16.48,0.00,15.38,0.00,0.00,5.49,0.00,0.00,0.00,62.64
08:41:11,6,18.28,0.00,15.05,0.00,0.00,6.45,0.00,0.00,0.00,60.22
08:41:11,7,15.05,0.00,13.98,0.00,0.00,5.38,0.00,0.00,0.00,65.59
08:41:11,12,15.73,0.00,12.36,0.00,0.00,5.62,0.00,0.00,0.00,66.29
08:41:11,13,15.79,0.00,16.84,0.00,0.00,6.32,0.00,0.00,0.00,61.05
08:41:11,14,17.58,0.00,14.29,0.00,0.00,4.40,0.00,0.00,0.00,63.74
08:41:11,15,15.22,0.00,14.13,0.00,0.00,4.35,0.00,0.00,0.00,66.30
08:41:12,4,17.89,0.00,13.68,0.00,0.00,6.32,0.00,0.00,0.00,62.11
08:41:12,5,17.58,0.00,15.38,0.00,0.00,4.40,0.00,0.00,0.00,62.64
08:41:12,6,14.77,0.00,13.64,0.00,0.00,5.68,0.00,0.00,0.00,65.91
08:41:12,7,16.30,0.00,14.13,0.00,0.00,5.43,0.00,0.00,0.00,64.13
08:41:12,12,18.56,0.00,13.40,0.00,0.00,7.22,0.00,0.00,0.00,60.82
08:41:12,13,15.56,0.00,13.33,0.00,0.00,5.56,0.00,0.00,0.00,65.56
08:41:12,14,18.09,0.00,14.89,0.00,0.00,5.32,0.00,0.00,0.00,61.70
08:41:12,15,15.05,0.00,13.98,0.00,0.00,7.53,0.00,0.00,0.00,63.44
08:41:13,4,17.39,0.00,15.22,0.00,0.00,5.43,0.00,0.00,0.00,61.96
08:41:13,5,17.39,0.00,14.13,0.00,0.00,5.43,0.00,0.00,0.00,63.04
08:41:13,6,15.96,0.00,14.89,0.00,0.00,6.38,0.00,0.00,0.00,62.77
08:41:13,7,16.48,0.00,10.99,0.00,0.00,4.40,0.00,0.00,0.00,68.13
08:41:13,12,17.39,0.00,14.13,0.00,0.00,6.52,0.00,0.00,0.00,61.96
08:41:13,13,18.68,0.00,14.29,0.00,0.00,5.49,0.00,0.00,0.00,61.54
08:41:13,14,16.30,0.00,15.22,0.00,0.00,5.43,0.00,0.00,0.00,63.04
08:41:13,15,16.30,0.00,13.04,0.00,0.00,4.35,0.00,0.00,0.00,66.30
08:41:14,4,15.73,0.00,12.36,0.00,0.00,4.49,0.00,0.00,0.00,67.42
08:41:14,5,16.13,0.00,16.13,0.00,0.00,5.38,0.00,0.00,0.00,62.37
08:41:14,6,18.48,0.00,14.13,0.00,0.00,4.35,0.00,0.00,0.00,63.04
08:41:14,7,15.96,0.00,12.77,0.00,0.00,5.32,0.00,0.00,0.00,65.96
08:41:14,12,17.20,0.00,13.98,0.00,0.00,6.45,0.00,0.00,0.00,62.37
08:41:14,13,15.22,0.00,16.30,0.00,0.00,5.43,0.00,0.00,0.00,63.04
08:41:14,14,17.20,0.00,15.05,0.00,0.00,5.38,0.00,0.00,0.00,62.37
08:41:14,15,14.89,0.00,13.83,0.00,0.00,6.38,0.00,0.00,0.00,64.89
08:41:15,4,17.20,0.00,13.98,0.00,0.00,6.45,0.00,0.00,0.00,62.37
08:41:15,5,20.43,0.00,17.20,0.00,0.00,5.38,0.00,0.00,0.00,56.99
08:41:15,6,15.38,0.00,15.38,0.00,0.00,5.49,0.00,0.00,0.00,63.74
08:41:15,7,16.30,0.00,13.04,0.00,0.00,5.43,0.00,0.00,0.00,65.22
08:41:15,12,15.73,0.00,14.61,0.00,0.00,6.74,0.00,0.00,0.00,62.92
08:41:15,13,19.35,0.00,16.13,0.00,0.00,6.45,0.00,0.00,0.00,58.06
08:41:15,14,18.48,0.00,13.04,0.00,0.00,6.52,0.00,0.00,0.00,61.96
08:41:15,15,14.13,0.00,15.22,0.00,0.00,5.43,0.00,0.00,0.00,65.22
08:41:16,4,15.22,0.00,15.22,0.00,0.00,5.43,0.00,0.00,0.00,64.13
08:41:16,5,17.02,0.00,19.15,1.06,0.00,5.32,0.00,0.00,0.00,57.45
08:41:16,6,17.58,0.00,15.38,0.00,0.00,4.40,0.00,0.00,0.00,62.64
08:41:16,7,15.22,0.00,14.13,0.00,0.00,5.43,0.00,0.00,0.00,65.22
08:41:16,12,17.20,0.00,15.05,0.00,0.00,5.38,0.00,0.00,0.00,62.37
08:41:16,13,16.30,0.00,14.13,0.00,0.00,6.52,0.00,0.00,0.00,63.04
08:41:16,14,17.89,0.00,15.79,0.00,0.00,6.32,0.00,0.00,0.00,60.00
08:41:16,15,14.61,0.00,12.36,0.00,0.00,5.62,0.00,0.00,0.00,67.42
08:41:17,4,16.30,0.00,13.04,0.00,0.00,6.52,0.00,0.00,0.00,64.13
08:41:17,5,18.28,0.00,16.13,0.00,0.00,5.38,0.00,0.00,0.00,60.22
08:41:17,6,16.13,0.00,15.05,0.00,0.00,5.38,0.00,0.00,0.00,63.44
08:41:17,7,16.30,0.00,13.04,0.00,0.00,5.43,0.00,0.00,0.00,65.22
08:41:17,12,15.38,0.00,14.29,0.00,0.00,6.59,0.00,0.00,0.00,63.74
08:41:17,13,17.39,0.00,16.30,0.00,0.00,5.43,0.00,0.00,0.00,60.87
08:41:17,14,16.67,0.00,13.33,0.00,0.00,5.56,0.00,0.00,0.00,64.44
08:41:17,15,17.39,0.00,13.04,0.00,0.00,5.43,0.00,0.00,0.00,64.13
08:41:18,4,18.28,0.00,15.05,0.00,0.00,5.38,0.00,0.00,0.00,61.29
08:41:18,5,18.48,0.00,14.13,0.00,0.00,5.43,0.00,0.00,0.00,61.96
08:41:18,6,15.96,0.00,13.83,0.00,0.00,7.45,0.00,0.00,0.00,62.77
08:41:18,7,13.19,0.00,14.29,0.00,0.00,4.40,0.00,0.00,0.00,68.13
08:41:18,12,16.48,0.00,16.48,0.00,0.00,3.30,0.00,0.00,0.00,63.74
08:41:18,13,14.44,0.00,14.44,0.00,0.00,5.56,0.00,0.00,0.00,65.56
08:41:18,14,16.13,0.00,13.98,0.00,0.00,6.45,0.00,0.00,0.00,63.44
08:41:18,15,13.04,0.00,14.13,0.00,0.00,6.52,0.00,0.00,0.00,66.30
08:41:19,4,17.98,0.00,12.36,0.00,0.00,3.37,0.00,0.00,0.00,66.29
08:41:19,5,17.39,0.00,14.13,0.00,0.00,6.52,0.00,0.00,0.00,61.96
08:41:19,6,16.30,0.00,15.22,0.00,0.00,4.35,0.00,0.00,0.00,64.13
08:41:19,7,15.22,0.00,15.22,0.00,0.00,5.43,0.00,0.00,0.00,64.13
08:41:19,12,17.02,0.00,13.83,0.00,0.00,6.38,0.00,0.00,0.00,62.77
08:41:19,13,16.48,0.00,13.19,0.00,0.00,6.59,0.00,0.00,0.00,63.74
08:41:19,14,16.13,0.00,15.05,0.00,0.00,6.45,0.00,0.00,0.00,62.37
08:41:19,15,14.13,0.00,13.04,0.00,0.00,6.52,0.00,0.00,0.00,66.30
08:41:20,4,19.79,0.00,16.67,0.00,0.00,6.25,0.00,0.00,0.00,57.29
08:41:20,5,17.20,0.00,16.13,0.00,0.00,6.45,0.00,0.00,0.00,60.22
08:41:20,6,18.48,0.00,14.13,0.00,0.00,5.43,0.00,0.00,0.00,61.96
08:41:20,7,14.29,0.00,13.19,0.00,0.00,6.59,0.00,0.00,0.00,65.93
08:41:20,12,18.09,0.00,17.02,0.00,0.00,4.26,0.00,0.00,0.00,60.64
08:41:20,13,19.57,0.00,14.13,0.00,0.00,6.52,0.00,0.00,0.00,59.78
08:41:20,14,16.13,0.00,17.20,0.00,0.00,5.38,0.00,0.00,0.00,61.29
08:41:20,15,16.30,0.00,13.04,0.00,0.00,5.43,0.00,0.00,0.00,65.22
08:41:21,4,16.13,0.00,13.98,0.00,0.00,6.45,0.00,0.00,0.00,63.44
08:41:21,5,17.58,0.00,14.29,1.10,0.00,5.49,0.00,0.00,0.00,61.54
08:41:21,6,15.73,0.00,13.48,0.00,0.00,4.49,0.00,0.00,0.00,66.29
08:41:21,7,15.05,0.00,13.98,0.00,0.00,6.45,0.00,0.00,0.00,64.52
08:41:21,12,16.30,0.00,13.04,0.00,0.00,6.52,0.00,0.00,0.00,64.13
08:41:21,13,17.78,0.00,16.67,0.00,0.00,4.44,0.00,0.00,0.00,61.11
08:41:21,14,18.09,0.00,12.77,0.00,0.00,6.38,0.00,0.00,0.00,62.77
08:41:21,15,16.13,0.00,13.98,0.00,0.00,5.38,0.00,0.00,0.00,64.52
08:41:22,4,16.30,0.00,13.04,0.00,0.00,5.43,0.00,0.00,0.00,65.22
08:41:22,5,15.22,0.00,16.30,0.00,0.00,4.35,0.00,0.00,0.00,64.13
08:41:22,6,18.48,0.00,13.04,0.00,0.00,4.35,0.00,0.00,0.00,64.13
08:41:22,7,16.13,0.00,15.05,0.00,0.00,5.38,0.00,0.00,0.00,63.44
08:41:22,12,15.62,0.00,16.67,0.00,0.00,6.25,0.00,0.00,0.00,61.46
08:41:22,13,16.67,0.00,13.33,0.00,0.00,5.56,0.00,0.00,0.00,64.44
08:41:22,14,15.22,0.00,14.13,0.00,0.00,6.52,0.00,0.00,0.00,64.13
08:41:22,15,14.89,0.00,14.89,0.00,0.00,6.38,0.00,0.00,0.00,63.83
08:41:23,4,16.48,0.00,14.29,0.00,0.00,4.40,0.00,0.00,0.00,64.84
08:41:23,5,17.39,0.00,13.04,0.00,0.00,6.52,0.00,0.00,0.00,63.04
08:41:23,6,17.20,0.00,12.90,0.00,0.00,5.38,0.00,0.00,0.00,64.52
08:41:23,7,14.29,0.00,13.19,0.00,0.00,6.59,0.00,0.00,0.00,65.93
08:41:23,12,16.84,0.00,20.00,0.00,0.00,6.32,0.00,0.00,0.00,56.84
08:41:23,13,16.13,0.00,13.98,0.00,0.00,7.53,0.00,0.00,0.00,62.37
08:41:23,14,15.56,0.00,14.44,0.00,0.00,4.44,0.00,0.00,0.00,65.56
08:41:23,15,18.09,0.00,9.57,0.00,0.00,7.45,0.00,0.00,0.00,64.89
08:41:24,4,13.48,0.00,13.48,0.00,0.00,5.62,0.00,0.00,0.00,67.42
08:41:24,5,17.20,0.00,12.90,0.00,0.00,6.45,0.00,0.00,0.00,63.44
08:41:24,6,15.05,0.00,12.90,0.00,0.00,6.45,0.00,0.00,0.00,65.59
08:41:24,7,14.44,0.00,13.33,0.00,0.00,4.44,0.00,0.00,0.00,67.78
08:41:24,12,17.58,0.00,14.29,0.00,0.00,5.49,0.00,0.00,0.00,62.64
08:41:24,13,15.73,0.00,13.48,0.00,0.00,4.49,0.00,0.00,0.00,66.29
08:41:24,14,15.96,0.00,15.96,0.00,0.00,5.32,0.00,0.00,0.00,62.77
08:41:24,15,14.61,0.00,12.36,0.00,0.00,5.62,0.00,0.00,0.00,67.42
08:41:25,4,17.20,0.00,13.98,0.00,0.00,6.45,0.00,0.00,0.00,62.37
08:41:25,5,16.48,0.00,15.38,0.00,0.00,5.49,0.00,0.00,0.00,62.64
08:41:25,6,18.09,0.00,14.89,0.00,0.00,5.32,0.00,0.00,0.00,61.70
08:41:25,7,18.95,0.00,13.68,0.00,0.00,6.32,0.00,0.00,0.00,61.05
08:41:25,12,16.67,0.00,14.44,0.00,0.00,5.56,0.00,0.00,0.00,63.33
08:41:25,13,18.48,0.00,14.13,0.00,0.00,5.43,0.00,0.00,0.00,61.96
08:41:25,14,20.43,0.00,12.90,0.00,0.00,5.38,0.00,0.00,0.00,61.29
08:41:25,15,17.39,0.00,14.13,0.00,0.00,5.43,0.00,0.00,0.00,63.04
08:41:26,4,18.89,0.00,13.33,0.00,0.00,3.33,0.00,0.00,0.00,64.44
08:41:26,5,16.48,0.00,13.19,0.00,0.00,7.69,0.00,0.00,0.00,62.64
08:41:26,6,16.30,0.00,14.13,0.00,0.00,5.43,0.00,0.00,0.00,64.13
08:41:26,7,15.05,0.00,12.90,0.00,0.00,5.38,0.00,0.00,0.00,66.67
08:41:26,12,17.89,0.00,13.68,0.00,0.00,4.21,0.00,0.00,0.00,64.21
08:41:26,13,17.78,0.00,13.33,0.00,0.00,5.56,0.00,0.00,0.00,63.33
08:41:26,14,17.39,0.00,14.13,0.00,0.00,5.43,0.00,0.00,0.00,63.04
08:41:26,15,13.04,0.00,14.13,0.00,0.00,5.43,0.00,0.00,0.00,67.39
08:41:27,4,17.20,0.00,15.05,0.00,0.00,5.38,0.00,0.00,0.00,62.37
08:41:27,5,17.20,0.00,12.90,0.00,0.00,6.45,0.00,0.00,0.00,63.44
08:41:27,6,17.58,0.00,13.19,0.00,0.00,4.40,0.00,0.00,0.00,64.84
08:41:27,7,14.44,0.00,13.33,0.00,0.00,6.67,0.00,0.00,0.00,65.56
08:41:27,12,15.22,0.00,17.39,0.00,0.00,5.43,0.00,0.00,0.00,61.96
08:41:27,13,16.84,0.00,17.89,0.00,0.00,6.32,0.00,0.00,0.00,58.95
08:41:27,14,15.22,0.00,16.30,0.00,0.00,5.43,0.00,0.00,0.00,63.04
08:41:27,15,15.05,0.00,17.20,0.00,0.00,5.38,0.00,0.00,0.00,62.37
08:41:28,4,17.39,0.00,13.04,0.00,0.00,5.43,0.00,0.00,0.00,64.13
08:41:28,5,16.67,0.00,14.44,0.00,0.00,5.56,0.00,0.00,0.00,63.33
08:41:28,6,15.38,0.00,13.19,0.00,0.00,6.59,0.00,0.00,0.00,64.84
08:41:28,7,15.79,0.00,13.68,0.00,0.00,5.26,0.00,0.00,0.00,65.26
08:41:28,12,17.20,0.00,13.98,0.00,0.00,6.45,0.00,0.00,0.00,62.37
08:41:28,13,18.09,0.00,13.83,0.00,0.00,6.38,0.00,0.00,0.00,61.70
08:41:28,14,16.67,0.00,13.33,0.00,0.00,6.67,0.00,0.00,0.00,63.33
08:41:28,15,14.89,0.00,15.96,0.00,0.00,5.32,0.00,0.00,0.00,63.83
08:41:29,4,16.48,0.00,13.19,0.00,0.00,4.40,0.00,0.00,0.00,65.93
08:41:29,5,16.30,0.00,16.30,0.00,0.00,5.43,0.00,0.00,0.00,61.96
08:41:29,6,16.67,0.00,13.33,0.00,0.00,6.67,0.00,0.00,0.00,63.33
08:41:29,7,11.96,0.00,14.13,0.00,0.00,6.52,0.00,0.00,0.00,67.39
08:41:29,12,15.96,0.00,17.02,0.00,0.00,5.32,0.00,0.00,0.00,61.70
08:41:29,13,16.48,0.00,14.29,0.00,0.00,7.69,0.00,0.00,0.00,61.54
08:41:29,14,18.68,0.00,13.19,0.00,0.00,4.40,0.00,0.00,0.00,63.74
08:41:29,15,16.30,0.00,10.87,0.00,0.00,5.43,0.00,0.00,0.00,67.39
08:41:30,4,18.95,0.00,15.79,0.00,0.00,6.32,0.00,0.00,0.00,58.95
08:41:30,5,17.58,0.00,15.38,0.00,0.00,5.49,0.00,0.00,0.00,61.54
08:41:30,6,18.68,0.00,14.29,0.00,0.00,4.40,0.00,0.00,0.00,62.64
08:41:30,7,17.02,0.00,13.83,0.00,0.00,5.32,0.00,0.00,0.00,63.83
08:41:30,12,16.85,0.00,14.61,0.00,0.00,4.49,0.00,0.00,0.00,64.04
08:41:30,13,16.48,0.00,16.48,0.00,0.00,5.49,0.00,0.00,0.00,61.54
08:41:30,14,19.10,0.00,12.36,0.00,0.00,4.49,0.00,0.00,0.00,64.04
08:41:30,15,15.96,0.00,13.83,0.00,0.00,6.38,0.00,0.00,0.00,63.83
08:41:31,4,15.56,0.00,12.22,0.00,0.00,5.56,0.00,0.00,0.00,66.67
08:41:31,5,17.39,0.00,15.22,0.00,0.00,5.43,0.00,0.00,0.00,61.96
08:41:31,6,16.85,0.00,13.48,0.00,0.00,4.49,0.00,0.00,0.00,65.17
08:41:31,7,15.22,0.00,14.13,0.00,0.00,4.35,0.00,0.00,0.00,66.30
08:41:31,12,13.33,0.00,15.56,0.00,0.00,5.56,0.00,0.00,0.00,65.56
08:41:31,13,15.22,0.00,15.22,0.00,0.00,6.52,0.00,0.00,0.00,63.04
08:41:31,14,16.48,0.00,13.19,0.00,0.00,5.49,0.00,0.00,0.00,64.84
08:41:31,15,15.22,0.00,13.04,0.00,0.00,5.43,0.00,0.00,0.00,66.30
08:41:32,4,15.56,0.00,13.33,0.00,0.00,7.78,0.00,0.00,0.00,63.33
08:41:32,5,17.58,0.00,14.29,0.00,0.00,5.49,0.00,0.00,0.00,62.64
08:41:32,6,16.30,0.00,13.04,0.00,0.00,6.52,0.00,0.00,0.00,64.13
08:41:32,7,16.85,0.00,11.24,0.00,0.00,4.49,0.00,0.00,0.00,67.42
08:41:32,12,15.56,0.00,14.44,0.00,0.00,5.56,0.00,0.00,0.00,64.44
08:41:32,13,19.15,0.00,15.96,0.00,0.00,4.26,0.00,0.00,0.00,60.64
08:41:32,14,17.58,0.00,13.19,0.00,0.00,5.49,0.00,0.00,0.00,63.74
08:41:32,15,16.30,0.00,13.04,0.00,0.00,5.43,0.00,0.00,0.00,65.22
08:41:33,4,15.38,0.00,13.19,0.00,0.00,5.49,0.00,0.00,0.00,65.93
08:41:33,5,16.67,0.00,15.56,0.00,0.00,5.56,0.00,0.00,0.00,62.22
08:41:33,6,17.58,0.00,13.19,0.00,0.00,6.59,0.00,0.00,0.00,62.64
08:41:33,7,13.19,0.00,15.38,0.00,0.00,5.49,0.00,0.00,0.00,65.93
08:41:33,12,17.20,0.00,13.98,0.00,0.00,5.38,0.00,0.00,0.00,63.44
08:41:33,13,17.39,0.00,16.30,0.00,0.00,6.52,0.00,0.00,0.00,59.78
08:41:33,14,17.89,0.00,13.68,0.00,0.00,6.32,0.00,0.00,0.00,62.11
08:41:33,15,14.74,0.00,13.68,0.00,0.00,7.37,0.00,0.00,0.00,64.21
08:41:34,4,15.22,0.00,16.30,0.00,0.00,5.43,0.00,0.00,0.00,63.04
08:41:34,5,15.05,0.00,15.05,0.00,0.00,6.45,0.00,0.00,0.00,63.44
08:41:34,6,16.30,0.00,14.13,0.00,0.00,5.43,0.00,0.00,0.00,64.13
08:41:34,7,14.74,0.00,15.79,0.00,0.00,5.26,0.00,0.00,0.00,64.21
08:41:34,12,17.53,0.00,14.43,0.00,0.00,6.19,0.00,0.00,0.00,61.86
08:41:34,13,16.48,0.00,16.48,0.00,0.00,5.49,0.00,0.00,0.00,61.54
08:41:34,14,17.39,0.00,13.04,0.00,0.00,5.43,0.00,0.00,0.00,64.13
08:41:34,15,19.15,0.00,12.77,0.00,0.00,4.26,0.00,0.00,0.00,63.83
08:41:35,4,18.48,0.00,14.13,0.00,0.00,5.43,0.00,0.00,0.00,61.96
08:41:35,5,19.35,0.00,16.13,0.00,0.00,4.30,0.00,0.00,0.00,60.22
08:41:35,6,20.22,0.00,13.48,0.00,0.00,4.49,0.00,0.00,0.00,61.80
08:41:35,7,17.02,0.00,12.77,0.00,0.00,5.32,0.00,0.00,0.00,64.89
08:41:35,12,18.68,0.00,14.29,0.00,0.00,4.40,0.00,0.00,0.00,62.64
08:41:35,13,16.30,0.00,14.13,0.00,0.00,6.52,0.00,0.00,0.00,63.04
08:41:35,14,17.58,0.00,14.29,0.00,0.00,5.49,0.00,0.00,0.00,62.64
08:41:35,15,15.38,0.00,13.19,0.00,0.00,5.49,0.00,0.00,0.00,65.93
08:41:36,4,13.33,0.00,15.56,0.00,0.00,5.56,0.00,0.00,0.00,65.56
08:41:36,5,16.13,0.00,13.98,0.00,0.00,6.45,0.00,0.00,0.00,63.44
08:41:36,6,17.58,0.00,14.29,0.00,0.00,4.40,0.00,0.00,0.00,63.74
08:41:36,7,15.22,0.00,11.96,0.00,0.00,6.52,0.00,0.00,0.00,66.30
08:41:36,12,14.13,0.00,16.30,0.00,0.00,5.43,0.00,0.00,0.00,64.13
08:41:36,13,16.67,0.00,15.56,0.00,0.00,4.44,0.00,0.00,0.00,63.33
08:41:36,14,17.39,0.00,16.30,0.00,0.00,5.43,0.00,0.00,0.00,60.87
08:41:36,15,15.22,0.00,14.13,0.00,0.00,5.43,0.00,0.00,0.00,65.22
08:41:37,4,15.56,0.00,13.33,0.00,0.00,6.67,0.00,0.00,0.00,64.44
08:41:37,5,16.67,0.00,15.56,0.00,0.00,5.56,0.00,0.00,0.00,62.22
08:41:37,6,15.91,0.00,13.64,0.00,0.00,4.55,0.00,0.00,0.00,65.91
08:41:37,7,15.96,0.00,13.83,0.00,0.00,5.32,0.00,0.00,0.00,64.89
08:41:37,12,18.28,0.00,12.90,0.00,0.00,7.53,0.00,0.00,0.00,61.29
08:41:37,13,18.75,0.00,13.54,0.00,0.00,6.25,0.00,0.00,0.00,61.46
08:41:37,14,15.05,0.00,13.98,0.00,0.00,6.45,0.00,0.00,0.00,64.52
08:41:37,15,15.38,0.00,13.19,0.00,0.00,4.40,0.00,0.00,0.00,67.03
08:41:38,4,17.39,0.00,15.22,0.00,0.00,5.43,0.00,0.00,0.00,61.96
08:41:38,5,15.38,0.00,14.29,0.00,0.00,5.49,0.00,0.00,0.00,64.84
08:41:38,6,15.38,0.00,14.29,0.00,0.00,5.49,0.00,0.00,0.00,64.84
08:41:38,7,15.38,0.00,13.19,0.00,0.00,4.40,0.00,0.00,0.00,67.03
08:41:38,12,16.48,0.00,15.38,0.00,0.00,5.49,0.00,0.00,0.00,62.64
08:41:38,13,15.73,0.00,13.48,0.00,0.00,5.62,0.00,0.00,0.00,65.17
08:41:38,14,17.02,0.00,13.83,0.00,0.00,6.38,0.00,0.00,0.00,62.77
08:41:38,15,14.89,0.00,14.89,0.00,0.00,5.32,0.00,0.00,0.00,64.89
08:41:39,4,17.58,0.00,16.48,0.00,0.00,5.49,0.00,0.00,0.00,60.44
08:41:39,5,17.39,0.00,16.30,0.00,0.00,5.43,0.00,0.00,0.00,60.87
08:41:39,6,17.58,0.00,13.19,0.00,0.00,5.49,0.00,0.00,0.00,63.74
08:41:39,7,13.98,0.00,15.05,0.00,0.00,5.38,0.00,0.00,0.00,65.59
08:41:39,12,16.48,0.00,14.29,0.00,0.00,5.49,0.00,0.00,0.00,63.74
08:41:39,13,17.98,0.00,12.36,0.00,0.00,5.62,0.00,0.00,0.00,64.04
08:41:39,14,17.20,0.00,16.13,0.00,0.00,4.30,0.00,0.00,0.00,62.37
08:41:39,15,14.29,0.00,12.09,0.00,0.00,6.59,0.00,0.00,0.00,67.03
08:41:40,4,17.71,0.00,16.67,0.00,0.00,5.21,0.00,0.00,0.00,60.42
08:41:40,5,20.43,0.00,16.13,0.00,0.00,5.38,0.00,0.00,0.00,58.06
08:41:40,6,18.09,0.00,15.96,0.00,0.00,4.26,0.00,0.00,0.00,61.70
08:41:40,7,14.44,0.00,13.33,0.00,0.00,6.67,0.00,0.00,0.00,65.56
08:41:40,12,20.00,0.00,16.84,0.00,0.00,6.32,0.00,0.00,0.00,56.84
08:41:40,13,19.15,0.00,15.96,0.00,0.00,5.32,0.00,0.00,0.00,59.57
08:41:40,14,16.30,0.00,15.22,0.00,0.00,6.52,0.00,0.00,0.00,61.96
08:41:40,15,14.13,0.00,16.30,0.00,0.00,5.43,0.00,0.00,0.00,64.13
08:41:41,4,17.02,0.00,14.89,0.00,0.00,6.38,0.00,0.00,0.00,61.70
08:41:41,5,19.15,0.00,13.83,0.00,0.00,5.32,0.00,0.00,0.00,61.70
08:41:41,6,16.13,0.00,13.98,0.00,0.00,5.38,0.00,0.00,0.00,64.52
08:41:41,7,16.30,0.00,11.96,0.00,0.00,6.52,0.00,0.00,0.00,65.22
08:41:41,12,16.13,0.00,15.05,0.00,0.00,5.38,0.00,0.00,0.00,63.44
08:41:41,13,16.48,0.00,14.29,0.00,0.00,4.40,0.00,0.00,0.00,64.84
08:41:41,14,16.30,0.00,15.22,0.00,0.00,4.35,0.00,0.00,0.00,64.13
08:41:41,15,13.48,0.00,13.48,0.00,0.00,4.49,0.00,0.00,0.00,68.54
08:41:42,4,16.48,0.00,17.58,1.10,0.00,5.49,0.00,0.00,0.00,59.34
08:41:42,5,15.05,0.00,16.13,0.00,0.00,5.38,0.00,0.00,0.00,63.44
08:41:42,6,17.02,0.00,13.83,0.00,0.00,6.38,0.00,0.00,0.00,62.77
08:41:42,7,14.74,0.00,14.74,0.00,0.00,6.32,0.00,0.00,0.00,64.21
08:41:42,12,18.48,0.00,14.13,0.00,0.00,5.43,0.00,0.00,0.00,61.96
08:41:42,13,17.89,0.00,14.74,0.00,0.00,6.32,0.00,0.00,0.00,61.05
08:41:42,14,16.13,0.00,12.90,0.00,0.00,6.45,0.00,0.00,0.00,64.52
08:41:42,15,16.48,0.00,13.19,0.00,0.00,4.40,0.00,0.00,0.00,65.93
08:41:43,4,17.20,0.00,13.98,0.00,0.00,6.45,0.00,0.00,0.00,62.37
08:41:43,5,15.38,0.00,16.48,0.00,0.00,5.49,0.00,0.00,0.00,62.64
08:41:43,6,14.44,0.00,16.67,0.00,0.00,4.44,0.00,0.00,0.00,64.44
08:41:43,7,13.48,0.00,15.73,0.00,0.00,4.49,0.00,0.00,0.00,66.29
08:41:43,12,17.20,0.00,15.05,0.00,0.00,5.38,0.00,0.00,0.00,62.37
08:41:43,13,16.84,0.00,15.79,0.00,0.00,6.32,0.00,0.00,0.00,61.05
08:41:43,14,17.39,0.00,13.04,0.00,0.00,5.43,0.00,0.00,0.00,64.13
08:41:43,15,14.29,0.00,15.38,0.00,0.00,4.40,0.00,0.00,0.00,65.93
08:41:44,4,16.48,0.00,13.19,0.00,0.00,5.49,0.00,0.00,0.00,64.84
08:41:44,5,17.78,0.00,13.33,0.00,0.00,6.67,0.00,0.00,0.00,62.22
08:41:44,6,15.22,0.00,15.22,0.00,0.00,6.52,0.00,0.00,0.00,63.04
08:41:44,7,13.83,0.00,13.83,0.00,0.00,6.38,0.00,0.00,0.00,65.96
08:41:44,12,15.96,0.00,13.83,0.00,0.00,6.38,0.00,0.00,0.00,63.83
08:41:44,13,19.35,0.00,13.98,0.00,0.00,5.38,0.00,0.00,0.00,61.29
08:41:44,14,16.67,0.00,12.22,0.00,0.00,6.67,0.00,0.00,0.00,64.44
08:41:44,15,13.04,0.00,14.13,0.00,0.00,5.43,0.00,0.00,0.00,67.39
08:41:45,4,18.28,0.00,15.05,0.00,0.00,5.38,0.00,0.00,0.00,61.29
08:41:45,5,17.02,0.00,15.96,0.00,0.00,6.38,0.00,0.00,0.00,60.64
08:41:45,6,15.62,0.00,16.67,0.00,0.00,7.29,0.00,0.00,0.00,60.42
08:41:45,7,17.20,0.00,13.98,0.00,0.00,5.38,0.00,0.00,0.00,63.44
08:41:45,12,15.38,0.00,18.68,0.00,0.00,4.40,0.00,0.00,0.00,61.54
08:41:45,13,23.66,0.00,18.28,0.00,0.00,4.30,0.00,0.00,0.00,53.76
08:41:45,14,17.02,0.00,17.02,0.00,0.00,7.45,0.00,0.00,0.00,58.51
08:41:45,15,17.39,0.00,15.22,0.00,0.00,4.35,0.00,0.00,0.00,63.04
08:41:46,4,16.48,0.00,15.38,0.00,0.00,6.59,0.00,0.00,0.00,61.54
08:41:46,5,15.38,0.00,16.48,0.00,0.00,4.40,0.00,0.00,0.00,63.74
08:41:46,6,18.28,0.00,12.90,0.00,0.00,5.38,0.00,0.00,0.00,63.44
08:41:46,7,13.04,0.00,14.13,0.00,0.00,6.52,0.00,0.00,0.00,66.30
08:41:46,12,14.29,0.00,13.19,0.00,0.00,7.69,0.00,0.00,0.00,64.84
08:41:46,13,16.30,0.00,14.13,0.00,0.00,5.43,0.00,0.00,0.00,64.13
08:41:46,14,17.39,0.00,15.22,0.00,0.00,5.43,0.00,0.00,0.00,61.96
08:41:46,15,16.13,0.00,13.98,0.00,0.00,5.38,0.00,0.00,0.00,64.52
08:41:47,4,16.48,0.00,15.38,0.00,0.00,5.49,0.00,0.00,0.00,62.64
08:41:47,5,16.13,0.00,17.20,0.00,0.00,6.45,0.00,0.00,0.00,60.22
08:41:47,6,15.96,0.00,13.83,0.00,0.00,6.38,0.00,0.00,0.00,63.83
08:41:47,7,15.38,0.00,13.19,0.00,0.00,5.49,0.00,0.00,0.00,65.93
08:41:47,12,17.39,0.00,16.30,0.00,0.00,5.43,0.00,0.00,0.00,60.87
08:41:47,13,18.28,0.00,15.05,0.00,0.00,5.38,0.00,0.00,0.00,61.29
08:41:47,14,15.96,0.00,13.83,1.06,0.00,6.38,0.00,0.00,0.00,62.77
08:41:47,15,15.96,0.00,13.83,0.00,0.00,5.32,0.00,0.00,0.00,64.89
08:41:48,4,15.96,0.00,17.02,0.00,0.00,6.38,0.00,0.00,0.00,60.64
08:41:48,5,17.58,0.00,15.38,0.00,0.00,5.49,0.00,0.00,0.00,61.54
08:41:48,6,16.13,0.00,13.98,0.00,0.00,6.45,0.00,0.00,0.00,63.44
08:41:48,7,16.84,0.00,15.79,0.00,0.00,4.21,0.00,0.00,0.00,63.16
08:41:48,12,16.67,0.00,13.33,0.00,0.00,4.44,0.00,0.00,0.00,65.56
08:41:48,13,16.67,0.00,16.67,0.00,0.00,5.56,0.00,0.00,0.00,61.11
08:41:48,14,14.44,0.00,15.56,0.00,0.00,5.56,0.00,0.00,0.00,64.44
08:41:48,15,16.30,0.00,14.13,0.00,0.00,5.43,0.00,0.00,0.00,64.13
08:41:49,4,17.58,0.00,15.38,0.00,0.00,5.49,0.00,0.00,0.00,61.54
08:41:49,5,17.98,0.00,13.48,0.00,0.00,5.62,0.00,0.00,0.00,62.92
08:41:49,6,16.30,0.00,14.13,0.00,0.00,5.43,0.00,0.00,0.00,64.13
08:41:49,7,11.96,0.00,15.22,0.00,0.00,6.52,0.00,0.00,0.00,66.30
08:41:49,12,17.58,0.00,14.29,0.00,0.00,6.59,0.00,0.00,0.00,61.54
08:41:49,13,17.39,0.00,14.13,0.00,0.00,5.43,0.00,0.00,0.00,63.04
08:41:49,14,19.35,0.00,13.98,0.00,0.00,5.38,0.00,0.00,0.00,61.29
08:41:49,15,14.13,0.00,16.30,0.00,0.00,3.26,0.00,0.00,0.00,66.30
08:41:50,4,17.78,0.00,12.22,0.00,0.00,6.67,0.00,0.00,0.00,63.33
08:41:50,5,17.71,0.00,16.67,0.00,0.00,6.25,0.00,0.00,0.00,59.38
08:41:50,6,17.39,0.00,14.13,0.00,0.00,5.43,0.00,0.00,0.00,63.04
08:41:50,7,15.22,0.00,14.13,0.00,0.00,5.43,0.00,0.00,0.00,65.22
08:41:50,12,17.20,0.00,16.13,0.00,0.00,6.45,0.00,0.00,0.00,60.22
08:41:50,13,16.48,0.00,15.38,0.00,0.00,5.49,0.00,0.00,0.00,62.64
08:41:50,14,15.38,0.00,15.38,0.00,0.00,5.49,0.00,0.00,0.00,63.74
08:41:50,15,17.02,0.00,13.83,0.00,0.00,5.32,0.00,0.00,0.00,63.83
08:41:51,4,17.89,0.00,14.74,0.00,0.00,5.26,0.00,0.00,0.00,62.11
08:41:51,5,16.48,0.00,16.48,0.00,0.00,5.49,0.00,0.00,0.00,61.54
08:41:51,6,17.58,0.00,14.29,0.00,0.00,5.49,0.00,0.00,0.00,62.64
08:41:51,7,16.30,0.00,10.87,0.00,0.00,6.52,0.00,0.00,0.00,66.30
08:41:51,12,15.73,0.00,15.73,0.00,0.00,5.62,0.00,0.00,0.00,62.92
08:41:51,13,17.20,0.00,16.13,0.00,0.00,5.38,0.00,0.00,0.00,61.29
08:41:51,14,17.78,0.00,12.22,0.00,0.00,5.56,0.00,0.00,0.00,64.44
08:41:51,15,14.44,0.00,14.44,0.00,0.00,4.44,0.00,0.00,0.00,66.67
08:41:52,4,16.67,0.00,14.44,0.00,0.00,4.44,0.00,0.00,0.00,64.44
08:41:52,5,16.30,0.00,17.39,0.00,0.00,5.43,0.00,0.00,0.00,60.87
08:41:52,6,18.48,0.00,13.04,0.00,0.00,5.43,0.00,0.00,0.00,63.04
08:41:52,7,15.38,0.00,12.09,0.00,0.00,6.59,0.00,0.00,0.00,65.93
08:41:52,12,19.57,0.00,15.22,1.09,0.00,4.35,0.00,0.00,0.00,59.78
08:41:52,13,17.89,0.00,16.84,0.00,0.00,5.26,0.00,0.00,0.00,60.00
08:41:52,14,18.68,0.00,14.29,0.00,0.00,5.49,0.00,0.00,0.00,61.54
08:41:52,15,16.67,0.00,12.22,0.00,0.00,5.56,0.00,0.00,0.00,65.56
08:41:53,4,15.05,0.00,16.13,0.00,0.00,5.38,0.00,0.00,0.00,63.44
08:41:53,5,16.85,0.00,14.61,0.00,0.00,4.49,0.00,0.00,0.00,64.04
08:41:53,6,17.20,0.00,13.98,0.00,0.00,5.38,0.00,0.00,0.00,63.44
08:41:53,7,13.98,0.00,16.13,0.00,0.00,5.38,0.00,0.00,0.00,64.52
08:41:53,12,17.78,0.00,12.22,0.00,0.00,4.44,0.00,0.00,0.00,65.56
08:41:53,13,16.48,0.00,13.19,0.00,0.00,5.49,0.00,0.00,0.00,64.84
08:41:53,14,18.09,0.00,13.83,0.00,0.00,4.26,0.00,0.00,0.00,63.83
08:41:53,15,15.22,0.00,13.04,0.00,0.00,5.43,0.00,0.00,0.00,66.30
08:41:54,4,18.48,0.00,14.13,0.00,0.00,5.43,0.00,0.00,0.00,61.96
08:41:54,5,17.20,0.00,17.20,0.00,0.00,4.30,0.00,0.00,0.00,61.29
08:41:54,6,16.48,0.00,13.19,0.00,0.00,6.59,0.00,0.00,0.00,63.74
08:41:54,7,14.29,0.00,13.19,0.00,0.00,5.49,0.00,0.00,0.00,67.03
08:41:54,12,17.20,0.00,12.90,0.00,0.00,6.45,0.00,0.00,0.00,63.44
08:41:54,13,16.84,0.00,15.79,0.00,0.00,5.26,0.00,0.00,0.00,62.11
08:41:54,14,17.20,0.00,13.98,0.00,0.00,6.45,0.00,0.00,0.00,62.37
08:41:54,15,14.89,0.00,13.83,0.00,0.00,6.38,0.00,0.00,0.00,64.89
08:41:55,4,16.67,0.00,15.56,0.00,0.00,4.44,0.00,0.00,0.00,63.33
08:41:55,5,17.89,0.00,14.74,0.00,0.00,7.37,0.00,0.00,0.00,60.00
08:41:55,6,15.96,0.00,15.96,0.00,0.00,7.45,0.00,0.00,0.00,60.64
08:41:55,7,17.20,0.00,12.90,0.00,0.00,5.38,0.00,0.00,0.00,64.52
08:41:55,12,17.20,0.00,13.98,0.00,0.00,6.45,0.00,0.00,0.00,62.37
08:41:55,13,18.95,0.00,13.68,0.00,0.00,7.37,0.00,0.00,0.00,60.00
08:41:55,14,17.20,0.00,13.98,0.00,0.00,5.38,0.00,0.00,0.00,63.44
08:41:55,15,15.22,0.00,14.13,0.00,0.00,4.35,0.00,0.00,0.00,66.30
08:41:56,4,19.15,0.00,15.96,0.00,0.00,5.32,0.00,0.00,0.00,59.57
08:41:56,5,19.10,0.00,14.61,0.00,0.00,5.62,0.00,0.00,0.00,60.67
08:41:56,6,15.38,0.00,15.38,0.00,0.00,6.59,0.00,0.00,0.00,62.64
08:41:56,7,16.13,0.00,12.90,0.00,0.00,6.45,0.00,0.00,0.00,64.52
08:41:56,12,19.78,0.00,15.38,0.00,0.00,4.40,0.00,0.00,0.00,60.44
08:41:56,13,23.91,0.00,15.22,0.00,0.00,4.35,0.00,0.00,0.00,56.52
08:41:56,14,18.95,0.00,16.84,0.00,0.00,7.37,0.00,0.00,0.00,56.84
08:41:56,15,16.30,0.00,13.04,0.00,0.00,6.52,0.00,0.00,0.00,64.13
08:41:57,4,18.28,0.00,12.90,0.00,0.00,6.45,0.00,0.00,0.00,62.37
08:41:57,5,17.58,0.00,14.29,2.20,0.00,5.49,0.00,0.00,0.00,60.44
08:41:57,6,18.48,0.00,13.04,0.00,0.00,5.43,0.00,0.00,0.00,63.04
08:41:57,7,13.04,0.00,15.22,0.00,0.00,5.43,0.00,0.00,0.00,66.30
08:41:57,12,17.02,0.00,15.96,0.00,0.00,6.38,0.00,0.00,0.00,60.64
08:41:57,13,15.22,0.00,14.13,2.17,0.00,6.52,0.00,0.00,0.00,61.96
08:41:57,14,16.13,0.00,15.05,1.08,0.00,5.38,0.00,0.00,0.00,62.37
08:41:57,15,14.77,0.00,12.50,0.00,0.00,4.55,0.00,0.00,0.00,68.18
08:41:58,4,17.58,0.00,14.29,0.00,0.00,6.59,0.00,0.00,0.00,61.54
08:41:58,5,15.22,0.00,16.30,0.00,0.00,5.43,0.00,0.00,0.00,63.04
08:41:58,6,16.48,0.00,14.29,0.00,0.00,4.40,0.00,0.00,0.00,64.84
08:41:58,7,16.13,0.00,12.90,0.00,0.00,5.38,0.00,0.00,0.00,65.59
08:41:58,12,18.28,0.00,15.05,0.00,0.00,4.30,0.00,0.00,0.00,62.37
08:41:58,13,17.05,0.00,12.50,0.00,0.00,4.55,0.00,0.00,0.00,65.91
08:41:58,14,15.38,0.00,14.29,0.00,0.00,6.59,0.00,0.00,0.00,63.74
08:41:58,15,16.30,0.00,15.22,0.00,0.00,4.35,0.00,0.00,0.00,64.13
08:41:59,4,17.39,0.00,14.13,0.00,0.00,5.43,0.00,0.00,0.00,63.04
08:41:59,5,17.20,0.00,18.28,0.00,0.00,5.38,0.00,0.00,0.00,59.14
08:41:59,6,16.30,0.00,15.22,0.00,0.00,4.35,0.00,0.00,0.00,64.13
08:41:59,7,14.29,0.00,14.29,0.00,0.00,5.49,0.00,0.00,0.00,65.93
08:41:59,12,15.22,0.00,15.22,0.00,0.00,7.61,0.00,0.00,0.00,61.96
08:41:59,13,17.20,0.00,16.13,0.00,0.00,5.38,0.00,0.00,0.00,61.29
08:41:59,14,16.30,0.00,16.30,0.00,0.00,5.43,0.00,0.00,0.00,61.96
08:41:59,15,16.13,0.00,12.90,0.00,0.00,6.45,0.00,0.00,0.00,64.52
08:42:00,4,17.58,0.00,14.29,0.00,0.00,4.40,0.00,0.00,0.00,63.74
08:42:00,5,18.68,0.00,13.19,0.00,0.00,4.40,0.00,0.00,0.00,63.74
08:42:00,6,15.56,0.00,14.44,0.00,0.00,5.56,0.00,0.00,0.00,64.44
08:42:00,7,15.05,0.00,16.13,0.00,0.00,4.30,0.00,0.00,0.00,64.52
08:42:00,12,16.30,0.00,15.22,0.00,0.00,5.43,0.00,0.00,0.00,63.04
08:42:00,13,16.48,0.00,14.29,0.00,0.00,5.49,0.00,0.00,0.00,63.74
08:42:00,14,17.39,0.00,14.13,0.00,0.00,4.35,0.00,0.00,0.00,64.13
08:42:00,15,15.56,0.00,13.33,0.00,0.00,5.56,0.00,0.00,0.00,65.56
08:42:01,4,16.48,0.00,17.58,0.00,0.00,5.49,0.00,0.00,0.00,60.44
08:42:01,5,20.43,0.00,15.05,0.00,0.00,6.45,0.00,0.00,0.00,58.06
08:42:01,6,17.89,0.00,14.74,0.00,0.00,6.32,0.00,0.00,0.00,61.05
08:42:01,7,14.89,0.00,14.89,0.00,0.00,6.38,0.00,0.00,0.00,63.83
08:42:01,12,17.02,0.00,14.89,0.00,0.00,6.38,0.00,0.00,0.00,61.70
08:42:01,13,17.20,0.00,16.13,0.00,0.00,6.45,0.00,0.00,0.00,60.22
08:42:01,14,21.11,0.00,13.33,0.00,0.00,4.44,0.00,0.00,0.00,61.11
08:42:01,15,15.38,0.00,15.38,0.00,0.00,3.30,0.00,0.00,0.00,65.93
08:42:02,4,16.67,0.00,14.44,0.00,0.00,4.44,0.00,0.00,0.00,64.44
08:42:02,5,18.28,0.00,16.13,1.08,0.00,5.38,0.00,0.00,0.00,59.14
08:42:02,6,15.22,0.00,14.13,0.00,0.00,5.43,0.00,0.00,0.00,65.22
08:42:02,7,15.56,0.00,11.11,0.00,0.00,5.56,0.00,0.00,0.00,67.78
08:42:02,12,15.22,0.00,17.39,1.09,0.00,6.52,0.00,0.00,0.00,59.78
08:42:02,13,17.58,0.00,13.19,0.00,0.00,5.49,0.00,0.00,0.00,63.74
08:42:02,14,15.62,0.00,15.62,1.04,0.00,6.25,0.00,0.00,0.00,61.46
08:42:02,15,13.98,0.00,15.05,0.00,0.00,5.38,0.00,0.00,0.00,65.59
08:42:03,4,15.22,0.00,15.22,0.00,0.00,5.43,0.00,0.00,0.00,64.13
08:42:03,5,13.19,0.00,17.58,0.00,0.00,7.69,0.00,0.00,0.00,61.54
08:42:03,6,17.20,0.00,15.05,0.00,0.00,6.45,0.00,0.00,0.00,61.29
08:42:03,7,13.48,0.00,13.48,0.00,0.00,4.49,0.00,0.00,0.00,68.54
08:42:03,12,15.05,0.00,13.98,0.00,0.00,7.53,0.00,0.00,0.00,63.44
08:42:03,13,16.13,0.00,13.98,0.00,0.00,6.45,0.00,0.00,0.00,63.44
08:42:03,14,17.39,0.00,15.22,0.00,0.00,5.43,0.00,0.00,0.00,61.96
08:42:03,15,15.38,0.00,13.19,0.00,0.00,5.49,0.00,0.00,0.00,65.93
08:42:04,4,16.30,0.00,14.13,0.00,0.00,5.43,0.00,0.00,0.00,64.13
08:42:04,5,18.28,0.00,12.90,0.00,0.00,5.38,0.00,0.00,0.00,63.44
08:42:04,6,16.84,0.00,15.79,0.00,0.00,5.26,0.00,0.00,0.00,62.11
08:42:04,7,17.39,0.00,14.13,0.00,0.00,4.35,0.00,0.00,0.00,64.13
08:42:04,12,17.20,0.00,16.13,0.00,0.00,4.30,0.00,0.00,0.00,62.37
08:42:04,13,16.30,0.00,16.30,0.00,0.00,4.35,0.00,0.00,0.00,63.04
08:42:04,14,16.30,0.00,14.13,0.00,0.00,5.43,0.00,0.00,0.00,64.13
08:42:04,15,15.22,0.00,16.30,0.00,0.00,4.35,0.00,0.00,0.00,64.13
08:42:05,4,18.28,0.00,15.05,0.00,0.00,5.38,0.00,0.00,0.00,61.29
08:42:05,5,17.20,0.00,15.05,0.00,0.00,5.38,0.00,0.00,0.00,62.37
08:42:05,6,17.39,0.00,15.22,0.00,0.00,5.43,0.00,0.00,0.00,61.96
08:42:05,7,15.38,0.00,13.19,0.00,0.00,3.30,0.00,0.00,0.00,68.13
08:42:05,12,18.09,0.00,12.77,0.00,0.00,6.38,0.00,0.00,0.00,62.77
08:42:05,13,17.39,0.00,13.04,0.00,0.00,6.52,0.00,0.00,0.00,63.04
08:42:05,14,15.56,0.00,13.33,0.00,0.00,7.78,0.00,0.00,0.00,63.33
08:42:05,15,14.89,0.00,12.77,0.00,0.00,5.32,0.00,0.00,0.00,67.02
08:42:06,4,21.28,0.00,14.89,0.00,0.00,5.32,0.00,0.00,0.00,58.51
08:42:06,5,15.22,0.00,16.30,0.00,0.00,5.43,0.00,0.00,0.00,63.04
08:42:06,6,16.30,0.00,17.39,0.00,0.00,5.43,0.00,0.00,0.00,60.87
08:42:06,7,16.30,0.00,15.22,0.00,0.00,4.35,0.00,0.00,0.00,64.13
08:42:06,12,15.96,0.00,17.02,0.00,0.00,6.38,0.00,0.00,0.00,60.64
08:42:06,13,17.39,0.00,14.13,0.00,0.00,5.43,0.00,0.00,0.00,63.04
08:42:06,14,17.20,0.00,15.05,0.00,0.00,5.38,0.00,0.00,0.00,62.37
08:42:06,15,17.20,0.00,12.90,0.00,0.00,6.45,0.00,0.00,0.00,63.44
08:42:07,4,16.48,0.00,12.09,0.00,0.00,5.49,0.00,0.00,0.00,65.93
08:42:07,5,17.02,0.00,18.09,0.00,0.00,6.38,0.00,0.00,0.00,58.51
08:42:07,6,18.09,0.00,13.83,0.00,0.00,6.38,0.00,0.00,0.00,61.70
08:42:07,7,15.79,0.00,13.68,0.00,0.00,7.37,0.00,0.00,0.00,63.16
08:42:07,12,18.48,0.00,13.04,0.00,0.00,5.43,0.00,0.00,0.00,63.04
08:42:07,13,17.39,0.00,11.96,0.00,0.00,6.52,0.00,0.00,0.00,64.13
08:42:07,14,17.39,0.00,13.04,0.00,0.00,5.43,0.00,0.00,0.00,64.13
08:42:07,15,15.22,0.00,15.22,0.00,0.00,5.43,0.00,0.00,0.00,64.13
08:42:08,4,18.68,0.00,13.19,0.00,0.00,6.59,0.00,0.00,0.00,61.54
08:42:08,5,17.58,0.00,16.48,0.00,0.00,5.49,0.00,0.00,0.00,60.44
08:42:08,6,15.91,0.00,11.36,0.00,0.00,5.68,0.00,0.00,0.00,67.05
08:42:08,7,14.74,0.00,14.74,0.00,0.00,6.32,0.00,0.00,0.00,64.21
08:42:08,12,15.22,0.00,15.22,0.00,0.00,5.43,0.00,0.00,0.00,64.13
08:42:08,13,17.39,0.00,17.39,0.00,0.00,5.43,0.00,0.00,0.00,59.78
08:42:08,14,16.13,0.00,15.05,0.00,0.00,6.45,0.00,0.00,0.00,62.37
08:42:08,15,15.96,0.00,12.77,0.00,0.00,6.38,0.00,0.00,0.00,64.89
08:42:09,4,16.13,0.00,16.13,0.00,0.00,6.45,0.00,0.00,0.00,61.29
08:42:09,5,16.48,0.00,16.48,0.00,0.00,6.59,0.00,0.00,0.00,60.44
08:42:09,6,15.56,0.00,15.56,0.00,0.00,4.44,0.00,0.00,0.00,64.44
08:42:09,7,14.13,0.00,15.22,0.00,0.00,5.43,0.00,0.00,0.00,65.22
08:42:09,12,18.28,0.00,16.13,0.00,0.00,5.38,0.00,0.00,0.00,60.22
08:42:09,13,16.30,0.00,14.13,0.00,0.00,7.61,0.00,0.00,0.00,61.96
08:42:09,14,18.28,0.00,13.98,0.00,0.00,5.38,0.00,0.00,0.00,62.37
08:42:09,15,15.79,0.00,14.74,0.00,0.00,5.26,0.00,0.00,0.00,64.21
08:42:10,4,17.58,0.00,15.38,0.00,0.00,4.40,0.00,0.00,0.00,62.64
08:42:10,5,16.30,0.00,13.04,0.00,0.00,6.52,0.00,0.00,0.00,64.13
08:42:10,6,15.22,0.00,14.13,0.00,0.00,6.52,0.00,0.00,0.00,64.13
08:42:10,7,13.83,0.00,14.89,0.00,0.00,5.32,0.00,0.00,0.00,65.96
08:42:10,12,15.22,0.00,14.13,0.00,0.00,6.52,0.00,0.00,0.00,64.13
08:42:10,13,17.58,0.00,15.38,0.00,0.00,5.49,0.00,0.00,0.00,61.54
08:42:10,14,16.13,0.00,13.98,0.00,0.00,6.45,0.00,0.00,0.00,63.44
08:42:10,15,14.89,0.00,14.89,0.00,0.00,5.32,0.00,0.00,0.00,64.89
08:42:11,4,20.00,0.00,13.33,0.00,0.00,5.56,0.00,0.00,0.00,61.11
08:42:11,5,18.28,0.00,15.05,0.00,0.00,7.53,0.00,0.00,0.00,59.14
08:42:11,6,15.22,0.00,16.30,0.00,0.00,5.43,0.00,0.00,0.00,63.04
08:42:11,7,15.22,0.00,16.30,0.00,0.00,4.35,0.00,0.00,0.00,64.13
08:42:11,12,15.22,0.00,17.39,0.00,0.00,5.43,0.00,0.00,0.00,61.96
08:42:11,13,18.89,0.00,13.33,0.00,0.00,5.56,0.00,0.00,0.00,62.22
08:42:11,14,17.39,0.00,15.22,0.00,0.00,6.52,0.00,0.00,0.00,60.87
08:42:11,15,15.96,0.00,15.96,0.00,0.00,5.32,0.00,0.00,0.00,62.77
08:42:12,4,16.30,0.00,15.22,0.00,0.00,4.35,0.00,0.00,0.00,64.13
08:42:12,5,17.89,0.00,14.74,0.00,0.00,5.26,0.00,0.00,0.00,62.11
08:42:12,6,17.20,0.00,13.98,0.00,0.00,6.45,0.00,0.00,0.00,62.37
08:42:12,7,17.02,0.00,12.77,0.00,0.00,6.38,0.00,0.00,0.00,63.83
08:42:12,12,16.30,0.00,13.04,0.00,0.00,6.52,0.00,0.00,0.00,64.13
08:42:12,13,16.48,0.00,14.29,0.00,0.00,4.40,0.00,0.00,0.00,64.84
08:42:12,14,15.05,0.00,13.98,0.00,0.00,6.45,0.00,0.00,0.00,64.52
08:42:12,15,16.48,0.00,14.29,0.00,0.00,5.49,0.00,0.00,0.00,63.74
08:42:13,4,15.22,0.00,15.22,0.00,0.00,6.52,0.00,0.00,0.00,63.04
08:42:13,5,15.91,0.00,12.50,0.00,0.00,5.68,0.00,0.00,0.00,65.91
08:42:13,6,17.02,0.00,13.83,0.00,0.00,7.45,0.00,0.00,0.00,61.70
08:42:13,7,14.44,0.00,14.44,0.00,0.00,6.67,0.00,0.00,0.00,64.44
08:42:13,12,18.28,0.00,13.98,0.00,0.00,5.38,0.00,0.00,0.00,62.37
08:42:13,13,16.13,0.00,16.13,1.08,0.00,5.38,0.00,0.00,0.00,61.29
08:42:13,14,17.39,0.00,14.13,0.00,0.00,5.43,0.00,0.00,0.00,63.04
08:42:13,15,15.38,0.00,13.19,0.00,0.00,6.59,0.00,0.00,0.00,64.84
08:42:14,4,16.30,0.00,14.13,0.00,0.00,5.43,0.00,0.00,0.00,64.13
08:42:14,5,16.67,0.00,16.67,0.00,0.00,5.56,0.00,0.00,0.00,61.11
08:42:14,6,17.20,0.00,12.90,0.00,0.00,6.45,0.00,0.00,0.00,63.44
08:42:14,7,16.30,0.00,14.13,0.00,0.00,5.43,0.00,0.00,0.00,64.13
08:42:14,12,16.48,0.00,14.29,0.00,0.00,4.40,0.00,0.00,0.00,64.84
08:42:14,13,17.78,0.00,11.11,0.00,0.00,6.67,0.00,0.00,0.00,64.44
08:42:14,14,17.71,0.00,15.62,0.00,0.00,5.21,0.00,0.00,0.00,61.46
08:42:14,15,14.13,0.00,14.13,0.00,0.00,6.52,0.00,0.00,0.00,65.22
08:42:15,4,18.28,0.00,13.98,0.00,0.00,4.30,0.00,0.00,0.00,63.44
08:42:15,5,19.35,0.00,13.98,0.00,0.00,4.30,0.00,0.00,0.00,62.37
08:42:15,6,17.39,0.00,14.13,0.00,0.00,4.35,0.00,0.00,0.00,64.13
08:42:15,7,16.13,0.00,13.98,0.00,0.00,4.30,0.00,0.00,0.00,65.59
08:42:15,12,16.30,0.00,13.04,0.00,0.00,6.52,0.00,0.00,0.00,64.13
08:42:15,13,18.28,0.00,15.05,0.00,0.00,6.45,0.00,0.00,0.00,60.22
08:42:15,14,18.28,0.00,16.13,0.00,0.00,4.30,0.00,0.00,0.00,61.29
08:42:15,15,15.22,0.00,14.13,0.00,0.00,5.43,0.00,0.00,0.00,65.22
08:42:16,4,19.57,0.00,16.30,0.00,0.00,6.52,0.00,0.00,0.00,57.61
08:42:16,5,15.56,0.00,15.56,0.00,0.00,5.56,0.00,0.00,0.00,63.33
08:42:16,6,17.58,0.00,16.48,0.00,0.00,5.49,0.00,0.00,0.00,60.44
08:42:16,7,14.13,0.00,15.22,0.00,0.00,5.43,0.00,0.00,0.00,65.22
08:42:16,12,18.09,0.00,14.89,0.00,0.00,5.32,0.00,0.00,0.00,61.70
08:42:16,13,17.58,0.00,15.38,0.00,0.00,5.49,0.00,0.00,0.00,61.54
08:42:16,14,15.22,0.00,15.22,0.00,0.00,6.52,0.00,0.00,0.00,63.04
08:42:16,15,13.98,0.00,15.05,0.00,0.00,6.45,0.00,0.00,0.00,64.52
08:42:17,4,18.48,0.00,14.13,0.00,0.00,5.43,0.00,0.00,0.00,61.96
08:42:17,5,18.68,0.00,15.38,0.00,0.00,5.49,0.00,0.00,0.00,60.44
08:42:17,6,17.58,0.00,13.19,0.00,0.00,6.59,0.00,0.00,0.00,62.64
08:42:17,7,15.05,0.00,13.98,0.00,0.00,4.30,0.00,0.00,0.00,66.67
08:42:17,12,17.24,0.00,13.79,0.00,0.00,4.60,0.00,0.00,0.00,64.37
08:42:17,13,17.58,0.00,17.58,0.00,0.00,4.40,0.00,0.00,0.00,60.44
08:42:17,14,18.68,0.00,13.19,0.00,0.00,5.49,0.00,0.00,0.00,62.64
08:42:17,15,14.13,0.00,14.13,0.00,0.00,5.43,0.00,0.00,0.00,66.30
08:42:18,4,17.58,0.00,13.19,0.00,0.00,4.40,0.00,0.00,0.00,64.84
08:42:18,5,18.28,0.00,13.98,0.00,0.00,5.38,0.00,0.00,0.00,62.37
08:42:18,6,15.96,0.00,14.89,0.00,0.00,5.32,0.00,0.00,0.00,63.83
08:42:18,7,13.68,0.00,13.68,2.11,0.00,6.32,0.00,0.00,0.00,64.21
08:42:18,12,18.09,0.00,14.89,0.00,0.00,5.32,0.00,0.00,0.00,61.70
08:42:18,13,16.67,0.00,15.56,0.00,0.00,4.44,0.00,0.00,0.00,63.33
08:42:18,14,16.48,0.00,15.38,1.10,0.00,5.49,0.00,0.00,0.00,61.54
08:42:18,15,15.38,0.00,12.09,0.00,0.00,5.49,0.00,0.00,0.00,67.03
08:42:19,4,15.56,0.00,15.56,0.00,0.00,5.56,0.00,0.00,0.00,63.33
08:42:19,5,18.68,0.00,15.38,0.00,0.00,4.40,0.00,0.00,0.00,61.54
08:42:19,6,16.48,0.00,15.38,0.00,0.00,4.40,0.00,0.00,0.00,63.74
08:42:19,7,13.33,0.00,13.33,0.00,0.00,5.56,0.00,0.00,0.00,67.78
08:42:19,12,17.20,0.00,17.20,0.00,0.00,4.30,0.00,0.00,0.00,61.29
08:42:19,13,18.28,0.00,15.05,0.00,0.00,6.45,0.00,0.00,0.00,60.22
08:42:19,14,15.22,0.00,15.22,0.00,0.00,6.52,0.00,0.00,0.00,63.04
08:42:19,15,15.62,0.00,14.58,0.00,0.00,6.25,0.00,0.00,0.00,63.54
08:42:20,4,19.78,0.00,13.19,0.00,0.00,5.49,0.00,0.00,0.00,61.54
08:42:20,5,14.44,0.00,14.44,0.00,0.00,6.67,0.00,0.00,0.00,64.44
08:42:20,6,17.39,0.00,15.22,0.00,0.00,4.35,0.00,0.00,0.00,63.04
08:42:20,7,17.39,0.00,11.96,0.00,0.00,6.52,0.00,0.00,0.00,64.13
08:42:20,12,15.05,0.00,16.13,0.00,0.00,5.38,0.00,0.00,0.00,63.44
08:42:20,13,16.30,0.00,16.30,0.00,0.00,5.43,0.00,0.00,0.00,61.96
08:42:20,14,16.85,0.00,13.48,0.00,0.00,4.49,0.00,0.00,0.00,65.17
08:42:20,15,16.30,0.00,14.13,0.00,0.00,5.43,0.00,0.00,0.00,64.13
08:42:21,4,20.83,0.00,16.67,0.00,0.00,5.21,0.00,0.00,0.00,57.29
08:42:21,5,17.78,0.00,15.56,0.00,0.00,6.67,0.00,0.00,0.00,60.00
08:42:21,6,16.84,0.00,15.79,0.00,0.00,6.32,0.00,0.00,0.00,61.05
08:42:21,7,15.05,0.00,13.98,0.00,0.00,4.30,0.00,0.00,0.00,66.67
08:42:21,12,16.48,0.00,14.29,0.00,0.00,6.59,0.00,0.00,0.00,62.64
08:42:21,13,18.28,0.00,16.13,0.00,0.00,6.45,0.00,0.00,0.00,59.14
08:42:21,14,17.20,0.00,16.13,0.00,0.00,5.38,0.00,0.00,0.00,61.29
08:42:21,15,17.20,0.00,13.98,0.00,0.00,4.30,0.00,0.00,0.00,64.52
08:42:22,4,16.67,0.00,14.44,0.00,0.00,6.67,0.00,0.00,0.00,62.22
08:42:22,5,15.22,0.00,17.39,0.00,0.00,4.35,0.00,0.00,0.00,63.04
08:42:22,6,17.02,0.00,14.89,0.00,0.00,5.32,0.00,0.00,0.00,62.77
08:42:22,7,13.98,0.00,16.13,0.00,0.00,5.38,0.00,0.00,0.00,64.52
08:42:22,12,19.15,0.00,13.83,0.00,0.00,5.32,0.00,0.00,0.00,61.70
08:42:22,13,16.13,0.00,15.05,0.00,0.00,6.45,0.00,0.00,0.00,62.37
08:42:22,14,18.09,0.00,15.96,0.00,0.00,5.32,0.00,0.00,0.00,60.64
08:42:22,15,13.04,0.00,15.22,0.00,0.00,5.43,0.00,0.00,0.00,66.30
08:42:23,4,15.22,0.00,16.30,0.00,0.00,7.61,0.00,0.00,0.00,60.87
08:42:23,5,17.39,0.00,14.13,2.17,0.00,5.43,0.00,0.00,0.00,60.87
08:42:23,6,16.48,0.00,15.38,0.00,0.00,5.49,0.00,0.00,0.00,62.64
08:42:23,7,16.48,0.00,13.19,0.00,0.00,5.49,0.00,0.00,0.00,64.84
08:42:23,12,17.89,0.00,13.68,0.00,0.00,7.37,0.00,0.00,0.00,61.05
08:42:23,13,17.98,0.00,14.61,0.00,0.00,4.49,0.00,0.00,0.00,62.92
08:42:23,14,18.28,0.00,15.05,0.00,0.00,5.38,0.00,0.00,0.00,61.29
08:42:23,15,17.20,0.00,13.98,0.00,0.00,5.38,0.00,0.00,0.00,63.44
08:42:24,4,18.68,0.00,15.38,0.00,0.00,4.40,0.00,0.00,0.00,61.54
08:42:24,5,18.48,0.00,13.04,0.00,0.00,5.43,0.00,0.00,0.00,63.04
08:42:24,6,17.20,0.00,15.05,0.00,0.00,4.30,0.00,0.00,0.00,63.44
08:42:24,7,15.05,0.00,13.98,0.00,0.00,5.38,0.00,0.00,0.00,65.59
08:42:24,12,15.56,0.00,15.56,0.00,0.00,5.56,0.00,0.00,0.00,63.33
08:42:24,13,18.89,0.00,13.33,0.00,0.00,5.56,0.00,0.00,0.00,62.22
08:42:24,14,16.30,0.00,14.13,0.00,0.00,5.43,0.00,0.00,0.00,64.13
08:42:24,15,16.30,0.00,14.13,0.00,0.00,4.35,0.00,0.00,0.00,65.22
08:42:25,4,17.39,0.00,14.13,0.00,0.00,5.43,0.00,0.00,0.00,63.04
08:42:25,5,17.02,0.00,14.89,0.00,0.00,5.32,0.00,0.00,0.00,62.77
08:42:25,6,17.20,0.00,13.98,0.00,0.00,5.38,0.00,0.00,0.00,63.44
08:42:25,7,15.22,0.00,14.13,0.00,0.00,5.43,0.00,0.00,0.00,65.22
08:42:25,12,17.78,0.00,14.44,0.00,0.00,4.44,0.00,0.00,0.00,63.33
08:42:25,13,17.20,0.00,16.13,0.00,0.00,5.38,0.00,0.00,0.00,61.29
08:42:25,14,17.39,0.00,13.04,0.00,0.00,6.52,0.00,0.00,0.00,63.04
08:42:25,15,17.20,0.00,12.90,0.00,0.00,6.45,0.00,0.00,0.00,63.44
08:42:26,4,18.28,0.00,13.98,0.00,0.00,5.38,0.00,0.00,0.00,62.37
08:42:26,5,22.34,0.00,14.89,0.00,0.00,4.26,0.00,0.00,0.00,58.51
08:42:26,6,18.48,0.00,15.22,0.00,0.00,5.43,0.00,0.00,0.00,60.87
08:42:26,7,14.89,0.00,14.89,0.00,0.00,6.38,0.00,0.00,0.00,63.83
08:42:26,12,15.56,0.00,15.56,0.00,0.00,4.44,0.00,0.00,0.00,64.44
08:42:26,13,16.67,0.00,15.56,0.00,0.00,4.44,0.00,0.00,0.00,63.33
08:42:26,14,18.68,0.00,13.19,0.00,0.00,5.49,0.00,0.00,0.00,62.64
08:42:26,15,17.39,0.00,11.96,0.00,0.00,5.43,0.00,0.00,0.00,65.22
08:42:27,4,18.68,0.00,14.29,0.00,0.00,5.49,0.00,0.00,0.00,61.54
08:42:27,5,17.39,0.00,15.22,0.00,0.00,5.43,0.00,0.00,0.00,61.96
08:42:27,6,16.67,0.00,13.33,0.00,0.00,5.56,0.00,0.00,0.00,64.44
08:42:27,7,15.22,0.00,15.22,0.00,0.00,5.43,0.00,0.00,0.00,64.13
08:42:27,12,16.67,0.00,14.44,0.00,0.00,4.44,0.00,0.00,0.00,64.44
08:42:27,13,16.49,0.00,16.49,0.00,0.00,6.19,0.00,0.00,0.00,60.82
08:42:27,14,14.77,0.00,11.36,0.00,0.00,6.82,0.00,0.00,0.00,67.05
08:42:27,15,15.38,0.00,14.29,0.00,0.00,5.49,0.00,0.00,0.00,64.84
08:42:28,4,17.78,0.00,14.44,1.11,0.00,4.44,0.00,0.00,0.00,62.22
08:42:28,5,18.48,0.00,15.22,0.00,0.00,5.43,0.00,0.00,0.00,60.87
08:42:28,6,16.30,0.00,15.22,0.00,0.00,4.35,0.00,0.00,0.00,64.13
08:42:28,7,15.05,0.00,12.90,0.00,0.00,6.45,0.00,0.00,0.00,65.59
08:42:28,12,16.30,0.00,16.30,0.00,0.00,5.43,0.00,0.00,0.00,61.96
08:42:28,13,16.09,0.00,12.64,0.00,0.00,5.75,0.00,0.00,0.00,65.52
08:42:28,14,16.48,0.00,15.38,0.00,0.00,4.40,0.00,0.00,0.00,63.74
08:42:28,15,14.74,0.00,15.79,0.00,0.00,6.32,0.00,0.00,0.00,63.16
08:42:29,4,18.28,0.00,18.28,0.00,0.00,4.30,0.00,0.00,0.00,59.14
08:42:29,5,17.39,0.00,14.13,0.00,0.00,6.52,0.00,0.00,0.00,61.96
08:42:29,6,15.38,0.00,14.29,0.00,0.00,6.59,0.00,0.00,0.00,63.74
08:42:29,7,16.30,0.00,14.13,0.00,0.00,5.43,0.00,0.00,0.00,64.13
08:42:29,12,17.58,0.00,14.29,0.00,0.00,5.49,0.00,0.00,0.00,62.64
08:42:29,13,15.38,0.00,14.29,0.00,0.00,6.59,0.00,0.00,0.00,63.74
08:42:29,14,14.13,0.00,15.22,0.00,0.00,6.52,0.00,0.00,0.00,64.13
08:42:29,15,14.13,0.00,14.13,0.00,0.00,5.43,0.00,0.00,0.00,66.30
08:42:30,4,17.58,0.00,13.19,0.00,0.00,5.49,0.00,0.00,0.00,63.74
08:42:30,5,17.20,0.00,16.13,0.00,0.00,5.38,0.00,0.00,0.00,61.29
08:42:30,6,14.61,0.00,14.61,0.00,0.00,4.49,0.00,0.00,0.00,66.29
08:42:30,7,14.89,0.00,13.83,0.00,0.00,4.26,0.00,0.00,0.00,67.02
08:42:30,12,18.09,0.00,14.89,0.00,0.00,5.32,0.00,0.00,0.00,61.70
08:42:30,13,19.15,0.00,14.89,0.00,0.00,6.38,0.00,0.00,0.00,59.57
08:42:30,14,16.30,0.00,16.30,0.00,0.00,5.43,0.00,0.00,0.00,61.96
08:42:30,15,17.02,0.00,13.83,0.00,0.00,4.26,0.00,0.00,0.00,64.89
08:42:31,4,21.65,0.00,16.49,0.00,0.00,6.19,0.00,0.00,0.00,55.67
08:42:31,5,17.39,0.00,17.39,0.00,0.00,6.52,0.00,0.00,0.00,58.70
08:42:31,6,18.28,0.00,12.90,0.00,0.00,7.53,0.00,0.00,0.00,61.29
08:42:31,7,15.22,0.00,15.22,0.00,0.00,5.43,0.00,0.00,0.00,64.13
08:42:31,12,17.39,0.00,17.39,0.00,0.00,5.43,0.00,0.00,0.00,59.78
08:42:31,13,17.58,0.00,16.48,0.00,0.00,5.49,0.00,0.00,0.00,60.44
08:42:31,14,18.68,0.00,14.29,0.00,0.00,5.49,0.00,0.00,0.00,61.54
08:42:31,15,17.39,0.00,14.13,0.00,0.00,5.43,0.00,0.00,0.00,63.04
08:42:32,4,16.67,0.00,14.44,0.00,0.00,5.56,0.00,0.00,0.00,63.33
08:42:32,5,16.13,0.00,16.13,0.00,0.00,6.45,0.00,0.00,0.00,61.29
08:42:32,6,16.30,0.00,16.30,0.00,0.00,5.43,0.00,0.00,0.00,61.96
08:42:32,7,15.05,0.00,12.90,0.00,0.00,5.38,0.00,0.00,0.00,66.67
08:42:32,12,16.30,0.00,14.13,0.00,0.00,5.43,0.00,0.00,0.00,64.13
08:42:32,13,14.29,0.00,16.48,0.00,0.00,4.40,0.00,0.00,0.00,64.84
08:42:32,14,17.58,0.00,13.19,0.00,0.00,4.40,0.00,0.00,0.00,64.84
08:42:32,15,15.96,0.00,13.83,0.00,0.00,5.32,0.00,0.00,0.00,64.89
08:42:33,4,16.48,0.00,15.38,0.00,0.00,5.49,0.00,0.00,0.00,62.64
08:42:33,5,17.20,0.00,16.13,1.08,0.00,5.38,0.00,0.00,0.00,60.22
08:42:33,6,17.02,0.00,14.89,0.00,0.00,6.38,0.00,0.00,0.00,61.70
08:42:33,7,14.44,0.00,14.44,0.00,0.00,5.56,0.00,0.00,0.00,65.56
08:42:33,12,17.20,0.00,13.98,0.00,0.00,5.38,0.00,0.00,0.00,63.44
08:42:33,13,19.57,0.00,13.04,0.00,0.00,5.43,0.00,0.00,0.00,61.96
08:42:33,14,16.30,0.00,14.13,0.00,0.00,5.43,0.00,0.00,0.00,64.13
08:42:33,15,14.29,0.00,14.29,0.00,0.00,6.59,0.00,0.00,0.00,64.84
08:42:34,4,16.30,0.00,15.22,0.00,0.00,5.43,0.00,0.00,0.00,63.04
08:42:34,5,17.89,0.00,13.68,0.00,0.00,7.37,0.00,0.00,0.00,61.05
08:42:34,6,16.48,0.00,13.19,0.00,0.00,5.49,0.00,0.00,0.00,64.84
08:42:34,7,12.22,0.00,15.56,0.00,0.00,3.33,0.00,0.00,0.00,68.89
08:42:34,12,16.13,0.00,17.20,0.00,0.00,6.45,0.00,0.00,0.00,60.22
08:42:34,13,18.09,0.00,19.15,0.00,0.00,5.32,0.00,0.00,0.00,57.45
08:42:34,14,16.48,0.00,16.48,0.00,0.00,5.49,0.00,0.00,0.00,61.54
08:42:34,15,13.19,0.00,15.38,0.00,0.00,6.59,0.00,0.00,0.00,64.84
08:42:35,4,15.73,0.00,12.36,0.00,0.00,5.62,0.00,0.00,0.00,66.29
08:42:35,5,16.13,0.00,15.05,0.00,0.00,5.38,0.00,0.00,0.00,63.44
08:42:35,6,17.89,0.00,14.74,0.00,0.00,5.26,0.00,0.00,0.00,62.11
08:42:35,7,15.79,0.00,14.74,0.00,0.00,6.32,0.00,0.00,0.00,63.16
08:42:35,12,17.02,0.00,13.83,0.00,0.00,6.38,0.00,0.00,0.00,62.77
08:42:35,13,17.20,0.00,13.98,0.00,0.00,5.38,0.00,0.00,0.00,63.44
08:42:35,14,18.28,0.00,15.05,0.00,0.00,4.30,0.00,0.00,0.00,62.37
08:42:35,15,15.73,0.00,12.36,0.00,0.00,5.62,0.00,0.00,0.00,66.29
08:42:36,4,18.28,0.00,12.90,0.00,0.00,6.45,0.00,0.00,0.00,62.37
08:42:36,5,19.78,0.00,17.58,0.00,0.00,4.40,0.00,0.00,0.00,58.24
08:42:36,6,19.78,0.00,14.29,0.00,0.00,5.49,0.00,0.00,0.00,60.44
08:42:36,7,13.48,0.00,14.61,0.00,0.00,6.74,0.00,0.00,0.00,65.17
08:42:36,12,15.56,0.00,16.67,0.00,0.00,5.56,0.00,0.00,0.00,62.22
08:42:36,13,18.28,0.00,16.13,0.00,0.00,5.38,0.00,0.00,0.00,60.22
08:42:36,14,18.68,0.00,14.29,0.00,0.00,5.49,0.00,0.00,0.00,61.54
08:42:36,15,17.35,0.00,16.33,0.00,0.00,6.12,0.00,0.00,0.00,60.20
08:42:37,4,15.96,0.00,14.89,0.00,0.00,5.32,0.00,0.00,0.00,63.83
08:42:37,5,18.95,0.00,15.79,0.00,0.00,4.21,0.00,0.00,0.00,61.05
08:42:37,6,15.96,0.00,14.89,0.00,0.00,6.38,0.00,0.00,0.00,62.77
08:42:37,7,15.38,0.00,13.19,0.00,0.00,5.49,0.00,0.00,0.00,65.93
08:42:37,12,14.29,0.00,14.29,0.00,0.00,5.49,0.00,0.00,0.00,65.93
08:42:37,13,18.89,0.00,15.56,0.00,0.00,4.44,0.00,0.00,0.00,61.11
08:42:37,14,14.89,0.00,14.89,0.00,0.00,7.45,0.00,0.00,0.00,62.77
08:42:37,15,15.96,0.00,12.77,0.00,0.00,7.45,0.00,0.00,0.00,63.83
08:42:38,4,19.15,0.00,12.77,0.00,0.00,6.38,0.00,0.00,0.00,61.70
08:42:38,5,16.30,0.00,14.13,0.00,0.00,5.43,0.00,0.00,0.00,64.13
08:42:38,6,15.38,0.00,14.29,0.00,0.00,5.49,0.00,0.00,0.00,64.84
08:42:38,7,13.68,0.00,14.74,0.00,0.00,6.32,0.00,0.00,0.00,65.26
08:42:38,12,14.89,0.00,18.09,1.06,0.00,5.32,0.00,0.00,0.00,60.64
08:42:38,13,16.67,0.00,14.44,1.11,0.00,4.44,0.00,0.00,0.00,63.33
08:42:38,14,17.58,0.00,14.29,0.00,0.00,5.49,0.00,0.00,0.00,62.64
08:42:38,15,16.30,0.00,11.96,0.00,0.00,6.52,0.00,0.00,0.00,65.22
08:42:39,4,16.48,0.00,16.48,0.00,0.00,5.49,0.00,0.00,0.00,61.54
08:42:39,5,17.20,0.00,13.98,0.00,0.00,5.38,0.00,0.00,0.00,63.44
08:42:39,6,15.38,0.00,13.19,0.00,0.00,6.59,0.00,0.00,0.00,64.84
08:42:39,7,16.30,0.00,14.13,0.00,0.00,5.43,0.00,0.00,0.00,64.13
08:42:39,12,16.84,0.00,13.68,0.00,0.00,6.32,0.00,0.00,0.00,63.16
08:42:39,13,18.09,0.00,14.89,0.00,0.00,6.38,0.00,0.00,0.00,60.64
08:42:39,14,15.79,0.00,15.79,0.00,0.00,6.32,0.00,0.00,0.00,62.11
08:42:39,15,14.89,0.00,14.89,0.00,0.00,6.38,0.00,0.00,0.00,63.83
08:42:40,4,15.73,0.00,14.61,0.00,0.00,4.49,0.00,0.00,0.00,65.17
08:42:40,5,17.58,0.00,13.19,0.00,0.00,4.40,0.00,0.00,0.00,64.84
08:42:40,6,17.02,0.00,14.89,0.00,0.00,6.38,0.00,0.00,0.00,61.70
08:42:40,7,17.71,0.00,13.54,0.00,0.00,5.21,0.00,0.00,0.00,63.54
08:42:40,12,15.38,0.00,13.19,0.00,0.00,6.59,0.00,0.00,0.00,64.84
08:42:40,13,17.20,0.00,15.05,0.00,0.00,4.30,0.00,0.00,0.00,63.44
08:42:40,14,15.96,0.00,17.02,0.00,0.00,5.32,0.00,0.00,0.00,61.70
08:42:40,15,16.13,0.00,13.98,0.00,0.00,5.38,0.00,0.00,0.00,64.52
08:42:41,4,15.56,0.00,13.33,0.00,0.00,5.56,0.00,0.00,0.00,65.56
08:42:41,5,16.84,0.00,15.79,0.00,0.00,5.26,0.00,0.00,0.00,62.11
08:42:41,6,15.96,0.00,14.89,0.00,0.00,5.32,0.00,0.00,0.00,63.83
08:42:41,7,15.22,0.00,15.22,0.00,0.00,5.43,0.00,0.00,0.00,64.13
08:42:41,12,17.71,0.00,14.58,0.00,0.00,5.21,0.00,0.00,0.00,62.50
08:42:41,13,17.89,0.00,13.68,0.00,0.00,6.32,0.00,0.00,0.00,62.11
08:42:41,14,18.95,0.00,13.68,0.00,0.00,5.26,0.00,0.00,0.00,62.11
08:42:41,15,14.13,0.00,15.22,0.00,0.00,6.52,0.00,0.00,0.00,64.13
08:42:42,4,16.67,0.00,13.33,0.00,0.00,5.56,0.00,0.00,0.00,64.44
08:42:42,5,18.75,0.00,14.58,0.00,0.00,6.25,0.00,0.00,0.00,60.42
08:42:42,6,18.68,0.00,15.38,0.00,0.00,4.40,0.00,0.00,0.00,61.54
08:42:42,7,14.29,0.00,13.19,0.00,0.00,6.59,0.00,0.00,0.00,65.93
08:42:42,12,16.48,0.00,15.38,0.00,0.00,4.40,0.00,0.00,0.00,63.74
08:42:42,13,17.58,0.00,15.38,0.00,0.00,5.49,0.00,0.00,0.00,61.54
08:42:42,14,21.51,0.00,16.13,0.00,0.00,4.30,0.00,0.00,0.00,58.06
08:42:42,15,16.30,0.00,14.13,0.00,0.00,5.43,0.00,0.00,0.00,64.13
08:42:43,4,16.30,0.00,14.13,2.17,0.00,5.43,0.00,0.00,0.00,61.96
08:42:43,5,17.39,0.00,13.04,0.00,0.00,4.35,0.00,0.00,0.00,65.22
08:42:43,6,16.30,0.00,13.04,0.00,0.00,5.43,0.00,0.00,0.00,65.22
08:42:43,7,15.05,0.00,11.83,0.00,0.00,5.38,0.00,0.00,0.00,67.74
08:42:43,12,16.13,0.00,15.05,0.00,0.00,4.30,0.00,0.00,0.00,64.52
08:42:43,13,15.73,0.00,13.48,2.25,0.00,6.74,0.00,0.00,0.00,61.80
08:42:43,14,15.22,0.00,14.13,0.00,0.00,7.61,0.00,0.00,0.00,63.04
08:42:43,15,13.19,0.00,14.29,0.00,0.00,5.49,0.00,0.00,0.00,67.03
08:42:44,4,18.48,0.00,16.30,0.00,0.00,4.35,0.00,0.00,0.00,60.87
08:42:44,5,16.85,0.00,14.61,0.00,0.00,5.62,0.00,0.00,0.00,62.92
08:42:44,6,17.78,0.00,12.22,0.00,0.00,5.56,0.00,0.00,0.00,64.44
08:42:44,7,16.13,0.00,12.90,0.00,0.00,4.30,0.00,0.00,0.00,66.67
08:42:44,12,19.35,0.00,13.98,0.00,0.00,5.38,0.00,0.00,0.00,61.29
08:42:44,13,19.57,0.00,14.13,0.00,0.00,5.43,0.00,0.00,0.00,60.87
08:42:44,14,16.67,0.00,14.44,0.00,0.00,4.44,0.00,0.00,0.00,64.44
08:42:44,15,14.29,0.00,13.19,0.00,0.00,5.49,0.00,0.00,0.00,67.03
08:42:45,4,17.58,0.00,15.38,0.00,0.00,4.40,0.00,0.00,0.00,62.64
08:42:45,5,17.89,0.00,14.74,0.00,0.00,5.26,0.00,0.00,0.00,62.11
08:42:45,6,14.13,0.00,17.39,0.00,0.00,5.43,0.00,0.00,0.00,63.04
08:42:45,7,14.13,0.00,15.22,0.00,0.00,4.35,0.00,0.00,0.00,66.30
08:42:45,12,17.39,0.00,16.30,0.00,0.00,4.35,0.00,0.00,0.00,61.96
08:42:45,13,16.30,0.00,13.04,0.00,0.00,6.52,0.00,0.00,0.00,64.13
08:42:45,14,19.15,0.00,13.83,0.00,0.00,5.32,0.00,0.00,0.00,61.70
08:42:45,15,14.13,0.00,15.22,0.00,0.00,5.43,0.00,0.00,0.00,65.22
08:42:46,4,17.02,0.00,13.83,0.00,0.00,5.32,0.00,0.00,0.00,63.83
08:42:46,5,15.56,0.00,11.11,0.00,0.00,6.67,0.00,0.00,0.00,66.67
08:42:46,6,16.30,0.00,14.13,0.00,0.00,4.35,0.00,0.00,0.00,65.22
08:42:46,7,16.13,0.00,12.90,0.00,0.00,5.38,0.00,0.00,0.00,65.59
08:42:46,12,17.20,0.00,16.13,0.00,0.00,5.38,0.00,0.00,0.00,61.29
08:42:46,13,17.20,0.00,15.05,0.00,0.00,5.38,0.00,0.00,0.00,62.37
08:42:46,14,20.83,0.00,12.50,0.00,0.00,4.17,0.00,0.00,0.00,62.50
08:42:46,15,15.79,0.00,14.74,0.00,0.00,6.32,0.00,0.00,0.00,63.16
08:42:47,4,19.78,0.00,14.29,0.00,0.00,5.49,0.00,0.00,0.00,60.44
08:42:47,5,19.78,0.00,15.38,0.00,0.00,6.59,0.00,0.00,0.00,58.24
08:42:47,6,17.53,0.00,16.49,0.00,0.00,6.19,0.00,0.00,0.00,59.79
08:42:47,7,14.44,0.00,13.33,0.00,0.00,5.56,0.00,0.00,0.00,66.67
08:42:47,12,17.20,0.00,16.13,0.00,0.00,6.45,0.00,0.00,0.00,60.22
08:42:47,13,17.58,0.00,15.38,0.00,0.00,5.49,0.00,0.00,0.00,61.54
08:42:47,14,16.48,0.00,14.29,0.00,0.00,5.49,0.00,0.00,0.00,63.74
08:42:47,15,14.29,0.00,15.38,0.00,0.00,4.40,0.00,0.00,0.00,65.93
08:42:48,4,17.20,0.00,13.98,0.00,0.00,6.45,0.00,0.00,0.00,62.37
08:42:48,5,14.77,0.00,15.91,0.00,0.00,5.68,0.00,0.00,0.00,63.64
08:42:48,6,14.61,0.00,14.61,0.00,0.00,5.62,0.00,0.00,0.00,65.17
08:42:48,7,15.96,0.00,14.89,0.00,0.00,4.26,0.00,0.00,0.00,64.89
08:42:48,12,16.13,0.00,15.05,0.00,0.00,5.38,0.00,0.00,0.00,63.44
08:42:48,13,16.48,0.00,15.38,0.00,0.00,6.59,0.00,0.00,0.00,61.54
08:42:48,14,15.05,0.00,15.05,0.00,0.00,6.45,0.00,0.00,0.00,63.44
08:42:48,15,15.96,0.00,14.89,1.06,0.00,5.32,0.00,0.00,0.00,62.77
08:42:49,4,16.30,0.00,18.48,0.00,0.00,4.35,0.00,0.00,0.00,60.87
08:42:49,5,16.67,0.00,15.56,0.00,0.00,4.44,0.00,0.00,0.00,63.33
08:42:49,6,16.48,0.00,16.48,0.00,0.00,4.40,0.00,0.00,0.00,62.64
08:42:49,7,14.29,0.00,13.19,0.00,0.00,5.49,0.00,0.00,0.00,67.03
08:42:49,12,16.67,0.00,14.44,0.00,0.00,6.67,0.00,0.00,0.00,62.22
08:42:49,13,18.48,0.00,14.13,0.00,0.00,5.43,0.00,0.00,0.00,61.96
08:42:49,14,18.28,0.00,15.05,0.00,0.00,6.45,0.00,0.00,0.00,60.22
08:42:49,15,15.22,0.00,14.13,0.00,0.00,5.43,0.00,0.00,0.00,65.22
08:42:50,4,15.56,0.00,13.33,0.00,0.00,7.78,0.00,0.00,0.00,63.33
08:42:50,5,17.20,0.00,16.13,0.00,0.00,5.38,0.00,0.00,0.00,61.29
08:42:50,6,15.56,0.00,14.44,0.00,0.00,4.44,0.00,0.00,0.00,65.56
08:42:50,7,15.05,0.00,13.98,0.00,0.00,6.45,0.00,0.00,0.00,64.52
08:42:50,12,17.58,0.00,13.19,0.00,0.00,5.49,0.00,0.00,0.00,63.74
08:42:50,13,15.79,0.00,14.74,0.00,0.00,7.37,0.00,0.00,0.00,62.11
08:42:50,14,16.48,0.00,14.29,0.00,0.00,5.49,0.00,0.00,0.00,63.74
08:42:50,15,15.22,0.00,14.13,0.00,0.00,5.43,0.00,0.00,0.00,65.22
08:42:51,4,16.48,0.00,14.29,0.00,0.00,4.40,0.00,0.00,0.00,64.84
08:42:51,5,17.39,0.00,14.13,0.00,0.00,5.43,0.00,0.00,0.00,63.04
08:42:51,6,16.30,0.00,14.13,0.00,0.00,5.43,0.00,0.00,0.00,64.13
08:42:51,7,14.89,0.00,15.96,0.00,0.00,4.26,0.00,0.00,0.00,64.89
08:42:51,12,15.56,0.00,15.56,0.00,0.00,5.56,0.00,0.00,0.00,63.33
08:42:51,13,18.28,0.00,13.98,0.00,0.00,5.38,0.00,0.00,0.00,62.37
08:42:51,14,15.96,0.00,15.96,0.00,0.00,5.32,0.00,0.00,0.00,62.77
08:42:51,15,15.73,0.00,11.24,0.00,0.00,5.62,0.00,0.00,0.00,67.42
08:42:52,4,18.48,0.00,13.04,0.00,0.00,5.43,0.00,0.00,0.00,63.04
08:42:52,5,18.09,0.00,15.96,0.00,0.00,6.38,0.00,0.00,0.00,59.57
08:42:52,6,17.89,0.00,15.79,0.00,0.00,6.32,0.00,0.00,0.00,60.00
08:42:52,7,15.96,0.00,13.83,0.00,0.00,6.38,0.00,0.00,0.00,63.83
08:42:52,12,19.15,0.00,17.02,0.00,0.00,6.38,0.00,0.00,0.00,57.45
08:42:52,13,18.89,0.00,15.56,0.00,0.00,5.56,0.00,0.00,0.00,60.00
08:42:52,14,15.56,0.00,16.67,0.00,0.00,6.67,0.00,0.00,0.00,61.11
08:42:52,15,15.22,0.00,16.30,0.00,0.00,5.43,0.00,0.00,0.00,63.04
08:42:53,4,16.30,0.00,15.22,2.17,0.00,5.43,0.00,0.00,0.00,60.87
08:42:53,5,16.48,0.00,14.29,0.00,0.00,5.49,0.00,0.00,0.00,63.74
08:42:53,6,16.30,0.00,15.22,0.00,0.00,5.43,0.00,0.00,0.00,63.04
08:42:53,7,15.22,0.00,13.04,0.00,0.00,5.43,0.00,0.00,0.00,66.30
08:42:53,12,15.22,0.00,13.04,2.17,0.00,6.52,0.00,0.00,0.00,63.04
08:42:53,13,18.28,0.00,15.05,0.00,0.00,4.30,0.00,0.00,0.00,62.37
08:42:53,14,16.48,0.00,14.29,0.00,0.00,5.49,0.00,0.00,0.00,63.74
08:42:53,15,15.56,0.00,13.33,0.00,0.00,4.44,0.00,0.00,0.00,66.67
08:42:54,4,16.13,0.00,17.20,0.00,0.00,5.38,0.00,0.00,0.00,61.29
08:42:54,5,15.05,0.00,16.13,0.00,0.00,6.45,0.00,0.00,0.00,62.37
08:42:54,6,15.96,0.00,15.96,0.00,0.00,5.32,0.00,0.00,0.00,62.77
08:42:54,7,13.19,0.00,13.19,0.00,0.00,7.69,0.00,0.00,0.00,65.93
08:42:54,12,14.89,0.00,14.89,0.00,0.00,7.45,0.00,0.00,0.00,62.77
08:42:54,13,16.84,0.00,14.74,0.00,0.00,6.32,0.00,0.00,0.00,62.11
08:42:54,14,15.05,0.00,16.13,0.00,0.00,5.38,0.00,0.00,0.00,63.44
08:42:54,15,16.84,0.00,14.74,0.00,0.00,5.26,0.00,0.00,0.00,63.16
08:42:55,4,15.38,0.00,14.29,0.00,0.00,5.49,0.00,0.00,0.00,64.84
08:42:55,5,14.61,0.00,17.98,0.00,0.00,4.49,0.00,0.00,0.00,62.92
08:42:55,6,18.95,0.00,13.68,0.00,0.00,5.26,0.00,0.00,0.00,62.11
08:42:55,7,15.05,0.00,16.13,0.00,0.00,4.30,0.00,0.00,0.00,64.52
08:42:55,12,14.44,0.00,16.67,0.00,0.00,6.67,0.00,0.00,0.00,62.22
08:42:55,13,16.30,0.00,14.13,0.00,0.00,7.61,0.00,0.00,0.00,61.96
08:42:55,14,17.39,0.00,13.04,0.00,0.00,6.52,0.00,0.00,0.00,63.04
08:42:55,15,13.83,0.00,14.89,0.00,0.00,7.45,0.00,0.00,0.00,63.83
08:42:56,4,17.20,0.00,11.83,0.00,0.00,7.53,0.00,0.00,0.00,63.44
08:42:56,5,18.68,0.00,13.19,0.00,0.00,5.49,0.00,0.00,0.00,62.64
08:42:56,6,17.02,0.00,13.83,0.00,0.00,6.38,0.00,0.00,0.00,62.77
08:42:56,7,14.44,0.00,11.11,0.00,0.00,5.56,0.00,0.00,0.00,68.89
08:42:56,12,17.20,0.00,15.05,0.00,0.00,5.38,0.00,0.00,0.00,62.37
08:42:56,13,17.39,0.00,13.04,0.00,0.00,5.43,0.00,0.00,0.00,64.13
08:42:56,14,17.39,0.00,14.13,0.00,0.00,5.43,0.00,0.00,0.00,63.04
08:42:56,15,17.02,0.00,12.77,0.00,0.00,5.32,0.00,0.00,0.00,64.89
08:42:57,4,19.57,0.00,17.39,0.00,0.00,4.35,0.00,0.00,0.00,58.70
08:42:57,5,19.35,0.00,17.20,0.00,0.00,4.30,0.00,0.00,0.00,59.14
08:42:57,6,16.67,0.00,15.56,0.00,0.00,5.56,0.00,0.00,0.00,62.22
08:42:57,7,16.30,0.00,15.22,0.00,0.00,5.43,0.00,0.00,0.00,63.04
08:42:57,12,16.13,0.00,17.20,0.00,0.00,6.45,0.00,0.00,0.00,60.22
08:42:57,13,18.48,0.00,16.30,0.00,0.00,5.43,0.00,0.00,0.00,59.78
08:42:57,14,17.89,0.00,16.84,0.00,0.00,6.32,0.00,0.00,0.00,58.95
08:42:57,15,17.89,0.00,12.63,0.00,0.00,7.37,0.00,0.00,0.00,62.11
08:42:58,4,17.58,0.00,14.29,0.00,0.00,5.49,0.00,0.00,0.00,62.64
08:42:58,5,20.21,0.00,14.89,0.00,0.00,4.26,0.00,0.00,0.00,60.64
08:42:58,6,15.73,0.00,14.61,0.00,0.00,4.49,0.00,0.00,0.00,65.17
08:42:58,7,15.62,0.00,13.54,0.00,0.00,6.25,0.00,0.00,0.00,64.58
08:42:58,12,15.56,0.00,14.44,0.00,0.00,4.44,0.00,0.00,0.00,65.56
08:42:58,13,16.85,0.00,15.73,0.00,0.00,5.62,0.00,0.00,0.00,61.80
08:42:58,14,16.48,0.00,14.29,0.00,0.00,5.49,0.00,0.00,0.00,63.74
08:42:58,15,15.22,0.00,13.04,0.00,0.00,5.43,0.00,0.00,0.00,66.30
08:42:59,4,16.48,0.00,15.38,0.00,0.00,5.49,0.00,0.00,0.00,62.64
08:42:59,5,17.20,0.00,16.13,0.00,0.00,6.45,0.00,0.00,0.00,60.22
08:42:59,6,17.39,0.00,14.13,0.00,0.00,5.43,0.00,0.00,0.00,63.04
08:42:59,7,13.04,0.00,13.04,0.00,0.00,6.52,0.00,0.00,0.00,67.39
08:42:59,12,16.48,0.00,15.38,0.00,0.00,6.59,0.00,0.00,0.00,61.54
08:42:59,13,18.28,0.00,16.13,0.00,0.00,5.38,0.00,0.00,0.00,60.22
08:42:59,14,16.13,0.00,16.13,0.00,0.00,5.38,0.00,0.00,0.00,62.37
08:42:59,15,15.38,0.00,12.09,0.00,0.00,5.49,0.00,0.00,0.00,67.03
08:43:00,4,15.22,0.00,14.13,0.00,0.00,6.52,0.00,0.00,0.00,64.13
08:43:00,5,17.02,0.00,14.89,0.00,0.00,5.32,0.00,0.00,0.00,62.77
08:43:00,6,18.09,0.00,14.89,0.00,0.00,5.32,0.00,0.00,0.00,61.70
08:43:00,7,15.38,0.00,14.29,0.00,0.00,5.49,0.00,0.00,0.00,64.84
08:43:00,12,16.84,0.00,15.79,0.00,0.00,5.26,0.00,0.00,0.00,62.11
08:43:00,13,17.20,0.00,15.05,0.00,0.00,6.45,0.00,0.00,0.00,61.29
08:43:00,14,18.09,0.00,13.83,0.00,0.00,6.38,0.00,0.00,0.00,61.70
08:43:00,15,17.39,0.00,15.22,0.00,0.00,4.35,0.00,0.00,0.00,63.04
08:43:01,4,19.35,0.00,17.20,0.00,0.00,4.30,0.00,0.00,0.00,59.14
08:43:01,5,17.39,0.00,15.22,0.00,0.00,6.52,0.00,0.00,0.00,60.87
08:43:01,6,14.61,0.00,14.61,0.00,0.00,5.62,0.00,0.00,0.00,65.17
08:43:01,7,16.13,0.00,12.90,0.00,0.00,4.30,0.00,0.00,0.00,66.67
08:43:01,12,18.95,0.00,14.74,0.00,0.00,7.37,0.00,0.00,0.00,58.95
08:43:01,13,17.20,0.00,15.05,0.00,0.00,7.53,0.00,0.00,0.00,60.22
08:43:01,14,14.44,0.00,17.78,0.00,0.00,4.44,0.00,0.00,0.00,63.33
08:43:01,15,14.13,0.00,13.04,0.00,0.00,6.52,0.00,0.00,0.00,66.30
08:43:02,4,18.28,0.00,17.20,0.00,0.00,5.38,0.00,0.00,0.00,59.14
08:43:02,5,17.39,0.00,18.48,1.09,0.00,5.43,0.00,0.00,0.00,57.61
08:43:02,6,18.48,0.00,14.13,0.00,0.00,6.52,0.00,0.00,0.00,60.87
08:43:02,7,17.20,0.00,15.05,0.00,0.00,4.30,0.00,0.00,0.00,63.44
08:43:02,12,16.13,0.00,16.13,0.00,0.00,5.38,0.00,0.00,0.00,62.37
08:43:02,13,17.20,0.00,17.20,0.00,0.00,5.38,0.00,0.00,0.00,60.22
08:43:02,14,15.38,0.00,16.48,0.00,0.00,5.49,0.00,0.00,0.00,62.64
08:43:02,15,16.84,0.00,13.68,0.00,0.00,6.32,0.00,0.00,0.00,63.16
08:43:03,4,17.02,0.00,15.96,0.00,0.00,5.32,0.00,0.00,0.00,61.70
08:43:03,5,18.09,0.00,14.89,0.00,0.00,5.32,0.00,0.00,0.00,61.70
08:43:03,6,16.13,0.00,13.98,0.00,0.00,5.38,0.00,0.00,0.00,64.52
08:43:03,7,15.05,0.00,12.90,0.00,0.00,5.38,0.00,0.00,0.00,66.67
08:43:03,12,18.89,0.00,14.44,0.00,0.00,4.44,0.00,0.00,0.00,62.22
08:43:03,13,16.48,0.00,15.38,1.10,0.00,5.49,0.00,0.00,0.00,61.54
08:43:03,14,16.30,0.00,14.13,0.00,0.00,6.52,0.00,0.00,0.00,63.04
08:43:03,15,16.13,0.00,13.98,0.00,0.00,5.38,0.00,0.00,0.00,64.52
08:43:04,4,16.30,0.00,14.13,0.00,0.00,5.43,0.00,0.00,0.00,64.13
08:43:04,5,16.30,0.00,14.13,0.00,0.00,5.43,0.00,0.00,0.00,64.13
08:43:04,6,18.09,0.00,15.96,0.00,0.00,5.32,0.00,0.00,0.00,60.64
08:43:04,7,17.20,0.00,12.90,0.00,0.00,5.38,0.00,0.00,0.00,64.52
08:43:04,12,17.20,0.00,16.13,0.00,0.00,5.38,0.00,0.00,0.00,61.29
08:43:04,13,16.85,0.00,12.36,0.00,0.00,6.74,0.00,0.00,0.00,64.04
08:43:04,14,17.71,0.00,15.62,0.00,0.00,5.21,0.00,0.00,0.00,61.46
08:43:04,15,15.22,0.00,14.13,0.00,0.00,5.43,0.00,0.00,0.00,65.22
08:43:05,4,17.58,0.00,14.29,0.00,0.00,6.59,0.00,0.00,0.00,61.54
08:43:05,5,15.56,0.00,15.56,0.00,0.00,4.44,0.00,0.00,0.00,64.44
08:43:05,6,16.48,0.00,14.29,0.00,0.00,4.40,0.00,0.00,0.00,64.84
08:43:05,7,15.79,0.00,14.74,0.00,0.00,6.32,0.00,0.00,0.00,63.16
08:43:05,12,17.20,0.00,13.98,0.00,0.00,5.38,0.00,0.00,0.00,63.44
08:43:05,13,17.39,0.00,15.22,0.00,0.00,7.61,0.00,0.00,0.00,59.78
08:43:05,14,16.30,0.00,15.22,0.00,0.00,4.35,0.00,0.00,0.00,64.13
08:43:05,15,15.73,0.00,13.48,0.00,0.00,4.49,0.00,0.00,0.00,66.29
08:43:06,4,14.29,0.00,16.48,0.00,0.00,5.49,0.00,0.00,0.00,63.74
08:43:06,5,18.68,0.00,14.29,0.00,0.00,5.49,0.00,0.00,0.00,61.54
08:43:06,6,17.02,0.00,13.83,0.00,0.00,5.32,0.00,0.00,0.00,63.83
08:43:06,7,15.22,0.00,14.13,0.00,0.00,4.35,0.00,0.00,0.00,66.30
08:43:06,12,15.38,0.00,15.38,0.00,0.00,7.69,0.00,0.00,0.00,61.54
08:43:06,13,18.28,0.00,13.98,0.00,0.00,5.38,0.00,0.00,0.00,62.37
08:43:06,14,15.22,0.00,15.22,0.00,0.00,5.43,0.00,0.00,0.00,64.13
08:43:06,15,13.04,0.00,16.30,0.00,0.00,4.35,0.00,0.00,0.00,66.30
08:43:07,4,17.02,0.00,17.02,0.00,0.00,5.32,0.00,0.00,0.00,60.64
08:43:07,5,18.48,0.00,15.22,0.00,0.00,5.43,0.00,0.00,0.00,60.87
08:43:07,6,16.67,0.00,14.44,1.11,0.00,6.67,0.00,0.00,0.00,61.11
08:43:07,7,16.13,0.00,13.98,0.00,0.00,6.45,0.00,0.00,0.00,63.44
08:43:07,12,19.35,0.00,15.05,0.00,0.00,5.38,0.00,0.00,0.00,60.22
08:43:07,13,20.00,0.00,15.56,0.00,0.00,5.56,0.00,0.00,0.00,58.89
08:43:07,14,16.67,0.00,13.33,0.00,0.00,6.67,0.00,0.00,0.00,63.33
08:43:07,15,16.13,0.00,15.05,0.00,0.00,6.45,0.00,0.00,0.00,62.37
08:43:08,4,14.44,0.00,15.56,0.00,0.00,4.44,0.00,0.00,0.00,65.56
08:43:08,5,16.84,0.00,14.74,0.00,0.00,6.32,0.00,0.00,0.00,62.11
08:43:08,6,16.13,0.00,16.13,0.00,0.00,5.38,0.00,0.00,0.00,62.37
08:43:08,7,15.22,0.00,16.30,0.00,0.00,3.26,0.00,0.00,0.00,65.22
08:43:08,12,14.58,0.00,17.71,1.04,0.00,7.29,0.00,0.00,0.00,59.38
08:43:08,13,17.02,0.00,14.89,0.00,0.00,6.38,0.00,0.00,0.00,61.70
08:43:08,14,17.02,0.00,14.89,0.00,0.00,6.38,0.00,0.00,0.00,61.70
08:43:08,15,14.44,0.00,14.44,0.00,0.00,5.56,0.00,0.00,0.00,65.56
08:43:09,4,17.39,0.00,14.13,0.00,0.00,5.43,0.00,0.00,0.00,63.04
08:43:09,5,15.22,0.00,16.30,0.00,0.00,5.43,0.00,0.00,0.00,63.04
08:43:09,6,16.30,0.00,16.30,0.00,0.00,4.35,0.00,0.00,0.00,63.04
08:43:09,7,16.84,0.00,13.68,0.00,0.00,4.21,0.00,0.00,0.00,65.26
08:43:09,12,17.20,0.00,15.05,0.00,0.00,6.45,0.00,0.00,0.00,61.29
08:43:09,13,17.78,0.00,13.33,0.00,0.00,5.56,0.00,0.00,0.00,63.33
08:43:09,14,16.84,0.00,15.79,0.00,0.00,5.26,0.00,0.00,0.00,62.11
08:43:09,15,13.48,0.00,13.48,0.00,0.00,5.62,0.00,0.00,0.00,67.42
08:43:10,4,15.38,0.00,16.48,0.00,0.00,5.49,0.00,0.00,0.00,62.64
08:43:10,5,16.13,0.00,17.20,0.00,0.00,6.45,0.00,0.00,0.00,60.22
08:43:10,6,16.30,0.00,14.13,0.00,0.00,5.43,0.00,0.00,0.00,64.13
08:43:10,7,13.98,0.00,13.98,0.00,0.00,6.45,0.00,0.00,0.00,65.59
08:43:10,12,17.78,0.00,14.44,0.00,0.00,4.44,0.00,0.00,0.00,63.33
08:43:10,13,17.20,0.00,13.98,0.00,0.00,6.45,0.00,0.00,0.00,62.37
08:43:10,14,15.56,0.00,14.44,0.00,0.00,6.67,0.00,0.00,0.00,63.33
08:43:10,15,14.89,0.00,14.89,0.00,0.00,5.32,0.00,0.00,0.00,64.89
08:43:11,4,14.13,0.00,15.22,0.00,0.00,6.52,0.00,0.00,0.00,64.13
08:43:11,5,17.20,0.00,16.13,0.00,0.00,5.38,0.00,0.00,0.00,61.29
08:43:11,6,14.29,0.00,15.38,0.00,0.00,5.49,0.00,0.00,0.00,64.84
08:43:11,7,15.22,0.00,13.04,0.00,0.00,4.35,0.00,0.00,0.00,67.39
08:43:11,12,16.30,0.00,17.39,0.00,0.00,5.43,0.00,0.00,0.00,60.87
08:43:11,13,16.67,0.00,15.56,0.00,0.00,5.56,0.00,0.00,0.00,62.22
08:43:11,14,16.67,0.00,16.67,0.00,0.00,6.25,0.00,0.00,0.00,60.42
08:43:11,15,16.13,0.00,12.90,0.00,0.00,6.45,0.00,0.00,0.00,64.52
08:43:12,4,15.73,0.00,15.73,0.00,0.00,5.62,0.00,0.00,0.00,62.92
08:43:12,5,18.09,0.00,13.83,1.06,0.00,7.45,0.00,0.00,0.00,59.57
08:43:12,6,19.35,0.00,16.13,0.00,0.00,4.30,0.00,0.00,0.00,60.22
08:43:12,7,14.44,0.00,14.44,0.00,0.00,4.44,0.00,0.00,0.00,66.67
08:43:12,12,17.58,0.00,15.38,0.00,0.00,5.49,0.00,0.00,0.00,61.54
08:43:12,13,19.35,0.00,17.20,0.00,0.00,6.45,0.00,0.00,0.00,56.99
08:43:12,14,16.13,0.00,16.13,0.00,0.00,5.38,0.00,0.00,0.00,62.37
08:43:12,15,14.13,0.00,14.13,0.00,0.00,6.52,0.00,0.00,0.00,65.22
08:43:13,4,18.28,0.00,13.98,1.08,0.00,5.38,0.00,0.00,0.00,61.29
08:43:13,5,16.48,0.00,16.48,1.10,0.00,5.49,0.00,0.00,0.00,60.44
08:43:13,6,17.20,0.00,13.98,0.00,0.00,5.38,0.00,0.00,0.00,63.44
08:43:13,7,13.98,0.00,12.90,0.00,0.00,6.45,0.00,0.00,0.00,66.67
08:43:13,12,17.20,0.00,16.13,0.00,0.00,5.38,0.00,0.00,0.00,61.29
08:43:13,13,17.39,0.00,13.04,0.00,0.00,6.52,0.00,0.00,0.00,63.04
08:43:13,14,16.67,0.00,14.44,0.00,0.00,5.56,0.00,0.00,0.00,63.33
08:43:13,15,14.29,0.00,13.19,0.00,0.00,6.59,0.00,0.00,0.00,65.93
08:43:14,4,17.02,0.00,14.89,0.00,0.00,6.38,0.00,0.00,0.00,61.70
08:43:14,5,15.38,0.00,15.38,0.00,0.00,6.59,0.00,0.00,0.00,62.64
08:43:14,6,14.44,0.00,13.33,0.00,0.00,5.56,0.00,0.00,0.00,66.67
08:43:14,7,16.30,0.00,13.04,0.00,0.00,4.35,0.00,0.00,0.00,66.30
08:43:14,12,17.20,0.00,15.05,0.00,0.00,6.45,0.00,0.00,0.00,61.29
08:43:14,13,15.38,0.00,15.38,0.00,0.00,5.49,0.00,0.00,0.00,63.74
08:43:14,14,16.30,0.00,14.13,0.00,0.00,5.43,0.00,0.00,0.00,64.13
08:43:14,15,16.13,0.00,13.98,0.00,0.00,5.38,0.00,0.00,0.00,64.52
08:43:15,4,17.78,0.00,13.33,0.00,0.00,5.56,0.00,0.00,0.00,63.33
08:43:15,5,16.13,0.00,16.13,0.00,0.00,5.38,0.00,0.00,0.00,62.37
08:43:15,6,15.05,0.00,15.05,0.00,0.00,5.38,0.00,0.00,0.00,64.52
08:43:15,7,14.89,0.00,14.89,0.00,0.00,6.38,0.00,0.00,0.00,63.83
08:43:15,12,15.38,0.00,15.38,0.00,0.00,6.59,0.00,0.00,0.00,62.64
08:43:15,13,15.96,0.00,14.89,0.00,0.00,7.45,0.00,0.00,0.00,61.70
08:43:15,14,15.56,0.00,14.44,0.00,0.00,4.44,0.00,0.00,0.00,65.56
08:43:15,15,16.84,0.00,14.74,0.00,0.00,5.26,0.00,0.00,0.00,63.16
08:43:16,4,18.68,0.00,12.09,0.00,0.00,4.40,0.00,0.00,0.00,64.84
08:43:16,5,18.48,0.00,14.13,0.00,0.00,6.52,0.00,0.00,0.00,60.87
08:43:16,6,17.20,0.00,13.98,0.00,0.00,6.45,0.00,0.00,0.00,62.37
08:43:16,7,17.02,0.00,13.83,0.00,0.00,5.32,0.00,0.00,0.00,63.83
08:43:16,12,17.39,0.00,16.30,0.00,0.00,4.35,0.00,0.00,0.00,61.96
08:43:16,13,18.48,0.00,13.04,0.00,0.00,5.43,0.00,0.00,0.00,63.04
08:43:16,14,19.15,0.00,12.77,0.00,0.00,5.32,0.00,0.00,0.00,62.77
08:43:16,15,13.48,0.00,13.48,0.00,0.00,6.74,0.00,0.00,0.00,66.29
08:43:17,4,18.68,0.00,13.19,0.00,0.00,5.49,0.00,0.00,0.00,62.64
08:43:17,5,19.78,0.00,14.29,2.20,0.00,4.40,0.00,0.00,0.00,59.34
08:43:17,6,16.13,0.00,16.13,0.00,0.00,6.45,0.00,0.00,0.00,61.29
08:43:17,7,15.62,0.00,14.58,0.00,0.00,6.25,0.00,0.00,0.00,63.54
08:43:17,12,17.89,0.00,16.84,0.00,0.00,7.37,0.00,0.00,0.00,57.89
08:43:17,13,21.28,0.00,15.96,0.00,0.00,4.26,0.00,0.00,0.00,58.51
08:43:17,14,17.02,0.00,14.89,0.00,0.00,6.38,0.00,0.00,0.00,61.70
08:43:17,15,16.30,0.00,13.04,0.00,0.00,4.35,0.00,0.00,0.00,66.30
08:43:18,4,16.30,0.00,16.30,0.00,0.00,5.43,0.00,0.00,0.00,61.96
08:43:18,5,18.09,0.00,14.89,0.00,0.00,5.32,0.00,0.00,0.00,61.70
08:43:18,6,15.05,0.00,15.05,0.00,0.00,5.38,0.00,0.00,0.00,64.52
08:43:18,7,15.79,0.00,14.74,0.00,0.00,4.21,0.00,0.00,0.00,65.26
08:43:18,12,15.38,0.00,15.38,0.00,0.00,4.40,0.00,0.00,0.00,64.84
08:43:18,13,16.85,0.00,15.73,0.00,0.00,4.49,0.00,0.00,0.00,62.92
08:43:18,14,16.48,0.00,15.38,0.00,0.00,5.49,0.00,0.00,0.00,62.64
08:43:18,15,15.22,0.00,14.13,0.00,0.00,5.43,0.00,0.00,0.00,65.22
08:43:19,4,17.39,0.00,14.13,0.00,0.00,6.52,0.00,0.00,0.00,61.96
08:43:19,5,17.58,0.00,16.48,0.00,0.00,5.49,0.00,0.00,0.00,60.44
08:43:19,6,17.39,0.00,14.13,0.00,0.00,5.43,0.00,0.00,0.00,63.04
08:43:19,7,17.02,0.00,13.83,0.00,0.00,5.32,0.00,0.00,0.00,63.83
08:43:19,12,16.30,0.00,16.30,0.00,0.00,6.52,0.00,0.00,0.00,60.87
08:43:19,13,16.13,0.00,15.05,0.00,0.00,6.45,0.00,0.00,0.00,62.37
08:43:19,14,17.02,0.00,13.83,0.00,0.00,6.38,0.00,0.00,0.00,62.77
08:43:19,15,15.38,0.00,13.19,0.00,0.00,5.49,0.00,0.00,0.00,65.93
08:43:20,4,14.44,0.00,14.44,0.00,0.00,5.56,0.00,0.00,0.00,65.56
08:43:20,5,15.22,0.00,14.13,0.00,0.00,6.52,0.00,0.00,0.00,64.13
08:43:20,6,16.13,0.00,12.90,0.00,0.00,6.45,0.00,0.00,0.00,64.52
08:43:20,7,15.05,0.00,13.98,0.00,0.00,6.45,0.00,0.00,0.00,64.52
08:43:20,12,17.39,0.00,16.30,0.00,0.00,3.26,0.00,0.00,0.00,63.04
08:43:20,13,15.22,0.00,15.22,0.00,0.00,5.43,0.00,0.00,0.00,64.13
08:43:20,14,16.48,0.00,14.29,0.00,0.00,5.49,0.00,0.00,0.00,63.74
08:43:20,15,16.13,0.00,12.90,0.00,0.00,5.38,0.00,0.00,0.00,65.59
08:43:21,4,17.58,0.00,14.29,0.00,0.00,5.49,0.00,0.00,0.00,62.64
08:43:21,5,17.02,0.00,15.96,0.00,0.00,6.38,0.00,0.00,0.00,60.64
08:43:21,6,14.29,0.00,15.38,0.00,0.00,5.49,0.00,0.00,0.00,64.84
08:43:21,7,15.62,0.00,14.58,0.00,0.00,5.21,0.00,0.00,0.00,64.58
08:43:21,12,17.20,0.00,16.13,0.00,0.00,6.45,0.00,0.00,0.00,60.22
08:43:21,13,17.58,0.00,14.29,0.00,0.00,6.59,0.00,0.00,0.00,61.54
08:43:21,14,14.89,0.00,15.96,0.00,0.00,7.45,0.00,0.00,0.00,61.70
08:43:21,15,16.13,0.00,12.90,0.00,0.00,5.38,0.00,0.00,0.00,65.59
08:43:22,4,17.20,0.00,15.05,0.00,0.00,6.45,0.00,0.00,0.00,61.29
08:43:22,5,21.98,0.00,14.29,0.00,0.00,4.40,0.00,0.00,0.00,59.34
08:43:22,6,15.96,0.00,15.96,0.00,0.00,5.32,0.00,0.00,0.00,62.77
08:43:22,7,15.96,0.00,14.89,0.00,0.00,4.26,0.00,0.00,0.00,64.89
08:43:22,12,16.13,0.00,13.98,0.00,0.00,6.45,0.00,0.00,0.00,63.44
08:43:22,13,18.28,0.00,13.98,1.08,0.00,5.38,0.00,0.00,0.00,61.29
08:43:22,14,16.48,0.00,14.29,0.00,0.00,5.49,0.00,0.00,0.00,63.74
08:43:22,15,14.74,0.00,15.79,0.00,0.00,5.26,0.00,0.00,0.00,64.21
08:43:23,4,16.85,0.00,13.48,0.00,0.00,4.49,0.00,0.00,0.00,65.17
08:43:23,5,17.98,0.00,16.85,0.00,0.00,4.49,0.00,0.00,0.00,60.67
08:43:23,6,16.48,0.00,14.29,0.00,0.00,4.40,0.00,0.00,0.00,64.84
08:43:23,7,12.90,0.00,13.98,0.00,0.00,7.53,0.00,0.00,0.00,65.59
08:43:23,12,18.28,0.00,16.13,0.00,0.00,4.30,0.00,0.00,0.00,61.29
08:43:23,13,16.48,0.00,15.38,0.00,0.00,5.49,0.00,0.00,0.00,62.64
08:43:23,14,17.20,0.00,16.13,0.00,0.00,6.45,0.00,0.00,0.00,60.22
08:43:23,15,15.22,0.00,14.13,0.00,0.00,5.43,0.00,0.00,0.00,65.22
08:43:24,4,18.48,0.00,15.22,0.00,0.00,5.43,0.00,0.00,0.00,60.87
08:43:24,5,16.48,0.00,15.38,0.00,0.00,5.49,0.00,0.00,0.00,62.64
08:43:24,6,18.09,0.00,14.89,0.00,0.00,4.26,0.00,0.00,0.00,62.77
08:43:24,7,15.22,0.00,14.13,0.00,0.00,5.43,0.00,0.00,0.00,65.22
08:43:24,12,17.20,0.00,12.90,0.00,0.00,7.53,0.00,0.00,0.00,62.37
08:43:24,13,16.13,0.00,15.05,0.00,0.00,6.45,0.00,0.00,0.00,62.37
08:43:24,14,14.89,0.00,15.96,0.00,0.00,6.38,0.00,0.00,0.00,62.77
08:43:24,15,17.02,0.00,14.89,0.00,0.00,4.26,0.00,0.00,0.00,63.83
08:43:25,4,19.35,0.00,12.90,0.00,0.00,6.45,0.00,0.00,0.00,61.29
08:43:25,5,18.89,0.00,15.56,0.00,0.00,4.44,0.00,0.00,0.00,61.11
08:43:25,6,17.20,0.00,13.98,0.00,0.00,7.53,0.00,0.00,0.00,61.29
08:43:25,7,13.19,0.00,14.29,0.00,0.00,5.49,0.00,0.00,0.00,67.03
08:43:25,12,17.02,0.00,13.83,0.00,0.00,6.38,0.00,0.00,0.00,62.77
08:43:25,13,18.68,0.00,14.29,0.00,0.00,5.49,0.00,0.00,0.00,61.54
08:43:25,14,18.48,0.00,15.22,0.00,0.00,5.43,0.00,0.00,0.00,60.87
08:43:25,15,14.89,0.00,14.89,0.00,0.00,5.32,0.00,0.00,0.00,64.89
08:43:26,4,17.20,0.00,13.98,0.00,0.00,5.38,0.00,0.00,0.00,63.44
08:43:26,5,17.02,0.00,14.89,0.00,0.00,5.32,0.00,0.00,0.00,62.77
08:43:26,6,15.05,0.00,15.05,0.00,0.00,5.38,0.00,0.00,0.00,64.52
08:43:26,7,15.96,0.00,12.77,0.00,0.00,4.26,0.00,0.00,0.00,67.02
08:43:26,12,17.20,0.00,16.13,0.00,0.00,6.45,0.00,0.00,0.00,60.22
08:43:26,13,14.44,0.00,16.67,0.00,0.00,5.56,0.00,0.00,0.00,63.33
08:43:26,14,15.22,0.00,14.13,0.00,0.00,5.43,0.00,0.00,0.00,65.22
08:43:26,15,15.22,0.00,11.96,0.00,0.00,5.43,0.00,0.00,0.00,67.39
08:43:27,4,16.13,0.00,13.98,0.00,0.00,6.45,0.00,0.00,0.00,63.44
08:43:27,5,16.48,0.00,14.29,0.00,0.00,7.69,0.00,0.00,0.00,61.54
08:43:27,6,16.30,0.00,15.22,0.00,0.00,5.43,0.00,0.00,0.00,63.04
08:43:27,7,16.30,0.00,14.13,0.00,0.00,4.35,0.00,0.00,0.00,65.22
08:43:27,12,16.67,0.00,13.33,0.00,0.00,5.56,0.00,0.00,0.00,64.44
08:43:27,13,15.96,0.00,15.96,0.00,0.00,6.38,0.00,0.00,0.00,61.70
08:43:27,14,17.39,0.00,14.13,0.00,0.00,5.43,0.00,0.00,0.00,63.04
08:43:27,15,15.96,0.00,14.89,0.00,0.00,5.32,0.00,0.00,0.00,63.83
08:43:28,4,21.51,0.00,13.98,0.00,0.00,4.30,0.00,0.00,0.00,60.22
08:43:28,5,17.58,0.00,14.29,0.00,0.00,4.40,0.00,0.00,0.00,63.74
08:43:28,6,19.35,0.00,13.98,0.00,0.00,5.38,0.00,0.00,0.00,61.29
08:43:28,7,17.20,0.00,15.05,0.00,0.00,5.38,0.00,0.00,0.00,62.37
08:43:28,12,15.56,0.00,16.67,0.00,0.00,4.44,0.00,0.00,0.00,63.33
08:43:28,13,16.48,0.00,14.29,0.00,0.00,6.59,0.00,0.00,0.00,62.64
08:43:28,14,17.89,0.00,13.68,2.11,0.00,6.32,0.00,0.00,0.00,60.00
08:43:28,15,17.98,0.00,13.48,0.00,0.00,4.49,0.00,0.00,0.00,64.04
08:43:29,4,17.20,0.00,15.05,1.08,0.00,6.45,0.00,0.00,0.00,60.22
08:43:29,5,17.39,0.00,17.39,0.00,0.00,4.35,0.00,0.00,0.00,60.87
08:43:29,6,16.48,0.00,14.29,0.00,0.00,5.49,0.00,0.00,0.00,63.74
08:43:29,7,14.13,0.00,14.13,0.00,0.00,5.43,0.00,0.00,0.00,66.30
08:43:29,12,15.05,0.00,16.13,0.00,0.00,7.53,0.00,0.00,0.00,61.29
08:43:29,13,17.58,0.00,13.19,0.00,0.00,5.49,0.00,0.00,0.00,63.74
08:43:29,14,16.30,0.00,15.22,1.09,0.00,5.43,0.00,0.00,0.00,61.96
08:43:29,15,15.38,0.00,13.19,0.00,0.00,4.40,0.00,0.00,0.00,67.03
08:43:30,4,17.20,0.00,16.13,0.00,0.00,4.30,0.00,0.00,0.00,62.37
08:43:30,5,15.79,0.00,15.79,0.00,0.00,6.32,0.00,0.00,0.00,62.11
08:43:30,6,17.20,0.00,12.90,0.00,0.00,7.53,0.00,0.00,0.00,62.37
08:43:30,7,14.89,0.00,13.83,0.00,0.00,5.32,0.00,0.00,0.00,65.96
08:43:30,12,16.30,0.00,19.57,0.00,0.00,4.35,0.00,0.00,0.00,59.78
08:43:30,13,16.13,0.00,16.13,0.00,0.00,5.38,0.00,0.00,0.00,62.37
08:43:30,14,16.30,0.00,13.04,0.00,0.00,5.43,0.00,0.00,0.00,65.22
08:43:30,15,14.29,0.00,15.38,0.00,0.00,4.40,0.00,0.00,0.00,65.93
08:43:31,4,14.13,0.00,16.30,0.00,0.00,6.52,0.00,0.00,0.00,63.04
08:43:31,5,16.13,0.00,15.05,0.00,0.00,7.53,0.00,0.00,0.00,61.29
08:43:31,6,16.85,0.00,12.36,0.00,0.00,5.62,0.00,0.00,0.00,65.17
08:43:31,7,16.30,0.00,11.96,0.00,0.00,5.43,0.00,0.00,0.00,66.30
08:43:31,12,16.30,0.00,16.30,0.00,0.00,5.43,0.00,0.00,0.00,61.96
08:43:31,13,15.38,0.00,14.29,0.00,0.00,6.59,0.00,0.00,0.00,63.74
08:43:31,14,18.48,0.00,15.22,0.00,0.00,6.52,0.00,0.00,0.00,59.78
08:43:31,15,18.95,0.00,12.63,0.00,0.00,5.26,0.00,0.00,0.00,63.16
08:43:32,4,15.22,0.00,15.22,0.00,0.00,5.43,0.00,0.00,0.00,64.13
08:43:32,5,18.95,0.00,13.68,0.00,0.00,5.26,0.00,0.00,0.00,62.11
08:43:32,6,16.48,0.00,13.19,0.00,0.00,5.49,0.00,0.00,0.00,64.84
08:43:32,7,15.79,0.00,15.79,0.00,0.00,5.26,0.00,0.00,0.00,63.16
08:43:32,12,15.96,0.00,14.89,0.00,0.00,5.32,0.00,0.00,0.00,63.83
08:43:32,13,17.39,0.00,13.04,0.00,0.00,5.43,0.00,0.00,0.00,64.13
08:43:32,14,16.67,0.00,14.44,0.00,0.00,3.33,0.00,0.00,0.00,65.56
08:43:32,15,14.44,0.00,13.33,0.00,0.00,6.67,0.00,0.00,0.00,65.56
08:43:33,4,19.57,0.00,15.22,0.00,0.00,5.43,0.00,0.00,0.00,59.78
08:43:33,5,20.65,0.00,17.39,1.09,0.00,5.43,0.00,0.00,0.00,55.43
08:43:33,6,17.58,0.00,14.29,0.00,0.00,4.40,0.00,0.00,0.00,63.74
08:43:33,7,14.74,0.00,14.74,0.00,0.00,6.32,0.00,0.00,0.00,64.21
08:43:33,12,16.48,0.00,15.38,0.00,0.00,7.69,0.00,0.00,0.00,60.44
08:43:33,13,18.48,0.00,15.22,0.00,0.00,6.52,0.00,0.00,0.00,59.78
08:43:33,14,16.13,0.00,16.13,0.00,0.00,5.38,0.00,0.00,0.00,62.37
08:43:33,15,16.13,0.00,13.98,0.00,0.00,5.38,0.00,0.00,0.00,64.52
08:43:34,4,15.91,0.00,13.64,0.00,0.00,5.68,0.00,0.00,0.00,64.77
08:43:34,5,15.96,0.00,14.89,1.06,0.00,6.38,0.00,0.00,0.00,61.70
08:43:34,6,16.84,0.00,13.68,0.00,0.00,6.32,0.00,0.00,0.00,63.16
08:43:34,7,17.20,0.00,12.90,1.08,0.00,5.38,0.00,0.00,0.00,63.44
08:43:34,12,15.38,0.00,15.38,0.00,0.00,5.49,0.00,0.00,0.00,63.74
08:43:34,13,18.48,0.00,13.04,1.09,0.00,4.35,0.00,0.00,0.00,63.04
08:43:34,14,18.28,0.00,13.98,0.00,0.00,4.30,0.00,0.00,0.00,63.44
08:43:34,15,15.05,0.00,13.98,0.00,0.00,6.45,0.00,0.00,0.00,64.52
08:43:35,4,17.20,0.00,15.05,0.00,0.00,5.38,0.00,0.00,0.00,62.37
08:43:35,5,17.39,0.00,15.22,0.00,0.00,6.52,0.00,0.00,0.00,60.87
08:43:35,6,17.02,0.00,15.96,0.00,0.00,5.32,0.00,0.00,0.00,61.70
08:43:35,7,15.96,0.00,12.77,0.00,0.00,6.38,0.00,0.00,0.00,64.89
08:43:35,12,17.39,0.00,16.30,0.00,0.00,5.43,0.00,0.00,0.00,60.87
08:43:35,13,19.15,0.00,12.77,0.00,0.00,5.32,0.00,0.00,0.00,62.77
08:43:35,14,17.58,0.00,13.19,0.00,0.00,6.59,0.00,0.00,0.00,62.64
08:43:35,15,16.30,0.00,13.04,0.00,0.00,5.43,0.00,0.00,0.00,65.22
08:43:36,4,16.67,0.00,17.71,0.00,0.00,6.25,0.00,0.00,0.00,59.38
08:43:36,5,17.78,0.00,14.44,0.00,0.00,5.56,0.00,0.00,0.00,62.22
08:43:36,6,16.30,0.00,15.22,0.00,0.00,6.52,0.00,0.00,0.00,61.96
08:43:36,7,15.96,0.00,14.89,0.00,0.00,5.32,0.00,0.00,0.00,63.83
08:43:36,12,13.33,0.00,15.56,0.00,0.00,5.56,0.00,0.00,0.00,65.56
08:43:36,13,17.58,0.00,13.19,0.00,0.00,4.40,0.00,0.00,0.00,64.84
08:43:36,14,16.30,0.00,15.22,0.00,0.00,6.52,0.00,0.00,0.00,61.96
08:43:36,15,16.84,0.00,14.74,0.00,0.00,5.26,0.00,0.00,0.00,63.16
08:43:37,4,17.39,0.00,14.13,0.00,0.00,4.35,0.00,0.00,0.00,64.13
08:43:37,5,16.13,0.00,17.20,0.00,0.00,6.45,0.00,0.00,0.00,60.22
08:43:37,6,17.20,0.00,16.13,0.00,0.00,5.38,0.00,0.00,0.00,61.29
08:43:37,7,14.89,0.00,13.83,0.00,0.00,5.32,0.00,0.00,0.00,65.96
08:43:37,12,17.58,0.00,14.29,0.00,0.00,3.30,0.00,0.00,0.00,64.84
08:43:37,13,17.39,0.00,15.22,0.00,0.00,5.43,0.00,0.00,0.00,61.96
08:43:37,14,15.22,0.00,15.22,0.00,0.00,6.52,0.00,0.00,0.00,63.04
08:43:37,15,15.22,0.00,14.13,0.00,0.00,5.43,0.00,0.00,0.00,65.22
08:43:38,4,17.58,0.00,16.48,0.00,0.00,5.49,0.00,0.00,0.00,60.44
08:43:38,5,17.78,0.00,20.00,0.00,0.00,4.44,0.00,0.00,0.00,57.78
08:43:38,6,18.89,0.00,14.44,1.11,0.00,5.56,0.00,0.00,0.00,60.00
08:43:38,7,16.48,0.00,13.19,0.00,0.00,5.49,0.00,0.00,0.00,64.84
08:43:38,12,18.09,0.00,15.96,0.00,0.00,5.32,0.00,0.00,0.00,60.64
08:43:38,13,20.00,0.00,15.79,0.00,0.00,6.32,0.00,0.00,0.00,57.89
08:43:38,14,16.67,0.00,15.56,0.00,0.00,5.56,0.00,0.00,0.00,62.22
08:43:38,15,14.44,0.00,14.44,0.00,0.00,4.44,0.00,0.00,0.00,66.67
08:43:39,4,14.44,0.00,15.56,0.00,0.00,6.67,0.00,0.00,0.00,63.33
08:43:39,5,19.35,0.00,13.98,0.00,0.00,5.38,0.00,0.00,0.00,61.29
08:43:39,6,16.84,0.00,17.89,0.00,0.00,5.26,0.00,0.00,0.00,60.00
08:43:39,7,14.13,0.00,13.04,0.00,0.00,5.43,0.00,0.00,0.00,67.39
08:43:39,12,18.28,0.00,11.83,0.00,0.00,6.45,0.00,0.00,0.00,63.44
08:43:39,13,17.78,0.00,14.44,1.11,0.00,5.56,0.00,0.00,0.00,61.11
08:43:39,14,17.20,0.00,16.13,0.00,0.00,5.38,0.00,0.00,0.00,61.29
08:43:39,15,15.22,0.00,14.13,0.00,0.00,5.43,0.00,0.00,0.00,65.22
08:43:40,4,16.30,0.00,14.13,0.00,0.00,6.52,0.00,0.00,0.00,63.04
08:43:40,5,16.48,0.00,15.38,0.00,0.00,5.49,0.00,0.00,0.00,62.64
08:43:40,6,16.84,0.00,15.79,0.00,0.00,5.26,0.00,0.00,0.00,62.11
08:43:40,7,14.89,0.00,14.89,0.00,0.00,5.32,0.00,0.00,0.00,64.89
08:43:40,12,16.67,0.00,14.44,0.00,0.00,5.56,0.00,0.00,0.00,63.33
08:43:40,13,16.48,0.00,16.48,0.00,0.00,5.49,0.00,0.00,0.00,61.54
08:43:40,14,18.68,0.00,12.09,0.00,0.00,6.59,0.00,0.00,0.00,62.64
08:43:40,15,14.29,0.00,13.19,0.00,0.00,5.49,0.00,0.00,0.00,67.03
08:43:41,4,17.20,0.00,16.13,0.00,0.00,5.38,0.00,0.00,0.00,61.29
08:43:41,5,16.30,0.00,15.22,0.00,0.00,7.61,0.00,0.00,0.00,60.87
08:43:41,6,17.20,0.00,13.98,0.00,0.00,5.38,0.00,0.00,0.00,63.44
08:43:41,7,14.44,0.00,12.22,0.00,0.00,6.67,0.00,0.00,0.00,66.67
08:43:41,12,17.20,0.00,16.13,0.00,0.00,6.45,0.00,0.00,0.00,60.22
08:43:41,13,16.48,0.00,15.38,0.00,0.00,5.49,0.00,0.00,0.00,62.64
08:43:41,14,16.13,0.00,13.98,0.00,0.00,5.38,0.00,0.00,0.00,64.52
08:43:41,15,15.05,0.00,13.98,0.00,0.00,5.38,0.00,0.00,0.00,65.59
08:43:42,4,17.58,0.00,13.19,0.00,0.00,5.49,0.00,0.00,0.00,63.74
08:43:42,5,16.13,0.00,17.20,0.00,0.00,4.30,0.00,0.00,0.00,62.37
08:43:42,6,17.39,0.00,13.04,0.00,0.00,5.43,0.00,0.00,0.00,64.13
08:43:42,7,16.13,0.00,12.90,0.00,0.00,6.45,0.00,0.00,0.00,64.52
08:43:42,12,15.38,0.00,14.29,0.00,0.00,5.49,0.00,0.00,0.00,64.84
08:43:42,13,14.29,0.00,15.38,0.00,0.00,5.49,0.00,0.00,0.00,64.84
08:43:42,14,16.13,0.00,15.05,0.00,0.00,5.38,0.00,0.00,0.00,63.44
08:43:42,15,16.67,0.00,12.22,0.00,0.00,5.56,0.00,0.00,0.00,65.56
08:43:43,4,21.74,0.00,16.30,0.00,0.00,4.35,0.00,0.00,0.00,57.61
08:43:43,5,17.58,0.00,15.38,0.00,0.00,6.59,0.00,0.00,0.00,60.44
08:43:43,6,16.67,0.00,15.56,1.11,0.00,5.56,0.00,0.00,0.00,61.11
08:43:43,7,17.58,0.00,10.99,0.00,0.00,4.40,0.00,0.00,0.00,67.03
08:43:43,12,16.13,0.00,16.13,0.00,0.00,5.38,0.00,0.00,0.00,62.37
08:43:43,13,16.30,0.00,14.13,0.00,0.00,6.52,0.00,0.00,0.00,63.04
08:43:43,14,17.39,0.00,16.30,0.00,0.00,4.35,0.00,0.00,0.00,61.96
08:43:43,15,15.96,0.00,13.83,0.00,0.00,5.32,0.00,0.00,0.00,64.89
08:43:44,4,16.30,0.00,16.30,0.00,0.00,5.43,0.00,0.00,0.00,61.96
08:43:44,5,16.30,0.00,16.30,0.00,0.00,6.52,0.00,0.00,0.00,60.87
08:43:44,6,16.30,0.00,15.22,0.00,0.00,5.43,0.00,0.00,0.00,63.04
08:43:44,7,13.19,0.00,14.29,1.10,0.00,6.59,0.00,0.00,0.00,64.84
08:43:44,12,16.13,0.00,15.05,0.00,0.00,6.45,0.00,0.00,0.00,62.37
08:43:44,13,17.02,0.00,13.83,0.00,0.00,5.32,0.00,0.00,0.00,63.83
08:43:44,14,16.13,0.00,15.05,0.00,0.00,5.38,0.00,0.00,0.00,63.44
08:43:44,15,15.38,0.00,13.19,0.00,0.00,4.40,0.00,0.00,0.00,67.03
08:43:45,4,18.28,0.00,12.90,0.00,0.00,5.38,0.00,0.00,0.00,63.44
08:43:45,5,17.20,0.00,13.98,0.00,0.00,5.38,0.00,0.00,0.00,63.44
08:43:45,6,17.20,0.00,13.98,0.00,0.00,6.45,0.00,0.00,0.00,62.37
08:43:45,7,15.05,0.00,16.13,0.00,0.00,4.30,0.00,0.00,0.00,64.52
08:43:45,12,16.13,0.00,13.98,0.00,0.00,6.45,0.00,0.00,0.00,63.44
08:43:45,13,18.28,0.00,16.13,0.00,0.00,5.38,0.00,0.00,0.00,60.22
08:43:45,14,17.02,0.00,14.89,0.00,0.00,5.32,0.00,0.00,0.00,62.77
08:43:45,15,13.33,0.00,13.33,0.00,0.00,6.67,0.00,0.00,0.00,66.67
08:43:46,4,16.67,0.00,13.33,0.00,0.00,5.56,0.00,0.00,0.00,64.44
08:43:46,5,15.79,0.00,15.79,0.00,0.00,7.37,0.00,0.00,0.00,61.05
08:43:46,6,17.20,0.00,13.98,0.00,0.00,5.38,0.00,0.00,0.00,63.44
08:43:46,7,16.13,0.00,11.83,0.00,0.00,5.38,0.00,0.00,0.00,66.67
08:43:46,12,14.13,0.00,16.30,0.00,0.00,6.52,0.00,0.00,0.00,63.04
08:43:46,13,18.28,0.00,15.05,0.00,0.00,4.30,0.00,0.00,0.00,62.37
08:43:46,14,16.67,0.00,15.56,0.00,0.00,4.44,0.00,0.00,0.00,63.33
08:43:46,15,16.13,0.00,15.05,0.00,0.00,4.30,0.00,0.00,0.00,64.52
08:43:47,4,17.58,0.00,14.29,0.00,0.00,4.40,0.00,0.00,0.00,63.74
08:43:47,5,17.39,0.00,15.22,0.00,0.00,6.52,0.00,0.00,0.00,60.87
08:43:47,6,16.13,0.00,16.13,0.00,0.00,5.38,0.00,0.00,0.00,62.37
08:43:47,7,14.74,0.00,14.74,0.00,0.00,6.32,0.00,0.00,0.00,64.21
08:43:47,12,16.67,0.00,13.33,0.00,0.00,6.67,0.00,0.00,0.00,63.33
08:43:47,13,17.39,0.00,13.04,0.00,0.00,6.52,0.00,0.00,0.00,63.04
08:43:47,14,16.13,0.00,15.05,0.00,0.00,5.38,0.00,0.00,0.00,63.44
08:43:47,15,17.89,0.00,12.63,0.00,0.00,5.26,0.00,0.00,0.00,64.21
08:43:48,4,17.78,0.00,17.78,0.00,0.00,5.56,0.00,0.00,0.00,58.89
08:43:48,5,18.68,0.00,14.29,0.00,0.00,5.49,0.00,0.00,0.00,61.54
08:43:48,6,16.85,0.00,14.61,0.00,0.00,5.62,0.00,0.00,0.00,62.92
08:43:48,7,15.05,0.00,15.05,0.00,0.00,6.45,0.00,0.00,0.00,63.44
08:43:48,12,17.20,0.00,16.13,0.00,0.00,4.30,0.00,0.00,0.00,62.37
08:43:48,13,18.28,0.00,13.98,0.00,0.00,6.45,0.00,0.00,0.00,61.29
08:43:48,14,19.57,0.00,15.22,1.09,0.00,5.43,0.00,0.00,0.00,58.70
08:43:48,15,15.22,0.00,14.13,0.00,0.00,5.43,0.00,0.00,0.00,65.22
08:43:49,4,16.30,0.00,14.13,1.09,0.00,6.52,0.00,0.00,0.00,61.96
08:43:49,5,17.39,0.00,15.22,0.00,0.00,6.52,0.00,0.00,0.00,60.87
08:43:49,6,15.22,0.00,16.30,0.00,0.00,5.43,0.00,0.00,0.00,63.04
08:43:49,7,16.13,0.00,12.90,0.00,0.00,5.38,0.00,0.00,0.00,65.59
08:43:49,12,17.20,0.00,12.90,0.00,0.00,6.45,0.00,0.00,0.00,63.44
08:43:49,13,18.48,0.00,14.13,0.00,0.00,5.43,0.00,0.00,0.00,61.96
08:43:49,14,16.30,0.00,17.39,0.00,0.00,5.43,0.00,0.00,0.00,60.87
08:43:49,15,15.05,0.00,15.05,0.00,0.00,5.38,0.00,0.00,0.00,64.52
08:43:50,4,16.13,0.00,16.13,0.00,0.00,4.30,0.00,0.00,0.00,63.44
08:43:50,5,17.20,0.00,13.98,0.00,0.00,6.45,0.00,0.00,0.00,62.37
08:43:50,6,18.09,0.00,12.77,0.00,0.00,5.32,0.00,0.00,0.00,63.83
08:43:50,7,14.89,0.00,14.89,0.00,0.00,5.32,0.00,0.00,0.00,64.89
08:43:50,12,18.48,0.00,13.04,0.00,0.00,5.43,0.00,0.00,0.00,63.04
08:43:50,13,18.48,0.00,13.04,0.00,0.00,5.43,0.00,0.00,0.00,63.04
08:43:50,14,17.39,0.00,13.04,0.00,0.00,6.52,0.00,0.00,0.00,63.04
08:43:50,15,15.05,0.00,13.98,0.00,0.00,6.45,0.00,0.00,0.00,64.52
08:43:51,4,17.39,0.00,14.13,0.00,0.00,7.61,0.00,0.00,0.00,60.87
08:43:51,5,18.09,0.00,17.02,0.00,0.00,5.32,0.00,0.00,0.00,59.57
08:43:51,6,16.13,0.00,15.05,0.00,0.00,7.53,0.00,0.00,0.00,61.29
08:43:51,7,17.20,0.00,13.98,0.00,0.00,4.30,0.00,0.00,0.00,64.52
08:43:51,12,17.78,0.00,14.44,0.00,0.00,5.56,0.00,0.00,0.00,62.22
08:43:51,13,16.48,0.00,15.38,0.00,0.00,5.49,0.00,0.00,0.00,62.64
08:43:51,14,16.13,0.00,13.98,0.00,0.00,6.45,0.00,0.00,0.00,63.44
08:43:51,15,13.48,0.00,13.48,0.00,0.00,4.49,0.00,0.00,0.00,68.54
08:43:52,4,17.02,0.00,13.83,0.00,0.00,5.32,0.00,0.00,0.00,63.83
08:43:52,5,15.56,0.00,15.56,0.00,0.00,6.67,0.00,0.00,0.00,62.22
08:43:52,6,17.39,0.00,14.13,0.00,0.00,4.35,0.00,0.00,0.00,64.13
08:43:52,7,17.39,0.00,13.04,0.00,0.00,5.43,0.00,0.00,0.00,64.13
08:43:52,12,14.29,0.00,14.29,0.00,0.00,7.69,0.00,0.00,0.00,63.74
08:43:52,13,17.58,0.00,13.19,0.00,0.00,4.40,0.00,0.00,0.00,64.84
08:43:52,14,16.84,0.00,15.79,0.00,0.00,5.26,0.00,0.00,0.00,62.11
08:43:52,15,17.71,0.00,13.54,0.00,0.00,6.25,0.00,0.00,0.00,62.50
08:43:53,4,16.30,0.00,15.22,0.00,0.00,6.52,0.00,0.00,0.00,61.96
08:43:53,5,18.68,0.00,14.29,0.00,0.00,5.49,0.00,0.00,0.00,61.54
08:43:53,6,16.48,0.00,13.19,0.00,0.00,5.49,0.00,0.00,0.00,64.84
08:43:53,7,15.38,0.00,13.19,0.00,0.00,5.49,0.00,0.00,0.00,65.93
08:43:53,12,18.28,0.00,16.13,0.00,0.00,7.53,0.00,0.00,0.00,58.06
08:43:53,13,19.10,0.00,13.48,1.12,0.00,5.62,0.00,0.00,0.00,60.67
08:43:53,14,18.68,0.00,14.29,0.00,0.00,4.40,0.00,0.00,0.00,62.64
08:43:53,15,15.22,0.00,16.30,0.00,0.00,5.43,0.00,0.00,0.00,63.04
08:43:54,4,16.48,0.00,13.19,0.00,0.00,5.49,0.00,0.00,0.00,64.84
08:43:54,5,16.09,0.00,13.79,0.00,0.00,4.60,0.00,0.00,0.00,65.52
08:43:54,6,15.22,0.00,15.22,0.00,0.00,6.52,0.00,0.00,0.00,63.04
08:43:54,7,14.89,0.00,14.89,0.00,0.00,5.32,0.00,0.00,0.00,64.89
08:43:54,12,17.78,0.00,14.44,0.00,0.00,4.44,0.00,0.00,0.00,63.33
08:43:54,13,17.39,0.00,18.48,0.00,0.00,4.35,0.00,0.00,0.00,59.78
08:43:54,14,16.84,0.00,15.79,0.00,0.00,6.32,0.00,0.00,0.00,61.05
08:43:54,15,13.33,0.00,14.44,0.00,0.00,4.44,0.00,0.00,0.00,67.78
08:43:55,4,14.44,0.00,14.44,0.00,0.00,5.56,0.00,0.00,0.00,65.56
08:43:55,5,19.57,0.00,13.04,0.00,0.00,5.43,0.00,0.00,0.00,61.96
08:43:55,6,17.20,0.00,15.05,0.00,0.00,5.38,0.00,0.00,0.00,62.37
08:43:55,7,15.05,0.00,13.98,0.00,0.00,5.38,0.00,0.00,0.00,65.59
08:43:55,12,16.49,0.00,17.53,0.00,0.00,6.19,0.00,0.00,0.00,59.79
08:43:55,13,18.68,0.00,13.19,0.00,0.00,4.40,0.00,0.00,0.00,63.74
08:43:55,14,17.20,0.00,16.13,0.00,0.00,4.30,0.00,0.00,0.00,62.37
08:43:55,15,15.05,0.00,13.98,0.00,0.00,6.45,0.00,0.00,0.00,64.52
08:43:56,4,16.48,0.00,15.38,0.00,0.00,4.40,0.00,0.00,0.00,63.74
08:43:56,5,16.30,0.00,16.30,0.00,0.00,6.52,0.00,0.00,0.00,60.87
08:43:56,6,14.29,0.00,14.29,0.00,0.00,6.59,0.00,0.00,0.00,64.84
08:43:56,7,14.29,0.00,13.19,0.00,0.00,5.49,0.00,0.00,0.00,67.03
08:43:56,12,16.85,0.00,13.48,0.00,0.00,5.62,0.00,0.00,0.00,64.04
08:43:56,13,15.22,0.00,17.39,0.00,0.00,5.43,0.00,0.00,0.00,61.96
08:43:56,14,16.30,0.00,13.04,0.00,0.00,6.52,0.00,0.00,0.00,64.13
08:43:56,15,15.05,0.00,13.98,0.00,0.00,5.38,0.00,0.00,0.00,65.59
08:43:57,4,17.20,0.00,13.98,0.00,0.00,5.38,0.00,0.00,0.00,63.44
08:43:57,5,17.39,0.00,14.13,0.00,0.00,4.35,0.00,0.00,0.00,64.13
08:43:57,6,13.33,0.00,14.44,0.00,0.00,6.67,0.00,0.00,0.00,65.56
08:43:57,7,14.44,0.00,13.33,0.00,0.00,5.56,0.00,0.00,0.00,66.67
08:43:57,12,15.38,0.00,13.19,0.00,0.00,6.59,0.00,0.00,0.00,64.84
08:43:57,13,15.96,0.00,17.02,0.00,0.00,5.32,0.00,0.00,0.00,61.70
08:43:57,14,19.15,0.00,14.89,0.00,0.00,4.26,0.00,0.00,0.00,61.70
08:43:57,15,14.89,0.00,17.02,0.00,0.00,5.32,0.00,0.00,0.00,62.77
08:43:58,4,18.28,0.00,15.05,0.00,0.00,6.45,0.00,0.00,0.00,60.22
08:43:58,5,18.48,0.00,15.22,0.00,0.00,5.43,0.00,0.00,0.00,60.87
08:43:58,6,16.30,0.00,18.48,0.00,0.00,5.43,0.00,0.00,0.00,59.78
08:43:58,7,17.89,0.00,14.74,0.00,0.00,4.21,0.00,0.00,0.00,63.16
08:43:58,12,19.57,0.00,15.22,0.00,0.00,5.43,0.00,0.00,0.00,59.78
08:43:58,13,19.15,0.00,13.83,0.00,0.00,6.38,0.00,0.00,0.00,60.64
08:43:58,14,18.48,0.00,17.39,0.00,0.00,4.35,0.00,0.00,0.00,59.78
08:43:58,15,16.48,0.00,13.19,0.00,0.00,5.49,0.00,0.00,0.00,64.84
08:43:59,4,15.38,0.00,13.19,0.00,0.00,6.59,0.00,0.00,0.00,64.84
08:43:59,5,14.29,0.00,15.38,0.00,0.00,6.59,0.00,0.00,0.00,63.74
08:43:59,6,16.48,0.00,13.19,2.20,0.00,5.49,0.00,0.00,0.00,62.64
08:43:59,7,13.98,0.00,13.98,0.00,0.00,6.45,0.00,0.00,0.00,65.59
08:43:59,12,17.20,0.00,13.98,0.00,0.00,5.38,0.00,0.00,0.00,63.44
08:43:59,13,16.67,0.00,13.33,0.00,0.00,4.44,0.00,0.00,0.00,65.56
08:43:59,14,15.38,0.00,13.19,0.00,0.00,5.49,0.00,0.00,0.00,65.93
08:43:59,15,13.33,0.00,13.33,0.00,0.00,5.56,0.00,0.00,0.00,67.78
08:44:00,4,15.56,0.00,12.22,0.00,0.00,5.56,0.00,0.00,0.00,66.67
08:44:00,5,17.20,0.00,16.13,0.00,0.00,4.30,0.00,0.00,0.00,62.37
08:44:00,6,15.38,0.00,14.29,0.00,0.00,4.40,0.00,0.00,0.00,65.93
08:44:00,7,15.79,0.00,14.74,0.00,0.00,5.26,0.00,0.00,0.00,64.21
08:44:00,12,16.30,0.00,11.96,0.00,0.00,5.43,0.00,0.00,0.00,66.30
08:44:00,13,16.84,0.00,13.68,0.00,0.00,6.32,0.00,0.00,0.00,63.16
08:44:00,14,16.84,0.00,14.74,0.00,0.00,4.21,0.00,0.00,0.00,64.21
08:44:00,15,15.22,0.00,15.22,0.00,0.00,4.35,0.00,0.00,0.00,65.22
08:44:01,4,16.48,0.00,13.19,0.00,0.00,5.49,0.00,0.00,0.00,64.84
08:44:01,5,17.58,0.00,12.09,0.00,0.00,5.49,0.00,0.00,0.00,64.84
08:44:01,6,14.13,0.00,15.22,0.00,0.00,5.43,0.00,0.00,0.00,65.22
08:44:01,7,15.96,0.00,12.77,0.00,0.00,5.32,0.00,0.00,0.00,65.96
08:44:01,12,15.22,0.00,16.30,0.00,0.00,5.43,0.00,0.00,0.00,63.04
08:44:01,13,18.68,0.00,12.09,0.00,0.00,5.49,0.00,0.00,0.00,63.74
08:44:01,14,17.02,0.00,12.77,0.00,0.00,6.38,0.00,0.00,0.00,63.83
08:44:01,15,16.84,0.00,13.68,0.00,0.00,5.26,0.00,0.00,0.00,64.21
08:44:02,4,16.30,0.00,14.13,0.00,0.00,4.35,0.00,0.00,0.00,65.22
08:44:02,5,17.89,0.00,14.74,0.00,0.00,6.32,0.00,0.00,0.00,61.05
08:44:02,6,16.13,0.00,12.90,0.00,0.00,5.38,0.00,0.00,0.00,65.59
08:44:02,7,15.05,0.00,12.90,0.00,0.00,4.30,0.00,0.00,0.00,67.74
08:44:02,12,17.39,0.00,15.22,0.00,0.00,5.43,0.00,0.00,0.00,61.96
08:44:02,13,15.22,0.00,15.22,0.00,0.00,6.52,0.00,0.00,0.00,63.04
08:44:02,14,16.48,0.00,12.09,0.00,0.00,5.49,0.00,0.00,0.00,65.93
08:44:02,15,15.38,0.00,13.19,0.00,0.00,3.30,0.00,0.00,0.00,68.13
08:44:03,4,18.95,0.00,14.74,1.05,0.00,5.26,0.00,0.00,0.00,60.00
08:44:03,5,18.48,0.00,11.96,0.00,0.00,5.43,0.00,0.00,0.00,64.13
08:44:03,6,17.39,0.00,16.30,0.00,0.00,4.35,0.00,0.00,0.00,61.96
08:44:03,7,16.48,0.00,12.09,0.00,0.00,4.40,0.00,0.00,0.00,67.03
08:44:03,12,16.48,0.00,15.38,0.00,0.00,6.59,0.00,0.00,0.00,61.54
08:44:03,13,16.30,0.00,15.22,0.00,0.00,6.52,0.00,0.00,0.00,61.96
08:44:03,14,17.58,0.00,14.29,0.00,0.00,4.40,0.00,0.00,0.00,63.74
08:44:03,15,14.44,0.00,14.44,0.00,0.00,5.56,0.00,0.00,0.00,65.56
08:44:04,4,16.30,0.00,14.13,0.00,0.00,4.35,0.00,0.00,0.00,65.22
08:44:04,5,14.29,0.00,12.09,0.00,0.00,7.69,0.00,0.00,0.00,65.93
08:44:04,6,17.71,0.00,13.54,1.04,0.00,6.25,0.00,0.00,0.00,61.46
08:44:04,7,15.05,0.00,13.98,0.00,0.00,5.38,0.00,0.00,0.00,65.59
08:44:04,12,16.67,0.00,16.67,0.00,0.00,5.21,0.00,0.00,0.00,61.46
08:44:04,13,16.48,0.00,12.09,0.00,0.00,5.49,0.00,0.00,0.00,65.93
08:44:04,14,17.02,0.00,13.83,0.00,0.00,5.32,0.00,0.00,0.00,63.83
08:44:04,15,16.48,0.00,10.99,0.00,0.00,5.49,0.00,0.00,0.00,67.03
08:44:05,4,15.96,0.00,13.83,0.00,0.00,5.32,0.00,0.00,0.00,64.89
08:44:05,5,17.58,0.00,15.38,0.00,0.00,4.40,0.00,0.00,0.00,62.64
08:44:05,6,17.58,0.00,12.09,0.00,0.00,5.49,0.00,0.00,0.00,64.84
08:44:05,7,16.13,0.00,12.90,0.00,0.00,4.30,0.00,0.00,0.00,66.67
08:44:05,12,15.96,0.00,13.83,0.00,0.00,5.32,0.00,0.00,0.00,64.89
08:44:05,13,17.39,0.00,14.13,0.00,0.00,4.35,0.00,0.00,0.00,64.13
08:44:05,14,16.30,0.00,14.13,0.00,0.00,4.35,0.00,0.00,0.00,65.22
08:44:05,15,17.02,0.00,11.70,0.00,0.00,5.32,0.00,0.00,0.00,65.96
08:44:06,4,17.39,0.00,11.96,0.00,0.00,5.43,0.00,0.00,0.00,65.22
08:44:06,5,17.20,0.00,12.90,0.00,0.00,5.38,0.00,0.00,0.00,64.52
08:44:06,6,17.58,0.00,12.09,0.00,0.00,4.40,0.00,0.00,0.00,65.93
08:44:06,7,15.38,0.00,13.19,0.00,0.00,5.49,0.00,0.00,0.00,65.93
08:44:06,12,13.19,0.00,13.19,0.00,0.00,7.69,0.00,0.00,0.00,65.93
08:44:06,13,16.48,0.00,12.09,0.00,0.00,5.49,0.00,0.00,0.00,65.93
08:44:06,14,15.38,0.00,13.19,0.00,0.00,5.49,0.00,0.00,0.00,65.93
08:44:06,15,17.20,0.00,13.98,0.00,0.00,4.30,0.00,0.00,0.00,64.52
08:44:07,4,15.22,0.00,13.04,0.00,0.00,6.52,0.00,0.00,0.00,65.22
08:44:07,5,16.30,0.00,13.04,0.00,0.00,5.43,0.00,0.00,0.00,65.22
08:44:07,6,17.20,0.00,11.83,0.00,0.00,5.38,0.00,0.00,0.00,65.59
08:44:07,7,16.30,0.00,11.96,0.00,0.00,4.35,0.00,0.00,0.00,67.39
08:44:07,12,15.38,0.00,13.19,0.00,0.00,6.59,0.00,0.00,0.00,64.84
08:44:07,13,16.30,0.00,13.04,0.00,0.00,5.43,0.00,0.00,0.00,65.22
08:44:07,14,13.33,0.00,13.33,0.00,0.00,5.56,0.00,0.00,0.00,67.78
08:44:07,15,17.02,0.00,13.83,0.00,0.00,4.26,0.00,0.00,0.00,64.89
08:44:08,4,19.57,0.00,13.04,0.00,0.00,5.43,0.00,0.00,0.00,61.96
08:44:08,5,16.13,0.00,15.05,0.00,0.00,5.38,0.00,0.00,0.00,63.44
08:44:08,6,16.84,0.00,12.63,0.00,0.00,6.32,0.00,0.00,0.00,64.21
08:44:08,7,13.83,0.00,14.89,0.00,0.00,6.38,0.00,0.00,0.00,64.89
08:44:08,12,15.38,0.00,13.19,0.00,0.00,4.40,0.00,0.00,0.00,67.03
08:44:08,13,18.68,0.00,13.19,0.00,0.00,5.49,0.00,0.00,0.00,62.64
08:44:08,14,17.20,0.00,12.90,0.00,0.00,5.38,0.00,0.00,0.00,64.52
08:44:08,15,15.38,0.00,12.09,0.00,0.00,5.49,0.00,0.00,0.00,67.03
08:44:09,4,18.95,0.00,17.89,0.00,0.00,4.21,0.00,0.00,0.00,58.95
08:44:09,5,18.28,0.00,13.98,0.00,0.00,6.45,0.00,0.00,0.00,61.29
08:44:09,6,18.09,0.00,17.02,0.00,0.00,5.32,0.00,0.00,0.00,59.57
08:44:09,7,13.79,0.00,11.49,0.00,0.00,3.45,0.00,0.00,0.00,71.26
08:44:09,12,17.39,0.00,16.30,0.00,0.00,5.43,0.00,0.00,0.00,60.87
08:44:09,13,18.89,0.00,15.56,2.22,0.00,5.56,0.00,0.00,0.00,57.78
08:44:09,14,17.20,0.00,18.28,0.00,0.00,5.38,0.00,0.00,0.00,59.14
08:44:09,15,15.22,0.00,16.30,0.00,0.00,3.26,0.00,0.00,0.00,65.22
08:44:10,4,16.48,0.00,14.29,0.00,0.00,4.40,0.00,0.00,0.00,64.84
08:44:10,5,16.67,0.00,14.44,0.00,0.00,5.56,0.00,0.00,0.00,63.33
08:44:10,6,18.09,0.00,13.83,0.00,0.00,5.32,0.00,0.00,0.00,62.77
08:44:10,7,16.13,0.00,11.83,0.00,0.00,6.45,0.00,0.00,0.00,65.59
08:44:10,12,18.09,0.00,12.77,0.00,0.00,6.38,0.00,0.00,0.00,62.77
08:44:10,13,16.48,0.00,16.48,0.00,0.00,5.49,0.00,0.00,0.00,61.54
08:44:10,14,15.38,0.00,14.29,0.00,0.00,5.49,0.00,0.00,0.00,64.84
08:44:10,15,17.71,0.00,13.54,0.00,0.00,5.21,0.00,0.00,0.00,63.54
08:44:11,4,16.13,0.00,16.13,0.00,0.00,4.30,0.00,0.00,0.00,63.44
08:44:11,5,16.48,0.00,16.48,0.00,0.00,5.49,0.00,0.00,0.00,61.54
08:44:11,6,17.20,0.00,15.05,0.00,0.00,4.30,0.00,0.00,0.00,63.44
08:44:11,7,15.22,0.00,13.04,0.00,0.00,5.43,0.00,0.00,0.00,66.30
08:44:11,12,18.48,0.00,15.22,0.00,0.00,5.43,0.00,0.00,0.00,60.87
08:44:11,13,17.39,0.00,14.13,0.00,0.00,5.43,0.00,0.00,0.00,63.04
08:44:11,14,14.61,0.00,14.61,0.00,0.00,6.74,0.00,0.00,0.00,64.04
08:44:11,15,17.02,0.00,13.83,0.00,0.00,5.32,0.00,0.00,0.00,63.83
08:44:12,4,18.95,0.00,13.68,0.00,0.00,7.37,0.00,0.00,0.00,60.00
08:44:12,5,16.13,0.00,15.05,0.00,0.00,5.38,0.00,0.00,0.00,63.44
08:44:12,6,16.30,0.00,15.22,0.00,0.00,5.43,0.00,0.00,0.00,63.04
08:44:12,7,14.13,0.00,11.96,0.00,0.00,6.52,0.00,0.00,0.00,67.39
08:44:12,12,16.84,0.00,14.74,0.00,0.00,5.26,0.00,0.00,0.00,63.16
08:44:12,13,16.48,0.00,12.09,0.00,0.00,6.59,0.00,0.00,0.00,64.84
08:44:12,14,16.48,0.00,14.29,0.00,0.00,5.49,0.00,0.00,0.00,63.74
08:44:12,15,14.29,0.00,12.09,0.00,0.00,6.59,0.00,0.00,0.00,67.03
08:44:13,4,16.30,0.00,14.13,0.00,0.00,5.43,0.00,0.00,0.00,64.13
08:44:13,5,15.38,0.00,15.38,0.00,0.00,6.59,0.00,0.00,0.00,62.64
08:44:13,6,17.89,0.00,14.74,0.00,0.00,5.26,0.00,0.00,0.00,62.11
08:44:13,7,13.04,0.00,15.22,0.00,0.00,5.43,0.00,0.00,0.00,66.30
08:44:13,12,16.48,0.00,16.48,0.00,0.00,5.49,0.00,0.00,0.00,61.54
08:44:13,13,14.13,0.00,15.22,0.00,0.00,7.61,0.00,0.00,0.00,63.04
08:44:13,14,17.20,0.00,13.98,0.00,0.00,5.38,0.00,0.00,0.00,63.44
08:44:13,15,16.30,0.00,11.96,0.00,0.00,5.43,0.00,0.00,0.00,66.30
08:44:14,4,18.68,0.00,13.19,0.00,0.00,4.40,0.00,0.00,0.00,63.74
08:44:14,5,16.30,0.00,15.22,0.00,0.00,5.43,0.00,0.00,0.00,63.04
08:44:14,6,18.68,0.00,14.29,1.10,0.00,5.49,0.00,0.00,0.00,60.44
08:44:14,7,16.84,0.00,13.68,0.00,0.00,5.26,0.00,0.00,0.00,64.21
08:44:14,12,16.67,0.00,14.44,0.00,0.00,5.56,0.00,0.00,0.00,63.33
08:44:14,13,18.28,0.00,12.90,0.00,0.00,6.45,0.00,0.00,0.00,62.37
08:44:14,14,20.21,0.00,14.89,0.00,0.00,5.32,0.00,0.00,0.00,59.57
08:44:14,15,14.44,0.00,14.44,0.00,0.00,4.44,0.00,0.00,0.00,66.67
08:44:15,4,15.56,0.00,13.33,0.00,0.00,5.56,0.00,0.00,0.00,65.56
08:44:15,5,15.38,0.00,14.29,0.00,0.00,6.59,0.00,0.00,0.00,63.74
08:44:15,6,17.20,0.00,15.05,0.00,0.00,5.38,0.00,0.00,0.00,62.37
08:44:15,7,15.05,0.00,13.98,0.00,0.00,4.30,0.00,0.00,0.00,66.67
08:44:15,12,18.28,0.00,13.98,0.00,0.00,4.30,0.00,0.00,0.00,63.44
08:44:15,13,17.39,0.00,17.39,0.00,0.00,5.43,0.00,0.00,0.00,59.78
08:44:15,14,16.30,0.00,16.30,0.00,0.00,5.43,0.00,0.00,0.00,61.96
08:44:15,15,14.29,0.00,13.19,0.00,0.00,5.49,0.00,0.00,0.00,67.03
08:44:16,4,16.84,0.00,15.79,0.00,0.00,6.32,0.00,0.00,0.00,61.05
08:44:16,5,17.20,0.00,15.05,0.00,0.00,7.53,0.00,0.00,0.00,60.22
08:44:16,6,18.09,0.00,14.89,0.00,0.00,5.32,0.00,0.00,0.00,61.70
08:44:16,7,13.19,0.00,14.29,0.00,0.00,5.49,0.00,0.00,0.00,67.03
08:44:16,12,17.39,0.00,15.22,0.00,0.00,5.43,0.00,0.00,0.00,61.96
08:44:16,13,16.67,0.00,14.44,0.00,0.00,5.56,0.00,0.00,0.00,63.33
08:44:16,14,15.05,0.00,16.13,0.00,0.00,6.45,0.00,0.00,0.00,62.37
08:44:16,15,15.96,0.00,14.89,0.00,0.00,5.32,0.00,0.00,0.00,63.83
08:44:17,4,17.58,0.00,14.29,0.00,0.00,6.59,0.00,0.00,0.00,61.54
08:44:17,5,15.38,0.00,17.58,0.00,0.00,4.40,0.00,0.00,0.00,62.64
08:44:17,6,14.13,0.00,16.30,0.00,0.00,5.43,0.00,0.00,0.00,64.13
08:44:17,7,16.30,0.00,11.96,0.00,0.00,5.43,0.00,0.00,0.00,66.30
08:44:17,12,16.30,0.00,16.30,0.00,0.00,6.52,0.00,0.00,0.00,60.87
08:44:17,13,16.48,0.00,15.38,0.00,0.00,5.49,0.00,0.00,0.00,62.64
08:44:17,14,17.20,0.00,15.05,0.00,0.00,5.38,0.00,0.00,0.00,62.37
08:44:17,15,15.22,0.00,14.13,0.00,0.00,4.35,0.00,0.00,0.00,66.30
08:44:18,4,16.48,0.00,14.29,0.00,0.00,6.59,0.00,0.00,0.00,62.64
08:44:18,5,19.57,0.00,14.13,0.00,0.00,5.43,0.00,0.00,0.00,60.87
08:44:18,6,15.79,0.00,14.74,0.00,0.00,7.37,0.00,0.00,0.00,62.11
08:44:18,7,13.98,0.00,11.83,0.00,0.00,5.38,0.00,0.00,0.00,68.82
08:44:18,12,13.33,0.00,15.56,0.00,0.00,6.67,0.00,0.00,0.00,64.44
08:44:18,13,17.78,0.00,14.44,0.00,0.00,5.56,0.00,0.00,0.00,62.22
08:44:18,14,17.39,0.00,14.13,0.00,0.00,5.43,0.00,0.00,0.00,63.04
08:44:18,15,15.05,0.00,12.90,0.00,0.00,4.30,0.00,0.00,0.00,67.74
08:44:19,4,18.48,0.00,15.22,0.00,0.00,5.43,0.00,0.00,0.00,60.87
08:44:19,5,18.68,0.00,17.58,0.00,0.00,5.49,0.00,0.00,0.00,58.24
08:44:19,6,16.48,0.00,16.48,1.10,0.00,5.49,0.00,0.00,0.00,60.44
08:44:19,7,17.02,0.00,14.89,0.00,0.00,5.32,0.00,0.00,0.00,62.77
08:44:19,12,17.78,0.00,15.56,0.00,0.00,4.44,0.00,0.00,0.00,62.22
08:44:19,13,18.28,0.00,13.98,0.00,0.00,7.53,0.00,0.00,0.00,60.22
08:44:19,14,17.20,0.00,17.20,0.00,0.00,4.30,0.00,0.00,0.00,61.29
08:44:19,15,15.38,0.00,13.19,0.00,0.00,5.49,0.00,0.00,0.00,65.93
08:44:20,4,16.13,0.00,15.05,0.00,0.00,6.45,0.00,0.00,0.00,62.37
08:44:20,5,17.02,0.00,14.89,0.00,0.00,6.38,0.00,0.00,0.00,61.70
08:44:20,6,16.48,0.00,13.19,0.00,0.00,6.59,0.00,0.00,0.00,63.74
08:44:20,7,14.58,0.00,13.54,0.00,0.00,7.29,0.00,0.00,0.00,64.58
08:44:20,12,16.67,0.00,15.62,0.00,0.00,6.25,0.00,0.00,0.00,61.46
08:44:20,13,16.30,0.00,16.30,0.00,0.00,5.43,0.00,0.00,0.00,61.96
08:44:20,14,18.09,0.00,13.83,0.00,0.00,7.45,0.00,0.00,0.00,60.64
08:44:20,15,13.98,0.00,15.05,0.00,0.00,5.38,0.00,0.00,0.00,65.59
08:44:21,4,16.30,0.00,17.39,0.00,0.00,4.35,0.00,0.00,0.00,61.96
08:44:21,5,18.09,0.00,14.89,0.00,0.00,5.32,0.00,0.00,0.00,61.70
08:44:21,6,16.30,0.00,15.22,0.00,0.00,5.43,0.00,0.00,0.00,63.04
08:44:21,7,15.05,0.00,13.98,0.00,0.00,5.38,0.00,0.00,0.00,65.59
08:44:21,12,17.39,0.00,17.39,0.00,0.00,5.43,0.00,0.00,0.00,59.78
08:44:21,13,15.38,0.00,15.38,0.00,0.00,6.59,0.00,0.00,0.00,62.64
08:44:21,14,17.02,0.00,13.83,0.00,0.00,6.38,0.00,0.00,0.00,62.77
08:44:21,15,13.83,0.00,14.89,0.00,0.00,6.38,0.00,0.00,0.00,64.89
08:44:22,4,15.96,0.00,14.89,0.00,0.00,7.45,0.00,0.00,0.00,61.70
08:44:22,5,15.96,0.00,14.89,0.00,0.00,6.38,0.00,0.00,0.00,62.77
08:44:22,6,16.85,0.00,12.36,0.00,0.00,3.37,0.00,0.00,0.00,67.42
08:44:22,7,15.96,0.00,13.83,0.00,0.00,5.32,0.00,0.00,0.00,64.89
08:44:22,12,17.02,0.00,15.96,0.00,0.00,5.32,0.00,0.00,0.00,61.70
08:44:22,13,18.75,0.00,15.62,0.00,0.00,4.17,0.00,0.00,0.00,61.46
08:44:22,14,15.38,0.00,15.38,0.00,0.00,5.49,0.00,0.00,0.00,63.74
08:44:22,15,15.38,0.00,13.19,0.00,0.00,5.49,0.00,0.00,0.00,65.93
08:44:23,4,16.85,0.00,15.73,0.00,0.00,4.49,0.00,0.00,0.00,62.92
08:44:23,5,18.68,0.00,13.19,0.00,0.00,5.49,0.00,0.00,0.00,62.64
08:44:23,6,18.95,0.00,14.74,0.00,0.00,5.26,0.00,0.00,0.00,61.05
08:44:23,7,16.30,0.00,13.04,0.00,0.00,4.35,0.00,0.00,0.00,66.30
08:44:23,12,16.13,0.00,15.05,0.00,0.00,6.45,0.00,0.00,0.00,62.37
08:44:23,13,17.20,0.00,13.98,0.00,0.00,6.45,0.00,0.00,0.00,62.37
08:44:23,14,17.39,0.00,14.13,0.00,0.00,6.52,0.00,0.00,0.00,61.96
08:44:23,15,16.30,0.00,11.96,0.00,0.00,5.43,0.00,0.00,0.00,66.30
08:44:24,4,19.10,0.00,14.61,1.12,0.00,5.62,0.00,0.00,0.00,59.55
08:44:24,5,16.85,0.00,14.61,0.00,0.00,6.74,0.00,0.00,0.00,61.80
08:44:24,6,18.09,0.00,17.02,0.00,0.00,5.32,0.00,0.00,0.00,59.57
08:44:24,7,19.15,0.00,13.83,0.00,0.00,5.32,0.00,0.00,0.00,61.70
08:44:24,12,16.30,0.00,16.30,0.00,0.00,5.43,0.00,0.00,0.00,61.96
08:44:24,13,20.65,0.00,13.04,0.00,0.00,4.35,0.00,0.00,0.00,61.96
08:44:24,14,17.02,0.00,15.96,0.00,0.00,5.32,0.00,0.00,0.00,61.70
08:44:24,15,19.78,0.00,14.29,0.00,0.00,4.40,0.00,0.00,0.00,61.54
08:44:25,4,19.10,0.00,12.36,0.00,0.00,4.49,0.00,0.00,0.00,64.04
08:44:25,5,16.13,0.00,16.13,0.00,0.00,6.45,0.00,0.00,0.00,61.29
08:44:25,6,13.48,0.00,14.61,0.00,0.00,5.62,0.00,0.00,0.00,66.29
08:44:25,7,14.89,0.00,15.96,0.00,0.00,5.32,0.00,0.00,0.00,63.83
08:44:25,12,16.13,0.00,13.98,0.00,0.00,6.45,0.00,0.00,0.00,63.44
08:44:25,13,16.48,0.00,15.38,0.00,0.00,5.49,0.00,0.00,0.00,62.64
08:44:25,14,18.09,0.00,13.83,0.00,0.00,5.32,0.00,0.00,0.00,62.77
08:44:25,15,16.30,0.00,11.96,0.00,0.00,5.43,0.00,0.00,0.00,66.30
08:44:26,4,16.13,0.00,13.98,0.00,0.00,6.45,0.00,0.00,0.00,63.44
08:44:26,5,15.62,0.00,17.71,0.00,0.00,7.29,0.00,0.00,0.00,59.38
08:44:26,6,17.39,0.00,13.04,0.00,0.00,6.52,0.00,0.00,0.00,63.04
08:44:26,7,15.05,0.00,12.90,0.00,0.00,4.30,0.00,0.00,0.00,67.74
08:44:26,12,16.48,0.00,13.19,0.00,0.00,6.59,0.00,0.00,0.00,63.74
08:44:26,13,15.22,0.00,14.13,0.00,0.00,6.52,0.00,0.00,0.00,64.13
08:44:26,14,17.39,0.00,14.13,0.00,0.00,6.52,0.00,0.00,0.00,61.96
08:44:26,15,14.29,0.00,13.19,0.00,0.00,4.40,0.00,0.00,0.00,68.13
08:44:27,4,16.30,0.00,15.22,0.00,0.00,5.43,0.00,0.00,0.00,63.04
08:44:27,5,17.02,0.00,14.89,0.00,0.00,5.32,0.00,0.00,0.00,62.77
08:44:27,6,15.05,0.00,15.05,0.00,0.00,5.38,0.00,0.00,0.00,64.52
08:44:27,7,15.05,0.00,13.98,0.00,0.00,4.30,0.00,0.00,0.00,66.67
08:44:27,12,18.28,0.00,13.98,0.00,0.00,5.38,0.00,0.00,0.00,62.37
08:44:27,13,15.56,0.00,13.33,0.00,0.00,5.56,0.00,0.00,0.00,65.56
08:44:27,14,14.13,0.00,16.30,0.00,0.00,5.43,0.00,0.00,0.00,64.13
08:44:27,15,13.83,0.00,14.89,0.00,0.00,6.38,0.00,0.00,0.00,64.89
08:44:28,4,16.48,0.00,14.29,0.00,0.00,5.49,0.00,0.00,0.00,63.74
08:44:28,5,17.39,0.00,15.22,0.00,0.00,4.35,0.00,0.00,0.00,63.04
08:44:28,6,18.28,0.00,13.98,0.00,0.00,6.45,0.00,0.00,0.00,61.29
08:44:28,7,14.13,0.00,13.04,0.00,0.00,6.52,0.00,0.00,0.00,66.30
08:44:28,12,14.29,0.00,14.29,0.00,0.00,5.49,0.00,0.00,0.00,65.93
08:44:28,13,17.39,0.00,17.39,0.00,0.00,5.43,0.00,0.00,0.00,59.78
08:44:28,14,17.89,0.00,14.74,0.00,0.00,5.26,0.00,0.00,0.00,62.11
08:44:28,15,12.50,0.00,12.50,0.00,0.00,5.68,0.00,0.00,0.00,69.32
08:44:29,4,21.28,0.00,15.96,0.00,0.00,6.38,0.00,0.00,0.00,56.38
08:44:29,5,15.38,0.00,16.48,2.20,0.00,5.49,0.00,0.00,0.00,60.44
08:44:29,6,15.05,0.00,17.20,0.00,0.00,6.45,0.00,0.00,0.00,61.29
08:44:29,7,15.38,0.00,14.29,0.00,0.00,5.49,0.00,0.00,0.00,64.84
08:44:29,12,19.78,0.00,14.29,0.00,0.00,5.49,0.00,0.00,0.00,60.44
08:44:29,13,17.78,0.00,13.33,0.00,0.00,5.56,0.00,0.00,0.00,63.33
08:44:29,14,17.58,0.00,12.09,2.20,0.00,6.59,0.00,0.00,0.00,61.54
08:44:29,15,16.84,0.00,13.68,0.00,0.00,6.32,0.00,0.00,0.00,63.16
08:44:30,4,18.28,0.00,15.05,0.00,0.00,5.38,0.00,0.00,0.00,61.29
08:44:30,5,17.58,0.00,13.19,0.00,0.00,5.49,0.00,0.00,0.00,63.74
08:44:30,6,17.78,0.00,13.33,0.00,0.00,3.33,0.00,0.00,0.00,65.56
08:44:30,7,16.13,0.00,13.98,0.00,0.00,5.38,0.00,0.00,0.00,64.52
08:44:30,12,17.02,0.00,15.96,0.00,0.00,5.32,0.00,0.00,0.00,61.70
08:44:30,13,15.56,0.00,13.33,0.00,0.00,6.67,0.00,0.00,0.00,64.44
08:44:30,14,17.39,0.00,13.04,0.00,0.00,5.43,0.00,0.00,0.00,64.13
08:44:30,15,15.22,0.00,16.30,0.00,0.00,4.35,0.00,0.00,0.00,64.13
08:44:31,4,17.39,0.00,14.13,0.00,0.00,5.43,0.00,0.00,0.00,63.04
08:44:31,5,17.89,0.00,13.68,0.00,0.00,7.37,0.00,0.00,0.00,61.05
08:44:31,6,16.48,0.00,13.19,0.00,0.00,5.49,0.00,0.00,0.00,64.84
08:44:31,7,13.33,0.00,14.44,0.00,0.00,4.44,0.00,0.00,0.00,67.78
08:44:31,12,17.89,0.00,13.68,0.00,0.00,6.32,0.00,0.00,0.00,62.11
08:44:31,13,16.85,0.00,14.61,0.00,0.00,5.62,0.00,0.00,0.00,62.92
08:44:31,14,17.58,0.00,14.29,0.00,0.00,5.49,0.00,0.00,0.00,62.64
08:44:31,15,17.39,0.00,13.04,0.00,0.00,5.43,0.00,0.00,0.00,64.13
08:44:32,4,14.89,0.00,18.09,0.00,0.00,6.38,0.00,0.00,0.00,60.64
08:44:32,5,19.57,0.00,15.22,0.00,0.00,4.35,0.00,0.00,0.00,60.87
08:44:32,6,15.22,0.00,14.13,0.00,0.00,6.52,0.00,0.00,0.00,64.13
08:44:32,7,14.44,0.00,14.44,0.00,0.00,5.56,0.00,0.00,0.00,65.56
08:44:32,12,17.53,0.00,15.46,0.00,0.00,6.19,0.00,0.00,0.00,60.82
08:44:32,13,17.02,0.00,14.89,0.00,0.00,6.38,0.00,0.00,0.00,61.70
08:44:32,14,15.56,0.00,13.33,0.00,0.00,6.67,0.00,0.00,0.00,64.44
08:44:32,15,15.22,0.00,14.13,0.00,0.00,5.43,0.00,0.00,0.00,65.22
08:44:33,4,17.98,0.00,12.36,0.00,0.00,5.62,0.00,0.00,0.00,64.04
08:44:33,5,15.38,0.00,14.29,0.00,0.00,6.59,0.00,0.00,0.00,63.74
08:44:33,6,16.30,0.00,15.22,0.00,0.00,5.43,0.00,0.00,0.00,63.04
08:44:33,7,15.96,0.00,13.83,0.00,0.00,5.32,0.00,0.00,0.00,64.89
08:44:33,12,19.35,0.00,13.98,0.00,0.00,3.23,0.00,0.00,0.00,63.44
08:44:33,13,17.20,0.00,13.98,0.00,0.00,5.38,0.00,0.00,0.00,63.44
08:44:33,14,17.58,0.00,13.19,0.00,0.00,5.49,0.00,0.00,0.00,63.74
08:44:33,15,15.79,0.00,14.74,0.00,0.00,6.32,0.00,0.00,0.00,63.16
08:44:34,4,22.22,0.00,13.33,0.00,0.00,4.44,0.00,0.00,0.00,60.00
08:44:34,5,17.39,0.00,16.30,0.00,0.00,5.43,0.00,0.00,0.00,60.87
08:44:34,6,19.15,0.00,14.89,0.00,0.00,6.38,0.00,0.00,0.00,59.57
08:44:34,7,16.84,0.00,14.74,0.00,0.00,5.26,0.00,0.00,0.00,63.16
08:44:34,12,17.58,0.00,14.29,1.10,0.00,5.49,0.00,0.00,0.00,61.54
08:44:34,13,19.79,0.00,16.67,1.04,0.00,5.21,0.00,0.00,0.00,57.29
08:44:34,14,17.98,0.00,15.73,0.00,0.00,4.49,0.00,0.00,0.00,61.80
08:44:34,15,14.29,0.00,14.29,0.00,0.00,6.59,0.00,0.00,0.00,64.84
08:44:35,4,18.48,0.00,13.04,0.00,0.00,6.52,0.00,0.00,0.00,61.96
08:44:35,5,16.30,0.00,15.22,0.00,0.00,6.52,0.00,0.00,0.00,61.96
08:44:35,6,17.20,0.00,13.98,0.00,0.00,6.45,0.00,0.00,0.00,62.37
08:44:35,7,12.77,0.00,14.89,0.00,0.00,6.38,0.00,0.00,0.00,65.96
08:44:35,12,17.05,0.00,13.64,0.00,0.00,5.68,0.00,0.00,0.00,63.64
08:44:35,13,19.78,0.00,13.19,0.00,0.00,4.40,0.00,0.00,0.00,62.64
08:44:35,14,17.39,0.00,15.22,0.00,0.00,5.43,0.00,0.00,0.00,61.96
08:44:35,15,16.13,0.00,12.90,0.00,0.00,6.45,0.00,0.00,0.00,64.52
08:44:36,4,17.39,0.00,14.13,0.00,0.00,5.43,0.00,0.00,0.00,63.04
08:44:36,5,17.20,0.00,15.05,0.00,0.00,5.38,0.00,0.00,0.00,62.37
08:44:36,6,15.79,0.00,15.79,0.00,0.00,6.32,0.00,0.00,0.00,62.11
08:44:36,7,15.05,0.00,12.90,0.00,0.00,5.38,0.00,0.00,0.00,66.67
08:44:36,12,17.02,0.00,13.83,0.00,0.00,5.32,0.00,0.00,0.00,63.83
08:44:36,13,16.67,0.00,15.56,0.00,0.00,6.67,0.00,0.00,0.00,61.11
08:44:36,14,17.39,0.00,15.22,0.00,0.00,6.52,0.00,0.00,0.00,60.87
08:44:36,15,14.29,0.00,14.29,0.00,0.00,5.49,0.00,0.00,0.00,65.93
08:44:37,4,18.95,0.00,14.74,0.00,0.00,5.26,0.00,0.00,0.00,61.05
08:44:37,5,18.95,0.00,14.74,0.00,0.00,5.26,0.00,0.00,0.00,61.05
08:44:37,6,16.48,0.00,14.29,0.00,0.00,5.49,0.00,0.00,0.00,63.74
08:44:37,7,15.22,0.00,13.04,0.00,0.00,6.52,0.00,0.00,0.00,65.22
08:44:37,12,17.58,0.00,12.09,0.00,0.00,5.49,0.00,0.00,0.00,64.84
08:44:37,13,16.48,0.00,15.38,0.00,0.00,5.49,0.00,0.00,0.00,62.64
08:44:37,14,18.48,0.00,14.13,0.00,0.00,5.43,0.00,0.00,0.00,61.96
08:44:37,15,17.89,0.00,15.79,0.00,0.00,4.21,0.00,0.00,0.00,62.11
08:44:38,4,16.48,0.00,15.38,0.00,0.00,4.40,0.00,0.00,0.00,63.74
08:44:38,5,16.30,0.00,15.22,0.00,0.00,5.43,0.00,0.00,0.00,63.04
08:44:38,6,17.89,0.00,13.68,0.00,0.00,5.26,0.00,0.00,0.00,63.16
08:44:38,7,15.05,0.00,12.90,0.00,0.00,5.38,0.00,0.00,0.00,66.67
08:44:38,12,17.39,0.00,14.13,0.00,0.00,5.43,0.00,0.00,0.00,63.04
08:44:38,13,15.56,0.00,14.44,0.00,0.00,4.44,0.00,0.00,0.00,65.56
08:44:38,14,17.39,0.00,15.22,0.00,0.00,5.43,0.00,0.00,0.00,61.96
08:44:38,15,15.38,0.00,14.29,0.00,0.00,4.40,0.00,0.00,0.00,65.93
08:44:39,4,16.67,0.00,15.56,0.00,0.00,4.44,0.00,0.00,0.00,63.33
08:44:39,5,18.68,0.00,16.48,0.00,0.00,5.49,0.00,0.00,0.00,59.34
08:44:39,6,19.57,0.00,14.13,0.00,0.00,5.43,0.00,0.00,0.00,60.87
08:44:39,7,15.91,0.00,12.50,0.00,0.00,4.55,0.00,0.00,0.00,67.05
08:44:39,12,19.35,0.00,13.98,1.08,0.00,6.45,0.00,0.00,0.00,59.14
08:44:39,13,20.43,0.00,15.05,0.00,0.00,6.45,0.00,0.00,0.00,58.06
08:44:39,14,18.09,0.00,17.02,0.00,0.00,5.32,0.00,0.00,0.00,59.57
08:44:39,15,18.09,0.00,14.89,0.00,0.00,5.32,0.00,0.00,0.00,61.70
08:44:40,4,17.20,0.00,17.20,0.00,0.00,6.45,0.00,0.00,0.00,59.14
08:44:40,5,17.39,0.00,15.22,0.00,0.00,5.43,0.00,0.00,0.00,61.96
08:44:40,6,14.74,0.00,16.84,0.00,0.00,6.32,0.00,0.00,0.00,62.11
08:44:40,7,16.13,0.00,15.05,0.00,0.00,4.30,0.00,0.00,0.00,64.52
08:44:40,12,15.22,0.00,16.30,0.00,0.00,6.52,0.00,0.00,0.00,61.96
08:44:40,13,16.67,0.00,13.33,0.00,0.00,6.67,0.00,0.00,0.00,63.33
08:44:40,14,14.61,0.00,14.61,0.00,0.00,5.62,0.00,0.00,0.00,65.17
08:44:40,15,15.22,0.00,15.22,0.00,0.00,5.43,0.00,0.00,0.00,64.13
08:44:41,4,17.58,0.00,14.29,0.00,0.00,4.40,0.00,0.00,0.00,63.74
08:44:41,5,16.30,0.00,14.13,0.00,0.00,5.43,0.00,0.00,0.00,64.13
08:44:41,6,17.02,0.00,13.83,0.00,0.00,6.38,0.00,0.00,0.00,62.77
08:44:41,7,15.05,0.00,13.98,0.00,0.00,6.45,0.00,0.00,0.00,64.52
08:44:41,12,19.15,0.00,14.89,0.00,0.00,5.32,0.00,0.00,0.00,60.64
08:44:41,13,16.30,0.00,16.30,0.00,0.00,6.52,0.00,0.00,0.00,60.87
08:44:41,14,15.22,0.00,13.04,0.00,0.00,7.61,0.00,0.00,0.00,64.13
08:44:41,15,14.13,0.00,15.22,0.00,0.00,6.52,0.00,0.00,0.00,64.13
08:44:42,4,17.20,0.00,15.05,0.00,0.00,5.38,0.00,0.00,0.00,62.37
08:44:42,5,17.58,0.00,15.38,0.00,0.00,4.40,0.00,0.00,0.00,62.64
08:44:42,6,17.71,0.00,15.62,0.00,0.00,6.25,0.00,0.00,0.00,60.42
08:44:42,7,15.22,0.00,14.13,0.00,0.00,6.52,0.00,0.00,0.00,64.13
08:44:42,12,17.02,0.00,14.89,0.00,0.00,6.38,0.00,0.00,0.00,61.70
08:44:42,13,17.78,0.00,16.67,0.00,0.00,4.44,0.00,0.00,0.00,61.11
08:44:42,14,18.09,0.00,14.89,0.00,0.00,5.32,0.00,0.00,0.00,61.70
08:44:42,15,14.77,0.00,13.64,0.00,0.00,5.68,0.00,0.00,0.00,65.91
08:44:43,4,16.48,0.00,15.38,0.00,0.00,4.40,0.00,0.00,0.00,63.74
08:44:43,5,17.20,0.00,13.98,0.00,0.00,5.38,0.00,0.00,0.00,63.44
08:44:43,6,15.96,0.00,14.89,0.00,0.00,5.32,0.00,0.00,0.00,63.83
08:44:43,7,13.98,0.00,17.20,0.00,0.00,4.30,0.00,0.00,0.00,64.52
08:44:43,12,17.39,0.00,14.13,0.00,0.00,6.52,0.00,0.00,0.00,61.96
08:44:43,13,16.30,0.00,15.22,0.00,0.00,5.43,0.00,0.00,0.00,63.04
08:44:43,14,17.20,0.00,15.05,0.00,0.00,5.38,0.00,0.00,0.00,62.37
08:44:43,15,15.56,0.00,13.33,0.00,0.00,5.56,0.00,0.00,0.00,65.56
08:44:44,4,18.28,0.00,17.20,0.00,0.00,5.38,0.00,0.00,0.00,59.14
08:44:44,5,20.00,0.00,16.67,0.00,0.00,5.56,0.00,0.00,0.00,57.78
08:44:44,6,16.85,0.00,15.73,0.00,0.00,5.62,0.00,0.00,0.00,61.80
08:44:44,7,16.84,0.00,12.63,0.00,0.00,6.32,0.00,0.00,0.00,64.21
08:44:44,12,19.78,0.00,16.48,0.00,0.00,5.49,0.00,0.00,0.00,58.24
08:44:44,13,17.98,0.00,14.61,0.00,0.00,4.49,0.00,0.00,0.00,62.92
08:44:44,14,18.89,0.00,16.67,0.00,0.00,4.44,0.00,0.00,0.00,60.00
08:44:44,15,15.05,0.00,13.98,0.00,0.00,5.38,0.00,0.00,0.00,65.59
08:44:45,4,17.78,0.00,13.33,0.00,0.00,5.56,0.00,0.00,0.00,63.33
08:44:45,5,15.56,0.00,16.67,0.00,0.00,5.56,0.00,0.00,0.00,62.22
08:44:45,6,15.96,0.00,17.02,0.00,0.00,6.38,0.00,0.00,0.00,60.64
08:44:45,7,13.83,0.00,13.83,0.00,0.00,7.45,0.00,0.00,0.00,64.89
08:44:45,12,16.48,0.00,15.38,0.00,0.00,4.40,0.00,0.00,0.00,63.74
08:44:45,13,17.78,0.00,13.33,0.00,0.00,5.56,0.00,0.00,0.00,63.33
08:44:45,14,13.68,0.00,16.84,0.00,0.00,6.32,0.00,0.00,0.00,63.16
08:44:45,15,12.90,0.00,15.05,0.00,0.00,6.45,0.00,0.00,0.00,65.59
08:44:46,4,18.28,0.00,12.90,0.00,0.00,5.38,0.00,0.00,0.00,63.44
08:44:46,5,17.20,0.00,15.05,0.00,0.00,5.38,0.00,0.00,0.00,62.37
08:44:46,6,16.48,0.00,12.09,0.00,0.00,6.59,0.00,0.00,0.00,64.84
08:44:46,7,15.05,0.00,13.98,0.00,0.00,6.45,0.00,0.00,0.00,64.52
08:44:46,12,14.13,0.00,15.22,0.00,0.00,6.52,0.00,0.00,0.00,64.13
08:44:46,13,16.84,0.00,12.63,0.00,0.00,7.37,0.00,0.00,0.00,63.16
08:44:46,14,18.48,0.00,13.04,0.00,0.00,6.52,0.00,0.00,0.00,61.96
08:44:46,15,15.96,0.00,13.83,0.00,0.00,7.45,0.00,0.00,0.00,62.77
08:44:47,4,18.28,0.00,16.13,0.00,0.00,4.30,0.00,0.00,0.00,61.29
08:44:47,5,17.39,0.00,14.13,0.00,0.00,6.52,0.00,0.00,0.00,61.96
08:44:47,6,18.68,0.00,14.29,0.00,0.00,5.49,0.00,0.00,0.00,61.54
08:44:47,7,15.22,0.00,14.13,0.00,0.00,5.43,0.00,0.00,0.00,65.22
08:44:47,12,16.67,0.00,14.44,0.00,0.00,4.44,0.00,0.00,0.00,64.44
08:44:47,13,15.73,0.00,19.10,0.00,0.00,4.49,0.00,0.00,0.00,60.67
08:44:47,14,17.58,0.00,14.29,0.00,0.00,4.40,0.00,0.00,0.00,63.74
08:44:47,15,14.61,0.00,14.61,0.00,0.00,5.62,0.00,0.00,0.00,65.17
08:44:48,4,17.58,0.00,15.38,0.00,0.00,5.49,0.00,0.00,0.00,61.54
08:44:48,5,16.85,0.00,14.61,0.00,0.00,5.62,0.00,0.00,0.00,62.92
08:44:48,6,16.48,0.00,13.19,0.00,0.00,5.49,0.00,0.00,0.00,64.84
08:44:48,7,15.05,0.00,15.05,0.00,0.00,6.45,0.00,0.00,0.00,63.44
08:44:48,12,14.29,0.00,15.38,0.00,0.00,5.49,0.00,0.00,0.00,64.84
08:44:48,13,17.98,0.00,12.36,0.00,0.00,4.49,0.00,0.00,0.00,65.17
08:44:48,14,16.13,0.00,15.05,0.00,0.00,5.38,0.00,0.00,0.00,63.44
08:44:48,15,16.13,0.00,11.83,0.00,0.00,5.38,0.00,0.00,0.00,66.67
08:44:49,4,17.71,0.00,15.62,0.00,0.00,7.29,0.00,0.00,0.00,59.38
08:44:49,5,16.13,0.00,16.13,0.00,0.00,6.45,0.00,0.00,0.00,61.29
08:44:49,6,20.65,0.00,16.30,0.00,0.00,4.35,0.00,0.00,0.00,58.70
08:44:49,7,15.56,0.00,12.22,0.00,0.00,5.56,0.00,0.00,0.00,66.67
08:44:49,12,15.38,0.00,17.58,0.00,0.00,5.49,0.00,0.00,0.00,61.54
08:44:49,13,19.15,0.00,14.89,0.00,0.00,5.32,0.00,0.00,0.00,60.64
08:44:49,14,18.48,0.00,16.30,0.00,0.00,5.43,0.00,0.00,0.00,59.78
08:44:49,15,16.13,0.00,13.98,1.08,0.00,6.45,0.00,0.00,0.00,62.37
08:44:50,4,19.15,0.00,14.89,0.00,0.00,6.38,0.00,0.00,0.00,59.57
08:44:50,5,17.78,0.00,13.33,0.00,0.00,5.56,0.00,0.00,0.00,63.33
08:44:50,6,17.20,0.00,13.98,0.00,0.00,5.38,0.00,0.00,0.00,63.44
08:44:50,7,15.96,0.00,13.83,0.00,0.00,5.32,0.00,0.00,0.00,64.89
08:44:50,12,15.38,0.00,16.48,0.00,0.00,4.40,0.00,0.00,0.00,63.74
08:44:50,13,21.05,0.00,16.84,0.00,0.00,4.21,0.00,0.00,0.00,57.89
08:44:50,14,17.39,0.00,14.13,0.00,0.00,5.43,0.00,0.00,0.00,63.04
08:44:50,15,16.67,0.00,11.11,0.00,0.00,4.44,0.00,0.00,0.00,67.78
08:44:51,4,19.57,0.00,13.04,0.00,0.00,4.35,0.00,0.00,0.00,63.04
08:44:51,5,16.67,0.00,16.67,0.00,0.00,5.21,0.00,0.00,0.00,61.46
08:44:51,6,14.89,0.00,17.02,0.00,0.00,5.32,0.00,0.00,0.00,62.77
08:44:51,7,16.67,0.00,14.58,0.00,0.00,6.25,0.00,0.00,0.00,62.50
08:44:51,12,16.48,0.00,16.48,0.00,0.00,4.40,0.00,0.00,0.00,62.64
08:44:51,13,15.22,0.00,15.22,0.00,0.00,6.52,0.00,0.00,0.00,63.04
08:44:51,14,16.48,0.00,14.29,0.00,0.00,4.40,0.00,0.00,0.00,64.84
08:44:51,15,14.89,0.00,17.02,0.00,0.00,6.38,0.00,0.00,0.00,61.70
08:44:52,4,18.28,0.00,13.98,0.00,0.00,5.38,0.00,0.00,0.00,62.37
08:44:52,5,17.02,0.00,13.83,0.00,0.00,7.45,0.00,0.00,0.00,61.70
08:44:52,6,17.98,0.00,13.48,0.00,0.00,4.49,0.00,0.00,0.00,64.04
08:44:52,7,14.13,0.00,15.22,0.00,0.00,4.35,0.00,0.00,0.00,66.30
08:44:52,12,18.09,0.00,15.96,0.00,0.00,6.38,0.00,0.00,0.00,59.57
08:44:52,13,19.57,0.00,14.13,0.00,0.00,6.52,0.00,0.00,0.00,59.78
08:44:52,14,16.13,0.00,15.05,0.00,0.00,6.45,0.00,0.00,0.00,62.37
08:44:52,15,15.22,0.00,14.13,0.00,0.00,5.43,0.00,0.00,0.00,65.22
08:44:53,4,19.35,0.00,13.98,0.00,0.00,6.45,0.00,0.00,0.00,60.22
08:44:53,5,17.02,0.00,15.96,0.00,0.00,5.32,0.00,0.00,0.00,61.70
08:44:53,6,14.89,0.00,15.96,0.00,0.00,6.38,0.00,0.00,0.00,62.77
08:44:53,7,14.13,0.00,16.30,0.00,0.00,5.43,0.00,0.00,0.00,64.13
08:44:53,12,16.30,0.00,15.22,0.00,0.00,5.43,0.00,0.00,0.00,63.04
08:44:53,13,17.20,0.00,15.05,0.00,0.00,5.38,0.00,0.00,0.00,62.37
08:44:53,14,15.38,0.00,14.29,0.00,0.00,5.49,0.00,0.00,0.00,64.84
08:44:53,15,15.22,0.00,14.13,0.00,0.00,5.43,0.00,0.00,0.00,65.22
08:44:54,4,16.85,0.00,14.61,0.00,0.00,5.62,0.00,0.00,0.00,62.92
08:44:54,5,16.13,0.00,13.98,0.00,0.00,7.53,0.00,0.00,0.00,62.37
08:44:54,6,19.15,0.00,14.89,0.00,0.00,6.38,0.00,0.00,0.00,59.57
08:44:54,7,15.62,0.00,15.62,0.00,0.00,6.25,0.00,0.00,0.00,62.50
08:44:54,12,18.28,0.00,15.05,0.00,0.00,4.30,0.00,0.00,0.00,62.37
08:44:54,13,16.85,0.00,12.36,0.00,0.00,5.62,0.00,0.00,0.00,65.17
08:44:54,14,17.39,0.00,15.22,0.00,0.00,6.52,0.00,0.00,0.00,60.87
08:44:54,15,14.89,0.00,14.89,0.00,0.00,6.38,0.00,0.00,0.00,63.83
08:44:55,4,18.48,0.00,16.30,0.00,0.00,5.43,0.00,0.00,0.00,59.78
08:44:55,5,18.09,0.00,15.96,0.00,0.00,5.32,0.00,0.00,0.00,60.64
08:44:55,6,14.61,0.00,14.61,0.00,0.00,5.62,0.00,0.00,0.00,65.17
08:44:55,7,16.48,0.00,12.09,0.00,0.00,6.59,0.00,0.00,0.00,64.84
08:44:55,12,17.20,0.00,17.20,0.00,0.00,6.45,0.00,0.00,0.00,59.14
08:44:55,13,18.09,0.00,15.96,0.00,0.00,5.32,0.00,0.00,0.00,60.64
08:44:55,14,17.20,0.00,15.05,0.00,0.00,5.38,0.00,0.00,0.00,62.37
08:44:55,15,16.48,0.00,14.29,0.00,0.00,5.49,0.00,0.00,0.00,63.74
08:44:56,4,17.20,0.00,13.98,0.00,0.00,4.30,0.00,0.00,0.00,64.52
08:44:56,5,16.67,0.00,14.44,0.00,0.00,5.56,0.00,0.00,0.00,63.33
08:44:56,6,19.79,0.00,14.58,0.00,0.00,5.21,0.00,0.00,0.00,60.42
08:44:56,7,16.13,0.00,13.98,0.00,0.00,4.30,0.00,0.00,0.00,65.59
08:44:56,12,15.38,0.00,14.29,0.00,0.00,5.49,0.00,0.00,0.00,64.84
08:44:56,13,17.20,0.00,13.98,0.00,0.00,5.38,0.00,0.00,0.00,63.44
08:44:56,14,16.85,0.00,13.48,0.00,0.00,5.62,0.00,0.00,0.00,64.04
08:44:56,15,14.13,0.00,14.13,0.00,0.00,5.43,0.00,0.00,0.00,66.30
08:44:57,4,16.67,0.00,15.62,0.00,0.00,6.25,0.00,0.00,0.00,61.46
08:44:57,5,17.39,0.00,11.96,0.00,0.00,7.61,0.00,0.00,0.00,63.04
08:44:57,6,16.48,0.00,14.29,0.00,0.00,4.40,0.00,0.00,0.00,64.84
08:44:57,7,15.22,0.00,13.04,0.00,0.00,5.43,0.00,0.00,0.00,66.30
08:44:57,12,18.28,0.00,13.98,0.00,0.00,7.53,0.00,0.00,0.00,60.22
08:44:57,13,16.48,0.00,14.29,0.00,0.00,5.49,0.00,0.00,0.00,63.74
08:44:57,14,15.79,0.00,16.84,0.00,0.00,6.32,0.00,0.00,0.00,61.05
08:44:57,15,17.20,0.00,13.98,0.00,0.00,5.38,0.00,0.00,0.00,63.44
08:44:58,4,17.98,0.00,14.61,0.00,0.00,4.49,0.00,0.00,0.00,62.92
08:44:58,5,17.39,0.00,15.22,0.00,0.00,5.43,0.00,0.00,0.00,61.96
08:44:58,6,15.56,0.00,14.44,0.00,0.00,5.56,0.00,0.00,0.00,64.44
08:44:58,7,15.38,0.00,12.09,0.00,0.00,5.49,0.00,0.00,0.00,67.03
08:44:58,12,16.13,0.00,17.20,0.00,0.00,5.38,0.00,0.00,0.00,61.29
08:44:58,13,18.68,0.00,13.19,0.00,0.00,5.49,0.00,0.00,0.00,62.64
08:44:58,14,17.58,0.00,14.29,0.00,0.00,5.49,0.00,0.00,0.00,62.64
08:44:58,15,14.13,0.00,14.13,0.00,0.00,6.52,0.00,0.00,0.00,65.22
08:44:59,4,17.89,0.00,14.74,1.05,0.00,6.32,0.00,0.00,0.00,60.00
08:44:59,5,18.68,0.00,10.99,1.10,0.00,5.49,0.00,0.00,0.00,63.74
08:44:59,6,16.30,0.00,14.13,0.00,0.00,4.35,0.00,0.00,0.00,65.22
08:44:59,7,15.22,0.00,15.22,0.00,0.00,6.52,0.00,0.00,0.00,63.04
08:44:59,12,16.67,0.00,14.44,0.00,0.00,4.44,0.00,0.00,0.00,64.44
08:44:59,13,16.48,0.00,13.19,0.00,0.00,5.49,0.00,0.00,0.00,64.84
08:44:59,14,16.48,0.00,15.38,0.00,0.00,4.40,0.00,0.00,0.00,63.74
08:44:59,15,14.29,0.00,14.29,0.00,0.00,6.59,0.00,0.00,0.00,64.84
08:45:00,4,18.48,0.00,16.30,0.00,0.00,5.43,0.00,0.00,0.00,59.78
08:45:00,5,17.58,0.00,14.29,0.00,0.00,5.49,0.00,0.00,0.00,62.64
08:45:00,6,17.89,0.00,14.74,0.00,0.00,6.32,0.00,0.00,0.00,61.05
08:45:00,7,18.28,0.00,12.90,0.00,0.00,4.30,0.00,0.00,0.00,64.52
08:45:00,12,21.98,0.00,14.29,0.00,0.00,4.40,0.00,0.00,0.00,59.34
08:45:00,13,17.89,0.00,17.89,0.00,0.00,6.32,0.00,0.00,0.00,57.89
08:45:00,14,17.02,0.00,14.89,0.00,0.00,6.38,0.00,0.00,0.00,61.70
08:45:00,15,17.78,0.00,12.22,0.00,0.00,5.56,0.00,0.00,0.00,64.44
08:45:01,4,16.30,0.00,13.04,0.00,0.00,5.43,0.00,0.00,0.00,65.22
08:45:01,5,16.30,0.00,14.13,0.00,0.00,6.52,0.00,0.00,0.00,63.04
08:45:01,6,14.13,0.00,13.04,0.00,0.00,8.70,0.00,0.00,0.00,64.13
08:45:01,7,13.98,0.00,12.90,0.00,0.00,5.38,0.00,0.00,0.00,67.74
08:45:01,12,15.38,0.00,15.38,0.00,0.00,5.49,0.00,0.00,0.00,63.74
08:45:01,13,17.78,0.00,15.56,0.00,0.00,5.56,0.00,0.00,0.00,61.11
08:45:01,14,16.67,0.00,12.22,0.00,0.00,6.67,0.00,0.00,0.00,64.44
08:45:01,15,15.79,0.00,13.68,0.00,0.00,6.32,0.00,0.00,0.00,64.21
08:45:02,4,20.00,0.00,14.74,0.00,0.00,5.26,0.00,0.00,0.00,60.00
08:45:02,5,18.09,0.00,13.83,0.00,0.00,6.38,0.00,0.00,0.00,61.70
08:45:02,6,17.39,0.00,14.13,0.00,0.00,4.35,0.00,0.00,0.00,64.13
08:45:02,7,17.02,0.00,13.83,0.00,0.00,6.38,0.00,0.00,0.00,62.77
08:45:02,12,15.38,0.00,14.29,0.00,0.00,6.59,0.00,0.00,0.00,63.74
08:45:02,13,17.20,0.00,16.13,0.00,0.00,4.30,0.00,0.00,0.00,62.37
08:45:02,14,17.02,0.00,14.89,0.00,0.00,5.32,0.00,0.00,0.00,62.77
08:45:02,15,15.05,0.00,13.98,0.00,0.00,6.45,0.00,0.00,0.00,64.52
08:45:03,4,16.13,0.00,15.05,0.00,0.00,6.45,0.00,0.00,0.00,62.37
08:45:03,5,17.58,0.00,13.19,0.00,0.00,4.40,0.00,0.00,0.00,64.84
08:45:03,6,17.20,0.00,16.13,0.00,0.00,6.45,0.00,0.00,0.00,60.22
08:45:03,7,14.29,0.00,12.09,0.00,0.00,6.59,0.00,0.00,0.00,67.03
08:45:03,12,16.30,0.00,14.13,0.00,0.00,6.52,0.00,0.00,0.00,63.04
08:45:03,13,14.77,0.00,15.91,0.00,0.00,4.55,0.00,0.00,0.00,64.77
08:45:03,14,18.75,0.00,14.58,0.00,0.00,6.25,0.00,0.00,0.00,60.42
08:45:03,15,15.05,0.00,15.05,0.00,0.00,5.38,0.00,0.00,0.00,64.52
08:45:04,4,15.05,0.00,18.28,0.00,0.00,5.38,0.00,0.00,0.00,61.29
08:45:04,5,17.78,0.00,13.33,0.00,0.00,3.33,0.00,0.00,0.00,65.56
08:45:04,6,17.58,0.00,15.38,0.00,0.00,4.40,0.00,0.00,0.00,62.64
08:45:04,7,17.02,0.00,13.83,0.00,0.00,5.32,0.00,0.00,0.00,63.83
08:45:04,12,16.30,0.00,16.30,0.00,0.00,5.43,0.00,0.00,0.00,61.96
08:45:04,13,17.05,0.00,12.50,0.00,0.00,5.68,0.00,0.00,0.00,64.77
08:45:04,14,15.38,0.00,14.29,1.10,0.00,5.49,0.00,0.00,0.00,63.74
08:45:04,15,16.13,0.00,13.98,0.00,0.00,5.38,0.00,0.00,0.00,64.52
08:45:05,4,21.88,0.00,15.62,0.00,0.00,5.21,0.00,0.00,0.00,57.29
08:45:05,5,15.56,0.00,14.44,0.00,0.00,6.67,0.00,0.00,0.00,63.33
08:45:05,6,18.68,0.00,15.38,0.00,0.00,4.40,0.00,0.00,0.00,61.54
08:45:05,7,16.48,0.00,13.19,0.00,0.00,5.49,0.00,0.00,0.00,64.84
08:45:05,12,17.58,0.00,13.19,0.00,0.00,6.59,0.00,0.00,0.00,62.64
08:45:05,13,18.48,0.00,15.22,0.00,0.00,5.43,0.00,0.00,0.00,60.87
08:45:05,14,17.98,0.00,14.61,0.00,0.00,5.62,0.00,0.00,0.00,61.80
08:45:05,15,14.29,0.00,15.38,0.00,0.00,5.49,0.00,0.00,0.00,64.84
08:45:06,4,17.58,0.00,13.19,0.00,0.00,5.49,0.00,0.00,0.00,63.74
08:45:06,5,14.44,0.00,14.44,0.00,0.00,4.44,0.00,0.00,0.00,66.67
08:45:06,6,15.96,0.00,14.89,0.00,0.00,6.38,0.00,0.00,0.00,62.77
08:45:06,7,15.96,0.00,13.83,0.00,0.00,5.32,0.00,0.00,0.00,64.89
08:45:06,12,17.58,0.00,12.09,0.00,0.00,5.49,0.00,0.00,0.00,64.84
08:45:06,13,16.67,0.00,12.22,0.00,0.00,4.44,0.00,0.00,0.00,66.67
08:45:06,14,18.95,0.00,12.63,0.00,0.00,5.26,0.00,0.00,0.00,63.16
08:45:06,15,13.33,0.00,14.44,0.00,0.00,4.44,0.00,0.00,0.00,67.78
08:45:07,4,15.38,0.00,15.38,0.00,0.00,5.49,0.00,0.00,0.00,63.74
08:45:07,5,19.15,0.00,14.89,0.00,0.00,6.38,0.00,0.00,0.00,59.57
08:45:07,6,16.13,0.00,15.05,0.00,0.00,6.45,0.00,0.00,0.00,62.37
08:45:07,7,14.13,0.00,14.13,0.00,0.00,5.43,0.00,0.00,0.00,66.30
08:45:07,12,16.48,0.00,15.38,0.00,0.00,5.49,0.00,0.00,0.00,62.64
08:45:07,13,15.56,0.00,18.89,0.00,0.00,5.56,0.00,0.00,0.00,60.00
08:45:07,14,16.13,0.00,17.20,0.00,0.00,4.30,0.00,0.00,0.00,62.37
08:45:07,15,14.29,0.00,13.19,0.00,0.00,6.59,0.00,0.00,0.00,65.93
08:45:08,4,19.57,0.00,11.96,0.00,0.00,6.52,0.00,0.00,0.00,61.96
08:45:08,5,18.28,0.00,15.05,0.00,0.00,4.30,0.00,0.00,0.00,62.37
08:45:08,6,16.67,0.00,13.33,0.00,0.00,5.56,0.00,0.00,0.00,64.44
08:45:08,7,13.33,0.00,13.33,0.00,0.00,4.44,0.00,0.00,0.00,68.89
08:45:08,12,16.67,0.00,15.56,0.00,0.00,5.56,0.00,0.00,0.00,62.22
08:45:08,13,16.09,0.00,12.64,0.00,0.00,4.60,0.00,0.00,0.00,66.67
08:45:08,14,17.20,0.00,13.98,0.00,0.00,7.53,0.00,0.00,0.00,61.29
08:45:08,15,15.96,0.00,12.77,0.00,0.00,5.32,0.00,0.00,0.00,65.96
08:45:09,4,17.78,0.00,12.22,0.00,0.00,5.56,0.00,0.00,0.00,64.44
08:45:09,5,16.30,0.00,16.30,0.00,0.00,5.43,0.00,0.00,0.00,61.96
08:45:09,6,15.05,0.00,16.13,0.00,0.00,6.45,0.00,0.00,0.00,62.37
08:45:09,7,15.22,0.00,13.04,0.00,0.00,5.43,0.00,0.00,0.00,66.30
08:45:09,12,16.30,0.00,15.22,0.00,0.00,4.35,0.00,0.00,0.00,64.13
08:45:09,13,16.67,0.00,16.67,0.00,0.00,4.44,0.00,0.00,0.00,62.22
08:45:09,14,16.48,0.00,12.09,0.00,0.00,6.59,0.00,0.00,0.00,64.84
08:45:09,15,15.05,0.00,12.90,1.08,0.00,6.45,0.00,0.00,0.00,64.52
08:45:10,4,20.21,0.00,17.02,0.00,0.00,5.32,0.00,0.00,0.00,57.45
08:45:10,5,18.28,0.00,13.98,0.00,0.00,6.45,0.00,0.00,0.00,61.29
08:45:10,6,16.48,0.00,15.38,0.00,0.00,7.69,0.00,0.00,0.00,60.44
08:45:10,7,15.96,0.00,14.89,0.00,0.00,5.32,0.00,0.00,0.00,63.83
08:45:10,12,19.57,0.00,17.39,0.00,0.00,4.35,0.00,0.00,0.00,58.70
08:45:10,13,19.35,0.00,16.13,0.00,0.00,6.45,0.00,0.00,0.00,58.06
08:45:10,14,16.48,0.00,17.58,0.00,0.00,3.30,0.00,0.00,0.00,62.64
08:45:10,15,16.30,0.00,13.04,0.00,0.00,5.43,0.00,0.00,0.00,65.22
08:45:11,4,18.48,0.00,15.22,0.00,0.00,5.43,0.00,0.00,0.00,60.87
08:45:11,5,16.85,0.00,15.73,0.00,0.00,4.49,0.00,0.00,0.00,62.92
08:45:11,6,15.38,0.00,15.38,0.00,0.00,5.49,0.00,0.00,0.00,63.74
08:45:11,7,15.22,0.00,14.13,0.00,0.00,4.35,0.00,0.00,0.00,66.30
08:45:11,12,16.67,0.00,14.44,0.00,0.00,5.56,0.00,0.00,0.00,63.33
08:45:11,13,16.30,0.00,14.13,0.00,0.00,7.61,0.00,0.00,0.00,61.96
08:45:11,14,17.89,0.00,15.79,0.00,0.00,6.32,0.00,0.00,0.00,60.00
08:45:11,15,14.13,0.00,14.13,0.00,0.00,5.43,0.00,0.00,0.00,66.30
08:45:12,4,17.20,0.00,10.75,0.00,0.00,7.53,0.00,0.00,0.00,64.52
08:45:12,5,18.68,0.00,13.19,0.00,0.00,5.49,0.00,0.00,0.00,62.64
08:45:12,6,18.09,0.00,14.89,0.00,0.00,6.38,0.00,0.00,0.00,60.64
08:45:12,7,14.89,0.00,13.83,0.00,0.00,5.32,0.00,0.00,0.00,65.96
08:45:12,12,16.49,0.00,16.49,0.00,0.00,6.19,0.00,0.00,0.00,60.82
08:45:12,13,18.28,0.00,16.13,0.00,0.00,5.38,0.00,0.00,0.00,60.22
08:45:12,14,15.38,0.00,15.38,0.00,0.00,5.49,0.00,0.00,0.00,63.74
08:45:12,15,14.29,0.00,13.19,0.00,0.00,5.49,0.00,0.00,0.00,67.03
08:45:13,4,18.48,0.00,15.22,0.00,0.00,4.35,0.00,0.00,0.00,61.96
08:45:13,5,17.20,0.00,15.05,0.00,0.00,5.38,0.00,0.00,0.00,62.37
08:45:13,6,16.13,0.00,13.98,0.00,0.00,5.38,0.00,0.00,0.00,64.52
08:45:13,7,15.96,0.00,11.70,0.00,0.00,5.32,0.00,0.00,0.00,67.02
08:45:13,12,18.28,0.00,15.05,0.00,0.00,6.45,0.00,0.00,0.00,60.22
08:45:13,13,18.68,0.00,13.19,0.00,0.00,5.49,0.00,0.00,0.00,62.64
08:45:13,14,16.13,0.00,17.20,0.00,0.00,4.30,0.00,0.00,0.00,62.37
08:45:13,15,15.38,0.00,13.19,0.00,0.00,5.49,0.00,0.00,0.00,65.93
08:45:14,4,16.13,0.00,17.20,0.00,0.00,6.45,0.00,0.00,0.00,60.22
08:45:14,5,17.02,0.00,13.83,1.06,0.00,5.32,0.00,0.00,0.00,62.77
08:45:14,6,15.38,0.00,15.38,0.00,0.00,5.49,0.00,0.00,0.00,63.74
08:45:14,7,15.38,0.00,13.19,0.00,0.00,4.40,0.00,0.00,0.00,67.03
08:45:14,12,14.44,0.00,15.56,1.11,0.00,5.56,0.00,0.00,0.00,63.33
08:45:14,13,18.48,0.00,11.96,0.00,0.00,5.43,0.00,0.00,0.00,64.13
08:45:14,14,16.67,0.00,14.44,0.00,0.00,5.56,0.00,0.00,0.00,63.33
08:45:14,15,15.38,0.00,13.19,0.00,0.00,5.49,0.00,0.00,0.00,65.93
08:45:15,4,18.48,0.00,16.30,0.00,0.00,4.35,0.00,0.00,0.00,60.87
08:45:15,5,17.20,0.00,15.05,0.00,0.00,6.45,0.00,0.00,0.00,61.29
08:45:15,6,17.78,0.00,15.56,0.00,0.00,4.44,0.00,0.00,0.00,62.22
08:45:15,7,14.13,0.00,15.22,0.00,0.00,5.43,0.00,0.00,0.00,65.22
08:45:15,12,16.85,0.00,16.85,0.00,0.00,4.49,0.00,0.00,0.00,61.80
08:45:15,13,20.43,0.00,15.05,0.00,0.00,5.38,0.00,0.00,0.00,59.14
08:45:15,14,17.78,0.00,14.44,0.00,0.00,4.44,0.00,0.00,0.00,63.33
08:45:15,15,16.30,0.00,13.04,0.00,0.00,6.52,0.00,0.00,0.00,64.13
08:45:16,4,16.13,0.00,15.05,0.00,0.00,5.38,0.00,0.00,0.00,63.44
08:45:16,5,17.02,0.00,14.89,0.00,0.00,6.38,0.00,0.00,0.00,61.70
08:45:16,6,16.67,0.00,13.33,0.00,0.00,5.56,0.00,0.00,0.00,64.44
08:45:16,7,14.89,0.00,12.77,0.00,0.00,5.32,0.00,0.00,0.00,67.02
08:45:16,12,17.02,0.00,18.09,0.00,0.00,6.38,0.00,0.00,0.00,58.51
08:45:16,13,16.30,0.00,15.22,0.00,0.00,6.52,0.00,0.00,0.00,61.96
08:45:16,14,17.39,0.00,14.13,0.00,0.00,6.52,0.00,0.00,0.00,61.96
08:45:16,15,12.90,0.00,15.05,0.00,0.00,6.45,0.00,0.00,0.00,65.59
08:45:17,4,15.62,0.00,15.62,0.00,0.00,6.25,0.00,0.00,0.00,62.50
08:45:17,5,16.48,0.00,15.38,0.00,0.00,6.59,0.00,0.00,0.00,61.54
08:45:17,6,14.74,0.00,15.79,0.00,0.00,6.32,0.00,0.00,0.00,63.16
08:45:17,7,15.05,0.00,13.98,0.00,0.00,5.38,0.00,0.00,0.00,65.59
08:45:17,12,17.71,0.00,15.62,0.00,0.00,6.25,0.00,0.00,0.00,60.42
08:45:17,13,15.38,0.00,14.29,0.00,0.00,5.49,0.00,0.00,0.00,64.84
08:45:17,14,16.85,0.00,12.36,0.00,0.00,4.49,0.00,0.00,0.00,66.29
08:45:17,15,15.22,0.00,11.96,0.00,0.00,6.52,0.00,0.00,0.00,66.30
08:45:18,4,17.58,0.00,16.48,0.00,0.00,5.49,0.00,0.00,0.00,60.44
08:45:18,5,17.98,0.00,14.61,0.00,0.00,4.49,0.00,0.00,0.00,62.92
08:45:18,6,18.48,0.00,15.22,0.00,0.00,5.43,0.00,0.00,0.00,60.87
08:45:18,7,13.98,0.00,15.05,0.00,0.00,6.45,0.00,0.00,0.00,64.52
08:45:18,12,16.48,0.00,13.19,0.00,0.00,7.69,0.00,0.00,0.00,62.64
08:45:18,13,18.68,0.00,16.48,0.00,0.00,5.49,0.00,0.00,0.00,59.34
08:45:18,14,17.02,0.00,14.89,0.00,0.00,6.38,0.00,0.00,0.00,61.70
08:45:18,15,16.13,0.00,13.98,0.00,0.00,5.38,0.00,0.00,0.00,64.52
08:45:19,4,19.15,0.00,15.96,0.00,0.00,5.32,0.00,0.00,0.00,59.57
08:45:19,5,16.67,0.00,14.44,0.00,0.00,5.56,0.00,0.00,0.00,63.33
08:45:19,6,17.89,0.00,14.74,0.00,0.00,5.26,0.00,0.00,0.00,62.11
08:45:19,7,15.05,0.00,15.05,0.00,0.00,5.38,0.00,0.00,0.00,64.52
08:45:19,12,16.30,0.00,14.13,0.00,0.00,5.43,0.00,0.00,0.00,64.13
08:45:19,13,17.39,0.00,13.04,0.00,0.00,6.52,0.00,0.00,0.00,63.04
08:45:19,14,15.05,0.00,17.20,0.00,0.00,6.45,0.00,0.00,0.00,61.29
08:45:19,15,15.05,0.00,15.05,0.00,0.00,4.30,0.00,0.00,0.00,65.59
08:45:20,4,20.65,0.00,16.30,0.00,0.00,5.43,0.00,0.00,0.00,57.61
08:45:20,5,16.67,0.00,15.56,0.00,0.00,5.56,0.00,0.00,0.00,62.22
08:45:20,6,15.96,0.00,17.02,0.00,0.00,5.32,0.00,0.00,0.00,61.70
08:45:20,7,15.38,0.00,16.48,0.00,0.00,4.40,0.00,0.00,0.00,63.74
08:45:20,12,20.21,0.00,12.77,0.00,0.00,5.32,0.00,0.00,0.00,61.70
08:45:20,13,19.15,0.00,13.83,0.00,0.00,5.32,0.00,0.00,0.00,61.70
08:45:20,14,18.48,0.00,15.22,0.00,0.00,5.43,0.00,0.00,0.00,60.87
08:45:20,15,14.77,0.00,14.77,0.00,0.00,4.55,0.00,0.00,0.00,65.91
08:45:21,4,18.48,0.00,11.96,0.00,0.00,6.52,0.00,0.00,0.00,63.04
08:45:21,5,16.85,0.00,12.36,0.00,0.00,4.49,0.00,0.00,0.00,66.29
08:45:21,6,16.13,0.00,13.98,0.00,0.00,6.45,0.00,0.00,0.00,63.44
08:45:21,7,15.05,0.00,12.90,0.00,0.00,5.38,0.00,0.00,0.00,66.67
08:45:21,12,15.96,0.00,15.96,0.00,0.00,6.38,0.00,0.00,0.00,61.70
08:45:21,13,16.67,0.00,15.56,0.00,0.00,5.56,0.00,0.00,0.00,62.22
08:45:21,14,15.79,0.00,16.84,0.00,0.00,6.32,0.00,0.00,0.00,61.05
08:45:21,15,14.29,0.00,14.29,0.00,0.00,5.49,0.00,0.00,0.00,65.93
08:45:22,4,17.02,0.00,17.02,0.00,0.00,6.38,0.00,0.00,0.00,59.57
08:45:22,5,16.13,0.00,13.98,0.00,0.00,7.53,0.00,0.00,0.00,62.37
08:45:22,6,15.05,0.00,18.28,0.00,0.00,5.38,0.00,0.00,0.00,61.29
08:45:22,7,13.98,0.00,16.13,0.00,0.00,6.45,0.00,0.00,0.00,63.44
08:45:22,12,16.48,0.00,15.38,0.00,0.00,6.59,0.00,0.00,0.00,61.54
08:45:22,13,15.96,0.00,15.96,0.00,0.00,6.38,0.00,0.00,0.00,61.70
08:45:22,14,16.30,0.00,15.22,0.00,0.00,5.43,0.00,0.00,0.00,63.04
08:45:22,15,16.13,0.00,13.98,0.00,0.00,5.38,0.00,0.00,0.00,64.52
08:45:23,4,17.02,0.00,17.02,0.00,0.00,6.38,0.00,0.00,0.00,59.57
08:45:23,5,16.85,0.00,13.48,0.00,0.00,4.49,0.00,0.00,0.00,65.17
08:45:23,6,15.38,0.00,14.29,0.00,0.00,6.59,0.00,0.00,0.00,63.74
08:45:23,7,15.22,0.00,14.13,0.00,0.00,5.43,0.00,0.00,0.00,65.22
08:45:23,12,17.58,0.00,14.29,0.00,0.00,5.49,0.00,0.00,0.00,62.64
08:45:23,13,15.38,0.00,15.38,0.00,0.00,5.49,0.00,0.00,0.00,63.74
08:45:23,14,18.48,0.00,13.04,0.00,0.00,5.43,0.00,0.00,0.00,63.04
08:45:23,15,16.67,0.00,16.67,0.00,0.00,5.21,0.00,0.00,0.00,61.46
08:45:24,4,18.68,0.00,15.38,0.00,0.00,4.40,0.00,0.00,0.00,61.54
08:45:24,5,17.20,0.00,13.98,0.00,0.00,7.53,0.00,0.00,0.00,61.29
08:45:24,6,16.48,0.00,15.38,0.00,0.00,4.40,0.00,0.00,0.00,63.74
08:45:24,7,16.13,0.00,13.98,1.08,0.00,5.38,0.00,0.00,0.00,63.44
08:45:24,12,18.48,0.00,13.04,0.00,0.00,5.43,0.00,0.00,0.00,63.04
08:45:24,13,15.91,0.00,14.77,0.00,0.00,5.68,0.00,0.00,0.00,63.64
08:45:24,14,18.28,0.00,16.13,0.00,0.00,4.30,0.00,0.00,0.00,61.29
08:45:24,15,14.44,0.00,13.33,0.00,0.00,6.67,0.00,0.00,0.00,65.56
08:45:25,4,17.20,0.00,17.20,0.00,0.00,5.38,0.00,0.00,0.00,60.22
08:45:25,5,19.15,0.00,17.02,0.00,0.00,7.45,0.00,0.00,0.00,56.38
08:45:25,6,17.39,0.00,14.13,0.00,0.00,6.52,0.00,0.00,0.00,61.96
08:45:25,7,13.83,0.00,14.89,0.00,0.00,5.32,0.00,0.00,0.00,65.96
08:45:25,12,18.28,0.00,13.98,0.00,0.00,6.45,0.00,0.00,0.00,61.29
08:45:25,13,22.58,0.00,15.05,0.00,0.00,5.38,0.00,0.00,0.00,56.99
08:45:25,14,20.65,0.00,14.13,0.00,0.00,5.43,0.00,0.00,0.00,59.78
08:45:25,15,15.73,0.00,13.48,0.00,0.00,4.49,0.00,0.00,0.00,66.29
08:45:26,4,18.95,0.00,14.74,0.00,0.00,5.26,0.00,0.00,0.00,61.05
08:45:26,5,16.30,0.00,15.22,0.00,0.00,5.43,0.00,0.00,0.00,63.04
08:45:26,6,16.30,0.00,15.22,0.00,0.00,5.43,0.00,0.00,0.00,63.04
08:45:26,7,14.89,0.00,14.89,0.00,0.00,6.38,0.00,0.00,0.00,63.83
08:45:26,12,18.28,0.00,13.98,0.00,0.00,6.45,0.00,0.00,0.00,61.29
08:45:26,13,16.30,0.00,15.22,0.00,0.00,5.43,0.00,0.00,0.00,63.04
08:45:26,14,14.29,0.00,16.48,0.00,0.00,5.49,0.00,0.00,0.00,63.74
08:45:26,15,15.22,0.00,13.04,0.00,0.00,5.43,0.00,0.00,0.00,66.30
08:45:27,4,18.68,0.00,15.38,0.00,0.00,3.30,0.00,0.00,0.00,62.64
08:45:27,5,16.48,0.00,14.29,0.00,0.00,6.59,0.00,0.00,0.00,62.64
08:45:27,6,18.28,0.00,13.98,0.00,0.00,5.38,0.00,0.00,0.00,62.37
08:45:27,7,14.13,0.00,14.13,0.00,0.00,5.43,0.00,0.00,0.00,66.30
08:45:27,12,17.39,0.00,14.13,0.00,0.00,5.43,0.00,0.00,0.00,63.04
08:45:27,13,16.30,0.00,13.04,0.00,0.00,6.52,0.00,0.00,0.00,64.13
08:45:27,14,16.48,0.00,15.38,0.00,0.00,5.49,0.00,0.00,0.00,62.64
08:45:27,15,17.39,0.00,11.96,0.00,0.00,5.43,0.00,0.00,0.00,65.22
08:45:28,4,15.38,0.00,13.19,0.00,0.00,7.69,0.00,0.00,0.00,63.74
08:45:28,5,17.78,0.00,14.44,0.00,0.00,5.56,0.00,0.00,0.00,62.22
08:45:28,6,14.89,0.00,18.09,0.00,0.00,4.26,0.00,0.00,0.00,62.77
08:45:28,7,14.44,0.00,15.56,0.00,0.00,4.44,0.00,0.00,0.00,65.56
08:45:28,12,16.30,0.00,14.13,0.00,0.00,5.43,0.00,0.00,0.00,64.13
08:45:28,13,15.38,0.00,17.58,0.00,0.00,6.59,0.00,0.00,0.00,60.44
08:45:28,14,16.30,0.00,15.22,0.00,0.00,5.43,0.00,0.00,0.00,63.04
08:45:28,15,15.22,0.00,15.22,0.00,0.00,4.35,0.00,0.00,0.00,65.22
08:45:29,4,16.48,0.00,15.38,0.00,0.00,5.49,0.00,0.00,0.00,62.64
08:45:29,5,17.58,0.00,13.19,0.00,0.00,5.49,0.00,0.00,0.00,63.74
08:45:29,6,16.67,0.00,13.54,0.00,0.00,8.33,0.00,0.00,0.00,61.46
08:45:29,7,15.05,0.00,15.05,0.00,0.00,6.45,0.00,0.00,0.00,63.44
08:45:29,12,16.30,0.00,15.22,0.00,0.00,5.43,0.00,0.00,0.00,63.04
08:45:29,13,15.38,0.00,16.48,0.00,0.00,6.59,0.00,0.00,0.00,61.54
08:45:29,14,15.96,0.00,15.96,0.00,0.00,5.32,0.00,0.00,0.00,62.77
08:45:29,15,15.22,0.00,13.04,0.00,0.00,6.52,0.00,0.00,0.00,65.22
08:45:30,4,18.28,0.00,17.20,0.00,0.00,4.30,0.00,0.00,0.00,60.22
08:45:30,5,18.39,0.00,16.09,0.00,0.00,4.60,0.00,0.00,0.00,60.92
08:45:30,6,21.51,0.00,13.98,0.00,0.00,5.38,0.00,0.00,0.00,59.14
08:45:30,7,15.22,0.00,14.13,0.00,0.00,5.43,0.00,0.00,0.00,65.22
08:45:30,12,17.02,0.00,15.96,0.00,0.00,5.32,0.00,0.00,0.00,61.70
08:45:30,13,19.78,0.00,13.19,0.00,0.00,5.49,0.00,0.00,0.00,61.54
08:45:30,14,16.67,0.00,16.67,0.00,0.00,5.56,0.00,0.00,0.00,61.11
08:45:30,15,16.30,0.00,14.13,0.00,0.00,5.43,0.00,0.00,0.00,64.13
08:45:31,4,17.02,0.00,14.89,0.00,0.00,6.38,0.00,0.00,0.00,61.70
08:45:31,5,20.21,0.00,13.83,0.00,0.00,5.32,0.00,0.00,0.00,60.64
08:45:31,6,18.09,0.00,14.89,0.00,0.00,5.32,0.00,0.00,0.00,61.70
08:45:31,7,15.62,0.00,14.58,0.00,0.00,5.21,0.00,0.00,0.00,64.58
08:45:31,12,16.48,0.00,14.29,0.00,0.00,7.69,0.00,0.00,0.00,61.54
08:45:31,13,16.13,0.00,17.20,0.00,0.00,6.45,0.00,0.00,0.00,60.22
08:45:31,14,17.02,0.00,17.02,0.00,0.00,4.26,0.00,0.00,0.00,61.70
08:45:31,15,15.22,0.00,13.04,0.00,0.00,5.43,0.00,0.00,0.00,66.30
08:45:32,4,15.38,0.00,14.29,0.00,0.00,5.49,0.00,0.00,0.00,64.84
08:45:32,5,15.56,0.00,14.44,0.00,0.00,5.56,0.00,0.00,0.00,64.44
08:45:32,6,15.22,0.00,16.30,0.00,0.00,6.52,0.00,0.00,0.00,61.96
08:45:32,7,14.29,0.00,13.19,0.00,0.00,6.59,0.00,0.00,0.00,65.93
08:45:32,12,17.71,0.00,15.62,0.00,0.00,5.21,0.00,0.00,0.00,61.46
08:45:32,13,16.67,0.00,11.11,0.00,0.00,6.67,0.00,0.00,0.00,65.56
08:45:32,14,16.13,0.00,15.05,0.00,0.00,6.45,0.00,0.00,0.00,62.37
08:45:32,15,15.22,0.00,15.22,0.00,0.00,4.35,0.00,0.00,0.00,65.22
08:45:33,4,18.75,0.00,17.71,0.00,0.00,5.21,0.00,0.00,0.00,58.33
08:45:33,5,16.48,0.00,14.29,0.00,0.00,5.49,0.00,0.00,0.00,63.74
08:45:33,6,17.02,0.00,15.96,0.00,0.00,5.32,0.00,0.00,0.00,61.70
08:45:33,7,16.67,0.00,14.58,0.00,0.00,5.21,0.00,0.00,0.00,63.54
08:45:33,12,18.48,0.00,11.96,0.00,0.00,5.43,0.00,0.00,0.00,64.13
08:45:33,13,17.98,0.00,14.61,0.00,0.00,5.62,0.00,0.00,0.00,61.80
08:45:33,14,17.58,0.00,14.29,0.00,0.00,5.49,0.00,0.00,0.00,62.64
08:45:33,15,18.09,0.00,13.83,0.00,0.00,5.32,0.00,0.00,0.00,62.77
08:45:34,4,17.20,0.00,16.13,0.00,0.00,5.38,0.00,0.00,0.00,61.29
08:45:34,5,19.35,0.00,13.98,0.00,0.00,6.45,0.00,0.00,0.00,60.22
08:45:34,6,16.30,0.00,15.22,0.00,0.00,6.52,0.00,0.00,0.00,61.96
08:45:34,7,16.13,0.00,11.83,0.00,0.00,5.38,0.00,0.00,0.00,66.67
08:45:34,12,16.30,0.00,14.13,0.00,0.00,5.43,0.00,0.00,0.00,64.13
08:45:34,13,17.02,0.00,17.02,0.00,0.00,6.38,0.00,0.00,0.00,59.57
08:45:34,14,17.20,0.00,15.05,1.08,0.00,5.38,0.00,0.00,0.00,61.29
08:45:34,15,16.13,0.00,13.98,0.00,0.00,5.38,0.00,0.00,0.00,64.52
08:45:35,4,18.28,0.00,13.98,0.00,0.00,5.38,0.00,0.00,0.00,62.37
08:45:35,5,15.91,0.00,15.91,0.00,0.00,5.68,0.00,0.00,0.00,62.50
08:45:35,6,16.67,0.00,14.44,0.00,0.00,5.56,0.00,0.00,0.00,63.33
08:45:35,7,16.85,0.00,14.61,0.00,0.00,3.37,0.00,0.00,0.00,65.17
08:45:35,12,21.51,0.00,16.13,0.00,0.00,6.45,0.00,0.00,0.00,55.91
08:45:35,13,18.68,0.00,16.48,0.00,0.00,4.40,0.00,0.00,0.00,60.44
08:45:35,14,16.67,0.00,14.44,0.00,0.00,6.67,0.00,0.00,0.00,62.22
08:45:35,15,16.30,0.00,15.22,0.00,0.00,5.43,0.00,0.00,0.00,63.04
08:45:36,4,16.13,0.00,13.98,0.00,0.00,7.53,0.00,0.00,0.00,62.37
08:45:36,5,14.44,0.00,13.33,0.00,0.00,7.78,0.00,0.00,0.00,64.44
08:45:36,6,15.79,0.00,14.74,0.00,0.00,5.26,0.00,0.00,0.00,64.21
08:45:36,7,13.19,0.00,13.19,0.00,0.00,6.59,0.00,0.00,0.00,67.03
08:45:36,12,16.13,0.00,16.13,0.00,0.00,4.30,0.00,0.00,0.00,63.44
08:45:36,13,17.20,0.00,16.13,0.00,0.00,5.38,0.00,0.00,0.00,61.29
08:45:36,14,16.13,0.00,15.05,0.00,0.00,5.38,0.00,0.00,0.00,63.44
08:45:36,15,16.30,0.00,14.13,0.00,0.00,5.43,0.00,0.00,0.00,64.13
08:45:37,4,17.02,0.00,13.83,0.00,0.00,6.38,0.00,0.00,0.00,62.77
08:45:37,5,17.71,0.00,13.54,0.00,0.00,6.25,0.00,0.00,0.00,62.50
08:45:37,6,17.78,0.00,12.22,0.00,0.00,4.44,0.00,0.00,0.00,65.56
08:45:37,7,17.89,0.00,14.74,0.00,0.00,4.21,0.00,0.00,0.00,63.16
08:45:37,12,16.13,0.00,15.05,0.00,0.00,5.38,0.00,0.00,0.00,63.44
08:45:37,13,17.78,0.00,14.44,0.00,0.00,5.56,0.00,0.00,0.00,62.22
08:45:37,14,16.13,0.00,15.05,0.00,0.00,6.45,0.00,0.00,0.00,62.37
08:45:37,15,15.56,0.00,13.33,0.00,0.00,5.56,0.00,0.00,0.00,65.56
08:45:38,4,19.57,0.00,14.13,0.00,0.00,4.35,0.00,0.00,0.00,61.96
08:45:38,5,18.48,0.00,11.96,0.00,0.00,6.52,0.00,0.00,0.00,63.04
08:45:38,6,17.39,0.00,16.30,0.00,0.00,5.43,0.00,0.00,0.00,60.87
08:45:38,7,16.48,0.00,12.09,0.00,0.00,5.49,0.00,0.00,0.00,65.93
08:45:38,12,14.44,0.00,14.44,0.00,0.00,6.67,0.00,0.00,0.00,64.44
08:45:38,13,16.48,0.00,15.38,0.00,0.00,5.49,0.00,0.00,0.00,62.64
08:45:38,14,16.30,0.00,15.22,0.00,0.00,4.35,0.00,0.00,0.00,64.13
08:45:38,15,14.29,0.00,15.38,0.00,0.00,3.30,0.00,0.00,0.00,67.03
08:45:39,4,16.30,0.00,15.22,0.00,0.00,5.43,0.00,0.00,0.00,63.04
08:45:39,5,15.56,0.00,14.44,0.00,0.00,5.56,0.00,0.00,0.00,64.44
08:45:39,6,15.05,0.00,17.20,0.00,0.00,5.38,0.00,0.00,0.00,62.37
08:45:39,7,15.05,0.00,13.98,0.00,0.00,6.45,0.00,0.00,0.00,64.52
08:45:39,12,16.48,0.00,13.19,0.00,0.00,5.49,0.00,0.00,0.00,64.84
08:45:39,13,17.78,0.00,12.22,0.00,0.00,5.56,0.00,0.00,0.00,64.44
08:45:39,14,18.68,0.00,13.19,0.00,0.00,5.49,0.00,0.00,0.00,62.64
08:45:39,15,17.20,0.00,16.13,0.00,0.00,4.30,0.00,0.00,0.00,62.37
08:45:40,4,15.91,0.00,13.64,0.00,0.00,5.68,0.00,0.00,0.00,64.77
08:45:40,5,17.78,0.00,14.44,0.00,0.00,5.56,0.00,0.00,0.00,62.22
08:45:40,6,19.39,0.00,14.29,0.00,0.00,7.14,0.00,0.00,0.00,59.18
08:45:40,7,15.22,0.00,13.04,0.00,0.00,5.43,0.00,0.00,0.00,66.30
08:45:40,12,18.68,0.00,15.38,0.00,0.00,4.40,0.00,0.00,0.00,61.54
08:45:40,13,18.95,0.00,14.74,0.00,0.00,7.37,0.00,0.00,0.00,58.95
08:45:40,14,16.67,0.00,15.56,0.00,0.00,5.56,0.00,0.00,0.00,62.22
08:45:40,15,15.38,0.00,14.29,0.00,0.00,5.49,0.00,0.00,0.00,64.84
08:45:41,4,17.02,0.00,15.96,0.00,0.00,5.32,0.00,0.00,0.00,61.70
08:45:41,5,17.20,0.00,15.05,0.00,0.00,6.45,0.00,0.00,0.00,61.29
08:45:41,6,16.13,0.00,15.05,0.00,0.00,6.45,0.00,0.00,0.00,62.37
08:45:41,7,17.39,0.00,13.04,0.00,0.00,4.35,0.00,0.00,0.00,65.22
08:45:41,12,17.20,0.00,16.13,0.00,0.00,5.38,0.00,0.00,0.00,61.29
08:45:41,13,17.98,0.00,13.48,0.00,0.00,5.62,0.00,0.00,0.00,62.92
08:45:41,14,16.67,0.00,13.33,0.00,0.00,6.67,0.00,0.00,0.00,63.33
08:45:41,15,16.13,0.00,12.90,0.00,0.00,6.45,0.00,0.00,0.00,64.52
08:45:42,4,18.09,0.00,17.02,0.00,0.00,5.32,0.00,0.00,0.00,59.57
08:45:42,5,18.48,0.00,13.04,0.00,0.00,6.52,0.00,0.00,0.00,61.96
08:45:42,6,14.89,0.00,17.02,0.00,0.00,5.32,0.00,0.00,0.00,62.77
08:45:42,7,14.89,0.00,13.83,0.00,0.00,5.32,0.00,0.00,0.00,65.96
08:45:42,12,15.38,0.00,15.38,0.00,0.00,6.59,0.00,0.00,0.00,62.64
08:45:42,13,17.78,0.00,14.44,0.00,0.00,5.56,0.00,0.00,0.00,62.22
08:45:42,14,16.13,0.00,16.13,0.00,0.00,4.30,0.00,0.00,0.00,63.44
08:45:42,15,15.22,0.00,13.04,0.00,0.00,5.43,0.00,0.00,0.00,66.30
08:45:43,4,16.30,0.00,15.22,0.00,0.00,5.43,0.00,0.00,0.00,63.04
08:45:43,5,17.02,0.00,17.02,0.00,0.00,6.38,0.00,0.00,0.00,59.57
08:45:43,6,15.22,0.00,15.22,0.00,0.00,5.43,0.00,0.00,0.00,64.13
08:45:43,7,14.89,0.00,12.77,0.00,0.00,6.38,0.00,0.00,0.00,65.96
08:45:43,12,13.19,0.00,18.68,0.00,0.00,6.59,0.00,0.00,0.00,61.54
08:45:43,13,18.48,0.00,15.22,0.00,0.00,5.43,0.00,0.00,0.00,60.87
08:45:43,14,17.39,0.00,15.22,0.00,0.00,5.43,0.00,0.00,0.00,61.96
08:45:43,15,15.22,0.00,14.13,0.00,0.00,5.43,0.00,0.00,0.00,65.22
08:45:44,4,16.48,0.00,15.38,0.00,0.00,5.49,0.00,0.00,0.00,62.64
08:45:44,5,15.73,0.00,16.85,0.00,0.00,5.62,0.00,0.00,0.00,61.80
08:45:44,6,15.05,0.00,16.13,0.00,0.00,6.45,0.00,0.00,0.00,62.37
08:45:44,7,15.38,0.00,13.19,0.00,0.00,5.49,0.00,0.00,0.00,65.93
08:45:44,12,17.58,0.00,12.09,0.00,0.00,6.59,0.00,0.00,0.00,63.74
08:45:44,13,17.02,0.00,15.96,1.06,0.00,5.32,0.00,0.00,0.00,60.64
08:45:44,14,18.48,0.00,11.96,1.09,0.00,6.52,0.00,0.00,0.00,61.96
08:45:44,15,15.79,0.00,14.74,0.00,0.00,6.32,0.00,0.00,0.00,63.16
08:45:45,4,15.56,0.00,13.33,0.00,0.00,6.67,0.00,0.00,0.00,64.44
08:45:45,5,16.84,0.00,14.74,0.00,0.00,5.26,0.00,0.00,0.00,63.16
08:45:45,6,15.96,0.00,14.89,0.00,0.00,6.38,0.00,0.00,0.00,62.77
08:45:45,7,14.13,0.00,14.13,0.00,0.00,7.61,0.00,0.00,0.00,64.13
08:45:45,12,14.44,0.00,14.44,0.00,0.00,5.56,0.00,0.00,0.00,65.56
08:45:45,13,17.78,0.00,13.33,0.00,0.00,4.44,0.00,0.00,0.00,64.44
08:45:45,14,16.67,0.00,13.33,0.00,0.00,4.44,0.00,0.00,0.00,65.56
08:45:45,15,15.05,0.00,17.20,0.00,0.00,3.23,0.00,0.00,0.00,64.52
08:45:46,4,17.89,0.00,17.89,0.00,0.00,6.32,0.00,0.00,0.00,57.89
08:45:46,5,22.83,0.00,14.13,0.00,0.00,5.43,0.00,0.00,0.00,57.61
08:45:46,6,17.39,0.00,16.30,0.00,0.00,6.52,0.00,0.00,0.00,59.78
08:45:46,7,15.96,0.00,15.96,0.00,0.00,4.26,0.00,0.00,0.00,63.83
08:45:46,12,17.78,0.00,16.67,0.00,0.00,6.67,0.00,0.00,0.00,58.89
08:45:46,13,20.00,0.00,13.33,0.00,0.00,5.56,0.00,0.00,0.00,61.11
08:45:46,14,16.84,0.00,16.84,0.00,0.00,6.32,0.00,0.00,0.00,60.00
08:45:46,15,13.48,0.00,12.36,0.00,0.00,6.74,0.00,0.00,0.00,67.42
08:45:47,4,16.13,0.00,17.20,0.00,0.00,5.38,0.00,0.00,0.00,61.29
08:45:47,5,16.13,0.00,15.05,0.00,0.00,7.53,0.00,0.00,0.00,61.29
08:45:47,6,18.09,0.00,13.83,0.00,0.00,6.38,0.00,0.00,0.00,61.70
08:45:47,7,13.98,0.00,15.05,0.00,0.00,6.45,0.00,0.00,0.00,64.52
08:45:47,12,16.85,0.00,12.36,0.00,0.00,6.74,0.00,0.00,0.00,64.04
08:45:47,13,17.53,0.00,15.46,0.00,0.00,7.22,0.00,0.00,0.00,59.79
08:45:47,14,15.56,0.00,14.44,0.00,0.00,4.44,0.00,0.00,0.00,65.56
08:45:47,15,15.22,0.00,14.13,0.00,0.00,6.52,0.00,0.00,0.00,64.13
08:45:48,4,20.00,0.00,14.74,0.00,0.00,5.26,0.00,0.00,0.00,60.00
08:45:48,5,16.67,0.00,14.44,0.00,0.00,4.44,0.00,0.00,0.00,64.44
08:45:48,6,18.09,0.00,14.89,0.00,0.00,5.32,0.00,0.00,0.00,61.70
08:45:48,7,14.89,0.00,14.89,0.00,0.00,5.32,0.00,0.00,0.00,64.89
08:45:48,12,16.67,0.00,13.33,0.00,0.00,4.44,0.00,0.00,0.00,65.56
08:45:48,13,17.98,0.00,15.73,0.00,0.00,4.49,0.00,0.00,0.00,61.80
08:45:48,14,18.09,0.00,14.89,0.00,0.00,6.38,0.00,0.00,0.00,60.64
08:45:48,15,14.77,0.00,13.64,0.00,0.00,3.41,0.00,0.00,0.00,68.18
08:45:49,4,16.13,0.00,15.05,1.08,0.00,6.45,0.00,0.00,0.00,61.29
08:45:49,5,16.67,0.00,15.56,0.00,0.00,3.33,0.00,0.00,0.00,64.44
08:45:49,6,18.28,0.00,15.05,0.00,0.00,4.30,0.00,0.00,0.00,62.37
08:45:49,7,16.48,0.00,12.09,0.00,0.00,5.49,0.00,0.00,0.00,65.93
08:45:49,12,16.13,0.00,18.28,0.00,0.00,5.38,0.00,0.00,0.00,60.22
08:45:49,13,17.78,0.00,14.44,0.00,0.00,4.44,0.00,0.00,0.00,63.33
08:45:49,14,20.21,0.00,14.89,0.00,0.00,6.38,0.00,0.00,0.00,58.51
08:45:49,15,14.29,0.00,14.29,1.10,0.00,7.69,0.00,0.00,0.00,62.64
08:45:50,4,17.20,0.00,13.98,0.00,0.00,5.38,0.00,0.00,0.00,63.44
08:45:50,5,16.85,0.00,13.48,0.00,0.00,4.49,0.00,0.00,0.00,65.17
08:45:50,6,15.79,0.00,15.79,0.00,0.00,7.37,0.00,0.00,0.00,61.05
08:45:50,7,14.44,0.00,14.44,0.00,0.00,5.56,0.00,0.00,0.00,65.56
08:45:50,12,15.22,0.00,17.39,0.00,0.00,4.35,0.00,0.00,0.00,63.04
08:45:50,13,16.48,0.00,14.29,0.00,0.00,5.49,0.00,0.00,0.00,63.74
08:45:50,14,16.13,0.00,13.98,0.00,0.00,6.45,0.00,0.00,0.00,63.44
08:45:50,15,17.39,0.00,13.04,0.00,0.00,5.43,0.00,0.00,0.00,64.13
08:45:51,4,21.28,0.00,17.02,0.00,0.00,5.32,0.00,0.00,0.00,56.38
08:45:51,5,16.48,0.00,15.38,0.00,0.00,5.49,0.00,0.00,0.00,62.64
08:45:51,6,18.28,0.00,15.05,0.00,0.00,4.30,0.00,0.00,0.00,62.37
08:45:51,7,17.02,0.00,12.77,0.00,0.00,6.38,0.00,0.00,0.00,63.83
08:45:51,12,17.39,0.00,17.39,0.00,0.00,6.52,0.00,0.00,0.00,58.70
08:45:51,13,19.15,0.00,14.89,0.00,0.00,5.32,0.00,0.00,0.00,60.64
08:45:51,14,17.58,0.00,14.29,0.00,0.00,5.49,0.00,0.00,0.00,62.64
08:45:51,15,13.98,0.00,16.13,0.00,0.00,6.45,0.00,0.00,0.00,63.44
08:45:52,4,17.20,0.00,16.13,0.00,0.00,4.30,0.00,0.00,0.00,62.37
08:45:52,5,16.13,0.00,15.05,0.00,0.00,6.45,0.00,0.00,0.00,62.37
08:45:52,6,15.38,0.00,14.29,0.00,0.00,5.49,0.00,0.00,0.00,64.84
08:45:52,7,16.30,0.00,13.04,0.00,0.00,5.43,0.00,0.00,0.00,65.22
08:45:52,12,16.30,0.00,15.22,0.00,0.00,4.35,0.00,0.00,0.00,64.13
08:45:52,13,16.67,0.00,14.44,0.00,0.00,4.44,0.00,0.00,0.00,64.44
08:45:52,14,16.67,0.00,12.22,0.00,0.00,5.56,0.00,0.00,0.00,65.56
08:45:52,15,16.30,0.00,14.13,0.00,0.00,4.35,0.00,0.00,0.00,65.22
08:45:53,4,18.75,0.00,14.58,0.00,0.00,7.29,0.00,0.00,0.00,59.38
08:45:53,5,16.48,0.00,14.29,0.00,0.00,5.49,0.00,0.00,0.00,63.74
08:45:53,6,16.30,0.00,16.30,0.00,0.00,5.43,0.00,0.00,0.00,61.96
08:45:53,7,14.13,0.00,13.04,0.00,0.00,6.52,0.00,0.00,0.00,66.30
08:45:53,12,16.67,0.00,15.56,0.00,0.00,5.56,0.00,0.00,0.00,62.22
08:45:53,13,16.48,0.00,17.58,0.00,0.00,5.49,0.00,0.00,0.00,60.44
08:45:53,14,18.28,0.00,17.20,0.00,0.00,3.23,0.00,0.00,0.00,61.29
08:45:53,15,15.96,0.00,14.89,0.00,0.00,5.32,0.00,0.00,0.00,63.83
08:45:54,4,17.98,0.00,13.48,0.00,0.00,3.37,0.00,0.00,0.00,65.17
08:45:54,5,17.58,0.00,15.38,0.00,0.00,6.59,0.00,0.00,0.00,60.44
08:45:54,6,16.13,0.00,15.05,1.08,0.00,6.45,0.00,0.00,0.00,61.29
08:45:54,7,14.74,0.00,15.79,0.00,0.00,6.32,0.00,0.00,0.00,63.16
08:45:54,12,15.38,0.00,14.29,0.00,0.00,6.59,0.00,0.00,0.00,63.74
08:45:54,13,15.56,0.00,17.78,0.00,0.00,5.56,0.00,0.00,0.00,61.11
08:45:54,14,17.58,0.00,13.19,0.00,0.00,6.59,0.00,0.00,0.00,62.64
08:45:54,15,16.30,0.00,14.13,0.00,0.00,5.43,0.00,0.00,0.00,64.13
08:45:55,4,17.39,0.00,13.04,0.00,0.00,6.52,0.00,0.00,0.00,63.04
08:45:55,5,18.28,0.00,15.05,0.00,0.00,5.38,0.00,0.00,0.00,61.29
08:45:55,6,17.20,0.00,16.13,0.00,0.00,5.38,0.00,0.00,0.00,61.29
08:45:55,7,14.89,0.00,15.96,0.00,0.00,6.38,0.00,0.00,0.00,62.77
08:45:55,12,15.73,0.00,14.61,0.00,0.00,4.49,0.00,0.00,0.00,65.17
08:45:55,13,19.57,0.00,13.04,0.00,0.00,4.35,0.00,0.00,0.00,63.04
08:45:55,14,17.02,0.00,14.89,0.00,0.00,6.38,0.00,0.00,0.00,61.70
08:45:55,15,15.05,0.00,15.05,0.00,0.00,6.45,0.00,0.00,0.00,63.44
08:45:56,4,21.05,0.00,15.79,0.00,0.00,5.26,0.00,0.00,0.00,57.89
08:45:56,5,17.98,0.00,16.85,0.00,0.00,4.49,0.00,0.00,0.00,60.67
08:45:56,6,17.39,0.00,14.13,0.00,0.00,5.43,0.00,0.00,0.00,63.04
08:45:56,7,12.90,0.00,13.98,0.00,0.00,6.45,0.00,0.00,0.00,66.67
08:45:56,12,16.30,0.00,15.22,0.00,0.00,6.52,0.00,0.00,0.00,61.96
08:45:56,13,15.96,0.00,15.96,0.00,0.00,6.38,0.00,0.00,0.00,61.70
08:45:56,14,18.48,0.00,15.22,0.00,0.00,5.43,0.00,0.00,0.00,60.87
08:45:56,15,15.05,0.00,13.98,0.00,0.00,6.45,0.00,0.00,0.00,64.52
08:45:57,4,17.20,0.00,15.05,0.00,0.00,5.38,0.00,0.00,0.00,62.37
08:45:57,5,16.67,0.00,15.56,0.00,0.00,3.33,0.00,0.00,0.00,64.44
08:45:57,6,15.05,0.00,17.20,0.00,0.00,5.38,0.00,0.00,0.00,62.37
08:45:57,7,17.39,0.00,13.04,0.00,0.00,5.43,0.00,0.00,0.00,64.13
08:45:57,12,15.96,0.00,17.02,0.00,0.00,5.32,0.00,0.00,0.00,61.70
08:45:57,13,15.56,0.00,14.44,0.00,0.00,5.56,0.00,0.00,0.00,64.44
08:45:57,14,17.02,0.00,15.96,0.00,0.00,5.32,0.00,0.00,0.00,61.70
08:45:57,15,18.09,0.00,11.70,0.00,0.00,6.38,0.00,0.00,0.00,63.83
08:45:58,4,18.48,0.00,14.13,0.00,0.00,4.35,0.00,0.00,0.00,63.04
08:45:58,5,17.20,0.00,15.05,0.00,0.00,5.38,0.00,0.00,0.00,62.37
08:45:58,6,14.29,0.00,14.29,0.00,0.00,6.59,0.00,0.00,0.00,64.84
08:45:58,7,15.96,0.00,13.83,0.00,0.00,6.38,0.00,0.00,0.00,63.83
08:45:58,12,17.20,0.00,13.98,0.00,0.00,6.45,0.00,0.00,0.00,62.37
08:45:58,13,18.28,0.00,13.98,0.00,0.00,6.45,0.00,0.00,0.00,61.29
08:45:58,14,17.20,0.00,13.98,0.00,0.00,6.45,0.00,0.00,0.00,62.37
08:45:58,15,15.22,0.00,15.22,0.00,0.00,4.35,0.00,0.00,0.00,65.22
08:45:59,4,16.48,0.00,15.38,1.10,0.00,4.40,0.00,0.00,0.00,62.64
08:45:59,5,14.44,0.00,16.67,0.00,0.00,5.56,0.00,0.00,0.00,63.33
08:45:59,6,18.09,0.00,14.89,0.00,0.00,5.32,0.00,0.00,0.00,61.70
08:45:59,7,15.38,0.00,13.19,0.00,0.00,5.49,0.00,0.00,0.00,65.93
08:45:59,12,15.22,0.00,17.39,0.00,0.00,5.43,0.00,0.00,0.00,61.96
08:45:59,13,15.91,0.00,13.64,0.00,0.00,4.55,0.00,0.00,0.00,65.91
08:45:59,14,16.30,0.00,15.22,0.00,0.00,5.43,0.00,0.00,0.00,63.04
08:45:59,15,14.61,0.00,14.61,0.00,0.00,5.62,0.00,0.00,0.00,65.17
08:46:00,4,18.28,0.00,16.13,0.00,0.00,4.30,0.00,0.00,0.00,61.29
08:46:00,5,17.20,0.00,13.98,0.00,0.00,5.38,0.00,0.00,0.00,63.44
08:46:00,6,15.79,0.00,15.79,0.00,0.00,6.32,0.00,0.00,0.00,62.11
08:46:00,7,13.68,0.00,15.79,0.00,0.00,4.21,0.00,0.00,0.00,66.32
08:46:00,12,16.30,0.00,16.30,0.00,0.00,5.43,0.00,0.00,0.00,61.96
08:46:00,13,16.13,0.00,16.13,0.00,0.00,6.45,0.00,0.00,0.00,61.29
08:46:00,14,16.30,0.00,16.30,0.00,0.00,5.43,0.00,0.00,0.00,61.96
08:46:00,15,15.05,0.00,15.05,0.00,0.00,4.30,0.00,0.00,0.00,65.59
08:46:01,4,20.65,0.00,14.13,0.00,0.00,6.52,0.00,0.00,0.00,58.70
08:46:01,5,17.78,0.00,13.33,0.00,0.00,6.67,0.00,0.00,0.00,62.22
08:46:01,6,20.22,0.00,15.73,0.00,0.00,3.37,0.00,0.00,0.00,60.67
08:46:01,7,17.39,0.00,13.04,0.00,0.00,5.43,0.00,0.00,0.00,64.13
08:46:01,12,17.39,0.00,15.22,0.00,0.00,5.43,0.00,0.00,0.00,61.96
08:46:01,13,20.21,0.00,14.89,0.00,0.00,5.32,0.00,0.00,0.00,59.57
08:46:01,14,18.28,0.00,16.13,0.00,0.00,4.30,0.00,0.00,0.00,61.29
08:46:01,15,16.13,0.00,15.05,0.00,0.00,5.38,0.00,0.00,0.00,63.44
08:46:02,4,18.28,0.00,13.98,0.00,0.00,5.38,0.00,0.00,0.00,62.37
08:46:02,5,15.96,0.00,15.96,0.00,0.00,5.32,0.00,0.00,0.00,62.77
08:46:02,6,17.02,0.00,17.02,0.00,0.00,5.32,0.00,0.00,0.00,60.64
08:46:02,7,14.13,0.00,15.22,0.00,0.00,4.35,0.00,0.00,0.00,66.30
08:46:02,12,17.05,0.00,12.50,0.00,0.00,4.55,0.00,0.00,0.00,65.91
08:46:02,13,17.20,0.00,13.98,0.00,0.00,6.45,0.00,0.00,0.00,62.37
08:46:02,14,15.22,0.00,17.39,0.00,0.00,5.43,0.00,0.00,0.00,61.96
08:46:02,15,14.61,0.00,13.48,0.00,0.00,5.62,0.00,0.00,0.00,66.29
08:46:03,4,16.67,0.00,15.56,0.00,0.00,5.56,0.00,0.00,0.00,62.22
08:46:03,5,17.20,0.00,15.05,0.00,0.00,6.45,0.00,0.00,0.00,61.29
08:46:03,6,17.58,0.00,13.19,0.00,0.00,5.49,0.00,0.00,0.00,63.74
08:46:03,7,16.48,0.00,13.19,0.00,0.00,5.49,0.00,0.00,0.00,64.84
08:46:03,12,16.13,0.00,15.05,0.00,0.00,5.38,0.00,0.00,0.00,63.44
08:46:03,13,15.56,0.00,17.78,0.00,0.00,4.44,0.00,0.00,0.00,62.22
08:46:03,14,18.68,0.00,14.29,0.00,0.00,5.49,0.00,0.00,0.00,61.54
08:46:03,15,15.96,0.00,14.89,0.00,0.00,6.38,0.00,0.00,0.00,62.77
08:46:04,4,16.30,0.00,15.22,0.00,0.00,4.35,0.00,0.00,0.00,64.13
08:46:04,5,14.29,0.00,17.58,0.00,0.00,5.49,0.00,0.00,0.00,62.64
08:46:04,6,18.28,0.00,15.05,0.00,0.00,5.38,0.00,0.00,0.00,61.29
08:46:04,7,15.05,0.00,13.98,0.00,0.00,6.45,0.00,0.00,0.00,64.52
08:46:04,12,17.98,0.00,13.48,0.00,0.00,3.37,0.00,0.00,0.00,65.17
08:46:04,13,16.48,0.00,14.29,0.00,0.00,4.40,0.00,0.00,0.00,64.84
08:46:04,14,17.58,0.00,14.29,0.00,0.00,4.40,0.00,0.00,0.00,63.74
08:46:04,15,16.30,0.00,13.04,0.00,0.00,5.43,0.00,0.00,0.00,65.22
08:46:05,4,17.39,0.00,17.39,0.00,0.00,6.52,0.00,0.00,0.00,58.70
08:46:05,5,18.28,0.00,12.90,0.00,0.00,6.45,0.00,0.00,0.00,62.37
08:46:05,6,16.48,0.00,14.29,0.00,0.00,5.49,0.00,0.00,0.00,63.74
08:46:05,7,16.13,0.00,13.98,0.00,0.00,4.30,0.00,0.00,0.00,65.59
08:46:05,12,16.48,0.00,15.38,0.00,0.00,5.49,0.00,0.00,0.00,62.64
08:46:05,13,16.85,0.00,15.73,0.00,0.00,5.62,0.00,0.00,0.00,61.80
08:46:05,14,16.30,0.00,15.22,0.00,0.00,5.43,0.00,0.00,0.00,63.04
08:46:05,15,16.13,0.00,15.05,0.00,0.00,4.30,0.00,0.00,0.00,64.52
08:46:06,4,20.43,0.00,13.98,0.00,0.00,5.38,0.00,0.00,0.00,60.22
08:46:06,5,16.67,0.00,16.67,0.00,0.00,6.67,0.00,0.00,0.00,60.00
08:46:06,6,17.78,0.00,14.44,0.00,0.00,5.56,0.00,0.00,0.00,62.22
08:46:06,7,16.13,0.00,13.98,0.00,0.00,5.38,0.00,0.00,0.00,64.52
08:46:06,12,18.28,0.00,16.13,0.00,0.00,5.38,0.00,0.00,0.00,60.22
08:46:06,13,16.48,0.00,15.38,0.00,0.00,5.49,0.00,0.00,0.00,62.64
08:46:06,14,17.58,0.00,14.29,0.00,0.00,5.49,0.00,0.00,0.00,62.64
08:46:06,15,16.13,0.00,13.98,0.00,0.00,5.38,0.00,0.00,0.00,64.52
08:46:07,4,18.48,0.00,15.22,0.00,0.00,5.43,0.00,0.00,0.00,60.87
08:46:07,5,16.30,0.00,18.48,0.00,0.00,5.43,0.00,0.00,0.00,59.78
08:46:07,6,16.48,0.00,15.38,0.00,0.00,4.40,0.00,0.00,0.00,63.74
08:46:07,7,14.13,0.00,16.30,0.00,0.00,5.43,0.00,0.00,0.00,64.13
08:46:07,12,17.58,0.00,14.29,0.00,0.00,4.40,0.00,0.00,0.00,63.74
08:46:07,13,15.38,0.00,15.38,0.00,0.00,6.59,0.00,0.00,0.00,62.64
08:46:07,14,17.02,0.00,14.89,0.00,0.00,6.38,0.00,0.00,0.00,61.70
08:46:07,15,15.96,0.00,13.83,0.00,0.00,6.38,0.00,0.00,0.00,63.83
08:46:08,4,16.48,0.00,14.29,0.00,0.00,5.49,0.00,0.00,0.00,63.74
08:46:08,5,16.84,0.00,14.74,0.00,0.00,5.26,0.00,0.00,0.00,63.16
08:46:08,6,15.22,0.00,16.30,0.00,0.00,5.43,0.00,0.00,0.00,63.04
08:46:08,7,16.49,0.00,12.37,0.00,0.00,6.19,0.00,0.00,0.00,64.95
08:46:08,12,18.48,0.00,11.96,0.00,0.00,6.52,0.00,0.00,0.00,63.04
08:46:08,13,18.48,0.00,13.04,0.00,0.00,5.43,0.00,0.00,0.00,63.04
08:46:08,14,14.13,0.00,16.30,0.00,0.00,5.43,0.00,0.00,0.00,64.13
08:46:08,15,17.02,0.00,12.77,0.00,0.00,5.32,0.00,0.00,0.00,64.89
08:46:09,4,18.56,0.00,16.49,0.00,0.00,5.15,0.00,0.00,0.00,59.79
08:46:09,5,17.78,0.00,15.56,0.00,0.00,5.56,0.00,0.00,0.00,61.11
08:46:09,6,19.15,0.00,13.83,0.00,0.00,5.32,0.00,0.00,0.00,61.70
08:46:09,7,15.38,0.00,14.29,0.00,0.00,5.49,0.00,0.00,0.00,64.84
08:46:09,12,16.13,0.00,15.05,0.00,0.00,6.45,0.00,0.00,0.00,62.37
08:46:09,13,18.68,0.00,15.38,0.00,0.00,5.49,0.00,0.00,0.00,60.44
08:46:09,14,18.56,0.00,16.49,0.00,0.00,5.15,0.00,0.00,0.00,59.79
08:46:09,15,15.56,0.00,13.33,0.00,0.00,5.56,0.00,0.00,0.00,65.56
08:46:10,4,18.28,0.00,13.98,0.00,0.00,6.45,0.00,0.00,0.00,61.29
08:46:10,5,17.20,0.00,16.13,0.00,0.00,5.38,0.00,0.00,0.00,61.29
08:46:10,6,16.30,0.00,14.13,0.00,0.00,7.61,0.00,0.00,0.00,61.96
08:46:10,7,15.79,0.00,14.74,0.00,0.00,6.32,0.00,0.00,0.00,63.16
08:46:10,12,14.29,0.00,16.48,0.00,0.00,5.49,0.00,0.00,0.00,63.74
08:46:10,13,15.05,0.00,15.05,0.00,0.00,6.45,0.00,0.00,0.00,63.44
08:46:10,14,16.67,0.00,12.22,0.00,0.00,5.56,0.00,0.00,0.00,65.56
08:46:10,15,17.02,0.00,12.77,0.00,0.00,6.38,0.00,0.00,0.00,63.83
08:46:11,4,15.56,0.00,15.56,0.00,0.00,5.56,0.00,0.00,0.00,63.33
08:46:11,5,18.48,0.00,16.30,0.00,0.00,5.43,0.00,0.00,0.00,59.78
08:46:11,6,18.89,0.00,12.22,0.00,0.00,6.67,0.00,0.00,0.00,62.22
08:46:11,7,14.29,0.00,14.29,0.00,0.00,5.49,0.00,0.00,0.00,65.93
08:46:11,12,19.57,0.00,16.30,0.00,0.00,6.52,0.00,0.00,0.00,57.61
08:46:11,13,19.32,0.00,14.77,0.00,0.00,3.41,0.00,0.00,0.00,62.50
08:46:11,14,17.39,0.00,15.22,0.00,0.00,6.52,0.00,0.00,0.00,60.87
08:46:11,15,13.19,0.00,15.38,0.00,0.00,5.49,0.00,0.00,0.00,65.93
08:46:12,4,17.71,0.00,15.62,0.00,0.00,5.21,0.00,0.00,0.00,61.46
08:46:12,5,18.48,0.00,14.13,0.00,0.00,6.52,0.00,0.00,0.00,60.87
08:46:12,6,15.22,0.00,15.22,0.00,0.00,5.43,0.00,0.00,0.00,64.13
08:46:12,7,15.22,0.00,11.96,0.00,0.00,6.52,0.00,0.00,0.00,66.30
08:46:12,12,16.30,0.00,15.22,0.00,0.00,6.52,0.00,0.00,0.00,61.96
08:46:12,13,19.15,0.00,17.02,0.00,0.00,4.26,0.00,0.00,0.00,59.57
08:46:12,14,17.89,0.00,14.74,0.00,0.00,5.26,0.00,0.00,0.00,62.11
08:46:12,15,15.05,0.00,13.98,0.00,0.00,6.45,0.00,0.00,0.00,64.52
08:46:13,4,17.89,0.00,14.74,0.00,0.00,5.26,0.00,0.00,0.00,62.11
08:46:13,5,18.28,0.00,16.13,0.00,0.00,5.38,0.00,0.00,0.00,60.22
08:46:13,6,18.09,0.00,12.77,0.00,0.00,6.38,0.00,0.00,0.00,62.77
08:46:13,7,15.79,0.00,13.68,0.00,0.00,5.26,0.00,0.00,0.00,65.26
08:46:13,12,19.35,0.00,15.05,0.00,0.00,4.30,0.00,0.00,0.00,61.29
08:46:13,13,14.94,0.00,16.09,0.00,0.00,5.75,0.00,0.00,0.00,63.22
08:46:13,14,17.39,0.00,15.22,0.00,0.00,5.43,0.00,0.00,0.00,61.96
08:46:13,15,14.61,0.00,13.48,0.00,0.00,4.49,0.00,0.00,0.00,67.42
08:46:14,4,17.58,0.00,14.29,0.00,0.00,5.49,0.00,0.00,0.00,62.64
08:46:14,5,17.58,0.00,14.29,0.00,0.00,5.49,0.00,0.00,0.00,62.64
08:46:14,6,16.67,0.00,12.22,0.00,0.00,7.78,0.00,0.00,0.00,63.33
08:46:14,7,15.22,0.00,15.22,0.00,0.00,4.35,0.00,0.00,0.00,65.22
08:46:14,12,14.77,0.00,14.77,0.00,0.00,5.68,0.00,0.00,0.00,64.77
08:46:14,13,16.67,0.00,14.44,0.00,0.00,5.56,0.00,0.00,0.00,63.33
08:46:14,14,14.89,0.00,17.02,1.06,0.00,5.32,0.00,0.00,0.00,61.70
08:46:14,15,13.98,0.00,15.05,0.00,0.00,6.45,0.00,0.00,0.00,64.52
08:46:15,4,17.02,0.00,14.89,0.00,0.00,6.38,0.00,0.00,0.00,61.70
08:46:15,5,15.38,0.00,14.29,0.00,0.00,6.59,0.00,0.00,0.00,63.74
08:46:15,6,16.30,0.00,14.13,0.00,0.00,5.43,0.00,0.00,0.00,64.13
08:46:15,7,16.67,0.00,13.54,0.00,0.00,6.25,0.00,0.00,0.00,63.54
08:46:15,12,17.02,0.00,18.09,0.00,0.00,6.38,0.00,0.00,0.00,58.51
08:46:15,13,17.58,0.00,14.29,0.00,0.00,6.59,0.00,0.00,0.00,61.54
08:46:15,14,17.58,0.00,14.29,0.00,0.00,5.49,0.00,0.00,0.00,62.64
08:46:15,15,17.39,0.00,15.22,0.00,0.00,3.26,0.00,0.00,0.00,64.13
08:46:16,4,17.39,0.00,13.04,0.00,0.00,6.52,0.00,0.00,0.00,63.04
08:46:16,5,16.67,0.00,15.56,0.00,0.00,6.67,0.00,0.00,0.00,61.11
08:46:16,6,18.75,0.00,14.58,0.00,0.00,6.25,0.00,0.00,0.00,60.42
08:46:16,7,17.20,0.00,13.98,0.00,0.00,4.30,0.00,0.00,0.00,64.52
08:46:16,12,19.35,0.00,17.20,0.00,0.00,5.38,0.00,0.00,0.00,58.06
08:46:16,13,16.30,0.00,16.30,0.00,0.00,4.35,0.00,0.00,0.00,63.04
08:46:16,14,18.68,0.00,13.19,0.00,0.00,5.49,0.00,0.00,0.00,62.64
08:46:16,15,15.96,0.00,14.89,0.00,0.00,6.38,0.00,0.00,0.00,62.77
08:46:17,4,16.30,0.00,14.13,0.00,0.00,6.52,0.00,0.00,0.00,63.04
08:46:17,5,14.94,0.00,13.79,0.00,0.00,5.75,0.00,0.00,0.00,65.52
08:46:17,6,17.39,0.00,14.13,0.00,0.00,5.43,0.00,0.00,0.00,63.04
08:46:17,7,14.89,0.00,14.89,0.00,0.00,5.32,0.00,0.00,0.00,64.89
08:46:17,12,15.73,0.00,16.85,0.00,0.00,4.49,0.00,0.00,0.00,62.92
08:46:17,13,16.30,0.00,15.22,0.00,0.00,5.43,0.00,0.00,0.00,63.04
08:46:17,14,18.48,0.00,14.13,0.00,0.00,5.43,0.00,0.00,0.00,61.96
08:46:17,15,16.30,0.00,14.13,0.00,0.00,5.43,0.00,0.00,0.00,64.13
08:46:18,4,17.20,0.00,16.13,0.00,0.00,5.38,0.00,0.00,0.00,61.29
08:46:18,5,17.58,0.00,14.29,0.00,0.00,4.40,0.00,0.00,0.00,63.74
08:46:18,6,18.28,0.00,13.98,0.00,0.00,5.38,0.00,0.00,0.00,62.37
08:46:18,7,12.36,0.00,13.48,0.00,0.00,5.62,0.00,0.00,0.00,68.54
08:46:18,12,18.68,0.00,16.48,0.00,0.00,4.40,0.00,0.00,0.00,60.44
08:46:18,13,17.71,0.00,17.71,0.00,0.00,5.21,0.00,0.00,0.00,59.38
08:46:18,14,15.79,0.00,15.79,0.00,0.00,7.37,0.00,0.00,0.00,61.05
08:46:18,15,14.44,0.00,13.33,0.00,0.00,4.44,0.00,0.00,0.00,67.78
08:46:19,4,16.85,0.00,14.61,0.00,0.00,6.74,0.00,0.00,0.00,61.80
08:46:19,5,17.20,0.00,15.05,1.08,0.00,6.45,0.00,0.00,0.00,60.22
08:46:19,6,16.30,0.00,14.13,0.00,0.00,5.43,0.00,0.00,0.00,64.13
08:46:19,7,14.89,0.00,13.83,0.00,0.00,5.32,0.00,0.00,0.00,65.96
08:46:19,12,15.05,0.00,17.20,0.00,0.00,6.45,0.00,0.00,0.00,61.29
08:46:19,13,17.78,0.00,13.33,0.00,0.00,6.67,0.00,0.00,0.00,62.22
08:46:19,14,17.02,0.00,17.02,0.00,0.00,4.26,0.00,0.00,0.00,61.70
08:46:19,15,14.29,0.00,13.19,0.00,0.00,5.49,0.00,0.00,0.00,67.03
08:46:20,4,9.47,0.00,7.37,0.00,0.00,3.16,0.00,0.00,0.00,80.00
08:46:20,5,9.28,0.00,8.25,0.00,0.00,3.09,0.00,0.00,0.00,79.38
08:46:20,6,10.42,0.00,8.33,0.00,0.00,3.12,0.00,0.00,0.00,78.12
08:46:20,7,8.25,0.00,7.22,0.00,0.00,3.09,0.00,0.00,0.00,81.44
08:46:20,12,9.38,0.00,7.29,0.00,0.00,3.12,0.00,0.00,0.00,80.21
08:46:20,13,9.38,0.00,7.29,0.00,0.00,3.12,0.00,0.00,0.00,80.21
08:46:20,14,9.28,0.00,9.28,0.00,0.00,2.06,0.00,0.00,0.00,79.38
08:46:20,15,9.18,0.00,8.16,0.00,0.00,3.06,0.00,0.00,0.00,79.59
