20:09:51,CPU,%usr,%nice,%sys,%iowait,%irq,%soft,%steal,%guest,%gnice,%idle
20:09:52,4,16.30,0.00,10.87,0.00,0.00,2.17,0.00,0.00,0.00,70.65
20:09:52,5,20.43,0.00,9.68,0.00,0.00,3.23,0.00,0.00,0.00,66.67
20:09:52,6,9.68,0.00,10.75,1.08,0.00,3.23,0.00,0.00,0.00,75.27
20:09:52,7,10.64,0.00,9.57,0.00,0.00,2.13,0.00,0.00,0.00,77.66
20:09:52,12,13.40,0.00,10.31,0.00,0.00,2.06,0.00,0.00,0.00,74.23
20:09:52,13,10.00,0.00,8.89,2.22,0.00,2.22,0.00,0.00,0.00,76.67
20:09:52,14,10.64,0.00,7.45,0.00,0.00,2.13,0.00,0.00,0.00,79.79
20:09:52,15,10.53,0.00,8.42,0.00,0.00,2.11,0.00,0.00,0.00,78.95
20:09:53,4,21.74,0.00,18.48,0.00,0.00,4.35,0.00,0.00,0.00,55.43
20:09:53,5,21.98,0.00,17.58,0.00,0.00,4.40,0.00,0.00,0.00,56.04
20:09:53,6,18.39,0.00,18.39,0.00,0.00,5.75,0.00,0.00,0.00,57.47
20:09:53,7,18.82,0.00,17.65,0.00,0.00,4.71,0.00,0.00,0.00,58.82
20:09:53,12,19.32,0.00,18.18,0.00,0.00,5.68,0.00,0.00,0.00,56.82
20:09:53,13,24.18,0.00,16.48,0.00,0.00,4.40,0.00,0.00,0.00,54.95
20:09:53,14,21.35,0.00,17.98,0.00,0.00,4.49,0.00,0.00,0.00,56.18
20:09:53,15,22.73,0.00,15.91,0.00,0.00,4.55,0.00,0.00,0.00,56.82
20:09:54,4,24.44,0.00,17.78,0.00,0.00,4.44,0.00,0.00,0.00,53.33
20:09:54,5,23.60,0.00,16.85,0.00,0.00,4.49,0.00,0.00,0.00,55.06
20:09:54,6,22.99,0.00,16.09,1.15,0.00,4.60,0.00,0.00,0.00,55.17
20:09:54,7,20.22,0.00,16.85,0.00,0.00,5.62,0.00,0.00,0.00,57.30
20:09:54,12,22.99,0.00,16.09,0.00,0.00,4.60,0.00,0.00,0.00,56.32
20:09:54,13,22.09,0.00,17.44,0.00,0.00,3.49,0.00,0.00,0.00,56.98
20:09:54,14,21.59,0.00,15.91,0.00,0.00,5.68,0.00,0.00,0.00,56.82
20:09:54,15,19.10,0.00,17.98,0.00,0.00,4.49,0.00,0.00,0.00,58.43
20:09:55,4,20.69,0.00,13.79,0.00,0.00,6.90,0.00,0.00,0.00,58.62
20:09:55,5,22.47,0.00,14.61,0.00,0.00,4.49,0.00,0.00,0.00,58.43
20:09:55,6,19.32,0.00,17.05,0.00,0.00,5.68,0.00,0.00,0.00,57.95
20:09:55,7,21.35,0.00,15.73,0.00,0.00,5.62,0.00,0.00,0.00,57.30
20:09:55,12,20.24,0.00,15.48,0.00,0.00,4.76,0.00,0.00,0.00,59.52
20:09:55,13,21.35,0.00,15.73,0.00,0.00,5.62,0.00,0.00,0.00,57.30
20:09:55,14,20.93,0.00,15.12,0.00,0.00,4.65,0.00,0.00,0.00,59.30
20:09:55,15,19.54,0.00,17.24,0.00,0.00,4.60,0.00,0.00,0.00,58.62
20:09:56,4,21.35,0.00,16.85,0.00,0.00,5.62,0.00,0.00,0.00,56.18
20:09:56,5,23.08,0.00,16.48,0.00,0.00,5.49,0.00,0.00,0.00,54.95
20:09:56,6,21.59,0.00,17.05,0.00,0.00,4.55,0.00,0.00,0.00,56.82
20:09:56,7,20.88,0.00,17.58,0.00,0.00,5.49,0.00,0.00,0.00,56.04
20:09:56,12,23.33,0.00,16.67,0.00,0.00,4.44,0.00,0.00,0.00,55.56
20:09:56,13,22.22,0.00,17.78,0.00,0.00,4.44,0.00,0.00,0.00,55.56
20:09:56,14,21.35,0.00,17.98,0.00,0.00,4.49,0.00,0.00,0.00,56.18
20:09:56,15,22.99,0.00,13.79,0.00,0.00,5.75,0.00,0.00,0.00,57.47
20:09:57,4,21.84,0.00,17.24,0.00,0.00,4.60,0.00,0.00,0.00,56.32
20:09:57,5,21.59,0.00,15.91,0.00,0.00,5.68,0.00,0.00,0.00,56.82
20:09:57,6,20.88,0.00,17.58,0.00,0.00,5.49,0.00,0.00,0.00,56.04
20:09:57,7,21.35,0.00,15.73,0.00,0.00,5.62,0.00,0.00,0.00,57.30
20:09:57,12,18.39,0.00,18.39,0.00,0.00,4.60,0.00,0.00,0.00,58.62
20:09:57,13,20.93,0.00,15.12,0.00,0.00,5.81,0.00,0.00,0.00,58.14
20:09:57,14,20.93,0.00,16.28,0.00,0.00,4.65,0.00,0.00,0.00,58.14
20:09:57,15,20.88,0.00,16.48,0.00,0.00,6.59,0.00,0.00,0.00,56.04
20:09:58,4,21.59,0.00,17.05,0.00,0.00,4.55,0.00,0.00,0.00,56.82
20:09:58,5,20.00,0.00,18.89,0.00,0.00,5.56,0.00,0.00,0.00,55.56
20:09:58,6,20.00,0.00,17.78,0.00,0.00,5.56,0.00,0.00,0.00,56.67
20:09:58,7,20.22,0.00,16.85,0.00,0.00,4.49,0.00,0.00,0.00,58.43
20:09:58,12,20.22,0.00,16.85,0.00,0.00,6.74,0.00,0.00,0.00,56.18
20:09:58,13,21.35,0.00,16.85,0.00,0.00,5.62,0.00,0.00,0.00,56.18
20:09:58,14,20.93,0.00,16.28,0.00,0.00,3.49,0.00,0.00,0.00,59.30
20:09:58,15,21.35,0.00,16.85,0.00,0.00,3.37,0.00,0.00,0.00,58.43
20:09:59,4,24.44,0.00,17.78,0.00,0.00,3.33,0.00,0.00,0.00,54.44
20:09:59,5,20.88,0.00,17.58,0.00,0.00,4.40,0.00,0.00,0.00,57.14
20:09:59,6,20.22,0.00,16.85,1.12,0.00,4.49,0.00,0.00,0.00,57.30
20:09:59,7,20.88,0.00,15.38,0.00,0.00,5.49,0.00,0.00,0.00,58.24
20:09:59,12,20.45,0.00,15.91,0.00,0.00,5.68,0.00,0.00,0.00,57.95
20:09:59,13,19.32,0.00,18.18,1.14,0.00,5.68,0.00,0.00,0.00,55.68
20:09:59,14,21.11,0.00,16.67,0.00,0.00,5.56,0.00,0.00,0.00,56.67
20:09:59,15,21.98,0.00,15.38,0.00,0.00,4.40,0.00,0.00,0.00,58.24
20:10:00,4,20.88,0.00,18.68,0.00,0.00,5.49,0.00,0.00,0.00,54.95
20:10:00,5,21.84,0.00,20.69,0.00,0.00,3.45,0.00,0.00,0.00,54.02
20:10:00,6,22.99,0.00,16.09,0.00,0.00,4.60,0.00,0.00,0.00,56.32
20:10:00,7,19.32,0.00,18.18,0.00,0.00,6.82,0.00,0.00,0.00,55.68
20:10:00,12,19.57,0.00,23.91,0.00,0.00,6.52,0.00,0.00,0.00,50.00
20:10:00,13,23.08,0.00,18.68,2.20,0.00,4.40,0.00,0.00,0.00,51.65
20:10:00,14,20.22,0.00,19.10,0.00,0.00,5.62,0.00,0.00,0.00,55.06
20:10:00,15,21.98,0.00,17.58,0.00,0.00,5.49,0.00,0.00,0.00,54.95
20:10:01,4,21.35,0.00,16.85,0.00,0.00,4.49,0.00,0.00,0.00,57.30
20:10:01,5,20.00,0.00,17.78,0.00,0.00,4.44,0.00,0.00,0.00,57.78
20:10:01,6,23.08,0.00,18.68,0.00,0.00,3.30,0.00,0.00,0.00,54.95
20:10:01,7,21.11,0.00,15.56,0.00,0.00,4.44,0.00,0.00,0.00,58.89
20:10:01,12,21.11,0.00,16.67,0.00,0.00,4.44,0.00,0.00,0.00,57.78
20:10:01,13,21.11,0.00,17.78,0.00,0.00,4.44,0.00,0.00,0.00,56.67
20:10:01,14,20.45,0.00,15.91,0.00,0.00,5.68,0.00,0.00,0.00,57.95
20:10:01,15,20.93,0.00,15.12,0.00,0.00,4.65,0.00,0.00,0.00,59.30
20:10:02,4,20.45,0.00,15.91,0.00,0.00,4.55,0.00,0.00,0.00,59.09
20:10:02,5,22.47,0.00,15.73,0.00,0.00,5.62,0.00,0.00,0.00,56.18
20:10:02,6,20.45,0.00,18.18,0.00,0.00,4.55,0.00,0.00,0.00,56.82
20:10:02,7,20.88,0.00,16.48,0.00,0.00,5.49,0.00,0.00,0.00,57.14
20:10:02,12,21.98,0.00,16.48,0.00,0.00,5.49,0.00,0.00,0.00,56.04
20:10:02,13,21.35,0.00,16.85,0.00,0.00,4.49,0.00,0.00,0.00,57.30
20:10:02,14,21.59,0.00,14.77,0.00,0.00,4.55,0.00,0.00,0.00,59.09
20:10:02,15,20.88,0.00,16.48,0.00,0.00,5.49,0.00,0.00,0.00,57.14
20:10:03,4,21.35,0.00,16.85,0.00,0.00,4.49,0.00,0.00,0.00,57.30
20:10:03,5,20.00,0.00,17.78,0.00,0.00,5.56,0.00,0.00,0.00,56.67
20:10:03,6,20.65,0.00,17.39,0.00,0.00,5.43,0.00,0.00,0.00,56.52
20:10:03,7,19.10,0.00,16.85,0.00,0.00,5.62,0.00,0.00,0.00,58.43
20:10:03,12,21.84,0.00,14.94,0.00,0.00,4.60,0.00,0.00,0.00,58.62
20:10:03,13,20.45,0.00,19.32,0.00,0.00,4.55,0.00,0.00,0.00,55.68
20:10:03,14,23.08,0.00,17.58,0.00,0.00,4.40,0.00,0.00,0.00,54.95
20:10:03,15,19.54,0.00,16.09,0.00,0.00,4.60,0.00,0.00,0.00,59.77
20:10:04,4,24.47,0.00,18.09,1.06,0.00,4.26,0.00,0.00,0.00,52.13
20:10:04,5,21.59,0.00,18.18,1.14,0.00,4.55,0.00,0.00,0.00,54.55
20:10:04,6,23.33,0.00,16.67,0.00,0.00,5.56,0.00,0.00,0.00,54.44
20:10:04,7,22.47,0.00,16.85,0.00,0.00,3.37,0.00,0.00,0.00,57.30
20:10:04,12,21.74,0.00,19.57,0.00,0.00,5.43,0.00,0.00,0.00,53.26
20:10:04,13,21.59,0.00,19.32,0.00,0.00,5.68,0.00,0.00,0.00,53.41
20:10:04,14,25.00,0.00,18.18,0.00,0.00,3.41,0.00,0.00,0.00,53.41
20:10:04,15,21.35,0.00,16.85,0.00,0.00,5.62,0.00,0.00,0.00,56.18
20:10:05,4,20.45,0.00,17.05,0.00,0.00,5.68,0.00,0.00,0.00,56.82
20:10:05,5,21.59,0.00,15.91,0.00,0.00,5.68,0.00,0.00,0.00,56.82
20:10:05,6,21.35,0.00,16.85,0.00,0.00,5.62,0.00,0.00,0.00,56.18
20:10:05,7,22.73,0.00,14.77,0.00,0.00,4.55,0.00,0.00,0.00,57.95
20:10:05,12,20.69,0.00,16.09,0.00,0.00,4.60,0.00,0.00,0.00,58.62
20:10:05,13,21.59,0.00,15.91,0.00,0.00,5.68,0.00,0.00,0.00,56.82
20:10:05,14,22.47,0.00,16.85,0.00,0.00,4.49,0.00,0.00,0.00,56.18
20:10:05,15,20.69,0.00,16.09,1.15,0.00,4.60,0.00,0.00,0.00,57.47
20:10:06,4,19.32,0.00,19.32,0.00,0.00,4.55,0.00,0.00,0.00,56.82
20:10:06,5,23.91,0.00,16.30,0.00,0.00,6.52,0.00,0.00,0.00,53.26
20:10:06,6,21.74,0.00,18.48,0.00,0.00,4.35,0.00,0.00,0.00,55.43
20:10:06,7,20.65,0.00,16.30,0.00,0.00,6.52,0.00,0.00,0.00,56.52
20:10:06,12,21.35,0.00,16.85,0.00,0.00,6.74,0.00,0.00,0.00,55.06
20:10:06,13,23.33,0.00,16.67,0.00,0.00,4.44,0.00,0.00,0.00,55.56
20:10:06,14,20.93,0.00,16.28,0.00,0.00,5.81,0.00,0.00,0.00,56.98
20:10:06,15,19.54,0.00,14.94,0.00,0.00,5.75,0.00,0.00,0.00,59.77
20:10:07,4,20.22,0.00,17.98,0.00,0.00,5.62,0.00,0.00,0.00,56.18
20:10:07,5,21.84,0.00,17.24,0.00,0.00,4.60,0.00,0.00,0.00,56.32
20:10:07,6,20.69,0.00,16.09,0.00,0.00,4.60,0.00,0.00,0.00,58.62
20:10:07,7,20.69,0.00,16.09,0.00,0.00,4.60,0.00,0.00,0.00,58.62
20:10:07,12,20.00,0.00,17.78,0.00,0.00,5.56,0.00,0.00,0.00,56.67
20:10:07,13,23.33,0.00,15.56,0.00,0.00,4.44,0.00,0.00,0.00,56.67
20:10:07,14,22.83,0.00,18.48,0.00,0.00,4.35,0.00,0.00,0.00,54.35
20:10:07,15,21.84,0.00,16.09,0.00,0.00,3.45,0.00,0.00,0.00,58.62
20:10:08,4,20.45,0.00,17.05,0.00,0.00,4.55,0.00,0.00,0.00,57.95
20:10:08,5,22.22,0.00,16.67,0.00,0.00,4.44,0.00,0.00,0.00,56.67
20:10:08,6,24.18,0.00,16.48,0.00,0.00,5.49,0.00,0.00,0.00,53.85
20:10:08,7,21.98,0.00,15.38,0.00,0.00,5.49,0.00,0.00,0.00,57.14
20:10:08,12,23.08,0.00,15.38,0.00,0.00,5.49,0.00,0.00,0.00,56.04
20:10:08,13,23.86,0.00,14.77,0.00,0.00,4.55,0.00,0.00,0.00,56.82
20:10:08,14,21.98,0.00,16.48,0.00,0.00,6.59,0.00,0.00,0.00,54.95
20:10:08,15,20.45,0.00,15.91,0.00,0.00,5.68,0.00,0.00,0.00,57.95
20:10:09,4,20.69,0.00,19.54,0.00,0.00,5.75,0.00,0.00,0.00,54.02
20:10:09,5,20.45,0.00,19.32,0.00,0.00,6.82,0.00,0.00,0.00,53.41
20:10:09,6,21.35,0.00,17.98,0.00,0.00,4.49,0.00,0.00,0.00,56.18
20:10:09,7,19.10,0.00,17.98,0.00,0.00,6.74,0.00,0.00,0.00,56.18
20:10:09,12,23.60,0.00,19.10,0.00,0.00,4.49,0.00,0.00,0.00,52.81
20:10:09,13,25.27,0.00,20.88,0.00,0.00,3.30,0.00,0.00,0.00,50.55
20:10:09,14,23.86,0.00,14.77,0.00,0.00,6.82,0.00,0.00,0.00,54.55
20:10:09,15,22.22,0.00,17.78,0.00,0.00,4.44,0.00,0.00,0.00,55.56
20:10:10,4,19.54,0.00,17.24,0.00,0.00,4.60,0.00,0.00,0.00,58.62
20:10:10,5,21.59,0.00,15.91,0.00,0.00,4.55,0.00,0.00,0.00,57.95
20:10:10,6,20.45,0.00,18.18,0.00,0.00,4.55,0.00,0.00,0.00,56.82
20:10:10,7,20.65,0.00,18.48,0.00,0.00,6.52,0.00,0.00,0.00,54.35
20:10:10,12,20.69,0.00,16.09,0.00,0.00,4.60,0.00,0.00,0.00,58.62
20:10:10,13,22.09,0.00,15.12,0.00,0.00,5.81,0.00,0.00,0.00,56.98
20:10:10,14,21.11,0.00,16.67,0.00,0.00,6.67,0.00,0.00,0.00,55.56
20:10:10,15,21.59,0.00,14.77,0.00,0.00,6.82,0.00,0.00,0.00,56.82
20:10:11,4,22.47,0.00,15.73,0.00,0.00,5.62,0.00,0.00,0.00,56.18
20:10:11,5,18.39,0.00,19.54,0.00,0.00,4.60,0.00,0.00,0.00,57.47
20:10:11,6,20.88,0.00,16.48,0.00,0.00,5.49,0.00,0.00,0.00,57.14
20:10:11,7,22.47,0.00,15.73,0.00,0.00,4.49,0.00,0.00,0.00,57.30
20:10:11,12,21.11,0.00,17.78,0.00,0.00,4.44,0.00,0.00,0.00,56.67
20:10:11,13,20.00,0.00,18.89,0.00,0.00,5.56,0.00,0.00,0.00,55.56
20:10:11,14,20.69,0.00,16.09,0.00,0.00,4.60,0.00,0.00,0.00,58.62
20:10:11,15,20.22,0.00,17.98,0.00,0.00,5.62,0.00,0.00,0.00,56.18
20:10:12,4,21.59,0.00,17.05,0.00,0.00,3.41,0.00,0.00,0.00,57.95
20:10:12,5,21.98,0.00,17.58,0.00,0.00,5.49,0.00,0.00,0.00,54.95
20:10:12,6,22.47,0.00,17.98,0.00,0.00,3.37,0.00,0.00,0.00,56.18
20:10:12,7,19.10,0.00,17.98,0.00,0.00,5.62,0.00,0.00,0.00,57.30
20:10:12,12,22.35,0.00,14.12,0.00,0.00,4.71,0.00,0.00,0.00,58.82
20:10:12,13,22.73,0.00,17.05,0.00,0.00,3.41,0.00,0.00,0.00,56.82
20:10:12,14,21.59,0.00,17.05,0.00,0.00,5.68,0.00,0.00,0.00,55.68
20:10:12,15,21.59,0.00,15.91,0.00,0.00,4.55,0.00,0.00,0.00,57.95
20:10:13,4,21.35,0.00,17.98,0.00,0.00,4.49,0.00,0.00,0.00,56.18
20:10:13,5,20.24,0.00,16.67,0.00,0.00,4.76,0.00,0.00,0.00,58.33
20:10:13,6,19.32,0.00,17.05,0.00,0.00,5.68,0.00,0.00,0.00,57.95
20:10:13,7,19.10,0.00,17.98,0.00,0.00,5.62,0.00,0.00,0.00,57.30
20:10:13,12,20.43,0.00,19.35,0.00,0.00,6.45,0.00,0.00,0.00,53.76
20:10:13,13,22.22,0.00,16.67,0.00,0.00,5.56,0.00,0.00,0.00,55.56
20:10:13,14,22.47,0.00,15.73,0.00,0.00,4.49,0.00,0.00,0.00,57.30
20:10:13,15,20.00,0.00,15.29,0.00,0.00,4.71,0.00,0.00,0.00,60.00
20:10:14,4,22.22,0.00,18.89,0.00,0.00,5.56,0.00,0.00,0.00,53.33
20:10:14,5,23.08,0.00,17.58,0.00,0.00,5.49,0.00,0.00,0.00,53.85
20:10:14,6,24.14,0.00,16.09,0.00,0.00,4.60,0.00,0.00,0.00,55.17
20:10:14,7,22.22,0.00,15.56,0.00,0.00,6.67,0.00,0.00,0.00,55.56
20:10:14,12,23.66,0.00,17.20,1.08,0.00,5.38,0.00,0.00,0.00,52.69
20:10:14,13,28.89,0.00,15.56,0.00,0.00,4.44,0.00,0.00,0.00,51.11
20:10:14,14,20.69,0.00,18.39,0.00,0.00,5.75,0.00,0.00,0.00,55.17
20:10:14,15,23.86,0.00,15.91,0.00,0.00,4.55,0.00,0.00,0.00,55.68
20:10:15,4,23.33,0.00,15.56,0.00,0.00,5.56,0.00,0.00,0.00,55.56
20:10:15,5,21.35,0.00,17.98,0.00,0.00,4.49,0.00,0.00,0.00,56.18
20:10:15,6,18.18,0.00,15.91,0.00,0.00,7.95,0.00,0.00,0.00,57.95
20:10:15,7,20.00,0.00,17.78,0.00,0.00,5.56,0.00,0.00,0.00,56.67
20:10:15,12,23.86,0.00,14.77,0.00,0.00,4.55,0.00,0.00,0.00,56.82
20:10:15,13,23.86,0.00,15.91,0.00,0.00,4.55,0.00,0.00,0.00,55.68
20:10:15,14,20.93,0.00,16.28,1.16,0.00,4.65,0.00,0.00,0.00,56.98
20:10:15,15,19.32,0.00,18.18,0.00,0.00,5.68,0.00,0.00,0.00,56.82
20:10:16,4,21.35,0.00,16.85,0.00,0.00,4.49,0.00,0.00,0.00,57.30
20:10:16,5,21.51,0.00,18.28,0.00,0.00,5.38,0.00,0.00,0.00,54.84
20:10:16,6,20.93,0.00,16.28,0.00,0.00,4.65,0.00,0.00,0.00,58.14
20:10:16,7,19.32,0.00,17.05,0.00,0.00,4.55,0.00,0.00,0.00,59.09
20:10:16,12,21.11,0.00,17.78,0.00,0.00,4.44,0.00,0.00,0.00,56.67
20:10:16,13,21.84,0.00,16.09,0.00,0.00,4.60,0.00,0.00,0.00,57.47
20:10:16,14,23.33,0.00,15.56,0.00,0.00,5.56,0.00,0.00,0.00,55.56
20:10:16,15,19.32,0.00,15.91,0.00,0.00,6.82,0.00,0.00,0.00,57.95
20:10:17,4,22.73,0.00,14.77,0.00,0.00,4.55,0.00,0.00,0.00,57.95
20:10:17,5,21.35,0.00,16.85,0.00,0.00,4.49,0.00,0.00,0.00,57.30
20:10:17,6,21.98,0.00,17.58,0.00,0.00,5.49,0.00,0.00,0.00,54.95
20:10:17,7,22.99,0.00,13.79,0.00,0.00,5.75,0.00,0.00,0.00,57.47
20:10:17,12,22.73,0.00,15.91,0.00,0.00,4.55,0.00,0.00,0.00,56.82
20:10:17,13,21.59,0.00,17.05,0.00,0.00,4.55,0.00,0.00,0.00,56.82
20:10:17,14,23.86,0.00,14.77,0.00,0.00,4.55,0.00,0.00,0.00,56.82
20:10:17,15,23.60,0.00,14.61,0.00,0.00,4.49,0.00,0.00,0.00,57.30
20:10:18,4,21.59,0.00,14.77,0.00,0.00,5.68,0.00,0.00,0.00,57.95
20:10:18,5,20.00,0.00,15.29,0.00,0.00,4.71,0.00,0.00,0.00,60.00
20:10:18,6,21.84,0.00,17.24,0.00,0.00,3.45,0.00,0.00,0.00,57.47
20:10:18,7,21.59,0.00,15.91,0.00,0.00,4.55,0.00,0.00,0.00,57.95
20:10:18,12,19.10,0.00,16.85,0.00,0.00,6.74,0.00,0.00,0.00,57.30
20:10:18,13,21.98,0.00,17.58,0.00,0.00,5.49,0.00,0.00,0.00,54.95
20:10:18,14,20.45,0.00,17.05,0.00,0.00,4.55,0.00,0.00,0.00,57.95
20:10:18,15,18.60,0.00,17.44,0.00,0.00,4.65,0.00,0.00,0.00,59.30
20:10:19,4,23.91,0.00,18.48,0.00,0.00,5.43,0.00,0.00,0.00,52.17
20:10:19,5,23.53,0.00,17.65,0.00,0.00,4.71,0.00,0.00,0.00,54.12
20:10:19,6,20.88,0.00,18.68,0.00,0.00,5.49,0.00,0.00,0.00,54.95
20:10:19,7,23.66,0.00,18.28,0.00,0.00,4.30,0.00,0.00,0.00,53.76
20:10:19,12,22.73,0.00,18.18,1.14,0.00,4.55,0.00,0.00,0.00,53.41
20:10:19,13,24.72,0.00,19.10,0.00,0.00,4.49,0.00,0.00,0.00,51.69
20:10:19,14,21.59,0.00,19.32,0.00,0.00,3.41,0.00,0.00,0.00,55.68
20:10:19,15,22.22,0.00,17.78,0.00,0.00,5.56,0.00,0.00,0.00,54.44
20:10:20,4,21.11,0.00,17.78,1.11,0.00,4.44,0.00,0.00,0.00,55.56
20:10:20,5,20.22,0.00,17.98,0.00,0.00,5.62,0.00,0.00,0.00,56.18
20:10:20,6,22.22,0.00,17.78,0.00,0.00,4.44,0.00,0.00,0.00,55.56
20:10:20,7,20.22,0.00,16.85,0.00,0.00,5.62,0.00,0.00,0.00,57.30
20:10:20,12,20.45,0.00,17.05,0.00,0.00,5.68,0.00,0.00,0.00,56.82
20:10:20,13,21.35,0.00,17.98,0.00,0.00,4.49,0.00,0.00,0.00,56.18
20:10:20,14,22.73,0.00,15.91,0.00,0.00,4.55,0.00,0.00,0.00,56.82
20:10:20,15,23.60,0.00,14.61,0.00,0.00,4.49,0.00,0.00,0.00,57.30
20:10:21,4,22.35,0.00,14.12,0.00,0.00,4.71,0.00,0.00,0.00,58.82
20:10:21,5,21.11,0.00,17.78,0.00,0.00,5.56,0.00,0.00,0.00,55.56
20:10:21,6,20.22,0.00,17.98,0.00,0.00,4.49,0.00,0.00,0.00,57.30
20:10:21,7,22.73,0.00,14.77,0.00,0.00,4.55,0.00,0.00,0.00,57.95
20:10:21,12,21.98,0.00,17.58,0.00,0.00,5.49,0.00,0.00,0.00,54.95
20:10:21,13,22.35,0.00,15.29,0.00,0.00,3.53,0.00,0.00,0.00,58.82
20:10:21,14,22.47,0.00,15.73,0.00,0.00,5.62,0.00,0.00,0.00,56.18
20:10:21,15,19.77,0.00,15.12,0.00,0.00,5.81,0.00,0.00,0.00,59.30
20:10:22,4,21.98,0.00,17.58,0.00,0.00,5.49,0.00,0.00,0.00,54.95
20:10:22,5,19.54,0.00,16.09,0.00,0.00,5.75,0.00,0.00,0.00,58.62
20:10:22,6,19.77,0.00,16.28,0.00,0.00,4.65,0.00,0.00,0.00,59.30
20:10:22,7,21.11,0.00,15.56,0.00,0.00,5.56,0.00,0.00,0.00,57.78
20:10:22,12,21.74,0.00,17.39,0.00,0.00,4.35,0.00,0.00,0.00,56.52
20:10:22,13,21.98,0.00,16.48,0.00,0.00,5.49,0.00,0.00,0.00,56.04
20:10:22,14,20.88,0.00,17.58,0.00,0.00,5.49,0.00,0.00,0.00,56.04
20:10:22,15,22.47,0.00,15.73,0.00,0.00,4.49,0.00,0.00,0.00,57.30
20:10:23,4,20.69,0.00,16.09,0.00,0.00,4.60,0.00,0.00,0.00,58.62
20:10:23,5,21.59,0.00,17.05,0.00,0.00,4.55,0.00,0.00,0.00,56.82
20:10:23,6,19.10,0.00,19.10,0.00,0.00,5.62,0.00,0.00,0.00,56.18
20:10:23,7,18.60,0.00,15.12,0.00,0.00,5.81,0.00,0.00,0.00,60.47
20:10:23,12,22.47,0.00,16.85,0.00,0.00,5.62,0.00,0.00,0.00,55.06
20:10:23,13,22.22,0.00,16.67,0.00,0.00,5.56,0.00,0.00,0.00,55.56
20:10:23,14,20.45,0.00,17.05,0.00,0.00,4.55,0.00,0.00,0.00,57.95
20:10:23,15,21.11,0.00,16.67,0.00,0.00,4.44,0.00,0.00,0.00,57.78
20:10:24,4,23.60,0.00,15.73,1.12,0.00,5.62,0.00,0.00,0.00,53.93
20:10:24,5,20.00,0.00,18.82,0.00,0.00,4.71,0.00,0.00,0.00,56.47
20:10:24,6,22.73,0.00,17.05,0.00,0.00,5.68,0.00,0.00,0.00,54.55
20:10:24,7,22.47,0.00,17.98,0.00,0.00,4.49,0.00,0.00,0.00,55.06
20:10:24,12,23.60,0.00,17.98,0.00,0.00,4.49,0.00,0.00,0.00,53.93
20:10:24,13,21.59,0.00,19.32,0.00,0.00,4.55,0.00,0.00,0.00,54.55
20:10:24,14,21.84,0.00,16.09,0.00,0.00,5.75,0.00,0.00,0.00,56.32
20:10:24,15,24.14,0.00,16.09,0.00,0.00,3.45,0.00,0.00,0.00,56.32
20:10:25,4,21.35,0.00,17.98,0.00,0.00,4.49,0.00,0.00,0.00,56.18
20:10:25,5,21.59,0.00,18.18,0.00,0.00,4.55,0.00,0.00,0.00,55.68
20:10:25,6,20.45,0.00,17.05,0.00,0.00,5.68,0.00,0.00,0.00,56.82
20:10:25,7,19.32,0.00,17.05,0.00,0.00,5.68,0.00,0.00,0.00,57.95
20:10:25,12,22.99,0.00,16.09,0.00,0.00,4.60,0.00,0.00,0.00,56.32
20:10:25,13,22.35,0.00,15.29,0.00,0.00,4.71,0.00,0.00,0.00,57.65
20:10:25,14,21.98,0.00,18.68,0.00,0.00,4.40,0.00,0.00,0.00,54.95
20:10:25,15,21.84,0.00,16.09,0.00,0.00,4.60,0.00,0.00,0.00,57.47
20:10:26,4,20.22,0.00,17.98,0.00,0.00,5.62,0.00,0.00,0.00,56.18
20:10:26,5,20.45,0.00,18.18,0.00,0.00,4.55,0.00,0.00,0.00,56.82
20:10:26,6,21.74,0.00,17.39,0.00,0.00,5.43,0.00,0.00,0.00,55.43
20:10:26,7,19.10,0.00,16.85,0.00,0.00,5.62,0.00,0.00,0.00,58.43
20:10:26,12,21.11,0.00,16.67,0.00,0.00,5.56,0.00,0.00,0.00,56.67
20:10:26,13,21.98,0.00,17.58,0.00,0.00,5.49,0.00,0.00,0.00,54.95
20:10:26,14,23.26,0.00,15.12,0.00,0.00,4.65,0.00,0.00,0.00,56.98
20:10:26,15,22.09,0.00,12.79,0.00,0.00,4.65,0.00,0.00,0.00,60.47
20:10:27,4,19.32,0.00,17.05,0.00,0.00,5.68,0.00,0.00,0.00,57.95
20:10:27,5,21.59,0.00,15.91,0.00,0.00,4.55,0.00,0.00,0.00,57.95
20:10:27,6,20.45,0.00,15.91,0.00,0.00,4.55,0.00,0.00,0.00,59.09
20:10:27,7,20.22,0.00,16.85,0.00,0.00,4.49,0.00,0.00,0.00,58.43
20:10:27,12,21.35,0.00,16.85,0.00,0.00,4.49,0.00,0.00,0.00,57.30
20:10:27,13,22.73,0.00,13.64,0.00,0.00,5.68,0.00,0.00,0.00,57.95
20:10:27,14,21.98,0.00,16.48,0.00,0.00,5.49,0.00,0.00,0.00,56.04
20:10:27,15,19.78,0.00,17.58,0.00,0.00,5.49,0.00,0.00,0.00,57.14
20:10:28,4,21.98,0.00,17.58,0.00,0.00,4.40,0.00,0.00,0.00,56.04
20:10:28,5,20.45,0.00,15.91,0.00,0.00,5.68,0.00,0.00,0.00,57.95
20:10:28,6,20.22,0.00,15.73,0.00,0.00,6.74,0.00,0.00,0.00,57.30
20:10:28,7,21.35,0.00,15.73,0.00,0.00,5.62,0.00,0.00,0.00,57.30
20:10:28,12,22.22,0.00,15.56,0.00,0.00,5.56,0.00,0.00,0.00,56.67
20:10:28,13,21.11,0.00,17.78,0.00,0.00,5.56,0.00,0.00,0.00,55.56
20:10:28,14,21.84,0.00,14.94,0.00,0.00,4.60,0.00,0.00,0.00,58.62
20:10:28,15,21.35,0.00,16.85,0.00,0.00,4.49,0.00,0.00,0.00,57.30
20:10:29,4,21.35,0.00,19.10,0.00,0.00,5.62,0.00,0.00,0.00,53.93
20:10:29,5,20.22,0.00,19.10,0.00,0.00,4.49,0.00,0.00,0.00,56.18
20:10:29,6,21.59,0.00,17.05,0.00,0.00,4.55,0.00,0.00,0.00,56.82
20:10:29,7,22.22,0.00,17.78,0.00,0.00,4.44,0.00,0.00,0.00,55.56
20:10:29,12,21.59,0.00,19.32,0.00,0.00,3.41,0.00,0.00,0.00,55.68
20:10:29,13,21.84,0.00,18.39,0.00,0.00,4.60,0.00,0.00,0.00,55.17
20:10:29,14,22.99,0.00,16.09,0.00,0.00,5.75,0.00,0.00,0.00,55.17
20:10:29,15,20.45,0.00,18.18,0.00,0.00,4.55,0.00,0.00,0.00,56.82
20:10:30,4,21.35,0.00,17.98,0.00,0.00,4.49,0.00,0.00,0.00,56.18
20:10:30,5,22.22,0.00,16.67,0.00,0.00,5.56,0.00,0.00,0.00,55.56
20:10:30,6,22.47,0.00,16.85,0.00,0.00,4.49,0.00,0.00,0.00,56.18
20:10:30,7,21.11,0.00,16.67,0.00,0.00,5.56,0.00,0.00,0.00,56.67
20:10:30,12,20.88,0.00,18.68,1.10,0.00,4.40,0.00,0.00,0.00,54.95
20:10:30,13,22.22,0.00,16.67,0.00,0.00,5.56,0.00,0.00,0.00,55.56
20:10:30,14,18.60,0.00,17.44,0.00,0.00,4.65,0.00,0.00,0.00,59.30
20:10:30,15,21.59,0.00,15.91,0.00,0.00,4.55,0.00,0.00,0.00,57.95
20:10:31,4,21.51,0.00,19.35,0.00,0.00,5.38,0.00,0.00,0.00,53.76
20:10:31,5,21.98,0.00,16.48,0.00,0.00,5.49,0.00,0.00,0.00,56.04
20:10:31,6,21.98,0.00,17.58,0.00,0.00,4.40,0.00,0.00,0.00,56.04
20:10:31,7,19.57,0.00,18.48,0.00,0.00,5.43,0.00,0.00,0.00,56.52
20:10:31,12,21.98,0.00,16.48,0.00,0.00,5.49,0.00,0.00,0.00,56.04
20:10:31,13,19.05,0.00,14.29,0.00,0.00,4.76,0.00,0.00,0.00,61.90
20:10:31,14,20.69,0.00,16.09,0.00,0.00,4.60,0.00,0.00,0.00,58.62
20:10:31,15,20.65,0.00,17.39,0.00,0.00,5.43,0.00,0.00,0.00,56.52
20:10:32,4,22.09,0.00,15.12,0.00,0.00,3.49,0.00,0.00,0.00,59.30
20:10:32,5,18.60,0.00,17.44,0.00,0.00,5.81,0.00,0.00,0.00,58.14
20:10:32,6,19.10,0.00,16.85,0.00,0.00,6.74,0.00,0.00,0.00,57.30
20:10:32,7,21.59,0.00,15.91,0.00,0.00,4.55,0.00,0.00,0.00,57.95
20:10:32,12,21.18,0.00,16.47,0.00,0.00,4.71,0.00,0.00,0.00,57.65
20:10:32,13,22.73,0.00,17.05,0.00,0.00,4.55,0.00,0.00,0.00,55.68
20:10:32,14,23.33,0.00,15.56,0.00,0.00,4.44,0.00,0.00,0.00,56.67
20:10:32,15,19.10,0.00,17.98,0.00,0.00,5.62,0.00,0.00,0.00,57.30
20:10:33,4,21.35,0.00,15.73,0.00,0.00,5.62,0.00,0.00,0.00,57.30
20:10:33,5,23.60,0.00,14.61,0.00,0.00,5.62,0.00,0.00,0.00,56.18
20:10:33,6,19.54,0.00,18.39,0.00,0.00,3.45,0.00,0.00,0.00,58.62
20:10:33,7,19.32,0.00,17.05,0.00,0.00,4.55,0.00,0.00,0.00,59.09
20:10:33,12,21.35,0.00,16.85,0.00,0.00,4.49,0.00,0.00,0.00,57.30
20:10:33,13,22.47,0.00,15.73,0.00,0.00,4.49,0.00,0.00,0.00,57.30
20:10:33,14,20.45,0.00,17.05,0.00,0.00,5.68,0.00,0.00,0.00,56.82
20:10:33,15,21.11,0.00,15.56,0.00,0.00,5.56,0.00,0.00,0.00,57.78
20:10:34,4,22.99,0.00,17.24,0.00,0.00,4.60,0.00,0.00,0.00,55.17
20:10:34,5,24.44,0.00,16.67,0.00,0.00,4.44,0.00,0.00,0.00,54.44
20:10:34,6,22.73,0.00,15.91,0.00,0.00,5.68,0.00,0.00,0.00,55.68
20:10:34,7,19.10,0.00,19.10,0.00,0.00,5.62,0.00,0.00,0.00,56.18
20:10:34,12,24.14,0.00,13.79,0.00,0.00,5.75,0.00,0.00,0.00,56.32
20:10:34,13,24.44,0.00,17.78,0.00,0.00,3.33,0.00,0.00,0.00,54.44
20:10:34,14,21.59,0.00,18.18,0.00,0.00,4.55,0.00,0.00,0.00,55.68
20:10:34,15,22.99,0.00,16.09,0.00,0.00,4.60,0.00,0.00,0.00,56.32
20:10:35,4,20.22,0.00,17.98,0.00,0.00,5.62,0.00,0.00,0.00,56.18
20:10:35,5,22.73,0.00,14.77,0.00,0.00,5.68,0.00,0.00,0.00,56.82
20:10:35,6,21.35,0.00,16.85,0.00,0.00,5.62,0.00,0.00,0.00,56.18
20:10:35,7,19.78,0.00,18.68,2.20,0.00,4.40,0.00,0.00,0.00,54.95
20:10:35,12,19.54,0.00,16.09,1.15,0.00,5.75,0.00,0.00,0.00,57.47
20:10:35,13,21.84,0.00,18.39,0.00,0.00,5.75,0.00,0.00,0.00,54.02
20:10:35,14,22.73,0.00,15.91,0.00,0.00,4.55,0.00,0.00,0.00,56.82
20:10:35,15,22.58,0.00,16.13,0.00,0.00,6.45,0.00,0.00,0.00,54.84
20:10:36,4,21.98,0.00,16.48,0.00,0.00,5.49,0.00,0.00,0.00,56.04
20:10:36,5,22.73,0.00,15.91,0.00,0.00,3.41,0.00,0.00,0.00,57.95
20:10:36,6,22.73,0.00,13.64,0.00,0.00,4.55,0.00,0.00,0.00,59.09
20:10:36,7,21.98,0.00,15.38,0.00,0.00,5.49,0.00,0.00,0.00,57.14
20:10:36,12,21.11,0.00,16.67,0.00,0.00,5.56,0.00,0.00,0.00,56.67
20:10:36,13,20.45,0.00,15.91,0.00,0.00,5.68,0.00,0.00,0.00,57.95
20:10:36,14,23.91,0.00,15.22,0.00,0.00,5.43,0.00,0.00,0.00,55.43
20:10:36,15,17.24,0.00,18.39,0.00,0.00,5.75,0.00,0.00,0.00,58.62
20:10:37,4,23.33,0.00,17.78,0.00,0.00,3.33,0.00,0.00,0.00,55.56
20:10:37,5,20.93,0.00,16.28,0.00,0.00,4.65,0.00,0.00,0.00,58.14
20:10:37,6,23.33,0.00,15.56,0.00,0.00,5.56,0.00,0.00,0.00,55.56
20:10:37,7,19.32,0.00,18.18,0.00,0.00,3.41,0.00,0.00,0.00,59.09
20:10:37,12,22.09,0.00,13.95,0.00,0.00,5.81,0.00,0.00,0.00,58.14
20:10:37,13,22.47,0.00,16.85,0.00,0.00,4.49,0.00,0.00,0.00,56.18
20:10:37,14,24.14,0.00,14.94,0.00,0.00,4.60,0.00,0.00,0.00,56.32
20:10:37,15,21.11,0.00,16.67,0.00,0.00,4.44,0.00,0.00,0.00,57.78
20:10:38,4,21.11,0.00,16.67,0.00,0.00,5.56,0.00,0.00,0.00,56.67
20:10:38,5,20.69,0.00,16.09,0.00,0.00,5.75,0.00,0.00,0.00,57.47
20:10:38,6,19.32,0.00,15.91,0.00,0.00,6.82,0.00,0.00,0.00,57.95
20:10:38,7,21.98,0.00,16.48,0.00,0.00,5.49,0.00,0.00,0.00,56.04
20:10:38,12,21.35,0.00,16.85,0.00,0.00,4.49,0.00,0.00,0.00,57.30
20:10:38,13,20.22,0.00,19.10,0.00,0.00,4.49,0.00,0.00,0.00,56.18
20:10:38,14,23.08,0.00,16.48,0.00,0.00,5.49,0.00,0.00,0.00,54.95
20:10:38,15,21.18,0.00,14.12,0.00,0.00,4.71,0.00,0.00,0.00,60.00
20:10:39,4,22.22,0.00,16.67,0.00,0.00,5.56,0.00,0.00,0.00,55.56
20:10:39,5,23.33,0.00,15.56,0.00,0.00,5.56,0.00,0.00,0.00,55.56
20:10:39,6,20.45,0.00,17.05,0.00,0.00,4.55,0.00,0.00,0.00,57.95
20:10:39,7,21.11,0.00,16.67,0.00,0.00,5.56,0.00,0.00,0.00,56.67
20:10:39,12,21.11,0.00,15.56,0.00,0.00,6.67,0.00,0.00,0.00,56.67
20:10:39,13,21.98,0.00,16.48,0.00,0.00,5.49,0.00,0.00,0.00,56.04
20:10:39,14,20.00,0.00,17.78,0.00,0.00,4.44,0.00,0.00,0.00,57.78
20:10:39,15,20.65,0.00,18.48,0.00,0.00,5.43,0.00,0.00,0.00,55.43
20:10:40,4,24.44,0.00,18.89,0.00,0.00,4.44,0.00,0.00,0.00,52.22
20:10:40,5,21.28,0.00,19.15,0.00,0.00,6.38,0.00,0.00,0.00,53.19
20:10:40,6,21.98,0.00,18.68,0.00,0.00,4.40,0.00,0.00,0.00,54.95
20:10:40,7,19.54,0.00,20.69,0.00,0.00,3.45,0.00,0.00,0.00,56.32
20:10:40,12,22.47,0.00,17.98,0.00,0.00,6.74,0.00,0.00,0.00,52.81
20:10:40,13,24.18,0.00,16.48,0.00,0.00,5.49,0.00,0.00,0.00,53.85
20:10:40,14,22.73,0.00,17.05,0.00,0.00,4.55,0.00,0.00,0.00,55.68
20:10:40,15,21.59,0.00,17.05,0.00,0.00,4.55,0.00,0.00,0.00,56.82
20:10:41,4,22.47,0.00,17.98,0.00,0.00,4.49,0.00,0.00,0.00,55.06
20:10:41,5,19.05,0.00,15.48,0.00,0.00,5.95,0.00,0.00,0.00,59.52
20:10:41,6,22.22,0.00,17.78,0.00,0.00,5.56,0.00,0.00,0.00,54.44
20:10:41,7,21.59,0.00,15.91,0.00,0.00,3.41,0.00,0.00,0.00,59.09
20:10:41,12,19.32,0.00,19.32,0.00,0.00,5.68,0.00,0.00,0.00,55.68
20:10:41,13,19.77,0.00,17.44,0.00,0.00,4.65,0.00,0.00,0.00,58.14
20:10:41,14,23.91,0.00,16.30,0.00,0.00,5.43,0.00,0.00,0.00,54.35
20:10:41,15,20.22,0.00,15.73,0.00,0.00,5.62,0.00,0.00,0.00,58.43
20:10:42,4,23.66,0.00,16.13,0.00,0.00,5.38,0.00,0.00,0.00,54.84
20:10:42,5,21.98,0.00,17.58,0.00,0.00,4.40,0.00,0.00,0.00,56.04
20:10:42,6,20.45,0.00,15.91,0.00,0.00,5.68,0.00,0.00,0.00,57.95
20:10:42,7,20.00,0.00,16.67,0.00,0.00,5.56,0.00,0.00,0.00,57.78
20:10:42,12,22.09,0.00,16.28,0.00,0.00,4.65,0.00,0.00,0.00,56.98
20:10:42,13,21.84,0.00,16.09,0.00,0.00,5.75,0.00,0.00,0.00,56.32
20:10:42,14,21.35,0.00,16.85,0.00,0.00,4.49,0.00,0.00,0.00,57.30
20:10:42,15,20.65,0.00,18.48,0.00,0.00,5.43,0.00,0.00,0.00,55.43
20:10:43,4,21.74,0.00,17.39,0.00,0.00,5.43,0.00,0.00,0.00,55.43
20:10:43,5,21.35,0.00,16.85,0.00,0.00,4.49,0.00,0.00,0.00,57.30
20:10:43,6,20.45,0.00,17.05,0.00,0.00,5.68,0.00,0.00,0.00,56.82
20:10:43,7,19.54,0.00,17.24,0.00,0.00,4.60,0.00,0.00,0.00,58.62
20:10:43,12,21.98,0.00,16.48,0.00,0.00,5.49,0.00,0.00,0.00,56.04
20:10:43,13,21.98,0.00,17.58,0.00,0.00,5.49,0.00,0.00,0.00,54.95
20:10:43,14,21.59,0.00,15.91,0.00,0.00,4.55,0.00,0.00,0.00,57.95
20:10:43,15,21.98,0.00,16.48,0.00,0.00,4.40,0.00,0.00,0.00,57.14
20:10:44,4,20.69,0.00,16.09,0.00,0.00,5.75,0.00,0.00,0.00,57.47
20:10:44,5,20.22,0.00,17.98,0.00,0.00,6.74,0.00,0.00,0.00,55.06
20:10:44,6,21.35,0.00,16.85,0.00,0.00,5.62,0.00,0.00,0.00,56.18
20:10:44,7,21.98,0.00,14.29,0.00,0.00,5.49,0.00,0.00,0.00,58.24
20:10:44,12,20.69,0.00,16.09,0.00,0.00,5.75,0.00,0.00,0.00,57.47
20:10:44,13,22.22,0.00,17.78,0.00,0.00,4.44,0.00,0.00,0.00,55.56
20:10:44,14,19.54,0.00,17.24,0.00,0.00,5.75,0.00,0.00,0.00,57.47
20:10:44,15,18.60,0.00,16.28,0.00,0.00,5.81,0.00,0.00,0.00,59.30
20:10:45,4,25.00,0.00,18.18,0.00,0.00,4.55,0.00,0.00,0.00,52.27
20:10:45,5,23.86,0.00,18.18,0.00,0.00,4.55,0.00,0.00,0.00,53.41
20:10:45,6,19.32,0.00,19.32,0.00,0.00,5.68,0.00,0.00,0.00,55.68
20:10:45,7,21.84,0.00,18.39,0.00,0.00,3.45,0.00,0.00,0.00,56.32
20:10:45,12,25.56,0.00,16.67,1.11,0.00,4.44,0.00,0.00,0.00,52.22
20:10:45,13,25.29,0.00,16.09,0.00,0.00,4.60,0.00,0.00,0.00,54.02
20:10:45,14,21.84,0.00,18.39,0.00,0.00,4.60,0.00,0.00,0.00,55.17
20:10:45,15,22.73,0.00,14.77,0.00,0.00,5.68,0.00,0.00,0.00,56.82
20:10:46,4,21.11,0.00,17.78,0.00,0.00,5.56,0.00,0.00,0.00,55.56
20:10:46,5,20.93,0.00,16.28,0.00,0.00,4.65,0.00,0.00,0.00,58.14
20:10:46,6,18.89,0.00,18.89,0.00,0.00,5.56,0.00,0.00,0.00,56.67
20:10:46,7,20.88,0.00,16.48,0.00,0.00,5.49,0.00,0.00,0.00,57.14
20:10:46,12,23.60,0.00,15.73,0.00,0.00,4.49,0.00,0.00,0.00,56.18
20:10:46,13,20.69,0.00,14.94,0.00,0.00,5.75,0.00,0.00,0.00,58.62
20:10:46,14,22.99,0.00,13.79,0.00,0.00,5.75,0.00,0.00,0.00,57.47
20:10:46,15,20.45,0.00,15.91,0.00,0.00,5.68,0.00,0.00,0.00,57.95
20:10:47,4,20.45,0.00,15.91,0.00,0.00,4.55,0.00,0.00,0.00,59.09
20:10:47,5,21.59,0.00,14.77,0.00,0.00,4.55,0.00,0.00,0.00,59.09
20:10:47,6,20.69,0.00,16.09,0.00,0.00,4.60,0.00,0.00,0.00,58.62
20:10:47,7,20.45,0.00,17.05,0.00,0.00,4.55,0.00,0.00,0.00,57.95
20:10:47,12,20.22,0.00,16.85,0.00,0.00,5.62,0.00,0.00,0.00,57.30
20:10:47,13,20.69,0.00,14.94,0.00,0.00,5.75,0.00,0.00,0.00,58.62
20:10:47,14,21.35,0.00,16.85,0.00,0.00,3.37,0.00,0.00,0.00,58.43
20:10:47,15,21.74,0.00,17.39,0.00,0.00,5.43,0.00,0.00,0.00,55.43
20:10:48,4,21.11,0.00,16.67,0.00,0.00,6.67,0.00,0.00,0.00,55.56
20:10:48,5,22.83,0.00,17.39,0.00,0.00,4.35,0.00,0.00,0.00,55.43
20:10:48,6,20.21,0.00,18.09,0.00,0.00,6.38,0.00,0.00,0.00,55.32
20:10:48,7,20.88,0.00,17.58,0.00,0.00,4.40,0.00,0.00,0.00,57.14
20:10:48,12,20.69,0.00,17.24,0.00,0.00,3.45,0.00,0.00,0.00,58.62
20:10:48,13,20.69,0.00,17.24,0.00,0.00,4.60,0.00,0.00,0.00,57.47
20:10:48,14,24.18,0.00,15.38,0.00,0.00,4.40,0.00,0.00,0.00,56.04
20:10:48,15,22.47,0.00,15.73,0.00,0.00,4.49,0.00,0.00,0.00,57.30
20:10:49,4,20.45,0.00,15.91,0.00,0.00,5.68,0.00,0.00,0.00,57.95
20:10:49,5,19.54,0.00,17.24,0.00,0.00,5.75,0.00,0.00,0.00,57.47
20:10:49,6,22.22,0.00,17.78,0.00,0.00,4.44,0.00,0.00,0.00,55.56
20:10:49,7,20.22,0.00,15.73,0.00,0.00,6.74,0.00,0.00,0.00,57.30
20:10:49,12,21.35,0.00,16.85,0.00,0.00,5.62,0.00,0.00,0.00,56.18
20:10:49,13,23.33,0.00,15.56,0.00,0.00,4.44,0.00,0.00,0.00,56.67
20:10:49,14,19.77,0.00,16.28,0.00,0.00,5.81,0.00,0.00,0.00,58.14
20:10:49,15,20.00,0.00,17.78,0.00,0.00,5.56,0.00,0.00,0.00,56.67
20:10:50,4,24.18,0.00,17.58,1.10,0.00,4.40,0.00,0.00,0.00,52.75
20:10:50,5,25.00,0.00,14.77,0.00,0.00,4.55,0.00,0.00,0.00,55.68
20:10:50,6,25.00,0.00,15.91,0.00,0.00,4.55,0.00,0.00,0.00,54.55
20:10:50,7,21.35,0.00,16.85,0.00,0.00,4.49,0.00,0.00,0.00,57.30
20:10:50,12,23.60,0.00,16.85,0.00,0.00,5.62,0.00,0.00,0.00,53.93
20:10:50,13,24.18,0.00,18.68,0.00,0.00,5.49,0.00,0.00,0.00,51.65
20:10:50,14,22.73,0.00,15.91,2.27,0.00,5.68,0.00,0.00,0.00,53.41
20:10:50,15,20.69,0.00,17.24,0.00,0.00,4.60,0.00,0.00,0.00,57.47
20:10:51,4,22.83,0.00,17.39,0.00,0.00,5.43,0.00,0.00,0.00,54.35
20:10:51,5,19.32,0.00,18.18,0.00,0.00,5.68,0.00,0.00,0.00,56.82
20:10:51,6,19.32,0.00,19.32,0.00,0.00,5.68,0.00,0.00,0.00,55.68
20:10:51,7,18.68,0.00,18.68,0.00,0.00,4.40,0.00,0.00,0.00,58.24
20:10:51,12,22.47,0.00,16.85,0.00,0.00,4.49,0.00,0.00,0.00,56.18
20:10:51,13,22.22,0.00,16.67,0.00,0.00,5.56,0.00,0.00,0.00,55.56
20:10:51,14,20.45,0.00,17.05,0.00,0.00,5.68,0.00,0.00,0.00,56.82
20:10:51,15,21.59,0.00,15.91,0.00,0.00,4.55,0.00,0.00,0.00,57.95
20:10:52,4,22.73,0.00,15.91,0.00,0.00,4.55,0.00,0.00,0.00,56.82
20:10:52,5,23.33,0.00,16.67,0.00,0.00,4.44,0.00,0.00,0.00,55.56
20:10:52,6,20.93,0.00,17.44,0.00,0.00,4.65,0.00,0.00,0.00,56.98
20:10:52,7,21.18,0.00,14.12,0.00,0.00,4.71,0.00,0.00,0.00,60.00
20:10:52,12,21.59,0.00,13.64,0.00,0.00,6.82,0.00,0.00,0.00,57.95
20:10:52,13,20.88,0.00,18.68,0.00,0.00,5.49,0.00,0.00,0.00,54.95
20:10:52,14,22.22,0.00,17.78,0.00,0.00,4.44,0.00,0.00,0.00,55.56
20:10:52,15,21.59,0.00,15.91,0.00,0.00,4.55,0.00,0.00,0.00,57.95
20:10:53,4,21.11,0.00,15.56,0.00,0.00,5.56,0.00,0.00,0.00,57.78
20:10:53,5,18.89,0.00,17.78,0.00,0.00,6.67,0.00,0.00,0.00,56.67
20:10:53,6,21.59,0.00,15.91,0.00,0.00,4.55,0.00,0.00,0.00,57.95
20:10:53,7,19.32,0.00,15.91,0.00,0.00,5.68,0.00,0.00,0.00,59.09
20:10:53,12,22.47,0.00,15.73,0.00,0.00,4.49,0.00,0.00,0.00,57.30
20:10:53,13,22.47,0.00,15.73,0.00,0.00,4.49,0.00,0.00,0.00,57.30
20:10:53,14,21.59,0.00,15.91,0.00,0.00,4.55,0.00,0.00,0.00,57.95
20:10:53,15,20.22,0.00,15.73,0.00,0.00,6.74,0.00,0.00,0.00,57.30
20:10:54,4,24.44,0.00,15.56,0.00,0.00,4.44,0.00,0.00,0.00,55.56
20:10:54,5,22.47,0.00,17.98,0.00,0.00,3.37,0.00,0.00,0.00,56.18
20:10:54,6,18.82,0.00,16.47,0.00,0.00,5.88,0.00,0.00,0.00,58.82
20:10:54,7,19.10,0.00,17.98,0.00,0.00,5.62,0.00,0.00,0.00,57.30
20:10:54,12,21.11,0.00,16.67,0.00,0.00,5.56,0.00,0.00,0.00,56.67
20:10:54,13,22.83,0.00,17.39,0.00,0.00,4.35,0.00,0.00,0.00,55.43
20:10:54,14,19.54,0.00,17.24,0.00,0.00,5.75,0.00,0.00,0.00,57.47
20:10:54,15,20.22,0.00,16.85,0.00,0.00,5.62,0.00,0.00,0.00,57.30
20:10:55,4,23.86,0.00,17.05,0.00,0.00,4.55,0.00,0.00,0.00,54.55
20:10:55,5,21.84,0.00,18.39,0.00,0.00,5.75,0.00,0.00,0.00,54.02
20:10:55,6,21.59,0.00,19.32,0.00,0.00,4.55,0.00,0.00,0.00,54.55
20:10:55,7,23.91,0.00,19.57,0.00,0.00,4.35,0.00,0.00,0.00,52.17
20:10:55,12,21.59,0.00,18.18,1.14,0.00,5.68,0.00,0.00,0.00,53.41
20:10:55,13,26.74,0.00,17.44,0.00,0.00,5.81,0.00,0.00,0.00,50.00
20:10:55,14,21.84,0.00,18.39,0.00,0.00,4.60,0.00,0.00,0.00,55.17
20:10:55,15,24.44,0.00,16.67,0.00,0.00,5.56,0.00,0.00,0.00,53.33
20:10:56,4,20.43,0.00,20.43,0.00,0.00,5.38,0.00,0.00,0.00,53.76
20:10:56,5,20.45,0.00,18.18,0.00,0.00,4.55,0.00,0.00,0.00,56.82
20:10:56,6,21.11,0.00,17.78,0.00,0.00,4.44,0.00,0.00,0.00,56.67
20:10:56,7,21.84,0.00,14.94,0.00,0.00,3.45,0.00,0.00,0.00,59.77
20:10:56,12,22.22,0.00,15.56,0.00,0.00,5.56,0.00,0.00,0.00,56.67
20:10:56,13,23.26,0.00,15.12,0.00,0.00,3.49,0.00,0.00,0.00,58.14
20:10:56,14,19.54,0.00,18.39,0.00,0.00,4.60,0.00,0.00,0.00,57.47
20:10:56,15,22.22,0.00,15.56,0.00,0.00,4.44,0.00,0.00,0.00,57.78
20:10:57,4,19.32,0.00,18.18,0.00,0.00,5.68,0.00,0.00,0.00,56.82
20:10:57,5,20.65,0.00,18.48,0.00,0.00,5.43,0.00,0.00,0.00,55.43
20:10:57,6,21.84,0.00,14.94,0.00,0.00,5.75,0.00,0.00,0.00,57.47
20:10:57,7,21.84,0.00,14.94,0.00,0.00,4.60,0.00,0.00,0.00,58.62
20:10:57,12,20.22,0.00,16.85,0.00,0.00,5.62,0.00,0.00,0.00,57.30
20:10:57,13,20.69,0.00,16.09,0.00,0.00,5.75,0.00,0.00,0.00,57.47
20:10:57,14,21.74,0.00,17.39,0.00,0.00,5.43,0.00,0.00,0.00,55.43
20:10:57,15,20.22,0.00,16.85,0.00,0.00,5.62,0.00,0.00,0.00,57.30
20:10:58,4,22.47,0.00,14.61,0.00,0.00,6.74,0.00,0.00,0.00,56.18
20:10:58,5,21.59,0.00,18.18,0.00,0.00,4.55,0.00,0.00,0.00,55.68
20:10:58,6,23.33,0.00,15.56,0.00,0.00,5.56,0.00,0.00,0.00,55.56
20:10:58,7,20.45,0.00,17.05,0.00,0.00,4.55,0.00,0.00,0.00,57.95
20:10:58,12,20.88,0.00,16.48,0.00,0.00,6.59,0.00,0.00,0.00,56.04
20:10:58,13,20.45,0.00,17.05,0.00,0.00,5.68,0.00,0.00,0.00,56.82
20:10:58,14,22.99,0.00,16.09,0.00,0.00,3.45,0.00,0.00,0.00,57.47
20:10:58,15,21.59,0.00,14.77,0.00,0.00,5.68,0.00,0.00,0.00,57.95
20:10:59,4,23.26,0.00,15.12,0.00,0.00,3.49,0.00,0.00,0.00,58.14
20:10:59,5,20.45,0.00,17.05,0.00,0.00,5.68,0.00,0.00,0.00,56.82
20:10:59,6,21.11,0.00,16.67,0.00,0.00,5.56,0.00,0.00,0.00,56.67
20:10:59,7,22.22,0.00,15.56,0.00,0.00,5.56,0.00,0.00,0.00,56.67
20:10:59,12,23.08,0.00,16.48,0.00,0.00,5.49,0.00,0.00,0.00,54.95
20:10:59,13,21.35,0.00,17.98,0.00,0.00,4.49,0.00,0.00,0.00,56.18
20:10:59,14,22.99,0.00,16.09,0.00,0.00,4.60,0.00,0.00,0.00,56.32
20:10:59,15,23.60,0.00,15.73,0.00,0.00,4.49,0.00,0.00,0.00,56.18
20:11:00,4,24.44,0.00,18.89,0.00,0.00,5.56,0.00,0.00,0.00,51.11
20:11:00,5,22.09,0.00,17.44,0.00,0.00,4.65,0.00,0.00,0.00,55.81
20:11:00,6,22.35,0.00,16.47,0.00,0.00,4.71,0.00,0.00,0.00,56.47
20:11:00,7,20.45,0.00,17.05,0.00,0.00,5.68,0.00,0.00,0.00,56.82
20:11:00,12,20.69,0.00,19.54,0.00,0.00,5.75,0.00,0.00,0.00,54.02
20:11:00,13,24.44,0.00,15.56,0.00,0.00,6.67,0.00,0.00,0.00,53.33
20:11:00,14,22.73,0.00,20.45,0.00,0.00,3.41,0.00,0.00,0.00,53.41
20:11:00,15,21.35,0.00,16.85,1.12,0.00,5.62,0.00,0.00,0.00,55.06
20:11:01,4,21.18,0.00,16.47,0.00,0.00,3.53,0.00,0.00,0.00,58.82
20:11:01,5,21.98,0.00,17.58,0.00,0.00,5.49,0.00,0.00,0.00,54.95
20:11:01,6,24.18,0.00,16.48,0.00,0.00,5.49,0.00,0.00,0.00,53.85
20:11:01,7,20.22,0.00,16.85,0.00,0.00,4.49,0.00,0.00,0.00,58.43
20:11:01,12,21.98,0.00,15.38,0.00,0.00,5.49,0.00,0.00,0.00,57.14
20:11:01,13,21.98,0.00,16.48,0.00,0.00,4.40,0.00,0.00,0.00,57.14
20:11:01,14,21.59,0.00,15.91,0.00,0.00,5.68,0.00,0.00,0.00,56.82
20:11:01,15,20.45,0.00,15.91,0.00,0.00,4.55,0.00,0.00,0.00,59.09
20:11:02,4,21.59,0.00,17.05,0.00,0.00,4.55,0.00,0.00,0.00,56.82
20:11:02,5,20.45,0.00,17.05,0.00,0.00,5.68,0.00,0.00,0.00,56.82
20:11:02,6,20.45,0.00,15.91,0.00,0.00,5.68,0.00,0.00,0.00,57.95
20:11:02,7,18.89,0.00,16.67,0.00,0.00,5.56,0.00,0.00,0.00,58.89
20:11:02,12,22.35,0.00,15.29,0.00,0.00,3.53,0.00,0.00,0.00,58.82
20:11:02,13,22.22,0.00,16.67,0.00,0.00,5.56,0.00,0.00,0.00,55.56
20:11:02,14,23.60,0.00,14.61,0.00,0.00,4.49,0.00,0.00,0.00,57.30
20:11:02,15,19.10,0.00,16.85,0.00,0.00,5.62,0.00,0.00,0.00,58.43
20:11:03,4,20.69,0.00,16.09,0.00,0.00,5.75,0.00,0.00,0.00,57.47
20:11:03,5,23.08,0.00,16.48,0.00,0.00,4.40,0.00,0.00,0.00,56.04
20:11:03,6,21.11,0.00,15.56,0.00,0.00,6.67,0.00,0.00,0.00,56.67
20:11:03,7,21.51,0.00,17.20,0.00,0.00,5.38,0.00,0.00,0.00,55.91
20:11:03,12,22.73,0.00,15.91,0.00,0.00,4.55,0.00,0.00,0.00,56.82
20:11:03,13,22.22,0.00,15.56,0.00,0.00,5.56,0.00,0.00,0.00,56.67
20:11:03,14,20.69,0.00,16.09,0.00,0.00,4.60,0.00,0.00,0.00,58.62
20:11:03,15,21.11,0.00,17.78,0.00,0.00,4.44,0.00,0.00,0.00,56.67
20:11:04,4,21.59,0.00,15.91,0.00,0.00,5.68,0.00,0.00,0.00,56.82
20:11:04,5,22.47,0.00,15.73,0.00,0.00,5.62,0.00,0.00,0.00,56.18
20:11:04,6,20.22,0.00,19.10,0.00,0.00,3.37,0.00,0.00,0.00,57.30
20:11:04,7,21.35,0.00,16.85,0.00,0.00,4.49,0.00,0.00,0.00,57.30
20:11:04,12,22.09,0.00,13.95,0.00,0.00,4.65,0.00,0.00,0.00,59.30
20:11:04,13,20.45,0.00,18.18,0.00,0.00,4.55,0.00,0.00,0.00,56.82
20:11:04,14,21.35,0.00,17.98,0.00,0.00,4.49,0.00,0.00,0.00,56.18
20:11:04,15,21.11,0.00,15.56,0.00,0.00,5.56,0.00,0.00,0.00,57.78
20:11:05,4,25.29,0.00,14.94,0.00,0.00,3.45,0.00,0.00,0.00,56.32
20:11:05,5,23.91,0.00,17.39,1.09,0.00,4.35,0.00,0.00,0.00,53.26
20:11:05,6,25.00,0.00,17.05,0.00,0.00,4.55,0.00,0.00,0.00,53.41
20:11:05,7,20.69,0.00,16.09,0.00,0.00,5.75,0.00,0.00,0.00,57.47
20:11:05,12,22.73,0.00,17.05,0.00,0.00,5.68,0.00,0.00,0.00,54.55
20:11:05,13,21.98,0.00,19.78,1.10,0.00,3.30,0.00,0.00,0.00,53.85
20:11:05,14,22.47,0.00,17.98,0.00,0.00,4.49,0.00,0.00,0.00,55.06
20:11:05,15,24.73,0.00,17.20,0.00,0.00,5.38,0.00,0.00,0.00,52.69
20:11:06,4,22.47,0.00,14.61,0.00,0.00,4.49,0.00,0.00,0.00,58.43
20:11:06,5,21.84,0.00,17.24,0.00,0.00,4.60,0.00,0.00,0.00,56.32
20:11:06,6,20.45,0.00,17.05,0.00,0.00,4.55,0.00,0.00,0.00,57.95
20:11:06,7,20.88,0.00,18.68,0.00,0.00,4.40,0.00,0.00,0.00,56.04
20:11:06,12,21.59,0.00,17.05,0.00,0.00,4.55,0.00,0.00,0.00,56.82
20:11:06,13,20.22,0.00,16.85,0.00,0.00,6.74,0.00,0.00,0.00,56.18
20:11:06,14,22.47,0.00,14.61,0.00,0.00,5.62,0.00,0.00,0.00,57.30
20:11:06,15,21.59,0.00,17.05,0.00,0.00,4.55,0.00,0.00,0.00,56.82
20:11:07,4,23.60,0.00,15.73,0.00,0.00,3.37,0.00,0.00,0.00,57.30
20:11:07,5,22.47,0.00,14.61,0.00,0.00,5.62,0.00,0.00,0.00,57.30
20:11:07,6,20.88,0.00,17.58,0.00,0.00,4.40,0.00,0.00,0.00,57.14
20:11:07,7,17.98,0.00,17.98,0.00,0.00,5.62,0.00,0.00,0.00,58.43
20:11:07,12,23.33,0.00,15.56,0.00,0.00,3.33,0.00,0.00,0.00,57.78
20:11:07,13,23.60,0.00,14.61,0.00,0.00,4.49,0.00,0.00,0.00,57.30
20:11:07,14,24.18,0.00,15.38,0.00,0.00,3.30,0.00,0.00,0.00,57.14
20:11:07,15,17.98,0.00,19.10,0.00,0.00,5.62,0.00,0.00,0.00,57.30
20:11:08,4,22.47,0.00,15.73,0.00,0.00,4.49,0.00,0.00,0.00,57.30
20:11:08,5,22.47,0.00,14.61,0.00,0.00,5.62,0.00,0.00,0.00,57.30
20:11:08,6,21.84,0.00,17.24,0.00,0.00,4.60,0.00,0.00,0.00,56.32
20:11:08,7,19.10,0.00,17.98,0.00,0.00,4.49,0.00,0.00,0.00,58.43
20:11:08,12,21.74,0.00,16.30,0.00,0.00,6.52,0.00,0.00,0.00,55.43
20:11:08,13,22.22,0.00,14.44,0.00,0.00,5.56,0.00,0.00,0.00,57.78
20:11:08,14,22.99,0.00,13.79,0.00,0.00,5.75,0.00,0.00,0.00,57.47
20:11:08,15,20.88,0.00,17.58,0.00,0.00,4.40,0.00,0.00,0.00,57.14
20:11:09,4,20.00,0.00,14.12,0.00,0.00,5.88,0.00,0.00,0.00,60.00
20:11:09,5,21.59,0.00,17.05,0.00,0.00,4.55,0.00,0.00,0.00,56.82
20:11:09,6,21.11,0.00,15.56,0.00,0.00,6.67,0.00,0.00,0.00,56.67
20:11:09,7,21.35,0.00,16.85,0.00,0.00,4.49,0.00,0.00,0.00,57.30
20:11:09,12,21.59,0.00,17.05,0.00,0.00,4.55,0.00,0.00,0.00,56.82
20:11:09,13,21.59,0.00,15.91,0.00,0.00,5.68,0.00,0.00,0.00,56.82
20:11:09,14,22.47,0.00,15.73,0.00,0.00,4.49,0.00,0.00,0.00,57.30
20:11:09,15,22.58,0.00,15.05,0.00,0.00,6.45,0.00,0.00,0.00,55.91
20:11:10,4,23.91,0.00,19.57,1.09,0.00,4.35,0.00,0.00,0.00,51.09
20:11:10,5,23.60,0.00,17.98,0.00,0.00,4.49,0.00,0.00,0.00,53.93
20:11:10,6,22.73,0.00,15.91,0.00,0.00,5.68,0.00,0.00,0.00,55.68
20:11:10,7,21.98,0.00,16.48,0.00,0.00,5.49,0.00,0.00,0.00,56.04
20:11:10,12,22.73,0.00,18.18,0.00,0.00,3.41,0.00,0.00,0.00,55.68
20:11:10,13,22.99,0.00,18.39,0.00,0.00,4.60,0.00,0.00,0.00,54.02
20:11:10,14,21.59,0.00,18.18,0.00,0.00,4.55,0.00,0.00,0.00,55.68
20:11:10,15,21.84,0.00,17.24,0.00,0.00,3.45,0.00,0.00,0.00,57.47
20:11:11,4,23.60,0.00,17.98,0.00,0.00,3.37,0.00,0.00,0.00,55.06
20:11:11,5,23.60,0.00,15.73,0.00,0.00,4.49,0.00,0.00,0.00,56.18
20:11:11,6,20.00,0.00,16.67,0.00,0.00,6.67,0.00,0.00,0.00,56.67
20:11:11,7,19.54,0.00,17.24,0.00,0.00,3.45,0.00,0.00,0.00,59.77
20:11:11,12,20.45,0.00,17.05,0.00,0.00,5.68,0.00,0.00,0.00,56.82
20:11:11,13,22.73,0.00,15.91,0.00,0.00,4.55,0.00,0.00,0.00,56.82
20:11:11,14,22.22,0.00,14.44,0.00,0.00,6.67,0.00,0.00,0.00,56.67
20:11:11,15,18.18,0.00,17.05,0.00,0.00,5.68,0.00,0.00,0.00,59.09
20:11:12,4,23.08,0.00,16.48,0.00,0.00,4.40,0.00,0.00,0.00,56.04
20:11:12,5,20.45,0.00,17.05,0.00,0.00,5.68,0.00,0.00,0.00,56.82
20:11:12,6,21.59,0.00,17.05,0.00,0.00,3.41,0.00,0.00,0.00,57.95
20:11:12,7,19.32,0.00,18.18,0.00,0.00,3.41,0.00,0.00,0.00,59.09
20:11:12,12,22.83,0.00,16.30,0.00,0.00,5.43,0.00,0.00,0.00,55.43
20:11:12,13,21.59,0.00,17.05,0.00,0.00,5.68,0.00,0.00,0.00,55.68
20:11:12,14,20.69,0.00,17.24,0.00,0.00,5.75,0.00,0.00,0.00,56.32
20:11:12,15,21.84,0.00,14.94,0.00,0.00,4.60,0.00,0.00,0.00,58.62
20:11:13,4,23.86,0.00,14.77,0.00,0.00,4.55,0.00,0.00,0.00,56.82
20:11:13,5,21.11,0.00,17.78,0.00,0.00,5.56,0.00,0.00,0.00,55.56
20:11:13,6,19.54,0.00,17.24,0.00,0.00,5.75,0.00,0.00,0.00,57.47
20:11:13,7,20.45,0.00,17.05,0.00,0.00,4.55,0.00,0.00,0.00,57.95
20:11:13,12,20.22,0.00,16.85,0.00,0.00,5.62,0.00,0.00,0.00,57.30
20:11:13,13,20.24,0.00,16.67,0.00,0.00,4.76,0.00,0.00,0.00,58.33
20:11:13,14,23.86,0.00,14.77,0.00,0.00,4.55,0.00,0.00,0.00,56.82
20:11:13,15,19.10,0.00,19.10,0.00,0.00,4.49,0.00,0.00,0.00,57.30
20:11:14,4,20.22,0.00,20.22,0.00,0.00,4.49,0.00,0.00,0.00,55.06
20:11:14,5,19.77,0.00,17.44,0.00,0.00,5.81,0.00,0.00,0.00,56.98
20:11:14,6,19.10,0.00,16.85,0.00,0.00,5.62,0.00,0.00,0.00,58.43
20:11:14,7,17.05,0.00,19.32,0.00,0.00,4.55,0.00,0.00,0.00,59.09
20:11:14,12,23.33,0.00,16.67,0.00,0.00,4.44,0.00,0.00,0.00,55.56
20:11:14,13,22.47,0.00,15.73,0.00,0.00,5.62,0.00,0.00,0.00,56.18
20:11:14,14,21.59,0.00,15.91,0.00,0.00,5.68,0.00,0.00,0.00,56.82
20:11:14,15,20.45,0.00,15.91,0.00,0.00,5.68,0.00,0.00,0.00,57.95
20:11:15,4,21.98,0.00,17.58,3.30,0.00,4.40,0.00,0.00,0.00,52.75
20:11:15,5,23.08,0.00,16.48,0.00,0.00,5.49,0.00,0.00,0.00,54.95
20:11:15,6,21.59,0.00,17.05,0.00,0.00,5.68,0.00,0.00,0.00,55.68
20:11:15,7,19.10,0.00,15.73,0.00,0.00,6.74,0.00,0.00,0.00,58.43
20:11:15,12,24.14,0.00,14.94,0.00,0.00,4.60,0.00,0.00,0.00,56.32
20:11:15,13,20.93,0.00,16.28,0.00,0.00,4.65,0.00,0.00,0.00,58.14
20:11:15,14,24.73,0.00,17.20,0.00,0.00,5.38,0.00,0.00,0.00,52.69
20:11:15,15,21.59,0.00,13.64,0.00,0.00,5.68,0.00,0.00,0.00,59.09
20:11:16,4,21.59,0.00,15.91,0.00,0.00,5.68,0.00,0.00,0.00,56.82
20:11:16,5,21.59,0.00,17.05,0.00,0.00,4.55,0.00,0.00,0.00,56.82
20:11:16,6,21.35,0.00,15.73,0.00,0.00,5.62,0.00,0.00,0.00,57.30
20:11:16,7,19.32,0.00,17.05,0.00,0.00,5.68,0.00,0.00,0.00,57.95
20:11:16,12,21.11,0.00,17.78,0.00,0.00,4.44,0.00,0.00,0.00,56.67
20:11:16,13,21.59,0.00,14.77,0.00,0.00,5.68,0.00,0.00,0.00,57.95
20:11:16,14,18.18,0.00,19.32,0.00,0.00,4.55,0.00,0.00,0.00,57.95
20:11:16,15,21.35,0.00,16.85,0.00,0.00,4.49,0.00,0.00,0.00,57.30
20:11:17,4,22.83,0.00,15.22,0.00,0.00,5.43,0.00,0.00,0.00,56.52
20:11:17,5,19.57,0.00,17.39,0.00,0.00,6.52,0.00,0.00,0.00,56.52
20:11:17,6,20.00,0.00,17.78,0.00,0.00,5.56,0.00,0.00,0.00,56.67
20:11:17,7,19.32,0.00,15.91,0.00,0.00,4.55,0.00,0.00,0.00,60.23
20:11:17,12,20.88,0.00,17.58,0.00,0.00,5.49,0.00,0.00,0.00,56.04
20:11:17,13,21.59,0.00,14.77,0.00,0.00,5.68,0.00,0.00,0.00,57.95
20:11:17,14,22.47,0.00,15.73,0.00,0.00,4.49,0.00,0.00,0.00,57.30
20:11:17,15,19.77,0.00,16.28,0.00,0.00,4.65,0.00,0.00,0.00,59.30
20:11:18,4,20.69,0.00,14.94,0.00,0.00,4.60,0.00,0.00,0.00,59.77
20:11:18,5,20.93,0.00,16.28,0.00,0.00,4.65,0.00,0.00,0.00,58.14
20:11:18,6,20.00,0.00,16.67,0.00,0.00,6.67,0.00,0.00,0.00,56.67
20:11:18,7,20.88,0.00,16.48,0.00,0.00,6.59,0.00,0.00,0.00,56.04
20:11:18,12,19.32,0.00,17.05,0.00,0.00,5.68,0.00,0.00,0.00,57.95
20:11:18,13,20.69,0.00,17.24,0.00,0.00,3.45,0.00,0.00,0.00,58.62
20:11:18,14,19.54,0.00,14.94,0.00,0.00,6.90,0.00,0.00,0.00,58.62
20:11:18,15,21.74,0.00,16.30,0.00,0.00,6.52,0.00,0.00,0.00,55.43
20:11:19,4,23.08,0.00,15.38,0.00,0.00,5.49,0.00,0.00,0.00,56.04
20:11:19,5,21.35,0.00,16.85,0.00,0.00,5.62,0.00,0.00,0.00,56.18
20:11:19,6,22.73,0.00,15.91,0.00,0.00,5.68,0.00,0.00,0.00,55.68
20:11:19,7,20.00,0.00,16.67,0.00,0.00,5.56,0.00,0.00,0.00,57.78
20:11:19,12,20.69,0.00,16.09,0.00,0.00,4.60,0.00,0.00,0.00,58.62
20:11:19,13,22.47,0.00,15.73,0.00,0.00,4.49,0.00,0.00,0.00,57.30
20:11:19,14,23.33,0.00,16.67,0.00,0.00,4.44,0.00,0.00,0.00,55.56
20:11:19,15,19.32,0.00,15.91,0.00,0.00,4.55,0.00,0.00,0.00,60.23
20:11:20,4,20.69,0.00,17.24,0.00,0.00,4.60,0.00,0.00,0.00,57.47
20:11:20,5,23.91,0.00,17.39,0.00,0.00,5.43,0.00,0.00,0.00,53.26
20:11:20,6,21.11,0.00,17.78,0.00,0.00,5.56,0.00,0.00,0.00,55.56
20:11:20,7,20.00,0.00,16.67,0.00,0.00,5.56,0.00,0.00,0.00,57.78
20:11:20,12,21.59,0.00,15.91,0.00,0.00,4.55,0.00,0.00,0.00,57.95
20:11:20,13,22.99,0.00,14.94,0.00,0.00,4.60,0.00,0.00,0.00,57.47
20:11:20,14,20.45,0.00,15.91,1.14,0.00,5.68,0.00,0.00,0.00,56.82
20:11:20,15,20.00,0.00,16.67,0.00,0.00,6.67,0.00,0.00,0.00,56.67
20:11:21,4,23.33,0.00,16.67,0.00,0.00,5.56,0.00,0.00,0.00,54.44
20:11:21,5,21.98,0.00,19.78,0.00,0.00,4.40,0.00,0.00,0.00,53.85
20:11:21,6,22.99,0.00,17.24,0.00,0.00,4.60,0.00,0.00,0.00,55.17
20:11:21,7,21.35,0.00,14.61,0.00,0.00,6.74,0.00,0.00,0.00,57.30
20:11:21,12,23.26,0.00,17.44,0.00,0.00,4.65,0.00,0.00,0.00,54.65
20:11:21,13,24.18,0.00,17.58,0.00,0.00,5.49,0.00,0.00,0.00,52.75
20:11:21,14,20.69,0.00,17.24,0.00,0.00,5.75,0.00,0.00,0.00,56.32
20:11:21,15,21.98,0.00,17.58,0.00,0.00,5.49,0.00,0.00,0.00,54.95
20:11:22,4,22.73,0.00,14.77,0.00,0.00,4.55,0.00,0.00,0.00,57.95
20:11:22,5,21.84,0.00,16.09,0.00,0.00,4.60,0.00,0.00,0.00,57.47
20:11:22,6,21.35,0.00,14.61,0.00,0.00,6.74,0.00,0.00,0.00,57.30
20:11:22,7,22.22,0.00,16.67,0.00,0.00,4.44,0.00,0.00,0.00,56.67
20:11:22,12,19.32,0.00,19.32,0.00,0.00,4.55,0.00,0.00,0.00,56.82
20:11:22,13,22.35,0.00,14.12,0.00,0.00,4.71,0.00,0.00,0.00,58.82
20:11:22,14,21.98,0.00,16.48,0.00,0.00,5.49,0.00,0.00,0.00,56.04
20:11:22,15,22.22,0.00,17.78,0.00,0.00,3.33,0.00,0.00,0.00,56.67
20:11:23,4,18.39,0.00,16.09,0.00,0.00,5.75,0.00,0.00,0.00,59.77
20:11:23,5,23.08,0.00,14.29,0.00,0.00,6.59,0.00,0.00,0.00,56.04
20:11:23,6,18.89,0.00,17.78,0.00,0.00,6.67,0.00,0.00,0.00,56.67
20:11:23,7,21.98,0.00,16.48,0.00,0.00,4.40,0.00,0.00,0.00,57.14
20:11:23,12,21.11,0.00,17.78,0.00,0.00,4.44,0.00,0.00,0.00,56.67
20:11:23,13,21.11,0.00,17.78,0.00,0.00,4.44,0.00,0.00,0.00,56.67
20:11:23,14,20.45,0.00,17.05,0.00,0.00,4.55,0.00,0.00,0.00,57.95
20:11:23,15,20.69,0.00,14.94,0.00,0.00,5.75,0.00,0.00,0.00,58.62
20:11:24,4,19.32,0.00,15.91,0.00,0.00,6.82,0.00,0.00,0.00,57.95
20:11:24,5,21.35,0.00,16.85,0.00,0.00,4.49,0.00,0.00,0.00,57.30
20:11:24,6,20.00,0.00,16.67,0.00,0.00,6.67,0.00,0.00,0.00,56.67
20:11:24,7,20.69,0.00,14.94,0.00,0.00,4.60,0.00,0.00,0.00,59.77
20:11:24,12,20.88,0.00,16.48,0.00,0.00,5.49,0.00,0.00,0.00,57.14
20:11:24,13,20.69,0.00,16.09,0.00,0.00,5.75,0.00,0.00,0.00,57.47
20:11:24,14,19.10,0.00,20.22,0.00,0.00,3.37,0.00,0.00,0.00,57.30
20:11:24,15,19.10,0.00,17.98,0.00,0.00,3.37,0.00,0.00,0.00,59.55
20:11:25,4,21.35,0.00,16.85,1.12,0.00,4.49,0.00,0.00,0.00,56.18
20:11:25,5,21.18,0.00,14.12,0.00,0.00,7.06,0.00,0.00,0.00,57.65
20:11:25,6,19.10,0.00,19.10,0.00,0.00,4.49,0.00,0.00,0.00,57.30
20:11:25,7,21.98,0.00,15.38,0.00,0.00,6.59,0.00,0.00,0.00,56.04
20:11:25,12,21.59,0.00,14.77,0.00,0.00,4.55,0.00,0.00,0.00,59.09
20:11:25,13,21.35,0.00,16.85,0.00,0.00,5.62,0.00,0.00,0.00,56.18
20:11:25,14,21.59,0.00,17.05,0.00,0.00,4.55,0.00,0.00,0.00,56.82
20:11:25,15,22.47,0.00,15.73,0.00,0.00,4.49,0.00,0.00,0.00,57.30
20:11:26,4,20.69,0.00,16.09,0.00,0.00,5.75,0.00,0.00,0.00,57.47
20:11:26,5,24.72,0.00,14.61,0.00,0.00,6.74,0.00,0.00,0.00,53.93
20:11:26,6,22.99,0.00,17.24,0.00,0.00,5.75,0.00,0.00,0.00,54.02
20:11:26,7,20.45,0.00,18.18,0.00,0.00,5.68,0.00,0.00,0.00,55.68
20:11:26,12,22.99,0.00,17.24,0.00,0.00,4.60,0.00,0.00,0.00,55.17
20:11:26,13,22.73,0.00,17.05,0.00,0.00,4.55,0.00,0.00,0.00,55.68
20:11:26,14,21.35,0.00,17.98,0.00,0.00,4.49,0.00,0.00,0.00,56.18
20:11:26,15,22.73,0.00,17.05,0.00,0.00,4.55,0.00,0.00,0.00,55.68
20:11:27,4,23.60,0.00,15.73,0.00,0.00,3.37,0.00,0.00,0.00,57.30
20:11:27,5,19.32,0.00,17.05,0.00,0.00,5.68,0.00,0.00,0.00,57.95
20:11:27,6,21.98,0.00,16.48,0.00,0.00,5.49,0.00,0.00,0.00,56.04
20:11:27,7,18.39,0.00,18.39,0.00,0.00,4.60,0.00,0.00,0.00,58.62
20:11:27,12,23.60,0.00,14.61,0.00,0.00,4.49,0.00,0.00,0.00,57.30
20:11:27,13,22.83,0.00,16.30,0.00,0.00,5.43,0.00,0.00,0.00,55.43
20:11:27,14,23.08,0.00,15.38,0.00,0.00,6.59,0.00,0.00,0.00,54.95
20:11:27,15,17.98,0.00,17.98,0.00,0.00,5.62,0.00,0.00,0.00,58.43
20:11:28,4,21.35,0.00,16.85,0.00,0.00,4.49,0.00,0.00,0.00,57.30
20:11:28,5,19.54,0.00,17.24,0.00,0.00,4.60,0.00,0.00,0.00,58.62
20:11:28,6,20.88,0.00,17.58,0.00,0.00,4.40,0.00,0.00,0.00,57.14
20:11:28,7,17.98,0.00,17.98,0.00,0.00,5.62,0.00,0.00,0.00,58.43
20:11:28,12,20.65,0.00,17.39,0.00,0.00,5.43,0.00,0.00,0.00,56.52
20:11:28,13,20.93,0.00,16.28,0.00,0.00,4.65,0.00,0.00,0.00,58.14
20:11:28,14,20.22,0.00,16.85,0.00,0.00,5.62,0.00,0.00,0.00,57.30
20:11:28,15,21.59,0.00,15.91,0.00,0.00,4.55,0.00,0.00,0.00,57.95
20:11:29,4,20.22,0.00,16.85,0.00,0.00,4.49,0.00,0.00,0.00,58.43
20:11:29,5,19.32,0.00,15.91,0.00,0.00,6.82,0.00,0.00,0.00,57.95
20:11:29,6,22.73,0.00,12.50,0.00,0.00,6.82,0.00,0.00,0.00,57.95
20:11:29,7,21.59,0.00,15.91,0.00,0.00,4.55,0.00,0.00,0.00,57.95
20:11:29,12,20.69,0.00,16.09,0.00,0.00,4.60,0.00,0.00,0.00,58.62
20:11:29,13,22.22,0.00,16.67,0.00,0.00,5.56,0.00,0.00,0.00,55.56
20:11:29,14,19.54,0.00,18.39,0.00,0.00,3.45,0.00,0.00,0.00,58.62
20:11:29,15,22.47,0.00,13.48,0.00,0.00,5.62,0.00,0.00,0.00,58.43
20:11:30,4,20.69,0.00,18.39,0.00,0.00,4.60,0.00,0.00,0.00,56.32
20:11:30,5,21.98,0.00,17.58,1.10,0.00,4.40,0.00,0.00,0.00,54.95
20:11:30,6,19.10,0.00,16.85,0.00,0.00,5.62,0.00,0.00,0.00,58.43
20:11:30,7,21.28,0.00,18.09,0.00,0.00,5.32,0.00,0.00,0.00,55.32
20:11:30,12,21.84,0.00,14.94,0.00,0.00,4.60,0.00,0.00,0.00,58.62
20:11:30,13,21.98,0.00,16.48,0.00,0.00,5.49,0.00,0.00,0.00,56.04
20:11:30,14,19.10,0.00,16.85,0.00,0.00,6.74,0.00,0.00,0.00,57.30
20:11:30,15,19.32,0.00,17.05,0.00,0.00,4.55,0.00,0.00,0.00,59.09
20:11:31,4,21.35,0.00,16.85,0.00,0.00,6.74,0.00,0.00,0.00,55.06
20:11:31,5,20.24,0.00,17.86,0.00,0.00,3.57,0.00,0.00,0.00,58.33
20:11:31,6,21.35,0.00,19.10,2.25,0.00,4.49,0.00,0.00,0.00,52.81
20:11:31,7,22.22,0.00,16.67,0.00,0.00,4.44,0.00,0.00,0.00,56.67
20:11:31,12,24.73,0.00,16.13,0.00,0.00,6.45,0.00,0.00,0.00,52.69
20:11:31,13,23.33,0.00,17.78,0.00,0.00,5.56,0.00,0.00,0.00,53.33
20:11:31,14,20.69,0.00,17.24,0.00,0.00,5.75,0.00,0.00,0.00,56.32
20:11:31,15,23.33,0.00,14.44,0.00,0.00,6.67,0.00,0.00,0.00,55.56
20:11:32,4,21.35,0.00,16.85,0.00,0.00,5.62,0.00,0.00,0.00,56.18
20:11:32,5,21.74,0.00,17.39,0.00,0.00,5.43,0.00,0.00,0.00,55.43
20:11:32,6,19.77,0.00,15.12,0.00,0.00,5.81,0.00,0.00,0.00,59.30
20:11:32,7,21.59,0.00,15.91,0.00,0.00,4.55,0.00,0.00,0.00,57.95
20:11:32,12,22.47,0.00,15.73,0.00,0.00,4.49,0.00,0.00,0.00,57.30
20:11:32,13,20.22,0.00,15.73,0.00,0.00,5.62,0.00,0.00,0.00,58.43
20:11:32,14,21.84,0.00,14.94,0.00,0.00,4.60,0.00,0.00,0.00,58.62
20:11:32,15,21.98,0.00,14.29,0.00,0.00,6.59,0.00,0.00,0.00,57.14
20:11:33,4,21.59,0.00,15.91,0.00,0.00,5.68,0.00,0.00,0.00,56.82
20:11:33,5,18.60,0.00,17.44,0.00,0.00,5.81,0.00,0.00,0.00,58.14
20:11:33,6,21.35,0.00,15.73,0.00,0.00,5.62,0.00,0.00,0.00,57.30
20:11:33,7,20.22,0.00,16.85,0.00,0.00,4.49,0.00,0.00,0.00,58.43
20:11:33,12,21.84,0.00,13.79,0.00,0.00,5.75,0.00,0.00,0.00,58.62
20:11:33,13,21.35,0.00,15.73,0.00,0.00,5.62,0.00,0.00,0.00,57.30
20:11:33,14,21.35,0.00,17.98,0.00,0.00,4.49,0.00,0.00,0.00,56.18
20:11:33,15,20.88,0.00,16.48,0.00,0.00,6.59,0.00,0.00,0.00,56.04
20:11:34,4,22.47,0.00,15.73,0.00,0.00,5.62,0.00,0.00,0.00,56.18
20:11:34,5,19.32,0.00,17.05,0.00,0.00,5.68,0.00,0.00,0.00,57.95
20:11:34,6,19.54,0.00,17.24,0.00,0.00,5.75,0.00,0.00,0.00,57.47
20:11:34,7,20.93,0.00,13.95,0.00,0.00,5.81,0.00,0.00,0.00,59.30
20:11:34,12,21.35,0.00,15.73,0.00,0.00,6.74,0.00,0.00,0.00,56.18
20:11:34,13,21.35,0.00,16.85,0.00,0.00,5.62,0.00,0.00,0.00,56.18
20:11:34,14,20.45,0.00,17.05,0.00,0.00,5.68,0.00,0.00,0.00,56.82
20:11:34,15,19.77,0.00,16.28,0.00,0.00,4.65,0.00,0.00,0.00,59.30
20:11:35,4,20.22,0.00,16.85,1.12,0.00,4.49,0.00,0.00,0.00,57.30
20:11:35,5,21.98,0.00,18.68,0.00,0.00,5.49,0.00,0.00,0.00,53.85
20:11:35,6,21.11,0.00,15.56,0.00,0.00,6.67,0.00,0.00,0.00,56.67
20:11:35,7,20.00,0.00,16.67,1.11,0.00,5.56,0.00,0.00,0.00,56.67
20:11:35,12,19.77,0.00,17.44,1.16,0.00,4.65,0.00,0.00,0.00,56.98
20:11:35,13,22.09,0.00,16.28,0.00,0.00,4.65,0.00,0.00,0.00,56.98
20:11:35,14,19.32,0.00,17.05,0.00,0.00,5.68,0.00,0.00,0.00,57.95
20:11:35,15,17.98,0.00,17.98,0.00,0.00,5.62,0.00,0.00,0.00,58.43
20:11:36,4,22.47,0.00,17.98,0.00,0.00,4.49,0.00,0.00,0.00,55.06
20:11:36,5,22.73,0.00,20.45,0.00,0.00,4.55,0.00,0.00,0.00,52.27
20:11:36,6,25.84,0.00,14.61,0.00,0.00,4.49,0.00,0.00,0.00,55.06
20:11:36,7,21.59,0.00,15.91,0.00,0.00,5.68,0.00,0.00,0.00,56.82
20:11:36,12,22.22,0.00,20.00,0.00,0.00,3.33,0.00,0.00,0.00,54.44
20:11:36,13,20.45,0.00,17.05,0.00,0.00,6.82,0.00,0.00,0.00,55.68
20:11:36,14,23.26,0.00,16.28,1.16,0.00,3.49,0.00,0.00,0.00,55.81
20:11:36,15,23.26,0.00,13.95,0.00,0.00,4.65,0.00,0.00,0.00,58.14
20:11:37,4,22.99,0.00,12.64,0.00,0.00,5.75,0.00,0.00,0.00,58.62
20:11:37,5,22.47,0.00,15.73,0.00,0.00,4.49,0.00,0.00,0.00,57.30
20:11:37,6,22.47,0.00,15.73,0.00,0.00,4.49,0.00,0.00,0.00,57.30
20:11:37,7,20.69,0.00,14.94,0.00,0.00,4.60,0.00,0.00,0.00,59.77
20:11:37,12,21.84,0.00,16.09,0.00,0.00,4.60,0.00,0.00,0.00,57.47
20:11:37,13,21.11,0.00,16.67,0.00,0.00,5.56,0.00,0.00,0.00,56.67
20:11:37,14,22.73,0.00,13.64,0.00,0.00,5.68,0.00,0.00,0.00,57.95
20:11:37,15,20.65,0.00,17.39,0.00,0.00,5.43,0.00,0.00,0.00,56.52
20:11:38,4,22.47,0.00,15.73,0.00,0.00,4.49,0.00,0.00,0.00,57.30
20:11:38,5,22.47,0.00,15.73,0.00,0.00,4.49,0.00,0.00,0.00,57.30
20:11:38,6,20.00,0.00,17.78,0.00,0.00,4.44,0.00,0.00,0.00,57.78
20:11:38,7,18.60,0.00,16.28,0.00,0.00,4.65,0.00,0.00,0.00,60.47
20:11:38,12,21.98,0.00,17.58,0.00,0.00,5.49,0.00,0.00,0.00,54.95
20:11:38,13,22.47,0.00,15.73,0.00,0.00,5.62,0.00,0.00,0.00,56.18
20:11:38,14,21.98,0.00,16.48,0.00,0.00,5.49,0.00,0.00,0.00,56.04
20:11:38,15,21.59,0.00,15.91,0.00,0.00,4.55,0.00,0.00,0.00,57.95
20:11:39,4,23.33,0.00,14.44,0.00,0.00,5.56,0.00,0.00,0.00,56.67
20:11:39,5,22.73,0.00,15.91,0.00,0.00,4.55,0.00,0.00,0.00,56.82
20:11:39,6,20.45,0.00,15.91,0.00,0.00,4.55,0.00,0.00,0.00,59.09
20:11:39,7,18.68,0.00,18.68,0.00,0.00,5.49,0.00,0.00,0.00,57.14
20:11:39,12,19.77,0.00,16.28,0.00,0.00,5.81,0.00,0.00,0.00,58.14
20:11:39,13,19.32,0.00,17.05,0.00,0.00,5.68,0.00,0.00,0.00,57.95
20:11:39,14,20.69,0.00,17.24,0.00,0.00,4.60,0.00,0.00,0.00,57.47
20:11:39,15,18.39,0.00,17.24,0.00,0.00,5.75,0.00,0.00,0.00,58.62
20:11:40,4,21.35,0.00,19.10,0.00,0.00,4.49,0.00,0.00,0.00,55.06
20:11:40,5,22.99,0.00,14.94,0.00,0.00,5.75,0.00,0.00,0.00,56.32
20:11:40,6,19.54,0.00,17.24,0.00,0.00,4.60,0.00,0.00,0.00,58.62
20:11:40,7,20.69,0.00,16.09,0.00,0.00,3.45,0.00,0.00,0.00,59.77
20:11:40,12,21.35,0.00,15.73,0.00,0.00,6.74,0.00,0.00,0.00,56.18
20:11:40,13,22.73,0.00,15.91,0.00,0.00,4.55,0.00,0.00,0.00,56.82
20:11:40,14,20.00,0.00,17.78,0.00,0.00,4.44,0.00,0.00,0.00,57.78
20:11:40,15,20.45,0.00,15.91,0.00,0.00,4.55,0.00,0.00,0.00,59.09
20:11:41,4,20.93,0.00,16.28,0.00,0.00,4.65,0.00,0.00,0.00,58.14
20:11:41,5,22.47,0.00,19.10,0.00,0.00,3.37,0.00,0.00,0.00,55.06
20:11:41,6,22.47,0.00,15.73,0.00,0.00,4.49,0.00,0.00,0.00,57.30
20:11:41,7,21.18,0.00,14.12,0.00,0.00,4.71,0.00,0.00,0.00,60.00
20:11:41,12,24.18,0.00,17.58,2.20,0.00,4.40,0.00,0.00,0.00,51.65
20:11:41,13,23.33,0.00,16.67,0.00,0.00,6.67,0.00,0.00,0.00,53.33
20:11:41,14,22.99,0.00,13.79,0.00,0.00,4.60,0.00,0.00,0.00,58.62
20:11:41,15,20.43,0.00,19.35,0.00,0.00,5.38,0.00,0.00,0.00,54.84
20:11:42,4,20.45,0.00,18.18,0.00,0.00,4.55,0.00,0.00,0.00,56.82
20:11:42,5,21.11,0.00,15.56,0.00,0.00,5.56,0.00,0.00,0.00,57.78
20:11:42,6,22.73,0.00,15.91,0.00,0.00,3.41,0.00,0.00,0.00,57.95
20:11:42,7,20.00,0.00,15.56,0.00,0.00,6.67,0.00,0.00,0.00,57.78
20:11:42,12,23.08,0.00,14.29,0.00,0.00,5.49,0.00,0.00,0.00,57.14
20:11:42,13,22.22,0.00,16.67,0.00,0.00,4.44,0.00,0.00,0.00,56.67
20:11:42,14,20.69,0.00,16.09,0.00,0.00,4.60,0.00,0.00,0.00,58.62
20:11:42,15,20.00,0.00,16.67,0.00,0.00,5.56,0.00,0.00,0.00,57.78
20:11:43,4,20.69,0.00,14.94,0.00,0.00,4.60,0.00,0.00,0.00,59.77
20:11:43,5,21.11,0.00,18.89,0.00,0.00,3.33,0.00,0.00,0.00,56.67
20:11:43,6,21.35,0.00,14.61,0.00,0.00,5.62,0.00,0.00,0.00,58.43
20:11:43,7,21.59,0.00,13.64,0.00,0.00,4.55,0.00,0.00,0.00,60.23
20:11:43,12,20.45,0.00,17.05,0.00,0.00,4.55,0.00,0.00,0.00,57.95
20:11:43,13,21.84,0.00,14.94,0.00,0.00,4.60,0.00,0.00,0.00,58.62
20:11:43,14,20.00,0.00,17.78,0.00,0.00,4.44,0.00,0.00,0.00,57.78
20:11:43,15,20.00,0.00,16.67,0.00,0.00,4.44,0.00,0.00,0.00,58.89
20:11:44,4,18.89,0.00,18.89,0.00,0.00,5.56,0.00,0.00,0.00,56.67
20:11:44,5,20.69,0.00,14.94,0.00,0.00,4.60,0.00,0.00,0.00,59.77
20:11:44,6,21.59,0.00,14.77,0.00,0.00,4.55,0.00,0.00,0.00,59.09
20:11:44,7,19.10,0.00,16.85,0.00,0.00,5.62,0.00,0.00,0.00,58.43
20:11:44,12,21.98,0.00,15.38,0.00,0.00,5.49,0.00,0.00,0.00,57.14
20:11:44,13,20.69,0.00,16.09,0.00,0.00,4.60,0.00,0.00,0.00,58.62
20:11:44,14,22.47,0.00,15.73,0.00,0.00,3.37,0.00,0.00,0.00,58.43
20:11:44,15,19.32,0.00,17.05,0.00,0.00,4.55,0.00,0.00,0.00,59.09
20:11:45,4,22.34,0.00,15.96,1.06,0.00,5.32,0.00,0.00,0.00,55.32
20:11:45,5,20.88,0.00,16.48,0.00,0.00,5.49,0.00,0.00,0.00,57.14
20:11:45,6,19.32,0.00,17.05,0.00,0.00,5.68,0.00,0.00,0.00,57.95
20:11:45,7,21.59,0.00,14.77,0.00,0.00,4.55,0.00,0.00,0.00,59.09
20:11:45,12,21.11,0.00,16.67,0.00,0.00,4.44,0.00,0.00,0.00,57.78
20:11:45,13,22.22,0.00,15.56,0.00,0.00,4.44,0.00,0.00,0.00,57.78
20:11:45,14,21.98,0.00,16.48,0.00,0.00,5.49,0.00,0.00,0.00,56.04
20:11:45,15,22.99,0.00,14.94,0.00,0.00,3.45,0.00,0.00,0.00,58.62
20:11:46,4,21.11,0.00,17.78,0.00,0.00,6.67,0.00,0.00,0.00,54.44
20:11:46,5,22.22,0.00,16.67,0.00,0.00,5.56,0.00,0.00,0.00,55.56
20:11:46,6,22.22,0.00,16.67,0.00,0.00,5.56,0.00,0.00,0.00,55.56
20:11:46,7,19.77,0.00,16.28,0.00,0.00,5.81,0.00,0.00,0.00,58.14
20:11:46,12,19.32,0.00,20.45,0.00,0.00,5.68,0.00,0.00,0.00,54.55
20:11:46,13,25.27,0.00,17.58,0.00,0.00,4.40,0.00,0.00,0.00,52.75
20:11:46,14,23.08,0.00,17.58,0.00,0.00,5.49,0.00,0.00,0.00,53.85
20:11:46,15,21.18,0.00,15.29,0.00,0.00,3.53,0.00,0.00,0.00,60.00
20:11:47,4,20.65,0.00,16.30,0.00,0.00,6.52,0.00,0.00,0.00,56.52
20:11:47,5,22.73,0.00,14.77,0.00,0.00,4.55,0.00,0.00,0.00,57.95
20:11:47,6,19.54,0.00,17.24,0.00,0.00,4.60,0.00,0.00,0.00,58.62
20:11:47,7,18.89,0.00,17.78,0.00,0.00,4.44,0.00,0.00,0.00,58.89
20:11:47,12,20.45,0.00,17.05,0.00,0.00,4.55,0.00,0.00,0.00,57.95
20:11:47,13,19.32,0.00,15.91,0.00,0.00,5.68,0.00,0.00,0.00,59.09
20:11:47,14,22.22,0.00,15.56,0.00,0.00,4.44,0.00,0.00,0.00,57.78
20:11:47,15,18.68,0.00,19.78,0.00,0.00,4.40,0.00,0.00,0.00,57.14
20:11:48,4,23.08,0.00,16.48,0.00,0.00,5.49,0.00,0.00,0.00,54.95
20:11:48,5,22.47,0.00,16.85,0.00,0.00,4.49,0.00,0.00,0.00,56.18
20:11:48,6,21.35,0.00,15.73,0.00,0.00,5.62,0.00,0.00,0.00,57.30
20:11:48,7,17.98,0.00,17.98,0.00,0.00,5.62,0.00,0.00,0.00,58.43
20:11:48,12,20.22,0.00,17.98,0.00,0.00,5.62,0.00,0.00,0.00,56.18
20:11:48,13,25.00,0.00,14.13,0.00,0.00,4.35,0.00,0.00,0.00,56.52
20:11:48,14,22.22,0.00,16.67,0.00,0.00,4.44,0.00,0.00,0.00,56.67
20:11:48,15,19.32,0.00,14.77,0.00,0.00,5.68,0.00,0.00,0.00,60.23
20:11:49,4,21.11,0.00,14.44,0.00,0.00,6.67,0.00,0.00,0.00,57.78
20:11:49,5,21.98,0.00,16.48,0.00,0.00,5.49,0.00,0.00,0.00,56.04
20:11:49,6,20.45,0.00,15.91,0.00,0.00,5.68,0.00,0.00,0.00,57.95
20:11:49,7,22.99,0.00,13.79,0.00,0.00,3.45,0.00,0.00,0.00,59.77
20:11:49,12,19.54,0.00,17.24,0.00,0.00,4.60,0.00,0.00,0.00,58.62
20:11:49,13,20.45,0.00,19.32,0.00,0.00,4.55,0.00,0.00,0.00,55.68
20:11:49,14,18.60,0.00,16.28,0.00,0.00,4.65,0.00,0.00,0.00,60.47
20:11:49,15,20.22,0.00,15.73,0.00,0.00,5.62,0.00,0.00,0.00,58.43
20:11:50,4,20.69,0.00,14.94,0.00,0.00,5.75,0.00,0.00,0.00,58.62
20:11:50,5,22.73,0.00,13.64,0.00,0.00,5.68,0.00,0.00,0.00,57.95
20:11:50,6,20.88,0.00,17.58,1.10,0.00,4.40,0.00,0.00,0.00,56.04
20:11:50,7,19.32,0.00,17.05,0.00,0.00,4.55,0.00,0.00,0.00,59.09
20:11:50,12,22.83,0.00,15.22,0.00,0.00,5.43,0.00,0.00,0.00,56.52
20:11:50,13,21.84,0.00,13.79,1.15,0.00,4.60,0.00,0.00,0.00,58.62
20:11:50,14,22.58,0.00,15.05,0.00,0.00,6.45,0.00,0.00,0.00,55.91
20:11:50,15,20.88,0.00,16.48,0.00,0.00,6.59,0.00,0.00,0.00,56.04
20:11:51,4,25.27,0.00,18.68,1.10,0.00,4.40,0.00,0.00,0.00,50.55
20:11:51,5,23.33,0.00,16.67,0.00,0.00,4.44,0.00,0.00,0.00,55.56
20:11:51,6,20.93,0.00,17.44,0.00,0.00,4.65,0.00,0.00,0.00,56.98
20:11:51,7,23.33,0.00,17.78,0.00,0.00,4.44,0.00,0.00,0.00,54.44
20:11:51,12,21.84,0.00,18.39,0.00,0.00,4.60,0.00,0.00,0.00,55.17
20:11:51,13,21.35,0.00,17.98,0.00,0.00,5.62,0.00,0.00,0.00,55.06
20:11:51,14,22.09,0.00,16.28,0.00,0.00,4.65,0.00,0.00,0.00,56.98
20:11:51,15,23.86,0.00,15.91,0.00,0.00,3.41,0.00,0.00,0.00,56.82
20:11:52,4,20.69,0.00,16.09,0.00,0.00,4.60,0.00,0.00,0.00,58.62
20:11:52,5,22.99,0.00,13.79,0.00,0.00,4.60,0.00,0.00,0.00,58.62
20:11:52,6,19.54,0.00,14.94,0.00,0.00,5.75,0.00,0.00,0.00,59.77
20:11:52,7,18.68,0.00,17.58,0.00,0.00,6.59,0.00,0.00,0.00,57.14
20:11:52,12,23.91,0.00,17.39,0.00,0.00,4.35,0.00,0.00,0.00,54.35
20:11:52,13,22.34,0.00,15.96,0.00,0.00,6.38,0.00,0.00,0.00,55.32
20:11:52,14,20.22,0.00,15.73,0.00,0.00,5.62,0.00,0.00,0.00,58.43
20:11:52,15,21.59,0.00,14.77,0.00,0.00,5.68,0.00,0.00,0.00,57.95
20:11:53,4,20.21,0.00,18.09,0.00,0.00,6.38,0.00,0.00,0.00,55.32
20:11:53,5,22.47,0.00,13.48,0.00,0.00,6.74,0.00,0.00,0.00,57.30
20:11:53,6,19.78,0.00,17.58,0.00,0.00,5.49,0.00,0.00,0.00,57.14
20:11:53,7,17.44,0.00,17.44,0.00,0.00,4.65,0.00,0.00,0.00,60.47
20:11:53,12,19.32,0.00,15.91,0.00,0.00,5.68,0.00,0.00,0.00,59.09
20:11:53,13,21.84,0.00,13.79,0.00,0.00,4.60,0.00,0.00,0.00,59.77
20:11:53,14,22.73,0.00,15.91,0.00,0.00,3.41,0.00,0.00,0.00,57.95
20:11:53,15,18.18,0.00,17.05,0.00,0.00,4.55,0.00,0.00,0.00,60.23
20:11:54,4,19.54,0.00,16.09,0.00,0.00,5.75,0.00,0.00,0.00,58.62
20:11:54,5,21.84,0.00,16.09,0.00,0.00,4.60,0.00,0.00,0.00,57.47
20:11:54,6,21.59,0.00,17.05,0.00,0.00,4.55,0.00,0.00,0.00,56.82
20:11:54,7,20.43,0.00,16.13,0.00,0.00,6.45,0.00,0.00,0.00,56.99
20:11:54,12,22.47,0.00,14.61,0.00,0.00,4.49,0.00,0.00,0.00,58.43
20:11:54,13,20.69,0.00,13.79,0.00,0.00,5.75,0.00,0.00,0.00,59.77
20:11:54,14,20.22,0.00,16.85,0.00,0.00,5.62,0.00,0.00,0.00,57.30
20:11:54,15,19.54,0.00,16.09,0.00,0.00,5.75,0.00,0.00,0.00,58.62
20:11:55,4,23.86,0.00,14.77,0.00,0.00,4.55,0.00,0.00,0.00,56.82
20:11:55,5,21.35,0.00,16.85,0.00,0.00,4.49,0.00,0.00,0.00,57.30
20:11:55,6,17.98,0.00,19.10,0.00,0.00,5.62,0.00,0.00,0.00,57.30
20:11:55,7,21.59,0.00,14.77,1.14,0.00,4.55,0.00,0.00,0.00,57.95
20:11:55,12,22.73,0.00,15.91,0.00,0.00,4.55,0.00,0.00,0.00,56.82
20:11:55,13,24.44,0.00,15.56,0.00,0.00,3.33,0.00,0.00,0.00,56.67
20:11:55,14,22.22,0.00,14.44,1.11,0.00,5.56,0.00,0.00,0.00,56.67
20:11:55,15,19.78,0.00,17.58,0.00,0.00,4.40,0.00,0.00,0.00,58.24
20:11:56,4,23.60,0.00,17.98,0.00,0.00,4.49,0.00,0.00,0.00,53.93
20:11:56,5,22.99,0.00,16.09,0.00,0.00,4.60,0.00,0.00,0.00,56.32
20:11:56,6,23.86,0.00,15.91,0.00,0.00,4.55,0.00,0.00,0.00,55.68
20:11:56,7,22.47,0.00,14.61,0.00,0.00,5.62,0.00,0.00,0.00,57.30
20:11:56,12,22.99,0.00,19.54,1.15,0.00,5.75,0.00,0.00,0.00,50.57
20:11:56,13,23.33,0.00,15.56,0.00,0.00,5.56,0.00,0.00,0.00,55.56
20:11:56,14,23.86,0.00,17.05,0.00,0.00,3.41,0.00,0.00,0.00,55.68
20:11:56,15,20.69,0.00,14.94,0.00,0.00,5.75,0.00,0.00,0.00,58.62
20:11:57,4,20.00,0.00,15.56,0.00,0.00,6.67,0.00,0.00,0.00,57.78
20:11:57,5,21.11,0.00,16.67,0.00,0.00,5.56,0.00,0.00,0.00,56.67
20:11:57,6,20.45,0.00,17.05,0.00,0.00,3.41,0.00,0.00,0.00,59.09
20:11:57,7,20.22,0.00,17.98,0.00,0.00,4.49,0.00,0.00,0.00,57.30
20:11:57,12,22.58,0.00,18.28,0.00,0.00,3.23,0.00,0.00,0.00,55.91
20:11:57,13,22.47,0.00,14.61,0.00,0.00,4.49,0.00,0.00,0.00,58.43
20:11:57,14,21.84,0.00,14.94,0.00,0.00,4.60,0.00,0.00,0.00,58.62
20:11:57,15,20.69,0.00,16.09,0.00,0.00,4.60,0.00,0.00,0.00,58.62
20:11:58,4,20.45,0.00,17.05,0.00,0.00,5.68,0.00,0.00,0.00,56.82
20:11:58,5,20.45,0.00,14.77,0.00,0.00,5.68,0.00,0.00,0.00,59.09
20:11:58,6,21.98,0.00,15.38,0.00,0.00,5.49,0.00,0.00,0.00,57.14
20:11:58,7,20.69,0.00,14.94,0.00,0.00,3.45,0.00,0.00,0.00,60.92
20:11:58,12,20.00,0.00,16.67,0.00,0.00,5.56,0.00,0.00,0.00,57.78
20:11:58,13,21.84,0.00,14.94,0.00,0.00,4.60,0.00,0.00,0.00,58.62
20:11:58,14,23.33,0.00,13.33,0.00,0.00,5.56,0.00,0.00,0.00,57.78
20:11:58,15,20.43,0.00,17.20,0.00,0.00,5.38,0.00,0.00,0.00,56.99
20:11:59,4,20.88,0.00,17.58,0.00,0.00,5.49,0.00,0.00,0.00,56.04
20:11:59,5,20.45,0.00,18.18,0.00,0.00,3.41,0.00,0.00,0.00,57.95
20:11:59,6,21.84,0.00,14.94,0.00,0.00,4.60,0.00,0.00,0.00,58.62
20:11:59,7,20.88,0.00,17.58,0.00,0.00,4.40,0.00,0.00,0.00,57.14
20:11:59,12,21.35,0.00,15.73,0.00,0.00,4.49,0.00,0.00,0.00,58.43
20:11:59,13,20.69,0.00,14.94,0.00,0.00,5.75,0.00,0.00,0.00,58.62
20:11:59,14,22.22,0.00,16.67,0.00,0.00,4.44,0.00,0.00,0.00,56.67
20:11:59,15,21.59,0.00,14.77,0.00,0.00,4.55,0.00,0.00,0.00,59.09
20:12:00,4,23.33,0.00,16.67,0.00,0.00,3.33,0.00,0.00,0.00,56.67
20:12:00,5,20.22,0.00,15.73,0.00,0.00,5.62,0.00,0.00,0.00,58.43
20:12:00,6,19.10,0.00,16.85,0.00,0.00,5.62,0.00,0.00,0.00,58.43
20:12:00,7,20.00,0.00,16.67,0.00,0.00,4.44,0.00,0.00,0.00,58.89
20:12:00,12,20.69,0.00,17.24,0.00,0.00,3.45,0.00,0.00,0.00,58.62
20:12:00,13,22.47,0.00,15.73,0.00,0.00,4.49,0.00,0.00,0.00,57.30
20:12:00,14,21.59,0.00,15.91,0.00,0.00,3.41,0.00,0.00,0.00,59.09
20:12:00,15,20.00,0.00,18.89,0.00,0.00,3.33,0.00,0.00,0.00,57.78
20:12:01,4,20.43,0.00,18.28,0.00,0.00,6.45,0.00,0.00,0.00,54.84
20:12:01,5,22.22,0.00,16.67,0.00,0.00,5.56,0.00,0.00,0.00,55.56
20:12:01,6,21.11,0.00,16.67,0.00,0.00,5.56,0.00,0.00,0.00,56.67
20:12:01,7,19.10,0.00,16.85,0.00,0.00,5.62,0.00,0.00,0.00,58.43
20:12:01,12,22.47,0.00,16.85,0.00,0.00,4.49,0.00,0.00,0.00,56.18
20:12:01,13,20.69,0.00,17.24,0.00,0.00,5.75,0.00,0.00,0.00,56.32
20:12:01,14,20.93,0.00,16.28,0.00,0.00,3.49,0.00,0.00,0.00,59.30
20:12:01,15,19.10,0.00,15.73,0.00,0.00,6.74,0.00,0.00,0.00,58.43
20:12:02,4,21.59,0.00,17.05,0.00,0.00,4.55,0.00,0.00,0.00,56.82
20:12:02,5,21.59,0.00,17.05,0.00,0.00,4.55,0.00,0.00,0.00,56.82
20:12:02,6,25.84,0.00,16.85,0.00,0.00,3.37,0.00,0.00,0.00,53.93
20:12:02,7,20.22,0.00,16.85,0.00,0.00,5.62,0.00,0.00,0.00,57.30
20:12:02,12,19.10,0.00,17.98,0.00,0.00,6.74,0.00,0.00,0.00,56.18
20:12:02,13,25.56,0.00,14.44,0.00,0.00,4.44,0.00,0.00,0.00,55.56
20:12:02,14,23.86,0.00,17.05,0.00,0.00,4.55,0.00,0.00,0.00,54.55
20:12:02,15,23.91,0.00,15.22,0.00,0.00,5.43,0.00,0.00,0.00,55.43
20:12:03,4,23.33,0.00,15.56,0.00,0.00,4.44,0.00,0.00,0.00,56.67
20:12:03,5,21.11,0.00,15.56,0.00,0.00,5.56,0.00,0.00,0.00,57.78
20:12:03,6,19.32,0.00,14.77,0.00,0.00,6.82,0.00,0.00,0.00,59.09
20:12:03,7,20.88,0.00,16.48,0.00,0.00,4.40,0.00,0.00,0.00,58.24
20:12:03,12,21.74,0.00,17.39,0.00,0.00,4.35,0.00,0.00,0.00,56.52
20:12:03,13,20.69,0.00,17.24,0.00,0.00,3.45,0.00,0.00,0.00,58.62
20:12:03,14,22.47,0.00,14.61,0.00,0.00,4.49,0.00,0.00,0.00,58.43
20:12:03,15,19.54,0.00,16.09,0.00,0.00,4.60,0.00,0.00,0.00,59.77
20:12:04,4,17.98,0.00,21.35,0.00,0.00,4.49,0.00,0.00,0.00,56.18
20:12:04,5,21.35,0.00,15.73,0.00,0.00,4.49,0.00,0.00,0.00,58.43
20:12:04,6,22.22,0.00,15.56,0.00,0.00,4.44,0.00,0.00,0.00,57.78
20:12:04,7,18.60,0.00,16.28,0.00,0.00,4.65,0.00,0.00,0.00,60.47
20:12:04,12,22.09,0.00,13.95,0.00,0.00,5.81,0.00,0.00,0.00,58.14
20:12:04,13,20.69,0.00,14.94,0.00,0.00,5.75,0.00,0.00,0.00,58.62
20:12:04,14,22.22,0.00,16.67,0.00,0.00,3.33,0.00,0.00,0.00,57.78
20:12:04,15,20.45,0.00,17.05,0.00,0.00,4.55,0.00,0.00,0.00,57.95
20:12:05,4,23.08,0.00,15.38,0.00,0.00,4.40,0.00,0.00,0.00,57.14
20:12:05,5,21.51,0.00,19.35,2.15,0.00,4.30,0.00,0.00,0.00,52.69
20:12:05,6,20.45,0.00,17.05,0.00,0.00,4.55,0.00,0.00,0.00,57.95
20:12:05,7,21.84,0.00,14.94,0.00,0.00,3.45,0.00,0.00,0.00,59.77
20:12:05,12,18.60,0.00,16.28,0.00,0.00,4.65,0.00,0.00,0.00,60.47
20:12:05,13,21.35,0.00,15.73,0.00,0.00,5.62,0.00,0.00,0.00,57.30
20:12:05,14,19.54,0.00,16.09,0.00,0.00,5.75,0.00,0.00,0.00,58.62
20:12:05,15,21.35,0.00,16.85,0.00,0.00,3.37,0.00,0.00,0.00,58.43
20:12:06,4,21.11,0.00,16.67,0.00,0.00,5.56,0.00,0.00,0.00,56.67
20:12:06,5,24.18,0.00,15.38,0.00,0.00,4.40,0.00,0.00,0.00,56.04
20:12:06,6,20.45,0.00,15.91,0.00,0.00,4.55,0.00,0.00,0.00,59.09
20:12:06,7,21.28,0.00,15.96,0.00,0.00,6.38,0.00,0.00,0.00,56.38
20:12:06,12,20.00,0.00,17.78,0.00,0.00,4.44,0.00,0.00,0.00,57.78
20:12:06,13,22.47,0.00,14.61,0.00,0.00,4.49,0.00,0.00,0.00,58.43
20:12:06,14,21.35,0.00,15.73,0.00,0.00,4.49,0.00,0.00,0.00,58.43
20:12:06,15,20.22,0.00,15.73,0.00,0.00,4.49,0.00,0.00,0.00,59.55
20:12:07,4,20.69,0.00,17.24,0.00,0.00,6.90,0.00,0.00,0.00,55.17
20:12:07,5,21.84,0.00,17.24,0.00,0.00,5.75,0.00,0.00,0.00,55.17
20:12:07,6,23.08,0.00,17.58,0.00,0.00,4.40,0.00,0.00,0.00,54.95
20:12:07,7,22.47,0.00,15.73,0.00,0.00,5.62,0.00,0.00,0.00,56.18
20:12:07,12,25.56,0.00,17.78,0.00,0.00,5.56,0.00,0.00,0.00,51.11
20:12:07,13,23.86,0.00,17.05,0.00,0.00,4.55,0.00,0.00,0.00,54.55
20:12:07,14,24.72,0.00,16.85,0.00,0.00,4.49,0.00,0.00,0.00,53.93
20:12:07,15,18.60,0.00,17.44,0.00,0.00,5.81,0.00,0.00,0.00,58.14
20:12:08,4,22.22,0.00,15.56,0.00,0.00,4.44,0.00,0.00,0.00,57.78
20:12:08,5,20.45,0.00,14.77,0.00,0.00,5.68,0.00,0.00,0.00,59.09
20:12:08,6,21.11,0.00,16.67,0.00,0.00,5.56,0.00,0.00,0.00,56.67
20:12:08,7,20.69,0.00,16.09,0.00,0.00,4.60,0.00,0.00,0.00,58.62
20:12:08,12,20.69,0.00,16.09,0.00,0.00,4.60,0.00,0.00,0.00,58.62
20:12:08,13,22.47,0.00,13.48,0.00,0.00,5.62,0.00,0.00,0.00,58.43
20:12:08,14,22.35,0.00,11.76,0.00,0.00,4.71,0.00,0.00,0.00,61.18
20:12:08,15,21.98,0.00,16.48,0.00,0.00,4.40,0.00,0.00,0.00,57.14
20:12:09,4,21.59,0.00,18.18,0.00,0.00,3.41,0.00,0.00,0.00,56.82
20:12:09,5,20.22,0.00,17.98,0.00,0.00,4.49,0.00,0.00,0.00,57.30
20:12:09,6,21.35,0.00,16.85,0.00,0.00,5.62,0.00,0.00,0.00,56.18
20:12:09,7,21.35,0.00,15.73,0.00,0.00,4.49,0.00,0.00,0.00,58.43
20:12:09,12,20.00,0.00,16.67,0.00,0.00,6.67,0.00,0.00,0.00,56.67
20:12:09,13,20.45,0.00,17.05,0.00,0.00,4.55,0.00,0.00,0.00,57.95
20:12:09,14,22.47,0.00,14.61,0.00,0.00,5.62,0.00,0.00,0.00,57.30
20:12:09,15,19.10,0.00,17.98,0.00,0.00,5.62,0.00,0.00,0.00,57.30
20:12:10,4,20.22,0.00,17.98,0.00,0.00,4.49,0.00,0.00,0.00,57.30
20:12:10,5,20.00,0.00,17.78,0.00,0.00,5.56,0.00,0.00,0.00,56.67
20:12:10,6,21.98,0.00,15.38,0.00,0.00,5.49,0.00,0.00,0.00,57.14
20:12:10,7,19.32,0.00,15.91,0.00,0.00,5.68,0.00,0.00,0.00,59.09
20:12:10,12,20.45,0.00,17.05,0.00,0.00,4.55,0.00,0.00,0.00,57.95
20:12:10,13,22.47,0.00,15.73,0.00,0.00,4.49,0.00,0.00,0.00,57.30
20:12:10,14,21.35,0.00,15.73,0.00,0.00,4.49,0.00,0.00,0.00,58.43
20:12:10,15,22.73,0.00,14.77,0.00,0.00,3.41,0.00,0.00,0.00,59.09
20:12:11,4,19.32,0.00,18.18,0.00,0.00,4.55,0.00,0.00,0.00,57.95
20:12:11,5,21.98,0.00,15.38,0.00,0.00,5.49,0.00,0.00,0.00,57.14
20:12:11,6,19.77,0.00,16.28,0.00,0.00,3.49,0.00,0.00,0.00,60.47
20:12:11,7,19.54,0.00,16.09,0.00,0.00,4.60,0.00,0.00,0.00,59.77
20:12:11,12,21.11,0.00,16.67,0.00,0.00,5.56,0.00,0.00,0.00,56.67
20:12:11,13,20.69,0.00,17.24,0.00,0.00,4.60,0.00,0.00,0.00,57.47
20:12:11,14,23.60,0.00,14.61,0.00,0.00,4.49,0.00,0.00,0.00,57.30
20:12:11,15,20.45,0.00,17.05,0.00,0.00,3.41,0.00,0.00,0.00,59.09
20:12:12,4,21.35,0.00,19.10,0.00,0.00,5.62,0.00,0.00,0.00,53.93
20:12:12,5,24.42,0.00,16.28,0.00,0.00,3.49,0.00,0.00,0.00,55.81
20:12:12,6,23.33,0.00,17.78,0.00,0.00,4.44,0.00,0.00,0.00,54.44
20:12:12,7,23.91,0.00,17.39,0.00,0.00,5.43,0.00,0.00,0.00,53.26
20:12:12,12,22.47,0.00,19.10,1.12,0.00,4.49,0.00,0.00,0.00,52.81
20:12:12,13,22.99,0.00,18.39,0.00,0.00,4.60,0.00,0.00,0.00,54.02
20:12:12,14,19.54,0.00,18.39,0.00,0.00,5.75,0.00,0.00,0.00,56.32
20:12:12,15,19.54,0.00,19.54,0.00,0.00,3.45,0.00,0.00,0.00,57.47
20:12:13,4,22.47,0.00,14.61,0.00,0.00,5.62,0.00,0.00,0.00,57.30
20:12:13,5,20.45,0.00,17.05,0.00,0.00,4.55,0.00,0.00,0.00,57.95
20:12:13,6,20.45,0.00,15.91,0.00,0.00,4.55,0.00,0.00,0.00,59.09
20:12:13,7,19.10,0.00,15.73,0.00,0.00,6.74,0.00,0.00,0.00,58.43
20:12:13,12,21.74,0.00,16.30,0.00,0.00,5.43,0.00,0.00,0.00,56.52
20:12:13,13,21.11,0.00,16.67,0.00,0.00,5.56,0.00,0.00,0.00,56.67
20:12:13,14,23.33,0.00,14.44,0.00,0.00,4.44,0.00,0.00,0.00,57.78
20:12:13,15,22.22,0.00,16.67,0.00,0.00,4.44,0.00,0.00,0.00,56.67
20:12:14,4,21.11,0.00,15.56,0.00,0.00,5.56,0.00,0.00,0.00,57.78
20:12:14,5,24.44,0.00,13.33,0.00,0.00,4.44,0.00,0.00,0.00,57.78
20:12:14,6,21.11,0.00,17.78,0.00,0.00,4.44,0.00,0.00,0.00,56.67
20:12:14,7,20.45,0.00,17.05,0.00,0.00,4.55,0.00,0.00,0.00,57.95
20:12:14,12,21.35,0.00,14.61,0.00,0.00,5.62,0.00,0.00,0.00,58.43
20:12:14,13,21.35,0.00,15.73,0.00,0.00,5.62,0.00,0.00,0.00,57.30
20:12:14,14,21.98,0.00,16.48,0.00,0.00,4.40,0.00,0.00,0.00,57.14
20:12:14,15,20.88,0.00,18.68,0.00,0.00,4.40,0.00,0.00,0.00,56.04
20:12:15,4,21.11,0.00,17.78,0.00,0.00,4.44,0.00,0.00,0.00,56.67
20:12:15,5,20.93,0.00,15.12,0.00,0.00,4.65,0.00,0.00,0.00,59.30
20:12:15,6,21.98,0.00,15.38,0.00,0.00,5.49,0.00,0.00,0.00,57.14
20:12:15,7,19.10,0.00,14.61,0.00,0.00,6.74,0.00,0.00,0.00,59.55
20:12:15,12,22.22,0.00,17.78,0.00,0.00,4.44,0.00,0.00,0.00,55.56
20:12:15,13,21.18,0.00,14.12,0.00,0.00,4.71,0.00,0.00,0.00,60.00
20:12:15,14,22.99,0.00,14.94,0.00,0.00,4.60,0.00,0.00,0.00,57.47
20:12:15,15,22.22,0.00,14.44,1.11,0.00,4.44,0.00,0.00,0.00,57.78
20:12:16,4,20.69,0.00,16.09,0.00,0.00,4.60,0.00,0.00,0.00,58.62
20:12:16,5,21.35,0.00,16.85,0.00,0.00,4.49,0.00,0.00,0.00,57.30
20:12:16,6,20.00,0.00,17.78,0.00,0.00,5.56,0.00,0.00,0.00,56.67
20:12:16,7,19.35,0.00,17.20,0.00,0.00,7.53,0.00,0.00,0.00,55.91
20:12:16,12,21.84,0.00,14.94,0.00,0.00,4.60,0.00,0.00,0.00,58.62
20:12:16,13,22.47,0.00,17.98,0.00,0.00,3.37,0.00,0.00,0.00,56.18
20:12:16,14,21.51,0.00,19.35,0.00,0.00,4.30,0.00,0.00,0.00,54.84
20:12:16,15,20.65,0.00,17.39,0.00,0.00,5.43,0.00,0.00,0.00,56.52
20:12:17,4,22.47,0.00,16.85,0.00,0.00,5.62,0.00,0.00,0.00,55.06
20:12:17,5,26.09,0.00,17.39,0.00,0.00,5.43,0.00,0.00,0.00,51.09
20:12:17,6,20.69,0.00,18.39,1.15,0.00,4.60,0.00,0.00,0.00,55.17
20:12:17,7,21.98,0.00,17.58,0.00,0.00,5.49,0.00,0.00,0.00,54.95
20:12:17,12,23.33,0.00,17.78,0.00,0.00,4.44,0.00,0.00,0.00,54.44
20:12:17,13,24.44,0.00,16.67,0.00,0.00,4.44,0.00,0.00,0.00,54.44
20:12:17,14,23.26,0.00,17.44,0.00,0.00,4.65,0.00,0.00,0.00,54.65
20:12:17,15,21.35,0.00,19.10,0.00,0.00,4.49,0.00,0.00,0.00,55.06
20:12:18,4,22.22,0.00,16.67,0.00,0.00,4.44,0.00,0.00,0.00,56.67
20:12:18,5,20.69,0.00,17.24,0.00,0.00,4.60,0.00,0.00,0.00,57.47
20:12:18,6,19.10,0.00,19.10,0.00,0.00,4.49,0.00,0.00,0.00,57.30
20:12:18,7,19.10,0.00,16.85,0.00,0.00,5.62,0.00,0.00,0.00,58.43
20:12:18,12,21.84,0.00,16.09,0.00,0.00,3.45,0.00,0.00,0.00,58.62
20:12:18,13,18.82,0.00,16.47,0.00,0.00,4.71,0.00,0.00,0.00,60.00
20:12:18,14,22.83,0.00,14.13,0.00,0.00,6.52,0.00,0.00,0.00,56.52
20:12:18,15,19.54,0.00,16.09,0.00,0.00,5.75,0.00,0.00,0.00,58.62
20:12:19,4,20.45,0.00,17.05,0.00,0.00,5.68,0.00,0.00,0.00,56.82
20:12:19,5,20.45,0.00,15.91,0.00,0.00,4.55,0.00,0.00,0.00,59.09
20:12:19,6,19.32,0.00,17.05,0.00,0.00,4.55,0.00,0.00,0.00,59.09
20:12:19,7,21.74,0.00,16.30,0.00,0.00,5.43,0.00,0.00,0.00,56.52
20:12:19,12,21.98,0.00,15.38,0.00,0.00,6.59,0.00,0.00,0.00,56.04
20:12:19,13,19.10,0.00,16.85,0.00,0.00,5.62,0.00,0.00,0.00,58.43
20:12:19,14,21.35,0.00,15.73,0.00,0.00,4.49,0.00,0.00,0.00,58.43
20:12:19,15,21.98,0.00,16.48,0.00,0.00,3.30,0.00,0.00,0.00,58.24
20:12:20,4,21.98,0.00,17.58,0.00,0.00,5.49,0.00,0.00,0.00,54.95
20:12:20,5,24.14,0.00,13.79,0.00,0.00,4.60,0.00,0.00,0.00,57.47
20:12:20,6,19.54,0.00,18.39,1.15,0.00,4.60,0.00,0.00,0.00,56.32
20:12:20,7,20.65,0.00,17.39,0.00,0.00,5.43,0.00,0.00,0.00,56.52
20:12:20,12,21.18,0.00,15.29,0.00,0.00,3.53,0.00,0.00,0.00,60.00
20:12:20,13,22.22,0.00,16.67,0.00,0.00,5.56,0.00,0.00,0.00,55.56
20:12:20,14,22.73,0.00,14.77,0.00,0.00,5.68,0.00,0.00,0.00,56.82
20:12:20,15,18.18,0.00,17.05,0.00,0.00,5.68,0.00,0.00,0.00,59.09
20:12:21,4,21.84,0.00,14.94,0.00,0.00,4.60,0.00,0.00,0.00,58.62
20:12:21,5,18.18,0.00,18.18,0.00,0.00,4.55,0.00,0.00,0.00,59.09
20:12:21,6,19.32,0.00,15.91,0.00,0.00,5.68,0.00,0.00,0.00,59.09
20:12:21,7,21.35,0.00,15.73,0.00,0.00,5.62,0.00,0.00,0.00,57.30
20:12:21,12,21.98,0.00,15.38,0.00,0.00,5.49,0.00,0.00,0.00,57.14
20:12:21,13,21.84,0.00,14.94,0.00,0.00,4.60,0.00,0.00,0.00,58.62
20:12:21,14,22.47,0.00,15.73,0.00,0.00,4.49,0.00,0.00,0.00,57.30
20:12:21,15,20.93,0.00,13.95,0.00,0.00,4.65,0.00,0.00,0.00,60.47
20:12:22,4,21.84,0.00,18.39,0.00,0.00,4.60,0.00,0.00,0.00,55.17
20:12:22,5,22.73,0.00,18.18,0.00,0.00,5.68,0.00,0.00,0.00,53.41
20:12:22,6,21.84,0.00,14.94,0.00,0.00,6.90,0.00,0.00,0.00,56.32
20:12:22,7,19.77,0.00,17.44,0.00,0.00,4.65,0.00,0.00,0.00,58.14
20:12:22,12,21.35,0.00,17.98,0.00,0.00,5.62,0.00,0.00,0.00,55.06
20:12:22,13,23.26,0.00,16.28,0.00,0.00,3.49,0.00,0.00,0.00,56.98
20:12:22,14,26.97,0.00,15.73,0.00,0.00,4.49,0.00,0.00,0.00,52.81
20:12:22,15,21.59,0.00,17.05,0.00,0.00,5.68,0.00,0.00,0.00,55.68
20:12:23,4,21.35,0.00,15.73,0.00,0.00,5.62,0.00,0.00,0.00,57.30
20:12:23,5,21.11,0.00,17.78,0.00,0.00,5.56,0.00,0.00,0.00,55.56
20:12:23,6,21.11,0.00,16.67,0.00,0.00,4.44,0.00,0.00,0.00,57.78
20:12:23,7,20.45,0.00,15.91,0.00,0.00,4.55,0.00,0.00,0.00,59.09
20:12:23,12,22.73,0.00,13.64,0.00,0.00,5.68,0.00,0.00,0.00,57.95
20:12:23,13,24.44,0.00,15.56,0.00,0.00,4.44,0.00,0.00,0.00,55.56
20:12:23,14,20.22,0.00,16.85,0.00,0.00,4.49,0.00,0.00,0.00,58.43
20:12:23,15,23.60,0.00,13.48,0.00,0.00,4.49,0.00,0.00,0.00,58.43
20:12:24,4,23.33,0.00,15.56,0.00,0.00,4.44,0.00,0.00,0.00,56.67
20:12:24,5,22.73,0.00,18.18,0.00,0.00,3.41,0.00,0.00,0.00,55.68
20:12:24,6,21.59,0.00,17.05,0.00,0.00,3.41,0.00,0.00,0.00,57.95
20:12:24,7,17.24,0.00,14.94,0.00,0.00,6.90,0.00,0.00,0.00,60.92
20:12:24,12,21.35,0.00,15.73,0.00,0.00,5.62,0.00,0.00,0.00,57.30
20:12:24,13,22.09,0.00,16.28,0.00,0.00,4.65,0.00,0.00,0.00,56.98
20:12:24,14,22.09,0.00,13.95,0.00,0.00,5.81,0.00,0.00,0.00,58.14
20:12:24,15,19.10,0.00,16.85,0.00,0.00,5.62,0.00,0.00,0.00,58.43
20:12:25,4,21.11,0.00,17.78,0.00,0.00,4.44,0.00,0.00,0.00,56.67
20:12:25,5,20.45,0.00,17.05,0.00,0.00,4.55,0.00,0.00,0.00,57.95
20:12:25,6,18.82,0.00,17.65,0.00,0.00,4.71,0.00,0.00,0.00,58.82
20:12:25,7,21.59,0.00,17.05,0.00,0.00,3.41,0.00,0.00,0.00,57.95
20:12:25,12,21.59,0.00,15.91,0.00,0.00,4.55,0.00,0.00,0.00,57.95
20:12:25,13,20.93,0.00,16.28,0.00,0.00,5.81,0.00,0.00,0.00,56.98
20:12:25,14,21.84,0.00,14.94,0.00,0.00,4.60,0.00,0.00,0.00,58.62
20:12:25,15,22.47,0.00,15.73,0.00,0.00,4.49,0.00,0.00,0.00,57.30
20:12:26,4,22.83,0.00,16.30,0.00,0.00,5.43,0.00,0.00,0.00,55.43
20:12:26,5,21.84,0.00,14.94,0.00,0.00,4.60,0.00,0.00,0.00,58.62
20:12:26,6,21.11,0.00,16.67,0.00,0.00,5.56,0.00,0.00,0.00,56.67
20:12:26,7,19.78,0.00,16.48,0.00,0.00,6.59,0.00,0.00,0.00,57.14
20:12:26,12,22.22,0.00,16.67,0.00,0.00,4.44,0.00,0.00,0.00,56.67
20:12:26,13,21.98,0.00,16.48,0.00,0.00,6.59,0.00,0.00,0.00,54.95
20:12:26,14,20.93,0.00,16.28,0.00,0.00,4.65,0.00,0.00,0.00,58.14
20:12:26,15,20.22,0.00,16.85,0.00,0.00,5.62,0.00,0.00,0.00,57.30
20:12:27,4,21.11,0.00,18.89,0.00,0.00,5.56,0.00,0.00,0.00,54.44
20:12:27,5,19.32,0.00,18.18,0.00,0.00,5.68,0.00,0.00,0.00,56.82
20:12:27,6,23.33,0.00,17.78,1.11,0.00,4.44,0.00,0.00,0.00,53.33
20:12:27,7,20.22,0.00,17.98,0.00,0.00,3.37,0.00,0.00,0.00,58.43
20:12:27,12,23.86,0.00,17.05,0.00,0.00,5.68,0.00,0.00,0.00,53.41
20:12:27,13,21.35,0.00,16.85,0.00,0.00,4.49,0.00,0.00,0.00,57.30
20:12:27,14,21.59,0.00,15.91,0.00,0.00,5.68,0.00,0.00,0.00,56.82
20:12:27,15,23.33,0.00,15.56,0.00,0.00,4.44,0.00,0.00,0.00,56.67
20:12:28,4,21.35,0.00,15.73,0.00,0.00,4.49,0.00,0.00,0.00,58.43
20:12:28,5,21.74,0.00,16.30,0.00,0.00,5.43,0.00,0.00,0.00,56.52
20:12:28,6,21.98,0.00,14.29,0.00,0.00,5.49,0.00,0.00,0.00,58.24
20:12:28,7,21.74,0.00,16.30,0.00,0.00,4.35,0.00,0.00,0.00,57.61
20:12:28,12,21.59,0.00,13.64,0.00,0.00,5.68,0.00,0.00,0.00,59.09
20:12:28,13,21.11,0.00,18.89,0.00,0.00,4.44,0.00,0.00,0.00,55.56
20:12:28,14,21.35,0.00,17.98,0.00,0.00,4.49,0.00,0.00,0.00,56.18
20:12:28,15,23.60,0.00,14.61,0.00,0.00,3.37,0.00,0.00,0.00,58.43
20:12:29,4,19.10,0.00,15.73,0.00,0.00,5.62,0.00,0.00,0.00,59.55
20:12:29,5,20.69,0.00,17.24,0.00,0.00,4.60,0.00,0.00,0.00,57.47
20:12:29,6,21.35,0.00,17.98,0.00,0.00,3.37,0.00,0.00,0.00,57.30
20:12:29,7,20.69,0.00,16.09,0.00,0.00,4.60,0.00,0.00,0.00,58.62
20:12:29,12,23.33,0.00,15.56,0.00,0.00,3.33,0.00,0.00,0.00,57.78
20:12:29,13,22.22,0.00,14.44,0.00,0.00,5.56,0.00,0.00,0.00,57.78
20:12:29,14,24.18,0.00,13.19,0.00,0.00,5.49,0.00,0.00,0.00,57.14
20:12:29,15,19.10,0.00,17.98,0.00,0.00,5.62,0.00,0.00,0.00,57.30
20:12:30,4,21.59,0.00,15.91,0.00,0.00,5.68,0.00,0.00,0.00,56.82
20:12:30,5,21.74,0.00,16.30,1.09,0.00,6.52,0.00,0.00,0.00,54.35
20:12:30,6,19.32,0.00,17.05,0.00,0.00,4.55,0.00,0.00,0.00,59.09
20:12:30,7,21.11,0.00,15.56,0.00,0.00,5.56,0.00,0.00,0.00,57.78
20:12:30,12,19.54,0.00,14.94,0.00,0.00,6.90,0.00,0.00,0.00,58.62
20:12:30,13,21.59,0.00,15.91,0.00,0.00,4.55,0.00,0.00,0.00,57.95
20:12:30,14,20.88,0.00,17.58,0.00,0.00,5.49,0.00,0.00,0.00,56.04
20:12:30,15,20.45,0.00,15.91,0.00,0.00,4.55,0.00,0.00,0.00,59.09
20:12:31,4,19.32,0.00,17.05,0.00,0.00,5.68,0.00,0.00,0.00,57.95
20:12:31,5,21.35,0.00,16.85,0.00,0.00,5.62,0.00,0.00,0.00,56.18
20:12:31,6,19.10,0.00,16.85,0.00,0.00,6.74,0.00,0.00,0.00,57.30
20:12:31,7,20.22,0.00,15.73,0.00,0.00,5.62,0.00,0.00,0.00,58.43
20:12:31,12,20.93,0.00,15.12,0.00,0.00,3.49,0.00,0.00,0.00,60.47
20:12:31,13,23.91,0.00,15.22,0.00,0.00,5.43,0.00,0.00,0.00,55.43
20:12:31,14,22.22,0.00,15.56,0.00,0.00,5.56,0.00,0.00,0.00,56.67
20:12:31,15,19.32,0.00,18.18,0.00,0.00,3.41,0.00,0.00,0.00,59.09
20:12:32,4,24.14,0.00,17.24,2.30,0.00,4.60,0.00,0.00,0.00,51.72
20:12:32,5,22.22,0.00,16.67,0.00,0.00,6.67,0.00,0.00,0.00,54.44
20:12:32,6,22.47,0.00,17.98,0.00,0.00,4.49,0.00,0.00,0.00,55.06
20:12:32,7,20.00,0.00,15.56,0.00,0.00,5.56,0.00,0.00,0.00,58.89
20:12:32,12,21.59,0.00,18.18,0.00,0.00,4.55,0.00,0.00,0.00,55.68
20:12:32,13,21.84,0.00,18.39,0.00,0.00,4.60,0.00,0.00,0.00,55.17
20:12:32,14,24.72,0.00,15.73,0.00,0.00,4.49,0.00,0.00,0.00,55.06
20:12:32,15,18.89,0.00,17.78,0.00,0.00,6.67,0.00,0.00,0.00,56.67
20:12:33,4,18.89,0.00,18.89,0.00,0.00,4.44,0.00,0.00,0.00,57.78
20:12:33,5,21.11,0.00,15.56,0.00,0.00,5.56,0.00,0.00,0.00,57.78
20:12:33,6,19.32,0.00,17.05,0.00,0.00,4.55,0.00,0.00,0.00,59.09
20:12:33,7,19.54,0.00,16.09,0.00,0.00,5.75,0.00,0.00,0.00,58.62
20:12:33,12,20.65,0.00,17.39,0.00,0.00,5.43,0.00,0.00,0.00,56.52
20:12:33,13,22.47,0.00,14.61,0.00,0.00,4.49,0.00,0.00,0.00,58.43
20:12:33,14,21.11,0.00,16.67,0.00,0.00,4.44,0.00,0.00,0.00,57.78
20:12:33,15,21.11,0.00,16.67,0.00,0.00,4.44,0.00,0.00,0.00,57.78
20:12:34,4,21.59,0.00,17.05,0.00,0.00,5.68,0.00,0.00,0.00,55.68
20:12:34,5,22.99,0.00,13.79,0.00,0.00,5.75,0.00,0.00,0.00,57.47
20:12:34,6,20.00,0.00,18.89,0.00,0.00,5.56,0.00,0.00,0.00,55.56
20:12:34,7,21.11,0.00,15.56,0.00,0.00,5.56,0.00,0.00,0.00,57.78
20:12:34,12,20.69,0.00,16.09,0.00,0.00,4.60,0.00,0.00,0.00,58.62
20:12:34,13,23.60,0.00,16.85,0.00,0.00,4.49,0.00,0.00,0.00,55.06
20:12:34,14,23.60,0.00,15.73,0.00,0.00,4.49,0.00,0.00,0.00,56.18
20:12:34,15,21.11,0.00,16.67,0.00,0.00,4.44,0.00,0.00,0.00,57.78
20:12:35,4,22.22,0.00,16.67,0.00,0.00,5.56,0.00,0.00,0.00,55.56
20:12:35,5,20.88,0.00,18.68,0.00,0.00,5.49,0.00,0.00,0.00,54.95
20:12:35,6,23.33,0.00,15.56,0.00,0.00,4.44,0.00,0.00,0.00,56.67
20:12:35,7,20.93,0.00,15.12,0.00,0.00,4.65,0.00,0.00,0.00,59.30
20:12:35,12,19.32,0.00,19.32,0.00,0.00,4.55,0.00,0.00,0.00,56.82
20:12:35,13,20.22,0.00,17.98,1.12,0.00,4.49,0.00,0.00,0.00,56.18
20:12:35,14,21.11,0.00,16.67,1.11,0.00,5.56,0.00,0.00,0.00,55.56
20:12:35,15,20.93,0.00,16.28,0.00,0.00,4.65,0.00,0.00,0.00,58.14
20:12:36,4,20.45,0.00,15.91,0.00,0.00,6.82,0.00,0.00,0.00,56.82
20:12:36,5,21.11,0.00,17.78,0.00,0.00,5.56,0.00,0.00,0.00,55.56
20:12:36,6,19.77,0.00,16.28,0.00,0.00,5.81,0.00,0.00,0.00,58.14
20:12:36,7,19.10,0.00,15.73,0.00,0.00,5.62,0.00,0.00,0.00,59.55
20:12:36,12,20.22,0.00,17.98,0.00,0.00,5.62,0.00,0.00,0.00,56.18
20:12:36,13,23.26,0.00,12.79,0.00,0.00,4.65,0.00,0.00,0.00,59.30
20:12:36,14,20.69,0.00,16.09,0.00,0.00,4.60,0.00,0.00,0.00,58.62
20:12:36,15,21.84,0.00,13.79,0.00,0.00,4.60,0.00,0.00,0.00,59.77
20:12:37,4,25.84,0.00,15.73,0.00,0.00,4.49,0.00,0.00,0.00,53.93
20:12:37,5,23.86,0.00,17.05,0.00,0.00,5.68,0.00,0.00,0.00,53.41
20:12:37,6,21.35,0.00,17.98,0.00,0.00,4.49,0.00,0.00,0.00,56.18
20:12:37,7,20.88,0.00,18.68,0.00,0.00,4.40,0.00,0.00,0.00,56.04
20:12:37,12,25.00,0.00,17.39,0.00,0.00,4.35,0.00,0.00,0.00,53.26
20:12:37,13,25.27,0.00,16.48,0.00,0.00,5.49,0.00,0.00,0.00,52.75
20:12:37,14,21.59,0.00,18.18,0.00,0.00,6.82,0.00,0.00,0.00,53.41
20:12:37,15,23.33,0.00,14.44,0.00,0.00,6.67,0.00,0.00,0.00,55.56
20:12:38,4,19.10,0.00,19.10,0.00,0.00,4.49,0.00,0.00,0.00,57.30
20:12:38,5,21.11,0.00,16.67,0.00,0.00,5.56,0.00,0.00,0.00,56.67
20:12:38,6,21.59,0.00,15.91,0.00,0.00,5.68,0.00,0.00,0.00,56.82
20:12:38,7,20.69,0.00,14.94,0.00,0.00,4.60,0.00,0.00,0.00,59.77
20:12:38,12,21.69,0.00,15.66,0.00,0.00,2.41,0.00,0.00,0.00,60.24
20:12:38,13,21.11,0.00,17.78,0.00,0.00,5.56,0.00,0.00,0.00,55.56
20:12:38,14,21.59,0.00,17.05,0.00,0.00,4.55,0.00,0.00,0.00,56.82
20:12:38,15,21.11,0.00,16.67,0.00,0.00,5.56,0.00,0.00,0.00,56.67
20:12:39,4,21.84,0.00,14.94,0.00,0.00,5.75,0.00,0.00,0.00,57.47
20:12:39,5,21.59,0.00,15.91,0.00,0.00,5.68,0.00,0.00,0.00,56.82
20:12:39,6,19.77,0.00,16.28,0.00,0.00,4.65,0.00,0.00,0.00,59.30
20:12:39,7,21.35,0.00,14.61,0.00,0.00,5.62,0.00,0.00,0.00,58.43
20:12:39,12,21.35,0.00,16.85,0.00,0.00,5.62,0.00,0.00,0.00,56.18
20:12:39,13,22.99,0.00,16.09,0.00,0.00,4.60,0.00,0.00,0.00,56.32
20:12:39,14,21.11,0.00,18.89,0.00,0.00,3.33,0.00,0.00,0.00,56.67
20:12:39,15,20.88,0.00,17.58,0.00,0.00,4.40,0.00,0.00,0.00,57.14
20:12:40,4,22.09,0.00,15.12,0.00,0.00,5.81,0.00,0.00,0.00,56.98
20:12:40,5,20.00,0.00,17.78,0.00,0.00,5.56,0.00,0.00,0.00,56.67
20:12:40,6,23.33,0.00,16.67,0.00,0.00,4.44,0.00,0.00,0.00,55.56
20:12:40,7,18.60,0.00,16.28,0.00,0.00,4.65,0.00,0.00,0.00,60.47
20:12:40,12,22.09,0.00,12.79,0.00,0.00,5.81,0.00,0.00,0.00,59.30
20:12:40,13,21.98,0.00,17.58,0.00,0.00,4.40,0.00,0.00,0.00,56.04
20:12:40,14,20.65,0.00,18.48,0.00,0.00,5.43,0.00,0.00,0.00,55.43
20:12:40,15,20.93,0.00,15.12,0.00,0.00,4.65,0.00,0.00,0.00,59.30
20:12:41,4,19.54,0.00,17.24,0.00,0.00,4.60,0.00,0.00,0.00,58.62
20:12:41,5,22.09,0.00,15.12,0.00,0.00,3.49,0.00,0.00,0.00,59.30
20:12:41,6,21.98,0.00,17.58,0.00,0.00,4.40,0.00,0.00,0.00,56.04
20:12:41,7,21.35,0.00,14.61,0.00,0.00,6.74,0.00,0.00,0.00,57.30
20:12:41,12,20.45,0.00,17.05,0.00,0.00,4.55,0.00,0.00,0.00,57.95
20:12:41,13,23.33,0.00,15.56,0.00,0.00,4.44,0.00,0.00,0.00,56.67
20:12:41,14,22.22,0.00,16.67,0.00,0.00,4.44,0.00,0.00,0.00,56.67
20:12:41,15,20.22,0.00,16.85,0.00,0.00,5.62,0.00,0.00,0.00,57.30
20:12:42,4,22.22,0.00,18.89,0.00,0.00,5.56,0.00,0.00,0.00,53.33
20:12:42,5,20.45,0.00,17.05,0.00,0.00,5.68,0.00,0.00,0.00,56.82
20:12:42,6,21.11,0.00,16.67,0.00,0.00,6.67,0.00,0.00,0.00,55.56
20:12:42,7,20.22,0.00,17.98,0.00,0.00,4.49,0.00,0.00,0.00,57.30
20:12:42,12,25.56,0.00,17.78,0.00,0.00,4.44,0.00,0.00,0.00,52.22
20:12:42,13,20.45,0.00,18.18,0.00,0.00,4.55,0.00,0.00,0.00,56.82
20:12:42,14,23.60,0.00,15.73,0.00,0.00,4.49,0.00,0.00,0.00,56.18
20:12:42,15,20.00,0.00,18.89,0.00,0.00,4.44,0.00,0.00,0.00,56.67
20:12:43,4,20.69,0.00,18.39,0.00,0.00,5.75,0.00,0.00,0.00,55.17
20:12:43,5,22.73,0.00,17.05,0.00,0.00,4.55,0.00,0.00,0.00,55.68
20:12:43,6,21.84,0.00,17.24,0.00,0.00,3.45,0.00,0.00,0.00,57.47
20:12:43,7,19.77,0.00,16.28,0.00,0.00,4.65,0.00,0.00,0.00,59.30
20:12:43,12,21.35,0.00,17.98,0.00,0.00,5.62,0.00,0.00,0.00,55.06
20:12:43,13,22.47,0.00,16.85,0.00,0.00,5.62,0.00,0.00,0.00,55.06
20:12:43,14,21.98,0.00,18.68,0.00,0.00,5.49,0.00,0.00,0.00,53.85
20:12:43,15,21.51,0.00,18.28,0.00,0.00,5.38,0.00,0.00,0.00,54.84
20:12:44,4,20.22,0.00,17.98,0.00,0.00,4.49,0.00,0.00,0.00,57.30
20:12:44,5,20.00,0.00,17.78,0.00,0.00,5.56,0.00,0.00,0.00,56.67
20:12:44,6,22.47,0.00,15.73,0.00,0.00,4.49,0.00,0.00,0.00,57.30
20:12:44,7,18.68,0.00,17.58,0.00,0.00,6.59,0.00,0.00,0.00,57.14
20:12:44,12,20.22,0.00,17.98,0.00,0.00,4.49,0.00,0.00,0.00,57.30
20:12:44,13,20.93,0.00,16.28,0.00,0.00,3.49,0.00,0.00,0.00,59.30
20:12:44,14,20.45,0.00,15.91,0.00,0.00,4.55,0.00,0.00,0.00,59.09
20:12:44,15,21.11,0.00,16.67,0.00,0.00,4.44,0.00,0.00,0.00,57.78
20:12:45,4,23.86,0.00,14.77,0.00,0.00,5.68,0.00,0.00,0.00,55.68
20:12:45,5,21.84,0.00,16.09,0.00,0.00,4.60,0.00,0.00,0.00,57.47
20:12:45,6,20.00,0.00,12.94,0.00,0.00,5.88,0.00,0.00,0.00,61.18
20:12:45,7,20.69,0.00,16.09,0.00,0.00,4.60,0.00,0.00,0.00,58.62
20:12:45,12,18.89,0.00,16.67,0.00,0.00,6.67,0.00,0.00,0.00,57.78
20:12:45,13,24.44,0.00,14.44,0.00,0.00,4.44,0.00,0.00,0.00,56.67
20:12:45,14,23.60,0.00,14.61,0.00,0.00,4.49,0.00,0.00,0.00,57.30
20:12:45,15,18.60,0.00,16.28,0.00,0.00,5.81,0.00,0.00,0.00,59.30
20:12:46,4,21.11,0.00,17.78,0.00,0.00,4.44,0.00,0.00,0.00,56.67
20:12:46,5,21.74,0.00,17.39,0.00,0.00,4.35,0.00,0.00,0.00,56.52
20:12:46,6,21.35,0.00,16.85,0.00,0.00,4.49,0.00,0.00,0.00,57.30
20:12:46,7,21.98,0.00,15.38,0.00,0.00,5.49,0.00,0.00,0.00,57.14
20:12:46,12,21.84,0.00,14.94,0.00,0.00,4.60,0.00,0.00,0.00,58.62
20:12:46,13,22.09,0.00,13.95,0.00,0.00,4.65,0.00,0.00,0.00,59.30
20:12:46,14,22.47,0.00,16.85,0.00,0.00,3.37,0.00,0.00,0.00,57.30
20:12:46,15,20.45,0.00,14.77,0.00,0.00,5.68,0.00,0.00,0.00,59.09
20:12:47,4,22.22,0.00,15.56,0.00,0.00,5.56,0.00,0.00,0.00,56.67
20:12:47,5,19.77,0.00,15.12,0.00,0.00,5.81,0.00,0.00,0.00,59.30
20:12:47,6,20.22,0.00,16.85,0.00,0.00,5.62,0.00,0.00,0.00,57.30
20:12:47,7,21.11,0.00,17.78,0.00,0.00,4.44,0.00,0.00,0.00,56.67
20:12:47,12,19.77,0.00,16.28,0.00,0.00,5.81,0.00,0.00,0.00,58.14
20:12:47,13,20.00,0.00,17.78,0.00,0.00,5.56,0.00,0.00,0.00,56.67
20:12:47,14,24.73,0.00,15.05,0.00,0.00,5.38,0.00,0.00,0.00,54.84
20:12:47,15,21.59,0.00,15.91,0.00,0.00,4.55,0.00,0.00,0.00,57.95
20:12:48,4,24.18,0.00,17.58,0.00,0.00,5.49,0.00,0.00,0.00,52.75
20:12:48,5,21.59,0.00,15.91,0.00,0.00,5.68,0.00,0.00,0.00,56.82
20:12:48,6,23.08,0.00,17.58,0.00,0.00,4.40,0.00,0.00,0.00,54.95
20:12:48,7,22.09,0.00,13.95,0.00,0.00,4.65,0.00,0.00,0.00,59.30
20:12:48,12,23.08,0.00,16.48,0.00,0.00,4.40,0.00,0.00,0.00,56.04
20:12:48,13,21.84,0.00,16.09,0.00,0.00,4.60,0.00,0.00,0.00,57.47
20:12:48,14,22.22,0.00,16.67,2.22,0.00,4.44,0.00,0.00,0.00,54.44
20:12:48,15,19.10,0.00,16.85,0.00,0.00,6.74,0.00,0.00,0.00,57.30
20:12:49,4,19.54,0.00,18.39,0.00,0.00,4.60,0.00,0.00,0.00,57.47
20:12:49,5,21.11,0.00,17.78,0.00,0.00,4.44,0.00,0.00,0.00,56.67
20:12:49,6,23.08,0.00,16.48,0.00,0.00,4.40,0.00,0.00,0.00,56.04
20:12:49,7,19.78,0.00,17.58,0.00,0.00,6.59,0.00,0.00,0.00,56.04
20:12:49,12,20.69,0.00,17.24,0.00,0.00,4.60,0.00,0.00,0.00,57.47
20:12:49,13,21.35,0.00,17.98,0.00,0.00,4.49,0.00,0.00,0.00,56.18
20:12:49,14,21.98,0.00,16.48,0.00,0.00,5.49,0.00,0.00,0.00,56.04
20:12:49,15,21.98,0.00,16.48,0.00,0.00,4.40,0.00,0.00,0.00,57.14
20:12:50,4,20.22,0.00,15.73,1.12,0.00,5.62,0.00,0.00,0.00,57.30
20:12:50,5,21.59,0.00,14.77,0.00,0.00,5.68,0.00,0.00,0.00,57.95
20:12:50,6,21.18,0.00,15.29,0.00,0.00,3.53,0.00,0.00,0.00,60.00
20:12:50,7,21.51,0.00,17.20,0.00,0.00,5.38,0.00,0.00,0.00,55.91
20:12:50,12,20.00,0.00,17.78,0.00,0.00,5.56,0.00,0.00,0.00,56.67
20:12:50,13,21.11,0.00,16.67,0.00,0.00,4.44,0.00,0.00,0.00,57.78
20:12:50,14,20.22,0.00,16.85,0.00,0.00,4.49,0.00,0.00,0.00,58.43
20:12:50,15,21.35,0.00,16.85,0.00,0.00,4.49,0.00,0.00,0.00,57.30
20:12:51,4,20.45,0.00,17.05,0.00,0.00,4.55,0.00,0.00,0.00,57.95
20:12:51,5,22.22,0.00,15.56,0.00,0.00,5.56,0.00,0.00,0.00,56.67
20:12:51,6,21.59,0.00,14.77,0.00,0.00,4.55,0.00,0.00,0.00,59.09
20:12:51,7,21.84,0.00,16.09,0.00,0.00,3.45,0.00,0.00,0.00,58.62
20:12:51,12,20.69,0.00,16.09,0.00,0.00,4.60,0.00,0.00,0.00,58.62
20:12:51,13,23.33,0.00,14.44,0.00,0.00,5.56,0.00,0.00,0.00,56.67
20:12:51,14,19.78,0.00,17.58,0.00,0.00,6.59,0.00,0.00,0.00,56.04
20:12:51,15,21.35,0.00,14.61,0.00,0.00,5.62,0.00,0.00,0.00,58.43
20:12:52,4,21.35,0.00,16.85,0.00,0.00,5.62,0.00,0.00,0.00,56.18
20:12:52,5,19.54,0.00,17.24,1.15,0.00,4.60,0.00,0.00,0.00,57.47
20:12:52,6,20.88,0.00,17.58,0.00,0.00,5.49,0.00,0.00,0.00,56.04
20:12:52,7,21.11,0.00,17.78,0.00,0.00,4.44,0.00,0.00,0.00,56.67
20:12:52,12,20.45,0.00,17.05,0.00,0.00,5.68,0.00,0.00,0.00,56.82
20:12:52,13,22.09,0.00,15.12,0.00,0.00,4.65,0.00,0.00,0.00,58.14
20:12:52,14,22.22,0.00,13.33,0.00,0.00,6.67,0.00,0.00,0.00,57.78
20:12:52,15,19.77,0.00,16.28,0.00,0.00,4.65,0.00,0.00,0.00,59.30
20:12:53,4,24.18,0.00,19.78,0.00,0.00,5.49,0.00,0.00,0.00,50.55
20:12:53,5,21.98,0.00,19.78,0.00,0.00,4.40,0.00,0.00,0.00,53.85
20:12:53,6,22.09,0.00,16.28,0.00,0.00,3.49,0.00,0.00,0.00,58.14
20:12:53,7,21.59,0.00,17.05,0.00,0.00,5.68,0.00,0.00,0.00,55.68
20:12:53,12,21.59,0.00,18.18,1.14,0.00,5.68,0.00,0.00,0.00,53.41
20:12:53,13,22.73,0.00,17.05,0.00,0.00,4.55,0.00,0.00,0.00,55.68
20:12:53,14,21.84,0.00,19.54,0.00,0.00,3.45,0.00,0.00,0.00,55.17
20:12:53,15,23.08,0.00,16.48,0.00,0.00,6.59,0.00,0.00,0.00,53.85
20:12:54,4,20.93,0.00,16.28,0.00,0.00,4.65,0.00,0.00,0.00,58.14
20:12:54,5,21.18,0.00,12.94,0.00,0.00,5.88,0.00,0.00,0.00,60.00
20:12:54,6,23.33,0.00,16.67,0.00,0.00,5.56,0.00,0.00,0.00,54.44
20:12:54,7,20.43,0.00,17.20,0.00,0.00,5.38,0.00,0.00,0.00,56.99
20:12:54,12,19.10,0.00,17.98,0.00,0.00,5.62,0.00,0.00,0.00,57.30
20:12:54,13,20.45,0.00,17.05,0.00,0.00,5.68,0.00,0.00,0.00,56.82
20:12:54,14,22.73,0.00,14.77,0.00,0.00,4.55,0.00,0.00,0.00,57.95
20:12:54,15,19.77,0.00,16.28,0.00,0.00,4.65,0.00,0.00,0.00,59.30
20:12:55,4,21.35,0.00,17.98,0.00,0.00,4.49,0.00,0.00,0.00,56.18
20:12:55,5,19.77,0.00,18.60,0.00,0.00,4.65,0.00,0.00,0.00,56.98
20:12:55,6,20.45,0.00,15.91,0.00,0.00,4.55,0.00,0.00,0.00,59.09
20:12:55,7,23.08,0.00,15.38,0.00,0.00,5.49,0.00,0.00,0.00,56.04
20:12:55,12,22.22,0.00,16.67,0.00,0.00,3.33,0.00,0.00,0.00,57.78
20:12:55,13,20.88,0.00,18.68,0.00,0.00,4.40,0.00,0.00,0.00,56.04
20:12:55,14,24.18,0.00,13.19,0.00,0.00,5.49,0.00,0.00,0.00,57.14
20:12:55,15,21.98,0.00,16.48,0.00,0.00,4.40,0.00,0.00,0.00,57.14
20:12:56,4,22.47,0.00,15.73,0.00,0.00,4.49,0.00,0.00,0.00,57.30
20:12:56,5,20.45,0.00,17.05,0.00,0.00,4.55,0.00,0.00,0.00,57.95
20:12:56,6,23.66,0.00,17.20,0.00,0.00,4.30,0.00,0.00,0.00,54.84
20:12:56,7,20.45,0.00,13.64,0.00,0.00,6.82,0.00,0.00,0.00,59.09
20:12:56,12,21.59,0.00,15.91,0.00,0.00,4.55,0.00,0.00,0.00,57.95
20:12:56,13,23.33,0.00,15.56,0.00,0.00,4.44,0.00,0.00,0.00,56.67
20:12:56,14,22.47,0.00,16.85,0.00,0.00,4.49,0.00,0.00,0.00,56.18
20:12:56,15,19.32,0.00,17.05,0.00,0.00,5.68,0.00,0.00,0.00,57.95
20:12:57,4,23.16,0.00,16.84,0.00,0.00,6.32,0.00,0.00,0.00,53.68
20:12:57,5,20.45,0.00,17.05,0.00,0.00,4.55,0.00,0.00,0.00,57.95
20:12:57,6,22.35,0.00,14.12,0.00,0.00,4.71,0.00,0.00,0.00,58.82
20:12:57,7,20.00,0.00,15.56,0.00,0.00,6.67,0.00,0.00,0.00,57.78
20:12:57,12,22.47,0.00,16.85,0.00,0.00,3.37,0.00,0.00,0.00,57.30
20:12:57,13,19.32,0.00,17.05,0.00,0.00,7.95,0.00,0.00,0.00,55.68
20:12:57,14,22.22,0.00,17.78,0.00,0.00,4.44,0.00,0.00,0.00,55.56
20:12:57,15,24.18,0.00,15.38,1.10,0.00,4.40,0.00,0.00,0.00,54.95
20:12:58,4,20.69,0.00,17.24,0.00,0.00,4.60,0.00,0.00,0.00,57.47
20:12:58,5,23.26,0.00,13.95,0.00,0.00,6.98,0.00,0.00,0.00,55.81
20:12:58,6,21.84,0.00,18.39,0.00,0.00,4.60,0.00,0.00,0.00,55.17
20:12:58,7,20.22,0.00,16.85,0.00,0.00,5.62,0.00,0.00,0.00,57.30
20:12:58,12,22.47,0.00,17.98,0.00,0.00,5.62,0.00,0.00,0.00,53.93
20:12:58,13,23.33,0.00,17.78,1.11,0.00,4.44,0.00,0.00,0.00,53.33
20:12:58,14,22.73,0.00,17.05,0.00,0.00,4.55,0.00,0.00,0.00,55.68
20:12:58,15,19.54,0.00,18.39,0.00,0.00,4.60,0.00,0.00,0.00,57.47
20:12:59,4,19.57,0.00,17.39,0.00,0.00,6.52,0.00,0.00,0.00,56.52
20:12:59,5,22.47,0.00,15.73,0.00,0.00,4.49,0.00,0.00,0.00,57.30
20:12:59,6,20.22,0.00,16.85,0.00,0.00,5.62,0.00,0.00,0.00,57.30
20:12:59,7,21.35,0.00,15.73,0.00,0.00,4.49,0.00,0.00,0.00,58.43
20:12:59,12,20.88,0.00,17.58,0.00,0.00,5.49,0.00,0.00,0.00,56.04
20:12:59,13,19.54,0.00,14.94,0.00,0.00,6.90,0.00,0.00,0.00,58.62
20:12:59,14,20.00,0.00,16.67,0.00,0.00,5.56,0.00,0.00,0.00,57.78
20:12:59,15,21.11,0.00,14.44,0.00,0.00,5.56,0.00,0.00,0.00,58.89
20:13:00,4,22.73,0.00,17.05,0.00,0.00,4.55,0.00,0.00,0.00,55.68
20:13:00,5,22.47,0.00,15.73,0.00,0.00,5.62,0.00,0.00,0.00,56.18
20:13:00,6,21.35,0.00,15.73,0.00,0.00,5.62,0.00,0.00,0.00,57.30
20:13:00,7,20.69,0.00,16.09,0.00,0.00,4.60,0.00,0.00,0.00,58.62
20:13:00,12,21.43,0.00,15.48,0.00,0.00,4.76,0.00,0.00,0.00,58.33
20:13:00,13,20.69,0.00,16.09,0.00,0.00,5.75,0.00,0.00,0.00,57.47
20:13:00,14,21.35,0.00,15.73,0.00,0.00,5.62,0.00,0.00,0.00,57.30
20:13:00,15,19.54,0.00,14.94,0.00,0.00,6.90,0.00,0.00,0.00,58.62
20:13:01,4,21.84,0.00,17.24,0.00,0.00,4.60,0.00,0.00,0.00,56.32
20:13:01,5,20.93,0.00,16.28,0.00,0.00,5.81,0.00,0.00,0.00,56.98
20:13:01,6,22.83,0.00,16.30,0.00,0.00,5.43,0.00,0.00,0.00,55.43
20:13:01,7,18.89,0.00,17.78,0.00,0.00,5.56,0.00,0.00,0.00,57.78
20:13:01,12,19.77,0.00,17.44,0.00,0.00,5.81,0.00,0.00,0.00,56.98
20:13:01,13,21.98,0.00,18.68,0.00,0.00,4.40,0.00,0.00,0.00,54.95
20:13:01,14,21.59,0.00,17.05,0.00,0.00,4.55,0.00,0.00,0.00,56.82
20:13:01,15,21.84,0.00,17.24,0.00,0.00,2.30,0.00,0.00,0.00,58.62
20:13:02,4,19.32,0.00,17.05,0.00,0.00,5.68,0.00,0.00,0.00,57.95
20:13:02,5,20.69,0.00,16.09,0.00,0.00,4.60,0.00,0.00,0.00,58.62
20:13:02,6,21.59,0.00,15.91,0.00,0.00,4.55,0.00,0.00,0.00,57.95
20:13:02,7,20.45,0.00,17.05,0.00,0.00,4.55,0.00,0.00,0.00,57.95
20:13:02,12,23.33,0.00,15.56,0.00,0.00,3.33,0.00,0.00,0.00,57.78
20:13:02,13,21.84,0.00,14.94,1.15,0.00,4.60,0.00,0.00,0.00,57.47
20:13:02,14,23.33,0.00,16.67,0.00,0.00,4.44,0.00,0.00,0.00,55.56
20:13:02,15,21.74,0.00,18.48,0.00,0.00,4.35,0.00,0.00,0.00,55.43
20:13:03,4,23.26,0.00,16.28,0.00,0.00,5.81,0.00,0.00,0.00,54.65
20:13:03,5,23.60,0.00,17.98,0.00,0.00,5.62,0.00,0.00,0.00,52.81
20:13:03,6,23.86,0.00,15.91,0.00,0.00,4.55,0.00,0.00,0.00,55.68
20:13:03,7,22.22,0.00,16.67,0.00,0.00,4.44,0.00,0.00,0.00,56.67
20:13:03,12,21.59,0.00,19.32,0.00,0.00,4.55,0.00,0.00,0.00,54.55
20:13:03,13,23.26,0.00,17.44,0.00,0.00,5.81,0.00,0.00,0.00,53.49
20:13:03,14,22.22,0.00,18.89,0.00,0.00,4.44,0.00,0.00,0.00,54.44
20:13:03,15,21.11,0.00,18.89,0.00,0.00,4.44,0.00,0.00,0.00,55.56
20:13:04,4,20.93,0.00,17.44,0.00,0.00,3.49,0.00,0.00,0.00,58.14
20:13:04,5,22.47,0.00,16.85,0.00,0.00,5.62,0.00,0.00,0.00,55.06
20:13:04,6,21.74,0.00,17.39,0.00,0.00,4.35,0.00,0.00,0.00,56.52
20:13:04,7,20.22,0.00,16.85,0.00,0.00,4.49,0.00,0.00,0.00,58.43
20:13:04,12,21.59,0.00,15.91,0.00,0.00,5.68,0.00,0.00,0.00,56.82
20:13:04,13,21.11,0.00,16.67,0.00,0.00,5.56,0.00,0.00,0.00,56.67
20:13:04,14,24.18,0.00,17.58,0.00,0.00,3.30,0.00,0.00,0.00,54.95
20:13:04,15,21.59,0.00,15.91,0.00,0.00,4.55,0.00,0.00,0.00,57.95
20:13:05,4,20.00,0.00,17.78,0.00,0.00,5.56,0.00,0.00,0.00,56.67
20:13:05,5,21.59,0.00,17.05,0.00,0.00,4.55,0.00,0.00,0.00,56.82
20:13:05,6,21.98,0.00,17.58,0.00,0.00,4.40,0.00,0.00,0.00,56.04
20:13:05,7,21.59,0.00,15.91,0.00,0.00,4.55,0.00,0.00,0.00,57.95
20:13:05,12,20.93,0.00,15.12,0.00,0.00,4.65,0.00,0.00,0.00,59.30
20:13:05,13,21.35,0.00,17.98,0.00,0.00,5.62,0.00,0.00,0.00,55.06
20:13:05,14,22.22,0.00,16.67,0.00,0.00,4.44,0.00,0.00,0.00,56.67
20:13:05,15,17.98,0.00,19.10,0.00,0.00,4.49,0.00,0.00,0.00,58.43
20:13:06,4,21.98,0.00,17.58,0.00,0.00,5.49,0.00,0.00,0.00,54.95
20:13:06,5,20.45,0.00,17.05,0.00,0.00,4.55,0.00,0.00,0.00,57.95
20:13:06,6,21.11,0.00,16.67,0.00,0.00,5.56,0.00,0.00,0.00,56.67
20:13:06,7,22.83,0.00,15.22,0.00,0.00,5.43,0.00,0.00,0.00,56.52
20:13:06,12,21.59,0.00,15.91,0.00,0.00,4.55,0.00,0.00,0.00,57.95
20:13:06,13,21.59,0.00,15.91,0.00,0.00,4.55,0.00,0.00,0.00,57.95
20:13:06,14,20.69,0.00,17.24,0.00,0.00,4.60,0.00,0.00,0.00,57.47
20:13:06,15,18.89,0.00,16.67,0.00,0.00,6.67,0.00,0.00,0.00,57.78
20:13:07,4,22.83,0.00,17.39,0.00,0.00,4.35,0.00,0.00,0.00,55.43
20:13:07,5,19.05,0.00,16.67,0.00,0.00,3.57,0.00,0.00,0.00,60.71
20:13:07,6,20.00,0.00,17.78,0.00,0.00,5.56,0.00,0.00,0.00,56.67
20:13:07,7,18.89,0.00,17.78,0.00,0.00,5.56,0.00,0.00,0.00,57.78
20:13:07,12,21.98,0.00,15.38,0.00,0.00,5.49,0.00,0.00,0.00,57.14
20:13:07,13,20.00,0.00,17.78,0.00,0.00,4.44,0.00,0.00,0.00,57.78
20:13:07,14,18.39,0.00,14.94,2.30,0.00,6.90,0.00,0.00,0.00,57.47
20:13:07,15,21.11,0.00,17.78,0.00,0.00,4.44,0.00,0.00,0.00,56.67
20:13:08,4,22.22,0.00,21.11,0.00,0.00,4.44,0.00,0.00,0.00,52.22
20:13:08,5,22.09,0.00,18.60,0.00,0.00,4.65,0.00,0.00,0.00,54.65
20:13:08,6,25.56,0.00,16.67,0.00,0.00,5.56,0.00,0.00,0.00,52.22
20:13:08,7,22.47,0.00,15.73,0.00,0.00,5.62,0.00,0.00,0.00,56.18
20:13:08,12,22.73,0.00,17.05,1.14,0.00,5.68,0.00,0.00,0.00,53.41
20:13:08,13,21.59,0.00,19.32,0.00,0.00,4.55,0.00,0.00,0.00,54.55
20:13:08,14,23.33,0.00,18.89,0.00,0.00,5.56,0.00,0.00,0.00,52.22
20:13:08,15,22.73,0.00,15.91,0.00,0.00,5.68,0.00,0.00,0.00,55.68
20:13:09,4,21.11,0.00,16.67,0.00,0.00,6.67,0.00,0.00,0.00,55.56
20:13:09,5,20.45,0.00,17.05,0.00,0.00,5.68,0.00,0.00,0.00,56.82
20:13:09,6,23.86,0.00,15.91,0.00,0.00,3.41,0.00,0.00,0.00,56.82
20:13:09,7,19.32,0.00,17.05,0.00,0.00,5.68,0.00,0.00,0.00,57.95
20:13:09,12,20.45,0.00,15.91,0.00,0.00,6.82,0.00,0.00,0.00,56.82
20:13:09,13,21.11,0.00,15.56,0.00,0.00,6.67,0.00,0.00,0.00,56.67
20:13:09,14,21.11,0.00,17.78,0.00,0.00,5.56,0.00,0.00,0.00,55.56
20:13:09,15,23.86,0.00,13.64,0.00,0.00,4.55,0.00,0.00,0.00,57.95
20:13:10,4,24.18,0.00,15.38,0.00,0.00,4.40,0.00,0.00,0.00,56.04
20:13:10,5,20.93,0.00,16.28,0.00,0.00,4.65,0.00,0.00,0.00,58.14
20:13:10,6,20.69,0.00,17.24,0.00,0.00,4.60,0.00,0.00,0.00,57.47
20:13:10,7,18.18,0.00,18.18,0.00,0.00,4.55,0.00,0.00,0.00,59.09
20:13:10,12,20.45,0.00,18.18,0.00,0.00,4.55,0.00,0.00,0.00,56.82
20:13:10,13,23.33,0.00,15.56,0.00,0.00,4.44,0.00,0.00,0.00,56.67
20:13:10,14,20.43,0.00,18.28,0.00,0.00,6.45,0.00,0.00,0.00,54.84
20:13:10,15,20.45,0.00,17.05,0.00,0.00,3.41,0.00,0.00,0.00,59.09
20:13:11,4,17.05,0.00,19.32,0.00,0.00,4.55,0.00,0.00,0.00,59.09
20:13:11,5,22.47,0.00,15.73,0.00,0.00,5.62,0.00,0.00,0.00,56.18
20:13:11,6,19.32,0.00,18.18,0.00,0.00,5.68,0.00,0.00,0.00,56.82
20:13:11,7,22.22,0.00,14.44,0.00,0.00,5.56,0.00,0.00,0.00,57.78
20:13:11,12,21.74,0.00,19.57,0.00,0.00,4.35,0.00,0.00,0.00,54.35
20:13:11,13,21.84,0.00,17.24,0.00,0.00,3.45,0.00,0.00,0.00,57.47
20:13:11,14,21.59,0.00,15.91,0.00,0.00,4.55,0.00,0.00,0.00,57.95
20:13:11,15,22.47,0.00,15.73,0.00,0.00,4.49,0.00,0.00,0.00,57.30
20:13:12,4,21.35,0.00,16.85,0.00,0.00,5.62,0.00,0.00,0.00,56.18
20:13:12,5,20.69,0.00,14.94,0.00,0.00,5.75,0.00,0.00,0.00,58.62
20:13:12,6,22.22,0.00,15.56,0.00,0.00,6.67,0.00,0.00,0.00,55.56
20:13:12,7,24.44,0.00,14.44,0.00,0.00,4.44,0.00,0.00,0.00,56.67
20:13:12,12,20.00,0.00,17.78,0.00,0.00,5.56,0.00,0.00,0.00,56.67
20:13:12,13,22.22,0.00,18.89,0.00,0.00,3.33,0.00,0.00,0.00,55.56
20:13:12,14,21.59,0.00,17.05,0.00,0.00,4.55,0.00,0.00,0.00,56.82
20:13:12,15,19.10,0.00,16.85,0.00,0.00,6.74,0.00,0.00,0.00,57.30
20:13:13,4,23.86,0.00,17.05,0.00,0.00,3.41,0.00,0.00,0.00,55.68
20:13:13,5,23.86,0.00,17.05,0.00,0.00,4.55,0.00,0.00,0.00,54.55
20:13:13,6,21.59,0.00,19.32,0.00,0.00,5.68,0.00,0.00,0.00,53.41
20:13:13,7,19.57,0.00,19.57,0.00,0.00,6.52,0.00,0.00,0.00,54.35
20:13:13,12,25.29,0.00,17.24,0.00,0.00,4.60,0.00,0.00,0.00,52.87
20:13:13,13,20.93,0.00,19.77,0.00,0.00,5.81,0.00,0.00,0.00,53.49
20:13:13,14,21.35,0.00,19.10,0.00,0.00,4.49,0.00,0.00,0.00,55.06
20:13:13,15,22.47,0.00,16.85,0.00,0.00,6.74,0.00,0.00,0.00,53.93
20:13:14,4,19.78,0.00,17.58,0.00,0.00,6.59,0.00,0.00,0.00,56.04
20:13:14,5,20.45,0.00,15.91,0.00,0.00,5.68,0.00,0.00,0.00,57.95
20:13:14,6,21.74,0.00,17.39,0.00,0.00,5.43,0.00,0.00,0.00,55.43
20:13:14,7,21.59,0.00,15.91,0.00,0.00,4.55,0.00,0.00,0.00,57.95
20:13:14,12,20.22,0.00,15.73,0.00,0.00,5.62,0.00,0.00,0.00,58.43
20:13:14,13,20.00,0.00,15.29,0.00,0.00,4.71,0.00,0.00,0.00,60.00
20:13:14,14,20.00,0.00,17.78,0.00,0.00,5.56,0.00,0.00,0.00,56.67
20:13:14,15,20.45,0.00,15.91,0.00,0.00,4.55,0.00,0.00,0.00,59.09
20:13:15,4,22.22,0.00,15.56,0.00,0.00,6.67,0.00,0.00,0.00,55.56
20:13:15,5,21.11,0.00,17.78,0.00,0.00,4.44,0.00,0.00,0.00,56.67
20:13:15,6,21.59,0.00,15.91,0.00,0.00,5.68,0.00,0.00,0.00,56.82
20:13:15,7,20.88,0.00,17.58,0.00,0.00,3.30,0.00,0.00,0.00,58.24
20:13:15,12,20.69,0.00,18.39,0.00,0.00,4.60,0.00,0.00,0.00,56.32
20:13:15,13,21.59,0.00,17.05,0.00,0.00,4.55,0.00,0.00,0.00,56.82
20:13:15,14,22.99,0.00,14.94,0.00,0.00,4.60,0.00,0.00,0.00,57.47
20:13:15,15,18.39,0.00,18.39,0.00,0.00,4.60,0.00,0.00,0.00,58.62
20:13:16,4,20.93,0.00,16.28,0.00,0.00,3.49,0.00,0.00,0.00,59.30
20:13:16,5,21.59,0.00,17.05,0.00,0.00,3.41,0.00,0.00,0.00,57.95
20:13:16,6,20.00,0.00,16.67,0.00,0.00,6.67,0.00,0.00,0.00,56.67
20:13:16,7,20.22,0.00,17.98,0.00,0.00,4.49,0.00,0.00,0.00,57.30
20:13:16,12,23.60,0.00,16.85,0.00,0.00,4.49,0.00,0.00,0.00,55.06
20:13:16,13,22.73,0.00,14.77,0.00,0.00,4.55,0.00,0.00,0.00,57.95
20:13:16,14,21.35,0.00,19.10,0.00,0.00,4.49,0.00,0.00,0.00,55.06
20:13:16,15,21.11,0.00,15.56,0.00,0.00,5.56,0.00,0.00,0.00,57.78
20:13:17,4,22.47,0.00,15.73,0.00,0.00,5.62,0.00,0.00,0.00,56.18
20:13:17,5,20.69,0.00,17.24,0.00,0.00,5.75,0.00,0.00,0.00,56.32
20:13:17,6,19.54,0.00,17.24,0.00,0.00,4.60,0.00,0.00,0.00,58.62
20:13:17,7,20.00,0.00,16.67,0.00,0.00,4.44,0.00,0.00,0.00,58.89
20:13:17,12,20.45,0.00,15.91,0.00,0.00,5.68,0.00,0.00,0.00,57.95
20:13:17,13,23.26,0.00,15.12,0.00,0.00,4.65,0.00,0.00,0.00,56.98
20:13:17,14,21.59,0.00,17.05,0.00,0.00,4.55,0.00,0.00,0.00,56.82
20:13:17,15,20.22,0.00,16.85,0.00,0.00,5.62,0.00,0.00,0.00,57.30
20:13:18,4,21.84,0.00,17.24,0.00,0.00,4.60,0.00,0.00,0.00,56.32
20:13:18,5,21.59,0.00,17.05,0.00,0.00,4.55,0.00,0.00,0.00,56.82
20:13:18,6,22.35,0.00,16.47,0.00,0.00,4.71,0.00,0.00,0.00,56.47
20:13:18,7,23.60,0.00,14.61,0.00,0.00,4.49,0.00,0.00,0.00,57.30
20:13:18,12,25.84,0.00,14.61,1.12,0.00,5.62,0.00,0.00,0.00,52.81
20:13:18,13,22.47,0.00,17.98,0.00,0.00,4.49,0.00,0.00,0.00,55.06
20:13:18,14,21.84,0.00,16.09,0.00,0.00,5.75,0.00,0.00,0.00,56.32
20:13:18,15,21.74,0.00,17.39,0.00,0.00,5.43,0.00,0.00,0.00,55.43
20:13:19,4,21.18,0.00,15.29,0.00,0.00,5.88,0.00,0.00,0.00,57.65
20:13:19,5,20.22,0.00,19.10,0.00,0.00,4.49,0.00,0.00,0.00,56.18
20:13:19,6,20.45,0.00,15.91,0.00,0.00,5.68,0.00,0.00,0.00,57.95
20:13:19,7,21.35,0.00,15.73,0.00,0.00,5.62,0.00,0.00,0.00,57.30
20:13:19,12,23.40,0.00,17.02,0.00,0.00,5.32,0.00,0.00,0.00,54.26
20:13:19,13,22.99,0.00,16.09,0.00,0.00,3.45,0.00,0.00,0.00,57.47
20:13:19,14,21.84,0.00,16.09,0.00,0.00,3.45,0.00,0.00,0.00,58.62
20:13:19,15,18.39,0.00,17.24,0.00,0.00,5.75,0.00,0.00,0.00,58.62
20:13:20,4,22.22,0.00,16.67,0.00,0.00,4.44,0.00,0.00,0.00,56.67
20:13:20,5,21.84,0.00,16.09,0.00,0.00,4.60,0.00,0.00,0.00,57.47
20:13:20,6,21.11,0.00,16.67,0.00,0.00,5.56,0.00,0.00,0.00,56.67
20:13:20,7,22.22,0.00,15.56,0.00,0.00,4.44,0.00,0.00,0.00,57.78
20:13:20,12,20.22,0.00,17.98,0.00,0.00,5.62,0.00,0.00,0.00,56.18
20:13:20,13,20.88,0.00,16.48,0.00,0.00,6.59,0.00,0.00,0.00,56.04
20:13:20,14,19.77,0.00,15.12,0.00,0.00,5.81,0.00,0.00,0.00,59.30
20:13:20,15,20.69,0.00,16.09,0.00,0.00,4.60,0.00,0.00,0.00,58.62
20:13:21,4,23.33,0.00,16.67,0.00,0.00,4.44,0.00,0.00,0.00,55.56
20:13:21,5,20.88,0.00,17.58,0.00,0.00,5.49,0.00,0.00,0.00,56.04
20:13:21,6,19.32,0.00,17.05,0.00,0.00,5.68,0.00,0.00,0.00,57.95
20:13:21,7,23.08,0.00,15.38,0.00,0.00,4.40,0.00,0.00,0.00,57.14
20:13:21,12,21.59,0.00,15.91,0.00,0.00,4.55,0.00,0.00,0.00,57.95
20:13:21,13,21.11,0.00,17.78,0.00,0.00,4.44,0.00,0.00,0.00,56.67
20:13:21,14,23.60,0.00,14.61,0.00,0.00,3.37,0.00,0.00,0.00,58.43
20:13:21,15,20.00,0.00,16.67,0.00,0.00,5.56,0.00,0.00,0.00,57.78
20:13:22,4,21.98,0.00,16.48,1.10,0.00,6.59,0.00,0.00,0.00,53.85
20:13:22,5,21.84,0.00,17.24,0.00,0.00,4.60,0.00,0.00,0.00,56.32
20:13:22,6,17.65,0.00,18.82,0.00,0.00,5.88,0.00,0.00,0.00,57.65
20:13:22,7,20.22,0.00,16.85,0.00,0.00,5.62,0.00,0.00,0.00,57.30
20:13:22,12,24.47,0.00,15.96,0.00,0.00,5.32,0.00,0.00,0.00,54.26
20:13:22,13,22.73,0.00,14.77,0.00,0.00,5.68,0.00,0.00,0.00,56.82
20:13:22,14,22.47,0.00,16.85,0.00,0.00,4.49,0.00,0.00,0.00,56.18
20:13:22,15,19.32,0.00,17.05,0.00,0.00,5.68,0.00,0.00,0.00,57.95
20:13:23,4,22.73,0.00,19.32,0.00,0.00,3.41,0.00,0.00,0.00,54.55
20:13:23,5,24.21,0.00,16.84,0.00,0.00,6.32,0.00,0.00,0.00,52.63
20:13:23,6,22.22,0.00,17.78,0.00,0.00,4.44,0.00,0.00,0.00,55.56
20:13:23,7,22.47,0.00,16.85,0.00,0.00,5.62,0.00,0.00,0.00,55.06
20:13:23,12,21.84,0.00,17.24,0.00,0.00,4.60,0.00,0.00,0.00,56.32
20:13:23,13,20.93,0.00,18.60,0.00,0.00,4.65,0.00,0.00,0.00,55.81
20:13:23,14,25.27,0.00,16.48,0.00,0.00,4.40,0.00,0.00,0.00,53.85
20:13:23,15,17.44,0.00,18.60,0.00,0.00,5.81,0.00,0.00,0.00,58.14
20:13:24,4,21.98,0.00,19.78,0.00,0.00,4.40,0.00,0.00,0.00,53.85
20:13:24,5,20.93,0.00,16.28,0.00,0.00,5.81,0.00,0.00,0.00,56.98
20:13:24,6,21.35,0.00,16.85,0.00,0.00,5.62,0.00,0.00,0.00,56.18
20:13:24,7,20.22,0.00,16.85,0.00,0.00,5.62,0.00,0.00,0.00,57.30
20:13:24,12,21.35,0.00,16.85,0.00,0.00,5.62,0.00,0.00,0.00,56.18
20:13:24,13,18.60,0.00,19.77,0.00,0.00,4.65,0.00,0.00,0.00,56.98
20:13:24,14,22.99,0.00,14.94,0.00,0.00,4.60,0.00,0.00,0.00,57.47
20:13:24,15,22.22,0.00,16.67,0.00,0.00,5.56,0.00,0.00,0.00,55.56
20:13:25,4,20.00,0.00,17.78,0.00,0.00,5.56,0.00,0.00,0.00,56.67
20:13:25,5,18.89,0.00,18.89,0.00,0.00,4.44,0.00,0.00,0.00,57.78
20:13:25,6,20.69,0.00,16.09,0.00,0.00,5.75,0.00,0.00,0.00,57.47
20:13:25,7,20.45,0.00,15.91,0.00,0.00,4.55,0.00,0.00,0.00,59.09
20:13:25,12,21.59,0.00,15.91,0.00,0.00,5.68,0.00,0.00,0.00,56.82
20:13:25,13,23.60,0.00,14.61,0.00,0.00,5.62,0.00,0.00,0.00,56.18
20:13:25,14,21.11,0.00,15.56,0.00,0.00,5.56,0.00,0.00,0.00,57.78
20:13:25,15,19.54,0.00,16.09,0.00,0.00,4.60,0.00,0.00,0.00,59.77
20:13:26,4,23.60,0.00,15.73,0.00,0.00,5.62,0.00,0.00,0.00,55.06
20:13:26,5,18.60,0.00,17.44,0.00,0.00,4.65,0.00,0.00,0.00,59.30
20:13:26,6,22.83,0.00,16.30,0.00,0.00,5.43,0.00,0.00,0.00,55.43
20:13:26,7,19.32,0.00,15.91,0.00,0.00,5.68,0.00,0.00,0.00,59.09
20:13:26,12,22.47,0.00,16.85,0.00,0.00,4.49,0.00,0.00,0.00,56.18
20:13:26,13,22.22,0.00,17.78,0.00,0.00,3.33,0.00,0.00,0.00,56.67
20:13:26,14,21.84,0.00,14.94,0.00,0.00,5.75,0.00,0.00,0.00,57.47
20:13:26,15,21.11,0.00,15.56,0.00,0.00,6.67,0.00,0.00,0.00,56.67
20:13:27,4,21.59,0.00,15.91,0.00,0.00,5.68,0.00,0.00,0.00,56.82
20:13:27,5,20.69,0.00,17.24,0.00,0.00,5.75,0.00,0.00,0.00,56.32
20:13:27,6,23.60,0.00,15.73,0.00,0.00,4.49,0.00,0.00,0.00,56.18
20:13:27,7,21.35,0.00,16.85,0.00,0.00,5.62,0.00,0.00,0.00,56.18
20:13:27,12,22.99,0.00,16.09,0.00,0.00,3.45,0.00,0.00,0.00,57.47
20:13:27,13,20.69,0.00,16.09,0.00,0.00,5.75,0.00,0.00,0.00,57.47
20:13:27,14,21.59,0.00,15.91,0.00,0.00,5.68,0.00,0.00,0.00,56.82
20:13:27,15,21.35,0.00,16.85,0.00,0.00,4.49,0.00,0.00,0.00,57.30
20:13:28,4,23.60,0.00,15.73,0.00,0.00,3.37,0.00,0.00,0.00,57.30
20:13:28,5,22.47,0.00,15.73,0.00,0.00,5.62,0.00,0.00,0.00,56.18
20:13:28,6,20.45,0.00,18.18,0.00,0.00,4.55,0.00,0.00,0.00,56.82
20:13:28,7,21.35,0.00,16.85,0.00,0.00,4.49,0.00,0.00,0.00,57.30
20:13:28,12,23.33,0.00,15.56,0.00,0.00,4.44,0.00,0.00,0.00,56.67
20:13:28,13,20.22,0.00,19.10,0.00,0.00,4.49,0.00,0.00,0.00,56.18
20:13:28,14,23.60,0.00,15.73,0.00,0.00,4.49,0.00,0.00,0.00,56.18
20:13:28,15,22.22,0.00,16.67,0.00,0.00,4.44,0.00,0.00,0.00,56.67
20:13:29,4,20.22,0.00,19.10,0.00,0.00,5.62,0.00,0.00,0.00,55.06
20:13:29,5,22.99,0.00,16.09,1.15,0.00,4.60,0.00,0.00,0.00,55.17
20:13:29,6,21.35,0.00,17.98,0.00,0.00,5.62,0.00,0.00,0.00,55.06
20:13:29,7,21.11,0.00,16.67,0.00,0.00,5.56,0.00,0.00,0.00,56.67
20:13:29,12,25.00,0.00,19.32,0.00,0.00,4.55,0.00,0.00,0.00,51.14
20:13:29,13,23.66,0.00,17.20,0.00,0.00,6.45,0.00,0.00,0.00,52.69
20:13:29,14,21.11,0.00,16.67,0.00,0.00,6.67,0.00,0.00,0.00,55.56
20:13:29,15,20.22,0.00,16.85,0.00,0.00,5.62,0.00,0.00,0.00,57.30
20:13:30,4,20.00,0.00,20.00,0.00,0.00,4.44,0.00,0.00,0.00,55.56
20:13:30,5,20.00,0.00,15.29,0.00,0.00,3.53,0.00,0.00,0.00,61.18
20:13:30,6,20.22,0.00,17.98,0.00,0.00,6.74,0.00,0.00,0.00,55.06
20:13:30,7,19.78,0.00,16.48,0.00,0.00,5.49,0.00,0.00,0.00,58.24
20:13:30,12,22.47,0.00,15.73,0.00,0.00,5.62,0.00,0.00,0.00,56.18
20:13:30,13,21.18,0.00,15.29,0.00,0.00,4.71,0.00,0.00,0.00,58.82
20:13:30,14,21.35,0.00,16.85,0.00,0.00,4.49,0.00,0.00,0.00,57.30
20:13:30,15,19.77,0.00,13.95,0.00,0.00,5.81,0.00,0.00,0.00,60.47
20:13:31,4,23.08,0.00,16.48,0.00,0.00,3.30,0.00,0.00,0.00,57.14
20:13:31,5,21.35,0.00,16.85,0.00,0.00,5.62,0.00,0.00,0.00,56.18
20:13:31,6,21.35,0.00,16.85,0.00,0.00,4.49,0.00,0.00,0.00,57.30
20:13:31,7,20.88,0.00,16.48,0.00,0.00,5.49,0.00,0.00,0.00,57.14
20:13:31,12,20.00,0.00,18.89,0.00,0.00,4.44,0.00,0.00,0.00,56.67
20:13:31,13,23.91,0.00,18.48,0.00,0.00,3.26,0.00,0.00,0.00,54.35
20:13:31,14,21.98,0.00,16.48,0.00,0.00,5.49,0.00,0.00,0.00,56.04
20:13:31,15,20.22,0.00,15.73,0.00,0.00,5.62,0.00,0.00,0.00,58.43
20:13:32,4,17.65,0.00,17.65,1.18,0.00,4.71,0.00,0.00,0.00,58.82
20:13:32,5,23.08,0.00,14.29,0.00,0.00,6.59,0.00,0.00,0.00,56.04
20:13:32,6,21.35,0.00,17.98,0.00,0.00,4.49,0.00,0.00,0.00,56.18
20:13:32,7,18.89,0.00,18.89,0.00,0.00,4.44,0.00,0.00,0.00,57.78
20:13:32,12,20.88,0.00,19.78,1.10,0.00,5.49,0.00,0.00,0.00,52.75
20:13:32,13,22.47,0.00,15.73,0.00,0.00,5.62,0.00,0.00,0.00,56.18
20:13:32,14,21.11,0.00,18.89,0.00,0.00,4.44,0.00,0.00,0.00,55.56
20:13:32,15,18.39,0.00,16.09,0.00,0.00,5.75,0.00,0.00,0.00,59.77
20:13:33,4,19.32,0.00,15.91,0.00,0.00,6.82,0.00,0.00,0.00,57.95
20:13:33,5,20.22,0.00,16.85,0.00,0.00,5.62,0.00,0.00,0.00,57.30
20:13:33,6,19.77,0.00,17.44,0.00,0.00,5.81,0.00,0.00,0.00,56.98
20:13:33,7,18.68,0.00,16.48,0.00,0.00,6.59,0.00,0.00,0.00,58.24
20:13:33,12,21.18,0.00,16.47,0.00,0.00,3.53,0.00,0.00,0.00,58.82
20:13:33,13,22.47,0.00,15.73,0.00,0.00,4.49,0.00,0.00,0.00,57.30
20:13:33,14,21.11,0.00,17.78,0.00,0.00,5.56,0.00,0.00,0.00,55.56
20:13:33,15,19.54,0.00,16.09,0.00,0.00,5.75,0.00,0.00,0.00,58.62
20:13:34,4,24.42,0.00,16.28,1.16,0.00,4.65,0.00,0.00,0.00,53.49
20:13:34,5,21.84,0.00,17.24,0.00,0.00,3.45,0.00,0.00,0.00,57.47
20:13:34,6,22.47,0.00,14.61,0.00,0.00,5.62,0.00,0.00,0.00,57.30
20:13:34,7,23.08,0.00,17.58,0.00,0.00,4.40,0.00,0.00,0.00,54.95
20:13:34,12,19.77,0.00,17.44,0.00,0.00,4.65,0.00,0.00,0.00,58.14
20:13:34,13,22.47,0.00,16.85,0.00,0.00,5.62,0.00,0.00,0.00,55.06
20:13:34,14,22.99,0.00,18.39,0.00,0.00,4.60,0.00,0.00,0.00,54.02
20:13:34,15,19.77,0.00,16.28,0.00,0.00,5.81,0.00,0.00,0.00,58.14
20:13:35,4,22.22,0.00,16.67,0.00,0.00,4.44,0.00,0.00,0.00,56.67
20:13:35,5,22.99,0.00,13.79,0.00,0.00,4.60,0.00,0.00,0.00,58.62
20:13:35,6,20.69,0.00,14.94,0.00,0.00,6.90,0.00,0.00,0.00,57.47
20:13:35,7,20.69,0.00,13.79,0.00,0.00,5.75,0.00,0.00,0.00,59.77
20:13:35,12,21.59,0.00,14.77,0.00,0.00,5.68,0.00,0.00,0.00,57.95
20:13:35,13,21.59,0.00,15.91,0.00,0.00,5.68,0.00,0.00,0.00,56.82
20:13:35,14,21.11,0.00,17.78,0.00,0.00,5.56,0.00,0.00,0.00,55.56
20:13:35,15,20.22,0.00,16.85,0.00,0.00,4.49,0.00,0.00,0.00,58.43
20:13:36,4,20.00,0.00,17.78,0.00,0.00,4.44,0.00,0.00,0.00,57.78
20:13:36,5,19.32,0.00,18.18,0.00,0.00,4.55,0.00,0.00,0.00,57.95
20:13:36,6,21.18,0.00,15.29,0.00,0.00,4.71,0.00,0.00,0.00,58.82
20:13:36,7,21.98,0.00,17.58,0.00,0.00,4.40,0.00,0.00,0.00,56.04
20:13:36,12,20.69,0.00,16.09,0.00,0.00,4.60,0.00,0.00,0.00,58.62
20:13:36,13,23.33,0.00,16.67,0.00,0.00,4.44,0.00,0.00,0.00,55.56
20:13:36,14,19.10,0.00,16.85,0.00,0.00,6.74,0.00,0.00,0.00,57.30
20:13:36,15,21.35,0.00,15.73,0.00,0.00,4.49,0.00,0.00,0.00,58.43
20:13:37,4,21.11,0.00,15.56,0.00,0.00,6.67,0.00,0.00,0.00,56.67
20:13:37,5,21.35,0.00,15.73,0.00,0.00,5.62,0.00,0.00,0.00,57.30
20:13:37,6,20.69,0.00,17.24,0.00,0.00,4.60,0.00,0.00,0.00,57.47
20:13:37,7,21.35,0.00,16.85,0.00,0.00,3.37,0.00,0.00,0.00,58.43
20:13:37,12,21.74,0.00,17.39,0.00,0.00,5.43,0.00,0.00,0.00,55.43
20:13:37,13,22.99,0.00,13.79,0.00,0.00,4.60,0.00,0.00,0.00,58.62
20:13:37,14,20.22,0.00,17.98,0.00,0.00,4.49,0.00,0.00,0.00,57.30
20:13:37,15,23.33,0.00,16.67,0.00,0.00,4.44,0.00,0.00,0.00,55.56
20:13:38,4,21.59,0.00,15.91,0.00,0.00,4.55,0.00,0.00,0.00,57.95
20:13:38,5,24.18,0.00,14.29,0.00,0.00,4.40,0.00,0.00,0.00,57.14
20:13:38,6,22.73,0.00,15.91,0.00,0.00,4.55,0.00,0.00,0.00,56.82
20:13:38,7,17.58,0.00,18.68,0.00,0.00,6.59,0.00,0.00,0.00,57.14
20:13:38,12,21.35,0.00,16.85,0.00,0.00,4.49,0.00,0.00,0.00,57.30
20:13:38,13,24.14,0.00,13.79,0.00,0.00,3.45,0.00,0.00,0.00,58.62
20:13:38,14,22.58,0.00,17.20,0.00,0.00,5.38,0.00,0.00,0.00,54.84
20:13:38,15,21.35,0.00,15.73,0.00,0.00,4.49,0.00,0.00,0.00,58.43
20:13:39,4,21.35,0.00,17.98,0.00,0.00,5.62,0.00,0.00,0.00,55.06
20:13:39,5,22.73,0.00,17.05,1.14,0.00,3.41,0.00,0.00,0.00,55.68
20:13:39,6,26.67,0.00,15.56,0.00,0.00,5.56,0.00,0.00,0.00,52.22
20:13:39,7,21.35,0.00,16.85,0.00,0.00,5.62,0.00,0.00,0.00,56.18
20:13:39,12,21.11,0.00,18.89,0.00,0.00,5.56,0.00,0.00,0.00,54.44
20:13:39,13,22.09,0.00,16.28,0.00,0.00,4.65,0.00,0.00,0.00,56.98
20:13:39,14,22.47,0.00,19.10,0.00,0.00,4.49,0.00,0.00,0.00,53.93
20:13:39,15,20.93,0.00,16.28,0.00,0.00,4.65,0.00,0.00,0.00,58.14
20:13:40,4,21.51,0.00,17.20,0.00,0.00,5.38,0.00,0.00,0.00,55.91
20:13:40,5,21.35,0.00,15.73,0.00,0.00,5.62,0.00,0.00,0.00,57.30
20:13:40,6,21.11,0.00,15.56,0.00,0.00,6.67,0.00,0.00,0.00,56.67
20:13:40,7,21.98,0.00,15.38,0.00,0.00,4.40,0.00,0.00,0.00,58.24
20:13:40,12,21.11,0.00,16.67,0.00,0.00,5.56,0.00,0.00,0.00,56.67
20:13:40,13,20.22,0.00,16.85,0.00,0.00,4.49,0.00,0.00,0.00,58.43
20:13:40,14,19.10,0.00,17.98,0.00,0.00,6.74,0.00,0.00,0.00,56.18
20:13:40,15,21.11,0.00,15.56,0.00,0.00,5.56,0.00,0.00,0.00,57.78
20:13:41,4,20.45,0.00,15.91,0.00,0.00,5.68,0.00,0.00,0.00,57.95
20:13:41,5,21.11,0.00,18.89,0.00,0.00,3.33,0.00,0.00,0.00,56.67
20:13:41,6,21.98,0.00,15.38,0.00,0.00,5.49,0.00,0.00,0.00,57.14
20:13:41,7,21.74,0.00,16.30,0.00,0.00,5.43,0.00,0.00,0.00,56.52
20:13:41,12,22.34,0.00,18.09,0.00,0.00,5.32,0.00,0.00,0.00,54.26
20:13:41,13,20.22,0.00,15.73,0.00,0.00,5.62,0.00,0.00,0.00,58.43
20:13:41,14,21.11,0.00,16.67,0.00,0.00,4.44,0.00,0.00,0.00,57.78
20:13:41,15,20.00,0.00,16.67,0.00,0.00,5.56,0.00,0.00,0.00,57.78
20:13:42,4,22.22,0.00,15.56,1.11,0.00,5.56,0.00,0.00,0.00,55.56
20:13:42,5,22.47,0.00,15.73,0.00,0.00,4.49,0.00,0.00,0.00,57.30
20:13:42,6,18.18,0.00,18.18,0.00,0.00,5.68,0.00,0.00,0.00,57.95
20:13:42,7,19.54,0.00,16.09,0.00,0.00,4.60,0.00,0.00,0.00,59.77
20:13:42,12,19.32,0.00,17.05,0.00,0.00,5.68,0.00,0.00,0.00,57.95
20:13:42,13,21.59,0.00,17.05,0.00,0.00,4.55,0.00,0.00,0.00,56.82
20:13:42,14,20.45,0.00,15.91,0.00,0.00,5.68,0.00,0.00,0.00,57.95
20:13:42,15,20.69,0.00,17.24,0.00,0.00,3.45,0.00,0.00,0.00,58.62
20:13:43,4,21.74,0.00,17.39,0.00,0.00,5.43,0.00,0.00,0.00,55.43
20:13:43,5,21.74,0.00,16.30,0.00,0.00,5.43,0.00,0.00,0.00,56.52
20:13:43,6,21.59,0.00,15.91,0.00,0.00,4.55,0.00,0.00,0.00,57.95
20:13:43,7,20.22,0.00,16.85,0.00,0.00,4.49,0.00,0.00,0.00,58.43
20:13:43,12,18.60,0.00,17.44,0.00,0.00,4.65,0.00,0.00,0.00,59.30
20:13:43,13,21.98,0.00,15.38,0.00,0.00,5.49,0.00,0.00,0.00,57.14
20:13:43,14,20.22,0.00,17.98,0.00,0.00,4.49,0.00,0.00,0.00,57.30
20:13:43,15,20.65,0.00,16.30,0.00,0.00,6.52,0.00,0.00,0.00,56.52
20:13:44,4,22.99,0.00,16.09,0.00,0.00,4.60,0.00,0.00,0.00,56.32
20:13:44,5,20.45,0.00,20.45,0.00,0.00,4.55,0.00,0.00,0.00,54.55
20:13:44,6,21.84,0.00,16.09,1.15,0.00,5.75,0.00,0.00,0.00,55.17
20:13:44,7,21.98,0.00,18.68,0.00,0.00,5.49,0.00,0.00,0.00,53.85
20:13:44,12,21.59,0.00,17.05,0.00,0.00,5.68,0.00,0.00,0.00,55.68
20:13:44,13,24.14,0.00,14.94,0.00,0.00,4.60,0.00,0.00,0.00,56.32
20:13:44,14,25.00,0.00,15.91,0.00,0.00,3.41,0.00,0.00,0.00,55.68
20:13:44,15,23.60,0.00,17.98,0.00,0.00,3.37,0.00,0.00,0.00,55.06
20:13:45,4,20.45,0.00,13.64,0.00,0.00,6.82,0.00,0.00,0.00,59.09
20:13:45,5,21.84,0.00,14.94,0.00,0.00,5.75,0.00,0.00,0.00,57.47
20:13:45,6,22.47,0.00,15.73,0.00,0.00,4.49,0.00,0.00,0.00,57.30
20:13:45,7,21.84,0.00,13.79,0.00,0.00,3.45,0.00,0.00,0.00,60.92
20:13:45,12,21.11,0.00,14.44,0.00,0.00,6.67,0.00,0.00,0.00,57.78
20:13:45,13,22.47,0.00,13.48,0.00,0.00,6.74,0.00,0.00,0.00,57.30
20:13:45,14,20.45,0.00,15.91,0.00,0.00,5.68,0.00,0.00,0.00,57.95
20:13:45,15,20.22,0.00,15.73,0.00,0.00,5.62,0.00,0.00,0.00,58.43
20:13:46,4,21.35,0.00,17.98,0.00,0.00,4.49,0.00,0.00,0.00,56.18
20:13:46,5,19.32,0.00,18.18,0.00,0.00,4.55,0.00,0.00,0.00,57.95
20:13:46,6,21.98,0.00,17.58,0.00,0.00,4.40,0.00,0.00,0.00,56.04
20:13:46,7,21.11,0.00,16.67,0.00,0.00,5.56,0.00,0.00,0.00,56.67
20:13:46,12,23.60,0.00,16.85,0.00,0.00,4.49,0.00,0.00,0.00,55.06
20:13:46,13,21.59,0.00,14.77,0.00,0.00,5.68,0.00,0.00,0.00,57.95
20:13:46,14,21.35,0.00,14.61,0.00,0.00,5.62,0.00,0.00,0.00,58.43
20:13:46,15,21.59,0.00,17.05,0.00,0.00,3.41,0.00,0.00,0.00,57.95
20:13:47,4,22.47,0.00,15.73,0.00,0.00,5.62,0.00,0.00,0.00,56.18
20:13:47,5,24.14,0.00,16.09,0.00,0.00,3.45,0.00,0.00,0.00,56.32
20:13:47,6,20.45,0.00,19.32,0.00,0.00,4.55,0.00,0.00,0.00,55.68
20:13:47,7,21.59,0.00,15.91,0.00,0.00,3.41,0.00,0.00,0.00,59.09
20:13:47,12,21.59,0.00,14.77,1.14,0.00,4.55,0.00,0.00,0.00,57.95
20:13:47,13,22.99,0.00,13.79,0.00,0.00,4.60,0.00,0.00,0.00,58.62
20:13:47,14,22.99,0.00,16.09,0.00,0.00,4.60,0.00,0.00,0.00,56.32
20:13:47,15,21.11,0.00,16.67,0.00,0.00,4.44,0.00,0.00,0.00,57.78
20:13:48,4,20.00,0.00,20.00,0.00,0.00,5.56,0.00,0.00,0.00,54.44
20:13:48,5,21.59,0.00,17.05,0.00,0.00,4.55,0.00,0.00,0.00,56.82
20:13:48,6,22.47,0.00,17.98,0.00,0.00,2.25,0.00,0.00,0.00,57.30
20:13:48,7,18.89,0.00,17.78,0.00,0.00,5.56,0.00,0.00,0.00,57.78
20:13:48,12,21.98,0.00,16.48,0.00,0.00,5.49,0.00,0.00,0.00,56.04
20:13:48,13,22.22,0.00,16.67,0.00,0.00,4.44,0.00,0.00,0.00,56.67
20:13:48,14,21.84,0.00,16.09,0.00,0.00,4.60,0.00,0.00,0.00,57.47
20:13:48,15,21.11,0.00,14.44,0.00,0.00,6.67,0.00,0.00,0.00,57.78
20:13:49,4,23.33,0.00,17.78,0.00,0.00,4.44,0.00,0.00,0.00,54.44
20:13:49,5,21.98,0.00,17.58,0.00,0.00,6.59,0.00,0.00,0.00,53.85
20:13:49,6,23.26,0.00,15.12,0.00,0.00,4.65,0.00,0.00,0.00,56.98
20:13:49,7,22.22,0.00,17.78,0.00,0.00,4.44,0.00,0.00,0.00,55.56
20:13:49,12,22.22,0.00,20.00,1.11,0.00,4.44,0.00,0.00,0.00,52.22
20:13:49,13,19.54,0.00,19.54,0.00,0.00,4.60,0.00,0.00,0.00,56.32
20:13:49,14,23.33,0.00,17.78,0.00,0.00,5.56,0.00,0.00,0.00,53.33
20:13:49,15,23.86,0.00,14.77,0.00,0.00,4.55,0.00,0.00,0.00,56.82
20:13:50,4,20.00,0.00,18.89,0.00,0.00,5.56,0.00,0.00,0.00,55.56
20:13:50,5,23.86,0.00,17.05,0.00,0.00,3.41,0.00,0.00,0.00,55.68
20:13:50,6,21.74,0.00,17.39,0.00,0.00,5.43,0.00,0.00,0.00,55.43
20:13:50,7,17.05,0.00,19.32,0.00,0.00,5.68,0.00,0.00,0.00,57.95
20:13:50,12,21.59,0.00,15.91,0.00,0.00,6.82,0.00,0.00,0.00,55.68
20:13:50,13,22.73,0.00,15.91,0.00,0.00,4.55,0.00,0.00,0.00,56.82
20:13:50,14,19.32,0.00,19.32,0.00,0.00,4.55,0.00,0.00,0.00,56.82
20:13:50,15,21.59,0.00,15.91,0.00,0.00,4.55,0.00,0.00,0.00,57.95
20:13:51,4,21.59,0.00,17.05,0.00,0.00,4.55,0.00,0.00,0.00,56.82
20:13:51,5,23.33,0.00,14.44,0.00,0.00,4.44,0.00,0.00,0.00,57.78
20:13:51,6,20.00,0.00,17.78,0.00,0.00,5.56,0.00,0.00,0.00,56.67
20:13:51,7,19.57,0.00,16.30,0.00,0.00,6.52,0.00,0.00,0.00,57.61
20:13:51,12,20.00,0.00,16.67,0.00,0.00,5.56,0.00,0.00,0.00,57.78
20:13:51,13,21.59,0.00,14.77,0.00,0.00,5.68,0.00,0.00,0.00,57.95
20:13:51,14,23.40,0.00,17.02,0.00,0.00,4.26,0.00,0.00,0.00,55.32
20:13:51,15,20.93,0.00,13.95,0.00,0.00,4.65,0.00,0.00,0.00,60.47
20:13:52,4,21.59,0.00,15.91,0.00,0.00,5.68,0.00,0.00,0.00,56.82
20:13:52,5,22.22,0.00,16.67,0.00,0.00,4.44,0.00,0.00,0.00,56.67
20:13:52,6,21.59,0.00,17.05,0.00,0.00,4.55,0.00,0.00,0.00,56.82
20:13:52,7,20.93,0.00,15.12,0.00,0.00,4.65,0.00,0.00,0.00,59.30
20:13:52,12,21.59,0.00,15.91,0.00,0.00,4.55,0.00,0.00,0.00,57.95
20:13:52,13,20.45,0.00,17.05,0.00,0.00,3.41,0.00,0.00,0.00,59.09
20:13:52,14,22.09,0.00,13.95,0.00,0.00,5.81,0.00,0.00,0.00,58.14
20:13:52,15,17.44,0.00,18.60,0.00,0.00,4.65,0.00,0.00,0.00,59.30
20:13:53,4,19.32,0.00,15.91,0.00,0.00,5.68,0.00,0.00,0.00,59.09
20:13:53,5,23.60,0.00,14.61,0.00,0.00,5.62,0.00,0.00,0.00,56.18
20:13:53,6,22.22,0.00,16.67,0.00,0.00,3.33,0.00,0.00,0.00,57.78
20:13:53,7,19.54,0.00,16.09,0.00,0.00,4.60,0.00,0.00,0.00,59.77
20:13:53,12,19.77,0.00,15.12,0.00,0.00,4.65,0.00,0.00,0.00,60.47
20:13:53,13,24.44,0.00,15.56,0.00,0.00,4.44,0.00,0.00,0.00,55.56
20:13:53,14,22.22,0.00,16.67,0.00,0.00,4.44,0.00,0.00,0.00,56.67
20:13:53,15,19.32,0.00,18.18,0.00,0.00,3.41,0.00,0.00,0.00,59.09
20:13:54,4,22.35,0.00,18.82,0.00,0.00,3.53,0.00,0.00,0.00,55.29
20:13:54,5,25.00,0.00,17.05,0.00,0.00,2.27,0.00,0.00,0.00,55.68
20:13:54,6,24.18,0.00,16.48,0.00,0.00,5.49,0.00,0.00,0.00,53.85
20:13:54,7,22.83,0.00,18.48,0.00,0.00,5.43,0.00,0.00,0.00,53.26
20:13:54,12,22.22,0.00,16.67,0.00,0.00,5.56,0.00,0.00,0.00,55.56
20:13:54,13,22.22,0.00,17.78,0.00,0.00,4.44,0.00,0.00,0.00,55.56
20:13:54,14,23.26,0.00,15.12,0.00,0.00,4.65,0.00,0.00,0.00,56.98
20:13:54,15,22.99,0.00,14.94,0.00,0.00,5.75,0.00,0.00,0.00,56.32
20:13:55,4,21.11,0.00,16.67,0.00,0.00,5.56,0.00,0.00,0.00,56.67
20:13:55,5,23.91,0.00,16.30,0.00,0.00,4.35,0.00,0.00,0.00,55.43
20:13:55,6,19.54,0.00,17.24,0.00,0.00,4.60,0.00,0.00,0.00,58.62
20:13:55,7,19.32,0.00,17.05,0.00,0.00,4.55,0.00,0.00,0.00,59.09
20:13:55,12,18.82,0.00,16.47,0.00,0.00,4.71,0.00,0.00,0.00,60.00
20:13:55,13,22.47,0.00,16.85,0.00,0.00,3.37,0.00,0.00,0.00,57.30
20:13:55,14,21.35,0.00,16.85,0.00,0.00,5.62,0.00,0.00,0.00,56.18
20:13:55,15,20.45,0.00,15.91,0.00,0.00,5.68,0.00,0.00,0.00,57.95
20:13:56,4,21.84,0.00,14.94,0.00,0.00,4.60,0.00,0.00,0.00,58.62
20:13:56,5,22.73,0.00,14.77,0.00,0.00,4.55,0.00,0.00,0.00,57.95
20:13:56,6,21.11,0.00,16.67,0.00,0.00,5.56,0.00,0.00,0.00,56.67
20:13:56,7,21.35,0.00,14.61,0.00,0.00,5.62,0.00,0.00,0.00,58.43
20:13:56,12,22.22,0.00,14.44,0.00,0.00,6.67,0.00,0.00,0.00,56.67
20:13:56,13,22.09,0.00,13.95,0.00,0.00,4.65,0.00,0.00,0.00,59.30
20:13:56,14,21.59,0.00,15.91,0.00,0.00,4.55,0.00,0.00,0.00,57.95
20:13:56,15,21.35,0.00,16.85,0.00,0.00,4.49,0.00,0.00,0.00,57.30
20:13:57,4,21.11,0.00,18.89,0.00,0.00,5.56,0.00,0.00,0.00,54.44
20:13:57,5,22.22,0.00,16.67,0.00,0.00,4.44,0.00,0.00,0.00,56.67
20:13:57,6,21.74,0.00,18.48,0.00,0.00,4.35,0.00,0.00,0.00,55.43
20:13:57,7,20.69,0.00,14.94,0.00,0.00,4.60,0.00,0.00,0.00,59.77
20:13:57,12,21.98,0.00,17.58,0.00,0.00,4.40,0.00,0.00,0.00,56.04
20:13:57,13,22.73,0.00,15.91,0.00,0.00,4.55,0.00,0.00,0.00,56.82
20:13:57,14,21.35,0.00,15.73,0.00,0.00,5.62,0.00,0.00,0.00,57.30
20:13:57,15,20.45,0.00,15.91,0.00,0.00,4.55,0.00,0.00,0.00,59.09
20:13:58,4,20.22,0.00,16.85,0.00,0.00,5.62,0.00,0.00,0.00,57.30
20:13:58,5,23.33,0.00,17.78,0.00,0.00,4.44,0.00,0.00,0.00,54.44
20:13:58,6,20.93,0.00,17.44,0.00,0.00,3.49,0.00,0.00,0.00,58.14
20:13:58,7,19.77,0.00,15.12,0.00,0.00,4.65,0.00,0.00,0.00,60.47
20:13:58,12,22.47,0.00,15.73,0.00,0.00,4.49,0.00,0.00,0.00,57.30
20:13:58,13,23.86,0.00,14.77,0.00,0.00,3.41,0.00,0.00,0.00,57.95
20:13:58,14,22.83,0.00,17.39,0.00,0.00,5.43,0.00,0.00,0.00,54.35
20:13:58,15,20.22,0.00,14.61,0.00,0.00,5.62,0.00,0.00,0.00,59.55
20:13:59,4,20.88,0.00,18.68,0.00,0.00,6.59,0.00,0.00,0.00,53.85
20:13:59,5,20.93,0.00,15.12,0.00,0.00,5.81,0.00,0.00,0.00,58.14
20:13:59,6,20.45,0.00,17.05,0.00,0.00,5.68,0.00,0.00,0.00,56.82
20:13:59,7,23.91,0.00,16.30,0.00,0.00,5.43,0.00,0.00,0.00,54.35
20:13:59,12,22.47,0.00,16.85,0.00,0.00,5.62,0.00,0.00,0.00,55.06
20:13:59,13,25.00,0.00,15.91,0.00,0.00,3.41,0.00,0.00,0.00,55.68
20:13:59,14,25.56,0.00,18.89,2.22,0.00,3.33,0.00,0.00,0.00,50.00
20:13:59,15,22.73,0.00,17.05,0.00,0.00,4.55,0.00,0.00,0.00,55.68
20:14:00,4,22.22,0.00,16.67,0.00,0.00,4.44,0.00,0.00,0.00,56.67
20:14:00,5,19.54,0.00,17.24,0.00,0.00,3.45,0.00,0.00,0.00,59.77
20:14:00,6,19.78,0.00,17.58,0.00,0.00,5.49,0.00,0.00,0.00,57.14
20:14:00,7,18.39,0.00,16.09,0.00,0.00,5.75,0.00,0.00,0.00,59.77
20:14:00,12,19.54,0.00,18.39,0.00,0.00,3.45,0.00,0.00,0.00,58.62
20:14:00,13,20.69,0.00,17.24,0.00,0.00,4.60,0.00,0.00,0.00,57.47
20:14:00,14,20.45,0.00,18.18,0.00,0.00,4.55,0.00,0.00,0.00,56.82
20:14:00,15,22.22,0.00,14.44,0.00,0.00,5.56,0.00,0.00,0.00,57.78
20:14:01,4,23.33,0.00,15.56,0.00,0.00,4.44,0.00,0.00,0.00,56.67
20:14:01,5,20.69,0.00,13.79,0.00,0.00,6.90,0.00,0.00,0.00,58.62
20:14:01,6,19.32,0.00,17.05,0.00,0.00,4.55,0.00,0.00,0.00,59.09
20:14:01,7,19.32,0.00,15.91,0.00,0.00,5.68,0.00,0.00,0.00,59.09
20:14:01,12,22.73,0.00,15.91,0.00,0.00,3.41,0.00,0.00,0.00,57.95
20:14:01,13,20.69,0.00,16.09,0.00,0.00,3.45,0.00,0.00,0.00,59.77
20:14:01,14,22.47,0.00,14.61,0.00,0.00,5.62,0.00,0.00,0.00,57.30
20:14:01,15,20.69,0.00,14.94,0.00,0.00,4.60,0.00,0.00,0.00,59.77
20:14:02,4,22.47,0.00,15.73,0.00,0.00,4.49,0.00,0.00,0.00,57.30
20:14:02,5,18.18,0.00,18.18,0.00,0.00,4.55,0.00,0.00,0.00,59.09
20:14:02,6,20.45,0.00,17.05,0.00,0.00,6.82,0.00,0.00,0.00,55.68
20:14:02,7,18.39,0.00,16.09,0.00,0.00,5.75,0.00,0.00,0.00,59.77
20:14:02,12,24.44,0.00,13.33,0.00,0.00,5.56,0.00,0.00,0.00,56.67
20:14:02,13,23.60,0.00,14.61,1.12,0.00,4.49,0.00,0.00,0.00,56.18
20:14:02,14,21.59,0.00,15.91,0.00,0.00,6.82,0.00,0.00,0.00,55.68
20:14:02,15,20.00,0.00,17.78,0.00,0.00,5.56,0.00,0.00,0.00,56.67
20:14:03,4,19.10,0.00,16.85,0.00,0.00,6.74,0.00,0.00,0.00,57.30
20:14:03,5,21.59,0.00,19.32,0.00,0.00,3.41,0.00,0.00,0.00,55.68
20:14:03,6,20.45,0.00,17.05,0.00,0.00,4.55,0.00,0.00,0.00,57.95
20:14:03,7,20.00,0.00,16.67,0.00,0.00,5.56,0.00,0.00,0.00,57.78
20:14:03,12,21.35,0.00,16.85,0.00,0.00,4.49,0.00,0.00,0.00,57.30
20:14:03,13,22.99,0.00,14.94,0.00,0.00,4.60,0.00,0.00,0.00,57.47
20:14:03,14,22.83,0.00,17.39,0.00,0.00,4.35,0.00,0.00,0.00,55.43
20:14:03,15,20.69,0.00,14.94,0.00,0.00,4.60,0.00,0.00,0.00,59.77
20:14:04,4,22.47,0.00,17.98,0.00,0.00,5.62,0.00,0.00,0.00,53.93
20:14:04,5,24.44,0.00,16.67,0.00,0.00,4.44,0.00,0.00,0.00,54.44
20:14:04,6,22.99,0.00,16.09,0.00,0.00,5.75,0.00,0.00,0.00,55.17
20:14:04,7,20.00,0.00,15.29,0.00,0.00,5.88,0.00,0.00,0.00,58.82
20:14:04,12,20.69,0.00,17.24,0.00,0.00,5.75,0.00,0.00,0.00,56.32
20:14:04,13,22.47,0.00,15.73,0.00,0.00,5.62,0.00,0.00,0.00,56.18
20:14:04,14,21.98,0.00,18.68,0.00,0.00,5.49,0.00,0.00,0.00,53.85
20:14:04,15,22.22,0.00,16.67,0.00,0.00,5.56,0.00,0.00,0.00,55.56
20:14:05,4,21.98,0.00,17.58,0.00,0.00,4.40,0.00,0.00,0.00,56.04
20:14:05,5,20.45,0.00,18.18,0.00,0.00,4.55,0.00,0.00,0.00,56.82
20:14:05,6,18.82,0.00,17.65,0.00,0.00,3.53,0.00,0.00,0.00,60.00
20:14:05,7,19.54,0.00,17.24,0.00,0.00,4.60,0.00,0.00,0.00,58.62
20:14:05,12,21.59,0.00,18.18,0.00,0.00,3.41,0.00,0.00,0.00,56.82
20:14:05,13,22.73,0.00,18.18,0.00,0.00,3.41,0.00,0.00,0.00,55.68
20:14:05,14,20.00,0.00,18.89,0.00,0.00,5.56,0.00,0.00,0.00,55.56
20:14:05,15,20.45,0.00,17.05,0.00,0.00,5.68,0.00,0.00,0.00,56.82
20:14:06,4,21.35,0.00,16.85,0.00,0.00,4.49,0.00,0.00,0.00,57.30
20:14:06,5,23.86,0.00,14.77,0.00,0.00,4.55,0.00,0.00,0.00,56.82
20:14:06,6,21.84,0.00,14.94,0.00,0.00,5.75,0.00,0.00,0.00,57.47
20:14:06,7,21.74,0.00,16.30,0.00,0.00,5.43,0.00,0.00,0.00,56.52
20:14:06,12,20.88,0.00,17.58,0.00,0.00,6.59,0.00,0.00,0.00,54.95
20:14:06,13,21.35,0.00,15.73,0.00,0.00,5.62,0.00,0.00,0.00,57.30
20:14:06,14,22.99,0.00,16.09,0.00,0.00,3.45,0.00,0.00,0.00,57.47
20:14:06,15,19.77,0.00,15.12,0.00,0.00,4.65,0.00,0.00,0.00,60.47
20:14:07,4,21.98,0.00,16.48,0.00,0.00,5.49,0.00,0.00,0.00,56.04
20:14:07,5,19.32,0.00,17.05,0.00,0.00,5.68,0.00,0.00,0.00,57.95
20:14:07,6,21.98,0.00,16.48,0.00,0.00,5.49,0.00,0.00,0.00,56.04
20:14:07,7,21.59,0.00,17.05,0.00,0.00,3.41,0.00,0.00,0.00,57.95
20:14:07,12,22.47,0.00,16.85,0.00,0.00,4.49,0.00,0.00,0.00,56.18
20:14:07,13,22.99,0.00,14.94,0.00,0.00,3.45,0.00,0.00,0.00,58.62
20:14:07,14,20.22,0.00,16.85,0.00,0.00,5.62,0.00,0.00,0.00,57.30
20:14:07,15,21.59,0.00,13.64,0.00,0.00,6.82,0.00,0.00,0.00,57.95
20:14:08,4,22.73,0.00,17.05,0.00,0.00,4.55,0.00,0.00,0.00,55.68
20:14:08,5,25.00,0.00,13.64,0.00,0.00,4.55,0.00,0.00,0.00,56.82
20:14:08,6,20.45,0.00,17.05,0.00,0.00,5.68,0.00,0.00,0.00,56.82
20:14:08,7,20.00,0.00,17.78,0.00,0.00,3.33,0.00,0.00,0.00,58.89
20:14:08,12,21.59,0.00,15.91,0.00,0.00,4.55,0.00,0.00,0.00,57.95
20:14:08,13,23.86,0.00,14.77,0.00,0.00,3.41,0.00,0.00,0.00,57.95
20:14:08,14,22.73,0.00,17.05,0.00,0.00,3.41,0.00,0.00,0.00,56.82
20:14:08,15,22.22,0.00,15.56,0.00,0.00,4.44,0.00,0.00,0.00,57.78
20:14:09,4,21.35,0.00,17.98,0.00,0.00,5.62,0.00,0.00,0.00,55.06
20:14:09,5,20.22,0.00,15.73,0.00,0.00,6.74,0.00,0.00,0.00,57.30
20:14:09,6,21.43,0.00,15.48,0.00,0.00,3.57,0.00,0.00,0.00,59.52
20:14:09,7,20.00,0.00,17.78,0.00,0.00,5.56,0.00,0.00,0.00,56.67
20:14:09,12,22.09,0.00,15.12,0.00,0.00,5.81,0.00,0.00,0.00,56.98
20:14:09,13,18.29,0.00,15.85,0.00,0.00,4.88,0.00,0.00,0.00,60.98
20:14:09,14,20.45,0.00,17.05,0.00,0.00,5.68,0.00,0.00,0.00,56.82
20:14:09,15,22.73,0.00,14.77,0.00,0.00,5.68,0.00,0.00,0.00,56.82
20:14:10,4,23.33,0.00,15.56,0.00,0.00,5.56,0.00,0.00,0.00,55.56
20:14:10,5,21.18,0.00,18.82,1.18,0.00,4.71,0.00,0.00,0.00,54.12
20:14:10,6,21.98,0.00,17.58,0.00,0.00,6.59,0.00,0.00,0.00,53.85
20:14:10,7,19.32,0.00,18.18,0.00,0.00,4.55,0.00,0.00,0.00,57.95
20:14:10,12,20.45,0.00,17.05,0.00,0.00,6.82,0.00,0.00,0.00,55.68
20:14:10,13,21.59,0.00,19.32,0.00,0.00,4.55,0.00,0.00,0.00,54.55
20:14:10,14,23.60,0.00,16.85,0.00,0.00,5.62,0.00,0.00,0.00,53.93
20:14:10,15,22.83,0.00,17.39,0.00,0.00,4.35,0.00,0.00,0.00,55.43
20:14:11,4,25.00,0.00,15.22,0.00,0.00,5.43,0.00,0.00,0.00,54.35
20:14:11,5,21.11,0.00,15.56,0.00,0.00,6.67,0.00,0.00,0.00,56.67
20:14:11,6,18.89,0.00,17.78,0.00,0.00,5.56,0.00,0.00,0.00,57.78
20:14:11,7,21.59,0.00,13.64,0.00,0.00,5.68,0.00,0.00,0.00,59.09
20:14:11,12,22.47,0.00,16.85,0.00,0.00,4.49,0.00,0.00,0.00,56.18
20:14:11,13,20.45,0.00,17.05,0.00,0.00,5.68,0.00,0.00,0.00,56.82
20:14:11,14,21.98,0.00,16.48,0.00,0.00,5.49,0.00,0.00,0.00,56.04
20:14:11,15,20.22,0.00,14.61,0.00,0.00,6.74,0.00,0.00,0.00,58.43
20:14:12,4,21.84,0.00,16.09,0.00,0.00,5.75,0.00,0.00,0.00,56.32
20:14:12,5,23.33,0.00,16.67,0.00,0.00,4.44,0.00,0.00,0.00,55.56
20:14:12,6,19.54,0.00,17.24,0.00,0.00,5.75,0.00,0.00,0.00,57.47
20:14:12,7,20.22,0.00,17.98,0.00,0.00,4.49,0.00,0.00,0.00,57.30
20:14:12,12,23.86,0.00,14.77,0.00,0.00,4.55,0.00,0.00,0.00,56.82
20:14:12,13,21.84,0.00,18.39,0.00,0.00,3.45,0.00,0.00,0.00,56.32
20:14:12,14,21.11,0.00,18.89,0.00,0.00,5.56,0.00,0.00,0.00,54.44
20:14:12,15,22.22,0.00,16.67,0.00,0.00,4.44,0.00,0.00,0.00,56.67
20:14:13,4,22.83,0.00,16.30,0.00,0.00,5.43,0.00,0.00,0.00,55.43
20:14:13,5,23.40,0.00,15.96,0.00,0.00,6.38,0.00,0.00,0.00,54.26
20:14:13,6,20.45,0.00,19.32,0.00,0.00,5.68,0.00,0.00,0.00,54.55
20:14:13,7,21.35,0.00,15.73,0.00,0.00,5.62,0.00,0.00,0.00,57.30
20:14:13,12,20.00,0.00,16.47,0.00,0.00,4.71,0.00,0.00,0.00,58.82
20:14:13,13,19.77,0.00,17.44,0.00,0.00,4.65,0.00,0.00,0.00,58.14
20:14:13,14,20.45,0.00,18.18,0.00,0.00,4.55,0.00,0.00,0.00,56.82
20:14:13,15,23.08,0.00,15.38,0.00,0.00,5.49,0.00,0.00,0.00,56.04
20:14:14,4,22.22,0.00,15.56,0.00,0.00,5.56,0.00,0.00,0.00,56.67
20:14:14,5,20.45,0.00,18.18,0.00,0.00,4.55,0.00,0.00,0.00,56.82
20:14:14,6,22.09,0.00,16.28,0.00,0.00,2.33,0.00,0.00,0.00,59.30
20:14:14,7,19.32,0.00,15.91,0.00,0.00,5.68,0.00,0.00,0.00,59.09
20:14:14,12,21.98,0.00,16.48,0.00,0.00,5.49,0.00,0.00,0.00,56.04
20:14:14,13,19.32,0.00,17.05,0.00,0.00,5.68,0.00,0.00,0.00,57.95
20:14:14,14,21.74,0.00,16.30,0.00,0.00,5.43,0.00,0.00,0.00,56.52
20:14:14,15,20.45,0.00,17.05,0.00,0.00,4.55,0.00,0.00,0.00,57.95
20:14:15,4,23.60,0.00,19.10,2.25,0.00,4.49,0.00,0.00,0.00,50.56
20:14:15,5,21.18,0.00,16.47,0.00,0.00,5.88,0.00,0.00,0.00,56.47
20:14:15,6,21.35,0.00,17.98,0.00,0.00,5.62,0.00,0.00,0.00,55.06
20:14:15,7,19.32,0.00,18.18,0.00,0.00,5.68,0.00,0.00,0.00,56.82
20:14:15,12,23.86,0.00,17.05,0.00,0.00,4.55,0.00,0.00,0.00,54.55
20:14:15,13,23.86,0.00,18.18,0.00,0.00,3.41,0.00,0.00,0.00,54.55
20:14:15,14,21.98,0.00,19.78,0.00,0.00,5.49,0.00,0.00,0.00,52.75
20:14:15,15,21.35,0.00,16.85,0.00,0.00,5.62,0.00,0.00,0.00,56.18
20:14:16,4,23.08,0.00,16.48,0.00,0.00,5.49,0.00,0.00,0.00,54.95
20:14:16,5,20.69,0.00,16.09,0.00,0.00,5.75,0.00,0.00,0.00,57.47
20:14:16,6,22.22,0.00,16.67,0.00,0.00,5.56,0.00,0.00,0.00,55.56
20:14:16,7,20.45,0.00,15.91,0.00,0.00,4.55,0.00,0.00,0.00,59.09
20:14:16,12,20.00,0.00,17.78,0.00,0.00,4.44,0.00,0.00,0.00,57.78
20:14:16,13,20.22,0.00,16.85,0.00,0.00,5.62,0.00,0.00,0.00,57.30
20:14:16,14,22.47,0.00,16.85,0.00,0.00,3.37,0.00,0.00,0.00,57.30
20:14:16,15,21.98,0.00,16.48,0.00,0.00,4.40,0.00,0.00,0.00,57.14
20:14:17,4,22.22,0.00,17.78,0.00,0.00,4.44,0.00,0.00,0.00,55.56
20:14:17,5,22.22,0.00,16.67,0.00,0.00,5.56,0.00,0.00,0.00,55.56
20:14:17,6,21.84,0.00,14.94,0.00,0.00,5.75,0.00,0.00,0.00,57.47
20:14:17,7,20.45,0.00,15.91,0.00,0.00,5.68,0.00,0.00,0.00,57.95
20:14:17,12,20.45,0.00,19.32,0.00,0.00,5.68,0.00,0.00,0.00,54.55
20:14:17,13,23.53,0.00,14.12,0.00,0.00,4.71,0.00,0.00,0.00,57.65
20:14:17,14,21.59,0.00,17.05,0.00,0.00,4.55,0.00,0.00,0.00,56.82
20:14:17,15,23.33,0.00,14.44,1.11,0.00,5.56,0.00,0.00,0.00,55.56
20:14:18,4,21.35,0.00,16.85,0.00,0.00,4.49,0.00,0.00,0.00,57.30
20:14:18,5,20.69,0.00,16.09,0.00,0.00,4.60,0.00,0.00,0.00,58.62
20:14:18,6,20.45,0.00,15.91,0.00,0.00,5.68,0.00,0.00,0.00,57.95
20:14:18,7,20.22,0.00,16.85,0.00,0.00,4.49,0.00,0.00,0.00,58.43
20:14:18,12,18.18,0.00,18.18,0.00,0.00,5.68,0.00,0.00,0.00,57.95
20:14:18,13,22.83,0.00,17.39,0.00,0.00,4.35,0.00,0.00,0.00,55.43
20:14:18,14,20.88,0.00,17.58,0.00,0.00,5.49,0.00,0.00,0.00,56.04
20:14:18,15,20.93,0.00,16.28,0.00,0.00,2.33,0.00,0.00,0.00,60.47
20:14:19,4,21.35,0.00,15.73,0.00,0.00,5.62,0.00,0.00,0.00,57.30
20:14:19,5,22.22,0.00,16.67,0.00,0.00,4.44,0.00,0.00,0.00,56.67
20:14:19,6,24.44,0.00,15.56,0.00,0.00,4.44,0.00,0.00,0.00,55.56
20:14:19,7,19.32,0.00,17.05,0.00,0.00,4.55,0.00,0.00,0.00,59.09
20:14:19,12,19.54,0.00,16.09,0.00,0.00,5.75,0.00,0.00,0.00,58.62
20:14:19,13,20.88,0.00,16.48,0.00,0.00,5.49,0.00,0.00,0.00,57.14
20:14:19,14,21.18,0.00,14.12,0.00,0.00,4.71,0.00,0.00,0.00,60.00
20:14:19,15,20.45,0.00,15.91,0.00,0.00,5.68,0.00,0.00,0.00,57.95
20:14:20,4,21.35,0.00,16.85,0.00,0.00,6.74,0.00,0.00,0.00,55.06
20:14:20,5,20.69,0.00,17.24,0.00,0.00,4.60,0.00,0.00,0.00,57.47
20:14:20,6,21.59,0.00,18.18,0.00,0.00,4.55,0.00,0.00,0.00,55.68
20:14:20,7,20.88,0.00,17.58,1.10,0.00,5.49,0.00,0.00,0.00,54.95
20:14:20,12,22.47,0.00,17.98,0.00,0.00,5.62,0.00,0.00,0.00,53.93
20:14:20,13,26.37,0.00,16.48,0.00,0.00,5.49,0.00,0.00,0.00,51.65
20:14:20,14,23.86,0.00,17.05,0.00,0.00,3.41,0.00,0.00,0.00,55.68
20:14:20,15,21.11,0.00,17.78,0.00,0.00,6.67,0.00,0.00,0.00,54.44
20:14:21,4,21.11,0.00,17.78,0.00,0.00,5.56,0.00,0.00,0.00,55.56
20:14:21,5,21.84,0.00,16.09,0.00,0.00,4.60,0.00,0.00,0.00,57.47
20:14:21,6,21.35,0.00,16.85,0.00,0.00,5.62,0.00,0.00,0.00,56.18
20:14:21,7,20.45,0.00,15.91,0.00,0.00,4.55,0.00,0.00,0.00,59.09
20:14:21,12,24.44,0.00,15.56,0.00,0.00,4.44,0.00,0.00,0.00,55.56
20:14:21,13,22.35,0.00,15.29,0.00,0.00,3.53,0.00,0.00,0.00,58.82
20:14:21,14,21.84,0.00,14.94,0.00,0.00,6.90,0.00,0.00,0.00,56.32
20:14:21,15,20.00,0.00,17.78,0.00,0.00,4.44,0.00,0.00,0.00,57.78
20:14:22,4,21.98,0.00,16.48,0.00,0.00,6.59,0.00,0.00,0.00,54.95
20:14:22,5,20.45,0.00,18.18,0.00,0.00,4.55,0.00,0.00,0.00,56.82
20:14:22,6,21.18,0.00,15.29,0.00,0.00,4.71,0.00,0.00,0.00,58.82
20:14:22,7,20.22,0.00,17.98,0.00,0.00,4.49,0.00,0.00,0.00,57.30
20:14:22,12,21.35,0.00,16.85,1.12,0.00,5.62,0.00,0.00,0.00,55.06
20:14:22,13,21.98,0.00,16.48,0.00,0.00,5.49,0.00,0.00,0.00,56.04
20:14:22,14,23.08,0.00,17.58,0.00,0.00,5.49,0.00,0.00,0.00,53.85
20:14:22,15,21.35,0.00,16.85,0.00,0.00,5.62,0.00,0.00,0.00,56.18
20:14:23,4,19.54,0.00,16.09,0.00,0.00,4.60,0.00,0.00,0.00,59.77
20:14:23,5,21.11,0.00,17.78,0.00,0.00,4.44,0.00,0.00,0.00,56.67
20:14:23,6,22.22,0.00,16.67,0.00,0.00,4.44,0.00,0.00,0.00,56.67
20:14:23,7,21.11,0.00,15.56,0.00,0.00,5.56,0.00,0.00,0.00,57.78
20:14:23,12,21.59,0.00,14.77,0.00,0.00,5.68,0.00,0.00,0.00,57.95
20:14:23,13,22.73,0.00,14.77,0.00,0.00,4.55,0.00,0.00,0.00,57.95
20:14:23,14,22.47,0.00,15.73,0.00,0.00,4.49,0.00,0.00,0.00,57.30
20:14:23,15,20.22,0.00,16.85,0.00,0.00,4.49,0.00,0.00,0.00,58.43
20:14:24,4,23.26,0.00,12.79,0.00,0.00,5.81,0.00,0.00,0.00,58.14
20:14:24,5,21.35,0.00,15.73,0.00,0.00,5.62,0.00,0.00,0.00,57.30
20:14:24,6,21.35,0.00,15.73,0.00,0.00,5.62,0.00,0.00,0.00,57.30
20:14:24,7,22.47,0.00,16.85,0.00,0.00,4.49,0.00,0.00,0.00,56.18
20:14:24,12,22.47,0.00,15.73,0.00,0.00,4.49,0.00,0.00,0.00,57.30
20:14:24,13,23.60,0.00,14.61,0.00,0.00,4.49,0.00,0.00,0.00,57.30
20:14:24,14,20.69,0.00,16.09,0.00,0.00,4.60,0.00,0.00,0.00,58.62
20:14:24,15,23.33,0.00,15.56,0.00,0.00,4.44,0.00,0.00,0.00,56.67
20:14:25,4,28.57,0.00,17.58,0.00,0.00,4.40,0.00,0.00,0.00,49.45
20:14:25,5,20.93,0.00,18.60,0.00,0.00,4.65,0.00,0.00,0.00,55.81
20:14:25,6,23.86,0.00,14.77,0.00,0.00,6.82,0.00,0.00,0.00,54.55
20:14:25,7,24.44,0.00,16.67,0.00,0.00,4.44,0.00,0.00,0.00,54.44
20:14:25,12,22.47,0.00,19.10,1.12,0.00,4.49,0.00,0.00,0.00,52.81
20:14:25,13,22.47,0.00,17.98,0.00,0.00,5.62,0.00,0.00,0.00,53.93
20:14:25,14,24.18,0.00,16.48,0.00,0.00,5.49,0.00,0.00,0.00,53.85
20:14:25,15,21.35,0.00,17.98,0.00,0.00,5.62,0.00,0.00,0.00,55.06
20:14:26,4,20.69,0.00,17.24,0.00,0.00,5.75,0.00,0.00,0.00,56.32
20:14:26,5,20.45,0.00,18.18,0.00,0.00,4.55,0.00,0.00,0.00,56.82
20:14:26,6,20.93,0.00,17.44,0.00,0.00,4.65,0.00,0.00,0.00,56.98
20:14:26,7,21.11,0.00,16.67,0.00,0.00,4.44,0.00,0.00,0.00,57.78
20:14:26,12,22.22,0.00,17.78,0.00,0.00,5.56,0.00,0.00,0.00,54.44
20:14:26,13,19.54,0.00,17.24,0.00,0.00,5.75,0.00,0.00,0.00,57.47
20:14:26,14,23.60,0.00,16.85,0.00,0.00,4.49,0.00,0.00,0.00,55.06
20:14:26,15,21.59,0.00,14.77,0.00,0.00,5.68,0.00,0.00,0.00,57.95
20:14:27,4,20.88,0.00,15.38,0.00,0.00,7.69,0.00,0.00,0.00,56.04
20:14:27,5,22.47,0.00,15.73,0.00,0.00,4.49,0.00,0.00,0.00,57.30
20:14:27,6,19.10,0.00,17.98,0.00,0.00,5.62,0.00,0.00,0.00,57.30
20:14:27,7,21.98,0.00,15.38,0.00,0.00,5.49,0.00,0.00,0.00,57.14
20:14:27,12,22.47,0.00,15.73,0.00,0.00,4.49,0.00,0.00,0.00,57.30
20:14:27,13,21.18,0.00,14.12,1.18,0.00,5.88,0.00,0.00,0.00,57.65
20:14:27,14,21.84,0.00,17.24,0.00,0.00,3.45,0.00,0.00,0.00,57.47
20:14:27,15,20.22,0.00,16.85,0.00,0.00,5.62,0.00,0.00,0.00,57.30
20:14:28,4,21.35,0.00,16.85,0.00,0.00,4.49,0.00,0.00,0.00,57.30
20:14:28,5,19.32,0.00,19.32,0.00,0.00,4.55,0.00,0.00,0.00,56.82
20:14:28,6,21.59,0.00,15.91,0.00,0.00,4.55,0.00,0.00,0.00,57.95
20:14:28,7,21.35,0.00,16.85,0.00,0.00,3.37,0.00,0.00,0.00,58.43
20:14:28,12,20.45,0.00,17.05,0.00,0.00,5.68,0.00,0.00,0.00,56.82
20:14:28,13,22.22,0.00,15.56,0.00,0.00,5.56,0.00,0.00,0.00,56.67
20:14:28,14,20.45,0.00,15.91,0.00,0.00,5.68,0.00,0.00,0.00,57.95
20:14:28,15,21.84,0.00,14.94,0.00,0.00,4.60,0.00,0.00,0.00,58.62
20:14:29,4,21.59,0.00,14.77,0.00,0.00,5.68,0.00,0.00,0.00,57.95
20:14:29,5,21.59,0.00,17.05,0.00,0.00,5.68,0.00,0.00,0.00,55.68
20:14:29,6,23.91,0.00,16.30,0.00,0.00,4.35,0.00,0.00,0.00,55.43
20:14:29,7,20.45,0.00,15.91,0.00,0.00,5.68,0.00,0.00,0.00,57.95
20:14:29,12,20.88,0.00,16.48,0.00,0.00,6.59,0.00,0.00,0.00,56.04
20:14:29,13,21.69,0.00,14.46,0.00,0.00,3.61,0.00,0.00,0.00,60.24
20:14:29,14,22.22,0.00,16.67,0.00,0.00,4.44,0.00,0.00,0.00,56.67
20:14:29,15,20.22,0.00,15.73,0.00,0.00,5.62,0.00,0.00,0.00,58.43
20:14:30,4,23.26,0.00,16.28,0.00,0.00,4.65,0.00,0.00,0.00,55.81
20:14:30,5,21.84,0.00,18.39,0.00,0.00,5.75,0.00,0.00,0.00,54.02
20:14:30,6,24.44,0.00,18.89,0.00,0.00,3.33,0.00,0.00,0.00,53.33
20:14:30,7,21.11,0.00,17.78,0.00,0.00,6.67,0.00,0.00,0.00,54.44
20:14:30,12,22.99,0.00,16.09,0.00,0.00,5.75,0.00,0.00,0.00,55.17
20:14:30,13,25.00,0.00,20.65,1.09,0.00,5.43,0.00,0.00,0.00,47.83
20:14:30,14,24.72,0.00,16.85,0.00,0.00,4.49,0.00,0.00,0.00,53.93
20:14:30,15,24.14,0.00,16.09,0.00,0.00,3.45,0.00,0.00,0.00,56.32
20:14:31,4,23.86,0.00,14.77,0.00,0.00,4.55,0.00,0.00,0.00,56.82
20:14:31,5,20.22,0.00,16.85,0.00,0.00,6.74,0.00,0.00,0.00,56.18
20:14:31,6,21.35,0.00,15.73,0.00,0.00,5.62,0.00,0.00,0.00,57.30
20:14:31,7,19.10,0.00,15.73,0.00,0.00,5.62,0.00,0.00,0.00,59.55
20:14:31,12,21.35,0.00,15.73,0.00,0.00,4.49,0.00,0.00,0.00,58.43
20:14:31,13,20.45,0.00,19.32,0.00,0.00,4.55,0.00,0.00,0.00,55.68
20:14:31,14,20.24,0.00,16.67,0.00,0.00,3.57,0.00,0.00,0.00,59.52
20:14:31,15,18.18,0.00,18.18,0.00,0.00,4.55,0.00,0.00,0.00,59.09
20:14:32,4,24.44,0.00,16.67,0.00,0.00,4.44,0.00,0.00,0.00,54.44
20:14:32,5,19.54,0.00,18.39,0.00,0.00,4.60,0.00,0.00,0.00,57.47
20:14:32,6,20.22,0.00,17.98,0.00,0.00,4.49,0.00,0.00,0.00,57.30
20:14:32,7,22.22,0.00,16.67,0.00,0.00,4.44,0.00,0.00,0.00,56.67
20:14:32,12,20.93,0.00,17.44,0.00,0.00,4.65,0.00,0.00,0.00,56.98
20:14:32,13,22.22,0.00,15.56,0.00,0.00,5.56,0.00,0.00,0.00,56.67
20:14:32,14,22.22,0.00,16.67,0.00,0.00,5.56,0.00,0.00,0.00,55.56
20:14:32,15,21.11,0.00,17.78,0.00,0.00,4.44,0.00,0.00,0.00,56.67
20:14:33,4,22.47,0.00,16.85,0.00,0.00,4.49,0.00,0.00,0.00,56.18
20:14:33,5,20.45,0.00,17.05,0.00,0.00,4.55,0.00,0.00,0.00,57.95
20:14:33,6,22.99,0.00,17.24,0.00,0.00,4.60,0.00,0.00,0.00,55.17
20:14:33,7,19.10,0.00,15.73,0.00,0.00,6.74,0.00,0.00,0.00,58.43
20:14:33,12,20.22,0.00,19.10,0.00,0.00,4.49,0.00,0.00,0.00,56.18
20:14:33,13,21.59,0.00,17.05,0.00,0.00,4.55,0.00,0.00,0.00,56.82
20:14:33,14,21.35,0.00,19.10,0.00,0.00,4.49,0.00,0.00,0.00,55.06
20:14:33,15,21.35,0.00,15.73,0.00,0.00,5.62,0.00,0.00,0.00,57.30
20:14:34,4,19.10,0.00,17.98,0.00,0.00,6.74,0.00,0.00,0.00,56.18
20:14:34,5,23.91,0.00,15.22,0.00,0.00,6.52,0.00,0.00,0.00,54.35
20:14:34,6,21.59,0.00,14.77,0.00,0.00,5.68,0.00,0.00,0.00,57.95
20:14:34,7,21.59,0.00,14.77,0.00,0.00,5.68,0.00,0.00,0.00,57.95
20:14:34,12,20.45,0.00,15.91,0.00,0.00,5.68,0.00,0.00,0.00,57.95
20:14:34,13,20.93,0.00,15.12,0.00,0.00,4.65,0.00,0.00,0.00,59.30
20:14:34,14,22.47,0.00,15.73,0.00,0.00,5.62,0.00,0.00,0.00,56.18
20:14:34,15,19.32,0.00,15.91,0.00,0.00,6.82,0.00,0.00,0.00,57.95
20:14:35,4,24.44,0.00,16.67,0.00,0.00,6.67,0.00,0.00,0.00,52.22
20:14:35,5,25.00,0.00,17.05,0.00,0.00,4.55,0.00,0.00,0.00,53.41
20:14:35,6,21.84,0.00,18.39,0.00,0.00,5.75,0.00,0.00,0.00,54.02
20:14:35,7,19.54,0.00,18.39,0.00,0.00,4.60,0.00,0.00,0.00,57.47
20:14:35,12,25.84,0.00,16.85,0.00,0.00,4.49,0.00,0.00,0.00,52.81
20:14:35,13,24.72,0.00,16.85,0.00,0.00,4.49,0.00,0.00,0.00,53.93
20:14:35,14,22.73,0.00,18.18,0.00,0.00,4.55,0.00,0.00,0.00,54.55
20:14:35,15,22.99,0.00,14.94,0.00,0.00,5.75,0.00,0.00,0.00,56.32
20:14:36,4,20.45,0.00,15.91,0.00,0.00,5.68,0.00,0.00,0.00,57.95
20:14:36,5,20.45,0.00,17.05,0.00,0.00,6.82,0.00,0.00,0.00,55.68
20:14:36,6,20.00,0.00,20.00,0.00,0.00,4.44,0.00,0.00,0.00,55.56
20:14:36,7,22.22,0.00,15.56,0.00,0.00,5.56,0.00,0.00,0.00,56.67
20:14:36,12,21.98,0.00,17.58,0.00,0.00,4.40,0.00,0.00,0.00,56.04
20:14:36,13,22.09,0.00,13.95,0.00,0.00,4.65,0.00,0.00,0.00,59.30
20:14:36,14,18.89,0.00,18.89,0.00,0.00,6.67,0.00,0.00,0.00,55.56
20:14:36,15,21.98,0.00,16.48,0.00,0.00,5.49,0.00,0.00,0.00,56.04
20:14:37,4,20.45,0.00,18.18,0.00,0.00,4.55,0.00,0.00,0.00,56.82
20:14:37,5,21.11,0.00,17.78,0.00,0.00,5.56,0.00,0.00,0.00,55.56
20:14:37,6,21.59,0.00,15.91,0.00,0.00,4.55,0.00,0.00,0.00,57.95
20:14:37,7,21.11,0.00,16.67,0.00,0.00,5.56,0.00,0.00,0.00,56.67
20:14:37,12,20.22,0.00,15.73,0.00,0.00,6.74,0.00,0.00,0.00,57.30
20:14:37,13,21.11,0.00,17.78,0.00,0.00,5.56,0.00,0.00,0.00,55.56
20:14:37,14,21.98,0.00,17.58,0.00,0.00,4.40,0.00,0.00,0.00,56.04
20:14:37,15,20.69,0.00,16.09,0.00,0.00,4.60,0.00,0.00,0.00,58.62
20:14:38,4,21.84,0.00,13.79,0.00,0.00,6.90,0.00,0.00,0.00,57.47
20:14:38,5,22.73,0.00,14.77,0.00,0.00,5.68,0.00,0.00,0.00,56.82
20:14:38,6,21.35,0.00,16.85,0.00,0.00,5.62,0.00,0.00,0.00,56.18
20:14:38,7,21.35,0.00,15.73,0.00,0.00,3.37,0.00,0.00,0.00,59.55
20:14:38,12,20.22,0.00,19.10,0.00,0.00,5.62,0.00,0.00,0.00,55.06
20:14:38,13,21.59,0.00,15.91,0.00,0.00,4.55,0.00,0.00,0.00,57.95
20:14:38,14,21.59,0.00,15.91,0.00,0.00,4.55,0.00,0.00,0.00,57.95
20:14:38,15,21.35,0.00,15.73,0.00,0.00,5.62,0.00,0.00,0.00,57.30
20:14:39,4,23.60,0.00,16.85,0.00,0.00,3.37,0.00,0.00,0.00,56.18
20:14:39,5,20.69,0.00,14.94,0.00,0.00,5.75,0.00,0.00,0.00,58.62
20:14:39,6,20.45,0.00,15.91,0.00,0.00,5.68,0.00,0.00,0.00,57.95
20:14:39,7,18.89,0.00,17.78,0.00,0.00,5.56,0.00,0.00,0.00,57.78
20:14:39,12,22.22,0.00,16.67,0.00,0.00,4.44,0.00,0.00,0.00,56.67
20:14:39,13,21.35,0.00,15.73,0.00,0.00,5.62,0.00,0.00,0.00,57.30
20:14:39,14,20.45,0.00,15.91,0.00,0.00,5.68,0.00,0.00,0.00,57.95
20:14:39,15,20.69,0.00,14.94,0.00,0.00,4.60,0.00,0.00,0.00,59.77
20:14:40,4,25.00,0.00,14.77,0.00,0.00,5.68,0.00,0.00,0.00,54.55
20:14:40,5,23.33,0.00,20.00,0.00,0.00,4.44,0.00,0.00,0.00,52.22
20:14:40,6,23.08,0.00,17.58,0.00,0.00,5.49,0.00,0.00,0.00,53.85
20:14:40,7,22.83,0.00,18.48,0.00,0.00,4.35,0.00,0.00,0.00,54.35
20:14:40,12,23.26,0.00,17.44,0.00,0.00,5.81,0.00,0.00,0.00,53.49
20:14:40,13,23.60,0.00,17.98,0.00,0.00,5.62,0.00,0.00,0.00,52.81
20:14:40,14,22.99,0.00,17.24,0.00,0.00,4.60,0.00,0.00,0.00,55.17
20:14:40,15,20.22,0.00,17.98,0.00,0.00,5.62,0.00,0.00,0.00,56.18
20:14:41,4,21.11,0.00,17.78,0.00,0.00,4.44,0.00,0.00,0.00,56.67
20:14:41,5,20.45,0.00,15.91,0.00,0.00,5.68,0.00,0.00,0.00,57.95
20:14:41,6,23.33,0.00,13.33,0.00,0.00,6.67,0.00,0.00,0.00,56.67
20:14:41,7,20.00,0.00,16.67,0.00,0.00,5.56,0.00,0.00,0.00,57.78
20:14:41,12,19.54,0.00,16.09,0.00,0.00,5.75,0.00,0.00,0.00,58.62
20:14:41,13,21.98,0.00,16.48,0.00,0.00,5.49,0.00,0.00,0.00,56.04
20:14:41,14,20.69,0.00,14.94,0.00,0.00,5.75,0.00,0.00,0.00,58.62
20:14:41,15,21.59,0.00,17.05,0.00,0.00,4.55,0.00,0.00,0.00,56.82
20:14:42,4,21.35,0.00,17.98,0.00,0.00,4.49,0.00,0.00,0.00,56.18
20:14:42,5,21.18,0.00,16.47,0.00,0.00,5.88,0.00,0.00,0.00,56.47
20:14:42,6,19.10,0.00,19.10,1.12,0.00,5.62,0.00,0.00,0.00,55.06
20:14:42,7,20.93,0.00,15.12,0.00,0.00,5.81,0.00,0.00,0.00,58.14
20:14:42,12,23.33,0.00,16.67,0.00,0.00,4.44,0.00,0.00,0.00,55.56
20:14:42,13,23.26,0.00,16.28,0.00,0.00,3.49,0.00,0.00,0.00,56.98
20:14:42,14,23.91,0.00,16.30,0.00,0.00,5.43,0.00,0.00,0.00,54.35
20:14:42,15,20.88,0.00,17.58,0.00,0.00,5.49,0.00,0.00,0.00,56.04
20:14:43,4,20.88,0.00,17.58,0.00,0.00,5.49,0.00,0.00,0.00,56.04
20:14:43,5,21.11,0.00,18.89,0.00,0.00,5.56,0.00,0.00,0.00,54.44
20:14:43,6,22.73,0.00,14.77,0.00,0.00,5.68,0.00,0.00,0.00,56.82
20:14:43,7,20.88,0.00,17.58,0.00,0.00,4.40,0.00,0.00,0.00,57.14
20:14:43,12,18.60,0.00,18.60,0.00,0.00,5.81,0.00,0.00,0.00,56.98
20:14:43,13,21.59,0.00,15.91,0.00,0.00,6.82,0.00,0.00,0.00,55.68
20:14:43,14,20.45,0.00,17.05,0.00,0.00,6.82,0.00,0.00,0.00,55.68
20:14:43,15,18.68,0.00,19.78,0.00,0.00,5.49,0.00,0.00,0.00,56.04
20:14:44,4,21.35,0.00,16.85,0.00,0.00,4.49,0.00,0.00,0.00,57.30
20:14:44,5,20.22,0.00,17.98,0.00,0.00,4.49,0.00,0.00,0.00,57.30
20:14:44,6,20.69,0.00,16.09,0.00,0.00,4.60,0.00,0.00,0.00,58.62
20:14:44,7,20.65,0.00,17.39,0.00,0.00,5.43,0.00,0.00,0.00,56.52
20:14:44,12,22.09,0.00,15.12,0.00,0.00,4.65,0.00,0.00,0.00,58.14
20:14:44,13,22.09,0.00,15.12,0.00,0.00,4.65,0.00,0.00,0.00,58.14
20:14:44,14,22.83,0.00,16.30,0.00,0.00,5.43,0.00,0.00,0.00,55.43
20:14:44,15,22.22,0.00,15.56,0.00,0.00,5.56,0.00,0.00,0.00,56.67
20:14:45,4,24.44,0.00,18.89,0.00,0.00,4.44,0.00,0.00,0.00,52.22
20:14:45,5,21.18,0.00,16.47,0.00,0.00,4.71,0.00,0.00,0.00,57.65
20:14:45,6,24.72,0.00,15.73,0.00,0.00,4.49,0.00,0.00,0.00,55.06
20:14:45,7,21.11,0.00,17.78,1.11,0.00,5.56,0.00,0.00,0.00,54.44
20:14:45,12,21.74,0.00,18.48,0.00,0.00,6.52,0.00,0.00,0.00,53.26
20:14:45,13,22.47,0.00,17.98,0.00,0.00,4.49,0.00,0.00,0.00,55.06
20:14:45,14,22.47,0.00,16.85,0.00,0.00,4.49,0.00,0.00,0.00,56.18
20:14:45,15,19.54,0.00,16.09,0.00,0.00,6.90,0.00,0.00,0.00,57.47
20:14:46,4,20.22,0.00,16.85,0.00,0.00,4.49,0.00,0.00,0.00,58.43
20:14:46,5,21.59,0.00,17.05,0.00,0.00,3.41,0.00,0.00,0.00,57.95
20:14:46,6,20.45,0.00,15.91,0.00,0.00,5.68,0.00,0.00,0.00,57.95
20:14:46,7,22.22,0.00,16.67,0.00,0.00,4.44,0.00,0.00,0.00,56.67
20:14:46,12,21.11,0.00,16.67,0.00,0.00,5.56,0.00,0.00,0.00,56.67
20:14:46,13,20.45,0.00,15.91,0.00,0.00,5.68,0.00,0.00,0.00,57.95
20:14:46,14,20.22,0.00,16.85,0.00,0.00,5.62,0.00,0.00,0.00,57.30
20:14:46,15,21.84,0.00,14.94,0.00,0.00,4.60,0.00,0.00,0.00,58.62
20:14:47,4,21.18,0.00,16.47,0.00,0.00,3.53,0.00,0.00,0.00,58.82
20:14:47,5,21.98,0.00,17.58,0.00,0.00,5.49,0.00,0.00,0.00,54.95
20:14:47,6,19.54,0.00,14.94,0.00,0.00,6.90,0.00,0.00,0.00,58.62
20:14:47,7,20.88,0.00,16.48,0.00,0.00,5.49,0.00,0.00,0.00,57.14
20:14:47,12,23.08,0.00,16.48,0.00,0.00,4.40,0.00,0.00,0.00,56.04
20:14:47,13,20.88,0.00,16.48,0.00,0.00,6.59,0.00,0.00,0.00,56.04
20:14:47,14,22.83,0.00,16.30,0.00,0.00,4.35,0.00,0.00,0.00,56.52
20:14:47,15,22.58,0.00,16.13,0.00,0.00,4.30,0.00,0.00,0.00,56.99
20:14:48,4,21.35,0.00,16.85,0.00,0.00,4.49,0.00,0.00,0.00,57.30
20:14:48,5,20.45,0.00,17.05,0.00,0.00,4.55,0.00,0.00,0.00,57.95
20:14:48,6,21.35,0.00,15.73,0.00,0.00,5.62,0.00,0.00,0.00,57.30
20:14:48,7,22.83,0.00,15.22,0.00,0.00,5.43,0.00,0.00,0.00,56.52
20:14:48,12,21.84,0.00,14.94,0.00,0.00,5.75,0.00,0.00,0.00,57.47
20:14:48,13,23.08,0.00,16.48,0.00,0.00,4.40,0.00,0.00,0.00,56.04
20:14:48,14,21.84,0.00,14.94,0.00,0.00,4.60,0.00,0.00,0.00,58.62
20:14:48,15,21.74,0.00,17.39,0.00,0.00,5.43,0.00,0.00,0.00,55.43
20:14:49,4,20.45,0.00,15.91,0.00,0.00,5.68,0.00,0.00,0.00,57.95
20:14:49,5,21.35,0.00,14.61,0.00,0.00,6.74,0.00,0.00,0.00,57.30
20:14:49,6,20.88,0.00,17.58,0.00,0.00,5.49,0.00,0.00,0.00,56.04
20:14:49,7,22.47,0.00,16.85,0.00,0.00,3.37,0.00,0.00,0.00,57.30
20:14:49,12,21.11,0.00,18.89,0.00,0.00,3.33,0.00,0.00,0.00,56.67
20:14:49,13,20.00,0.00,17.78,0.00,0.00,5.56,0.00,0.00,0.00,56.67
20:14:49,14,22.73,0.00,14.77,0.00,0.00,5.68,0.00,0.00,0.00,56.82
20:14:49,15,21.84,0.00,14.94,0.00,0.00,4.60,0.00,0.00,0.00,58.62
20:14:50,4,22.73,0.00,15.91,0.00,0.00,4.55,0.00,0.00,0.00,56.82
20:14:50,5,22.09,0.00,16.28,0.00,0.00,4.65,0.00,0.00,0.00,56.98
20:14:50,6,21.11,0.00,17.78,0.00,0.00,4.44,0.00,0.00,0.00,56.67
20:14:50,7,21.74,0.00,17.39,0.00,0.00,5.43,0.00,0.00,0.00,55.43
20:14:50,12,21.84,0.00,16.09,0.00,0.00,5.75,0.00,0.00,0.00,56.32
20:14:50,13,24.14,0.00,16.09,0.00,0.00,3.45,0.00,0.00,0.00,56.32
20:14:50,14,23.66,0.00,17.20,0.00,0.00,5.38,0.00,0.00,0.00,53.76
20:14:50,15,21.59,0.00,18.18,0.00,0.00,3.41,0.00,0.00,0.00,56.82
20:14:51,4,22.22,0.00,18.89,0.00,0.00,4.44,0.00,0.00,0.00,54.44
20:14:51,5,24.14,0.00,14.94,0.00,0.00,4.60,0.00,0.00,0.00,56.32
20:14:51,6,21.84,0.00,17.24,0.00,0.00,4.60,0.00,0.00,0.00,56.32
20:14:51,7,20.45,0.00,18.18,0.00,0.00,4.55,0.00,0.00,0.00,56.82
20:14:51,12,19.10,0.00,17.98,0.00,0.00,7.87,0.00,0.00,0.00,55.06
20:14:51,13,23.60,0.00,16.85,0.00,0.00,5.62,0.00,0.00,0.00,53.93
20:14:51,14,21.74,0.00,18.48,0.00,0.00,5.43,0.00,0.00,0.00,54.35
20:14:51,15,20.69,0.00,17.24,0.00,0.00,5.75,0.00,0.00,0.00,56.32
20:14:52,4,20.45,0.00,18.18,0.00,0.00,5.68,0.00,0.00,0.00,55.68
20:14:52,5,21.35,0.00,17.98,0.00,0.00,4.49,0.00,0.00,0.00,56.18
20:14:52,6,21.98,0.00,16.48,0.00,0.00,6.59,0.00,0.00,0.00,54.95
20:14:52,7,19.78,0.00,17.58,0.00,0.00,5.49,0.00,0.00,0.00,57.14
20:14:52,12,21.59,0.00,15.91,0.00,0.00,5.68,0.00,0.00,0.00,56.82
20:14:52,13,19.54,0.00,17.24,0.00,0.00,5.75,0.00,0.00,0.00,57.47
20:14:52,14,21.11,0.00,17.78,0.00,0.00,4.44,0.00,0.00,0.00,56.67
20:14:52,15,19.78,0.00,16.48,0.00,0.00,6.59,0.00,0.00,0.00,57.14
20:14:53,4,22.47,0.00,16.85,0.00,0.00,4.49,0.00,0.00,0.00,56.18
20:14:53,5,21.11,0.00,15.56,0.00,0.00,6.67,0.00,0.00,0.00,56.67
20:14:53,6,20.00,0.00,15.29,0.00,0.00,4.71,0.00,0.00,0.00,60.00
20:14:53,7,21.59,0.00,14.77,0.00,0.00,5.68,0.00,0.00,0.00,57.95
20:14:53,12,20.45,0.00,17.05,0.00,0.00,4.55,0.00,0.00,0.00,57.95
20:14:53,13,22.47,0.00,16.85,0.00,0.00,4.49,0.00,0.00,0.00,56.18
20:14:53,14,21.51,0.00,17.20,0.00,0.00,6.45,0.00,0.00,0.00,54.84
20:14:53,15,20.22,0.00,16.85,0.00,0.00,5.62,0.00,0.00,0.00,57.30
20:14:54,4,22.73,0.00,15.91,0.00,0.00,4.55,0.00,0.00,0.00,56.82
20:14:54,5,22.09,0.00,16.28,0.00,0.00,4.65,0.00,0.00,0.00,56.98
20:14:54,6,22.47,0.00,14.61,0.00,0.00,5.62,0.00,0.00,0.00,57.30
20:14:54,7,21.35,0.00,16.85,0.00,0.00,4.49,0.00,0.00,0.00,57.30
20:14:54,12,21.11,0.00,16.67,0.00,0.00,6.67,0.00,0.00,0.00,55.56
20:14:54,13,19.54,0.00,18.39,0.00,0.00,4.60,0.00,0.00,0.00,57.47
20:14:54,14,21.11,0.00,16.67,0.00,0.00,5.56,0.00,0.00,0.00,56.67
20:14:54,15,22.73,0.00,14.77,0.00,0.00,4.55,0.00,0.00,0.00,57.95
20:14:55,4,20.00,0.00,16.67,0.00,0.00,7.78,0.00,0.00,0.00,55.56
20:14:55,5,22.83,0.00,17.39,0.00,0.00,5.43,0.00,0.00,0.00,54.35
20:14:55,6,20.93,0.00,16.28,0.00,0.00,5.81,0.00,0.00,0.00,56.98
20:14:55,7,19.54,0.00,14.94,0.00,0.00,5.75,0.00,0.00,0.00,59.77
20:14:55,12,21.35,0.00,17.98,0.00,0.00,4.49,0.00,0.00,0.00,56.18
20:14:55,13,22.22,0.00,16.67,0.00,0.00,5.56,0.00,0.00,0.00,55.56
20:14:55,14,21.59,0.00,15.91,0.00,0.00,4.55,0.00,0.00,0.00,57.95
20:14:55,15,21.74,0.00,17.39,0.00,0.00,4.35,0.00,0.00,0.00,56.52
20:14:56,4,21.11,0.00,20.00,0.00,0.00,4.44,0.00,0.00,0.00,54.44
20:14:56,5,22.73,0.00,18.18,1.14,0.00,4.55,0.00,0.00,0.00,53.41
20:14:56,6,23.60,0.00,16.85,0.00,0.00,5.62,0.00,0.00,0.00,53.93
20:14:56,7,25.00,0.00,16.30,1.09,0.00,4.35,0.00,0.00,0.00,53.26
20:14:56,12,22.73,0.00,17.05,0.00,0.00,4.55,0.00,0.00,0.00,55.68
20:14:56,13,21.11,0.00,20.00,0.00,0.00,4.44,0.00,0.00,0.00,54.44
20:14:56,14,21.18,0.00,16.47,0.00,0.00,4.71,0.00,0.00,0.00,57.65
20:14:56,15,22.22,0.00,16.67,0.00,0.00,5.56,0.00,0.00,0.00,55.56
20:14:57,4,19.10,0.00,17.98,0.00,0.00,5.62,0.00,0.00,0.00,57.30
20:14:57,5,22.99,0.00,16.09,0.00,0.00,3.45,0.00,0.00,0.00,57.47
20:14:57,6,19.05,0.00,16.67,0.00,0.00,5.95,0.00,0.00,0.00,58.33
20:14:57,7,21.98,0.00,18.68,0.00,0.00,4.40,0.00,0.00,0.00,54.95
20:14:57,12,20.22,0.00,16.85,0.00,0.00,5.62,0.00,0.00,0.00,57.30
20:14:57,13,21.98,0.00,18.68,0.00,0.00,5.49,0.00,0.00,0.00,53.85
20:14:57,14,21.11,0.00,16.67,0.00,0.00,5.56,0.00,0.00,0.00,56.67
20:14:57,15,22.47,0.00,15.73,0.00,0.00,4.49,0.00,0.00,0.00,57.30
20:14:58,4,23.08,0.00,17.58,0.00,0.00,4.40,0.00,0.00,0.00,54.95
20:14:58,5,19.77,0.00,17.44,0.00,0.00,4.65,0.00,0.00,0.00,58.14
20:14:58,6,20.69,0.00,18.39,0.00,0.00,4.60,0.00,0.00,0.00,56.32
20:14:58,7,17.78,0.00,18.89,0.00,0.00,5.56,0.00,0.00,0.00,57.78
20:14:58,12,24.18,0.00,15.38,0.00,0.00,4.40,0.00,0.00,0.00,56.04
20:14:58,13,21.18,0.00,15.29,0.00,0.00,4.71,0.00,0.00,0.00,58.82
20:14:58,14,21.35,0.00,17.98,0.00,0.00,4.49,0.00,0.00,0.00,56.18
20:14:58,15,21.11,0.00,15.56,0.00,0.00,6.67,0.00,0.00,0.00,56.67
20:14:59,4,20.65,0.00,17.39,0.00,0.00,5.43,0.00,0.00,0.00,56.52
20:14:59,5,21.98,0.00,16.48,0.00,0.00,5.49,0.00,0.00,0.00,56.04
20:14:59,6,19.77,0.00,16.28,0.00,0.00,4.65,0.00,0.00,0.00,59.30
20:14:59,7,21.59,0.00,14.77,0.00,0.00,5.68,0.00,0.00,0.00,57.95
20:14:59,12,17.44,0.00,18.60,0.00,0.00,5.81,0.00,0.00,0.00,58.14
20:14:59,13,21.59,0.00,15.91,0.00,0.00,4.55,0.00,0.00,0.00,57.95
20:14:59,14,21.11,0.00,16.67,0.00,0.00,5.56,0.00,0.00,0.00,56.67
20:14:59,15,20.69,0.00,16.09,0.00,0.00,4.60,0.00,0.00,0.00,58.62
20:15:00,4,20.45,0.00,18.18,0.00,0.00,4.55,0.00,0.00,0.00,56.82
20:15:00,5,20.45,0.00,15.91,0.00,0.00,5.68,0.00,0.00,0.00,57.95
20:15:00,6,21.74,0.00,16.30,0.00,0.00,6.52,0.00,0.00,0.00,55.43
20:15:00,7,18.89,0.00,17.78,0.00,0.00,5.56,0.00,0.00,0.00,57.78
20:15:00,12,22.22,0.00,17.78,0.00,0.00,4.44,0.00,0.00,0.00,55.56
20:15:00,13,20.45,0.00,17.05,0.00,0.00,4.55,0.00,0.00,0.00,57.95
20:15:00,14,22.73,0.00,15.91,0.00,0.00,3.41,0.00,0.00,0.00,57.95
20:15:00,15,19.32,0.00,15.91,0.00,0.00,6.82,0.00,0.00,0.00,57.95
20:15:01,4,23.60,0.00,16.85,0.00,0.00,7.87,0.00,0.00,0.00,51.69
20:15:01,5,24.72,0.00,16.85,0.00,0.00,5.62,0.00,0.00,0.00,52.81
20:15:01,6,18.18,0.00,20.45,0.00,0.00,5.68,0.00,0.00,0.00,55.68
20:15:01,7,21.35,0.00,17.98,0.00,0.00,4.49,0.00,0.00,0.00,56.18
20:15:01,12,25.00,0.00,17.05,0.00,0.00,5.68,0.00,0.00,0.00,52.27
20:15:01,13,22.47,0.00,17.98,0.00,0.00,5.62,0.00,0.00,0.00,53.93
20:15:01,14,19.54,0.00,19.54,0.00,0.00,5.75,0.00,0.00,0.00,55.17
20:15:01,15,23.91,0.00,16.30,0.00,0.00,5.43,0.00,0.00,0.00,54.35
20:15:02,4,22.22,0.00,17.78,1.11,0.00,4.44,0.00,0.00,0.00,54.44
20:15:02,5,23.86,0.00,17.05,0.00,0.00,3.41,0.00,0.00,0.00,55.68
20:15:02,6,20.69,0.00,16.09,0.00,0.00,4.60,0.00,0.00,0.00,58.62
20:15:02,7,19.57,0.00,18.48,0.00,0.00,5.43,0.00,0.00,0.00,56.52
20:15:02,12,22.83,0.00,16.30,1.09,0.00,4.35,0.00,0.00,0.00,55.43
20:15:02,13,21.35,0.00,16.85,0.00,0.00,5.62,0.00,0.00,0.00,56.18
20:15:02,14,20.22,0.00,15.73,0.00,0.00,6.74,0.00,0.00,0.00,57.30
20:15:02,15,19.54,0.00,16.09,0.00,0.00,5.75,0.00,0.00,0.00,58.62
20:15:03,4,19.10,0.00,19.10,0.00,0.00,5.62,0.00,0.00,0.00,56.18
20:15:03,5,20.22,0.00,16.85,0.00,0.00,6.74,0.00,0.00,0.00,56.18
20:15:03,6,21.11,0.00,16.67,0.00,0.00,5.56,0.00,0.00,0.00,56.67
20:15:03,7,18.89,0.00,17.78,0.00,0.00,5.56,0.00,0.00,0.00,57.78
20:15:03,12,20.65,0.00,18.48,0.00,0.00,5.43,0.00,0.00,0.00,55.43
20:15:03,13,24.71,0.00,11.76,0.00,0.00,5.88,0.00,0.00,0.00,57.65
20:15:03,14,21.84,0.00,16.09,0.00,0.00,4.60,0.00,0.00,0.00,57.47
20:15:03,15,21.11,0.00,15.56,0.00,0.00,5.56,0.00,0.00,0.00,57.78
20:15:04,4,22.83,0.00,19.57,0.00,0.00,4.35,0.00,0.00,0.00,53.26
20:15:04,5,20.69,0.00,17.24,0.00,0.00,4.60,0.00,0.00,0.00,57.47
20:15:04,6,20.45,0.00,17.05,0.00,0.00,5.68,0.00,0.00,0.00,56.82
20:15:04,7,19.32,0.00,19.32,0.00,0.00,3.41,0.00,0.00,0.00,57.95
20:15:04,12,23.33,0.00,17.78,0.00,0.00,3.33,0.00,0.00,0.00,55.56
20:15:04,13,20.22,0.00,17.98,0.00,0.00,4.49,0.00,0.00,0.00,57.30
20:15:04,14,23.33,0.00,15.56,0.00,0.00,4.44,0.00,0.00,0.00,56.67
20:15:04,15,18.60,0.00,17.44,0.00,0.00,4.65,0.00,0.00,0.00,59.30
20:15:05,4,21.35,0.00,16.85,0.00,0.00,4.49,0.00,0.00,0.00,57.30
20:15:05,5,23.60,0.00,13.48,0.00,0.00,5.62,0.00,0.00,0.00,57.30
20:15:05,6,22.47,0.00,17.98,0.00,0.00,4.49,0.00,0.00,0.00,55.06
20:15:05,7,20.45,0.00,15.91,0.00,0.00,5.68,0.00,0.00,0.00,57.95
20:15:05,12,21.35,0.00,16.85,0.00,0.00,5.62,0.00,0.00,0.00,56.18
20:15:05,13,22.47,0.00,14.61,0.00,0.00,5.62,0.00,0.00,0.00,57.30
20:15:05,14,21.59,0.00,15.91,0.00,0.00,5.68,0.00,0.00,0.00,56.82
20:15:05,15,21.98,0.00,16.48,0.00,0.00,5.49,0.00,0.00,0.00,56.04
20:15:06,4,21.11,0.00,20.00,0.00,0.00,5.56,0.00,0.00,0.00,53.33
20:15:06,5,19.32,0.00,18.18,0.00,0.00,5.68,0.00,0.00,0.00,56.82
20:15:06,6,20.22,0.00,16.85,0.00,0.00,5.62,0.00,0.00,0.00,57.30
20:15:06,7,20.45,0.00,15.91,0.00,0.00,5.68,0.00,0.00,0.00,57.95
20:15:06,12,23.86,0.00,17.05,1.14,0.00,4.55,0.00,0.00,0.00,53.41
20:15:06,13,20.88,0.00,19.78,0.00,0.00,5.49,0.00,0.00,0.00,53.85
20:15:06,14,23.33,0.00,15.56,0.00,0.00,4.44,0.00,0.00,0.00,56.67
20:15:06,15,20.22,0.00,16.85,0.00,0.00,5.62,0.00,0.00,0.00,57.30
20:15:07,4,21.98,0.00,17.58,0.00,0.00,4.40,0.00,0.00,0.00,56.04
20:15:07,5,23.86,0.00,15.91,0.00,0.00,4.55,0.00,0.00,0.00,55.68
20:15:07,6,20.69,0.00,16.09,0.00,0.00,5.75,0.00,0.00,0.00,57.47
20:15:07,7,22.73,0.00,15.91,0.00,0.00,3.41,0.00,0.00,0.00,57.95
20:15:07,12,19.78,0.00,18.68,1.10,0.00,4.40,0.00,0.00,0.00,56.04
20:15:07,13,22.35,0.00,15.29,0.00,0.00,4.71,0.00,0.00,0.00,57.65
20:15:07,14,20.45,0.00,17.05,1.14,0.00,4.55,0.00,0.00,0.00,56.82
20:15:07,15,23.33,0.00,16.67,0.00,0.00,3.33,0.00,0.00,0.00,56.67
20:15:08,4,20.22,0.00,16.85,0.00,0.00,5.62,0.00,0.00,0.00,57.30
20:15:08,5,22.47,0.00,15.73,0.00,0.00,5.62,0.00,0.00,0.00,56.18
20:15:08,6,21.98,0.00,17.58,0.00,0.00,4.40,0.00,0.00,0.00,56.04
20:15:08,7,21.59,0.00,15.91,0.00,0.00,4.55,0.00,0.00,0.00,57.95
20:15:08,12,22.47,0.00,15.73,0.00,0.00,4.49,0.00,0.00,0.00,57.30
20:15:08,13,20.45,0.00,17.05,0.00,0.00,4.55,0.00,0.00,0.00,57.95
20:15:08,14,23.86,0.00,14.77,0.00,0.00,4.55,0.00,0.00,0.00,56.82
20:15:08,15,20.22,0.00,17.98,0.00,0.00,4.49,0.00,0.00,0.00,57.30
20:15:09,4,23.66,0.00,16.13,0.00,0.00,5.38,0.00,0.00,0.00,54.84
20:15:09,5,20.45,0.00,15.91,0.00,0.00,6.82,0.00,0.00,0.00,56.82
20:15:09,6,20.93,0.00,15.12,0.00,0.00,5.81,0.00,0.00,0.00,58.14
20:15:09,7,19.32,0.00,17.05,0.00,0.00,5.68,0.00,0.00,0.00,57.95
20:15:09,12,21.59,0.00,15.91,0.00,0.00,5.68,0.00,0.00,0.00,56.82
20:15:09,13,20.69,0.00,16.09,0.00,0.00,5.75,0.00,0.00,0.00,57.47
20:15:09,14,20.88,0.00,17.58,0.00,0.00,5.49,0.00,0.00,0.00,56.04
20:15:09,15,19.54,0.00,16.09,0.00,0.00,5.75,0.00,0.00,0.00,58.62
20:15:10,4,21.84,0.00,16.09,0.00,0.00,4.60,0.00,0.00,0.00,57.47
20:15:10,5,22.22,0.00,17.78,0.00,0.00,3.33,0.00,0.00,0.00,56.67
20:15:10,6,21.59,0.00,17.05,0.00,0.00,3.41,0.00,0.00,0.00,57.95
20:15:10,7,19.10,0.00,15.73,0.00,0.00,6.74,0.00,0.00,0.00,58.43
20:15:10,12,21.11,0.00,17.78,0.00,0.00,4.44,0.00,0.00,0.00,56.67
20:15:10,13,21.18,0.00,16.47,0.00,0.00,3.53,0.00,0.00,0.00,58.82
20:15:10,14,21.98,0.00,17.58,0.00,0.00,4.40,0.00,0.00,0.00,56.04
20:15:10,15,19.32,0.00,17.05,0.00,0.00,5.68,0.00,0.00,0.00,57.95
20:15:11,4,20.45,0.00,19.32,0.00,0.00,4.55,0.00,0.00,0.00,55.68
20:15:11,5,21.84,0.00,16.09,0.00,0.00,5.75,0.00,0.00,0.00,56.32
20:15:11,6,20.45,0.00,17.05,0.00,0.00,5.68,0.00,0.00,0.00,56.82
20:15:11,7,19.32,0.00,19.32,0.00,0.00,4.55,0.00,0.00,0.00,56.82
20:15:11,12,25.27,0.00,17.58,0.00,0.00,6.59,0.00,0.00,0.00,50.55
20:15:11,13,21.84,0.00,17.24,0.00,0.00,4.60,0.00,0.00,0.00,56.32
20:15:11,14,20.93,0.00,16.28,0.00,0.00,5.81,0.00,0.00,0.00,56.98
20:15:11,15,22.22,0.00,16.67,0.00,0.00,5.56,0.00,0.00,0.00,55.56
20:15:12,4,22.22,0.00,16.67,0.00,0.00,4.44,0.00,0.00,0.00,56.67
20:15:12,5,20.69,0.00,18.39,0.00,0.00,4.60,0.00,0.00,0.00,56.32
20:15:12,6,22.47,0.00,16.85,0.00,0.00,4.49,0.00,0.00,0.00,56.18
20:15:12,7,18.48,0.00,19.57,0.00,0.00,5.43,0.00,0.00,0.00,56.52
20:15:12,12,18.60,0.00,17.44,0.00,0.00,5.81,0.00,0.00,0.00,58.14
20:15:12,13,23.60,0.00,15.73,0.00,0.00,5.62,0.00,0.00,0.00,55.06
20:15:12,14,19.78,0.00,17.58,0.00,0.00,6.59,0.00,0.00,0.00,56.04
20:15:12,15,20.69,0.00,16.09,0.00,0.00,4.60,0.00,0.00,0.00,58.62
20:15:13,4,19.54,0.00,13.79,0.00,0.00,6.90,0.00,0.00,0.00,59.77
20:15:13,5,22.22,0.00,14.44,0.00,0.00,5.56,0.00,0.00,0.00,57.78
20:15:13,6,23.86,0.00,14.77,0.00,0.00,4.55,0.00,0.00,0.00,56.82
20:15:13,7,20.45,0.00,15.91,0.00,0.00,4.55,0.00,0.00,0.00,59.09
20:15:13,12,20.69,0.00,17.24,0.00,0.00,4.60,0.00,0.00,0.00,57.47
20:15:13,13,22.83,0.00,16.30,0.00,0.00,6.52,0.00,0.00,0.00,54.35
20:15:13,14,23.33,0.00,16.67,0.00,0.00,3.33,0.00,0.00,0.00,56.67
20:15:13,15,19.77,0.00,16.28,0.00,0.00,3.49,0.00,0.00,0.00,60.47
20:15:14,4,23.60,0.00,16.85,0.00,0.00,4.49,0.00,0.00,0.00,55.06
20:15:14,5,20.00,0.00,17.65,0.00,0.00,4.71,0.00,0.00,0.00,57.65
20:15:14,6,20.00,0.00,16.67,0.00,0.00,6.67,0.00,0.00,0.00,56.67
20:15:14,7,18.89,0.00,20.00,0.00,0.00,5.56,0.00,0.00,0.00,55.56
20:15:14,12,21.35,0.00,16.85,0.00,0.00,4.49,0.00,0.00,0.00,57.30
20:15:14,13,22.22,0.00,17.78,0.00,0.00,5.56,0.00,0.00,0.00,54.44
20:15:14,14,21.84,0.00,16.09,0.00,0.00,4.60,0.00,0.00,0.00,57.47
20:15:14,15,22.09,0.00,12.79,0.00,0.00,5.81,0.00,0.00,0.00,59.30
20:15:15,4,20.88,0.00,16.48,0.00,0.00,6.59,0.00,0.00,0.00,56.04
20:15:15,5,23.33,0.00,16.67,0.00,0.00,4.44,0.00,0.00,0.00,55.56
20:15:15,6,20.93,0.00,17.44,0.00,0.00,3.49,0.00,0.00,0.00,58.14
20:15:15,7,21.59,0.00,14.77,0.00,0.00,4.55,0.00,0.00,0.00,59.09
20:15:15,12,23.86,0.00,15.91,0.00,0.00,4.55,0.00,0.00,0.00,55.68
20:15:15,13,20.24,0.00,17.86,0.00,0.00,3.57,0.00,0.00,0.00,58.33
20:15:15,14,21.84,0.00,14.94,0.00,0.00,4.60,0.00,0.00,0.00,58.62
20:15:15,15,22.83,0.00,16.30,0.00,0.00,5.43,0.00,0.00,0.00,55.43
20:15:16,4,23.33,0.00,16.67,1.11,0.00,5.56,0.00,0.00,0.00,53.33
20:15:16,5,22.73,0.00,18.18,0.00,0.00,4.55,0.00,0.00,0.00,54.55
20:15:16,6,25.27,0.00,15.38,0.00,0.00,4.40,0.00,0.00,0.00,54.95
20:15:16,7,19.77,0.00,16.28,0.00,0.00,5.81,0.00,0.00,0.00,58.14
20:15:16,12,23.33,0.00,20.00,0.00,0.00,4.44,0.00,0.00,0.00,52.22
20:15:16,13,22.22,0.00,18.89,0.00,0.00,5.56,0.00,0.00,0.00,53.33
20:15:16,14,26.37,0.00,15.38,0.00,0.00,4.40,0.00,0.00,0.00,53.85
20:15:16,15,24.18,0.00,16.48,0.00,0.00,5.49,0.00,0.00,0.00,53.85
20:15:17,4,20.45,0.00,17.05,0.00,0.00,4.55,0.00,0.00,0.00,57.95
20:15:17,5,20.22,0.00,15.73,0.00,0.00,6.74,0.00,0.00,0.00,57.30
20:15:17,6,21.35,0.00,15.73,0.00,0.00,5.62,0.00,0.00,0.00,57.30
20:15:17,7,21.11,0.00,16.67,0.00,0.00,5.56,0.00,0.00,0.00,56.67
20:15:17,12,19.54,0.00,17.24,0.00,0.00,4.60,0.00,0.00,0.00,58.62
20:15:17,13,22.73,0.00,14.77,0.00,0.00,4.55,0.00,0.00,0.00,57.95
20:15:17,14,21.84,0.00,14.94,0.00,0.00,4.60,0.00,0.00,0.00,58.62
20:15:17,15,20.88,0.00,16.48,0.00,0.00,5.49,0.00,0.00,0.00,57.14
20:15:18,4,23.33,0.00,15.56,0.00,0.00,5.56,0.00,0.00,0.00,55.56
20:15:18,5,20.93,0.00,15.12,0.00,0.00,4.65,0.00,0.00,0.00,59.30
20:15:18,6,21.59,0.00,15.91,0.00,0.00,5.68,0.00,0.00,0.00,56.82
20:15:18,7,21.98,0.00,16.48,0.00,0.00,5.49,0.00,0.00,0.00,56.04
20:15:18,12,21.59,0.00,17.05,0.00,0.00,4.55,0.00,0.00,0.00,56.82
20:15:18,13,22.73,0.00,14.77,0.00,0.00,4.55,0.00,0.00,0.00,57.95
20:15:18,14,21.84,0.00,16.09,0.00,0.00,5.75,0.00,0.00,0.00,56.32
20:15:18,15,20.69,0.00,18.39,0.00,0.00,3.45,0.00,0.00,0.00,57.47
20:15:19,4,20.88,0.00,16.48,0.00,0.00,5.49,0.00,0.00,0.00,57.14
20:15:19,5,21.84,0.00,16.09,0.00,0.00,4.60,0.00,0.00,0.00,57.47
20:15:19,6,19.78,0.00,18.68,0.00,0.00,5.49,0.00,0.00,0.00,56.04
20:15:19,7,20.00,0.00,16.67,0.00,0.00,5.56,0.00,0.00,0.00,57.78
20:15:19,12,20.45,0.00,17.05,0.00,0.00,4.55,0.00,0.00,0.00,57.95
20:15:19,13,21.84,0.00,16.09,0.00,0.00,5.75,0.00,0.00,0.00,56.32
20:15:19,14,23.08,0.00,15.38,0.00,0.00,5.49,0.00,0.00,0.00,56.04
20:15:19,15,18.89,0.00,17.78,0.00,0.00,5.56,0.00,0.00,0.00,57.78
20:15:20,4,22.73,0.00,15.91,0.00,0.00,4.55,0.00,0.00,0.00,56.82
20:15:20,5,20.88,0.00,18.68,0.00,0.00,5.49,0.00,0.00,0.00,54.95
20:15:20,6,20.93,0.00,16.28,0.00,0.00,4.65,0.00,0.00,0.00,58.14
20:15:20,7,21.35,0.00,15.73,0.00,0.00,4.49,0.00,0.00,0.00,58.43
20:15:20,12,22.22,0.00,16.67,0.00,0.00,5.56,0.00,0.00,0.00,55.56
20:15:20,13,22.22,0.00,16.67,0.00,0.00,5.56,0.00,0.00,0.00,55.56
20:15:20,14,21.35,0.00,16.85,0.00,0.00,5.62,0.00,0.00,0.00,56.18
20:15:20,15,19.05,0.00,15.48,0.00,0.00,4.76,0.00,0.00,0.00,60.71
20:15:21,4,22.09,0.00,15.12,0.00,0.00,6.98,0.00,0.00,0.00,55.81
20:15:21,5,22.35,0.00,17.65,0.00,0.00,4.71,0.00,0.00,0.00,55.29
20:15:21,6,19.54,0.00,19.54,0.00,0.00,5.75,0.00,0.00,0.00,55.17
20:15:21,7,21.11,0.00,17.78,0.00,0.00,5.56,0.00,0.00,0.00,55.56
20:15:21,12,23.60,0.00,17.98,0.00,0.00,5.62,0.00,0.00,0.00,52.81
20:15:21,13,21.84,0.00,17.24,0.00,0.00,5.75,0.00,0.00,0.00,55.17
20:15:21,14,23.60,0.00,16.85,0.00,0.00,4.49,0.00,0.00,0.00,55.06
20:15:21,15,20.45,0.00,19.32,0.00,0.00,6.82,0.00,0.00,0.00,53.41
20:15:22,4,20.22,0.00,17.98,0.00,0.00,5.62,0.00,0.00,0.00,56.18
20:15:22,5,22.47,0.00,16.85,0.00,0.00,5.62,0.00,0.00,0.00,55.06
20:15:22,6,21.98,0.00,17.58,0.00,0.00,5.49,0.00,0.00,0.00,54.95
20:15:22,7,20.69,0.00,16.09,0.00,0.00,4.60,0.00,0.00,0.00,58.62
20:15:22,12,22.09,0.00,15.12,0.00,0.00,4.65,0.00,0.00,0.00,58.14
20:15:22,13,21.84,0.00,14.94,0.00,0.00,4.60,0.00,0.00,0.00,58.62
20:15:22,14,20.93,0.00,15.12,0.00,0.00,5.81,0.00,0.00,0.00,58.14
20:15:22,15,20.22,0.00,15.73,0.00,0.00,5.62,0.00,0.00,0.00,58.43
20:15:23,4,21.35,0.00,17.98,0.00,0.00,4.49,0.00,0.00,0.00,56.18
20:15:23,5,18.39,0.00,19.54,0.00,0.00,4.60,0.00,0.00,0.00,57.47
20:15:23,6,22.47,0.00,15.73,0.00,0.00,4.49,0.00,0.00,0.00,57.30
20:15:23,7,22.83,0.00,16.30,0.00,0.00,5.43,0.00,0.00,0.00,55.43
20:15:23,12,20.22,0.00,15.73,0.00,0.00,5.62,0.00,0.00,0.00,58.43
20:15:23,13,19.10,0.00,19.10,0.00,0.00,4.49,0.00,0.00,0.00,57.30
20:15:23,14,20.22,0.00,16.85,0.00,0.00,5.62,0.00,0.00,0.00,57.30
20:15:23,15,20.45,0.00,15.91,0.00,0.00,5.68,0.00,0.00,0.00,57.95
20:15:24,4,20.45,0.00,17.05,0.00,0.00,5.68,0.00,0.00,0.00,56.82
20:15:24,5,19.32,0.00,17.05,0.00,0.00,5.68,0.00,0.00,0.00,57.95
20:15:24,6,19.32,0.00,18.18,0.00,0.00,4.55,0.00,0.00,0.00,57.95
20:15:24,7,20.00,0.00,16.67,0.00,0.00,5.56,0.00,0.00,0.00,57.78
20:15:24,12,20.22,0.00,17.98,0.00,0.00,4.49,0.00,0.00,0.00,57.30
20:15:24,13,22.47,0.00,16.85,0.00,0.00,4.49,0.00,0.00,0.00,56.18
20:15:24,14,20.69,0.00,18.39,0.00,0.00,3.45,0.00,0.00,0.00,57.47
20:15:24,15,19.77,0.00,15.12,0.00,0.00,4.65,0.00,0.00,0.00,60.47
20:15:25,4,21.11,0.00,18.89,0.00,0.00,4.44,0.00,0.00,0.00,55.56
20:15:25,5,21.84,0.00,18.39,0.00,0.00,4.60,0.00,0.00,0.00,55.17
20:15:25,6,21.98,0.00,17.58,0.00,0.00,4.40,0.00,0.00,0.00,56.04
20:15:25,7,19.54,0.00,14.94,0.00,0.00,5.75,0.00,0.00,0.00,59.77
20:15:25,12,19.77,0.00,16.28,0.00,0.00,5.81,0.00,0.00,0.00,58.14
20:15:25,13,20.22,0.00,15.73,0.00,0.00,6.74,0.00,0.00,0.00,57.30
20:15:25,14,21.98,0.00,17.58,0.00,0.00,5.49,0.00,0.00,0.00,54.95
20:15:25,15,21.35,0.00,17.98,0.00,0.00,3.37,0.00,0.00,0.00,57.30
20:15:26,4,22.47,0.00,16.85,0.00,0.00,4.49,0.00,0.00,0.00,56.18
20:15:26,5,22.99,0.00,17.24,0.00,0.00,3.45,0.00,0.00,0.00,56.32
20:15:26,6,23.33,0.00,16.67,0.00,0.00,5.56,0.00,0.00,0.00,54.44
20:15:26,7,20.93,0.00,17.44,0.00,0.00,4.65,0.00,0.00,0.00,56.98
20:15:26,12,22.09,0.00,16.28,0.00,0.00,4.65,0.00,0.00,0.00,56.98
20:15:26,13,21.35,0.00,19.10,0.00,0.00,4.49,0.00,0.00,0.00,55.06
20:15:26,14,27.47,0.00,17.58,1.10,0.00,4.40,0.00,0.00,0.00,49.45
20:15:26,15,21.35,0.00,16.85,0.00,0.00,6.74,0.00,0.00,0.00,55.06
20:15:27,4,24.44,0.00,14.44,0.00,0.00,4.44,0.00,0.00,0.00,56.67
20:15:27,5,21.35,0.00,16.85,1.12,0.00,4.49,0.00,0.00,0.00,56.18
20:15:27,6,20.69,0.00,16.09,0.00,0.00,4.60,0.00,0.00,0.00,58.62
20:15:27,7,21.11,0.00,14.44,0.00,0.00,5.56,0.00,0.00,0.00,58.89
20:15:27,12,20.22,0.00,17.98,0.00,0.00,4.49,0.00,0.00,0.00,57.30
20:15:27,13,19.32,0.00,15.91,0.00,0.00,6.82,0.00,0.00,0.00,57.95
20:15:27,14,21.98,0.00,15.38,0.00,0.00,5.49,0.00,0.00,0.00,57.14
20:15:27,15,21.11,0.00,15.56,0.00,0.00,5.56,0.00,0.00,0.00,57.78
20:15:28,4,21.98,0.00,16.48,0.00,0.00,4.40,0.00,0.00,0.00,57.14
20:15:28,5,22.73,0.00,14.77,0.00,0.00,5.68,0.00,0.00,0.00,56.82
20:15:28,6,20.22,0.00,17.98,0.00,0.00,4.49,0.00,0.00,0.00,57.30
20:15:28,7,21.11,0.00,15.56,0.00,0.00,5.56,0.00,0.00,0.00,57.78
20:15:28,12,22.22,0.00,16.67,0.00,0.00,5.56,0.00,0.00,0.00,55.56
20:15:28,13,22.99,0.00,14.94,0.00,0.00,3.45,0.00,0.00,0.00,58.62
20:15:28,14,20.45,0.00,18.18,0.00,0.00,4.55,0.00,0.00,0.00,56.82
20:15:28,15,20.22,0.00,15.73,0.00,0.00,5.62,0.00,0.00,0.00,58.43
20:15:29,4,21.84,0.00,16.09,0.00,0.00,3.45,0.00,0.00,0.00,58.62
20:15:29,5,21.59,0.00,15.91,0.00,0.00,4.55,0.00,0.00,0.00,57.95
20:15:29,6,18.18,0.00,17.05,0.00,0.00,6.82,0.00,0.00,0.00,57.95
20:15:29,7,20.88,0.00,17.58,0.00,0.00,5.49,0.00,0.00,0.00,56.04
20:15:29,12,21.35,0.00,15.73,0.00,0.00,6.74,0.00,0.00,0.00,56.18
20:15:29,13,22.22,0.00,16.67,0.00,0.00,5.56,0.00,0.00,0.00,55.56
20:15:29,14,21.11,0.00,15.56,0.00,0.00,6.67,0.00,0.00,0.00,56.67
20:15:29,15,20.65,0.00,17.39,0.00,0.00,6.52,0.00,0.00,0.00,55.43
20:15:30,4,22.73,0.00,14.77,0.00,0.00,4.55,0.00,0.00,0.00,57.95
20:15:30,5,21.35,0.00,16.85,0.00,0.00,5.62,0.00,0.00,0.00,56.18
20:15:30,6,23.33,0.00,15.56,0.00,0.00,5.56,0.00,0.00,0.00,55.56
20:15:30,7,20.45,0.00,14.77,0.00,0.00,5.68,0.00,0.00,0.00,59.09
20:15:30,12,20.93,0.00,13.95,0.00,0.00,5.81,0.00,0.00,0.00,59.30
20:15:30,13,23.26,0.00,13.95,0.00,0.00,4.65,0.00,0.00,0.00,58.14
20:15:30,14,22.22,0.00,16.67,0.00,0.00,4.44,0.00,0.00,0.00,56.67
20:15:30,15,19.77,0.00,16.28,0.00,0.00,4.65,0.00,0.00,0.00,59.30
20:15:31,4,22.22,0.00,17.78,0.00,0.00,6.67,0.00,0.00,0.00,53.33
20:15:31,5,22.73,0.00,18.18,0.00,0.00,4.55,0.00,0.00,0.00,54.55
20:15:31,6,20.69,0.00,17.24,0.00,0.00,4.60,0.00,0.00,0.00,57.47
20:15:31,7,22.22,0.00,17.78,0.00,0.00,4.44,0.00,0.00,0.00,55.56
20:15:31,12,22.73,0.00,15.91,0.00,0.00,4.55,0.00,0.00,0.00,56.82
20:15:31,13,22.73,0.00,15.91,0.00,0.00,5.68,0.00,0.00,0.00,55.68
20:15:31,14,23.60,0.00,14.61,0.00,0.00,6.74,0.00,0.00,0.00,55.06
20:15:31,15,23.08,0.00,17.58,0.00,0.00,5.49,0.00,0.00,0.00,53.85
20:15:32,4,21.74,0.00,17.39,0.00,0.00,5.43,0.00,0.00,0.00,55.43
20:15:32,5,22.22,0.00,17.78,0.00,0.00,4.44,0.00,0.00,0.00,55.56
20:15:32,6,20.69,0.00,17.24,0.00,0.00,3.45,0.00,0.00,0.00,58.62
20:15:32,7,18.82,0.00,17.65,0.00,0.00,3.53,0.00,0.00,0.00,60.00
20:15:32,12,21.35,0.00,16.85,0.00,0.00,4.49,0.00,0.00,0.00,57.30
20:15:32,13,23.33,0.00,16.67,0.00,0.00,4.44,0.00,0.00,0.00,55.56
20:15:32,14,20.22,0.00,17.98,0.00,0.00,4.49,0.00,0.00,0.00,57.30
20:15:32,15,20.22,0.00,16.85,0.00,0.00,4.49,0.00,0.00,0.00,58.43
20:15:33,4,21.59,0.00,15.91,0.00,0.00,4.55,0.00,0.00,0.00,57.95
20:15:33,5,19.10,0.00,16.85,0.00,0.00,6.74,0.00,0.00,0.00,57.30
20:15:33,6,23.91,0.00,15.22,0.00,0.00,6.52,0.00,0.00,0.00,54.35
20:15:33,7,20.22,0.00,16.85,0.00,0.00,5.62,0.00,0.00,0.00,57.30
20:15:33,12,20.69,0.00,16.09,0.00,0.00,5.75,0.00,0.00,0.00,57.47
20:15:33,13,19.77,0.00,17.44,0.00,0.00,5.81,0.00,0.00,0.00,56.98
20:15:33,14,21.59,0.00,17.05,0.00,0.00,4.55,0.00,0.00,0.00,56.82
20:15:33,15,21.11,0.00,15.56,0.00,0.00,6.67,0.00,0.00,0.00,56.67
20:15:34,4,20.45,0.00,15.91,0.00,0.00,6.82,0.00,0.00,0.00,56.82
20:15:34,5,19.54,0.00,17.24,0.00,0.00,5.75,0.00,0.00,0.00,57.47
20:15:34,6,22.22,0.00,16.67,0.00,0.00,4.44,0.00,0.00,0.00,56.67
20:15:34,7,23.08,0.00,15.38,0.00,0.00,5.49,0.00,0.00,0.00,56.04
20:15:34,12,21.11,0.00,17.78,0.00,0.00,5.56,0.00,0.00,0.00,55.56
20:15:34,13,21.35,0.00,14.61,0.00,0.00,6.74,0.00,0.00,0.00,57.30
20:15:34,14,23.33,0.00,16.67,0.00,0.00,3.33,0.00,0.00,0.00,56.67
20:15:34,15,18.60,0.00,18.60,0.00,0.00,3.49,0.00,0.00,0.00,59.30
20:15:35,4,23.08,0.00,16.48,0.00,0.00,5.49,0.00,0.00,0.00,54.95
20:15:35,5,20.22,0.00,17.98,0.00,0.00,4.49,0.00,0.00,0.00,57.30
20:15:35,6,19.10,0.00,17.98,0.00,0.00,5.62,0.00,0.00,0.00,57.30
20:15:35,7,21.98,0.00,16.48,0.00,0.00,4.40,0.00,0.00,0.00,57.14
20:15:35,12,21.59,0.00,18.18,0.00,0.00,4.55,0.00,0.00,0.00,55.68
20:15:35,13,21.35,0.00,17.98,0.00,0.00,4.49,0.00,0.00,0.00,56.18
20:15:35,14,19.54,0.00,18.39,0.00,0.00,4.60,0.00,0.00,0.00,57.47
20:15:35,15,21.59,0.00,15.91,0.00,0.00,4.55,0.00,0.00,0.00,57.95
20:15:36,4,21.35,0.00,15.73,0.00,0.00,5.62,0.00,0.00,0.00,57.30
20:15:36,5,20.00,0.00,18.89,0.00,0.00,5.56,0.00,0.00,0.00,55.56
20:15:36,6,20.45,0.00,17.05,0.00,0.00,5.68,0.00,0.00,0.00,56.82
20:15:36,7,19.10,0.00,17.98,0.00,0.00,5.62,0.00,0.00,0.00,57.30
20:15:36,12,22.09,0.00,15.12,0.00,0.00,4.65,0.00,0.00,0.00,58.14
20:15:36,13,20.69,0.00,17.24,0.00,0.00,3.45,0.00,0.00,0.00,58.62
20:15:36,14,23.33,0.00,15.56,0.00,0.00,6.67,0.00,0.00,0.00,54.44
20:15:36,15,20.22,0.00,16.85,0.00,0.00,5.62,0.00,0.00,0.00,57.30
20:15:37,4,20.45,0.00,19.32,0.00,0.00,4.55,0.00,0.00,0.00,55.68
20:15:37,5,21.35,0.00,17.98,0.00,0.00,4.49,0.00,0.00,0.00,56.18
20:15:37,6,21.84,0.00,17.24,0.00,0.00,5.75,0.00,0.00,0.00,55.17
20:15:37,7,19.77,0.00,17.44,0.00,0.00,4.65,0.00,0.00,0.00,58.14
20:15:37,12,23.08,0.00,17.58,1.10,0.00,5.49,0.00,0.00,0.00,52.75
20:15:37,13,25.00,0.00,17.05,1.14,0.00,5.68,0.00,0.00,0.00,51.14
20:15:37,14,23.33,0.00,16.67,0.00,0.00,4.44,0.00,0.00,0.00,55.56
20:15:37,15,21.35,0.00,15.73,0.00,0.00,6.74,0.00,0.00,0.00,56.18
20:15:38,4,21.11,0.00,17.78,0.00,0.00,4.44,0.00,0.00,0.00,56.67
20:15:38,5,20.93,0.00,15.12,0.00,0.00,5.81,0.00,0.00,0.00,58.14
20:15:38,6,21.35,0.00,15.73,0.00,0.00,4.49,0.00,0.00,0.00,58.43
20:15:38,7,20.88,0.00,16.48,0.00,0.00,5.49,0.00,0.00,0.00,57.14
20:15:38,12,23.33,0.00,16.67,0.00,0.00,4.44,0.00,0.00,0.00,55.56
20:15:38,13,22.73,0.00,14.77,0.00,0.00,4.55,0.00,0.00,0.00,57.95
20:15:38,14,18.60,0.00,16.28,0.00,0.00,4.65,0.00,0.00,0.00,60.47
20:15:38,15,20.22,0.00,15.73,0.00,0.00,6.74,0.00,0.00,0.00,57.30
20:15:39,4,21.59,0.00,15.91,0.00,0.00,5.68,0.00,0.00,0.00,56.82
20:15:39,5,21.11,0.00,17.78,0.00,0.00,5.56,0.00,0.00,0.00,55.56
20:15:39,6,20.22,0.00,17.98,0.00,0.00,5.62,0.00,0.00,0.00,56.18
20:15:39,7,20.45,0.00,14.77,0.00,0.00,5.68,0.00,0.00,0.00,59.09
20:15:39,12,21.11,0.00,16.67,0.00,0.00,4.44,0.00,0.00,0.00,57.78
20:15:39,13,22.09,0.00,13.95,0.00,0.00,5.81,0.00,0.00,0.00,58.14
20:15:39,14,21.59,0.00,14.77,0.00,0.00,5.68,0.00,0.00,0.00,57.95
20:15:39,15,21.35,0.00,14.61,0.00,0.00,5.62,0.00,0.00,0.00,58.43
20:15:40,4,22.22,0.00,15.56,0.00,0.00,5.56,0.00,0.00,0.00,56.67
20:15:40,5,20.22,0.00,17.98,0.00,0.00,5.62,0.00,0.00,0.00,56.18
20:15:40,6,23.60,0.00,15.73,0.00,0.00,4.49,0.00,0.00,0.00,56.18
20:15:40,7,17.24,0.00,17.24,0.00,0.00,6.90,0.00,0.00,0.00,58.62
20:15:40,12,22.22,0.00,17.78,0.00,0.00,4.44,0.00,0.00,0.00,55.56
20:15:40,13,22.47,0.00,16.85,0.00,0.00,4.49,0.00,0.00,0.00,56.18
20:15:40,14,22.47,0.00,16.85,0.00,0.00,5.62,0.00,0.00,0.00,55.06
20:15:40,15,19.54,0.00,16.09,0.00,0.00,4.60,0.00,0.00,0.00,59.77
20:15:41,4,21.98,0.00,17.58,0.00,0.00,6.59,0.00,0.00,0.00,53.85
20:15:41,5,21.35,0.00,17.98,0.00,0.00,4.49,0.00,0.00,0.00,56.18
20:15:41,6,20.65,0.00,18.48,0.00,0.00,5.43,0.00,0.00,0.00,55.43
20:15:41,7,18.89,0.00,17.78,0.00,0.00,5.56,0.00,0.00,0.00,57.78
20:15:41,12,20.00,0.00,16.67,0.00,0.00,6.67,0.00,0.00,0.00,56.67
20:15:41,13,23.86,0.00,13.64,0.00,0.00,5.68,0.00,0.00,0.00,56.82
20:15:41,14,20.45,0.00,14.77,0.00,0.00,5.68,0.00,0.00,0.00,59.09
20:15:41,15,20.93,0.00,15.12,0.00,0.00,4.65,0.00,0.00,0.00,59.30
20:15:42,4,22.09,0.00,17.44,1.16,0.00,4.65,0.00,0.00,0.00,54.65
20:15:42,5,21.98,0.00,19.78,0.00,0.00,6.59,0.00,0.00,0.00,51.65
20:15:42,6,21.51,0.00,18.28,0.00,0.00,6.45,0.00,0.00,0.00,53.76
20:15:42,7,23.86,0.00,17.05,0.00,0.00,4.55,0.00,0.00,0.00,54.55
20:15:42,12,22.47,0.00,16.85,0.00,0.00,5.62,0.00,0.00,0.00,55.06
20:15:42,13,22.35,0.00,15.29,0.00,0.00,4.71,0.00,0.00,0.00,57.65
20:15:42,14,22.99,0.00,18.39,0.00,0.00,3.45,0.00,0.00,0.00,55.17
20:15:42,15,21.59,0.00,19.32,0.00,0.00,5.68,0.00,0.00,0.00,53.41
20:15:43,4,23.08,0.00,15.38,0.00,0.00,5.49,0.00,0.00,0.00,56.04
20:15:43,5,23.60,0.00,15.73,0.00,0.00,4.49,0.00,0.00,0.00,56.18
20:15:43,6,21.59,0.00,15.91,0.00,0.00,4.55,0.00,0.00,0.00,57.95
20:15:43,7,20.00,0.00,16.67,0.00,0.00,4.44,0.00,0.00,0.00,58.89
20:15:43,12,23.33,0.00,15.56,0.00,0.00,5.56,0.00,0.00,0.00,55.56
20:15:43,13,21.59,0.00,15.91,0.00,0.00,4.55,0.00,0.00,0.00,57.95
20:15:43,14,19.77,0.00,16.28,0.00,0.00,4.65,0.00,0.00,0.00,59.30
20:15:43,15,20.45,0.00,14.77,0.00,0.00,4.55,0.00,0.00,0.00,60.23
20:15:44,4,20.69,0.00,18.39,0.00,0.00,3.45,0.00,0.00,0.00,57.47
20:15:44,5,20.45,0.00,15.91,0.00,0.00,6.82,0.00,0.00,0.00,56.82
20:15:44,6,20.69,0.00,17.24,0.00,0.00,5.75,0.00,0.00,0.00,56.32
20:15:44,7,21.35,0.00,16.85,0.00,0.00,4.49,0.00,0.00,0.00,57.30
20:15:44,12,23.60,0.00,14.61,0.00,0.00,5.62,0.00,0.00,0.00,56.18
20:15:44,13,21.84,0.00,14.94,0.00,0.00,4.60,0.00,0.00,0.00,58.62
20:15:44,14,21.98,0.00,17.58,0.00,0.00,5.49,0.00,0.00,0.00,54.95
20:15:44,15,19.77,0.00,15.12,0.00,0.00,6.98,0.00,0.00,0.00,58.14
20:15:45,4,21.35,0.00,16.85,0.00,0.00,4.49,0.00,0.00,0.00,57.30
20:15:45,5,21.35,0.00,16.85,0.00,0.00,3.37,0.00,0.00,0.00,58.43
20:15:45,6,18.39,0.00,17.24,0.00,0.00,5.75,0.00,0.00,0.00,58.62
20:15:45,7,21.74,0.00,16.30,0.00,0.00,5.43,0.00,0.00,0.00,56.52
20:15:45,12,20.00,0.00,17.78,0.00,0.00,5.56,0.00,0.00,0.00,56.67
20:15:45,13,21.59,0.00,17.05,0.00,0.00,4.55,0.00,0.00,0.00,56.82
20:15:45,14,18.82,0.00,16.47,0.00,0.00,4.71,0.00,0.00,0.00,60.00
20:15:45,15,21.51,0.00,18.28,0.00,0.00,4.30,0.00,0.00,0.00,55.91
20:15:46,4,22.22,0.00,17.78,0.00,0.00,4.44,0.00,0.00,0.00,55.56
20:15:46,5,23.08,0.00,17.58,0.00,0.00,4.40,0.00,0.00,0.00,54.95
20:15:46,6,20.22,0.00,16.85,0.00,0.00,5.62,0.00,0.00,0.00,57.30
20:15:46,7,21.35,0.00,15.73,0.00,0.00,5.62,0.00,0.00,0.00,57.30
20:15:46,12,20.22,0.00,19.10,0.00,0.00,4.49,0.00,0.00,0.00,56.18
20:15:46,13,21.18,0.00,16.47,0.00,0.00,4.71,0.00,0.00,0.00,57.65
20:15:46,14,20.24,0.00,16.67,0.00,0.00,4.76,0.00,0.00,0.00,58.33
20:15:46,15,22.47,0.00,16.85,0.00,0.00,3.37,0.00,0.00,0.00,57.30
20:15:47,4,23.91,0.00,17.39,0.00,0.00,5.43,0.00,0.00,0.00,53.26
20:15:47,5,21.84,0.00,16.09,0.00,0.00,4.60,0.00,0.00,0.00,57.47
20:15:47,6,20.69,0.00,16.09,0.00,0.00,5.75,0.00,0.00,0.00,57.47
20:15:47,7,20.00,0.00,18.89,0.00,0.00,4.44,0.00,0.00,0.00,56.67
20:15:47,12,23.86,0.00,14.77,1.14,0.00,5.68,0.00,0.00,0.00,54.55
20:15:47,13,20.93,0.00,17.44,0.00,0.00,3.49,0.00,0.00,0.00,58.14
20:15:47,14,21.35,0.00,16.85,0.00,0.00,5.62,0.00,0.00,0.00,56.18
20:15:47,15,23.60,0.00,16.85,0.00,0.00,4.49,0.00,0.00,0.00,55.06
20:15:48,4,21.35,0.00,15.73,0.00,0.00,5.62,0.00,0.00,0.00,57.30
20:15:48,5,21.59,0.00,15.91,0.00,0.00,5.68,0.00,0.00,0.00,56.82
20:15:48,6,20.69,0.00,16.09,0.00,0.00,5.75,0.00,0.00,0.00,57.47
20:15:48,7,19.54,0.00,16.09,0.00,0.00,5.75,0.00,0.00,0.00,58.62
20:15:48,12,22.22,0.00,16.67,0.00,0.00,4.44,0.00,0.00,0.00,56.67
20:15:48,13,23.08,0.00,17.58,0.00,0.00,4.40,0.00,0.00,0.00,54.95
20:15:48,14,24.18,0.00,15.38,0.00,0.00,5.49,0.00,0.00,0.00,54.95
20:15:48,15,21.35,0.00,15.73,0.00,0.00,5.62,0.00,0.00,0.00,57.30
20:15:49,4,21.11,0.00,18.89,0.00,0.00,5.56,0.00,0.00,0.00,54.44
20:15:49,5,21.98,0.00,15.38,0.00,0.00,6.59,0.00,0.00,0.00,56.04
20:15:49,6,18.39,0.00,18.39,0.00,0.00,4.60,0.00,0.00,0.00,58.62
20:15:49,7,21.11,0.00,17.78,0.00,0.00,4.44,0.00,0.00,0.00,56.67
20:15:49,12,21.98,0.00,18.68,0.00,0.00,3.30,0.00,0.00,0.00,56.04
20:15:49,13,22.73,0.00,11.36,0.00,0.00,6.82,0.00,0.00,0.00,59.09
20:15:49,14,21.59,0.00,17.05,0.00,0.00,3.41,0.00,0.00,0.00,57.95
20:15:49,15,20.22,0.00,15.73,0.00,0.00,5.62,0.00,0.00,0.00,58.43
20:15:50,4,20.69,0.00,17.24,0.00,0.00,5.75,0.00,0.00,0.00,56.32
20:15:50,5,21.84,0.00,16.09,0.00,0.00,4.60,0.00,0.00,0.00,57.47
20:15:50,6,21.11,0.00,16.67,0.00,0.00,6.67,0.00,0.00,0.00,55.56
20:15:50,7,21.11,0.00,15.56,0.00,0.00,5.56,0.00,0.00,0.00,57.78
20:15:50,12,22.47,0.00,15.73,0.00,0.00,5.62,0.00,0.00,0.00,56.18
20:15:50,13,22.73,0.00,17.05,0.00,0.00,4.55,0.00,0.00,0.00,55.68
20:15:50,14,22.22,0.00,17.78,0.00,0.00,4.44,0.00,0.00,0.00,55.56
20:15:50,15,22.47,0.00,15.73,0.00,0.00,4.49,0.00,0.00,0.00,57.30
20:15:51,4,21.84,0.00,14.94,0.00,0.00,4.60,0.00,0.00,0.00,58.62
20:15:51,5,21.59,0.00,15.91,0.00,0.00,4.55,0.00,0.00,0.00,57.95
20:15:51,6,20.69,0.00,16.09,0.00,0.00,3.45,0.00,0.00,0.00,59.77
20:15:51,7,21.74,0.00,16.30,0.00,0.00,5.43,0.00,0.00,0.00,56.52
20:15:51,12,21.59,0.00,15.91,0.00,0.00,4.55,0.00,0.00,0.00,57.95
20:15:51,13,22.47,0.00,15.73,0.00,0.00,4.49,0.00,0.00,0.00,57.30
20:15:51,14,21.35,0.00,16.85,0.00,0.00,3.37,0.00,0.00,0.00,58.43
20:15:51,15,21.11,0.00,15.56,0.00,0.00,5.56,0.00,0.00,0.00,57.78
20:15:52,4,24.44,0.00,20.00,0.00,0.00,5.56,0.00,0.00,0.00,50.00
20:15:52,5,21.59,0.00,17.05,0.00,0.00,5.68,0.00,0.00,0.00,55.68
20:15:52,6,22.35,0.00,16.47,0.00,0.00,4.71,0.00,0.00,0.00,56.47
20:15:52,7,20.00,0.00,18.89,0.00,0.00,5.56,0.00,0.00,0.00,55.56
20:15:52,12,21.59,0.00,17.05,0.00,0.00,5.68,0.00,0.00,0.00,55.68
20:15:52,13,23.60,0.00,16.85,0.00,0.00,4.49,0.00,0.00,0.00,55.06
20:15:52,14,21.59,0.00,17.05,0.00,0.00,5.68,0.00,0.00,0.00,55.68
20:15:52,15,20.93,0.00,17.44,0.00,0.00,4.65,0.00,0.00,0.00,56.98
20:15:53,4,20.88,0.00,17.58,0.00,0.00,5.49,0.00,0.00,0.00,56.04
20:15:53,5,21.98,0.00,16.48,0.00,0.00,6.59,0.00,0.00,0.00,54.95
20:15:53,6,21.98,0.00,15.38,0.00,0.00,5.49,0.00,0.00,0.00,57.14
20:15:53,7,20.43,0.00,18.28,0.00,0.00,6.45,0.00,0.00,0.00,54.84
20:15:53,12,20.22,0.00,16.85,0.00,0.00,4.49,0.00,0.00,0.00,58.43
20:15:53,13,19.77,0.00,15.12,0.00,0.00,5.81,0.00,0.00,0.00,59.30
20:15:53,14,21.11,0.00,18.89,0.00,0.00,4.44,0.00,0.00,0.00,55.56
20:15:53,15,20.22,0.00,16.85,0.00,0.00,4.49,0.00,0.00,0.00,58.43
20:15:54,4,22.22,0.00,16.67,0.00,0.00,4.44,0.00,0.00,0.00,56.67
20:15:54,5,20.69,0.00,16.09,0.00,0.00,4.60,0.00,0.00,0.00,58.62
20:15:54,6,21.59,0.00,14.77,0.00,0.00,5.68,0.00,0.00,0.00,57.95
20:15:54,7,20.22,0.00,16.85,0.00,0.00,4.49,0.00,0.00,0.00,58.43
20:15:54,12,23.08,0.00,16.48,0.00,0.00,4.40,0.00,0.00,0.00,56.04
20:15:54,13,21.59,0.00,15.91,0.00,0.00,4.55,0.00,0.00,0.00,57.95
20:15:54,14,21.11,0.00,15.56,0.00,0.00,6.67,0.00,0.00,0.00,56.67
20:15:54,15,20.00,0.00,17.78,0.00,0.00,5.56,0.00,0.00,0.00,56.67
20:15:55,4,22.22,0.00,16.67,0.00,0.00,5.56,0.00,0.00,0.00,55.56
20:15:55,5,23.66,0.00,16.13,0.00,0.00,5.38,0.00,0.00,0.00,54.84
20:15:55,6,19.77,0.00,13.95,0.00,0.00,6.98,0.00,0.00,0.00,59.30
20:15:55,7,19.10,0.00,17.98,0.00,0.00,4.49,0.00,0.00,0.00,58.43
20:15:55,12,20.69,0.00,16.09,0.00,0.00,5.75,0.00,0.00,0.00,57.47
20:15:55,13,20.22,0.00,19.10,0.00,0.00,5.62,0.00,0.00,0.00,55.06
20:15:55,14,23.60,0.00,14.61,0.00,0.00,4.49,0.00,0.00,0.00,57.30
20:15:55,15,18.60,0.00,15.12,0.00,0.00,5.81,0.00,0.00,0.00,60.47
20:15:56,4,22.22,0.00,15.56,0.00,0.00,5.56,0.00,0.00,0.00,56.67
20:15:56,5,23.33,0.00,16.67,0.00,0.00,4.44,0.00,0.00,0.00,55.56
20:15:56,6,20.45,0.00,15.91,0.00,0.00,5.68,0.00,0.00,0.00,57.95
20:15:56,7,19.54,0.00,14.94,0.00,0.00,5.75,0.00,0.00,0.00,59.77
20:15:56,12,22.99,0.00,14.94,0.00,0.00,3.45,0.00,0.00,0.00,58.62
20:15:56,13,22.83,0.00,17.39,0.00,0.00,5.43,0.00,0.00,0.00,54.35
20:15:56,14,20.93,0.00,16.28,0.00,0.00,5.81,0.00,0.00,0.00,56.98
20:15:56,15,21.35,0.00,16.85,0.00,0.00,4.49,0.00,0.00,0.00,57.30
20:15:57,4,24.72,0.00,17.98,0.00,0.00,5.62,0.00,0.00,0.00,51.69
20:15:57,5,22.62,0.00,15.48,0.00,0.00,4.76,0.00,0.00,0.00,57.14
20:15:57,6,23.60,0.00,16.85,0.00,0.00,5.62,0.00,0.00,0.00,53.93
20:15:57,7,20.69,0.00,16.09,1.15,0.00,4.60,0.00,0.00,0.00,57.47
20:15:57,12,22.73,0.00,19.32,0.00,0.00,4.55,0.00,0.00,0.00,53.41
20:15:57,13,25.00,0.00,17.05,0.00,0.00,4.55,0.00,0.00,0.00,53.41
20:15:57,14,25.81,0.00,16.13,0.00,0.00,5.38,0.00,0.00,0.00,52.69
20:15:57,15,20.45,0.00,17.05,0.00,0.00,5.68,0.00,0.00,0.00,56.82
20:15:58,4,20.22,0.00,19.10,0.00,0.00,5.62,0.00,0.00,0.00,55.06
20:15:58,5,22.73,0.00,13.64,0.00,0.00,6.82,0.00,0.00,0.00,56.82
20:15:58,6,23.33,0.00,16.67,0.00,0.00,4.44,0.00,0.00,0.00,55.56
20:15:58,7,21.35,0.00,15.73,0.00,0.00,4.49,0.00,0.00,0.00,58.43
20:15:58,12,22.22,0.00,16.67,0.00,0.00,5.56,0.00,0.00,0.00,55.56
20:15:58,13,23.08,0.00,16.48,0.00,0.00,4.40,0.00,0.00,0.00,56.04
20:15:58,14,24.72,0.00,14.61,0.00,0.00,5.62,0.00,0.00,0.00,55.06
20:15:58,15,23.60,0.00,14.61,0.00,0.00,3.37,0.00,0.00,0.00,58.43
20:15:59,4,22.09,0.00,16.28,0.00,0.00,4.65,0.00,0.00,0.00,56.98
20:15:59,5,18.60,0.00,18.60,0.00,0.00,4.65,0.00,0.00,0.00,58.14
20:15:59,6,19.35,0.00,19.35,0.00,0.00,6.45,0.00,0.00,0.00,54.84
20:15:59,7,22.58,0.00,17.20,0.00,0.00,5.38,0.00,0.00,0.00,54.84
20:15:59,12,20.45,0.00,17.05,0.00,0.00,4.55,0.00,0.00,0.00,57.95
20:15:59,13,23.91,0.00,16.30,0.00,0.00,4.35,0.00,0.00,0.00,55.43
20:15:59,14,20.00,0.00,17.78,0.00,0.00,5.56,0.00,0.00,0.00,56.67
20:15:59,15,22.47,0.00,14.61,0.00,0.00,5.62,0.00,0.00,0.00,57.30
20:16:00,4,21.59,0.00,18.18,0.00,0.00,3.41,0.00,0.00,0.00,56.82
20:16:00,5,25.00,0.00,15.22,0.00,0.00,5.43,0.00,0.00,0.00,54.35
20:16:00,6,22.73,0.00,14.77,0.00,0.00,4.55,0.00,0.00,0.00,57.95
20:16:00,7,19.32,0.00,17.05,0.00,0.00,5.68,0.00,0.00,0.00,57.95
20:16:00,12,21.98,0.00,16.48,0.00,0.00,5.49,0.00,0.00,0.00,56.04
20:16:00,13,21.59,0.00,17.05,0.00,0.00,4.55,0.00,0.00,0.00,56.82
20:16:00,14,22.22,0.00,16.67,0.00,0.00,4.44,0.00,0.00,0.00,56.67
20:16:00,15,23.33,0.00,15.56,0.00,0.00,4.44,0.00,0.00,0.00,56.67
20:16:01,4,25.84,0.00,14.61,0.00,0.00,3.37,0.00,0.00,0.00,56.18
20:16:01,5,23.08,0.00,16.48,0.00,0.00,5.49,0.00,0.00,0.00,54.95
20:16:01,6,22.73,0.00,14.77,0.00,0.00,5.68,0.00,0.00,0.00,56.82
20:16:01,7,20.45,0.00,17.05,0.00,0.00,4.55,0.00,0.00,0.00,57.95
20:16:01,12,20.69,0.00,16.09,0.00,0.00,5.75,0.00,0.00,0.00,57.47
20:16:01,13,22.99,0.00,14.94,0.00,0.00,3.45,0.00,0.00,0.00,58.62
20:16:01,14,22.62,0.00,11.90,0.00,0.00,5.95,0.00,0.00,0.00,59.52
20:16:01,15,20.00,0.00,18.89,0.00,0.00,4.44,0.00,0.00,0.00,56.67
20:16:02,4,23.08,0.00,19.78,0.00,0.00,4.40,0.00,0.00,0.00,52.75
20:16:02,5,22.99,0.00,16.09,0.00,0.00,5.75,0.00,0.00,0.00,55.17
20:16:02,6,20.69,0.00,18.39,0.00,0.00,5.75,0.00,0.00,0.00,55.17
20:16:02,7,21.43,0.00,15.48,0.00,0.00,4.76,0.00,0.00,0.00,58.33
20:16:02,12,22.73,0.00,17.05,0.00,0.00,5.68,0.00,0.00,0.00,54.55
20:16:02,13,23.33,0.00,20.00,0.00,0.00,5.56,0.00,0.00,0.00,51.11
20:16:02,14,21.59,0.00,18.18,0.00,0.00,4.55,0.00,0.00,0.00,55.68
20:16:02,15,22.47,0.00,16.85,0.00,0.00,4.49,0.00,0.00,0.00,56.18
20:16:03,4,20.22,0.00,17.98,0.00,0.00,6.74,0.00,0.00,0.00,55.06
20:16:03,5,19.54,0.00,17.24,0.00,0.00,5.75,0.00,0.00,0.00,57.47
20:16:03,6,20.00,0.00,17.78,0.00,0.00,5.56,0.00,0.00,0.00,56.67
20:16:03,7,20.45,0.00,15.91,0.00,0.00,4.55,0.00,0.00,0.00,59.09
20:16:03,12,22.58,0.00,18.28,0.00,0.00,6.45,0.00,0.00,0.00,52.69
20:16:03,13,21.35,0.00,17.98,0.00,0.00,5.62,0.00,0.00,0.00,55.06
20:16:03,14,23.33,0.00,15.56,0.00,0.00,5.56,0.00,0.00,0.00,55.56
20:16:03,15,19.54,0.00,17.24,0.00,0.00,4.60,0.00,0.00,0.00,58.62
20:16:04,4,18.82,0.00,17.65,0.00,0.00,4.71,0.00,0.00,0.00,58.82
20:16:04,5,24.14,0.00,13.79,0.00,0.00,4.60,0.00,0.00,0.00,57.47
20:16:04,6,21.35,0.00,16.85,0.00,0.00,4.49,0.00,0.00,0.00,57.30
20:16:04,7,24.18,0.00,15.38,0.00,0.00,4.40,0.00,0.00,0.00,56.04
20:16:04,12,20.45,0.00,15.91,0.00,0.00,5.68,0.00,0.00,0.00,57.95
20:16:04,13,24.72,0.00,15.73,0.00,0.00,3.37,0.00,0.00,0.00,56.18
20:16:04,14,21.59,0.00,17.05,0.00,0.00,4.55,0.00,0.00,0.00,56.82
20:16:04,15,20.00,0.00,14.12,0.00,0.00,5.88,0.00,0.00,0.00,60.00
20:16:05,4,21.98,0.00,16.48,0.00,0.00,5.49,0.00,0.00,0.00,56.04
20:16:05,5,21.35,0.00,16.85,0.00,0.00,4.49,0.00,0.00,0.00,57.30
20:16:05,6,22.47,0.00,16.85,0.00,0.00,4.49,0.00,0.00,0.00,56.18
20:16:05,7,20.45,0.00,15.91,0.00,0.00,5.68,0.00,0.00,0.00,57.95
20:16:05,12,21.35,0.00,14.61,0.00,0.00,6.74,0.00,0.00,0.00,57.30
20:16:05,13,20.69,0.00,14.94,0.00,0.00,4.60,0.00,0.00,0.00,59.77
20:16:05,14,22.47,0.00,15.73,0.00,0.00,4.49,0.00,0.00,0.00,57.30
20:16:05,15,21.11,0.00,16.67,0.00,0.00,5.56,0.00,0.00,0.00,56.67
20:16:06,4,21.84,0.00,16.09,0.00,0.00,3.45,0.00,0.00,0.00,58.62
20:16:06,5,21.35,0.00,14.61,0.00,0.00,6.74,0.00,0.00,0.00,57.30
20:16:06,6,22.73,0.00,15.91,0.00,0.00,4.55,0.00,0.00,0.00,56.82
20:16:06,7,17.58,0.00,19.78,0.00,0.00,5.49,0.00,0.00,0.00,57.14
20:16:06,12,20.22,0.00,16.85,0.00,0.00,6.74,0.00,0.00,0.00,56.18
20:16:06,13,22.22,0.00,17.78,0.00,0.00,4.44,0.00,0.00,0.00,55.56
20:16:06,14,21.84,0.00,16.09,0.00,0.00,5.75,0.00,0.00,0.00,56.32
20:16:06,15,18.89,0.00,20.00,0.00,0.00,4.44,0.00,0.00,0.00,56.67
20:16:07,4,21.59,0.00,17.05,1.14,0.00,5.68,0.00,0.00,0.00,54.55
20:16:07,5,20.69,0.00,19.54,0.00,0.00,4.60,0.00,0.00,0.00,55.17
20:16:07,6,23.08,0.00,18.68,0.00,0.00,5.49,0.00,0.00,0.00,52.75
20:16:07,7,23.33,0.00,17.78,0.00,0.00,3.33,0.00,0.00,0.00,55.56
20:16:07,12,21.18,0.00,17.65,0.00,0.00,5.88,0.00,0.00,0.00,55.29
20:16:07,13,23.91,0.00,20.65,0.00,0.00,4.35,0.00,0.00,0.00,51.09
20:16:07,14,24.18,0.00,16.48,1.10,0.00,5.49,0.00,0.00,0.00,52.75
20:16:07,15,25.56,0.00,15.56,0.00,0.00,4.44,0.00,0.00,0.00,54.44
20:16:08,4,22.22,0.00,17.78,0.00,0.00,5.56,0.00,0.00,0.00,54.44
20:16:08,5,22.73,0.00,15.91,0.00,0.00,3.41,0.00,0.00,0.00,57.95
20:16:08,6,20.69,0.00,16.09,0.00,0.00,4.60,0.00,0.00,0.00,58.62
20:16:08,7,21.74,0.00,16.30,0.00,0.00,5.43,0.00,0.00,0.00,56.52
20:16:08,12,21.35,0.00,17.98,0.00,0.00,5.62,0.00,0.00,0.00,55.06
20:16:08,13,20.45,0.00,15.91,0.00,0.00,5.68,0.00,0.00,0.00,57.95
20:16:08,14,24.18,0.00,14.29,0.00,0.00,5.49,0.00,0.00,0.00,56.04
20:16:08,15,21.11,0.00,16.67,0.00,0.00,5.56,0.00,0.00,0.00,56.67
20:16:09,4,21.11,0.00,18.89,0.00,0.00,5.56,0.00,0.00,0.00,54.44
20:16:09,5,21.59,0.00,15.91,0.00,0.00,5.68,0.00,0.00,0.00,56.82
20:16:09,6,21.18,0.00,15.29,0.00,0.00,3.53,0.00,0.00,0.00,60.00
20:16:09,7,23.08,0.00,17.58,0.00,0.00,3.30,0.00,0.00,0.00,56.04
20:16:09,12,22.99,0.00,14.94,0.00,0.00,4.60,0.00,0.00,0.00,57.47
20:16:09,13,22.73,0.00,15.91,0.00,0.00,4.55,0.00,0.00,0.00,56.82
20:16:09,14,21.11,0.00,16.67,0.00,0.00,6.67,0.00,0.00,0.00,55.56
20:16:09,15,20.69,0.00,14.94,0.00,0.00,4.60,0.00,0.00,0.00,59.77
20:16:10,4,21.11,0.00,17.78,0.00,0.00,5.56,0.00,0.00,0.00,55.56
20:16:10,5,20.93,0.00,15.12,0.00,0.00,5.81,0.00,0.00,0.00,58.14
20:16:10,6,21.35,0.00,15.73,0.00,0.00,5.62,0.00,0.00,0.00,57.30
20:16:10,7,18.18,0.00,17.05,0.00,0.00,6.82,0.00,0.00,0.00,57.95
20:16:10,12,21.59,0.00,17.05,0.00,0.00,4.55,0.00,0.00,0.00,56.82
20:16:10,13,22.22,0.00,16.67,0.00,0.00,5.56,0.00,0.00,0.00,55.56
20:16:10,14,21.35,0.00,15.73,0.00,0.00,5.62,0.00,0.00,0.00,57.30
20:16:10,15,20.93,0.00,16.28,0.00,0.00,4.65,0.00,0.00,0.00,58.14
20:16:11,4,22.22,0.00,17.78,0.00,0.00,4.44,0.00,0.00,0.00,55.56
20:16:11,5,22.22,0.00,16.67,0.00,0.00,4.44,0.00,0.00,0.00,56.67
20:16:11,6,21.11,0.00,16.67,0.00,0.00,6.67,0.00,0.00,0.00,55.56
20:16:11,7,21.59,0.00,14.77,0.00,0.00,5.68,0.00,0.00,0.00,57.95
20:16:11,12,22.22,0.00,15.56,0.00,0.00,5.56,0.00,0.00,0.00,56.67
20:16:11,13,22.22,0.00,16.67,0.00,0.00,5.56,0.00,0.00,0.00,55.56
20:16:11,14,21.59,0.00,15.91,0.00,0.00,5.68,0.00,0.00,0.00,56.82
20:16:11,15,20.22,0.00,17.98,0.00,0.00,4.49,0.00,0.00,0.00,57.30
20:16:12,4,21.35,0.00,20.22,0.00,0.00,4.49,0.00,0.00,0.00,53.93
20:16:12,5,20.88,0.00,20.88,0.00,0.00,5.49,0.00,0.00,0.00,52.75
20:16:12,6,19.54,0.00,19.54,0.00,0.00,4.60,0.00,0.00,0.00,56.32
20:16:12,7,21.74,0.00,17.39,1.09,0.00,5.43,0.00,0.00,0.00,54.35
20:16:12,12,24.72,0.00,19.10,0.00,0.00,4.49,0.00,0.00,0.00,51.69
20:16:12,13,23.86,0.00,18.18,1.14,0.00,4.55,0.00,0.00,0.00,52.27
20:16:12,14,21.35,0.00,17.98,0.00,0.00,5.62,0.00,0.00,0.00,55.06
20:16:12,15,23.08,0.00,17.58,1.10,0.00,5.49,0.00,0.00,0.00,52.75
20:16:13,4,19.77,0.00,17.44,0.00,0.00,5.81,0.00,0.00,0.00,56.98
20:16:13,5,20.45,0.00,18.18,0.00,0.00,5.68,0.00,0.00,0.00,55.68
20:16:13,6,21.84,0.00,16.09,0.00,0.00,4.60,0.00,0.00,0.00,57.47
20:16:13,7,17.65,0.00,17.65,0.00,0.00,5.88,0.00,0.00,0.00,58.82
20:16:13,12,22.47,0.00,16.85,0.00,0.00,5.62,0.00,0.00,0.00,55.06
20:16:13,13,22.99,0.00,16.09,0.00,0.00,4.60,0.00,0.00,0.00,56.32
20:16:13,14,19.77,0.00,17.44,0.00,0.00,4.65,0.00,0.00,0.00,58.14
20:16:13,15,20.22,0.00,17.98,0.00,0.00,4.49,0.00,0.00,0.00,57.30
20:16:14,4,22.22,0.00,16.67,0.00,0.00,4.44,0.00,0.00,0.00,56.67
20:16:14,5,20.69,0.00,17.24,0.00,0.00,4.60,0.00,0.00,0.00,57.47
20:16:14,6,21.59,0.00,17.05,0.00,0.00,4.55,0.00,0.00,0.00,56.82
20:16:14,7,20.22,0.00,15.73,0.00,0.00,5.62,0.00,0.00,0.00,58.43
20:16:14,12,20.45,0.00,18.18,0.00,0.00,4.55,0.00,0.00,0.00,56.82
20:16:14,13,22.09,0.00,16.28,0.00,0.00,3.49,0.00,0.00,0.00,58.14
20:16:14,14,22.73,0.00,14.77,0.00,0.00,4.55,0.00,0.00,0.00,57.95
20:16:14,15,21.35,0.00,16.85,0.00,0.00,4.49,0.00,0.00,0.00,57.30
20:16:15,4,18.60,0.00,16.28,0.00,0.00,5.81,0.00,0.00,0.00,59.30
20:16:15,5,21.84,0.00,16.09,0.00,0.00,4.60,0.00,0.00,0.00,57.47
20:16:15,6,24.18,0.00,15.38,0.00,0.00,5.49,0.00,0.00,0.00,54.95
20:16:15,7,20.00,0.00,17.78,0.00,0.00,4.44,0.00,0.00,0.00,57.78
20:16:15,12,20.45,0.00,15.91,0.00,0.00,6.82,0.00,0.00,0.00,56.82
20:16:15,13,21.59,0.00,17.05,0.00,0.00,5.68,0.00,0.00,0.00,55.68
20:16:15,14,19.32,0.00,17.05,0.00,0.00,6.82,0.00,0.00,0.00,56.82
20:16:15,15,21.35,0.00,16.85,0.00,0.00,4.49,0.00,0.00,0.00,57.30
20:16:16,4,21.35,0.00,15.73,0.00,0.00,5.62,0.00,0.00,0.00,57.30
20:16:16,5,20.45,0.00,15.91,0.00,0.00,6.82,0.00,0.00,0.00,56.82
20:16:16,6,20.65,0.00,16.30,0.00,0.00,6.52,0.00,0.00,0.00,56.52
20:16:16,7,20.69,0.00,13.79,0.00,0.00,5.75,0.00,0.00,0.00,59.77
20:16:16,12,20.45,0.00,15.91,0.00,0.00,4.55,0.00,0.00,0.00,59.09
20:16:16,13,21.35,0.00,16.85,0.00,0.00,4.49,0.00,0.00,0.00,57.30
20:16:16,14,22.47,0.00,15.73,0.00,0.00,4.49,0.00,0.00,0.00,57.30
20:16:16,15,19.10,0.00,16.85,0.00,0.00,5.62,0.00,0.00,0.00,58.43
20:16:17,4,19.32,0.00,17.05,0.00,0.00,5.68,0.00,0.00,0.00,57.95
20:16:17,5,20.65,0.00,18.48,0.00,0.00,6.52,0.00,0.00,0.00,54.35
20:16:17,6,22.73,0.00,15.91,0.00,0.00,4.55,0.00,0.00,0.00,56.82
20:16:17,7,19.54,0.00,18.39,0.00,0.00,4.60,0.00,0.00,0.00,57.47
20:16:17,12,20.45,0.00,15.91,0.00,0.00,6.82,0.00,0.00,0.00,56.82
20:16:17,13,22.22,0.00,15.56,0.00,0.00,4.44,0.00,0.00,0.00,57.78
20:16:17,14,18.18,0.00,15.91,0.00,0.00,6.82,0.00,0.00,0.00,59.09
20:16:17,15,21.35,0.00,17.98,0.00,0.00,3.37,0.00,0.00,0.00,57.30
20:16:18,4,23.08,0.00,16.48,0.00,0.00,6.59,0.00,0.00,0.00,53.85
20:16:18,5,23.33,0.00,16.67,0.00,0.00,6.67,0.00,0.00,0.00,53.33
20:16:18,6,22.73,0.00,13.64,0.00,0.00,6.82,0.00,0.00,0.00,56.82
20:16:18,7,21.11,0.00,16.67,0.00,0.00,5.56,0.00,0.00,0.00,56.67
20:16:18,12,24.42,0.00,16.28,0.00,0.00,4.65,0.00,0.00,0.00,54.65
20:16:18,13,23.60,0.00,17.98,0.00,0.00,5.62,0.00,0.00,0.00,52.81
20:16:18,14,21.35,0.00,17.98,0.00,0.00,5.62,0.00,0.00,0.00,55.06
20:16:18,15,20.00,0.00,17.78,0.00,0.00,5.56,0.00,0.00,0.00,56.67
20:16:19,4,18.60,0.00,18.60,0.00,0.00,4.65,0.00,0.00,0.00,58.14
20:16:19,5,22.47,0.00,15.73,0.00,0.00,5.62,0.00,0.00,0.00,56.18
20:16:19,6,20.45,0.00,17.05,0.00,0.00,3.41,0.00,0.00,0.00,59.09
20:16:19,7,21.11,0.00,16.67,0.00,0.00,5.56,0.00,0.00,0.00,56.67
20:16:19,12,21.59,0.00,18.18,0.00,0.00,4.55,0.00,0.00,0.00,55.68
20:16:19,13,23.33,0.00,16.67,0.00,0.00,4.44,0.00,0.00,0.00,55.56
20:16:19,14,18.89,0.00,20.00,0.00,0.00,4.44,0.00,0.00,0.00,56.67
20:16:19,15,21.35,0.00,15.73,0.00,0.00,5.62,0.00,0.00,0.00,57.30
20:16:20,4,22.22,0.00,16.67,0.00,0.00,4.44,0.00,0.00,0.00,56.67
20:16:20,5,21.35,0.00,16.85,0.00,0.00,4.49,0.00,0.00,0.00,57.30
20:16:20,6,21.59,0.00,15.91,0.00,0.00,5.68,0.00,0.00,0.00,56.82
20:16:20,7,20.43,0.00,19.35,0.00,0.00,4.30,0.00,0.00,0.00,55.91
20:16:20,12,20.69,0.00,16.09,0.00,0.00,5.75,0.00,0.00,0.00,57.47
20:16:20,13,20.93,0.00,16.28,0.00,0.00,3.49,0.00,0.00,0.00,59.30
20:16:20,14,20.22,0.00,16.85,0.00,0.00,6.74,0.00,0.00,0.00,56.18
20:16:20,15,23.08,0.00,14.29,0.00,0.00,6.59,0.00,0.00,0.00,56.04
20:16:21,4,20.69,0.00,16.09,0.00,0.00,5.75,0.00,0.00,0.00,57.47
20:16:21,5,22.73,0.00,15.91,0.00,0.00,4.55,0.00,0.00,0.00,56.82
20:16:21,6,19.10,0.00,17.98,0.00,0.00,5.62,0.00,0.00,0.00,57.30
20:16:21,7,20.45,0.00,15.91,0.00,0.00,4.55,0.00,0.00,0.00,59.09
20:16:21,12,18.89,0.00,18.89,0.00,0.00,5.56,0.00,0.00,0.00,56.67
20:16:21,13,22.47,0.00,16.85,0.00,0.00,4.49,0.00,0.00,0.00,56.18
20:16:21,14,21.35,0.00,15.73,0.00,0.00,5.62,0.00,0.00,0.00,57.30
20:16:21,15,23.33,0.00,16.67,0.00,0.00,3.33,0.00,0.00,0.00,56.67
20:16:22,4,22.83,0.00,17.39,0.00,0.00,4.35,0.00,0.00,0.00,55.43
20:16:22,5,19.32,0.00,18.18,0.00,0.00,5.68,0.00,0.00,0.00,56.82
20:16:22,6,23.60,0.00,15.73,1.12,0.00,4.49,0.00,0.00,0.00,55.06
20:16:22,7,20.45,0.00,17.05,0.00,0.00,4.55,0.00,0.00,0.00,57.95
20:16:22,12,18.39,0.00,17.24,0.00,0.00,5.75,0.00,0.00,0.00,58.62
20:16:22,13,21.84,0.00,16.09,0.00,0.00,4.60,0.00,0.00,0.00,57.47
20:16:22,14,21.74,0.00,17.39,0.00,0.00,5.43,0.00,0.00,0.00,55.43
20:16:22,15,21.84,0.00,14.94,0.00,0.00,4.60,0.00,0.00,0.00,58.62
20:16:23,4,22.47,0.00,19.10,1.12,0.00,5.62,0.00,0.00,0.00,51.69
20:16:23,5,22.47,0.00,19.10,0.00,0.00,4.49,0.00,0.00,0.00,53.93
20:16:23,6,22.47,0.00,17.98,0.00,0.00,4.49,0.00,0.00,0.00,55.06
20:16:23,7,19.77,0.00,16.28,0.00,0.00,5.81,0.00,0.00,0.00,58.14
20:16:23,12,23.86,0.00,18.18,0.00,0.00,5.68,0.00,0.00,0.00,52.27
20:16:23,13,24.44,0.00,16.67,0.00,0.00,5.56,0.00,0.00,0.00,53.33
20:16:23,14,25.00,0.00,14.77,0.00,0.00,5.68,0.00,0.00,0.00,54.55
20:16:23,15,20.22,0.00,16.85,0.00,0.00,6.74,0.00,0.00,0.00,56.18
20:16:24,4,19.54,0.00,16.09,0.00,0.00,5.75,0.00,0.00,0.00,58.62
20:16:24,5,20.45,0.00,17.05,0.00,0.00,4.55,0.00,0.00,0.00,57.95
20:16:24,6,21.35,0.00,16.85,0.00,0.00,5.62,0.00,0.00,0.00,56.18
20:16:24,7,19.54,0.00,14.94,0.00,0.00,5.75,0.00,0.00,0.00,59.77
20:16:24,12,20.22,0.00,19.10,0.00,0.00,3.37,0.00,0.00,0.00,57.30
20:16:24,13,22.47,0.00,15.73,0.00,0.00,4.49,0.00,0.00,0.00,57.30
20:16:24,14,21.35,0.00,15.73,0.00,0.00,6.74,0.00,0.00,0.00,56.18
20:16:24,15,21.11,0.00,16.67,0.00,0.00,5.56,0.00,0.00,0.00,56.67
20:16:25,4,19.78,0.00,19.78,0.00,0.00,5.49,0.00,0.00,0.00,54.95
20:16:25,5,19.32,0.00,19.32,0.00,0.00,5.68,0.00,0.00,0.00,55.68
20:16:25,6,20.88,0.00,17.58,0.00,0.00,5.49,0.00,0.00,0.00,56.04
20:16:25,7,20.00,0.00,18.89,0.00,0.00,4.44,0.00,0.00,0.00,56.67
20:16:25,12,21.35,0.00,17.98,0.00,0.00,4.49,0.00,0.00,0.00,56.18
20:16:25,13,19.54,0.00,17.24,0.00,0.00,5.75,0.00,0.00,0.00,57.47
20:16:25,14,17.05,0.00,18.18,0.00,0.00,6.82,0.00,0.00,0.00,57.95
20:16:25,15,20.45,0.00,15.91,0.00,0.00,5.68,0.00,0.00,0.00,57.95
20:16:26,4,22.73,0.00,15.91,0.00,0.00,4.55,0.00,0.00,0.00,56.82
20:16:26,5,20.69,0.00,16.09,0.00,0.00,4.60,0.00,0.00,0.00,58.62
20:16:26,6,21.11,0.00,16.67,0.00,0.00,5.56,0.00,0.00,0.00,56.67
20:16:26,7,22.58,0.00,16.13,0.00,0.00,4.30,0.00,0.00,0.00,56.99
20:16:26,12,21.59,0.00,15.91,0.00,0.00,5.68,0.00,0.00,0.00,56.82
20:16:26,13,21.74,0.00,18.48,0.00,0.00,5.43,0.00,0.00,0.00,54.35
20:16:26,14,20.00,0.00,18.89,0.00,0.00,5.56,0.00,0.00,0.00,55.56
20:16:26,15,19.10,0.00,17.98,0.00,0.00,4.49,0.00,0.00,0.00,58.43
20:16:27,4,20.88,0.00,17.58,0.00,0.00,5.49,0.00,0.00,0.00,56.04
20:16:27,5,20.69,0.00,17.24,0.00,0.00,4.60,0.00,0.00,0.00,57.47
20:16:27,6,24.14,0.00,12.64,0.00,0.00,5.75,0.00,0.00,0.00,57.47
20:16:27,7,20.45,0.00,18.18,0.00,0.00,4.55,0.00,0.00,0.00,56.82
20:16:27,12,23.86,0.00,14.77,0.00,0.00,4.55,0.00,0.00,0.00,56.82
20:16:27,13,23.08,0.00,17.58,0.00,0.00,3.30,0.00,0.00,0.00,56.04
20:16:27,14,21.51,0.00,18.28,0.00,0.00,5.38,0.00,0.00,0.00,54.84
20:16:27,15,20.69,0.00,18.39,0.00,0.00,3.45,0.00,0.00,0.00,57.47
20:16:28,4,22.47,0.00,17.98,0.00,0.00,6.74,0.00,0.00,0.00,52.81
20:16:28,5,23.08,0.00,17.58,0.00,0.00,5.49,0.00,0.00,0.00,53.85
20:16:28,6,22.73,0.00,17.05,1.14,0.00,5.68,0.00,0.00,0.00,53.41
20:16:28,7,21.35,0.00,17.98,0.00,0.00,5.62,0.00,0.00,0.00,55.06
20:16:28,12,21.35,0.00,19.10,0.00,0.00,5.62,0.00,0.00,0.00,53.93
20:16:28,13,23.60,0.00,15.73,1.12,0.00,5.62,0.00,0.00,0.00,53.93
20:16:28,14,20.69,0.00,19.54,0.00,0.00,4.60,0.00,0.00,0.00,55.17
20:16:28,15,22.22,0.00,16.67,0.00,0.00,6.67,0.00,0.00,0.00,54.44
20:16:29,4,22.73,0.00,14.77,0.00,0.00,5.68,0.00,0.00,0.00,56.82
20:16:29,5,22.22,0.00,15.56,0.00,0.00,5.56,0.00,0.00,0.00,56.67
20:16:29,6,20.00,0.00,16.67,0.00,0.00,5.56,0.00,0.00,0.00,57.78
20:16:29,7,20.22,0.00,16.85,0.00,0.00,4.49,0.00,0.00,0.00,58.43
20:16:29,12,19.32,0.00,17.05,0.00,0.00,5.68,0.00,0.00,0.00,57.95
20:16:29,13,20.69,0.00,14.94,0.00,0.00,5.75,0.00,0.00,0.00,58.62
20:16:29,14,21.35,0.00,16.85,0.00,0.00,4.49,0.00,0.00,0.00,57.30
20:16:29,15,20.22,0.00,16.85,0.00,0.00,4.49,0.00,0.00,0.00,58.43
20:16:30,4,21.84,0.00,16.09,0.00,0.00,4.60,0.00,0.00,0.00,57.47
20:16:30,5,20.45,0.00,17.05,0.00,0.00,5.68,0.00,0.00,0.00,56.82
20:16:30,6,21.59,0.00,18.18,0.00,0.00,4.55,0.00,0.00,0.00,55.68
20:16:30,7,20.88,0.00,17.58,0.00,0.00,4.40,0.00,0.00,0.00,57.14
20:16:30,12,23.60,0.00,15.73,0.00,0.00,5.62,0.00,0.00,0.00,55.06
20:16:30,13,22.47,0.00,14.61,0.00,0.00,5.62,0.00,0.00,0.00,57.30
20:16:30,14,20.22,0.00,16.85,0.00,0.00,5.62,0.00,0.00,0.00,57.30
20:16:30,15,20.45,0.00,15.91,0.00,0.00,4.55,0.00,0.00,0.00,59.09
20:16:31,4,22.83,0.00,16.30,0.00,0.00,5.43,0.00,0.00,0.00,55.43
20:16:31,5,22.09,0.00,16.28,0.00,0.00,4.65,0.00,0.00,0.00,56.98
20:16:31,6,20.22,0.00,14.61,0.00,0.00,7.87,0.00,0.00,0.00,57.30
20:16:31,7,18.89,0.00,17.78,0.00,0.00,5.56,0.00,0.00,0.00,57.78
20:16:31,12,20.45,0.00,18.18,0.00,0.00,4.55,0.00,0.00,0.00,56.82
20:16:31,13,22.73,0.00,14.77,0.00,0.00,5.68,0.00,0.00,0.00,56.82
20:16:31,14,20.45,0.00,17.05,0.00,0.00,5.68,0.00,0.00,0.00,56.82
20:16:31,15,22.58,0.00,16.13,0.00,0.00,6.45,0.00,0.00,0.00,54.84
20:16:32,4,22.73,0.00,14.77,0.00,0.00,6.82,0.00,0.00,0.00,55.68
20:16:32,5,20.93,0.00,13.95,0.00,0.00,5.81,0.00,0.00,0.00,59.30
20:16:32,6,18.60,0.00,17.44,1.16,0.00,4.65,0.00,0.00,0.00,58.14
20:16:32,7,21.11,0.00,16.67,0.00,0.00,4.44,0.00,0.00,0.00,57.78
20:16:32,12,20.22,0.00,14.61,2.25,0.00,5.62,0.00,0.00,0.00,57.30
20:16:32,13,21.59,0.00,14.77,0.00,0.00,4.55,0.00,0.00,0.00,59.09
20:16:32,14,21.59,0.00,14.77,0.00,0.00,4.55,0.00,0.00,0.00,59.09
20:16:32,15,20.65,0.00,17.39,0.00,0.00,5.43,0.00,0.00,0.00,56.52
20:16:33,4,25.00,0.00,15.91,0.00,0.00,5.68,0.00,0.00,0.00,53.41
20:16:33,5,22.47,0.00,16.85,0.00,0.00,5.62,0.00,0.00,0.00,55.06
20:16:33,6,21.11,0.00,16.67,1.11,0.00,5.56,0.00,0.00,0.00,55.56
20:16:33,7,21.84,0.00,13.79,0.00,0.00,5.75,0.00,0.00,0.00,58.62
20:16:33,12,23.86,0.00,17.05,1.14,0.00,4.55,0.00,0.00,0.00,53.41
20:16:33,13,25.84,0.00,16.85,0.00,0.00,4.49,0.00,0.00,0.00,52.81
20:16:33,14,22.73,0.00,17.05,0.00,0.00,4.55,0.00,0.00,0.00,55.68
20:16:33,15,22.73,0.00,15.91,0.00,0.00,4.55,0.00,0.00,0.00,56.82
20:16:34,4,22.47,0.00,15.73,0.00,0.00,4.49,0.00,0.00,0.00,57.30
20:16:34,5,20.00,0.00,16.67,0.00,0.00,6.67,0.00,0.00,0.00,56.67
20:16:34,6,20.69,0.00,16.09,0.00,0.00,4.60,0.00,0.00,0.00,58.62
20:16:34,7,21.59,0.00,15.91,0.00,0.00,4.55,0.00,0.00,0.00,57.95
20:16:34,12,21.59,0.00,14.77,0.00,0.00,5.68,0.00,0.00,0.00,57.95
20:16:34,13,22.22,0.00,16.67,0.00,0.00,5.56,0.00,0.00,0.00,55.56
20:16:34,14,22.22,0.00,17.78,0.00,0.00,4.44,0.00,0.00,0.00,55.56
20:16:34,15,20.69,0.00,16.09,0.00,0.00,4.60,0.00,0.00,0.00,58.62
20:16:35,4,21.35,0.00,16.85,0.00,0.00,5.62,0.00,0.00,0.00,56.18
20:16:35,5,22.47,0.00,16.85,0.00,0.00,4.49,0.00,0.00,0.00,56.18
20:16:35,6,21.98,0.00,18.68,0.00,0.00,3.30,0.00,0.00,0.00,56.04
20:16:35,7,22.22,0.00,16.67,0.00,0.00,4.44,0.00,0.00,0.00,56.67
20:16:35,12,21.35,0.00,16.85,0.00,0.00,4.49,0.00,0.00,0.00,57.30
20:16:35,13,19.32,0.00,17.05,0.00,0.00,5.68,0.00,0.00,0.00,57.95
20:16:35,14,21.59,0.00,15.91,0.00,0.00,4.55,0.00,0.00,0.00,57.95
20:16:35,15,20.22,0.00,16.85,0.00,0.00,4.49,0.00,0.00,0.00,58.43
20:16:36,4,20.45,0.00,18.18,0.00,0.00,4.55,0.00,0.00,0.00,56.82
20:16:36,5,22.47,0.00,15.73,0.00,0.00,5.62,0.00,0.00,0.00,56.18
20:16:36,6,22.22,0.00,14.44,0.00,0.00,6.67,0.00,0.00,0.00,56.67
20:16:36,7,19.54,0.00,16.09,0.00,0.00,5.75,0.00,0.00,0.00,58.62
20:16:36,12,22.99,0.00,14.94,0.00,0.00,4.60,0.00,0.00,0.00,57.47
20:16:36,13,20.00,0.00,16.47,0.00,0.00,4.71,0.00,0.00,0.00,58.82
20:16:36,14,23.08,0.00,16.48,0.00,0.00,4.40,0.00,0.00,0.00,56.04
20:16:36,15,20.00,0.00,16.67,0.00,0.00,5.56,0.00,0.00,0.00,57.78
20:16:37,4,22.47,0.00,17.98,0.00,0.00,4.49,0.00,0.00,0.00,55.06
20:16:37,5,22.47,0.00,16.85,1.12,0.00,4.49,0.00,0.00,0.00,55.06
20:16:37,6,19.77,0.00,17.44,1.16,0.00,5.81,0.00,0.00,0.00,55.81
20:16:37,7,21.35,0.00,15.73,0.00,0.00,5.62,0.00,0.00,0.00,57.30
20:16:37,12,23.91,0.00,17.39,0.00,0.00,4.35,0.00,0.00,0.00,54.35
20:16:37,13,22.22,0.00,20.00,0.00,0.00,4.44,0.00,0.00,0.00,53.33
20:16:37,14,20.69,0.00,16.09,0.00,0.00,6.90,0.00,0.00,0.00,56.32
20:16:37,15,21.59,0.00,15.91,0.00,0.00,5.68,0.00,0.00,0.00,56.82
20:16:38,4,23.33,0.00,17.78,0.00,0.00,5.56,0.00,0.00,0.00,53.33
20:16:38,5,24.72,0.00,20.22,0.00,0.00,4.49,0.00,0.00,0.00,50.56
20:16:38,6,23.91,0.00,18.48,0.00,0.00,5.43,0.00,0.00,0.00,52.17
20:16:38,7,24.18,0.00,16.48,0.00,0.00,5.49,0.00,0.00,0.00,53.85
20:16:38,12,23.26,0.00,16.28,0.00,0.00,5.81,0.00,0.00,0.00,54.65
20:16:38,13,25.56,0.00,18.89,0.00,0.00,5.56,0.00,0.00,0.00,50.00
20:16:38,14,25.29,0.00,16.09,0.00,0.00,4.60,0.00,0.00,0.00,54.02
20:16:38,15,21.59,0.00,17.05,0.00,0.00,5.68,0.00,0.00,0.00,55.68
20:16:39,4,20.00,0.00,16.47,0.00,0.00,4.71,0.00,0.00,0.00,58.82
20:16:39,5,21.35,0.00,16.85,0.00,0.00,4.49,0.00,0.00,0.00,57.30
20:16:39,6,20.45,0.00,17.05,0.00,0.00,5.68,0.00,0.00,0.00,56.82
20:16:39,7,20.69,0.00,16.09,0.00,0.00,4.60,0.00,0.00,0.00,58.62
20:16:39,12,21.98,0.00,16.48,0.00,0.00,5.49,0.00,0.00,0.00,56.04
20:16:39,13,21.98,0.00,18.68,0.00,0.00,5.49,0.00,0.00,0.00,53.85
20:16:39,14,21.11,0.00,16.67,0.00,0.00,5.56,0.00,0.00,0.00,56.67
20:16:39,15,19.54,0.00,17.24,0.00,0.00,4.60,0.00,0.00,0.00,58.62
20:16:40,4,20.88,0.00,17.58,0.00,0.00,6.59,0.00,0.00,0.00,54.95
20:16:40,5,23.33,0.00,16.67,0.00,0.00,4.44,0.00,0.00,0.00,55.56
20:16:40,6,22.47,0.00,16.85,0.00,0.00,4.49,0.00,0.00,0.00,56.18
20:16:40,7,20.45,0.00,14.77,0.00,0.00,5.68,0.00,0.00,0.00,59.09
20:16:40,12,20.93,0.00,16.28,0.00,0.00,5.81,0.00,0.00,0.00,56.98
20:16:40,13,21.59,0.00,17.05,0.00,0.00,3.41,0.00,0.00,0.00,57.95
20:16:40,14,22.22,0.00,17.78,0.00,0.00,4.44,0.00,0.00,0.00,55.56
20:16:40,15,21.84,0.00,16.09,0.00,0.00,3.45,0.00,0.00,0.00,58.62
20:16:41,4,22.47,0.00,16.85,0.00,0.00,3.37,0.00,0.00,0.00,57.30
20:16:41,5,20.22,0.00,16.85,0.00,0.00,6.74,0.00,0.00,0.00,56.18
20:16:41,6,18.89,0.00,20.00,0.00,0.00,5.56,0.00,0.00,0.00,55.56
20:16:41,7,22.83,0.00,16.30,0.00,0.00,5.43,0.00,0.00,0.00,55.43
20:16:41,12,19.77,0.00,16.28,0.00,0.00,5.81,0.00,0.00,0.00,58.14
20:16:41,13,20.93,0.00,16.28,0.00,0.00,4.65,0.00,0.00,0.00,58.14
20:16:41,14,21.35,0.00,17.98,0.00,0.00,4.49,0.00,0.00,0.00,56.18
20:16:41,15,22.22,0.00,17.78,0.00,0.00,4.44,0.00,0.00,0.00,55.56
20:16:42,4,20.69,0.00,16.09,0.00,0.00,4.60,0.00,0.00,0.00,58.62
20:16:42,5,21.59,0.00,17.05,0.00,0.00,4.55,0.00,0.00,0.00,56.82
20:16:42,6,22.73,0.00,18.18,0.00,0.00,3.41,0.00,0.00,0.00,55.68
20:16:42,7,19.78,0.00,17.58,1.10,0.00,5.49,0.00,0.00,0.00,56.04
20:16:42,12,22.99,0.00,14.94,0.00,0.00,4.60,0.00,0.00,0.00,57.47
20:16:42,13,21.98,0.00,16.48,0.00,0.00,6.59,0.00,0.00,0.00,54.95
20:16:42,14,20.93,0.00,16.28,0.00,0.00,4.65,0.00,0.00,0.00,58.14
20:16:42,15,21.11,0.00,15.56,0.00,0.00,6.67,0.00,0.00,0.00,56.67
20:16:43,4,21.59,0.00,20.45,0.00,0.00,4.55,0.00,0.00,0.00,53.41
20:16:43,5,20.93,0.00,18.60,1.16,0.00,5.81,0.00,0.00,0.00,53.49
20:16:43,6,20.88,0.00,18.68,0.00,0.00,6.59,0.00,0.00,0.00,53.85
20:16:43,7,21.35,0.00,17.98,0.00,0.00,4.49,0.00,0.00,0.00,56.18
20:16:43,12,26.14,0.00,14.77,0.00,0.00,4.55,0.00,0.00,0.00,54.55
20:16:43,13,22.99,0.00,19.54,0.00,0.00,4.60,0.00,0.00,0.00,52.87
20:16:43,14,20.45,0.00,18.18,0.00,0.00,5.68,0.00,0.00,0.00,55.68
20:16:43,15,22.47,0.00,15.73,0.00,0.00,5.62,0.00,0.00,0.00,56.18
20:16:44,4,20.45,0.00,17.05,0.00,0.00,5.68,0.00,0.00,0.00,56.82
20:16:44,5,19.10,0.00,17.98,0.00,0.00,5.62,0.00,0.00,0.00,57.30
20:16:44,6,22.73,0.00,15.91,0.00,0.00,4.55,0.00,0.00,0.00,56.82
20:16:44,7,20.93,0.00,16.28,0.00,0.00,3.49,0.00,0.00,0.00,59.30
20:16:44,12,21.59,0.00,14.77,0.00,0.00,5.68,0.00,0.00,0.00,57.95
20:16:44,13,23.33,0.00,15.56,0.00,0.00,4.44,0.00,0.00,0.00,56.67
20:16:44,14,20.45,0.00,15.91,0.00,0.00,6.82,0.00,0.00,0.00,56.82
20:16:44,15,19.77,0.00,15.12,0.00,0.00,4.65,0.00,0.00,0.00,60.47
20:16:45,4,20.88,0.00,19.78,0.00,0.00,4.40,0.00,0.00,0.00,54.95
20:16:45,5,19.05,0.00,16.67,0.00,0.00,3.57,0.00,0.00,0.00,60.71
20:16:45,6,22.09,0.00,15.12,0.00,0.00,3.49,0.00,0.00,0.00,59.30
20:16:45,7,22.47,0.00,14.61,0.00,0.00,5.62,0.00,0.00,0.00,57.30
20:16:45,12,21.11,0.00,16.67,0.00,0.00,6.67,0.00,0.00,0.00,55.56
20:16:45,13,23.60,0.00,15.73,0.00,0.00,4.49,0.00,0.00,0.00,56.18
20:16:45,14,21.84,0.00,16.09,0.00,0.00,4.60,0.00,0.00,0.00,57.47
20:16:45,15,21.11,0.00,18.89,0.00,0.00,4.44,0.00,0.00,0.00,55.56
20:16:46,4,23.08,0.00,16.48,0.00,0.00,4.40,0.00,0.00,0.00,56.04
20:16:46,5,22.22,0.00,15.56,0.00,0.00,5.56,0.00,0.00,0.00,56.67
20:16:46,6,22.83,0.00,16.30,0.00,0.00,5.43,0.00,0.00,0.00,55.43
20:16:46,7,20.88,0.00,16.48,0.00,0.00,5.49,0.00,0.00,0.00,57.14
20:16:46,12,23.08,0.00,16.48,0.00,0.00,4.40,0.00,0.00,0.00,56.04
20:16:46,13,22.22,0.00,15.56,0.00,0.00,5.56,0.00,0.00,0.00,56.67
20:16:46,14,22.99,0.00,13.79,0.00,0.00,4.60,0.00,0.00,0.00,58.62
20:16:46,15,21.74,0.00,16.30,0.00,0.00,5.43,0.00,0.00,0.00,56.52
20:16:47,4,21.35,0.00,16.85,0.00,0.00,5.62,0.00,0.00,0.00,56.18
20:16:47,5,22.47,0.00,15.73,0.00,0.00,6.74,0.00,0.00,0.00,55.06
20:16:47,6,22.47,0.00,16.85,0.00,0.00,4.49,0.00,0.00,0.00,56.18
20:16:47,7,20.22,0.00,15.73,0.00,0.00,5.62,0.00,0.00,0.00,58.43
20:16:47,12,22.73,0.00,15.91,0.00,0.00,5.68,0.00,0.00,0.00,55.68
20:16:47,13,23.33,0.00,14.44,0.00,0.00,5.56,0.00,0.00,0.00,56.67
20:16:47,14,21.74,0.00,18.48,0.00,0.00,5.43,0.00,0.00,0.00,54.35
20:16:47,15,21.11,0.00,16.67,0.00,0.00,4.44,0.00,0.00,0.00,57.78
20:16:48,4,22.22,0.00,20.00,0.00,0.00,5.56,0.00,0.00,0.00,52.22
20:16:48,5,24.14,0.00,18.39,0.00,0.00,4.60,0.00,0.00,0.00,52.87
20:16:48,6,20.69,0.00,16.09,0.00,0.00,6.90,0.00,0.00,0.00,56.32
20:16:48,7,22.73,0.00,15.91,0.00,0.00,4.55,0.00,0.00,0.00,56.82
20:16:48,12,22.22,0.00,16.67,0.00,0.00,6.67,0.00,0.00,0.00,54.44
20:16:48,13,24.44,0.00,17.78,0.00,0.00,5.56,0.00,0.00,0.00,52.22
20:16:48,14,21.84,0.00,19.54,0.00,0.00,4.60,0.00,0.00,0.00,54.02
20:16:48,15,21.35,0.00,17.98,0.00,0.00,5.62,0.00,0.00,0.00,55.06
20:16:49,4,21.35,0.00,16.85,0.00,0.00,4.49,0.00,0.00,0.00,57.30
20:16:49,5,23.26,0.00,13.95,0.00,0.00,4.65,0.00,0.00,0.00,58.14
20:16:49,6,20.45,0.00,17.05,0.00,0.00,5.68,0.00,0.00,0.00,56.82
20:16:49,7,21.84,0.00,14.94,0.00,0.00,4.60,0.00,0.00,0.00,58.62
20:16:49,12,22.73,0.00,15.91,0.00,0.00,5.68,0.00,0.00,0.00,55.68
20:16:49,13,23.33,0.00,15.56,0.00,0.00,5.56,0.00,0.00,0.00,55.56
20:16:49,14,24.73,0.00,16.13,0.00,0.00,5.38,0.00,0.00,0.00,53.76
20:16:49,15,21.59,0.00,15.91,0.00,0.00,4.55,0.00,0.00,0.00,57.95
20:16:50,4,19.77,0.00,18.60,0.00,0.00,3.49,0.00,0.00,0.00,58.14
20:16:50,5,20.45,0.00,17.05,0.00,0.00,5.68,0.00,0.00,0.00,56.82
20:16:50,6,22.22,0.00,18.89,0.00,0.00,4.44,0.00,0.00,0.00,54.44
20:16:50,7,22.83,0.00,17.39,0.00,0.00,4.35,0.00,0.00,0.00,55.43
20:16:50,12,20.22,0.00,15.73,0.00,0.00,5.62,0.00,0.00,0.00,58.43
20:16:50,13,22.99,0.00,13.79,0.00,0.00,4.60,0.00,0.00,0.00,58.62
20:16:50,14,21.74,0.00,17.39,0.00,0.00,6.52,0.00,0.00,0.00,54.35
20:16:50,15,20.69,0.00,16.09,0.00,0.00,4.60,0.00,0.00,0.00,58.62
20:16:51,4,19.10,0.00,17.98,0.00,0.00,6.74,0.00,0.00,0.00,56.18
20:16:51,5,22.99,0.00,16.09,0.00,0.00,5.75,0.00,0.00,0.00,55.17
20:16:51,6,20.88,0.00,18.68,0.00,0.00,5.49,0.00,0.00,0.00,54.95
20:16:51,7,19.78,0.00,18.68,0.00,0.00,4.40,0.00,0.00,0.00,57.14
20:16:51,12,19.32,0.00,19.32,0.00,0.00,5.68,0.00,0.00,0.00,55.68
20:16:51,13,21.11,0.00,16.67,0.00,0.00,6.67,0.00,0.00,0.00,55.56
20:16:51,14,22.73,0.00,15.91,0.00,0.00,5.68,0.00,0.00,0.00,55.68
20:16:51,15,22.73,0.00,14.77,0.00,0.00,4.55,0.00,0.00,0.00,57.95
20:16:52,4,20.45,0.00,14.77,0.00,0.00,6.82,0.00,0.00,0.00,57.95
20:16:52,5,19.28,0.00,16.87,0.00,0.00,3.61,0.00,0.00,0.00,60.24
20:16:52,6,21.59,0.00,15.91,0.00,0.00,5.68,0.00,0.00,0.00,56.82
20:16:52,7,18.68,0.00,17.58,0.00,0.00,6.59,0.00,0.00,0.00,57.14
20:16:52,12,22.22,0.00,15.56,1.11,0.00,5.56,0.00,0.00,0.00,55.56
20:16:52,13,20.88,0.00,16.48,0.00,0.00,5.49,0.00,0.00,0.00,57.14
20:16:52,14,22.22,0.00,17.78,0.00,0.00,4.44,0.00,0.00,0.00,55.56
20:16:52,15,21.11,0.00,17.78,0.00,0.00,4.44,0.00,0.00,0.00,56.67
20:16:53,4,19.77,0.00,19.77,0.00,0.00,4.65,0.00,0.00,0.00,55.81
20:16:53,5,24.14,0.00,18.39,0.00,0.00,4.60,0.00,0.00,0.00,52.87
20:16:53,6,22.73,0.00,17.05,0.00,0.00,3.41,0.00,0.00,0.00,56.82
20:16:53,7,21.35,0.00,16.85,0.00,0.00,6.74,0.00,0.00,0.00,55.06
20:16:53,12,21.11,0.00,18.89,0.00,0.00,4.44,0.00,0.00,0.00,55.56
20:16:53,13,23.53,0.00,15.29,0.00,0.00,4.71,0.00,0.00,0.00,56.47
20:16:53,14,22.22,0.00,18.89,0.00,0.00,4.44,0.00,0.00,0.00,54.44
20:16:53,15,25.56,0.00,14.44,0.00,0.00,4.44,0.00,0.00,0.00,55.56
20:16:54,4,20.00,0.00,17.78,0.00,0.00,5.56,0.00,0.00,0.00,56.67
20:16:54,5,22.47,0.00,16.85,0.00,0.00,4.49,0.00,0.00,0.00,56.18
20:16:54,6,22.73,0.00,14.77,0.00,0.00,5.68,0.00,0.00,0.00,56.82
20:16:54,7,20.69,0.00,14.94,0.00,0.00,4.60,0.00,0.00,0.00,59.77
20:16:54,12,21.59,0.00,18.18,0.00,0.00,4.55,0.00,0.00,0.00,55.68
20:16:54,13,25.29,0.00,12.64,0.00,0.00,4.60,0.00,0.00,0.00,57.47
20:16:54,14,20.88,0.00,17.58,0.00,0.00,5.49,0.00,0.00,0.00,56.04
20:16:54,15,22.22,0.00,16.67,0.00,0.00,4.44,0.00,0.00,0.00,56.67
20:16:55,4,21.11,0.00,17.78,0.00,0.00,4.44,0.00,0.00,0.00,56.67
20:16:55,5,20.45,0.00,17.05,0.00,0.00,6.82,0.00,0.00,0.00,55.68
20:16:55,6,22.47,0.00,15.73,0.00,0.00,5.62,0.00,0.00,0.00,56.18
20:16:55,7,20.00,0.00,17.78,0.00,0.00,5.56,0.00,0.00,0.00,56.67
20:16:55,12,22.22,0.00,15.56,0.00,0.00,6.67,0.00,0.00,0.00,55.56
20:16:55,13,21.11,0.00,16.67,0.00,0.00,5.56,0.00,0.00,0.00,56.67
20:16:55,14,21.11,0.00,15.56,0.00,0.00,6.67,0.00,0.00,0.00,56.67
20:16:55,15,21.59,0.00,15.91,0.00,0.00,4.55,0.00,0.00,0.00,57.95
20:16:56,4,21.59,0.00,14.77,0.00,0.00,5.68,0.00,0.00,0.00,57.95
20:16:56,5,21.18,0.00,16.47,0.00,0.00,4.71,0.00,0.00,0.00,57.65
20:16:56,6,20.45,0.00,15.91,0.00,0.00,6.82,0.00,0.00,0.00,56.82
20:16:56,7,19.54,0.00,17.24,0.00,0.00,4.60,0.00,0.00,0.00,58.62
20:16:56,12,22.47,0.00,14.61,0.00,0.00,5.62,0.00,0.00,0.00,57.30
20:16:56,13,23.33,0.00,16.67,0.00,0.00,5.56,0.00,0.00,0.00,54.44
20:16:56,14,20.69,0.00,16.09,0.00,0.00,5.75,0.00,0.00,0.00,57.47
20:16:56,15,21.11,0.00,17.78,0.00,0.00,4.44,0.00,0.00,0.00,56.67
20:16:57,4,21.74,0.00,18.48,1.09,0.00,5.43,0.00,0.00,0.00,53.26
20:16:57,5,22.47,0.00,15.73,0.00,0.00,4.49,0.00,0.00,0.00,57.30
20:16:57,6,21.59,0.00,17.05,0.00,0.00,4.55,0.00,0.00,0.00,56.82
20:16:57,7,22.22,0.00,15.56,0.00,0.00,5.56,0.00,0.00,0.00,56.67
20:16:57,12,21.11,0.00,17.78,0.00,0.00,5.56,0.00,0.00,0.00,55.56
20:16:57,13,23.86,0.00,14.77,0.00,0.00,5.68,0.00,0.00,0.00,55.68
20:16:57,14,21.59,0.00,15.91,0.00,0.00,4.55,0.00,0.00,0.00,57.95
20:16:57,15,23.66,0.00,16.13,0.00,0.00,4.30,0.00,0.00,0.00,55.91
20:16:58,4,20.00,0.00,17.65,0.00,0.00,5.88,0.00,0.00,0.00,56.47
20:16:58,5,22.73,0.00,18.18,0.00,0.00,4.55,0.00,0.00,0.00,54.55
20:16:58,6,21.11,0.00,18.89,0.00,0.00,4.44,0.00,0.00,0.00,55.56
20:16:58,7,19.54,0.00,17.24,0.00,0.00,4.60,0.00,0.00,0.00,58.62
20:16:58,12,24.72,0.00,16.85,0.00,0.00,4.49,0.00,0.00,0.00,53.93
20:16:58,13,23.33,0.00,16.67,0.00,0.00,6.67,0.00,0.00,0.00,53.33
20:16:58,14,24.72,0.00,15.73,0.00,0.00,5.62,0.00,0.00,0.00,53.93
20:16:58,15,21.84,0.00,17.24,0.00,0.00,4.60,0.00,0.00,0.00,56.32
20:16:59,4,23.33,0.00,16.67,0.00,0.00,4.44,0.00,0.00,0.00,55.56
20:16:59,5,19.77,0.00,17.44,0.00,0.00,5.81,0.00,0.00,0.00,56.98
20:16:59,6,22.22,0.00,16.67,0.00,0.00,5.56,0.00,0.00,0.00,55.56
20:16:59,7,21.35,0.00,17.98,0.00,0.00,3.37,0.00,0.00,0.00,57.30
20:16:59,12,20.00,0.00,20.00,0.00,0.00,5.56,0.00,0.00,0.00,54.44
20:16:59,13,26.74,0.00,13.95,0.00,0.00,4.65,0.00,0.00,0.00,54.65
20:16:59,14,23.60,0.00,16.85,0.00,0.00,4.49,0.00,0.00,0.00,55.06
20:16:59,15,21.59,0.00,14.77,0.00,0.00,5.68,0.00,0.00,0.00,57.95
20:17:00,4,19.10,0.00,19.10,0.00,0.00,4.49,0.00,0.00,0.00,57.30
20:17:00,5,23.08,0.00,16.48,0.00,0.00,4.40,0.00,0.00,0.00,56.04
20:17:00,6,17.24,0.00,18.39,0.00,0.00,5.75,0.00,0.00,0.00,58.62
20:17:00,7,20.00,0.00,16.67,0.00,0.00,6.67,0.00,0.00,0.00,56.67
20:17:00,12,22.73,0.00,14.77,0.00,0.00,5.68,0.00,0.00,0.00,56.82
20:17:00,13,19.77,0.00,17.44,0.00,0.00,4.65,0.00,0.00,0.00,58.14
20:17:00,14,19.78,0.00,18.68,0.00,0.00,5.49,0.00,0.00,0.00,56.04
20:17:00,15,19.77,0.00,16.28,0.00,0.00,4.65,0.00,0.00,0.00,59.30
20:17:01,4,23.60,0.00,13.48,0.00,0.00,5.62,0.00,0.00,0.00,57.30
20:17:01,5,24.44,0.00,17.78,0.00,0.00,3.33,0.00,0.00,0.00,54.44
20:17:01,6,22.99,0.00,14.94,0.00,0.00,4.60,0.00,0.00,0.00,57.47
20:17:01,7,22.22,0.00,15.56,0.00,0.00,4.44,0.00,0.00,0.00,57.78
20:17:01,12,20.93,0.00,15.12,0.00,0.00,4.65,0.00,0.00,0.00,59.30
20:17:01,13,22.22,0.00,15.56,0.00,0.00,5.56,0.00,0.00,0.00,56.67
20:17:01,14,24.18,0.00,14.29,0.00,0.00,5.49,0.00,0.00,0.00,56.04
20:17:01,15,20.88,0.00,17.58,0.00,0.00,4.40,0.00,0.00,0.00,57.14
20:17:02,4,20.22,0.00,16.85,0.00,0.00,5.62,0.00,0.00,0.00,57.30
20:17:02,5,20.88,0.00,16.48,0.00,0.00,5.49,0.00,0.00,0.00,57.14
20:17:02,6,20.45,0.00,18.18,0.00,0.00,3.41,0.00,0.00,0.00,57.95
20:17:02,7,20.22,0.00,17.98,0.00,0.00,3.37,0.00,0.00,0.00,58.43
20:17:02,12,22.22,0.00,15.56,0.00,0.00,5.56,0.00,0.00,0.00,56.67
20:17:02,13,19.32,0.00,18.18,0.00,0.00,4.55,0.00,0.00,0.00,57.95
20:17:02,14,19.57,0.00,18.48,0.00,0.00,5.43,0.00,0.00,0.00,56.52
20:17:02,15,22.58,0.00,17.20,0.00,0.00,5.38,0.00,0.00,0.00,54.84
20:17:03,4,20.93,0.00,16.28,0.00,0.00,4.65,0.00,0.00,0.00,58.14
20:17:03,5,22.47,0.00,16.85,1.12,0.00,5.62,0.00,0.00,0.00,53.93
20:17:03,6,22.22,0.00,16.67,0.00,0.00,6.67,0.00,0.00,0.00,54.44
20:17:03,7,21.11,0.00,16.67,0.00,0.00,4.44,0.00,0.00,0.00,57.78
20:17:03,12,20.00,0.00,15.29,0.00,0.00,4.71,0.00,0.00,0.00,60.00
20:17:03,13,22.83,0.00,19.57,1.09,0.00,3.26,0.00,0.00,0.00,53.26
20:17:03,14,20.69,0.00,18.39,0.00,0.00,4.60,0.00,0.00,0.00,56.32
20:17:03,15,21.74,0.00,17.39,0.00,0.00,5.43,0.00,0.00,0.00,55.43
20:17:04,4,22.47,0.00,17.98,0.00,0.00,5.62,0.00,0.00,0.00,53.93
20:17:04,5,21.84,0.00,19.54,0.00,0.00,4.60,0.00,0.00,0.00,54.02
20:17:04,6,25.00,0.00,15.91,0.00,0.00,3.41,0.00,0.00,0.00,55.68
20:17:04,7,21.35,0.00,17.98,0.00,0.00,5.62,0.00,0.00,0.00,55.06
20:17:04,12,24.44,0.00,15.56,0.00,0.00,5.56,0.00,0.00,0.00,54.44
20:17:04,13,22.22,0.00,17.78,0.00,0.00,6.67,0.00,0.00,0.00,53.33
20:17:04,14,20.93,0.00,17.44,1.16,0.00,4.65,0.00,0.00,0.00,55.81
20:17:04,15,22.22,0.00,16.67,0.00,0.00,5.56,0.00,0.00,0.00,55.56
20:17:05,4,22.22,0.00,17.78,0.00,0.00,4.44,0.00,0.00,0.00,55.56
20:17:05,5,20.69,0.00,16.09,0.00,0.00,4.60,0.00,0.00,0.00,58.62
20:17:05,6,21.35,0.00,15.73,0.00,0.00,7.87,0.00,0.00,0.00,55.06
20:17:05,7,19.77,0.00,16.28,0.00,0.00,3.49,0.00,0.00,0.00,60.47
20:17:05,12,19.77,0.00,17.44,0.00,0.00,3.49,0.00,0.00,0.00,59.30
20:17:05,13,22.47,0.00,15.73,0.00,0.00,4.49,0.00,0.00,0.00,57.30
20:17:05,14,23.33,0.00,14.44,0.00,0.00,5.56,0.00,0.00,0.00,56.67
20:17:05,15,20.00,0.00,16.67,0.00,0.00,5.56,0.00,0.00,0.00,57.78
20:17:06,4,22.22,0.00,17.78,0.00,0.00,4.44,0.00,0.00,0.00,55.56
20:17:06,5,21.59,0.00,17.05,0.00,0.00,4.55,0.00,0.00,0.00,56.82
20:17:06,6,22.73,0.00,14.77,0.00,0.00,4.55,0.00,0.00,0.00,57.95
20:17:06,7,21.35,0.00,16.85,0.00,0.00,4.49,0.00,0.00,0.00,57.30
20:17:06,12,22.83,0.00,17.39,0.00,0.00,4.35,0.00,0.00,0.00,55.43
20:17:06,13,20.69,0.00,16.09,0.00,0.00,4.60,0.00,0.00,0.00,58.62
20:17:06,14,22.47,0.00,16.85,0.00,0.00,3.37,0.00,0.00,0.00,57.30
20:17:06,15,21.35,0.00,16.85,0.00,0.00,4.49,0.00,0.00,0.00,57.30
20:17:07,4,20.22,0.00,15.73,0.00,0.00,6.74,0.00,0.00,0.00,57.30
20:17:07,5,20.65,0.00,18.48,0.00,0.00,5.43,0.00,0.00,0.00,55.43
20:17:07,6,21.11,0.00,16.67,0.00,0.00,6.67,0.00,0.00,0.00,55.56
20:17:07,7,20.88,0.00,15.38,0.00,0.00,5.49,0.00,0.00,0.00,58.24
20:17:07,12,23.33,0.00,16.67,0.00,0.00,5.56,0.00,0.00,0.00,54.44
20:17:07,13,21.84,0.00,14.94,0.00,0.00,4.60,0.00,0.00,0.00,58.62
20:17:07,14,20.93,0.00,16.28,0.00,0.00,4.65,0.00,0.00,0.00,58.14
20:17:07,15,20.45,0.00,17.05,0.00,0.00,4.55,0.00,0.00,0.00,57.95
20:17:08,4,21.74,0.00,18.48,0.00,0.00,5.43,0.00,0.00,0.00,54.35
20:17:08,5,20.45,0.00,17.05,0.00,0.00,5.68,0.00,0.00,0.00,56.82
20:17:08,6,19.54,0.00,14.94,0.00,0.00,6.90,0.00,0.00,0.00,58.62
20:17:08,7,20.69,0.00,16.09,1.15,0.00,4.60,0.00,0.00,0.00,57.47
20:17:08,12,22.22,0.00,16.67,0.00,0.00,5.56,0.00,0.00,0.00,55.56
20:17:08,13,21.35,0.00,16.85,0.00,0.00,5.62,0.00,0.00,0.00,56.18
20:17:08,14,20.00,0.00,16.67,0.00,0.00,6.67,0.00,0.00,0.00,56.67
20:17:08,15,20.45,0.00,15.91,1.14,0.00,5.68,0.00,0.00,0.00,56.82
20:17:09,4,21.84,0.00,17.24,0.00,0.00,4.60,0.00,0.00,0.00,56.32
20:17:09,5,23.33,0.00,17.78,0.00,0.00,4.44,0.00,0.00,0.00,54.44
20:17:09,6,20.69,0.00,16.09,0.00,0.00,5.75,0.00,0.00,0.00,57.47
20:17:09,7,20.22,0.00,14.61,0.00,0.00,7.87,0.00,0.00,0.00,57.30
20:17:09,12,27.17,0.00,17.39,0.00,0.00,4.35,0.00,0.00,0.00,51.09
20:17:09,13,23.86,0.00,15.91,0.00,0.00,5.68,0.00,0.00,0.00,54.55
20:17:09,14,23.33,0.00,15.56,0.00,0.00,5.56,0.00,0.00,0.00,55.56
20:17:09,15,22.22,0.00,16.67,1.11,0.00,5.56,0.00,0.00,0.00,54.44
20:17:10,4,22.22,0.00,17.78,0.00,0.00,5.56,0.00,0.00,0.00,54.44
20:17:10,5,22.22,0.00,18.89,0.00,0.00,4.44,0.00,0.00,0.00,54.44
20:17:10,6,22.47,0.00,16.85,0.00,0.00,4.49,0.00,0.00,0.00,56.18
20:17:10,7,20.00,0.00,18.89,0.00,0.00,4.44,0.00,0.00,0.00,56.67
20:17:10,12,21.35,0.00,15.73,0.00,0.00,5.62,0.00,0.00,0.00,57.30
20:17:10,13,23.08,0.00,16.48,0.00,0.00,5.49,0.00,0.00,0.00,54.95
20:17:10,14,21.35,0.00,16.85,0.00,0.00,4.49,0.00,0.00,0.00,57.30
20:17:10,15,20.00,0.00,18.89,0.00,0.00,4.44,0.00,0.00,0.00,56.67
20:17:11,4,21.98,0.00,18.68,0.00,0.00,4.40,0.00,0.00,0.00,54.95
20:17:11,5,20.22,0.00,16.85,0.00,0.00,6.74,0.00,0.00,0.00,56.18
20:17:11,6,22.47,0.00,16.85,0.00,0.00,4.49,0.00,0.00,0.00,56.18
20:17:11,7,20.45,0.00,17.05,0.00,0.00,4.55,0.00,0.00,0.00,57.95
20:17:11,12,20.00,0.00,17.78,0.00,0.00,6.67,0.00,0.00,0.00,55.56
20:17:11,13,25.00,0.00,14.77,0.00,0.00,3.41,0.00,0.00,0.00,56.82
20:17:11,14,21.59,0.00,15.91,0.00,0.00,5.68,0.00,0.00,0.00,56.82
20:17:11,15,22.22,0.00,16.67,0.00,0.00,4.44,0.00,0.00,0.00,56.67
20:17:12,4,20.22,0.00,17.98,0.00,0.00,5.62,0.00,0.00,0.00,56.18
20:17:12,5,21.84,0.00,17.24,0.00,0.00,2.30,0.00,0.00,0.00,58.62
20:17:12,6,20.45,0.00,17.05,0.00,0.00,4.55,0.00,0.00,0.00,57.95
20:17:12,7,20.22,0.00,15.73,0.00,0.00,5.62,0.00,0.00,0.00,58.43
20:17:12,12,21.98,0.00,16.48,0.00,0.00,5.49,0.00,0.00,0.00,56.04
20:17:12,13,21.84,0.00,14.94,0.00,0.00,4.60,0.00,0.00,0.00,58.62
20:17:12,14,21.35,0.00,15.73,0.00,0.00,5.62,0.00,0.00,0.00,57.30
20:17:12,15,19.32,0.00,14.77,0.00,0.00,6.82,0.00,0.00,0.00,59.09
20:17:13,4,21.98,0.00,17.58,0.00,0.00,5.49,0.00,0.00,0.00,54.95
20:17:13,5,22.73,0.00,17.05,0.00,0.00,3.41,0.00,0.00,0.00,56.82
20:17:13,6,23.08,0.00,15.38,0.00,0.00,6.59,0.00,0.00,0.00,54.95
20:17:13,7,22.47,0.00,15.73,0.00,0.00,5.62,0.00,0.00,0.00,56.18
20:17:13,12,21.59,0.00,17.05,0.00,0.00,5.68,0.00,0.00,0.00,55.68
20:17:13,13,22.47,0.00,14.61,0.00,0.00,5.62,0.00,0.00,0.00,57.30
20:17:13,14,21.59,0.00,15.91,0.00,0.00,5.68,0.00,0.00,0.00,56.82
20:17:13,15,20.22,0.00,16.85,0.00,0.00,5.62,0.00,0.00,0.00,57.30
20:17:14,4,24.47,0.00,19.15,0.00,0.00,5.32,0.00,0.00,0.00,51.06
20:17:14,5,20.22,0.00,19.10,0.00,0.00,5.62,0.00,0.00,0.00,55.06
20:17:14,6,22.22,0.00,20.00,0.00,0.00,4.44,0.00,0.00,0.00,53.33
20:17:14,7,18.60,0.00,18.60,0.00,0.00,4.65,0.00,0.00,0.00,58.14
20:17:14,12,26.37,0.00,17.58,0.00,0.00,4.40,0.00,0.00,0.00,51.65
20:17:14,13,22.09,0.00,16.28,0.00,0.00,5.81,0.00,0.00,0.00,55.81
20:17:14,14,23.33,0.00,17.78,0.00,0.00,4.44,0.00,0.00,0.00,54.44
20:17:14,15,21.59,0.00,17.05,0.00,0.00,5.68,0.00,0.00,0.00,55.68
20:17:15,4,21.11,0.00,16.67,0.00,0.00,4.44,0.00,0.00,0.00,57.78
20:17:15,5,22.99,0.00,14.94,0.00,0.00,3.45,0.00,0.00,0.00,58.62
20:17:15,6,19.78,0.00,17.58,0.00,0.00,5.49,0.00,0.00,0.00,57.14
20:17:15,7,20.45,0.00,15.91,0.00,0.00,5.68,0.00,0.00,0.00,57.95
20:17:15,12,21.35,0.00,16.85,0.00,0.00,5.62,0.00,0.00,0.00,56.18
20:17:15,13,21.11,0.00,16.67,0.00,0.00,5.56,0.00,0.00,0.00,56.67
20:17:15,14,21.11,0.00,16.67,0.00,0.00,4.44,0.00,0.00,0.00,57.78
20:17:15,15,20.22,0.00,15.73,0.00,0.00,5.62,0.00,0.00,0.00,58.43
20:17:16,4,22.35,0.00,15.29,0.00,0.00,3.53,0.00,0.00,0.00,58.82
20:17:16,5,20.45,0.00,17.05,0.00,0.00,4.55,0.00,0.00,0.00,57.95
20:17:16,6,21.35,0.00,16.85,0.00,0.00,4.49,0.00,0.00,0.00,57.30
20:17:16,7,21.35,0.00,16.85,0.00,0.00,4.49,0.00,0.00,0.00,57.30
20:17:16,12,20.69,0.00,16.09,0.00,0.00,4.60,0.00,0.00,0.00,58.62
20:17:16,13,26.14,0.00,11.36,0.00,0.00,4.55,0.00,0.00,0.00,57.95
20:17:16,14,22.58,0.00,17.20,0.00,0.00,5.38,0.00,0.00,0.00,54.84
20:17:16,15,21.84,0.00,16.09,0.00,0.00,3.45,0.00,0.00,0.00,58.62
20:17:17,4,22.73,0.00,17.05,0.00,0.00,4.55,0.00,0.00,0.00,55.68
20:17:17,5,22.22,0.00,17.78,0.00,0.00,5.56,0.00,0.00,0.00,54.44
20:17:17,6,21.11,0.00,17.78,0.00,0.00,4.44,0.00,0.00,0.00,56.67
20:17:17,7,20.22,0.00,15.73,0.00,0.00,5.62,0.00,0.00,0.00,58.43
20:17:17,12,23.33,0.00,17.78,0.00,0.00,3.33,0.00,0.00,0.00,55.56
20:17:17,13,21.59,0.00,15.91,0.00,0.00,5.68,0.00,0.00,0.00,56.82
20:17:17,14,21.35,0.00,16.85,0.00,0.00,5.62,0.00,0.00,0.00,56.18
20:17:17,15,21.11,0.00,15.56,0.00,0.00,5.56,0.00,0.00,0.00,57.78
20:17:18,4,21.35,0.00,16.85,0.00,0.00,4.49,0.00,0.00,0.00,57.30
20:17:18,5,20.69,0.00,17.24,0.00,0.00,4.60,0.00,0.00,0.00,57.47
20:17:18,6,22.22,0.00,17.78,0.00,0.00,5.56,0.00,0.00,0.00,54.44
20:17:18,7,21.59,0.00,17.05,0.00,0.00,3.41,0.00,0.00,0.00,57.95
20:17:18,12,20.00,0.00,17.78,0.00,0.00,6.67,0.00,0.00,0.00,55.56
20:17:18,13,23.60,0.00,17.98,0.00,0.00,4.49,0.00,0.00,0.00,53.93
20:17:18,14,21.11,0.00,18.89,0.00,0.00,4.44,0.00,0.00,0.00,55.56
20:17:18,15,20.22,0.00,17.98,0.00,0.00,4.49,0.00,0.00,0.00,57.30
20:17:19,4,22.47,0.00,17.98,1.12,0.00,3.37,0.00,0.00,0.00,55.06
20:17:19,5,20.45,0.00,17.05,0.00,0.00,5.68,0.00,0.00,0.00,56.82
20:17:19,6,21.98,0.00,17.58,2.20,0.00,6.59,0.00,0.00,0.00,51.65
20:17:19,7,21.11,0.00,16.67,0.00,0.00,6.67,0.00,0.00,0.00,55.56
20:17:19,12,19.10,0.00,19.10,0.00,0.00,5.62,0.00,0.00,0.00,56.18
20:17:19,13,25.84,0.00,17.98,0.00,0.00,4.49,0.00,0.00,0.00,51.69
20:17:19,14,21.59,0.00,15.91,0.00,0.00,5.68,0.00,0.00,0.00,56.82
20:17:19,15,20.69,0.00,17.24,0.00,0.00,4.60,0.00,0.00,0.00,57.47
20:17:20,4,20.88,0.00,17.58,0.00,0.00,5.49,0.00,0.00,0.00,56.04
20:17:20,5,20.93,0.00,13.95,0.00,0.00,5.81,0.00,0.00,0.00,59.30
20:17:20,6,22.58,0.00,15.05,0.00,0.00,6.45,0.00,0.00,0.00,55.91
20:17:20,7,17.98,0.00,16.85,0.00,0.00,6.74,0.00,0.00,0.00,58.43
20:17:20,12,22.09,0.00,15.12,0.00,0.00,4.65,0.00,0.00,0.00,58.14
20:17:20,13,22.47,0.00,15.73,0.00,0.00,4.49,0.00,0.00,0.00,57.30
20:17:20,14,22.47,0.00,15.73,0.00,0.00,4.49,0.00,0.00,0.00,57.30
20:17:20,15,20.93,0.00,15.12,0.00,0.00,4.65,0.00,0.00,0.00,59.30
20:17:21,4,23.33,0.00,15.56,0.00,0.00,4.44,0.00,0.00,0.00,56.67
20:17:21,5,21.59,0.00,14.77,0.00,0.00,5.68,0.00,0.00,0.00,57.95
20:17:21,6,21.59,0.00,15.91,0.00,0.00,5.68,0.00,0.00,0.00,56.82
20:17:21,7,19.78,0.00,16.48,0.00,0.00,6.59,0.00,0.00,0.00,57.14
20:17:21,12,21.59,0.00,15.91,0.00,0.00,3.41,0.00,0.00,0.00,59.09
20:17:21,13,22.47,0.00,15.73,0.00,0.00,4.49,0.00,0.00,0.00,57.30
20:17:21,14,22.47,0.00,14.61,0.00,0.00,5.62,0.00,0.00,0.00,57.30
20:17:21,15,22.83,0.00,14.13,0.00,0.00,6.52,0.00,0.00,0.00,56.52
20:17:22,4,20.88,0.00,17.58,0.00,0.00,6.59,0.00,0.00,0.00,54.95
20:17:22,5,21.98,0.00,19.78,0.00,0.00,3.30,0.00,0.00,0.00,54.95
20:17:22,6,20.69,0.00,18.39,0.00,0.00,4.60,0.00,0.00,0.00,56.32
20:17:22,7,15.66,0.00,16.87,0.00,0.00,4.82,0.00,0.00,0.00,62.65
20:17:22,12,22.47,0.00,17.98,0.00,0.00,4.49,0.00,0.00,0.00,55.06
20:17:22,13,20.45,0.00,15.91,0.00,0.00,5.68,0.00,0.00,0.00,57.95
20:17:22,14,21.35,0.00,16.85,0.00,0.00,5.62,0.00,0.00,0.00,56.18
20:17:22,15,20.69,0.00,13.79,0.00,0.00,5.75,0.00,0.00,0.00,59.77
20:17:23,4,21.84,0.00,17.24,0.00,0.00,4.60,0.00,0.00,0.00,56.32
20:17:23,5,20.22,0.00,17.98,0.00,0.00,5.62,0.00,0.00,0.00,56.18
20:17:23,6,22.73,0.00,14.77,0.00,0.00,4.55,0.00,0.00,0.00,57.95
20:17:23,7,21.59,0.00,14.77,0.00,0.00,4.55,0.00,0.00,0.00,59.09
20:17:23,12,22.09,0.00,15.12,0.00,0.00,5.81,0.00,0.00,0.00,56.98
20:17:23,13,22.73,0.00,17.05,0.00,0.00,4.55,0.00,0.00,0.00,55.68
20:17:23,14,21.35,0.00,17.98,0.00,0.00,4.49,0.00,0.00,0.00,56.18
20:17:23,15,21.35,0.00,15.73,1.12,0.00,5.62,0.00,0.00,0.00,56.18
20:17:24,4,20.93,0.00,17.44,0.00,0.00,5.81,0.00,0.00,0.00,55.81
20:17:24,5,24.14,0.00,14.94,1.15,0.00,5.75,0.00,0.00,0.00,54.02
20:17:24,6,22.22,0.00,18.89,0.00,0.00,5.56,0.00,0.00,0.00,53.33
20:17:24,7,20.69,0.00,18.39,0.00,0.00,4.60,0.00,0.00,0.00,56.32
20:17:24,12,23.91,0.00,17.39,0.00,0.00,6.52,0.00,0.00,0.00,52.17
20:17:24,13,22.73,0.00,19.32,0.00,0.00,5.68,0.00,0.00,0.00,52.27
20:17:24,14,24.72,0.00,16.85,0.00,0.00,4.49,0.00,0.00,0.00,53.93
20:17:24,15,23.60,0.00,15.73,0.00,0.00,5.62,0.00,0.00,0.00,55.06
20:17:25,4,20.22,0.00,19.10,0.00,0.00,4.49,0.00,0.00,0.00,56.18
20:17:25,5,19.77,0.00,15.12,0.00,0.00,5.81,0.00,0.00,0.00,59.30
20:17:25,6,20.45,0.00,18.18,0.00,0.00,4.55,0.00,0.00,0.00,56.82
20:17:25,7,20.45,0.00,15.91,0.00,0.00,5.68,0.00,0.00,0.00,57.95
20:17:25,12,22.73,0.00,15.91,0.00,0.00,4.55,0.00,0.00,0.00,56.82
20:17:25,13,25.56,0.00,13.33,0.00,0.00,5.56,0.00,0.00,0.00,55.56
20:17:25,14,20.45,0.00,15.91,0.00,0.00,5.68,0.00,0.00,0.00,57.95
20:17:25,15,22.73,0.00,15.91,0.00,0.00,3.41,0.00,0.00,0.00,57.95
20:17:26,4,21.43,0.00,14.29,0.00,0.00,4.76,0.00,0.00,0.00,59.52
20:17:26,5,22.22,0.00,16.67,0.00,0.00,4.44,0.00,0.00,0.00,56.67
20:17:26,6,21.11,0.00,17.78,0.00,0.00,4.44,0.00,0.00,0.00,56.67
20:17:26,7,19.54,0.00,16.09,0.00,0.00,5.75,0.00,0.00,0.00,58.62
20:17:26,12,20.22,0.00,16.85,0.00,0.00,5.62,0.00,0.00,0.00,57.30
20:17:26,13,22.47,0.00,17.98,0.00,0.00,4.49,0.00,0.00,0.00,55.06
20:17:26,14,21.84,0.00,17.24,0.00,0.00,4.60,0.00,0.00,0.00,56.32
20:17:26,15,21.35,0.00,15.73,0.00,0.00,5.62,0.00,0.00,0.00,57.30
20:17:27,4,21.35,0.00,15.73,0.00,0.00,6.74,0.00,0.00,0.00,56.18
20:17:27,5,21.35,0.00,16.85,0.00,0.00,4.49,0.00,0.00,0.00,57.30
20:17:27,6,21.11,0.00,16.67,0.00,0.00,5.56,0.00,0.00,0.00,56.67
20:17:27,7,20.88,0.00,18.68,0.00,0.00,4.40,0.00,0.00,0.00,56.04
20:17:27,12,23.33,0.00,16.67,0.00,0.00,4.44,0.00,0.00,0.00,55.56
20:17:27,13,22.47,0.00,14.61,0.00,0.00,5.62,0.00,0.00,0.00,57.30
20:17:27,14,19.78,0.00,18.68,0.00,0.00,5.49,0.00,0.00,0.00,56.04
20:17:27,15,21.74,0.00,16.30,0.00,0.00,5.43,0.00,0.00,0.00,56.52
20:17:28,4,24.18,0.00,15.38,0.00,0.00,4.40,0.00,0.00,0.00,56.04
20:17:28,5,20.69,0.00,16.09,0.00,0.00,6.90,0.00,0.00,0.00,56.32
20:17:28,6,20.93,0.00,16.28,0.00,0.00,4.65,0.00,0.00,0.00,58.14
20:17:28,7,20.00,0.00,17.78,0.00,0.00,4.44,0.00,0.00,0.00,57.78
20:17:28,12,21.35,0.00,15.73,1.12,0.00,5.62,0.00,0.00,0.00,56.18
20:17:28,13,20.22,0.00,17.98,0.00,0.00,5.62,0.00,0.00,0.00,56.18
20:17:28,14,22.47,0.00,16.85,0.00,0.00,4.49,0.00,0.00,0.00,56.18
20:17:28,15,19.32,0.00,17.05,0.00,0.00,4.55,0.00,0.00,0.00,59.09
20:17:29,4,20.93,0.00,17.44,0.00,0.00,4.65,0.00,0.00,0.00,56.98
20:17:29,5,26.14,0.00,17.05,0.00,0.00,4.55,0.00,0.00,0.00,52.27
20:17:29,6,23.33,0.00,16.67,0.00,0.00,4.44,0.00,0.00,0.00,55.56
20:17:29,7,21.59,0.00,17.05,0.00,0.00,4.55,0.00,0.00,0.00,56.82
20:17:29,12,22.22,0.00,17.78,1.11,0.00,5.56,0.00,0.00,0.00,53.33
20:17:29,13,21.35,0.00,19.10,0.00,0.00,4.49,0.00,0.00,0.00,55.06
20:17:29,14,19.54,0.00,19.54,0.00,0.00,4.60,0.00,0.00,0.00,56.32
20:17:29,15,22.47,0.00,16.85,0.00,0.00,4.49,0.00,0.00,0.00,56.18
20:17:30,4,19.77,0.00,16.28,0.00,0.00,4.65,0.00,0.00,0.00,59.30
20:17:30,5,18.89,0.00,20.00,0.00,0.00,4.44,0.00,0.00,0.00,56.67
20:17:30,6,20.45,0.00,17.05,0.00,0.00,5.68,0.00,0.00,0.00,56.82
20:17:30,7,20.88,0.00,17.58,0.00,0.00,5.49,0.00,0.00,0.00,56.04
20:17:30,12,23.86,0.00,14.77,0.00,0.00,5.68,0.00,0.00,0.00,55.68
20:17:30,13,22.99,0.00,14.94,0.00,0.00,4.60,0.00,0.00,0.00,57.47
20:17:30,14,21.98,0.00,17.58,0.00,0.00,5.49,0.00,0.00,0.00,54.95
20:17:30,15,20.45,0.00,18.18,0.00,0.00,4.55,0.00,0.00,0.00,56.82
20:17:31,4,22.83,0.00,17.39,0.00,0.00,5.43,0.00,0.00,0.00,54.35
20:17:31,5,20.69,0.00,17.24,0.00,0.00,5.75,0.00,0.00,0.00,56.32
20:17:31,6,22.22,0.00,17.78,0.00,0.00,4.44,0.00,0.00,0.00,55.56
20:17:31,7,19.10,0.00,19.10,0.00,0.00,4.49,0.00,0.00,0.00,57.30
20:17:31,12,20.45,0.00,17.05,0.00,0.00,5.68,0.00,0.00,0.00,56.82
20:17:31,13,20.22,0.00,17.98,0.00,0.00,4.49,0.00,0.00,0.00,57.30
20:17:31,14,22.47,0.00,15.73,0.00,0.00,5.62,0.00,0.00,0.00,56.18
20:17:31,15,19.57,0.00,16.30,0.00,0.00,6.52,0.00,0.00,0.00,57.61
20:17:32,4,20.69,0.00,17.24,0.00,0.00,4.60,0.00,0.00,0.00,57.47
20:17:32,5,19.10,0.00,17.98,0.00,0.00,5.62,0.00,0.00,0.00,57.30
20:17:32,6,17.98,0.00,16.85,0.00,0.00,6.74,0.00,0.00,0.00,58.43
20:17:32,7,21.11,0.00,15.56,0.00,0.00,5.56,0.00,0.00,0.00,57.78
20:17:32,12,19.54,0.00,16.09,0.00,0.00,6.90,0.00,0.00,0.00,57.47
20:17:32,13,24.14,0.00,14.94,0.00,0.00,4.60,0.00,0.00,0.00,56.32
20:17:32,14,21.98,0.00,17.58,0.00,0.00,4.40,0.00,0.00,0.00,56.04
20:17:32,15,22.47,0.00,14.61,0.00,0.00,5.62,0.00,0.00,0.00,57.30
20:17:33,4,21.59,0.00,17.05,0.00,0.00,4.55,0.00,0.00,0.00,56.82
20:17:33,5,20.45,0.00,15.91,0.00,0.00,5.68,0.00,0.00,0.00,57.95
20:17:33,6,22.73,0.00,18.18,0.00,0.00,3.41,0.00,0.00,0.00,55.68
20:17:33,7,20.69,0.00,14.94,0.00,0.00,5.75,0.00,0.00,0.00,58.62
20:17:33,12,22.22,0.00,15.56,1.11,0.00,5.56,0.00,0.00,0.00,55.56
20:17:33,13,20.69,0.00,17.24,0.00,0.00,4.60,0.00,0.00,0.00,57.47
20:17:33,14,22.09,0.00,16.28,0.00,0.00,3.49,0.00,0.00,0.00,58.14
20:17:33,15,20.93,0.00,17.44,0.00,0.00,3.49,0.00,0.00,0.00,58.14
20:17:34,4,22.47,0.00,17.98,0.00,0.00,4.49,0.00,0.00,0.00,55.06
20:17:34,5,20.45,0.00,18.18,0.00,0.00,5.68,0.00,0.00,0.00,55.68
20:17:34,6,21.98,0.00,17.58,0.00,0.00,6.59,0.00,0.00,0.00,53.85
20:17:34,7,21.35,0.00,16.85,0.00,0.00,6.74,0.00,0.00,0.00,55.06
20:17:34,12,22.09,0.00,17.44,0.00,0.00,4.65,0.00,0.00,0.00,55.81
20:17:34,13,22.99,0.00,18.39,0.00,0.00,4.60,0.00,0.00,0.00,54.02
20:17:34,14,22.73,0.00,17.05,1.14,0.00,5.68,0.00,0.00,0.00,53.41
20:17:34,15,21.11,0.00,17.78,0.00,0.00,5.56,0.00,0.00,0.00,55.56
20:17:35,4,20.00,0.00,17.78,0.00,0.00,5.56,0.00,0.00,0.00,56.67
20:17:35,5,21.84,0.00,16.09,0.00,0.00,3.45,0.00,0.00,0.00,58.62
20:17:35,6,22.73,0.00,15.91,0.00,0.00,4.55,0.00,0.00,0.00,56.82
20:17:35,7,20.69,0.00,14.94,0.00,0.00,4.60,0.00,0.00,0.00,59.77
20:17:35,12,22.22,0.00,17.78,0.00,0.00,3.33,0.00,0.00,0.00,56.67
20:17:35,13,21.59,0.00,15.91,0.00,0.00,4.55,0.00,0.00,0.00,57.95
20:17:35,14,23.08,0.00,17.58,0.00,0.00,4.40,0.00,0.00,0.00,54.95
20:17:35,15,21.59,0.00,14.77,0.00,0.00,5.68,0.00,0.00,0.00,57.95
20:17:36,4,23.08,0.00,16.48,0.00,0.00,4.40,0.00,0.00,0.00,56.04
20:17:36,5,23.33,0.00,17.78,0.00,0.00,3.33,0.00,0.00,0.00,55.56
20:17:36,6,21.35,0.00,15.73,0.00,0.00,5.62,0.00,0.00,0.00,57.30
20:17:36,7,21.11,0.00,16.67,0.00,0.00,4.44,0.00,0.00,0.00,57.78
20:17:36,12,19.54,0.00,16.09,0.00,0.00,4.60,0.00,0.00,0.00,59.77
20:17:36,13,21.35,0.00,15.73,0.00,0.00,5.62,0.00,0.00,0.00,57.30
20:17:36,14,19.10,0.00,16.85,0.00,0.00,6.74,0.00,0.00,0.00,57.30
20:17:36,15,21.11,0.00,16.67,0.00,0.00,4.44,0.00,0.00,0.00,57.78
20:17:37,4,22.47,0.00,16.85,0.00,0.00,4.49,0.00,0.00,0.00,56.18
20:17:37,5,23.33,0.00,16.67,0.00,0.00,5.56,0.00,0.00,0.00,54.44
20:17:37,6,20.00,0.00,17.78,0.00,0.00,5.56,0.00,0.00,0.00,56.67
20:17:37,7,20.22,0.00,15.73,0.00,0.00,5.62,0.00,0.00,0.00,58.43
20:17:37,12,24.44,0.00,15.56,0.00,0.00,5.56,0.00,0.00,0.00,54.44
20:17:37,13,21.35,0.00,17.98,0.00,0.00,3.37,0.00,0.00,0.00,57.30
20:17:37,14,19.77,0.00,15.12,0.00,0.00,5.81,0.00,0.00,0.00,59.30
20:17:37,15,20.88,0.00,15.38,0.00,0.00,6.59,0.00,0.00,0.00,57.14
20:17:38,4,18.39,0.00,17.24,0.00,0.00,4.60,0.00,0.00,0.00,59.77
20:17:38,5,18.18,0.00,13.64,0.00,0.00,7.95,0.00,0.00,0.00,60.23
20:17:38,6,20.88,0.00,14.29,0.00,0.00,5.49,0.00,0.00,0.00,59.34
20:17:38,7,19.32,0.00,14.77,0.00,0.00,4.55,0.00,0.00,0.00,61.36
20:17:38,12,19.15,0.00,17.02,1.06,0.00,5.32,0.00,0.00,0.00,57.45
20:17:38,13,19.32,0.00,13.64,0.00,0.00,5.68,0.00,0.00,0.00,61.36
20:17:38,14,20.69,0.00,13.79,0.00,0.00,4.60,0.00,0.00,0.00,60.92
20:17:38,15,18.89,0.00,16.67,0.00,0.00,3.33,0.00,0.00,0.00,61.11
20:17:39,4,21.98,0.00,16.48,0.00,0.00,5.49,0.00,0.00,0.00,56.04
20:17:39,5,20.45,0.00,19.32,1.14,0.00,3.41,0.00,0.00,0.00,55.68
20:17:39,6,23.60,0.00,13.48,0.00,0.00,5.62,0.00,0.00,0.00,57.30
20:17:39,7,22.22,0.00,14.44,0.00,0.00,5.56,0.00,0.00,0.00,57.78
20:17:39,12,20.45,0.00,17.05,0.00,0.00,4.55,0.00,0.00,0.00,57.95
20:17:39,13,21.59,0.00,14.77,0.00,0.00,4.55,0.00,0.00,0.00,59.09
20:17:39,14,19.54,0.00,17.24,0.00,0.00,4.60,0.00,0.00,0.00,58.62
20:17:39,15,21.11,0.00,17.78,0.00,0.00,4.44,0.00,0.00,0.00,56.67
20:17:40,4,21.98,0.00,18.68,0.00,0.00,4.40,0.00,0.00,0.00,54.95
20:17:40,5,21.84,0.00,17.24,0.00,0.00,5.75,0.00,0.00,0.00,55.17
20:17:40,6,22.22,0.00,16.67,0.00,0.00,4.44,0.00,0.00,0.00,56.67
20:17:40,7,19.54,0.00,16.09,0.00,0.00,4.60,0.00,0.00,0.00,59.77
20:17:40,12,20.69,0.00,16.09,0.00,0.00,6.90,0.00,0.00,0.00,56.32
20:17:40,13,20.45,0.00,18.18,0.00,0.00,5.68,0.00,0.00,0.00,55.68
20:17:40,14,21.98,0.00,16.48,0.00,0.00,6.59,0.00,0.00,0.00,54.95
20:17:40,15,21.59,0.00,14.77,0.00,0.00,4.55,0.00,0.00,0.00,59.09
20:17:41,4,20.45,0.00,15.91,0.00,0.00,5.68,0.00,0.00,0.00,57.95
20:17:41,5,20.22,0.00,17.98,0.00,0.00,5.62,0.00,0.00,0.00,56.18
20:17:41,6,21.11,0.00,17.78,0.00,0.00,5.56,0.00,0.00,0.00,55.56
20:17:41,7,20.00,0.00,16.67,0.00,0.00,5.56,0.00,0.00,0.00,57.78
20:17:41,12,20.22,0.00,17.98,0.00,0.00,4.49,0.00,0.00,0.00,57.30
20:17:41,13,21.84,0.00,14.94,0.00,0.00,5.75,0.00,0.00,0.00,57.47
20:17:41,14,21.84,0.00,16.09,0.00,0.00,3.45,0.00,0.00,0.00,58.62
20:17:41,15,18.39,0.00,17.24,0.00,0.00,4.60,0.00,0.00,0.00,59.77
20:17:42,4,22.47,0.00,15.73,0.00,0.00,5.62,0.00,0.00,0.00,56.18
20:17:42,5,21.98,0.00,16.48,0.00,0.00,5.49,0.00,0.00,0.00,56.04
20:17:42,6,20.45,0.00,15.91,0.00,0.00,5.68,0.00,0.00,0.00,57.95
20:17:42,7,20.22,0.00,16.85,0.00,0.00,4.49,0.00,0.00,0.00,58.43
20:17:42,12,20.45,0.00,17.05,0.00,0.00,5.68,0.00,0.00,0.00,56.82
20:17:42,13,21.98,0.00,16.48,0.00,0.00,5.49,0.00,0.00,0.00,56.04
20:17:42,14,23.33,0.00,16.67,0.00,0.00,5.56,0.00,0.00,0.00,54.44
20:17:42,15,20.22,0.00,16.85,0.00,0.00,5.62,0.00,0.00,0.00,57.30
20:17:43,4,20.22,0.00,17.98,0.00,0.00,4.49,0.00,0.00,0.00,57.30
20:17:43,5,19.77,0.00,17.44,0.00,0.00,4.65,0.00,0.00,0.00,58.14
20:17:43,6,20.88,0.00,19.78,0.00,0.00,5.49,0.00,0.00,0.00,53.85
20:17:43,7,20.43,0.00,17.20,1.08,0.00,5.38,0.00,0.00,0.00,55.91
20:17:43,12,21.98,0.00,17.58,1.10,0.00,5.49,0.00,0.00,0.00,53.85
20:17:43,13,22.99,0.00,16.09,0.00,0.00,4.60,0.00,0.00,0.00,56.32
20:17:43,14,22.22,0.00,16.67,0.00,0.00,5.56,0.00,0.00,0.00,55.56
20:17:43,15,18.60,0.00,17.44,0.00,0.00,4.65,0.00,0.00,0.00,59.30
20:17:44,4,21.11,0.00,14.44,0.00,0.00,6.67,0.00,0.00,0.00,57.78
20:17:44,5,20.69,0.00,13.79,0.00,0.00,5.75,0.00,0.00,0.00,59.77
20:17:44,6,19.78,0.00,18.68,0.00,0.00,5.49,0.00,0.00,0.00,56.04
20:17:44,7,19.78,0.00,17.58,0.00,0.00,5.49,0.00,0.00,0.00,57.14
20:17:44,12,21.11,0.00,15.56,0.00,0.00,5.56,0.00,0.00,0.00,57.78
20:17:44,13,22.73,0.00,13.64,0.00,0.00,5.68,0.00,0.00,0.00,57.95
20:17:44,14,22.58,0.00,17.20,0.00,0.00,4.30,0.00,0.00,0.00,55.91
20:17:44,15,21.11,0.00,16.67,0.00,0.00,4.44,0.00,0.00,0.00,57.78
20:17:45,4,25.00,0.00,19.32,1.14,0.00,3.41,0.00,0.00,0.00,51.14
20:17:45,5,23.08,0.00,18.68,0.00,0.00,4.40,0.00,0.00,0.00,53.85
20:17:45,6,20.88,0.00,18.68,0.00,0.00,6.59,0.00,0.00,0.00,53.85
20:17:45,7,20.00,0.00,16.47,0.00,0.00,4.71,0.00,0.00,0.00,58.82
20:17:45,12,22.73,0.00,19.32,0.00,0.00,3.41,0.00,0.00,0.00,54.55
20:17:45,13,22.22,0.00,17.78,0.00,0.00,5.56,0.00,0.00,0.00,54.44
20:17:45,14,21.59,0.00,17.05,0.00,0.00,5.68,0.00,0.00,0.00,55.68
20:17:45,15,22.73,0.00,15.91,0.00,0.00,4.55,0.00,0.00,0.00,56.82
20:17:46,4,20.21,0.00,20.21,0.00,0.00,4.26,0.00,0.00,0.00,55.32
20:17:46,5,22.73,0.00,15.91,0.00,0.00,4.55,0.00,0.00,0.00,56.82
20:17:46,6,21.59,0.00,17.05,0.00,0.00,4.55,0.00,0.00,0.00,56.82
20:17:46,7,20.00,0.00,17.78,0.00,0.00,4.44,0.00,0.00,0.00,57.78
20:17:46,12,21.74,0.00,16.30,0.00,0.00,5.43,0.00,0.00,0.00,56.52
20:17:46,13,22.99,0.00,14.94,0.00,0.00,4.60,0.00,0.00,0.00,57.47
20:17:46,14,21.28,0.00,18.09,0.00,0.00,6.38,0.00,0.00,0.00,54.26
20:17:46,15,20.69,0.00,13.79,0.00,0.00,5.75,0.00,0.00,0.00,59.77
20:17:47,4,22.92,0.00,17.71,0.00,0.00,6.25,0.00,0.00,0.00,53.12
20:17:47,5,20.69,0.00,16.09,0.00,0.00,5.75,0.00,0.00,0.00,57.47
20:17:47,6,21.35,0.00,16.85,0.00,0.00,4.49,0.00,0.00,0.00,57.30
20:17:47,7,20.45,0.00,17.05,0.00,0.00,4.55,0.00,0.00,0.00,57.95
20:17:47,12,20.22,0.00,16.85,0.00,0.00,6.74,0.00,0.00,0.00,56.18
20:17:47,13,22.22,0.00,16.67,0.00,0.00,5.56,0.00,0.00,0.00,55.56
20:17:47,14,21.59,0.00,14.77,0.00,0.00,6.82,0.00,0.00,0.00,56.82
20:17:47,15,22.73,0.00,14.77,0.00,0.00,4.55,0.00,0.00,0.00,57.95
20:17:48,4,20.45,0.00,17.05,0.00,0.00,5.68,0.00,0.00,0.00,56.82
20:17:48,5,21.35,0.00,16.85,0.00,0.00,4.49,0.00,0.00,0.00,57.30
20:17:48,6,21.59,0.00,15.91,0.00,0.00,4.55,0.00,0.00,0.00,57.95
20:17:48,7,21.98,0.00,17.58,0.00,0.00,4.40,0.00,0.00,0.00,56.04
20:17:48,12,21.35,0.00,17.98,0.00,0.00,3.37,0.00,0.00,0.00,57.30
20:17:48,13,22.73,0.00,14.77,0.00,0.00,4.55,0.00,0.00,0.00,57.95
20:17:48,14,24.18,0.00,16.48,0.00,0.00,3.30,0.00,0.00,0.00,56.04
20:17:48,15,18.39,0.00,18.39,0.00,0.00,4.60,0.00,0.00,0.00,58.62
20:17:49,4,22.47,0.00,17.98,0.00,0.00,4.49,0.00,0.00,0.00,55.06
20:17:49,5,22.47,0.00,16.85,0.00,0.00,4.49,0.00,0.00,0.00,56.18
20:17:49,6,19.77,0.00,16.28,0.00,0.00,5.81,0.00,0.00,0.00,58.14
20:17:49,7,19.32,0.00,14.77,0.00,0.00,6.82,0.00,0.00,0.00,59.09
20:17:49,12,23.33,0.00,15.56,0.00,0.00,5.56,0.00,0.00,0.00,55.56
20:17:49,13,22.99,0.00,14.94,0.00,0.00,4.60,0.00,0.00,0.00,57.47
20:17:49,14,20.88,0.00,16.48,0.00,0.00,6.59,0.00,0.00,0.00,56.04
20:17:49,15,21.84,0.00,14.94,0.00,0.00,3.45,0.00,0.00,0.00,59.77
20:17:50,4,22.73,0.00,17.05,0.00,0.00,5.68,0.00,0.00,0.00,54.55
20:17:50,5,24.14,0.00,19.54,0.00,0.00,5.75,0.00,0.00,0.00,50.57
20:17:50,6,22.73,0.00,17.05,0.00,0.00,4.55,0.00,0.00,0.00,55.68
20:17:50,7,19.54,0.00,18.39,0.00,0.00,4.60,0.00,0.00,0.00,57.47
20:17:50,12,23.60,0.00,19.10,0.00,0.00,4.49,0.00,0.00,0.00,52.81
20:17:50,13,22.73,0.00,18.18,0.00,0.00,5.68,0.00,0.00,0.00,53.41
20:17:50,14,22.47,0.00,17.98,0.00,0.00,5.62,0.00,0.00,0.00,53.93
20:17:50,15,21.98,0.00,17.58,0.00,0.00,5.49,0.00,0.00,0.00,54.95
20:17:51,4,22.83,0.00,16.30,0.00,0.00,5.43,0.00,0.00,0.00,55.43
20:17:51,5,22.99,0.00,14.94,0.00,0.00,4.60,0.00,0.00,0.00,57.47
20:17:51,6,19.10,0.00,17.98,0.00,0.00,6.74,0.00,0.00,0.00,56.18
20:17:51,7,19.54,0.00,14.94,0.00,0.00,5.75,0.00,0.00,0.00,59.77
20:17:51,12,21.35,0.00,16.85,0.00,0.00,5.62,0.00,0.00,0.00,56.18
20:17:51,13,21.84,0.00,16.09,0.00,0.00,4.60,0.00,0.00,0.00,57.47
20:17:51,14,19.77,0.00,17.44,0.00,0.00,4.65,0.00,0.00,0.00,58.14
20:17:51,15,20.45,0.00,15.91,0.00,0.00,5.68,0.00,0.00,0.00,57.95
20:17:52,4,19.54,0.00,18.39,0.00,0.00,5.75,0.00,0.00,0.00,56.32
20:17:52,5,21.35,0.00,16.85,0.00,0.00,5.62,0.00,0.00,0.00,56.18
20:17:52,6,22.22,0.00,17.78,0.00,0.00,4.44,0.00,0.00,0.00,55.56
20:17:52,7,20.24,0.00,15.48,0.00,0.00,3.57,0.00,0.00,0.00,60.71
20:17:52,12,21.11,0.00,17.78,0.00,0.00,5.56,0.00,0.00,0.00,55.56
20:17:52,13,23.26,0.00,13.95,0.00,0.00,5.81,0.00,0.00,0.00,56.98
20:17:52,14,21.35,0.00,17.98,0.00,0.00,4.49,0.00,0.00,0.00,56.18
20:17:52,15,20.45,0.00,14.77,0.00,0.00,5.68,0.00,0.00,0.00,59.09
20:17:53,4,20.45,0.00,19.32,0.00,0.00,4.55,0.00,0.00,0.00,55.68
20:17:53,5,21.59,0.00,15.91,0.00,0.00,5.68,0.00,0.00,0.00,56.82
20:17:53,6,22.73,0.00,15.91,0.00,0.00,4.55,0.00,0.00,0.00,56.82
20:17:53,7,22.47,0.00,15.73,0.00,0.00,4.49,0.00,0.00,0.00,57.30
20:17:53,12,20.88,0.00,17.58,0.00,0.00,5.49,0.00,0.00,0.00,56.04
20:17:53,13,21.59,0.00,15.91,0.00,0.00,5.68,0.00,0.00,0.00,56.82
20:17:53,14,21.84,0.00,14.94,0.00,0.00,4.60,0.00,0.00,0.00,58.62
20:17:53,15,23.33,0.00,15.56,0.00,0.00,4.44,0.00,0.00,0.00,56.67
20:17:54,4,21.59,0.00,17.05,0.00,0.00,4.55,0.00,0.00,0.00,56.82
20:17:54,5,21.43,0.00,15.48,0.00,0.00,4.76,0.00,0.00,0.00,58.33
20:17:54,6,20.22,0.00,15.73,0.00,0.00,6.74,0.00,0.00,0.00,57.30
20:17:54,7,21.59,0.00,17.05,0.00,0.00,4.55,0.00,0.00,0.00,56.82
20:17:54,12,20.69,0.00,16.09,0.00,0.00,4.60,0.00,0.00,0.00,58.62
20:17:54,13,24.18,0.00,16.48,0.00,0.00,4.40,0.00,0.00,0.00,54.95
20:17:54,14,22.22,0.00,16.67,0.00,0.00,4.44,0.00,0.00,0.00,56.67
20:17:54,15,20.88,0.00,16.48,0.00,0.00,5.49,0.00,0.00,0.00,57.14
20:17:55,4,20.69,0.00,17.24,0.00,0.00,5.75,0.00,0.00,0.00,56.32
20:17:55,5,25.00,0.00,18.48,0.00,0.00,6.52,0.00,0.00,0.00,50.00
20:17:55,6,21.84,0.00,17.24,0.00,0.00,4.60,0.00,0.00,0.00,56.32
20:17:55,7,21.98,0.00,16.48,0.00,0.00,5.49,0.00,0.00,0.00,56.04
20:17:55,12,21.35,0.00,17.98,0.00,0.00,4.49,0.00,0.00,0.00,56.18
20:17:55,13,26.14,0.00,18.18,0.00,0.00,3.41,0.00,0.00,0.00,52.27
20:17:55,14,22.47,0.00,16.85,0.00,0.00,6.74,0.00,0.00,0.00,53.93
20:17:55,15,22.58,0.00,17.20,0.00,0.00,7.53,0.00,0.00,0.00,52.69
20:17:56,4,21.59,0.00,17.05,0.00,0.00,3.41,0.00,0.00,0.00,57.95
20:17:56,5,22.09,0.00,13.95,0.00,0.00,5.81,0.00,0.00,0.00,58.14
20:17:56,6,21.11,0.00,16.67,0.00,0.00,5.56,0.00,0.00,0.00,56.67
20:17:56,7,17.98,0.00,17.98,0.00,0.00,4.49,0.00,0.00,0.00,59.55
20:17:56,12,21.98,0.00,16.48,0.00,0.00,6.59,0.00,0.00,0.00,54.95
20:17:56,13,19.54,0.00,19.54,0.00,0.00,3.45,0.00,0.00,0.00,57.47
20:17:56,14,22.47,0.00,15.73,0.00,0.00,4.49,0.00,0.00,0.00,57.30
20:17:56,15,21.11,0.00,16.67,0.00,0.00,4.44,0.00,0.00,0.00,57.78
20:17:57,4,18.68,0.00,19.78,0.00,0.00,5.49,0.00,0.00,0.00,56.04
20:17:57,5,23.26,0.00,15.12,0.00,0.00,3.49,0.00,0.00,0.00,58.14
20:17:57,6,22.22,0.00,17.78,0.00,0.00,4.44,0.00,0.00,0.00,55.56
20:17:57,7,20.22,0.00,16.85,0.00,0.00,4.49,0.00,0.00,0.00,58.43
20:17:57,12,18.82,0.00,16.47,0.00,0.00,5.88,0.00,0.00,0.00,58.82
20:17:57,13,22.22,0.00,15.56,1.11,0.00,5.56,0.00,0.00,0.00,55.56
20:17:57,14,22.47,0.00,16.85,0.00,0.00,4.49,0.00,0.00,0.00,56.18
20:17:57,15,22.22,0.00,15.56,1.11,0.00,5.56,0.00,0.00,0.00,55.56
20:17:58,4,24.14,0.00,14.94,0.00,0.00,4.60,0.00,0.00,0.00,56.32
20:17:58,5,23.08,0.00,16.48,0.00,0.00,5.49,0.00,0.00,0.00,54.95
20:17:58,6,21.84,0.00,16.09,0.00,0.00,3.45,0.00,0.00,0.00,58.62
20:17:58,7,21.98,0.00,16.48,0.00,0.00,5.49,0.00,0.00,0.00,56.04
20:17:58,12,22.73,0.00,17.05,0.00,0.00,4.55,0.00,0.00,0.00,55.68
20:17:58,13,20.00,0.00,18.89,0.00,0.00,5.56,0.00,0.00,0.00,55.56
20:17:58,14,18.89,0.00,17.78,0.00,0.00,6.67,0.00,0.00,0.00,56.67
20:17:58,15,21.35,0.00,15.73,0.00,0.00,5.62,0.00,0.00,0.00,57.30
20:17:59,4,19.32,0.00,17.05,0.00,0.00,5.68,0.00,0.00,0.00,57.95
20:17:59,5,21.35,0.00,15.73,0.00,0.00,6.74,0.00,0.00,0.00,56.18
20:17:59,6,20.88,0.00,16.48,0.00,0.00,6.59,0.00,0.00,0.00,56.04
20:17:59,7,20.00,0.00,15.29,0.00,0.00,4.71,0.00,0.00,0.00,60.00
20:17:59,12,21.98,0.00,17.58,0.00,0.00,5.49,0.00,0.00,0.00,54.95
20:17:59,13,22.35,0.00,15.29,0.00,0.00,2.35,0.00,0.00,0.00,60.00
20:17:59,14,21.59,0.00,17.05,0.00,0.00,3.41,0.00,0.00,0.00,57.95
20:17:59,15,20.22,0.00,17.98,0.00,0.00,4.49,0.00,0.00,0.00,57.30
20:18:00,4,24.44,0.00,16.67,2.22,0.00,5.56,0.00,0.00,0.00,51.11
20:18:00,5,22.47,0.00,17.98,0.00,0.00,4.49,0.00,0.00,0.00,55.06
20:18:00,6,20.45,0.00,17.05,0.00,0.00,6.82,0.00,0.00,0.00,55.68
20:18:00,7,22.73,0.00,17.05,0.00,0.00,3.41,0.00,0.00,0.00,56.82
20:18:00,12,24.14,0.00,17.24,0.00,0.00,4.60,0.00,0.00,0.00,54.02
20:18:00,13,25.56,0.00,15.56,0.00,0.00,4.44,0.00,0.00,0.00,54.44
20:18:00,14,22.35,0.00,15.29,0.00,0.00,5.88,0.00,0.00,0.00,56.47
20:18:00,15,21.98,0.00,17.58,0.00,0.00,5.49,0.00,0.00,0.00,54.95
20:18:01,4,20.93,0.00,15.12,0.00,0.00,5.81,0.00,0.00,0.00,58.14
20:18:01,5,21.11,0.00,18.89,0.00,0.00,4.44,0.00,0.00,0.00,55.56
20:18:01,6,22.99,0.00,14.94,0.00,0.00,4.60,0.00,0.00,0.00,57.47
20:18:01,7,20.65,0.00,17.39,0.00,0.00,6.52,0.00,0.00,0.00,55.43
20:18:01,12,22.83,0.00,16.30,0.00,0.00,5.43,0.00,0.00,0.00,55.43
20:18:01,13,21.59,0.00,17.05,0.00,0.00,4.55,0.00,0.00,0.00,56.82
20:18:01,14,21.18,0.00,15.29,0.00,0.00,4.71,0.00,0.00,0.00,58.82
20:18:01,15,23.40,0.00,17.02,0.00,0.00,5.32,0.00,0.00,0.00,54.26
20:18:02,4,22.22,0.00,16.67,0.00,0.00,3.33,0.00,0.00,0.00,57.78
20:18:02,5,18.39,0.00,16.09,0.00,0.00,6.90,0.00,0.00,0.00,58.62
20:18:02,6,20.00,0.00,15.29,0.00,0.00,4.71,0.00,0.00,0.00,60.00
20:18:02,7,20.00,0.00,16.67,0.00,0.00,4.44,0.00,0.00,0.00,58.89
20:18:02,12,22.99,0.00,14.94,0.00,0.00,4.60,0.00,0.00,0.00,57.47
20:18:02,13,19.32,0.00,19.32,0.00,0.00,3.41,0.00,0.00,0.00,57.95
20:18:02,14,21.11,0.00,17.78,0.00,0.00,5.56,0.00,0.00,0.00,55.56
20:18:02,15,20.00,0.00,16.67,0.00,0.00,5.56,0.00,0.00,0.00,57.78
20:18:03,4,21.74,0.00,17.39,0.00,0.00,6.52,0.00,0.00,0.00,54.35
20:18:03,5,21.98,0.00,16.48,0.00,0.00,5.49,0.00,0.00,0.00,56.04
20:18:03,6,23.86,0.00,15.91,0.00,0.00,3.41,0.00,0.00,0.00,56.82
20:18:03,7,21.74,0.00,17.39,0.00,0.00,5.43,0.00,0.00,0.00,55.43
20:18:03,12,20.88,0.00,16.48,0.00,0.00,6.59,0.00,0.00,0.00,56.04
20:18:03,13,22.47,0.00,15.73,0.00,0.00,5.62,0.00,0.00,0.00,56.18
20:18:03,14,23.33,0.00,14.44,0.00,0.00,5.56,0.00,0.00,0.00,56.67
20:18:03,15,20.45,0.00,17.05,0.00,0.00,5.68,0.00,0.00,0.00,56.82
20:18:04,4,21.18,0.00,15.29,0.00,0.00,3.53,0.00,0.00,0.00,60.00
20:18:04,5,19.78,0.00,18.68,0.00,0.00,6.59,0.00,0.00,0.00,54.95
20:18:04,6,21.59,0.00,15.91,0.00,0.00,4.55,0.00,0.00,0.00,57.95
20:18:04,7,19.32,0.00,17.05,0.00,0.00,4.55,0.00,0.00,0.00,59.09
20:18:04,12,20.22,0.00,19.10,0.00,0.00,3.37,0.00,0.00,0.00,57.30
20:18:04,13,20.88,0.00,16.48,0.00,0.00,6.59,0.00,0.00,0.00,56.04
20:18:04,14,20.69,0.00,17.24,0.00,0.00,4.60,0.00,0.00,0.00,57.47
20:18:04,15,20.88,0.00,15.38,0.00,0.00,7.69,0.00,0.00,0.00,56.04
20:18:05,4,21.98,0.00,19.78,0.00,0.00,4.40,0.00,0.00,0.00,53.85
20:18:05,5,23.33,0.00,18.89,0.00,0.00,4.44,0.00,0.00,0.00,53.33
20:18:05,6,22.22,0.00,17.78,0.00,0.00,5.56,0.00,0.00,0.00,54.44
20:18:05,7,21.11,0.00,18.89,0.00,0.00,6.67,0.00,0.00,0.00,53.33
20:18:05,12,21.59,0.00,18.18,0.00,0.00,4.55,0.00,0.00,0.00,55.68
20:18:05,13,23.26,0.00,16.28,0.00,0.00,5.81,0.00,0.00,0.00,54.65
20:18:05,14,24.42,0.00,17.44,0.00,0.00,3.49,0.00,0.00,0.00,54.65
20:18:05,15,22.47,0.00,16.85,0.00,0.00,5.62,0.00,0.00,0.00,55.06
20:18:06,4,22.47,0.00,15.73,0.00,0.00,4.49,0.00,0.00,0.00,57.30
20:18:06,5,21.59,0.00,14.77,0.00,0.00,5.68,0.00,0.00,0.00,57.95
20:18:06,6,20.22,0.00,17.98,0.00,0.00,5.62,0.00,0.00,0.00,56.18
20:18:06,7,20.88,0.00,16.48,0.00,0.00,4.40,0.00,0.00,0.00,58.24
20:18:06,12,21.35,0.00,15.73,0.00,0.00,5.62,0.00,0.00,0.00,57.30
20:18:06,13,22.47,0.00,14.61,0.00,0.00,5.62,0.00,0.00,0.00,57.30
20:18:06,14,21.11,0.00,16.67,0.00,0.00,5.56,0.00,0.00,0.00,56.67
20:18:06,15,19.05,0.00,15.48,0.00,0.00,4.76,0.00,0.00,0.00,60.71
20:18:07,4,21.74,0.00,17.39,0.00,0.00,4.35,0.00,0.00,0.00,56.52
20:18:07,5,22.22,0.00,16.67,0.00,0.00,5.56,0.00,0.00,0.00,55.56
20:18:07,6,21.18,0.00,14.12,0.00,0.00,4.71,0.00,0.00,0.00,60.00
20:18:07,7,20.93,0.00,16.28,0.00,0.00,3.49,0.00,0.00,0.00,59.30
20:18:07,12,20.69,0.00,17.24,0.00,0.00,4.60,0.00,0.00,0.00,57.47
20:18:07,13,23.33,0.00,16.67,0.00,0.00,4.44,0.00,0.00,0.00,55.56
20:18:07,14,22.73,0.00,15.91,0.00,0.00,4.55,0.00,0.00,0.00,56.82
20:18:07,15,18.39,0.00,17.24,0.00,0.00,4.60,0.00,0.00,0.00,59.77
20:18:08,4,21.35,0.00,14.61,0.00,0.00,6.74,0.00,0.00,0.00,57.30
20:18:08,5,20.45,0.00,15.91,0.00,0.00,5.68,0.00,0.00,0.00,57.95
20:18:08,6,20.88,0.00,18.68,0.00,0.00,4.40,0.00,0.00,0.00,56.04
20:18:08,7,20.00,0.00,15.56,0.00,0.00,5.56,0.00,0.00,0.00,58.89
20:18:08,12,22.09,0.00,13.95,0.00,0.00,4.65,0.00,0.00,0.00,59.30
20:18:08,13,21.18,0.00,16.47,0.00,0.00,4.71,0.00,0.00,0.00,57.65
20:18:08,14,22.47,0.00,15.73,0.00,0.00,4.49,0.00,0.00,0.00,57.30
20:18:08,15,19.32,0.00,14.77,0.00,0.00,5.68,0.00,0.00,0.00,60.23
20:18:09,4,23.08,0.00,17.58,0.00,0.00,4.40,0.00,0.00,0.00,54.95
20:18:09,5,21.98,0.00,16.48,0.00,0.00,4.40,0.00,0.00,0.00,57.14
20:18:09,6,21.59,0.00,14.77,0.00,0.00,4.55,0.00,0.00,0.00,59.09
20:18:09,7,19.77,0.00,15.12,0.00,0.00,4.65,0.00,0.00,0.00,60.47
20:18:09,12,22.47,0.00,15.73,0.00,0.00,5.62,0.00,0.00,0.00,56.18
20:18:09,13,21.51,0.00,17.20,0.00,0.00,6.45,0.00,0.00,0.00,54.84
20:18:09,14,20.22,0.00,16.85,0.00,0.00,5.62,0.00,0.00,0.00,57.30
20:18:09,15,18.68,0.00,19.78,0.00,0.00,5.49,0.00,0.00,0.00,56.04
20:18:10,4,22.35,0.00,16.47,0.00,0.00,4.71,0.00,0.00,0.00,56.47
20:18:10,5,23.08,0.00,19.78,0.00,0.00,4.40,0.00,0.00,0.00,52.75
20:18:10,6,22.22,0.00,17.78,0.00,0.00,5.56,0.00,0.00,0.00,54.44
20:18:10,7,22.22,0.00,17.78,0.00,0.00,4.44,0.00,0.00,0.00,55.56
20:18:10,12,22.47,0.00,17.98,0.00,0.00,5.62,0.00,0.00,0.00,53.93
20:18:10,13,20.22,0.00,20.22,0.00,0.00,4.49,0.00,0.00,0.00,55.06
20:18:10,14,23.86,0.00,17.05,0.00,0.00,3.41,0.00,0.00,0.00,55.68
20:18:10,15,23.91,0.00,15.22,0.00,0.00,6.52,0.00,0.00,0.00,54.35
20:18:11,4,22.99,0.00,14.94,0.00,0.00,5.75,0.00,0.00,0.00,56.32
20:18:11,5,21.11,0.00,16.67,0.00,0.00,5.56,0.00,0.00,0.00,56.67
20:18:11,6,21.11,0.00,17.78,0.00,0.00,4.44,0.00,0.00,0.00,56.67
20:18:11,7,20.88,0.00,17.58,0.00,0.00,4.40,0.00,0.00,0.00,57.14
20:18:11,12,20.88,0.00,17.58,0.00,0.00,5.49,0.00,0.00,0.00,56.04
20:18:11,13,21.59,0.00,18.18,0.00,0.00,4.55,0.00,0.00,0.00,55.68
20:18:11,14,22.47,0.00,15.73,0.00,0.00,4.49,0.00,0.00,0.00,57.30
20:18:11,15,21.84,0.00,14.94,0.00,0.00,4.60,0.00,0.00,0.00,58.62
20:18:12,4,23.86,0.00,14.77,0.00,0.00,4.55,0.00,0.00,0.00,56.82
20:18:12,5,20.00,0.00,20.00,2.22,0.00,4.44,0.00,0.00,0.00,53.33
20:18:12,6,22.73,0.00,13.64,0.00,0.00,5.68,0.00,0.00,0.00,57.95
20:18:12,7,20.45,0.00,15.91,0.00,0.00,4.55,0.00,0.00,0.00,59.09
20:18:12,12,22.22,0.00,14.44,0.00,0.00,5.56,0.00,0.00,0.00,57.78
20:18:12,13,19.32,0.00,17.05,0.00,0.00,5.68,0.00,0.00,0.00,57.95
20:18:12,14,20.45,0.00,17.05,0.00,0.00,5.68,0.00,0.00,0.00,56.82
20:18:12,15,23.08,0.00,15.38,0.00,0.00,5.49,0.00,0.00,0.00,56.04
20:18:13,4,21.59,0.00,15.91,0.00,0.00,5.68,0.00,0.00,0.00,56.82
20:18:13,5,21.84,0.00,16.09,0.00,0.00,4.60,0.00,0.00,0.00,57.47
20:18:13,6,21.35,0.00,15.73,0.00,0.00,6.74,0.00,0.00,0.00,56.18
20:18:13,7,21.98,0.00,15.38,0.00,0.00,5.49,0.00,0.00,0.00,57.14
20:18:13,12,21.59,0.00,18.18,0.00,0.00,3.41,0.00,0.00,0.00,56.82
20:18:13,13,21.35,0.00,17.98,0.00,0.00,6.74,0.00,0.00,0.00,53.93
20:18:13,14,22.83,0.00,18.48,0.00,0.00,4.35,0.00,0.00,0.00,54.35
20:18:13,15,21.59,0.00,14.77,0.00,0.00,4.55,0.00,0.00,0.00,59.09
20:18:14,4,21.59,0.00,14.77,0.00,0.00,4.55,0.00,0.00,0.00,59.09
20:18:14,5,20.69,0.00,16.09,0.00,0.00,4.60,0.00,0.00,0.00,58.62
20:18:14,6,20.00,0.00,15.56,0.00,0.00,5.56,0.00,0.00,0.00,58.89
20:18:14,7,20.00,0.00,16.67,0.00,0.00,5.56,0.00,0.00,0.00,57.78
20:18:14,12,19.10,0.00,16.85,0.00,0.00,5.62,0.00,0.00,0.00,58.43
20:18:14,13,21.35,0.00,15.73,0.00,0.00,5.62,0.00,0.00,0.00,57.30
20:18:14,14,22.58,0.00,16.13,0.00,0.00,5.38,0.00,0.00,0.00,55.91
20:18:14,15,20.93,0.00,13.95,0.00,0.00,5.81,0.00,0.00,0.00,59.30
20:18:15,4,24.72,0.00,16.85,0.00,0.00,4.49,0.00,0.00,0.00,53.93
20:18:15,5,25.88,0.00,16.47,0.00,0.00,4.71,0.00,0.00,0.00,52.94
20:18:15,6,22.99,0.00,14.94,0.00,0.00,5.75,0.00,0.00,0.00,56.32
20:18:15,7,21.35,0.00,16.85,0.00,0.00,5.62,0.00,0.00,0.00,56.18
20:18:15,12,25.27,0.00,16.48,0.00,0.00,4.40,0.00,0.00,0.00,53.85
20:18:15,13,22.47,0.00,20.22,0.00,0.00,4.49,0.00,0.00,0.00,52.81
20:18:15,14,21.59,0.00,18.18,0.00,0.00,4.55,0.00,0.00,0.00,55.68
20:18:15,15,18.82,0.00,15.29,0.00,0.00,5.88,0.00,0.00,0.00,60.00
20:18:16,4,22.22,0.00,16.67,0.00,0.00,5.56,0.00,0.00,0.00,55.56
20:18:16,5,19.54,0.00,16.09,0.00,0.00,4.60,0.00,0.00,0.00,59.77
20:18:16,6,22.22,0.00,16.67,0.00,0.00,4.44,0.00,0.00,0.00,56.67
20:18:16,7,21.11,0.00,15.56,0.00,0.00,5.56,0.00,0.00,0.00,57.78
20:18:16,12,20.22,0.00,16.85,0.00,0.00,4.49,0.00,0.00,0.00,58.43
20:18:16,13,21.35,0.00,16.85,0.00,0.00,4.49,0.00,0.00,0.00,57.30
20:18:16,14,20.00,0.00,18.89,0.00,0.00,4.44,0.00,0.00,0.00,56.67
20:18:16,15,19.78,0.00,17.58,0.00,0.00,5.49,0.00,0.00,0.00,57.14
20:18:17,4,21.18,0.00,15.29,0.00,0.00,4.71,0.00,0.00,0.00,58.82
20:18:17,5,21.59,0.00,17.05,0.00,0.00,4.55,0.00,0.00,0.00,56.82
20:18:17,6,18.18,0.00,18.18,0.00,0.00,5.68,0.00,0.00,0.00,57.95
20:18:17,7,20.00,0.00,18.89,0.00,0.00,3.33,0.00,0.00,0.00,57.78
20:18:17,12,21.84,0.00,14.94,0.00,0.00,5.75,0.00,0.00,0.00,57.47
20:18:17,13,20.45,0.00,17.05,0.00,0.00,5.68,0.00,0.00,0.00,56.82
20:18:17,14,21.11,0.00,15.56,1.11,0.00,5.56,0.00,0.00,0.00,56.67
20:18:17,15,22.22,0.00,15.56,0.00,0.00,4.44,0.00,0.00,0.00,57.78
20:18:18,4,20.22,0.00,15.73,0.00,0.00,5.62,0.00,0.00,0.00,58.43
20:18:18,5,24.18,0.00,16.48,0.00,0.00,4.40,0.00,0.00,0.00,54.95
20:18:18,6,21.84,0.00,13.79,0.00,0.00,5.75,0.00,0.00,0.00,58.62
20:18:18,7,22.47,0.00,14.61,0.00,0.00,4.49,0.00,0.00,0.00,58.43
20:18:18,12,21.35,0.00,16.85,0.00,0.00,3.37,0.00,0.00,0.00,58.43
20:18:18,13,22.47,0.00,15.73,0.00,0.00,4.49,0.00,0.00,0.00,57.30
20:18:18,14,21.11,0.00,16.67,0.00,0.00,5.56,0.00,0.00,0.00,56.67
20:18:18,15,22.22,0.00,16.67,0.00,0.00,4.44,0.00,0.00,0.00,56.67
20:18:19,4,23.33,0.00,15.56,0.00,0.00,4.44,0.00,0.00,0.00,56.67
20:18:19,5,22.73,0.00,14.77,0.00,0.00,4.55,0.00,0.00,0.00,57.95
20:18:19,6,21.35,0.00,17.98,0.00,0.00,4.49,0.00,0.00,0.00,56.18
20:18:19,7,20.00,0.00,16.67,0.00,0.00,5.56,0.00,0.00,0.00,57.78
20:18:19,12,22.73,0.00,14.77,0.00,0.00,3.41,0.00,0.00,0.00,59.09
20:18:19,13,21.98,0.00,16.48,0.00,0.00,5.49,0.00,0.00,0.00,56.04
20:18:19,14,21.11,0.00,16.67,0.00,0.00,4.44,0.00,0.00,0.00,57.78
20:18:19,15,19.78,0.00,16.48,0.00,0.00,5.49,0.00,0.00,0.00,58.24
20:18:20,4,20.93,0.00,16.28,0.00,0.00,4.65,0.00,0.00,0.00,58.14
20:18:20,5,25.00,0.00,19.32,0.00,0.00,3.41,0.00,0.00,0.00,52.27
20:18:20,6,24.14,0.00,14.94,0.00,0.00,4.60,0.00,0.00,0.00,56.32
20:18:20,7,19.54,0.00,18.39,0.00,0.00,4.60,0.00,0.00,0.00,57.47
20:18:20,12,24.18,0.00,15.38,1.10,0.00,5.49,0.00,0.00,0.00,53.85
20:18:20,13,24.18,0.00,15.38,0.00,0.00,5.49,0.00,0.00,0.00,54.95
20:18:20,14,24.44,0.00,17.78,0.00,0.00,3.33,0.00,0.00,0.00,54.44
20:18:20,15,22.09,0.00,15.12,0.00,0.00,4.65,0.00,0.00,0.00,58.14
20:18:21,4,19.78,0.00,18.68,0.00,0.00,6.59,0.00,0.00,0.00,54.95
20:18:21,5,22.99,0.00,16.09,0.00,0.00,3.45,0.00,0.00,0.00,57.47
20:18:21,6,21.35,0.00,17.98,0.00,0.00,4.49,0.00,0.00,0.00,56.18
20:18:21,7,20.22,0.00,16.85,0.00,0.00,4.49,0.00,0.00,0.00,58.43
20:18:21,12,18.89,0.00,18.89,0.00,0.00,5.56,0.00,0.00,0.00,56.67
20:18:21,13,21.35,0.00,17.98,0.00,0.00,4.49,0.00,0.00,0.00,56.18
20:18:21,14,21.84,0.00,17.24,0.00,0.00,4.60,0.00,0.00,0.00,56.32
20:18:21,15,20.00,0.00,17.78,0.00,0.00,5.56,0.00,0.00,0.00,56.67
20:18:22,4,20.69,0.00,16.09,0.00,0.00,4.60,0.00,0.00,0.00,58.62
20:18:22,5,22.22,0.00,18.89,0.00,0.00,3.33,0.00,0.00,0.00,55.56
20:18:22,6,22.22,0.00,15.56,0.00,0.00,4.44,0.00,0.00,0.00,57.78
20:18:22,7,20.22,0.00,15.73,0.00,0.00,4.49,0.00,0.00,0.00,59.55
20:18:22,12,22.73,0.00,15.91,0.00,0.00,3.41,0.00,0.00,0.00,57.95
20:18:22,13,21.35,0.00,16.85,0.00,0.00,5.62,0.00,0.00,0.00,56.18
20:18:22,14,20.22,0.00,15.73,0.00,0.00,5.62,0.00,0.00,0.00,58.43
20:18:22,15,22.22,0.00,14.44,0.00,0.00,5.56,0.00,0.00,0.00,57.78
20:18:23,4,20.88,0.00,18.68,0.00,0.00,4.40,0.00,0.00,0.00,56.04
20:18:23,5,21.11,0.00,17.78,0.00,0.00,5.56,0.00,0.00,0.00,55.56
20:18:23,6,23.26,0.00,15.12,0.00,0.00,5.81,0.00,0.00,0.00,55.81
20:18:23,7,17.78,0.00,17.78,0.00,0.00,5.56,0.00,0.00,0.00,58.89
20:18:23,12,22.47,0.00,15.73,0.00,0.00,5.62,0.00,0.00,0.00,56.18
20:18:23,13,21.84,0.00,16.09,0.00,0.00,4.60,0.00,0.00,0.00,57.47
20:18:23,14,21.35,0.00,17.98,0.00,0.00,5.62,0.00,0.00,0.00,55.06
20:18:23,15,23.08,0.00,14.29,0.00,0.00,5.49,0.00,0.00,0.00,57.14
20:18:24,4,23.60,0.00,14.61,0.00,0.00,4.49,0.00,0.00,0.00,57.30
20:18:24,5,21.59,0.00,15.91,0.00,0.00,4.55,0.00,0.00,0.00,57.95
20:18:24,6,20.00,0.00,17.78,0.00,0.00,5.56,0.00,0.00,0.00,56.67
20:18:24,7,20.00,0.00,16.67,0.00,0.00,5.56,0.00,0.00,0.00,57.78
20:18:24,12,20.69,0.00,16.09,0.00,0.00,4.60,0.00,0.00,0.00,58.62
20:18:24,13,20.22,0.00,16.85,0.00,0.00,6.74,0.00,0.00,0.00,56.18
20:18:24,14,18.39,0.00,18.39,0.00,0.00,5.75,0.00,0.00,0.00,57.47
20:18:24,15,22.73,0.00,14.77,0.00,0.00,3.41,0.00,0.00,0.00,59.09
20:18:25,4,22.22,0.00,16.67,0.00,0.00,4.44,0.00,0.00,0.00,56.67
20:18:25,5,20.00,0.00,17.78,0.00,0.00,4.44,0.00,0.00,0.00,57.78
20:18:25,6,20.88,0.00,15.38,0.00,0.00,6.59,0.00,0.00,0.00,57.14
20:18:25,7,19.10,0.00,16.85,0.00,0.00,5.62,0.00,0.00,0.00,58.43
20:18:25,12,22.83,0.00,16.30,0.00,0.00,5.43,0.00,0.00,0.00,55.43
20:18:25,13,19.32,0.00,18.18,0.00,0.00,4.55,0.00,0.00,0.00,57.95
20:18:25,14,23.33,0.00,15.56,0.00,0.00,4.44,0.00,0.00,0.00,56.67
20:18:25,15,21.35,0.00,17.98,0.00,0.00,3.37,0.00,0.00,0.00,57.30
20:18:26,4,21.18,0.00,16.47,0.00,0.00,4.71,0.00,0.00,0.00,57.65
20:18:26,5,22.47,0.00,16.85,0.00,0.00,5.62,0.00,0.00,0.00,55.06
20:18:26,6,20.24,0.00,17.86,0.00,0.00,4.76,0.00,0.00,0.00,57.14
20:18:26,7,21.74,0.00,18.48,0.00,0.00,5.43,0.00,0.00,0.00,54.35
20:18:26,12,21.59,0.00,15.91,0.00,0.00,5.68,0.00,0.00,0.00,56.82
20:18:26,13,24.72,0.00,16.85,0.00,0.00,4.49,0.00,0.00,0.00,53.93
20:18:26,14,21.11,0.00,17.78,0.00,0.00,5.56,0.00,0.00,0.00,55.56
20:18:26,15,19.32,0.00,18.18,0.00,0.00,5.68,0.00,0.00,0.00,56.82
20:18:27,4,23.33,0.00,16.67,0.00,0.00,4.44,0.00,0.00,0.00,55.56
20:18:27,5,22.47,0.00,17.98,0.00,0.00,4.49,0.00,0.00,0.00,55.06
20:18:27,6,21.98,0.00,16.48,0.00,0.00,5.49,0.00,0.00,0.00,56.04
20:18:27,7,19.78,0.00,16.48,0.00,0.00,5.49,0.00,0.00,0.00,58.24
20:18:27,12,20.22,0.00,16.85,1.12,0.00,4.49,0.00,0.00,0.00,57.30
20:18:27,13,21.35,0.00,16.85,0.00,0.00,5.62,0.00,0.00,0.00,56.18
20:18:27,14,20.93,0.00,17.44,0.00,0.00,4.65,0.00,0.00,0.00,56.98
20:18:27,15,21.35,0.00,14.61,0.00,0.00,5.62,0.00,0.00,0.00,58.43
20:18:28,4,20.88,0.00,18.68,0.00,0.00,4.40,0.00,0.00,0.00,56.04
20:18:28,5,22.99,0.00,16.09,0.00,0.00,4.60,0.00,0.00,0.00,56.32
20:18:28,6,22.22,0.00,17.78,0.00,0.00,4.44,0.00,0.00,0.00,55.56
20:18:28,7,19.78,0.00,17.58,0.00,0.00,5.49,0.00,0.00,0.00,57.14
20:18:28,12,21.84,0.00,17.24,0.00,0.00,4.60,0.00,0.00,0.00,56.32
20:18:28,13,19.57,0.00,18.48,0.00,0.00,6.52,0.00,0.00,0.00,55.43
20:18:28,14,20.93,0.00,15.12,0.00,0.00,5.81,0.00,0.00,0.00,58.14
20:18:28,15,18.39,0.00,17.24,0.00,0.00,4.60,0.00,0.00,0.00,59.77
20:18:29,4,23.33,0.00,15.56,0.00,0.00,4.44,0.00,0.00,0.00,56.67
20:18:29,5,22.47,0.00,14.61,0.00,0.00,5.62,0.00,0.00,0.00,57.30
20:18:29,6,20.88,0.00,18.68,0.00,0.00,4.40,0.00,0.00,0.00,56.04
20:18:29,7,20.22,0.00,16.85,0.00,0.00,4.49,0.00,0.00,0.00,58.43
20:18:29,12,20.69,0.00,14.94,0.00,0.00,4.60,0.00,0.00,0.00,59.77
20:18:29,13,21.84,0.00,13.79,0.00,0.00,5.75,0.00,0.00,0.00,58.62
20:18:29,14,19.32,0.00,17.05,0.00,0.00,5.68,0.00,0.00,0.00,57.95
20:18:29,15,21.51,0.00,18.28,0.00,0.00,5.38,0.00,0.00,0.00,54.84
20:18:30,4,22.99,0.00,13.79,0.00,0.00,4.60,0.00,0.00,0.00,58.62
20:18:30,5,19.54,0.00,17.24,0.00,0.00,4.60,0.00,0.00,0.00,58.62
20:18:30,6,21.51,0.00,18.28,0.00,0.00,5.38,0.00,0.00,0.00,54.84
20:18:30,7,21.11,0.00,15.56,0.00,0.00,5.56,0.00,0.00,0.00,57.78
20:18:30,12,22.47,0.00,15.73,0.00,0.00,5.62,0.00,0.00,0.00,56.18
20:18:30,13,20.22,0.00,17.98,0.00,0.00,5.62,0.00,0.00,0.00,56.18
20:18:30,14,23.08,0.00,16.48,0.00,0.00,4.40,0.00,0.00,0.00,56.04
20:18:30,15,22.47,0.00,15.73,0.00,0.00,4.49,0.00,0.00,0.00,57.30
20:18:31,4,24.14,0.00,14.94,0.00,0.00,4.60,0.00,0.00,0.00,56.32
20:18:31,5,20.69,0.00,18.39,0.00,0.00,4.60,0.00,0.00,0.00,56.32
20:18:31,6,20.93,0.00,18.60,0.00,0.00,4.65,0.00,0.00,0.00,55.81
20:18:31,7,20.45,0.00,17.05,0.00,0.00,5.68,0.00,0.00,0.00,56.82
20:18:31,12,22.47,0.00,16.85,0.00,0.00,5.62,0.00,0.00,0.00,55.06
20:18:31,13,26.67,0.00,15.56,0.00,0.00,4.44,0.00,0.00,0.00,53.33
20:18:31,14,22.22,0.00,16.67,0.00,0.00,5.56,0.00,0.00,0.00,55.56
20:18:31,15,19.32,0.00,17.05,2.27,0.00,5.68,0.00,0.00,0.00,55.68
20:18:32,4,22.47,0.00,15.73,0.00,0.00,4.49,0.00,0.00,0.00,57.30
20:18:32,5,21.11,0.00,16.67,0.00,0.00,5.56,0.00,0.00,0.00,56.67
20:18:32,6,19.78,0.00,17.58,0.00,0.00,5.49,0.00,0.00,0.00,57.14
20:18:32,7,20.45,0.00,17.05,1.14,0.00,4.55,0.00,0.00,0.00,56.82
20:18:32,12,21.59,0.00,15.91,0.00,0.00,4.55,0.00,0.00,0.00,57.95
20:18:32,13,21.74,0.00,16.30,0.00,0.00,6.52,0.00,0.00,0.00,55.43
20:18:32,14,21.35,0.00,16.85,0.00,0.00,4.49,0.00,0.00,0.00,57.30
20:18:32,15,21.59,0.00,14.77,0.00,0.00,4.55,0.00,0.00,0.00,59.09
20:18:33,4,20.00,0.00,16.67,0.00,0.00,6.67,0.00,0.00,0.00,56.67
20:18:33,5,20.69,0.00,17.24,0.00,0.00,4.60,0.00,0.00,0.00,57.47
20:18:33,6,19.10,0.00,16.85,0.00,0.00,6.74,0.00,0.00,0.00,57.30
20:18:33,7,23.08,0.00,16.48,0.00,0.00,3.30,0.00,0.00,0.00,57.14
20:18:33,12,23.33,0.00,15.56,0.00,0.00,4.44,0.00,0.00,0.00,56.67
20:18:33,13,20.88,0.00,16.48,0.00,0.00,5.49,0.00,0.00,0.00,57.14
20:18:33,14,18.82,0.00,16.47,0.00,0.00,4.71,0.00,0.00,0.00,60.00
20:18:33,15,18.89,0.00,18.89,0.00,0.00,5.56,0.00,0.00,0.00,56.67
20:18:34,4,22.22,0.00,16.67,0.00,0.00,5.56,0.00,0.00,0.00,55.56
20:18:34,5,19.10,0.00,17.98,0.00,0.00,5.62,0.00,0.00,0.00,57.30
20:18:34,6,20.22,0.00,16.85,0.00,0.00,5.62,0.00,0.00,0.00,57.30
20:18:34,7,20.88,0.00,18.68,0.00,0.00,3.30,0.00,0.00,0.00,57.14
20:18:34,12,22.22,0.00,16.67,0.00,0.00,4.44,0.00,0.00,0.00,56.67
20:18:34,13,20.69,0.00,14.94,0.00,0.00,6.90,0.00,0.00,0.00,57.47
20:18:34,14,24.44,0.00,14.44,0.00,0.00,4.44,0.00,0.00,0.00,56.67
20:18:34,15,21.84,0.00,13.79,0.00,0.00,4.60,0.00,0.00,0.00,59.77
20:18:35,4,23.33,0.00,15.56,0.00,0.00,5.56,0.00,0.00,0.00,55.56
20:18:35,5,21.59,0.00,17.05,0.00,0.00,4.55,0.00,0.00,0.00,56.82
20:18:35,6,21.59,0.00,17.05,0.00,0.00,4.55,0.00,0.00,0.00,56.82
20:18:35,7,20.69,0.00,14.94,0.00,0.00,4.60,0.00,0.00,0.00,59.77
20:18:35,12,20.45,0.00,15.91,0.00,0.00,5.68,0.00,0.00,0.00,57.95
20:18:35,13,21.84,0.00,17.24,0.00,0.00,3.45,0.00,0.00,0.00,57.47
20:18:35,14,22.47,0.00,16.85,0.00,0.00,4.49,0.00,0.00,0.00,56.18
20:18:35,15,20.65,0.00,17.39,0.00,0.00,5.43,0.00,0.00,0.00,56.52
20:18:36,4,25.56,0.00,20.00,0.00,0.00,4.44,0.00,0.00,0.00,50.00
20:18:36,5,18.07,0.00,19.28,0.00,0.00,4.82,0.00,0.00,0.00,57.83
20:18:36,6,24.44,0.00,17.78,0.00,0.00,3.33,0.00,0.00,0.00,54.44
20:18:36,7,18.39,0.00,18.39,0.00,0.00,5.75,0.00,0.00,0.00,57.47
20:18:36,12,21.84,0.00,18.39,0.00,0.00,4.60,0.00,0.00,0.00,55.17
20:18:36,13,21.35,0.00,16.85,0.00,0.00,6.74,0.00,0.00,0.00,55.06
20:18:36,14,22.47,0.00,17.98,0.00,0.00,4.49,0.00,0.00,0.00,55.06
20:18:36,15,19.10,0.00,16.85,0.00,0.00,7.87,0.00,0.00,0.00,56.18
20:18:37,4,23.08,0.00,16.48,0.00,0.00,5.49,0.00,0.00,0.00,54.95
20:18:37,5,23.60,0.00,16.85,0.00,0.00,3.37,0.00,0.00,0.00,56.18
20:18:37,6,19.32,0.00,15.91,0.00,0.00,6.82,0.00,0.00,0.00,57.95
20:18:37,7,21.59,0.00,15.91,0.00,0.00,3.41,0.00,0.00,0.00,59.09
20:18:37,12,21.59,0.00,17.05,0.00,0.00,4.55,0.00,0.00,0.00,56.82
20:18:37,13,21.98,0.00,15.38,0.00,0.00,6.59,0.00,0.00,0.00,56.04
20:18:37,14,20.22,0.00,16.85,0.00,0.00,5.62,0.00,0.00,0.00,57.30
20:18:37,15,23.33,0.00,16.67,0.00,0.00,4.44,0.00,0.00,0.00,55.56
20:18:38,4,21.11,0.00,16.67,0.00,0.00,5.56,0.00,0.00,0.00,56.67
20:18:38,5,19.10,0.00,17.98,0.00,0.00,5.62,0.00,0.00,0.00,57.30
20:18:38,6,22.22,0.00,15.56,0.00,0.00,5.56,0.00,0.00,0.00,56.67
20:18:38,7,21.35,0.00,15.73,0.00,0.00,4.49,0.00,0.00,0.00,58.43
20:18:38,12,21.59,0.00,15.91,0.00,0.00,4.55,0.00,0.00,0.00,57.95
20:18:38,13,20.69,0.00,16.09,0.00,0.00,5.75,0.00,0.00,0.00,57.47
20:18:38,14,20.88,0.00,18.68,0.00,0.00,4.40,0.00,0.00,0.00,56.04
20:18:38,15,19.54,0.00,16.09,0.00,0.00,4.60,0.00,0.00,0.00,59.77
20:18:39,4,21.11,0.00,15.56,0.00,0.00,5.56,0.00,0.00,0.00,57.78
20:18:39,5,22.47,0.00,16.85,0.00,0.00,4.49,0.00,0.00,0.00,56.18
20:18:39,6,17.98,0.00,17.98,0.00,0.00,6.74,0.00,0.00,0.00,57.30
20:18:39,7,20.22,0.00,16.85,0.00,0.00,4.49,0.00,0.00,0.00,58.43
20:18:39,12,20.45,0.00,17.05,0.00,0.00,4.55,0.00,0.00,0.00,57.95
20:18:39,13,21.59,0.00,14.77,0.00,0.00,5.68,0.00,0.00,0.00,57.95
20:18:39,14,22.73,0.00,15.91,0.00,0.00,4.55,0.00,0.00,0.00,56.82
20:18:39,15,20.88,0.00,16.48,0.00,0.00,5.49,0.00,0.00,0.00,57.14
20:18:40,4,20.69,0.00,17.24,0.00,0.00,5.75,0.00,0.00,0.00,56.32
20:18:40,5,21.11,0.00,16.67,0.00,0.00,5.56,0.00,0.00,0.00,56.67
20:18:40,6,21.35,0.00,17.98,0.00,0.00,3.37,0.00,0.00,0.00,57.30
20:18:40,7,21.35,0.00,14.61,0.00,0.00,5.62,0.00,0.00,0.00,58.43
20:18:40,12,19.77,0.00,17.44,0.00,0.00,3.49,0.00,0.00,0.00,59.30
20:18:40,13,22.73,0.00,17.05,0.00,0.00,3.41,0.00,0.00,0.00,56.82
20:18:40,14,21.35,0.00,15.73,0.00,0.00,5.62,0.00,0.00,0.00,57.30
20:18:40,15,19.10,0.00,17.98,0.00,0.00,5.62,0.00,0.00,0.00,57.30
20:18:41,4,22.22,0.00,17.78,0.00,0.00,4.44,0.00,0.00,0.00,55.56
20:18:41,5,24.72,0.00,17.98,0.00,0.00,4.49,0.00,0.00,0.00,52.81
20:18:41,6,20.22,0.00,16.85,2.25,0.00,6.74,0.00,0.00,0.00,53.93
20:18:41,7,19.54,0.00,16.09,0.00,0.00,6.90,0.00,0.00,0.00,57.47
20:18:41,12,20.65,0.00,18.48,0.00,0.00,5.43,0.00,0.00,0.00,55.43
20:18:41,13,21.98,0.00,19.78,0.00,0.00,5.49,0.00,0.00,0.00,52.75
20:18:41,14,22.22,0.00,21.11,0.00,0.00,3.33,0.00,0.00,0.00,53.33
20:18:41,15,20.45,0.00,18.18,0.00,0.00,4.55,0.00,0.00,0.00,56.82
20:18:42,4,21.59,0.00,17.05,0.00,0.00,4.55,0.00,0.00,0.00,56.82
20:18:42,5,22.22,0.00,18.89,0.00,0.00,3.33,0.00,0.00,0.00,55.56
20:18:42,6,20.45,0.00,18.18,0.00,0.00,5.68,0.00,0.00,0.00,55.68
20:18:42,7,18.60,0.00,16.28,0.00,0.00,4.65,0.00,0.00,0.00,60.47
20:18:42,12,21.35,0.00,16.85,0.00,0.00,4.49,0.00,0.00,0.00,57.30
20:18:42,13,23.26,0.00,13.95,0.00,0.00,4.65,0.00,0.00,0.00,58.14
20:18:42,14,22.22,0.00,16.67,1.11,0.00,5.56,0.00,0.00,0.00,54.44
20:18:42,15,21.84,0.00,14.94,0.00,0.00,4.60,0.00,0.00,0.00,58.62
20:18:43,4,23.08,0.00,17.58,0.00,0.00,3.30,0.00,0.00,0.00,56.04
20:18:43,5,22.73,0.00,17.05,0.00,0.00,4.55,0.00,0.00,0.00,55.68
20:18:43,6,19.54,0.00,16.09,0.00,0.00,5.75,0.00,0.00,0.00,58.62
20:18:43,7,20.22,0.00,16.85,0.00,0.00,5.62,0.00,0.00,0.00,57.30
20:18:43,12,21.35,0.00,15.73,0.00,0.00,5.62,0.00,0.00,0.00,57.30
20:18:43,13,19.32,0.00,19.32,0.00,0.00,4.55,0.00,0.00,0.00,56.82
20:18:43,14,20.45,0.00,17.05,0.00,0.00,4.55,0.00,0.00,0.00,57.95
20:18:43,15,22.73,0.00,14.77,0.00,0.00,4.55,0.00,0.00,0.00,57.95
20:18:44,4,22.22,0.00,15.56,0.00,0.00,4.44,0.00,0.00,0.00,57.78
20:18:44,5,21.11,0.00,17.78,0.00,0.00,5.56,0.00,0.00,0.00,55.56
20:18:44,6,20.22,0.00,17.98,0.00,0.00,4.49,0.00,0.00,0.00,57.30
20:18:44,7,22.73,0.00,13.64,0.00,0.00,4.55,0.00,0.00,0.00,59.09
20:18:44,12,20.22,0.00,15.73,0.00,0.00,5.62,0.00,0.00,0.00,58.43
20:18:44,13,20.69,0.00,16.09,0.00,0.00,4.60,0.00,0.00,0.00,58.62
20:18:44,14,20.69,0.00,14.94,0.00,0.00,5.75,0.00,0.00,0.00,58.62
20:18:44,15,17.98,0.00,16.85,0.00,0.00,6.74,0.00,0.00,0.00,58.43
20:18:45,4,22.73,0.00,14.77,0.00,0.00,4.55,0.00,0.00,0.00,57.95
20:18:45,5,19.32,0.00,18.18,0.00,0.00,3.41,0.00,0.00,0.00,59.09
20:18:45,6,19.54,0.00,14.94,0.00,0.00,5.75,0.00,0.00,0.00,59.77
20:18:45,7,21.11,0.00,15.56,0.00,0.00,5.56,0.00,0.00,0.00,57.78
20:18:45,12,22.22,0.00,15.56,0.00,0.00,4.44,0.00,0.00,0.00,57.78
20:18:45,13,22.47,0.00,14.61,0.00,0.00,4.49,0.00,0.00,0.00,58.43
20:18:45,14,21.51,0.00,15.05,0.00,0.00,6.45,0.00,0.00,0.00,56.99
20:18:45,15,22.22,0.00,15.56,0.00,0.00,3.33,0.00,0.00,0.00,58.89
20:18:46,4,23.66,0.00,18.28,1.08,0.00,5.38,0.00,0.00,0.00,51.61
20:18:46,5,21.84,0.00,17.24,0.00,0.00,5.75,0.00,0.00,0.00,55.17
20:18:46,6,20.00,0.00,17.78,0.00,0.00,5.56,0.00,0.00,0.00,56.67
20:18:46,7,21.18,0.00,15.29,0.00,0.00,3.53,0.00,0.00,0.00,60.00
20:18:46,12,22.22,0.00,17.78,0.00,0.00,5.56,0.00,0.00,0.00,54.44
20:18:46,13,23.33,0.00,20.00,0.00,0.00,4.44,0.00,0.00,0.00,52.22
20:18:46,14,22.47,0.00,17.98,0.00,0.00,4.49,0.00,0.00,0.00,55.06
20:18:46,15,25.27,0.00,15.38,0.00,0.00,5.49,0.00,0.00,0.00,53.85
20:18:47,4,22.22,0.00,16.67,0.00,0.00,5.56,0.00,0.00,0.00,55.56
20:18:47,5,21.51,0.00,19.35,0.00,0.00,5.38,0.00,0.00,0.00,53.76
20:18:47,6,21.18,0.00,14.12,0.00,0.00,4.71,0.00,0.00,0.00,60.00
20:18:47,7,21.59,0.00,15.91,0.00,0.00,3.41,0.00,0.00,0.00,59.09
20:18:47,12,23.26,0.00,13.95,0.00,0.00,4.65,0.00,0.00,0.00,58.14
20:18:47,13,24.18,0.00,15.38,0.00,0.00,4.40,0.00,0.00,0.00,56.04
20:18:47,14,19.77,0.00,16.28,0.00,0.00,5.81,0.00,0.00,0.00,58.14
20:18:47,15,19.32,0.00,17.05,0.00,0.00,4.55,0.00,0.00,0.00,59.09
20:18:48,4,23.60,0.00,15.73,0.00,0.00,3.37,0.00,0.00,0.00,57.30
20:18:48,5,22.47,0.00,14.61,0.00,0.00,5.62,0.00,0.00,0.00,57.30
20:18:48,6,20.45,0.00,17.05,0.00,0.00,4.55,0.00,0.00,0.00,57.95
20:18:48,7,21.51,0.00,17.20,0.00,0.00,5.38,0.00,0.00,0.00,55.91
20:18:48,12,20.00,0.00,17.78,0.00,0.00,4.44,0.00,0.00,0.00,57.78
20:18:48,13,20.69,0.00,16.09,0.00,0.00,4.60,0.00,0.00,0.00,58.62
20:18:48,14,19.77,0.00,15.12,0.00,0.00,5.81,0.00,0.00,0.00,59.30
20:18:48,15,22.73,0.00,14.77,0.00,0.00,3.41,0.00,0.00,0.00,59.09
20:18:49,4,20.93,0.00,15.12,0.00,0.00,4.65,0.00,0.00,0.00,59.30
20:18:49,5,21.59,0.00,15.91,0.00,0.00,4.55,0.00,0.00,0.00,57.95
20:18:49,6,20.45,0.00,17.05,0.00,0.00,4.55,0.00,0.00,0.00,57.95
20:18:49,7,21.35,0.00,14.61,0.00,0.00,5.62,0.00,0.00,0.00,58.43
20:18:49,12,21.11,0.00,15.56,0.00,0.00,5.56,0.00,0.00,0.00,57.78
20:18:49,13,22.22,0.00,16.67,0.00,0.00,4.44,0.00,0.00,0.00,56.67
20:18:49,14,22.83,0.00,16.30,0.00,0.00,4.35,0.00,0.00,0.00,56.52
20:18:49,15,19.54,0.00,14.94,0.00,0.00,4.60,0.00,0.00,0.00,60.92
20:18:50,4,20.88,0.00,17.58,0.00,0.00,5.49,0.00,0.00,0.00,56.04
20:18:50,5,21.35,0.00,17.98,0.00,0.00,3.37,0.00,0.00,0.00,57.30
20:18:50,6,21.98,0.00,15.38,0.00,0.00,6.59,0.00,0.00,0.00,56.04
20:18:50,7,21.11,0.00,16.67,0.00,0.00,4.44,0.00,0.00,0.00,57.78
20:18:50,12,20.00,0.00,18.89,0.00,0.00,3.33,0.00,0.00,0.00,57.78
20:18:50,13,21.59,0.00,15.91,0.00,0.00,4.55,0.00,0.00,0.00,57.95
20:18:50,14,23.08,0.00,15.38,0.00,0.00,5.49,0.00,0.00,0.00,56.04
20:18:50,15,22.22,0.00,16.67,0.00,0.00,3.33,0.00,0.00,0.00,57.78
20:18:51,4,21.11,0.00,17.78,0.00,0.00,5.56,0.00,0.00,0.00,55.56
20:18:51,5,20.45,0.00,18.18,0.00,0.00,6.82,0.00,0.00,0.00,54.55
20:18:51,6,21.59,0.00,17.05,0.00,0.00,4.55,0.00,0.00,0.00,56.82
20:18:51,7,20.45,0.00,18.18,0.00,0.00,3.41,0.00,0.00,0.00,57.95
20:18:51,12,25.58,0.00,16.28,0.00,0.00,4.65,0.00,0.00,0.00,53.49
20:18:51,13,20.93,0.00,17.44,1.16,0.00,5.81,0.00,0.00,0.00,54.65
20:18:51,14,22.47,0.00,17.98,0.00,0.00,4.49,0.00,0.00,0.00,55.06
20:18:51,15,24.72,0.00,15.73,0.00,0.00,3.37,0.00,0.00,0.00,56.18
20:18:52,4,22.73,0.00,15.91,0.00,0.00,3.41,0.00,0.00,0.00,57.95
20:18:52,5,22.09,0.00,13.95,0.00,0.00,4.65,0.00,0.00,0.00,59.30
20:18:52,6,20.22,0.00,15.73,0.00,0.00,6.74,0.00,0.00,0.00,57.30
20:18:52,7,22.34,0.00,17.02,0.00,0.00,5.32,0.00,0.00,0.00,55.32
20:18:52,12,19.10,0.00,16.85,0.00,0.00,6.74,0.00,0.00,0.00,57.30
20:18:52,13,21.84,0.00,14.94,0.00,0.00,4.60,0.00,0.00,0.00,58.62
20:18:52,14,21.59,0.00,14.77,0.00,0.00,4.55,0.00,0.00,0.00,59.09
20:18:52,15,20.88,0.00,17.58,0.00,0.00,4.40,0.00,0.00,0.00,57.14
20:18:53,4,23.91,0.00,15.22,0.00,0.00,4.35,0.00,0.00,0.00,56.52
20:18:53,5,21.98,0.00,16.48,0.00,0.00,5.49,0.00,0.00,0.00,56.04
20:18:53,6,20.45,0.00,17.05,0.00,0.00,3.41,0.00,0.00,0.00,59.09
20:18:53,7,19.54,0.00,17.24,0.00,0.00,3.45,0.00,0.00,0.00,59.77
20:18:53,12,19.77,0.00,16.28,0.00,0.00,4.65,0.00,0.00,0.00,59.30
20:18:53,13,22.83,0.00,16.30,0.00,0.00,4.35,0.00,0.00,0.00,56.52
20:18:53,14,20.22,0.00,16.85,0.00,0.00,5.62,0.00,0.00,0.00,57.30
20:18:53,15,18.89,0.00,17.78,0.00,0.00,5.56,0.00,0.00,0.00,57.78
20:18:54,4,22.73,0.00,13.64,0.00,0.00,4.55,0.00,0.00,0.00,59.09
20:18:54,5,20.00,0.00,18.89,0.00,0.00,4.44,0.00,0.00,0.00,56.67
20:18:54,6,21.59,0.00,14.77,0.00,0.00,5.68,0.00,0.00,0.00,57.95
20:18:54,7,18.89,0.00,17.78,0.00,0.00,6.67,0.00,0.00,0.00,56.67
20:18:54,12,20.22,0.00,17.98,0.00,0.00,4.49,0.00,0.00,0.00,57.30
20:18:54,13,22.09,0.00,15.12,0.00,0.00,3.49,0.00,0.00,0.00,59.30
20:18:54,14,19.32,0.00,15.91,0.00,0.00,5.68,0.00,0.00,0.00,59.09
20:18:54,15,21.51,0.00,18.28,0.00,0.00,5.38,0.00,0.00,0.00,54.84
20:18:55,4,22.73,0.00,15.91,0.00,0.00,3.41,0.00,0.00,0.00,57.95
20:18:55,5,20.45,0.00,15.91,0.00,0.00,5.68,0.00,0.00,0.00,57.95
20:18:55,6,20.69,0.00,14.94,0.00,0.00,5.75,0.00,0.00,0.00,58.62
20:18:55,7,19.78,0.00,16.48,0.00,0.00,6.59,0.00,0.00,0.00,57.14
20:18:55,12,21.98,0.00,16.48,0.00,0.00,4.40,0.00,0.00,0.00,57.14
20:18:55,13,21.35,0.00,15.73,0.00,0.00,5.62,0.00,0.00,0.00,57.30
20:18:55,14,21.18,0.00,15.29,0.00,0.00,4.71,0.00,0.00,0.00,58.82
20:18:55,15,21.35,0.00,15.73,0.00,0.00,4.49,0.00,0.00,0.00,58.43
20:18:56,4,22.22,0.00,17.78,1.11,0.00,5.56,0.00,0.00,0.00,53.33
20:18:56,5,24.18,0.00,17.58,0.00,0.00,4.40,0.00,0.00,0.00,53.85
20:18:56,6,20.88,0.00,18.68,0.00,0.00,5.49,0.00,0.00,0.00,54.95
20:18:56,7,21.35,0.00,15.73,0.00,0.00,5.62,0.00,0.00,0.00,57.30
20:18:56,12,20.69,0.00,16.09,0.00,0.00,5.75,0.00,0.00,0.00,57.47
20:18:56,13,24.73,0.00,17.20,0.00,0.00,4.30,0.00,0.00,0.00,53.76
20:18:56,14,25.84,0.00,15.73,0.00,0.00,4.49,0.00,0.00,0.00,53.93
20:18:56,15,24.18,0.00,16.48,0.00,0.00,4.40,0.00,0.00,0.00,54.95
20:18:57,4,20.65,0.00,18.48,0.00,0.00,5.43,0.00,0.00,0.00,55.43
20:18:57,5,20.22,0.00,16.85,0.00,0.00,5.62,0.00,0.00,0.00,57.30
20:18:57,6,21.59,0.00,15.91,0.00,0.00,4.55,0.00,0.00,0.00,57.95
20:18:57,7,20.45,0.00,14.77,0.00,0.00,5.68,0.00,0.00,0.00,59.09
20:18:57,12,22.99,0.00,13.79,1.15,0.00,3.45,0.00,0.00,0.00,58.62
20:18:57,13,20.22,0.00,17.98,0.00,0.00,4.49,0.00,0.00,0.00,57.30
20:18:57,14,20.22,0.00,15.73,0.00,0.00,5.62,0.00,0.00,0.00,58.43
20:18:57,15,19.77,0.00,15.12,0.00,0.00,5.81,0.00,0.00,0.00,59.30
20:18:58,4,20.88,0.00,17.58,0.00,0.00,5.49,0.00,0.00,0.00,56.04
20:18:58,5,21.59,0.00,17.05,0.00,0.00,3.41,0.00,0.00,0.00,57.95
20:18:58,6,23.33,0.00,14.44,0.00,0.00,5.56,0.00,0.00,0.00,56.67
20:18:58,7,19.32,0.00,14.77,0.00,0.00,6.82,0.00,0.00,0.00,59.09
20:18:58,12,21.98,0.00,14.29,0.00,0.00,6.59,0.00,0.00,0.00,57.14
20:18:58,13,22.09,0.00,13.95,0.00,0.00,4.65,0.00,0.00,0.00,59.30
20:18:58,14,22.22,0.00,16.67,0.00,0.00,4.44,0.00,0.00,0.00,56.67
20:18:58,15,20.88,0.00,15.38,0.00,0.00,5.49,0.00,0.00,0.00,58.24
20:18:59,4,21.59,0.00,13.64,0.00,0.00,5.68,0.00,0.00,0.00,59.09
20:18:59,5,18.89,0.00,18.89,0.00,0.00,5.56,0.00,0.00,0.00,56.67
20:18:59,6,19.77,0.00,16.28,0.00,0.00,4.65,0.00,0.00,0.00,59.30
20:18:59,7,20.22,0.00,15.73,0.00,0.00,4.49,0.00,0.00,0.00,59.55
20:18:59,12,21.18,0.00,15.29,0.00,0.00,2.35,0.00,0.00,0.00,61.18
20:18:59,13,21.35,0.00,16.85,0.00,0.00,4.49,0.00,0.00,0.00,57.30
20:18:59,14,23.33,0.00,15.56,0.00,0.00,5.56,0.00,0.00,0.00,55.56
20:18:59,15,21.11,0.00,15.56,0.00,0.00,5.56,0.00,0.00,0.00,57.78
20:19:00,4,22.47,0.00,16.85,0.00,0.00,3.37,0.00,0.00,0.00,57.30
20:19:00,5,20.00,0.00,15.29,0.00,0.00,4.71,0.00,0.00,0.00,60.00
20:19:00,6,22.22,0.00,16.67,0.00,0.00,4.44,0.00,0.00,0.00,56.67
20:19:00,7,18.89,0.00,18.89,0.00,0.00,5.56,0.00,0.00,0.00,56.67
20:19:00,12,21.98,0.00,15.38,0.00,0.00,5.49,0.00,0.00,0.00,57.14
20:19:00,13,22.83,0.00,16.30,0.00,0.00,4.35,0.00,0.00,0.00,56.52
20:19:00,14,23.66,0.00,16.13,0.00,0.00,4.30,0.00,0.00,0.00,55.91
20:19:00,15,19.10,0.00,19.10,0.00,0.00,4.49,0.00,0.00,0.00,57.30
20:19:01,4,21.59,0.00,17.05,0.00,0.00,4.55,0.00,0.00,0.00,56.82
20:19:01,5,22.22,0.00,17.78,1.11,0.00,5.56,0.00,0.00,0.00,53.33
20:19:01,6,20.22,0.00,19.10,0.00,0.00,4.49,0.00,0.00,0.00,56.18
20:19:01,7,18.68,0.00,17.58,0.00,0.00,7.69,0.00,0.00,0.00,56.04
20:19:01,12,23.26,0.00,16.28,0.00,0.00,3.49,0.00,0.00,0.00,56.98
20:19:01,13,22.09,0.00,17.44,0.00,0.00,5.81,0.00,0.00,0.00,54.65
20:19:01,14,24.18,0.00,16.48,0.00,0.00,5.49,0.00,0.00,0.00,53.85
20:19:01,15,22.22,0.00,17.78,0.00,0.00,4.44,0.00,0.00,0.00,55.56
20:19:02,4,21.84,0.00,17.24,1.15,0.00,4.60,0.00,0.00,0.00,55.17
20:19:02,5,20.88,0.00,17.58,0.00,0.00,5.49,0.00,0.00,0.00,56.04
20:19:02,6,19.32,0.00,17.05,0.00,0.00,4.55,0.00,0.00,0.00,59.09
20:19:02,7,21.35,0.00,15.73,0.00,0.00,4.49,0.00,0.00,0.00,58.43
20:19:02,12,22.73,0.00,15.91,0.00,0.00,3.41,0.00,0.00,0.00,57.95
20:19:02,13,19.77,0.00,16.28,0.00,0.00,5.81,0.00,0.00,0.00,58.14
20:19:02,14,21.59,0.00,14.77,0.00,0.00,4.55,0.00,0.00,0.00,59.09
20:19:02,15,19.10,0.00,15.73,0.00,0.00,6.74,0.00,0.00,0.00,58.43
20:19:03,4,23.33,0.00,14.44,0.00,0.00,4.44,0.00,0.00,0.00,57.78
20:19:03,5,21.35,0.00,16.85,0.00,0.00,4.49,0.00,0.00,0.00,57.30
20:19:03,6,20.69,0.00,14.94,0.00,0.00,5.75,0.00,0.00,0.00,58.62
20:19:03,7,20.93,0.00,16.28,0.00,0.00,3.49,0.00,0.00,0.00,59.30
20:19:03,12,22.22,0.00,15.56,0.00,0.00,5.56,0.00,0.00,0.00,56.67
20:19:03,13,22.47,0.00,13.48,0.00,0.00,5.62,0.00,0.00,0.00,58.43
20:19:03,14,20.22,0.00,17.98,0.00,0.00,4.49,0.00,0.00,0.00,57.30
20:19:03,15,19.78,0.00,16.48,0.00,0.00,6.59,0.00,0.00,0.00,57.14
20:19:04,4,20.45,0.00,15.91,0.00,0.00,4.55,0.00,0.00,0.00,59.09
20:19:04,5,20.45,0.00,15.91,0.00,0.00,5.68,0.00,0.00,0.00,57.95
20:19:04,6,19.78,0.00,18.68,0.00,0.00,5.49,0.00,0.00,0.00,56.04
20:19:04,7,19.78,0.00,17.58,0.00,0.00,5.49,0.00,0.00,0.00,57.14
20:19:04,12,20.93,0.00,17.44,0.00,0.00,3.49,0.00,0.00,0.00,58.14
20:19:04,13,22.47,0.00,14.61,0.00,0.00,5.62,0.00,0.00,0.00,57.30
20:19:04,14,22.22,0.00,17.78,0.00,0.00,4.44,0.00,0.00,0.00,55.56
20:19:04,15,20.45,0.00,17.05,0.00,0.00,4.55,0.00,0.00,0.00,57.95
20:19:05,4,19.77,0.00,15.12,0.00,0.00,4.65,0.00,0.00,0.00,60.47
20:19:05,5,21.59,0.00,15.91,0.00,0.00,4.55,0.00,0.00,0.00,57.95
20:19:05,6,20.93,0.00,15.12,0.00,0.00,5.81,0.00,0.00,0.00,58.14
20:19:05,7,18.18,0.00,17.05,0.00,0.00,5.68,0.00,0.00,0.00,59.09
20:19:05,12,21.35,0.00,15.73,0.00,0.00,5.62,0.00,0.00,0.00,57.30
20:19:05,13,19.77,0.00,15.12,0.00,0.00,5.81,0.00,0.00,0.00,59.30
20:19:05,14,20.93,0.00,16.28,0.00,0.00,3.49,0.00,0.00,0.00,59.30
20:19:05,15,20.45,0.00,15.91,0.00,0.00,4.55,0.00,0.00,0.00,59.09
20:19:06,4,21.35,0.00,16.85,0.00,0.00,5.62,0.00,0.00,0.00,56.18
20:19:06,5,24.42,0.00,16.28,0.00,0.00,4.65,0.00,0.00,0.00,54.65
20:19:06,6,21.35,0.00,15.73,0.00,0.00,5.62,0.00,0.00,0.00,57.30
20:19:06,7,19.77,0.00,17.44,0.00,0.00,4.65,0.00,0.00,0.00,58.14
20:19:06,12,20.22,0.00,17.98,0.00,0.00,5.62,0.00,0.00,0.00,56.18
20:19:06,13,21.59,0.00,18.18,0.00,0.00,3.41,0.00,0.00,0.00,56.82
20:19:06,14,23.08,0.00,16.48,0.00,0.00,5.49,0.00,0.00,0.00,54.95
20:19:06,15,23.66,0.00,17.20,0.00,0.00,5.38,0.00,0.00,0.00,53.76
20:19:07,4,22.58,0.00,17.20,0.00,0.00,5.38,0.00,0.00,0.00,54.84
20:19:07,5,22.22,0.00,20.00,0.00,0.00,4.44,0.00,0.00,0.00,53.33
20:19:07,6,22.09,0.00,16.28,0.00,0.00,4.65,0.00,0.00,0.00,56.98
20:19:07,7,20.22,0.00,15.73,0.00,0.00,5.62,0.00,0.00,0.00,58.43
20:19:07,12,22.22,0.00,16.67,0.00,0.00,4.44,0.00,0.00,0.00,56.67
20:19:07,13,22.73,0.00,15.91,0.00,0.00,5.68,0.00,0.00,0.00,55.68
20:19:07,14,22.09,0.00,16.28,0.00,0.00,5.81,0.00,0.00,0.00,55.81
20:19:07,15,20.00,0.00,16.47,0.00,0.00,4.71,0.00,0.00,0.00,58.82
20:19:08,4,22.73,0.00,14.77,0.00,0.00,4.55,0.00,0.00,0.00,57.95
20:19:08,5,23.86,0.00,14.77,0.00,0.00,4.55,0.00,0.00,0.00,56.82
20:19:08,6,20.88,0.00,16.48,0.00,0.00,5.49,0.00,0.00,0.00,57.14
20:19:08,7,20.93,0.00,13.95,0.00,0.00,4.65,0.00,0.00,0.00,60.47
20:19:08,12,23.08,0.00,16.48,0.00,0.00,4.40,0.00,0.00,0.00,56.04
20:19:08,13,20.00,0.00,16.67,0.00,0.00,5.56,0.00,0.00,0.00,57.78
20:19:08,14,19.32,0.00,17.05,0.00,0.00,4.55,0.00,0.00,0.00,59.09
20:19:08,15,17.78,0.00,16.67,0.00,0.00,6.67,0.00,0.00,0.00,58.89
20:19:09,4,19.54,0.00,14.94,0.00,0.00,5.75,0.00,0.00,0.00,59.77
20:19:09,5,22.83,0.00,16.30,0.00,0.00,4.35,0.00,0.00,0.00,56.52
20:19:09,6,21.35,0.00,15.73,0.00,0.00,4.49,0.00,0.00,0.00,58.43
20:19:09,7,19.57,0.00,17.39,0.00,0.00,5.43,0.00,0.00,0.00,57.61
20:19:09,12,19.32,0.00,18.18,0.00,0.00,4.55,0.00,0.00,0.00,57.95
20:19:09,13,20.69,0.00,14.94,0.00,0.00,5.75,0.00,0.00,0.00,58.62
20:19:09,14,19.32,0.00,18.18,0.00,0.00,4.55,0.00,0.00,0.00,57.95
20:19:09,15,21.11,0.00,16.67,0.00,0.00,4.44,0.00,0.00,0.00,57.78
20:19:10,4,22.47,0.00,15.73,0.00,0.00,4.49,0.00,0.00,0.00,57.30
20:19:10,5,20.00,0.00,14.12,0.00,0.00,5.88,0.00,0.00,0.00,60.00
20:19:10,6,21.98,0.00,16.48,0.00,0.00,5.49,0.00,0.00,0.00,56.04
20:19:10,7,19.10,0.00,16.85,0.00,0.00,5.62,0.00,0.00,0.00,58.43
20:19:10,12,21.98,0.00,15.38,0.00,0.00,6.59,0.00,0.00,0.00,56.04
20:19:10,13,20.22,0.00,16.85,0.00,0.00,4.49,0.00,0.00,0.00,58.43
20:19:10,14,21.35,0.00,16.85,0.00,0.00,4.49,0.00,0.00,0.00,57.30
20:19:10,15,20.00,0.00,17.78,0.00,0.00,4.44,0.00,0.00,0.00,57.78
20:19:11,4,20.22,0.00,16.85,0.00,0.00,4.49,0.00,0.00,0.00,58.43
20:19:11,5,19.32,0.00,17.05,0.00,0.00,5.68,0.00,0.00,0.00,57.95
20:19:11,6,21.59,0.00,15.91,0.00,0.00,3.41,0.00,0.00,0.00,59.09
20:19:11,7,20.22,0.00,15.73,0.00,0.00,4.49,0.00,0.00,0.00,59.55
20:19:11,12,22.22,0.00,14.44,0.00,0.00,4.44,0.00,0.00,0.00,58.89
20:19:11,13,21.74,0.00,16.30,0.00,0.00,5.43,0.00,0.00,0.00,56.52
20:19:11,14,22.47,0.00,14.61,0.00,0.00,4.49,0.00,0.00,0.00,58.43
20:19:11,15,19.32,0.00,15.91,0.00,0.00,5.68,0.00,0.00,0.00,59.09
20:19:12,4,23.86,0.00,15.91,0.00,0.00,5.68,0.00,0.00,0.00,54.55
20:19:12,5,23.53,0.00,14.12,0.00,0.00,4.71,0.00,0.00,0.00,57.65
20:19:12,6,24.14,0.00,17.24,1.15,0.00,4.60,0.00,0.00,0.00,52.87
20:19:12,7,22.34,0.00,17.02,0.00,0.00,5.32,0.00,0.00,0.00,55.32
20:19:12,12,23.33,0.00,16.67,0.00,0.00,4.44,0.00,0.00,0.00,55.56
20:19:12,13,22.73,0.00,18.18,0.00,0.00,4.55,0.00,0.00,0.00,54.55
20:19:12,14,22.22,0.00,18.89,0.00,0.00,5.56,0.00,0.00,0.00,53.33
20:19:12,15,20.22,0.00,16.85,0.00,0.00,5.62,0.00,0.00,0.00,57.30
20:19:13,4,22.22,0.00,15.56,0.00,0.00,5.56,0.00,0.00,0.00,56.67
20:19:13,5,23.86,0.00,17.05,0.00,0.00,3.41,0.00,0.00,0.00,55.68
20:19:13,6,20.93,0.00,16.28,0.00,0.00,4.65,0.00,0.00,0.00,58.14
20:19:13,7,21.59,0.00,15.91,0.00,0.00,4.55,0.00,0.00,0.00,57.95
20:19:13,12,20.45,0.00,17.05,0.00,0.00,5.68,0.00,0.00,0.00,56.82
20:19:13,13,22.73,0.00,15.91,0.00,0.00,4.55,0.00,0.00,0.00,56.82
20:19:13,14,23.33,0.00,14.44,0.00,0.00,6.67,0.00,0.00,0.00,55.56
20:19:13,15,20.00,0.00,15.29,0.00,0.00,4.71,0.00,0.00,0.00,60.00
20:19:14,4,21.59,0.00,14.77,0.00,0.00,4.55,0.00,0.00,0.00,59.09
20:19:14,5,21.59,0.00,17.05,0.00,0.00,4.55,0.00,0.00,0.00,56.82
20:19:14,6,20.22,0.00,16.85,0.00,0.00,4.49,0.00,0.00,0.00,58.43
20:19:14,7,21.11,0.00,16.67,0.00,0.00,5.56,0.00,0.00,0.00,56.67
20:19:14,12,21.59,0.00,13.64,0.00,0.00,5.68,0.00,0.00,0.00,59.09
20:19:14,13,22.47,0.00,14.61,0.00,0.00,5.62,0.00,0.00,0.00,57.30
20:19:14,14,21.35,0.00,14.61,0.00,0.00,5.62,0.00,0.00,0.00,58.43
20:19:14,15,21.35,0.00,14.61,0.00,0.00,5.62,0.00,0.00,0.00,58.43
20:19:15,4,22.47,0.00,14.61,0.00,0.00,4.49,0.00,0.00,0.00,58.43
20:19:15,5,20.69,0.00,14.94,0.00,0.00,5.75,0.00,0.00,0.00,58.62
20:19:15,6,19.77,0.00,16.28,0.00,0.00,4.65,0.00,0.00,0.00,59.30
20:19:15,7,19.32,0.00,18.18,0.00,0.00,3.41,0.00,0.00,0.00,59.09
20:19:15,12,21.35,0.00,17.98,0.00,0.00,4.49,0.00,0.00,0.00,56.18
20:19:15,13,19.32,0.00,18.18,0.00,0.00,5.68,0.00,0.00,0.00,56.82
20:19:15,14,21.59,0.00,15.91,0.00,0.00,4.55,0.00,0.00,0.00,57.95
20:19:15,15,20.69,0.00,16.09,0.00,0.00,4.60,0.00,0.00,0.00,58.62
20:19:16,4,19.32,0.00,18.18,0.00,0.00,4.55,0.00,0.00,0.00,57.95
20:19:16,5,21.35,0.00,15.73,0.00,0.00,5.62,0.00,0.00,0.00,57.30
20:19:16,6,18.82,0.00,16.47,0.00,0.00,4.71,0.00,0.00,0.00,60.00
20:19:16,7,19.78,0.00,16.48,0.00,0.00,6.59,0.00,0.00,0.00,57.14
20:19:16,12,21.98,0.00,15.38,0.00,0.00,5.49,0.00,0.00,0.00,57.14
20:19:16,13,23.33,0.00,14.44,0.00,0.00,5.56,0.00,0.00,0.00,56.67
20:19:16,14,19.32,0.00,18.18,0.00,0.00,5.68,0.00,0.00,0.00,56.82
20:19:16,15,20.45,0.00,15.91,0.00,0.00,5.68,0.00,0.00,0.00,57.95
20:19:17,4,22.73,0.00,15.91,0.00,0.00,5.68,0.00,0.00,0.00,55.68
20:19:17,5,21.74,0.00,19.57,0.00,0.00,5.43,0.00,0.00,0.00,53.26
20:19:17,6,20.22,0.00,17.98,1.12,0.00,5.62,0.00,0.00,0.00,55.06
20:19:17,7,22.09,0.00,16.28,0.00,0.00,3.49,0.00,0.00,0.00,58.14
20:19:17,12,25.56,0.00,18.89,0.00,0.00,3.33,0.00,0.00,0.00,52.22
20:19:17,13,23.08,0.00,18.68,0.00,0.00,4.40,0.00,0.00,0.00,53.85
20:19:17,14,21.84,0.00,17.24,1.15,0.00,4.60,0.00,0.00,0.00,55.17
20:19:17,15,20.93,0.00,16.28,0.00,0.00,4.65,0.00,0.00,0.00,58.14
20:19:18,4,21.35,0.00,15.73,0.00,0.00,4.49,0.00,0.00,0.00,58.43
20:19:18,5,22.22,0.00,15.56,0.00,0.00,5.56,0.00,0.00,0.00,56.67
20:19:18,6,22.09,0.00,15.12,0.00,0.00,4.65,0.00,0.00,0.00,58.14
20:19:18,7,17.44,0.00,16.28,0.00,0.00,5.81,0.00,0.00,0.00,60.47
20:19:18,12,23.08,0.00,16.48,0.00,0.00,3.30,0.00,0.00,0.00,57.14
20:19:18,13,19.10,0.00,16.85,0.00,0.00,6.74,0.00,0.00,0.00,57.30
20:19:18,14,21.98,0.00,15.38,0.00,0.00,5.49,0.00,0.00,0.00,57.14
20:19:18,15,20.88,0.00,16.48,0.00,0.00,5.49,0.00,0.00,0.00,57.14
20:19:19,4,20.22,0.00,17.98,0.00,0.00,5.62,0.00,0.00,0.00,56.18
20:19:19,5,19.54,0.00,17.24,0.00,0.00,4.60,0.00,0.00,0.00,58.62
20:19:19,6,20.45,0.00,15.91,0.00,0.00,4.55,0.00,0.00,0.00,59.09
20:19:19,7,21.11,0.00,14.44,0.00,0.00,5.56,0.00,0.00,0.00,58.89
20:19:19,12,22.22,0.00,16.67,0.00,0.00,4.44,0.00,0.00,0.00,56.67
20:19:19,13,21.84,0.00,16.09,0.00,0.00,4.60,0.00,0.00,0.00,57.47
20:19:19,14,21.11,0.00,15.56,0.00,0.00,6.67,0.00,0.00,0.00,56.67
20:19:19,15,19.54,0.00,16.09,0.00,0.00,4.60,0.00,0.00,0.00,59.77
20:19:20,4,19.32,0.00,17.05,0.00,0.00,4.55,0.00,0.00,0.00,59.09
20:19:20,5,20.88,0.00,16.48,0.00,0.00,5.49,0.00,0.00,0.00,57.14
20:19:20,6,23.91,0.00,16.30,0.00,0.00,4.35,0.00,0.00,0.00,55.43
20:19:20,7,19.78,0.00,18.68,0.00,0.00,4.40,0.00,0.00,0.00,57.14
20:19:20,12,22.47,0.00,14.61,0.00,0.00,4.49,0.00,0.00,0.00,58.43
20:19:20,13,23.40,0.00,18.09,0.00,0.00,5.32,0.00,0.00,0.00,53.19
20:19:20,14,21.59,0.00,13.64,0.00,0.00,6.82,0.00,0.00,0.00,57.95
20:19:20,15,21.84,0.00,14.94,0.00,0.00,3.45,0.00,0.00,0.00,59.77
20:19:21,4,20.45,0.00,17.05,0.00,0.00,5.68,0.00,0.00,0.00,56.82
20:19:21,5,23.33,0.00,15.56,0.00,0.00,5.56,0.00,0.00,0.00,55.56
20:19:21,6,20.45,0.00,15.91,0.00,0.00,5.68,0.00,0.00,0.00,57.95
20:19:21,7,20.45,0.00,15.91,0.00,0.00,3.41,0.00,0.00,0.00,60.23
20:19:21,12,21.18,0.00,16.47,0.00,0.00,3.53,0.00,0.00,0.00,58.82
20:19:21,13,20.69,0.00,16.09,0.00,0.00,5.75,0.00,0.00,0.00,57.47
20:19:21,14,21.35,0.00,16.85,0.00,0.00,4.49,0.00,0.00,0.00,57.30
20:19:21,15,18.39,0.00,16.09,0.00,0.00,5.75,0.00,0.00,0.00,59.77
20:19:22,4,22.83,0.00,18.48,0.00,0.00,5.43,0.00,0.00,0.00,53.26
20:19:22,5,23.86,0.00,17.05,2.27,0.00,5.68,0.00,0.00,0.00,51.14
20:19:22,6,23.60,0.00,15.73,0.00,0.00,4.49,0.00,0.00,0.00,56.18
20:19:22,7,19.32,0.00,17.05,0.00,0.00,4.55,0.00,0.00,0.00,59.09
20:19:22,12,23.91,0.00,18.48,0.00,0.00,5.43,0.00,0.00,0.00,52.17
20:19:22,13,19.54,0.00,17.24,0.00,0.00,5.75,0.00,0.00,0.00,57.47
20:19:22,14,24.42,0.00,15.12,0.00,0.00,4.65,0.00,0.00,0.00,55.81
20:19:22,15,22.47,0.00,15.73,1.12,0.00,4.49,0.00,0.00,0.00,56.18
20:19:23,4,20.00,0.00,17.78,0.00,0.00,4.44,0.00,0.00,0.00,57.78
20:19:23,5,23.08,0.00,16.48,0.00,0.00,4.40,0.00,0.00,0.00,56.04
20:19:23,6,19.54,0.00,17.24,0.00,0.00,4.60,0.00,0.00,0.00,58.62
20:19:23,7,20.22,0.00,16.85,0.00,0.00,5.62,0.00,0.00,0.00,57.30
20:19:23,12,19.10,0.00,16.85,0.00,0.00,5.62,0.00,0.00,0.00,58.43
20:19:23,13,20.93,0.00,15.12,0.00,0.00,4.65,0.00,0.00,0.00,59.30
20:19:23,14,21.59,0.00,14.77,0.00,0.00,4.55,0.00,0.00,0.00,59.09
20:19:23,15,21.98,0.00,16.48,0.00,0.00,3.30,0.00,0.00,0.00,58.24
20:19:24,4,21.59,0.00,14.77,0.00,0.00,4.55,0.00,0.00,0.00,59.09
20:19:24,5,22.58,0.00,17.20,0.00,0.00,5.38,0.00,0.00,0.00,54.84
20:19:24,6,20.00,0.00,16.67,0.00,0.00,5.56,0.00,0.00,0.00,57.78
20:19:24,7,23.40,0.00,14.89,0.00,0.00,6.38,0.00,0.00,0.00,55.32
20:19:24,12,20.45,0.00,15.91,0.00,0.00,4.55,0.00,0.00,0.00,59.09
20:19:24,13,21.35,0.00,15.73,0.00,0.00,5.62,0.00,0.00,0.00,57.30
20:19:24,14,20.00,0.00,16.47,0.00,0.00,3.53,0.00,0.00,0.00,60.00
20:19:24,15,20.69,0.00,16.09,0.00,0.00,4.60,0.00,0.00,0.00,58.62
20:19:25,4,23.60,0.00,14.61,0.00,0.00,4.49,0.00,0.00,0.00,57.30
20:19:25,5,21.35,0.00,15.73,0.00,0.00,4.49,0.00,0.00,0.00,58.43
20:19:25,6,21.11,0.00,17.78,0.00,0.00,4.44,0.00,0.00,0.00,56.67
20:19:25,7,19.54,0.00,14.94,0.00,0.00,5.75,0.00,0.00,0.00,59.77
20:19:25,12,22.22,0.00,16.67,0.00,0.00,4.44,0.00,0.00,0.00,56.67
20:19:25,13,23.33,0.00,14.44,0.00,0.00,5.56,0.00,0.00,0.00,56.67
20:19:25,14,21.11,0.00,16.67,0.00,0.00,5.56,0.00,0.00,0.00,56.67
20:19:25,15,23.08,0.00,15.38,0.00,0.00,4.40,0.00,0.00,0.00,57.14
20:19:26,4,22.47,0.00,15.73,0.00,0.00,4.49,0.00,0.00,0.00,57.30
20:19:26,5,19.32,0.00,18.18,0.00,0.00,4.55,0.00,0.00,0.00,57.95
20:19:26,6,20.93,0.00,16.28,0.00,0.00,3.49,0.00,0.00,0.00,59.30
20:19:26,7,19.78,0.00,16.48,0.00,0.00,6.59,0.00,0.00,0.00,57.14
20:19:26,12,21.98,0.00,16.48,0.00,0.00,5.49,0.00,0.00,0.00,56.04
20:19:26,13,23.08,0.00,15.38,0.00,0.00,4.40,0.00,0.00,0.00,57.14
20:19:26,14,20.69,0.00,16.09,0.00,0.00,3.45,0.00,0.00,0.00,59.77
20:19:26,15,20.88,0.00,16.48,0.00,0.00,5.49,0.00,0.00,0.00,57.14
20:19:27,4,20.45,0.00,18.18,0.00,0.00,5.68,0.00,0.00,0.00,55.68
20:19:27,5,24.18,0.00,16.48,0.00,0.00,6.59,0.00,0.00,0.00,52.75
20:19:27,6,23.33,0.00,15.56,0.00,0.00,6.67,0.00,0.00,0.00,54.44
20:19:27,7,20.69,0.00,18.39,0.00,0.00,3.45,0.00,0.00,0.00,57.47
20:19:27,12,27.78,0.00,15.56,0.00,0.00,4.44,0.00,0.00,0.00,52.22
20:19:27,13,21.59,0.00,17.05,0.00,0.00,4.55,0.00,0.00,0.00,56.82
20:19:27,14,22.47,0.00,19.10,1.12,0.00,4.49,0.00,0.00,0.00,52.81
20:19:27,15,20.45,0.00,18.18,0.00,0.00,4.55,0.00,0.00,0.00,56.82
20:19:28,4,18.60,0.00,17.44,0.00,0.00,4.65,0.00,0.00,0.00,59.30
20:19:28,5,22.47,0.00,16.85,0.00,0.00,3.37,0.00,0.00,0.00,57.30
20:19:28,6,21.11,0.00,17.78,0.00,0.00,4.44,0.00,0.00,0.00,56.67
20:19:28,7,20.22,0.00,15.73,0.00,0.00,5.62,0.00,0.00,0.00,58.43
20:19:28,12,21.35,0.00,15.73,0.00,0.00,4.49,0.00,0.00,0.00,58.43
20:19:28,13,21.35,0.00,16.85,0.00,0.00,5.62,0.00,0.00,0.00,56.18
20:19:28,14,20.22,0.00,16.85,0.00,0.00,4.49,0.00,0.00,0.00,58.43
20:19:28,15,20.22,0.00,15.73,0.00,0.00,5.62,0.00,0.00,0.00,58.43
20:19:29,4,23.86,0.00,13.64,0.00,0.00,4.55,0.00,0.00,0.00,57.95
20:19:29,5,21.35,0.00,17.98,0.00,0.00,3.37,0.00,0.00,0.00,57.30
20:19:29,6,21.35,0.00,15.73,0.00,0.00,4.49,0.00,0.00,0.00,58.43
20:19:29,7,19.32,0.00,17.05,0.00,0.00,4.55,0.00,0.00,0.00,59.09
20:19:29,12,23.33,0.00,15.56,0.00,0.00,4.44,0.00,0.00,0.00,56.67
20:19:29,13,23.08,0.00,15.38,0.00,0.00,5.49,0.00,0.00,0.00,56.04
20:19:29,14,21.11,0.00,18.89,0.00,0.00,3.33,0.00,0.00,0.00,56.67
20:19:29,15,19.78,0.00,17.58,0.00,0.00,5.49,0.00,0.00,0.00,57.14
20:19:30,4,20.45,0.00,15.91,0.00,0.00,5.68,0.00,0.00,0.00,57.95
20:19:30,5,20.22,0.00,16.85,0.00,0.00,4.49,0.00,0.00,0.00,58.43
20:19:30,6,19.54,0.00,18.39,0.00,0.00,4.60,0.00,0.00,0.00,57.47
20:19:30,7,20.00,0.00,17.78,0.00,0.00,4.44,0.00,0.00,0.00,57.78
20:19:30,12,20.45,0.00,17.05,0.00,0.00,5.68,0.00,0.00,0.00,56.82
20:19:30,13,21.51,0.00,19.35,0.00,0.00,4.30,0.00,0.00,0.00,54.84
20:19:30,14,20.45,0.00,17.05,0.00,0.00,5.68,0.00,0.00,0.00,56.82
20:19:30,15,20.45,0.00,17.05,0.00,0.00,3.41,0.00,0.00,0.00,59.09
20:19:31,4,20.88,0.00,18.68,0.00,0.00,5.49,0.00,0.00,0.00,54.95
20:19:31,5,23.08,0.00,17.58,0.00,0.00,4.40,0.00,0.00,0.00,54.95
20:19:31,6,23.08,0.00,16.48,0.00,0.00,4.40,0.00,0.00,0.00,56.04
20:19:31,7,20.22,0.00,17.98,0.00,0.00,3.37,0.00,0.00,0.00,58.43
20:19:31,12,19.05,0.00,14.29,0.00,0.00,5.95,0.00,0.00,0.00,60.71
20:19:31,13,22.22,0.00,15.56,0.00,0.00,5.56,0.00,0.00,0.00,56.67
20:19:31,14,22.47,0.00,15.73,0.00,0.00,4.49,0.00,0.00,0.00,57.30
20:19:31,15,19.32,0.00,15.91,0.00,0.00,4.55,0.00,0.00,0.00,60.23
20:19:32,4,26.37,0.00,16.48,0.00,0.00,5.49,0.00,0.00,0.00,51.65
20:19:32,5,23.08,0.00,18.68,0.00,0.00,4.40,0.00,0.00,0.00,53.85
20:19:32,6,19.10,0.00,17.98,0.00,0.00,5.62,0.00,0.00,0.00,57.30
20:19:32,7,21.35,0.00,15.73,0.00,0.00,5.62,0.00,0.00,0.00,57.30
20:19:32,12,24.72,0.00,17.98,1.12,0.00,2.25,0.00,0.00,0.00,53.93
20:19:32,13,23.86,0.00,15.91,0.00,0.00,4.55,0.00,0.00,0.00,55.68
20:19:32,14,20.22,0.00,17.98,0.00,0.00,5.62,0.00,0.00,0.00,56.18
20:19:32,15,20.00,0.00,16.47,0.00,0.00,4.71,0.00,0.00,0.00,58.82
20:19:33,4,21.98,0.00,14.29,0.00,0.00,6.59,0.00,0.00,0.00,57.14
20:19:33,5,22.73,0.00,15.91,0.00,0.00,3.41,0.00,0.00,0.00,57.95
20:19:33,6,19.54,0.00,17.24,0.00,0.00,4.60,0.00,0.00,0.00,58.62
20:19:33,7,21.11,0.00,17.78,0.00,0.00,4.44,0.00,0.00,0.00,56.67
20:19:33,12,22.83,0.00,16.30,0.00,0.00,4.35,0.00,0.00,0.00,56.52
20:19:33,13,19.32,0.00,18.18,0.00,0.00,4.55,0.00,0.00,0.00,57.95
20:19:33,14,19.77,0.00,17.44,0.00,0.00,3.49,0.00,0.00,0.00,59.30
20:19:33,15,21.98,0.00,16.48,0.00,0.00,4.40,0.00,0.00,0.00,57.14
20:19:34,4,21.59,0.00,14.77,0.00,0.00,5.68,0.00,0.00,0.00,57.95
20:19:34,5,20.93,0.00,16.28,0.00,0.00,4.65,0.00,0.00,0.00,58.14
20:19:34,6,23.08,0.00,18.68,0.00,0.00,3.30,0.00,0.00,0.00,54.95
20:19:34,7,20.88,0.00,16.48,0.00,0.00,5.49,0.00,0.00,0.00,57.14
20:19:34,12,19.32,0.00,17.05,0.00,0.00,5.68,0.00,0.00,0.00,57.95
20:19:34,13,18.39,0.00,18.39,0.00,0.00,4.60,0.00,0.00,0.00,58.62
20:19:34,14,20.88,0.00,18.68,0.00,0.00,5.49,0.00,0.00,0.00,54.95
20:19:34,15,19.78,0.00,19.78,0.00,0.00,4.40,0.00,0.00,0.00,56.04
20:19:35,4,21.59,0.00,15.91,0.00,0.00,4.55,0.00,0.00,0.00,57.95
20:19:35,5,20.22,0.00,15.73,0.00,0.00,5.62,0.00,0.00,0.00,58.43
20:19:35,6,20.93,0.00,15.12,0.00,0.00,5.81,0.00,0.00,0.00,58.14
20:19:35,7,18.39,0.00,14.94,0.00,0.00,5.75,0.00,0.00,0.00,60.92
20:19:35,12,21.35,0.00,14.61,0.00,0.00,5.62,0.00,0.00,0.00,58.43
20:19:35,13,21.35,0.00,17.98,0.00,0.00,4.49,0.00,0.00,0.00,56.18
20:19:35,14,21.98,0.00,18.68,0.00,0.00,4.40,0.00,0.00,0.00,54.95
20:19:35,15,18.39,0.00,16.09,0.00,0.00,4.60,0.00,0.00,0.00,60.92
20:19:36,4,23.91,0.00,14.13,0.00,0.00,5.43,0.00,0.00,0.00,56.52
20:19:36,5,20.22,0.00,17.98,0.00,0.00,4.49,0.00,0.00,0.00,57.30
20:19:36,6,22.22,0.00,14.44,0.00,0.00,5.56,0.00,0.00,0.00,57.78
20:19:36,7,22.47,0.00,14.61,0.00,0.00,4.49,0.00,0.00,0.00,58.43
20:19:36,12,20.88,0.00,16.48,0.00,0.00,5.49,0.00,0.00,0.00,57.14
20:19:36,13,22.47,0.00,14.61,0.00,0.00,4.49,0.00,0.00,0.00,58.43
20:19:36,14,20.45,0.00,15.91,0.00,0.00,4.55,0.00,0.00,0.00,59.09
20:19:36,15,21.84,0.00,14.94,0.00,0.00,3.45,0.00,0.00,0.00,59.77
20:19:37,4,26.14,0.00,15.91,1.14,0.00,4.55,0.00,0.00,0.00,52.27
20:19:37,5,22.47,0.00,16.85,0.00,0.00,4.49,0.00,0.00,0.00,56.18
20:19:37,6,22.22,0.00,17.78,0.00,0.00,4.44,0.00,0.00,0.00,55.56
20:19:37,7,21.59,0.00,17.05,0.00,0.00,3.41,0.00,0.00,0.00,57.95
20:19:37,12,22.47,0.00,16.85,0.00,0.00,4.49,0.00,0.00,0.00,56.18
20:19:37,13,20.93,0.00,16.28,0.00,0.00,4.65,0.00,0.00,0.00,58.14
20:19:37,14,21.59,0.00,15.91,1.14,0.00,5.68,0.00,0.00,0.00,55.68
20:19:37,15,23.33,0.00,15.56,0.00,0.00,4.44,0.00,0.00,0.00,56.67
20:19:38,4,21.11,0.00,16.67,0.00,0.00,4.44,0.00,0.00,0.00,57.78
20:19:38,5,19.32,0.00,17.05,0.00,0.00,5.68,0.00,0.00,0.00,57.95
20:19:38,6,18.68,0.00,18.68,0.00,0.00,5.49,0.00,0.00,0.00,57.14
20:19:38,7,21.11,0.00,17.78,0.00,0.00,4.44,0.00,0.00,0.00,56.67
20:19:38,12,20.93,0.00,15.12,0.00,0.00,4.65,0.00,0.00,0.00,59.30
20:19:38,13,21.98,0.00,17.58,0.00,0.00,4.40,0.00,0.00,0.00,56.04
20:19:38,14,20.45,0.00,15.91,0.00,0.00,5.68,0.00,0.00,0.00,57.95
20:19:38,15,22.47,0.00,16.85,0.00,0.00,3.37,0.00,0.00,0.00,57.30
20:19:39,4,21.11,0.00,16.67,0.00,0.00,5.56,0.00,0.00,0.00,56.67
20:19:39,5,23.91,0.00,15.22,0.00,0.00,5.43,0.00,0.00,0.00,55.43
20:19:39,6,21.11,0.00,17.78,0.00,0.00,4.44,0.00,0.00,0.00,56.67
20:19:39,7,20.45,0.00,17.05,0.00,0.00,4.55,0.00,0.00,0.00,57.95
20:19:39,12,20.22,0.00,16.85,0.00,0.00,5.62,0.00,0.00,0.00,57.30
20:19:39,13,21.84,0.00,14.94,0.00,0.00,4.60,0.00,0.00,0.00,58.62
20:19:39,14,21.11,0.00,16.67,0.00,0.00,5.56,0.00,0.00,0.00,56.67
20:19:39,15,21.11,0.00,15.56,0.00,0.00,5.56,0.00,0.00,0.00,57.78
20:19:40,4,23.08,0.00,16.48,0.00,0.00,5.49,0.00,0.00,0.00,54.95
20:19:40,5,21.59,0.00,15.91,0.00,0.00,4.55,0.00,0.00,0.00,57.95
20:19:40,6,21.59,0.00,17.05,0.00,0.00,4.55,0.00,0.00,0.00,56.82
20:19:40,7,18.18,0.00,17.05,0.00,0.00,5.68,0.00,0.00,0.00,59.09
20:19:40,12,21.35,0.00,15.73,0.00,0.00,5.62,0.00,0.00,0.00,57.30
20:19:40,13,22.83,0.00,16.30,0.00,0.00,6.52,0.00,0.00,0.00,54.35
20:19:40,14,20.00,0.00,15.29,0.00,0.00,4.71,0.00,0.00,0.00,60.00
20:19:40,15,21.35,0.00,14.61,0.00,0.00,5.62,0.00,0.00,0.00,58.43
20:19:41,4,20.00,0.00,14.12,0.00,0.00,5.88,0.00,0.00,0.00,60.00
20:19:41,5,24.18,0.00,15.38,0.00,0.00,4.40,0.00,0.00,0.00,56.04
20:19:41,6,18.39,0.00,17.24,0.00,0.00,6.90,0.00,0.00,0.00,57.47
20:19:41,7,20.65,0.00,17.39,0.00,0.00,5.43,0.00,0.00,0.00,56.52
20:19:41,12,17.98,0.00,19.10,0.00,0.00,6.74,0.00,0.00,0.00,56.18
20:19:41,13,21.59,0.00,15.91,0.00,0.00,5.68,0.00,0.00,0.00,56.82
20:19:41,14,22.73,0.00,14.77,0.00,0.00,5.68,0.00,0.00,0.00,56.82
20:19:41,15,22.58,0.00,18.28,0.00,0.00,4.30,0.00,0.00,0.00,54.84
20:19:42,4,26.37,0.00,14.29,0.00,0.00,5.49,0.00,0.00,0.00,53.85
20:19:42,5,22.47,0.00,17.98,0.00,0.00,5.62,0.00,0.00,0.00,53.93
20:19:42,6,22.47,0.00,16.85,0.00,0.00,5.62,0.00,0.00,0.00,55.06
20:19:42,7,19.32,0.00,19.32,0.00,0.00,4.55,0.00,0.00,0.00,56.82
20:19:42,12,23.33,0.00,18.89,0.00,0.00,5.56,0.00,0.00,0.00,52.22
20:19:42,13,25.00,0.00,15.91,0.00,0.00,3.41,0.00,0.00,0.00,55.68
20:19:42,14,22.22,0.00,18.89,0.00,0.00,4.44,0.00,0.00,0.00,54.44
20:19:42,15,23.08,0.00,15.38,0.00,0.00,6.59,0.00,0.00,0.00,54.95
20:19:43,4,20.69,0.00,16.09,0.00,0.00,5.75,0.00,0.00,0.00,57.47
20:19:43,5,20.69,0.00,14.94,0.00,0.00,5.75,0.00,0.00,0.00,58.62
20:19:43,6,20.65,0.00,18.48,0.00,0.00,5.43,0.00,0.00,0.00,55.43
20:19:43,7,22.11,0.00,17.89,0.00,0.00,4.21,0.00,0.00,0.00,55.79
20:19:43,12,20.45,0.00,15.91,0.00,0.00,5.68,0.00,0.00,0.00,57.95
20:19:43,13,21.35,0.00,16.85,0.00,0.00,4.49,0.00,0.00,0.00,57.30
20:19:43,14,18.18,0.00,17.05,0.00,0.00,6.82,0.00,0.00,0.00,57.95
20:19:43,15,21.59,0.00,14.77,0.00,0.00,5.68,0.00,0.00,0.00,57.95
20:19:44,4,20.00,0.00,17.78,0.00,0.00,5.56,0.00,0.00,0.00,56.67
20:19:44,5,21.84,0.00,14.94,0.00,0.00,4.60,0.00,0.00,0.00,58.62
20:19:44,6,19.10,0.00,16.85,0.00,0.00,5.62,0.00,0.00,0.00,58.43
20:19:44,7,19.77,0.00,15.12,0.00,0.00,4.65,0.00,0.00,0.00,60.47
20:19:44,12,22.22,0.00,16.67,0.00,0.00,5.56,0.00,0.00,0.00,55.56
20:19:44,13,22.73,0.00,14.77,0.00,0.00,4.55,0.00,0.00,0.00,57.95
20:19:44,14,23.86,0.00,14.77,0.00,0.00,4.55,0.00,0.00,0.00,56.82
20:19:44,15,21.59,0.00,14.77,0.00,0.00,4.55,0.00,0.00,0.00,59.09
20:19:45,4,21.35,0.00,15.73,0.00,0.00,5.62,0.00,0.00,0.00,57.30
20:19:45,5,20.22,0.00,16.85,0.00,0.00,6.74,0.00,0.00,0.00,56.18
20:19:45,6,21.98,0.00,17.58,0.00,0.00,6.59,0.00,0.00,0.00,53.85
20:19:45,7,20.00,0.00,17.78,0.00,0.00,4.44,0.00,0.00,0.00,57.78
20:19:45,12,20.69,0.00,17.24,0.00,0.00,4.60,0.00,0.00,0.00,57.47
20:19:45,13,24.18,0.00,15.38,0.00,0.00,5.49,0.00,0.00,0.00,54.95
20:19:45,14,20.45,0.00,15.91,0.00,0.00,5.68,0.00,0.00,0.00,57.95
20:19:45,15,20.69,0.00,16.09,0.00,0.00,4.60,0.00,0.00,0.00,58.62
20:19:46,4,22.22,0.00,17.78,0.00,0.00,4.44,0.00,0.00,0.00,55.56
20:19:46,5,23.33,0.00,16.67,0.00,0.00,4.44,0.00,0.00,0.00,55.56
20:19:46,6,21.98,0.00,17.58,0.00,0.00,5.49,0.00,0.00,0.00,54.95
20:19:46,7,19.57,0.00,19.57,0.00,0.00,5.43,0.00,0.00,0.00,55.43
20:19:46,12,20.45,0.00,18.18,0.00,0.00,4.55,0.00,0.00,0.00,56.82
20:19:46,13,22.47,0.00,17.98,0.00,0.00,4.49,0.00,0.00,0.00,55.06
20:19:46,14,20.69,0.00,16.09,0.00,0.00,5.75,0.00,0.00,0.00,57.47
20:19:46,15,20.45,0.00,15.91,0.00,0.00,4.55,0.00,0.00,0.00,59.09
20:19:47,4,22.99,0.00,19.54,0.00,0.00,4.60,0.00,0.00,0.00,52.87
20:19:47,5,21.35,0.00,20.22,0.00,0.00,5.62,0.00,0.00,0.00,52.81
20:19:47,6,21.18,0.00,17.65,0.00,0.00,4.71,0.00,0.00,0.00,56.47
20:19:47,7,20.88,0.00,18.68,0.00,0.00,5.49,0.00,0.00,0.00,54.95
20:19:47,12,21.74,0.00,18.48,0.00,0.00,6.52,0.00,0.00,0.00,53.26
20:19:47,13,24.14,0.00,14.94,0.00,0.00,5.75,0.00,0.00,0.00,55.17
20:19:47,14,19.05,0.00,16.67,0.00,0.00,5.95,0.00,0.00,0.00,58.33
20:19:47,15,20.88,0.00,18.68,0.00,0.00,5.49,0.00,0.00,0.00,54.95
20:19:48,4,20.88,0.00,18.68,0.00,0.00,5.49,0.00,0.00,0.00,54.95
20:19:48,5,21.11,0.00,18.89,0.00,0.00,4.44,0.00,0.00,0.00,55.56
20:19:48,6,20.22,0.00,15.73,0.00,0.00,5.62,0.00,0.00,0.00,58.43
20:19:48,7,20.88,0.00,17.58,0.00,0.00,5.49,0.00,0.00,0.00,56.04
20:19:48,12,21.11,0.00,17.78,0.00,0.00,5.56,0.00,0.00,0.00,55.56
20:19:48,13,21.35,0.00,16.85,0.00,0.00,4.49,0.00,0.00,0.00,57.30
20:19:48,14,21.11,0.00,15.56,0.00,0.00,6.67,0.00,0.00,0.00,56.67
20:19:48,15,21.84,0.00,14.94,0.00,0.00,4.60,0.00,0.00,0.00,58.62
20:19:49,4,21.35,0.00,16.85,0.00,0.00,4.49,0.00,0.00,0.00,57.30
20:19:49,5,21.84,0.00,13.79,0.00,0.00,5.75,0.00,0.00,0.00,58.62
20:19:49,6,21.35,0.00,16.85,0.00,0.00,5.62,0.00,0.00,0.00,56.18
20:19:49,7,20.93,0.00,15.12,0.00,0.00,4.65,0.00,0.00,0.00,59.30
20:19:49,12,24.18,0.00,16.48,0.00,0.00,3.30,0.00,0.00,0.00,56.04
20:19:49,13,23.60,0.00,14.61,0.00,0.00,5.62,0.00,0.00,0.00,56.18
20:19:49,14,19.54,0.00,17.24,0.00,0.00,4.60,0.00,0.00,0.00,58.62
20:19:49,15,20.00,0.00,17.78,0.00,0.00,5.56,0.00,0.00,0.00,56.67
20:19:50,4,19.32,0.00,18.18,0.00,0.00,4.55,0.00,0.00,0.00,57.95
20:19:50,5,22.35,0.00,16.47,0.00,0.00,3.53,0.00,0.00,0.00,57.65
20:19:50,6,22.22,0.00,17.78,0.00,0.00,4.44,0.00,0.00,0.00,55.56
20:19:50,7,19.10,0.00,16.85,0.00,0.00,5.62,0.00,0.00,0.00,58.43
20:19:50,12,19.32,0.00,18.18,0.00,0.00,4.55,0.00,0.00,0.00,57.95
20:19:50,13,21.35,0.00,17.98,0.00,0.00,3.37,0.00,0.00,0.00,57.30
20:19:50,14,20.88,0.00,17.58,0.00,0.00,5.49,0.00,0.00,0.00,56.04
20:19:50,15,19.10,0.00,16.85,0.00,0.00,5.62,0.00,0.00,0.00,58.43
20:19:51,4,24.18,0.00,16.48,0.00,0.00,4.40,0.00,0.00,0.00,54.95
20:19:51,5,21.59,0.00,14.77,0.00,0.00,5.68,0.00,0.00,0.00,57.95
20:19:51,6,19.32,0.00,17.05,0.00,0.00,5.68,0.00,0.00,0.00,57.95
20:19:51,7,19.78,0.00,17.58,0.00,0.00,4.40,0.00,0.00,0.00,58.24
20:19:51,12,21.98,0.00,15.38,0.00,0.00,6.59,0.00,0.00,0.00,56.04
20:19:51,13,20.00,0.00,16.67,0.00,0.00,6.67,0.00,0.00,0.00,56.67
20:19:51,14,22.09,0.00,17.44,0.00,0.00,3.49,0.00,0.00,0.00,56.98
20:19:51,15,21.59,0.00,15.91,0.00,0.00,4.55,0.00,0.00,0.00,57.95
20:19:52,4,21.59,0.00,18.18,0.00,0.00,4.55,0.00,0.00,0.00,55.68
20:19:52,5,22.99,0.00,16.09,0.00,0.00,4.60,0.00,0.00,0.00,56.32
20:19:52,6,23.08,0.00,16.48,0.00,0.00,5.49,0.00,0.00,0.00,54.95
20:19:52,7,20.00,0.00,16.67,0.00,0.00,6.67,0.00,0.00,0.00,56.67
20:19:52,12,23.60,0.00,15.73,0.00,0.00,4.49,0.00,0.00,0.00,56.18
20:19:52,13,23.33,0.00,16.67,0.00,0.00,5.56,0.00,0.00,0.00,54.44
20:19:52,14,20.45,0.00,17.05,1.14,0.00,4.55,0.00,0.00,0.00,56.82
20:19:52,15,21.59,0.00,17.05,0.00,0.00,3.41,0.00,0.00,0.00,57.95
20:19:53,4,24.44,0.00,18.89,0.00,0.00,4.44,0.00,0.00,0.00,52.22
20:19:53,5,20.45,0.00,19.32,0.00,0.00,4.55,0.00,0.00,0.00,55.68
20:19:53,6,22.09,0.00,17.44,0.00,0.00,5.81,0.00,0.00,0.00,54.65
20:19:53,7,20.93,0.00,16.28,0.00,0.00,4.65,0.00,0.00,0.00,58.14
20:19:53,12,22.22,0.00,16.67,0.00,0.00,5.56,0.00,0.00,0.00,55.56
20:19:53,13,21.59,0.00,17.05,0.00,0.00,5.68,0.00,0.00,0.00,55.68
20:19:53,14,22.47,0.00,15.73,0.00,0.00,6.74,0.00,0.00,0.00,55.06
20:19:53,15,23.60,0.00,15.73,0.00,0.00,4.49,0.00,0.00,0.00,56.18
20:19:54,4,21.59,0.00,14.77,0.00,0.00,5.68,0.00,0.00,0.00,57.95
20:19:54,5,20.00,0.00,16.67,0.00,0.00,5.56,0.00,0.00,0.00,57.78
20:19:54,6,20.22,0.00,16.85,0.00,0.00,4.49,0.00,0.00,0.00,58.43
20:19:54,7,21.11,0.00,15.56,0.00,0.00,4.44,0.00,0.00,0.00,58.89
20:19:54,12,21.11,0.00,16.67,0.00,0.00,5.56,0.00,0.00,0.00,56.67
20:19:54,13,20.45,0.00,14.77,0.00,0.00,5.68,0.00,0.00,0.00,59.09
20:19:54,14,20.22,0.00,15.73,0.00,0.00,5.62,0.00,0.00,0.00,58.43
20:19:54,15,21.51,0.00,17.20,0.00,0.00,6.45,0.00,0.00,0.00,54.84
20:19:55,4,21.35,0.00,16.85,0.00,0.00,4.49,0.00,0.00,0.00,57.30
20:19:55,5,21.59,0.00,15.91,0.00,0.00,4.55,0.00,0.00,0.00,57.95
20:19:55,6,21.98,0.00,16.48,0.00,0.00,5.49,0.00,0.00,0.00,56.04
20:19:55,7,19.10,0.00,15.73,0.00,0.00,7.87,0.00,0.00,0.00,57.30
20:19:55,12,22.22,0.00,15.56,0.00,0.00,5.56,0.00,0.00,0.00,56.67
20:19:55,13,21.11,0.00,17.78,0.00,0.00,5.56,0.00,0.00,0.00,55.56
20:19:55,14,20.22,0.00,16.85,0.00,0.00,5.62,0.00,0.00,0.00,57.30
20:19:55,15,18.89,0.00,18.89,0.00,0.00,5.56,0.00,0.00,0.00,56.67
20:19:56,4,21.98,0.00,17.58,0.00,0.00,4.40,0.00,0.00,0.00,56.04
20:19:56,5,20.69,0.00,14.94,0.00,0.00,5.75,0.00,0.00,0.00,58.62
20:19:56,6,20.45,0.00,18.18,0.00,0.00,5.68,0.00,0.00,0.00,55.68
20:19:56,7,19.10,0.00,16.85,0.00,0.00,6.74,0.00,0.00,0.00,57.30
20:19:56,12,22.22,0.00,16.67,0.00,0.00,5.56,0.00,0.00,0.00,55.56
20:19:56,13,23.60,0.00,14.61,0.00,0.00,4.49,0.00,0.00,0.00,57.30
20:19:56,14,20.00,0.00,16.47,0.00,0.00,4.71,0.00,0.00,0.00,58.82
20:19:56,15,21.59,0.00,15.91,0.00,0.00,4.55,0.00,0.00,0.00,57.95
20:19:57,4,23.66,0.00,15.05,0.00,0.00,6.45,0.00,0.00,0.00,54.84
20:19:57,5,21.35,0.00,17.98,0.00,0.00,5.62,0.00,0.00,0.00,55.06
20:19:57,6,21.35,0.00,17.98,0.00,0.00,4.49,0.00,0.00,0.00,56.18
20:19:57,7,20.93,0.00,16.28,0.00,0.00,3.49,0.00,0.00,0.00,59.30
20:19:57,12,20.45,0.00,18.18,0.00,0.00,4.55,0.00,0.00,0.00,56.82
20:19:57,13,22.99,0.00,17.24,0.00,0.00,3.45,0.00,0.00,0.00,56.32
20:19:57,14,21.11,0.00,16.67,0.00,0.00,5.56,0.00,0.00,0.00,56.67
20:19:57,15,18.89,0.00,17.78,0.00,0.00,5.56,0.00,0.00,0.00,57.78
20:19:58,4,21.98,0.00,17.58,3.30,0.00,5.49,0.00,0.00,0.00,51.65
20:19:58,5,23.33,0.00,16.67,0.00,0.00,4.44,0.00,0.00,0.00,55.56
20:19:58,6,21.59,0.00,15.91,0.00,0.00,5.68,0.00,0.00,0.00,56.82
20:19:58,7,22.47,0.00,15.73,0.00,0.00,5.62,0.00,0.00,0.00,56.18
20:19:58,12,22.99,0.00,17.24,0.00,0.00,5.75,0.00,0.00,0.00,54.02
20:19:58,13,20.22,0.00,17.98,0.00,0.00,5.62,0.00,0.00,0.00,56.18
20:19:58,14,23.86,0.00,17.05,0.00,0.00,4.55,0.00,0.00,0.00,54.55
20:19:58,15,20.69,0.00,17.24,0.00,0.00,4.60,0.00,0.00,0.00,57.47
20:19:59,4,20.45,0.00,15.91,0.00,0.00,5.68,0.00,0.00,0.00,57.95
20:19:59,5,21.35,0.00,16.85,0.00,0.00,4.49,0.00,0.00,0.00,57.30
20:19:59,6,21.84,0.00,13.79,0.00,0.00,5.75,0.00,0.00,0.00,58.62
20:19:59,7,20.65,0.00,17.39,0.00,0.00,5.43,0.00,0.00,0.00,56.52
20:19:59,12,20.69,0.00,14.94,0.00,0.00,4.60,0.00,0.00,0.00,59.77
20:19:59,13,18.39,0.00,17.24,0.00,0.00,5.75,0.00,0.00,0.00,58.62
20:19:59,14,21.11,0.00,18.89,0.00,0.00,4.44,0.00,0.00,0.00,55.56
20:19:59,15,21.11,0.00,15.56,0.00,0.00,6.67,0.00,0.00,0.00,56.67
20:20:00,4,23.91,0.00,16.30,0.00,0.00,5.43,0.00,0.00,0.00,54.35
20:20:00,5,21.59,0.00,14.77,0.00,0.00,6.82,0.00,0.00,0.00,56.82
20:20:00,6,20.00,0.00,15.29,0.00,0.00,4.71,0.00,0.00,0.00,60.00
20:20:00,7,19.54,0.00,18.39,0.00,0.00,3.45,0.00,0.00,0.00,58.62
20:20:00,12,20.88,0.00,17.58,0.00,0.00,5.49,0.00,0.00,0.00,56.04
20:20:00,13,22.73,0.00,13.64,0.00,0.00,5.68,0.00,0.00,0.00,57.95
20:20:00,14,22.22,0.00,15.56,0.00,0.00,5.56,0.00,0.00,0.00,56.67
20:20:00,15,21.98,0.00,15.38,0.00,0.00,5.49,0.00,0.00,0.00,57.14
20:20:01,4,21.59,0.00,15.91,0.00,0.00,5.68,0.00,0.00,0.00,56.82
20:20:01,5,20.43,0.00,19.35,0.00,0.00,5.38,0.00,0.00,0.00,54.84
20:20:01,6,20.22,0.00,19.10,0.00,0.00,5.62,0.00,0.00,0.00,55.06
20:20:01,7,20.22,0.00,15.73,0.00,0.00,5.62,0.00,0.00,0.00,58.43
20:20:01,12,20.93,0.00,17.44,0.00,0.00,5.81,0.00,0.00,0.00,55.81
20:20:01,13,21.84,0.00,16.09,0.00,0.00,4.60,0.00,0.00,0.00,57.47
20:20:01,14,20.93,0.00,17.44,0.00,0.00,4.65,0.00,0.00,0.00,56.98
20:20:01,15,20.88,0.00,17.58,0.00,0.00,5.49,0.00,0.00,0.00,56.04
20:20:02,4,23.26,0.00,15.12,0.00,0.00,4.65,0.00,0.00,0.00,56.98
20:20:02,5,22.47,0.00,16.85,0.00,0.00,5.62,0.00,0.00,0.00,55.06
20:20:02,6,23.33,0.00,16.67,0.00,0.00,4.44,0.00,0.00,0.00,55.56
20:20:02,7,20.22,0.00,16.85,0.00,0.00,5.62,0.00,0.00,0.00,57.30
20:20:02,12,23.86,0.00,15.91,0.00,0.00,3.41,0.00,0.00,0.00,56.82
20:20:02,13,22.73,0.00,17.05,0.00,0.00,4.55,0.00,0.00,0.00,55.68
20:20:02,14,22.47,0.00,15.73,0.00,0.00,5.62,0.00,0.00,0.00,56.18
20:20:02,15,21.11,0.00,17.78,0.00,0.00,4.44,0.00,0.00,0.00,56.67
20:20:03,4,23.86,0.00,17.05,0.00,0.00,4.55,0.00,0.00,0.00,54.55
20:20:03,5,19.32,0.00,21.59,0.00,0.00,4.55,0.00,0.00,0.00,54.55
20:20:03,6,26.97,0.00,16.85,0.00,0.00,4.49,0.00,0.00,0.00,51.69
20:20:03,7,20.93,0.00,17.44,0.00,0.00,3.49,0.00,0.00,0.00,58.14
20:20:03,12,21.11,0.00,17.78,0.00,0.00,5.56,0.00,0.00,0.00,55.56
20:20:03,13,21.35,0.00,17.98,0.00,0.00,6.74,0.00,0.00,0.00,53.93
20:20:03,14,23.53,0.00,17.65,0.00,0.00,3.53,0.00,0.00,0.00,55.29
20:20:03,15,23.08,0.00,17.58,0.00,0.00,5.49,0.00,0.00,0.00,53.85
20:20:04,4,22.22,0.00,15.56,0.00,0.00,5.56,0.00,0.00,0.00,56.67
20:20:04,5,19.10,0.00,16.85,0.00,0.00,6.74,0.00,0.00,0.00,57.30
20:20:04,6,20.45,0.00,15.91,0.00,0.00,5.68,0.00,0.00,0.00,57.95
20:20:04,7,20.22,0.00,14.61,0.00,0.00,5.62,0.00,0.00,0.00,59.55
20:20:04,12,20.69,0.00,17.24,0.00,0.00,4.60,0.00,0.00,0.00,57.47
20:20:04,13,20.93,0.00,16.28,0.00,0.00,5.81,0.00,0.00,0.00,56.98
20:20:04,14,20.69,0.00,16.09,0.00,0.00,5.75,0.00,0.00,0.00,57.47
20:20:04,15,20.65,0.00,17.39,0.00,0.00,5.43,0.00,0.00,0.00,56.52
20:20:05,4,20.22,0.00,17.98,0.00,0.00,5.62,0.00,0.00,0.00,56.18
20:20:05,5,20.00,0.00,18.89,0.00,0.00,4.44,0.00,0.00,0.00,56.67
20:20:05,6,22.99,0.00,12.64,0.00,0.00,5.75,0.00,0.00,0.00,58.62
20:20:05,7,21.35,0.00,14.61,0.00,0.00,5.62,0.00,0.00,0.00,58.43
20:20:05,12,20.69,0.00,16.09,0.00,0.00,4.60,0.00,0.00,0.00,58.62
20:20:05,13,20.69,0.00,16.09,0.00,0.00,4.60,0.00,0.00,0.00,58.62
20:20:05,14,22.22,0.00,15.56,0.00,0.00,4.44,0.00,0.00,0.00,57.78
20:20:05,15,20.00,0.00,16.67,0.00,0.00,4.44,0.00,0.00,0.00,58.89
20:20:06,4,21.51,0.00,16.13,0.00,0.00,6.45,0.00,0.00,0.00,55.91
20:20:06,5,22.09,0.00,13.95,0.00,0.00,4.65,0.00,0.00,0.00,59.30
20:20:06,6,21.84,0.00,13.79,0.00,0.00,5.75,0.00,0.00,0.00,58.62
20:20:06,7,20.69,0.00,16.09,0.00,0.00,3.45,0.00,0.00,0.00,59.77
20:20:06,12,23.86,0.00,14.77,0.00,0.00,5.68,0.00,0.00,0.00,55.68
20:20:06,13,22.58,0.00,18.28,0.00,0.00,5.38,0.00,0.00,0.00,53.76
20:20:06,14,23.08,0.00,15.38,0.00,0.00,5.49,0.00,0.00,0.00,56.04
20:20:06,15,22.47,0.00,14.61,0.00,0.00,4.49,0.00,0.00,0.00,58.43
20:20:07,4,19.10,0.00,19.10,0.00,0.00,5.62,0.00,0.00,0.00,56.18
20:20:07,5,22.47,0.00,16.85,0.00,0.00,3.37,0.00,0.00,0.00,57.30
20:20:07,6,21.84,0.00,14.94,0.00,0.00,4.60,0.00,0.00,0.00,58.62
20:20:07,7,21.35,0.00,15.73,0.00,0.00,4.49,0.00,0.00,0.00,58.43
20:20:07,12,21.35,0.00,16.85,0.00,0.00,4.49,0.00,0.00,0.00,57.30
20:20:07,13,20.00,0.00,17.78,0.00,0.00,5.56,0.00,0.00,0.00,56.67
20:20:07,14,20.69,0.00,16.09,0.00,0.00,4.60,0.00,0.00,0.00,58.62
20:20:07,15,22.22,0.00,16.67,0.00,0.00,4.44,0.00,0.00,0.00,56.67
20:20:08,4,23.60,0.00,16.85,1.12,0.00,4.49,0.00,0.00,0.00,53.93
20:20:08,5,22.22,0.00,17.78,0.00,0.00,6.67,0.00,0.00,0.00,53.33
20:20:08,6,19.54,0.00,19.54,0.00,0.00,5.75,0.00,0.00,0.00,55.17
20:20:08,7,20.22,0.00,16.85,0.00,0.00,5.62,0.00,0.00,0.00,57.30
20:20:08,12,20.45,0.00,18.18,0.00,0.00,5.68,0.00,0.00,0.00,55.68
20:20:08,13,24.14,0.00,16.09,0.00,0.00,5.75,0.00,0.00,0.00,54.02
20:20:08,14,22.99,0.00,17.24,0.00,0.00,4.60,0.00,0.00,0.00,55.17
20:20:08,15,24.18,0.00,16.48,0.00,0.00,4.40,0.00,0.00,0.00,54.95
20:20:09,4,22.47,0.00,15.73,0.00,0.00,4.49,0.00,0.00,0.00,57.30
20:20:09,5,21.18,0.00,16.47,0.00,0.00,3.53,0.00,0.00,0.00,58.82
20:20:09,6,22.22,0.00,16.67,0.00,0.00,4.44,0.00,0.00,0.00,56.67
20:20:09,7,19.10,0.00,16.85,0.00,0.00,5.62,0.00,0.00,0.00,58.43
20:20:09,12,20.45,0.00,15.91,0.00,0.00,5.68,0.00,0.00,0.00,57.95
20:20:09,13,20.88,0.00,17.58,0.00,0.00,5.49,0.00,0.00,0.00,56.04
20:20:09,14,21.11,0.00,16.67,0.00,0.00,5.56,0.00,0.00,0.00,56.67
20:20:09,15,19.32,0.00,18.18,0.00,0.00,4.55,0.00,0.00,0.00,57.95
20:20:10,4,19.54,0.00,16.09,0.00,0.00,4.60,0.00,0.00,0.00,59.77
20:20:10,5,20.45,0.00,17.05,0.00,0.00,4.55,0.00,0.00,0.00,57.95
20:20:10,6,20.45,0.00,14.77,0.00,0.00,5.68,0.00,0.00,0.00,59.09
20:20:10,7,19.32,0.00,15.91,0.00,0.00,5.68,0.00,0.00,0.00,59.09
20:20:10,12,21.35,0.00,15.73,0.00,0.00,5.62,0.00,0.00,0.00,57.30
20:20:10,13,23.86,0.00,14.77,0.00,0.00,3.41,0.00,0.00,0.00,57.95
20:20:10,14,21.98,0.00,17.58,0.00,0.00,3.30,0.00,0.00,0.00,57.14
20:20:10,15,19.32,0.00,15.91,0.00,0.00,4.55,0.00,0.00,0.00,60.23
20:20:11,4,20.88,0.00,16.48,0.00,0.00,6.59,0.00,0.00,0.00,56.04
20:20:11,5,22.47,0.00,14.61,0.00,0.00,5.62,0.00,0.00,0.00,57.30
20:20:11,6,21.84,0.00,13.79,0.00,0.00,5.75,0.00,0.00,0.00,58.62
20:20:11,7,20.22,0.00,15.73,0.00,0.00,4.49,0.00,0.00,0.00,59.55
20:20:11,12,21.11,0.00,15.56,0.00,0.00,5.56,0.00,0.00,0.00,57.78
20:20:11,13,20.45,0.00,15.91,0.00,0.00,5.68,0.00,0.00,0.00,57.95
20:20:11,14,22.83,0.00,17.39,0.00,0.00,4.35,0.00,0.00,0.00,55.43
20:20:11,15,22.22,0.00,15.56,0.00,0.00,4.44,0.00,0.00,0.00,57.78
20:20:12,4,21.35,0.00,16.85,0.00,0.00,4.49,0.00,0.00,0.00,57.30
20:20:12,5,22.22,0.00,16.67,0.00,0.00,4.44,0.00,0.00,0.00,56.67
20:20:12,6,21.35,0.00,15.73,1.12,0.00,3.37,0.00,0.00,0.00,58.43
20:20:12,7,22.22,0.00,14.44,0.00,0.00,5.56,0.00,0.00,0.00,57.78
20:20:12,12,20.88,0.00,18.68,0.00,0.00,5.49,0.00,0.00,0.00,54.95
20:20:12,13,20.93,0.00,15.12,0.00,0.00,4.65,0.00,0.00,0.00,59.30
20:20:12,14,18.89,0.00,18.89,0.00,0.00,5.56,0.00,0.00,0.00,56.67
20:20:12,15,21.59,0.00,14.77,0.00,0.00,5.68,0.00,0.00,0.00,57.95
20:20:13,4,20.69,0.00,18.39,0.00,0.00,4.60,0.00,0.00,0.00,56.32
20:20:13,5,23.60,0.00,17.98,0.00,0.00,5.62,0.00,0.00,0.00,52.81
20:20:13,6,21.35,0.00,17.98,0.00,0.00,6.74,0.00,0.00,0.00,53.93
20:20:13,7,21.11,0.00,17.78,0.00,0.00,4.44,0.00,0.00,0.00,56.67
20:20:13,12,22.99,0.00,16.09,0.00,0.00,5.75,0.00,0.00,0.00,55.17
20:20:13,13,23.60,0.00,20.22,0.00,0.00,3.37,0.00,0.00,0.00,52.81
20:20:13,14,20.69,0.00,18.39,0.00,0.00,4.60,0.00,0.00,0.00,56.32
20:20:13,15,20.00,0.00,18.89,0.00,0.00,4.44,0.00,0.00,0.00,56.67
20:20:14,4,18.89,0.00,16.67,0.00,0.00,6.67,0.00,0.00,0.00,57.78
20:20:14,5,19.32,0.00,15.91,0.00,0.00,5.68,0.00,0.00,0.00,59.09
20:20:14,6,20.00,0.00,18.89,0.00,0.00,4.44,0.00,0.00,0.00,56.67
20:20:14,7,18.89,0.00,18.89,0.00,0.00,4.44,0.00,0.00,0.00,57.78
20:20:14,12,21.35,0.00,16.85,0.00,0.00,4.49,0.00,0.00,0.00,57.30
20:20:14,13,23.33,0.00,16.67,0.00,0.00,5.56,0.00,0.00,0.00,54.44
20:20:14,14,21.35,0.00,16.85,0.00,0.00,4.49,0.00,0.00,0.00,57.30
20:20:14,15,20.45,0.00,15.91,0.00,0.00,5.68,0.00,0.00,0.00,57.95
20:20:15,4,22.47,0.00,15.73,0.00,0.00,4.49,0.00,0.00,0.00,57.30
20:20:15,5,22.73,0.00,13.64,0.00,0.00,5.68,0.00,0.00,0.00,57.95
20:20:15,6,20.22,0.00,16.85,0.00,0.00,5.62,0.00,0.00,0.00,57.30
20:20:15,7,22.22,0.00,15.56,0.00,0.00,4.44,0.00,0.00,0.00,57.78
20:20:15,12,21.98,0.00,16.48,0.00,0.00,5.49,0.00,0.00,0.00,56.04
20:20:15,13,21.59,0.00,15.91,0.00,0.00,4.55,0.00,0.00,0.00,57.95
20:20:15,14,21.84,0.00,13.79,0.00,0.00,5.75,0.00,0.00,0.00,58.62
20:20:15,15,22.22,0.00,15.56,0.00,0.00,4.44,0.00,0.00,0.00,57.78
20:20:16,4,20.69,0.00,14.94,0.00,0.00,5.75,0.00,0.00,0.00,58.62
20:20:16,5,22.22,0.00,17.78,0.00,0.00,4.44,0.00,0.00,0.00,55.56
20:20:16,6,22.83,0.00,16.30,0.00,0.00,5.43,0.00,0.00,0.00,55.43
20:20:16,7,21.11,0.00,16.67,0.00,0.00,5.56,0.00,0.00,0.00,56.67
20:20:16,12,19.77,0.00,17.44,0.00,0.00,4.65,0.00,0.00,0.00,58.14
20:20:16,13,20.45,0.00,17.05,0.00,0.00,5.68,0.00,0.00,0.00,56.82
20:20:16,14,21.59,0.00,15.91,0.00,0.00,4.55,0.00,0.00,0.00,57.95
20:20:16,15,21.11,0.00,15.56,0.00,0.00,6.67,0.00,0.00,0.00,56.67
20:20:17,4,20.00,0.00,16.67,0.00,0.00,7.78,0.00,0.00,0.00,55.56
20:20:17,5,20.00,0.00,16.67,0.00,0.00,6.67,0.00,0.00,0.00,56.67
20:20:17,6,20.00,0.00,16.67,0.00,0.00,6.67,0.00,0.00,0.00,56.67
20:20:17,7,20.93,0.00,16.28,0.00,0.00,3.49,0.00,0.00,0.00,59.30
20:20:17,12,20.22,0.00,15.73,1.12,0.00,5.62,0.00,0.00,0.00,57.30
20:20:17,13,22.99,0.00,13.79,0.00,0.00,4.60,0.00,0.00,0.00,58.62
20:20:17,14,19.54,0.00,16.09,0.00,0.00,5.75,0.00,0.00,0.00,58.62
20:20:17,15,21.59,0.00,15.91,0.00,0.00,3.41,0.00,0.00,0.00,59.09
20:20:18,4,23.60,0.00,16.85,0.00,0.00,4.49,0.00,0.00,0.00,55.06
20:20:18,5,20.93,0.00,19.77,1.16,0.00,3.49,0.00,0.00,0.00,54.65
20:20:18,6,22.73,0.00,17.05,0.00,0.00,4.55,0.00,0.00,0.00,55.68
20:20:18,7,20.22,0.00,16.85,0.00,0.00,5.62,0.00,0.00,0.00,57.30
20:20:18,12,22.09,0.00,16.28,0.00,0.00,5.81,0.00,0.00,0.00,55.81
20:20:18,13,26.14,0.00,17.05,0.00,0.00,4.55,0.00,0.00,0.00,52.27
20:20:18,14,21.35,0.00,17.98,0.00,0.00,4.49,0.00,0.00,0.00,56.18
20:20:18,15,20.45,0.00,17.05,0.00,0.00,5.68,0.00,0.00,0.00,56.82
20:20:19,4,21.59,0.00,15.91,0.00,0.00,4.55,0.00,0.00,0.00,57.95
20:20:19,5,21.11,0.00,15.56,0.00,0.00,5.56,0.00,0.00,0.00,57.78
20:20:19,6,20.45,0.00,15.91,0.00,0.00,5.68,0.00,0.00,0.00,57.95
20:20:19,7,19.57,0.00,19.57,0.00,0.00,3.26,0.00,0.00,0.00,57.61
20:20:19,12,20.22,0.00,16.85,0.00,0.00,5.62,0.00,0.00,0.00,57.30
20:20:19,13,20.22,0.00,17.98,0.00,0.00,4.49,0.00,0.00,0.00,57.30
20:20:19,14,19.10,0.00,16.85,0.00,0.00,6.74,0.00,0.00,0.00,57.30
20:20:19,15,21.98,0.00,14.29,0.00,0.00,5.49,0.00,0.00,0.00,58.24
20:20:20,4,20.45,0.00,14.77,0.00,0.00,5.68,0.00,0.00,0.00,59.09
20:20:20,5,19.54,0.00,17.24,0.00,0.00,5.75,0.00,0.00,0.00,57.47
20:20:20,6,20.93,0.00,16.28,0.00,0.00,4.65,0.00,0.00,0.00,58.14
20:20:20,7,21.11,0.00,15.56,0.00,0.00,4.44,0.00,0.00,0.00,58.89
20:20:20,12,22.47,0.00,15.73,0.00,0.00,4.49,0.00,0.00,0.00,57.30
20:20:20,13,20.22,0.00,16.85,0.00,0.00,5.62,0.00,0.00,0.00,57.30
20:20:20,14,21.35,0.00,17.98,0.00,0.00,4.49,0.00,0.00,0.00,56.18
20:20:20,15,19.32,0.00,17.05,0.00,0.00,4.55,0.00,0.00,0.00,59.09
20:20:21,4,22.73,0.00,14.77,0.00,0.00,4.55,0.00,0.00,0.00,57.95
20:20:21,5,21.59,0.00,15.91,0.00,0.00,5.68,0.00,0.00,0.00,56.82
20:20:21,6,21.18,0.00,14.12,0.00,0.00,4.71,0.00,0.00,0.00,60.00
20:20:21,7,22.47,0.00,15.73,0.00,0.00,4.49,0.00,0.00,0.00,57.30
20:20:21,12,21.11,0.00,16.67,0.00,0.00,5.56,0.00,0.00,0.00,56.67
20:20:21,13,23.86,0.00,13.64,0.00,0.00,4.55,0.00,0.00,0.00,57.95
20:20:21,14,21.84,0.00,14.94,0.00,0.00,4.60,0.00,0.00,0.00,58.62
20:20:21,15,21.11,0.00,16.67,0.00,0.00,4.44,0.00,0.00,0.00,57.78
20:20:22,4,21.35,0.00,16.85,1.12,0.00,5.62,0.00,0.00,0.00,55.06
20:20:22,5,20.69,0.00,16.09,0.00,0.00,5.75,0.00,0.00,0.00,57.47
20:20:22,6,20.88,0.00,17.58,0.00,0.00,5.49,0.00,0.00,0.00,56.04
20:20:22,7,21.59,0.00,15.91,0.00,0.00,4.55,0.00,0.00,0.00,57.95
20:20:22,12,23.33,0.00,16.67,0.00,0.00,5.56,0.00,0.00,0.00,54.44
20:20:22,13,22.22,0.00,16.67,0.00,0.00,5.56,0.00,0.00,0.00,55.56
20:20:22,14,22.09,0.00,13.95,0.00,0.00,4.65,0.00,0.00,0.00,59.30
20:20:22,15,22.73,0.00,14.77,0.00,0.00,4.55,0.00,0.00,0.00,57.95
20:20:23,4,21.98,0.00,17.58,0.00,0.00,5.49,0.00,0.00,0.00,54.95
20:20:23,5,22.83,0.00,16.30,1.09,0.00,6.52,0.00,0.00,0.00,53.26
20:20:23,6,18.39,0.00,19.54,0.00,0.00,5.75,0.00,0.00,0.00,56.32
20:20:23,7,21.84,0.00,14.94,0.00,0.00,5.75,0.00,0.00,0.00,57.47
20:20:23,12,21.59,0.00,17.05,0.00,0.00,5.68,0.00,0.00,0.00,55.68
20:20:23,13,20.69,0.00,18.39,0.00,0.00,5.75,0.00,0.00,0.00,55.17
20:20:23,14,25.27,0.00,16.48,0.00,0.00,5.49,0.00,0.00,0.00,52.75
20:20:23,15,25.84,0.00,15.73,0.00,0.00,3.37,0.00,0.00,0.00,55.06
20:20:24,4,21.35,0.00,17.98,0.00,0.00,5.62,0.00,0.00,0.00,55.06
20:20:24,5,19.10,0.00,17.98,0.00,0.00,5.62,0.00,0.00,0.00,57.30
20:20:24,6,20.69,0.00,16.09,0.00,0.00,4.60,0.00,0.00,0.00,58.62
20:20:24,7,20.45,0.00,14.77,0.00,0.00,5.68,0.00,0.00,0.00,59.09
20:20:24,12,21.74,0.00,17.39,0.00,0.00,5.43,0.00,0.00,0.00,55.43
20:20:24,13,22.09,0.00,16.28,0.00,0.00,4.65,0.00,0.00,0.00,56.98
20:20:24,14,20.45,0.00,15.91,0.00,0.00,5.68,0.00,0.00,0.00,57.95
20:20:24,15,21.11,0.00,14.44,0.00,0.00,6.67,0.00,0.00,0.00,57.78
20:20:25,4,22.22,0.00,16.67,0.00,0.00,4.44,0.00,0.00,0.00,56.67
20:20:25,5,17.24,0.00,20.69,0.00,0.00,4.60,0.00,0.00,0.00,57.47
20:20:25,6,19.32,0.00,17.05,0.00,0.00,5.68,0.00,0.00,0.00,57.95
20:20:25,7,21.11,0.00,15.56,0.00,0.00,5.56,0.00,0.00,0.00,57.78
20:20:25,12,20.45,0.00,18.18,0.00,0.00,3.41,0.00,0.00,0.00,57.95
20:20:25,13,20.22,0.00,17.98,0.00,0.00,4.49,0.00,0.00,0.00,57.30
20:20:25,14,21.98,0.00,16.48,0.00,0.00,4.40,0.00,0.00,0.00,57.14
20:20:25,15,18.89,0.00,17.78,0.00,0.00,5.56,0.00,0.00,0.00,57.78
20:20:26,4,18.60,0.00,18.60,0.00,0.00,4.65,0.00,0.00,0.00,58.14
20:20:26,5,21.11,0.00,17.78,0.00,0.00,5.56,0.00,0.00,0.00,55.56
20:20:26,6,19.32,0.00,15.91,0.00,0.00,6.82,0.00,0.00,0.00,57.95
20:20:26,7,18.39,0.00,18.39,0.00,0.00,4.60,0.00,0.00,0.00,58.62
20:20:26,12,21.59,0.00,15.91,0.00,0.00,5.68,0.00,0.00,0.00,56.82
20:20:26,13,21.84,0.00,14.94,0.00,0.00,5.75,0.00,0.00,0.00,57.47
20:20:26,14,21.98,0.00,15.38,0.00,0.00,6.59,0.00,0.00,0.00,56.04
20:20:26,15,20.45,0.00,18.18,0.00,0.00,2.27,0.00,0.00,0.00,59.09
20:20:27,4,21.59,0.00,15.91,0.00,0.00,4.55,0.00,0.00,0.00,57.95
20:20:27,5,21.59,0.00,17.05,0.00,0.00,3.41,0.00,0.00,0.00,57.95
20:20:27,6,21.35,0.00,16.85,1.12,0.00,4.49,0.00,0.00,0.00,56.18
20:20:27,7,23.91,0.00,15.22,0.00,0.00,5.43,0.00,0.00,0.00,55.43
20:20:27,12,21.35,0.00,15.73,0.00,0.00,5.62,0.00,0.00,0.00,57.30
20:20:27,13,22.22,0.00,15.56,0.00,0.00,5.56,0.00,0.00,0.00,56.67
20:20:27,14,21.35,0.00,16.85,0.00,0.00,5.62,0.00,0.00,0.00,56.18
20:20:27,15,20.22,0.00,15.73,0.00,0.00,5.62,0.00,0.00,0.00,58.43
20:20:28,4,21.35,0.00,19.10,0.00,0.00,4.49,0.00,0.00,0.00,55.06
20:20:28,5,22.09,0.00,17.44,0.00,0.00,3.49,0.00,0.00,0.00,56.98
20:20:28,6,22.99,0.00,16.09,0.00,0.00,4.60,0.00,0.00,0.00,56.32
20:20:28,7,24.72,0.00,14.61,0.00,0.00,4.49,0.00,0.00,0.00,56.18
20:20:28,12,22.99,0.00,17.24,0.00,0.00,4.60,0.00,0.00,0.00,55.17
20:20:28,13,21.11,0.00,17.78,0.00,0.00,5.56,0.00,0.00,0.00,55.56
20:20:28,14,21.35,0.00,19.10,0.00,0.00,4.49,0.00,0.00,0.00,55.06
20:20:28,15,21.35,0.00,16.85,1.12,0.00,4.49,0.00,0.00,0.00,56.18
20:20:29,4,23.26,0.00,15.12,0.00,0.00,3.49,0.00,0.00,0.00,58.14
20:20:29,5,23.60,0.00,15.73,0.00,0.00,4.49,0.00,0.00,0.00,56.18
20:20:29,6,19.77,0.00,16.28,0.00,0.00,5.81,0.00,0.00,0.00,58.14
20:20:29,7,21.59,0.00,14.77,0.00,0.00,4.55,0.00,0.00,0.00,59.09
20:20:29,12,20.00,0.00,17.78,0.00,0.00,5.56,0.00,0.00,0.00,56.67
20:20:29,13,23.08,0.00,16.48,0.00,0.00,4.40,0.00,0.00,0.00,56.04
20:20:29,14,22.73,0.00,14.77,0.00,0.00,3.41,0.00,0.00,0.00,59.09
20:20:29,15,21.35,0.00,16.85,0.00,0.00,4.49,0.00,0.00,0.00,57.30
20:20:30,4,21.74,0.00,16.30,0.00,0.00,5.43,0.00,0.00,0.00,56.52
20:20:30,5,20.45,0.00,13.64,0.00,0.00,6.82,0.00,0.00,0.00,59.09
20:20:30,6,23.08,0.00,14.29,0.00,0.00,4.40,0.00,0.00,0.00,58.24
20:20:30,7,20.69,0.00,14.94,0.00,0.00,3.45,0.00,0.00,0.00,60.92
20:20:30,12,21.59,0.00,15.91,0.00,0.00,4.55,0.00,0.00,0.00,57.95
20:20:30,13,20.45,0.00,15.91,0.00,0.00,5.68,0.00,0.00,0.00,57.95
20:20:30,14,20.69,0.00,16.09,0.00,0.00,4.60,0.00,0.00,0.00,58.62
20:20:30,15,22.83,0.00,15.22,0.00,0.00,4.35,0.00,0.00,0.00,57.61
20:20:31,4,21.98,0.00,14.29,0.00,0.00,6.59,0.00,0.00,0.00,57.14
20:20:31,5,17.05,0.00,18.18,0.00,0.00,5.68,0.00,0.00,0.00,59.09
20:20:31,6,20.69,0.00,16.09,0.00,0.00,4.60,0.00,0.00,0.00,58.62
20:20:31,7,21.11,0.00,16.67,0.00,0.00,4.44,0.00,0.00,0.00,57.78
20:20:31,12,21.35,0.00,15.73,0.00,0.00,5.62,0.00,0.00,0.00,57.30
20:20:31,13,20.22,0.00,15.73,0.00,0.00,5.62,0.00,0.00,0.00,58.43
20:20:31,14,21.98,0.00,15.38,0.00,0.00,5.49,0.00,0.00,0.00,57.14
20:20:31,15,20.00,0.00,14.12,0.00,0.00,4.71,0.00,0.00,0.00,61.18
20:20:32,4,18.39,0.00,19.54,0.00,0.00,4.60,0.00,0.00,0.00,57.47
20:20:32,5,21.35,0.00,17.98,0.00,0.00,4.49,0.00,0.00,0.00,56.18
20:20:32,6,21.35,0.00,15.73,0.00,0.00,5.62,0.00,0.00,0.00,57.30
20:20:32,7,20.22,0.00,15.73,0.00,0.00,4.49,0.00,0.00,0.00,59.55
20:20:32,12,22.83,0.00,16.30,0.00,0.00,5.43,0.00,0.00,0.00,55.43
20:20:32,13,22.73,0.00,13.64,0.00,0.00,5.68,0.00,0.00,0.00,57.95
20:20:32,14,19.77,0.00,16.28,0.00,0.00,5.81,0.00,0.00,0.00,58.14
20:20:32,15,19.32,0.00,14.77,0.00,0.00,5.68,0.00,0.00,0.00,60.23
20:20:33,4,21.11,0.00,16.67,0.00,0.00,5.56,0.00,0.00,0.00,56.67
20:20:33,5,23.33,0.00,15.56,0.00,0.00,4.44,0.00,0.00,0.00,56.67
20:20:33,6,21.11,0.00,17.78,0.00,0.00,6.67,0.00,0.00,0.00,54.44
20:20:33,7,21.35,0.00,14.61,0.00,0.00,5.62,0.00,0.00,0.00,58.43
20:20:33,12,22.47,0.00,14.61,0.00,0.00,5.62,0.00,0.00,0.00,57.30
20:20:33,13,25.00,0.00,14.13,0.00,0.00,5.43,0.00,0.00,0.00,55.43
20:20:33,14,21.35,0.00,16.85,0.00,0.00,4.49,0.00,0.00,0.00,57.30
20:20:33,15,19.77,0.00,16.28,0.00,0.00,3.49,0.00,0.00,0.00,60.47
20:20:34,4,21.35,0.00,19.10,0.00,0.00,4.49,0.00,0.00,0.00,55.06
20:20:34,5,22.47,0.00,19.10,0.00,0.00,5.62,0.00,0.00,0.00,52.81
20:20:34,6,22.73,0.00,14.77,0.00,0.00,6.82,0.00,0.00,0.00,55.68
20:20:34,7,20.88,0.00,17.58,0.00,0.00,5.49,0.00,0.00,0.00,56.04
20:20:34,12,20.93,0.00,16.28,0.00,0.00,5.81,0.00,0.00,0.00,56.98
20:20:34,13,21.59,0.00,18.18,1.14,0.00,4.55,0.00,0.00,0.00,54.55
20:20:34,14,20.93,0.00,15.12,0.00,0.00,5.81,0.00,0.00,0.00,58.14
20:20:34,15,22.83,0.00,16.30,0.00,0.00,6.52,0.00,0.00,0.00,54.35
20:20:35,4,22.73,0.00,15.91,0.00,0.00,3.41,0.00,0.00,0.00,57.95
20:20:35,5,21.35,0.00,15.73,0.00,0.00,6.74,0.00,0.00,0.00,56.18
20:20:35,6,21.98,0.00,16.48,0.00,0.00,4.40,0.00,0.00,0.00,57.14
20:20:35,7,21.84,0.00,14.94,0.00,0.00,4.60,0.00,0.00,0.00,58.62
20:20:35,12,22.22,0.00,17.78,0.00,0.00,3.33,0.00,0.00,0.00,56.67
20:20:35,13,21.11,0.00,17.78,0.00,0.00,5.56,0.00,0.00,0.00,55.56
20:20:35,14,22.47,0.00,15.73,0.00,0.00,4.49,0.00,0.00,0.00,57.30
20:20:35,15,21.11,0.00,17.78,0.00,0.00,4.44,0.00,0.00,0.00,56.67
20:20:36,4,20.45,0.00,15.91,0.00,0.00,6.82,0.00,0.00,0.00,56.82
20:20:36,5,21.11,0.00,17.78,0.00,0.00,4.44,0.00,0.00,0.00,56.67
20:20:36,6,23.26,0.00,13.95,0.00,0.00,5.81,0.00,0.00,0.00,56.98
20:20:36,7,19.32,0.00,15.91,0.00,0.00,5.68,0.00,0.00,0.00,59.09
20:20:36,12,22.22,0.00,16.67,0.00,0.00,5.56,0.00,0.00,0.00,55.56
20:20:36,13,21.84,0.00,17.24,0.00,0.00,3.45,0.00,0.00,0.00,57.47
20:20:36,14,21.84,0.00,16.09,0.00,0.00,4.60,0.00,0.00,0.00,57.47
20:20:36,15,21.35,0.00,15.73,0.00,0.00,4.49,0.00,0.00,0.00,58.43
20:20:37,4,20.69,0.00,17.24,0.00,0.00,5.75,0.00,0.00,0.00,56.32
20:20:37,5,22.73,0.00,14.77,0.00,0.00,5.68,0.00,0.00,0.00,56.82
20:20:37,6,23.91,0.00,15.22,0.00,0.00,5.43,0.00,0.00,0.00,55.43
20:20:37,7,19.32,0.00,15.91,0.00,0.00,5.68,0.00,0.00,0.00,59.09
20:20:37,12,22.47,0.00,16.85,0.00,0.00,3.37,0.00,0.00,0.00,57.30
20:20:37,13,21.11,0.00,15.56,0.00,0.00,6.67,0.00,0.00,0.00,56.67
20:20:37,14,20.45,0.00,17.05,0.00,0.00,5.68,0.00,0.00,0.00,56.82
20:20:37,15,23.33,0.00,13.33,0.00,0.00,5.56,0.00,0.00,0.00,57.78
20:20:38,4,22.47,0.00,15.73,1.12,0.00,4.49,0.00,0.00,0.00,56.18
20:20:38,5,21.59,0.00,17.05,0.00,0.00,4.55,0.00,0.00,0.00,56.82
20:20:38,6,20.45,0.00,17.05,0.00,0.00,4.55,0.00,0.00,0.00,57.95
20:20:38,7,20.00,0.00,15.56,0.00,0.00,5.56,0.00,0.00,0.00,58.89
20:20:38,12,22.34,0.00,15.96,1.06,0.00,6.38,0.00,0.00,0.00,54.26
20:20:38,13,21.35,0.00,16.85,0.00,0.00,4.49,0.00,0.00,0.00,57.30
20:20:38,14,21.35,0.00,16.85,0.00,0.00,5.62,0.00,0.00,0.00,56.18
20:20:38,15,20.88,0.00,17.58,0.00,0.00,3.30,0.00,0.00,0.00,58.24
20:20:39,4,22.62,0.00,17.86,0.00,0.00,4.76,0.00,0.00,0.00,54.76
20:20:39,5,24.44,0.00,18.89,1.11,0.00,4.44,0.00,0.00,0.00,51.11
20:20:39,6,21.59,0.00,18.18,0.00,0.00,4.55,0.00,0.00,0.00,55.68
20:20:39,7,21.84,0.00,16.09,0.00,0.00,4.60,0.00,0.00,0.00,57.47
20:20:39,12,21.59,0.00,17.05,0.00,0.00,5.68,0.00,0.00,0.00,55.68
20:20:39,13,26.14,0.00,17.05,0.00,0.00,4.55,0.00,0.00,0.00,52.27
20:20:39,14,23.86,0.00,15.91,0.00,0.00,4.55,0.00,0.00,0.00,55.68
20:20:39,15,20.93,0.00,17.44,0.00,0.00,3.49,0.00,0.00,0.00,58.14
20:20:40,4,20.00,0.00,16.67,0.00,0.00,6.67,0.00,0.00,0.00,56.67
20:20:40,5,21.35,0.00,14.61,0.00,0.00,5.62,0.00,0.00,0.00,58.43
20:20:40,6,17.98,0.00,17.98,0.00,0.00,6.74,0.00,0.00,0.00,57.30
20:20:40,7,18.39,0.00,17.24,0.00,0.00,3.45,0.00,0.00,0.00,60.92
20:20:40,12,22.22,0.00,17.78,0.00,0.00,3.33,0.00,0.00,0.00,56.67
20:20:40,13,23.86,0.00,13.64,0.00,0.00,4.55,0.00,0.00,0.00,57.95
20:20:40,14,22.09,0.00,16.28,0.00,0.00,4.65,0.00,0.00,0.00,56.98
20:20:40,15,21.84,0.00,14.94,0.00,0.00,3.45,0.00,0.00,0.00,59.77
20:20:41,4,18.89,0.00,17.78,0.00,0.00,5.56,0.00,0.00,0.00,57.78
20:20:41,5,21.35,0.00,15.73,0.00,0.00,5.62,0.00,0.00,0.00,57.30
20:20:41,6,19.10,0.00,16.85,0.00,0.00,6.74,0.00,0.00,0.00,57.30
20:20:41,7,21.35,0.00,16.85,0.00,0.00,4.49,0.00,0.00,0.00,57.30
20:20:41,12,20.45,0.00,15.91,0.00,0.00,4.55,0.00,0.00,0.00,59.09
20:20:41,13,23.08,0.00,14.29,0.00,0.00,5.49,0.00,0.00,0.00,57.14
20:20:41,14,23.08,0.00,14.29,0.00,0.00,5.49,0.00,0.00,0.00,57.14
20:20:41,15,22.58,0.00,16.13,0.00,0.00,5.38,0.00,0.00,0.00,55.91
20:20:42,4,23.86,0.00,15.91,0.00,0.00,5.68,0.00,0.00,0.00,54.55
20:20:42,5,20.45,0.00,18.18,0.00,0.00,4.55,0.00,0.00,0.00,56.82
20:20:42,6,18.60,0.00,16.28,0.00,0.00,5.81,0.00,0.00,0.00,59.30
20:20:42,7,22.47,0.00,15.73,0.00,0.00,3.37,0.00,0.00,0.00,58.43
20:20:42,12,23.60,0.00,15.73,0.00,0.00,4.49,0.00,0.00,0.00,56.18
20:20:42,13,20.00,0.00,17.65,0.00,0.00,4.71,0.00,0.00,0.00,57.65
20:20:42,14,20.45,0.00,17.05,0.00,0.00,5.68,0.00,0.00,0.00,56.82
20:20:42,15,20.45,0.00,17.05,0.00,0.00,4.55,0.00,0.00,0.00,57.95
20:20:43,4,21.84,0.00,14.94,0.00,0.00,4.60,0.00,0.00,0.00,58.62
20:20:43,5,20.93,0.00,16.28,0.00,0.00,4.65,0.00,0.00,0.00,58.14
20:20:43,6,21.59,0.00,15.91,0.00,0.00,5.68,0.00,0.00,0.00,56.82
20:20:43,7,20.43,0.00,18.28,0.00,0.00,4.30,0.00,0.00,0.00,56.99
20:20:43,12,18.82,0.00,16.47,1.18,0.00,4.71,0.00,0.00,0.00,58.82
20:20:43,13,21.59,0.00,17.05,0.00,0.00,3.41,0.00,0.00,0.00,57.95
20:20:43,14,21.35,0.00,17.98,0.00,0.00,4.49,0.00,0.00,0.00,56.18
20:20:43,15,21.98,0.00,15.38,0.00,0.00,5.49,0.00,0.00,0.00,57.14
20:20:44,4,22.83,0.00,17.39,0.00,0.00,5.43,0.00,0.00,0.00,54.35
20:20:44,5,26.97,0.00,17.98,1.12,0.00,4.49,0.00,0.00,0.00,49.44
20:20:44,6,21.51,0.00,19.35,0.00,0.00,5.38,0.00,0.00,0.00,53.76
20:20:44,7,20.45,0.00,18.18,0.00,0.00,4.55,0.00,0.00,0.00,56.82
20:20:44,12,22.09,0.00,16.28,0.00,0.00,4.65,0.00,0.00,0.00,56.98
20:20:44,13,22.22,0.00,17.78,0.00,0.00,4.44,0.00,0.00,0.00,55.56
20:20:44,14,23.33,0.00,16.67,0.00,0.00,4.44,0.00,0.00,0.00,55.56
20:20:44,15,22.99,0.00,16.09,0.00,0.00,4.60,0.00,0.00,0.00,56.32
20:20:45,4,21.11,0.00,16.67,0.00,0.00,5.56,0.00,0.00,0.00,56.67
20:20:45,5,19.32,0.00,19.32,0.00,0.00,4.55,0.00,0.00,0.00,56.82
20:20:45,6,19.77,0.00,16.28,0.00,0.00,4.65,0.00,0.00,0.00,59.30
20:20:45,7,19.54,0.00,16.09,0.00,0.00,3.45,0.00,0.00,0.00,60.92
20:20:45,12,21.59,0.00,15.91,0.00,0.00,5.68,0.00,0.00,0.00,56.82
20:20:45,13,21.43,0.00,14.29,0.00,0.00,4.76,0.00,0.00,0.00,59.52
20:20:45,14,23.86,0.00,14.77,0.00,0.00,3.41,0.00,0.00,0.00,57.95
20:20:45,15,20.88,0.00,16.48,0.00,0.00,5.49,0.00,0.00,0.00,57.14
20:20:46,4,22.47,0.00,15.73,0.00,0.00,6.74,0.00,0.00,0.00,55.06
20:20:46,5,20.69,0.00,17.24,0.00,0.00,5.75,0.00,0.00,0.00,56.32
20:20:46,6,23.60,0.00,14.61,0.00,0.00,5.62,0.00,0.00,0.00,56.18
20:20:46,7,19.32,0.00,15.91,0.00,0.00,4.55,0.00,0.00,0.00,60.23
20:20:46,12,24.72,0.00,14.61,0.00,0.00,4.49,0.00,0.00,0.00,56.18
20:20:46,13,24.44,0.00,15.56,0.00,0.00,4.44,0.00,0.00,0.00,55.56
20:20:46,14,19.77,0.00,16.28,0.00,0.00,5.81,0.00,0.00,0.00,58.14
20:20:46,15,21.59,0.00,15.91,0.00,0.00,3.41,0.00,0.00,0.00,59.09
20:20:47,4,22.47,0.00,15.73,0.00,0.00,5.62,0.00,0.00,0.00,56.18
20:20:47,5,23.60,0.00,15.73,0.00,0.00,3.37,0.00,0.00,0.00,57.30
20:20:47,6,19.32,0.00,15.91,0.00,0.00,6.82,0.00,0.00,0.00,57.95
20:20:47,7,20.69,0.00,16.09,0.00,0.00,4.60,0.00,0.00,0.00,58.62
20:20:47,12,21.59,0.00,14.77,0.00,0.00,5.68,0.00,0.00,0.00,57.95
20:20:47,13,21.11,0.00,16.67,0.00,0.00,5.56,0.00,0.00,0.00,56.67
20:20:47,14,22.73,0.00,14.77,0.00,0.00,4.55,0.00,0.00,0.00,57.95
20:20:47,15,20.45,0.00,17.05,0.00,0.00,3.41,0.00,0.00,0.00,59.09
20:20:48,4,20.45,0.00,18.18,0.00,0.00,5.68,0.00,0.00,0.00,55.68
20:20:48,5,21.11,0.00,17.78,0.00,0.00,5.56,0.00,0.00,0.00,55.56
20:20:48,6,21.11,0.00,17.78,1.11,0.00,5.56,0.00,0.00,0.00,54.44
20:20:48,7,21.84,0.00,14.94,0.00,0.00,3.45,0.00,0.00,0.00,59.77
20:20:48,12,20.69,0.00,17.24,0.00,0.00,4.60,0.00,0.00,0.00,57.47
20:20:48,13,20.69,0.00,17.24,0.00,0.00,4.60,0.00,0.00,0.00,57.47
20:20:48,14,22.22,0.00,16.67,1.11,0.00,5.56,0.00,0.00,0.00,54.44
20:20:48,15,21.74,0.00,16.30,0.00,0.00,6.52,0.00,0.00,0.00,55.43
20:20:49,4,22.73,0.00,15.91,0.00,0.00,5.68,0.00,0.00,0.00,55.68
20:20:49,5,24.71,0.00,16.47,0.00,0.00,3.53,0.00,0.00,0.00,55.29
20:20:49,6,19.54,0.00,17.24,1.15,0.00,5.75,0.00,0.00,0.00,56.32
20:20:49,7,22.09,0.00,16.28,0.00,0.00,4.65,0.00,0.00,0.00,56.98
20:20:49,12,22.47,0.00,16.85,0.00,0.00,5.62,0.00,0.00,0.00,55.06
20:20:49,13,24.42,0.00,18.60,0.00,0.00,4.65,0.00,0.00,0.00,52.33
20:20:49,14,22.09,0.00,16.28,0.00,0.00,4.65,0.00,0.00,0.00,56.98
20:20:49,15,25.56,0.00,14.44,0.00,0.00,4.44,0.00,0.00,0.00,55.56
20:20:50,4,22.22,0.00,16.67,0.00,0.00,5.56,0.00,0.00,0.00,55.56
20:20:50,5,23.60,0.00,14.61,0.00,0.00,4.49,0.00,0.00,0.00,57.30
20:20:50,6,22.22,0.00,17.78,0.00,0.00,4.44,0.00,0.00,0.00,55.56
20:20:50,7,19.78,0.00,16.48,0.00,0.00,5.49,0.00,0.00,0.00,58.24
20:20:50,12,20.00,0.00,16.47,0.00,0.00,3.53,0.00,0.00,0.00,60.00
20:20:50,13,21.59,0.00,17.05,0.00,0.00,4.55,0.00,0.00,0.00,56.82
20:20:50,14,20.93,0.00,16.28,0.00,0.00,3.49,0.00,0.00,0.00,59.30
20:20:50,15,21.98,0.00,16.48,0.00,0.00,4.40,0.00,0.00,0.00,57.14
20:20:51,4,23.33,0.00,16.67,0.00,0.00,4.44,0.00,0.00,0.00,55.56
20:20:51,5,22.47,0.00,16.85,0.00,0.00,4.49,0.00,0.00,0.00,56.18
20:20:51,6,20.93,0.00,16.28,0.00,0.00,4.65,0.00,0.00,0.00,58.14
20:20:51,7,17.98,0.00,16.85,0.00,0.00,5.62,0.00,0.00,0.00,59.55
20:20:51,12,21.35,0.00,15.73,0.00,0.00,6.74,0.00,0.00,0.00,56.18
20:20:51,13,22.73,0.00,15.91,0.00,0.00,4.55,0.00,0.00,0.00,56.82
20:20:51,14,20.69,0.00,17.24,0.00,0.00,5.75,0.00,0.00,0.00,56.32
20:20:51,15,22.47,0.00,13.48,0.00,0.00,5.62,0.00,0.00,0.00,58.43
20:20:52,4,20.22,0.00,17.98,0.00,0.00,6.74,0.00,0.00,0.00,55.06
20:20:52,5,23.33,0.00,15.56,0.00,0.00,5.56,0.00,0.00,0.00,55.56
20:20:52,6,20.22,0.00,16.85,0.00,0.00,5.62,0.00,0.00,0.00,57.30
20:20:52,7,21.35,0.00,16.85,0.00,0.00,3.37,0.00,0.00,0.00,58.43
20:20:52,12,21.59,0.00,18.18,0.00,0.00,4.55,0.00,0.00,0.00,55.68
20:20:52,13,23.08,0.00,17.58,0.00,0.00,5.49,0.00,0.00,0.00,53.85
20:20:52,14,21.84,0.00,13.79,0.00,0.00,5.75,0.00,0.00,0.00,58.62
20:20:52,15,19.32,0.00,17.05,0.00,0.00,4.55,0.00,0.00,0.00,59.09
20:20:53,4,20.93,0.00,16.28,0.00,0.00,4.65,0.00,0.00,0.00,58.14
20:20:53,5,21.18,0.00,17.65,0.00,0.00,3.53,0.00,0.00,0.00,57.65
20:20:53,6,21.18,0.00,17.65,0.00,0.00,3.53,0.00,0.00,0.00,57.65
20:20:53,7,19.32,0.00,17.05,0.00,0.00,5.68,0.00,0.00,0.00,57.95
20:20:53,12,22.83,0.00,17.39,0.00,0.00,4.35,0.00,0.00,0.00,55.43
20:20:53,13,23.08,0.00,16.48,1.10,0.00,4.40,0.00,0.00,0.00,54.95
20:20:53,14,23.60,0.00,14.61,0.00,0.00,4.49,0.00,0.00,0.00,57.30
20:20:53,15,22.99,0.00,13.79,0.00,0.00,4.60,0.00,0.00,0.00,58.62
20:20:54,4,21.18,0.00,18.82,0.00,0.00,3.53,0.00,0.00,0.00,56.47
20:20:54,5,22.47,0.00,19.10,0.00,0.00,5.62,0.00,0.00,0.00,52.81
20:20:54,6,20.45,0.00,17.05,0.00,0.00,6.82,0.00,0.00,0.00,55.68
20:20:54,7,23.08,0.00,16.48,0.00,0.00,5.49,0.00,0.00,0.00,54.95
20:20:54,12,19.77,0.00,18.60,0.00,0.00,4.65,0.00,0.00,0.00,56.98
20:20:54,13,22.47,0.00,17.98,0.00,0.00,4.49,0.00,0.00,0.00,55.06
20:20:54,14,21.11,0.00,17.78,0.00,0.00,5.56,0.00,0.00,0.00,55.56
20:20:54,15,24.44,0.00,16.67,0.00,0.00,4.44,0.00,0.00,0.00,54.44
20:20:55,4,21.98,0.00,16.48,0.00,0.00,5.49,0.00,0.00,0.00,56.04
20:20:55,5,19.77,0.00,16.28,0.00,0.00,4.65,0.00,0.00,0.00,59.30
20:20:55,6,22.47,0.00,14.61,0.00,0.00,4.49,0.00,0.00,0.00,58.43
20:20:55,7,20.65,0.00,15.22,0.00,0.00,6.52,0.00,0.00,0.00,57.61
20:20:55,12,20.45,0.00,15.91,0.00,0.00,5.68,0.00,0.00,0.00,57.95
20:20:55,13,21.84,0.00,13.79,0.00,0.00,4.60,0.00,0.00,0.00,59.77
20:20:55,14,19.32,0.00,15.91,0.00,0.00,6.82,0.00,0.00,0.00,57.95
20:20:55,15,18.39,0.00,13.79,0.00,0.00,6.90,0.00,0.00,0.00,60.92
20:20:56,4,20.69,0.00,17.24,0.00,0.00,4.60,0.00,0.00,0.00,57.47
20:20:56,5,21.74,0.00,18.48,0.00,0.00,4.35,0.00,0.00,0.00,55.43
20:20:56,6,19.54,0.00,17.24,0.00,0.00,4.60,0.00,0.00,0.00,58.62
20:20:56,7,20.00,0.00,16.67,0.00,0.00,4.44,0.00,0.00,0.00,58.89
20:20:56,12,19.10,0.00,19.10,0.00,0.00,4.49,0.00,0.00,0.00,57.30
20:20:56,13,21.35,0.00,17.98,0.00,0.00,4.49,0.00,0.00,0.00,56.18
20:20:56,14,21.59,0.00,17.05,0.00,0.00,3.41,0.00,0.00,0.00,57.95
20:20:56,15,20.22,0.00,16.85,0.00,0.00,4.49,0.00,0.00,0.00,58.43
20:20:57,4,22.09,0.00,13.95,0.00,0.00,5.81,0.00,0.00,0.00,58.14
20:20:57,5,19.78,0.00,16.48,0.00,0.00,7.69,0.00,0.00,0.00,56.04
20:20:57,6,21.35,0.00,16.85,0.00,0.00,4.49,0.00,0.00,0.00,57.30
20:20:57,7,21.59,0.00,15.91,0.00,0.00,3.41,0.00,0.00,0.00,59.09
20:20:57,12,23.33,0.00,15.56,0.00,0.00,5.56,0.00,0.00,0.00,55.56
20:20:57,13,20.22,0.00,17.98,0.00,0.00,4.49,0.00,0.00,0.00,57.30
20:20:57,14,19.77,0.00,17.44,0.00,0.00,4.65,0.00,0.00,0.00,58.14
20:20:57,15,21.84,0.00,14.94,0.00,0.00,4.60,0.00,0.00,0.00,58.62
20:20:58,4,21.84,0.00,14.94,0.00,0.00,5.75,0.00,0.00,0.00,57.47
20:20:58,5,23.33,0.00,14.44,0.00,0.00,6.67,0.00,0.00,0.00,55.56
20:20:58,6,21.84,0.00,16.09,0.00,0.00,3.45,0.00,0.00,0.00,58.62
20:20:58,7,20.93,0.00,15.12,0.00,0.00,3.49,0.00,0.00,0.00,60.47
20:20:58,12,20.43,0.00,20.43,0.00,0.00,4.30,0.00,0.00,0.00,54.84
20:20:58,13,24.18,0.00,15.38,0.00,0.00,4.40,0.00,0.00,0.00,56.04
20:20:58,14,24.18,0.00,16.48,0.00,0.00,4.40,0.00,0.00,0.00,54.95
20:20:58,15,19.54,0.00,16.09,1.15,0.00,4.60,0.00,0.00,0.00,58.62
20:20:59,4,23.26,0.00,15.12,0.00,0.00,4.65,0.00,0.00,0.00,56.98
20:20:59,5,23.08,0.00,19.78,0.00,0.00,4.40,0.00,0.00,0.00,52.75
20:20:59,6,19.54,0.00,18.39,0.00,0.00,4.60,0.00,0.00,0.00,57.47
20:20:59,7,22.22,0.00,17.78,0.00,0.00,4.44,0.00,0.00,0.00,55.56
20:20:59,12,19.54,0.00,17.24,0.00,0.00,5.75,0.00,0.00,0.00,57.47
20:20:59,13,22.47,0.00,17.98,0.00,0.00,4.49,0.00,0.00,0.00,55.06
20:20:59,14,21.74,0.00,18.48,0.00,0.00,5.43,0.00,0.00,0.00,54.35
20:20:59,15,22.47,0.00,16.85,0.00,0.00,4.49,0.00,0.00,0.00,56.18
20:21:00,4,23.08,0.00,15.38,0.00,0.00,5.49,0.00,0.00,0.00,56.04
20:21:00,5,21.59,0.00,15.91,0.00,0.00,4.55,0.00,0.00,0.00,57.95
20:21:00,6,18.89,0.00,17.78,0.00,0.00,5.56,0.00,0.00,0.00,57.78
20:21:00,7,21.11,0.00,15.56,0.00,0.00,4.44,0.00,0.00,0.00,58.89
20:21:00,12,21.59,0.00,15.91,0.00,0.00,5.68,0.00,0.00,0.00,56.82
20:21:00,13,22.73,0.00,14.77,0.00,0.00,4.55,0.00,0.00,0.00,57.95
20:21:00,14,20.93,0.00,13.95,0.00,0.00,5.81,0.00,0.00,0.00,59.30
20:21:00,15,19.78,0.00,16.48,0.00,0.00,6.59,0.00,0.00,0.00,57.14
20:21:01,4,23.08,0.00,15.38,0.00,0.00,5.49,0.00,0.00,0.00,56.04
20:21:01,5,21.11,0.00,16.67,0.00,0.00,5.56,0.00,0.00,0.00,56.67
20:21:01,6,22.73,0.00,13.64,0.00,0.00,5.68,0.00,0.00,0.00,57.95
20:21:01,7,20.45,0.00,14.77,0.00,0.00,5.68,0.00,0.00,0.00,59.09
20:21:01,12,21.84,0.00,16.09,0.00,0.00,4.60,0.00,0.00,0.00,57.47
20:21:01,13,21.59,0.00,14.77,0.00,0.00,5.68,0.00,0.00,0.00,57.95
20:21:01,14,21.84,0.00,16.09,0.00,0.00,3.45,0.00,0.00,0.00,58.62
20:21:01,15,21.35,0.00,15.73,0.00,0.00,4.49,0.00,0.00,0.00,58.43
20:21:02,4,21.35,0.00,15.73,0.00,0.00,5.62,0.00,0.00,0.00,57.30
20:21:02,5,20.00,0.00,16.67,0.00,0.00,5.56,0.00,0.00,0.00,57.78
20:21:02,6,21.59,0.00,15.91,0.00,0.00,4.55,0.00,0.00,0.00,57.95
20:21:02,7,20.45,0.00,17.05,0.00,0.00,4.55,0.00,0.00,0.00,57.95
20:21:02,12,20.00,0.00,18.89,0.00,0.00,4.44,0.00,0.00,0.00,56.67
20:21:02,13,20.88,0.00,15.38,0.00,0.00,6.59,0.00,0.00,0.00,57.14
20:21:02,14,22.83,0.00,16.30,0.00,0.00,4.35,0.00,0.00,0.00,56.52
20:21:02,15,21.84,0.00,13.79,0.00,0.00,4.60,0.00,0.00,0.00,59.77
20:21:03,4,20.00,0.00,16.67,0.00,0.00,5.56,0.00,0.00,0.00,57.78
20:21:03,5,19.77,0.00,15.12,0.00,0.00,4.65,0.00,0.00,0.00,60.47
20:21:03,6,21.98,0.00,14.29,0.00,0.00,6.59,0.00,0.00,0.00,57.14
20:21:03,7,19.57,0.00,16.30,0.00,0.00,6.52,0.00,0.00,0.00,57.61
20:21:03,12,17.24,0.00,17.24,0.00,0.00,5.75,0.00,0.00,0.00,59.77
20:21:03,13,20.00,0.00,16.67,2.22,0.00,5.56,0.00,0.00,0.00,55.56
20:21:03,14,19.32,0.00,17.05,0.00,0.00,4.55,0.00,0.00,0.00,59.09
20:21:03,15,20.45,0.00,17.05,0.00,0.00,3.41,0.00,0.00,0.00,59.09
20:21:04,4,21.98,0.00,17.58,0.00,0.00,5.49,0.00,0.00,0.00,54.95
20:21:04,5,21.84,0.00,17.24,0.00,0.00,4.60,0.00,0.00,0.00,56.32
20:21:04,6,21.84,0.00,17.24,0.00,0.00,4.60,0.00,0.00,0.00,56.32
20:21:04,7,21.84,0.00,16.09,0.00,0.00,5.75,0.00,0.00,0.00,56.32
20:21:04,12,25.84,0.00,17.98,0.00,0.00,4.49,0.00,0.00,0.00,51.69
20:21:04,13,25.56,0.00,17.78,0.00,0.00,3.33,0.00,0.00,0.00,53.33
20:21:04,14,20.45,0.00,18.18,0.00,0.00,5.68,0.00,0.00,0.00,55.68
20:21:04,15,22.73,0.00,17.05,0.00,0.00,4.55,0.00,0.00,0.00,55.68
20:21:05,4,21.59,0.00,15.91,0.00,0.00,6.82,0.00,0.00,0.00,55.68
20:21:05,5,22.83,0.00,16.30,0.00,0.00,5.43,0.00,0.00,0.00,55.43
20:21:05,6,20.69,0.00,14.94,0.00,0.00,5.75,0.00,0.00,0.00,58.62
20:21:05,7,19.54,0.00,16.09,0.00,0.00,4.60,0.00,0.00,0.00,59.77
20:21:05,12,20.69,0.00,16.09,0.00,0.00,4.60,0.00,0.00,0.00,58.62
20:21:05,13,21.35,0.00,17.98,0.00,0.00,5.62,0.00,0.00,0.00,55.06
20:21:05,14,20.69,0.00,17.24,0.00,0.00,4.60,0.00,0.00,0.00,57.47
20:21:05,15,19.10,0.00,16.85,0.00,0.00,5.62,0.00,0.00,0.00,58.43
20:21:06,4,23.08,0.00,17.58,0.00,0.00,3.30,0.00,0.00,0.00,56.04
20:21:06,5,22.99,0.00,14.94,0.00,0.00,4.60,0.00,0.00,0.00,57.47
20:21:06,6,21.84,0.00,13.79,0.00,0.00,5.75,0.00,0.00,0.00,58.62
20:21:06,7,19.54,0.00,16.09,0.00,0.00,4.60,0.00,0.00,0.00,59.77
20:21:06,12,21.35,0.00,17.98,0.00,0.00,5.62,0.00,0.00,0.00,55.06
20:21:06,13,23.86,0.00,14.77,0.00,0.00,3.41,0.00,0.00,0.00,57.95
20:21:06,14,19.10,0.00,17.98,0.00,0.00,5.62,0.00,0.00,0.00,57.30
20:21:06,15,21.74,0.00,17.39,0.00,0.00,5.43,0.00,0.00,0.00,55.43
20:21:07,4,21.18,0.00,15.29,0.00,0.00,4.71,0.00,0.00,0.00,58.82
20:21:07,5,19.32,0.00,17.05,0.00,0.00,5.68,0.00,0.00,0.00,57.95
20:21:07,6,17.98,0.00,19.10,0.00,0.00,4.49,0.00,0.00,0.00,58.43
20:21:07,7,21.98,0.00,14.29,0.00,0.00,5.49,0.00,0.00,0.00,58.24
20:21:07,12,18.60,0.00,17.44,0.00,0.00,4.65,0.00,0.00,0.00,59.30
20:21:07,13,20.45,0.00,17.05,0.00,0.00,5.68,0.00,0.00,0.00,56.82
20:21:07,14,23.08,0.00,17.58,0.00,0.00,4.40,0.00,0.00,0.00,54.95
20:21:07,15,21.84,0.00,13.79,0.00,0.00,4.60,0.00,0.00,0.00,59.77
20:21:08,4,20.45,0.00,14.77,0.00,0.00,6.82,0.00,0.00,0.00,57.95
20:21:08,5,19.32,0.00,17.05,0.00,0.00,5.68,0.00,0.00,0.00,57.95
20:21:08,6,20.00,0.00,17.78,1.11,0.00,5.56,0.00,0.00,0.00,55.56
20:21:08,7,20.00,0.00,17.78,0.00,0.00,4.44,0.00,0.00,0.00,57.78
20:21:08,12,21.18,0.00,15.29,0.00,0.00,4.71,0.00,0.00,0.00,58.82
20:21:08,13,25.56,0.00,15.56,0.00,0.00,3.33,0.00,0.00,0.00,55.56
20:21:08,14,20.45,0.00,17.05,0.00,0.00,4.55,0.00,0.00,0.00,57.95
20:21:08,15,22.09,0.00,12.79,0.00,0.00,4.65,0.00,0.00,0.00,60.47
20:21:09,4,22.99,0.00,14.94,0.00,0.00,4.60,0.00,0.00,0.00,57.47
20:21:09,5,22.47,0.00,16.85,1.12,0.00,5.62,0.00,0.00,0.00,53.93
20:21:09,6,21.84,0.00,16.09,0.00,0.00,4.60,0.00,0.00,0.00,57.47
20:21:09,7,21.98,0.00,16.48,0.00,0.00,5.49,0.00,0.00,0.00,56.04
20:21:09,12,22.22,0.00,17.78,0.00,0.00,6.67,0.00,0.00,0.00,53.33
20:21:09,13,23.86,0.00,15.91,0.00,0.00,5.68,0.00,0.00,0.00,54.55
20:21:09,14,21.18,0.00,17.65,0.00,0.00,3.53,0.00,0.00,0.00,57.65
20:21:09,15,21.84,0.00,16.09,0.00,0.00,4.60,0.00,0.00,0.00,57.47
20:21:10,4,19.10,0.00,19.10,0.00,0.00,5.62,0.00,0.00,0.00,56.18
20:21:10,5,19.32,0.00,19.32,0.00,0.00,4.55,0.00,0.00,0.00,56.82
20:21:10,6,19.10,0.00,17.98,0.00,0.00,5.62,0.00,0.00,0.00,57.30
20:21:10,7,21.11,0.00,16.67,0.00,0.00,4.44,0.00,0.00,0.00,57.78
20:21:10,12,22.22,0.00,15.56,0.00,0.00,5.56,0.00,0.00,0.00,56.67
20:21:10,13,20.93,0.00,16.28,0.00,0.00,4.65,0.00,0.00,0.00,58.14
20:21:10,14,21.28,0.00,19.15,0.00,0.00,6.38,0.00,0.00,0.00,53.19
20:21:10,15,22.22,0.00,15.56,0.00,0.00,4.44,0.00,0.00,0.00,57.78
20:21:11,4,19.78,0.00,19.78,0.00,0.00,5.49,0.00,0.00,0.00,54.95
20:21:11,5,22.22,0.00,14.44,0.00,0.00,5.56,0.00,0.00,0.00,57.78
20:21:11,6,21.11,0.00,17.78,0.00,0.00,4.44,0.00,0.00,0.00,56.67
20:21:11,7,21.35,0.00,15.73,0.00,0.00,4.49,0.00,0.00,0.00,58.43
20:21:11,12,21.35,0.00,16.85,0.00,0.00,4.49,0.00,0.00,0.00,57.30
20:21:11,13,22.47,0.00,15.73,0.00,0.00,4.49,0.00,0.00,0.00,57.30
20:21:11,14,20.00,0.00,17.65,0.00,0.00,3.53,0.00,0.00,0.00,58.82
20:21:11,15,20.93,0.00,15.12,0.00,0.00,4.65,0.00,0.00,0.00,59.30
20:21:12,4,21.11,0.00,17.78,0.00,0.00,5.56,0.00,0.00,0.00,55.56
20:21:12,5,21.59,0.00,17.05,0.00,0.00,4.55,0.00,0.00,0.00,56.82
20:21:12,6,21.11,0.00,16.67,0.00,0.00,5.56,0.00,0.00,0.00,56.67
20:21:12,7,21.35,0.00,15.73,0.00,0.00,4.49,0.00,0.00,0.00,58.43
20:21:12,12,21.35,0.00,17.98,0.00,0.00,4.49,0.00,0.00,0.00,56.18
20:21:12,13,20.22,0.00,17.98,0.00,0.00,4.49,0.00,0.00,0.00,57.30
20:21:12,14,20.45,0.00,17.05,0.00,0.00,4.55,0.00,0.00,0.00,57.95
20:21:12,15,20.45,0.00,15.91,0.00,0.00,4.55,0.00,0.00,0.00,59.09
20:21:13,4,19.32,0.00,17.05,0.00,0.00,4.55,0.00,0.00,0.00,59.09
20:21:13,5,23.33,0.00,16.67,0.00,0.00,4.44,0.00,0.00,0.00,55.56
20:21:13,6,20.00,0.00,16.67,0.00,0.00,6.67,0.00,0.00,0.00,56.67
20:21:13,7,20.22,0.00,15.73,0.00,0.00,5.62,0.00,0.00,0.00,58.43
20:21:13,12,21.18,0.00,14.12,0.00,0.00,4.71,0.00,0.00,0.00,60.00
20:21:13,13,20.22,0.00,17.98,0.00,0.00,4.49,0.00,0.00,0.00,57.30
20:21:13,14,21.11,0.00,16.67,0.00,0.00,4.44,0.00,0.00,0.00,57.78
20:21:13,15,19.54,0.00,16.09,0.00,0.00,4.60,0.00,0.00,0.00,59.77
20:21:14,4,20.93,0.00,16.28,0.00,0.00,4.65,0.00,0.00,0.00,58.14
20:21:14,5,23.86,0.00,17.05,0.00,0.00,4.55,0.00,0.00,0.00,54.55
20:21:14,6,22.73,0.00,18.18,0.00,0.00,3.41,0.00,0.00,0.00,55.68
20:21:14,7,21.11,0.00,17.78,0.00,0.00,5.56,0.00,0.00,0.00,55.56
20:21:14,12,20.45,0.00,19.32,0.00,0.00,3.41,0.00,0.00,0.00,56.82
20:21:14,13,24.72,0.00,17.98,0.00,0.00,4.49,0.00,0.00,0.00,52.81
20:21:14,14,20.45,0.00,17.05,0.00,0.00,5.68,0.00,0.00,0.00,56.82
20:21:14,15,22.22,0.00,18.89,0.00,0.00,2.22,0.00,0.00,0.00,56.67
20:21:15,4,21.35,0.00,15.73,0.00,0.00,6.74,0.00,0.00,0.00,56.18
20:21:15,5,21.35,0.00,17.98,1.12,0.00,4.49,0.00,0.00,0.00,55.06
20:21:15,6,18.39,0.00,18.39,0.00,0.00,4.60,0.00,0.00,0.00,58.62
20:21:15,7,20.22,0.00,16.85,0.00,0.00,4.49,0.00,0.00,0.00,58.43
20:21:15,12,23.08,0.00,15.38,0.00,0.00,5.49,0.00,0.00,0.00,56.04
20:21:15,13,22.47,0.00,14.61,0.00,0.00,5.62,0.00,0.00,0.00,57.30
20:21:15,14,21.35,0.00,15.73,0.00,0.00,5.62,0.00,0.00,0.00,57.30
20:21:15,15,20.22,0.00,16.85,0.00,0.00,5.62,0.00,0.00,0.00,57.30
20:21:16,4,19.54,0.00,16.09,0.00,0.00,5.75,0.00,0.00,0.00,58.62
20:21:16,5,20.69,0.00,14.94,0.00,0.00,5.75,0.00,0.00,0.00,58.62
20:21:16,6,21.59,0.00,15.91,0.00,0.00,4.55,0.00,0.00,0.00,57.95
20:21:16,7,20.65,0.00,16.30,0.00,0.00,5.43,0.00,0.00,0.00,57.61
20:21:16,12,20.65,0.00,18.48,0.00,0.00,5.43,0.00,0.00,0.00,55.43
20:21:16,13,22.22,0.00,16.67,0.00,0.00,4.44,0.00,0.00,0.00,56.67
20:21:16,14,17.24,0.00,17.24,0.00,0.00,5.75,0.00,0.00,0.00,59.77
20:21:16,15,19.77,0.00,15.12,0.00,0.00,4.65,0.00,0.00,0.00,60.47
20:21:17,4,21.98,0.00,18.68,0.00,0.00,4.40,0.00,0.00,0.00,54.95
20:21:17,5,20.45,0.00,15.91,0.00,0.00,5.68,0.00,0.00,0.00,57.95
20:21:17,6,23.08,0.00,16.48,0.00,0.00,4.40,0.00,0.00,0.00,56.04
20:21:17,7,21.84,0.00,12.64,0.00,0.00,4.60,0.00,0.00,0.00,60.92
20:21:17,12,20.00,0.00,18.89,0.00,0.00,5.56,0.00,0.00,0.00,55.56
20:21:17,13,21.35,0.00,16.85,0.00,0.00,5.62,0.00,0.00,0.00,56.18
20:21:17,14,21.59,0.00,15.91,0.00,0.00,5.68,0.00,0.00,0.00,56.82
20:21:17,15,20.69,0.00,14.94,0.00,0.00,4.60,0.00,0.00,0.00,59.77
20:21:18,4,21.84,0.00,16.09,0.00,0.00,4.60,0.00,0.00,0.00,57.47
20:21:18,5,21.35,0.00,17.98,1.12,0.00,4.49,0.00,0.00,0.00,55.06
20:21:18,6,23.60,0.00,14.61,0.00,0.00,5.62,0.00,0.00,0.00,56.18
20:21:18,7,22.47,0.00,14.61,0.00,0.00,4.49,0.00,0.00,0.00,58.43
20:21:18,12,20.88,0.00,18.68,0.00,0.00,5.49,0.00,0.00,0.00,54.95
20:21:18,13,25.00,0.00,13.64,0.00,0.00,4.55,0.00,0.00,0.00,56.82
20:21:18,14,22.47,0.00,14.61,0.00,0.00,5.62,0.00,0.00,0.00,57.30
20:21:18,15,20.93,0.00,15.12,0.00,0.00,4.65,0.00,0.00,0.00,59.30
20:21:19,4,20.45,0.00,14.77,0.00,0.00,6.82,0.00,0.00,0.00,57.95
20:21:19,5,22.47,0.00,15.73,0.00,0.00,5.62,0.00,0.00,0.00,56.18
20:21:19,6,22.99,0.00,13.79,0.00,0.00,4.60,0.00,0.00,0.00,58.62
20:21:19,7,20.88,0.00,16.48,0.00,0.00,5.49,0.00,0.00,0.00,57.14
20:21:19,12,20.93,0.00,16.28,0.00,0.00,4.65,0.00,0.00,0.00,58.14
20:21:19,13,20.69,0.00,14.94,0.00,0.00,5.75,0.00,0.00,0.00,58.62
20:21:19,14,21.59,0.00,14.77,0.00,0.00,5.68,0.00,0.00,0.00,57.95
20:21:19,15,20.88,0.00,16.48,0.00,0.00,5.49,0.00,0.00,0.00,57.14
20:21:20,4,20.22,0.00,20.22,0.00,0.00,5.62,0.00,0.00,0.00,53.93
20:21:20,5,22.73,0.00,15.91,0.00,0.00,5.68,0.00,0.00,0.00,55.68
20:21:20,6,21.84,0.00,16.09,0.00,0.00,6.90,0.00,0.00,0.00,55.17
20:21:20,7,20.22,0.00,16.85,0.00,0.00,6.74,0.00,0.00,0.00,56.18
20:21:20,12,23.33,0.00,17.78,0.00,0.00,6.67,0.00,0.00,0.00,52.22
20:21:20,13,23.53,0.00,16.47,0.00,0.00,4.71,0.00,0.00,0.00,55.29
20:21:20,14,22.47,0.00,17.98,0.00,0.00,4.49,0.00,0.00,0.00,55.06
20:21:20,15,21.35,0.00,15.73,0.00,0.00,5.62,0.00,0.00,0.00,57.30
20:21:21,4,19.54,0.00,17.24,0.00,0.00,5.75,0.00,0.00,0.00,57.47
20:21:21,5,20.22,0.00,17.98,0.00,0.00,4.49,0.00,0.00,0.00,57.30
20:21:21,6,19.32,0.00,17.05,0.00,0.00,4.55,0.00,0.00,0.00,59.09
20:21:21,7,20.22,0.00,15.73,0.00,0.00,6.74,0.00,0.00,0.00,57.30
20:21:21,12,20.65,0.00,18.48,0.00,0.00,6.52,0.00,0.00,0.00,54.35
20:21:21,13,21.98,0.00,16.48,0.00,0.00,5.49,0.00,0.00,0.00,56.04
20:21:21,14,20.88,0.00,17.58,0.00,0.00,4.40,0.00,0.00,0.00,57.14
20:21:21,15,21.98,0.00,16.48,0.00,0.00,5.49,0.00,0.00,0.00,56.04
20:21:22,4,22.22,0.00,16.67,0.00,0.00,4.44,0.00,0.00,0.00,56.67
20:21:22,5,20.93,0.00,16.28,0.00,0.00,4.65,0.00,0.00,0.00,58.14
20:21:22,6,20.69,0.00,17.24,0.00,0.00,4.60,0.00,0.00,0.00,57.47
20:21:22,7,21.35,0.00,15.73,0.00,0.00,4.49,0.00,0.00,0.00,58.43
20:21:22,12,20.45,0.00,15.91,0.00,0.00,5.68,0.00,0.00,0.00,57.95
20:21:22,13,21.84,0.00,16.09,0.00,0.00,4.60,0.00,0.00,0.00,57.47
20:21:22,14,20.69,0.00,17.24,0.00,0.00,3.45,0.00,0.00,0.00,58.62
20:21:22,15,21.51,0.00,16.13,0.00,0.00,6.45,0.00,0.00,0.00,55.91
20:21:23,4,21.98,0.00,15.38,0.00,0.00,5.49,0.00,0.00,0.00,57.14
20:21:23,5,21.11,0.00,17.78,0.00,0.00,5.56,0.00,0.00,0.00,55.56
20:21:23,6,22.47,0.00,15.73,0.00,0.00,4.49,0.00,0.00,0.00,57.30
20:21:23,7,20.00,0.00,17.78,0.00,0.00,5.56,0.00,0.00,0.00,56.67
20:21:23,12,21.11,0.00,17.78,0.00,0.00,4.44,0.00,0.00,0.00,56.67
20:21:23,13,22.22,0.00,18.89,0.00,0.00,4.44,0.00,0.00,0.00,54.44
20:21:23,14,22.73,0.00,13.64,0.00,0.00,5.68,0.00,0.00,0.00,57.95
20:21:23,15,20.69,0.00,16.09,0.00,0.00,4.60,0.00,0.00,0.00,58.62
20:21:24,4,21.11,0.00,17.78,0.00,0.00,4.44,0.00,0.00,0.00,56.67
20:21:24,5,18.82,0.00,16.47,0.00,0.00,4.71,0.00,0.00,0.00,60.00
20:21:24,6,20.69,0.00,14.94,0.00,0.00,5.75,0.00,0.00,0.00,58.62
20:21:24,7,18.68,0.00,17.58,0.00,0.00,5.49,0.00,0.00,0.00,58.24
20:21:24,12,20.69,0.00,18.39,0.00,0.00,3.45,0.00,0.00,0.00,57.47
20:21:24,13,20.22,0.00,16.85,0.00,0.00,5.62,0.00,0.00,0.00,57.30
20:21:24,14,21.18,0.00,15.29,0.00,0.00,4.71,0.00,0.00,0.00,58.82
20:21:24,15,22.73,0.00,14.77,0.00,0.00,4.55,0.00,0.00,0.00,57.95
20:21:25,4,22.22,0.00,17.78,0.00,0.00,5.56,0.00,0.00,0.00,54.44
20:21:25,5,21.84,0.00,17.24,0.00,0.00,4.60,0.00,0.00,0.00,56.32
20:21:25,6,19.54,0.00,18.39,0.00,0.00,4.60,0.00,0.00,0.00,57.47
20:21:25,7,21.84,0.00,14.94,0.00,0.00,5.75,0.00,0.00,0.00,57.47
20:21:25,12,19.77,0.00,19.77,0.00,0.00,4.65,0.00,0.00,0.00,55.81
20:21:25,13,26.67,0.00,18.89,0.00,0.00,4.44,0.00,0.00,0.00,50.00
20:21:25,14,22.73,0.00,17.05,0.00,0.00,4.55,0.00,0.00,0.00,55.68
20:21:25,15,23.33,0.00,13.33,1.11,0.00,6.67,0.00,0.00,0.00,55.56
20:21:26,4,19.10,0.00,16.85,0.00,0.00,5.62,0.00,0.00,0.00,58.43
20:21:26,5,20.22,0.00,16.85,0.00,0.00,5.62,0.00,0.00,0.00,57.30
20:21:26,6,22.73,0.00,14.77,0.00,0.00,4.55,0.00,0.00,0.00,57.95
20:21:26,7,21.84,0.00,13.79,0.00,0.00,3.45,0.00,0.00,0.00,60.92
20:21:26,12,20.22,0.00,15.73,0.00,0.00,6.74,0.00,0.00,0.00,57.30
20:21:26,13,21.35,0.00,14.61,0.00,0.00,5.62,0.00,0.00,0.00,58.43
20:21:26,14,21.98,0.00,15.38,0.00,0.00,6.59,0.00,0.00,0.00,56.04
20:21:26,15,21.35,0.00,14.61,0.00,0.00,5.62,0.00,0.00,0.00,58.43
20:21:27,4,18.89,0.00,18.89,0.00,0.00,6.67,0.00,0.00,0.00,55.56
20:21:27,5,21.84,0.00,17.24,0.00,0.00,4.60,0.00,0.00,0.00,56.32
20:21:27,6,19.57,0.00,18.48,0.00,0.00,6.52,0.00,0.00,0.00,55.43
20:21:27,7,20.22,0.00,15.73,0.00,0.00,5.62,0.00,0.00,0.00,58.43
20:21:27,12,20.45,0.00,17.05,0.00,0.00,4.55,0.00,0.00,0.00,57.95
20:21:27,13,21.35,0.00,16.85,0.00,0.00,5.62,0.00,0.00,0.00,56.18
20:21:27,14,21.59,0.00,15.91,0.00,0.00,5.68,0.00,0.00,0.00,56.82
20:21:27,15,21.35,0.00,15.73,0.00,0.00,4.49,0.00,0.00,0.00,58.43
20:21:28,4,20.22,0.00,16.85,0.00,0.00,6.74,0.00,0.00,0.00,56.18
20:21:28,5,22.73,0.00,15.91,0.00,0.00,4.55,0.00,0.00,0.00,56.82
20:21:28,6,20.45,0.00,17.05,0.00,0.00,5.68,0.00,0.00,0.00,56.82
20:21:28,7,19.78,0.00,16.48,0.00,0.00,6.59,0.00,0.00,0.00,57.14
20:21:28,12,23.33,0.00,15.56,1.11,0.00,5.56,0.00,0.00,0.00,54.44
20:21:28,13,23.60,0.00,15.73,0.00,0.00,4.49,0.00,0.00,0.00,56.18
20:21:28,14,21.18,0.00,14.12,0.00,0.00,4.71,0.00,0.00,0.00,60.00
20:21:28,15,19.54,0.00,14.94,0.00,0.00,5.75,0.00,0.00,0.00,59.77
20:21:29,4,21.18,0.00,16.47,0.00,0.00,3.53,0.00,0.00,0.00,58.82
20:21:29,5,20.88,0.00,17.58,0.00,0.00,6.59,0.00,0.00,0.00,54.95
20:21:29,6,20.00,0.00,16.67,0.00,0.00,5.56,0.00,0.00,0.00,57.78
20:21:29,7,22.73,0.00,14.77,0.00,0.00,3.41,0.00,0.00,0.00,59.09
20:21:29,12,20.93,0.00,15.12,0.00,0.00,5.81,0.00,0.00,0.00,58.14
20:21:29,13,23.60,0.00,15.73,0.00,0.00,4.49,0.00,0.00,0.00,56.18
20:21:29,14,19.54,0.00,17.24,0.00,0.00,4.60,0.00,0.00,0.00,58.62
20:21:29,15,19.32,0.00,17.05,0.00,0.00,4.55,0.00,0.00,0.00,59.09
20:21:30,4,20.88,0.00,19.78,0.00,0.00,5.49,0.00,0.00,0.00,53.85
20:21:30,5,22.22,0.00,20.00,0.00,0.00,5.56,0.00,0.00,0.00,52.22
20:21:30,6,23.26,0.00,16.28,0.00,0.00,3.49,0.00,0.00,0.00,56.98
20:21:30,7,21.35,0.00,16.85,0.00,0.00,4.49,0.00,0.00,0.00,57.30
20:21:30,12,21.84,0.00,19.54,0.00,0.00,3.45,0.00,0.00,0.00,55.17
20:21:30,13,21.35,0.00,19.10,0.00,0.00,6.74,0.00,0.00,0.00,52.81
20:21:30,14,21.98,0.00,19.78,0.00,0.00,5.49,0.00,0.00,0.00,52.75
20:21:30,15,19.77,0.00,18.60,0.00,0.00,4.65,0.00,0.00,0.00,56.98
20:21:31,4,20.69,0.00,16.09,0.00,0.00,5.75,0.00,0.00,0.00,57.47
20:21:31,5,19.77,0.00,16.28,0.00,0.00,4.65,0.00,0.00,0.00,59.30
20:21:31,6,21.74,0.00,17.39,0.00,0.00,5.43,0.00,0.00,0.00,55.43
20:21:31,7,22.47,0.00,14.61,0.00,0.00,5.62,0.00,0.00,0.00,57.30
20:21:31,12,22.09,0.00,13.95,0.00,0.00,5.81,0.00,0.00,0.00,58.14
20:21:31,13,22.09,0.00,16.28,0.00,0.00,3.49,0.00,0.00,0.00,58.14
20:21:31,14,20.88,0.00,16.48,0.00,0.00,6.59,0.00,0.00,0.00,56.04
20:21:31,15,21.28,0.00,18.09,0.00,0.00,5.32,0.00,0.00,0.00,55.32
20:21:32,4,21.35,0.00,16.85,0.00,0.00,5.62,0.00,0.00,0.00,56.18
20:21:32,5,23.33,0.00,16.67,0.00,0.00,4.44,0.00,0.00,0.00,55.56
20:21:32,6,20.69,0.00,14.94,0.00,0.00,5.75,0.00,0.00,0.00,58.62
20:21:32,7,19.54,0.00,16.09,0.00,0.00,4.60,0.00,0.00,0.00,59.77
20:21:32,12,21.74,0.00,17.39,0.00,0.00,6.52,0.00,0.00,0.00,54.35
20:21:32,13,20.69,0.00,16.09,0.00,0.00,4.60,0.00,0.00,0.00,58.62
20:21:32,14,20.93,0.00,15.12,0.00,0.00,4.65,0.00,0.00,0.00,59.30
20:21:32,15,22.73,0.00,15.91,0.00,0.00,3.41,0.00,0.00,0.00,57.95
20:21:33,4,19.10,0.00,17.98,0.00,0.00,5.62,0.00,0.00,0.00,57.30
20:21:33,5,20.45,0.00,19.32,0.00,0.00,4.55,0.00,0.00,0.00,55.68
20:21:33,6,20.00,0.00,16.47,0.00,0.00,4.71,0.00,0.00,0.00,58.82
20:21:33,7,20.22,0.00,16.85,0.00,0.00,4.49,0.00,0.00,0.00,58.43
20:21:33,12,22.47,0.00,17.98,0.00,0.00,4.49,0.00,0.00,0.00,55.06
20:21:33,13,22.73,0.00,17.05,0.00,0.00,3.41,0.00,0.00,0.00,56.82
20:21:33,14,20.69,0.00,18.39,0.00,0.00,4.60,0.00,0.00,0.00,56.32
20:21:33,15,21.11,0.00,16.67,0.00,0.00,4.44,0.00,0.00,0.00,57.78
20:21:34,4,19.28,0.00,15.66,0.00,0.00,3.61,0.00,0.00,0.00,61.45
20:21:34,5,18.18,0.00,17.05,0.00,0.00,5.68,0.00,0.00,0.00,59.09
20:21:34,6,21.59,0.00,15.91,0.00,0.00,4.55,0.00,0.00,0.00,57.95
20:21:34,7,20.43,0.00,16.13,0.00,0.00,6.45,0.00,0.00,0.00,56.99
20:21:34,12,21.59,0.00,14.77,0.00,0.00,4.55,0.00,0.00,0.00,59.09
20:21:34,13,21.74,0.00,16.30,0.00,0.00,5.43,0.00,0.00,0.00,56.52
20:21:34,14,22.47,0.00,15.73,0.00,0.00,4.49,0.00,0.00,0.00,57.30
20:21:34,15,21.35,0.00,15.73,0.00,0.00,4.49,0.00,0.00,0.00,58.43
20:21:35,4,22.73,0.00,15.91,0.00,0.00,4.55,0.00,0.00,0.00,56.82
20:21:35,5,22.22,0.00,20.00,0.00,0.00,4.44,0.00,0.00,0.00,53.33
20:21:35,6,19.54,0.00,18.39,0.00,0.00,4.60,0.00,0.00,0.00,57.47
20:21:35,7,23.86,0.00,17.05,0.00,0.00,3.41,0.00,0.00,0.00,55.68
20:21:35,12,19.54,0.00,18.39,0.00,0.00,5.75,0.00,0.00,0.00,56.32
20:21:35,13,26.97,0.00,17.98,0.00,0.00,4.49,0.00,0.00,0.00,50.56
20:21:35,14,22.73,0.00,14.77,0.00,0.00,6.82,0.00,0.00,0.00,55.68
20:21:35,15,22.09,0.00,16.28,1.16,0.00,4.65,0.00,0.00,0.00,55.81
20:21:36,4,21.35,0.00,15.73,0.00,0.00,5.62,0.00,0.00,0.00,57.30
20:21:36,5,18.18,0.00,18.18,0.00,0.00,4.55,0.00,0.00,0.00,59.09
20:21:36,6,20.22,0.00,15.73,0.00,0.00,5.62,0.00,0.00,0.00,58.43
20:21:36,7,20.45,0.00,14.77,0.00,0.00,5.68,0.00,0.00,0.00,59.09
20:21:36,12,19.54,0.00,18.39,0.00,0.00,4.60,0.00,0.00,0.00,57.47
20:21:36,13,21.35,0.00,15.73,0.00,0.00,5.62,0.00,0.00,0.00,57.30
20:21:36,14,18.89,0.00,18.89,0.00,0.00,5.56,0.00,0.00,0.00,56.67
20:21:36,15,21.98,0.00,15.38,0.00,0.00,5.49,0.00,0.00,0.00,57.14
20:21:37,4,22.22,0.00,16.67,0.00,0.00,5.56,0.00,0.00,0.00,55.56
20:21:37,5,20.45,0.00,15.91,0.00,0.00,5.68,0.00,0.00,0.00,57.95
20:21:37,6,21.11,0.00,18.89,0.00,0.00,5.56,0.00,0.00,0.00,54.44
20:21:37,7,22.09,0.00,12.79,0.00,0.00,4.65,0.00,0.00,0.00,60.47
20:21:37,12,20.65,0.00,18.48,0.00,0.00,5.43,0.00,0.00,0.00,55.43
20:21:37,13,23.60,0.00,14.61,0.00,0.00,4.49,0.00,0.00,0.00,57.30
20:21:37,14,21.59,0.00,15.91,0.00,0.00,4.55,0.00,0.00,0.00,57.95
20:21:37,15,19.10,0.00,16.85,0.00,0.00,5.62,0.00,0.00,0.00,58.43
20:21:38,4,21.35,0.00,16.85,0.00,0.00,5.62,0.00,0.00,0.00,56.18
20:21:38,5,22.47,0.00,16.85,0.00,0.00,6.74,0.00,0.00,0.00,53.93
20:21:38,6,21.84,0.00,17.24,0.00,0.00,3.45,0.00,0.00,0.00,57.47
20:21:38,7,19.32,0.00,15.91,1.14,0.00,4.55,0.00,0.00,0.00,59.09
20:21:38,12,20.93,0.00,15.12,0.00,0.00,5.81,0.00,0.00,0.00,58.14
20:21:38,13,21.11,0.00,17.78,0.00,0.00,5.56,0.00,0.00,0.00,55.56
20:21:38,14,21.59,0.00,17.05,0.00,0.00,5.68,0.00,0.00,0.00,55.68
20:21:38,15,20.69,0.00,17.24,0.00,0.00,3.45,0.00,0.00,0.00,58.62
20:21:39,4,23.86,0.00,13.64,0.00,0.00,4.55,0.00,0.00,0.00,57.95
20:21:39,5,21.11,0.00,15.56,0.00,0.00,5.56,0.00,0.00,0.00,57.78
20:21:39,6,20.45,0.00,15.91,0.00,0.00,5.68,0.00,0.00,0.00,57.95
20:21:39,7,19.32,0.00,17.05,0.00,0.00,4.55,0.00,0.00,0.00,59.09
20:21:39,12,20.69,0.00,14.94,0.00,0.00,5.75,0.00,0.00,0.00,58.62
20:21:39,13,22.22,0.00,16.67,0.00,0.00,4.44,0.00,0.00,0.00,56.67
20:21:39,14,22.83,0.00,15.22,0.00,0.00,5.43,0.00,0.00,0.00,56.52
20:21:39,15,19.78,0.00,18.68,0.00,0.00,5.49,0.00,0.00,0.00,56.04
20:21:40,4,24.72,0.00,16.85,0.00,0.00,4.49,0.00,0.00,0.00,53.93
20:21:40,5,20.22,0.00,20.22,0.00,0.00,5.62,0.00,0.00,0.00,53.93
20:21:40,6,22.73,0.00,17.05,0.00,0.00,4.55,0.00,0.00,0.00,55.68
20:21:40,7,22.47,0.00,16.85,0.00,0.00,5.62,0.00,0.00,0.00,55.06
20:21:40,12,19.32,0.00,19.32,0.00,0.00,5.68,0.00,0.00,0.00,55.68
20:21:40,13,22.73,0.00,17.05,0.00,0.00,4.55,0.00,0.00,0.00,55.68
20:21:40,14,24.14,0.00,14.94,0.00,0.00,4.60,0.00,0.00,0.00,56.32
20:21:40,15,22.09,0.00,15.12,0.00,0.00,4.65,0.00,0.00,0.00,58.14
20:21:41,4,20.69,0.00,13.79,0.00,0.00,6.90,0.00,0.00,0.00,58.62
20:21:41,5,20.88,0.00,17.58,0.00,0.00,5.49,0.00,0.00,0.00,56.04
20:21:41,6,19.77,0.00,16.28,0.00,0.00,4.65,0.00,0.00,0.00,59.30
20:21:41,7,20.22,0.00,15.73,0.00,0.00,4.49,0.00,0.00,0.00,59.55
20:21:41,12,22.73,0.00,15.91,0.00,0.00,4.55,0.00,0.00,0.00,56.82
20:21:41,13,20.45,0.00,17.05,0.00,0.00,6.82,0.00,0.00,0.00,55.68
20:21:41,14,21.35,0.00,15.73,0.00,0.00,6.74,0.00,0.00,0.00,56.18
20:21:41,15,19.57,0.00,18.48,0.00,0.00,5.43,0.00,0.00,0.00,56.52
20:21:42,4,20.22,0.00,16.85,0.00,0.00,5.62,0.00,0.00,0.00,57.30
20:21:42,5,19.54,0.00,16.09,0.00,0.00,5.75,0.00,0.00,0.00,58.62
20:21:42,6,23.33,0.00,15.56,0.00,0.00,5.56,0.00,0.00,0.00,55.56
20:21:42,7,21.11,0.00,15.56,0.00,0.00,5.56,0.00,0.00,0.00,57.78
20:21:42,12,22.22,0.00,16.67,0.00,0.00,4.44,0.00,0.00,0.00,56.67
20:21:42,13,19.10,0.00,16.85,0.00,0.00,5.62,0.00,0.00,0.00,58.43
20:21:42,14,21.59,0.00,15.91,0.00,0.00,4.55,0.00,0.00,0.00,57.95
20:21:42,15,20.69,0.00,14.94,0.00,0.00,5.75,0.00,0.00,0.00,58.62
20:21:43,4,20.22,0.00,17.98,0.00,0.00,4.49,0.00,0.00,0.00,57.30
20:21:43,5,20.93,0.00,15.12,0.00,0.00,5.81,0.00,0.00,0.00,58.14
20:21:43,6,22.83,0.00,16.30,0.00,0.00,5.43,0.00,0.00,0.00,55.43
20:21:43,7,23.26,0.00,12.79,0.00,0.00,3.49,0.00,0.00,0.00,60.47
20:21:43,12,23.33,0.00,15.56,0.00,0.00,5.56,0.00,0.00,0.00,55.56
20:21:43,13,21.35,0.00,17.98,1.12,0.00,4.49,0.00,0.00,0.00,55.06
20:21:43,14,22.73,0.00,17.05,0.00,0.00,3.41,0.00,0.00,0.00,56.82
20:21:43,15,21.59,0.00,15.91,0.00,0.00,4.55,0.00,0.00,0.00,57.95
20:21:44,4,20.00,0.00,18.89,0.00,0.00,5.56,0.00,0.00,0.00,55.56
20:21:44,5,22.09,0.00,13.95,0.00,0.00,4.65,0.00,0.00,0.00,59.30
20:21:44,6,18.60,0.00,16.28,0.00,0.00,5.81,0.00,0.00,0.00,59.30
20:21:44,7,21.11,0.00,15.56,0.00,0.00,5.56,0.00,0.00,0.00,57.78
20:21:44,12,23.66,0.00,16.13,0.00,0.00,5.38,0.00,0.00,0.00,54.84
20:21:44,13,22.73,0.00,13.64,0.00,0.00,4.55,0.00,0.00,0.00,59.09
20:21:44,14,20.69,0.00,16.09,0.00,0.00,4.60,0.00,0.00,0.00,58.62
20:21:44,15,20.45,0.00,15.91,0.00,0.00,4.55,0.00,0.00,0.00,59.09
20:21:45,4,21.59,0.00,17.05,2.27,0.00,4.55,0.00,0.00,0.00,54.55
20:21:45,5,20.00,0.00,16.47,0.00,0.00,5.88,0.00,0.00,0.00,57.65
20:21:45,6,20.88,0.00,18.68,0.00,0.00,6.59,0.00,0.00,0.00,53.85
20:21:45,7,21.59,0.00,17.05,0.00,0.00,3.41,0.00,0.00,0.00,57.95
20:21:45,12,24.72,0.00,19.10,0.00,0.00,3.37,0.00,0.00,0.00,52.81
20:21:45,13,20.69,0.00,17.24,0.00,0.00,4.60,0.00,0.00,0.00,57.47
20:21:45,14,22.47,0.00,15.73,0.00,0.00,5.62,0.00,0.00,0.00,56.18
20:21:45,15,22.22,0.00,15.56,0.00,0.00,4.44,0.00,0.00,0.00,57.78
20:21:46,4,20.22,0.00,16.85,0.00,0.00,5.62,0.00,0.00,0.00,57.30
20:21:46,5,21.59,0.00,14.77,0.00,0.00,5.68,0.00,0.00,0.00,57.95
20:21:46,6,20.45,0.00,17.05,0.00,0.00,5.68,0.00,0.00,0.00,56.82
20:21:46,7,21.98,0.00,14.29,0.00,0.00,5.49,0.00,0.00,0.00,58.24
20:21:46,12,20.22,0.00,16.85,0.00,0.00,5.62,0.00,0.00,0.00,57.30
20:21:46,13,18.18,0.00,15.91,0.00,0.00,7.95,0.00,0.00,0.00,57.95
20:21:46,14,20.00,0.00,17.78,0.00,0.00,5.56,0.00,0.00,0.00,56.67
20:21:46,15,19.32,0.00,15.91,0.00,0.00,5.68,0.00,0.00,0.00,59.09
20:21:47,4,22.09,0.00,16.28,0.00,0.00,4.65,0.00,0.00,0.00,56.98
20:21:47,5,21.11,0.00,17.78,0.00,0.00,6.67,0.00,0.00,0.00,54.44
20:21:47,6,22.09,0.00,13.95,0.00,0.00,4.65,0.00,0.00,0.00,59.30
20:21:47,7,23.91,0.00,14.13,0.00,0.00,6.52,0.00,0.00,0.00,55.43
20:21:47,12,20.45,0.00,14.77,0.00,0.00,5.68,0.00,0.00,0.00,59.09
20:21:47,13,21.98,0.00,17.58,0.00,0.00,4.40,0.00,0.00,0.00,56.04
20:21:47,14,20.69,0.00,16.09,0.00,0.00,4.60,0.00,0.00,0.00,58.62
20:21:47,15,19.54,0.00,16.09,0.00,0.00,4.60,0.00,0.00,0.00,59.77
20:21:48,4,20.45,0.00,17.05,0.00,0.00,4.55,0.00,0.00,0.00,57.95
20:21:48,5,19.77,0.00,15.12,0.00,0.00,5.81,0.00,0.00,0.00,59.30
20:21:48,6,18.18,0.00,15.91,1.14,0.00,6.82,0.00,0.00,0.00,57.95
20:21:48,7,21.11,0.00,15.56,0.00,0.00,6.67,0.00,0.00,0.00,56.67
20:21:48,12,19.77,0.00,18.60,0.00,0.00,5.81,0.00,0.00,0.00,55.81
20:21:48,13,21.35,0.00,19.10,0.00,0.00,4.49,0.00,0.00,0.00,55.06
20:21:48,14,21.84,0.00,14.94,0.00,0.00,5.75,0.00,0.00,0.00,57.47
20:21:48,15,22.73,0.00,13.64,0.00,0.00,6.82,0.00,0.00,0.00,56.82
20:21:49,4,20.88,0.00,18.68,0.00,0.00,4.40,0.00,0.00,0.00,56.04
20:21:49,5,22.22,0.00,15.56,0.00,0.00,5.56,0.00,0.00,0.00,56.67
20:21:49,6,20.22,0.00,16.85,0.00,0.00,5.62,0.00,0.00,0.00,57.30
20:21:49,7,21.35,0.00,15.73,0.00,0.00,4.49,0.00,0.00,0.00,58.43
20:21:49,12,21.11,0.00,15.56,0.00,0.00,5.56,0.00,0.00,0.00,57.78
20:21:49,13,20.22,0.00,16.85,0.00,0.00,5.62,0.00,0.00,0.00,57.30
20:21:49,14,19.32,0.00,17.05,0.00,0.00,4.55,0.00,0.00,0.00,59.09
20:21:49,15,21.59,0.00,14.77,0.00,0.00,4.55,0.00,0.00,0.00,59.09
20:21:50,4,24.44,0.00,15.56,0.00,0.00,5.56,0.00,0.00,0.00,54.44
20:21:50,5,20.69,0.00,18.39,0.00,0.00,5.75,0.00,0.00,0.00,55.17
20:21:50,6,20.69,0.00,17.24,0.00,0.00,4.60,0.00,0.00,0.00,57.47
20:21:50,7,19.77,0.00,13.95,0.00,0.00,6.98,0.00,0.00,0.00,59.30
20:21:50,12,22.47,0.00,19.10,0.00,0.00,6.74,0.00,0.00,0.00,51.69
20:21:50,13,25.56,0.00,15.56,0.00,0.00,5.56,0.00,0.00,0.00,53.33
20:21:50,14,22.47,0.00,16.85,0.00,0.00,5.62,0.00,0.00,0.00,55.06
20:21:50,15,21.59,0.00,15.91,0.00,0.00,5.68,0.00,0.00,0.00,56.82
20:21:51,4,22.47,0.00,15.73,0.00,0.00,4.49,0.00,0.00,0.00,57.30
20:21:51,5,21.35,0.00,14.61,0.00,0.00,6.74,0.00,0.00,0.00,57.30
20:21:51,6,20.22,0.00,15.73,0.00,0.00,7.87,0.00,0.00,0.00,56.18
20:21:51,7,18.60,0.00,16.28,0.00,0.00,4.65,0.00,0.00,0.00,60.47
20:21:51,12,21.59,0.00,15.91,0.00,0.00,4.55,0.00,0.00,0.00,57.95
20:21:51,13,19.77,0.00,17.44,0.00,0.00,4.65,0.00,0.00,0.00,58.14
20:21:51,14,22.47,0.00,15.73,0.00,0.00,4.49,0.00,0.00,0.00,57.30
20:21:51,15,20.22,0.00,17.98,0.00,0.00,4.49,0.00,0.00,0.00,57.30
20:21:52,4,20.69,0.00,16.09,0.00,0.00,4.60,0.00,0.00,0.00,58.62
20:21:52,5,20.22,0.00,17.98,0.00,0.00,4.49,0.00,0.00,0.00,57.30
20:21:52,6,21.98,0.00,18.68,0.00,0.00,4.40,0.00,0.00,0.00,54.95
20:21:52,7,20.00,0.00,17.78,0.00,0.00,4.44,0.00,0.00,0.00,57.78
20:21:52,12,20.69,0.00,17.24,0.00,0.00,4.60,0.00,0.00,0.00,57.47
20:21:52,13,21.84,0.00,18.39,0.00,0.00,3.45,0.00,0.00,0.00,56.32
20:21:52,14,20.22,0.00,16.85,0.00,0.00,5.62,0.00,0.00,0.00,57.30
20:21:52,15,21.11,0.00,16.67,0.00,0.00,4.44,0.00,0.00,0.00,57.78
20:21:53,4,21.35,0.00,14.61,0.00,0.00,5.62,0.00,0.00,0.00,58.43
20:21:53,5,21.11,0.00,16.67,0.00,0.00,5.56,0.00,0.00,0.00,56.67
20:21:53,6,20.88,0.00,16.48,0.00,0.00,5.49,0.00,0.00,0.00,57.14
20:21:53,7,22.22,0.00,14.44,1.11,0.00,4.44,0.00,0.00,0.00,57.78
20:21:53,12,20.65,0.00,17.39,0.00,0.00,5.43,0.00,0.00,0.00,56.52
20:21:53,13,20.69,0.00,13.79,0.00,0.00,5.75,0.00,0.00,0.00,59.77
20:21:53,14,22.83,0.00,16.30,0.00,0.00,5.43,0.00,0.00,0.00,55.43
20:21:53,15,21.35,0.00,13.48,0.00,0.00,6.74,0.00,0.00,0.00,58.43
20:21:54,4,23.60,0.00,14.61,0.00,0.00,4.49,0.00,0.00,0.00,57.30
20:21:54,5,22.47,0.00,17.98,0.00,0.00,3.37,0.00,0.00,0.00,56.18
20:21:54,6,21.59,0.00,17.05,0.00,0.00,4.55,0.00,0.00,0.00,56.82
20:21:54,7,18.60,0.00,17.44,0.00,0.00,3.49,0.00,0.00,0.00,60.47
20:21:54,12,19.77,0.00,17.44,0.00,0.00,5.81,0.00,0.00,0.00,56.98
20:21:54,13,19.10,0.00,17.98,0.00,0.00,5.62,0.00,0.00,0.00,57.30
20:21:54,14,22.73,0.00,15.91,0.00,0.00,4.55,0.00,0.00,0.00,56.82
20:21:54,15,20.65,0.00,18.48,0.00,0.00,4.35,0.00,0.00,0.00,56.52
20:21:55,4,23.60,0.00,17.98,0.00,0.00,5.62,0.00,0.00,0.00,52.81
20:21:55,5,20.00,0.00,16.47,0.00,0.00,3.53,0.00,0.00,0.00,60.00
20:21:55,6,19.77,0.00,16.28,0.00,0.00,4.65,0.00,0.00,0.00,59.30
20:21:55,7,22.22,0.00,15.56,0.00,0.00,5.56,0.00,0.00,0.00,56.67
20:21:55,12,21.59,0.00,18.18,1.14,0.00,5.68,0.00,0.00,0.00,53.41
20:21:55,13,21.84,0.00,16.09,0.00,0.00,4.60,0.00,0.00,0.00,57.47
20:21:55,14,24.72,0.00,14.61,0.00,0.00,5.62,0.00,0.00,0.00,55.06
20:21:55,15,20.93,0.00,15.12,0.00,0.00,4.65,0.00,0.00,0.00,59.30
20:21:56,4,23.08,0.00,16.48,0.00,0.00,4.40,0.00,0.00,0.00,56.04
20:21:56,5,20.45,0.00,17.05,0.00,0.00,5.68,0.00,0.00,0.00,56.82
20:21:56,6,21.11,0.00,16.67,0.00,0.00,5.56,0.00,0.00,0.00,56.67
20:21:56,7,20.65,0.00,19.57,0.00,0.00,3.26,0.00,0.00,0.00,56.52
20:21:56,12,21.11,0.00,17.78,0.00,0.00,4.44,0.00,0.00,0.00,56.67
20:21:56,13,21.59,0.00,17.05,0.00,0.00,4.55,0.00,0.00,0.00,56.82
20:21:56,14,19.78,0.00,18.68,0.00,0.00,5.49,0.00,0.00,0.00,56.04
20:21:56,15,21.11,0.00,17.78,0.00,0.00,4.44,0.00,0.00,0.00,56.67
20:21:57,4,20.00,0.00,17.78,0.00,0.00,4.44,0.00,0.00,0.00,57.78
20:21:57,5,21.35,0.00,16.85,0.00,0.00,4.49,0.00,0.00,0.00,57.30
20:21:57,6,17.86,0.00,16.67,0.00,0.00,4.76,0.00,0.00,0.00,60.71
20:21:57,7,19.35,0.00,18.28,0.00,0.00,5.38,0.00,0.00,0.00,56.99
20:21:57,12,20.45,0.00,18.18,0.00,0.00,4.55,0.00,0.00,0.00,56.82
20:21:57,13,21.35,0.00,16.85,0.00,0.00,5.62,0.00,0.00,0.00,56.18
20:21:57,14,23.33,0.00,16.67,0.00,0.00,4.44,0.00,0.00,0.00,55.56
20:21:57,15,18.68,0.00,17.58,0.00,0.00,5.49,0.00,0.00,0.00,58.24
20:21:58,4,23.86,0.00,14.77,0.00,0.00,5.68,0.00,0.00,0.00,55.68
20:21:58,5,20.45,0.00,19.32,0.00,0.00,4.55,0.00,0.00,0.00,55.68
20:21:58,6,21.98,0.00,16.48,0.00,0.00,6.59,0.00,0.00,0.00,54.95
20:21:58,7,23.60,0.00,14.61,0.00,0.00,4.49,0.00,0.00,0.00,57.30
20:21:58,12,21.11,0.00,15.56,0.00,0.00,6.67,0.00,0.00,0.00,56.67
20:21:58,13,19.32,0.00,18.18,0.00,0.00,5.68,0.00,0.00,0.00,56.82
20:21:58,14,21.59,0.00,15.91,0.00,0.00,5.68,0.00,0.00,0.00,56.82
20:21:58,15,21.35,0.00,16.85,0.00,0.00,4.49,0.00,0.00,0.00,57.30
20:21:59,4,21.51,0.00,18.28,0.00,0.00,5.38,0.00,0.00,0.00,54.84
20:21:59,5,20.88,0.00,16.48,0.00,0.00,5.49,0.00,0.00,0.00,57.14
20:21:59,6,21.18,0.00,16.47,0.00,0.00,3.53,0.00,0.00,0.00,58.82
20:21:59,7,18.89,0.00,16.67,0.00,0.00,5.56,0.00,0.00,0.00,58.89
20:21:59,12,20.69,0.00,17.24,0.00,0.00,3.45,0.00,0.00,0.00,58.62
20:21:59,13,20.69,0.00,14.94,0.00,0.00,5.75,0.00,0.00,0.00,58.62
20:21:59,14,21.35,0.00,16.85,0.00,0.00,4.49,0.00,0.00,0.00,57.30
20:21:59,15,21.11,0.00,15.56,0.00,0.00,5.56,0.00,0.00,0.00,57.78
20:22:00,4,20.88,0.00,16.48,0.00,0.00,6.59,0.00,0.00,0.00,56.04
20:22:00,5,19.10,0.00,19.10,0.00,0.00,5.62,0.00,0.00,0.00,56.18
20:22:00,6,20.93,0.00,16.28,0.00,0.00,4.65,0.00,0.00,0.00,58.14
20:22:00,7,20.65,0.00,17.39,0.00,0.00,5.43,0.00,0.00,0.00,56.52
20:22:00,12,20.45,0.00,17.05,0.00,0.00,4.55,0.00,0.00,0.00,57.95
20:22:00,13,20.45,0.00,17.05,0.00,0.00,5.68,0.00,0.00,0.00,56.82
20:22:00,14,21.11,0.00,17.78,0.00,0.00,5.56,0.00,0.00,0.00,55.56
20:22:00,15,23.08,0.00,15.38,0.00,0.00,5.49,0.00,0.00,0.00,56.04
20:22:01,4,24.73,0.00,17.20,0.00,0.00,5.38,0.00,0.00,0.00,52.69
20:22:01,5,22.47,0.00,17.98,0.00,0.00,4.49,0.00,0.00,0.00,55.06
20:22:01,6,23.60,0.00,19.10,1.12,0.00,4.49,0.00,0.00,0.00,51.69
20:22:01,7,21.59,0.00,15.91,0.00,0.00,5.68,0.00,0.00,0.00,56.82
20:22:01,12,21.59,0.00,19.32,0.00,0.00,4.55,0.00,0.00,0.00,54.55
20:22:01,13,22.09,0.00,17.44,0.00,0.00,3.49,0.00,0.00,0.00,56.98
20:22:01,14,21.84,0.00,17.24,0.00,0.00,5.75,0.00,0.00,0.00,55.17
20:22:01,15,20.69,0.00,17.24,0.00,0.00,4.60,0.00,0.00,0.00,57.47
20:22:02,4,21.11,0.00,16.67,0.00,0.00,5.56,0.00,0.00,0.00,56.67
20:22:02,5,19.78,0.00,18.68,0.00,0.00,4.40,0.00,0.00,0.00,57.14
20:22:02,6,19.78,0.00,16.48,0.00,0.00,6.59,0.00,0.00,0.00,57.14
20:22:02,7,19.10,0.00,16.85,0.00,0.00,5.62,0.00,0.00,0.00,58.43
20:22:02,12,21.11,0.00,15.56,0.00,0.00,5.56,0.00,0.00,0.00,57.78
20:22:02,13,23.08,0.00,15.38,0.00,0.00,5.49,0.00,0.00,0.00,56.04
20:22:02,14,20.45,0.00,15.91,0.00,0.00,4.55,0.00,0.00,0.00,59.09
20:22:02,15,21.35,0.00,15.73,0.00,0.00,4.49,0.00,0.00,0.00,58.43
20:22:03,4,20.88,0.00,17.58,0.00,0.00,5.49,0.00,0.00,0.00,56.04
20:22:03,5,22.22,0.00,16.67,0.00,0.00,5.56,0.00,0.00,0.00,55.56
20:22:03,6,20.93,0.00,17.44,0.00,0.00,3.49,0.00,0.00,0.00,58.14
20:22:03,7,20.45,0.00,15.91,0.00,0.00,4.55,0.00,0.00,0.00,59.09
20:22:03,12,20.69,0.00,14.94,0.00,0.00,5.75,0.00,0.00,0.00,58.62
20:22:03,13,23.08,0.00,15.38,0.00,0.00,5.49,0.00,0.00,0.00,56.04
20:22:03,14,22.47,0.00,15.73,0.00,0.00,4.49,0.00,0.00,0.00,57.30
20:22:03,15,20.45,0.00,14.77,1.14,0.00,4.55,0.00,0.00,0.00,59.09
20:22:04,4,22.73,0.00,15.91,0.00,0.00,4.55,0.00,0.00,0.00,56.82
20:22:04,5,21.98,0.00,17.58,0.00,0.00,4.40,0.00,0.00,0.00,56.04
20:22:04,6,21.11,0.00,15.56,0.00,0.00,5.56,0.00,0.00,0.00,57.78
20:22:04,7,20.65,0.00,16.30,0.00,0.00,6.52,0.00,0.00,0.00,56.52
20:22:04,12,20.88,0.00,16.48,0.00,0.00,6.59,0.00,0.00,0.00,56.04
20:22:04,13,20.00,0.00,16.47,0.00,0.00,3.53,0.00,0.00,0.00,60.00
20:22:04,14,20.88,0.00,17.58,0.00,0.00,5.49,0.00,0.00,0.00,56.04
20:22:04,15,22.73,0.00,14.77,0.00,0.00,4.55,0.00,0.00,0.00,57.95
20:22:05,4,22.47,0.00,15.73,0.00,0.00,4.49,0.00,0.00,0.00,57.30
20:22:05,5,19.32,0.00,17.05,0.00,0.00,6.82,0.00,0.00,0.00,56.82
20:22:05,6,20.00,0.00,14.12,0.00,0.00,5.88,0.00,0.00,0.00,60.00
20:22:05,7,18.89,0.00,17.78,0.00,0.00,4.44,0.00,0.00,0.00,58.89
20:22:05,12,19.10,0.00,16.85,0.00,0.00,6.74,0.00,0.00,0.00,57.30
20:22:05,13,21.11,0.00,17.78,0.00,0.00,4.44,0.00,0.00,0.00,56.67
20:22:05,14,22.47,0.00,14.61,0.00,0.00,5.62,0.00,0.00,0.00,57.30
20:22:05,15,19.54,0.00,17.24,0.00,0.00,3.45,0.00,0.00,0.00,59.77
20:22:06,4,20.45,0.00,19.32,0.00,0.00,4.55,0.00,0.00,0.00,55.68
20:22:06,5,20.22,0.00,17.98,0.00,0.00,5.62,0.00,0.00,0.00,56.18
20:22:06,6,23.33,0.00,15.56,0.00,0.00,5.56,0.00,0.00,0.00,55.56
20:22:06,7,18.60,0.00,18.60,0.00,0.00,4.65,0.00,0.00,0.00,58.14
20:22:06,12,24.18,0.00,19.78,2.20,0.00,4.40,0.00,0.00,0.00,49.45
20:22:06,13,19.54,0.00,17.24,0.00,0.00,6.90,0.00,0.00,0.00,56.32
20:22:06,14,20.69,0.00,17.24,0.00,0.00,5.75,0.00,0.00,0.00,56.32
20:22:06,15,21.74,0.00,17.39,0.00,0.00,5.43,0.00,0.00,0.00,55.43
20:22:07,4,21.74,0.00,17.39,0.00,0.00,4.35,0.00,0.00,0.00,56.52
20:22:07,5,21.84,0.00,14.94,0.00,0.00,5.75,0.00,0.00,0.00,57.47
20:22:07,6,20.22,0.00,17.98,0.00,0.00,5.62,0.00,0.00,0.00,56.18
20:22:07,7,20.88,0.00,16.48,0.00,0.00,4.40,0.00,0.00,0.00,58.24
20:22:07,12,20.93,0.00,15.12,0.00,0.00,4.65,0.00,0.00,0.00,59.30
20:22:07,13,20.69,0.00,14.94,0.00,0.00,4.60,0.00,0.00,0.00,59.77
20:22:07,14,21.35,0.00,16.85,0.00,0.00,4.49,0.00,0.00,0.00,57.30
20:22:07,15,21.74,0.00,16.30,0.00,0.00,5.43,0.00,0.00,0.00,56.52
20:22:08,4,21.84,0.00,16.09,0.00,0.00,4.60,0.00,0.00,0.00,57.47
20:22:08,5,20.88,0.00,17.58,0.00,0.00,6.59,0.00,0.00,0.00,54.95
20:22:08,6,19.78,0.00,17.58,0.00,0.00,5.49,0.00,0.00,0.00,57.14
20:22:08,7,20.88,0.00,17.58,0.00,0.00,5.49,0.00,0.00,0.00,56.04
20:22:08,12,21.59,0.00,14.77,0.00,0.00,5.68,0.00,0.00,0.00,57.95
20:22:08,13,22.73,0.00,15.91,0.00,0.00,4.55,0.00,0.00,0.00,56.82
20:22:08,14,22.09,0.00,13.95,0.00,0.00,5.81,0.00,0.00,0.00,58.14
20:22:08,15,18.39,0.00,17.24,0.00,0.00,4.60,0.00,0.00,0.00,59.77
20:22:09,4,23.86,0.00,14.77,0.00,0.00,3.41,0.00,0.00,0.00,57.95
20:22:09,5,20.93,0.00,15.12,0.00,0.00,5.81,0.00,0.00,0.00,58.14
20:22:09,6,21.11,0.00,17.78,0.00,0.00,4.44,0.00,0.00,0.00,56.67
20:22:09,7,20.69,0.00,14.94,0.00,0.00,4.60,0.00,0.00,0.00,59.77
20:22:09,12,21.11,0.00,16.67,0.00,0.00,5.56,0.00,0.00,0.00,56.67
20:22:09,13,20.69,0.00,14.94,0.00,0.00,5.75,0.00,0.00,0.00,58.62
20:22:09,14,19.32,0.00,18.18,0.00,0.00,4.55,0.00,0.00,0.00,57.95
20:22:09,15,19.77,0.00,16.28,0.00,0.00,3.49,0.00,0.00,0.00,60.47
20:22:10,4,20.22,0.00,16.85,0.00,0.00,5.62,0.00,0.00,0.00,57.30
20:22:10,5,22.73,0.00,14.77,0.00,0.00,5.68,0.00,0.00,0.00,56.82
20:22:10,6,21.74,0.00,17.39,0.00,0.00,5.43,0.00,0.00,0.00,55.43
20:22:10,7,19.10,0.00,16.85,0.00,0.00,5.62,0.00,0.00,0.00,58.43
20:22:10,12,20.00,0.00,16.67,0.00,0.00,5.56,0.00,0.00,0.00,57.78
20:22:10,13,22.22,0.00,15.56,0.00,0.00,5.56,0.00,0.00,0.00,56.67
20:22:10,14,23.08,0.00,15.38,0.00,0.00,5.49,0.00,0.00,0.00,56.04
20:22:10,15,21.35,0.00,14.61,0.00,0.00,5.62,0.00,0.00,0.00,58.43
20:22:11,4,23.60,0.00,19.10,0.00,0.00,4.49,0.00,0.00,0.00,52.81
20:22:11,5,24.18,0.00,18.68,0.00,0.00,4.40,0.00,0.00,0.00,52.75
20:22:11,6,25.84,0.00,16.85,0.00,0.00,4.49,0.00,0.00,0.00,52.81
20:22:11,7,21.35,0.00,16.85,0.00,0.00,4.49,0.00,0.00,0.00,57.30
20:22:11,12,22.47,0.00,16.85,0.00,0.00,5.62,0.00,0.00,0.00,55.06
20:22:11,13,19.77,0.00,17.44,0.00,0.00,5.81,0.00,0.00,0.00,56.98
20:22:11,14,25.84,0.00,16.85,0.00,0.00,4.49,0.00,0.00,0.00,52.81
20:22:11,15,22.47,0.00,17.98,0.00,0.00,4.49,0.00,0.00,0.00,55.06
20:22:12,4,21.11,0.00,16.67,0.00,0.00,4.44,0.00,0.00,0.00,57.78
20:22:12,5,21.11,0.00,15.56,0.00,0.00,5.56,0.00,0.00,0.00,57.78
20:22:12,6,21.35,0.00,17.98,0.00,0.00,3.37,0.00,0.00,0.00,57.30
20:22:12,7,23.33,0.00,14.44,0.00,0.00,4.44,0.00,0.00,0.00,57.78
20:22:12,12,21.11,0.00,17.78,0.00,0.00,4.44,0.00,0.00,0.00,56.67
20:22:12,13,23.33,0.00,15.56,0.00,0.00,4.44,0.00,0.00,0.00,56.67
20:22:12,14,21.59,0.00,14.77,0.00,0.00,5.68,0.00,0.00,0.00,57.95
20:22:12,15,22.47,0.00,15.73,0.00,0.00,3.37,0.00,0.00,0.00,58.43
20:22:13,4,18.82,0.00,17.65,0.00,0.00,4.71,0.00,0.00,0.00,58.82
20:22:13,5,22.22,0.00,16.67,0.00,0.00,4.44,0.00,0.00,0.00,56.67
20:22:13,6,20.22,0.00,15.73,0.00,0.00,5.62,0.00,0.00,0.00,58.43
20:22:13,7,20.22,0.00,16.85,0.00,0.00,4.49,0.00,0.00,0.00,58.43
20:22:13,12,22.22,0.00,15.56,0.00,0.00,4.44,0.00,0.00,0.00,57.78
20:22:13,13,20.45,0.00,15.91,0.00,0.00,4.55,0.00,0.00,0.00,59.09
20:22:13,14,21.51,0.00,16.13,1.08,0.00,5.38,0.00,0.00,0.00,55.91
20:22:13,15,19.10,0.00,15.73,0.00,0.00,6.74,0.00,0.00,0.00,58.43
20:22:14,4,20.69,0.00,17.24,0.00,0.00,4.60,0.00,0.00,0.00,57.47
20:22:14,5,19.54,0.00,16.09,0.00,0.00,6.90,0.00,0.00,0.00,57.47
20:22:14,6,22.22,0.00,15.56,0.00,0.00,5.56,0.00,0.00,0.00,56.67
20:22:14,7,20.88,0.00,17.58,0.00,0.00,4.40,0.00,0.00,0.00,57.14
20:22:14,12,22.22,0.00,17.78,0.00,0.00,3.33,0.00,0.00,0.00,56.67
20:22:14,13,22.73,0.00,14.77,0.00,0.00,4.55,0.00,0.00,0.00,57.95
20:22:14,14,21.59,0.00,14.77,0.00,0.00,4.55,0.00,0.00,0.00,59.09
20:22:14,15,20.00,0.00,16.67,0.00,0.00,5.56,0.00,0.00,0.00,57.78
20:22:15,4,22.22,0.00,16.67,0.00,0.00,4.44,0.00,0.00,0.00,56.67
20:22:15,5,20.00,0.00,18.89,0.00,0.00,4.44,0.00,0.00,0.00,56.67
20:22:15,6,20.69,0.00,16.09,0.00,0.00,5.75,0.00,0.00,0.00,57.47
20:22:15,7,21.35,0.00,15.73,0.00,0.00,4.49,0.00,0.00,0.00,58.43
20:22:15,12,21.11,0.00,16.67,0.00,0.00,5.56,0.00,0.00,0.00,56.67
20:22:15,13,20.45,0.00,17.05,0.00,0.00,4.55,0.00,0.00,0.00,57.95
20:22:15,14,24.44,0.00,15.56,0.00,0.00,4.44,0.00,0.00,0.00,55.56
20:22:15,15,21.11,0.00,17.78,0.00,0.00,3.33,0.00,0.00,0.00,57.78
20:22:16,4,25.56,0.00,15.56,0.00,0.00,5.56,0.00,0.00,0.00,53.33
20:22:16,5,20.93,0.00,17.44,0.00,0.00,4.65,0.00,0.00,0.00,56.98
20:22:16,6,22.83,0.00,15.22,1.09,0.00,7.61,0.00,0.00,0.00,53.26
20:22:16,7,19.54,0.00,17.24,0.00,0.00,5.75,0.00,0.00,0.00,57.47
20:22:16,12,23.60,0.00,16.85,0.00,0.00,5.62,0.00,0.00,0.00,53.93
20:22:16,13,23.26,0.00,17.44,0.00,0.00,4.65,0.00,0.00,0.00,54.65
20:22:16,14,21.98,0.00,17.58,0.00,0.00,5.49,0.00,0.00,0.00,54.95
20:22:16,15,21.35,0.00,17.98,0.00,0.00,5.62,0.00,0.00,0.00,55.06
20:22:17,4,21.35,0.00,15.73,0.00,0.00,5.62,0.00,0.00,0.00,57.30
20:22:17,5,22.47,0.00,16.85,0.00,0.00,4.49,0.00,0.00,0.00,56.18
20:22:17,6,20.45,0.00,14.77,0.00,0.00,6.82,0.00,0.00,0.00,57.95
20:22:17,7,20.00,0.00,15.56,0.00,0.00,5.56,0.00,0.00,0.00,58.89
20:22:17,12,19.32,0.00,17.05,0.00,0.00,4.55,0.00,0.00,0.00,59.09
20:22:17,13,20.88,0.00,17.58,0.00,0.00,5.49,0.00,0.00,0.00,56.04
20:22:17,14,22.47,0.00,15.73,0.00,0.00,5.62,0.00,0.00,0.00,56.18
20:22:17,15,22.83,0.00,15.22,0.00,0.00,5.43,0.00,0.00,0.00,56.52
20:22:18,4,23.08,0.00,17.58,0.00,0.00,4.40,0.00,0.00,0.00,54.95
20:22:18,5,21.11,0.00,16.67,0.00,0.00,5.56,0.00,0.00,0.00,56.67
20:22:18,6,20.45,0.00,15.91,0.00,0.00,5.68,0.00,0.00,0.00,57.95
20:22:18,7,22.47,0.00,14.61,0.00,0.00,5.62,0.00,0.00,0.00,57.30
20:22:18,12,20.69,0.00,16.09,0.00,0.00,5.75,0.00,0.00,0.00,57.47
20:22:18,13,23.60,0.00,14.61,0.00,0.00,5.62,0.00,0.00,0.00,56.18
20:22:18,14,20.00,0.00,17.78,0.00,0.00,5.56,0.00,0.00,0.00,56.67
20:22:18,15,23.08,0.00,16.48,0.00,0.00,4.40,0.00,0.00,0.00,56.04
20:22:19,4,20.45,0.00,15.91,0.00,0.00,5.68,0.00,0.00,0.00,57.95
20:22:19,5,22.47,0.00,15.73,0.00,0.00,4.49,0.00,0.00,0.00,57.30
20:22:19,6,21.35,0.00,15.73,0.00,0.00,5.62,0.00,0.00,0.00,57.30
20:22:19,7,20.88,0.00,17.58,0.00,0.00,4.40,0.00,0.00,0.00,57.14
20:22:19,12,22.47,0.00,15.73,0.00,0.00,4.49,0.00,0.00,0.00,57.30
20:22:19,13,21.84,0.00,14.94,0.00,0.00,3.45,0.00,0.00,0.00,59.77
20:22:19,14,21.35,0.00,16.85,0.00,0.00,4.49,0.00,0.00,0.00,57.30
20:22:19,15,20.45,0.00,14.77,0.00,0.00,5.68,0.00,0.00,0.00,59.09
20:22:20,4,20.88,0.00,16.48,0.00,0.00,5.49,0.00,0.00,0.00,57.14
20:22:20,5,22.73,0.00,13.64,0.00,0.00,4.55,0.00,0.00,0.00,59.09
20:22:20,6,18.60,0.00,16.28,0.00,0.00,5.81,0.00,0.00,0.00,59.30
20:22:20,7,19.32,0.00,14.77,0.00,0.00,5.68,0.00,0.00,0.00,60.23
20:22:20,12,20.65,0.00,17.39,0.00,0.00,5.43,0.00,0.00,0.00,56.52
20:22:20,13,20.69,0.00,14.94,0.00,0.00,4.60,0.00,0.00,0.00,59.77
20:22:20,14,22.73,0.00,14.77,0.00,0.00,4.55,0.00,0.00,0.00,57.95
20:22:20,15,20.45,0.00,15.91,0.00,0.00,4.55,0.00,0.00,0.00,59.09
20:22:21,4,22.22,0.00,18.89,0.00,0.00,6.67,0.00,0.00,0.00,52.22
20:22:21,5,22.09,0.00,18.60,0.00,0.00,4.65,0.00,0.00,0.00,54.65
20:22:21,6,23.86,0.00,15.91,0.00,0.00,4.55,0.00,0.00,0.00,55.68
20:22:21,7,22.83,0.00,17.39,0.00,0.00,5.43,0.00,0.00,0.00,54.35
20:22:21,12,24.14,0.00,19.54,0.00,0.00,3.45,0.00,0.00,0.00,52.87
20:22:21,13,24.44,0.00,18.89,1.11,0.00,5.56,0.00,0.00,0.00,50.00
20:22:21,14,20.22,0.00,17.98,0.00,0.00,6.74,0.00,0.00,0.00,55.06
20:22:21,15,20.93,0.00,15.12,0.00,0.00,5.81,0.00,0.00,0.00,58.14
20:22:22,4,22.47,0.00,16.85,0.00,0.00,4.49,0.00,0.00,0.00,56.18
20:22:22,5,19.78,0.00,19.78,0.00,0.00,5.49,0.00,0.00,0.00,54.95
20:22:22,6,22.09,0.00,15.12,0.00,0.00,4.65,0.00,0.00,0.00,58.14
20:22:22,7,20.69,0.00,14.94,0.00,0.00,4.60,0.00,0.00,0.00,59.77
20:22:22,12,22.22,0.00,17.78,0.00,0.00,4.44,0.00,0.00,0.00,55.56
20:22:22,13,22.09,0.00,16.28,0.00,0.00,4.65,0.00,0.00,0.00,56.98
20:22:22,14,22.73,0.00,15.91,0.00,0.00,4.55,0.00,0.00,0.00,56.82
20:22:22,15,20.93,0.00,15.12,0.00,0.00,3.49,0.00,0.00,0.00,60.47
20:22:23,4,19.77,0.00,16.28,0.00,0.00,5.81,0.00,0.00,0.00,58.14
20:22:23,5,22.99,0.00,14.94,1.15,0.00,4.60,0.00,0.00,0.00,56.32
20:22:23,6,21.98,0.00,15.38,0.00,0.00,5.49,0.00,0.00,0.00,57.14
20:22:23,7,20.88,0.00,15.38,0.00,0.00,4.40,0.00,0.00,0.00,59.34
20:22:23,12,19.32,0.00,18.18,0.00,0.00,5.68,0.00,0.00,0.00,56.82
20:22:23,13,24.18,0.00,15.38,1.10,0.00,5.49,0.00,0.00,0.00,53.85
20:22:23,14,20.69,0.00,17.24,0.00,0.00,5.75,0.00,0.00,0.00,56.32
20:22:23,15,20.88,0.00,16.48,0.00,0.00,4.40,0.00,0.00,0.00,58.24
20:22:24,4,21.98,0.00,15.38,0.00,0.00,6.59,0.00,0.00,0.00,56.04
20:22:24,5,22.22,0.00,15.56,0.00,0.00,5.56,0.00,0.00,0.00,56.67
20:22:24,6,21.35,0.00,15.73,0.00,0.00,4.49,0.00,0.00,0.00,58.43
20:22:24,7,21.59,0.00,17.05,0.00,0.00,3.41,0.00,0.00,0.00,57.95
20:22:24,12,20.69,0.00,16.09,0.00,0.00,4.60,0.00,0.00,0.00,58.62
20:22:24,13,20.93,0.00,15.12,0.00,0.00,4.65,0.00,0.00,0.00,59.30
20:22:24,14,21.59,0.00,14.77,0.00,0.00,4.55,0.00,0.00,0.00,59.09
20:22:24,15,20.45,0.00,17.05,0.00,0.00,4.55,0.00,0.00,0.00,57.95
20:22:25,4,22.47,0.00,16.85,0.00,0.00,4.49,0.00,0.00,0.00,56.18
20:22:25,5,20.22,0.00,16.85,0.00,0.00,5.62,0.00,0.00,0.00,57.30
20:22:25,6,21.59,0.00,17.05,0.00,0.00,3.41,0.00,0.00,0.00,57.95
20:22:25,7,19.10,0.00,15.73,0.00,0.00,5.62,0.00,0.00,0.00,59.55
20:22:25,12,20.00,0.00,16.67,0.00,0.00,5.56,0.00,0.00,0.00,57.78
20:22:25,13,20.65,0.00,18.48,0.00,0.00,4.35,0.00,0.00,0.00,56.52
20:22:25,14,22.73,0.00,13.64,0.00,0.00,4.55,0.00,0.00,0.00,59.09
20:22:25,15,22.73,0.00,13.64,0.00,0.00,4.55,0.00,0.00,0.00,59.09
20:22:26,4,23.86,0.00,17.05,0.00,0.00,4.55,0.00,0.00,0.00,54.55
20:22:26,5,23.33,0.00,17.78,0.00,0.00,4.44,0.00,0.00,0.00,54.44
20:22:26,6,22.22,0.00,16.67,0.00,0.00,5.56,0.00,0.00,0.00,55.56
20:22:26,7,25.56,0.00,13.33,0.00,0.00,5.56,0.00,0.00,0.00,55.56
20:22:26,12,23.53,0.00,15.29,0.00,0.00,5.88,0.00,0.00,0.00,55.29
20:22:26,13,23.86,0.00,15.91,0.00,0.00,4.55,0.00,0.00,0.00,55.68
20:22:26,14,22.22,0.00,16.67,1.11,0.00,5.56,0.00,0.00,0.00,54.44
20:22:26,15,22.47,0.00,15.73,0.00,0.00,4.49,0.00,0.00,0.00,57.30
20:22:27,4,21.59,0.00,15.91,0.00,0.00,4.55,0.00,0.00,0.00,57.95
20:22:27,5,20.45,0.00,15.91,0.00,0.00,6.82,0.00,0.00,0.00,56.82
20:22:27,6,20.88,0.00,18.68,0.00,0.00,4.40,0.00,0.00,0.00,56.04
20:22:27,7,23.40,0.00,15.96,0.00,0.00,5.32,0.00,0.00,0.00,55.32
20:22:27,12,20.00,0.00,16.67,0.00,0.00,6.67,0.00,0.00,0.00,56.67
20:22:27,13,21.98,0.00,16.48,0.00,0.00,5.49,0.00,0.00,0.00,56.04
20:22:27,14,21.59,0.00,15.91,0.00,0.00,4.55,0.00,0.00,0.00,57.95
20:22:27,15,22.47,0.00,15.73,0.00,0.00,4.49,0.00,0.00,0.00,57.30
20:22:28,4,22.73,0.00,14.77,0.00,0.00,5.68,0.00,0.00,0.00,56.82
20:22:28,5,21.59,0.00,17.05,0.00,0.00,4.55,0.00,0.00,0.00,56.82
20:22:28,6,19.54,0.00,17.24,0.00,0.00,4.60,0.00,0.00,0.00,58.62
20:22:28,7,20.22,0.00,16.85,0.00,0.00,5.62,0.00,0.00,0.00,57.30
20:22:28,12,20.65,0.00,17.39,0.00,0.00,6.52,0.00,0.00,0.00,55.43
20:22:28,13,22.22,0.00,16.67,0.00,0.00,5.56,0.00,0.00,0.00,55.56
20:22:28,14,20.22,0.00,16.85,0.00,0.00,6.74,0.00,0.00,0.00,56.18
20:22:28,15,21.11,0.00,15.56,0.00,0.00,5.56,0.00,0.00,0.00,57.78
20:22:29,4,20.69,0.00,16.09,0.00,0.00,5.75,0.00,0.00,0.00,57.47
20:22:29,5,21.59,0.00,15.91,0.00,0.00,4.55,0.00,0.00,0.00,57.95
20:22:29,6,21.59,0.00,15.91,0.00,0.00,5.68,0.00,0.00,0.00,56.82
20:22:29,7,22.22,0.00,16.67,0.00,0.00,4.44,0.00,0.00,0.00,56.67
20:22:29,12,22.22,0.00,16.67,0.00,0.00,5.56,0.00,0.00,0.00,55.56
20:22:29,13,22.83,0.00,17.39,0.00,0.00,4.35,0.00,0.00,0.00,55.43
20:22:29,14,18.39,0.00,18.39,0.00,0.00,4.60,0.00,0.00,0.00,58.62
20:22:29,15,19.54,0.00,16.09,0.00,0.00,5.75,0.00,0.00,0.00,58.62
20:22:30,4,22.99,0.00,16.09,0.00,0.00,4.60,0.00,0.00,0.00,56.32
20:22:30,5,23.60,0.00,14.61,0.00,0.00,4.49,0.00,0.00,0.00,57.30
20:22:30,6,18.18,0.00,18.18,0.00,0.00,4.55,0.00,0.00,0.00,59.09
20:22:30,7,21.51,0.00,16.13,0.00,0.00,5.38,0.00,0.00,0.00,56.99
20:22:30,12,19.54,0.00,18.39,0.00,0.00,4.60,0.00,0.00,0.00,57.47
20:22:30,13,22.99,0.00,13.79,0.00,0.00,4.60,0.00,0.00,0.00,58.62
20:22:30,14,22.58,0.00,18.28,0.00,0.00,3.23,0.00,0.00,0.00,55.91
20:22:30,15,23.08,0.00,15.38,0.00,0.00,4.40,0.00,0.00,0.00,57.14
20:22:31,4,22.99,0.00,16.09,1.15,0.00,4.60,0.00,0.00,0.00,55.17
20:22:31,5,21.59,0.00,18.18,0.00,0.00,4.55,0.00,0.00,0.00,55.68
20:22:31,6,20.69,0.00,16.09,0.00,0.00,5.75,0.00,0.00,0.00,57.47
20:22:31,7,21.59,0.00,17.05,0.00,0.00,4.55,0.00,0.00,0.00,56.82
20:22:31,12,23.60,0.00,17.98,0.00,0.00,5.62,0.00,0.00,0.00,52.81
20:22:31,13,23.33,0.00,17.78,0.00,0.00,5.56,0.00,0.00,0.00,53.33
20:22:31,14,21.11,0.00,20.00,0.00,0.00,6.67,0.00,0.00,0.00,52.22
20:22:31,15,19.77,0.00,17.44,0.00,0.00,4.65,0.00,0.00,0.00,58.14
20:22:32,4,22.99,0.00,13.79,0.00,0.00,4.60,0.00,0.00,0.00,58.62
20:22:32,5,19.32,0.00,17.05,0.00,0.00,5.68,0.00,0.00,0.00,57.95
20:22:32,6,20.22,0.00,17.98,0.00,0.00,4.49,0.00,0.00,0.00,57.30
20:22:32,7,20.69,0.00,14.94,0.00,0.00,4.60,0.00,0.00,0.00,59.77
20:22:32,12,21.35,0.00,16.85,0.00,0.00,6.74,0.00,0.00,0.00,55.06
20:22:32,13,22.22,0.00,17.78,0.00,0.00,4.44,0.00,0.00,0.00,55.56
20:22:32,14,20.22,0.00,16.85,0.00,0.00,5.62,0.00,0.00,0.00,57.30
20:22:32,15,21.35,0.00,14.61,0.00,0.00,5.62,0.00,0.00,0.00,58.43
20:22:33,4,21.35,0.00,16.85,0.00,0.00,5.62,0.00,0.00,0.00,56.18
20:22:33,5,22.73,0.00,15.91,1.14,0.00,4.55,0.00,0.00,0.00,55.68
20:22:33,6,22.22,0.00,16.67,0.00,0.00,4.44,0.00,0.00,0.00,56.67
20:22:33,7,21.35,0.00,15.73,0.00,0.00,3.37,0.00,0.00,0.00,59.55
20:22:33,12,21.35,0.00,16.85,0.00,0.00,4.49,0.00,0.00,0.00,57.30
20:22:33,13,23.08,0.00,16.48,0.00,0.00,4.40,0.00,0.00,0.00,56.04
20:22:33,14,19.77,0.00,17.44,0.00,0.00,3.49,0.00,0.00,0.00,59.30
20:22:33,15,20.45,0.00,15.91,0.00,0.00,4.55,0.00,0.00,0.00,59.09
20:22:34,4,21.84,0.00,14.94,0.00,0.00,4.60,0.00,0.00,0.00,58.62
20:22:34,5,20.93,0.00,16.28,0.00,0.00,4.65,0.00,0.00,0.00,58.14
20:22:34,6,21.35,0.00,16.85,0.00,0.00,5.62,0.00,0.00,0.00,56.18
20:22:34,7,19.32,0.00,14.77,0.00,0.00,6.82,0.00,0.00,0.00,59.09
20:22:34,12,20.69,0.00,14.94,0.00,0.00,5.75,0.00,0.00,0.00,58.62
20:22:34,13,21.59,0.00,17.05,0.00,0.00,4.55,0.00,0.00,0.00,56.82
20:22:34,14,21.51,0.00,17.20,0.00,0.00,6.45,0.00,0.00,0.00,54.84
20:22:34,15,22.83,0.00,16.30,0.00,0.00,4.35,0.00,0.00,0.00,56.52
20:22:35,4,21.11,0.00,17.78,0.00,0.00,5.56,0.00,0.00,0.00,55.56
20:22:35,5,21.59,0.00,15.91,0.00,0.00,4.55,0.00,0.00,0.00,57.95
20:22:35,6,22.47,0.00,14.61,0.00,0.00,4.49,0.00,0.00,0.00,58.43
20:22:35,7,20.88,0.00,16.48,0.00,0.00,5.49,0.00,0.00,0.00,57.14
20:22:35,12,20.45,0.00,15.91,0.00,0.00,5.68,0.00,0.00,0.00,57.95
20:22:35,13,23.60,0.00,15.73,0.00,0.00,4.49,0.00,0.00,0.00,56.18
20:22:35,14,21.35,0.00,17.98,0.00,0.00,4.49,0.00,0.00,0.00,56.18
20:22:35,15,20.00,0.00,17.78,0.00,0.00,4.44,0.00,0.00,0.00,57.78
20:22:36,4,22.47,0.00,19.10,0.00,0.00,4.49,0.00,0.00,0.00,53.93
20:22:36,5,22.73,0.00,17.05,0.00,0.00,4.55,0.00,0.00,0.00,55.68
20:22:36,6,21.84,0.00,17.24,0.00,0.00,5.75,0.00,0.00,0.00,55.17
20:22:36,7,23.08,0.00,16.48,0.00,0.00,4.40,0.00,0.00,0.00,56.04
20:22:36,12,23.86,0.00,18.18,0.00,0.00,4.55,0.00,0.00,0.00,53.41
20:22:36,13,19.54,0.00,19.54,0.00,0.00,4.60,0.00,0.00,0.00,56.32
20:22:36,14,21.35,0.00,19.10,0.00,0.00,4.49,0.00,0.00,0.00,55.06
20:22:36,15,21.35,0.00,17.98,0.00,0.00,4.49,0.00,0.00,0.00,56.18
20:22:37,4,22.47,0.00,16.85,0.00,0.00,3.37,0.00,0.00,0.00,57.30
20:22:37,5,19.77,0.00,16.28,0.00,0.00,4.65,0.00,0.00,0.00,59.30
20:22:37,6,21.98,0.00,15.38,0.00,0.00,5.49,0.00,0.00,0.00,57.14
20:22:37,7,21.35,0.00,14.61,0.00,0.00,5.62,0.00,0.00,0.00,58.43
20:22:37,12,20.45,0.00,15.91,0.00,0.00,5.68,0.00,0.00,0.00,57.95
20:22:37,13,17.78,0.00,18.89,0.00,0.00,5.56,0.00,0.00,0.00,57.78
20:22:37,14,20.88,0.00,17.58,0.00,0.00,5.49,0.00,0.00,0.00,56.04
20:22:37,15,22.22,0.00,15.56,0.00,0.00,4.44,0.00,0.00,0.00,57.78
20:22:38,4,22.22,0.00,17.78,0.00,0.00,4.44,0.00,0.00,0.00,55.56
20:22:38,5,20.69,0.00,16.09,0.00,0.00,5.75,0.00,0.00,0.00,57.47
20:22:38,6,19.32,0.00,18.18,0.00,0.00,5.68,0.00,0.00,0.00,56.82
20:22:38,7,20.93,0.00,17.44,0.00,0.00,3.49,0.00,0.00,0.00,58.14
20:22:38,12,21.74,0.00,17.39,0.00,0.00,4.35,0.00,0.00,0.00,56.52
20:22:38,13,21.35,0.00,16.85,0.00,0.00,4.49,0.00,0.00,0.00,57.30
20:22:38,14,24.14,0.00,13.79,0.00,0.00,3.45,0.00,0.00,0.00,58.62
20:22:38,15,22.47,0.00,16.85,0.00,0.00,4.49,0.00,0.00,0.00,56.18
20:22:39,4,21.74,0.00,15.22,0.00,0.00,6.52,0.00,0.00,0.00,56.52
20:22:39,5,21.59,0.00,15.91,0.00,0.00,4.55,0.00,0.00,0.00,57.95
20:22:39,6,22.47,0.00,14.61,0.00,0.00,5.62,0.00,0.00,0.00,57.30
20:22:39,7,20.22,0.00,15.73,0.00,0.00,5.62,0.00,0.00,0.00,58.43
20:22:39,12,21.35,0.00,15.73,0.00,0.00,5.62,0.00,0.00,0.00,57.30
20:22:39,13,24.72,0.00,15.73,0.00,0.00,4.49,0.00,0.00,0.00,55.06
20:22:39,14,21.59,0.00,14.77,0.00,0.00,5.68,0.00,0.00,0.00,57.95
20:22:39,15,22.73,0.00,15.91,0.00,0.00,3.41,0.00,0.00,0.00,57.95
20:22:40,4,21.84,0.00,17.24,0.00,0.00,4.60,0.00,0.00,0.00,56.32
20:22:40,5,20.69,0.00,17.24,0.00,0.00,5.75,0.00,0.00,0.00,56.32
20:22:40,6,20.00,0.00,18.89,0.00,0.00,5.56,0.00,0.00,0.00,55.56
20:22:40,7,19.10,0.00,15.73,0.00,0.00,5.62,0.00,0.00,0.00,59.55
20:22:40,12,21.35,0.00,16.85,0.00,0.00,5.62,0.00,0.00,0.00,56.18
20:22:40,13,23.60,0.00,15.73,0.00,0.00,4.49,0.00,0.00,0.00,56.18
20:22:40,14,21.35,0.00,17.98,0.00,0.00,4.49,0.00,0.00,0.00,56.18
20:22:40,15,18.68,0.00,16.48,0.00,0.00,6.59,0.00,0.00,0.00,58.24
20:22:41,4,24.72,0.00,15.73,0.00,0.00,4.49,0.00,0.00,0.00,55.06
20:22:41,5,22.47,0.00,19.10,0.00,0.00,4.49,0.00,0.00,0.00,53.93
20:22:41,6,22.22,0.00,17.78,0.00,0.00,4.44,0.00,0.00,0.00,55.56
20:22:41,7,21.11,0.00,17.78,0.00,0.00,4.44,0.00,0.00,0.00,56.67
20:22:41,12,21.59,0.00,17.05,0.00,0.00,4.55,0.00,0.00,0.00,56.82
20:22:41,13,21.84,0.00,18.39,0.00,0.00,4.60,0.00,0.00,0.00,55.17
20:22:41,14,21.84,0.00,14.94,0.00,0.00,5.75,0.00,0.00,0.00,57.47
20:22:41,15,19.54,0.00,18.39,0.00,0.00,4.60,0.00,0.00,0.00,57.47
20:22:42,4,22.58,0.00,17.20,0.00,0.00,5.38,0.00,0.00,0.00,54.84
20:22:42,5,24.72,0.00,16.85,0.00,0.00,3.37,0.00,0.00,0.00,55.06
20:22:42,6,22.22,0.00,16.67,2.22,0.00,5.56,0.00,0.00,0.00,53.33
20:22:42,7,21.35,0.00,16.85,0.00,0.00,4.49,0.00,0.00,0.00,57.30
20:22:42,12,20.45,0.00,18.18,0.00,0.00,5.68,0.00,0.00,0.00,55.68
20:22:42,13,20.69,0.00,17.24,0.00,0.00,5.75,0.00,0.00,0.00,56.32
20:22:42,14,19.54,0.00,18.39,0.00,0.00,5.75,0.00,0.00,0.00,56.32
20:22:42,15,22.99,0.00,13.79,0.00,0.00,5.75,0.00,0.00,0.00,57.47
20:22:43,4,20.69,0.00,16.09,0.00,0.00,5.75,0.00,0.00,0.00,57.47
20:22:43,5,21.98,0.00,15.38,0.00,0.00,6.59,0.00,0.00,0.00,56.04
20:22:43,6,19.32,0.00,17.05,0.00,0.00,5.68,0.00,0.00,0.00,57.95
20:22:43,7,20.69,0.00,14.94,0.00,0.00,4.60,0.00,0.00,0.00,59.77
20:22:43,12,20.22,0.00,16.85,0.00,0.00,5.62,0.00,0.00,0.00,57.30
20:22:43,13,22.47,0.00,16.85,0.00,0.00,4.49,0.00,0.00,0.00,56.18
20:22:43,14,21.11,0.00,18.89,0.00,0.00,3.33,0.00,0.00,0.00,56.67
20:22:43,15,19.32,0.00,15.91,0.00,0.00,5.68,0.00,0.00,0.00,59.09
20:22:44,4,21.84,0.00,18.39,0.00,0.00,3.45,0.00,0.00,0.00,56.32
20:22:44,5,23.60,0.00,17.98,0.00,0.00,4.49,0.00,0.00,0.00,53.93
20:22:44,6,21.59,0.00,15.91,0.00,0.00,4.55,0.00,0.00,0.00,57.95
20:22:44,7,18.89,0.00,17.78,0.00,0.00,5.56,0.00,0.00,0.00,57.78
20:22:44,12,20.00,0.00,16.47,0.00,0.00,5.88,0.00,0.00,0.00,57.65
20:22:44,13,21.84,0.00,16.09,0.00,0.00,5.75,0.00,0.00,0.00,56.32
20:22:44,14,21.84,0.00,16.09,0.00,0.00,5.75,0.00,0.00,0.00,56.32
20:22:44,15,23.08,0.00,15.38,0.00,0.00,4.40,0.00,0.00,0.00,57.14
20:22:45,4,21.35,0.00,15.73,0.00,0.00,5.62,0.00,0.00,0.00,57.30
20:22:45,5,21.98,0.00,17.58,0.00,0.00,5.49,0.00,0.00,0.00,54.95
20:22:45,6,24.18,0.00,14.29,0.00,0.00,5.49,0.00,0.00,0.00,56.04
20:22:45,7,19.32,0.00,14.77,0.00,0.00,5.68,0.00,0.00,0.00,60.23
20:22:45,12,23.08,0.00,16.48,0.00,0.00,4.40,0.00,0.00,0.00,56.04
20:22:45,13,23.60,0.00,16.85,0.00,0.00,4.49,0.00,0.00,0.00,55.06
20:22:45,14,19.54,0.00,17.24,0.00,0.00,4.60,0.00,0.00,0.00,58.62
20:22:45,15,19.32,0.00,17.05,0.00,0.00,4.55,0.00,0.00,0.00,59.09
20:22:46,4,21.59,0.00,15.91,0.00,0.00,4.55,0.00,0.00,0.00,57.95
20:22:46,5,20.00,0.00,16.47,0.00,0.00,4.71,0.00,0.00,0.00,58.82
20:22:46,6,21.11,0.00,15.56,0.00,0.00,6.67,0.00,0.00,0.00,56.67
20:22:46,7,20.69,0.00,17.24,0.00,0.00,3.45,0.00,0.00,0.00,58.62
20:22:46,12,22.83,0.00,15.22,0.00,0.00,6.52,0.00,0.00,0.00,55.43
20:22:46,13,24.47,0.00,14.89,0.00,0.00,5.32,0.00,0.00,0.00,55.32
20:22:46,14,19.10,0.00,16.85,0.00,0.00,6.74,0.00,0.00,0.00,57.30
20:22:46,15,20.45,0.00,17.05,0.00,0.00,3.41,0.00,0.00,0.00,59.09
20:22:47,4,24.44,0.00,17.78,0.00,0.00,6.67,0.00,0.00,0.00,51.11
20:22:47,5,23.33,0.00,17.78,0.00,0.00,5.56,0.00,0.00,0.00,53.33
20:22:47,6,21.98,0.00,17.58,0.00,0.00,5.49,0.00,0.00,0.00,54.95
20:22:47,7,20.69,0.00,17.24,0.00,0.00,5.75,0.00,0.00,0.00,56.32
20:22:47,12,23.86,0.00,17.05,0.00,0.00,4.55,0.00,0.00,0.00,54.55
20:22:47,13,23.26,0.00,17.44,0.00,0.00,4.65,0.00,0.00,0.00,54.65
20:22:47,14,24.14,0.00,16.09,0.00,0.00,5.75,0.00,0.00,0.00,54.02
20:22:47,15,22.35,0.00,15.29,0.00,0.00,4.71,0.00,0.00,0.00,57.65
20:22:48,4,23.60,0.00,15.73,1.12,0.00,3.37,0.00,0.00,0.00,56.18
20:22:48,5,18.18,0.00,15.91,1.14,0.00,6.82,0.00,0.00,0.00,57.95
20:22:48,6,22.47,0.00,16.85,0.00,0.00,3.37,0.00,0.00,0.00,57.30
20:22:48,7,20.45,0.00,14.77,0.00,0.00,4.55,0.00,0.00,0.00,60.23
20:22:48,12,22.22,0.00,16.67,1.11,0.00,5.56,0.00,0.00,0.00,54.44
20:22:48,13,19.54,0.00,17.24,0.00,0.00,4.60,0.00,0.00,0.00,58.62
20:22:48,14,21.18,0.00,17.65,0.00,0.00,2.35,0.00,0.00,0.00,58.82
20:22:48,15,22.22,0.00,15.56,0.00,0.00,4.44,0.00,0.00,0.00,57.78
20:22:49,4,20.00,0.00,16.67,0.00,0.00,5.56,0.00,0.00,0.00,57.78
20:22:49,5,21.35,0.00,16.85,0.00,0.00,4.49,0.00,0.00,0.00,57.30
20:22:49,6,22.09,0.00,15.12,0.00,0.00,4.65,0.00,0.00,0.00,58.14
20:22:49,7,18.89,0.00,17.78,0.00,0.00,5.56,0.00,0.00,0.00,57.78
20:22:49,12,22.73,0.00,15.91,0.00,0.00,4.55,0.00,0.00,0.00,56.82
20:22:49,13,20.45,0.00,15.91,0.00,0.00,5.68,0.00,0.00,0.00,57.95
20:22:49,14,20.45,0.00,15.91,0.00,0.00,5.68,0.00,0.00,0.00,57.95
20:22:49,15,20.93,0.00,13.95,0.00,0.00,4.65,0.00,0.00,0.00,60.47
20:22:50,4,21.59,0.00,15.91,0.00,0.00,4.55,0.00,0.00,0.00,57.95
20:22:50,5,20.22,0.00,17.98,0.00,0.00,5.62,0.00,0.00,0.00,56.18
20:22:50,6,23.33,0.00,15.56,0.00,0.00,4.44,0.00,0.00,0.00,56.67
20:22:50,7,19.10,0.00,16.85,0.00,0.00,5.62,0.00,0.00,0.00,58.43
20:22:50,12,21.74,0.00,16.30,0.00,0.00,5.43,0.00,0.00,0.00,56.52
20:22:50,13,21.59,0.00,15.91,0.00,0.00,4.55,0.00,0.00,0.00,57.95
20:22:50,14,20.22,0.00,16.85,0.00,0.00,4.49,0.00,0.00,0.00,58.43
20:22:50,15,20.22,0.00,16.85,0.00,0.00,4.49,0.00,0.00,0.00,58.43
20:22:51,4,20.88,0.00,15.38,0.00,0.00,6.59,0.00,0.00,0.00,57.14
20:22:51,5,21.35,0.00,15.73,0.00,0.00,4.49,0.00,0.00,0.00,58.43
20:22:51,6,23.60,0.00,14.61,0.00,0.00,5.62,0.00,0.00,0.00,56.18
20:22:51,7,21.84,0.00,13.79,0.00,0.00,4.60,0.00,0.00,0.00,59.77
20:22:51,12,20.69,0.00,16.09,0.00,0.00,4.60,0.00,0.00,0.00,58.62
20:22:51,13,21.11,0.00,16.67,0.00,0.00,5.56,0.00,0.00,0.00,56.67
20:22:51,14,20.69,0.00,16.09,0.00,0.00,5.75,0.00,0.00,0.00,57.47
20:22:51,15,20.93,0.00,15.12,0.00,0.00,4.65,0.00,0.00,0.00,59.30
20:22:52,4,25.84,0.00,16.85,0.00,0.00,3.37,0.00,0.00,0.00,53.93
20:22:52,5,22.73,0.00,17.05,0.00,0.00,5.68,0.00,0.00,0.00,54.55
20:22:52,6,22.83,0.00,18.48,0.00,0.00,5.43,0.00,0.00,0.00,53.26
20:22:52,7,24.18,0.00,17.58,0.00,0.00,4.40,0.00,0.00,0.00,53.85
20:22:52,12,24.72,0.00,15.73,0.00,0.00,4.49,0.00,0.00,0.00,55.06
20:22:52,13,21.11,0.00,17.78,0.00,0.00,5.56,0.00,0.00,0.00,55.56
20:22:52,14,21.59,0.00,15.91,0.00,0.00,5.68,0.00,0.00,0.00,56.82
20:22:52,15,22.47,0.00,16.85,1.12,0.00,4.49,0.00,0.00,0.00,55.06
20:22:53,4,21.59,0.00,14.77,0.00,0.00,5.68,0.00,0.00,0.00,57.95
20:22:53,5,20.45,0.00,17.05,0.00,0.00,4.55,0.00,0.00,0.00,57.95
20:22:53,6,21.35,0.00,16.85,0.00,0.00,4.49,0.00,0.00,0.00,57.30
20:22:53,7,20.69,0.00,13.79,0.00,0.00,4.60,0.00,0.00,0.00,60.92
20:22:53,12,21.18,0.00,15.29,0.00,0.00,3.53,0.00,0.00,0.00,60.00
20:22:53,13,21.84,0.00,14.94,0.00,0.00,5.75,0.00,0.00,0.00,57.47
20:22:53,14,20.88,0.00,17.58,0.00,0.00,5.49,0.00,0.00,0.00,56.04
20:22:53,15,20.00,0.00,16.67,0.00,0.00,5.56,0.00,0.00,0.00,57.78
20:22:54,4,22.83,0.00,16.30,0.00,0.00,6.52,0.00,0.00,0.00,54.35
20:22:54,5,22.73,0.00,15.91,0.00,0.00,4.55,0.00,0.00,0.00,56.82
20:22:54,6,20.22,0.00,15.73,0.00,0.00,6.74,0.00,0.00,0.00,57.30
20:22:54,7,21.59,0.00,13.64,0.00,0.00,4.55,0.00,0.00,0.00,60.23
20:22:54,12,20.65,0.00,18.48,0.00,0.00,5.43,0.00,0.00,0.00,55.43
20:22:54,13,22.83,0.00,17.39,0.00,0.00,4.35,0.00,0.00,0.00,55.43
20:22:54,14,18.18,0.00,17.05,0.00,0.00,5.68,0.00,0.00,0.00,59.09
20:22:54,15,19.10,0.00,16.85,0.00,0.00,4.49,0.00,0.00,0.00,59.55
20:22:55,4,21.35,0.00,16.85,0.00,0.00,5.62,0.00,0.00,0.00,56.18
20:22:55,5,20.69,0.00,16.09,0.00,0.00,4.60,0.00,0.00,0.00,58.62
20:22:55,6,21.11,0.00,17.78,0.00,0.00,4.44,0.00,0.00,0.00,56.67
20:22:55,7,25.27,0.00,10.99,0.00,0.00,4.40,0.00,0.00,0.00,59.34
20:22:55,12,20.22,0.00,16.85,0.00,0.00,4.49,0.00,0.00,0.00,58.43
20:22:55,13,21.35,0.00,15.73,0.00,0.00,4.49,0.00,0.00,0.00,58.43
20:22:55,14,20.45,0.00,18.18,0.00,0.00,4.55,0.00,0.00,0.00,56.82
20:22:55,15,18.39,0.00,16.09,0.00,0.00,4.60,0.00,0.00,0.00,60.92
20:22:56,4,22.47,0.00,14.61,0.00,0.00,4.49,0.00,0.00,0.00,58.43
20:22:56,5,18.89,0.00,17.78,0.00,0.00,5.56,0.00,0.00,0.00,57.78
20:22:56,6,20.00,0.00,15.56,0.00,0.00,6.67,0.00,0.00,0.00,57.78
20:22:56,7,21.98,0.00,16.48,0.00,0.00,4.40,0.00,0.00,0.00,57.14
20:22:56,12,20.88,0.00,16.48,0.00,0.00,5.49,0.00,0.00,0.00,57.14
20:22:56,13,21.35,0.00,16.85,0.00,0.00,4.49,0.00,0.00,0.00,57.30
20:22:56,14,19.10,0.00,16.85,0.00,0.00,5.62,0.00,0.00,0.00,58.43
20:22:56,15,22.22,0.00,14.44,0.00,0.00,5.56,0.00,0.00,0.00,57.78
20:22:57,4,22.22,0.00,17.78,0.00,0.00,5.56,0.00,0.00,0.00,54.44
20:22:57,5,24.72,0.00,15.73,0.00,0.00,5.62,0.00,0.00,0.00,53.93
20:22:57,6,22.99,0.00,17.24,0.00,0.00,4.60,0.00,0.00,0.00,55.17
20:22:57,7,21.35,0.00,17.98,0.00,0.00,4.49,0.00,0.00,0.00,56.18
20:22:57,12,19.77,0.00,17.44,0.00,0.00,5.81,0.00,0.00,0.00,56.98
20:22:57,13,23.60,0.00,16.85,0.00,0.00,4.49,0.00,0.00,0.00,55.06
20:22:57,14,26.37,0.00,18.68,0.00,0.00,4.40,0.00,0.00,0.00,50.55
20:22:57,15,20.69,0.00,16.09,0.00,0.00,6.90,0.00,0.00,0.00,56.32
20:22:58,4,19.32,0.00,15.91,0.00,0.00,5.68,0.00,0.00,0.00,59.09
20:22:58,5,20.65,0.00,18.48,0.00,0.00,4.35,0.00,0.00,0.00,56.52
20:22:58,6,21.28,0.00,18.09,0.00,0.00,5.32,0.00,0.00,0.00,55.32
20:22:58,7,20.22,0.00,15.73,0.00,0.00,4.49,0.00,0.00,0.00,59.55
20:22:58,12,20.22,0.00,17.98,0.00,0.00,5.62,0.00,0.00,0.00,56.18
20:22:58,13,21.59,0.00,14.77,0.00,0.00,4.55,0.00,0.00,0.00,59.09
20:22:58,14,20.45,0.00,15.91,0.00,0.00,4.55,0.00,0.00,0.00,59.09
20:22:58,15,21.11,0.00,15.56,0.00,0.00,4.44,0.00,0.00,0.00,58.89
20:22:59,4,21.98,0.00,16.48,0.00,0.00,5.49,0.00,0.00,0.00,56.04
20:22:59,5,20.65,0.00,17.39,0.00,0.00,6.52,0.00,0.00,0.00,55.43
20:22:59,6,21.59,0.00,15.91,0.00,0.00,5.68,0.00,0.00,0.00,56.82
20:22:59,7,18.89,0.00,17.78,0.00,0.00,5.56,0.00,0.00,0.00,57.78
20:22:59,12,22.22,0.00,16.67,0.00,0.00,4.44,0.00,0.00,0.00,56.67
20:22:59,13,21.74,0.00,17.39,0.00,0.00,5.43,0.00,0.00,0.00,55.43
20:22:59,14,22.99,0.00,14.94,0.00,0.00,4.60,0.00,0.00,0.00,57.47
20:22:59,15,20.22,0.00,16.85,0.00,0.00,4.49,0.00,0.00,0.00,58.43
20:23:00,4,21.59,0.00,15.91,0.00,0.00,4.55,0.00,0.00,0.00,57.95
20:23:00,5,21.35,0.00,15.73,0.00,0.00,5.62,0.00,0.00,0.00,57.30
20:23:00,6,21.11,0.00,14.44,0.00,0.00,6.67,0.00,0.00,0.00,57.78
20:23:00,7,21.11,0.00,15.56,0.00,0.00,4.44,0.00,0.00,0.00,58.89
20:23:00,12,19.32,0.00,15.91,0.00,0.00,5.68,0.00,0.00,0.00,59.09
20:23:00,13,22.73,0.00,15.91,0.00,0.00,3.41,0.00,0.00,0.00,57.95
20:23:00,14,22.22,0.00,16.67,0.00,0.00,4.44,0.00,0.00,0.00,56.67
20:23:00,15,20.45,0.00,15.91,0.00,0.00,4.55,0.00,0.00,0.00,59.09
20:23:01,4,22.22,0.00,16.67,0.00,0.00,4.44,0.00,0.00,0.00,56.67
20:23:01,5,20.45,0.00,15.91,0.00,0.00,5.68,0.00,0.00,0.00,57.95
20:23:01,6,19.10,0.00,16.85,0.00,0.00,5.62,0.00,0.00,0.00,58.43
20:23:01,7,19.54,0.00,14.94,0.00,0.00,5.75,0.00,0.00,0.00,59.77
20:23:01,12,22.47,0.00,15.73,0.00,0.00,5.62,0.00,0.00,0.00,56.18
20:23:01,13,22.47,0.00,17.98,0.00,0.00,4.49,0.00,0.00,0.00,55.06
20:23:01,14,20.69,0.00,16.09,0.00,0.00,4.60,0.00,0.00,0.00,58.62
20:23:01,15,22.22,0.00,15.56,0.00,0.00,4.44,0.00,0.00,0.00,57.78
20:23:02,4,21.43,0.00,14.29,1.19,0.00,4.76,0.00,0.00,0.00,58.33
20:23:02,5,21.59,0.00,18.18,0.00,0.00,4.55,0.00,0.00,0.00,55.68
20:23:02,6,22.47,0.00,16.85,0.00,0.00,4.49,0.00,0.00,0.00,56.18
20:23:02,7,21.51,0.00,17.20,0.00,0.00,5.38,0.00,0.00,0.00,55.91
20:23:02,12,25.00,0.00,19.32,0.00,0.00,3.41,0.00,0.00,0.00,52.27
20:23:02,13,23.33,0.00,14.44,0.00,0.00,6.67,0.00,0.00,0.00,55.56
20:23:02,14,21.59,0.00,18.18,0.00,0.00,4.55,0.00,0.00,0.00,55.68
20:23:02,15,18.39,0.00,19.54,1.15,0.00,3.45,0.00,0.00,0.00,57.47
20:23:03,4,21.59,0.00,14.77,0.00,0.00,4.55,0.00,0.00,0.00,59.09
20:23:03,5,23.33,0.00,14.44,0.00,0.00,5.56,0.00,0.00,0.00,56.67
20:23:03,6,19.77,0.00,15.12,0.00,0.00,4.65,0.00,0.00,0.00,60.47
20:23:03,7,21.74,0.00,17.39,0.00,0.00,4.35,0.00,0.00,0.00,56.52
20:23:03,12,21.35,0.00,16.85,0.00,0.00,4.49,0.00,0.00,0.00,57.30
20:23:03,13,21.35,0.00,14.61,0.00,0.00,5.62,0.00,0.00,0.00,58.43
20:23:03,14,21.98,0.00,16.48,0.00,0.00,5.49,0.00,0.00,0.00,56.04
20:23:03,15,22.22,0.00,14.44,0.00,0.00,5.56,0.00,0.00,0.00,57.78
20:23:04,4,21.35,0.00,16.85,0.00,0.00,5.62,0.00,0.00,0.00,56.18
20:23:04,5,21.35,0.00,15.73,0.00,0.00,5.62,0.00,0.00,0.00,57.30
20:23:04,6,22.22,0.00,15.56,0.00,0.00,5.56,0.00,0.00,0.00,56.67
20:23:04,7,21.59,0.00,14.77,0.00,0.00,4.55,0.00,0.00,0.00,59.09
20:23:04,12,20.88,0.00,18.68,0.00,0.00,4.40,0.00,0.00,0.00,56.04
20:23:04,13,20.93,0.00,16.28,0.00,0.00,4.65,0.00,0.00,0.00,58.14
20:23:04,14,23.60,0.00,14.61,0.00,0.00,5.62,0.00,0.00,0.00,56.18
20:23:04,15,23.60,0.00,13.48,0.00,0.00,4.49,0.00,0.00,0.00,58.43
20:23:05,4,21.11,0.00,17.78,0.00,0.00,5.56,0.00,0.00,0.00,55.56
20:23:05,5,21.84,0.00,17.24,0.00,0.00,4.60,0.00,0.00,0.00,56.32
20:23:05,6,21.43,0.00,15.48,0.00,0.00,4.76,0.00,0.00,0.00,58.33
20:23:05,7,18.82,0.00,15.29,0.00,0.00,4.71,0.00,0.00,0.00,61.18
20:23:05,12,22.47,0.00,15.73,0.00,0.00,5.62,0.00,0.00,0.00,56.18
20:23:05,13,23.60,0.00,15.73,0.00,0.00,5.62,0.00,0.00,0.00,55.06
20:23:05,14,19.77,0.00,16.28,0.00,0.00,5.81,0.00,0.00,0.00,58.14
20:23:05,15,21.11,0.00,16.67,0.00,0.00,5.56,0.00,0.00,0.00,56.67
20:23:06,4,22.47,0.00,15.73,0.00,0.00,4.49,0.00,0.00,0.00,57.30
20:23:06,5,21.59,0.00,17.05,0.00,0.00,3.41,0.00,0.00,0.00,57.95
20:23:06,6,21.98,0.00,16.48,0.00,0.00,5.49,0.00,0.00,0.00,56.04
20:23:06,7,21.11,0.00,15.56,0.00,0.00,4.44,0.00,0.00,0.00,58.89
20:23:06,12,23.60,0.00,15.73,0.00,0.00,3.37,0.00,0.00,0.00,57.30
20:23:06,13,21.35,0.00,15.73,0.00,0.00,4.49,0.00,0.00,0.00,58.43
20:23:06,14,21.11,0.00,15.56,0.00,0.00,4.44,0.00,0.00,0.00,58.89
20:23:06,15,21.98,0.00,15.38,0.00,0.00,4.40,0.00,0.00,0.00,58.24
20:23:07,4,22.73,0.00,17.05,0.00,0.00,5.68,0.00,0.00,0.00,54.55
20:23:07,5,22.35,0.00,17.65,0.00,0.00,5.88,0.00,0.00,0.00,54.12
20:23:07,6,25.84,0.00,15.73,0.00,0.00,4.49,0.00,0.00,0.00,53.93
20:23:07,7,22.22,0.00,17.78,0.00,0.00,4.44,0.00,0.00,0.00,55.56
20:23:07,12,19.77,0.00,18.60,0.00,0.00,5.81,0.00,0.00,0.00,55.81
20:23:07,13,24.72,0.00,16.85,1.12,0.00,3.37,0.00,0.00,0.00,53.93
20:23:07,14,22.99,0.00,17.24,1.15,0.00,3.45,0.00,0.00,0.00,55.17
20:23:07,15,21.35,0.00,16.85,0.00,0.00,5.62,0.00,0.00,0.00,56.18
20:23:08,4,22.22,0.00,16.67,0.00,0.00,4.44,0.00,0.00,0.00,56.67
20:23:08,5,23.08,0.00,15.38,0.00,0.00,5.49,0.00,0.00,0.00,56.04
20:23:08,6,21.11,0.00,16.67,0.00,0.00,5.56,0.00,0.00,0.00,56.67
20:23:08,7,17.44,0.00,15.12,0.00,0.00,5.81,0.00,0.00,0.00,61.63
20:23:08,12,19.32,0.00,17.05,0.00,0.00,5.68,0.00,0.00,0.00,57.95
20:23:08,13,24.44,0.00,14.44,0.00,0.00,5.56,0.00,0.00,0.00,55.56
20:23:08,14,19.32,0.00,15.91,0.00,0.00,5.68,0.00,0.00,0.00,59.09
20:23:08,15,20.45,0.00,14.77,0.00,0.00,5.68,0.00,0.00,0.00,59.09
20:23:09,4,20.22,0.00,16.85,0.00,0.00,4.49,0.00,0.00,0.00,58.43
20:23:09,5,21.59,0.00,15.91,0.00,0.00,4.55,0.00,0.00,0.00,57.95
20:23:09,6,20.88,0.00,17.58,0.00,0.00,4.40,0.00,0.00,0.00,57.14
20:23:09,7,21.11,0.00,15.56,0.00,0.00,4.44,0.00,0.00,0.00,58.89
20:23:09,12,20.45,0.00,15.91,0.00,0.00,6.82,0.00,0.00,0.00,56.82
20:23:09,13,20.45,0.00,17.05,0.00,0.00,4.55,0.00,0.00,0.00,57.95
20:23:09,14,21.35,0.00,16.85,0.00,0.00,4.49,0.00,0.00,0.00,57.30
20:23:09,15,21.84,0.00,14.94,0.00,0.00,3.45,0.00,0.00,0.00,59.77
20:23:10,4,20.88,0.00,17.58,0.00,0.00,5.49,0.00,0.00,0.00,56.04
20:23:10,5,20.69,0.00,16.09,0.00,0.00,4.60,0.00,0.00,0.00,58.62
20:23:10,6,21.35,0.00,16.85,0.00,0.00,5.62,0.00,0.00,0.00,56.18
20:23:10,7,20.00,0.00,17.78,0.00,0.00,5.56,0.00,0.00,0.00,56.67
20:23:10,12,21.11,0.00,15.56,0.00,0.00,5.56,0.00,0.00,0.00,57.78
20:23:10,13,20.45,0.00,17.05,0.00,0.00,4.55,0.00,0.00,0.00,57.95
20:23:10,14,20.22,0.00,16.85,0.00,0.00,5.62,0.00,0.00,0.00,57.30
20:23:10,15,20.88,0.00,16.48,0.00,0.00,4.40,0.00,0.00,0.00,58.24
20:23:11,4,21.35,0.00,14.61,0.00,0.00,6.74,0.00,0.00,0.00,57.30
20:23:11,5,20.69,0.00,17.24,0.00,0.00,4.60,0.00,0.00,0.00,57.47
20:23:11,6,19.54,0.00,16.09,0.00,0.00,5.75,0.00,0.00,0.00,58.62
20:23:11,7,22.34,0.00,14.89,0.00,0.00,6.38,0.00,0.00,0.00,56.38
20:23:11,12,22.73,0.00,17.05,0.00,0.00,3.41,0.00,0.00,0.00,56.82
20:23:11,13,22.73,0.00,14.77,0.00,0.00,5.68,0.00,0.00,0.00,56.82
20:23:11,14,23.26,0.00,12.79,0.00,0.00,3.49,0.00,0.00,0.00,60.47
20:23:11,15,21.84,0.00,14.94,0.00,0.00,4.60,0.00,0.00,0.00,58.62
20:23:12,4,21.84,0.00,20.69,0.00,0.00,3.45,0.00,0.00,0.00,54.02
20:23:12,5,24.44,0.00,16.67,0.00,0.00,5.56,0.00,0.00,0.00,53.33
20:23:12,6,20.93,0.00,17.44,0.00,0.00,4.65,0.00,0.00,0.00,56.98
20:23:12,7,22.22,0.00,14.44,0.00,0.00,6.67,0.00,0.00,0.00,56.67
20:23:12,12,21.35,0.00,19.10,0.00,0.00,5.62,0.00,0.00,0.00,53.93
20:23:12,13,22.99,0.00,17.24,0.00,0.00,4.60,0.00,0.00,0.00,55.17
20:23:12,14,23.08,0.00,18.68,1.10,0.00,5.49,0.00,0.00,0.00,51.65
20:23:12,15,23.08,0.00,15.38,0.00,0.00,5.49,0.00,0.00,0.00,56.04
20:23:13,4,22.47,0.00,14.61,0.00,0.00,5.62,0.00,0.00,0.00,57.30
20:23:13,5,20.69,0.00,14.94,0.00,0.00,5.75,0.00,0.00,0.00,58.62
20:23:13,6,19.10,0.00,16.85,0.00,0.00,5.62,0.00,0.00,0.00,58.43
20:23:13,7,21.59,0.00,14.77,0.00,0.00,3.41,0.00,0.00,0.00,60.23
20:23:13,12,21.11,0.00,16.67,0.00,0.00,4.44,0.00,0.00,0.00,57.78
20:23:13,13,21.11,0.00,15.56,0.00,0.00,5.56,0.00,0.00,0.00,57.78
20:23:13,14,22.22,0.00,16.67,0.00,0.00,4.44,0.00,0.00,0.00,56.67
20:23:13,15,20.45,0.00,15.91,0.00,0.00,4.55,0.00,0.00,0.00,59.09
20:23:14,4,21.74,0.00,17.39,0.00,0.00,4.35,0.00,0.00,0.00,56.52
20:23:14,5,20.00,0.00,15.29,0.00,0.00,4.71,0.00,0.00,0.00,60.00
20:23:14,6,21.59,0.00,15.91,0.00,0.00,4.55,0.00,0.00,0.00,57.95
20:23:14,7,21.74,0.00,16.30,0.00,0.00,4.35,0.00,0.00,0.00,57.61
20:23:14,12,21.74,0.00,17.39,0.00,0.00,5.43,0.00,0.00,0.00,55.43
20:23:14,13,20.69,0.00,17.24,0.00,0.00,4.60,0.00,0.00,0.00,57.47
20:23:14,14,21.84,0.00,14.94,0.00,0.00,5.75,0.00,0.00,0.00,57.47
20:23:14,15,21.35,0.00,15.73,0.00,0.00,4.49,0.00,0.00,0.00,58.43
20:23:15,4,20.22,0.00,17.98,0.00,0.00,4.49,0.00,0.00,0.00,57.30
20:23:15,5,21.11,0.00,16.67,0.00,0.00,5.56,0.00,0.00,0.00,56.67
20:23:15,6,19.77,0.00,13.95,0.00,0.00,5.81,0.00,0.00,0.00,60.47
20:23:15,7,20.69,0.00,14.94,0.00,0.00,5.75,0.00,0.00,0.00,58.62
20:23:15,12,21.59,0.00,15.91,0.00,0.00,5.68,0.00,0.00,0.00,56.82
20:23:15,13,21.74,0.00,18.48,0.00,0.00,4.35,0.00,0.00,0.00,55.43
20:23:15,14,20.22,0.00,17.98,0.00,0.00,3.37,0.00,0.00,0.00,58.43
20:23:15,15,20.88,0.00,17.58,0.00,0.00,4.40,0.00,0.00,0.00,57.14
20:23:16,4,23.08,0.00,15.38,0.00,0.00,5.49,0.00,0.00,0.00,56.04
20:23:16,5,21.11,0.00,15.56,0.00,0.00,5.56,0.00,0.00,0.00,57.78
20:23:16,6,20.45,0.00,17.05,0.00,0.00,4.55,0.00,0.00,0.00,57.95
20:23:16,7,21.59,0.00,13.64,0.00,0.00,4.55,0.00,0.00,0.00,60.23
20:23:16,12,21.11,0.00,16.67,0.00,0.00,4.44,0.00,0.00,0.00,57.78
20:23:16,13,20.45,0.00,18.18,0.00,0.00,4.55,0.00,0.00,0.00,56.82
20:23:16,14,21.35,0.00,16.85,0.00,0.00,4.49,0.00,0.00,0.00,57.30
20:23:16,15,22.22,0.00,14.44,0.00,0.00,4.44,0.00,0.00,0.00,58.89
20:23:17,4,21.11,0.00,17.78,0.00,0.00,5.56,0.00,0.00,0.00,55.56
20:23:17,5,23.86,0.00,14.77,0.00,0.00,5.68,0.00,0.00,0.00,55.68
20:23:17,6,22.09,0.00,16.28,0.00,0.00,4.65,0.00,0.00,0.00,56.98
20:23:17,7,21.35,0.00,17.98,0.00,0.00,4.49,0.00,0.00,0.00,56.18
20:23:17,12,23.91,0.00,18.48,1.09,0.00,6.52,0.00,0.00,0.00,50.00
20:23:17,13,24.72,0.00,16.85,0.00,0.00,3.37,0.00,0.00,0.00,55.06
20:23:17,14,23.26,0.00,15.12,0.00,0.00,4.65,0.00,0.00,0.00,56.98
20:23:17,15,20.93,0.00,18.60,0.00,0.00,3.49,0.00,0.00,0.00,56.98
20:23:18,4,23.33,0.00,16.67,0.00,0.00,4.44,0.00,0.00,0.00,55.56
20:23:18,5,22.73,0.00,14.77,0.00,0.00,4.55,0.00,0.00,0.00,57.95
20:23:18,6,23.91,0.00,14.13,0.00,0.00,6.52,0.00,0.00,0.00,55.43
20:23:18,7,19.54,0.00,16.09,0.00,0.00,3.45,0.00,0.00,0.00,60.92
20:23:18,12,22.47,0.00,16.85,0.00,0.00,5.62,0.00,0.00,0.00,55.06
20:23:18,13,21.59,0.00,17.05,0.00,0.00,4.55,0.00,0.00,0.00,56.82
20:23:18,14,20.00,0.00,18.89,0.00,0.00,5.56,0.00,0.00,0.00,55.56
20:23:18,15,20.69,0.00,14.94,0.00,0.00,4.60,0.00,0.00,0.00,59.77
20:23:19,4,21.59,0.00,15.91,0.00,0.00,4.55,0.00,0.00,0.00,57.95
20:23:19,5,21.59,0.00,14.77,0.00,0.00,4.55,0.00,0.00,0.00,59.09
20:23:19,6,20.00,0.00,16.67,0.00,0.00,4.44,0.00,0.00,0.00,58.89
20:23:19,7,20.22,0.00,15.73,0.00,0.00,5.62,0.00,0.00,0.00,58.43
20:23:19,12,20.00,0.00,15.56,0.00,0.00,6.67,0.00,0.00,0.00,57.78
20:23:19,13,21.35,0.00,14.61,0.00,0.00,5.62,0.00,0.00,0.00,58.43
20:23:19,14,19.77,0.00,16.28,0.00,0.00,4.65,0.00,0.00,0.00,59.30
20:23:19,15,21.11,0.00,15.56,0.00,0.00,4.44,0.00,0.00,0.00,58.89
20:23:20,4,22.47,0.00,16.85,0.00,0.00,4.49,0.00,0.00,0.00,56.18
20:23:20,5,21.35,0.00,15.73,0.00,0.00,5.62,0.00,0.00,0.00,57.30
20:23:20,6,20.00,0.00,18.89,0.00,0.00,4.44,0.00,0.00,0.00,56.67
20:23:20,7,19.78,0.00,17.58,0.00,0.00,5.49,0.00,0.00,0.00,57.14
20:23:20,12,21.35,0.00,15.73,0.00,0.00,5.62,0.00,0.00,0.00,57.30
20:23:20,13,21.59,0.00,15.91,0.00,0.00,4.55,0.00,0.00,0.00,57.95
20:23:20,14,21.35,0.00,16.85,0.00,0.00,4.49,0.00,0.00,0.00,57.30
20:23:20,15,20.69,0.00,14.94,0.00,0.00,4.60,0.00,0.00,0.00,59.77
20:23:21,4,20.69,0.00,14.94,0.00,0.00,4.60,0.00,0.00,0.00,59.77
20:23:21,5,22.47,0.00,13.48,0.00,0.00,6.74,0.00,0.00,0.00,57.30
20:23:21,6,19.54,0.00,16.09,0.00,0.00,5.75,0.00,0.00,0.00,58.62
20:23:21,7,20.65,0.00,17.39,0.00,0.00,4.35,0.00,0.00,0.00,57.61
20:23:21,12,21.35,0.00,15.73,0.00,0.00,5.62,0.00,0.00,0.00,57.30
20:23:21,13,20.93,0.00,15.12,0.00,0.00,3.49,0.00,0.00,0.00,60.47
20:23:21,14,21.59,0.00,14.77,0.00,0.00,6.82,0.00,0.00,0.00,56.82
20:23:21,15,21.51,0.00,17.20,0.00,0.00,4.30,0.00,0.00,0.00,56.99
20:23:22,4,21.59,0.00,17.05,1.14,0.00,4.55,0.00,0.00,0.00,55.68
20:23:22,5,19.54,0.00,17.24,0.00,0.00,4.60,0.00,0.00,0.00,58.62
20:23:22,6,22.47,0.00,15.73,0.00,0.00,5.62,0.00,0.00,0.00,56.18
20:23:22,7,20.22,0.00,17.98,0.00,0.00,4.49,0.00,0.00,0.00,57.30
20:23:22,12,24.72,0.00,16.85,0.00,0.00,3.37,0.00,0.00,0.00,55.06
20:23:22,13,23.08,0.00,16.48,0.00,0.00,5.49,0.00,0.00,0.00,54.95
20:23:22,14,22.47,0.00,14.61,0.00,0.00,5.62,0.00,0.00,0.00,57.30
20:23:22,15,22.47,0.00,15.73,0.00,0.00,4.49,0.00,0.00,0.00,57.30
20:23:23,4,24.44,0.00,16.67,0.00,0.00,4.44,0.00,0.00,0.00,54.44
20:23:23,5,21.11,0.00,17.78,0.00,0.00,6.67,0.00,0.00,0.00,54.44
20:23:23,6,19.54,0.00,19.54,0.00,0.00,4.60,0.00,0.00,0.00,56.32
20:23:23,7,19.78,0.00,17.58,0.00,0.00,6.59,0.00,0.00,0.00,56.04
20:23:23,12,21.35,0.00,16.85,2.25,0.00,4.49,0.00,0.00,0.00,55.06
20:23:23,13,20.93,0.00,17.44,0.00,0.00,4.65,0.00,0.00,0.00,56.98
20:23:23,14,23.08,0.00,17.58,0.00,0.00,5.49,0.00,0.00,0.00,53.85
20:23:23,15,20.93,0.00,15.12,0.00,0.00,4.65,0.00,0.00,0.00,59.30
20:23:24,4,19.10,0.00,17.98,0.00,0.00,4.49,0.00,0.00,0.00,58.43
20:23:24,5,21.59,0.00,14.77,0.00,0.00,5.68,0.00,0.00,0.00,57.95
20:23:24,6,21.35,0.00,15.73,0.00,0.00,6.74,0.00,0.00,0.00,56.18
20:23:24,7,20.00,0.00,16.67,0.00,0.00,4.44,0.00,0.00,0.00,58.89
20:23:24,12,20.69,0.00,16.09,0.00,0.00,4.60,0.00,0.00,0.00,58.62
20:23:24,13,22.09,0.00,13.95,0.00,0.00,4.65,0.00,0.00,0.00,59.30
20:23:24,14,21.59,0.00,17.05,0.00,0.00,4.55,0.00,0.00,0.00,56.82
20:23:24,15,18.89,0.00,16.67,0.00,0.00,5.56,0.00,0.00,0.00,58.89
20:23:25,4,21.35,0.00,15.73,0.00,0.00,5.62,0.00,0.00,0.00,57.30
20:23:25,5,21.74,0.00,17.39,0.00,0.00,5.43,0.00,0.00,0.00,55.43
20:23:25,6,22.83,0.00,17.39,0.00,0.00,4.35,0.00,0.00,0.00,55.43
20:23:25,7,17.24,0.00,18.39,0.00,0.00,4.60,0.00,0.00,0.00,59.77
20:23:25,12,21.35,0.00,16.85,0.00,0.00,5.62,0.00,0.00,0.00,56.18
20:23:25,13,20.00,0.00,16.47,0.00,0.00,4.71,0.00,0.00,0.00,58.82
20:23:25,14,21.59,0.00,15.91,0.00,0.00,5.68,0.00,0.00,0.00,56.82
20:23:25,15,23.08,0.00,16.48,0.00,0.00,4.40,0.00,0.00,0.00,56.04
20:23:26,4,23.86,0.00,14.77,0.00,0.00,4.55,0.00,0.00,0.00,56.82
20:23:26,5,19.77,0.00,17.44,0.00,0.00,4.65,0.00,0.00,0.00,58.14
20:23:26,6,21.84,0.00,14.94,0.00,0.00,5.75,0.00,0.00,0.00,57.47
20:23:26,7,20.22,0.00,15.73,0.00,0.00,4.49,0.00,0.00,0.00,59.55
20:23:26,12,19.54,0.00,14.94,0.00,0.00,5.75,0.00,0.00,0.00,59.77
20:23:26,13,23.86,0.00,14.77,0.00,0.00,4.55,0.00,0.00,0.00,56.82
20:23:26,14,22.22,0.00,17.78,0.00,0.00,3.33,0.00,0.00,0.00,56.67
20:23:26,15,22.22,0.00,15.56,0.00,0.00,4.44,0.00,0.00,0.00,57.78
20:23:27,4,23.33,0.00,15.56,0.00,0.00,4.44,0.00,0.00,0.00,56.67
20:23:27,5,22.73,0.00,15.91,0.00,0.00,3.41,0.00,0.00,0.00,57.95
20:23:27,6,21.35,0.00,15.73,0.00,0.00,5.62,0.00,0.00,0.00,57.30
20:23:27,7,18.89,0.00,18.89,1.11,0.00,4.44,0.00,0.00,0.00,56.67
20:23:27,12,24.72,0.00,12.36,0.00,0.00,5.62,0.00,0.00,0.00,57.30
20:23:27,13,21.35,0.00,14.61,0.00,0.00,5.62,0.00,0.00,0.00,58.43
20:23:27,14,20.45,0.00,15.91,0.00,0.00,5.68,0.00,0.00,0.00,57.95
20:23:27,15,20.45,0.00,17.05,0.00,0.00,4.55,0.00,0.00,0.00,57.95
20:23:28,4,22.73,0.00,18.18,0.00,0.00,4.55,0.00,0.00,0.00,54.55
20:23:28,5,25.29,0.00,17.24,0.00,0.00,5.75,0.00,0.00,0.00,51.72
20:23:28,6,20.88,0.00,19.78,0.00,0.00,5.49,0.00,0.00,0.00,53.85
20:23:28,7,22.73,0.00,14.77,0.00,0.00,5.68,0.00,0.00,0.00,56.82
20:23:28,12,25.27,0.00,16.48,0.00,0.00,4.40,0.00,0.00,0.00,53.85
20:23:28,13,24.42,0.00,15.12,0.00,0.00,4.65,0.00,0.00,0.00,55.81
20:23:28,14,22.47,0.00,16.85,0.00,0.00,5.62,0.00,0.00,0.00,55.06
20:23:28,15,21.35,0.00,16.85,1.12,0.00,5.62,0.00,0.00,0.00,55.06
20:23:29,4,18.39,0.00,16.09,0.00,0.00,6.90,0.00,0.00,0.00,58.62
20:23:29,5,21.74,0.00,16.30,0.00,0.00,5.43,0.00,0.00,0.00,56.52
20:23:29,6,20.45,0.00,15.91,0.00,0.00,5.68,0.00,0.00,0.00,57.95
20:23:29,7,19.32,0.00,18.18,0.00,0.00,3.41,0.00,0.00,0.00,59.09
20:23:29,12,20.22,0.00,15.73,0.00,0.00,5.62,0.00,0.00,0.00,58.43
20:23:29,13,22.73,0.00,15.91,0.00,0.00,4.55,0.00,0.00,0.00,56.82
20:23:29,14,21.98,0.00,16.48,0.00,0.00,5.49,0.00,0.00,0.00,56.04
20:23:29,15,20.22,0.00,15.73,0.00,0.00,5.62,0.00,0.00,0.00,58.43
20:23:30,4,22.22,0.00,16.67,0.00,0.00,4.44,0.00,0.00,0.00,56.67
20:23:30,5,20.69,0.00,16.09,0.00,0.00,5.75,0.00,0.00,0.00,57.47
20:23:30,6,21.98,0.00,16.48,0.00,0.00,5.49,0.00,0.00,0.00,56.04
20:23:30,7,19.32,0.00,17.05,0.00,0.00,4.55,0.00,0.00,0.00,59.09
20:23:30,12,23.91,0.00,17.39,0.00,0.00,4.35,0.00,0.00,0.00,54.35
20:23:30,13,21.35,0.00,15.73,0.00,0.00,4.49,0.00,0.00,0.00,58.43
20:23:30,14,20.88,0.00,18.68,0.00,0.00,4.40,0.00,0.00,0.00,56.04
20:23:30,15,22.47,0.00,15.73,0.00,0.00,3.37,0.00,0.00,0.00,58.43
20:23:31,4,22.58,0.00,17.20,0.00,0.00,5.38,0.00,0.00,0.00,54.84
20:23:31,5,19.32,0.00,17.05,0.00,0.00,5.68,0.00,0.00,0.00,57.95
20:23:31,6,21.35,0.00,16.85,0.00,0.00,5.62,0.00,0.00,0.00,56.18
20:23:31,7,21.11,0.00,16.67,0.00,0.00,4.44,0.00,0.00,0.00,57.78
20:23:31,12,20.45,0.00,17.05,0.00,0.00,5.68,0.00,0.00,0.00,56.82
20:23:31,13,20.93,0.00,16.28,0.00,0.00,5.81,0.00,0.00,0.00,56.98
20:23:31,14,22.47,0.00,17.98,0.00,0.00,3.37,0.00,0.00,0.00,56.18
20:23:31,15,20.45,0.00,17.05,0.00,0.00,4.55,0.00,0.00,0.00,57.95
20:23:32,4,23.60,0.00,16.85,0.00,0.00,4.49,0.00,0.00,0.00,55.06
20:23:32,5,22.09,0.00,17.44,0.00,0.00,4.65,0.00,0.00,0.00,55.81
20:23:32,6,20.69,0.00,16.09,0.00,0.00,5.75,0.00,0.00,0.00,57.47
20:23:32,7,20.00,0.00,16.67,0.00,0.00,5.56,0.00,0.00,0.00,57.78
20:23:32,12,20.65,0.00,19.57,0.00,0.00,5.43,0.00,0.00,0.00,54.35
20:23:32,13,22.73,0.00,17.05,0.00,0.00,4.55,0.00,0.00,0.00,55.68
20:23:32,14,20.22,0.00,16.85,0.00,0.00,5.62,0.00,0.00,0.00,57.30
20:23:32,15,20.45,0.00,15.91,0.00,0.00,5.68,0.00,0.00,0.00,57.95
20:23:33,4,24.71,0.00,16.47,0.00,0.00,3.53,0.00,0.00,0.00,55.29
20:23:33,5,19.32,0.00,19.32,0.00,0.00,5.68,0.00,0.00,0.00,55.68
20:23:33,6,22.09,0.00,16.28,0.00,0.00,4.65,0.00,0.00,0.00,56.98
20:23:33,7,21.35,0.00,16.85,0.00,0.00,5.62,0.00,0.00,0.00,56.18
20:23:33,12,23.53,0.00,16.47,0.00,0.00,4.71,0.00,0.00,0.00,55.29
20:23:33,13,23.26,0.00,16.28,0.00,0.00,4.65,0.00,0.00,0.00,55.81
20:23:33,14,24.18,0.00,16.48,1.10,0.00,5.49,0.00,0.00,0.00,52.75
20:23:33,15,22.73,0.00,15.91,0.00,0.00,5.68,0.00,0.00,0.00,55.68
20:23:34,4,23.33,0.00,16.67,0.00,0.00,3.33,0.00,0.00,0.00,56.67
20:23:34,5,23.08,0.00,15.38,0.00,0.00,5.49,0.00,0.00,0.00,56.04
20:23:34,6,21.35,0.00,14.61,0.00,0.00,5.62,0.00,0.00,0.00,58.43
20:23:34,7,20.00,0.00,17.78,0.00,0.00,4.44,0.00,0.00,0.00,57.78
20:23:34,12,19.78,0.00,16.48,0.00,0.00,7.69,0.00,0.00,0.00,56.04
20:23:34,13,21.98,0.00,17.58,0.00,0.00,4.40,0.00,0.00,0.00,56.04
20:23:34,14,22.47,0.00,16.85,0.00,0.00,4.49,0.00,0.00,0.00,56.18
20:23:34,15,20.00,0.00,16.67,0.00,0.00,5.56,0.00,0.00,0.00,57.78
20:23:35,4,19.77,0.00,16.28,0.00,0.00,4.65,0.00,0.00,0.00,59.30
20:23:35,5,21.98,0.00,17.58,0.00,0.00,4.40,0.00,0.00,0.00,56.04
20:23:35,6,20.88,0.00,17.58,0.00,0.00,5.49,0.00,0.00,0.00,56.04
20:23:35,7,20.45,0.00,15.91,0.00,0.00,4.55,0.00,0.00,0.00,59.09
20:23:35,12,20.45,0.00,17.05,0.00,0.00,4.55,0.00,0.00,0.00,57.95
20:23:35,13,21.84,0.00,14.94,0.00,0.00,5.75,0.00,0.00,0.00,57.47
20:23:35,14,19.77,0.00,15.12,0.00,0.00,4.65,0.00,0.00,0.00,60.47
20:23:35,15,17.44,0.00,16.28,0.00,0.00,5.81,0.00,0.00,0.00,60.47
20:23:36,4,21.98,0.00,17.58,0.00,0.00,4.40,0.00,0.00,0.00,56.04
20:23:36,5,22.47,0.00,15.73,0.00,0.00,5.62,0.00,0.00,0.00,56.18
20:23:36,6,21.59,0.00,17.05,0.00,0.00,4.55,0.00,0.00,0.00,56.82
20:23:36,7,21.59,0.00,14.77,0.00,0.00,4.55,0.00,0.00,0.00,59.09
20:23:36,12,19.77,0.00,16.28,0.00,0.00,4.65,0.00,0.00,0.00,59.30
20:23:36,13,20.88,0.00,17.58,0.00,0.00,6.59,0.00,0.00,0.00,54.95
20:23:36,14,21.35,0.00,16.85,0.00,0.00,5.62,0.00,0.00,0.00,56.18
20:23:36,15,20.93,0.00,15.12,0.00,0.00,4.65,0.00,0.00,0.00,59.30
20:23:37,4,22.73,0.00,15.91,0.00,0.00,5.68,0.00,0.00,0.00,55.68
20:23:37,5,21.35,0.00,17.98,0.00,0.00,4.49,0.00,0.00,0.00,56.18
20:23:37,6,22.09,0.00,15.12,0.00,0.00,5.81,0.00,0.00,0.00,56.98
20:23:37,7,18.18,0.00,17.05,0.00,0.00,5.68,0.00,0.00,0.00,59.09
20:23:37,12,20.65,0.00,18.48,0.00,0.00,5.43,0.00,0.00,0.00,55.43
20:23:37,13,21.18,0.00,16.47,0.00,0.00,5.88,0.00,0.00,0.00,56.47
20:23:37,14,21.11,0.00,16.67,0.00,0.00,6.67,0.00,0.00,0.00,55.56
20:23:37,15,21.59,0.00,13.64,0.00,0.00,5.68,0.00,0.00,0.00,59.09
20:23:38,4,21.98,0.00,17.58,0.00,0.00,5.49,0.00,0.00,0.00,54.95
20:23:38,5,22.09,0.00,16.28,0.00,0.00,4.65,0.00,0.00,0.00,56.98
20:23:38,6,23.33,0.00,15.56,1.11,0.00,5.56,0.00,0.00,0.00,54.44
20:23:38,7,24.44,0.00,15.56,0.00,0.00,5.56,0.00,0.00,0.00,54.44
20:23:38,12,22.22,0.00,16.67,0.00,0.00,5.56,0.00,0.00,0.00,55.56
20:23:38,13,25.27,0.00,15.38,0.00,0.00,4.40,0.00,0.00,0.00,54.95
20:23:38,14,22.47,0.00,17.98,0.00,0.00,3.37,0.00,0.00,0.00,56.18
20:23:38,15,22.47,0.00,15.73,0.00,0.00,5.62,0.00,0.00,0.00,56.18
20:23:39,4,20.69,0.00,16.09,0.00,0.00,5.75,0.00,0.00,0.00,57.47
20:23:39,5,22.22,0.00,16.67,0.00,0.00,4.44,0.00,0.00,0.00,56.67
20:23:39,6,19.54,0.00,16.09,0.00,0.00,5.75,0.00,0.00,0.00,58.62
20:23:39,7,21.98,0.00,15.38,0.00,0.00,4.40,0.00,0.00,0.00,58.24
20:23:39,12,20.45,0.00,15.91,0.00,0.00,5.68,0.00,0.00,0.00,57.95
20:23:39,13,21.59,0.00,15.91,0.00,0.00,4.55,0.00,0.00,0.00,57.95
20:23:39,14,22.22,0.00,16.67,0.00,0.00,4.44,0.00,0.00,0.00,56.67
20:23:39,15,21.35,0.00,15.73,0.00,0.00,5.62,0.00,0.00,0.00,57.30
20:23:40,4,19.77,0.00,17.44,0.00,0.00,4.65,0.00,0.00,0.00,58.14
20:23:40,5,20.00,0.00,20.00,0.00,0.00,4.44,0.00,0.00,0.00,55.56
20:23:40,6,20.88,0.00,16.48,0.00,0.00,5.49,0.00,0.00,0.00,57.14
20:23:40,7,20.88,0.00,16.48,0.00,0.00,4.40,0.00,0.00,0.00,58.24
20:23:40,12,19.54,0.00,16.09,0.00,0.00,6.90,0.00,0.00,0.00,57.47
20:23:40,13,21.59,0.00,14.77,0.00,0.00,5.68,0.00,0.00,0.00,57.95
20:23:40,14,20.88,0.00,15.38,0.00,0.00,6.59,0.00,0.00,0.00,57.14
20:23:40,15,21.11,0.00,15.56,0.00,0.00,4.44,0.00,0.00,0.00,58.89
20:23:41,4,20.69,0.00,16.09,0.00,0.00,4.60,0.00,0.00,0.00,58.62
20:23:41,5,21.84,0.00,14.94,0.00,0.00,4.60,0.00,0.00,0.00,58.62
20:23:41,6,20.00,0.00,16.67,0.00,0.00,5.56,0.00,0.00,0.00,57.78
20:23:41,7,21.59,0.00,14.77,0.00,0.00,5.68,0.00,0.00,0.00,57.95
20:23:41,12,22.22,0.00,14.44,0.00,0.00,6.67,0.00,0.00,0.00,56.67
20:23:41,13,22.47,0.00,15.73,0.00,0.00,4.49,0.00,0.00,0.00,57.30
20:23:41,14,21.51,0.00,17.20,0.00,0.00,5.38,0.00,0.00,0.00,55.91
20:23:41,15,21.11,0.00,16.67,0.00,0.00,4.44,0.00,0.00,0.00,57.78
20:23:42,4,20.22,0.00,17.98,0.00,0.00,5.62,0.00,0.00,0.00,56.18
20:23:42,5,22.99,0.00,14.94,1.15,0.00,3.45,0.00,0.00,0.00,57.47
20:23:42,6,22.83,0.00,16.30,0.00,0.00,5.43,0.00,0.00,0.00,55.43
20:23:42,7,21.35,0.00,16.85,0.00,0.00,4.49,0.00,0.00,0.00,57.30
20:23:42,12,21.11,0.00,18.89,0.00,0.00,4.44,0.00,0.00,0.00,55.56
20:23:42,13,22.99,0.00,14.94,0.00,0.00,4.60,0.00,0.00,0.00,57.47
20:23:42,14,20.69,0.00,17.24,0.00,0.00,4.60,0.00,0.00,0.00,57.47
20:23:42,15,20.69,0.00,14.94,0.00,0.00,5.75,0.00,0.00,0.00,58.62
20:23:43,4,23.66,0.00,18.28,0.00,0.00,5.38,0.00,0.00,0.00,52.69
20:23:43,5,24.44,0.00,17.78,1.11,0.00,6.67,0.00,0.00,0.00,50.00
20:23:43,6,21.18,0.00,18.82,0.00,0.00,4.71,0.00,0.00,0.00,55.29
20:23:43,7,21.84,0.00,17.24,0.00,0.00,4.60,0.00,0.00,0.00,56.32
20:23:43,12,23.08,0.00,18.68,0.00,0.00,4.40,0.00,0.00,0.00,53.85
20:23:43,13,21.59,0.00,18.18,0.00,0.00,6.82,0.00,0.00,0.00,53.41
20:23:43,14,23.33,0.00,15.56,0.00,0.00,6.67,0.00,0.00,0.00,54.44
20:23:43,15,21.18,0.00,17.65,0.00,0.00,4.71,0.00,0.00,0.00,56.47
20:23:44,4,22.22,0.00,16.67,0.00,0.00,5.56,0.00,0.00,0.00,55.56
20:23:44,5,22.83,0.00,17.39,0.00,0.00,5.43,0.00,0.00,0.00,54.35
20:23:44,6,20.69,0.00,17.24,0.00,0.00,3.45,0.00,0.00,0.00,58.62
20:23:44,7,20.88,0.00,15.38,0.00,0.00,5.49,0.00,0.00,0.00,58.24
20:23:44,12,24.18,0.00,15.38,0.00,0.00,5.49,0.00,0.00,0.00,54.95
20:23:44,13,23.08,0.00,16.48,0.00,0.00,5.49,0.00,0.00,0.00,54.95
20:23:44,14,21.59,0.00,15.91,0.00,0.00,4.55,0.00,0.00,0.00,57.95
20:23:44,15,20.45,0.00,15.91,0.00,0.00,4.55,0.00,0.00,0.00,59.09
20:23:45,4,20.22,0.00,16.85,0.00,0.00,5.62,0.00,0.00,0.00,57.30
20:23:45,5,20.45,0.00,17.05,0.00,0.00,3.41,0.00,0.00,0.00,59.09
20:23:45,6,21.35,0.00,16.85,0.00,0.00,4.49,0.00,0.00,0.00,57.30
20:23:45,7,19.54,0.00,16.09,0.00,0.00,5.75,0.00,0.00,0.00,58.62
20:23:45,12,19.10,0.00,17.98,0.00,0.00,4.49,0.00,0.00,0.00,58.43
20:23:45,13,22.22,0.00,16.67,0.00,0.00,4.44,0.00,0.00,0.00,56.67
20:23:45,14,20.45,0.00,14.77,0.00,0.00,5.68,0.00,0.00,0.00,59.09
20:23:45,15,20.93,0.00,16.28,0.00,0.00,3.49,0.00,0.00,0.00,59.30
20:23:46,4,21.51,0.00,16.13,0.00,0.00,7.53,0.00,0.00,0.00,54.84
20:23:46,5,20.24,0.00,16.67,0.00,0.00,4.76,0.00,0.00,0.00,58.33
20:23:46,6,22.73,0.00,15.91,0.00,0.00,4.55,0.00,0.00,0.00,56.82
20:23:46,7,21.35,0.00,15.73,0.00,0.00,5.62,0.00,0.00,0.00,57.30
20:23:46,12,22.22,0.00,16.67,0.00,0.00,5.56,0.00,0.00,0.00,55.56
20:23:46,13,21.59,0.00,18.18,0.00,0.00,4.55,0.00,0.00,0.00,55.68
20:23:46,14,21.59,0.00,15.91,0.00,0.00,5.68,0.00,0.00,0.00,56.82
20:23:46,15,22.47,0.00,14.61,0.00,0.00,4.49,0.00,0.00,0.00,58.43
20:23:47,4,22.35,0.00,15.29,0.00,0.00,3.53,0.00,0.00,0.00,58.82
20:23:47,5,20.45,0.00,17.05,0.00,0.00,4.55,0.00,0.00,0.00,57.95
20:23:47,6,22.83,0.00,17.39,0.00,0.00,5.43,0.00,0.00,0.00,54.35
20:23:47,7,18.18,0.00,17.05,0.00,0.00,5.68,0.00,0.00,0.00,59.09
20:23:47,12,22.35,0.00,15.29,0.00,0.00,3.53,0.00,0.00,0.00,58.82
20:23:47,13,22.47,0.00,19.10,0.00,0.00,3.37,0.00,0.00,0.00,55.06
20:23:47,14,21.11,0.00,17.78,0.00,0.00,4.44,0.00,0.00,0.00,56.67
20:23:47,15,18.82,0.00,15.29,0.00,0.00,4.71,0.00,0.00,0.00,61.18
20:23:48,4,21.35,0.00,19.10,0.00,0.00,5.62,0.00,0.00,0.00,53.93
20:23:48,5,25.27,0.00,17.58,0.00,0.00,5.49,0.00,0.00,0.00,51.65
20:23:48,6,24.44,0.00,17.78,0.00,0.00,4.44,0.00,0.00,0.00,53.33
20:23:48,7,20.45,0.00,18.18,0.00,0.00,5.68,0.00,0.00,0.00,55.68
20:23:48,12,23.08,0.00,17.58,0.00,0.00,6.59,0.00,0.00,0.00,52.75
20:23:48,13,22.73,0.00,14.77,2.27,0.00,5.68,0.00,0.00,0.00,54.55
20:23:48,14,26.44,0.00,17.24,0.00,0.00,4.60,0.00,0.00,0.00,51.72
20:23:48,15,20.00,0.00,17.78,0.00,0.00,7.78,0.00,0.00,0.00,54.44
20:23:49,4,25.27,0.00,14.29,0.00,0.00,6.59,0.00,0.00,0.00,53.85
20:23:49,5,21.59,0.00,15.91,0.00,0.00,5.68,0.00,0.00,0.00,56.82
20:23:49,6,22.83,0.00,16.30,0.00,0.00,5.43,0.00,0.00,0.00,55.43
20:23:49,7,20.45,0.00,17.05,0.00,0.00,4.55,0.00,0.00,0.00,57.95
20:23:49,12,21.35,0.00,16.85,0.00,0.00,4.49,0.00,0.00,0.00,57.30
20:23:49,13,21.59,0.00,15.91,0.00,0.00,5.68,0.00,0.00,0.00,56.82
20:23:49,14,21.35,0.00,15.73,0.00,0.00,5.62,0.00,0.00,0.00,57.30
20:23:49,15,22.35,0.00,14.12,0.00,0.00,3.53,0.00,0.00,0.00,60.00
20:23:50,4,20.93,0.00,17.44,0.00,0.00,4.65,0.00,0.00,0.00,56.98
20:23:50,5,20.93,0.00,19.77,0.00,0.00,3.49,0.00,0.00,0.00,55.81
20:23:50,6,26.14,0.00,11.36,0.00,0.00,5.68,0.00,0.00,0.00,56.82
20:23:50,7,22.22,0.00,17.78,0.00,0.00,3.33,0.00,0.00,0.00,56.67
20:23:50,12,21.84,0.00,17.24,0.00,0.00,4.60,0.00,0.00,0.00,56.32
20:23:50,13,23.86,0.00,15.91,0.00,0.00,4.55,0.00,0.00,0.00,55.68
20:23:50,14,22.09,0.00,15.12,0.00,0.00,4.65,0.00,0.00,0.00,58.14
20:23:50,15,20.45,0.00,17.05,0.00,0.00,5.68,0.00,0.00,0.00,56.82
20:23:51,4,18.89,0.00,17.78,0.00,0.00,6.67,0.00,0.00,0.00,56.67
20:23:51,5,19.32,0.00,17.05,0.00,0.00,5.68,0.00,0.00,0.00,57.95
20:23:51,6,21.84,0.00,17.24,0.00,0.00,3.45,0.00,0.00,0.00,57.47
20:23:51,7,19.32,0.00,17.05,0.00,0.00,4.55,0.00,0.00,0.00,59.09
20:23:51,12,21.59,0.00,14.77,0.00,0.00,5.68,0.00,0.00,0.00,57.95
20:23:51,13,22.22,0.00,17.78,0.00,0.00,4.44,0.00,0.00,0.00,55.56
20:23:51,14,21.11,0.00,16.67,0.00,0.00,6.67,0.00,0.00,0.00,55.56
20:23:51,15,20.00,0.00,17.78,0.00,0.00,5.56,0.00,0.00,0.00,56.67
20:23:52,4,21.98,0.00,16.48,0.00,0.00,6.59,0.00,0.00,0.00,54.95
20:23:52,5,21.35,0.00,16.85,0.00,0.00,5.62,0.00,0.00,0.00,56.18
20:23:52,6,20.88,0.00,18.68,0.00,0.00,5.49,0.00,0.00,0.00,54.95
20:23:52,7,20.65,0.00,17.39,1.09,0.00,6.52,0.00,0.00,0.00,54.35
20:23:52,12,23.33,0.00,16.67,0.00,0.00,4.44,0.00,0.00,0.00,55.56
20:23:52,13,23.60,0.00,15.73,0.00,0.00,4.49,0.00,0.00,0.00,56.18
20:23:52,14,23.26,0.00,15.12,0.00,0.00,4.65,0.00,0.00,0.00,56.98
20:23:52,15,24.44,0.00,14.44,0.00,0.00,5.56,0.00,0.00,0.00,55.56
20:23:53,4,20.93,0.00,17.44,0.00,0.00,4.65,0.00,0.00,0.00,56.98
20:23:53,5,22.35,0.00,16.47,0.00,0.00,4.71,0.00,0.00,0.00,56.47
20:23:53,6,22.73,0.00,17.05,0.00,0.00,4.55,0.00,0.00,0.00,55.68
20:23:53,7,20.93,0.00,16.28,0.00,0.00,5.81,0.00,0.00,0.00,56.98
20:23:53,12,21.84,0.00,19.54,0.00,0.00,4.60,0.00,0.00,0.00,54.02
20:23:53,13,25.29,0.00,18.39,0.00,0.00,3.45,0.00,0.00,0.00,52.87
20:23:53,14,24.72,0.00,15.73,0.00,0.00,5.62,0.00,0.00,0.00,53.93
20:23:53,15,23.86,0.00,15.91,0.00,0.00,4.55,0.00,0.00,0.00,55.68
20:23:54,4,20.22,0.00,16.85,0.00,0.00,6.74,0.00,0.00,0.00,56.18
20:23:54,5,21.35,0.00,16.85,0.00,0.00,5.62,0.00,0.00,0.00,56.18
20:23:54,6,21.35,0.00,15.73,0.00,0.00,5.62,0.00,0.00,0.00,57.30
20:23:54,7,19.32,0.00,17.05,0.00,0.00,4.55,0.00,0.00,0.00,59.09
20:23:54,12,21.59,0.00,15.91,0.00,0.00,4.55,0.00,0.00,0.00,57.95
20:23:54,13,20.45,0.00,17.05,0.00,0.00,4.55,0.00,0.00,0.00,57.95
20:23:54,14,22.47,0.00,15.73,0.00,0.00,5.62,0.00,0.00,0.00,56.18
20:23:54,15,20.22,0.00,15.73,0.00,0.00,5.62,0.00,0.00,0.00,58.43
20:23:55,4,21.59,0.00,18.18,0.00,0.00,4.55,0.00,0.00,0.00,55.68
20:23:55,5,22.22,0.00,16.67,0.00,0.00,5.56,0.00,0.00,0.00,55.56
20:23:55,6,22.22,0.00,15.56,0.00,0.00,5.56,0.00,0.00,0.00,56.67
20:23:55,7,21.11,0.00,16.67,0.00,0.00,4.44,0.00,0.00,0.00,57.78
20:23:55,12,21.35,0.00,16.85,0.00,0.00,5.62,0.00,0.00,0.00,56.18
20:23:55,13,21.84,0.00,16.09,0.00,0.00,4.60,0.00,0.00,0.00,57.47
20:23:55,14,20.69,0.00,17.24,0.00,0.00,4.60,0.00,0.00,0.00,57.47
20:23:55,15,19.54,0.00,17.24,0.00,0.00,4.60,0.00,0.00,0.00,58.62
20:23:56,4,20.45,0.00,14.77,0.00,0.00,4.55,0.00,0.00,0.00,60.23
20:23:56,5,20.22,0.00,16.85,0.00,0.00,5.62,0.00,0.00,0.00,57.30
20:23:56,6,22.47,0.00,15.73,0.00,0.00,4.49,0.00,0.00,0.00,57.30
20:23:56,7,22.47,0.00,13.48,0.00,0.00,3.37,0.00,0.00,0.00,60.67
20:23:56,12,22.83,0.00,17.39,0.00,0.00,4.35,0.00,0.00,0.00,55.43
20:23:56,13,21.59,0.00,15.91,0.00,0.00,3.41,0.00,0.00,0.00,59.09
20:23:56,14,19.77,0.00,15.12,0.00,0.00,4.65,0.00,0.00,0.00,60.47
20:23:56,15,21.35,0.00,13.48,0.00,0.00,4.49,0.00,0.00,0.00,60.67
20:23:57,4,20.45,0.00,18.18,0.00,0.00,5.68,0.00,0.00,0.00,55.68
20:23:57,5,20.69,0.00,18.39,0.00,0.00,4.60,0.00,0.00,0.00,56.32
20:23:57,6,23.86,0.00,15.91,1.14,0.00,3.41,0.00,0.00,0.00,55.68
20:23:57,7,19.10,0.00,16.85,0.00,0.00,6.74,0.00,0.00,0.00,57.30
20:23:57,12,21.35,0.00,15.73,0.00,0.00,6.74,0.00,0.00,0.00,56.18
20:23:57,13,24.44,0.00,14.44,0.00,0.00,5.56,0.00,0.00,0.00,55.56
20:23:57,14,22.73,0.00,15.91,0.00,0.00,4.55,0.00,0.00,0.00,56.82
20:23:57,15,19.54,0.00,13.79,0.00,0.00,5.75,0.00,0.00,0.00,60.92
20:23:58,4,26.74,0.00,18.60,1.16,0.00,3.49,0.00,0.00,0.00,50.00
20:23:58,5,23.33,0.00,16.67,0.00,0.00,6.67,0.00,0.00,0.00,53.33
20:23:58,6,22.73,0.00,17.05,0.00,0.00,5.68,0.00,0.00,0.00,54.55
20:23:58,7,19.10,0.00,19.10,0.00,0.00,4.49,0.00,0.00,0.00,57.30
20:23:58,12,24.18,0.00,17.58,0.00,0.00,5.49,0.00,0.00,0.00,52.75
20:23:58,13,23.60,0.00,16.85,0.00,0.00,4.49,0.00,0.00,0.00,55.06
20:23:58,14,23.08,0.00,17.58,0.00,0.00,5.49,0.00,0.00,0.00,53.85
20:23:58,15,21.84,0.00,17.24,0.00,0.00,4.60,0.00,0.00,0.00,56.32
20:23:59,4,22.22,0.00,15.56,0.00,0.00,5.56,0.00,0.00,0.00,56.67
20:23:59,5,20.69,0.00,18.39,0.00,0.00,3.45,0.00,0.00,0.00,57.47
20:23:59,6,20.88,0.00,18.68,0.00,0.00,4.40,0.00,0.00,0.00,56.04
20:23:59,7,19.54,0.00,14.94,0.00,0.00,5.75,0.00,0.00,0.00,59.77
20:23:59,12,25.56,0.00,15.56,0.00,0.00,5.56,0.00,0.00,0.00,53.33
20:23:59,13,21.11,0.00,17.78,0.00,0.00,4.44,0.00,0.00,0.00,56.67
20:23:59,14,21.59,0.00,17.05,0.00,0.00,4.55,0.00,0.00,0.00,56.82
20:23:59,15,20.22,0.00,16.85,0.00,0.00,4.49,0.00,0.00,0.00,58.43
20:24:00,4,23.08,0.00,16.48,0.00,0.00,4.40,0.00,0.00,0.00,56.04
20:24:00,5,22.47,0.00,14.61,0.00,0.00,4.49,0.00,0.00,0.00,58.43
20:24:00,6,18.39,0.00,17.24,0.00,0.00,5.75,0.00,0.00,0.00,58.62
20:24:00,7,19.54,0.00,14.94,0.00,0.00,5.75,0.00,0.00,0.00,59.77
20:24:00,12,22.83,0.00,17.39,0.00,0.00,5.43,0.00,0.00,0.00,54.35
20:24:00,13,22.09,0.00,13.95,0.00,0.00,4.65,0.00,0.00,0.00,59.30
20:24:00,14,21.59,0.00,14.77,0.00,0.00,5.68,0.00,0.00,0.00,57.95
20:24:00,15,21.11,0.00,16.67,0.00,0.00,4.44,0.00,0.00,0.00,57.78
20:24:01,4,21.59,0.00,17.05,0.00,0.00,5.68,0.00,0.00,0.00,55.68
20:24:01,5,20.69,0.00,17.24,0.00,0.00,4.60,0.00,0.00,0.00,57.47
20:24:01,6,20.45,0.00,17.05,0.00,0.00,5.68,0.00,0.00,0.00,56.82
20:24:01,7,20.22,0.00,17.98,0.00,0.00,4.49,0.00,0.00,0.00,57.30
20:24:01,12,20.22,0.00,19.10,0.00,0.00,4.49,0.00,0.00,0.00,56.18
20:24:01,13,21.98,0.00,18.68,0.00,0.00,5.49,0.00,0.00,0.00,53.85
20:24:01,14,21.11,0.00,16.67,0.00,0.00,5.56,0.00,0.00,0.00,56.67
20:24:01,15,20.43,0.00,19.35,0.00,0.00,4.30,0.00,0.00,0.00,55.91
20:24:02,4,22.47,0.00,16.85,0.00,0.00,4.49,0.00,0.00,0.00,56.18
20:24:02,5,21.59,0.00,17.05,0.00,0.00,4.55,0.00,0.00,0.00,56.82
20:24:02,6,19.54,0.00,14.94,0.00,0.00,5.75,0.00,0.00,0.00,59.77
20:24:02,7,21.11,0.00,16.67,0.00,0.00,4.44,0.00,0.00,0.00,57.78
20:24:02,12,22.83,0.00,17.39,1.09,0.00,5.43,0.00,0.00,0.00,53.26
20:24:02,13,22.73,0.00,15.91,0.00,0.00,5.68,0.00,0.00,0.00,55.68
20:24:02,14,19.54,0.00,18.39,1.15,0.00,4.60,0.00,0.00,0.00,56.32
20:24:02,15,18.60,0.00,16.28,0.00,0.00,5.81,0.00,0.00,0.00,59.30
20:24:03,4,23.33,0.00,17.78,0.00,0.00,5.56,0.00,0.00,0.00,53.33
20:24:03,5,18.39,0.00,18.39,0.00,0.00,6.90,0.00,0.00,0.00,56.32
20:24:03,6,22.09,0.00,15.12,0.00,0.00,5.81,0.00,0.00,0.00,56.98
20:24:03,7,22.47,0.00,15.73,0.00,0.00,5.62,0.00,0.00,0.00,56.18
20:24:03,12,24.72,0.00,16.85,0.00,0.00,5.62,0.00,0.00,0.00,52.81
20:24:03,13,26.14,0.00,19.32,0.00,0.00,4.55,0.00,0.00,0.00,50.00
20:24:03,14,23.60,0.00,16.85,0.00,0.00,4.49,0.00,0.00,0.00,55.06
20:24:03,15,21.98,0.00,18.68,0.00,0.00,4.40,0.00,0.00,0.00,54.95
20:24:04,4,21.35,0.00,16.85,0.00,0.00,5.62,0.00,0.00,0.00,56.18
20:24:04,5,21.35,0.00,16.85,0.00,0.00,5.62,0.00,0.00,0.00,56.18
20:24:04,6,21.74,0.00,16.30,0.00,0.00,5.43,0.00,0.00,0.00,56.52
20:24:04,7,21.11,0.00,15.56,0.00,0.00,5.56,0.00,0.00,0.00,57.78
20:24:04,12,22.73,0.00,17.05,0.00,0.00,3.41,0.00,0.00,0.00,56.82
20:24:04,13,21.59,0.00,15.91,0.00,0.00,4.55,0.00,0.00,0.00,57.95
20:24:04,14,22.22,0.00,14.44,0.00,0.00,6.67,0.00,0.00,0.00,56.67
20:24:04,15,20.88,0.00,16.48,0.00,0.00,5.49,0.00,0.00,0.00,57.14
20:24:05,4,20.88,0.00,16.48,0.00,0.00,5.49,0.00,0.00,0.00,57.14
20:24:05,5,21.84,0.00,14.94,0.00,0.00,4.60,0.00,0.00,0.00,58.62
20:24:05,6,23.33,0.00,15.56,0.00,0.00,4.44,0.00,0.00,0.00,56.67
20:24:05,7,21.59,0.00,15.91,0.00,0.00,4.55,0.00,0.00,0.00,57.95
20:24:05,12,20.69,0.00,14.94,0.00,0.00,4.60,0.00,0.00,0.00,59.77
20:24:05,13,21.84,0.00,13.79,0.00,0.00,5.75,0.00,0.00,0.00,58.62
20:24:05,14,22.22,0.00,15.56,0.00,0.00,4.44,0.00,0.00,0.00,57.78
20:24:05,15,23.86,0.00,13.64,0.00,0.00,4.55,0.00,0.00,0.00,57.95
20:24:06,4,21.35,0.00,15.73,0.00,0.00,5.62,0.00,0.00,0.00,57.30
20:24:06,5,21.11,0.00,18.89,0.00,0.00,3.33,0.00,0.00,0.00,56.67
20:24:06,6,19.78,0.00,18.68,0.00,0.00,5.49,0.00,0.00,0.00,56.04
20:24:06,7,21.59,0.00,14.77,0.00,0.00,5.68,0.00,0.00,0.00,57.95
20:24:06,12,20.22,0.00,17.98,0.00,0.00,6.74,0.00,0.00,0.00,55.06
20:24:06,13,22.22,0.00,15.56,0.00,0.00,5.56,0.00,0.00,0.00,56.67
20:24:06,14,20.45,0.00,17.05,0.00,0.00,5.68,0.00,0.00,0.00,56.82
20:24:06,15,20.69,0.00,16.09,0.00,0.00,4.60,0.00,0.00,0.00,58.62
20:24:07,4,22.09,0.00,15.12,0.00,0.00,4.65,0.00,0.00,0.00,58.14
20:24:07,5,19.77,0.00,17.44,0.00,0.00,4.65,0.00,0.00,0.00,58.14
20:24:07,6,21.59,0.00,17.05,0.00,0.00,5.68,0.00,0.00,0.00,55.68
20:24:07,7,19.32,0.00,17.05,0.00,0.00,3.41,0.00,0.00,0.00,60.23
20:24:07,12,23.33,0.00,17.78,0.00,0.00,4.44,0.00,0.00,0.00,54.44
20:24:07,13,19.77,0.00,18.60,0.00,0.00,5.81,0.00,0.00,0.00,55.81
20:24:07,14,22.47,0.00,14.61,1.12,0.00,5.62,0.00,0.00,0.00,56.18
20:24:07,15,21.98,0.00,15.38,1.10,0.00,5.49,0.00,0.00,0.00,56.04
20:24:08,4,21.35,0.00,15.73,0.00,0.00,5.62,0.00,0.00,0.00,57.30
20:24:08,5,21.35,0.00,16.85,0.00,0.00,4.49,0.00,0.00,0.00,57.30
20:24:08,6,22.73,0.00,15.91,0.00,0.00,4.55,0.00,0.00,0.00,56.82
20:24:08,7,21.11,0.00,17.78,0.00,0.00,4.44,0.00,0.00,0.00,56.67
20:24:08,12,19.77,0.00,16.28,0.00,0.00,4.65,0.00,0.00,0.00,59.30
20:24:08,13,21.11,0.00,16.67,0.00,0.00,5.56,0.00,0.00,0.00,56.67
20:24:08,14,19.78,0.00,18.68,0.00,0.00,6.59,0.00,0.00,0.00,54.95
20:24:08,15,19.78,0.00,18.68,0.00,0.00,6.59,0.00,0.00,0.00,54.95
20:24:09,4,22.35,0.00,16.47,0.00,0.00,3.53,0.00,0.00,0.00,57.65
20:24:09,5,22.09,0.00,16.28,0.00,0.00,4.65,0.00,0.00,0.00,56.98
20:24:09,6,23.91,0.00,19.57,0.00,0.00,5.43,0.00,0.00,0.00,51.09
20:24:09,7,21.59,0.00,17.05,0.00,0.00,4.55,0.00,0.00,0.00,56.82
20:24:09,12,23.08,0.00,17.58,1.10,0.00,4.40,0.00,0.00,0.00,53.85
20:24:09,13,23.60,0.00,15.73,0.00,0.00,5.62,0.00,0.00,0.00,55.06
20:24:09,14,23.86,0.00,17.05,0.00,0.00,3.41,0.00,0.00,0.00,55.68
20:24:09,15,21.59,0.00,17.05,0.00,0.00,4.55,0.00,0.00,0.00,56.82
20:24:10,4,20.00,0.00,18.89,0.00,0.00,4.44,0.00,0.00,0.00,56.67
20:24:10,5,21.11,0.00,16.67,0.00,0.00,5.56,0.00,0.00,0.00,56.67
20:24:10,6,22.22,0.00,16.67,0.00,0.00,4.44,0.00,0.00,0.00,56.67
20:24:10,7,21.11,0.00,16.67,0.00,0.00,4.44,0.00,0.00,0.00,57.78
20:24:10,12,22.47,0.00,16.85,0.00,0.00,4.49,0.00,0.00,0.00,56.18
20:24:10,13,21.35,0.00,15.73,0.00,0.00,5.62,0.00,0.00,0.00,57.30
20:24:10,14,23.33,0.00,16.67,0.00,0.00,4.44,0.00,0.00,0.00,55.56
20:24:10,15,22.73,0.00,14.77,0.00,0.00,4.55,0.00,0.00,0.00,57.95
20:24:11,4,21.11,0.00,16.67,0.00,0.00,5.56,0.00,0.00,0.00,56.67
20:24:11,5,19.77,0.00,17.44,0.00,0.00,4.65,0.00,0.00,0.00,58.14
20:24:11,6,22.22,0.00,15.56,0.00,0.00,5.56,0.00,0.00,0.00,56.67
20:24:11,7,19.10,0.00,15.73,0.00,0.00,6.74,0.00,0.00,0.00,58.43
20:24:11,12,20.00,0.00,17.78,0.00,0.00,5.56,0.00,0.00,0.00,56.67
20:24:11,13,20.69,0.00,17.24,0.00,0.00,4.60,0.00,0.00,0.00,57.47
20:24:11,14,22.22,0.00,15.56,0.00,0.00,5.56,0.00,0.00,0.00,56.67
20:24:11,15,21.59,0.00,13.64,0.00,0.00,5.68,0.00,0.00,0.00,59.09
20:24:12,4,22.47,0.00,15.73,0.00,0.00,5.62,0.00,0.00,0.00,56.18
20:24:12,5,22.47,0.00,15.73,0.00,0.00,4.49,0.00,0.00,0.00,57.30
20:24:12,6,21.11,0.00,16.67,0.00,0.00,6.67,0.00,0.00,0.00,55.56
20:24:12,7,23.33,0.00,15.56,0.00,0.00,4.44,0.00,0.00,0.00,56.67
20:24:12,12,21.59,0.00,15.91,1.14,0.00,4.55,0.00,0.00,0.00,56.82
20:24:12,13,20.22,0.00,17.98,0.00,0.00,6.74,0.00,0.00,0.00,55.06
20:24:12,14,19.32,0.00,18.18,0.00,0.00,4.55,0.00,0.00,0.00,57.95
20:24:12,15,21.35,0.00,16.85,0.00,0.00,4.49,0.00,0.00,0.00,57.30
20:24:13,4,20.45,0.00,17.05,0.00,0.00,6.82,0.00,0.00,0.00,55.68
20:24:13,5,21.35,0.00,15.73,0.00,0.00,6.74,0.00,0.00,0.00,56.18
20:24:13,6,20.45,0.00,14.77,0.00,0.00,6.82,0.00,0.00,0.00,57.95
20:24:13,7,20.43,0.00,17.20,0.00,0.00,6.45,0.00,0.00,0.00,55.91
20:24:13,12,23.08,0.00,16.48,0.00,0.00,6.59,0.00,0.00,0.00,53.85
20:24:13,13,20.22,0.00,17.98,0.00,0.00,5.62,0.00,0.00,0.00,56.18
20:24:13,14,19.77,0.00,16.28,0.00,0.00,4.65,0.00,0.00,0.00,59.30
20:24:13,15,20.00,0.00,17.78,0.00,0.00,5.56,0.00,0.00,0.00,56.67
20:24:14,4,22.22,0.00,16.67,0.00,0.00,5.56,0.00,0.00,0.00,55.56
20:24:14,5,20.45,0.00,18.18,0.00,0.00,5.68,0.00,0.00,0.00,55.68
20:24:14,6,22.73,0.00,17.05,0.00,0.00,4.55,0.00,0.00,0.00,55.68
20:24:14,7,19.77,0.00,16.28,1.16,0.00,5.81,0.00,0.00,0.00,56.98
20:24:14,12,21.74,0.00,19.57,0.00,0.00,5.43,0.00,0.00,0.00,53.26
20:24:14,13,23.33,0.00,18.89,0.00,0.00,4.44,0.00,0.00,0.00,53.33
20:24:14,14,22.22,0.00,17.78,0.00,0.00,5.56,0.00,0.00,0.00,54.44
20:24:14,15,22.22,0.00,14.44,0.00,0.00,6.67,0.00,0.00,0.00,56.67
20:24:15,4,19.10,0.00,16.85,0.00,0.00,6.74,0.00,0.00,0.00,57.30
20:24:15,5,21.11,0.00,16.67,0.00,0.00,5.56,0.00,0.00,0.00,56.67
20:24:15,6,23.60,0.00,15.73,0.00,0.00,4.49,0.00,0.00,0.00,56.18
20:24:15,7,22.83,0.00,16.30,0.00,0.00,4.35,0.00,0.00,0.00,56.52
20:24:15,12,24.44,0.00,14.44,0.00,0.00,5.56,0.00,0.00,0.00,55.56
20:24:15,13,19.77,0.00,16.28,0.00,0.00,5.81,0.00,0.00,0.00,58.14
20:24:15,14,20.93,0.00,16.28,0.00,0.00,4.65,0.00,0.00,0.00,58.14
20:24:15,15,19.77,0.00,15.12,0.00,0.00,5.81,0.00,0.00,0.00,59.30
20:24:16,4,22.22,0.00,16.67,0.00,0.00,6.67,0.00,0.00,0.00,54.44
20:24:16,5,20.45,0.00,19.32,0.00,0.00,3.41,0.00,0.00,0.00,56.82
20:24:16,6,21.51,0.00,19.35,0.00,0.00,4.30,0.00,0.00,0.00,54.84
20:24:16,7,19.10,0.00,16.85,0.00,0.00,5.62,0.00,0.00,0.00,58.43
20:24:16,12,21.98,0.00,18.68,0.00,0.00,5.49,0.00,0.00,0.00,53.85
20:24:16,13,20.45,0.00,17.05,0.00,0.00,5.68,0.00,0.00,0.00,56.82
20:24:16,14,22.09,0.00,15.12,0.00,0.00,4.65,0.00,0.00,0.00,58.14
20:24:16,15,20.22,0.00,17.98,0.00,0.00,4.49,0.00,0.00,0.00,57.30
20:24:17,4,23.60,0.00,14.61,0.00,0.00,4.49,0.00,0.00,0.00,57.30
20:24:17,5,19.32,0.00,17.05,0.00,0.00,4.55,0.00,0.00,0.00,59.09
20:24:17,6,18.39,0.00,16.09,0.00,0.00,5.75,0.00,0.00,0.00,59.77
20:24:17,7,20.88,0.00,16.48,0.00,0.00,4.40,0.00,0.00,0.00,58.24
20:24:17,12,22.47,0.00,15.73,0.00,0.00,4.49,0.00,0.00,0.00,57.30
20:24:17,13,24.18,0.00,15.38,0.00,0.00,5.49,0.00,0.00,0.00,54.95
20:24:17,14,21.11,0.00,15.56,0.00,0.00,6.67,0.00,0.00,0.00,56.67
20:24:17,15,19.10,0.00,16.85,0.00,0.00,5.62,0.00,0.00,0.00,58.43
20:24:18,4,21.98,0.00,16.48,0.00,0.00,5.49,0.00,0.00,0.00,56.04
20:24:18,5,21.98,0.00,15.38,0.00,0.00,6.59,0.00,0.00,0.00,56.04
20:24:18,6,22.62,0.00,13.10,0.00,0.00,4.76,0.00,0.00,0.00,59.52
20:24:18,7,20.45,0.00,13.64,0.00,0.00,7.95,0.00,0.00,0.00,57.95
20:24:18,12,21.35,0.00,15.73,0.00,0.00,5.62,0.00,0.00,0.00,57.30
20:24:18,13,20.45,0.00,15.91,0.00,0.00,6.82,0.00,0.00,0.00,56.82
20:24:18,14,22.73,0.00,15.91,0.00,0.00,4.55,0.00,0.00,0.00,56.82
20:24:18,15,20.45,0.00,17.05,0.00,0.00,4.55,0.00,0.00,0.00,57.95
20:24:19,4,21.84,0.00,18.39,0.00,0.00,4.60,0.00,0.00,0.00,55.17
20:24:19,5,25.29,0.00,18.39,0.00,0.00,3.45,0.00,0.00,0.00,52.87
20:24:19,6,19.32,0.00,19.32,0.00,0.00,5.68,0.00,0.00,0.00,55.68
20:24:19,7,19.77,0.00,17.44,0.00,0.00,4.65,0.00,0.00,0.00,58.14
20:24:19,12,23.60,0.00,16.85,0.00,0.00,4.49,0.00,0.00,0.00,55.06
20:24:19,13,21.59,0.00,17.05,0.00,0.00,5.68,0.00,0.00,0.00,55.68
20:24:19,14,19.54,0.00,20.69,0.00,0.00,4.60,0.00,0.00,0.00,55.17
20:24:19,15,23.33,0.00,15.56,0.00,0.00,6.67,0.00,0.00,0.00,54.44
20:24:20,4,19.54,0.00,17.24,0.00,0.00,4.60,0.00,0.00,0.00,58.62
20:24:20,5,20.45,0.00,17.05,0.00,0.00,5.68,0.00,0.00,0.00,56.82
20:24:20,6,21.11,0.00,15.56,0.00,0.00,6.67,0.00,0.00,0.00,56.67
20:24:20,7,23.33,0.00,16.67,0.00,0.00,3.33,0.00,0.00,0.00,56.67
20:24:20,12,21.98,0.00,17.58,0.00,0.00,4.40,0.00,0.00,0.00,56.04
20:24:20,13,21.11,0.00,17.78,0.00,0.00,4.44,0.00,0.00,0.00,56.67
20:24:20,14,24.18,0.00,16.48,0.00,0.00,3.30,0.00,0.00,0.00,56.04
20:24:20,15,21.11,0.00,15.56,0.00,0.00,5.56,0.00,0.00,0.00,57.78
20:24:21,4,24.42,0.00,15.12,0.00,0.00,3.49,0.00,0.00,0.00,56.98
20:24:21,5,21.84,0.00,18.39,0.00,0.00,3.45,0.00,0.00,0.00,56.32
20:24:21,6,22.73,0.00,15.91,0.00,0.00,5.68,0.00,0.00,0.00,55.68
20:24:21,7,20.22,0.00,17.98,0.00,0.00,4.49,0.00,0.00,0.00,57.30
20:24:21,12,23.26,0.00,13.95,0.00,0.00,5.81,0.00,0.00,0.00,56.98
20:24:21,13,21.35,0.00,16.85,0.00,0.00,5.62,0.00,0.00,0.00,56.18
20:24:21,14,22.09,0.00,15.12,0.00,0.00,4.65,0.00,0.00,0.00,58.14
20:24:21,15,22.22,0.00,15.56,0.00,0.00,5.56,0.00,0.00,0.00,56.67
20:24:22,4,21.11,0.00,17.78,0.00,0.00,5.56,0.00,0.00,0.00,55.56
20:24:22,5,20.22,0.00,17.98,0.00,0.00,5.62,0.00,0.00,0.00,56.18
20:24:22,6,23.08,0.00,16.48,0.00,0.00,5.49,0.00,0.00,0.00,54.95
20:24:22,7,21.35,0.00,14.61,0.00,0.00,5.62,0.00,0.00,0.00,58.43
20:24:22,12,21.35,0.00,15.73,0.00,0.00,5.62,0.00,0.00,0.00,57.30
20:24:22,13,23.60,0.00,15.73,0.00,0.00,4.49,0.00,0.00,0.00,56.18
20:24:22,14,23.33,0.00,15.56,0.00,0.00,4.44,0.00,0.00,0.00,56.67
20:24:22,15,20.24,0.00,14.29,0.00,0.00,4.76,0.00,0.00,0.00,60.71
20:24:23,4,22.99,0.00,14.94,0.00,0.00,4.60,0.00,0.00,0.00,57.47
20:24:23,5,21.35,0.00,16.85,0.00,0.00,4.49,0.00,0.00,0.00,57.30
20:24:23,6,21.59,0.00,18.18,0.00,0.00,3.41,0.00,0.00,0.00,56.82
20:24:23,7,20.22,0.00,15.73,0.00,0.00,5.62,0.00,0.00,0.00,58.43
20:24:23,12,23.60,0.00,14.61,0.00,0.00,5.62,0.00,0.00,0.00,56.18
20:24:23,13,21.35,0.00,17.98,0.00,0.00,5.62,0.00,0.00,0.00,55.06
20:24:23,14,23.60,0.00,14.61,0.00,0.00,5.62,0.00,0.00,0.00,56.18
20:24:23,15,19.10,0.00,15.73,0.00,0.00,5.62,0.00,0.00,0.00,59.55
20:24:24,4,21.35,0.00,19.10,0.00,0.00,4.49,0.00,0.00,0.00,55.06
20:24:24,5,26.37,0.00,16.48,0.00,0.00,4.40,0.00,0.00,0.00,52.75
20:24:24,6,21.84,0.00,17.24,0.00,0.00,4.60,0.00,0.00,0.00,56.32
20:24:24,7,22.47,0.00,16.85,0.00,0.00,4.49,0.00,0.00,0.00,56.18
20:24:24,12,22.22,0.00,17.78,0.00,0.00,4.44,0.00,0.00,0.00,55.56
20:24:24,13,25.00,0.00,19.32,0.00,0.00,3.41,0.00,0.00,0.00,52.27
20:24:24,14,22.99,0.00,16.09,0.00,0.00,4.60,0.00,0.00,0.00,56.32
20:24:24,15,21.74,0.00,18.48,0.00,0.00,5.43,0.00,0.00,0.00,54.35
20:24:25,4,21.98,0.00,16.48,0.00,0.00,5.49,0.00,0.00,0.00,56.04
20:24:25,5,21.35,0.00,15.73,0.00,0.00,5.62,0.00,0.00,0.00,57.30
20:24:25,6,21.98,0.00,17.58,0.00,0.00,4.40,0.00,0.00,0.00,56.04
20:24:25,7,20.45,0.00,15.91,0.00,0.00,5.68,0.00,0.00,0.00,57.95
20:24:25,12,21.35,0.00,17.98,0.00,0.00,4.49,0.00,0.00,0.00,56.18
20:24:25,13,21.35,0.00,17.98,0.00,0.00,4.49,0.00,0.00,0.00,56.18
20:24:25,14,23.33,0.00,15.56,0.00,0.00,4.44,0.00,0.00,0.00,56.67
20:24:25,15,20.00,0.00,18.89,0.00,0.00,4.44,0.00,0.00,0.00,56.67
20:24:26,4,20.69,0.00,16.09,0.00,0.00,5.75,0.00,0.00,0.00,57.47
20:24:26,5,22.09,0.00,15.12,0.00,0.00,4.65,0.00,0.00,0.00,58.14
20:24:26,6,19.54,0.00,16.09,0.00,0.00,5.75,0.00,0.00,0.00,58.62
20:24:26,7,20.00,0.00,15.56,0.00,0.00,5.56,0.00,0.00,0.00,58.89
20:24:26,12,21.18,0.00,15.29,0.00,0.00,3.53,0.00,0.00,0.00,60.00
20:24:26,13,23.08,0.00,17.58,0.00,0.00,4.40,0.00,0.00,0.00,54.95
20:24:26,14,23.91,0.00,17.39,0.00,0.00,5.43,0.00,0.00,0.00,53.26
20:24:26,15,21.11,0.00,16.67,0.00,0.00,5.56,0.00,0.00,0.00,56.67
20:24:27,4,20.45,0.00,15.91,0.00,0.00,6.82,0.00,0.00,0.00,56.82
20:24:27,5,21.35,0.00,15.73,0.00,0.00,5.62,0.00,0.00,0.00,57.30
20:24:27,6,19.10,0.00,17.98,0.00,0.00,5.62,0.00,0.00,0.00,57.30
20:24:27,7,21.51,0.00,19.35,0.00,0.00,5.38,0.00,0.00,0.00,53.76
20:24:27,12,20.22,0.00,16.85,0.00,0.00,6.74,0.00,0.00,0.00,56.18
20:24:27,13,22.73,0.00,14.77,0.00,0.00,5.68,0.00,0.00,0.00,56.82
20:24:27,14,20.45,0.00,17.05,0.00,0.00,4.55,0.00,0.00,0.00,57.95
20:24:27,15,20.22,0.00,17.98,0.00,0.00,5.62,0.00,0.00,0.00,56.18
20:24:28,4,19.77,0.00,17.44,0.00,0.00,4.65,0.00,0.00,0.00,58.14
20:24:28,5,21.59,0.00,15.91,0.00,0.00,5.68,0.00,0.00,0.00,56.82
20:24:28,6,23.91,0.00,16.30,0.00,0.00,4.35,0.00,0.00,0.00,55.43
20:24:28,7,21.35,0.00,14.61,0.00,0.00,5.62,0.00,0.00,0.00,58.43
20:24:28,12,19.77,0.00,18.60,0.00,0.00,4.65,0.00,0.00,0.00,56.98
20:24:28,13,21.59,0.00,18.18,0.00,0.00,4.55,0.00,0.00,0.00,55.68
20:24:28,14,25.27,0.00,15.38,0.00,0.00,4.40,0.00,0.00,0.00,54.95
20:24:28,15,22.99,0.00,14.94,0.00,0.00,3.45,0.00,0.00,0.00,58.62
20:24:29,4,22.47,0.00,17.98,0.00,0.00,5.62,0.00,0.00,0.00,53.93
20:24:29,5,21.98,0.00,19.78,0.00,0.00,4.40,0.00,0.00,0.00,53.85
20:24:29,6,23.33,0.00,17.78,0.00,0.00,5.56,0.00,0.00,0.00,53.33
20:24:29,7,22.35,0.00,16.47,0.00,0.00,3.53,0.00,0.00,0.00,57.65
20:24:29,12,28.09,0.00,15.73,0.00,0.00,4.49,0.00,0.00,0.00,51.69
20:24:29,13,22.47,0.00,16.85,0.00,0.00,5.62,0.00,0.00,0.00,55.06
20:24:29,14,22.22,0.00,17.78,0.00,0.00,5.56,0.00,0.00,0.00,54.44
20:24:29,15,21.11,0.00,18.89,0.00,0.00,5.56,0.00,0.00,0.00,54.44
20:24:30,4,21.11,0.00,16.67,0.00,0.00,5.56,0.00,0.00,0.00,56.67
20:24:30,5,21.98,0.00,16.48,0.00,0.00,5.49,0.00,0.00,0.00,56.04
20:24:30,6,20.45,0.00,17.05,0.00,0.00,5.68,0.00,0.00,0.00,56.82
20:24:30,7,20.00,0.00,18.89,0.00,0.00,4.44,0.00,0.00,0.00,56.67
20:24:30,12,20.65,0.00,18.48,0.00,0.00,5.43,0.00,0.00,0.00,55.43
20:24:30,13,23.86,0.00,15.91,0.00,0.00,4.55,0.00,0.00,0.00,55.68
20:24:30,14,21.84,0.00,16.09,0.00,0.00,4.60,0.00,0.00,0.00,57.47
20:24:30,15,20.69,0.00,16.09,0.00,0.00,4.60,0.00,0.00,0.00,58.62
20:24:31,4,21.35,0.00,16.85,0.00,0.00,5.62,0.00,0.00,0.00,56.18
20:24:31,5,22.73,0.00,15.91,0.00,0.00,4.55,0.00,0.00,0.00,56.82
20:24:31,6,21.35,0.00,16.85,0.00,0.00,5.62,0.00,0.00,0.00,56.18
20:24:31,7,21.98,0.00,16.48,0.00,0.00,4.40,0.00,0.00,0.00,57.14
20:24:31,12,21.84,0.00,14.94,0.00,0.00,4.60,0.00,0.00,0.00,58.62
20:24:31,13,21.35,0.00,16.85,0.00,0.00,4.49,0.00,0.00,0.00,57.30
20:24:31,14,20.69,0.00,17.24,0.00,0.00,4.60,0.00,0.00,0.00,57.47
20:24:31,15,19.10,0.00,16.85,0.00,0.00,5.62,0.00,0.00,0.00,58.43
20:24:32,4,22.22,0.00,16.67,0.00,0.00,6.67,0.00,0.00,0.00,54.44
20:24:32,5,22.47,0.00,16.85,0.00,0.00,4.49,0.00,0.00,0.00,56.18
20:24:32,6,20.93,0.00,16.28,0.00,0.00,4.65,0.00,0.00,0.00,58.14
20:24:32,7,20.00,0.00,17.78,0.00,0.00,5.56,0.00,0.00,0.00,56.67
20:24:32,12,23.60,0.00,14.61,0.00,0.00,4.49,0.00,0.00,0.00,57.30
20:24:32,13,22.73,0.00,17.05,0.00,0.00,3.41,0.00,0.00,0.00,56.82
20:24:32,14,22.22,0.00,15.56,0.00,0.00,5.56,0.00,0.00,0.00,56.67
20:24:32,15,21.35,0.00,15.73,1.12,0.00,5.62,0.00,0.00,0.00,56.18
20:24:33,4,21.18,0.00,15.29,0.00,0.00,4.71,0.00,0.00,0.00,58.82
20:24:33,5,19.10,0.00,19.10,0.00,0.00,4.49,0.00,0.00,0.00,57.30
20:24:33,6,22.47,0.00,15.73,0.00,0.00,4.49,0.00,0.00,0.00,57.30
20:24:33,7,19.32,0.00,15.91,0.00,0.00,5.68,0.00,0.00,0.00,59.09
20:24:33,12,23.86,0.00,14.77,0.00,0.00,4.55,0.00,0.00,0.00,56.82
20:24:33,13,21.59,0.00,17.05,0.00,0.00,5.68,0.00,0.00,0.00,55.68
20:24:33,14,22.47,0.00,16.85,0.00,0.00,4.49,0.00,0.00,0.00,56.18
20:24:33,15,20.69,0.00,16.09,0.00,0.00,4.60,0.00,0.00,0.00,58.62
20:24:34,4,21.59,0.00,18.18,0.00,0.00,4.55,0.00,0.00,0.00,55.68
20:24:34,5,22.09,0.00,16.28,0.00,0.00,5.81,0.00,0.00,0.00,55.81
20:24:34,6,23.86,0.00,17.05,0.00,0.00,5.68,0.00,0.00,0.00,53.41
20:24:34,7,21.59,0.00,18.18,0.00,0.00,5.68,0.00,0.00,0.00,54.55
20:24:34,12,22.73,0.00,15.91,0.00,0.00,5.68,0.00,0.00,0.00,55.68
20:24:34,13,22.99,0.00,14.94,0.00,0.00,5.75,0.00,0.00,0.00,56.32
20:24:34,14,24.44,0.00,15.56,0.00,0.00,6.67,0.00,0.00,0.00,53.33
20:24:34,15,21.35,0.00,17.98,0.00,0.00,5.62,0.00,0.00,0.00,55.06
20:24:35,4,20.00,0.00,16.67,0.00,0.00,6.67,0.00,0.00,0.00,56.67
20:24:35,5,20.93,0.00,16.28,0.00,0.00,4.65,0.00,0.00,0.00,58.14
20:24:35,6,21.35,0.00,15.73,0.00,0.00,5.62,0.00,0.00,0.00,57.30
20:24:35,7,19.35,0.00,18.28,0.00,0.00,6.45,0.00,0.00,0.00,55.91
20:24:35,12,21.11,0.00,17.78,0.00,0.00,5.56,0.00,0.00,0.00,55.56
20:24:35,13,21.98,0.00,16.48,0.00,0.00,5.49,0.00,0.00,0.00,56.04
20:24:35,14,21.98,0.00,17.58,0.00,0.00,4.40,0.00,0.00,0.00,56.04
20:24:35,15,21.84,0.00,14.94,0.00,0.00,4.60,0.00,0.00,0.00,58.62
20:24:36,4,20.65,0.00,17.39,0.00,0.00,6.52,0.00,0.00,0.00,55.43
20:24:36,5,22.09,0.00,16.28,0.00,0.00,3.49,0.00,0.00,0.00,58.14
20:24:36,6,21.11,0.00,15.56,0.00,0.00,6.67,0.00,0.00,0.00,56.67
20:24:36,7,19.32,0.00,17.05,0.00,0.00,5.68,0.00,0.00,0.00,57.95
20:24:36,12,20.45,0.00,14.77,0.00,0.00,5.68,0.00,0.00,0.00,59.09
20:24:36,13,23.86,0.00,12.50,0.00,0.00,4.55,0.00,0.00,0.00,59.09
20:24:36,14,21.59,0.00,14.77,0.00,0.00,4.55,0.00,0.00,0.00,59.09
20:24:36,15,20.88,0.00,17.58,0.00,0.00,5.49,0.00,0.00,0.00,56.04
20:24:37,4,22.47,0.00,15.73,0.00,0.00,5.62,0.00,0.00,0.00,56.18
20:24:37,5,19.54,0.00,18.39,0.00,0.00,4.60,0.00,0.00,0.00,57.47
20:24:37,6,20.22,0.00,19.10,0.00,0.00,4.49,0.00,0.00,0.00,56.18
20:24:37,7,21.35,0.00,17.98,1.12,0.00,3.37,0.00,0.00,0.00,56.18
20:24:37,12,21.98,0.00,17.58,0.00,0.00,5.49,0.00,0.00,0.00,54.95
20:24:37,13,22.99,0.00,17.24,0.00,0.00,3.45,0.00,0.00,0.00,56.32
20:24:37,14,25.00,0.00,16.30,0.00,0.00,5.43,0.00,0.00,0.00,53.26
20:24:37,15,17.24,0.00,19.54,0.00,0.00,5.75,0.00,0.00,0.00,57.47
20:24:38,4,21.98,0.00,17.58,0.00,0.00,5.49,0.00,0.00,0.00,54.95
20:24:38,5,22.22,0.00,18.89,0.00,0.00,5.56,0.00,0.00,0.00,53.33
20:24:38,6,21.11,0.00,16.67,0.00,0.00,5.56,0.00,0.00,0.00,56.67
20:24:38,7,20.88,0.00,16.48,0.00,0.00,5.49,0.00,0.00,0.00,57.14
20:24:38,12,20.45,0.00,18.18,0.00,0.00,4.55,0.00,0.00,0.00,56.82
20:24:38,13,21.84,0.00,16.09,0.00,0.00,5.75,0.00,0.00,0.00,56.32
20:24:38,14,19.32,0.00,17.05,0.00,0.00,5.68,0.00,0.00,0.00,57.95
20:24:38,15,22.47,0.00,14.61,0.00,0.00,4.49,0.00,0.00,0.00,58.43
20:24:39,4,22.73,0.00,15.91,0.00,0.00,5.68,0.00,0.00,0.00,55.68
20:24:39,5,23.60,0.00,16.85,0.00,0.00,4.49,0.00,0.00,0.00,55.06
20:24:39,6,21.59,0.00,17.05,0.00,0.00,5.68,0.00,0.00,0.00,55.68
20:24:39,7,19.77,0.00,17.44,0.00,0.00,5.81,0.00,0.00,0.00,56.98
20:24:39,12,22.73,0.00,17.05,0.00,0.00,4.55,0.00,0.00,0.00,55.68
20:24:39,13,25.84,0.00,19.10,0.00,0.00,4.49,0.00,0.00,0.00,50.56
20:24:39,14,21.84,0.00,17.24,0.00,0.00,4.60,0.00,0.00,0.00,56.32
20:24:39,15,20.22,0.00,19.10,0.00,0.00,4.49,0.00,0.00,0.00,56.18
20:24:40,4,21.98,0.00,16.48,0.00,0.00,5.49,0.00,0.00,0.00,56.04
20:24:40,5,21.11,0.00,17.78,0.00,0.00,4.44,0.00,0.00,0.00,56.67
20:24:40,6,21.59,0.00,15.91,0.00,0.00,5.68,0.00,0.00,0.00,56.82
20:24:40,7,19.54,0.00,14.94,0.00,0.00,5.75,0.00,0.00,0.00,59.77
20:24:40,12,23.08,0.00,17.58,0.00,0.00,5.49,0.00,0.00,0.00,53.85
20:24:40,13,22.58,0.00,17.20,0.00,0.00,5.38,0.00,0.00,0.00,54.84
20:24:40,14,22.22,0.00,16.67,0.00,0.00,5.56,0.00,0.00,0.00,55.56
20:24:40,15,20.93,0.00,16.28,0.00,0.00,4.65,0.00,0.00,0.00,58.14
20:24:41,4,24.14,0.00,16.09,0.00,0.00,3.45,0.00,0.00,0.00,56.32
20:24:41,5,21.98,0.00,19.78,0.00,0.00,5.49,0.00,0.00,0.00,52.75
20:24:41,6,21.74,0.00,18.48,0.00,0.00,5.43,0.00,0.00,0.00,54.35
20:24:41,7,20.45,0.00,15.91,0.00,0.00,4.55,0.00,0.00,0.00,59.09
20:24:41,12,21.84,0.00,17.24,0.00,0.00,5.75,0.00,0.00,0.00,55.17
20:24:41,13,20.69,0.00,17.24,0.00,0.00,5.75,0.00,0.00,0.00,56.32
20:24:41,14,22.73,0.00,15.91,0.00,0.00,4.55,0.00,0.00,0.00,56.82
20:24:41,15,20.69,0.00,14.94,0.00,0.00,5.75,0.00,0.00,0.00,58.62
20:24:42,4,21.51,0.00,18.28,0.00,0.00,6.45,0.00,0.00,0.00,53.76
20:24:42,5,21.59,0.00,18.18,0.00,0.00,4.55,0.00,0.00,0.00,55.68
20:24:42,6,19.32,0.00,18.18,0.00,0.00,5.68,0.00,0.00,0.00,56.82
20:24:42,7,20.00,0.00,16.47,0.00,0.00,4.71,0.00,0.00,0.00,58.82
20:24:42,12,22.47,0.00,16.85,0.00,0.00,5.62,0.00,0.00,0.00,55.06
20:24:42,13,22.22,0.00,18.89,0.00,0.00,4.44,0.00,0.00,0.00,54.44
20:24:42,14,20.00,0.00,18.89,1.11,0.00,5.56,0.00,0.00,0.00,54.44
20:24:42,15,20.69,0.00,16.09,0.00,0.00,4.60,0.00,0.00,0.00,58.62
20:24:43,4,21.84,0.00,16.09,0.00,0.00,4.60,0.00,0.00,0.00,57.47
20:24:43,5,19.57,0.00,19.57,0.00,0.00,6.52,0.00,0.00,0.00,54.35
20:24:43,6,21.59,0.00,15.91,0.00,0.00,4.55,0.00,0.00,0.00,57.95
20:24:43,7,20.88,0.00,18.68,0.00,0.00,4.40,0.00,0.00,0.00,56.04
20:24:43,12,21.35,0.00,20.22,0.00,0.00,3.37,0.00,0.00,0.00,55.06
20:24:43,13,23.33,0.00,17.78,0.00,0.00,4.44,0.00,0.00,0.00,54.44
20:24:43,14,19.10,0.00,17.98,0.00,0.00,5.62,0.00,0.00,0.00,57.30
20:24:43,15,19.32,0.00,15.91,0.00,0.00,5.68,0.00,0.00,0.00,59.09
20:24:44,4,23.91,0.00,17.39,0.00,0.00,5.43,0.00,0.00,0.00,53.26
20:24:44,5,26.97,0.00,16.85,0.00,0.00,4.49,0.00,0.00,0.00,51.69
20:24:44,6,23.86,0.00,18.18,0.00,0.00,3.41,0.00,0.00,0.00,54.55
20:24:44,7,20.69,0.00,16.09,0.00,0.00,5.75,0.00,0.00,0.00,57.47
20:24:44,12,22.73,0.00,19.32,0.00,0.00,4.55,0.00,0.00,0.00,53.41
20:24:44,13,24.44,0.00,16.67,0.00,0.00,4.44,0.00,0.00,0.00,54.44
20:24:44,14,23.60,0.00,17.98,0.00,0.00,3.37,0.00,0.00,0.00,55.06
20:24:44,15,22.47,0.00,16.85,0.00,0.00,5.62,0.00,0.00,0.00,55.06
20:24:45,4,23.33,0.00,15.56,0.00,0.00,5.56,0.00,0.00,0.00,55.56
20:24:45,5,25.27,0.00,15.38,0.00,0.00,5.49,0.00,0.00,0.00,53.85
20:24:45,6,20.69,0.00,16.09,0.00,0.00,5.75,0.00,0.00,0.00,57.47
20:24:45,7,18.89,0.00,17.78,0.00,0.00,5.56,0.00,0.00,0.00,57.78
20:24:45,12,21.11,0.00,16.67,0.00,0.00,5.56,0.00,0.00,0.00,56.67
20:24:45,13,21.84,0.00,14.94,0.00,0.00,5.75,0.00,0.00,0.00,57.47
20:24:45,14,23.86,0.00,14.77,0.00,0.00,5.68,0.00,0.00,0.00,55.68
20:24:45,15,21.84,0.00,16.09,0.00,0.00,3.45,0.00,0.00,0.00,58.62
20:24:46,4,22.22,0.00,16.67,0.00,0.00,5.56,0.00,0.00,0.00,55.56
20:24:46,5,21.35,0.00,16.85,0.00,0.00,5.62,0.00,0.00,0.00,56.18
20:24:46,6,20.00,0.00,16.47,0.00,0.00,4.71,0.00,0.00,0.00,58.82
20:24:46,7,19.54,0.00,16.09,0.00,0.00,5.75,0.00,0.00,0.00,58.62
20:24:46,12,21.74,0.00,16.30,0.00,0.00,6.52,0.00,0.00,0.00,55.43
20:24:46,13,22.73,0.00,14.77,0.00,0.00,4.55,0.00,0.00,0.00,57.95
20:24:46,14,21.35,0.00,16.85,0.00,0.00,4.49,0.00,0.00,0.00,57.30
20:24:46,15,19.35,0.00,19.35,0.00,0.00,5.38,0.00,0.00,0.00,55.91
20:24:47,4,22.47,0.00,15.73,0.00,0.00,5.62,0.00,0.00,0.00,56.18
20:24:47,5,23.26,0.00,15.12,0.00,0.00,4.65,0.00,0.00,0.00,56.98
20:24:47,6,22.47,0.00,16.85,0.00,0.00,4.49,0.00,0.00,0.00,56.18
20:24:47,7,21.98,0.00,17.58,0.00,0.00,4.40,0.00,0.00,0.00,56.04
20:24:47,12,24.18,0.00,15.38,0.00,0.00,5.49,0.00,0.00,0.00,54.95
20:24:47,13,20.93,0.00,17.44,0.00,0.00,4.65,0.00,0.00,0.00,56.98
20:24:47,14,21.84,0.00,14.94,0.00,0.00,4.60,0.00,0.00,0.00,58.62
20:24:47,15,17.58,0.00,18.68,0.00,0.00,6.59,0.00,0.00,0.00,57.14
20:24:48,4,19.10,0.00,19.10,0.00,0.00,4.49,0.00,0.00,0.00,57.30
20:24:48,5,21.84,0.00,16.09,0.00,0.00,4.60,0.00,0.00,0.00,57.47
20:24:48,6,20.22,0.00,17.98,0.00,0.00,5.62,0.00,0.00,0.00,56.18
20:24:48,7,20.45,0.00,17.05,0.00,0.00,4.55,0.00,0.00,0.00,57.95
20:24:48,12,22.22,0.00,15.56,0.00,0.00,5.56,0.00,0.00,0.00,56.67
20:24:48,13,21.98,0.00,16.48,0.00,0.00,5.49,0.00,0.00,0.00,56.04
20:24:48,14,22.83,0.00,16.30,0.00,0.00,5.43,0.00,0.00,0.00,55.43
20:24:48,15,21.74,0.00,17.39,0.00,0.00,5.43,0.00,0.00,0.00,55.43
20:24:49,4,21.35,0.00,17.98,0.00,0.00,5.62,0.00,0.00,0.00,55.06
20:24:49,5,23.60,0.00,16.85,0.00,0.00,4.49,0.00,0.00,0.00,55.06
20:24:49,6,25.56,0.00,15.56,0.00,0.00,4.44,0.00,0.00,0.00,54.44
20:24:49,7,25.27,0.00,17.58,0.00,0.00,3.30,0.00,0.00,0.00,53.85
20:24:49,12,23.86,0.00,14.77,0.00,0.00,4.55,0.00,0.00,0.00,56.82
20:24:49,13,21.59,0.00,17.05,0.00,0.00,5.68,0.00,0.00,0.00,55.68
20:24:49,14,21.59,0.00,17.05,0.00,0.00,5.68,0.00,0.00,0.00,55.68
20:24:49,15,22.47,0.00,16.85,0.00,0.00,5.62,0.00,0.00,0.00,55.06
20:24:50,4,23.33,0.00,16.67,0.00,0.00,4.44,0.00,0.00,0.00,55.56
20:24:50,5,22.22,0.00,18.89,0.00,0.00,5.56,0.00,0.00,0.00,53.33
20:24:50,6,23.26,0.00,15.12,0.00,0.00,4.65,0.00,0.00,0.00,56.98
20:24:50,7,18.18,0.00,17.05,0.00,0.00,6.82,0.00,0.00,0.00,57.95
20:24:50,12,21.35,0.00,16.85,0.00,0.00,5.62,0.00,0.00,0.00,56.18
20:24:50,13,21.59,0.00,17.05,0.00,0.00,4.55,0.00,0.00,0.00,56.82
20:24:50,14,20.69,0.00,16.09,0.00,0.00,4.60,0.00,0.00,0.00,58.62
20:24:50,15,22.22,0.00,15.56,0.00,0.00,5.56,0.00,0.00,0.00,56.67
20:24:51,4,21.35,0.00,15.73,0.00,0.00,5.62,0.00,0.00,0.00,57.30
20:24:51,5,21.84,0.00,16.09,0.00,0.00,3.45,0.00,0.00,0.00,58.62
20:24:51,6,21.35,0.00,16.85,0.00,0.00,4.49,0.00,0.00,0.00,57.30
20:24:51,7,22.47,0.00,15.73,0.00,0.00,4.49,0.00,0.00,0.00,57.30
20:24:51,12,22.22,0.00,15.56,0.00,0.00,5.56,0.00,0.00,0.00,56.67
20:24:51,13,22.22,0.00,16.67,0.00,0.00,4.44,0.00,0.00,0.00,56.67
20:24:51,14,20.45,0.00,17.05,0.00,0.00,5.68,0.00,0.00,0.00,56.82
20:24:51,15,21.18,0.00,14.12,0.00,0.00,4.71,0.00,0.00,0.00,60.00
20:24:52,4,8.60,0.00,7.53,0.00,0.00,3.23,0.00,0.00,0.00,80.65
20:24:52,5,8.70,0.00,7.61,1.09,0.00,2.17,0.00,0.00,0.00,80.43
20:24:52,6,9.68,0.00,7.53,0.00,0.00,2.15,0.00,0.00,0.00,80.65
20:24:52,7,9.47,0.00,7.37,0.00,0.00,2.11,0.00,0.00,0.00,81.05
20:24:52,12,8.60,0.00,7.53,0.00,0.00,2.15,0.00,0.00,0.00,81.72
20:24:52,13,10.64,0.00,6.38,0.00,0.00,2.13,0.00,0.00,0.00,80.85
20:24:52,14,7.53,0.00,7.53,0.00,0.00,3.23,0.00,0.00,0.00,81.72
20:24:52,15,9.47,0.00,8.42,0.00,0.00,2.11,0.00,0.00,0.00,80.00
