20:12:19,CPU,%usr,%nice,%sys,%iowait,%irq,%soft,%steal,%guest,%gnice,%idle
20:12:20,all,69.82,0.00,18.31,0.00,0.00,6.61,0.00,0.00,0.00,5.27
20:12:20,0,64.00,0.00,22.00,0.00,0.00,12.00,0.00,0.00,0.00,2.00
20:12:20,1,70.71,0.00,19.19,0.00,0.00,8.08,0.00,0.00,0.00,2.02
20:12:20,2,72.73,0.00,16.16,0.00,0.00,8.08,0.00,0.00,0.00,3.03
20:12:20,3,74.75,0.00,15.15,0.00,0.00,8.08,0.00,0.00,0.00,2.02
20:12:20,4,62.00,0.00,23.00,0.00,0.00,12.00,0.00,0.00,0.00,3.00
20:12:20,5,69.00,0.00,22.00,0.00,0.00,5.00,0.00,0.00,0.00,4.00
20:12:20,6,76.77,0.00,13.13,0.00,0.00,3.03,0.00,0.00,0.00,7.07
20:12:20,7,70.00,0.00,19.00,0.00,0.00,5.00,0.00,0.00,0.00,6.00
20:12:20,8,68.69,0.00,17.17,0.00,0.00,4.04,0.00,0.00,0.00,10.10
20:12:20,9,65.35,0.00,21.78,0.00,0.00,5.94,0.00,0.00,0.00,6.93
20:12:20,10,70.71,0.00,15.15,0.00,0.00,4.04,0.00,0.00,0.00,10.10
20:12:20,11,73.27,0.00,15.84,0.00,0.00,3.96,0.00,0.00,0.00,6.93
20:12:21,all,71.44,0.00,19.77,0.00,0.00,7.20,0.00,0.00,0.00,1.59
20:12:21,0,64.65,0.00,24.24,0.00,0.00,11.11,0.00,0.00,0.00,0.00
20:12:21,1,69.31,0.00,21.78,0.00,0.00,7.92,0.00,0.00,0.00,0.99
20:12:21,2,69.00,0.00,21.00,0.00,0.00,9.00,0.00,0.00,0.00,1.00
20:12:21,3,59.00,0.00,26.00,0.00,0.00,14.00,0.00,0.00,0.00,1.00
20:12:21,4,68.69,0.00,22.22,0.00,0.00,8.08,0.00,0.00,0.00,1.01
20:12:21,5,73.00,0.00,20.00,0.00,0.00,6.00,0.00,0.00,0.00,1.00
20:12:21,6,75.00,0.00,17.00,0.00,0.00,5.00,0.00,0.00,0.00,3.00
20:12:21,7,74.75,0.00,17.17,0.00,0.00,6.06,0.00,0.00,0.00,2.02
20:12:21,8,77.00,0.00,16.00,0.00,0.00,5.00,0.00,0.00,0.00,2.00
20:12:21,9,72.45,0.00,18.37,0.00,0.00,5.10,0.00,0.00,0.00,4.08
20:12:21,10,78.00,0.00,16.00,0.00,0.00,4.00,0.00,0.00,0.00,2.00
20:12:21,11,76.53,0.00,17.35,0.00,0.00,5.10,0.00,0.00,0.00,1.02
20:12:22,all,70.28,0.00,20.37,0.00,0.00,7.60,0.00,0.00,0.00,1.75
20:12:22,0,66.34,0.00,21.78,0.00,0.00,10.89,0.00,0.00,0.00,0.99
20:12:22,1,70.71,0.00,19.19,0.00,0.00,9.09,0.00,0.00,0.00,1.01
20:12:22,2,66.67,0.00,22.22,0.00,0.00,10.10,0.00,0.00,0.00,1.01
20:12:22,3,56.00,0.00,27.00,0.00,0.00,16.00,0.00,0.00,0.00,1.00
20:12:22,4,59.41,0.00,26.73,0.00,0.00,13.86,0.00,0.00,0.00,0.00
20:12:22,5,77.00,0.00,18.00,0.00,0.00,4.00,0.00,0.00,0.00,1.00
20:12:22,6,77.78,0.00,17.17,0.00,0.00,4.04,0.00,0.00,0.00,1.01
20:12:22,7,75.00,0.00,19.00,0.00,0.00,4.00,0.00,0.00,0.00,2.00
20:12:22,8,72.73,0.00,16.16,0.00,0.00,5.05,0.00,0.00,0.00,6.06
20:12:22,9,69.31,0.00,20.79,0.00,0.00,5.94,0.00,0.00,0.00,3.96
20:12:22,10,77.78,0.00,16.16,0.00,0.00,4.04,0.00,0.00,0.00,2.02
20:12:22,11,75.00,0.00,20.00,0.00,0.00,4.00,0.00,0.00,0.00,1.00
20:12:23,all,69.47,0.00,19.97,0.00,0.00,7.90,0.00,0.00,0.00,2.66
20:12:23,0,70.71,0.00,22.22,0.00,0.00,6.06,0.00,0.00,0.00,1.01
20:12:23,1,61.39,0.00,24.75,0.00,0.00,12.87,0.00,0.00,0.00,0.99
20:12:23,2,61.39,0.00,24.75,0.00,0.00,12.87,0.00,0.00,0.00,0.99
20:12:23,3,63.37,0.00,20.79,0.00,0.00,14.85,0.00,0.00,0.00,0.99
20:12:23,4,60.61,0.00,24.24,0.00,0.00,14.14,0.00,0.00,0.00,1.01
20:12:23,5,76.77,0.00,18.18,0.00,0.00,4.04,0.00,0.00,0.00,1.01
20:12:23,6,79.21,0.00,13.86,0.00,0.00,3.96,0.00,0.00,0.00,2.97
20:12:23,7,74.00,0.00,18.00,0.00,0.00,5.00,0.00,0.00,0.00,3.00
20:12:23,8,70.00,0.00,19.00,0.00,0.00,4.00,0.00,0.00,0.00,7.00
20:12:23,9,65.66,0.00,22.22,0.00,0.00,7.07,0.00,0.00,0.00,5.05
20:12:23,10,74.26,0.00,14.85,0.00,0.00,3.96,0.00,0.00,0.00,6.93
20:12:23,11,76.24,0.00,16.83,0.00,0.00,5.94,0.00,0.00,0.00,0.99
20:12:24,all,69.99,0.00,19.95,0.00,0.00,7.96,0.00,0.00,0.00,2.10
20:12:24,0,59.00,0.00,25.00,0.00,0.00,14.00,0.00,0.00,0.00,2.00
20:12:24,1,59.60,0.00,24.24,0.00,0.00,15.15,0.00,0.00,0.00,1.01
20:12:24,2,67.00,0.00,24.00,0.00,0.00,8.00,0.00,0.00,0.00,1.00
20:12:24,3,70.71,0.00,21.21,0.00,0.00,8.08,0.00,0.00,0.00,0.00
20:12:24,4,57.00,0.00,26.00,0.00,0.00,15.00,0.00,0.00,0.00,2.00
20:12:24,5,78.22,0.00,15.84,0.00,0.00,4.95,0.00,0.00,0.00,0.99
20:12:24,6,77.78,0.00,16.16,0.00,0.00,4.04,0.00,0.00,0.00,2.02
20:12:24,7,76.77,0.00,15.15,0.00,0.00,5.05,0.00,0.00,0.00,3.03
20:12:24,8,69.70,0.00,21.21,0.00,0.00,7.07,0.00,0.00,0.00,2.02
20:12:24,9,69.00,0.00,20.00,0.00,0.00,7.00,0.00,0.00,0.00,4.00
20:12:24,10,73.47,0.00,16.33,0.00,0.00,4.08,0.00,0.00,0.00,6.12
20:12:24,11,81.82,0.00,14.14,0.00,0.00,3.03,0.00,0.00,0.00,1.01
20:12:25,all,69.72,0.00,21.10,0.00,0.00,8.17,0.00,0.00,0.00,1.00
20:12:25,0,56.44,0.00,27.72,0.00,0.00,14.85,0.00,0.00,0.00,0.99
20:12:25,1,62.63,0.00,25.25,0.00,0.00,12.12,0.00,0.00,0.00,0.00
20:12:25,2,61.62,0.00,25.25,0.00,0.00,13.13,0.00,0.00,0.00,0.00
20:12:25,3,59.00,0.00,24.00,0.00,0.00,16.00,0.00,0.00,0.00,1.00
20:12:25,4,71.29,0.00,22.77,0.00,0.00,4.95,0.00,0.00,0.00,0.99
20:12:25,5,77.78,0.00,17.17,0.00,0.00,5.05,0.00,0.00,0.00,0.00
20:12:25,6,76.00,0.00,18.00,0.00,0.00,4.00,0.00,0.00,0.00,2.00
20:12:25,7,75.00,0.00,20.00,0.00,0.00,4.00,0.00,0.00,0.00,1.00
20:12:25,8,72.28,0.00,19.80,0.00,0.00,6.93,0.00,0.00,0.00,0.99
20:12:25,9,68.69,0.00,21.21,0.00,0.00,7.07,0.00,0.00,0.00,3.03
20:12:25,10,77.78,0.00,16.16,0.00,0.00,5.05,0.00,0.00,0.00,1.01
20:12:25,11,78.22,0.00,15.84,0.00,0.00,4.95,0.00,0.00,0.00,0.99
20:12:26,all,69.53,0.00,21.62,0.00,0.00,7.68,0.00,0.00,0.00,1.17
20:12:26,0,59.60,0.00,26.26,0.00,0.00,13.13,0.00,0.00,0.00,1.01
20:12:26,1,59.00,0.00,27.00,0.00,0.00,13.00,0.00,0.00,0.00,1.00
20:12:26,2,59.60,0.00,26.26,0.00,0.00,13.13,0.00,0.00,0.00,1.01
20:12:26,3,59.60,0.00,29.29,0.00,0.00,10.10,0.00,0.00,0.00,1.01
20:12:26,4,73.74,0.00,21.21,0.00,0.00,5.05,0.00,0.00,0.00,0.00
20:12:26,5,73.27,0.00,18.81,0.00,0.00,6.93,0.00,0.00,0.00,0.99
20:12:26,6,77.00,0.00,18.00,0.00,0.00,4.00,0.00,0.00,0.00,1.00
20:12:26,7,76.24,0.00,16.83,0.00,0.00,4.95,0.00,0.00,0.00,1.98
20:12:26,8,76.53,0.00,18.37,0.00,0.00,3.06,0.00,0.00,0.00,2.04
20:12:26,9,65.00,0.00,24.00,0.00,0.00,9.00,0.00,0.00,0.00,2.00
20:12:26,10,77.23,0.00,16.83,0.00,0.00,4.95,0.00,0.00,0.00,0.99
20:12:26,11,77.23,0.00,16.83,0.00,0.00,4.95,0.00,0.00,0.00,0.99
20:12:27,all,70.17,0.00,19.83,0.00,0.00,7.83,0.00,0.00,0.00,2.17
20:12:27,0,59.41,0.00,26.73,0.00,0.00,11.88,0.00,0.00,0.00,1.98
20:12:27,1,69.31,0.00,18.81,0.00,0.00,9.90,0.00,0.00,0.00,1.98
20:12:27,2,56.00,0.00,24.00,0.00,0.00,18.00,0.00,0.00,0.00,2.00
20:12:27,3,58.42,0.00,24.75,0.00,0.00,15.84,0.00,0.00,0.00,0.99
20:12:27,4,69.00,0.00,24.00,0.00,0.00,6.00,0.00,0.00,0.00,1.00
20:12:27,5,75.25,0.00,17.82,0.00,0.00,4.95,0.00,0.00,0.00,1.98
20:12:27,6,79.80,0.00,14.14,0.00,0.00,3.03,0.00,0.00,0.00,3.03
20:12:27,7,74.00,0.00,19.00,0.00,0.00,5.00,0.00,0.00,0.00,2.00
20:12:27,8,77.78,0.00,13.13,0.00,0.00,4.04,0.00,0.00,0.00,5.05
20:12:27,9,67.00,0.00,23.00,0.00,0.00,7.00,0.00,0.00,0.00,3.00
20:12:27,10,76.77,0.00,17.17,0.00,0.00,4.04,0.00,0.00,0.00,2.02
20:12:27,11,79.80,0.00,15.15,0.00,0.00,4.04,0.00,0.00,0.00,1.01
20:12:28,all,70.27,0.00,20.52,0.00,0.00,7.87,0.00,0.00,0.00,1.34
20:12:28,0,61.62,0.00,26.26,0.00,0.00,12.12,0.00,0.00,0.00,0.00
20:12:28,1,68.69,0.00,21.21,0.00,0.00,10.10,0.00,0.00,0.00,0.00
20:12:28,2,55.45,0.00,29.70,0.00,0.00,14.85,0.00,0.00,0.00,0.00
20:12:28,3,66.67,0.00,22.22,0.00,0.00,10.10,0.00,0.00,0.00,1.01
20:12:28,4,60.00,0.00,27.00,0.00,0.00,13.00,0.00,0.00,0.00,0.00
20:12:28,5,75.76,0.00,18.18,0.00,0.00,6.06,0.00,0.00,0.00,0.00
20:12:28,6,80.00,0.00,15.00,0.00,0.00,4.00,0.00,0.00,0.00,1.00
20:12:28,7,73.00,0.00,18.00,0.00,0.00,6.00,0.00,0.00,0.00,3.00
20:12:28,8,75.76,0.00,15.15,0.00,0.00,4.04,0.00,0.00,0.00,5.05
20:12:28,9,72.73,0.00,20.20,0.00,0.00,6.06,0.00,0.00,0.00,1.01
20:12:28,10,76.77,0.00,15.15,0.00,0.00,4.04,0.00,0.00,0.00,4.04
20:12:28,11,77.00,0.00,18.00,0.00,0.00,4.00,0.00,0.00,0.00,1.00
20:12:29,all,69.56,0.00,21.68,0.08,0.00,7.51,0.00,0.00,0.00,1.17
20:12:29,0,57.00,0.00,25.00,0.00,0.00,17.00,0.00,0.00,0.00,1.00
20:12:29,1,61.00,0.00,28.00,0.00,0.00,10.00,0.00,0.00,0.00,1.00
20:12:29,2,71.00,0.00,23.00,0.00,0.00,5.00,0.00,0.00,0.00,1.00
20:12:29,3,59.41,0.00,28.71,0.00,0.00,10.89,0.00,0.00,0.00,0.99
20:12:29,4,58.59,0.00,27.27,0.00,0.00,13.13,0.00,0.00,0.00,1.01
20:12:29,5,75.00,0.00,19.00,1.00,0.00,4.00,0.00,0.00,0.00,1.00
20:12:29,6,78.00,0.00,17.00,0.00,0.00,3.00,0.00,0.00,0.00,2.00
20:12:29,7,72.73,0.00,20.20,0.00,0.00,6.06,0.00,0.00,0.00,1.01
20:12:29,8,76.24,0.00,17.82,0.00,0.00,4.95,0.00,0.00,0.00,0.99
20:12:29,9,70.71,0.00,21.21,0.00,0.00,7.07,0.00,0.00,0.00,1.01
20:12:29,10,79.00,0.00,15.00,0.00,0.00,4.00,0.00,0.00,0.00,2.00
20:12:29,11,76.00,0.00,18.00,0.00,0.00,5.00,0.00,0.00,0.00,1.00
20:12:30,all,69.78,0.00,20.40,0.00,0.00,7.91,0.00,0.00,0.00,1.92
20:12:30,0,57.00,0.00,29.00,0.00,0.00,13.00,0.00,0.00,0.00,1.00
20:12:30,1,69.70,0.00,20.20,0.00,0.00,9.09,0.00,0.00,0.00,1.01
20:12:30,2,62.63,0.00,27.27,0.00,0.00,10.10,0.00,0.00,0.00,0.00
20:12:30,3,67.00,0.00,23.00,0.00,0.00,9.00,0.00,0.00,0.00,1.00
20:12:30,4,56.44,0.00,27.72,0.00,0.00,13.86,0.00,0.00,0.00,1.98
20:12:30,5,75.00,0.00,18.00,0.00,0.00,6.00,0.00,0.00,0.00,1.00
20:12:30,6,77.00,0.00,15.00,0.00,0.00,5.00,0.00,0.00,0.00,3.00
20:12:30,7,71.00,0.00,19.00,0.00,0.00,8.00,0.00,0.00,0.00,2.00
20:12:30,8,75.76,0.00,18.18,0.00,0.00,4.04,0.00,0.00,0.00,2.02
20:12:30,9,73.27,0.00,17.82,0.00,0.00,5.94,0.00,0.00,0.00,2.97
20:12:30,10,75.25,0.00,13.86,0.00,0.00,4.95,0.00,0.00,0.00,5.94
20:12:30,11,77.23,0.00,15.84,0.00,0.00,5.94,0.00,0.00,0.00,0.99
20:12:31,all,70.02,0.00,20.52,0.00,0.00,7.62,0.00,0.00,0.00,1.84
20:12:31,0,61.62,0.00,26.26,0.00,0.00,11.11,0.00,0.00,0.00,1.01
20:12:31,1,58.00,0.00,27.00,0.00,0.00,14.00,0.00,0.00,0.00,1.00
20:12:31,2,65.00,0.00,21.00,0.00,0.00,13.00,0.00,0.00,0.00,1.00
20:12:31,3,62.00,0.00,26.00,0.00,0.00,11.00,0.00,0.00,0.00,1.00
20:12:31,4,64.36,0.00,25.74,0.00,0.00,8.91,0.00,0.00,0.00,0.99
20:12:31,5,75.76,0.00,18.18,0.00,0.00,5.05,0.00,0.00,0.00,1.01
20:12:31,6,76.24,0.00,15.84,0.00,0.00,5.94,0.00,0.00,0.00,1.98
20:12:31,7,78.57,0.00,13.27,0.00,0.00,4.08,0.00,0.00,0.00,4.08
20:12:31,8,71.72,0.00,18.18,0.00,0.00,5.05,0.00,0.00,0.00,5.05
20:12:31,9,71.72,0.00,21.21,0.00,0.00,5.05,0.00,0.00,0.00,2.02
20:12:31,10,76.77,0.00,17.17,0.00,0.00,4.04,0.00,0.00,0.00,2.02
20:12:31,11,78.79,0.00,16.16,0.00,0.00,4.04,0.00,0.00,0.00,1.01
20:12:32,all,69.78,0.00,20.78,0.00,0.00,8.01,0.00,0.00,0.00,1.42
20:12:32,0,61.00,0.00,24.00,0.00,0.00,15.00,0.00,0.00,0.00,0.00
20:12:32,1,69.00,0.00,25.00,0.00,0.00,6.00,0.00,0.00,0.00,0.00
20:12:32,2,58.00,0.00,26.00,0.00,0.00,15.00,0.00,0.00,0.00,1.00
20:12:32,3,65.66,0.00,22.22,0.00,0.00,11.11,0.00,0.00,0.00,1.01
20:12:32,4,58.59,0.00,29.29,0.00,0.00,12.12,0.00,0.00,0.00,0.00
20:12:32,5,76.24,0.00,17.82,0.00,0.00,5.94,0.00,0.00,0.00,0.00
20:12:32,6,70.71,0.00,17.17,0.00,0.00,5.05,0.00,0.00,0.00,7.07
20:12:32,7,71.29,0.00,20.79,0.00,0.00,6.93,0.00,0.00,0.00,0.99
20:12:32,8,74.00,0.00,16.00,0.00,0.00,6.00,0.00,0.00,0.00,4.00
20:12:32,9,77.00,0.00,17.00,0.00,0.00,4.00,0.00,0.00,0.00,2.00
20:12:32,10,76.77,0.00,18.18,0.00,0.00,4.04,0.00,0.00,0.00,1.01
20:12:32,11,79.00,0.00,16.00,0.00,0.00,5.00,0.00,0.00,0.00,0.00
20:12:33,all,70.12,0.00,21.29,0.00,0.00,7.51,0.00,0.00,0.00,1.09
20:12:33,0,59.00,0.00,25.00,0.00,0.00,15.00,0.00,0.00,0.00,1.00
20:12:33,1,70.71,0.00,23.23,0.00,0.00,6.06,0.00,0.00,0.00,0.00
20:12:33,2,60.00,0.00,29.00,0.00,0.00,11.00,0.00,0.00,0.00,0.00
20:12:33,3,63.64,0.00,25.25,0.00,0.00,11.11,0.00,0.00,0.00,0.00
20:12:33,4,59.41,0.00,26.73,0.00,0.00,12.87,0.00,0.00,0.00,0.99
20:12:33,5,78.00,0.00,17.00,0.00,0.00,4.00,0.00,0.00,0.00,1.00
20:12:33,6,72.00,0.00,22.00,0.00,0.00,4.00,0.00,0.00,0.00,2.00
20:12:33,7,72.45,0.00,19.39,0.00,0.00,6.12,0.00,0.00,0.00,2.04
20:12:33,8,76.77,0.00,16.16,0.00,0.00,5.05,0.00,0.00,0.00,2.02
20:12:33,9,74.00,0.00,19.00,0.00,0.00,6.00,0.00,0.00,0.00,1.00
20:12:33,10,78.22,0.00,15.84,0.00,0.00,3.96,0.00,0.00,0.00,1.98
20:12:33,11,77.23,0.00,16.83,0.00,0.00,4.95,0.00,0.00,0.00,0.99
20:12:34,all,70.07,0.00,20.82,0.00,0.00,7.78,0.00,0.00,0.00,1.34
20:12:34,0,56.57,0.00,30.30,0.00,0.00,12.12,0.00,0.00,0.00,1.01
20:12:34,1,62.38,0.00,24.75,0.00,0.00,11.88,0.00,0.00,0.00,0.99
20:12:34,2,63.00,0.00,24.00,0.00,0.00,13.00,0.00,0.00,0.00,0.00
20:12:34,3,61.00,0.00,25.00,0.00,0.00,13.00,0.00,0.00,0.00,1.00
20:12:34,4,72.00,0.00,20.00,0.00,0.00,7.00,0.00,0.00,0.00,1.00
20:12:34,5,74.00,0.00,20.00,0.00,0.00,5.00,0.00,0.00,0.00,1.00
20:12:34,6,73.74,0.00,18.18,0.00,0.00,5.05,0.00,0.00,0.00,3.03
20:12:34,7,66.00,0.00,24.00,0.00,0.00,8.00,0.00,0.00,0.00,2.00
20:12:34,8,78.79,0.00,15.15,0.00,0.00,4.04,0.00,0.00,0.00,2.02
20:12:34,9,75.00,0.00,17.00,0.00,0.00,6.00,0.00,0.00,0.00,2.00
20:12:34,10,78.79,0.00,16.16,0.00,0.00,4.04,0.00,0.00,0.00,1.01
20:12:34,11,79.80,0.00,15.15,0.00,0.00,4.04,0.00,0.00,0.00,1.01
20:12:35,all,69.57,0.00,21.24,0.00,0.00,8.03,0.00,0.00,0.00,1.17
20:12:35,0,57.00,0.00,29.00,0.00,0.00,14.00,0.00,0.00,0.00,0.00
20:12:35,1,61.22,0.00,27.55,0.00,0.00,10.20,0.00,0.00,0.00,1.02
20:12:35,2,63.27,0.00,24.49,0.00,0.00,11.22,0.00,0.00,0.00,1.02
20:12:35,3,61.76,0.00,24.51,0.00,0.00,12.75,0.00,0.00,0.00,0.98
20:12:35,4,65.31,0.00,24.49,0.00,0.00,10.20,0.00,0.00,0.00,0.00
20:12:35,5,73.00,0.00,22.00,0.00,0.00,5.00,0.00,0.00,0.00,0.00
20:12:35,6,76.00,0.00,17.00,0.00,0.00,5.00,0.00,0.00,0.00,2.00
20:12:35,7,72.28,0.00,18.81,0.00,0.00,6.93,0.00,0.00,0.00,1.98
20:12:35,8,73.00,0.00,18.00,0.00,0.00,6.00,0.00,0.00,0.00,3.00
20:12:35,9,75.00,0.00,17.00,0.00,0.00,6.00,0.00,0.00,0.00,2.00
20:12:35,10,79.80,0.00,15.15,0.00,0.00,4.04,0.00,0.00,0.00,1.01
20:12:35,11,77.00,0.00,17.00,0.00,0.00,5.00,0.00,0.00,0.00,1.00
20:12:36,all,69.78,0.00,21.54,0.00,0.00,7.18,0.00,0.00,0.00,1.50
20:12:36,0,62.00,0.00,26.00,0.00,0.00,11.00,0.00,0.00,0.00,1.00
20:12:36,1,65.35,0.00,22.77,0.00,0.00,10.89,0.00,0.00,0.00,0.99
20:12:36,2,60.40,0.00,26.73,0.00,0.00,11.88,0.00,0.00,0.00,0.99
20:12:36,3,63.64,0.00,28.28,0.00,0.00,7.07,0.00,0.00,0.00,1.01
20:12:36,4,63.00,0.00,25.00,0.00,0.00,11.00,0.00,0.00,0.00,1.00
20:12:36,5,77.78,0.00,17.17,0.00,0.00,4.04,0.00,0.00,0.00,1.01
20:12:36,6,71.29,0.00,19.80,0.00,0.00,4.95,0.00,0.00,0.00,3.96
20:12:36,7,75.51,0.00,18.37,0.00,0.00,5.10,0.00,0.00,0.00,1.02
20:12:36,8,74.00,0.00,18.00,0.00,0.00,5.00,0.00,0.00,0.00,3.00
20:12:36,9,73.74,0.00,19.19,0.00,0.00,5.05,0.00,0.00,0.00,2.02
20:12:36,10,74.00,0.00,19.00,0.00,0.00,5.00,0.00,0.00,0.00,2.00
20:12:36,11,77.00,0.00,18.00,0.00,0.00,5.00,0.00,0.00,0.00,0.00
20:12:37,all,70.22,0.00,20.13,0.00,0.00,7.72,0.00,0.00,0.00,1.93
20:12:37,0,54.55,0.00,28.28,0.00,0.00,16.16,0.00,0.00,0.00,1.01
20:12:37,1,62.00,0.00,25.00,0.00,0.00,12.00,0.00,0.00,0.00,1.00
20:12:37,2,62.63,0.00,24.24,0.00,0.00,12.12,0.00,0.00,0.00,1.01
20:12:37,3,72.73,0.00,19.19,0.00,0.00,8.08,0.00,0.00,0.00,0.00
20:12:37,4,57.00,0.00,28.00,0.00,0.00,14.00,0.00,0.00,0.00,1.00
20:12:37,5,78.22,0.00,16.83,0.00,0.00,3.96,0.00,0.00,0.00,0.99
20:12:37,6,73.74,0.00,19.19,0.00,0.00,5.05,0.00,0.00,0.00,2.02
20:12:37,7,78.00,0.00,16.00,0.00,0.00,4.00,0.00,0.00,0.00,2.00
20:12:37,8,74.75,0.00,18.18,0.00,0.00,5.05,0.00,0.00,0.00,2.02
20:12:37,9,74.75,0.00,18.18,0.00,0.00,5.05,0.00,0.00,0.00,2.02
20:12:37,10,72.45,0.00,15.31,0.00,0.00,3.06,0.00,0.00,0.00,9.18
20:12:37,11,81.82,0.00,13.13,0.00,0.00,4.04,0.00,0.00,0.00,1.01
20:12:38,all,70.37,0.00,20.37,0.00,0.00,7.93,0.00,0.00,0.00,1.34
20:12:38,0,55.00,0.00,30.00,0.00,0.00,15.00,0.00,0.00,0.00,0.00
20:12:38,1,70.71,0.00,22.22,0.00,0.00,7.07,0.00,0.00,0.00,0.00
20:12:38,2,61.00,0.00,25.00,0.00,0.00,13.00,0.00,0.00,0.00,1.00
20:12:38,3,62.38,0.00,22.77,0.00,0.00,13.86,0.00,0.00,0.00,0.99
20:12:38,4,61.00,0.00,25.00,0.00,0.00,13.00,0.00,0.00,0.00,1.00
20:12:38,5,76.77,0.00,19.19,0.00,0.00,4.04,0.00,0.00,0.00,0.00
20:12:38,6,74.00,0.00,18.00,0.00,0.00,5.00,0.00,0.00,0.00,3.00
20:12:38,7,74.75,0.00,16.16,0.00,0.00,6.06,0.00,0.00,0.00,3.03
20:12:38,8,75.76,0.00,17.17,0.00,0.00,6.06,0.00,0.00,0.00,1.01
20:12:38,9,78.22,0.00,15.84,0.00,0.00,3.96,0.00,0.00,0.00,1.98
20:12:38,10,76.00,0.00,16.00,0.00,0.00,5.00,0.00,0.00,0.00,3.00
20:12:38,11,79.00,0.00,17.00,0.00,0.00,3.00,0.00,0.00,0.00,1.00
20:12:39,all,69.70,0.00,21.45,0.00,0.00,8.10,0.00,0.00,0.00,0.75
20:12:39,0,58.00,0.00,26.00,0.00,0.00,15.00,0.00,0.00,0.00,1.00
20:12:39,1,58.00,0.00,27.00,0.00,0.00,14.00,0.00,0.00,0.00,1.00
20:12:39,2,60.00,0.00,25.00,0.00,0.00,15.00,0.00,0.00,0.00,0.00
20:12:39,3,74.75,0.00,21.21,0.00,0.00,4.04,0.00,0.00,0.00,0.00
20:12:39,4,57.00,0.00,29.00,0.00,0.00,13.00,0.00,0.00,0.00,1.00
20:12:39,5,79.00,0.00,16.00,0.00,0.00,4.00,0.00,0.00,0.00,1.00
20:12:39,6,79.00,0.00,16.00,0.00,0.00,4.00,0.00,0.00,0.00,1.00
20:12:39,7,70.00,0.00,21.00,0.00,0.00,8.00,0.00,0.00,0.00,1.00
20:12:39,8,76.47,0.00,17.65,0.00,0.00,3.92,0.00,0.00,0.00,1.96
20:12:39,9,68.69,0.00,25.25,0.00,0.00,6.06,0.00,0.00,0.00,0.00
20:12:39,10,77.78,0.00,16.16,0.00,0.00,5.05,0.00,0.00,0.00,1.01
20:12:39,11,77.78,0.00,17.17,0.00,0.00,5.05,0.00,0.00,0.00,0.00
20:12:40,all,71.13,0.00,20.05,0.00,0.00,7.82,0.00,0.00,0.00,1.00
20:12:40,0,60.00,0.00,25.00,0.00,0.00,14.00,0.00,0.00,0.00,1.00
20:12:40,1,63.37,0.00,24.75,0.00,0.00,10.89,0.00,0.00,0.00,0.99
20:12:40,2,61.39,0.00,24.75,0.00,0.00,12.87,0.00,0.00,0.00,0.99
20:12:40,3,72.00,0.00,22.00,0.00,0.00,5.00,0.00,0.00,0.00,1.00
20:12:40,4,62.00,0.00,25.00,0.00,0.00,13.00,0.00,0.00,0.00,0.00
20:12:40,5,78.22,0.00,15.84,0.00,0.00,4.95,0.00,0.00,0.00,0.99
20:12:40,6,78.79,0.00,15.15,0.00,0.00,5.05,0.00,0.00,0.00,1.01
20:12:40,7,69.00,0.00,22.00,0.00,0.00,8.00,0.00,0.00,0.00,1.00
20:12:40,8,80.81,0.00,15.15,0.00,0.00,3.03,0.00,0.00,0.00,1.01
20:12:40,9,73.00,0.00,19.00,0.00,0.00,7.00,0.00,0.00,0.00,1.00
20:12:40,10,78.00,0.00,16.00,0.00,0.00,4.00,0.00,0.00,0.00,2.00
20:12:40,11,77.23,0.00,15.84,0.00,0.00,5.94,0.00,0.00,0.00,0.99
20:12:41,all,70.17,0.00,20.75,0.00,0.00,8.08,0.00,0.00,0.00,1.00
20:12:41,0,57.43,0.00,26.73,0.00,0.00,14.85,0.00,0.00,0.00,0.99
20:12:41,1,62.00,0.00,25.00,0.00,0.00,13.00,0.00,0.00,0.00,0.00
20:12:41,2,65.00,0.00,24.00,0.00,0.00,10.00,0.00,0.00,0.00,1.00
20:12:41,3,71.00,0.00,22.00,0.00,0.00,7.00,0.00,0.00,0.00,0.00
20:12:41,4,58.00,0.00,27.00,0.00,0.00,14.00,0.00,0.00,0.00,1.00
20:12:41,5,75.51,0.00,19.39,0.00,0.00,5.10,0.00,0.00,0.00,0.00
20:12:41,6,79.00,0.00,14.00,0.00,0.00,5.00,0.00,0.00,0.00,2.00
20:12:41,7,68.32,0.00,21.78,0.00,0.00,7.92,0.00,0.00,0.00,1.98
20:12:41,8,77.78,0.00,16.16,0.00,0.00,5.05,0.00,0.00,0.00,1.01
20:12:41,9,75.00,0.00,18.00,0.00,0.00,6.00,0.00,0.00,0.00,1.00
20:12:41,10,75.00,0.00,18.00,0.00,0.00,5.00,0.00,0.00,0.00,2.00
20:12:41,11,78.22,0.00,16.83,0.00,0.00,3.96,0.00,0.00,0.00,0.99
20:12:42,all,71.07,0.00,20.07,0.00,0.00,7.27,0.00,0.00,0.00,1.59
20:12:42,0,57.58,0.00,27.27,0.00,0.00,15.15,0.00,0.00,0.00,0.00
20:12:42,1,60.61,0.00,25.25,0.00,0.00,13.13,0.00,0.00,0.00,1.01
20:12:42,2,72.00,0.00,21.00,0.00,0.00,7.00,0.00,0.00,0.00,0.00
20:12:42,3,67.68,0.00,23.23,0.00,0.00,8.08,0.00,0.00,0.00,1.01
20:12:42,4,63.00,0.00,25.00,0.00,0.00,12.00,0.00,0.00,0.00,0.00
20:12:42,5,78.22,0.00,15.84,0.00,0.00,4.95,0.00,0.00,0.00,0.99
20:12:42,6,75.00,0.00,16.00,0.00,0.00,4.00,0.00,0.00,0.00,5.00
20:12:42,7,77.55,0.00,16.33,0.00,0.00,3.06,0.00,0.00,0.00,3.06
20:12:42,8,73.00,0.00,21.00,0.00,0.00,5.00,0.00,0.00,0.00,1.00
20:12:42,9,72.00,0.00,21.00,0.00,0.00,6.00,0.00,0.00,0.00,1.00
20:12:42,10,76.00,0.00,14.00,0.00,0.00,5.00,0.00,0.00,0.00,5.00
20:12:42,11,80.00,0.00,15.00,0.00,0.00,4.00,0.00,0.00,0.00,1.00
20:12:43,all,70.26,0.00,20.55,0.00,0.00,7.60,0.00,0.00,0.00,1.59
20:12:43,0,59.00,0.00,26.00,0.00,0.00,14.00,0.00,0.00,0.00,1.00
20:12:43,1,63.00,0.00,24.00,0.00,0.00,12.00,0.00,0.00,0.00,1.00
20:12:43,2,68.00,0.00,26.00,0.00,0.00,5.00,0.00,0.00,0.00,1.00
20:12:43,3,66.00,0.00,21.00,0.00,0.00,12.00,0.00,0.00,0.00,1.00
20:12:43,4,58.00,0.00,26.00,0.00,0.00,15.00,0.00,0.00,0.00,1.00
20:12:43,5,77.78,0.00,17.17,0.00,0.00,4.04,0.00,0.00,0.00,1.01
20:12:43,6,76.00,0.00,17.00,0.00,0.00,5.00,0.00,0.00,0.00,2.00
20:12:43,7,73.00,0.00,19.00,0.00,0.00,5.00,0.00,0.00,0.00,3.00
20:12:43,8,74.75,0.00,18.18,0.00,0.00,5.05,0.00,0.00,0.00,2.02
20:12:43,9,70.71,0.00,22.22,0.00,0.00,6.06,0.00,0.00,0.00,1.01
20:12:43,10,77.23,0.00,14.85,0.00,0.00,3.96,0.00,0.00,0.00,3.96
20:12:43,11,79.80,0.00,15.15,0.00,0.00,4.04,0.00,0.00,0.00,1.01
20:12:44,all,70.52,0.00,20.48,0.00,0.00,7.66,0.00,0.00,0.00,1.33
20:12:44,0,60.40,0.00,26.73,0.00,0.00,11.88,0.00,0.00,0.00,0.99
20:12:44,1,64.00,0.00,27.00,0.00,0.00,8.00,0.00,0.00,0.00,1.00
20:12:44,2,63.64,0.00,24.24,0.00,0.00,12.12,0.00,0.00,0.00,0.00
20:12:44,3,58.82,0.00,25.49,0.00,0.00,14.71,0.00,0.00,0.00,0.98
20:12:44,4,68.00,0.00,21.00,0.00,0.00,10.00,0.00,0.00,0.00,1.00
20:12:44,5,76.24,0.00,16.83,0.00,0.00,5.94,0.00,0.00,0.00,0.99
20:12:44,6,72.00,0.00,19.00,0.00,0.00,6.00,0.00,0.00,0.00,3.00
20:12:44,7,75.00,0.00,19.00,0.00,0.00,4.00,0.00,0.00,0.00,2.00
20:12:44,8,76.00,0.00,17.00,0.00,0.00,5.00,0.00,0.00,0.00,2.00
20:12:44,9,75.00,0.00,17.00,0.00,0.00,6.00,0.00,0.00,0.00,2.00
20:12:44,10,77.55,0.00,18.37,0.00,0.00,3.06,0.00,0.00,0.00,1.02
20:12:44,11,80.00,0.00,14.00,0.00,0.00,5.00,0.00,0.00,0.00,1.00
20:12:45,all,70.09,0.00,21.22,0.00,0.00,7.52,0.00,0.00,0.00,1.17
20:12:45,0,61.62,0.00,24.24,0.00,0.00,13.13,0.00,0.00,0.00,1.01
20:12:45,1,58.00,0.00,27.00,0.00,0.00,14.00,0.00,0.00,0.00,1.00
20:12:45,2,70.71,0.00,22.22,0.00,0.00,6.06,0.00,0.00,0.00,1.01
20:12:45,3,57.58,0.00,27.27,0.00,0.00,14.14,0.00,0.00,0.00,1.01
20:12:45,4,62.63,0.00,28.28,0.00,0.00,9.09,0.00,0.00,0.00,0.00
20:12:45,5,75.51,0.00,18.37,0.00,0.00,6.12,0.00,0.00,0.00,0.00
20:12:45,6,75.00,0.00,18.00,0.00,0.00,6.00,0.00,0.00,0.00,1.00
20:12:45,7,76.24,0.00,16.83,0.00,0.00,3.96,0.00,0.00,0.00,2.97
20:12:45,8,72.28,0.00,19.80,0.00,0.00,5.94,0.00,0.00,0.00,1.98
20:12:45,9,76.24,0.00,16.83,0.00,0.00,4.95,0.00,0.00,0.00,1.98
20:12:45,10,78.00,0.00,17.00,0.00,0.00,4.00,0.00,0.00,0.00,1.00
20:12:45,11,77.00,0.00,19.00,0.00,0.00,3.00,0.00,0.00,0.00,1.00
20:12:46,all,69.59,0.00,21.22,0.00,0.00,7.94,0.00,0.00,0.00,1.25
20:12:46,0,67.00,0.00,24.00,0.00,0.00,8.00,0.00,0.00,0.00,1.00
20:12:46,1,57.58,0.00,27.27,0.00,0.00,15.15,0.00,0.00,0.00,0.00
20:12:46,2,62.00,0.00,26.00,0.00,0.00,11.00,0.00,0.00,0.00,1.00
20:12:46,3,63.00,0.00,25.00,0.00,0.00,12.00,0.00,0.00,0.00,0.00
20:12:46,4,59.00,0.00,27.00,0.00,0.00,14.00,0.00,0.00,0.00,0.00
20:12:46,5,74.26,0.00,19.80,0.00,0.00,4.95,0.00,0.00,0.00,0.99
20:12:46,6,72.73,0.00,21.21,0.00,0.00,5.05,0.00,0.00,0.00,1.01
20:12:46,7,71.72,0.00,19.19,0.00,0.00,6.06,0.00,0.00,0.00,3.03
20:12:46,8,73.74,0.00,18.18,0.00,0.00,6.06,0.00,0.00,0.00,2.02
20:12:46,9,77.78,0.00,14.14,0.00,0.00,5.05,0.00,0.00,0.00,3.03
20:12:46,10,75.25,0.00,17.82,0.00,0.00,3.96,0.00,0.00,0.00,2.97
20:12:46,11,81.00,0.00,15.00,0.00,0.00,4.00,0.00,0.00,0.00,0.00
20:12:47,all,69.48,0.00,21.40,0.00,0.00,7.36,0.00,0.00,0.00,1.76
20:12:47,0,66.00,0.00,26.00,0.00,0.00,8.00,0.00,0.00,0.00,0.00
20:12:47,1,62.00,0.00,26.00,0.00,0.00,11.00,0.00,0.00,0.00,1.00
20:12:47,2,66.00,0.00,23.00,0.00,0.00,10.00,0.00,0.00,0.00,1.00
20:12:47,3,61.00,0.00,25.00,0.00,0.00,13.00,0.00,0.00,0.00,1.00
20:12:47,4,57.00,0.00,28.00,0.00,0.00,14.00,0.00,0.00,0.00,1.00
20:12:47,5,74.26,0.00,17.82,0.00,0.00,5.94,0.00,0.00,0.00,1.98
20:12:47,6,75.51,0.00,19.39,0.00,0.00,3.06,0.00,0.00,0.00,2.04
20:12:47,7,73.74,0.00,18.18,0.00,0.00,4.04,0.00,0.00,0.00,4.04
20:12:47,8,73.00,0.00,19.00,0.00,0.00,6.00,0.00,0.00,0.00,2.00
20:12:47,9,70.71,0.00,21.21,0.00,0.00,6.06,0.00,0.00,0.00,2.02
20:12:47,10,78.79,0.00,14.14,0.00,0.00,4.04,0.00,0.00,0.00,3.03
20:12:47,11,76.00,0.00,19.00,0.00,0.00,3.00,0.00,0.00,0.00,2.00
20:12:48,all,70.33,0.00,21.29,0.00,0.00,7.29,0.00,0.00,0.00,1.09
20:12:48,0,65.66,0.00,24.24,0.00,0.00,9.09,0.00,0.00,0.00,1.01
20:12:48,1,66.67,0.00,23.23,0.00,0.00,10.10,0.00,0.00,0.00,0.00
20:12:48,2,59.41,0.00,26.73,0.00,0.00,12.87,0.00,0.00,0.00,0.99
20:12:48,3,63.64,0.00,29.29,0.00,0.00,7.07,0.00,0.00,0.00,0.00
20:12:48,4,57.58,0.00,27.27,0.00,0.00,14.14,0.00,0.00,0.00,1.01
20:12:48,5,79.59,0.00,16.33,0.00,0.00,4.08,0.00,0.00,0.00,0.00
20:12:48,6,72.28,0.00,21.78,0.00,0.00,4.95,0.00,0.00,0.00,0.99
20:12:48,7,75.76,0.00,18.18,0.00,0.00,5.05,0.00,0.00,0.00,1.01
20:12:48,8,72.73,0.00,21.21,0.00,0.00,5.05,0.00,0.00,0.00,1.01
20:12:48,9,77.00,0.00,16.00,0.00,0.00,6.00,0.00,0.00,0.00,1.00
20:12:48,10,75.00,0.00,15.00,0.00,0.00,4.00,0.00,0.00,0.00,6.00
20:12:48,11,78.79,0.00,16.16,0.00,0.00,5.05,0.00,0.00,0.00,0.00
20:12:49,all,70.18,0.00,20.35,0.00,0.00,7.64,0.00,0.00,0.00,1.83
20:12:49,0,58.82,0.00,27.45,0.00,0.00,12.75,0.00,0.00,0.00,0.98
20:12:49,1,69.00,0.00,22.00,0.00,0.00,8.00,0.00,0.00,0.00,1.00
20:12:49,2,61.00,0.00,25.00,0.00,0.00,13.00,0.00,0.00,0.00,1.00
20:12:49,3,61.39,0.00,25.74,0.00,0.00,11.88,0.00,0.00,0.00,0.99
20:12:49,4,65.35,0.00,23.76,0.00,0.00,9.90,0.00,0.00,0.00,0.99
20:12:49,5,73.00,0.00,19.00,0.00,0.00,7.00,0.00,0.00,0.00,1.00
20:12:49,6,76.00,0.00,16.00,0.00,0.00,4.00,0.00,0.00,0.00,4.00
20:12:49,7,75.00,0.00,17.00,0.00,0.00,6.00,0.00,0.00,0.00,2.00
20:12:49,8,71.00,0.00,19.00,0.00,0.00,5.00,0.00,0.00,0.00,5.00
20:12:49,9,76.24,0.00,16.83,0.00,0.00,4.95,0.00,0.00,0.00,1.98
20:12:49,10,77.78,0.00,16.16,0.00,0.00,4.04,0.00,0.00,0.00,2.02
20:12:49,11,78.00,0.00,16.00,0.00,0.00,5.00,0.00,0.00,0.00,1.00
20:12:50,all,69.75,0.00,20.08,0.00,0.00,7.31,0.00,0.00,0.00,2.86
20:12:50,0,61.62,0.00,25.25,0.00,0.00,11.11,0.00,0.00,0.00,2.02
20:12:50,1,69.70,0.00,22.22,0.00,0.00,6.06,0.00,0.00,0.00,2.02
20:12:50,2,72.45,0.00,19.39,0.00,0.00,7.14,0.00,0.00,0.00,1.02
20:12:50,3,59.00,0.00,24.00,0.00,0.00,16.00,0.00,0.00,0.00,1.00
20:12:50,4,58.00,0.00,26.00,0.00,0.00,14.00,0.00,0.00,0.00,2.00
20:12:50,5,77.78,0.00,18.18,0.00,0.00,3.03,0.00,0.00,0.00,1.01
20:12:50,6,75.76,0.00,17.17,0.00,0.00,4.04,0.00,0.00,0.00,3.03
20:12:50,7,69.70,0.00,20.20,0.00,0.00,7.07,0.00,0.00,0.00,3.03
20:12:50,8,70.71,0.00,19.19,0.00,0.00,5.05,0.00,0.00,0.00,5.05
20:12:50,9,73.74,0.00,16.16,0.00,0.00,6.06,0.00,0.00,0.00,4.04
20:12:50,10,75.76,0.00,14.14,0.00,0.00,4.04,0.00,0.00,0.00,6.06
20:12:50,11,73.00,0.00,19.00,0.00,0.00,4.00,0.00,0.00,0.00,4.00
20:12:51,all,74.10,0.00,18.73,0.00,0.00,6.16,0.00,0.00,0.00,1.00
20:12:51,0,74.75,0.00,19.19,0.00,0.00,5.05,0.00,0.00,0.00,1.01
20:12:51,1,60.40,0.00,25.74,0.00,0.00,12.87,0.00,0.00,0.00,0.99
20:12:51,2,61.39,0.00,26.73,0.00,0.00,10.89,0.00,0.00,0.00,0.99
20:12:51,3,70.00,0.00,22.00,0.00,0.00,8.00,0.00,0.00,0.00,0.00
20:12:51,4,69.70,0.00,21.21,0.00,0.00,9.09,0.00,0.00,0.00,0.00
20:12:51,5,78.22,0.00,15.84,0.00,0.00,4.95,0.00,0.00,0.00,0.99
20:12:51,6,79.00,0.00,16.00,0.00,0.00,4.00,0.00,0.00,0.00,1.00
20:12:51,7,75.76,0.00,17.17,0.00,0.00,5.05,0.00,0.00,0.00,2.02
20:12:51,8,74.00,0.00,20.00,0.00,0.00,5.00,0.00,0.00,0.00,1.00
20:12:51,9,81.00,0.00,14.00,0.00,0.00,3.00,0.00,0.00,0.00,2.00
20:12:51,10,85.15,0.00,10.89,0.00,0.00,1.98,0.00,0.00,0.00,1.98
20:12:51,11,80.00,0.00,16.00,0.00,0.00,4.00,0.00,0.00,0.00,0.00
20:12:52,all,71.04,0.00,20.03,0.08,0.00,7.10,0.00,0.00,0.00,1.75
20:12:52,0,69.00,0.00,23.00,0.00,0.00,8.00,0.00,0.00,0.00,0.00
20:12:52,1,58.42,0.00,24.75,0.00,0.00,15.84,0.00,0.00,0.00,0.99
20:12:52,2,66.67,0.00,22.22,0.00,0.00,11.11,0.00,0.00,0.00,0.00
20:12:52,3,58.00,0.00,27.00,0.00,0.00,14.00,0.00,0.00,0.00,1.00
20:12:52,4,72.73,0.00,20.20,0.00,0.00,5.05,0.00,0.00,0.00,2.02
20:12:52,5,74.75,0.00,20.20,0.00,0.00,5.05,0.00,0.00,0.00,0.00
20:12:52,6,75.25,0.00,14.85,0.99,0.00,4.95,0.00,0.00,0.00,3.96
20:12:52,7,75.00,0.00,17.00,0.00,0.00,4.00,0.00,0.00,0.00,4.00
20:12:52,8,70.30,0.00,20.79,0.00,0.00,6.93,0.00,0.00,0.00,1.98
20:12:52,9,78.79,0.00,15.15,0.00,0.00,3.03,0.00,0.00,0.00,3.03
20:12:52,10,77.55,0.00,17.35,0.00,0.00,2.04,0.00,0.00,0.00,3.06
20:12:52,11,76.24,0.00,17.82,0.00,0.00,4.95,0.00,0.00,0.00,0.99
20:12:53,all,70.12,0.00,20.78,0.00,0.00,7.93,0.00,0.00,0.00,1.17
20:12:53,0,58.42,0.00,25.74,0.00,0.00,14.85,0.00,0.00,0.00,0.99
20:12:53,1,68.37,0.00,24.49,0.00,0.00,7.14,0.00,0.00,0.00,0.00
20:12:53,2,64.00,0.00,24.00,0.00,0.00,11.00,0.00,0.00,0.00,1.00
20:12:53,3,61.39,0.00,22.77,0.00,0.00,14.85,0.00,0.00,0.00,0.99
20:12:53,4,62.00,0.00,26.00,0.00,0.00,11.00,0.00,0.00,0.00,1.00
20:12:53,5,74.26,0.00,19.80,0.00,0.00,4.95,0.00,0.00,0.00,0.99
20:12:53,6,73.00,0.00,19.00,0.00,0.00,6.00,0.00,0.00,0.00,2.00
20:12:53,7,76.53,0.00,16.33,0.00,0.00,6.12,0.00,0.00,0.00,1.02
20:12:53,8,76.77,0.00,18.18,0.00,0.00,4.04,0.00,0.00,0.00,1.01
20:12:53,9,71.00,0.00,20.00,0.00,0.00,7.00,0.00,0.00,0.00,2.00
20:12:53,10,75.25,0.00,18.81,0.00,0.00,3.96,0.00,0.00,0.00,1.98
20:12:53,11,80.81,0.00,14.14,0.00,0.00,4.04,0.00,0.00,0.00,1.01
20:12:54,all,70.50,0.00,20.00,0.00,0.00,8.00,0.00,0.00,0.00,1.50
20:12:54,0,59.18,0.00,25.51,0.00,0.00,15.31,0.00,0.00,0.00,0.00
20:12:54,1,72.28,0.00,21.78,0.00,0.00,5.94,0.00,0.00,0.00,0.00
20:12:54,2,71.00,0.00,19.00,0.00,0.00,9.00,0.00,0.00,0.00,1.00
20:12:54,3,58.59,0.00,27.27,0.00,0.00,14.14,0.00,0.00,0.00,0.00
20:12:54,4,61.00,0.00,24.00,0.00,0.00,15.00,0.00,0.00,0.00,0.00
20:12:54,5,77.00,0.00,17.00,0.00,0.00,5.00,0.00,0.00,0.00,1.00
20:12:54,6,72.00,0.00,18.00,0.00,0.00,6.00,0.00,0.00,0.00,4.00
20:12:54,7,77.23,0.00,15.84,0.00,0.00,5.94,0.00,0.00,0.00,0.99
20:12:54,8,72.28,0.00,19.80,0.00,0.00,5.94,0.00,0.00,0.00,1.98
20:12:54,9,73.00,0.00,18.00,0.00,0.00,6.00,0.00,0.00,0.00,3.00
20:12:54,10,75.76,0.00,16.16,0.00,0.00,3.03,0.00,0.00,0.00,5.05
20:12:54,11,76.24,0.00,17.82,0.00,0.00,4.95,0.00,0.00,0.00,0.99
20:12:55,all,69.57,0.00,20.90,0.00,0.00,7.53,0.00,0.00,0.00,2.01
20:12:55,0,57.00,0.00,29.00,0.00,0.00,12.00,0.00,0.00,0.00,2.00
20:12:55,1,60.00,0.00,28.00,0.00,0.00,11.00,0.00,0.00,0.00,1.00
20:12:55,2,63.00,0.00,25.00,0.00,0.00,10.00,0.00,0.00,0.00,2.00
20:12:55,3,63.64,0.00,24.24,0.00,0.00,11.11,0.00,0.00,0.00,1.01
20:12:55,4,64.65,0.00,22.22,0.00,0.00,12.12,0.00,0.00,0.00,1.01
20:12:55,5,79.80,0.00,16.16,0.00,0.00,3.03,0.00,0.00,0.00,1.01
20:12:55,6,70.30,0.00,19.80,0.00,0.00,6.93,0.00,0.00,0.00,2.97
20:12:55,7,78.79,0.00,14.14,0.00,0.00,4.04,0.00,0.00,0.00,3.03
20:12:55,8,73.74,0.00,19.19,0.00,0.00,6.06,0.00,0.00,0.00,1.01
20:12:55,9,70.30,0.00,20.79,0.00,0.00,5.94,0.00,0.00,0.00,2.97
20:12:55,10,76.77,0.00,14.14,0.00,0.00,4.04,0.00,0.00,0.00,5.05
20:12:55,11,77.00,0.00,18.00,0.00,0.00,4.00,0.00,0.00,0.00,1.00
20:12:56,all,69.98,0.00,20.74,0.08,0.00,7.86,0.00,0.00,0.00,1.34
20:12:56,0,59.00,0.00,29.00,0.00,0.00,12.00,0.00,0.00,0.00,0.00
20:12:56,1,61.62,0.00,26.26,0.00,0.00,12.12,0.00,0.00,0.00,0.00
20:12:56,2,73.74,0.00,19.19,0.00,0.00,7.07,0.00,0.00,0.00,0.00
20:12:56,3,62.00,0.00,25.00,0.00,0.00,12.00,0.00,0.00,0.00,1.00
20:12:56,4,57.43,0.00,26.73,0.00,0.00,14.85,0.00,0.00,0.00,0.99
20:12:56,5,78.00,0.00,16.00,0.00,0.00,5.00,0.00,0.00,0.00,1.00
20:12:56,6,70.41,0.00,20.41,0.00,0.00,5.10,0.00,0.00,0.00,4.08
20:12:56,7,71.00,0.00,20.00,0.00,0.00,7.00,0.00,0.00,0.00,2.00
20:12:56,8,75.00,0.00,19.00,0.00,0.00,5.00,0.00,0.00,0.00,1.00
20:12:56,9,76.53,0.00,16.33,0.00,0.00,6.12,0.00,0.00,0.00,1.02
20:12:56,10,75.49,0.00,14.71,0.98,0.00,3.92,0.00,0.00,0.00,4.90
20:12:56,11,79.80,0.00,16.16,0.00,0.00,4.04,0.00,0.00,0.00,0.00
20:12:57,all,71.56,0.00,19.93,0.00,0.00,7.34,0.00,0.00,0.00,1.17
20:12:57,0,63.00,0.00,27.00,0.00,0.00,9.00,0.00,0.00,0.00,1.00
20:12:57,1,59.00,0.00,26.00,0.00,0.00,14.00,0.00,0.00,0.00,1.00
20:12:57,2,70.30,0.00,19.80,0.00,0.00,8.91,0.00,0.00,0.00,0.99
20:12:57,3,60.00,0.00,27.00,0.00,0.00,12.00,0.00,0.00,0.00,1.00
20:12:57,4,61.62,0.00,25.25,0.00,0.00,12.12,0.00,0.00,0.00,1.01
20:12:57,5,80.00,0.00,15.00,0.00,0.00,5.00,0.00,0.00,0.00,0.00
20:12:57,6,72.73,0.00,20.20,0.00,0.00,6.06,0.00,0.00,0.00,1.01
20:12:57,7,81.00,0.00,15.00,0.00,0.00,3.00,0.00,0.00,0.00,1.00
20:12:57,8,74.75,0.00,17.17,0.00,0.00,6.06,0.00,0.00,0.00,2.02
20:12:57,9,81.19,0.00,13.86,0.00,0.00,2.97,0.00,0.00,0.00,1.98
20:12:57,10,76.77,0.00,16.16,0.00,0.00,5.05,0.00,0.00,0.00,2.02
20:12:57,11,78.22,0.00,16.83,0.00,0.00,3.96,0.00,0.00,0.00,0.99
20:12:58,all,74.48,0.00,18.66,0.00,0.00,6.36,0.00,0.00,0.00,0.50
20:12:58,0,77.23,0.00,17.82,0.00,0.00,4.95,0.00,0.00,0.00,0.00
20:12:58,1,57.00,0.00,30.00,0.00,0.00,12.00,0.00,0.00,0.00,1.00
20:12:58,2,61.22,0.00,26.53,0.00,0.00,12.24,0.00,0.00,0.00,0.00
20:12:58,3,60.00,0.00,27.00,0.00,0.00,13.00,0.00,0.00,0.00,0.00
20:12:58,4,79.00,0.00,16.00,0.00,0.00,5.00,0.00,0.00,0.00,0.00
20:12:58,5,79.00,0.00,15.00,0.00,0.00,5.00,0.00,0.00,0.00,1.00
20:12:58,6,76.00,0.00,17.00,0.00,0.00,6.00,0.00,0.00,0.00,1.00
20:12:58,7,79.80,0.00,16.16,0.00,0.00,3.03,0.00,0.00,0.00,1.01
20:12:58,8,76.77,0.00,17.17,0.00,0.00,5.05,0.00,0.00,0.00,1.01
20:12:58,9,82.83,0.00,13.13,0.00,0.00,3.03,0.00,0.00,0.00,1.01
20:12:58,10,81.00,0.00,14.00,0.00,0.00,5.00,0.00,0.00,0.00,0.00
20:12:58,11,83.84,0.00,14.14,0.00,0.00,2.02,0.00,0.00,0.00,0.00
20:12:59,all,74.38,0.00,18.47,0.00,0.00,6.16,0.00,0.00,0.00,1.00
20:12:59,0,63.27,0.00,27.55,0.00,0.00,9.18,0.00,0.00,0.00,0.00
20:12:59,1,55.45,0.00,28.71,0.00,0.00,14.85,0.00,0.00,0.00,0.99
20:12:59,2,64.36,0.00,23.76,0.00,0.00,10.89,0.00,0.00,0.00,0.99
20:12:59,3,77.00,0.00,16.00,0.00,0.00,6.00,0.00,0.00,0.00,1.00
20:12:59,4,80.20,0.00,13.86,0.00,0.00,4.95,0.00,0.00,0.00,0.99
20:12:59,5,78.00,0.00,18.00,0.00,0.00,4.00,0.00,0.00,0.00,0.00
20:12:59,6,77.00,0.00,17.00,0.00,0.00,5.00,0.00,0.00,0.00,1.00
20:12:59,7,75.25,0.00,17.82,0.00,0.00,4.95,0.00,0.00,0.00,1.98
20:12:59,8,76.00,0.00,17.00,0.00,0.00,5.00,0.00,0.00,0.00,2.00
20:12:59,9,80.00,0.00,15.00,0.00,0.00,4.00,0.00,0.00,0.00,1.00
20:12:59,10,84.85,0.00,12.12,0.00,0.00,2.02,0.00,0.00,0.00,1.01
20:12:59,11,81.19,0.00,14.85,0.00,0.00,2.97,0.00,0.00,0.00,0.99
20:13:00,all,70.75,0.00,20.79,0.00,0.00,7.63,0.00,0.00,0.00,0.84
20:13:00,0,70.00,0.00,23.00,0.00,0.00,6.00,0.00,0.00,0.00,1.00
20:13:00,1,61.22,0.00,26.53,0.00,0.00,12.24,0.00,0.00,0.00,0.00
20:13:00,2,59.60,0.00,26.26,0.00,0.00,14.14,0.00,0.00,0.00,0.00
20:13:00,3,61.00,0.00,27.00,0.00,0.00,12.00,0.00,0.00,0.00,0.00
20:13:00,4,65.66,0.00,21.21,0.00,0.00,13.13,0.00,0.00,0.00,0.00
20:13:00,5,77.23,0.00,16.83,0.00,0.00,4.95,0.00,0.00,0.00,0.99
20:13:00,6,75.76,0.00,18.18,0.00,0.00,5.05,0.00,0.00,0.00,1.01
20:13:00,7,80.61,0.00,14.29,0.00,0.00,4.08,0.00,0.00,0.00,1.02
20:13:00,8,76.00,0.00,17.00,0.00,0.00,4.00,0.00,0.00,0.00,3.00
20:13:00,9,66.67,0.00,25.25,0.00,0.00,7.07,0.00,0.00,0.00,1.01
20:13:00,10,76.24,0.00,17.82,0.00,0.00,3.96,0.00,0.00,0.00,1.98
20:13:00,11,78.79,0.00,16.16,0.00,0.00,5.05,0.00,0.00,0.00,0.00
20:13:01,all,69.72,0.00,20.80,0.00,0.00,7.99,0.00,0.00,0.00,1.50
20:13:01,0,61.62,0.00,25.25,0.00,0.00,12.12,0.00,0.00,0.00,1.01
20:13:01,1,59.41,0.00,25.74,0.00,0.00,13.86,0.00,0.00,0.00,0.99
20:13:01,2,63.37,0.00,23.76,0.00,0.00,11.88,0.00,0.00,0.00,0.99
20:13:01,3,60.00,0.00,26.00,0.00,0.00,13.00,0.00,0.00,0.00,1.00
20:13:01,4,61.00,0.00,28.00,0.00,0.00,10.00,0.00,0.00,0.00,1.00
20:13:01,5,79.00,0.00,15.00,0.00,0.00,6.00,0.00,0.00,0.00,0.00
20:13:01,6,76.00,0.00,18.00,0.00,0.00,4.00,0.00,0.00,0.00,2.00
20:13:01,7,77.00,0.00,17.00,0.00,0.00,4.00,0.00,0.00,0.00,2.00
20:13:01,8,76.00,0.00,17.00,0.00,0.00,5.00,0.00,0.00,0.00,2.00
20:13:01,9,68.63,0.00,20.59,0.00,0.00,6.86,0.00,0.00,0.00,3.92
20:13:01,10,75.76,0.00,17.17,0.00,0.00,5.05,0.00,0.00,0.00,2.02
20:13:01,11,79.00,0.00,16.00,0.00,0.00,4.00,0.00,0.00,0.00,1.00
20:13:02,all,70.26,0.00,20.63,0.00,0.00,7.77,0.00,0.00,0.00,1.34
20:13:02,0,70.30,0.00,23.76,0.00,0.00,5.94,0.00,0.00,0.00,0.00
20:13:02,1,57.58,0.00,26.26,0.00,0.00,15.15,0.00,0.00,0.00,1.01
20:13:02,2,60.61,0.00,25.25,0.00,0.00,13.13,0.00,0.00,0.00,1.01
20:13:02,3,63.00,0.00,25.00,0.00,0.00,11.00,0.00,0.00,0.00,1.00
20:13:02,4,58.59,0.00,27.27,0.00,0.00,13.13,0.00,0.00,0.00,1.01
20:13:02,5,74.00,0.00,19.00,0.00,0.00,6.00,0.00,0.00,0.00,1.00
20:13:02,6,76.00,0.00,18.00,0.00,0.00,5.00,0.00,0.00,0.00,1.00
20:13:02,7,75.25,0.00,16.83,0.00,0.00,4.95,0.00,0.00,0.00,2.97
20:13:02,8,73.00,0.00,19.00,0.00,0.00,6.00,0.00,0.00,0.00,2.00
20:13:02,9,78.79,0.00,15.15,0.00,0.00,4.04,0.00,0.00,0.00,2.02
20:13:02,10,77.00,0.00,16.00,0.00,0.00,5.00,0.00,0.00,0.00,2.00
20:13:02,11,78.79,0.00,16.16,0.00,0.00,4.04,0.00,0.00,0.00,1.01
20:13:03,all,71.02,0.00,20.60,0.00,0.00,7.54,0.00,0.00,0.00,0.84
20:13:03,0,62.63,0.00,26.26,0.00,0.00,10.10,0.00,0.00,0.00,1.01
20:13:03,1,60.00,0.00,27.00,0.00,0.00,13.00,0.00,0.00,0.00,0.00
20:13:03,2,59.41,0.00,25.74,0.00,0.00,13.86,0.00,0.00,0.00,0.99
20:13:03,3,64.65,0.00,23.23,0.00,0.00,12.12,0.00,0.00,0.00,0.00
20:13:03,4,67.33,0.00,22.77,0.00,0.00,8.91,0.00,0.00,0.00,0.99
20:13:03,5,75.51,0.00,19.39,0.00,0.00,5.10,0.00,0.00,0.00,0.00
20:13:03,6,77.78,0.00,17.17,0.00,0.00,3.03,0.00,0.00,0.00,2.02
20:13:03,7,75.51,0.00,18.37,0.00,0.00,5.10,0.00,0.00,0.00,1.02
20:13:03,8,75.00,0.00,19.00,0.00,0.00,4.00,0.00,0.00,0.00,2.00
20:13:03,9,76.00,0.00,16.00,0.00,0.00,7.00,0.00,0.00,0.00,1.00
20:13:03,10,79.80,0.00,15.15,0.00,0.00,4.04,0.00,0.00,0.00,1.01
20:13:03,11,79.00,0.00,17.00,0.00,0.00,4.00,0.00,0.00,0.00,0.00
20:13:04,all,69.26,0.00,20.63,0.00,0.00,8.19,0.00,0.00,0.00,1.92
20:13:04,0,63.00,0.00,26.00,0.00,0.00,10.00,0.00,0.00,0.00,1.00
20:13:04,1,59.00,0.00,24.00,0.00,0.00,16.00,0.00,0.00,0.00,1.00
20:13:04,2,61.00,0.00,25.00,0.00,0.00,13.00,0.00,0.00,0.00,1.00
20:13:04,3,56.00,0.00,26.00,0.00,0.00,17.00,0.00,0.00,0.00,1.00
20:13:04,4,71.72,0.00,22.22,0.00,0.00,6.06,0.00,0.00,0.00,0.00
20:13:04,5,78.00,0.00,17.00,0.00,0.00,4.00,0.00,0.00,0.00,1.00
20:13:04,6,77.00,0.00,16.00,0.00,0.00,5.00,0.00,0.00,0.00,2.00
20:13:04,7,72.73,0.00,16.16,0.00,0.00,6.06,0.00,0.00,0.00,5.05
20:13:04,8,68.32,0.00,22.77,0.00,0.00,5.94,0.00,0.00,0.00,2.97
20:13:04,9,66.33,0.00,21.43,0.00,0.00,6.12,0.00,0.00,0.00,6.12
20:13:04,10,77.78,0.00,16.16,0.00,0.00,5.05,0.00,0.00,0.00,1.01
20:13:04,11,80.20,0.00,14.85,0.00,0.00,3.96,0.00,0.00,0.00,0.99
20:13:05,all,70.09,0.00,20.80,0.00,0.00,7.85,0.00,0.00,0.00,1.25
20:13:05,0,61.62,0.00,25.25,0.00,0.00,13.13,0.00,0.00,0.00,0.00
20:13:05,1,64.65,0.00,24.24,0.00,0.00,11.11,0.00,0.00,0.00,0.00
20:13:05,2,63.64,0.00,25.25,0.00,0.00,11.11,0.00,0.00,0.00,0.00
20:13:05,3,61.00,0.00,25.00,0.00,0.00,13.00,0.00,0.00,0.00,1.00
20:13:05,4,64.00,0.00,25.00,0.00,0.00,10.00,0.00,0.00,0.00,1.00
20:13:05,5,74.00,0.00,20.00,0.00,0.00,5.00,0.00,0.00,0.00,1.00
20:13:05,6,75.76,0.00,18.18,0.00,0.00,5.05,0.00,0.00,0.00,1.01
20:13:05,7,76.24,0.00,15.84,0.00,0.00,4.95,0.00,0.00,0.00,2.97
20:13:05,8,73.00,0.00,19.00,0.00,0.00,6.00,0.00,0.00,0.00,2.00
20:13:05,9,67.68,0.00,21.21,0.00,0.00,7.07,0.00,0.00,0.00,4.04
20:13:05,10,79.21,0.00,15.84,0.00,0.00,3.96,0.00,0.00,0.00,0.99
20:13:05,11,80.00,0.00,15.00,0.00,0.00,4.00,0.00,0.00,0.00,1.00
20:13:06,all,70.14,0.00,20.77,0.00,0.00,7.51,0.00,0.00,0.00,1.58
20:13:06,0,60.00,0.00,26.00,0.00,0.00,13.00,0.00,0.00,0.00,1.00
20:13:06,1,61.39,0.00,24.75,0.00,0.00,12.87,0.00,0.00,0.00,0.99
20:13:06,2,66.34,0.00,20.79,0.00,0.00,11.88,0.00,0.00,0.00,0.99
20:13:06,3,57.43,0.00,25.74,0.00,0.00,15.84,0.00,0.00,0.00,0.99
20:13:06,4,67.00,0.00,27.00,0.00,0.00,6.00,0.00,0.00,0.00,0.00
20:13:06,5,78.00,0.00,16.00,0.00,0.00,6.00,0.00,0.00,0.00,0.00
20:13:06,6,73.27,0.00,19.80,0.00,0.00,4.95,0.00,0.00,0.00,1.98
20:13:06,7,72.73,0.00,20.20,0.00,0.00,3.03,0.00,0.00,0.00,4.04
20:13:06,8,71.72,0.00,19.19,0.00,0.00,5.05,0.00,0.00,0.00,4.04
20:13:06,9,75.51,0.00,18.37,0.00,0.00,3.06,0.00,0.00,0.00,3.06
20:13:06,10,78.00,0.00,16.00,0.00,0.00,4.00,0.00,0.00,0.00,2.00
20:13:06,11,80.81,0.00,15.15,0.00,0.00,4.04,0.00,0.00,0.00,0.00
20:13:07,all,69.67,0.00,21.14,0.00,0.00,8.02,0.00,0.00,0.00,1.17
20:13:07,0,62.00,0.00,27.00,0.00,0.00,10.00,0.00,0.00,0.00,1.00
20:13:07,1,62.63,0.00,25.25,0.00,0.00,11.11,0.00,0.00,0.00,1.01
20:13:07,2,65.00,0.00,22.00,0.00,0.00,12.00,0.00,0.00,0.00,1.00
20:13:07,3,57.58,0.00,31.31,0.00,0.00,11.11,0.00,0.00,0.00,0.00
20:13:07,4,58.00,0.00,26.00,0.00,0.00,15.00,0.00,0.00,0.00,1.00
20:13:07,5,75.00,0.00,18.00,0.00,0.00,6.00,0.00,0.00,0.00,1.00
20:13:07,6,70.41,0.00,20.41,0.00,0.00,8.16,0.00,0.00,0.00,1.02
20:13:07,7,78.00,0.00,17.00,0.00,0.00,4.00,0.00,0.00,0.00,1.00
20:13:07,8,77.78,0.00,16.16,0.00,0.00,5.05,0.00,0.00,0.00,1.01
20:13:07,9,76.47,0.00,16.67,0.00,0.00,3.92,0.00,0.00,0.00,2.94
20:13:07,10,76.00,0.00,17.00,0.00,0.00,5.00,0.00,0.00,0.00,2.00
20:13:07,11,77.00,0.00,17.00,0.00,0.00,5.00,0.00,0.00,0.00,1.00
20:13:08,all,70.22,0.00,20.47,0.00,0.00,7.82,0.00,0.00,0.00,1.50
20:13:08,0,62.00,0.00,24.00,0.00,0.00,13.00,0.00,0.00,0.00,1.00
20:13:08,1,72.00,0.00,23.00,0.00,0.00,5.00,0.00,0.00,0.00,0.00
20:13:08,2,64.36,0.00,21.78,0.00,0.00,12.87,0.00,0.00,0.00,0.99
20:13:08,3,58.00,0.00,28.00,0.00,0.00,13.00,0.00,0.00,0.00,1.00
20:13:08,4,56.00,0.00,27.00,0.00,0.00,16.00,0.00,0.00,0.00,1.00
20:13:08,5,80.00,0.00,16.00,0.00,0.00,3.00,0.00,0.00,0.00,1.00
20:13:08,6,65.00,0.00,25.00,0.00,0.00,7.00,0.00,0.00,0.00,3.00
20:13:08,7,78.00,0.00,15.00,0.00,0.00,6.00,0.00,0.00,0.00,1.00
20:13:08,8,78.22,0.00,14.85,0.00,0.00,4.95,0.00,0.00,0.00,1.98
20:13:08,9,75.00,0.00,18.00,0.00,0.00,5.00,0.00,0.00,0.00,2.00
20:13:08,10,75.00,0.00,17.00,0.00,0.00,4.00,0.00,0.00,0.00,4.00
20:13:08,11,79.00,0.00,16.00,0.00,0.00,4.00,0.00,0.00,0.00,1.00
20:13:09,all,71.08,0.00,20.17,0.00,0.00,7.50,0.00,0.00,0.00,1.25
20:13:09,0,65.00,0.00,25.00,0.00,0.00,9.00,0.00,0.00,0.00,1.00
20:13:09,1,71.29,0.00,22.77,0.00,0.00,4.95,0.00,0.00,0.00,0.99
20:13:09,2,59.60,0.00,24.24,0.00,0.00,15.15,0.00,0.00,0.00,1.01
20:13:09,3,60.00,0.00,27.00,0.00,0.00,12.00,0.00,0.00,0.00,1.00
20:13:09,4,61.00,0.00,22.00,0.00,0.00,16.00,0.00,0.00,0.00,1.00
20:13:09,5,74.75,0.00,18.18,0.00,0.00,7.07,0.00,0.00,0.00,0.00
20:13:09,6,73.00,0.00,20.00,0.00,0.00,6.00,0.00,0.00,0.00,1.00
20:13:09,7,78.22,0.00,15.84,0.00,0.00,3.96,0.00,0.00,0.00,1.98
20:13:09,8,79.00,0.00,15.00,0.00,0.00,4.00,0.00,0.00,0.00,2.00
20:13:09,9,73.00,0.00,20.00,0.00,0.00,5.00,0.00,0.00,0.00,2.00
20:13:09,10,80.81,0.00,15.15,0.00,0.00,2.02,0.00,0.00,0.00,2.02
20:13:09,11,77.23,0.00,16.83,0.00,0.00,4.95,0.00,0.00,0.00,0.99
20:13:10,all,70.73,0.00,20.52,0.00,0.00,7.84,0.00,0.00,0.00,0.92
20:13:10,0,55.00,0.00,30.00,0.00,0.00,15.00,0.00,0.00,0.00,0.00
20:13:10,1,73.47,0.00,21.43,0.00,0.00,5.10,0.00,0.00,0.00,0.00
20:13:10,2,67.00,0.00,23.00,0.00,0.00,10.00,0.00,0.00,0.00,0.00
20:13:10,3,60.61,0.00,26.26,0.00,0.00,13.13,0.00,0.00,0.00,0.00
20:13:10,4,56.57,0.00,26.26,0.00,0.00,17.17,0.00,0.00,0.00,0.00
20:13:10,5,72.28,0.00,19.80,0.00,0.00,6.93,0.00,0.00,0.00,0.99
20:13:10,6,74.51,0.00,17.65,0.00,0.00,4.90,0.00,0.00,0.00,2.94
20:13:10,7,76.00,0.00,18.00,0.00,0.00,5.00,0.00,0.00,0.00,1.00
20:13:10,8,79.80,0.00,15.15,0.00,0.00,4.04,0.00,0.00,0.00,1.01
20:13:10,9,77.00,0.00,17.00,0.00,0.00,4.00,0.00,0.00,0.00,2.00
20:13:10,10,77.23,0.00,15.84,0.00,0.00,4.95,0.00,0.00,0.00,1.98
20:13:10,11,79.00,0.00,16.00,0.00,0.00,4.00,0.00,0.00,0.00,1.00
20:13:11,all,69.99,0.00,21.46,0.00,0.00,7.46,0.00,0.00,0.00,1.09
20:13:11,0,59.60,0.00,26.26,0.00,0.00,13.13,0.00,0.00,0.00,1.01
20:13:11,1,66.34,0.00,25.74,0.00,0.00,6.93,0.00,0.00,0.00,0.99
20:13:11,2,59.60,0.00,27.27,0.00,0.00,12.12,0.00,0.00,0.00,1.01
20:13:11,3,60.40,0.00,25.74,0.00,0.00,12.87,0.00,0.00,0.00,0.99
20:13:11,4,58.00,0.00,31.00,0.00,0.00,10.00,0.00,0.00,0.00,1.00
20:13:11,5,76.24,0.00,17.82,0.00,0.00,4.95,0.00,0.00,0.00,0.99
20:13:11,6,71.13,0.00,20.62,0.00,0.00,5.15,0.00,0.00,0.00,3.09
20:13:11,7,76.53,0.00,16.33,0.00,0.00,6.12,0.00,0.00,0.00,1.02
20:13:11,8,77.00,0.00,17.00,0.00,0.00,5.00,0.00,0.00,0.00,1.00
20:13:11,9,78.79,0.00,16.16,0.00,0.00,4.04,0.00,0.00,0.00,1.01
20:13:11,10,77.55,0.00,17.35,0.00,0.00,4.08,0.00,0.00,0.00,1.02
20:13:11,11,79.00,0.00,16.00,0.00,0.00,5.00,0.00,0.00,0.00,0.00
20:13:12,all,70.08,0.00,20.67,0.00,0.00,7.67,0.00,0.00,0.00,1.58
20:13:12,0,69.00,0.00,22.00,0.00,0.00,8.00,0.00,0.00,0.00,1.00
20:13:12,1,58.59,0.00,30.30,0.00,0.00,11.11,0.00,0.00,0.00,0.00
20:13:12,2,65.35,0.00,23.76,0.00,0.00,9.90,0.00,0.00,0.00,0.99
20:13:12,3,59.60,0.00,24.24,0.00,0.00,15.15,0.00,0.00,0.00,1.01
20:13:12,4,60.00,0.00,24.00,0.00,0.00,15.00,0.00,0.00,0.00,1.00
20:13:12,5,79.00,0.00,16.00,0.00,0.00,4.00,0.00,0.00,0.00,1.00
20:13:12,6,71.29,0.00,19.80,0.00,0.00,6.93,0.00,0.00,0.00,1.98
20:13:12,7,71.29,0.00,21.78,0.00,0.00,3.96,0.00,0.00,0.00,2.97
20:13:12,8,73.74,0.00,19.19,0.00,0.00,6.06,0.00,0.00,0.00,1.01
20:13:12,9,76.00,0.00,17.00,0.00,0.00,4.00,0.00,0.00,0.00,3.00
20:13:12,10,77.00,0.00,15.00,0.00,0.00,4.00,0.00,0.00,0.00,4.00
20:13:12,11,80.00,0.00,15.00,0.00,0.00,4.00,0.00,0.00,0.00,1.00
20:13:13,all,70.59,0.00,20.72,0.00,0.00,8.02,0.00,0.00,0.00,0.67
20:13:13,0,59.41,0.00,26.73,0.00,0.00,12.87,0.00,0.00,0.00,0.99
20:13:13,1,57.00,0.00,28.00,0.00,0.00,14.00,0.00,0.00,0.00,1.00
20:13:13,2,72.00,0.00,21.00,0.00,0.00,7.00,0.00,0.00,0.00,0.00
20:13:13,3,58.42,0.00,24.75,0.00,0.00,15.84,0.00,0.00,0.00,0.99
20:13:13,4,63.64,0.00,25.25,0.00,0.00,11.11,0.00,0.00,0.00,0.00
20:13:13,5,77.78,0.00,18.18,0.00,0.00,4.04,0.00,0.00,0.00,0.00
20:13:13,6,73.47,0.00,20.41,0.00,0.00,5.10,0.00,0.00,0.00,1.02
20:13:13,7,76.77,0.00,17.17,0.00,0.00,5.05,0.00,0.00,0.00,1.01
20:13:13,8,74.26,0.00,17.82,0.00,0.00,6.93,0.00,0.00,0.00,0.99
20:13:13,9,73.74,0.00,19.19,0.00,0.00,6.06,0.00,0.00,0.00,1.01
20:13:13,10,80.00,0.00,16.00,0.00,0.00,3.00,0.00,0.00,0.00,1.00
20:13:13,11,81.00,0.00,14.00,0.00,0.00,5.00,0.00,0.00,0.00,0.00
20:13:14,all,70.31,0.00,20.93,0.00,0.00,7.67,0.00,0.00,0.00,1.08
20:13:14,0,62.63,0.00,25.25,0.00,0.00,12.12,0.00,0.00,0.00,0.00
20:13:14,1,63.00,0.00,24.00,0.00,0.00,13.00,0.00,0.00,0.00,0.00
20:13:14,2,62.00,0.00,27.00,0.00,0.00,10.00,0.00,0.00,0.00,1.00
20:13:14,3,59.60,0.00,24.24,0.00,0.00,16.16,0.00,0.00,0.00,0.00
20:13:14,4,64.36,0.00,25.74,0.00,0.00,8.91,0.00,0.00,0.00,0.99
20:13:14,5,74.26,0.00,19.80,0.00,0.00,4.95,0.00,0.00,0.00,0.99
20:13:14,6,77.23,0.00,17.82,0.00,0.00,3.96,0.00,0.00,0.00,0.99
20:13:14,7,75.25,0.00,18.81,0.00,0.00,3.96,0.00,0.00,0.00,1.98
20:13:14,8,73.00,0.00,20.00,0.00,0.00,6.00,0.00,0.00,0.00,1.00
20:13:14,9,77.00,0.00,15.00,0.00,0.00,4.00,0.00,0.00,0.00,4.00
20:13:14,10,75.51,0.00,18.37,0.00,0.00,5.10,0.00,0.00,0.00,1.02
20:13:14,11,79.80,0.00,15.15,0.00,0.00,4.04,0.00,0.00,0.00,1.01
20:13:15,all,71.43,0.00,19.97,0.00,0.00,7.77,0.00,0.00,0.00,0.84
20:13:15,0,72.00,0.00,24.00,0.00,0.00,4.00,0.00,0.00,0.00,0.00
20:13:15,1,66.00,0.00,23.00,0.00,0.00,10.00,0.00,0.00,0.00,1.00
20:13:15,2,58.59,0.00,27.27,0.00,0.00,14.14,0.00,0.00,0.00,0.00
20:13:15,3,63.00,0.00,23.00,0.00,0.00,13.00,0.00,0.00,0.00,1.00
20:13:15,4,63.64,0.00,22.22,0.00,0.00,14.14,0.00,0.00,0.00,0.00
20:13:15,5,74.75,0.00,17.17,0.00,0.00,8.08,0.00,0.00,0.00,0.00
20:13:15,6,79.80,0.00,15.15,0.00,0.00,4.04,0.00,0.00,0.00,1.01
20:13:15,7,79.00,0.00,15.00,0.00,0.00,5.00,0.00,0.00,0.00,1.00
20:13:15,8,71.72,0.00,20.20,0.00,0.00,7.07,0.00,0.00,0.00,1.01
20:13:15,9,73.00,0.00,20.00,0.00,0.00,5.00,0.00,0.00,0.00,2.00
20:13:15,10,76.24,0.00,17.82,0.00,0.00,3.96,0.00,0.00,0.00,1.98
20:13:15,11,79.21,0.00,14.85,0.00,0.00,4.95,0.00,0.00,0.00,0.99
20:13:16,all,69.98,0.00,20.74,0.00,0.00,7.86,0.00,0.00,0.00,1.42
20:13:16,0,60.40,0.00,27.72,0.00,0.00,10.89,0.00,0.00,0.00,0.99
20:13:16,1,60.00,0.00,26.00,0.00,0.00,13.00,0.00,0.00,0.00,1.00
20:13:16,2,63.00,0.00,24.00,0.00,0.00,12.00,0.00,0.00,0.00,1.00
20:13:16,3,70.00,0.00,21.00,0.00,0.00,9.00,0.00,0.00,0.00,0.00
20:13:16,4,60.00,0.00,23.00,0.00,0.00,16.00,0.00,0.00,0.00,1.00
20:13:16,5,75.76,0.00,18.18,0.00,0.00,5.05,0.00,0.00,0.00,1.01
20:13:16,6,78.22,0.00,14.85,0.00,0.00,3.96,0.00,0.00,0.00,2.97
20:13:16,7,74.23,0.00,18.56,0.00,0.00,5.15,0.00,0.00,0.00,2.06
20:13:16,8,68.00,0.00,24.00,0.00,0.00,7.00,0.00,0.00,0.00,1.00
20:13:16,9,75.76,0.00,17.17,0.00,0.00,5.05,0.00,0.00,0.00,2.02
20:13:16,10,77.78,0.00,16.16,0.00,0.00,3.03,0.00,0.00,0.00,3.03
20:13:16,11,77.00,0.00,18.00,0.00,0.00,4.00,0.00,0.00,0.00,1.00
20:13:17,all,70.03,0.00,20.28,0.00,0.00,7.76,0.00,0.00,0.00,1.92
20:13:17,0,63.64,0.00,22.22,0.00,0.00,13.13,0.00,0.00,0.00,1.01
20:13:17,1,62.63,0.00,25.25,0.00,0.00,12.12,0.00,0.00,0.00,0.00
20:13:17,2,71.29,0.00,20.79,0.00,0.00,6.93,0.00,0.00,0.00,0.99
20:13:17,3,59.00,0.00,26.00,0.00,0.00,15.00,0.00,0.00,0.00,0.00
20:13:17,4,62.00,0.00,23.00,0.00,0.00,14.00,0.00,0.00,0.00,1.00
20:13:17,5,75.25,0.00,19.80,0.00,0.00,4.95,0.00,0.00,0.00,0.00
20:13:17,6,78.79,0.00,15.15,0.00,0.00,4.04,0.00,0.00,0.00,2.02
20:13:17,7,72.28,0.00,19.80,0.00,0.00,2.97,0.00,0.00,0.00,4.95
20:13:17,8,69.00,0.00,23.00,0.00,0.00,7.00,0.00,0.00,0.00,1.00
20:13:17,9,70.71,0.00,18.18,0.00,0.00,5.05,0.00,0.00,0.00,6.06
20:13:17,10,75.76,0.00,14.14,0.00,0.00,5.05,0.00,0.00,0.00,5.05
20:13:17,11,80.00,0.00,16.00,0.00,0.00,3.00,0.00,0.00,0.00,1.00
20:13:18,all,69.19,0.00,20.90,0.00,0.00,7.91,0.00,0.00,0.00,2.00
20:13:18,0,60.00,0.00,28.00,0.00,0.00,11.00,0.00,0.00,0.00,1.00
20:13:18,1,63.37,0.00,24.75,0.00,0.00,9.90,0.00,0.00,0.00,1.98
20:13:18,2,63.64,0.00,23.23,0.00,0.00,12.12,0.00,0.00,0.00,1.01
20:13:18,3,58.42,0.00,27.72,0.00,0.00,11.88,0.00,0.00,0.00,1.98
20:13:18,4,59.80,0.00,26.47,0.00,0.00,11.76,0.00,0.00,0.00,1.96
20:13:18,5,78.79,0.00,15.15,0.00,0.00,4.04,0.00,0.00,0.00,2.02
20:13:18,6,78.00,0.00,14.00,0.00,0.00,6.00,0.00,0.00,0.00,2.00
20:13:18,7,70.00,0.00,22.00,0.00,0.00,6.00,0.00,0.00,0.00,2.00
20:13:18,8,70.71,0.00,21.21,0.00,0.00,6.06,0.00,0.00,0.00,2.02
20:13:18,9,73.00,0.00,17.00,0.00,0.00,6.00,0.00,0.00,0.00,4.00
20:13:18,10,76.00,0.00,16.00,0.00,0.00,5.00,0.00,0.00,0.00,3.00
20:13:18,11,79.00,0.00,15.00,0.00,0.00,5.00,0.00,0.00,0.00,1.00
20:13:19,all,70.31,0.00,20.93,0.00,0.00,7.59,0.00,0.00,0.00,1.17
20:13:19,0,61.00,0.00,27.00,0.00,0.00,11.00,0.00,0.00,0.00,1.00
20:13:19,1,58.00,0.00,28.00,0.00,0.00,14.00,0.00,0.00,0.00,0.00
20:13:19,2,60.40,0.00,24.75,0.00,0.00,13.86,0.00,0.00,0.00,0.99
20:13:19,3,76.53,0.00,20.41,0.00,0.00,3.06,0.00,0.00,0.00,0.00
20:13:19,4,60.61,0.00,24.24,0.00,0.00,15.15,0.00,0.00,0.00,0.00
20:13:19,5,76.00,0.00,20.00,0.00,0.00,4.00,0.00,0.00,0.00,0.00
20:13:19,6,75.76,0.00,17.17,0.00,0.00,6.06,0.00,0.00,0.00,1.01
20:13:19,7,76.00,0.00,17.00,0.00,0.00,3.00,0.00,0.00,0.00,4.00
20:13:19,8,69.61,0.00,20.59,0.00,0.00,7.84,0.00,0.00,0.00,1.96
20:13:19,9,76.77,0.00,17.17,0.00,0.00,5.05,0.00,0.00,0.00,1.01
20:13:19,10,74.00,0.00,20.00,0.00,0.00,3.00,0.00,0.00,0.00,3.00
20:13:19,11,79.21,0.00,14.85,0.00,0.00,4.95,0.00,0.00,0.00,0.99
20:13:20,all,69.89,0.00,21.35,0.00,0.00,7.67,0.00,0.00,0.00,1.08
20:13:20,0,60.00,0.00,27.00,0.00,0.00,12.00,0.00,0.00,0.00,1.00
20:13:20,1,57.00,0.00,29.00,0.00,0.00,13.00,0.00,0.00,0.00,1.00
20:13:20,2,60.61,0.00,28.28,0.00,0.00,11.11,0.00,0.00,0.00,0.00
20:13:20,3,72.28,0.00,19.80,0.00,0.00,6.93,0.00,0.00,0.00,0.99
20:13:20,4,60.00,0.00,25.00,0.00,0.00,14.00,0.00,0.00,0.00,1.00
20:13:20,5,73.27,0.00,19.80,0.00,0.00,5.94,0.00,0.00,0.00,0.99
20:13:20,6,75.00,0.00,19.00,0.00,0.00,4.00,0.00,0.00,0.00,2.00
20:13:20,7,73.00,0.00,19.00,0.00,0.00,6.00,0.00,0.00,0.00,2.00
20:13:20,8,75.76,0.00,18.18,0.00,0.00,5.05,0.00,0.00,0.00,1.01
20:13:20,9,75.00,0.00,19.00,0.00,0.00,5.00,0.00,0.00,0.00,1.00
20:13:20,10,77.78,0.00,16.16,0.00,0.00,5.05,0.00,0.00,0.00,1.01
20:13:20,11,79.00,0.00,16.00,0.00,0.00,4.00,0.00,0.00,0.00,1.00
20:13:21,all,70.54,0.00,19.50,0.00,0.00,8.28,0.00,0.00,0.00,1.67
20:13:21,0,66.00,0.00,23.00,0.00,0.00,11.00,0.00,0.00,0.00,0.00
20:13:21,1,56.57,0.00,27.27,0.00,0.00,15.15,0.00,0.00,0.00,1.01
20:13:21,2,70.30,0.00,19.80,0.00,0.00,8.91,0.00,0.00,0.00,0.99
20:13:21,3,64.65,0.00,24.24,0.00,0.00,10.10,0.00,0.00,0.00,1.01
20:13:21,4,55.56,0.00,26.26,0.00,0.00,17.17,0.00,0.00,0.00,1.01
20:13:21,5,76.00,0.00,18.00,0.00,0.00,5.00,0.00,0.00,0.00,1.00
20:13:21,6,76.24,0.00,15.84,0.00,0.00,4.95,0.00,0.00,0.00,2.97
20:13:21,7,73.74,0.00,16.16,0.00,0.00,6.06,0.00,0.00,0.00,4.04
20:13:21,8,79.00,0.00,15.00,0.00,0.00,5.00,0.00,0.00,0.00,1.00
20:13:21,9,72.73,0.00,18.18,0.00,0.00,6.06,0.00,0.00,0.00,3.03
20:13:21,10,77.78,0.00,14.14,0.00,0.00,4.04,0.00,0.00,0.00,4.04
20:13:21,11,77.78,0.00,16.16,0.00,0.00,6.06,0.00,0.00,0.00,0.00
20:13:22,all,69.68,0.00,21.04,0.00,0.00,7.54,0.00,0.00,0.00,1.74
20:13:22,0,62.00,0.00,24.00,0.00,0.00,13.00,0.00,0.00,0.00,1.00
20:13:22,1,55.00,0.00,30.00,0.00,0.00,14.00,0.00,0.00,0.00,1.00
20:13:22,2,57.00,0.00,27.00,0.00,0.00,15.00,0.00,0.00,0.00,1.00
20:13:22,3,69.61,0.00,20.59,0.00,0.00,8.82,0.00,0.00,0.00,0.98
20:13:22,4,65.69,0.00,23.53,0.00,0.00,9.80,0.00,0.00,0.00,0.98
20:13:22,5,75.00,0.00,20.00,0.00,0.00,5.00,0.00,0.00,0.00,0.00
20:13:22,6,74.75,0.00,18.18,0.00,0.00,6.06,0.00,0.00,0.00,1.01
20:13:22,7,75.76,0.00,14.14,0.00,0.00,3.03,0.00,0.00,0.00,7.07
20:13:22,8,74.26,0.00,17.82,0.00,0.00,3.96,0.00,0.00,0.00,3.96
20:13:22,9,69.31,0.00,23.76,0.00,0.00,5.94,0.00,0.00,0.00,0.99
20:13:22,10,79.21,0.00,15.84,0.00,0.00,2.97,0.00,0.00,0.00,1.98
20:13:22,11,78.43,0.00,17.65,0.00,0.00,2.94,0.00,0.00,0.00,0.98
20:13:23,all,70.13,0.00,20.59,0.00,0.00,7.95,0.00,0.00,0.00,1.34
20:13:23,0,61.00,0.00,26.00,0.00,0.00,13.00,0.00,0.00,0.00,0.00
20:13:23,1,60.00,0.00,25.00,0.00,0.00,14.00,0.00,0.00,0.00,1.00
20:13:23,2,63.37,0.00,26.73,0.00,0.00,8.91,0.00,0.00,0.00,0.99
20:13:23,3,67.35,0.00,23.47,0.00,0.00,9.18,0.00,0.00,0.00,0.00
20:13:23,4,58.16,0.00,25.51,0.00,0.00,16.33,0.00,0.00,0.00,0.00
20:13:23,5,77.23,0.00,16.83,0.00,0.00,4.95,0.00,0.00,0.00,0.99
20:13:23,6,70.00,0.00,21.00,0.00,0.00,6.00,0.00,0.00,0.00,3.00
20:13:23,7,71.00,0.00,18.00,0.00,0.00,6.00,0.00,0.00,0.00,5.00
20:13:23,8,79.80,0.00,16.16,0.00,0.00,3.03,0.00,0.00,0.00,1.01
20:13:23,9,77.00,0.00,16.00,0.00,0.00,6.00,0.00,0.00,0.00,1.00
20:13:23,10,76.77,0.00,17.17,0.00,0.00,3.03,0.00,0.00,0.00,3.03
20:13:23,11,79.80,0.00,15.15,0.00,0.00,5.05,0.00,0.00,0.00,0.00
20:13:24,all,69.64,0.00,21.43,0.00,0.00,8.26,0.00,0.00,0.00,0.67
20:13:24,0,65.00,0.00,24.00,0.00,0.00,10.00,0.00,0.00,0.00,1.00
20:13:24,1,66.33,0.00,24.49,0.00,0.00,9.18,0.00,0.00,0.00,0.00
20:13:24,2,56.12,0.00,31.63,0.00,0.00,12.24,0.00,0.00,0.00,0.00
20:13:24,3,60.40,0.00,23.76,0.00,0.00,14.85,0.00,0.00,0.00,0.99
20:13:24,4,58.42,0.00,28.71,0.00,0.00,11.88,0.00,0.00,0.00,0.99
20:13:24,5,77.00,0.00,16.00,0.00,0.00,7.00,0.00,0.00,0.00,0.00
20:13:24,6,72.00,0.00,21.00,0.00,0.00,7.00,0.00,0.00,0.00,0.00
20:13:24,7,70.00,0.00,21.00,0.00,0.00,7.00,0.00,0.00,0.00,2.00
20:13:24,8,79.00,0.00,15.00,0.00,0.00,5.00,0.00,0.00,0.00,1.00
20:13:24,9,76.24,0.00,17.82,0.00,0.00,4.95,0.00,0.00,0.00,0.99
20:13:24,10,76.77,0.00,17.17,0.00,0.00,6.06,0.00,0.00,0.00,0.00
20:13:24,11,78.22,0.00,16.83,0.00,0.00,3.96,0.00,0.00,0.00,0.99
20:13:25,all,70.83,0.00,19.87,0.00,0.00,8.30,0.00,0.00,0.00,1.01
20:13:25,0,63.37,0.00,22.77,0.00,0.00,12.87,0.00,0.00,0.00,0.99
20:13:25,1,64.36,0.00,23.76,0.00,0.00,10.89,0.00,0.00,0.00,0.99
20:13:25,2,59.41,0.00,27.72,0.00,0.00,11.88,0.00,0.00,0.00,0.99
20:13:25,3,64.65,0.00,23.23,0.00,0.00,12.12,0.00,0.00,0.00,0.00
20:13:25,4,59.60,0.00,25.25,0.00,0.00,15.15,0.00,0.00,0.00,0.00
20:13:25,5,79.80,0.00,14.14,0.00,0.00,5.05,0.00,0.00,0.00,1.01
20:13:25,6,73.00,0.00,19.00,0.00,0.00,7.00,0.00,0.00,0.00,1.00
20:13:25,7,72.16,0.00,20.62,0.00,0.00,6.19,0.00,0.00,0.00,1.03
20:13:25,8,77.78,0.00,16.16,0.00,0.00,5.05,0.00,0.00,0.00,1.01
20:13:25,9,80.81,0.00,14.14,0.00,0.00,4.04,0.00,0.00,0.00,1.01
20:13:25,10,77.78,0.00,15.15,0.00,0.00,4.04,0.00,0.00,0.00,3.03
20:13:25,11,77.78,0.00,16.16,0.00,0.00,5.05,0.00,0.00,0.00,1.01
20:13:26,all,69.72,0.00,21.80,0.00,0.00,7.40,0.00,0.00,0.00,1.08
20:13:26,0,69.00,0.00,25.00,0.00,0.00,6.00,0.00,0.00,0.00,0.00
20:13:26,1,57.43,0.00,29.70,0.00,0.00,11.88,0.00,0.00,0.00,0.99
20:13:26,2,66.67,0.00,23.23,0.00,0.00,10.10,0.00,0.00,0.00,0.00
20:13:26,3,61.39,0.00,28.71,0.00,0.00,8.91,0.00,0.00,0.00,0.99
20:13:26,4,57.00,0.00,27.00,0.00,0.00,15.00,0.00,0.00,0.00,1.00
20:13:26,5,77.00,0.00,19.00,0.00,0.00,3.00,0.00,0.00,0.00,1.00
20:13:26,6,69.00,0.00,22.00,0.00,0.00,7.00,0.00,0.00,0.00,2.00
20:13:26,7,68.32,0.00,20.79,0.00,0.00,7.92,0.00,0.00,0.00,2.97
20:13:26,8,77.23,0.00,17.82,0.00,0.00,3.96,0.00,0.00,0.00,0.99
20:13:26,9,77.00,0.00,18.00,0.00,0.00,4.00,0.00,0.00,0.00,1.00
20:13:26,10,78.00,0.00,15.00,0.00,0.00,5.00,0.00,0.00,0.00,2.00
20:13:26,11,78.79,0.00,15.15,0.00,0.00,6.06,0.00,0.00,0.00,0.00
20:13:27,all,69.90,0.00,21.40,0.00,0.00,7.36,0.00,0.00,0.00,1.34
20:13:27,0,69.70,0.00,23.23,0.00,0.00,6.06,0.00,0.00,0.00,1.01
20:13:27,1,62.24,0.00,26.53,0.00,0.00,11.22,0.00,0.00,0.00,0.00
20:13:27,2,59.00,0.00,25.00,0.00,0.00,15.00,0.00,0.00,0.00,1.00
20:13:27,3,62.00,0.00,25.00,0.00,0.00,12.00,0.00,0.00,0.00,1.00
20:13:27,4,60.40,0.00,26.73,0.00,0.00,11.88,0.00,0.00,0.00,0.99
20:13:27,5,79.80,0.00,15.15,0.00,0.00,5.05,0.00,0.00,0.00,0.00
20:13:27,6,74.00,0.00,19.00,0.00,0.00,6.00,0.00,0.00,0.00,1.00
20:13:27,7,72.73,0.00,22.22,0.00,0.00,4.04,0.00,0.00,0.00,1.01
20:13:27,8,72.73,0.00,17.17,0.00,0.00,5.05,0.00,0.00,0.00,5.05
20:13:27,9,71.00,0.00,21.00,0.00,0.00,6.00,0.00,0.00,0.00,2.00
20:13:27,10,76.00,0.00,19.00,0.00,0.00,3.00,0.00,0.00,0.00,2.00
20:13:27,11,79.21,0.00,16.83,0.00,0.00,2.97,0.00,0.00,0.00,0.99
20:13:28,all,70.78,0.00,20.62,0.00,0.00,7.35,0.00,0.00,0.00,1.25
20:13:28,0,71.29,0.00,22.77,0.00,0.00,5.94,0.00,0.00,0.00,0.00
20:13:28,1,58.42,0.00,27.72,0.00,0.00,12.87,0.00,0.00,0.00,0.99
20:13:28,2,61.00,0.00,28.00,0.00,0.00,10.00,0.00,0.00,0.00,1.00
20:13:28,3,60.00,0.00,24.00,0.00,0.00,15.00,0.00,0.00,0.00,1.00
20:13:28,4,63.64,0.00,25.25,0.00,0.00,11.11,0.00,0.00,0.00,0.00
20:13:28,5,80.00,0.00,16.00,0.00,0.00,3.00,0.00,0.00,0.00,1.00
20:13:28,6,78.00,0.00,16.00,0.00,0.00,5.00,0.00,0.00,0.00,1.00
20:13:28,7,70.30,0.00,20.79,0.00,0.00,6.93,0.00,0.00,0.00,1.98
20:13:28,8,73.00,0.00,20.00,0.00,0.00,5.00,0.00,0.00,0.00,2.00
20:13:28,9,75.51,0.00,16.33,0.00,0.00,4.08,0.00,0.00,0.00,4.08
20:13:28,10,79.80,0.00,15.15,0.00,0.00,4.04,0.00,0.00,0.00,1.01
20:13:28,11,78.79,0.00,15.15,0.00,0.00,5.05,0.00,0.00,0.00,1.01
20:13:29,all,69.69,0.00,20.90,0.00,0.00,7.83,0.00,0.00,0.00,1.58
20:13:29,0,62.00,0.00,27.00,0.00,0.00,10.00,0.00,0.00,0.00,1.00
20:13:29,1,65.00,0.00,22.00,0.00,0.00,12.00,0.00,0.00,0.00,1.00
20:13:29,2,58.59,0.00,27.27,0.00,0.00,13.13,0.00,0.00,0.00,1.01
20:13:29,3,58.00,0.00,26.00,0.00,0.00,15.00,0.00,0.00,0.00,1.00
20:13:29,4,67.00,0.00,24.00,0.00,0.00,8.00,0.00,0.00,0.00,1.00
20:13:29,5,77.23,0.00,16.83,0.00,0.00,4.95,0.00,0.00,0.00,0.99
20:13:29,6,71.29,0.00,19.80,0.00,0.00,6.93,0.00,0.00,0.00,1.98
20:13:29,7,71.72,0.00,19.19,0.00,0.00,7.07,0.00,0.00,0.00,2.02
20:13:29,8,74.00,0.00,18.00,0.00,0.00,5.00,0.00,0.00,0.00,3.00
20:13:29,9,76.00,0.00,17.00,0.00,0.00,4.00,0.00,0.00,0.00,3.00
20:13:29,10,79.21,0.00,14.85,0.00,0.00,3.96,0.00,0.00,0.00,1.98
20:13:29,11,76.00,0.00,19.00,0.00,0.00,4.00,0.00,0.00,0.00,1.00
20:13:30,all,70.54,0.00,20.25,0.00,0.00,7.70,0.00,0.00,0.00,1.51
20:13:30,0,66.00,0.00,23.00,0.00,0.00,10.00,0.00,0.00,0.00,1.00
20:13:30,1,59.60,0.00,25.25,0.00,0.00,14.14,0.00,0.00,0.00,1.01
20:13:30,2,61.62,0.00,24.24,0.00,0.00,13.13,0.00,0.00,0.00,1.01
20:13:30,3,59.60,0.00,26.26,0.00,0.00,13.13,0.00,0.00,0.00,1.01
20:13:30,4,71.00,0.00,23.00,0.00,0.00,6.00,0.00,0.00,0.00,0.00
20:13:30,5,77.00,0.00,17.00,0.00,0.00,5.00,0.00,0.00,0.00,1.00
20:13:30,6,74.23,0.00,18.56,0.00,0.00,6.19,0.00,0.00,0.00,1.03
20:13:30,7,70.30,0.00,20.79,0.00,0.00,5.94,0.00,0.00,0.00,2.97
20:13:30,8,75.00,0.00,17.00,0.00,0.00,5.00,0.00,0.00,0.00,3.00
20:13:30,9,77.23,0.00,14.85,0.00,0.00,3.96,0.00,0.00,0.00,3.96
20:13:30,10,77.78,0.00,16.16,0.00,0.00,5.05,0.00,0.00,0.00,1.01
20:13:30,11,77.00,0.00,17.00,0.00,0.00,5.00,0.00,0.00,0.00,1.00
20:13:31,all,70.56,0.00,20.43,0.00,0.00,7.59,0.00,0.00,0.00,1.42
20:13:31,0,64.00,0.00,25.00,0.00,0.00,9.00,0.00,0.00,0.00,2.00
20:13:31,1,60.00,0.00,27.00,0.00,0.00,13.00,0.00,0.00,0.00,0.00
20:13:31,2,58.42,0.00,24.75,0.00,0.00,15.84,0.00,0.00,0.00,0.99
20:13:31,3,58.59,0.00,27.27,0.00,0.00,13.13,0.00,0.00,0.00,1.01
20:13:31,4,75.25,0.00,18.81,0.00,0.00,4.95,0.00,0.00,0.00,0.99
20:13:31,5,76.00,0.00,18.00,0.00,0.00,6.00,0.00,0.00,0.00,0.00
20:13:31,6,76.24,0.00,15.84,0.00,0.00,5.94,0.00,0.00,0.00,1.98
20:13:31,7,71.72,0.00,18.18,0.00,0.00,6.06,0.00,0.00,0.00,4.04
20:13:31,8,76.77,0.00,16.16,0.00,0.00,4.04,0.00,0.00,0.00,3.03
20:13:31,9,71.72,0.00,21.21,0.00,0.00,5.05,0.00,0.00,0.00,2.02
20:13:31,10,78.22,0.00,15.84,0.00,0.00,4.95,0.00,0.00,0.00,0.99
20:13:31,11,79.80,0.00,17.17,0.00,0.00,3.03,0.00,0.00,0.00,0.00
20:13:32,all,70.25,0.00,21.25,0.00,0.00,7.50,0.00,0.00,0.00,1.00
20:13:32,0,56.57,0.00,31.31,0.00,0.00,12.12,0.00,0.00,0.00,0.00
20:13:32,1,57.00,0.00,28.00,0.00,0.00,14.00,0.00,0.00,0.00,1.00
20:13:32,2,69.70,0.00,24.24,0.00,0.00,5.05,0.00,0.00,0.00,1.01
20:13:32,3,60.40,0.00,25.74,0.00,0.00,12.87,0.00,0.00,0.00,0.99
20:13:32,4,63.64,0.00,25.25,0.00,0.00,11.11,0.00,0.00,0.00,0.00
20:13:32,5,72.73,0.00,21.21,0.00,0.00,5.05,0.00,0.00,0.00,1.01
20:13:32,6,73.27,0.00,19.80,0.00,0.00,5.94,0.00,0.00,0.00,0.99
20:13:32,7,72.28,0.00,19.80,0.00,0.00,5.94,0.00,0.00,0.00,1.98
20:13:32,8,80.81,0.00,14.14,0.00,0.00,4.04,0.00,0.00,0.00,1.01
20:13:32,9,78.22,0.00,15.84,0.00,0.00,3.96,0.00,0.00,0.00,1.98
20:13:32,10,80.81,0.00,13.13,0.00,0.00,5.05,0.00,0.00,0.00,1.01
20:13:32,11,77.45,0.00,16.67,0.00,0.00,4.90,0.00,0.00,0.00,0.98
20:13:33,all,71.08,0.00,20.28,0.00,0.00,7.63,0.00,0.00,0.00,1.01
20:13:33,0,71.72,0.00,19.19,0.00,0.00,9.09,0.00,0.00,0.00,0.00
20:13:33,1,59.18,0.00,26.53,0.00,0.00,14.29,0.00,0.00,0.00,0.00
20:13:33,2,58.00,0.00,26.00,0.00,0.00,15.00,0.00,0.00,0.00,1.00
20:13:33,3,59.41,0.00,26.73,0.00,0.00,12.87,0.00,0.00,0.00,0.99
20:13:33,4,73.47,0.00,20.41,0.00,0.00,6.12,0.00,0.00,0.00,0.00
20:13:33,5,76.24,0.00,17.82,0.00,0.00,4.95,0.00,0.00,0.00,0.99
20:13:33,6,73.00,0.00,20.00,0.00,0.00,6.00,0.00,0.00,0.00,1.00
20:13:33,7,67.35,0.00,23.47,0.00,0.00,7.14,0.00,0.00,0.00,2.04
20:13:33,8,75.00,0.00,17.00,0.00,0.00,5.00,0.00,0.00,0.00,3.00
20:13:33,9,79.80,0.00,16.16,0.00,0.00,3.03,0.00,0.00,0.00,1.01
20:13:33,10,79.00,0.00,16.00,0.00,0.00,4.00,0.00,0.00,0.00,1.00
20:13:33,11,80.81,0.00,14.14,0.00,0.00,4.04,0.00,0.00,0.00,1.01
20:13:34,all,68.61,0.00,21.04,0.00,0.00,8.01,0.00,0.00,0.00,2.34
20:13:34,0,74.00,0.00,21.00,0.00,0.00,4.00,0.00,0.00,0.00,1.00
20:13:34,1,56.86,0.00,25.49,0.00,0.00,16.67,0.00,0.00,0.00,0.98
20:13:34,2,60.61,0.00,25.25,0.00,0.00,13.13,0.00,0.00,0.00,1.01
20:13:34,3,54.55,0.00,27.27,0.00,0.00,17.17,0.00,0.00,0.00,1.01
20:13:34,4,62.38,0.00,25.74,0.00,0.00,9.90,0.00,0.00,0.00,1.98
20:13:34,5,74.75,0.00,18.18,0.00,0.00,7.07,0.00,0.00,0.00,0.00
20:13:34,6,73.74,0.00,21.21,0.00,0.00,5.05,0.00,0.00,0.00,0.00
20:13:34,7,66.00,0.00,21.00,0.00,0.00,6.00,0.00,0.00,0.00,7.00
20:13:34,8,70.71,0.00,17.17,0.00,0.00,5.05,0.00,0.00,0.00,7.07
20:13:34,9,74.00,0.00,16.00,0.00,0.00,4.00,0.00,0.00,0.00,6.00
20:13:34,10,77.23,0.00,16.83,0.00,0.00,3.96,0.00,0.00,0.00,1.98
20:13:34,11,78.79,0.00,17.17,0.00,0.00,4.04,0.00,0.00,0.00,0.00
20:13:35,all,70.53,0.00,20.87,0.00,0.00,7.18,0.00,0.00,0.00,1.42
20:13:35,0,74.26,0.00,20.79,0.00,0.00,4.95,0.00,0.00,0.00,0.00
20:13:35,1,57.58,0.00,27.27,0.00,0.00,14.14,0.00,0.00,0.00,1.01
20:13:35,2,62.00,0.00,25.00,0.00,0.00,12.00,0.00,0.00,0.00,1.00
20:13:35,3,56.00,0.00,31.00,0.00,0.00,12.00,0.00,0.00,0.00,1.00
20:13:35,4,62.38,0.00,25.74,0.00,0.00,10.89,0.00,0.00,0.00,0.99
20:13:35,5,75.00,0.00,18.00,0.00,0.00,6.00,0.00,0.00,0.00,1.00
20:13:35,6,74.00,0.00,19.00,0.00,0.00,6.00,0.00,0.00,0.00,1.00
20:13:35,7,73.47,0.00,17.35,0.00,0.00,4.08,0.00,0.00,0.00,5.10
20:13:35,8,75.76,0.00,18.18,0.00,0.00,4.04,0.00,0.00,0.00,2.02
20:13:35,9,76.24,0.00,17.82,0.00,0.00,3.96,0.00,0.00,0.00,1.98
20:13:35,10,79.80,0.00,15.15,0.00,0.00,4.04,0.00,0.00,0.00,1.01
20:13:35,11,80.00,0.00,15.00,0.00,0.00,4.00,0.00,0.00,0.00,1.00
20:13:36,all,69.78,0.00,21.73,0.00,0.00,7.66,0.00,0.00,0.00,0.83
20:13:36,0,57.58,0.00,28.28,0.00,0.00,13.13,0.00,0.00,0.00,1.01
20:13:36,1,62.00,0.00,27.00,0.00,0.00,10.00,0.00,0.00,0.00,1.00
20:13:36,2,60.40,0.00,28.71,0.00,0.00,9.90,0.00,0.00,0.00,0.99
20:13:36,3,64.00,0.00,23.00,0.00,0.00,13.00,0.00,0.00,0.00,0.00
20:13:36,4,63.64,0.00,24.24,0.00,0.00,12.12,0.00,0.00,0.00,0.00
20:13:36,5,79.00,0.00,16.00,0.00,0.00,5.00,0.00,0.00,0.00,0.00
20:13:36,6,73.00,0.00,21.00,0.00,0.00,5.00,0.00,0.00,0.00,1.00
20:13:36,7,73.27,0.00,20.79,0.00,0.00,3.96,0.00,0.00,0.00,1.98
20:13:36,8,75.25,0.00,17.82,0.00,0.00,5.94,0.00,0.00,0.00,0.99
20:13:36,9,74.75,0.00,18.18,0.00,0.00,5.05,0.00,0.00,0.00,2.02
20:13:36,10,78.00,0.00,18.00,0.00,0.00,4.00,0.00,0.00,0.00,0.00
20:13:36,11,76.24,0.00,17.82,0.00,0.00,4.95,0.00,0.00,0.00,0.99
20:13:37,all,70.71,0.00,20.75,0.00,0.00,7.36,0.00,0.00,0.00,1.17
20:13:37,0,59.00,0.00,28.00,0.00,0.00,13.00,0.00,0.00,0.00,0.00
20:13:37,1,63.64,0.00,24.24,0.00,0.00,12.12,0.00,0.00,0.00,0.00
20:13:37,2,63.64,0.00,23.23,0.00,0.00,12.12,0.00,0.00,0.00,1.01
20:13:37,3,64.00,0.00,28.00,0.00,0.00,7.00,0.00,0.00,0.00,1.00
20:13:37,4,64.65,0.00,24.24,0.00,0.00,10.10,0.00,0.00,0.00,1.01
20:13:37,5,78.22,0.00,15.84,0.00,0.00,4.95,0.00,0.00,0.00,0.99
20:13:37,6,74.75,0.00,18.18,0.00,0.00,5.05,0.00,0.00,0.00,2.02
20:13:37,7,72.00,0.00,19.00,0.00,0.00,7.00,0.00,0.00,0.00,2.00
20:13:37,8,76.77,0.00,17.17,0.00,0.00,4.04,0.00,0.00,0.00,2.02
20:13:37,9,74.00,0.00,20.00,0.00,0.00,4.00,0.00,0.00,0.00,2.00
20:13:37,10,79.00,0.00,15.00,0.00,0.00,4.00,0.00,0.00,0.00,2.00
20:13:37,11,78.79,0.00,16.16,0.00,0.00,5.05,0.00,0.00,0.00,0.00
20:13:38,all,68.83,0.00,22.25,0.00,0.00,7.58,0.00,0.00,0.00,1.33
20:13:38,0,58.00,0.00,28.00,0.00,0.00,13.00,0.00,0.00,0.00,1.00
20:13:38,1,68.32,0.00,22.77,0.00,0.00,7.92,0.00,0.00,0.00,0.99
20:13:38,2,57.43,0.00,26.73,0.00,0.00,14.85,0.00,0.00,0.00,0.99
20:13:38,3,58.16,0.00,29.59,0.00,0.00,12.24,0.00,0.00,0.00,0.00
20:13:38,4,63.00,0.00,29.00,0.00,0.00,8.00,0.00,0.00,0.00,0.00
20:13:38,5,76.77,0.00,17.17,0.00,0.00,5.05,0.00,0.00,0.00,1.01
20:13:38,6,74.00,0.00,18.00,0.00,0.00,5.00,0.00,0.00,0.00,3.00
20:13:38,7,72.73,0.00,21.21,0.00,0.00,5.05,0.00,0.00,0.00,1.01
20:13:38,8,75.25,0.00,16.83,0.00,0.00,3.96,0.00,0.00,0.00,3.96
20:13:38,9,69.00,0.00,22.00,0.00,0.00,7.00,0.00,0.00,0.00,2.00
20:13:38,10,77.00,0.00,18.00,0.00,0.00,4.00,0.00,0.00,0.00,1.00
20:13:38,11,76.24,0.00,17.82,0.00,0.00,4.95,0.00,0.00,0.00,0.99
20:13:39,all,71.17,0.00,20.08,0.00,0.00,7.67,0.00,0.00,0.00,1.08
20:13:39,0,63.00,0.00,25.00,0.00,0.00,11.00,0.00,0.00,0.00,1.00
20:13:39,1,74.00,0.00,20.00,0.00,0.00,6.00,0.00,0.00,0.00,0.00
20:13:39,2,61.62,0.00,25.25,0.00,0.00,13.13,0.00,0.00,0.00,0.00
20:13:39,3,60.40,0.00,25.74,0.00,0.00,12.87,0.00,0.00,0.00,0.99
20:13:39,4,60.40,0.00,23.76,0.00,0.00,14.85,0.00,0.00,0.00,0.99
20:13:39,5,72.28,0.00,20.79,0.00,0.00,6.93,0.00,0.00,0.00,0.00
20:13:39,6,77.00,0.00,16.00,0.00,0.00,4.00,0.00,0.00,0.00,3.00
20:13:39,7,71.00,0.00,21.00,0.00,0.00,7.00,0.00,0.00,0.00,1.00
20:13:39,8,78.79,0.00,16.16,0.00,0.00,4.04,0.00,0.00,0.00,1.01
20:13:39,9,76.00,0.00,17.00,0.00,0.00,5.00,0.00,0.00,0.00,2.00
20:13:39,10,81.00,0.00,14.00,0.00,0.00,3.00,0.00,0.00,0.00,2.00
20:13:39,11,78.79,0.00,16.16,0.00,0.00,4.04,0.00,0.00,0.00,1.01
20:13:40,all,70.65,0.00,20.90,0.00,0.00,7.61,0.00,0.00,0.00,0.84
20:13:40,0,61.22,0.00,26.53,0.00,0.00,12.24,0.00,0.00,0.00,0.00
20:13:40,1,69.00,0.00,22.00,0.00,0.00,8.00,0.00,0.00,0.00,1.00
20:13:40,2,61.39,0.00,26.73,0.00,0.00,10.89,0.00,0.00,0.00,0.99
20:13:40,3,57.58,0.00,27.27,0.00,0.00,14.14,0.00,0.00,0.00,1.01
20:13:40,4,67.68,0.00,22.22,0.00,0.00,9.09,0.00,0.00,0.00,1.01
20:13:40,5,73.47,0.00,19.39,0.00,0.00,7.14,0.00,0.00,0.00,0.00
20:13:40,6,77.00,0.00,17.00,0.00,0.00,4.00,0.00,0.00,0.00,2.00
20:13:40,7,72.28,0.00,20.79,0.00,0.00,5.94,0.00,0.00,0.00,0.99
20:13:40,8,75.25,0.00,18.81,0.00,0.00,4.95,0.00,0.00,0.00,0.99
20:13:40,9,82.00,0.00,13.00,0.00,0.00,4.00,0.00,0.00,0.00,1.00
20:13:40,10,73.74,0.00,20.20,0.00,0.00,5.05,0.00,0.00,0.00,1.01
20:13:40,11,77.00,0.00,17.00,0.00,0.00,6.00,0.00,0.00,0.00,0.00
20:13:41,all,70.23,0.00,21.02,0.00,0.00,7.76,0.00,0.00,0.00,1.00
20:13:41,0,77.00,0.00,18.00,0.00,0.00,5.00,0.00,0.00,0.00,0.00
20:13:41,1,60.00,0.00,24.00,0.00,0.00,15.00,0.00,0.00,0.00,1.00
20:13:41,2,58.00,0.00,27.00,0.00,0.00,14.00,0.00,0.00,0.00,1.00
20:13:41,3,58.00,0.00,28.00,0.00,0.00,14.00,0.00,0.00,0.00,0.00
20:13:41,4,60.00,0.00,30.00,0.00,0.00,9.00,0.00,0.00,0.00,1.00
20:13:41,5,69.61,0.00,21.57,0.00,0.00,7.84,0.00,0.00,0.00,0.98
20:13:41,6,77.00,0.00,18.00,0.00,0.00,4.00,0.00,0.00,0.00,1.00
20:13:41,7,71.43,0.00,21.43,0.00,0.00,6.12,0.00,0.00,0.00,1.02
20:13:41,8,78.57,0.00,15.31,0.00,0.00,4.08,0.00,0.00,0.00,2.04
20:13:41,9,76.00,0.00,16.00,0.00,0.00,6.00,0.00,0.00,0.00,2.00
20:13:41,10,80.00,0.00,16.00,0.00,0.00,3.00,0.00,0.00,0.00,1.00
20:13:41,11,77.23,0.00,16.83,0.00,0.00,4.95,0.00,0.00,0.00,0.99
20:13:42,all,70.25,0.00,20.75,0.00,0.00,8.17,0.00,0.00,0.00,0.83
20:13:42,0,69.31,0.00,19.80,0.00,0.00,9.90,0.00,0.00,0.00,0.99
20:13:42,1,60.00,0.00,29.00,0.00,0.00,11.00,0.00,0.00,0.00,0.00
20:13:42,2,70.00,0.00,23.00,0.00,0.00,7.00,0.00,0.00,0.00,0.00
20:13:42,3,58.00,0.00,26.00,0.00,0.00,16.00,0.00,0.00,0.00,0.00
20:13:42,4,58.42,0.00,25.74,0.00,0.00,15.84,0.00,0.00,0.00,0.00
20:13:42,5,68.37,0.00,24.49,0.00,0.00,7.14,0.00,0.00,0.00,0.00
20:13:42,6,78.57,0.00,16.33,0.00,0.00,4.08,0.00,0.00,0.00,1.02
20:13:42,7,75.25,0.00,17.82,0.00,0.00,4.95,0.00,0.00,0.00,1.98
20:13:42,8,73.53,0.00,18.63,0.00,0.00,6.86,0.00,0.00,0.00,0.98
20:13:42,9,79.80,0.00,14.14,0.00,0.00,4.04,0.00,0.00,0.00,2.02
20:13:42,10,73.27,0.00,17.82,0.00,0.00,5.94,0.00,0.00,0.00,2.97
20:13:42,11,78.79,0.00,16.16,0.00,0.00,5.05,0.00,0.00,0.00,0.00
20:13:43,all,69.40,0.00,21.32,0.00,0.00,7.86,0.00,0.00,0.00,1.42
20:13:43,0,70.00,0.00,23.00,0.00,0.00,6.00,0.00,0.00,0.00,1.00
20:13:43,1,58.59,0.00,28.28,0.00,0.00,13.13,0.00,0.00,0.00,0.00
20:13:43,2,59.60,0.00,25.25,0.00,0.00,14.14,0.00,0.00,0.00,1.01
20:13:43,3,61.00,0.00,25.00,0.00,0.00,13.00,0.00,0.00,0.00,1.00
20:13:43,4,60.20,0.00,26.53,0.00,0.00,12.24,0.00,0.00,0.00,1.02
20:13:43,5,71.29,0.00,19.80,0.00,0.00,7.92,0.00,0.00,0.00,0.99
20:13:43,6,77.23,0.00,16.83,0.00,0.00,3.96,0.00,0.00,0.00,1.98
20:13:43,7,72.73,0.00,19.19,0.00,0.00,6.06,0.00,0.00,0.00,2.02
20:13:43,8,72.73,0.00,19.19,0.00,0.00,5.05,0.00,0.00,0.00,3.03
20:13:43,9,75.76,0.00,17.17,0.00,0.00,5.05,0.00,0.00,0.00,2.02
20:13:43,10,76.00,0.00,19.00,0.00,0.00,3.00,0.00,0.00,0.00,2.00
20:13:43,11,77.23,0.00,16.83,0.00,0.00,4.95,0.00,0.00,0.00,0.99
20:13:44,all,71.14,0.00,20.10,0.00,0.00,7.59,0.00,0.00,0.00,1.17
20:13:44,0,73.74,0.00,20.20,0.00,0.00,5.05,0.00,0.00,0.00,1.01
20:13:44,1,59.60,0.00,26.26,0.00,0.00,14.14,0.00,0.00,0.00,0.00
20:13:44,2,59.41,0.00,25.74,0.00,0.00,13.86,0.00,0.00,0.00,0.99
20:13:44,3,59.00,0.00,26.00,0.00,0.00,14.00,0.00,0.00,0.00,1.00
20:13:44,4,65.00,0.00,23.00,0.00,0.00,11.00,0.00,0.00,0.00,1.00
20:13:44,5,76.00,0.00,17.00,0.00,0.00,6.00,0.00,0.00,0.00,1.00
20:13:44,6,78.00,0.00,16.00,0.00,0.00,5.00,0.00,0.00,0.00,1.00
20:13:44,7,73.00,0.00,19.00,0.00,0.00,5.00,0.00,0.00,0.00,3.00
20:13:44,8,77.00,0.00,16.00,0.00,0.00,5.00,0.00,0.00,0.00,2.00
20:13:44,9,77.00,0.00,18.00,0.00,0.00,4.00,0.00,0.00,0.00,1.00
20:13:44,10,78.00,0.00,17.00,0.00,0.00,4.00,0.00,0.00,0.00,1.00
20:13:44,11,78.00,0.00,17.00,0.00,0.00,4.00,0.00,0.00,0.00,1.00
20:13:45,all,70.23,0.00,21.27,0.00,0.00,7.51,0.00,0.00,0.00,1.00
20:13:45,0,71.29,0.00,23.76,0.00,0.00,4.95,0.00,0.00,0.00,0.00
20:13:45,1,61.39,0.00,26.73,0.00,0.00,10.89,0.00,0.00,0.00,0.99
20:13:45,2,57.58,0.00,29.29,0.00,0.00,12.12,0.00,0.00,0.00,1.01
20:13:45,3,59.00,0.00,27.00,0.00,0.00,13.00,0.00,0.00,0.00,1.00
20:13:45,4,58.42,0.00,28.71,0.00,0.00,12.87,0.00,0.00,0.00,0.00
20:13:45,5,74.00,0.00,20.00,0.00,0.00,6.00,0.00,0.00,0.00,0.00
20:13:45,6,77.00,0.00,18.00,0.00,0.00,4.00,0.00,0.00,0.00,1.00
20:13:45,7,76.00,0.00,16.00,0.00,0.00,7.00,0.00,0.00,0.00,1.00
20:13:45,8,74.75,0.00,18.18,0.00,0.00,6.06,0.00,0.00,0.00,1.01
20:13:45,9,76.24,0.00,15.84,0.00,0.00,5.94,0.00,0.00,0.00,1.98
20:13:45,10,78.57,0.00,15.31,0.00,0.00,2.04,0.00,0.00,0.00,4.08
20:13:45,11,78.79,0.00,16.16,0.00,0.00,5.05,0.00,0.00,0.00,0.00
20:13:46,all,70.50,0.00,20.67,0.00,0.00,7.67,0.00,0.00,0.00,1.17
20:13:46,0,67.00,0.00,24.00,0.00,0.00,8.00,0.00,0.00,0.00,1.00
20:13:46,1,70.71,0.00,22.22,0.00,0.00,7.07,0.00,0.00,0.00,0.00
20:13:46,2,60.40,0.00,25.74,0.00,0.00,12.87,0.00,0.00,0.00,0.99
20:13:46,3,61.00,0.00,26.00,0.00,0.00,13.00,0.00,0.00,0.00,0.00
20:13:46,4,57.00,0.00,29.00,0.00,0.00,13.00,0.00,0.00,0.00,1.00
20:13:46,5,77.00,0.00,17.00,0.00,0.00,5.00,0.00,0.00,0.00,1.00
20:13:46,6,76.77,0.00,17.17,0.00,0.00,5.05,0.00,0.00,0.00,1.01
20:13:46,7,74.51,0.00,17.65,0.00,0.00,5.88,0.00,0.00,0.00,1.96
20:13:46,8,73.00,0.00,17.00,0.00,0.00,7.00,0.00,0.00,0.00,3.00
20:13:46,9,72.73,0.00,19.19,0.00,0.00,6.06,0.00,0.00,0.00,2.02
20:13:46,10,79.00,0.00,16.00,0.00,0.00,4.00,0.00,0.00,0.00,1.00
20:13:46,11,77.00,0.00,17.00,0.00,0.00,5.00,0.00,0.00,0.00,1.00
20:13:47,all,70.07,0.00,21.24,0.00,0.00,7.53,0.00,0.00,0.00,1.17
20:13:47,0,62.63,0.00,27.27,0.00,0.00,10.10,0.00,0.00,0.00,0.00
20:13:47,1,58.00,0.00,28.00,0.00,0.00,13.00,0.00,0.00,0.00,1.00
20:13:47,2,58.00,0.00,28.00,0.00,0.00,13.00,0.00,0.00,0.00,1.00
20:13:47,3,61.00,0.00,27.00,0.00,0.00,11.00,0.00,0.00,0.00,1.00
20:13:47,4,70.41,0.00,22.45,0.00,0.00,7.14,0.00,0.00,0.00,0.00
20:13:47,5,74.00,0.00,18.00,0.00,0.00,7.00,0.00,0.00,0.00,1.00
20:13:47,6,78.00,0.00,16.00,0.00,0.00,5.00,0.00,0.00,0.00,1.00
20:13:47,7,72.73,0.00,20.20,0.00,0.00,5.05,0.00,0.00,0.00,2.02
20:13:47,8,76.24,0.00,15.84,0.00,0.00,4.95,0.00,0.00,0.00,2.97
20:13:47,9,75.76,0.00,18.18,0.00,0.00,5.05,0.00,0.00,0.00,1.01
20:13:47,10,76.00,0.00,17.00,0.00,0.00,5.00,0.00,0.00,0.00,2.00
20:13:47,11,78.00,0.00,17.00,0.00,0.00,4.00,0.00,0.00,0.00,1.00
20:13:48,all,68.87,0.00,21.42,0.00,0.00,7.62,0.00,0.00,0.00,2.09
20:13:48,0,59.41,0.00,27.72,0.00,0.00,11.88,0.00,0.00,0.00,0.99
20:13:48,1,64.00,0.00,27.00,0.00,0.00,8.00,0.00,0.00,0.00,1.00
20:13:48,2,56.57,0.00,27.27,0.00,0.00,15.15,0.00,0.00,0.00,1.01
20:13:48,3,60.61,0.00,25.25,0.00,0.00,13.13,0.00,0.00,0.00,1.01
20:13:48,4,66.34,0.00,20.79,0.00,0.00,11.88,0.00,0.00,0.00,0.99
20:13:48,5,72.00,0.00,22.00,0.00,0.00,6.00,0.00,0.00,0.00,0.00
20:13:48,6,73.53,0.00,17.65,0.00,0.00,3.92,0.00,0.00,0.00,4.90
20:13:48,7,72.45,0.00,20.41,0.00,0.00,5.10,0.00,0.00,0.00,2.04
20:13:48,8,76.53,0.00,14.29,0.00,0.00,3.06,0.00,0.00,0.00,6.12
20:13:48,9,69.70,0.00,19.19,0.00,0.00,6.06,0.00,0.00,0.00,5.05
20:13:48,10,78.57,0.00,16.33,0.00,0.00,4.08,0.00,0.00,0.00,1.02
20:13:48,11,77.00,0.00,19.00,0.00,0.00,3.00,0.00,0.00,0.00,1.00
20:13:49,all,70.27,0.00,20.82,0.00,0.00,7.74,0.00,0.00,0.00,1.17
20:13:49,0,57.58,0.00,29.29,0.00,0.00,13.13,0.00,0.00,0.00,0.00
20:13:49,1,64.00,0.00,25.00,0.00,0.00,11.00,0.00,0.00,0.00,0.00
20:13:49,2,61.00,0.00,27.00,0.00,0.00,12.00,0.00,0.00,0.00,0.00
20:13:49,3,58.42,0.00,27.72,0.00,0.00,12.87,0.00,0.00,0.00,0.99
20:13:49,4,74.00,0.00,18.00,0.00,0.00,7.00,0.00,0.00,0.00,1.00
20:13:49,5,78.00,0.00,16.00,0.00,0.00,5.00,0.00,0.00,0.00,1.00
20:13:49,6,74.75,0.00,17.17,0.00,0.00,5.05,0.00,0.00,0.00,3.03
20:13:49,7,75.25,0.00,17.82,0.00,0.00,5.94,0.00,0.00,0.00,0.99
20:13:49,8,73.74,0.00,19.19,0.00,0.00,6.06,0.00,0.00,0.00,1.01
20:13:49,9,71.00,0.00,20.00,0.00,0.00,6.00,0.00,0.00,0.00,3.00
20:13:49,10,80.20,0.00,13.86,0.00,0.00,3.96,0.00,0.00,0.00,1.98
20:13:49,11,75.25,0.00,18.81,0.00,0.00,4.95,0.00,0.00,0.00,0.99
20:13:50,all,42.74,0.00,16.00,0.00,0.00,4.98,0.00,0.00,0.00,36.28
20:13:50,0,45.74,0.00,19.15,0.00,0.00,4.26,0.00,0.00,0.00,30.85
20:13:50,1,42.71,0.00,18.75,0.00,0.00,7.29,0.00,0.00,0.00,31.25
20:13:50,2,41.67,0.00,19.79,0.00,0.00,7.29,0.00,0.00,0.00,31.25
20:13:50,3,42.11,0.00,20.00,0.00,0.00,6.32,0.00,0.00,0.00,31.58
20:13:50,4,45.26,0.00,16.84,0.00,0.00,6.32,0.00,0.00,0.00,31.58
20:13:50,5,41.84,0.00,14.29,0.00,0.00,5.10,0.00,0.00,0.00,38.78
20:13:50,6,40.21,0.00,16.49,0.00,0.00,5.15,0.00,0.00,0.00,38.14
20:13:50,7,45.36,0.00,15.46,0.00,0.00,3.09,0.00,0.00,0.00,36.08
20:13:50,8,40.82,0.00,12.24,0.00,0.00,5.10,0.00,0.00,0.00,41.84
20:13:50,9,43.16,0.00,14.74,0.00,0.00,3.16,0.00,0.00,0.00,38.95
20:13:50,10,42.86,0.00,10.99,0.00,0.00,3.30,0.00,0.00,0.00,42.86
20:13:50,11,41.30,0.00,13.04,0.00,0.00,3.26,0.00,0.00,0.00,42.39
20:13:51,all,37.69,0.00,16.44,0.00,0.00,5.33,0.00,0.00,0.00,40.53
20:13:51,0,36.56,0.00,22.58,0.00,0.00,6.45,0.00,0.00,0.00,34.41
20:13:51,1,39.78,0.00,21.51,0.00,0.00,6.45,0.00,0.00,0.00,32.26
20:13:51,2,36.56,0.00,21.51,0.00,0.00,6.45,0.00,0.00,0.00,35.48
20:13:51,3,38.71,0.00,20.43,0.00,0.00,7.53,0.00,0.00,0.00,33.33
20:13:51,4,37.23,0.00,21.28,0.00,0.00,5.32,0.00,0.00,0.00,36.17
20:13:51,5,36.46,0.00,12.50,0.00,0.00,4.17,0.00,0.00,0.00,46.88
20:13:51,6,37.89,0.00,11.58,0.00,0.00,4.21,0.00,0.00,0.00,46.32
20:13:51,7,36.17,0.00,13.83,0.00,0.00,5.32,0.00,0.00,0.00,44.68
20:13:51,8,35.79,0.00,14.74,0.00,0.00,4.21,0.00,0.00,0.00,45.26
20:13:51,9,38.95,0.00,12.63,0.00,0.00,5.26,0.00,0.00,0.00,43.16
20:13:51,10,39.78,0.00,11.83,0.00,0.00,4.30,0.00,0.00,0.00,44.09
20:13:51,11,38.46,0.00,13.19,0.00,0.00,4.40,0.00,0.00,0.00,43.96
20:13:52,all,38.70,0.00,16.55,0.09,0.00,4.54,0.00,0.00,0.00,40.12
20:13:52,0,40.66,0.00,23.08,0.00,0.00,5.49,0.00,0.00,0.00,30.77
20:13:52,1,38.04,0.00,25.00,0.00,0.00,3.26,0.00,0.00,0.00,33.70
20:13:52,2,38.71,0.00,22.58,0.00,0.00,5.38,0.00,0.00,0.00,33.33
20:13:52,3,37.50,0.00,20.83,0.00,0.00,5.21,0.00,0.00,0.00,36.46
20:13:52,4,38.95,0.00,21.05,0.00,0.00,6.32,0.00,0.00,0.00,33.68
20:13:52,5,37.76,0.00,11.22,0.00,0.00,5.10,0.00,0.00,0.00,45.92
20:13:52,6,37.76,0.00,14.29,0.00,0.00,4.08,0.00,0.00,0.00,43.88
20:13:52,7,37.89,0.00,13.68,0.00,0.00,5.26,0.00,0.00,0.00,43.16
20:13:52,8,36.56,0.00,10.75,1.08,0.00,4.30,0.00,0.00,0.00,47.31
20:13:52,9,38.30,0.00,12.77,0.00,0.00,4.26,0.00,0.00,0.00,44.68
20:13:52,10,38.64,0.00,12.50,0.00,0.00,3.41,0.00,0.00,0.00,45.45
20:13:52,11,43.96,0.00,10.99,0.00,0.00,2.20,0.00,0.00,0.00,42.86
20:13:53,all,40.09,0.00,16.95,0.09,0.00,4.93,0.00,0.00,0.00,37.94
20:13:53,0,41.76,0.00,20.88,0.00,0.00,5.49,0.00,0.00,0.00,31.87
20:13:53,1,39.13,0.00,21.74,0.00,0.00,5.43,0.00,0.00,0.00,33.70
20:13:53,2,36.56,0.00,21.51,1.08,0.00,8.60,0.00,0.00,0.00,32.26
20:13:53,3,40.23,0.00,20.69,0.00,0.00,5.75,0.00,0.00,0.00,33.33
20:13:53,4,41.76,0.00,20.88,0.00,0.00,4.40,0.00,0.00,0.00,32.97
20:13:53,5,36.46,0.00,15.62,0.00,0.00,5.21,0.00,0.00,0.00,42.71
20:13:53,6,41.30,0.00,11.96,0.00,0.00,4.35,0.00,0.00,0.00,42.39
20:13:53,7,39.80,0.00,17.35,0.00,0.00,4.08,0.00,0.00,0.00,38.78
20:13:53,8,39.36,0.00,14.89,0.00,0.00,3.19,0.00,0.00,0.00,42.55
20:13:53,9,43.30,0.00,14.43,0.00,0.00,4.12,0.00,0.00,0.00,38.14
20:13:53,10,38.04,0.00,13.04,0.00,0.00,4.35,0.00,0.00,0.00,44.57
20:13:53,11,43.48,0.00,10.87,0.00,0.00,4.35,0.00,0.00,0.00,41.30
20:13:54,all,37.85,0.00,15.43,0.00,0.00,5.29,0.00,0.00,0.00,41.43
20:13:54,0,39.78,0.00,21.51,0.00,0.00,4.30,0.00,0.00,0.00,34.41
20:13:54,1,37.23,0.00,20.21,0.00,0.00,7.45,0.00,0.00,0.00,35.11
20:13:54,2,40.00,0.00,20.00,0.00,0.00,4.44,0.00,0.00,0.00,35.56
20:13:54,3,37.63,0.00,20.43,0.00,0.00,6.45,0.00,0.00,0.00,35.48
20:13:54,4,37.63,0.00,18.28,0.00,0.00,7.53,0.00,0.00,0.00,36.56
20:13:54,5,35.48,0.00,11.83,0.00,0.00,4.30,0.00,0.00,0.00,48.39
20:13:54,6,36.08,0.00,11.34,0.00,0.00,6.19,0.00,0.00,0.00,46.39
20:13:54,7,35.48,0.00,12.90,0.00,0.00,4.30,0.00,0.00,0.00,47.31
20:13:54,8,37.89,0.00,12.63,0.00,0.00,5.26,0.00,0.00,0.00,44.21
20:13:54,9,38.95,0.00,12.63,0.00,0.00,5.26,0.00,0.00,0.00,43.16
20:13:54,10,40.00,0.00,11.11,0.00,0.00,3.33,0.00,0.00,0.00,45.56
20:13:54,11,38.20,0.00,12.36,0.00,0.00,4.49,0.00,0.00,0.00,44.94
20:13:55,all,39.15,0.00,16.37,0.00,0.00,4.98,0.00,0.00,0.00,39.50
20:13:55,0,40.66,0.00,21.98,0.00,0.00,4.40,0.00,0.00,0.00,32.97
20:13:55,1,41.11,0.00,23.33,0.00,0.00,4.44,0.00,0.00,0.00,31.11
20:13:55,2,38.04,0.00,20.65,0.00,0.00,6.52,0.00,0.00,0.00,34.78
20:13:55,3,38.71,0.00,23.66,0.00,0.00,6.45,0.00,0.00,0.00,31.18
20:13:55,4,38.30,0.00,22.34,0.00,0.00,6.38,0.00,0.00,0.00,32.98
20:13:55,5,35.05,0.00,13.40,0.00,0.00,5.15,0.00,0.00,0.00,46.39
20:13:55,6,37.50,0.00,13.54,0.00,0.00,5.21,0.00,0.00,0.00,43.75
20:13:55,7,40.62,0.00,12.50,0.00,0.00,3.12,0.00,0.00,0.00,43.75
20:13:55,8,36.46,0.00,11.46,0.00,0.00,5.21,0.00,0.00,0.00,46.88
20:13:55,9,37.63,0.00,12.90,0.00,0.00,5.38,0.00,0.00,0.00,44.09
20:13:55,10,44.21,0.00,10.53,0.00,0.00,4.21,0.00,0.00,0.00,41.05
20:13:55,11,41.76,0.00,10.99,0.00,0.00,3.30,0.00,0.00,0.00,43.96
20:13:56,all,39.91,0.00,15.70,0.00,0.00,4.93,0.00,0.00,0.00,39.46
20:13:56,0,40.00,0.00,21.11,0.00,0.00,6.67,0.00,0.00,0.00,32.22
20:13:56,1,42.39,0.00,18.48,0.00,0.00,6.52,0.00,0.00,0.00,32.61
20:13:56,2,40.86,0.00,20.43,0.00,0.00,5.38,0.00,0.00,0.00,33.33
20:13:56,3,37.78,0.00,23.33,0.00,0.00,5.56,0.00,0.00,0.00,33.33
20:13:56,4,40.66,0.00,19.78,0.00,0.00,5.49,0.00,0.00,0.00,34.07
20:13:56,5,36.46,0.00,13.54,0.00,0.00,4.17,0.00,0.00,0.00,45.83
20:13:56,6,37.23,0.00,12.77,0.00,0.00,5.32,0.00,0.00,0.00,44.68
20:13:56,7,42.11,0.00,12.63,0.00,0.00,4.21,0.00,0.00,0.00,41.05
20:13:56,8,38.78,0.00,11.22,0.00,0.00,4.08,0.00,0.00,0.00,45.92
20:13:56,9,41.49,0.00,11.70,0.00,0.00,4.26,0.00,0.00,0.00,42.55
20:13:56,10,40.22,0.00,10.87,0.00,0.00,4.35,0.00,0.00,0.00,44.57
20:13:56,11,41.11,0.00,13.33,0.00,0.00,3.33,0.00,0.00,0.00,42.22
20:13:57,all,40.98,0.00,16.70,0.00,0.00,4.73,0.00,0.00,0.00,37.59
20:13:57,0,42.39,0.00,20.65,0.00,0.00,5.43,0.00,0.00,0.00,31.52
20:13:57,1,40.66,0.00,20.88,0.00,0.00,5.49,0.00,0.00,0.00,32.97
20:13:57,2,40.22,0.00,20.65,0.00,0.00,5.43,0.00,0.00,0.00,33.70
20:13:57,3,39.13,0.00,21.74,0.00,0.00,7.61,0.00,0.00,0.00,31.52
20:13:57,4,41.30,0.00,20.65,0.00,0.00,4.35,0.00,0.00,0.00,33.70
20:13:57,5,37.23,0.00,14.89,0.00,0.00,5.32,0.00,0.00,0.00,42.55
20:13:57,6,42.11,0.00,15.79,0.00,0.00,3.16,0.00,0.00,0.00,38.95
20:13:57,7,39.58,0.00,14.58,0.00,0.00,3.12,0.00,0.00,0.00,42.71
20:13:57,8,37.23,0.00,13.83,0.00,0.00,4.26,0.00,0.00,0.00,44.68
20:13:57,9,43.16,0.00,14.74,0.00,0.00,3.16,0.00,0.00,0.00,38.95
20:13:57,10,44.68,0.00,10.64,0.00,0.00,4.26,0.00,0.00,0.00,40.43
20:13:57,11,44.09,0.00,11.83,0.00,0.00,5.38,0.00,0.00,0.00,38.71
20:13:58,all,40.57,0.00,16.43,0.99,0.00,4.76,0.00,0.00,0.00,37.25
20:13:58,0,39.33,0.00,22.47,0.00,0.00,5.62,0.00,0.00,0.00,32.58
20:13:58,1,41.57,0.00,22.47,0.00,0.00,5.62,0.00,0.00,0.00,30.34
20:13:58,2,39.33,0.00,22.47,0.00,0.00,5.62,0.00,0.00,0.00,32.58
20:13:58,3,38.71,0.00,24.73,0.00,0.00,4.30,0.00,0.00,0.00,32.26
20:13:58,4,38.46,0.00,21.98,0.00,0.00,6.59,0.00,0.00,0.00,32.97
20:13:58,5,40.00,0.00,11.58,0.00,0.00,4.21,0.00,0.00,0.00,44.21
20:13:58,6,40.43,0.00,12.77,0.00,0.00,3.19,0.00,0.00,0.00,43.62
20:13:58,7,41.24,0.00,12.37,1.03,0.00,4.12,0.00,0.00,0.00,41.24
20:13:58,8,39.13,0.00,10.87,0.00,0.00,4.35,0.00,0.00,0.00,45.65
20:13:58,9,42.42,0.00,13.13,1.01,0.00,5.05,0.00,0.00,0.00,38.38
20:13:58,10,43.01,0.00,10.75,5.38,0.00,4.30,0.00,0.00,0.00,36.56
20:13:58,11,43.01,0.00,12.90,4.30,0.00,4.30,0.00,0.00,0.00,35.48
20:13:59,all,38.99,0.00,15.72,0.00,0.00,4.67,0.00,0.00,0.00,40.61
20:13:59,0,38.89,0.00,20.00,0.00,0.00,5.56,0.00,0.00,0.00,35.56
20:13:59,1,40.22,0.00,20.65,0.00,0.00,4.35,0.00,0.00,0.00,34.78
20:13:59,2,37.23,0.00,21.28,0.00,0.00,6.38,0.00,0.00,0.00,35.11
20:13:59,3,37.08,0.00,20.22,0.00,0.00,5.62,0.00,0.00,0.00,37.08
20:13:59,4,38.71,0.00,20.43,0.00,0.00,4.30,0.00,0.00,0.00,36.56
20:13:59,5,36.17,0.00,12.77,0.00,0.00,5.32,0.00,0.00,0.00,45.74
20:13:59,6,38.95,0.00,13.68,0.00,0.00,4.21,0.00,0.00,0.00,43.16
20:13:59,7,40.62,0.00,11.46,0.00,0.00,4.17,0.00,0.00,0.00,43.75
20:13:59,8,37.89,0.00,13.68,0.00,0.00,4.21,0.00,0.00,0.00,44.21
20:13:59,9,38.54,0.00,13.54,0.00,0.00,5.21,0.00,0.00,0.00,42.71
20:13:59,10,41.76,0.00,10.99,0.00,0.00,3.30,0.00,0.00,0.00,43.96
20:13:59,11,42.05,0.00,10.23,0.00,0.00,3.41,0.00,0.00,0.00,44.32
20:14:00,all,61.52,0.00,18.46,0.00,0.00,4.92,0.00,0.00,0.00,15.10
20:14:00,0,57.89,0.00,24.21,0.00,0.00,6.32,0.00,0.00,0.00,11.58
20:14:00,1,63.27,0.00,22.45,0.00,0.00,7.14,0.00,0.00,0.00,7.14
20:14:00,2,56.70,0.00,23.71,0.00,0.00,6.19,0.00,0.00,0.00,13.40
20:14:00,3,62.63,0.00,22.22,0.00,0.00,7.07,0.00,0.00,0.00,8.08
20:14:00,4,56.25,0.00,23.96,0.00,0.00,9.38,0.00,0.00,0.00,10.42
20:14:00,5,65.26,0.00,16.84,0.00,0.00,3.16,0.00,0.00,0.00,14.74
20:14:00,6,63.54,0.00,14.58,0.00,0.00,4.17,0.00,0.00,0.00,17.71
20:14:00,7,56.84,0.00,14.74,0.00,0.00,4.21,0.00,0.00,0.00,24.21
20:14:00,8,56.25,0.00,14.58,0.00,0.00,4.17,0.00,0.00,0.00,25.00
20:14:00,9,62.24,0.00,16.33,0.00,0.00,3.06,0.00,0.00,0.00,18.37
20:14:00,10,65.62,0.00,13.54,0.00,0.00,2.08,0.00,0.00,0.00,18.75
20:14:00,11,71.43,0.00,14.29,0.00,0.00,2.04,0.00,0.00,0.00,12.24
20:14:01,all,47.65,0.00,16.65,0.00,0.00,4.52,0.00,0.00,0.00,31.18
20:14:01,0,48.42,0.00,21.05,0.00,0.00,5.26,0.00,0.00,0.00,25.26
20:14:01,1,47.25,0.00,20.88,0.00,0.00,6.59,0.00,0.00,0.00,25.27
20:14:01,2,41.11,0.00,25.56,0.00,0.00,5.56,0.00,0.00,0.00,27.78
20:14:01,3,46.24,0.00,22.58,0.00,0.00,5.38,0.00,0.00,0.00,25.81
20:14:01,4,47.31,0.00,19.35,0.00,0.00,7.53,0.00,0.00,0.00,25.81
20:14:01,5,46.94,0.00,13.27,0.00,0.00,5.10,0.00,0.00,0.00,34.69
20:14:01,6,48.98,0.00,14.29,0.00,0.00,3.06,0.00,0.00,0.00,33.67
20:14:01,7,48.45,0.00,13.40,0.00,0.00,3.09,0.00,0.00,0.00,35.05
20:14:01,8,45.65,0.00,11.96,0.00,0.00,3.26,0.00,0.00,0.00,39.13
20:14:01,9,47.92,0.00,14.58,0.00,0.00,4.17,0.00,0.00,0.00,33.33
20:14:01,10,51.61,0.00,9.68,0.00,0.00,2.15,0.00,0.00,0.00,36.56
20:14:01,11,51.61,0.00,13.98,0.00,0.00,3.23,0.00,0.00,0.00,31.18
20:14:02,all,39.64,0.00,15.16,0.00,0.00,4.75,0.00,0.00,0.00,40.45
20:14:02,0,41.11,0.00,20.00,0.00,0.00,6.67,0.00,0.00,0.00,32.22
20:14:02,1,38.20,0.00,22.47,0.00,0.00,4.49,0.00,0.00,0.00,34.83
20:14:02,2,37.78,0.00,22.22,0.00,0.00,5.56,0.00,0.00,0.00,34.44
20:14:02,3,38.89,0.00,22.22,0.00,0.00,6.67,0.00,0.00,0.00,32.22
20:14:02,4,36.67,0.00,20.00,0.00,0.00,6.67,0.00,0.00,0.00,36.67
20:14:02,5,34.69,0.00,14.29,0.00,0.00,4.08,0.00,0.00,0.00,46.94
20:14:02,6,40.00,0.00,11.58,0.00,0.00,4.21,0.00,0.00,0.00,44.21
20:14:02,7,41.67,0.00,10.42,0.00,0.00,4.17,0.00,0.00,0.00,43.75
20:14:02,8,40.40,0.00,10.10,0.00,0.00,4.04,0.00,0.00,0.00,45.45
20:14:02,9,42.11,0.00,11.58,0.00,0.00,3.16,0.00,0.00,0.00,43.16
20:14:02,10,42.70,0.00,7.87,0.00,0.00,3.37,0.00,0.00,0.00,46.07
20:14:02,11,41.49,0.00,10.64,0.00,0.00,4.26,0.00,0.00,0.00,43.62
20:14:03,all,40.13,0.00,15.35,0.00,0.00,4.58,0.00,0.00,0.00,39.95
20:14:03,0,40.00,0.00,21.11,0.00,0.00,5.56,0.00,0.00,0.00,33.33
20:14:03,1,41.57,0.00,21.35,0.00,0.00,4.49,0.00,0.00,0.00,32.58
20:14:03,2,36.17,0.00,22.34,0.00,0.00,6.38,0.00,0.00,0.00,35.11
20:14:03,3,39.56,0.00,19.78,0.00,0.00,4.40,0.00,0.00,0.00,36.26
20:14:03,4,39.77,0.00,19.32,0.00,0.00,5.68,0.00,0.00,0.00,35.23
20:14:03,5,38.14,0.00,11.34,0.00,0.00,4.12,0.00,0.00,0.00,46.39
20:14:03,6,40.00,0.00,12.63,0.00,0.00,5.26,0.00,0.00,0.00,42.11
20:14:03,7,40.82,0.00,14.29,0.00,0.00,4.08,0.00,0.00,0.00,40.82
20:14:03,8,38.71,0.00,10.75,0.00,0.00,3.23,0.00,0.00,0.00,47.31
20:14:03,9,40.66,0.00,12.09,0.00,0.00,4.40,0.00,0.00,0.00,42.86
20:14:03,10,41.49,0.00,9.57,0.00,0.00,4.26,0.00,0.00,0.00,44.68
20:14:03,11,44.68,0.00,10.64,0.00,0.00,3.19,0.00,0.00,0.00,41.49
20:14:04,all,38.55,0.00,16.01,0.00,0.00,4.83,0.00,0.00,0.00,40.61
20:14:04,0,39.56,0.00,19.78,0.00,0.00,5.49,0.00,0.00,0.00,35.16
20:14:04,1,37.78,0.00,22.22,0.00,0.00,5.56,0.00,0.00,0.00,34.44
20:14:04,2,37.78,0.00,21.11,0.00,0.00,5.56,0.00,0.00,0.00,35.56
20:14:04,3,38.30,0.00,21.28,0.00,0.00,5.32,0.00,0.00,0.00,35.11
20:14:04,4,36.56,0.00,22.58,0.00,0.00,6.45,0.00,0.00,0.00,34.41
20:14:04,5,37.89,0.00,12.63,0.00,0.00,3.16,0.00,0.00,0.00,46.32
20:14:04,6,37.50,0.00,12.50,0.00,0.00,4.17,0.00,0.00,0.00,45.83
20:14:04,7,37.76,0.00,14.29,0.00,0.00,4.08,0.00,0.00,0.00,43.88
20:14:04,8,36.84,0.00,11.58,0.00,0.00,5.26,0.00,0.00,0.00,46.32
20:14:04,9,39.36,0.00,12.77,0.00,0.00,5.32,0.00,0.00,0.00,42.55
20:14:04,10,41.30,0.00,11.96,0.00,0.00,3.26,0.00,0.00,0.00,43.48
20:14:04,11,42.22,0.00,10.00,0.00,0.00,4.44,0.00,0.00,0.00,43.33
20:14:05,all,40.14,0.00,16.22,0.00,0.00,4.75,0.00,0.00,0.00,38.89
20:14:05,0,40.00,0.00,20.00,0.00,0.00,7.78,0.00,0.00,0.00,32.22
20:14:05,1,39.56,0.00,23.08,0.00,0.00,5.49,0.00,0.00,0.00,31.87
20:14:05,2,38.89,0.00,23.33,0.00,0.00,5.56,0.00,0.00,0.00,32.22
20:14:05,3,38.71,0.00,23.66,0.00,0.00,5.38,0.00,0.00,0.00,32.26
20:14:05,4,37.36,0.00,19.78,0.00,0.00,6.59,0.00,0.00,0.00,36.26
20:14:05,5,40.21,0.00,11.34,0.00,0.00,5.15,0.00,0.00,0.00,43.30
20:14:05,6,38.95,0.00,14.74,0.00,0.00,3.16,0.00,0.00,0.00,43.16
20:14:05,7,40.00,0.00,12.63,0.00,0.00,5.26,0.00,0.00,0.00,42.11
20:14:05,8,38.71,0.00,12.90,0.00,0.00,2.15,0.00,0.00,0.00,46.24
20:14:05,9,43.75,0.00,12.50,0.00,0.00,3.12,0.00,0.00,0.00,40.62
20:14:05,10,41.30,0.00,10.87,0.00,0.00,4.35,0.00,0.00,0.00,43.48
20:14:05,11,44.09,0.00,10.75,0.00,0.00,3.23,0.00,0.00,0.00,41.94
20:14:06,all,59.41,0.00,16.81,0.00,0.00,5.05,0.00,0.00,0.00,18.73
20:14:06,0,54.74,0.00,21.05,0.00,0.00,8.42,0.00,0.00,0.00,15.79
20:14:06,1,61.70,0.00,19.15,0.00,0.00,5.32,0.00,0.00,0.00,13.83
20:14:06,2,59.38,0.00,20.83,0.00,0.00,6.25,0.00,0.00,0.00,13.54
20:14:06,3,50.54,0.00,25.81,0.00,0.00,8.60,0.00,0.00,0.00,15.05
20:14:06,4,59.57,0.00,20.21,0.00,0.00,5.32,0.00,0.00,0.00,14.89
20:14:06,5,62.63,0.00,16.16,0.00,0.00,4.04,0.00,0.00,0.00,17.17
20:14:06,6,61.86,0.00,13.40,0.00,0.00,4.12,0.00,0.00,0.00,20.62
20:14:06,7,58.16,0.00,15.31,0.00,0.00,4.08,0.00,0.00,0.00,22.45
20:14:06,8,57.73,0.00,14.43,0.00,0.00,5.15,0.00,0.00,0.00,22.68
20:14:06,9,60.20,0.00,12.24,0.00,0.00,4.08,0.00,0.00,0.00,23.47
20:14:06,10,63.83,0.00,10.64,0.00,0.00,2.13,0.00,0.00,0.00,23.40
20:14:06,11,62.37,0.00,12.90,0.00,0.00,3.23,0.00,0.00,0.00,21.51
20:14:07,all,69.06,0.00,19.86,0.00,0.00,5.16,0.00,0.00,0.00,5.92
20:14:07,0,66.67,0.00,21.21,0.00,0.00,5.05,0.00,0.00,0.00,7.07
20:14:07,1,66.00,0.00,24.00,0.00,0.00,6.00,0.00,0.00,0.00,4.00
20:14:07,2,61.22,0.00,24.49,0.00,0.00,9.18,0.00,0.00,0.00,5.10
20:14:07,3,61.86,0.00,24.74,0.00,0.00,9.28,0.00,0.00,0.00,4.12
20:14:07,4,59.18,0.00,27.55,0.00,0.00,8.16,0.00,0.00,0.00,5.10
20:14:07,5,76.77,0.00,17.17,0.00,0.00,3.03,0.00,0.00,0.00,3.03
20:14:07,6,73.20,0.00,17.53,0.00,0.00,3.09,0.00,0.00,0.00,6.19
20:14:07,7,76.53,0.00,15.31,0.00,0.00,3.06,0.00,0.00,0.00,5.10
20:14:07,8,71.72,0.00,15.15,0.00,0.00,4.04,0.00,0.00,0.00,9.09
20:14:07,9,65.66,0.00,18.18,0.00,0.00,4.04,0.00,0.00,0.00,12.12
20:14:07,10,72.73,0.00,18.18,0.00,0.00,2.02,0.00,0.00,0.00,7.07
20:14:07,11,77.00,0.00,15.00,0.00,0.00,5.00,0.00,0.00,0.00,3.00
20:14:08,all,42.50,0.00,15.09,0.18,0.00,4.73,0.00,0.00,0.00,37.50
20:14:08,0,43.18,0.00,18.18,0.00,0.00,5.68,0.00,0.00,0.00,32.95
20:14:08,1,40.45,0.00,22.47,0.00,0.00,5.62,0.00,0.00,0.00,31.46
20:14:08,2,42.70,0.00,20.22,0.00,0.00,3.37,0.00,0.00,0.00,33.71
20:14:08,3,38.89,0.00,23.33,0.00,0.00,4.44,0.00,0.00,0.00,33.33
20:14:08,4,39.56,0.00,21.98,0.00,0.00,6.59,0.00,0.00,0.00,31.87
20:14:08,5,42.27,0.00,11.34,0.00,0.00,4.12,0.00,0.00,0.00,42.27
20:14:08,6,40.21,0.00,12.37,1.03,0.00,5.15,0.00,0.00,0.00,41.24
20:14:08,7,42.71,0.00,11.46,0.00,0.00,5.21,0.00,0.00,0.00,40.62
20:14:08,8,41.41,0.00,10.10,1.01,0.00,5.05,0.00,0.00,0.00,42.42
20:14:08,9,42.71,0.00,12.50,0.00,0.00,4.17,0.00,0.00,0.00,40.62
20:14:08,10,47.37,0.00,9.47,0.00,0.00,4.21,0.00,0.00,0.00,38.95
20:14:08,11,48.39,0.00,9.68,0.00,0.00,3.23,0.00,0.00,0.00,38.71
20:14:09,all,40.79,0.00,14.91,0.00,0.00,4.49,0.00,0.00,0.00,39.80
20:14:09,0,41.11,0.00,18.89,0.00,0.00,5.56,0.00,0.00,0.00,34.44
20:14:09,1,42.70,0.00,19.10,0.00,0.00,4.49,0.00,0.00,0.00,33.71
20:14:09,2,41.11,0.00,16.67,0.00,0.00,6.67,0.00,0.00,0.00,35.56
20:14:09,3,41.94,0.00,19.35,0.00,0.00,5.38,0.00,0.00,0.00,33.33
20:14:09,4,36.96,0.00,21.74,0.00,0.00,6.52,0.00,0.00,0.00,34.78
20:14:09,5,37.50,0.00,14.58,0.00,0.00,3.12,0.00,0.00,0.00,44.79
20:14:09,6,39.78,0.00,10.75,0.00,0.00,4.30,0.00,0.00,0.00,45.16
20:14:09,7,42.71,0.00,10.42,0.00,0.00,4.17,0.00,0.00,0.00,42.71
20:14:09,8,34.41,0.00,13.98,0.00,0.00,4.30,0.00,0.00,0.00,47.31
20:14:09,9,42.55,0.00,12.77,0.00,0.00,3.19,0.00,0.00,0.00,41.49
20:14:09,10,43.62,0.00,10.64,0.00,0.00,3.19,0.00,0.00,0.00,42.55
20:14:09,11,45.16,0.00,10.75,0.00,0.00,3.23,0.00,0.00,0.00,40.86
20:14:10,all,42.59,0.00,15.99,0.09,0.00,4.40,0.00,0.00,0.00,36.93
20:14:10,0,42.39,0.00,21.74,0.00,0.00,6.52,0.00,0.00,0.00,29.35
20:14:10,1,39.13,0.00,21.74,1.09,0.00,6.52,0.00,0.00,0.00,31.52
20:14:10,2,38.89,0.00,22.22,0.00,0.00,6.67,0.00,0.00,0.00,32.22
20:14:10,3,40.45,0.00,21.35,0.00,0.00,6.74,0.00,0.00,0.00,31.46
20:14:10,4,40.22,0.00,22.83,0.00,0.00,5.43,0.00,0.00,0.00,31.52
20:14:10,5,43.48,0.00,9.78,0.00,0.00,3.26,0.00,0.00,0.00,43.48
20:14:10,6,43.62,0.00,12.77,0.00,0.00,2.13,0.00,0.00,0.00,41.49
20:14:10,7,42.71,0.00,12.50,0.00,0.00,4.17,0.00,0.00,0.00,40.62
20:14:10,8,39.36,0.00,12.77,0.00,0.00,3.19,0.00,0.00,0.00,44.68
20:14:10,9,45.36,0.00,14.43,0.00,0.00,3.09,0.00,0.00,0.00,37.11
20:14:10,10,47.31,0.00,10.75,0.00,0.00,2.15,0.00,0.00,0.00,39.78
20:14:10,11,47.83,0.00,9.78,0.00,0.00,3.26,0.00,0.00,0.00,39.13
20:14:11,all,40.43,0.00,15.36,0.00,0.00,4.94,0.00,0.00,0.00,39.26
20:14:11,0,40.00,0.00,20.00,0.00,0.00,6.67,0.00,0.00,0.00,33.33
20:14:11,1,42.22,0.00,21.11,0.00,0.00,5.56,0.00,0.00,0.00,31.11
20:14:11,2,40.66,0.00,19.78,0.00,0.00,5.49,0.00,0.00,0.00,34.07
20:14:11,3,40.45,0.00,20.22,0.00,0.00,4.49,0.00,0.00,0.00,34.83
20:14:11,4,35.56,0.00,22.22,0.00,0.00,5.56,0.00,0.00,0.00,36.67
20:14:11,5,36.08,0.00,12.37,0.00,0.00,6.19,0.00,0.00,0.00,45.36
20:14:11,6,38.95,0.00,13.68,0.00,0.00,5.26,0.00,0.00,0.00,42.11
20:14:11,7,42.71,0.00,12.50,0.00,0.00,4.17,0.00,0.00,0.00,40.62
20:14:11,8,38.30,0.00,11.70,0.00,0.00,4.26,0.00,0.00,0.00,45.74
20:14:11,9,42.71,0.00,10.42,0.00,0.00,5.21,0.00,0.00,0.00,41.67
20:14:11,10,43.48,0.00,10.87,0.00,0.00,2.17,0.00,0.00,0.00,43.48
20:14:11,11,44.09,0.00,10.75,0.00,0.00,4.30,0.00,0.00,0.00,40.86
20:14:12,all,40.52,0.00,15.49,0.00,0.00,4.81,0.00,0.00,0.00,39.18
20:14:12,0,42.86,0.00,18.68,0.00,0.00,5.49,0.00,0.00,0.00,32.97
20:14:12,1,40.43,0.00,20.21,0.00,0.00,6.38,0.00,0.00,0.00,32.98
20:14:12,2,37.63,0.00,21.51,0.00,0.00,5.38,0.00,0.00,0.00,35.48
20:14:12,3,42.39,0.00,18.48,0.00,0.00,5.43,0.00,0.00,0.00,33.70
20:14:12,4,39.36,0.00,21.28,0.00,0.00,5.32,0.00,0.00,0.00,34.04
20:14:12,5,40.66,0.00,10.99,0.00,0.00,3.30,0.00,0.00,0.00,45.05
20:14:12,6,40.43,0.00,11.70,0.00,0.00,4.26,0.00,0.00,0.00,43.62
20:14:12,7,41.94,0.00,13.98,0.00,0.00,4.30,0.00,0.00,0.00,39.78
20:14:12,8,39.58,0.00,11.46,0.00,0.00,4.17,0.00,0.00,0.00,44.79
20:14:12,9,39.18,0.00,12.37,0.00,0.00,5.15,0.00,0.00,0.00,43.30
20:14:12,10,40.00,0.00,12.63,0.00,0.00,4.21,0.00,0.00,0.00,43.16
20:14:12,11,41.94,0.00,12.90,0.00,0.00,4.30,0.00,0.00,0.00,40.86
20:14:13,all,41.55,0.00,15.28,0.00,0.00,4.83,0.00,0.00,0.00,38.34
20:14:13,0,40.66,0.00,21.98,0.00,0.00,7.69,0.00,0.00,0.00,29.67
20:14:13,1,41.76,0.00,19.78,0.00,0.00,5.49,0.00,0.00,0.00,32.97
20:14:13,2,39.36,0.00,22.34,0.00,0.00,6.38,0.00,0.00,0.00,31.91
20:14:13,3,40.86,0.00,20.43,0.00,0.00,5.38,0.00,0.00,0.00,33.33
20:14:13,4,41.76,0.00,21.98,0.00,0.00,4.40,0.00,0.00,0.00,31.87
20:14:13,5,39.18,0.00,11.34,0.00,0.00,4.12,0.00,0.00,0.00,45.36
20:14:13,6,41.05,0.00,12.63,0.00,0.00,3.16,0.00,0.00,0.00,43.16
20:14:13,7,41.24,0.00,12.37,0.00,0.00,4.12,0.00,0.00,0.00,42.27
20:14:13,8,41.05,0.00,9.47,0.00,0.00,4.21,0.00,0.00,0.00,45.26
20:14:13,9,43.01,0.00,11.83,0.00,0.00,5.38,0.00,0.00,0.00,39.78
20:14:13,10,42.86,0.00,10.99,0.00,0.00,3.30,0.00,0.00,0.00,42.86
20:14:13,11,46.15,0.00,8.79,0.00,0.00,4.40,0.00,0.00,0.00,40.66
20:14:14,all,40.47,0.00,15.58,0.00,0.00,4.74,0.00,0.00,0.00,39.21
20:14:14,0,42.70,0.00,20.22,0.00,0.00,4.49,0.00,0.00,0.00,32.58
20:14:14,1,39.13,0.00,21.74,0.00,0.00,6.52,0.00,0.00,0.00,32.61
20:14:14,2,37.36,0.00,23.08,0.00,0.00,6.59,0.00,0.00,0.00,32.97
20:14:14,3,35.96,0.00,22.47,0.00,0.00,6.74,0.00,0.00,0.00,34.83
20:14:14,4,36.26,0.00,20.88,0.00,0.00,7.69,0.00,0.00,0.00,35.16
20:14:14,5,38.71,0.00,11.83,0.00,0.00,3.23,0.00,0.00,0.00,46.24
20:14:14,6,41.49,0.00,10.64,0.00,0.00,3.19,0.00,0.00,0.00,44.68
20:14:14,7,41.67,0.00,12.50,0.00,0.00,3.12,0.00,0.00,0.00,42.71
20:14:14,8,39.58,0.00,11.46,0.00,0.00,4.17,0.00,0.00,0.00,44.79
20:14:14,9,42.86,0.00,12.24,0.00,0.00,5.10,0.00,0.00,0.00,39.80
20:14:14,10,45.26,0.00,10.53,0.00,0.00,3.16,0.00,0.00,0.00,41.05
20:14:14,11,44.09,0.00,10.75,0.00,0.00,3.23,0.00,0.00,0.00,41.94
20:14:15,all,41.56,0.00,15.44,0.00,0.00,4.76,0.00,0.00,0.00,38.24
20:14:15,0,42.39,0.00,22.83,0.00,0.00,5.43,0.00,0.00,0.00,29.35
20:14:15,1,41.11,0.00,21.11,0.00,0.00,6.67,0.00,0.00,0.00,31.11
20:14:15,2,39.13,0.00,19.57,0.00,0.00,6.52,0.00,0.00,0.00,34.78
20:14:15,3,39.33,0.00,21.35,0.00,0.00,6.74,0.00,0.00,0.00,32.58
20:14:15,4,38.71,0.00,22.58,0.00,0.00,4.30,0.00,0.00,0.00,34.41
20:14:15,5,41.24,0.00,12.37,0.00,0.00,4.12,0.00,0.00,0.00,42.27
20:14:15,6,44.68,0.00,11.70,0.00,0.00,3.19,0.00,0.00,0.00,40.43
20:14:15,7,41.11,0.00,10.00,0.00,0.00,3.33,0.00,0.00,0.00,45.56
20:14:15,8,38.54,0.00,11.46,0.00,0.00,5.21,0.00,0.00,0.00,44.79
20:14:15,9,41.67,0.00,13.54,0.00,0.00,4.17,0.00,0.00,0.00,40.62
20:14:15,10,46.15,0.00,8.79,0.00,0.00,3.30,0.00,0.00,0.00,41.76
20:14:15,11,44.68,0.00,10.64,0.00,0.00,4.26,0.00,0.00,0.00,40.43
20:14:16,all,42.31,0.00,15.29,0.00,0.00,4.80,0.00,0.00,0.00,37.60
20:14:16,0,40.00,0.00,22.22,0.00,0.00,6.67,0.00,0.00,0.00,31.11
20:14:16,1,41.76,0.00,20.88,0.00,0.00,5.49,0.00,0.00,0.00,31.87
20:14:16,2,38.89,0.00,18.89,0.00,0.00,6.67,0.00,0.00,0.00,35.56
20:14:16,3,42.86,0.00,19.78,0.00,0.00,5.49,0.00,0.00,0.00,31.87
20:14:16,4,39.13,0.00,21.74,0.00,0.00,6.52,0.00,0.00,0.00,32.61
20:14:16,5,42.27,0.00,11.34,0.00,0.00,5.15,0.00,0.00,0.00,41.24
20:14:16,6,42.27,0.00,13.40,0.00,0.00,4.12,0.00,0.00,0.00,40.21
20:14:16,7,43.30,0.00,11.34,0.00,0.00,4.12,0.00,0.00,0.00,41.24
20:14:16,8,41.84,0.00,10.20,0.00,0.00,3.06,0.00,0.00,0.00,44.90
20:14:16,9,43.16,0.00,12.63,0.00,0.00,4.21,0.00,0.00,0.00,40.00
20:14:16,10,46.81,0.00,10.64,0.00,0.00,3.19,0.00,0.00,0.00,39.36
20:14:16,11,45.16,0.00,11.83,0.00,0.00,3.23,0.00,0.00,0.00,39.78
20:14:17,all,42.74,0.00,16.76,0.00,0.00,4.39,0.00,0.00,0.00,36.11
20:14:17,0,41.30,0.00,23.91,0.00,0.00,5.43,0.00,0.00,0.00,29.35
20:14:17,1,44.94,0.00,21.35,0.00,0.00,4.49,0.00,0.00,0.00,29.21
20:14:17,2,40.22,0.00,23.91,0.00,0.00,4.35,0.00,0.00,0.00,31.52
20:14:17,3,42.39,0.00,20.65,0.00,0.00,5.43,0.00,0.00,0.00,31.52
20:14:17,4,38.64,0.00,22.73,0.00,0.00,5.68,0.00,0.00,0.00,32.95
20:14:17,5,41.49,0.00,12.77,0.00,0.00,4.26,0.00,0.00,0.00,41.49
20:14:17,6,42.11,0.00,12.63,0.00,0.00,4.21,0.00,0.00,0.00,41.05
20:14:17,7,43.16,0.00,13.68,0.00,0.00,3.16,0.00,0.00,0.00,40.00
20:14:17,8,42.27,0.00,15.46,0.00,0.00,3.09,0.00,0.00,0.00,39.18
20:14:17,9,46.32,0.00,11.58,0.00,0.00,4.21,0.00,0.00,0.00,37.89
20:14:17,10,46.74,0.00,10.87,0.00,0.00,3.26,0.00,0.00,0.00,39.13
20:14:17,11,43.16,0.00,12.63,0.00,0.00,5.26,0.00,0.00,0.00,38.95
20:14:18,all,40.57,0.00,15.10,0.00,0.00,5.00,0.00,0.00,0.00,39.32
20:14:18,0,42.22,0.00,17.78,0.00,0.00,5.56,0.00,0.00,0.00,34.44
20:14:18,1,39.13,0.00,22.83,0.00,0.00,5.43,0.00,0.00,0.00,32.61
20:14:18,2,36.36,0.00,21.59,0.00,0.00,5.68,0.00,0.00,0.00,36.36
20:14:18,3,38.89,0.00,20.00,0.00,0.00,6.67,0.00,0.00,0.00,34.44
20:14:18,4,37.63,0.00,21.51,0.00,0.00,5.38,0.00,0.00,0.00,35.48
20:14:18,5,41.67,0.00,10.42,0.00,0.00,4.17,0.00,0.00,0.00,43.75
20:14:18,6,40.21,0.00,12.37,0.00,0.00,4.12,0.00,0.00,0.00,43.30
20:14:18,7,39.58,0.00,13.54,0.00,0.00,4.17,0.00,0.00,0.00,42.71
20:14:18,8,42.86,0.00,9.18,0.00,0.00,5.10,0.00,0.00,0.00,42.86
20:14:18,9,40.62,0.00,12.50,0.00,0.00,5.21,0.00,0.00,0.00,41.67
20:14:18,10,44.57,0.00,9.78,0.00,0.00,4.35,0.00,0.00,0.00,41.30
20:14:18,11,42.86,0.00,10.99,0.00,0.00,4.40,0.00,0.00,0.00,41.76
20:14:19,all,39.61,0.00,15.95,0.00,0.00,4.84,0.00,0.00,0.00,39.61
20:14:19,0,40.86,0.00,22.58,0.00,0.00,5.38,0.00,0.00,0.00,31.18
20:14:19,1,40.66,0.00,19.78,0.00,0.00,4.40,0.00,0.00,0.00,35.16
20:14:19,2,38.04,0.00,21.74,0.00,0.00,5.43,0.00,0.00,0.00,34.78
20:14:19,3,37.63,0.00,23.66,0.00,0.00,6.45,0.00,0.00,0.00,32.26
20:14:19,4,35.16,0.00,21.98,0.00,0.00,6.59,0.00,0.00,0.00,36.26
20:14:19,5,37.37,0.00,13.13,0.00,0.00,5.05,0.00,0.00,0.00,44.44
20:14:19,6,40.22,0.00,13.04,0.00,0.00,3.26,0.00,0.00,0.00,43.48
20:14:19,7,39.56,0.00,10.99,0.00,0.00,4.40,0.00,0.00,0.00,45.05
20:14:19,8,37.89,0.00,12.63,0.00,0.00,5.26,0.00,0.00,0.00,44.21
20:14:19,9,40.21,0.00,12.37,0.00,0.00,5.15,0.00,0.00,0.00,42.27
20:14:19,10,43.33,0.00,10.00,0.00,0.00,3.33,0.00,0.00,0.00,43.33
20:14:19,11,44.57,0.00,9.78,0.00,0.00,3.26,0.00,0.00,0.00,42.39
20:14:20,all,42.47,0.00,15.41,0.00,0.00,5.02,0.00,0.00,0.00,37.10
20:14:20,0,42.86,0.00,18.68,0.00,0.00,7.69,0.00,0.00,0.00,30.77
20:14:20,1,40.86,0.00,20.43,0.00,0.00,7.53,0.00,0.00,0.00,31.18
20:14:20,2,42.86,0.00,19.78,0.00,0.00,5.49,0.00,0.00,0.00,31.87
20:14:20,3,40.00,0.00,20.00,0.00,0.00,6.67,0.00,0.00,0.00,33.33
20:14:20,4,41.11,0.00,22.22,0.00,0.00,5.56,0.00,0.00,0.00,31.11
20:14:20,5,38.54,0.00,13.54,0.00,0.00,4.17,0.00,0.00,0.00,43.75
20:14:20,6,42.55,0.00,11.70,0.00,0.00,4.26,0.00,0.00,0.00,41.49
20:14:20,7,43.62,0.00,11.70,0.00,0.00,3.19,0.00,0.00,0.00,41.49
20:14:20,8,41.67,0.00,11.46,0.00,0.00,4.17,0.00,0.00,0.00,42.71
20:14:20,9,43.48,0.00,14.13,0.00,0.00,4.35,0.00,0.00,0.00,38.04
20:14:20,10,45.26,0.00,11.58,0.00,0.00,4.21,0.00,0.00,0.00,38.95
20:14:20,11,46.81,0.00,10.64,0.00,0.00,3.19,0.00,0.00,0.00,39.36
20:14:21,all,41.13,0.00,15.32,0.00,0.00,4.66,0.00,0.00,0.00,38.89
20:14:21,0,40.45,0.00,20.22,0.00,0.00,4.49,0.00,0.00,0.00,34.83
20:14:21,1,37.93,0.00,20.69,0.00,0.00,5.75,0.00,0.00,0.00,35.63
20:14:21,2,38.71,0.00,21.51,0.00,0.00,6.45,0.00,0.00,0.00,33.33
20:14:21,3,38.89,0.00,23.33,0.00,0.00,5.56,0.00,0.00,0.00,32.22
20:14:21,4,39.13,0.00,21.74,0.00,0.00,6.52,0.00,0.00,0.00,32.61
20:14:21,5,41.67,0.00,9.38,0.00,0.00,3.12,0.00,0.00,0.00,45.83
20:14:21,6,42.55,0.00,10.64,0.00,0.00,4.26,0.00,0.00,0.00,42.55
20:14:21,7,40.86,0.00,11.83,0.00,0.00,6.45,0.00,0.00,0.00,40.86
20:14:21,8,39.58,0.00,11.46,0.00,0.00,4.17,0.00,0.00,0.00,44.79
20:14:21,9,43.30,0.00,11.34,0.00,0.00,3.09,0.00,0.00,0.00,42.27
20:14:21,10,45.74,0.00,12.77,0.00,0.00,2.13,0.00,0.00,0.00,39.36
20:14:21,11,44.21,0.00,10.53,0.00,0.00,4.21,0.00,0.00,0.00,41.05
20:14:22,all,40.20,0.00,15.44,0.00,0.00,5.06,0.00,0.00,0.00,39.31
20:14:22,0,41.57,0.00,16.85,0.00,0.00,7.87,0.00,0.00,0.00,33.71
20:14:22,1,40.66,0.00,20.88,0.00,0.00,5.49,0.00,0.00,0.00,32.97
20:14:22,2,38.95,0.00,21.05,0.00,0.00,5.26,0.00,0.00,0.00,34.74
20:14:22,3,36.17,0.00,24.47,0.00,0.00,6.38,0.00,0.00,0.00,32.98
20:14:22,4,41.76,0.00,16.48,0.00,0.00,5.49,0.00,0.00,0.00,36.26
20:14:22,5,36.08,0.00,16.49,0.00,0.00,4.12,0.00,0.00,0.00,43.30
20:14:22,6,39.18,0.00,12.37,0.00,0.00,5.15,0.00,0.00,0.00,43.30
20:14:22,7,42.55,0.00,10.64,0.00,0.00,4.26,0.00,0.00,0.00,42.55
20:14:22,8,39.18,0.00,12.37,0.00,0.00,4.12,0.00,0.00,0.00,44.33
20:14:22,9,40.21,0.00,13.40,0.00,0.00,5.15,0.00,0.00,0.00,41.24
20:14:22,10,41.94,0.00,10.75,0.00,0.00,4.30,0.00,0.00,0.00,43.01
20:14:22,11,44.57,0.00,9.78,0.00,0.00,3.26,0.00,0.00,0.00,42.39
20:14:23,all,41.42,0.00,15.45,0.00,0.00,4.40,0.00,0.00,0.00,38.72
20:14:23,0,42.70,0.00,22.47,0.00,0.00,4.49,0.00,0.00,0.00,30.34
20:14:23,1,43.33,0.00,18.89,0.00,0.00,5.56,0.00,0.00,0.00,32.22
20:14:23,2,40.45,0.00,19.10,0.00,0.00,6.74,0.00,0.00,0.00,33.71
20:14:23,3,39.08,0.00,20.69,0.00,0.00,5.75,0.00,0.00,0.00,34.48
20:14:23,4,37.78,0.00,21.11,0.00,0.00,6.67,0.00,0.00,0.00,34.44
20:14:23,5,37.89,0.00,11.58,0.00,0.00,4.21,0.00,0.00,0.00,46.32
20:14:23,6,40.43,0.00,13.83,0.00,0.00,4.26,0.00,0.00,0.00,41.49
20:14:23,7,43.16,0.00,12.63,0.00,0.00,3.16,0.00,0.00,0.00,41.05
20:14:23,8,40.82,0.00,12.24,0.00,0.00,3.06,0.00,0.00,0.00,43.88
20:14:23,9,41.67,0.00,13.54,0.00,0.00,3.12,0.00,0.00,0.00,41.67
20:14:23,10,45.16,0.00,9.68,0.00,0.00,2.15,0.00,0.00,0.00,43.01
20:14:23,11,44.33,0.00,11.34,0.00,0.00,4.12,0.00,0.00,0.00,40.21
20:14:24,all,40.59,0.00,15.23,0.00,0.00,4.93,0.00,0.00,0.00,39.25
20:14:24,0,38.64,0.00,21.59,0.00,0.00,5.68,0.00,0.00,0.00,34.09
20:14:24,1,39.33,0.00,20.22,0.00,0.00,6.74,0.00,0.00,0.00,33.71
20:14:24,2,38.30,0.00,22.34,0.00,0.00,6.38,0.00,0.00,0.00,32.98
20:14:24,3,40.22,0.00,20.65,0.00,0.00,6.52,0.00,0.00,0.00,32.61
20:14:24,4,38.46,0.00,20.88,0.00,0.00,6.59,0.00,0.00,0.00,34.07
20:14:24,5,40.00,0.00,11.58,0.00,0.00,3.16,0.00,0.00,0.00,45.26
20:14:24,6,42.55,0.00,9.57,0.00,0.00,3.19,0.00,0.00,0.00,44.68
20:14:24,7,40.21,0.00,13.40,0.00,0.00,3.09,0.00,0.00,0.00,43.30
20:14:24,8,41.24,0.00,10.31,0.00,0.00,4.12,0.00,0.00,0.00,44.33
20:14:24,9,41.05,0.00,11.58,0.00,0.00,5.26,0.00,0.00,0.00,42.11
20:14:24,10,43.48,0.00,10.87,0.00,0.00,4.35,0.00,0.00,0.00,41.30
20:14:24,11,43.48,0.00,10.87,0.00,0.00,4.35,0.00,0.00,0.00,41.30
20:14:25,all,40.43,0.00,16.19,0.00,0.00,5.10,0.00,0.00,0.00,38.28
20:14:25,0,39.77,0.00,20.45,0.00,0.00,6.82,0.00,0.00,0.00,32.95
20:14:25,1,41.94,0.00,20.43,0.00,0.00,5.38,0.00,0.00,0.00,32.26
20:14:25,2,35.23,0.00,23.86,0.00,0.00,6.82,0.00,0.00,0.00,34.09
20:14:25,3,38.04,0.00,20.65,0.00,0.00,7.61,0.00,0.00,0.00,33.70
20:14:25,4,40.00,0.00,20.00,0.00,0.00,6.67,0.00,0.00,0.00,33.33
20:14:25,5,38.14,0.00,12.37,0.00,0.00,5.15,0.00,0.00,0.00,44.33
20:14:25,6,40.00,0.00,12.63,0.00,0.00,4.21,0.00,0.00,0.00,43.16
20:14:25,7,41.05,0.00,13.68,0.00,0.00,4.21,0.00,0.00,0.00,41.05
20:14:25,8,39.58,0.00,12.50,0.00,0.00,4.17,0.00,0.00,0.00,43.75
20:14:25,9,41.05,0.00,12.63,0.00,0.00,4.21,0.00,0.00,0.00,42.11
20:14:25,10,44.21,0.00,13.68,0.00,0.00,3.16,0.00,0.00,0.00,38.95
20:14:25,11,45.74,0.00,12.77,0.00,0.00,3.19,0.00,0.00,0.00,38.30
20:14:26,all,41.89,0.00,15.51,0.00,0.00,5.17,0.00,0.00,0.00,37.43
20:14:26,0,41.30,0.00,20.65,0.00,0.00,6.52,0.00,0.00,0.00,31.52
20:14:26,1,40.66,0.00,20.88,0.00,0.00,6.59,0.00,0.00,0.00,31.87
20:14:26,2,39.36,0.00,20.21,0.00,0.00,7.45,0.00,0.00,0.00,32.98
20:14:26,3,42.86,0.00,19.78,0.00,0.00,6.59,0.00,0.00,0.00,30.77
20:14:26,4,39.36,0.00,21.28,0.00,0.00,6.38,0.00,0.00,0.00,32.98
20:14:26,5,38.95,0.00,10.53,0.00,0.00,5.26,0.00,0.00,0.00,45.26
20:14:26,6,43.62,0.00,11.70,0.00,0.00,4.26,0.00,0.00,0.00,40.43
20:14:26,7,39.78,0.00,12.90,0.00,0.00,4.30,0.00,0.00,0.00,43.01
20:14:26,8,41.05,0.00,13.68,0.00,0.00,3.16,0.00,0.00,0.00,42.11
20:14:26,9,43.16,0.00,12.63,0.00,0.00,4.21,0.00,0.00,0.00,40.00
20:14:26,10,46.24,0.00,9.68,0.00,0.00,4.30,0.00,0.00,0.00,39.78
20:14:26,11,46.32,0.00,12.63,0.00,0.00,3.16,0.00,0.00,0.00,37.89
20:14:27,all,42.70,0.00,16.46,0.09,0.00,4.54,0.00,0.00,0.00,36.21
20:14:27,0,42.22,0.00,22.22,0.00,0.00,6.67,0.00,0.00,0.00,28.89
20:14:27,1,41.49,0.00,23.40,0.00,0.00,6.38,0.00,0.00,0.00,28.72
20:14:27,2,41.76,0.00,23.08,0.00,0.00,4.40,0.00,0.00,0.00,30.77
20:14:27,3,41.11,0.00,21.11,0.00,0.00,5.56,0.00,0.00,0.00,32.22
20:14:27,4,38.46,0.00,23.08,0.00,0.00,5.49,0.00,0.00,0.00,32.97
20:14:27,5,37.89,0.00,12.63,0.00,0.00,4.21,0.00,0.00,0.00,45.26
20:14:27,6,45.36,0.00,13.40,0.00,0.00,3.09,0.00,0.00,0.00,38.14
20:14:27,7,42.55,0.00,12.77,0.00,0.00,4.26,0.00,0.00,0.00,40.43
20:14:27,8,42.86,0.00,10.20,0.00,0.00,4.08,0.00,0.00,0.00,42.86
20:14:27,9,47.42,0.00,10.31,1.03,0.00,3.09,0.00,0.00,0.00,38.14
20:14:27,10,46.81,0.00,12.77,0.00,0.00,3.19,0.00,0.00,0.00,37.23
20:14:27,11,44.09,0.00,13.98,0.00,0.00,4.30,0.00,0.00,0.00,37.63
20:14:28,all,40.91,0.00,15.31,0.00,0.00,4.66,0.00,0.00,0.00,39.12
20:14:28,0,40.00,0.00,21.11,0.00,0.00,5.56,0.00,0.00,0.00,33.33
20:14:28,1,38.64,0.00,20.45,0.00,0.00,5.68,0.00,0.00,0.00,35.23
20:14:28,2,37.50,0.00,21.59,0.00,0.00,5.68,0.00,0.00,0.00,35.23
20:14:28,3,39.33,0.00,20.22,0.00,0.00,5.62,0.00,0.00,0.00,34.83
20:14:28,4,40.43,0.00,20.21,0.00,0.00,6.38,0.00,0.00,0.00,32.98
20:14:28,5,40.21,0.00,11.34,0.00,0.00,4.12,0.00,0.00,0.00,44.33
20:14:28,6,41.67,0.00,10.42,0.00,0.00,4.17,0.00,0.00,0.00,43.75
20:14:28,7,41.05,0.00,11.58,0.00,0.00,4.21,0.00,0.00,0.00,43.16
20:14:28,8,40.21,0.00,14.43,0.00,0.00,3.09,0.00,0.00,0.00,42.27
20:14:28,9,42.71,0.00,11.46,0.00,0.00,5.21,0.00,0.00,0.00,40.62
20:14:28,10,44.21,0.00,11.58,0.00,0.00,3.16,0.00,0.00,0.00,41.05
20:14:28,11,44.57,0.00,10.87,0.00,0.00,3.26,0.00,0.00,0.00,41.30
20:14:29,all,41.21,0.00,14.63,0.00,0.00,4.73,0.00,0.00,0.00,39.43
20:14:29,0,42.86,0.00,18.68,0.00,0.00,4.40,0.00,0.00,0.00,34.07
20:14:29,1,40.66,0.00,20.88,0.00,0.00,5.49,0.00,0.00,0.00,32.97
20:14:29,2,37.63,0.00,20.43,0.00,0.00,6.45,0.00,0.00,0.00,35.48
20:14:29,3,37.63,0.00,20.43,0.00,0.00,6.45,0.00,0.00,0.00,35.48
20:14:29,4,37.78,0.00,22.22,0.00,0.00,5.56,0.00,0.00,0.00,34.44
20:14:29,5,38.95,0.00,10.53,0.00,0.00,4.21,0.00,0.00,0.00,46.32
20:14:29,6,40.00,0.00,10.53,0.00,0.00,5.26,0.00,0.00,0.00,44.21
20:14:29,7,42.11,0.00,11.58,0.00,0.00,4.21,0.00,0.00,0.00,42.11
20:14:29,8,40.62,0.00,11.46,0.00,0.00,4.17,0.00,0.00,0.00,43.75
20:14:29,9,43.62,0.00,10.64,0.00,0.00,3.19,0.00,0.00,0.00,42.55
20:14:29,10,45.74,0.00,9.57,0.00,0.00,4.26,0.00,0.00,0.00,40.43
20:14:29,11,46.81,0.00,9.57,0.00,0.00,3.19,0.00,0.00,0.00,40.43
20:14:30,all,41.85,0.00,16.02,0.00,0.00,4.68,0.00,0.00,0.00,37.44
20:14:30,0,40.00,0.00,21.11,0.00,0.00,6.67,0.00,0.00,0.00,32.22
20:14:30,1,38.64,0.00,20.45,0.00,0.00,6.82,0.00,0.00,0.00,34.09
20:14:30,2,41.76,0.00,19.78,0.00,0.00,5.49,0.00,0.00,0.00,32.97
20:14:30,3,39.56,0.00,23.08,0.00,0.00,5.49,0.00,0.00,0.00,31.87
20:14:30,4,37.36,0.00,23.08,0.00,0.00,7.69,0.00,0.00,0.00,31.87
20:14:30,5,41.94,0.00,11.83,0.00,0.00,4.30,0.00,0.00,0.00,41.94
20:14:30,6,44.21,0.00,11.58,0.00,0.00,2.11,0.00,0.00,0.00,42.11
20:14:30,7,42.86,0.00,13.27,0.00,0.00,4.08,0.00,0.00,0.00,39.80
20:14:30,8,41.05,0.00,12.63,0.00,0.00,3.16,0.00,0.00,0.00,43.16
20:14:30,9,42.71,0.00,11.46,0.00,0.00,5.21,0.00,0.00,0.00,40.62
20:14:30,10,45.05,0.00,12.09,0.00,0.00,2.20,0.00,0.00,0.00,40.66
20:14:30,11,46.74,0.00,13.04,0.00,0.00,3.26,0.00,0.00,0.00,36.96
20:14:31,all,41.76,0.00,14.96,0.00,0.00,4.72,0.00,0.00,0.00,38.56
20:14:31,0,41.11,0.00,20.00,0.00,0.00,5.56,0.00,0.00,0.00,33.33
20:14:31,1,41.94,0.00,20.43,0.00,0.00,6.45,0.00,0.00,0.00,31.18
20:14:31,2,40.45,0.00,19.10,0.00,0.00,6.74,0.00,0.00,0.00,33.71
20:14:31,3,41.11,0.00,21.11,0.00,0.00,4.44,0.00,0.00,0.00,33.33
20:14:31,4,35.48,0.00,24.73,0.00,0.00,6.45,0.00,0.00,0.00,33.33
20:14:31,5,44.33,0.00,8.25,0.00,0.00,3.09,0.00,0.00,0.00,44.33
20:14:31,6,41.05,0.00,10.53,0.00,0.00,5.26,0.00,0.00,0.00,43.16
20:14:31,7,41.67,0.00,13.54,0.00,0.00,4.17,0.00,0.00,0.00,40.62
20:14:31,8,40.40,0.00,10.10,0.00,0.00,5.05,0.00,0.00,0.00,44.44
20:14:31,9,44.09,0.00,12.90,0.00,0.00,2.15,0.00,0.00,0.00,40.86
20:14:31,10,44.09,0.00,9.68,0.00,0.00,4.30,0.00,0.00,0.00,41.94
20:14:31,11,45.26,0.00,10.53,0.00,0.00,3.16,0.00,0.00,0.00,41.05
20:14:32,all,41.43,0.00,14.80,0.00,0.00,4.66,0.00,0.00,0.00,39.10
20:14:32,0,43.33,0.00,18.89,0.00,0.00,6.67,0.00,0.00,0.00,31.11
20:14:32,1,42.05,0.00,19.32,0.00,0.00,5.68,0.00,0.00,0.00,32.95
20:14:32,2,38.89,0.00,21.11,0.00,0.00,5.56,0.00,0.00,0.00,34.44
20:14:32,3,39.56,0.00,19.78,0.00,0.00,5.49,0.00,0.00,0.00,35.16
20:14:32,4,37.50,0.00,21.59,0.00,0.00,5.68,0.00,0.00,0.00,35.23
20:14:32,5,39.58,0.00,11.46,0.00,0.00,4.17,0.00,0.00,0.00,44.79
20:14:32,6,38.54,0.00,14.58,0.00,0.00,3.12,0.00,0.00,0.00,43.75
20:14:32,7,41.84,0.00,12.24,0.00,0.00,4.08,0.00,0.00,0.00,41.84
20:14:32,8,41.67,0.00,10.42,0.00,0.00,4.17,0.00,0.00,0.00,43.75
20:14:32,9,42.71,0.00,11.46,0.00,0.00,4.17,0.00,0.00,0.00,41.67
20:14:32,10,45.65,0.00,8.70,0.00,0.00,3.26,0.00,0.00,0.00,42.39
20:14:32,11,45.74,0.00,9.57,0.00,0.00,4.26,0.00,0.00,0.00,40.43
20:14:33,all,41.51,0.00,15.00,0.00,0.00,4.67,0.00,0.00,0.00,38.81
20:14:33,0,41.76,0.00,20.88,0.00,0.00,5.49,0.00,0.00,0.00,31.87
20:14:33,1,42.05,0.00,20.45,0.00,0.00,4.55,0.00,0.00,0.00,32.95
20:14:33,2,39.13,0.00,19.57,0.00,0.00,7.61,0.00,0.00,0.00,33.70
20:14:33,3,41.11,0.00,17.78,0.00,0.00,4.44,0.00,0.00,0.00,36.67
20:14:33,4,38.20,0.00,21.35,0.00,0.00,5.62,0.00,0.00,0.00,34.83
20:14:33,5,41.24,0.00,12.37,0.00,0.00,4.12,0.00,0.00,0.00,42.27
20:14:33,6,41.67,0.00,13.54,0.00,0.00,4.17,0.00,0.00,0.00,40.62
20:14:33,7,42.55,0.00,11.70,0.00,0.00,4.26,0.00,0.00,0.00,41.49
20:14:33,8,39.58,0.00,10.42,0.00,0.00,5.21,0.00,0.00,0.00,44.79
20:14:33,9,41.94,0.00,11.83,0.00,0.00,4.30,0.00,0.00,0.00,41.94
20:14:33,10,42.55,0.00,11.70,0.00,0.00,3.19,0.00,0.00,0.00,42.55
20:14:33,11,46.24,0.00,9.68,0.00,0.00,3.23,0.00,0.00,0.00,40.86
20:14:34,all,40.62,0.00,15.82,0.00,0.00,4.62,0.00,0.00,0.00,38.93
20:14:34,0,42.70,0.00,20.22,0.00,0.00,5.62,0.00,0.00,0.00,31.46
20:14:34,1,40.66,0.00,20.88,0.00,0.00,5.49,0.00,0.00,0.00,32.97
20:14:34,2,42.55,0.00,19.15,0.00,0.00,5.32,0.00,0.00,0.00,32.98
20:14:34,3,40.66,0.00,20.88,0.00,0.00,5.49,0.00,0.00,0.00,32.97
20:14:34,4,39.13,0.00,20.65,0.00,0.00,6.52,0.00,0.00,0.00,33.70
20:14:34,5,36.17,0.00,13.83,0.00,0.00,3.19,0.00,0.00,0.00,46.81
20:14:34,6,40.82,0.00,12.24,0.00,0.00,4.08,0.00,0.00,0.00,42.86
20:14:34,7,39.58,0.00,12.50,0.00,0.00,4.17,0.00,0.00,0.00,43.75
20:14:34,8,39.80,0.00,12.24,0.00,0.00,4.08,0.00,0.00,0.00,43.88
20:14:34,9,43.16,0.00,12.63,0.00,0.00,3.16,0.00,0.00,0.00,41.05
20:14:34,10,39.78,0.00,12.90,0.00,0.00,4.30,0.00,0.00,0.00,43.01
20:14:34,11,42.55,0.00,12.77,0.00,0.00,4.26,0.00,0.00,0.00,40.43
20:14:35,all,41.42,0.00,14.38,0.00,0.00,4.58,0.00,0.00,0.00,39.62
20:14:35,0,43.96,0.00,18.68,0.00,0.00,5.49,0.00,0.00,0.00,31.87
20:14:35,1,38.89,0.00,21.11,0.00,0.00,7.78,0.00,0.00,0.00,32.22
20:14:35,2,41.11,0.00,20.00,0.00,0.00,4.44,0.00,0.00,0.00,34.44
20:14:35,3,40.00,0.00,21.11,0.00,0.00,5.56,0.00,0.00,0.00,33.33
20:14:35,4,38.46,0.00,20.88,0.00,0.00,5.49,0.00,0.00,0.00,35.16
20:14:35,5,38.54,0.00,11.46,0.00,0.00,4.17,0.00,0.00,0.00,45.83
20:14:35,6,41.49,0.00,9.57,0.00,0.00,4.26,0.00,0.00,0.00,44.68
20:14:35,7,41.67,0.00,11.46,0.00,0.00,4.17,0.00,0.00,0.00,42.71
20:14:35,8,40.43,0.00,10.64,0.00,0.00,3.19,0.00,0.00,0.00,45.74
20:14:35,9,43.01,0.00,10.75,0.00,0.00,4.30,0.00,0.00,0.00,41.94
20:14:35,10,43.62,0.00,9.57,0.00,0.00,3.19,0.00,0.00,0.00,43.62
20:14:35,11,45.74,0.00,8.51,0.00,0.00,3.19,0.00,0.00,0.00,42.55
20:14:36,all,42.54,0.00,15.99,0.00,0.00,4.62,0.00,0.00,0.00,36.86
20:14:36,0,40.86,0.00,22.58,0.00,0.00,6.45,0.00,0.00,0.00,30.11
20:14:36,1,41.57,0.00,21.35,0.00,0.00,5.62,0.00,0.00,0.00,31.46
20:14:36,2,40.86,0.00,21.51,0.00,0.00,6.45,0.00,0.00,0.00,31.18
20:14:36,3,43.96,0.00,18.68,0.00,0.00,5.49,0.00,0.00,0.00,31.87
20:14:36,4,40.22,0.00,21.74,0.00,0.00,6.52,0.00,0.00,0.00,31.52
20:14:36,5,42.27,0.00,12.37,0.00,0.00,3.09,0.00,0.00,0.00,42.27
20:14:36,6,44.21,0.00,14.74,0.00,0.00,3.16,0.00,0.00,0.00,37.89
20:14:36,7,42.71,0.00,13.54,0.00,0.00,4.17,0.00,0.00,0.00,39.58
20:14:36,8,40.00,0.00,11.58,0.00,0.00,4.21,0.00,0.00,0.00,44.21
20:14:36,9,40.62,0.00,13.54,0.00,0.00,4.17,0.00,0.00,0.00,41.67
20:14:36,10,46.32,0.00,9.47,0.00,0.00,2.11,0.00,0.00,0.00,42.11
20:14:36,11,46.81,0.00,11.70,0.00,0.00,4.26,0.00,0.00,0.00,37.23
20:14:37,all,42.70,0.00,15.94,0.00,0.00,4.83,0.00,0.00,0.00,36.53
20:14:37,0,43.18,0.00,21.59,0.00,0.00,5.68,0.00,0.00,0.00,29.55
20:14:37,1,38.20,0.00,23.60,0.00,0.00,5.62,0.00,0.00,0.00,32.58
20:14:37,2,41.57,0.00,20.22,0.00,0.00,6.74,0.00,0.00,0.00,31.46
20:14:37,3,41.76,0.00,21.98,0.00,0.00,5.49,0.00,0.00,0.00,30.77
20:14:37,4,37.36,0.00,23.08,0.00,0.00,6.59,0.00,0.00,0.00,32.97
20:14:37,5,45.36,0.00,11.34,0.00,0.00,4.12,0.00,0.00,0.00,39.18
20:14:37,6,43.88,0.00,13.27,0.00,0.00,5.10,0.00,0.00,0.00,37.76
20:14:37,7,43.16,0.00,11.58,0.00,0.00,4.21,0.00,0.00,0.00,41.05
20:14:37,8,42.27,0.00,11.34,0.00,0.00,4.12,0.00,0.00,0.00,42.27
20:14:37,9,44.21,0.00,13.68,0.00,0.00,4.21,0.00,0.00,0.00,37.89
20:14:37,10,42.55,0.00,10.64,0.00,0.00,4.26,0.00,0.00,0.00,42.55
20:14:37,11,48.39,0.00,10.75,0.00,0.00,2.15,0.00,0.00,0.00,38.71
20:14:38,all,41.11,0.00,14.75,0.00,0.00,4.92,0.00,0.00,0.00,39.23
20:14:38,0,41.94,0.00,20.43,0.00,0.00,6.45,0.00,0.00,0.00,31.18
20:14:38,1,41.11,0.00,20.00,0.00,0.00,5.56,0.00,0.00,0.00,33.33
20:14:38,2,38.46,0.00,19.78,0.00,0.00,6.59,0.00,0.00,0.00,35.16
20:14:38,3,38.46,0.00,21.98,0.00,0.00,5.49,0.00,0.00,0.00,34.07
20:14:38,4,39.13,0.00,19.57,0.00,0.00,8.70,0.00,0.00,0.00,32.61
20:14:38,5,40.00,0.00,10.53,0.00,0.00,3.16,0.00,0.00,0.00,46.32
20:14:38,6,40.86,0.00,10.75,0.00,0.00,3.23,0.00,0.00,0.00,45.16
20:14:38,7,40.43,0.00,13.83,0.00,0.00,4.26,0.00,0.00,0.00,41.49
20:14:38,8,39.58,0.00,9.38,0.00,0.00,4.17,0.00,0.00,0.00,46.88
20:14:38,9,45.36,0.00,11.34,0.00,0.00,4.12,0.00,0.00,0.00,39.18
20:14:38,10,43.62,0.00,10.64,0.00,0.00,3.19,0.00,0.00,0.00,42.55
20:14:38,11,44.09,0.00,9.68,0.00,0.00,4.30,0.00,0.00,0.00,41.94
20:14:39,all,40.91,0.00,15.22,0.00,0.00,4.48,0.00,0.00,0.00,39.39
20:14:39,0,39.56,0.00,21.98,0.00,0.00,4.40,0.00,0.00,0.00,34.07
20:14:39,1,41.49,0.00,22.34,0.00,0.00,4.26,0.00,0.00,0.00,31.91
20:14:39,2,40.00,0.00,20.00,0.00,0.00,5.56,0.00,0.00,0.00,34.44
20:14:39,3,38.04,0.00,21.74,0.00,0.00,6.52,0.00,0.00,0.00,33.70
20:14:39,4,38.89,0.00,21.11,0.00,0.00,5.56,0.00,0.00,0.00,34.44
20:14:39,5,40.21,0.00,10.31,0.00,0.00,4.12,0.00,0.00,0.00,45.36
20:14:39,6,40.43,0.00,10.64,0.00,0.00,4.26,0.00,0.00,0.00,44.68
20:14:39,7,41.49,0.00,12.77,0.00,0.00,4.26,0.00,0.00,0.00,41.49
20:14:39,8,40.21,0.00,10.31,0.00,0.00,4.12,0.00,0.00,0.00,45.36
20:14:39,9,41.49,0.00,12.77,0.00,0.00,3.19,0.00,0.00,0.00,42.55
20:14:39,10,44.68,0.00,9.57,0.00,0.00,4.26,0.00,0.00,0.00,41.49
20:14:39,11,44.44,0.00,10.00,0.00,0.00,3.33,0.00,0.00,0.00,42.22
20:14:40,all,41.12,0.00,14.72,0.00,0.00,5.35,0.00,0.00,0.00,38.80
20:14:40,0,41.11,0.00,20.00,0.00,0.00,5.56,0.00,0.00,0.00,33.33
20:14:40,1,40.70,0.00,20.93,0.00,0.00,5.81,0.00,0.00,0.00,32.56
20:14:40,2,37.78,0.00,22.22,0.00,0.00,6.67,0.00,0.00,0.00,33.33
20:14:40,3,41.76,0.00,19.78,0.00,0.00,6.59,0.00,0.00,0.00,31.87
20:14:40,4,38.46,0.00,19.78,0.00,0.00,6.59,0.00,0.00,0.00,35.16
20:14:40,5,36.46,0.00,13.54,0.00,0.00,5.21,0.00,0.00,0.00,44.79
20:14:40,6,40.21,0.00,11.34,0.00,0.00,5.15,0.00,0.00,0.00,43.30
20:14:40,7,43.75,0.00,10.42,0.00,0.00,4.17,0.00,0.00,0.00,41.67
20:14:40,8,39.80,0.00,10.20,0.00,0.00,5.10,0.00,0.00,0.00,44.90
20:14:40,9,41.67,0.00,11.46,0.00,0.00,5.21,0.00,0.00,0.00,41.67
20:14:40,10,45.74,0.00,10.64,0.00,0.00,4.26,0.00,0.00,0.00,39.36
20:14:40,11,45.83,0.00,8.33,0.00,0.00,4.17,0.00,0.00,0.00,41.67
20:14:41,all,42.13,0.00,15.83,0.00,0.00,4.74,0.00,0.00,0.00,37.30
20:14:41,0,45.56,0.00,20.00,0.00,0.00,5.56,0.00,0.00,0.00,28.89
20:14:41,1,42.39,0.00,21.74,0.00,0.00,5.43,0.00,0.00,0.00,30.43
20:14:41,2,40.00,0.00,22.22,0.00,0.00,5.56,0.00,0.00,0.00,32.22
20:14:41,3,40.00,0.00,22.22,0.00,0.00,5.56,0.00,0.00,0.00,32.22
20:14:41,4,42.70,0.00,21.35,0.00,0.00,5.62,0.00,0.00,0.00,30.34
20:14:41,5,39.18,0.00,13.40,0.00,0.00,4.12,0.00,0.00,0.00,43.30
20:14:41,6,42.71,0.00,12.50,0.00,0.00,3.12,0.00,0.00,0.00,41.67
20:14:41,7,40.00,0.00,12.63,0.00,0.00,6.32,0.00,0.00,0.00,41.05
20:14:41,8,39.58,0.00,12.50,0.00,0.00,4.17,0.00,0.00,0.00,43.75
20:14:41,9,45.36,0.00,10.31,0.00,0.00,5.15,0.00,0.00,0.00,39.18
20:14:41,10,44.21,0.00,11.58,0.00,0.00,3.16,0.00,0.00,0.00,41.05
20:14:41,11,43.96,0.00,10.99,0.00,0.00,3.30,0.00,0.00,0.00,41.76
20:14:42,all,41.27,0.00,14.97,0.00,0.00,4.55,0.00,0.00,0.00,39.22
20:14:42,0,40.66,0.00,21.98,0.00,0.00,4.40,0.00,0.00,0.00,32.97
20:14:42,1,39.56,0.00,21.98,0.00,0.00,6.59,0.00,0.00,0.00,31.87
20:14:42,2,39.56,0.00,21.98,0.00,0.00,4.40,0.00,0.00,0.00,34.07
20:14:42,3,42.39,0.00,20.65,0.00,0.00,5.43,0.00,0.00,0.00,31.52
20:14:42,4,40.43,0.00,19.15,0.00,0.00,6.38,0.00,0.00,0.00,34.04
20:14:42,5,40.00,0.00,10.53,0.00,0.00,4.21,0.00,0.00,0.00,45.26
20:14:42,6,43.16,0.00,10.53,0.00,0.00,3.16,0.00,0.00,0.00,43.16
20:14:42,7,40.43,0.00,11.70,0.00,0.00,3.19,0.00,0.00,0.00,44.68
20:14:42,8,39.58,0.00,10.42,0.00,0.00,4.17,0.00,0.00,0.00,45.83
20:14:42,9,41.84,0.00,11.22,0.00,0.00,6.12,0.00,0.00,0.00,40.82
20:14:42,10,43.01,0.00,10.75,0.00,0.00,3.23,0.00,0.00,0.00,43.01
20:14:42,11,44.57,0.00,9.78,0.00,0.00,3.26,0.00,0.00,0.00,42.39
20:14:43,all,41.41,0.00,15.56,0.00,0.00,4.74,0.00,0.00,0.00,38.28
20:14:43,0,37.08,0.00,22.47,0.00,0.00,6.74,0.00,0.00,0.00,33.71
20:14:43,1,43.96,0.00,20.88,0.00,0.00,4.40,0.00,0.00,0.00,30.77
20:14:43,2,39.33,0.00,21.35,0.00,0.00,5.62,0.00,0.00,0.00,33.71
20:14:43,3,39.56,0.00,20.88,0.00,0.00,6.59,0.00,0.00,0.00,32.97
20:14:43,4,40.66,0.00,19.78,0.00,0.00,6.59,0.00,0.00,0.00,32.97
20:14:43,5,41.00,0.00,11.00,0.00,0.00,4.00,0.00,0.00,0.00,44.00
20:14:43,6,41.67,0.00,11.46,0.00,0.00,4.17,0.00,0.00,0.00,42.71
20:14:43,7,43.16,0.00,11.58,0.00,0.00,4.21,0.00,0.00,0.00,41.05
20:14:43,8,38.95,0.00,13.68,0.00,0.00,3.16,0.00,0.00,0.00,44.21
20:14:43,9,44.09,0.00,11.83,0.00,0.00,4.30,0.00,0.00,0.00,39.78
20:14:43,10,44.79,0.00,10.42,0.00,0.00,4.17,0.00,0.00,0.00,40.62
20:14:43,11,42.39,0.00,13.04,0.00,0.00,3.26,0.00,0.00,0.00,41.30
20:14:44,all,39.41,0.00,15.44,0.00,0.00,5.75,0.00,0.00,0.00,39.41
20:14:44,0,39.77,0.00,20.45,0.00,0.00,5.68,0.00,0.00,0.00,34.09
20:14:44,1,42.22,0.00,20.00,0.00,0.00,5.56,0.00,0.00,0.00,32.22
20:14:44,2,37.23,0.00,22.34,0.00,0.00,7.45,0.00,0.00,0.00,32.98
20:14:44,3,40.22,0.00,20.65,0.00,0.00,7.61,0.00,0.00,0.00,31.52
20:14:44,4,36.26,0.00,23.08,0.00,0.00,6.59,0.00,0.00,0.00,34.07
20:14:44,5,36.17,0.00,11.70,0.00,0.00,5.32,0.00,0.00,0.00,46.81
20:14:44,6,40.00,0.00,11.58,0.00,0.00,4.21,0.00,0.00,0.00,44.21
20:14:44,7,39.36,0.00,11.70,0.00,0.00,5.32,0.00,0.00,0.00,43.62
20:14:44,8,38.78,0.00,11.22,0.00,0.00,5.10,0.00,0.00,0.00,44.90
20:14:44,9,40.43,0.00,11.70,0.00,0.00,6.38,0.00,0.00,0.00,41.49
20:14:44,10,41.76,0.00,9.89,0.00,0.00,4.40,0.00,0.00,0.00,43.96
20:14:44,11,40.86,0.00,11.83,0.00,0.00,5.38,0.00,0.00,0.00,41.94
20:14:45,all,40.02,0.00,15.58,0.00,0.00,4.74,0.00,0.00,0.00,39.66
20:14:45,0,39.77,0.00,19.32,0.00,0.00,6.82,0.00,0.00,0.00,34.09
20:14:45,1,41.11,0.00,20.00,0.00,0.00,5.56,0.00,0.00,0.00,33.33
20:14:45,2,38.89,0.00,21.11,0.00,0.00,4.44,0.00,0.00,0.00,35.56
20:14:45,3,37.78,0.00,21.11,0.00,0.00,4.44,0.00,0.00,0.00,36.67
20:14:45,4,35.96,0.00,20.22,0.00,0.00,6.74,0.00,0.00,0.00,37.08
20:14:45,5,39.36,0.00,10.64,0.00,0.00,4.26,0.00,0.00,0.00,45.74
20:14:45,6,38.38,0.00,15.15,0.00,0.00,5.05,0.00,0.00,0.00,41.41
20:14:45,7,39.18,0.00,14.43,0.00,0.00,3.09,0.00,0.00,0.00,43.30
20:14:45,8,39.58,0.00,11.46,0.00,0.00,5.21,0.00,0.00,0.00,43.75
20:14:45,9,41.67,0.00,12.50,0.00,0.00,4.17,0.00,0.00,0.00,41.67
20:14:45,10,43.16,0.00,12.63,0.00,0.00,3.16,0.00,0.00,0.00,41.05
20:14:45,11,45.16,0.00,9.68,0.00,0.00,4.30,0.00,0.00,0.00,40.86
20:14:46,all,42.86,0.00,16.33,0.00,0.00,4.61,0.00,0.00,0.00,36.20
20:14:46,0,40.86,0.00,22.58,0.00,0.00,6.45,0.00,0.00,0.00,30.11
20:14:46,1,41.49,0.00,23.40,0.00,0.00,5.32,0.00,0.00,0.00,29.79
20:14:46,2,45.05,0.00,21.98,0.00,0.00,3.30,0.00,0.00,0.00,29.67
20:14:46,3,42.22,0.00,23.33,0.00,0.00,5.56,0.00,0.00,0.00,28.89
20:14:46,4,41.49,0.00,25.53,0.00,0.00,5.32,0.00,0.00,0.00,27.66
20:14:46,5,38.95,0.00,11.58,0.00,0.00,4.21,0.00,0.00,0.00,45.26
20:14:46,6,42.11,0.00,11.58,0.00,0.00,4.21,0.00,0.00,0.00,42.11
20:14:46,7,43.16,0.00,11.58,0.00,0.00,3.16,0.00,0.00,0.00,42.11
20:14:46,8,39.58,0.00,12.50,0.00,0.00,4.17,0.00,0.00,0.00,43.75
20:14:46,9,44.21,0.00,11.58,0.00,0.00,5.26,0.00,0.00,0.00,38.95
20:14:46,10,47.37,0.00,10.53,0.00,0.00,5.26,0.00,0.00,0.00,36.84
20:14:46,11,47.87,0.00,10.64,0.00,0.00,3.19,0.00,0.00,0.00,38.30
20:14:47,all,43.11,0.00,15.82,0.00,0.00,4.71,0.00,0.00,0.00,36.36
20:14:47,0,46.81,0.00,19.15,0.00,0.00,4.26,0.00,0.00,0.00,29.79
20:14:47,1,41.11,0.00,22.22,0.00,0.00,4.44,0.00,0.00,0.00,32.22
20:14:47,2,42.39,0.00,20.65,0.00,0.00,6.52,0.00,0.00,0.00,30.43
20:14:47,3,42.86,0.00,17.58,0.00,0.00,6.59,0.00,0.00,0.00,32.97
20:14:47,4,39.13,0.00,22.83,0.00,0.00,5.43,0.00,0.00,0.00,32.61
20:14:47,5,41.67,0.00,12.50,0.00,0.00,4.17,0.00,0.00,0.00,41.67
20:14:47,6,42.11,0.00,12.63,0.00,0.00,4.21,0.00,0.00,0.00,41.05
20:14:47,7,43.75,0.00,12.50,0.00,0.00,5.21,0.00,0.00,0.00,38.54
20:14:47,8,42.71,0.00,12.50,0.00,0.00,4.17,0.00,0.00,0.00,40.62
20:14:47,9,42.27,0.00,12.37,0.00,0.00,5.15,0.00,0.00,0.00,40.21
20:14:47,10,44.09,0.00,12.90,0.00,0.00,3.23,0.00,0.00,0.00,39.78
20:14:47,11,48.39,0.00,12.90,0.00,0.00,3.23,0.00,0.00,0.00,35.48
20:14:48,all,40.41,0.00,15.41,0.00,0.00,4.84,0.00,0.00,0.00,39.34
20:14:48,0,40.00,0.00,21.11,0.00,0.00,5.56,0.00,0.00,0.00,33.33
20:14:48,1,40.00,0.00,22.22,0.00,0.00,5.56,0.00,0.00,0.00,32.22
20:14:48,2,38.46,0.00,19.78,0.00,0.00,6.59,0.00,0.00,0.00,35.16
20:14:48,3,39.77,0.00,20.45,0.00,0.00,5.68,0.00,0.00,0.00,34.09
20:14:48,4,37.63,0.00,21.51,0.00,0.00,6.45,0.00,0.00,0.00,34.41
20:14:48,5,39.58,0.00,12.50,0.00,0.00,4.17,0.00,0.00,0.00,43.75
20:14:48,6,39.58,0.00,11.46,0.00,0.00,5.21,0.00,0.00,0.00,43.75
20:14:48,7,42.86,0.00,12.24,0.00,0.00,4.08,0.00,0.00,0.00,40.82
20:14:48,8,37.89,0.00,11.58,0.00,0.00,4.21,0.00,0.00,0.00,46.32
20:14:48,9,40.43,0.00,12.77,0.00,0.00,4.26,0.00,0.00,0.00,42.55
20:14:48,10,43.48,0.00,10.87,0.00,0.00,3.26,0.00,0.00,0.00,42.39
20:14:48,11,45.16,0.00,9.68,0.00,0.00,3.23,0.00,0.00,0.00,41.94
20:14:49,all,39.73,0.00,16.05,0.00,0.00,4.57,0.00,0.00,0.00,39.64
20:14:49,0,40.22,0.00,22.83,0.00,0.00,5.43,0.00,0.00,0.00,31.52
20:14:49,1,40.66,0.00,20.88,0.00,0.00,5.49,0.00,0.00,0.00,32.97
20:14:49,2,39.13,0.00,21.74,0.00,0.00,5.43,0.00,0.00,0.00,33.70
20:14:49,3,35.87,0.00,21.74,0.00,0.00,6.52,0.00,0.00,0.00,35.87
20:14:49,4,38.46,0.00,21.98,0.00,0.00,5.49,0.00,0.00,0.00,34.07
20:14:49,5,35.11,0.00,12.77,0.00,0.00,4.26,0.00,0.00,0.00,47.87
20:14:49,6,40.43,0.00,13.83,0.00,0.00,3.19,0.00,0.00,0.00,42.55
20:14:49,7,41.05,0.00,12.63,0.00,0.00,4.21,0.00,0.00,0.00,42.11
20:14:49,8,39.36,0.00,11.70,0.00,0.00,3.19,0.00,0.00,0.00,45.74
20:14:49,9,41.24,0.00,13.40,0.00,0.00,3.09,0.00,0.00,0.00,42.27
20:14:49,10,43.48,0.00,9.78,0.00,0.00,3.26,0.00,0.00,0.00,43.48
20:14:49,11,41.76,0.00,9.89,0.00,0.00,5.49,0.00,0.00,0.00,42.86
20:14:50,all,40.67,0.00,15.24,0.00,0.00,4.96,0.00,0.00,0.00,39.13
20:14:50,0,40.00,0.00,20.00,0.00,0.00,6.67,0.00,0.00,0.00,33.33
20:14:50,1,41.11,0.00,21.11,0.00,0.00,5.56,0.00,0.00,0.00,32.22
20:14:50,2,39.56,0.00,19.78,0.00,0.00,6.59,0.00,0.00,0.00,34.07
20:14:50,3,36.67,0.00,24.44,0.00,0.00,6.67,0.00,0.00,0.00,32.22
20:14:50,4,39.33,0.00,21.35,0.00,0.00,5.62,0.00,0.00,0.00,33.71
20:14:50,5,39.36,0.00,11.70,0.00,0.00,4.26,0.00,0.00,0.00,44.68
20:14:50,6,40.62,0.00,12.50,0.00,0.00,4.17,0.00,0.00,0.00,42.71
20:14:50,7,41.05,0.00,12.63,0.00,0.00,4.21,0.00,0.00,0.00,42.11
20:14:50,8,39.18,0.00,11.34,0.00,0.00,4.12,0.00,0.00,0.00,45.36
20:14:50,9,40.22,0.00,10.87,0.00,0.00,4.35,0.00,0.00,0.00,44.57
20:14:50,10,45.16,0.00,8.60,0.00,0.00,4.30,0.00,0.00,0.00,41.94
20:14:50,11,45.65,0.00,9.78,0.00,0.00,3.26,0.00,0.00,0.00,41.30
20:14:51,all,43.05,0.00,15.32,0.00,0.00,4.43,0.00,0.00,0.00,37.20
20:14:51,0,44.09,0.00,21.51,0.00,0.00,5.38,0.00,0.00,0.00,29.03
20:14:51,1,41.30,0.00,19.57,0.00,0.00,6.52,0.00,0.00,0.00,32.61
20:14:51,2,40.86,0.00,19.35,0.00,0.00,7.53,0.00,0.00,0.00,32.26
20:14:51,3,41.30,0.00,22.83,0.00,0.00,5.43,0.00,0.00,0.00,30.43
20:14:51,4,42.39,0.00,21.74,0.00,0.00,5.43,0.00,0.00,0.00,30.43
20:14:51,5,41.84,0.00,13.27,0.00,0.00,3.06,0.00,0.00,0.00,41.84
20:14:51,6,44.68,0.00,9.57,0.00,0.00,4.26,0.00,0.00,0.00,41.49
20:14:51,7,43.88,0.00,12.24,0.00,0.00,3.06,0.00,0.00,0.00,40.82
20:14:51,8,41.24,0.00,11.34,0.00,0.00,3.09,0.00,0.00,0.00,44.33
20:14:51,9,44.68,0.00,10.64,0.00,0.00,4.26,0.00,0.00,0.00,40.43
20:14:51,10,45.26,0.00,11.58,0.00,0.00,2.11,0.00,0.00,0.00,41.05
20:14:51,11,45.05,0.00,10.99,0.00,0.00,3.30,0.00,0.00,0.00,40.66
20:14:52,all,41.41,0.00,14.67,0.00,0.00,4.20,0.00,0.00,0.00,39.71
20:14:52,0,43.82,0.00,19.10,0.00,0.00,4.49,0.00,0.00,0.00,32.58
20:14:52,1,39.77,0.00,19.32,0.00,0.00,5.68,0.00,0.00,0.00,35.23
20:14:52,2,39.33,0.00,20.22,0.00,0.00,4.49,0.00,0.00,0.00,35.96
20:14:52,3,38.64,0.00,20.45,0.00,0.00,4.55,0.00,0.00,0.00,36.36
20:14:52,4,39.13,0.00,20.65,0.00,0.00,5.43,0.00,0.00,0.00,34.78
20:14:52,5,39.18,0.00,11.34,0.00,0.00,4.12,0.00,0.00,0.00,45.36
20:14:52,6,41.05,0.00,11.58,0.00,0.00,4.21,0.00,0.00,0.00,43.16
20:14:52,7,44.79,0.00,9.38,0.00,0.00,4.17,0.00,0.00,0.00,41.67
20:14:52,8,38.95,0.00,11.58,0.00,0.00,3.16,0.00,0.00,0.00,46.32
20:14:52,9,42.86,0.00,12.24,0.00,0.00,3.06,0.00,0.00,0.00,41.84
20:14:52,10,45.26,0.00,10.53,0.00,0.00,3.16,0.00,0.00,0.00,41.05
20:14:52,11,43.75,0.00,11.46,0.00,0.00,4.17,0.00,0.00,0.00,40.62
20:14:53,all,41.05,0.00,16.31,0.00,0.00,4.43,0.00,0.00,0.00,38.21
20:14:53,0,40.66,0.00,21.98,0.00,0.00,5.49,0.00,0.00,0.00,31.87
20:14:53,1,41.11,0.00,21.11,0.00,0.00,5.56,0.00,0.00,0.00,32.22
20:14:53,2,38.46,0.00,21.98,0.00,0.00,5.49,0.00,0.00,0.00,34.07
20:14:53,3,38.04,0.00,22.83,0.00,0.00,4.35,0.00,0.00,0.00,34.78
20:14:53,4,41.67,0.00,20.83,0.00,0.00,6.25,0.00,0.00,0.00,31.25
20:14:53,5,41.49,0.00,11.70,0.00,0.00,3.19,0.00,0.00,0.00,43.62
20:14:53,6,41.24,0.00,13.40,0.00,0.00,4.12,0.00,0.00,0.00,41.24
20:14:53,7,41.24,0.00,12.37,0.00,0.00,4.12,0.00,0.00,0.00,42.27
20:14:53,8,39.39,0.00,13.13,0.00,0.00,4.04,0.00,0.00,0.00,43.43
20:14:53,9,40.43,0.00,12.77,0.00,0.00,4.26,0.00,0.00,0.00,42.55
20:14:53,10,42.39,0.00,11.96,0.00,0.00,3.26,0.00,0.00,0.00,42.39
20:14:53,11,46.32,0.00,12.63,0.00,0.00,3.16,0.00,0.00,0.00,37.89
20:14:54,all,40.50,0.00,15.52,0.00,0.00,4.82,0.00,0.00,0.00,39.16
20:14:54,0,41.57,0.00,21.35,0.00,0.00,4.49,0.00,0.00,0.00,32.58
20:14:54,1,39.13,0.00,21.74,0.00,0.00,6.52,0.00,0.00,0.00,32.61
20:14:54,2,38.71,0.00,22.58,0.00,0.00,6.45,0.00,0.00,0.00,32.26
20:14:54,3,36.96,0.00,23.91,0.00,0.00,5.43,0.00,0.00,0.00,33.70
20:14:54,4,38.04,0.00,22.83,0.00,0.00,5.43,0.00,0.00,0.00,33.70
20:14:54,5,37.76,0.00,12.24,0.00,0.00,5.10,0.00,0.00,0.00,44.90
20:14:54,6,40.62,0.00,12.50,0.00,0.00,4.17,0.00,0.00,0.00,42.71
20:14:54,7,41.67,0.00,10.42,0.00,0.00,4.17,0.00,0.00,0.00,43.75
20:14:54,8,41.05,0.00,9.47,0.00,0.00,4.21,0.00,0.00,0.00,45.26
20:14:54,9,41.05,0.00,10.53,0.00,0.00,6.32,0.00,0.00,0.00,42.11
20:14:54,10,46.15,0.00,8.79,0.00,0.00,2.20,0.00,0.00,0.00,42.86
20:14:54,11,43.48,0.00,10.87,0.00,0.00,3.26,0.00,0.00,0.00,42.39
20:14:55,all,40.22,0.00,15.26,0.00,0.00,5.03,0.00,0.00,0.00,39.50
20:14:55,0,37.78,0.00,20.00,0.00,0.00,7.78,0.00,0.00,0.00,34.44
20:14:55,1,43.62,0.00,21.28,0.00,0.00,5.32,0.00,0.00,0.00,29.79
20:14:55,2,36.26,0.00,21.98,0.00,0.00,6.59,0.00,0.00,0.00,35.16
20:14:55,3,38.89,0.00,21.11,0.00,0.00,5.56,0.00,0.00,0.00,34.44
20:14:55,4,38.20,0.00,21.35,0.00,0.00,5.62,0.00,0.00,0.00,34.83
20:14:55,5,37.23,0.00,10.64,0.00,0.00,5.32,0.00,0.00,0.00,46.81
20:14:55,6,40.62,0.00,12.50,0.00,0.00,3.12,0.00,0.00,0.00,43.75
20:14:55,7,41.49,0.00,10.64,0.00,0.00,4.26,0.00,0.00,0.00,43.62
20:14:55,8,38.54,0.00,12.50,0.00,0.00,4.17,0.00,0.00,0.00,44.79
20:14:55,9,43.16,0.00,10.53,0.00,0.00,5.26,0.00,0.00,0.00,41.05
20:14:55,10,43.01,0.00,10.75,0.00,0.00,4.30,0.00,0.00,0.00,41.94
20:14:55,11,43.48,0.00,10.87,0.00,0.00,3.26,0.00,0.00,0.00,42.39
20:14:56,all,42.44,0.00,16.29,0.00,0.00,4.83,0.00,0.00,0.00,36.44
20:14:56,0,41.11,0.00,21.11,0.00,0.00,7.78,0.00,0.00,0.00,30.00
20:14:56,1,40.66,0.00,23.08,0.00,0.00,5.49,0.00,0.00,0.00,30.77
20:14:56,2,38.46,0.00,23.08,0.00,0.00,6.59,0.00,0.00,0.00,31.87
20:14:56,3,40.66,0.00,21.98,0.00,0.00,6.59,0.00,0.00,0.00,30.77
20:14:56,4,39.13,0.00,22.83,0.00,0.00,6.52,0.00,0.00,0.00,31.52
20:14:56,5,42.71,0.00,14.58,0.00,0.00,3.12,0.00,0.00,0.00,39.58
20:14:56,6,45.65,0.00,11.96,0.00,0.00,3.26,0.00,0.00,0.00,39.13
20:14:56,7,43.16,0.00,12.63,0.00,0.00,3.16,0.00,0.00,0.00,41.05
20:14:56,8,42.11,0.00,11.58,0.00,0.00,5.26,0.00,0.00,0.00,41.05
20:14:56,9,42.86,0.00,13.27,0.00,0.00,4.08,0.00,0.00,0.00,39.80
20:14:56,10,45.16,0.00,9.68,0.00,0.00,3.23,0.00,0.00,0.00,41.94
20:14:56,11,47.31,0.00,10.75,0.00,0.00,3.23,0.00,0.00,0.00,38.71
20:14:57,all,42.44,0.00,16.55,0.00,0.00,4.54,0.00,0.00,0.00,36.48
20:14:57,0,43.48,0.00,21.74,0.00,0.00,5.43,0.00,0.00,0.00,29.35
20:14:57,1,42.86,0.00,21.98,0.00,0.00,5.49,0.00,0.00,0.00,29.67
20:14:57,2,41.30,0.00,22.83,0.00,0.00,4.35,0.00,0.00,0.00,31.52
20:14:57,3,43.96,0.00,18.68,0.00,0.00,6.59,0.00,0.00,0.00,30.77
20:14:57,4,40.22,0.00,22.83,0.00,0.00,6.52,0.00,0.00,0.00,30.43
20:14:57,5,38.54,0.00,13.54,0.00,0.00,4.17,0.00,0.00,0.00,43.75
20:14:57,6,43.75,0.00,13.54,0.00,0.00,3.12,0.00,0.00,0.00,39.58
20:14:57,7,42.86,0.00,14.29,0.00,0.00,4.08,0.00,0.00,0.00,38.78
20:14:57,8,40.62,0.00,12.50,0.00,0.00,3.12,0.00,0.00,0.00,43.75
20:14:57,9,43.62,0.00,12.77,0.00,0.00,4.26,0.00,0.00,0.00,39.36
20:14:57,10,44.09,0.00,12.90,0.00,0.00,4.30,0.00,0.00,0.00,38.71
20:14:57,11,44.09,0.00,11.83,0.00,0.00,3.23,0.00,0.00,0.00,40.86
20:14:58,all,43.29,0.00,16.19,1.43,0.00,4.65,0.00,0.00,0.00,34.44
20:14:58,0,45.65,0.00,22.83,0.00,0.00,5.43,0.00,0.00,0.00,26.09
20:14:58,1,43.48,0.00,21.74,0.00,0.00,5.43,0.00,0.00,0.00,29.35
20:14:58,2,42.39,0.00,20.65,0.00,0.00,5.43,0.00,0.00,0.00,31.52
20:14:58,3,42.22,0.00,23.33,0.00,0.00,4.44,0.00,0.00,0.00,30.00
20:14:58,4,42.22,0.00,21.11,0.00,0.00,6.67,0.00,0.00,0.00,30.00
20:14:58,5,39.18,0.00,14.43,1.03,0.00,3.09,0.00,0.00,0.00,42.27
20:14:58,6,42.11,0.00,13.68,0.00,0.00,4.21,0.00,0.00,0.00,40.00
20:14:58,7,42.71,0.00,12.50,0.00,0.00,4.17,0.00,0.00,0.00,40.62
20:14:58,8,43.62,0.00,10.64,14.89,0.00,4.26,0.00,0.00,0.00,26.60
20:14:58,9,40.43,0.00,12.77,0.00,0.00,6.38,0.00,0.00,0.00,40.43
20:14:58,10,47.87,0.00,10.64,1.06,0.00,3.19,0.00,0.00,0.00,37.23
20:14:58,11,47.83,0.00,10.87,0.00,0.00,3.26,0.00,0.00,0.00,38.04
20:14:59,all,40.88,0.00,14.82,0.00,0.00,4.76,0.00,0.00,0.00,39.53
20:14:59,0,40.00,0.00,21.11,0.00,0.00,4.44,0.00,0.00,0.00,34.44
20:14:59,1,41.76,0.00,19.78,0.00,0.00,6.59,0.00,0.00,0.00,31.87
20:14:59,2,39.56,0.00,19.78,0.00,0.00,4.40,0.00,0.00,0.00,36.26
20:14:59,3,39.13,0.00,19.57,0.00,0.00,6.52,0.00,0.00,0.00,34.78
20:14:59,4,38.20,0.00,20.22,0.00,0.00,5.62,0.00,0.00,0.00,35.96
20:14:59,5,37.50,0.00,14.58,0.00,0.00,3.12,0.00,0.00,0.00,44.79
20:14:59,6,41.67,0.00,11.46,0.00,0.00,5.21,0.00,0.00,0.00,41.67
20:14:59,7,41.05,0.00,11.58,0.00,0.00,5.26,0.00,0.00,0.00,42.11
20:14:59,8,38.30,0.00,11.70,0.00,0.00,3.19,0.00,0.00,0.00,46.81
20:14:59,9,43.01,0.00,11.83,0.00,0.00,3.23,0.00,0.00,0.00,41.94
20:14:59,10,45.16,0.00,8.60,0.00,0.00,4.30,0.00,0.00,0.00,41.94
20:14:59,11,45.16,0.00,8.60,0.00,0.00,5.38,0.00,0.00,0.00,40.86
20:15:00,all,41.48,0.00,15.43,0.00,0.00,4.82,0.00,0.00,0.00,38.27
20:15:00,0,40.00,0.00,21.11,0.00,0.00,5.56,0.00,0.00,0.00,33.33
20:15:00,1,41.11,0.00,18.89,0.00,0.00,6.67,0.00,0.00,0.00,33.33
20:15:00,2,40.22,0.00,20.65,0.00,0.00,6.52,0.00,0.00,0.00,32.61
20:15:00,3,36.96,0.00,20.65,0.00,0.00,7.61,0.00,0.00,0.00,34.78
20:15:00,4,38.71,0.00,20.43,0.00,0.00,6.45,0.00,0.00,0.00,34.41
20:15:00,5,40.62,0.00,13.54,0.00,0.00,3.12,0.00,0.00,0.00,42.71
20:15:00,6,42.55,0.00,10.64,0.00,0.00,3.19,0.00,0.00,0.00,43.62
20:15:00,7,40.62,0.00,13.54,0.00,0.00,3.12,0.00,0.00,0.00,42.71
20:15:00,8,42.11,0.00,11.58,0.00,0.00,4.21,0.00,0.00,0.00,42.11
20:15:00,9,43.75,0.00,13.54,0.00,0.00,4.17,0.00,0.00,0.00,38.54
20:15:00,10,45.26,0.00,11.58,0.00,0.00,3.16,0.00,0.00,0.00,40.00
20:15:00,11,45.65,0.00,9.78,0.00,0.00,4.35,0.00,0.00,0.00,40.22
20:15:01,all,42.66,0.00,14.85,0.00,0.00,4.86,0.00,0.00,0.00,37.62
20:15:01,0,45.16,0.00,20.43,0.00,0.00,4.30,0.00,0.00,0.00,30.11
20:15:01,1,40.45,0.00,20.22,0.00,0.00,5.62,0.00,0.00,0.00,33.71
20:15:01,2,38.64,0.00,19.32,0.00,0.00,6.82,0.00,0.00,0.00,35.23
20:15:01,3,41.57,0.00,21.35,0.00,0.00,6.74,0.00,0.00,0.00,30.34
20:15:01,4,45.56,0.00,18.89,0.00,0.00,4.44,0.00,0.00,0.00,31.11
20:15:01,5,41.05,0.00,11.58,0.00,0.00,4.21,0.00,0.00,0.00,43.16
20:15:01,6,44.33,0.00,11.34,0.00,0.00,5.15,0.00,0.00,0.00,39.18
20:15:01,7,44.09,0.00,9.68,0.00,0.00,5.38,0.00,0.00,0.00,40.86
20:15:01,8,41.05,0.00,11.58,0.00,0.00,4.21,0.00,0.00,0.00,43.16
20:15:01,9,41.84,0.00,13.27,0.00,0.00,5.10,0.00,0.00,0.00,39.80
20:15:01,10,43.48,0.00,11.96,0.00,0.00,3.26,0.00,0.00,0.00,41.30
20:15:01,11,44.57,0.00,9.78,0.00,0.00,3.26,0.00,0.00,0.00,42.39
20:15:02,all,40.87,0.00,15.14,0.00,0.00,4.90,0.00,0.00,0.00,39.09
20:15:02,0,39.56,0.00,19.78,0.00,0.00,6.59,0.00,0.00,0.00,34.07
20:15:02,1,42.39,0.00,18.48,0.00,0.00,7.61,0.00,0.00,0.00,31.52
20:15:02,2,39.33,0.00,21.35,0.00,0.00,4.49,0.00,0.00,0.00,34.83
20:15:02,3,40.45,0.00,20.22,0.00,0.00,5.62,0.00,0.00,0.00,33.71
20:15:02,4,35.16,0.00,23.08,0.00,0.00,6.59,0.00,0.00,0.00,35.16
20:15:02,5,40.21,0.00,11.34,0.00,0.00,4.12,0.00,0.00,0.00,44.33
20:15:02,6,41.84,0.00,12.24,0.00,0.00,4.08,0.00,0.00,0.00,41.84
20:15:02,7,40.62,0.00,12.50,0.00,0.00,3.12,0.00,0.00,0.00,43.75
20:15:02,8,40.62,0.00,11.46,0.00,0.00,3.12,0.00,0.00,0.00,44.79
20:15:02,9,43.30,0.00,10.31,0.00,0.00,5.15,0.00,0.00,0.00,41.24
20:15:02,10,42.55,0.00,10.64,0.00,0.00,5.32,0.00,0.00,0.00,41.49
20:15:02,11,44.09,0.00,11.83,0.00,0.00,3.23,0.00,0.00,0.00,40.86
20:15:03,all,42.11,0.00,16.06,0.18,0.00,5.00,0.00,0.00,0.00,36.66
20:15:03,0,39.08,0.00,22.99,0.00,0.00,5.75,0.00,0.00,0.00,32.18
20:15:03,1,40.66,0.00,20.88,0.00,0.00,6.59,0.00,0.00,0.00,31.87
20:15:03,2,41.11,0.00,21.11,0.00,0.00,4.44,0.00,0.00,0.00,33.33
20:15:03,3,36.26,0.00,21.98,1.10,0.00,7.69,0.00,0.00,0.00,32.97
20:15:03,4,41.30,0.00,20.65,0.00,0.00,6.52,0.00,0.00,0.00,31.52
20:15:03,5,41.67,0.00,13.54,0.00,0.00,4.17,0.00,0.00,0.00,40.62
20:15:03,6,41.84,0.00,13.27,0.00,0.00,4.08,0.00,0.00,0.00,40.82
20:15:03,7,42.27,0.00,13.40,0.00,0.00,5.15,0.00,0.00,0.00,39.18
20:15:03,8,42.71,0.00,11.46,0.00,0.00,4.17,0.00,0.00,0.00,41.67
20:15:03,9,42.71,0.00,13.54,1.04,0.00,4.17,0.00,0.00,0.00,38.54
20:15:03,10,45.65,0.00,10.87,0.00,0.00,4.35,0.00,0.00,0.00,39.13
20:15:03,11,49.47,0.00,10.53,0.00,0.00,3.16,0.00,0.00,0.00,36.84
20:15:04,all,41.23,0.00,15.41,0.00,0.00,4.72,0.00,0.00,0.00,38.65
20:15:04,0,41.30,0.00,23.91,0.00,0.00,4.35,0.00,0.00,0.00,30.43
20:15:04,1,40.66,0.00,19.78,0.00,0.00,5.49,0.00,0.00,0.00,34.07
20:15:04,2,38.71,0.00,20.43,0.00,0.00,5.38,0.00,0.00,0.00,35.48
20:15:04,3,38.04,0.00,21.74,0.00,0.00,5.43,0.00,0.00,0.00,34.78
20:15:04,4,38.20,0.00,21.35,0.00,0.00,5.62,0.00,0.00,0.00,34.83
20:15:04,5,41.84,0.00,12.24,0.00,0.00,4.08,0.00,0.00,0.00,41.84
20:15:04,6,40.00,0.00,11.58,0.00,0.00,5.26,0.00,0.00,0.00,43.16
20:15:04,7,42.55,0.00,11.70,0.00,0.00,3.19,0.00,0.00,0.00,42.55
20:15:04,8,40.43,0.00,10.64,0.00,0.00,4.26,0.00,0.00,0.00,44.68
20:15:04,9,42.71,0.00,12.50,0.00,0.00,4.17,0.00,0.00,0.00,40.62
20:15:04,10,44.09,0.00,8.60,0.00,0.00,5.38,0.00,0.00,0.00,41.94
20:15:04,11,45.83,0.00,11.46,0.00,0.00,4.17,0.00,0.00,0.00,38.54
20:15:05,all,40.88,0.00,15.21,0.00,0.00,4.56,0.00,0.00,0.00,39.36
20:15:05,0,42.22,0.00,21.11,0.00,0.00,5.56,0.00,0.00,0.00,31.11
20:15:05,1,41.94,0.00,22.58,0.00,0.00,4.30,0.00,0.00,0.00,31.18
20:15:05,2,38.46,0.00,21.98,0.00,0.00,5.49,0.00,0.00,0.00,34.07
20:15:05,3,39.77,0.00,20.45,0.00,0.00,5.68,0.00,0.00,0.00,34.09
20:15:05,4,39.78,0.00,20.43,0.00,0.00,5.38,0.00,0.00,0.00,34.41
20:15:05,5,40.82,0.00,10.20,0.00,0.00,4.08,0.00,0.00,0.00,44.90
20:15:05,6,39.36,0.00,11.70,0.00,0.00,4.26,0.00,0.00,0.00,44.68
20:15:05,7,41.49,0.00,11.70,0.00,0.00,3.19,0.00,0.00,0.00,43.62
20:15:05,8,37.23,0.00,10.64,0.00,0.00,5.32,0.00,0.00,0.00,46.81
20:15:05,9,40.62,0.00,12.50,0.00,0.00,5.21,0.00,0.00,0.00,41.67
20:15:05,10,43.62,0.00,9.57,0.00,0.00,3.19,0.00,0.00,0.00,43.62
20:15:05,11,45.16,0.00,10.75,0.00,0.00,3.23,0.00,0.00,0.00,40.86
20:15:06,all,42.31,0.00,16.71,0.00,0.00,4.80,0.00,0.00,0.00,36.18
20:15:06,0,40.86,0.00,23.66,0.00,0.00,6.45,0.00,0.00,0.00,29.03
20:15:06,1,43.48,0.00,21.74,0.00,0.00,6.52,0.00,0.00,0.00,28.26
20:15:06,2,40.66,0.00,23.08,0.00,0.00,4.40,0.00,0.00,0.00,31.87
20:15:06,3,37.78,0.00,25.56,0.00,0.00,5.56,0.00,0.00,0.00,31.11
20:15:06,4,36.96,0.00,21.74,0.00,0.00,6.52,0.00,0.00,0.00,34.78
20:15:06,5,38.95,0.00,14.74,0.00,0.00,4.21,0.00,0.00,0.00,42.11
20:15:06,6,43.30,0.00,11.34,0.00,0.00,4.12,0.00,0.00,0.00,41.24
20:15:06,7,43.88,0.00,12.24,0.00,0.00,5.10,0.00,0.00,0.00,38.78
20:15:06,8,43.75,0.00,11.46,0.00,0.00,4.17,0.00,0.00,0.00,40.62
20:15:06,9,44.09,0.00,12.90,0.00,0.00,3.23,0.00,0.00,0.00,39.78
20:15:06,10,45.74,0.00,10.64,0.00,0.00,4.26,0.00,0.00,0.00,39.36
20:15:06,11,47.87,0.00,12.77,0.00,0.00,3.19,0.00,0.00,0.00,36.17
20:15:07,all,42.55,0.00,16.88,0.00,0.00,4.31,0.00,0.00,0.00,36.27
20:15:07,0,42.86,0.00,21.98,0.00,0.00,5.49,0.00,0.00,0.00,29.67
20:15:07,1,41.94,0.00,23.66,0.00,0.00,5.38,0.00,0.00,0.00,29.03
20:15:07,2,41.11,0.00,22.22,0.00,0.00,5.56,0.00,0.00,0.00,31.11
20:15:07,3,42.39,0.00,22.83,0.00,0.00,6.52,0.00,0.00,0.00,28.26
20:15:07,4,41.94,0.00,21.51,0.00,0.00,5.38,0.00,0.00,0.00,31.18
20:15:07,5,41.49,0.00,12.77,0.00,0.00,3.19,0.00,0.00,0.00,42.55
20:15:07,6,41.30,0.00,11.96,0.00,0.00,4.35,0.00,0.00,0.00,42.39
20:15:07,7,41.05,0.00,13.68,0.00,0.00,4.21,0.00,0.00,0.00,41.05
20:15:07,8,42.55,0.00,12.77,0.00,0.00,3.19,0.00,0.00,0.00,41.49
20:15:07,9,40.62,0.00,15.62,0.00,0.00,3.12,0.00,0.00,0.00,40.62
20:15:07,10,46.24,0.00,10.75,0.00,0.00,2.15,0.00,0.00,0.00,40.86
20:15:07,11,47.25,0.00,13.19,0.00,0.00,3.30,0.00,0.00,0.00,36.26
20:15:08,all,60.94,0.00,17.08,0.17,0.00,5.24,0.00,0.00,0.00,16.57
20:15:08,0,55.79,0.00,25.26,0.00,0.00,7.37,0.00,0.00,0.00,11.58
20:15:08,1,62.89,0.00,20.62,1.03,0.00,6.19,0.00,0.00,0.00,9.28
20:15:08,2,60.42,0.00,17.71,0.00,0.00,8.33,0.00,0.00,0.00,13.54
20:15:08,3,59.79,0.00,20.62,0.00,0.00,8.25,0.00,0.00,0.00,11.34
20:15:08,4,55.00,0.00,25.00,0.00,0.00,7.00,0.00,0.00,0.00,13.00
20:15:08,5,64.29,0.00,13.27,0.00,0.00,3.06,0.00,0.00,0.00,19.39
20:15:08,6,61.86,0.00,14.43,0.00,0.00,4.12,0.00,0.00,0.00,19.59
20:15:08,7,59.18,0.00,15.31,0.00,0.00,4.08,0.00,0.00,0.00,21.43
20:15:08,8,61.22,0.00,14.29,0.00,0.00,4.08,0.00,0.00,0.00,20.41
20:15:08,9,60.42,0.00,14.58,0.00,0.00,4.17,0.00,0.00,0.00,20.83
20:15:08,10,65.98,0.00,10.31,0.00,0.00,3.09,0.00,0.00,0.00,20.62
20:15:08,11,64.58,0.00,13.54,1.04,0.00,3.12,0.00,0.00,0.00,17.71
20:15:09,all,49.65,0.00,16.46,0.00,0.00,5.19,0.00,0.00,0.00,28.70
20:15:09,0,48.94,0.00,22.34,0.00,0.00,6.38,0.00,0.00,0.00,22.34
20:15:09,1,46.32,0.00,22.11,0.00,0.00,7.37,0.00,0.00,0.00,24.21
20:15:09,2,46.81,0.00,23.40,0.00,0.00,5.32,0.00,0.00,0.00,24.47
20:15:09,3,46.81,0.00,23.40,0.00,0.00,6.38,0.00,0.00,0.00,23.40
20:15:09,4,47.31,0.00,21.51,0.00,0.00,7.53,0.00,0.00,0.00,23.66
20:15:09,5,46.88,0.00,12.50,0.00,0.00,4.17,0.00,0.00,0.00,36.46
20:15:09,6,50.00,0.00,13.27,0.00,0.00,5.10,0.00,0.00,0.00,31.63
20:15:09,7,51.58,0.00,11.58,0.00,0.00,4.21,0.00,0.00,0.00,32.63
20:15:09,8,50.00,0.00,10.42,0.00,0.00,5.21,0.00,0.00,0.00,34.38
20:15:09,9,49.46,0.00,13.98,0.00,0.00,4.30,0.00,0.00,0.00,32.26
20:15:09,10,53.76,0.00,11.83,0.00,0.00,4.30,0.00,0.00,0.00,30.11
20:15:09,11,57.89,0.00,11.58,0.00,0.00,2.11,0.00,0.00,0.00,28.42
20:15:10,all,40.82,0.00,16.03,0.00,0.00,4.66,0.00,0.00,0.00,38.50
20:15:10,0,39.78,0.00,21.51,0.00,0.00,6.45,0.00,0.00,0.00,32.26
20:15:10,1,40.66,0.00,19.78,0.00,0.00,4.40,0.00,0.00,0.00,35.16
20:15:10,2,38.20,0.00,21.35,0.00,0.00,5.62,0.00,0.00,0.00,34.83
20:15:10,3,39.13,0.00,20.65,0.00,0.00,6.52,0.00,0.00,0.00,33.70
20:15:10,4,35.87,0.00,21.74,0.00,0.00,6.52,0.00,0.00,0.00,35.87
20:15:10,5,39.78,0.00,12.90,0.00,0.00,3.23,0.00,0.00,0.00,44.09
20:15:10,6,43.62,0.00,11.70,0.00,0.00,3.19,0.00,0.00,0.00,41.49
20:15:10,7,43.75,0.00,13.54,0.00,0.00,3.12,0.00,0.00,0.00,39.58
20:15:10,8,36.84,0.00,15.79,0.00,0.00,4.21,0.00,0.00,0.00,43.16
20:15:10,9,41.84,0.00,12.24,0.00,0.00,5.10,0.00,0.00,0.00,40.82
20:15:10,10,43.01,0.00,11.83,0.00,0.00,4.30,0.00,0.00,0.00,40.86
20:15:10,11,47.25,0.00,9.89,0.00,0.00,3.30,0.00,0.00,0.00,39.56
20:15:11,all,42.17,0.00,16.03,0.00,0.00,4.66,0.00,0.00,0.00,37.15
20:15:11,0,40.00,0.00,24.44,0.00,0.00,5.56,0.00,0.00,0.00,30.00
20:15:11,1,42.86,0.00,20.88,0.00,0.00,6.59,0.00,0.00,0.00,29.67
20:15:11,2,40.00,0.00,23.33,0.00,0.00,5.56,0.00,0.00,0.00,31.11
20:15:11,3,37.50,0.00,23.86,0.00,0.00,6.82,0.00,0.00,0.00,31.82
20:15:11,4,42.70,0.00,21.35,0.00,0.00,4.49,0.00,0.00,0.00,31.46
20:15:11,5,41.05,0.00,12.63,0.00,0.00,3.16,0.00,0.00,0.00,43.16
20:15:11,6,42.71,0.00,10.42,0.00,0.00,5.21,0.00,0.00,0.00,41.67
20:15:11,7,42.71,0.00,12.50,0.00,0.00,4.17,0.00,0.00,0.00,40.62
20:15:11,8,40.62,0.00,12.50,0.00,0.00,3.12,0.00,0.00,0.00,43.75
20:15:11,9,43.62,0.00,10.64,0.00,0.00,4.26,0.00,0.00,0.00,41.49
20:15:11,10,45.26,0.00,10.53,0.00,0.00,3.16,0.00,0.00,0.00,41.05
20:15:11,11,46.39,0.00,11.34,0.00,0.00,4.12,0.00,0.00,0.00,38.14
20:15:12,all,40.69,0.00,15.49,0.00,0.00,4.81,0.00,0.00,0.00,39.00
20:15:12,0,39.13,0.00,22.83,0.00,0.00,5.43,0.00,0.00,0.00,32.61
20:15:12,1,40.86,0.00,22.58,0.00,0.00,4.30,0.00,0.00,0.00,32.26
20:15:12,2,39.13,0.00,20.65,0.00,0.00,5.43,0.00,0.00,0.00,34.78
20:15:12,3,42.22,0.00,18.89,0.00,0.00,5.56,0.00,0.00,0.00,33.33
20:15:12,4,36.96,0.00,21.74,0.00,0.00,6.52,0.00,0.00,0.00,34.78
20:15:12,5,37.23,0.00,11.70,0.00,0.00,5.32,0.00,0.00,0.00,45.74
20:15:12,6,42.55,0.00,10.64,0.00,0.00,3.19,0.00,0.00,0.00,43.62
20:15:12,7,39.18,0.00,12.37,0.00,0.00,5.15,0.00,0.00,0.00,43.30
20:15:12,8,41.67,0.00,12.50,0.00,0.00,4.17,0.00,0.00,0.00,41.67
20:15:12,9,39.58,0.00,12.50,0.00,0.00,5.21,0.00,0.00,0.00,42.71
20:15:12,10,44.09,0.00,10.75,0.00,0.00,3.23,0.00,0.00,0.00,41.94
20:15:12,11,45.74,0.00,9.57,0.00,0.00,4.26,0.00,0.00,0.00,40.43
20:15:13,all,41.93,0.00,15.61,0.00,0.00,4.82,0.00,0.00,0.00,37.64
20:15:13,0,43.96,0.00,20.88,0.00,0.00,5.49,0.00,0.00,0.00,29.67
20:15:13,1,41.11,0.00,22.22,0.00,0.00,6.67,0.00,0.00,0.00,30.00
20:15:13,2,39.56,0.00,20.88,0.00,0.00,5.49,0.00,0.00,0.00,34.07
20:15:13,3,39.56,0.00,21.98,0.00,0.00,6.59,0.00,0.00,0.00,31.87
20:15:13,4,39.56,0.00,19.78,0.00,0.00,6.59,0.00,0.00,0.00,34.07
20:15:13,5,42.11,0.00,12.63,0.00,0.00,4.21,0.00,0.00,0.00,41.05
20:15:13,6,41.67,0.00,13.54,0.00,0.00,4.17,0.00,0.00,0.00,40.62
20:15:13,7,43.30,0.00,12.37,0.00,0.00,3.09,0.00,0.00,0.00,41.24
20:15:13,8,38.78,0.00,12.24,0.00,0.00,5.10,0.00,0.00,0.00,43.88
20:15:13,9,44.21,0.00,10.53,0.00,0.00,4.21,0.00,0.00,0.00,41.05
20:15:13,10,45.16,0.00,9.68,0.00,0.00,3.23,0.00,0.00,0.00,41.94
20:15:13,11,44.09,0.00,11.83,0.00,0.00,3.23,0.00,0.00,0.00,40.86
20:15:14,all,58.20,0.00,16.05,0.00,0.00,5.20,0.00,0.00,0.00,20.56
20:15:14,0,55.79,0.00,21.05,0.00,0.00,7.37,0.00,0.00,0.00,15.79
20:15:14,1,54.26,0.00,22.34,0.00,0.00,5.32,0.00,0.00,0.00,18.09
20:15:14,2,58.06,0.00,19.35,0.00,0.00,6.45,0.00,0.00,0.00,16.13
20:15:14,3,54.17,0.00,20.83,0.00,0.00,9.38,0.00,0.00,0.00,15.62
20:15:14,4,55.79,0.00,20.00,0.00,0.00,8.42,0.00,0.00,0.00,15.79
20:15:14,5,60.20,0.00,13.27,0.00,0.00,4.08,0.00,0.00,0.00,22.45
20:15:14,6,56.25,0.00,14.58,0.00,0.00,3.12,0.00,0.00,0.00,26.04
20:15:14,7,57.73,0.00,12.37,0.00,0.00,4.12,0.00,0.00,0.00,25.77
20:15:14,8,55.79,0.00,13.68,0.00,0.00,4.21,0.00,0.00,0.00,26.32
20:15:14,9,60.61,0.00,13.13,0.00,0.00,4.04,0.00,0.00,0.00,22.22
20:15:14,10,61.86,0.00,12.37,0.00,0.00,3.09,0.00,0.00,0.00,22.68
20:15:14,11,67.35,0.00,10.20,0.00,0.00,3.06,0.00,0.00,0.00,19.39
20:15:15,all,70.65,0.00,17.66,0.00,0.00,5.29,0.00,0.00,0.00,6.40
20:15:15,0,63.92,0.00,23.71,0.00,0.00,8.25,0.00,0.00,0.00,4.12
20:15:15,1,64.58,0.00,21.88,0.00,0.00,8.33,0.00,0.00,0.00,5.21
20:15:15,2,67.35,0.00,19.39,0.00,0.00,7.14,0.00,0.00,0.00,6.12
20:15:15,3,69.79,0.00,19.79,0.00,0.00,6.25,0.00,0.00,0.00,4.17
20:15:15,4,67.01,0.00,21.65,0.00,0.00,6.19,0.00,0.00,0.00,5.15
20:15:15,5,74.49,0.00,16.33,0.00,0.00,4.08,0.00,0.00,0.00,5.10
20:15:15,6,68.37,0.00,18.37,0.00,0.00,5.10,0.00,0.00,0.00,8.16
20:15:15,7,64.29,0.00,16.33,0.00,0.00,5.10,0.00,0.00,0.00,14.29
20:15:15,8,77.55,0.00,12.24,0.00,0.00,3.06,0.00,0.00,0.00,7.14
20:15:15,9,75.51,0.00,13.27,0.00,0.00,3.06,0.00,0.00,0.00,8.16
20:15:15,10,78.79,0.00,14.14,0.00,0.00,2.02,0.00,0.00,0.00,5.05
20:15:15,11,75.76,0.00,15.15,0.00,0.00,5.05,0.00,0.00,0.00,4.04
20:15:16,all,44.76,0.00,17.05,0.00,0.00,5.06,0.00,0.00,0.00,33.13
20:15:16,0,44.44,0.00,21.11,0.00,0.00,7.78,0.00,0.00,0.00,26.67
20:15:16,1,43.33,0.00,22.22,0.00,0.00,6.67,0.00,0.00,0.00,27.78
20:15:16,2,43.48,0.00,21.74,0.00,0.00,6.52,0.00,0.00,0.00,28.26
20:15:16,3,41.57,0.00,23.60,0.00,0.00,5.62,0.00,0.00,0.00,29.21
20:15:16,4,39.56,0.00,24.18,0.00,0.00,5.49,0.00,0.00,0.00,30.77
20:15:16,5,44.33,0.00,14.43,0.00,0.00,3.09,0.00,0.00,0.00,38.14
20:15:16,6,50.52,0.00,11.34,0.00,0.00,4.12,0.00,0.00,0.00,34.02
20:15:16,7,43.16,0.00,15.79,0.00,0.00,4.21,0.00,0.00,0.00,36.84
20:15:16,8,43.75,0.00,12.50,0.00,0.00,4.17,0.00,0.00,0.00,39.58
20:15:16,9,46.94,0.00,14.29,0.00,0.00,5.10,0.00,0.00,0.00,33.67
20:15:16,10,46.39,0.00,14.43,0.00,0.00,4.12,0.00,0.00,0.00,35.05
20:15:16,11,48.94,0.00,10.64,0.00,0.00,4.26,0.00,0.00,0.00,36.17
20:15:17,all,43.37,0.00,16.12,0.00,0.00,4.63,0.00,0.00,0.00,35.89
20:15:17,0,43.48,0.00,20.65,0.00,0.00,5.43,0.00,0.00,0.00,30.43
20:15:17,1,42.39,0.00,21.74,0.00,0.00,4.35,0.00,0.00,0.00,31.52
20:15:17,2,43.16,0.00,21.05,0.00,0.00,6.32,0.00,0.00,0.00,29.47
20:15:17,3,41.49,0.00,22.34,0.00,0.00,5.32,0.00,0.00,0.00,30.85
20:15:17,4,42.39,0.00,21.74,0.00,0.00,6.52,0.00,0.00,0.00,29.35
20:15:17,5,43.01,0.00,12.90,0.00,0.00,3.23,0.00,0.00,0.00,40.86
20:15:17,6,42.55,0.00,13.83,0.00,0.00,3.19,0.00,0.00,0.00,40.43
20:15:17,7,42.39,0.00,11.96,0.00,0.00,4.35,0.00,0.00,0.00,41.30
20:15:17,8,41.67,0.00,12.50,0.00,0.00,4.17,0.00,0.00,0.00,41.67
20:15:17,9,43.16,0.00,12.63,0.00,0.00,4.21,0.00,0.00,0.00,40.00
20:15:17,10,45.74,0.00,11.70,0.00,0.00,3.19,0.00,0.00,0.00,39.36
20:15:17,11,48.94,0.00,10.64,0.00,0.00,5.32,0.00,0.00,0.00,35.11
20:15:18,all,41.12,0.00,14.99,0.00,0.00,4.55,0.00,0.00,0.00,39.34
20:15:18,0,40.00,0.00,20.00,0.00,0.00,6.67,0.00,0.00,0.00,33.33
20:15:18,1,38.89,0.00,22.22,0.00,0.00,5.56,0.00,0.00,0.00,33.33
20:15:18,2,39.56,0.00,19.78,0.00,0.00,5.49,0.00,0.00,0.00,35.16
20:15:18,3,37.36,0.00,21.98,0.00,0.00,5.49,0.00,0.00,0.00,35.16
20:15:18,4,40.22,0.00,19.57,0.00,0.00,6.52,0.00,0.00,0.00,33.70
20:15:18,5,37.50,0.00,10.42,0.00,0.00,5.21,0.00,0.00,0.00,46.88
20:15:18,6,43.16,0.00,10.53,0.00,0.00,2.11,0.00,0.00,0.00,44.21
20:15:18,7,43.75,0.00,11.46,0.00,0.00,3.12,0.00,0.00,0.00,41.67
20:15:18,8,40.62,0.00,11.46,0.00,0.00,4.17,0.00,0.00,0.00,43.75
20:15:18,9,44.21,0.00,11.58,0.00,0.00,2.11,0.00,0.00,0.00,42.11
20:15:18,10,44.68,0.00,11.70,0.00,0.00,3.19,0.00,0.00,0.00,40.43
20:15:18,11,43.16,0.00,10.53,0.00,0.00,5.26,0.00,0.00,0.00,41.05
20:15:19,all,39.98,0.00,16.01,0.00,0.00,4.65,0.00,0.00,0.00,39.36
20:15:19,0,40.23,0.00,19.54,0.00,0.00,5.75,0.00,0.00,0.00,34.48
20:15:19,1,37.63,0.00,22.58,0.00,0.00,6.45,0.00,0.00,0.00,33.33
20:15:19,2,40.00,0.00,21.11,0.00,0.00,4.44,0.00,0.00,0.00,34.44
20:15:19,3,36.67,0.00,21.11,0.00,0.00,5.56,0.00,0.00,0.00,36.67
20:15:19,4,39.13,0.00,21.74,0.00,0.00,5.43,0.00,0.00,0.00,33.70
20:15:19,5,36.73,0.00,15.31,0.00,0.00,4.08,0.00,0.00,0.00,43.88
20:15:19,6,43.88,0.00,10.20,0.00,0.00,4.08,0.00,0.00,0.00,41.84
20:15:19,7,40.62,0.00,11.46,0.00,0.00,4.17,0.00,0.00,0.00,43.75
20:15:19,8,37.63,0.00,11.83,0.00,0.00,4.30,0.00,0.00,0.00,46.24
20:15:19,9,39.13,0.00,14.13,0.00,0.00,4.35,0.00,0.00,0.00,42.39
20:15:19,10,43.75,0.00,12.50,0.00,0.00,4.17,0.00,0.00,0.00,39.58
20:15:19,11,44.09,0.00,11.83,0.00,0.00,3.23,0.00,0.00,0.00,40.86
20:15:20,all,41.91,0.00,15.55,0.00,0.00,4.56,0.00,0.00,0.00,37.98
20:15:20,0,41.57,0.00,21.35,0.00,0.00,5.62,0.00,0.00,0.00,31.46
20:15:20,1,38.04,0.00,25.00,0.00,0.00,5.43,0.00,0.00,0.00,31.52
20:15:20,2,38.71,0.00,21.51,0.00,0.00,6.45,0.00,0.00,0.00,33.33
20:15:20,3,43.33,0.00,21.11,0.00,0.00,4.44,0.00,0.00,0.00,31.11
20:15:20,4,43.48,0.00,19.57,0.00,0.00,4.35,0.00,0.00,0.00,32.61
20:15:20,5,38.95,0.00,11.58,0.00,0.00,4.21,0.00,0.00,0.00,45.26
20:15:20,6,44.57,0.00,9.78,0.00,0.00,2.17,0.00,0.00,0.00,43.48
20:15:20,7,43.43,0.00,12.12,0.00,0.00,6.06,0.00,0.00,0.00,38.38
20:15:20,8,37.89,0.00,12.63,0.00,0.00,4.21,0.00,0.00,0.00,45.26
20:15:20,9,41.05,0.00,13.68,0.00,0.00,4.21,0.00,0.00,0.00,41.05
20:15:20,10,45.74,0.00,9.57,0.00,0.00,4.26,0.00,0.00,0.00,40.43
20:15:20,11,46.24,0.00,9.68,0.00,0.00,3.23,0.00,0.00,0.00,40.86
20:15:21,all,41.04,0.00,15.59,0.00,0.00,4.66,0.00,0.00,0.00,38.71
20:15:21,0,41.76,0.00,21.98,0.00,0.00,4.40,0.00,0.00,0.00,31.87
20:15:21,1,42.22,0.00,20.00,0.00,0.00,5.56,0.00,0.00,0.00,32.22
20:15:21,2,37.08,0.00,21.35,0.00,0.00,5.62,0.00,0.00,0.00,35.96
20:15:21,3,36.96,0.00,22.83,0.00,0.00,6.52,0.00,0.00,0.00,33.70
20:15:21,4,39.33,0.00,21.35,0.00,0.00,5.62,0.00,0.00,0.00,33.71
20:15:21,5,37.76,0.00,13.27,0.00,0.00,5.10,0.00,0.00,0.00,43.88
20:15:21,6,41.67,0.00,12.50,0.00,0.00,5.21,0.00,0.00,0.00,40.62
20:15:21,7,43.30,0.00,11.34,0.00,0.00,3.09,0.00,0.00,0.00,42.27
20:15:21,8,38.78,0.00,12.24,0.00,0.00,5.10,0.00,0.00,0.00,43.88
20:15:21,9,42.86,0.00,10.99,0.00,0.00,3.30,0.00,0.00,0.00,42.86
20:15:21,10,45.74,0.00,10.64,0.00,0.00,3.19,0.00,0.00,0.00,40.43
20:15:21,11,45.05,0.00,9.89,0.00,0.00,3.30,0.00,0.00,0.00,41.76
20:15:22,all,41.79,0.00,15.62,0.00,0.00,4.55,0.00,0.00,0.00,38.04
20:15:22,0,42.22,0.00,22.22,0.00,0.00,5.56,0.00,0.00,0.00,30.00
20:15:22,1,41.76,0.00,20.88,0.00,0.00,4.40,0.00,0.00,0.00,32.97
20:15:22,2,39.78,0.00,22.58,0.00,0.00,6.45,0.00,0.00,0.00,31.18
20:15:22,3,42.39,0.00,19.57,0.00,0.00,5.43,0.00,0.00,0.00,32.61
20:15:22,4,39.77,0.00,20.45,0.00,0.00,5.68,0.00,0.00,0.00,34.09
20:15:22,5,37.63,0.00,12.90,0.00,0.00,4.30,0.00,0.00,0.00,45.16
20:15:22,6,41.84,0.00,12.24,0.00,0.00,3.06,0.00,0.00,0.00,42.86
20:15:22,7,43.01,0.00,10.75,0.00,0.00,4.30,0.00,0.00,0.00,41.94
20:15:22,8,38.54,0.00,12.50,0.00,0.00,4.17,0.00,0.00,0.00,44.79
20:15:22,9,42.71,0.00,12.50,0.00,0.00,4.17,0.00,0.00,0.00,40.62
20:15:22,10,46.32,0.00,11.58,0.00,0.00,3.16,0.00,0.00,0.00,38.95
20:15:22,11,45.26,0.00,10.53,0.00,0.00,4.21,0.00,0.00,0.00,40.00
20:15:23,all,41.09,0.00,15.86,0.00,0.00,4.63,0.00,0.00,0.00,38.41
20:15:23,0,39.13,0.00,21.74,0.00,0.00,5.43,0.00,0.00,0.00,33.70
20:15:23,1,41.94,0.00,21.51,0.00,0.00,5.38,0.00,0.00,0.00,31.18
20:15:23,2,40.86,0.00,20.43,0.00,0.00,5.38,0.00,0.00,0.00,33.33
20:15:23,3,40.00,0.00,22.11,0.00,0.00,5.26,0.00,0.00,0.00,32.63
20:15:23,4,34.83,0.00,22.47,0.00,0.00,6.74,0.00,0.00,0.00,35.96
20:15:23,5,41.67,0.00,12.50,0.00,0.00,4.17,0.00,0.00,0.00,41.67
20:15:23,6,39.58,0.00,12.50,0.00,0.00,5.21,0.00,0.00,0.00,42.71
20:15:23,7,43.00,0.00,13.00,0.00,0.00,4.00,0.00,0.00,0.00,40.00
20:15:23,8,41.49,0.00,11.70,0.00,0.00,3.19,0.00,0.00,0.00,43.62
20:15:23,9,41.94,0.00,11.83,0.00,0.00,4.30,0.00,0.00,0.00,41.94
20:15:23,10,43.96,0.00,9.89,0.00,0.00,3.30,0.00,0.00,0.00,42.86
20:15:23,11,44.44,0.00,11.11,0.00,0.00,3.33,0.00,0.00,0.00,41.11
20:15:24,all,41.26,0.00,15.00,0.00,0.00,4.26,0.00,0.00,0.00,39.49
20:15:24,0,42.39,0.00,19.57,0.00,0.00,5.43,0.00,0.00,0.00,32.61
20:15:24,1,41.76,0.00,19.78,0.00,0.00,4.40,0.00,0.00,0.00,34.07
20:15:24,2,36.96,0.00,22.83,0.00,0.00,4.35,0.00,0.00,0.00,35.87
20:15:24,3,38.46,0.00,21.98,0.00,0.00,5.49,0.00,0.00,0.00,34.07
20:15:24,4,39.56,0.00,19.78,0.00,0.00,6.59,0.00,0.00,0.00,34.07
20:15:24,5,39.18,0.00,12.37,0.00,0.00,4.12,0.00,0.00,0.00,44.33
20:15:24,6,42.27,0.00,10.31,0.00,0.00,4.12,0.00,0.00,0.00,43.30
20:15:24,7,41.67,0.00,12.50,0.00,0.00,3.12,0.00,0.00,0.00,42.71
20:15:24,8,39.36,0.00,11.70,0.00,0.00,3.19,0.00,0.00,0.00,45.74
20:15:24,9,42.27,0.00,12.37,0.00,0.00,4.12,0.00,0.00,0.00,41.24
20:15:24,10,45.74,0.00,7.45,0.00,0.00,3.19,0.00,0.00,0.00,43.62
20:15:24,11,45.26,0.00,10.53,0.00,0.00,3.16,0.00,0.00,0.00,41.05
20:15:25,all,40.61,0.00,15.09,0.00,0.00,4.76,0.00,0.00,0.00,39.53
20:15:25,0,41.76,0.00,20.88,0.00,0.00,5.49,0.00,0.00,0.00,31.87
20:15:25,1,39.56,0.00,21.98,0.00,0.00,5.49,0.00,0.00,0.00,32.97
20:15:25,2,36.67,0.00,22.22,0.00,0.00,5.56,0.00,0.00,0.00,35.56
20:15:25,3,37.78,0.00,21.11,0.00,0.00,6.67,0.00,0.00,0.00,34.44
20:15:25,4,37.78,0.00,21.11,0.00,0.00,5.56,0.00,0.00,0.00,35.56
20:15:25,5,34.41,0.00,13.98,0.00,0.00,4.30,0.00,0.00,0.00,47.31
20:15:25,6,42.11,0.00,12.63,0.00,0.00,3.16,0.00,0.00,0.00,42.11
20:15:25,7,42.71,0.00,10.42,0.00,0.00,4.17,0.00,0.00,0.00,42.71
20:15:25,8,40.62,0.00,10.42,0.00,0.00,4.17,0.00,0.00,0.00,44.79
20:15:25,9,45.16,0.00,7.53,0.00,0.00,4.30,0.00,0.00,0.00,43.01
20:15:25,10,43.01,0.00,10.75,0.00,0.00,4.30,0.00,0.00,0.00,41.94
20:15:25,11,45.26,0.00,9.47,0.00,0.00,4.21,0.00,0.00,0.00,41.05
20:15:26,all,41.90,0.00,15.94,0.00,0.00,4.21,0.00,0.00,0.00,37.96
20:15:26,0,41.11,0.00,23.33,0.00,0.00,5.56,0.00,0.00,0.00,30.00
20:15:26,1,40.23,0.00,21.84,0.00,0.00,5.75,0.00,0.00,0.00,32.18
20:15:26,2,38.89,0.00,22.22,0.00,0.00,4.44,0.00,0.00,0.00,34.44
20:15:26,3,40.66,0.00,23.08,0.00,0.00,4.40,0.00,0.00,0.00,31.87
20:15:26,4,40.00,0.00,22.22,0.00,0.00,5.56,0.00,0.00,0.00,32.22
20:15:26,5,39.18,0.00,12.37,0.00,0.00,3.09,0.00,0.00,0.00,45.36
20:15:26,6,41.49,0.00,11.70,0.00,0.00,4.26,0.00,0.00,0.00,42.55
20:15:26,7,44.09,0.00,8.60,0.00,0.00,4.30,0.00,0.00,0.00,43.01
20:15:26,8,41.67,0.00,11.46,0.00,0.00,4.17,0.00,0.00,0.00,42.71
20:15:26,9,42.86,0.00,13.27,0.00,0.00,4.08,0.00,0.00,0.00,39.80
20:15:26,10,45.74,0.00,11.70,0.00,0.00,2.13,0.00,0.00,0.00,40.43
20:15:26,11,46.39,0.00,11.34,0.00,0.00,3.09,0.00,0.00,0.00,39.18
20:15:27,all,44.66,0.00,15.75,0.00,0.00,4.54,0.00,0.00,0.00,35.05
20:15:27,0,45.05,0.00,23.08,0.00,0.00,5.49,0.00,0.00,0.00,26.37
20:15:27,1,44.57,0.00,22.83,0.00,0.00,5.43,0.00,0.00,0.00,27.17
20:15:27,2,42.86,0.00,20.88,0.00,0.00,5.49,0.00,0.00,0.00,30.77
20:15:27,3,44.09,0.00,21.51,0.00,0.00,6.45,0.00,0.00,0.00,27.96
20:15:27,4,43.01,0.00,23.66,0.00,0.00,4.30,0.00,0.00,0.00,29.03
20:15:27,5,42.27,0.00,11.34,0.00,0.00,5.15,0.00,0.00,0.00,41.24
20:15:27,6,47.37,0.00,12.63,0.00,0.00,3.16,0.00,0.00,0.00,36.84
20:15:27,7,44.79,0.00,11.46,0.00,0.00,4.17,0.00,0.00,0.00,39.58
20:15:27,8,41.49,0.00,11.70,0.00,0.00,5.32,0.00,0.00,0.00,41.49
20:15:27,9,45.65,0.00,10.87,0.00,0.00,3.26,0.00,0.00,0.00,40.22
20:15:27,10,46.81,0.00,9.57,0.00,0.00,3.19,0.00,0.00,0.00,40.43
20:15:27,11,47.92,0.00,10.42,0.00,0.00,3.12,0.00,0.00,0.00,38.54
20:15:28,all,40.79,0.00,15.00,0.00,0.00,4.85,0.00,0.00,0.00,39.35
20:15:28,0,38.46,0.00,20.88,0.00,0.00,6.59,0.00,0.00,0.00,34.07
20:15:28,1,39.77,0.00,21.59,0.00,0.00,4.55,0.00,0.00,0.00,34.09
20:15:28,2,38.71,0.00,20.43,0.00,0.00,7.53,0.00,0.00,0.00,33.33
20:15:28,3,40.00,0.00,18.89,0.00,0.00,5.56,0.00,0.00,0.00,35.56
20:15:28,4,36.36,0.00,21.59,0.00,0.00,5.68,0.00,0.00,0.00,36.36
20:15:28,5,36.73,0.00,13.27,0.00,0.00,4.08,0.00,0.00,0.00,45.92
20:15:28,6,41.84,0.00,12.24,0.00,0.00,4.08,0.00,0.00,0.00,41.84
20:15:28,7,42.55,0.00,10.64,0.00,0.00,4.26,0.00,0.00,0.00,42.55
20:15:28,8,40.86,0.00,10.75,0.00,0.00,3.23,0.00,0.00,0.00,45.16
20:15:28,9,42.71,0.00,11.46,0.00,0.00,5.21,0.00,0.00,0.00,40.62
20:15:28,10,45.65,0.00,8.70,0.00,0.00,4.35,0.00,0.00,0.00,41.30
20:15:28,11,45.65,0.00,10.87,0.00,0.00,3.26,0.00,0.00,0.00,40.22
20:15:29,all,40.96,0.00,15.14,0.00,0.00,4.99,0.00,0.00,0.00,38.91
20:15:29,0,38.89,0.00,22.22,0.00,0.00,6.67,0.00,0.00,0.00,32.22
20:15:29,1,41.76,0.00,18.68,0.00,0.00,5.49,0.00,0.00,0.00,34.07
20:15:29,2,40.66,0.00,20.88,0.00,0.00,4.40,0.00,0.00,0.00,34.07
20:15:29,3,39.13,0.00,19.57,0.00,0.00,7.61,0.00,0.00,0.00,33.70
20:15:29,4,38.95,0.00,20.00,0.00,0.00,6.32,0.00,0.00,0.00,34.74
20:15:29,5,40.62,0.00,11.46,0.00,0.00,4.17,0.00,0.00,0.00,43.75
20:15:29,6,41.24,0.00,13.40,0.00,0.00,3.09,0.00,0.00,0.00,42.27
20:15:29,7,41.05,0.00,11.58,0.00,0.00,4.21,0.00,0.00,0.00,43.16
20:15:29,8,36.17,0.00,12.77,0.00,0.00,5.32,0.00,0.00,0.00,45.74
20:15:29,9,42.71,0.00,12.50,0.00,0.00,5.21,0.00,0.00,0.00,39.58
20:15:29,10,46.32,0.00,8.42,0.00,0.00,3.16,0.00,0.00,0.00,42.11
20:15:29,11,43.96,0.00,10.99,0.00,0.00,4.40,0.00,0.00,0.00,40.66
20:15:30,all,41.59,0.00,15.14,0.00,0.00,4.72,0.00,0.00,0.00,38.56
20:15:30,0,42.86,0.00,20.88,0.00,0.00,5.49,0.00,0.00,0.00,30.77
20:15:30,1,43.48,0.00,19.57,0.00,0.00,4.35,0.00,0.00,0.00,32.61
20:15:30,2,38.20,0.00,20.22,0.00,0.00,6.74,0.00,0.00,0.00,34.83
20:15:30,3,39.56,0.00,23.08,0.00,0.00,5.49,0.00,0.00,0.00,31.87
20:15:30,4,38.89,0.00,21.11,0.00,0.00,5.56,0.00,0.00,0.00,34.44
20:15:30,5,39.18,0.00,11.34,0.00,0.00,4.12,0.00,0.00,0.00,45.36
20:15:30,6,43.88,0.00,10.20,0.00,0.00,4.08,0.00,0.00,0.00,41.84
20:15:30,7,40.00,0.00,13.68,0.00,0.00,4.21,0.00,0.00,0.00,42.11
20:15:30,8,38.95,0.00,12.63,0.00,0.00,4.21,0.00,0.00,0.00,44.21
20:15:30,9,43.30,0.00,11.34,0.00,0.00,5.15,0.00,0.00,0.00,40.21
20:15:30,10,45.74,0.00,9.57,0.00,0.00,3.19,0.00,0.00,0.00,41.49
20:15:30,11,44.68,0.00,9.57,0.00,0.00,4.26,0.00,0.00,0.00,41.49
20:15:31,all,41.30,0.00,15.25,0.00,0.00,4.73,0.00,0.00,0.00,38.72
20:15:31,0,40.45,0.00,21.35,0.00,0.00,5.62,0.00,0.00,0.00,32.58
20:15:31,1,39.56,0.00,21.98,0.00,0.00,6.59,0.00,0.00,0.00,31.87
20:15:31,2,36.84,0.00,25.26,0.00,0.00,5.26,0.00,0.00,0.00,32.63
20:15:31,3,41.57,0.00,19.10,0.00,0.00,5.62,0.00,0.00,0.00,33.71
20:15:31,4,40.00,0.00,21.11,0.00,0.00,5.56,0.00,0.00,0.00,33.33
20:15:31,5,38.14,0.00,11.34,0.00,0.00,5.15,0.00,0.00,0.00,45.36
20:15:31,6,40.43,0.00,11.70,0.00,0.00,4.26,0.00,0.00,0.00,43.62
20:15:31,7,42.11,0.00,10.53,0.00,0.00,4.21,0.00,0.00,0.00,43.16
20:15:31,8,42.11,0.00,10.53,0.00,0.00,3.16,0.00,0.00,0.00,44.21
20:15:31,9,41.49,0.00,11.70,0.00,0.00,4.26,0.00,0.00,0.00,42.55
20:15:31,10,44.21,0.00,10.53,0.00,0.00,4.21,0.00,0.00,0.00,41.05
20:15:31,11,48.45,0.00,9.28,0.00,0.00,3.09,0.00,0.00,0.00,39.18
20:15:32,all,42.13,0.00,15.47,0.00,0.00,4.20,0.00,0.00,0.00,38.19
20:15:32,0,41.76,0.00,23.08,0.00,0.00,3.30,0.00,0.00,0.00,31.87
20:15:32,1,42.22,0.00,21.11,0.00,0.00,5.56,0.00,0.00,0.00,31.11
20:15:32,2,39.08,0.00,21.84,0.00,0.00,4.60,0.00,0.00,0.00,34.48
20:15:32,3,37.36,0.00,23.08,0.00,0.00,5.49,0.00,0.00,0.00,34.07
20:15:32,4,39.77,0.00,21.59,0.00,0.00,4.55,0.00,0.00,0.00,34.09
20:15:32,5,40.43,0.00,11.70,0.00,0.00,4.26,0.00,0.00,0.00,43.62
20:15:32,6,42.42,0.00,12.12,0.00,0.00,5.05,0.00,0.00,0.00,40.40
20:15:32,7,43.30,0.00,11.34,0.00,0.00,4.12,0.00,0.00,0.00,41.24
20:15:32,8,41.05,0.00,9.47,0.00,0.00,4.21,0.00,0.00,0.00,45.26
20:15:32,9,44.68,0.00,11.70,0.00,0.00,3.19,0.00,0.00,0.00,40.43
20:15:32,10,45.83,0.00,10.42,0.00,0.00,3.12,0.00,0.00,0.00,40.62
20:15:32,11,46.88,0.00,10.42,0.00,0.00,3.12,0.00,0.00,0.00,39.58
20:15:33,all,40.89,0.00,15.23,0.00,0.00,4.53,0.00,0.00,0.00,39.35
20:15:33,0,38.64,0.00,20.45,0.00,0.00,5.68,0.00,0.00,0.00,35.23
20:15:33,1,38.89,0.00,21.11,0.00,0.00,5.56,0.00,0.00,0.00,34.44
20:15:33,2,40.66,0.00,19.78,0.00,0.00,5.49,0.00,0.00,0.00,34.07
20:15:33,3,39.56,0.00,20.88,0.00,0.00,5.49,0.00,0.00,0.00,34.07
20:15:33,4,36.96,0.00,22.83,0.00,0.00,6.52,0.00,0.00,0.00,33.70
20:15:33,5,40.21,0.00,11.34,0.00,0.00,5.15,0.00,0.00,0.00,43.30
20:15:33,6,41.94,0.00,10.75,0.00,0.00,3.23,0.00,0.00,0.00,44.09
20:15:33,7,39.78,0.00,11.83,0.00,0.00,3.23,0.00,0.00,0.00,45.16
20:15:33,8,39.13,0.00,10.87,0.00,0.00,4.35,0.00,0.00,0.00,45.65
20:15:33,9,44.90,0.00,10.20,0.00,0.00,4.08,0.00,0.00,0.00,40.82
20:15:33,10,48.31,0.00,8.99,0.00,0.00,2.25,0.00,0.00,0.00,40.45
20:15:33,11,41.57,0.00,14.61,0.00,0.00,3.37,0.00,0.00,0.00,40.45
20:15:34,all,41.11,0.00,15.19,0.00,0.00,4.47,0.00,0.00,0.00,39.23
20:15:34,0,40.00,0.00,20.00,0.00,0.00,5.56,0.00,0.00,0.00,34.44
20:15:34,1,39.56,0.00,23.08,0.00,0.00,5.49,0.00,0.00,0.00,31.87
20:15:34,2,40.00,0.00,21.11,0.00,0.00,5.56,0.00,0.00,0.00,33.33
20:15:34,3,38.64,0.00,20.45,0.00,0.00,5.68,0.00,0.00,0.00,35.23
20:15:34,4,41.57,0.00,17.98,0.00,0.00,4.49,0.00,0.00,0.00,35.96
20:15:34,5,36.84,0.00,11.58,0.00,0.00,5.26,0.00,0.00,0.00,46.32
20:15:34,6,42.27,0.00,12.37,0.00,0.00,3.09,0.00,0.00,0.00,42.27
20:15:34,7,41.24,0.00,12.37,0.00,0.00,4.12,0.00,0.00,0.00,42.27
20:15:34,8,40.82,0.00,11.22,0.00,0.00,4.08,0.00,0.00,0.00,43.88
20:15:34,9,44.09,0.00,9.68,0.00,0.00,3.23,0.00,0.00,0.00,43.01
20:15:34,10,43.75,0.00,10.42,0.00,0.00,4.17,0.00,0.00,0.00,41.67
20:15:34,11,44.21,0.00,13.68,0.00,0.00,3.16,0.00,0.00,0.00,38.95
20:15:35,all,40.81,0.00,14.86,0.00,0.00,4.41,0.00,0.00,0.00,39.91
20:15:35,0,43.18,0.00,17.05,0.00,0.00,5.68,0.00,0.00,0.00,34.09
20:15:35,1,40.91,0.00,20.45,0.00,0.00,5.68,0.00,0.00,0.00,32.95
20:15:35,2,38.89,0.00,22.22,0.00,0.00,4.44,0.00,0.00,0.00,34.44
20:15:35,3,38.04,0.00,21.74,0.00,0.00,6.52,0.00,0.00,0.00,33.70
20:15:35,4,35.96,0.00,21.35,0.00,0.00,5.62,0.00,0.00,0.00,37.08
20:15:35,5,41.24,0.00,11.34,0.00,0.00,3.09,0.00,0.00,0.00,44.33
20:15:35,6,40.86,0.00,10.75,0.00,0.00,3.23,0.00,0.00,0.00,45.16
20:15:35,7,38.95,0.00,12.63,0.00,0.00,4.21,0.00,0.00,0.00,44.21
20:15:35,8,40.62,0.00,10.42,0.00,0.00,5.21,0.00,0.00,0.00,43.75
20:15:35,9,43.16,0.00,10.53,0.00,0.00,3.16,0.00,0.00,0.00,43.16
20:15:35,10,44.09,0.00,10.75,0.00,0.00,2.15,0.00,0.00,0.00,43.01
20:15:35,11,43.62,0.00,10.64,0.00,0.00,4.26,0.00,0.00,0.00,41.49
20:15:36,all,42.32,0.00,15.36,0.00,0.00,4.40,0.00,0.00,0.00,37.92
20:15:36,0,42.86,0.00,21.98,0.00,0.00,5.49,0.00,0.00,0.00,29.67
20:15:36,1,40.91,0.00,20.45,0.00,0.00,4.55,0.00,0.00,0.00,34.09
20:15:36,2,39.56,0.00,21.98,0.00,0.00,5.49,0.00,0.00,0.00,32.97
20:15:36,3,40.45,0.00,21.35,0.00,0.00,4.49,0.00,0.00,0.00,33.71
20:15:36,4,41.30,0.00,19.57,0.00,0.00,5.43,0.00,0.00,0.00,33.70
20:15:36,5,40.00,0.00,12.63,0.00,0.00,4.21,0.00,0.00,0.00,43.16
20:15:36,6,43.16,0.00,12.63,0.00,0.00,5.26,0.00,0.00,0.00,38.95
20:15:36,7,43.75,0.00,10.42,0.00,0.00,5.21,0.00,0.00,0.00,40.62
20:15:36,8,43.48,0.00,8.70,0.00,0.00,3.26,0.00,0.00,0.00,44.57
20:15:36,9,41.84,0.00,14.29,0.00,0.00,3.06,0.00,0.00,0.00,40.82
20:15:36,10,45.74,0.00,11.70,0.00,0.00,3.19,0.00,0.00,0.00,39.36
20:15:36,11,44.57,0.00,9.78,0.00,0.00,3.26,0.00,0.00,0.00,42.39
20:15:37,all,43.14,0.00,16.49,0.00,0.00,5.08,0.00,0.00,0.00,35.29
20:15:37,0,41.76,0.00,20.88,0.00,0.00,6.59,0.00,0.00,0.00,30.77
20:15:37,1,42.70,0.00,21.35,0.00,0.00,5.62,0.00,0.00,0.00,30.34
20:15:37,2,42.70,0.00,21.35,0.00,0.00,6.74,0.00,0.00,0.00,29.21
20:15:37,3,42.22,0.00,22.22,0.00,0.00,5.56,0.00,0.00,0.00,30.00
20:15:37,4,41.76,0.00,21.98,0.00,0.00,6.59,0.00,0.00,0.00,29.67
20:15:37,5,42.27,0.00,14.43,0.00,0.00,4.12,0.00,0.00,0.00,39.18
20:15:37,6,42.86,0.00,14.29,0.00,0.00,3.06,0.00,0.00,0.00,39.80
20:15:37,7,43.75,0.00,14.58,0.00,0.00,3.12,0.00,0.00,0.00,38.54
20:15:37,8,42.86,0.00,13.27,0.00,0.00,5.10,0.00,0.00,0.00,38.78
20:15:37,9,44.33,0.00,12.37,0.00,0.00,6.19,0.00,0.00,0.00,37.11
20:15:37,10,43.01,0.00,11.83,0.00,0.00,4.30,0.00,0.00,0.00,40.86
20:15:37,11,47.31,0.00,10.75,0.00,0.00,4.30,0.00,0.00,0.00,37.63
20:15:38,all,40.47,0.00,15.74,0.00,0.00,4.50,0.00,0.00,0.00,39.30
20:15:38,0,42.11,0.00,23.16,0.00,0.00,4.21,0.00,0.00,0.00,30.53
20:15:38,1,38.20,0.00,23.60,0.00,0.00,4.49,0.00,0.00,0.00,33.71
20:15:38,2,38.89,0.00,21.11,0.00,0.00,5.56,0.00,0.00,0.00,34.44
20:15:38,3,37.50,0.00,21.59,0.00,0.00,5.68,0.00,0.00,0.00,35.23
20:15:38,4,38.71,0.00,22.58,0.00,0.00,6.45,0.00,0.00,0.00,32.26
20:15:38,5,38.04,0.00,10.87,0.00,0.00,3.26,0.00,0.00,0.00,47.83
20:15:38,6,42.11,0.00,10.53,0.00,0.00,4.21,0.00,0.00,0.00,43.16
20:15:38,7,42.11,0.00,10.53,0.00,0.00,4.21,0.00,0.00,0.00,43.16
20:15:38,8,39.36,0.00,9.57,0.00,0.00,4.26,0.00,0.00,0.00,46.81
20:15:38,9,41.67,0.00,12.50,0.00,0.00,4.17,0.00,0.00,0.00,41.67
20:15:38,10,45.05,0.00,10.99,0.00,0.00,2.20,0.00,0.00,0.00,41.76
20:15:38,11,41.49,0.00,12.77,0.00,0.00,5.32,0.00,0.00,0.00,40.43
20:15:39,all,40.55,0.00,15.53,0.00,0.00,4.61,0.00,0.00,0.00,39.31
20:15:39,0,40.00,0.00,18.89,0.00,0.00,6.67,0.00,0.00,0.00,34.44
20:15:39,1,38.04,0.00,22.83,0.00,0.00,5.43,0.00,0.00,0.00,33.70
20:15:39,2,40.22,0.00,19.57,0.00,0.00,5.43,0.00,0.00,0.00,34.78
20:15:39,3,38.46,0.00,21.98,0.00,0.00,5.49,0.00,0.00,0.00,34.07
20:15:39,4,37.36,0.00,20.88,0.00,0.00,5.49,0.00,0.00,0.00,36.26
20:15:39,5,39.18,0.00,12.37,0.00,0.00,4.12,0.00,0.00,0.00,44.33
20:15:39,6,42.27,0.00,10.31,0.00,0.00,4.12,0.00,0.00,0.00,43.30
20:15:39,7,37.50,0.00,14.58,0.00,0.00,4.17,0.00,0.00,0.00,43.75
20:15:39,8,41.67,0.00,11.46,0.00,0.00,3.12,0.00,0.00,0.00,43.75
20:15:39,9,41.84,0.00,14.29,0.00,0.00,4.08,0.00,0.00,0.00,39.80
20:15:39,10,44.21,0.00,10.53,0.00,0.00,4.21,0.00,0.00,0.00,41.05
20:15:39,11,45.65,0.00,9.78,0.00,0.00,3.26,0.00,0.00,0.00,41.30
20:15:40,all,41.88,0.00,14.60,0.00,0.00,4.38,0.00,0.00,0.00,39.14
20:15:40,0,40.70,0.00,18.60,0.00,0.00,4.65,0.00,0.00,0.00,36.05
20:15:40,1,41.86,0.00,20.93,0.00,0.00,3.49,0.00,0.00,0.00,33.72
20:15:40,2,37.93,0.00,20.69,0.00,0.00,6.90,0.00,0.00,0.00,34.48
20:15:40,3,39.08,0.00,22.99,0.00,0.00,4.60,0.00,0.00,0.00,33.33
20:15:40,4,39.77,0.00,19.32,0.00,0.00,6.82,0.00,0.00,0.00,34.09
20:15:40,5,41.05,0.00,11.58,0.00,0.00,3.16,0.00,0.00,0.00,44.21
20:15:40,6,41.30,0.00,11.96,0.00,0.00,3.26,0.00,0.00,0.00,43.48
20:15:40,7,42.11,0.00,10.53,0.00,0.00,4.21,0.00,0.00,0.00,43.16
20:15:40,8,41.49,0.00,11.70,0.00,0.00,3.19,0.00,0.00,0.00,43.62
20:15:40,9,44.44,0.00,12.12,0.00,0.00,4.04,0.00,0.00,0.00,39.39
20:15:40,10,46.24,0.00,7.53,0.00,0.00,4.30,0.00,0.00,0.00,41.94
20:15:40,11,45.74,0.00,9.57,0.00,0.00,4.26,0.00,0.00,0.00,40.43
20:15:41,all,41.00,0.00,15.31,0.00,0.00,4.83,0.00,0.00,0.00,38.85
20:15:41,0,40.66,0.00,21.98,0.00,0.00,6.59,0.00,0.00,0.00,30.77
20:15:41,1,39.78,0.00,22.58,0.00,0.00,6.45,0.00,0.00,0.00,31.18
20:15:41,2,40.45,0.00,19.10,0.00,0.00,6.74,0.00,0.00,0.00,33.71
20:15:41,3,38.04,0.00,21.74,0.00,0.00,6.52,0.00,0.00,0.00,33.70
20:15:41,4,40.22,0.00,20.65,0.00,0.00,5.43,0.00,0.00,0.00,33.70
20:15:41,5,37.89,0.00,12.63,0.00,0.00,4.21,0.00,0.00,0.00,45.26
20:15:41,6,40.43,0.00,11.70,0.00,0.00,4.26,0.00,0.00,0.00,43.62
20:15:41,7,41.67,0.00,12.50,0.00,0.00,3.12,0.00,0.00,0.00,42.71
20:15:41,8,41.49,0.00,9.57,0.00,0.00,3.19,0.00,0.00,0.00,45.74
20:15:41,9,42.11,0.00,11.58,0.00,0.00,4.21,0.00,0.00,0.00,42.11
20:15:41,10,44.09,0.00,10.75,0.00,0.00,3.23,0.00,0.00,0.00,41.94
20:15:41,11,45.16,0.00,9.68,0.00,0.00,4.30,0.00,0.00,0.00,40.86
20:15:42,all,41.89,0.00,15.32,0.00,0.00,4.53,0.00,0.00,0.00,38.26
20:15:42,0,40.45,0.00,22.47,0.00,0.00,5.62,0.00,0.00,0.00,31.46
20:15:42,1,40.00,0.00,21.11,0.00,0.00,6.67,0.00,0.00,0.00,32.22
20:15:42,2,37.93,0.00,20.69,0.00,0.00,6.90,0.00,0.00,0.00,34.48
20:15:42,3,37.93,0.00,19.54,0.00,0.00,8.05,0.00,0.00,0.00,34.48
20:15:42,4,39.08,0.00,21.84,0.00,0.00,5.75,0.00,0.00,0.00,33.33
20:15:42,5,40.00,0.00,12.63,0.00,0.00,3.16,0.00,0.00,0.00,44.21
20:15:42,6,44.44,0.00,13.13,0.00,0.00,3.03,0.00,0.00,0.00,39.39
20:15:42,7,44.57,0.00,10.87,0.00,0.00,3.26,0.00,0.00,0.00,41.30
20:15:42,8,40.21,0.00,12.37,0.00,0.00,3.09,0.00,0.00,0.00,44.33
20:15:42,9,46.39,0.00,11.34,0.00,0.00,3.09,0.00,0.00,0.00,39.18
20:15:42,10,46.24,0.00,9.68,0.00,0.00,3.23,0.00,0.00,0.00,40.86
20:15:42,11,44.44,0.00,10.00,0.00,0.00,3.33,0.00,0.00,0.00,42.22
20:15:43,all,40.18,0.00,15.54,0.00,0.00,4.82,0.00,0.00,0.00,39.46
20:15:43,0,40.45,0.00,17.98,0.00,0.00,6.74,0.00,0.00,0.00,34.83
20:15:43,1,40.00,0.00,21.11,0.00,0.00,5.56,0.00,0.00,0.00,33.33
20:15:43,2,36.26,0.00,20.88,0.00,0.00,6.59,0.00,0.00,0.00,36.26
20:15:43,3,39.78,0.00,20.43,0.00,0.00,5.38,0.00,0.00,0.00,34.41
20:15:43,4,40.22,0.00,19.57,0.00,0.00,5.43,0.00,0.00,0.00,34.78
20:15:43,5,35.79,0.00,12.63,0.00,0.00,5.26,0.00,0.00,0.00,46.32
20:15:43,6,41.67,0.00,12.50,0.00,0.00,3.12,0.00,0.00,0.00,42.71
20:15:43,7,39.58,0.00,12.50,0.00,0.00,4.17,0.00,0.00,0.00,43.75
20:15:43,8,41.24,0.00,12.37,0.00,0.00,4.12,0.00,0.00,0.00,42.27
20:15:43,9,38.54,0.00,15.62,0.00,0.00,3.12,0.00,0.00,0.00,42.71
20:15:43,10,45.16,0.00,9.68,0.00,0.00,4.30,0.00,0.00,0.00,40.86
20:15:43,11,43.48,0.00,11.96,0.00,0.00,4.35,0.00,0.00,0.00,40.22
20:15:44,all,41.50,0.00,15.56,0.00,0.00,4.47,0.00,0.00,0.00,38.46
20:15:44,0,41.94,0.00,21.51,0.00,0.00,5.38,0.00,0.00,0.00,31.18
20:15:44,1,42.22,0.00,20.00,0.00,0.00,5.56,0.00,0.00,0.00,32.22
20:15:44,2,40.45,0.00,21.35,0.00,0.00,4.49,0.00,0.00,0.00,33.71
20:15:44,3,39.33,0.00,22.47,0.00,0.00,5.62,0.00,0.00,0.00,32.58
20:15:44,4,38.89,0.00,22.22,0.00,0.00,4.44,0.00,0.00,0.00,34.44
20:15:44,5,37.89,0.00,12.63,0.00,0.00,3.16,0.00,0.00,0.00,46.32
20:15:44,6,41.49,0.00,9.57,0.00,0.00,4.26,0.00,0.00,0.00,44.68
20:15:44,7,41.84,0.00,11.22,0.00,0.00,5.10,0.00,0.00,0.00,41.84
20:15:44,8,40.86,0.00,11.83,0.00,0.00,3.23,0.00,0.00,0.00,44.09
20:15:44,9,44.21,0.00,12.63,0.00,0.00,4.21,0.00,0.00,0.00,38.95
20:15:44,10,44.33,0.00,12.37,0.00,0.00,4.12,0.00,0.00,0.00,39.18
20:15:44,11,44.21,0.00,10.53,0.00,0.00,4.21,0.00,0.00,0.00,41.05
20:15:45,all,40.59,0.00,14.96,0.00,0.00,4.84,0.00,0.00,0.00,39.61
20:15:45,0,44.21,0.00,17.89,0.00,0.00,5.26,0.00,0.00,0.00,32.63
20:15:45,1,41.94,0.00,19.35,0.00,0.00,5.38,0.00,0.00,0.00,33.33
20:15:45,2,39.78,0.00,19.35,0.00,0.00,6.45,0.00,0.00,0.00,34.41
20:15:45,3,39.13,0.00,20.65,0.00,0.00,5.43,0.00,0.00,0.00,34.78
20:15:45,4,38.04,0.00,20.65,0.00,0.00,7.61,0.00,0.00,0.00,33.70
20:15:45,5,35.11,0.00,11.70,0.00,0.00,5.32,0.00,0.00,0.00,47.87
20:15:45,6,38.71,0.00,13.98,0.00,0.00,4.30,0.00,0.00,0.00,43.01
20:15:45,7,40.22,0.00,10.87,0.00,0.00,4.35,0.00,0.00,0.00,44.57
20:15:45,8,38.46,0.00,10.99,0.00,0.00,3.30,0.00,0.00,0.00,47.25
20:15:45,9,40.86,0.00,11.83,0.00,0.00,4.30,0.00,0.00,0.00,43.01
20:15:45,10,44.68,0.00,11.70,0.00,0.00,3.19,0.00,0.00,0.00,40.43
20:15:45,11,45.74,0.00,10.64,0.00,0.00,3.19,0.00,0.00,0.00,40.43
20:15:46,all,41.70,0.00,15.52,0.27,0.00,4.93,0.00,0.00,0.00,37.58
20:15:46,0,42.05,0.00,20.45,0.00,0.00,6.82,0.00,0.00,0.00,30.68
20:15:46,1,42.39,0.00,19.57,0.00,0.00,5.43,0.00,0.00,0.00,32.61
20:15:46,2,40.66,0.00,20.88,0.00,0.00,6.59,0.00,0.00,0.00,31.87
20:15:46,3,39.56,0.00,24.18,0.00,0.00,5.49,0.00,0.00,0.00,30.77
20:15:46,4,40.66,0.00,20.88,0.00,0.00,5.49,0.00,0.00,0.00,32.97
20:15:46,5,41.05,0.00,10.53,1.05,0.00,4.21,0.00,0.00,0.00,43.16
20:15:46,6,40.21,0.00,11.34,1.03,0.00,5.15,0.00,0.00,0.00,42.27
20:15:46,7,43.30,0.00,12.37,0.00,0.00,4.12,0.00,0.00,0.00,40.21
20:15:46,8,37.89,0.00,12.63,1.05,0.00,5.26,0.00,0.00,0.00,43.16
20:15:46,9,42.55,0.00,12.77,0.00,0.00,4.26,0.00,0.00,0.00,40.43
20:15:46,10,46.24,0.00,9.68,0.00,0.00,3.23,0.00,0.00,0.00,40.86
20:15:46,11,43.96,0.00,12.09,0.00,0.00,3.30,0.00,0.00,0.00,40.66
20:15:47,all,43.24,0.00,17.08,0.00,0.00,4.89,0.00,0.00,0.00,34.79
20:15:47,0,42.86,0.00,21.98,0.00,0.00,6.59,0.00,0.00,0.00,28.57
20:15:47,1,41.30,0.00,21.74,0.00,0.00,6.52,0.00,0.00,0.00,30.43
20:15:47,2,42.39,0.00,22.83,0.00,0.00,5.43,0.00,0.00,0.00,29.35
20:15:47,3,42.22,0.00,23.33,0.00,0.00,6.67,0.00,0.00,0.00,27.78
20:15:47,4,42.39,0.00,22.83,0.00,0.00,5.43,0.00,0.00,0.00,29.35
20:15:47,5,42.00,0.00,15.00,0.00,0.00,5.00,0.00,0.00,0.00,38.00
20:15:47,6,44.21,0.00,12.63,0.00,0.00,4.21,0.00,0.00,0.00,38.95
20:15:47,7,42.55,0.00,12.77,0.00,0.00,4.26,0.00,0.00,0.00,40.43
20:15:47,8,40.00,0.00,14.74,0.00,0.00,3.16,0.00,0.00,0.00,42.11
20:15:47,9,44.21,0.00,14.74,0.00,0.00,4.21,0.00,0.00,0.00,36.84
20:15:47,10,47.87,0.00,10.64,0.00,0.00,4.26,0.00,0.00,0.00,37.23
20:15:47,11,46.81,0.00,12.77,0.00,0.00,3.19,0.00,0.00,0.00,37.23
20:15:48,all,40.50,0.00,15.17,0.00,0.00,4.91,0.00,0.00,0.00,39.43
20:15:48,0,38.46,0.00,19.78,0.00,0.00,7.69,0.00,0.00,0.00,34.07
20:15:48,1,38.46,0.00,21.98,0.00,0.00,5.49,0.00,0.00,0.00,34.07
20:15:48,2,40.43,0.00,19.15,0.00,0.00,6.38,0.00,0.00,0.00,34.04
20:15:48,3,36.96,0.00,21.74,0.00,0.00,6.52,0.00,0.00,0.00,34.78
20:15:48,4,36.26,0.00,21.98,0.00,0.00,6.59,0.00,0.00,0.00,35.16
20:15:48,5,39.36,0.00,8.51,0.00,0.00,5.32,0.00,0.00,0.00,46.81
20:15:48,6,40.21,0.00,13.40,0.00,0.00,4.12,0.00,0.00,0.00,42.27
20:15:48,7,41.67,0.00,12.50,0.00,0.00,3.12,0.00,0.00,0.00,42.71
20:15:48,8,37.89,0.00,12.63,0.00,0.00,4.21,0.00,0.00,0.00,45.26
20:15:48,9,45.65,0.00,8.70,0.00,0.00,3.26,0.00,0.00,0.00,42.39
20:15:48,10,45.83,0.00,11.46,0.00,0.00,3.12,0.00,0.00,0.00,39.58
20:15:48,11,44.57,0.00,10.87,0.00,0.00,3.26,0.00,0.00,0.00,41.30
20:15:49,all,41.41,0.00,14.31,0.00,0.00,4.92,0.00,0.00,0.00,39.36
20:15:49,0,37.63,0.00,21.51,0.00,0.00,7.53,0.00,0.00,0.00,33.33
20:15:49,1,40.00,0.00,22.22,0.00,0.00,5.56,0.00,0.00,0.00,32.22
20:15:49,2,40.43,0.00,21.28,0.00,0.00,5.32,0.00,0.00,0.00,32.98
20:15:49,3,40.00,0.00,20.00,0.00,0.00,4.44,0.00,0.00,0.00,35.56
20:15:49,4,39.33,0.00,20.22,0.00,0.00,5.62,0.00,0.00,0.00,34.83
20:15:49,5,39.18,0.00,11.34,0.00,0.00,4.12,0.00,0.00,0.00,45.36
20:15:49,6,40.62,0.00,11.46,0.00,0.00,4.17,0.00,0.00,0.00,43.75
20:15:49,7,42.11,0.00,9.47,0.00,0.00,5.26,0.00,0.00,0.00,43.16
20:15:49,8,41.49,0.00,8.51,0.00,0.00,4.26,0.00,0.00,0.00,45.74
20:15:49,9,43.30,0.00,10.31,0.00,0.00,6.19,0.00,0.00,0.00,40.21
20:15:49,10,46.74,0.00,7.61,0.00,0.00,3.26,0.00,0.00,0.00,42.39
20:15:49,11,46.15,0.00,8.79,0.00,0.00,3.30,0.00,0.00,0.00,41.76
20:15:50,all,40.04,0.00,16.16,0.00,0.00,4.85,0.00,0.00,0.00,38.96
20:15:50,0,39.33,0.00,22.47,0.00,0.00,5.62,0.00,0.00,0.00,32.58
20:15:50,1,38.46,0.00,21.98,0.00,0.00,6.59,0.00,0.00,0.00,32.97
20:15:50,2,38.20,0.00,22.47,0.00,0.00,5.62,0.00,0.00,0.00,33.71
20:15:50,3,36.36,0.00,25.00,0.00,0.00,4.55,0.00,0.00,0.00,34.09
20:15:50,4,38.89,0.00,22.22,0.00,0.00,5.56,0.00,0.00,0.00,33.33
20:15:50,5,37.50,0.00,11.46,0.00,0.00,5.21,0.00,0.00,0.00,45.83
20:15:50,6,42.11,0.00,11.58,0.00,0.00,4.21,0.00,0.00,0.00,42.11
20:15:50,7,41.67,0.00,12.50,0.00,0.00,4.17,0.00,0.00,0.00,41.67
20:15:50,8,37.89,0.00,12.63,0.00,0.00,4.21,0.00,0.00,0.00,45.26
20:15:50,9,41.05,0.00,12.63,0.00,0.00,4.21,0.00,0.00,0.00,42.11
20:15:50,10,41.49,0.00,12.77,0.00,0.00,5.32,0.00,0.00,0.00,40.43
20:15:50,11,46.88,0.00,8.33,0.00,0.00,3.12,0.00,0.00,0.00,41.67
20:15:51,all,41.13,0.00,15.96,0.00,0.00,4.34,0.00,0.00,0.00,38.56
20:15:51,0,41.76,0.00,20.88,0.00,0.00,5.49,0.00,0.00,0.00,31.87
20:15:51,1,41.76,0.00,19.78,0.00,0.00,5.49,0.00,0.00,0.00,32.97
20:15:51,2,35.56,0.00,22.22,0.00,0.00,6.67,0.00,0.00,0.00,35.56
20:15:51,3,38.71,0.00,21.51,0.00,0.00,5.38,0.00,0.00,0.00,34.41
20:15:51,4,35.96,0.00,23.60,0.00,0.00,5.62,0.00,0.00,0.00,34.83
20:15:51,5,40.62,0.00,12.50,0.00,0.00,3.12,0.00,0.00,0.00,43.75
20:15:51,6,39.58,0.00,12.50,0.00,0.00,4.17,0.00,0.00,0.00,43.75
20:15:51,7,43.75,0.00,11.46,0.00,0.00,3.12,0.00,0.00,0.00,41.67
20:15:51,8,41.67,0.00,11.46,0.00,0.00,4.17,0.00,0.00,0.00,42.71
20:15:51,9,43.30,0.00,12.37,0.00,0.00,3.09,0.00,0.00,0.00,41.24
20:15:51,10,43.75,0.00,12.50,0.00,0.00,3.12,0.00,0.00,0.00,40.62
20:15:51,11,46.39,0.00,12.37,0.00,0.00,3.09,0.00,0.00,0.00,38.14
20:15:52,all,42.07,0.00,15.23,0.18,0.00,4.87,0.00,0.00,0.00,37.64
20:15:52,0,41.94,0.00,21.51,0.00,0.00,5.38,0.00,0.00,0.00,31.18
20:15:52,1,40.22,0.00,20.65,0.00,0.00,6.52,0.00,0.00,0.00,32.61
20:15:52,2,41.30,0.00,19.57,0.00,0.00,5.43,0.00,0.00,0.00,33.70
20:15:52,3,41.76,0.00,19.78,0.00,0.00,7.69,0.00,0.00,0.00,30.77
20:15:52,4,40.66,0.00,19.78,0.00,0.00,5.49,0.00,0.00,0.00,34.07
20:15:52,5,42.11,0.00,10.53,0.00,0.00,4.21,0.00,0.00,0.00,43.16
20:15:52,6,41.67,0.00,10.42,0.00,0.00,4.17,0.00,0.00,0.00,43.75
20:15:52,7,41.84,0.00,13.27,1.02,0.00,4.08,0.00,0.00,0.00,39.80
20:15:52,8,40.62,0.00,11.46,0.00,0.00,4.17,0.00,0.00,0.00,43.75
20:15:52,9,43.88,0.00,13.27,0.00,0.00,4.08,0.00,0.00,0.00,38.78
20:15:52,10,45.16,0.00,10.75,0.00,0.00,3.23,0.00,0.00,0.00,40.86
20:15:52,11,43.62,0.00,12.77,1.06,0.00,4.26,0.00,0.00,0.00,38.30
20:15:53,all,41.52,0.00,14.98,0.00,0.00,4.48,0.00,0.00,0.00,39.01
20:15:53,0,36.67,0.00,22.22,0.00,0.00,6.67,0.00,0.00,0.00,34.44
20:15:53,1,40.66,0.00,19.78,0.00,0.00,5.49,0.00,0.00,0.00,34.07
20:15:53,2,41.57,0.00,16.85,0.00,0.00,6.74,0.00,0.00,0.00,34.83
20:15:53,3,38.46,0.00,23.08,0.00,0.00,3.30,0.00,0.00,0.00,35.16
20:15:53,4,40.66,0.00,21.98,0.00,0.00,4.40,0.00,0.00,0.00,32.97
20:15:53,5,37.76,0.00,12.24,0.00,0.00,4.08,0.00,0.00,0.00,45.92
20:15:53,6,44.09,0.00,9.68,0.00,0.00,3.23,0.00,0.00,0.00,43.01
20:15:53,7,41.49,0.00,11.70,0.00,0.00,4.26,0.00,0.00,0.00,42.55
20:15:53,8,42.55,0.00,10.64,0.00,0.00,4.26,0.00,0.00,0.00,42.55
20:15:53,9,43.88,0.00,12.24,0.00,0.00,3.06,0.00,0.00,0.00,40.82
20:15:53,10,46.32,0.00,9.47,0.00,0.00,5.26,0.00,0.00,0.00,38.95
20:15:53,11,43.96,0.00,10.99,0.00,0.00,3.30,0.00,0.00,0.00,41.76
20:15:54,all,40.66,0.00,16.47,0.00,0.00,4.96,0.00,0.00,0.00,37.91
20:15:54,0,42.86,0.00,20.88,0.00,0.00,5.49,0.00,0.00,0.00,30.77
20:15:54,1,40.00,0.00,23.16,0.00,0.00,6.32,0.00,0.00,0.00,30.53
20:15:54,2,38.30,0.00,22.34,0.00,0.00,6.38,0.00,0.00,0.00,32.98
20:15:54,3,39.78,0.00,21.51,0.00,0.00,5.38,0.00,0.00,0.00,33.33
20:15:54,4,40.86,0.00,20.43,0.00,0.00,6.45,0.00,0.00,0.00,32.26
20:15:54,5,34.74,0.00,14.74,0.00,0.00,5.26,0.00,0.00,0.00,45.26
20:15:54,6,42.27,0.00,13.40,0.00,0.00,4.12,0.00,0.00,0.00,40.21
20:15:54,7,39.58,0.00,12.50,0.00,0.00,6.25,0.00,0.00,0.00,41.67
20:15:54,8,39.18,0.00,13.40,0.00,0.00,3.09,0.00,0.00,0.00,44.33
20:15:54,9,41.05,0.00,13.68,0.00,0.00,4.21,0.00,0.00,0.00,41.05
20:15:54,10,45.16,0.00,10.75,0.00,0.00,3.23,0.00,0.00,0.00,40.86
20:15:54,11,44.44,0.00,11.11,0.00,0.00,3.33,0.00,0.00,0.00,41.11
20:15:55,all,40.89,0.00,14.73,0.00,0.00,5.00,0.00,0.00,0.00,39.38
20:15:55,0,37.50,0.00,20.45,0.00,0.00,6.82,0.00,0.00,0.00,35.23
20:15:55,1,38.46,0.00,21.98,0.00,0.00,5.49,0.00,0.00,0.00,34.07
20:15:55,2,40.00,0.00,18.89,0.00,0.00,6.67,0.00,0.00,0.00,34.44
20:15:55,3,39.33,0.00,20.22,0.00,0.00,4.49,0.00,0.00,0.00,35.96
20:15:55,4,36.36,0.00,21.59,0.00,0.00,5.68,0.00,0.00,0.00,36.36
20:15:55,5,41.24,0.00,11.34,0.00,0.00,4.12,0.00,0.00,0.00,43.30
20:15:55,6,42.11,0.00,11.58,0.00,0.00,4.21,0.00,0.00,0.00,42.11
20:15:55,7,42.86,0.00,10.20,0.00,0.00,4.08,0.00,0.00,0.00,42.86
20:15:55,8,41.24,0.00,11.34,0.00,0.00,3.09,0.00,0.00,0.00,44.33
20:15:55,9,43.88,0.00,10.20,0.00,0.00,6.12,0.00,0.00,0.00,39.80
20:15:55,10,41.49,0.00,9.57,0.00,0.00,6.38,0.00,0.00,0.00,42.55
20:15:55,11,45.26,0.00,11.58,0.00,0.00,3.16,0.00,0.00,0.00,40.00
20:15:56,all,41.91,0.00,15.65,0.00,0.00,4.59,0.00,0.00,0.00,37.86
20:15:56,0,42.70,0.00,20.22,0.00,0.00,5.62,0.00,0.00,0.00,31.46
20:15:56,1,43.48,0.00,21.74,0.00,0.00,4.35,0.00,0.00,0.00,30.43
20:15:56,2,37.78,0.00,22.22,0.00,0.00,5.56,0.00,0.00,0.00,34.44
20:15:56,3,42.86,0.00,21.98,0.00,0.00,5.49,0.00,0.00,0.00,29.67
20:15:56,4,39.33,0.00,21.35,0.00,0.00,6.74,0.00,0.00,0.00,32.58
20:15:56,5,40.00,0.00,12.63,0.00,0.00,3.16,0.00,0.00,0.00,44.21
20:15:56,6,43.16,0.00,10.53,0.00,0.00,4.21,0.00,0.00,0.00,42.11
20:15:56,7,41.49,0.00,11.70,0.00,0.00,5.32,0.00,0.00,0.00,41.49
20:15:56,8,38.95,0.00,11.58,0.00,0.00,5.26,0.00,0.00,0.00,44.21
20:15:56,9,44.68,0.00,12.77,0.00,0.00,3.19,0.00,0.00,0.00,39.36
20:15:56,10,43.62,0.00,11.70,0.00,0.00,3.19,0.00,0.00,0.00,41.49
20:15:56,11,44.68,0.00,10.64,0.00,0.00,3.19,0.00,0.00,0.00,41.49
20:15:57,all,43.57,0.00,16.99,0.00,0.00,4.58,0.00,0.00,0.00,34.86
20:15:57,0,46.74,0.00,20.65,0.00,0.00,6.52,0.00,0.00,0.00,26.09
20:15:57,1,42.86,0.00,21.98,0.00,0.00,5.49,0.00,0.00,0.00,29.67
20:15:57,2,40.86,0.00,24.73,0.00,0.00,5.38,0.00,0.00,0.00,29.03
20:15:57,3,43.48,0.00,21.74,0.00,0.00,6.52,0.00,0.00,0.00,28.26
20:15:57,4,41.94,0.00,23.66,0.00,0.00,5.38,0.00,0.00,0.00,29.03
20:15:57,5,42.71,0.00,13.54,0.00,0.00,5.21,0.00,0.00,0.00,38.54
20:15:57,6,45.36,0.00,13.40,0.00,0.00,3.09,0.00,0.00,0.00,38.14
20:15:57,7,40.21,0.00,14.43,0.00,0.00,3.09,0.00,0.00,0.00,42.27
20:15:57,8,39.36,0.00,11.70,0.00,0.00,3.19,0.00,0.00,0.00,45.74
20:15:57,9,45.36,0.00,13.40,0.00,0.00,4.12,0.00,0.00,0.00,37.11
20:15:57,10,46.88,0.00,13.54,0.00,0.00,3.12,0.00,0.00,0.00,36.46
20:15:57,11,46.94,0.00,12.24,0.00,0.00,4.08,0.00,0.00,0.00,36.73
20:15:58,all,41.96,0.00,14.20,0.00,0.00,4.58,0.00,0.00,0.00,39.26
20:15:58,0,38.20,0.00,21.35,0.00,0.00,6.74,0.00,0.00,0.00,33.71
20:15:58,1,40.00,0.00,20.00,0.00,0.00,6.67,0.00,0.00,0.00,33.33
20:15:58,2,39.56,0.00,19.78,0.00,0.00,5.49,0.00,0.00,0.00,35.16
20:15:58,3,41.57,0.00,17.98,0.00,0.00,5.62,0.00,0.00,0.00,34.83
20:15:58,4,38.64,0.00,20.45,0.00,0.00,5.68,0.00,0.00,0.00,35.23
20:15:58,5,43.30,0.00,9.28,0.00,0.00,3.09,0.00,0.00,0.00,44.33
20:15:58,6,40.82,0.00,13.27,0.00,0.00,5.10,0.00,0.00,0.00,40.82
20:15:58,7,44.21,0.00,10.53,0.00,0.00,3.16,0.00,0.00,0.00,42.11
20:15:58,8,38.30,0.00,9.57,0.00,0.00,5.32,0.00,0.00,0.00,46.81
20:15:58,9,43.62,0.00,10.64,0.00,0.00,3.19,0.00,0.00,0.00,42.55
20:15:58,10,47.31,0.00,8.60,0.00,0.00,3.23,0.00,0.00,0.00,40.86
20:15:58,11,47.37,0.00,10.53,0.00,0.00,2.11,0.00,0.00,0.00,40.00
20:15:59,all,40.32,0.00,15.41,0.00,0.00,4.93,0.00,0.00,0.00,39.34
20:15:59,0,38.04,0.00,23.91,0.00,0.00,6.52,0.00,0.00,0.00,31.52
20:15:59,1,40.91,0.00,20.45,0.00,0.00,3.41,0.00,0.00,0.00,35.23
20:15:59,2,39.56,0.00,20.88,0.00,0.00,5.49,0.00,0.00,0.00,34.07
20:15:59,3,41.30,0.00,18.48,0.00,0.00,6.52,0.00,0.00,0.00,33.70
20:15:59,4,37.08,0.00,21.35,0.00,0.00,5.62,0.00,0.00,0.00,35.96
20:15:59,5,40.00,0.00,10.53,0.00,0.00,5.26,0.00,0.00,0.00,44.21
20:15:59,6,40.62,0.00,10.42,0.00,0.00,5.21,0.00,0.00,0.00,43.75
20:15:59,7,40.43,0.00,10.64,0.00,0.00,5.32,0.00,0.00,0.00,43.62
20:15:59,8,38.78,0.00,13.27,0.00,0.00,4.08,0.00,0.00,0.00,43.88
20:15:59,9,41.24,0.00,13.40,0.00,0.00,4.12,0.00,0.00,0.00,41.24
20:15:59,10,42.55,0.00,10.64,0.00,0.00,3.19,0.00,0.00,0.00,43.62
20:15:59,11,43.33,0.00,12.22,0.00,0.00,4.44,0.00,0.00,0.00,40.00
20:16:00,all,41.49,0.00,15.05,0.00,0.00,4.66,0.00,0.00,0.00,38.80
20:16:00,0,42.22,0.00,20.00,0.00,0.00,6.67,0.00,0.00,0.00,31.11
20:16:00,1,43.01,0.00,21.51,0.00,0.00,5.38,0.00,0.00,0.00,30.11
20:16:00,2,42.86,0.00,19.78,0.00,0.00,4.40,0.00,0.00,0.00,32.97
20:16:00,3,37.78,0.00,22.22,0.00,0.00,5.56,0.00,0.00,0.00,34.44
20:16:00,4,40.22,0.00,19.57,0.00,0.00,6.52,0.00,0.00,0.00,33.70
20:16:00,5,38.04,0.00,11.96,0.00,0.00,4.35,0.00,0.00,0.00,45.65
20:16:00,6,42.11,0.00,10.53,0.00,0.00,4.21,0.00,0.00,0.00,43.16
20:16:00,7,43.75,0.00,11.46,0.00,0.00,3.12,0.00,0.00,0.00,41.67
20:16:00,8,38.54,0.00,12.50,0.00,0.00,4.17,0.00,0.00,0.00,44.79
20:16:00,9,40.43,0.00,11.70,0.00,0.00,4.26,0.00,0.00,0.00,43.62
20:16:00,10,43.48,0.00,9.78,0.00,0.00,4.35,0.00,0.00,0.00,42.39
20:16:00,11,45.26,0.00,10.53,0.00,0.00,3.16,0.00,0.00,0.00,41.05
20:16:01,all,40.95,0.00,15.21,0.00,0.00,4.77,0.00,0.00,0.00,39.06
20:16:01,0,41.76,0.00,19.78,0.00,0.00,5.49,0.00,0.00,0.00,32.97
20:16:01,1,41.57,0.00,19.10,0.00,0.00,6.74,0.00,0.00,0.00,32.58
20:16:01,2,38.30,0.00,21.28,0.00,0.00,7.45,0.00,0.00,0.00,32.98
20:16:01,3,36.67,0.00,21.11,0.00,0.00,5.56,0.00,0.00,0.00,36.67
20:16:01,4,38.46,0.00,20.88,0.00,0.00,5.49,0.00,0.00,0.00,35.16
20:16:01,5,40.43,0.00,12.77,0.00,0.00,4.26,0.00,0.00,0.00,42.55
20:16:01,6,41.05,0.00,11.58,0.00,0.00,4.21,0.00,0.00,0.00,43.16
20:16:01,7,40.62,0.00,10.42,0.00,0.00,5.21,0.00,0.00,0.00,43.75
20:16:01,8,40.00,0.00,13.68,0.00,0.00,3.16,0.00,0.00,0.00,43.16
20:16:01,9,41.49,0.00,11.70,0.00,0.00,4.26,0.00,0.00,0.00,42.55
20:16:01,10,45.56,0.00,10.00,0.00,0.00,2.22,0.00,0.00,0.00,42.22
20:16:01,11,45.65,0.00,10.87,0.00,0.00,3.26,0.00,0.00,0.00,40.22
20:16:02,all,41.20,0.00,15.92,0.00,0.00,4.77,0.00,0.00,0.00,38.11
20:16:02,0,42.22,0.00,21.11,0.00,0.00,6.67,0.00,0.00,0.00,30.00
20:16:02,1,42.22,0.00,21.11,0.00,0.00,5.56,0.00,0.00,0.00,31.11
20:16:02,2,35.56,0.00,22.22,0.00,0.00,5.56,0.00,0.00,0.00,36.67
20:16:02,3,40.43,0.00,22.34,0.00,0.00,6.38,0.00,0.00,0.00,30.85
20:16:02,4,38.46,0.00,21.98,0.00,0.00,5.49,0.00,0.00,0.00,34.07
20:16:02,5,41.24,0.00,12.37,0.00,0.00,3.09,0.00,0.00,0.00,43.30
20:16:02,6,41.24,0.00,11.34,0.00,0.00,4.12,0.00,0.00,0.00,43.30
20:16:02,7,41.84,0.00,12.24,0.00,0.00,5.10,0.00,0.00,0.00,40.82
20:16:02,8,38.95,0.00,12.63,0.00,0.00,4.21,0.00,0.00,0.00,44.21
20:16:02,9,43.30,0.00,12.37,0.00,0.00,4.12,0.00,0.00,0.00,40.21
20:16:02,10,45.83,0.00,10.42,0.00,0.00,3.12,0.00,0.00,0.00,40.62
20:16:02,11,42.71,0.00,12.50,0.00,0.00,4.17,0.00,0.00,0.00,40.62
20:16:03,all,42.55,0.00,17.04,0.09,0.00,4.37,0.00,0.00,0.00,35.95
20:16:03,0,44.09,0.00,20.43,0.00,0.00,5.38,0.00,0.00,0.00,30.11
20:16:03,1,46.24,0.00,21.51,0.00,0.00,5.38,0.00,0.00,0.00,26.88
20:16:03,2,42.86,0.00,18.68,0.00,0.00,4.40,0.00,0.00,0.00,34.07
20:16:03,3,40.66,0.00,24.18,0.00,0.00,5.49,0.00,0.00,0.00,29.67
20:16:03,4,40.66,0.00,24.18,0.00,0.00,5.49,0.00,0.00,0.00,29.67
20:16:03,5,38.30,0.00,15.96,0.00,0.00,2.13,0.00,0.00,0.00,43.62
20:16:03,6,43.75,0.00,11.46,0.00,0.00,4.17,0.00,0.00,0.00,40.62
20:16:03,7,40.43,0.00,13.83,0.00,0.00,4.26,0.00,0.00,0.00,41.49
20:16:03,8,40.21,0.00,14.43,0.00,0.00,4.12,0.00,0.00,0.00,41.24
20:16:03,9,44.09,0.00,12.90,0.00,0.00,5.38,0.00,0.00,0.00,37.63
20:16:03,10,45.83,0.00,12.50,1.04,0.00,3.12,0.00,0.00,0.00,37.50
20:16:03,11,43.48,0.00,15.22,0.00,0.00,3.26,0.00,0.00,0.00,38.04
20:16:04,all,41.39,0.00,15.34,0.00,0.00,5.08,0.00,0.00,0.00,38.18
20:16:04,0,41.30,0.00,22.83,0.00,0.00,5.43,0.00,0.00,0.00,30.43
20:16:04,1,37.78,0.00,23.33,0.00,0.00,6.67,0.00,0.00,0.00,32.22
20:16:04,2,39.56,0.00,21.98,0.00,0.00,5.49,0.00,0.00,0.00,32.97
20:16:04,3,41.76,0.00,19.78,0.00,0.00,6.59,0.00,0.00,0.00,31.87
20:16:04,4,39.13,0.00,20.65,0.00,0.00,6.52,0.00,0.00,0.00,33.70
20:16:04,5,37.89,0.00,13.68,0.00,0.00,4.21,0.00,0.00,0.00,44.21
20:16:04,6,41.67,0.00,11.46,0.00,0.00,4.17,0.00,0.00,0.00,42.71
20:16:04,7,44.33,0.00,11.34,0.00,0.00,3.09,0.00,0.00,0.00,41.24
20:16:04,8,40.43,0.00,11.70,0.00,0.00,3.19,0.00,0.00,0.00,44.68
20:16:04,9,41.67,0.00,10.42,0.00,0.00,6.25,0.00,0.00,0.00,41.67
20:16:04,10,45.16,0.00,8.60,0.00,0.00,4.30,0.00,0.00,0.00,41.94
20:16:04,11,45.74,0.00,9.57,0.00,0.00,5.32,0.00,0.00,0.00,39.36
20:16:05,all,40.73,0.00,15.04,0.00,0.00,4.57,0.00,0.00,0.00,39.66
20:16:05,0,40.66,0.00,20.88,0.00,0.00,4.40,0.00,0.00,0.00,34.07
20:16:05,1,40.22,0.00,20.65,0.00,0.00,4.35,0.00,0.00,0.00,34.78
20:16:05,2,38.89,0.00,20.00,0.00,0.00,5.56,0.00,0.00,0.00,35.56
20:16:05,3,36.36,0.00,22.73,0.00,0.00,5.68,0.00,0.00,0.00,35.23
20:16:05,4,37.50,0.00,21.59,0.00,0.00,5.68,0.00,0.00,0.00,35.23
20:16:05,5,37.89,0.00,10.53,0.00,0.00,5.26,0.00,0.00,0.00,46.32
20:16:05,6,41.67,0.00,12.50,0.00,0.00,4.17,0.00,0.00,0.00,41.67
20:16:05,7,43.75,0.00,10.42,0.00,0.00,4.17,0.00,0.00,0.00,41.67
20:16:05,8,39.58,0.00,10.42,0.00,0.00,5.21,0.00,0.00,0.00,44.79
20:16:05,9,41.24,0.00,13.40,0.00,0.00,3.09,0.00,0.00,0.00,42.27
20:16:05,10,44.09,0.00,9.68,0.00,0.00,4.30,0.00,0.00,0.00,41.94
20:16:05,11,46.32,0.00,9.47,0.00,0.00,3.16,0.00,0.00,0.00,41.05
20:16:06,all,42.23,0.00,15.54,0.00,0.00,4.91,0.00,0.00,0.00,37.32
20:16:06,0,40.45,0.00,22.47,0.00,0.00,6.74,0.00,0.00,0.00,30.34
20:16:06,1,40.23,0.00,20.69,0.00,0.00,5.75,0.00,0.00,0.00,33.33
20:16:06,2,38.20,0.00,22.47,0.00,0.00,6.74,0.00,0.00,0.00,32.58
20:16:06,3,41.57,0.00,20.22,0.00,0.00,5.62,0.00,0.00,0.00,32.58
20:16:06,4,40.22,0.00,22.83,0.00,0.00,5.43,0.00,0.00,0.00,31.52
20:16:06,5,39.18,0.00,12.37,0.00,0.00,4.12,0.00,0.00,0.00,44.33
20:16:06,6,41.84,0.00,12.24,0.00,0.00,5.10,0.00,0.00,0.00,40.82
20:16:06,7,43.75,0.00,11.46,0.00,0.00,3.12,0.00,0.00,0.00,41.67
20:16:06,8,42.42,0.00,10.10,0.00,0.00,5.05,0.00,0.00,0.00,42.42
20:16:06,9,45.74,0.00,11.70,0.00,0.00,4.26,0.00,0.00,0.00,38.30
20:16:06,10,47.87,0.00,10.64,0.00,0.00,3.19,0.00,0.00,0.00,38.30
20:16:06,11,44.79,0.00,11.46,0.00,0.00,4.17,0.00,0.00,0.00,39.58
20:16:07,all,42.87,0.00,15.95,0.00,0.00,5.08,0.00,0.00,0.00,36.10
20:16:07,0,45.65,0.00,21.74,0.00,0.00,5.43,0.00,0.00,0.00,27.17
20:16:07,1,43.82,0.00,20.22,0.00,0.00,6.74,0.00,0.00,0.00,29.21
20:16:07,2,38.46,0.00,21.98,0.00,0.00,5.49,0.00,0.00,0.00,34.07
20:16:07,3,37.08,0.00,24.72,0.00,0.00,6.74,0.00,0.00,0.00,31.46
20:16:07,4,41.76,0.00,20.88,0.00,0.00,7.69,0.00,0.00,0.00,29.67
20:16:07,5,41.67,0.00,11.46,0.00,0.00,4.17,0.00,0.00,0.00,42.71
20:16:07,6,44.21,0.00,11.58,0.00,0.00,5.26,0.00,0.00,0.00,38.95
20:16:07,7,44.90,0.00,13.27,0.00,0.00,4.08,0.00,0.00,0.00,37.76
20:16:07,8,42.55,0.00,11.70,0.00,0.00,3.19,0.00,0.00,0.00,42.55
20:16:07,9,43.88,0.00,11.22,0.00,0.00,4.08,0.00,0.00,0.00,40.82
20:16:07,10,46.88,0.00,11.46,0.00,0.00,3.12,0.00,0.00,0.00,38.54
20:16:07,11,43.01,0.00,12.90,0.00,0.00,5.38,0.00,0.00,0.00,38.71
20:16:08,all,42.69,0.00,16.22,0.09,0.00,4.99,0.00,0.00,0.00,36.01
20:16:08,0,41.11,0.00,23.33,0.00,0.00,5.56,0.00,0.00,0.00,30.00
20:16:08,1,43.01,0.00,22.58,0.00,0.00,6.45,0.00,0.00,0.00,27.96
20:16:08,2,40.91,0.00,20.45,0.00,0.00,4.55,0.00,0.00,0.00,34.09
20:16:08,3,44.09,0.00,22.58,0.00,0.00,5.38,0.00,0.00,0.00,27.96
20:16:08,4,37.63,0.00,23.66,0.00,0.00,5.38,0.00,0.00,0.00,33.33
20:16:08,5,40.62,0.00,11.46,1.04,0.00,5.21,0.00,0.00,0.00,41.67
20:16:08,6,43.30,0.00,12.37,0.00,0.00,4.12,0.00,0.00,0.00,40.21
20:16:08,7,42.55,0.00,11.70,0.00,0.00,5.32,0.00,0.00,0.00,40.43
20:16:08,8,42.27,0.00,13.40,0.00,0.00,5.15,0.00,0.00,0.00,39.18
20:16:08,9,44.68,0.00,11.70,0.00,0.00,4.26,0.00,0.00,0.00,39.36
20:16:08,10,43.75,0.00,11.46,0.00,0.00,5.21,0.00,0.00,0.00,39.58
20:16:08,11,48.35,0.00,10.99,0.00,0.00,3.30,0.00,0.00,0.00,37.36
20:16:09,all,40.50,0.00,15.52,0.00,0.00,4.73,0.00,0.00,0.00,39.25
20:16:09,0,40.45,0.00,20.22,0.00,0.00,6.74,0.00,0.00,0.00,32.58
20:16:09,1,40.00,0.00,20.00,0.00,0.00,5.56,0.00,0.00,0.00,34.44
20:16:09,2,35.48,0.00,23.66,0.00,0.00,5.38,0.00,0.00,0.00,35.48
20:16:09,3,37.36,0.00,23.08,0.00,0.00,5.49,0.00,0.00,0.00,34.07
20:16:09,4,37.08,0.00,23.60,0.00,0.00,5.62,0.00,0.00,0.00,33.71
20:16:09,5,37.89,0.00,12.63,0.00,0.00,3.16,0.00,0.00,0.00,46.32
20:16:09,6,41.67,0.00,10.42,0.00,0.00,5.21,0.00,0.00,0.00,42.71
20:16:09,7,40.62,0.00,12.50,0.00,0.00,4.17,0.00,0.00,0.00,42.71
20:16:09,8,38.78,0.00,12.24,0.00,0.00,3.06,0.00,0.00,0.00,45.92
20:16:09,9,44.33,0.00,9.28,0.00,0.00,5.15,0.00,0.00,0.00,41.24
20:16:09,10,46.15,0.00,9.89,0.00,0.00,3.30,0.00,0.00,0.00,40.66
20:16:09,11,45.83,0.00,10.42,0.00,0.00,4.17,0.00,0.00,0.00,39.58
20:16:10,all,42.19,0.00,15.62,0.00,0.00,4.67,0.00,0.00,0.00,37.52
20:16:10,0,41.11,0.00,21.11,0.00,0.00,6.67,0.00,0.00,0.00,31.11
20:16:10,1,38.89,0.00,20.00,0.00,0.00,7.78,0.00,0.00,0.00,33.33
20:16:10,2,38.64,0.00,23.86,0.00,0.00,4.55,0.00,0.00,0.00,32.95
20:16:10,3,41.76,0.00,19.78,0.00,0.00,5.49,0.00,0.00,0.00,32.97
20:16:10,4,37.78,0.00,22.22,0.00,0.00,5.56,0.00,0.00,0.00,34.44
20:16:10,5,41.24,0.00,12.37,0.00,0.00,4.12,0.00,0.00,0.00,42.27
20:16:10,6,48.48,0.00,10.10,0.00,0.00,4.04,0.00,0.00,0.00,37.37
20:16:10,7,41.94,0.00,13.98,0.00,0.00,4.30,0.00,0.00,0.00,39.78
20:16:10,8,41.05,0.00,13.68,0.00,0.00,2.11,0.00,0.00,0.00,43.16
20:16:10,9,42.11,0.00,11.58,0.00,0.00,4.21,0.00,0.00,0.00,42.11
20:16:10,10,46.81,0.00,9.57,0.00,0.00,4.26,0.00,0.00,0.00,39.36
20:16:10,11,45.65,0.00,10.87,0.00,0.00,3.26,0.00,0.00,0.00,40.22
20:16:11,all,61.34,0.00,14.57,0.00,0.00,4.89,0.00,0.00,0.00,19.20
20:16:11,0,65.59,0.00,13.98,0.00,0.00,4.30,0.00,0.00,0.00,16.13
20:16:11,1,54.84,0.00,20.43,0.00,0.00,6.45,0.00,0.00,0.00,18.28
20:16:11,2,53.26,0.00,21.74,0.00,0.00,8.70,0.00,0.00,0.00,16.30
20:16:11,3,64.52,0.00,16.13,0.00,0.00,5.38,0.00,0.00,0.00,13.98
20:16:11,4,50.00,0.00,23.40,0.00,0.00,8.51,0.00,0.00,0.00,18.09
20:16:11,5,62.11,0.00,10.53,0.00,0.00,4.21,0.00,0.00,0.00,23.16
20:16:11,6,81.63,0.00,7.14,0.00,0.00,2.04,0.00,0.00,0.00,9.18
20:16:11,7,54.64,0.00,14.43,0.00,0.00,5.15,0.00,0.00,0.00,25.77
20:16:11,8,67.71,0.00,9.38,0.00,0.00,2.08,0.00,0.00,0.00,20.83
20:16:11,9,60.40,0.00,13.86,0.00,0.00,4.95,0.00,0.00,0.00,20.79
20:16:11,10,53.61,0.00,14.43,0.00,0.00,4.12,0.00,0.00,0.00,27.84
20:16:11,11,67.01,0.00,10.31,0.00,0.00,3.09,0.00,0.00,0.00,19.59
20:16:12,all,40.98,0.00,15.29,0.00,0.00,4.98,0.00,0.00,0.00,38.76
20:16:12,0,39.56,0.00,19.78,0.00,0.00,6.59,0.00,0.00,0.00,34.07
20:16:12,1,40.86,0.00,21.51,0.00,0.00,6.45,0.00,0.00,0.00,31.18
20:16:12,2,39.13,0.00,20.65,0.00,0.00,5.43,0.00,0.00,0.00,34.78
20:16:12,3,40.00,0.00,21.05,0.00,0.00,6.32,0.00,0.00,0.00,32.63
20:16:12,4,38.46,0.00,20.88,0.00,0.00,5.49,0.00,0.00,0.00,35.16
20:16:12,5,37.89,0.00,11.58,0.00,0.00,5.26,0.00,0.00,0.00,45.26
20:16:12,6,39.36,0.00,12.77,0.00,0.00,5.32,0.00,0.00,0.00,42.55
20:16:12,7,41.94,0.00,10.75,0.00,0.00,4.30,0.00,0.00,0.00,43.01
20:16:12,8,40.82,0.00,13.27,0.00,0.00,3.06,0.00,0.00,0.00,42.86
20:16:12,9,44.21,0.00,11.58,0.00,0.00,3.16,0.00,0.00,0.00,41.05
20:16:12,10,44.21,0.00,11.58,0.00,0.00,4.21,0.00,0.00,0.00,40.00
20:16:12,11,45.16,0.00,8.60,0.00,0.00,4.30,0.00,0.00,0.00,41.94
20:16:13,all,42.02,0.00,14.70,0.09,0.00,4.69,0.00,0.00,0.00,38.50
20:16:13,0,42.05,0.00,19.32,0.00,0.00,5.68,0.00,0.00,0.00,32.95
20:16:13,1,39.77,0.00,21.59,0.00,0.00,6.82,0.00,0.00,0.00,31.82
20:16:13,2,40.00,0.00,18.89,0.00,0.00,6.67,0.00,0.00,0.00,34.44
20:16:13,3,40.22,0.00,19.57,0.00,0.00,7.61,0.00,0.00,0.00,32.61
20:16:13,4,37.36,0.00,23.08,0.00,0.00,5.49,0.00,0.00,0.00,34.07
20:16:13,5,41.24,0.00,10.31,0.00,0.00,5.15,0.00,0.00,0.00,43.30
20:16:13,6,42.11,0.00,11.58,0.00,0.00,3.16,0.00,0.00,0.00,43.16
20:16:13,7,44.33,0.00,11.34,1.03,0.00,3.09,0.00,0.00,0.00,40.21
20:16:13,8,43.16,0.00,9.47,0.00,0.00,3.16,0.00,0.00,0.00,44.21
20:16:13,9,43.16,0.00,10.53,0.00,0.00,4.21,0.00,0.00,0.00,42.11
20:16:13,10,44.44,0.00,11.11,0.00,0.00,2.22,0.00,0.00,0.00,42.22
20:16:13,11,46.15,0.00,10.99,0.00,0.00,3.30,0.00,0.00,0.00,39.56
20:16:14,all,41.38,0.00,15.44,0.00,0.00,4.76,0.00,0.00,0.00,38.42
20:16:14,0,40.66,0.00,24.18,0.00,0.00,4.40,0.00,0.00,0.00,30.77
20:16:14,1,38.64,0.00,21.59,0.00,0.00,4.55,0.00,0.00,0.00,35.23
20:16:14,2,38.89,0.00,21.11,0.00,0.00,6.67,0.00,0.00,0.00,33.33
20:16:14,3,40.45,0.00,19.10,0.00,0.00,5.62,0.00,0.00,0.00,34.83
20:16:14,4,37.93,0.00,21.84,0.00,0.00,5.75,0.00,0.00,0.00,34.48
20:16:14,5,37.50,0.00,11.46,0.00,0.00,5.21,0.00,0.00,0.00,45.83
20:16:14,6,41.67,0.00,12.50,0.00,0.00,4.17,0.00,0.00,0.00,41.67
20:16:14,7,44.33,0.00,9.28,0.00,0.00,5.15,0.00,0.00,0.00,41.24
20:16:14,8,42.71,0.00,12.50,0.00,0.00,3.12,0.00,0.00,0.00,41.67
20:16:14,9,44.21,0.00,10.53,0.00,0.00,5.26,0.00,0.00,0.00,40.00
20:16:14,10,42.11,0.00,12.63,0.00,0.00,4.21,0.00,0.00,0.00,41.05
20:16:14,11,46.81,0.00,10.64,0.00,0.00,3.19,0.00,0.00,0.00,39.36
20:16:15,all,40.59,0.00,15.32,0.00,0.00,4.75,0.00,0.00,0.00,39.34
20:16:15,0,41.30,0.00,19.57,0.00,0.00,6.52,0.00,0.00,0.00,32.61
20:16:15,1,39.56,0.00,21.98,0.00,0.00,6.59,0.00,0.00,0.00,31.87
20:16:15,2,37.78,0.00,20.00,0.00,0.00,6.67,0.00,0.00,0.00,35.56
20:16:15,3,40.45,0.00,20.22,0.00,0.00,5.62,0.00,0.00,0.00,33.71
20:16:15,4,35.16,0.00,24.18,0.00,0.00,5.49,0.00,0.00,0.00,35.16
20:16:15,5,39.58,0.00,12.50,0.00,0.00,4.17,0.00,0.00,0.00,43.75
20:16:15,6,41.67,0.00,11.46,0.00,0.00,3.12,0.00,0.00,0.00,43.75
20:16:15,7,43.16,0.00,12.63,0.00,0.00,3.16,0.00,0.00,0.00,41.05
20:16:15,8,39.13,0.00,8.70,0.00,0.00,4.35,0.00,0.00,0.00,47.83
20:16:15,9,41.05,0.00,11.58,0.00,0.00,5.26,0.00,0.00,0.00,42.11
20:16:15,10,41.94,0.00,11.83,0.00,0.00,3.23,0.00,0.00,0.00,43.01
20:16:15,11,45.83,0.00,10.42,0.00,0.00,3.12,0.00,0.00,0.00,40.62
20:16:16,all,60.00,0.00,18.53,0.09,0.00,5.02,0.00,0.00,0.00,16.36
20:16:16,0,61.05,0.00,23.16,0.00,0.00,6.32,0.00,0.00,0.00,9.47
20:16:16,1,63.92,0.00,21.65,0.00,0.00,5.15,0.00,0.00,0.00,9.28
20:16:16,2,59.18,0.00,22.45,0.00,0.00,7.14,0.00,0.00,0.00,11.22
20:16:16,3,53.61,0.00,25.77,0.00,0.00,9.28,0.00,0.00,0.00,11.34
20:16:16,4,58.33,0.00,23.96,0.00,0.00,7.29,0.00,0.00,0.00,10.42
20:16:16,5,60.42,0.00,17.71,0.00,0.00,3.12,0.00,0.00,0.00,18.75
20:16:16,6,53.76,0.00,13.98,0.00,0.00,4.30,0.00,0.00,0.00,27.96
20:16:16,7,62.24,0.00,15.31,0.00,0.00,5.10,0.00,0.00,0.00,17.35
20:16:16,8,58.76,0.00,17.53,0.00,0.00,5.15,0.00,0.00,0.00,18.56
20:16:16,9,61.46,0.00,14.58,1.04,0.00,2.08,0.00,0.00,0.00,20.83
20:16:16,10,61.46,0.00,13.54,0.00,0.00,3.12,0.00,0.00,0.00,21.88
20:16:16,11,65.62,0.00,12.50,0.00,0.00,2.08,0.00,0.00,0.00,19.79
20:16:17,all,53.57,0.00,17.71,0.00,0.00,5.02,0.00,0.00,0.00,23.70
20:16:17,0,52.13,0.00,23.40,0.00,0.00,6.38,0.00,0.00,0.00,18.09
20:16:17,1,53.61,0.00,22.68,0.00,0.00,6.19,0.00,0.00,0.00,17.53
20:16:17,2,52.17,0.00,22.83,0.00,0.00,6.52,0.00,0.00,0.00,18.48
20:16:17,3,51.06,0.00,24.47,0.00,0.00,6.38,0.00,0.00,0.00,18.09
20:16:17,4,49.47,0.00,23.16,0.00,0.00,7.37,0.00,0.00,0.00,20.00
20:16:17,5,51.58,0.00,15.79,0.00,0.00,5.26,0.00,0.00,0.00,27.37
20:16:17,6,53.12,0.00,14.58,0.00,0.00,4.17,0.00,0.00,0.00,28.12
20:16:17,7,56.38,0.00,13.83,0.00,0.00,3.19,0.00,0.00,0.00,26.60
20:16:17,8,52.63,0.00,13.68,0.00,0.00,4.21,0.00,0.00,0.00,29.47
20:16:17,9,54.74,0.00,13.68,0.00,0.00,4.21,0.00,0.00,0.00,27.37
20:16:17,10,58.95,0.00,12.63,0.00,0.00,2.11,0.00,0.00,0.00,26.32
20:16:17,11,56.99,0.00,11.83,0.00,0.00,4.30,0.00,0.00,0.00,26.88
20:16:18,all,41.91,0.00,15.82,0.00,0.00,4.38,0.00,0.00,0.00,37.89
20:16:18,0,39.13,0.00,21.74,0.00,0.00,8.70,0.00,0.00,0.00,30.43
20:16:18,1,43.01,0.00,20.43,0.00,0.00,5.38,0.00,0.00,0.00,31.18
20:16:18,2,38.89,0.00,21.11,0.00,0.00,5.56,0.00,0.00,0.00,34.44
20:16:18,3,40.00,0.00,22.22,0.00,0.00,4.44,0.00,0.00,0.00,33.33
20:16:18,4,40.66,0.00,20.88,0.00,0.00,4.40,0.00,0.00,0.00,34.07
20:16:18,5,38.54,0.00,12.50,0.00,0.00,4.17,0.00,0.00,0.00,44.79
20:16:18,6,44.33,0.00,11.34,0.00,0.00,3.09,0.00,0.00,0.00,41.24
20:16:18,7,43.01,0.00,12.90,0.00,0.00,3.23,0.00,0.00,0.00,40.86
20:16:18,8,40.62,0.00,11.46,0.00,0.00,4.17,0.00,0.00,0.00,43.75
20:16:18,9,44.68,0.00,11.70,0.00,0.00,3.19,0.00,0.00,0.00,40.43
20:16:18,10,45.74,0.00,10.64,0.00,0.00,3.19,0.00,0.00,0.00,40.43
20:16:18,11,44.09,0.00,13.98,0.00,0.00,3.23,0.00,0.00,0.00,38.71
20:16:19,all,41.00,0.00,15.15,0.00,0.00,5.17,0.00,0.00,0.00,38.68
20:16:19,0,39.78,0.00,21.51,0.00,0.00,7.53,0.00,0.00,0.00,31.18
20:16:19,1,40.66,0.00,21.98,0.00,0.00,5.49,0.00,0.00,0.00,31.87
20:16:19,2,38.71,0.00,22.58,0.00,0.00,5.38,0.00,0.00,0.00,33.33
20:16:19,3,41.11,0.00,17.78,0.00,0.00,6.67,0.00,0.00,0.00,34.44
20:16:19,4,38.04,0.00,21.74,0.00,0.00,6.52,0.00,0.00,0.00,33.70
20:16:19,5,38.95,0.00,11.58,0.00,0.00,4.21,0.00,0.00,0.00,45.26
20:16:19,6,42.71,0.00,10.42,0.00,0.00,5.21,0.00,0.00,0.00,41.67
20:16:19,7,41.84,0.00,12.24,0.00,0.00,5.10,0.00,0.00,0.00,40.82
20:16:19,8,36.56,0.00,12.90,0.00,0.00,4.30,0.00,0.00,0.00,46.24
20:16:19,9,42.55,0.00,9.57,0.00,0.00,4.26,0.00,0.00,0.00,43.62
20:16:19,10,46.24,0.00,8.60,0.00,0.00,3.23,0.00,0.00,0.00,41.94
20:16:19,11,44.68,0.00,11.70,0.00,0.00,4.26,0.00,0.00,0.00,39.36
20:16:20,all,40.68,0.00,15.57,0.00,0.00,5.13,0.00,0.00,0.00,38.61
20:16:20,0,43.18,0.00,19.32,0.00,0.00,5.68,0.00,0.00,0.00,31.82
20:16:20,1,40.66,0.00,19.78,0.00,0.00,6.59,0.00,0.00,0.00,32.97
20:16:20,2,36.36,0.00,21.59,0.00,0.00,7.95,0.00,0.00,0.00,34.09
20:16:20,3,38.20,0.00,23.60,0.00,0.00,5.62,0.00,0.00,0.00,32.58
20:16:20,4,39.56,0.00,19.78,0.00,0.00,6.59,0.00,0.00,0.00,34.07
20:16:20,5,39.36,0.00,10.64,0.00,0.00,4.26,0.00,0.00,0.00,45.74
20:16:20,6,41.24,0.00,11.34,0.00,0.00,5.15,0.00,0.00,0.00,42.27
20:16:20,7,43.16,0.00,12.63,0.00,0.00,4.21,0.00,0.00,0.00,40.00
20:16:20,8,39.18,0.00,13.40,0.00,0.00,4.12,0.00,0.00,0.00,43.30
20:16:20,9,41.30,0.00,11.96,0.00,0.00,4.35,0.00,0.00,0.00,42.39
20:16:20,10,43.30,0.00,12.37,0.00,0.00,3.09,0.00,0.00,0.00,41.24
20:16:20,11,42.39,0.00,11.96,0.00,0.00,4.35,0.00,0.00,0.00,41.30
20:16:21,all,42.11,0.00,15.43,0.00,0.00,4.28,0.00,0.00,0.00,38.18
20:16:21,0,40.70,0.00,20.93,0.00,0.00,4.65,0.00,0.00,0.00,33.72
20:16:21,1,41.11,0.00,20.00,0.00,0.00,4.44,0.00,0.00,0.00,34.44
20:16:21,2,38.89,0.00,22.22,0.00,0.00,5.56,0.00,0.00,0.00,33.33
20:16:21,3,41.11,0.00,21.11,0.00,0.00,4.44,0.00,0.00,0.00,33.33
20:16:21,4,40.22,0.00,21.74,0.00,0.00,6.52,0.00,0.00,0.00,31.52
20:16:21,5,41.24,0.00,12.37,0.00,0.00,3.09,0.00,0.00,0.00,43.30
20:16:21,6,40.62,0.00,13.54,0.00,0.00,4.17,0.00,0.00,0.00,41.67
20:16:21,7,42.86,0.00,12.24,0.00,0.00,4.08,0.00,0.00,0.00,40.82
20:16:21,8,40.82,0.00,12.24,0.00,0.00,4.08,0.00,0.00,0.00,42.86
20:16:21,9,46.39,0.00,10.31,0.00,0.00,3.09,0.00,0.00,0.00,40.21
20:16:21,10,45.74,0.00,9.57,0.00,0.00,4.26,0.00,0.00,0.00,40.43
20:16:21,11,45.16,0.00,10.75,0.00,0.00,3.23,0.00,0.00,0.00,40.86
20:16:22,all,55.15,0.00,16.49,0.00,0.00,4.97,0.00,0.00,0.00,23.39
20:16:22,0,52.63,0.00,23.16,0.00,0.00,7.37,0.00,0.00,0.00,16.84
20:16:22,1,54.64,0.00,22.68,0.00,0.00,6.19,0.00,0.00,0.00,16.49
20:16:22,2,51.04,0.00,22.92,0.00,0.00,7.29,0.00,0.00,0.00,18.75
20:16:22,3,53.19,0.00,20.21,0.00,0.00,6.38,0.00,0.00,0.00,20.21
20:16:22,4,50.53,0.00,23.16,0.00,0.00,7.37,0.00,0.00,0.00,18.95
20:16:22,5,55.67,0.00,13.40,0.00,0.00,4.12,0.00,0.00,0.00,26.80
20:16:22,6,56.38,0.00,12.77,0.00,0.00,4.26,0.00,0.00,0.00,26.60
20:16:22,7,52.63,0.00,12.63,0.00,0.00,4.21,0.00,0.00,0.00,30.53
20:16:22,8,58.76,0.00,11.34,0.00,0.00,3.09,0.00,0.00,0.00,26.80
20:16:22,9,57.29,0.00,13.54,0.00,0.00,3.12,0.00,0.00,0.00,26.04
20:16:22,10,60.42,0.00,11.46,0.00,0.00,3.12,0.00,0.00,0.00,25.00
20:16:22,11,58.51,0.00,10.64,0.00,0.00,3.19,0.00,0.00,0.00,27.66
20:16:23,all,69.62,0.00,18.40,0.00,0.00,5.23,0.00,0.00,0.00,6.75
20:16:23,0,65.00,0.00,21.00,0.00,0.00,9.00,0.00,0.00,0.00,5.00
20:16:23,1,66.00,0.00,23.00,0.00,0.00,8.00,0.00,0.00,0.00,3.00
20:16:23,2,59.79,0.00,25.77,0.00,0.00,8.25,0.00,0.00,0.00,6.19
20:16:23,3,66.00,0.00,22.00,0.00,0.00,6.00,0.00,0.00,0.00,6.00
20:16:23,4,65.66,0.00,23.23,0.00,0.00,8.08,0.00,0.00,0.00,3.03
20:16:23,5,68.69,0.00,19.19,0.00,0.00,6.06,0.00,0.00,0.00,6.06
20:16:23,6,72.00,0.00,15.00,0.00,0.00,3.00,0.00,0.00,0.00,10.00
20:16:23,7,75.51,0.00,14.29,0.00,0.00,2.04,0.00,0.00,0.00,8.16
20:16:23,8,68.37,0.00,14.29,0.00,0.00,3.06,0.00,0.00,0.00,14.29
20:16:23,9,71.43,0.00,13.27,0.00,0.00,4.08,0.00,0.00,0.00,11.22
20:16:23,10,80.21,0.00,12.50,0.00,0.00,2.08,0.00,0.00,0.00,5.21
20:16:23,11,77.00,0.00,17.00,0.00,0.00,3.00,0.00,0.00,0.00,3.00
20:16:24,all,42.74,0.00,16.23,0.09,0.00,4.24,0.00,0.00,0.00,36.70
20:16:24,0,42.53,0.00,19.54,0.00,0.00,5.75,0.00,0.00,0.00,32.18
20:16:24,1,40.45,0.00,23.60,0.00,0.00,4.49,0.00,0.00,0.00,31.46
20:16:24,2,42.05,0.00,20.45,0.00,0.00,4.55,0.00,0.00,0.00,32.95
20:16:24,3,41.57,0.00,20.22,0.00,0.00,5.62,0.00,0.00,0.00,32.58
20:16:24,4,42.05,0.00,20.45,0.00,0.00,4.55,0.00,0.00,0.00,32.95
20:16:24,5,42.11,0.00,12.63,0.00,0.00,4.21,0.00,0.00,0.00,41.05
20:16:24,6,42.11,0.00,15.79,0.00,0.00,3.16,0.00,0.00,0.00,38.95
20:16:24,7,43.16,0.00,12.63,0.00,0.00,3.16,0.00,0.00,0.00,41.05
20:16:24,8,39.80,0.00,12.24,1.02,0.00,5.10,0.00,0.00,0.00,41.84
20:16:24,9,43.75,0.00,13.54,0.00,0.00,4.17,0.00,0.00,0.00,38.54
20:16:24,10,46.81,0.00,10.64,0.00,0.00,3.19,0.00,0.00,0.00,39.36
20:16:24,11,46.32,0.00,14.74,0.00,0.00,3.16,0.00,0.00,0.00,35.79
20:16:25,all,40.40,0.00,15.33,0.00,0.00,4.42,0.00,0.00,0.00,39.86
20:16:25,0,39.56,0.00,21.98,0.00,0.00,5.49,0.00,0.00,0.00,32.97
20:16:25,1,40.66,0.00,20.88,0.00,0.00,5.49,0.00,0.00,0.00,32.97
20:16:25,2,35.23,0.00,23.86,0.00,0.00,4.55,0.00,0.00,0.00,36.36
20:16:25,3,38.20,0.00,20.22,0.00,0.00,6.74,0.00,0.00,0.00,34.83
20:16:25,4,38.46,0.00,21.98,0.00,0.00,5.49,0.00,0.00,0.00,34.07
20:16:25,5,40.21,0.00,11.34,0.00,0.00,3.09,0.00,0.00,0.00,45.36
20:16:25,6,42.55,0.00,10.64,0.00,0.00,3.19,0.00,0.00,0.00,43.62
20:16:25,7,39.80,0.00,13.27,0.00,0.00,4.08,0.00,0.00,0.00,42.86
20:16:25,8,38.04,0.00,9.78,0.00,0.00,4.35,0.00,0.00,0.00,47.83
20:16:25,9,41.67,0.00,11.46,0.00,0.00,4.17,0.00,0.00,0.00,42.71
20:16:25,10,45.16,0.00,8.60,0.00,0.00,3.23,0.00,0.00,0.00,43.01
20:16:25,11,44.94,0.00,11.24,0.00,0.00,3.37,0.00,0.00,0.00,40.45
20:16:26,all,41.11,0.00,15.46,0.00,0.00,5.00,0.00,0.00,0.00,38.43
20:16:26,0,41.30,0.00,21.74,0.00,0.00,5.43,0.00,0.00,0.00,31.52
20:16:26,1,40.00,0.00,22.22,0.00,0.00,4.44,0.00,0.00,0.00,33.33
20:16:26,2,38.46,0.00,19.78,0.00,0.00,6.59,0.00,0.00,0.00,35.16
20:16:26,3,38.89,0.00,22.22,0.00,0.00,6.67,0.00,0.00,0.00,32.22
20:16:26,4,41.30,0.00,18.48,0.00,0.00,6.52,0.00,0.00,0.00,33.70
20:16:26,5,41.49,0.00,10.64,0.00,0.00,5.32,0.00,0.00,0.00,42.55
20:16:26,6,39.18,0.00,13.40,0.00,0.00,4.12,0.00,0.00,0.00,43.30
20:16:26,7,43.16,0.00,12.63,0.00,0.00,3.16,0.00,0.00,0.00,41.05
20:16:26,8,39.80,0.00,11.22,0.00,0.00,4.08,0.00,0.00,0.00,44.90
20:16:26,9,43.75,0.00,11.46,0.00,0.00,5.21,0.00,0.00,0.00,39.58
20:16:26,10,44.09,0.00,10.75,0.00,0.00,4.30,0.00,0.00,0.00,40.86
20:16:26,11,41.76,0.00,12.09,0.00,0.00,4.40,0.00,0.00,0.00,41.76
20:16:27,all,42.60,0.00,15.69,0.00,0.00,4.90,0.00,0.00,0.00,36.81
20:16:27,0,40.45,0.00,21.35,0.00,0.00,5.62,0.00,0.00,0.00,32.58
20:16:27,1,40.66,0.00,19.78,0.00,0.00,4.40,0.00,0.00,0.00,35.16
20:16:27,2,40.66,0.00,23.08,0.00,0.00,5.49,0.00,0.00,0.00,30.77
20:16:27,3,43.33,0.00,20.00,0.00,0.00,5.56,0.00,0.00,0.00,31.11
20:16:27,4,41.30,0.00,21.74,0.00,0.00,5.43,0.00,0.00,0.00,31.52
20:16:27,5,39.18,0.00,13.40,0.00,0.00,5.15,0.00,0.00,0.00,42.27
20:16:27,6,41.67,0.00,12.50,0.00,0.00,4.17,0.00,0.00,0.00,41.67
20:16:27,7,42.11,0.00,11.58,0.00,0.00,4.21,0.00,0.00,0.00,42.11
20:16:27,8,43.88,0.00,11.22,0.00,0.00,5.10,0.00,0.00,0.00,39.80
20:16:27,9,45.74,0.00,11.70,0.00,0.00,4.26,0.00,0.00,0.00,38.30
20:16:27,10,46.32,0.00,12.63,0.00,0.00,4.21,0.00,0.00,0.00,36.84
20:16:27,11,45.74,0.00,10.64,0.00,0.00,5.32,0.00,0.00,0.00,38.30
20:16:28,all,41.92,0.00,16.25,0.00,0.00,4.67,0.00,0.00,0.00,37.16
20:16:28,0,40.86,0.00,22.58,0.00,0.00,7.53,0.00,0.00,0.00,29.03
20:16:28,1,39.13,0.00,22.83,0.00,0.00,6.52,0.00,0.00,0.00,31.52
20:16:28,2,40.66,0.00,21.98,0.00,0.00,5.49,0.00,0.00,0.00,31.87
20:16:28,3,39.33,0.00,23.60,0.00,0.00,5.62,0.00,0.00,0.00,31.46
20:16:28,4,38.20,0.00,22.47,0.00,0.00,5.62,0.00,0.00,0.00,33.71
20:16:28,5,41.94,0.00,11.83,0.00,0.00,4.30,0.00,0.00,0.00,41.94
20:16:28,6,43.16,0.00,12.63,0.00,0.00,3.16,0.00,0.00,0.00,41.05
20:16:28,7,43.75,0.00,10.42,0.00,0.00,4.17,0.00,0.00,0.00,41.67
20:16:28,8,42.11,0.00,11.58,0.00,0.00,4.21,0.00,0.00,0.00,42.11
20:16:28,9,42.71,0.00,13.54,0.00,0.00,4.17,0.00,0.00,0.00,39.58
20:16:28,10,44.09,0.00,10.75,0.00,0.00,3.23,0.00,0.00,0.00,41.94
20:16:28,11,46.74,0.00,11.96,0.00,0.00,2.17,0.00,0.00,0.00,39.13
20:16:29,all,40.91,0.00,14.77,0.00,0.00,4.66,0.00,0.00,0.00,39.66
20:16:29,0,39.56,0.00,20.88,0.00,0.00,6.59,0.00,0.00,0.00,32.97
20:16:29,1,39.78,0.00,21.51,0.00,0.00,5.38,0.00,0.00,0.00,33.33
20:16:29,2,39.56,0.00,19.78,0.00,0.00,6.59,0.00,0.00,0.00,34.07
20:16:29,3,40.66,0.00,19.78,0.00,0.00,4.40,0.00,0.00,0.00,35.16
20:16:29,4,39.13,0.00,20.65,0.00,0.00,5.43,0.00,0.00,0.00,34.78
20:16:29,5,39.18,0.00,12.37,0.00,0.00,4.12,0.00,0.00,0.00,44.33
20:16:29,6,39.58,0.00,10.42,0.00,0.00,5.21,0.00,0.00,0.00,44.79
20:16:29,7,39.78,0.00,10.75,0.00,0.00,4.30,0.00,0.00,0.00,45.16
20:16:29,8,42.11,0.00,10.53,0.00,0.00,3.16,0.00,0.00,0.00,44.21
20:16:29,9,41.67,0.00,10.42,0.00,0.00,4.17,0.00,0.00,0.00,43.75
20:16:29,10,45.05,0.00,10.99,0.00,0.00,3.30,0.00,0.00,0.00,40.66
20:16:29,11,45.05,0.00,9.89,0.00,0.00,3.30,0.00,0.00,0.00,41.76
20:16:30,all,40.57,0.00,15.17,0.00,0.00,5.21,0.00,0.00,0.00,39.05
20:16:30,0,39.33,0.00,19.10,0.00,0.00,6.74,0.00,0.00,0.00,34.83
20:16:30,1,42.86,0.00,18.68,0.00,0.00,6.59,0.00,0.00,0.00,31.87
20:16:30,2,36.36,0.00,23.86,0.00,0.00,5.68,0.00,0.00,0.00,34.09
20:16:30,3,36.26,0.00,23.08,0.00,0.00,6.59,0.00,0.00,0.00,34.07
20:16:30,4,37.93,0.00,20.69,0.00,0.00,5.75,0.00,0.00,0.00,35.63
20:16:30,5,40.40,0.00,11.11,0.00,0.00,4.04,0.00,0.00,0.00,44.44
20:16:30,6,41.67,0.00,11.46,0.00,0.00,4.17,0.00,0.00,0.00,42.71
20:16:30,7,40.21,0.00,12.37,0.00,0.00,4.12,0.00,0.00,0.00,43.30
20:16:30,8,39.36,0.00,10.64,0.00,0.00,5.32,0.00,0.00,0.00,44.68
20:16:30,9,43.75,0.00,11.46,0.00,0.00,5.21,0.00,0.00,0.00,39.58
20:16:30,10,44.09,0.00,11.83,0.00,0.00,4.30,0.00,0.00,0.00,39.78
20:16:30,11,44.09,0.00,9.68,0.00,0.00,4.30,0.00,0.00,0.00,41.94
20:16:31,all,40.90,0.00,15.43,0.00,0.00,4.48,0.00,0.00,0.00,39.19
20:16:31,0,39.77,0.00,21.59,0.00,0.00,5.68,0.00,0.00,0.00,32.95
20:16:31,1,40.22,0.00,22.83,0.00,0.00,5.43,0.00,0.00,0.00,31.52
20:16:31,2,40.45,0.00,19.10,0.00,0.00,5.62,0.00,0.00,0.00,34.83
20:16:31,3,38.20,0.00,22.47,0.00,0.00,4.49,0.00,0.00,0.00,34.83
20:16:31,4,37.36,0.00,20.88,0.00,0.00,7.69,0.00,0.00,0.00,34.07
20:16:31,5,38.71,0.00,11.83,0.00,0.00,3.23,0.00,0.00,0.00,46.24
20:16:31,6,40.00,0.00,12.63,0.00,0.00,4.21,0.00,0.00,0.00,43.16
20:16:31,7,40.86,0.00,11.83,0.00,0.00,2.15,0.00,0.00,0.00,45.16
20:16:31,8,41.05,0.00,10.53,0.00,0.00,3.16,0.00,0.00,0.00,45.26
20:16:31,9,41.84,0.00,13.27,0.00,0.00,5.10,0.00,0.00,0.00,39.80
20:16:31,10,44.79,0.00,9.38,0.00,0.00,4.17,0.00,0.00,0.00,41.67
20:16:31,11,46.88,0.00,10.42,0.00,0.00,3.12,0.00,0.00,0.00,39.58
20:16:32,all,41.42,0.00,14.65,0.00,0.00,4.76,0.00,0.00,0.00,39.17
20:16:32,0,44.44,0.00,18.89,0.00,0.00,5.56,0.00,0.00,0.00,31.11
20:16:32,1,42.70,0.00,19.10,0.00,0.00,5.62,0.00,0.00,0.00,32.58
20:16:32,2,38.64,0.00,19.32,0.00,0.00,5.68,0.00,0.00,0.00,36.36
20:16:32,3,37.08,0.00,22.47,0.00,0.00,6.74,0.00,0.00,0.00,33.71
20:16:32,4,41.76,0.00,19.78,0.00,0.00,5.49,0.00,0.00,0.00,32.97
20:16:32,5,39.18,0.00,11.34,0.00,0.00,4.12,0.00,0.00,0.00,45.36
20:16:32,6,42.55,0.00,9.57,0.00,0.00,4.26,0.00,0.00,0.00,43.62
20:16:32,7,41.94,0.00,10.75,0.00,0.00,3.23,0.00,0.00,0.00,44.09
20:16:32,8,36.84,0.00,12.63,0.00,0.00,4.21,0.00,0.00,0.00,46.32
20:16:32,9,42.71,0.00,11.46,0.00,0.00,4.17,0.00,0.00,0.00,41.67
20:16:32,10,43.30,0.00,12.37,0.00,0.00,4.12,0.00,0.00,0.00,40.21
20:16:32,11,45.74,0.00,9.57,0.00,0.00,4.26,0.00,0.00,0.00,40.43
20:16:33,all,41.88,0.00,15.54,0.00,0.00,4.55,0.00,0.00,0.00,38.04
20:16:33,0,40.66,0.00,21.98,0.00,0.00,4.40,0.00,0.00,0.00,32.97
20:16:33,1,40.86,0.00,22.58,0.00,0.00,6.45,0.00,0.00,0.00,30.11
20:16:33,2,40.66,0.00,23.08,0.00,0.00,4.40,0.00,0.00,0.00,31.87
20:16:33,3,40.23,0.00,18.39,0.00,0.00,5.75,0.00,0.00,0.00,35.63
20:16:33,4,35.96,0.00,23.60,0.00,0.00,5.62,0.00,0.00,0.00,34.83
20:16:33,5,41.00,0.00,11.00,0.00,0.00,5.00,0.00,0.00,0.00,43.00
20:16:33,6,40.00,0.00,11.58,0.00,0.00,4.21,0.00,0.00,0.00,44.21
20:16:33,7,42.71,0.00,12.50,0.00,0.00,3.12,0.00,0.00,0.00,41.67
20:16:33,8,42.11,0.00,10.53,0.00,0.00,4.21,0.00,0.00,0.00,43.16
20:16:33,9,45.36,0.00,12.37,0.00,0.00,4.12,0.00,0.00,0.00,38.14
20:16:33,10,46.81,0.00,10.64,0.00,0.00,3.19,0.00,0.00,0.00,39.36
20:16:33,11,45.65,0.00,9.78,0.00,0.00,4.35,0.00,0.00,0.00,40.22
20:16:34,all,41.59,0.00,15.30,0.00,0.00,4.56,0.00,0.00,0.00,38.55
20:16:34,0,41.11,0.00,23.33,0.00,0.00,5.56,0.00,0.00,0.00,30.00
20:16:34,1,42.86,0.00,18.68,0.00,0.00,6.59,0.00,0.00,0.00,31.87
20:16:34,2,40.45,0.00,19.10,0.00,0.00,5.62,0.00,0.00,0.00,34.83
20:16:34,3,41.11,0.00,20.00,0.00,0.00,6.67,0.00,0.00,0.00,32.22
20:16:34,4,40.45,0.00,20.22,0.00,0.00,5.62,0.00,0.00,0.00,33.71
20:16:34,5,40.21,0.00,11.34,0.00,0.00,4.12,0.00,0.00,0.00,44.33
20:16:34,6,41.24,0.00,12.37,0.00,0.00,4.12,0.00,0.00,0.00,42.27
20:16:34,7,40.82,0.00,13.27,0.00,0.00,5.10,0.00,0.00,0.00,40.82
20:16:34,8,38.30,0.00,11.70,0.00,0.00,2.13,0.00,0.00,0.00,47.87
20:16:34,9,43.16,0.00,11.58,0.00,0.00,4.21,0.00,0.00,0.00,41.05
20:16:34,10,43.75,0.00,11.46,0.00,0.00,3.12,0.00,0.00,0.00,41.67
20:16:34,11,45.65,0.00,11.96,0.00,0.00,2.17,0.00,0.00,0.00,40.22
20:16:35,all,40.86,0.00,14.96,0.00,0.00,4.48,0.00,0.00,0.00,39.70
20:16:35,0,39.08,0.00,21.84,0.00,0.00,5.75,0.00,0.00,0.00,33.33
20:16:35,1,43.01,0.00,19.35,0.00,0.00,5.38,0.00,0.00,0.00,32.26
20:16:35,2,36.96,0.00,21.74,0.00,0.00,6.52,0.00,0.00,0.00,34.78
20:16:35,3,42.86,0.00,20.88,0.00,0.00,4.40,0.00,0.00,0.00,31.87
20:16:35,4,37.08,0.00,21.35,0.00,0.00,5.62,0.00,0.00,0.00,35.96
20:16:35,5,41.67,0.00,10.42,0.00,0.00,4.17,0.00,0.00,0.00,43.75
20:16:35,6,41.41,0.00,13.13,0.00,0.00,4.04,0.00,0.00,0.00,41.41
20:16:35,7,42.11,0.00,10.53,0.00,0.00,3.16,0.00,0.00,0.00,44.21
20:16:35,8,38.95,0.00,11.58,0.00,0.00,3.16,0.00,0.00,0.00,46.32
20:16:35,9,40.43,0.00,11.70,0.00,0.00,4.26,0.00,0.00,0.00,43.62
20:16:35,10,43.48,0.00,7.61,0.00,0.00,4.35,0.00,0.00,0.00,44.57
20:16:35,11,43.01,0.00,10.75,0.00,0.00,3.23,0.00,0.00,0.00,43.01
20:16:36,all,41.78,0.00,15.09,0.00,0.00,4.58,0.00,0.00,0.00,38.54
20:16:36,0,43.48,0.00,20.65,0.00,0.00,5.43,0.00,0.00,0.00,30.43
20:16:36,1,42.22,0.00,20.00,0.00,0.00,6.67,0.00,0.00,0.00,31.11
20:16:36,2,42.05,0.00,20.45,0.00,0.00,4.55,0.00,0.00,0.00,32.95
20:16:36,3,40.00,0.00,22.22,0.00,0.00,5.56,0.00,0.00,0.00,32.22
20:16:36,4,35.23,0.00,23.86,0.00,0.00,5.68,0.00,0.00,0.00,35.23
20:16:36,5,40.62,0.00,10.42,0.00,0.00,3.12,0.00,0.00,0.00,45.83
20:16:36,6,39.36,0.00,11.70,0.00,0.00,5.32,0.00,0.00,0.00,43.62
20:16:36,7,43.75,0.00,11.46,0.00,0.00,4.17,0.00,0.00,0.00,40.62
20:16:36,8,40.00,0.00,12.63,0.00,0.00,3.16,0.00,0.00,0.00,44.21
20:16:36,9,45.26,0.00,11.58,0.00,0.00,3.16,0.00,0.00,0.00,40.00
20:16:36,10,43.62,0.00,8.51,0.00,0.00,4.26,0.00,0.00,0.00,43.62
20:16:36,11,45.26,0.00,9.47,0.00,0.00,4.21,0.00,0.00,0.00,41.05
20:16:37,all,42.41,0.00,15.45,0.00,0.00,4.73,0.00,0.00,0.00,37.41
20:16:37,0,44.32,0.00,19.32,0.00,0.00,5.68,0.00,0.00,0.00,30.68
20:16:37,1,41.30,0.00,21.74,0.00,0.00,5.43,0.00,0.00,0.00,31.52
20:16:37,2,42.22,0.00,20.00,0.00,0.00,5.56,0.00,0.00,0.00,32.22
20:16:37,3,40.22,0.00,23.91,0.00,0.00,5.43,0.00,0.00,0.00,30.43
20:16:37,4,41.05,0.00,23.16,0.00,0.00,5.26,0.00,0.00,0.00,30.53
20:16:37,5,37.63,0.00,13.98,0.00,0.00,4.30,0.00,0.00,0.00,44.09
20:16:37,6,41.94,0.00,11.83,0.00,0.00,3.23,0.00,0.00,0.00,43.01
20:16:37,7,43.30,0.00,11.34,0.00,0.00,4.12,0.00,0.00,0.00,41.24
20:16:37,8,41.05,0.00,10.53,0.00,0.00,5.26,0.00,0.00,0.00,43.16
20:16:37,9,45.45,0.00,11.11,0.00,0.00,6.06,0.00,0.00,0.00,37.37
20:16:37,10,44.21,0.00,10.53,0.00,0.00,3.16,0.00,0.00,0.00,42.11
20:16:37,11,46.15,0.00,8.79,0.00,0.00,3.30,0.00,0.00,0.00,41.76
20:16:38,all,42.92,0.00,15.50,0.00,0.00,4.57,0.00,0.00,0.00,37.01
20:16:38,0,42.70,0.00,20.22,0.00,0.00,5.62,0.00,0.00,0.00,31.46
20:16:38,1,44.44,0.00,21.11,0.00,0.00,4.44,0.00,0.00,0.00,30.00
20:16:38,2,40.22,0.00,19.57,0.00,0.00,7.61,0.00,0.00,0.00,32.61
20:16:38,3,38.20,0.00,22.47,0.00,0.00,6.74,0.00,0.00,0.00,32.58
20:16:38,4,44.32,0.00,19.32,0.00,0.00,4.55,0.00,0.00,0.00,31.82
20:16:38,5,42.42,0.00,13.13,0.00,0.00,3.03,0.00,0.00,0.00,41.41
20:16:38,6,42.71,0.00,12.50,0.00,0.00,3.12,0.00,0.00,0.00,41.67
20:16:38,7,41.49,0.00,11.70,0.00,0.00,4.26,0.00,0.00,0.00,42.55
20:16:38,8,40.82,0.00,12.24,0.00,0.00,4.08,0.00,0.00,0.00,42.86
20:16:38,9,44.09,0.00,11.83,0.00,0.00,4.30,0.00,0.00,0.00,39.78
20:16:38,10,49.47,0.00,10.53,0.00,0.00,3.16,0.00,0.00,0.00,36.84
20:16:38,11,44.09,0.00,12.90,0.00,0.00,4.30,0.00,0.00,0.00,38.71
20:16:39,all,41.61,0.00,14.62,0.00,0.00,4.48,0.00,0.00,0.00,39.28
20:16:39,0,38.89,0.00,20.00,0.00,0.00,5.56,0.00,0.00,0.00,35.56
20:16:39,1,40.23,0.00,18.39,0.00,0.00,5.75,0.00,0.00,0.00,35.63
20:16:39,2,41.76,0.00,18.68,0.00,0.00,5.49,0.00,0.00,0.00,34.07
20:16:39,3,38.37,0.00,20.93,0.00,0.00,3.49,0.00,0.00,0.00,37.21
20:16:39,4,37.36,0.00,21.98,0.00,0.00,6.59,0.00,0.00,0.00,34.07
20:16:39,5,41.24,0.00,10.31,0.00,0.00,4.12,0.00,0.00,0.00,44.33
20:16:39,6,41.41,0.00,12.12,0.00,0.00,5.05,0.00,0.00,0.00,41.41
20:16:39,7,43.16,0.00,11.58,0.00,0.00,4.21,0.00,0.00,0.00,41.05
20:16:39,8,43.62,0.00,9.57,0.00,0.00,3.19,0.00,0.00,0.00,43.62
20:16:39,9,43.75,0.00,11.46,0.00,0.00,3.12,0.00,0.00,0.00,41.67
20:16:39,10,46.32,0.00,9.47,0.00,0.00,4.21,0.00,0.00,0.00,40.00
20:16:39,11,42.55,0.00,12.77,0.00,0.00,3.19,0.00,0.00,0.00,41.49
20:16:40,all,41.76,0.00,15.59,0.00,0.00,4.57,0.00,0.00,0.00,38.08
20:16:40,0,43.18,0.00,20.45,0.00,0.00,5.68,0.00,0.00,0.00,30.68
20:16:40,1,44.68,0.00,21.28,0.00,0.00,4.26,0.00,0.00,0.00,29.79
20:16:40,2,37.08,0.00,21.35,0.00,0.00,6.74,0.00,0.00,0.00,34.83
20:16:40,3,41.76,0.00,21.98,0.00,0.00,5.49,0.00,0.00,0.00,30.77
20:16:40,4,37.93,0.00,21.84,0.00,0.00,5.75,0.00,0.00,0.00,34.48
20:16:40,5,38.54,0.00,12.50,0.00,0.00,4.17,0.00,0.00,0.00,44.79
20:16:40,6,40.00,0.00,14.74,0.00,0.00,4.21,0.00,0.00,0.00,41.05
20:16:40,7,43.62,0.00,10.64,0.00,0.00,3.19,0.00,0.00,0.00,42.55
20:16:40,8,40.00,0.00,11.58,0.00,0.00,4.21,0.00,0.00,0.00,44.21
20:16:40,9,42.71,0.00,13.54,0.00,0.00,4.17,0.00,0.00,0.00,39.58
20:16:40,10,45.83,0.00,9.38,0.00,0.00,3.12,0.00,0.00,0.00,41.67
20:16:40,11,45.26,0.00,9.47,0.00,0.00,4.21,0.00,0.00,0.00,41.05
20:16:41,all,41.10,0.00,15.02,0.00,0.00,4.95,0.00,0.00,0.00,38.94
20:16:41,0,40.45,0.00,19.10,0.00,0.00,6.74,0.00,0.00,0.00,33.71
20:16:41,1,42.86,0.00,20.88,0.00,0.00,5.49,0.00,0.00,0.00,30.77
20:16:41,2,37.08,0.00,20.22,0.00,0.00,5.62,0.00,0.00,0.00,37.08
20:16:41,3,38.20,0.00,22.47,0.00,0.00,6.74,0.00,0.00,0.00,32.58
20:16:41,4,39.08,0.00,21.84,0.00,0.00,5.75,0.00,0.00,0.00,33.33
20:16:41,5,39.80,0.00,12.24,0.00,0.00,4.08,0.00,0.00,0.00,43.88
20:16:41,6,40.43,0.00,10.64,0.00,0.00,4.26,0.00,0.00,0.00,44.68
20:16:41,7,41.00,0.00,13.00,0.00,0.00,5.00,0.00,0.00,0.00,41.00
20:16:41,8,40.43,0.00,10.64,0.00,0.00,4.26,0.00,0.00,0.00,44.68
20:16:41,9,43.62,0.00,10.64,0.00,0.00,4.26,0.00,0.00,0.00,41.49
20:16:41,10,45.74,0.00,9.57,0.00,0.00,4.26,0.00,0.00,0.00,40.43
20:16:41,11,44.09,0.00,10.75,0.00,0.00,3.23,0.00,0.00,0.00,41.94
20:16:42,all,41.14,0.00,14.94,0.00,0.00,4.83,0.00,0.00,0.00,39.09
20:16:42,0,44.09,0.00,19.35,0.00,0.00,4.30,0.00,0.00,0.00,32.26
20:16:42,1,40.91,0.00,19.32,0.00,0.00,5.68,0.00,0.00,0.00,34.09
20:16:42,2,37.78,0.00,21.11,0.00,0.00,5.56,0.00,0.00,0.00,35.56
20:16:42,3,41.57,0.00,17.98,0.00,0.00,6.74,0.00,0.00,0.00,33.71
20:16:42,4,37.36,0.00,21.98,0.00,0.00,5.49,0.00,0.00,0.00,35.16
20:16:42,5,37.76,0.00,12.24,0.00,0.00,4.08,0.00,0.00,0.00,45.92
20:16:42,6,41.67,0.00,11.46,0.00,0.00,5.21,0.00,0.00,0.00,41.67
20:16:42,7,42.71,0.00,12.50,0.00,0.00,5.21,0.00,0.00,0.00,39.58
20:16:42,8,38.54,0.00,13.54,0.00,0.00,3.12,0.00,0.00,0.00,44.79
20:16:42,9,41.49,0.00,10.64,0.00,0.00,5.32,0.00,0.00,0.00,42.55
20:16:42,10,44.68,0.00,10.64,0.00,0.00,3.19,0.00,0.00,0.00,41.49
20:16:42,11,45.16,0.00,9.68,0.00,0.00,4.30,0.00,0.00,0.00,40.86
20:16:43,all,41.81,0.00,15.40,0.00,0.00,4.66,0.00,0.00,0.00,38.14
20:16:43,0,39.13,0.00,22.83,0.00,0.00,5.43,0.00,0.00,0.00,32.61
20:16:43,1,37.50,0.00,20.45,0.00,0.00,7.95,0.00,0.00,0.00,34.09
20:16:43,2,39.56,0.00,23.08,0.00,0.00,4.40,0.00,0.00,0.00,32.97
20:16:43,3,39.56,0.00,20.88,0.00,0.00,5.49,0.00,0.00,0.00,34.07
20:16:43,4,39.56,0.00,21.98,0.00,0.00,5.49,0.00,0.00,0.00,32.97
20:16:43,5,41.24,0.00,12.37,0.00,0.00,4.12,0.00,0.00,0.00,42.27
20:16:43,6,42.11,0.00,11.58,0.00,0.00,3.16,0.00,0.00,0.00,43.16
20:16:43,7,42.55,0.00,10.64,0.00,0.00,4.26,0.00,0.00,0.00,42.55
20:16:43,8,40.62,0.00,11.46,0.00,0.00,4.17,0.00,0.00,0.00,43.75
20:16:43,9,44.79,0.00,11.46,0.00,0.00,4.17,0.00,0.00,0.00,39.58
20:16:43,10,47.87,0.00,8.51,0.00,0.00,3.19,0.00,0.00,0.00,40.43
20:16:43,11,46.74,0.00,10.87,0.00,0.00,4.35,0.00,0.00,0.00,38.04
20:16:44,all,42.32,0.00,15.00,0.00,0.00,4.64,0.00,0.00,0.00,38.04
20:16:44,0,41.11,0.00,21.11,0.00,0.00,5.56,0.00,0.00,0.00,32.22
20:16:44,1,43.82,0.00,20.22,0.00,0.00,4.49,0.00,0.00,0.00,31.46
20:16:44,2,38.89,0.00,22.22,0.00,0.00,5.56,0.00,0.00,0.00,33.33
20:16:44,3,40.45,0.00,19.10,0.00,0.00,6.74,0.00,0.00,0.00,33.71
20:16:44,4,43.96,0.00,18.68,0.00,0.00,4.40,0.00,0.00,0.00,32.97
20:16:44,5,39.58,0.00,11.46,0.00,0.00,4.17,0.00,0.00,0.00,44.79
20:16:44,6,42.71,0.00,10.42,0.00,0.00,4.17,0.00,0.00,0.00,42.71
20:16:44,7,42.27,0.00,13.40,0.00,0.00,5.15,0.00,0.00,0.00,39.18
20:16:44,8,38.95,0.00,11.58,0.00,0.00,4.21,0.00,0.00,0.00,45.26
20:16:44,9,41.67,0.00,13.54,0.00,0.00,5.21,0.00,0.00,0.00,39.58
20:16:44,10,45.74,0.00,9.57,0.00,0.00,3.19,0.00,0.00,0.00,41.49
20:16:44,11,48.45,0.00,10.31,0.00,0.00,3.09,0.00,0.00,0.00,38.14
20:16:45,all,41.11,0.00,15.08,0.00,0.00,4.40,0.00,0.00,0.00,39.41
20:16:45,0,41.30,0.00,21.74,0.00,0.00,5.43,0.00,0.00,0.00,31.52
20:16:45,1,39.56,0.00,23.08,0.00,0.00,5.49,0.00,0.00,0.00,31.87
20:16:45,2,38.30,0.00,21.28,0.00,0.00,6.38,0.00,0.00,0.00,34.04
20:16:45,3,41.38,0.00,18.39,0.00,0.00,4.60,0.00,0.00,0.00,35.63
20:16:45,4,37.78,0.00,22.22,0.00,0.00,4.44,0.00,0.00,0.00,35.56
20:16:45,5,40.00,0.00,11.58,0.00,0.00,3.16,0.00,0.00,0.00,45.26
20:16:45,6,41.67,0.00,11.46,0.00,0.00,4.17,0.00,0.00,0.00,42.71
20:16:45,7,43.16,0.00,10.53,0.00,0.00,4.21,0.00,0.00,0.00,42.11
20:16:45,8,38.95,0.00,11.58,0.00,0.00,4.21,0.00,0.00,0.00,45.26
20:16:45,9,43.16,0.00,11.58,0.00,0.00,3.16,0.00,0.00,0.00,42.11
20:16:45,10,45.26,0.00,8.42,0.00,0.00,4.21,0.00,0.00,0.00,42.11
20:16:45,11,42.70,0.00,10.11,0.00,0.00,3.37,0.00,0.00,0.00,43.82
20:16:46,all,41.03,0.00,15.99,0.00,0.00,4.71,0.00,0.00,0.00,38.28
20:16:46,0,41.30,0.00,20.65,0.00,0.00,6.52,0.00,0.00,0.00,31.52
20:16:46,1,40.66,0.00,21.98,0.00,0.00,6.59,0.00,0.00,0.00,30.77
20:16:46,2,36.67,0.00,23.33,0.00,0.00,5.56,0.00,0.00,0.00,34.44
20:16:46,3,36.56,0.00,23.66,0.00,0.00,6.45,0.00,0.00,0.00,33.33
20:16:46,4,39.56,0.00,21.98,0.00,0.00,5.49,0.00,0.00,0.00,32.97
20:16:46,5,41.84,0.00,11.22,0.00,0.00,3.06,0.00,0.00,0.00,43.88
20:16:46,6,42.71,0.00,12.50,0.00,0.00,3.12,0.00,0.00,0.00,41.67
20:16:46,7,41.05,0.00,11.58,0.00,0.00,4.21,0.00,0.00,0.00,43.16
20:16:46,8,40.43,0.00,10.64,0.00,0.00,4.26,0.00,0.00,0.00,44.68
20:16:46,9,42.11,0.00,12.63,0.00,0.00,3.16,0.00,0.00,0.00,42.11
20:16:46,10,46.39,0.00,10.31,0.00,0.00,4.12,0.00,0.00,0.00,39.18
20:16:46,11,42.55,0.00,12.77,0.00,0.00,4.26,0.00,0.00,0.00,40.43
20:16:47,all,41.35,0.00,16.13,0.00,0.00,4.90,0.00,0.00,0.00,37.61
20:16:47,0,43.82,0.00,19.10,0.00,0.00,5.62,0.00,0.00,0.00,31.46
20:16:47,1,38.46,0.00,23.08,0.00,0.00,6.59,0.00,0.00,0.00,31.87
20:16:47,2,40.66,0.00,21.98,0.00,0.00,5.49,0.00,0.00,0.00,31.87
20:16:47,3,38.20,0.00,22.47,0.00,0.00,7.87,0.00,0.00,0.00,31.46
20:16:47,4,38.89,0.00,23.33,0.00,0.00,4.44,0.00,0.00,0.00,33.33
20:16:47,5,36.73,0.00,14.29,0.00,0.00,6.12,0.00,0.00,0.00,42.86
20:16:47,6,40.62,0.00,11.46,0.00,0.00,5.21,0.00,0.00,0.00,42.71
20:16:47,7,45.83,0.00,12.50,0.00,0.00,3.12,0.00,0.00,0.00,38.54
20:16:47,8,38.78,0.00,13.27,0.00,0.00,4.08,0.00,0.00,0.00,43.88
20:16:47,9,44.33,0.00,10.31,0.00,0.00,4.12,0.00,0.00,0.00,41.24
20:16:47,10,45.16,0.00,11.83,0.00,0.00,3.23,0.00,0.00,0.00,39.78
20:16:47,11,44.68,0.00,11.70,0.00,0.00,3.19,0.00,0.00,0.00,40.43
20:16:48,all,42.02,0.00,16.31,0.00,0.00,4.61,0.00,0.00,0.00,37.06
20:16:48,0,38.46,0.00,24.18,0.00,0.00,6.59,0.00,0.00,0.00,30.77
20:16:48,1,41.30,0.00,21.74,0.00,0.00,5.43,0.00,0.00,0.00,31.52
20:16:48,2,40.00,0.00,22.22,0.00,0.00,5.56,0.00,0.00,0.00,32.22
20:16:48,3,41.76,0.00,19.78,0.00,0.00,6.59,0.00,0.00,0.00,31.87
20:16:48,4,40.86,0.00,20.43,0.00,0.00,6.45,0.00,0.00,0.00,32.26
20:16:48,5,42.11,0.00,13.68,0.00,0.00,2.11,0.00,0.00,0.00,42.11
20:16:48,6,40.82,0.00,15.31,0.00,0.00,4.08,0.00,0.00,0.00,39.80
20:16:48,7,42.11,0.00,11.58,0.00,0.00,4.21,0.00,0.00,0.00,42.11
20:16:48,8,41.05,0.00,13.68,0.00,0.00,3.16,0.00,0.00,0.00,42.11
20:16:48,9,43.30,0.00,11.34,0.00,0.00,5.15,0.00,0.00,0.00,40.21
20:16:48,10,44.79,0.00,11.46,0.00,0.00,2.08,0.00,0.00,0.00,41.67
20:16:48,11,47.37,0.00,11.58,0.00,0.00,4.21,0.00,0.00,0.00,36.84
20:16:49,all,41.81,0.00,15.49,0.00,0.00,4.48,0.00,0.00,0.00,38.23
20:16:49,0,39.78,0.00,22.58,0.00,0.00,5.38,0.00,0.00,0.00,32.26
20:16:49,1,43.33,0.00,20.00,0.00,0.00,5.56,0.00,0.00,0.00,31.11
20:16:49,2,37.36,0.00,23.08,0.00,0.00,5.49,0.00,0.00,0.00,34.07
20:16:49,3,39.13,0.00,22.83,0.00,0.00,5.43,0.00,0.00,0.00,32.61
20:16:49,4,41.11,0.00,20.00,0.00,0.00,4.44,0.00,0.00,0.00,34.44
20:16:49,5,38.95,0.00,10.53,0.00,0.00,5.26,0.00,0.00,0.00,45.26
20:16:49,6,42.71,0.00,11.46,0.00,0.00,4.17,0.00,0.00,0.00,41.67
20:16:49,7,42.71,0.00,12.50,0.00,0.00,4.17,0.00,0.00,0.00,40.62
20:16:49,8,42.55,0.00,10.64,0.00,0.00,3.19,0.00,0.00,0.00,43.62
20:16:49,9,41.94,0.00,11.83,0.00,0.00,4.30,0.00,0.00,0.00,41.94
20:16:49,10,46.24,0.00,10.75,0.00,0.00,3.23,0.00,0.00,0.00,39.78
20:16:49,11,45.74,0.00,10.64,0.00,0.00,3.19,0.00,0.00,0.00,40.43
20:16:50,all,40.92,0.00,15.11,0.00,0.00,4.86,0.00,0.00,0.00,39.12
20:16:50,0,39.77,0.00,18.18,0.00,0.00,7.95,0.00,0.00,0.00,34.09
20:16:50,1,40.22,0.00,20.65,0.00,0.00,5.43,0.00,0.00,0.00,33.70
20:16:50,2,40.86,0.00,18.28,0.00,0.00,6.45,0.00,0.00,0.00,34.41
20:16:50,3,37.36,0.00,23.08,0.00,0.00,6.59,0.00,0.00,0.00,32.97
20:16:50,4,40.22,0.00,21.74,0.00,0.00,4.35,0.00,0.00,0.00,33.70
20:16:50,5,39.36,0.00,11.70,0.00,0.00,4.26,0.00,0.00,0.00,44.68
20:16:50,6,39.78,0.00,12.90,0.00,0.00,3.23,0.00,0.00,0.00,44.09
20:16:50,7,40.62,0.00,11.46,0.00,0.00,5.21,0.00,0.00,0.00,42.71
20:16:50,8,40.62,0.00,11.46,0.00,0.00,4.17,0.00,0.00,0.00,43.75
20:16:50,9,40.43,0.00,11.70,0.00,0.00,4.26,0.00,0.00,0.00,43.62
20:16:50,10,47.83,0.00,8.70,0.00,0.00,3.26,0.00,0.00,0.00,40.22
20:16:50,11,43.96,0.00,12.09,0.00,0.00,3.30,0.00,0.00,0.00,40.66
20:16:51,all,40.39,0.00,14.92,0.00,0.00,5.36,0.00,0.00,0.00,39.32
20:16:51,0,39.56,0.00,19.78,0.00,0.00,6.59,0.00,0.00,0.00,34.07
20:16:51,1,39.56,0.00,19.78,0.00,0.00,5.49,0.00,0.00,0.00,35.16
20:16:51,2,38.71,0.00,20.43,0.00,0.00,5.38,0.00,0.00,0.00,35.48
20:16:51,3,41.05,0.00,20.00,0.00,0.00,6.32,0.00,0.00,0.00,32.63
20:16:51,4,39.33,0.00,19.10,0.00,0.00,6.74,0.00,0.00,0.00,34.83
20:16:51,5,37.50,0.00,11.46,0.00,0.00,6.25,0.00,0.00,0.00,44.79
20:16:51,6,43.16,0.00,11.58,0.00,0.00,4.21,0.00,0.00,0.00,41.05
20:16:51,7,40.43,0.00,11.70,0.00,0.00,4.26,0.00,0.00,0.00,43.62
20:16:51,8,38.95,0.00,11.58,0.00,0.00,5.26,0.00,0.00,0.00,44.21
20:16:51,9,39.36,0.00,11.70,0.00,0.00,5.32,0.00,0.00,0.00,43.62
20:16:51,10,42.55,0.00,11.70,0.00,0.00,4.26,0.00,0.00,0.00,41.49
20:16:51,11,44.57,0.00,10.87,0.00,0.00,4.35,0.00,0.00,0.00,40.22
20:16:52,all,40.84,0.00,15.26,0.00,0.00,4.85,0.00,0.00,0.00,39.05
20:16:52,0,40.66,0.00,19.78,0.00,0.00,6.59,0.00,0.00,0.00,32.97
20:16:52,1,39.13,0.00,23.91,0.00,0.00,5.43,0.00,0.00,0.00,31.52
20:16:52,2,40.45,0.00,20.22,0.00,0.00,5.62,0.00,0.00,0.00,33.71
20:16:52,3,39.56,0.00,20.88,0.00,0.00,6.59,0.00,0.00,0.00,32.97
20:16:52,4,37.50,0.00,20.45,0.00,0.00,5.68,0.00,0.00,0.00,36.36
20:16:52,5,40.00,0.00,12.63,0.00,0.00,4.21,0.00,0.00,0.00,43.16
20:16:52,6,41.05,0.00,11.58,0.00,0.00,4.21,0.00,0.00,0.00,43.16
20:16:52,7,39.58,0.00,13.54,0.00,0.00,4.17,0.00,0.00,0.00,42.71
20:16:52,8,41.24,0.00,10.31,0.00,0.00,4.12,0.00,0.00,0.00,44.33
20:16:52,9,42.11,0.00,11.58,0.00,0.00,4.21,0.00,0.00,0.00,42.11
20:16:52,10,42.86,0.00,8.79,0.00,0.00,4.40,0.00,0.00,0.00,43.96
20:16:52,11,45.74,0.00,10.64,0.00,0.00,3.19,0.00,0.00,0.00,40.43
20:16:53,all,40.54,0.00,14.89,0.00,0.00,4.84,0.00,0.00,0.00,39.73
20:16:53,0,39.33,0.00,19.10,0.00,0.00,7.87,0.00,0.00,0.00,33.71
20:16:53,1,41.57,0.00,20.22,0.00,0.00,5.62,0.00,0.00,0.00,32.58
20:16:53,2,39.33,0.00,20.22,0.00,0.00,5.62,0.00,0.00,0.00,34.83
20:16:53,3,40.86,0.00,21.51,0.00,0.00,5.38,0.00,0.00,0.00,32.26
20:16:53,4,37.78,0.00,22.22,0.00,0.00,4.44,0.00,0.00,0.00,35.56
20:16:53,5,38.54,0.00,11.46,0.00,0.00,4.17,0.00,0.00,0.00,45.83
20:16:53,6,40.21,0.00,11.34,0.00,0.00,5.15,0.00,0.00,0.00,43.30
20:16:53,7,40.82,0.00,14.29,0.00,0.00,3.06,0.00,0.00,0.00,41.84
20:16:53,8,38.30,0.00,10.64,0.00,0.00,4.26,0.00,0.00,0.00,46.81
20:16:53,9,42.71,0.00,9.38,0.00,0.00,5.21,0.00,0.00,0.00,42.71
20:16:53,10,44.09,0.00,9.68,0.00,0.00,3.23,0.00,0.00,0.00,43.01
20:16:53,11,42.86,0.00,9.89,0.00,0.00,4.40,0.00,0.00,0.00,42.86
20:16:54,all,41.81,0.00,15.84,0.09,0.00,5.16,0.00,0.00,0.00,37.10
20:16:54,0,38.71,0.00,22.58,0.00,0.00,7.53,0.00,0.00,0.00,31.18
20:16:54,1,39.78,0.00,21.51,0.00,0.00,7.53,0.00,0.00,0.00,31.18
20:16:54,2,38.04,0.00,22.83,0.00,0.00,6.52,0.00,0.00,0.00,32.61
20:16:54,3,42.22,0.00,21.11,0.00,0.00,5.56,0.00,0.00,0.00,31.11
20:16:54,4,43.01,0.00,20.43,0.00,0.00,5.38,0.00,0.00,0.00,31.18
20:16:54,5,41.24,0.00,9.28,1.03,0.00,4.12,0.00,0.00,0.00,44.33
20:16:54,6,39.18,0.00,14.43,0.00,0.00,5.15,0.00,0.00,0.00,41.24
20:16:54,7,41.05,0.00,10.53,0.00,0.00,5.26,0.00,0.00,0.00,43.16
20:16:54,8,42.11,0.00,10.53,0.00,0.00,4.21,0.00,0.00,0.00,43.16
20:16:54,9,43.48,0.00,15.22,0.00,0.00,3.26,0.00,0.00,0.00,38.04
20:16:54,10,46.81,0.00,10.64,0.00,0.00,4.26,0.00,0.00,0.00,38.30
20:16:54,11,46.24,0.00,11.83,0.00,0.00,3.23,0.00,0.00,0.00,38.71
20:16:55,all,40.65,0.00,15.11,0.09,0.00,4.50,0.00,0.00,0.00,39.66
20:16:55,0,41.11,0.00,20.00,0.00,0.00,6.67,0.00,0.00,0.00,32.22
20:16:55,1,41.30,0.00,19.57,0.00,0.00,5.43,0.00,0.00,0.00,33.70
20:16:55,2,37.78,0.00,20.00,0.00,0.00,6.67,0.00,0.00,0.00,35.56
20:16:55,3,37.36,0.00,23.08,0.00,0.00,6.59,0.00,0.00,0.00,32.97
20:16:55,4,41.11,0.00,21.11,0.00,0.00,4.44,0.00,0.00,0.00,33.33
20:16:55,5,39.58,0.00,11.46,0.00,0.00,3.12,0.00,0.00,0.00,45.83
20:16:55,6,40.00,0.00,10.53,1.05,0.00,3.16,0.00,0.00,0.00,45.26
20:16:55,7,38.95,0.00,13.68,0.00,0.00,3.16,0.00,0.00,0.00,44.21
20:16:55,8,38.71,0.00,10.75,0.00,0.00,4.30,0.00,0.00,0.00,46.24
20:16:55,9,40.62,0.00,12.50,0.00,0.00,4.17,0.00,0.00,0.00,42.71
20:16:55,10,43.96,0.00,9.89,0.00,0.00,4.40,0.00,0.00,0.00,41.76
20:16:55,11,47.31,0.00,9.68,0.00,0.00,2.15,0.00,0.00,0.00,40.86
20:16:56,all,41.23,0.00,15.83,0.00,0.00,4.38,0.00,0.00,0.00,38.55
20:16:56,0,40.66,0.00,20.88,0.00,0.00,5.49,0.00,0.00,0.00,32.97
20:16:56,1,38.46,0.00,23.08,0.00,0.00,5.49,0.00,0.00,0.00,32.97
20:16:56,2,40.22,0.00,21.74,0.00,0.00,4.35,0.00,0.00,0.00,33.70
20:16:56,3,39.13,0.00,22.83,0.00,0.00,5.43,0.00,0.00,0.00,32.61
20:16:56,4,37.78,0.00,21.11,0.00,0.00,5.56,0.00,0.00,0.00,35.56
20:16:56,5,39.58,0.00,11.46,0.00,0.00,4.17,0.00,0.00,0.00,44.79
20:16:56,6,42.55,0.00,11.70,0.00,0.00,4.26,0.00,0.00,0.00,41.49
20:16:56,7,41.67,0.00,12.50,0.00,0.00,4.17,0.00,0.00,0.00,41.67
20:16:56,8,39.58,0.00,11.46,0.00,0.00,4.17,0.00,0.00,0.00,44.79
20:16:56,9,44.09,0.00,13.98,0.00,0.00,3.23,0.00,0.00,0.00,38.71
20:16:56,10,45.16,0.00,9.68,0.00,0.00,3.23,0.00,0.00,0.00,41.94
20:16:56,11,45.74,0.00,10.64,0.00,0.00,3.19,0.00,0.00,0.00,40.43
20:16:57,all,41.97,0.00,15.16,0.00,0.00,4.93,0.00,0.00,0.00,37.94
20:16:57,0,44.44,0.00,20.00,0.00,0.00,6.67,0.00,0.00,0.00,28.89
20:16:57,1,42.22,0.00,22.22,0.00,0.00,5.56,0.00,0.00,0.00,30.00
20:16:57,2,39.36,0.00,20.21,0.00,0.00,7.45,0.00,0.00,0.00,32.98
20:16:57,3,40.66,0.00,19.78,0.00,0.00,5.49,0.00,0.00,0.00,34.07
20:16:57,4,40.22,0.00,20.65,0.00,0.00,5.43,0.00,0.00,0.00,33.70
20:16:57,5,41.05,0.00,10.53,0.00,0.00,5.26,0.00,0.00,0.00,43.16
20:16:57,6,44.21,0.00,10.53,0.00,0.00,5.26,0.00,0.00,0.00,40.00
20:16:57,7,46.24,0.00,10.75,0.00,0.00,3.23,0.00,0.00,0.00,39.78
20:16:57,8,39.78,0.00,10.75,0.00,0.00,3.23,0.00,0.00,0.00,46.24
20:16:57,9,39.78,0.00,13.98,0.00,0.00,3.23,0.00,0.00,0.00,43.01
20:16:57,10,42.55,0.00,10.64,0.00,0.00,4.26,0.00,0.00,0.00,42.55
20:16:57,11,43.16,0.00,12.63,0.00,0.00,4.21,0.00,0.00,0.00,40.00
20:16:58,all,42.27,0.00,15.64,0.00,0.00,5.09,0.00,0.00,0.00,37.00
20:16:58,0,42.22,0.00,22.22,0.00,0.00,6.67,0.00,0.00,0.00,28.89
20:16:58,1,45.56,0.00,17.78,0.00,0.00,5.56,0.00,0.00,0.00,31.11
20:16:58,2,35.96,0.00,21.35,0.00,0.00,5.62,0.00,0.00,0.00,37.08
20:16:58,3,43.96,0.00,18.68,0.00,0.00,7.69,0.00,0.00,0.00,29.67
20:16:58,4,42.39,0.00,23.91,0.00,0.00,5.43,0.00,0.00,0.00,28.26
20:16:58,5,39.36,0.00,12.77,0.00,0.00,4.26,0.00,0.00,0.00,43.62
20:16:58,6,44.79,0.00,10.42,0.00,0.00,4.17,0.00,0.00,0.00,40.62
20:16:58,7,40.62,0.00,13.54,0.00,0.00,5.21,0.00,0.00,0.00,40.62
20:16:58,8,39.18,0.00,12.37,0.00,0.00,4.12,0.00,0.00,0.00,44.33
20:16:58,9,42.55,0.00,12.77,0.00,0.00,5.32,0.00,0.00,0.00,39.36
20:16:58,10,45.83,0.00,12.50,0.00,0.00,3.12,0.00,0.00,0.00,38.54
20:16:58,11,44.68,0.00,10.64,0.00,0.00,4.26,0.00,0.00,0.00,40.43
20:16:59,all,41.49,0.00,15.87,0.00,0.00,4.88,0.00,0.00,0.00,37.77
20:16:59,0,41.30,0.00,20.65,0.00,0.00,6.52,0.00,0.00,0.00,31.52
20:16:59,1,41.30,0.00,20.65,0.00,0.00,6.52,0.00,0.00,0.00,31.52
20:16:59,2,36.36,0.00,23.86,0.00,0.00,4.55,0.00,0.00,0.00,35.23
20:16:59,3,37.78,0.00,24.44,0.00,0.00,5.56,0.00,0.00,0.00,32.22
20:16:59,4,38.46,0.00,20.88,0.00,0.00,6.59,0.00,0.00,0.00,34.07
20:16:59,5,43.88,0.00,11.22,0.00,0.00,4.08,0.00,0.00,0.00,40.82
20:16:59,6,42.27,0.00,12.37,0.00,0.00,4.12,0.00,0.00,0.00,41.24
20:16:59,7,43.30,0.00,13.40,0.00,0.00,3.09,0.00,0.00,0.00,40.21
20:16:59,8,37.89,0.00,11.58,0.00,0.00,5.26,0.00,0.00,0.00,45.26
20:16:59,9,42.71,0.00,11.46,0.00,0.00,5.21,0.00,0.00,0.00,40.62
20:16:59,10,45.36,0.00,11.34,0.00,0.00,3.09,0.00,0.00,0.00,40.21
20:16:59,11,46.32,0.00,10.53,0.00,0.00,4.21,0.00,0.00,0.00,38.95
20:17:00,all,41.29,0.00,15.35,0.00,0.00,4.67,0.00,0.00,0.00,38.69
20:17:00,0,41.76,0.00,20.88,0.00,0.00,5.49,0.00,0.00,0.00,31.87
20:17:00,1,41.11,0.00,21.11,0.00,0.00,6.67,0.00,0.00,0.00,31.11
20:17:00,2,39.08,0.00,19.54,0.00,0.00,5.75,0.00,0.00,0.00,35.63
20:17:00,3,39.56,0.00,20.88,0.00,0.00,5.49,0.00,0.00,0.00,34.07
20:17:00,4,38.46,0.00,23.08,0.00,0.00,5.49,0.00,0.00,0.00,32.97
20:17:00,5,40.21,0.00,11.34,0.00,0.00,4.12,0.00,0.00,0.00,44.33
20:17:00,6,41.67,0.00,11.46,0.00,0.00,3.12,0.00,0.00,0.00,43.75
20:17:00,7,42.27,0.00,12.37,0.00,0.00,5.15,0.00,0.00,0.00,40.21
20:17:00,8,38.04,0.00,10.87,0.00,0.00,4.35,0.00,0.00,0.00,46.74
20:17:00,9,44.33,0.00,13.40,0.00,0.00,4.12,0.00,0.00,0.00,38.14
20:17:00,10,44.09,0.00,8.60,0.00,0.00,3.23,0.00,0.00,0.00,44.09
20:17:00,11,44.57,0.00,11.96,0.00,0.00,3.26,0.00,0.00,0.00,40.22
20:17:01,all,39.91,0.00,15.43,0.00,0.00,5.02,0.00,0.00,0.00,39.64
20:17:01,0,41.30,0.00,20.65,0.00,0.00,5.43,0.00,0.00,0.00,32.61
20:17:01,1,37.93,0.00,19.54,0.00,0.00,5.75,0.00,0.00,0.00,36.78
20:17:01,2,39.78,0.00,19.35,0.00,0.00,6.45,0.00,0.00,0.00,34.41
20:17:01,3,40.45,0.00,20.22,0.00,0.00,5.62,0.00,0.00,0.00,33.71
20:17:01,4,33.71,0.00,22.47,0.00,0.00,6.74,0.00,0.00,0.00,37.08
20:17:01,5,36.46,0.00,12.50,0.00,0.00,5.21,0.00,0.00,0.00,45.83
20:17:01,6,37.89,0.00,12.63,0.00,0.00,5.26,0.00,0.00,0.00,44.21
20:17:01,7,38.30,0.00,13.83,0.00,0.00,4.26,0.00,0.00,0.00,43.62
20:17:01,8,40.62,0.00,10.42,0.00,0.00,5.21,0.00,0.00,0.00,43.75
20:17:01,9,40.62,0.00,13.54,0.00,0.00,4.17,0.00,0.00,0.00,41.67
20:17:01,10,45.26,0.00,11.58,0.00,0.00,3.16,0.00,0.00,0.00,40.00
20:17:01,11,46.24,0.00,9.68,0.00,0.00,3.23,0.00,0.00,0.00,40.86
20:17:02,all,41.01,0.00,15.48,0.00,0.00,4.54,0.00,0.00,0.00,38.97
20:17:02,0,41.30,0.00,21.74,0.00,0.00,5.43,0.00,0.00,0.00,31.52
20:17:02,1,40.22,0.00,20.65,0.00,0.00,6.52,0.00,0.00,0.00,32.61
20:17:02,2,37.36,0.00,23.08,0.00,0.00,5.49,0.00,0.00,0.00,34.07
20:17:02,3,41.76,0.00,18.68,0.00,0.00,5.49,0.00,0.00,0.00,34.07
20:17:02,4,40.66,0.00,21.98,0.00,0.00,5.49,0.00,0.00,0.00,31.87
20:17:02,5,35.79,0.00,12.63,0.00,0.00,4.21,0.00,0.00,0.00,47.37
20:17:02,6,40.00,0.00,10.53,0.00,0.00,4.21,0.00,0.00,0.00,45.26
20:17:02,7,41.24,0.00,12.37,0.00,0.00,4.12,0.00,0.00,0.00,42.27
20:17:02,8,39.39,0.00,13.13,0.00,0.00,4.04,0.00,0.00,0.00,43.43
20:17:02,9,42.27,0.00,15.46,0.00,0.00,3.09,0.00,0.00,0.00,39.18
20:17:02,10,45.05,0.00,8.79,0.00,0.00,3.30,0.00,0.00,0.00,42.86
20:17:02,11,47.31,0.00,7.53,0.00,0.00,3.23,0.00,0.00,0.00,41.94
20:17:03,all,40.02,0.00,16.13,0.00,0.00,4.63,0.00,0.00,0.00,39.22
20:17:03,0,40.00,0.00,21.11,0.00,0.00,5.56,0.00,0.00,0.00,33.33
20:17:03,1,40.86,0.00,22.58,0.00,0.00,4.30,0.00,0.00,0.00,32.26
20:17:03,2,37.36,0.00,23.08,0.00,0.00,5.49,0.00,0.00,0.00,34.07
20:17:03,3,37.08,0.00,21.35,0.00,0.00,5.62,0.00,0.00,0.00,35.96
20:17:03,4,36.56,0.00,23.66,0.00,0.00,5.38,0.00,0.00,0.00,34.41
20:17:03,5,37.89,0.00,12.63,0.00,0.00,4.21,0.00,0.00,0.00,45.26
20:17:03,6,41.49,0.00,10.64,0.00,0.00,4.26,0.00,0.00,0.00,43.62
20:17:03,7,39.78,0.00,11.83,0.00,0.00,4.30,0.00,0.00,0.00,44.09
20:17:03,8,38.38,0.00,11.11,0.00,0.00,5.05,0.00,0.00,0.00,45.45
20:17:03,9,43.16,0.00,12.63,0.00,0.00,4.21,0.00,0.00,0.00,40.00
20:17:03,10,41.67,0.00,12.50,0.00,0.00,4.17,0.00,0.00,0.00,41.67
20:17:03,11,45.74,0.00,11.70,0.00,0.00,3.19,0.00,0.00,0.00,39.36
20:17:04,all,41.65,0.00,16.34,0.00,0.00,4.67,0.00,0.00,0.00,37.34
20:17:04,0,40.66,0.00,20.88,0.00,0.00,6.59,0.00,0.00,0.00,31.87
20:17:04,1,44.44,0.00,20.00,0.00,0.00,5.56,0.00,0.00,0.00,30.00
20:17:04,2,38.46,0.00,21.98,0.00,0.00,6.59,0.00,0.00,0.00,32.97
20:17:04,3,40.22,0.00,22.83,0.00,0.00,6.52,0.00,0.00,0.00,30.43
20:17:04,4,40.66,0.00,20.88,0.00,0.00,5.49,0.00,0.00,0.00,32.97
20:17:04,5,41.67,0.00,12.50,0.00,0.00,4.17,0.00,0.00,0.00,41.67
20:17:04,6,39.13,0.00,15.22,0.00,0.00,4.35,0.00,0.00,0.00,41.30
20:17:04,7,41.05,0.00,13.68,0.00,0.00,3.16,0.00,0.00,0.00,42.11
20:17:04,8,40.00,0.00,13.68,0.00,0.00,4.21,0.00,0.00,0.00,42.11
20:17:04,9,44.09,0.00,11.83,0.00,0.00,3.23,0.00,0.00,0.00,40.86
20:17:04,10,44.21,0.00,11.58,0.00,0.00,2.11,0.00,0.00,0.00,42.11
20:17:04,11,45.16,0.00,11.83,0.00,0.00,4.30,0.00,0.00,0.00,38.71
20:17:05,all,39.82,0.00,15.98,0.00,0.00,4.82,0.00,0.00,0.00,39.38
20:17:05,0,40.66,0.00,20.88,0.00,0.00,5.49,0.00,0.00,0.00,32.97
20:17:05,1,41.11,0.00,21.11,0.00,0.00,5.56,0.00,0.00,0.00,32.22
20:17:05,2,37.78,0.00,22.22,0.00,0.00,5.56,0.00,0.00,0.00,34.44
20:17:05,3,38.46,0.00,20.88,0.00,0.00,6.59,0.00,0.00,0.00,34.07
20:17:05,4,37.36,0.00,23.08,0.00,0.00,5.49,0.00,0.00,0.00,34.07
20:17:05,5,38.54,0.00,13.54,0.00,0.00,4.17,0.00,0.00,0.00,43.75
20:17:05,6,41.24,0.00,12.37,0.00,0.00,3.09,0.00,0.00,0.00,43.30
20:17:05,7,41.49,0.00,9.57,0.00,0.00,4.26,0.00,0.00,0.00,44.68
20:17:05,8,38.54,0.00,12.50,0.00,0.00,4.17,0.00,0.00,0.00,44.79
20:17:05,9,37.63,0.00,13.98,0.00,0.00,4.30,0.00,0.00,0.00,44.09
20:17:05,10,40.43,0.00,11.70,0.00,0.00,5.32,0.00,0.00,0.00,42.55
20:17:05,11,44.33,0.00,11.34,0.00,0.00,4.12,0.00,0.00,0.00,40.21
20:17:06,all,40.95,0.00,15.59,0.09,0.00,4.75,0.00,0.00,0.00,38.62
20:17:06,0,43.18,0.00,17.05,0.00,0.00,6.82,0.00,0.00,0.00,32.95
20:17:06,1,39.56,0.00,21.98,0.00,0.00,5.49,0.00,0.00,0.00,32.97
20:17:06,2,37.50,0.00,21.59,0.00,0.00,5.68,0.00,0.00,0.00,35.23
20:17:06,3,39.13,0.00,22.83,0.00,0.00,5.43,0.00,0.00,0.00,32.61
20:17:06,4,38.71,0.00,23.66,0.00,0.00,5.38,0.00,0.00,0.00,32.26
20:17:06,5,39.18,0.00,12.37,0.00,0.00,4.12,0.00,0.00,0.00,44.33
20:17:06,6,40.86,0.00,11.83,0.00,0.00,4.30,0.00,0.00,0.00,43.01
20:17:06,7,39.18,0.00,13.40,0.00,0.00,4.12,0.00,0.00,0.00,43.30
20:17:06,8,40.86,0.00,8.60,0.00,0.00,4.30,0.00,0.00,0.00,46.24
20:17:06,9,41.67,0.00,11.46,0.00,0.00,5.21,0.00,0.00,0.00,41.67
20:17:06,10,46.81,0.00,10.64,0.00,0.00,3.19,0.00,0.00,0.00,39.36
20:17:06,11,44.68,0.00,12.77,1.06,0.00,3.19,0.00,0.00,0.00,38.30
20:17:07,all,42.31,0.00,16.53,0.00,0.00,4.00,0.00,0.00,0.00,37.16
20:17:07,0,42.55,0.00,23.40,0.00,0.00,5.32,0.00,0.00,0.00,28.72
20:17:07,1,43.33,0.00,22.22,0.00,0.00,4.44,0.00,0.00,0.00,30.00
20:17:07,2,38.04,0.00,23.91,0.00,0.00,6.52,0.00,0.00,0.00,31.52
20:17:07,3,39.77,0.00,22.73,0.00,0.00,4.55,0.00,0.00,0.00,32.95
20:17:07,4,40.66,0.00,24.18,0.00,0.00,4.40,0.00,0.00,0.00,30.77
20:17:07,5,41.05,0.00,13.68,0.00,0.00,3.16,0.00,0.00,0.00,42.11
20:17:07,6,43.16,0.00,10.53,0.00,0.00,3.16,0.00,0.00,0.00,43.16
20:17:07,7,42.86,0.00,14.29,0.00,0.00,4.08,0.00,0.00,0.00,38.78
20:17:07,8,41.84,0.00,12.24,0.00,0.00,3.06,0.00,0.00,0.00,42.86
20:17:07,9,41.94,0.00,11.83,0.00,0.00,3.23,0.00,0.00,0.00,43.01
20:17:07,10,44.68,0.00,10.64,0.00,0.00,3.19,0.00,0.00,0.00,41.49
20:17:07,11,47.42,0.00,10.31,0.00,0.00,3.09,0.00,0.00,0.00,39.18
20:17:08,all,42.87,0.00,17.67,0.00,0.00,4.84,0.00,0.00,0.00,34.62
20:17:08,0,43.82,0.00,22.47,0.00,0.00,5.62,0.00,0.00,0.00,28.09
20:17:08,1,41.11,0.00,23.33,0.00,0.00,5.56,0.00,0.00,0.00,30.00
20:17:08,2,39.77,0.00,21.59,0.00,0.00,5.68,0.00,0.00,0.00,32.95
20:17:08,3,40.00,0.00,24.44,0.00,0.00,6.67,0.00,0.00,0.00,28.89
20:17:08,4,41.11,0.00,23.33,0.00,0.00,5.56,0.00,0.00,0.00,30.00
20:17:08,5,44.90,0.00,13.27,0.00,0.00,5.10,0.00,0.00,0.00,36.73
20:17:08,6,44.09,0.00,16.13,0.00,0.00,4.30,0.00,0.00,0.00,35.48
20:17:08,7,44.90,0.00,15.31,0.00,0.00,4.08,0.00,0.00,0.00,35.71
20:17:08,8,39.18,0.00,14.43,0.00,0.00,4.12,0.00,0.00,0.00,42.27
20:17:08,9,41.67,0.00,14.58,0.00,0.00,4.17,0.00,0.00,0.00,39.58
20:17:08,10,44.57,0.00,11.96,0.00,0.00,4.35,0.00,0.00,0.00,39.13
20:17:08,11,48.94,0.00,12.77,0.00,0.00,3.19,0.00,0.00,0.00,35.11
20:17:09,all,42.25,0.00,15.59,0.00,0.00,5.14,0.00,0.00,0.00,37.02
20:17:09,0,41.94,0.00,20.43,0.00,0.00,7.53,0.00,0.00,0.00,30.11
20:17:09,1,43.48,0.00,20.65,0.00,0.00,6.52,0.00,0.00,0.00,29.35
20:17:09,2,38.71,0.00,23.66,0.00,0.00,6.45,0.00,0.00,0.00,31.18
20:17:09,3,41.49,0.00,20.21,0.00,0.00,7.45,0.00,0.00,0.00,30.85
20:17:09,4,41.76,0.00,20.88,0.00,0.00,5.49,0.00,0.00,0.00,31.87
20:17:09,5,42.11,0.00,11.58,0.00,0.00,3.16,0.00,0.00,0.00,43.16
20:17:09,6,42.71,0.00,11.46,0.00,0.00,4.17,0.00,0.00,0.00,41.67
20:17:09,7,44.33,0.00,12.37,0.00,0.00,3.09,0.00,0.00,0.00,40.21
20:17:09,8,39.80,0.00,12.24,0.00,0.00,4.08,0.00,0.00,0.00,43.88
20:17:09,9,42.71,0.00,11.46,0.00,0.00,5.21,0.00,0.00,0.00,40.62
20:17:09,10,43.48,0.00,11.96,0.00,0.00,3.26,0.00,0.00,0.00,41.30
20:17:09,11,44.57,0.00,10.87,0.00,0.00,5.43,0.00,0.00,0.00,39.13
20:17:10,all,42.03,0.00,15.05,0.00,0.00,4.48,0.00,0.00,0.00,38.44
20:17:10,0,40.00,0.00,22.22,0.00,0.00,5.56,0.00,0.00,0.00,32.22
20:17:10,1,40.86,0.00,22.58,0.00,0.00,6.45,0.00,0.00,0.00,30.11
20:17:10,2,40.70,0.00,19.77,0.00,0.00,4.65,0.00,0.00,0.00,34.88
20:17:10,3,40.00,0.00,21.11,0.00,0.00,4.44,0.00,0.00,0.00,34.44
20:17:10,4,39.56,0.00,19.78,0.00,0.00,7.69,0.00,0.00,0.00,32.97
20:17:10,5,42.27,0.00,9.28,0.00,0.00,5.15,0.00,0.00,0.00,43.30
20:17:10,6,41.24,0.00,11.34,0.00,0.00,3.09,0.00,0.00,0.00,44.33
20:17:10,7,40.86,0.00,11.83,0.00,0.00,4.30,0.00,0.00,0.00,43.01
20:17:10,8,41.49,0.00,10.64,0.00,0.00,2.13,0.00,0.00,0.00,45.74
20:17:10,9,42.71,0.00,12.50,0.00,0.00,4.17,0.00,0.00,0.00,40.62
20:17:10,10,46.81,0.00,10.64,0.00,0.00,3.19,0.00,0.00,0.00,39.36
20:17:10,11,47.37,0.00,10.53,0.00,0.00,3.16,0.00,0.00,0.00,38.95
20:17:11,all,41.19,0.00,15.47,0.00,0.00,4.50,0.00,0.00,0.00,38.85
20:17:11,0,41.57,0.00,20.22,0.00,0.00,7.87,0.00,0.00,0.00,30.34
20:17:11,1,42.05,0.00,19.32,0.00,0.00,5.68,0.00,0.00,0.00,32.95
20:17:11,2,39.56,0.00,19.78,0.00,0.00,6.59,0.00,0.00,0.00,34.07
20:17:11,3,40.66,0.00,21.98,0.00,0.00,4.40,0.00,0.00,0.00,32.97
20:17:11,4,36.36,0.00,22.73,0.00,0.00,5.68,0.00,0.00,0.00,35.23
20:17:11,5,37.63,0.00,12.90,0.00,0.00,3.23,0.00,0.00,0.00,46.24
20:17:11,6,41.05,0.00,11.58,0.00,0.00,4.21,0.00,0.00,0.00,43.16
20:17:11,7,43.75,0.00,10.42,0.00,0.00,4.17,0.00,0.00,0.00,41.67
20:17:11,8,38.14,0.00,14.43,0.00,0.00,3.09,0.00,0.00,0.00,44.33
20:17:11,9,43.16,0.00,12.63,0.00,0.00,3.16,0.00,0.00,0.00,41.05
20:17:11,10,43.16,0.00,11.58,0.00,0.00,3.16,0.00,0.00,0.00,42.11
20:17:11,11,46.81,0.00,9.57,0.00,0.00,3.19,0.00,0.00,0.00,40.43
20:17:12,all,40.68,0.00,15.68,0.00,0.00,4.93,0.00,0.00,0.00,38.71
20:17:12,0,41.76,0.00,20.88,0.00,0.00,5.49,0.00,0.00,0.00,31.87
20:17:12,1,39.13,0.00,21.74,0.00,0.00,6.52,0.00,0.00,0.00,32.61
20:17:12,2,38.04,0.00,21.74,0.00,0.00,6.52,0.00,0.00,0.00,33.70
20:17:12,3,38.46,0.00,21.98,0.00,0.00,6.59,0.00,0.00,0.00,32.97
20:17:12,4,41.57,0.00,20.22,0.00,0.00,4.49,0.00,0.00,0.00,33.71
20:17:12,5,39.36,0.00,12.77,0.00,0.00,3.19,0.00,0.00,0.00,44.68
20:17:12,6,42.27,0.00,11.34,0.00,0.00,6.19,0.00,0.00,0.00,40.21
20:17:12,7,40.22,0.00,13.04,0.00,0.00,3.26,0.00,0.00,0.00,43.48
20:17:12,8,38.78,0.00,11.22,0.00,0.00,4.08,0.00,0.00,0.00,45.92
20:17:12,9,42.11,0.00,12.63,0.00,0.00,4.21,0.00,0.00,0.00,41.05
20:17:12,10,42.39,0.00,10.87,0.00,0.00,4.35,0.00,0.00,0.00,42.39
20:17:12,11,44.09,0.00,10.75,0.00,0.00,4.30,0.00,0.00,0.00,40.86
20:17:13,all,40.31,0.00,15.53,0.00,0.00,4.94,0.00,0.00,0.00,39.23
20:17:13,0,36.36,0.00,22.73,0.00,0.00,5.68,0.00,0.00,0.00,35.23
20:17:13,1,41.30,0.00,21.74,0.00,0.00,5.43,0.00,0.00,0.00,31.52
20:17:13,2,35.16,0.00,24.18,0.00,0.00,6.59,0.00,0.00,0.00,34.07
20:17:13,3,37.78,0.00,21.11,0.00,0.00,6.67,0.00,0.00,0.00,34.44
20:17:13,4,38.04,0.00,21.74,0.00,0.00,5.43,0.00,0.00,0.00,34.78
20:17:13,5,36.73,0.00,12.24,0.00,0.00,5.10,0.00,0.00,0.00,45.92
20:17:13,6,43.48,0.00,9.78,0.00,0.00,3.26,0.00,0.00,0.00,43.48
20:17:13,7,42.11,0.00,11.58,0.00,0.00,4.21,0.00,0.00,0.00,42.11
20:17:13,8,40.62,0.00,10.42,0.00,0.00,5.21,0.00,0.00,0.00,43.75
20:17:13,9,42.71,0.00,11.46,0.00,0.00,4.17,0.00,0.00,0.00,41.67
20:17:13,10,45.74,0.00,10.64,0.00,0.00,3.19,0.00,0.00,0.00,40.43
20:17:13,11,43.33,0.00,10.00,0.00,0.00,4.44,0.00,0.00,0.00,42.22
20:17:14,all,43.57,0.00,16.79,0.00,0.00,5.00,0.00,0.00,0.00,34.64
20:17:14,0,44.68,0.00,23.40,0.00,0.00,5.32,0.00,0.00,0.00,26.60
20:17:14,1,43.18,0.00,21.59,0.00,0.00,5.68,0.00,0.00,0.00,29.55
20:17:14,2,42.55,0.00,22.34,0.00,0.00,5.32,0.00,0.00,0.00,29.79
20:17:14,3,43.96,0.00,21.98,0.00,0.00,5.49,0.00,0.00,0.00,28.57
20:17:14,4,43.01,0.00,21.51,0.00,0.00,6.45,0.00,0.00,0.00,29.03
20:17:14,5,41.49,0.00,12.77,0.00,0.00,5.32,0.00,0.00,0.00,40.43
20:17:14,6,43.75,0.00,12.50,0.00,0.00,5.21,0.00,0.00,0.00,38.54
20:17:14,7,44.44,0.00,14.14,0.00,0.00,5.05,0.00,0.00,0.00,36.36
20:17:14,8,39.36,0.00,13.83,0.00,0.00,4.26,0.00,0.00,0.00,42.55
20:17:14,9,43.33,0.00,12.22,0.00,0.00,5.56,0.00,0.00,0.00,38.89
20:17:14,10,45.83,0.00,12.50,0.00,0.00,4.17,0.00,0.00,0.00,37.50
20:17:14,11,47.25,0.00,13.19,0.00,0.00,2.20,0.00,0.00,0.00,37.36
20:17:15,all,41.07,0.00,14.91,0.00,0.00,4.55,0.00,0.00,0.00,39.46
20:17:15,0,41.11,0.00,20.00,0.00,0.00,5.56,0.00,0.00,0.00,33.33
20:17:15,1,40.66,0.00,19.78,0.00,0.00,5.49,0.00,0.00,0.00,34.07
20:17:15,2,38.89,0.00,20.00,0.00,0.00,6.67,0.00,0.00,0.00,34.44
20:17:15,3,38.20,0.00,23.60,0.00,0.00,4.49,0.00,0.00,0.00,33.71
20:17:15,4,38.89,0.00,21.11,0.00,0.00,6.67,0.00,0.00,0.00,33.33
20:17:15,5,39.58,0.00,11.46,0.00,0.00,2.08,0.00,0.00,0.00,46.88
20:17:15,6,40.62,0.00,12.50,0.00,0.00,3.12,0.00,0.00,0.00,43.75
20:17:15,7,41.05,0.00,11.58,0.00,0.00,4.21,0.00,0.00,0.00,43.16
20:17:15,8,38.95,0.00,9.47,0.00,0.00,5.26,0.00,0.00,0.00,46.32
20:17:15,9,42.42,0.00,13.13,0.00,0.00,4.04,0.00,0.00,0.00,40.40
20:17:15,10,47.92,0.00,6.25,0.00,0.00,4.17,0.00,0.00,0.00,41.67
20:17:15,11,44.09,0.00,11.83,0.00,0.00,3.23,0.00,0.00,0.00,40.86
20:17:16,all,40.34,0.00,16.06,0.00,0.00,4.42,0.00,0.00,0.00,39.17
20:17:16,0,39.56,0.00,21.98,0.00,0.00,5.49,0.00,0.00,0.00,32.97
20:17:16,1,40.45,0.00,21.35,0.00,0.00,5.62,0.00,0.00,0.00,32.58
20:17:16,2,38.04,0.00,21.74,0.00,0.00,6.52,0.00,0.00,0.00,33.70
20:17:16,3,35.96,0.00,22.47,0.00,0.00,6.74,0.00,0.00,0.00,34.83
20:17:16,4,39.13,0.00,21.74,0.00,0.00,5.43,0.00,0.00,0.00,33.70
20:17:16,5,38.54,0.00,10.42,0.00,0.00,4.17,0.00,0.00,0.00,46.88
20:17:16,6,42.55,0.00,11.70,0.00,0.00,3.19,0.00,0.00,0.00,42.55
20:17:16,7,40.43,0.00,13.83,0.00,0.00,4.26,0.00,0.00,0.00,41.49
20:17:16,8,40.62,0.00,12.50,0.00,0.00,3.12,0.00,0.00,0.00,43.75
20:17:16,9,42.39,0.00,13.04,0.00,0.00,3.26,0.00,0.00,0.00,41.30
20:17:16,10,43.48,0.00,11.96,0.00,0.00,2.17,0.00,0.00,0.00,42.39
20:17:16,11,42.86,0.00,10.99,0.00,0.00,3.30,0.00,0.00,0.00,42.86
20:17:17,all,41.49,0.00,15.77,0.00,0.00,5.29,0.00,0.00,0.00,37.46
20:17:17,0,43.16,0.00,21.05,0.00,0.00,6.32,0.00,0.00,0.00,29.47
20:17:17,1,45.05,0.00,18.68,0.00,0.00,6.59,0.00,0.00,0.00,29.67
20:17:17,2,40.45,0.00,21.35,0.00,0.00,5.62,0.00,0.00,0.00,32.58
20:17:17,3,42.55,0.00,20.21,0.00,0.00,7.45,0.00,0.00,0.00,29.79
20:17:17,4,37.78,0.00,21.11,0.00,0.00,7.78,0.00,0.00,0.00,33.33
20:17:17,5,39.36,0.00,12.77,0.00,0.00,4.26,0.00,0.00,0.00,43.62
20:17:17,6,38.95,0.00,14.74,0.00,0.00,4.21,0.00,0.00,0.00,42.11
20:17:17,7,40.43,0.00,12.77,0.00,0.00,5.32,0.00,0.00,0.00,41.49
20:17:17,8,38.95,0.00,12.63,0.00,0.00,4.21,0.00,0.00,0.00,44.21
20:17:17,9,41.94,0.00,11.83,0.00,0.00,4.30,0.00,0.00,0.00,41.94
20:17:17,10,45.16,0.00,10.75,0.00,0.00,3.23,0.00,0.00,0.00,40.86
20:17:17,11,44.09,0.00,11.83,0.00,0.00,4.30,0.00,0.00,0.00,39.78
20:17:18,all,42.36,0.00,15.92,0.00,0.00,4.86,0.00,0.00,0.00,36.87
20:17:18,0,39.33,0.00,21.35,0.00,0.00,7.87,0.00,0.00,0.00,31.46
20:17:18,1,46.07,0.00,17.98,0.00,0.00,5.62,0.00,0.00,0.00,30.34
20:17:18,2,40.22,0.00,22.83,0.00,0.00,6.52,0.00,0.00,0.00,30.43
20:17:18,3,41.76,0.00,20.88,0.00,0.00,5.49,0.00,0.00,0.00,31.87
20:17:18,4,40.66,0.00,21.98,0.00,0.00,5.49,0.00,0.00,0.00,31.87
20:17:18,5,40.21,0.00,12.37,0.00,0.00,6.19,0.00,0.00,0.00,41.24
20:17:18,6,40.43,0.00,11.70,0.00,0.00,5.32,0.00,0.00,0.00,42.55
20:17:18,7,45.26,0.00,13.68,0.00,0.00,3.16,0.00,0.00,0.00,37.89
20:17:18,8,40.43,0.00,11.70,0.00,0.00,3.19,0.00,0.00,0.00,44.68
20:17:18,9,42.11,0.00,12.63,0.00,0.00,4.21,0.00,0.00,0.00,41.05
20:17:18,10,45.05,0.00,10.99,0.00,0.00,2.20,0.00,0.00,0.00,41.76
20:17:18,11,46.81,0.00,13.83,0.00,0.00,3.19,0.00,0.00,0.00,36.17
20:17:19,all,41.85,0.00,16.13,0.00,0.00,4.57,0.00,0.00,0.00,37.46
20:17:19,0,42.39,0.00,22.83,0.00,0.00,4.35,0.00,0.00,0.00,30.43
20:17:19,1,40.45,0.00,22.47,0.00,0.00,6.74,0.00,0.00,0.00,30.34
20:17:19,2,40.00,0.00,22.22,0.00,0.00,4.44,0.00,0.00,0.00,33.33
20:17:19,3,39.33,0.00,22.47,0.00,0.00,4.49,0.00,0.00,0.00,33.71
20:17:19,4,38.89,0.00,23.33,0.00,0.00,5.56,0.00,0.00,0.00,32.22
20:17:19,5,41.67,0.00,12.50,0.00,0.00,4.17,0.00,0.00,0.00,41.67
20:17:19,6,42.86,0.00,12.24,0.00,0.00,4.08,0.00,0.00,0.00,40.82
20:17:19,7,40.00,0.00,14.74,0.00,0.00,4.21,0.00,0.00,0.00,41.05
20:17:19,8,41.67,0.00,11.46,0.00,0.00,4.17,0.00,0.00,0.00,42.71
20:17:19,9,40.86,0.00,12.90,0.00,0.00,4.30,0.00,0.00,0.00,41.94
20:17:19,10,44.09,0.00,9.68,0.00,0.00,4.30,0.00,0.00,0.00,41.94
20:17:19,11,49.47,0.00,8.42,0.00,0.00,4.21,0.00,0.00,0.00,37.89
20:17:20,all,41.04,0.00,15.14,0.00,0.00,4.93,0.00,0.00,0.00,38.89
20:17:20,0,45.56,0.00,18.89,0.00,0.00,5.56,0.00,0.00,0.00,30.00
20:17:20,1,41.76,0.00,21.98,0.00,0.00,5.49,0.00,0.00,0.00,30.77
20:17:20,2,38.89,0.00,21.11,0.00,0.00,6.67,0.00,0.00,0.00,33.33
20:17:20,3,35.23,0.00,21.59,0.00,0.00,5.68,0.00,0.00,0.00,37.50
20:17:20,4,36.26,0.00,21.98,0.00,0.00,8.79,0.00,0.00,0.00,32.97
20:17:20,5,41.24,0.00,11.34,0.00,0.00,3.09,0.00,0.00,0.00,44.33
20:17:20,6,37.89,0.00,13.68,0.00,0.00,4.21,0.00,0.00,0.00,44.21
20:17:20,7,42.11,0.00,11.58,0.00,0.00,4.21,0.00,0.00,0.00,42.11
20:17:20,8,40.62,0.00,10.42,0.00,0.00,4.17,0.00,0.00,0.00,44.79
20:17:20,9,39.58,0.00,11.46,0.00,0.00,6.25,0.00,0.00,0.00,42.71
20:17:20,10,48.42,0.00,9.47,0.00,0.00,2.11,0.00,0.00,0.00,40.00
20:17:20,11,44.57,0.00,9.78,0.00,0.00,3.26,0.00,0.00,0.00,42.39
20:17:21,all,40.68,0.00,15.12,0.00,0.00,4.95,0.00,0.00,0.00,39.24
20:17:21,0,40.66,0.00,20.88,0.00,0.00,5.49,0.00,0.00,0.00,32.97
20:17:21,1,42.86,0.00,18.68,0.00,0.00,5.49,0.00,0.00,0.00,32.97
20:17:21,2,38.71,0.00,20.43,0.00,0.00,6.45,0.00,0.00,0.00,34.41
20:17:21,3,38.46,0.00,19.78,0.00,0.00,6.59,0.00,0.00,0.00,35.16
20:17:21,4,37.08,0.00,22.47,0.00,0.00,5.62,0.00,0.00,0.00,34.83
20:17:21,5,39.58,0.00,10.42,0.00,0.00,4.17,0.00,0.00,0.00,45.83
20:17:21,6,42.86,0.00,11.22,0.00,0.00,4.08,0.00,0.00,0.00,41.84
20:17:21,7,39.78,0.00,12.90,0.00,0.00,5.38,0.00,0.00,0.00,41.94
20:17:21,8,39.36,0.00,11.70,0.00,0.00,4.26,0.00,0.00,0.00,44.68
20:17:21,9,40.43,0.00,11.70,0.00,0.00,5.32,0.00,0.00,0.00,42.55
20:17:21,10,43.96,0.00,12.09,0.00,0.00,3.30,0.00,0.00,0.00,40.66
20:17:21,11,44.44,0.00,10.00,0.00,0.00,3.33,0.00,0.00,0.00,42.22
20:17:22,all,40.82,0.00,15.40,0.00,0.00,4.74,0.00,0.00,0.00,39.03
20:17:22,0,40.22,0.00,22.83,0.00,0.00,5.43,0.00,0.00,0.00,31.52
20:17:22,1,39.13,0.00,19.57,0.00,0.00,7.61,0.00,0.00,0.00,33.70
20:17:22,2,40.00,0.00,21.11,0.00,0.00,5.56,0.00,0.00,0.00,33.33
20:17:22,3,36.56,0.00,23.66,0.00,0.00,5.38,0.00,0.00,0.00,34.41
20:17:22,4,39.78,0.00,20.43,0.00,0.00,5.38,0.00,0.00,0.00,34.41
20:17:22,5,40.86,0.00,10.75,0.00,0.00,3.23,0.00,0.00,0.00,45.16
20:17:22,6,41.05,0.00,11.58,0.00,0.00,4.21,0.00,0.00,0.00,43.16
20:17:22,7,39.78,0.00,11.83,0.00,0.00,4.30,0.00,0.00,0.00,44.09
20:17:22,8,40.21,0.00,12.37,0.00,0.00,4.12,0.00,0.00,0.00,43.30
20:17:22,9,43.16,0.00,9.47,0.00,0.00,5.26,0.00,0.00,0.00,42.11
20:17:22,10,45.16,0.00,9.68,0.00,0.00,3.23,0.00,0.00,0.00,41.94
20:17:22,11,43.96,0.00,12.09,0.00,0.00,3.30,0.00,0.00,0.00,40.66
20:17:23,all,40.50,0.00,14.90,0.00,0.00,5.17,0.00,0.00,0.00,39.43
20:17:23,0,43.33,0.00,18.89,0.00,0.00,4.44,0.00,0.00,0.00,33.33
20:17:23,1,38.46,0.00,21.98,0.00,0.00,6.59,0.00,0.00,0.00,32.97
20:17:23,2,40.22,0.00,18.48,0.00,0.00,6.52,0.00,0.00,0.00,34.78
20:17:23,3,39.78,0.00,19.35,0.00,0.00,7.53,0.00,0.00,0.00,33.33
20:17:23,4,35.56,0.00,20.00,0.00,0.00,7.78,0.00,0.00,0.00,36.67
20:17:23,5,40.62,0.00,11.46,0.00,0.00,3.12,0.00,0.00,0.00,44.79
20:17:23,6,38.54,0.00,13.54,0.00,0.00,4.17,0.00,0.00,0.00,43.75
20:17:23,7,41.67,0.00,12.50,0.00,0.00,3.12,0.00,0.00,0.00,42.71
20:17:23,8,38.30,0.00,10.64,0.00,0.00,5.32,0.00,0.00,0.00,45.74
20:17:23,9,42.71,0.00,11.46,0.00,0.00,5.21,0.00,0.00,0.00,40.62
20:17:23,10,41.94,0.00,11.83,0.00,0.00,3.23,0.00,0.00,0.00,43.01
20:17:23,11,44.68,0.00,9.57,0.00,0.00,5.32,0.00,0.00,0.00,40.43
20:17:24,all,62.02,0.00,19.12,0.00,0.00,4.76,0.00,0.00,0.00,14.10
20:17:24,0,62.50,0.00,20.83,0.00,0.00,6.25,0.00,0.00,0.00,10.42
20:17:24,1,57.58,0.00,25.25,0.00,0.00,7.07,0.00,0.00,0.00,10.10
20:17:24,2,54.74,0.00,27.37,0.00,0.00,7.37,0.00,0.00,0.00,10.53
20:17:24,3,60.20,0.00,25.51,0.00,0.00,7.14,0.00,0.00,0.00,7.14
20:17:24,4,60.00,0.00,22.11,0.00,0.00,6.32,0.00,0.00,0.00,11.58
20:17:24,5,63.54,0.00,17.71,0.00,0.00,5.21,0.00,0.00,0.00,13.54
20:17:24,6,68.75,0.00,14.58,0.00,0.00,2.08,0.00,0.00,0.00,14.58
20:17:24,7,58.76,0.00,15.46,0.00,0.00,5.15,0.00,0.00,0.00,20.62
20:17:24,8,60.42,0.00,15.62,0.00,0.00,3.12,0.00,0.00,0.00,20.83
20:17:24,9,67.01,0.00,14.43,0.00,0.00,3.09,0.00,0.00,0.00,15.46
20:17:24,10,66.67,0.00,13.54,0.00,0.00,2.08,0.00,0.00,0.00,17.71
20:17:24,11,64.21,0.00,16.84,0.00,0.00,2.11,0.00,0.00,0.00,16.84
20:17:25,all,50.88,0.00,15.90,0.00,0.00,5.39,0.00,0.00,0.00,27.83
20:17:25,0,50.00,0.00,20.65,0.00,0.00,6.52,0.00,0.00,0.00,22.83
20:17:25,1,51.61,0.00,21.51,0.00,0.00,5.38,0.00,0.00,0.00,21.51
20:17:25,2,48.39,0.00,20.43,0.00,0.00,7.53,0.00,0.00,0.00,23.66
20:17:25,3,48.91,0.00,20.65,0.00,0.00,7.61,0.00,0.00,0.00,22.83
20:17:25,4,50.00,0.00,20.21,0.00,0.00,6.38,0.00,0.00,0.00,23.40
20:17:25,5,52.08,0.00,13.54,0.00,0.00,5.21,0.00,0.00,0.00,29.17
20:17:25,6,48.98,0.00,14.29,0.00,0.00,5.10,0.00,0.00,0.00,31.63
20:17:25,7,52.08,0.00,12.50,0.00,0.00,4.17,0.00,0.00,0.00,31.25
20:17:25,8,50.53,0.00,12.63,0.00,0.00,4.21,0.00,0.00,0.00,32.63
20:17:25,9,53.19,0.00,11.70,0.00,0.00,4.26,0.00,0.00,0.00,30.85
20:17:25,10,52.13,0.00,10.64,0.00,0.00,4.26,0.00,0.00,0.00,32.98
20:17:25,11,52.63,0.00,12.63,0.00,0.00,4.21,0.00,0.00,0.00,30.53
20:17:26,all,39.91,0.00,14.93,0.00,0.00,5.16,0.00,0.00,0.00,40.00
20:17:26,0,40.22,0.00,21.74,0.00,0.00,6.52,0.00,0.00,0.00,31.52
20:17:26,1,37.78,0.00,20.00,0.00,0.00,6.67,0.00,0.00,0.00,35.56
20:17:26,2,34.44,0.00,24.44,0.00,0.00,5.56,0.00,0.00,0.00,35.56
20:17:26,3,37.63,0.00,22.58,0.00,0.00,6.45,0.00,0.00,0.00,33.33
20:17:26,4,37.78,0.00,20.00,0.00,0.00,6.67,0.00,0.00,0.00,35.56
20:17:26,5,36.84,0.00,10.53,0.00,0.00,5.26,0.00,0.00,0.00,47.37
20:17:26,6,42.39,0.00,8.70,0.00,0.00,4.35,0.00,0.00,0.00,44.57
20:17:26,7,41.49,0.00,11.70,0.00,0.00,3.19,0.00,0.00,0.00,43.62
20:17:26,8,38.95,0.00,10.53,0.00,0.00,4.21,0.00,0.00,0.00,46.32
20:17:26,9,43.16,0.00,11.58,0.00,0.00,4.21,0.00,0.00,0.00,41.05
20:17:26,10,43.82,0.00,8.99,0.00,0.00,4.49,0.00,0.00,0.00,42.70
20:17:26,11,44.44,0.00,8.89,0.00,0.00,4.44,0.00,0.00,0.00,42.22
20:17:27,all,41.96,0.00,15.82,0.00,0.00,4.80,0.00,0.00,0.00,37.42
20:17:27,0,40.00,0.00,23.33,0.00,0.00,5.56,0.00,0.00,0.00,31.11
20:17:27,1,41.76,0.00,21.98,0.00,0.00,5.49,0.00,0.00,0.00,30.77
20:17:27,2,44.68,0.00,19.15,0.00,0.00,6.38,0.00,0.00,0.00,29.79
20:17:27,3,39.13,0.00,23.91,0.00,0.00,4.35,0.00,0.00,0.00,32.61
20:17:27,4,40.00,0.00,22.22,0.00,0.00,6.67,0.00,0.00,0.00,31.11
20:17:27,5,40.62,0.00,10.42,0.00,0.00,4.17,0.00,0.00,0.00,44.79
20:17:27,6,44.44,0.00,12.12,0.00,0.00,4.04,0.00,0.00,0.00,39.39
20:17:27,7,43.30,0.00,11.34,0.00,0.00,4.12,0.00,0.00,0.00,41.24
20:17:27,8,40.43,0.00,11.70,0.00,0.00,4.26,0.00,0.00,0.00,43.62
20:17:27,9,42.71,0.00,11.46,0.00,0.00,4.17,0.00,0.00,0.00,41.67
20:17:27,10,41.30,0.00,13.04,0.00,0.00,4.35,0.00,0.00,0.00,41.30
20:17:27,11,44.68,0.00,10.64,0.00,0.00,4.26,0.00,0.00,0.00,40.43
20:17:28,all,42.61,0.00,15.67,0.00,0.00,4.92,0.00,0.00,0.00,36.79
20:17:28,0,40.66,0.00,23.08,0.00,0.00,5.49,0.00,0.00,0.00,30.77
20:17:28,1,42.70,0.00,17.98,0.00,0.00,5.62,0.00,0.00,0.00,33.71
20:17:28,2,41.76,0.00,21.98,0.00,0.00,6.59,0.00,0.00,0.00,29.67
20:17:28,3,40.86,0.00,20.43,0.00,0.00,7.53,0.00,0.00,0.00,31.18
20:17:28,4,42.22,0.00,21.11,0.00,0.00,5.56,0.00,0.00,0.00,31.11
20:17:28,5,40.00,0.00,14.74,0.00,0.00,5.26,0.00,0.00,0.00,40.00
20:17:28,6,41.67,0.00,12.50,0.00,0.00,4.17,0.00,0.00,0.00,41.67
20:17:28,7,40.62,0.00,12.50,0.00,0.00,5.21,0.00,0.00,0.00,41.67
20:17:28,8,42.27,0.00,11.34,0.00,0.00,4.12,0.00,0.00,0.00,42.27
20:17:28,9,42.39,0.00,13.04,0.00,0.00,3.26,0.00,0.00,0.00,41.30
20:17:28,10,45.16,0.00,10.75,0.00,0.00,3.23,0.00,0.00,0.00,40.86
20:17:28,11,51.06,0.00,9.57,0.00,0.00,3.19,0.00,0.00,0.00,36.17
20:17:29,all,41.90,0.00,15.13,0.09,0.00,4.83,0.00,0.00,0.00,38.05
20:17:29,0,40.66,0.00,21.98,0.00,0.00,5.49,0.00,0.00,0.00,31.87
20:17:29,1,42.70,0.00,21.35,0.00,0.00,5.62,0.00,0.00,0.00,30.34
20:17:29,2,37.08,0.00,22.47,0.00,0.00,5.62,0.00,0.00,0.00,34.83
20:17:29,3,43.48,0.00,19.57,0.00,0.00,5.43,0.00,0.00,0.00,31.52
20:17:29,4,40.45,0.00,19.10,1.12,0.00,4.49,0.00,0.00,0.00,34.83
20:17:29,5,39.80,0.00,12.24,0.00,0.00,5.10,0.00,0.00,0.00,42.86
20:17:29,6,40.82,0.00,13.27,0.00,0.00,5.10,0.00,0.00,0.00,40.82
20:17:29,7,42.71,0.00,10.42,0.00,0.00,5.21,0.00,0.00,0.00,41.67
20:17:29,8,40.00,0.00,11.58,0.00,0.00,4.21,0.00,0.00,0.00,44.21
20:17:29,9,44.68,0.00,10.64,0.00,0.00,4.26,0.00,0.00,0.00,40.43
20:17:29,10,44.09,0.00,8.60,0.00,0.00,4.30,0.00,0.00,0.00,43.01
20:17:29,11,46.24,0.00,11.83,0.00,0.00,3.23,0.00,0.00,0.00,38.71
20:17:30,all,57.58,0.00,16.67,0.00,0.00,4.76,0.00,0.00,0.00,20.99
20:17:30,0,53.76,0.00,22.58,0.00,0.00,7.53,0.00,0.00,0.00,16.13
20:17:30,1,57.45,0.00,21.28,0.00,0.00,5.32,0.00,0.00,0.00,15.96
20:17:30,2,52.75,0.00,23.08,0.00,0.00,7.69,0.00,0.00,0.00,16.48
20:17:30,3,59.14,0.00,19.35,0.00,0.00,5.38,0.00,0.00,0.00,16.13
20:17:30,4,52.13,0.00,23.40,0.00,0.00,7.45,0.00,0.00,0.00,17.02
20:17:30,5,61.86,0.00,13.40,0.00,0.00,3.09,0.00,0.00,0.00,21.65
20:17:30,6,55.79,0.00,14.74,0.00,0.00,3.16,0.00,0.00,0.00,26.32
20:17:30,7,57.73,0.00,14.43,0.00,0.00,3.09,0.00,0.00,0.00,24.74
20:17:30,8,57.89,0.00,12.63,0.00,0.00,3.16,0.00,0.00,0.00,26.32
20:17:30,9,60.42,0.00,13.54,0.00,0.00,4.17,0.00,0.00,0.00,21.88
20:17:30,10,60.22,0.00,9.68,0.00,0.00,4.30,0.00,0.00,0.00,25.81
20:17:30,11,61.46,0.00,12.50,0.00,0.00,3.12,0.00,0.00,0.00,22.92
20:17:31,all,69.84,0.00,17.93,0.00,0.00,4.93,0.00,0.00,0.00,7.31
20:17:31,0,64.95,0.00,22.68,0.00,0.00,7.22,0.00,0.00,0.00,5.15
20:17:31,1,68.69,0.00,22.22,0.00,0.00,5.05,0.00,0.00,0.00,4.04
20:17:31,2,61.62,0.00,25.25,0.00,0.00,8.08,0.00,0.00,0.00,5.05
20:17:31,3,64.65,0.00,22.22,0.00,0.00,7.07,0.00,0.00,0.00,6.06
20:17:31,4,60.82,0.00,22.68,0.00,0.00,10.31,0.00,0.00,0.00,6.19
20:17:31,5,72.45,0.00,14.29,0.00,0.00,4.08,0.00,0.00,0.00,9.18
20:17:31,6,73.96,0.00,15.62,0.00,0.00,2.08,0.00,0.00,0.00,8.33
20:17:31,7,74.49,0.00,15.31,0.00,0.00,4.08,0.00,0.00,0.00,6.12
20:17:31,8,72.92,0.00,13.54,0.00,0.00,2.08,0.00,0.00,0.00,11.46
20:17:31,9,69.70,0.00,16.16,0.00,0.00,4.04,0.00,0.00,0.00,10.10
20:17:31,10,74.00,0.00,12.00,0.00,0.00,3.00,0.00,0.00,0.00,11.00
20:17:31,11,79.80,0.00,13.13,0.00,0.00,2.02,0.00,0.00,0.00,5.05
20:17:32,all,41.96,0.00,15.64,0.00,0.00,5.07,0.00,0.00,0.00,37.33
20:17:32,0,44.09,0.00,19.35,0.00,0.00,5.38,0.00,0.00,0.00,31.18
20:17:32,1,40.22,0.00,20.65,0.00,0.00,6.52,0.00,0.00,0.00,32.61
20:17:32,2,40.66,0.00,20.88,0.00,0.00,5.49,0.00,0.00,0.00,32.97
20:17:32,3,38.95,0.00,23.16,0.00,0.00,6.32,0.00,0.00,0.00,31.58
20:17:32,4,38.20,0.00,23.60,0.00,0.00,5.62,0.00,0.00,0.00,32.58
20:17:32,5,39.18,0.00,13.40,0.00,0.00,4.12,0.00,0.00,0.00,43.30
20:17:32,6,42.71,0.00,12.50,0.00,0.00,5.21,0.00,0.00,0.00,39.58
20:17:32,7,44.68,0.00,9.57,0.00,0.00,4.26,0.00,0.00,0.00,41.49
20:17:32,8,42.27,0.00,11.34,0.00,0.00,4.12,0.00,0.00,0.00,42.27
20:17:32,9,42.11,0.00,11.58,0.00,0.00,5.26,0.00,0.00,0.00,41.05
20:17:32,10,45.74,0.00,11.70,0.00,0.00,4.26,0.00,0.00,0.00,38.30
20:17:32,11,44.57,0.00,10.87,0.00,0.00,4.35,0.00,0.00,0.00,40.22
20:17:33,all,40.97,0.00,15.38,0.00,0.00,4.29,0.00,0.00,0.00,39.36
20:17:33,0,40.91,0.00,22.73,0.00,0.00,3.41,0.00,0.00,0.00,32.95
20:17:33,1,43.33,0.00,17.78,0.00,0.00,5.56,0.00,0.00,0.00,33.33
20:17:33,2,36.26,0.00,23.08,0.00,0.00,6.59,0.00,0.00,0.00,34.07
20:17:33,3,41.11,0.00,20.00,0.00,0.00,5.56,0.00,0.00,0.00,33.33
20:17:33,4,38.04,0.00,21.74,0.00,0.00,5.43,0.00,0.00,0.00,34.78
20:17:33,5,38.54,0.00,12.50,0.00,0.00,3.12,0.00,0.00,0.00,45.83
20:17:33,6,41.67,0.00,11.46,0.00,0.00,3.12,0.00,0.00,0.00,43.75
20:17:33,7,42.11,0.00,11.58,0.00,0.00,4.21,0.00,0.00,0.00,42.11
20:17:33,8,37.76,0.00,12.24,0.00,0.00,5.10,0.00,0.00,0.00,44.90
20:17:33,9,41.49,0.00,12.77,0.00,0.00,4.26,0.00,0.00,0.00,41.49
20:17:33,10,45.26,0.00,9.47,0.00,0.00,3.16,0.00,0.00,0.00,42.11
20:17:33,11,45.16,0.00,10.75,0.00,0.00,2.15,0.00,0.00,0.00,41.94
20:17:34,all,41.27,0.00,15.67,0.00,0.00,4.39,0.00,0.00,0.00,38.68
20:17:34,0,38.89,0.00,21.11,0.00,0.00,5.56,0.00,0.00,0.00,34.44
20:17:34,1,40.00,0.00,22.22,0.00,0.00,5.56,0.00,0.00,0.00,32.22
20:17:34,2,39.77,0.00,19.32,0.00,0.00,4.55,0.00,0.00,0.00,36.36
20:17:34,3,41.11,0.00,20.00,0.00,0.00,6.67,0.00,0.00,0.00,32.22
20:17:34,4,39.77,0.00,21.59,0.00,0.00,4.55,0.00,0.00,0.00,34.09
20:17:34,5,39.80,0.00,13.27,0.00,0.00,4.08,0.00,0.00,0.00,42.86
20:17:34,6,39.58,0.00,14.58,0.00,0.00,3.12,0.00,0.00,0.00,42.71
20:17:34,7,44.33,0.00,12.37,0.00,0.00,3.09,0.00,0.00,0.00,40.21
20:17:34,8,40.00,0.00,11.58,0.00,0.00,3.16,0.00,0.00,0.00,45.26
20:17:34,9,43.30,0.00,12.37,0.00,0.00,3.09,0.00,0.00,0.00,41.24
20:17:34,10,43.16,0.00,10.53,0.00,0.00,5.26,0.00,0.00,0.00,41.05
20:17:34,11,45.16,0.00,10.75,0.00,0.00,4.30,0.00,0.00,0.00,39.78
20:17:35,all,41.36,0.00,15.85,0.00,0.00,4.74,0.00,0.00,0.00,38.05
20:17:35,0,41.76,0.00,20.88,0.00,0.00,6.59,0.00,0.00,0.00,30.77
20:17:35,1,40.86,0.00,20.43,0.00,0.00,7.53,0.00,0.00,0.00,31.18
20:17:35,2,38.04,0.00,21.74,0.00,0.00,7.61,0.00,0.00,0.00,32.61
20:17:35,3,40.00,0.00,22.22,0.00,0.00,4.44,0.00,0.00,0.00,33.33
20:17:35,4,40.00,0.00,20.00,0.00,0.00,5.56,0.00,0.00,0.00,34.44
20:17:35,5,39.13,0.00,14.13,0.00,0.00,3.26,0.00,0.00,0.00,43.48
20:17:35,6,42.11,0.00,11.58,0.00,0.00,4.21,0.00,0.00,0.00,42.11
20:17:35,7,43.30,0.00,13.40,0.00,0.00,4.12,0.00,0.00,0.00,39.18
20:17:35,8,41.05,0.00,12.63,0.00,0.00,3.16,0.00,0.00,0.00,43.16
20:17:35,9,41.30,0.00,9.78,0.00,0.00,5.43,0.00,0.00,0.00,43.48
20:17:35,10,44.79,0.00,10.42,0.00,0.00,3.12,0.00,0.00,0.00,41.67
20:17:35,11,43.62,0.00,13.83,0.00,0.00,2.13,0.00,0.00,0.00,40.43
20:17:36,all,40.32,0.00,15.12,0.00,0.00,4.95,0.00,0.00,0.00,39.60
20:17:36,0,41.76,0.00,18.68,0.00,0.00,5.49,0.00,0.00,0.00,34.07
20:17:36,1,41.57,0.00,20.22,0.00,0.00,4.49,0.00,0.00,0.00,33.71
20:17:36,2,38.46,0.00,20.88,0.00,0.00,5.49,0.00,0.00,0.00,35.16
20:17:36,3,37.63,0.00,20.43,0.00,0.00,7.53,0.00,0.00,0.00,34.41
20:17:36,4,37.36,0.00,21.98,0.00,0.00,5.49,0.00,0.00,0.00,35.16
20:17:36,5,38.95,0.00,11.58,0.00,0.00,4.21,0.00,0.00,0.00,45.26
20:17:36,6,39.78,0.00,12.90,0.00,0.00,4.30,0.00,0.00,0.00,43.01
20:17:36,7,40.62,0.00,11.46,0.00,0.00,5.21,0.00,0.00,0.00,42.71
20:17:36,8,37.50,0.00,12.50,0.00,0.00,4.17,0.00,0.00,0.00,45.83
20:17:36,9,43.16,0.00,10.53,0.00,0.00,5.26,0.00,0.00,0.00,41.05
20:17:36,10,41.30,0.00,11.96,0.00,0.00,4.35,0.00,0.00,0.00,42.39
20:17:36,11,46.07,0.00,8.99,0.00,0.00,3.37,0.00,0.00,0.00,41.57
20:17:37,all,42.04,0.00,15.92,0.00,0.00,4.92,0.00,0.00,0.00,37.12
20:17:37,0,41.86,0.00,22.09,0.00,0.00,5.81,0.00,0.00,0.00,30.23
20:17:37,1,42.22,0.00,21.11,0.00,0.00,5.56,0.00,0.00,0.00,31.11
20:17:37,2,38.46,0.00,21.98,0.00,0.00,7.69,0.00,0.00,0.00,31.87
20:17:37,3,41.76,0.00,19.78,0.00,0.00,6.59,0.00,0.00,0.00,31.87
20:17:37,4,37.23,0.00,23.40,0.00,0.00,6.38,0.00,0.00,0.00,32.98
20:17:37,5,39.18,0.00,14.43,0.00,0.00,4.12,0.00,0.00,0.00,42.27
20:17:37,6,43.16,0.00,13.68,0.00,0.00,4.21,0.00,0.00,0.00,38.95
20:17:37,7,40.86,0.00,12.90,0.00,0.00,4.30,0.00,0.00,0.00,41.94
20:17:37,8,44.33,0.00,10.31,0.00,0.00,4.12,0.00,0.00,0.00,41.24
20:17:37,9,44.33,0.00,12.37,0.00,0.00,4.12,0.00,0.00,0.00,39.18
20:17:37,10,44.68,0.00,10.64,0.00,0.00,3.19,0.00,0.00,0.00,41.49
20:17:37,11,46.24,0.00,9.68,0.00,0.00,3.23,0.00,0.00,0.00,40.86
20:17:38,all,43.26,0.00,16.13,0.00,0.00,4.52,0.00,0.00,0.00,36.08
20:17:38,0,41.49,0.00,23.40,0.00,0.00,6.38,0.00,0.00,0.00,28.72
20:17:38,1,42.05,0.00,21.59,0.00,0.00,5.68,0.00,0.00,0.00,30.68
20:17:38,2,40.22,0.00,22.83,0.00,0.00,4.35,0.00,0.00,0.00,32.61
20:17:38,3,42.70,0.00,19.10,0.00,0.00,6.74,0.00,0.00,0.00,31.46
20:17:38,4,39.33,0.00,22.47,0.00,0.00,5.62,0.00,0.00,0.00,32.58
20:17:38,5,41.67,0.00,13.54,0.00,0.00,4.17,0.00,0.00,0.00,40.62
20:17:38,6,45.36,0.00,12.37,0.00,0.00,3.09,0.00,0.00,0.00,39.18
20:17:38,7,44.79,0.00,11.46,0.00,0.00,3.12,0.00,0.00,0.00,40.62
20:17:38,8,42.27,0.00,13.40,0.00,0.00,4.12,0.00,0.00,0.00,40.21
20:17:38,9,47.42,0.00,11.34,0.00,0.00,4.12,0.00,0.00,0.00,37.11
20:17:38,10,44.33,0.00,11.34,0.00,0.00,3.09,0.00,0.00,0.00,41.24
20:17:38,11,46.88,0.00,12.50,0.00,0.00,4.17,0.00,0.00,0.00,36.46
20:17:39,all,40.52,0.00,15.38,0.00,0.00,4.83,0.00,0.00,0.00,39.27
20:17:39,0,43.96,0.00,18.68,0.00,0.00,4.40,0.00,0.00,0.00,32.97
20:17:39,1,40.22,0.00,21.74,0.00,0.00,6.52,0.00,0.00,0.00,31.52
20:17:39,2,36.96,0.00,19.57,0.00,0.00,7.61,0.00,0.00,0.00,35.87
20:17:39,3,38.04,0.00,21.74,0.00,0.00,5.43,0.00,0.00,0.00,34.78
20:17:39,4,39.33,0.00,21.35,0.00,0.00,4.49,0.00,0.00,0.00,34.83
20:17:39,5,36.84,0.00,12.63,0.00,0.00,5.26,0.00,0.00,0.00,45.26
20:17:39,6,39.80,0.00,12.24,0.00,0.00,5.10,0.00,0.00,0.00,42.86
20:17:39,7,41.24,0.00,12.37,0.00,0.00,4.12,0.00,0.00,0.00,42.27
20:17:39,8,39.36,0.00,11.70,0.00,0.00,4.26,0.00,0.00,0.00,44.68
20:17:39,9,42.55,0.00,11.70,0.00,0.00,4.26,0.00,0.00,0.00,41.49
20:17:39,10,43.48,0.00,11.96,0.00,0.00,3.26,0.00,0.00,0.00,41.30
20:17:39,11,44.57,0.00,9.78,0.00,0.00,3.26,0.00,0.00,0.00,42.39
20:17:40,all,42.29,0.00,15.78,0.00,0.00,4.43,0.00,0.00,0.00,37.50
20:17:40,0,41.30,0.00,22.83,0.00,0.00,5.43,0.00,0.00,0.00,30.43
20:17:40,1,42.22,0.00,20.00,0.00,0.00,5.56,0.00,0.00,0.00,32.22
20:17:40,2,38.46,0.00,21.98,0.00,0.00,4.40,0.00,0.00,0.00,35.16
20:17:40,3,38.95,0.00,24.21,0.00,0.00,6.32,0.00,0.00,0.00,30.53
20:17:40,4,39.56,0.00,21.98,0.00,0.00,5.49,0.00,0.00,0.00,32.97
20:17:40,5,42.55,0.00,10.64,0.00,0.00,4.26,0.00,0.00,0.00,42.55
20:17:40,6,44.33,0.00,11.34,0.00,0.00,3.09,0.00,0.00,0.00,41.24
20:17:40,7,45.36,0.00,15.46,0.00,0.00,2.06,0.00,0.00,0.00,37.11
20:17:40,8,40.00,0.00,10.53,0.00,0.00,4.21,0.00,0.00,0.00,45.26
20:17:40,9,42.27,0.00,12.37,0.00,0.00,4.12,0.00,0.00,0.00,41.24
20:17:40,10,44.09,0.00,9.68,0.00,0.00,4.30,0.00,0.00,0.00,41.94
20:17:40,11,47.92,0.00,9.38,0.00,0.00,4.17,0.00,0.00,0.00,38.54
20:17:41,all,41.00,0.00,15.11,0.00,0.00,4.62,0.00,0.00,0.00,39.28
20:17:41,0,41.11,0.00,20.00,0.00,0.00,6.67,0.00,0.00,0.00,32.22
20:17:41,1,39.53,0.00,22.09,0.00,0.00,4.65,0.00,0.00,0.00,33.72
20:17:41,2,40.66,0.00,18.68,0.00,0.00,6.59,0.00,0.00,0.00,34.07
20:17:41,3,39.13,0.00,22.83,0.00,0.00,5.43,0.00,0.00,0.00,32.61
20:17:41,4,38.04,0.00,21.74,0.00,0.00,5.43,0.00,0.00,0.00,34.78
20:17:41,5,40.43,0.00,10.64,0.00,0.00,3.19,0.00,0.00,0.00,45.74
20:17:41,6,41.94,0.00,11.83,0.00,0.00,4.30,0.00,0.00,0.00,41.94
20:17:41,7,41.24,0.00,13.40,0.00,0.00,4.12,0.00,0.00,0.00,41.24
20:17:41,8,40.62,0.00,11.46,0.00,0.00,4.17,0.00,0.00,0.00,43.75
20:17:41,9,42.39,0.00,10.87,0.00,0.00,3.26,0.00,0.00,0.00,43.48
20:17:41,10,45.16,0.00,8.60,0.00,0.00,3.23,0.00,0.00,0.00,43.01
20:17:41,11,41.57,0.00,10.11,0.00,0.00,4.49,0.00,0.00,0.00,43.82
20:17:42,all,41.38,0.00,15.37,0.18,0.00,4.47,0.00,0.00,0.00,38.61
20:17:42,0,43.48,0.00,19.57,0.00,0.00,5.43,0.00,0.00,0.00,31.52
20:17:42,1,42.22,0.00,20.00,0.00,0.00,5.56,0.00,0.00,0.00,32.22
20:17:42,2,37.93,0.00,22.99,0.00,0.00,4.60,0.00,0.00,0.00,34.48
20:17:42,3,36.67,0.00,22.22,0.00,0.00,5.56,0.00,0.00,0.00,35.56
20:17:42,4,41.57,0.00,20.22,0.00,0.00,5.62,0.00,0.00,0.00,32.58
20:17:42,5,40.62,0.00,11.46,0.00,0.00,3.12,0.00,0.00,0.00,44.79
20:17:42,6,40.00,0.00,13.00,1.00,0.00,5.00,0.00,0.00,0.00,41.00
20:17:42,7,41.67,0.00,11.46,0.00,0.00,4.17,0.00,0.00,0.00,42.71
20:17:42,8,39.39,0.00,13.13,0.00,0.00,4.04,0.00,0.00,0.00,43.43
20:17:42,9,44.21,0.00,11.58,0.00,0.00,4.21,0.00,0.00,0.00,40.00
20:17:42,10,43.48,0.00,10.87,1.09,0.00,3.26,0.00,0.00,0.00,41.30
20:17:42,11,45.16,0.00,9.68,0.00,0.00,3.23,0.00,0.00,0.00,41.94
20:17:43,all,40.75,0.00,15.10,0.00,0.00,4.65,0.00,0.00,0.00,39.50
20:17:43,0,39.13,0.00,22.83,0.00,0.00,5.43,0.00,0.00,0.00,32.61
20:17:43,1,37.36,0.00,21.98,0.00,0.00,6.59,0.00,0.00,0.00,34.07
20:17:43,2,38.64,0.00,18.18,0.00,0.00,5.68,0.00,0.00,0.00,37.50
20:17:43,3,41.11,0.00,22.22,0.00,0.00,4.44,0.00,0.00,0.00,32.22
20:17:43,4,41.11,0.00,20.00,0.00,0.00,4.44,0.00,0.00,0.00,34.44
20:17:43,5,39.58,0.00,9.38,0.00,0.00,5.21,0.00,0.00,0.00,45.83
20:17:43,6,40.62,0.00,12.50,0.00,0.00,4.17,0.00,0.00,0.00,42.71
20:17:43,7,43.75,0.00,10.42,0.00,0.00,4.17,0.00,0.00,0.00,41.67
20:17:43,8,37.11,0.00,11.34,0.00,0.00,5.15,0.00,0.00,0.00,46.39
20:17:43,9,42.27,0.00,11.34,0.00,0.00,4.12,0.00,0.00,0.00,42.27
20:17:43,10,43.48,0.00,9.78,0.00,0.00,3.26,0.00,0.00,0.00,43.48
20:17:43,11,44.68,0.00,12.77,0.00,0.00,3.19,0.00,0.00,0.00,39.36
20:17:44,all,41.68,0.00,14.92,0.00,0.00,4.70,0.00,0.00,0.00,38.70
20:17:44,0,41.57,0.00,21.35,0.00,0.00,5.62,0.00,0.00,0.00,31.46
20:17:44,1,42.05,0.00,20.45,0.00,0.00,5.68,0.00,0.00,0.00,31.82
20:17:44,2,37.08,0.00,21.35,0.00,0.00,4.49,0.00,0.00,0.00,37.08
20:17:44,3,37.50,0.00,21.59,0.00,0.00,6.82,0.00,0.00,0.00,34.09
20:17:44,4,39.33,0.00,22.47,0.00,0.00,5.62,0.00,0.00,0.00,32.58
20:17:44,5,41.05,0.00,9.47,0.00,0.00,4.21,0.00,0.00,0.00,45.26
20:17:44,6,43.30,0.00,10.31,0.00,0.00,4.12,0.00,0.00,0.00,42.27
20:17:44,7,44.79,0.00,10.42,0.00,0.00,4.17,0.00,0.00,0.00,40.62
20:17:44,8,39.36,0.00,11.70,0.00,0.00,3.19,0.00,0.00,0.00,45.74
20:17:44,9,42.71,0.00,12.50,0.00,0.00,4.17,0.00,0.00,0.00,40.62
20:17:44,10,43.48,0.00,10.87,0.00,0.00,4.35,0.00,0.00,0.00,41.30
20:17:44,11,47.31,0.00,8.60,0.00,0.00,4.30,0.00,0.00,0.00,39.78
20:17:45,all,42.11,0.00,15.60,0.00,0.00,4.52,0.00,0.00,0.00,37.77
20:17:45,0,41.57,0.00,22.47,0.00,0.00,4.49,0.00,0.00,0.00,31.46
20:17:45,1,40.22,0.00,20.65,0.00,0.00,7.61,0.00,0.00,0.00,31.52
20:17:45,2,39.56,0.00,21.98,0.00,0.00,6.59,0.00,0.00,0.00,31.87
20:17:45,3,38.89,0.00,22.22,0.00,0.00,5.56,0.00,0.00,0.00,33.33
20:17:45,4,41.30,0.00,20.65,0.00,0.00,4.35,0.00,0.00,0.00,33.70
20:17:45,5,40.40,0.00,13.13,0.00,0.00,4.04,0.00,0.00,0.00,42.42
20:17:45,6,40.82,0.00,12.24,0.00,0.00,5.10,0.00,0.00,0.00,41.84
20:17:45,7,46.39,0.00,10.31,0.00,0.00,3.09,0.00,0.00,0.00,40.21
20:17:45,8,41.67,0.00,11.46,0.00,0.00,4.17,0.00,0.00,0.00,42.71
20:17:45,9,43.62,0.00,12.77,0.00,0.00,3.19,0.00,0.00,0.00,40.43
20:17:45,10,45.83,0.00,9.38,0.00,0.00,3.12,0.00,0.00,0.00,41.67
20:17:45,11,44.68,0.00,11.70,0.00,0.00,3.19,0.00,0.00,0.00,40.43
20:17:46,all,40.73,0.00,15.22,0.00,0.00,4.74,0.00,0.00,0.00,39.30
20:17:46,0,42.22,0.00,18.89,0.00,0.00,5.56,0.00,0.00,0.00,33.33
20:17:46,1,37.50,0.00,22.73,0.00,0.00,6.82,0.00,0.00,0.00,32.95
20:17:46,2,37.78,0.00,21.11,0.00,0.00,5.56,0.00,0.00,0.00,35.56
20:17:46,3,36.96,0.00,23.91,0.00,0.00,5.43,0.00,0.00,0.00,33.70
20:17:46,4,40.45,0.00,19.10,0.00,0.00,5.62,0.00,0.00,0.00,34.83
20:17:46,5,40.21,0.00,10.31,0.00,0.00,5.15,0.00,0.00,0.00,44.33
20:17:46,6,41.05,0.00,10.53,0.00,0.00,4.21,0.00,0.00,0.00,44.21
20:17:46,7,40.86,0.00,11.83,0.00,0.00,4.30,0.00,0.00,0.00,43.01
20:17:46,8,39.18,0.00,11.34,0.00,0.00,3.09,0.00,0.00,0.00,46.39
20:17:46,9,41.24,0.00,13.40,0.00,0.00,4.12,0.00,0.00,0.00,41.24
20:17:46,10,44.79,0.00,10.42,0.00,0.00,4.17,0.00,0.00,0.00,40.62
20:17:46,11,46.24,0.00,10.75,0.00,0.00,3.23,0.00,0.00,0.00,39.78
20:17:47,all,41.77,0.00,15.92,0.00,0.00,4.74,0.00,0.00,0.00,37.57
20:17:47,0,42.39,0.00,21.74,0.00,0.00,5.43,0.00,0.00,0.00,30.43
20:17:47,1,41.57,0.00,20.22,0.00,0.00,5.62,0.00,0.00,0.00,32.58
20:17:47,2,38.46,0.00,21.98,0.00,0.00,5.49,0.00,0.00,0.00,34.07
20:17:47,3,41.30,0.00,22.83,0.00,0.00,5.43,0.00,0.00,0.00,30.43
20:17:47,4,40.00,0.00,22.22,0.00,0.00,5.56,0.00,0.00,0.00,32.22
20:17:47,5,39.13,0.00,11.96,0.00,0.00,4.35,0.00,0.00,0.00,44.57
20:17:47,6,40.40,0.00,13.13,0.00,0.00,5.05,0.00,0.00,0.00,41.41
20:17:47,7,44.79,0.00,12.50,0.00,0.00,4.17,0.00,0.00,0.00,38.54
20:17:47,8,39.36,0.00,12.77,0.00,0.00,4.26,0.00,0.00,0.00,43.62
20:17:47,9,42.55,0.00,11.70,0.00,0.00,4.26,0.00,0.00,0.00,41.49
20:17:47,10,45.26,0.00,10.53,0.00,0.00,4.21,0.00,0.00,0.00,40.00
20:17:47,11,45.74,0.00,10.64,0.00,0.00,3.19,0.00,0.00,0.00,40.43
20:17:48,all,43.21,0.00,15.98,0.00,0.00,4.64,0.00,0.00,0.00,36.16
20:17:48,0,43.18,0.00,20.45,0.00,0.00,6.82,0.00,0.00,0.00,29.55
20:17:48,1,43.96,0.00,19.78,0.00,0.00,6.59,0.00,0.00,0.00,29.67
20:17:48,2,40.00,0.00,22.22,0.00,0.00,5.56,0.00,0.00,0.00,32.22
20:17:48,3,42.86,0.00,20.88,0.00,0.00,5.49,0.00,0.00,0.00,30.77
20:17:48,4,41.57,0.00,22.47,0.00,0.00,5.62,0.00,0.00,0.00,30.34
20:17:48,5,41.24,0.00,13.40,0.00,0.00,3.09,0.00,0.00,0.00,42.27
20:17:48,6,44.90,0.00,11.22,0.00,0.00,5.10,0.00,0.00,0.00,38.78
20:17:48,7,44.09,0.00,11.83,0.00,0.00,4.30,0.00,0.00,0.00,39.78
20:17:48,8,38.78,0.00,16.33,0.00,0.00,4.08,0.00,0.00,0.00,40.82
20:17:48,9,45.83,0.00,11.46,0.00,0.00,4.17,0.00,0.00,0.00,38.54
20:17:48,10,45.83,0.00,12.50,0.00,0.00,2.08,0.00,0.00,0.00,39.58
20:17:48,11,46.24,0.00,10.75,0.00,0.00,3.23,0.00,0.00,0.00,39.78
20:17:49,all,41.18,0.00,14.41,0.00,0.00,4.83,0.00,0.00,0.00,39.57
20:17:49,0,44.44,0.00,17.78,0.00,0.00,5.56,0.00,0.00,0.00,32.22
20:17:49,1,42.39,0.00,20.65,0.00,0.00,5.43,0.00,0.00,0.00,31.52
20:17:49,2,39.56,0.00,20.88,0.00,0.00,5.49,0.00,0.00,0.00,34.07
20:17:49,3,38.46,0.00,18.68,0.00,0.00,7.69,0.00,0.00,0.00,35.16
20:17:49,4,36.67,0.00,20.00,0.00,0.00,6.67,0.00,0.00,0.00,36.67
20:17:49,5,38.30,0.00,10.64,0.00,0.00,4.26,0.00,0.00,0.00,46.81
20:17:49,6,45.36,0.00,9.28,0.00,0.00,4.12,0.00,0.00,0.00,41.24
20:17:49,7,42.11,0.00,9.47,0.00,0.00,3.16,0.00,0.00,0.00,45.26
20:17:49,8,38.30,0.00,11.70,0.00,0.00,4.26,0.00,0.00,0.00,45.74
20:17:49,9,42.11,0.00,11.58,0.00,0.00,4.21,0.00,0.00,0.00,42.11
20:17:49,10,43.62,0.00,10.64,0.00,0.00,3.19,0.00,0.00,0.00,42.55
20:17:49,11,42.55,0.00,12.77,0.00,0.00,4.26,0.00,0.00,0.00,40.43
20:17:50,all,41.79,0.00,15.52,0.00,0.00,4.39,0.00,0.00,0.00,38.30
20:17:50,0,42.39,0.00,19.57,0.00,0.00,5.43,0.00,0.00,0.00,32.61
20:17:50,1,41.11,0.00,23.33,0.00,0.00,4.44,0.00,0.00,0.00,31.11
20:17:50,2,40.22,0.00,21.74,0.00,0.00,5.43,0.00,0.00,0.00,32.61
20:17:50,3,38.20,0.00,23.60,0.00,0.00,4.49,0.00,0.00,0.00,33.71
20:17:50,4,40.45,0.00,22.47,0.00,0.00,4.49,0.00,0.00,0.00,32.58
20:17:50,5,40.62,0.00,11.46,0.00,0.00,3.12,0.00,0.00,0.00,44.79
20:17:50,6,41.24,0.00,12.37,0.00,0.00,4.12,0.00,0.00,0.00,42.27
20:17:50,7,41.67,0.00,12.50,0.00,0.00,5.21,0.00,0.00,0.00,40.62
20:17:50,8,39.58,0.00,12.50,0.00,0.00,4.17,0.00,0.00,0.00,43.75
20:17:50,9,43.62,0.00,10.64,0.00,0.00,3.19,0.00,0.00,0.00,42.55
20:17:50,10,45.56,0.00,8.89,0.00,0.00,4.44,0.00,0.00,0.00,41.11
20:17:50,11,46.81,0.00,8.51,0.00,0.00,4.26,0.00,0.00,0.00,40.43
20:17:51,all,41.02,0.00,15.08,0.00,0.00,4.67,0.00,0.00,0.00,39.23
20:17:51,0,38.20,0.00,23.60,0.00,0.00,5.62,0.00,0.00,0.00,32.58
20:17:51,1,41.11,0.00,21.11,0.00,0.00,4.44,0.00,0.00,0.00,33.33
20:17:51,2,36.67,0.00,23.33,0.00,0.00,5.56,0.00,0.00,0.00,34.44
20:17:51,3,39.33,0.00,20.22,0.00,0.00,6.74,0.00,0.00,0.00,33.71
20:17:51,4,36.67,0.00,21.11,0.00,0.00,6.67,0.00,0.00,0.00,35.56
20:17:51,5,40.00,0.00,10.53,0.00,0.00,3.16,0.00,0.00,0.00,46.32
20:17:51,6,39.36,0.00,11.70,0.00,0.00,4.26,0.00,0.00,0.00,44.68
20:17:51,7,43.16,0.00,10.53,0.00,0.00,4.21,0.00,0.00,0.00,42.11
20:17:51,8,40.62,0.00,10.42,0.00,0.00,5.21,0.00,0.00,0.00,43.75
20:17:51,9,43.30,0.00,10.31,0.00,0.00,5.15,0.00,0.00,0.00,41.24
20:17:51,10,46.88,0.00,9.38,0.00,0.00,3.12,0.00,0.00,0.00,40.62
20:17:51,11,46.24,0.00,10.75,0.00,0.00,2.15,0.00,0.00,0.00,40.86
20:17:52,all,41.21,0.00,15.25,0.09,0.00,4.91,0.00,0.00,0.00,38.54
20:17:52,0,38.30,0.00,22.34,0.00,0.00,8.51,0.00,0.00,0.00,30.85
20:17:52,1,41.30,0.00,21.74,1.09,0.00,4.35,0.00,0.00,0.00,31.52
20:17:52,2,36.67,0.00,22.22,0.00,0.00,6.67,0.00,0.00,0.00,34.44
20:17:52,3,40.00,0.00,21.11,0.00,0.00,5.56,0.00,0.00,0.00,33.33
20:17:52,4,38.46,0.00,21.98,0.00,0.00,5.49,0.00,0.00,0.00,34.07
20:17:52,5,39.78,0.00,11.83,0.00,0.00,4.30,0.00,0.00,0.00,44.09
20:17:52,6,40.43,0.00,11.70,0.00,0.00,4.26,0.00,0.00,0.00,43.62
20:17:52,7,42.27,0.00,12.37,0.00,0.00,3.09,0.00,0.00,0.00,42.27
20:17:52,8,42.86,0.00,11.22,0.00,0.00,4.08,0.00,0.00,0.00,41.84
20:17:52,9,43.88,0.00,10.20,0.00,0.00,4.08,0.00,0.00,0.00,41.84
20:17:52,10,46.81,0.00,7.45,0.00,0.00,4.26,0.00,0.00,0.00,41.49
20:17:52,11,43.33,0.00,10.00,0.00,0.00,4.44,0.00,0.00,0.00,42.22
20:17:53,all,40.91,0.00,15.13,0.00,0.00,4.39,0.00,0.00,0.00,39.57
20:17:53,0,44.94,0.00,19.10,0.00,0.00,4.49,0.00,0.00,0.00,31.46
20:17:53,1,36.67,0.00,23.33,0.00,0.00,5.56,0.00,0.00,0.00,34.44
20:17:53,2,38.89,0.00,20.00,0.00,0.00,5.56,0.00,0.00,0.00,35.56
20:17:53,3,38.46,0.00,20.88,0.00,0.00,5.49,0.00,0.00,0.00,35.16
20:17:53,4,40.66,0.00,21.98,0.00,0.00,4.40,0.00,0.00,0.00,32.97
20:17:53,5,37.76,0.00,12.24,0.00,0.00,4.08,0.00,0.00,0.00,45.92
20:17:53,6,39.36,0.00,10.64,0.00,0.00,4.26,0.00,0.00,0.00,45.74
20:17:53,7,43.01,0.00,10.75,0.00,0.00,4.30,0.00,0.00,0.00,41.94
20:17:53,8,40.62,0.00,10.42,0.00,0.00,4.17,0.00,0.00,0.00,44.79
20:17:53,9,42.55,0.00,11.70,0.00,0.00,3.19,0.00,0.00,0.00,42.55
20:17:53,10,43.62,0.00,10.64,0.00,0.00,3.19,0.00,0.00,0.00,42.55
20:17:53,11,44.33,0.00,11.34,0.00,0.00,4.12,0.00,0.00,0.00,40.21
20:17:54,all,41.79,0.00,15.09,0.00,0.00,4.73,0.00,0.00,0.00,38.39
20:17:54,0,43.96,0.00,20.88,0.00,0.00,4.40,0.00,0.00,0.00,30.77
20:17:54,1,41.57,0.00,20.22,0.00,0.00,4.49,0.00,0.00,0.00,33.71
20:17:54,2,38.04,0.00,22.83,0.00,0.00,5.43,0.00,0.00,0.00,33.70
20:17:54,3,40.66,0.00,21.98,0.00,0.00,6.59,0.00,0.00,0.00,30.77
20:17:54,4,37.36,0.00,19.78,0.00,0.00,6.59,0.00,0.00,0.00,36.26
20:17:54,5,41.67,0.00,11.46,0.00,0.00,4.17,0.00,0.00,0.00,42.71
20:17:54,6,41.05,0.00,10.53,0.00,0.00,4.21,0.00,0.00,0.00,44.21
20:17:54,7,41.49,0.00,11.70,0.00,0.00,4.26,0.00,0.00,0.00,42.55
20:17:54,8,41.41,0.00,11.11,0.00,0.00,4.04,0.00,0.00,0.00,43.43
20:17:54,9,43.62,0.00,10.64,0.00,0.00,5.32,0.00,0.00,0.00,40.43
20:17:54,10,44.21,0.00,10.53,0.00,0.00,4.21,0.00,0.00,0.00,41.05
20:17:54,11,46.24,0.00,10.75,0.00,0.00,3.23,0.00,0.00,0.00,39.78
20:17:55,all,41.14,0.00,16.10,0.00,0.00,4.92,0.00,0.00,0.00,37.84
20:17:55,0,39.56,0.00,23.08,0.00,0.00,6.59,0.00,0.00,0.00,30.77
20:17:55,1,41.49,0.00,22.34,0.00,0.00,6.38,0.00,0.00,0.00,29.79
20:17:55,2,41.57,0.00,20.22,0.00,0.00,5.62,0.00,0.00,0.00,32.58
20:17:55,3,37.08,0.00,21.35,0.00,0.00,6.74,0.00,0.00,0.00,34.83
20:17:55,4,39.56,0.00,20.88,0.00,0.00,5.49,0.00,0.00,0.00,34.07
20:17:55,5,37.23,0.00,13.83,0.00,0.00,4.26,0.00,0.00,0.00,44.68
20:17:55,6,39.78,0.00,11.83,0.00,0.00,6.45,0.00,0.00,0.00,41.94
20:17:55,7,43.16,0.00,11.58,0.00,0.00,3.16,0.00,0.00,0.00,42.11
20:17:55,8,42.86,0.00,12.24,0.00,0.00,4.08,0.00,0.00,0.00,40.82
20:17:55,9,43.16,0.00,11.58,0.00,0.00,4.21,0.00,0.00,0.00,41.05
20:17:55,10,44.68,0.00,12.77,0.00,0.00,3.19,0.00,0.00,0.00,39.36
20:17:55,11,43.16,0.00,12.63,0.00,0.00,3.16,0.00,0.00,0.00,41.05
20:17:56,all,40.74,0.00,14.93,0.00,0.00,4.86,0.00,0.00,0.00,39.48
20:17:56,0,40.45,0.00,21.35,0.00,0.00,4.49,0.00,0.00,0.00,33.71
20:17:56,1,40.22,0.00,17.39,0.00,0.00,7.61,0.00,0.00,0.00,34.78
20:17:56,2,36.56,0.00,20.43,0.00,0.00,7.53,0.00,0.00,0.00,35.48
20:17:56,3,39.78,0.00,20.43,0.00,0.00,6.45,0.00,0.00,0.00,33.33
20:17:56,4,37.78,0.00,21.11,0.00,0.00,6.67,0.00,0.00,0.00,34.44
20:17:56,5,38.95,0.00,11.58,0.00,0.00,4.21,0.00,0.00,0.00,45.26
20:17:56,6,39.36,0.00,12.77,0.00,0.00,3.19,0.00,0.00,0.00,44.68
20:17:56,7,41.49,0.00,11.70,0.00,0.00,3.19,0.00,0.00,0.00,43.62
20:17:56,8,37.50,0.00,12.50,0.00,0.00,5.21,0.00,0.00,0.00,44.79
20:17:56,9,44.57,0.00,13.04,0.00,0.00,3.26,0.00,0.00,0.00,39.13
20:17:56,10,45.16,0.00,9.68,0.00,0.00,3.23,0.00,0.00,0.00,41.94
20:17:56,11,47.25,0.00,7.69,0.00,0.00,3.30,0.00,0.00,0.00,41.76
20:17:57,all,40.84,0.00,15.98,0.00,0.00,4.85,0.00,0.00,0.00,38.33
20:17:57,0,40.86,0.00,21.51,0.00,0.00,6.45,0.00,0.00,0.00,31.18
20:17:57,1,40.00,0.00,21.11,0.00,0.00,5.56,0.00,0.00,0.00,33.33
20:17:57,2,39.56,0.00,21.98,0.00,0.00,6.59,0.00,0.00,0.00,31.87
20:17:57,3,37.93,0.00,22.99,0.00,0.00,5.75,0.00,0.00,0.00,33.33
20:17:57,4,40.66,0.00,19.78,0.00,0.00,5.49,0.00,0.00,0.00,34.07
20:17:57,5,40.62,0.00,11.46,0.00,0.00,4.17,0.00,0.00,0.00,43.75
20:17:57,6,39.13,0.00,11.96,0.00,0.00,5.43,0.00,0.00,0.00,43.48
20:17:57,7,38.71,0.00,13.98,0.00,0.00,4.30,0.00,0.00,0.00,43.01
20:17:57,8,39.58,0.00,12.50,0.00,0.00,4.17,0.00,0.00,0.00,43.75
20:17:57,9,42.71,0.00,12.50,0.00,0.00,4.17,0.00,0.00,0.00,40.62
20:17:57,10,43.62,0.00,10.64,0.00,0.00,2.13,0.00,0.00,0.00,43.62
20:17:57,11,46.32,0.00,12.63,0.00,0.00,4.21,0.00,0.00,0.00,36.84
20:17:58,all,43.52,0.00,15.81,0.09,0.00,4.53,0.00,0.00,0.00,36.06
20:17:58,0,42.22,0.00,20.00,0.00,0.00,5.56,0.00,0.00,0.00,32.22
20:17:58,1,44.44,0.00,20.00,0.00,0.00,5.56,0.00,0.00,0.00,30.00
20:17:58,2,40.00,0.00,22.22,0.00,0.00,5.56,0.00,0.00,0.00,32.22
20:17:58,3,41.11,0.00,24.44,0.00,0.00,5.56,0.00,0.00,0.00,28.89
20:17:58,4,42.86,0.00,21.98,0.00,0.00,6.59,0.00,0.00,0.00,28.57
20:17:58,5,39.80,0.00,11.22,1.02,0.00,4.08,0.00,0.00,0.00,43.88
20:17:58,6,42.27,0.00,11.34,0.00,0.00,4.12,0.00,0.00,0.00,42.27
20:17:58,7,46.00,0.00,15.00,0.00,0.00,4.00,0.00,0.00,0.00,35.00
20:17:58,8,42.11,0.00,12.63,0.00,0.00,2.11,0.00,0.00,0.00,43.16
20:17:58,9,47.37,0.00,12.63,0.00,0.00,3.16,0.00,0.00,0.00,36.84
20:17:58,10,47.87,0.00,9.57,0.00,0.00,4.26,0.00,0.00,0.00,38.30
20:17:58,11,45.83,0.00,10.42,0.00,0.00,4.17,0.00,0.00,0.00,39.58
20:17:59,all,41.72,0.00,14.50,0.00,0.00,4.66,0.00,0.00,0.00,39.12
20:17:59,0,40.00,0.00,21.11,0.00,0.00,6.67,0.00,0.00,0.00,32.22
20:17:59,1,40.00,0.00,21.11,0.00,0.00,4.44,0.00,0.00,0.00,34.44
20:17:59,2,39.08,0.00,20.69,0.00,0.00,5.75,0.00,0.00,0.00,34.48
20:17:59,3,38.64,0.00,19.32,0.00,0.00,6.82,0.00,0.00,0.00,35.23
20:17:59,4,41.76,0.00,18.68,0.00,0.00,5.49,0.00,0.00,0.00,34.07
20:17:59,5,39.36,0.00,10.64,0.00,0.00,4.26,0.00,0.00,0.00,45.74
20:17:59,6,41.05,0.00,11.58,0.00,0.00,4.21,0.00,0.00,0.00,43.16
20:17:59,7,41.24,0.00,12.37,0.00,0.00,4.12,0.00,0.00,0.00,42.27
20:17:59,8,44.44,0.00,10.10,0.00,0.00,3.03,0.00,0.00,0.00,42.42
20:17:59,9,40.00,0.00,10.53,0.00,0.00,5.26,0.00,0.00,0.00,44.21
20:17:59,10,48.45,0.00,9.28,0.00,0.00,3.09,0.00,0.00,0.00,39.18
20:17:59,11,45.74,0.00,10.64,0.00,0.00,3.19,0.00,0.00,0.00,40.43
20:18:00,all,40.95,0.00,16.04,0.00,0.00,4.93,0.00,0.00,0.00,38.08
20:18:00,0,41.76,0.00,20.88,0.00,0.00,6.59,0.00,0.00,0.00,30.77
20:18:00,1,42.39,0.00,20.65,0.00,0.00,4.35,0.00,0.00,0.00,32.61
20:18:00,2,38.46,0.00,23.08,0.00,0.00,5.49,0.00,0.00,0.00,32.97
20:18:00,3,40.00,0.00,21.11,0.00,0.00,5.56,0.00,0.00,0.00,33.33
20:18:00,4,40.00,0.00,20.00,0.00,0.00,5.56,0.00,0.00,0.00,34.44
20:18:00,5,36.84,0.00,13.68,0.00,0.00,4.21,0.00,0.00,0.00,45.26
20:18:00,6,42.55,0.00,11.70,0.00,0.00,4.26,0.00,0.00,0.00,41.49
20:18:00,7,37.23,0.00,13.83,0.00,0.00,5.32,0.00,0.00,0.00,43.62
20:18:00,8,39.80,0.00,13.27,0.00,0.00,4.08,0.00,0.00,0.00,42.86
20:18:00,9,45.36,0.00,13.40,0.00,0.00,4.12,0.00,0.00,0.00,37.11
20:18:00,10,42.22,0.00,11.11,0.00,0.00,4.44,0.00,0.00,0.00,42.22
20:18:00,11,44.68,0.00,10.64,0.00,0.00,5.32,0.00,0.00,0.00,39.36
20:18:01,all,41.06,0.00,14.82,0.00,0.00,5.21,0.00,0.00,0.00,38.90
20:18:01,0,39.36,0.00,22.34,0.00,0.00,6.38,0.00,0.00,0.00,31.91
20:18:01,1,38.89,0.00,21.11,0.00,0.00,6.67,0.00,0.00,0.00,33.33
20:18:01,2,39.56,0.00,19.78,0.00,0.00,5.49,0.00,0.00,0.00,35.16
20:18:01,3,39.56,0.00,19.78,0.00,0.00,6.59,0.00,0.00,0.00,34.07
20:18:01,4,40.66,0.00,19.78,0.00,0.00,5.49,0.00,0.00,0.00,34.07
20:18:01,5,38.71,0.00,10.75,0.00,0.00,4.30,0.00,0.00,0.00,46.24
20:18:01,6,41.94,0.00,9.68,0.00,0.00,4.30,0.00,0.00,0.00,44.09
20:18:01,7,43.62,0.00,10.64,0.00,0.00,5.32,0.00,0.00,0.00,40.43
20:18:01,8,40.86,0.00,9.68,0.00,0.00,4.30,0.00,0.00,0.00,45.16
20:18:01,9,39.58,0.00,13.54,0.00,0.00,6.25,0.00,0.00,0.00,40.62
20:18:01,10,45.16,0.00,10.75,0.00,0.00,3.23,0.00,0.00,0.00,40.86
20:18:01,11,44.68,0.00,10.64,0.00,0.00,4.26,0.00,0.00,0.00,40.43
20:18:02,all,40.68,0.00,15.86,0.00,0.00,4.75,0.00,0.00,0.00,38.71
20:18:02,0,38.20,0.00,22.47,0.00,0.00,5.62,0.00,0.00,0.00,33.71
20:18:02,1,38.46,0.00,21.98,0.00,0.00,6.59,0.00,0.00,0.00,32.97
20:18:02,2,38.89,0.00,22.22,0.00,0.00,5.56,0.00,0.00,0.00,33.33
20:18:02,3,39.56,0.00,21.98,0.00,0.00,5.49,0.00,0.00,0.00,32.97
20:18:02,4,40.22,0.00,20.65,0.00,0.00,6.52,0.00,0.00,0.00,32.61
20:18:02,5,37.89,0.00,12.63,0.00,0.00,3.16,0.00,0.00,0.00,46.32
20:18:02,6,40.82,0.00,13.27,0.00,0.00,5.10,0.00,0.00,0.00,40.82
20:18:02,7,42.11,0.00,12.63,0.00,0.00,4.21,0.00,0.00,0.00,41.05
20:18:02,8,38.78,0.00,11.22,0.00,0.00,4.08,0.00,0.00,0.00,45.92
20:18:02,9,44.09,0.00,10.75,0.00,0.00,3.23,0.00,0.00,0.00,41.94
20:18:02,10,43.62,0.00,11.70,0.00,0.00,4.26,0.00,0.00,0.00,40.43
20:18:02,11,45.56,0.00,10.00,0.00,0.00,3.33,0.00,0.00,0.00,41.11
20:18:03,all,41.43,0.00,14.44,0.18,0.00,4.42,0.00,0.00,0.00,39.53
20:18:03,0,37.50,0.00,20.45,1.14,0.00,5.68,0.00,0.00,0.00,35.23
20:18:03,1,41.38,0.00,18.39,0.00,0.00,5.75,0.00,0.00,0.00,34.48
20:18:03,2,38.64,0.00,19.32,0.00,0.00,5.68,0.00,0.00,0.00,36.36
20:18:03,3,39.33,0.00,20.22,0.00,0.00,4.49,0.00,0.00,0.00,35.96
20:18:03,4,41.30,0.00,19.57,0.00,0.00,5.43,0.00,0.00,0.00,33.70
20:18:03,5,42.71,0.00,9.38,0.00,0.00,4.17,0.00,0.00,0.00,43.75
20:18:03,6,42.39,0.00,10.87,0.00,0.00,2.17,0.00,0.00,0.00,44.57
20:18:03,7,41.24,0.00,13.40,0.00,0.00,4.12,0.00,0.00,0.00,41.24
20:18:03,8,42.55,0.00,10.64,0.00,0.00,3.19,0.00,0.00,0.00,43.62
20:18:03,9,42.71,0.00,11.46,0.00,0.00,4.17,0.00,0.00,0.00,41.67
20:18:03,10,44.68,0.00,8.51,0.00,0.00,4.26,0.00,0.00,0.00,42.55
20:18:03,11,42.11,0.00,12.63,1.05,0.00,4.21,0.00,0.00,0.00,40.00
20:18:04,all,40.00,0.00,15.80,0.00,0.00,4.91,0.00,0.00,0.00,39.29
20:18:04,0,38.46,0.00,20.88,0.00,0.00,6.59,0.00,0.00,0.00,34.07
20:18:04,1,41.49,0.00,22.34,0.00,0.00,5.32,0.00,0.00,0.00,30.85
20:18:04,2,40.43,0.00,21.28,0.00,0.00,4.26,0.00,0.00,0.00,34.04
20:18:04,3,37.36,0.00,23.08,0.00,0.00,6.59,0.00,0.00,0.00,32.97
20:18:04,4,38.04,0.00,21.74,0.00,0.00,6.52,0.00,0.00,0.00,33.70
20:18:04,5,35.79,0.00,12.63,0.00,0.00,5.26,0.00,0.00,0.00,46.32
20:18:04,6,40.62,0.00,12.50,0.00,0.00,4.17,0.00,0.00,0.00,42.71
20:18:04,7,43.16,0.00,9.47,0.00,0.00,4.21,0.00,0.00,0.00,43.16
20:18:04,8,37.89,0.00,11.58,0.00,0.00,4.21,0.00,0.00,0.00,46.32
20:18:04,9,42.11,0.00,12.63,0.00,0.00,4.21,0.00,0.00,0.00,41.05
20:18:04,10,40.66,0.00,10.99,0.00,0.00,4.40,0.00,0.00,0.00,43.96
20:18:04,11,43.96,0.00,10.99,0.00,0.00,3.30,0.00,0.00,0.00,41.76
20:18:05,all,42.74,0.00,15.32,0.00,0.00,4.72,0.00,0.00,0.00,37.22
20:18:05,0,40.66,0.00,21.98,0.00,0.00,5.49,0.00,0.00,0.00,31.87
20:18:05,1,41.30,0.00,20.65,0.00,0.00,6.52,0.00,0.00,0.00,31.52
20:18:05,2,42.86,0.00,19.78,0.00,0.00,5.49,0.00,0.00,0.00,31.87
20:18:05,3,37.93,0.00,21.84,0.00,0.00,5.75,0.00,0.00,0.00,34.48
20:18:05,4,41.11,0.00,20.00,0.00,0.00,5.56,0.00,0.00,0.00,33.33
20:18:05,5,42.71,0.00,10.42,0.00,0.00,4.17,0.00,0.00,0.00,42.71
20:18:05,6,42.27,0.00,15.46,0.00,0.00,4.12,0.00,0.00,0.00,38.14
20:18:05,7,42.27,0.00,12.37,0.00,0.00,3.09,0.00,0.00,0.00,42.27
20:18:05,8,43.16,0.00,10.53,0.00,0.00,4.21,0.00,0.00,0.00,42.11
20:18:05,9,42.55,0.00,11.70,0.00,0.00,4.26,0.00,0.00,0.00,41.49
20:18:05,10,46.32,0.00,10.53,0.00,0.00,4.21,0.00,0.00,0.00,38.95
20:18:05,11,48.98,0.00,10.20,0.00,0.00,4.08,0.00,0.00,0.00,36.73
20:18:06,all,40.21,0.00,15.73,0.00,0.00,4.83,0.00,0.00,0.00,39.23
20:18:06,0,40.00,0.00,20.00,0.00,0.00,6.67,0.00,0.00,0.00,33.33
20:18:06,1,41.30,0.00,19.57,0.00,0.00,5.43,0.00,0.00,0.00,33.70
20:18:06,2,39.56,0.00,20.88,0.00,0.00,4.40,0.00,0.00,0.00,35.16
20:18:06,3,38.46,0.00,21.98,0.00,0.00,5.49,0.00,0.00,0.00,34.07
20:18:06,4,39.13,0.00,20.65,0.00,0.00,6.52,0.00,0.00,0.00,33.70
20:18:06,5,38.95,0.00,11.58,0.00,0.00,3.16,0.00,0.00,0.00,46.32
20:18:06,6,40.00,0.00,12.63,0.00,0.00,4.21,0.00,0.00,0.00,43.16
20:18:06,7,40.21,0.00,13.40,0.00,0.00,4.12,0.00,0.00,0.00,42.27
20:18:06,8,37.11,0.00,13.40,0.00,0.00,6.19,0.00,0.00,0.00,43.30
20:18:06,9,40.00,0.00,12.63,0.00,0.00,4.21,0.00,0.00,0.00,43.16
20:18:06,10,43.01,0.00,12.90,0.00,0.00,3.23,0.00,0.00,0.00,40.86
20:18:06,11,45.05,0.00,9.89,0.00,0.00,4.40,0.00,0.00,0.00,40.66
20:18:07,all,42.46,0.00,15.70,0.00,0.00,4.55,0.00,0.00,0.00,37.29
20:18:07,0,42.86,0.00,21.98,0.00,0.00,4.40,0.00,0.00,0.00,30.77
20:18:07,1,42.22,0.00,21.11,0.00,0.00,6.67,0.00,0.00,0.00,30.00
20:18:07,2,40.43,0.00,21.28,0.00,0.00,5.32,0.00,0.00,0.00,32.98
20:18:07,3,41.30,0.00,21.74,0.00,0.00,5.43,0.00,0.00,0.00,31.52
20:18:07,4,40.86,0.00,22.58,0.00,0.00,6.45,0.00,0.00,0.00,30.11
20:18:07,5,39.58,0.00,12.50,0.00,0.00,4.17,0.00,0.00,0.00,43.75
20:18:07,6,42.55,0.00,11.70,0.00,0.00,3.19,0.00,0.00,0.00,42.55
20:18:07,7,45.36,0.00,10.31,0.00,0.00,4.12,0.00,0.00,0.00,40.21
20:18:07,8,40.43,0.00,11.70,0.00,0.00,3.19,0.00,0.00,0.00,44.68
20:18:07,9,42.55,0.00,10.64,0.00,0.00,5.32,0.00,0.00,0.00,41.49
20:18:07,10,46.24,0.00,10.75,0.00,0.00,3.23,0.00,0.00,0.00,39.78
20:18:07,11,45.16,0.00,12.90,0.00,0.00,3.23,0.00,0.00,0.00,38.71
20:18:08,all,42.20,0.00,16.76,0.00,0.00,4.66,0.00,0.00,0.00,36.38
20:18:08,0,40.22,0.00,22.83,0.00,0.00,5.43,0.00,0.00,0.00,31.52
20:18:08,1,40.00,0.00,24.44,0.00,0.00,5.56,0.00,0.00,0.00,30.00
20:18:08,2,41.30,0.00,20.65,0.00,0.00,6.52,0.00,0.00,0.00,31.52
20:18:08,3,39.77,0.00,22.73,0.00,0.00,5.68,0.00,0.00,0.00,31.82
20:18:08,4,40.22,0.00,23.91,0.00,0.00,6.52,0.00,0.00,0.00,29.35
20:18:08,5,39.80,0.00,14.29,0.00,0.00,4.08,0.00,0.00,0.00,41.84
20:18:08,6,41.24,0.00,12.37,0.00,0.00,5.15,0.00,0.00,0.00,41.24
20:18:08,7,45.16,0.00,12.90,0.00,0.00,4.30,0.00,0.00,0.00,37.63
20:18:08,8,40.62,0.00,12.50,0.00,0.00,4.17,0.00,0.00,0.00,42.71
20:18:08,9,45.83,0.00,11.46,0.00,0.00,3.12,0.00,0.00,0.00,39.58
20:18:08,10,43.96,0.00,10.99,0.00,0.00,3.30,0.00,0.00,0.00,41.76
20:18:08,11,48.35,0.00,13.19,0.00,0.00,2.20,0.00,0.00,0.00,36.26
20:18:09,all,40.48,0.00,15.94,0.00,0.00,4.69,0.00,0.00,0.00,38.88
20:18:09,0,38.71,0.00,22.58,0.00,0.00,5.38,0.00,0.00,0.00,33.33
20:18:09,1,40.86,0.00,21.51,0.00,0.00,5.38,0.00,0.00,0.00,32.26
20:18:09,2,37.63,0.00,21.51,0.00,0.00,6.45,0.00,0.00,0.00,34.41
20:18:09,3,36.96,0.00,22.83,0.00,0.00,5.43,0.00,0.00,0.00,34.78
20:18:09,4,39.78,0.00,20.43,0.00,0.00,6.45,0.00,0.00,0.00,33.33
20:18:09,5,40.62,0.00,11.46,0.00,0.00,3.12,0.00,0.00,0.00,44.79
20:18:09,6,41.49,0.00,11.70,0.00,0.00,4.26,0.00,0.00,0.00,42.55
20:18:09,7,38.54,0.00,15.62,0.00,0.00,4.17,0.00,0.00,0.00,41.67
20:18:09,8,38.54,0.00,12.50,0.00,0.00,4.17,0.00,0.00,0.00,44.79
20:18:09,9,41.94,0.00,10.75,0.00,0.00,5.38,0.00,0.00,0.00,41.94
20:18:09,10,46.88,0.00,8.33,0.00,0.00,3.12,0.00,0.00,0.00,41.67
20:18:09,11,43.62,0.00,12.77,0.00,0.00,3.19,0.00,0.00,0.00,40.43
20:18:10,all,41.64,0.00,15.47,0.00,0.00,4.86,0.00,0.00,0.00,38.04
20:18:10,0,42.86,0.00,19.78,0.00,0.00,5.49,0.00,0.00,0.00,31.87
20:18:10,1,41.11,0.00,22.22,0.00,0.00,5.56,0.00,0.00,0.00,31.11
20:18:10,2,38.20,0.00,22.47,0.00,0.00,5.62,0.00,0.00,0.00,33.71
20:18:10,3,41.30,0.00,19.57,0.00,0.00,7.61,0.00,0.00,0.00,31.52
20:18:10,4,40.66,0.00,18.68,0.00,0.00,6.59,0.00,0.00,0.00,34.07
20:18:10,5,38.30,0.00,12.77,0.00,0.00,4.26,0.00,0.00,0.00,44.68
20:18:10,6,41.05,0.00,12.63,0.00,0.00,3.16,0.00,0.00,0.00,43.16
20:18:10,7,43.75,0.00,10.42,0.00,0.00,5.21,0.00,0.00,0.00,40.62
20:18:10,8,41.05,0.00,11.58,0.00,0.00,5.26,0.00,0.00,0.00,42.11
20:18:10,9,42.55,0.00,12.77,0.00,0.00,3.19,0.00,0.00,0.00,41.49
20:18:10,10,43.01,0.00,11.83,0.00,0.00,3.23,0.00,0.00,0.00,41.94
20:18:10,11,45.65,0.00,11.96,0.00,0.00,3.26,0.00,0.00,0.00,39.13
20:18:11,all,41.03,0.00,15.25,0.00,0.00,5.08,0.00,0.00,0.00,38.63
20:18:11,0,41.30,0.00,19.57,0.00,0.00,6.52,0.00,0.00,0.00,32.61
20:18:11,1,40.00,0.00,20.00,0.00,0.00,6.67,0.00,0.00,0.00,33.33
20:18:11,2,37.36,0.00,24.18,0.00,0.00,5.49,0.00,0.00,0.00,32.97
20:18:11,3,38.64,0.00,21.59,0.00,0.00,5.68,0.00,0.00,0.00,34.09
20:18:11,4,40.22,0.00,20.65,0.00,0.00,5.43,0.00,0.00,0.00,33.70
20:18:11,5,38.95,0.00,11.58,0.00,0.00,5.26,0.00,0.00,0.00,44.21
20:18:11,6,42.27,0.00,11.34,0.00,0.00,5.15,0.00,0.00,0.00,41.24
20:18:11,7,42.27,0.00,10.31,0.00,0.00,5.15,0.00,0.00,0.00,42.27
20:18:11,8,38.54,0.00,12.50,0.00,0.00,4.17,0.00,0.00,0.00,44.79
20:18:11,9,42.27,0.00,13.40,0.00,0.00,3.09,0.00,0.00,0.00,41.24
20:18:11,10,44.57,0.00,9.78,0.00,0.00,4.35,0.00,0.00,0.00,41.30
20:18:11,11,45.74,0.00,9.57,0.00,0.00,4.26,0.00,0.00,0.00,40.43
20:18:12,all,40.76,0.00,15.45,0.00,0.00,5.24,0.00,0.00,0.00,38.54
20:18:12,0,40.45,0.00,21.35,0.00,0.00,5.62,0.00,0.00,0.00,32.58
20:18:12,1,41.30,0.00,21.74,0.00,0.00,5.43,0.00,0.00,0.00,31.52
20:18:12,2,37.78,0.00,22.22,0.00,0.00,6.67,0.00,0.00,0.00,33.33
20:18:12,3,38.46,0.00,18.68,0.00,0.00,6.59,0.00,0.00,0.00,36.26
20:18:12,4,40.00,0.00,20.00,0.00,0.00,6.67,0.00,0.00,0.00,33.33
20:18:12,5,36.73,0.00,13.27,0.00,0.00,4.08,0.00,0.00,0.00,45.92
20:18:12,6,40.82,0.00,11.22,0.00,0.00,5.10,0.00,0.00,0.00,42.86
20:18:12,7,41.05,0.00,13.68,0.00,0.00,5.26,0.00,0.00,0.00,40.00
20:18:12,8,40.40,0.00,12.12,0.00,0.00,5.05,0.00,0.00,0.00,42.42
20:18:12,9,42.27,0.00,12.37,0.00,0.00,4.12,0.00,0.00,0.00,41.24
20:18:12,10,45.16,0.00,9.68,0.00,0.00,4.30,0.00,0.00,0.00,40.86
20:18:12,11,44.68,0.00,10.64,0.00,0.00,4.26,0.00,0.00,0.00,40.43
20:18:13,all,40.76,0.00,14.97,0.00,0.00,4.60,0.00,0.00,0.00,39.68
20:18:13,0,39.33,0.00,21.35,0.00,0.00,4.49,0.00,0.00,0.00,34.83
20:18:13,1,38.46,0.00,20.88,0.00,0.00,6.59,0.00,0.00,0.00,34.07
20:18:13,2,39.13,0.00,20.65,0.00,0.00,6.52,0.00,0.00,0.00,33.70
20:18:13,3,39.13,0.00,19.57,0.00,0.00,6.52,0.00,0.00,0.00,34.78
20:18:13,4,36.67,0.00,22.22,0.00,0.00,5.56,0.00,0.00,0.00,35.56
20:18:13,5,38.95,0.00,12.63,0.00,0.00,3.16,0.00,0.00,0.00,45.26
20:18:13,6,39.78,0.00,10.75,0.00,0.00,4.30,0.00,0.00,0.00,45.16
20:18:13,7,41.05,0.00,11.58,0.00,0.00,4.21,0.00,0.00,0.00,43.16
20:18:13,8,43.16,0.00,10.53,0.00,0.00,4.21,0.00,0.00,0.00,42.11
20:18:13,9,43.01,0.00,10.75,0.00,0.00,4.30,0.00,0.00,0.00,41.94
20:18:13,10,45.65,0.00,8.70,0.00,0.00,3.26,0.00,0.00,0.00,42.39
20:18:13,11,44.57,0.00,10.87,0.00,0.00,2.17,0.00,0.00,0.00,42.39
20:18:14,all,41.81,0.00,16.90,0.18,0.00,5.07,0.00,0.00,0.00,36.03
20:18:14,0,40.22,0.00,22.83,0.00,0.00,5.43,0.00,0.00,0.00,31.52
20:18:14,1,43.96,0.00,21.98,0.00,0.00,6.59,0.00,0.00,0.00,27.47
20:18:14,2,41.11,0.00,23.33,0.00,0.00,5.56,0.00,0.00,0.00,30.00
20:18:14,3,39.33,0.00,22.47,0.00,0.00,5.62,0.00,0.00,0.00,32.58
20:18:14,4,43.33,0.00,20.00,0.00,0.00,5.56,0.00,0.00,0.00,31.11
20:18:14,5,37.89,0.00,12.63,0.00,0.00,6.32,0.00,0.00,0.00,43.16
20:18:14,6,43.88,0.00,14.29,0.00,0.00,4.08,0.00,0.00,0.00,37.76
20:18:14,7,42.86,0.00,15.31,0.00,0.00,5.10,0.00,0.00,0.00,36.73
20:18:14,8,41.67,0.00,13.54,1.04,0.00,4.17,0.00,0.00,0.00,39.58
20:18:14,9,39.58,0.00,13.54,1.04,0.00,4.17,0.00,0.00,0.00,41.67
20:18:14,10,45.16,0.00,11.83,0.00,0.00,3.23,0.00,0.00,0.00,39.78
20:18:14,11,42.71,0.00,12.50,0.00,0.00,5.21,0.00,0.00,0.00,39.58
20:18:15,all,42.46,0.00,15.43,0.00,0.00,4.55,0.00,0.00,0.00,37.56
20:18:15,0,42.22,0.00,20.00,0.00,0.00,5.56,0.00,0.00,0.00,32.22
20:18:15,1,43.01,0.00,21.51,0.00,0.00,4.30,0.00,0.00,0.00,31.18
20:18:15,2,40.22,0.00,22.83,0.00,0.00,4.35,0.00,0.00,0.00,32.61
20:18:15,3,39.36,0.00,22.34,0.00,0.00,6.38,0.00,0.00,0.00,31.91
20:18:15,4,41.57,0.00,17.98,0.00,0.00,6.74,0.00,0.00,0.00,33.71
20:18:15,5,41.67,0.00,12.50,0.00,0.00,4.17,0.00,0.00,0.00,41.67
20:18:15,6,43.16,0.00,11.58,0.00,0.00,3.16,0.00,0.00,0.00,42.11
20:18:15,7,44.33,0.00,12.37,0.00,0.00,3.09,0.00,0.00,0.00,40.21
20:18:15,8,41.67,0.00,10.42,0.00,0.00,4.17,0.00,0.00,0.00,43.75
20:18:15,9,44.68,0.00,12.77,0.00,0.00,4.26,0.00,0.00,0.00,38.30
20:18:15,10,42.39,0.00,10.87,0.00,0.00,4.35,0.00,0.00,0.00,42.39
20:18:15,11,45.16,0.00,10.75,0.00,0.00,4.30,0.00,0.00,0.00,39.78
20:18:16,all,41.47,0.00,15.17,0.00,0.00,4.40,0.00,0.00,0.00,38.96
20:18:16,0,39.33,0.00,21.35,0.00,0.00,5.62,0.00,0.00,0.00,33.71
20:18:16,1,40.00,0.00,21.11,0.00,0.00,6.67,0.00,0.00,0.00,32.22
20:18:16,2,40.45,0.00,20.22,0.00,0.00,4.49,0.00,0.00,0.00,34.83
20:18:16,3,38.64,0.00,21.59,0.00,0.00,4.55,0.00,0.00,0.00,35.23
20:18:16,4,41.30,0.00,21.74,0.00,0.00,5.43,0.00,0.00,0.00,31.52
20:18:16,5,36.84,0.00,11.58,0.00,0.00,5.26,0.00,0.00,0.00,46.32
20:18:16,6,40.62,0.00,13.54,0.00,0.00,3.12,0.00,0.00,0.00,42.71
20:18:16,7,45.83,0.00,9.38,0.00,0.00,3.12,0.00,0.00,0.00,41.67
20:18:16,8,38.95,0.00,10.53,0.00,0.00,4.21,0.00,0.00,0.00,46.32
20:18:16,9,43.30,0.00,12.37,0.00,0.00,3.09,0.00,0.00,0.00,41.24
20:18:16,10,45.74,0.00,10.64,0.00,0.00,3.19,0.00,0.00,0.00,40.43
20:18:16,11,46.24,0.00,9.68,0.00,0.00,4.30,0.00,0.00,0.00,39.78
20:18:17,all,41.57,0.00,16.32,0.00,0.00,4.73,0.00,0.00,0.00,37.38
20:18:17,0,39.13,0.00,22.83,0.00,0.00,5.43,0.00,0.00,0.00,32.61
20:18:17,1,39.56,0.00,21.98,0.00,0.00,5.49,0.00,0.00,0.00,32.97
20:18:17,2,40.66,0.00,19.78,0.00,0.00,4.40,0.00,0.00,0.00,35.16
20:18:17,3,42.39,0.00,20.65,0.00,0.00,5.43,0.00,0.00,0.00,31.52
20:18:17,4,40.66,0.00,21.98,0.00,0.00,5.49,0.00,0.00,0.00,31.87
20:18:17,5,40.62,0.00,12.50,0.00,0.00,5.21,0.00,0.00,0.00,41.67
20:18:17,6,41.05,0.00,12.63,0.00,0.00,4.21,0.00,0.00,0.00,42.11
20:18:17,7,41.05,0.00,13.68,0.00,0.00,5.26,0.00,0.00,0.00,40.00
20:18:17,8,38.78,0.00,14.29,0.00,0.00,5.10,0.00,0.00,0.00,41.84
20:18:17,9,42.71,0.00,13.54,0.00,0.00,4.17,0.00,0.00,0.00,39.58
20:18:17,10,45.65,0.00,10.87,0.00,0.00,3.26,0.00,0.00,0.00,40.22
20:18:17,11,46.74,0.00,11.96,0.00,0.00,3.26,0.00,0.00,0.00,38.04
20:18:18,all,44.25,0.00,16.50,0.00,0.00,4.91,0.00,0.00,0.00,34.34
20:18:18,0,42.86,0.00,21.98,0.00,0.00,5.49,0.00,0.00,0.00,29.67
20:18:18,1,43.01,0.00,22.58,0.00,0.00,7.53,0.00,0.00,0.00,26.88
20:18:18,2,42.39,0.00,21.74,0.00,0.00,7.61,0.00,0.00,0.00,28.26
20:18:18,3,47.87,0.00,21.28,0.00,0.00,4.26,0.00,0.00,0.00,26.60
20:18:18,4,39.13,0.00,26.09,0.00,0.00,6.52,0.00,0.00,0.00,28.26
20:18:18,5,40.43,0.00,12.77,0.00,0.00,4.26,0.00,0.00,0.00,42.55
20:18:18,6,43.62,0.00,12.77,0.00,0.00,4.26,0.00,0.00,0.00,39.36
20:18:18,7,43.88,0.00,13.27,0.00,0.00,4.08,0.00,0.00,0.00,38.78
20:18:18,8,44.09,0.00,11.83,0.00,0.00,3.23,0.00,0.00,0.00,40.86
20:18:18,9,46.81,0.00,12.77,0.00,0.00,3.19,0.00,0.00,0.00,37.23
20:18:18,10,49.46,0.00,9.68,0.00,0.00,5.38,0.00,0.00,0.00,35.48
20:18:18,11,47.31,0.00,11.83,0.00,0.00,3.23,0.00,0.00,0.00,37.63
20:18:19,all,41.93,0.00,16.41,0.18,0.00,4.46,0.00,0.00,0.00,37.02
20:18:19,0,39.78,0.00,21.51,0.00,0.00,6.45,0.00,0.00,0.00,32.26
20:18:19,1,41.76,0.00,24.18,0.00,0.00,4.40,0.00,0.00,0.00,29.67
20:18:19,2,42.39,0.00,20.65,0.00,0.00,5.43,0.00,0.00,0.00,31.52
20:18:19,3,37.93,0.00,21.84,0.00,0.00,6.90,0.00,0.00,0.00,33.33
20:18:19,4,41.11,0.00,21.11,0.00,0.00,4.44,0.00,0.00,0.00,33.33
20:18:19,5,40.00,0.00,13.68,0.00,0.00,3.16,0.00,0.00,0.00,43.16
20:18:19,6,43.30,0.00,10.31,1.03,0.00,4.12,0.00,0.00,0.00,41.24
20:18:19,7,42.55,0.00,12.77,0.00,0.00,4.26,0.00,0.00,0.00,40.43
20:18:19,8,41.67,0.00,12.50,0.00,0.00,4.17,0.00,0.00,0.00,41.67
20:18:19,9,41.05,0.00,14.74,0.00,0.00,4.21,0.00,0.00,0.00,40.00
20:18:19,10,44.21,0.00,11.58,0.00,0.00,3.16,0.00,0.00,0.00,41.05
20:18:19,11,46.88,0.00,13.54,1.04,0.00,3.12,0.00,0.00,0.00,35.42
20:18:20,all,41.50,0.00,14.87,0.00,0.00,4.81,0.00,0.00,0.00,38.82
20:18:20,0,39.77,0.00,19.32,0.00,0.00,6.82,0.00,0.00,0.00,34.09
20:18:20,1,42.39,0.00,19.57,0.00,0.00,5.43,0.00,0.00,0.00,32.61
20:18:20,2,37.63,0.00,22.58,0.00,0.00,5.38,0.00,0.00,0.00,34.41
20:18:20,3,41.76,0.00,19.78,0.00,0.00,6.59,0.00,0.00,0.00,31.87
20:18:20,4,38.89,0.00,22.22,0.00,0.00,4.44,0.00,0.00,0.00,34.44
20:18:20,5,41.05,0.00,8.42,0.00,0.00,4.21,0.00,0.00,0.00,46.32
20:18:20,6,43.43,0.00,11.11,0.00,0.00,4.04,0.00,0.00,0.00,41.41
20:18:20,7,42.11,0.00,10.53,0.00,0.00,4.21,0.00,0.00,0.00,43.16
20:18:20,8,37.37,0.00,13.13,0.00,0.00,4.04,0.00,0.00,0.00,45.45
20:18:20,9,42.55,0.00,12.77,0.00,0.00,5.32,0.00,0.00,0.00,39.36
20:18:20,10,44.68,0.00,10.64,0.00,0.00,3.19,0.00,0.00,0.00,41.49
20:18:20,11,46.24,0.00,9.68,0.00,0.00,4.30,0.00,0.00,0.00,39.78
20:18:21,all,41.75,0.00,16.50,0.00,0.00,4.85,0.00,0.00,0.00,36.89
20:18:21,0,39.13,0.00,22.83,0.00,0.00,5.43,0.00,0.00,0.00,32.61
20:18:21,1,40.00,0.00,21.11,0.00,0.00,6.67,0.00,0.00,0.00,32.22
20:18:21,2,41.94,0.00,22.58,0.00,0.00,6.45,0.00,0.00,0.00,29.03
20:18:21,3,41.30,0.00,20.65,0.00,0.00,5.43,0.00,0.00,0.00,32.61
20:18:21,4,36.67,0.00,24.44,0.00,0.00,5.56,0.00,0.00,0.00,33.33
20:18:21,5,38.00,0.00,13.00,0.00,0.00,5.00,0.00,0.00,0.00,44.00
20:18:21,6,40.21,0.00,13.40,0.00,0.00,5.15,0.00,0.00,0.00,41.24
20:18:21,7,41.84,0.00,13.27,0.00,0.00,5.10,0.00,0.00,0.00,39.80
20:18:21,8,39.78,0.00,11.83,0.00,0.00,5.38,0.00,0.00,0.00,43.01
20:18:21,9,45.83,0.00,13.54,0.00,0.00,3.12,0.00,0.00,0.00,37.50
20:18:21,10,47.96,0.00,10.20,0.00,0.00,3.06,0.00,0.00,0.00,38.78
20:18:21,11,47.87,0.00,12.77,0.00,0.00,2.13,0.00,0.00,0.00,37.23
20:18:22,all,41.19,0.00,15.48,0.00,0.00,4.80,0.00,0.00,0.00,38.52
20:18:22,0,40.00,0.00,20.00,0.00,0.00,6.67,0.00,0.00,0.00,33.33
20:18:22,1,41.30,0.00,22.83,0.00,0.00,4.35,0.00,0.00,0.00,31.52
20:18:22,2,40.66,0.00,23.08,0.00,0.00,4.40,0.00,0.00,0.00,31.87
20:18:22,3,40.45,0.00,20.22,0.00,0.00,5.62,0.00,0.00,0.00,33.71
20:18:22,4,37.78,0.00,22.22,0.00,0.00,5.56,0.00,0.00,0.00,34.44
20:18:22,5,38.54,0.00,11.46,0.00,0.00,4.17,0.00,0.00,0.00,45.83
20:18:22,6,41.67,0.00,12.50,0.00,0.00,4.17,0.00,0.00,0.00,41.67
20:18:22,7,40.21,0.00,13.40,0.00,0.00,4.12,0.00,0.00,0.00,42.27
20:18:22,8,41.41,0.00,10.10,0.00,0.00,4.04,0.00,0.00,0.00,44.44
20:18:22,9,42.55,0.00,9.57,0.00,0.00,5.32,0.00,0.00,0.00,42.55
20:18:22,10,44.21,0.00,11.58,0.00,0.00,4.21,0.00,0.00,0.00,40.00
20:18:22,11,45.26,0.00,10.53,0.00,0.00,5.26,0.00,0.00,0.00,38.95
20:18:23,all,40.56,0.00,15.20,0.00,0.00,4.59,0.00,0.00,0.00,39.66
20:18:23,0,37.78,0.00,22.22,0.00,0.00,5.56,0.00,0.00,0.00,34.44
20:18:23,1,39.08,0.00,21.84,0.00,0.00,5.75,0.00,0.00,0.00,33.33
20:18:23,2,38.89,0.00,21.11,0.00,0.00,4.44,0.00,0.00,0.00,35.56
20:18:23,3,38.89,0.00,21.11,0.00,0.00,5.56,0.00,0.00,0.00,34.44
20:18:23,4,41.76,0.00,18.68,0.00,0.00,4.40,0.00,0.00,0.00,35.16
20:18:23,5,35.79,0.00,12.63,0.00,0.00,5.26,0.00,0.00,0.00,46.32
20:18:23,6,41.49,0.00,10.64,0.00,0.00,3.19,0.00,0.00,0.00,44.68
20:18:23,7,38.95,0.00,12.63,0.00,0.00,4.21,0.00,0.00,0.00,44.21
20:18:23,8,38.95,0.00,12.63,0.00,0.00,4.21,0.00,0.00,0.00,44.21
20:18:23,9,42.86,0.00,11.22,0.00,0.00,5.10,0.00,0.00,0.00,40.82
20:18:23,10,46.32,0.00,9.47,0.00,0.00,4.21,0.00,0.00,0.00,40.00
20:18:23,11,45.65,0.00,9.78,0.00,0.00,3.26,0.00,0.00,0.00,41.30
20:18:24,all,40.20,0.00,15.78,0.09,0.00,4.81,0.00,0.00,0.00,39.13
20:18:24,0,40.66,0.00,20.88,0.00,0.00,5.49,0.00,0.00,0.00,32.97
20:18:24,1,38.71,0.00,23.66,0.00,0.00,5.38,0.00,0.00,0.00,32.26
20:18:24,2,39.56,0.00,20.88,1.10,0.00,4.40,0.00,0.00,0.00,34.07
20:18:24,3,38.89,0.00,21.11,0.00,0.00,5.56,0.00,0.00,0.00,34.44
20:18:24,4,37.78,0.00,21.11,0.00,0.00,6.67,0.00,0.00,0.00,34.44
20:18:24,5,37.50,0.00,10.42,0.00,0.00,4.17,0.00,0.00,0.00,47.92
20:18:24,6,38.78,0.00,13.27,0.00,0.00,5.10,0.00,0.00,0.00,42.86
20:18:24,7,40.62,0.00,12.50,0.00,0.00,5.21,0.00,0.00,0.00,41.67
20:18:24,8,42.55,0.00,9.57,0.00,0.00,4.26,0.00,0.00,0.00,43.62
20:18:24,9,41.49,0.00,12.77,0.00,0.00,4.26,0.00,0.00,0.00,41.49
20:18:24,10,44.21,0.00,10.53,0.00,0.00,3.16,0.00,0.00,0.00,42.11
20:18:24,11,41.49,0.00,13.83,0.00,0.00,4.26,0.00,0.00,0.00,40.43
20:18:25,all,41.04,0.00,15.23,0.00,0.00,5.02,0.00,0.00,0.00,38.71
20:18:25,0,38.20,0.00,21.35,0.00,0.00,6.74,0.00,0.00,0.00,33.71
20:18:25,1,43.96,0.00,18.68,0.00,0.00,6.59,0.00,0.00,0.00,30.77
20:18:25,2,40.45,0.00,21.35,0.00,0.00,5.62,0.00,0.00,0.00,32.58
20:18:25,3,38.20,0.00,21.35,0.00,0.00,5.62,0.00,0.00,0.00,34.83
20:18:25,4,38.71,0.00,21.51,0.00,0.00,5.38,0.00,0.00,0.00,34.41
20:18:25,5,37.50,0.00,12.50,0.00,0.00,5.21,0.00,0.00,0.00,44.79
20:18:25,6,42.11,0.00,10.53,0.00,0.00,4.21,0.00,0.00,0.00,43.16
20:18:25,7,39.80,0.00,12.24,0.00,0.00,5.10,0.00,0.00,0.00,42.86
20:18:25,8,40.00,0.00,11.58,0.00,0.00,4.21,0.00,0.00,0.00,44.21
20:18:25,9,43.30,0.00,11.34,0.00,0.00,4.12,0.00,0.00,0.00,41.24
20:18:25,10,45.05,0.00,10.99,0.00,0.00,3.30,0.00,0.00,0.00,40.66
20:18:25,11,45.16,0.00,10.75,0.00,0.00,4.30,0.00,0.00,0.00,39.78
20:18:26,all,40.63,0.00,16.50,0.00,0.00,5.11,0.00,0.00,0.00,37.76
20:18:26,0,38.20,0.00,21.35,0.00,0.00,6.74,0.00,0.00,0.00,33.71
20:18:26,1,42.70,0.00,19.10,0.00,0.00,5.62,0.00,0.00,0.00,32.58
20:18:26,2,35.96,0.00,23.60,0.00,0.00,6.74,0.00,0.00,0.00,33.71
20:18:26,3,39.33,0.00,23.60,0.00,0.00,5.62,0.00,0.00,0.00,31.46
20:18:26,4,35.56,0.00,23.33,0.00,0.00,6.67,0.00,0.00,0.00,34.44
20:18:26,5,38.30,0.00,13.83,0.00,0.00,3.19,0.00,0.00,0.00,44.68
20:18:26,6,42.27,0.00,13.40,0.00,0.00,5.15,0.00,0.00,0.00,39.18
20:18:26,7,43.75,0.00,12.50,0.00,0.00,4.17,0.00,0.00,0.00,39.58
20:18:26,8,39.39,0.00,14.14,0.00,0.00,4.04,0.00,0.00,0.00,42.42
20:18:26,9,40.43,0.00,12.77,0.00,0.00,6.38,0.00,0.00,0.00,40.43
20:18:26,10,45.26,0.00,10.53,0.00,0.00,4.21,0.00,0.00,0.00,40.00
20:18:26,11,45.74,0.00,11.70,0.00,0.00,3.19,0.00,0.00,0.00,39.36
20:18:27,all,42.18,0.00,15.46,0.00,0.00,4.74,0.00,0.00,0.00,37.62
20:18:27,0,40.00,0.00,21.11,0.00,0.00,5.56,0.00,0.00,0.00,33.33
20:18:27,1,40.00,0.00,22.22,0.00,0.00,5.56,0.00,0.00,0.00,32.22
20:18:27,2,38.89,0.00,20.00,0.00,0.00,6.67,0.00,0.00,0.00,34.44
20:18:27,3,39.56,0.00,20.88,0.00,0.00,7.69,0.00,0.00,0.00,31.87
20:18:27,4,41.57,0.00,22.47,0.00,0.00,4.49,0.00,0.00,0.00,31.46
20:18:27,5,42.42,0.00,12.12,0.00,0.00,5.05,0.00,0.00,0.00,40.40
20:18:27,6,42.86,0.00,11.22,0.00,0.00,5.10,0.00,0.00,0.00,40.82
20:18:27,7,43.62,0.00,10.64,0.00,0.00,3.19,0.00,0.00,0.00,42.55
20:18:27,8,40.62,0.00,12.50,0.00,0.00,4.17,0.00,0.00,0.00,42.71
20:18:27,9,41.67,0.00,14.58,0.00,0.00,3.12,0.00,0.00,0.00,40.62
20:18:27,10,46.74,0.00,9.78,0.00,0.00,2.17,0.00,0.00,0.00,41.30
20:18:27,11,47.87,0.00,9.57,0.00,0.00,4.26,0.00,0.00,0.00,38.30
20:18:28,all,42.54,0.00,16.70,0.00,0.00,4.62,0.00,0.00,0.00,36.15
20:18:28,0,41.57,0.00,22.47,0.00,0.00,5.62,0.00,0.00,0.00,30.34
20:18:28,1,41.76,0.00,20.88,0.00,0.00,6.59,0.00,0.00,0.00,30.77
20:18:28,2,41.30,0.00,21.74,0.00,0.00,6.52,0.00,0.00,0.00,30.43
20:18:28,3,40.00,0.00,23.33,0.00,0.00,5.56,0.00,0.00,0.00,31.11
20:18:28,4,43.62,0.00,21.28,0.00,0.00,6.38,0.00,0.00,0.00,28.72
20:18:28,5,39.18,0.00,14.43,0.00,0.00,4.12,0.00,0.00,0.00,42.27
20:18:28,6,40.00,0.00,13.68,0.00,0.00,3.16,0.00,0.00,0.00,43.16
20:18:28,7,46.94,0.00,12.24,0.00,0.00,3.06,0.00,0.00,0.00,37.76
20:18:28,8,41.67,0.00,12.50,0.00,0.00,4.17,0.00,0.00,0.00,41.67
20:18:28,9,43.30,0.00,16.49,0.00,0.00,4.12,0.00,0.00,0.00,36.08
20:18:28,10,42.55,0.00,10.64,0.00,0.00,3.19,0.00,0.00,0.00,43.62
20:18:28,11,48.39,0.00,11.83,0.00,0.00,3.23,0.00,0.00,0.00,36.56
20:18:29,all,40.90,0.00,14.89,0.00,0.00,4.57,0.00,0.00,0.00,39.64
20:18:29,0,38.20,0.00,19.10,0.00,0.00,7.87,0.00,0.00,0.00,34.83
20:18:29,1,40.00,0.00,20.00,0.00,0.00,5.56,0.00,0.00,0.00,34.44
20:18:29,2,35.96,0.00,22.47,0.00,0.00,5.62,0.00,0.00,0.00,35.96
20:18:29,3,40.23,0.00,19.54,0.00,0.00,5.75,0.00,0.00,0.00,34.48
20:18:29,4,35.56,0.00,23.33,0.00,0.00,4.44,0.00,0.00,0.00,36.67
20:18:29,5,40.21,0.00,11.34,0.00,0.00,4.12,0.00,0.00,0.00,44.33
20:18:29,6,42.11,0.00,11.58,0.00,0.00,3.16,0.00,0.00,0.00,43.16
20:18:29,7,41.84,0.00,9.18,0.00,0.00,5.10,0.00,0.00,0.00,43.88
20:18:29,8,41.67,0.00,10.42,0.00,0.00,4.17,0.00,0.00,0.00,43.75
20:18:29,9,45.83,0.00,10.42,0.00,0.00,3.12,0.00,0.00,0.00,40.62
20:18:29,10,42.55,0.00,11.70,0.00,0.00,4.26,0.00,0.00,0.00,41.49
20:18:29,11,45.74,0.00,11.70,0.00,0.00,2.13,0.00,0.00,0.00,40.43
20:18:30,all,40.50,0.00,14.81,0.00,0.00,5.17,0.00,0.00,0.00,39.52
20:18:30,0,40.00,0.00,21.05,0.00,0.00,6.32,0.00,0.00,0.00,32.63
20:18:30,1,40.22,0.00,21.74,0.00,0.00,5.43,0.00,0.00,0.00,32.61
20:18:30,2,37.50,0.00,19.32,0.00,0.00,6.82,0.00,0.00,0.00,36.36
20:18:30,3,39.13,0.00,19.57,0.00,0.00,5.43,0.00,0.00,0.00,35.87
20:18:30,4,38.46,0.00,20.88,0.00,0.00,6.59,0.00,0.00,0.00,34.07
20:18:30,5,37.89,0.00,12.63,0.00,0.00,5.26,0.00,0.00,0.00,44.21
20:18:30,6,40.62,0.00,11.46,0.00,0.00,5.21,0.00,0.00,0.00,42.71
20:18:30,7,42.71,0.00,10.42,0.00,0.00,4.17,0.00,0.00,0.00,42.71
20:18:30,8,37.50,0.00,13.54,0.00,0.00,4.17,0.00,0.00,0.00,44.79
20:18:30,9,43.75,0.00,10.42,0.00,0.00,4.17,0.00,0.00,0.00,41.67
20:18:30,10,44.57,0.00,7.61,0.00,0.00,4.35,0.00,0.00,0.00,43.48
20:18:30,11,43.48,0.00,9.78,0.00,0.00,4.35,0.00,0.00,0.00,42.39
20:18:31,all,42.02,0.00,15.52,0.00,0.00,4.91,0.00,0.00,0.00,37.56
20:18:31,0,41.30,0.00,21.74,0.00,0.00,5.43,0.00,0.00,0.00,31.52
20:18:31,1,45.16,0.00,20.43,0.00,0.00,5.38,0.00,0.00,0.00,29.03
20:18:31,2,38.46,0.00,19.78,0.00,0.00,7.69,0.00,0.00,0.00,34.07
20:18:31,3,41.76,0.00,21.98,0.00,0.00,6.59,0.00,0.00,0.00,29.67
20:18:31,4,39.56,0.00,20.88,0.00,0.00,4.40,0.00,0.00,0.00,35.16
20:18:31,5,40.21,0.00,13.40,0.00,0.00,4.12,0.00,0.00,0.00,42.27
20:18:31,6,39.18,0.00,12.37,0.00,0.00,5.15,0.00,0.00,0.00,43.30
20:18:31,7,42.55,0.00,12.77,0.00,0.00,3.19,0.00,0.00,0.00,41.49
20:18:31,8,40.43,0.00,11.70,0.00,0.00,4.26,0.00,0.00,0.00,43.62
20:18:31,9,41.05,0.00,12.63,0.00,0.00,5.26,0.00,0.00,0.00,41.05
20:18:31,10,44.09,0.00,9.68,0.00,0.00,4.30,0.00,0.00,0.00,41.94
20:18:31,11,50.54,0.00,9.68,0.00,0.00,3.23,0.00,0.00,0.00,36.56
20:18:32,all,61.90,0.00,17.92,0.00,0.00,5.19,0.00,0.00,0.00,14.98
20:18:32,0,56.38,0.00,22.34,0.00,0.00,8.51,0.00,0.00,0.00,12.77
20:18:32,1,64.95,0.00,20.62,0.00,0.00,7.22,0.00,0.00,0.00,7.22
20:18:32,2,57.29,0.00,20.83,0.00,0.00,6.25,0.00,0.00,0.00,15.62
20:18:32,3,59.79,0.00,25.77,0.00,0.00,6.19,0.00,0.00,0.00,8.25
20:18:32,4,55.21,0.00,25.00,0.00,0.00,7.29,0.00,0.00,0.00,12.50
20:18:32,5,63.54,0.00,15.62,0.00,0.00,4.17,0.00,0.00,0.00,16.67
20:18:32,6,64.95,0.00,13.40,0.00,0.00,4.12,0.00,0.00,0.00,17.53
20:18:32,7,60.42,0.00,17.71,0.00,0.00,5.21,0.00,0.00,0.00,16.67
20:18:32,8,61.46,0.00,15.62,0.00,0.00,4.17,0.00,0.00,0.00,18.75
20:18:32,9,67.01,0.00,13.40,0.00,0.00,3.09,0.00,0.00,0.00,16.49
20:18:32,10,65.98,0.00,12.37,0.00,0.00,2.06,0.00,0.00,0.00,19.59
20:18:32,11,65.62,0.00,12.50,0.00,0.00,4.17,0.00,0.00,0.00,17.71
20:18:33,all,48.62,0.00,15.53,0.00,0.00,5.32,0.00,0.00,0.00,30.52
20:18:33,0,43.33,0.00,22.22,0.00,0.00,6.67,0.00,0.00,0.00,27.78
20:18:33,1,45.65,0.00,20.65,0.00,0.00,7.61,0.00,0.00,0.00,26.09
20:18:33,2,49.46,0.00,19.35,0.00,0.00,6.45,0.00,0.00,0.00,24.73
20:18:33,3,45.16,0.00,19.35,0.00,0.00,8.60,0.00,0.00,0.00,26.88
20:18:33,4,45.16,0.00,21.51,0.00,0.00,7.53,0.00,0.00,0.00,25.81
20:18:33,5,46.32,0.00,13.68,0.00,0.00,4.21,0.00,0.00,0.00,35.79
20:18:33,6,49.48,0.00,13.40,0.00,0.00,3.09,0.00,0.00,0.00,34.02
20:18:33,7,50.00,0.00,11.46,0.00,0.00,5.21,0.00,0.00,0.00,33.33
20:18:33,8,48.42,0.00,12.63,0.00,0.00,3.16,0.00,0.00,0.00,35.79
20:18:33,9,54.26,0.00,10.64,0.00,0.00,4.26,0.00,0.00,0.00,30.85
20:18:33,10,51.58,0.00,10.53,0.00,0.00,4.21,0.00,0.00,0.00,33.68
20:18:33,11,54.26,0.00,11.70,0.00,0.00,3.19,0.00,0.00,0.00,30.85
20:18:34,all,40.77,0.00,15.88,0.00,0.00,4.28,0.00,0.00,0.00,39.07
20:18:34,0,37.63,0.00,21.51,0.00,0.00,7.53,0.00,0.00,0.00,33.33
20:18:34,1,40.45,0.00,21.35,0.00,0.00,4.49,0.00,0.00,0.00,33.71
20:18:34,2,38.46,0.00,21.98,0.00,0.00,4.40,0.00,0.00,0.00,35.16
20:18:34,3,39.56,0.00,23.08,0.00,0.00,4.40,0.00,0.00,0.00,32.97
20:18:34,4,39.56,0.00,20.88,0.00,0.00,5.49,0.00,0.00,0.00,34.07
20:18:34,5,40.21,0.00,10.31,0.00,0.00,4.12,0.00,0.00,0.00,45.36
20:18:34,6,40.62,0.00,11.46,0.00,0.00,4.17,0.00,0.00,0.00,43.75
20:18:34,7,42.55,0.00,11.70,0.00,0.00,3.19,0.00,0.00,0.00,42.55
20:18:34,8,41.67,0.00,11.46,0.00,0.00,3.12,0.00,0.00,0.00,43.75
20:18:34,9,40.00,0.00,14.74,0.00,0.00,3.16,0.00,0.00,0.00,42.11
20:18:34,10,43.62,0.00,11.70,0.00,0.00,4.26,0.00,0.00,0.00,40.43
20:18:34,11,44.68,0.00,11.70,0.00,0.00,3.19,0.00,0.00,0.00,40.43
20:18:35,all,40.25,0.00,15.70,0.00,0.00,4.87,0.00,0.00,0.00,39.17
20:18:35,0,41.11,0.00,22.22,0.00,0.00,4.44,0.00,0.00,0.00,32.22
20:18:35,1,38.46,0.00,20.88,0.00,0.00,5.49,0.00,0.00,0.00,35.16
20:18:35,2,38.89,0.00,21.11,0.00,0.00,6.67,0.00,0.00,0.00,33.33
20:18:35,3,37.78,0.00,21.11,0.00,0.00,5.56,0.00,0.00,0.00,35.56
20:18:35,4,38.89,0.00,22.22,0.00,0.00,4.44,0.00,0.00,0.00,34.44
20:18:35,5,37.63,0.00,10.75,0.00,0.00,4.30,0.00,0.00,0.00,47.31
20:18:35,6,40.43,0.00,11.70,0.00,0.00,4.26,0.00,0.00,0.00,43.62
20:18:35,7,39.80,0.00,14.29,0.00,0.00,4.08,0.00,0.00,0.00,41.84
20:18:35,8,37.89,0.00,12.63,0.00,0.00,6.32,0.00,0.00,0.00,43.16
20:18:35,9,42.11,0.00,11.58,0.00,0.00,5.26,0.00,0.00,0.00,41.05
20:18:35,10,44.57,0.00,10.87,0.00,0.00,3.26,0.00,0.00,0.00,41.30
20:18:35,11,45.56,0.00,10.00,0.00,0.00,4.44,0.00,0.00,0.00,40.00
20:18:36,all,41.38,0.00,16.34,0.00,0.00,4.31,0.00,0.00,0.00,37.97
20:18:36,0,37.78,0.00,22.22,0.00,0.00,6.67,0.00,0.00,0.00,33.33
20:18:36,1,41.76,0.00,21.98,0.00,0.00,5.49,0.00,0.00,0.00,30.77
20:18:36,2,41.76,0.00,20.88,0.00,0.00,5.49,0.00,0.00,0.00,31.87
20:18:36,3,37.78,0.00,21.11,0.00,0.00,6.67,0.00,0.00,0.00,34.44
20:18:36,4,39.13,0.00,22.83,0.00,0.00,4.35,0.00,0.00,0.00,33.70
20:18:36,5,41.94,0.00,9.68,0.00,0.00,3.23,0.00,0.00,0.00,45.16
20:18:36,6,41.94,0.00,11.83,0.00,0.00,3.23,0.00,0.00,0.00,43.01
20:18:36,7,44.33,0.00,14.43,0.00,0.00,3.09,0.00,0.00,0.00,38.14
20:18:36,8,40.62,0.00,13.54,0.00,0.00,2.08,0.00,0.00,0.00,43.75
20:18:36,9,42.11,0.00,13.68,0.00,0.00,4.21,0.00,0.00,0.00,40.00
20:18:36,10,43.48,0.00,10.87,0.00,0.00,4.35,0.00,0.00,0.00,41.30
20:18:36,11,43.62,0.00,13.83,0.00,0.00,3.19,0.00,0.00,0.00,39.36
20:18:37,all,41.96,0.00,15.80,0.09,0.00,4.82,0.00,0.00,0.00,37.32
20:18:37,0,41.57,0.00,22.47,0.00,0.00,3.37,0.00,0.00,0.00,32.58
20:18:37,1,38.89,0.00,20.00,0.00,0.00,7.78,0.00,0.00,0.00,33.33
20:18:37,2,37.78,0.00,22.22,0.00,0.00,5.56,0.00,0.00,0.00,34.44
20:18:37,3,42.39,0.00,19.57,0.00,0.00,5.43,0.00,0.00,0.00,32.61
20:18:37,4,41.30,0.00,21.74,0.00,0.00,6.52,0.00,0.00,0.00,30.43
20:18:37,5,42.27,0.00,13.40,0.00,0.00,4.12,0.00,0.00,0.00,40.21
20:18:37,6,41.24,0.00,12.37,0.00,0.00,4.12,0.00,0.00,0.00,42.27
20:18:37,7,40.43,0.00,12.77,0.00,0.00,5.32,0.00,0.00,0.00,41.49
20:18:37,8,41.24,0.00,12.37,0.00,0.00,4.12,0.00,0.00,0.00,42.27
20:18:37,9,43.75,0.00,11.46,1.04,0.00,5.21,0.00,0.00,0.00,38.54
20:18:37,10,46.81,0.00,10.64,0.00,0.00,3.19,0.00,0.00,0.00,39.36
20:18:37,11,45.65,0.00,11.96,0.00,0.00,3.26,0.00,0.00,0.00,39.13
20:18:38,all,58.33,0.00,17.52,0.00,0.00,4.97,0.00,0.00,0.00,19.18
20:18:38,0,55.91,0.00,20.43,0.00,0.00,6.45,0.00,0.00,0.00,17.20
20:18:38,1,55.79,0.00,20.00,0.00,0.00,7.37,0.00,0.00,0.00,16.84
20:18:38,2,50.00,0.00,24.47,0.00,0.00,8.51,0.00,0.00,0.00,17.02
20:18:38,3,58.70,0.00,19.57,0.00,0.00,5.43,0.00,0.00,0.00,16.30
20:18:38,4,53.61,0.00,22.68,0.00,0.00,7.22,0.00,0.00,0.00,16.49
20:18:38,5,62.50,0.00,15.62,0.00,0.00,3.12,0.00,0.00,0.00,18.75
20:18:38,6,54.00,0.00,16.00,0.00,0.00,5.00,0.00,0.00,0.00,25.00
20:18:38,7,62.11,0.00,14.74,0.00,0.00,3.16,0.00,0.00,0.00,20.00
20:18:38,8,62.89,0.00,13.40,0.00,0.00,3.09,0.00,0.00,0.00,20.62
20:18:38,9,59.38,0.00,14.58,0.00,0.00,4.17,0.00,0.00,0.00,21.88
20:18:38,10,57.29,0.00,16.67,0.00,0.00,3.12,0.00,0.00,0.00,22.92
20:18:38,11,67.71,0.00,12.50,0.00,0.00,3.12,0.00,0.00,0.00,16.67
20:18:39,all,69.45,0.00,17.58,0.00,0.00,5.29,0.00,0.00,0.00,7.68
20:18:39,0,61.86,0.00,21.65,0.00,0.00,7.22,0.00,0.00,0.00,9.28
20:18:39,1,64.95,0.00,21.65,0.00,0.00,9.28,0.00,0.00,0.00,4.12
20:18:39,2,61.86,0.00,22.68,0.00,0.00,8.25,0.00,0.00,0.00,7.22
20:18:39,3,64.95,0.00,22.68,0.00,0.00,8.25,0.00,0.00,0.00,4.12
20:18:39,4,60.20,0.00,25.51,0.00,0.00,8.16,0.00,0.00,0.00,6.12
20:18:39,5,77.55,0.00,14.29,0.00,0.00,4.08,0.00,0.00,0.00,4.08
20:18:39,6,65.26,0.00,14.74,0.00,0.00,3.16,0.00,0.00,0.00,16.84
20:18:39,7,74.00,0.00,16.00,0.00,0.00,3.00,0.00,0.00,0.00,7.00
20:18:39,8,71.43,0.00,14.29,0.00,0.00,4.08,0.00,0.00,0.00,10.20
20:18:39,9,76.53,0.00,14.29,0.00,0.00,3.06,0.00,0.00,0.00,6.12
20:18:39,10,75.51,0.00,11.22,0.00,0.00,2.04,0.00,0.00,0.00,11.22
20:18:39,11,78.79,0.00,12.12,0.00,0.00,3.03,0.00,0.00,0.00,6.06
20:18:40,all,42.51,0.00,15.86,0.00,0.00,4.81,0.00,0.00,0.00,36.81
20:18:40,0,40.22,0.00,20.65,0.00,0.00,6.52,0.00,0.00,0.00,32.61
20:18:40,1,45.05,0.00,19.78,0.00,0.00,5.49,0.00,0.00,0.00,29.67
20:18:40,2,40.00,0.00,21.11,0.00,0.00,5.56,0.00,0.00,0.00,33.33
20:18:40,3,39.56,0.00,20.88,0.00,0.00,7.69,0.00,0.00,0.00,31.87
20:18:40,4,38.37,0.00,24.42,0.00,0.00,3.49,0.00,0.00,0.00,33.72
20:18:40,5,38.95,0.00,13.68,0.00,0.00,4.21,0.00,0.00,0.00,43.16
20:18:40,6,44.21,0.00,13.68,0.00,0.00,4.21,0.00,0.00,0.00,37.89
20:18:40,7,43.75,0.00,11.46,0.00,0.00,5.21,0.00,0.00,0.00,39.58
20:18:40,8,40.62,0.00,12.50,0.00,0.00,4.17,0.00,0.00,0.00,42.71
20:18:40,9,43.88,0.00,13.27,0.00,0.00,4.08,0.00,0.00,0.00,38.78
20:18:40,10,47.37,0.00,10.53,0.00,0.00,3.16,0.00,0.00,0.00,38.95
20:18:40,11,47.42,0.00,10.31,0.00,0.00,4.12,0.00,0.00,0.00,38.14
20:18:41,all,41.98,0.00,16.05,0.00,0.00,4.26,0.00,0.00,0.00,37.72
20:18:41,0,41.11,0.00,22.22,0.00,0.00,4.44,0.00,0.00,0.00,32.22
20:18:41,1,39.56,0.00,24.18,0.00,0.00,5.49,0.00,0.00,0.00,30.77
20:18:41,2,40.00,0.00,21.11,0.00,0.00,6.67,0.00,0.00,0.00,32.22
20:18:41,3,42.05,0.00,21.59,0.00,0.00,4.55,0.00,0.00,0.00,31.82
20:18:41,4,40.22,0.00,21.74,0.00,0.00,5.43,0.00,0.00,0.00,32.61
20:18:41,5,41.05,0.00,12.63,0.00,0.00,3.16,0.00,0.00,0.00,43.16
20:18:41,6,43.75,0.00,13.54,0.00,0.00,3.12,0.00,0.00,0.00,39.58
20:18:41,7,42.39,0.00,9.78,0.00,0.00,4.35,0.00,0.00,0.00,43.48
20:18:41,8,38.95,0.00,12.63,0.00,0.00,4.21,0.00,0.00,0.00,44.21
20:18:41,9,44.09,0.00,12.90,0.00,0.00,3.23,0.00,0.00,0.00,39.78
20:18:41,10,43.48,0.00,11.96,0.00,0.00,3.26,0.00,0.00,0.00,41.30
20:18:41,11,47.19,0.00,8.99,0.00,0.00,3.37,0.00,0.00,0.00,40.45
20:18:42,all,40.39,0.00,16.01,0.00,0.00,4.89,0.00,0.00,0.00,38.70
20:18:42,0,38.89,0.00,20.00,0.00,0.00,6.67,0.00,0.00,0.00,34.44
20:18:42,1,40.45,0.00,20.22,0.00,0.00,6.74,0.00,0.00,0.00,32.58
20:18:42,2,39.13,0.00,20.65,0.00,0.00,5.43,0.00,0.00,0.00,34.78
20:18:42,3,38.46,0.00,24.18,0.00,0.00,5.49,0.00,0.00,0.00,31.87
20:18:42,4,40.22,0.00,20.65,0.00,0.00,6.52,0.00,0.00,0.00,32.61
20:18:42,5,38.14,0.00,13.40,0.00,0.00,4.12,0.00,0.00,0.00,44.33
20:18:42,6,41.05,0.00,11.58,0.00,0.00,4.21,0.00,0.00,0.00,43.16
20:18:42,7,41.05,0.00,12.63,0.00,0.00,4.21,0.00,0.00,0.00,42.11
20:18:42,8,39.58,0.00,11.46,0.00,0.00,4.17,0.00,0.00,0.00,44.79
20:18:42,9,42.86,0.00,12.24,0.00,0.00,4.08,0.00,0.00,0.00,40.82
20:18:42,10,42.11,0.00,14.74,0.00,0.00,3.16,0.00,0.00,0.00,40.00
20:18:42,11,42.55,0.00,11.70,0.00,0.00,4.26,0.00,0.00,0.00,41.49
20:18:43,all,41.08,0.00,14.80,0.00,0.00,4.48,0.00,0.00,0.00,39.64
20:18:43,0,38.46,0.00,20.88,0.00,0.00,5.49,0.00,0.00,0.00,35.16
20:18:43,1,39.33,0.00,20.22,0.00,0.00,6.74,0.00,0.00,0.00,33.71
20:18:43,2,41.30,0.00,19.57,0.00,0.00,6.52,0.00,0.00,0.00,32.61
20:18:43,3,38.89,0.00,21.11,0.00,0.00,5.56,0.00,0.00,0.00,34.44
20:18:43,4,38.46,0.00,20.88,0.00,0.00,5.49,0.00,0.00,0.00,35.16
20:18:43,5,38.04,0.00,9.78,0.00,0.00,4.35,0.00,0.00,0.00,47.83
20:18:43,6,41.24,0.00,11.34,0.00,0.00,4.12,0.00,0.00,0.00,43.30
20:18:43,7,42.55,0.00,11.70,0.00,0.00,3.19,0.00,0.00,0.00,42.55
20:18:43,8,42.11,0.00,9.47,0.00,0.00,3.16,0.00,0.00,0.00,45.26
20:18:43,9,40.62,0.00,13.54,0.00,0.00,4.17,0.00,0.00,0.00,41.67
20:18:43,10,46.32,0.00,10.53,0.00,0.00,2.11,0.00,0.00,0.00,41.05
20:18:43,11,45.16,0.00,9.68,0.00,0.00,3.23,0.00,0.00,0.00,41.94
20:18:44,all,39.96,0.00,15.59,0.00,0.00,4.84,0.00,0.00,0.00,39.61
20:18:44,0,38.89,0.00,20.00,0.00,0.00,6.67,0.00,0.00,0.00,34.44
20:18:44,1,38.71,0.00,22.58,0.00,0.00,5.38,0.00,0.00,0.00,33.33
20:18:44,2,35.87,0.00,25.00,0.00,0.00,5.43,0.00,0.00,0.00,33.70
20:18:44,3,36.26,0.00,21.98,0.00,0.00,5.49,0.00,0.00,0.00,36.26
20:18:44,4,38.46,0.00,19.78,0.00,0.00,6.59,0.00,0.00,0.00,35.16
20:18:44,5,36.08,0.00,12.37,0.00,0.00,5.15,0.00,0.00,0.00,46.39
20:18:44,6,40.62,0.00,11.46,0.00,0.00,4.17,0.00,0.00,0.00,43.75
20:18:44,7,39.58,0.00,11.46,0.00,0.00,6.25,0.00,0.00,0.00,42.71
20:18:44,8,40.43,0.00,12.77,0.00,0.00,3.19,0.00,0.00,0.00,43.62
20:18:44,9,45.16,0.00,9.68,0.00,0.00,2.15,0.00,0.00,0.00,43.01
20:18:44,10,44.57,0.00,10.87,0.00,0.00,4.35,0.00,0.00,0.00,40.22
20:18:44,11,45.05,0.00,9.89,0.00,0.00,3.30,0.00,0.00,0.00,41.76
20:18:45,all,41.24,0.00,15.27,0.00,0.00,4.76,0.00,0.00,0.00,38.72
20:18:45,0,40.00,0.00,21.11,0.00,0.00,5.56,0.00,0.00,0.00,33.33
20:18:45,1,38.46,0.00,21.98,0.00,0.00,6.59,0.00,0.00,0.00,32.97
20:18:45,2,40.00,0.00,21.11,0.00,0.00,5.56,0.00,0.00,0.00,33.33
20:18:45,3,43.18,0.00,18.18,0.00,0.00,5.68,0.00,0.00,0.00,32.95
20:18:45,4,41.49,0.00,20.21,0.00,0.00,6.38,0.00,0.00,0.00,31.91
20:18:45,5,38.14,0.00,13.40,0.00,0.00,4.12,0.00,0.00,0.00,44.33
20:18:45,6,40.62,0.00,11.46,0.00,0.00,5.21,0.00,0.00,0.00,42.71
20:18:45,7,40.86,0.00,11.83,0.00,0.00,3.23,0.00,0.00,0.00,44.09
20:18:45,8,39.78,0.00,10.75,0.00,0.00,3.23,0.00,0.00,0.00,46.24
20:18:45,9,43.75,0.00,11.46,0.00,0.00,5.21,0.00,0.00,0.00,39.58
20:18:45,10,46.24,0.00,10.75,0.00,0.00,2.15,0.00,0.00,0.00,40.86
20:18:45,11,42.39,0.00,11.96,0.00,0.00,4.35,0.00,0.00,0.00,41.30
20:18:46,all,41.86,0.00,15.40,0.00,0.00,4.96,0.00,0.00,0.00,37.79
20:18:46,0,41.11,0.00,20.00,0.00,0.00,5.56,0.00,0.00,0.00,33.33
20:18:46,1,38.46,0.00,23.08,0.00,0.00,5.49,0.00,0.00,0.00,32.97
20:18:46,2,39.56,0.00,20.88,0.00,0.00,5.49,0.00,0.00,0.00,34.07
20:18:46,3,41.49,0.00,21.28,0.00,0.00,4.26,0.00,0.00,0.00,32.98
20:18:46,4,40.22,0.00,21.74,0.00,0.00,6.52,0.00,0.00,0.00,31.52
20:18:46,5,41.49,0.00,10.64,0.00,0.00,5.32,0.00,0.00,0.00,42.55
20:18:46,6,41.41,0.00,12.12,0.00,0.00,4.04,0.00,0.00,0.00,42.42
20:18:46,7,39.18,0.00,11.34,0.00,0.00,7.22,0.00,0.00,0.00,42.27
20:18:46,8,41.24,0.00,11.34,0.00,0.00,4.12,0.00,0.00,0.00,43.30
20:18:46,9,43.88,0.00,13.27,0.00,0.00,5.10,0.00,0.00,0.00,37.76
20:18:46,10,46.24,0.00,10.75,0.00,0.00,3.23,0.00,0.00,0.00,39.78
20:18:46,11,47.87,0.00,9.57,0.00,0.00,3.19,0.00,0.00,0.00,39.36
20:18:47,all,41.25,0.00,16.43,0.00,0.00,4.55,0.00,0.00,0.00,37.77
20:18:47,0,41.30,0.00,20.65,0.00,0.00,5.43,0.00,0.00,0.00,32.61
20:18:47,1,39.56,0.00,23.08,0.00,0.00,5.49,0.00,0.00,0.00,31.87
20:18:47,2,40.22,0.00,23.91,0.00,0.00,5.43,0.00,0.00,0.00,30.43
20:18:47,3,37.36,0.00,21.98,0.00,0.00,5.49,0.00,0.00,0.00,35.16
20:18:47,4,36.96,0.00,23.91,0.00,0.00,5.43,0.00,0.00,0.00,33.70
20:18:47,5,38.30,0.00,12.77,0.00,0.00,4.26,0.00,0.00,0.00,44.68
20:18:47,6,42.55,0.00,12.77,0.00,0.00,3.19,0.00,0.00,0.00,41.49
20:18:47,7,42.11,0.00,13.68,0.00,0.00,3.16,0.00,0.00,0.00,41.05
20:18:47,8,42.11,0.00,11.58,0.00,0.00,4.21,0.00,0.00,0.00,42.11
20:18:47,9,43.62,0.00,10.64,0.00,0.00,4.26,0.00,0.00,0.00,41.49
20:18:47,10,43.62,0.00,12.77,0.00,0.00,4.26,0.00,0.00,0.00,39.36
20:18:47,11,46.88,0.00,10.42,0.00,0.00,4.17,0.00,0.00,0.00,38.54
20:18:48,all,42.86,0.00,16.68,0.00,0.00,4.53,0.00,0.00,0.00,35.94
20:18:48,0,37.63,0.00,23.66,0.00,0.00,6.45,0.00,0.00,0.00,32.26
20:18:48,1,40.86,0.00,22.58,0.00,0.00,6.45,0.00,0.00,0.00,30.11
20:18:48,2,40.22,0.00,23.91,0.00,0.00,4.35,0.00,0.00,0.00,31.52
20:18:48,3,41.30,0.00,23.91,0.00,0.00,5.43,0.00,0.00,0.00,29.35
20:18:48,4,42.55,0.00,19.15,0.00,0.00,7.45,0.00,0.00,0.00,30.85
20:18:48,5,44.09,0.00,12.90,0.00,0.00,3.23,0.00,0.00,0.00,39.78
20:18:48,6,41.05,0.00,12.63,0.00,0.00,3.16,0.00,0.00,0.00,43.16
20:18:48,7,43.75,0.00,12.50,0.00,0.00,3.12,0.00,0.00,0.00,40.62
20:18:48,8,40.62,0.00,14.58,0.00,0.00,4.17,0.00,0.00,0.00,40.62
20:18:48,9,47.31,0.00,10.75,0.00,0.00,3.23,0.00,0.00,0.00,38.71
20:18:48,10,45.26,0.00,11.58,0.00,0.00,4.21,0.00,0.00,0.00,38.95
20:18:48,11,49.47,0.00,12.63,0.00,0.00,3.16,0.00,0.00,0.00,34.74
20:18:49,all,41.51,0.00,14.11,0.00,0.00,4.85,0.00,0.00,0.00,39.53
20:18:49,0,40.66,0.00,19.78,0.00,0.00,5.49,0.00,0.00,0.00,34.07
20:18:49,1,42.70,0.00,17.98,0.00,0.00,6.74,0.00,0.00,0.00,32.58
20:18:49,2,40.00,0.00,20.00,0.00,0.00,5.56,0.00,0.00,0.00,34.44
20:18:49,3,36.78,0.00,20.69,0.00,0.00,6.90,0.00,0.00,0.00,35.63
20:18:49,4,37.93,0.00,20.69,0.00,0.00,4.60,0.00,0.00,0.00,36.78
20:18:49,5,41.84,0.00,9.18,0.00,0.00,5.10,0.00,0.00,0.00,43.88
20:18:49,6,40.62,0.00,11.46,0.00,0.00,4.17,0.00,0.00,0.00,43.75
20:18:49,7,40.43,0.00,10.64,0.00,0.00,5.32,0.00,0.00,0.00,43.62
20:18:49,8,41.05,0.00,11.58,0.00,0.00,3.16,0.00,0.00,0.00,44.21
20:18:49,9,42.71,0.00,9.38,0.00,0.00,5.21,0.00,0.00,0.00,42.71
20:18:49,10,45.83,0.00,9.38,0.00,0.00,3.12,0.00,0.00,0.00,41.67
20:18:49,11,46.81,0.00,10.64,0.00,0.00,3.19,0.00,0.00,0.00,39.36
20:18:50,all,40.38,0.00,15.74,0.00,0.00,4.41,0.00,0.00,0.00,39.48
20:18:50,0,40.66,0.00,20.88,0.00,0.00,5.49,0.00,0.00,0.00,32.97
20:18:50,1,38.20,0.00,23.60,0.00,0.00,5.62,0.00,0.00,0.00,32.58
20:18:50,2,37.50,0.00,21.59,0.00,0.00,5.68,0.00,0.00,0.00,35.23
20:18:50,3,35.16,0.00,23.08,0.00,0.00,5.49,0.00,0.00,0.00,36.26
20:18:50,4,37.36,0.00,21.98,0.00,0.00,5.49,0.00,0.00,0.00,35.16
20:18:50,5,41.24,0.00,10.31,0.00,0.00,3.09,0.00,0.00,0.00,45.36
20:18:50,6,42.11,0.00,13.68,0.00,0.00,3.16,0.00,0.00,0.00,41.05
20:18:50,7,42.11,0.00,11.58,0.00,0.00,3.16,0.00,0.00,0.00,43.16
20:18:50,8,38.95,0.00,11.58,0.00,0.00,4.21,0.00,0.00,0.00,45.26
20:18:50,9,42.11,0.00,11.58,0.00,0.00,5.26,0.00,0.00,0.00,41.05
20:18:50,10,43.96,0.00,9.89,0.00,0.00,2.20,0.00,0.00,0.00,43.96
20:18:50,11,44.68,0.00,10.64,0.00,0.00,4.26,0.00,0.00,0.00,40.43
20:18:51,all,41.70,0.00,16.06,0.00,0.00,4.70,0.00,0.00,0.00,37.53
20:18:51,0,39.13,0.00,22.83,0.00,0.00,5.43,0.00,0.00,0.00,32.61
20:18:51,1,40.22,0.00,19.57,0.00,0.00,7.61,0.00,0.00,0.00,32.61
20:18:51,2,38.71,0.00,22.58,0.00,0.00,6.45,0.00,0.00,0.00,32.26
20:18:51,3,40.86,0.00,20.43,0.00,0.00,6.45,0.00,0.00,0.00,32.26
20:18:51,4,41.49,0.00,21.28,0.00,0.00,6.38,0.00,0.00,0.00,30.85
20:18:51,5,41.05,0.00,12.63,0.00,0.00,4.21,0.00,0.00,0.00,42.11
20:18:51,6,41.24,0.00,13.40,0.00,0.00,2.06,0.00,0.00,0.00,43.30
20:18:51,7,41.49,0.00,11.70,0.00,0.00,5.32,0.00,0.00,0.00,41.49
20:18:51,8,40.21,0.00,12.37,0.00,0.00,4.12,0.00,0.00,0.00,43.30
20:18:51,9,40.86,0.00,13.98,0.00,0.00,3.23,0.00,0.00,0.00,41.94
20:18:51,10,45.16,0.00,11.83,0.00,0.00,3.23,0.00,0.00,0.00,39.78
20:18:51,11,50.00,0.00,10.64,0.00,0.00,2.13,0.00,0.00,0.00,37.23
20:18:52,all,40.80,0.00,15.98,0.00,0.00,4.46,0.00,0.00,0.00,38.75
20:18:52,0,39.13,0.00,22.83,0.00,0.00,4.35,0.00,0.00,0.00,33.70
20:18:52,1,38.71,0.00,22.58,0.00,0.00,6.45,0.00,0.00,0.00,32.26
20:18:52,2,39.13,0.00,20.65,0.00,0.00,5.43,0.00,0.00,0.00,34.78
20:18:52,3,39.56,0.00,21.98,0.00,0.00,5.49,0.00,0.00,0.00,32.97
20:18:52,4,40.66,0.00,19.78,0.00,0.00,5.49,0.00,0.00,0.00,34.07
20:18:52,5,41.24,0.00,13.40,0.00,0.00,3.09,0.00,0.00,0.00,42.27
20:18:52,6,37.63,0.00,13.98,0.00,0.00,3.23,0.00,0.00,0.00,45.16
20:18:52,7,43.75,0.00,12.50,0.00,0.00,3.12,0.00,0.00,0.00,40.62
20:18:52,8,41.05,0.00,10.53,0.00,0.00,4.21,0.00,0.00,0.00,44.21
20:18:52,9,40.00,0.00,12.63,0.00,0.00,4.21,0.00,0.00,0.00,43.16
20:18:52,10,43.48,0.00,10.87,0.00,0.00,4.35,0.00,0.00,0.00,41.30
20:18:52,11,45.16,0.00,10.75,0.00,0.00,4.30,0.00,0.00,0.00,39.78
20:18:53,all,40.77,0.00,14.78,0.00,0.00,4.93,0.00,0.00,0.00,39.52
20:18:53,0,41.11,0.00,20.00,0.00,0.00,4.44,0.00,0.00,0.00,34.44
20:18:53,1,40.66,0.00,19.78,0.00,0.00,7.69,0.00,0.00,0.00,31.87
20:18:53,2,38.64,0.00,21.59,0.00,0.00,4.55,0.00,0.00,0.00,35.23
20:18:53,3,41.11,0.00,18.89,0.00,0.00,6.67,0.00,0.00,0.00,33.33
20:18:53,4,38.30,0.00,22.34,0.00,0.00,6.38,0.00,0.00,0.00,32.98
20:18:53,5,37.50,0.00,11.46,0.00,0.00,5.21,0.00,0.00,0.00,45.83
20:18:53,6,41.05,0.00,11.58,0.00,0.00,5.26,0.00,0.00,0.00,42.11
20:18:53,7,42.11,0.00,10.53,0.00,0.00,4.21,0.00,0.00,0.00,43.16
20:18:53,8,39.80,0.00,11.22,0.00,0.00,4.08,0.00,0.00,0.00,44.90
20:18:53,9,41.05,0.00,11.58,0.00,0.00,4.21,0.00,0.00,0.00,43.16
20:18:53,10,45.05,0.00,8.79,0.00,0.00,2.20,0.00,0.00,0.00,43.96
20:18:53,11,43.01,0.00,10.75,0.00,0.00,4.30,0.00,0.00,0.00,41.94
20:18:54,all,40.75,0.00,15.17,0.00,0.00,4.58,0.00,0.00,0.00,39.50
20:18:54,0,37.50,0.00,21.59,0.00,0.00,5.68,0.00,0.00,0.00,35.23
20:18:54,1,40.66,0.00,21.98,0.00,0.00,5.49,0.00,0.00,0.00,31.87
20:18:54,2,35.87,0.00,22.83,0.00,0.00,6.52,0.00,0.00,0.00,34.78
20:18:54,3,41.11,0.00,18.89,0.00,0.00,5.56,0.00,0.00,0.00,34.44
20:18:54,4,42.22,0.00,18.89,0.00,0.00,4.44,0.00,0.00,0.00,34.44
20:18:54,5,36.56,0.00,11.83,0.00,0.00,4.30,0.00,0.00,0.00,47.31
20:18:54,6,40.62,0.00,11.46,0.00,0.00,4.17,0.00,0.00,0.00,43.75
20:18:54,7,42.11,0.00,11.58,0.00,0.00,3.16,0.00,0.00,0.00,43.16
20:18:54,8,38.71,0.00,11.83,0.00,0.00,4.30,0.00,0.00,0.00,45.16
20:18:54,9,43.88,0.00,11.22,0.00,0.00,5.10,0.00,0.00,0.00,39.80
20:18:54,10,44.68,0.00,10.64,0.00,0.00,3.19,0.00,0.00,0.00,41.49
20:18:54,11,44.68,0.00,10.64,0.00,0.00,3.19,0.00,0.00,0.00,41.49
20:18:55,all,41.78,0.00,15.46,0.00,0.00,4.77,0.00,0.00,0.00,37.99
20:18:55,0,38.89,0.00,22.22,0.00,0.00,5.56,0.00,0.00,0.00,33.33
20:18:55,1,40.22,0.00,20.65,0.00,0.00,5.43,0.00,0.00,0.00,33.70
20:18:55,2,40.45,0.00,22.47,0.00,0.00,4.49,0.00,0.00,0.00,32.58
20:18:55,3,40.22,0.00,20.65,0.00,0.00,6.52,0.00,0.00,0.00,32.61
20:18:55,4,37.63,0.00,23.66,0.00,0.00,5.38,0.00,0.00,0.00,33.33
20:18:55,5,41.67,0.00,11.46,0.00,0.00,4.17,0.00,0.00,0.00,42.71
20:18:55,6,43.62,0.00,9.57,0.00,0.00,4.26,0.00,0.00,0.00,42.55
20:18:55,7,42.42,0.00,12.12,0.00,0.00,4.04,0.00,0.00,0.00,41.41
20:18:55,8,40.82,0.00,10.20,0.00,0.00,5.10,0.00,0.00,0.00,43.88
20:18:55,9,43.88,0.00,10.20,0.00,0.00,5.10,0.00,0.00,0.00,40.82
20:18:55,10,44.21,0.00,11.58,0.00,0.00,4.21,0.00,0.00,0.00,40.00
20:18:55,11,46.88,0.00,12.50,0.00,0.00,3.12,0.00,0.00,0.00,37.50
20:18:56,all,41.03,0.00,15.88,0.00,0.00,5.08,0.00,0.00,0.00,38.00
20:18:56,0,38.04,0.00,22.83,0.00,0.00,6.52,0.00,0.00,0.00,32.61
20:18:56,1,41.76,0.00,20.88,0.00,0.00,6.59,0.00,0.00,0.00,30.77
20:18:56,2,38.04,0.00,21.74,0.00,0.00,6.52,0.00,0.00,0.00,33.70
20:18:56,3,37.36,0.00,21.98,0.00,0.00,6.59,0.00,0.00,0.00,34.07
20:18:56,4,37.08,0.00,22.47,0.00,0.00,5.62,0.00,0.00,0.00,34.83
20:18:56,5,38.71,0.00,11.83,0.00,0.00,4.30,0.00,0.00,0.00,45.16
20:18:56,6,43.75,0.00,12.50,0.00,0.00,3.12,0.00,0.00,0.00,40.62
20:18:56,7,39.18,0.00,13.40,0.00,0.00,5.15,0.00,0.00,0.00,42.27
20:18:56,8,42.11,0.00,11.58,0.00,0.00,4.21,0.00,0.00,0.00,42.11
20:18:56,9,43.75,0.00,11.46,0.00,0.00,5.21,0.00,0.00,0.00,39.58
20:18:56,10,46.81,0.00,10.64,0.00,0.00,3.19,0.00,0.00,0.00,39.36
20:18:56,11,45.26,0.00,10.53,0.00,0.00,4.21,0.00,0.00,0.00,40.00
20:18:57,all,42.10,0.00,15.27,0.00,0.00,4.52,0.00,0.00,0.00,38.12
20:18:57,0,41.11,0.00,21.11,0.00,0.00,5.56,0.00,0.00,0.00,32.22
20:18:57,1,39.53,0.00,18.60,0.00,0.00,5.81,0.00,0.00,0.00,36.05
20:18:57,2,41.76,0.00,19.78,0.00,0.00,6.59,0.00,0.00,0.00,31.87
20:18:57,3,39.33,0.00,22.47,0.00,0.00,4.49,0.00,0.00,0.00,33.71
20:18:57,4,40.45,0.00,20.22,0.00,0.00,5.62,0.00,0.00,0.00,33.71
20:18:57,5,39.18,0.00,13.40,0.00,0.00,4.12,0.00,0.00,0.00,43.30
20:18:57,6,44.09,0.00,10.75,0.00,0.00,4.30,0.00,0.00,0.00,40.86
20:18:57,7,41.67,0.00,12.50,0.00,0.00,3.12,0.00,0.00,0.00,42.71
20:18:57,8,42.71,0.00,10.42,0.00,0.00,4.17,0.00,0.00,0.00,42.71
20:18:57,9,44.09,0.00,12.90,0.00,0.00,3.23,0.00,0.00,0.00,39.78
20:18:57,10,45.74,0.00,10.64,0.00,0.00,3.19,0.00,0.00,0.00,40.43
20:18:57,11,45.16,0.00,11.83,0.00,0.00,4.30,0.00,0.00,0.00,38.71
20:18:58,all,42.90,0.00,16.07,0.00,0.00,5.15,0.00,0.00,0.00,35.88
20:18:58,0,42.39,0.00,21.74,0.00,0.00,5.43,0.00,0.00,0.00,30.43
20:18:58,1,39.13,0.00,23.91,0.00,0.00,7.61,0.00,0.00,0.00,29.35
20:18:58,2,40.66,0.00,21.98,0.00,0.00,6.59,0.00,0.00,0.00,30.77
20:18:58,3,44.09,0.00,19.35,0.00,0.00,7.53,0.00,0.00,0.00,29.03
20:18:58,4,43.16,0.00,21.05,0.00,0.00,7.37,0.00,0.00,0.00,28.42
20:18:58,5,40.43,0.00,12.77,0.00,0.00,5.32,0.00,0.00,0.00,41.49
20:18:58,6,44.68,0.00,10.64,0.00,0.00,4.26,0.00,0.00,0.00,40.43
20:18:58,7,41.05,0.00,13.68,0.00,0.00,4.21,0.00,0.00,0.00,41.05
20:18:58,8,41.67,0.00,12.50,0.00,0.00,3.12,0.00,0.00,0.00,42.71
20:18:58,9,44.79,0.00,11.46,0.00,0.00,4.17,0.00,0.00,0.00,39.58
20:18:58,10,45.74,0.00,11.70,0.00,0.00,3.19,0.00,0.00,0.00,39.36
20:18:58,11,46.81,0.00,12.77,0.00,0.00,3.19,0.00,0.00,0.00,37.23
20:18:59,all,41.63,0.00,14.59,0.00,0.00,4.12,0.00,0.00,0.00,39.66
20:18:59,0,39.56,0.00,19.78,0.00,0.00,6.59,0.00,0.00,0.00,34.07
20:18:59,1,41.11,0.00,18.89,0.00,0.00,4.44,0.00,0.00,0.00,35.56
20:18:59,2,39.56,0.00,20.88,0.00,0.00,5.49,0.00,0.00,0.00,34.07
20:18:59,3,40.00,0.00,17.78,0.00,0.00,5.56,0.00,0.00,0.00,36.67
20:18:59,4,38.89,0.00,20.00,0.00,0.00,4.44,0.00,0.00,0.00,36.67
20:18:59,5,38.95,0.00,11.58,0.00,0.00,3.16,0.00,0.00,0.00,46.32
20:18:59,6,40.62,0.00,12.50,0.00,0.00,3.12,0.00,0.00,0.00,43.75
20:18:59,7,43.16,0.00,10.53,0.00,0.00,3.16,0.00,0.00,0.00,43.16
20:18:59,8,43.30,0.00,11.34,0.00,0.00,3.09,0.00,0.00,0.00,42.27
20:18:59,9,42.55,0.00,12.77,0.00,0.00,2.13,0.00,0.00,0.00,42.55
20:18:59,10,45.26,0.00,10.53,0.00,0.00,4.21,0.00,0.00,0.00,40.00
20:18:59,11,46.24,0.00,9.68,0.00,0.00,4.30,0.00,0.00,0.00,39.78
20:19:00,all,40.80,0.00,14.91,0.09,0.00,5.00,0.00,0.00,0.00,39.20
20:19:00,0,40.45,0.00,17.98,0.00,0.00,6.74,0.00,0.00,0.00,34.83
20:19:00,1,42.70,0.00,16.85,0.00,0.00,5.62,0.00,0.00,0.00,34.83
20:19:00,2,36.26,0.00,23.08,0.00,0.00,5.49,0.00,0.00,0.00,35.16
20:19:00,3,36.96,0.00,23.91,0.00,0.00,5.43,0.00,0.00,0.00,33.70
20:19:00,4,40.66,0.00,18.68,0.00,0.00,6.59,0.00,0.00,0.00,34.07
20:19:00,5,40.40,0.00,12.12,0.00,0.00,4.04,0.00,0.00,0.00,43.43
20:19:00,6,40.62,0.00,10.42,0.00,0.00,5.21,0.00,0.00,0.00,43.75
20:19:00,7,40.82,0.00,14.29,0.00,0.00,4.08,0.00,0.00,0.00,40.82
20:19:00,8,39.58,0.00,10.42,0.00,0.00,5.21,0.00,0.00,0.00,44.79
20:19:00,9,40.86,0.00,11.83,0.00,0.00,4.30,0.00,0.00,0.00,43.01
20:19:00,10,44.57,0.00,10.87,0.00,0.00,3.26,0.00,0.00,0.00,41.30
20:19:00,11,45.74,0.00,9.57,1.06,0.00,4.26,0.00,0.00,0.00,39.36
20:19:01,all,42.06,0.00,15.61,0.00,0.00,4.75,0.00,0.00,0.00,37.58
20:19:01,0,39.77,0.00,20.45,0.00,0.00,6.82,0.00,0.00,0.00,32.95
20:19:01,1,37.50,0.00,26.14,0.00,0.00,5.68,0.00,0.00,0.00,30.68
20:19:01,2,40.00,0.00,22.22,0.00,0.00,6.67,0.00,0.00,0.00,31.11
20:19:01,3,40.23,0.00,21.84,0.00,0.00,4.60,0.00,0.00,0.00,33.33
20:19:01,4,40.45,0.00,20.22,0.00,0.00,6.74,0.00,0.00,0.00,32.58
20:19:01,5,43.00,0.00,11.00,0.00,0.00,5.00,0.00,0.00,0.00,41.00
20:19:01,6,41.67,0.00,11.46,0.00,0.00,4.17,0.00,0.00,0.00,42.71
20:19:01,7,41.67,0.00,12.50,0.00,0.00,4.17,0.00,0.00,0.00,41.67
20:19:01,8,40.43,0.00,12.77,0.00,0.00,3.19,0.00,0.00,0.00,43.62
20:19:01,9,45.36,0.00,11.34,0.00,0.00,3.09,0.00,0.00,0.00,40.21
20:19:01,10,46.81,0.00,10.64,0.00,0.00,3.19,0.00,0.00,0.00,39.36
20:19:01,11,46.88,0.00,9.38,0.00,0.00,4.17,0.00,0.00,0.00,39.58
20:19:02,all,41.41,0.00,15.56,0.00,0.00,4.65,0.00,0.00,0.00,38.37
20:19:02,0,41.49,0.00,20.21,0.00,0.00,5.32,0.00,0.00,0.00,32.98
20:19:02,1,43.48,0.00,19.57,0.00,0.00,6.52,0.00,0.00,0.00,30.43
20:19:02,2,39.56,0.00,20.88,0.00,0.00,5.49,0.00,0.00,0.00,34.07
20:19:02,3,37.78,0.00,23.33,0.00,0.00,5.56,0.00,0.00,0.00,33.33
20:19:02,4,40.66,0.00,23.08,0.00,0.00,4.40,0.00,0.00,0.00,31.87
20:19:02,5,40.86,0.00,9.68,0.00,0.00,3.23,0.00,0.00,0.00,46.24
20:19:02,6,38.71,0.00,13.98,0.00,0.00,4.30,0.00,0.00,0.00,43.01
20:19:02,7,42.27,0.00,12.37,0.00,0.00,3.09,0.00,0.00,0.00,42.27
20:19:02,8,37.76,0.00,13.27,0.00,0.00,5.10,0.00,0.00,0.00,43.88
20:19:02,9,44.68,0.00,10.64,0.00,0.00,4.26,0.00,0.00,0.00,40.43
20:19:02,10,44.68,0.00,10.64,0.00,0.00,4.26,0.00,0.00,0.00,40.43
20:19:02,11,45.05,0.00,9.89,0.00,0.00,4.40,0.00,0.00,0.00,40.66
20:19:03,all,41.14,0.00,14.60,0.00,0.00,4.27,0.00,0.00,0.00,39.98
20:19:03,0,38.89,0.00,21.11,0.00,0.00,5.56,0.00,0.00,0.00,34.44
20:19:03,1,43.01,0.00,18.28,0.00,0.00,4.30,0.00,0.00,0.00,34.41
20:19:03,2,39.33,0.00,19.10,0.00,0.00,5.62,0.00,0.00,0.00,35.96
20:19:03,3,38.89,0.00,18.89,0.00,0.00,5.56,0.00,0.00,0.00,36.67
20:19:03,4,40.66,0.00,20.88,0.00,0.00,4.40,0.00,0.00,0.00,34.07
20:19:03,5,37.89,0.00,11.58,0.00,0.00,4.21,0.00,0.00,0.00,46.32
20:19:03,6,39.58,0.00,11.46,0.00,0.00,4.17,0.00,0.00,0.00,44.79
20:19:03,7,40.62,0.00,11.46,0.00,0.00,4.17,0.00,0.00,0.00,43.75
20:19:03,8,40.82,0.00,12.24,0.00,0.00,3.06,0.00,0.00,0.00,43.88
20:19:03,9,42.86,0.00,12.24,0.00,0.00,4.08,0.00,0.00,0.00,40.82
20:19:03,10,44.09,0.00,10.75,0.00,0.00,3.23,0.00,0.00,0.00,41.94
20:19:03,11,46.81,0.00,8.51,0.00,0.00,3.19,0.00,0.00,0.00,41.49
20:19:04,all,40.47,0.00,14.91,0.00,0.00,4.88,0.00,0.00,0.00,39.75
20:19:04,0,37.78,0.00,21.11,0.00,0.00,6.67,0.00,0.00,0.00,34.44
20:19:04,1,40.45,0.00,21.35,0.00,0.00,5.62,0.00,0.00,0.00,32.58
20:19:04,2,38.46,0.00,20.88,0.00,0.00,7.69,0.00,0.00,0.00,32.97
20:19:04,3,38.89,0.00,20.00,0.00,0.00,5.56,0.00,0.00,0.00,35.56
20:19:04,4,38.46,0.00,20.88,0.00,0.00,5.49,0.00,0.00,0.00,35.16
20:19:04,5,38.54,0.00,11.46,0.00,0.00,4.17,0.00,0.00,0.00,45.83
20:19:04,6,39.58,0.00,11.46,0.00,0.00,4.17,0.00,0.00,0.00,44.79
20:19:04,7,39.13,0.00,11.96,0.00,0.00,4.35,0.00,0.00,0.00,44.57
20:19:04,8,42.11,0.00,10.53,0.00,0.00,3.16,0.00,0.00,0.00,44.21
20:19:04,9,41.05,0.00,11.58,0.00,0.00,5.26,0.00,0.00,0.00,42.11
20:19:04,10,45.05,0.00,9.89,0.00,0.00,3.30,0.00,0.00,0.00,41.76
20:19:04,11,46.15,0.00,8.79,0.00,0.00,3.30,0.00,0.00,0.00,41.76
20:19:05,all,41.44,0.00,15.15,0.09,0.00,4.90,0.00,0.00,0.00,38.41
20:19:05,0,39.56,0.00,20.88,0.00,0.00,6.59,0.00,0.00,0.00,32.97
20:19:05,1,40.22,0.00,19.57,0.00,0.00,6.52,0.00,0.00,0.00,33.70
20:19:05,2,37.50,0.00,22.73,0.00,0.00,5.68,0.00,0.00,0.00,34.09
20:19:05,3,38.04,0.00,23.91,0.00,0.00,6.52,0.00,0.00,0.00,31.52
20:19:05,4,39.33,0.00,21.35,0.00,0.00,5.62,0.00,0.00,0.00,33.71
20:19:05,5,38.95,0.00,10.53,0.00,0.00,4.21,0.00,0.00,0.00,46.32
20:19:05,6,42.55,0.00,10.64,0.00,0.00,3.19,0.00,0.00,0.00,43.62
20:19:05,7,43.30,0.00,12.37,1.03,0.00,4.12,0.00,0.00,0.00,39.18
20:19:05,8,41.05,0.00,9.47,0.00,0.00,4.21,0.00,0.00,0.00,45.26
20:19:05,9,43.75,0.00,11.46,0.00,0.00,4.17,0.00,0.00,0.00,40.62
20:19:05,10,47.42,0.00,10.31,0.00,0.00,4.12,0.00,0.00,0.00,38.14
20:19:05,11,44.79,0.00,10.42,0.00,0.00,4.17,0.00,0.00,0.00,40.62
20:19:06,all,40.97,0.00,15.07,0.00,0.00,4.51,0.00,0.00,0.00,39.44
20:19:06,0,40.45,0.00,19.10,0.00,0.00,5.62,0.00,0.00,0.00,34.83
20:19:06,1,37.08,0.00,23.60,0.00,0.00,6.74,0.00,0.00,0.00,32.58
20:19:06,2,37.50,0.00,22.73,0.00,0.00,3.41,0.00,0.00,0.00,36.36
20:19:06,3,41.11,0.00,20.00,0.00,0.00,5.56,0.00,0.00,0.00,33.33
20:19:06,4,37.36,0.00,23.08,0.00,0.00,5.49,0.00,0.00,0.00,34.07
20:19:06,5,38.95,0.00,11.58,0.00,0.00,4.21,0.00,0.00,0.00,45.26
20:19:06,6,42.27,0.00,9.28,0.00,0.00,5.15,0.00,0.00,0.00,43.30
20:19:06,7,43.01,0.00,10.75,0.00,0.00,3.23,0.00,0.00,0.00,43.01
20:19:06,8,39.58,0.00,10.42,0.00,0.00,4.17,0.00,0.00,0.00,45.83
20:19:06,9,42.55,0.00,10.64,0.00,0.00,4.26,0.00,0.00,0.00,42.55
20:19:06,10,46.81,0.00,10.64,0.00,0.00,3.19,0.00,0.00,0.00,39.36
20:19:06,11,44.57,0.00,10.87,0.00,0.00,3.26,0.00,0.00,0.00,41.30
20:19:07,all,42.62,0.00,16.09,0.00,0.00,5.13,0.00,0.00,0.00,36.16
20:19:07,0,40.66,0.00,21.98,0.00,0.00,5.49,0.00,0.00,0.00,31.87
20:19:07,1,42.86,0.00,21.98,0.00,0.00,5.49,0.00,0.00,0.00,29.67
20:19:07,2,38.46,0.00,21.98,0.00,0.00,8.79,0.00,0.00,0.00,30.77
20:19:07,3,40.00,0.00,22.22,0.00,0.00,6.67,0.00,0.00,0.00,31.11
20:19:07,4,38.71,0.00,22.58,0.00,0.00,7.53,0.00,0.00,0.00,31.18
20:19:07,5,41.24,0.00,12.37,0.00,0.00,5.15,0.00,0.00,0.00,41.24
20:19:07,6,45.36,0.00,12.37,0.00,0.00,3.09,0.00,0.00,0.00,39.18
20:19:07,7,43.30,0.00,12.37,0.00,0.00,3.09,0.00,0.00,0.00,41.24
20:19:07,8,45.36,0.00,11.34,0.00,0.00,5.15,0.00,0.00,0.00,38.14
20:19:07,9,44.33,0.00,12.37,0.00,0.00,4.12,0.00,0.00,0.00,39.18
20:19:07,10,45.83,0.00,11.46,0.00,0.00,3.12,0.00,0.00,0.00,39.58
20:19:07,11,44.68,0.00,11.70,0.00,0.00,4.26,0.00,0.00,0.00,39.36
20:19:08,all,43.47,0.00,16.64,0.00,0.00,4.11,0.00,0.00,0.00,35.78
20:19:08,0,41.11,0.00,21.11,0.00,0.00,6.67,0.00,0.00,0.00,31.11
20:19:08,1,42.86,0.00,21.98,0.00,0.00,6.59,0.00,0.00,0.00,28.57
20:19:08,2,41.11,0.00,24.44,0.00,0.00,4.44,0.00,0.00,0.00,30.00
20:19:08,3,42.22,0.00,23.33,0.00,0.00,4.44,0.00,0.00,0.00,30.00
20:19:08,4,42.05,0.00,22.73,0.00,0.00,4.55,0.00,0.00,0.00,30.68
20:19:08,5,42.11,0.00,12.63,0.00,0.00,3.16,0.00,0.00,0.00,42.11
20:19:08,6,45.83,0.00,12.50,0.00,0.00,3.12,0.00,0.00,0.00,38.54
20:19:08,7,40.62,0.00,14.58,0.00,0.00,4.17,0.00,0.00,0.00,40.62
20:19:08,8,41.24,0.00,12.37,0.00,0.00,4.12,0.00,0.00,0.00,42.27
20:19:08,9,46.39,0.00,14.43,0.00,0.00,3.09,0.00,0.00,0.00,36.08
20:19:08,10,48.42,0.00,10.53,0.00,0.00,3.16,0.00,0.00,0.00,37.89
20:19:08,11,47.31,0.00,10.75,0.00,0.00,2.15,0.00,0.00,0.00,39.78
20:19:09,all,41.25,0.00,15.27,0.00,0.00,4.73,0.00,0.00,0.00,38.75
20:19:09,0,40.66,0.00,21.98,0.00,0.00,3.30,0.00,0.00,0.00,34.07
20:19:09,1,42.39,0.00,20.65,0.00,0.00,6.52,0.00,0.00,0.00,30.43
20:19:09,2,37.63,0.00,22.58,0.00,0.00,6.45,0.00,0.00,0.00,33.33
20:19:09,3,38.71,0.00,22.58,0.00,0.00,6.45,0.00,0.00,0.00,32.26
20:19:09,4,40.45,0.00,20.22,0.00,0.00,5.62,0.00,0.00,0.00,33.71
20:19:09,5,38.71,0.00,11.83,0.00,0.00,3.23,0.00,0.00,0.00,46.24
20:19:09,6,42.27,0.00,11.34,0.00,0.00,4.12,0.00,0.00,0.00,42.27
20:19:09,7,43.88,0.00,10.20,0.00,0.00,5.10,0.00,0.00,0.00,40.82
20:19:09,8,36.84,0.00,12.63,0.00,0.00,4.21,0.00,0.00,0.00,46.32
20:19:09,9,44.21,0.00,10.53,0.00,0.00,4.21,0.00,0.00,0.00,41.05
20:19:09,10,43.33,0.00,10.00,0.00,0.00,3.33,0.00,0.00,0.00,43.33
20:19:09,11,45.74,0.00,9.57,0.00,0.00,4.26,0.00,0.00,0.00,40.43
20:19:10,all,41.41,0.00,14.58,0.00,0.00,4.65,0.00,0.00,0.00,39.36
20:19:10,0,40.22,0.00,19.57,0.00,0.00,6.52,0.00,0.00,0.00,33.70
20:19:10,1,40.45,0.00,20.22,0.00,0.00,5.62,0.00,0.00,0.00,33.71
20:19:10,2,40.00,0.00,20.00,0.00,0.00,5.56,0.00,0.00,0.00,34.44
20:19:10,3,40.00,0.00,17.78,0.00,0.00,6.67,0.00,0.00,0.00,35.56
20:19:10,4,38.89,0.00,22.22,0.00,0.00,3.33,0.00,0.00,0.00,35.56
20:19:10,5,43.30,0.00,10.31,0.00,0.00,3.09,0.00,0.00,0.00,43.30
20:19:10,6,41.94,0.00,10.75,0.00,0.00,4.30,0.00,0.00,0.00,43.01
20:19:10,7,39.80,0.00,12.24,0.00,0.00,5.10,0.00,0.00,0.00,42.86
20:19:10,8,41.24,0.00,11.34,0.00,0.00,3.09,0.00,0.00,0.00,44.33
20:19:10,9,41.05,0.00,10.53,0.00,0.00,5.26,0.00,0.00,0.00,43.16
20:19:10,10,44.79,0.00,10.42,0.00,0.00,3.12,0.00,0.00,0.00,41.67
20:19:10,11,45.05,0.00,10.99,0.00,0.00,4.40,0.00,0.00,0.00,39.56
20:19:11,all,40.18,0.00,16.07,0.09,0.00,4.91,0.00,0.00,0.00,38.75
20:19:11,0,41.11,0.00,21.11,0.00,0.00,5.56,0.00,0.00,0.00,32.22
20:19:11,1,40.43,0.00,22.34,0.00,0.00,6.38,0.00,0.00,0.00,30.85
20:19:11,2,39.78,0.00,21.51,0.00,0.00,4.30,0.00,0.00,0.00,34.41
20:19:11,3,37.36,0.00,21.98,0.00,0.00,5.49,0.00,0.00,0.00,35.16
20:19:11,4,39.13,0.00,22.83,0.00,0.00,5.43,0.00,0.00,0.00,32.61
20:19:11,5,35.48,0.00,12.90,1.08,0.00,5.38,0.00,0.00,0.00,45.16
20:19:11,6,37.89,0.00,12.63,0.00,0.00,5.26,0.00,0.00,0.00,44.21
20:19:11,7,40.62,0.00,11.46,0.00,0.00,4.17,0.00,0.00,0.00,43.75
20:19:11,8,37.89,0.00,12.63,0.00,0.00,4.21,0.00,0.00,0.00,45.26
20:19:11,9,46.32,0.00,10.53,0.00,0.00,4.21,0.00,0.00,0.00,38.95
20:19:11,10,43.62,0.00,10.64,0.00,0.00,4.26,0.00,0.00,0.00,41.49
20:19:11,11,42.39,0.00,13.04,0.00,0.00,4.35,0.00,0.00,0.00,40.22
20:19:12,all,41.90,0.00,15.58,0.00,0.00,5.01,0.00,0.00,0.00,37.51
20:19:12,0,41.11,0.00,22.22,0.00,0.00,5.56,0.00,0.00,0.00,31.11
20:19:12,1,41.57,0.00,17.98,0.00,0.00,5.62,0.00,0.00,0.00,34.83
20:19:12,2,40.22,0.00,20.65,0.00,0.00,6.52,0.00,0.00,0.00,32.61
20:19:12,3,41.11,0.00,20.00,0.00,0.00,6.67,0.00,0.00,0.00,32.22
20:19:12,4,39.33,0.00,21.35,0.00,0.00,5.62,0.00,0.00,0.00,33.71
20:19:12,5,38.14,0.00,12.37,0.00,0.00,5.15,0.00,0.00,0.00,44.33
20:19:12,6,43.16,0.00,14.74,0.00,0.00,4.21,0.00,0.00,0.00,37.89
20:19:12,7,41.67,0.00,13.54,0.00,0.00,4.17,0.00,0.00,0.00,40.62
20:19:12,8,40.43,0.00,12.77,0.00,0.00,4.26,0.00,0.00,0.00,42.55
20:19:12,9,44.21,0.00,12.63,0.00,0.00,4.21,0.00,0.00,0.00,38.95
20:19:12,10,46.32,0.00,9.47,0.00,0.00,4.21,0.00,0.00,0.00,40.00
20:19:12,11,45.26,0.00,10.53,0.00,0.00,4.21,0.00,0.00,0.00,40.00
20:19:13,all,40.07,0.00,15.74,0.00,0.00,4.74,0.00,0.00,0.00,39.45
20:19:13,0,40.22,0.00,19.57,0.00,0.00,5.43,0.00,0.00,0.00,34.78
20:19:13,1,38.95,0.00,24.21,0.00,0.00,5.26,0.00,0.00,0.00,31.58
20:19:13,2,35.63,0.00,22.99,0.00,0.00,5.75,0.00,0.00,0.00,35.63
20:19:13,3,37.08,0.00,22.47,0.00,0.00,5.62,0.00,0.00,0.00,34.83
20:19:13,4,38.46,0.00,20.88,0.00,0.00,6.59,0.00,0.00,0.00,34.07
20:19:13,5,38.14,0.00,12.37,0.00,0.00,5.15,0.00,0.00,0.00,44.33
20:19:13,6,42.11,0.00,10.53,0.00,0.00,3.16,0.00,0.00,0.00,44.21
20:19:13,7,41.67,0.00,12.50,0.00,0.00,4.17,0.00,0.00,0.00,41.67
20:19:13,8,40.00,0.00,11.58,0.00,0.00,4.21,0.00,0.00,0.00,44.21
20:19:13,9,39.58,0.00,13.54,0.00,0.00,4.17,0.00,0.00,0.00,42.71
20:19:13,10,42.86,0.00,9.89,0.00,0.00,3.30,0.00,0.00,0.00,43.96
20:19:13,11,45.74,0.00,9.57,0.00,0.00,4.26,0.00,0.00,0.00,40.43
20:19:14,all,39.73,0.00,15.77,0.00,0.00,4.77,0.00,0.00,0.00,39.73
20:19:14,0,40.86,0.00,20.43,0.00,0.00,6.45,0.00,0.00,0.00,32.26
20:19:14,1,37.08,0.00,22.47,0.00,0.00,5.62,0.00,0.00,0.00,34.83
20:19:14,2,39.13,0.00,20.65,0.00,0.00,5.43,0.00,0.00,0.00,34.78
20:19:14,3,37.78,0.00,22.22,0.00,0.00,6.67,0.00,0.00,0.00,33.33
20:19:14,4,36.36,0.00,20.45,0.00,0.00,5.68,0.00,0.00,0.00,37.50
20:19:14,5,38.14,0.00,13.40,0.00,0.00,3.09,0.00,0.00,0.00,45.36
20:19:14,6,38.71,0.00,12.90,0.00,0.00,5.38,0.00,0.00,0.00,43.01
20:19:14,7,39.18,0.00,12.37,0.00,0.00,5.15,0.00,0.00,0.00,43.30
20:19:14,8,41.49,0.00,9.57,0.00,0.00,3.19,0.00,0.00,0.00,45.74
20:19:14,9,41.30,0.00,11.96,0.00,0.00,4.35,0.00,0.00,0.00,42.39
20:19:14,10,41.49,0.00,13.83,0.00,0.00,3.19,0.00,0.00,0.00,41.49
20:19:14,11,45.05,0.00,9.89,0.00,0.00,3.30,0.00,0.00,0.00,41.76
20:19:15,all,41.38,0.00,15.37,0.00,0.00,4.74,0.00,0.00,0.00,38.52
20:19:15,0,39.78,0.00,21.51,0.00,0.00,6.45,0.00,0.00,0.00,32.26
20:19:15,1,38.20,0.00,22.47,0.00,0.00,6.74,0.00,0.00,0.00,32.58
20:19:15,2,38.20,0.00,20.22,0.00,0.00,5.62,0.00,0.00,0.00,35.96
20:19:15,3,40.91,0.00,19.32,0.00,0.00,5.68,0.00,0.00,0.00,34.09
20:19:15,4,42.86,0.00,18.68,0.00,0.00,5.49,0.00,0.00,0.00,32.97
20:19:15,5,38.54,0.00,12.50,0.00,0.00,5.21,0.00,0.00,0.00,43.75
20:19:15,6,41.67,0.00,12.50,0.00,0.00,3.12,0.00,0.00,0.00,42.71
20:19:15,7,43.30,0.00,12.37,0.00,0.00,4.12,0.00,0.00,0.00,40.21
20:19:15,8,40.21,0.00,11.34,0.00,0.00,4.12,0.00,0.00,0.00,44.33
20:19:15,9,43.88,0.00,12.24,0.00,0.00,3.06,0.00,0.00,0.00,40.82
20:19:15,10,45.16,0.00,10.75,0.00,0.00,3.23,0.00,0.00,0.00,40.86
20:19:15,11,43.48,0.00,11.96,0.00,0.00,4.35,0.00,0.00,0.00,40.22
20:19:16,all,40.48,0.00,15.44,0.00,0.00,4.58,0.00,0.00,0.00,39.50
20:19:16,0,39.13,0.00,21.74,0.00,0.00,5.43,0.00,0.00,0.00,33.70
20:19:16,1,40.91,0.00,19.32,0.00,0.00,4.55,0.00,0.00,0.00,35.23
20:19:16,2,38.04,0.00,22.83,0.00,0.00,5.43,0.00,0.00,0.00,33.70
20:19:16,3,37.08,0.00,22.47,0.00,0.00,5.62,0.00,0.00,0.00,34.83
20:19:16,4,37.78,0.00,21.11,0.00,0.00,5.56,0.00,0.00,0.00,35.56
20:19:16,5,38.14,0.00,13.40,0.00,0.00,4.12,0.00,0.00,0.00,44.33
20:19:16,6,41.49,0.00,9.57,0.00,0.00,4.26,0.00,0.00,0.00,44.68
20:19:16,7,41.49,0.00,11.70,0.00,0.00,3.19,0.00,0.00,0.00,43.62
20:19:16,8,40.21,0.00,12.37,0.00,0.00,4.12,0.00,0.00,0.00,43.30
20:19:16,9,42.39,0.00,10.87,0.00,0.00,4.35,0.00,0.00,0.00,42.39
20:19:16,10,45.26,0.00,9.47,0.00,0.00,4.21,0.00,0.00,0.00,41.05
20:19:16,11,43.62,0.00,11.70,0.00,0.00,4.26,0.00,0.00,0.00,40.43
20:19:17,all,42.22,0.00,16.55,0.00,0.00,4.83,0.00,0.00,0.00,36.40
20:19:17,0,45.05,0.00,18.68,0.00,0.00,3.30,0.00,0.00,0.00,32.97
20:19:17,1,42.39,0.00,21.74,0.00,0.00,6.52,0.00,0.00,0.00,29.35
20:19:17,2,39.56,0.00,21.98,0.00,0.00,6.59,0.00,0.00,0.00,31.87
20:19:17,3,41.30,0.00,22.83,0.00,0.00,5.43,0.00,0.00,0.00,30.43
20:19:17,4,40.86,0.00,20.43,0.00,0.00,7.53,0.00,0.00,0.00,31.18
20:19:17,5,43.01,0.00,13.98,0.00,0.00,3.23,0.00,0.00,0.00,39.78
20:19:17,6,40.00,0.00,14.74,0.00,0.00,3.16,0.00,0.00,0.00,42.11
20:19:17,7,40.62,0.00,12.50,0.00,0.00,5.21,0.00,0.00,0.00,41.67
20:19:17,8,41.05,0.00,12.63,0.00,0.00,5.26,0.00,0.00,0.00,41.05
20:19:17,9,42.55,0.00,13.83,0.00,0.00,4.26,0.00,0.00,0.00,39.36
20:19:17,10,44.68,0.00,12.77,0.00,0.00,4.26,0.00,0.00,0.00,38.30
20:19:17,11,45.65,0.00,13.04,0.00,0.00,3.26,0.00,0.00,0.00,38.04
20:19:18,all,43.04,0.00,16.07,0.00,0.00,4.64,0.00,0.00,0.00,36.25
20:19:18,0,43.48,0.00,20.65,0.00,0.00,5.43,0.00,0.00,0.00,30.43
20:19:18,1,43.33,0.00,20.00,0.00,0.00,6.67,0.00,0.00,0.00,30.00
20:19:18,2,40.66,0.00,21.98,0.00,0.00,6.59,0.00,0.00,0.00,30.77
20:19:18,3,41.30,0.00,22.83,0.00,0.00,5.43,0.00,0.00,0.00,30.43
20:19:18,4,41.57,0.00,21.35,0.00,0.00,5.62,0.00,0.00,0.00,31.46
20:19:18,5,40.86,0.00,11.83,0.00,0.00,4.30,0.00,0.00,0.00,43.01
20:19:18,6,43.75,0.00,11.46,0.00,0.00,4.17,0.00,0.00,0.00,40.62
20:19:18,7,41.30,0.00,13.04,0.00,0.00,4.35,0.00,0.00,0.00,41.30
20:19:18,8,40.21,0.00,13.40,0.00,0.00,4.12,0.00,0.00,0.00,42.27
20:19:18,9,44.33,0.00,12.37,0.00,0.00,4.12,0.00,0.00,0.00,39.18
20:19:18,10,48.42,0.00,10.53,0.00,0.00,3.16,0.00,0.00,0.00,37.89
20:19:18,11,46.88,0.00,14.58,0.00,0.00,2.08,0.00,0.00,0.00,36.46
20:19:19,all,42.65,0.00,16.40,0.00,0.00,4.48,0.00,0.00,0.00,36.47
20:19:19,0,39.77,0.00,22.73,0.00,0.00,4.55,0.00,0.00,0.00,32.95
20:19:19,1,42.86,0.00,20.88,0.00,0.00,6.59,0.00,0.00,0.00,29.67
20:19:19,2,42.70,0.00,21.35,0.00,0.00,4.49,0.00,0.00,0.00,31.46
20:19:19,3,41.57,0.00,21.35,0.00,0.00,5.62,0.00,0.00,0.00,31.46
20:19:19,4,40.00,0.00,24.44,0.00,0.00,5.56,0.00,0.00,0.00,30.00
20:19:19,5,41.84,0.00,13.27,0.00,0.00,5.10,0.00,0.00,0.00,39.80
20:19:19,6,41.84,0.00,12.24,0.00,0.00,4.08,0.00,0.00,0.00,41.84
20:19:19,7,42.55,0.00,11.70,0.00,0.00,4.26,0.00,0.00,0.00,41.49
20:19:19,8,41.24,0.00,15.46,0.00,0.00,4.12,0.00,0.00,0.00,39.18
20:19:19,9,47.42,0.00,13.40,0.00,0.00,3.09,0.00,0.00,0.00,36.08
20:19:19,10,44.09,0.00,11.83,0.00,0.00,3.23,0.00,0.00,0.00,40.86
20:19:19,11,45.65,0.00,9.78,0.00,0.00,3.26,0.00,0.00,0.00,41.30
20:19:20,all,40.14,0.00,15.39,0.00,0.00,4.86,0.00,0.00,0.00,39.60
20:19:20,0,40.00,0.00,20.00,0.00,0.00,5.56,0.00,0.00,0.00,34.44
20:19:20,1,39.56,0.00,23.08,0.00,0.00,5.49,0.00,0.00,0.00,31.87
20:19:20,2,38.30,0.00,21.28,0.00,0.00,7.45,0.00,0.00,0.00,32.98
20:19:20,3,37.50,0.00,18.18,0.00,0.00,6.82,0.00,0.00,0.00,37.50
20:19:20,4,36.56,0.00,22.58,0.00,0.00,5.38,0.00,0.00,0.00,35.48
20:19:20,5,40.00,0.00,10.53,0.00,0.00,3.16,0.00,0.00,0.00,46.32
20:19:20,6,39.13,0.00,10.87,0.00,0.00,4.35,0.00,0.00,0.00,45.65
20:19:20,7,40.00,0.00,11.58,0.00,0.00,4.21,0.00,0.00,0.00,44.21
20:19:20,8,39.58,0.00,14.58,0.00,0.00,3.12,0.00,0.00,0.00,42.71
20:19:20,9,40.86,0.00,11.83,0.00,0.00,4.30,0.00,0.00,0.00,43.01
20:19:20,10,45.56,0.00,10.00,0.00,0.00,4.44,0.00,0.00,0.00,40.00
20:19:20,11,44.68,0.00,10.64,0.00,0.00,4.26,0.00,0.00,0.00,40.43
20:19:21,all,40.29,0.00,16.10,0.00,0.00,4.77,0.00,0.00,0.00,38.85
20:19:21,0,37.36,0.00,23.08,0.00,0.00,5.49,0.00,0.00,0.00,34.07
20:19:21,1,41.30,0.00,20.65,0.00,0.00,5.43,0.00,0.00,0.00,32.61
20:19:21,2,38.04,0.00,21.74,0.00,0.00,7.61,0.00,0.00,0.00,32.61
20:19:21,3,40.45,0.00,23.60,0.00,0.00,4.49,0.00,0.00,0.00,31.46
20:19:21,4,35.96,0.00,22.47,0.00,0.00,6.74,0.00,0.00,0.00,34.83
20:19:21,5,40.43,0.00,11.70,0.00,0.00,4.26,0.00,0.00,0.00,43.62
20:19:21,6,40.00,0.00,13.68,0.00,0.00,4.21,0.00,0.00,0.00,42.11
20:19:21,7,42.55,0.00,10.64,0.00,0.00,3.19,0.00,0.00,0.00,43.62
20:19:21,8,40.21,0.00,11.34,0.00,0.00,4.12,0.00,0.00,0.00,44.33
20:19:21,9,40.43,0.00,13.83,0.00,0.00,4.26,0.00,0.00,0.00,41.49
20:19:21,10,42.55,0.00,11.70,0.00,0.00,3.19,0.00,0.00,0.00,42.55
20:19:21,11,43.96,0.00,9.89,0.00,0.00,4.40,0.00,0.00,0.00,41.76
20:19:22,all,42.11,0.00,15.68,0.00,0.00,4.75,0.00,0.00,0.00,37.46
20:19:22,0,41.11,0.00,20.00,0.00,0.00,6.67,0.00,0.00,0.00,32.22
20:19:22,1,41.57,0.00,21.35,0.00,0.00,4.49,0.00,0.00,0.00,32.58
20:19:22,2,37.93,0.00,21.84,0.00,0.00,5.75,0.00,0.00,0.00,34.48
20:19:22,3,39.56,0.00,21.98,0.00,0.00,6.59,0.00,0.00,0.00,31.87
20:19:22,4,40.66,0.00,20.88,0.00,0.00,6.59,0.00,0.00,0.00,31.87
20:19:22,5,40.00,0.00,13.00,0.00,0.00,4.00,0.00,0.00,0.00,43.00
20:19:22,6,42.39,0.00,13.04,0.00,0.00,3.26,0.00,0.00,0.00,41.30
20:19:22,7,41.05,0.00,12.63,0.00,0.00,4.21,0.00,0.00,0.00,42.11
20:19:22,8,43.75,0.00,9.38,0.00,0.00,4.17,0.00,0.00,0.00,42.71
20:19:22,9,45.36,0.00,11.34,0.00,0.00,4.12,0.00,0.00,0.00,39.18
20:19:22,10,45.74,0.00,13.83,0.00,0.00,3.19,0.00,0.00,0.00,37.23
20:19:22,11,45.74,0.00,10.64,0.00,0.00,4.26,0.00,0.00,0.00,39.36
20:19:23,all,40.95,0.00,14.94,0.00,0.00,4.68,0.00,0.00,0.00,39.42
20:19:23,0,39.33,0.00,21.35,0.00,0.00,4.49,0.00,0.00,0.00,34.83
20:19:23,1,42.39,0.00,19.57,0.00,0.00,6.52,0.00,0.00,0.00,31.52
20:19:23,2,40.45,0.00,20.22,0.00,0.00,4.49,0.00,0.00,0.00,34.83
20:19:23,3,36.26,0.00,23.08,0.00,0.00,5.49,0.00,0.00,0.00,35.16
20:19:23,4,37.36,0.00,20.88,0.00,0.00,7.69,0.00,0.00,0.00,34.07
20:19:23,5,41.05,0.00,10.53,0.00,0.00,3.16,0.00,0.00,0.00,45.26
20:19:23,6,40.86,0.00,9.68,0.00,0.00,5.38,0.00,0.00,0.00,44.09
20:19:23,7,40.62,0.00,11.46,0.00,0.00,4.17,0.00,0.00,0.00,43.75
20:19:23,8,38.95,0.00,11.58,0.00,0.00,4.21,0.00,0.00,0.00,45.26
20:19:23,9,44.33,0.00,10.31,0.00,0.00,4.12,0.00,0.00,0.00,41.24
20:19:23,10,45.56,0.00,10.00,0.00,0.00,2.22,0.00,0.00,0.00,42.22
20:19:23,11,44.09,0.00,11.83,0.00,0.00,4.30,0.00,0.00,0.00,39.78
20:19:24,all,41.78,0.00,16.18,0.18,0.00,5.07,0.00,0.00,0.00,36.80
20:19:24,0,40.66,0.00,21.98,0.00,0.00,5.49,0.00,0.00,0.00,31.87
20:19:24,1,39.56,0.00,21.98,0.00,0.00,5.49,0.00,0.00,0.00,32.97
20:19:24,2,41.94,0.00,19.35,0.00,0.00,7.53,0.00,0.00,0.00,31.18
20:19:24,3,41.57,0.00,19.10,0.00,0.00,6.74,0.00,0.00,0.00,32.58
20:19:24,4,39.78,0.00,20.43,0.00,0.00,6.45,0.00,0.00,0.00,33.33
20:19:24,5,38.78,0.00,14.29,0.00,0.00,4.08,0.00,0.00,0.00,42.86
20:19:24,6,41.84,0.00,14.29,1.02,0.00,4.08,0.00,0.00,0.00,38.78
20:19:24,7,41.24,0.00,14.43,0.00,0.00,4.12,0.00,0.00,0.00,40.21
20:19:24,8,41.30,0.00,10.87,0.00,0.00,4.35,0.00,0.00,0.00,43.48
20:19:24,9,41.49,0.00,14.89,0.00,0.00,5.32,0.00,0.00,0.00,38.30
20:19:24,10,45.36,0.00,12.37,1.03,0.00,4.12,0.00,0.00,0.00,37.11
20:19:24,11,47.83,0.00,10.87,0.00,0.00,3.26,0.00,0.00,0.00,38.04
20:19:25,all,41.89,0.00,14.80,0.00,0.00,4.90,0.00,0.00,0.00,38.41
20:19:25,0,40.00,0.00,18.89,0.00,0.00,7.78,0.00,0.00,0.00,33.33
20:19:25,1,40.22,0.00,22.83,0.00,0.00,4.35,0.00,0.00,0.00,32.61
20:19:25,2,38.46,0.00,21.98,0.00,0.00,6.59,0.00,0.00,0.00,32.97
20:19:25,3,39.77,0.00,20.45,0.00,0.00,5.68,0.00,0.00,0.00,34.09
20:19:25,4,39.78,0.00,21.51,0.00,0.00,6.45,0.00,0.00,0.00,32.26
20:19:25,5,41.49,0.00,10.64,0.00,0.00,3.19,0.00,0.00,0.00,44.68
20:19:25,6,41.24,0.00,11.34,0.00,0.00,5.15,0.00,0.00,0.00,42.27
20:19:25,7,43.75,0.00,10.42,0.00,0.00,4.17,0.00,0.00,0.00,41.67
20:19:25,8,43.88,0.00,9.18,0.00,0.00,4.08,0.00,0.00,0.00,42.86
20:19:25,9,42.55,0.00,10.64,0.00,0.00,4.26,0.00,0.00,0.00,42.55
20:19:25,10,45.74,0.00,9.57,0.00,0.00,4.26,0.00,0.00,0.00,40.43
20:19:25,11,45.26,0.00,11.58,0.00,0.00,3.16,0.00,0.00,0.00,40.00
20:19:26,all,40.43,0.00,15.69,0.00,0.00,5.05,0.00,0.00,0.00,38.83
20:19:26,0,39.56,0.00,20.88,0.00,0.00,5.49,0.00,0.00,0.00,34.07
20:19:26,1,43.01,0.00,21.51,0.00,0.00,5.38,0.00,0.00,0.00,30.11
20:19:26,2,39.78,0.00,20.43,0.00,0.00,6.45,0.00,0.00,0.00,33.33
20:19:26,3,39.56,0.00,19.78,0.00,0.00,5.49,0.00,0.00,0.00,35.16
20:19:26,4,38.89,0.00,22.22,0.00,0.00,5.56,0.00,0.00,0.00,33.33
20:19:26,5,36.73,0.00,13.27,0.00,0.00,5.10,0.00,0.00,0.00,44.90
20:19:26,6,39.18,0.00,12.37,0.00,0.00,6.19,0.00,0.00,0.00,42.27
20:19:26,7,41.05,0.00,11.58,0.00,0.00,5.26,0.00,0.00,0.00,42.11
20:19:26,8,38.14,0.00,11.34,0.00,0.00,5.15,0.00,0.00,0.00,45.36
20:19:26,9,41.05,0.00,12.63,0.00,0.00,4.21,0.00,0.00,0.00,42.11
20:19:26,10,44.68,0.00,11.70,0.00,0.00,3.19,0.00,0.00,0.00,40.43
20:19:26,11,43.62,0.00,11.70,0.00,0.00,3.19,0.00,0.00,0.00,41.49
20:19:27,all,42.81,0.00,15.56,0.00,0.00,4.68,0.00,0.00,0.00,36.96
20:19:27,0,39.08,0.00,20.69,0.00,0.00,5.75,0.00,0.00,0.00,34.48
20:19:27,1,39.13,0.00,20.65,0.00,0.00,6.52,0.00,0.00,0.00,33.70
20:19:27,2,43.96,0.00,19.78,0.00,0.00,5.49,0.00,0.00,0.00,30.77
20:19:27,3,38.89,0.00,22.22,0.00,0.00,6.67,0.00,0.00,0.00,32.22
20:19:27,4,41.57,0.00,21.35,0.00,0.00,4.49,0.00,0.00,0.00,32.58
20:19:27,5,45.26,0.00,9.47,0.00,0.00,4.21,0.00,0.00,0.00,41.05
20:19:27,6,44.09,0.00,13.98,0.00,0.00,3.23,0.00,0.00,0.00,38.71
20:19:27,7,41.67,0.00,12.50,0.00,0.00,4.17,0.00,0.00,0.00,41.67
20:19:27,8,40.62,0.00,11.46,0.00,0.00,4.17,0.00,0.00,0.00,43.75
20:19:27,9,42.71,0.00,13.54,0.00,0.00,3.12,0.00,0.00,0.00,40.62
20:19:27,10,47.87,0.00,10.64,0.00,0.00,4.26,0.00,0.00,0.00,37.23
20:19:27,11,48.39,0.00,11.83,0.00,0.00,4.30,0.00,0.00,0.00,35.48
20:19:28,all,42.40,0.00,15.92,0.00,0.00,5.28,0.00,0.00,0.00,36.40
20:19:28,0,39.78,0.00,22.58,0.00,0.00,8.60,0.00,0.00,0.00,29.03
20:19:28,1,44.57,0.00,21.74,0.00,0.00,4.35,0.00,0.00,0.00,29.35
20:19:28,2,43.18,0.00,20.45,0.00,0.00,5.68,0.00,0.00,0.00,30.68
20:19:28,3,41.94,0.00,20.43,0.00,0.00,7.53,0.00,0.00,0.00,30.11
20:19:28,4,42.55,0.00,21.28,0.00,0.00,7.45,0.00,0.00,0.00,28.72
20:19:28,5,40.21,0.00,13.40,0.00,0.00,4.12,0.00,0.00,0.00,42.27
20:19:28,6,39.36,0.00,11.70,0.00,0.00,5.32,0.00,0.00,0.00,43.62
20:19:28,7,43.75,0.00,11.46,0.00,0.00,4.17,0.00,0.00,0.00,40.62
20:19:28,8,42.39,0.00,11.96,0.00,0.00,4.35,0.00,0.00,0.00,41.30
20:19:28,9,43.62,0.00,12.77,0.00,0.00,5.32,0.00,0.00,0.00,38.30
20:19:28,10,43.48,0.00,11.96,0.00,0.00,3.26,0.00,0.00,0.00,41.30
20:19:28,11,44.09,0.00,11.83,0.00,0.00,3.23,0.00,0.00,0.00,40.86
20:19:29,all,41.00,0.00,15.49,0.00,0.00,4.21,0.00,0.00,0.00,39.30
20:19:29,0,40.00,0.00,21.11,0.00,0.00,4.44,0.00,0.00,0.00,34.44
20:19:29,1,42.05,0.00,19.32,0.00,0.00,4.55,0.00,0.00,0.00,34.09
20:19:29,2,35.96,0.00,21.35,0.00,0.00,6.74,0.00,0.00,0.00,35.96
20:19:29,3,35.96,0.00,21.35,0.00,0.00,6.74,0.00,0.00,0.00,35.96
20:19:29,4,39.33,0.00,21.35,0.00,0.00,4.49,0.00,0.00,0.00,34.83
20:19:29,5,37.89,0.00,12.63,0.00,0.00,4.21,0.00,0.00,0.00,45.26
20:19:29,6,41.24,0.00,11.34,0.00,0.00,4.12,0.00,0.00,0.00,43.30
20:19:29,7,42.71,0.00,11.46,0.00,0.00,3.12,0.00,0.00,0.00,42.71
20:19:29,8,38.14,0.00,13.40,0.00,0.00,3.09,0.00,0.00,0.00,45.36
20:19:29,9,44.21,0.00,12.63,0.00,0.00,3.16,0.00,0.00,0.00,40.00
20:19:29,10,45.92,0.00,12.24,0.00,0.00,3.06,0.00,0.00,0.00,38.78
20:19:29,11,47.87,0.00,9.57,0.00,0.00,3.19,0.00,0.00,0.00,39.36
20:19:30,all,40.68,0.00,15.43,0.00,0.00,4.64,0.00,0.00,0.00,39.25
20:19:30,0,38.71,0.00,20.43,0.00,0.00,6.45,0.00,0.00,0.00,34.41
20:19:30,1,40.66,0.00,20.88,0.00,0.00,5.49,0.00,0.00,0.00,32.97
20:19:30,2,40.22,0.00,21.74,0.00,0.00,4.35,0.00,0.00,0.00,33.70
20:19:30,3,42.39,0.00,18.48,0.00,0.00,6.52,0.00,0.00,0.00,32.61
20:19:30,4,36.67,0.00,22.22,0.00,0.00,5.56,0.00,0.00,0.00,35.56
20:19:30,5,38.54,0.00,12.50,0.00,0.00,5.21,0.00,0.00,0.00,43.75
20:19:30,6,41.49,0.00,11.70,0.00,0.00,3.19,0.00,0.00,0.00,43.62
20:19:30,7,40.43,0.00,12.77,0.00,0.00,3.19,0.00,0.00,0.00,43.62
20:19:30,8,39.18,0.00,12.37,0.00,0.00,3.09,0.00,0.00,0.00,45.36
20:19:30,9,41.05,0.00,11.58,0.00,0.00,5.26,0.00,0.00,0.00,42.11
20:19:30,10,43.62,0.00,11.70,0.00,0.00,3.19,0.00,0.00,0.00,41.49
20:19:30,11,45.16,0.00,9.68,0.00,0.00,4.30,0.00,0.00,0.00,40.86
20:19:31,all,41.42,0.00,15.20,0.00,0.00,4.89,0.00,0.00,0.00,38.49
20:19:31,0,42.70,0.00,19.10,0.00,0.00,4.49,0.00,0.00,0.00,33.71
20:19:31,1,43.01,0.00,20.43,0.00,0.00,6.45,0.00,0.00,0.00,30.11
20:19:31,2,38.71,0.00,22.58,0.00,0.00,5.38,0.00,0.00,0.00,33.33
20:19:31,3,39.36,0.00,23.40,0.00,0.00,6.38,0.00,0.00,0.00,30.85
20:19:31,4,40.45,0.00,20.22,0.00,0.00,5.62,0.00,0.00,0.00,33.71
20:19:31,5,38.54,0.00,11.46,0.00,0.00,5.21,0.00,0.00,0.00,44.79
20:19:31,6,42.42,0.00,11.11,0.00,0.00,4.04,0.00,0.00,0.00,42.42
20:19:31,7,41.24,0.00,12.37,0.00,0.00,4.12,0.00,0.00,0.00,42.27
20:19:31,8,39.58,0.00,10.42,0.00,0.00,4.17,0.00,0.00,0.00,45.83
20:19:31,9,44.79,0.00,11.46,0.00,0.00,5.21,0.00,0.00,0.00,38.54
20:19:31,10,42.39,0.00,11.96,0.00,0.00,3.26,0.00,0.00,0.00,42.39
20:19:31,11,43.96,0.00,8.79,0.00,0.00,4.40,0.00,0.00,0.00,42.86
20:19:32,all,42.26,0.00,15.48,0.00,0.00,4.72,0.00,0.00,0.00,37.54
20:19:32,0,43.96,0.00,18.68,0.00,0.00,5.49,0.00,0.00,0.00,31.87
20:19:32,1,39.56,0.00,21.98,0.00,0.00,6.59,0.00,0.00,0.00,31.87
20:19:32,2,39.77,0.00,22.73,0.00,0.00,4.55,0.00,0.00,0.00,32.95
20:19:32,3,38.71,0.00,23.66,0.00,0.00,5.38,0.00,0.00,0.00,32.26
20:19:32,4,41.57,0.00,20.22,0.00,0.00,5.62,0.00,0.00,0.00,32.58
20:19:32,5,41.67,0.00,10.42,0.00,0.00,3.12,0.00,0.00,0.00,44.79
20:19:32,6,42.27,0.00,11.34,0.00,0.00,6.19,0.00,0.00,0.00,40.21
20:19:32,7,43.88,0.00,12.24,0.00,0.00,4.08,0.00,0.00,0.00,39.80
20:19:32,8,43.88,0.00,10.20,0.00,0.00,4.08,0.00,0.00,0.00,41.84
20:19:32,9,43.16,0.00,13.68,0.00,0.00,4.21,0.00,0.00,0.00,38.95
20:19:32,10,43.62,0.00,11.70,0.00,0.00,3.19,0.00,0.00,0.00,41.49
20:19:32,11,44.68,0.00,10.64,0.00,0.00,4.26,0.00,0.00,0.00,40.43
20:19:33,all,40.67,0.00,15.24,0.00,0.00,4.51,0.00,0.00,0.00,39.59
20:19:33,0,38.46,0.00,21.98,0.00,0.00,5.49,0.00,0.00,0.00,34.07
20:19:33,1,39.08,0.00,20.69,0.00,0.00,4.60,0.00,0.00,0.00,35.63
20:19:33,2,39.56,0.00,20.88,0.00,0.00,5.49,0.00,0.00,0.00,34.07
20:19:33,3,36.67,0.00,22.22,0.00,0.00,6.67,0.00,0.00,0.00,34.44
20:19:33,4,40.00,0.00,22.22,0.00,0.00,4.44,0.00,0.00,0.00,33.33
20:19:33,5,36.73,0.00,12.24,0.00,0.00,5.10,0.00,0.00,0.00,45.92
20:19:33,6,40.86,0.00,10.75,0.00,0.00,3.23,0.00,0.00,0.00,45.16
20:19:33,7,42.11,0.00,13.68,0.00,0.00,3.16,0.00,0.00,0.00,41.05
20:19:33,8,41.05,0.00,10.53,0.00,0.00,4.21,0.00,0.00,0.00,44.21
20:19:33,9,44.21,0.00,9.47,0.00,0.00,4.21,0.00,0.00,0.00,42.11
20:19:33,10,45.16,0.00,9.68,0.00,0.00,3.23,0.00,0.00,0.00,41.94
20:19:33,11,43.96,0.00,9.89,0.00,0.00,4.40,0.00,0.00,0.00,41.76
20:19:34,all,40.79,0.00,15.18,0.00,0.00,4.49,0.00,0.00,0.00,39.53
20:19:34,0,40.00,0.00,20.00,0.00,0.00,5.56,0.00,0.00,0.00,34.44
20:19:34,1,40.66,0.00,20.88,0.00,0.00,5.49,0.00,0.00,0.00,32.97
20:19:34,2,41.30,0.00,20.65,0.00,0.00,4.35,0.00,0.00,0.00,33.70
20:19:34,3,39.33,0.00,20.22,0.00,0.00,5.62,0.00,0.00,0.00,34.83
20:19:34,4,37.36,0.00,20.88,0.00,0.00,6.59,0.00,0.00,0.00,35.16
20:19:34,5,39.58,0.00,10.42,0.00,0.00,4.17,0.00,0.00,0.00,45.83
20:19:34,6,41.05,0.00,13.68,0.00,0.00,4.21,0.00,0.00,0.00,41.05
20:19:34,7,40.22,0.00,11.96,0.00,0.00,4.35,0.00,0.00,0.00,43.48
20:19:34,8,38.71,0.00,11.83,0.00,0.00,4.30,0.00,0.00,0.00,45.16
20:19:34,9,40.43,0.00,11.70,0.00,0.00,4.26,0.00,0.00,0.00,43.62
20:19:34,10,42.55,0.00,11.70,0.00,0.00,3.19,0.00,0.00,0.00,42.55
20:19:34,11,47.92,0.00,9.38,0.00,0.00,2.08,0.00,0.00,0.00,40.62
20:19:35,all,40.84,0.00,15.64,0.09,0.00,5.09,0.00,0.00,0.00,38.34
20:19:35,0,40.86,0.00,18.28,0.00,0.00,6.45,0.00,0.00,0.00,34.41
20:19:35,1,41.76,0.00,18.68,0.00,0.00,6.59,0.00,0.00,0.00,32.97
20:19:35,2,37.36,0.00,21.98,0.00,0.00,7.69,0.00,0.00,0.00,32.97
20:19:35,3,37.36,0.00,23.08,0.00,0.00,5.49,0.00,0.00,0.00,34.07
20:19:35,4,38.89,0.00,21.11,0.00,0.00,6.67,0.00,0.00,0.00,33.33
20:19:35,5,40.43,0.00,13.83,0.00,0.00,4.26,0.00,0.00,0.00,41.49
20:19:35,6,40.86,0.00,11.83,0.00,0.00,3.23,0.00,0.00,0.00,44.09
20:19:35,7,40.00,0.00,12.63,0.00,0.00,4.21,0.00,0.00,0.00,43.16
20:19:35,8,40.21,0.00,12.37,1.03,0.00,4.12,0.00,0.00,0.00,42.27
20:19:35,9,42.86,0.00,12.24,0.00,0.00,5.10,0.00,0.00,0.00,39.80
20:19:35,10,45.74,0.00,10.64,0.00,0.00,3.19,0.00,0.00,0.00,40.43
20:19:35,11,43.48,0.00,11.96,0.00,0.00,4.35,0.00,0.00,0.00,40.22
20:19:36,all,41.45,0.00,14.32,0.00,0.00,4.74,0.00,0.00,0.00,39.48
20:19:36,0,39.33,0.00,20.22,0.00,0.00,5.62,0.00,0.00,0.00,34.83
20:19:36,1,40.66,0.00,20.88,0.00,0.00,6.59,0.00,0.00,0.00,31.87
20:19:36,2,42.86,0.00,18.68,0.00,0.00,4.40,0.00,0.00,0.00,34.07
20:19:36,3,37.36,0.00,20.88,0.00,0.00,5.49,0.00,0.00,0.00,36.26
20:19:36,4,38.46,0.00,19.78,0.00,0.00,6.59,0.00,0.00,0.00,35.16
20:19:36,5,39.58,0.00,9.38,0.00,0.00,5.21,0.00,0.00,0.00,45.83
20:19:36,6,39.58,0.00,12.50,0.00,0.00,5.21,0.00,0.00,0.00,42.71
20:19:36,7,42.11,0.00,10.53,0.00,0.00,4.21,0.00,0.00,0.00,43.16
20:19:36,8,40.00,0.00,12.63,0.00,0.00,3.16,0.00,0.00,0.00,44.21
20:19:36,9,44.79,0.00,10.42,0.00,0.00,3.12,0.00,0.00,0.00,41.67
20:19:36,10,46.81,0.00,8.51,0.00,0.00,3.19,0.00,0.00,0.00,41.49
20:19:36,11,45.65,0.00,8.70,0.00,0.00,4.35,0.00,0.00,0.00,41.30
20:19:37,all,42.11,0.00,17.02,0.00,0.00,4.70,0.00,0.00,0.00,36.17
20:19:37,0,42.22,0.00,21.11,0.00,0.00,5.56,0.00,0.00,0.00,31.11
20:19:37,1,42.55,0.00,24.47,0.00,0.00,4.26,0.00,0.00,0.00,28.72
20:19:37,2,39.78,0.00,23.66,0.00,0.00,6.45,0.00,0.00,0.00,30.11
20:19:37,3,39.33,0.00,23.60,0.00,0.00,5.62,0.00,0.00,0.00,31.46
20:19:37,4,37.63,0.00,22.58,0.00,0.00,7.53,0.00,0.00,0.00,32.26
20:19:37,5,45.26,0.00,12.63,0.00,0.00,3.16,0.00,0.00,0.00,38.95
20:19:37,6,39.80,0.00,14.29,0.00,0.00,5.10,0.00,0.00,0.00,40.82
20:19:37,7,42.86,0.00,13.27,0.00,0.00,4.08,0.00,0.00,0.00,39.80
20:19:37,8,39.36,0.00,13.83,0.00,0.00,4.26,0.00,0.00,0.00,42.55
20:19:37,9,43.88,0.00,12.24,0.00,0.00,4.08,0.00,0.00,0.00,39.80
20:19:37,10,44.09,0.00,12.90,0.00,0.00,3.23,0.00,0.00,0.00,39.78
20:19:37,11,48.39,0.00,10.75,0.00,0.00,3.23,0.00,0.00,0.00,37.63
20:19:38,all,42.03,0.00,16.83,0.00,0.00,4.99,0.00,0.00,0.00,36.15
20:19:38,0,38.89,0.00,23.33,0.00,0.00,5.56,0.00,0.00,0.00,32.22
20:19:38,1,44.57,0.00,22.83,0.00,0.00,5.43,0.00,0.00,0.00,27.17
20:19:38,2,42.55,0.00,21.28,0.00,0.00,6.38,0.00,0.00,0.00,29.79
20:19:38,3,35.48,0.00,24.73,0.00,0.00,7.53,0.00,0.00,0.00,32.26
20:19:38,4,44.09,0.00,19.35,0.00,0.00,5.38,0.00,0.00,0.00,31.18
20:19:38,5,39.58,0.00,13.54,0.00,0.00,5.21,0.00,0.00,0.00,41.67
20:19:38,6,40.43,0.00,12.77,0.00,0.00,5.32,0.00,0.00,0.00,41.49
20:19:38,7,44.09,0.00,12.90,0.00,0.00,3.23,0.00,0.00,0.00,39.78
20:19:38,8,42.71,0.00,13.54,0.00,0.00,5.21,0.00,0.00,0.00,38.54
20:19:38,9,42.11,0.00,12.63,0.00,0.00,4.21,0.00,0.00,0.00,41.05
20:19:38,10,44.57,0.00,11.96,0.00,0.00,4.35,0.00,0.00,0.00,39.13
20:19:38,11,45.26,0.00,13.68,0.00,0.00,2.11,0.00,0.00,0.00,38.95
20:19:39,all,41.38,0.00,14.45,0.00,0.00,4.67,0.00,0.00,0.00,39.50
20:19:39,0,41.11,0.00,20.00,0.00,0.00,4.44,0.00,0.00,0.00,34.44
20:19:39,1,40.66,0.00,19.78,0.00,0.00,6.59,0.00,0.00,0.00,32.97
20:19:39,2,38.71,0.00,21.51,0.00,0.00,5.38,0.00,0.00,0.00,34.41
20:19:39,3,41.11,0.00,21.11,0.00,0.00,6.67,0.00,0.00,0.00,31.11
20:19:39,4,40.66,0.00,18.68,0.00,0.00,6.59,0.00,0.00,0.00,34.07
20:19:39,5,38.46,0.00,10.99,0.00,0.00,3.30,0.00,0.00,0.00,47.25
20:19:39,6,41.94,0.00,10.75,0.00,0.00,4.30,0.00,0.00,0.00,43.01
20:19:39,7,41.67,0.00,11.46,0.00,0.00,4.17,0.00,0.00,0.00,42.71
20:19:39,8,39.80,0.00,11.22,0.00,0.00,3.06,0.00,0.00,0.00,45.92
20:19:39,9,42.27,0.00,10.31,0.00,0.00,5.15,0.00,0.00,0.00,42.27
20:19:39,10,45.05,0.00,8.79,0.00,0.00,3.30,0.00,0.00,0.00,42.86
20:19:39,11,45.16,0.00,9.68,0.00,0.00,3.23,0.00,0.00,0.00,41.94
20:19:40,all,60.94,0.00,17.25,0.09,0.00,5.15,0.00,0.00,0.00,16.57
20:19:40,0,59.57,0.00,19.15,0.00,0.00,6.38,0.00,0.00,0.00,14.89
20:19:40,1,58.76,0.00,22.68,0.00,0.00,7.22,0.00,0.00,0.00,11.34
20:19:40,2,53.61,0.00,24.74,0.00,0.00,8.25,0.00,0.00,0.00,13.40
20:19:40,3,61.86,0.00,18.56,0.00,0.00,7.22,0.00,0.00,0.00,12.37
20:19:40,4,57.73,0.00,21.65,0.00,0.00,8.25,0.00,0.00,0.00,12.37
20:19:40,5,64.65,0.00,15.15,0.00,0.00,3.03,0.00,0.00,0.00,17.17
20:19:40,6,60.82,0.00,15.46,0.00,0.00,3.09,0.00,0.00,0.00,20.62
20:19:40,7,60.20,0.00,13.27,0.00,0.00,5.10,0.00,0.00,0.00,21.43
20:19:40,8,59.38,0.00,14.58,0.00,0.00,4.17,0.00,0.00,0.00,21.88
20:19:40,9,64.29,0.00,14.29,0.00,0.00,3.06,0.00,0.00,0.00,18.37
20:19:40,10,60.82,0.00,14.43,0.00,0.00,3.09,0.00,0.00,0.00,21.65
20:19:40,11,69.39,0.00,13.27,1.02,0.00,3.06,0.00,0.00,0.00,13.27
20:19:41,all,50.31,0.00,16.18,0.00,0.00,5.16,0.00,0.00,0.00,28.36
20:19:41,0,47.83,0.00,21.74,0.00,0.00,6.52,0.00,0.00,0.00,23.91
20:19:41,1,49.45,0.00,21.98,0.00,0.00,5.49,0.00,0.00,0.00,23.08
20:19:41,2,46.67,0.00,24.44,0.00,0.00,6.67,0.00,0.00,0.00,22.22
20:19:41,3,46.67,0.00,22.22,0.00,0.00,7.78,0.00,0.00,0.00,23.33
20:19:41,4,49.45,0.00,20.88,0.00,0.00,6.59,0.00,0.00,0.00,23.08
20:19:41,5,50.54,0.00,11.83,0.00,0.00,4.30,0.00,0.00,0.00,33.33
20:19:41,6,52.04,0.00,11.22,0.00,0.00,4.08,0.00,0.00,0.00,32.65
20:19:41,7,49.49,0.00,13.13,0.00,0.00,5.05,0.00,0.00,0.00,32.32
20:19:41,8,50.00,0.00,12.50,0.00,0.00,4.17,0.00,0.00,0.00,33.33
20:19:41,9,50.53,0.00,12.63,0.00,0.00,4.21,0.00,0.00,0.00,32.63
20:19:41,10,54.17,0.00,12.50,0.00,0.00,3.12,0.00,0.00,0.00,30.21
20:19:41,11,56.38,0.00,10.64,0.00,0.00,4.26,0.00,0.00,0.00,28.72
20:19:42,all,41.87,0.00,15.73,0.00,0.00,5.07,0.00,0.00,0.00,37.33
20:19:42,0,41.76,0.00,20.88,0.00,0.00,5.49,0.00,0.00,0.00,31.87
20:19:42,1,42.86,0.00,21.98,0.00,0.00,5.49,0.00,0.00,0.00,29.67
20:19:42,2,40.66,0.00,20.88,0.00,0.00,6.59,0.00,0.00,0.00,31.87
20:19:42,3,42.39,0.00,19.57,0.00,0.00,5.43,0.00,0.00,0.00,32.61
20:19:42,4,38.30,0.00,22.34,0.00,0.00,7.45,0.00,0.00,0.00,31.91
20:19:42,5,40.40,0.00,12.12,0.00,0.00,5.05,0.00,0.00,0.00,42.42
20:19:42,6,42.11,0.00,10.53,0.00,0.00,5.26,0.00,0.00,0.00,42.11
20:19:42,7,41.24,0.00,13.40,0.00,0.00,4.12,0.00,0.00,0.00,41.24
20:19:42,8,40.43,0.00,11.70,0.00,0.00,4.26,0.00,0.00,0.00,43.62
20:19:42,9,42.11,0.00,13.68,0.00,0.00,4.21,0.00,0.00,0.00,40.00
20:19:42,10,45.16,0.00,10.75,0.00,0.00,4.30,0.00,0.00,0.00,39.78
20:19:42,11,45.16,0.00,11.83,0.00,0.00,3.23,0.00,0.00,0.00,39.78
20:19:43,all,40.86,0.00,15.50,0.00,0.00,4.48,0.00,0.00,0.00,39.16
20:19:43,0,40.45,0.00,21.35,0.00,0.00,3.37,0.00,0.00,0.00,34.83
20:19:43,1,41.30,0.00,20.65,0.00,0.00,5.43,0.00,0.00,0.00,32.61
20:19:43,2,37.36,0.00,23.08,0.00,0.00,6.59,0.00,0.00,0.00,32.97
20:19:43,3,38.46,0.00,21.98,0.00,0.00,5.49,0.00,0.00,0.00,34.07
20:19:43,4,40.00,0.00,21.11,0.00,0.00,5.56,0.00,0.00,0.00,33.33
20:19:43,5,36.84,0.00,11.58,0.00,0.00,4.21,0.00,0.00,0.00,47.37
20:19:43,6,40.62,0.00,12.50,0.00,0.00,3.12,0.00,0.00,0.00,43.75
20:19:43,7,41.67,0.00,10.42,0.00,0.00,4.17,0.00,0.00,0.00,43.75
20:19:43,8,38.54,0.00,12.50,0.00,0.00,5.21,0.00,0.00,0.00,43.75
20:19:43,9,42.55,0.00,11.70,0.00,0.00,4.26,0.00,0.00,0.00,41.49
20:19:43,10,45.26,0.00,9.47,0.00,0.00,4.21,0.00,0.00,0.00,41.05
20:19:43,11,47.25,0.00,10.99,0.00,0.00,2.20,0.00,0.00,0.00,39.56
20:19:44,all,41.40,0.00,14.61,0.00,0.00,4.66,0.00,0.00,0.00,39.34
20:19:44,0,40.00,0.00,20.00,0.00,0.00,5.56,0.00,0.00,0.00,34.44
20:19:44,1,39.33,0.00,21.35,0.00,0.00,4.49,0.00,0.00,0.00,34.83
20:19:44,2,39.13,0.00,22.83,0.00,0.00,4.35,0.00,0.00,0.00,33.70
20:19:44,3,41.57,0.00,19.10,0.00,0.00,5.62,0.00,0.00,0.00,33.71
20:19:44,4,39.78,0.00,20.43,0.00,0.00,6.45,0.00,0.00,0.00,33.33
20:19:44,5,40.82,0.00,10.20,0.00,0.00,4.08,0.00,0.00,0.00,44.90
20:19:44,6,41.94,0.00,9.68,0.00,0.00,4.30,0.00,0.00,0.00,44.09
20:19:44,7,41.67,0.00,10.42,0.00,0.00,5.21,0.00,0.00,0.00,42.71
20:19:44,8,40.43,0.00,10.64,0.00,0.00,4.26,0.00,0.00,0.00,44.68
20:19:44,9,42.27,0.00,12.37,0.00,0.00,4.12,0.00,0.00,0.00,41.24
20:19:44,10,44.68,0.00,9.57,0.00,0.00,4.26,0.00,0.00,0.00,41.49
20:19:44,11,45.05,0.00,9.89,0.00,0.00,3.30,0.00,0.00,0.00,41.76
20:19:45,all,41.32,0.00,15.94,0.00,0.00,4.99,0.00,0.00,0.00,37.76
20:19:45,0,40.86,0.00,20.43,0.00,0.00,6.45,0.00,0.00,0.00,32.26
20:19:45,1,43.01,0.00,21.51,0.00,0.00,5.38,0.00,0.00,0.00,30.11
20:19:45,2,38.89,0.00,21.11,0.00,0.00,6.67,0.00,0.00,0.00,33.33
20:19:45,3,38.20,0.00,20.22,0.00,0.00,6.74,0.00,0.00,0.00,34.83
20:19:45,4,39.36,0.00,23.40,0.00,0.00,5.32,0.00,0.00,0.00,31.91
20:19:45,5,37.37,0.00,12.12,0.00,0.00,6.06,0.00,0.00,0.00,44.44
20:19:45,6,43.30,0.00,12.37,0.00,0.00,3.09,0.00,0.00,0.00,41.24
20:19:45,7,42.39,0.00,11.96,0.00,0.00,4.35,0.00,0.00,0.00,41.30
20:19:45,8,37.11,0.00,13.40,0.00,0.00,5.15,0.00,0.00,0.00,44.33
20:19:45,9,44.68,0.00,11.70,0.00,0.00,3.19,0.00,0.00,0.00,40.43
20:19:45,10,45.65,0.00,10.87,0.00,0.00,4.35,0.00,0.00,0.00,39.13
20:19:45,11,45.16,0.00,12.90,0.00,0.00,3.23,0.00,0.00,0.00,38.71
20:19:46,all,57.09,0.00,16.02,0.00,0.00,4.99,0.00,0.00,0.00,21.89
20:19:46,0,54.17,0.00,21.88,0.00,0.00,6.25,0.00,0.00,0.00,17.71
20:19:46,1,53.76,0.00,20.43,0.00,0.00,7.53,0.00,0.00,0.00,18.28
20:19:46,2,51.09,0.00,19.57,0.00,0.00,8.70,0.00,0.00,0.00,20.65
20:19:46,3,52.63,0.00,21.05,0.00,0.00,8.42,0.00,0.00,0.00,17.89
20:19:46,4,52.63,0.00,25.26,0.00,0.00,5.26,0.00,0.00,0.00,16.84
20:19:46,5,62.50,0.00,11.46,0.00,0.00,3.12,0.00,0.00,0.00,22.92
20:19:46,6,52.17,0.00,13.04,0.00,0.00,2.17,0.00,0.00,0.00,32.61
20:19:46,7,60.82,0.00,11.34,0.00,0.00,4.12,0.00,0.00,0.00,23.71
20:19:46,8,60.22,0.00,11.83,0.00,0.00,3.23,0.00,0.00,0.00,24.73
20:19:46,9,56.12,0.00,12.24,0.00,0.00,5.10,0.00,0.00,0.00,26.53
20:19:46,10,64.95,0.00,11.34,0.00,0.00,3.09,0.00,0.00,0.00,20.62
20:19:46,11,63.27,0.00,13.27,0.00,0.00,3.06,0.00,0.00,0.00,20.41
20:19:47,all,70.89,0.00,17.62,0.00,0.00,5.45,0.00,0.00,0.00,6.04
20:19:47,0,65.31,0.00,22.45,0.00,0.00,7.14,0.00,0.00,0.00,5.10
20:19:47,1,69.39,0.00,19.39,0.00,0.00,6.12,0.00,0.00,0.00,5.10
20:19:47,2,61.62,0.00,25.25,0.00,0.00,9.09,0.00,0.00,0.00,4.04
20:19:47,3,68.37,0.00,22.45,0.00,0.00,7.14,0.00,0.00,0.00,2.04
20:19:47,4,70.41,0.00,19.39,0.00,0.00,7.14,0.00,0.00,0.00,3.06
20:19:47,5,74.49,0.00,15.31,0.00,0.00,5.10,0.00,0.00,0.00,5.10
20:19:47,6,74.23,0.00,14.43,0.00,0.00,4.12,0.00,0.00,0.00,7.22
20:19:47,7,75.00,0.00,13.54,0.00,0.00,2.08,0.00,0.00,0.00,9.38
20:19:47,8,66.67,0.00,15.15,0.00,0.00,6.06,0.00,0.00,0.00,12.12
20:19:47,9,76.04,0.00,12.50,0.00,0.00,2.08,0.00,0.00,0.00,9.38
20:19:47,10,74.00,0.00,15.00,0.00,0.00,4.00,0.00,0.00,0.00,7.00
20:19:47,11,75.51,0.00,16.33,0.00,0.00,5.10,0.00,0.00,0.00,3.06
20:19:48,all,47.30,0.00,17.33,0.09,0.00,4.86,0.00,0.00,0.00,30.42
20:19:48,0,47.31,0.00,20.43,0.00,0.00,6.45,0.00,0.00,0.00,25.81
20:19:48,1,44.57,0.00,22.83,0.00,0.00,6.52,0.00,0.00,0.00,26.09
20:19:48,2,46.32,0.00,22.11,0.00,0.00,6.32,0.00,0.00,0.00,25.26
20:19:48,3,47.31,0.00,21.51,0.00,0.00,6.45,0.00,0.00,0.00,24.73
20:19:48,4,44.09,0.00,25.81,0.00,0.00,5.38,0.00,0.00,0.00,24.73
20:19:48,5,50.00,0.00,13.83,0.00,0.00,2.13,0.00,0.00,0.00,34.04
20:19:48,6,50.00,0.00,12.50,0.00,0.00,4.17,0.00,0.00,0.00,33.33
20:19:48,7,45.36,0.00,13.40,0.00,0.00,5.15,0.00,0.00,0.00,36.08
20:19:48,8,45.26,0.00,12.63,0.00,0.00,4.21,0.00,0.00,0.00,37.89
20:19:48,9,44.79,0.00,17.71,1.04,0.00,4.17,0.00,0.00,0.00,32.29
20:19:48,10,51.06,0.00,11.70,0.00,0.00,4.26,0.00,0.00,0.00,32.98
20:19:48,11,51.61,0.00,13.98,0.00,0.00,3.23,0.00,0.00,0.00,31.18
20:19:49,all,41.12,0.00,15.19,0.00,0.00,4.44,0.00,0.00,0.00,39.25
20:19:49,0,40.66,0.00,20.88,0.00,0.00,5.49,0.00,0.00,0.00,32.97
20:19:49,1,36.56,0.00,23.66,0.00,0.00,5.38,0.00,0.00,0.00,34.41
20:19:49,2,41.11,0.00,20.00,0.00,0.00,4.44,0.00,0.00,0.00,34.44
20:19:49,3,39.56,0.00,20.88,0.00,0.00,5.49,0.00,0.00,0.00,34.07
20:19:49,4,39.13,0.00,20.65,0.00,0.00,5.43,0.00,0.00,0.00,34.78
20:19:49,5,41.24,0.00,10.31,0.00,0.00,4.12,0.00,0.00,0.00,44.33
20:19:49,6,43.01,0.00,10.75,0.00,0.00,2.15,0.00,0.00,0.00,44.09
20:19:49,7,41.05,0.00,11.58,0.00,0.00,4.21,0.00,0.00,0.00,43.16
20:19:49,8,41.84,0.00,11.22,0.00,0.00,4.08,0.00,0.00,0.00,42.86
20:19:49,9,42.86,0.00,11.22,0.00,0.00,4.08,0.00,0.00,0.00,41.84
20:19:49,10,43.16,0.00,11.58,0.00,0.00,3.16,0.00,0.00,0.00,42.11
20:19:49,11,43.01,0.00,10.75,0.00,0.00,5.38,0.00,0.00,0.00,40.86
20:19:50,all,41.17,0.00,14.71,0.00,0.00,4.75,0.00,0.00,0.00,39.37
20:19:50,0,40.66,0.00,18.68,0.00,0.00,5.49,0.00,0.00,0.00,35.16
20:19:50,1,39.33,0.00,21.35,0.00,0.00,5.62,0.00,0.00,0.00,33.71
20:19:50,2,37.36,0.00,20.88,0.00,0.00,6.59,0.00,0.00,0.00,35.16
20:19:50,3,40.66,0.00,19.78,0.00,0.00,5.49,0.00,0.00,0.00,34.07
20:19:50,4,38.20,0.00,21.35,0.00,0.00,5.62,0.00,0.00,0.00,34.83
20:19:50,5,40.82,0.00,10.20,0.00,0.00,5.10,0.00,0.00,0.00,43.88
20:19:50,6,41.67,0.00,10.42,0.00,0.00,3.12,0.00,0.00,0.00,44.79
20:19:50,7,42.39,0.00,10.87,0.00,0.00,3.26,0.00,0.00,0.00,43.48
20:19:50,8,38.30,0.00,10.64,0.00,0.00,5.32,0.00,0.00,0.00,45.74
20:19:50,9,43.75,0.00,11.46,0.00,0.00,4.17,0.00,0.00,0.00,40.62
20:19:50,10,45.26,0.00,11.58,0.00,0.00,4.21,0.00,0.00,0.00,38.95
20:19:50,11,45.16,0.00,10.75,0.00,0.00,3.23,0.00,0.00,0.00,40.86
20:19:51,all,41.34,0.00,14.91,0.00,0.00,4.64,0.00,0.00,0.00,39.11
20:19:51,0,40.91,0.00,18.18,0.00,0.00,5.68,0.00,0.00,0.00,35.23
20:19:51,1,41.49,0.00,20.21,0.00,0.00,6.38,0.00,0.00,0.00,31.91
20:19:51,2,37.78,0.00,21.11,0.00,0.00,6.67,0.00,0.00,0.00,34.44
20:19:51,3,40.22,0.00,19.57,0.00,0.00,5.43,0.00,0.00,0.00,34.78
20:19:51,4,38.04,0.00,22.83,0.00,0.00,5.43,0.00,0.00,0.00,33.70
20:19:51,5,39.36,0.00,11.70,0.00,0.00,3.19,0.00,0.00,0.00,45.74
20:19:51,6,41.05,0.00,11.58,0.00,0.00,4.21,0.00,0.00,0.00,43.16
20:19:51,7,41.49,0.00,12.77,0.00,0.00,3.19,0.00,0.00,0.00,42.55
20:19:51,8,40.21,0.00,12.37,0.00,0.00,4.12,0.00,0.00,0.00,43.30
20:19:51,9,43.16,0.00,10.53,0.00,0.00,4.21,0.00,0.00,0.00,42.11
20:19:51,10,45.26,0.00,8.42,0.00,0.00,4.21,0.00,0.00,0.00,42.11
20:19:51,11,46.81,0.00,10.64,0.00,0.00,3.19,0.00,0.00,0.00,39.36
20:19:52,all,40.86,0.00,15.14,0.00,0.00,5.02,0.00,0.00,0.00,38.98
20:19:52,0,40.00,0.00,18.89,0.00,0.00,6.67,0.00,0.00,0.00,34.44
20:19:52,1,42.70,0.00,19.10,0.00,0.00,4.49,0.00,0.00,0.00,33.71
20:19:52,2,41.49,0.00,19.15,0.00,0.00,6.38,0.00,0.00,0.00,32.98
20:19:52,3,41.30,0.00,19.57,0.00,0.00,6.52,0.00,0.00,0.00,32.61
20:19:52,4,38.04,0.00,20.65,0.00,0.00,6.52,0.00,0.00,0.00,34.78
20:19:52,5,38.95,0.00,12.63,0.00,0.00,3.16,0.00,0.00,0.00,45.26
20:19:52,6,39.78,0.00,12.90,0.00,0.00,5.38,0.00,0.00,0.00,41.94
20:19:52,7,41.05,0.00,12.63,0.00,0.00,4.21,0.00,0.00,0.00,42.11
20:19:52,8,37.63,0.00,11.83,0.00,0.00,4.30,0.00,0.00,0.00,46.24
20:19:52,9,42.86,0.00,12.24,0.00,0.00,4.08,0.00,0.00,0.00,40.82
20:19:52,10,43.01,0.00,11.83,0.00,0.00,4.30,0.00,0.00,0.00,40.86
20:19:52,11,43.48,0.00,10.87,0.00,0.00,4.35,0.00,0.00,0.00,41.30
20:19:53,all,41.20,0.00,16.09,0.00,0.00,4.65,0.00,0.00,0.00,38.07
20:19:53,0,40.22,0.00,20.65,0.00,0.00,6.52,0.00,0.00,0.00,32.61
20:19:53,1,41.30,0.00,20.65,0.00,0.00,6.52,0.00,0.00,0.00,31.52
20:19:53,2,35.16,0.00,25.27,0.00,0.00,6.59,0.00,0.00,0.00,32.97
20:19:53,3,40.00,0.00,22.22,0.00,0.00,4.44,0.00,0.00,0.00,33.33
20:19:53,4,38.04,0.00,22.83,0.00,0.00,5.43,0.00,0.00,0.00,33.70
20:19:53,5,38.54,0.00,12.50,0.00,0.00,4.17,0.00,0.00,0.00,44.79
20:19:53,6,41.24,0.00,12.37,0.00,0.00,4.12,0.00,0.00,0.00,42.27
20:19:53,7,42.11,0.00,12.63,0.00,0.00,4.21,0.00,0.00,0.00,41.05
20:19:53,8,38.54,0.00,12.50,0.00,0.00,4.17,0.00,0.00,0.00,44.79
20:19:53,9,45.26,0.00,11.58,0.00,0.00,3.16,0.00,0.00,0.00,40.00
20:19:53,10,46.74,0.00,10.87,0.00,0.00,2.17,0.00,0.00,0.00,40.22
20:19:53,11,47.25,0.00,9.89,0.00,0.00,4.40,0.00,0.00,0.00,38.46
20:19:54,all,40.74,0.00,15.29,0.00,0.00,4.59,0.00,0.00,0.00,39.39
20:19:54,0,37.78,0.00,22.22,0.00,0.00,6.67,0.00,0.00,0.00,33.33
20:19:54,1,37.93,0.00,24.14,0.00,0.00,4.60,0.00,0.00,0.00,33.33
20:19:54,2,39.77,0.00,20.45,0.00,0.00,4.55,0.00,0.00,0.00,35.23
20:19:54,3,38.20,0.00,22.47,0.00,0.00,5.62,0.00,0.00,0.00,33.71
20:19:54,4,40.00,0.00,21.11,0.00,0.00,5.56,0.00,0.00,0.00,33.33
20:19:54,5,39.18,0.00,12.37,0.00,0.00,3.09,0.00,0.00,0.00,45.36
20:19:54,6,41.05,0.00,10.53,0.00,0.00,4.21,0.00,0.00,0.00,44.21
20:19:54,7,42.71,0.00,10.42,0.00,0.00,3.12,0.00,0.00,0.00,43.75
20:19:54,8,37.11,0.00,12.37,0.00,0.00,5.15,0.00,0.00,0.00,45.36
20:19:54,9,42.55,0.00,10.64,0.00,0.00,5.32,0.00,0.00,0.00,41.49
20:19:54,10,46.24,0.00,8.60,0.00,0.00,4.30,0.00,0.00,0.00,40.86
20:19:54,11,45.83,0.00,10.42,0.00,0.00,3.12,0.00,0.00,0.00,40.62
20:19:55,all,40.75,0.00,15.93,0.00,0.00,4.89,0.00,0.00,0.00,38.43
20:19:55,0,39.13,0.00,20.65,0.00,0.00,6.52,0.00,0.00,0.00,33.70
20:19:55,1,40.00,0.00,18.89,0.00,0.00,6.67,0.00,0.00,0.00,34.44
20:19:55,2,35.16,0.00,24.18,0.00,0.00,5.49,0.00,0.00,0.00,35.16
20:19:55,3,41.11,0.00,21.11,0.00,0.00,5.56,0.00,0.00,0.00,32.22
20:19:55,4,36.26,0.00,25.27,0.00,0.00,5.49,0.00,0.00,0.00,32.97
20:19:55,5,40.21,0.00,11.34,0.00,0.00,4.12,0.00,0.00,0.00,44.33
20:19:55,6,41.05,0.00,12.63,0.00,0.00,4.21,0.00,0.00,0.00,42.11
20:19:55,7,42.86,0.00,11.22,0.00,0.00,4.08,0.00,0.00,0.00,41.84
20:19:55,8,40.21,0.00,11.34,0.00,0.00,4.12,0.00,0.00,0.00,44.33
20:19:55,9,42.11,0.00,12.63,0.00,0.00,4.21,0.00,0.00,0.00,41.05
20:19:55,10,41.49,0.00,14.89,0.00,0.00,4.26,0.00,0.00,0.00,39.36
20:19:55,11,48.94,0.00,8.51,0.00,0.00,4.26,0.00,0.00,0.00,38.30
20:19:56,all,40.83,0.00,14.66,0.00,0.00,4.86,0.00,0.00,0.00,39.66
20:19:56,0,40.00,0.00,20.00,0.00,0.00,5.56,0.00,0.00,0.00,34.44
20:19:56,1,38.46,0.00,21.98,0.00,0.00,5.49,0.00,0.00,0.00,34.07
20:19:56,2,40.45,0.00,20.22,0.00,0.00,4.49,0.00,0.00,0.00,34.83
20:19:56,3,37.36,0.00,23.08,0.00,0.00,5.49,0.00,0.00,0.00,34.07
20:19:56,4,39.36,0.00,19.15,0.00,0.00,8.51,0.00,0.00,0.00,32.98
20:19:56,5,37.63,0.00,9.68,0.00,0.00,4.30,0.00,0.00,0.00,48.39
20:19:56,6,40.00,0.00,11.58,0.00,0.00,4.21,0.00,0.00,0.00,44.21
20:19:56,7,40.86,0.00,11.83,0.00,0.00,4.30,0.00,0.00,0.00,43.01
20:19:56,8,41.67,0.00,9.38,0.00,0.00,4.17,0.00,0.00,0.00,44.79
20:19:56,9,42.11,0.00,11.58,0.00,0.00,5.26,0.00,0.00,0.00,41.05
20:19:56,10,44.09,0.00,10.75,0.00,0.00,3.23,0.00,0.00,0.00,41.94
20:19:56,11,47.83,0.00,7.61,0.00,0.00,3.26,0.00,0.00,0.00,41.30
20:19:57,all,40.91,0.00,16.47,0.00,0.00,4.66,0.00,0.00,0.00,37.96
20:19:57,0,38.20,0.00,23.60,0.00,0.00,5.62,0.00,0.00,0.00,32.58
20:19:57,1,39.78,0.00,23.66,0.00,0.00,6.45,0.00,0.00,0.00,30.11
20:19:57,2,38.20,0.00,23.60,0.00,0.00,5.62,0.00,0.00,0.00,32.58
20:19:57,3,40.45,0.00,22.47,0.00,0.00,4.49,0.00,0.00,0.00,32.58
20:19:57,4,36.05,0.00,24.42,0.00,0.00,5.81,0.00,0.00,0.00,33.72
20:19:57,5,40.40,0.00,11.11,0.00,0.00,4.04,0.00,0.00,0.00,44.44
20:19:57,6,42.27,0.00,12.37,0.00,0.00,3.09,0.00,0.00,0.00,42.27
20:19:57,7,38.54,0.00,13.54,0.00,0.00,5.21,0.00,0.00,0.00,42.71
20:19:57,8,41.67,0.00,12.50,0.00,0.00,4.17,0.00,0.00,0.00,41.67
20:19:57,9,42.71,0.00,12.50,0.00,0.00,4.17,0.00,0.00,0.00,40.62
20:19:57,10,44.68,0.00,9.57,0.00,0.00,4.26,0.00,0.00,0.00,41.49
20:19:57,11,47.31,0.00,10.75,0.00,0.00,3.23,0.00,0.00,0.00,38.71
20:19:58,all,43.57,0.00,16.95,0.09,0.00,4.88,0.00,0.00,0.00,34.52
20:19:58,0,41.49,0.00,22.34,1.06,0.00,6.38,0.00,0.00,0.00,28.72
20:19:58,1,41.30,0.00,21.74,0.00,0.00,5.43,0.00,0.00,0.00,31.52
20:19:58,2,41.76,0.00,21.98,0.00,0.00,7.69,0.00,0.00,0.00,28.57
20:19:58,3,43.33,0.00,23.33,0.00,0.00,5.56,0.00,0.00,0.00,27.78
20:19:58,4,40.00,0.00,23.33,0.00,0.00,6.67,0.00,0.00,0.00,30.00
20:19:58,5,42.27,0.00,15.46,0.00,0.00,3.09,0.00,0.00,0.00,39.18
20:19:58,6,46.88,0.00,11.46,0.00,0.00,5.21,0.00,0.00,0.00,36.46
20:19:58,7,43.75,0.00,14.58,0.00,0.00,4.17,0.00,0.00,0.00,37.50
20:19:58,8,44.21,0.00,12.63,0.00,0.00,4.21,0.00,0.00,0.00,38.95
20:19:58,9,43.62,0.00,12.77,0.00,0.00,4.26,0.00,0.00,0.00,39.36
20:19:58,10,46.88,0.00,12.50,0.00,0.00,3.12,0.00,0.00,0.00,37.50
20:19:58,11,46.88,0.00,12.50,0.00,0.00,3.12,0.00,0.00,0.00,37.50
20:19:59,all,40.91,0.00,15.04,0.00,0.00,4.57,0.00,0.00,0.00,39.48
20:19:59,0,41.57,0.00,17.98,0.00,0.00,5.62,0.00,0.00,0.00,34.83
20:19:59,1,39.13,0.00,21.74,0.00,0.00,5.43,0.00,0.00,0.00,33.70
20:19:59,2,38.95,0.00,22.11,0.00,0.00,5.26,0.00,0.00,0.00,33.68
20:19:59,3,38.46,0.00,23.08,0.00,0.00,5.49,0.00,0.00,0.00,32.97
20:19:59,4,40.66,0.00,18.68,0.00,0.00,5.49,0.00,0.00,0.00,35.16
20:19:59,5,39.36,0.00,11.70,0.00,0.00,3.19,0.00,0.00,0.00,45.74
20:19:59,6,41.30,0.00,13.04,0.00,0.00,3.26,0.00,0.00,0.00,42.39
20:19:59,7,40.21,0.00,11.34,0.00,0.00,5.15,0.00,0.00,0.00,43.30
20:19:59,8,39.58,0.00,11.46,0.00,0.00,4.17,0.00,0.00,0.00,44.79
20:19:59,9,42.71,0.00,11.46,0.00,0.00,4.17,0.00,0.00,0.00,41.67
20:19:59,10,45.16,0.00,8.60,0.00,0.00,3.23,0.00,0.00,0.00,43.01
20:19:59,11,43.96,0.00,9.89,0.00,0.00,4.40,0.00,0.00,0.00,41.76
20:20:00,all,40.68,0.00,15.34,0.00,0.00,4.73,0.00,0.00,0.00,39.25
20:20:00,0,39.33,0.00,21.35,0.00,0.00,4.49,0.00,0.00,0.00,34.83
20:20:00,1,42.86,0.00,18.68,0.00,0.00,5.49,0.00,0.00,0.00,32.97
20:20:00,2,40.66,0.00,19.78,0.00,0.00,5.49,0.00,0.00,0.00,34.07
20:20:00,3,38.46,0.00,20.88,0.00,0.00,5.49,0.00,0.00,0.00,35.16
20:20:00,4,36.26,0.00,20.88,0.00,0.00,7.69,0.00,0.00,0.00,35.16
20:20:00,5,39.58,0.00,11.46,0.00,0.00,5.21,0.00,0.00,0.00,43.75
20:20:00,6,40.21,0.00,12.37,0.00,0.00,5.15,0.00,0.00,0.00,42.27
20:20:00,7,39.18,0.00,13.40,0.00,0.00,4.12,0.00,0.00,0.00,43.30
20:20:00,8,40.21,0.00,11.34,0.00,0.00,4.12,0.00,0.00,0.00,44.33
20:20:00,9,42.11,0.00,13.68,0.00,0.00,3.16,0.00,0.00,0.00,41.05
20:20:00,10,44.68,0.00,10.64,0.00,0.00,3.19,0.00,0.00,0.00,41.49
20:20:00,11,44.57,0.00,10.87,0.00,0.00,3.26,0.00,0.00,0.00,41.30
20:20:01,all,41.73,0.00,15.00,0.00,0.00,4.34,0.00,0.00,0.00,38.93
20:20:01,0,38.64,0.00,19.32,0.00,0.00,6.82,0.00,0.00,0.00,35.23
20:20:01,1,39.78,0.00,21.51,0.00,0.00,6.45,0.00,0.00,0.00,32.26
20:20:01,2,38.46,0.00,21.98,0.00,0.00,5.49,0.00,0.00,0.00,34.07
20:20:01,3,42.22,0.00,20.00,0.00,0.00,5.56,0.00,0.00,0.00,32.22
20:20:01,4,40.66,0.00,20.88,0.00,0.00,5.49,0.00,0.00,0.00,32.97
20:20:01,5,40.66,0.00,10.99,0.00,0.00,2.20,0.00,0.00,0.00,46.15
20:20:01,6,41.49,0.00,12.77,0.00,0.00,3.19,0.00,0.00,0.00,42.55
20:20:01,7,41.94,0.00,11.83,0.00,0.00,3.23,0.00,0.00,0.00,43.01
20:20:01,8,40.00,0.00,12.63,0.00,0.00,3.16,0.00,0.00,0.00,44.21
20:20:01,9,45.83,0.00,8.33,0.00,0.00,4.17,0.00,0.00,0.00,41.67
20:20:01,10,46.15,0.00,9.89,0.00,0.00,2.20,0.00,0.00,0.00,41.76
20:20:01,11,44.68,0.00,10.64,0.00,0.00,4.26,0.00,0.00,0.00,40.43
20:20:02,all,41.47,0.00,15.82,0.00,0.00,4.47,0.00,0.00,0.00,38.25
20:20:02,0,38.46,0.00,23.08,0.00,0.00,5.49,0.00,0.00,0.00,32.97
20:20:02,1,40.22,0.00,21.74,0.00,0.00,5.43,0.00,0.00,0.00,32.61
20:20:02,2,38.89,0.00,23.33,0.00,0.00,4.44,0.00,0.00,0.00,33.33
20:20:02,3,40.22,0.00,21.74,0.00,0.00,5.43,0.00,0.00,0.00,32.61
20:20:02,4,38.64,0.00,22.73,0.00,0.00,4.55,0.00,0.00,0.00,34.09
20:20:02,5,40.82,0.00,13.27,0.00,0.00,4.08,0.00,0.00,0.00,41.84
20:20:02,6,41.84,0.00,11.22,0.00,0.00,5.10,0.00,0.00,0.00,41.84
20:20:02,7,41.94,0.00,10.75,0.00,0.00,3.23,0.00,0.00,0.00,44.09
20:20:02,8,40.00,0.00,10.53,0.00,0.00,4.21,0.00,0.00,0.00,45.26
20:20:02,9,44.68,0.00,12.77,0.00,0.00,4.26,0.00,0.00,0.00,38.30
20:20:02,10,45.16,0.00,8.60,0.00,0.00,4.30,0.00,0.00,0.00,41.94
20:20:02,11,46.32,0.00,11.58,0.00,0.00,3.16,0.00,0.00,0.00,38.95
20:20:03,all,41.81,0.00,14.86,0.00,0.00,5.01,0.00,0.00,0.00,38.32
20:20:03,0,41.76,0.00,19.78,0.00,0.00,6.59,0.00,0.00,0.00,31.87
20:20:03,1,44.94,0.00,17.98,0.00,0.00,5.62,0.00,0.00,0.00,31.46
20:20:03,2,40.00,0.00,20.00,0.00,0.00,6.67,0.00,0.00,0.00,33.33
20:20:03,3,37.78,0.00,22.22,0.00,0.00,5.56,0.00,0.00,0.00,34.44
20:20:03,4,40.66,0.00,20.88,0.00,0.00,5.49,0.00,0.00,0.00,32.97
20:20:03,5,41.24,0.00,10.31,0.00,0.00,4.12,0.00,0.00,0.00,44.33
20:20:03,6,41.24,0.00,11.34,0.00,0.00,4.12,0.00,0.00,0.00,43.30
20:20:03,7,40.00,0.00,11.58,0.00,0.00,4.21,0.00,0.00,0.00,44.21
20:20:03,8,41.05,0.00,12.63,0.00,0.00,3.16,0.00,0.00,0.00,43.16
20:20:03,9,40.21,0.00,13.40,0.00,0.00,6.19,0.00,0.00,0.00,40.21
20:20:03,10,46.81,0.00,10.64,0.00,0.00,4.26,0.00,0.00,0.00,38.30
20:20:03,11,46.15,0.00,8.79,0.00,0.00,4.40,0.00,0.00,0.00,40.66
20:20:04,all,40.93,0.00,15.01,0.00,0.00,4.65,0.00,0.00,0.00,39.41
20:20:04,0,42.22,0.00,17.78,0.00,0.00,5.56,0.00,0.00,0.00,34.44
20:20:04,1,40.66,0.00,20.88,0.00,0.00,5.49,0.00,0.00,0.00,32.97
20:20:04,2,37.36,0.00,23.08,0.00,0.00,5.49,0.00,0.00,0.00,34.07
20:20:04,3,39.13,0.00,20.65,0.00,0.00,5.43,0.00,0.00,0.00,34.78
20:20:04,4,39.13,0.00,20.65,0.00,0.00,5.43,0.00,0.00,0.00,34.78
20:20:04,5,35.48,0.00,11.83,0.00,0.00,5.38,0.00,0.00,0.00,47.31
20:20:04,6,44.79,0.00,8.33,0.00,0.00,4.17,0.00,0.00,0.00,42.71
20:20:04,7,42.11,0.00,12.63,0.00,0.00,4.21,0.00,0.00,0.00,41.05
20:20:04,8,40.62,0.00,12.50,0.00,0.00,3.12,0.00,0.00,0.00,43.75
20:20:04,9,41.24,0.00,12.37,0.00,0.00,4.12,0.00,0.00,0.00,42.27
20:20:04,10,44.09,0.00,10.75,0.00,0.00,3.23,0.00,0.00,0.00,41.94
20:20:04,11,44.09,0.00,9.68,0.00,0.00,4.30,0.00,0.00,0.00,41.94
20:20:05,all,40.48,0.00,15.62,0.00,0.00,4.85,0.00,0.00,0.00,39.05
20:20:05,0,37.36,0.00,20.88,0.00,0.00,7.69,0.00,0.00,0.00,34.07
20:20:05,1,36.36,0.00,22.73,0.00,0.00,5.68,0.00,0.00,0.00,35.23
20:20:05,2,38.89,0.00,22.22,0.00,0.00,5.56,0.00,0.00,0.00,33.33
20:20:05,3,38.30,0.00,20.21,0.00,0.00,6.38,0.00,0.00,0.00,35.11
20:20:05,4,40.66,0.00,20.88,0.00,0.00,5.49,0.00,0.00,0.00,32.97
20:20:05,5,40.62,0.00,12.50,0.00,0.00,3.12,0.00,0.00,0.00,43.75
20:20:05,6,41.30,0.00,9.78,0.00,0.00,3.26,0.00,0.00,0.00,45.65
20:20:05,7,44.09,0.00,9.68,0.00,0.00,3.23,0.00,0.00,0.00,43.01
20:20:05,8,39.18,0.00,12.37,0.00,0.00,5.15,0.00,0.00,0.00,43.30
20:20:05,9,40.86,0.00,10.75,0.00,0.00,5.38,0.00,0.00,0.00,43.01
20:20:05,10,43.75,0.00,12.50,0.00,0.00,3.12,0.00,0.00,0.00,40.62
20:20:05,11,44.09,0.00,13.98,0.00,0.00,4.30,0.00,0.00,0.00,37.63
20:20:06,all,41.02,0.00,15.82,0.00,0.00,4.38,0.00,0.00,0.00,38.78
20:20:06,0,40.66,0.00,21.98,0.00,0.00,3.30,0.00,0.00,0.00,34.07
20:20:06,1,41.76,0.00,19.78,0.00,0.00,6.59,0.00,0.00,0.00,31.87
20:20:06,2,39.78,0.00,21.51,0.00,0.00,4.30,0.00,0.00,0.00,34.41
20:20:06,3,38.20,0.00,23.60,0.00,0.00,4.49,0.00,0.00,0.00,33.71
20:20:06,4,37.50,0.00,21.59,0.00,0.00,6.82,0.00,0.00,0.00,34.09
20:20:06,5,41.67,0.00,11.46,0.00,0.00,3.12,0.00,0.00,0.00,43.75
20:20:06,6,40.00,0.00,12.63,0.00,0.00,4.21,0.00,0.00,0.00,43.16
20:20:06,7,42.27,0.00,12.37,0.00,0.00,4.12,0.00,0.00,0.00,41.24
20:20:06,8,39.39,0.00,13.13,0.00,0.00,3.03,0.00,0.00,0.00,44.44
20:20:06,9,40.62,0.00,13.54,0.00,0.00,5.21,0.00,0.00,0.00,40.62
20:20:06,10,45.05,0.00,8.79,0.00,0.00,4.40,0.00,0.00,0.00,41.76
20:20:06,11,45.16,0.00,10.75,0.00,0.00,3.23,0.00,0.00,0.00,40.86
20:20:07,all,41.93,0.00,15.34,0.00,0.00,4.82,0.00,0.00,0.00,37.91
20:20:07,0,40.86,0.00,22.58,0.00,0.00,5.38,0.00,0.00,0.00,31.18
20:20:07,1,42.39,0.00,20.65,0.00,0.00,5.43,0.00,0.00,0.00,31.52
20:20:07,2,39.33,0.00,20.22,0.00,0.00,5.62,0.00,0.00,0.00,34.83
20:20:07,3,42.39,0.00,19.57,0.00,0.00,5.43,0.00,0.00,0.00,32.61
20:20:07,4,40.86,0.00,20.43,0.00,0.00,6.45,0.00,0.00,0.00,32.26
20:20:07,5,41.84,0.00,12.24,0.00,0.00,4.08,0.00,0.00,0.00,41.84
20:20:07,6,42.11,0.00,10.53,0.00,0.00,4.21,0.00,0.00,0.00,43.16
20:20:07,7,40.62,0.00,12.50,0.00,0.00,5.21,0.00,0.00,0.00,41.67
20:20:07,8,38.30,0.00,12.77,0.00,0.00,4.26,0.00,0.00,0.00,44.68
20:20:07,9,44.33,0.00,12.37,0.00,0.00,5.15,0.00,0.00,0.00,38.14
20:20:07,10,45.56,0.00,10.00,0.00,0.00,3.33,0.00,0.00,0.00,41.11
20:20:07,11,44.57,0.00,10.87,0.00,0.00,3.26,0.00,0.00,0.00,41.30
20:20:08,all,44.16,0.00,16.41,0.00,0.00,4.91,0.00,0.00,0.00,34.52
20:20:08,0,46.32,0.00,21.05,0.00,0.00,6.32,0.00,0.00,0.00,26.32
20:20:08,1,40.45,0.00,23.60,0.00,0.00,7.87,0.00,0.00,0.00,28.09
20:20:08,2,43.48,0.00,20.65,0.00,0.00,5.43,0.00,0.00,0.00,30.43
20:20:08,3,40.66,0.00,23.08,0.00,0.00,4.40,0.00,0.00,0.00,31.87
20:20:08,4,39.77,0.00,21.59,0.00,0.00,6.82,0.00,0.00,0.00,31.82
20:20:08,5,43.16,0.00,13.68,0.00,0.00,4.21,0.00,0.00,0.00,38.95
20:20:08,6,42.11,0.00,13.68,0.00,0.00,4.21,0.00,0.00,0.00,40.00
20:20:08,7,45.26,0.00,11.58,0.00,0.00,4.21,0.00,0.00,0.00,38.95
20:20:08,8,46.88,0.00,11.46,0.00,0.00,4.17,0.00,0.00,0.00,37.50
20:20:08,9,45.26,0.00,12.63,0.00,0.00,4.21,0.00,0.00,0.00,37.89
20:20:08,10,49.47,0.00,12.63,0.00,0.00,3.16,0.00,0.00,0.00,34.74
20:20:08,11,46.32,0.00,12.63,0.00,0.00,4.21,0.00,0.00,0.00,36.84
20:20:09,all,40.53,0.00,15.47,0.00,0.00,4.62,0.00,0.00,0.00,39.38
20:20:09,0,37.36,0.00,21.98,0.00,0.00,6.59,0.00,0.00,0.00,34.07
20:20:09,1,40.43,0.00,22.34,0.00,0.00,5.32,0.00,0.00,0.00,31.91
20:20:09,2,37.63,0.00,21.51,0.00,0.00,6.45,0.00,0.00,0.00,34.41
20:20:09,3,42.86,0.00,19.78,0.00,0.00,4.40,0.00,0.00,0.00,32.97
20:20:09,4,41.30,0.00,20.65,0.00,0.00,4.35,0.00,0.00,0.00,33.70
20:20:09,5,37.23,0.00,10.64,0.00,0.00,4.26,0.00,0.00,0.00,47.87
20:20:09,6,38.95,0.00,11.58,0.00,0.00,4.21,0.00,0.00,0.00,45.26
20:20:09,7,41.24,0.00,11.34,0.00,0.00,4.12,0.00,0.00,0.00,43.30
20:20:09,8,38.54,0.00,12.50,0.00,0.00,4.17,0.00,0.00,0.00,44.79
20:20:09,9,41.94,0.00,12.90,0.00,0.00,4.30,0.00,0.00,0.00,40.86
20:20:09,10,42.39,0.00,10.87,0.00,0.00,4.35,0.00,0.00,0.00,42.39
20:20:09,11,46.39,0.00,10.31,0.00,0.00,3.09,0.00,0.00,0.00,40.21
20:20:10,all,41.27,0.00,15.24,0.00,0.00,4.55,0.00,0.00,0.00,38.95
20:20:10,0,40.86,0.00,20.43,0.00,0.00,5.38,0.00,0.00,0.00,33.33
20:20:10,1,40.00,0.00,21.11,0.00,0.00,5.56,0.00,0.00,0.00,33.33
20:20:10,2,39.56,0.00,19.78,0.00,0.00,4.40,0.00,0.00,0.00,36.26
20:20:10,3,40.22,0.00,22.83,0.00,0.00,4.35,0.00,0.00,0.00,32.61
20:20:10,4,40.22,0.00,21.74,0.00,0.00,5.43,0.00,0.00,0.00,32.61
20:20:10,5,38.78,0.00,12.24,0.00,0.00,5.10,0.00,0.00,0.00,43.88
20:20:10,6,41.67,0.00,12.50,0.00,0.00,3.12,0.00,0.00,0.00,42.71
20:20:10,7,40.22,0.00,10.87,0.00,0.00,4.35,0.00,0.00,0.00,44.57
20:20:10,8,40.00,0.00,9.47,0.00,0.00,4.21,0.00,0.00,0.00,46.32
20:20:10,9,42.71,0.00,11.46,0.00,0.00,5.21,0.00,0.00,0.00,40.62
20:20:10,10,46.32,0.00,10.53,0.00,0.00,3.16,0.00,0.00,0.00,40.00
20:20:10,11,44.57,0.00,10.87,0.00,0.00,4.35,0.00,0.00,0.00,40.22
20:20:11,all,40.81,0.00,15.61,0.00,0.00,4.84,0.00,0.00,0.00,38.74
20:20:11,0,36.36,0.00,22.73,0.00,0.00,5.68,0.00,0.00,0.00,35.23
20:20:11,1,40.66,0.00,20.88,0.00,0.00,4.40,0.00,0.00,0.00,34.07
20:20:11,2,40.00,0.00,20.00,0.00,0.00,6.67,0.00,0.00,0.00,33.33
20:20:11,3,36.26,0.00,23.08,0.00,0.00,6.59,0.00,0.00,0.00,34.07
20:20:11,4,39.33,0.00,20.22,0.00,0.00,5.62,0.00,0.00,0.00,34.83
20:20:11,5,38.54,0.00,13.54,0.00,0.00,3.12,0.00,0.00,0.00,44.79
20:20:11,6,40.00,0.00,12.63,0.00,0.00,4.21,0.00,0.00,0.00,43.16
20:20:11,7,41.67,0.00,11.46,0.00,0.00,5.21,0.00,0.00,0.00,41.67
20:20:11,8,42.71,0.00,11.46,0.00,0.00,4.17,0.00,0.00,0.00,41.67
20:20:11,9,43.16,0.00,11.58,0.00,0.00,4.21,0.00,0.00,0.00,41.05
20:20:11,10,44.79,0.00,11.46,0.00,0.00,4.17,0.00,0.00,0.00,39.58
20:20:11,11,45.65,0.00,9.78,0.00,0.00,4.35,0.00,0.00,0.00,40.22
20:20:12,all,42.07,0.00,14.53,0.00,0.00,4.55,0.00,0.00,0.00,38.86
20:20:12,0,38.89,0.00,22.22,0.00,0.00,5.56,0.00,0.00,0.00,33.33
20:20:12,1,43.01,0.00,18.28,0.00,0.00,6.45,0.00,0.00,0.00,32.26
20:20:12,2,41.30,0.00,20.65,0.00,0.00,5.43,0.00,0.00,0.00,32.61
20:20:12,3,38.46,0.00,21.98,0.00,0.00,4.40,0.00,0.00,0.00,35.16
20:20:12,4,36.96,0.00,21.74,0.00,0.00,6.52,0.00,0.00,0.00,34.78
20:20:12,5,41.05,0.00,10.53,0.00,0.00,4.21,0.00,0.00,0.00,44.21
20:20:12,6,41.49,0.00,10.64,0.00,0.00,4.26,0.00,0.00,0.00,43.62
20:20:12,7,41.24,0.00,12.37,0.00,0.00,4.12,0.00,0.00,0.00,42.27
20:20:12,8,43.30,0.00,9.28,0.00,0.00,5.15,0.00,0.00,0.00,42.27
20:20:12,9,43.48,0.00,10.87,0.00,0.00,2.17,0.00,0.00,0.00,43.48
20:20:12,10,46.81,0.00,8.51,0.00,0.00,3.19,0.00,0.00,0.00,41.49
20:20:12,11,48.42,0.00,8.42,0.00,0.00,3.16,0.00,0.00,0.00,40.00
20:20:13,all,40.90,0.00,16.41,0.00,0.00,4.66,0.00,0.00,0.00,38.03
20:20:13,0,39.56,0.00,21.98,0.00,0.00,5.49,0.00,0.00,0.00,32.97
20:20:13,1,41.76,0.00,21.98,0.00,0.00,4.40,0.00,0.00,0.00,31.87
20:20:13,2,38.04,0.00,23.91,0.00,0.00,5.43,0.00,0.00,0.00,32.61
20:20:13,3,36.67,0.00,23.33,0.00,0.00,5.56,0.00,0.00,0.00,34.44
20:20:13,4,38.64,0.00,20.45,0.00,0.00,6.82,0.00,0.00,0.00,34.09
20:20:13,5,38.30,0.00,11.70,0.00,0.00,4.26,0.00,0.00,0.00,45.74
20:20:13,6,41.67,0.00,13.54,0.00,0.00,4.17,0.00,0.00,0.00,40.62
20:20:13,7,40.00,0.00,14.74,0.00,0.00,4.21,0.00,0.00,0.00,41.05
20:20:13,8,39.18,0.00,13.40,0.00,0.00,4.12,0.00,0.00,0.00,43.30
20:20:13,9,45.16,0.00,10.75,0.00,0.00,4.30,0.00,0.00,0.00,39.78
20:20:13,10,46.32,0.00,10.53,0.00,0.00,3.16,0.00,0.00,0.00,40.00
20:20:13,11,45.16,0.00,11.83,0.00,0.00,4.30,0.00,0.00,0.00,38.71
20:20:14,all,40.37,0.00,15.33,0.00,0.00,4.90,0.00,0.00,0.00,39.39
20:20:14,0,41.30,0.00,19.57,0.00,0.00,5.43,0.00,0.00,0.00,33.70
20:20:14,1,39.56,0.00,20.88,0.00,0.00,5.49,0.00,0.00,0.00,34.07
20:20:14,2,36.67,0.00,22.22,0.00,0.00,4.44,0.00,0.00,0.00,36.67
20:20:14,3,38.46,0.00,20.88,0.00,0.00,6.59,0.00,0.00,0.00,34.07
20:20:14,4,37.93,0.00,21.84,0.00,0.00,4.60,0.00,0.00,0.00,35.63
20:20:14,5,38.95,0.00,10.53,0.00,0.00,5.26,0.00,0.00,0.00,45.26
20:20:14,6,38.78,0.00,13.27,0.00,0.00,5.10,0.00,0.00,0.00,42.86
20:20:14,7,41.05,0.00,11.58,0.00,0.00,4.21,0.00,0.00,0.00,43.16
20:20:14,8,39.18,0.00,12.37,0.00,0.00,4.12,0.00,0.00,0.00,44.33
20:20:14,9,40.62,0.00,12.50,0.00,0.00,5.21,0.00,0.00,0.00,41.67
20:20:14,10,45.74,0.00,10.64,0.00,0.00,4.26,0.00,0.00,0.00,39.36
20:20:14,11,45.83,0.00,9.38,0.00,0.00,4.17,0.00,0.00,0.00,40.62
20:20:15,all,41.17,0.00,15.25,0.00,0.00,4.84,0.00,0.00,0.00,38.74
20:20:15,0,38.04,0.00,21.74,0.00,0.00,7.61,0.00,0.00,0.00,32.61
20:20:15,1,42.22,0.00,21.11,0.00,0.00,5.56,0.00,0.00,0.00,31.11
20:20:15,2,37.36,0.00,20.88,0.00,0.00,6.59,0.00,0.00,0.00,35.16
20:20:15,3,42.39,0.00,18.48,0.00,0.00,5.43,0.00,0.00,0.00,33.70
20:20:15,4,40.66,0.00,19.78,0.00,0.00,5.49,0.00,0.00,0.00,34.07
20:20:15,5,37.23,0.00,11.70,0.00,0.00,5.32,0.00,0.00,0.00,45.74
20:20:15,6,37.89,0.00,13.68,0.00,0.00,4.21,0.00,0.00,0.00,44.21
20:20:15,7,40.43,0.00,13.83,0.00,0.00,4.26,0.00,0.00,0.00,41.49
20:20:15,8,42.27,0.00,11.34,0.00,0.00,4.12,0.00,0.00,0.00,42.27
20:20:15,9,43.16,0.00,10.53,0.00,0.00,4.21,0.00,0.00,0.00,42.11
20:20:15,10,45.16,0.00,10.75,0.00,0.00,3.23,0.00,0.00,0.00,40.86
20:20:15,11,47.25,0.00,9.89,0.00,0.00,2.20,0.00,0.00,0.00,40.66
20:20:16,all,40.80,0.00,14.76,0.00,0.00,4.80,0.00,0.00,0.00,39.64
20:20:16,0,40.66,0.00,19.78,0.00,0.00,5.49,0.00,0.00,0.00,34.07
20:20:16,1,41.49,0.00,19.15,0.00,0.00,6.38,0.00,0.00,0.00,32.98
20:20:16,2,42.11,0.00,20.00,0.00,0.00,4.21,0.00,0.00,0.00,33.68
20:20:16,3,37.36,0.00,20.88,0.00,0.00,5.49,0.00,0.00,0.00,36.26
20:20:16,4,36.67,0.00,21.11,0.00,0.00,6.67,0.00,0.00,0.00,35.56
20:20:16,5,38.78,0.00,11.22,0.00,0.00,5.10,0.00,0.00,0.00,44.90
20:20:16,6,39.58,0.00,11.46,0.00,0.00,4.17,0.00,0.00,0.00,44.79
20:20:16,7,41.94,0.00,10.75,0.00,0.00,3.23,0.00,0.00,0.00,44.09
20:20:16,8,39.18,0.00,12.37,0.00,0.00,4.12,0.00,0.00,0.00,44.33
20:20:16,9,41.49,0.00,11.70,0.00,0.00,4.26,0.00,0.00,0.00,42.55
20:20:16,10,44.57,0.00,9.78,0.00,0.00,4.35,0.00,0.00,0.00,41.30
20:20:16,11,45.74,0.00,9.57,0.00,0.00,4.26,0.00,0.00,0.00,40.43
20:20:17,all,41.99,0.00,15.39,0.09,0.00,4.80,0.00,0.00,0.00,37.72
20:20:17,0,39.78,0.00,22.58,0.00,0.00,5.38,0.00,0.00,0.00,32.26
20:20:17,1,43.96,0.00,20.88,0.00,0.00,4.40,0.00,0.00,0.00,30.77
20:20:17,2,40.00,0.00,20.00,0.00,0.00,7.78,0.00,0.00,0.00,32.22
20:20:17,3,37.36,0.00,21.98,1.10,0.00,5.49,0.00,0.00,0.00,34.07
20:20:17,4,40.43,0.00,21.28,0.00,0.00,7.45,0.00,0.00,0.00,30.85
20:20:17,5,41.67,0.00,11.46,0.00,0.00,4.17,0.00,0.00,0.00,42.71
20:20:17,6,43.62,0.00,11.70,0.00,0.00,4.26,0.00,0.00,0.00,40.43
20:20:17,7,43.62,0.00,11.70,0.00,0.00,4.26,0.00,0.00,0.00,40.43
20:20:17,8,39.58,0.00,11.46,0.00,0.00,4.17,0.00,0.00,0.00,44.79
20:20:17,9,42.27,0.00,12.37,0.00,0.00,4.12,0.00,0.00,0.00,41.24
20:20:17,10,46.74,0.00,8.70,0.00,0.00,2.17,0.00,0.00,0.00,42.39
20:20:17,11,44.79,0.00,11.46,0.00,0.00,4.17,0.00,0.00,0.00,39.58
20:20:18,all,43.39,0.00,16.25,0.09,0.00,5.00,0.00,0.00,0.00,35.27
20:20:18,0,42.86,0.00,21.98,0.00,0.00,6.59,0.00,0.00,0.00,28.57
20:20:18,1,44.09,0.00,19.35,0.00,0.00,7.53,0.00,0.00,0.00,29.03
20:20:18,2,40.66,0.00,20.88,0.00,0.00,6.59,0.00,0.00,0.00,31.87
20:20:18,3,43.96,0.00,23.08,0.00,0.00,6.59,0.00,0.00,0.00,26.37
20:20:18,4,40.66,0.00,21.98,1.10,0.00,4.40,0.00,0.00,0.00,31.87
20:20:18,5,42.71,0.00,15.62,0.00,0.00,3.12,0.00,0.00,0.00,38.54
20:20:18,6,43.75,0.00,12.50,0.00,0.00,5.21,0.00,0.00,0.00,38.54
20:20:18,7,41.67,0.00,14.58,0.00,0.00,4.17,0.00,0.00,0.00,39.58
20:20:18,8,44.79,0.00,10.42,0.00,0.00,4.17,0.00,0.00,0.00,40.62
20:20:18,9,44.21,0.00,13.68,0.00,0.00,4.21,0.00,0.00,0.00,37.89
20:20:18,10,45.16,0.00,10.75,0.00,0.00,3.23,0.00,0.00,0.00,40.86
20:20:18,11,46.15,0.00,10.99,0.00,0.00,4.40,0.00,0.00,0.00,38.46
20:20:19,all,41.23,0.00,15.49,0.09,0.00,4.63,0.00,0.00,0.00,38.56
20:20:19,0,41.30,0.00,20.65,0.00,0.00,5.43,0.00,0.00,0.00,32.61
20:20:19,1,37.93,0.00,21.84,0.00,0.00,6.90,0.00,0.00,0.00,33.33
20:20:19,2,38.46,0.00,21.98,0.00,0.00,6.59,0.00,0.00,0.00,32.97
20:20:19,3,38.64,0.00,21.59,0.00,0.00,5.68,0.00,0.00,0.00,34.09
20:20:19,4,40.22,0.00,20.65,0.00,0.00,6.52,0.00,0.00,0.00,32.61
20:20:19,5,40.00,0.00,11.58,0.00,0.00,4.21,0.00,0.00,0.00,44.21
20:20:19,6,41.24,0.00,12.37,0.00,0.00,3.09,0.00,0.00,0.00,43.30
20:20:19,7,42.27,0.00,11.34,0.00,0.00,4.12,0.00,0.00,0.00,42.27
20:20:19,8,40.21,0.00,10.31,0.00,0.00,4.12,0.00,0.00,0.00,45.36
20:20:19,9,41.24,0.00,13.40,0.00,0.00,4.12,0.00,0.00,0.00,41.24
20:20:19,10,46.81,0.00,8.51,1.06,0.00,2.13,0.00,0.00,0.00,41.49
20:20:19,11,45.83,0.00,13.54,0.00,0.00,3.12,0.00,0.00,0.00,37.50
20:20:20,all,41.32,0.00,15.32,0.00,0.00,4.27,0.00,0.00,0.00,39.09
20:20:20,0,41.57,0.00,19.10,0.00,0.00,4.49,0.00,0.00,0.00,34.83
20:20:20,1,37.63,0.00,22.58,0.00,0.00,6.45,0.00,0.00,0.00,33.33
20:20:20,2,38.20,0.00,21.35,0.00,0.00,4.49,0.00,0.00,0.00,35.96
20:20:20,3,39.13,0.00,21.74,0.00,0.00,5.43,0.00,0.00,0.00,33.70
20:20:20,4,38.04,0.00,21.74,0.00,0.00,5.43,0.00,0.00,0.00,34.78
20:20:20,5,40.43,0.00,10.64,0.00,0.00,4.26,0.00,0.00,0.00,44.68
20:20:20,6,41.24,0.00,14.43,0.00,0.00,3.09,0.00,0.00,0.00,41.24
20:20:20,7,44.21,0.00,10.53,0.00,0.00,2.11,0.00,0.00,0.00,43.16
20:20:20,8,40.82,0.00,10.20,0.00,0.00,4.08,0.00,0.00,0.00,44.90
20:20:20,9,42.11,0.00,11.58,0.00,0.00,4.21,0.00,0.00,0.00,42.11
20:20:20,10,44.79,0.00,10.42,0.00,0.00,5.21,0.00,0.00,0.00,39.58
20:20:20,11,47.31,0.00,10.75,0.00,0.00,2.15,0.00,0.00,0.00,39.78
20:20:21,all,41.07,0.00,15.64,0.00,0.00,4.71,0.00,0.00,0.00,38.58
20:20:21,0,40.66,0.00,19.78,0.00,0.00,6.59,0.00,0.00,0.00,32.97
20:20:21,1,38.04,0.00,23.91,0.00,0.00,5.43,0.00,0.00,0.00,32.61
20:20:21,2,41.76,0.00,20.88,0.00,0.00,4.40,0.00,0.00,0.00,32.97
20:20:21,3,38.04,0.00,21.74,0.00,0.00,5.43,0.00,0.00,0.00,34.78
20:20:21,4,40.86,0.00,21.51,0.00,0.00,5.38,0.00,0.00,0.00,32.26
20:20:21,5,37.11,0.00,11.34,0.00,0.00,4.12,0.00,0.00,0.00,47.42
20:20:21,6,41.67,0.00,12.50,0.00,0.00,5.21,0.00,0.00,0.00,40.62
20:20:21,7,40.43,0.00,11.70,0.00,0.00,4.26,0.00,0.00,0.00,43.62
20:20:21,8,41.05,0.00,11.58,0.00,0.00,3.16,0.00,0.00,0.00,44.21
20:20:21,9,41.24,0.00,13.40,0.00,0.00,4.12,0.00,0.00,0.00,41.24
20:20:21,10,45.74,0.00,10.64,0.00,0.00,4.26,0.00,0.00,0.00,39.36
20:20:21,11,46.24,0.00,9.68,0.00,0.00,4.30,0.00,0.00,0.00,39.78
20:20:22,all,40.75,0.00,15.48,0.00,0.00,5.07,0.00,0.00,0.00,38.70
20:20:22,0,40.66,0.00,20.88,0.00,0.00,5.49,0.00,0.00,0.00,32.97
20:20:22,1,39.56,0.00,21.98,0.00,0.00,4.40,0.00,0.00,0.00,34.07
20:20:22,2,40.00,0.00,18.95,0.00,0.00,6.32,0.00,0.00,0.00,34.74
20:20:22,3,41.76,0.00,20.88,0.00,0.00,5.49,0.00,0.00,0.00,31.87
20:20:22,4,40.45,0.00,19.10,0.00,0.00,5.62,0.00,0.00,0.00,34.83
20:20:22,5,37.11,0.00,14.43,0.00,0.00,6.19,0.00,0.00,0.00,42.27
20:20:22,6,42.27,0.00,12.37,0.00,0.00,4.12,0.00,0.00,0.00,41.24
20:20:22,7,38.54,0.00,13.54,0.00,0.00,5.21,0.00,0.00,0.00,42.71
20:20:22,8,38.14,0.00,11.34,0.00,0.00,4.12,0.00,0.00,0.00,46.39
20:20:22,9,41.94,0.00,9.68,0.00,0.00,6.45,0.00,0.00,0.00,41.94
20:20:22,10,43.01,0.00,10.75,0.00,0.00,4.30,0.00,0.00,0.00,41.94
20:20:22,11,45.74,0.00,12.77,0.00,0.00,3.19,0.00,0.00,0.00,38.30
20:20:23,all,41.55,0.00,15.20,0.00,0.00,4.95,0.00,0.00,0.00,38.31
20:20:23,0,41.57,0.00,19.10,0.00,0.00,5.62,0.00,0.00,0.00,33.71
20:20:23,1,42.70,0.00,19.10,0.00,0.00,6.74,0.00,0.00,0.00,31.46
20:20:23,2,39.08,0.00,21.84,0.00,0.00,5.75,0.00,0.00,0.00,33.33
20:20:23,3,39.56,0.00,21.98,0.00,0.00,6.59,0.00,0.00,0.00,31.87
20:20:23,4,38.89,0.00,21.11,0.00,0.00,6.67,0.00,0.00,0.00,33.33
20:20:23,5,37.89,0.00,13.68,0.00,0.00,3.16,0.00,0.00,0.00,45.26
20:20:23,6,40.62,0.00,11.46,0.00,0.00,4.17,0.00,0.00,0.00,43.75
20:20:23,7,40.00,0.00,12.63,0.00,0.00,5.26,0.00,0.00,0.00,42.11
20:20:23,8,41.05,0.00,11.58,0.00,0.00,4.21,0.00,0.00,0.00,43.16
20:20:23,9,46.88,0.00,10.42,0.00,0.00,3.12,0.00,0.00,0.00,39.58
20:20:23,10,45.26,0.00,10.53,0.00,0.00,4.21,0.00,0.00,0.00,40.00
20:20:23,11,44.68,0.00,10.64,0.00,0.00,4.26,0.00,0.00,0.00,40.43
20:20:24,all,42.61,0.00,16.74,0.00,0.00,4.30,0.00,0.00,0.00,36.35
20:20:24,0,39.33,0.00,21.35,0.00,0.00,6.74,0.00,0.00,0.00,32.58
20:20:24,1,45.05,0.00,20.88,0.00,0.00,4.40,0.00,0.00,0.00,29.67
20:20:24,2,40.00,0.00,22.22,0.00,0.00,4.44,0.00,0.00,0.00,33.33
20:20:24,3,41.30,0.00,22.83,0.00,0.00,5.43,0.00,0.00,0.00,30.43
20:20:24,4,40.00,0.00,24.44,0.00,0.00,5.56,0.00,0.00,0.00,30.00
20:20:24,5,42.55,0.00,12.77,0.00,0.00,3.19,0.00,0.00,0.00,41.49
20:20:24,6,40.62,0.00,16.67,0.00,0.00,4.17,0.00,0.00,0.00,38.54
20:20:24,7,43.62,0.00,11.70,0.00,0.00,2.13,0.00,0.00,0.00,42.55
20:20:24,8,41.05,0.00,11.58,0.00,0.00,4.21,0.00,0.00,0.00,43.16
20:20:24,9,41.67,0.00,15.62,0.00,0.00,4.17,0.00,0.00,0.00,38.54
20:20:24,10,46.32,0.00,12.63,0.00,0.00,4.21,0.00,0.00,0.00,36.84
20:20:24,11,49.47,0.00,9.47,0.00,0.00,3.16,0.00,0.00,0.00,37.89
20:20:25,all,40.97,0.00,15.21,0.00,0.00,4.74,0.00,0.00,0.00,39.09
20:20:25,0,39.56,0.00,20.88,0.00,0.00,5.49,0.00,0.00,0.00,34.07
20:20:25,1,42.39,0.00,19.57,0.00,0.00,6.52,0.00,0.00,0.00,31.52
20:20:25,2,40.22,0.00,20.65,0.00,0.00,5.43,0.00,0.00,0.00,33.70
20:20:25,3,39.36,0.00,22.34,0.00,0.00,5.32,0.00,0.00,0.00,32.98
20:20:25,4,39.13,0.00,20.65,0.00,0.00,5.43,0.00,0.00,0.00,34.78
20:20:25,5,39.58,0.00,10.42,0.00,0.00,4.17,0.00,0.00,0.00,45.83
20:20:25,6,42.27,0.00,11.34,0.00,0.00,3.09,0.00,0.00,0.00,43.30
20:20:25,7,40.86,0.00,11.83,0.00,0.00,4.30,0.00,0.00,0.00,43.01
20:20:25,8,38.95,0.00,11.58,0.00,0.00,4.21,0.00,0.00,0.00,45.26
20:20:25,9,40.43,0.00,12.77,0.00,0.00,5.32,0.00,0.00,0.00,41.49
20:20:25,10,43.48,0.00,11.96,0.00,0.00,3.26,0.00,0.00,0.00,41.30
20:20:25,11,45.56,0.00,8.89,0.00,0.00,4.44,0.00,0.00,0.00,41.11
20:20:26,all,41.42,0.00,15.09,0.00,0.00,4.58,0.00,0.00,0.00,38.90
20:20:26,0,42.86,0.00,18.68,0.00,0.00,5.49,0.00,0.00,0.00,32.97
20:20:26,1,38.30,0.00,24.47,0.00,0.00,5.32,0.00,0.00,0.00,31.91
20:20:26,2,38.20,0.00,22.47,0.00,0.00,4.49,0.00,0.00,0.00,34.83
20:20:26,3,38.71,0.00,20.43,0.00,0.00,6.45,0.00,0.00,0.00,34.41
20:20:26,4,41.11,0.00,20.00,0.00,0.00,4.44,0.00,0.00,0.00,34.44
20:20:26,5,40.21,0.00,12.37,0.00,0.00,4.12,0.00,0.00,0.00,43.30
20:20:26,6,39.13,0.00,10.87,0.00,0.00,4.35,0.00,0.00,0.00,45.65
20:20:26,7,42.55,0.00,9.57,0.00,0.00,3.19,0.00,0.00,0.00,44.68
20:20:26,8,41.94,0.00,9.68,0.00,0.00,4.30,0.00,0.00,0.00,44.09
20:20:26,9,44.21,0.00,11.58,0.00,0.00,4.21,0.00,0.00,0.00,40.00
20:20:26,10,44.57,0.00,9.78,0.00,0.00,4.35,0.00,0.00,0.00,41.30
20:20:26,11,45.16,0.00,11.83,0.00,0.00,4.30,0.00,0.00,0.00,38.71
20:20:27,all,41.86,0.00,15.46,0.00,0.00,4.88,0.00,0.00,0.00,37.79
20:20:27,0,40.45,0.00,21.35,0.00,0.00,5.62,0.00,0.00,0.00,32.58
20:20:27,1,40.91,0.00,23.86,0.00,0.00,5.68,0.00,0.00,0.00,29.55
20:20:27,2,38.89,0.00,22.22,0.00,0.00,6.67,0.00,0.00,0.00,32.22
20:20:27,3,40.45,0.00,21.35,0.00,0.00,5.62,0.00,0.00,0.00,32.58
20:20:27,4,38.30,0.00,21.28,0.00,0.00,8.51,0.00,0.00,0.00,31.91
20:20:27,5,42.55,0.00,10.64,0.00,0.00,3.19,0.00,0.00,0.00,43.62
20:20:27,6,43.62,0.00,11.70,0.00,0.00,4.26,0.00,0.00,0.00,40.43
20:20:27,7,43.01,0.00,11.83,0.00,0.00,2.15,0.00,0.00,0.00,43.01
20:20:27,8,37.89,0.00,13.68,0.00,0.00,5.26,0.00,0.00,0.00,43.16
20:20:27,9,44.79,0.00,10.42,0.00,0.00,4.17,0.00,0.00,0.00,40.62
20:20:27,10,44.09,0.00,9.68,0.00,0.00,4.30,0.00,0.00,0.00,41.94
20:20:27,11,47.25,0.00,8.79,0.00,0.00,3.30,0.00,0.00,0.00,40.66
20:20:28,all,42.91,0.00,16.67,0.00,0.00,4.79,0.00,0.00,0.00,35.64
20:20:28,0,40.86,0.00,22.58,0.00,0.00,6.45,0.00,0.00,0.00,30.11
20:20:28,1,45.26,0.00,22.11,0.00,0.00,6.32,0.00,0.00,0.00,26.32
20:20:28,2,41.05,0.00,22.11,0.00,0.00,6.32,0.00,0.00,0.00,30.53
20:20:28,3,43.96,0.00,21.98,0.00,0.00,5.49,0.00,0.00,0.00,28.57
20:20:28,4,43.96,0.00,21.98,0.00,0.00,5.49,0.00,0.00,0.00,28.57
20:20:28,5,40.43,0.00,13.83,0.00,0.00,4.26,0.00,0.00,0.00,41.49
20:20:28,6,42.27,0.00,13.40,0.00,0.00,4.12,0.00,0.00,0.00,40.21
20:20:28,7,43.62,0.00,12.77,0.00,0.00,4.26,0.00,0.00,0.00,39.36
20:20:28,8,40.62,0.00,12.50,0.00,0.00,4.17,0.00,0.00,0.00,42.71
20:20:28,9,43.16,0.00,12.63,0.00,0.00,4.21,0.00,0.00,0.00,40.00
20:20:28,10,45.26,0.00,11.58,0.00,0.00,4.21,0.00,0.00,0.00,38.95
20:20:28,11,44.57,0.00,13.04,0.00,0.00,2.17,0.00,0.00,0.00,40.22
20:20:29,all,42.40,0.00,16.46,0.09,0.00,4.74,0.00,0.00,0.00,36.31
20:20:29,0,42.86,0.00,20.88,0.00,0.00,5.49,0.00,0.00,0.00,30.77
20:20:29,1,41.11,0.00,22.22,0.00,0.00,6.67,0.00,0.00,0.00,30.00
20:20:29,2,38.64,0.00,22.73,0.00,0.00,4.55,0.00,0.00,0.00,34.09
20:20:29,3,41.30,0.00,23.91,0.00,0.00,5.43,0.00,0.00,0.00,29.35
20:20:29,4,40.66,0.00,21.98,0.00,0.00,5.49,0.00,0.00,0.00,31.87
20:20:29,5,39.18,0.00,13.40,0.00,0.00,5.15,0.00,0.00,0.00,42.27
20:20:29,6,44.21,0.00,11.58,0.00,0.00,4.21,0.00,0.00,0.00,40.00
20:20:29,7,45.83,0.00,10.42,0.00,0.00,4.17,0.00,0.00,0.00,39.58
20:20:29,8,40.00,0.00,13.68,1.05,0.00,4.21,0.00,0.00,0.00,41.05
20:20:29,9,43.62,0.00,13.83,0.00,0.00,4.26,0.00,0.00,0.00,38.30
20:20:29,10,44.68,0.00,10.64,0.00,0.00,4.26,0.00,0.00,0.00,40.43
20:20:29,11,46.32,0.00,13.68,0.00,0.00,3.16,0.00,0.00,0.00,36.84
20:20:30,all,41.16,0.00,14.82,0.00,0.00,4.73,0.00,0.00,0.00,39.29
20:20:30,0,40.66,0.00,18.68,0.00,0.00,6.59,0.00,0.00,0.00,34.07
20:20:30,1,38.64,0.00,21.59,0.00,0.00,6.82,0.00,0.00,0.00,32.95
20:20:30,2,40.00,0.00,20.00,0.00,0.00,5.56,0.00,0.00,0.00,34.44
20:20:30,3,36.56,0.00,22.58,0.00,0.00,6.45,0.00,0.00,0.00,34.41
20:20:30,4,39.33,0.00,20.22,0.00,0.00,5.62,0.00,0.00,0.00,34.83
20:20:30,5,40.82,0.00,10.20,0.00,0.00,4.08,0.00,0.00,0.00,44.90
20:20:30,6,39.80,0.00,13.27,0.00,0.00,4.08,0.00,0.00,0.00,42.86
20:20:30,7,42.39,0.00,10.87,0.00,0.00,3.26,0.00,0.00,0.00,43.48
20:20:30,8,40.62,0.00,11.46,0.00,0.00,3.12,0.00,0.00,0.00,44.79
20:20:30,9,43.88,0.00,12.24,0.00,0.00,3.06,0.00,0.00,0.00,40.82
20:20:30,10,44.68,0.00,9.57,0.00,0.00,4.26,0.00,0.00,0.00,41.49
20:20:30,11,46.24,0.00,8.60,0.00,0.00,4.30,0.00,0.00,0.00,40.86
20:20:31,all,41.02,0.00,15.62,0.00,0.00,4.58,0.00,0.00,0.00,38.78
20:20:31,0,38.46,0.00,20.88,0.00,0.00,6.59,0.00,0.00,0.00,34.07
20:20:31,1,37.78,0.00,21.11,0.00,0.00,6.67,0.00,0.00,0.00,34.44
20:20:31,2,40.45,0.00,20.22,0.00,0.00,5.62,0.00,0.00,0.00,33.71
20:20:31,3,38.04,0.00,23.91,0.00,0.00,5.43,0.00,0.00,0.00,32.61
20:20:31,4,38.89,0.00,20.00,0.00,0.00,6.67,0.00,0.00,0.00,34.44
20:20:31,5,40.00,0.00,13.68,0.00,0.00,3.16,0.00,0.00,0.00,43.16
20:20:31,6,41.49,0.00,11.70,0.00,0.00,3.19,0.00,0.00,0.00,43.62
20:20:31,7,43.16,0.00,11.58,0.00,0.00,3.16,0.00,0.00,0.00,42.11
20:20:31,8,37.89,0.00,12.63,0.00,0.00,5.26,0.00,0.00,0.00,44.21
20:20:31,9,42.27,0.00,12.37,0.00,0.00,3.09,0.00,0.00,0.00,42.27
20:20:31,10,45.74,0.00,10.64,0.00,0.00,3.19,0.00,0.00,0.00,40.43
20:20:31,11,47.83,0.00,9.78,0.00,0.00,3.26,0.00,0.00,0.00,39.13
20:20:32,all,41.16,0.00,15.18,0.00,0.00,4.91,0.00,0.00,0.00,38.75
20:20:32,0,38.64,0.00,19.32,0.00,0.00,6.82,0.00,0.00,0.00,35.23
20:20:32,1,37.08,0.00,21.35,0.00,0.00,6.74,0.00,0.00,0.00,34.83
20:20:32,2,37.50,0.00,21.59,0.00,0.00,5.68,0.00,0.00,0.00,35.23
20:20:32,3,40.00,0.00,21.11,0.00,0.00,5.56,0.00,0.00,0.00,33.33
20:20:32,4,39.56,0.00,20.88,0.00,0.00,6.59,0.00,0.00,0.00,32.97
20:20:32,5,39.18,0.00,10.31,0.00,0.00,5.15,0.00,0.00,0.00,45.36
20:20:32,6,41.41,0.00,13.13,0.00,0.00,5.05,0.00,0.00,0.00,40.40
20:20:32,7,41.24,0.00,11.34,0.00,0.00,4.12,0.00,0.00,0.00,43.30
20:20:32,8,42.86,0.00,10.20,0.00,0.00,4.08,0.00,0.00,0.00,42.86
20:20:32,9,44.33,0.00,11.34,0.00,0.00,4.12,0.00,0.00,0.00,40.21
20:20:32,10,45.65,0.00,10.87,0.00,0.00,2.17,0.00,0.00,0.00,41.30
20:20:32,11,45.74,0.00,12.77,0.00,0.00,3.19,0.00,0.00,0.00,38.30
20:20:33,all,41.70,0.00,15.87,0.00,0.00,4.75,0.00,0.00,0.00,37.67
20:20:33,0,42.22,0.00,21.11,0.00,0.00,5.56,0.00,0.00,0.00,31.11
20:20:33,1,41.30,0.00,21.74,0.00,0.00,6.52,0.00,0.00,0.00,30.43
20:20:33,2,38.89,0.00,22.22,0.00,0.00,5.56,0.00,0.00,0.00,33.33
20:20:33,3,42.22,0.00,20.00,0.00,0.00,4.44,0.00,0.00,0.00,33.33
20:20:33,4,41.30,0.00,20.65,0.00,0.00,5.43,0.00,0.00,0.00,32.61
20:20:33,5,40.21,0.00,11.34,0.00,0.00,5.15,0.00,0.00,0.00,43.30
20:20:33,6,41.05,0.00,12.63,0.00,0.00,3.16,0.00,0.00,0.00,43.16
20:20:33,7,42.71,0.00,12.50,0.00,0.00,4.17,0.00,0.00,0.00,40.62
20:20:33,8,40.00,0.00,11.58,0.00,0.00,4.21,0.00,0.00,0.00,44.21
20:20:33,9,43.62,0.00,13.83,0.00,0.00,4.26,0.00,0.00,0.00,38.30
20:20:33,10,44.57,0.00,11.96,0.00,0.00,4.35,0.00,0.00,0.00,39.13
20:20:33,11,42.39,0.00,11.96,0.00,0.00,4.35,0.00,0.00,0.00,41.30
20:20:34,all,40.77,0.00,15.25,0.00,0.00,4.73,0.00,0.00,0.00,39.25
20:20:34,0,40.66,0.00,19.78,0.00,0.00,5.49,0.00,0.00,0.00,34.07
20:20:34,1,40.45,0.00,19.10,0.00,0.00,4.49,0.00,0.00,0.00,35.96
20:20:34,2,39.56,0.00,19.78,0.00,0.00,7.69,0.00,0.00,0.00,32.97
20:20:34,3,40.66,0.00,18.68,0.00,0.00,5.49,0.00,0.00,0.00,35.16
20:20:34,4,35.16,0.00,23.08,0.00,0.00,6.59,0.00,0.00,0.00,35.16
20:20:34,5,38.54,0.00,10.42,0.00,0.00,3.12,0.00,0.00,0.00,47.92
20:20:34,6,40.62,0.00,12.50,0.00,0.00,3.12,0.00,0.00,0.00,43.75
20:20:34,7,39.13,0.00,11.96,0.00,0.00,3.26,0.00,0.00,0.00,45.65
20:20:34,8,43.43,0.00,12.12,0.00,0.00,5.05,0.00,0.00,0.00,39.39
20:20:34,9,41.05,0.00,13.68,0.00,0.00,4.21,0.00,0.00,0.00,41.05
20:20:34,10,42.71,0.00,12.50,0.00,0.00,5.21,0.00,0.00,0.00,39.58
20:20:34,11,46.81,0.00,10.64,0.00,0.00,3.19,0.00,0.00,0.00,39.36
20:20:35,all,41.28,0.00,14.84,0.00,0.00,4.41,0.00,0.00,0.00,39.48
20:20:35,0,38.20,0.00,22.47,0.00,0.00,4.49,0.00,0.00,0.00,34.83
20:20:35,1,39.77,0.00,21.59,0.00,0.00,5.68,0.00,0.00,0.00,32.95
20:20:35,2,37.36,0.00,24.18,0.00,0.00,5.49,0.00,0.00,0.00,32.97
20:20:35,3,38.20,0.00,21.35,0.00,0.00,5.62,0.00,0.00,0.00,34.83
20:20:35,4,41.76,0.00,17.58,0.00,0.00,4.40,0.00,0.00,0.00,36.26
20:20:35,5,41.49,0.00,9.57,0.00,0.00,4.26,0.00,0.00,0.00,44.68
20:20:35,6,42.27,0.00,10.31,0.00,0.00,4.12,0.00,0.00,0.00,43.30
20:20:35,7,42.27,0.00,11.34,0.00,0.00,4.12,0.00,0.00,0.00,42.27
20:20:35,8,37.89,0.00,12.63,0.00,0.00,4.21,0.00,0.00,0.00,45.26
20:20:35,9,45.83,0.00,10.42,0.00,0.00,4.17,0.00,0.00,0.00,39.58
20:20:35,10,45.16,0.00,9.68,0.00,0.00,3.23,0.00,0.00,0.00,41.94
20:20:35,11,44.57,0.00,8.70,0.00,0.00,3.26,0.00,0.00,0.00,43.48
20:20:36,all,41.40,0.00,15.32,0.00,0.00,4.57,0.00,0.00,0.00,38.71
20:20:36,0,40.00,0.00,20.00,0.00,0.00,5.56,0.00,0.00,0.00,34.44
20:20:36,1,40.91,0.00,21.59,0.00,0.00,4.55,0.00,0.00,0.00,32.95
20:20:36,2,38.20,0.00,21.35,0.00,0.00,6.74,0.00,0.00,0.00,33.71
20:20:36,3,40.00,0.00,21.11,0.00,0.00,4.44,0.00,0.00,0.00,34.44
20:20:36,4,40.22,0.00,20.65,0.00,0.00,6.52,0.00,0.00,0.00,32.61
20:20:36,5,39.36,0.00,13.83,0.00,0.00,2.13,0.00,0.00,0.00,44.68
20:20:36,6,41.24,0.00,11.34,0.00,0.00,4.12,0.00,0.00,0.00,43.30
20:20:36,7,41.30,0.00,9.78,0.00,0.00,4.35,0.00,0.00,0.00,44.57
20:20:36,8,40.21,0.00,11.34,0.00,0.00,5.15,0.00,0.00,0.00,43.30
20:20:36,9,42.42,0.00,13.13,0.00,0.00,5.05,0.00,0.00,0.00,39.39
20:20:36,10,45.26,0.00,11.58,0.00,0.00,3.16,0.00,0.00,0.00,40.00
20:20:36,11,47.31,0.00,9.68,0.00,0.00,3.23,0.00,0.00,0.00,39.78
20:20:37,all,41.59,0.00,15.30,0.00,0.00,4.74,0.00,0.00,0.00,38.37
20:20:37,0,39.56,0.00,20.88,0.00,0.00,6.59,0.00,0.00,0.00,32.97
20:20:37,1,41.30,0.00,20.65,0.00,0.00,6.52,0.00,0.00,0.00,31.52
20:20:37,2,39.33,0.00,21.35,0.00,0.00,5.62,0.00,0.00,0.00,33.71
20:20:37,3,38.89,0.00,22.22,0.00,0.00,5.56,0.00,0.00,0.00,33.33
20:20:37,4,40.66,0.00,20.88,0.00,0.00,5.49,0.00,0.00,0.00,32.97
20:20:37,5,38.14,0.00,12.37,0.00,0.00,4.12,0.00,0.00,0.00,45.36
20:20:37,6,42.71,0.00,10.42,0.00,0.00,4.17,0.00,0.00,0.00,42.71
20:20:37,7,40.62,0.00,12.50,0.00,0.00,4.17,0.00,0.00,0.00,42.71
20:20:37,8,41.49,0.00,10.64,0.00,0.00,4.26,0.00,0.00,0.00,43.62
20:20:37,9,45.26,0.00,10.53,0.00,0.00,4.21,0.00,0.00,0.00,40.00
20:20:37,10,46.24,0.00,10.75,0.00,0.00,3.23,0.00,0.00,0.00,39.78
20:20:37,11,44.68,0.00,11.70,0.00,0.00,3.19,0.00,0.00,0.00,40.43
20:20:38,all,42.90,0.00,15.54,0.00,0.00,4.71,0.00,0.00,0.00,36.86
20:20:38,0,40.00,0.00,23.33,0.00,0.00,5.56,0.00,0.00,0.00,31.11
20:20:38,1,42.86,0.00,20.88,0.00,0.00,5.49,0.00,0.00,0.00,30.77
20:20:38,2,43.01,0.00,20.43,0.00,0.00,5.38,0.00,0.00,0.00,31.18
20:20:38,3,41.94,0.00,19.35,0.00,0.00,6.45,0.00,0.00,0.00,32.26
20:20:38,4,40.45,0.00,19.10,0.00,0.00,5.62,0.00,0.00,0.00,34.83
20:20:38,5,44.21,0.00,10.53,0.00,0.00,3.16,0.00,0.00,0.00,42.11
20:20:38,6,41.24,0.00,13.40,0.00,0.00,4.12,0.00,0.00,0.00,41.24
20:20:38,7,43.75,0.00,13.54,0.00,0.00,4.17,0.00,0.00,0.00,38.54
20:20:38,8,41.67,0.00,11.46,0.00,0.00,4.17,0.00,0.00,0.00,42.71
20:20:38,9,44.21,0.00,12.63,0.00,0.00,4.21,0.00,0.00,0.00,38.95
20:20:38,10,44.33,0.00,11.34,0.00,0.00,4.12,0.00,0.00,0.00,40.21
20:20:38,11,46.81,0.00,11.70,0.00,0.00,4.26,0.00,0.00,0.00,37.23
20:20:39,all,41.76,0.00,16.13,0.00,0.00,4.84,0.00,0.00,0.00,37.28
20:20:39,0,41.11,0.00,21.11,0.00,0.00,5.56,0.00,0.00,0.00,32.22
20:20:39,1,42.86,0.00,20.88,0.00,0.00,6.59,0.00,0.00,0.00,29.67
20:20:39,2,38.46,0.00,23.08,0.00,0.00,6.59,0.00,0.00,0.00,31.87
20:20:39,3,40.66,0.00,19.78,0.00,0.00,6.59,0.00,0.00,0.00,32.97
20:20:39,4,40.22,0.00,21.74,0.00,0.00,6.52,0.00,0.00,0.00,31.52
20:20:39,5,39.18,0.00,13.40,0.00,0.00,5.15,0.00,0.00,0.00,42.27
20:20:39,6,39.78,0.00,11.83,0.00,0.00,4.30,0.00,0.00,0.00,44.09
20:20:39,7,42.71,0.00,12.50,0.00,0.00,4.17,0.00,0.00,0.00,40.62
20:20:39,8,40.86,0.00,13.98,0.00,0.00,3.23,0.00,0.00,0.00,41.94
20:20:39,9,43.88,0.00,12.24,0.00,0.00,4.08,0.00,0.00,0.00,39.80
20:20:39,10,46.15,0.00,9.89,0.00,0.00,2.20,0.00,0.00,0.00,41.76
20:20:39,11,45.16,0.00,13.98,0.00,0.00,3.23,0.00,0.00,0.00,37.63
20:20:40,all,40.00,0.00,15.64,0.00,0.00,5.07,0.00,0.00,0.00,39.29
20:20:40,0,40.22,0.00,21.74,0.00,0.00,4.35,0.00,0.00,0.00,33.70
20:20:40,1,39.78,0.00,21.51,0.00,0.00,6.45,0.00,0.00,0.00,32.26
20:20:40,2,35.96,0.00,21.35,0.00,0.00,7.87,0.00,0.00,0.00,34.83
20:20:40,3,39.78,0.00,20.43,0.00,0.00,6.45,0.00,0.00,0.00,33.33
20:20:40,4,39.78,0.00,21.51,0.00,0.00,4.30,0.00,0.00,0.00,34.41
20:20:40,5,36.84,0.00,12.63,0.00,0.00,5.26,0.00,0.00,0.00,45.26
20:20:40,6,38.78,0.00,13.27,0.00,0.00,4.08,0.00,0.00,0.00,43.88
20:20:40,7,40.43,0.00,11.70,0.00,0.00,5.32,0.00,0.00,0.00,42.55
20:20:40,8,40.21,0.00,10.31,0.00,0.00,4.12,0.00,0.00,0.00,45.36
20:20:40,9,42.11,0.00,11.58,0.00,0.00,5.26,0.00,0.00,0.00,41.05
20:20:40,10,43.16,0.00,10.53,0.00,0.00,3.16,0.00,0.00,0.00,43.16
20:20:40,11,42.86,0.00,12.09,0.00,0.00,4.40,0.00,0.00,0.00,40.66
20:20:41,all,40.77,0.00,15.41,0.00,0.00,4.66,0.00,0.00,0.00,39.16
20:20:41,0,40.91,0.00,19.32,0.00,0.00,4.55,0.00,0.00,0.00,35.23
20:20:41,1,41.57,0.00,20.22,0.00,0.00,5.62,0.00,0.00,0.00,32.58
20:20:41,2,36.26,0.00,20.88,0.00,0.00,6.59,0.00,0.00,0.00,36.26
20:20:41,3,39.13,0.00,19.57,0.00,0.00,6.52,0.00,0.00,0.00,34.78
20:20:41,4,37.36,0.00,21.98,0.00,0.00,6.59,0.00,0.00,0.00,34.07
20:20:41,5,39.58,0.00,12.50,0.00,0.00,4.17,0.00,0.00,0.00,43.75
20:20:41,6,41.49,0.00,11.70,0.00,0.00,4.26,0.00,0.00,0.00,42.55
20:20:41,7,44.33,0.00,11.34,0.00,0.00,4.12,0.00,0.00,0.00,40.21
20:20:41,8,36.46,0.00,13.54,0.00,0.00,4.17,0.00,0.00,0.00,45.83
20:20:41,9,43.30,0.00,12.37,0.00,0.00,4.12,0.00,0.00,0.00,40.21
20:20:41,10,45.16,0.00,10.75,0.00,0.00,2.15,0.00,0.00,0.00,41.94
20:20:41,11,43.48,0.00,11.96,0.00,0.00,3.26,0.00,0.00,0.00,41.30
20:20:42,all,40.90,0.00,15.78,0.00,0.00,4.39,0.00,0.00,0.00,38.92
20:20:42,0,38.89,0.00,22.22,0.00,0.00,4.44,0.00,0.00,0.00,34.44
20:20:42,1,38.46,0.00,23.08,0.00,0.00,5.49,0.00,0.00,0.00,32.97
20:20:42,2,38.64,0.00,21.59,0.00,0.00,4.55,0.00,0.00,0.00,35.23
20:20:42,3,40.23,0.00,19.54,0.00,0.00,5.75,0.00,0.00,0.00,34.48
20:20:42,4,39.56,0.00,18.68,0.00,0.00,6.59,0.00,0.00,0.00,35.16
20:20:42,5,39.18,0.00,13.40,0.00,0.00,4.12,0.00,0.00,0.00,43.30
20:20:42,6,40.62,0.00,14.58,0.00,0.00,3.12,0.00,0.00,0.00,41.67
20:20:42,7,41.05,0.00,13.68,0.00,0.00,4.21,0.00,0.00,0.00,41.05
20:20:42,8,39.78,0.00,10.75,0.00,0.00,3.23,0.00,0.00,0.00,46.24
20:20:42,9,41.84,0.00,13.27,0.00,0.00,5.10,0.00,0.00,0.00,39.80
20:20:42,10,45.26,0.00,9.47,0.00,0.00,3.16,0.00,0.00,0.00,42.11
20:20:42,11,46.81,0.00,10.64,0.00,0.00,3.19,0.00,0.00,0.00,39.36
20:20:43,all,40.95,0.00,14.54,0.00,0.00,4.91,0.00,0.00,0.00,39.61
20:20:43,0,40.43,0.00,20.21,0.00,0.00,6.38,0.00,0.00,0.00,32.98
20:20:43,1,38.64,0.00,20.45,0.00,0.00,6.82,0.00,0.00,0.00,34.09
20:20:43,2,36.96,0.00,22.83,0.00,0.00,6.52,0.00,0.00,0.00,33.70
20:20:43,3,41.76,0.00,19.78,0.00,0.00,5.49,0.00,0.00,0.00,32.97
20:20:43,4,40.45,0.00,20.22,0.00,0.00,4.49,0.00,0.00,0.00,34.83
20:20:43,5,36.84,0.00,10.53,0.00,0.00,4.21,0.00,0.00,0.00,48.42
20:20:43,6,42.11,0.00,8.42,0.00,0.00,5.26,0.00,0.00,0.00,44.21
20:20:43,7,42.11,0.00,11.58,0.00,0.00,3.16,0.00,0.00,0.00,43.16
20:20:43,8,41.41,0.00,11.11,0.00,0.00,4.04,0.00,0.00,0.00,43.43
20:20:43,9,41.05,0.00,12.63,0.00,0.00,3.16,0.00,0.00,0.00,43.16
20:20:43,10,44.21,0.00,9.47,0.00,0.00,4.21,0.00,0.00,0.00,42.11
20:20:43,11,45.16,0.00,8.60,0.00,0.00,5.38,0.00,0.00,0.00,40.86
20:20:44,all,41.08,0.00,15.96,0.00,0.00,4.48,0.00,0.00,0.00,38.48
20:20:44,0,41.76,0.00,20.88,0.00,0.00,5.49,0.00,0.00,0.00,31.87
20:20:44,1,40.45,0.00,21.35,0.00,0.00,5.62,0.00,0.00,0.00,32.58
20:20:44,2,38.71,0.00,22.58,0.00,0.00,6.45,0.00,0.00,0.00,32.26
20:20:44,3,40.45,0.00,22.47,0.00,0.00,4.49,0.00,0.00,0.00,32.58
20:20:44,4,40.00,0.00,21.05,0.00,0.00,7.37,0.00,0.00,0.00,31.58
20:20:44,5,38.30,0.00,12.77,0.00,0.00,3.19,0.00,0.00,0.00,45.74
20:20:44,6,41.05,0.00,12.63,0.00,0.00,3.16,0.00,0.00,0.00,43.16
20:20:44,7,42.27,0.00,11.34,0.00,0.00,4.12,0.00,0.00,0.00,42.27
20:20:44,8,39.58,0.00,13.54,0.00,0.00,4.17,0.00,0.00,0.00,42.71
20:20:44,9,42.86,0.00,12.09,0.00,0.00,4.40,0.00,0.00,0.00,40.66
20:20:44,10,43.01,0.00,10.75,0.00,0.00,3.23,0.00,0.00,0.00,43.01
20:20:44,11,44.57,0.00,10.87,0.00,0.00,2.17,0.00,0.00,0.00,42.39
20:20:45,all,40.39,0.00,15.30,0.09,0.00,4.80,0.00,0.00,0.00,39.41
20:20:45,0,42.39,0.00,19.57,0.00,0.00,4.35,0.00,0.00,0.00,33.70
20:20:45,1,37.50,0.00,21.59,0.00,0.00,6.82,0.00,0.00,0.00,34.09
20:20:45,2,34.07,0.00,24.18,0.00,0.00,6.59,0.00,0.00,0.00,35.16
20:20:45,3,36.56,0.00,23.66,0.00,0.00,5.38,0.00,0.00,0.00,34.41
20:20:45,4,38.46,0.00,20.88,0.00,0.00,5.49,0.00,0.00,0.00,35.16
20:20:45,5,39.18,0.00,12.37,0.00,0.00,4.12,0.00,0.00,0.00,44.33
20:20:45,6,41.05,0.00,10.53,0.00,0.00,5.26,0.00,0.00,0.00,43.16
20:20:45,7,42.11,0.00,11.58,0.00,0.00,3.16,0.00,0.00,0.00,43.16
20:20:45,8,38.54,0.00,11.46,0.00,0.00,5.21,0.00,0.00,0.00,44.79
20:20:45,9,43.75,0.00,10.42,0.00,0.00,4.17,0.00,0.00,0.00,41.67
20:20:45,10,45.26,0.00,9.47,0.00,0.00,4.21,0.00,0.00,0.00,41.05
20:20:45,11,45.26,0.00,9.47,1.05,0.00,3.16,0.00,0.00,0.00,41.05
20:20:46,all,41.26,0.00,15.62,0.00,0.00,4.70,0.00,0.00,0.00,38.42
20:20:46,0,40.66,0.00,20.88,0.00,0.00,5.49,0.00,0.00,0.00,32.97
20:20:46,1,41.05,0.00,20.00,0.00,0.00,7.37,0.00,0.00,0.00,31.58
20:20:46,2,39.33,0.00,21.35,0.00,0.00,5.62,0.00,0.00,0.00,33.71
20:20:46,3,38.71,0.00,21.51,0.00,0.00,6.45,0.00,0.00,0.00,33.33
20:20:46,4,40.66,0.00,19.78,0.00,0.00,5.49,0.00,0.00,0.00,34.07
20:20:46,5,42.27,0.00,10.31,0.00,0.00,4.12,0.00,0.00,0.00,43.30
20:20:46,6,39.36,0.00,11.70,0.00,0.00,4.26,0.00,0.00,0.00,44.68
20:20:46,7,39.58,0.00,13.54,0.00,0.00,4.17,0.00,0.00,0.00,42.71
20:20:46,8,39.58,0.00,12.50,0.00,0.00,4.17,0.00,0.00,0.00,43.75
20:20:46,9,43.30,0.00,11.34,0.00,0.00,4.12,0.00,0.00,0.00,41.24
20:20:46,10,46.32,0.00,10.53,0.00,0.00,3.16,0.00,0.00,0.00,40.00
20:20:46,11,44.09,0.00,15.05,0.00,0.00,2.15,0.00,0.00,0.00,38.71
20:20:47,all,41.80,0.00,15.24,0.00,0.00,4.37,0.00,0.00,0.00,38.59
20:20:47,0,42.39,0.00,20.65,0.00,0.00,4.35,0.00,0.00,0.00,32.61
20:20:47,1,43.01,0.00,22.58,0.00,0.00,5.38,0.00,0.00,0.00,29.03
20:20:47,2,38.20,0.00,21.35,0.00,0.00,5.62,0.00,0.00,0.00,34.83
20:20:47,3,38.20,0.00,21.35,0.00,0.00,4.49,0.00,0.00,0.00,35.96
20:20:47,4,40.22,0.00,18.48,0.00,0.00,6.52,0.00,0.00,0.00,34.78
20:20:47,5,40.62,0.00,11.46,0.00,0.00,4.17,0.00,0.00,0.00,43.75
20:20:47,6,42.71,0.00,12.50,0.00,0.00,4.17,0.00,0.00,0.00,40.62
20:20:47,7,43.16,0.00,11.58,0.00,0.00,3.16,0.00,0.00,0.00,42.11
20:20:47,8,41.67,0.00,11.46,0.00,0.00,2.08,0.00,0.00,0.00,44.79
20:20:47,9,41.67,0.00,12.50,0.00,0.00,4.17,0.00,0.00,0.00,41.67
20:20:47,10,45.74,0.00,9.57,0.00,0.00,3.19,0.00,0.00,0.00,41.49
20:20:47,11,43.62,0.00,10.64,0.00,0.00,5.32,0.00,0.00,0.00,40.43
20:20:48,all,59.48,0.00,18.09,0.00,0.00,4.96,0.00,0.00,0.00,17.48
20:20:48,0,53.68,0.00,22.11,0.00,0.00,7.37,0.00,0.00,0.00,16.84
20:20:48,1,58.95,0.00,23.16,0.00,0.00,5.26,0.00,0.00,0.00,12.63
20:20:48,2,59.79,0.00,21.65,0.00,0.00,6.19,0.00,0.00,0.00,12.37
20:20:48,3,51.04,0.00,23.96,0.00,0.00,7.29,0.00,0.00,0.00,17.71
20:20:48,4,53.68,0.00,24.21,0.00,0.00,9.47,0.00,0.00,0.00,12.63
20:20:48,5,67.01,0.00,15.46,0.00,0.00,4.12,0.00,0.00,0.00,13.40
20:20:48,6,61.86,0.00,13.40,0.00,0.00,3.09,0.00,0.00,0.00,21.65
20:20:48,7,60.82,0.00,15.46,0.00,0.00,5.15,0.00,0.00,0.00,18.56
20:20:48,8,60.42,0.00,15.62,0.00,0.00,4.17,0.00,0.00,0.00,19.79
20:20:48,9,60.64,0.00,13.83,0.00,0.00,2.13,0.00,0.00,0.00,23.40
20:20:48,10,62.50,0.00,15.62,0.00,0.00,2.08,0.00,0.00,0.00,19.79
20:20:48,11,63.16,0.00,12.63,0.00,0.00,3.16,0.00,0.00,0.00,21.05
20:20:49,all,54.35,0.00,17.21,0.00,0.00,5.27,0.00,0.00,0.00,23.18
20:20:49,0,54.84,0.00,20.43,0.00,0.00,6.45,0.00,0.00,0.00,18.28
20:20:49,1,51.06,0.00,21.28,0.00,0.00,8.51,0.00,0.00,0.00,19.15
20:20:49,2,50.54,0.00,22.58,0.00,0.00,7.53,0.00,0.00,0.00,19.35
20:20:49,3,54.74,0.00,21.05,0.00,0.00,6.32,0.00,0.00,0.00,17.89
20:20:49,4,52.17,0.00,21.74,0.00,0.00,6.52,0.00,0.00,0.00,19.57
20:20:49,5,57.14,0.00,15.31,0.00,0.00,5.10,0.00,0.00,0.00,22.45
20:20:49,6,54.74,0.00,14.74,0.00,0.00,4.21,0.00,0.00,0.00,26.32
20:20:49,7,54.17,0.00,15.62,0.00,0.00,4.17,0.00,0.00,0.00,26.04
20:20:49,8,52.08,0.00,14.58,0.00,0.00,4.17,0.00,0.00,0.00,29.17
20:20:49,9,57.73,0.00,13.40,0.00,0.00,3.09,0.00,0.00,0.00,25.77
20:20:49,10,58.76,0.00,12.37,0.00,0.00,3.09,0.00,0.00,0.00,25.77
20:20:49,11,53.76,0.00,13.98,0.00,0.00,4.30,0.00,0.00,0.00,27.96
20:20:50,all,40.63,0.00,15.59,0.00,0.00,4.23,0.00,0.00,0.00,39.55
20:20:50,0,40.66,0.00,19.78,0.00,0.00,5.49,0.00,0.00,0.00,34.07
20:20:50,1,40.66,0.00,21.98,0.00,0.00,4.40,0.00,0.00,0.00,32.97
20:20:50,2,40.22,0.00,21.74,0.00,0.00,4.35,0.00,0.00,0.00,33.70
20:20:50,3,41.11,0.00,18.89,0.00,0.00,5.56,0.00,0.00,0.00,34.44
20:20:50,4,38.71,0.00,22.58,0.00,0.00,4.30,0.00,0.00,0.00,34.41
20:20:50,5,38.30,0.00,11.70,0.00,0.00,4.26,0.00,0.00,0.00,45.74
20:20:50,6,39.36,0.00,11.70,0.00,0.00,4.26,0.00,0.00,0.00,44.68
20:20:50,7,42.39,0.00,11.96,0.00,0.00,3.26,0.00,0.00,0.00,42.39
20:20:50,8,38.95,0.00,11.58,0.00,0.00,4.21,0.00,0.00,0.00,45.26
20:20:50,9,38.95,0.00,13.68,0.00,0.00,4.21,0.00,0.00,0.00,43.16
20:20:50,10,43.96,0.00,10.99,0.00,0.00,3.30,0.00,0.00,0.00,41.76
20:20:50,11,44.57,0.00,10.87,0.00,0.00,3.26,0.00,0.00,0.00,41.30
20:20:51,all,41.11,0.00,15.08,0.00,0.00,4.76,0.00,0.00,0.00,39.05
20:20:51,0,38.64,0.00,20.45,0.00,0.00,6.82,0.00,0.00,0.00,34.09
20:20:51,1,39.33,0.00,20.22,0.00,0.00,6.74,0.00,0.00,0.00,33.71
20:20:51,2,40.66,0.00,20.88,0.00,0.00,5.49,0.00,0.00,0.00,32.97
20:20:51,3,37.93,0.00,21.84,0.00,0.00,4.60,0.00,0.00,0.00,35.63
20:20:51,4,38.20,0.00,20.22,0.00,0.00,6.74,0.00,0.00,0.00,34.83
20:20:51,5,41.05,0.00,11.58,0.00,0.00,3.16,0.00,0.00,0.00,44.21
20:20:51,6,40.62,0.00,10.42,0.00,0.00,5.21,0.00,0.00,0.00,43.75
20:20:51,7,40.62,0.00,13.54,0.00,0.00,4.17,0.00,0.00,0.00,41.67
20:20:51,8,40.82,0.00,12.24,0.00,0.00,4.08,0.00,0.00,0.00,42.86
20:20:51,9,44.21,0.00,9.47,0.00,0.00,4.21,0.00,0.00,0.00,42.11
20:20:51,10,44.79,0.00,10.42,0.00,0.00,4.17,0.00,0.00,0.00,40.62
20:20:51,11,45.74,0.00,11.70,0.00,0.00,2.13,0.00,0.00,0.00,40.43
20:20:52,all,41.04,0.00,15.57,0.00,0.00,4.59,0.00,0.00,0.00,38.79
20:20:52,0,41.30,0.00,20.65,0.00,0.00,5.43,0.00,0.00,0.00,32.61
20:20:52,1,37.63,0.00,22.58,0.00,0.00,6.45,0.00,0.00,0.00,33.33
20:20:52,2,38.46,0.00,20.88,0.00,0.00,7.69,0.00,0.00,0.00,32.97
20:20:52,3,40.45,0.00,22.47,0.00,0.00,4.49,0.00,0.00,0.00,32.58
20:20:52,4,38.89,0.00,21.11,0.00,0.00,4.44,0.00,0.00,0.00,35.56
20:20:52,5,38.95,0.00,12.63,0.00,0.00,4.21,0.00,0.00,0.00,44.21
20:20:52,6,43.75,0.00,11.46,0.00,0.00,4.17,0.00,0.00,0.00,40.62
20:20:52,7,41.67,0.00,11.46,0.00,0.00,4.17,0.00,0.00,0.00,42.71
20:20:52,8,41.05,0.00,11.58,0.00,0.00,3.16,0.00,0.00,0.00,44.21
20:20:52,9,43.62,0.00,11.70,0.00,0.00,3.19,0.00,0.00,0.00,41.49
20:20:52,10,43.33,0.00,11.11,0.00,0.00,3.33,0.00,0.00,0.00,42.22
20:20:52,11,43.33,0.00,10.00,0.00,0.00,4.44,0.00,0.00,0.00,42.22
20:20:53,all,41.33,0.00,15.09,0.00,0.00,4.76,0.00,0.00,0.00,38.81
20:20:53,0,37.93,0.00,20.69,0.00,0.00,6.90,0.00,0.00,0.00,34.48
20:20:53,1,40.45,0.00,19.10,0.00,0.00,5.62,0.00,0.00,0.00,34.83
20:20:53,2,38.89,0.00,22.22,0.00,0.00,5.56,0.00,0.00,0.00,33.33
20:20:53,3,38.89,0.00,20.00,0.00,0.00,5.56,0.00,0.00,0.00,35.56
20:20:53,4,39.56,0.00,21.98,0.00,0.00,6.59,0.00,0.00,0.00,31.87
20:20:53,5,41.05,0.00,12.63,0.00,0.00,2.11,0.00,0.00,0.00,44.21
20:20:53,6,41.24,0.00,11.34,0.00,0.00,5.15,0.00,0.00,0.00,42.27
20:20:53,7,41.49,0.00,9.57,0.00,0.00,4.26,0.00,0.00,0.00,44.68
20:20:53,8,43.16,0.00,10.53,0.00,0.00,3.16,0.00,0.00,0.00,43.16
20:20:53,9,43.16,0.00,11.58,0.00,0.00,4.21,0.00,0.00,0.00,41.05
20:20:53,10,44.21,0.00,11.58,0.00,0.00,4.21,0.00,0.00,0.00,40.00
20:20:53,11,45.26,0.00,11.58,0.00,0.00,4.21,0.00,0.00,0.00,38.95
20:20:54,all,52.57,0.00,16.74,0.00,0.00,4.88,0.00,0.00,0.00,25.81
20:20:54,0,52.63,0.00,18.95,0.00,0.00,5.26,0.00,0.00,0.00,23.16
20:20:54,1,51.61,0.00,21.51,0.00,0.00,7.53,0.00,0.00,0.00,19.35
20:20:54,2,46.88,0.00,23.96,0.00,0.00,7.29,0.00,0.00,0.00,21.88
20:20:54,3,53.76,0.00,20.43,0.00,0.00,5.38,0.00,0.00,0.00,20.43
20:20:54,4,52.75,0.00,20.88,0.00,0.00,5.49,0.00,0.00,0.00,20.88
20:20:54,5,49.00,0.00,17.00,0.00,0.00,5.00,0.00,0.00,0.00,29.00
20:20:54,6,54.64,0.00,13.40,0.00,0.00,2.06,0.00,0.00,0.00,29.90
20:20:54,7,55.10,0.00,13.27,0.00,0.00,4.08,0.00,0.00,0.00,27.55
20:20:54,8,47.42,0.00,13.40,0.00,0.00,5.15,0.00,0.00,0.00,34.02
20:20:54,9,55.21,0.00,14.58,0.00,0.00,4.17,0.00,0.00,0.00,26.04
20:20:54,10,59.57,0.00,10.64,0.00,0.00,3.19,0.00,0.00,0.00,26.60
20:20:54,11,52.58,0.00,13.40,0.00,0.00,4.12,0.00,0.00,0.00,29.90
20:20:55,all,69.52,0.00,17.83,0.00,0.00,5.52,0.00,0.00,0.00,7.13
20:20:55,0,62.63,0.00,23.23,0.00,0.00,7.07,0.00,0.00,0.00,7.07
20:20:55,1,65.66,0.00,24.24,0.00,0.00,6.06,0.00,0.00,0.00,4.04
20:20:55,2,66.33,0.00,19.39,0.00,0.00,7.14,0.00,0.00,0.00,7.14
20:20:55,3,58.33,0.00,23.96,0.00,0.00,10.42,0.00,0.00,0.00,7.29
20:20:55,4,61.00,0.00,24.00,0.00,0.00,10.00,0.00,0.00,0.00,5.00
20:20:55,5,76.53,0.00,14.29,0.00,0.00,3.06,0.00,0.00,0.00,6.12
20:20:55,6,72.45,0.00,13.27,0.00,0.00,4.08,0.00,0.00,0.00,10.20
20:20:55,7,69.39,0.00,18.37,0.00,0.00,6.12,0.00,0.00,0.00,6.12
20:20:55,8,72.16,0.00,12.37,0.00,0.00,4.12,0.00,0.00,0.00,11.34
20:20:55,9,74.23,0.00,14.43,0.00,0.00,3.09,0.00,0.00,0.00,8.25
20:20:55,10,76.77,0.00,14.14,0.00,0.00,2.02,0.00,0.00,0.00,7.07
20:20:55,11,78.79,0.00,12.12,0.00,0.00,3.03,0.00,0.00,0.00,6.06
20:20:56,all,52.44,0.00,17.02,0.09,0.00,5.06,0.00,0.00,0.00,25.39
20:20:56,0,50.52,0.00,21.65,0.00,0.00,6.19,0.00,0.00,0.00,21.65
20:20:56,1,55.91,0.00,17.20,0.00,0.00,6.45,0.00,0.00,0.00,20.43
20:20:56,2,50.54,0.00,22.58,0.00,0.00,5.38,0.00,0.00,0.00,21.51
20:20:56,3,47.42,0.00,23.71,0.00,0.00,9.28,0.00,0.00,0.00,19.59
20:20:56,4,48.94,0.00,21.28,0.00,0.00,8.51,0.00,0.00,0.00,21.28
20:20:56,5,52.58,0.00,14.43,0.00,0.00,3.09,0.00,0.00,0.00,29.90
20:20:56,6,48.96,0.00,12.50,0.00,0.00,5.21,0.00,0.00,0.00,33.33
20:20:56,7,53.06,0.00,15.31,0.00,0.00,4.08,0.00,0.00,0.00,27.55
20:20:56,8,53.12,0.00,14.58,0.00,0.00,3.12,0.00,0.00,0.00,29.17
20:20:56,9,54.17,0.00,13.54,1.04,0.00,3.12,0.00,0.00,0.00,28.12
20:20:56,10,54.74,0.00,12.63,0.00,0.00,4.21,0.00,0.00,0.00,28.42
20:20:56,11,59.57,0.00,14.89,0.00,0.00,2.13,0.00,0.00,0.00,23.40
20:20:57,all,40.67,0.00,15.96,0.00,0.00,4.60,0.00,0.00,0.00,38.77
20:20:57,0,41.57,0.00,19.10,0.00,0.00,5.62,0.00,0.00,0.00,33.71
20:20:57,1,41.57,0.00,21.35,0.00,0.00,4.49,0.00,0.00,0.00,32.58
20:20:57,2,38.46,0.00,23.08,0.00,0.00,5.49,0.00,0.00,0.00,32.97
20:20:57,3,41.76,0.00,20.88,0.00,0.00,5.49,0.00,0.00,0.00,31.87
20:20:57,4,38.04,0.00,23.91,0.00,0.00,5.43,0.00,0.00,0.00,32.61
20:20:57,5,38.54,0.00,11.46,0.00,0.00,4.17,0.00,0.00,0.00,45.83
20:20:57,6,41.49,0.00,9.57,0.00,0.00,5.32,0.00,0.00,0.00,43.62
20:20:57,7,40.86,0.00,11.83,0.00,0.00,4.30,0.00,0.00,0.00,43.01
20:20:57,8,37.23,0.00,13.83,0.00,0.00,4.26,0.00,0.00,0.00,44.68
20:20:57,9,43.01,0.00,12.90,0.00,0.00,4.30,0.00,0.00,0.00,39.78
20:20:57,10,44.21,0.00,11.58,0.00,0.00,3.16,0.00,0.00,0.00,41.05
20:20:57,11,41.30,0.00,13.04,0.00,0.00,3.26,0.00,0.00,0.00,42.39
20:20:58,all,42.46,0.00,15.35,0.00,0.00,4.67,0.00,0.00,0.00,37.52
20:20:58,0,41.30,0.00,21.74,0.00,0.00,4.35,0.00,0.00,0.00,32.61
20:20:58,1,40.23,0.00,20.69,0.00,0.00,6.90,0.00,0.00,0.00,32.18
20:20:58,2,41.57,0.00,17.98,0.00,0.00,6.74,0.00,0.00,0.00,33.71
20:20:58,3,45.05,0.00,18.68,0.00,0.00,5.49,0.00,0.00,0.00,30.77
20:20:58,4,41.57,0.00,20.22,0.00,0.00,4.49,0.00,0.00,0.00,33.71
20:20:58,5,40.43,0.00,12.77,0.00,0.00,3.19,0.00,0.00,0.00,43.62
20:20:58,6,42.11,0.00,12.63,0.00,0.00,3.16,0.00,0.00,0.00,42.11
20:20:58,7,42.71,0.00,11.46,0.00,0.00,4.17,0.00,0.00,0.00,41.67
20:20:58,8,41.24,0.00,11.34,0.00,0.00,4.12,0.00,0.00,0.00,43.30
20:20:58,9,42.71,0.00,14.58,0.00,0.00,4.17,0.00,0.00,0.00,38.54
20:20:58,10,43.62,0.00,12.77,0.00,0.00,5.32,0.00,0.00,0.00,38.30
20:20:58,11,46.81,0.00,10.64,0.00,0.00,4.26,0.00,0.00,0.00,38.30
20:20:59,all,42.59,0.00,16.70,0.00,0.00,4.91,0.00,0.00,0.00,35.80
20:20:59,0,42.22,0.00,21.11,0.00,0.00,5.56,0.00,0.00,0.00,31.11
20:20:59,1,43.01,0.00,21.51,0.00,0.00,6.45,0.00,0.00,0.00,29.03
20:20:59,2,39.56,0.00,20.88,0.00,0.00,6.59,0.00,0.00,0.00,32.97
20:20:59,3,40.22,0.00,23.91,0.00,0.00,6.52,0.00,0.00,0.00,29.35
20:20:59,4,38.04,0.00,22.83,0.00,0.00,7.61,0.00,0.00,0.00,31.52
20:20:59,5,44.09,0.00,15.05,0.00,0.00,3.23,0.00,0.00,0.00,37.63
20:20:59,6,43.75,0.00,14.58,0.00,0.00,4.17,0.00,0.00,0.00,37.50
20:20:59,7,42.27,0.00,15.46,0.00,0.00,4.12,0.00,0.00,0.00,38.14
20:20:59,8,41.49,0.00,9.57,0.00,0.00,4.26,0.00,0.00,0.00,44.68
20:20:59,9,43.30,0.00,13.40,0.00,0.00,4.12,0.00,0.00,0.00,39.18
20:20:59,10,47.87,0.00,10.64,0.00,0.00,3.19,0.00,0.00,0.00,38.30
20:20:59,11,45.05,0.00,12.09,0.00,0.00,3.30,0.00,0.00,0.00,39.56
20:21:00,all,40.76,0.00,15.33,0.00,0.00,4.69,0.00,0.00,0.00,39.22
20:21:00,0,40.86,0.00,21.51,0.00,0.00,5.38,0.00,0.00,0.00,32.26
20:21:00,1,42.70,0.00,20.22,0.00,0.00,5.62,0.00,0.00,0.00,31.46
20:21:00,2,37.08,0.00,21.35,0.00,0.00,5.62,0.00,0.00,0.00,35.96
20:21:00,3,41.49,0.00,21.28,0.00,0.00,5.32,0.00,0.00,0.00,31.91
20:21:00,4,37.08,0.00,22.47,0.00,0.00,4.49,0.00,0.00,0.00,35.96
20:21:00,5,36.46,0.00,12.50,0.00,0.00,5.21,0.00,0.00,0.00,45.83
20:21:00,6,40.00,0.00,11.58,0.00,0.00,5.26,0.00,0.00,0.00,43.16
20:21:00,7,43.01,0.00,10.75,0.00,0.00,4.30,0.00,0.00,0.00,41.94
20:21:00,8,40.00,0.00,11.58,0.00,0.00,4.21,0.00,0.00,0.00,44.21
20:21:00,9,43.01,0.00,10.75,0.00,0.00,4.30,0.00,0.00,0.00,41.94
20:21:00,10,43.48,0.00,10.87,0.00,0.00,3.26,0.00,0.00,0.00,42.39
20:21:00,11,43.96,0.00,9.89,0.00,0.00,3.30,0.00,0.00,0.00,42.86
20:21:01,all,41.32,0.00,15.23,0.09,0.00,4.90,0.00,0.00,0.00,38.47
20:21:01,0,40.22,0.00,21.74,0.00,0.00,5.43,0.00,0.00,0.00,32.61
20:21:01,1,42.22,0.00,17.78,0.00,0.00,6.67,0.00,0.00,0.00,33.33
20:21:01,2,40.00,0.00,21.11,0.00,0.00,6.67,0.00,0.00,0.00,32.22
20:21:01,3,36.26,0.00,21.98,0.00,0.00,6.59,0.00,0.00,0.00,35.16
20:21:01,4,37.23,0.00,23.40,0.00,0.00,6.38,0.00,0.00,0.00,32.98
20:21:01,5,40.00,0.00,10.53,0.00,0.00,4.21,0.00,0.00,0.00,45.26
20:21:01,6,44.90,0.00,10.20,0.00,0.00,3.06,0.00,0.00,0.00,41.84
20:21:01,7,41.05,0.00,10.53,0.00,0.00,5.26,0.00,0.00,0.00,43.16
20:21:01,8,41.67,0.00,11.46,0.00,0.00,4.17,0.00,0.00,0.00,42.71
20:21:01,9,42.39,0.00,11.96,0.00,0.00,4.35,0.00,0.00,0.00,41.30
20:21:01,10,43.16,0.00,12.63,1.05,0.00,3.16,0.00,0.00,0.00,40.00
20:21:01,11,46.32,0.00,10.53,0.00,0.00,3.16,0.00,0.00,0.00,40.00
20:21:02,all,40.82,0.00,15.40,0.00,0.00,4.48,0.00,0.00,0.00,39.30
20:21:02,0,41.49,0.00,20.21,0.00,0.00,5.32,0.00,0.00,0.00,32.98
20:21:02,1,40.00,0.00,21.11,0.00,0.00,5.56,0.00,0.00,0.00,33.33
20:21:02,2,36.67,0.00,21.11,0.00,0.00,6.67,0.00,0.00,0.00,35.56
20:21:02,3,40.00,0.00,20.00,0.00,0.00,5.56,0.00,0.00,0.00,34.44
20:21:02,4,37.78,0.00,21.11,0.00,0.00,6.67,0.00,0.00,0.00,34.44
20:21:02,5,39.58,0.00,13.54,0.00,0.00,3.12,0.00,0.00,0.00,43.75
20:21:02,6,40.21,0.00,13.40,0.00,0.00,3.09,0.00,0.00,0.00,43.30
20:21:02,7,41.05,0.00,12.63,0.00,0.00,3.16,0.00,0.00,0.00,43.16
20:21:02,8,41.49,0.00,10.64,0.00,0.00,3.19,0.00,0.00,0.00,44.68
20:21:02,9,42.11,0.00,10.53,0.00,0.00,4.21,0.00,0.00,0.00,43.16
20:21:02,10,45.56,0.00,8.89,0.00,0.00,3.33,0.00,0.00,0.00,42.22
20:21:02,11,43.75,0.00,12.50,0.00,0.00,4.17,0.00,0.00,0.00,39.58
20:21:03,all,41.00,0.00,15.49,0.00,0.00,4.66,0.00,0.00,0.00,38.85
20:21:03,0,43.48,0.00,20.65,0.00,0.00,4.35,0.00,0.00,0.00,31.52
20:21:03,1,40.45,0.00,20.22,0.00,0.00,5.62,0.00,0.00,0.00,33.71
20:21:03,2,38.46,0.00,19.78,0.00,0.00,6.59,0.00,0.00,0.00,35.16
20:21:03,3,41.94,0.00,21.51,0.00,0.00,4.30,0.00,0.00,0.00,32.26
20:21:03,4,38.46,0.00,23.08,0.00,0.00,5.49,0.00,0.00,0.00,32.97
20:21:03,5,37.89,0.00,11.58,0.00,0.00,4.21,0.00,0.00,0.00,46.32
20:21:03,6,38.95,0.00,12.63,0.00,0.00,5.26,0.00,0.00,0.00,43.16
20:21:03,7,45.26,0.00,10.53,0.00,0.00,3.16,0.00,0.00,0.00,41.05
20:21:03,8,37.23,0.00,12.77,0.00,0.00,4.26,0.00,0.00,0.00,45.74
20:21:03,9,42.55,0.00,11.70,0.00,0.00,4.26,0.00,0.00,0.00,41.49
20:21:03,10,43.01,0.00,11.83,0.00,0.00,4.30,0.00,0.00,0.00,40.86
20:21:03,11,44.21,0.00,10.53,0.00,0.00,4.21,0.00,0.00,0.00,41.05
20:21:04,all,41.14,0.00,15.32,0.00,0.00,5.08,0.00,0.00,0.00,38.47
20:21:04,0,39.33,0.00,20.22,0.00,0.00,6.74,0.00,0.00,0.00,33.71
20:21:04,1,44.09,0.00,20.43,0.00,0.00,5.38,0.00,0.00,0.00,30.11
20:21:04,2,35.56,0.00,22.22,0.00,0.00,6.67,0.00,0.00,0.00,35.56
20:21:04,3,37.78,0.00,22.22,0.00,0.00,6.67,0.00,0.00,0.00,33.33
20:21:04,4,39.33,0.00,19.10,0.00,0.00,6.74,0.00,0.00,0.00,34.83
20:21:04,5,40.59,0.00,11.88,0.00,0.00,4.95,0.00,0.00,0.00,42.57
20:21:04,6,41.67,0.00,10.42,0.00,0.00,4.17,0.00,0.00,0.00,43.75
20:21:04,7,41.24,0.00,13.40,0.00,0.00,4.12,0.00,0.00,0.00,41.24
20:21:04,8,37.50,0.00,12.50,0.00,0.00,5.21,0.00,0.00,0.00,44.79
20:21:04,9,43.16,0.00,12.63,0.00,0.00,4.21,0.00,0.00,0.00,40.00
20:21:04,10,44.57,0.00,10.87,0.00,0.00,3.26,0.00,0.00,0.00,41.30
20:21:04,11,48.42,0.00,9.47,0.00,0.00,3.16,0.00,0.00,0.00,38.95
20:21:05,all,40.66,0.00,15.28,0.00,0.00,4.83,0.00,0.00,0.00,39.23
20:21:05,0,41.30,0.00,21.74,0.00,0.00,4.35,0.00,0.00,0.00,32.61
20:21:05,1,40.86,0.00,20.43,0.00,0.00,6.45,0.00,0.00,0.00,32.26
20:21:05,2,39.56,0.00,20.88,0.00,0.00,5.49,0.00,0.00,0.00,34.07
20:21:05,3,39.78,0.00,21.51,0.00,0.00,7.53,0.00,0.00,0.00,31.18
20:21:05,4,38.89,0.00,20.00,0.00,0.00,4.44,0.00,0.00,0.00,36.67
20:21:05,5,37.76,0.00,11.22,0.00,0.00,4.08,0.00,0.00,0.00,46.94
20:21:05,6,41.49,0.00,10.64,0.00,0.00,4.26,0.00,0.00,0.00,43.62
20:21:05,7,40.00,0.00,12.63,0.00,0.00,4.21,0.00,0.00,0.00,43.16
20:21:05,8,40.43,0.00,10.64,0.00,0.00,5.32,0.00,0.00,0.00,43.62
20:21:05,9,41.05,0.00,12.63,0.00,0.00,5.26,0.00,0.00,0.00,41.05
20:21:05,10,43.62,0.00,10.64,0.00,0.00,3.19,0.00,0.00,0.00,42.55
20:21:05,11,43.33,0.00,11.11,0.00,0.00,3.33,0.00,0.00,0.00,42.22
20:21:06,all,41.49,0.00,15.86,0.00,0.00,4.66,0.00,0.00,0.00,37.99
20:21:06,0,40.22,0.00,21.74,0.00,0.00,6.52,0.00,0.00,0.00,31.52
20:21:06,1,39.56,0.00,21.98,0.00,0.00,6.59,0.00,0.00,0.00,31.87
20:21:06,2,40.22,0.00,21.74,0.00,0.00,5.43,0.00,0.00,0.00,32.61
20:21:06,3,39.56,0.00,23.08,0.00,0.00,5.49,0.00,0.00,0.00,31.87
20:21:06,4,43.48,0.00,19.57,0.00,0.00,5.43,0.00,0.00,0.00,31.52
20:21:06,5,38.71,0.00,10.75,0.00,0.00,4.30,0.00,0.00,0.00,46.24
20:21:06,6,40.62,0.00,12.50,0.00,0.00,4.17,0.00,0.00,0.00,42.71
20:21:06,7,41.05,0.00,13.68,0.00,0.00,4.21,0.00,0.00,0.00,41.05
20:21:06,8,38.54,0.00,12.50,0.00,0.00,4.17,0.00,0.00,0.00,44.79
20:21:06,9,44.68,0.00,13.83,0.00,0.00,3.19,0.00,0.00,0.00,38.30
20:21:06,10,45.65,0.00,9.78,0.00,0.00,3.26,0.00,0.00,0.00,41.30
20:21:06,11,45.65,0.00,9.78,0.00,0.00,3.26,0.00,0.00,0.00,41.30
20:21:07,all,41.59,0.00,15.49,0.36,0.00,4.99,0.00,0.00,0.00,37.58
20:21:07,0,40.86,0.00,21.51,0.00,0.00,6.45,0.00,0.00,0.00,31.18
20:21:07,1,42.55,0.00,22.34,0.00,0.00,5.32,0.00,0.00,0.00,29.79
20:21:07,2,37.23,0.00,21.28,0.00,0.00,6.38,0.00,0.00,0.00,35.11
20:21:07,3,41.30,0.00,21.74,0.00,0.00,5.43,0.00,0.00,0.00,31.52
20:21:07,4,41.76,0.00,19.78,0.00,0.00,4.40,0.00,0.00,0.00,34.07
20:21:07,5,40.43,0.00,13.83,0.00,0.00,4.26,0.00,0.00,0.00,41.49
20:21:07,6,42.11,0.00,11.58,0.00,0.00,4.21,0.00,0.00,0.00,42.11
20:21:07,7,45.92,0.00,12.24,0.00,0.00,4.08,0.00,0.00,0.00,37.76
20:21:07,8,38.14,0.00,12.37,0.00,0.00,4.12,0.00,0.00,0.00,45.36
20:21:07,9,40.86,0.00,10.75,0.00,0.00,5.38,0.00,0.00,0.00,43.01
20:21:07,10,45.65,0.00,7.61,4.35,0.00,3.26,0.00,0.00,0.00,39.13
20:21:07,11,42.22,0.00,11.11,0.00,0.00,6.67,0.00,0.00,0.00,40.00
20:21:08,all,40.81,0.00,15.41,0.00,0.00,5.05,0.00,0.00,0.00,38.74
20:21:08,0,40.00,0.00,22.22,0.00,0.00,6.67,0.00,0.00,0.00,31.11
20:21:08,1,40.23,0.00,21.84,0.00,0.00,5.75,0.00,0.00,0.00,32.18
20:21:08,2,40.00,0.00,20.00,0.00,0.00,6.67,0.00,0.00,0.00,33.33
20:21:08,3,36.26,0.00,24.18,0.00,0.00,5.49,0.00,0.00,0.00,34.07
20:21:08,4,41.76,0.00,20.88,0.00,0.00,4.40,0.00,0.00,0.00,32.97
20:21:08,5,36.73,0.00,12.24,0.00,0.00,5.10,0.00,0.00,0.00,45.92
20:21:08,6,43.16,0.00,10.53,0.00,0.00,5.26,0.00,0.00,0.00,41.05
20:21:08,7,41.49,0.00,11.70,0.00,0.00,5.32,0.00,0.00,0.00,41.49
20:21:08,8,38.95,0.00,10.53,0.00,0.00,4.21,0.00,0.00,0.00,46.32
20:21:08,9,39.78,0.00,11.83,0.00,0.00,4.30,0.00,0.00,0.00,44.09
20:21:08,10,46.15,0.00,9.89,0.00,0.00,4.40,0.00,0.00,0.00,39.56
20:21:08,11,45.26,0.00,10.53,0.00,0.00,3.16,0.00,0.00,0.00,41.05
20:21:09,all,42.77,0.00,16.88,0.00,0.00,4.73,0.00,0.00,0.00,35.62
20:21:09,0,39.78,0.00,23.66,0.00,0.00,7.53,0.00,0.00,0.00,29.03
20:21:09,1,44.09,0.00,20.43,0.00,0.00,6.45,0.00,0.00,0.00,29.03
20:21:09,2,37.08,0.00,25.84,0.00,0.00,5.62,0.00,0.00,0.00,31.46
20:21:09,3,44.44,0.00,21.11,0.00,0.00,4.44,0.00,0.00,0.00,30.00
20:21:09,4,40.00,0.00,22.22,0.00,0.00,6.67,0.00,0.00,0.00,31.11
20:21:09,5,40.62,0.00,12.50,0.00,0.00,4.17,0.00,0.00,0.00,42.71
20:21:09,6,40.62,0.00,14.58,0.00,0.00,4.17,0.00,0.00,0.00,40.62
20:21:09,7,43.30,0.00,13.40,0.00,0.00,4.12,0.00,0.00,0.00,39.18
20:21:09,8,42.39,0.00,13.04,0.00,0.00,4.35,0.00,0.00,0.00,40.22
20:21:09,9,45.45,0.00,13.13,0.00,0.00,4.04,0.00,0.00,0.00,37.37
20:21:09,10,50.00,0.00,10.42,0.00,0.00,2.08,0.00,0.00,0.00,37.50
20:21:09,11,44.94,0.00,13.48,0.00,0.00,3.37,0.00,0.00,0.00,38.20
20:21:10,all,42.17,0.00,14.77,0.00,0.00,4.66,0.00,0.00,0.00,38.41
20:21:10,0,41.57,0.00,20.22,0.00,0.00,5.62,0.00,0.00,0.00,32.58
20:21:10,1,39.36,0.00,22.34,0.00,0.00,5.32,0.00,0.00,0.00,32.98
20:21:10,2,39.56,0.00,19.78,0.00,0.00,7.69,0.00,0.00,0.00,32.97
20:21:10,3,43.33,0.00,18.89,0.00,0.00,5.56,0.00,0.00,0.00,32.22
20:21:10,4,42.39,0.00,21.74,0.00,0.00,4.35,0.00,0.00,0.00,31.52
20:21:10,5,40.00,0.00,10.53,0.00,0.00,4.21,0.00,0.00,0.00,45.26
20:21:10,6,44.68,0.00,9.57,0.00,0.00,3.19,0.00,0.00,0.00,42.55
20:21:10,7,41.05,0.00,11.58,0.00,0.00,3.16,0.00,0.00,0.00,44.21
20:21:10,8,42.27,0.00,11.34,0.00,0.00,4.12,0.00,0.00,0.00,42.27
20:21:10,9,41.30,0.00,11.96,0.00,0.00,4.35,0.00,0.00,0.00,42.39
20:21:10,10,45.16,0.00,10.75,0.00,0.00,3.23,0.00,0.00,0.00,40.86
20:21:10,11,45.26,0.00,9.47,0.00,0.00,5.26,0.00,0.00,0.00,40.00
20:21:11,all,48.89,0.00,15.00,0.00,0.00,4.70,0.00,0.00,0.00,31.41
20:21:11,0,48.35,0.00,19.78,0.00,0.00,6.59,0.00,0.00,0.00,25.27
20:21:11,1,64.13,0.00,13.04,0.00,0.00,3.26,0.00,0.00,0.00,19.57
20:21:11,2,45.56,0.00,21.11,0.00,0.00,7.78,0.00,0.00,0.00,25.56
20:21:11,3,45.05,0.00,21.98,0.00,0.00,5.49,0.00,0.00,0.00,27.47
20:21:11,4,50.00,0.00,19.15,0.00,0.00,6.38,0.00,0.00,0.00,24.47
20:21:11,5,43.30,0.00,14.43,0.00,0.00,4.12,0.00,0.00,0.00,38.14
20:21:11,6,44.33,0.00,12.37,0.00,0.00,4.12,0.00,0.00,0.00,39.18
20:21:11,7,48.96,0.00,11.46,0.00,0.00,4.17,0.00,0.00,0.00,35.42
20:21:11,8,45.74,0.00,12.77,0.00,0.00,4.26,0.00,0.00,0.00,37.23
20:21:11,9,48.96,0.00,10.42,0.00,0.00,5.21,0.00,0.00,0.00,35.42
20:21:11,10,54.17,0.00,10.42,0.00,0.00,3.12,0.00,0.00,0.00,32.29
20:21:11,11,48.39,0.00,13.98,0.00,0.00,2.15,0.00,0.00,0.00,35.48
20:21:12,all,40.36,0.00,15.47,0.00,0.00,4.98,0.00,0.00,0.00,39.20
20:21:12,0,38.46,0.00,21.98,0.00,0.00,5.49,0.00,0.00,0.00,34.07
20:21:12,1,40.66,0.00,18.68,0.00,0.00,7.69,0.00,0.00,0.00,32.97
20:21:12,2,38.46,0.00,19.78,0.00,0.00,6.59,0.00,0.00,0.00,35.16
20:21:12,3,38.04,0.00,20.65,0.00,0.00,7.61,0.00,0.00,0.00,33.70
20:21:12,4,37.78,0.00,20.00,0.00,0.00,6.67,0.00,0.00,0.00,35.56
20:21:12,5,40.21,0.00,10.31,0.00,0.00,4.12,0.00,0.00,0.00,45.36
20:21:12,6,40.21,0.00,13.40,0.00,0.00,3.09,0.00,0.00,0.00,43.30
20:21:12,7,42.11,0.00,12.63,0.00,0.00,4.21,0.00,0.00,0.00,41.05
20:21:12,8,38.38,0.00,13.13,0.00,0.00,5.05,0.00,0.00,0.00,43.43
20:21:12,9,43.62,0.00,13.83,0.00,0.00,2.13,0.00,0.00,0.00,40.43
20:21:12,10,41.49,0.00,11.70,0.00,0.00,4.26,0.00,0.00,0.00,42.55
20:21:12,11,44.68,0.00,10.64,0.00,0.00,3.19,0.00,0.00,0.00,41.49
20:21:13,all,41.13,0.00,15.86,0.00,0.00,4.57,0.00,0.00,0.00,38.44
20:21:13,0,39.13,0.00,22.83,0.00,0.00,5.43,0.00,0.00,0.00,32.61
20:21:13,1,40.22,0.00,22.83,0.00,0.00,5.43,0.00,0.00,0.00,31.52
20:21:13,2,39.36,0.00,23.40,0.00,0.00,5.32,0.00,0.00,0.00,31.91
20:21:13,3,39.13,0.00,23.91,0.00,0.00,4.35,0.00,0.00,0.00,32.61
20:21:13,4,38.89,0.00,21.11,0.00,0.00,5.56,0.00,0.00,0.00,34.44
20:21:13,5,41.49,0.00,10.64,0.00,0.00,3.19,0.00,0.00,0.00,44.68
20:21:13,6,40.00,0.00,14.74,0.00,0.00,4.21,0.00,0.00,0.00,41.05
20:21:13,7,41.94,0.00,10.75,0.00,0.00,4.30,0.00,0.00,0.00,43.01
20:21:13,8,40.21,0.00,11.34,0.00,0.00,4.12,0.00,0.00,0.00,44.33
20:21:13,9,43.01,0.00,10.75,0.00,0.00,4.30,0.00,0.00,0.00,41.94
20:21:13,10,45.16,0.00,8.60,0.00,0.00,4.30,0.00,0.00,0.00,41.94
20:21:13,11,45.05,0.00,9.89,0.00,0.00,4.40,0.00,0.00,0.00,40.66
20:21:14,all,41.56,0.00,15.71,0.00,0.00,4.67,0.00,0.00,0.00,38.06
20:21:14,0,39.33,0.00,20.22,0.00,0.00,6.74,0.00,0.00,0.00,33.71
20:21:14,1,43.18,0.00,20.45,0.00,0.00,4.55,0.00,0.00,0.00,31.82
20:21:14,2,40.45,0.00,21.35,0.00,0.00,5.62,0.00,0.00,0.00,32.58
20:21:14,3,41.30,0.00,21.74,0.00,0.00,5.43,0.00,0.00,0.00,31.52
20:21:14,4,40.22,0.00,20.65,0.00,0.00,6.52,0.00,0.00,0.00,32.61
20:21:14,5,40.00,0.00,11.58,0.00,0.00,4.21,0.00,0.00,0.00,44.21
20:21:14,6,38.71,0.00,11.83,0.00,0.00,5.38,0.00,0.00,0.00,44.09
20:21:14,7,43.88,0.00,13.27,0.00,0.00,4.08,0.00,0.00,0.00,38.78
20:21:14,8,39.80,0.00,13.27,0.00,0.00,4.08,0.00,0.00,0.00,42.86
20:21:14,9,41.30,0.00,13.04,0.00,0.00,3.26,0.00,0.00,0.00,42.39
20:21:14,10,45.74,0.00,11.70,0.00,0.00,2.13,0.00,0.00,0.00,40.43
20:21:14,11,44.68,0.00,10.64,0.00,0.00,4.26,0.00,0.00,0.00,40.43
20:21:15,all,41.48,0.00,14.99,0.00,0.00,4.46,0.00,0.00,0.00,39.07
20:21:15,0,38.04,0.00,21.74,0.00,0.00,6.52,0.00,0.00,0.00,33.70
20:21:15,1,40.66,0.00,17.58,0.00,0.00,6.59,0.00,0.00,0.00,35.16
20:21:15,2,39.56,0.00,21.98,0.00,0.00,5.49,0.00,0.00,0.00,32.97
20:21:15,3,37.50,0.00,21.59,0.00,0.00,4.55,0.00,0.00,0.00,36.36
20:21:15,4,41.11,0.00,20.00,0.00,0.00,4.44,0.00,0.00,0.00,34.44
20:21:15,5,41.00,0.00,12.00,0.00,0.00,3.00,0.00,0.00,0.00,44.00
20:21:15,6,42.27,0.00,12.37,0.00,0.00,4.12,0.00,0.00,0.00,41.24
20:21:15,7,44.21,0.00,9.47,0.00,0.00,4.21,0.00,0.00,0.00,42.11
20:21:15,8,40.00,0.00,11.58,0.00,0.00,4.21,0.00,0.00,0.00,44.21
20:21:15,9,42.11,0.00,11.58,0.00,0.00,4.21,0.00,0.00,0.00,42.11
20:21:15,10,44.57,0.00,9.78,0.00,0.00,4.35,0.00,0.00,0.00,41.30
20:21:15,11,46.32,0.00,11.58,0.00,0.00,2.11,0.00,0.00,0.00,40.00
20:21:16,all,41.09,0.00,15.33,0.00,0.00,5.35,0.00,0.00,0.00,38.24
20:21:16,0,38.89,0.00,21.11,0.00,0.00,5.56,0.00,0.00,0.00,34.44
20:21:16,1,37.50,0.00,22.73,0.00,0.00,5.68,0.00,0.00,0.00,34.09
20:21:16,2,37.78,0.00,21.11,0.00,0.00,7.78,0.00,0.00,0.00,33.33
20:21:16,3,38.71,0.00,22.58,0.00,0.00,7.53,0.00,0.00,0.00,31.18
20:21:16,4,36.96,0.00,21.74,0.00,0.00,6.52,0.00,0.00,0.00,34.78
20:21:16,5,41.05,0.00,10.53,0.00,0.00,4.21,0.00,0.00,0.00,44.21
20:21:16,6,41.67,0.00,10.42,0.00,0.00,4.17,0.00,0.00,0.00,43.75
20:21:16,7,42.42,0.00,13.13,0.00,0.00,5.05,0.00,0.00,0.00,39.39
20:21:16,8,41.94,0.00,10.75,0.00,0.00,4.30,0.00,0.00,0.00,43.01
20:21:16,9,44.90,0.00,11.22,0.00,0.00,5.10,0.00,0.00,0.00,38.78
20:21:16,10,44.21,0.00,10.53,0.00,0.00,4.21,0.00,0.00,0.00,41.05
20:21:16,11,46.24,0.00,9.68,0.00,0.00,4.30,0.00,0.00,0.00,39.78
20:21:17,all,41.58,0.00,15.39,0.00,0.00,4.50,0.00,0.00,0.00,38.52
20:21:17,0,41.30,0.00,21.74,0.00,0.00,5.43,0.00,0.00,0.00,31.52
20:21:17,1,39.13,0.00,22.83,0.00,0.00,5.43,0.00,0.00,0.00,32.61
20:21:17,2,37.36,0.00,20.88,0.00,0.00,4.40,0.00,0.00,0.00,37.36
20:21:17,3,42.05,0.00,19.32,0.00,0.00,5.68,0.00,0.00,0.00,32.95
20:21:17,4,42.39,0.00,19.57,0.00,0.00,4.35,0.00,0.00,0.00,33.70
20:21:17,5,39.13,0.00,10.87,0.00,0.00,5.43,0.00,0.00,0.00,44.57
20:21:17,6,42.71,0.00,11.46,0.00,0.00,4.17,0.00,0.00,0.00,41.67
20:21:17,7,40.43,0.00,11.70,0.00,0.00,4.26,0.00,0.00,0.00,43.62
20:21:17,8,40.21,0.00,11.34,0.00,0.00,5.15,0.00,0.00,0.00,43.30
20:21:17,9,43.01,0.00,11.83,0.00,0.00,4.30,0.00,0.00,0.00,40.86
20:21:17,10,44.09,0.00,12.90,0.00,0.00,3.23,0.00,0.00,0.00,39.78
20:21:17,11,47.25,0.00,10.99,0.00,0.00,2.20,0.00,0.00,0.00,39.56
20:21:18,all,41.73,0.00,15.82,0.00,0.00,4.38,0.00,0.00,0.00,38.07
20:21:18,0,43.01,0.00,19.35,0.00,0.00,5.38,0.00,0.00,0.00,32.26
20:21:18,1,41.30,0.00,20.65,0.00,0.00,5.43,0.00,0.00,0.00,32.61
20:21:18,2,37.08,0.00,21.35,0.00,0.00,6.74,0.00,0.00,0.00,34.83
20:21:18,3,42.05,0.00,22.73,0.00,0.00,3.41,0.00,0.00,0.00,31.82
20:21:18,4,39.36,0.00,22.34,0.00,0.00,5.32,0.00,0.00,0.00,32.98
20:21:18,5,40.43,0.00,10.64,0.00,0.00,4.26,0.00,0.00,0.00,44.68
20:21:18,6,40.21,0.00,14.43,0.00,0.00,5.15,0.00,0.00,0.00,40.21
20:21:18,7,42.11,0.00,12.63,0.00,0.00,4.21,0.00,0.00,0.00,41.05
20:21:18,8,39.78,0.00,12.90,0.00,0.00,2.15,0.00,0.00,0.00,45.16
20:21:18,9,43.62,0.00,11.70,0.00,0.00,3.19,0.00,0.00,0.00,41.49
20:21:18,10,44.21,0.00,11.58,0.00,0.00,4.21,0.00,0.00,0.00,40.00
20:21:18,11,47.37,0.00,10.53,0.00,0.00,3.16,0.00,0.00,0.00,38.95
20:21:19,all,42.74,0.00,16.67,0.00,0.00,5.20,0.00,0.00,0.00,35.39
20:21:19,0,38.89,0.00,20.00,0.00,0.00,7.78,0.00,0.00,0.00,33.33
20:21:19,1,40.00,0.00,24.21,0.00,0.00,7.37,0.00,0.00,0.00,28.42
20:21:19,2,44.57,0.00,20.65,0.00,0.00,6.52,0.00,0.00,0.00,28.26
20:21:19,3,39.78,0.00,23.66,0.00,0.00,6.45,0.00,0.00,0.00,30.11
20:21:19,4,43.33,0.00,22.22,0.00,0.00,5.56,0.00,0.00,0.00,28.89
20:21:19,5,41.94,0.00,11.83,0.00,0.00,3.23,0.00,0.00,0.00,43.01
20:21:19,6,43.62,0.00,10.64,0.00,0.00,5.32,0.00,0.00,0.00,40.43
20:21:19,7,43.16,0.00,13.68,0.00,0.00,5.26,0.00,0.00,0.00,37.89
20:21:19,8,41.49,0.00,14.89,0.00,0.00,4.26,0.00,0.00,0.00,39.36
20:21:19,9,42.55,0.00,14.89,0.00,0.00,3.19,0.00,0.00,0.00,39.36
20:21:19,10,46.24,0.00,11.83,0.00,0.00,4.30,0.00,0.00,0.00,37.63
20:21:19,11,47.31,0.00,11.83,0.00,0.00,3.23,0.00,0.00,0.00,37.63
20:21:20,all,40.25,0.00,15.74,0.00,0.00,4.74,0.00,0.00,0.00,39.27
20:21:20,0,38.20,0.00,21.35,0.00,0.00,6.74,0.00,0.00,0.00,33.71
20:21:20,1,38.89,0.00,21.11,0.00,0.00,6.67,0.00,0.00,0.00,33.33
20:21:20,2,39.56,0.00,18.68,0.00,0.00,7.69,0.00,0.00,0.00,34.07
20:21:20,3,39.56,0.00,20.88,0.00,0.00,4.40,0.00,0.00,0.00,35.16
20:21:20,4,38.54,0.00,22.92,0.00,0.00,6.25,0.00,0.00,0.00,32.29
20:21:20,5,38.54,0.00,11.46,0.00,0.00,4.17,0.00,0.00,0.00,45.83
20:21:20,6,41.49,0.00,12.77,0.00,0.00,3.19,0.00,0.00,0.00,42.55
20:21:20,7,40.62,0.00,12.50,0.00,0.00,4.17,0.00,0.00,0.00,42.71
20:21:20,8,38.78,0.00,12.24,0.00,0.00,4.08,0.00,0.00,0.00,44.90
20:21:20,9,40.00,0.00,13.68,0.00,0.00,3.16,0.00,0.00,0.00,43.16
20:21:20,10,43.33,0.00,10.00,0.00,0.00,3.33,0.00,0.00,0.00,43.33
20:21:20,11,45.65,0.00,11.96,0.00,0.00,3.26,0.00,0.00,0.00,39.13
20:21:21,all,40.84,0.00,15.53,0.00,0.00,4.58,0.00,0.00,0.00,39.05
20:21:21,0,42.86,0.00,18.68,0.00,0.00,5.49,0.00,0.00,0.00,32.97
20:21:21,1,40.00,0.00,21.11,0.00,0.00,5.56,0.00,0.00,0.00,33.33
20:21:21,2,38.04,0.00,22.83,0.00,0.00,6.52,0.00,0.00,0.00,32.61
20:21:21,3,38.04,0.00,21.74,0.00,0.00,5.43,0.00,0.00,0.00,34.78
20:21:21,4,40.45,0.00,19.10,0.00,0.00,5.62,0.00,0.00,0.00,34.83
20:21:21,5,38.54,0.00,13.54,0.00,0.00,4.17,0.00,0.00,0.00,43.75
20:21:21,6,41.67,0.00,11.46,0.00,0.00,4.17,0.00,0.00,0.00,42.71
20:21:21,7,41.30,0.00,13.04,0.00,0.00,3.26,0.00,0.00,0.00,42.39
20:21:21,8,39.78,0.00,11.83,0.00,0.00,3.23,0.00,0.00,0.00,45.16
20:21:21,9,39.36,0.00,13.83,0.00,0.00,4.26,0.00,0.00,0.00,42.55
20:21:21,10,44.79,0.00,10.42,0.00,0.00,3.12,0.00,0.00,0.00,41.67
20:21:21,11,45.16,0.00,9.68,0.00,0.00,4.30,0.00,0.00,0.00,40.86
20:21:22,all,40.96,0.00,15.26,0.09,0.00,4.54,0.00,0.00,0.00,39.15
20:21:22,0,40.00,0.00,21.11,0.00,0.00,5.56,0.00,0.00,0.00,33.33
20:21:22,1,39.33,0.00,22.47,0.00,0.00,4.49,0.00,0.00,0.00,33.71
20:21:22,2,38.20,0.00,21.35,0.00,0.00,5.62,0.00,0.00,0.00,34.83
20:21:22,3,39.08,0.00,21.84,0.00,0.00,5.75,0.00,0.00,0.00,33.33
20:21:22,4,35.56,0.00,22.22,0.00,0.00,6.67,0.00,0.00,0.00,35.56
20:21:22,5,40.21,0.00,10.31,0.00,0.00,4.12,0.00,0.00,0.00,45.36
20:21:22,6,41.76,0.00,10.99,0.00,0.00,5.49,0.00,0.00,0.00,41.76
20:21:22,7,42.55,0.00,12.77,0.00,0.00,4.26,0.00,0.00,0.00,40.43
20:21:22,8,38.95,0.00,11.58,1.05,0.00,3.16,0.00,0.00,0.00,45.26
20:21:22,9,43.01,0.00,11.83,0.00,0.00,4.30,0.00,0.00,0.00,40.86
20:21:22,10,47.31,0.00,7.53,0.00,0.00,2.15,0.00,0.00,0.00,43.01
20:21:22,11,45.16,0.00,10.75,0.00,0.00,3.23,0.00,0.00,0.00,40.86
20:21:23,all,41.18,0.00,15.51,0.00,0.00,4.63,0.00,0.00,0.00,38.68
20:21:23,0,40.00,0.00,21.11,0.00,0.00,6.67,0.00,0.00,0.00,32.22
20:21:23,1,39.56,0.00,21.98,0.00,0.00,5.49,0.00,0.00,0.00,32.97
20:21:23,2,40.00,0.00,21.11,0.00,0.00,5.56,0.00,0.00,0.00,33.33
20:21:23,3,40.45,0.00,19.10,0.00,0.00,4.49,0.00,0.00,0.00,35.96
20:21:23,4,38.20,0.00,22.47,0.00,0.00,4.49,0.00,0.00,0.00,34.83
20:21:23,5,41.00,0.00,11.00,0.00,0.00,5.00,0.00,0.00,0.00,43.00
20:21:23,6,41.84,0.00,13.27,0.00,0.00,4.08,0.00,0.00,0.00,40.82
20:21:23,7,42.55,0.00,11.70,0.00,0.00,4.26,0.00,0.00,0.00,41.49
20:21:23,8,40.62,0.00,11.46,0.00,0.00,4.17,0.00,0.00,0.00,43.75
20:21:23,9,40.62,0.00,13.54,0.00,0.00,3.12,0.00,0.00,0.00,42.71
20:21:23,10,43.75,0.00,10.42,0.00,0.00,4.17,0.00,0.00,0.00,41.67
20:21:23,11,45.16,0.00,10.75,0.00,0.00,4.30,0.00,0.00,0.00,39.78
20:21:24,all,40.59,0.00,15.25,0.00,0.00,5.00,0.00,0.00,0.00,39.16
20:21:24,0,38.89,0.00,21.11,0.00,0.00,5.56,0.00,0.00,0.00,34.44
20:21:24,1,40.22,0.00,20.65,0.00,0.00,6.52,0.00,0.00,0.00,32.61
20:21:24,2,35.48,0.00,21.51,0.00,0.00,7.53,0.00,0.00,0.00,35.48
20:21:24,3,41.05,0.00,21.05,0.00,0.00,6.32,0.00,0.00,0.00,31.58
20:21:24,4,39.78,0.00,21.51,0.00,0.00,5.38,0.00,0.00,0.00,33.33
20:21:24,5,39.78,0.00,11.83,0.00,0.00,2.15,0.00,0.00,0.00,46.24
20:21:24,6,40.62,0.00,10.42,0.00,0.00,5.21,0.00,0.00,0.00,43.75
20:21:24,7,40.43,0.00,11.70,0.00,0.00,3.19,0.00,0.00,0.00,44.68
20:21:24,8,39.36,0.00,12.77,0.00,0.00,4.26,0.00,0.00,0.00,43.62
20:21:24,9,42.11,0.00,10.53,0.00,0.00,6.32,0.00,0.00,0.00,41.05
20:21:24,10,45.16,0.00,9.68,0.00,0.00,3.23,0.00,0.00,0.00,41.94
20:21:24,11,44.09,0.00,10.75,0.00,0.00,4.30,0.00,0.00,0.00,40.86
20:21:25,all,42.04,0.00,15.47,0.00,0.00,4.56,0.00,0.00,0.00,37.92
20:21:25,0,42.86,0.00,20.88,0.00,0.00,5.49,0.00,0.00,0.00,30.77
20:21:25,1,41.57,0.00,22.47,0.00,0.00,4.49,0.00,0.00,0.00,31.46
20:21:25,2,40.00,0.00,21.11,0.00,0.00,5.56,0.00,0.00,0.00,33.33
20:21:25,3,39.13,0.00,23.91,0.00,0.00,4.35,0.00,0.00,0.00,32.61
20:21:25,4,40.22,0.00,22.83,0.00,0.00,5.43,0.00,0.00,0.00,31.52
20:21:25,5,41.24,0.00,11.34,0.00,0.00,4.12,0.00,0.00,0.00,43.30
20:21:25,6,40.43,0.00,11.70,0.00,0.00,4.26,0.00,0.00,0.00,43.62
20:21:25,7,41.05,0.00,11.58,0.00,0.00,5.26,0.00,0.00,0.00,42.11
20:21:25,8,39.36,0.00,10.64,0.00,0.00,4.26,0.00,0.00,0.00,45.74
20:21:25,9,45.83,0.00,10.42,0.00,0.00,4.17,0.00,0.00,0.00,39.58
20:21:25,10,46.32,0.00,10.53,0.00,0.00,4.21,0.00,0.00,0.00,38.95
20:21:25,11,46.24,0.00,9.68,0.00,0.00,3.23,0.00,0.00,0.00,40.86
20:21:26,all,40.95,0.00,15.66,0.00,0.00,4.68,0.00,0.00,0.00,38.70
20:21:26,0,38.64,0.00,21.59,0.00,0.00,5.68,0.00,0.00,0.00,34.09
20:21:26,1,38.46,0.00,21.98,0.00,0.00,6.59,0.00,0.00,0.00,32.97
20:21:26,2,41.38,0.00,17.24,0.00,0.00,6.90,0.00,0.00,0.00,34.48
20:21:26,3,39.33,0.00,22.47,0.00,0.00,4.49,0.00,0.00,0.00,33.71
20:21:26,4,36.67,0.00,22.22,0.00,0.00,5.56,0.00,0.00,0.00,35.56
20:21:26,5,38.54,0.00,11.46,0.00,0.00,4.17,0.00,0.00,0.00,45.83
20:21:26,6,43.16,0.00,12.63,0.00,0.00,3.16,0.00,0.00,0.00,41.05
20:21:26,7,40.00,0.00,11.58,0.00,0.00,5.26,0.00,0.00,0.00,43.16
20:21:26,8,42.71,0.00,11.46,0.00,0.00,3.12,0.00,0.00,0.00,42.71
20:21:26,9,43.30,0.00,12.37,0.00,0.00,5.15,0.00,0.00,0.00,39.18
20:21:26,10,43.48,0.00,10.87,0.00,0.00,3.26,0.00,0.00,0.00,42.39
20:21:26,11,45.26,0.00,13.68,0.00,0.00,3.16,0.00,0.00,0.00,37.89
20:21:27,all,40.56,0.00,16.11,0.27,0.00,4.74,0.00,0.00,0.00,38.32
20:21:27,0,40.22,0.00,21.74,0.00,0.00,6.52,0.00,0.00,0.00,31.52
20:21:27,1,41.76,0.00,21.98,1.10,0.00,5.49,0.00,0.00,0.00,29.67
20:21:27,2,40.66,0.00,20.88,0.00,0.00,5.49,0.00,0.00,0.00,32.97
20:21:27,3,36.96,0.00,23.91,0.00,0.00,6.52,0.00,0.00,0.00,32.61
20:21:27,4,39.78,0.00,21.51,0.00,0.00,5.38,0.00,0.00,0.00,33.33
20:21:27,5,36.17,0.00,13.83,0.00,0.00,4.26,0.00,0.00,0.00,45.74
20:21:27,6,40.43,0.00,12.77,1.06,0.00,3.19,0.00,0.00,0.00,42.55
20:21:27,7,40.00,0.00,12.63,1.05,0.00,4.21,0.00,0.00,0.00,42.11
20:21:27,8,39.13,0.00,9.78,0.00,0.00,5.43,0.00,0.00,0.00,45.65
20:21:27,9,43.16,0.00,12.63,0.00,0.00,3.16,0.00,0.00,0.00,41.05
20:21:27,10,44.09,0.00,10.75,0.00,0.00,3.23,0.00,0.00,0.00,41.94
20:21:27,11,44.21,0.00,11.58,0.00,0.00,4.21,0.00,0.00,0.00,40.00
20:21:28,all,41.56,0.00,15.44,0.00,0.00,4.94,0.00,0.00,0.00,38.06
20:21:28,0,41.11,0.00,21.11,0.00,0.00,6.67,0.00,0.00,0.00,31.11
20:21:28,1,41.94,0.00,21.51,0.00,0.00,4.30,0.00,0.00,0.00,32.26
20:21:28,2,37.36,0.00,23.08,0.00,0.00,5.49,0.00,0.00,0.00,34.07
20:21:28,3,41.94,0.00,20.43,0.00,0.00,6.45,0.00,0.00,0.00,31.18
20:21:28,4,38.64,0.00,21.59,0.00,0.00,5.68,0.00,0.00,0.00,34.09
20:21:28,5,41.67,0.00,10.42,0.00,0.00,5.21,0.00,0.00,0.00,42.71
20:21:28,6,40.43,0.00,11.70,0.00,0.00,4.26,0.00,0.00,0.00,43.62
20:21:28,7,39.36,0.00,13.83,0.00,0.00,4.26,0.00,0.00,0.00,42.55
20:21:28,8,40.21,0.00,11.34,0.00,0.00,4.12,0.00,0.00,0.00,44.33
20:21:28,9,44.79,0.00,12.50,0.00,0.00,4.17,0.00,0.00,0.00,38.54
20:21:28,10,46.74,0.00,9.78,0.00,0.00,3.26,0.00,0.00,0.00,40.22
20:21:28,11,44.44,0.00,8.89,0.00,0.00,5.56,0.00,0.00,0.00,41.11
20:21:29,all,43.42,0.00,17.62,0.18,0.00,4.80,0.00,0.00,0.00,33.99
20:21:29,0,43.18,0.00,21.59,0.00,0.00,6.82,0.00,0.00,0.00,28.41
20:21:29,1,39.77,0.00,22.73,0.00,0.00,7.95,0.00,0.00,0.00,29.55
20:21:29,2,40.22,0.00,23.91,1.09,0.00,5.43,0.00,0.00,0.00,29.35
20:21:29,3,42.22,0.00,23.33,0.00,0.00,6.67,0.00,0.00,0.00,27.78
20:21:29,4,39.33,0.00,25.84,0.00,0.00,5.62,0.00,0.00,0.00,29.21
20:21:29,5,44.33,0.00,13.40,1.03,0.00,4.12,0.00,0.00,0.00,37.11
20:21:29,6,41.41,0.00,15.15,0.00,0.00,4.04,0.00,0.00,0.00,39.39
20:21:29,7,45.83,0.00,13.54,0.00,0.00,4.17,0.00,0.00,0.00,36.46
20:21:29,8,40.62,0.00,13.54,0.00,0.00,3.12,0.00,0.00,0.00,42.71
20:21:29,9,48.98,0.00,13.27,0.00,0.00,4.08,0.00,0.00,0.00,33.67
20:21:29,10,44.79,0.00,12.50,0.00,0.00,3.12,0.00,0.00,0.00,39.58
20:21:29,11,49.47,0.00,14.74,0.00,0.00,3.16,0.00,0.00,0.00,32.63
20:21:30,all,41.79,0.00,15.79,0.00,0.00,4.88,0.00,0.00,0.00,37.53
20:21:30,0,42.55,0.00,20.21,0.00,0.00,5.32,0.00,0.00,0.00,31.91
20:21:30,1,41.30,0.00,21.74,0.00,0.00,5.43,0.00,0.00,0.00,31.52
20:21:30,2,39.13,0.00,20.65,0.00,0.00,7.61,0.00,0.00,0.00,32.61
20:21:30,3,37.89,0.00,22.11,0.00,0.00,7.37,0.00,0.00,0.00,32.63
20:21:30,4,40.43,0.00,22.34,0.00,0.00,4.26,0.00,0.00,0.00,32.98
20:21:30,5,41.49,0.00,12.77,0.00,0.00,3.19,0.00,0.00,0.00,42.55
20:21:30,6,40.62,0.00,12.50,0.00,0.00,5.21,0.00,0.00,0.00,41.67
20:21:30,7,40.43,0.00,11.70,0.00,0.00,5.32,0.00,0.00,0.00,42.55
20:21:30,8,41.67,0.00,11.46,0.00,0.00,4.17,0.00,0.00,0.00,42.71
20:21:30,9,44.33,0.00,12.37,0.00,0.00,4.12,0.00,0.00,0.00,39.18
20:21:30,10,45.56,0.00,10.00,0.00,0.00,3.33,0.00,0.00,0.00,41.11
20:21:30,11,46.24,0.00,11.83,0.00,0.00,3.23,0.00,0.00,0.00,38.71
20:21:31,all,40.43,0.00,15.36,0.00,0.00,4.94,0.00,0.00,0.00,39.26
20:21:31,0,39.13,0.00,20.65,0.00,0.00,6.52,0.00,0.00,0.00,33.70
20:21:31,1,41.57,0.00,20.22,0.00,0.00,5.62,0.00,0.00,0.00,32.58
20:21:31,2,37.08,0.00,19.10,0.00,0.00,6.74,0.00,0.00,0.00,37.08
20:21:31,3,40.45,0.00,20.22,0.00,0.00,5.62,0.00,0.00,0.00,33.71
20:21:31,4,38.20,0.00,22.47,0.00,0.00,5.62,0.00,0.00,0.00,33.71
20:21:31,5,41.24,0.00,11.34,0.00,0.00,4.12,0.00,0.00,0.00,43.30
20:21:31,6,40.43,0.00,12.77,0.00,0.00,4.26,0.00,0.00,0.00,42.55
20:21:31,7,41.24,0.00,12.37,0.00,0.00,5.15,0.00,0.00,0.00,41.24
20:21:31,8,38.14,0.00,12.37,0.00,0.00,5.15,0.00,0.00,0.00,44.33
20:21:31,9,39.78,0.00,12.90,0.00,0.00,4.30,0.00,0.00,0.00,43.01
20:21:31,10,41.49,0.00,11.70,0.00,0.00,3.19,0.00,0.00,0.00,43.62
20:21:31,11,46.24,0.00,9.68,0.00,0.00,3.23,0.00,0.00,0.00,40.86
20:21:32,all,41.70,0.00,14.80,0.00,0.00,5.02,0.00,0.00,0.00,38.48
20:21:32,0,40.45,0.00,20.22,0.00,0.00,5.62,0.00,0.00,0.00,33.71
20:21:32,1,39.13,0.00,20.65,0.00,0.00,6.52,0.00,0.00,0.00,33.70
20:21:32,2,39.56,0.00,18.68,0.00,0.00,6.59,0.00,0.00,0.00,35.16
20:21:32,3,39.08,0.00,18.39,0.00,0.00,6.90,0.00,0.00,0.00,35.63
20:21:32,4,41.11,0.00,18.89,0.00,0.00,5.56,0.00,0.00,0.00,34.44
20:21:32,5,40.21,0.00,12.37,0.00,0.00,5.15,0.00,0.00,0.00,42.27
20:21:32,6,41.84,0.00,12.24,0.00,0.00,5.10,0.00,0.00,0.00,40.82
20:21:32,7,43.16,0.00,11.58,0.00,0.00,3.16,0.00,0.00,0.00,42.11
20:21:32,8,40.00,0.00,12.63,0.00,0.00,4.21,0.00,0.00,0.00,43.16
20:21:32,9,43.30,0.00,12.37,0.00,0.00,4.12,0.00,0.00,0.00,40.21
20:21:32,10,45.65,0.00,9.78,0.00,0.00,4.35,0.00,0.00,0.00,40.22
20:21:32,11,46.74,0.00,10.87,0.00,0.00,3.26,0.00,0.00,0.00,39.13
20:21:33,all,39.35,0.00,16.26,0.00,0.00,5.39,0.00,0.00,0.00,38.99
20:21:33,0,36.17,0.00,25.53,0.00,0.00,7.45,0.00,0.00,0.00,30.85
20:21:33,1,39.78,0.00,21.51,0.00,0.00,6.45,0.00,0.00,0.00,32.26
20:21:33,2,38.89,0.00,21.11,0.00,0.00,6.67,0.00,0.00,0.00,33.33
20:21:33,3,38.46,0.00,21.98,0.00,0.00,6.59,0.00,0.00,0.00,32.97
20:21:33,4,36.96,0.00,22.83,0.00,0.00,6.52,0.00,0.00,0.00,33.70
20:21:33,5,36.96,0.00,13.04,0.00,0.00,4.35,0.00,0.00,0.00,45.65
20:21:33,6,41.49,0.00,10.64,0.00,0.00,3.19,0.00,0.00,0.00,44.68
20:21:33,7,40.21,0.00,13.40,0.00,0.00,5.15,0.00,0.00,0.00,41.24
20:21:33,8,39.36,0.00,11.70,0.00,0.00,4.26,0.00,0.00,0.00,44.68
20:21:33,9,41.49,0.00,11.70,0.00,0.00,4.26,0.00,0.00,0.00,42.55
20:21:33,10,42.39,0.00,9.78,0.00,0.00,5.43,0.00,0.00,0.00,42.39
20:21:33,11,40.00,0.00,12.22,0.00,0.00,4.44,0.00,0.00,0.00,43.33
20:21:34,all,41.63,0.00,16.20,0.00,0.00,4.62,0.00,0.00,0.00,37.56
20:21:34,0,40.00,0.00,21.11,0.00,0.00,7.78,0.00,0.00,0.00,31.11
20:21:34,1,39.77,0.00,21.59,0.00,0.00,5.68,0.00,0.00,0.00,32.95
20:21:34,2,38.20,0.00,23.60,0.00,0.00,4.49,0.00,0.00,0.00,33.71
20:21:34,3,41.38,0.00,20.69,0.00,0.00,5.75,0.00,0.00,0.00,32.18
20:21:34,4,38.20,0.00,22.47,0.00,0.00,6.74,0.00,0.00,0.00,32.58
20:21:34,5,42.86,0.00,13.27,0.00,0.00,3.06,0.00,0.00,0.00,40.82
20:21:34,6,40.43,0.00,14.89,0.00,0.00,3.19,0.00,0.00,0.00,41.49
20:21:34,7,43.01,0.00,10.75,0.00,0.00,4.30,0.00,0.00,0.00,41.94
20:21:34,8,38.71,0.00,11.83,0.00,0.00,4.30,0.00,0.00,0.00,45.16
20:21:34,9,44.79,0.00,11.46,0.00,0.00,4.17,0.00,0.00,0.00,39.58
20:21:34,10,45.74,0.00,11.70,0.00,0.00,2.13,0.00,0.00,0.00,40.43
20:21:34,11,45.74,0.00,12.77,0.00,0.00,4.26,0.00,0.00,0.00,37.23
20:21:35,all,42.63,0.00,15.19,0.00,0.00,4.56,0.00,0.00,0.00,37.62
20:21:35,0,41.57,0.00,19.10,0.00,0.00,6.74,0.00,0.00,0.00,32.58
20:21:35,1,42.22,0.00,18.89,0.00,0.00,5.56,0.00,0.00,0.00,33.33
20:21:35,2,39.77,0.00,19.32,0.00,0.00,6.82,0.00,0.00,0.00,34.09
20:21:35,3,36.26,0.00,25.27,0.00,0.00,5.49,0.00,0.00,0.00,32.97
20:21:35,4,41.30,0.00,20.65,0.00,0.00,5.43,0.00,0.00,0.00,32.61
20:21:35,5,41.67,0.00,12.50,0.00,0.00,4.17,0.00,0.00,0.00,41.67
20:21:35,6,45.36,0.00,11.34,0.00,0.00,3.09,0.00,0.00,0.00,40.21
20:21:35,7,44.33,0.00,11.34,0.00,0.00,4.12,0.00,0.00,0.00,40.21
20:21:35,8,39.78,0.00,11.83,0.00,0.00,4.30,0.00,0.00,0.00,44.09
20:21:35,9,44.79,0.00,12.50,0.00,0.00,2.08,0.00,0.00,0.00,40.62
20:21:35,10,47.92,0.00,7.29,0.00,0.00,4.17,0.00,0.00,0.00,40.62
20:21:35,11,45.74,0.00,13.83,0.00,0.00,3.19,0.00,0.00,0.00,37.23
20:21:36,all,40.31,0.00,16.07,0.00,0.00,5.03,0.00,0.00,0.00,38.60
20:21:36,0,38.46,0.00,21.98,0.00,0.00,6.59,0.00,0.00,0.00,32.97
20:21:36,1,41.11,0.00,20.00,0.00,0.00,5.56,0.00,0.00,0.00,33.33
20:21:36,2,37.78,0.00,22.22,0.00,0.00,4.44,0.00,0.00,0.00,35.56
20:21:36,3,39.78,0.00,21.51,0.00,0.00,6.45,0.00,0.00,0.00,32.26
20:21:36,4,39.13,0.00,21.74,0.00,0.00,6.52,0.00,0.00,0.00,32.61
20:21:36,5,36.36,0.00,14.14,0.00,0.00,5.05,0.00,0.00,0.00,44.44
20:21:36,6,39.36,0.00,11.70,0.00,0.00,5.32,0.00,0.00,0.00,43.62
20:21:36,7,43.62,0.00,11.70,0.00,0.00,3.19,0.00,0.00,0.00,41.49
20:21:36,8,37.63,0.00,13.98,0.00,0.00,4.30,0.00,0.00,0.00,44.09
20:21:36,9,44.21,0.00,11.58,0.00,0.00,4.21,0.00,0.00,0.00,40.00
20:21:36,10,43.48,0.00,10.87,0.00,0.00,4.35,0.00,0.00,0.00,41.30
20:21:36,11,42.86,0.00,12.09,0.00,0.00,4.40,0.00,0.00,0.00,40.66
20:21:37,all,40.05,0.00,15.43,0.00,0.00,5.26,0.00,0.00,0.00,39.25
20:21:37,0,38.46,0.00,24.18,0.00,0.00,6.59,0.00,0.00,0.00,30.77
20:21:37,1,37.63,0.00,20.43,0.00,0.00,7.53,0.00,0.00,0.00,34.41
20:21:37,2,38.46,0.00,21.98,0.00,0.00,5.49,0.00,0.00,0.00,34.07
20:21:37,3,37.23,0.00,21.28,0.00,0.00,7.45,0.00,0.00,0.00,34.04
20:21:37,4,35.56,0.00,22.22,0.00,0.00,6.67,0.00,0.00,0.00,35.56
20:21:37,5,40.86,0.00,9.68,0.00,0.00,4.30,0.00,0.00,0.00,45.16
20:21:37,6,41.67,0.00,11.46,0.00,0.00,4.17,0.00,0.00,0.00,42.71
20:21:37,7,42.27,0.00,11.34,0.00,0.00,4.12,0.00,0.00,0.00,42.27
20:21:37,8,37.50,0.00,12.50,0.00,0.00,5.21,0.00,0.00,0.00,44.79
20:21:37,9,43.01,0.00,9.68,0.00,0.00,4.30,0.00,0.00,0.00,43.01
20:21:37,10,43.62,0.00,10.64,0.00,0.00,4.26,0.00,0.00,0.00,41.49
20:21:37,11,44.09,0.00,10.75,0.00,0.00,3.23,0.00,0.00,0.00,41.94
20:21:38,all,42.42,0.00,16.04,0.00,0.00,4.10,0.00,0.00,0.00,37.43
20:21:38,0,44.44,0.00,20.00,0.00,0.00,5.56,0.00,0.00,0.00,30.00
20:21:38,1,41.57,0.00,22.47,0.00,0.00,5.62,0.00,0.00,0.00,30.34
20:21:38,2,41.76,0.00,21.98,0.00,0.00,5.49,0.00,0.00,0.00,30.77
20:21:38,3,41.30,0.00,20.65,0.00,0.00,6.52,0.00,0.00,0.00,31.52
20:21:38,4,39.56,0.00,21.98,0.00,0.00,5.49,0.00,0.00,0.00,32.97
20:21:38,5,38.54,0.00,14.58,0.00,0.00,3.12,0.00,0.00,0.00,43.75
20:21:38,6,42.27,0.00,12.37,0.00,0.00,4.12,0.00,0.00,0.00,41.24
20:21:38,7,44.33,0.00,11.34,0.00,0.00,3.09,0.00,0.00,0.00,41.24
20:21:38,8,43.75,0.00,11.46,0.00,0.00,2.08,0.00,0.00,0.00,42.71
20:21:38,9,43.62,0.00,13.83,0.00,0.00,2.13,0.00,0.00,0.00,40.43
20:21:38,10,45.26,0.00,10.53,0.00,0.00,2.11,0.00,0.00,0.00,42.11
20:21:38,11,42.55,0.00,12.77,0.00,0.00,4.26,0.00,0.00,0.00,40.43
20:21:39,all,41.87,0.00,16.71,0.09,0.00,4.71,0.00,0.00,0.00,36.62
20:21:39,0,40.43,0.00,23.40,0.00,0.00,6.38,0.00,0.00,0.00,29.79
20:21:39,1,41.11,0.00,23.33,0.00,0.00,5.56,0.00,0.00,0.00,30.00
20:21:39,2,40.43,0.00,23.40,0.00,0.00,5.32,0.00,0.00,0.00,30.85
20:21:39,3,40.22,0.00,21.74,0.00,0.00,6.52,0.00,0.00,0.00,31.52
20:21:39,4,39.13,0.00,21.74,0.00,0.00,6.52,0.00,0.00,0.00,32.61
20:21:39,5,40.21,0.00,11.34,0.00,0.00,4.12,0.00,0.00,0.00,44.33
20:21:39,6,42.39,0.00,14.13,0.00,0.00,3.26,0.00,0.00,0.00,40.22
20:21:39,7,42.71,0.00,11.46,0.00,0.00,4.17,0.00,0.00,0.00,41.67
20:21:39,8,40.43,0.00,13.83,1.06,0.00,4.26,0.00,0.00,0.00,40.43
20:21:39,9,42.42,0.00,14.14,0.00,0.00,5.05,0.00,0.00,0.00,38.38
20:21:39,10,45.16,0.00,12.90,0.00,0.00,3.23,0.00,0.00,0.00,38.71
20:21:39,11,47.83,0.00,9.78,0.00,0.00,2.17,0.00,0.00,0.00,40.22
20:21:40,all,41.68,0.00,15.30,0.00,0.00,5.10,0.00,0.00,0.00,37.92
20:21:40,0,41.76,0.00,20.88,0.00,0.00,5.49,0.00,0.00,0.00,31.87
20:21:40,1,42.86,0.00,20.88,0.00,0.00,5.49,0.00,0.00,0.00,30.77
20:21:40,2,41.30,0.00,20.65,0.00,0.00,5.43,0.00,0.00,0.00,32.61
20:21:40,3,34.09,0.00,22.73,0.00,0.00,7.95,0.00,0.00,0.00,35.23
20:21:40,4,40.45,0.00,20.22,0.00,0.00,6.74,0.00,0.00,0.00,32.58
20:21:40,5,42.86,0.00,10.20,0.00,0.00,4.08,0.00,0.00,0.00,42.86
20:21:40,6,43.43,0.00,11.11,0.00,0.00,5.05,0.00,0.00,0.00,40.40
20:21:40,7,40.86,0.00,12.90,0.00,0.00,3.23,0.00,0.00,0.00,43.01
20:21:40,8,40.00,0.00,10.53,0.00,0.00,4.21,0.00,0.00,0.00,45.26
20:21:40,9,41.94,0.00,11.83,0.00,0.00,5.38,0.00,0.00,0.00,40.86
20:21:40,10,47.37,0.00,10.53,0.00,0.00,3.16,0.00,0.00,0.00,38.95
20:21:40,11,42.55,0.00,12.77,0.00,0.00,5.32,0.00,0.00,0.00,39.36
20:21:41,all,41.11,0.00,15.19,0.00,0.00,4.20,0.00,0.00,0.00,39.50
20:21:41,0,37.08,0.00,22.47,0.00,0.00,6.74,0.00,0.00,0.00,33.71
20:21:41,1,41.76,0.00,20.88,0.00,0.00,5.49,0.00,0.00,0.00,31.87
20:21:41,2,40.91,0.00,19.32,0.00,0.00,4.55,0.00,0.00,0.00,35.23
20:21:41,3,39.13,0.00,21.74,0.00,0.00,4.35,0.00,0.00,0.00,34.78
20:21:41,4,37.78,0.00,21.11,0.00,0.00,5.56,0.00,0.00,0.00,35.56
20:21:41,5,41.84,0.00,10.20,0.00,0.00,4.08,0.00,0.00,0.00,43.88
20:21:41,6,42.27,0.00,12.37,0.00,0.00,3.09,0.00,0.00,0.00,42.27
20:21:41,7,41.67,0.00,12.50,0.00,0.00,3.12,0.00,0.00,0.00,42.71
20:21:41,8,39.58,0.00,10.42,0.00,0.00,4.17,0.00,0.00,0.00,45.83
20:21:41,9,41.67,0.00,11.46,0.00,0.00,3.12,0.00,0.00,0.00,43.75
20:21:41,10,44.68,0.00,10.64,0.00,0.00,3.19,0.00,0.00,0.00,41.49
20:21:41,11,44.57,0.00,10.87,0.00,0.00,3.26,0.00,0.00,0.00,41.30
20:21:42,all,41.92,0.00,15.08,0.00,0.00,4.31,0.00,0.00,0.00,38.69
20:21:42,0,41.76,0.00,19.78,0.00,0.00,6.59,0.00,0.00,0.00,31.87
20:21:42,1,39.08,0.00,19.54,0.00,0.00,5.75,0.00,0.00,0.00,35.63
20:21:42,2,39.77,0.00,20.45,0.00,0.00,4.55,0.00,0.00,0.00,35.23
20:21:42,3,42.86,0.00,19.78,0.00,0.00,4.40,0.00,0.00,0.00,32.97
20:21:42,4,38.71,0.00,22.58,0.00,0.00,6.45,0.00,0.00,0.00,32.26
20:21:42,5,39.36,0.00,12.77,0.00,0.00,3.19,0.00,0.00,0.00,44.68
20:21:42,6,43.75,0.00,11.46,0.00,0.00,2.08,0.00,0.00,0.00,42.71
20:21:42,7,41.67,0.00,12.50,0.00,0.00,4.17,0.00,0.00,0.00,41.67
20:21:42,8,40.21,0.00,11.34,0.00,0.00,4.12,0.00,0.00,0.00,44.33
20:21:42,9,45.83,0.00,10.42,0.00,0.00,3.12,0.00,0.00,0.00,40.62
20:21:42,10,46.32,0.00,9.47,0.00,0.00,4.21,0.00,0.00,0.00,40.00
20:21:42,11,43.33,0.00,12.22,0.00,0.00,3.33,0.00,0.00,0.00,41.11
20:21:43,all,40.98,0.00,15.45,0.00,0.00,4.73,0.00,0.00,0.00,38.84
20:21:43,0,38.04,0.00,21.74,0.00,0.00,5.43,0.00,0.00,0.00,34.78
20:21:43,1,40.22,0.00,21.74,0.00,0.00,6.52,0.00,0.00,0.00,31.52
20:21:43,2,38.71,0.00,20.43,0.00,0.00,5.38,0.00,0.00,0.00,35.48
20:21:43,3,41.11,0.00,21.11,0.00,0.00,4.44,0.00,0.00,0.00,33.33
20:21:43,4,39.33,0.00,21.35,0.00,0.00,5.62,0.00,0.00,0.00,33.71
20:21:43,5,39.58,0.00,11.46,0.00,0.00,4.17,0.00,0.00,0.00,44.79
20:21:43,6,41.41,0.00,13.13,0.00,0.00,5.05,0.00,0.00,0.00,40.40
20:21:43,7,44.33,0.00,11.34,0.00,0.00,4.12,0.00,0.00,0.00,40.21
20:21:43,8,37.89,0.00,11.58,0.00,0.00,4.21,0.00,0.00,0.00,46.32
20:21:43,9,42.55,0.00,10.64,0.00,0.00,4.26,0.00,0.00,0.00,42.55
20:21:43,10,43.48,0.00,9.78,0.00,0.00,3.26,0.00,0.00,0.00,43.48
20:21:43,11,45.05,0.00,12.09,0.00,0.00,4.40,0.00,0.00,0.00,38.46
20:21:44,all,40.52,0.00,15.00,0.00,0.00,4.67,0.00,0.00,0.00,39.80
20:21:44,0,40.00,0.00,22.22,0.00,0.00,4.44,0.00,0.00,0.00,33.33
20:21:44,1,40.00,0.00,21.11,0.00,0.00,4.44,0.00,0.00,0.00,34.44
20:21:44,2,38.89,0.00,22.22,0.00,0.00,5.56,0.00,0.00,0.00,33.33
20:21:44,3,37.36,0.00,21.98,0.00,0.00,6.59,0.00,0.00,0.00,34.07
20:21:44,4,38.20,0.00,20.22,0.00,0.00,5.62,0.00,0.00,0.00,35.96
20:21:44,5,39.80,0.00,11.22,0.00,0.00,5.10,0.00,0.00,0.00,43.88
20:21:44,6,43.01,0.00,9.68,0.00,0.00,3.23,0.00,0.00,0.00,44.09
20:21:44,7,42.27,0.00,10.31,0.00,0.00,4.12,0.00,0.00,0.00,43.30
20:21:44,8,38.14,0.00,13.40,0.00,0.00,5.15,0.00,0.00,0.00,43.30
20:21:44,9,41.67,0.00,11.46,0.00,0.00,4.17,0.00,0.00,0.00,42.71
20:21:44,10,44.57,0.00,7.61,0.00,0.00,4.35,0.00,0.00,0.00,43.48
20:21:44,11,42.22,0.00,10.00,0.00,0.00,3.33,0.00,0.00,0.00,44.44
20:21:45,all,41.82,0.00,15.28,0.00,0.00,4.92,0.00,0.00,0.00,37.98
20:21:45,0,41.57,0.00,20.22,0.00,0.00,5.62,0.00,0.00,0.00,32.58
20:21:45,1,44.57,0.00,19.57,0.00,0.00,5.43,0.00,0.00,0.00,30.43
20:21:45,2,40.86,0.00,21.51,0.00,0.00,5.38,0.00,0.00,0.00,32.26
20:21:45,3,38.89,0.00,20.00,0.00,0.00,6.67,0.00,0.00,0.00,34.44
20:21:45,4,39.36,0.00,21.28,0.00,0.00,7.45,0.00,0.00,0.00,31.91
20:21:45,5,37.63,0.00,11.83,0.00,0.00,4.30,0.00,0.00,0.00,46.24
20:21:45,6,42.39,0.00,10.87,0.00,0.00,4.35,0.00,0.00,0.00,42.39
20:21:45,7,42.71,0.00,13.54,0.00,0.00,4.17,0.00,0.00,0.00,39.58
20:21:45,8,41.24,0.00,12.37,0.00,0.00,4.12,0.00,0.00,0.00,42.27
20:21:45,9,42.55,0.00,12.77,0.00,0.00,3.19,0.00,0.00,0.00,41.49
20:21:45,10,45.26,0.00,10.53,0.00,0.00,4.21,0.00,0.00,0.00,40.00
20:21:45,11,44.68,0.00,9.57,0.00,0.00,4.26,0.00,0.00,0.00,41.49
20:21:46,all,41.81,0.00,15.30,0.00,0.00,4.89,0.00,0.00,0.00,37.99
20:21:46,0,39.36,0.00,20.21,0.00,0.00,6.38,0.00,0.00,0.00,34.04
20:21:46,1,41.76,0.00,19.78,0.00,0.00,4.40,0.00,0.00,0.00,34.07
20:21:46,2,40.45,0.00,20.22,0.00,0.00,5.62,0.00,0.00,0.00,33.71
20:21:46,3,40.00,0.00,21.11,0.00,0.00,5.56,0.00,0.00,0.00,33.33
20:21:46,4,38.89,0.00,22.22,0.00,0.00,5.56,0.00,0.00,0.00,33.33
20:21:46,5,40.21,0.00,12.37,0.00,0.00,3.09,0.00,0.00,0.00,44.33
20:21:46,6,43.75,0.00,10.42,0.00,0.00,5.21,0.00,0.00,0.00,40.62
20:21:46,7,41.67,0.00,12.50,0.00,0.00,6.25,0.00,0.00,0.00,39.58
20:21:46,8,42.27,0.00,11.34,0.00,0.00,4.12,0.00,0.00,0.00,42.27
20:21:46,9,42.42,0.00,13.13,0.00,0.00,4.04,0.00,0.00,0.00,40.40
20:21:46,10,44.57,0.00,9.78,0.00,0.00,4.35,0.00,0.00,0.00,41.30
20:21:46,11,46.24,0.00,11.83,0.00,0.00,4.30,0.00,0.00,0.00,37.63
20:21:47,all,40.59,0.00,15.48,0.00,0.00,4.32,0.00,0.00,0.00,39.60
20:21:47,0,37.63,0.00,21.51,0.00,0.00,7.53,0.00,0.00,0.00,33.33
20:21:47,1,37.36,0.00,24.18,0.00,0.00,5.49,0.00,0.00,0.00,32.97
20:21:47,2,38.20,0.00,22.47,0.00,0.00,3.37,0.00,0.00,0.00,35.96
20:21:47,3,38.89,0.00,21.11,0.00,0.00,5.56,0.00,0.00,0.00,34.44
20:21:47,4,41.11,0.00,18.89,0.00,0.00,5.56,0.00,0.00,0.00,34.44
20:21:47,5,37.89,0.00,12.63,0.00,0.00,3.16,0.00,0.00,0.00,46.32
20:21:47,6,39.58,0.00,12.50,0.00,0.00,4.17,0.00,0.00,0.00,43.75
20:21:47,7,41.67,0.00,12.50,0.00,0.00,3.12,0.00,0.00,0.00,42.71
20:21:47,8,40.86,0.00,9.68,0.00,0.00,3.23,0.00,0.00,0.00,46.24
20:21:47,9,42.11,0.00,11.58,0.00,0.00,5.26,0.00,0.00,0.00,41.05
20:21:47,10,45.65,0.00,9.78,0.00,0.00,3.26,0.00,0.00,0.00,41.30
20:21:47,11,46.15,0.00,9.89,0.00,0.00,2.20,0.00,0.00,0.00,41.76
20:21:48,all,41.64,0.00,16.26,0.00,0.00,4.83,0.00,0.00,0.00,37.27
20:21:48,0,41.94,0.00,21.51,0.00,0.00,5.38,0.00,0.00,0.00,31.18
20:21:48,1,41.57,0.00,21.35,0.00,0.00,5.62,0.00,0.00,0.00,31.46
20:21:48,2,36.67,0.00,25.56,0.00,0.00,5.56,0.00,0.00,0.00,32.22
20:21:48,3,43.01,0.00,21.51,0.00,0.00,6.45,0.00,0.00,0.00,29.03
20:21:48,4,40.45,0.00,20.22,0.00,0.00,5.62,0.00,0.00,0.00,33.71
20:21:48,5,37.89,0.00,11.58,0.00,0.00,5.26,0.00,0.00,0.00,45.26
20:21:48,6,41.67,0.00,14.58,0.00,0.00,3.12,0.00,0.00,0.00,40.62
20:21:48,7,42.11,0.00,11.58,0.00,0.00,5.26,0.00,0.00,0.00,41.05
20:21:48,8,40.43,0.00,12.77,0.00,0.00,4.26,0.00,0.00,0.00,42.55
20:21:48,9,43.75,0.00,12.50,0.00,0.00,4.17,0.00,0.00,0.00,39.58
20:21:48,10,46.81,0.00,9.57,0.00,0.00,3.19,0.00,0.00,0.00,40.43
20:21:48,11,43.16,0.00,13.68,0.00,0.00,4.21,0.00,0.00,0.00,38.95
20:21:49,all,42.91,0.00,16.06,0.00,0.00,4.37,0.00,0.00,0.00,36.66
20:21:49,0,43.96,0.00,19.78,0.00,0.00,6.59,0.00,0.00,0.00,29.67
20:21:49,1,44.57,0.00,20.65,0.00,0.00,6.52,0.00,0.00,0.00,28.26
20:21:49,2,40.00,0.00,24.21,0.00,0.00,5.26,0.00,0.00,0.00,30.53
20:21:49,3,44.44,0.00,22.22,0.00,0.00,3.33,0.00,0.00,0.00,30.00
20:21:49,4,40.45,0.00,22.47,0.00,0.00,6.74,0.00,0.00,0.00,30.34
20:21:49,5,41.05,0.00,11.58,0.00,0.00,4.21,0.00,0.00,0.00,43.16
20:21:49,6,43.16,0.00,11.58,0.00,0.00,3.16,0.00,0.00,0.00,42.11
20:21:49,7,41.49,0.00,12.77,0.00,0.00,4.26,0.00,0.00,0.00,41.49
20:21:49,8,40.21,0.00,12.37,0.00,0.00,4.12,0.00,0.00,0.00,43.30
20:21:49,9,43.62,0.00,11.70,0.00,0.00,3.19,0.00,0.00,0.00,41.49
20:21:49,10,46.32,0.00,12.63,0.00,0.00,2.11,0.00,0.00,0.00,38.95
20:21:49,11,45.74,0.00,11.70,0.00,0.00,3.19,0.00,0.00,0.00,39.36
20:21:50,all,41.46,0.00,15.72,0.00,0.00,4.52,0.00,0.00,0.00,38.30
20:21:50,0,41.76,0.00,20.88,0.00,0.00,5.49,0.00,0.00,0.00,31.87
20:21:50,1,40.66,0.00,21.98,0.00,0.00,4.40,0.00,0.00,0.00,32.97
20:21:50,2,38.64,0.00,21.59,0.00,0.00,6.82,0.00,0.00,0.00,32.95
20:21:50,3,41.11,0.00,20.00,0.00,0.00,5.56,0.00,0.00,0.00,33.33
20:21:50,4,40.00,0.00,22.22,0.00,0.00,4.44,0.00,0.00,0.00,33.33
20:21:50,5,43.16,0.00,12.63,0.00,0.00,2.11,0.00,0.00,0.00,42.11
20:21:50,6,40.00,0.00,13.68,0.00,0.00,4.21,0.00,0.00,0.00,42.11
20:21:50,7,41.05,0.00,10.53,0.00,0.00,4.21,0.00,0.00,0.00,44.21
20:21:50,8,40.43,0.00,11.70,0.00,0.00,3.19,0.00,0.00,0.00,44.68
20:21:50,9,42.11,0.00,11.58,0.00,0.00,5.26,0.00,0.00,0.00,41.05
20:21:50,10,43.01,0.00,10.75,0.00,0.00,4.30,0.00,0.00,0.00,41.94
20:21:50,11,45.56,0.00,12.22,0.00,0.00,4.44,0.00,0.00,0.00,37.78
20:21:51,all,39.73,0.00,15.54,0.00,0.00,5.18,0.00,0.00,0.00,39.55
20:21:51,0,40.66,0.00,19.78,0.00,0.00,5.49,0.00,0.00,0.00,34.07
20:21:51,1,36.67,0.00,21.11,0.00,0.00,6.67,0.00,0.00,0.00,35.56
20:21:51,2,39.13,0.00,20.65,0.00,0.00,5.43,0.00,0.00,0.00,34.78
20:21:51,3,35.87,0.00,22.83,0.00,0.00,6.52,0.00,0.00,0.00,34.78
20:21:51,4,39.36,0.00,22.34,0.00,0.00,5.32,0.00,0.00,0.00,32.98
20:21:51,5,37.23,0.00,10.64,0.00,0.00,6.38,0.00,0.00,0.00,45.74
20:21:51,6,42.11,0.00,11.58,0.00,0.00,3.16,0.00,0.00,0.00,43.16
20:21:51,7,38.95,0.00,12.63,0.00,0.00,5.26,0.00,0.00,0.00,43.16
20:21:51,8,39.18,0.00,11.34,0.00,0.00,5.15,0.00,0.00,0.00,44.33
20:21:51,9,41.49,0.00,11.70,0.00,0.00,4.26,0.00,0.00,0.00,42.55
20:21:51,10,41.30,0.00,11.96,0.00,0.00,4.35,0.00,0.00,0.00,42.39
20:21:51,11,44.68,0.00,10.64,0.00,0.00,4.26,0.00,0.00,0.00,40.43
20:21:52,all,41.19,0.00,15.43,0.00,0.00,4.29,0.00,0.00,0.00,39.09
20:21:52,0,42.05,0.00,19.32,0.00,0.00,6.82,0.00,0.00,0.00,31.82
20:21:52,1,39.53,0.00,20.93,0.00,0.00,4.65,0.00,0.00,0.00,34.88
20:21:52,2,37.78,0.00,23.33,0.00,0.00,5.56,0.00,0.00,0.00,33.33
20:21:52,3,40.86,0.00,21.51,0.00,0.00,5.38,0.00,0.00,0.00,32.26
20:21:52,4,37.93,0.00,21.84,0.00,0.00,4.60,0.00,0.00,0.00,35.63
20:21:52,5,38.54,0.00,14.58,0.00,0.00,4.17,0.00,0.00,0.00,42.71
20:21:52,6,40.86,0.00,11.83,0.00,0.00,3.23,0.00,0.00,0.00,44.09
20:21:52,7,43.01,0.00,11.83,0.00,0.00,3.23,0.00,0.00,0.00,41.94
20:21:52,8,39.78,0.00,10.75,0.00,0.00,3.23,0.00,0.00,0.00,46.24
20:21:52,9,42.86,0.00,10.99,0.00,0.00,3.30,0.00,0.00,0.00,42.86
20:21:52,10,45.65,0.00,9.78,0.00,0.00,3.26,0.00,0.00,0.00,41.30
20:21:52,11,45.16,0.00,9.68,0.00,0.00,4.30,0.00,0.00,0.00,40.86
20:21:53,all,40.80,0.00,15.73,0.00,0.00,4.71,0.00,0.00,0.00,38.76
20:21:53,0,40.86,0.00,21.51,0.00,0.00,5.38,0.00,0.00,0.00,32.26
20:21:53,1,38.46,0.00,21.98,0.00,0.00,6.59,0.00,0.00,0.00,32.97
20:21:53,2,41.76,0.00,17.58,0.00,0.00,7.69,0.00,0.00,0.00,32.97
20:21:53,3,41.94,0.00,21.51,0.00,0.00,4.30,0.00,0.00,0.00,32.26
20:21:53,4,38.04,0.00,21.74,0.00,0.00,6.52,0.00,0.00,0.00,33.70
20:21:53,5,38.95,0.00,12.63,0.00,0.00,4.21,0.00,0.00,0.00,44.21
20:21:53,6,39.80,0.00,13.27,0.00,0.00,4.08,0.00,0.00,0.00,42.86
20:21:53,7,40.82,0.00,11.22,0.00,0.00,5.10,0.00,0.00,0.00,42.86
20:21:53,8,39.58,0.00,12.50,0.00,0.00,3.12,0.00,0.00,0.00,44.79
20:21:53,9,41.67,0.00,13.54,0.00,0.00,4.17,0.00,0.00,0.00,40.62
20:21:53,10,43.48,0.00,10.87,0.00,0.00,3.26,0.00,0.00,0.00,42.39
20:21:53,11,44.44,0.00,11.11,0.00,0.00,2.22,0.00,0.00,0.00,42.22
20:21:54,all,39.96,0.00,15.70,0.00,0.00,4.91,0.00,0.00,0.00,39.43
20:21:54,0,35.96,0.00,24.72,0.00,0.00,6.74,0.00,0.00,0.00,32.58
20:21:54,1,41.30,0.00,20.65,0.00,0.00,4.35,0.00,0.00,0.00,33.70
20:21:54,2,38.46,0.00,21.98,0.00,0.00,4.40,0.00,0.00,0.00,35.16
20:21:54,3,38.46,0.00,20.88,0.00,0.00,6.59,0.00,0.00,0.00,34.07
20:21:54,4,39.33,0.00,20.22,0.00,0.00,5.62,0.00,0.00,0.00,34.83
20:21:54,5,36.36,0.00,13.13,0.00,0.00,5.05,0.00,0.00,0.00,45.45
20:21:54,6,40.00,0.00,12.63,0.00,0.00,4.21,0.00,0.00,0.00,43.16
20:21:54,7,40.00,0.00,12.63,0.00,0.00,4.21,0.00,0.00,0.00,43.16
20:21:54,8,40.21,0.00,10.31,0.00,0.00,6.19,0.00,0.00,0.00,43.30
20:21:54,9,43.88,0.00,12.24,0.00,0.00,3.06,0.00,0.00,0.00,40.82
20:21:54,10,40.00,0.00,10.00,0.00,0.00,4.44,0.00,0.00,0.00,45.56
20:21:54,11,45.26,0.00,10.53,0.00,0.00,4.21,0.00,0.00,0.00,40.00
20:21:55,all,41.21,0.00,15.96,0.00,0.00,4.69,0.00,0.00,0.00,38.14
20:21:55,0,39.33,0.00,21.35,0.00,0.00,5.62,0.00,0.00,0.00,33.71
20:21:55,1,40.23,0.00,20.69,0.00,0.00,5.75,0.00,0.00,0.00,33.33
20:21:55,2,35.96,0.00,22.47,0.00,0.00,5.62,0.00,0.00,0.00,35.96
20:21:55,3,38.89,0.00,21.11,0.00,0.00,6.67,0.00,0.00,0.00,33.33
20:21:55,4,39.56,0.00,20.88,0.00,0.00,6.59,0.00,0.00,0.00,32.97
20:21:55,5,40.43,0.00,11.70,0.00,0.00,3.19,0.00,0.00,0.00,44.68
20:21:55,6,42.71,0.00,14.58,0.00,0.00,4.17,0.00,0.00,0.00,38.54
20:21:55,7,41.49,0.00,15.96,0.00,0.00,3.19,0.00,0.00,0.00,39.36
20:21:55,8,40.00,0.00,10.53,0.00,0.00,4.21,0.00,0.00,0.00,45.26
20:21:55,9,44.21,0.00,12.63,0.00,0.00,3.16,0.00,0.00,0.00,40.00
20:21:55,10,44.79,0.00,11.46,0.00,0.00,4.17,0.00,0.00,0.00,39.58
20:21:55,11,46.24,0.00,9.68,0.00,0.00,4.30,0.00,0.00,0.00,39.78
20:21:56,all,52.25,0.00,17.50,0.09,0.00,5.03,0.00,0.00,0.00,25.13
20:21:56,0,52.63,0.00,24.21,0.00,0.00,6.32,0.00,0.00,0.00,16.84
20:21:56,1,52.08,0.00,22.92,0.00,0.00,6.25,0.00,0.00,0.00,18.75
20:21:56,2,51.58,0.00,18.95,0.00,0.00,6.32,0.00,0.00,0.00,23.16
20:21:56,3,48.42,0.00,26.32,0.00,0.00,8.42,0.00,0.00,0.00,16.84
20:21:56,4,50.52,0.00,23.71,0.00,0.00,5.15,0.00,0.00,0.00,20.62
20:21:56,5,52.58,0.00,14.43,0.00,0.00,5.15,0.00,0.00,0.00,27.84
20:21:56,6,54.17,0.00,14.58,0.00,0.00,3.12,0.00,0.00,0.00,28.12
20:21:56,7,55.79,0.00,11.58,0.00,0.00,3.16,0.00,0.00,0.00,29.47
20:21:56,8,49.48,0.00,14.43,0.00,0.00,4.12,0.00,0.00,0.00,31.96
20:21:56,9,52.58,0.00,13.40,0.00,0.00,4.12,0.00,0.00,0.00,29.90
20:21:56,10,54.74,0.00,11.58,0.00,0.00,4.21,0.00,0.00,0.00,29.47
20:21:56,11,52.53,0.00,14.14,1.01,0.00,4.04,0.00,0.00,0.00,28.28
20:21:57,all,59.42,0.00,17.80,0.00,0.00,4.71,0.00,0.00,0.00,18.06
20:21:57,0,53.12,0.00,22.92,0.00,0.00,8.33,0.00,0.00,0.00,15.62
20:21:57,1,55.32,0.00,23.40,0.00,0.00,6.38,0.00,0.00,0.00,14.89
20:21:57,2,60.22,0.00,21.51,0.00,0.00,5.38,0.00,0.00,0.00,12.90
20:21:57,3,55.79,0.00,23.16,0.00,0.00,6.32,0.00,0.00,0.00,14.74
20:21:57,4,58.06,0.00,21.51,0.00,0.00,5.38,0.00,0.00,0.00,15.05
20:21:57,5,61.22,0.00,15.31,0.00,0.00,4.08,0.00,0.00,0.00,19.39
20:21:57,6,58.76,0.00,14.43,0.00,0.00,4.12,0.00,0.00,0.00,22.68
20:21:57,7,61.05,0.00,12.63,0.00,0.00,4.21,0.00,0.00,0.00,22.11
20:21:57,8,59.79,0.00,14.43,0.00,0.00,4.12,0.00,0.00,0.00,21.65
20:21:57,9,62.89,0.00,16.49,0.00,0.00,3.09,0.00,0.00,0.00,17.53
20:21:57,10,58.33,0.00,15.62,0.00,0.00,2.08,0.00,0.00,0.00,23.96
20:21:57,11,68.42,0.00,12.63,0.00,0.00,3.16,0.00,0.00,0.00,15.79
20:21:58,all,42.39,0.00,15.49,0.00,0.00,5.08,0.00,0.00,0.00,37.04
20:21:58,0,41.11,0.00,22.22,0.00,0.00,5.56,0.00,0.00,0.00,31.11
20:21:58,1,41.57,0.00,21.35,0.00,0.00,5.62,0.00,0.00,0.00,31.46
20:21:58,2,40.45,0.00,20.22,0.00,0.00,6.74,0.00,0.00,0.00,32.58
20:21:58,3,40.86,0.00,20.43,0.00,0.00,6.45,0.00,0.00,0.00,32.26
20:21:58,4,40.66,0.00,20.88,0.00,0.00,6.59,0.00,0.00,0.00,31.87
20:21:58,5,38.95,0.00,14.74,0.00,0.00,3.16,0.00,0.00,0.00,43.16
20:21:58,6,45.26,0.00,10.53,0.00,0.00,4.21,0.00,0.00,0.00,40.00
20:21:58,7,43.88,0.00,11.22,0.00,0.00,5.10,0.00,0.00,0.00,39.80
20:21:58,8,40.00,0.00,11.58,0.00,0.00,4.21,0.00,0.00,0.00,44.21
20:21:58,9,42.71,0.00,12.50,0.00,0.00,4.17,0.00,0.00,0.00,40.62
20:21:58,10,47.92,0.00,10.42,0.00,0.00,4.17,0.00,0.00,0.00,37.50
20:21:58,11,44.79,0.00,11.46,0.00,0.00,5.21,0.00,0.00,0.00,38.54
20:21:59,all,42.18,0.00,16.34,0.00,0.00,4.97,0.00,0.00,0.00,36.50
20:21:59,0,39.13,0.00,23.91,0.00,0.00,6.52,0.00,0.00,0.00,30.43
20:21:59,1,38.89,0.00,23.33,0.00,0.00,6.67,0.00,0.00,0.00,31.11
20:21:59,2,39.13,0.00,21.74,0.00,0.00,6.52,0.00,0.00,0.00,32.61
20:21:59,3,42.05,0.00,20.45,0.00,0.00,5.68,0.00,0.00,0.00,31.82
20:21:59,4,41.30,0.00,21.74,0.00,0.00,5.43,0.00,0.00,0.00,31.52
20:21:59,5,39.18,0.00,13.40,0.00,0.00,4.12,0.00,0.00,0.00,43.30
20:21:59,6,44.79,0.00,10.42,0.00,0.00,5.21,0.00,0.00,0.00,39.58
20:21:59,7,43.16,0.00,12.63,0.00,0.00,4.21,0.00,0.00,0.00,40.00
20:21:59,8,41.24,0.00,13.40,0.00,0.00,5.15,0.00,0.00,0.00,40.21
20:21:59,9,44.21,0.00,12.63,0.00,0.00,3.16,0.00,0.00,0.00,40.00
20:21:59,10,45.92,0.00,11.22,0.00,0.00,4.08,0.00,0.00,0.00,38.78
20:21:59,11,46.81,0.00,12.77,0.00,0.00,3.19,0.00,0.00,0.00,37.23
20:22:00,all,41.70,0.00,15.78,0.00,0.00,4.75,0.00,0.00,0.00,37.76
20:22:00,0,41.30,0.00,21.74,0.00,0.00,6.52,0.00,0.00,0.00,30.43
20:22:00,1,42.70,0.00,21.35,0.00,0.00,5.62,0.00,0.00,0.00,30.34
20:22:00,2,40.91,0.00,22.73,0.00,0.00,4.55,0.00,0.00,0.00,31.82
20:22:00,3,37.50,0.00,21.59,0.00,0.00,6.82,0.00,0.00,0.00,34.09
20:22:00,4,38.89,0.00,23.33,0.00,0.00,5.56,0.00,0.00,0.00,32.22
20:22:00,5,37.50,0.00,11.46,0.00,0.00,5.21,0.00,0.00,0.00,45.83
20:22:00,6,42.86,0.00,14.29,0.00,0.00,3.06,0.00,0.00,0.00,39.80
20:22:00,7,46.39,0.00,11.34,0.00,0.00,4.12,0.00,0.00,0.00,38.14
20:22:00,8,40.62,0.00,10.42,0.00,0.00,5.21,0.00,0.00,0.00,43.75
20:22:00,9,40.43,0.00,12.77,0.00,0.00,4.26,0.00,0.00,0.00,42.55
20:22:00,10,45.05,0.00,9.89,0.00,0.00,3.30,0.00,0.00,0.00,41.76
20:22:00,11,45.83,0.00,10.42,0.00,0.00,3.12,0.00,0.00,0.00,40.62
20:22:01,all,41.00,0.00,15.94,0.09,0.00,4.57,0.00,0.00,0.00,38.41
20:22:01,0,40.66,0.00,19.78,0.00,0.00,6.59,0.00,0.00,0.00,32.97
20:22:01,1,39.56,0.00,20.88,1.10,0.00,6.59,0.00,0.00,0.00,31.87
20:22:01,2,38.46,0.00,21.98,0.00,0.00,5.49,0.00,0.00,0.00,34.07
20:22:01,3,36.26,0.00,24.18,0.00,0.00,5.49,0.00,0.00,0.00,34.07
20:22:01,4,40.66,0.00,20.88,0.00,0.00,5.49,0.00,0.00,0.00,32.97
20:22:01,5,38.71,0.00,12.90,0.00,0.00,4.30,0.00,0.00,0.00,44.09
20:22:01,6,41.67,0.00,13.54,0.00,0.00,4.17,0.00,0.00,0.00,40.62
20:22:01,7,41.05,0.00,13.68,0.00,0.00,3.16,0.00,0.00,0.00,42.11
20:22:01,8,41.67,0.00,11.46,0.00,0.00,3.12,0.00,0.00,0.00,43.75
20:22:01,9,43.75,0.00,12.50,0.00,0.00,4.17,0.00,0.00,0.00,39.58
20:22:01,10,43.62,0.00,10.64,0.00,0.00,3.19,0.00,0.00,0.00,42.55
20:22:01,11,45.65,0.00,9.78,0.00,0.00,3.26,0.00,0.00,0.00,41.30
20:22:02,all,48.09,0.00,15.32,0.00,0.00,4.72,0.00,0.00,0.00,31.88
20:22:02,0,48.39,0.00,20.43,0.00,0.00,6.45,0.00,0.00,0.00,24.73
20:22:02,1,46.74,0.00,22.83,0.00,0.00,4.35,0.00,0.00,0.00,26.09
20:22:02,2,48.31,0.00,17.98,0.00,0.00,5.62,0.00,0.00,0.00,28.09
20:22:02,3,41.94,0.00,23.66,0.00,0.00,7.53,0.00,0.00,0.00,26.88
20:22:02,4,43.33,0.00,21.11,0.00,0.00,6.67,0.00,0.00,0.00,28.89
20:22:02,5,47.42,0.00,12.37,0.00,0.00,4.12,0.00,0.00,0.00,36.08
20:22:02,6,52.08,0.00,10.42,0.00,0.00,4.17,0.00,0.00,0.00,33.33
20:22:02,7,47.42,0.00,12.37,0.00,0.00,5.15,0.00,0.00,0.00,35.05
20:22:02,8,44.79,0.00,13.54,0.00,0.00,4.17,0.00,0.00,0.00,37.50
20:22:02,9,51.58,0.00,10.53,0.00,0.00,3.16,0.00,0.00,0.00,34.74
20:22:02,10,51.58,0.00,9.47,0.00,0.00,3.16,0.00,0.00,0.00,35.79
20:22:02,11,53.33,0.00,10.00,0.00,0.00,2.22,0.00,0.00,0.00,34.44
20:22:03,all,70.64,0.00,17.45,0.00,0.00,5.28,0.00,0.00,0.00,6.64
20:22:03,0,58.76,0.00,25.77,0.00,0.00,10.31,0.00,0.00,0.00,5.15
20:22:03,1,72.73,0.00,19.19,0.00,0.00,6.06,0.00,0.00,0.00,2.02
20:22:03,2,65.66,0.00,21.21,0.00,0.00,9.09,0.00,0.00,0.00,4.04
20:22:03,3,62.89,0.00,25.77,0.00,0.00,5.15,0.00,0.00,0.00,6.19
20:22:03,4,63.92,0.00,23.71,0.00,0.00,8.25,0.00,0.00,0.00,4.12
20:22:03,5,74.49,0.00,16.33,0.00,0.00,5.10,0.00,0.00,0.00,4.08
20:22:03,6,69.07,0.00,16.49,0.00,0.00,4.12,0.00,0.00,0.00,10.31
20:22:03,7,78.35,0.00,13.40,0.00,0.00,2.06,0.00,0.00,0.00,6.19
20:22:03,8,74.49,0.00,12.24,0.00,0.00,4.08,0.00,0.00,0.00,9.18
20:22:03,9,73.96,0.00,10.42,0.00,0.00,2.08,0.00,0.00,0.00,13.54
20:22:03,10,76.53,0.00,12.24,0.00,0.00,2.04,0.00,0.00,0.00,9.18
20:22:03,11,76.47,0.00,12.75,0.00,0.00,4.90,0.00,0.00,0.00,5.88
20:22:04,all,53.20,0.00,17.27,0.00,0.00,5.00,0.00,0.00,0.00,24.54
20:22:04,0,48.42,0.00,24.21,0.00,0.00,7.37,0.00,0.00,0.00,20.00
20:22:04,1,50.00,0.00,23.40,0.00,0.00,5.32,0.00,0.00,0.00,21.28
20:22:04,2,47.31,0.00,22.58,0.00,0.00,8.60,0.00,0.00,0.00,21.51
20:22:04,3,55.79,0.00,20.00,0.00,0.00,4.21,0.00,0.00,0.00,20.00
20:22:04,4,50.00,0.00,22.83,0.00,0.00,6.52,0.00,0.00,0.00,20.65
20:22:04,5,53.54,0.00,14.14,0.00,0.00,5.05,0.00,0.00,0.00,27.27
20:22:04,6,54.64,0.00,13.40,0.00,0.00,4.12,0.00,0.00,0.00,27.84
20:22:04,7,56.25,0.00,12.50,0.00,0.00,3.12,0.00,0.00,0.00,28.12
20:22:04,8,50.00,0.00,13.54,0.00,0.00,5.21,0.00,0.00,0.00,31.25
20:22:04,9,56.25,0.00,15.62,0.00,0.00,3.12,0.00,0.00,0.00,25.00
20:22:04,10,56.25,0.00,12.50,0.00,0.00,4.17,0.00,0.00,0.00,27.08
20:22:04,11,59.78,0.00,13.04,0.00,0.00,3.26,0.00,0.00,0.00,23.91
20:22:05,all,42.23,0.00,15.00,0.00,0.00,4.67,0.00,0.00,0.00,38.10
20:22:05,0,39.77,0.00,20.45,0.00,0.00,5.68,0.00,0.00,0.00,34.09
20:22:05,1,41.76,0.00,21.98,0.00,0.00,5.49,0.00,0.00,0.00,30.77
20:22:05,2,40.22,0.00,20.65,0.00,0.00,6.52,0.00,0.00,0.00,32.61
20:22:05,3,41.57,0.00,20.22,0.00,0.00,5.62,0.00,0.00,0.00,32.58
20:22:05,4,40.86,0.00,21.51,0.00,0.00,5.38,0.00,0.00,0.00,32.26
20:22:05,5,43.01,0.00,11.83,0.00,0.00,2.15,0.00,0.00,0.00,43.01
20:22:05,6,42.55,0.00,8.51,0.00,0.00,5.32,0.00,0.00,0.00,43.62
20:22:05,7,41.05,0.00,11.58,0.00,0.00,5.26,0.00,0.00,0.00,42.11
20:22:05,8,41.49,0.00,10.64,0.00,0.00,3.19,0.00,0.00,0.00,44.68
20:22:05,9,41.94,0.00,11.83,0.00,0.00,4.30,0.00,0.00,0.00,41.94
20:22:05,10,46.32,0.00,11.58,0.00,0.00,3.16,0.00,0.00,0.00,38.95
20:22:05,11,45.83,0.00,10.42,0.00,0.00,4.17,0.00,0.00,0.00,39.58
20:22:06,all,41.44,0.00,14.86,0.00,0.00,5.23,0.00,0.00,0.00,38.47
20:22:06,0,40.00,0.00,21.11,0.00,0.00,6.67,0.00,0.00,0.00,32.22
20:22:06,1,41.76,0.00,19.78,0.00,0.00,6.59,0.00,0.00,0.00,31.87
20:22:06,2,40.86,0.00,19.35,0.00,0.00,6.45,0.00,0.00,0.00,33.33
20:22:06,3,42.39,0.00,19.57,0.00,0.00,5.43,0.00,0.00,0.00,32.61
20:22:06,4,39.33,0.00,21.35,0.00,0.00,6.74,0.00,0.00,0.00,32.58
20:22:06,5,41.05,0.00,10.53,0.00,0.00,5.26,0.00,0.00,0.00,43.16
20:22:06,6,41.67,0.00,12.50,0.00,0.00,5.21,0.00,0.00,0.00,40.62
20:22:06,7,41.30,0.00,10.87,0.00,0.00,3.26,0.00,0.00,0.00,44.57
20:22:06,8,41.24,0.00,11.34,0.00,0.00,4.12,0.00,0.00,0.00,43.30
20:22:06,9,41.05,0.00,12.63,0.00,0.00,5.26,0.00,0.00,0.00,41.05
20:22:06,10,44.44,0.00,7.78,0.00,0.00,3.33,0.00,0.00,0.00,44.44
20:22:06,11,42.22,0.00,12.22,0.00,0.00,4.44,0.00,0.00,0.00,41.11
20:22:07,all,40.48,0.00,15.73,0.00,0.00,4.74,0.00,0.00,0.00,39.05
20:22:07,0,40.66,0.00,19.78,0.00,0.00,6.59,0.00,0.00,0.00,32.97
20:22:07,1,40.22,0.00,21.74,0.00,0.00,5.43,0.00,0.00,0.00,32.61
20:22:07,2,39.56,0.00,21.98,0.00,0.00,5.49,0.00,0.00,0.00,32.97
20:22:07,3,35.56,0.00,23.33,0.00,0.00,6.67,0.00,0.00,0.00,34.44
20:22:07,4,39.56,0.00,19.78,0.00,0.00,5.49,0.00,0.00,0.00,35.16
20:22:07,5,38.54,0.00,11.46,0.00,0.00,5.21,0.00,0.00,0.00,44.79
20:22:07,6,41.84,0.00,12.24,0.00,0.00,4.08,0.00,0.00,0.00,41.84
20:22:07,7,42.11,0.00,11.58,0.00,0.00,3.16,0.00,0.00,0.00,43.16
20:22:07,8,40.43,0.00,11.70,0.00,0.00,3.19,0.00,0.00,0.00,44.68
20:22:07,9,40.43,0.00,12.77,0.00,0.00,4.26,0.00,0.00,0.00,42.55
20:22:07,10,42.39,0.00,11.96,0.00,0.00,4.35,0.00,0.00,0.00,41.30
20:22:07,11,44.21,0.00,11.58,0.00,0.00,3.16,0.00,0.00,0.00,41.05
20:22:08,all,41.45,0.00,15.76,0.00,0.00,4.66,0.00,0.00,0.00,38.14
20:22:08,0,39.56,0.00,21.98,0.00,0.00,5.49,0.00,0.00,0.00,32.97
20:22:08,1,39.13,0.00,22.83,0.00,0.00,6.52,0.00,0.00,0.00,31.52
20:22:08,2,41.11,0.00,20.00,0.00,0.00,4.44,0.00,0.00,0.00,34.44
20:22:08,3,38.20,0.00,23.60,0.00,0.00,6.74,0.00,0.00,0.00,31.46
20:22:08,4,40.45,0.00,21.35,0.00,0.00,5.62,0.00,0.00,0.00,32.58
20:22:08,5,41.24,0.00,10.31,0.00,0.00,3.09,0.00,0.00,0.00,45.36
20:22:08,6,42.11,0.00,11.58,0.00,0.00,4.21,0.00,0.00,0.00,42.11
20:22:08,7,43.43,0.00,11.11,0.00,0.00,5.05,0.00,0.00,0.00,40.40
20:22:08,8,41.41,0.00,12.12,0.00,0.00,5.05,0.00,0.00,0.00,41.41
20:22:08,9,42.11,0.00,12.63,0.00,0.00,4.21,0.00,0.00,0.00,41.05
20:22:08,10,44.57,0.00,10.87,0.00,0.00,3.26,0.00,0.00,0.00,41.30
20:22:08,11,43.82,0.00,12.36,0.00,0.00,2.25,0.00,0.00,0.00,41.57
20:22:09,all,42.82,0.00,16.58,0.09,0.00,4.52,0.00,0.00,0.00,35.99
20:22:09,0,43.01,0.00,21.51,0.00,0.00,5.38,0.00,0.00,0.00,30.11
20:22:09,1,46.74,0.00,20.65,0.00,0.00,4.35,0.00,0.00,0.00,28.26
20:22:09,2,41.76,0.00,23.08,0.00,0.00,4.40,0.00,0.00,0.00,30.77
20:22:09,3,44.09,0.00,20.43,0.00,0.00,5.38,0.00,0.00,0.00,30.11
20:22:09,4,39.78,0.00,23.66,0.00,0.00,5.38,0.00,0.00,0.00,31.18
20:22:09,5,41.24,0.00,14.43,0.00,0.00,3.09,0.00,0.00,0.00,41.24
20:22:09,6,41.49,0.00,12.77,0.00,0.00,5.32,0.00,0.00,0.00,40.43
20:22:09,7,42.27,0.00,13.40,0.00,0.00,4.12,0.00,0.00,0.00,40.21
20:22:09,8,39.36,0.00,13.83,0.00,0.00,4.26,0.00,0.00,0.00,42.55
20:22:09,9,42.11,0.00,13.68,0.00,0.00,5.26,0.00,0.00,0.00,38.95
20:22:09,10,45.74,0.00,9.57,1.06,0.00,3.19,0.00,0.00,0.00,40.43
20:22:09,11,46.32,0.00,12.63,0.00,0.00,4.21,0.00,0.00,0.00,36.84
20:22:10,all,41.88,0.00,15.43,0.00,0.00,4.39,0.00,0.00,0.00,38.30
20:22:10,0,39.78,0.00,22.58,0.00,0.00,5.38,0.00,0.00,0.00,32.26
20:22:10,1,45.05,0.00,19.78,0.00,0.00,5.49,0.00,0.00,0.00,29.67
20:22:10,2,40.66,0.00,18.68,0.00,0.00,6.59,0.00,0.00,0.00,34.07
20:22:10,3,42.22,0.00,22.22,0.00,0.00,5.56,0.00,0.00,0.00,30.00
20:22:10,4,38.20,0.00,22.47,0.00,0.00,4.49,0.00,0.00,0.00,34.83
20:22:10,5,38.54,0.00,12.50,0.00,0.00,4.17,0.00,0.00,0.00,44.79
20:22:10,6,41.05,0.00,12.63,0.00,0.00,4.21,0.00,0.00,0.00,42.11
20:22:10,7,42.71,0.00,10.42,0.00,0.00,5.21,0.00,0.00,0.00,41.67
20:22:10,8,39.36,0.00,10.64,0.00,0.00,4.26,0.00,0.00,0.00,45.74
20:22:10,9,42.86,0.00,10.99,0.00,0.00,2.20,0.00,0.00,0.00,43.96
20:22:10,10,46.81,0.00,11.70,0.00,0.00,3.19,0.00,0.00,0.00,38.30
20:22:10,11,45.26,0.00,11.58,0.00,0.00,2.11,0.00,0.00,0.00,41.05
20:22:11,all,40.95,0.00,15.05,0.00,0.00,4.84,0.00,0.00,0.00,39.16
20:22:11,0,43.96,0.00,19.78,0.00,0.00,4.40,0.00,0.00,0.00,31.87
20:22:11,1,39.56,0.00,21.98,0.00,0.00,5.49,0.00,0.00,0.00,32.97
20:22:11,2,39.13,0.00,21.74,0.00,0.00,6.52,0.00,0.00,0.00,32.61
20:22:11,3,38.89,0.00,21.11,0.00,0.00,5.56,0.00,0.00,0.00,34.44
20:22:11,4,39.78,0.00,21.51,0.00,0.00,6.45,0.00,0.00,0.00,32.26
20:22:11,5,38.30,0.00,8.51,0.00,0.00,5.32,0.00,0.00,0.00,47.87
20:22:11,6,40.62,0.00,11.46,0.00,0.00,4.17,0.00,0.00,0.00,43.75
20:22:11,7,43.62,0.00,10.64,0.00,0.00,3.19,0.00,0.00,0.00,42.55
20:22:11,8,38.54,0.00,12.50,0.00,0.00,4.17,0.00,0.00,0.00,44.79
20:22:11,9,41.49,0.00,10.64,0.00,0.00,5.32,0.00,0.00,0.00,42.55
20:22:11,10,44.68,0.00,10.64,0.00,0.00,4.26,0.00,0.00,0.00,40.43
20:22:11,11,42.86,0.00,10.99,0.00,0.00,3.30,0.00,0.00,0.00,42.86
20:22:12,all,41.11,0.00,15.53,0.00,0.00,4.58,0.00,0.00,0.00,38.78
20:22:12,0,40.66,0.00,20.88,0.00,0.00,5.49,0.00,0.00,0.00,32.97
20:22:12,1,38.46,0.00,21.98,0.00,0.00,5.49,0.00,0.00,0.00,34.07
20:22:12,2,38.20,0.00,21.35,0.00,0.00,5.62,0.00,0.00,0.00,34.83
20:22:12,3,37.36,0.00,23.08,0.00,0.00,6.59,0.00,0.00,0.00,32.97
20:22:12,4,38.46,0.00,21.98,0.00,0.00,4.40,0.00,0.00,0.00,35.16
20:22:12,5,40.62,0.00,12.50,0.00,0.00,3.12,0.00,0.00,0.00,43.75
20:22:12,6,42.55,0.00,10.64,0.00,0.00,4.26,0.00,0.00,0.00,42.55
20:22:12,7,39.78,0.00,11.83,0.00,0.00,5.38,0.00,0.00,0.00,43.01
20:22:12,8,41.24,0.00,11.34,0.00,0.00,4.12,0.00,0.00,0.00,43.30
20:22:12,9,43.16,0.00,12.63,0.00,0.00,3.16,0.00,0.00,0.00,41.05
20:22:12,10,46.24,0.00,8.60,0.00,0.00,3.23,0.00,0.00,0.00,41.94
20:22:12,11,46.24,0.00,10.75,0.00,0.00,4.30,0.00,0.00,0.00,38.71
20:22:13,all,41.07,0.00,15.71,0.00,0.00,4.55,0.00,0.00,0.00,38.66
20:22:13,0,39.56,0.00,20.88,0.00,0.00,6.59,0.00,0.00,0.00,32.97
20:22:13,1,41.30,0.00,19.57,0.00,0.00,5.43,0.00,0.00,0.00,33.70
20:22:13,2,39.33,0.00,21.35,0.00,0.00,5.62,0.00,0.00,0.00,33.71
20:22:13,3,37.50,0.00,22.73,0.00,0.00,3.41,0.00,0.00,0.00,36.36
20:22:13,4,39.56,0.00,21.98,0.00,0.00,5.49,0.00,0.00,0.00,32.97
20:22:13,5,37.11,0.00,13.40,0.00,0.00,4.12,0.00,0.00,0.00,45.36
20:22:13,6,39.36,0.00,10.64,0.00,0.00,4.26,0.00,0.00,0.00,45.74
20:22:13,7,41.67,0.00,12.50,0.00,0.00,4.17,0.00,0.00,0.00,41.67
20:22:13,8,42.71,0.00,12.50,0.00,0.00,3.12,0.00,0.00,0.00,41.67
20:22:13,9,43.88,0.00,11.22,0.00,0.00,5.10,0.00,0.00,0.00,39.80
20:22:13,10,44.68,0.00,11.70,0.00,0.00,3.19,0.00,0.00,0.00,40.43
20:22:13,11,45.74,0.00,11.70,0.00,0.00,4.26,0.00,0.00,0.00,38.30
20:22:14,all,41.16,0.00,15.54,0.00,0.00,4.29,0.00,0.00,0.00,39.02
20:22:14,0,38.20,0.00,22.47,0.00,0.00,5.62,0.00,0.00,0.00,33.71
20:22:14,1,42.39,0.00,21.74,0.00,0.00,5.43,0.00,0.00,0.00,30.43
20:22:14,2,38.20,0.00,20.22,0.00,0.00,6.74,0.00,0.00,0.00,34.83
20:22:14,3,35.56,0.00,23.33,0.00,0.00,5.56,0.00,0.00,0.00,35.56
20:22:14,4,38.89,0.00,22.22,0.00,0.00,5.56,0.00,0.00,0.00,33.33
20:22:14,5,39.36,0.00,10.64,0.00,0.00,2.13,0.00,0.00,0.00,47.87
20:22:14,6,42.86,0.00,11.22,0.00,0.00,4.08,0.00,0.00,0.00,41.84
20:22:14,7,43.88,0.00,12.24,0.00,0.00,3.06,0.00,0.00,0.00,40.82
20:22:14,8,40.21,0.00,12.37,0.00,0.00,4.12,0.00,0.00,0.00,43.30
20:22:14,9,45.16,0.00,10.75,0.00,0.00,2.15,0.00,0.00,0.00,41.94
20:22:14,10,44.79,0.00,10.42,0.00,0.00,4.17,0.00,0.00,0.00,40.62
20:22:14,11,43.62,0.00,10.64,0.00,0.00,3.19,0.00,0.00,0.00,42.55
20:22:15,all,41.30,0.00,14.74,0.00,0.00,4.71,0.00,0.00,0.00,39.25
20:22:15,0,42.70,0.00,17.98,0.00,0.00,6.74,0.00,0.00,0.00,32.58
20:22:15,1,41.76,0.00,19.78,0.00,0.00,6.59,0.00,0.00,0.00,31.87
20:22:15,2,38.89,0.00,20.00,0.00,0.00,5.56,0.00,0.00,0.00,35.56
20:22:15,3,38.89,0.00,22.22,0.00,0.00,5.56,0.00,0.00,0.00,33.33
20:22:15,4,38.04,0.00,20.65,0.00,0.00,6.52,0.00,0.00,0.00,34.78
20:22:15,5,40.21,0.00,10.31,0.00,0.00,4.12,0.00,0.00,0.00,45.36
20:22:15,6,40.21,0.00,13.40,0.00,0.00,3.09,0.00,0.00,0.00,43.30
20:22:15,7,43.30,0.00,11.34,0.00,0.00,3.09,0.00,0.00,0.00,42.27
20:22:15,8,39.80,0.00,11.22,0.00,0.00,3.06,0.00,0.00,0.00,45.92
20:22:15,9,45.45,0.00,9.09,0.00,0.00,5.05,0.00,0.00,0.00,40.40
20:22:15,10,44.68,0.00,10.64,0.00,0.00,3.19,0.00,0.00,0.00,41.49
20:22:15,11,41.30,0.00,11.96,0.00,0.00,4.35,0.00,0.00,0.00,42.39
20:22:16,all,41.94,0.00,15.93,0.00,0.00,4.77,0.00,0.00,0.00,37.35
20:22:16,0,41.49,0.00,24.47,0.00,0.00,5.32,0.00,0.00,0.00,28.72
20:22:16,1,40.45,0.00,22.47,0.00,0.00,4.49,0.00,0.00,0.00,32.58
20:22:16,2,43.33,0.00,18.89,0.00,0.00,4.44,0.00,0.00,0.00,33.33
20:22:16,3,41.76,0.00,19.78,0.00,0.00,6.59,0.00,0.00,0.00,31.87
20:22:16,4,39.33,0.00,22.47,0.00,0.00,5.62,0.00,0.00,0.00,32.58
20:22:16,5,40.62,0.00,11.46,0.00,0.00,4.17,0.00,0.00,0.00,43.75
20:22:16,6,38.95,0.00,13.68,0.00,0.00,5.26,0.00,0.00,0.00,42.11
20:22:16,7,44.21,0.00,11.58,0.00,0.00,4.21,0.00,0.00,0.00,40.00
20:22:16,8,41.05,0.00,9.47,0.00,0.00,4.21,0.00,0.00,0.00,45.26
20:22:16,9,43.62,0.00,13.83,0.00,0.00,4.26,0.00,0.00,0.00,38.30
20:22:16,10,44.57,0.00,11.96,0.00,0.00,4.35,0.00,0.00,0.00,39.13
20:22:16,11,43.96,0.00,12.09,0.00,0.00,4.40,0.00,0.00,0.00,39.56
20:22:17,all,40.83,0.00,14.66,0.00,0.00,4.86,0.00,0.00,0.00,39.66
20:22:17,0,37.78,0.00,21.11,0.00,0.00,6.67,0.00,0.00,0.00,34.44
20:22:17,1,38.20,0.00,20.22,0.00,0.00,6.74,0.00,0.00,0.00,34.83
20:22:17,2,38.64,0.00,19.32,0.00,0.00,6.82,0.00,0.00,0.00,35.23
20:22:17,3,39.56,0.00,19.78,0.00,0.00,6.59,0.00,0.00,0.00,34.07
20:22:17,4,40.66,0.00,20.88,0.00,0.00,5.49,0.00,0.00,0.00,32.97
20:22:17,5,40.21,0.00,10.31,0.00,0.00,4.12,0.00,0.00,0.00,45.36
20:22:17,6,41.49,0.00,11.70,0.00,0.00,4.26,0.00,0.00,0.00,42.55
20:22:17,7,42.11,0.00,10.53,0.00,0.00,4.21,0.00,0.00,0.00,43.16
20:22:17,8,38.14,0.00,12.37,0.00,0.00,4.12,0.00,0.00,0.00,45.36
20:22:17,9,42.55,0.00,11.70,0.00,0.00,3.19,0.00,0.00,0.00,42.55
20:22:17,10,45.74,0.00,9.57,0.00,0.00,3.19,0.00,0.00,0.00,41.49
20:22:17,11,44.57,0.00,9.78,0.00,0.00,3.26,0.00,0.00,0.00,42.39
20:22:18,all,42.47,0.00,14.87,0.00,0.00,4.57,0.00,0.00,0.00,38.08
20:22:18,0,41.57,0.00,23.60,0.00,0.00,5.62,0.00,0.00,0.00,29.21
20:22:18,1,39.33,0.00,21.35,0.00,0.00,6.74,0.00,0.00,0.00,32.58
20:22:18,2,39.33,0.00,20.22,0.00,0.00,4.49,0.00,0.00,0.00,35.96
20:22:18,3,43.18,0.00,17.05,0.00,0.00,5.68,0.00,0.00,0.00,34.09
20:22:18,4,41.57,0.00,17.98,0.00,0.00,5.62,0.00,0.00,0.00,34.83
20:22:18,5,45.26,0.00,10.53,0.00,0.00,3.16,0.00,0.00,0.00,41.05
20:22:18,6,43.16,0.00,11.58,0.00,0.00,3.16,0.00,0.00,0.00,42.11
20:22:18,7,42.86,0.00,12.24,0.00,0.00,5.10,0.00,0.00,0.00,39.80
20:22:18,8,40.21,0.00,12.37,0.00,0.00,3.09,0.00,0.00,0.00,44.33
20:22:18,9,41.67,0.00,12.50,0.00,0.00,5.21,0.00,0.00,0.00,40.62
20:22:18,10,44.33,0.00,10.31,0.00,0.00,4.12,0.00,0.00,0.00,41.24
20:22:18,11,46.81,0.00,10.64,0.00,0.00,3.19,0.00,0.00,0.00,39.36
20:22:19,all,42.68,0.00,16.43,0.09,0.00,4.82,0.00,0.00,0.00,35.98
20:22:19,0,43.96,0.00,19.78,0.00,0.00,6.59,0.00,0.00,0.00,29.67
20:22:19,1,41.67,0.00,23.96,0.00,0.00,7.29,0.00,0.00,0.00,27.08
20:22:19,2,40.22,0.00,20.65,0.00,0.00,6.52,0.00,0.00,0.00,32.61
20:22:19,3,46.15,0.00,19.78,0.00,0.00,5.49,0.00,0.00,0.00,28.57
20:22:19,4,40.86,0.00,24.73,0.00,0.00,5.38,0.00,0.00,0.00,29.03
20:22:19,5,39.78,0.00,13.98,0.00,0.00,3.23,0.00,0.00,0.00,43.01
20:22:19,6,42.11,0.00,11.58,0.00,0.00,4.21,0.00,0.00,0.00,42.11
20:22:19,7,45.26,0.00,13.68,0.00,0.00,4.21,0.00,0.00,0.00,36.84
20:22:19,8,39.36,0.00,12.77,0.00,0.00,4.26,0.00,0.00,0.00,43.62
20:22:19,9,39.78,0.00,15.05,1.08,0.00,3.23,0.00,0.00,0.00,40.86
20:22:19,10,46.24,0.00,10.75,0.00,0.00,3.23,0.00,0.00,0.00,39.78
20:22:19,11,46.81,0.00,10.64,0.00,0.00,4.26,0.00,0.00,0.00,38.30
20:22:20,all,41.01,0.00,15.11,0.00,0.00,4.77,0.00,0.00,0.00,39.12
20:22:20,0,43.33,0.00,20.00,0.00,0.00,5.56,0.00,0.00,0.00,31.11
20:22:20,1,43.82,0.00,19.10,0.00,0.00,4.49,0.00,0.00,0.00,32.58
20:22:20,2,36.67,0.00,22.22,0.00,0.00,6.67,0.00,0.00,0.00,34.44
20:22:20,3,37.63,0.00,21.51,0.00,0.00,7.53,0.00,0.00,0.00,33.33
20:22:20,4,37.78,0.00,22.22,0.00,0.00,5.56,0.00,0.00,0.00,34.44
20:22:20,5,39.80,0.00,10.20,0.00,0.00,5.10,0.00,0.00,0.00,44.90
20:22:20,6,41.30,0.00,9.78,0.00,0.00,4.35,0.00,0.00,0.00,44.57
20:22:20,7,41.05,0.00,12.63,0.00,0.00,4.21,0.00,0.00,0.00,42.11
20:22:20,8,43.30,0.00,10.31,0.00,0.00,3.09,0.00,0.00,0.00,43.30
20:22:20,9,41.49,0.00,12.77,0.00,0.00,3.19,0.00,0.00,0.00,42.55
20:22:20,10,42.55,0.00,10.64,0.00,0.00,4.26,0.00,0.00,0.00,42.55
20:22:20,11,43.33,0.00,11.11,0.00,0.00,3.33,0.00,0.00,0.00,42.22
20:22:21,all,42.01,0.00,15.62,0.00,0.00,4.77,0.00,0.00,0.00,37.60
20:22:21,0,40.00,0.00,20.00,0.00,0.00,6.67,0.00,0.00,0.00,33.33
20:22:21,1,41.49,0.00,22.34,0.00,0.00,6.38,0.00,0.00,0.00,29.79
20:22:21,2,39.56,0.00,20.88,0.00,0.00,6.59,0.00,0.00,0.00,32.97
20:22:21,3,44.94,0.00,20.22,0.00,0.00,3.37,0.00,0.00,0.00,31.46
20:22:21,4,38.95,0.00,22.11,0.00,0.00,7.37,0.00,0.00,0.00,31.58
20:22:21,5,42.27,0.00,11.34,0.00,0.00,3.09,0.00,0.00,0.00,43.30
20:22:21,6,41.05,0.00,13.68,0.00,0.00,3.16,0.00,0.00,0.00,42.11
20:22:21,7,42.86,0.00,12.24,0.00,0.00,4.08,0.00,0.00,0.00,40.82
20:22:21,8,38.78,0.00,10.20,0.00,0.00,6.12,0.00,0.00,0.00,44.90
20:22:21,9,43.16,0.00,11.58,0.00,0.00,3.16,0.00,0.00,0.00,42.11
20:22:21,10,45.26,0.00,11.58,0.00,0.00,3.16,0.00,0.00,0.00,40.00
20:22:21,11,45.83,0.00,12.50,0.00,0.00,4.17,0.00,0.00,0.00,37.50
20:22:22,all,41.65,0.00,15.17,0.00,0.00,4.31,0.00,0.00,0.00,38.87
20:22:22,0,43.33,0.00,21.11,0.00,0.00,4.44,0.00,0.00,0.00,31.11
20:22:22,1,41.38,0.00,19.54,0.00,0.00,4.60,0.00,0.00,0.00,34.48
20:22:22,2,38.46,0.00,23.08,0.00,0.00,4.40,0.00,0.00,0.00,34.07
20:22:22,3,40.00,0.00,21.11,0.00,0.00,5.56,0.00,0.00,0.00,33.33
20:22:22,4,38.64,0.00,21.59,0.00,0.00,5.68,0.00,0.00,0.00,34.09
20:22:22,5,40.62,0.00,11.46,0.00,0.00,4.17,0.00,0.00,0.00,43.75
20:22:22,6,42.71,0.00,10.42,0.00,0.00,4.17,0.00,0.00,0.00,42.71
20:22:22,7,42.86,0.00,12.24,0.00,0.00,4.08,0.00,0.00,0.00,40.82
20:22:22,8,37.23,0.00,12.77,0.00,0.00,3.19,0.00,0.00,0.00,46.81
20:22:22,9,45.26,0.00,9.47,0.00,0.00,3.16,0.00,0.00,0.00,42.11
20:22:22,10,45.26,0.00,9.47,0.00,0.00,4.21,0.00,0.00,0.00,41.05
20:22:22,11,43.62,0.00,11.70,0.00,0.00,4.26,0.00,0.00,0.00,40.43
20:22:23,all,41.27,0.00,15.58,0.00,0.00,4.74,0.00,0.00,0.00,38.41
20:22:23,0,37.63,0.00,22.58,0.00,0.00,6.45,0.00,0.00,0.00,33.33
20:22:23,1,41.94,0.00,20.43,0.00,0.00,6.45,0.00,0.00,0.00,31.18
20:22:23,2,38.89,0.00,22.22,0.00,0.00,5.56,0.00,0.00,0.00,33.33
20:22:23,3,38.20,0.00,22.47,0.00,0.00,5.62,0.00,0.00,0.00,33.71
20:22:23,4,40.00,0.00,21.11,0.00,0.00,5.56,0.00,0.00,0.00,33.33
20:22:23,5,38.04,0.00,11.96,0.00,0.00,4.35,0.00,0.00,0.00,45.65
20:22:23,6,43.16,0.00,10.53,0.00,0.00,3.16,0.00,0.00,0.00,43.16
20:22:23,7,41.24,0.00,11.34,0.00,0.00,6.19,0.00,0.00,0.00,41.24
20:22:23,8,41.24,0.00,12.37,0.00,0.00,3.09,0.00,0.00,0.00,43.30
20:22:23,9,44.33,0.00,12.37,0.00,0.00,4.12,0.00,0.00,0.00,39.18
20:22:23,10,45.26,0.00,10.53,0.00,0.00,3.16,0.00,0.00,0.00,41.05
20:22:23,11,44.94,0.00,10.11,0.00,0.00,3.37,0.00,0.00,0.00,41.57
20:22:24,all,40.68,0.00,15.30,0.00,0.00,4.50,0.00,0.00,0.00,39.51
20:22:24,0,38.37,0.00,22.09,0.00,0.00,5.81,0.00,0.00,0.00,33.72
20:22:24,1,38.46,0.00,21.98,0.00,0.00,5.49,0.00,0.00,0.00,34.07
20:22:24,2,37.50,0.00,20.45,0.00,0.00,6.82,0.00,0.00,0.00,35.23
20:22:24,3,37.08,0.00,22.47,0.00,0.00,4.49,0.00,0.00,0.00,35.96
20:22:24,4,41.11,0.00,18.89,0.00,0.00,5.56,0.00,0.00,0.00,34.44
20:22:24,5,38.71,0.00,9.68,0.00,0.00,4.30,0.00,0.00,0.00,47.31
20:22:24,6,41.84,0.00,10.20,0.00,0.00,5.10,0.00,0.00,0.00,42.86
20:22:24,7,41.24,0.00,12.37,0.00,0.00,4.12,0.00,0.00,0.00,42.27
20:22:24,8,41.84,0.00,11.22,0.00,0.00,4.08,0.00,0.00,0.00,42.86
20:22:24,9,41.05,0.00,13.68,0.00,0.00,3.16,0.00,0.00,0.00,42.11
20:22:24,10,45.16,0.00,11.83,0.00,0.00,2.15,0.00,0.00,0.00,40.86
20:22:24,11,45.16,0.00,10.75,0.00,0.00,3.23,0.00,0.00,0.00,40.86
20:22:25,all,40.86,0.00,14.99,0.09,0.00,4.73,0.00,0.00,0.00,39.34
20:22:25,0,41.57,0.00,19.10,0.00,0.00,6.74,0.00,0.00,0.00,32.58
20:22:25,1,38.64,0.00,19.32,0.00,0.00,5.68,0.00,0.00,0.00,36.36
20:22:25,2,39.78,0.00,19.35,0.00,0.00,6.45,0.00,0.00,0.00,34.41
20:22:25,3,38.30,0.00,22.34,0.00,0.00,5.32,0.00,0.00,0.00,34.04
20:22:25,4,37.36,0.00,19.78,0.00,0.00,7.69,0.00,0.00,0.00,35.16
20:22:25,5,41.24,0.00,11.34,1.03,0.00,4.12,0.00,0.00,0.00,42.27
20:22:25,6,40.82,0.00,13.27,0.00,0.00,3.06,0.00,0.00,0.00,42.86
20:22:25,7,39.78,0.00,12.90,0.00,0.00,3.23,0.00,0.00,0.00,44.09
20:22:25,8,40.43,0.00,10.64,0.00,0.00,4.26,0.00,0.00,0.00,44.68
20:22:25,9,45.36,0.00,10.31,0.00,0.00,3.09,0.00,0.00,0.00,41.24
20:22:25,10,44.09,0.00,9.68,0.00,0.00,3.23,0.00,0.00,0.00,43.01
20:22:25,11,42.55,0.00,12.77,0.00,0.00,4.26,0.00,0.00,0.00,40.43
20:22:26,all,42.26,0.00,15.76,0.00,0.00,4.57,0.00,0.00,0.00,37.42
20:22:26,0,43.33,0.00,20.00,0.00,0.00,5.56,0.00,0.00,0.00,31.11
20:22:26,1,39.56,0.00,21.98,0.00,0.00,5.49,0.00,0.00,0.00,32.97
20:22:26,2,37.50,0.00,23.86,0.00,0.00,4.55,0.00,0.00,0.00,34.09
20:22:26,3,37.93,0.00,19.54,0.00,0.00,6.90,0.00,0.00,0.00,35.63
20:22:26,4,41.11,0.00,22.22,0.00,0.00,5.56,0.00,0.00,0.00,31.11
20:22:26,5,40.21,0.00,13.40,0.00,0.00,3.09,0.00,0.00,0.00,43.30
20:22:26,6,44.33,0.00,11.34,0.00,0.00,5.15,0.00,0.00,0.00,39.18
20:22:26,7,42.71,0.00,11.46,0.00,0.00,5.21,0.00,0.00,0.00,40.62
20:22:26,8,42.71,0.00,12.50,0.00,0.00,3.12,0.00,0.00,0.00,41.67
20:22:26,9,42.71,0.00,13.54,0.00,0.00,4.17,0.00,0.00,0.00,39.58
20:22:26,10,47.37,0.00,9.47,0.00,0.00,3.16,0.00,0.00,0.00,40.00
20:22:26,11,46.81,0.00,11.70,0.00,0.00,3.19,0.00,0.00,0.00,38.30
20:22:27,all,41.01,0.00,15.21,0.00,0.00,4.72,0.00,0.00,0.00,39.06
20:22:27,0,38.20,0.00,21.35,0.00,0.00,5.62,0.00,0.00,0.00,34.83
20:22:27,1,40.00,0.00,22.22,0.00,0.00,4.44,0.00,0.00,0.00,33.33
20:22:27,2,39.56,0.00,18.68,0.00,0.00,6.59,0.00,0.00,0.00,35.16
20:22:27,3,40.66,0.00,20.88,0.00,0.00,5.49,0.00,0.00,0.00,32.97
20:22:27,4,39.78,0.00,19.35,0.00,0.00,6.45,0.00,0.00,0.00,34.41
20:22:27,5,40.82,0.00,11.22,0.00,0.00,3.06,0.00,0.00,0.00,44.90
20:22:27,6,40.21,0.00,13.40,0.00,0.00,4.12,0.00,0.00,0.00,42.27
20:22:27,7,40.62,0.00,11.46,0.00,0.00,5.21,0.00,0.00,0.00,42.71
20:22:27,8,37.50,0.00,10.42,0.00,0.00,5.21,0.00,0.00,0.00,46.88
20:22:27,9,44.33,0.00,12.37,0.00,0.00,4.12,0.00,0.00,0.00,39.18
20:22:27,10,45.26,0.00,11.58,0.00,0.00,3.16,0.00,0.00,0.00,40.00
20:22:27,11,45.05,0.00,10.99,0.00,0.00,3.30,0.00,0.00,0.00,40.66
20:22:28,all,41.99,0.00,15.76,0.00,0.00,4.39,0.00,0.00,0.00,37.87
20:22:28,0,38.95,0.00,24.21,0.00,0.00,5.26,0.00,0.00,0.00,31.58
20:22:28,1,44.32,0.00,18.18,0.00,0.00,5.68,0.00,0.00,0.00,31.82
20:22:28,2,38.04,0.00,22.83,0.00,0.00,5.43,0.00,0.00,0.00,33.70
20:22:28,3,42.22,0.00,21.11,0.00,0.00,4.44,0.00,0.00,0.00,32.22
20:22:28,4,40.00,0.00,23.33,0.00,0.00,5.56,0.00,0.00,0.00,31.11
20:22:28,5,42.55,0.00,11.70,0.00,0.00,3.19,0.00,0.00,0.00,42.55
20:22:28,6,41.67,0.00,13.54,0.00,0.00,5.21,0.00,0.00,0.00,39.58
20:22:28,7,42.55,0.00,12.77,0.00,0.00,3.19,0.00,0.00,0.00,41.49
20:22:28,8,41.24,0.00,11.34,0.00,0.00,3.09,0.00,0.00,0.00,44.33
20:22:28,9,44.21,0.00,11.58,0.00,0.00,3.16,0.00,0.00,0.00,41.05
20:22:28,10,41.94,0.00,10.75,0.00,0.00,3.23,0.00,0.00,0.00,44.09
20:22:28,11,46.24,0.00,8.60,0.00,0.00,5.38,0.00,0.00,0.00,39.78
20:22:29,all,42.39,0.00,16.83,0.00,0.00,4.54,0.00,0.00,0.00,36.24
20:22:29,0,44.57,0.00,20.65,0.00,0.00,5.43,0.00,0.00,0.00,29.35
20:22:29,1,43.68,0.00,21.84,0.00,0.00,5.75,0.00,0.00,0.00,28.74
20:22:29,2,40.00,0.00,24.44,0.00,0.00,4.44,0.00,0.00,0.00,31.11
20:22:29,3,41.49,0.00,23.40,0.00,0.00,6.38,0.00,0.00,0.00,28.72
20:22:29,4,42.22,0.00,20.00,0.00,0.00,6.67,0.00,0.00,0.00,31.11
20:22:29,5,42.11,0.00,12.63,0.00,0.00,3.16,0.00,0.00,0.00,42.11
20:22:29,6,40.40,0.00,14.14,0.00,0.00,3.03,0.00,0.00,0.00,42.42
20:22:29,7,44.79,0.00,15.62,0.00,0.00,4.17,0.00,0.00,0.00,35.42
20:22:29,8,38.95,0.00,12.63,0.00,0.00,4.21,0.00,0.00,0.00,44.21
20:22:29,9,40.62,0.00,13.54,0.00,0.00,5.21,0.00,0.00,0.00,40.62
20:22:29,10,43.16,0.00,11.58,0.00,0.00,4.21,0.00,0.00,0.00,41.05
20:22:29,11,46.81,0.00,12.77,0.00,0.00,2.13,0.00,0.00,0.00,38.30
20:22:30,all,40.46,0.00,15.78,0.00,0.00,4.90,0.00,0.00,0.00,38.86
20:22:30,0,38.95,0.00,23.16,0.00,0.00,6.32,0.00,0.00,0.00,31.58
20:22:30,1,41.76,0.00,19.78,0.00,0.00,5.49,0.00,0.00,0.00,32.97
20:22:30,2,39.56,0.00,19.78,0.00,0.00,6.59,0.00,0.00,0.00,34.07
20:22:30,3,40.00,0.00,21.11,0.00,0.00,4.44,0.00,0.00,0.00,34.44
20:22:30,4,38.89,0.00,20.00,0.00,0.00,5.56,0.00,0.00,0.00,35.56
20:22:30,5,37.50,0.00,11.46,0.00,0.00,4.17,0.00,0.00,0.00,46.88
20:22:30,6,38.95,0.00,13.68,0.00,0.00,4.21,0.00,0.00,0.00,43.16
20:22:30,7,40.82,0.00,12.24,0.00,0.00,5.10,0.00,0.00,0.00,41.84
20:22:30,8,36.84,0.00,13.68,0.00,0.00,5.26,0.00,0.00,0.00,44.21
20:22:30,9,44.68,0.00,11.70,0.00,0.00,4.26,0.00,0.00,0.00,39.36
20:22:30,10,45.65,0.00,10.87,0.00,0.00,3.26,0.00,0.00,0.00,40.22
20:22:30,11,42.11,0.00,12.63,0.00,0.00,4.21,0.00,0.00,0.00,41.05
20:22:31,all,41.28,0.00,16.10,0.00,0.00,4.63,0.00,0.00,0.00,37.99
20:22:31,0,41.30,0.00,21.74,0.00,0.00,6.52,0.00,0.00,0.00,30.43
20:22:31,1,39.13,0.00,23.91,0.00,0.00,4.35,0.00,0.00,0.00,32.61
20:22:31,2,36.67,0.00,24.44,0.00,0.00,5.56,0.00,0.00,0.00,33.33
20:22:31,3,40.22,0.00,22.83,0.00,0.00,5.43,0.00,0.00,0.00,31.52
20:22:31,4,39.56,0.00,23.08,0.00,0.00,5.49,0.00,0.00,0.00,31.87
20:22:31,5,37.50,0.00,12.50,0.00,0.00,5.21,0.00,0.00,0.00,44.79
20:22:31,6,40.43,0.00,12.77,0.00,0.00,3.19,0.00,0.00,0.00,43.62
20:22:31,7,45.83,0.00,10.42,0.00,0.00,3.12,0.00,0.00,0.00,40.62
20:22:31,8,40.00,0.00,12.63,0.00,0.00,4.21,0.00,0.00,0.00,43.16
20:22:31,9,41.84,0.00,11.22,0.00,0.00,5.10,0.00,0.00,0.00,41.84
20:22:31,10,45.26,0.00,9.47,0.00,0.00,4.21,0.00,0.00,0.00,41.05
20:22:31,11,47.31,0.00,9.68,0.00,0.00,3.23,0.00,0.00,0.00,39.78
20:22:32,all,41.06,0.00,15.30,0.00,0.00,4.83,0.00,0.00,0.00,38.82
20:22:32,0,40.22,0.00,20.65,0.00,0.00,5.43,0.00,0.00,0.00,33.70
20:22:32,1,40.45,0.00,22.47,0.00,0.00,6.74,0.00,0.00,0.00,30.34
20:22:32,2,37.08,0.00,21.35,0.00,0.00,6.74,0.00,0.00,0.00,34.83
20:22:32,3,38.04,0.00,22.83,0.00,0.00,6.52,0.00,0.00,0.00,32.61
20:22:32,4,38.46,0.00,19.78,0.00,0.00,6.59,0.00,0.00,0.00,35.16
20:22:32,5,40.00,0.00,11.58,0.00,0.00,3.16,0.00,0.00,0.00,45.26
20:22:32,6,40.86,0.00,11.83,0.00,0.00,4.30,0.00,0.00,0.00,43.01
20:22:32,7,42.86,0.00,12.24,0.00,0.00,4.08,0.00,0.00,0.00,40.82
20:22:32,8,40.21,0.00,11.34,0.00,0.00,3.09,0.00,0.00,0.00,45.36
20:22:32,9,42.55,0.00,10.64,0.00,0.00,4.26,0.00,0.00,0.00,42.55
20:22:32,10,46.32,0.00,10.53,0.00,0.00,3.16,0.00,0.00,0.00,40.00
20:22:32,11,45.16,0.00,9.68,0.00,0.00,4.30,0.00,0.00,0.00,40.86
20:22:33,all,41.87,0.00,15.02,0.00,0.00,4.53,0.00,0.00,0.00,38.58
20:22:33,0,42.70,0.00,20.22,0.00,0.00,5.62,0.00,0.00,0.00,31.46
20:22:33,1,41.11,0.00,21.11,0.00,0.00,5.56,0.00,0.00,0.00,32.22
20:22:33,2,37.36,0.00,21.98,0.00,0.00,5.49,0.00,0.00,0.00,35.16
20:22:33,3,38.20,0.00,20.22,0.00,0.00,5.62,0.00,0.00,0.00,35.96
20:22:33,4,37.08,0.00,22.47,0.00,0.00,6.74,0.00,0.00,0.00,33.71
20:22:33,5,46.39,0.00,8.25,0.00,0.00,3.09,0.00,0.00,0.00,42.27
20:22:33,6,43.16,0.00,10.53,0.00,0.00,4.21,0.00,0.00,0.00,42.11
20:22:33,7,41.67,0.00,12.50,0.00,0.00,3.12,0.00,0.00,0.00,42.71
20:22:33,8,37.11,0.00,12.37,0.00,0.00,5.15,0.00,0.00,0.00,45.36
20:22:33,9,41.41,0.00,13.13,0.00,0.00,5.05,0.00,0.00,0.00,40.40
20:22:33,10,47.42,0.00,8.25,0.00,0.00,3.09,0.00,0.00,0.00,41.24
20:22:33,11,47.92,0.00,11.46,0.00,0.00,2.08,0.00,0.00,0.00,38.54
20:22:34,all,41.75,0.00,15.52,0.00,0.00,4.55,0.00,0.00,0.00,38.18
20:22:34,0,40.66,0.00,20.88,0.00,0.00,5.49,0.00,0.00,0.00,32.97
20:22:34,1,40.45,0.00,20.22,0.00,0.00,5.62,0.00,0.00,0.00,33.71
20:22:34,2,40.00,0.00,21.11,0.00,0.00,6.67,0.00,0.00,0.00,32.22
20:22:34,3,41.38,0.00,21.84,0.00,0.00,4.60,0.00,0.00,0.00,32.18
20:22:34,4,41.11,0.00,21.11,0.00,0.00,5.56,0.00,0.00,0.00,32.22
20:22:34,5,36.84,0.00,12.63,0.00,0.00,5.26,0.00,0.00,0.00,45.26
20:22:34,6,40.21,0.00,13.40,0.00,0.00,4.12,0.00,0.00,0.00,42.27
20:22:34,7,45.36,0.00,9.28,0.00,0.00,4.12,0.00,0.00,0.00,41.24
20:22:34,8,42.11,0.00,11.58,0.00,0.00,2.11,0.00,0.00,0.00,44.21
20:22:34,9,41.67,0.00,12.50,0.00,0.00,4.17,0.00,0.00,0.00,41.67
20:22:34,10,44.79,0.00,12.50,0.00,0.00,3.12,0.00,0.00,0.00,39.58
20:22:34,11,45.92,0.00,11.22,0.00,0.00,4.08,0.00,0.00,0.00,38.78
20:22:35,all,41.07,0.00,16.61,0.18,0.00,4.73,0.00,0.00,0.00,37.41
20:22:35,0,43.96,0.00,20.88,0.00,0.00,5.49,0.00,0.00,0.00,29.67
20:22:35,1,40.00,0.00,20.00,0.00,0.00,6.67,0.00,0.00,0.00,33.33
20:22:35,2,43.01,0.00,21.51,0.00,0.00,4.30,0.00,0.00,0.00,31.18
20:22:35,3,39.13,0.00,23.91,0.00,0.00,6.52,0.00,0.00,0.00,30.43
20:22:35,4,40.22,0.00,20.65,0.00,0.00,7.61,0.00,0.00,0.00,31.52
20:22:35,5,39.18,0.00,12.37,0.00,0.00,4.12,0.00,0.00,0.00,44.33
20:22:35,6,38.14,0.00,13.40,1.03,0.00,4.12,0.00,0.00,0.00,43.30
20:22:35,7,41.05,0.00,14.74,1.05,0.00,3.16,0.00,0.00,0.00,40.00
20:22:35,8,37.89,0.00,14.74,0.00,0.00,4.21,0.00,0.00,0.00,43.16
20:22:35,9,41.94,0.00,12.90,0.00,0.00,3.23,0.00,0.00,0.00,41.94
20:22:35,10,46.81,0.00,12.77,0.00,0.00,3.19,0.00,0.00,0.00,37.23
20:22:35,11,41.76,0.00,12.09,0.00,0.00,4.40,0.00,0.00,0.00,41.76
20:22:36,all,42.48,0.00,15.85,0.00,0.00,4.54,0.00,0.00,0.00,37.13
20:22:36,0,41.11,0.00,21.11,0.00,0.00,5.56,0.00,0.00,0.00,32.22
20:22:36,1,39.33,0.00,21.35,0.00,0.00,5.62,0.00,0.00,0.00,33.71
20:22:36,2,40.45,0.00,22.47,0.00,0.00,5.62,0.00,0.00,0.00,31.46
20:22:36,3,41.76,0.00,21.98,0.00,0.00,4.40,0.00,0.00,0.00,31.87
20:22:36,4,42.86,0.00,19.78,0.00,0.00,4.40,0.00,0.00,0.00,32.97
20:22:36,5,36.17,0.00,14.89,0.00,0.00,4.26,0.00,0.00,0.00,44.68
20:22:36,6,40.62,0.00,11.46,0.00,0.00,5.21,0.00,0.00,0.00,42.71
20:22:36,7,41.67,0.00,13.54,0.00,0.00,4.17,0.00,0.00,0.00,40.62
20:22:36,8,44.44,0.00,11.11,0.00,0.00,4.04,0.00,0.00,0.00,40.40
20:22:36,9,45.36,0.00,13.40,0.00,0.00,4.12,0.00,0.00,0.00,37.11
20:22:36,10,48.42,0.00,9.47,0.00,0.00,4.21,0.00,0.00,0.00,37.89
20:22:36,11,46.88,0.00,11.46,0.00,0.00,3.12,0.00,0.00,0.00,38.54
20:22:37,all,40.86,0.00,15.05,0.00,0.00,4.66,0.00,0.00,0.00,39.43
20:22:37,0,43.01,0.00,19.35,0.00,0.00,5.38,0.00,0.00,0.00,32.26
20:22:37,1,36.67,0.00,21.11,0.00,0.00,6.67,0.00,0.00,0.00,35.56
20:22:37,2,38.20,0.00,21.35,0.00,0.00,4.49,0.00,0.00,0.00,35.96
20:22:37,3,40.22,0.00,19.57,0.00,0.00,6.52,0.00,0.00,0.00,33.70
20:22:37,4,37.78,0.00,23.33,0.00,0.00,4.44,0.00,0.00,0.00,34.44
20:22:37,5,40.21,0.00,11.34,0.00,0.00,4.12,0.00,0.00,0.00,44.33
20:22:37,6,42.55,0.00,12.77,0.00,0.00,3.19,0.00,0.00,0.00,41.49
20:22:37,7,42.71,0.00,10.42,0.00,0.00,4.17,0.00,0.00,0.00,42.71
20:22:37,8,39.58,0.00,11.46,0.00,0.00,5.21,0.00,0.00,0.00,43.75
20:22:37,9,44.21,0.00,9.47,0.00,0.00,4.21,0.00,0.00,0.00,42.11
20:22:37,10,41.11,0.00,11.11,0.00,0.00,3.33,0.00,0.00,0.00,44.44
20:22:37,11,43.62,0.00,10.64,0.00,0.00,4.26,0.00,0.00,0.00,41.49
20:22:38,all,41.95,0.00,15.74,0.00,0.00,5.19,0.00,0.00,0.00,37.12
20:22:38,0,43.33,0.00,20.00,0.00,0.00,6.67,0.00,0.00,0.00,30.00
20:22:38,1,38.89,0.00,20.00,0.00,0.00,6.67,0.00,0.00,0.00,34.44
20:22:38,2,38.89,0.00,18.89,0.00,0.00,7.78,0.00,0.00,0.00,34.44
20:22:38,3,39.13,0.00,22.83,0.00,0.00,5.43,0.00,0.00,0.00,32.61
20:22:38,4,40.66,0.00,21.98,0.00,0.00,5.49,0.00,0.00,0.00,31.87
20:22:38,5,42.27,0.00,11.34,0.00,0.00,5.15,0.00,0.00,0.00,41.24
20:22:38,6,40.86,0.00,15.05,0.00,0.00,2.15,0.00,0.00,0.00,41.94
20:22:38,7,43.75,0.00,11.46,0.00,0.00,5.21,0.00,0.00,0.00,39.58
20:22:38,8,40.62,0.00,12.50,0.00,0.00,4.17,0.00,0.00,0.00,42.71
20:22:38,9,43.75,0.00,12.50,0.00,0.00,4.17,0.00,0.00,0.00,39.58
20:22:38,10,44.68,0.00,12.77,0.00,0.00,4.26,0.00,0.00,0.00,38.30
20:22:38,11,46.24,0.00,10.75,0.00,0.00,5.38,0.00,0.00,0.00,37.63
20:22:39,all,42.60,0.00,15.95,0.00,0.00,4.99,0.00,0.00,0.00,36.45
20:22:39,0,45.16,0.00,20.43,0.00,0.00,6.45,0.00,0.00,0.00,27.96
20:22:39,1,41.57,0.00,19.10,0.00,0.00,4.49,0.00,0.00,0.00,34.83
20:22:39,2,38.46,0.00,21.98,0.00,0.00,6.59,0.00,0.00,0.00,32.97
20:22:39,3,39.77,0.00,22.73,0.00,0.00,6.82,0.00,0.00,0.00,30.68
20:22:39,4,42.39,0.00,21.74,0.00,0.00,6.52,0.00,0.00,0.00,29.35
20:22:39,5,42.27,0.00,13.40,0.00,0.00,5.15,0.00,0.00,0.00,39.18
20:22:39,6,41.67,0.00,11.46,0.00,0.00,5.21,0.00,0.00,0.00,41.67
20:22:39,7,42.11,0.00,12.63,0.00,0.00,4.21,0.00,0.00,0.00,41.05
20:22:39,8,40.21,0.00,13.40,0.00,0.00,3.09,0.00,0.00,0.00,43.30
20:22:39,9,45.36,0.00,13.40,0.00,0.00,4.12,0.00,0.00,0.00,37.11
20:22:39,10,44.21,0.00,12.63,0.00,0.00,4.21,0.00,0.00,0.00,38.95
20:22:39,11,47.83,0.00,9.78,0.00,0.00,3.26,0.00,0.00,0.00,39.13
20:22:40,all,41.65,0.00,16.34,0.18,0.00,4.58,0.00,0.00,0.00,37.25
20:22:40,0,41.11,0.00,22.22,0.00,0.00,5.56,0.00,0.00,0.00,31.11
20:22:40,1,42.70,0.00,22.47,0.00,0.00,4.49,0.00,0.00,0.00,30.34
20:22:40,2,38.46,0.00,23.08,0.00,0.00,5.49,0.00,0.00,0.00,32.97
20:22:40,3,37.63,0.00,22.58,1.08,0.00,6.45,0.00,0.00,0.00,32.26
20:22:40,4,42.22,0.00,20.00,0.00,0.00,5.56,0.00,0.00,0.00,32.22
20:22:40,5,41.05,0.00,11.58,0.00,0.00,3.16,0.00,0.00,0.00,44.21
20:22:40,6,43.88,0.00,12.24,0.00,0.00,5.10,0.00,0.00,0.00,38.78
20:22:40,7,44.33,0.00,12.37,0.00,0.00,5.15,0.00,0.00,0.00,38.14
20:22:40,8,40.43,0.00,9.57,1.06,0.00,4.26,0.00,0.00,0.00,44.68
20:22:40,9,42.55,0.00,14.89,0.00,0.00,3.19,0.00,0.00,0.00,39.36
20:22:40,10,40.22,0.00,14.13,0.00,0.00,4.35,0.00,0.00,0.00,41.30
20:22:40,11,45.05,0.00,12.09,0.00,0.00,2.20,0.00,0.00,0.00,40.66
20:22:41,all,41.46,0.00,15.65,0.00,0.00,4.77,0.00,0.00,0.00,38.13
20:22:41,0,40.66,0.00,21.98,0.00,0.00,5.49,0.00,0.00,0.00,31.87
20:22:41,1,38.20,0.00,23.60,0.00,0.00,6.74,0.00,0.00,0.00,31.46
20:22:41,2,39.56,0.00,23.08,0.00,0.00,4.40,0.00,0.00,0.00,32.97
20:22:41,3,41.38,0.00,21.84,0.00,0.00,4.60,0.00,0.00,0.00,32.18
20:22:41,4,41.76,0.00,18.68,0.00,0.00,7.69,0.00,0.00,0.00,31.87
20:22:41,5,36.84,0.00,11.58,0.00,0.00,5.26,0.00,0.00,0.00,46.32
20:22:41,6,40.62,0.00,13.54,0.00,0.00,4.17,0.00,0.00,0.00,41.67
20:22:41,7,45.36,0.00,11.34,0.00,0.00,3.09,0.00,0.00,0.00,40.21
20:22:41,8,40.86,0.00,10.75,0.00,0.00,3.23,0.00,0.00,0.00,45.16
20:22:41,9,43.62,0.00,10.64,0.00,0.00,5.32,0.00,0.00,0.00,40.43
20:22:41,10,43.62,0.00,10.64,0.00,0.00,4.26,0.00,0.00,0.00,41.49
20:22:41,11,44.68,0.00,11.70,0.00,0.00,3.19,0.00,0.00,0.00,40.43
20:22:42,all,40.88,0.00,15.00,0.00,0.00,4.85,0.00,0.00,0.00,39.26
20:22:42,0,42.22,0.00,17.78,0.00,0.00,6.67,0.00,0.00,0.00,33.33
20:22:42,1,39.33,0.00,21.35,0.00,0.00,5.62,0.00,0.00,0.00,33.71
20:22:42,2,40.00,0.00,20.00,0.00,0.00,5.56,0.00,0.00,0.00,34.44
20:22:42,3,37.63,0.00,21.51,0.00,0.00,6.45,0.00,0.00,0.00,34.41
20:22:42,4,37.78,0.00,22.22,0.00,0.00,5.56,0.00,0.00,0.00,34.44
20:22:42,5,38.54,0.00,11.46,0.00,0.00,4.17,0.00,0.00,0.00,45.83
20:22:42,6,38.95,0.00,12.63,0.00,0.00,3.16,0.00,0.00,0.00,45.26
20:22:42,7,40.86,0.00,11.83,0.00,0.00,4.30,0.00,0.00,0.00,43.01
20:22:42,8,42.11,0.00,10.53,0.00,0.00,5.26,0.00,0.00,0.00,42.11
20:22:42,9,42.86,0.00,12.24,0.00,0.00,4.08,0.00,0.00,0.00,40.82
20:22:42,10,45.65,0.00,9.78,0.00,0.00,3.26,0.00,0.00,0.00,41.30
20:22:42,11,44.57,0.00,9.78,0.00,0.00,4.35,0.00,0.00,0.00,41.30
20:22:43,all,41.32,0.00,15.32,0.00,0.00,4.81,0.00,0.00,0.00,38.56
20:22:43,0,40.45,0.00,19.10,0.00,0.00,5.62,0.00,0.00,0.00,34.83
20:22:43,1,38.46,0.00,20.88,0.00,0.00,7.69,0.00,0.00,0.00,32.97
20:22:43,2,41.76,0.00,19.78,0.00,0.00,5.49,0.00,0.00,0.00,32.97
20:22:43,3,41.30,0.00,20.65,0.00,0.00,5.43,0.00,0.00,0.00,32.61
20:22:43,4,37.78,0.00,21.11,0.00,0.00,5.56,0.00,0.00,0.00,35.56
20:22:43,5,40.43,0.00,10.64,0.00,0.00,4.26,0.00,0.00,0.00,44.68
20:22:43,6,37.11,0.00,14.43,0.00,0.00,5.15,0.00,0.00,0.00,43.30
20:22:43,7,42.71,0.00,11.46,0.00,0.00,3.12,0.00,0.00,0.00,42.71
20:22:43,8,40.82,0.00,11.22,0.00,0.00,4.08,0.00,0.00,0.00,43.88
20:22:43,9,44.57,0.00,10.87,0.00,0.00,4.35,0.00,0.00,0.00,40.22
20:22:43,10,43.75,0.00,12.50,0.00,0.00,3.12,0.00,0.00,0.00,40.62
20:22:43,11,46.39,0.00,12.37,0.00,0.00,4.12,0.00,0.00,0.00,37.11
20:22:44,all,40.80,0.00,14.91,0.00,0.00,4.91,0.00,0.00,0.00,39.38
20:22:44,0,39.56,0.00,20.88,0.00,0.00,5.49,0.00,0.00,0.00,34.07
20:22:44,1,41.11,0.00,20.00,0.00,0.00,5.56,0.00,0.00,0.00,33.33
20:22:44,2,39.78,0.00,19.35,0.00,0.00,6.45,0.00,0.00,0.00,34.41
20:22:44,3,38.71,0.00,21.51,0.00,0.00,5.38,0.00,0.00,0.00,34.41
20:22:44,4,38.04,0.00,20.65,0.00,0.00,6.52,0.00,0.00,0.00,34.78
20:22:44,5,41.49,0.00,10.64,0.00,0.00,3.19,0.00,0.00,0.00,44.68
20:22:44,6,40.43,0.00,10.64,0.00,0.00,4.26,0.00,0.00,0.00,44.68
20:22:44,7,42.71,0.00,10.42,0.00,0.00,4.17,0.00,0.00,0.00,42.71
20:22:44,8,40.43,0.00,9.57,0.00,0.00,4.26,0.00,0.00,0.00,45.74
20:22:44,9,40.40,0.00,12.12,0.00,0.00,6.06,0.00,0.00,0.00,41.41
20:22:44,10,42.86,0.00,12.09,0.00,0.00,4.40,0.00,0.00,0.00,40.66
20:22:44,11,44.09,0.00,11.83,0.00,0.00,3.23,0.00,0.00,0.00,40.86
20:22:45,all,40.48,0.00,15.55,0.00,0.00,4.65,0.00,0.00,0.00,39.32
20:22:45,0,37.78,0.00,20.00,0.00,0.00,7.78,0.00,0.00,0.00,34.44
20:22:45,1,38.89,0.00,22.22,0.00,0.00,5.56,0.00,0.00,0.00,33.33
20:22:45,2,40.86,0.00,19.35,0.00,0.00,4.30,0.00,0.00,0.00,35.48
20:22:45,3,38.46,0.00,21.98,0.00,0.00,5.49,0.00,0.00,0.00,34.07
20:22:45,4,36.78,0.00,20.69,0.00,0.00,5.75,0.00,0.00,0.00,36.78
20:22:45,5,41.84,0.00,11.22,0.00,0.00,4.08,0.00,0.00,0.00,42.86
20:22:45,6,41.24,0.00,11.34,0.00,0.00,4.12,0.00,0.00,0.00,43.30
20:22:45,7,38.95,0.00,12.63,0.00,0.00,4.21,0.00,0.00,0.00,44.21
20:22:45,8,38.95,0.00,13.68,0.00,0.00,4.21,0.00,0.00,0.00,43.16
20:22:45,9,42.11,0.00,12.63,0.00,0.00,3.16,0.00,0.00,0.00,42.11
20:22:45,10,45.16,0.00,9.68,0.00,0.00,3.23,0.00,0.00,0.00,41.94
20:22:45,11,44.21,0.00,12.63,0.00,0.00,4.21,0.00,0.00,0.00,38.95
20:22:46,all,41.57,0.00,15.97,0.00,0.00,4.91,0.00,0.00,0.00,37.56
20:22:46,0,37.36,0.00,25.27,0.00,0.00,5.49,0.00,0.00,0.00,31.87
20:22:46,1,42.39,0.00,20.65,0.00,0.00,6.52,0.00,0.00,0.00,30.43
20:22:46,2,41.76,0.00,20.88,0.00,0.00,5.49,0.00,0.00,0.00,31.87
20:22:46,3,37.36,0.00,25.27,0.00,0.00,5.49,0.00,0.00,0.00,31.87
20:22:46,4,42.22,0.00,21.11,0.00,0.00,5.56,0.00,0.00,0.00,31.11
20:22:46,5,39.18,0.00,14.43,0.00,0.00,3.09,0.00,0.00,0.00,43.30
20:22:46,6,43.30,0.00,10.31,0.00,0.00,4.12,0.00,0.00,0.00,42.27
20:22:46,7,40.43,0.00,12.77,0.00,0.00,5.32,0.00,0.00,0.00,41.49
20:22:46,8,39.58,0.00,11.46,0.00,0.00,4.17,0.00,0.00,0.00,44.79
20:22:46,9,43.01,0.00,10.75,0.00,0.00,5.38,0.00,0.00,0.00,40.86
20:22:46,10,44.79,0.00,10.42,0.00,0.00,4.17,0.00,0.00,0.00,40.62
20:22:46,11,47.31,0.00,9.68,0.00,0.00,4.30,0.00,0.00,0.00,38.71
20:22:47,all,41.06,0.00,15.65,0.00,0.00,4.83,0.00,0.00,0.00,38.46
20:22:47,0,39.33,0.00,22.47,0.00,0.00,6.74,0.00,0.00,0.00,31.46
20:22:47,1,41.94,0.00,21.51,0.00,0.00,5.38,0.00,0.00,0.00,31.18
20:22:47,2,38.46,0.00,21.98,0.00,0.00,6.59,0.00,0.00,0.00,32.97
20:22:47,3,38.89,0.00,20.00,0.00,0.00,6.67,0.00,0.00,0.00,34.44
20:22:47,4,40.00,0.00,21.11,0.00,0.00,5.56,0.00,0.00,0.00,33.33
20:22:47,5,38.95,0.00,12.63,0.00,0.00,4.21,0.00,0.00,0.00,44.21
20:22:47,6,40.21,0.00,12.37,0.00,0.00,5.15,0.00,0.00,0.00,42.27
20:22:47,7,44.21,0.00,10.53,0.00,0.00,3.16,0.00,0.00,0.00,42.11
20:22:47,8,37.23,0.00,13.83,0.00,0.00,3.19,0.00,0.00,0.00,45.74
20:22:47,9,42.71,0.00,11.46,0.00,0.00,4.17,0.00,0.00,0.00,41.67
20:22:47,10,44.68,0.00,10.64,0.00,0.00,4.26,0.00,0.00,0.00,40.43
20:22:47,11,45.74,0.00,10.64,0.00,0.00,3.19,0.00,0.00,0.00,40.43
20:22:48,all,41.92,0.00,15.62,0.00,0.00,4.49,0.00,0.00,0.00,37.97
20:22:48,0,43.96,0.00,18.68,0.00,0.00,6.59,0.00,0.00,0.00,30.77
20:22:48,1,37.36,0.00,21.98,0.00,0.00,6.59,0.00,0.00,0.00,34.07
20:22:48,2,37.78,0.00,23.33,0.00,0.00,5.56,0.00,0.00,0.00,33.33
20:22:48,3,40.45,0.00,21.35,0.00,0.00,5.62,0.00,0.00,0.00,32.58
20:22:48,4,39.56,0.00,23.08,0.00,0.00,5.49,0.00,0.00,0.00,31.87
20:22:48,5,42.11,0.00,11.58,0.00,0.00,4.21,0.00,0.00,0.00,42.11
20:22:48,6,46.24,0.00,10.75,0.00,0.00,2.15,0.00,0.00,0.00,40.86
20:22:48,7,41.67,0.00,12.50,0.00,0.00,3.12,0.00,0.00,0.00,42.71
20:22:48,8,41.05,0.00,10.53,0.00,0.00,3.16,0.00,0.00,0.00,45.26
20:22:48,9,40.86,0.00,13.98,0.00,0.00,4.30,0.00,0.00,0.00,40.86
20:22:48,10,45.26,0.00,11.58,0.00,0.00,3.16,0.00,0.00,0.00,40.00
20:22:48,11,46.32,0.00,9.47,0.00,0.00,4.21,0.00,0.00,0.00,40.00
20:22:49,all,43.07,0.00,15.99,0.00,0.00,4.62,0.00,0.00,0.00,36.32
20:22:49,0,43.33,0.00,21.11,0.00,0.00,5.56,0.00,0.00,0.00,30.00
20:22:49,1,42.86,0.00,20.88,0.00,0.00,5.49,0.00,0.00,0.00,30.77
20:22:49,2,39.56,0.00,24.18,0.00,0.00,5.49,0.00,0.00,0.00,30.77
20:22:49,3,39.13,0.00,22.83,0.00,0.00,6.52,0.00,0.00,0.00,31.52
20:22:49,4,43.96,0.00,19.78,0.00,0.00,4.40,0.00,0.00,0.00,31.87
20:22:49,5,42.11,0.00,11.58,0.00,0.00,4.21,0.00,0.00,0.00,42.11
20:22:49,6,43.30,0.00,13.40,0.00,0.00,4.12,0.00,0.00,0.00,39.18
20:22:49,7,42.27,0.00,13.40,0.00,0.00,5.15,0.00,0.00,0.00,39.18
20:22:49,8,43.62,0.00,10.64,0.00,0.00,5.32,0.00,0.00,0.00,40.43
20:22:49,9,44.90,0.00,13.27,0.00,0.00,4.08,0.00,0.00,0.00,37.76
20:22:49,10,45.26,0.00,10.53,0.00,0.00,2.11,0.00,0.00,0.00,42.11
20:22:49,11,46.32,0.00,11.58,0.00,0.00,3.16,0.00,0.00,0.00,38.95
20:22:50,all,40.04,0.00,15.73,0.00,0.00,5.00,0.00,0.00,0.00,39.23
20:22:50,0,39.13,0.00,23.91,0.00,0.00,5.43,0.00,0.00,0.00,31.52
20:22:50,1,40.22,0.00,20.65,0.00,0.00,7.61,0.00,0.00,0.00,31.52
20:22:50,2,38.71,0.00,20.43,0.00,0.00,6.45,0.00,0.00,0.00,34.41
20:22:50,3,38.04,0.00,21.74,0.00,0.00,5.43,0.00,0.00,0.00,34.78
20:22:50,4,37.08,0.00,21.35,0.00,0.00,5.62,0.00,0.00,0.00,35.96
20:22:50,5,37.89,0.00,11.58,0.00,0.00,5.26,0.00,0.00,0.00,45.26
20:22:50,6,39.58,0.00,14.58,0.00,0.00,4.17,0.00,0.00,0.00,41.67
20:22:50,7,40.86,0.00,12.90,0.00,0.00,4.30,0.00,0.00,0.00,41.94
20:22:50,8,38.14,0.00,12.37,0.00,0.00,4.12,0.00,0.00,0.00,45.36
20:22:50,9,43.62,0.00,9.57,0.00,0.00,4.26,0.00,0.00,0.00,42.55
20:22:50,10,41.94,0.00,9.68,0.00,0.00,4.30,0.00,0.00,0.00,44.09
20:22:50,11,45.16,0.00,10.75,0.00,0.00,3.23,0.00,0.00,0.00,40.86
20:22:51,all,41.86,0.00,15.38,0.00,0.00,5.01,0.00,0.00,0.00,37.75
20:22:51,0,42.05,0.00,20.45,0.00,0.00,5.68,0.00,0.00,0.00,31.82
20:22:51,1,38.89,0.00,23.33,0.00,0.00,5.56,0.00,0.00,0.00,32.22
20:22:51,2,39.33,0.00,20.22,0.00,0.00,6.74,0.00,0.00,0.00,33.71
20:22:51,3,39.33,0.00,21.35,0.00,0.00,6.74,0.00,0.00,0.00,32.58
20:22:51,4,38.46,0.00,23.08,0.00,0.00,5.49,0.00,0.00,0.00,32.97
20:22:51,5,41.24,0.00,11.34,0.00,0.00,4.12,0.00,0.00,0.00,43.30
20:22:51,6,42.86,0.00,12.24,0.00,0.00,5.10,0.00,0.00,0.00,39.80
20:22:51,7,45.36,0.00,12.37,0.00,0.00,3.09,0.00,0.00,0.00,39.18
20:22:51,8,40.43,0.00,11.70,0.00,0.00,4.26,0.00,0.00,0.00,43.62
20:22:51,9,44.79,0.00,11.46,0.00,0.00,4.17,0.00,0.00,0.00,39.58
20:22:51,10,45.16,0.00,8.60,0.00,0.00,4.30,0.00,0.00,0.00,41.94
20:22:51,11,43.75,0.00,10.42,0.00,0.00,5.21,0.00,0.00,0.00,40.62
20:22:52,all,41.64,0.00,14.75,0.00,0.00,4.68,0.00,0.00,0.00,38.94
20:22:52,0,42.86,0.00,18.68,0.00,0.00,5.49,0.00,0.00,0.00,32.97
20:22:52,1,40.86,0.00,20.43,0.00,0.00,6.45,0.00,0.00,0.00,32.26
20:22:52,2,39.53,0.00,18.60,0.00,0.00,5.81,0.00,0.00,0.00,36.05
20:22:52,3,40.66,0.00,20.88,0.00,0.00,4.40,0.00,0.00,0.00,34.07
20:22:52,4,39.56,0.00,20.88,0.00,0.00,5.49,0.00,0.00,0.00,34.07
20:22:52,5,42.42,0.00,11.11,0.00,0.00,4.04,0.00,0.00,0.00,42.42
20:22:52,6,39.78,0.00,13.98,0.00,0.00,3.23,0.00,0.00,0.00,43.01
20:22:52,7,41.67,0.00,11.46,0.00,0.00,5.21,0.00,0.00,0.00,41.67
20:22:52,8,42.11,0.00,10.53,0.00,0.00,3.16,0.00,0.00,0.00,44.21
20:22:52,9,42.11,0.00,10.53,0.00,0.00,5.26,0.00,0.00,0.00,42.11
20:22:52,10,42.22,0.00,11.11,0.00,0.00,3.33,0.00,0.00,0.00,43.33
20:22:52,11,45.65,0.00,9.78,0.00,0.00,4.35,0.00,0.00,0.00,40.22
20:22:53,all,40.56,0.00,15.76,0.00,0.00,4.57,0.00,0.00,0.00,39.12
20:22:53,0,40.66,0.00,21.98,0.00,0.00,5.49,0.00,0.00,0.00,31.87
20:22:53,1,40.00,0.00,20.00,0.00,0.00,4.44,0.00,0.00,0.00,35.56
20:22:53,2,38.46,0.00,19.78,0.00,0.00,6.59,0.00,0.00,0.00,35.16
20:22:53,3,38.04,0.00,21.74,0.00,0.00,5.43,0.00,0.00,0.00,34.78
20:22:53,4,38.20,0.00,22.47,0.00,0.00,4.49,0.00,0.00,0.00,34.83
20:22:53,5,39.58,0.00,11.46,0.00,0.00,4.17,0.00,0.00,0.00,44.79
20:22:53,6,41.67,0.00,10.42,0.00,0.00,4.17,0.00,0.00,0.00,43.75
20:22:53,7,40.00,0.00,11.58,0.00,0.00,4.21,0.00,0.00,0.00,44.21
20:22:53,8,38.54,0.00,15.62,0.00,0.00,5.21,0.00,0.00,0.00,40.62
20:22:53,9,42.39,0.00,11.96,0.00,0.00,3.26,0.00,0.00,0.00,42.39
20:22:53,10,43.16,0.00,12.63,0.00,0.00,4.21,0.00,0.00,0.00,40.00
20:22:53,11,45.74,0.00,10.64,0.00,0.00,3.19,0.00,0.00,0.00,40.43
20:22:54,all,40.44,0.00,15.38,0.00,0.00,5.07,0.00,0.00,0.00,39.11
20:22:54,0,42.39,0.00,20.65,0.00,0.00,5.43,0.00,0.00,0.00,31.52
20:22:54,1,39.13,0.00,21.74,0.00,0.00,6.52,0.00,0.00,0.00,32.61
20:22:54,2,36.36,0.00,21.59,0.00,0.00,6.82,0.00,0.00,0.00,35.23
20:22:54,3,39.13,0.00,20.65,0.00,0.00,6.52,0.00,0.00,0.00,33.70
20:22:54,4,37.78,0.00,21.11,0.00,0.00,5.56,0.00,0.00,0.00,35.56
20:22:54,5,36.73,0.00,12.24,0.00,0.00,5.10,0.00,0.00,0.00,45.92
20:22:54,6,39.58,0.00,13.54,0.00,0.00,3.12,0.00,0.00,0.00,43.75
20:22:54,7,44.21,0.00,9.47,0.00,0.00,4.21,0.00,0.00,0.00,42.11
20:22:54,8,38.14,0.00,12.37,0.00,0.00,4.12,0.00,0.00,0.00,45.36
20:22:54,9,42.86,0.00,11.22,0.00,0.00,5.10,0.00,0.00,0.00,40.82
20:22:54,10,43.48,0.00,10.87,0.00,0.00,5.43,0.00,0.00,0.00,40.22
20:22:54,11,45.26,0.00,10.53,0.00,0.00,3.16,0.00,0.00,0.00,41.05
20:22:55,all,39.82,0.00,16.43,0.00,0.00,4.64,0.00,0.00,0.00,39.11
20:22:55,0,40.66,0.00,20.88,0.00,0.00,6.59,0.00,0.00,0.00,31.87
20:22:55,1,39.33,0.00,21.35,0.00,0.00,5.62,0.00,0.00,0.00,33.71
20:22:55,2,38.46,0.00,21.98,0.00,0.00,5.49,0.00,0.00,0.00,34.07
20:22:55,3,38.89,0.00,22.22,0.00,0.00,4.44,0.00,0.00,0.00,34.44
20:22:55,4,37.50,0.00,22.92,0.00,0.00,6.25,0.00,0.00,0.00,33.33
20:22:55,5,34.74,0.00,13.68,0.00,0.00,3.16,0.00,0.00,0.00,48.42
20:22:55,6,39.58,0.00,14.58,0.00,0.00,4.17,0.00,0.00,0.00,41.67
20:22:55,7,42.71,0.00,13.54,0.00,0.00,3.12,0.00,0.00,0.00,40.62
20:22:55,8,36.17,0.00,11.70,0.00,0.00,5.32,0.00,0.00,0.00,46.81
20:22:55,9,41.94,0.00,12.90,0.00,0.00,4.30,0.00,0.00,0.00,40.86
20:22:55,10,44.68,0.00,8.51,0.00,0.00,3.19,0.00,0.00,0.00,43.62
20:22:55,11,43.16,0.00,13.68,0.00,0.00,4.21,0.00,0.00,0.00,38.95
20:22:56,all,40.98,0.00,16.25,0.09,0.00,4.29,0.00,0.00,0.00,38.39
20:22:56,0,38.71,0.00,23.66,0.00,0.00,5.38,0.00,0.00,0.00,32.26
20:22:56,1,39.56,0.00,21.98,0.00,0.00,5.49,0.00,0.00,0.00,32.97
20:22:56,2,41.57,0.00,19.10,0.00,0.00,5.62,0.00,0.00,0.00,33.71
20:22:56,3,36.56,0.00,24.73,0.00,0.00,5.38,0.00,0.00,0.00,33.33
20:22:56,4,38.89,0.00,21.11,0.00,0.00,5.56,0.00,0.00,0.00,34.44
20:22:56,5,40.43,0.00,10.64,0.00,0.00,4.26,0.00,0.00,0.00,44.68
20:22:56,6,41.05,0.00,12.63,0.00,0.00,3.16,0.00,0.00,0.00,43.16
20:22:56,7,42.11,0.00,11.58,0.00,0.00,4.21,0.00,0.00,0.00,42.11
20:22:56,8,39.18,0.00,14.43,0.00,0.00,3.09,0.00,0.00,0.00,43.30
20:22:56,9,43.75,0.00,12.50,0.00,0.00,3.12,0.00,0.00,0.00,40.62
20:22:56,10,43.01,0.00,12.90,1.08,0.00,3.23,0.00,0.00,0.00,39.78
20:22:56,11,46.81,0.00,10.64,0.00,0.00,3.19,0.00,0.00,0.00,39.36
20:22:57,all,41.69,0.00,15.00,0.00,0.00,4.85,0.00,0.00,0.00,38.45
20:22:57,0,42.22,0.00,18.89,0.00,0.00,7.78,0.00,0.00,0.00,31.11
20:22:57,1,39.33,0.00,20.22,0.00,0.00,6.74,0.00,0.00,0.00,33.71
20:22:57,2,40.00,0.00,20.00,0.00,0.00,5.56,0.00,0.00,0.00,34.44
20:22:57,3,42.22,0.00,18.89,0.00,0.00,5.56,0.00,0.00,0.00,33.33
20:22:57,4,42.22,0.00,18.89,0.00,0.00,5.56,0.00,0.00,0.00,33.33
20:22:57,5,40.00,0.00,12.63,0.00,0.00,3.16,0.00,0.00,0.00,44.21
20:22:57,6,41.67,0.00,13.54,0.00,0.00,4.17,0.00,0.00,0.00,40.62
20:22:57,7,42.55,0.00,11.70,0.00,0.00,4.26,0.00,0.00,0.00,41.49
20:22:57,8,38.95,0.00,13.68,0.00,0.00,4.21,0.00,0.00,0.00,43.16
20:22:57,9,43.16,0.00,9.47,0.00,0.00,5.26,0.00,0.00,0.00,42.11
20:22:57,10,44.68,0.00,10.64,0.00,0.00,3.19,0.00,0.00,0.00,41.49
20:22:57,11,43.16,0.00,12.63,0.00,0.00,3.16,0.00,0.00,0.00,41.05
20:22:58,all,42.33,0.00,15.25,0.00,0.00,4.87,0.00,0.00,0.00,37.55
20:22:58,0,43.33,0.00,20.00,0.00,0.00,5.56,0.00,0.00,0.00,31.11
20:22:58,1,40.00,0.00,21.11,0.00,0.00,6.67,0.00,0.00,0.00,32.22
20:22:58,2,40.91,0.00,20.45,0.00,0.00,5.68,0.00,0.00,0.00,32.95
20:22:58,3,42.22,0.00,18.89,0.00,0.00,6.67,0.00,0.00,0.00,32.22
20:22:58,4,40.00,0.00,21.11,0.00,0.00,5.56,0.00,0.00,0.00,33.33
20:22:58,5,39.36,0.00,11.70,0.00,0.00,4.26,0.00,0.00,0.00,44.68
20:22:58,6,42.27,0.00,13.40,0.00,0.00,5.15,0.00,0.00,0.00,39.18
20:22:58,7,43.01,0.00,12.90,0.00,0.00,4.30,0.00,0.00,0.00,39.78
20:22:58,8,40.62,0.00,12.50,0.00,0.00,4.17,0.00,0.00,0.00,42.71
20:22:58,9,47.37,0.00,10.53,0.00,0.00,3.16,0.00,0.00,0.00,38.95
20:22:58,10,43.01,0.00,11.83,0.00,0.00,4.30,0.00,0.00,0.00,40.86
20:22:58,11,45.65,0.00,9.78,0.00,0.00,3.26,0.00,0.00,0.00,41.30
20:22:59,all,43.01,0.00,15.75,0.00,0.00,4.96,0.00,0.00,0.00,36.28
20:22:59,0,43.75,0.00,20.83,0.00,0.00,7.29,0.00,0.00,0.00,28.12
20:22:59,1,40.43,0.00,22.34,0.00,0.00,5.32,0.00,0.00,0.00,31.91
20:22:59,2,40.66,0.00,20.88,0.00,0.00,6.59,0.00,0.00,0.00,31.87
20:22:59,3,41.30,0.00,20.65,0.00,0.00,7.61,0.00,0.00,0.00,30.43
20:22:59,4,44.68,0.00,21.28,0.00,0.00,5.32,0.00,0.00,0.00,28.72
20:22:59,5,40.62,0.00,12.50,0.00,0.00,5.21,0.00,0.00,0.00,41.67
20:22:59,6,40.62,0.00,14.58,0.00,0.00,4.17,0.00,0.00,0.00,40.62
20:22:59,7,44.21,0.00,11.58,0.00,0.00,4.21,0.00,0.00,0.00,40.00
20:22:59,8,42.71,0.00,10.42,0.00,0.00,4.17,0.00,0.00,0.00,42.71
20:22:59,9,46.32,0.00,12.63,0.00,0.00,3.16,0.00,0.00,0.00,37.89
20:22:59,10,46.74,0.00,9.78,0.00,0.00,2.17,0.00,0.00,0.00,41.30
20:22:59,11,44.09,0.00,11.83,0.00,0.00,4.30,0.00,0.00,0.00,39.78
20:23:00,all,39.95,0.00,15.98,0.00,0.00,4.49,0.00,0.00,0.00,39.59
20:23:00,0,40.00,0.00,22.22,0.00,0.00,4.44,0.00,0.00,0.00,33.33
20:23:00,1,40.23,0.00,20.69,0.00,0.00,6.90,0.00,0.00,0.00,32.18
20:23:00,2,36.26,0.00,25.27,0.00,0.00,5.49,0.00,0.00,0.00,32.97
20:23:00,3,36.26,0.00,23.08,0.00,0.00,5.49,0.00,0.00,0.00,35.16
20:23:00,4,36.67,0.00,21.11,0.00,0.00,6.67,0.00,0.00,0.00,35.56
20:23:00,5,37.89,0.00,11.58,0.00,0.00,3.16,0.00,0.00,0.00,47.37
20:23:00,6,41.05,0.00,11.58,0.00,0.00,4.21,0.00,0.00,0.00,43.16
20:23:00,7,41.67,0.00,10.42,0.00,0.00,4.17,0.00,0.00,0.00,43.75
20:23:00,8,39.36,0.00,11.70,0.00,0.00,4.26,0.00,0.00,0.00,44.68
20:23:00,9,41.67,0.00,11.46,0.00,0.00,4.17,0.00,0.00,0.00,42.71
20:23:00,10,44.79,0.00,12.50,0.00,0.00,3.12,0.00,0.00,0.00,39.58
20:23:00,11,43.01,0.00,11.83,0.00,0.00,2.15,0.00,0.00,0.00,43.01
20:23:01,all,40.50,0.00,15.72,0.00,0.00,4.97,0.00,0.00,0.00,38.81
20:23:01,0,38.71,0.00,20.43,0.00,0.00,7.53,0.00,0.00,0.00,33.33
20:23:01,1,39.36,0.00,21.28,0.00,0.00,5.32,0.00,0.00,0.00,34.04
20:23:01,2,38.89,0.00,22.22,0.00,0.00,4.44,0.00,0.00,0.00,34.44
20:23:01,3,39.78,0.00,21.51,0.00,0.00,6.45,0.00,0.00,0.00,32.26
20:23:01,4,39.56,0.00,18.68,0.00,0.00,7.69,0.00,0.00,0.00,34.07
20:23:01,5,39.58,0.00,13.54,0.00,0.00,3.12,0.00,0.00,0.00,43.75
20:23:01,6,38.95,0.00,12.63,0.00,0.00,5.26,0.00,0.00,0.00,43.16
20:23:01,7,40.00,0.00,12.63,0.00,0.00,3.16,0.00,0.00,0.00,44.21
20:23:01,8,38.78,0.00,12.24,0.00,0.00,3.06,0.00,0.00,0.00,45.92
20:23:01,9,45.26,0.00,10.53,0.00,0.00,4.21,0.00,0.00,0.00,40.00
20:23:01,10,43.62,0.00,10.64,0.00,0.00,4.26,0.00,0.00,0.00,41.49
20:23:01,11,43.48,0.00,13.04,0.00,0.00,5.43,0.00,0.00,0.00,38.04
20:23:02,all,43.35,0.00,14.93,0.00,0.00,4.59,0.00,0.00,0.00,37.14
20:23:02,0,42.05,0.00,20.45,0.00,0.00,5.68,0.00,0.00,0.00,31.82
20:23:02,1,39.56,0.00,23.08,0.00,0.00,6.59,0.00,0.00,0.00,30.77
20:23:02,2,41.57,0.00,20.22,0.00,0.00,4.49,0.00,0.00,0.00,33.71
20:23:02,3,40.45,0.00,22.47,0.00,0.00,4.49,0.00,0.00,0.00,32.58
20:23:02,4,42.22,0.00,20.00,0.00,0.00,5.56,0.00,0.00,0.00,32.22
20:23:02,5,41.84,0.00,10.20,0.00,0.00,4.08,0.00,0.00,0.00,43.88
20:23:02,6,43.01,0.00,9.68,0.00,0.00,4.30,0.00,0.00,0.00,43.01
20:23:02,7,45.16,0.00,9.68,0.00,0.00,4.30,0.00,0.00,0.00,40.86
20:23:02,8,43.75,0.00,11.46,0.00,0.00,4.17,0.00,0.00,0.00,40.62
20:23:02,9,45.26,0.00,11.58,0.00,0.00,4.21,0.00,0.00,0.00,38.95
20:23:02,10,46.88,0.00,11.46,0.00,0.00,3.12,0.00,0.00,0.00,38.54
20:23:02,11,47.87,0.00,10.64,0.00,0.00,4.26,0.00,0.00,0.00,37.23
20:23:03,all,41.04,0.00,15.23,0.00,0.00,4.66,0.00,0.00,0.00,39.07
20:23:03,0,42.86,0.00,20.88,0.00,0.00,5.49,0.00,0.00,0.00,30.77
20:23:03,1,39.56,0.00,21.98,0.00,0.00,5.49,0.00,0.00,0.00,32.97
20:23:03,2,36.96,0.00,21.74,0.00,0.00,7.61,0.00,0.00,0.00,33.70
20:23:03,3,40.00,0.00,20.00,0.00,0.00,5.56,0.00,0.00,0.00,34.44
20:23:03,4,38.89,0.00,20.00,0.00,0.00,5.56,0.00,0.00,0.00,35.56
20:23:03,5,41.49,0.00,10.64,0.00,0.00,4.26,0.00,0.00,0.00,43.62
20:23:03,6,42.71,0.00,10.42,0.00,0.00,5.21,0.00,0.00,0.00,41.67
20:23:03,7,41.05,0.00,13.68,0.00,0.00,3.16,0.00,0.00,0.00,42.11
20:23:03,8,41.24,0.00,11.34,0.00,0.00,3.09,0.00,0.00,0.00,44.33
20:23:03,9,40.43,0.00,12.77,0.00,0.00,3.19,0.00,0.00,0.00,43.62
20:23:03,10,42.39,0.00,10.87,0.00,0.00,3.26,0.00,0.00,0.00,43.48
20:23:03,11,44.68,0.00,9.57,0.00,0.00,4.26,0.00,0.00,0.00,41.49
20:23:04,all,51.53,0.00,17.06,0.00,0.00,4.64,0.00,0.00,0.00,26.77
20:23:04,0,48.39,0.00,24.73,0.00,0.00,5.38,0.00,0.00,0.00,21.51
20:23:04,1,50.54,0.00,20.43,0.00,0.00,7.53,0.00,0.00,0.00,21.51
20:23:04,2,46.81,0.00,21.28,0.00,0.00,7.45,0.00,0.00,0.00,24.47
20:23:04,3,48.94,0.00,21.28,0.00,0.00,6.38,0.00,0.00,0.00,23.40
20:23:04,4,53.19,0.00,21.28,0.00,0.00,6.38,0.00,0.00,0.00,19.15
20:23:04,5,54.00,0.00,13.00,0.00,0.00,5.00,0.00,0.00,0.00,28.00
20:23:04,6,52.08,0.00,14.58,0.00,0.00,3.12,0.00,0.00,0.00,30.21
20:23:04,7,53.68,0.00,13.68,0.00,0.00,3.16,0.00,0.00,0.00,29.47
20:23:04,8,50.00,0.00,12.50,0.00,0.00,3.12,0.00,0.00,0.00,34.38
20:23:04,9,47.92,0.00,12.50,0.00,0.00,3.12,0.00,0.00,0.00,36.46
20:23:04,10,54.26,0.00,15.96,0.00,0.00,2.13,0.00,0.00,0.00,27.66
20:23:04,11,58.16,0.00,14.29,0.00,0.00,3.06,0.00,0.00,0.00,24.49
20:23:05,all,59.29,0.00,17.01,0.00,0.00,5.30,0.00,0.00,0.00,18.40
20:23:05,0,56.25,0.00,22.92,0.00,0.00,7.29,0.00,0.00,0.00,13.54
20:23:05,1,64.89,0.00,17.02,0.00,0.00,5.32,0.00,0.00,0.00,12.77
20:23:05,2,54.17,0.00,23.96,0.00,0.00,7.29,0.00,0.00,0.00,14.58
20:23:05,3,52.13,0.00,25.53,0.00,0.00,7.45,0.00,0.00,0.00,14.89
20:23:05,4,55.79,0.00,22.11,0.00,0.00,7.37,0.00,0.00,0.00,14.74
20:23:05,5,62.77,0.00,14.89,0.00,0.00,4.26,0.00,0.00,0.00,18.09
20:23:05,6,59.18,0.00,14.29,0.00,0.00,4.08,0.00,0.00,0.00,22.45
20:23:05,7,63.92,0.00,11.34,0.00,0.00,4.12,0.00,0.00,0.00,20.62
20:23:05,8,58.76,0.00,14.43,0.00,0.00,4.12,0.00,0.00,0.00,22.68
20:23:05,9,52.58,0.00,15.46,0.00,0.00,5.15,0.00,0.00,0.00,26.80
20:23:05,10,63.54,0.00,10.42,0.00,0.00,4.17,0.00,0.00,0.00,21.88
20:23:05,11,67.35,0.00,12.24,0.00,0.00,3.06,0.00,0.00,0.00,17.35
20:23:06,all,40.97,0.00,14.76,0.00,0.00,4.65,0.00,0.00,0.00,39.62
20:23:06,0,41.30,0.00,19.57,0.00,0.00,6.52,0.00,0.00,0.00,32.61
20:23:06,1,41.11,0.00,17.78,0.00,0.00,6.67,0.00,0.00,0.00,34.44
20:23:06,2,37.50,0.00,20.45,0.00,0.00,5.68,0.00,0.00,0.00,36.36
20:23:06,3,39.13,0.00,20.65,0.00,0.00,5.43,0.00,0.00,0.00,34.78
20:23:06,4,39.13,0.00,20.65,0.00,0.00,6.52,0.00,0.00,0.00,33.70
20:23:06,5,39.39,0.00,11.11,0.00,0.00,4.04,0.00,0.00,0.00,45.45
20:23:06,6,41.67,0.00,11.46,0.00,0.00,4.17,0.00,0.00,0.00,42.71
20:23:06,7,41.67,0.00,12.50,0.00,0.00,3.12,0.00,0.00,0.00,42.71
20:23:06,8,38.95,0.00,12.63,0.00,0.00,3.16,0.00,0.00,0.00,45.26
20:23:06,9,41.94,0.00,10.75,0.00,0.00,4.30,0.00,0.00,0.00,43.01
20:23:06,10,44.57,0.00,10.87,0.00,0.00,2.17,0.00,0.00,0.00,42.39
20:23:06,11,45.16,0.00,9.68,0.00,0.00,4.30,0.00,0.00,0.00,40.86
20:23:07,all,42.09,0.00,15.74,0.00,0.00,4.77,0.00,0.00,0.00,37.41
20:23:07,0,41.38,0.00,18.39,0.00,0.00,6.90,0.00,0.00,0.00,33.33
20:23:07,1,38.89,0.00,22.22,0.00,0.00,5.56,0.00,0.00,0.00,33.33
20:23:07,2,42.39,0.00,19.57,0.00,0.00,6.52,0.00,0.00,0.00,31.52
20:23:07,3,41.30,0.00,22.83,0.00,0.00,5.43,0.00,0.00,0.00,30.43
20:23:07,4,37.78,0.00,21.11,0.00,0.00,6.67,0.00,0.00,0.00,34.44
20:23:07,5,43.30,0.00,13.40,0.00,0.00,4.12,0.00,0.00,0.00,39.18
20:23:07,6,42.11,0.00,14.74,0.00,0.00,3.16,0.00,0.00,0.00,40.00
20:23:07,7,40.86,0.00,12.90,0.00,0.00,4.30,0.00,0.00,0.00,41.94
20:23:07,8,42.11,0.00,10.53,0.00,0.00,4.21,0.00,0.00,0.00,43.16
20:23:07,9,44.21,0.00,11.58,0.00,0.00,4.21,0.00,0.00,0.00,40.00
20:23:07,10,45.26,0.00,11.58,0.00,0.00,3.16,0.00,0.00,0.00,40.00
20:23:07,11,45.05,0.00,10.99,0.00,0.00,3.30,0.00,0.00,0.00,40.66
20:23:08,all,40.82,0.00,16.20,0.00,0.00,5.19,0.00,0.00,0.00,37.78
20:23:08,0,40.86,0.00,23.66,0.00,0.00,5.38,0.00,0.00,0.00,30.11
20:23:08,1,39.56,0.00,23.08,0.00,0.00,6.59,0.00,0.00,0.00,30.77
20:23:08,2,40.00,0.00,21.11,0.00,0.00,5.56,0.00,0.00,0.00,33.33
20:23:08,3,41.30,0.00,20.65,0.00,0.00,6.52,0.00,0.00,0.00,31.52
20:23:08,4,39.13,0.00,21.74,0.00,0.00,6.52,0.00,0.00,0.00,32.61
20:23:08,5,39.78,0.00,11.83,0.00,0.00,3.23,0.00,0.00,0.00,45.16
20:23:08,6,39.58,0.00,12.50,0.00,0.00,5.21,0.00,0.00,0.00,42.71
20:23:08,7,39.78,0.00,12.90,0.00,0.00,4.30,0.00,0.00,0.00,43.01
20:23:08,8,39.80,0.00,12.24,0.00,0.00,5.10,0.00,0.00,0.00,42.86
20:23:08,9,42.55,0.00,11.70,0.00,0.00,6.38,0.00,0.00,0.00,39.36
20:23:08,10,43.01,0.00,11.83,0.00,0.00,3.23,0.00,0.00,0.00,41.94
20:23:08,11,44.57,0.00,11.96,0.00,0.00,4.35,0.00,0.00,0.00,39.13
20:23:09,all,43.33,0.00,16.20,0.00,0.00,4.48,0.00,0.00,0.00,35.99
20:23:09,0,43.18,0.00,20.45,0.00,0.00,6.82,0.00,0.00,0.00,29.55
20:23:09,1,42.86,0.00,20.88,0.00,0.00,5.49,0.00,0.00,0.00,30.77
20:23:09,2,41.30,0.00,23.91,0.00,0.00,5.43,0.00,0.00,0.00,29.35
20:23:09,3,41.76,0.00,24.18,0.00,0.00,5.49,0.00,0.00,0.00,28.57
20:23:09,4,42.70,0.00,20.22,0.00,0.00,5.62,0.00,0.00,0.00,31.46
20:23:09,5,43.75,0.00,13.54,0.00,0.00,3.12,0.00,0.00,0.00,39.58
20:23:09,6,43.16,0.00,13.68,0.00,0.00,2.11,0.00,0.00,0.00,41.05
20:23:09,7,42.11,0.00,12.63,0.00,0.00,4.21,0.00,0.00,0.00,41.05
20:23:09,8,41.41,0.00,12.12,0.00,0.00,4.04,0.00,0.00,0.00,42.42
20:23:09,9,45.74,0.00,11.70,0.00,0.00,4.26,0.00,0.00,0.00,38.30
20:23:09,10,46.74,0.00,8.70,0.00,0.00,3.26,0.00,0.00,0.00,41.30
20:23:09,11,45.26,0.00,13.68,0.00,0.00,4.21,0.00,0.00,0.00,36.84
20:23:10,all,47.35,0.00,15.40,0.27,0.00,4.96,0.00,0.00,0.00,32.04
20:23:10,0,47.25,0.00,19.78,0.00,0.00,6.59,0.00,0.00,0.00,26.37
20:23:10,1,42.70,0.00,24.72,0.00,0.00,5.62,0.00,0.00,0.00,26.97
20:23:10,2,43.48,0.00,19.57,0.00,0.00,7.61,0.00,0.00,0.00,29.35
20:23:10,3,46.74,0.00,20.65,3.26,0.00,6.52,0.00,0.00,0.00,22.83
20:23:10,4,45.65,0.00,18.48,0.00,0.00,5.43,0.00,0.00,0.00,30.43
20:23:10,5,49.47,0.00,10.53,0.00,0.00,4.21,0.00,0.00,0.00,35.79
20:23:10,6,46.46,0.00,12.12,0.00,0.00,5.05,0.00,0.00,0.00,36.36
20:23:10,7,50.52,0.00,11.34,0.00,0.00,4.12,0.00,0.00,0.00,34.02
20:23:10,8,47.37,0.00,11.58,0.00,0.00,4.21,0.00,0.00,0.00,36.84
20:23:10,9,47.42,0.00,15.46,0.00,0.00,3.09,0.00,0.00,0.00,34.02
20:23:10,10,47.92,0.00,10.42,0.00,0.00,4.17,0.00,0.00,0.00,37.50
20:23:10,11,52.63,0.00,11.58,0.00,0.00,3.16,0.00,0.00,0.00,32.63
20:23:11,all,68.69,0.00,16.98,0.00,0.00,5.12,0.00,0.00,0.00,9.22
20:23:11,0,63.27,0.00,20.41,0.00,0.00,9.18,0.00,0.00,0.00,7.14
20:23:11,1,66.67,0.00,22.22,0.00,0.00,8.08,0.00,0.00,0.00,3.03
20:23:11,2,70.83,0.00,15.62,0.00,0.00,5.21,0.00,0.00,0.00,8.33
20:23:11,3,60.20,0.00,26.53,0.00,0.00,7.14,0.00,0.00,0.00,6.12
20:23:11,4,66.67,0.00,20.20,0.00,0.00,7.07,0.00,0.00,0.00,6.06
20:23:11,5,77.78,0.00,14.14,0.00,0.00,2.02,0.00,0.00,0.00,6.06
20:23:11,6,66.33,0.00,13.27,0.00,0.00,4.08,0.00,0.00,0.00,16.33
20:23:11,7,74.23,0.00,13.40,0.00,0.00,3.09,0.00,0.00,0.00,9.28
20:23:11,8,68.69,0.00,18.18,0.00,0.00,4.04,0.00,0.00,0.00,9.09
20:23:11,9,66.67,0.00,14.58,0.00,0.00,5.21,0.00,0.00,0.00,13.54
20:23:11,10,69.47,0.00,10.53,0.00,0.00,2.11,0.00,0.00,0.00,17.89
20:23:11,11,73.47,0.00,14.29,0.00,0.00,4.08,0.00,0.00,0.00,8.16
20:23:12,all,55.53,0.00,17.84,0.00,0.00,5.31,0.00,0.00,0.00,21.32
20:23:12,0,50.55,0.00,23.08,0.00,0.00,8.79,0.00,0.00,0.00,17.58
20:23:12,1,51.04,0.00,22.92,0.00,0.00,9.38,0.00,0.00,0.00,16.67
20:23:12,2,58.95,0.00,18.95,0.00,0.00,4.21,0.00,0.00,0.00,17.89
20:23:12,3,47.83,0.00,25.00,0.00,0.00,7.61,0.00,0.00,0.00,19.57
20:23:12,4,51.58,0.00,25.26,0.00,0.00,7.37,0.00,0.00,0.00,15.79
20:23:12,5,57.14,0.00,15.31,0.00,0.00,5.10,0.00,0.00,0.00,22.45
20:23:12,6,55.21,0.00,12.50,0.00,0.00,3.12,0.00,0.00,0.00,29.17
20:23:12,7,55.56,0.00,16.16,0.00,0.00,4.04,0.00,0.00,0.00,24.24
20:23:12,8,55.56,0.00,16.16,0.00,0.00,4.04,0.00,0.00,0.00,24.24
20:23:12,9,60.42,0.00,13.54,0.00,0.00,2.08,0.00,0.00,0.00,23.96
20:23:12,10,61.05,0.00,12.63,0.00,0.00,2.11,0.00,0.00,0.00,24.21
20:23:12,11,60.82,0.00,13.40,0.00,0.00,6.19,0.00,0.00,0.00,19.59
20:23:13,all,40.76,0.00,15.51,0.00,0.00,4.42,0.00,0.00,0.00,39.31
20:23:13,0,40.91,0.00,19.32,0.00,0.00,5.68,0.00,0.00,0.00,34.09
20:23:13,1,38.46,0.00,23.08,0.00,0.00,4.40,0.00,0.00,0.00,34.07
20:23:13,2,40.45,0.00,21.35,0.00,0.00,4.49,0.00,0.00,0.00,33.71
20:23:13,3,39.56,0.00,21.98,0.00,0.00,5.49,0.00,0.00,0.00,32.97
20:23:13,4,40.00,0.00,20.00,0.00,0.00,4.44,0.00,0.00,0.00,35.56
20:23:13,5,41.24,0.00,10.31,0.00,0.00,4.12,0.00,0.00,0.00,44.33
20:23:13,6,38.54,0.00,12.50,0.00,0.00,4.17,0.00,0.00,0.00,44.79
20:23:13,7,37.63,0.00,13.98,0.00,0.00,5.38,0.00,0.00,0.00,43.01
20:23:13,8,38.54,0.00,13.54,0.00,0.00,4.17,0.00,0.00,0.00,43.75
20:23:13,9,43.16,0.00,10.53,0.00,0.00,4.21,0.00,0.00,0.00,42.11
20:23:13,10,46.24,0.00,9.68,0.00,0.00,4.30,0.00,0.00,0.00,39.78
20:23:13,11,44.44,0.00,11.11,0.00,0.00,2.22,0.00,0.00,0.00,42.22
20:23:14,all,40.50,0.00,15.19,0.00,0.00,5.06,0.00,0.00,0.00,39.25
20:23:14,0,39.78,0.00,21.51,0.00,0.00,5.38,0.00,0.00,0.00,33.33
20:23:14,1,40.22,0.00,18.48,0.00,0.00,6.52,0.00,0.00,0.00,34.78
20:23:14,2,38.71,0.00,20.43,0.00,0.00,5.38,0.00,0.00,0.00,35.48
20:23:14,3,39.33,0.00,20.22,0.00,0.00,5.62,0.00,0.00,0.00,34.83
20:23:14,4,38.04,0.00,19.57,0.00,0.00,6.52,0.00,0.00,0.00,35.87
20:23:14,5,38.95,0.00,12.63,0.00,0.00,4.21,0.00,0.00,0.00,44.21
20:23:14,6,42.11,0.00,10.53,0.00,0.00,5.26,0.00,0.00,0.00,42.11
20:23:14,7,40.00,0.00,12.63,0.00,0.00,4.21,0.00,0.00,0.00,43.16
20:23:14,8,38.14,0.00,12.37,0.00,0.00,5.15,0.00,0.00,0.00,44.33
20:23:14,9,44.09,0.00,10.75,0.00,0.00,4.30,0.00,0.00,0.00,40.86
20:23:14,10,42.71,0.00,12.50,0.00,0.00,4.17,0.00,0.00,0.00,40.62
20:23:14,11,43.75,0.00,11.46,0.00,0.00,4.17,0.00,0.00,0.00,40.62
20:23:15,all,40.55,0.00,15.42,0.00,0.00,4.46,0.00,0.00,0.00,39.57
20:23:15,0,40.45,0.00,19.10,0.00,0.00,5.62,0.00,0.00,0.00,34.83
20:23:15,1,36.67,0.00,21.11,0.00,0.00,5.56,0.00,0.00,0.00,36.67
20:23:15,2,40.43,0.00,20.21,0.00,0.00,5.32,0.00,0.00,0.00,34.04
20:23:15,3,40.22,0.00,21.74,0.00,0.00,4.35,0.00,0.00,0.00,33.70
20:23:15,4,39.77,0.00,19.32,0.00,0.00,4.55,0.00,0.00,0.00,36.36
20:23:15,5,38.54,0.00,12.50,0.00,0.00,5.21,0.00,0.00,0.00,43.75
20:23:15,6,40.40,0.00,12.12,0.00,0.00,5.05,0.00,0.00,0.00,42.42
20:23:15,7,41.67,0.00,13.54,0.00,0.00,4.17,0.00,0.00,0.00,40.62
20:23:15,8,37.50,0.00,12.50,0.00,0.00,4.17,0.00,0.00,0.00,45.83
20:23:15,9,43.16,0.00,11.58,0.00,0.00,3.16,0.00,0.00,0.00,42.11
20:23:15,10,44.09,0.00,10.75,0.00,0.00,3.23,0.00,0.00,0.00,41.94
20:23:15,11,43.62,0.00,11.70,0.00,0.00,3.19,0.00,0.00,0.00,41.49
20:23:16,all,40.67,0.00,15.01,0.00,0.00,5.15,0.00,0.00,0.00,39.17
20:23:16,0,40.43,0.00,23.40,0.00,0.00,5.32,0.00,0.00,0.00,30.85
20:23:16,1,40.66,0.00,19.78,0.00,0.00,6.59,0.00,0.00,0.00,32.97
20:23:16,2,38.89,0.00,21.11,0.00,0.00,6.67,0.00,0.00,0.00,33.33
20:23:16,3,36.96,0.00,22.83,0.00,0.00,5.43,0.00,0.00,0.00,34.78
20:23:16,4,38.71,0.00,20.43,0.00,0.00,6.45,0.00,0.00,0.00,34.41
20:23:16,5,37.76,0.00,13.27,0.00,0.00,4.08,0.00,0.00,0.00,44.90
20:23:16,6,42.71,0.00,10.42,0.00,0.00,5.21,0.00,0.00,0.00,41.67
20:23:16,7,40.62,0.00,9.38,0.00,0.00,5.21,0.00,0.00,0.00,44.79
20:23:16,8,40.82,0.00,10.20,0.00,0.00,5.10,0.00,0.00,0.00,43.88
20:23:16,9,42.11,0.00,11.58,0.00,0.00,4.21,0.00,0.00,0.00,42.11
20:23:16,10,43.96,0.00,8.79,0.00,0.00,3.30,0.00,0.00,0.00,43.96
20:23:16,11,44.57,0.00,9.78,0.00,0.00,4.35,0.00,0.00,0.00,41.30
20:23:17,all,42.45,0.00,15.63,0.18,0.00,4.71,0.00,0.00,0.00,37.03
20:23:17,0,40.91,0.00,21.59,0.00,0.00,5.68,0.00,0.00,0.00,31.82
20:23:17,1,41.30,0.00,21.74,0.00,0.00,5.43,0.00,0.00,0.00,31.52
20:23:17,2,41.11,0.00,21.11,0.00,0.00,4.44,0.00,0.00,0.00,33.33
20:23:17,3,39.56,0.00,23.08,1.10,0.00,6.59,0.00,0.00,0.00,29.67
20:23:17,4,41.11,0.00,21.11,0.00,0.00,5.56,0.00,0.00,0.00,32.22
20:23:17,5,42.86,0.00,10.20,0.00,0.00,5.10,0.00,0.00,0.00,41.84
20:23:17,6,43.88,0.00,11.22,1.02,0.00,4.08,0.00,0.00,0.00,39.80
20:23:17,7,41.84,0.00,12.24,0.00,0.00,5.10,0.00,0.00,0.00,40.82
20:23:17,8,40.62,0.00,12.50,0.00,0.00,4.17,0.00,0.00,0.00,42.71
20:23:17,9,45.74,0.00,11.70,0.00,0.00,3.19,0.00,0.00,0.00,39.36
20:23:17,10,44.21,0.00,11.58,0.00,0.00,3.16,0.00,0.00,0.00,41.05
20:23:17,11,45.83,0.00,11.46,0.00,0.00,4.17,0.00,0.00,0.00,38.54
20:23:18,all,41.58,0.00,15.68,0.00,0.00,4.57,0.00,0.00,0.00,38.17
20:23:18,0,38.46,0.00,23.08,0.00,0.00,6.59,0.00,0.00,0.00,31.87
20:23:18,1,39.56,0.00,20.88,0.00,0.00,6.59,0.00,0.00,0.00,32.97
20:23:18,2,42.70,0.00,20.22,0.00,0.00,4.49,0.00,0.00,0.00,32.58
20:23:18,3,41.11,0.00,20.00,0.00,0.00,5.56,0.00,0.00,0.00,33.33
20:23:18,4,40.23,0.00,20.69,0.00,0.00,5.75,0.00,0.00,0.00,33.33
20:23:18,5,40.00,0.00,11.58,0.00,0.00,3.16,0.00,0.00,0.00,45.26
20:23:18,6,43.88,0.00,11.22,0.00,0.00,4.08,0.00,0.00,0.00,40.82
20:23:18,7,42.71,0.00,12.50,0.00,0.00,3.12,0.00,0.00,0.00,41.67
20:23:18,8,39.18,0.00,13.40,0.00,0.00,4.12,0.00,0.00,0.00,43.30
20:23:18,9,41.05,0.00,12.63,0.00,0.00,4.21,0.00,0.00,0.00,42.11
20:23:18,10,45.74,0.00,11.70,0.00,0.00,4.26,0.00,0.00,0.00,38.30
20:23:18,11,44.09,0.00,11.83,0.00,0.00,3.23,0.00,0.00,0.00,40.86
20:23:19,all,42.92,0.00,15.68,0.00,0.00,4.84,0.00,0.00,0.00,36.56
20:23:19,0,42.70,0.00,21.35,0.00,0.00,6.74,0.00,0.00,0.00,29.21
20:23:19,1,39.08,0.00,21.84,0.00,0.00,5.75,0.00,0.00,0.00,33.33
20:23:19,2,39.78,0.00,23.66,0.00,0.00,5.38,0.00,0.00,0.00,31.18
20:23:19,3,42.86,0.00,20.88,0.00,0.00,5.49,0.00,0.00,0.00,30.77
20:23:19,4,46.15,0.00,17.58,0.00,0.00,5.49,0.00,0.00,0.00,30.77
20:23:19,5,42.39,0.00,10.87,0.00,0.00,4.35,0.00,0.00,0.00,42.39
20:23:19,6,45.26,0.00,12.63,0.00,0.00,3.16,0.00,0.00,0.00,38.95
20:23:19,7,44.21,0.00,11.58,0.00,0.00,5.26,0.00,0.00,0.00,38.95
20:23:19,8,42.27,0.00,12.37,0.00,0.00,3.09,0.00,0.00,0.00,42.27
20:23:19,9,42.27,0.00,12.37,0.00,0.00,5.15,0.00,0.00,0.00,40.21
20:23:19,10,42.55,0.00,12.77,0.00,0.00,4.26,0.00,0.00,0.00,40.43
20:23:19,11,45.26,0.00,11.58,0.00,0.00,4.21,0.00,0.00,0.00,38.95
20:23:20,all,40.97,0.00,15.12,0.00,0.00,4.47,0.00,0.00,0.00,39.45
20:23:20,0,40.22,0.00,21.74,0.00,0.00,5.43,0.00,0.00,0.00,32.61
20:23:20,1,37.08,0.00,21.35,0.00,0.00,5.62,0.00,0.00,0.00,35.96
20:23:20,2,39.33,0.00,19.10,0.00,0.00,5.62,0.00,0.00,0.00,35.96
20:23:20,3,40.66,0.00,19.78,0.00,0.00,5.49,0.00,0.00,0.00,34.07
20:23:20,4,39.13,0.00,20.65,0.00,0.00,5.43,0.00,0.00,0.00,34.78
20:23:20,5,38.14,0.00,11.34,0.00,0.00,4.12,0.00,0.00,0.00,46.39
20:23:20,6,40.86,0.00,12.90,0.00,0.00,3.23,0.00,0.00,0.00,43.01
20:23:20,7,41.94,0.00,11.83,0.00,0.00,3.23,0.00,0.00,0.00,43.01
20:23:20,8,40.00,0.00,11.58,0.00,0.00,3.16,0.00,0.00,0.00,45.26
20:23:20,9,42.86,0.00,13.27,0.00,0.00,4.08,0.00,0.00,0.00,39.80
20:23:20,10,45.26,0.00,9.47,0.00,0.00,4.21,0.00,0.00,0.00,41.05
20:23:20,11,45.74,0.00,9.57,0.00,0.00,4.26,0.00,0.00,0.00,40.43
20:23:21,all,40.52,0.00,15.41,0.00,0.00,4.63,0.00,0.00,0.00,39.45
20:23:21,0,37.50,0.00,20.45,0.00,0.00,6.82,0.00,0.00,0.00,35.23
20:23:21,1,38.04,0.00,20.65,0.00,0.00,5.43,0.00,0.00,0.00,35.87
20:23:21,2,38.89,0.00,21.11,0.00,0.00,5.56,0.00,0.00,0.00,34.44
20:23:21,3,38.30,0.00,23.40,0.00,0.00,5.32,0.00,0.00,0.00,32.98
20:23:21,4,39.13,0.00,20.65,0.00,0.00,6.52,0.00,0.00,0.00,33.70
20:23:21,5,40.00,0.00,11.58,0.00,0.00,3.16,0.00,0.00,0.00,45.26
20:23:21,6,38.54,0.00,12.50,0.00,0.00,4.17,0.00,0.00,0.00,44.79
20:23:21,7,41.05,0.00,10.53,0.00,0.00,4.21,0.00,0.00,0.00,44.21
20:23:21,8,38.54,0.00,12.50,0.00,0.00,5.21,0.00,0.00,0.00,43.75
20:23:21,9,41.67,0.00,11.46,0.00,0.00,4.17,0.00,0.00,0.00,42.71
20:23:21,10,45.26,0.00,10.53,0.00,0.00,4.21,0.00,0.00,0.00,40.00
20:23:21,11,48.94,0.00,10.64,0.00,0.00,1.06,0.00,0.00,0.00,39.36
20:23:22,all,42.04,0.00,16.53,0.00,0.00,4.62,0.00,0.00,0.00,36.80
20:23:22,0,39.56,0.00,21.98,0.00,0.00,5.49,0.00,0.00,0.00,32.97
20:23:22,1,40.86,0.00,21.51,0.00,0.00,6.45,0.00,0.00,0.00,31.18
20:23:22,2,41.30,0.00,20.65,0.00,0.00,6.52,0.00,0.00,0.00,31.52
20:23:22,3,43.01,0.00,22.58,0.00,0.00,5.38,0.00,0.00,0.00,29.03
20:23:22,4,39.33,0.00,22.47,0.00,0.00,5.62,0.00,0.00,0.00,32.58
20:23:22,5,41.67,0.00,12.50,0.00,0.00,4.17,0.00,0.00,0.00,41.67
20:23:22,6,42.11,0.00,14.74,0.00,0.00,4.21,0.00,0.00,0.00,38.95
20:23:22,7,39.58,0.00,15.62,0.00,0.00,4.17,0.00,0.00,0.00,40.62
20:23:22,8,39.58,0.00,12.50,0.00,0.00,4.17,0.00,0.00,0.00,43.75
20:23:22,9,45.26,0.00,10.53,0.00,0.00,4.21,0.00,0.00,0.00,40.00
20:23:22,10,45.26,0.00,11.58,0.00,0.00,3.16,0.00,0.00,0.00,40.00
20:23:22,11,46.81,0.00,12.77,0.00,0.00,2.13,0.00,0.00,0.00,38.30
20:23:23,all,41.43,0.00,14.55,0.00,0.00,5.00,0.00,0.00,0.00,39.02
20:23:23,0,38.20,0.00,20.22,0.00,0.00,6.74,0.00,0.00,0.00,34.83
20:23:23,1,39.77,0.00,19.32,0.00,0.00,5.68,0.00,0.00,0.00,35.23
20:23:23,2,38.46,0.00,21.98,0.00,0.00,5.49,0.00,0.00,0.00,34.07
20:23:23,3,37.50,0.00,21.59,0.00,0.00,5.68,0.00,0.00,0.00,35.23
20:23:23,4,39.56,0.00,18.68,0.00,0.00,6.59,0.00,0.00,0.00,35.16
20:23:23,5,40.40,0.00,10.10,0.00,0.00,5.05,0.00,0.00,0.00,44.44
20:23:23,6,40.82,0.00,11.22,0.00,0.00,5.10,0.00,0.00,0.00,42.86
20:23:23,7,42.71,0.00,10.42,0.00,0.00,5.21,0.00,0.00,0.00,41.67
20:23:23,8,43.88,0.00,10.20,0.00,0.00,4.08,0.00,0.00,0.00,41.84
20:23:23,9,43.75,0.00,12.50,0.00,0.00,4.17,0.00,0.00,0.00,39.58
20:23:23,10,46.81,0.00,9.57,0.00,0.00,3.19,0.00,0.00,0.00,40.43
20:23:23,11,44.57,0.00,10.87,0.00,0.00,3.26,0.00,0.00,0.00,41.30
20:23:24,all,40.59,0.00,15.12,0.00,0.00,4.59,0.00,0.00,0.00,39.69
20:23:24,0,36.36,0.00,21.59,0.00,0.00,5.68,0.00,0.00,0.00,36.36
20:23:24,1,36.96,0.00,22.83,0.00,0.00,6.52,0.00,0.00,0.00,33.70
20:23:24,2,40.66,0.00,20.88,0.00,0.00,5.49,0.00,0.00,0.00,32.97
20:23:24,3,41.11,0.00,20.00,0.00,0.00,4.44,0.00,0.00,0.00,34.44
20:23:24,4,37.78,0.00,22.22,0.00,0.00,5.56,0.00,0.00,0.00,34.44
20:23:24,5,36.84,0.00,11.58,0.00,0.00,4.21,0.00,0.00,0.00,47.37
20:23:24,6,43.62,0.00,8.51,0.00,0.00,3.19,0.00,0.00,0.00,44.68
20:23:24,7,40.43,0.00,10.64,0.00,0.00,4.26,0.00,0.00,0.00,44.68
20:23:24,8,38.95,0.00,11.58,0.00,0.00,4.21,0.00,0.00,0.00,45.26
20:23:24,9,46.39,0.00,11.34,0.00,0.00,4.12,0.00,0.00,0.00,38.14
20:23:24,10,44.68,0.00,11.70,0.00,0.00,3.19,0.00,0.00,0.00,40.43
20:23:24,11,42.86,0.00,9.89,0.00,0.00,4.40,0.00,0.00,0.00,42.86
20:23:25,all,40.55,0.00,15.60,0.00,0.00,4.72,0.00,0.00,0.00,39.13
20:23:25,0,41.30,0.00,19.57,0.00,0.00,7.61,0.00,0.00,0.00,31.52
20:23:25,1,41.76,0.00,20.88,0.00,0.00,5.49,0.00,0.00,0.00,31.87
20:23:25,2,40.22,0.00,20.65,0.00,0.00,5.43,0.00,0.00,0.00,33.70
20:23:25,3,35.87,0.00,23.91,0.00,0.00,5.43,0.00,0.00,0.00,34.78
20:23:25,4,38.20,0.00,22.47,0.00,0.00,5.62,0.00,0.00,0.00,33.71
20:23:25,5,38.14,0.00,11.34,0.00,0.00,4.12,0.00,0.00,0.00,46.39
20:23:25,6,40.00,0.00,11.58,0.00,0.00,4.21,0.00,0.00,0.00,44.21
20:23:25,7,41.05,0.00,12.63,0.00,0.00,3.16,0.00,0.00,0.00,43.16
20:23:25,8,40.21,0.00,11.34,0.00,0.00,4.12,0.00,0.00,0.00,44.33
20:23:25,9,43.16,0.00,10.53,0.00,0.00,4.21,0.00,0.00,0.00,42.11
20:23:25,10,44.79,0.00,11.46,0.00,0.00,4.17,0.00,0.00,0.00,39.58
20:23:25,11,41.76,0.00,12.09,0.00,0.00,3.30,0.00,0.00,0.00,42.86
20:23:26,all,40.41,0.00,15.34,0.00,0.00,4.73,0.00,0.00,0.00,39.52
20:23:26,0,41.11,0.00,22.22,0.00,0.00,5.56,0.00,0.00,0.00,31.11
20:23:26,1,39.13,0.00,21.74,0.00,0.00,5.43,0.00,0.00,0.00,33.70
20:23:26,2,40.00,0.00,20.00,0.00,0.00,5.56,0.00,0.00,0.00,34.44
20:23:26,3,38.20,0.00,20.22,0.00,0.00,5.62,0.00,0.00,0.00,35.96
20:23:26,4,38.04,0.00,20.65,0.00,0.00,6.52,0.00,0.00,0.00,34.78
20:23:26,5,39.18,0.00,11.34,0.00,0.00,4.12,0.00,0.00,0.00,45.36
20:23:26,6,40.86,0.00,10.75,0.00,0.00,3.23,0.00,0.00,0.00,45.16
20:23:26,7,40.21,0.00,12.37,0.00,0.00,5.15,0.00,0.00,0.00,42.27
20:23:26,8,38.54,0.00,12.50,0.00,0.00,3.12,0.00,0.00,0.00,45.83
20:23:26,9,41.24,0.00,11.34,0.00,0.00,5.15,0.00,0.00,0.00,42.27
20:23:26,10,41.94,0.00,10.75,0.00,0.00,4.30,0.00,0.00,0.00,43.01
20:23:26,11,46.32,0.00,11.58,0.00,0.00,3.16,0.00,0.00,0.00,38.95
20:23:27,all,42.60,0.00,15.25,0.00,0.00,4.51,0.00,0.00,0.00,37.64
20:23:27,0,41.57,0.00,21.35,0.00,0.00,5.62,0.00,0.00,0.00,31.46
20:23:27,1,41.30,0.00,20.65,0.00,0.00,6.52,0.00,0.00,0.00,31.52
20:23:27,2,40.91,0.00,20.45,0.00,0.00,5.68,0.00,0.00,0.00,32.95
20:23:27,3,43.18,0.00,19.32,0.00,0.00,6.82,0.00,0.00,0.00,30.68
20:23:27,4,41.57,0.00,20.22,0.00,0.00,5.62,0.00,0.00,0.00,32.58
20:23:27,5,40.00,0.00,11.58,0.00,0.00,4.21,0.00,0.00,0.00,44.21
20:23:27,6,42.27,0.00,13.40,0.00,0.00,3.09,0.00,0.00,0.00,41.24
20:23:27,7,42.27,0.00,12.37,0.00,0.00,5.15,0.00,0.00,0.00,40.21
20:23:27,8,39.36,0.00,12.77,0.00,0.00,3.19,0.00,0.00,0.00,44.68
20:23:27,9,43.62,0.00,11.70,0.00,0.00,3.19,0.00,0.00,0.00,41.49
20:23:27,10,48.91,0.00,8.70,0.00,0.00,2.17,0.00,0.00,0.00,40.22
20:23:27,11,46.24,0.00,11.83,0.00,0.00,3.23,0.00,0.00,0.00,38.71
20:23:28,all,41.03,0.00,16.79,0.00,0.00,5.06,0.00,0.00,0.00,37.12
20:23:28,0,38.20,0.00,21.35,0.00,0.00,6.74,0.00,0.00,0.00,33.71
20:23:28,1,40.22,0.00,22.83,0.00,0.00,5.43,0.00,0.00,0.00,31.52
20:23:28,2,39.13,0.00,23.91,0.00,0.00,5.43,0.00,0.00,0.00,31.52
20:23:28,3,37.50,0.00,22.73,0.00,0.00,5.68,0.00,0.00,0.00,34.09
20:23:28,4,36.56,0.00,25.81,0.00,0.00,6.45,0.00,0.00,0.00,31.18
20:23:28,5,38.30,0.00,13.83,0.00,0.00,4.26,0.00,0.00,0.00,43.62
20:23:28,6,41.84,0.00,13.27,0.00,0.00,5.10,0.00,0.00,0.00,39.80
20:23:28,7,43.01,0.00,12.90,0.00,0.00,4.30,0.00,0.00,0.00,39.78
20:23:28,8,42.27,0.00,12.37,0.00,0.00,4.12,0.00,0.00,0.00,41.24
20:23:28,9,43.30,0.00,12.37,0.00,0.00,4.12,0.00,0.00,0.00,40.21
20:23:28,10,44.33,0.00,10.31,0.00,0.00,5.15,0.00,0.00,0.00,40.21
20:23:28,11,46.88,0.00,11.46,0.00,0.00,4.17,0.00,0.00,0.00,37.50
20:23:29,all,42.63,0.00,16.34,0.00,0.00,4.62,0.00,0.00,0.00,36.41
20:23:29,0,42.39,0.00,21.74,0.00,0.00,6.52,0.00,0.00,0.00,29.35
20:23:29,1,44.09,0.00,22.58,0.00,0.00,6.45,0.00,0.00,0.00,26.88
20:23:29,2,43.96,0.00,19.78,0.00,0.00,5.49,0.00,0.00,0.00,30.77
20:23:29,3,39.56,0.00,21.98,0.00,0.00,5.49,0.00,0.00,0.00,32.97
20:23:29,4,42.86,0.00,20.88,0.00,0.00,5.49,0.00,0.00,0.00,30.77
20:23:29,5,43.16,0.00,13.68,0.00,0.00,3.16,0.00,0.00,0.00,40.00
20:23:29,6,40.62,0.00,12.50,0.00,0.00,4.17,0.00,0.00,0.00,42.71
20:23:29,7,41.67,0.00,13.54,0.00,0.00,5.21,0.00,0.00,0.00,39.58
20:23:29,8,39.58,0.00,12.50,0.00,0.00,4.17,0.00,0.00,0.00,43.75
20:23:29,9,42.11,0.00,13.68,0.00,0.00,3.16,0.00,0.00,0.00,41.05
20:23:29,10,44.79,0.00,12.50,0.00,0.00,3.12,0.00,0.00,0.00,39.58
20:23:29,11,46.81,0.00,11.70,0.00,0.00,3.19,0.00,0.00,0.00,38.30
20:23:30,all,40.13,0.00,14.97,0.00,0.00,5.05,0.00,0.00,0.00,39.86
20:23:30,0,41.76,0.00,20.88,0.00,0.00,5.49,0.00,0.00,0.00,31.87
20:23:30,1,38.04,0.00,21.74,0.00,0.00,6.52,0.00,0.00,0.00,33.70
20:23:30,2,36.90,0.00,20.24,0.00,0.00,5.95,0.00,0.00,0.00,36.90
20:23:30,3,38.46,0.00,19.78,0.00,0.00,6.59,0.00,0.00,0.00,35.16
20:23:30,4,40.00,0.00,20.00,0.00,0.00,4.44,0.00,0.00,0.00,35.56
20:23:30,5,38.54,0.00,11.46,0.00,0.00,4.17,0.00,0.00,0.00,45.83
20:23:30,6,39.58,0.00,11.46,0.00,0.00,5.21,0.00,0.00,0.00,43.75
20:23:30,7,39.78,0.00,11.83,0.00,0.00,4.30,0.00,0.00,0.00,44.09
20:23:30,8,38.30,0.00,10.64,0.00,0.00,4.26,0.00,0.00,0.00,46.81
20:23:30,9,40.82,0.00,13.27,0.00,0.00,5.10,0.00,0.00,0.00,40.82
20:23:30,10,44.57,0.00,9.78,0.00,0.00,3.26,0.00,0.00,0.00,42.39
20:23:30,11,44.57,0.00,9.78,0.00,0.00,5.43,0.00,0.00,0.00,40.22
20:23:31,all,40.14,0.00,15.32,0.00,0.00,4.75,0.00,0.00,0.00,39.78
20:23:31,0,38.20,0.00,21.35,0.00,0.00,5.62,0.00,0.00,0.00,34.83
20:23:31,1,41.30,0.00,20.65,0.00,0.00,5.43,0.00,0.00,0.00,32.61
20:23:31,2,38.71,0.00,22.58,0.00,0.00,5.38,0.00,0.00,0.00,33.33
20:23:31,3,41.30,0.00,20.65,0.00,0.00,5.43,0.00,0.00,0.00,32.61
20:23:31,4,39.56,0.00,20.88,0.00,0.00,5.49,0.00,0.00,0.00,34.07
20:23:31,5,37.23,0.00,11.70,0.00,0.00,4.26,0.00,0.00,0.00,46.81
20:23:31,6,40.62,0.00,11.46,0.00,0.00,4.17,0.00,0.00,0.00,43.75
20:23:31,7,40.00,0.00,12.63,0.00,0.00,4.21,0.00,0.00,0.00,43.16
20:23:31,8,37.37,0.00,12.12,0.00,0.00,5.05,0.00,0.00,0.00,45.45
20:23:31,9,43.16,0.00,10.53,0.00,0.00,5.26,0.00,0.00,0.00,41.05
20:23:31,10,40.45,0.00,11.24,0.00,0.00,3.37,0.00,0.00,0.00,44.94
20:23:31,11,43.96,0.00,8.79,0.00,0.00,3.30,0.00,0.00,0.00,43.96
20:23:32,all,42.96,0.00,16.13,0.18,0.00,4.72,0.00,0.00,0.00,36.01
20:23:32,0,46.07,0.00,21.35,0.00,0.00,4.49,0.00,0.00,0.00,28.09
20:23:32,1,41.05,0.00,24.21,0.00,0.00,5.26,0.00,0.00,0.00,29.47
20:23:32,2,40.00,0.00,23.16,1.05,0.00,5.26,0.00,0.00,0.00,30.53
20:23:32,3,42.86,0.00,20.88,0.00,0.00,6.59,0.00,0.00,0.00,29.67
20:23:32,4,40.43,0.00,24.47,0.00,0.00,5.32,0.00,0.00,0.00,29.79
20:23:32,5,40.00,0.00,13.68,0.00,0.00,5.26,0.00,0.00,0.00,41.05
20:23:32,6,42.39,0.00,10.87,0.00,0.00,4.35,0.00,0.00,0.00,42.39
20:23:32,7,43.62,0.00,11.70,0.00,0.00,3.19,0.00,0.00,0.00,41.49
20:23:32,8,41.94,0.00,11.83,0.00,0.00,3.23,0.00,0.00,0.00,43.01
20:23:32,9,44.21,0.00,12.63,0.00,0.00,4.21,0.00,0.00,0.00,38.95
20:23:32,10,45.74,0.00,9.57,0.00,0.00,5.32,0.00,0.00,0.00,39.36
20:23:32,11,47.37,0.00,9.47,1.05,0.00,4.21,0.00,0.00,0.00,37.89
20:23:33,all,40.41,0.00,15.52,0.00,0.00,5.17,0.00,0.00,0.00,38.89
20:23:33,0,40.22,0.00,20.65,0.00,0.00,6.52,0.00,0.00,0.00,32.61
20:23:33,1,37.78,0.00,21.11,0.00,0.00,5.56,0.00,0.00,0.00,35.56
20:23:33,2,40.86,0.00,20.43,0.00,0.00,6.45,0.00,0.00,0.00,32.26
20:23:33,3,35.56,0.00,22.22,0.00,0.00,6.67,0.00,0.00,0.00,35.56
20:23:33,4,37.08,0.00,20.22,0.00,0.00,7.87,0.00,0.00,0.00,34.83
20:23:33,5,37.11,0.00,14.43,0.00,0.00,5.15,0.00,0.00,0.00,43.30
20:23:33,6,41.24,0.00,12.37,0.00,0.00,4.12,0.00,0.00,0.00,42.27
20:23:33,7,37.89,0.00,12.63,0.00,0.00,6.32,0.00,0.00,0.00,43.16
20:23:33,8,42.27,0.00,11.34,0.00,0.00,3.09,0.00,0.00,0.00,43.30
20:23:33,9,42.55,0.00,10.64,0.00,0.00,4.26,0.00,0.00,0.00,42.55
20:23:33,10,43.62,0.00,10.64,0.00,0.00,3.19,0.00,0.00,0.00,42.55
20:23:33,11,48.39,0.00,10.75,0.00,0.00,3.23,0.00,0.00,0.00,37.63
20:23:34,all,40.68,0.00,15.77,0.00,0.00,4.12,0.00,0.00,0.00,39.43
20:23:34,0,43.01,0.00,21.51,0.00,0.00,4.30,0.00,0.00,0.00,31.18
20:23:34,1,39.77,0.00,20.45,0.00,0.00,5.68,0.00,0.00,0.00,34.09
20:23:34,2,35.56,0.00,23.33,0.00,0.00,5.56,0.00,0.00,0.00,35.56
20:23:34,3,38.71,0.00,22.58,0.00,0.00,6.45,0.00,0.00,0.00,32.26
20:23:34,4,39.13,0.00,20.65,0.00,0.00,5.43,0.00,0.00,0.00,34.78
20:23:34,5,36.96,0.00,13.04,0.00,0.00,3.26,0.00,0.00,0.00,46.74
20:23:34,6,42.11,0.00,10.53,0.00,0.00,3.16,0.00,0.00,0.00,44.21
20:23:34,7,43.75,0.00,12.50,0.00,0.00,3.12,0.00,0.00,0.00,40.62
20:23:34,8,38.54,0.00,12.50,0.00,0.00,4.17,0.00,0.00,0.00,44.79
20:23:34,9,41.94,0.00,11.83,0.00,0.00,3.23,0.00,0.00,0.00,43.01
20:23:34,10,42.55,0.00,10.64,0.00,0.00,3.19,0.00,0.00,0.00,43.62
20:23:34,11,45.74,0.00,10.64,0.00,0.00,2.13,0.00,0.00,0.00,41.49
20:23:35,all,39.62,0.00,15.74,0.00,0.00,4.92,0.00,0.00,0.00,39.71
20:23:35,0,40.00,0.00,20.00,0.00,0.00,6.67,0.00,0.00,0.00,33.33
20:23:35,1,41.49,0.00,19.15,0.00,0.00,6.38,0.00,0.00,0.00,32.98
20:23:35,2,36.26,0.00,24.18,0.00,0.00,5.49,0.00,0.00,0.00,34.07
20:23:35,3,36.96,0.00,22.83,0.00,0.00,7.61,0.00,0.00,0.00,32.61
20:23:35,4,38.46,0.00,21.98,0.00,0.00,5.49,0.00,0.00,0.00,34.07
20:23:35,5,36.84,0.00,11.58,0.00,0.00,4.21,0.00,0.00,0.00,47.37
20:23:35,6,40.86,0.00,11.83,0.00,0.00,4.30,0.00,0.00,0.00,43.01
20:23:35,7,42.27,0.00,12.37,0.00,0.00,3.09,0.00,0.00,0.00,42.27
20:23:35,8,36.56,0.00,10.75,0.00,0.00,5.38,0.00,0.00,0.00,47.31
20:23:35,9,39.58,0.00,13.54,0.00,0.00,4.17,0.00,0.00,0.00,42.71
20:23:35,10,44.21,0.00,11.58,0.00,0.00,2.11,0.00,0.00,0.00,42.11
20:23:35,11,41.76,0.00,9.89,0.00,0.00,4.40,0.00,0.00,0.00,43.96
20:23:36,all,40.94,0.00,15.78,0.00,0.00,4.15,0.00,0.00,0.00,39.13
20:23:36,0,37.36,0.00,21.98,0.00,0.00,6.59,0.00,0.00,0.00,34.07
20:23:36,1,39.13,0.00,21.74,0.00,0.00,6.52,0.00,0.00,0.00,32.61
20:23:36,2,38.20,0.00,21.35,0.00,0.00,5.62,0.00,0.00,0.00,34.83
20:23:36,3,39.77,0.00,20.45,0.00,0.00,4.55,0.00,0.00,0.00,35.23
20:23:36,4,37.36,0.00,23.08,0.00,0.00,5.49,0.00,0.00,0.00,34.07
20:23:36,5,41.05,0.00,10.53,0.00,0.00,3.16,0.00,0.00,0.00,45.26
20:23:36,6,42.11,0.00,12.63,0.00,0.00,3.16,0.00,0.00,0.00,42.11
20:23:36,7,42.39,0.00,10.87,0.00,0.00,3.26,0.00,0.00,0.00,43.48
20:23:36,8,37.89,0.00,13.68,0.00,0.00,3.16,0.00,0.00,0.00,45.26
20:23:36,9,43.16,0.00,11.58,0.00,0.00,3.16,0.00,0.00,0.00,42.11
20:23:36,10,46.74,0.00,9.78,0.00,0.00,2.17,0.00,0.00,0.00,41.30
20:23:36,11,45.74,0.00,12.77,0.00,0.00,3.19,0.00,0.00,0.00,38.30
20:23:37,all,42.37,0.00,15.52,0.09,0.00,4.64,0.00,0.00,0.00,37.38
20:23:37,0,40.22,0.00,22.83,0.00,0.00,6.52,0.00,0.00,0.00,30.43
20:23:37,1,45.74,0.00,19.15,0.00,0.00,4.26,0.00,0.00,0.00,30.85
20:23:37,2,42.39,0.00,19.57,0.00,0.00,6.52,0.00,0.00,0.00,31.52
20:23:37,3,38.89,0.00,21.11,0.00,0.00,6.67,0.00,0.00,0.00,33.33
20:23:37,4,37.78,0.00,22.22,0.00,0.00,5.56,0.00,0.00,0.00,34.44
20:23:37,5,37.23,0.00,13.83,0.00,0.00,4.26,0.00,0.00,0.00,44.68
20:23:37,6,41.24,0.00,12.37,1.03,0.00,4.12,0.00,0.00,0.00,41.24
20:23:37,7,44.21,0.00,10.53,0.00,0.00,5.26,0.00,0.00,0.00,40.00
20:23:37,8,41.30,0.00,10.87,0.00,0.00,3.26,0.00,0.00,0.00,44.57
20:23:37,9,44.79,0.00,13.54,0.00,0.00,4.17,0.00,0.00,0.00,37.50
20:23:37,10,46.88,0.00,11.46,0.00,0.00,2.08,0.00,0.00,0.00,39.58
20:23:37,11,47.31,0.00,9.68,0.00,0.00,3.23,0.00,0.00,0.00,39.78
20:23:38,all,42.02,0.00,15.43,0.00,0.00,5.05,0.00,0.00,0.00,37.50
20:23:38,0,43.48,0.00,20.65,0.00,0.00,5.43,0.00,0.00,0.00,30.43
20:23:38,1,43.62,0.00,19.15,0.00,0.00,6.38,0.00,0.00,0.00,30.85
20:23:38,2,39.13,0.00,20.65,0.00,0.00,6.52,0.00,0.00,0.00,33.70
20:23:38,3,41.76,0.00,19.78,0.00,0.00,6.59,0.00,0.00,0.00,31.87
20:23:38,4,40.86,0.00,20.43,0.00,0.00,5.38,0.00,0.00,0.00,33.33
20:23:38,5,41.49,0.00,12.77,0.00,0.00,4.26,0.00,0.00,0.00,41.49
20:23:38,6,41.05,0.00,13.68,0.00,0.00,4.21,0.00,0.00,0.00,41.05
20:23:38,7,41.24,0.00,12.37,0.00,0.00,4.12,0.00,0.00,0.00,42.27
20:23:38,8,40.62,0.00,12.50,0.00,0.00,4.17,0.00,0.00,0.00,42.71
20:23:38,9,42.11,0.00,12.63,0.00,0.00,5.26,0.00,0.00,0.00,40.00
20:23:38,10,43.16,0.00,11.58,0.00,0.00,4.21,0.00,0.00,0.00,41.05
20:23:38,11,45.74,0.00,9.57,0.00,0.00,4.26,0.00,0.00,0.00,40.43
20:23:39,all,43.28,0.00,15.76,0.00,0.00,4.72,0.00,0.00,0.00,36.24
20:23:39,0,45.05,0.00,21.98,0.00,0.00,5.49,0.00,0.00,0.00,27.47
20:23:39,1,40.22,0.00,22.83,0.00,0.00,6.52,0.00,0.00,0.00,30.43
20:23:39,2,42.39,0.00,20.65,0.00,0.00,5.43,0.00,0.00,0.00,31.52
20:23:39,3,43.82,0.00,20.22,0.00,0.00,6.74,0.00,0.00,0.00,29.21
20:23:39,4,39.78,0.00,21.51,0.00,0.00,6.45,0.00,0.00,0.00,32.26
20:23:39,5,39.80,0.00,12.24,0.00,0.00,6.12,0.00,0.00,0.00,41.84
20:23:39,6,45.36,0.00,13.40,0.00,0.00,3.09,0.00,0.00,0.00,38.14
20:23:39,7,41.05,0.00,11.58,0.00,0.00,4.21,0.00,0.00,0.00,43.16
20:23:39,8,43.16,0.00,11.58,0.00,0.00,3.16,0.00,0.00,0.00,42.11
20:23:39,9,43.62,0.00,12.77,0.00,0.00,4.26,0.00,0.00,0.00,39.36
20:23:39,10,48.42,0.00,10.53,0.00,0.00,3.16,0.00,0.00,0.00,37.89
20:23:39,11,46.74,0.00,10.87,0.00,0.00,2.17,0.00,0.00,0.00,40.22
20:23:40,all,41.82,0.00,17.25,0.00,0.00,4.74,0.00,0.00,0.00,36.19
20:23:40,0,44.44,0.00,20.00,0.00,0.00,4.44,0.00,0.00,0.00,31.11
20:23:40,1,43.62,0.00,23.40,0.00,0.00,5.32,0.00,0.00,0.00,27.66
20:23:40,2,41.76,0.00,20.88,0.00,0.00,5.49,0.00,0.00,0.00,31.87
20:23:40,3,40.22,0.00,22.83,0.00,0.00,6.52,0.00,0.00,0.00,30.43
20:23:40,4,37.63,0.00,25.81,0.00,0.00,5.38,0.00,0.00,0.00,31.18
20:23:40,5,38.95,0.00,14.74,0.00,0.00,4.21,0.00,0.00,0.00,42.11
20:23:40,6,43.75,0.00,13.54,0.00,0.00,4.17,0.00,0.00,0.00,38.54
20:23:40,7,44.21,0.00,12.63,0.00,0.00,4.21,0.00,0.00,0.00,38.95
20:23:40,8,38.71,0.00,12.90,0.00,0.00,5.38,0.00,0.00,0.00,43.01
20:23:40,9,43.16,0.00,12.63,0.00,0.00,4.21,0.00,0.00,0.00,40.00
20:23:40,10,41.76,0.00,14.29,0.00,0.00,3.30,0.00,0.00,0.00,40.66
20:23:40,11,43.62,0.00,13.83,0.00,0.00,4.26,0.00,0.00,0.00,38.30
20:23:41,all,40.66,0.00,15.19,0.00,0.00,4.65,0.00,0.00,0.00,39.50
20:23:41,0,40.00,0.00,20.00,0.00,0.00,6.67,0.00,0.00,0.00,33.33
20:23:41,1,40.66,0.00,19.78,0.00,0.00,5.49,0.00,0.00,0.00,34.07
20:23:41,2,37.36,0.00,21.98,0.00,0.00,6.59,0.00,0.00,0.00,34.07
20:23:41,3,36.96,0.00,22.83,0.00,0.00,5.43,0.00,0.00,0.00,34.78
20:23:41,4,38.46,0.00,20.88,0.00,0.00,5.49,0.00,0.00,0.00,35.16
20:23:41,5,41.05,0.00,9.47,0.00,0.00,3.16,0.00,0.00,0.00,46.32
20:23:41,6,42.11,0.00,11.58,0.00,0.00,4.21,0.00,0.00,0.00,42.11
20:23:41,7,38.78,0.00,12.24,0.00,0.00,6.12,0.00,0.00,0.00,42.86
20:23:41,8,41.67,0.00,11.46,0.00,0.00,4.17,0.00,0.00,0.00,42.71
20:23:41,9,41.49,0.00,11.70,0.00,0.00,3.19,0.00,0.00,0.00,43.62
20:23:41,10,42.86,0.00,10.99,0.00,0.00,2.20,0.00,0.00,0.00,43.96
20:23:41,11,46.32,0.00,10.53,0.00,0.00,3.16,0.00,0.00,0.00,40.00
20:23:42,all,39.77,0.00,16.25,0.00,0.00,4.94,0.00,0.00,0.00,39.05
20:23:42,0,39.56,0.00,20.88,0.00,0.00,6.59,0.00,0.00,0.00,32.97
20:23:42,1,39.78,0.00,23.66,0.00,0.00,5.38,0.00,0.00,0.00,31.18
20:23:42,2,40.66,0.00,19.78,0.00,0.00,6.59,0.00,0.00,0.00,32.97
20:23:42,3,35.56,0.00,23.33,0.00,0.00,4.44,0.00,0.00,0.00,36.67
20:23:42,4,35.87,0.00,22.83,0.00,0.00,7.61,0.00,0.00,0.00,33.70
20:23:42,5,38.30,0.00,11.70,0.00,0.00,4.26,0.00,0.00,0.00,45.74
20:23:42,6,40.21,0.00,12.37,0.00,0.00,5.15,0.00,0.00,0.00,42.27
20:23:42,7,39.36,0.00,12.77,0.00,0.00,4.26,0.00,0.00,0.00,43.62
20:23:42,8,41.67,0.00,13.54,0.00,0.00,3.12,0.00,0.00,0.00,41.67
20:23:42,9,40.43,0.00,11.70,0.00,0.00,4.26,0.00,0.00,0.00,43.62
20:23:42,10,42.22,0.00,11.11,0.00,0.00,4.44,0.00,0.00,0.00,42.22
20:23:42,11,43.48,0.00,11.96,0.00,0.00,3.26,0.00,0.00,0.00,41.30
20:23:43,all,42.75,0.00,15.56,0.36,0.00,4.38,0.00,0.00,0.00,36.94
20:23:43,0,44.94,0.00,20.22,0.00,0.00,4.49,0.00,0.00,0.00,30.34
20:23:43,1,42.70,0.00,19.10,0.00,0.00,5.62,0.00,0.00,0.00,32.58
20:23:43,2,39.77,0.00,20.45,0.00,0.00,4.55,0.00,0.00,0.00,35.23
20:23:43,3,39.33,0.00,20.22,0.00,0.00,5.62,0.00,0.00,0.00,34.83
20:23:43,4,39.13,0.00,21.74,0.00,0.00,7.61,0.00,0.00,0.00,31.52
20:23:43,5,42.11,0.00,10.53,1.05,0.00,3.16,0.00,0.00,0.00,43.16
20:23:43,6,41.24,0.00,15.46,0.00,0.00,3.09,0.00,0.00,0.00,40.21
20:23:43,7,43.30,0.00,13.40,0.00,0.00,4.12,0.00,0.00,0.00,39.18
20:23:43,8,42.27,0.00,11.34,0.00,0.00,5.15,0.00,0.00,0.00,41.24
20:23:43,9,46.39,0.00,12.37,1.03,0.00,3.09,0.00,0.00,0.00,37.11
20:23:43,10,43.62,0.00,11.70,1.06,0.00,3.19,0.00,0.00,0.00,40.43
20:23:43,11,47.87,0.00,11.70,1.06,0.00,3.19,0.00,0.00,0.00,36.17
20:23:44,all,40.88,0.00,15.47,0.00,0.00,4.47,0.00,0.00,0.00,39.18
20:23:44,0,41.57,0.00,22.47,0.00,0.00,4.49,0.00,0.00,0.00,31.46
20:23:44,1,38.20,0.00,20.22,0.00,0.00,6.74,0.00,0.00,0.00,34.83
20:23:44,2,39.13,0.00,21.74,0.00,0.00,6.52,0.00,0.00,0.00,32.61
20:23:44,3,41.30,0.00,19.57,0.00,0.00,6.52,0.00,0.00,0.00,32.61
20:23:44,4,38.20,0.00,23.60,0.00,0.00,4.49,0.00,0.00,0.00,33.71
20:23:44,5,36.46,0.00,13.54,0.00,0.00,3.12,0.00,0.00,0.00,46.88
20:23:44,6,43.88,0.00,11.22,0.00,0.00,3.06,0.00,0.00,0.00,41.84
20:23:44,7,41.05,0.00,11.58,0.00,0.00,4.21,0.00,0.00,0.00,43.16
20:23:44,8,40.62,0.00,10.42,0.00,0.00,3.12,0.00,0.00,0.00,45.83
20:23:44,9,42.11,0.00,11.58,0.00,0.00,4.21,0.00,0.00,0.00,42.11
20:23:44,10,43.48,0.00,10.87,0.00,0.00,3.26,0.00,0.00,0.00,42.39
20:23:44,11,44.21,0.00,10.53,0.00,0.00,4.21,0.00,0.00,0.00,41.05
20:23:45,all,42.59,0.00,15.62,0.09,0.00,4.55,0.00,0.00,0.00,37.14
20:23:45,0,42.39,0.00,18.48,1.09,0.00,6.52,0.00,0.00,0.00,31.52
20:23:45,1,42.86,0.00,20.88,0.00,0.00,5.49,0.00,0.00,0.00,30.77
20:23:45,2,40.66,0.00,19.78,0.00,0.00,5.49,0.00,0.00,0.00,34.07
20:23:45,3,39.56,0.00,23.08,0.00,0.00,5.49,0.00,0.00,0.00,31.87
20:23:45,4,38.89,0.00,20.00,0.00,0.00,6.67,0.00,0.00,0.00,34.44
20:23:45,5,42.71,0.00,14.58,0.00,0.00,3.12,0.00,0.00,0.00,39.58
20:23:45,6,44.21,0.00,12.63,0.00,0.00,4.21,0.00,0.00,0.00,38.95
20:23:45,7,43.01,0.00,12.90,0.00,0.00,3.23,0.00,0.00,0.00,40.86
20:23:45,8,39.58,0.00,12.50,0.00,0.00,5.21,0.00,0.00,0.00,42.71
20:23:45,9,44.79,0.00,11.46,0.00,0.00,3.12,0.00,0.00,0.00,40.62
20:23:45,10,45.74,0.00,10.64,0.00,0.00,3.19,0.00,0.00,0.00,40.43
20:23:45,11,46.32,0.00,11.58,0.00,0.00,3.16,0.00,0.00,0.00,38.95
20:23:46,all,40.66,0.00,14.99,0.00,0.00,4.76,0.00,0.00,0.00,39.59
20:23:46,0,42.86,0.00,19.78,0.00,0.00,5.49,0.00,0.00,0.00,31.87
20:23:46,1,38.89,0.00,21.11,0.00,0.00,5.56,0.00,0.00,0.00,34.44
20:23:46,2,41.57,0.00,17.98,0.00,0.00,6.74,0.00,0.00,0.00,33.71
20:23:46,3,40.00,0.00,18.89,0.00,0.00,6.67,0.00,0.00,0.00,34.44
20:23:46,4,36.96,0.00,21.74,0.00,0.00,6.52,0.00,0.00,0.00,34.78
20:23:46,5,35.05,0.00,14.43,0.00,0.00,5.15,0.00,0.00,0.00,45.36
20:23:46,6,39.36,0.00,11.70,0.00,0.00,4.26,0.00,0.00,0.00,44.68
20:23:46,7,41.49,0.00,11.70,0.00,0.00,3.19,0.00,0.00,0.00,43.62
20:23:46,8,40.43,0.00,9.57,0.00,0.00,4.26,0.00,0.00,0.00,45.74
20:23:46,9,41.24,0.00,13.40,0.00,0.00,4.12,0.00,0.00,0.00,41.24
20:23:46,10,44.57,0.00,10.87,0.00,0.00,2.17,0.00,0.00,0.00,42.39
20:23:46,11,45.74,0.00,9.57,0.00,0.00,3.19,0.00,0.00,0.00,41.49
20:23:47,all,39.96,0.00,16.09,0.00,0.00,5.61,0.00,0.00,0.00,38.34
20:23:47,0,40.45,0.00,21.35,0.00,0.00,6.74,0.00,0.00,0.00,31.46
20:23:47,1,41.11,0.00,20.00,0.00,0.00,7.78,0.00,0.00,0.00,31.11
20:23:47,2,37.08,0.00,21.35,0.00,0.00,6.74,0.00,0.00,0.00,34.83
20:23:47,3,35.16,0.00,24.18,0.00,0.00,6.59,0.00,0.00,0.00,34.07
20:23:47,4,38.46,0.00,21.98,0.00,0.00,7.69,0.00,0.00,0.00,31.87
20:23:47,5,37.23,0.00,12.77,0.00,0.00,5.32,0.00,0.00,0.00,44.68
20:23:47,6,39.36,0.00,13.83,0.00,0.00,4.26,0.00,0.00,0.00,42.55
20:23:47,7,41.49,0.00,12.77,0.00,0.00,5.32,0.00,0.00,0.00,40.43
20:23:47,8,37.23,0.00,12.77,0.00,0.00,5.32,0.00,0.00,0.00,44.68
20:23:47,9,41.94,0.00,10.75,0.00,0.00,4.30,0.00,0.00,0.00,43.01
20:23:47,10,44.57,0.00,10.87,0.00,0.00,3.26,0.00,0.00,0.00,41.30
20:23:47,11,45.26,0.00,11.58,0.00,0.00,4.21,0.00,0.00,0.00,38.95
20:23:48,all,43.03,0.00,15.97,0.00,0.00,4.35,0.00,0.00,0.00,36.65
20:23:48,0,43.96,0.00,20.88,0.00,0.00,5.49,0.00,0.00,0.00,29.67
20:23:48,1,40.66,0.00,24.18,0.00,0.00,4.40,0.00,0.00,0.00,30.77
20:23:48,2,42.22,0.00,21.11,0.00,0.00,5.56,0.00,0.00,0.00,31.11
20:23:48,3,41.76,0.00,21.98,0.00,0.00,4.40,0.00,0.00,0.00,31.87
20:23:48,4,43.62,0.00,21.28,0.00,0.00,5.32,0.00,0.00,0.00,29.79
20:23:48,5,38.54,0.00,11.46,0.00,0.00,5.21,0.00,0.00,0.00,44.79
20:23:48,6,43.16,0.00,12.63,0.00,0.00,3.16,0.00,0.00,0.00,41.05
20:23:48,7,43.75,0.00,12.50,0.00,0.00,4.17,0.00,0.00,0.00,39.58
20:23:48,8,43.88,0.00,12.24,0.00,0.00,3.06,0.00,0.00,0.00,40.82
20:23:48,9,43.62,0.00,10.64,0.00,0.00,4.26,0.00,0.00,0.00,41.49
20:23:48,10,45.36,0.00,11.34,0.00,0.00,5.15,0.00,0.00,0.00,38.14
20:23:48,11,45.74,0.00,12.77,0.00,0.00,2.13,0.00,0.00,0.00,39.36
20:23:49,all,42.09,0.00,16.35,0.00,0.00,4.74,0.00,0.00,0.00,36.82
20:23:49,0,42.70,0.00,21.35,0.00,0.00,4.49,0.00,0.00,0.00,31.46
20:23:49,1,42.55,0.00,21.28,0.00,0.00,6.38,0.00,0.00,0.00,29.79
20:23:49,2,40.00,0.00,21.11,0.00,0.00,7.78,0.00,0.00,0.00,31.11
20:23:49,3,39.78,0.00,22.58,0.00,0.00,6.45,0.00,0.00,0.00,31.18
20:23:49,4,41.30,0.00,23.91,0.00,0.00,5.43,0.00,0.00,0.00,29.35
20:23:49,5,39.18,0.00,14.43,0.00,0.00,3.09,0.00,0.00,0.00,43.30
20:23:49,6,40.21,0.00,12.37,0.00,0.00,5.15,0.00,0.00,0.00,42.27
20:23:49,7,41.67,0.00,13.54,0.00,0.00,4.17,0.00,0.00,0.00,40.62
20:23:49,8,39.78,0.00,12.90,0.00,0.00,3.23,0.00,0.00,0.00,44.09
20:23:49,9,45.74,0.00,10.64,0.00,0.00,4.26,0.00,0.00,0.00,39.36
20:23:49,10,46.67,0.00,10.00,0.00,0.00,2.22,0.00,0.00,0.00,41.11
20:23:49,11,45.74,0.00,12.77,0.00,0.00,4.26,0.00,0.00,0.00,37.23
